"book","chapter","verse","part of speech","parsing code","text (including punctuation)","word (with punctuation stripped)","normalized word","lemma"
"41","01","01","N","NSF","Ἀρχὴ","Ἀρχὴ","ἀρχή","ἀρχή"
"41","01","01","RA","GSN","τοῦ","τοῦ","τοῦ","ὁ"
"41","01","01","N","GSN","εὐαγγελίου","εὐαγγελίου","εὐαγγελίου","εὐαγγέλιον"
"41","01","01","N","GSM","Ἰησοῦ","Ἰησοῦ","Ἰησοῦ","Ἰησοῦς"
"41","01","01","N","GSM","⸀χριστοῦ.","χριστοῦ","Χριστοῦ","Χριστός"
"41","01","02","C","","⸀Καθὼς","Καθὼς","καθώς","καθώς"
"41","01","02","V","3XPI-S","γέγραπται","γέγραπται","γέγραπται","γράφω"
"41","01","02","P","","ἐν","ἐν","ἐν","ἐν"
"41","01","02","RA","DSM","⸂τῷ","τῷ","τῷ","ὁ"
"41","01","02","N","DSM","Ἠσαΐᾳ","Ἠσαΐᾳ","Ἠσαΐᾳ","Ἠσαΐας"
"41","01","02","RA","DSM","τῷ","τῷ","τῷ","ὁ"
"41","01","02","N","DSM","προφήτῃ⸃·","προφήτῃ","προφήτῃ","προφήτης"
"41","01","02","X","","⸀Ἰδοὺ","Ἰδοὺ","ἰδού","ἰδού"
"41","01","02","V","1PAI-S","ἀποστέλλω","ἀποστέλλω","ἀποστέλλω","ἀποστέλλω"
"41","01","02","RA","ASM","τὸν","τὸν","τόν","ὁ"
"41","01","02","N","ASM","ἄγγελόν","ἄγγελόν","ἄγγελον","ἄγγελος"
"41","01","02","RP","GS","μου","μου","μου","ἐγώ"
"41","01","02","P","","πρὸ","πρὸ","πρό","πρό"
"41","01","02","N","GSN","προσώπου","προσώπου","προσώπου","πρόσωπον"
"41","01","02","RP","GS","σου,","σου","σου","σύ"
"41","01","02","RR","NSM","ὃς","ὃς","ὅς","ὅς"
"41","01","02","V","3FAI-S","κατασκευάσει","κατασκευάσει","κατασκευάσει","κατασκευάζω"
"41","01","02","RA","ASF","τὴν","τὴν","τήν","ὁ"
"41","01","02","N","ASF","ὁδόν","ὁδόν","ὁδόν","ὁδός"
"41","01","02","RP","GS","⸀σου·","σου","σου","σύ"
"41","01","03","N","NSF","φωνὴ","φωνὴ","φωνή","φωνή"
"41","01","03","V","PAPGSM","βοῶντος","βοῶντος","βοῶντος","βοάω"
"41","01","03","P","","ἐν","ἐν","ἐν","ἐν"
"41","01","03","RA","DSF","τῇ","τῇ","τῇ","ὁ"
"41","01","03","A","DSF","ἐρήμῳ·","ἐρήμῳ","ἐρήμῳ","ἔρημος"
"41","01","03","V","2AAD-P","Ἑτοιμάσατε","Ἑτοιμάσατε","ἑτοιμάσατε","ἑτοιμάζω"
"41","01","03","RA","ASF","τὴν","τὴν","τήν","ὁ"
"41","01","03","N","ASF","ὁδὸν","ὁδὸν","ὁδόν","ὁδός"
"41","01","03","N","GSM","κυρίου,","κυρίου","κυρίου","κύριος"
"41","01","03","A","APF","εὐθείας","εὐθείας","εὐθείας","εὐθύς"
"41","01","03","V","2PAD-P","ποιεῖτε","ποιεῖτε","ποιεῖτε","ποιέω"
"41","01","03","RA","APF","τὰς","τὰς","τάς","ὁ"
"41","01","03","N","APF","τρίβους","τρίβους","τρίβους","τρίβος"
"41","01","03","RP","GSM","αὐτοῦ,","αὐτοῦ","αὐτοῦ","αὐτός"
"41","01","04","V","3AMI-S","ἐγένετο","ἐγένετο","ἐγένετο","γίνομαι"
"41","01","04","N","NSM","Ἰωάννης","Ἰωάννης","Ἰωάννης","Ἰωάννης"
"41","01","04","RA","NSM","⸀ὁ","ὁ","ὁ","ὁ"
"41","01","04","V","PAPNSM","βαπτίζων","βαπτίζων","βαπτίζων","βαπτίζω"
"41","01","04","P","","ἐν","ἐν","ἐν","ἐν"
"41","01","04","RA","DSF","τῇ","τῇ","τῇ","ὁ"
"41","01","04","A","DSF","⸀ἐρήμῳ","ἐρήμῳ","ἐρήμῳ","ἔρημος"
"41","01","04","V","PAPNSM","κηρύσσων","κηρύσσων","κηρύσσων","κηρύσσω"
"41","01","04","N","ASN","βάπτισμα","βάπτισμα","βάπτισμα","βάπτισμα"
"41","01","04","N","GSF","μετανοίας","μετανοίας","μετανοίας","μετάνοια"
"41","01","04","P","","εἰς","εἰς","εἰς","εἰς"
"41","01","04","N","ASF","ἄφεσιν","ἄφεσιν","ἄφεσιν","ἄφεσις"
"41","01","04","N","GPF","ἁμαρτιῶν.","ἁμαρτιῶν","ἁμαρτιῶν","ἁμαρτία"
"41","01","05","C","","καὶ","καὶ","καί","καί"
"41","01","05","V","3IMI-S","ἐξεπορεύετο","ἐξεπορεύετο","ἐξεπορεύετο","ἐκπορεύομαι"
"41","01","05","P","","πρὸς","πρὸς","πρός","πρός"
"41","01","05","RP","ASM","αὐτὸν","αὐτὸν","αὐτόν","αὐτός"
"41","01","05","A","NSF","πᾶσα","πᾶσα","πᾶσα","πᾶς"
"41","01","05","RA","NSF","ἡ","ἡ","ἡ","ὁ"
"41","01","05","A","NSF","Ἰουδαία","Ἰουδαία","Ἰουδαία","Ἰουδαία"
"41","01","05","N","NSF","χώρα","χώρα","χώρα","χώρα"
"41","01","05","C","","καὶ","καὶ","καί","καί"
"41","01","05","RA","NPM","οἱ","οἱ","οἱ","ὁ"
"41","01","05","N","NPM","Ἱεροσολυμῖται","Ἱεροσολυμῖται","Ἱεροσολυμῖται","Ἱεροσολυμίτης"
"41","01","05","A","NPM","⸂πάντες,","πάντες","πάντες","πᾶς"
"41","01","05","C","","καὶ","καὶ","καί","καί"
"41","01","05","V","3IPI-P","ἐβαπτίζοντο⸃","ἐβαπτίζοντο","ἐβαπτίζοντο","βαπτίζω"
"41","01","05","P","","⸂ὑπ’","ὑπ’","ὑπό","ὑπό"
"41","01","05","RP","GSM","αὐτοῦ","αὐτοῦ","αὐτοῦ","αὐτός"
"41","01","05","P","","ἐν","ἐν","ἐν","ἐν"
"41","01","05","RA","DSM","τῷ","τῷ","τῷ","ὁ"
"41","01","05","N","DSM","Ἰορδάνῃ","Ἰορδάνῃ","Ἰορδάνῃ","Ἰορδάνης"
"41","01","05","N","DSM","ποταμῷ⸃","ποταμῷ","ποταμῷ","ποταμός"
"41","01","05","V","PMPNPM","ἐξομολογούμενοι","ἐξομολογούμενοι","ἐξομολογούμενοι","ἐξομολογέω"
"41","01","05","RA","APF","τὰς","τὰς","τάς","ὁ"
"41","01","05","N","APF","ἁμαρτίας","ἁμαρτίας","ἁμαρτίας","ἁμαρτία"
"41","01","05","RP","GPM","αὐτῶν.","αὐτῶν","αὐτῶν","αὐτός"
"41","01","06","C","","⸂καὶ","καὶ","καί","καί"
"41","01","06","V","3IAI-S","ἦν⸃","ἦν","ἦν","εἰμί"
"41","01","06","RA","NSM","ὁ","ὁ","ὁ","ὁ"
"41","01","06","N","NSM","Ἰωάννης","Ἰωάννης","Ἰωάννης","Ἰωάννης"
"41","01","06","V","XMPNSM","ἐνδεδυμένος","ἐνδεδυμένος","ἐνδεδυμένος","ἐνδύω"
"41","01","06","N","APF","τρίχας","τρίχας","τρίχας","θρίξ"
"41","01","06","N","GSF","καμήλου","καμήλου","καμήλου","κάμηλος"
"41","01","06","C","","καὶ","καὶ","καί","καί"
"41","01","06","N","ASF","ζώνην","ζώνην","ζώνην","ζώνη"
"41","01","06","A","ASF","δερματίνην","δερματίνην","δερματίνην","δερμάτινος"
"41","01","06","P","","περὶ","περὶ","περί","περί"
"41","01","06","RA","ASF","τὴν","τὴν","τήν","ὁ"
"41","01","06","N","ASF","ὀσφὺν","ὀσφὺν","ὀσφύν","ὀσφύς"
"41","01","06","RP","GSM","αὐτοῦ,","αὐτοῦ","αὐτοῦ","αὐτός"
"41","01","06","C","","καὶ","καὶ","καί","καί"
"41","01","06","V","PAPNSM","ἔσθων","ἔσθων","ἔσθων","ἔσθω"
"41","01","06","N","APF","ἀκρίδας","ἀκρίδας","ἀκρίδας","ἀκρίς"
"41","01","06","C","","καὶ","καὶ","καί","καί"
"41","01","06","N","ASN","μέλι","μέλι","μέλι","μέλι"
"41","01","06","A","ASN","ἄγριον.","ἄγριον","ἄγριον","ἄγριος"
"41","01","07","C","","καὶ","καὶ","καί","καί"
"41","01","07","V","3IAI-S","ἐκήρυσσεν","ἐκήρυσσεν","ἐκήρυσσε(ν)","κηρύσσω"
"41","01","07","V","PAPNSM","λέγων·","λέγων","λέγων","λέγω"
"41","01","07","V","3PMI-S","Ἔρχεται","Ἔρχεται","ἔρχεται","ἔρχομαι"
"41","01","07","RA","NSM","ὁ","ὁ","ὁ","ὁ"
"41","01","07","A","NSMC","ἰσχυρότερός","ἰσχυρότερός","ἰσχυρότερος","ἰσχυρός"
"41","01","07","RP","GS","μου","μου","μου","ἐγώ"
"41","01","07","P","","ὀπίσω","ὀπίσω","ὀπίσω","ὀπίσω"
"41","01","07","RP","GS","μου,","μου","μου","ἐγώ"
"41","01","07","RR","GSM","οὗ","οὗ","οὗ","ὅς"
"41","01","07","D","","οὐκ","οὐκ","οὐ","οὐ"
"41","01","07","V","1PAI-S","εἰμὶ","εἰμὶ","εἰμί","εἰμί"
"41","01","07","A","NSM","ἱκανὸς","ἱκανὸς","ἱκανός","ἱκανός"
"41","01","07","V","AAPNSM","κύψας","κύψας","κύψας","κύπτω"
"41","01","07","V","AAN","λῦσαι","λῦσαι","λῦσαι","λύω"
"41","01","07","RA","ASM","τὸν","τὸν","τόν","ὁ"
"41","01","07","N","ASM","ἱμάντα","ἱμάντα","ἱμάντα","ἱμάς"
"41","01","07","RA","GPN","τῶν","τῶν","τῶν","ὁ"
"41","01","07","N","GPN","ὑποδημάτων","ὑποδημάτων","ὑποδημάτων","ὑπόδημα"
"41","01","07","RP","GSM","αὐτοῦ·","αὐτοῦ","αὐτοῦ","αὐτός"
"41","01","08","RP","NS","⸀ἐγὼ","ἐγὼ","ἐγώ","ἐγώ"
"41","01","08","V","1AAI-S","ἐβάπτισα","ἐβάπτισα","ἐβάπτισα","βαπτίζω"
"41","01","08","RP","AP","⸀ὑμᾶς","ὑμᾶς","ὑμᾶς","σύ"
"41","01","08","N","DSN","ὕδατι,","ὕδατι","ὕδατι","ὕδωρ"
"41","01","08","RP","NSM","αὐτὸς","αὐτὸς","αὐτός","αὐτός"
"41","01","08","C","","δὲ","δὲ","δέ","δέ"
"41","01","08","V","3FAI-S","βαπτίσει","βαπτίσει","βαπτίσει","βαπτίζω"
"41","01","08","RP","AP","ὑμᾶς","ὑμᾶς","ὑμᾶς","σύ"
"41","01","08","P","","⸀ἐν","ἐν","ἐν","ἐν"
"41","01","08","N","DSN","πνεύματι","πνεύματι","πνεύματι","πνεῦμα"
"41","01","08","A","DSN","ἁγίῳ.","ἁγίῳ","ἁγίῳ","ἅγιος"
"41","01","09","C","","Καὶ","Καὶ","καί","καί"
"41","01","09","V","3AMI-S","ἐγένετο","ἐγένετο","ἐγένετο","γίνομαι"
"41","01","09","P","","ἐν","ἐν","ἐν","ἐν"
"41","01","09","RD","DPF","ἐκείναις","ἐκείναις","ἐκείναις","ἐκεῖνος"
"41","01","09","RA","DPF","ταῖς","ταῖς","ταῖς","ὁ"
"41","01","09","N","DPF","ἡμέραις","ἡμέραις","ἡμέραις","ἡμέρα"
"41","01","09","V","3AAI-S","ἦλθεν","ἦλθεν","ἦλθε(ν)","ἔρχομαι"
"41","01","09","N","NSM","Ἰησοῦς","Ἰησοῦς","Ἰησοῦς","Ἰησοῦς"
"41","01","09","P","","ἀπὸ","ἀπὸ","ἀπό","ἀπό"
"41","01","09","N","GSF","Ναζαρὲτ","Ναζαρὲτ","Ναζαρέτ","Ναζαρέτ"
"41","01","09","RA","GSF","τῆς","τῆς","τῆς","ὁ"
"41","01","09","N","GSF","Γαλιλαίας","Γαλιλαίας","Γαλιλαίας","Γαλιλαία"
"41","01","09","C","","καὶ","καὶ","καί","καί"
"41","01","09","V","3API-S","ἐβαπτίσθη","ἐβαπτίσθη","ἐβαπτίσθη","βαπτίζω"
"41","01","09","P","","⸂εἰς","εἰς","εἰς","εἰς"
"41","01","09","RA","ASM","τὸν","τὸν","τόν","ὁ"
"41","01","09","N","ASM","Ἰορδάνην","Ἰορδάνην","Ἰορδάνην","Ἰορδάνης"
"41","01","09","P","","ὑπὸ","ὑπὸ","ὑπό","ὑπό"
"41","01","09","N","GSM","Ἰωάννου⸃.","Ἰωάννου","Ἰωάννου","Ἰωάννης"
"41","01","10","C","","καὶ","καὶ","καί","καί"
"41","01","10","A","NSM","⸀εὐθὺς","εὐθὺς","εὐθύς","εὐθύς"
"41","01","10","V","PAPNSM","ἀναβαίνων","ἀναβαίνων","ἀναβαίνων","ἀναβαίνω"
"41","01","10","P","","⸀ἐκ","ἐκ","ἐκ","ἐκ"
"41","01","10","RA","GSN","τοῦ","τοῦ","τοῦ","ὁ"
"41","01","10","N","GSN","ὕδατος","ὕδατος","ὕδατος","ὕδωρ"
"41","01","10","V","3AAI-S","εἶδεν","εἶδεν","εἶδε(ν)","ὁράω"
"41","01","10","V","PPPAPM","σχιζομένους","σχιζομένους","σχιζομένους","σχίζω"
"41","01","10","RA","APM","τοὺς","τοὺς","τούς","ὁ"
"41","01","10","N","APM","οὐρανοὺς","οὐρανοὺς","οὐρανούς","οὐρανός"
"41","01","10","C","","καὶ","καὶ","καί","καί"
"41","01","10","RA","ASN","τὸ","τὸ","τό","ὁ"
"41","01","10","N","ASN","πνεῦμα","πνεῦμα","πνεῦμα","πνεῦμα"
"41","01","10","C","","⸀ὡς","ὡς","ὡς","ὡς"
"41","01","10","N","ASF","περιστερὰν","περιστερὰν","περιστεράν","περιστερά"
"41","01","10","V","PAPASN","καταβαῖνον","καταβαῖνον","καταβαῖνον","καταβαίνω"
"41","01","10","P","","⸀εἰς","εἰς","εἰς","εἰς"
"41","01","10","RP","ASM","αὐτόν·","αὐτόν","αὐτόν","αὐτός"
"41","01","11","C","","καὶ","καὶ","καί","καί"
"41","01","11","N","NSF","φωνὴ","φωνὴ","φωνή","φωνή"
"41","01","11","V","3AMI-S","ἐγένετο","ἐγένετο","ἐγένετο","γίνομαι"
"41","01","11","P","","ἐκ","ἐκ","ἐκ","ἐκ"
"41","01","11","RA","GPM","τῶν","τῶν","τῶν","ὁ"
"41","01","11","N","GPM","οὐρανῶν·","οὐρανῶν","οὐρανῶν","οὐρανός"
"41","01","11","RP","NS","Σὺ","Σὺ","σύ","σύ"
"41","01","11","V","2PAI-S","εἶ","εἶ","εἶ","εἰμί"
"41","01","11","RA","NSM","ὁ","ὁ","ὁ","ὁ"
"41","01","11","N","NSM","υἱός","υἱός","υἱός","υἱός"
"41","01","11","RP","GS","μου","μου","μου","ἐγώ"
"41","01","11","RA","NSM","ὁ","ὁ","ὁ","ὁ"
"41","01","11","A","NSM","ἀγαπητός,","ἀγαπητός","ἀγαπητός","ἀγαπητός"
"41","01","11","P","","ἐν","ἐν","ἐν","ἐν"
"41","01","11","RP","DS","⸀σοὶ","σοὶ","σοί","σύ"
"41","01","11","V","1AAI-S","εὐδόκησα.","εὐδόκησα","εὐδόκησα","εὐδοκέω"
"41","01","12","C","","Καὶ","Καὶ","καί","καί"
"41","01","12","A","NSM","εὐθὺς","εὐθὺς","εὐθύς","εὐθύς"
"41","01","12","RA","NSN","τὸ","τὸ","τό","ὁ"
"41","01","12","N","NSN","πνεῦμα","πνεῦμα","πνεῦμα","πνεῦμα"
"41","01","12","RP","ASM","αὐτὸν","αὐτὸν","αὐτόν","αὐτός"
"41","01","12","V","3PAI-S","ἐκβάλλει","ἐκβάλλει","ἐκβάλλει","ἐκβάλλω"
"41","01","12","P","","εἰς","εἰς","εἰς","εἰς"
"41","01","12","RA","ASF","τὴν","τὴν","τήν","ὁ"
"41","01","12","A","ASF","ἔρημον.","ἔρημον","ἔρημον","ἔρημος"
"41","01","13","C","","καὶ","καὶ","καί","καί"
"41","01","13","V","3IAI-S","⸀ἦν","ἦν","ἦν","εἰμί"
"41","01","13","P","","ἐν","ἐν","ἐν","ἐν"
"41","01","13","RA","DSF","τῇ","τῇ","τῇ","ὁ"
"41","01","13","A","DSF","ἐρήμῳ","ἐρήμῳ","ἐρήμῳ","ἔρημος"
"41","01","13","A","APF","⸂τεσσεράκοντα","τεσσεράκοντα","τεσσεράκοντα","τεσσεράκοντα"
"41","01","13","N","APF","ἡμέρας⸃","ἡμέρας","ἡμέρας","ἡμέρα"
"41","01","13","V","PPPNSM","πειραζόμενος","πειραζόμενος","πειραζόμενος","πειράζω"
"41","01","13","P","","ὑπὸ","ὑπὸ","ὑπό","ὑπό"
"41","01","13","RA","GSM","τοῦ","τοῦ","τοῦ","ὁ"
"41","01","13","N","GSM","Σατανᾶ,","Σατανᾶ","Σατανᾶ","Σατανᾶς"
"41","01","13","C","","καὶ","καὶ","καί","καί"
"41","01","13","V","3IAI-S","ἦν","ἦν","ἦν","εἰμί"
"41","01","13","P","","μετὰ","μετὰ","μετά","μετά"
"41","01","13","RA","GPN","τῶν","τῶν","τῶν","ὁ"
"41","01","13","N","GPN","θηρίων,","θηρίων","θηρίων","θηρίον"
"41","01","13","C","","καὶ","καὶ","καί","καί"
"41","01","13","RA","NPM","οἱ","οἱ","οἱ","ὁ"
"41","01","13","N","NPM","ἄγγελοι","ἄγγελοι","ἄγγελοι","ἄγγελος"
"41","01","13","V","3IAI-P","διηκόνουν","διηκόνουν","διηκόνουν","διακονέω"
"41","01","13","RP","DSM","αὐτῷ.","αὐτῷ","αὐτῷ","αὐτός"
"41","01","14","C","","⸂Καὶ","Καὶ","καί","καί"
"41","01","14","P","","μετὰ⸃","μετὰ","μετά","μετά"
"41","01","14","RA","ASN","τὸ","τὸ","τό","ὁ"
"41","01","14","V","APN","παραδοθῆναι","παραδοθῆναι","παραδοθῆναι","παραδίδωμι"
"41","01","14","RA","ASM","τὸν","τὸν","τόν","ὁ"
"41","01","14","N","ASM","Ἰωάννην","Ἰωάννην","Ἰωάννην","Ἰωάννης"
"41","01","14","V","3AAI-S","ἦλθεν","ἦλθεν","ἦλθε(ν)","ἔρχομαι"
"41","01","14","RA","NSM","ὁ","ὁ","ὁ","ὁ"
"41","01","14","N","NSM","Ἰησοῦς","Ἰησοῦς","Ἰησοῦς","Ἰησοῦς"
"41","01","14","P","","εἰς","εἰς","εἰς","εἰς"
"41","01","14","RA","ASF","τὴν","τὴν","τήν","ὁ"
"41","01","14","N","ASF","Γαλιλαίαν","Γαλιλαίαν","Γαλιλαίαν","Γαλιλαία"
"41","01","14","V","PAPNSM","κηρύσσων","κηρύσσων","κηρύσσων","κηρύσσω"
"41","01","14","RA","ASN","τὸ","τὸ","τό","ὁ"
"41","01","14","N","ASN","⸀εὐαγγέλιον","εὐαγγέλιον","εὐαγγέλιον","εὐαγγέλιον"
"41","01","14","RA","GSM","τοῦ","τοῦ","τοῦ","ὁ"
"41","01","14","N","GSM","θεοῦ","θεοῦ","θεοῦ","θεός"
"41","01","15","C","","καὶ","καὶ","καί","καί"
"41","01","15","V","PAPNSM","λέγων","λέγων","λέγων","λέγω"
"41","01","15","C","","ὅτι","ὅτι","ὅτι","ὅτι"
"41","01","15","V","3XPI-S","Πεπλήρωται","Πεπλήρωται","πεπλήρωται","πληρόω"
"41","01","15","RA","NSM","ὁ","ὁ","ὁ","ὁ"
"41","01","15","N","NSM","καιρὸς","καιρὸς","καιρός","καιρός"
"41","01","15","C","","καὶ","καὶ","καί","καί"
"41","01","15","V","3XAI-S","ἤγγικεν","ἤγγικεν","ἤγγικε(ν)","ἐγγίζω"
"41","01","15","RA","NSF","ἡ","ἡ","ἡ","ὁ"
"41","01","15","N","NSF","βασιλεία","βασιλεία","βασιλεία","βασιλεία"
"41","01","15","RA","GSM","τοῦ","τοῦ","τοῦ","ὁ"
"41","01","15","N","GSM","θεοῦ·","θεοῦ","θεοῦ","θεός"
"41","01","15","V","2PAD-P","μετανοεῖτε","μετανοεῖτε","μετανοεῖτε","μετανοέω"
"41","01","15","C","","καὶ","καὶ","καί","καί"
"41","01","15","V","2PAD-P","πιστεύετε","πιστεύετε","πιστεύετε","πιστεύω"
"41","01","15","P","","ἐν","ἐν","ἐν","ἐν"
"41","01","15","RA","DSN","τῷ","τῷ","τῷ","ὁ"
"41","01","15","N","DSN","εὐαγγελίῳ.","εὐαγγελίῳ","εὐαγγελίῳ","εὐαγγέλιον"
"41","01","16","C","","⸂Καὶ","Καὶ","καί","καί"
"41","01","16","V","PAPNSM","παράγων⸃","παράγων","παράγων","παράγω"
"41","01","16","P","","παρὰ","παρὰ","παρά","παρά"
"41","01","16","RA","ASF","τὴν","τὴν","τήν","ὁ"
"41","01","16","N","ASF","θάλασσαν","θάλασσαν","θάλασσαν","θάλασσα"
"41","01","16","RA","GSF","τῆς","τῆς","τῆς","ὁ"
"41","01","16","N","GSF","Γαλιλαίας","Γαλιλαίας","Γαλιλαίας","Γαλιλαία"
"41","01","16","V","3AAI-S","εἶδεν","εἶδεν","εἶδε(ν)","ὁράω"
"41","01","16","N","ASM","Σίμωνα","Σίμωνα","Σίμωνα","Σίμων"
"41","01","16","C","","καὶ","καὶ","καί","καί"
"41","01","16","N","ASM","Ἀνδρέαν","Ἀνδρέαν","Ἀνδρέαν","Ἀνδρέας"
"41","01","16","RA","ASM","τὸν","τὸν","τόν","ὁ"
"41","01","16","N","ASM","⸀ἀδελφὸν","ἀδελφὸν","ἀδελφόν","ἀδελφός"
"41","01","16","N","GSM","Σίμωνος","Σίμωνος","Σίμωνος","Σίμων"
"41","01","16","V","PAPAPM","⸀ἀμφιβάλλοντας","ἀμφιβάλλοντας","ἀμφιβάλλοντας","ἀμφιβάλλω"
"41","01","16","P","","ἐν","ἐν","ἐν","ἐν"
"41","01","16","RA","DSF","τῇ","τῇ","τῇ","ὁ"
"41","01","16","N","DSF","θαλάσσῃ,","θαλάσσῃ","θαλάσσῃ","θάλασσα"
"41","01","16","V","3IAI-P","ἦσαν","ἦσαν","ἦσαν","εἰμί"
"41","01","16","C","","γὰρ","γὰρ","γάρ","γάρ"
"41","01","16","N","NPM","ἁλιεῖς·","ἁλιεῖς","ἁλιεῖς","ἁλιεύς"
"41","01","17","C","","καὶ","καὶ","καί","καί"
"41","01","17","V","3AAI-S","εἶπεν","εἶπεν","εἶπε(ν)","λέγω"
"41","01","17","RP","DPM","αὐτοῖς","αὐτοῖς","αὐτοῖς","αὐτός"
"41","01","17","RA","NSM","ὁ","ὁ","ὁ","ὁ"
"41","01","17","N","NSM","Ἰησοῦς·","Ἰησοῦς","Ἰησοῦς","Ἰησοῦς"
"41","01","17","D","","Δεῦτε","Δεῦτε","δεῦτε","δεῦτε"
"41","01","17","P","","ὀπίσω","ὀπίσω","ὀπίσω","ὀπίσω"
"41","01","17","RP","GS","μου,","μου","μου","ἐγώ"
"41","01","17","C","","καὶ","καὶ","καί","καί"
"41","01","17","V","1FAI-S","ποιήσω","ποιήσω","ποιήσω","ποιέω"
"41","01","17","RP","AP","ὑμᾶς","ὑμᾶς","ὑμᾶς","σύ"
"41","01","17","V","AMN","γενέσθαι","γενέσθαι","γενέσθαι","γίνομαι"
"41","01","17","N","APM","ἁλιεῖς","ἁλιεῖς","ἁλιεῖς","ἁλιεύς"
"41","01","17","N","GPM","ἀνθρώπων.","ἀνθρώπων","ἀνθρώπων","ἄνθρωπος"
"41","01","18","C","","καὶ","καὶ","καί","καί"
"41","01","18","A","NSM","⸀εὐθὺς","εὐθὺς","εὐθύς","εὐθύς"
"41","01","18","V","AAPNPM","ἀφέντες","ἀφέντες","ἀφέντες","ἀφίημι"
"41","01","18","RA","APN","τὰ","τὰ","τά","ὁ"
"41","01","18","N","APN","⸀δίκτυα","δίκτυα","δίκτυα","δίκτυον"
"41","01","18","V","3AAI-P","ἠκολούθησαν","ἠκολούθησαν","ἠκολούθησαν","ἀκολουθέω"
"41","01","18","RP","DSM","αὐτῷ.","αὐτῷ","αὐτῷ","αὐτός"
"41","01","19","C","","καὶ","καὶ","καί","καί"
"41","01","19","V","AAPNSM","⸀προβὰς","προβὰς","προβάς","προβαίνω"
"41","01","19","A","ASN","ὀλίγον","ὀλίγον","ὀλίγον","ὀλίγος"
"41","01","19","V","3AAI-S","εἶδεν","εἶδεν","εἶδε(ν)","ὁράω"
"41","01","19","N","ASM","Ἰάκωβον","Ἰάκωβον","Ἰάκωβον","Ἰάκωβος"
"41","01","19","RA","ASM","τὸν","τὸν","τόν","ὁ"
"41","01","19","RA","GSM","τοῦ","τοῦ","τοῦ","ὁ"
"41","01","19","N","GSM","Ζεβεδαίου","Ζεβεδαίου","Ζεβεδαίου","Ζεβεδαῖος"
"41","01","19","C","","καὶ","καὶ","καί","καί"
"41","01","19","N","ASM","Ἰωάννην","Ἰωάννην","Ἰωάννην","Ἰωάννης"
"41","01","19","RA","ASM","τὸν","τὸν","τόν","ὁ"
"41","01","19","N","ASM","ἀδελφὸν","ἀδελφὸν","ἀδελφόν","ἀδελφός"
"41","01","19","RP","GSM","αὐτοῦ,","αὐτοῦ","αὐτοῦ","αὐτός"
"41","01","19","D","","καὶ","καὶ","καί","καί"
"41","01","19","RP","APM","αὐτοὺς","αὐτοὺς","αὐτούς","αὐτός"
"41","01","19","P","","ἐν","ἐν","ἐν","ἐν"
"41","01","19","RA","DSN","τῷ","τῷ","τῷ","ὁ"
"41","01","19","N","DSN","πλοίῳ","πλοίῳ","πλοίῳ","πλοῖον"
"41","01","19","V","PAPAPM","καταρτίζοντας","καταρτίζοντας","καταρτίζοντας","καταρτίζω"
"41","01","19","RA","APN","τὰ","τὰ","τά","ὁ"
"41","01","19","N","APN","δίκτυα,","δίκτυα","δίκτυα","δίκτυον"
"41","01","20","C","","καὶ","καὶ","καί","καί"
"41","01","20","A","NSM","⸀εὐθὺς","εὐθὺς","εὐθύς","εὐθύς"
"41","01","20","V","3AAI-S","ἐκάλεσεν","ἐκάλεσεν","ἐκάλεσε(ν)","καλέω"
"41","01","20","RP","APM","αὐτούς.","αὐτούς","αὐτούς","αὐτός"
"41","01","20","C","","καὶ","καὶ","καί","καί"
"41","01","20","V","AAPNPM","ἀφέντες","ἀφέντες","ἀφέντες","ἀφίημι"
"41","01","20","RA","ASM","τὸν","τὸν","τόν","ὁ"
"41","01","20","N","ASM","πατέρα","πατέρα","πατέρα","πατήρ"
"41","01","20","RP","GPM","αὐτῶν","αὐτῶν","αὐτῶν","αὐτός"
"41","01","20","N","ASM","Ζεβεδαῖον","Ζεβεδαῖον","Ζεβεδαῖον","Ζεβεδαῖος"
"41","01","20","P","","ἐν","ἐν","ἐν","ἐν"
"41","01","20","RA","DSN","τῷ","τῷ","τῷ","ὁ"
"41","01","20","N","DSN","πλοίῳ","πλοίῳ","πλοίῳ","πλοῖον"
"41","01","20","P","","μετὰ","μετὰ","μετά","μετά"
"41","01","20","RA","GPM","τῶν","τῶν","τῶν","ὁ"
"41","01","20","A","GPM","μισθωτῶν","μισθωτῶν","μισθωτῶν","μισθωτός"
"41","01","20","V","3AAI-P","ἀπῆλθον","ἀπῆλθον","ἀπῆλθον","ἀπέρχομαι"
"41","01","20","P","","ὀπίσω","ὀπίσω","ὀπίσω","ὀπίσω"
"41","01","20","RP","GSM","αὐτοῦ.","αὐτοῦ","αὐτοῦ","αὐτός"
"41","01","21","C","","Καὶ","Καὶ","καί","καί"
"41","01","21","V","3PMI-P","εἰσπορεύονται","εἰσπορεύονται","εἰσπορεύονται","εἰσπορεύομαι"
"41","01","21","P","","εἰς","εἰς","εἰς","εἰς"
"41","01","21","N","ASF","Καφαρναούμ.","Καφαρναούμ","Καφαρναούμ","Καφαρναούμ"
"41","01","21","C","","καὶ","καὶ","καί","καί"
"41","01","21","A","NSM","⸀εὐθὺς","εὐθὺς","εὐθύς","εὐθύς"
"41","01","21","RA","DPN","τοῖς","τοῖς","τοῖς","ὁ"
"41","01","21","N","DPN","σάββασιν","σάββασιν","σάββασι(ν)","σάββατον"
"41","01","21","V","3IAI-S","⸂ἐδίδασκεν","ἐδίδασκεν","ἐδίδασκε(ν)","διδάσκω"
"41","01","21","P","","εἰς","εἰς","εἰς","εἰς"
"41","01","21","RA","ASF","τὴν","τὴν","τήν","ὁ"
"41","01","21","N","ASF","συναγωγήν⸃.","συναγωγήν","συναγωγήν","συναγωγή"
"41","01","22","C","","καὶ","καὶ","καί","καί"
"41","01","22","V","3IPI-P","ἐξεπλήσσοντο","ἐξεπλήσσοντο","ἐξεπλήσσοντο","ἐκπλήσσομαι"
"41","01","22","P","","ἐπὶ","ἐπὶ","ἐπί","ἐπί"
"41","01","22","RA","DSF","τῇ","τῇ","τῇ","ὁ"
"41","01","22","N","DSF","διδαχῇ","διδαχῇ","διδαχῇ","διδαχή"
"41","01","22","RP","GSM","αὐτοῦ,","αὐτοῦ","αὐτοῦ","αὐτός"
"41","01","22","V","3IAI-S","ἦν","ἦν","ἦν","εἰμί"
"41","01","22","C","","γὰρ","γὰρ","γάρ","γάρ"
"41","01","22","V","PAPNSM","διδάσκων","διδάσκων","διδάσκων","διδάσκω"
"41","01","22","RP","APM","αὐτοὺς","αὐτοὺς","αὐτούς","αὐτός"
"41","01","22","C","","ὡς","ὡς","ὡς","ὡς"
"41","01","22","N","ASF","ἐξουσίαν","ἐξουσίαν","ἐξουσίαν","ἐξουσία"
"41","01","22","V","PAPNSM","ἔχων","ἔχων","ἔχων","ἔχω"
"41","01","22","C","","καὶ","καὶ","καί","καί"
"41","01","22","D","","οὐχ","οὐχ","οὐ","οὐ"
"41","01","22","C","","ὡς","ὡς","ὡς","ὡς"
"41","01","22","RA","NPM","οἱ","οἱ","οἱ","ὁ"
"41","01","22","N","NPM","γραμματεῖς.","γραμματεῖς","γραμματεῖς","γραμματεύς"
"41","01","23","C","","καὶ","καὶ","καί","καί"
"41","01","23","A","NSM","⸀εὐθὺς","εὐθὺς","εὐθύς","εὐθύς"
"41","01","23","V","3IAI-S","ἦν","ἦν","ἦν","εἰμί"
"41","01","23","P","","ἐν","ἐν","ἐν","ἐν"
"41","01","23","RA","DSF","τῇ","τῇ","τῇ","ὁ"
"41","01","23","N","DSF","συναγωγῇ","συναγωγῇ","συναγωγῇ","συναγωγή"
"41","01","23","RP","GPM","αὐτῶν","αὐτῶν","αὐτῶν","αὐτός"
"41","01","23","N","NSM","ἄνθρωπος","ἄνθρωπος","ἄνθρωπος","ἄνθρωπος"
"41","01","23","P","","ἐν","ἐν","ἐν","ἐν"
"41","01","23","N","DSN","πνεύματι","πνεύματι","πνεύματι","πνεῦμα"
"41","01","23","A","DSN","ἀκαθάρτῳ","ἀκαθάρτῳ","ἀκαθάρτῳ","ἀκάθαρτος"
"41","01","23","C","","καὶ","καὶ","καί","καί"
"41","01","23","V","3AAI-S","ἀνέκραξεν","ἀνέκραξεν","ἀνέκραξε(ν)","ἀνακράζω"
"41","01","24","V","PAPNSM","λέγων·","λέγων","λέγων","λέγω"
"41","01","24","RI","NSN","⸀Τί","Τί","τί","τίς"
"41","01","24","RP","DP","ἡμῖν","ἡμῖν","ἡμῖν","ἐγώ"
"41","01","24","C","","καὶ","καὶ","καί","καί"
"41","01","24","RP","DS","σοί,","σοί","σοί","σύ"
"41","01","24","N","VSM","Ἰησοῦ","Ἰησοῦ","Ἰησοῦ","Ἰησοῦς"
"41","01","24","A","VSM","Ναζαρηνέ;","Ναζαρηνέ","Ναζαρηνέ","Ναζαρηνός"
"41","01","24","V","2AAI-S","ἦλθες","ἦλθες","ἦλθες","ἔρχομαι"
"41","01","24","V","AAN","ἀπολέσαι","ἀπολέσαι","ἀπολέσαι","ἀπόλλυμι"
"41","01","24","RP","AP","ἡμᾶς;","ἡμᾶς","ἡμᾶς","ἐγώ"
"41","01","24","V","1XAI-S","οἶδά","οἶδά","οἶδα","οἶδα"
"41","01","24","RP","AS","σε","σε","σε","σύ"
"41","01","24","RI","NSM","τίς","τίς","τίς","τίς"
"41","01","24","V","2PAI-S","εἶ,","εἶ","εἶ","εἰμί"
"41","01","24","RA","NSM","ὁ","ὁ","ὁ","ὁ"
"41","01","24","A","NSM","ἅγιος","ἅγιος","ἅγιος","ἅγιος"
"41","01","24","RA","GSM","τοῦ","τοῦ","τοῦ","ὁ"
"41","01","24","N","GSM","θεοῦ.","θεοῦ","θεοῦ","θεός"
"41","01","25","C","","καὶ","καὶ","καί","καί"
"41","01","25","V","3AAI-S","ἐπετίμησεν","ἐπετίμησεν","ἐπετίμησε(ν)","ἐπιτιμάω"
"41","01","25","RP","DSM","αὐτῷ","αὐτῷ","αὐτῷ","αὐτός"
"41","01","25","RA","NSM","ὁ","ὁ","ὁ","ὁ"
"41","01","25","N","NSM","Ἰησοῦς","Ἰησοῦς","Ἰησοῦς","Ἰησοῦς"
"41","01","25","V","PAPNSM","λέγων·","λέγων","λέγων","λέγω"
"41","01","25","V","2APD-S","Φιμώθητι","Φιμώθητι","φιμώθητι","φιμόω"
"41","01","25","C","","καὶ","καὶ","καί","καί"
"41","01","25","V","2AAD-S","ἔξελθε","ἔξελθε","ἔξελθε","ἐξέρχομαι"
"41","01","25","P","","ἐξ","ἐξ","ἐκ","ἐκ"
"41","01","25","RP","GSM","αὐτοῦ.","αὐτοῦ","αὐτοῦ","αὐτός"
"41","01","26","C","","καὶ","καὶ","καί","καί"
"41","01","26","V","AAPNSN","σπαράξαν","σπαράξαν","σπαράξαν","σπαράσσω"
"41","01","26","RP","ASM","αὐτὸν","αὐτὸν","αὐτόν","αὐτός"
"41","01","26","RA","NSN","τὸ","τὸ","τό","ὁ"
"41","01","26","N","NSN","πνεῦμα","πνεῦμα","πνεῦμα","πνεῦμα"
"41","01","26","RA","NSN","τὸ","τὸ","τό","ὁ"
"41","01","26","A","NSN","ἀκάθαρτον","ἀκάθαρτον","ἀκάθαρτον","ἀκάθαρτος"
"41","01","26","C","","καὶ","καὶ","καί","καί"
"41","01","26","V","AAPNSN","⸀φωνῆσαν","φωνῆσαν","φωνῆσαν","φωνέω"
"41","01","26","N","DSF","φωνῇ","φωνῇ","φωνῇ","φωνή"
"41","01","26","A","DSF","μεγάλῃ","μεγάλῃ","μεγάλῃ","μέγας"
"41","01","26","V","3AAI-S","ἐξῆλθεν","ἐξῆλθεν","ἐξῆλθε(ν)","ἐξέρχομαι"
"41","01","26","P","","ἐξ","ἐξ","ἐκ","ἐκ"
"41","01","26","RP","GSM","αὐτοῦ.","αὐτοῦ","αὐτοῦ","αὐτός"
"41","01","27","C","","καὶ","καὶ","καί","καί"
"41","01","27","V","3API-P","ἐθαμβήθησαν","ἐθαμβήθησαν","ἐθαμβήθησαν","θαμβέομαι"
"41","01","27","A","NPM","⸀ἅπαντες,","ἅπαντες","ἅπαντες","ἅπας"
"41","01","27","C","","ὥστε","ὥστε","ὥστε","ὥστε"
"41","01","27","V","PAN","συζητεῖν","συζητεῖν","συζητεῖν","συζητέω"
"41","01","27","P","","⸂πρὸς","πρὸς","πρός","πρός"
"41","01","27","RP","APM","ἑαυτοὺς⸃","ἑαυτοὺς","ἑαυτούς","ἑαυτοῦ"
"41","01","27","V","PAPAPM","λέγοντας·","λέγοντας","λέγοντας","λέγω"
"41","01","27","RI","NSN","Τί","Τί","τί","τίς"
"41","01","27","V","3PAI-S","ἐστιν","ἐστιν","ἐστί(ν)","εἰμί"
"41","01","27","RD","NSN","τοῦτο;","τοῦτο","τοῦτο","οὗτος"
"41","01","27","N","NSF","⸂διδαχὴ","διδαχὴ","διδαχή","διδαχή"
"41","01","27","A","NSF","καινή⸃·","καινή","καινή","καινός"
"41","01","27","P","","κατ’","κατ’","κατά","κατά"
"41","01","27","N","ASF","ἐξουσίαν","ἐξουσίαν","ἐξουσίαν","ἐξουσία"
"41","01","27","D","","καὶ","καὶ","καί","καί"
"41","01","27","RA","DPN","τοῖς","τοῖς","τοῖς","ὁ"
"41","01","27","N","DPN","πνεύμασι","πνεύμασι","πνεύμασι(ν)","πνεῦμα"
"41","01","27","RA","DPN","τοῖς","τοῖς","τοῖς","ὁ"
"41","01","27","A","DPN","ἀκαθάρτοις","ἀκαθάρτοις","ἀκαθάρτοις","ἀκάθαρτος"
"41","01","27","V","3PAI-S","ἐπιτάσσει,","ἐπιτάσσει","ἐπιτάσσει","ἐπιτάσσω"
"41","01","27","C","","καὶ","καὶ","καί","καί"
"41","01","27","V","3PAI-P","ὑπακούουσιν","ὑπακούουσιν","ὑπακούουσι(ν)","ὑπακούω"
"41","01","27","RP","DSM","αὐτῷ.","αὐτῷ","αὐτῷ","αὐτός"
"41","01","28","C","","⸂καὶ","καὶ","καί","καί"
"41","01","28","V","3AAI-S","ἐξῆλθεν⸃","ἐξῆλθεν","ἐξῆλθε(ν)","ἐξέρχομαι"
"41","01","28","RA","NSF","ἡ","ἡ","ἡ","ὁ"
"41","01","28","N","NSF","ἀκοὴ","ἀκοὴ","ἀκοή","ἀκοή"
"41","01","28","RP","GSM","αὐτοῦ","αὐτοῦ","αὐτοῦ","αὐτός"
"41","01","28","A","NSM","εὐθὺς","εὐθὺς","εὐθύς","εὐθύς"
"41","01","28","D","","⸀πανταχοῦ","πανταχοῦ","πανταχοῦ","πανταχοῦ"
"41","01","28","P","","εἰς","εἰς","εἰς","εἰς"
"41","01","28","A","ASF","ὅλην","ὅλην","ὅλην","ὅλος"
"41","01","28","RA","ASF","τὴν","τὴν","τήν","ὁ"
"41","01","28","A","ASF","περίχωρον","περίχωρον","περίχωρον","περίχωρος"
"41","01","28","RA","GSF","τῆς","τῆς","τῆς","ὁ"
"41","01","28","N","GSF","Γαλιλαίας.","Γαλιλαίας","Γαλιλαίας","Γαλιλαία"
"41","01","29","C","","Καὶ","Καὶ","καί","καί"
"41","01","29","A","NSM","⸀εὐθὺς","εὐθὺς","εὐθύς","εὐθύς"
"41","01","29","P","","ἐκ","ἐκ","ἐκ","ἐκ"
"41","01","29","RA","GSF","τῆς","τῆς","τῆς","ὁ"
"41","01","29","N","GSF","συναγωγῆς","συναγωγῆς","συναγωγῆς","συναγωγή"
"41","01","29","V","AAPNPM","⸂ἐξελθόντες","ἐξελθόντες","ἐξελθόντες","ἐξέρχομαι"
"41","01","29","V","3AAI-P","ἦλθον⸃","ἦλθον","ἦλθον","ἔρχομαι"
"41","01","29","P","","εἰς","εἰς","εἰς","εἰς"
"41","01","29","RA","ASF","τὴν","τὴν","τήν","ὁ"
"41","01","29","N","ASF","οἰκίαν","οἰκίαν","οἰκίαν","οἰκία"
"41","01","29","N","GSM","Σίμωνος","Σίμωνος","Σίμωνος","Σίμων"
"41","01","29","C","","καὶ","καὶ","καί","καί"
"41","01","29","N","GSM","Ἀνδρέου","Ἀνδρέου","Ἀνδρέου","Ἀνδρέας"
"41","01","29","P","","μετὰ","μετὰ","μετά","μετά"
"41","01","29","N","GSM","Ἰακώβου","Ἰακώβου","Ἰακώβου","Ἰάκωβος"
"41","01","29","C","","καὶ","καὶ","καί","καί"
"41","01","29","N","GSM","Ἰωάννου.","Ἰωάννου","Ἰωάννου","Ἰωάννης"
"41","01","30","RA","NSF","ἡ","ἡ","ἡ","ὁ"
"41","01","30","C","","δὲ","δὲ","δέ","δέ"
"41","01","30","N","NSF","πενθερὰ","πενθερὰ","πενθερά","πενθερά"
"41","01","30","N","GSM","Σίμωνος","Σίμωνος","Σίμωνος","Σίμων"
"41","01","30","V","3IMI-S","κατέκειτο","κατέκειτο","κατέκειτο","κατάκειμαι"
"41","01","30","V","PAPNSF","πυρέσσουσα,","πυρέσσουσα","πυρέσσουσα","πυρέσσω"
"41","01","30","C","","καὶ","καὶ","καί","καί"
"41","01","30","A","NSM","⸀εὐθὺς","εὐθὺς","εὐθύς","εὐθύς"
"41","01","30","V","3PAI-P","λέγουσιν","λέγουσιν","λέγουσι(ν)","λέγω"
"41","01","30","RP","DSM","αὐτῷ","αὐτῷ","αὐτῷ","αὐτός"
"41","01","30","P","","περὶ","περὶ","περί","περί"
"41","01","30","RP","GSF","αὐτῆς.","αὐτῆς","αὐτῆς","αὐτός"
"41","01","31","C","","καὶ","καὶ","καί","καί"
"41","01","31","V","AAPNSM","προσελθὼν","προσελθὼν","προσελθών","προσέρχομαι"
"41","01","31","V","3AAI-S","ἤγειρεν","ἤγειρεν","ἤγειρε(ν)","ἐγείρω"
"41","01","31","RP","ASF","αὐτὴν","αὐτὴν","αὐτήν","αὐτός"
"41","01","31","V","AAPNSM","κρατήσας","κρατήσας","κρατήσας","κρατέω"
"41","01","31","RA","GSF","τῆς","τῆς","τῆς","ὁ"
"41","01","31","N","GSF","⸀χειρός·","χειρός","χειρός","χείρ"
"41","01","31","C","","καὶ","καὶ","καί","καί"
"41","01","31","V","3AAI-S","ἀφῆκεν","ἀφῆκεν","ἀφῆκε(ν)","ἀφίημι"
"41","01","31","RP","ASF","αὐτὴν","αὐτὴν","αὐτήν","αὐτός"
"41","01","31","RA","NSM","ὁ","ὁ","ὁ","ὁ"
"41","01","31","N","NSM","⸀πυρετός,","πυρετός","πυρετός","πυρετός"
"41","01","31","C","","καὶ","καὶ","καί","καί"
"41","01","31","V","3IAI-S","διηκόνει","διηκόνει","διηκόνει","διακονέω"
"41","01","31","RP","DPM","αὐτοῖς.","αὐτοῖς","αὐτοῖς","αὐτός"
"41","01","32","A","GSF","Ὀψίας","Ὀψίας","ὀψίας","ὀψία"
"41","01","32","C","","δὲ","δὲ","δέ","δέ"
"41","01","32","V","AMPGSF","γενομένης,","γενομένης","γενομένης","γίνομαι"
"41","01","32","D","","ὅτε","ὅτε","ὅτε","ὅτε"
"41","01","32","V","3AAI-S","⸀ἔδυ","ἔδυ","ἔδυ","δύνω"
"41","01","32","RA","NSM","ὁ","ὁ","ὁ","ὁ"
"41","01","32","N","NSM","ἥλιος,","ἥλιος","ἥλιος","ἥλιος"
"41","01","32","V","3IAI-P","ἔφερον","ἔφερον","ἔφερον","φέρω"
"41","01","32","P","","πρὸς","πρὸς","πρός","πρός"
"41","01","32","RP","ASM","αὐτὸν","αὐτὸν","αὐτόν","αὐτός"
"41","01","32","A","APM","πάντας","πάντας","πάντας","πᾶς"
"41","01","32","RA","APM","τοὺς","τοὺς","τούς","ὁ"
"41","01","32","D","","κακῶς","κακῶς","κακῶς","κακῶς"
"41","01","32","V","PAPAPM","ἔχοντας","ἔχοντας","ἔχοντας","ἔχω"
"41","01","32","C","","καὶ","καὶ","καί","καί"
"41","01","32","RA","APM","τοὺς","τοὺς","τούς","ὁ"
"41","01","32","V","PMPAPM","δαιμονιζομένους·","δαιμονιζομένους","δαιμονιζομένους","δαιμονίζομαι"
"41","01","33","C","","καὶ","καὶ","καί","καί"
"41","01","33","V","3IAI-S","⸂ἦν","ἦν","ἦν","εἰμί"
"41","01","33","A","NSF","ὅλη","ὅλη","ὅλη","ὅλος"
"41","01","33","RA","NSF","ἡ","ἡ","ἡ","ὁ"
"41","01","33","N","NSF","πόλις","πόλις","πόλις","πόλις"
"41","01","33","V","XPPNSF","ἐπισυνηγμένη⸃","ἐπισυνηγμένη","ἐπισυνηγμένη","ἐπισυνάγω"
"41","01","33","P","","πρὸς","πρὸς","πρός","πρός"
"41","01","33","RA","ASF","τὴν","τὴν","τήν","ὁ"
"41","01","33","N","ASF","θύραν.","θύραν","θύραν","θύρα"
"41","01","34","C","","καὶ","καὶ","καί","καί"
"41","01","34","V","3AAI-S","ἐθεράπευσεν","ἐθεράπευσεν","ἐθεράπευσε(ν)","θεραπεύω"
"41","01","34","A","APM","πολλοὺς","πολλοὺς","πολλούς","πολύς"
"41","01","34","D","","κακῶς","κακῶς","κακῶς","κακῶς"
"41","01","34","V","PAPAPM","ἔχοντας","ἔχοντας","ἔχοντας","ἔχω"
"41","01","34","A","DPF","ποικίλαις","ποικίλαις","ποικίλαις","ποικίλος"
"41","01","34","N","DPF","νόσοις,","νόσοις","νόσοις","νόσος"
"41","01","34","C","","καὶ","καὶ","καί","καί"
"41","01","34","N","APN","δαιμόνια","δαιμόνια","δαιμόνια","δαιμόνιον"
"41","01","34","A","APN","πολλὰ","πολλὰ","πολλά","πολύς"
"41","01","34","V","3AAI-S","ἐξέβαλεν,","ἐξέβαλεν","ἐξέβαλε(ν)","ἐκβάλλω"
"41","01","34","C","","καὶ","καὶ","καί","καί"
"41","01","34","D","","οὐκ","οὐκ","οὐ","οὐ"
"41","01","34","V","3IAI-S","ἤφιεν","ἤφιεν","ἤφιε(ν)","ἀφίημι"
"41","01","34","V","PAN","λαλεῖν","λαλεῖν","λαλεῖν","λαλέω"
"41","01","34","RA","APN","τὰ","τὰ","τά","ὁ"
"41","01","34","N","APN","δαιμόνια,","δαιμόνια","δαιμόνια","δαιμόνιον"
"41","01","34","C","","ὅτι","ὅτι","ὅτι","ὅτι"
"41","01","34","V","3YAI-P","ᾔδεισαν","ᾔδεισαν","ᾔδεισαν","οἶδα"
"41","01","34","RP","ASM","⸀αὐτόν.","αὐτόν","αὐτόν","αὐτός"
"41","01","35","C","","Καὶ","Καὶ","καί","καί"
"41","01","35","D","","πρωῒ","πρωῒ","πρωΐ","πρωΐ"
"41","01","35","A","APN","ἔννυχα","ἔννυχα","ἔννυχα","ἔννυχα"
"41","01","35","D","","λίαν","λίαν","λίαν","λίαν"
"41","01","35","V","AAPNSM","ἀναστὰς","ἀναστὰς","ἀναστάς","ἀνίστημι"
"41","01","35","V","3AAI-S","ἐξῆλθεν","ἐξῆλθεν","ἐξῆλθε(ν)","ἐξέρχομαι"
"41","01","35","C","","καὶ","καὶ","καί","καί"
"41","01","35","V","3AAI-S","ἀπῆλθεν","ἀπῆλθεν","ἀπῆλθε(ν)","ἀπέρχομαι"
"41","01","35","P","","εἰς","εἰς","εἰς","εἰς"
"41","01","35","A","ASM","ἔρημον","ἔρημον","ἔρημον","ἔρημος"
"41","01","35","N","ASM","τόπον","τόπον","τόπον","τόπος"
"41","01","35","C","","κἀκεῖ","κἀκεῖ","κἀκεῖ","κἀκεῖ"
"41","01","35","V","3IMI-S","προσηύχετο.","προσηύχετο","προσηύχετο","προσεύχομαι"
"41","01","36","C","","καὶ","καὶ","καί","καί"
"41","01","36","V","3AAI-S","⸀κατεδίωξεν","κατεδίωξεν","κατεδίωξε(ν)","καταδιώκω"
"41","01","36","RP","ASM","αὐτὸν","αὐτὸν","αὐτόν","αὐτός"
"41","01","36","N","NSM","⸀Σίμων","Σίμων","Σίμων","Σίμων"
"41","01","36","C","","καὶ","καὶ","καί","καί"
"41","01","36","RA","NPM","οἱ","οἱ","οἱ","ὁ"
"41","01","36","P","","μετ’","μετ’","μετά","μετά"
"41","01","36","RP","GSM","αὐτοῦ,","αὐτοῦ","αὐτοῦ","αὐτός"
"41","01","37","C","","καὶ","καὶ","καί","καί"
"41","01","37","V","3AAI-P","⸂εὗρον","εὗρον","εὗρον","εὑρίσκω"
"41","01","37","RP","ASM","αὐτὸν","αὐτὸν","αὐτόν","αὐτός"
"41","01","37","C","","καὶ⸃","καὶ","καί","καί"
"41","01","37","V","3PAI-P","λέγουσιν","λέγουσιν","λέγουσι(ν)","λέγω"
"41","01","37","RP","DSM","αὐτῷ","αὐτῷ","αὐτῷ","αὐτός"
"41","01","37","C","","ὅτι","ὅτι","ὅτι","ὅτι"
"41","01","37","A","NPM","Πάντες","Πάντες","πάντες","πᾶς"
"41","01","37","V","3PAI-P","⸂ζητοῦσίν","ζητοῦσίν","ζητοῦσι(ν)","ζητέω"
"41","01","37","RP","AS","σε⸃.","σε","σε","σύ"
"41","01","38","C","","καὶ","καὶ","καί","καί"
"41","01","38","V","3PAI-S","λέγει","λέγει","λέγει","λέγω"
"41","01","38","RP","DPM","αὐτοῖς·","αὐτοῖς","αὐτοῖς","αὐτός"
"41","01","38","V","1PAS-P","Ἄγωμεν","Ἄγωμεν","ἄγωμεν","ἄγω"
"41","01","38","D","","⸀ἀλλαχοῦ","ἀλλαχοῦ","ἀλλαχοῦ","ἀλλαχοῦ"
"41","01","38","P","","εἰς","εἰς","εἰς","εἰς"
"41","01","38","RA","APF","τὰς","τὰς","τάς","ὁ"
"41","01","38","V","PMPAPF","ἐχομένας","ἐχομένας","ἐχομένας","ἔχω"
"41","01","38","N","APF","κωμοπόλεις,","κωμοπόλεις","κωμοπόλεις","κωμόπολις"
"41","01","38","C","","ἵνα","ἵνα","ἵνα","ἵνα"
"41","01","38","D","","καὶ","καὶ","καί","καί"
"41","01","38","D","","ἐκεῖ","ἐκεῖ","ἐκεῖ","ἐκεῖ"
"41","01","38","V","1AAS-S","κηρύξω,","κηρύξω","κηρύξω","κηρύσσω"
"41","01","38","P","","εἰς","εἰς","εἰς","εἰς"
"41","01","38","RD","ASN","τοῦτο","τοῦτο","τοῦτο","οὗτος"
"41","01","38","C","","γὰρ","γὰρ","γάρ","γάρ"
"41","01","38","V","1AAI-S","⸀ἐξῆλθον.","ἐξῆλθον","ἐξῆλθον","ἐξέρχομαι"
"41","01","39","C","","καὶ","καὶ","καί","καί"
"41","01","39","V","3AAI-S","⸀ἦλθεν","ἦλθεν","ἦλθε(ν)","ἔρχομαι"
"41","01","39","V","PAPNSM","κηρύσσων","κηρύσσων","κηρύσσων","κηρύσσω"
"41","01","39","P","","⸂εἰς","εἰς","εἰς","εἰς"
"41","01","39","RA","APF","τὰς","τὰς","τάς","ὁ"
"41","01","39","N","APF","συναγωγὰς⸃","συναγωγὰς","συναγωγάς","συναγωγή"
"41","01","39","RP","GPM","αὐτῶν","αὐτῶν","αὐτῶν","αὐτός"
"41","01","39","P","","εἰς","εἰς","εἰς","εἰς"
"41","01","39","A","ASF","ὅλην","ὅλην","ὅλην","ὅλος"
"41","01","39","RA","ASF","τὴν","τὴν","τήν","ὁ"
"41","01","39","N","ASF","Γαλιλαίαν","Γαλιλαίαν","Γαλιλαίαν","Γαλιλαία"
"41","01","39","C","","καὶ","καὶ","καί","καί"
"41","01","39","RA","APN","τὰ","τὰ","τά","ὁ"
"41","01","39","N","APN","δαιμόνια","δαιμόνια","δαιμόνια","δαιμόνιον"
"41","01","39","V","PAPNSM","ἐκβάλλων.","ἐκβάλλων","ἐκβάλλων","ἐκβάλλω"
"41","01","40","C","","Καὶ","Καὶ","καί","καί"
"41","01","40","V","3PMI-S","ἔρχεται","ἔρχεται","ἔρχεται","ἔρχομαι"
"41","01","40","P","","πρὸς","πρὸς","πρός","πρός"
"41","01","40","RP","ASM","αὐτὸν","αὐτὸν","αὐτόν","αὐτός"
"41","01","40","A","NSM","λεπρὸς","λεπρὸς","λεπρός","λεπρός"
"41","01","40","V","PAPNSM","παρακαλῶν","παρακαλῶν","παρακαλῶν","παρακαλέω"
"41","01","40","RP","ASM","αὐτὸν","αὐτὸν","αὐτόν","αὐτός"
"41","01","40","C","","καὶ","καὶ","καί","καί"
"41","01","40","V","PAPNSM","⸀γονυπετῶν","γονυπετῶν","γονυπετῶν","γονυπετέω"
"41","01","40","V","PAPNSM","λέγων","λέγων","λέγων","λέγω"
"41","01","40","RP","DSM","αὐτῷ","αὐτῷ","αὐτῷ","αὐτός"
"41","01","40","C","","ὅτι","ὅτι","ὅτι","ὅτι"
"41","01","40","C","","Ἐὰν","Ἐὰν","ἐάν","ἐάν"
"41","01","40","V","2PAS-S","θέλῃς","θέλῃς","θέλῃς","θέλω"
"41","01","40","V","2PMI-S","δύνασαί","δύνασαί","δύνασαι","δύναμαι"
"41","01","40","RP","AS","με","με","με","ἐγώ"
"41","01","40","V","AAN","καθαρίσαι.","καθαρίσαι","καθαρίσαι","καθαρίζω"
"41","01","41","C","","⸀καὶ","καὶ","καί","καί"
"41","01","41","V","APPNSM","⸀ὀργισθεὶς","ὀργισθεὶς","ὀργισθείς","ὀργίζομαι"
"41","01","41","V","AAPNSM","ἐκτείνας","ἐκτείνας","ἐκτείνας","ἐκτείνω"
"41","01","41","RA","ASF","τὴν","τὴν","τήν","ὁ"
"41","01","41","N","ASF","χεῖρα","χεῖρα","χεῖρα","χείρ"
"41","01","41","RP","GSM","⸂αὐτοῦ","αὐτοῦ","αὐτοῦ","αὐτός"
"41","01","41","V","3AMI-S","ἥψατο⸃","ἥψατο","ἥψατο","ἅπτω"
"41","01","41","C","","καὶ","καὶ","καί","καί"
"41","01","41","V","3PAI-S","λέγει","λέγει","λέγει","λέγω"
"41","01","41","RP","DSM","αὐτῷ·","αὐτῷ","αὐτῷ","αὐτός"
"41","01","41","V","1PAI-S","Θέλω,","Θέλω","θέλω","θέλω"
"41","01","41","V","2APD-S","καθαρίσθητι·","καθαρίσθητι","καθαρίσθητι","καθαρίζω"
"41","01","42","C","","καὶ","καὶ","καί","καί"
"41","01","42","A","NSM","⸀εὐθὺς","εὐθὺς","εὐθύς","εὐθύς"
"41","01","42","V","3AAI-S","ἀπῆλθεν","ἀπῆλθεν","ἀπῆλθε(ν)","ἀπέρχομαι"
"41","01","42","P","","ἀπ’","ἀπ’","ἀπό","ἀπό"
"41","01","42","RP","GSM","αὐτοῦ","αὐτοῦ","αὐτοῦ","αὐτός"
"41","01","42","RA","NSF","ἡ","ἡ","ἡ","ὁ"
"41","01","42","N","NSF","λέπρα,","λέπρα","λέπρα","λέπρα"
"41","01","42","C","","καὶ","καὶ","καί","καί"
"41","01","42","V","3API-S","ἐκαθαρίσθη.","ἐκαθαρίσθη","ἐκαθαρίσθη","καθαρίζω"
"41","01","43","C","","καὶ","καὶ","καί","καί"
"41","01","43","V","AMPNSM","ἐμβριμησάμενος","ἐμβριμησάμενος","ἐμβριμησάμενος","ἐμβριμάομαι"
"41","01","43","RP","DSM","αὐτῷ","αὐτῷ","αὐτῷ","αὐτός"
"41","01","43","A","NSM","⸀εὐθὺς","εὐθὺς","εὐθύς","εὐθύς"
"41","01","43","V","3AAI-S","ἐξέβαλεν","ἐξέβαλεν","ἐξέβαλε(ν)","ἐκβάλλω"
"41","01","43","RP","ASM","αὐτόν,","αὐτόν","αὐτόν","αὐτός"
"41","01","44","C","","καὶ","καὶ","καί","καί"
"41","01","44","V","3PAI-S","λέγει","λέγει","λέγει","λέγω"
"41","01","44","RP","DSM","αὐτῷ·","αὐτῷ","αὐτῷ","αὐτός"
"41","01","44","V","2PAD-S","Ὅρα","Ὅρα","ὅρα","ὁράω"
"41","01","44","A","DSM","μηδενὶ","μηδενὶ","μηδενί","μηδείς"
"41","01","44","A","ASN","μηδὲν","μηδὲν","μηδέν","μηδείς"
"41","01","44","V","2AAS-S","εἴπῃς,","εἴπῃς","εἴπῃς","λέγω"
"41","01","44","C","","ἀλλὰ","ἀλλὰ","ἀλλά","ἀλλά"
"41","01","44","V","2PAD-S","ὕπαγε","ὕπαγε","ὕπαγε","ὑπάγω"
"41","01","44","RP","ASM","σεαυτὸν","σεαυτὸν","σεαυτόν","σεαυτοῦ"
"41","01","44","V","2AAD-S","δεῖξον","δεῖξον","δεῖξον","δείκνυμι"
"41","01","44","RA","DSM","τῷ","τῷ","τῷ","ὁ"
"41","01","44","N","DSM","ἱερεῖ","ἱερεῖ","ἱερεῖ","ἱερεύς"
"41","01","44","C","","καὶ","καὶ","καί","καί"
"41","01","44","V","2AAD-S","προσένεγκε","προσένεγκε","προσένεγκε","προσφέρω"
"41","01","44","P","","περὶ","περὶ","περί","περί"
"41","01","44","RA","GSM","τοῦ","τοῦ","τοῦ","ὁ"
"41","01","44","N","GSM","καθαρισμοῦ","καθαρισμοῦ","καθαρισμοῦ","καθαρισμός"
"41","01","44","RP","GS","σου","σου","σου","σύ"
"41","01","44","RR","APN","ἃ","ἃ","ἅ","ὅς"
"41","01","44","V","3AAI-S","προσέταξεν","προσέταξεν","προσέταξε(ν)","προστάσσω"
"41","01","44","N","NSM","Μωϋσῆς","Μωϋσῆς","Μωϋσῆς","Μωϋσῆς"
"41","01","44","P","","εἰς","εἰς","εἰς","εἰς"
"41","01","44","N","ASN","μαρτύριον","μαρτύριον","μαρτύριον","μαρτύριον"
"41","01","44","RP","DPM","αὐτοῖς.","αὐτοῖς","αὐτοῖς","αὐτός"
"41","01","45","RA","NSM","ὁ","ὁ","ὁ","ὁ"
"41","01","45","C","","δὲ","δὲ","δέ","δέ"
"41","01","45","V","AAPNSM","ἐξελθὼν","ἐξελθὼν","ἐξελθών","ἐξέρχομαι"
"41","01","45","V","3AMI-S","ἤρξατο","ἤρξατο","ἤρξατο","ἄρχω"
"41","01","45","V","PAN","κηρύσσειν","κηρύσσειν","κηρύσσειν","κηρύσσω"
"41","01","45","A","APN","πολλὰ","πολλὰ","πολλά","πολύς"
"41","01","45","C","","καὶ","καὶ","καί","καί"
"41","01","45","V","PAN","διαφημίζειν","διαφημίζειν","διαφημίζειν","διαφημίζω"
"41","01","45","RA","ASM","τὸν","τὸν","τόν","ὁ"
"41","01","45","N","ASM","λόγον,","λόγον","λόγον","λόγος"
"41","01","45","C","","ὥστε","ὥστε","ὥστε","ὥστε"
"41","01","45","D","","μηκέτι","μηκέτι","μηκέτι","μηκέτι"
"41","01","45","RP","ASM","αὐτὸν","αὐτὸν","αὐτόν","αὐτός"
"41","01","45","V","PMN","δύνασθαι","δύνασθαι","δύνασθαι","δύναμαι"
"41","01","45","D","","φανερῶς","φανερῶς","φανερῶς","φανερῶς"
"41","01","45","P","","εἰς","εἰς","εἰς","εἰς"
"41","01","45","N","ASF","πόλιν","πόλιν","πόλιν","πόλις"
"41","01","45","V","AAN","εἰσελθεῖν,","εἰσελθεῖν","εἰσελθεῖν","εἰσέρχομαι"
"41","01","45","C","","ἀλλὰ","ἀλλὰ","ἀλλά","ἀλλά"
"41","01","45","D","","ἔξω","ἔξω","ἔξω","ἔξω"
"41","01","45","P","","⸀ἐπ’","ἐπ’","ἐπί","ἐπί"
"41","01","45","A","DPM","ἐρήμοις","ἐρήμοις","ἐρήμοις","ἔρημος"
"41","01","45","N","DPM","τόποις","τόποις","τόποις","τόπος"
"41","01","45","V","3IAI-S","ἦν·","ἦν","ἦν","εἰμί"
"41","01","45","C","","καὶ","καὶ","καί","καί"
"41","01","45","V","3IMI-P","ἤρχοντο","ἤρχοντο","ἤρχοντο","ἔρχομαι"
"41","01","45","P","","πρὸς","πρὸς","πρός","πρός"
"41","01","45","RP","ASM","αὐτὸν","αὐτὸν","αὐτόν","αὐτός"
"41","01","45","D","","⸀πάντοθεν.","πάντοθεν","πάντοθεν","πάντοθεν"
"41","02","01","C","","Καὶ","Καὶ","καί","καί"
"41","02","01","V","AAPNSM","⸀εἰσελθὼν","εἰσελθὼν","εἰσελθών","εἰσέρχομαι"
"41","02","01","D","","πάλιν","πάλιν","πάλιν","πάλιν"
"41","02","01","P","","εἰς","εἰς","εἰς","εἰς"
"41","02","01","N","ASF","Καφαρναοὺμ","Καφαρναοὺμ","Καφαρναούμ","Καφαρναούμ"
"41","02","01","P","","δι’","δι’","διά","διά"
"41","02","01","N","GPF","⸀ἡμερῶν","ἡμερῶν","ἡμερῶν","ἡμέρα"
"41","02","01","V","3API-S","ἠκούσθη","ἠκούσθη","ἠκούσθη","ἀκούω"
"41","02","01","C","","ὅτι","ὅτι","ὅτι","ὅτι"
"41","02","01","P","","⸂ἐν","ἐν","ἐν","ἐν"
"41","02","01","N","DSM","οἴκῳ⸃","οἴκῳ","οἴκῳ","οἶκος"
"41","02","01","V","3PAI-S","ἐστίν·","ἐστίν","ἐστί(ν)","εἰμί"
"41","02","02","C","","⸀καὶ","καὶ","καί","καί"
"41","02","02","V","3API-P","συνήχθησαν","συνήχθησαν","συνήχθησαν","συνάγω"
"41","02","02","A","NPM","πολλοὶ","πολλοὶ","πολλοί","πολύς"
"41","02","02","C","","ὥστε","ὥστε","ὥστε","ὥστε"
"41","02","02","D","","μηκέτι","μηκέτι","μηκέτι","μηκέτι"
"41","02","02","V","PAN","χωρεῖν","χωρεῖν","χωρεῖν","χωρέω"
"41","02","02","D","","μηδὲ","μηδὲ","μηδέ","μηδέ"
"41","02","02","RA","APN","τὰ","τὰ","τά","ὁ"
"41","02","02","P","","πρὸς","πρὸς","πρός","πρός"
"41","02","02","RA","ASF","τὴν","τὴν","τήν","ὁ"
"41","02","02","N","ASF","θύραν,","θύραν","θύραν","θύρα"
"41","02","02","C","","καὶ","καὶ","καί","καί"
"41","02","02","V","3IAI-S","ἐλάλει","ἐλάλει","ἐλάλει","λαλέω"
"41","02","02","RP","DPM","αὐτοῖς","αὐτοῖς","αὐτοῖς","αὐτός"
"41","02","02","RA","ASM","τὸν","τὸν","τόν","ὁ"
"41","02","02","N","ASM","λόγον.","λόγον","λόγον","λόγος"
"41","02","03","C","","καὶ","καὶ","καί","καί"
"41","02","03","V","3PMI-P","ἔρχονται","ἔρχονται","ἔρχονται","ἔρχομαι"
"41","02","03","V","PAPNPM","⸂φέροντες","φέροντες","φέροντες","φέρω"
"41","02","03","P","","πρὸς","πρὸς","πρός","πρός"
"41","02","03","RP","ASM","αὐτὸν","αὐτὸν","αὐτόν","αὐτός"
"41","02","03","A","ASM","παραλυτικὸν⸃","παραλυτικὸν","παραλυτικόν","παραλυτικός"
"41","02","03","V","PPPASM","αἰρόμενον","αἰρόμενον","αἰρόμενον","αἴρω"
"41","02","03","P","","ὑπὸ","ὑπὸ","ὑπό","ὑπό"
"41","02","03","A","GPM","τεσσάρων.","τεσσάρων","τεσσάρων","τέσσαρες"
"41","02","04","C","","καὶ","καὶ","καί","καί"
"41","02","04","D","","μὴ","μὴ","μή","μή"
"41","02","04","V","PMPNPM","δυνάμενοι","δυνάμενοι","δυνάμενοι","δύναμαι"
"41","02","04","V","AAN","⸀προσενέγκαι","προσενέγκαι","προσενέγκαι","προσφέρω"
"41","02","04","RP","DSM","αὐτῷ","αὐτῷ","αὐτῷ","αὐτός"
"41","02","04","P","","διὰ","διὰ","διά","διά"
"41","02","04","RA","ASM","τὸν","τὸν","τόν","ὁ"
"41","02","04","N","ASM","ὄχλον","ὄχλον","ὄχλον","ὄχλος"
"41","02","04","V","3AAI-P","ἀπεστέγασαν","ἀπεστέγασαν","ἀπεστέγασαν","ἀποστεγάζω"
"41","02","04","RA","ASF","τὴν","τὴν","τήν","ὁ"
"41","02","04","N","ASF","στέγην","στέγην","στέγην","στέγη"
"41","02","04","D","","ὅπου","ὅπου","ὅπου","ὅπου"
"41","02","04","V","3IAI-S","ἦν,","ἦν","ἦν","εἰμί"
"41","02","04","C","","καὶ","καὶ","καί","καί"
"41","02","04","V","AAPNPM","ἐξορύξαντες","ἐξορύξαντες","ἐξορύξαντες","ἐξορύσσω"
"41","02","04","V","3PAI-P","χαλῶσι","χαλῶσι","χαλῶσι(ν)","χαλάω"
"41","02","04","RA","ASM","τὸν","τὸν","τόν","ὁ"
"41","02","04","N","ASM","κράβαττον","κράβαττον","κράβαττον","κράβαττος"
"41","02","04","D","","⸀ὅπου","ὅπου","ὅπου","ὅπου"
"41","02","04","RA","NSM","ὁ","ὁ","ὁ","ὁ"
"41","02","04","A","NSM","παραλυτικὸς","παραλυτικὸς","παραλυτικός","παραλυτικός"
"41","02","04","V","3IMI-S","κατέκειτο.","κατέκειτο","κατέκειτο","κατάκειμαι"
"41","02","05","C","","⸂καὶ","καὶ","καί","καί"
"41","02","05","V","AAPNSM","ἰδὼν⸃","ἰδὼν","ἰδών","ὁράω"
"41","02","05","RA","NSM","ὁ","ὁ","ὁ","ὁ"
"41","02","05","N","NSM","Ἰησοῦς","Ἰησοῦς","Ἰησοῦς","Ἰησοῦς"
"41","02","05","RA","ASF","τὴν","τὴν","τήν","ὁ"
"41","02","05","N","ASF","πίστιν","πίστιν","πίστιν","πίστις"
"41","02","05","RP","GPM","αὐτῶν","αὐτῶν","αὐτῶν","αὐτός"
"41","02","05","V","3PAI-S","λέγει","λέγει","λέγει","λέγω"
"41","02","05","RA","DSM","τῷ","τῷ","τῷ","ὁ"
"41","02","05","A","DSM","παραλυτικῷ·","παραλυτικῷ","παραλυτικῷ","παραλυτικός"
"41","02","05","N","VSN","Τέκνον,","Τέκνον","τέκνον","τέκνον"
"41","02","05","V","3PPI-P","⸂ἀφίενταί","ἀφίενταί","ἀφίενται","ἀφίημι"
"41","02","05","RP","GS","σου⸃","σου","σου","σύ"
"41","02","05","RA","NPF","αἱ","αἱ","αἱ","ὁ"
"41","02","05","N","NPF","⸀ἁμαρτίαι.","ἁμαρτίαι","ἁμαρτίαι","ἁμαρτία"
"41","02","06","V","3IAI-P","ἦσαν","ἦσαν","ἦσαν","εἰμί"
"41","02","06","C","","δέ","δέ","δέ","δέ"
"41","02","06","RI","NPM","τινες","τινες","τινές","τις"
"41","02","06","RA","GPM","τῶν","τῶν","τῶν","ὁ"
"41","02","06","N","GPM","γραμματέων","γραμματέων","γραμματέων","γραμματεύς"
"41","02","06","D","","ἐκεῖ","ἐκεῖ","ἐκεῖ","ἐκεῖ"
"41","02","06","V","PMPNPM","καθήμενοι","καθήμενοι","καθήμενοι","κάθημαι"
"41","02","06","C","","καὶ","καὶ","καί","καί"
"41","02","06","V","PMPNPM","διαλογιζόμενοι","διαλογιζόμενοι","διαλογιζόμενοι","διαλογίζομαι"
"41","02","06","P","","ἐν","ἐν","ἐν","ἐν"
"41","02","06","RA","DPF","ταῖς","ταῖς","ταῖς","ὁ"
"41","02","06","N","DPF","καρδίαις","καρδίαις","καρδίαις","καρδία"
"41","02","06","RP","GPM","αὐτῶν·","αὐτῶν","αὐτῶν","αὐτός"
"41","02","07","RI","ASN","Τί","Τί","τί","τίς"
"41","02","07","RD","NSM","οὗτος","οὗτος","οὗτος","οὗτος"
"41","02","07","D","","οὕτως","οὕτως","οὕτω(ς)","οὕτω(ς)"
"41","02","07","V","3PAI-S","λαλεῖ;","λαλεῖ","λαλεῖ","λαλέω"
"41","02","07","V","3PAI-S","⸀βλασφημεῖ·","βλασφημεῖ","βλασφημεῖ","βλασφημέω"
"41","02","07","RI","NSM","τίς","τίς","τίς","τίς"
"41","02","07","V","3PMI-S","δύναται","δύναται","δύναται","δύναμαι"
"41","02","07","V","PAN","ἀφιέναι","ἀφιέναι","ἀφιέναι","ἀφίημι"
"41","02","07","N","APF","ἁμαρτίας","ἁμαρτίας","ἁμαρτίας","ἁμαρτία"
"41","02","07","C","","εἰ","εἰ","εἰ","εἰ"
"41","02","07","D","","μὴ","μὴ","μή","μή"
"41","02","07","A","NSM","εἷς","εἷς","εἷς","εἷς"
"41","02","07","RA","NSM","ὁ","ὁ","ὁ","ὁ"
"41","02","07","N","NSM","θεός;","θεός","θεός","θεός"
"41","02","08","C","","καὶ","καὶ","καί","καί"
"41","02","08","A","NSM","⸀εὐθὺς","εὐθὺς","εὐθύς","εὐθύς"
"41","02","08","V","AAPNSM","ἐπιγνοὺς","ἐπιγνοὺς","ἐπιγνούς","ἐπιγινώσκω"
"41","02","08","RA","NSM","ὁ","ὁ","ὁ","ὁ"
"41","02","08","N","NSM","Ἰησοῦς","Ἰησοῦς","Ἰησοῦς","Ἰησοῦς"
"41","02","08","RA","DSN","τῷ","τῷ","τῷ","ὁ"
"41","02","08","N","DSN","πνεύματι","πνεύματι","πνεύματι","πνεῦμα"
"41","02","08","RP","GSM","αὐτοῦ","αὐτοῦ","αὐτοῦ","αὐτός"
"41","02","08","C","","ὅτι","ὅτι","ὅτι","ὅτι"
"41","02","08","D","","⸀οὕτως","οὕτως","οὕτω(ς)","οὕτω(ς)"
"41","02","08","V","3PMI-P","διαλογίζονται","διαλογίζονται","διαλογίζονται","διαλογίζομαι"
"41","02","08","P","","ἐν","ἐν","ἐν","ἐν"
"41","02","08","RP","DPM","ἑαυτοῖς","ἑαυτοῖς","ἑαυτοῖς","ἑαυτοῦ"
"41","02","08","V","3PAI-S","⸀λέγει","λέγει","λέγει","λέγω"
"41","02","08","RP","DPM","αὐτοῖς·","αὐτοῖς","αὐτοῖς","αὐτός"
"41","02","08","RI","ASN","Τί","Τί","τί","τίς"
"41","02","08","RD","APN","ταῦτα","ταῦτα","ταῦτα","οὗτος"
"41","02","08","V","2PMI-P","διαλογίζεσθε","διαλογίζεσθε","διαλογίζεσθε","διαλογίζομαι"
"41","02","08","P","","ἐν","ἐν","ἐν","ἐν"
"41","02","08","RA","DPF","ταῖς","ταῖς","ταῖς","ὁ"
"41","02","08","N","DPF","καρδίαις","καρδίαις","καρδίαις","καρδία"
"41","02","08","RP","GP","ὑμῶν;","ὑμῶν","ὑμῶν","σύ"
"41","02","09","RI","NSN","τί","τί","τί","τίς"
"41","02","09","V","3PAI-S","ἐστιν","ἐστιν","ἐστί(ν)","εἰμί"
"41","02","09","A","NSNC","εὐκοπώτερον,","εὐκοπώτερον","εὐκοπώτερον","εὐκοπώτερος"
"41","02","09","V","AAN","εἰπεῖν","εἰπεῖν","εἰπεῖν","λέγω"
"41","02","09","RA","DSM","τῷ","τῷ","τῷ","ὁ"
"41","02","09","A","DSM","παραλυτικῷ·","παραλυτικῷ","παραλυτικῷ","παραλυτικός"
"41","02","09","V","3PPI-P","⸀Ἀφίενταί","Ἀφίενταί","ἀφίενται","ἀφίημι"
"41","02","09","RP","GS","σου","σου","σου","σύ"
"41","02","09","RA","NPF","αἱ","αἱ","αἱ","ὁ"
"41","02","09","N","NPF","ἁμαρτίαι,","ἁμαρτίαι","ἁμαρτίαι","ἁμαρτία"
"41","02","09","C","","ἢ","ἢ","ἤ","ἤ"
"41","02","09","V","AAN","εἰπεῖν·","εἰπεῖν","εἰπεῖν","λέγω"
"41","02","09","V","2PAD-S","⸀Ἔγειρε","Ἔγειρε","ἔγειρε","ἐγείρω"
"41","02","09","C","","καὶ","καὶ","καί","καί"
"41","02","09","V","2AAD-S","ἆρον","ἆρον","ἆρον","αἴρω"
"41","02","09","RA","ASM","⸂τὸν","τὸν","τόν","ὁ"
"41","02","09","N","ASM","κράβαττόν","κράβαττόν","κράβαττον","κράβαττος"
"41","02","09","RP","GS","σου⸃","σου","σου","σύ"
"41","02","09","C","","καὶ","καὶ","καί","καί"
"41","02","09","V","2PAD-S","περιπάτει;","περιπάτει","περιπάτει","περιπατέω"
"41","02","10","C","","ἵνα","ἵνα","ἵνα","ἵνα"
"41","02","10","C","","δὲ","δὲ","δέ","δέ"
"41","02","10","V","2XAS-P","εἰδῆτε","εἰδῆτε","εἰδῆτε","οἶδα"
"41","02","10","C","","ὅτι","ὅτι","ὅτι","ὅτι"
"41","02","10","N","ASF","ἐξουσίαν","ἐξουσίαν","ἐξουσίαν","ἐξουσία"
"41","02","10","V","3PAI-S","ἔχει","ἔχει","ἔχει","ἔχω"
"41","02","10","RA","NSM","ὁ","ὁ","ὁ","ὁ"
"41","02","10","N","NSM","υἱὸς","υἱὸς","υἱός","υἱός"
"41","02","10","RA","GSM","τοῦ","τοῦ","τοῦ","ὁ"
"41","02","10","N","GSM","ἀνθρώπου","ἀνθρώπου","ἀνθρώπου","ἄνθρωπος"
"41","02","10","P","","⸂ἐπὶ","ἐπὶ","ἐπί","ἐπί"
"41","02","10","RA","GSF","τῆς","τῆς","τῆς","ὁ"
"41","02","10","N","GSF","γῆς","γῆς","γῆς","γῆ"
"41","02","10","V","PAN","ἀφιέναι","ἀφιέναι","ἀφιέναι","ἀφίημι"
"41","02","10","N","APF","ἁμαρτίας⸃—","ἁμαρτίας","ἁμαρτίας","ἁμαρτία"
"41","02","10","V","3PAI-S","λέγει","λέγει","λέγει","λέγω"
"41","02","10","RA","DSM","τῷ","τῷ","τῷ","ὁ"
"41","02","10","A","DSM","παραλυτικῷ·","παραλυτικῷ","παραλυτικῷ","παραλυτικός"
"41","02","11","RP","DS","Σοὶ","Σοὶ","σοί","σύ"
"41","02","11","V","1PAI-S","λέγω,","λέγω","λέγω","λέγω"
"41","02","11","V","2PAD-S","⸀ἔγειρε","ἔγειρε","ἔγειρε","ἐγείρω"
"41","02","11","V","2AAD-S","ἆρον","ἆρον","ἆρον","αἴρω"
"41","02","11","RA","ASM","τὸν","τὸν","τόν","ὁ"
"41","02","11","N","ASM","κράβαττόν","κράβαττόν","κράβαττον","κράβαττος"
"41","02","11","RP","GS","σου","σου","σου","σύ"
"41","02","11","C","","καὶ","καὶ","καί","καί"
"41","02","11","V","2PAD-S","ὕπαγε","ὕπαγε","ὕπαγε","ὑπάγω"
"41","02","11","P","","εἰς","εἰς","εἰς","εἰς"
"41","02","11","RA","ASM","τὸν","τὸν","τόν","ὁ"
"41","02","11","N","ASM","οἶκόν","οἶκόν","οἶκον","οἶκος"
"41","02","11","RP","GS","σου.","σου","σου","σύ"
"41","02","12","C","","καὶ","καὶ","καί","καί"
"41","02","12","V","3API-S","ἠγέρθη","ἠγέρθη","ἠγέρθη","ἐγείρω"
"41","02","12","C","","⸂καὶ","καὶ","καί","καί"
"41","02","12","A","NSM","εὐθὺς⸃","εὐθὺς","εὐθύς","εὐθύς"
"41","02","12","V","AAPNSM","ἄρας","ἄρας","ἄρας","αἴρω"
"41","02","12","RA","ASM","τὸν","τὸν","τόν","ὁ"
"41","02","12","N","ASM","κράβαττον","κράβαττον","κράβαττον","κράβαττος"
"41","02","12","V","3AAI-S","ἐξῆλθεν","ἐξῆλθεν","ἐξῆλθε(ν)","ἐξέρχομαι"
"41","02","12","P","","⸀ἔμπροσθεν","ἔμπροσθεν","ἔμπροσθεν","ἔμπροσθεν"
"41","02","12","A","GPM","πάντων,","πάντων","πάντων","πᾶς"
"41","02","12","C","","ὥστε","ὥστε","ὥστε","ὥστε"
"41","02","12","V","PMN","ἐξίστασθαι","ἐξίστασθαι","ἐξίστασθαι","ἐξίστημι"
"41","02","12","A","APM","πάντας","πάντας","πάντας","πᾶς"
"41","02","12","C","","καὶ","καὶ","καί","καί"
"41","02","12","V","PAN","δοξάζειν","δοξάζειν","δοξάζειν","δοξάζω"
"41","02","12","RA","ASM","τὸν","τὸν","τόν","ὁ"
"41","02","12","N","ASM","θεὸν","θεὸν","θεόν","θεός"
"41","02","12","V","PAPAPM","λέγοντας","λέγοντας","λέγοντας","λέγω"
"41","02","12","C","","ὅτι","ὅτι","ὅτι","ὅτι"
"41","02","12","D","","⸂Οὕτως","Οὕτως","οὕτω(ς)","οὕτω(ς)"
"41","02","12","D","","οὐδέποτε⸃","οὐδέποτε","οὐδέποτε","οὐδέποτε"
"41","02","12","V","1AAI-P","εἴδομεν.","εἴδομεν","εἴδομεν","ὁράω"
"41","02","13","C","","Καὶ","Καὶ","καί","καί"
"41","02","13","V","3AAI-S","ἐξῆλθεν","ἐξῆλθεν","ἐξῆλθε(ν)","ἐξέρχομαι"
"41","02","13","D","","πάλιν","πάλιν","πάλιν","πάλιν"
"41","02","13","P","","παρὰ","παρὰ","παρά","παρά"
"41","02","13","RA","ASF","τὴν","τὴν","τήν","ὁ"
"41","02","13","N","ASF","θάλασσαν·","θάλασσαν","θάλασσαν","θάλασσα"
"41","02","13","C","","καὶ","καὶ","καί","καί"
"41","02","13","A","NSM","πᾶς","πᾶς","πᾶς","πᾶς"
"41","02","13","RA","NSM","ὁ","ὁ","ὁ","ὁ"
"41","02","13","N","NSM","ὄχλος","ὄχλος","ὄχλος","ὄχλος"
"41","02","13","V","3IMI-S","ἤρχετο","ἤρχετο","ἤρχετο","ἔρχομαι"
"41","02","13","P","","πρὸς","πρὸς","πρός","πρός"
"41","02","13","RP","ASM","αὐτόν,","αὐτόν","αὐτόν","αὐτός"
"41","02","13","C","","καὶ","καὶ","καί","καί"
"41","02","13","V","3IAI-S","ἐδίδασκεν","ἐδίδασκεν","ἐδίδασκε(ν)","διδάσκω"
"41","02","13","RP","APM","αὐτούς.","αὐτούς","αὐτούς","αὐτός"
"41","02","14","C","","καὶ","καὶ","καί","καί"
"41","02","14","V","PAPNSM","παράγων","παράγων","παράγων","παράγω"
"41","02","14","V","3AAI-S","εἶδεν","εἶδεν","εἶδε(ν)","ὁράω"
"41","02","14","N","ASM","Λευὶν","Λευὶν","Λευίν","Λευί"
"41","02","14","RA","ASM","τὸν","τὸν","τόν","ὁ"
"41","02","14","RA","GSM","τοῦ","τοῦ","τοῦ","ὁ"
"41","02","14","N","GSM","Ἁλφαίου","Ἁλφαίου","Ἁλφαίου","Ἁλφαῖος"
"41","02","14","V","PMPASM","καθήμενον","καθήμενον","καθήμενον","κάθημαι"
"41","02","14","P","","ἐπὶ","ἐπὶ","ἐπί","ἐπί"
"41","02","14","RA","ASN","τὸ","τὸ","τό","ὁ"
"41","02","14","N","ASN","τελώνιον,","τελώνιον","τελώνιον","τελώνιον"
"41","02","14","C","","καὶ","καὶ","καί","καί"
"41","02","14","V","3PAI-S","λέγει","λέγει","λέγει","λέγω"
"41","02","14","RP","DSM","αὐτῷ·","αὐτῷ","αὐτῷ","αὐτός"
"41","02","14","V","2PAD-S","Ἀκολούθει","Ἀκολούθει","ἀκολούθει","ἀκολουθέω"
"41","02","14","RP","DS","μοι.","μοι","μοι","ἐγώ"
"41","02","14","C","","καὶ","καὶ","καί","καί"
"41","02","14","V","AAPNSM","ἀναστὰς","ἀναστὰς","ἀναστάς","ἀνίστημι"
"41","02","14","V","3AAI-S","ἠκολούθησεν","ἠκολούθησεν","ἠκολούθησε(ν)","ἀκολουθέω"
"41","02","14","RP","DSM","αὐτῷ.","αὐτῷ","αὐτῷ","αὐτός"
"41","02","15","C","","Καὶ","Καὶ","καί","καί"
"41","02","15","V","3PMI-S","⸀γίνεται","γίνεται","γίνεται","γίνομαι"
"41","02","15","V","PMN","κατακεῖσθαι","κατακεῖσθαι","κατακεῖσθαι","κατάκειμαι"
"41","02","15","RP","ASM","αὐτὸν","αὐτὸν","αὐτόν","αὐτός"
"41","02","15","P","","ἐν","ἐν","ἐν","ἐν"
"41","02","15","RA","DSF","τῇ","τῇ","τῇ","ὁ"
"41","02","15","N","DSF","οἰκίᾳ","οἰκίᾳ","οἰκίᾳ","οἰκία"
"41","02","15","RP","GSM","αὐτοῦ,","αὐτοῦ","αὐτοῦ","αὐτός"
"41","02","15","C","","καὶ","καὶ","καί","καί"
"41","02","15","A","NPM","πολλοὶ","πολλοὶ","πολλοί","πολύς"
"41","02","15","N","NPM","τελῶναι","τελῶναι","τελῶναι","τελώνης"
"41","02","15","C","","καὶ","καὶ","καί","καί"
"41","02","15","A","NPM","ἁμαρτωλοὶ","ἁμαρτωλοὶ","ἁμαρτωλοί","ἁμαρτωλός"
"41","02","15","V","3IMI-P","συνανέκειντο","συνανέκειντο","συνανέκειντο","συνανάκειμαι"
"41","02","15","RA","DSM","τῷ","τῷ","τῷ","ὁ"
"41","02","15","N","DSM","Ἰησοῦ","Ἰησοῦ","Ἰησοῦ","Ἰησοῦς"
"41","02","15","C","","καὶ","καὶ","καί","καί"
"41","02","15","RA","DPM","τοῖς","τοῖς","τοῖς","ὁ"
"41","02","15","N","DPM","μαθηταῖς","μαθηταῖς","μαθηταῖς","μαθητής"
"41","02","15","RP","GSM","αὐτοῦ,","αὐτοῦ","αὐτοῦ","αὐτός"
"41","02","15","V","3IAI-P","ἦσαν","ἦσαν","ἦσαν","εἰμί"
"41","02","15","C","","γὰρ","γὰρ","γάρ","γάρ"
"41","02","15","A","NPM","πολλοὶ","πολλοὶ","πολλοί","πολύς"
"41","02","15","C","","καὶ","καὶ","καί","καί"
"41","02","15","V","3IAI-P","⸀ἠκολούθουν","ἠκολούθουν","ἠκολούθουν","ἀκολουθέω"
"41","02","15","RP","DSM","αὐτῷ.","αὐτῷ","αὐτῷ","αὐτός"
"41","02","16","C","","καὶ","καὶ","καί","καί"
"41","02","16","RA","NPM","οἱ","οἱ","οἱ","ὁ"
"41","02","16","N","NPM","γραμματεῖς","γραμματεῖς","γραμματεῖς","γραμματεύς"
"41","02","16","RA","GPM","⸂τῶν","τῶν","τῶν","ὁ"
"41","02","16","N","GPM","Φαρισαίων⸃","Φαρισαίων","Φαρισαίων","Φαρισαῖος"
"41","02","16","V","AAPNPM","⸀ἰδόντες","ἰδόντες","ἰδόντες","ὁράω"
"41","02","16","C","","⸂ὅτι","ὅτι","ὅτι","ὅτι"
"41","02","16","V","3PAI-S","ἐσθίει⸃","ἐσθίει","ἐσθίει","ἐσθίω"
"41","02","16","P","","μετὰ","μετὰ","μετά","μετά"
"41","02","16","RA","GPM","τῶν","τῶν","τῶν","ὁ"
"41","02","16","A","GPM","⸂ἁμαρτωλῶν","ἁμαρτωλῶν","ἁμαρτωλῶν","ἁμαρτωλός"
"41","02","16","C","","καὶ","καὶ","καί","καί"
"41","02","16","N","GPM","τελωνῶν⸃","τελωνῶν","τελωνῶν","τελώνης"
"41","02","16","V","3IAI-P","ἔλεγον","ἔλεγον","ἔλεγον","λέγω"
"41","02","16","RA","DPM","τοῖς","τοῖς","τοῖς","ὁ"
"41","02","16","N","DPM","μαθηταῖς","μαθηταῖς","μαθηταῖς","μαθητής"
"41","02","16","RP","GSM","αὐτοῦ·","αὐτοῦ","αὐτοῦ","αὐτός"
"41","02","16","D","","⸀Ὅτι","Ὅτι","ὅτι","ὅτι"
"41","02","16","P","","μετὰ","μετὰ","μετά","μετά"
"41","02","16","RA","GPM","τῶν","τῶν","τῶν","ὁ"
"41","02","16","N","GPM","⸂τελωνῶν","τελωνῶν","τελωνῶν","τελώνης"
"41","02","16","C","","καὶ","καὶ","καί","καί"
"41","02","16","A","GPM","ἁμαρτωλῶν⸃","ἁμαρτωλῶν","ἁμαρτωλῶν","ἁμαρτωλός"
"41","02","16","V","3PAI-S","⸀ἐσθίει;","ἐσθίει","ἐσθίει","ἐσθίω"
"41","02","17","C","","καὶ","καὶ","καί","καί"
"41","02","17","V","AAPNSM","ἀκούσας","ἀκούσας","ἀκούσας","ἀκούω"
"41","02","17","RA","NSM","ὁ","ὁ","ὁ","ὁ"
"41","02","17","N","NSM","Ἰησοῦς","Ἰησοῦς","Ἰησοῦς","Ἰησοῦς"
"41","02","17","V","3PAI-S","λέγει","λέγει","λέγει","λέγω"
"41","02","17","RP","DPM","αὐτοῖς","αὐτοῖς","αὐτοῖς","αὐτός"
"41","02","17","C","","⸀ὅτι","ὅτι","ὅτι","ὅτι"
"41","02","17","D","","Οὐ","Οὐ","οὐ","οὐ"
"41","02","17","N","ASF","χρείαν","χρείαν","χρείαν","χρεία"
"41","02","17","V","3PAI-P","ἔχουσιν","ἔχουσιν","ἔχουσι(ν)","ἔχω"
"41","02","17","RA","NPM","οἱ","οἱ","οἱ","ὁ"
"41","02","17","V","PAPNPM","ἰσχύοντες","ἰσχύοντες","ἰσχύοντες","ἰσχύω"
"41","02","17","N","GSM","ἰατροῦ","ἰατροῦ","ἰατροῦ","ἰατρός"
"41","02","17","C","","ἀλλ’","ἀλλ’","ἀλλά","ἀλλά"
"41","02","17","RA","NPM","οἱ","οἱ","οἱ","ὁ"
"41","02","17","D","","κακῶς","κακῶς","κακῶς","κακῶς"
"41","02","17","V","PAPNPM","ἔχοντες·","ἔχοντες","ἔχοντες","ἔχω"
"41","02","17","D","","οὐκ","οὐκ","οὐ","οὐ"
"41","02","17","V","1AAI-S","ἦλθον","ἦλθον","ἦλθον","ἔρχομαι"
"41","02","17","V","AAN","καλέσαι","καλέσαι","καλέσαι","καλέω"
"41","02","17","A","APM","δικαίους","δικαίους","δικαίους","δίκαιος"
"41","02","17","C","","ἀλλὰ","ἀλλὰ","ἀλλά","ἀλλά"
"41","02","17","A","APM","⸀ἁμαρτωλούς.","ἁμαρτωλούς","ἁμαρτωλούς","ἁμαρτωλός"
"41","02","18","C","","Καὶ","Καὶ","καί","καί"
"41","02","18","V","3IAI-P","ἦσαν","ἦσαν","ἦσαν","εἰμί"
"41","02","18","RA","NPM","οἱ","οἱ","οἱ","ὁ"
"41","02","18","N","NPM","μαθηταὶ","μαθηταὶ","μαθηταί","μαθητής"
"41","02","18","N","GSM","Ἰωάννου","Ἰωάννου","Ἰωάννου","Ἰωάννης"
"41","02","18","C","","καὶ","καὶ","καί","καί"
"41","02","18","RA","NPM","οἱ","οἱ","οἱ","ὁ"
"41","02","18","N","NPM","⸀Φαρισαῖοι","Φαρισαῖοι","Φαρισαῖοι","Φαρισαῖος"
"41","02","18","V","PAPNPM","νηστεύοντες.","νηστεύοντες","νηστεύοντες","νηστεύω"
"41","02","18","C","","καὶ","καὶ","καί","καί"
"41","02","18","V","3PMI-P","ἔρχονται","ἔρχονται","ἔρχονται","ἔρχομαι"
"41","02","18","C","","καὶ","καὶ","καί","καί"
"41","02","18","V","3PAI-P","λέγουσιν","λέγουσιν","λέγουσι(ν)","λέγω"
"41","02","18","RP","DSM","αὐτῷ·","αὐτῷ","αὐτῷ","αὐτός"
"41","02","18","P","","Διὰ","Διὰ","διά","διά"
"41","02","18","RI","ASN","τί","τί","τί","τίς"
"41","02","18","RA","NPM","οἱ","οἱ","οἱ","ὁ"
"41","02","18","N","NPM","μαθηταὶ","μαθηταὶ","μαθηταί","μαθητής"
"41","02","18","N","GSM","Ἰωάννου","Ἰωάννου","Ἰωάννου","Ἰωάννης"
"41","02","18","C","","καὶ","καὶ","καί","καί"
"41","02","18","RA","NPM","οἱ","οἱ","οἱ","ὁ"
"41","02","18","N","NPM","⸀μαθηταὶ","μαθηταὶ","μαθηταί","μαθητής"
"41","02","18","RA","GPM","τῶν","τῶν","τῶν","ὁ"
"41","02","18","N","GPM","Φαρισαίων","Φαρισαίων","Φαρισαίων","Φαρισαῖος"
"41","02","18","V","3PAI-P","νηστεύουσιν,","νηστεύουσιν","νηστεύουσι(ν)","νηστεύω"
"41","02","18","RA","NPM","οἱ","οἱ","οἱ","ὁ"
"41","02","18","C","","δὲ","δὲ","δέ","δέ"
"41","02","18","A","NPM","σοὶ","σοὶ","σοί","σός"
"41","02","18","N","NPM","μαθηταὶ","μαθηταὶ","μαθηταί","μαθητής"
"41","02","18","D","","οὐ","οὐ","οὐ","οὐ"
"41","02","18","V","3PAI-P","νηστεύουσιν;","νηστεύουσιν","νηστεύουσι(ν)","νηστεύω"
"41","02","19","C","","καὶ","καὶ","καί","καί"
"41","02","19","V","3AAI-S","εἶπεν","εἶπεν","εἶπε(ν)","λέγω"
"41","02","19","RP","DPM","αὐτοῖς","αὐτοῖς","αὐτοῖς","αὐτός"
"41","02","19","RA","NSM","ὁ","ὁ","ὁ","ὁ"
"41","02","19","N","NSM","Ἰησοῦς·","Ἰησοῦς","Ἰησοῦς","Ἰησοῦς"
"41","02","19","X","","Μὴ","Μὴ","μή","μή"
"41","02","19","V","3PMI-P","δύνανται","δύνανται","δύνανται","δύναμαι"
"41","02","19","RA","NPM","οἱ","οἱ","οἱ","ὁ"
"41","02","19","N","NPM","υἱοὶ","υἱοὶ","υἱοί","υἱός"
"41","02","19","RA","GSM","τοῦ","τοῦ","τοῦ","ὁ"
"41","02","19","N","GSM","νυμφῶνος","νυμφῶνος","νυμφῶνος","νυμφών"
"41","02","19","P","","ἐν","ἐν","ἐν","ἐν"
"41","02","19","RR","DSM","ᾧ","ᾧ","ᾧ","ὅς"
"41","02","19","RA","NSM","ὁ","ὁ","ὁ","ὁ"
"41","02","19","N","NSM","νυμφίος","νυμφίος","νυμφίος","νυμφίος"
"41","02","19","P","","μετ’","μετ’","μετά","μετά"
"41","02","19","RP","GPM","αὐτῶν","αὐτῶν","αὐτῶν","αὐτός"
"41","02","19","V","3PAI-S","ἐστιν","ἐστιν","ἐστί(ν)","εἰμί"
"41","02","19","V","PAN","νηστεύειν;","νηστεύειν","νηστεύειν","νηστεύω"
"41","02","19","RR","ASM","ὅσον","ὅσον","ὅσον","ὅσος"
"41","02","19","N","ASM","χρόνον","χρόνον","χρόνον","χρόνος"
"41","02","19","V","3PAI-P","⸂ἔχουσιν","ἔχουσιν","ἔχουσι(ν)","ἔχω"
"41","02","19","RA","ASM","τὸν","τὸν","τόν","ὁ"
"41","02","19","N","ASM","νυμφίον","νυμφίον","νυμφίον","νυμφίος"
"41","02","19","P","","μετ’","μετ’","μετά","μετά"
"41","02","19","RP","GPM","αὐτῶν⸃","αὐτῶν","αὐτῶν","αὐτός"
"41","02","19","D","","οὐ","οὐ","οὐ","οὐ"
"41","02","19","V","3PMI-P","δύνανται","δύνανται","δύνανται","δύναμαι"
"41","02","19","V","PAN","νηστεύειν·","νηστεύειν","νηστεύειν","νηστεύω"
"41","02","20","V","3FMI-P","ἐλεύσονται","ἐλεύσονται","ἐλεύσονται","ἔρχομαι"
"41","02","20","C","","δὲ","δὲ","δέ","δέ"
"41","02","20","N","NPF","ἡμέραι","ἡμέραι","ἡμέραι","ἡμέρα"
"41","02","20","D","","ὅταν","ὅταν","ὅταν","ὅταν"
"41","02","20","V","3APS-S","ἀπαρθῇ","ἀπαρθῇ","ἀπαρθῇ","ἀπαίρω"
"41","02","20","P","","ἀπ’","ἀπ’","ἀπό","ἀπό"
"41","02","20","RP","GPM","αὐτῶν","αὐτῶν","αὐτῶν","αὐτός"
"41","02","20","RA","NSM","ὁ","ὁ","ὁ","ὁ"
"41","02","20","N","NSM","νυμφίος,","νυμφίος","νυμφίος","νυμφίος"
"41","02","20","C","","καὶ","καὶ","καί","καί"
"41","02","20","D","","τότε","τότε","τότε","τότε"
"41","02","20","V","3FAI-P","νηστεύσουσιν","νηστεύσουσιν","νηστεύσουσι(ν)","νηστεύω"
"41","02","20","P","","ἐν","ἐν","ἐν","ἐν"
"41","02","20","RD","DSF","⸂ἐκείνῃ","ἐκείνῃ","ἐκείνῃ","ἐκεῖνος"
"41","02","20","RA","DSF","τῇ","τῇ","τῇ","ὁ"
"41","02","20","N","DSF","ἡμέρᾳ⸃.","ἡμέρᾳ","ἡμέρᾳ","ἡμέρα"
"41","02","21","A","NSM","⸀Οὐδεὶς","Οὐδεὶς","οὐδείς","οὐδείς"
"41","02","21","N","ASN","ἐπίβλημα","ἐπίβλημα","ἐπίβλημα","ἐπίβλημα"
"41","02","21","N","GSN","ῥάκους","ῥάκους","ῥάκους","ῥάκος"
"41","02","21","A","GSN","ἀγνάφου","ἀγνάφου","ἀγνάφου","ἄγναφος"
"41","02","21","V","3PAI-S","ἐπιράπτει","ἐπιράπτει","ἐπιράπτει","ἐπιράπτω"
"41","02","21","P","","ἐπὶ","ἐπὶ","ἐπί","ἐπί"
"41","02","21","N","ASN","⸂ἱμάτιον","ἱμάτιον","ἱμάτιον","ἱμάτιον"
"41","02","21","A","ASN","παλαιόν⸃·","παλαιόν","παλαιόν","παλαιός"
"41","02","21","C","","εἰ","εἰ","εἰ","εἰ"
"41","02","21","C","","δὲ","δὲ","δέ","δέ"
"41","02","21","D","","μή,","μή","μή","μή"
"41","02","21","V","3PAI-S","αἴρει","αἴρει","αἴρει","αἴρω"
"41","02","21","RA","ASN","τὸ","τὸ","τό","ὁ"
"41","02","21","N","ASN","πλήρωμα","πλήρωμα","πλήρωμα","πλήρωμα"
"41","02","21","P","","⸀ἀπ’","ἀπ’","ἀπό","ἀπό"
"41","02","21","RP","GSN","αὐτοῦ","αὐτοῦ","αὐτοῦ","αὐτός"
"41","02","21","RA","NSN","τὸ","τὸ","τό","ὁ"
"41","02","21","A","NSN","καινὸν","καινὸν","καινόν","καινός"
"41","02","21","RA","GSN","τοῦ","τοῦ","τοῦ","ὁ"
"41","02","21","A","GSN","παλαιοῦ,","παλαιοῦ","παλαιοῦ","παλαιός"
"41","02","21","C","","καὶ","καὶ","καί","καί"
"41","02","21","A","NSNC","χεῖρον","χεῖρον","χεῖρον","χείρων"
"41","02","21","N","NSN","σχίσμα","σχίσμα","σχίσμα","σχίσμα"
"41","02","21","V","3PMI-S","γίνεται.","γίνεται","γίνεται","γίνομαι"
"41","02","22","C","","καὶ","καὶ","καί","καί"
"41","02","22","A","NSM","οὐδεὶς","οὐδεὶς","οὐδείς","οὐδείς"
"41","02","22","V","3PAI-S","βάλλει","βάλλει","βάλλει","βάλλω"
"41","02","22","N","ASM","οἶνον","οἶνον","οἶνον","οἶνος"
"41","02","22","A","ASM","νέον","νέον","νέον","νέος"
"41","02","22","P","","εἰς","εἰς","εἰς","εἰς"
"41","02","22","N","APM","ἀσκοὺς","ἀσκοὺς","ἀσκούς","ἀσκός"
"41","02","22","A","APM","παλαιούς·","παλαιούς","παλαιούς","παλαιός"
"41","02","22","C","","εἰ","εἰ","εἰ","εἰ"
"41","02","22","C","","δὲ","δὲ","δέ","δέ"
"41","02","22","D","","μή,","μή","μή","μή"
"41","02","22","V","3FAI-S","⸂ῥήξει","ῥήξει","ῥήξει","ῥήγνυμι"
"41","02","22","RA","NSM","ὁ","ὁ","ὁ","ὁ"
"41","02","22","N","NSM","οἶνος⸃","οἶνος","οἶνος","οἶνος"
"41","02","22","RA","APM","τοὺς","τοὺς","τούς","ὁ"
"41","02","22","N","APM","ἀσκούς,","ἀσκούς","ἀσκούς","ἀσκός"
"41","02","22","C","","καὶ","καὶ","καί","καί"
"41","02","22","RA","NSM","ὁ","ὁ","ὁ","ὁ"
"41","02","22","N","NSM","οἶνος","οἶνος","οἶνος","οἶνος"
"41","02","22","V","3PPI-S","⸂ἀπόλλυται","ἀπόλλυται","ἀπόλλυται","ἀπόλλυμι"
"41","02","22","C","","καὶ","καὶ","καί","καί"
"41","02","22","RA","NPM","οἱ","οἱ","οἱ","ὁ"
"41","02","22","N","NPM","ἀσκοί⸃.","ἀσκοί","ἀσκοί","ἀσκός"
"41","02","22","C","","ἀλλὰ","ἀλλὰ","ἀλλά","ἀλλά"
"41","02","22","N","ASM","οἶνον","οἶνον","οἶνον","οἶνος"
"41","02","22","A","ASM","νέον","νέον","νέον","νέος"
"41","02","22","P","","εἰς","εἰς","εἰς","εἰς"
"41","02","22","N","APM","ἀσκοὺς","ἀσκοὺς","ἀσκούς","ἀσκός"
"41","02","22","A","APM","⸀καινούς.","καινούς","καινούς","καινός"
"41","02","23","C","","Καὶ","Καὶ","καί","καί"
"41","02","23","V","3AMI-S","ἐγένετο","ἐγένετο","ἐγένετο","γίνομαι"
"41","02","23","RP","ASM","⸂αὐτὸν","αὐτὸν","αὐτόν","αὐτός"
"41","02","23","P","","ἐν","ἐν","ἐν","ἐν"
"41","02","23","RA","DPN","τοῖς","τοῖς","τοῖς","ὁ"
"41","02","23","N","DPN","σάββασιν","σάββασιν","σάββασι(ν)","σάββατον"
"41","02","23","V","PMN","παραπορεύεσθαι⸃","παραπορεύεσθαι","παραπορεύεσθαι","παραπορεύομαι"
"41","02","23","P","","διὰ","διὰ","διά","διά"
"41","02","23","RA","GPN","τῶν","τῶν","τῶν","ὁ"
"41","02","23","A","GPN","σπορίμων,","σπορίμων","σπορίμων","σπόριμος"
"41","02","23","C","","καὶ","καὶ","καί","καί"
"41","02","23","RA","NPM","⸂οἱ","οἱ","οἱ","ὁ"
"41","02","23","N","NPM","μαθηταὶ","μαθηταὶ","μαθηταί","μαθητής"
"41","02","23","RP","GSM","αὐτοῦ","αὐτοῦ","αὐτοῦ","αὐτός"
"41","02","23","V","3AMI-P","ἤρξαντο⸃","ἤρξαντο","ἤρξαντο","ἄρχω"
"41","02","23","N","ASF","ὁδὸν","ὁδὸν","ὁδόν","ὁδός"
"41","02","23","V","PAN","ποιεῖν","ποιεῖν","ποιεῖν","ποιέω"
"41","02","23","V","PAPNPM","τίλλοντες","τίλλοντες","τίλλοντες","τίλλω"
"41","02","23","RA","APM","τοὺς","τοὺς","τούς","ὁ"
"41","02","23","N","APM","στάχυας.","στάχυας","στάχυας","στάχυς"
"41","02","24","C","","καὶ","καὶ","καί","καί"
"41","02","24","RA","NPM","οἱ","οἱ","οἱ","ὁ"
"41","02","24","N","NPM","Φαρισαῖοι","Φαρισαῖοι","Φαρισαῖοι","Φαρισαῖος"
"41","02","24","V","3IAI-P","ἔλεγον","ἔλεγον","ἔλεγον","λέγω"
"41","02","24","RP","DSM","αὐτῷ·","αὐτῷ","αὐτῷ","αὐτός"
"41","02","24","X","","Ἴδε","Ἴδε","ἴδε","ἴδε"
"41","02","24","RI","ASN","τί","τί","τί","τίς"
"41","02","24","V","3PAI-P","⸀ποιοῦσιν","ποιοῦσιν","ποιοῦσι(ν)","ποιέω"
"41","02","24","RA","DPN","τοῖς","τοῖς","τοῖς","ὁ"
"41","02","24","N","DPN","σάββασιν","σάββασιν","σάββασι(ν)","σάββατον"
"41","02","24","RR","NSN","ὃ","ὃ","ὅ","ὅς"
"41","02","24","D","","οὐκ","οὐκ","οὐ","οὐ"
"41","02","24","V","3PAI-S","ἔξεστιν;","ἔξεστιν","ἔξεστι(ν)","ἔξεστι(ν)"
"41","02","25","C","","καὶ","καὶ","καί","καί"
"41","02","25","V","3PAI-S","⸀λέγει","λέγει","λέγει","λέγω"
"41","02","25","RP","DPM","αὐτοῖς·","αὐτοῖς","αὐτοῖς","αὐτός"
"41","02","25","D","","Οὐδέποτε","Οὐδέποτε","οὐδέποτε","οὐδέποτε"
"41","02","25","V","2AAI-P","ἀνέγνωτε","ἀνέγνωτε","ἀνέγνωτε","ἀναγινώσκω"
"41","02","25","RI","ASN","τί","τί","τί","τίς"
"41","02","25","V","3AAI-S","ἐποίησεν","ἐποίησεν","ἐποίησε(ν)","ποιέω"
"41","02","25","N","NSM","Δαυὶδ","Δαυὶδ","Δαυίδ","Δαυίδ"
"41","02","25","C","","ὅτε","ὅτε","ὅτε","ὅτε"
"41","02","25","N","ASF","χρείαν","χρείαν","χρείαν","χρεία"
"41","02","25","V","3AAI-S","ἔσχεν","ἔσχεν","ἔσχε(ν)","ἔχω"
"41","02","25","C","","καὶ","καὶ","καί","καί"
"41","02","25","V","3AAI-S","ἐπείνασεν","ἐπείνασεν","ἐπείνασε(ν)","πεινάω"
"41","02","25","RP","NSM","αὐτὸς","αὐτὸς","αὐτός","αὐτός"
"41","02","25","C","","καὶ","καὶ","καί","καί"
"41","02","25","RA","NPM","οἱ","οἱ","οἱ","ὁ"
"41","02","25","P","","μετ’","μετ’","μετά","μετά"
"41","02","25","RP","GSM","αὐτοῦ;","αὐτοῦ","αὐτοῦ","αὐτός"
"41","02","26","C","","⸀πῶς","πῶς","πῶς","πῶς"
"41","02","26","V","3AAI-S","εἰσῆλθεν","εἰσῆλθεν","εἰσῆλθε(ν)","εἰσέρχομαι"
"41","02","26","P","","εἰς","εἰς","εἰς","εἰς"
"41","02","26","RA","ASM","τὸν","τὸν","τόν","ὁ"
"41","02","26","N","ASM","οἶκον","οἶκον","οἶκον","οἶκος"
"41","02","26","RA","GSM","τοῦ","τοῦ","τοῦ","ὁ"
"41","02","26","N","GSM","θεοῦ","θεοῦ","θεοῦ","θεός"
"41","02","26","P","","ἐπὶ","ἐπὶ","ἐπί","ἐπί"
"41","02","26","N","GSM","Ἀβιαθὰρ","Ἀβιαθὰρ","Ἀβιαθάρ","Ἀβιαθάρ"
"41","02","26","N","GSM","ἀρχιερέως","ἀρχιερέως","ἀρχιερέως","ἀρχιερεύς"
"41","02","26","C","","καὶ","καὶ","καί","καί"
"41","02","26","RA","APM","τοὺς","τοὺς","τούς","ὁ"
"41","02","26","N","APM","ἄρτους","ἄρτους","ἄρτους","ἄρτος"
"41","02","26","RA","GSF","τῆς","τῆς","τῆς","ὁ"
"41","02","26","N","GSF","προθέσεως","προθέσεως","προθέσεως","πρόθεσις"
"41","02","26","V","3AAI-S","ἔφαγεν,","ἔφαγεν","ἔφαγε(ν)","ἐσθίω"
"41","02","26","RR","APM","οὓς","οὓς","οὕς","ὅς"
"41","02","26","D","","οὐκ","οὐκ","οὐ","οὐ"
"41","02","26","V","3PAI-S","ἔξεστιν","ἔξεστιν","ἔξεστι(ν)","ἔξεστι(ν)"
"41","02","26","V","AAN","φαγεῖν","φαγεῖν","φαγεῖν","ἐσθίω"
"41","02","26","C","","εἰ","εἰ","εἰ","εἰ"
"41","02","26","D","","μὴ","μὴ","μή","μή"
"41","02","26","RA","APM","⸂τοὺς","τοὺς","τούς","ὁ"
"41","02","26","N","APM","ἱερεῖς⸃,","ἱερεῖς","ἱερεῖς","ἱερεύς"
"41","02","26","C","","καὶ","καὶ","καί","καί"
"41","02","26","V","3AAI-S","ἔδωκεν","ἔδωκεν","ἔδωκε(ν)","δίδωμι"
"41","02","26","D","","καὶ","καὶ","καί","καί"
"41","02","26","RA","DPM","τοῖς","τοῖς","τοῖς","ὁ"
"41","02","26","P","","σὺν","σὺν","σύν","σύν"
"41","02","26","RP","DSM","αὐτῷ","αὐτῷ","αὐτῷ","αὐτός"
"41","02","26","V","PAPDPM","οὖσιν;","οὖσιν","οὖσι(ν)","εἰμί"
"41","02","27","C","","καὶ","καὶ","καί","καί"
"41","02","27","V","3IAI-S","ἔλεγεν","ἔλεγεν","ἔλεγε(ν)","λέγω"
"41","02","27","RP","DPM","αὐτοῖς·","αὐτοῖς","αὐτοῖς","αὐτός"
"41","02","27","RA","NSN","Τὸ","Τὸ","τό","ὁ"
"41","02","27","N","NSN","σάββατον","σάββατον","σάββατον","σάββατον"
"41","02","27","P","","διὰ","διὰ","διά","διά"
"41","02","27","RA","ASM","τὸν","τὸν","τόν","ὁ"
"41","02","27","N","ASM","ἄνθρωπον","ἄνθρωπον","ἄνθρωπον","ἄνθρωπος"
"41","02","27","V","3AMI-S","ἐγένετο","ἐγένετο","ἐγένετο","γίνομαι"
"41","02","27","C","","⸀καὶ","καὶ","καί","καί"
"41","02","27","D","","οὐχ","οὐχ","οὐ","οὐ"
"41","02","27","RA","NSM","ὁ","ὁ","ὁ","ὁ"
"41","02","27","N","NSM","ἄνθρωπος","ἄνθρωπος","ἄνθρωπος","ἄνθρωπος"
"41","02","27","P","","διὰ","διὰ","διά","διά"
"41","02","27","RA","ASN","τὸ","τὸ","τό","ὁ"
"41","02","27","N","ASN","σάββατον·","σάββατον","σάββατον","σάββατον"
"41","02","28","C","","ὥστε","ὥστε","ὥστε","ὥστε"
"41","02","28","N","NSM","κύριός","κύριός","κύριος","κύριος"
"41","02","28","V","3PAI-S","ἐστιν","ἐστιν","ἐστί(ν)","εἰμί"
"41","02","28","RA","NSM","ὁ","ὁ","ὁ","ὁ"
"41","02","28","N","NSM","υἱὸς","υἱὸς","υἱός","υἱός"
"41","02","28","RA","GSM","τοῦ","τοῦ","τοῦ","ὁ"
"41","02","28","N","GSM","ἀνθρώπου","ἀνθρώπου","ἀνθρώπου","ἄνθρωπος"
"41","02","28","D","","καὶ","καὶ","καί","καί"
"41","02","28","RA","GSN","τοῦ","τοῦ","τοῦ","ὁ"
"41","02","28","N","GSN","σαββάτου.","σαββάτου","σαββάτου","σάββατον"
"41","03","01","C","","Καὶ","Καὶ","καί","καί"
"41","03","01","V","3AAI-S","εἰσῆλθεν","εἰσῆλθεν","εἰσῆλθε(ν)","εἰσέρχομαι"
"41","03","01","D","","πάλιν","πάλιν","πάλιν","πάλιν"
"41","03","01","P","","⸀εἰς","εἰς","εἰς","εἰς"
"41","03","01","N","ASF","συναγωγήν,","συναγωγήν","συναγωγήν","συναγωγή"
"41","03","01","C","","καὶ","καὶ","καί","καί"
"41","03","01","V","3IAI-S","ἦν","ἦν","ἦν","εἰμί"
"41","03","01","D","","ἐκεῖ","ἐκεῖ","ἐκεῖ","ἐκεῖ"
"41","03","01","N","NSM","ἄνθρωπος","ἄνθρωπος","ἄνθρωπος","ἄνθρωπος"
"41","03","01","V","XPPASF","ἐξηραμμένην","ἐξηραμμένην","ἐξηραμμένην","ξηραίνω"
"41","03","01","V","PAPNSM","ἔχων","ἔχων","ἔχων","ἔχω"
"41","03","01","RA","ASF","τὴν","τὴν","τήν","ὁ"
"41","03","01","N","ASF","χεῖρα.","χεῖρα","χεῖρα","χείρ"
"41","03","02","C","","καὶ","καὶ","καί","καί"
"41","03","02","V","3IAI-P","παρετήρουν","παρετήρουν","παρετήρουν","παρατηρέω"
"41","03","02","RP","ASM","αὐτὸν","αὐτὸν","αὐτόν","αὐτός"
"41","03","02","X","","εἰ","εἰ","εἰ","εἰ"
"41","03","02","RA","DPN","τοῖς","τοῖς","τοῖς","ὁ"
"41","03","02","N","DPN","σάββασιν","σάββασιν","σάββασι(ν)","σάββατον"
"41","03","02","V","3FAI-S","θεραπεύσει","θεραπεύσει","θεραπεύσει","θεραπεύω"
"41","03","02","RP","ASM","αὐτόν,","αὐτόν","αὐτόν","αὐτός"
"41","03","02","C","","ἵνα","ἵνα","ἵνα","ἵνα"
"41","03","02","V","3AAS-P","⸀κατηγορήσωσιν","κατηγορήσωσιν","κατηγορήσωσι(ν)","κατηγορέω"
"41","03","02","RP","GSM","αὐτοῦ.","αὐτοῦ","αὐτοῦ","αὐτός"
"41","03","03","C","","καὶ","καὶ","καί","καί"
"41","03","03","V","3PAI-S","λέγει","λέγει","λέγει","λέγω"
"41","03","03","RA","DSM","τῷ","τῷ","τῷ","ὁ"
"41","03","03","N","DSM","ἀνθρώπῳ","ἀνθρώπῳ","ἀνθρώπῳ","ἄνθρωπος"
"41","03","03","RA","DSM","τῷ","τῷ","τῷ","ὁ"
"41","03","03","RA","ASF","⸂τὴν","τὴν","τήν","ὁ"
"41","03","03","N","ASF","χεῖρα","χεῖρα","χεῖρα","χείρ"
"41","03","03","V","PAPDSM","ἔχοντι","ἔχοντι","ἔχοντι","ἔχω"
"41","03","03","A","ASF","ξηράν⸃·","ξηράν","ξηράν","ξηρός"
"41","03","03","V","2PAD-S","⸀Ἔγειρε","Ἔγειρε","ἔγειρε","ἐγείρω"
"41","03","03","P","","εἰς","εἰς","εἰς","εἰς"
"41","03","03","RA","ASN","τὸ","τὸ","τό","ὁ"
"41","03","03","A","ASN","μέσον.","μέσον","μέσον","μέσος"
"41","03","04","C","","καὶ","καὶ","καί","καί"
"41","03","04","V","3PAI-S","λέγει","λέγει","λέγει","λέγω"
"41","03","04","RP","DPM","αὐτοῖς·","αὐτοῖς","αὐτοῖς","αὐτός"
"41","03","04","V","3PAI-S","Ἔξεστιν","Ἔξεστιν","ἔξεστι(ν)","ἔξεστι(ν)"
"41","03","04","RA","DPN","τοῖς","τοῖς","τοῖς","ὁ"
"41","03","04","N","DPN","σάββασιν","σάββασιν","σάββασι(ν)","σάββατον"
"41","03","04","V","AAN","⸀ἀγαθοποιῆσαι","ἀγαθοποιῆσαι","ἀγαθοποιῆσαι","ἀγαθοποιέω"
"41","03","04","C","","ἢ","ἢ","ἤ","ἤ"
"41","03","04","V","AAN","κακοποιῆσαι,","κακοποιῆσαι","κακοποιῆσαι","κακοποιέω"
"41","03","04","N","ASF","ψυχὴν","ψυχὴν","ψυχήν","ψυχή"
"41","03","04","V","AAN","σῶσαι","σῶσαι","σῶσαι","σῴζω"
"41","03","04","C","","ἢ","ἢ","ἤ","ἤ"
"41","03","04","V","AAN","ἀποκτεῖναι;","ἀποκτεῖναι","ἀποκτεῖναι","ἀποκτείνω"
"41","03","04","RA","NPM","οἱ","οἱ","οἱ","ὁ"
"41","03","04","C","","δὲ","δὲ","δέ","δέ"
"41","03","04","V","3IAI-P","ἐσιώπων.","ἐσιώπων","ἐσιώπων","σιωπάω"
"41","03","05","C","","καὶ","καὶ","καί","καί"
"41","03","05","V","AMPNSM","περιβλεψάμενος","περιβλεψάμενος","περιβλεψάμενος","περιβλέπομαι"
"41","03","05","RP","APM","αὐτοὺς","αὐτοὺς","αὐτούς","αὐτός"
"41","03","05","P","","μετ’","μετ’","μετά","μετά"
"41","03","05","N","GSF","ὀργῆς,","ὀργῆς","ὀργῆς","ὀργή"
"41","03","05","V","PMPNSM","συλλυπούμενος","συλλυπούμενος","συλλυπούμενος","συλλυπέομαι"
"41","03","05","P","","ἐπὶ","ἐπὶ","ἐπί","ἐπί"
"41","03","05","RA","DSF","τῇ","τῇ","τῇ","ὁ"
"41","03","05","N","DSF","πωρώσει","πωρώσει","πωρώσει","πώρωσις"
"41","03","05","RA","GSF","τῆς","τῆς","τῆς","ὁ"
"41","03","05","N","GSF","καρδίας","καρδίας","καρδίας","καρδία"
"41","03","05","RP","GPM","αὐτῶν,","αὐτῶν","αὐτῶν","αὐτός"
"41","03","05","V","3PAI-S","λέγει","λέγει","λέγει","λέγω"
"41","03","05","RA","DSM","τῷ","τῷ","τῷ","ὁ"
"41","03","05","N","DSM","ἀνθρώπῳ·","ἀνθρώπῳ","ἀνθρώπῳ","ἄνθρωπος"
"41","03","05","V","2AAD-S","Ἔκτεινον","Ἔκτεινον","ἔκτεινον","ἐκτείνω"
"41","03","05","RA","ASF","τὴν","τὴν","τήν","ὁ"
"41","03","05","N","ASF","⸀χεῖρα·","χεῖρα","χεῖρα","χείρ"
"41","03","05","C","","καὶ","καὶ","καί","καί"
"41","03","05","V","3AAI-S","ἐξέτεινεν,","ἐξέτεινεν","ἐξέτεινε(ν)","ἐκτείνω"
"41","03","05","C","","καὶ","καὶ","καί","καί"
"41","03","05","V","3API-S","ἀπεκατεστάθη","ἀπεκατεστάθη","ἀπεκατεστάθη","ἀποκαθίστημι"
"41","03","05","RA","NSF","ἡ","ἡ","ἡ","ὁ"
"41","03","05","N","NSF","χεὶρ","χεὶρ","χείρ","χείρ"
"41","03","05","RP","GSM","⸀αὐτοῦ.","αὐτοῦ","αὐτοῦ","αὐτός"
"41","03","06","C","","καὶ","καὶ","καί","καί"
"41","03","06","V","AAPNPM","ἐξελθόντες","ἐξελθόντες","ἐξελθόντες","ἐξέρχομαι"
"41","03","06","RA","NPM","οἱ","οἱ","οἱ","ὁ"
"41","03","06","N","NPM","Φαρισαῖοι","Φαρισαῖοι","Φαρισαῖοι","Φαρισαῖος"
"41","03","06","A","NSM","⸀εὐθὺς","εὐθὺς","εὐθύς","εὐθύς"
"41","03","06","P","","μετὰ","μετὰ","μετά","μετά"
"41","03","06","RA","GPM","τῶν","τῶν","τῶν","ὁ"
"41","03","06","N","GPM","Ἡρῳδιανῶν","Ἡρῳδιανῶν","Ἡρῳδιανῶν","Ἡρῳδιανοί"
"41","03","06","N","ASN","συμβούλιον","συμβούλιον","συμβούλιον","συμβούλιον"
"41","03","06","V","3IAI-P","⸀ἐδίδουν","ἐδίδουν","ἐδίδουν","δίδωμι"
"41","03","06","P","","κατ’","κατ’","κατά","κατά"
"41","03","06","RP","GSM","αὐτοῦ","αὐτοῦ","αὐτοῦ","αὐτός"
"41","03","06","C","","ὅπως","ὅπως","ὅπως","ὅπως"
"41","03","06","RP","ASM","αὐτὸν","αὐτὸν","αὐτόν","αὐτός"
"41","03","06","V","3AAS-P","ἀπολέσωσιν.","ἀπολέσωσιν","ἀπολέσωσι(ν)","ἀπόλλυμι"
"41","03","07","C","","Καὶ","Καὶ","καί","καί"
"41","03","07","RA","NSM","ὁ","ὁ","ὁ","ὁ"
"41","03","07","N","NSM","Ἰησοῦς","Ἰησοῦς","Ἰησοῦς","Ἰησοῦς"
"41","03","07","P","","⸂μετὰ","μετὰ","μετά","μετά"
"41","03","07","RA","GPM","τῶν","τῶν","τῶν","ὁ"
"41","03","07","N","GPM","μαθητῶν","μαθητῶν","μαθητῶν","μαθητής"
"41","03","07","RP","GSM","αὐτοῦ","αὐτοῦ","αὐτοῦ","αὐτός"
"41","03","07","V","3AAI-S","ἀνεχώρησεν⸃","ἀνεχώρησεν","ἀνεχώρησε(ν)","ἀναχωρέω"
"41","03","07","P","","πρὸς","πρὸς","πρός","πρός"
"41","03","07","RA","ASF","τὴν","τὴν","τήν","ὁ"
"41","03","07","N","ASF","θάλασσαν·","θάλασσαν","θάλασσαν","θάλασσα"
"41","03","07","C","","καὶ","καὶ","καί","καί"
"41","03","07","A","NSN","πολὺ","πολὺ","πολύ","πολύς"
"41","03","07","N","NSN","πλῆθος","πλῆθος","πλῆθος","πλῆθος"
"41","03","07","P","","ἀπὸ","ἀπὸ","ἀπό","ἀπό"
"41","03","07","RA","GSF","τῆς","τῆς","τῆς","ὁ"
"41","03","07","N","GSF","Γαλιλαίας","Γαλιλαίας","Γαλιλαίας","Γαλιλαία"
"41","03","07","V","3AAI-S","⸀ἠκολούθησεν,","ἠκολούθησεν","ἠκολούθησε(ν)","ἀκολουθέω"
"41","03","07","C","","καὶ","καὶ","καί","καί"
"41","03","07","P","","ἀπὸ","ἀπὸ","ἀπό","ἀπό"
"41","03","07","RA","GSF","τῆς","τῆς","τῆς","ὁ"
"41","03","07","N","GSF","Ἰουδαίας","Ἰουδαίας","Ἰουδαίας","Ἰουδαία"
"41","03","08","C","","καὶ","καὶ","καί","καί"
"41","03","08","P","","ἀπὸ","ἀπὸ","ἀπό","ἀπό"
"41","03","08","N","GPN","Ἱεροσολύμων","Ἱεροσολύμων","Ἱεροσολύμων","Ἱεροσόλυμα"
"41","03","08","C","","καὶ","καὶ","καί","καί"
"41","03","08","P","","ἀπὸ","ἀπὸ","ἀπό","ἀπό"
"41","03","08","RA","GSF","τῆς","τῆς","τῆς","ὁ"
"41","03","08","N","GSF","Ἰδουμαίας","Ἰδουμαίας","Ἰδουμαίας","Ἰδουμαία"
"41","03","08","C","","⸀καὶ","καὶ","καί","καί"
"41","03","08","P","","πέραν","πέραν","πέραν","πέραν"
"41","03","08","RA","GSM","τοῦ","τοῦ","τοῦ","ὁ"
"41","03","08","N","GSM","Ἰορδάνου","Ἰορδάνου","Ἰορδάνου","Ἰορδάνης"
"41","03","08","C","","⸁καὶ","καὶ","καί","καί"
"41","03","08","P","","περὶ","περὶ","περί","περί"
"41","03","08","N","ASF","Τύρον","Τύρον","Τύρον","Τύρος"
"41","03","08","C","","καὶ","καὶ","καί","καί"
"41","03","08","N","ASF","Σιδῶνα,","Σιδῶνα","Σιδῶνα","Σιδών"
"41","03","08","N","NSN","πλῆθος","πλῆθος","πλῆθος","πλῆθος"
"41","03","08","A","NSN","πολύ,","πολύ","πολύ","πολύς"
"41","03","08","V","PAPNPM","⸀ἀκούοντες","ἀκούοντες","ἀκούοντες","ἀκούω"
"41","03","08","RR","APN","ὅσα","ὅσα","ὅσα","ὅσος"
"41","03","08","V","3IAI-S","⸀ἐποίει","ἐποίει","ἐποίει","ποιέω"
"41","03","08","V","3AAI-P","ἦλθον","ἦλθον","ἦλθον","ἔρχομαι"
"41","03","08","P","","πρὸς","πρὸς","πρός","πρός"
"41","03","08","RP","ASM","αὐτόν.","αὐτόν","αὐτόν","αὐτός"
"41","03","09","C","","καὶ","καὶ","καί","καί"
"41","03","09","V","3AAI-S","εἶπεν","εἶπεν","εἶπε(ν)","λέγω"
"41","03","09","RA","DPM","τοῖς","τοῖς","τοῖς","ὁ"
"41","03","09","N","DPM","μαθηταῖς","μαθηταῖς","μαθηταῖς","μαθητής"
"41","03","09","RP","GSM","αὐτοῦ","αὐτοῦ","αὐτοῦ","αὐτός"
"41","03","09","C","","ἵνα","ἵνα","ἵνα","ἵνα"
"41","03","09","N","NSN","πλοιάριον","πλοιάριον","πλοιάριον","πλοιάριον"
"41","03","09","V","3PAS-S","προσκαρτερῇ","προσκαρτερῇ","προσκαρτερῇ","προσκαρτερέω"
"41","03","09","RP","DSM","αὐτῷ","αὐτῷ","αὐτῷ","αὐτός"
"41","03","09","P","","διὰ","διὰ","διά","διά"
"41","03","09","RA","ASM","τὸν","τὸν","τόν","ὁ"
"41","03","09","N","ASM","ὄχλον","ὄχλον","ὄχλον","ὄχλος"
"41","03","09","C","","ἵνα","ἵνα","ἵνα","ἵνα"
"41","03","09","D","","μὴ","μὴ","μή","μή"
"41","03","09","V","3PAS-P","θλίβωσιν","θλίβωσιν","θλίβωσι(ν)","θλίβω"
"41","03","09","RP","ASM","αὐτόν·","αὐτόν","αὐτόν","αὐτός"
"41","03","10","A","APM","πολλοὺς","πολλοὺς","πολλούς","πολύς"
"41","03","10","C","","γὰρ","γὰρ","γάρ","γάρ"
"41","03","10","V","3AAI-S","ἐθεράπευσεν,","ἐθεράπευσεν","ἐθεράπευσε(ν)","θεραπεύω"
"41","03","10","C","","ὥστε","ὥστε","ὥστε","ὥστε"
"41","03","10","V","PAN","ἐπιπίπτειν","ἐπιπίπτειν","ἐπιπίπτειν","ἐπιπίπτω"
"41","03","10","RP","DSM","αὐτῷ","αὐτῷ","αὐτῷ","αὐτός"
"41","03","10","C","","ἵνα","ἵνα","ἵνα","ἵνα"
"41","03","10","RP","GSM","αὐτοῦ","αὐτοῦ","αὐτοῦ","αὐτός"
"41","03","10","V","3AMS-P","ἅψωνται","ἅψωνται","ἅψωνται","ἅπτω"
"41","03","10","RR","NPM","ὅσοι","ὅσοι","ὅσοι","ὅσος"
"41","03","10","V","3IAI-P","εἶχον","εἶχον","εἶχον","ἔχω"
"41","03","10","N","APF","μάστιγας.","μάστιγας","μάστιγας","μάστιξ"
"41","03","11","C","","καὶ","καὶ","καί","καί"
"41","03","11","RA","NPN","τὰ","τὰ","τά","ὁ"
"41","03","11","N","NPN","πνεύματα","πνεύματα","πνεύματα","πνεῦμα"
"41","03","11","RA","NPN","τὰ","τὰ","τά","ὁ"
"41","03","11","A","NPN","ἀκάθαρτα,","ἀκάθαρτα","ἀκάθαρτα","ἀκάθαρτος"
"41","03","11","C","","ὅταν","ὅταν","ὅταν","ὅταν"
"41","03","11","RP","ASM","αὐτὸν","αὐτὸν","αὐτόν","αὐτός"
"41","03","11","V","3IAI-P","⸂ἐθεώρουν,","ἐθεώρουν","ἐθεώρουν","θεωρέω"
"41","03","11","V","3IAI-P","προσέπιπτον⸃","προσέπιπτον","προσέπιπτον","προσπίπτω"
"41","03","11","RP","DSM","αὐτῷ","αὐτῷ","αὐτῷ","αὐτός"
"41","03","11","C","","καὶ","καὶ","καί","καί"
"41","03","11","V","3IAI-P","⸀ἔκραζον","ἔκραζον","ἔκραζον","κράζω"
"41","03","11","V","PAPNPN","⸀λέγοντα","λέγοντα","λέγοντα","λέγω"
"41","03","11","C","","ὅτι","ὅτι","ὅτι","ὅτι"
"41","03","11","RP","NS","Σὺ","Σὺ","σύ","σύ"
"41","03","11","V","2PAI-S","εἶ","εἶ","εἶ","εἰμί"
"41","03","11","RA","NSM","ὁ","ὁ","ὁ","ὁ"
"41","03","11","N","NSM","υἱὸς","υἱὸς","υἱός","υἱός"
"41","03","11","RA","GSM","τοῦ","τοῦ","τοῦ","ὁ"
"41","03","11","N","GSM","θεοῦ.","θεοῦ","θεοῦ","θεός"
"41","03","12","C","","καὶ","καὶ","καί","καί"
"41","03","12","A","APN","πολλὰ","πολλὰ","πολλά","πολύς"
"41","03","12","V","3IAI-S","ἐπετίμα","ἐπετίμα","ἐπετίμα","ἐπιτιμάω"
"41","03","12","RP","DPM","αὐτοῖς","αὐτοῖς","αὐτοῖς","αὐτός"
"41","03","12","C","","ἵνα","ἵνα","ἵνα","ἵνα"
"41","03","12","D","","μὴ","μὴ","μή","μή"
"41","03","12","RP","ASM","⸂αὐτὸν","αὐτὸν","αὐτόν","αὐτός"
"41","03","12","A","ASM","φανερὸν⸃","φανερὸν","φανερόν","φανερός"
"41","03","12","V","3AAS-P","⸀ποιήσωσιν.","ποιήσωσιν","ποιήσωσι(ν)","ποιέω"
"41","03","13","C","","Καὶ","Καὶ","καί","καί"
"41","03","13","V","3PAI-S","ἀναβαίνει","ἀναβαίνει","ἀναβαίνει","ἀναβαίνω"
"41","03","13","P","","εἰς","εἰς","εἰς","εἰς"
"41","03","13","RA","ASN","τὸ","τὸ","τό","ὁ"
"41","03","13","N","ASN","ὄρος","ὄρος","ὄρος","ὄρος"
"41","03","13","C","","καὶ","καὶ","καί","καί"
"41","03","13","V","3PMI-S","προσκαλεῖται","προσκαλεῖται","προσκαλεῖται","προσκαλέομαι"
"41","03","13","RR","APM","οὓς","οὓς","οὕς","ὅς"
"41","03","13","V","3IAI-S","ἤθελεν","ἤθελεν","ἤθελε(ν)","θέλω"
"41","03","13","RP","NSM","αὐτός,","αὐτός","αὐτός","αὐτός"
"41","03","13","C","","καὶ","καὶ","καί","καί"
"41","03","13","V","3AAI-P","ἀπῆλθον","ἀπῆλθον","ἀπῆλθον","ἀπέρχομαι"
"41","03","13","P","","πρὸς","πρὸς","πρός","πρός"
"41","03","13","RP","ASM","αὐτόν.","αὐτόν","αὐτόν","αὐτός"
"41","03","14","C","","καὶ","καὶ","καί","καί"
"41","03","14","V","3AAI-S","ἐποίησεν","ἐποίησεν","ἐποίησε(ν)","ποιέω"
"41","03","14","A","APM","⸀δώδεκα,","δώδεκα","δώδεκα","δώδεκα"
"41","03","14","C","","ἵνα","ἵνα","ἵνα","ἵνα"
"41","03","14","V","3PAS-P","ὦσιν","ὦσιν","ὦσι(ν)","εἰμί"
"41","03","14","P","","μετ’","μετ’","μετά","μετά"
"41","03","14","RP","GSM","αὐτοῦ","αὐτοῦ","αὐτοῦ","αὐτός"
"41","03","14","C","","καὶ","καὶ","καί","καί"
"41","03","14","C","","ἵνα","ἵνα","ἵνα","ἵνα"
"41","03","14","V","3PAS-S","ἀποστέλλῃ","ἀποστέλλῃ","ἀποστέλλῃ","ἀποστέλλω"
"41","03","14","RP","APM","αὐτοὺς","αὐτοὺς","αὐτούς","αὐτός"
"41","03","14","V","PAN","κηρύσσειν","κηρύσσειν","κηρύσσειν","κηρύσσω"
"41","03","15","C","","καὶ","καὶ","καί","καί"
"41","03","15","V","PAN","ἔχειν","ἔχειν","ἔχειν","ἔχω"
"41","03","15","N","ASF","⸀ἐξουσίαν","ἐξουσίαν","ἐξουσίαν","ἐξουσία"
"41","03","15","V","PAN","ἐκβάλλειν","ἐκβάλλειν","ἐκβάλλειν","ἐκβάλλω"
"41","03","15","RA","APN","τὰ","τὰ","τά","ὁ"
"41","03","15","N","APN","δαιμόνια·","δαιμόνια","δαιμόνια","δαιμόνιον"
"41","03","16","C","","καὶ","καὶ","καί","καί"
"41","03","16","V","3AAI-S","⸂ἐποίησεν","ἐποίησεν","ἐποίησε(ν)","ποιέω"
"41","03","16","RA","APM","τοὺς","τοὺς","τούς","ὁ"
"41","03","16","A","APM","δώδεκα,","δώδεκα","δώδεκα","δώδεκα"
"41","03","16","C","","καὶ⸃","καὶ","καί","καί"
"41","03","16","V","3AAI-S","ἐπέθηκεν","ἐπέθηκεν","ἐπέθηκε(ν)","ἐπιτίθημι"
"41","03","16","N","ASN","⸂ὄνομα","ὄνομα","ὄνομα","ὄνομα"
"41","03","16","RA","DSM","τῷ","τῷ","τῷ","ὁ"
"41","03","16","N","DSM","Σίμωνι⸃","Σίμωνι","Σίμωνι","Σίμων"
"41","03","16","N","ASM","Πέτρον,","Πέτρον","Πέτρον","Πέτρος"
"41","03","17","C","","καὶ","καὶ","καί","καί"
"41","03","17","N","ASM","Ἰάκωβον","Ἰάκωβον","Ἰάκωβον","Ἰάκωβος"
"41","03","17","RA","ASM","τὸν","τὸν","τόν","ὁ"
"41","03","17","RA","GSM","τοῦ","τοῦ","τοῦ","ὁ"
"41","03","17","N","GSM","Ζεβεδαίου","Ζεβεδαίου","Ζεβεδαίου","Ζεβεδαῖος"
"41","03","17","C","","καὶ","καὶ","καί","καί"
"41","03","17","N","ASM","Ἰωάννην","Ἰωάννην","Ἰωάννην","Ἰωάννης"
"41","03","17","RA","ASM","τὸν","τὸν","τόν","ὁ"
"41","03","17","N","ASM","ἀδελφὸν","ἀδελφὸν","ἀδελφόν","ἀδελφός"
"41","03","17","RA","GSM","τοῦ","τοῦ","τοῦ","ὁ"
"41","03","17","N","GSM","Ἰακώβου","Ἰακώβου","Ἰακώβου","Ἰάκωβος"
"41","03","17","C","","(καὶ","καὶ","καί","καί"
"41","03","17","V","3AAI-S","ἐπέθηκεν","ἐπέθηκεν","ἐπέθηκε(ν)","ἐπιτίθημι"
"41","03","17","RP","DPM","αὐτοῖς","αὐτοῖς","αὐτοῖς","αὐτός"
"41","03","17","N","APN","⸀ὀνόματα","ὀνόματα","ὀνόματα","ὄνομα"
"41","03","17","N","APM","Βοανηργές,","Βοανηργές","Βοανηργές","Βοανηργές"
"41","03","17","RR","NSN","ὅ","ὅ","ὅ","ὅς"
"41","03","17","V","3PAI-S","ἐστιν","ἐστιν","ἐστί(ν)","εἰμί"
"41","03","17","N","NPM","Υἱοὶ","Υἱοὶ","υἱοί","υἱός"
"41","03","17","N","GSF","Βροντῆς),","Βροντῆς","βροντῆς","βροντή"
"41","03","18","C","","καὶ","καὶ","καί","καί"
"41","03","18","N","ASM","Ἀνδρέαν","Ἀνδρέαν","Ἀνδρέαν","Ἀνδρέας"
"41","03","18","C","","καὶ","καὶ","καί","καί"
"41","03","18","N","ASM","Φίλιππον","Φίλιππον","Φίλιππον","Φίλιππος"
"41","03","18","C","","καὶ","καὶ","καί","καί"
"41","03","18","N","ASM","Βαρθολομαῖον","Βαρθολομαῖον","Βαρθολομαῖον","Βαρθολομαῖος"
"41","03","18","C","","καὶ","καὶ","καί","καί"
"41","03","18","N","ASM","Μαθθαῖον","Μαθθαῖον","Μαθθαῖον","Μαθθαῖος"
"41","03","18","C","","καὶ","καὶ","καί","καί"
"41","03","18","N","ASM","Θωμᾶν","Θωμᾶν","Θωμᾶν","Θωμᾶς"
"41","03","18","C","","καὶ","καὶ","καί","καί"
"41","03","18","N","ASM","Ἰάκωβον","Ἰάκωβον","Ἰάκωβον","Ἰάκωβος"
"41","03","18","RA","ASM","τὸν","τὸν","τόν","ὁ"
"41","03","18","RA","GSM","τοῦ","τοῦ","τοῦ","ὁ"
"41","03","18","N","GSM","Ἁλφαίου","Ἁλφαίου","Ἁλφαίου","Ἁλφαῖος"
"41","03","18","C","","καὶ","καὶ","καί","καί"
"41","03","18","N","ASM","Θαδδαῖον","Θαδδαῖον","Θαδδαῖον","Θαδδαῖος"
"41","03","18","C","","καὶ","καὶ","καί","καί"
"41","03","18","N","ASM","Σίμωνα","Σίμωνα","Σίμωνα","Σίμων"
"41","03","18","RA","ASM","τὸν","τὸν","τόν","ὁ"
"41","03","18","N","ASM","⸀Καναναῖον","Καναναῖον","Καναναῖον","Καναναῖος"
"41","03","19","C","","καὶ","καὶ","καί","καί"
"41","03","19","N","ASM","Ἰούδαν","Ἰούδαν","Ἰούδαν","Ἰούδας"
"41","03","19","N","ASM","⸀Ἰσκαριώθ,","Ἰσκαριώθ","Ἰσκαριώθ","Ἰσκαριώθ"
"41","03","19","RR","NSM","ὃς","ὃς","ὅς","ὅς"
"41","03","19","D","","καὶ","καὶ","καί","καί"
"41","03","19","V","3AAI-S","παρέδωκεν","παρέδωκεν","παρέδωκε(ν)","παραδίδωμι"
"41","03","19","RP","ASM","αὐτόν.","αὐτόν","αὐτόν","αὐτός"
"41","03","20","C","","Καὶ","Καὶ","καί","καί"
"41","03","20","V","3PMI-S","⸀ἔρχεται","ἔρχεται","ἔρχεται","ἔρχομαι"
"41","03","20","P","","εἰς","εἰς","εἰς","εἰς"
"41","03","20","N","ASM","οἶκον·","οἶκον","οἶκον","οἶκος"
"41","03","20","C","","καὶ","καὶ","καί","καί"
"41","03","20","V","3PMI-S","συνέρχεται","συνέρχεται","συνέρχεται","συνέρχομαι"
"41","03","20","D","","πάλιν","πάλιν","πάλιν","πάλιν"
"41","03","20","RA","NSM","⸀ὁ","ὁ","ὁ","ὁ"
"41","03","20","N","NSM","ὄχλος,","ὄχλος","ὄχλος","ὄχλος"
"41","03","20","C","","ὥστε","ὥστε","ὥστε","ὥστε"
"41","03","20","D","","μὴ","μὴ","μή","μή"
"41","03","20","V","PMN","δύνασθαι","δύνασθαι","δύνασθαι","δύναμαι"
"41","03","20","RP","APM","αὐτοὺς","αὐτοὺς","αὐτούς","αὐτός"
"41","03","20","D","","⸀μηδὲ","μηδὲ","μηδέ","μηδέ"
"41","03","20","N","ASM","ἄρτον","ἄρτον","ἄρτον","ἄρτος"
"41","03","20","V","AAN","φαγεῖν.","φαγεῖν","φαγεῖν","ἐσθίω"
"41","03","21","C","","καὶ","καὶ","καί","καί"
"41","03","21","V","AAPNPM","ἀκούσαντες","ἀκούσαντες","ἀκούσαντες","ἀκούω"
"41","03","21","RA","NPM","οἱ","οἱ","οἱ","ὁ"
"41","03","21","P","","παρ’","παρ’","παρά","παρά"
"41","03","21","RP","GSM","αὐτοῦ","αὐτοῦ","αὐτοῦ","αὐτός"
"41","03","21","V","3AAI-P","ἐξῆλθον","ἐξῆλθον","ἐξῆλθον","ἐξέρχομαι"
"41","03","21","V","AAN","κρατῆσαι","κρατῆσαι","κρατῆσαι","κρατέω"
"41","03","21","RP","ASM","αὐτόν,","αὐτόν","αὐτόν","αὐτός"
"41","03","21","V","3IAI-P","ἔλεγον","ἔλεγον","ἔλεγον","λέγω"
"41","03","21","C","","γὰρ","γὰρ","γάρ","γάρ"
"41","03","21","C","","ὅτι","ὅτι","ὅτι","ὅτι"
"41","03","21","V","3AAI-S","ἐξέστη.","ἐξέστη","ἐξέστη","ἐξίστημι"
"41","03","22","C","","καὶ","καὶ","καί","καί"
"41","03","22","RA","NPM","οἱ","οἱ","οἱ","ὁ"
"41","03","22","N","NPM","γραμματεῖς","γραμματεῖς","γραμματεῖς","γραμματεύς"
"41","03","22","RA","NPM","οἱ","οἱ","οἱ","ὁ"
"41","03","22","P","","ἀπὸ","ἀπὸ","ἀπό","ἀπό"
"41","03","22","N","GPN","Ἱεροσολύμων","Ἱεροσολύμων","Ἱεροσολύμων","Ἱεροσόλυμα"
"41","03","22","V","AAPNPM","καταβάντες","καταβάντες","καταβάντες","καταβαίνω"
"41","03","22","V","3IAI-P","ἔλεγον","ἔλεγον","ἔλεγον","λέγω"
"41","03","22","C","","ὅτι","ὅτι","ὅτι","ὅτι"
"41","03","22","N","ASM","Βεελζεβοὺλ","Βεελζεβοὺλ","Βεελζεβούλ","Βεελζεβούλ"
"41","03","22","V","3PAI-S","ἔχει","ἔχει","ἔχει","ἔχω"
"41","03","22","C","","καὶ","καὶ","καί","καί"
"41","03","22","C","","ὅτι","ὅτι","ὅτι","ὅτι"
"41","03","22","P","","ἐν","ἐν","ἐν","ἐν"
"41","03","22","RA","DSM","τῷ","τῷ","τῷ","ὁ"
"41","03","22","N","DSM","ἄρχοντι","ἄρχοντι","ἄρχοντι","ἄρχων"
"41","03","22","RA","GPN","τῶν","τῶν","τῶν","ὁ"
"41","03","22","N","GPN","δαιμονίων","δαιμονίων","δαιμονίων","δαιμόνιον"
"41","03","22","V","3PAI-S","ἐκβάλλει","ἐκβάλλει","ἐκβάλλει","ἐκβάλλω"
"41","03","22","RA","APN","τὰ","τὰ","τά","ὁ"
"41","03","22","N","APN","δαιμόνια.","δαιμόνια","δαιμόνια","δαιμόνιον"
"41","03","23","C","","καὶ","καὶ","καί","καί"
"41","03","23","V","AMPNSM","προσκαλεσάμενος","προσκαλεσάμενος","προσκαλεσάμενος","προσκαλέομαι"
"41","03","23","RP","APM","αὐτοὺς","αὐτοὺς","αὐτούς","αὐτός"
"41","03","23","P","","ἐν","ἐν","ἐν","ἐν"
"41","03","23","N","DPF","παραβολαῖς","παραβολαῖς","παραβολαῖς","παραβολή"
"41","03","23","V","3IAI-S","ἔλεγεν","ἔλεγεν","ἔλεγε(ν)","λέγω"
"41","03","23","RP","DPM","αὐτοῖς·","αὐτοῖς","αὐτοῖς","αὐτός"
"41","03","23","D","","Πῶς","Πῶς","πῶς","πῶς"
"41","03","23","V","3PMI-S","δύναται","δύναται","δύναται","δύναμαι"
"41","03","23","N","NSM","Σατανᾶς","Σατανᾶς","Σατανᾶς","Σατανᾶς"
"41","03","23","N","ASM","Σατανᾶν","Σατανᾶν","Σατανᾶν","Σατανᾶς"
"41","03","23","V","PAN","ἐκβάλλειν;","ἐκβάλλειν","ἐκβάλλειν","ἐκβάλλω"
"41","03","24","C","","καὶ","καὶ","καί","καί"
"41","03","24","C","","ἐὰν","ἐὰν","ἐάν","ἐάν"
"41","03","24","N","NSF","βασιλεία","βασιλεία","βασιλεία","βασιλεία"
"41","03","24","P","","ἐφ’","ἐφ’","ἐπί","ἐπί"
"41","03","24","RP","ASF","ἑαυτὴν","ἑαυτὴν","ἑαυτήν","ἑαυτοῦ"
"41","03","24","V","3APS-S","μερισθῇ,","μερισθῇ","μερισθῇ","μερίζω"
"41","03","24","D","","οὐ","οὐ","οὐ","οὐ"
"41","03","24","V","3PMI-S","δύναται","δύναται","δύναται","δύναμαι"
"41","03","24","V","APN","σταθῆναι","σταθῆναι","σταθῆναι","ἵστημι"
"41","03","24","RA","NSF","ἡ","ἡ","ἡ","ὁ"
"41","03","24","N","NSF","βασιλεία","βασιλεία","βασιλεία","βασιλεία"
"41","03","24","RD","NSF","ἐκείνη·","ἐκείνη","ἐκείνη","ἐκεῖνος"
"41","03","25","C","","καὶ","καὶ","καί","καί"
"41","03","25","C","","ἐὰν","ἐὰν","ἐάν","ἐάν"
"41","03","25","N","NSF","οἰκία","οἰκία","οἰκία","οἰκία"
"41","03","25","P","","ἐφ’","ἐφ’","ἐπί","ἐπί"
"41","03","25","RP","ASF","ἑαυτὴν","ἑαυτὴν","ἑαυτήν","ἑαυτοῦ"
"41","03","25","V","3APS-S","μερισθῇ,","μερισθῇ","μερισθῇ","μερίζω"
"41","03","25","D","","οὐ","οὐ","οὐ","οὐ"
"41","03","25","V","3FMI-S","⸀δυνήσεται","δυνήσεται","δυνήσεται","δύναμαι"
"41","03","25","RA","NSF","⸂ἡ","ἡ","ἡ","ὁ"
"41","03","25","N","NSF","οἰκία","οἰκία","οἰκία","οἰκία"
"41","03","25","RD","NSF","ἐκείνη","ἐκείνη","ἐκείνη","ἐκεῖνος"
"41","03","25","V","APN","σταθῆναι⸃·","σταθῆναι","σταθῆναι","ἵστημι"
"41","03","26","C","","καὶ","καὶ","καί","καί"
"41","03","26","C","","εἰ","εἰ","εἰ","εἰ"
"41","03","26","RA","NSM","ὁ","ὁ","ὁ","ὁ"
"41","03","26","N","NSM","Σατανᾶς","Σατανᾶς","Σατανᾶς","Σατανᾶς"
"41","03","26","V","3AAI-S","ἀνέστη","ἀνέστη","ἀνέστη","ἀνίστημι"
"41","03","26","P","","ἐφ’","ἐφ’","ἐπί","ἐπί"
"41","03","26","RP","ASM","ἑαυτὸν","ἑαυτὸν","ἑαυτόν","ἑαυτοῦ"
"41","03","26","C","","καὶ","καὶ","καί","καί"
"41","03","26","V","3API-S","⸀ἐμερίσθη,","ἐμερίσθη","ἐμερίσθη","μερίζω"
"41","03","26","D","","οὐ","οὐ","οὐ","οὐ"
"41","03","26","V","3PMI-S","δύναται","δύναται","δύναται","δύναμαι"
"41","03","26","V","AAN","⸀στῆναι","στῆναι","στῆναι","ἵστημι"
"41","03","26","C","","ἀλλὰ","ἀλλὰ","ἀλλά","ἀλλά"
"41","03","26","N","ASN","τέλος","τέλος","τέλος","τέλος"
"41","03","26","V","3PAI-S","ἔχει.","ἔχει","ἔχει","ἔχω"
"41","03","27","C","","⸂ἀλλ’","ἀλλ’","ἀλλά","ἀλλά"
"41","03","27","A","NSM","οὐδεὶς","οὐδεὶς","οὐδείς","οὐδείς"
"41","03","27","V","3PMI-S","δύναται⸃","δύναται","δύναται","δύναμαι"
"41","03","27","P","","⸂εἰς","εἰς","εἰς","εἰς"
"41","03","27","RA","ASF","τὴν","τὴν","τήν","ὁ"
"41","03","27","N","ASF","οἰκίαν","οἰκίαν","οἰκίαν","οἰκία"
"41","03","27","RA","GSM","τοῦ","τοῦ","τοῦ","ὁ"
"41","03","27","A","GSM","ἰσχυροῦ","ἰσχυροῦ","ἰσχυροῦ","ἰσχυρός"
"41","03","27","V","AAPNSM","εἰσελθὼν","εἰσελθὼν","εἰσελθών","εἰσέρχομαι"
"41","03","27","RA","APN","τὰ","τὰ","τά","ὁ"
"41","03","27","N","APN","σκεύη⸃","σκεύη","σκεύη","σκεῦος"
"41","03","27","RP","GSM","αὐτοῦ","αὐτοῦ","αὐτοῦ","αὐτός"
"41","03","27","V","AAN","διαρπάσαι","διαρπάσαι","διαρπάσαι","διαρπάζω"
"41","03","27","C","","ἐὰν","ἐὰν","ἐάν","ἐάν"
"41","03","27","D","","μὴ","μὴ","μή","μή"
"41","03","27","A","ASN","πρῶτον","πρῶτον","πρῶτον","πρῶτος"
"41","03","27","RA","ASM","τὸν","τὸν","τόν","ὁ"
"41","03","27","A","ASM","ἰσχυρὸν","ἰσχυρὸν","ἰσχυρόν","ἰσχυρός"
"41","03","27","V","3AAS-S","δήσῃ,","δήσῃ","δήσῃ","δέω"
"41","03","27","C","","καὶ","καὶ","καί","καί"
"41","03","27","D","","τότε","τότε","τότε","τότε"
"41","03","27","RA","ASF","τὴν","τὴν","τήν","ὁ"
"41","03","27","N","ASF","οἰκίαν","οἰκίαν","οἰκίαν","οἰκία"
"41","03","27","RP","GSM","αὐτοῦ","αὐτοῦ","αὐτοῦ","αὐτός"
"41","03","27","V","3FAI-S","⸀διαρπάσει.","διαρπάσει","διαρπάσει","διαρπάζω"
"41","03","28","X","","Ἀμὴν","Ἀμὴν","ἀμήν","ἀμήν"
"41","03","28","V","1PAI-S","λέγω","λέγω","λέγω","λέγω"
"41","03","28","RP","DP","ὑμῖν","ὑμῖν","ὑμῖν","σύ"
"41","03","28","C","","ὅτι","ὅτι","ὅτι","ὅτι"
"41","03","28","A","NPN","πάντα","πάντα","πάντα","πᾶς"
"41","03","28","V","3FPI-S","ἀφεθήσεται","ἀφεθήσεται","ἀφεθήσεται","ἀφίημι"
"41","03","28","RA","DPM","⸂τοῖς","τοῖς","τοῖς","ὁ"
"41","03","28","N","DPM","υἱοῖς","υἱοῖς","υἱοῖς","υἱός"
"41","03","28","RA","GPM","τῶν","τῶν","τῶν","ὁ"
"41","03","28","N","GPM","ἀνθρώπων,","ἀνθρώπων","ἀνθρώπων","ἄνθρωπος"
"41","03","28","RA","NPN","τὰ","τὰ","τά","ὁ"
"41","03","28","N","NPN","ἁμαρτήματα⸃","ἁμαρτήματα","ἁμαρτήματα","ἁμάρτημα"
"41","03","28","C","","καὶ","καὶ","καί","καί"
"41","03","28","RA","NPF","⸂αἱ","αἱ","αἱ","ὁ"
"41","03","28","N","NPF","βλασφημίαι","βλασφημίαι","βλασφημίαι","βλασφημία"
"41","03","28","RR","APN","ὅσα","ὅσα","ὅσα","ὅσος"
"41","03","28","X","","ἐὰν⸃","ἐὰν","ἐάν","ἐάν"
"41","03","28","V","3AAS-P","βλασφημήσωσιν·","βλασφημήσωσιν","βλασφημήσωσι(ν)","βλασφημέω"
"41","03","29","RR","NSM","ὃς","ὃς","ὅς","ὅς"
"41","03","29","C","","δ’","δ’","δέ","δέ"
"41","03","29","X","","ἂν","ἂν","ἄν","ἄν"
"41","03","29","V","3AAS-S","βλασφημήσῃ","βλασφημήσῃ","βλασφημήσῃ","βλασφημέω"
"41","03","29","P","","εἰς","εἰς","εἰς","εἰς"
"41","03","29","RA","ASN","τὸ","τὸ","τό","ὁ"
"41","03","29","N","ASN","πνεῦμα","πνεῦμα","πνεῦμα","πνεῦμα"
"41","03","29","RA","ASN","τὸ","τὸ","τό","ὁ"
"41","03","29","A","ASN","ἅγιον,","ἅγιον","ἅγιον","ἅγιος"
"41","03","29","D","","οὐκ","οὐκ","οὐ","οὐ"
"41","03","29","V","3PAI-S","ἔχει","ἔχει","ἔχει","ἔχω"
"41","03","29","N","ASF","ἄφεσιν","ἄφεσιν","ἄφεσιν","ἄφεσις"
"41","03","29","P","","εἰς","εἰς","εἰς","εἰς"
"41","03","29","RA","ASM","τὸν","τὸν","τόν","ὁ"
"41","03","29","N","ASM","αἰῶνα,","αἰῶνα","αἰῶνα","αἰών"
"41","03","29","C","","ἀλλὰ","ἀλλὰ","ἀλλά","ἀλλά"
"41","03","29","A","NSM","ἔνοχός","ἔνοχός","ἔνοχος","ἔνοχος"
"41","03","29","V","3PAI-S","ἐστιν","ἐστιν","ἐστί(ν)","εἰμί"
"41","03","29","A","GSN","αἰωνίου","αἰωνίου","αἰωνίου","αἰώνιος"
"41","03","29","N","GSN","⸀ἁμαρτήματος.","ἁμαρτήματος","ἁμαρτήματος","ἁμάρτημα"
"41","03","30","C","","ὅτι","ὅτι","ὅτι","ὅτι"
"41","03","30","V","3IAI-P","ἔλεγον·","ἔλεγον","ἔλεγον","λέγω"
"41","03","30","N","ASN","Πνεῦμα","Πνεῦμα","πνεῦμα","πνεῦμα"
"41","03","30","A","ASN","ἀκάθαρτον","ἀκάθαρτον","ἀκάθαρτον","ἀκάθαρτος"
"41","03","30","V","3PAI-S","ἔχει.","ἔχει","ἔχει","ἔχω"
"41","03","31","C","","⸂Καὶ","Καὶ","καί","καί"
"41","03","31","V","3PMI-P","ἔρχονται⸃","ἔρχονται","ἔρχονται","ἔρχομαι"
"41","03","31","RA","NSF","⸂ἡ","ἡ","ἡ","ὁ"
"41","03","31","N","NSF","μήτηρ","μήτηρ","μήτηρ","μήτηρ"
"41","03","31","RP","GSM","αὐτοῦ","αὐτοῦ","αὐτοῦ","αὐτός"
"41","03","31","C","","καὶ","καὶ","καί","καί"
"41","03","31","RA","NPM","οἱ","οἱ","οἱ","ὁ"
"41","03","31","N","NPM","ἀδελφοὶ","ἀδελφοὶ","ἀδελφοί","ἀδελφός"
"41","03","31","RP","GSM","αὐτοῦ⸃","αὐτοῦ","αὐτοῦ","αὐτός"
"41","03","31","C","","καὶ","καὶ","καί","καί"
"41","03","31","D","","ἔξω","ἔξω","ἔξω","ἔξω"
"41","03","31","V","PAPNPM","⸀στήκοντες","στήκοντες","στήκοντες","στήκω"
"41","03","31","V","3AAI-P","ἀπέστειλαν","ἀπέστειλαν","ἀπέστειλαν","ἀποστέλλω"
"41","03","31","P","","πρὸς","πρὸς","πρός","πρός"
"41","03","31","RP","ASM","αὐτὸν","αὐτὸν","αὐτόν","αὐτός"
"41","03","31","V","PAPNPM","⸀καλοῦντες","καλοῦντες","καλοῦντες","καλέω"
"41","03","31","RP","ASM","αὐτόν.","αὐτόν","αὐτόν","αὐτός"
"41","03","32","C","","καὶ","καὶ","καί","καί"
"41","03","32","V","3IMI-S","ἐκάθητο","ἐκάθητο","ἐκάθητο","κάθημαι"
"41","03","32","P","","⸂περὶ","περὶ","περί","περί"
"41","03","32","RP","ASM","αὐτὸν","αὐτὸν","αὐτόν","αὐτός"
"41","03","32","N","NSM","ὄχλος⸃,","ὄχλος","ὄχλος","ὄχλος"
"41","03","32","C","","⸂καὶ","καὶ","καί","καί"
"41","03","32","V","3PAI-P","λέγουσιν⸃","λέγουσιν","λέγουσι(ν)","λέγω"
"41","03","32","RP","DSM","αὐτῷ·","αὐτῷ","αὐτῷ","αὐτός"
"41","03","32","X","","Ἰδοὺ","Ἰδοὺ","ἰδού","ἰδού"
"41","03","32","RA","NSF","ἡ","ἡ","ἡ","ὁ"
"41","03","32","N","NSF","μήτηρ","μήτηρ","μήτηρ","μήτηρ"
"41","03","32","RP","GS","σου","σου","σου","σύ"
"41","03","32","C","","καὶ","καὶ","καί","καί"
"41","03","32","RA","NPM","οἱ","οἱ","οἱ","ὁ"
"41","03","32","N","NPM","ἀδελφοί","ἀδελφοί","ἀδελφοί","ἀδελφός"
"41","03","32","RP","GS","⸀σου","σου","σου","σύ"
"41","03","32","D","","ἔξω","ἔξω","ἔξω","ἔξω"
"41","03","32","V","3PAI-P","ζητοῦσίν","ζητοῦσίν","ζητοῦσι(ν)","ζητέω"
"41","03","32","RP","AS","σε.","σε","σε","σύ"
"41","03","33","C","","καὶ","καὶ","καί","καί"
"41","03","33","V","APPNSM","⸂ἀποκριθεὶς","ἀποκριθεὶς","ἀποκριθείς","ἀποκρίνομαι"
"41","03","33","RP","DPM","αὐτοῖς","αὐτοῖς","αὐτοῖς","αὐτός"
"41","03","33","V","3PAI-S","λέγει⸃·","λέγει","λέγει","λέγω"
"41","03","33","RI","NSF","Τίς","Τίς","τίς","τίς"
"41","03","33","V","3PAI-S","ἐστιν","ἐστιν","ἐστί(ν)","εἰμί"
"41","03","33","RA","NSF","ἡ","ἡ","ἡ","ὁ"
"41","03","33","N","NSF","μήτηρ","μήτηρ","μήτηρ","μήτηρ"
"41","03","33","RP","GS","μου","μου","μου","ἐγώ"
"41","03","33","C","","⸀ἢ","ἢ","ἤ","ἤ"
"41","03","33","RA","NPM","οἱ","οἱ","οἱ","ὁ"
"41","03","33","N","NPM","ἀδελφοί","ἀδελφοί","ἀδελφοί","ἀδελφός"
"41","03","33","RP","GS","⸀μου;","μου","μου","ἐγώ"
"41","03","34","C","","καὶ","καὶ","καί","καί"
"41","03","34","V","AMPNSM","περιβλεψάμενος","περιβλεψάμενος","περιβλεψάμενος","περιβλέπομαι"
"41","03","34","RA","APM","⸂τοὺς","τοὺς","τούς","ὁ"
"41","03","34","P","","περὶ","περὶ","περί","περί"
"41","03","34","RP","ASM","αὐτὸν","αὐτὸν","αὐτόν","αὐτός"
"41","03","34","D","","κύκλῳ⸃","κύκλῳ","κύκλῳ","κύκλῳ"
"41","03","34","V","PMPAPM","καθημένους","καθημένους","καθημένους","κάθημαι"
"41","03","34","V","3PAI-S","λέγει·","λέγει","λέγει","λέγω"
"41","03","34","X","","Ἴδε","Ἴδε","ἴδε","ἴδε"
"41","03","34","RA","NSF","ἡ","ἡ","ἡ","ὁ"
"41","03","34","N","NSF","μήτηρ","μήτηρ","μήτηρ","μήτηρ"
"41","03","34","RP","GS","μου","μου","μου","ἐγώ"
"41","03","34","C","","καὶ","καὶ","καί","καί"
"41","03","34","RA","NPM","οἱ","οἱ","οἱ","ὁ"
"41","03","34","N","NPM","ἀδελφοί","ἀδελφοί","ἀδελφοί","ἀδελφός"
"41","03","34","RP","GS","μου·","μου","μου","ἐγώ"
"41","03","35","RR","NSM","ὃς","ὃς","ὅς","ὅς"
"41","03","35","C","","⸀γὰρ","γὰρ","γάρ","γάρ"
"41","03","35","X","","ἂν","ἂν","ἄν","ἄν"
"41","03","35","V","3AAS-S","ποιήσῃ","ποιήσῃ","ποιήσῃ","ποιέω"
"41","03","35","RA","ASN","τὸ","τὸ","τό","ὁ"
"41","03","35","N","ASN","θέλημα","θέλημα","θέλημα","θέλημα"
"41","03","35","RA","GSM","τοῦ","τοῦ","τοῦ","ὁ"
"41","03","35","N","GSM","θεοῦ,","θεοῦ","θεοῦ","θεός"
"41","03","35","RD","NSM","οὗτος","οὗτος","οὗτος","οὗτος"
"41","03","35","N","NSM","ἀδελφός","ἀδελφός","ἀδελφός","ἀδελφός"
"41","03","35","RP","GS","μου","μου","μου","ἐγώ"
"41","03","35","C","","καὶ","καὶ","καί","καί"
"41","03","35","N","NSF","⸀ἀδελφὴ","ἀδελφὴ","ἀδελφή","ἀδελφή"
"41","03","35","C","","καὶ","καὶ","καί","καί"
"41","03","35","N","NSF","μήτηρ","μήτηρ","μήτηρ","μήτηρ"
"41","03","35","V","3PAI-S","ἐστίν.","ἐστίν","ἐστί(ν)","εἰμί"
"41","04","01","C","","Καὶ","Καὶ","καί","καί"
"41","04","01","D","","πάλιν","πάλιν","πάλιν","πάλιν"
"41","04","01","V","3AMI-S","ἤρξατο","ἤρξατο","ἤρξατο","ἄρχω"
"41","04","01","V","PAN","διδάσκειν","διδάσκειν","διδάσκειν","διδάσκω"
"41","04","01","P","","παρὰ","παρὰ","παρά","παρά"
"41","04","01","RA","ASF","τὴν","τὴν","τήν","ὁ"
"41","04","01","N","ASF","θάλασσαν.","θάλασσαν","θάλασσαν","θάλασσα"
"41","04","01","C","","καὶ","καὶ","καί","καί"
"41","04","01","V","3PPI-S","⸀συνάγεται","συνάγεται","συνάγεται","συνάγω"
"41","04","01","P","","πρὸς","πρὸς","πρός","πρός"
"41","04","01","RP","ASM","αὐτὸν","αὐτὸν","αὐτόν","αὐτός"
"41","04","01","N","NSM","ὄχλος","ὄχλος","ὄχλος","ὄχλος"
"41","04","01","A","NSMS","⸀πλεῖστος,","πλεῖστος","πλεῖστος","πολύς"
"41","04","01","C","","ὥστε","ὥστε","ὥστε","ὥστε"
"41","04","01","RP","ASM","αὐτὸν","αὐτὸν","αὐτόν","αὐτός"
"41","04","01","P","","⸂εἰς","εἰς","εἰς","εἰς"
"41","04","01","N","ASN","πλοῖον","πλοῖον","πλοῖον","πλοῖον"
"41","04","01","V","AAPASM","ἐμβάντα⸃","ἐμβάντα","ἐμβάντα","ἐμβαίνω"
"41","04","01","V","PMN","καθῆσθαι","καθῆσθαι","καθῆσθαι","κάθημαι"
"41","04","01","P","","ἐν","ἐν","ἐν","ἐν"
"41","04","01","RA","DSF","τῇ","τῇ","τῇ","ὁ"
"41","04","01","N","DSF","θαλάσσῃ,","θαλάσσῃ","θαλάσσῃ","θάλασσα"
"41","04","01","C","","καὶ","καὶ","καί","καί"
"41","04","01","A","NSM","πᾶς","πᾶς","πᾶς","πᾶς"
"41","04","01","RA","NSM","ὁ","ὁ","ὁ","ὁ"
"41","04","01","N","NSM","ὄχλος","ὄχλος","ὄχλος","ὄχλος"
"41","04","01","P","","πρὸς","πρὸς","πρός","πρός"
"41","04","01","RA","ASF","τὴν","τὴν","τήν","ὁ"
"41","04","01","N","ASF","θάλασσαν","θάλασσαν","θάλασσαν","θάλασσα"
"41","04","01","P","","ἐπὶ","ἐπὶ","ἐπί","ἐπί"
"41","04","01","RA","GSF","τῆς","τῆς","τῆς","ὁ"
"41","04","01","N","GSF","γῆς","γῆς","γῆς","γῆ"
"41","04","01","V","3IAI-P","⸀ἦσαν.","ἦσαν","ἦσαν","εἰμί"
"41","04","02","C","","καὶ","καὶ","καί","καί"
"41","04","02","V","3IAI-S","ἐδίδασκεν","ἐδίδασκεν","ἐδίδασκε(ν)","διδάσκω"
"41","04","02","RP","APM","αὐτοὺς","αὐτοὺς","αὐτούς","αὐτός"
"41","04","02","P","","ἐν","ἐν","ἐν","ἐν"
"41","04","02","N","DPF","παραβολαῖς","παραβολαῖς","παραβολαῖς","παραβολή"
"41","04","02","A","APN","πολλά","πολλά","πολλά","πολύς"
"41","04","02","C","","καὶ","καὶ","καί","καί"
"41","04","02","V","3IAI-S","ἔλεγεν","ἔλεγεν","ἔλεγε(ν)","λέγω"
"41","04","02","RP","DPM","αὐτοῖς","αὐτοῖς","αὐτοῖς","αὐτός"
"41","04","02","P","","ἐν","ἐν","ἐν","ἐν"
"41","04","02","RA","DSF","τῇ","τῇ","τῇ","ὁ"
"41","04","02","N","DSF","διδαχῇ","διδαχῇ","διδαχῇ","διδαχή"
"41","04","02","RP","GSM","αὐτοῦ·","αὐτοῦ","αὐτοῦ","αὐτός"
"41","04","03","V","2PAD-P","Ἀκούετε.","Ἀκούετε","ἀκούετε","ἀκούω"
"41","04","03","X","","ἰδοὺ","ἰδοὺ","ἰδού","ἰδού"
"41","04","03","V","3AAI-S","ἐξῆλθεν","ἐξῆλθεν","ἐξῆλθε(ν)","ἐξέρχομαι"
"41","04","03","RA","NSM","ὁ","ὁ","ὁ","ὁ"
"41","04","03","V","PAPNSM","⸀σπείρων","σπείρων","σπείρων","σπείρω"
"41","04","03","V","AAN","σπεῖραι.","σπεῖραι","σπεῖραι","σπείρω"
"41","04","04","C","","καὶ","καὶ","καί","καί"
"41","04","04","V","3AMI-S","ἐγένετο","ἐγένετο","ἐγένετο","γίνομαι"
"41","04","04","P","","ἐν","ἐν","ἐν","ἐν"
"41","04","04","RA","DSN","τῷ","τῷ","τῷ","ὁ"
"41","04","04","V","PAN","σπείρειν","σπείρειν","σπείρειν","σπείρω"
"41","04","04","RR","NSN","ὃ","ὃ","ὅ","ὅς"
"41","04","04","C","","μὲν","μὲν","μέν","μέν"
"41","04","04","V","3AAI-S","ἔπεσεν","ἔπεσεν","ἔπεσε(ν)","πίπτω"
"41","04","04","P","","παρὰ","παρὰ","παρά","παρά"
"41","04","04","RA","ASF","τὴν","τὴν","τήν","ὁ"
"41","04","04","N","ASF","ὁδόν,","ὁδόν","ὁδόν","ὁδός"
"41","04","04","C","","καὶ","καὶ","καί","καί"
"41","04","04","V","3AAI-S","ἦλθεν","ἦλθεν","ἦλθε(ν)","ἔρχομαι"
"41","04","04","RA","NPN","τὰ","τὰ","τά","ὁ"
"41","04","04","A","NPN","πετεινὰ","πετεινὰ","πετεινά","πετεινόν"
"41","04","04","C","","καὶ","καὶ","καί","καί"
"41","04","04","V","3AAI-S","κατέφαγεν","κατέφαγεν","κατέφαγε(ν)","κατεσθίω"
"41","04","04","RP","ASN","αὐτό.","αὐτό","αὐτό","αὐτός"
"41","04","05","C","","⸂καὶ","καὶ","καί","καί"
"41","04","05","A","NSN","ἄλλο⸃","ἄλλο","ἄλλο","ἄλλος"
"41","04","05","V","3AAI-S","ἔπεσεν","ἔπεσεν","ἔπεσε(ν)","πίπτω"
"41","04","05","P","","ἐπὶ","ἐπὶ","ἐπί","ἐπί"
"41","04","05","RA","ASN","τὸ","τὸ","τό","ὁ"
"41","04","05","A","ASN","πετρῶδες","πετρῶδες","πετρῶδες","πετρῶδες"
"41","04","05","D","","⸀ὅπου","ὅπου","ὅπου","ὅπου"
"41","04","05","D","","οὐκ","οὐκ","οὐ","οὐ"
"41","04","05","V","3IAI-S","εἶχεν","εἶχεν","εἶχε(ν)","ἔχω"
"41","04","05","N","ASF","γῆν","γῆν","γῆν","γῆ"
"41","04","05","A","ASF","πολλήν,","πολλήν","πολλήν","πολύς"
"41","04","05","C","","καὶ","καὶ","καί","καί"
"41","04","05","A","NSM","⸀εὐθὺς","εὐθὺς","εὐθύς","εὐθύς"
"41","04","05","V","3AAI-S","ἐξανέτειλεν","ἐξανέτειλεν","ἐξανέτειλε(ν)","ἐξανατέλλω"
"41","04","05","P","","διὰ","διὰ","διά","διά"
"41","04","05","RA","ASN","τὸ","τὸ","τό","ὁ"
"41","04","05","D","","μὴ","μὴ","μή","μή"
"41","04","05","V","PAN","ἔχειν","ἔχειν","ἔχειν","ἔχω"
"41","04","05","N","ASN","βάθος","βάθος","βάθος","βάθος"
"41","04","05","N","GSF","γῆς·","γῆς","γῆς","γῆ"
"41","04","06","C","","⸂καὶ","καὶ","καί","καί"
"41","04","06","C","","ὅτε","ὅτε","ὅτε","ὅτε"
"41","04","06","V","3AAI-S","ἀνέτειλεν","ἀνέτειλεν","ἀνέτειλε(ν)","ἀνατέλλω"
"41","04","06","RA","NSM","ὁ","ὁ","ὁ","ὁ"
"41","04","06","N","NSM","ἥλιος⸃","ἥλιος","ἥλιος","ἥλιος"
"41","04","06","V","3API-S","⸀ἐκαυματίσθη","ἐκαυματίσθη","ἐκαυματίσθη","καυματίζω"
"41","04","06","C","","καὶ","καὶ","καί","καί"
"41","04","06","P","","διὰ","διὰ","διά","διά"
"41","04","06","RA","ASN","τὸ","τὸ","τό","ὁ"
"41","04","06","D","","μὴ","μὴ","μή","μή"
"41","04","06","V","PAN","ἔχειν","ἔχειν","ἔχειν","ἔχω"
"41","04","06","N","ASF","ῥίζαν","ῥίζαν","ῥίζαν","ῥίζα"
"41","04","06","V","3API-S","ἐξηράνθη.","ἐξηράνθη","ἐξηράνθη","ξηραίνω"
"41","04","07","C","","καὶ","καὶ","καί","καί"
"41","04","07","A","NSN","ἄλλο","ἄλλο","ἄλλο","ἄλλος"
"41","04","07","V","3AAI-S","ἔπεσεν","ἔπεσεν","ἔπεσε(ν)","πίπτω"
"41","04","07","P","","εἰς","εἰς","εἰς","εἰς"
"41","04","07","RA","APF","τὰς","τὰς","τάς","ὁ"
"41","04","07","N","APF","ἀκάνθας,","ἀκάνθας","ἀκάνθας","ἄκανθα"
"41","04","07","C","","καὶ","καὶ","καί","καί"
"41","04","07","V","3AAI-P","ἀνέβησαν","ἀνέβησαν","ἀνέβησαν","ἀναβαίνω"
"41","04","07","RA","NPF","αἱ","αἱ","αἱ","ὁ"
"41","04","07","N","NPF","ἄκανθαι","ἄκανθαι","ἄκανθαι","ἄκανθα"
"41","04","07","C","","καὶ","καὶ","καί","καί"
"41","04","07","V","3AAI-P","συνέπνιξαν","συνέπνιξαν","συνέπνιξαν","συμπνίγω"
"41","04","07","RP","ASN","αὐτό,","αὐτό","αὐτό","αὐτός"
"41","04","07","C","","καὶ","καὶ","καί","καί"
"41","04","07","N","ASM","καρπὸν","καρπὸν","καρπόν","καρπός"
"41","04","07","D","","οὐκ","οὐκ","οὐ","οὐ"
"41","04","07","V","3AAI-S","ἔδωκεν.","ἔδωκεν","ἔδωκε(ν)","δίδωμι"
"41","04","08","C","","καὶ","καὶ","καί","καί"
"41","04","08","A","NPN","⸀ἄλλα","ἄλλα","ἄλλα","ἄλλος"
"41","04","08","V","3AAI-S","ἔπεσεν","ἔπεσεν","ἔπεσε(ν)","πίπτω"
"41","04","08","P","","εἰς","εἰς","εἰς","εἰς"
"41","04","08","RA","ASF","τὴν","τὴν","τήν","ὁ"
"41","04","08","N","ASF","γῆν","γῆν","γῆν","γῆ"
"41","04","08","RA","ASF","τὴν","τὴν","τήν","ὁ"
"41","04","08","A","ASF","καλήν,","καλήν","καλήν","καλός"
"41","04","08","C","","καὶ","καὶ","καί","καί"
"41","04","08","V","3IAI-S","ἐδίδου","ἐδίδου","ἐδίδου","δίδωμι"
"41","04","08","N","ASM","καρπὸν","καρπὸν","καρπόν","καρπός"
"41","04","08","V","PAPNPN","ἀναβαίνοντα","ἀναβαίνοντα","ἀναβαίνοντα","ἀναβαίνω"
"41","04","08","C","","καὶ","καὶ","καί","καί"
"41","04","08","V","PPPNPN","⸀αὐξανόμενα,","αὐξανόμενα","αὐξανόμενα","αὐξάνω"
"41","04","08","C","","καὶ","καὶ","καί","καί"
"41","04","08","V","3IAI-S","ἔφερεν","ἔφερεν","ἔφερε(ν)","φέρω"
"41","04","08","A","NSN","⸂ἓν","ἓν","ἕν","εἷς"
"41","04","08","A","APN","τριάκοντα","τριάκοντα","τριάκοντα","τριάκοντα"
"41","04","08","C","","καὶ","καὶ","καί","καί"
"41","04","08","A","NSN","ἓν","ἓν","ἕν","εἷς"
"41","04","08","A","APN","ἑξήκοντα","ἑξήκοντα","ἑξήκοντα","ἑξήκοντα"
"41","04","08","C","","καὶ","καὶ","καί","καί"
"41","04","08","A","NSN","ἓν⸃","ἓν","ἕν","εἷς"
"41","04","08","A","APN","ἑκατόν.","ἑκατόν","ἑκατόν","ἑκατόν"
"41","04","09","C","","καὶ","καὶ","καί","καί"
"41","04","09","V","3IAI-S","ἔλεγεν·","ἔλεγεν","ἔλεγε(ν)","λέγω"
"41","04","09","RR","NSM","⸂Ὃς","Ὃς","ὅς","ὅς"
"41","04","09","V","3PAI-S","ἔχει⸃","ἔχει","ἔχει","ἔχω"
"41","04","09","N","APN","ὦτα","ὦτα","ὦτα","οὖς"
"41","04","09","V","PAN","ἀκούειν","ἀκούειν","ἀκούειν","ἀκούω"
"41","04","09","V","3PAD-S","ἀκουέτω.","ἀκουέτω","ἀκουέτω","ἀκούω"
"41","04","10","C","","⸂Καὶ","Καὶ","καί","καί"
"41","04","10","C","","ὅτε⸃","ὅτε","ὅτε","ὅτε"
"41","04","10","V","3AMI-S","ἐγένετο","ἐγένετο","ἐγένετο","γίνομαι"
"41","04","10","P","","κατὰ","κατὰ","κατά","κατά"
"41","04","10","A","APF","μόνας,","μόνας","μόνας","μόνος"
"41","04","10","V","3IAI-P","⸀ἠρώτων","ἠρώτων","ἠρώτων","ἐρωτάω"
"41","04","10","RP","ASM","αὐτὸν","αὐτὸν","αὐτόν","αὐτός"
"41","04","10","RA","NPM","οἱ","οἱ","οἱ","ὁ"
"41","04","10","P","","περὶ","περὶ","περί","περί"
"41","04","10","RP","ASM","αὐτὸν","αὐτὸν","αὐτόν","αὐτός"
"41","04","10","P","","σὺν","σὺν","σύν","σύν"
"41","04","10","RA","DPM","τοῖς","τοῖς","τοῖς","ὁ"
"41","04","10","A","DPM","δώδεκα","δώδεκα","δώδεκα","δώδεκα"
"41","04","10","RA","APF","⸂τὰς","τὰς","τάς","ὁ"
"41","04","10","N","APF","παραβολάς⸃.","παραβολάς","παραβολάς","παραβολή"
"41","04","11","C","","καὶ","καὶ","καί","καί"
"41","04","11","V","3IAI-S","ἔλεγεν","ἔλεγεν","ἔλεγε(ν)","λέγω"
"41","04","11","RP","DPM","αὐτοῖς·","αὐτοῖς","αὐτοῖς","αὐτός"
"41","04","11","RP","DP","Ὑμῖν","Ὑμῖν","ὑμῖν","σύ"
"41","04","11","RA","NSN","⸂τὸ","τὸ","τό","ὁ"
"41","04","11","N","NSN","μυστήριον","μυστήριον","μυστήριον","μυστήριον"
"41","04","11","V","3XPI-S","δέδοται⸃","δέδοται","δέδοται","δίδωμι"
"41","04","11","RA","GSF","τῆς","τῆς","τῆς","ὁ"
"41","04","11","N","GSF","βασιλείας","βασιλείας","βασιλείας","βασιλεία"
"41","04","11","RA","GSM","τοῦ","τοῦ","τοῦ","ὁ"
"41","04","11","N","GSM","θεοῦ·","θεοῦ","θεοῦ","θεός"
"41","04","11","RD","DPM","ἐκείνοις","ἐκείνοις","ἐκείνοις","ἐκεῖνος"
"41","04","11","C","","δὲ","δὲ","δέ","δέ"
"41","04","11","RA","DPM","τοῖς","τοῖς","τοῖς","ὁ"
"41","04","11","D","","ἔξω","ἔξω","ἔξω","ἔξω"
"41","04","11","P","","ἐν","ἐν","ἐν","ἐν"
"41","04","11","N","DPF","παραβολαῖς","παραβολαῖς","παραβολαῖς","παραβολή"
"41","04","11","RA","NPN","τὰ","τὰ","τά","ὁ"
"41","04","11","A","NPN","πάντα","πάντα","πάντα","πᾶς"
"41","04","11","V","3PMI-S","γίνεται,","γίνεται","γίνεται","γίνομαι"
"41","04","12","C","","ἵνα","ἵνα","ἵνα","ἵνα"
"41","04","12","V","PAPNPM","βλέποντες","βλέποντες","βλέποντες","βλέπω"
"41","04","12","V","3PAS-P","βλέπωσι","βλέπωσι","βλέπωσι(ν)","βλέπω"
"41","04","12","C","","καὶ","καὶ","καί","καί"
"41","04","12","D","","μὴ","μὴ","μή","μή"
"41","04","12","V","3AAS-P","ἴδωσιν,","ἴδωσιν","ἴδωσι(ν)","ὁράω"
"41","04","12","C","","καὶ","καὶ","καί","καί"
"41","04","12","V","PAPNPM","ἀκούοντες","ἀκούοντες","ἀκούοντες","ἀκούω"
"41","04","12","V","3PAS-P","ἀκούωσι","ἀκούωσι","ἀκούωσι(ν)","ἀκούω"
"41","04","12","C","","καὶ","καὶ","καί","καί"
"41","04","12","D","","μὴ","μὴ","μή","μή"
"41","04","12","V","3PAS-P","συνιῶσιν,","συνιῶσιν","συνιῶσι(ν)","συνίημι"
"41","04","12","C","","μήποτε","μήποτε","μήποτε","μήποτε"
"41","04","12","V","3AAS-P","ἐπιστρέψωσιν","ἐπιστρέψωσιν","ἐπιστρέψωσι(ν)","ἐπιστρέφω"
"41","04","12","C","","καὶ","καὶ","καί","καί"
"41","04","12","V","3APS-S","ἀφεθῇ","ἀφεθῇ","ἀφεθῇ","ἀφίημι"
"41","04","12","RP","DPM","⸀αὐτοῖς.","αὐτοῖς","αὐτοῖς","αὐτός"
"41","04","13","C","","Καὶ","Καὶ","καί","καί"
"41","04","13","V","3PAI-S","λέγει","λέγει","λέγει","λέγω"
"41","04","13","RP","DPM","αὐτοῖς·","αὐτοῖς","αὐτοῖς","αὐτός"
"41","04","13","D","","Οὐκ","Οὐκ","οὐ","οὐ"
"41","04","13","V","2XAI-P","οἴδατε","οἴδατε","οἴδατε","οἶδα"
"41","04","13","RA","ASF","τὴν","τὴν","τήν","ὁ"
"41","04","13","N","ASF","παραβολὴν","παραβολὴν","παραβολήν","παραβολή"
"41","04","13","RD","ASF","ταύτην,","ταύτην","ταύτην","οὗτος"
"41","04","13","C","","καὶ","καὶ","καί","καί"
"41","04","13","D","","πῶς","πῶς","πῶς","πῶς"
"41","04","13","A","APF","πάσας","πάσας","πάσας","πᾶς"
"41","04","13","RA","APF","τὰς","τὰς","τάς","ὁ"
"41","04","13","N","APF","παραβολὰς","παραβολὰς","παραβολάς","παραβολή"
"41","04","13","V","2FMI-P","γνώσεσθε;","γνώσεσθε","γνώσεσθε","γινώσκω"
"41","04","14","RA","NSM","ὁ","ὁ","ὁ","ὁ"
"41","04","14","V","PAPNSM","σπείρων","σπείρων","σπείρων","σπείρω"
"41","04","14","RA","ASM","τὸν","τὸν","τόν","ὁ"
"41","04","14","N","ASM","λόγον","λόγον","λόγον","λόγος"
"41","04","14","V","3PAI-S","σπείρει.","σπείρει","σπείρει","σπείρω"
"41","04","15","RD","NPM","οὗτοι","οὗτοι","οὗτοι","οὗτος"
"41","04","15","C","","δέ","δέ","δέ","δέ"
"41","04","15","V","3PAI-P","εἰσιν","εἰσιν","εἰσί(ν)","εἰμί"
"41","04","15","RA","NPM","οἱ","οἱ","οἱ","ὁ"
"41","04","15","P","","παρὰ","παρὰ","παρά","παρά"
"41","04","15","RA","ASF","τὴν","τὴν","τήν","ὁ"
"41","04","15","N","ASF","ὁδὸν","ὁδὸν","ὁδόν","ὁδός"
"41","04","15","D","","ὅπου","ὅπου","ὅπου","ὅπου"
"41","04","15","V","3PPI-S","σπείρεται","σπείρεται","σπείρεται","σπείρω"
"41","04","15","RA","NSM","ὁ","ὁ","ὁ","ὁ"
"41","04","15","N","NSM","λόγος,","λόγος","λόγος","λόγος"
"41","04","15","C","","καὶ","καὶ","καί","καί"
"41","04","15","C","","ὅταν","ὅταν","ὅταν","ὅταν"
"41","04","15","V","3AAS-P","ἀκούσωσιν","ἀκούσωσιν","ἀκούσωσι(ν)","ἀκούω"
"41","04","15","A","NSM","⸀εὐθὺς","εὐθὺς","εὐθύς","εὐθύς"
"41","04","15","V","3PMI-S","ἔρχεται","ἔρχεται","ἔρχεται","ἔρχομαι"
"41","04","15","RA","NSM","ὁ","ὁ","ὁ","ὁ"
"41","04","15","N","NSM","Σατανᾶς","Σατανᾶς","Σατανᾶς","Σατανᾶς"
"41","04","15","C","","καὶ","καὶ","καί","καί"
"41","04","15","V","3PAI-S","αἴρει","αἴρει","αἴρει","αἴρω"
"41","04","15","RA","ASM","τὸν","τὸν","τόν","ὁ"
"41","04","15","N","ASM","λόγον","λόγον","λόγον","λόγος"
"41","04","15","RA","ASM","τὸν","τὸν","τόν","ὁ"
"41","04","15","V","XPPASM","ἐσπαρμένον","ἐσπαρμένον","ἐσπαρμένον","σπείρω"
"41","04","15","P","","⸂εἰς","εἰς","εἰς","εἰς"
"41","04","15","RP","APM","αὐτούς⸃.","αὐτούς","αὐτούς","αὐτός"
"41","04","16","C","","καὶ","καὶ","καί","καί"
"41","04","16","RD","NPM","οὗτοί","οὗτοί","οὗτοι","οὗτος"
"41","04","16","V","3PAI-P","εἰσιν","εἰσιν","εἰσί(ν)","εἰμί"
"41","04","16","D","","⸀ὁμοίως","ὁμοίως","ὁμοίως","ὁμοίως"
"41","04","16","RA","NPM","οἱ","οἱ","οἱ","ὁ"
"41","04","16","P","","ἐπὶ","ἐπὶ","ἐπί","ἐπί"
"41","04","16","RA","APN","τὰ","τὰ","τά","ὁ"
"41","04","16","A","APN","πετρώδη","πετρώδη","πετρώδη","πετρῶδες"
"41","04","16","V","PPPNPM","σπειρόμενοι,","σπειρόμενοι","σπειρόμενοι","σπείρω"
"41","04","16","RR","NPM","οἳ","οἳ","οἵ","ὅς"
"41","04","16","C","","ὅταν","ὅταν","ὅταν","ὅταν"
"41","04","16","V","3AAS-P","ἀκούσωσιν","ἀκούσωσιν","ἀκούσωσι(ν)","ἀκούω"
"41","04","16","RA","ASM","τὸν","τὸν","τόν","ὁ"
"41","04","16","N","ASM","λόγον","λόγον","λόγον","λόγος"
"41","04","16","A","NSM","⸀εὐθὺς","εὐθὺς","εὐθύς","εὐθύς"
"41","04","16","P","","μετὰ","μετὰ","μετά","μετά"
"41","04","16","N","GSF","χαρᾶς","χαρᾶς","χαρᾶς","χαρά"
"41","04","16","V","3PAI-P","λαμβάνουσιν","λαμβάνουσιν","λαμβάνουσι(ν)","λαμβάνω"
"41","04","16","RP","ASM","αὐτόν,","αὐτόν","αὐτόν","αὐτός"
"41","04","17","C","","καὶ","καὶ","καί","καί"
"41","04","17","D","","οὐκ","οὐκ","οὐ","οὐ"
"41","04","17","V","3PAI-P","ἔχουσιν","ἔχουσιν","ἔχουσι(ν)","ἔχω"
"41","04","17","N","ASF","ῥίζαν","ῥίζαν","ῥίζαν","ῥίζα"
"41","04","17","P","","ἐν","ἐν","ἐν","ἐν"
"41","04","17","RP","DPM","ἑαυτοῖς","ἑαυτοῖς","ἑαυτοῖς","ἑαυτοῦ"
"41","04","17","C","","ἀλλὰ","ἀλλὰ","ἀλλά","ἀλλά"
"41","04","17","A","NPM","πρόσκαιροί","πρόσκαιροί","πρόσκαιροι","πρόσκαιρος"
"41","04","17","V","3PAI-P","εἰσιν,","εἰσιν","εἰσί(ν)","εἰμί"
"41","04","17","D","","εἶτα","εἶτα","εἶτα","εἶτα"
"41","04","17","V","AMPGSF","γενομένης","γενομένης","γενομένης","γίνομαι"
"41","04","17","N","GSF","θλίψεως","θλίψεως","θλίψεως","θλῖψις"
"41","04","17","C","","ἢ","ἢ","ἤ","ἤ"
"41","04","17","N","GSM","διωγμοῦ","διωγμοῦ","διωγμοῦ","διωγμός"
"41","04","17","P","","διὰ","διὰ","διά","διά"
"41","04","17","RA","ASM","τὸν","τὸν","τόν","ὁ"
"41","04","17","N","ASM","λόγον","λόγον","λόγον","λόγος"
"41","04","17","A","NSM","⸀εὐθὺς","εὐθὺς","εὐθύς","εὐθύς"
"41","04","17","V","3PPI-P","σκανδαλίζονται.","σκανδαλίζονται","σκανδαλίζονται","σκανδαλίζω"
"41","04","18","C","","καὶ","καὶ","καί","καί"
"41","04","18","A","NPM","⸀ἄλλοι","ἄλλοι","ἄλλοι","ἄλλος"
"41","04","18","V","3PAI-P","εἰσὶν","εἰσὶν","εἰσί(ν)","εἰμί"
"41","04","18","RA","NPM","οἱ","οἱ","οἱ","ὁ"
"41","04","18","P","","εἰς","εἰς","εἰς","εἰς"
"41","04","18","RA","APF","τὰς","τὰς","τάς","ὁ"
"41","04","18","N","APF","ἀκάνθας","ἀκάνθας","ἀκάνθας","ἄκανθα"
"41","04","18","V","PPPNPM","σπειρόμενοι·","σπειρόμενοι","σπειρόμενοι","σπείρω"
"41","04","18","RD","NPM","⸂οὗτοί","οὗτοί","οὗτοι","οὗτος"
"41","04","18","V","3PAI-P","εἰσιν⸃","εἰσιν","εἰσί(ν)","εἰμί"
"41","04","18","RA","NPM","οἱ","οἱ","οἱ","ὁ"
"41","04","18","RA","ASM","τὸν","τὸν","τόν","ὁ"
"41","04","18","N","ASM","λόγον","λόγον","λόγον","λόγος"
"41","04","18","V","AAPNPM","⸀ἀκούσαντες,","ἀκούσαντες","ἀκούσαντες","ἀκούω"
"41","04","19","C","","καὶ","καὶ","καί","καί"
"41","04","19","RA","NPF","αἱ","αἱ","αἱ","ὁ"
"41","04","19","N","NPF","μέριμναι","μέριμναι","μέριμναι","μέριμνα"
"41","04","19","RA","GSM","τοῦ","τοῦ","τοῦ","ὁ"
"41","04","19","N","GSM","⸀αἰῶνος","αἰῶνος","αἰῶνος","αἰών"
"41","04","19","C","","καὶ","καὶ","καί","καί"
"41","04","19","RA","NSF","ἡ","ἡ","ἡ","ὁ"
"41","04","19","N","NSF","ἀπάτη","ἀπάτη","ἀπάτη","ἀπάτη"
"41","04","19","RA","GSM","τοῦ","τοῦ","τοῦ","ὁ"
"41","04","19","N","GSM","πλούτου","πλούτου","πλούτου","πλοῦτος"
"41","04","19","C","","καὶ","καὶ","καί","καί"
"41","04","19","RA","NPF","αἱ","αἱ","αἱ","ὁ"
"41","04","19","P","","περὶ","περὶ","περί","περί"
"41","04","19","RA","APN","τὰ","τὰ","τά","ὁ"
"41","04","19","A","APN","λοιπὰ","λοιπὰ","λοιπά","λοιπός"
"41","04","19","N","NPF","ἐπιθυμίαι","ἐπιθυμίαι","ἐπιθυμίαι","ἐπιθυμία"
"41","04","19","V","PMPNPF","εἰσπορευόμεναι","εἰσπορευόμεναι","εἰσπορευόμεναι","εἰσπορεύομαι"
"41","04","19","V","3PAI-P","συμπνίγουσιν","συμπνίγουσιν","συμπνίγουσι(ν)","συμπνίγω"
"41","04","19","RA","ASM","τὸν","τὸν","τόν","ὁ"
"41","04","19","N","ASM","λόγον,","λόγον","λόγον","λόγος"
"41","04","19","C","","καὶ","καὶ","καί","καί"
"41","04","19","A","NSM","ἄκαρπος","ἄκαρπος","ἄκαρπος","ἄκαρπος"
"41","04","19","V","3PMI-S","γίνεται.","γίνεται","γίνεται","γίνομαι"
"41","04","20","C","","καὶ","καὶ","καί","καί"
"41","04","20","RD","NPM","⸀ἐκεῖνοί","ἐκεῖνοί","ἐκεῖνοι","ἐκεῖνος"
"41","04","20","V","3PAI-P","εἰσιν","εἰσιν","εἰσί(ν)","εἰμί"
"41","04","20","RA","NPM","οἱ","οἱ","οἱ","ὁ"
"41","04","20","P","","ἐπὶ","ἐπὶ","ἐπί","ἐπί"
"41","04","20","RA","ASF","τὴν","τὴν","τήν","ὁ"
"41","04","20","N","ASF","γῆν","γῆν","γῆν","γῆ"
"41","04","20","RA","ASF","τὴν","τὴν","τήν","ὁ"
"41","04","20","A","ASF","καλὴν","καλὴν","καλήν","καλός"
"41","04","20","V","APPNPM","σπαρέντες,","σπαρέντες","σπαρέντες","σπείρω"
"41","04","20","RR","NPM","οἵτινες","οἵτινες","οἵτινες","ὅστις"
"41","04","20","V","3PAI-P","ἀκούουσιν","ἀκούουσιν","ἀκούουσι(ν)","ἀκούω"
"41","04","20","RA","ASM","τὸν","τὸν","τόν","ὁ"
"41","04","20","N","ASM","λόγον","λόγον","λόγον","λόγος"
"41","04","20","C","","καὶ","καὶ","καί","καί"
"41","04","20","V","3PMI-P","παραδέχονται","παραδέχονται","παραδέχονται","παραδέχομαι"
"41","04","20","C","","καὶ","καὶ","καί","καί"
"41","04","20","V","3PAI-P","καρποφοροῦσιν","καρποφοροῦσιν","καρποφοροῦσι(ν)","καρποφορέω"
"41","04","20","A","NSN","⸂ἓν","ἓν","ἕν","εἷς"
"41","04","20","A","APN","τριάκοντα","τριάκοντα","τριάκοντα","τριάκοντα"
"41","04","20","C","","καὶ","καὶ","καί","καί"
"41","04","20","A","NSN","ἓν","ἓν","ἕν","εἷς"
"41","04","20","A","APN","ἑξήκοντα","ἑξήκοντα","ἑξήκοντα","ἑξήκοντα"
"41","04","20","C","","καὶ","καὶ","καί","καί"
"41","04","20","A","NSN","ἓν⸃","ἓν","ἕν","εἷς"
"41","04","20","A","APN","ἑκατόν.","ἑκατόν","ἑκατόν","ἑκατόν"
"41","04","21","C","","Καὶ","Καὶ","καί","καί"
"41","04","21","V","3IAI-S","ἔλεγεν","ἔλεγεν","ἔλεγε(ν)","λέγω"
"41","04","21","RP","DPM","⸀αὐτοῖς·","αὐτοῖς","αὐτοῖς","αὐτός"
"41","04","21","X","","Μήτι","Μήτι","μήτι","μήτι"
"41","04","21","V","3PMI-S","⸂ἔρχεται","ἔρχεται","ἔρχεται","ἔρχομαι"
"41","04","21","RA","NSM","ὁ","ὁ","ὁ","ὁ"
"41","04","21","N","NSM","λύχνος⸃","λύχνος","λύχνος","λύχνος"
"41","04","21","C","","ἵνα","ἵνα","ἵνα","ἵνα"
"41","04","21","P","","ὑπὸ","ὑπὸ","ὑπό","ὑπό"
"41","04","21","RA","ASM","τὸν","τὸν","τόν","ὁ"
"41","04","21","N","ASM","μόδιον","μόδιον","μόδιον","μόδιος"
"41","04","21","V","3APS-S","τεθῇ","τεθῇ","τεθῇ","τίθημι"
"41","04","21","C","","ἢ","ἢ","ἤ","ἤ"
"41","04","21","P","","ὑπὸ","ὑπὸ","ὑπό","ὑπό"
"41","04","21","RA","ASF","τὴν","τὴν","τήν","ὁ"
"41","04","21","N","ASF","κλίνην,","κλίνην","κλίνην","κλίνη"
"41","04","21","X","","οὐχ","οὐχ","οὐ","οὐ"
"41","04","21","C","","ἵνα","ἵνα","ἵνα","ἵνα"
"41","04","21","P","","ἐπὶ","ἐπὶ","ἐπί","ἐπί"
"41","04","21","RA","ASF","τὴν","τὴν","τήν","ὁ"
"41","04","21","N","ASF","λυχνίαν","λυχνίαν","λυχνίαν","λυχνία"
"41","04","21","V","3APS-S","⸀τεθῇ;","τεθῇ","τεθῇ","τίθημι"
"41","04","22","D","","οὐ","οὐ","οὐ","οὐ"
"41","04","22","C","","γάρ","γάρ","γάρ","γάρ"
"41","04","22","V","3PAI-S","ἐστιν","ἐστιν","ἐστί(ν)","εἰμί"
"41","04","22","A","NSN","⸀κρυπτὸν","κρυπτὸν","κρυπτόν","κρυπτός"
"41","04","22","C","","ἐὰν","ἐὰν","ἐάν","ἐάν"
"41","04","22","D","","μὴ","μὴ","μή","μή"
"41","04","22","C","","⸀ἵνα","ἵνα","ἵνα","ἵνα"
"41","04","22","V","3APS-S","φανερωθῇ,","φανερωθῇ","φανερωθῇ","φανερόω"
"41","04","22","C","","οὐδὲ","οὐδὲ","οὐδέ","οὐδέ"
"41","04","22","V","3AMI-S","ἐγένετο","ἐγένετο","ἐγένετο","γίνομαι"
"41","04","22","A","NSN","ἀπόκρυφον","ἀπόκρυφον","ἀπόκρυφον","ἀπόκρυφος"
"41","04","22","C","","ἀλλ’","ἀλλ’","ἀλλά","ἀλλά"
"41","04","22","C","","ἵνα","ἵνα","ἵνα","ἵνα"
"41","04","22","V","3AAS-S","⸂ἔλθῃ","ἔλθῃ","ἔλθῃ","ἔρχομαι"
"41","04","22","P","","εἰς","εἰς","εἰς","εἰς"
"41","04","22","A","ASN","φανερόν⸃.","φανερόν","φανερόν","φανερός"
"41","04","23","C","","εἴ","εἴ","εἰ","εἰ"
"41","04","23","RI","NSM","τις","τις","τὶς","τις"
"41","04","23","V","3PAI-S","ἔχει","ἔχει","ἔχει","ἔχω"
"41","04","23","N","APN","ὦτα","ὦτα","ὦτα","οὖς"
"41","04","23","V","PAN","ἀκούειν","ἀκούειν","ἀκούειν","ἀκούω"
"41","04","23","V","3PAD-S","ἀκουέτω.","ἀκουέτω","ἀκουέτω","ἀκούω"
"41","04","24","C","","καὶ","καὶ","καί","καί"
"41","04","24","V","3IAI-S","ἔλεγεν","ἔλεγεν","ἔλεγε(ν)","λέγω"
"41","04","24","RP","DPM","αὐτοῖς·","αὐτοῖς","αὐτοῖς","αὐτός"
"41","04","24","V","2PAD-P","Βλέπετε","Βλέπετε","βλέπετε","βλέπω"
"41","04","24","RI","ASN","τί","τί","τί","τίς"
"41","04","24","V","2PAI-P","ἀκούετε.","ἀκούετε","ἀκούετε","ἀκούω"
"41","04","24","P","","ἐν","ἐν","ἐν","ἐν"
"41","04","24","RR","DSN","ᾧ","ᾧ","ᾧ","ὅς"
"41","04","24","N","DSN","μέτρῳ","μέτρῳ","μέτρῳ","μέτρον"
"41","04","24","V","2PAI-P","μετρεῖτε","μετρεῖτε","μετρεῖτε","μετρέω"
"41","04","24","V","3FPI-S","μετρηθήσεται","μετρηθήσεται","μετρηθήσεται","μετρέω"
"41","04","24","RP","DP","ὑμῖν","ὑμῖν","ὑμῖν","σύ"
"41","04","24","C","","καὶ","καὶ","καί","καί"
"41","04","24","V","3FPI-S","προστεθήσεται","προστεθήσεται","προστεθήσεται","προστίθημι"
"41","04","24","RP","DP","⸀ὑμῖν.","ὑμῖν","ὑμῖν","σύ"
"41","04","25","RR","NSM","ὃς","ὃς","ὅς","ὅς"
"41","04","25","C","","γὰρ","γὰρ","γάρ","γάρ"
"41","04","25","V","3PAI-S","⸀ἔχει,","ἔχει","ἔχει","ἔχω"
"41","04","25","V","3FPI-S","δοθήσεται","δοθήσεται","δοθήσεται","δίδωμι"
"41","04","25","RP","DSM","αὐτῷ·","αὐτῷ","αὐτῷ","αὐτός"
"41","04","25","C","","καὶ","καὶ","καί","καί"
"41","04","25","RR","NSM","ὃς","ὃς","ὅς","ὅς"
"41","04","25","D","","οὐκ","οὐκ","οὐ","οὐ"
"41","04","25","V","3PAI-S","ἔχει,","ἔχει","ἔχει","ἔχω"
"41","04","25","D","","καὶ","καὶ","καί","καί"
"41","04","25","RR","ASN","⸀ὃ","ὃ","ὅ","ὅς"
"41","04","25","V","3PAI-S","ἔχει","ἔχει","ἔχει","ἔχω"
"41","04","25","V","3FPI-S","ἀρθήσεται","ἀρθήσεται","ἀρθήσεται","αἴρω"
"41","04","25","P","","ἀπ’","ἀπ’","ἀπό","ἀπό"
"41","04","25","RP","GSM","αὐτοῦ.","αὐτοῦ","αὐτοῦ","αὐτός"
"41","04","26","C","","Καὶ","Καὶ","καί","καί"
"41","04","26","V","3IAI-S","ἔλεγεν·","ἔλεγεν","ἔλεγε(ν)","λέγω"
"41","04","26","D","","Οὕτως","Οὕτως","οὕτω(ς)","οὕτω(ς)"
"41","04","26","V","3PAI-S","ἐστὶν","ἐστὶν","ἐστί(ν)","εἰμί"
"41","04","26","RA","NSF","ἡ","ἡ","ἡ","ὁ"
"41","04","26","N","NSF","βασιλεία","βασιλεία","βασιλεία","βασιλεία"
"41","04","26","RA","GSM","τοῦ","τοῦ","τοῦ","ὁ"
"41","04","26","N","GSM","θεοῦ","θεοῦ","θεοῦ","θεός"
"41","04","26","C","","⸀ὡς","ὡς","ὡς","ὡς"
"41","04","26","N","NSM","ἄνθρωπος","ἄνθρωπος","ἄνθρωπος","ἄνθρωπος"
"41","04","26","V","3AAS-S","βάλῃ","βάλῃ","βάλῃ","βάλλω"
"41","04","26","RA","ASM","τὸν","τὸν","τόν","ὁ"
"41","04","26","N","ASM","σπόρον","σπόρον","σπόρον","σπόρος"
"41","04","26","P","","ἐπὶ","ἐπὶ","ἐπί","ἐπί"
"41","04","26","RA","GSF","τῆς","τῆς","τῆς","ὁ"
"41","04","26","N","GSF","γῆς","γῆς","γῆς","γῆ"
"41","04","27","C","","καὶ","καὶ","καί","καί"
"41","04","27","V","3PAS-S","καθεύδῃ","καθεύδῃ","καθεύδῃ","καθεύδω"
"41","04","27","C","","καὶ","καὶ","καί","καί"
"41","04","27","V","3PPS-S","ἐγείρηται","ἐγείρηται","ἐγείρηται","ἐγείρω"
"41","04","27","N","ASF","νύκτα","νύκτα","νύκτα","νύξ"
"41","04","27","C","","καὶ","καὶ","καί","καί"
"41","04","27","N","ASF","ἡμέραν,","ἡμέραν","ἡμέραν","ἡμέρα"
"41","04","27","C","","καὶ","καὶ","καί","καί"
"41","04","27","RA","NSM","ὁ","ὁ","ὁ","ὁ"
"41","04","27","N","NSM","σπόρος","σπόρος","σπόρος","σπόρος"
"41","04","27","V","3PAS-S","⸀βλαστᾷ","βλαστᾷ","βλαστᾷ","βλαστάνω"
"41","04","27","C","","καὶ","καὶ","καί","καί"
"41","04","27","V","3PMS-S","μηκύνηται","μηκύνηται","μηκύνηται","μηκύνομαι"
"41","04","27","C","","ὡς","ὡς","ὡς","ὡς"
"41","04","27","D","","οὐκ","οὐκ","οὐ","οὐ"
"41","04","27","V","3XAI-S","οἶδεν","οἶδεν","οἶδε(ν)","οἶδα"
"41","04","27","RP","NSM","αὐτός.","αὐτός","αὐτός","αὐτός"
"41","04","28","A","NSF","⸀αὐτομάτη","αὐτομάτη","αὐτομάτη","αὐτόματος"
"41","04","28","RA","NSF","ἡ","ἡ","ἡ","ὁ"
"41","04","28","N","NSF","γῆ","γῆ","γῆ","γῆ"
"41","04","28","V","3PAI-S","καρποφορεῖ,","καρποφορεῖ","καρποφορεῖ","καρποφορέω"
"41","04","28","A","ASN","πρῶτον","πρῶτον","πρῶτον","πρῶτος"
"41","04","28","N","ASM","χόρτον,","χόρτον","χόρτον","χόρτος"
"41","04","28","D","","⸂εἶτα","εἶτα","εἶτα","εἶτα"
"41","04","28","N","ASM","στάχυν,","στάχυν","στάχυν","στάχυς"
"41","04","28","D","","εἶτα⸃","εἶτα","εἶτα","εἶτα"
"41","04","28","A","NSM","⸂πλήρης","πλήρης","πλήρης","πλήρης"
"41","04","28","N","ASM","σῖτον⸃","σῖτον","σῖτον","σῖτος"
"41","04","28","P","","ἐν","ἐν","ἐν","ἐν"
"41","04","28","RA","DSM","τῷ","τῷ","τῷ","ὁ"
"41","04","28","N","DSM","στάχυϊ.","στάχυϊ","στάχυϊ","στάχυς"
"41","04","29","C","","ὅταν","ὅταν","ὅταν","ὅταν"
"41","04","29","C","","δὲ","δὲ","δέ","δέ"
"41","04","29","V","3AAS-S","⸀παραδοῖ","παραδοῖ","παραδοῖ","παραδίδωμι"
"41","04","29","RA","NSM","ὁ","ὁ","ὁ","ὁ"
"41","04","29","N","NSM","καρπός,","καρπός","καρπός","καρπός"
"41","04","29","A","NSM","⸀εὐθὺς","εὐθὺς","εὐθύς","εὐθύς"
"41","04","29","V","3PAI-S","ἀποστέλλει","ἀποστέλλει","ἀποστέλλει","ἀποστέλλω"
"41","04","29","RA","ASN","τὸ","τὸ","τό","ὁ"
"41","04","29","N","ASN","δρέπανον,","δρέπανον","δρέπανον","δρέπανον"
"41","04","29","C","","ὅτι","ὅτι","ὅτι","ὅτι"
"41","04","29","V","3XAI-S","παρέστηκεν","παρέστηκεν","παρέστηκε(ν)","παρίστημι"
"41","04","29","RA","NSM","ὁ","ὁ","ὁ","ὁ"
"41","04","29","N","NSM","θερισμός.","θερισμός","θερισμός","θερισμός"
"41","04","30","C","","Καὶ","Καὶ","καί","καί"
"41","04","30","V","3IAI-S","ἔλεγεν·","ἔλεγεν","ἔλεγε(ν)","λέγω"
"41","04","30","D","","⸀Πῶς","Πῶς","πῶς","πῶς"
"41","04","30","V","1AAS-P","ὁμοιώσωμεν","ὁμοιώσωμεν","ὁμοιώσωμεν","ὁμοιόω"
"41","04","30","RA","ASF","τὴν","τὴν","τήν","ὁ"
"41","04","30","N","ASF","βασιλείαν","βασιλείαν","βασιλείαν","βασιλεία"
"41","04","30","RA","GSM","τοῦ","τοῦ","τοῦ","ὁ"
"41","04","30","N","GSM","θεοῦ,","θεοῦ","θεοῦ","θεός"
"41","04","30","C","","ἢ","ἢ","ἤ","ἤ"
"41","04","30","P","","ἐν","ἐν","ἐν","ἐν"
"41","04","30","RI","DSF","⸀τίνι","τίνι","τίνι","τίς"
"41","04","30","RP","ASF","⸂αὐτὴν","αὐτὴν","αὐτήν","αὐτός"
"41","04","30","N","DSF","παραβολῇ","παραβολῇ","παραβολῇ","παραβολή"
"41","04","30","V","1AAS-P","θῶμεν⸃;","θῶμεν","θῶμεν","τίθημι"
"41","04","31","C","","ὡς","ὡς","ὡς","ὡς"
"41","04","31","N","DSM","⸀κόκκῳ","κόκκῳ","κόκκῳ","κόκκος"
"41","04","31","N","GSN","σινάπεως,","σινάπεως","σινάπεως","σίναπι"
"41","04","31","RR","NSM","ὃς","ὃς","ὅς","ὅς"
"41","04","31","C","","ὅταν","ὅταν","ὅταν","ὅταν"
"41","04","31","V","3APS-S","σπαρῇ","σπαρῇ","σπαρῇ","σπείρω"
"41","04","31","P","","ἐπὶ","ἐπὶ","ἐπί","ἐπί"
"41","04","31","RA","GSF","τῆς","τῆς","τῆς","ὁ"
"41","04","31","N","GSF","γῆς,","γῆς","γῆς","γῆ"
"41","04","31","A","NSNC","⸂μικρότερον","μικρότερον","μικρότερον","μικρός"
"41","04","31","V","PAPNSN","ὂν⸃","ὂν","ὄν","εἰμί"
"41","04","31","A","GPN","πάντων","πάντων","πάντων","πᾶς"
"41","04","31","RA","GPN","τῶν","τῶν","τῶν","ὁ"
"41","04","31","N","GPN","⸀σπερμάτων","σπερμάτων","σπερμάτων","σπέρμα"
"41","04","31","RA","GPN","τῶν","τῶν","τῶν","ὁ"
"41","04","31","P","","ἐπὶ","ἐπὶ","ἐπί","ἐπί"
"41","04","31","RA","GSF","τῆς","τῆς","τῆς","ὁ"
"41","04","31","N","GSF","γῆς—","γῆς","γῆς","γῆ"
"41","04","32","C","","καὶ","καὶ","καί","καί"
"41","04","32","C","","ὅταν","ὅταν","ὅταν","ὅταν"
"41","04","32","V","3APS-S","σπαρῇ,","σπαρῇ","σπαρῇ","σπείρω"
"41","04","32","V","3PAI-S","ἀναβαίνει","ἀναβαίνει","ἀναβαίνει","ἀναβαίνω"
"41","04","32","C","","καὶ","καὶ","καί","καί"
"41","04","32","V","3PMI-S","γίνεται","γίνεται","γίνεται","γίνομαι"
"41","04","32","A","NSNC","⸂μεῖζον","μεῖζον","μεῖζον","μέγας"
"41","04","32","A","GPN","πάντων","πάντων","πάντων","πᾶς"
"41","04","32","RA","GPN","τῶν","τῶν","τῶν","ὁ"
"41","04","32","N","GPN","λαχάνων⸃","λαχάνων","λαχάνων","λάχανον"
"41","04","32","C","","καὶ","καὶ","καί","καί"
"41","04","32","V","3PAI-S","ποιεῖ","ποιεῖ","ποιεῖ","ποιέω"
"41","04","32","N","APM","κλάδους","κλάδους","κλάδους","κλάδος"
"41","04","32","A","APM","μεγάλους,","μεγάλους","μεγάλους","μέγας"
"41","04","32","C","","ὥστε","ὥστε","ὥστε","ὥστε"
"41","04","32","V","PMN","δύνασθαι","δύνασθαι","δύνασθαι","δύναμαι"
"41","04","32","P","","ὑπὸ","ὑπὸ","ὑπό","ὑπό"
"41","04","32","RA","ASF","τὴν","τὴν","τήν","ὁ"
"41","04","32","N","ASF","σκιὰν","σκιὰν","σκιάν","σκιά"
"41","04","32","RP","GSN","αὐτοῦ","αὐτοῦ","αὐτοῦ","αὐτός"
"41","04","32","RA","APN","τὰ","τὰ","τά","ὁ"
"41","04","32","A","APN","πετεινὰ","πετεινὰ","πετεινά","πετεινόν"
"41","04","32","RA","GSM","τοῦ","τοῦ","τοῦ","ὁ"
"41","04","32","N","GSM","οὐρανοῦ","οὐρανοῦ","οὐρανοῦ","οὐρανός"
"41","04","32","V","PAN","κατασκηνοῦν.","κατασκηνοῦν","κατασκηνοῦν","κατασκηνόω"
"41","04","33","C","","Καὶ","Καὶ","καί","καί"
"41","04","33","RD","DPF","τοιαύταις","τοιαύταις","τοιαύταις","τοιοῦτος"
"41","04","33","N","DPF","παραβολαῖς","παραβολαῖς","παραβολαῖς","παραβολή"
"41","04","33","A","DPF","πολλαῖς","πολλαῖς","πολλαῖς","πολύς"
"41","04","33","V","3IAI-S","ἐλάλει","ἐλάλει","ἐλάλει","λαλέω"
"41","04","33","RP","DPM","αὐτοῖς","αὐτοῖς","αὐτοῖς","αὐτός"
"41","04","33","RA","ASM","τὸν","τὸν","τόν","ὁ"
"41","04","33","N","ASM","λόγον,","λόγον","λόγον","λόγος"
"41","04","33","C","","καθὼς","καθὼς","καθώς","καθώς"
"41","04","33","V","3IMI-P","ἠδύναντο","ἠδύναντο","ἠδύναντο","δύναμαι"
"41","04","33","V","PAN","ἀκούειν·","ἀκούειν","ἀκούειν","ἀκούω"
"41","04","34","P","","χωρὶς","χωρὶς","χωρίς","χωρίς"
"41","04","34","C","","δὲ","δὲ","δέ","δέ"
"41","04","34","N","GSF","παραβολῆς","παραβολῆς","παραβολῆς","παραβολή"
"41","04","34","D","","οὐκ","οὐκ","οὐ","οὐ"
"41","04","34","V","3IAI-S","ἐλάλει","ἐλάλει","ἐλάλει","λαλέω"
"41","04","34","RP","DPM","αὐτοῖς,","αὐτοῖς","αὐτοῖς","αὐτός"
"41","04","34","P","","κατ’","κατ’","κατά","κατά"
"41","04","34","A","ASF","ἰδίαν","ἰδίαν","ἰδίαν","ἴδιος"
"41","04","34","C","","δὲ","δὲ","δέ","δέ"
"41","04","34","RA","DPM","τοῖς","τοῖς","τοῖς","ὁ"
"41","04","34","A","DPM","⸂ἰδίοις","ἰδίοις","ἰδίοις","ἴδιος"
"41","04","34","N","DPM","μαθηταῖς⸃","μαθηταῖς","μαθηταῖς","μαθητής"
"41","04","34","V","3IAI-S","ἐπέλυεν","ἐπέλυεν","ἐπέλυε(ν)","ἐπιλύω"
"41","04","34","A","APN","πάντα.","πάντα","πάντα","πᾶς"
"41","04","35","C","","Καὶ","Καὶ","καί","καί"
"41","04","35","V","3PAI-S","λέγει","λέγει","λέγει","λέγω"
"41","04","35","RP","DPM","αὐτοῖς","αὐτοῖς","αὐτοῖς","αὐτός"
"41","04","35","P","","ἐν","ἐν","ἐν","ἐν"
"41","04","35","RD","DSF","ἐκείνῃ","ἐκείνῃ","ἐκείνῃ","ἐκεῖνος"
"41","04","35","RA","DSF","τῇ","τῇ","τῇ","ὁ"
"41","04","35","N","DSF","ἡμέρᾳ","ἡμέρᾳ","ἡμέρᾳ","ἡμέρα"
"41","04","35","A","GSF","ὀψίας","ὀψίας","ὀψίας","ὀψία"
"41","04","35","V","AMPGSF","γενομένης·","γενομένης","γενομένης","γίνομαι"
"41","04","35","V","1AAS-P","Διέλθωμεν","Διέλθωμεν","διέλθωμεν","διέρχομαι"
"41","04","35","P","","εἰς","εἰς","εἰς","εἰς"
"41","04","35","RA","ASN","τὸ","τὸ","τό","ὁ"
"41","04","35","D","","πέραν.","πέραν","πέραν","πέραν"
"41","04","36","C","","καὶ","καὶ","καί","καί"
"41","04","36","V","AAPNPM","ἀφέντες","ἀφέντες","ἀφέντες","ἀφίημι"
"41","04","36","RA","ASM","τὸν","τὸν","τόν","ὁ"
"41","04","36","N","ASM","ὄχλον","ὄχλον","ὄχλον","ὄχλος"
"41","04","36","V","3PAI-P","παραλαμβάνουσιν","παραλαμβάνουσιν","παραλαμβάνουσι(ν)","παραλαμβάνω"
"41","04","36","RP","ASM","αὐτὸν","αὐτὸν","αὐτόν","αὐτός"
"41","04","36","C","","ὡς","ὡς","ὡς","ὡς"
"41","04","36","V","3IAI-S","ἦν","ἦν","ἦν","εἰμί"
"41","04","36","P","","ἐν","ἐν","ἐν","ἐν"
"41","04","36","RA","DSN","τῷ","τῷ","τῷ","ὁ"
"41","04","36","N","DSN","πλοίῳ,","πλοίῳ","πλοίῳ","πλοῖον"
"41","04","36","C","","καὶ","καὶ","καί","καί"
"41","04","36","A","NPN","ἄλλα","ἄλλα","ἄλλα","ἄλλος"
"41","04","36","N","NPN","⸀πλοῖα","πλοῖα","πλοῖα","πλοῖον"
"41","04","36","V","3IAI-S","ἦν","ἦν","ἦν","εἰμί"
"41","04","36","P","","μετ’","μετ’","μετά","μετά"
"41","04","36","RP","GSM","αὐτοῦ.","αὐτοῦ","αὐτοῦ","αὐτός"
"41","04","37","C","","καὶ","καὶ","καί","καί"
"41","04","37","V","3PMI-S","γίνεται","γίνεται","γίνεται","γίνομαι"
"41","04","37","N","NSF","λαῖλαψ","λαῖλαψ","λαῖλαψ","λαῖλαψ"
"41","04","37","A","NSF","⸂μεγάλη","μεγάλη","μεγάλη","μέγας"
"41","04","37","N","GSM","ἀνέμου⸃,","ἀνέμου","ἀνέμου","ἄνεμος"
"41","04","37","C","","⸂καὶ","καὶ","καί","καί"
"41","04","37","RA","NPN","τὰ⸃","τὰ","τά","ὁ"
"41","04","37","N","NPN","κύματα","κύματα","κύματα","κῦμα"
"41","04","37","V","3IAI-S","ἐπέβαλλεν","ἐπέβαλλεν","ἐπέβαλλε(ν)","ἐπιβάλλω"
"41","04","37","P","","εἰς","εἰς","εἰς","εἰς"
"41","04","37","RA","ASN","τὸ","τὸ","τό","ὁ"
"41","04","37","N","ASN","πλοῖον,","πλοῖον","πλοῖον","πλοῖον"
"41","04","37","C","","ὥστε","ὥστε","ὥστε","ὥστε"
"41","04","37","D","","⸂ἤδη","ἤδη","ἤδη","ἤδη"
"41","04","37","V","PPN","γεμίζεσθαι","γεμίζεσθαι","γεμίζεσθαι","γεμίζω"
"41","04","37","RA","ASN","τὸ","τὸ","τό","ὁ"
"41","04","37","N","ASN","πλοῖον⸃.","πλοῖον","πλοῖον","πλοῖον"
"41","04","38","C","","καὶ","καὶ","καί","καί"
"41","04","38","RP","NSM","⸂αὐτὸς","αὐτὸς","αὐτός","αὐτός"
"41","04","38","V","3IAI-S","ἦν⸃","ἦν","ἦν","εἰμί"
"41","04","38","P","","⸀ἐν","ἐν","ἐν","ἐν"
"41","04","38","RA","DSF","τῇ","τῇ","τῇ","ὁ"
"41","04","38","N","DSF","πρύμνῃ","πρύμνῃ","πρύμνῃ","πρύμνα"
"41","04","38","P","","ἐπὶ","ἐπὶ","ἐπί","ἐπί"
"41","04","38","RA","ASN","τὸ","τὸ","τό","ὁ"
"41","04","38","N","ASN","προσκεφάλαιον","προσκεφάλαιον","προσκεφάλαιον","προσκεφάλαιον"
"41","04","38","V","PAPNSM","καθεύδων·","καθεύδων","καθεύδων","καθεύδω"
"41","04","38","C","","καὶ","καὶ","καί","καί"
"41","04","38","V","3PAI-P","⸀ἐγείρουσιν","ἐγείρουσιν","ἐγείρουσι(ν)","ἐγείρω"
"41","04","38","RP","ASM","αὐτὸν","αὐτὸν","αὐτόν","αὐτός"
"41","04","38","C","","καὶ","καὶ","καί","καί"
"41","04","38","V","3PAI-P","λέγουσιν","λέγουσιν","λέγουσι(ν)","λέγω"
"41","04","38","RP","DSM","αὐτῷ·","αὐτῷ","αὐτῷ","αὐτός"
"41","04","38","N","VSM","Διδάσκαλε,","Διδάσκαλε","διδάσκαλε","διδάσκαλος"
"41","04","38","X","","οὐ","οὐ","οὐ","οὐ"
"41","04","38","V","3PAI-S","μέλει","μέλει","μέλει","μέλει"
"41","04","38","RP","DS","σοι","σοι","σοι","σύ"
"41","04","38","C","","ὅτι","ὅτι","ὅτι","ὅτι"
"41","04","38","V","1PMI-P","ἀπολλύμεθα;","ἀπολλύμεθα","ἀπολλύμεθα","ἀπόλλυμι"
"41","04","39","C","","καὶ","καὶ","καί","καί"
"41","04","39","V","APPNSM","διεγερθεὶς","διεγερθεὶς","διεγερθείς","διεγείρω"
"41","04","39","V","3AAI-S","ἐπετίμησεν","ἐπετίμησεν","ἐπετίμησε(ν)","ἐπιτιμάω"
"41","04","39","RA","DSM","τῷ","τῷ","τῷ","ὁ"
"41","04","39","N","DSM","ἀνέμῳ","ἀνέμῳ","ἀνέμῳ","ἄνεμος"
"41","04","39","C","","καὶ","καὶ","καί","καί"
"41","04","39","V","3AAI-S","εἶπεν","εἶπεν","εἶπε(ν)","λέγω"
"41","04","39","RA","DSF","τῇ","τῇ","τῇ","ὁ"
"41","04","39","N","DSF","θαλάσσῃ·","θαλάσσῃ","θαλάσσῃ","θάλασσα"
"41","04","39","V","2PAD-S","Σιώπα,","Σιώπα","σιώπα","σιωπάω"
"41","04","39","V","2XPD-S","πεφίμωσο.","πεφίμωσο","πεφίμωσο","φιμόω"
"41","04","39","C","","καὶ","καὶ","καί","καί"
"41","04","39","V","3AAI-S","ἐκόπασεν","ἐκόπασεν","ἐκόπασε(ν)","κοπάζω"
"41","04","39","RA","NSM","ὁ","ὁ","ὁ","ὁ"
"41","04","39","N","NSM","ἄνεμος,","ἄνεμος","ἄνεμος","ἄνεμος"
"41","04","39","C","","καὶ","καὶ","καί","καί"
"41","04","39","V","3AMI-S","ἐγένετο","ἐγένετο","ἐγένετο","γίνομαι"
"41","04","39","N","NSF","γαλήνη","γαλήνη","γαλήνη","γαλήνη"
"41","04","39","A","NSF","μεγάλη.","μεγάλη","μεγάλη","μέγας"
"41","04","40","C","","καὶ","καὶ","καί","καί"
"41","04","40","V","3AAI-S","εἶπεν","εἶπεν","εἶπε(ν)","λέγω"
"41","04","40","RP","DPM","αὐτοῖς·","αὐτοῖς","αὐτοῖς","αὐτός"
"41","04","40","RI","ASN","Τί","Τί","τί","τίς"
"41","04","40","A","NPM","δειλοί","δειλοί","δειλοί","δειλός"
"41","04","40","V","2PAI-P","ἐστε;","ἐστε","ἐστέ","εἰμί"
"41","04","40","D","","⸀οὔπω","οὔπω","οὔπω","οὔπω"
"41","04","40","V","2PAI-P","ἔχετε","ἔχετε","ἔχετε","ἔχω"
"41","04","40","N","ASF","πίστιν;","πίστιν","πίστιν","πίστις"
"41","04","41","C","","καὶ","καὶ","καί","καί"
"41","04","41","V","3API-P","ἐφοβήθησαν","ἐφοβήθησαν","ἐφοβήθησαν","φοβέομαι"
"41","04","41","N","ASM","φόβον","φόβον","φόβον","φόβος"
"41","04","41","A","ASM","μέγαν,","μέγαν","μέγαν","μέγας"
"41","04","41","C","","καὶ","καὶ","καί","καί"
"41","04","41","V","3IAI-P","ἔλεγον","ἔλεγον","ἔλεγον","λέγω"
"41","04","41","P","","πρὸς","πρὸς","πρός","πρός"
"41","04","41","RP","APM","ἀλλήλους·","ἀλλήλους","ἀλλήλους","ἀλλήλων"
"41","04","41","RI","NSM","Τίς","Τίς","τίς","τίς"
"41","04","41","C","","ἄρα","ἄρα","ἄρα","ἄρα"
"41","04","41","RD","NSM","οὗτός","οὗτός","οὗτος","οὗτος"
"41","04","41","V","3PAI-S","ἐστιν","ἐστιν","ἐστί(ν)","εἰμί"
"41","04","41","C","","ὅτι","ὅτι","ὅτι","ὅτι"
"41","04","41","D","","καὶ","καὶ","καί","καί"
"41","04","41","RA","NSM","ὁ","ὁ","ὁ","ὁ"
"41","04","41","N","NSM","ἄνεμος","ἄνεμος","ἄνεμος","ἄνεμος"
"41","04","41","C","","καὶ","καὶ","καί","καί"
"41","04","41","RA","NSF","ἡ","ἡ","ἡ","ὁ"
"41","04","41","N","NSF","θάλασσα","θάλασσα","θάλασσα","θάλασσα"
"41","04","41","V","3PAI-S","⸀ὑπακούει","ὑπακούει","ὑπακούει","ὑπακούω"
"41","04","41","RP","DSM","αὐτῷ;","αὐτῷ","αὐτῷ","αὐτός"
"41","05","01","C","","Καὶ","Καὶ","καί","καί"
"41","05","01","V","3AAI-P","ἦλθον","ἦλθον","ἦλθον","ἔρχομαι"
"41","05","01","P","","εἰς","εἰς","εἰς","εἰς"
"41","05","01","RA","ASN","τὸ","τὸ","τό","ὁ"
"41","05","01","D","","πέραν","πέραν","πέραν","πέραν"
"41","05","01","RA","GSF","τῆς","τῆς","τῆς","ὁ"
"41","05","01","N","GSF","θαλάσσης","θαλάσσης","θαλάσσης","θάλασσα"
"41","05","01","P","","εἰς","εἰς","εἰς","εἰς"
"41","05","01","RA","ASF","τὴν","τὴν","τήν","ὁ"
"41","05","01","N","ASF","χώραν","χώραν","χώραν","χώρα"
"41","05","01","RA","GPM","τῶν","τῶν","τῶν","ὁ"
"41","05","01","A","GPM","⸀Γερασηνῶν.","Γερασηνῶν","Γερασηνῶν","Γερασηνός"
"41","05","02","C","","καὶ","καὶ","καί","καί"
"41","05","02","V","AAPGSM","⸂ἐξελθόντος","ἐξελθόντος","ἐξελθόντος","ἐξέρχομαι"
"41","05","02","RP","GSM","αὐτοῦ⸃","αὐτοῦ","αὐτοῦ","αὐτός"
"41","05","02","P","","ἐκ","ἐκ","ἐκ","ἐκ"
"41","05","02","RA","GSN","τοῦ","τοῦ","τοῦ","ὁ"
"41","05","02","N","GSN","πλοίου","πλοίου","πλοίου","πλοῖον"
"41","05","02","A","NSM","⸂εὐθὺς","εὐθὺς","εὐθύς","εὐθύς"
"41","05","02","V","3AAI-S","ὑπήντησεν⸃","ὑπήντησεν","ὑπήντησε(ν)","ὑπαντάω"
"41","05","02","RP","DSM","αὐτῷ","αὐτῷ","αὐτῷ","αὐτός"
"41","05","02","P","","ἐκ","ἐκ","ἐκ","ἐκ"
"41","05","02","RA","GPN","τῶν","τῶν","τῶν","ὁ"
"41","05","02","N","GPN","μνημείων","μνημείων","μνημείων","μνημεῖον"
"41","05","02","N","NSM","ἄνθρωπος","ἄνθρωπος","ἄνθρωπος","ἄνθρωπος"
"41","05","02","P","","ἐν","ἐν","ἐν","ἐν"
"41","05","02","N","DSN","πνεύματι","πνεύματι","πνεύματι","πνεῦμα"
"41","05","02","A","DSN","ἀκαθάρτῳ,","ἀκαθάρτῳ","ἀκαθάρτῳ","ἀκάθαρτος"
"41","05","03","RR","NSM","ὃς","ὃς","ὅς","ὅς"
"41","05","03","RA","ASF","τὴν","τὴν","τήν","ὁ"
"41","05","03","N","ASF","κατοίκησιν","κατοίκησιν","κατοίκησιν","κατοίκησις"
"41","05","03","V","3IAI-S","εἶχεν","εἶχεν","εἶχε(ν)","ἔχω"
"41","05","03","P","","ἐν","ἐν","ἐν","ἐν"
"41","05","03","RA","DPN","τοῖς","τοῖς","τοῖς","ὁ"
"41","05","03","N","DPN","μνήμασιν,","μνήμασιν","μνήμασι(ν)","μνῆμα"
"41","05","03","C","","καὶ","καὶ","καί","καί"
"41","05","03","D","","⸂οὐδὲ","οὐδὲ","οὐδέ","οὐδέ"
"41","05","03","N","DSF","ἁλύσει","ἁλύσει","ἁλύσει","ἅλυσις"
"41","05","03","D","","οὐκέτι⸃","οὐκέτι","οὐκέτι","οὐκέτι"
"41","05","03","A","NSM","οὐδεὶς","οὐδεὶς","οὐδείς","οὐδείς"
"41","05","03","V","3IMI-S","ἐδύνατο","ἐδύνατο","ἐδύνατο","δύναμαι"
"41","05","03","RP","ASM","αὐτὸν","αὐτὸν","αὐτόν","αὐτός"
"41","05","03","V","AAN","δῆσαι","δῆσαι","δῆσαι","δέω"
"41","05","04","P","","διὰ","διὰ","διά","διά"
"41","05","04","RA","ASN","τὸ","τὸ","τό","ὁ"
"41","05","04","RP","ASM","αὐτὸν","αὐτὸν","αὐτόν","αὐτός"
"41","05","04","D","","πολλάκις","πολλάκις","πολλάκις","πολλάκις"
"41","05","04","N","DPF","πέδαις","πέδαις","πέδαις","πέδη"
"41","05","04","C","","καὶ","καὶ","καί","καί"
"41","05","04","N","DPF","ἁλύσεσι","ἁλύσεσι","ἁλύσεσι(ν)","ἅλυσις"
"41","05","04","V","XPN","δεδέσθαι","δεδέσθαι","δεδέσθαι","δέω"
"41","05","04","C","","καὶ","καὶ","καί","καί"
"41","05","04","V","XPN","διεσπάσθαι","διεσπάσθαι","διεσπάσθαι","διασπάω"
"41","05","04","P","","ὑπ’","ὑπ’","ὑπό","ὑπό"
"41","05","04","RP","GSM","αὐτοῦ","αὐτοῦ","αὐτοῦ","αὐτός"
"41","05","04","RA","APF","τὰς","τὰς","τάς","ὁ"
"41","05","04","N","APF","ἁλύσεις","ἁλύσεις","ἁλύσεις","ἅλυσις"
"41","05","04","C","","καὶ","καὶ","καί","καί"
"41","05","04","RA","APF","τὰς","τὰς","τάς","ὁ"
"41","05","04","N","APF","πέδας","πέδας","πέδας","πέδη"
"41","05","04","V","XPN","συντετρῖφθαι,","συντετρῖφθαι","συντετρῖφθαι","συντρίβω"
"41","05","04","C","","καὶ","καὶ","καί","καί"
"41","05","04","A","NSM","οὐδεὶς","οὐδεὶς","οὐδείς","οὐδείς"
"41","05","04","V","3IAI-S","⸂ἴσχυεν","ἴσχυεν","ἴσχυε(ν)","ἰσχύω"
"41","05","04","RP","ASM","αὐτὸν⸃","αὐτὸν","αὐτόν","αὐτός"
"41","05","04","V","AAN","δαμάσαι·","δαμάσαι","δαμάσαι","δαμάζω"
"41","05","05","C","","καὶ","καὶ","καί","καί"
"41","05","05","P","","διὰ","διὰ","διά","διά"
"41","05","05","A","GSM","παντὸς","παντὸς","παντός","πᾶς"
"41","05","05","N","GSF","νυκτὸς","νυκτὸς","νυκτός","νύξ"
"41","05","05","C","","καὶ","καὶ","καί","καί"
"41","05","05","N","GSF","ἡμέρας","ἡμέρας","ἡμέρας","ἡμέρα"
"41","05","05","P","","ἐν","ἐν","ἐν","ἐν"
"41","05","05","RA","DPN","τοῖς","τοῖς","τοῖς","ὁ"
"41","05","05","N","DPN","⸂μνήμασιν","μνήμασιν","μνήμασι(ν)","μνῆμα"
"41","05","05","C","","καὶ","καὶ","καί","καί"
"41","05","05","P","","ἐν","ἐν","ἐν","ἐν"
"41","05","05","RA","DPN","τοῖς","τοῖς","τοῖς","ὁ"
"41","05","05","N","DPN","ὄρεσιν⸃","ὄρεσιν","ὄρεσι(ν)","ὄρος"
"41","05","05","V","3IAI-S","ἦν","ἦν","ἦν","εἰμί"
"41","05","05","V","PAPNSM","κράζων","κράζων","κράζων","κράζω"
"41","05","05","C","","καὶ","καὶ","καί","καί"
"41","05","05","V","PAPNSM","κατακόπτων","κατακόπτων","κατακόπτων","κατακόπτω"
"41","05","05","RP","ASM","ἑαυτὸν","ἑαυτὸν","ἑαυτόν","ἑαυτοῦ"
"41","05","05","N","DPM","λίθοις.","λίθοις","λίθοις","λίθος"
"41","05","06","C","","⸂καὶ","καὶ","καί","καί"
"41","05","06","V","AAPNSM","ἰδὼν⸃","ἰδὼν","ἰδών","ὁράω"
"41","05","06","RA","ASM","τὸν","τὸν","τόν","ὁ"
"41","05","06","N","ASM","Ἰησοῦν","Ἰησοῦν","Ἰησοῦν","Ἰησοῦς"
"41","05","06","P","","ἀπὸ","ἀπὸ","ἀπό","ἀπό"
"41","05","06","D","","μακρόθεν","μακρόθεν","μακρόθεν","μακρόθεν"
"41","05","06","V","3AAI-S","ἔδραμεν","ἔδραμεν","ἔδραμε(ν)","τρέχω"
"41","05","06","C","","καὶ","καὶ","καί","καί"
"41","05","06","V","3AAI-S","προσεκύνησεν","προσεκύνησεν","προσεκύνησε(ν)","προσκυνέω"
"41","05","06","RP","ASM","⸀αὐτόν,","αὐτόν","αὐτόν","αὐτός"
"41","05","07","C","","καὶ","καὶ","καί","καί"
"41","05","07","V","AAPNSM","κράξας","κράξας","κράξας","κράζω"
"41","05","07","N","DSF","φωνῇ","φωνῇ","φωνῇ","φωνή"
"41","05","07","A","DSF","μεγάλῃ","μεγάλῃ","μεγάλῃ","μέγας"
"41","05","07","V","3PAI-S","⸀λέγει·","λέγει","λέγει","λέγω"
"41","05","07","RI","NSN","Τί","Τί","τί","τίς"
"41","05","07","RP","DS","ἐμοὶ","ἐμοὶ","ἐμοί","ἐγώ"
"41","05","07","C","","καὶ","καὶ","καί","καί"
"41","05","07","RP","DS","σοί,","σοί","σοί","σύ"
"41","05","07","N","VSM","Ἰησοῦ","Ἰησοῦ","Ἰησοῦ","Ἰησοῦς"
"41","05","07","N","VSM","υἱὲ","υἱὲ","υἱέ","υἱός"
"41","05","07","RA","GSM","τοῦ","τοῦ","τοῦ","ὁ"
"41","05","07","N","GSM","θεοῦ","θεοῦ","θεοῦ","θεός"
"41","05","07","RA","GSM","τοῦ","τοῦ","τοῦ","ὁ"
"41","05","07","A","GSMS","ὑψίστου;","ὑψίστου","ὑψίστου","ὕψιστος"
"41","05","07","V","1PAI-S","ὁρκίζω","ὁρκίζω","ὁρκίζω","ὁρκίζω"
"41","05","07","RP","AS","σε","σε","σε","σύ"
"41","05","07","RA","ASM","τὸν","τὸν","τόν","ὁ"
"41","05","07","N","ASM","θεόν,","θεόν","θεόν","θεός"
"41","05","07","D","","μή","μή","μή","μή"
"41","05","07","RP","AS","με","με","με","ἐγώ"
"41","05","07","V","2AAS-S","βασανίσῃς.","βασανίσῃς","βασανίσῃς","βασανίζω"
"41","05","08","V","3IAI-S","ἔλεγεν","ἔλεγεν","ἔλεγε(ν)","λέγω"
"41","05","08","C","","γὰρ","γὰρ","γάρ","γάρ"
"41","05","08","RP","DSN","αὐτῷ·","αὐτῷ","αὐτῷ","αὐτός"
"41","05","08","V","2AAD-S","Ἔξελθε","Ἔξελθε","ἔξελθε","ἐξέρχομαι"
"41","05","08","RA","NSN","τὸ","τὸ","τό","ὁ"
"41","05","08","N","NSN","πνεῦμα","πνεῦμα","πνεῦμα","πνεῦμα"
"41","05","08","RA","NSN","τὸ","τὸ","τό","ὁ"
"41","05","08","A","NSN","ἀκάθαρτον","ἀκάθαρτον","ἀκάθαρτον","ἀκάθαρτος"
"41","05","08","P","","ἐκ","ἐκ","ἐκ","ἐκ"
"41","05","08","RA","GSM","τοῦ","τοῦ","τοῦ","ὁ"
"41","05","08","N","GSM","ἀνθρώπου.","ἀνθρώπου","ἀνθρώπου","ἄνθρωπος"
"41","05","09","C","","καὶ","καὶ","καί","καί"
"41","05","09","V","3IAI-S","ἐπηρώτα","ἐπηρώτα","ἐπηρώτα","ἐπερωτάω"
"41","05","09","RP","ASM","αὐτόν·","αὐτόν","αὐτόν","αὐτός"
"41","05","09","RI","NSN","Τί","Τί","τί","τίς"
"41","05","09","N","NSN","⸂ὄνομά","ὄνομά","ὄνομα","ὄνομα"
"41","05","09","RP","DS","σοι⸃;","σοι","σοι","σύ"
"41","05","09","C","","καὶ","καὶ","καί","καί"
"41","05","09","V","3PAI-S","⸂λέγει","λέγει","λέγει","λέγω"
"41","05","09","RP","DSM","αὐτῷ⸃·","αὐτῷ","αὐτῷ","αὐτός"
"41","05","09","N","NSF","⸀Λεγιὼν","Λεγιὼν","λεγιών","λεγιών"
"41","05","09","N","NSN","ὄνομά","ὄνομά","ὄνομα","ὄνομα"
"41","05","09","RP","DS","μοι,","μοι","μοι","ἐγώ"
"41","05","09","C","","ὅτι","ὅτι","ὅτι","ὅτι"
"41","05","09","A","NPM","πολλοί","πολλοί","πολλοί","πολύς"
"41","05","09","V","1PAI-P","ἐσμεν·","ἐσμεν","ἐσμέν","εἰμί"
"41","05","10","C","","καὶ","καὶ","καί","καί"
"41","05","10","V","3IAI-S","παρεκάλει","παρεκάλει","παρεκάλει","παρακαλέω"
"41","05","10","RP","ASM","αὐτὸν","αὐτὸν","αὐτόν","αὐτός"
"41","05","10","A","APN","πολλὰ","πολλὰ","πολλά","πολύς"
"41","05","10","C","","ἵνα","ἵνα","ἵνα","ἵνα"
"41","05","10","D","","μὴ","μὴ","μή","μή"
"41","05","10","RP","APN","⸀αὐτὰ","αὐτὰ","αὐτά","αὐτός"
"41","05","10","V","3AAS-S","ἀποστείλῃ","ἀποστείλῃ","ἀποστείλῃ","ἀποστέλλω"
"41","05","10","P","","ἔξω","ἔξω","ἔξω","ἔξω"
"41","05","10","RA","GSF","τῆς","τῆς","τῆς","ὁ"
"41","05","10","N","GSF","χώρας.","χώρας","χώρας","χώρα"
"41","05","11","V","3IAI-S","ἦν","ἦν","ἦν","εἰμί"
"41","05","11","C","","δὲ","δὲ","δέ","δέ"
"41","05","11","D","","ἐκεῖ","ἐκεῖ","ἐκεῖ","ἐκεῖ"
"41","05","11","P","","πρὸς","πρὸς","πρός","πρός"
"41","05","11","RA","DSN","τῷ","τῷ","τῷ","ὁ"
"41","05","11","N","DSN","ὄρει","ὄρει","ὄρει","ὄρος"
"41","05","11","N","NSF","ἀγέλη","ἀγέλη","ἀγέλη","ἀγέλη"
"41","05","11","N","GPM","χοίρων","χοίρων","χοίρων","χοῖρος"
"41","05","11","A","NSF","μεγάλη","μεγάλη","μεγάλη","μέγας"
"41","05","11","V","PPPNSF","βοσκομένη·","βοσκομένη","βοσκομένη","βόσκω"
"41","05","12","C","","καὶ","καὶ","καί","καί"
"41","05","12","V","3AAI-P","παρεκάλεσαν","παρεκάλεσαν","παρεκάλεσαν","παρακαλέω"
"41","05","12","RP","ASM","⸀αὐτὸν","αὐτὸν","αὐτόν","αὐτός"
"41","05","12","V","PAPNPM","λέγοντες·","λέγοντες","λέγοντες","λέγω"
"41","05","12","V","2AAD-S","Πέμψον","Πέμψον","πέμψον","πέμπω"
"41","05","12","RP","AP","ἡμᾶς","ἡμᾶς","ἡμᾶς","ἐγώ"
"41","05","12","P","","εἰς","εἰς","εἰς","εἰς"
"41","05","12","RA","APM","τοὺς","τοὺς","τούς","ὁ"
"41","05","12","N","APM","χοίρους,","χοίρους","χοίρους","χοῖρος"
"41","05","12","C","","ἵνα","ἵνα","ἵνα","ἵνα"
"41","05","12","P","","εἰς","εἰς","εἰς","εἰς"
"41","05","12","RP","APM","αὐτοὺς","αὐτοὺς","αὐτούς","αὐτός"
"41","05","12","V","1AAS-P","εἰσέλθωμεν.","εἰσέλθωμεν","εἰσέλθωμεν","εἰσέρχομαι"
"41","05","13","C","","καὶ","καὶ","καί","καί"
"41","05","13","V","3AAI-S","ἐπέτρεψεν","ἐπέτρεψεν","ἐπέτρεψε(ν)","ἐπιτρέπω"
"41","05","13","RP","DPN","⸀αὐτοῖς.","αὐτοῖς","αὐτοῖς","αὐτός"
"41","05","13","C","","καὶ","καὶ","καί","καί"
"41","05","13","V","AAPNPN","ἐξελθόντα","ἐξελθόντα","ἐξελθόντα","ἐξέρχομαι"
"41","05","13","RA","NPN","τὰ","τὰ","τά","ὁ"
"41","05","13","N","NPN","πνεύματα","πνεύματα","πνεύματα","πνεῦμα"
"41","05","13","RA","NPN","τὰ","τὰ","τά","ὁ"
"41","05","13","A","NPN","ἀκάθαρτα","ἀκάθαρτα","ἀκάθαρτα","ἀκάθαρτος"
"41","05","13","V","3AAI-P","εἰσῆλθον","εἰσῆλθον","εἰσῆλθον","εἰσέρχομαι"
"41","05","13","P","","εἰς","εἰς","εἰς","εἰς"
"41","05","13","RA","APM","τοὺς","τοὺς","τούς","ὁ"
"41","05","13","N","APM","χοίρους,","χοίρους","χοίρους","χοῖρος"
"41","05","13","C","","καὶ","καὶ","καί","καί"
"41","05","13","V","3AAI-S","ὥρμησεν","ὥρμησεν","ὥρμησε(ν)","ὁρμάω"
"41","05","13","RA","NSF","ἡ","ἡ","ἡ","ὁ"
"41","05","13","N","NSF","ἀγέλη","ἀγέλη","ἀγέλη","ἀγέλη"
"41","05","13","P","","κατὰ","κατὰ","κατά","κατά"
"41","05","13","RA","GSM","τοῦ","τοῦ","τοῦ","ὁ"
"41","05","13","N","GSM","κρημνοῦ","κρημνοῦ","κρημνοῦ","κρημνός"
"41","05","13","P","","εἰς","εἰς","εἰς","εἰς"
"41","05","13","RA","ASF","τὴν","τὴν","τήν","ὁ"
"41","05","13","N","ASF","θάλασσαν,","θάλασσαν","θάλασσαν","θάλασσα"
"41","05","13","D","","⸀ὡς","ὡς","ὡς","ὡς"
"41","05","13","A","NPM","δισχίλιοι,","δισχίλιοι","δισχίλιοι","δισχίλιοι"
"41","05","13","C","","καὶ","καὶ","καί","καί"
"41","05","13","V","3IPI-P","ἐπνίγοντο","ἐπνίγοντο","ἐπνίγοντο","πνίγω"
"41","05","13","P","","ἐν","ἐν","ἐν","ἐν"
"41","05","13","RA","DSF","τῇ","τῇ","τῇ","ὁ"
"41","05","13","N","DSF","θαλάσσῃ.","θαλάσσῃ","θαλάσσῃ","θάλασσα"
"41","05","14","C","","⸂Καὶ","Καὶ","καί","καί"
"41","05","14","RA","NPM","οἱ⸃","οἱ","οἱ","ὁ"
"41","05","14","V","PAPNPM","βόσκοντες","βόσκοντες","βόσκοντες","βόσκω"
"41","05","14","RP","APM","⸀αὐτοὺς","αὐτοὺς","αὐτούς","αὐτός"
"41","05","14","V","3AAI-P","ἔφυγον","ἔφυγον","ἔφυγον","φεύγω"
"41","05","14","C","","καὶ","καὶ","καί","καί"
"41","05","14","V","3AAI-P","⸀ἀπήγγειλαν","ἀπήγγειλαν","ἀπήγγειλαν","ἀπαγγέλλω"
"41","05","14","P","","εἰς","εἰς","εἰς","εἰς"
"41","05","14","RA","ASF","τὴν","τὴν","τήν","ὁ"
"41","05","14","N","ASF","πόλιν","πόλιν","πόλιν","πόλις"
"41","05","14","C","","καὶ","καὶ","καί","καί"
"41","05","14","P","","εἰς","εἰς","εἰς","εἰς"
"41","05","14","RA","APM","τοὺς","τοὺς","τούς","ὁ"
"41","05","14","N","APM","ἀγρούς·","ἀγρούς","ἀγρούς","ἀγρός"
"41","05","14","C","","καὶ","καὶ","καί","καί"
"41","05","14","V","3AAI-P","⸀ἦλθον","ἦλθον","ἦλθον","ἔρχομαι"
"41","05","14","V","AAN","ἰδεῖν","ἰδεῖν","ἰδεῖν","ὁράω"
"41","05","14","RI","NSN","τί","τί","τί","τίς"
"41","05","14","V","3PAI-S","ἐστιν","ἐστιν","ἐστί(ν)","εἰμί"
"41","05","14","RA","NSN","τὸ","τὸ","τό","ὁ"
"41","05","14","V","XAPNSN","γεγονός.","γεγονός","γεγονός","γίνομαι"
"41","05","15","C","","καὶ","καὶ","καί","καί"
"41","05","15","V","3PMI-P","ἔρχονται","ἔρχονται","ἔρχονται","ἔρχομαι"
"41","05","15","P","","πρὸς","πρὸς","πρός","πρός"
"41","05","15","RA","ASM","τὸν","τὸν","τόν","ὁ"
"41","05","15","N","ASM","Ἰησοῦν,","Ἰησοῦν","Ἰησοῦν","Ἰησοῦς"
"41","05","15","C","","καὶ","καὶ","καί","καί"
"41","05","15","V","3PAI-P","θεωροῦσιν","θεωροῦσιν","θεωροῦσι(ν)","θεωρέω"
"41","05","15","RA","ASM","τὸν","τὸν","τόν","ὁ"
"41","05","15","V","PMPASM","δαιμονιζόμενον","δαιμονιζόμενον","δαιμονιζόμενον","δαιμονίζομαι"
"41","05","15","V","PMPASM","⸀καθήμενον","καθήμενον","καθήμενον","κάθημαι"
"41","05","15","V","XPPASM","ἱματισμένον","ἱματισμένον","ἱματισμένον","ἱματίζω"
"41","05","15","C","","καὶ","καὶ","καί","καί"
"41","05","15","V","PAPASM","σωφρονοῦντα,","σωφρονοῦντα","σωφρονοῦντα","σωφρονέω"
"41","05","15","RA","ASM","τὸν","τὸν","τόν","ὁ"
"41","05","15","V","XAPASM","ἐσχηκότα","ἐσχηκότα","ἐσχηκότα","ἔχω"
"41","05","15","RA","ASM","τὸν","τὸν","τόν","ὁ"
"41","05","15","N","ASM","⸀λεγιῶνα,","λεγιῶνα","λεγιῶνα","λεγιών"
"41","05","15","C","","καὶ","καὶ","καί","καί"
"41","05","15","V","3API-P","ἐφοβήθησαν.","ἐφοβήθησαν","ἐφοβήθησαν","φοβέομαι"
"41","05","16","C","","⸂καὶ","καὶ","καί","καί"
"41","05","16","V","3AMI-P","διηγήσαντο⸃","διηγήσαντο","διηγήσαντο","διηγέομαι"
"41","05","16","RP","DPM","αὐτοῖς","αὐτοῖς","αὐτοῖς","αὐτός"
"41","05","16","RA","NPM","οἱ","οἱ","οἱ","ὁ"
"41","05","16","V","AAPNPM","ἰδόντες","ἰδόντες","ἰδόντες","ὁράω"
"41","05","16","D","","πῶς","πῶς","πῶς","πῶς"
"41","05","16","V","3AMI-S","ἐγένετο","ἐγένετο","ἐγένετο","γίνομαι"
"41","05","16","RA","DSM","τῷ","τῷ","τῷ","ὁ"
"41","05","16","V","PMPDSM","δαιμονιζομένῳ","δαιμονιζομένῳ","δαιμονιζομένῳ","δαιμονίζομαι"
"41","05","16","C","","καὶ","καὶ","καί","καί"
"41","05","16","P","","περὶ","περὶ","περί","περί"
"41","05","16","RA","GPM","τῶν","τῶν","τῶν","ὁ"
"41","05","16","N","GPM","χοίρων.","χοίρων","χοίρων","χοῖρος"
"41","05","17","C","","καὶ","καὶ","καί","καί"
"41","05","17","V","3AMI-P","ἤρξαντο","ἤρξαντο","ἤρξαντο","ἄρχω"
"41","05","17","V","PAN","παρακαλεῖν","παρακαλεῖν","παρακαλεῖν","παρακαλέω"
"41","05","17","RP","ASM","αὐτὸν","αὐτὸν","αὐτόν","αὐτός"
"41","05","17","V","AAN","ἀπελθεῖν","ἀπελθεῖν","ἀπελθεῖν","ἀπέρχομαι"
"41","05","17","P","","ἀπὸ","ἀπὸ","ἀπό","ἀπό"
"41","05","17","RA","GPN","τῶν","τῶν","τῶν","ὁ"
"41","05","17","N","GPN","ὁρίων","ὁρίων","ὁρίων","ὅριον"
"41","05","17","RP","GPM","αὐτῶν.","αὐτῶν","αὐτῶν","αὐτός"
"41","05","18","C","","καὶ","καὶ","καί","καί"
"41","05","18","V","PAPGSM","⸀ἐμβαίνοντος","ἐμβαίνοντος","ἐμβαίνοντος","ἐμβαίνω"
"41","05","18","RP","GSM","αὐτοῦ","αὐτοῦ","αὐτοῦ","αὐτός"
"41","05","18","P","","εἰς","εἰς","εἰς","εἰς"
"41","05","18","RA","ASN","τὸ","τὸ","τό","ὁ"
"41","05","18","N","ASN","πλοῖον","πλοῖον","πλοῖον","πλοῖον"
"41","05","18","V","3IAI-S","παρεκάλει","παρεκάλει","παρεκάλει","παρακαλέω"
"41","05","18","RP","ASM","αὐτὸν","αὐτὸν","αὐτόν","αὐτός"
"41","05","18","RA","NSM","ὁ","ὁ","ὁ","ὁ"
"41","05","18","V","APPNSM","δαιμονισθεὶς","δαιμονισθεὶς","δαιμονισθείς","δαιμονίζομαι"
"41","05","18","C","","ἵνα","ἵνα","ἵνα","ἵνα"
"41","05","18","P","","⸂μετ’","μετ’","μετά","μετά"
"41","05","18","RP","GSM","αὐτοῦ","αὐτοῦ","αὐτοῦ","αὐτός"
"41","05","18","V","3PAS-S","ᾖ⸃.","ᾖ","ᾖ","εἰμί"
"41","05","19","C","","⸀καὶ","καὶ","καί","καί"
"41","05","19","D","","οὐκ","οὐκ","οὐ","οὐ"
"41","05","19","V","3AAI-S","ἀφῆκεν","ἀφῆκεν","ἀφῆκε(ν)","ἀφίημι"
"41","05","19","RP","ASM","αὐτόν,","αὐτόν","αὐτόν","αὐτός"
"41","05","19","C","","ἀλλὰ","ἀλλὰ","ἀλλά","ἀλλά"
"41","05","19","V","3PAI-S","λέγει","λέγει","λέγει","λέγω"
"41","05","19","RP","DSM","αὐτῷ·","αὐτῷ","αὐτῷ","αὐτός"
"41","05","19","V","2PAD-S","Ὕπαγε","Ὕπαγε","ὕπαγε","ὑπάγω"
"41","05","19","P","","εἰς","εἰς","εἰς","εἰς"
"41","05","19","RA","ASM","τὸν","τὸν","τόν","ὁ"
"41","05","19","N","ASM","οἶκόν","οἶκόν","οἶκον","οἶκος"
"41","05","19","RP","GS","σου","σου","σου","σύ"
"41","05","19","P","","πρὸς","πρὸς","πρός","πρός"
"41","05","19","RA","APM","τοὺς","τοὺς","τούς","ὁ"
"41","05","19","A","APM","σούς,","σούς","σούς","σός"
"41","05","19","C","","καὶ","καὶ","καί","καί"
"41","05","19","V","2AAD-S","⸀ἀπάγγειλον","ἀπάγγειλον","ἀπάγγειλον","ἀπαγγέλλω"
"41","05","19","RP","DPM","αὐτοῖς","αὐτοῖς","αὐτοῖς","αὐτός"
"41","05","19","RR","APN","ὅσα","ὅσα","ὅσα","ὅσος"
"41","05","19","RA","NSM","⸂ὁ","ὁ","ὁ","ὁ"
"41","05","19","N","NSM","κύριός","κύριός","κύριος","κύριος"
"41","05","19","RP","DS","σοι⸃","σοι","σοι","σύ"
"41","05","19","V","3XAI-S","πεποίηκεν","πεποίηκεν","πεποίηκε(ν)","ποιέω"
"41","05","19","C","","καὶ","καὶ","καί","καί"
"41","05","19","V","3AAI-S","ἠλέησέν","ἠλέησέν","ἠλέησε(ν)","ἐλεάω"
"41","05","19","RP","AS","σε.","σε","σε","σύ"
"41","05","20","C","","καὶ","καὶ","καί","καί"
"41","05","20","V","3AAI-S","ἀπῆλθεν","ἀπῆλθεν","ἀπῆλθε(ν)","ἀπέρχομαι"
"41","05","20","C","","καὶ","καὶ","καί","καί"
"41","05","20","V","3AMI-S","ἤρξατο","ἤρξατο","ἤρξατο","ἄρχω"
"41","05","20","V","PAN","κηρύσσειν","κηρύσσειν","κηρύσσειν","κηρύσσω"
"41","05","20","P","","ἐν","ἐν","ἐν","ἐν"
"41","05","20","RA","DSF","τῇ","τῇ","τῇ","ὁ"
"41","05","20","N","DSF","Δεκαπόλει","Δεκαπόλει","Δεκαπόλει","Δεκάπολις"
"41","05","20","RR","APN","ὅσα","ὅσα","ὅσα","ὅσος"
"41","05","20","V","3AAI-S","ἐποίησεν","ἐποίησεν","ἐποίησε(ν)","ποιέω"
"41","05","20","RP","DSM","αὐτῷ","αὐτῷ","αὐτῷ","αὐτός"
"41","05","20","RA","NSM","ὁ","ὁ","ὁ","ὁ"
"41","05","20","N","NSM","Ἰησοῦς,","Ἰησοῦς","Ἰησοῦς","Ἰησοῦς"
"41","05","20","C","","καὶ","καὶ","καί","καί"
"41","05","20","A","NPM","πάντες","πάντες","πάντες","πᾶς"
"41","05","20","V","3IAI-P","ἐθαύμαζον.","ἐθαύμαζον","ἐθαύμαζον","θαυμάζω"
"41","05","21","C","","Καὶ","Καὶ","καί","καί"
"41","05","21","V","AAPGSM","διαπεράσαντος","διαπεράσαντος","διαπεράσαντος","διαπεράω"
"41","05","21","RA","GSM","τοῦ","τοῦ","τοῦ","ὁ"
"41","05","21","N","GSM","Ἰησοῦ","Ἰησοῦ","Ἰησοῦ","Ἰησοῦς"
"41","05","21","P","","ἐν","ἐν","ἐν","ἐν"
"41","05","21","RA","DSN","τῷ","τῷ","τῷ","ὁ"
"41","05","21","N","DSN","πλοίῳ","πλοίῳ","πλοίῳ","πλοῖον"
"41","05","21","D","","πάλιν","πάλιν","πάλιν","πάλιν"
"41","05","21","P","","εἰς","εἰς","εἰς","εἰς"
"41","05","21","RA","ASN","τὸ","τὸ","τό","ὁ"
"41","05","21","D","","πέραν","πέραν","πέραν","πέραν"
"41","05","21","V","3API-S","συνήχθη","συνήχθη","συνήχθη","συνάγω"
"41","05","21","N","NSM","ὄχλος","ὄχλος","ὄχλος","ὄχλος"
"41","05","21","A","NSM","πολὺς","πολὺς","πολύς","πολύς"
"41","05","21","P","","ἐπ’","ἐπ’","ἐπί","ἐπί"
"41","05","21","RP","ASM","αὐτόν,","αὐτόν","αὐτόν","αὐτός"
"41","05","21","C","","καὶ","καὶ","καί","καί"
"41","05","21","V","3IAI-S","ἦν","ἦν","ἦν","εἰμί"
"41","05","21","P","","παρὰ","παρὰ","παρά","παρά"
"41","05","21","RA","ASF","τὴν","τὴν","τήν","ὁ"
"41","05","21","N","ASF","θάλασσαν.","θάλασσαν","θάλασσαν","θάλασσα"
"41","05","22","C","","⸀καὶ","καὶ","καί","καί"
"41","05","22","V","3PMI-S","ἔρχεται","ἔρχεται","ἔρχεται","ἔρχομαι"
"41","05","22","A","NSM","εἷς","εἷς","εἷς","εἷς"
"41","05","22","RA","GPM","τῶν","τῶν","τῶν","ὁ"
"41","05","22","N","GPM","ἀρχισυναγώγων,","ἀρχισυναγώγων","ἀρχισυναγώγων","ἀρχισυνάγωγος"
"41","05","22","N","DSN","ὀνόματι","ὀνόματι","ὀνόματι","ὄνομα"
"41","05","22","N","NSM","Ἰάϊρος,","Ἰάϊρος","Ἰάϊρος","Ἰάϊρος"
"41","05","22","C","","καὶ","καὶ","καί","καί"
"41","05","22","V","AAPNSM","ἰδὼν","ἰδὼν","ἰδών","ὁράω"
"41","05","22","RP","ASM","αὐτὸν","αὐτὸν","αὐτόν","αὐτός"
"41","05","22","V","3PAI-S","πίπτει","πίπτει","πίπτει","πίπτω"
"41","05","22","P","","πρὸς","πρὸς","πρός","πρός"
"41","05","22","RA","APM","τοὺς","τοὺς","τούς","ὁ"
"41","05","22","N","APM","πόδας","πόδας","πόδας","πούς"
"41","05","22","RP","GSM","αὐτοῦ","αὐτοῦ","αὐτοῦ","αὐτός"
"41","05","23","C","","καὶ","καὶ","καί","καί"
"41","05","23","V","3PAI-S","⸀παρακαλεῖ","παρακαλεῖ","παρακαλεῖ","παρακαλέω"
"41","05","23","RP","ASM","αὐτὸν","αὐτὸν","αὐτόν","αὐτός"
"41","05","23","A","APN","πολλὰ","πολλὰ","πολλά","πολύς"
"41","05","23","V","PAPNSM","λέγων","λέγων","λέγων","λέγω"
"41","05","23","C","","ὅτι","ὅτι","ὅτι","ὅτι"
"41","05","23","RA","NSN","Τὸ","Τὸ","τό","ὁ"
"41","05","23","N","NSN","θυγάτριόν","θυγάτριόν","θυγάτριον","θυγάτριον"
"41","05","23","RP","GS","μου","μου","μου","ἐγώ"
"41","05","23","D","","ἐσχάτως","ἐσχάτως","ἐσχάτως","ἐσχάτως"
"41","05","23","V","3PAI-S","ἔχει,","ἔχει","ἔχει","ἔχω"
"41","05","23","C","","ἵνα","ἵνα","ἵνα","ἵνα"
"41","05","23","V","AAPNSM","ἐλθὼν","ἐλθὼν","ἐλθών","ἔρχομαι"
"41","05","23","V","2AAS-S","ἐπιθῇς","ἐπιθῇς","ἐπιθῇς","ἐπιτίθημι"
"41","05","23","RA","APF","⸂τὰς","τὰς","τάς","ὁ"
"41","05","23","N","APF","χεῖρας","χεῖρας","χεῖρας","χείρ"
"41","05","23","RP","DSF","αὐτῇ⸃","αὐτῇ","αὐτῇ","αὐτός"
"41","05","23","C","","⸀ἵνα","ἵνα","ἵνα","ἵνα"
"41","05","23","V","3APS-S","σωθῇ","σωθῇ","σωθῇ","σῴζω"
"41","05","23","C","","καὶ","καὶ","καί","καί"
"41","05","23","V","3AAS-S","⸀ζήσῃ.","ζήσῃ","ζήσῃ","ζάω"
"41","05","24","C","","καὶ","καὶ","καί","καί"
"41","05","24","V","3AAI-S","ἀπῆλθεν","ἀπῆλθεν","ἀπῆλθε(ν)","ἀπέρχομαι"
"41","05","24","P","","μετ’","μετ’","μετά","μετά"
"41","05","24","RP","GSM","αὐτοῦ.","αὐτοῦ","αὐτοῦ","αὐτός"
"41","05","24","C","","Καὶ","Καὶ","καί","καί"
"41","05","24","V","3IAI-S","ἠκολούθει","ἠκολούθει","ἠκολούθει","ἀκολουθέω"
"41","05","24","RP","DSM","αὐτῷ","αὐτῷ","αὐτῷ","αὐτός"
"41","05","24","N","NSM","ὄχλος","ὄχλος","ὄχλος","ὄχλος"
"41","05","24","A","NSM","πολύς,","πολύς","πολύς","πολύς"
"41","05","24","C","","καὶ","καὶ","καί","καί"
"41","05","24","V","3IAI-P","συνέθλιβον","συνέθλιβον","συνέθλιβον","συνθλίβω"
"41","05","24","RP","ASM","αὐτόν.","αὐτόν","αὐτόν","αὐτός"
"41","05","25","C","","καὶ","καὶ","καί","καί"
"41","05","25","N","NSF","⸀γυνὴ","γυνὴ","γυνή","γυνή"
"41","05","25","V","PAPNSF","οὖσα","οὖσα","οὖσα","εἰμί"
"41","05","25","P","","ἐν","ἐν","ἐν","ἐν"
"41","05","25","N","DSF","ῥύσει","ῥύσει","ῥύσει","ῥύσις"
"41","05","25","N","GSN","αἵματος","αἵματος","αἵματος","αἷμα"
"41","05","25","A","APN","⸂δώδεκα","δώδεκα","δώδεκα","δώδεκα"
"41","05","25","N","APN","ἔτη⸃","ἔτη","ἔτη","ἔτος"
"41","05","26","C","","καὶ","καὶ","καί","καί"
"41","05","26","A","APN","πολλὰ","πολλὰ","πολλά","πολύς"
"41","05","26","V","AAPNSF","παθοῦσα","παθοῦσα","παθοῦσα","πάσχω"
"41","05","26","P","","ὑπὸ","ὑπὸ","ὑπό","ὑπό"
"41","05","26","A","GPM","πολλῶν","πολλῶν","πολλῶν","πολύς"
"41","05","26","N","GPM","ἰατρῶν","ἰατρῶν","ἰατρῶν","ἰατρός"
"41","05","26","C","","καὶ","καὶ","καί","καί"
"41","05","26","V","AAPNSF","δαπανήσασα","δαπανήσασα","δαπανήσασα","δαπανάω"
"41","05","26","RA","APN","τὰ","τὰ","τά","ὁ"
"41","05","26","P","","παρ’","παρ’","παρά","παρά"
"41","05","26","RP","GSF","αὐτῆς","αὐτῆς","αὐτῆς","αὐτός"
"41","05","26","A","APN","πάντα","πάντα","πάντα","πᾶς"
"41","05","26","C","","καὶ","καὶ","καί","καί"
"41","05","26","A","ASN","μηδὲν","μηδὲν","μηδέν","μηδείς"
"41","05","26","V","APPNSF","ὠφεληθεῖσα","ὠφεληθεῖσα","ὠφεληθεῖσα","ὠφελέω"
"41","05","26","C","","ἀλλὰ","ἀλλὰ","ἀλλά","ἀλλά"
"41","05","26","D","","μᾶλλον","μᾶλλον","μᾶλλον","μᾶλλον"
"41","05","26","P","","εἰς","εἰς","εἰς","εἰς"
"41","05","26","RA","ASN","τὸ","τὸ","τό","ὁ"
"41","05","26","A","ASNC","χεῖρον","χεῖρον","χεῖρον","χείρων"
"41","05","26","V","AAPNSF","ἐλθοῦσα,","ἐλθοῦσα","ἐλθοῦσα","ἔρχομαι"
"41","05","27","V","AAPNSF","⸀ἀκούσασα","ἀκούσασα","ἀκούσασα","ἀκούω"
"41","05","27","P","","περὶ","περὶ","περί","περί"
"41","05","27","RA","GSM","τοῦ","τοῦ","τοῦ","ὁ"
"41","05","27","N","GSM","Ἰησοῦ,","Ἰησοῦ","Ἰησοῦ","Ἰησοῦς"
"41","05","27","V","AAPNSF","ἐλθοῦσα","ἐλθοῦσα","ἐλθοῦσα","ἔρχομαι"
"41","05","27","P","","ἐν","ἐν","ἐν","ἐν"
"41","05","27","RA","DSM","τῷ","τῷ","τῷ","ὁ"
"41","05","27","N","DSM","ὄχλῳ","ὄχλῳ","ὄχλῳ","ὄχλος"
"41","05","27","D","","ὄπισθεν","ὄπισθεν","ὄπισθεν","ὄπισθεν"
"41","05","27","V","3AMI-S","ἥψατο","ἥψατο","ἥψατο","ἅπτω"
"41","05","27","RA","GSN","τοῦ","τοῦ","τοῦ","ὁ"
"41","05","27","N","GSN","ἱματίου","ἱματίου","ἱματίου","ἱμάτιον"
"41","05","27","RP","GSM","αὐτοῦ·","αὐτοῦ","αὐτοῦ","αὐτός"
"41","05","28","V","3IAI-S","ἔλεγεν","ἔλεγεν","ἔλεγε(ν)","λέγω"
"41","05","28","C","","γὰρ","γὰρ","γάρ","γάρ"
"41","05","28","C","","ὅτι","ὅτι","ὅτι","ὅτι"
"41","05","28","C","","⸂Ἐὰν","Ἐὰν","ἐάν","ἐάν"
"41","05","28","V","1AMS-S","ἅψωμαι","ἅψωμαι","ἅψωμαι","ἅπτω"
"41","05","28","D","","κἂν","κἂν","κἄν","κἄν"
"41","05","28","RA","GPN","τῶν","τῶν","τῶν","ὁ"
"41","05","28","N","GPN","ἱματίων","ἱματίων","ἱματίων","ἱμάτιον"
"41","05","28","RP","GSM","αὐτοῦ⸃","αὐτοῦ","αὐτοῦ","αὐτός"
"41","05","28","V","1FPI-S","σωθήσομαι.","σωθήσομαι","σωθήσομαι","σῴζω"
"41","05","29","C","","καὶ","καὶ","καί","καί"
"41","05","29","A","NSM","⸀εὐθὺς","εὐθὺς","εὐθύς","εὐθύς"
"41","05","29","V","3API-S","ἐξηράνθη","ἐξηράνθη","ἐξηράνθη","ξηραίνω"
"41","05","29","RA","NSF","ἡ","ἡ","ἡ","ὁ"
"41","05","29","N","NSF","πηγὴ","πηγὴ","πηγή","πηγή"
"41","05","29","RA","GSN","τοῦ","τοῦ","τοῦ","ὁ"
"41","05","29","N","GSN","αἵματος","αἵματος","αἵματος","αἷμα"
"41","05","29","RP","GSF","αὐτῆς,","αὐτῆς","αὐτῆς","αὐτός"
"41","05","29","C","","καὶ","καὶ","καί","καί"
"41","05","29","V","3AAI-S","ἔγνω","ἔγνω","ἔγνω","γινώσκω"
"41","05","29","RA","DSN","τῷ","τῷ","τῷ","ὁ"
"41","05","29","N","DSN","σώματι","σώματι","σώματι","σῶμα"
"41","05","29","C","","ὅτι","ὅτι","ὅτι","ὅτι"
"41","05","29","V","3XPI-S","ἴαται","ἴαται","ἴαται","ἰάομαι"
"41","05","29","P","","ἀπὸ","ἀπὸ","ἀπό","ἀπό"
"41","05","29","RA","GSF","τῆς","τῆς","τῆς","ὁ"
"41","05","29","N","GSF","μάστιγος.","μάστιγος","μάστιγος","μάστιξ"
"41","05","30","C","","καὶ","καὶ","καί","καί"
"41","05","30","A","NSM","⸀εὐθὺς","εὐθὺς","εὐθύς","εὐθύς"
"41","05","30","RA","NSM","ὁ","ὁ","ὁ","ὁ"
"41","05","30","N","NSM","Ἰησοῦς","Ἰησοῦς","Ἰησοῦς","Ἰησοῦς"
"41","05","30","V","AAPNSM","ἐπιγνοὺς","ἐπιγνοὺς","ἐπιγνούς","ἐπιγινώσκω"
"41","05","30","P","","ἐν","ἐν","ἐν","ἐν"
"41","05","30","RP","DSM","ἑαυτῷ","ἑαυτῷ","ἑαυτῷ","ἑαυτοῦ"
"41","05","30","RA","ASF","τὴν","τὴν","τήν","ὁ"
"41","05","30","P","","ἐξ","ἐξ","ἐκ","ἐκ"
"41","05","30","RP","GSM","αὐτοῦ","αὐτοῦ","αὐτοῦ","αὐτός"
"41","05","30","N","ASF","δύναμιν","δύναμιν","δύναμιν","δύναμις"
"41","05","30","V","AAPASF","ἐξελθοῦσαν","ἐξελθοῦσαν","ἐξελθοῦσαν","ἐξέρχομαι"
"41","05","30","V","APPNSM","ἐπιστραφεὶς","ἐπιστραφεὶς","ἐπιστραφείς","ἐπιστρέφω"
"41","05","30","P","","ἐν","ἐν","ἐν","ἐν"
"41","05","30","RA","DSM","τῷ","τῷ","τῷ","ὁ"
"41","05","30","N","DSM","ὄχλῳ","ὄχλῳ","ὄχλῳ","ὄχλος"
"41","05","30","V","3IAI-S","ἔλεγεν·","ἔλεγεν","ἔλεγε(ν)","λέγω"
"41","05","30","RI","NSM","Τίς","Τίς","τίς","τίς"
"41","05","30","RP","GS","μου","μου","μου","ἐγώ"
"41","05","30","V","3AMI-S","ἥψατο","ἥψατο","ἥψατο","ἅπτω"
"41","05","30","RA","GPN","τῶν","τῶν","τῶν","ὁ"
"41","05","30","N","GPN","ἱματίων;","ἱματίων","ἱματίων","ἱμάτιον"
"41","05","31","C","","καὶ","καὶ","καί","καί"
"41","05","31","V","3IAI-P","ἔλεγον","ἔλεγον","ἔλεγον","λέγω"
"41","05","31","RP","DSM","αὐτῷ","αὐτῷ","αὐτῷ","αὐτός"
"41","05","31","RA","NPM","οἱ","οἱ","οἱ","ὁ"
"41","05","31","N","NPM","μαθηταὶ","μαθηταὶ","μαθηταί","μαθητής"
"41","05","31","RP","GSM","αὐτοῦ·","αὐτοῦ","αὐτοῦ","αὐτός"
"41","05","31","V","2PAI-S","Βλέπεις","Βλέπεις","βλέπεις","βλέπω"
"41","05","31","RA","ASM","τὸν","τὸν","τόν","ὁ"
"41","05","31","N","ASM","ὄχλον","ὄχλον","ὄχλον","ὄχλος"
"41","05","31","V","PAPASM","συνθλίβοντά","συνθλίβοντά","συνθλίβοντα","συνθλίβω"
"41","05","31","RP","AS","σε,","σε","σε","σύ"
"41","05","31","C","","καὶ","καὶ","καί","καί"
"41","05","31","V","2PAI-S","λέγεις·","λέγεις","λέγεις","λέγω"
"41","05","31","RI","NSM","Τίς","Τίς","τίς","τίς"
"41","05","31","RP","GS","μου","μου","μου","ἐγώ"
"41","05","31","V","3AMI-S","ἥψατο;","ἥψατο","ἥψατο","ἅπτω"
"41","05","32","C","","καὶ","καὶ","καί","καί"
"41","05","32","V","3IMI-S","περιεβλέπετο","περιεβλέπετο","περιεβλέπετο","περιβλέπομαι"
"41","05","32","V","AAN","ἰδεῖν","ἰδεῖν","ἰδεῖν","ὁράω"
"41","05","32","RA","ASF","τὴν","τὴν","τήν","ὁ"
"41","05","32","RD","ASN","τοῦτο","τοῦτο","τοῦτο","οὗτος"
"41","05","32","V","AAPASF","ποιήσασαν.","ποιήσασαν","ποιήσασαν","ποιέω"
"41","05","33","RA","NSF","ἡ","ἡ","ἡ","ὁ"
"41","05","33","C","","δὲ","δὲ","δέ","δέ"
"41","05","33","N","NSF","γυνὴ","γυνὴ","γυνή","γυνή"
"41","05","33","V","APPNSF","φοβηθεῖσα","φοβηθεῖσα","φοβηθεῖσα","φοβέομαι"
"41","05","33","C","","καὶ","καὶ","καί","καί"
"41","05","33","V","PAPNSF","τρέμουσα,","τρέμουσα","τρέμουσα","τρέμω"
"41","05","33","V","XAPNSF","εἰδυῖα","εἰδυῖα","εἰδυῖα","οἶδα"
"41","05","33","RR","NSN","ὃ","ὃ","ὅ","ὅς"
"41","05","33","V","3XAI-S","γέγονεν","γέγονεν","γέγονε(ν)","γίνομαι"
"41","05","33","RP","DSF","⸀αὐτῇ,","αὐτῇ","αὐτῇ","αὐτός"
"41","05","33","V","3AAI-S","ἦλθεν","ἦλθεν","ἦλθε(ν)","ἔρχομαι"
"41","05","33","C","","καὶ","καὶ","καί","καί"
"41","05","33","V","3AAI-S","προσέπεσεν","προσέπεσεν","προσέπεσε(ν)","προσπίπτω"
"41","05","33","RP","DSM","αὐτῷ","αὐτῷ","αὐτῷ","αὐτός"
"41","05","33","C","","καὶ","καὶ","καί","καί"
"41","05","33","V","3AAI-S","εἶπεν","εἶπεν","εἶπε(ν)","λέγω"
"41","05","33","RP","DSM","αὐτῷ","αὐτῷ","αὐτῷ","αὐτός"
"41","05","33","A","ASF","πᾶσαν","πᾶσαν","πᾶσαν","πᾶς"
"41","05","33","RA","ASF","τὴν","τὴν","τήν","ὁ"
"41","05","33","N","ASF","ἀλήθειαν.","ἀλήθειαν","ἀλήθειαν","ἀλήθεια"
"41","05","34","RA","NSM","ὁ","ὁ","ὁ","ὁ"
"41","05","34","C","","δὲ","δὲ","δέ","δέ"
"41","05","34","V","3AAI-S","εἶπεν","εἶπεν","εἶπε(ν)","λέγω"
"41","05","34","RP","DSF","αὐτῇ·","αὐτῇ","αὐτῇ","αὐτός"
"41","05","34","N","NSF","⸀Θυγάτηρ,","Θυγάτηρ","θυγάτηρ","θυγάτηρ"
"41","05","34","RA","NSF","ἡ","ἡ","ἡ","ὁ"
"41","05","34","N","NSF","πίστις","πίστις","πίστις","πίστις"
"41","05","34","RP","GS","σου","σου","σου","σύ"
"41","05","34","V","3XAI-S","σέσωκέν","σέσωκέν","σέσωκε(ν)","σῴζω"
"41","05","34","RP","AS","σε·","σε","σε","σύ"
"41","05","34","V","2PAD-S","ὕπαγε","ὕπαγε","ὕπαγε","ὑπάγω"
"41","05","34","P","","εἰς","εἰς","εἰς","εἰς"
"41","05","34","N","ASF","εἰρήνην,","εἰρήνην","εἰρήνην","εἰρήνη"
"41","05","34","C","","καὶ","καὶ","καί","καί"
"41","05","34","V","2PAD-S","ἴσθι","ἴσθι","ἴσθι","εἰμί"
"41","05","34","A","NSF","ὑγιὴς","ὑγιὴς","ὑγιής","ὑγιής"
"41","05","34","P","","ἀπὸ","ἀπὸ","ἀπό","ἀπό"
"41","05","34","RA","GSF","τῆς","τῆς","τῆς","ὁ"
"41","05","34","N","GSF","μάστιγός","μάστιγός","μάστιγος","μάστιξ"
"41","05","34","RP","GS","σου.","σου","σου","σύ"
"41","05","35","D","","Ἔτι","Ἔτι","ἔτι","ἔτι"
"41","05","35","RP","GSM","αὐτοῦ","αὐτοῦ","αὐτοῦ","αὐτός"
"41","05","35","V","PAPGSM","λαλοῦντος","λαλοῦντος","λαλοῦντος","λαλέω"
"41","05","35","V","3PMI-P","ἔρχονται","ἔρχονται","ἔρχονται","ἔρχομαι"
"41","05","35","P","","ἀπὸ","ἀπὸ","ἀπό","ἀπό"
"41","05","35","RA","GSM","τοῦ","τοῦ","τοῦ","ὁ"
"41","05","35","N","GSM","ἀρχισυναγώγου","ἀρχισυναγώγου","ἀρχισυναγώγου","ἀρχισυνάγωγος"
"41","05","35","V","PAPNPM","λέγοντες","λέγοντες","λέγοντες","λέγω"
"41","05","35","C","","ὅτι","ὅτι","ὅτι","ὅτι"
"41","05","35","RA","NSF","Ἡ","Ἡ","ἡ","ὁ"
"41","05","35","N","NSF","θυγάτηρ","θυγάτηρ","θυγάτηρ","θυγάτηρ"
"41","05","35","RP","GS","σου","σου","σου","σύ"
"41","05","35","V","3AAI-S","ἀπέθανεν·","ἀπέθανεν","ἀπέθανε(ν)","ἀποθνῄσκω"
"41","05","35","RI","ASN","τί","τί","τί","τίς"
"41","05","35","D","","ἔτι","ἔτι","ἔτι","ἔτι"
"41","05","35","V","2PAI-S","σκύλλεις","σκύλλεις","σκύλλεις","σκύλλω"
"41","05","35","RA","ASM","τὸν","τὸν","τόν","ὁ"
"41","05","35","N","ASM","διδάσκαλον;","διδάσκαλον","διδάσκαλον","διδάσκαλος"
"41","05","36","RA","NSM","ὁ","ὁ","ὁ","ὁ"
"41","05","36","C","","δὲ","δὲ","δέ","δέ"
"41","05","36","N","NSM","Ἰησοῦς","Ἰησοῦς","Ἰησοῦς","Ἰησοῦς"
"41","05","36","V","AAPNSM","⸀παρακούσας","παρακούσας","παρακούσας","παρακούω"
"41","05","36","RA","ASM","τὸν","τὸν","τόν","ὁ"
"41","05","36","N","ASM","λόγον","λόγον","λόγον","λόγος"
"41","05","36","V","PPPASM","λαλούμενον","λαλούμενον","λαλούμενον","λαλέω"
"41","05","36","V","3PAI-S","λέγει","λέγει","λέγει","λέγω"
"41","05","36","RA","DSM","τῷ","τῷ","τῷ","ὁ"
"41","05","36","N","DSM","ἀρχισυναγώγῳ·","ἀρχισυναγώγῳ","ἀρχισυναγώγῳ","ἀρχισυνάγωγος"
"41","05","36","D","","Μὴ","Μὴ","μή","μή"
"41","05","36","V","2PMD-S","φοβοῦ,","φοβοῦ","φοβοῦ","φοβέομαι"
"41","05","36","A","ASN","μόνον","μόνον","μόνον","μόνος"
"41","05","36","V","2PAD-S","πίστευε.","πίστευε","πίστευε","πιστεύω"
"41","05","37","C","","καὶ","καὶ","καί","καί"
"41","05","37","D","","οὐκ","οὐκ","οὐ","οὐ"
"41","05","37","V","3AAI-S","ἀφῆκεν","ἀφῆκεν","ἀφῆκε(ν)","ἀφίημι"
"41","05","37","A","ASM","οὐδένα","οὐδένα","οὐδένα","οὐδείς"
"41","05","37","P","","⸂μετ’","μετ’","μετά","μετά"
"41","05","37","RP","GSM","αὐτοῦ⸃","αὐτοῦ","αὐτοῦ","αὐτός"
"41","05","37","V","AAN","συνακολουθῆσαι","συνακολουθῆσαι","συνακολουθῆσαι","συνακολουθέω"
"41","05","37","C","","εἰ","εἰ","εἰ","εἰ"
"41","05","37","D","","μὴ","μὴ","μή","μή"
"41","05","37","RA","ASM","⸀τὸν","τὸν","τόν","ὁ"
"41","05","37","N","ASM","Πέτρον","Πέτρον","Πέτρον","Πέτρος"
"41","05","37","C","","καὶ","καὶ","καί","καί"
"41","05","37","N","ASM","Ἰάκωβον","Ἰάκωβον","Ἰάκωβον","Ἰάκωβος"
"41","05","37","C","","καὶ","καὶ","καί","καί"
"41","05","37","N","ASM","Ἰωάννην","Ἰωάννην","Ἰωάννην","Ἰωάννης"
"41","05","37","RA","ASM","τὸν","τὸν","τόν","ὁ"
"41","05","37","N","ASM","ἀδελφὸν","ἀδελφὸν","ἀδελφόν","ἀδελφός"
"41","05","37","N","GSM","Ἰακώβου.","Ἰακώβου","Ἰακώβου","Ἰάκωβος"
"41","05","38","C","","καὶ","καὶ","καί","καί"
"41","05","38","V","3PMI-P","⸀ἔρχονται","ἔρχονται","ἔρχονται","ἔρχομαι"
"41","05","38","P","","εἰς","εἰς","εἰς","εἰς"
"41","05","38","RA","ASM","τὸν","τὸν","τόν","ὁ"
"41","05","38","N","ASM","οἶκον","οἶκον","οἶκον","οἶκος"
"41","05","38","RA","GSM","τοῦ","τοῦ","τοῦ","ὁ"
"41","05","38","N","GSM","ἀρχισυναγώγου,","ἀρχισυναγώγου","ἀρχισυναγώγου","ἀρχισυνάγωγος"
"41","05","38","C","","καὶ","καὶ","καί","καί"
"41","05","38","V","3PAI-S","θεωρεῖ","θεωρεῖ","θεωρεῖ","θεωρέω"
"41","05","38","N","ASM","θόρυβον","θόρυβον","θόρυβον","θόρυβος"
"41","05","38","C","","⸀καὶ","καὶ","καί","καί"
"41","05","38","V","PAPAPM","κλαίοντας","κλαίοντας","κλαίοντας","κλαίω"
"41","05","38","C","","καὶ","καὶ","καί","καί"
"41","05","38","V","PAPAPM","ἀλαλάζοντας","ἀλαλάζοντας","ἀλαλάζοντας","ἀλαλάζω"
"41","05","38","A","APN","πολλά,","πολλά","πολλά","πολύς"
"41","05","39","C","","καὶ","καὶ","καί","καί"
"41","05","39","V","AAPNSM","εἰσελθὼν","εἰσελθὼν","εἰσελθών","εἰσέρχομαι"
"41","05","39","V","3PAI-S","λέγει","λέγει","λέγει","λέγω"
"41","05","39","RP","DPM","αὐτοῖς·","αὐτοῖς","αὐτοῖς","αὐτός"
"41","05","39","RI","ASN","Τί","Τί","τί","τίς"
"41","05","39","V","2PPI-P","θορυβεῖσθε","θορυβεῖσθε","θορυβεῖσθε","θορυβέω"
"41","05","39","C","","καὶ","καὶ","καί","καί"
"41","05","39","V","2PAI-P","κλαίετε;","κλαίετε","κλαίετε","κλαίω"
"41","05","39","RA","NSN","τὸ","τὸ","τό","ὁ"
"41","05","39","N","NSN","παιδίον","παιδίον","παιδίον","παιδίον"
"41","05","39","D","","οὐκ","οὐκ","οὐ","οὐ"
"41","05","39","V","3AAI-S","ἀπέθανεν","ἀπέθανεν","ἀπέθανε(ν)","ἀποθνῄσκω"
"41","05","39","C","","ἀλλὰ","ἀλλὰ","ἀλλά","ἀλλά"
"41","05","39","V","3PAI-S","καθεύδει.","καθεύδει","καθεύδει","καθεύδω"
"41","05","40","C","","καὶ","καὶ","καί","καί"
"41","05","40","V","3IAI-P","κατεγέλων","κατεγέλων","κατεγέλων","καταγελάω"
"41","05","40","RP","GSM","αὐτοῦ.","αὐτοῦ","αὐτοῦ","αὐτός"
"41","05","40","RP","NSM","⸀αὐτὸς","αὐτὸς","αὐτός","αὐτός"
"41","05","40","C","","δὲ","δὲ","δέ","δέ"
"41","05","40","V","AAPNSM","ἐκβαλὼν","ἐκβαλὼν","ἐκβαλών","ἐκβάλλω"
"41","05","40","A","APM","πάντας","πάντας","πάντας","πᾶς"
"41","05","40","V","3PAI-S","παραλαμβάνει","παραλαμβάνει","παραλαμβάνει","παραλαμβάνω"
"41","05","40","RA","ASM","τὸν","τὸν","τόν","ὁ"
"41","05","40","N","ASM","πατέρα","πατέρα","πατέρα","πατήρ"
"41","05","40","RA","GSN","τοῦ","τοῦ","τοῦ","ὁ"
"41","05","40","N","GSN","παιδίου","παιδίου","παιδίου","παιδίον"
"41","05","40","C","","καὶ","καὶ","καί","καί"
"41","05","40","RA","ASF","τὴν","τὴν","τήν","ὁ"
"41","05","40","N","ASF","μητέρα","μητέρα","μητέρα","μήτηρ"
"41","05","40","C","","καὶ","καὶ","καί","καί"
"41","05","40","RA","APM","τοὺς","τοὺς","τούς","ὁ"
"41","05","40","P","","μετ’","μετ’","μετά","μετά"
"41","05","40","RP","GSM","αὐτοῦ,","αὐτοῦ","αὐτοῦ","αὐτός"
"41","05","40","C","","καὶ","καὶ","καί","καί"
"41","05","40","V","3PMI-S","εἰσπορεύεται","εἰσπορεύεται","εἰσπορεύεται","εἰσπορεύομαι"
"41","05","40","C","","ὅπου","ὅπου","ὅπου","ὅπου"
"41","05","40","V","3IAI-S","ἦν","ἦν","ἦν","εἰμί"
"41","05","40","RA","NSN","τὸ","τὸ","τό","ὁ"
"41","05","40","N","NSN","⸀παιδίον·","παιδίον","παιδίον","παιδίον"
"41","05","41","C","","καὶ","καὶ","καί","καί"
"41","05","41","V","AAPNSM","κρατήσας","κρατήσας","κρατήσας","κρατέω"
"41","05","41","RA","GSF","τῆς","τῆς","τῆς","ὁ"
"41","05","41","N","GSF","χειρὸς","χειρὸς","χειρός","χείρ"
"41","05","41","RA","GSN","τοῦ","τοῦ","τοῦ","ὁ"
"41","05","41","N","GSN","παιδίου","παιδίου","παιδίου","παιδίον"
"41","05","41","V","3PAI-S","λέγει","λέγει","λέγει","λέγω"
"41","05","41","RP","DSF","αὐτῇ·","αὐτῇ","αὐτῇ","αὐτός"
"41","05","41","N","VSF","Ταλιθα","Ταλιθα","ταλιθα","ταλιθα"
"41","05","41","V","2AAD-S","⸀κουμ,","κουμ","κουμ","κουμ"
"41","05","41","RR","NSN","ὅ","ὅ","ὅ","ὅς"
"41","05","41","V","3PAI-S","ἐστιν","ἐστιν","ἐστί(ν)","εἰμί"
"41","05","41","V","PPPNSN","μεθερμηνευόμενον·","μεθερμηνευόμενον","μεθερμηνευόμενον","μεθερμηνεύω"
"41","05","41","RA","NSN","Τὸ","Τὸ","τό","ὁ"
"41","05","41","N","NSN","κοράσιον,","κοράσιον","κοράσιον","κοράσιον"
"41","05","41","RP","DS","σοὶ","σοὶ","σοί","σύ"
"41","05","41","V","1PAI-S","λέγω,","λέγω","λέγω","λέγω"
"41","05","41","V","2PAD-S","⸀ἔγειρε.","ἔγειρε","ἔγειρε","ἐγείρω"
"41","05","42","C","","καὶ","καὶ","καί","καί"
"41","05","42","A","NSM","⸀εὐθὺς","εὐθὺς","εὐθύς","εὐθύς"
"41","05","42","V","3AAI-S","ἀνέστη","ἀνέστη","ἀνέστη","ἀνίστημι"
"41","05","42","RA","NSN","τὸ","τὸ","τό","ὁ"
"41","05","42","N","NSN","κοράσιον","κοράσιον","κοράσιον","κοράσιον"
"41","05","42","C","","καὶ","καὶ","καί","καί"
"41","05","42","V","3IAI-S","περιεπάτει,","περιεπάτει","περιεπάτει","περιπατέω"
"41","05","42","V","3IAI-S","ἦν","ἦν","ἦν","εἰμί"
"41","05","42","C","","γὰρ","γὰρ","γάρ","γάρ"
"41","05","42","N","GPN","ἐτῶν","ἐτῶν","ἐτῶν","ἔτος"
"41","05","42","A","GPN","δώδεκα.","δώδεκα","δώδεκα","δώδεκα"
"41","05","42","C","","καὶ","καὶ","καί","καί"
"41","05","42","V","3AAI-P","ἐξέστησαν","ἐξέστησαν","ἐξέστησαν","ἐξίστημι"
"41","05","42","A","NSM","⸁εὐθὺς","εὐθὺς","εὐθύς","εὐθύς"
"41","05","42","N","DSF","ἐκστάσει","ἐκστάσει","ἐκστάσει","ἔκστασις"
"41","05","42","A","DSF","μεγάλῃ.","μεγάλῃ","μεγάλῃ","μέγας"
"41","05","43","C","","καὶ","καὶ","καί","καί"
"41","05","43","V","3AMI-S","διεστείλατο","διεστείλατο","διεστείλατο","διαστέλλομαι"
"41","05","43","RP","DPM","αὐτοῖς","αὐτοῖς","αὐτοῖς","αὐτός"
"41","05","43","A","APN","πολλὰ","πολλὰ","πολλά","πολύς"
"41","05","43","C","","ἵνα","ἵνα","ἵνα","ἵνα"
"41","05","43","A","NSM","μηδεὶς","μηδεὶς","μηδείς","μηδείς"
"41","05","43","V","3AAS-S","γνοῖ","γνοῖ","γνοῖ","γινώσκω"
"41","05","43","RD","ASN","τοῦτο,","τοῦτο","τοῦτο","οὗτος"
"41","05","43","C","","καὶ","καὶ","καί","καί"
"41","05","43","V","3AAI-S","εἶπεν","εἶπεν","εἶπε(ν)","λέγω"
"41","05","43","V","APN","δοθῆναι","δοθῆναι","δοθῆναι","δίδωμι"
"41","05","43","RP","DSF","αὐτῇ","αὐτῇ","αὐτῇ","αὐτός"
"41","05","43","V","AAN","φαγεῖν.","φαγεῖν","φαγεῖν","ἐσθίω"
"41","06","01","C","","Καὶ","Καὶ","καί","καί"
"41","06","01","V","3AAI-S","ἐξῆλθεν","ἐξῆλθεν","ἐξῆλθε(ν)","ἐξέρχομαι"
"41","06","01","D","","ἐκεῖθεν,","ἐκεῖθεν","ἐκεῖθεν","ἐκεῖθεν"
"41","06","01","C","","καὶ","καὶ","καί","καί"
"41","06","01","V","3PMI-S","⸀ἔρχεται","ἔρχεται","ἔρχεται","ἔρχομαι"
"41","06","01","P","","εἰς","εἰς","εἰς","εἰς"
"41","06","01","RA","ASF","τὴν","τὴν","τήν","ὁ"
"41","06","01","N","ASF","πατρίδα","πατρίδα","πατρίδα","πατρίς"
"41","06","01","RP","GSM","αὐτοῦ,","αὐτοῦ","αὐτοῦ","αὐτός"
"41","06","01","C","","καὶ","καὶ","καί","καί"
"41","06","01","V","3PAI-P","ἀκολουθοῦσιν","ἀκολουθοῦσιν","ἀκολουθοῦσι(ν)","ἀκολουθέω"
"41","06","01","RP","DSM","αὐτῷ","αὐτῷ","αὐτῷ","αὐτός"
"41","06","01","RA","NPM","οἱ","οἱ","οἱ","ὁ"
"41","06","01","N","NPM","μαθηταὶ","μαθηταὶ","μαθηταί","μαθητής"
"41","06","01","RP","GSM","αὐτοῦ.","αὐτοῦ","αὐτοῦ","αὐτός"
"41","06","02","C","","καὶ","καὶ","καί","καί"
"41","06","02","V","AMPGSN","γενομένου","γενομένου","γενομένου","γίνομαι"
"41","06","02","N","GSN","σαββάτου","σαββάτου","σαββάτου","σάββατον"
"41","06","02","V","3AMI-S","ἤρξατο","ἤρξατο","ἤρξατο","ἄρχω"
"41","06","02","V","PAN","⸂διδάσκειν","διδάσκειν","διδάσκειν","διδάσκω"
"41","06","02","P","","ἐν","ἐν","ἐν","ἐν"
"41","06","02","RA","DSF","τῇ","τῇ","τῇ","ὁ"
"41","06","02","N","DSF","συναγωγῇ⸃·","συναγωγῇ","συναγωγῇ","συναγωγή"
"41","06","02","C","","καὶ","καὶ","καί","καί"
"41","06","02","RA","NPM","⸀οἱ","οἱ","οἱ","ὁ"
"41","06","02","A","NPM","πολλοὶ","πολλοὶ","πολλοί","πολύς"
"41","06","02","V","PAPNPM","ἀκούοντες","ἀκούοντες","ἀκούοντες","ἀκούω"
"41","06","02","V","3IPI-P","ἐξεπλήσσοντο","ἐξεπλήσσοντο","ἐξεπλήσσοντο","ἐκπλήσσομαι"
"41","06","02","V","PAPNPM","λέγοντες·","λέγοντες","λέγοντες","λέγω"
"41","06","02","D","","Πόθεν","Πόθεν","πόθεν","πόθεν"
"41","06","02","RD","DSM","τούτῳ","τούτῳ","τούτῳ","οὗτος"
"41","06","02","RD","NPN","ταῦτα,","ταῦτα","ταῦτα","οὗτος"
"41","06","02","C","","καὶ","καὶ","καί","καί"
"41","06","02","RI","NSF","τίς","τίς","τίς","τίς"
"41","06","02","RA","NSF","ἡ","ἡ","ἡ","ὁ"
"41","06","02","N","NSF","σοφία","σοφία","σοφία","σοφία"
"41","06","02","RA","NSF","ἡ","ἡ","ἡ","ὁ"
"41","06","02","V","APPNSF","δοθεῖσα","δοθεῖσα","δοθεῖσα","δίδωμι"
"41","06","02","RD","DSM","⸀τούτῳ,","τούτῳ","τούτῳ","οὗτος"
"41","06","02","C","","καὶ","καὶ","καί","καί"
"41","06","02","RA","NPF","⸀αἱ","αἱ","αἱ","ὁ"
"41","06","02","N","NPF","δυνάμεις","δυνάμεις","δυνάμεις","δύναμις"
"41","06","02","RD","NPF","τοιαῦται","τοιαῦται","τοιαῦται","τοιοῦτος"
"41","06","02","P","","διὰ","διὰ","διά","διά"
"41","06","02","RA","GPF","τῶν","τῶν","τῶν","ὁ"
"41","06","02","N","GPF","χειρῶν","χειρῶν","χειρῶν","χείρ"
"41","06","02","RP","GSM","αὐτοῦ","αὐτοῦ","αὐτοῦ","αὐτός"
"41","06","02","V","PMPNPF","⸀γινόμεναι;","γινόμεναι","γινόμεναι","γίνομαι"
"41","06","03","X","","οὐχ","οὐχ","οὐ","οὐ"
"41","06","03","RD","NSM","οὗτός","οὗτός","οὗτος","οὗτος"
"41","06","03","V","3PAI-S","ἐστιν","ἐστιν","ἐστί(ν)","εἰμί"
"41","06","03","RA","NSM","ὁ","ὁ","ὁ","ὁ"
"41","06","03","N","NSM","τέκτων,","τέκτων","τέκτων","τέκτων"
"41","06","03","RA","NSM","ὁ","ὁ","ὁ","ὁ"
"41","06","03","N","NSM","υἱὸς","υἱὸς","υἱός","υἱός"
"41","06","03","RA","GSF","⸀τῆς","τῆς","τῆς","ὁ"
"41","06","03","N","GSF","Μαρίας","Μαρίας","Μαρίας","Μαρία"
"41","06","03","C","","⸂καὶ","καὶ","καί","καί"
"41","06","03","N","NSM","ἀδελφὸς⸃","ἀδελφὸς","ἀδελφός","ἀδελφός"
"41","06","03","N","GSM","Ἰακώβου","Ἰακώβου","Ἰακώβου","Ἰάκωβος"
"41","06","03","C","","καὶ","καὶ","καί","καί"
"41","06","03","N","GSM","⸀Ἰωσῆτος","Ἰωσῆτος","Ἰωσῆτος","Ἰωσῆς"
"41","06","03","C","","καὶ","καὶ","καί","καί"
"41","06","03","N","GSM","Ἰούδα","Ἰούδα","Ἰούδα","Ἰούδας"
"41","06","03","C","","καὶ","καὶ","καί","καί"
"41","06","03","N","GSM","Σίμωνος;","Σίμωνος","Σίμωνος","Σίμων"
"41","06","03","C","","καὶ","καὶ","καί","καί"
"41","06","03","X","","οὐκ","οὐκ","οὐ","οὐ"
"41","06","03","V","3PAI-P","εἰσὶν","εἰσὶν","εἰσί(ν)","εἰμί"
"41","06","03","RA","NPF","αἱ","αἱ","αἱ","ὁ"
"41","06","03","N","NPF","ἀδελφαὶ","ἀδελφαὶ","ἀδελφαί","ἀδελφή"
"41","06","03","RP","GSM","αὐτοῦ","αὐτοῦ","αὐτοῦ","αὐτός"
"41","06","03","D","","ὧδε","ὧδε","ὧδε","ὧδε"
"41","06","03","P","","πρὸς","πρὸς","πρός","πρός"
"41","06","03","RP","AP","ἡμᾶς;","ἡμᾶς","ἡμᾶς","ἐγώ"
"41","06","03","C","","καὶ","καὶ","καί","καί"
"41","06","03","V","3IPI-P","ἐσκανδαλίζοντο","ἐσκανδαλίζοντο","ἐσκανδαλίζοντο","σκανδαλίζω"
"41","06","03","P","","ἐν","ἐν","ἐν","ἐν"
"41","06","03","RP","DSM","αὐτῷ.","αὐτῷ","αὐτῷ","αὐτός"
"41","06","04","C","","⸂καὶ","καὶ","καί","καί"
"41","06","04","V","3IAI-S","ἔλεγεν⸃","ἔλεγεν","ἔλεγε(ν)","λέγω"
"41","06","04","RP","DPM","αὐτοῖς","αὐτοῖς","αὐτοῖς","αὐτός"
"41","06","04","RA","NSM","ὁ","ὁ","ὁ","ὁ"
"41","06","04","N","NSM","Ἰησοῦς","Ἰησοῦς","Ἰησοῦς","Ἰησοῦς"
"41","06","04","C","","ὅτι","ὅτι","ὅτι","ὅτι"
"41","06","04","D","","Οὐκ","Οὐκ","οὐ","οὐ"
"41","06","04","V","3PAI-S","ἔστιν","ἔστιν","ἐστί(ν)","εἰμί"
"41","06","04","N","NSM","προφήτης","προφήτης","προφήτης","προφήτης"
"41","06","04","A","NSM","ἄτιμος","ἄτιμος","ἄτιμος","ἄτιμος"
"41","06","04","C","","εἰ","εἰ","εἰ","εἰ"
"41","06","04","D","","μὴ","μὴ","μή","μή"
"41","06","04","P","","ἐν","ἐν","ἐν","ἐν"
"41","06","04","RA","DSF","τῇ","τῇ","τῇ","ὁ"
"41","06","04","N","DSF","πατρίδι","πατρίδι","πατρίδι","πατρίς"
"41","06","04","RP","GSM","αὐτοῦ","αὐτοῦ","αὐτοῦ","αὐτός"
"41","06","04","C","","καὶ","καὶ","καί","καί"
"41","06","04","P","","ἐν","ἐν","ἐν","ἐν"
"41","06","04","RA","DPM","τοῖς","τοῖς","τοῖς","ὁ"
"41","06","04","A","DPM","⸂συγγενεῦσιν","συγγενεῦσιν","συγγενεῦσι(ν)","συγγενής"
"41","06","04","RP","GSM","αὐτοῦ⸃","αὐτοῦ","αὐτοῦ","αὐτός"
"41","06","04","C","","καὶ","καὶ","καί","καί"
"41","06","04","P","","ἐν","ἐν","ἐν","ἐν"
"41","06","04","RA","DSF","τῇ","τῇ","τῇ","ὁ"
"41","06","04","N","DSF","οἰκίᾳ","οἰκίᾳ","οἰκίᾳ","οἰκία"
"41","06","04","RP","GSM","αὐτοῦ.","αὐτοῦ","αὐτοῦ","αὐτός"
"41","06","05","C","","καὶ","καὶ","καί","καί"
"41","06","05","D","","οὐκ","οὐκ","οὐ","οὐ"
"41","06","05","V","3IMI-S","ἐδύνατο","ἐδύνατο","ἐδύνατο","δύναμαι"
"41","06","05","D","","ἐκεῖ","ἐκεῖ","ἐκεῖ","ἐκεῖ"
"41","06","05","V","AAN","⸂ποιῆσαι","ποιῆσαι","ποιῆσαι","ποιέω"
"41","06","05","A","ASF","οὐδεμίαν","οὐδεμίαν","οὐδεμίαν","οὐδείς"
"41","06","05","N","ASF","δύναμιν⸃,","δύναμιν","δύναμιν","δύναμις"
"41","06","05","C","","εἰ","εἰ","εἰ","εἰ"
"41","06","05","D","","μὴ","μὴ","μή","μή"
"41","06","05","A","DPM","ὀλίγοις","ὀλίγοις","ὀλίγοις","ὀλίγος"
"41","06","05","A","DPM","ἀρρώστοις","ἀρρώστοις","ἀρρώστοις","ἄρρωστος"
"41","06","05","V","AAPNSM","ἐπιθεὶς","ἐπιθεὶς","ἐπιθείς","ἐπιτίθημι"
"41","06","05","RA","APF","τὰς","τὰς","τάς","ὁ"
"41","06","05","N","APF","χεῖρας","χεῖρας","χεῖρας","χείρ"
"41","06","05","V","3AAI-S","ἐθεράπευσεν·","ἐθεράπευσεν","ἐθεράπευσε(ν)","θεραπεύω"
"41","06","06","C","","καὶ","καὶ","καί","καί"
"41","06","06","V","3IAI-S","⸀ἐθαύμαζεν","ἐθαύμαζεν","ἐθαύμαζε(ν)","θαυμάζω"
"41","06","06","P","","διὰ","διὰ","διά","διά"
"41","06","06","RA","ASF","τὴν","τὴν","τήν","ὁ"
"41","06","06","N","ASF","ἀπιστίαν","ἀπιστίαν","ἀπιστίαν","ἀπιστία"
"41","06","06","RP","GPM","αὐτῶν.","αὐτῶν","αὐτῶν","αὐτός"
"41","06","06","C","","Καὶ","Καὶ","καί","καί"
"41","06","06","V","3IAI-S","περιῆγεν","περιῆγεν","περιῆγε(ν)","περιάγω"
"41","06","06","RA","APF","τὰς","τὰς","τάς","ὁ"
"41","06","06","N","APF","κώμας","κώμας","κώμας","κώμη"
"41","06","06","D","","κύκλῳ","κύκλῳ","κύκλῳ","κύκλῳ"
"41","06","06","V","PAPNSM","διδάσκων.","διδάσκων","διδάσκων","διδάσκω"
"41","06","07","C","","καὶ","καὶ","καί","καί"
"41","06","07","V","3PMI-S","προσκαλεῖται","προσκαλεῖται","προσκαλεῖται","προσκαλέομαι"
"41","06","07","RA","APM","τοὺς","τοὺς","τούς","ὁ"
"41","06","07","A","APM","δώδεκα,","δώδεκα","δώδεκα","δώδεκα"
"41","06","07","C","","καὶ","καὶ","καί","καί"
"41","06","07","V","3AMI-S","ἤρξατο","ἤρξατο","ἤρξατο","ἄρχω"
"41","06","07","RP","APM","αὐτοὺς","αὐτοὺς","αὐτούς","αὐτός"
"41","06","07","V","PAN","ἀποστέλλειν","ἀποστέλλειν","ἀποστέλλειν","ἀποστέλλω"
"41","06","07","A","APM","δύο","δύο","δύο","δύο"
"41","06","07","A","APM","δύο,","δύο","δύο","δύο"
"41","06","07","C","","καὶ","καὶ","καί","καί"
"41","06","07","V","3IAI-S","ἐδίδου","ἐδίδου","ἐδίδου","δίδωμι"
"41","06","07","RP","DPM","αὐτοῖς","αὐτοῖς","αὐτοῖς","αὐτός"
"41","06","07","N","ASF","ἐξουσίαν","ἐξουσίαν","ἐξουσίαν","ἐξουσία"
"41","06","07","RA","GPN","τῶν","τῶν","τῶν","ὁ"
"41","06","07","N","GPN","πνευμάτων","πνευμάτων","πνευμάτων","πνεῦμα"
"41","06","07","RA","GPN","τῶν","τῶν","τῶν","ὁ"
"41","06","07","A","GPN","ἀκαθάρτων,","ἀκαθάρτων","ἀκαθάρτων","ἀκάθαρτος"
"41","06","08","C","","καὶ","καὶ","καί","καί"
"41","06","08","V","3AAI-S","παρήγγειλεν","παρήγγειλεν","παρήγγειλε(ν)","παραγγέλλω"
"41","06","08","RP","DPM","αὐτοῖς","αὐτοῖς","αὐτοῖς","αὐτός"
"41","06","08","C","","ἵνα","ἵνα","ἵνα","ἵνα"
"41","06","08","A","ASN","μηδὲν","μηδὲν","μηδέν","μηδείς"
"41","06","08","V","3PAS-P","αἴρωσιν","αἴρωσιν","αἴρωσι(ν)","αἴρω"
"41","06","08","P","","εἰς","εἰς","εἰς","εἰς"
"41","06","08","N","ASF","ὁδὸν","ὁδὸν","ὁδόν","ὁδός"
"41","06","08","C","","εἰ","εἰ","εἰ","εἰ"
"41","06","08","D","","μὴ","μὴ","μή","μή"
"41","06","08","N","ASF","ῥάβδον","ῥάβδον","ῥάβδον","ῥάβδος"
"41","06","08","A","ASN","μόνον,","μόνον","μόνον","μόνος"
"41","06","08","D","","μὴ","μὴ","μή","μή"
"41","06","08","N","ASM","⸂ἄρτον,","ἄρτον","ἄρτον","ἄρτος"
"41","06","08","D","","μὴ","μὴ","μή","μή"
"41","06","08","N","ASF","πήραν⸃,","πήραν","πήραν","πήρα"
"41","06","08","D","","μὴ","μὴ","μή","μή"
"41","06","08","P","","εἰς","εἰς","εἰς","εἰς"
"41","06","08","RA","ASF","τὴν","τὴν","τήν","ὁ"
"41","06","08","N","ASF","ζώνην","ζώνην","ζώνην","ζώνη"
"41","06","08","N","ASM","χαλκόν,","χαλκόν","χαλκόν","χαλκός"
"41","06","09","C","","ἀλλὰ","ἀλλὰ","ἀλλά","ἀλλά"
"41","06","09","V","XMPAPM","ὑποδεδεμένους","ὑποδεδεμένους","ὑποδεδεμένους","ὑποδέομαι"
"41","06","09","N","APN","σανδάλια,","σανδάλια","σανδάλια","σανδάλιον"
"41","06","09","C","","καὶ","καὶ","καί","καί"
"41","06","09","D","","μὴ","μὴ","μή","μή"
"41","06","09","V","2AMS-P","⸀ἐνδύσησθε","ἐνδύσησθε","ἐνδύσησθε","ἐνδύω"
"41","06","09","A","APM","δύο","δύο","δύο","δύο"
"41","06","09","N","APM","χιτῶνας.","χιτῶνας","χιτῶνας","χιτών"
"41","06","10","C","","καὶ","καὶ","καί","καί"
"41","06","10","V","3IAI-S","ἔλεγεν","ἔλεγεν","ἔλεγε(ν)","λέγω"
"41","06","10","RP","DPM","αὐτοῖς·","αὐτοῖς","αὐτοῖς","αὐτός"
"41","06","10","C","","Ὅπου","Ὅπου","ὅπου","ὅπου"
"41","06","10","X","","⸀ἐὰν","ἐὰν","ἐάν","ἐάν"
"41","06","10","V","2AAS-P","εἰσέλθητε","εἰσέλθητε","εἰσέλθητε","εἰσέρχομαι"
"41","06","10","P","","εἰς","εἰς","εἰς","εἰς"
"41","06","10","N","ASF","οἰκίαν,","οἰκίαν","οἰκίαν","οἰκία"
"41","06","10","D","","ἐκεῖ","ἐκεῖ","ἐκεῖ","ἐκεῖ"
"41","06","10","V","2PAD-P","μένετε","μένετε","μένετε","μένω"
"41","06","10","C","","ἕως","ἕως","ἕως","ἕως"
"41","06","10","X","","ἂν","ἂν","ἄν","ἄν"
"41","06","10","V","2AAS-P","ἐξέλθητε","ἐξέλθητε","ἐξέλθητε","ἐξέρχομαι"
"41","06","10","D","","ἐκεῖθεν.","ἐκεῖθεν","ἐκεῖθεν","ἐκεῖθεν"
"41","06","11","C","","καὶ","καὶ","καί","καί"
"41","06","11","RR","NSM","⸂ὃς","ὃς","ὅς","ὅς"
"41","06","11","X","","ἂν","ἂν","ἄν","ἄν"
"41","06","11","N","NSM","τόπος","τόπος","τόπος","τόπος"
"41","06","11","D","","μὴ","μὴ","μή","μή"
"41","06","11","V","3AMS-S","δέξηται⸃","δέξηται","δέξηται","δέχομαι"
"41","06","11","RP","AP","ὑμᾶς","ὑμᾶς","ὑμᾶς","σύ"
"41","06","11","C","","μηδὲ","μηδὲ","μηδέ","μηδέ"
"41","06","11","V","3AAS-P","ἀκούσωσιν","ἀκούσωσιν","ἀκούσωσι(ν)","ἀκούω"
"41","06","11","RP","GP","ὑμῶν,","ὑμῶν","ὑμῶν","σύ"
"41","06","11","V","PMPNPM","ἐκπορευόμενοι","ἐκπορευόμενοι","ἐκπορευόμενοι","ἐκπορεύομαι"
"41","06","11","D","","ἐκεῖθεν","ἐκεῖθεν","ἐκεῖθεν","ἐκεῖθεν"
"41","06","11","V","2AAD-P","ἐκτινάξατε","ἐκτινάξατε","ἐκτινάξατε","ἐκτινάσσω"
"41","06","11","RA","ASM","τὸν","τὸν","τόν","ὁ"
"41","06","11","N","ASM","χοῦν","χοῦν","χοῦν","χοῦς"
"41","06","11","RA","ASM","τὸν","τὸν","τόν","ὁ"
"41","06","11","P","","ὑποκάτω","ὑποκάτω","ὑποκάτω","ὑποκάτω"
"41","06","11","RA","GPM","τῶν","τῶν","τῶν","ὁ"
"41","06","11","N","GPM","ποδῶν","ποδῶν","ποδῶν","πούς"
"41","06","11","RP","GP","ὑμῶν","ὑμῶν","ὑμῶν","σύ"
"41","06","11","P","","εἰς","εἰς","εἰς","εἰς"
"41","06","11","N","ASN","μαρτύριον","μαρτύριον","μαρτύριον","μαρτύριον"
"41","06","11","RP","DPM","⸀αὐτοῖς.","αὐτοῖς","αὐτοῖς","αὐτός"
"41","06","12","C","","Καὶ","Καὶ","καί","καί"
"41","06","12","V","AAPNPM","ἐξελθόντες","ἐξελθόντες","ἐξελθόντες","ἐξέρχομαι"
"41","06","12","V","3AAI-P","⸀ἐκήρυξαν","ἐκήρυξαν","ἐκήρυξαν","κηρύσσω"
"41","06","12","C","","ἵνα","ἵνα","ἵνα","ἵνα"
"41","06","12","V","3PAS-P","⸀μετανοῶσιν,","μετανοῶσιν","μετανοῶσι(ν)","μετανοέω"
"41","06","13","C","","καὶ","καὶ","καί","καί"
"41","06","13","N","APN","δαιμόνια","δαιμόνια","δαιμόνια","δαιμόνιον"
"41","06","13","A","APN","πολλὰ","πολλὰ","πολλά","πολύς"
"41","06","13","V","3IAI-P","ἐξέβαλλον,","ἐξέβαλλον","ἐξέβαλλον","ἐκβάλλω"
"41","06","13","C","","καὶ","καὶ","καί","καί"
"41","06","13","V","3IAI-P","ἤλειφον","ἤλειφον","ἤλειφον","ἀλείφω"
"41","06","13","N","DSN","ἐλαίῳ","ἐλαίῳ","ἐλαίῳ","ἔλαιον"
"41","06","13","A","APM","πολλοὺς","πολλοὺς","πολλούς","πολύς"
"41","06","13","A","APM","ἀρρώστους","ἀρρώστους","ἀρρώστους","ἄρρωστος"
"41","06","13","C","","καὶ","καὶ","καί","καί"
"41","06","13","V","3IAI-P","ἐθεράπευον.","ἐθεράπευον","ἐθεράπευον","θεραπεύω"
"41","06","14","C","","Καὶ","Καὶ","καί","καί"
"41","06","14","V","3AAI-S","ἤκουσεν","ἤκουσεν","ἤκουσε(ν)","ἀκούω"
"41","06","14","RA","NSM","ὁ","ὁ","ὁ","ὁ"
"41","06","14","N","NSM","βασιλεὺς","βασιλεὺς","βασιλεύς","βασιλεύς"
"41","06","14","N","NSM","Ἡρῴδης,","Ἡρῴδης","Ἡρῴδης","Ἡρῴδης"
"41","06","14","A","NSN","φανερὸν","φανερὸν","φανερόν","φανερός"
"41","06","14","C","","γὰρ","γὰρ","γάρ","γάρ"
"41","06","14","V","3AMI-S","ἐγένετο","ἐγένετο","ἐγένετο","γίνομαι"
"41","06","14","RA","NSN","τὸ","τὸ","τό","ὁ"
"41","06","14","N","NSN","ὄνομα","ὄνομα","ὄνομα","ὄνομα"
"41","06","14","RP","GSM","αὐτοῦ,","αὐτοῦ","αὐτοῦ","αὐτός"
"41","06","14","C","","καὶ","καὶ","καί","καί"
"41","06","14","V","3IAI-P","⸀ἔλεγον","ἔλεγον","ἔλεγον","λέγω"
"41","06","14","C","","ὅτι","ὅτι","ὅτι","ὅτι"
"41","06","14","N","NSM","Ἰωάννης","Ἰωάννης","Ἰωάννης","Ἰωάννης"
"41","06","14","RA","NSM","ὁ","ὁ","ὁ","ὁ"
"41","06","14","V","PAPNSM","βαπτίζων","βαπτίζων","βαπτίζων","βαπτίζω"
"41","06","14","V","3XPI-S","⸂ἐγήγερται","ἐγήγερται","ἐγήγερται","ἐγείρω"
"41","06","14","P","","ἐκ","ἐκ","ἐκ","ἐκ"
"41","06","14","A","GPM","νεκρῶν⸃,","νεκρῶν","νεκρῶν","νεκρός"
"41","06","14","C","","καὶ","καὶ","καί","καί"
"41","06","14","P","","διὰ","διὰ","διά","διά"
"41","06","14","RD","ASN","τοῦτο","τοῦτο","τοῦτο","οὗτος"
"41","06","14","V","3PAI-P","ἐνεργοῦσιν","ἐνεργοῦσιν","ἐνεργοῦσι(ν)","ἐνεργέω"
"41","06","14","RA","NPF","αἱ","αἱ","αἱ","ὁ"
"41","06","14","N","NPF","δυνάμεις","δυνάμεις","δυνάμεις","δύναμις"
"41","06","14","P","","ἐν","ἐν","ἐν","ἐν"
"41","06","14","RP","DSM","αὐτῷ·","αὐτῷ","αὐτῷ","αὐτός"
"41","06","15","A","NPM","ἄλλοι","ἄλλοι","ἄλλοι","ἄλλος"
"41","06","15","C","","⸀δὲ","δὲ","δέ","δέ"
"41","06","15","V","3IAI-P","ἔλεγον","ἔλεγον","ἔλεγον","λέγω"
"41","06","15","C","","ὅτι","ὅτι","ὅτι","ὅτι"
"41","06","15","N","NSM","Ἠλίας","Ἠλίας","Ἠλίας","Ἠλίας"
"41","06","15","V","3PAI-S","ἐστίν·","ἐστίν","ἐστί(ν)","εἰμί"
"41","06","15","A","NPM","ἄλλοι","ἄλλοι","ἄλλοι","ἄλλος"
"41","06","15","C","","δὲ","δὲ","δέ","δέ"
"41","06","15","V","3IAI-P","ἔλεγον","ἔλεγον","ἔλεγον","λέγω"
"41","06","15","C","","ὅτι","ὅτι","ὅτι","ὅτι"
"41","06","15","N","NSM","⸀προφήτης","προφήτης","προφήτης","προφήτης"
"41","06","15","C","","ὡς","ὡς","ὡς","ὡς"
"41","06","15","A","NSM","εἷς","εἷς","εἷς","εἷς"
"41","06","15","RA","GPM","τῶν","τῶν","τῶν","ὁ"
"41","06","15","N","GPM","προφητῶν.","προφητῶν","προφητῶν","προφήτης"
"41","06","16","V","AAPNSM","ἀκούσας","ἀκούσας","ἀκούσας","ἀκούω"
"41","06","16","C","","δὲ","δὲ","δέ","δέ"
"41","06","16","RA","NSM","⸀ὁ","ὁ","ὁ","ὁ"
"41","06","16","N","NSM","Ἡρῴδης","Ἡρῴδης","Ἡρῴδης","Ἡρῴδης"
"41","06","16","V","3IAI-S","⸀ἔλεγεν·","ἔλεγεν","ἔλεγε(ν)","λέγω"
"41","06","16","RR","ASM","Ὃν","Ὃν","ὅν","ὅς"
"41","06","16","RP","NS","ἐγὼ","ἐγὼ","ἐγώ","ἐγώ"
"41","06","16","V","1AAI-S","ἀπεκεφάλισα","ἀπεκεφάλισα","ἀπεκεφάλισα","ἀποκεφαλίζω"
"41","06","16","N","ASM","Ἰωάννην,","Ἰωάννην","Ἰωάννην","Ἰωάννης"
"41","06","16","RD","NSM","οὗτος","οὗτος","οὗτος","οὗτος"
"41","06","16","V","3API-S","⸀ἠγέρθη.","ἠγέρθη","ἠγέρθη","ἐγείρω"
"41","06","17","RP","NSM","Αὐτὸς","Αὐτὸς","αὐτός","αὐτός"
"41","06","17","C","","γὰρ","γὰρ","γάρ","γάρ"
"41","06","17","RA","NSM","ὁ","ὁ","ὁ","ὁ"
"41","06","17","N","NSM","Ἡρῴδης","Ἡρῴδης","Ἡρῴδης","Ἡρῴδης"
"41","06","17","V","AAPNSM","ἀποστείλας","ἀποστείλας","ἀποστείλας","ἀποστέλλω"
"41","06","17","V","3AAI-S","ἐκράτησεν","ἐκράτησεν","ἐκράτησε(ν)","κρατέω"
"41","06","17","RA","ASM","τὸν","τὸν","τόν","ὁ"
"41","06","17","N","ASM","Ἰωάννην","Ἰωάννην","Ἰωάννην","Ἰωάννης"
"41","06","17","C","","καὶ","καὶ","καί","καί"
"41","06","17","V","3AAI-S","ἔδησεν","ἔδησεν","ἔδησε(ν)","δέω"
"41","06","17","RP","ASM","αὐτὸν","αὐτὸν","αὐτόν","αὐτός"
"41","06","17","P","","ἐν","ἐν","ἐν","ἐν"
"41","06","17","N","DSF","φυλακῇ","φυλακῇ","φυλακῇ","φυλακή"
"41","06","17","P","","διὰ","διὰ","διά","διά"
"41","06","17","N","ASF","Ἡρῳδιάδα","Ἡρῳδιάδα","Ἡρῳδιάδα","Ἡρῳδιάς"
"41","06","17","RA","ASF","τὴν","τὴν","τήν","ὁ"
"41","06","17","N","ASF","γυναῖκα","γυναῖκα","γυναῖκα","γυνή"
"41","06","17","N","GSM","Φιλίππου","Φιλίππου","Φιλίππου","Φίλιππος"
"41","06","17","RA","GSM","τοῦ","τοῦ","τοῦ","ὁ"
"41","06","17","N","GSM","ἀδελφοῦ","ἀδελφοῦ","ἀδελφοῦ","ἀδελφός"
"41","06","17","RP","GSM","αὐτοῦ,","αὐτοῦ","αὐτοῦ","αὐτός"
"41","06","17","C","","ὅτι","ὅτι","ὅτι","ὅτι"
"41","06","17","RP","ASF","αὐτὴν","αὐτὴν","αὐτήν","αὐτός"
"41","06","17","V","3AAI-S","ἐγάμησεν·","ἐγάμησεν","ἐγάμησε(ν)","γαμέω"
"41","06","18","V","3IAI-S","ἔλεγεν","ἔλεγεν","ἔλεγε(ν)","λέγω"
"41","06","18","C","","γὰρ","γὰρ","γάρ","γάρ"
"41","06","18","RA","NSM","ὁ","ὁ","ὁ","ὁ"
"41","06","18","N","NSM","Ἰωάννης","Ἰωάννης","Ἰωάννης","Ἰωάννης"
"41","06","18","RA","DSM","τῷ","τῷ","τῷ","ὁ"
"41","06","18","N","DSM","Ἡρῴδῃ","Ἡρῴδῃ","Ἡρῴδῃ","Ἡρῴδης"
"41","06","18","C","","ὅτι","ὅτι","ὅτι","ὅτι"
"41","06","18","D","","Οὐκ","Οὐκ","οὐ","οὐ"
"41","06","18","V","3PAI-S","ἔξεστίν","ἔξεστίν","ἔξεστι(ν)","ἔξεστι(ν)"
"41","06","18","RP","DS","σοι","σοι","σοι","σύ"
"41","06","18","V","PAN","ἔχειν","ἔχειν","ἔχειν","ἔχω"
"41","06","18","RA","ASF","τὴν","τὴν","τήν","ὁ"
"41","06","18","N","ASF","γυναῖκα","γυναῖκα","γυναῖκα","γυνή"
"41","06","18","RA","GSM","τοῦ","τοῦ","τοῦ","ὁ"
"41","06","18","N","GSM","ἀδελφοῦ","ἀδελφοῦ","ἀδελφοῦ","ἀδελφός"
"41","06","18","RP","GS","σου.","σου","σου","σύ"
"41","06","19","RA","NSF","ἡ","ἡ","ἡ","ὁ"
"41","06","19","C","","δὲ","δὲ","δέ","δέ"
"41","06","19","N","NSF","Ἡρῳδιὰς","Ἡρῳδιὰς","Ἡρῳδιάς","Ἡρῳδιάς"
"41","06","19","V","3IAI-S","ἐνεῖχεν","ἐνεῖχεν","ἐνεῖχε(ν)","ἐνέχω"
"41","06","19","RP","DSM","αὐτῷ","αὐτῷ","αὐτῷ","αὐτός"
"41","06","19","C","","καὶ","καὶ","καί","καί"
"41","06","19","V","3IAI-S","ἤθελεν","ἤθελεν","ἤθελε(ν)","θέλω"
"41","06","19","RP","ASM","αὐτὸν","αὐτὸν","αὐτόν","αὐτός"
"41","06","19","V","AAN","ἀποκτεῖναι,","ἀποκτεῖναι","ἀποκτεῖναι","ἀποκτείνω"
"41","06","19","C","","καὶ","καὶ","καί","καί"
"41","06","19","D","","οὐκ","οὐκ","οὐ","οὐ"
"41","06","19","V","3IMI-S","ἠδύνατο·","ἠδύνατο","ἠδύνατο","δύναμαι"
"41","06","20","RA","NSM","ὁ","ὁ","ὁ","ὁ"
"41","06","20","C","","γὰρ","γὰρ","γάρ","γάρ"
"41","06","20","N","NSM","Ἡρῴδης","Ἡρῴδης","Ἡρῴδης","Ἡρῴδης"
"41","06","20","V","3IMI-S","ἐφοβεῖτο","ἐφοβεῖτο","ἐφοβεῖτο","φοβέομαι"
"41","06","20","RA","ASM","τὸν","τὸν","τόν","ὁ"
"41","06","20","N","ASM","Ἰωάννην,","Ἰωάννην","Ἰωάννην","Ἰωάννης"
"41","06","20","V","XAPNSM","εἰδὼς","εἰδὼς","εἰδώς","ὁράω"
"41","06","20","RP","ASM","αὐτὸν","αὐτὸν","αὐτόν","αὐτός"
"41","06","20","N","ASM","ἄνδρα","ἄνδρα","ἄνδρα","ἀνήρ"
"41","06","20","A","ASM","δίκαιον","δίκαιον","δίκαιον","δίκαιος"
"41","06","20","C","","καὶ","καὶ","καί","καί"
"41","06","20","A","ASM","ἅγιον,","ἅγιον","ἅγιον","ἅγιος"
"41","06","20","C","","καὶ","καὶ","καί","καί"
"41","06","20","V","3IAI-S","συνετήρει","συνετήρει","συνετήρει","συντηρέω"
"41","06","20","RP","ASM","αὐτόν,","αὐτόν","αὐτόν","αὐτός"
"41","06","20","C","","καὶ","καὶ","καί","καί"
"41","06","20","V","AAPNSM","ἀκούσας","ἀκούσας","ἀκούσας","ἀκούω"
"41","06","20","RP","GSM","αὐτοῦ","αὐτοῦ","αὐτοῦ","αὐτός"
"41","06","20","A","APN","πολλὰ","πολλὰ","πολλά","πολύς"
"41","06","20","V","3IAI-S","⸀ἠπόρει,","ἠπόρει","ἠπόρει","ἀπορέω"
"41","06","20","C","","καὶ","καὶ","καί","καί"
"41","06","20","D","","ἡδέως","ἡδέως","ἡδέως","ἡδέως"
"41","06","20","RP","GSM","αὐτοῦ","αὐτοῦ","αὐτοῦ","αὐτός"
"41","06","20","V","3IAI-S","ἤκουεν.","ἤκουεν","ἤκουε(ν)","ἀκούω"
"41","06","21","C","","Καὶ","Καὶ","καί","καί"
"41","06","21","V","AMPGSF","γενομένης","γενομένης","γενομένης","γίνομαι"
"41","06","21","N","GSF","ἡμέρας","ἡμέρας","ἡμέρας","ἡμέρα"
"41","06","21","A","GSF","εὐκαίρου","εὐκαίρου","εὐκαίρου","εὔκαιρος"
"41","06","21","D","","ὅτε","ὅτε","ὅτε","ὅτε"
"41","06","21","N","NSM","Ἡρῴδης","Ἡρῴδης","Ἡρῴδης","Ἡρῴδης"
"41","06","21","RA","DPN","τοῖς","τοῖς","τοῖς","ὁ"
"41","06","21","N","DPN","γενεσίοις","γενεσίοις","γενεσίοις","γενέσια"
"41","06","21","RP","GSM","αὐτοῦ","αὐτοῦ","αὐτοῦ","αὐτός"
"41","06","21","N","ASN","δεῖπνον","δεῖπνον","δεῖπνον","δεῖπνον"
"41","06","21","V","3AAI-S","⸀ἐποίησεν","ἐποίησεν","ἐποίησε(ν)","ποιέω"
"41","06","21","RA","DPM","τοῖς","τοῖς","τοῖς","ὁ"
"41","06","21","N","DPM","μεγιστᾶσιν","μεγιστᾶσιν","μεγιστᾶσι(ν)","μεγιστάν"
"41","06","21","RP","GSM","αὐτοῦ","αὐτοῦ","αὐτοῦ","αὐτός"
"41","06","21","C","","καὶ","καὶ","καί","καί"
"41","06","21","RA","DPM","τοῖς","τοῖς","τοῖς","ὁ"
"41","06","21","N","DPM","χιλιάρχοις","χιλιάρχοις","χιλιάρχοις","χιλίαρχος"
"41","06","21","C","","καὶ","καὶ","καί","καί"
"41","06","21","RA","DPM","τοῖς","τοῖς","τοῖς","ὁ"
"41","06","21","A","DPM","πρώτοις","πρώτοις","πρώτοις","πρῶτος"
"41","06","21","RA","GSF","τῆς","τῆς","τῆς","ὁ"
"41","06","21","N","GSF","Γαλιλαίας,","Γαλιλαίας","Γαλιλαίας","Γαλιλαία"
"41","06","22","C","","καὶ","καὶ","καί","καί"
"41","06","22","V","AAPGSF","εἰσελθούσης","εἰσελθούσης","εἰσελθούσης","εἰσέρχομαι"
"41","06","22","RA","GSF","τῆς","τῆς","τῆς","ὁ"
"41","06","22","N","GSF","θυγατρὸς","θυγατρὸς","θυγατρός","θυγάτηρ"
"41","06","22","RP","GSF","⸂αὐτῆς","αὐτῆς","αὐτῆς","αὐτός"
"41","06","22","RA","GSF","τῆς⸃","τῆς","τῆς","ὁ"
"41","06","22","N","GSF","Ἡρῳδιάδος","Ἡρῳδιάδος","Ἡρῳδιάδος","Ἡρῳδιάς"
"41","06","22","C","","καὶ","καὶ","καί","καί"
"41","06","22","V","AMPGSF","ὀρχησαμένης","ὀρχησαμένης","ὀρχησαμένης","ὀρχέομαι"
"41","06","22","C","","⸂καὶ","καὶ","καί","καί"
"41","06","22","V","AAPGSF","ἀρεσάσης⸃","ἀρεσάσης","ἀρεσάσης","ἀρέσκω"
"41","06","22","RA","DSM","τῷ","τῷ","τῷ","ὁ"
"41","06","22","N","DSM","Ἡρῴδῃ","Ἡρῴδῃ","Ἡρῴδῃ","Ἡρῴδης"
"41","06","22","C","","καὶ","καὶ","καί","καί"
"41","06","22","RA","DPM","τοῖς","τοῖς","τοῖς","ὁ"
"41","06","22","V","PMPDPM","συνανακειμένοις,","συνανακειμένοις","συνανακειμένοις","συνανάκειμαι"
"41","06","22","V","3AAI-S","⸂εἶπεν","εἶπεν","εἶπε(ν)","λέγω"
"41","06","22","RA","NSM","ὁ","ὁ","ὁ","ὁ"
"41","06","22","N","NSM","βασιλεὺς⸃","βασιλεὺς","βασιλεύς","βασιλεύς"
"41","06","22","RA","DSN","τῷ","τῷ","τῷ","ὁ"
"41","06","22","N","DSN","κορασίῳ·","κορασίῳ","κορασίῳ","κοράσιον"
"41","06","22","V","2AAD-S","Αἴτησόν","Αἴτησόν","αἴτησον","αἰτέω"
"41","06","22","RP","AS","με","με","με","ἐγώ"
"41","06","22","RR","ASN","ὃ","ὃ","ὅ","ὅς"
"41","06","22","X","","ἐὰν","ἐὰν","ἐάν","ἐάν"
"41","06","22","V","2PAS-S","θέλῃς,","θέλῃς","θέλῃς","θέλω"
"41","06","22","C","","καὶ","καὶ","καί","καί"
"41","06","22","V","1FAI-S","δώσω","δώσω","δώσω","δίδωμι"
"41","06","22","RP","DS","σοι·","σοι","σοι","σύ"
"41","06","23","C","","καὶ","καὶ","καί","καί"
"41","06","23","V","3AAI-S","ὤμοσεν","ὤμοσεν","ὤμοσε(ν)","ὀμνύω"
"41","06","23","RP","DSF","⸀αὐτῇ·","αὐτῇ","αὐτῇ","αὐτός"
"41","06","23","RR","ASN","⸂Ὅ","Ὅ","ὅ","ὅς"
"41","06","23","RI","ASN","τι⸃","τι","τὶ","τις"
"41","06","23","X","","ἐάν","ἐάν","ἐάν","ἐάν"
"41","06","23","RP","AS","με","με","με","ἐγώ"
"41","06","23","V","2AAS-S","αἰτήσῃς","αἰτήσῃς","αἰτήσῃς","αἰτέω"
"41","06","23","V","1FAI-S","δώσω","δώσω","δώσω","δίδωμι"
"41","06","23","RP","DS","σοι","σοι","σοι","σύ"
"41","06","23","P","","ἕως","ἕως","ἕως","ἕως"
"41","06","23","A","GSN","ἡμίσους","ἡμίσους","ἡμίσους","ἥμισυς"
"41","06","23","RA","GSF","τῆς","τῆς","τῆς","ὁ"
"41","06","23","N","GSF","βασιλείας","βασιλείας","βασιλείας","βασιλεία"
"41","06","23","RP","GS","μου.","μου","μου","ἐγώ"
"41","06","24","C","","⸀καὶ","καὶ","καί","καί"
"41","06","24","V","AAPNSF","ἐξελθοῦσα","ἐξελθοῦσα","ἐξελθοῦσα","ἐξέρχομαι"
"41","06","24","V","3AAI-S","εἶπεν","εἶπεν","εἶπε(ν)","λέγω"
"41","06","24","RA","DSF","τῇ","τῇ","τῇ","ὁ"
"41","06","24","N","DSF","μητρὶ","μητρὶ","μητρί","μήτηρ"
"41","06","24","RP","GSF","αὐτῆς·","αὐτῆς","αὐτῆς","αὐτός"
"41","06","24","RI","ASN","Τί","Τί","τί","τίς"
"41","06","24","V","1AMS-S","⸀αἰτήσωμαι;","αἰτήσωμαι","αἰτήσωμαι","αἰτέω"
"41","06","24","RA","NSF","ἡ","ἡ","ἡ","ὁ"
"41","06","24","C","","δὲ","δὲ","δέ","δέ"
"41","06","24","V","3AAI-S","εἶπεν·","εἶπεν","εἶπε(ν)","λέγω"
"41","06","24","RA","ASF","Τὴν","Τὴν","τήν","ὁ"
"41","06","24","N","ASF","κεφαλὴν","κεφαλὴν","κεφαλήν","κεφαλή"
"41","06","24","N","GSM","Ἰωάννου","Ἰωάννου","Ἰωάννου","Ἰωάννης"
"41","06","24","RA","GSM","τοῦ","τοῦ","τοῦ","ὁ"
"41","06","24","V","PAPGSM","⸀βαπτίζοντος.","βαπτίζοντος","βαπτίζοντος","βαπτίζω"
"41","06","25","C","","καὶ","καὶ","καί","καί"
"41","06","25","V","AAPNSF","εἰσελθοῦσα","εἰσελθοῦσα","εἰσελθοῦσα","εἰσέρχομαι"
"41","06","25","A","NSM","⸀εὐθὺς","εὐθὺς","εὐθύς","εὐθύς"
"41","06","25","P","","μετὰ","μετὰ","μετά","μετά"
"41","06","25","N","GSF","σπουδῆς","σπουδῆς","σπουδῆς","σπουδή"
"41","06","25","P","","πρὸς","πρὸς","πρός","πρός"
"41","06","25","RA","ASM","τὸν","τὸν","τόν","ὁ"
"41","06","25","N","ASM","βασιλέα","βασιλέα","βασιλέα","βασιλεύς"
"41","06","25","V","3AMI-S","ᾐτήσατο","ᾐτήσατο","ᾐτήσατο","αἰτέω"
"41","06","25","V","PAPNSF","λέγουσα·","λέγουσα","λέγουσα","λέγω"
"41","06","25","V","1PAI-S","Θέλω","Θέλω","θέλω","θέλω"
"41","06","25","C","","ἵνα","ἵνα","ἵνα","ἵνα"
"41","06","25","D","","⸂ἐξαυτῆς","ἐξαυτῆς","ἐξαυτῆς","ἐξαυτῆς"
"41","06","25","V","2AAS-S","δῷς","δῷς","δῷς","δίδωμι"
"41","06","25","RP","DS","μοι⸃","μοι","μοι","ἐγώ"
"41","06","25","P","","ἐπὶ","ἐπὶ","ἐπί","ἐπί"
"41","06","25","N","DSM","πίνακι","πίνακι","πίνακι","πίναξ"
"41","06","25","RA","ASF","τὴν","τὴν","τήν","ὁ"
"41","06","25","N","ASF","κεφαλὴν","κεφαλὴν","κεφαλήν","κεφαλή"
"41","06","25","N","GSM","Ἰωάννου","Ἰωάννου","Ἰωάννου","Ἰωάννης"
"41","06","25","RA","GSM","τοῦ","τοῦ","τοῦ","ὁ"
"41","06","25","N","GSM","βαπτιστοῦ.","βαπτιστοῦ","βαπτιστοῦ","βαπτιστής"
"41","06","26","C","","καὶ","καὶ","καί","καί"
"41","06","26","A","NSM","περίλυπος","περίλυπος","περίλυπος","περίλυπος"
"41","06","26","V","AMPNSM","γενόμενος","γενόμενος","γενόμενος","γίνομαι"
"41","06","26","RA","NSM","ὁ","ὁ","ὁ","ὁ"
"41","06","26","N","NSM","βασιλεὺς","βασιλεὺς","βασιλεύς","βασιλεύς"
"41","06","26","P","","διὰ","διὰ","διά","διά"
"41","06","26","RA","APM","τοὺς","τοὺς","τούς","ὁ"
"41","06","26","N","APM","ὅρκους","ὅρκους","ὅρκους","ὅρκος"
"41","06","26","C","","καὶ","καὶ","καί","καί"
"41","06","26","RA","APM","τοὺς","τοὺς","τούς","ὁ"
"41","06","26","V","PMPAPM","⸀ἀνακειμένους","ἀνακειμένους","ἀνακειμένους","ἀνάκειμαι"
"41","06","26","D","","οὐκ","οὐκ","οὐ","οὐ"
"41","06","26","V","3AAI-S","ἠθέλησεν","ἠθέλησεν","ἠθέλησε(ν)","θέλω"
"41","06","26","V","AAN","⸂ἀθετῆσαι","ἀθετῆσαι","ἀθετῆσαι","ἀθετέω"
"41","06","26","RP","ASF","αὐτήν⸃·","αὐτήν","αὐτήν","αὐτός"
"41","06","27","C","","καὶ","καὶ","καί","καί"
"41","06","27","A","NSM","⸀εὐθὺς","εὐθὺς","εὐθύς","εὐθύς"
"41","06","27","V","AAPNSM","ἀποστείλας","ἀποστείλας","ἀποστείλας","ἀποστέλλω"
"41","06","27","RA","NSM","ὁ","ὁ","ὁ","ὁ"
"41","06","27","N","NSM","βασιλεὺς","βασιλεὺς","βασιλεύς","βασιλεύς"
"41","06","27","N","ASM","σπεκουλάτορα","σπεκουλάτορα","σπεκουλάτορα","σπεκουλάτωρ"
"41","06","27","V","3AAI-S","ἐπέταξεν","ἐπέταξεν","ἐπέταξε(ν)","ἐπιτάσσω"
"41","06","27","V","AAN","⸀ἐνέγκαι","ἐνέγκαι","ἐνέγκαι","φέρω"
"41","06","27","RA","ASF","τὴν","τὴν","τήν","ὁ"
"41","06","27","N","ASF","κεφαλὴν","κεφαλὴν","κεφαλήν","κεφαλή"
"41","06","27","RP","GSM","αὐτοῦ.","αὐτοῦ","αὐτοῦ","αὐτός"
"41","06","27","C","","⸀καὶ","καὶ","καί","καί"
"41","06","27","V","AAPNSM","ἀπελθὼν","ἀπελθὼν","ἀπελθών","ἀπέρχομαι"
"41","06","27","V","3AAI-S","ἀπεκεφάλισεν","ἀπεκεφάλισεν","ἀπεκεφάλισε(ν)","ἀποκεφαλίζω"
"41","06","27","RP","ASM","αὐτὸν","αὐτὸν","αὐτόν","αὐτός"
"41","06","27","P","","ἐν","ἐν","ἐν","ἐν"
"41","06","27","RA","DSF","τῇ","τῇ","τῇ","ὁ"
"41","06","27","N","DSF","φυλακῇ","φυλακῇ","φυλακῇ","φυλακή"
"41","06","28","C","","καὶ","καὶ","καί","καί"
"41","06","28","V","3AAI-S","ἤνεγκεν","ἤνεγκεν","ἤνεγκε(ν)","φέρω"
"41","06","28","RA","ASF","τὴν","τὴν","τήν","ὁ"
"41","06","28","N","ASF","κεφαλὴν","κεφαλὴν","κεφαλήν","κεφαλή"
"41","06","28","RP","GSM","αὐτοῦ","αὐτοῦ","αὐτοῦ","αὐτός"
"41","06","28","P","","ἐπὶ","ἐπὶ","ἐπί","ἐπί"
"41","06","28","N","DSM","πίνακι","πίνακι","πίνακι","πίναξ"
"41","06","28","C","","καὶ","καὶ","καί","καί"
"41","06","28","V","3AAI-S","ἔδωκεν","ἔδωκεν","ἔδωκε(ν)","δίδωμι"
"41","06","28","RP","ASF","αὐτὴν","αὐτὴν","αὐτήν","αὐτός"
"41","06","28","RA","DSN","τῷ","τῷ","τῷ","ὁ"
"41","06","28","N","DSN","κορασίῳ,","κορασίῳ","κορασίῳ","κοράσιον"
"41","06","28","C","","καὶ","καὶ","καί","καί"
"41","06","28","RA","NSN","τὸ","τὸ","τό","ὁ"
"41","06","28","N","NSN","κοράσιον","κοράσιον","κοράσιον","κοράσιον"
"41","06","28","V","3AAI-S","ἔδωκεν","ἔδωκεν","ἔδωκε(ν)","δίδωμι"
"41","06","28","RP","ASF","αὐτὴν","αὐτὴν","αὐτήν","αὐτός"
"41","06","28","RA","DSF","τῇ","τῇ","τῇ","ὁ"
"41","06","28","N","DSF","μητρὶ","μητρὶ","μητρί","μήτηρ"
"41","06","28","RP","GSF","αὐτῆς.","αὐτῆς","αὐτῆς","αὐτός"
"41","06","29","C","","καὶ","καὶ","καί","καί"
"41","06","29","V","AAPNPM","ἀκούσαντες","ἀκούσαντες","ἀκούσαντες","ἀκούω"
"41","06","29","RA","NPM","οἱ","οἱ","οἱ","ὁ"
"41","06","29","N","NPM","μαθηταὶ","μαθηταὶ","μαθηταί","μαθητής"
"41","06","29","RP","GSM","αὐτοῦ","αὐτοῦ","αὐτοῦ","αὐτός"
"41","06","29","V","3AAI-P","ἦλθον","ἦλθον","ἦλθον","ἔρχομαι"
"41","06","29","C","","καὶ","καὶ","καί","καί"
"41","06","29","V","3AAI-P","ἦραν","ἦραν","ἦραν","αἴρω"
"41","06","29","RA","ASN","τὸ","τὸ","τό","ὁ"
"41","06","29","N","ASN","πτῶμα","πτῶμα","πτῶμα","πτῶμα"
"41","06","29","RP","GSM","αὐτοῦ","αὐτοῦ","αὐτοῦ","αὐτός"
"41","06","29","C","","καὶ","καὶ","καί","καί"
"41","06","29","V","3AAI-P","ἔθηκαν","ἔθηκαν","ἔθηκαν","τίθημι"
"41","06","29","RP","ASN","αὐτὸ","αὐτὸ","αὐτό","αὐτός"
"41","06","29","P","","ἐν","ἐν","ἐν","ἐν"
"41","06","29","N","DSN","μνημείῳ.","μνημείῳ","μνημείῳ","μνημεῖον"
"41","06","30","C","","Καὶ","Καὶ","καί","καί"
"41","06","30","V","3PPI-P","συνάγονται","συνάγονται","συνάγονται","συνάγω"
"41","06","30","RA","NPM","οἱ","οἱ","οἱ","ὁ"
"41","06","30","N","NPM","ἀπόστολοι","ἀπόστολοι","ἀπόστολοι","ἀπόστολος"
"41","06","30","P","","πρὸς","πρὸς","πρός","πρός"
"41","06","30","RA","ASM","τὸν","τὸν","τόν","ὁ"
"41","06","30","N","ASM","Ἰησοῦν,","Ἰησοῦν","Ἰησοῦν","Ἰησοῦς"
"41","06","30","C","","καὶ","καὶ","καί","καί"
"41","06","30","V","3AAI-P","ἀπήγγειλαν","ἀπήγγειλαν","ἀπήγγειλαν","ἀπαγγέλλω"
"41","06","30","RP","DSM","αὐτῷ","αὐτῷ","αὐτῷ","αὐτός"
"41","06","30","A","APN","⸀πάντα","πάντα","πάντα","πᾶς"
"41","06","30","RR","APN","ὅσα","ὅσα","ὅσα","ὅσος"
"41","06","30","V","3AAI-P","ἐποίησαν","ἐποίησαν","ἐποίησαν","ποιέω"
"41","06","30","C","","καὶ","καὶ","καί","καί"
"41","06","30","RR","APN","ὅσα","ὅσα","ὅσα","ὅσος"
"41","06","30","V","3AAI-P","ἐδίδαξαν.","ἐδίδαξαν","ἐδίδαξαν","διδάσκω"
"41","06","31","C","","καὶ","καὶ","καί","καί"
"41","06","31","V","3PAI-S","⸀λέγει","λέγει","λέγει","λέγω"
"41","06","31","RP","DPM","αὐτοῖς·","αὐτοῖς","αὐτοῖς","αὐτός"
"41","06","31","D","","Δεῦτε","Δεῦτε","δεῦτε","δεῦτε"
"41","06","31","RP","NP","ὑμεῖς","ὑμεῖς","ὑμεῖς","σύ"
"41","06","31","RP","NPM","αὐτοὶ","αὐτοὶ","αὐτοί","αὐτός"
"41","06","31","P","","κατ’","κατ’","κατά","κατά"
"41","06","31","A","ASF","ἰδίαν","ἰδίαν","ἰδίαν","ἴδιος"
"41","06","31","P","","εἰς","εἰς","εἰς","εἰς"
"41","06","31","A","ASM","ἔρημον","ἔρημον","ἔρημον","ἔρημος"
"41","06","31","N","ASM","τόπον","τόπον","τόπον","τόπος"
"41","06","31","C","","καὶ","καὶ","καί","καί"
"41","06","31","V","2AMD-P","⸀ἀναπαύσασθε","ἀναπαύσασθε","ἀναπαύσασθε","ἀναπαύω"
"41","06","31","A","ASN","ὀλίγον.","ὀλίγον","ὀλίγον","ὀλίγος"
"41","06","31","V","3IAI-P","ἦσαν","ἦσαν","ἦσαν","εἰμί"
"41","06","31","C","","γὰρ","γὰρ","γάρ","γάρ"
"41","06","31","RA","NPM","οἱ","οἱ","οἱ","ὁ"
"41","06","31","V","PMPNPM","ἐρχόμενοι","ἐρχόμενοι","ἐρχόμενοι","ἔρχομαι"
"41","06","31","C","","καὶ","καὶ","καί","καί"
"41","06","31","RA","NPM","οἱ","οἱ","οἱ","ὁ"
"41","06","31","V","PAPNPM","ὑπάγοντες","ὑπάγοντες","ὑπάγοντες","ὑπάγω"
"41","06","31","A","NPM","πολλοί,","πολλοί","πολλοί","πολύς"
"41","06","31","C","","καὶ","καὶ","καί","καί"
"41","06","31","D","","οὐδὲ","οὐδὲ","οὐδέ","οὐδέ"
"41","06","31","V","AAN","φαγεῖν","φαγεῖν","φαγεῖν","ἐσθίω"
"41","06","31","V","3IAI-P","εὐκαίρουν.","εὐκαίρουν","εὐκαίρουν","εὐκαιρέω"
"41","06","32","C","","καὶ","καὶ","καί","καί"
"41","06","32","V","3AAI-P","ἀπῆλθον","ἀπῆλθον","ἀπῆλθον","ἀπέρχομαι"
"41","06","32","P","","⸂ἐν","ἐν","ἐν","ἐν"
"41","06","32","RA","DSN","τῷ","τῷ","τῷ","ὁ"
"41","06","32","N","DSN","πλοίῳ","πλοίῳ","πλοίῳ","πλοῖον"
"41","06","32","P","","εἰς","εἰς","εἰς","εἰς"
"41","06","32","A","ASM","ἔρημον","ἔρημον","ἔρημον","ἔρημος"
"41","06","32","N","ASM","τόπον⸃","τόπον","τόπον","τόπος"
"41","06","32","P","","κατ’","κατ’","κατά","κατά"
"41","06","32","A","ASF","ἰδίαν.","ἰδίαν","ἰδίαν","ἴδιος"
"41","06","33","C","","καὶ","καὶ","καί","καί"
"41","06","33","V","3AAI-P","εἶδον","εἶδον","εἶδον","ὁράω"
"41","06","33","RP","APM","αὐτοὺς","αὐτοὺς","αὐτούς","αὐτός"
"41","06","33","V","PAPAPM","ὑπάγοντας","ὑπάγοντας","ὑπάγοντας","ὑπάγω"
"41","06","33","C","","καὶ","καὶ","καί","καί"
"41","06","33","V","3AAI-P","⸀ἐπέγνωσαν","ἐπέγνωσαν","ἐπέγνωσαν","ἐπιγινώσκω"
"41","06","33","A","NPM","πολλοί,","πολλοί","πολλοί","πολύς"
"41","06","33","C","","καὶ","καὶ","καί","καί"
"41","06","33","D","","πεζῇ","πεζῇ","πεζῇ","πεζῇ"
"41","06","33","P","","ἀπὸ","ἀπὸ","ἀπό","ἀπό"
"41","06","33","A","GPF","πασῶν","πασῶν","πασῶν","πᾶς"
"41","06","33","RA","GPF","τῶν","τῶν","τῶν","ὁ"
"41","06","33","N","GPF","πόλεων","πόλεων","πόλεων","πόλις"
"41","06","33","V","3AAI-P","συνέδραμον","συνέδραμον","συνέδραμον","συντρέχω"
"41","06","33","D","","ἐκεῖ","ἐκεῖ","ἐκεῖ","ἐκεῖ"
"41","06","33","C","","καὶ","καὶ","καί","καί"
"41","06","33","V","3AAI-P","προῆλθον","προῆλθον","προῆλθον","προέρχομαι"
"41","06","33","RP","APM","⸀αὐτούς.","αὐτούς","αὐτούς","αὐτός"
"41","06","34","C","","καὶ","καὶ","καί","καί"
"41","06","34","V","AAPNSM","ἐξελθὼν","ἐξελθὼν","ἐξελθών","ἐξέρχομαι"
"41","06","34","V","3AAI-S","⸀εἶδεν","εἶδεν","εἶδε(ν)","ὁράω"
"41","06","34","A","ASM","πολὺν","πολὺν","πολύν","πολύς"
"41","06","34","N","ASM","ὄχλον,","ὄχλον","ὄχλον","ὄχλος"
"41","06","34","C","","καὶ","καὶ","καί","καί"
"41","06","34","V","3API-S","ἐσπλαγχνίσθη","ἐσπλαγχνίσθη","ἐσπλαγχνίσθη","σπλαγχνίζομαι"
"41","06","34","P","","ἐπ’","ἐπ’","ἐπί","ἐπί"
"41","06","34","RP","APM","⸀αὐτοὺς","αὐτοὺς","αὐτούς","αὐτός"
"41","06","34","C","","ὅτι","ὅτι","ὅτι","ὅτι"
"41","06","34","V","3IAI-P","ἦσαν","ἦσαν","ἦσαν","εἰμί"
"41","06","34","C","","ὡς","ὡς","ὡς","ὡς"
"41","06","34","N","NPN","πρόβατα","πρόβατα","πρόβατα","πρόβατον"
"41","06","34","D","","μὴ","μὴ","μή","μή"
"41","06","34","V","PAPNPN","ἔχοντα","ἔχοντα","ἔχοντα","ἔχω"
"41","06","34","N","ASM","ποιμένα,","ποιμένα","ποιμένα","ποιμήν"
"41","06","34","C","","καὶ","καὶ","καί","καί"
"41","06","34","V","3AMI-S","ἤρξατο","ἤρξατο","ἤρξατο","ἄρχω"
"41","06","34","V","PAN","διδάσκειν","διδάσκειν","διδάσκειν","διδάσκω"
"41","06","34","RP","APM","αὐτοὺς","αὐτοὺς","αὐτούς","αὐτός"
"41","06","34","A","APN","πολλά.","πολλά","πολλά","πολύς"
"41","06","35","C","","Καὶ","Καὶ","καί","καί"
"41","06","35","D","","ἤδη","ἤδη","ἤδη","ἤδη"
"41","06","35","N","GSF","ὥρας","ὥρας","ὥρας","ὥρα"
"41","06","35","A","GSF","πολλῆς","πολλῆς","πολλῆς","πολύς"
"41","06","35","V","AMPGSF","γενομένης","γενομένης","γενομένης","γίνομαι"
"41","06","35","V","AAPNPM","προσελθόντες","προσελθόντες","προσελθόντες","προσέρχομαι"
"41","06","35","RP","DSM","αὐτῷ","αὐτῷ","αὐτῷ","αὐτός"
"41","06","35","RA","NPM","οἱ","οἱ","οἱ","ὁ"
"41","06","35","N","NPM","μαθηταὶ","μαθηταὶ","μαθηταί","μαθητής"
"41","06","35","RP","GSM","αὐτοῦ","αὐτοῦ","αὐτοῦ","αὐτός"
"41","06","35","V","3IAI-P","⸀ἔλεγον","ἔλεγον","ἔλεγον","λέγω"
"41","06","35","C","","ὅτι","ὅτι","ὅτι","ὅτι"
"41","06","35","A","NSM","Ἔρημός","Ἔρημός","ἔρημος","ἔρημος"
"41","06","35","V","3PAI-S","ἐστιν","ἐστιν","ἐστί(ν)","εἰμί"
"41","06","35","RA","NSM","ὁ","ὁ","ὁ","ὁ"
"41","06","35","N","NSM","τόπος,","τόπος","τόπος","τόπος"
"41","06","35","C","","καὶ","καὶ","καί","καί"
"41","06","35","D","","ἤδη","ἤδη","ἤδη","ἤδη"
"41","06","35","N","NSF","ὥρα","ὥρα","ὥρα","ὥρα"
"41","06","35","A","NSF","πολλή·","πολλή","πολλή","πολύς"
"41","06","36","V","2AAD-S","ἀπόλυσον","ἀπόλυσον","ἀπόλυσον","ἀπολύω"
"41","06","36","RP","APM","αὐτούς,","αὐτούς","αὐτούς","αὐτός"
"41","06","36","C","","ἵνα","ἵνα","ἵνα","ἵνα"
"41","06","36","V","AAPNPM","ἀπελθόντες","ἀπελθόντες","ἀπελθόντες","ἀπέρχομαι"
"41","06","36","P","","εἰς","εἰς","εἰς","εἰς"
"41","06","36","RA","APM","τοὺς","τοὺς","τούς","ὁ"
"41","06","36","D","","κύκλῳ","κύκλῳ","κύκλῳ","κύκλῳ"
"41","06","36","N","APM","ἀγροὺς","ἀγροὺς","ἀγρούς","ἀγρός"
"41","06","36","C","","καὶ","καὶ","καί","καί"
"41","06","36","N","APF","κώμας","κώμας","κώμας","κώμη"
"41","06","36","V","3AAS-P","ἀγοράσωσιν","ἀγοράσωσιν","ἀγοράσωσι(ν)","ἀγοράζω"
"41","06","36","RP","DPM","ἑαυτοῖς","ἑαυτοῖς","ἑαυτοῖς","ἑαυτοῦ"
"41","06","36","RI","ASN","⸂τί","τί","τί","τίς"
"41","06","36","V","3AAS-P","φάγωσιν⸃.","φάγωσιν","φάγωσι(ν)","ἐσθίω"
"41","06","37","RA","NSM","ὁ","ὁ","ὁ","ὁ"
"41","06","37","C","","δὲ","δὲ","δέ","δέ"
"41","06","37","V","APPNSM","ἀποκριθεὶς","ἀποκριθεὶς","ἀποκριθείς","ἀποκρίνομαι"
"41","06","37","V","3AAI-S","εἶπεν","εἶπεν","εἶπε(ν)","λέγω"
"41","06","37","RP","DPM","αὐτοῖς·","αὐτοῖς","αὐτοῖς","αὐτός"
"41","06","37","V","2AAD-P","Δότε","Δότε","δότε","δίδωμι"
"41","06","37","RP","DPM","αὐτοῖς","αὐτοῖς","αὐτοῖς","αὐτός"
"41","06","37","RP","NP","ὑμεῖς","ὑμεῖς","ὑμεῖς","σύ"
"41","06","37","V","AAN","φαγεῖν.","φαγεῖν","φαγεῖν","ἐσθίω"
"41","06","37","C","","καὶ","καὶ","καί","καί"
"41","06","37","V","3PAI-P","λέγουσιν","λέγουσιν","λέγουσι(ν)","λέγω"
"41","06","37","RP","DSM","αὐτῷ·","αὐτῷ","αὐτῷ","αὐτός"
"41","06","37","V","AAPNPM","Ἀπελθόντες","Ἀπελθόντες","ἀπελθόντες","ἀπέρχομαι"
"41","06","37","V","1AAS-P","ἀγοράσωμεν","ἀγοράσωμεν","ἀγοράσωμεν","ἀγοράζω"
"41","06","37","N","GPN","δηναρίων","δηναρίων","δηναρίων","δηνάριον"
"41","06","37","A","GPN","διακοσίων","διακοσίων","διακοσίων","διακόσιοι"
"41","06","37","N","APM","ἄρτους","ἄρτους","ἄρτους","ἄρτος"
"41","06","37","C","","καὶ","καὶ","καί","καί"
"41","06","37","V","1FAI-P","⸀δώσομεν","δώσομεν","δώσομεν","δίδωμι"
"41","06","37","RP","DPM","αὐτοῖς","αὐτοῖς","αὐτοῖς","αὐτός"
"41","06","37","V","AAN","φαγεῖν;","φαγεῖν","φαγεῖν","ἐσθίω"
"41","06","38","RA","NSM","ὁ","ὁ","ὁ","ὁ"
"41","06","38","C","","δὲ","δὲ","δέ","δέ"
"41","06","38","V","3PAI-S","λέγει","λέγει","λέγει","λέγω"
"41","06","38","RP","DPM","αὐτοῖς·","αὐτοῖς","αὐτοῖς","αὐτός"
"41","06","38","RI","APM","Πόσους","Πόσους","πόσους","πόσος"
"41","06","38","V","2PAI-P","⸂ἔχετε","ἔχετε","ἔχετε","ἔχω"
"41","06","38","N","APM","ἄρτους⸃;","ἄρτους","ἄρτους","ἄρτος"
"41","06","38","V","2PAD-P","⸀ὑπάγετε","ὑπάγετε","ὑπάγετε","ὑπάγω"
"41","06","38","V","2AAD-P","ἴδετε.","ἴδετε","ἴδετε","ὁράω"
"41","06","38","C","","καὶ","καὶ","καί","καί"
"41","06","38","V","AAPNPM","γνόντες","γνόντες","γνόντες","γινώσκω"
"41","06","38","V","3PAI-P","λέγουσιν·","λέγουσιν","λέγουσι(ν)","λέγω"
"41","06","38","A","APM","Πέντε,","Πέντε","πέντε","πέντε"
"41","06","38","C","","καὶ","καὶ","καί","καί"
"41","06","38","A","APM","δύο","δύο","δύο","δύο"
"41","06","38","N","APM","ἰχθύας.","ἰχθύας","ἰχθύας","ἰχθύς"
"41","06","39","C","","καὶ","καὶ","καί","καί"
"41","06","39","V","3AAI-S","ἐπέταξεν","ἐπέταξεν","ἐπέταξε(ν)","ἐπιτάσσω"
"41","06","39","RP","DPM","αὐτοῖς","αὐτοῖς","αὐτοῖς","αὐτός"
"41","06","39","V","AAN","⸀ἀνακλῖναι","ἀνακλῖναι","ἀνακλῖναι","ἀνακλίνω"
"41","06","39","A","APM","πάντας","πάντας","πάντας","πᾶς"
"41","06","39","N","APN","συμπόσια","συμπόσια","συμπόσια","συμπόσιον"
"41","06","39","N","APN","συμπόσια","συμπόσια","συμπόσια","συμπόσιον"
"41","06","39","P","","ἐπὶ","ἐπὶ","ἐπί","ἐπί"
"41","06","39","RA","DSM","τῷ","τῷ","τῷ","ὁ"
"41","06","39","A","DSM","χλωρῷ","χλωρῷ","χλωρῷ","χλωρός"
"41","06","39","N","DSM","χόρτῳ.","χόρτῳ","χόρτῳ","χόρτος"
"41","06","40","C","","καὶ","καὶ","καί","καί"
"41","06","40","V","3AAI-P","ἀνέπεσαν","ἀνέπεσαν","ἀνέπεσαν","ἀναπίπτω"
"41","06","40","N","NPF","πρασιαὶ","πρασιαὶ","πρασιαί","πρασιά"
"41","06","40","N","NPF","πρασιαὶ","πρασιαὶ","πρασιαί","πρασιά"
"41","06","40","P","","⸀κατὰ","κατὰ","κατά","κατά"
"41","06","40","A","APM","ἑκατὸν","ἑκατὸν","ἑκατόν","ἑκατόν"
"41","06","40","C","","καὶ","καὶ","καί","καί"
"41","06","40","P","","⸁κατὰ","κατὰ","κατά","κατά"
"41","06","40","A","APM","πεντήκοντα.","πεντήκοντα","πεντήκοντα","πεντήκοντα"
"41","06","41","C","","καὶ","καὶ","καί","καί"
"41","06","41","V","AAPNSM","λαβὼν","λαβὼν","λαβών","λαμβάνω"
"41","06","41","RA","APM","τοὺς","τοὺς","τούς","ὁ"
"41","06","41","A","APM","πέντε","πέντε","πέντε","πέντε"
"41","06","41","N","APM","ἄρτους","ἄρτους","ἄρτους","ἄρτος"
"41","06","41","C","","καὶ","καὶ","καί","καί"
"41","06","41","RA","APM","τοὺς","τοὺς","τούς","ὁ"
"41","06","41","A","APM","δύο","δύο","δύο","δύο"
"41","06","41","N","APM","ἰχθύας","ἰχθύας","ἰχθύας","ἰχθύς"
"41","06","41","V","AAPNSM","ἀναβλέψας","ἀναβλέψας","ἀναβλέψας","ἀναβλέπω"
"41","06","41","P","","εἰς","εἰς","εἰς","εἰς"
"41","06","41","RA","ASM","τὸν","τὸν","τόν","ὁ"
"41","06","41","N","ASM","οὐρανὸν","οὐρανὸν","οὐρανόν","οὐρανός"
"41","06","41","V","3AAI-S","εὐλόγησεν","εὐλόγησεν","εὐλόγησε(ν)","εὐλογέω"
"41","06","41","C","","καὶ","καὶ","καί","καί"
"41","06","41","V","3AAI-S","κατέκλασεν","κατέκλασεν","κατέκλασε(ν)","κατακλάω"
"41","06","41","RA","APM","τοὺς","τοὺς","τούς","ὁ"
"41","06","41","N","APM","ἄρτους","ἄρτους","ἄρτους","ἄρτος"
"41","06","41","C","","καὶ","καὶ","καί","καί"
"41","06","41","V","3IAI-S","ἐδίδου","ἐδίδου","ἐδίδου","δίδωμι"
"41","06","41","RA","DPM","τοῖς","τοῖς","τοῖς","ὁ"
"41","06","41","N","DPM","μαθηταῖς","μαθηταῖς","μαθηταῖς","μαθητής"
"41","06","41","RP","GSM","⸀αὐτοῦ","αὐτοῦ","αὐτοῦ","αὐτός"
"41","06","41","C","","ἵνα","ἵνα","ἵνα","ἵνα"
"41","06","41","V","3PAS-P","⸀παρατιθῶσιν","παρατιθῶσιν","παρατιθῶσι(ν)","παρατίθημι"
"41","06","41","RP","DPM","αὐτοῖς,","αὐτοῖς","αὐτοῖς","αὐτός"
"41","06","41","C","","καὶ","καὶ","καί","καί"
"41","06","41","RA","APM","τοὺς","τοὺς","τούς","ὁ"
"41","06","41","A","APM","δύο","δύο","δύο","δύο"
"41","06","41","N","APM","ἰχθύας","ἰχθύας","ἰχθύας","ἰχθύς"
"41","06","41","V","3AAI-S","ἐμέρισεν","ἐμέρισεν","ἐμέρισε(ν)","μερίζω"
"41","06","41","A","DPM","πᾶσιν.","πᾶσιν","πᾶσι(ν)","πᾶς"
"41","06","42","C","","καὶ","καὶ","καί","καί"
"41","06","42","V","3AAI-P","ἔφαγον","ἔφαγον","ἔφαγον","ἐσθίω"
"41","06","42","A","NPM","πάντες","πάντες","πάντες","πᾶς"
"41","06","42","C","","καὶ","καὶ","καί","καί"
"41","06","42","V","3API-P","ἐχορτάσθησαν·","ἐχορτάσθησαν","ἐχορτάσθησαν","χορτάζω"
"41","06","43","C","","καὶ","καὶ","καί","καί"
"41","06","43","V","3AAI-P","ἦραν","ἦραν","ἦραν","αἴρω"
"41","06","43","N","APN","⸂κλάσματα","κλάσματα","κλάσματα","κλάσμα"
"41","06","43","A","GPM","δώδεκα","δώδεκα","δώδεκα","δώδεκα"
"41","06","43","N","GPM","κοφίνων","κοφίνων","κοφίνων","κόφινος"
"41","06","43","N","APN","πληρώματα⸃","πληρώματα","πληρώματα","πλήρωμα"
"41","06","43","C","","καὶ","καὶ","καί","καί"
"41","06","43","P","","ἀπὸ","ἀπὸ","ἀπό","ἀπό"
"41","06","43","RA","GPM","τῶν","τῶν","τῶν","ὁ"
"41","06","43","N","GPM","ἰχθύων.","ἰχθύων","ἰχθύων","ἰχθύς"
"41","06","44","C","","καὶ","καὶ","καί","καί"
"41","06","44","V","3IAI-P","ἦσαν","ἦσαν","ἦσαν","εἰμί"
"41","06","44","RA","NPM","οἱ","οἱ","οἱ","ὁ"
"41","06","44","V","AAPNPM","φαγόντες","φαγόντες","φαγόντες","ἐσθίω"
"41","06","44","RA","APM","⸂τοὺς","τοὺς","τούς","ὁ"
"41","06","44","N","APM","ἄρτους⸃","ἄρτους","ἄρτους","ἄρτος"
"41","06","44","A","NPM","πεντακισχίλιοι","πεντακισχίλιοι","πεντακισχίλιοι","πεντακισχίλιοι"
"41","06","44","N","NPM","ἄνδρες.","ἄνδρες","ἄνδρες","ἀνήρ"
"41","06","45","C","","Καὶ","Καὶ","καί","καί"
"41","06","45","A","NSM","⸀εὐθὺς","εὐθὺς","εὐθύς","εὐθύς"
"41","06","45","V","3AAI-S","ἠνάγκασεν","ἠνάγκασεν","ἠνάγκασε(ν)","ἀναγκάζω"
"41","06","45","RA","APM","τοὺς","τοὺς","τούς","ὁ"
"41","06","45","N","APM","μαθητὰς","μαθητὰς","μαθητάς","μαθητής"
"41","06","45","RP","GSM","αὐτοῦ","αὐτοῦ","αὐτοῦ","αὐτός"
"41","06","45","V","AAN","ἐμβῆναι","ἐμβῆναι","ἐμβῆναι","ἐμβαίνω"
"41","06","45","P","","εἰς","εἰς","εἰς","εἰς"
"41","06","45","RA","ASN","τὸ","τὸ","τό","ὁ"
"41","06","45","N","ASN","πλοῖον","πλοῖον","πλοῖον","πλοῖον"
"41","06","45","C","","καὶ","καὶ","καί","καί"
"41","06","45","V","PAN","προάγειν","προάγειν","προάγειν","προάγω"
"41","06","45","P","","⸂εἰς","εἰς","εἰς","εἰς"
"41","06","45","RA","ASN","τὸ","τὸ","τό","ὁ"
"41","06","45","D","","πέραν⸃","πέραν","πέραν","πέραν"
"41","06","45","P","","πρὸς","πρὸς","πρός","πρός"
"41","06","45","N","ASF","Βηθσαϊδάν,","Βηθσαϊδάν","Βηθσαϊδάν","Βηθσαϊδάν"
"41","06","45","C","","ἕως","ἕως","ἕως","ἕως"
"41","06","45","RP","NSM","αὐτὸς","αὐτὸς","αὐτός","αὐτός"
"41","06","45","V","3PAI-S","⸀ἀπολύει","ἀπολύει","ἀπολύει","ἀπολύω"
"41","06","45","RA","ASM","τὸν","τὸν","τόν","ὁ"
"41","06","45","N","ASM","ὄχλον.","ὄχλον","ὄχλον","ὄχλος"
"41","06","46","C","","καὶ","καὶ","καί","καί"
"41","06","46","V","AMPNSM","ἀποταξάμενος","ἀποταξάμενος","ἀποταξάμενος","ἀποτάσσομαι"
"41","06","46","RP","DPM","αὐτοῖς","αὐτοῖς","αὐτοῖς","αὐτός"
"41","06","46","V","3AAI-S","ἀπῆλθεν","ἀπῆλθεν","ἀπῆλθε(ν)","ἀπέρχομαι"
"41","06","46","P","","εἰς","εἰς","εἰς","εἰς"
"41","06","46","RA","ASN","τὸ","τὸ","τό","ὁ"
"41","06","46","N","ASN","ὄρος","ὄρος","ὄρος","ὄρος"
"41","06","46","V","AMN","προσεύξασθαι.","προσεύξασθαι","προσεύξασθαι","προσεύχομαι"
"41","06","47","C","","Καὶ","Καὶ","καί","καί"
"41","06","47","A","GSF","ὀψίας","ὀψίας","ὀψίας","ὀψία"
"41","06","47","V","AMPGSF","γενομένης","γενομένης","γενομένης","γίνομαι"
"41","06","47","V","3IAI-S","ἦν","ἦν","ἦν","εἰμί"
"41","06","47","RA","NSN","τὸ","τὸ","τό","ὁ"
"41","06","47","N","NSN","πλοῖον","πλοῖον","πλοῖον","πλοῖον"
"41","06","47","P","","ἐν","ἐν","ἐν","ἐν"
"41","06","47","A","DSN","μέσῳ","μέσῳ","μέσῳ","μέσος"
"41","06","47","RA","GSF","τῆς","τῆς","τῆς","ὁ"
"41","06","47","N","GSF","θαλάσσης,","θαλάσσης","θαλάσσης","θάλασσα"
"41","06","47","C","","καὶ","καὶ","καί","καί"
"41","06","47","RP","NSM","αὐτὸς","αὐτὸς","αὐτός","αὐτός"
"41","06","47","A","NSM","μόνος","μόνος","μόνος","μόνος"
"41","06","47","P","","ἐπὶ","ἐπὶ","ἐπί","ἐπί"
"41","06","47","RA","GSF","τῆς","τῆς","τῆς","ὁ"
"41","06","47","N","GSF","γῆς.","γῆς","γῆς","γῆ"
"41","06","48","C","","καὶ","καὶ","καί","καί"
"41","06","48","V","AAPNSM","⸀ἰδὼν","ἰδὼν","ἰδών","ὁράω"
"41","06","48","RP","APM","αὐτοὺς","αὐτοὺς","αὐτούς","αὐτός"
"41","06","48","V","PPPAPM","βασανιζομένους","βασανιζομένους","βασανιζομένους","βασανίζω"
"41","06","48","P","","ἐν","ἐν","ἐν","ἐν"
"41","06","48","RA","DSN","τῷ","τῷ","τῷ","ὁ"
"41","06","48","V","PAN","ἐλαύνειν,","ἐλαύνειν","ἐλαύνειν","ἐλαύνω"
"41","06","48","V","3IAI-S","ἦν","ἦν","ἦν","εἰμί"
"41","06","48","C","","γὰρ","γὰρ","γάρ","γάρ"
"41","06","48","RA","NSM","ὁ","ὁ","ὁ","ὁ"
"41","06","48","N","NSM","ἄνεμος","ἄνεμος","ἄνεμος","ἄνεμος"
"41","06","48","A","NSM","ἐναντίος","ἐναντίος","ἐναντίος","ἐναντίος"
"41","06","48","RP","DPM","⸀αὐτοῖς,","αὐτοῖς","αὐτοῖς","αὐτός"
"41","06","48","P","","περὶ","περὶ","περί","περί"
"41","06","48","A","ASF","τετάρτην","τετάρτην","τετάρτην","τέταρτος"
"41","06","48","N","ASF","φυλακὴν","φυλακὴν","φυλακήν","φυλακή"
"41","06","48","RA","GSF","τῆς","τῆς","τῆς","ὁ"
"41","06","48","N","GSF","νυκτὸς","νυκτὸς","νυκτός","νύξ"
"41","06","48","V","3PMI-S","ἔρχεται","ἔρχεται","ἔρχεται","ἔρχομαι"
"41","06","48","P","","πρὸς","πρὸς","πρός","πρός"
"41","06","48","RP","APM","αὐτοὺς","αὐτοὺς","αὐτούς","αὐτός"
"41","06","48","V","PAPNSM","περιπατῶν","περιπατῶν","περιπατῶν","περιπατέω"
"41","06","48","P","","ἐπὶ","ἐπὶ","ἐπί","ἐπί"
"41","06","48","RA","GSF","τῆς","τῆς","τῆς","ὁ"
"41","06","48","N","GSF","θαλάσσης·","θαλάσσης","θαλάσσης","θάλασσα"
"41","06","48","C","","καὶ","καὶ","καί","καί"
"41","06","48","V","3IAI-S","ἤθελεν","ἤθελεν","ἤθελε(ν)","θέλω"
"41","06","48","V","AAN","παρελθεῖν","παρελθεῖν","παρελθεῖν","παρέρχομαι"
"41","06","48","RP","APM","αὐτούς.","αὐτούς","αὐτούς","αὐτός"
"41","06","49","RA","NPM","οἱ","οἱ","οἱ","ὁ"
"41","06","49","C","","δὲ","δὲ","δέ","δέ"
"41","06","49","V","AAPNPM","ἰδόντες","ἰδόντες","ἰδόντες","ὁράω"
"41","06","49","RP","ASM","αὐτὸν","αὐτὸν","αὐτόν","αὐτός"
"41","06","49","P","","⸂ἐπὶ","ἐπὶ","ἐπί","ἐπί"
"41","06","49","RA","GSF","τῆς","τῆς","τῆς","ὁ"
"41","06","49","N","GSF","θαλάσσης","θαλάσσης","θαλάσσης","θάλασσα"
"41","06","49","V","PAPASM","περιπατοῦντα⸃","περιπατοῦντα","περιπατοῦντα","περιπατέω"
"41","06","49","V","3AAI-P","ἔδοξαν","ἔδοξαν","ἔδοξαν","δοκέω"
"41","06","49","C","","⸂ὅτι","ὅτι","ὅτι","ὅτι"
"41","06","49","N","NSN","φάντασμά","φάντασμά","φάντασμα","φάντασμα"
"41","06","49","V","3PAI-S","ἐστιν⸃","ἐστιν","ἐστί(ν)","εἰμί"
"41","06","49","C","","καὶ","καὶ","καί","καί"
"41","06","49","V","3AAI-P","ἀνέκραξαν,","ἀνέκραξαν","ἀνέκραξαν","ἀνακράζω"
"41","06","50","A","NPM","πάντες","πάντες","πάντες","πᾶς"
"41","06","50","C","","γὰρ","γὰρ","γάρ","γάρ"
"41","06","50","RP","ASM","αὐτὸν","αὐτὸν","αὐτόν","αὐτός"
"41","06","50","V","3AAI-P","εἶδον","εἶδον","εἶδον","ὁράω"
"41","06","50","C","","καὶ","καὶ","καί","καί"
"41","06","50","V","3API-P","ἐταράχθησαν.","ἐταράχθησαν","ἐταράχθησαν","ταράσσω"
"41","06","50","RA","NSM","⸂ὁ","ὁ","ὁ","ὁ"
"41","06","50","C","","δὲ","δὲ","δέ","δέ"
"41","06","50","A","NSM","εὐθὺς⸃","εὐθὺς","εὐθύς","εὐθύς"
"41","06","50","V","3AAI-S","ἐλάλησεν","ἐλάλησεν","ἐλάλησε(ν)","λαλέω"
"41","06","50","P","","μετ’","μετ’","μετά","μετά"
"41","06","50","RP","GPM","αὐτῶν,","αὐτῶν","αὐτῶν","αὐτός"
"41","06","50","C","","καὶ","καὶ","καί","καί"
"41","06","50","V","3PAI-S","λέγει","λέγει","λέγει","λέγω"
"41","06","50","RP","DPM","αὐτοῖς·","αὐτοῖς","αὐτοῖς","αὐτός"
"41","06","50","V","2PAD-P","Θαρσεῖτε,","Θαρσεῖτε","θαρσεῖτε","θαρσέω"
"41","06","50","RP","NS","ἐγώ","ἐγώ","ἐγώ","ἐγώ"
"41","06","50","V","1PAI-S","εἰμι,","εἰμι","εἰμί","εἰμί"
"41","06","50","D","","μὴ","μὴ","μή","μή"
"41","06","50","V","2PMD-P","φοβεῖσθε.","φοβεῖσθε","φοβεῖσθε","φοβέομαι"
"41","06","51","C","","καὶ","καὶ","καί","καί"
"41","06","51","V","3AAI-S","ἀνέβη","ἀνέβη","ἀνέβη","ἀναβαίνω"
"41","06","51","P","","πρὸς","πρὸς","πρός","πρός"
"41","06","51","RP","APM","αὐτοὺς","αὐτοὺς","αὐτούς","αὐτός"
"41","06","51","P","","εἰς","εἰς","εἰς","εἰς"
"41","06","51","RA","ASN","τὸ","τὸ","τό","ὁ"
"41","06","51","N","ASN","πλοῖον,","πλοῖον","πλοῖον","πλοῖον"
"41","06","51","C","","καὶ","καὶ","καί","καί"
"41","06","51","V","3AAI-S","ἐκόπασεν","ἐκόπασεν","ἐκόπασε(ν)","κοπάζω"
"41","06","51","RA","NSM","ὁ","ὁ","ὁ","ὁ"
"41","06","51","N","NSM","ἄνεμος.","ἄνεμος","ἄνεμος","ἄνεμος"
"41","06","51","C","","καὶ","καὶ","καί","καί"
"41","06","51","D","","λίαν","λίαν","λίαν","λίαν"
"41","06","51","P","","⸂ἐκ","ἐκ","ἐκ","ἐκ"
"41","06","51","A","GSN","περισσοῦ⸃","περισσοῦ","περισσοῦ","περισσός"
"41","06","51","P","","ἐν","ἐν","ἐν","ἐν"
"41","06","51","RP","DPM","ἑαυτοῖς","ἑαυτοῖς","ἑαυτοῖς","ἑαυτοῦ"
"41","06","51","V","3IMI-P","⸀ἐξίσταντο,","ἐξίσταντο","ἐξίσταντο","ἐξίστημι"
"41","06","52","D","","οὐ","οὐ","οὐ","οὐ"
"41","06","52","C","","γὰρ","γὰρ","γάρ","γάρ"
"41","06","52","V","3AAI-P","συνῆκαν","συνῆκαν","συνῆκαν","συνίημι"
"41","06","52","P","","ἐπὶ","ἐπὶ","ἐπί","ἐπί"
"41","06","52","RA","DPM","τοῖς","τοῖς","τοῖς","ὁ"
"41","06","52","N","DPM","ἄρτοις,","ἄρτοις","ἄρτοις","ἄρτος"
"41","06","52","C","","⸂ἀλλ’","ἀλλ’","ἀλλά","ἀλλά"
"41","06","52","V","3IAI-S","ἦν⸃","ἦν","ἦν","εἰμί"
"41","06","52","RP","GPM","αὐτῶν","αὐτῶν","αὐτῶν","αὐτός"
"41","06","52","RA","NSF","ἡ","ἡ","ἡ","ὁ"
"41","06","52","N","NSF","καρδία","καρδία","καρδία","καρδία"
"41","06","52","V","XPPNSF","πεπωρωμένη.","πεπωρωμένη","πεπωρωμένη","πωρόω"
"41","06","53","C","","Καὶ","Καὶ","καί","καί"
"41","06","53","V","AAPNPM","διαπεράσαντες","διαπεράσαντες","διαπεράσαντες","διαπεράω"
"41","06","53","P","","⸂ἐπὶ","ἐπὶ","ἐπί","ἐπί"
"41","06","53","RA","ASF","τὴν","τὴν","τήν","ὁ"
"41","06","53","N","ASF","γῆν","γῆν","γῆν","γῆ"
"41","06","53","V","3AAI-P","ἦλθον","ἦλθον","ἦλθον","ἔρχομαι"
"41","06","53","P","","εἰς⸃","εἰς","εἰς","εἰς"
"41","06","53","N","ASF","Γεννησαρὲτ","Γεννησαρὲτ","Γεννησαρέτ","Γεννησαρέτ"
"41","06","53","C","","καὶ","καὶ","καί","καί"
"41","06","53","V","3API-P","προσωρμίσθησαν.","προσωρμίσθησαν","προσωρμίσθησαν","προσορμίζομαι"
"41","06","54","C","","καὶ","καὶ","καί","καί"
"41","06","54","V","AAPGPM","ἐξελθόντων","ἐξελθόντων","ἐξελθόντων","ἐξέρχομαι"
"41","06","54","RP","GPM","αὐτῶν","αὐτῶν","αὐτῶν","αὐτός"
"41","06","54","P","","ἐκ","ἐκ","ἐκ","ἐκ"
"41","06","54","RA","GSN","τοῦ","τοῦ","τοῦ","ὁ"
"41","06","54","N","GSN","πλοίου","πλοίου","πλοίου","πλοῖον"
"41","06","54","A","NSM","⸀εὐθὺς","εὐθὺς","εὐθύς","εὐθύς"
"41","06","54","V","AAPNPM","ἐπιγνόντες","ἐπιγνόντες","ἐπιγνόντες","ἐπιγινώσκω"
"41","06","54","RP","ASM","αὐτὸν","αὐτὸν","αὐτόν","αὐτός"
"41","06","55","V","3AAI-P","⸂περιέδραμον","περιέδραμον","περιέδραμον","περιτρέχω"
"41","06","55","A","ASF","ὅλην","ὅλην","ὅλην","ὅλος"
"41","06","55","RA","ASF","τὴν","τὴν","τήν","ὁ"
"41","06","55","N","ASF","χώραν","χώραν","χώραν","χώρα"
"41","06","55","RD","ASF","ἐκείνην","ἐκείνην","ἐκείνην","ἐκεῖνος"
"41","06","55","C","","καὶ⸃","καὶ","καί","καί"
"41","06","55","V","3AMI-P","ἤρξαντο","ἤρξαντο","ἤρξαντο","ἄρχω"
"41","06","55","P","","ἐπὶ","ἐπὶ","ἐπί","ἐπί"
"41","06","55","RA","DPM","τοῖς","τοῖς","τοῖς","ὁ"
"41","06","55","N","DPM","κραβάττοις","κραβάττοις","κραβάττοις","κράβαττος"
"41","06","55","RA","APM","τοὺς","τοὺς","τούς","ὁ"
"41","06","55","D","","κακῶς","κακῶς","κακῶς","κακῶς"
"41","06","55","V","PAPAPM","ἔχοντας","ἔχοντας","ἔχοντας","ἔχω"
"41","06","55","V","PAN","περιφέρειν","περιφέρειν","περιφέρειν","περιφέρω"
"41","06","55","C","","ὅπου","ὅπου","ὅπου","ὅπου"
"41","06","55","V","3IAI-P","ἤκουον","ἤκουον","ἤκουον","ἀκούω"
"41","06","55","C","","⸀ὅτι","ὅτι","ὅτι","ὅτι"
"41","06","55","V","3PAI-S","ἐστίν.","ἐστίν","ἐστί(ν)","εἰμί"
"41","06","56","C","","καὶ","καὶ","καί","καί"
"41","06","56","C","","ὅπου","ὅπου","ὅπου","ὅπου"
"41","06","56","X","","ἂν","ἂν","ἄν","ἄν"
"41","06","56","V","3IMI-S","εἰσεπορεύετο","εἰσεπορεύετο","εἰσεπορεύετο","εἰσπορεύομαι"
"41","06","56","P","","εἰς","εἰς","εἰς","εἰς"
"41","06","56","N","APF","κώμας","κώμας","κώμας","κώμη"
"41","06","56","C","","ἢ","ἢ","ἤ","ἤ"
"41","06","56","P","","⸂εἰς","εἰς","εἰς","εἰς"
"41","06","56","N","APF","πόλεις","πόλεις","πόλεις","πόλις"
"41","06","56","C","","ἢ","ἢ","ἤ","ἤ"
"41","06","56","P","","εἰς⸃","εἰς","εἰς","εἰς"
"41","06","56","N","APM","ἀγροὺς","ἀγροὺς","ἀγρούς","ἀγρός"
"41","06","56","P","","ἐν","ἐν","ἐν","ἐν"
"41","06","56","RA","DPF","ταῖς","ταῖς","ταῖς","ὁ"
"41","06","56","N","DPF","ἀγοραῖς","ἀγοραῖς","ἀγοραῖς","ἀγορά"
"41","06","56","V","3IAI-P","⸀ἐτίθεσαν","ἐτίθεσαν","ἐτίθεσαν","τίθημι"
"41","06","56","RA","APM","τοὺς","τοὺς","τούς","ὁ"
"41","06","56","V","PAPAPM","ἀσθενοῦντας,","ἀσθενοῦντας","ἀσθενοῦντας","ἀσθενέω"
"41","06","56","C","","καὶ","καὶ","καί","καί"
"41","06","56","V","3IAI-P","παρεκάλουν","παρεκάλουν","παρεκάλουν","παρακαλέω"
"41","06","56","RP","ASM","αὐτὸν","αὐτὸν","αὐτόν","αὐτός"
"41","06","56","C","","ἵνα","ἵνα","ἵνα","ἵνα"
"41","06","56","D","","κἂν","κἂν","κἄν","κἄν"
"41","06","56","RA","GSN","τοῦ","τοῦ","τοῦ","ὁ"
"41","06","56","N","GSN","κρασπέδου","κρασπέδου","κρασπέδου","κράσπεδον"
"41","06","56","RA","GSN","τοῦ","τοῦ","τοῦ","ὁ"
"41","06","56","N","GSN","ἱματίου","ἱματίου","ἱματίου","ἱμάτιον"
"41","06","56","RP","GSM","αὐτοῦ","αὐτοῦ","αὐτοῦ","αὐτός"
"41","06","56","V","3AMS-P","ἅψωνται·","ἅψωνται","ἅψωνται","ἅπτω"
"41","06","56","C","","καὶ","καὶ","καί","καί"
"41","06","56","RR","NPM","ὅσοι","ὅσοι","ὅσοι","ὅσος"
"41","06","56","X","","ἂν","ἂν","ἄν","ἄν"
"41","06","56","V","3AMI-P","⸀ἥψαντο","ἥψαντο","ἥψαντο","ἅπτω"
"41","06","56","RP","GSM","αὐτοῦ","αὐτοῦ","αὐτοῦ","αὐτός"
"41","06","56","V","3IPI-P","ἐσῴζοντο.","ἐσῴζοντο","ἐσῴζοντο","σῴζω"
"41","07","01","C","","Καὶ","Καὶ","καί","καί"
"41","07","01","V","3PPI-P","συνάγονται","συνάγονται","συνάγονται","συνάγω"
"41","07","01","P","","πρὸς","πρὸς","πρός","πρός"
"41","07","01","RP","ASM","αὐτὸν","αὐτὸν","αὐτόν","αὐτός"
"41","07","01","RA","NPM","οἱ","οἱ","οἱ","ὁ"
"41","07","01","N","NPM","Φαρισαῖοι","Φαρισαῖοι","Φαρισαῖοι","Φαρισαῖος"
"41","07","01","C","","καί","καί","καί","καί"
"41","07","01","RI","NPM","τινες","τινες","τινές","τις"
"41","07","01","RA","GPM","τῶν","τῶν","τῶν","ὁ"
"41","07","01","N","GPM","γραμματέων","γραμματέων","γραμματέων","γραμματεύς"
"41","07","01","V","AAPNPM","ἐλθόντες","ἐλθόντες","ἐλθόντες","ἔρχομαι"
"41","07","01","P","","ἀπὸ","ἀπὸ","ἀπό","ἀπό"
"41","07","01","N","GPN","Ἱεροσολύμων","Ἱεροσολύμων","Ἱεροσολύμων","Ἱεροσόλυμα"
"41","07","02","C","","καὶ","καὶ","καί","καί"
"41","07","02","V","AAPNPM","ἰδόντες","ἰδόντες","ἰδόντες","ὁράω"
"41","07","02","RI","APM","τινὰς","τινὰς","τινάς","τις"
"41","07","02","RA","GPM","τῶν","τῶν","τῶν","ὁ"
"41","07","02","N","GPM","μαθητῶν","μαθητῶν","μαθητῶν","μαθητής"
"41","07","02","RP","GSM","αὐτοῦ","αὐτοῦ","αὐτοῦ","αὐτός"
"41","07","02","C","","⸂ὅτι","ὅτι","ὅτι","ὅτι"
"41","07","02","A","DPF","κοιναῖς","κοιναῖς","κοιναῖς","κοινός"
"41","07","02","N","DPF","χερσίν,","χερσίν","χερσί(ν)","χείρ"
"41","07","02","RD","NSN","τοῦτ’","τοῦτ’","τοῦτο","οὗτος"
"41","07","02","V","3PAI-S","ἔστιν","ἔστιν","ἐστί(ν)","εἰμί"
"41","07","02","A","DPF","ἀνίπτοις,","ἀνίπτοις","ἀνίπτοις","ἄνιπτος"
"41","07","02","V","3PAI-P","ἐσθίουσιν⸃","ἐσθίουσιν","ἐσθίουσι(ν)","ἐσθίω"
"41","07","02","RA","APM","⸀τοὺς","τοὺς","τούς","ὁ"
"41","07","02","N","APM","⸀ἄρτους—","ἄρτους","ἄρτους","ἄρτος"
"41","07","03","RA","NPM","οἱ","οἱ","οἱ","ὁ"
"41","07","03","C","","γὰρ","γὰρ","γάρ","γάρ"
"41","07","03","N","NPM","Φαρισαῖοι","Φαρισαῖοι","Φαρισαῖοι","Φαρισαῖος"
"41","07","03","C","","καὶ","καὶ","καί","καί"
"41","07","03","A","NPM","πάντες","πάντες","πάντες","πᾶς"
"41","07","03","RA","NPM","οἱ","οἱ","οἱ","ὁ"
"41","07","03","A","NPM","Ἰουδαῖοι","Ἰουδαῖοι","Ἰουδαῖοι","Ἰουδαῖος"
"41","07","03","C","","ἐὰν","ἐὰν","ἐάν","ἐάν"
"41","07","03","D","","μὴ","μὴ","μή","μή"
"41","07","03","N","DSF","πυγμῇ","πυγμῇ","πυγμῇ","πυγμή"
"41","07","03","V","3AMS-P","νίψωνται","νίψωνται","νίψωνται","νίπτω"
"41","07","03","RA","APF","τὰς","τὰς","τάς","ὁ"
"41","07","03","N","APF","χεῖρας","χεῖρας","χεῖρας","χείρ"
"41","07","03","D","","οὐκ","οὐκ","οὐ","οὐ"
"41","07","03","V","3PAI-P","ἐσθίουσιν,","ἐσθίουσιν","ἐσθίουσι(ν)","ἐσθίω"
"41","07","03","V","PAPNPM","κρατοῦντες","κρατοῦντες","κρατοῦντες","κρατέω"
"41","07","03","RA","ASF","τὴν","τὴν","τήν","ὁ"
"41","07","03","N","ASF","παράδοσιν","παράδοσιν","παράδοσιν","παράδοσις"
"41","07","03","RA","GPM","τῶν","τῶν","τῶν","ὁ"
"41","07","03","A","GPM","πρεσβυτέρων,","πρεσβυτέρων","πρεσβυτέρων","πρεσβύτερος"
"41","07","04","C","","καὶ","καὶ","καί","καί"
"41","07","04","P","","ἀπ’","ἀπ’","ἀπό","ἀπό"
"41","07","04","N","GSF","⸀ἀγορᾶς","ἀγορᾶς","ἀγορᾶς","ἀγορά"
"41","07","04","C","","ἐὰν","ἐὰν","ἐάν","ἐάν"
"41","07","04","D","","μὴ","μὴ","μή","μή"
"41","07","04","V","3AMS-P","⸀βαπτίσωνται","βαπτίσωνται","βαπτίσωνται","βαπτίζω"
"41","07","04","D","","οὐκ","οὐκ","οὐ","οὐ"
"41","07","04","V","3PAI-P","ἐσθίουσιν,","ἐσθίουσιν","ἐσθίουσι(ν)","ἐσθίω"
"41","07","04","C","","καὶ","καὶ","καί","καί"
"41","07","04","A","NPN","ἄλλα","ἄλλα","ἄλλα","ἄλλος"
"41","07","04","A","NPN","πολλά","πολλά","πολλά","πολύς"
"41","07","04","V","3PAI-S","ἐστιν","ἐστιν","ἐστί(ν)","εἰμί"
"41","07","04","RR","APN","ἃ","ἃ","ἅ","ὅς"
"41","07","04","V","3AAI-P","παρέλαβον","παρέλαβον","παρέλαβον","παραλαμβάνω"
"41","07","04","V","PAN","κρατεῖν,","κρατεῖν","κρατεῖν","κρατέω"
"41","07","04","N","APM","βαπτισμοὺς","βαπτισμοὺς","βαπτισμούς","βαπτισμός"
"41","07","04","N","GPN","ποτηρίων","ποτηρίων","ποτηρίων","ποτήριον"
"41","07","04","C","","καὶ","καὶ","καί","καί"
"41","07","04","N","GPM","ξεστῶν","ξεστῶν","ξεστῶν","ξέστης"
"41","07","04","C","","καὶ","καὶ","καί","καί"
"41","07","04","N","GPN","χαλκίων","χαλκίων","χαλκίων","χαλκίον"
"41","07","04","C","","⸂καὶ","καὶ","καί","καί"
"41","07","04","N","GPF","κλινῶν⸃—","κλινῶν","κλινῶν","κλίνη"
"41","07","05","C","","⸀καὶ","καὶ","καί","καί"
"41","07","05","V","3PAI-P","ἐπερωτῶσιν","ἐπερωτῶσιν","ἐπερωτῶσι(ν)","ἐπερωτάω"
"41","07","05","RP","ASM","αὐτὸν","αὐτὸν","αὐτόν","αὐτός"
"41","07","05","RA","NPM","οἱ","οἱ","οἱ","ὁ"
"41","07","05","N","NPM","Φαρισαῖοι","Φαρισαῖοι","Φαρισαῖοι","Φαρισαῖος"
"41","07","05","C","","καὶ","καὶ","καί","καί"
"41","07","05","RA","NPM","οἱ","οἱ","οἱ","ὁ"
"41","07","05","N","NPM","γραμματεῖς·","γραμματεῖς","γραμματεῖς","γραμματεύς"
"41","07","05","P","","Διὰ","Διὰ","διά","διά"
"41","07","05","RI","ASN","τί","τί","τί","τίς"
"41","07","05","D","","⸂οὐ","οὐ","οὐ","οὐ"
"41","07","05","V","3PAI-P","περιπατοῦσιν","περιπατοῦσιν","περιπατοῦσι(ν)","περιπατέω"
"41","07","05","RA","NPM","οἱ","οἱ","οἱ","ὁ"
"41","07","05","N","NPM","μαθηταί","μαθηταί","μαθηταί","μαθητής"
"41","07","05","RP","GS","σου⸃","σου","σου","σύ"
"41","07","05","P","","κατὰ","κατὰ","κατά","κατά"
"41","07","05","RA","ASF","τὴν","τὴν","τήν","ὁ"
"41","07","05","N","ASF","παράδοσιν","παράδοσιν","παράδοσιν","παράδοσις"
"41","07","05","RA","GPM","τῶν","τῶν","τῶν","ὁ"
"41","07","05","A","GPM","πρεσβυτέρων,","πρεσβυτέρων","πρεσβυτέρων","πρεσβύτερος"
"41","07","05","C","","ἀλλὰ","ἀλλὰ","ἀλλά","ἀλλά"
"41","07","05","A","DPF","⸀κοιναῖς","κοιναῖς","κοιναῖς","κοινός"
"41","07","05","N","DPF","χερσὶν","χερσὶν","χερσί(ν)","χείρ"
"41","07","05","V","3PAI-P","ἐσθίουσιν","ἐσθίουσιν","ἐσθίουσι(ν)","ἐσθίω"
"41","07","05","RA","ASM","τὸν","τὸν","τόν","ὁ"
"41","07","05","N","ASM","ἄρτον;","ἄρτον","ἄρτον","ἄρτος"
"41","07","06","RA","NSM","ὁ","ὁ","ὁ","ὁ"
"41","07","06","C","","⸀δὲ","δὲ","δέ","δέ"
"41","07","06","V","3AAI-S","εἶπεν","εἶπεν","εἶπε(ν)","λέγω"
"41","07","06","RP","DPM","⸀αὐτοῖς·","αὐτοῖς","αὐτοῖς","αὐτός"
"41","07","06","D","","Καλῶς","Καλῶς","καλῶς","καλῶς"
"41","07","06","V","3AAI-S","ἐπροφήτευσεν","ἐπροφήτευσεν","ἐπροφήτευσε(ν)","προφητεύω"
"41","07","06","N","NSM","Ἠσαΐας","Ἠσαΐας","Ἠσαΐας","Ἠσαΐας"
"41","07","06","P","","περὶ","περὶ","περί","περί"
"41","07","06","RP","GP","ὑμῶν","ὑμῶν","ὑμῶν","σύ"
"41","07","06","RA","GPM","τῶν","τῶν","τῶν","ὁ"
"41","07","06","N","GPM","ὑποκριτῶν,","ὑποκριτῶν","ὑποκριτῶν","ὑποκριτής"
"41","07","06","C","","ὡς","ὡς","ὡς","ὡς"
"41","07","06","V","3XPI-S","γέγραπται","γέγραπται","γέγραπται","γράφω"
"41","07","06","C","","⸀ὅτι","ὅτι","ὅτι","ὅτι"
"41","07","06","RD","NSM","Οὗτος","Οὗτος","οὗτος","οὗτος"
"41","07","06","RA","NSM","ὁ","ὁ","ὁ","ὁ"
"41","07","06","N","NSM","λαὸς","λαὸς","λαός","λαός"
"41","07","06","RA","DPN","τοῖς","τοῖς","τοῖς","ὁ"
"41","07","06","N","DPN","χείλεσίν","χείλεσίν","χείλεσι(ν)","χεῖλος"
"41","07","06","RP","AS","με","με","με","ἐγώ"
"41","07","06","V","3PAI-S","τιμᾷ,","τιμᾷ","τιμᾷ","τιμάω"
"41","07","06","RA","NSF","ἡ","ἡ","ἡ","ὁ"
"41","07","06","C","","δὲ","δὲ","δέ","δέ"
"41","07","06","N","NSF","καρδία","καρδία","καρδία","καρδία"
"41","07","06","RP","GPM","αὐτῶν","αὐτῶν","αὐτῶν","αὐτός"
"41","07","06","D","","πόρρω","πόρρω","πόρρω","πόρρω"
"41","07","06","V","3PAI-S","ἀπέχει","ἀπέχει","ἀπέχει","ἀπέχω"
"41","07","06","P","","ἀπ’","ἀπ’","ἀπό","ἀπό"
"41","07","06","RP","GS","ἐμοῦ·","ἐμοῦ","ἐμοῦ","ἐγώ"
"41","07","07","D","","μάτην","μάτην","μάτην","μάτην"
"41","07","07","C","","δὲ","δὲ","δέ","δέ"
"41","07","07","V","3PMI-P","σέβονταί","σέβονταί","σέβονται","σέβομαι"
"41","07","07","RP","AS","με,","με","με","ἐγώ"
"41","07","07","V","PAPNPM","διδάσκοντες","διδάσκοντες","διδάσκοντες","διδάσκω"
"41","07","07","N","APF","διδασκαλίας","διδασκαλίας","διδασκαλίας","διδασκαλία"
"41","07","07","N","APN","ἐντάλματα","ἐντάλματα","ἐντάλματα","ἔνταλμα"
"41","07","07","N","GPM","ἀνθρώπων·","ἀνθρώπων","ἀνθρώπων","ἄνθρωπος"
"41","07","08","V","AAPNPM","⸀ἀφέντες","ἀφέντες","ἀφέντες","ἀφίημι"
"41","07","08","RA","ASF","τὴν","τὴν","τήν","ὁ"
"41","07","08","N","ASF","ἐντολὴν","ἐντολὴν","ἐντολήν","ἐντολή"
"41","07","08","RA","GSM","τοῦ","τοῦ","τοῦ","ὁ"
"41","07","08","N","GSM","θεοῦ","θεοῦ","θεοῦ","θεός"
"41","07","08","V","2PAI-P","κρατεῖτε","κρατεῖτε","κρατεῖτε","κρατέω"
"41","07","08","RA","ASF","τὴν","τὴν","τήν","ὁ"
"41","07","08","N","ASF","παράδοσιν","παράδοσιν","παράδοσιν","παράδοσις"
"41","07","08","RA","GPM","τῶν","τῶν","τῶν","ὁ"
"41","07","08","N","GPM","⸀ἀνθρώπων.","ἀνθρώπων","ἀνθρώπων","ἄνθρωπος"
"41","07","09","C","","Καὶ","Καὶ","καί","καί"
"41","07","09","V","3IAI-S","ἔλεγεν","ἔλεγεν","ἔλεγε(ν)","λέγω"
"41","07","09","RP","DPM","αὐτοῖς·","αὐτοῖς","αὐτοῖς","αὐτός"
"41","07","09","D","","Καλῶς","Καλῶς","καλῶς","καλῶς"
"41","07","09","V","2PAI-P","ἀθετεῖτε","ἀθετεῖτε","ἀθετεῖτε","ἀθετέω"
"41","07","09","RA","ASF","τὴν","τὴν","τήν","ὁ"
"41","07","09","N","ASF","ἐντολὴν","ἐντολὴν","ἐντολήν","ἐντολή"
"41","07","09","RA","GSM","τοῦ","τοῦ","τοῦ","ὁ"
"41","07","09","N","GSM","θεοῦ,","θεοῦ","θεοῦ","θεός"
"41","07","09","C","","ἵνα","ἵνα","ἵνα","ἵνα"
"41","07","09","RA","ASF","τὴν","τὴν","τήν","ὁ"
"41","07","09","N","ASF","παράδοσιν","παράδοσιν","παράδοσιν","παράδοσις"
"41","07","09","RP","GP","ὑμῶν","ὑμῶν","ὑμῶν","σύ"
"41","07","09","V","2AAS-P","⸀τηρήσητε·","τηρήσητε","τηρήσητε","τηρέω"
"41","07","10","N","NSM","Μωϋσῆς","Μωϋσῆς","Μωϋσῆς","Μωϋσῆς"
"41","07","10","C","","γὰρ","γὰρ","γάρ","γάρ"
"41","07","10","V","3AAI-S","εἶπεν·","εἶπεν","εἶπε(ν)","λέγω"
"41","07","10","V","2PAD-S","Τίμα","Τίμα","τίμα","τιμάω"
"41","07","10","RA","ASM","τὸν","τὸν","τόν","ὁ"
"41","07","10","N","ASM","πατέρα","πατέρα","πατέρα","πατήρ"
"41","07","10","RP","GS","σου","σου","σου","σύ"
"41","07","10","C","","καὶ","καὶ","καί","καί"
"41","07","10","RA","ASF","τὴν","τὴν","τήν","ὁ"
"41","07","10","N","ASF","μητέρα","μητέρα","μητέρα","μήτηρ"
"41","07","10","RP","GS","σου,","σου","σου","σύ"
"41","07","10","C","","καί·","καί","καί","καί"
"41","07","10","RA","NSM","Ὁ","Ὁ","ὁ","ὁ"
"41","07","10","V","PAPNSM","κακολογῶν","κακολογῶν","κακολογῶν","κακολογέω"
"41","07","10","N","ASM","πατέρα","πατέρα","πατέρα","πατήρ"
"41","07","10","C","","ἢ","ἢ","ἤ","ἤ"
"41","07","10","N","ASF","μητέρα","μητέρα","μητέρα","μήτηρ"
"41","07","10","N","DSM","θανάτῳ","θανάτῳ","θανάτῳ","θάνατος"
"41","07","10","V","3PAD-S","τελευτάτω·","τελευτάτω","τελευτάτω","τελευτάω"
"41","07","11","RP","NP","ὑμεῖς","ὑμεῖς","ὑμεῖς","σύ"
"41","07","11","C","","δὲ","δὲ","δέ","δέ"
"41","07","11","V","2PAI-P","λέγετε·","λέγετε","λέγετε","λέγω"
"41","07","11","C","","Ἐὰν","Ἐὰν","ἐάν","ἐάν"
"41","07","11","V","3AAS-S","εἴπῃ","εἴπῃ","εἴπῃ","λέγω"
"41","07","11","N","NSM","ἄνθρωπος","ἄνθρωπος","ἄνθρωπος","ἄνθρωπος"
"41","07","11","RA","DSM","τῷ","τῷ","τῷ","ὁ"
"41","07","11","N","DSM","πατρὶ","πατρὶ","πατρί","πατήρ"
"41","07","11","C","","ἢ","ἢ","ἤ","ἤ"
"41","07","11","RA","DSF","τῇ","τῇ","τῇ","ὁ"
"41","07","11","N","DSF","μητρί·","μητρί","μητρί","μήτηρ"
"41","07","11","N","NSM","Κορβᾶν,","Κορβᾶν","Κορβᾶν","Κορβᾶν"
"41","07","11","RR","NSN","ὅ","ὅ","ὅ","ὅς"
"41","07","11","V","3PAI-S","ἐστιν","ἐστιν","ἐστί(ν)","εἰμί"
"41","07","11","N","NSN","Δῶρον,","Δῶρον","δῶρον","δῶρον"
"41","07","11","RR","ASN","ὃ","ὃ","ὅ","ὅς"
"41","07","11","X","","ἐὰν","ἐὰν","ἐάν","ἐάν"
"41","07","11","P","","ἐξ","ἐξ","ἐκ","ἐκ"
"41","07","11","RP","GS","ἐμοῦ","ἐμοῦ","ἐμοῦ","ἐγώ"
"41","07","11","V","2APS-S","ὠφεληθῇς,","ὠφεληθῇς","ὠφεληθῇς","ὠφελέω"
"41","07","12","D","","⸀οὐκέτι","οὐκέτι","οὐκέτι","οὐκέτι"
"41","07","12","V","2PAI-P","ἀφίετε","ἀφίετε","ἀφίετε","ἀφίημι"
"41","07","12","RP","ASM","αὐτὸν","αὐτὸν","αὐτόν","αὐτός"
"41","07","12","A","ASN","οὐδὲν","οὐδὲν","οὐδέν","οὐδείς"
"41","07","12","V","AAN","ποιῆσαι","ποιῆσαι","ποιῆσαι","ποιέω"
"41","07","12","RA","DSM","τῷ","τῷ","τῷ","ὁ"
"41","07","12","N","DSM","⸀πατρὶ","πατρὶ","πατρί","πατήρ"
"41","07","12","C","","ἢ","ἢ","ἤ","ἤ"
"41","07","12","RA","DSF","τῇ","τῇ","τῇ","ὁ"
"41","07","12","N","DSF","⸀μητρί,","μητρί","μητρί","μήτηρ"
"41","07","13","V","PAPNPM","ἀκυροῦντες","ἀκυροῦντες","ἀκυροῦντες","ἀκυρόω"
"41","07","13","RA","ASM","τὸν","τὸν","τόν","ὁ"
"41","07","13","N","ASM","λόγον","λόγον","λόγον","λόγος"
"41","07","13","RA","GSM","τοῦ","τοῦ","τοῦ","ὁ"
"41","07","13","N","GSM","θεοῦ","θεοῦ","θεοῦ","θεός"
"41","07","13","RA","DSF","τῇ","τῇ","τῇ","ὁ"
"41","07","13","N","DSF","παραδόσει","παραδόσει","παραδόσει","παράδοσις"
"41","07","13","RP","GP","ὑμῶν","ὑμῶν","ὑμῶν","σύ"
"41","07","13","RR","DSF","ᾗ","ᾗ","ᾗ","ὅς"
"41","07","13","V","2AAI-P","παρεδώκατε·","παρεδώκατε","παρεδώκατε","παραδίδωμι"
"41","07","13","C","","καὶ","καὶ","καί","καί"
"41","07","13","A","APN","παρόμοια","παρόμοια","παρόμοια","παρόμοιος"
"41","07","13","RD","APN","τοιαῦτα","τοιαῦτα","τοιαῦτα","τοιοῦτος"
"41","07","13","A","APN","πολλὰ","πολλὰ","πολλά","πολύς"
"41","07","13","V","2PAI-P","ποιεῖτε.","ποιεῖτε","ποιεῖτε","ποιέω"
"41","07","14","C","","Καὶ","Καὶ","καί","καί"
"41","07","14","V","AMPNSM","προσκαλεσάμενος","προσκαλεσάμενος","προσκαλεσάμενος","προσκαλέομαι"
"41","07","14","D","","⸀πάλιν","πάλιν","πάλιν","πάλιν"
"41","07","14","RA","ASM","τὸν","τὸν","τόν","ὁ"
"41","07","14","N","ASM","ὄχλον","ὄχλον","ὄχλον","ὄχλος"
"41","07","14","V","3IAI-S","ἔλεγεν","ἔλεγεν","ἔλεγε(ν)","λέγω"
"41","07","14","RP","DPM","αὐτοῖς·","αὐτοῖς","αὐτοῖς","αὐτός"
"41","07","14","V","2AAD-P","⸀Ἀκούσατέ","Ἀκούσατέ","ἀκούσατε","ἀκούω"
"41","07","14","RP","GS","μου","μου","μου","ἐγώ"
"41","07","14","A","NPM","πάντες","πάντες","πάντες","πᾶς"
"41","07","14","C","","καὶ","καὶ","καί","καί"
"41","07","14","V","2AAD-P","⸀σύνετε.","σύνετε","σύνετε","συνίημι"
"41","07","15","A","NSN","οὐδέν","οὐδέν","οὐδέν","οὐδείς"
"41","07","15","V","3PAI-S","ἐστιν","ἐστιν","ἐστί(ν)","εἰμί"
"41","07","15","P","","ἔξωθεν","ἔξωθεν","ἔξωθεν","ἔξωθεν"
"41","07","15","RA","GSM","τοῦ","τοῦ","τοῦ","ὁ"
"41","07","15","N","GSM","ἀνθρώπου","ἀνθρώπου","ἀνθρώπου","ἄνθρωπος"
"41","07","15","V","PMPNSN","εἰσπορευόμενον","εἰσπορευόμενον","εἰσπορευόμενον","εἰσπορεύομαι"
"41","07","15","P","","εἰς","εἰς","εἰς","εἰς"
"41","07","15","RP","ASM","αὐτὸν","αὐτὸν","αὐτόν","αὐτός"
"41","07","15","RR","NSN","ὃ","ὃ","ὅ","ὅς"
"41","07","15","V","3PMI-S","δύναται","δύναται","δύναται","δύναμαι"
"41","07","15","V","AAN","⸂κοινῶσαι","κοινῶσαι","κοινῶσαι","κοινόω"
"41","07","15","RP","ASM","αὐτόν⸃·","αὐτόν","αὐτόν","αὐτός"
"41","07","15","C","","ἀλλὰ","ἀλλὰ","ἀλλά","ἀλλά"
"41","07","15","RA","NPN","τὰ","τὰ","τά","ὁ"
"41","07","15","P","","⸂ἐκ","ἐκ","ἐκ","ἐκ"
"41","07","15","RA","GSM","τοῦ","τοῦ","τοῦ","ὁ"
"41","07","15","N","GSM","ἀνθρώπου","ἀνθρώπου","ἀνθρώπου","ἄνθρωπος"
"41","07","15","V","PMPNPN","ἐκπορευόμενά⸃","ἐκπορευόμενά","ἐκπορευόμενα","ἐκπορεύομαι"
"41","07","15","V","3PAI-S","ἐστιν","ἐστιν","ἐστί(ν)","εἰμί"
"41","07","15","RA","NPN","τὰ","τὰ","τά","ὁ"
"41","07","15","V","PAPNPN","κοινοῦντα","κοινοῦντα","κοινοῦντα","κοινόω"
"41","07","15","RA","ASM","τὸν","τὸν","τόν","ὁ"
"41","07","15","N","ASM","⸀ἄνθρωπον.","ἄνθρωπον","ἄνθρωπον","ἄνθρωπος"
"41","07","17","C","","Καὶ","Καὶ","καί","καί"
"41","07","17","C","","ὅτε","ὅτε","ὅτε","ὅτε"
"41","07","17","V","3AAI-S","εἰσῆλθεν","εἰσῆλθεν","εἰσῆλθε(ν)","εἰσέρχομαι"
"41","07","17","P","","⸀εἰς","εἰς","εἰς","εἰς"
"41","07","17","N","ASM","οἶκον","οἶκον","οἶκον","οἶκος"
"41","07","17","P","","ἀπὸ","ἀπὸ","ἀπό","ἀπό"
"41","07","17","RA","GSM","τοῦ","τοῦ","τοῦ","ὁ"
"41","07","17","N","GSM","ὄχλου,","ὄχλου","ὄχλου","ὄχλος"
"41","07","17","V","3IAI-P","ἐπηρώτων","ἐπηρώτων","ἐπηρώτων","ἐπερωτάω"
"41","07","17","RP","ASM","αὐτὸν","αὐτὸν","αὐτόν","αὐτός"
"41","07","17","RA","NPM","οἱ","οἱ","οἱ","ὁ"
"41","07","17","N","NPM","μαθηταὶ","μαθηταὶ","μαθηταί","μαθητής"
"41","07","17","RP","GSM","αὐτοῦ","αὐτοῦ","αὐτοῦ","αὐτός"
"41","07","17","RA","ASF","⸂τὴν","τὴν","τήν","ὁ"
"41","07","17","N","ASF","παραβολήν⸃.","παραβολήν","παραβολήν","παραβολή"
"41","07","18","C","","καὶ","καὶ","καί","καί"
"41","07","18","V","3PAI-S","λέγει","λέγει","λέγει","λέγω"
"41","07","18","RP","DPM","αὐτοῖς·","αὐτοῖς","αὐτοῖς","αὐτός"
"41","07","18","D","","Οὕτως","Οὕτως","οὕτω(ς)","οὕτω(ς)"
"41","07","18","D","","καὶ","καὶ","καί","καί"
"41","07","18","RP","NP","ὑμεῖς","ὑμεῖς","ὑμεῖς","σύ"
"41","07","18","A","NPM","ἀσύνετοί","ἀσύνετοί","ἀσύνετοι","ἀσύνετος"
"41","07","18","V","2PAI-P","ἐστε;","ἐστε","ἐστέ","εἰμί"
"41","07","18","D","","οὐ","οὐ","οὐ","οὐ"
"41","07","18","V","2PAI-P","νοεῖτε","νοεῖτε","νοεῖτε","νοέω"
"41","07","18","C","","ὅτι","ὅτι","ὅτι","ὅτι"
"41","07","18","A","NSN","πᾶν","πᾶν","πᾶν","πᾶς"
"41","07","18","RA","NSN","τὸ","τὸ","τό","ὁ"
"41","07","18","D","","ἔξωθεν","ἔξωθεν","ἔξωθεν","ἔξωθεν"
"41","07","18","V","PMPNSN","εἰσπορευόμενον","εἰσπορευόμενον","εἰσπορευόμενον","εἰσπορεύομαι"
"41","07","18","P","","εἰς","εἰς","εἰς","εἰς"
"41","07","18","RA","ASM","τὸν","τὸν","τόν","ὁ"
"41","07","18","N","ASM","ἄνθρωπον","ἄνθρωπον","ἄνθρωπον","ἄνθρωπος"
"41","07","18","D","","οὐ","οὐ","οὐ","οὐ"
"41","07","18","V","3PMI-S","δύναται","δύναται","δύναται","δύναμαι"
"41","07","18","RP","ASM","αὐτὸν","αὐτὸν","αὐτόν","αὐτός"
"41","07","18","V","AAN","κοινῶσαι,","κοινῶσαι","κοινῶσαι","κοινόω"
"41","07","19","C","","ὅτι","ὅτι","ὅτι","ὅτι"
"41","07","19","D","","οὐκ","οὐκ","οὐ","οὐ"
"41","07","19","V","3PMI-S","εἰσπορεύεται","εἰσπορεύεται","εἰσπορεύεται","εἰσπορεύομαι"
"41","07","19","RP","GSM","αὐτοῦ","αὐτοῦ","αὐτοῦ","αὐτός"
"41","07","19","P","","εἰς","εἰς","εἰς","εἰς"
"41","07","19","RA","ASF","τὴν","τὴν","τήν","ὁ"
"41","07","19","N","ASF","καρδίαν","καρδίαν","καρδίαν","καρδία"
"41","07","19","C","","ἀλλ’","ἀλλ’","ἀλλά","ἀλλά"
"41","07","19","P","","εἰς","εἰς","εἰς","εἰς"
"41","07","19","RA","ASF","τὴν","τὴν","τήν","ὁ"
"41","07","19","N","ASF","κοιλίαν,","κοιλίαν","κοιλίαν","κοιλία"
"41","07","19","C","","καὶ","καὶ","καί","καί"
"41","07","19","P","","εἰς","εἰς","εἰς","εἰς"
"41","07","19","RA","ASM","τὸν","τὸν","τόν","ὁ"
"41","07","19","N","ASM","ἀφεδρῶνα","ἀφεδρῶνα","ἀφεδρῶνα","ἀφεδρών"
"41","07","19","V","3PMI-S","ἐκπορεύεται;","ἐκπορεύεται","ἐκπορεύεται","ἐκπορεύομαι"
"41","07","19","V","PAPNSM","—⸀καθαρίζων","καθαρίζων","καθαρίζων","καθαρίζω"
"41","07","19","A","APN","πάντα","πάντα","πάντα","πᾶς"
"41","07","19","RA","APN","τὰ","τὰ","τά","ὁ"
"41","07","19","N","APN","βρώματα.","βρώματα","βρώματα","βρῶμα"
"41","07","20","V","3IAI-S","ἔλεγεν","ἔλεγεν","ἔλεγε(ν)","λέγω"
"41","07","20","C","","δὲ","δὲ","δέ","δέ"
"41","07","20","C","","ὅτι","ὅτι","ὅτι","ὅτι"
"41","07","20","RA","NSN","Τὸ","Τὸ","τό","ὁ"
"41","07","20","P","","ἐκ","ἐκ","ἐκ","ἐκ"
"41","07","20","RA","GSM","τοῦ","τοῦ","τοῦ","ὁ"
"41","07","20","N","GSM","ἀνθρώπου","ἀνθρώπου","ἀνθρώπου","ἄνθρωπος"
"41","07","20","V","PMPNSN","ἐκπορευόμενον","ἐκπορευόμενον","ἐκπορευόμενον","ἐκπορεύομαι"
"41","07","20","RD","NSN","ἐκεῖνο","ἐκεῖνο","ἐκεῖνο","ἐκεῖνος"
"41","07","20","V","3PAI-S","κοινοῖ","κοινοῖ","κοινοῖ","κοινόω"
"41","07","20","RA","ASM","τὸν","τὸν","τόν","ὁ"
"41","07","20","N","ASM","ἄνθρωπον·","ἄνθρωπον","ἄνθρωπον","ἄνθρωπος"
"41","07","21","D","","ἔσωθεν","ἔσωθεν","ἔσωθεν","ἔσωθεν"
"41","07","21","C","","γὰρ","γὰρ","γάρ","γάρ"
"41","07","21","P","","ἐκ","ἐκ","ἐκ","ἐκ"
"41","07","21","RA","GSF","τῆς","τῆς","τῆς","ὁ"
"41","07","21","N","GSF","καρδίας","καρδίας","καρδίας","καρδία"
"41","07","21","RA","GPM","τῶν","τῶν","τῶν","ὁ"
"41","07","21","N","GPM","ἀνθρώπων","ἀνθρώπων","ἀνθρώπων","ἄνθρωπος"
"41","07","21","RA","NPM","οἱ","οἱ","οἱ","ὁ"
"41","07","21","N","NPM","διαλογισμοὶ","διαλογισμοὶ","διαλογισμοί","διαλογισμός"
"41","07","21","RA","NPM","οἱ","οἱ","οἱ","ὁ"
"41","07","21","A","NPM","κακοὶ","κακοὶ","κακοί","κακός"
"41","07","21","V","3PMI-P","ἐκπορεύονται,","ἐκπορεύονται","ἐκπορεύονται","ἐκπορεύομαι"
"41","07","21","N","NPF","⸂πορνεῖαι,","πορνεῖαι","πορνεῖαι","πορνεία"
"41","07","21","N","NPF","κλοπαί,","κλοπαί","κλοπαί","κλοπή"
"41","07","21","N","NPM","φόνοι,","φόνοι","φόνοι","φόνος"
"41","07","22","N","NPF","μοιχεῖαι⸃,","μοιχεῖαι","μοιχεῖαι","μοιχεία"
"41","07","22","N","NPF","πλεονεξίαι,","πλεονεξίαι","πλεονεξίαι","πλεονεξία"
"41","07","22","N","NPF","πονηρίαι,","πονηρίαι","πονηρίαι","πονηρία"
"41","07","22","N","NSM","δόλος,","δόλος","δόλος","δόλος"
"41","07","22","N","NSF","ἀσέλγεια,","ἀσέλγεια","ἀσέλγεια","ἀσέλγεια"
"41","07","22","N","NSM","ὀφθαλμὸς","ὀφθαλμὸς","ὀφθαλμός","ὀφθαλμός"
"41","07","22","A","NSM","πονηρός,","πονηρός","πονηρός","πονηρός"
"41","07","22","N","NSF","βλασφημία,","βλασφημία","βλασφημία","βλασφημία"
"41","07","22","N","NSF","ὑπερηφανία,","ὑπερηφανία","ὑπερηφανία","ὑπερηφανία"
"41","07","22","N","NSF","ἀφροσύνη·","ἀφροσύνη","ἀφροσύνη","ἀφροσύνη"
"41","07","23","A","NPN","πάντα","πάντα","πάντα","πᾶς"
"41","07","23","RD","NPN","ταῦτα","ταῦτα","ταῦτα","οὗτος"
"41","07","23","RA","NPN","τὰ","τὰ","τά","ὁ"
"41","07","23","A","NPN","πονηρὰ","πονηρὰ","πονηρά","πονηρός"
"41","07","23","D","","ἔσωθεν","ἔσωθεν","ἔσωθεν","ἔσωθεν"
"41","07","23","V","3PMI-S","ἐκπορεύεται","ἐκπορεύεται","ἐκπορεύεται","ἐκπορεύομαι"
"41","07","23","C","","καὶ","καὶ","καί","καί"
"41","07","23","V","3PAI-S","κοινοῖ","κοινοῖ","κοινοῖ","κοινόω"
"41","07","23","RA","ASM","τὸν","τὸν","τόν","ὁ"
"41","07","23","N","ASM","ἄνθρωπον.","ἄνθρωπον","ἄνθρωπον","ἄνθρωπος"
"41","07","24","D","","⸂Ἐκεῖθεν","Ἐκεῖθεν","ἐκεῖθεν","ἐκεῖθεν"
"41","07","24","C","","δὲ⸃","δὲ","δέ","δέ"
"41","07","24","V","AAPNSM","ἀναστὰς","ἀναστὰς","ἀναστάς","ἀνίστημι"
"41","07","24","V","3AAI-S","ἀπῆλθεν","ἀπῆλθεν","ἀπῆλθε(ν)","ἀπέρχομαι"
"41","07","24","P","","εἰς","εἰς","εἰς","εἰς"
"41","07","24","RA","APN","τὰ","τὰ","τά","ὁ"
"41","07","24","N","APN","⸀ὅρια","ὅρια","ὅρια","ὅριον"
"41","07","24","N","GSF","⸀Τύρου.","Τύρου","Τύρου","Τύρος"
"41","07","24","C","","καὶ","καὶ","καί","καί"
"41","07","24","V","AAPNSM","εἰσελθὼν","εἰσελθὼν","εἰσελθών","εἰσέρχομαι"
"41","07","24","P","","εἰς","εἰς","εἰς","εἰς"
"41","07","24","N","ASF","οἰκίαν","οἰκίαν","οἰκίαν","οἰκία"
"41","07","24","A","ASM","οὐδένα","οὐδένα","οὐδένα","οὐδείς"
"41","07","24","V","3IAI-S","ἤθελεν","ἤθελεν","ἤθελε(ν)","θέλω"
"41","07","24","V","AAN","γνῶναι,","γνῶναι","γνῶναι","γινώσκω"
"41","07","24","C","","καὶ","καὶ","καί","καί"
"41","07","24","D","","οὐκ","οὐκ","οὐ","οὐ"
"41","07","24","V","3API-S","ἠδυνήθη","ἠδυνήθη","ἠδυνήθη","δύναμαι"
"41","07","24","V","AAN","λαθεῖν·","λαθεῖν","λαθεῖν","λανθάνω"
"41","07","25","C","","⸂ἀλλ’","ἀλλ’","ἀλλά","ἀλλά"
"41","07","25","A","NSM","εὐθὺς","εὐθὺς","εὐθύς","εὐθύς"
"41","07","25","V","AAPNSF","ἀκούσασα⸃","ἀκούσασα","ἀκούσασα","ἀκούω"
"41","07","25","N","NSF","γυνὴ","γυνὴ","γυνή","γυνή"
"41","07","25","P","","περὶ","περὶ","περί","περί"
"41","07","25","RP","GSM","αὐτοῦ,","αὐτοῦ","αὐτοῦ","αὐτός"
"41","07","25","RR","GSF","ἧς","ἧς","ἧς","ὅς"
"41","07","25","V","3IAI-S","εἶχεν","εἶχεν","εἶχε(ν)","ἔχω"
"41","07","25","RA","NSN","τὸ","τὸ","τό","ὁ"
"41","07","25","N","NSN","θυγάτριον","θυγάτριον","θυγάτριον","θυγάτριον"
"41","07","25","RP","GSF","αὐτῆς","αὐτῆς","αὐτῆς","αὐτός"
"41","07","25","N","ASN","πνεῦμα","πνεῦμα","πνεῦμα","πνεῦμα"
"41","07","25","A","ASN","ἀκάθαρτον,","ἀκάθαρτον","ἀκάθαρτον","ἀκάθαρτος"
"41","07","25","V","AAPNSF","ἐλθοῦσα","ἐλθοῦσα","ἐλθοῦσα","ἔρχομαι"
"41","07","25","V","3AAI-S","προσέπεσεν","προσέπεσεν","προσέπεσε(ν)","προσπίπτω"
"41","07","25","P","","πρὸς","πρὸς","πρός","πρός"
"41","07","25","RA","APM","τοὺς","τοὺς","τούς","ὁ"
"41","07","25","N","APM","πόδας","πόδας","πόδας","πούς"
"41","07","25","RP","GSM","αὐτοῦ·","αὐτοῦ","αὐτοῦ","αὐτός"
"41","07","26","RA","NSF","⸂ἡ","ἡ","ἡ","ὁ"
"41","07","26","C","","δὲ","δὲ","δέ","δέ"
"41","07","26","N","NSF","γυνὴ","γυνὴ","γυνή","γυνή"
"41","07","26","V","3IAI-S","ἦν⸃","ἦν","ἦν","εἰμί"
"41","07","26","N","NSF","Ἑλληνίς,","Ἑλληνίς","Ἑλληνίς","Ἑλληνίς"
"41","07","26","N","NSF","Συροφοινίκισσα","Συροφοινίκισσα","Συροφοινίκισσα","Συροφοινίκισσα"
"41","07","26","RA","DSN","τῷ","τῷ","τῷ","ὁ"
"41","07","26","N","DSN","γένει·","γένει","γένει","γένος"
"41","07","26","C","","καὶ","καὶ","καί","καί"
"41","07","26","V","3IAI-S","ἠρώτα","ἠρώτα","ἠρώτα","ἐρωτάω"
"41","07","26","RP","ASM","αὐτὸν","αὐτὸν","αὐτόν","αὐτός"
"41","07","26","C","","ἵνα","ἵνα","ἵνα","ἵνα"
"41","07","26","RA","ASN","τὸ","τὸ","τό","ὁ"
"41","07","26","N","ASN","δαιμόνιον","δαιμόνιον","δαιμόνιον","δαιμόνιον"
"41","07","26","V","3AAS-S","ἐκβάλῃ","ἐκβάλῃ","ἐκβάλῃ","ἐκβάλλω"
"41","07","26","P","","ἐκ","ἐκ","ἐκ","ἐκ"
"41","07","26","RA","GSF","τῆς","τῆς","τῆς","ὁ"
"41","07","26","N","GSF","θυγατρὸς","θυγατρὸς","θυγατρός","θυγάτηρ"
"41","07","26","RP","GSF","αὐτῆς.","αὐτῆς","αὐτῆς","αὐτός"
"41","07","27","C","","⸂καὶ","καὶ","καί","καί"
"41","07","27","V","3IAI-S","ἔλεγεν⸃","ἔλεγεν","ἔλεγε(ν)","λέγω"
"41","07","27","RP","DSF","αὐτῇ·","αὐτῇ","αὐτῇ","αὐτός"
"41","07","27","V","2AAD-S","Ἄφες","Ἄφες","ἄφες","ἀφίημι"
"41","07","27","A","ASN","πρῶτον","πρῶτον","πρῶτον","πρῶτος"
"41","07","27","V","APN","χορτασθῆναι","χορτασθῆναι","χορτασθῆναι","χορτάζω"
"41","07","27","RA","APN","τὰ","τὰ","τά","ὁ"
"41","07","27","N","APN","τέκνα,","τέκνα","τέκνα","τέκνον"
"41","07","27","D","","οὐ","οὐ","οὐ","οὐ"
"41","07","27","C","","γὰρ","γὰρ","γάρ","γάρ"
"41","07","27","A","NSN","⸂καλόν","καλόν","καλόν","καλός"
"41","07","27","V","3PAI-S","ἐστιν⸃","ἐστιν","ἐστί(ν)","εἰμί"
"41","07","27","V","AAN","λαβεῖν","λαβεῖν","λαβεῖν","λαμβάνω"
"41","07","27","RA","ASM","τὸν","τὸν","τόν","ὁ"
"41","07","27","N","ASM","ἄρτον","ἄρτον","ἄρτον","ἄρτος"
"41","07","27","RA","GPN","τῶν","τῶν","τῶν","ὁ"
"41","07","27","N","GPN","τέκνων","τέκνων","τέκνων","τέκνον"
"41","07","27","C","","καὶ","καὶ","καί","καί"
"41","07","27","RA","DPN","⸂τοῖς","τοῖς","τοῖς","ὁ"
"41","07","27","N","DPN","κυναρίοις","κυναρίοις","κυναρίοις","κυνάριον"
"41","07","27","V","AAN","βαλεῖν⸃.","βαλεῖν","βαλεῖν","βάλλω"
"41","07","28","RA","NSF","ἡ","ἡ","ἡ","ὁ"
"41","07","28","C","","δὲ","δὲ","δέ","δέ"
"41","07","28","V","3API-S","ἀπεκρίθη","ἀπεκρίθη","ἀπεκρίθη","ἀποκρίνομαι"
"41","07","28","C","","καὶ","καὶ","καί","καί"
"41","07","28","V","3PAI-S","λέγει","λέγει","λέγει","λέγω"
"41","07","28","RP","DSM","αὐτῷ·","αὐτῷ","αὐτῷ","αὐτός"
"41","07","28","N","VSM","⸀Κύριε,","Κύριε","κύριε","κύριος"
"41","07","28","D","","⸀καὶ","καὶ","καί","καί"
"41","07","28","RA","NPN","τὰ","τὰ","τά","ὁ"
"41","07","28","N","NPN","κυνάρια","κυνάρια","κυνάρια","κυνάριον"
"41","07","28","P","","ὑποκάτω","ὑποκάτω","ὑποκάτω","ὑποκάτω"
"41","07","28","RA","GSF","τῆς","τῆς","τῆς","ὁ"
"41","07","28","N","GSF","τραπέζης","τραπέζης","τραπέζης","τράπεζα"
"41","07","28","V","3PAI-P","⸀ἐσθίουσιν","ἐσθίουσιν","ἐσθίουσι(ν)","ἐσθίω"
"41","07","28","P","","ἀπὸ","ἀπὸ","ἀπό","ἀπό"
"41","07","28","RA","GPN","τῶν","τῶν","τῶν","ὁ"
"41","07","28","N","GPN","ψιχίων","ψιχίων","ψιχίων","ψίξ"
"41","07","28","RA","GPN","τῶν","τῶν","τῶν","ὁ"
"41","07","28","N","GPN","παιδίων.","παιδίων","παιδίων","παιδίον"
"41","07","29","C","","καὶ","καὶ","καί","καί"
"41","07","29","V","3AAI-S","εἶπεν","εἶπεν","εἶπε(ν)","λέγω"
"41","07","29","RP","DSF","αὐτῇ·","αὐτῇ","αὐτῇ","αὐτός"
"41","07","29","P","","Διὰ","Διὰ","διά","διά"
"41","07","29","RD","ASM","τοῦτον","τοῦτον","τοῦτον","οὗτος"
"41","07","29","RA","ASM","τὸν","τὸν","τόν","ὁ"
"41","07","29","N","ASM","λόγον","λόγον","λόγον","λόγος"
"41","07","29","V","2PAD-S","ὕπαγε,","ὕπαγε","ὕπαγε","ὑπάγω"
"41","07","29","V","3XAI-S","ἐξελήλυθεν","ἐξελήλυθεν","ἐξελήλυθε(ν)","ἐξέρχομαι"
"41","07","29","P","","⸂ἐκ","ἐκ","ἐκ","ἐκ"
"41","07","29","RA","GSF","τῆς","τῆς","τῆς","ὁ"
"41","07","29","N","GSF","θυγατρός","θυγατρός","θυγατρός","θυγάτηρ"
"41","07","29","RP","GS","σου","σου","σου","σύ"
"41","07","29","RA","NSN","τὸ","τὸ","τό","ὁ"
"41","07","29","N","NSN","δαιμόνιον⸃.","δαιμόνιον","δαιμόνιον","δαιμόνιον"
"41","07","30","C","","καὶ","καὶ","καί","καί"
"41","07","30","V","AAPNSF","ἀπελθοῦσα","ἀπελθοῦσα","ἀπελθοῦσα","ἀπέρχομαι"
"41","07","30","P","","εἰς","εἰς","εἰς","εἰς"
"41","07","30","RA","ASM","τὸν","τὸν","τόν","ὁ"
"41","07","30","N","ASM","οἶκον","οἶκον","οἶκον","οἶκος"
"41","07","30","RP","GSF","αὐτῆς","αὐτῆς","αὐτῆς","αὐτός"
"41","07","30","V","3AAI-S","εὗρεν","εὗρεν","εὗρε(ν)","εὑρίσκω"
"41","07","30","RA","ASN","τὸ","τὸ","τό","ὁ"
"41","07","30","N","ASN","⸂παιδίον","παιδίον","παιδίον","παιδίον"
"41","07","30","V","XPPASN","βεβλημένον","βεβλημένον","βεβλημένον","βάλλω"
"41","07","30","P","","ἐπὶ","ἐπὶ","ἐπί","ἐπί"
"41","07","30","RA","ASF","τὴν","τὴν","τήν","ὁ"
"41","07","30","N","ASF","κλίνην","κλίνην","κλίνην","κλίνη"
"41","07","30","C","","καὶ","καὶ","καί","καί"
"41","07","30","RA","ASN","τὸ","τὸ","τό","ὁ"
"41","07","30","N","ASN","δαιμόνιον","δαιμόνιον","δαιμόνιον","δαιμόνιον"
"41","07","30","V","XAPASN","ἐξεληλυθός⸃.","ἐξεληλυθός","ἐξεληλυθός","ἐξέρχομαι"
"41","07","31","C","","Καὶ","Καὶ","καί","καί"
"41","07","31","D","","πάλιν","πάλιν","πάλιν","πάλιν"
"41","07","31","V","AAPNSM","ἐξελθὼν","ἐξελθὼν","ἐξελθών","ἐξέρχομαι"
"41","07","31","P","","ἐκ","ἐκ","ἐκ","ἐκ"
"41","07","31","RA","GPN","τῶν","τῶν","τῶν","ὁ"
"41","07","31","N","GPN","ὁρίων","ὁρίων","ὁρίων","ὅριον"
"41","07","31","N","GSF","Τύρου","Τύρου","Τύρου","Τύρος"
"41","07","31","V","3AAI-S","⸂ἦλθεν","ἦλθεν","ἦλθε(ν)","ἔρχομαι"
"41","07","31","P","","διὰ","διὰ","διά","διά"
"41","07","31","N","GSF","Σιδῶνος","Σιδῶνος","Σιδῶνος","Σιδών"
"41","07","31","P","","εἰς⸃","εἰς","εἰς","εἰς"
"41","07","31","RA","ASF","τὴν","τὴν","τήν","ὁ"
"41","07","31","N","ASF","θάλασσαν","θάλασσαν","θάλασσαν","θάλασσα"
"41","07","31","RA","GSF","τῆς","τῆς","τῆς","ὁ"
"41","07","31","N","GSF","Γαλιλαίας","Γαλιλαίας","Γαλιλαίας","Γαλιλαία"
"41","07","31","P","","ἀνὰ","ἀνὰ","ἀνά","ἀνά"
"41","07","31","A","ASN","μέσον","μέσον","μέσον","μέσος"
"41","07","31","RA","GPN","τῶν","τῶν","τῶν","ὁ"
"41","07","31","N","GPN","ὁρίων","ὁρίων","ὁρίων","ὅριον"
"41","07","31","N","GSF","Δεκαπόλεως.","Δεκαπόλεως","Δεκαπόλεως","Δεκάπολις"
"41","07","32","C","","καὶ","καὶ","καί","καί"
"41","07","32","V","3PAI-P","φέρουσιν","φέρουσιν","φέρουσι(ν)","φέρω"
"41","07","32","RP","DSM","αὐτῷ","αὐτῷ","αὐτῷ","αὐτός"
"41","07","32","A","ASM","κωφὸν","κωφὸν","κωφόν","κωφός"
"41","07","32","C","","⸀καὶ","καὶ","καί","καί"
"41","07","32","A","ASM","⸀μογιλάλον,","μογιλάλον","μογιλάλον","μογιλάλος"
"41","07","32","C","","καὶ","καὶ","καί","καί"
"41","07","32","V","3PAI-P","παρακαλοῦσιν","παρακαλοῦσιν","παρακαλοῦσι(ν)","παρακαλέω"
"41","07","32","RP","ASM","αὐτὸν","αὐτὸν","αὐτόν","αὐτός"
"41","07","32","C","","ἵνα","ἵνα","ἵνα","ἵνα"
"41","07","32","V","3AAS-S","ἐπιθῇ","ἐπιθῇ","ἐπιθῇ","ἐπιτίθημι"
"41","07","32","RP","DSM","αὐτῷ","αὐτῷ","αὐτῷ","αὐτός"
"41","07","32","RA","ASF","τὴν","τὴν","τήν","ὁ"
"41","07","32","N","ASF","χεῖρα.","χεῖρα","χεῖρα","χείρ"
"41","07","33","C","","καὶ","καὶ","καί","καί"
"41","07","33","V","AMPNSM","ἀπολαβόμενος","ἀπολαβόμενος","ἀπολαβόμενος","ἀπολαμβάνω"
"41","07","33","RP","ASM","αὐτὸν","αὐτὸν","αὐτόν","αὐτός"
"41","07","33","P","","ἀπὸ","ἀπὸ","ἀπό","ἀπό"
"41","07","33","RA","GSM","τοῦ","τοῦ","τοῦ","ὁ"
"41","07","33","N","GSM","ὄχλου","ὄχλου","ὄχλου","ὄχλος"
"41","07","33","P","","κατ’","κατ’","κατά","κατά"
"41","07","33","A","ASF","ἰδίαν","ἰδίαν","ἰδίαν","ἴδιος"
"41","07","33","V","3AAI-S","ἔβαλεν","ἔβαλεν","ἔβαλε(ν)","βάλλω"
"41","07","33","RA","APM","τοὺς","τοὺς","τούς","ὁ"
"41","07","33","N","APM","δακτύλους","δακτύλους","δακτύλους","δάκτυλος"
"41","07","33","RP","GSM","αὐτοῦ","αὐτοῦ","αὐτοῦ","αὐτός"
"41","07","33","P","","εἰς","εἰς","εἰς","εἰς"
"41","07","33","RA","APN","τὰ","τὰ","τά","ὁ"
"41","07","33","N","APN","ὦτα","ὦτα","ὦτα","οὖς"
"41","07","33","RP","GSM","αὐτοῦ","αὐτοῦ","αὐτοῦ","αὐτός"
"41","07","33","C","","καὶ","καὶ","καί","καί"
"41","07","33","V","AAPNSM","πτύσας","πτύσας","πτύσας","πτύω"
"41","07","33","V","3AMI-S","ἥψατο","ἥψατο","ἥψατο","ἅπτω"
"41","07","33","RA","GSF","τῆς","τῆς","τῆς","ὁ"
"41","07","33","N","GSF","γλώσσης","γλώσσης","γλώσσης","γλῶσσα"
"41","07","33","RP","GSM","αὐτοῦ,","αὐτοῦ","αὐτοῦ","αὐτός"
"41","07","34","C","","καὶ","καὶ","καί","καί"
"41","07","34","V","AAPNSM","ἀναβλέψας","ἀναβλέψας","ἀναβλέψας","ἀναβλέπω"
"41","07","34","P","","εἰς","εἰς","εἰς","εἰς"
"41","07","34","RA","ASM","τὸν","τὸν","τόν","ὁ"
"41","07","34","N","ASM","οὐρανὸν","οὐρανὸν","οὐρανόν","οὐρανός"
"41","07","34","V","3AAI-S","ἐστέναξεν,","ἐστέναξεν","ἐστέναξε(ν)","στενάζω"
"41","07","34","C","","καὶ","καὶ","καί","καί"
"41","07","34","V","3PAI-S","λέγει","λέγει","λέγει","λέγω"
"41","07","34","RP","DSM","αὐτῷ·","αὐτῷ","αὐτῷ","αὐτός"
"41","07","34","V","2APD-S","Εφφαθα,","Εφφαθα","εφφαθα","εφφαθα"
"41","07","34","RR","NSN","ὅ","ὅ","ὅ","ὅς"
"41","07","34","V","3PAI-S","ἐστιν","ἐστιν","ἐστί(ν)","εἰμί"
"41","07","34","V","2APD-S","Διανοίχθητι·","Διανοίχθητι","διανοίχθητι","διανοίγω"
"41","07","35","C","","⸀καὶ","καὶ","καί","καί"
"41","07","35","V","3API-P","⸀ἠνοίγησαν","ἠνοίγησαν","ἠνοίγησαν","ἀνοίγω"
"41","07","35","RP","GSM","αὐτοῦ","αὐτοῦ","αὐτοῦ","αὐτός"
"41","07","35","RA","NPF","αἱ","αἱ","αἱ","ὁ"
"41","07","35","N","NPF","ἀκοαί,","ἀκοαί","ἀκοαί","ἀκοή"
"41","07","35","C","","καὶ","καὶ","καί","καί"
"41","07","35","V","3API-S","ἐλύθη","ἐλύθη","ἐλύθη","λύω"
"41","07","35","RA","NSM","ὁ","ὁ","ὁ","ὁ"
"41","07","35","N","NSM","δεσμὸς","δεσμὸς","δεσμός","δεσμός"
"41","07","35","RA","GSF","τῆς","τῆς","τῆς","ὁ"
"41","07","35","N","GSF","γλώσσης","γλώσσης","γλώσσης","γλῶσσα"
"41","07","35","RP","GSM","αὐτοῦ,","αὐτοῦ","αὐτοῦ","αὐτός"
"41","07","35","C","","καὶ","καὶ","καί","καί"
"41","07","35","V","3IAI-S","ἐλάλει","ἐλάλει","ἐλάλει","λαλέω"
"41","07","35","D","","ὀρθῶς·","ὀρθῶς","ὀρθῶς","ὀρθῶς"
"41","07","36","C","","καὶ","καὶ","καί","καί"
"41","07","36","V","3AMI-S","διεστείλατο","διεστείλατο","διεστείλατο","διαστέλλομαι"
"41","07","36","RP","DPM","αὐτοῖς","αὐτοῖς","αὐτοῖς","αὐτός"
"41","07","36","C","","ἵνα","ἵνα","ἵνα","ἵνα"
"41","07","36","A","DSM","μηδενὶ","μηδενὶ","μηδενί","μηδείς"
"41","07","36","V","3PAS-P","⸀λέγωσιν·","λέγωσιν","λέγωσι(ν)","λέγω"
"41","07","36","RR","ASN","ὅσον","ὅσον","ὅσον","ὅσος"
"41","07","36","C","","δὲ","δὲ","δέ","δέ"
"41","07","36","RP","DPM","⸂αὐτοῖς","αὐτοῖς","αὐτοῖς","αὐτός"
"41","07","36","V","3IMI-S","διεστέλλετο,","διεστέλλετο","διεστέλλετο","διαστέλλομαι"
"41","07","36","RP","NPM","αὐτοὶ⸃","αὐτοὶ","αὐτοί","αὐτός"
"41","07","36","D","","μᾶλλον","μᾶλλον","μᾶλλον","μᾶλλον"
"41","07","36","D","","περισσότερον","περισσότερον","περισσότερον","περισσότερον"
"41","07","36","V","3IAI-P","ἐκήρυσσον.","ἐκήρυσσον","ἐκήρυσσον","κηρύσσω"
"41","07","37","C","","καὶ","καὶ","καί","καί"
"41","07","37","D","","ὑπερπερισσῶς","ὑπερπερισσῶς","ὑπερπερισσῶς","ὑπερπερισσῶς"
"41","07","37","V","3IPI-P","ἐξεπλήσσοντο","ἐξεπλήσσοντο","ἐξεπλήσσοντο","ἐκπλήσσομαι"
"41","07","37","V","PAPNPM","λέγοντες·","λέγοντες","λέγοντες","λέγω"
"41","07","37","D","","Καλῶς","Καλῶς","καλῶς","καλῶς"
"41","07","37","A","APN","πάντα","πάντα","πάντα","πᾶς"
"41","07","37","V","3XAI-S","πεποίηκεν,","πεποίηκεν","πεποίηκε(ν)","ποιέω"
"41","07","37","D","","καὶ","καὶ","καί","καί"
"41","07","37","RA","APM","τοὺς","τοὺς","τούς","ὁ"
"41","07","37","A","APM","κωφοὺς","κωφοὺς","κωφούς","κωφός"
"41","07","37","V","3PAI-S","ποιεῖ","ποιεῖ","ποιεῖ","ποιέω"
"41","07","37","V","PAN","ἀκούειν","ἀκούειν","ἀκούειν","ἀκούω"
"41","07","37","C","","⸀καὶ","καὶ","καί","καί"
"41","07","37","A","APM","ἀλάλους","ἀλάλους","ἀλάλους","ἄλαλος"
"41","07","37","V","PAN","λαλεῖν.","λαλεῖν","λαλεῖν","λαλέω"
"41","08","01","P","","Ἐν","Ἐν","ἐν","ἐν"
"41","08","01","RD","DPF","ἐκείναις","ἐκείναις","ἐκείναις","ἐκεῖνος"
"41","08","01","RA","DPF","ταῖς","ταῖς","ταῖς","ὁ"
"41","08","01","N","DPF","ἡμέραις","ἡμέραις","ἡμέραις","ἡμέρα"
"41","08","01","D","","⸂πάλιν","πάλιν","πάλιν","πάλιν"
"41","08","01","A","GSM","πολλοῦ⸃","πολλοῦ","πολλοῦ","πολύς"
"41","08","01","N","GSM","ὄχλου","ὄχλου","ὄχλου","ὄχλος"
"41","08","01","V","PAPGSM","ὄντος","ὄντος","ὄντος","εἰμί"
"41","08","01","C","","καὶ","καὶ","καί","καί"
"41","08","01","D","","μὴ","μὴ","μή","μή"
"41","08","01","V","PAPGPM","ἐχόντων","ἐχόντων","ἐχόντων","ἔχω"
"41","08","01","RI","ASN","τί","τί","τί","τίς"
"41","08","01","V","3AAS-P","φάγωσιν,","φάγωσιν","φάγωσι(ν)","ἐσθίω"
"41","08","01","V","AMPNSM","⸀προσκαλεσάμενος","προσκαλεσάμενος","προσκαλεσάμενος","προσκαλέομαι"
"41","08","01","RA","APM","τοὺς","τοὺς","τούς","ὁ"
"41","08","01","N","APM","⸀μαθητὰς","μαθητὰς","μαθητάς","μαθητής"
"41","08","01","V","3PAI-S","λέγει","λέγει","λέγει","λέγω"
"41","08","01","RP","DPM","αὐτοῖς·","αὐτοῖς","αὐτοῖς","αὐτός"
"41","08","02","V","1PMI-S","Σπλαγχνίζομαι","Σπλαγχνίζομαι","σπλαγχνίζομαι","σπλαγχνίζομαι"
"41","08","02","P","","ἐπὶ","ἐπὶ","ἐπί","ἐπί"
"41","08","02","RA","ASM","τὸν","τὸν","τόν","ὁ"
"41","08","02","N","ASM","ὄχλον","ὄχλον","ὄχλον","ὄχλος"
"41","08","02","C","","ὅτι","ὅτι","ὅτι","ὅτι"
"41","08","02","D","","ἤδη","ἤδη","ἤδη","ἤδη"
"41","08","02","N","NPF","ἡμέραι","ἡμέραι","ἡμέραι","ἡμέρα"
"41","08","02","A","NPF","τρεῖς","τρεῖς","τρεῖς","τρεῖς"
"41","08","02","V","3PAI-P","προσμένουσίν","προσμένουσίν","προσμένουσι(ν)","προσμένω"
"41","08","02","RP","DS","μοι","μοι","μοι","ἐγώ"
"41","08","02","C","","καὶ","καὶ","καί","καί"
"41","08","02","D","","οὐκ","οὐκ","οὐ","οὐ"
"41","08","02","V","3PAI-P","ἔχουσιν","ἔχουσιν","ἔχουσι(ν)","ἔχω"
"41","08","02","RI","ASN","τί","τί","τί","τίς"
"41","08","02","V","3AAS-P","φάγωσιν·","φάγωσιν","φάγωσι(ν)","ἐσθίω"
"41","08","03","C","","καὶ","καὶ","καί","καί"
"41","08","03","C","","ἐὰν","ἐὰν","ἐάν","ἐάν"
"41","08","03","V","1AAS-S","ἀπολύσω","ἀπολύσω","ἀπολύσω","ἀπολύω"
"41","08","03","RP","APM","αὐτοὺς","αὐτοὺς","αὐτούς","αὐτός"
"41","08","03","A","APM","νήστεις","νήστεις","νήστεις","νῆστις"
"41","08","03","P","","εἰς","εἰς","εἰς","εἰς"
"41","08","03","N","ASM","οἶκον","οἶκον","οἶκον","οἶκος"
"41","08","03","RP","GPM","αὐτῶν,","αὐτῶν","αὐτῶν","αὐτός"
"41","08","03","V","3FPI-P","ἐκλυθήσονται","ἐκλυθήσονται","ἐκλυθήσονται","ἐκλύομαι"
"41","08","03","P","","ἐν","ἐν","ἐν","ἐν"
"41","08","03","RA","DSF","τῇ","τῇ","τῇ","ὁ"
"41","08","03","N","DSF","ὁδῷ·","ὁδῷ","ὁδῷ","ὁδός"
"41","08","03","C","","⸂καί","καί","καί","καί"
"41","08","03","RI","NPM","τινες⸃","τινες","τινές","τις"
"41","08","03","RP","GPM","αὐτῶν","αὐτῶν","αὐτῶν","αὐτός"
"41","08","03","P","","⸀ἀπὸ","ἀπὸ","ἀπό","ἀπό"
"41","08","03","D","","μακρόθεν","μακρόθεν","μακρόθεν","μακρόθεν"
"41","08","03","V","3XAI-P","⸀ἥκασιν.","ἥκασιν","ἥκασι(ν)","ἥκω"
"41","08","04","C","","καὶ","καὶ","καί","καί"
"41","08","04","V","3API-P","ἀπεκρίθησαν","ἀπεκρίθησαν","ἀπεκρίθησαν","ἀποκρίνομαι"
"41","08","04","RP","DSM","αὐτῷ","αὐτῷ","αὐτῷ","αὐτός"
"41","08","04","RA","NPM","οἱ","οἱ","οἱ","ὁ"
"41","08","04","N","NPM","μαθηταὶ","μαθηταὶ","μαθηταί","μαθητής"
"41","08","04","RP","GSM","αὐτοῦ","αὐτοῦ","αὐτοῦ","αὐτός"
"41","08","04","C","","⸀ὅτι","ὅτι","ὅτι","ὅτι"
"41","08","04","D","","Πόθεν","Πόθεν","πόθεν","πόθεν"
"41","08","04","RD","APM","τούτους","τούτους","τούτους","οὗτος"
"41","08","04","V","3FMI-S","δυνήσεταί","δυνήσεταί","δυνήσεται","δύναμαι"
"41","08","04","RI","NSM","τις","τις","τὶς","τις"
"41","08","04","D","","ὧδε","ὧδε","ὧδε","ὧδε"
"41","08","04","V","AAN","χορτάσαι","χορτάσαι","χορτάσαι","χορτάζω"
"41","08","04","N","GPM","ἄρτων","ἄρτων","ἄρτων","ἄρτος"
"41","08","04","P","","ἐπ’","ἐπ’","ἐπί","ἐπί"
"41","08","04","N","GSF","ἐρημίας;","ἐρημίας","ἐρημίας","ἐρημία"
"41","08","05","C","","καὶ","καὶ","καί","καί"
"41","08","05","V","3IAI-S","⸀ἠρώτα","ἠρώτα","ἠρώτα","ἐρωτάω"
"41","08","05","RP","APM","αὐτούς·","αὐτούς","αὐτούς","αὐτός"
"41","08","05","RI","APM","Πόσους","Πόσους","πόσους","πόσος"
"41","08","05","V","2PAI-P","ἔχετε","ἔχετε","ἔχετε","ἔχω"
"41","08","05","N","APM","ἄρτους;","ἄρτους","ἄρτους","ἄρτος"
"41","08","05","RA","NPM","οἱ","οἱ","οἱ","ὁ"
"41","08","05","C","","δὲ","δὲ","δέ","δέ"
"41","08","05","V","3AAI-P","εἶπαν·","εἶπαν","εἶπαν","λέγω"
"41","08","05","A","APM","Ἑπτά.","Ἑπτά","ἑπτά","ἑπτά"
"41","08","06","C","","καὶ","καὶ","καί","καί"
"41","08","06","V","3PAI-S","⸀παραγγέλλει","παραγγέλλει","παραγγέλλει","παραγγέλλω"
"41","08","06","RA","DSM","τῷ","τῷ","τῷ","ὁ"
"41","08","06","N","DSM","ὄχλῳ","ὄχλῳ","ὄχλῳ","ὄχλος"
"41","08","06","V","AAN","ἀναπεσεῖν","ἀναπεσεῖν","ἀναπεσεῖν","ἀναπίπτω"
"41","08","06","P","","ἐπὶ","ἐπὶ","ἐπί","ἐπί"
"41","08","06","RA","GSF","τῆς","τῆς","τῆς","ὁ"
"41","08","06","N","GSF","γῆς·","γῆς","γῆς","γῆ"
"41","08","06","C","","καὶ","καὶ","καί","καί"
"41","08","06","V","AAPNSM","λαβὼν","λαβὼν","λαβών","λαμβάνω"
"41","08","06","RA","APM","τοὺς","τοὺς","τούς","ὁ"
"41","08","06","A","APM","ἑπτὰ","ἑπτὰ","ἑπτά","ἑπτά"
"41","08","06","N","APM","ἄρτους","ἄρτους","ἄρτους","ἄρτος"
"41","08","06","V","AAPNSM","εὐχαριστήσας","εὐχαριστήσας","εὐχαριστήσας","εὐχαριστέω"
"41","08","06","V","3AAI-S","ἔκλασεν","ἔκλασεν","ἔκλασε(ν)","κλάω"
"41","08","06","C","","καὶ","καὶ","καί","καί"
"41","08","06","V","3IAI-S","ἐδίδου","ἐδίδου","ἐδίδου","δίδωμι"
"41","08","06","RA","DPM","τοῖς","τοῖς","τοῖς","ὁ"
"41","08","06","N","DPM","μαθηταῖς","μαθηταῖς","μαθηταῖς","μαθητής"
"41","08","06","RP","GSM","αὐτοῦ","αὐτοῦ","αὐτοῦ","αὐτός"
"41","08","06","C","","ἵνα","ἵνα","ἵνα","ἵνα"
"41","08","06","V","3PAS-P","⸀παρατιθῶσιν","παρατιθῶσιν","παρατιθῶσι(ν)","παρατίθημι"
"41","08","06","C","","καὶ","καὶ","καί","καί"
"41","08","06","V","3AAI-P","παρέθηκαν","παρέθηκαν","παρέθηκαν","παρατίθημι"
"41","08","06","RA","DSM","τῷ","τῷ","τῷ","ὁ"
"41","08","06","N","DSM","ὄχλῳ.","ὄχλῳ","ὄχλῳ","ὄχλος"
"41","08","07","C","","καὶ","καὶ","καί","καί"
"41","08","07","V","3IAI-P","εἶχον","εἶχον","εἶχον","ἔχω"
"41","08","07","N","APN","ἰχθύδια","ἰχθύδια","ἰχθύδια","ἰχθύδιον"
"41","08","07","A","APN","ὀλίγα·","ὀλίγα","ὀλίγα","ὀλίγος"
"41","08","07","C","","καὶ","καὶ","καί","καί"
"41","08","07","V","AAPNSM","εὐλογήσας","εὐλογήσας","εὐλογήσας","εὐλογέω"
"41","08","07","RP","APN","⸀αὐτὰ","αὐτὰ","αὐτά","αὐτός"
"41","08","07","V","3AAI-S","εἶπεν","εἶπεν","εἶπε(ν)","λέγω"
"41","08","07","D","","⸂καὶ","καὶ","καί","καί"
"41","08","07","RD","APN","ταῦτα","ταῦτα","ταῦτα","οὗτος"
"41","08","07","V","PAN","παρατιθέναι⸃.","παρατιθέναι","παρατιθέναι","παρατίθημι"
"41","08","08","C","","⸂καὶ","καὶ","καί","καί"
"41","08","08","V","3AAI-P","ἔφαγον⸃","ἔφαγον","ἔφαγον","ἐσθίω"
"41","08","08","C","","καὶ","καὶ","καί","καί"
"41","08","08","V","3API-P","ἐχορτάσθησαν,","ἐχορτάσθησαν","ἐχορτάσθησαν","χορτάζω"
"41","08","08","C","","καὶ","καὶ","καί","καί"
"41","08","08","V","3AAI-P","ἦραν","ἦραν","ἦραν","αἴρω"
"41","08","08","N","APN","περισσεύματα","περισσεύματα","περισσεύματα","περίσσευμα"
"41","08","08","N","GPN","κλασμάτων","κλασμάτων","κλασμάτων","κλάσμα"
"41","08","08","A","APF","ἑπτὰ","ἑπτὰ","ἑπτά","ἑπτά"
"41","08","08","N","APF","σπυρίδας.","σπυρίδας","σπυρίδας","σπυρίς"
"41","08","09","V","3IAI-P","ἦσαν","ἦσαν","ἦσαν","εἰμί"
"41","08","09","C","","⸀δὲ","δὲ","δέ","δέ"
"41","08","09","D","","ὡς","ὡς","ὡς","ὡς"
"41","08","09","A","NPM","τετρακισχίλιοι.","τετρακισχίλιοι","τετρακισχίλιοι","τετρακισχίλιοι"
"41","08","09","C","","καὶ","καὶ","καί","καί"
"41","08","09","V","3AAI-S","ἀπέλυσεν","ἀπέλυσεν","ἀπέλυσε(ν)","ἀπολύω"
"41","08","09","RP","APM","αὐτούς.","αὐτούς","αὐτούς","αὐτός"
"41","08","10","C","","καὶ","καὶ","καί","καί"
"41","08","10","A","NSM","⸀εὐθὺς","εὐθὺς","εὐθύς","εὐθύς"
"41","08","10","V","AAPNSM","ἐμβὰς","ἐμβὰς","ἐμβάς","ἐμβαίνω"
"41","08","10","P","","εἰς","εἰς","εἰς","εἰς"
"41","08","10","RA","ASN","τὸ","τὸ","τό","ὁ"
"41","08","10","N","ASN","πλοῖον","πλοῖον","πλοῖον","πλοῖον"
"41","08","10","P","","μετὰ","μετὰ","μετά","μετά"
"41","08","10","RA","GPM","τῶν","τῶν","τῶν","ὁ"
"41","08","10","N","GPM","μαθητῶν","μαθητῶν","μαθητῶν","μαθητής"
"41","08","10","RP","GSM","αὐτοῦ","αὐτοῦ","αὐτοῦ","αὐτός"
"41","08","10","V","3AAI-S","ἦλθεν","ἦλθεν","ἦλθε(ν)","ἔρχομαι"
"41","08","10","P","","εἰς","εἰς","εἰς","εἰς"
"41","08","10","RA","APN","τὰ","τὰ","τά","ὁ"
"41","08","10","N","APN","μέρη","μέρη","μέρη","μέρος"
"41","08","10","N","GSF","Δαλμανουθά.","Δαλμανουθά","Δαλμανουθά","Δαλμανουθά"
"41","08","11","C","","Καὶ","Καὶ","καί","καί"
"41","08","11","V","3AAI-P","ἐξῆλθον","ἐξῆλθον","ἐξῆλθον","ἐξέρχομαι"
"41","08","11","RA","NPM","οἱ","οἱ","οἱ","ὁ"
"41","08","11","N","NPM","Φαρισαῖοι","Φαρισαῖοι","Φαρισαῖοι","Φαρισαῖος"
"41","08","11","C","","καὶ","καὶ","καί","καί"
"41","08","11","V","3AMI-P","ἤρξαντο","ἤρξαντο","ἤρξαντο","ἄρχω"
"41","08","11","V","PAN","συζητεῖν","συζητεῖν","συζητεῖν","συζητέω"
"41","08","11","RP","DSM","αὐτῷ,","αὐτῷ","αὐτῷ","αὐτός"
"41","08","11","V","PAPNPM","ζητοῦντες","ζητοῦντες","ζητοῦντες","ζητέω"
"41","08","11","P","","παρ’","παρ’","παρά","παρά"
"41","08","11","RP","GSM","αὐτοῦ","αὐτοῦ","αὐτοῦ","αὐτός"
"41","08","11","N","ASN","σημεῖον","σημεῖον","σημεῖον","σημεῖον"
"41","08","11","P","","ἀπὸ","ἀπὸ","ἀπό","ἀπό"
"41","08","11","RA","GSM","τοῦ","τοῦ","τοῦ","ὁ"
"41","08","11","N","GSM","οὐρανοῦ,","οὐρανοῦ","οὐρανοῦ","οὐρανός"
"41","08","11","V","PAPNPM","πειράζοντες","πειράζοντες","πειράζοντες","πειράζω"
"41","08","11","RP","ASM","αὐτόν.","αὐτόν","αὐτόν","αὐτός"
"41","08","12","C","","καὶ","καὶ","καί","καί"
"41","08","12","V","AAPNSM","ἀναστενάξας","ἀναστενάξας","ἀναστενάξας","ἀναστενάζω"
"41","08","12","RA","DSN","τῷ","τῷ","τῷ","ὁ"
"41","08","12","N","DSN","πνεύματι","πνεύματι","πνεύματι","πνεῦμα"
"41","08","12","RP","GSM","αὐτοῦ","αὐτοῦ","αὐτοῦ","αὐτός"
"41","08","12","V","3PAI-S","λέγει·","λέγει","λέγει","λέγω"
"41","08","12","RI","ASN","Τί","Τί","τί","τίς"
"41","08","12","RA","NSF","ἡ","ἡ","ἡ","ὁ"
"41","08","12","N","NSF","γενεὰ","γενεὰ","γενεά","γενεά"
"41","08","12","RD","NSF","αὕτη","αὕτη","αὕτη","οὗτος"
"41","08","12","V","3PAI-S","⸂ζητεῖ","ζητεῖ","ζητεῖ","ζητέω"
"41","08","12","N","ASN","σημεῖον⸃;","σημεῖον","σημεῖον","σημεῖον"
"41","08","12","X","","ἀμὴν","ἀμὴν","ἀμήν","ἀμήν"
"41","08","12","V","1PAI-S","λέγω","λέγω","λέγω","λέγω"
"41","08","12","RP","DP","⸀ὑμῖν,","ὑμῖν","ὑμῖν","σύ"
"41","08","12","C","","εἰ","εἰ","εἰ","εἰ"
"41","08","12","V","3FPI-S","δοθήσεται","δοθήσεται","δοθήσεται","δίδωμι"
"41","08","12","RA","DSF","τῇ","τῇ","τῇ","ὁ"
"41","08","12","N","DSF","γενεᾷ","γενεᾷ","γενεᾷ","γενεά"
"41","08","12","RD","DSF","ταύτῃ","ταύτῃ","ταύτῃ","οὗτος"
"41","08","12","N","NSN","σημεῖον.","σημεῖον","σημεῖον","σημεῖον"
"41","08","13","C","","καὶ","καὶ","καί","καί"
"41","08","13","V","AAPNSM","ἀφεὶς","ἀφεὶς","ἀφείς","ἀφίημι"
"41","08","13","RP","APM","αὐτοὺς","αὐτοὺς","αὐτούς","αὐτός"
"41","08","13","D","","⸂πάλιν","πάλιν","πάλιν","πάλιν"
"41","08","13","V","AAPNSM","ἐμβὰς⸃","ἐμβὰς","ἐμβάς","ἐμβαίνω"
"41","08","13","V","3AAI-S","ἀπῆλθεν","ἀπῆλθεν","ἀπῆλθε(ν)","ἀπέρχομαι"
"41","08","13","P","","εἰς","εἰς","εἰς","εἰς"
"41","08","13","RA","ASN","τὸ","τὸ","τό","ὁ"
"41","08","13","D","","πέραν.","πέραν","πέραν","πέραν"
"41","08","14","C","","Καὶ","Καὶ","καί","καί"
"41","08","14","V","3AMI-P","ἐπελάθοντο","ἐπελάθοντο","ἐπελάθοντο","ἐπιλανθάνομαι"
"41","08","14","V","AAN","λαβεῖν","λαβεῖν","λαβεῖν","λαμβάνω"
"41","08","14","N","APM","ἄρτους,","ἄρτους","ἄρτους","ἄρτος"
"41","08","14","C","","καὶ","καὶ","καί","καί"
"41","08","14","C","","εἰ","εἰ","εἰ","εἰ"
"41","08","14","D","","μὴ","μὴ","μή","μή"
"41","08","14","A","ASM","ἕνα","ἕνα","ἕνα","εἷς"
"41","08","14","N","ASM","ἄρτον","ἄρτον","ἄρτον","ἄρτος"
"41","08","14","D","","οὐκ","οὐκ","οὐ","οὐ"
"41","08","14","V","3IAI-P","εἶχον","εἶχον","εἶχον","ἔχω"
"41","08","14","P","","μεθ’","μεθ’","μετά","μετά"
"41","08","14","RP","GPM","ἑαυτῶν","ἑαυτῶν","ἑαυτῶν","ἑαυτοῦ"
"41","08","14","P","","ἐν","ἐν","ἐν","ἐν"
"41","08","14","RA","DSN","τῷ","τῷ","τῷ","ὁ"
"41","08","14","N","DSN","πλοίῳ.","πλοίῳ","πλοίῳ","πλοῖον"
"41","08","15","C","","καὶ","καὶ","καί","καί"
"41","08","15","V","3IMI-S","διεστέλλετο","διεστέλλετο","διεστέλλετο","διαστέλλομαι"
"41","08","15","RP","DPM","αὐτοῖς","αὐτοῖς","αὐτοῖς","αὐτός"
"41","08","15","V","PAPNSM","λέγων·","λέγων","λέγων","λέγω"
"41","08","15","V","2PAD-P","Ὁρᾶτε,","Ὁρᾶτε","ὁρᾶτε","ὁράω"
"41","08","15","V","2PAD-P","βλέπετε","βλέπετε","βλέπετε","βλέπω"
"41","08","15","P","","ἀπὸ","ἀπὸ","ἀπό","ἀπό"
"41","08","15","RA","GSF","τῆς","τῆς","τῆς","ὁ"
"41","08","15","N","GSF","ζύμης","ζύμης","ζύμης","ζύμη"
"41","08","15","RA","GPM","τῶν","τῶν","τῶν","ὁ"
"41","08","15","N","GPM","Φαρισαίων","Φαρισαίων","Φαρισαίων","Φαρισαῖος"
"41","08","15","C","","καὶ","καὶ","καί","καί"
"41","08","15","RA","GSF","τῆς","τῆς","τῆς","ὁ"
"41","08","15","N","GSF","ζύμης","ζύμης","ζύμης","ζύμη"
"41","08","15","N","GSM","Ἡρῴδου.","Ἡρῴδου","Ἡρῴδου","Ἡρῴδης"
"41","08","16","C","","καὶ","καὶ","καί","καί"
"41","08","16","V","3IMI-P","διελογίζοντο","διελογίζοντο","διελογίζοντο","διαλογίζομαι"
"41","08","16","P","","πρὸς","πρὸς","πρός","πρός"
"41","08","16","RP","APM","⸀ἀλλήλους","ἀλλήλους","ἀλλήλους","ἀλλήλων"
"41","08","16","C","","ὅτι","ὅτι","ὅτι","ὅτι"
"41","08","16","N","APM","ἄρτους","ἄρτους","ἄρτους","ἄρτος"
"41","08","16","D","","οὐκ","οὐκ","οὐ","οὐ"
"41","08","16","V","3PAI-P","⸀ἔχουσιν.","ἔχουσιν","ἔχουσι(ν)","ἔχω"
"41","08","17","C","","καὶ","καὶ","καί","καί"
"41","08","17","V","AAPNSM","⸀γνοὺς","γνοὺς","γνούς","γινώσκω"
"41","08","17","V","3PAI-S","λέγει","λέγει","λέγει","λέγω"
"41","08","17","RP","DPM","αὐτοῖς·","αὐτοῖς","αὐτοῖς","αὐτός"
"41","08","17","RI","ASN","Τί","Τί","τί","τίς"
"41","08","17","V","2PMI-P","διαλογίζεσθε","διαλογίζεσθε","διαλογίζεσθε","διαλογίζομαι"
"41","08","17","C","","ὅτι","ὅτι","ὅτι","ὅτι"
"41","08","17","N","APM","ἄρτους","ἄρτους","ἄρτους","ἄρτος"
"41","08","17","D","","οὐκ","οὐκ","οὐ","οὐ"
"41","08","17","V","2PAI-P","ἔχετε;","ἔχετε","ἔχετε","ἔχω"
"41","08","17","D","","οὔπω","οὔπω","οὔπω","οὔπω"
"41","08","17","V","2PAI-P","νοεῖτε","νοεῖτε","νοεῖτε","νοέω"
"41","08","17","C","","οὐδὲ","οὐδὲ","οὐδέ","οὐδέ"
"41","08","17","V","2PAI-P","συνίετε;","συνίετε","συνίετε","συνίημι"
"41","08","17","V","XPPASF","⸀πεπωρωμένην","πεπωρωμένην","πεπωρωμένην","πωρόω"
"41","08","17","V","2PAI-P","ἔχετε","ἔχετε","ἔχετε","ἔχω"
"41","08","17","RA","ASF","τὴν","τὴν","τήν","ὁ"
"41","08","17","N","ASF","καρδίαν","καρδίαν","καρδίαν","καρδία"
"41","08","17","RP","GP","ὑμῶν;","ὑμῶν","ὑμῶν","σύ"
"41","08","18","N","APM","ὀφθαλμοὺς","ὀφθαλμοὺς","ὀφθαλμούς","ὀφθαλμός"
"41","08","18","V","PAPNPM","ἔχοντες","ἔχοντες","ἔχοντες","ἔχω"
"41","08","18","D","","οὐ","οὐ","οὐ","οὐ"
"41","08","18","V","2PAI-P","βλέπετε","βλέπετε","βλέπετε","βλέπω"
"41","08","18","C","","καὶ","καὶ","καί","καί"
"41","08","18","N","APN","ὦτα","ὦτα","ὦτα","οὖς"
"41","08","18","V","PAPNPM","ἔχοντες","ἔχοντες","ἔχοντες","ἔχω"
"41","08","18","D","","οὐκ","οὐκ","οὐ","οὐ"
"41","08","18","V","2PAI-P","ἀκούετε;","ἀκούετε","ἀκούετε","ἀκούω"
"41","08","18","C","","καὶ","καὶ","καί","καί"
"41","08","18","D","","οὐ","οὐ","οὐ","οὐ"
"41","08","18","V","2PAI-P","μνημονεύετε","μνημονεύετε","μνημονεύετε","μνημονεύω"
"41","08","19","C","","ὅτε","ὅτε","ὅτε","ὅτε"
"41","08","19","RA","APM","τοὺς","τοὺς","τούς","ὁ"
"41","08","19","A","APM","πέντε","πέντε","πέντε","πέντε"
"41","08","19","N","APM","ἄρτους","ἄρτους","ἄρτους","ἄρτος"
"41","08","19","V","1AAI-S","ἔκλασα","ἔκλασα","ἔκλασα","κλάω"
"41","08","19","P","","εἰς","εἰς","εἰς","εἰς"
"41","08","19","RA","APM","τοὺς","τοὺς","τούς","ὁ"
"41","08","19","A","APM","πεντακισχιλίους,","πεντακισχιλίους","πεντακισχιλίους","πεντακισχίλιοι"
"41","08","19","RI","APM","πόσους","πόσους","πόσους","πόσος"
"41","08","19","N","APM","κοφίνους","κοφίνους","κοφίνους","κόφινος"
"41","08","19","N","GPN","⸂κλασμάτων","κλασμάτων","κλασμάτων","κλάσμα"
"41","08","19","A","APM","πλήρεις⸃","πλήρεις","πλήρεις","πλήρης"
"41","08","19","V","2AAI-P","ἤρατε;","ἤρατε","ἤρατε","αἴρω"
"41","08","19","V","3PAI-P","λέγουσιν","λέγουσιν","λέγουσι(ν)","λέγω"
"41","08","19","RP","DSM","αὐτῷ·","αὐτῷ","αὐτῷ","αὐτός"
"41","08","19","A","APM","Δώδεκα.","Δώδεκα","δώδεκα","δώδεκα"
"41","08","20","C","","ὅτε","ὅτε","ὅτε","ὅτε"
"41","08","20","C","","⸀καὶ","καὶ","καί","καί"
"41","08","20","RA","APM","τοὺς","τοὺς","τούς","ὁ"
"41","08","20","A","APM","ἑπτὰ","ἑπτὰ","ἑπτά","ἑπτά"
"41","08","20","P","","εἰς","εἰς","εἰς","εἰς"
"41","08","20","RA","APM","τοὺς","τοὺς","τούς","ὁ"
"41","08","20","A","APM","τετρακισχιλίους,","τετρακισχιλίους","τετρακισχιλίους","τετρακισχίλιοι"
"41","08","20","RI","GPF","πόσων","πόσων","πόσων","πόσος"
"41","08","20","N","GPF","σπυρίδων","σπυρίδων","σπυρίδων","σπυρίς"
"41","08","20","N","APN","πληρώματα","πληρώματα","πληρώματα","πλήρωμα"
"41","08","20","N","GPN","κλασμάτων","κλασμάτων","κλασμάτων","κλάσμα"
"41","08","20","V","2AAI-P","ἤρατε;","ἤρατε","ἤρατε","αἴρω"
"41","08","20","C","","⸂καὶ","καὶ","καί","καί"
"41","08","20","V","3PAI-P","λέγουσιν","λέγουσιν","λέγουσι(ν)","λέγω"
"41","08","20","RP","DSM","αὐτῷ⸃·","αὐτῷ","αὐτῷ","αὐτός"
"41","08","20","A","APF","Ἑπτά.","Ἑπτά","ἑπτά","ἑπτά"
"41","08","21","C","","καὶ","καὶ","καί","καί"
"41","08","21","V","3IAI-S","ἔλεγεν","ἔλεγεν","ἔλεγε(ν)","λέγω"
"41","08","21","RP","DPM","αὐτοῖς·","αὐτοῖς","αὐτοῖς","αὐτός"
"41","08","21","D","","⸀Οὔπω","Οὔπω","οὔπω","οὔπω"
"41","08","21","V","2PAI-P","συνίετε;","συνίετε","συνίετε","συνίημι"
"41","08","22","C","","Καὶ","Καὶ","καί","καί"
"41","08","22","V","3PMI-P","⸀ἔρχονται","ἔρχονται","ἔρχονται","ἔρχομαι"
"41","08","22","P","","εἰς","εἰς","εἰς","εἰς"
"41","08","22","N","ASF","Βηθσαϊδάν.","Βηθσαϊδάν","Βηθσαϊδάν","Βηθσαϊδάν"
"41","08","22","C","","καὶ","καὶ","καί","καί"
"41","08","22","V","3PAI-P","φέρουσιν","φέρουσιν","φέρουσι(ν)","φέρω"
"41","08","22","RP","DSM","αὐτῷ","αὐτῷ","αὐτῷ","αὐτός"
"41","08","22","A","ASM","τυφλὸν","τυφλὸν","τυφλόν","τυφλός"
"41","08","22","C","","καὶ","καὶ","καί","καί"
"41","08","22","V","3PAI-P","παρακαλοῦσιν","παρακαλοῦσιν","παρακαλοῦσι(ν)","παρακαλέω"
"41","08","22","RP","ASM","αὐτὸν","αὐτὸν","αὐτόν","αὐτός"
"41","08","22","C","","ἵνα","ἵνα","ἵνα","ἵνα"
"41","08","22","RP","GSM","αὐτοῦ","αὐτοῦ","αὐτοῦ","αὐτός"
"41","08","22","V","3AMS-S","ἅψηται.","ἅψηται","ἅψηται","ἅπτω"
"41","08","23","C","","καὶ","καὶ","καί","καί"
"41","08","23","V","AMPNSM","ἐπιλαβόμενος","ἐπιλαβόμενος","ἐπιλαβόμενος","ἐπιλαμβάνομαι"
"41","08","23","RA","GSF","τῆς","τῆς","τῆς","ὁ"
"41","08","23","N","GSF","χειρὸς","χειρὸς","χειρός","χείρ"
"41","08","23","RA","GSM","τοῦ","τοῦ","τοῦ","ὁ"
"41","08","23","A","GSM","τυφλοῦ","τυφλοῦ","τυφλοῦ","τυφλός"
"41","08","23","V","3AAI-S","⸀ἐξήνεγκεν","ἐξήνεγκεν","ἐξήνεγκε(ν)","ἐκφέρω"
"41","08","23","RP","ASM","αὐτὸν","αὐτὸν","αὐτόν","αὐτός"
"41","08","23","P","","ἔξω","ἔξω","ἔξω","ἔξω"
"41","08","23","RA","GSF","τῆς","τῆς","τῆς","ὁ"
"41","08","23","N","GSF","κώμης,","κώμης","κώμης","κώμη"
"41","08","23","C","","καὶ","καὶ","καί","καί"
"41","08","23","V","AAPNSM","πτύσας","πτύσας","πτύσας","πτύω"
"41","08","23","P","","εἰς","εἰς","εἰς","εἰς"
"41","08","23","RA","APN","τὰ","τὰ","τά","ὁ"
"41","08","23","N","APN","ὄμματα","ὄμματα","ὄμματα","ὄμμα"
"41","08","23","RP","GSM","αὐτοῦ,","αὐτοῦ","αὐτοῦ","αὐτός"
"41","08","23","V","AAPNSM","ἐπιθεὶς","ἐπιθεὶς","ἐπιθείς","ἐπιτίθημι"
"41","08","23","RA","APF","τὰς","τὰς","τάς","ὁ"
"41","08","23","N","APF","χεῖρας","χεῖρας","χεῖρας","χείρ"
"41","08","23","RP","DSM","αὐτῷ,","αὐτῷ","αὐτῷ","αὐτός"
"41","08","23","V","3IAI-S","ἐπηρώτα","ἐπηρώτα","ἐπηρώτα","ἐπερωτάω"
"41","08","23","RP","ASM","αὐτόν·","αὐτόν","αὐτόν","αὐτός"
"41","08","23","X","","Εἴ","Εἴ","εἰ","εἰ"
"41","08","23","RI","ASN","τι","τι","τὶ","τις"
"41","08","23","V","2PAI-S","⸀βλέπεις;","βλέπεις","βλέπεις","βλέπω"
"41","08","24","C","","καὶ","καὶ","καί","καί"
"41","08","24","V","AAPNSM","ἀναβλέψας","ἀναβλέψας","ἀναβλέψας","ἀναβλέπω"
"41","08","24","V","3IAI-S","ἔλεγεν·","ἔλεγεν","ἔλεγε(ν)","λέγω"
"41","08","24","V","1PAI-S","Βλέπω","Βλέπω","βλέπω","βλέπω"
"41","08","24","RA","APM","τοὺς","τοὺς","τούς","ὁ"
"41","08","24","N","APM","ἀνθρώπους","ἀνθρώπους","ἀνθρώπους","ἄνθρωπος"
"41","08","24","C","","ὅτι","ὅτι","ὅτι","ὅτι"
"41","08","24","C","","ὡς","ὡς","ὡς","ὡς"
"41","08","24","N","APN","δένδρα","δένδρα","δένδρα","δένδρον"
"41","08","24","V","1PAI-S","ὁρῶ","ὁρῶ","ὁρῶ","ὁράω"
"41","08","24","V","PAPAPM","περιπατοῦντας.","περιπατοῦντας","περιπατοῦντας","περιπατέω"
"41","08","25","D","","εἶτα","εἶτα","εἶτα","εἶτα"
"41","08","25","D","","πάλιν","πάλιν","πάλιν","πάλιν"
"41","08","25","V","3AAI-S","⸀ἐπέθηκεν","ἐπέθηκεν","ἐπέθηκε(ν)","ἐπιτίθημι"
"41","08","25","RA","APF","τὰς","τὰς","τάς","ὁ"
"41","08","25","N","APF","χεῖρας","χεῖρας","χεῖρας","χείρ"
"41","08","25","P","","ἐπὶ","ἐπὶ","ἐπί","ἐπί"
"41","08","25","RA","APM","τοὺς","τοὺς","τούς","ὁ"
"41","08","25","N","APM","ὀφθαλμοὺς","ὀφθαλμοὺς","ὀφθαλμούς","ὀφθαλμός"
"41","08","25","RP","GSM","αὐτοῦ,","αὐτοῦ","αὐτοῦ","αὐτός"
"41","08","25","C","","καὶ","καὶ","καί","καί"
"41","08","25","V","3AAI-S","⸂διέβλεψεν","διέβλεψεν","διέβλεψε(ν)","διαβλέπω"
"41","08","25","C","","καὶ","καὶ","καί","καί"
"41","08","25","V","3AAI-S","ἀπεκατέστη","ἀπεκατέστη","ἀπεκατέστη","ἀποκαθίστημι"
"41","08","25","C","","καὶ","καὶ","καί","καί"
"41","08","25","V","3IAI-S","ἐνέβλεπεν⸃","ἐνέβλεπεν","ἐνέβλεπε(ν)","ἐμβλέπω"
"41","08","25","D","","τηλαυγῶς","τηλαυγῶς","τηλαυγῶς","τηλαυγῶς"
"41","08","25","A","APN","⸀ἅπαντα.","ἅπαντα","ἅπαντα","ἅπας"
"41","08","26","C","","καὶ","καὶ","καί","καί"
"41","08","26","V","3AAI-S","ἀπέστειλεν","ἀπέστειλεν","ἀπέστειλε(ν)","ἀποστέλλω"
"41","08","26","RP","ASM","αὐτὸν","αὐτὸν","αὐτόν","αὐτός"
"41","08","26","P","","⸀εἰς","εἰς","εἰς","εἰς"
"41","08","26","N","ASM","οἶκον","οἶκον","οἶκον","οἶκος"
"41","08","26","RP","GSM","αὐτοῦ","αὐτοῦ","αὐτοῦ","αὐτός"
"41","08","26","V","PAPNSM","λέγων·","λέγων","λέγων","λέγω"
"41","08","26","D","","Μηδὲ","Μηδὲ","μηδέ","μηδέ"
"41","08","26","P","","εἰς","εἰς","εἰς","εἰς"
"41","08","26","RA","ASF","τὴν","τὴν","τήν","ὁ"
"41","08","26","N","ASF","κώμην","κώμην","κώμην","κώμη"
"41","08","26","V","2AAS-S","⸀εἰσέλθῃς.","εἰσέλθῃς","εἰσέλθῃς","εἰσέρχομαι"
"41","08","27","C","","Καὶ","Καὶ","καί","καί"
"41","08","27","V","3AAI-S","ἐξῆλθεν","ἐξῆλθεν","ἐξῆλθε(ν)","ἐξέρχομαι"
"41","08","27","RA","NSM","ὁ","ὁ","ὁ","ὁ"
"41","08","27","N","NSM","Ἰησοῦς","Ἰησοῦς","Ἰησοῦς","Ἰησοῦς"
"41","08","27","C","","καὶ","καὶ","καί","καί"
"41","08","27","RA","NPM","οἱ","οἱ","οἱ","ὁ"
"41","08","27","N","NPM","μαθηταὶ","μαθηταὶ","μαθηταί","μαθητής"
"41","08","27","RP","GSM","αὐτοῦ","αὐτοῦ","αὐτοῦ","αὐτός"
"41","08","27","P","","εἰς","εἰς","εἰς","εἰς"
"41","08","27","RA","APF","τὰς","τὰς","τάς","ὁ"
"41","08","27","N","APF","κώμας","κώμας","κώμας","κώμη"
"41","08","27","N","GSF","Καισαρείας","Καισαρείας","Καισαρείας","Καισάρεια"
"41","08","27","RA","GSF","τῆς","τῆς","τῆς","ὁ"
"41","08","27","N","GSM","Φιλίππου·","Φιλίππου","Φιλίππου","Φίλιππος"
"41","08","27","C","","καὶ","καὶ","καί","καί"
"41","08","27","P","","ἐν","ἐν","ἐν","ἐν"
"41","08","27","RA","DSF","τῇ","τῇ","τῇ","ὁ"
"41","08","27","N","DSF","ὁδῷ","ὁδῷ","ὁδῷ","ὁδός"
"41","08","27","V","3IAI-S","ἐπηρώτα","ἐπηρώτα","ἐπηρώτα","ἐπερωτάω"
"41","08","27","RA","APM","τοὺς","τοὺς","τούς","ὁ"
"41","08","27","N","APM","μαθητὰς","μαθητὰς","μαθητάς","μαθητής"
"41","08","27","RP","GSM","αὐτοῦ","αὐτοῦ","αὐτοῦ","αὐτός"
"41","08","27","V","PAPNSM","λέγων","λέγων","λέγων","λέγω"
"41","08","27","RP","DPM","αὐτοῖς·","αὐτοῖς","αὐτοῖς","αὐτός"
"41","08","27","RI","ASM","Τίνα","Τίνα","τίνα","τίς"
"41","08","27","RP","AS","με","με","με","ἐγώ"
"41","08","27","V","3PAI-P","λέγουσιν","λέγουσιν","λέγουσι(ν)","λέγω"
"41","08","27","RA","NPM","οἱ","οἱ","οἱ","ὁ"
"41","08","27","N","NPM","ἄνθρωποι","ἄνθρωποι","ἄνθρωποι","ἄνθρωπος"
"41","08","27","V","PAN","εἶναι;","εἶναι","εἶναι","εἰμί"
"41","08","28","RA","NPM","οἱ","οἱ","οἱ","ὁ"
"41","08","28","C","","δὲ","δὲ","δέ","δέ"
"41","08","28","V","3AAI-P","⸂εἶπαν","εἶπαν","εἶπαν","λέγω"
"41","08","28","RP","DSM","αὐτῷ","αὐτῷ","αὐτῷ","αὐτός"
"41","08","28","V","PAPNPM","λέγοντες⸃","λέγοντες","λέγοντες","λέγω"
"41","08","28","C","","⸀ὅτι","ὅτι","ὅτι","ὅτι"
"41","08","28","N","ASM","Ἰωάννην","Ἰωάννην","Ἰωάννην","Ἰωάννης"
"41","08","28","RA","ASM","τὸν","τὸν","τόν","ὁ"
"41","08","28","N","ASM","βαπτιστήν,","βαπτιστήν","βαπτιστήν","βαπτιστής"
"41","08","28","C","","καὶ","καὶ","καί","καί"
"41","08","28","A","NPM","ἄλλοι","ἄλλοι","ἄλλοι","ἄλλος"
"41","08","28","N","ASM","Ἠλίαν,","Ἠλίαν","Ἠλίαν","Ἠλίας"
"41","08","28","A","NPM","ἄλλοι","ἄλλοι","ἄλλοι","ἄλλος"
"41","08","28","C","","δὲ","δὲ","δέ","δέ"
"41","08","28","C","","⸂ὅτι","ὅτι","ὅτι","ὅτι"
"41","08","28","A","NSM","εἷς⸃","εἷς","εἷς","εἷς"
"41","08","28","RA","GPM","τῶν","τῶν","τῶν","ὁ"
"41","08","28","N","GPM","προφητῶν.","προφητῶν","προφητῶν","προφήτης"
"41","08","29","C","","καὶ","καὶ","καί","καί"
"41","08","29","RP","NSM","αὐτὸς","αὐτὸς","αὐτός","αὐτός"
"41","08","29","V","3IAI-S","⸂ἐπηρώτα","ἐπηρώτα","ἐπηρώτα","ἐπερωτάω"
"41","08","29","RP","APM","αὐτούς⸃·","αὐτούς","αὐτούς","αὐτός"
"41","08","29","RP","NP","Ὑμεῖς","Ὑμεῖς","ὑμεῖς","σύ"
"41","08","29","C","","δὲ","δὲ","δέ","δέ"
"41","08","29","RI","ASM","τίνα","τίνα","τίνα","τίς"
"41","08","29","RP","AS","με","με","με","ἐγώ"
"41","08","29","V","2PAI-P","λέγετε","λέγετε","λέγετε","λέγω"
"41","08","29","V","PAN","εἶναι;","εἶναι","εἶναι","εἰμί"
"41","08","29","V","APPNSM","⸀ἀποκριθεὶς","ἀποκριθεὶς","ἀποκριθείς","ἀποκρίνομαι"
"41","08","29","RA","NSM","ὁ","ὁ","ὁ","ὁ"
"41","08","29","N","NSM","Πέτρος","Πέτρος","Πέτρος","Πέτρος"
"41","08","29","V","3PAI-S","λέγει","λέγει","λέγει","λέγω"
"41","08","29","RP","DSM","αὐτῷ·","αὐτῷ","αὐτῷ","αὐτός"
"41","08","29","RP","NS","Σὺ","Σὺ","σύ","σύ"
"41","08","29","V","2PAI-S","εἶ","εἶ","εἶ","εἰμί"
"41","08","29","RA","NSM","ὁ","ὁ","ὁ","ὁ"
"41","08","29","N","NSM","χριστός.","χριστός","Χριστός","Χριστός"
"41","08","30","C","","καὶ","καὶ","καί","καί"
"41","08","30","V","3AAI-S","ἐπετίμησεν","ἐπετίμησεν","ἐπετίμησε(ν)","ἐπιτιμάω"
"41","08","30","RP","DPM","αὐτοῖς","αὐτοῖς","αὐτοῖς","αὐτός"
"41","08","30","C","","ἵνα","ἵνα","ἵνα","ἵνα"
"41","08","30","A","DSM","μηδενὶ","μηδενὶ","μηδενί","μηδείς"
"41","08","30","V","3PAS-P","λέγωσιν","λέγωσιν","λέγωσι(ν)","λέγω"
"41","08","30","P","","περὶ","περὶ","περί","περί"
"41","08","30","RP","GSM","αὐτοῦ.","αὐτοῦ","αὐτοῦ","αὐτός"
"41","08","31","C","","Καὶ","Καὶ","καί","καί"
"41","08","31","V","3AMI-S","ἤρξατο","ἤρξατο","ἤρξατο","ἄρχω"
"41","08","31","V","PAN","διδάσκειν","διδάσκειν","διδάσκειν","διδάσκω"
"41","08","31","RP","APM","αὐτοὺς","αὐτοὺς","αὐτούς","αὐτός"
"41","08","31","C","","ὅτι","ὅτι","ὅτι","ὅτι"
"41","08","31","V","3PAI-S","δεῖ","δεῖ","δεῖ","δέω"
"41","08","31","RA","ASM","τὸν","τὸν","τόν","ὁ"
"41","08","31","N","ASM","υἱὸν","υἱὸν","υἱόν","υἱός"
"41","08","31","RA","GSM","τοῦ","τοῦ","τοῦ","ὁ"
"41","08","31","N","GSM","ἀνθρώπου","ἀνθρώπου","ἀνθρώπου","ἄνθρωπος"
"41","08","31","A","APN","πολλὰ","πολλὰ","πολλά","πολύς"
"41","08","31","V","AAN","παθεῖν","παθεῖν","παθεῖν","πάσχω"
"41","08","31","C","","καὶ","καὶ","καί","καί"
"41","08","31","V","APN","ἀποδοκιμασθῆναι","ἀποδοκιμασθῆναι","ἀποδοκιμασθῆναι","ἀποδοκιμάζω"
"41","08","31","P","","⸀ὑπὸ","ὑπὸ","ὑπό","ὑπό"
"41","08","31","RA","GPM","τῶν","τῶν","τῶν","ὁ"
"41","08","31","A","GPM","πρεσβυτέρων","πρεσβυτέρων","πρεσβυτέρων","πρεσβύτερος"
"41","08","31","C","","καὶ","καὶ","καί","καί"
"41","08","31","RA","GPM","τῶν","τῶν","τῶν","ὁ"
"41","08","31","N","GPM","ἀρχιερέων","ἀρχιερέων","ἀρχιερέων","ἀρχιερεύς"
"41","08","31","C","","καὶ","καὶ","καί","καί"
"41","08","31","RA","GPM","τῶν","τῶν","τῶν","ὁ"
"41","08","31","N","GPM","γραμματέων","γραμματέων","γραμματέων","γραμματεύς"
"41","08","31","C","","καὶ","καὶ","καί","καί"
"41","08","31","V","APN","ἀποκτανθῆναι","ἀποκτανθῆναι","ἀποκτανθῆναι","ἀποκτείνω"
"41","08","31","C","","καὶ","καὶ","καί","καί"
"41","08","31","P","","μετὰ","μετὰ","μετά","μετά"
"41","08","31","A","APF","τρεῖς","τρεῖς","τρεῖς","τρεῖς"
"41","08","31","N","APF","ἡμέρας","ἡμέρας","ἡμέρας","ἡμέρα"
"41","08","31","V","AAN","ἀναστῆναι·","ἀναστῆναι","ἀναστῆναι","ἀνίστημι"
"41","08","32","C","","καὶ","καὶ","καί","καί"
"41","08","32","N","DSF","παρρησίᾳ","παρρησίᾳ","παρρησίᾳ","παρρησία"
"41","08","32","RA","ASM","τὸν","τὸν","τόν","ὁ"
"41","08","32","N","ASM","λόγον","λόγον","λόγον","λόγος"
"41","08","32","V","3IAI-S","ἐλάλει.","ἐλάλει","ἐλάλει","λαλέω"
"41","08","32","C","","καὶ","καὶ","καί","καί"
"41","08","32","V","AMPNSM","προσλαβόμενος","προσλαβόμενος","προσλαβόμενος","προσλαμβάνομαι"
"41","08","32","RA","NSM","⸂ὁ","ὁ","ὁ","ὁ"
"41","08","32","N","NSM","Πέτρος","Πέτρος","Πέτρος","Πέτρος"
"41","08","32","RP","ASM","αὐτὸν⸃","αὐτὸν","αὐτόν","αὐτός"
"41","08","32","V","3AMI-S","ἤρξατο","ἤρξατο","ἤρξατο","ἄρχω"
"41","08","32","V","PAN","ἐπιτιμᾶν","ἐπιτιμᾶν","ἐπιτιμᾶν","ἐπιτιμάω"
"41","08","32","RP","DSM","αὐτῷ.","αὐτῷ","αὐτῷ","αὐτός"
"41","08","33","RA","NSM","ὁ","ὁ","ὁ","ὁ"
"41","08","33","C","","δὲ","δὲ","δέ","δέ"
"41","08","33","V","APPNSM","ἐπιστραφεὶς","ἐπιστραφεὶς","ἐπιστραφείς","ἐπιστρέφω"
"41","08","33","C","","καὶ","καὶ","καί","καί"
"41","08","33","V","AAPNSM","ἰδὼν","ἰδὼν","ἰδών","ὁράω"
"41","08","33","RA","APM","τοὺς","τοὺς","τούς","ὁ"
"41","08","33","N","APM","μαθητὰς","μαθητὰς","μαθητάς","μαθητής"
"41","08","33","RP","GSM","αὐτοῦ","αὐτοῦ","αὐτοῦ","αὐτός"
"41","08","33","V","3AAI-S","ἐπετίμησεν","ἐπετίμησεν","ἐπετίμησε(ν)","ἐπιτιμάω"
"41","08","33","N","DSM","⸀Πέτρῳ","Πέτρῳ","Πέτρῳ","Πέτρος"
"41","08","33","C","","⸂καὶ","καὶ","καί","καί"
"41","08","33","V","3PAI-S","λέγει⸃·","λέγει","λέγει","λέγω"
"41","08","33","V","2PAD-S","Ὕπαγε","Ὕπαγε","ὕπαγε","ὑπάγω"
"41","08","33","P","","ὀπίσω","ὀπίσω","ὀπίσω","ὀπίσω"
"41","08","33","RP","GS","μου,","μου","μου","ἐγώ"
"41","08","33","N","VSM","Σατανᾶ,","Σατανᾶ","Σατανᾶ","Σατανᾶς"
"41","08","33","C","","ὅτι","ὅτι","ὅτι","ὅτι"
"41","08","33","D","","οὐ","οὐ","οὐ","οὐ"
"41","08","33","V","2PAI-S","φρονεῖς","φρονεῖς","φρονεῖς","φρονέω"
"41","08","33","RA","APN","τὰ","τὰ","τά","ὁ"
"41","08","33","RA","GSM","τοῦ","τοῦ","τοῦ","ὁ"
"41","08","33","N","GSM","θεοῦ","θεοῦ","θεοῦ","θεός"
"41","08","33","C","","ἀλλὰ","ἀλλὰ","ἀλλά","ἀλλά"
"41","08","33","RA","APN","τὰ","τὰ","τά","ὁ"
"41","08","33","RA","GPM","τῶν","τῶν","τῶν","ὁ"
"41","08","33","N","GPM","ἀνθρώπων.","ἀνθρώπων","ἀνθρώπων","ἄνθρωπος"
"41","08","34","C","","Καὶ","Καὶ","καί","καί"
"41","08","34","V","AMPNSM","προσκαλεσάμενος","προσκαλεσάμενος","προσκαλεσάμενος","προσκαλέομαι"
"41","08","34","RA","ASM","τὸν","τὸν","τόν","ὁ"
"41","08","34","N","ASM","ὄχλον","ὄχλον","ὄχλον","ὄχλος"
"41","08","34","P","","σὺν","σὺν","σύν","σύν"
"41","08","34","RA","DPM","τοῖς","τοῖς","τοῖς","ὁ"
"41","08","34","N","DPM","μαθηταῖς","μαθηταῖς","μαθηταῖς","μαθητής"
"41","08","34","RP","GSM","αὐτοῦ","αὐτοῦ","αὐτοῦ","αὐτός"
"41","08","34","V","3AAI-S","εἶπεν","εἶπεν","εἶπε(ν)","λέγω"
"41","08","34","RP","DPM","αὐτοῖς·","αὐτοῖς","αὐτοῖς","αὐτός"
"41","08","34","C","","⸂Εἴ","Εἴ","εἰ","εἰ"
"41","08","34","RI","NSM","τις⸃","τις","τὶς","τις"
"41","08","34","V","3PAI-S","θέλει","θέλει","θέλει","θέλω"
"41","08","34","P","","ὀπίσω","ὀπίσω","ὀπίσω","ὀπίσω"
"41","08","34","RP","GS","μου","μου","μου","ἐγώ"
"41","08","34","V","AAN","⸀ἐλθεῖν,","ἐλθεῖν","ἐλθεῖν","ἔρχομαι"
"41","08","34","V","3AMD-S","ἀπαρνησάσθω","ἀπαρνησάσθω","ἀπαρνησάσθω","ἀπαρνέομαι"
"41","08","34","RP","ASM","ἑαυτὸν","ἑαυτὸν","ἑαυτόν","ἑαυτοῦ"
"41","08","34","C","","καὶ","καὶ","καί","καί"
"41","08","34","V","3AAD-S","ἀράτω","ἀράτω","ἀράτω","αἴρω"
"41","08","34","RA","ASM","τὸν","τὸν","τόν","ὁ"
"41","08","34","N","ASM","σταυρὸν","σταυρὸν","σταυρόν","σταυρός"
"41","08","34","RP","GSM","αὐτοῦ","αὐτοῦ","αὐτοῦ","αὐτός"
"41","08","34","C","","καὶ","καὶ","καί","καί"
"41","08","34","V","3PAD-S","ἀκολουθείτω","ἀκολουθείτω","ἀκολουθείτω","ἀκολουθέω"
"41","08","34","RP","DS","μοι.","μοι","μοι","ἐγώ"
"41","08","35","RR","NSM","ὃς","ὃς","ὅς","ὅς"
"41","08","35","C","","γὰρ","γὰρ","γάρ","γάρ"
"41","08","35","X","","⸀ἐὰν","ἐὰν","ἐάν","ἐάν"
"41","08","35","V","3PAS-S","θέλῃ","θέλῃ","θέλῃ","θέλω"
"41","08","35","RA","ASF","τὴν","τὴν","τήν","ὁ"
"41","08","35","N","ASF","⸂ψυχὴν","ψυχὴν","ψυχήν","ψυχή"
"41","08","35","RP","GSM","αὐτοῦ⸃","αὐτοῦ","αὐτοῦ","αὐτός"
"41","08","35","V","AAN","σῶσαι","σῶσαι","σῶσαι","σῴζω"
"41","08","35","V","3FAI-S","ἀπολέσει","ἀπολέσει","ἀπολέσει","ἀπόλλυμι"
"41","08","35","RP","ASF","αὐτήν·","αὐτήν","αὐτήν","αὐτός"
"41","08","35","RR","NSM","ὃς","ὃς","ὅς","ὅς"
"41","08","35","C","","δ’","δ’","δέ","δέ"
"41","08","35","X","","ἂν","ἂν","ἄν","ἄν"
"41","08","35","V","3FAI-S","⸀ἀπολέσει","ἀπολέσει","ἀπολέσει","ἀπόλλυμι"
"41","08","35","RA","ASF","τὴν","τὴν","τήν","ὁ"
"41","08","35","N","ASF","⸄ψυχὴν","ψυχὴν","ψυχήν","ψυχή"
"41","08","35","RP","GSM","αὐτοῦ⸅","αὐτοῦ","αὐτοῦ","αὐτός"
"41","08","35","P","","ἕνεκεν","ἕνεκεν","ἕνεκεν","ἕνεκεν"
"41","08","35","RP","GS","ἐμοῦ","ἐμοῦ","ἐμοῦ","ἐγώ"
"41","08","35","C","","καὶ","καὶ","καί","καί"
"41","08","35","RA","GSN","τοῦ","τοῦ","τοῦ","ὁ"
"41","08","35","N","GSN","εὐαγγελίου","εὐαγγελίου","εὐαγγελίου","εὐαγγέλιον"
"41","08","35","V","3FAI-S","⸀σώσει","σώσει","σώσει","σῴζω"
"41","08","35","RP","ASF","αὐτήν.","αὐτήν","αὐτήν","αὐτός"
"41","08","36","RI","NSN","τί","τί","τί","τίς"
"41","08","36","C","","γὰρ","γὰρ","γάρ","γάρ"
"41","08","36","V","3PAI-S","⸀ὠφελεῖ","ὠφελεῖ","ὠφελεῖ","ὠφελέω"
"41","08","36","N","ASM","⸀ἄνθρωπον","ἄνθρωπον","ἄνθρωπον","ἄνθρωπος"
"41","08","36","V","AAN","⸂κερδῆσαι","κερδῆσαι","κερδῆσαι","κερδαίνω"
"41","08","36","RA","ASM","τὸν","τὸν","τόν","ὁ"
"41","08","36","N","ASM","κόσμον","κόσμον","κόσμον","κόσμος"
"41","08","36","A","ASM","ὅλον","ὅλον","ὅλον","ὅλος"
"41","08","36","C","","καὶ","καὶ","καί","καί"
"41","08","36","V","APN","ζημιωθῆναι⸃","ζημιωθῆναι","ζημιωθῆναι","ζημιόω"
"41","08","36","RA","ASF","τὴν","τὴν","τήν","ὁ"
"41","08","36","N","ASF","ψυχὴν","ψυχὴν","ψυχήν","ψυχή"
"41","08","36","RP","GSM","αὐτοῦ;","αὐτοῦ","αὐτοῦ","αὐτός"
"41","08","37","RI","ASN","⸂τί","τί","τί","τίς"
"41","08","37","C","","γὰρ⸃","γὰρ","γάρ","γάρ"
"41","08","37","V","3AAS-S","⸀δοῖ","δοῖ","δοῖ","δίδωμι"
"41","08","37","N","NSM","ἄνθρωπος","ἄνθρωπος","ἄνθρωπος","ἄνθρωπος"
"41","08","37","N","ASN","ἀντάλλαγμα","ἀντάλλαγμα","ἀντάλλαγμα","ἀντάλλαγμα"
"41","08","37","RA","GSF","τῆς","τῆς","τῆς","ὁ"
"41","08","37","N","GSF","ψυχῆς","ψυχῆς","ψυχῆς","ψυχή"
"41","08","37","RP","GSM","αὐτοῦ;","αὐτοῦ","αὐτοῦ","αὐτός"
"41","08","38","RR","NSM","ὃς","ὃς","ὅς","ὅς"
"41","08","38","C","","γὰρ","γὰρ","γάρ","γάρ"
"41","08","38","X","","ἐὰν","ἐὰν","ἐάν","ἐάν"
"41","08","38","V","3APS-S","ἐπαισχυνθῇ","ἐπαισχυνθῇ","ἐπαισχυνθῇ","ἐπαισχύνομαι"
"41","08","38","RP","AS","με","με","με","ἐγώ"
"41","08","38","C","","καὶ","καὶ","καί","καί"
"41","08","38","RA","APM","τοὺς","τοὺς","τούς","ὁ"
"41","08","38","A","APM","ἐμοὺς","ἐμοὺς","ἐμούς","ἐμός"
"41","08","38","N","APM","λόγους","λόγους","λόγους","λόγος"
"41","08","38","P","","ἐν","ἐν","ἐν","ἐν"
"41","08","38","RA","DSF","τῇ","τῇ","τῇ","ὁ"
"41","08","38","N","DSF","γενεᾷ","γενεᾷ","γενεᾷ","γενεά"
"41","08","38","RD","DSF","ταύτῃ","ταύτῃ","ταύτῃ","οὗτος"
"41","08","38","RA","DSF","τῇ","τῇ","τῇ","ὁ"
"41","08","38","A","DSF","μοιχαλίδι","μοιχαλίδι","μοιχαλίδι","μοιχαλίς"
"41","08","38","C","","καὶ","καὶ","καί","καί"
"41","08","38","A","DSF","ἁμαρτωλῷ,","ἁμαρτωλῷ","ἁμαρτωλῷ","ἁμαρτωλός"
"41","08","38","D","","καὶ","καὶ","καί","καί"
"41","08","38","RA","NSM","ὁ","ὁ","ὁ","ὁ"
"41","08","38","N","NSM","υἱὸς","υἱὸς","υἱός","υἱός"
"41","08","38","RA","GSM","τοῦ","τοῦ","τοῦ","ὁ"
"41","08","38","N","GSM","ἀνθρώπου","ἀνθρώπου","ἀνθρώπου","ἄνθρωπος"
"41","08","38","V","3FPI-S","ἐπαισχυνθήσεται","ἐπαισχυνθήσεται","ἐπαισχυνθήσεται","ἐπαισχύνομαι"
"41","08","38","RP","ASM","αὐτὸν","αὐτὸν","αὐτόν","αὐτός"
"41","08","38","C","","ὅταν","ὅταν","ὅταν","ὅταν"
"41","08","38","V","3AAS-S","ἔλθῃ","ἔλθῃ","ἔλθῃ","ἔρχομαι"
"41","08","38","P","","ἐν","ἐν","ἐν","ἐν"
"41","08","38","RA","DSF","τῇ","τῇ","τῇ","ὁ"
"41","08","38","N","DSF","δόξῃ","δόξῃ","δόξῃ","δόξα"
"41","08","38","RA","GSM","τοῦ","τοῦ","τοῦ","ὁ"
"41","08","38","N","GSM","πατρὸς","πατρὸς","πατρός","πατήρ"
"41","08","38","RP","GSM","αὐτοῦ","αὐτοῦ","αὐτοῦ","αὐτός"
"41","08","38","P","","μετὰ","μετὰ","μετά","μετά"
"41","08","38","RA","GPM","τῶν","τῶν","τῶν","ὁ"
"41","08","38","N","GPM","ἀγγέλων","ἀγγέλων","ἀγγέλων","ἄγγελος"
"41","08","38","RA","GPM","τῶν","τῶν","τῶν","ὁ"
"41","08","38","A","GPM","ἁγίων.","ἁγίων","ἁγίων","ἅγιος"
"41","09","01","C","","καὶ","καὶ","καί","καί"
"41","09","01","V","3IAI-S","ἔλεγεν","ἔλεγεν","ἔλεγε(ν)","λέγω"
"41","09","01","RP","DPM","αὐτοῖς·","αὐτοῖς","αὐτοῖς","αὐτός"
"41","09","01","X","","Ἀμὴν","Ἀμὴν","ἀμήν","ἀμήν"
"41","09","01","V","1PAI-S","λέγω","λέγω","λέγω","λέγω"
"41","09","01","RP","DP","ὑμῖν","ὑμῖν","ὑμῖν","σύ"
"41","09","01","C","","ὅτι","ὅτι","ὅτι","ὅτι"
"41","09","01","V","3PAI-P","εἰσίν","εἰσίν","εἰσί(ν)","εἰμί"
"41","09","01","RI","NPM","τινες","τινες","τινές","τις"
"41","09","01","RA","GPM","⸂τῶν","τῶν","τῶν","ὁ"
"41","09","01","D","","ὧδε⸃","ὧδε","ὧδε","ὧδε"
"41","09","01","V","XAPGPM","ἑστηκότων","ἑστηκότων","ἑστηκότων","ἵστημι"
"41","09","01","RR","NPM","οἵτινες","οἵτινες","οἵτινες","ὅστις"
"41","09","01","D","","οὐ","οὐ","οὐ","οὐ"
"41","09","01","D","","μὴ","μὴ","μή","μή"
"41","09","01","V","3AMS-P","γεύσωνται","γεύσωνται","γεύσωνται","γεύομαι"
"41","09","01","N","GSM","θανάτου","θανάτου","θανάτου","θάνατος"
"41","09","01","C","","ἕως","ἕως","ἕως","ἕως"
"41","09","01","X","","ἂν","ἂν","ἄν","ἄν"
"41","09","01","V","3AAS-P","ἴδωσιν","ἴδωσιν","ἴδωσι(ν)","ὁράω"
"41","09","01","RA","ASF","τὴν","τὴν","τήν","ὁ"
"41","09","01","N","ASF","βασιλείαν","βασιλείαν","βασιλείαν","βασιλεία"
"41","09","01","RA","GSM","τοῦ","τοῦ","τοῦ","ὁ"
"41","09","01","N","GSM","θεοῦ","θεοῦ","θεοῦ","θεός"
"41","09","01","V","XAPASF","ἐληλυθυῖαν","ἐληλυθυῖαν","ἐληλυθυῖαν","ἔρχομαι"
"41","09","01","P","","ἐν","ἐν","ἐν","ἐν"
"41","09","01","N","DSF","δυνάμει.","δυνάμει","δυνάμει","δύναμις"
"41","09","02","C","","Καὶ","Καὶ","καί","καί"
"41","09","02","P","","μετὰ","μετὰ","μετά","μετά"
"41","09","02","N","APF","ἡμέρας","ἡμέρας","ἡμέρας","ἡμέρα"
"41","09","02","A","APF","ἓξ","ἓξ","ἕξ","ἕξ"
"41","09","02","V","3PAI-S","παραλαμβάνει","παραλαμβάνει","παραλαμβάνει","παραλαμβάνω"
"41","09","02","RA","NSM","ὁ","ὁ","ὁ","ὁ"
"41","09","02","N","NSM","Ἰησοῦς","Ἰησοῦς","Ἰησοῦς","Ἰησοῦς"
"41","09","02","RA","ASM","τὸν","τὸν","τόν","ὁ"
"41","09","02","N","ASM","Πέτρον","Πέτρον","Πέτρον","Πέτρος"
"41","09","02","C","","καὶ","καὶ","καί","καί"
"41","09","02","RA","ASM","τὸν","τὸν","τόν","ὁ"
"41","09","02","N","ASM","Ἰάκωβον","Ἰάκωβον","Ἰάκωβον","Ἰάκωβος"
"41","09","02","C","","⸀καὶ","καὶ","καί","καί"
"41","09","02","N","ASM","Ἰωάννην,","Ἰωάννην","Ἰωάννην","Ἰωάννης"
"41","09","02","C","","καὶ","καὶ","καί","καί"
"41","09","02","V","3PAI-S","ἀναφέρει","ἀναφέρει","ἀναφέρει","ἀναφέρω"
"41","09","02","RP","APM","αὐτοὺς","αὐτοὺς","αὐτούς","αὐτός"
"41","09","02","P","","εἰς","εἰς","εἰς","εἰς"
"41","09","02","N","ASN","ὄρος","ὄρος","ὄρος","ὄρος"
"41","09","02","A","ASN","ὑψηλὸν","ὑψηλὸν","ὑψηλόν","ὑψηλός"
"41","09","02","P","","κατ’","κατ’","κατά","κατά"
"41","09","02","A","ASF","ἰδίαν","ἰδίαν","ἰδίαν","ἴδιος"
"41","09","02","A","APM","μόνους.","μόνους","μόνους","μόνος"
"41","09","02","C","","καὶ","καὶ","καί","καί"
"41","09","02","V","3API-S","μετεμορφώθη","μετεμορφώθη","μετεμορφώθη","μεταμορφόομαι"
"41","09","02","P","","ἔμπροσθεν","ἔμπροσθεν","ἔμπροσθεν","ἔμπροσθεν"
"41","09","02","RP","GPM","αὐτῶν,","αὐτῶν","αὐτῶν","αὐτός"
"41","09","03","C","","καὶ","καὶ","καί","καί"
"41","09","03","RA","NPN","τὰ","τὰ","τά","ὁ"
"41","09","03","N","NPN","ἱμάτια","ἱμάτια","ἱμάτια","ἱμάτιον"
"41","09","03","RP","GSM","αὐτοῦ","αὐτοῦ","αὐτοῦ","αὐτός"
"41","09","03","V","3AMI-S","⸀ἐγένετο","ἐγένετο","ἐγένετο","γίνομαι"
"41","09","03","V","PAPNPN","στίλβοντα","στίλβοντα","στίλβοντα","στίλβω"
"41","09","03","A","NPN","λευκὰ","λευκὰ","λευκά","λευκός"
"41","09","03","D","","⸀λίαν","λίαν","λίαν","λίαν"
"41","09","03","RR","APN","οἷα","οἷα","οἷα","οἷος"
"41","09","03","N","NSM","γναφεὺς","γναφεὺς","γναφεύς","γναφεύς"
"41","09","03","P","","ἐπὶ","ἐπὶ","ἐπί","ἐπί"
"41","09","03","RA","GSF","τῆς","τῆς","τῆς","ὁ"
"41","09","03","N","GSF","γῆς","γῆς","γῆς","γῆ"
"41","09","03","D","","οὐ","οὐ","οὐ","οὐ"
"41","09","03","V","3PMI-S","δύναται","δύναται","δύναται","δύναμαι"
"41","09","03","D","","⸀οὕτως","οὕτως","οὕτω(ς)","οὕτω(ς)"
"41","09","03","V","AAN","λευκᾶναι.","λευκᾶναι","λευκᾶναι","λευκαίνω"
"41","09","04","C","","καὶ","καὶ","καί","καί"
"41","09","04","V","3API-S","ὤφθη","ὤφθη","ὤφθη","ὁράω"
"41","09","04","RP","DPM","αὐτοῖς","αὐτοῖς","αὐτοῖς","αὐτός"
"41","09","04","N","NSM","Ἠλίας","Ἠλίας","Ἠλίας","Ἠλίας"
"41","09","04","P","","σὺν","σὺν","σύν","σύν"
"41","09","04","N","DSM","Μωϋσεῖ,","Μωϋσεῖ","Μωϋσεῖ","Μωϋσῆς"
"41","09","04","C","","καὶ","καὶ","καί","καί"
"41","09","04","V","3IAI-P","ἦσαν","ἦσαν","ἦσαν","εἰμί"
"41","09","04","V","PAPNPM","συλλαλοῦντες","συλλαλοῦντες","συλλαλοῦντες","συλλαλέω"
"41","09","04","RA","DSM","τῷ","τῷ","τῷ","ὁ"
"41","09","04","N","DSM","Ἰησοῦ.","Ἰησοῦ","Ἰησοῦ","Ἰησοῦς"
"41","09","05","C","","καὶ","καὶ","καί","καί"
"41","09","05","V","APPNSM","ἀποκριθεὶς","ἀποκριθεὶς","ἀποκριθείς","ἀποκρίνομαι"
"41","09","05","RA","NSM","ὁ","ὁ","ὁ","ὁ"
"41","09","05","N","NSM","Πέτρος","Πέτρος","Πέτρος","Πέτρος"
"41","09","05","V","3PAI-S","λέγει","λέγει","λέγει","λέγω"
"41","09","05","RA","DSM","τῷ","τῷ","τῷ","ὁ"
"41","09","05","N","DSM","Ἰησοῦ·","Ἰησοῦ","Ἰησοῦ","Ἰησοῦς"
"41","09","05","N","VSM","Ῥαββί,","Ῥαββί","ῥαββί","ῥαββί"
"41","09","05","A","NSN","καλόν","καλόν","καλόν","καλός"
"41","09","05","V","3PAI-S","ἐστιν","ἐστιν","ἐστί(ν)","εἰμί"
"41","09","05","RP","AP","ἡμᾶς","ἡμᾶς","ἡμᾶς","ἐγώ"
"41","09","05","D","","ὧδε","ὧδε","ὧδε","ὧδε"
"41","09","05","V","PAN","εἶναι,","εἶναι","εἶναι","εἰμί"
"41","09","05","C","","καὶ","καὶ","καί","καί"
"41","09","05","V","1AAS-P","ποιήσωμεν","ποιήσωμεν","ποιήσωμεν","ποιέω"
"41","09","05","A","APF","⸂τρεῖς","τρεῖς","τρεῖς","τρεῖς"
"41","09","05","N","APF","σκηνάς⸃,","σκηνάς","σκηνάς","σκηνή"
"41","09","05","RP","DS","σοὶ","σοὶ","σοί","σύ"
"41","09","05","A","ASF","μίαν","μίαν","μίαν","εἷς"
"41","09","05","C","","καὶ","καὶ","καί","καί"
"41","09","05","N","DSM","Μωϋσεῖ","Μωϋσεῖ","Μωϋσεῖ","Μωϋσῆς"
"41","09","05","A","ASF","μίαν","μίαν","μίαν","εἷς"
"41","09","05","C","","καὶ","καὶ","καί","καί"
"41","09","05","N","DSM","Ἠλίᾳ","Ἠλίᾳ","Ἠλίᾳ","Ἠλίας"
"41","09","05","A","ASF","μίαν.","μίαν","μίαν","εἷς"
"41","09","06","D","","οὐ","οὐ","οὐ","οὐ"
"41","09","06","C","","γὰρ","γὰρ","γάρ","γάρ"
"41","09","06","V","3YAI-S","ᾔδει","ᾔδει","ᾔδει","οἶδα"
"41","09","06","RI","ASN","τί","τί","τί","τίς"
"41","09","06","V","3APS-S","⸀ἀποκριθῇ,","ἀποκριθῇ","ἀποκριθῇ","ἀποκρίνομαι"
"41","09","06","A","NPM","⸂ἔκφοβοι","ἔκφοβοι","ἔκφοβοι","ἔκφοβος"
"41","09","06","C","","γὰρ","γὰρ","γάρ","γάρ"
"41","09","06","V","3AMI-P","ἐγένοντο⸃.","ἐγένοντο","ἐγένοντο","γίνομαι"
"41","09","07","C","","καὶ","καὶ","καί","καί"
"41","09","07","V","3AMI-S","ἐγένετο","ἐγένετο","ἐγένετο","γίνομαι"
"41","09","07","N","NSF","νεφέλη","νεφέλη","νεφέλη","νεφέλη"
"41","09","07","V","PAPNSF","ἐπισκιάζουσα","ἐπισκιάζουσα","ἐπισκιάζουσα","ἐπισκιάζω"
"41","09","07","RP","DPM","αὐτοῖς,","αὐτοῖς","αὐτοῖς","αὐτός"
"41","09","07","C","","καὶ","καὶ","καί","καί"
"41","09","07","V","3AMI-S","⸀ἐγένετο","ἐγένετο","ἐγένετο","γίνομαι"
"41","09","07","N","NSF","φωνὴ","φωνὴ","φωνή","φωνή"
"41","09","07","P","","ἐκ","ἐκ","ἐκ","ἐκ"
"41","09","07","RA","GSF","τῆς","τῆς","τῆς","ὁ"
"41","09","07","N","GSF","νεφέλης·","νεφέλης","νεφέλης","νεφέλη"
"41","09","07","RD","NSM","Οὗτός","Οὗτός","οὗτος","οὗτος"
"41","09","07","V","3PAI-S","ἐστιν","ἐστιν","ἐστί(ν)","εἰμί"
"41","09","07","RA","NSM","ὁ","ὁ","ὁ","ὁ"
"41","09","07","N","NSM","υἱός","υἱός","υἱός","υἱός"
"41","09","07","RP","GS","μου","μου","μου","ἐγώ"
"41","09","07","RA","NSM","ὁ","ὁ","ὁ","ὁ"
"41","09","07","A","NSM","ἀγαπητός,","ἀγαπητός","ἀγαπητός","ἀγαπητός"
"41","09","07","V","2PAD-P","⸂ἀκούετε","ἀκούετε","ἀκούετε","ἀκούω"
"41","09","07","RP","GSM","αὐτοῦ⸃.","αὐτοῦ","αὐτοῦ","αὐτός"
"41","09","08","C","","καὶ","καὶ","καί","καί"
"41","09","08","D","","ἐξάπινα","ἐξάπινα","ἐξάπινα","ἐξάπινα"
"41","09","08","V","AMPNPM","περιβλεψάμενοι","περιβλεψάμενοι","περιβλεψάμενοι","περιβλέπομαι"
"41","09","08","D","","οὐκέτι","οὐκέτι","οὐκέτι","οὐκέτι"
"41","09","08","A","ASM","οὐδένα","οὐδένα","οὐδένα","οὐδείς"
"41","09","08","V","3AAI-P","εἶδον","εἶδον","εἶδον","ὁράω"
"41","09","08","C","","⸂ἀλλὰ","ἀλλὰ","ἀλλά","ἀλλά"
"41","09","08","RA","ASM","τὸν","τὸν","τόν","ὁ"
"41","09","08","N","ASM","Ἰησοῦν","Ἰησοῦν","Ἰησοῦν","Ἰησοῦς"
"41","09","08","A","ASM","μόνον","μόνον","μόνον","μόνος"
"41","09","08","P","","μεθ’","μεθ’","μετά","μετά"
"41","09","08","RP","GPM","ἑαυτῶν⸃.","ἑαυτῶν","ἑαυτῶν","ἑαυτοῦ"
"41","09","09","C","","⸂Καὶ","Καὶ","καί","καί"
"41","09","09","V","PAPGPM","καταβαινόντων⸃","καταβαινόντων","καταβαινόντων","καταβαίνω"
"41","09","09","RP","GPM","αὐτῶν","αὐτῶν","αὐτῶν","αὐτός"
"41","09","09","P","","⸀ἐκ","ἐκ","ἐκ","ἐκ"
"41","09","09","RA","GSN","τοῦ","τοῦ","τοῦ","ὁ"
"41","09","09","N","GSN","ὄρους","ὄρους","ὄρους","ὄρος"
"41","09","09","V","3AMI-S","διεστείλατο","διεστείλατο","διεστείλατο","διαστέλλομαι"
"41","09","09","RP","DPM","αὐτοῖς","αὐτοῖς","αὐτοῖς","αὐτός"
"41","09","09","C","","ἵνα","ἵνα","ἵνα","ἵνα"
"41","09","09","A","DSM","μηδενὶ","μηδενὶ","μηδενί","μηδείς"
"41","09","09","RR","APN","⸂ἃ","ἃ","ἅ","ὅς"
"41","09","09","V","3AAI-P","εἶδον","εἶδον","εἶδον","ὁράω"
"41","09","09","V","3AMS-P","διηγήσωνται⸃,","διηγήσωνται","διηγήσωνται","διηγέομαι"
"41","09","09","C","","εἰ","εἰ","εἰ","εἰ"
"41","09","09","D","","μὴ","μὴ","μή","μή"
"41","09","09","C","","ὅταν","ὅταν","ὅταν","ὅταν"
"41","09","09","RA","NSM","ὁ","ὁ","ὁ","ὁ"
"41","09","09","N","NSM","υἱὸς","υἱὸς","υἱός","υἱός"
"41","09","09","RA","GSM","τοῦ","τοῦ","τοῦ","ὁ"
"41","09","09","N","GSM","ἀνθρώπου","ἀνθρώπου","ἀνθρώπου","ἄνθρωπος"
"41","09","09","P","","ἐκ","ἐκ","ἐκ","ἐκ"
"41","09","09","A","GPM","νεκρῶν","νεκρῶν","νεκρῶν","νεκρός"
"41","09","09","V","3AAS-S","ἀναστῇ.","ἀναστῇ","ἀναστῇ","ἀνίστημι"
"41","09","10","C","","καὶ","καὶ","καί","καί"
"41","09","10","RA","ASM","τὸν","τὸν","τόν","ὁ"
"41","09","10","N","ASM","λόγον","λόγον","λόγον","λόγος"
"41","09","10","V","3AAI-P","ἐκράτησαν","ἐκράτησαν","ἐκράτησαν","κρατέω"
"41","09","10","P","","πρὸς","πρὸς","πρός","πρός"
"41","09","10","RP","APM","ἑαυτοὺς","ἑαυτοὺς","ἑαυτούς","ἑαυτοῦ"
"41","09","10","V","PAPNPM","συζητοῦντες","συζητοῦντες","συζητοῦντες","συζητέω"
"41","09","10","RI","NSN","τί","τί","τί","τίς"
"41","09","10","V","3PAI-S","ἐστιν","ἐστιν","ἐστί(ν)","εἰμί"
"41","09","10","RA","NSN","τὸ","τὸ","τό","ὁ"
"41","09","10","P","","ἐκ","ἐκ","ἐκ","ἐκ"
"41","09","10","A","GPM","νεκρῶν","νεκρῶν","νεκρῶν","νεκρός"
"41","09","10","V","AAN","ἀναστῆναι.","ἀναστῆναι","ἀναστῆναι","ἀνίστημι"
"41","09","11","C","","καὶ","καὶ","καί","καί"
"41","09","11","V","3IAI-P","ἐπηρώτων","ἐπηρώτων","ἐπηρώτων","ἐπερωτάω"
"41","09","11","RP","ASM","αὐτὸν","αὐτὸν","αὐτόν","αὐτός"
"41","09","11","V","PAPNPM","λέγοντες·","λέγοντες","λέγοντες","λέγω"
"41","09","11","D","","Ὅτι","Ὅτι","ὅτι","ὅτι"
"41","09","11","V","3PAI-P","λέγουσιν","λέγουσιν","λέγουσι(ν)","λέγω"
"41","09","11","RA","NPM","οἱ","οἱ","οἱ","ὁ"
"41","09","11","N","NPM","γραμματεῖς","γραμματεῖς","γραμματεῖς","γραμματεύς"
"41","09","11","C","","ὅτι","ὅτι","ὅτι","ὅτι"
"41","09","11","N","ASM","Ἠλίαν","Ἠλίαν","Ἠλίαν","Ἠλίας"
"41","09","11","V","3PAI-S","δεῖ","δεῖ","δεῖ","δέω"
"41","09","11","V","AAN","ἐλθεῖν","ἐλθεῖν","ἐλθεῖν","ἔρχομαι"
"41","09","11","A","ASN","πρῶτον;","πρῶτον","πρῶτον","πρῶτος"
"41","09","12","RA","NSM","ὁ","ὁ","ὁ","ὁ"
"41","09","12","C","","δὲ","δὲ","δέ","δέ"
"41","09","12","V","3IAI-S","⸀ἔφη","ἔφη","ἔφη","φημί"
"41","09","12","RP","DPM","αὐτοῖς·","αὐτοῖς","αὐτοῖς","αὐτός"
"41","09","12","N","NSM","Ἠλίας","Ἠλίας","Ἠλίας","Ἠλίας"
"41","09","12","X","","μὲν","μὲν","μέν","μέν"
"41","09","12","V","AAPNSM","ἐλθὼν","ἐλθὼν","ἐλθών","ἔρχομαι"
"41","09","12","A","ASN","πρῶτον","πρῶτον","πρῶτον","πρῶτος"
"41","09","12","V","3PAI-S","⸀ἀποκαθιστάνει","ἀποκαθιστάνει","ἀποκαθιστάνει","ἀποκαθίστημι"
"41","09","12","A","APN","πάντα,","πάντα","πάντα","πᾶς"
"41","09","12","C","","καὶ","καὶ","καί","καί"
"41","09","12","D","","πῶς","πῶς","πῶς","πῶς"
"41","09","12","V","3XPI-S","γέγραπται","γέγραπται","γέγραπται","γράφω"
"41","09","12","P","","ἐπὶ","ἐπὶ","ἐπί","ἐπί"
"41","09","12","RA","ASM","τὸν","τὸν","τόν","ὁ"
"41","09","12","N","ASM","υἱὸν","υἱὸν","υἱόν","υἱός"
"41","09","12","RA","GSM","τοῦ","τοῦ","τοῦ","ὁ"
"41","09","12","N","GSM","ἀνθρώπου","ἀνθρώπου","ἀνθρώπου","ἄνθρωπος"
"41","09","12","C","","ἵνα","ἵνα","ἵνα","ἵνα"
"41","09","12","A","APN","πολλὰ","πολλὰ","πολλά","πολύς"
"41","09","12","V","3AAS-S","πάθῃ","πάθῃ","πάθῃ","πάσχω"
"41","09","12","C","","καὶ","καὶ","καί","καί"
"41","09","12","V","3APS-S","⸀ἐξουδενηθῇ;","ἐξουδενηθῇ","ἐξουδενηθῇ","ἐξουδενέω"
"41","09","13","C","","ἀλλὰ","ἀλλὰ","ἀλλά","ἀλλά"
"41","09","13","V","1PAI-S","λέγω","λέγω","λέγω","λέγω"
"41","09","13","RP","DP","ὑμῖν","ὑμῖν","ὑμῖν","σύ"
"41","09","13","C","","ὅτι","ὅτι","ὅτι","ὅτι"
"41","09","13","D","","καὶ","καὶ","καί","καί"
"41","09","13","N","NSM","Ἠλίας","Ἠλίας","Ἠλίας","Ἠλίας"
"41","09","13","V","3XAI-S","ἐλήλυθεν,","ἐλήλυθεν","ἐλήλυθε(ν)","ἔρχομαι"
"41","09","13","C","","καὶ","καὶ","καί","καί"
"41","09","13","V","3AAI-P","ἐποίησαν","ἐποίησαν","ἐποίησαν","ποιέω"
"41","09","13","RP","DSM","αὐτῷ","αὐτῷ","αὐτῷ","αὐτός"
"41","09","13","RR","APN","ὅσα","ὅσα","ὅσα","ὅσος"
"41","09","13","V","3IAI-P","⸀ἤθελον,","ἤθελον","ἤθελον","θέλω"
"41","09","13","C","","καθὼς","καθὼς","καθώς","καθώς"
"41","09","13","V","3XPI-S","γέγραπται","γέγραπται","γέγραπται","γράφω"
"41","09","13","P","","ἐπ’","ἐπ’","ἐπί","ἐπί"
"41","09","13","RP","ASM","αὐτόν.","αὐτόν","αὐτόν","αὐτός"
"41","09","14","C","","Καὶ","Καὶ","καί","καί"
"41","09","14","V","AAPNPM","⸂ἐλθόντες","ἐλθόντες","ἐλθόντες","ἔρχομαι"
"41","09","14","P","","πρὸς","πρὸς","πρός","πρός"
"41","09","14","RA","APM","τοὺς","τοὺς","τούς","ὁ"
"41","09","14","N","APM","μαθητὰς","μαθητὰς","μαθητάς","μαθητής"
"41","09","14","V","3AAI-P","εἶδον⸃","εἶδον","εἶδον","ὁράω"
"41","09","14","N","ASM","ὄχλον","ὄχλον","ὄχλον","ὄχλος"
"41","09","14","A","ASM","πολὺν","πολὺν","πολύν","πολύς"
"41","09","14","P","","περὶ","περὶ","περί","περί"
"41","09","14","RP","APM","αὐτοὺς","αὐτοὺς","αὐτούς","αὐτός"
"41","09","14","C","","καὶ","καὶ","καί","καί"
"41","09","14","N","APM","γραμματεῖς","γραμματεῖς","γραμματεῖς","γραμματεύς"
"41","09","14","V","PAPAPM","συζητοῦντας","συζητοῦντας","συζητοῦντας","συζητέω"
"41","09","14","P","","⸂πρὸς","πρὸς","πρός","πρός"
"41","09","14","RP","APM","αὐτούς⸃.","αὐτούς","αὐτούς","αὐτός"
"41","09","15","C","","καὶ","καὶ","καί","καί"
"41","09","15","A","NSM","⸀εὐθὺς","εὐθὺς","εὐθύς","εὐθύς"
"41","09","15","A","NSM","πᾶς","πᾶς","πᾶς","πᾶς"
"41","09","15","RA","NSM","ὁ","ὁ","ὁ","ὁ"
"41","09","15","N","NSM","ὄχλος","ὄχλος","ὄχλος","ὄχλος"
"41","09","15","V","AAPNPM","⸂ἰδόντες","ἰδόντες","ἰδόντες","ὁράω"
"41","09","15","RP","ASM","αὐτὸν","αὐτὸν","αὐτόν","αὐτός"
"41","09","15","V","3API-P","ἐξεθαμβήθησαν⸃,","ἐξεθαμβήθησαν","ἐξεθαμβήθησαν","ἐκθαμβέομαι"
"41","09","15","C","","καὶ","καὶ","καί","καί"
"41","09","15","V","PAPNPM","προστρέχοντες","προστρέχοντες","προστρέχοντες","προστρέχω"
"41","09","15","V","3IMI-P","ἠσπάζοντο","ἠσπάζοντο","ἠσπάζοντο","ἀσπάζομαι"
"41","09","15","RP","ASM","αὐτόν.","αὐτόν","αὐτόν","αὐτός"
"41","09","16","C","","καὶ","καὶ","καί","καί"
"41","09","16","V","3AAI-S","ἐπηρώτησεν","ἐπηρώτησεν","ἐπηρώτησε(ν)","ἐπερωτάω"
"41","09","16","RP","APM","⸀αὐτούς·","αὐτούς","αὐτούς","αὐτός"
"41","09","16","RI","ASN","Τί","Τί","τί","τίς"
"41","09","16","V","2PAI-P","συζητεῖτε","συζητεῖτε","συζητεῖτε","συζητέω"
"41","09","16","P","","πρὸς","πρὸς","πρός","πρός"
"41","09","16","RP","APM","⸀αὑτούς;","αὑτούς","αὑτούς","ἑαυτοῦ"
"41","09","17","C","","καὶ","καὶ","καί","καί"
"41","09","17","V","3API-S","⸂ἀπεκρίθη","ἀπεκρίθη","ἀπεκρίθη","ἀποκρίνομαι"
"41","09","17","RP","DSM","αὐτῷ","αὐτῷ","αὐτῷ","αὐτός"
"41","09","17","A","NSM","εἷς","εἷς","εἷς","εἷς"
"41","09","17","P","","ἐκ","ἐκ","ἐκ","ἐκ"
"41","09","17","RA","GSM","τοῦ","τοῦ","τοῦ","ὁ"
"41","09","17","N","GSM","ὄχλου⸃·","ὄχλου","ὄχλου","ὄχλος"
"41","09","17","N","VSM","Διδάσκαλε,","Διδάσκαλε","διδάσκαλε","διδάσκαλος"
"41","09","17","V","1AAI-S","ἤνεγκα","ἤνεγκα","ἤνεγκα","φέρω"
"41","09","17","RA","ASM","τὸν","τὸν","τόν","ὁ"
"41","09","17","N","ASM","υἱόν","υἱόν","υἱόν","υἱός"
"41","09","17","RP","GS","μου","μου","μου","ἐγώ"
"41","09","17","P","","πρὸς","πρὸς","πρός","πρός"
"41","09","17","RP","AS","σέ,","σέ","σέ","σύ"
"41","09","17","V","PAPASM","ἔχοντα","ἔχοντα","ἔχοντα","ἔχω"
"41","09","17","N","ASN","πνεῦμα","πνεῦμα","πνεῦμα","πνεῦμα"
"41","09","17","A","ASN","ἄλαλον·","ἄλαλον","ἄλαλον","ἄλαλος"
"41","09","18","C","","καὶ","καὶ","καί","καί"
"41","09","18","C","","ὅπου","ὅπου","ὅπου","ὅπου"
"41","09","18","X","","⸀ἐὰν","ἐὰν","ἐάν","ἐάν"
"41","09","18","RP","ASM","αὐτὸν","αὐτὸν","αὐτόν","αὐτός"
"41","09","18","V","3AAS-S","καταλάβῃ","καταλάβῃ","καταλάβῃ","καταλαμβάνω"
"41","09","18","V","3PAI-S","ῥήσσει","ῥήσσει","ῥήσσει","ῥήγνυμι"
"41","09","18","RP","ASM","αὐτόν,","αὐτόν","αὐτόν","αὐτός"
"41","09","18","C","","καὶ","καὶ","καί","καί"
"41","09","18","V","3PAI-S","ἀφρίζει","ἀφρίζει","ἀφρίζει","ἀφρίζω"
"41","09","18","C","","καὶ","καὶ","καί","καί"
"41","09","18","V","3PAI-S","τρίζει","τρίζει","τρίζει","τρίζω"
"41","09","18","RA","APM","τοὺς","τοὺς","τούς","ὁ"
"41","09","18","N","APM","⸀ὀδόντας","ὀδόντας","ὀδόντας","ὀδούς"
"41","09","18","C","","καὶ","καὶ","καί","καί"
"41","09","18","V","3PPI-S","ξηραίνεται·","ξηραίνεται","ξηραίνεται","ξηραίνω"
"41","09","18","C","","καὶ","καὶ","καί","καί"
"41","09","18","V","1AAI-S","εἶπα","εἶπα","εἶπα","λέγω"
"41","09","18","RA","DPM","τοῖς","τοῖς","τοῖς","ὁ"
"41","09","18","N","DPM","μαθηταῖς","μαθηταῖς","μαθηταῖς","μαθητής"
"41","09","18","RP","GS","σου","σου","σου","σύ"
"41","09","18","C","","ἵνα","ἵνα","ἵνα","ἵνα"
"41","09","18","RP","ASN","αὐτὸ","αὐτὸ","αὐτό","αὐτός"
"41","09","18","V","3AAS-P","ἐκβάλωσιν,","ἐκβάλωσιν","ἐκβάλωσι(ν)","ἐκβάλλω"
"41","09","18","C","","καὶ","καὶ","καί","καί"
"41","09","18","D","","οὐκ","οὐκ","οὐ","οὐ"
"41","09","18","V","3AAI-P","ἴσχυσαν.","ἴσχυσαν","ἴσχυσαν","ἰσχύω"
"41","09","19","RA","NSM","ὁ","ὁ","ὁ","ὁ"
"41","09","19","C","","δὲ","δὲ","δέ","δέ"
"41","09","19","V","APPNSM","ἀποκριθεὶς","ἀποκριθεὶς","ἀποκριθείς","ἀποκρίνομαι"
"41","09","19","RP","DPM","⸀αὐτοῖς","αὐτοῖς","αὐτοῖς","αὐτός"
"41","09","19","V","3PAI-S","λέγει·","λέγει","λέγει","λέγω"
"41","09","19","X","","Ὦ","Ὦ","ὦ","ὦ"
"41","09","19","N","VSF","γενεὰ","γενεὰ","γενεά","γενεά"
"41","09","19","A","VSF","ἄπιστος,","ἄπιστος","ἄπιστος","ἄπιστος"
"41","09","19","P","","ἕως","ἕως","ἕως","ἕως"
"41","09","19","D","","πότε","πότε","πότε","πότε"
"41","09","19","P","","πρὸς","πρὸς","πρός","πρός"
"41","09","19","RP","AP","ὑμᾶς","ὑμᾶς","ὑμᾶς","σύ"
"41","09","19","V","1FMI-S","ἔσομαι;","ἔσομαι","ἔσομαι","εἰμί"
"41","09","19","P","","ἕως","ἕως","ἕως","ἕως"
"41","09","19","D","","πότε","πότε","πότε","πότε"
"41","09","19","V","1FMI-S","ἀνέξομαι","ἀνέξομαι","ἀνέξομαι","ἀνέχομαι"
"41","09","19","RP","GP","ὑμῶν;","ὑμῶν","ὑμῶν","σύ"
"41","09","19","V","2PAD-P","φέρετε","φέρετε","φέρετε","φέρω"
"41","09","19","RP","ASM","αὐτὸν","αὐτὸν","αὐτόν","αὐτός"
"41","09","19","P","","πρός","πρός","πρός","πρός"
"41","09","19","RP","AS","με.","με","με","ἐγώ"
"41","09","20","C","","καὶ","καὶ","καί","καί"
"41","09","20","V","3AAI-P","ἤνεγκαν","ἤνεγκαν","ἤνεγκαν","φέρω"
"41","09","20","RP","ASM","αὐτὸν","αὐτὸν","αὐτόν","αὐτός"
"41","09","20","P","","πρὸς","πρὸς","πρός","πρός"
"41","09","20","RP","ASM","αὐτόν.","αὐτόν","αὐτόν","αὐτός"
"41","09","20","C","","καὶ","καὶ","καί","καί"
"41","09","20","V","AAPNSM","ἰδὼν","ἰδὼν","ἰδών","ὁράω"
"41","09","20","RP","ASM","αὐτὸν","αὐτὸν","αὐτόν","αὐτός"
"41","09","20","RA","NSN","⸂τὸ","τὸ","τό","ὁ"
"41","09","20","N","NSN","πνεῦμα","πνεῦμα","πνεῦμα","πνεῦμα"
"41","09","20","A","NSM","εὐθὺς⸃","εὐθὺς","εὐθύς","εὐθύς"
"41","09","20","V","3AAI-S","⸀συνεσπάραξεν","συνεσπάραξεν","συνεσπάραξε(ν)","συσπαράσσω"
"41","09","20","RP","ASM","αὐτόν,","αὐτόν","αὐτόν","αὐτός"
"41","09","20","C","","καὶ","καὶ","καί","καί"
"41","09","20","V","AAPNSM","πεσὼν","πεσὼν","πεσών","πίπτω"
"41","09","20","P","","ἐπὶ","ἐπὶ","ἐπί","ἐπί"
"41","09","20","RA","GSF","τῆς","τῆς","τῆς","ὁ"
"41","09","20","N","GSF","γῆς","γῆς","γῆς","γῆ"
"41","09","20","V","3IMI-S","ἐκυλίετο","ἐκυλίετο","ἐκυλίετο","κυλίομαι"
"41","09","20","V","PAPNSM","ἀφρίζων.","ἀφρίζων","ἀφρίζων","ἀφρίζω"
"41","09","21","C","","καὶ","καὶ","καί","καί"
"41","09","21","V","3AAI-S","ἐπηρώτησεν","ἐπηρώτησεν","ἐπηρώτησε(ν)","ἐπερωτάω"
"41","09","21","RA","ASM","τὸν","τὸν","τόν","ὁ"
"41","09","21","N","ASM","πατέρα","πατέρα","πατέρα","πατήρ"
"41","09","21","RP","GSM","αὐτοῦ·","αὐτοῦ","αὐτοῦ","αὐτός"
"41","09","21","RI","NSM","Πόσος","Πόσος","πόσος","πόσος"
"41","09","21","N","NSM","χρόνος","χρόνος","χρόνος","χρόνος"
"41","09","21","V","3PAI-S","ἐστὶν","ἐστὶν","ἐστί(ν)","εἰμί"
"41","09","21","D","","ὡς","ὡς","ὡς","ὡς"
"41","09","21","RD","NSN","τοῦτο","τοῦτο","τοῦτο","οὗτος"
"41","09","21","V","3XAI-S","γέγονεν","γέγονεν","γέγονε(ν)","γίνομαι"
"41","09","21","RP","DSM","αὐτῷ;","αὐτῷ","αὐτῷ","αὐτός"
"41","09","21","RA","NSM","ὁ","ὁ","ὁ","ὁ"
"41","09","21","C","","δὲ","δὲ","δέ","δέ"
"41","09","21","V","3AAI-S","εἶπεν·","εἶπεν","εἶπε(ν)","λέγω"
"41","09","21","P","","⸀Ἐκ","Ἐκ","ἐκ","ἐκ"
"41","09","21","D","","παιδιόθεν·","παιδιόθεν","παιδιόθεν","παιδιόθεν"
"41","09","22","C","","καὶ","καὶ","καί","καί"
"41","09","22","D","","πολλάκις","πολλάκις","πολλάκις","πολλάκις"
"41","09","22","D","","⸂καὶ","καὶ","καί","καί"
"41","09","22","P","","εἰς","εἰς","εἰς","εἰς"
"41","09","22","N","ASN","πῦρ","πῦρ","πῦρ","πῦρ"
"41","09","22","RP","ASM","αὐτὸν⸃","αὐτὸν","αὐτόν","αὐτός"
"41","09","22","V","3AAI-S","ἔβαλεν","ἔβαλεν","ἔβαλε(ν)","βάλλω"
"41","09","22","C","","καὶ","καὶ","καί","καί"
"41","09","22","P","","εἰς","εἰς","εἰς","εἰς"
"41","09","22","N","APN","ὕδατα","ὕδατα","ὕδατα","ὕδωρ"
"41","09","22","C","","ἵνα","ἵνα","ἵνα","ἵνα"
"41","09","22","V","3AAS-S","ἀπολέσῃ","ἀπολέσῃ","ἀπολέσῃ","ἀπόλλυμι"
"41","09","22","RP","ASM","αὐτόν·","αὐτόν","αὐτόν","αὐτός"
"41","09","22","C","","ἀλλ’","ἀλλ’","ἀλλά","ἀλλά"
"41","09","22","C","","εἴ","εἴ","εἰ","εἰ"
"41","09","22","RI","ASN","τι","τι","τὶ","τις"
"41","09","22","V","2PMI-S","⸀δύνῃ,","δύνῃ","δύνῃ","δύναμαι"
"41","09","22","V","2AAD-S","βοήθησον","βοήθησον","βοήθησον","βοηθέω"
"41","09","22","RP","DP","ἡμῖν","ἡμῖν","ἡμῖν","ἐγώ"
"41","09","22","V","APPNSM","σπλαγχνισθεὶς","σπλαγχνισθεὶς","σπλαγχνισθείς","σπλαγχνίζομαι"
"41","09","22","P","","ἐφ’","ἐφ’","ἐπί","ἐπί"
"41","09","22","RP","AP","ἡμᾶς.","ἡμᾶς","ἡμᾶς","ἐγώ"
"41","09","23","RA","NSM","ὁ","ὁ","ὁ","ὁ"
"41","09","23","C","","δὲ","δὲ","δέ","δέ"
"41","09","23","N","NSM","Ἰησοῦς","Ἰησοῦς","Ἰησοῦς","Ἰησοῦς"
"41","09","23","V","3AAI-S","εἶπεν","εἶπεν","εἶπε(ν)","λέγω"
"41","09","23","RP","DSM","αὐτῷ·","αὐτῷ","αὐτῷ","αὐτός"
"41","09","23","RA","ASN","Τὸ","Τὸ","τό","ὁ"
"41","09","23","C","","Εἰ","Εἰ","εἰ","εἰ"
"41","09","23","V","2PMI-S","⸀δύνῃ,","δύνῃ","δύνῃ","δύναμαι"
"41","09","23","A","NPN","πάντα","πάντα","πάντα","πᾶς"
"41","09","23","A","NPN","δυνατὰ","δυνατὰ","δυνατά","δυνατός"
"41","09","23","RA","DSM","τῷ","τῷ","τῷ","ὁ"
"41","09","23","V","PAPDSM","πιστεύοντι.","πιστεύοντι","πιστεύοντι","πιστεύω"
"41","09","24","A","NSM","⸀εὐθὺς","εὐθὺς","εὐθύς","εὐθύς"
"41","09","24","V","AAPNSM","κράξας","κράξας","κράξας","κράζω"
"41","09","24","RA","NSM","ὁ","ὁ","ὁ","ὁ"
"41","09","24","N","NSM","πατὴρ","πατὴρ","πατήρ","πατήρ"
"41","09","24","RA","GSN","τοῦ","τοῦ","τοῦ","ὁ"
"41","09","24","N","GSN","⸀παιδίου","παιδίου","παιδίου","παιδίον"
"41","09","24","V","3IAI-S","ἔλεγεν·","ἔλεγεν","ἔλεγε(ν)","λέγω"
"41","09","24","V","1PAI-S","⸀Πιστεύω·","Πιστεύω","πιστεύω","πιστεύω"
"41","09","24","V","2PAD-S","βοήθει","βοήθει","βοήθει","βοηθέω"
"41","09","24","RP","GS","μου","μου","μου","ἐγώ"
"41","09","24","RA","DSF","τῇ","τῇ","τῇ","ὁ"
"41","09","24","N","DSF","ἀπιστίᾳ.","ἀπιστίᾳ","ἀπιστίᾳ","ἀπιστία"
"41","09","25","V","AAPNSM","ἰδὼν","ἰδὼν","ἰδών","ὁράω"
"41","09","25","C","","δὲ","δὲ","δέ","δέ"
"41","09","25","RA","NSM","ὁ","ὁ","ὁ","ὁ"
"41","09","25","N","NSM","Ἰησοῦς","Ἰησοῦς","Ἰησοῦς","Ἰησοῦς"
"41","09","25","C","","ὅτι","ὅτι","ὅτι","ὅτι"
"41","09","25","V","3PAI-S","ἐπισυντρέχει","ἐπισυντρέχει","ἐπισυντρέχει","ἐπισυντρέχω"
"41","09","25","N","NSM","ὄχλος","ὄχλος","ὄχλος","ὄχλος"
"41","09","25","V","3AAI-S","ἐπετίμησεν","ἐπετίμησεν","ἐπετίμησε(ν)","ἐπιτιμάω"
"41","09","25","RA","DSN","τῷ","τῷ","τῷ","ὁ"
"41","09","25","N","DSN","πνεύματι","πνεύματι","πνεύματι","πνεῦμα"
"41","09","25","RA","DSN","τῷ","τῷ","τῷ","ὁ"
"41","09","25","A","DSN","ἀκαθάρτῳ","ἀκαθάρτῳ","ἀκαθάρτῳ","ἀκάθαρτος"
"41","09","25","V","PAPNSM","λέγων","λέγων","λέγων","λέγω"
"41","09","25","RP","DSN","αὐτῷ·","αὐτῷ","αὐτῷ","αὐτός"
"41","09","25","RA","NSN","Τὸ","Τὸ","τό","ὁ"
"41","09","25","A","NSN","⸂ἄλαλον","ἄλαλον","ἄλαλον","ἄλαλος"
"41","09","25","C","","καὶ","καὶ","καί","καί"
"41","09","25","A","NSN","κωφὸν","κωφὸν","κωφόν","κωφός"
"41","09","25","N","NSN","πνεῦμα⸃,","πνεῦμα","πνεῦμα","πνεῦμα"
"41","09","25","RP","NS","ἐγὼ","ἐγὼ","ἐγώ","ἐγώ"
"41","09","25","V","1PAI-S","⸂ἐπιτάσσω","ἐπιτάσσω","ἐπιτάσσω","ἐπιτάσσω"
"41","09","25","RP","DS","σοι⸃,","σοι","σοι","σύ"
"41","09","25","V","2AAD-S","ἔξελθε","ἔξελθε","ἔξελθε","ἐξέρχομαι"
"41","09","25","P","","ἐξ","ἐξ","ἐκ","ἐκ"
"41","09","25","RP","GSM","αὐτοῦ","αὐτοῦ","αὐτοῦ","αὐτός"
"41","09","25","C","","καὶ","καὶ","καί","καί"
"41","09","25","D","","μηκέτι","μηκέτι","μηκέτι","μηκέτι"
"41","09","25","V","2AAS-S","εἰσέλθῃς","εἰσέλθῃς","εἰσέλθῃς","εἰσέρχομαι"
"41","09","25","P","","εἰς","εἰς","εἰς","εἰς"
"41","09","25","RP","ASM","αὐτόν.","αὐτόν","αὐτόν","αὐτός"
"41","09","26","C","","καὶ","καὶ","καί","καί"
"41","09","26","V","AAPNSM","⸂κράξας","κράξας","κράξας","κράζω"
"41","09","26","C","","καὶ","καὶ","καί","καί"
"41","09","26","A","APN","πολλὰ","πολλὰ","πολλά","πολύς"
"41","09","26","V","AAPNSM","σπαράξας⸃","σπαράξας","σπαράξας","σπαράσσω"
"41","09","26","V","3AAI-S","ἐξῆλθεν·","ἐξῆλθεν","ἐξῆλθε(ν)","ἐξέρχομαι"
"41","09","26","C","","καὶ","καὶ","καί","καί"
"41","09","26","V","3AMI-S","ἐγένετο","ἐγένετο","ἐγένετο","γίνομαι"
"41","09","26","C","","ὡσεὶ","ὡσεὶ","ὡσεί","ὡσεί"
"41","09","26","A","NSM","νεκρὸς","νεκρὸς","νεκρός","νεκρός"
"41","09","26","C","","ὥστε","ὥστε","ὥστε","ὥστε"
"41","09","26","RA","APM","⸀τοὺς","τοὺς","τούς","ὁ"
"41","09","26","A","APM","πολλοὺς","πολλοὺς","πολλούς","πολύς"
"41","09","26","V","PAN","λέγειν","λέγειν","λέγειν","λέγω"
"41","09","26","C","","ὅτι","ὅτι","ὅτι","ὅτι"
"41","09","26","V","3AAI-S","ἀπέθανεν.","ἀπέθανεν","ἀπέθανε(ν)","ἀποθνῄσκω"
"41","09","27","RA","NSM","ὁ","ὁ","ὁ","ὁ"
"41","09","27","C","","δὲ","δὲ","δέ","δέ"
"41","09","27","N","NSM","Ἰησοῦς","Ἰησοῦς","Ἰησοῦς","Ἰησοῦς"
"41","09","27","V","AAPNSM","κρατήσας","κρατήσας","κρατήσας","κρατέω"
"41","09","27","RA","GSF","⸂τῆς","τῆς","τῆς","ὁ"
"41","09","27","N","GSF","χειρὸς","χειρὸς","χειρός","χείρ"
"41","09","27","RP","GSM","αὐτοῦ⸃","αὐτοῦ","αὐτοῦ","αὐτός"
"41","09","27","V","3AAI-S","ἤγειρεν","ἤγειρεν","ἤγειρε(ν)","ἐγείρω"
"41","09","27","RP","ASM","αὐτόν,","αὐτόν","αὐτόν","αὐτός"
"41","09","27","C","","καὶ","καὶ","καί","καί"
"41","09","27","V","3AAI-S","ἀνέστη.","ἀνέστη","ἀνέστη","ἀνίστημι"
"41","09","28","C","","καὶ","καὶ","καί","καί"
"41","09","28","V","AAPGSM","⸂εἰσελθόντος","εἰσελθόντος","εἰσελθόντος","εἰσέρχομαι"
"41","09","28","RP","GSM","αὐτοῦ⸃","αὐτοῦ","αὐτοῦ","αὐτός"
"41","09","28","P","","εἰς","εἰς","εἰς","εἰς"
"41","09","28","N","ASM","οἶκον","οἶκον","οἶκον","οἶκος"
"41","09","28","RA","NPM","οἱ","οἱ","οἱ","ὁ"
"41","09","28","N","NPM","μαθηταὶ","μαθηταὶ","μαθηταί","μαθητής"
"41","09","28","RP","GSM","αὐτοῦ","αὐτοῦ","αὐτοῦ","αὐτός"
"41","09","28","P","","⸂κατ’","κατ’","κατά","κατά"
"41","09","28","A","ASF","ἰδίαν","ἰδίαν","ἰδίαν","ἴδιος"
"41","09","28","V","3IAI-P","ἐπηρώτων","ἐπηρώτων","ἐπηρώτων","ἐπερωτάω"
"41","09","28","RP","ASM","αὐτόν⸃·","αὐτόν","αὐτόν","αὐτός"
"41","09","28","D","","Ὅτι","Ὅτι","ὅτι","ὅτι"
"41","09","28","RP","NP","ἡμεῖς","ἡμεῖς","ἡμεῖς","ἐγώ"
"41","09","28","D","","οὐκ","οὐκ","οὐ","οὐ"
"41","09","28","V","1API-P","ἠδυνήθημεν","ἠδυνήθημεν","ἠδυνήθημεν","δύναμαι"
"41","09","28","V","AAN","ἐκβαλεῖν","ἐκβαλεῖν","ἐκβαλεῖν","ἐκβάλλω"
"41","09","28","RP","ASN","αὐτό;","αὐτό","αὐτό","αὐτός"
"41","09","29","C","","καὶ","καὶ","καί","καί"
"41","09","29","V","3AAI-S","εἶπεν","εἶπεν","εἶπε(ν)","λέγω"
"41","09","29","RP","DPM","αὐτοῖς·","αὐτοῖς","αὐτοῖς","αὐτός"
"41","09","29","RD","NSN","Τοῦτο","Τοῦτο","τοῦτο","οὗτος"
"41","09","29","RA","NSN","τὸ","τὸ","τό","ὁ"
"41","09","29","N","NSN","γένος","γένος","γένος","γένος"
"41","09","29","P","","ἐν","ἐν","ἐν","ἐν"
"41","09","29","A","DSN","οὐδενὶ","οὐδενὶ","οὐδενί","οὐδείς"
"41","09","29","V","3PMI-S","δύναται","δύναται","δύναται","δύναμαι"
"41","09","29","V","AAN","ἐξελθεῖν","ἐξελθεῖν","ἐξελθεῖν","ἐξέρχομαι"
"41","09","29","C","","εἰ","εἰ","εἰ","εἰ"
"41","09","29","D","","μὴ","μὴ","μή","μή"
"41","09","29","P","","ἐν","ἐν","ἐν","ἐν"
"41","09","29","N","DSF","⸀προσευχῇ.","προσευχῇ","προσευχῇ","προσευχή"
"41","09","30","C","","Κἀκεῖθεν","Κἀκεῖθεν","κἀκεῖθεν","κἀκεῖθεν"
"41","09","30","V","AAPNPM","ἐξελθόντες","ἐξελθόντες","ἐξελθόντες","ἐξέρχομαι"
"41","09","30","V","3IMI-P","⸀παρεπορεύοντο","παρεπορεύοντο","παρεπορεύοντο","παραπορεύομαι"
"41","09","30","P","","διὰ","διὰ","διά","διά"
"41","09","30","RA","GSF","τῆς","τῆς","τῆς","ὁ"
"41","09","30","N","GSF","Γαλιλαίας,","Γαλιλαίας","Γαλιλαίας","Γαλιλαία"
"41","09","30","C","","καὶ","καὶ","καί","καί"
"41","09","30","D","","οὐκ","οὐκ","οὐ","οὐ"
"41","09","30","V","3IAI-S","ἤθελεν","ἤθελεν","ἤθελε(ν)","θέλω"
"41","09","30","C","","ἵνα","ἵνα","ἵνα","ἵνα"
"41","09","30","RI","NSM","τις","τις","τὶς","τις"
"41","09","30","V","3AAS-S","γνοῖ·","γνοῖ","γνοῖ","γινώσκω"
"41","09","31","V","3IAI-S","ἐδίδασκεν","ἐδίδασκεν","ἐδίδασκε(ν)","διδάσκω"
"41","09","31","C","","γὰρ","γὰρ","γάρ","γάρ"
"41","09","31","RA","APM","τοὺς","τοὺς","τούς","ὁ"
"41","09","31","N","APM","μαθητὰς","μαθητὰς","μαθητάς","μαθητής"
"41","09","31","RP","GSM","αὐτοῦ","αὐτοῦ","αὐτοῦ","αὐτός"
"41","09","31","C","","καὶ","καὶ","καί","καί"
"41","09","31","V","3IAI-S","ἔλεγεν","ἔλεγεν","ἔλεγε(ν)","λέγω"
"41","09","31","RP","DPM","αὐτοῖς","αὐτοῖς","αὐτοῖς","αὐτός"
"41","09","31","C","","ὅτι","ὅτι","ὅτι","ὅτι"
"41","09","31","RA","NSM","Ὁ","Ὁ","ὁ","ὁ"
"41","09","31","N","NSM","υἱὸς","υἱὸς","υἱός","υἱός"
"41","09","31","RA","GSM","τοῦ","τοῦ","τοῦ","ὁ"
"41","09","31","N","GSM","ἀνθρώπου","ἀνθρώπου","ἀνθρώπου","ἄνθρωπος"
"41","09","31","V","3PPI-S","παραδίδοται","παραδίδοται","παραδίδοται","παραδίδωμι"
"41","09","31","P","","εἰς","εἰς","εἰς","εἰς"
"41","09","31","N","APF","χεῖρας","χεῖρας","χεῖρας","χείρ"
"41","09","31","N","GPM","ἀνθρώπων,","ἀνθρώπων","ἀνθρώπων","ἄνθρωπος"
"41","09","31","C","","καὶ","καὶ","καί","καί"
"41","09","31","V","3FAI-P","ἀποκτενοῦσιν","ἀποκτενοῦσιν","ἀποκτενοῦσι(ν)","ἀποκτείνω"
"41","09","31","RP","ASM","αὐτόν,","αὐτόν","αὐτόν","αὐτός"
"41","09","31","C","","καὶ","καὶ","καί","καί"
"41","09","31","V","APPNSM","ἀποκτανθεὶς","ἀποκτανθεὶς","ἀποκτανθείς","ἀποκτείνω"
"41","09","31","P","","⸂μετὰ","μετὰ","μετά","μετά"
"41","09","31","A","APF","τρεῖς","τρεῖς","τρεῖς","τρεῖς"
"41","09","31","N","APF","ἡμέρας⸃","ἡμέρας","ἡμέρας","ἡμέρα"
"41","09","31","V","3FMI-S","ἀναστήσεται.","ἀναστήσεται","ἀναστήσεται","ἀνίστημι"
"41","09","32","RA","NPM","οἱ","οἱ","οἱ","ὁ"
"41","09","32","C","","δὲ","δὲ","δέ","δέ"
"41","09","32","V","3IAI-P","ἠγνόουν","ἠγνόουν","ἠγνόουν","ἀγνοέω"
"41","09","32","RA","ASN","τὸ","τὸ","τό","ὁ"
"41","09","32","N","ASN","ῥῆμα,","ῥῆμα","ῥῆμα","ῥῆμα"
"41","09","32","C","","καὶ","καὶ","καί","καί"
"41","09","32","V","3IMI-P","ἐφοβοῦντο","ἐφοβοῦντο","ἐφοβοῦντο","φοβέομαι"
"41","09","32","RP","ASM","αὐτὸν","αὐτὸν","αὐτόν","αὐτός"
"41","09","32","V","AAN","ἐπερωτῆσαι.","ἐπερωτῆσαι","ἐπερωτῆσαι","ἐπερωτάω"
"41","09","33","C","","Καὶ","Καὶ","καί","καί"
"41","09","33","V","3AAI-P","⸀ἦλθον","ἦλθον","ἦλθον","ἔρχομαι"
"41","09","33","P","","εἰς","εἰς","εἰς","εἰς"
"41","09","33","N","ASF","Καφαρναούμ.","Καφαρναούμ","Καφαρναούμ","Καφαρναούμ"
"41","09","33","C","","καὶ","καὶ","καί","καί"
"41","09","33","P","","ἐν","ἐν","ἐν","ἐν"
"41","09","33","RA","DSF","τῇ","τῇ","τῇ","ὁ"
"41","09","33","N","DSF","οἰκίᾳ","οἰκίᾳ","οἰκίᾳ","οἰκία"
"41","09","33","V","AMPNSM","γενόμενος","γενόμενος","γενόμενος","γίνομαι"
"41","09","33","V","3IAI-S","ἐπηρώτα","ἐπηρώτα","ἐπηρώτα","ἐπερωτάω"
"41","09","33","RP","APM","αὐτούς·","αὐτούς","αὐτούς","αὐτός"
"41","09","33","RI","ASN","Τί","Τί","τί","τίς"
"41","09","33","P","","ἐν","ἐν","ἐν","ἐν"
"41","09","33","RA","DSF","τῇ","τῇ","τῇ","ὁ"
"41","09","33","N","DSF","⸀ὁδῷ","ὁδῷ","ὁδῷ","ὁδός"
"41","09","33","V","2IMI-P","διελογίζεσθε;","διελογίζεσθε","διελογίζεσθε","διαλογίζομαι"
"41","09","34","RA","NPM","οἱ","οἱ","οἱ","ὁ"
"41","09","34","C","","δὲ","δὲ","δέ","δέ"
"41","09","34","V","3IAI-P","ἐσιώπων,","ἐσιώπων","ἐσιώπων","σιωπάω"
"41","09","34","P","","πρὸς","πρὸς","πρός","πρός"
"41","09","34","RP","APM","ἀλλήλους","ἀλλήλους","ἀλλήλους","ἀλλήλων"
"41","09","34","C","","γὰρ","γὰρ","γάρ","γάρ"
"41","09","34","V","3API-P","διελέχθησαν","διελέχθησαν","διελέχθησαν","διαλέγομαι"
"41","09","34","P","","ἐν","ἐν","ἐν","ἐν"
"41","09","34","RA","DSF","τῇ","τῇ","τῇ","ὁ"
"41","09","34","N","DSF","ὁδῷ","ὁδῷ","ὁδῷ","ὁδός"
"41","09","34","RI","NSM","τίς","τίς","τίς","τίς"
"41","09","34","A","NSMC","μείζων.","μείζων","μείζων","μέγας"
"41","09","35","C","","καὶ","καὶ","καί","καί"
"41","09","35","V","AAPNSM","καθίσας","καθίσας","καθίσας","καθίζω"
"41","09","35","V","3AAI-S","ἐφώνησεν","ἐφώνησεν","ἐφώνησε(ν)","φωνέω"
"41","09","35","RA","APM","τοὺς","τοὺς","τούς","ὁ"
"41","09","35","A","APM","δώδεκα","δώδεκα","δώδεκα","δώδεκα"
"41","09","35","C","","καὶ","καὶ","καί","καί"
"41","09","35","V","3PAI-S","λέγει","λέγει","λέγει","λέγω"
"41","09","35","RP","DPM","αὐτοῖς·","αὐτοῖς","αὐτοῖς","αὐτός"
"41","09","35","C","","Εἴ","Εἴ","εἰ","εἰ"
"41","09","35","RI","NSM","τις","τις","τὶς","τις"
"41","09","35","V","3PAI-S","θέλει","θέλει","θέλει","θέλω"
"41","09","35","A","NSM","πρῶτος","πρῶτος","πρῶτος","πρῶτος"
"41","09","35","V","PAN","εἶναι","εἶναι","εἶναι","εἰμί"
"41","09","35","V","3FMI-S","ἔσται","ἔσται","ἔσται","εἰμί"
"41","09","35","A","GPM","πάντων","πάντων","πάντων","πᾶς"
"41","09","35","A","NSM","ἔσχατος","ἔσχατος","ἔσχατος","ἔσχατος"
"41","09","35","C","","καὶ","καὶ","καί","καί"
"41","09","35","A","GPM","πάντων","πάντων","πάντων","πᾶς"
"41","09","35","N","NSM","διάκονος.","διάκονος","διάκονος","διάκονος"
"41","09","36","C","","καὶ","καὶ","καί","καί"
"41","09","36","V","AAPNSM","λαβὼν","λαβὼν","λαβών","λαμβάνω"
"41","09","36","N","ASN","παιδίον","παιδίον","παιδίον","παιδίον"
"41","09","36","V","3AAI-S","ἔστησεν","ἔστησεν","ἔστησε(ν)","ἵστημι"
"41","09","36","RP","ASN","αὐτὸ","αὐτὸ","αὐτό","αὐτός"
"41","09","36","P","","ἐν","ἐν","ἐν","ἐν"
"41","09","36","A","DSN","μέσῳ","μέσῳ","μέσῳ","μέσος"
"41","09","36","RP","GPM","αὐτῶν","αὐτῶν","αὐτῶν","αὐτός"
"41","09","36","C","","καὶ","καὶ","καί","καί"
"41","09","36","V","AMPNSM","ἐναγκαλισάμενος","ἐναγκαλισάμενος","ἐναγκαλισάμενος","ἐναγκαλίζομαι"
"41","09","36","RP","ASN","αὐτὸ","αὐτὸ","αὐτό","αὐτός"
"41","09","36","V","3AAI-S","εἶπεν","εἶπεν","εἶπε(ν)","λέγω"
"41","09","36","RP","DPM","αὐτοῖς·","αὐτοῖς","αὐτοῖς","αὐτός"
"41","09","37","RR","NSM","Ὃς","Ὃς","ὅς","ὅς"
"41","09","37","X","","⸀ἂν","ἂν","ἄν","ἄν"
"41","09","37","A","ASN","ἓν","ἓν","ἕν","εἷς"
"41","09","37","RA","GPN","τῶν","τῶν","τῶν","ὁ"
"41","09","37","RD","GPN","τοιούτων","τοιούτων","τοιούτων","τοιοῦτος"
"41","09","37","N","GPN","παιδίων","παιδίων","παιδίων","παιδίον"
"41","09","37","V","3AMS-S","δέξηται","δέξηται","δέξηται","δέχομαι"
"41","09","37","P","","ἐπὶ","ἐπὶ","ἐπί","ἐπί"
"41","09","37","RA","DSN","τῷ","τῷ","τῷ","ὁ"
"41","09","37","N","DSN","ὀνόματί","ὀνόματί","ὀνόματι","ὄνομα"
"41","09","37","RP","GS","μου,","μου","μου","ἐγώ"
"41","09","37","RP","AS","ἐμὲ","ἐμὲ","ἐμέ","ἐγώ"
"41","09","37","V","3PMI-S","δέχεται·","δέχεται","δέχεται","δέχομαι"
"41","09","37","C","","καὶ","καὶ","καί","καί"
"41","09","37","RR","NSM","ὃς","ὃς","ὅς","ὅς"
"41","09","37","X","","⸁ἂν","ἂν","ἄν","ἄν"
"41","09","37","RP","AS","ἐμὲ","ἐμὲ","ἐμέ","ἐγώ"
"41","09","37","V","3PMS-S","⸀δέχηται,","δέχηται","δέχηται","δέχομαι"
"41","09","37","D","","οὐκ","οὐκ","οὐ","οὐ"
"41","09","37","RP","AS","ἐμὲ","ἐμὲ","ἐμέ","ἐγώ"
"41","09","37","V","3PMI-S","δέχεται","δέχεται","δέχεται","δέχομαι"
"41","09","37","C","","ἀλλὰ","ἀλλὰ","ἀλλά","ἀλλά"
"41","09","37","RA","ASM","τὸν","τὸν","τόν","ὁ"
"41","09","37","V","AAPASM","ἀποστείλαντά","ἀποστείλαντά","ἀποστείλαντα","ἀποστέλλω"
"41","09","37","RP","AS","με.","με","με","ἐγώ"
"41","09","38","V","3IAI-S","⸂Ἔφη","Ἔφη","ἔφη","φημί"
"41","09","38","RP","DSM","αὐτῷ","αὐτῷ","αὐτῷ","αὐτός"
"41","09","38","RA","NSM","ὁ","ὁ","ὁ","ὁ"
"41","09","38","N","NSM","Ἰωάννης⸃·","Ἰωάννης","Ἰωάννης","Ἰωάννης"
"41","09","38","N","VSM","Διδάσκαλε,","Διδάσκαλε","διδάσκαλε","διδάσκαλος"
"41","09","38","V","1AAI-P","εἴδομέν","εἴδομέν","εἴδομεν","ὁράω"
"41","09","38","RI","ASM","τινα","τινα","τινά","τις"
"41","09","38","P","","⸀ἐν","ἐν","ἐν","ἐν"
"41","09","38","RA","DSN","τῷ","τῷ","τῷ","ὁ"
"41","09","38","N","DSN","ὀνόματί","ὀνόματί","ὀνόματι","ὄνομα"
"41","09","38","RP","GS","σου","σου","σου","σύ"
"41","09","38","V","PAPASM","ἐκβάλλοντα","ἐκβάλλοντα","ἐκβάλλοντα","ἐκβάλλω"
"41","09","38","N","APN","δαιμόνια,","δαιμόνια","δαιμόνια","δαιμόνιον"
"41","09","38","C","","⸂καὶ","καὶ","καί","καί"
"41","09","38","V","1IAI-P","ἐκωλύομεν","ἐκωλύομεν","ἐκωλύομεν","κωλύω"
"41","09","38","RP","ASM","αὐτόν,","αὐτόν","αὐτόν","αὐτός"
"41","09","38","C","","ὅτι","ὅτι","ὅτι","ὅτι"
"41","09","38","D","","οὐκ","οὐκ","οὐ","οὐ"
"41","09","38","V","3IAI-S","ἠκολούθει","ἠκολούθει","ἠκολούθει","ἀκολουθέω"
"41","09","38","RP","DP","ἡμῖν⸃.","ἡμῖν","ἡμῖν","ἐγώ"
"41","09","39","RA","NSM","ὁ","ὁ","ὁ","ὁ"
"41","09","39","C","","δὲ","δὲ","δέ","δέ"
"41","09","39","N","NSM","Ἰησοῦς","Ἰησοῦς","Ἰησοῦς","Ἰησοῦς"
"41","09","39","V","3AAI-S","εἶπεν·","εἶπεν","εἶπε(ν)","λέγω"
"41","09","39","D","","Μὴ","Μὴ","μή","μή"
"41","09","39","V","2PAD-P","κωλύετε","κωλύετε","κωλύετε","κωλύω"
"41","09","39","RP","ASM","αὐτόν,","αὐτόν","αὐτόν","αὐτός"
"41","09","39","A","NSM","οὐδεὶς","οὐδεὶς","οὐδείς","οὐδείς"
"41","09","39","C","","γάρ","γάρ","γάρ","γάρ"
"41","09","39","V","3PAI-S","ἐστιν","ἐστιν","ἐστί(ν)","εἰμί"
"41","09","39","RR","NSM","ὃς","ὃς","ὅς","ὅς"
"41","09","39","V","3FAI-S","ποιήσει","ποιήσει","ποιήσει","ποιέω"
"41","09","39","N","ASF","δύναμιν","δύναμιν","δύναμιν","δύναμις"
"41","09","39","P","","ἐπὶ","ἐπὶ","ἐπί","ἐπί"
"41","09","39","RA","DSN","τῷ","τῷ","τῷ","ὁ"
"41","09","39","N","DSN","ὀνόματί","ὀνόματί","ὀνόματι","ὄνομα"
"41","09","39","RP","GS","μου","μου","μου","ἐγώ"
"41","09","39","C","","καὶ","καὶ","καί","καί"
"41","09","39","V","3FMI-S","δυνήσεται","δυνήσεται","δυνήσεται","δύναμαι"
"41","09","39","A","ASN","ταχὺ","ταχὺ","ταχύ","ταχύ"
"41","09","39","V","AAN","κακολογῆσαί","κακολογῆσαί","κακολογῆσαι","κακολογέω"
"41","09","39","RP","AS","με·","με","με","ἐγώ"
"41","09","40","RR","NSM","ὃς","ὃς","ὅς","ὅς"
"41","09","40","C","","γὰρ","γὰρ","γάρ","γάρ"
"41","09","40","D","","οὐκ","οὐκ","οὐ","οὐ"
"41","09","40","V","3PAI-S","ἔστιν","ἔστιν","ἐστί(ν)","εἰμί"
"41","09","40","P","","καθ’","καθ’","κατά","κατά"
"41","09","40","RP","GP","⸂ἡμῶν,","ἡμῶν","ἡμῶν","ἐγώ"
"41","09","40","P","","ὑπὲρ","ὑπὲρ","ὑπέρ","ὑπέρ"
"41","09","40","RP","GP","ἡμῶν⸃","ἡμῶν","ἡμῶν","ἐγώ"
"41","09","40","V","3PAI-S","ἐστιν.","ἐστιν","ἐστί(ν)","εἰμί"
"41","09","41","RR","NSM","Ὃς","Ὃς","ὅς","ὅς"
"41","09","41","C","","γὰρ","γὰρ","γάρ","γάρ"
"41","09","41","X","","ἂν","ἂν","ἄν","ἄν"
"41","09","41","V","3AAS-S","ποτίσῃ","ποτίσῃ","ποτίσῃ","ποτίζω"
"41","09","41","RP","AP","ὑμᾶς","ὑμᾶς","ὑμᾶς","σύ"
"41","09","41","N","ASN","ποτήριον","ποτήριον","ποτήριον","ποτήριον"
"41","09","41","N","GSN","ὕδατος","ὕδατος","ὕδατος","ὕδωρ"
"41","09","41","P","","ἐν","ἐν","ἐν","ἐν"
"41","09","41","N","DSN","⸀ὀνόματι","ὀνόματι","ὀνόματι","ὄνομα"
"41","09","41","C","","ὅτι","ὅτι","ὅτι","ὅτι"
"41","09","41","N","GSM","χριστοῦ","χριστοῦ","Χριστοῦ","Χριστός"
"41","09","41","V","2PAI-P","ἐστε,","ἐστε","ἐστέ","εἰμί"
"41","09","41","X","","ἀμὴν","ἀμὴν","ἀμήν","ἀμήν"
"41","09","41","V","1PAI-S","λέγω","λέγω","λέγω","λέγω"
"41","09","41","RP","DP","ὑμῖν","ὑμῖν","ὑμῖν","σύ"
"41","09","41","C","","⸀ὅτι","ὅτι","ὅτι","ὅτι"
"41","09","41","D","","οὐ","οὐ","οὐ","οὐ"
"41","09","41","D","","μὴ","μὴ","μή","μή"
"41","09","41","V","3AAS-S","⸀ἀπολέσῃ","ἀπολέσῃ","ἀπολέσῃ","ἀπόλλυμι"
"41","09","41","RA","ASM","τὸν","τὸν","τόν","ὁ"
"41","09","41","N","ASM","μισθὸν","μισθὸν","μισθόν","μισθός"
"41","09","41","RP","GSM","αὐτοῦ.","αὐτοῦ","αὐτοῦ","αὐτός"
"41","09","42","C","","Καὶ","Καὶ","καί","καί"
"41","09","42","RR","NSM","ὃς","ὃς","ὅς","ὅς"
"41","09","42","X","","⸀ἂν","ἂν","ἄν","ἄν"
"41","09","42","V","3AAS-S","σκανδαλίσῃ","σκανδαλίσῃ","σκανδαλίσῃ","σκανδαλίζω"
"41","09","42","A","ASM","ἕνα","ἕνα","ἕνα","εἷς"
"41","09","42","RA","GPM","τῶν","τῶν","τῶν","ὁ"
"41","09","42","A","GPM","μικρῶν","μικρῶν","μικρῶν","μικρός"
"41","09","42","RD","GPM","⸀τούτων","τούτων","τούτων","οὗτος"
"41","09","42","RA","GPM","τῶν","τῶν","τῶν","ὁ"
"41","09","42","V","PAPGPM","πιστευόντων","πιστευόντων","πιστευόντων","πιστεύω"
"41","09","42","P","","⸂εἰς","εἰς","εἰς","εἰς"
"41","09","42","RP","AS","ἐμέ⸃,","ἐμέ","ἐμέ","ἐγώ"
"41","09","42","A","NSN","καλόν","καλόν","καλόν","καλός"
"41","09","42","V","3PAI-S","ἐστιν","ἐστιν","ἐστί(ν)","εἰμί"
"41","09","42","RP","DSM","αὐτῷ","αὐτῷ","αὐτῷ","αὐτός"
"41","09","42","D","","μᾶλλον","μᾶλλον","μᾶλλον","μᾶλλον"
"41","09","42","C","","εἰ","εἰ","εἰ","εἰ"
"41","09","42","V","3PMI-S","περίκειται","περίκειται","περίκειται","περίκειμαι"
"41","09","42","N","NSM","⸂μύλος","μύλος","μύλος","μύλος"
"41","09","42","A","NSM","ὀνικὸς⸃","ὀνικὸς","ὀνικός","ὀνικός"
"41","09","42","P","","περὶ","περὶ","περί","περί"
"41","09","42","RA","ASM","τὸν","τὸν","τόν","ὁ"
"41","09","42","N","ASM","τράχηλον","τράχηλον","τράχηλον","τράχηλος"
"41","09","42","RP","GSM","αὐτοῦ","αὐτοῦ","αὐτοῦ","αὐτός"
"41","09","42","C","","καὶ","καὶ","καί","καί"
"41","09","42","V","3XPI-S","βέβληται","βέβληται","βέβληται","βάλλω"
"41","09","42","P","","εἰς","εἰς","εἰς","εἰς"
"41","09","42","RA","ASF","τὴν","τὴν","τήν","ὁ"
"41","09","42","N","ASF","θάλασσαν.","θάλασσαν","θάλασσαν","θάλασσα"
"41","09","43","C","","Καὶ","Καὶ","καί","καί"
"41","09","43","C","","ἐὰν","ἐὰν","ἐάν","ἐάν"
"41","09","43","V","3PAS-S","⸀σκανδαλίζῃ","σκανδαλίζῃ","σκανδαλίζῃ","σκανδαλίζω"
"41","09","43","RP","AS","σε","σε","σε","σύ"
"41","09","43","RA","NSF","ἡ","ἡ","ἡ","ὁ"
"41","09","43","N","NSF","χείρ","χείρ","χείρ","χείρ"
"41","09","43","RP","GS","σου,","σου","σου","σύ"
"41","09","43","V","2AAD-S","ἀπόκοψον","ἀπόκοψον","ἀπόκοψον","ἀποκόπτω"
"41","09","43","RP","ASF","αὐτήν·","αὐτήν","αὐτήν","αὐτός"
"41","09","43","A","NSN","καλόν","καλόν","καλόν","καλός"
"41","09","43","V","3PAI-S","⸂ἐστίν","ἐστίν","ἐστί(ν)","εἰμί"
"41","09","43","RP","AS","σε⸃","σε","σε","σύ"
"41","09","43","A","ASM","κυλλὸν","κυλλὸν","κυλλόν","κυλλός"
"41","09","43","V","AAN","⸂εἰσελθεῖν","εἰσελθεῖν","εἰσελθεῖν","εἰσέρχομαι"
"41","09","43","P","","εἰς","εἰς","εἰς","εἰς"
"41","09","43","RA","ASF","τὴν","τὴν","τήν","ὁ"
"41","09","43","N","ASF","ζωὴν⸃","ζωὴν","ζωήν","ζωή"
"41","09","43","C","","ἢ","ἢ","ἤ","ἤ"
"41","09","43","RA","APF","τὰς","τὰς","τάς","ὁ"
"41","09","43","A","APF","δύο","δύο","δύο","δύο"
"41","09","43","N","APF","χεῖρας","χεῖρας","χεῖρας","χείρ"
"41","09","43","V","PAPASM","ἔχοντα","ἔχοντα","ἔχοντα","ἔχω"
"41","09","43","V","AAN","ἀπελθεῖν","ἀπελθεῖν","ἀπελθεῖν","ἀπέρχομαι"
"41","09","43","P","","εἰς","εἰς","εἰς","εἰς"
"41","09","43","RA","ASF","τὴν","τὴν","τήν","ὁ"
"41","09","43","N","ASF","γέενναν,","γέενναν","γέενναν","γέεννα"
"41","09","43","P","","εἰς","εἰς","εἰς","εἰς"
"41","09","43","RA","ASN","τὸ","τὸ","τό","ὁ"
"41","09","43","N","ASN","πῦρ","πῦρ","πῦρ","πῦρ"
"41","09","43","RA","ASN","τὸ","τὸ","τό","ὁ"
"41","09","43","A","ASN","⸀ἄσβεστον.","ἄσβεστον","ἄσβεστον","ἄσβεστος"
"41","09","45","C","","καὶ","καὶ","καί","καί"
"41","09","45","C","","ἐὰν","ἐὰν","ἐάν","ἐάν"
"41","09","45","RA","NSM","ὁ","ὁ","ὁ","ὁ"
"41","09","45","N","NSM","πούς","πούς","πούς","πούς"
"41","09","45","RP","GS","σου","σου","σου","σύ"
"41","09","45","V","3PAS-S","σκανδαλίζῃ","σκανδαλίζῃ","σκανδαλίζῃ","σκανδαλίζω"
"41","09","45","RP","AS","σε,","σε","σε","σύ"
"41","09","45","V","2AAD-S","ἀπόκοψον","ἀπόκοψον","ἀπόκοψον","ἀποκόπτω"
"41","09","45","RP","ASM","αὐτόν·","αὐτόν","αὐτόν","αὐτός"
"41","09","45","A","NSN","καλόν","καλόν","καλόν","καλός"
"41","09","45","V","3PAI-S","ἐστίν","ἐστίν","ἐστί(ν)","εἰμί"
"41","09","45","RP","AS","⸀σε","σε","σε","σύ"
"41","09","45","V","AAN","εἰσελθεῖν","εἰσελθεῖν","εἰσελθεῖν","εἰσέρχομαι"
"41","09","45","P","","εἰς","εἰς","εἰς","εἰς"
"41","09","45","RA","ASF","τὴν","τὴν","τήν","ὁ"
"41","09","45","N","ASF","ζωὴν","ζωὴν","ζωήν","ζωή"
"41","09","45","A","ASM","χωλὸν","χωλὸν","χωλόν","χωλός"
"41","09","45","C","","ἢ","ἢ","ἤ","ἤ"
"41","09","45","RA","APM","τοὺς","τοὺς","τούς","ὁ"
"41","09","45","A","APM","δύο","δύο","δύο","δύο"
"41","09","45","N","APM","πόδας","πόδας","πόδας","πούς"
"41","09","45","V","PAPASM","ἔχοντα","ἔχοντα","ἔχοντα","ἔχω"
"41","09","45","V","APN","βληθῆναι","βληθῆναι","βληθῆναι","βάλλω"
"41","09","45","P","","εἰς","εἰς","εἰς","εἰς"
"41","09","45","RA","ASF","τὴν","τὴν","τήν","ὁ"
"41","09","45","N","ASF","⸀γέενναν.","γέενναν","γέενναν","γέεννα"
"41","09","47","C","","καὶ","καὶ","καί","καί"
"41","09","47","C","","ἐὰν","ἐὰν","ἐάν","ἐάν"
"41","09","47","RA","NSM","ὁ","ὁ","ὁ","ὁ"
"41","09","47","N","NSM","ὀφθαλμός","ὀφθαλμός","ὀφθαλμός","ὀφθαλμός"
"41","09","47","RP","GS","σου","σου","σου","σύ"
"41","09","47","V","3PAS-S","σκανδαλίζῃ","σκανδαλίζῃ","σκανδαλίζῃ","σκανδαλίζω"
"41","09","47","RP","AS","σε,","σε","σε","σύ"
"41","09","47","V","2AAD-S","ἔκβαλε","ἔκβαλε","ἔκβαλε","ἐκβάλλω"
"41","09","47","RP","ASM","αὐτόν·","αὐτόν","αὐτόν","αὐτός"
"41","09","47","A","NSN","καλόν","καλόν","καλόν","καλός"
"41","09","47","RP","AS","⸀σέ","σέ","σέ","σύ"
"41","09","47","V","3PAI-S","ἐστιν","ἐστιν","ἐστί(ν)","εἰμί"
"41","09","47","A","ASM","μονόφθαλμον","μονόφθαλμον","μονόφθαλμον","μονόφθαλμος"
"41","09","47","V","AAN","εἰσελθεῖν","εἰσελθεῖν","εἰσελθεῖν","εἰσέρχομαι"
"41","09","47","P","","εἰς","εἰς","εἰς","εἰς"
"41","09","47","RA","ASF","τὴν","τὴν","τήν","ὁ"
"41","09","47","N","ASF","βασιλείαν","βασιλείαν","βασιλείαν","βασιλεία"
"41","09","47","RA","GSM","τοῦ","τοῦ","τοῦ","ὁ"
"41","09","47","N","GSM","θεοῦ","θεοῦ","θεοῦ","θεός"
"41","09","47","C","","ἢ","ἢ","ἤ","ἤ"
"41","09","47","A","APM","δύο","δύο","δύο","δύο"
"41","09","47","N","APM","ὀφθαλμοὺς","ὀφθαλμοὺς","ὀφθαλμούς","ὀφθαλμός"
"41","09","47","V","PAPASM","ἔχοντα","ἔχοντα","ἔχοντα","ἔχω"
"41","09","47","V","APN","βληθῆναι","βληθῆναι","βληθῆναι","βάλλω"
"41","09","47","P","","εἰς","εἰς","εἰς","εἰς"
"41","09","47","RA","ASF","⸀τὴν","τὴν","τήν","ὁ"
"41","09","47","N","ASF","⸀γέενναν,","γέενναν","γέενναν","γέεννα"
"41","09","48","D","","ὅπου","ὅπου","ὅπου","ὅπου"
"41","09","48","RA","NSM","ὁ","ὁ","ὁ","ὁ"
"41","09","48","N","NSM","σκώληξ","σκώληξ","σκώληξ","σκώληξ"
"41","09","48","RP","GPM","αὐτῶν","αὐτῶν","αὐτῶν","αὐτός"
"41","09","48","D","","οὐ","οὐ","οὐ","οὐ"
"41","09","48","V","3PAI-S","τελευτᾷ","τελευτᾷ","τελευτᾷ","τελευτάω"
"41","09","48","C","","καὶ","καὶ","καί","καί"
"41","09","48","RA","NSN","τὸ","τὸ","τό","ὁ"
"41","09","48","N","NSN","πῦρ","πῦρ","πῦρ","πῦρ"
"41","09","48","D","","οὐ","οὐ","οὐ","οὐ"
"41","09","48","V","3PPI-S","σβέννυται.","σβέννυται","σβέννυται","σβέννυμι"
"41","09","49","A","NSM","Πᾶς","Πᾶς","πᾶς","πᾶς"
"41","09","49","C","","γὰρ","γὰρ","γάρ","γάρ"
"41","09","49","N","DSN","πυρὶ","πυρὶ","πυρί","πῦρ"
"41","09","49","V","3FPI-S","⸀ἁλισθήσεται.","ἁλισθήσεται","ἁλισθήσεται","ἁλίζω"
"41","09","50","A","NSN","καλὸν","καλὸν","καλόν","καλός"
"41","09","50","RA","NSN","τὸ","τὸ","τό","ὁ"
"41","09","50","N","NSN","ἅλας·","ἅλας","ἅλας","ἅλας"
"41","09","50","C","","ἐὰν","ἐὰν","ἐάν","ἐάν"
"41","09","50","C","","δὲ","δὲ","δέ","δέ"
"41","09","50","RA","NSN","τὸ","τὸ","τό","ὁ"
"41","09","50","N","NSN","ἅλας","ἅλας","ἅλας","ἅλας"
"41","09","50","A","NSN","ἄναλον","ἄναλον","ἄναλον","ἄναλος"
"41","09","50","V","3AMS-S","γένηται,","γένηται","γένηται","γίνομαι"
"41","09","50","P","","ἐν","ἐν","ἐν","ἐν"
"41","09","50","RI","DSN","τίνι","τίνι","τίνι","τίς"
"41","09","50","RP","ASN","αὐτὸ","αὐτὸ","αὐτό","αὐτός"
"41","09","50","V","2FAI-P","ἀρτύσετε;","ἀρτύσετε","ἀρτύσετε","ἀρτύω"
"41","09","50","V","2PAD-P","ἔχετε","ἔχετε","ἔχετε","ἔχω"
"41","09","50","P","","ἐν","ἐν","ἐν","ἐν"
"41","09","50","RP","DPM","ἑαυτοῖς","ἑαυτοῖς","ἑαυτοῖς","ἑαυτοῦ"
"41","09","50","N","ASN","⸀ἅλα,","ἅλα","ἅλα","ἅλα"
"41","09","50","C","","καὶ","καὶ","καί","καί"
"41","09","50","V","2PAD-P","εἰρηνεύετε","εἰρηνεύετε","εἰρηνεύετε","εἰρηνεύω"
"41","09","50","P","","ἐν","ἐν","ἐν","ἐν"
"41","09","50","RP","DPM","ἀλλήλοις.","ἀλλήλοις","ἀλλήλοις","ἀλλήλων"
"41","10","01","C","","Καὶ","Καὶ","καί","καί"
"41","10","01","D","","ἐκεῖθεν","ἐκεῖθεν","ἐκεῖθεν","ἐκεῖθεν"
"41","10","01","V","AAPNSM","ἀναστὰς","ἀναστὰς","ἀναστάς","ἀνίστημι"
"41","10","01","V","3PMI-S","ἔρχεται","ἔρχεται","ἔρχεται","ἔρχομαι"
"41","10","01","P","","εἰς","εἰς","εἰς","εἰς"
"41","10","01","RA","APN","τὰ","τὰ","τά","ὁ"
"41","10","01","N","APN","ὅρια","ὅρια","ὅρια","ὅριον"
"41","10","01","RA","GSF","τῆς","τῆς","τῆς","ὁ"
"41","10","01","N","GSF","Ἰουδαίας","Ἰουδαίας","Ἰουδαίας","Ἰουδαία"
"41","10","01","C","","⸀καὶ","καὶ","καί","καί"
"41","10","01","P","","πέραν","πέραν","πέραν","πέραν"
"41","10","01","RA","GSM","τοῦ","τοῦ","τοῦ","ὁ"
"41","10","01","N","GSM","Ἰορδάνου,","Ἰορδάνου","Ἰορδάνου","Ἰορδάνης"
"41","10","01","C","","καὶ","καὶ","καί","καί"
"41","10","01","V","3PMI-P","συμπορεύονται","συμπορεύονται","συμπορεύονται","συμπορεύομαι"
"41","10","01","D","","πάλιν","πάλιν","πάλιν","πάλιν"
"41","10","01","N","NPM","ὄχλοι","ὄχλοι","ὄχλοι","ὄχλος"
"41","10","01","P","","πρὸς","πρὸς","πρός","πρός"
"41","10","01","RP","ASM","αὐτόν,","αὐτόν","αὐτόν","αὐτός"
"41","10","01","C","","καὶ","καὶ","καί","καί"
"41","10","01","C","","ὡς","ὡς","ὡς","ὡς"
"41","10","01","V","3YAI-S","εἰώθει","εἰώθει","εἰώθει","εἴωθα"
"41","10","01","D","","πάλιν","πάλιν","πάλιν","πάλιν"
"41","10","01","V","3IAI-S","ἐδίδασκεν","ἐδίδασκεν","ἐδίδασκε(ν)","διδάσκω"
"41","10","01","RP","APM","αὐτούς.","αὐτούς","αὐτούς","αὐτός"
"41","10","02","C","","⸀Καὶ","Καὶ","καί","καί"
"41","10","02","V","3IAI-P","⸀ἐπηρώτων","ἐπηρώτων","ἐπηρώτων","ἐπερωτάω"
"41","10","02","RP","ASM","αὐτὸν","αὐτὸν","αὐτόν","αὐτός"
"41","10","02","X","","εἰ","εἰ","εἰ","εἰ"
"41","10","02","V","3PAI-S","ἔξεστιν","ἔξεστιν","ἔξεστι(ν)","ἔξεστι(ν)"
"41","10","02","N","DSM","ἀνδρὶ","ἀνδρὶ","ἀνδρί","ἀνήρ"
"41","10","02","N","ASF","γυναῖκα","γυναῖκα","γυναῖκα","γυνή"
"41","10","02","V","AAN","ἀπολῦσαι,","ἀπολῦσαι","ἀπολῦσαι","ἀπολύω"
"41","10","02","V","PAPNPM","πειράζοντες","πειράζοντες","πειράζοντες","πειράζω"
"41","10","02","RP","ASM","αὐτόν.","αὐτόν","αὐτόν","αὐτός"
"41","10","03","RA","NSM","ὁ","ὁ","ὁ","ὁ"
"41","10","03","C","","δὲ","δὲ","δέ","δέ"
"41","10","03","V","APPNSM","ἀποκριθεὶς","ἀποκριθεὶς","ἀποκριθείς","ἀποκρίνομαι"
"41","10","03","V","3AAI-S","εἶπεν","εἶπεν","εἶπε(ν)","λέγω"
"41","10","03","RP","DPM","αὐτοῖς·","αὐτοῖς","αὐτοῖς","αὐτός"
"41","10","03","RI","ASN","Τί","Τί","τί","τίς"
"41","10","03","RP","DP","ὑμῖν","ὑμῖν","ὑμῖν","σύ"
"41","10","03","V","3AMI-S","ἐνετείλατο","ἐνετείλατο","ἐνετείλατο","ἐντέλλομαι"
"41","10","03","N","NSM","Μωϋσῆς;","Μωϋσῆς","Μωϋσῆς","Μωϋσῆς"
"41","10","04","RA","NPM","οἱ","οἱ","οἱ","ὁ"
"41","10","04","C","","δὲ","δὲ","δέ","δέ"
"41","10","04","V","3AAI-P","εἶπαν·","εἶπαν","εἶπαν","λέγω"
"41","10","04","V","3AAI-S","⸂Ἐπέτρεψεν","Ἐπέτρεψεν","ἐπέτρεψε(ν)","ἐπιτρέπω"
"41","10","04","N","NSM","Μωϋσῆς⸃","Μωϋσῆς","Μωϋσῆς","Μωϋσῆς"
"41","10","04","N","ASN","βιβλίον","βιβλίον","βιβλίον","βιβλίον"
"41","10","04","N","GSN","ἀποστασίου","ἀποστασίου","ἀποστασίου","ἀποστάσιον"
"41","10","04","V","AAN","γράψαι","γράψαι","γράψαι","γράφω"
"41","10","04","C","","καὶ","καὶ","καί","καί"
"41","10","04","V","AAN","ἀπολῦσαι.","ἀπολῦσαι","ἀπολῦσαι","ἀπολύω"
"41","10","05","RA","NSM","⸂ὁ","ὁ","ὁ","ὁ"
"41","10","05","C","","δὲ⸃","δὲ","δέ","δέ"
"41","10","05","N","NSM","Ἰησοῦς","Ἰησοῦς","Ἰησοῦς","Ἰησοῦς"
"41","10","05","V","3AAI-S","εἶπεν","εἶπεν","εἶπε(ν)","λέγω"
"41","10","05","RP","DPM","αὐτοῖς·","αὐτοῖς","αὐτοῖς","αὐτός"
"41","10","05","P","","Πρὸς","Πρὸς","πρός","πρός"
"41","10","05","RA","ASF","τὴν","τὴν","τήν","ὁ"
"41","10","05","N","ASF","σκληροκαρδίαν","σκληροκαρδίαν","σκληροκαρδίαν","σκληροκαρδία"
"41","10","05","RP","GP","ὑμῶν","ὑμῶν","ὑμῶν","σύ"
"41","10","05","V","3AAI-S","ἔγραψεν","ἔγραψεν","ἔγραψε(ν)","γράφω"
"41","10","05","RP","DP","ὑμῖν","ὑμῖν","ὑμῖν","σύ"
"41","10","05","RA","ASF","τὴν","τὴν","τήν","ὁ"
"41","10","05","N","ASF","ἐντολὴν","ἐντολὴν","ἐντολήν","ἐντολή"
"41","10","05","RD","ASF","ταύτην·","ταύτην","ταύτην","οὗτος"
"41","10","06","P","","ἀπὸ","ἀπὸ","ἀπό","ἀπό"
"41","10","06","C","","δὲ","δὲ","δέ","δέ"
"41","10","06","N","GSF","ἀρχῆς","ἀρχῆς","ἀρχῆς","ἀρχή"
"41","10","06","N","GSF","κτίσεως","κτίσεως","κτίσεως","κτίσις"
"41","10","06","A","ASN","ἄρσεν","ἄρσεν","ἄρσεν","ἄρσην"
"41","10","06","C","","καὶ","καὶ","καί","καί"
"41","10","06","A","ASN","θῆλυ","θῆλυ","θῆλυ","θῆλυς"
"41","10","06","V","3AAI-S","ἐποίησεν","ἐποίησεν","ἐποίησε(ν)","ποιέω"
"41","10","06","RP","APM","⸀αὐτούς·","αὐτούς","αὐτούς","αὐτός"
"41","10","07","P","","ἕνεκεν","ἕνεκεν","ἕνεκεν","ἕνεκεν"
"41","10","07","RD","GSN","τούτου","τούτου","τούτου","οὗτος"
"41","10","07","V","3FAI-S","καταλείψει","καταλείψει","καταλείψει","καταλείπω"
"41","10","07","N","NSM","ἄνθρωπος","ἄνθρωπος","ἄνθρωπος","ἄνθρωπος"
"41","10","07","RA","ASM","τὸν","τὸν","τόν","ὁ"
"41","10","07","N","ASM","πατέρα","πατέρα","πατέρα","πατήρ"
"41","10","07","RP","GSM","αὐτοῦ","αὐτοῦ","αὐτοῦ","αὐτός"
"41","10","07","C","","καὶ","καὶ","καί","καί"
"41","10","07","RA","ASF","τὴν","τὴν","τήν","ὁ"
"41","10","07","N","ASF","μητέρα","μητέρα","μητέρα","μήτηρ"
"41","10","07","C","","⸂καὶ","καὶ","καί","καί"
"41","10","07","V","3FPI-S","προσκολληθήσεται","προσκολληθήσεται","προσκολληθήσεται","προσκολλάομαι"
"41","10","07","P","","πρὸς","πρὸς","πρός","πρός"
"41","10","07","RA","ASF","τὴν","τὴν","τήν","ὁ"
"41","10","07","N","ASF","γυναῖκα","γυναῖκα","γυναῖκα","γυνή"
"41","10","07","RP","GSM","αὐτοῦ⸃,","αὐτοῦ","αὐτοῦ","αὐτός"
"41","10","08","C","","καὶ","καὶ","καί","καί"
"41","10","08","V","3FMI-P","ἔσονται","ἔσονται","ἔσονται","εἰμί"
"41","10","08","RA","NPM","οἱ","οἱ","οἱ","ὁ"
"41","10","08","A","NPM","δύο","δύο","δύο","δύο"
"41","10","08","P","","εἰς","εἰς","εἰς","εἰς"
"41","10","08","N","ASF","σάρκα","σάρκα","σάρκα","σάρξ"
"41","10","08","A","ASF","μίαν·","μίαν","μίαν","εἷς"
"41","10","08","C","","ὥστε","ὥστε","ὥστε","ὥστε"
"41","10","08","D","","οὐκέτι","οὐκέτι","οὐκέτι","οὐκέτι"
"41","10","08","V","3PAI-P","εἰσὶν","εἰσὶν","εἰσί(ν)","εἰμί"
"41","10","08","A","NPM","δύο","δύο","δύο","δύο"
"41","10","08","C","","ἀλλὰ","ἀλλὰ","ἀλλά","ἀλλά"
"41","10","08","A","NSF","μία","μία","μία","εἷς"
"41","10","08","N","NSF","σάρξ·","σάρξ","σάρξ","σάρξ"
"41","10","09","RR","ASN","ὃ","ὃ","ὅ","ὅς"
"41","10","09","C","","οὖν","οὖν","οὖν","οὖν"
"41","10","09","RA","NSM","ὁ","ὁ","ὁ","ὁ"
"41","10","09","N","NSM","θεὸς","θεὸς","θεός","θεός"
"41","10","09","V","3AAI-S","συνέζευξεν","συνέζευξεν","συνέζευξε(ν)","συζεύγνυμι"
"41","10","09","N","NSM","ἄνθρωπος","ἄνθρωπος","ἄνθρωπος","ἄνθρωπος"
"41","10","09","D","","μὴ","μὴ","μή","μή"
"41","10","09","V","3PAD-S","χωριζέτω.","χωριζέτω","χωριζέτω","χωρίζω"
"41","10","10","C","","Καὶ","Καὶ","καί","καί"
"41","10","10","P","","⸂εἰς","εἰς","εἰς","εἰς"
"41","10","10","RA","ASF","τὴν","τὴν","τήν","ὁ"
"41","10","10","N","ASF","οἰκίαν⸃","οἰκίαν","οἰκίαν","οἰκία"
"41","10","10","D","","πάλιν","πάλιν","πάλιν","πάλιν"
"41","10","10","RA","NPM","οἱ","οἱ","οἱ","ὁ"
"41","10","10","N","NPM","μαθηταὶ","μαθηταὶ","μαθηταί","μαθητής"
"41","10","10","P","","⸂περὶ","περὶ","περί","περί"
"41","10","10","RD","GSN","τούτου⸃","τούτου","τούτου","οὗτος"
"41","10","10","V","3IAI-P","⸀ἐπηρώτων","ἐπηρώτων","ἐπηρώτων","ἐπερωτάω"
"41","10","10","RP","ASM","αὐτόν.","αὐτόν","αὐτόν","αὐτός"
"41","10","11","C","","καὶ","καὶ","καί","καί"
"41","10","11","V","3PAI-S","λέγει","λέγει","λέγει","λέγω"
"41","10","11","RP","DPM","αὐτοῖς·","αὐτοῖς","αὐτοῖς","αὐτός"
"41","10","11","RR","NSM","Ὃς","Ὃς","ὅς","ὅς"
"41","10","11","X","","⸀ἂν","ἂν","ἄν","ἄν"
"41","10","11","V","3AAS-S","ἀπολύσῃ","ἀπολύσῃ","ἀπολύσῃ","ἀπολύω"
"41","10","11","RA","ASF","τὴν","τὴν","τήν","ὁ"
"41","10","11","N","ASF","γυναῖκα","γυναῖκα","γυναῖκα","γυνή"
"41","10","11","RP","GSM","αὐτοῦ","αὐτοῦ","αὐτοῦ","αὐτός"
"41","10","11","C","","καὶ","καὶ","καί","καί"
"41","10","11","V","3AAS-S","γαμήσῃ","γαμήσῃ","γαμήσῃ","γαμέω"
"41","10","11","A","ASF","ἄλλην","ἄλλην","ἄλλην","ἄλλος"
"41","10","11","V","3PMI-S","μοιχᾶται","μοιχᾶται","μοιχᾶται","μοιχάομαι"
"41","10","11","P","","ἐπ’","ἐπ’","ἐπί","ἐπί"
"41","10","11","RP","ASF","αὐτήν,","αὐτήν","αὐτήν","αὐτός"
"41","10","12","C","","καὶ","καὶ","καί","καί"
"41","10","12","C","","ἐὰν","ἐὰν","ἐάν","ἐάν"
"41","10","12","RP","NSF","⸂αὐτὴ","αὐτὴ","αὐτή","αὐτός"
"41","10","12","V","AAPNSF","ἀπολύσασα","ἀπολύσασα","ἀπολύσασα","ἀπολύω"
"41","10","12","RA","ASM","τὸν","τὸν","τόν","ὁ"
"41","10","12","N","ASM","ἄνδρα","ἄνδρα","ἄνδρα","ἀνήρ"
"41","10","12","RP","GSF","αὐτῆς","αὐτῆς","αὐτῆς","αὐτός"
"41","10","12","V","3AAS-S","γαμήσῃ","γαμήσῃ","γαμήσῃ","γαμέω"
"41","10","12","A","ASM","ἄλλον⸃","ἄλλον","ἄλλον","ἄλλος"
"41","10","12","V","3PMI-S","μοιχᾶται.","μοιχᾶται","μοιχᾶται","μοιχάομαι"
"41","10","13","C","","Καὶ","Καὶ","καί","καί"
"41","10","13","V","3IAI-P","προσέφερον","προσέφερον","προσέφερον","προσφέρω"
"41","10","13","RP","DSM","αὐτῷ","αὐτῷ","αὐτῷ","αὐτός"
"41","10","13","N","APN","παιδία","παιδία","παιδία","παιδίον"
"41","10","13","C","","ἵνα","ἵνα","ἵνα","ἵνα"
"41","10","13","RP","GPN","⸂αὐτῶν","αὐτῶν","αὐτῶν","αὐτός"
"41","10","13","V","3AMS-S","ἅψηται⸃·","ἅψηται","ἅψηται","ἅπτω"
"41","10","13","RA","NPM","οἱ","οἱ","οἱ","ὁ"
"41","10","13","C","","δὲ","δὲ","δέ","δέ"
"41","10","13","N","NPM","μαθηταὶ","μαθηταὶ","μαθηταί","μαθητής"
"41","10","13","V","3AAI-P","⸂ἐπετίμησαν","ἐπετίμησαν","ἐπετίμησαν","ἐπιτιμάω"
"41","10","13","RP","DPM","αὐτοῖς⸃.","αὐτοῖς","αὐτοῖς","αὐτός"
"41","10","14","V","AAPNSM","ἰδὼν","ἰδὼν","ἰδών","ὁράω"
"41","10","14","C","","δὲ","δὲ","δέ","δέ"
"41","10","14","RA","NSM","ὁ","ὁ","ὁ","ὁ"
"41","10","14","N","NSM","Ἰησοῦς","Ἰησοῦς","Ἰησοῦς","Ἰησοῦς"
"41","10","14","V","3AAI-S","ἠγανάκτησεν","ἠγανάκτησεν","ἠγανάκτησε(ν)","ἀγανακτέω"
"41","10","14","C","","καὶ","καὶ","καί","καί"
"41","10","14","V","3AAI-S","εἶπεν","εἶπεν","εἶπε(ν)","λέγω"
"41","10","14","RP","DPM","αὐτοῖς·","αὐτοῖς","αὐτοῖς","αὐτός"
"41","10","14","V","2AAD-P","Ἄφετε","Ἄφετε","ἄφετε","ἀφίημι"
"41","10","14","RA","APN","τὰ","τὰ","τά","ὁ"
"41","10","14","N","APN","παιδία","παιδία","παιδία","παιδίον"
"41","10","14","V","PMN","ἔρχεσθαι","ἔρχεσθαι","ἔρχεσθαι","ἔρχομαι"
"41","10","14","P","","πρός","πρός","πρός","πρός"
"41","10","14","RP","AS","με,","με","με","ἐγώ"
"41","10","14","D","","μὴ","μὴ","μή","μή"
"41","10","14","V","2PAD-P","κωλύετε","κωλύετε","κωλύετε","κωλύω"
"41","10","14","RP","APN","αὐτά,","αὐτά","αὐτά","αὐτός"
"41","10","14","RA","GPN","τῶν","τῶν","τῶν","ὁ"
"41","10","14","C","","γὰρ","γὰρ","γάρ","γάρ"
"41","10","14","RD","GPN","τοιούτων","τοιούτων","τοιούτων","τοιοῦτος"
"41","10","14","V","3PAI-S","ἐστὶν","ἐστὶν","ἐστί(ν)","εἰμί"
"41","10","14","RA","NSF","ἡ","ἡ","ἡ","ὁ"
"41","10","14","N","NSF","βασιλεία","βασιλεία","βασιλεία","βασιλεία"
"41","10","14","RA","GSM","τοῦ","τοῦ","τοῦ","ὁ"
"41","10","14","N","GSM","θεοῦ.","θεοῦ","θεοῦ","θεός"
"41","10","15","X","","ἀμὴν","ἀμὴν","ἀμήν","ἀμήν"
"41","10","15","V","1PAI-S","λέγω","λέγω","λέγω","λέγω"
"41","10","15","RP","DP","ὑμῖν,","ὑμῖν","ὑμῖν","σύ"
"41","10","15","RR","NSM","ὃς","ὃς","ὅς","ὅς"
"41","10","15","X","","⸀ἂν","ἂν","ἄν","ἄν"
"41","10","15","D","","μὴ","μὴ","μή","μή"
"41","10","15","V","3AMS-S","δέξηται","δέξηται","δέξηται","δέχομαι"
"41","10","15","RA","ASF","τὴν","τὴν","τήν","ὁ"
"41","10","15","N","ASF","βασιλείαν","βασιλείαν","βασιλείαν","βασιλεία"
"41","10","15","RA","GSM","τοῦ","τοῦ","τοῦ","ὁ"
"41","10","15","N","GSM","θεοῦ","θεοῦ","θεοῦ","θεός"
"41","10","15","C","","ὡς","ὡς","ὡς","ὡς"
"41","10","15","N","NSN","παιδίον,","παιδίον","παιδίον","παιδίον"
"41","10","15","D","","οὐ","οὐ","οὐ","οὐ"
"41","10","15","D","","μὴ","μὴ","μή","μή"
"41","10","15","V","3AAS-S","εἰσέλθῃ","εἰσέλθῃ","εἰσέλθῃ","εἰσέρχομαι"
"41","10","15","P","","εἰς","εἰς","εἰς","εἰς"
"41","10","15","RP","ASF","αὐτήν.","αὐτήν","αὐτήν","αὐτός"
"41","10","16","C","","καὶ","καὶ","καί","καί"
"41","10","16","V","AMPNSM","ἐναγκαλισάμενος","ἐναγκαλισάμενος","ἐναγκαλισάμενος","ἐναγκαλίζομαι"
"41","10","16","RP","APN","αὐτὰ","αὐτὰ","αὐτά","αὐτός"
"41","10","16","V","3IAI-S","⸂κατευλόγει","κατευλόγει","κατευλόγει","κατευλογέω"
"41","10","16","V","PAPNSM","τιθεὶς","τιθεὶς","τιθείς","τίθημι"
"41","10","16","RA","APF","τὰς","τὰς","τάς","ὁ"
"41","10","16","N","APF","χεῖρας","χεῖρας","χεῖρας","χείρ"
"41","10","16","P","","ἐπ’","ἐπ’","ἐπί","ἐπί"
"41","10","16","RP","APN","αὐτά⸃.","αὐτά","αὐτά","αὐτός"
"41","10","17","C","","Καὶ","Καὶ","καί","καί"
"41","10","17","V","PMPGSM","ἐκπορευομένου","ἐκπορευομένου","ἐκπορευομένου","ἐκπορεύομαι"
"41","10","17","RP","GSM","αὐτοῦ","αὐτοῦ","αὐτοῦ","αὐτός"
"41","10","17","P","","εἰς","εἰς","εἰς","εἰς"
"41","10","17","N","ASF","ὁδὸν","ὁδὸν","ὁδόν","ὁδός"
"41","10","17","V","AAPNSM","προσδραμὼν","προσδραμὼν","προσδραμών","προστρέχω"
"41","10","17","A","NSM","εἷς","εἷς","εἷς","εἷς"
"41","10","17","C","","καὶ","καὶ","καί","καί"
"41","10","17","V","AAPNSM","γονυπετήσας","γονυπετήσας","γονυπετήσας","γονυπετέω"
"41","10","17","RP","ASM","αὐτὸν","αὐτὸν","αὐτόν","αὐτός"
"41","10","17","V","3IAI-S","ἐπηρώτα","ἐπηρώτα","ἐπηρώτα","ἐπερωτάω"
"41","10","17","RP","ASM","αὐτόν·","αὐτόν","αὐτόν","αὐτός"
"41","10","17","N","VSM","Διδάσκαλε","Διδάσκαλε","διδάσκαλε","διδάσκαλος"
"41","10","17","A","VSM","ἀγαθέ,","ἀγαθέ","ἀγαθέ","ἀγαθός"
"41","10","17","RI","ASN","τί","τί","τί","τίς"
"41","10","17","V","1AAS-S","ποιήσω","ποιήσω","ποιήσω","ποιέω"
"41","10","17","C","","ἵνα","ἵνα","ἵνα","ἵνα"
"41","10","17","N","ASF","ζωὴν","ζωὴν","ζωήν","ζωή"
"41","10","17","A","ASF","αἰώνιον","αἰώνιον","αἰώνιον","αἰώνιος"
"41","10","17","V","1AAS-S","κληρονομήσω;","κληρονομήσω","κληρονομήσω","κληρονομέω"
"41","10","18","RA","NSM","ὁ","ὁ","ὁ","ὁ"
"41","10","18","C","","δὲ","δὲ","δέ","δέ"
"41","10","18","N","NSM","Ἰησοῦς","Ἰησοῦς","Ἰησοῦς","Ἰησοῦς"
"41","10","18","V","3AAI-S","εἶπεν","εἶπεν","εἶπε(ν)","λέγω"
"41","10","18","RP","DSM","αὐτῷ·","αὐτῷ","αὐτῷ","αὐτός"
"41","10","18","RI","ASN","Τί","Τί","τί","τίς"
"41","10","18","RP","AS","με","με","με","ἐγώ"
"41","10","18","V","2PAI-S","λέγεις","λέγεις","λέγεις","λέγω"
"41","10","18","A","ASM","ἀγαθόν;","ἀγαθόν","ἀγαθόν","ἀγαθός"
"41","10","18","A","NSM","οὐδεὶς","οὐδεὶς","οὐδείς","οὐδείς"
"41","10","18","A","NSM","ἀγαθὸς","ἀγαθὸς","ἀγαθός","ἀγαθός"
"41","10","18","C","","εἰ","εἰ","εἰ","εἰ"
"41","10","18","D","","μὴ","μὴ","μή","μή"
"41","10","18","A","NSM","εἷς","εἷς","εἷς","εἷς"
"41","10","18","RA","NSM","ὁ","ὁ","ὁ","ὁ"
"41","10","18","N","NSM","θεός.","θεός","θεός","θεός"
"41","10","19","RA","APF","τὰς","τὰς","τάς","ὁ"
"41","10","19","N","APF","ἐντολὰς","ἐντολὰς","ἐντολάς","ἐντολή"
"41","10","19","V","2XAI-S","οἶδας·","οἶδας","οἶδας","οἶδα"
"41","10","19","D","","Μὴ","Μὴ","μή","μή"
"41","10","19","V","2AAS-S","⸂φονεύσῃς,","φονεύσῃς","φονεύσῃς","φονεύω"
"41","10","19","D","","Μὴ","Μὴ","μή","μή"
"41","10","19","V","2AAS-S","μοιχεύσῃς⸃,","μοιχεύσῃς","μοιχεύσῃς","μοιχεύω"
"41","10","19","D","","Μὴ","Μὴ","μή","μή"
"41","10","19","V","2AAS-S","κλέψῃς,","κλέψῃς","κλέψῃς","κλέπτω"
"41","10","19","D","","Μὴ","Μὴ","μή","μή"
"41","10","19","V","2AAS-S","ψευδομαρτυρήσῃς,","ψευδομαρτυρήσῃς","ψευδομαρτυρήσῃς","ψευδομαρτυρέω"
"41","10","19","D","","Μὴ","Μὴ","μή","μή"
"41","10","19","V","2AAS-S","ἀποστερήσῃς,","ἀποστερήσῃς","ἀποστερήσῃς","ἀποστερέω"
"41","10","19","V","2PAD-S","Τίμα","Τίμα","τίμα","τιμάω"
"41","10","19","RA","ASM","τὸν","τὸν","τόν","ὁ"
"41","10","19","N","ASM","πατέρα","πατέρα","πατέρα","πατήρ"
"41","10","19","RP","GS","σου","σου","σου","σύ"
"41","10","19","C","","καὶ","καὶ","καί","καί"
"41","10","19","RA","ASF","τὴν","τὴν","τήν","ὁ"
"41","10","19","N","ASF","μητέρα.","μητέρα","μητέρα","μήτηρ"
"41","10","20","RA","NSM","ὁ","ὁ","ὁ","ὁ"
"41","10","20","C","","δὲ","δὲ","δέ","δέ"
"41","10","20","V","3IAI-S","⸀ἔφη","ἔφη","ἔφη","φημί"
"41","10","20","RP","DSM","αὐτῷ·","αὐτῷ","αὐτῷ","αὐτός"
"41","10","20","N","VSM","Διδάσκαλε,","Διδάσκαλε","διδάσκαλε","διδάσκαλος"
"41","10","20","RD","APN","ταῦτα","ταῦτα","ταῦτα","οὗτος"
"41","10","20","A","APN","πάντα","πάντα","πάντα","πᾶς"
"41","10","20","V","1AMI-S","ἐφυλαξάμην","ἐφυλαξάμην","ἐφυλαξάμην","φυλάσσω"
"41","10","20","P","","ἐκ","ἐκ","ἐκ","ἐκ"
"41","10","20","N","GSF","νεότητός","νεότητός","νεότητος","νεότης"
"41","10","20","RP","GS","μου.","μου","μου","ἐγώ"
"41","10","21","RA","NSM","ὁ","ὁ","ὁ","ὁ"
"41","10","21","C","","δὲ","δὲ","δέ","δέ"
"41","10","21","N","NSM","Ἰησοῦς","Ἰησοῦς","Ἰησοῦς","Ἰησοῦς"
"41","10","21","V","AAPNSM","ἐμβλέψας","ἐμβλέψας","ἐμβλέψας","ἐμβλέπω"
"41","10","21","RP","DSM","αὐτῷ","αὐτῷ","αὐτῷ","αὐτός"
"41","10","21","V","3AAI-S","ἠγάπησεν","ἠγάπησεν","ἠγάπησε(ν)","ἀγαπάω"
"41","10","21","RP","ASM","αὐτὸν","αὐτὸν","αὐτόν","αὐτός"
"41","10","21","C","","καὶ","καὶ","καί","καί"
"41","10","21","V","3AAI-S","εἶπεν","εἶπεν","εἶπε(ν)","λέγω"
"41","10","21","RP","DSM","αὐτῷ·","αὐτῷ","αὐτῷ","αὐτός"
"41","10","21","A","NSN","Ἕν","Ἕν","ἕν","εἷς"
"41","10","21","RP","AS","⸀σε","σε","σε","σύ"
"41","10","21","V","3PAI-S","ὑστερεῖ·","ὑστερεῖ","ὑστερεῖ","ὑστερέω"
"41","10","21","V","2PAD-S","ὕπαγε","ὕπαγε","ὕπαγε","ὑπάγω"
"41","10","21","RR","APN","ὅσα","ὅσα","ὅσα","ὅσος"
"41","10","21","V","2PAI-S","ἔχεις","ἔχεις","ἔχεις","ἔχω"
"41","10","21","V","2AAD-S","πώλησον","πώλησον","πώλησον","πωλέω"
"41","10","21","C","","καὶ","καὶ","καί","καί"
"41","10","21","V","2AAD-S","δὸς","δὸς","δός","δίδωμι"
"41","10","21","RA","DPM","⸀τοῖς","τοῖς","τοῖς","ὁ"
"41","10","21","A","DPM","πτωχοῖς,","πτωχοῖς","πτωχοῖς","πτωχός"
"41","10","21","C","","καὶ","καὶ","καί","καί"
"41","10","21","V","2FAI-S","ἕξεις","ἕξεις","ἕξεις","ἔχω"
"41","10","21","N","ASM","θησαυρὸν","θησαυρὸν","θησαυρόν","θησαυρός"
"41","10","21","P","","ἐν","ἐν","ἐν","ἐν"
"41","10","21","N","DSM","οὐρανῷ,","οὐρανῷ","οὐρανῷ","οὐρανός"
"41","10","21","C","","καὶ","καὶ","καί","καί"
"41","10","21","D","","δεῦρο","δεῦρο","δεῦρο","δεῦρο"
"41","10","21","V","2PAD-S","ἀκολούθει","ἀκολούθει","ἀκολούθει","ἀκολουθέω"
"41","10","21","RP","DS","⸀μοι.","μοι","μοι","ἐγώ"
"41","10","22","RA","NSM","ὁ","ὁ","ὁ","ὁ"
"41","10","22","C","","δὲ","δὲ","δέ","δέ"
"41","10","22","V","AAPNSM","στυγνάσας","στυγνάσας","στυγνάσας","στυγνάζω"
"41","10","22","P","","ἐπὶ","ἐπὶ","ἐπί","ἐπί"
"41","10","22","RA","DSM","τῷ","τῷ","τῷ","ὁ"
"41","10","22","N","DSM","λόγῳ","λόγῳ","λόγῳ","λόγος"
"41","10","22","V","3AAI-S","ἀπῆλθεν","ἀπῆλθεν","ἀπῆλθε(ν)","ἀπέρχομαι"
"41","10","22","V","PPPNSM","λυπούμενος,","λυπούμενος","λυπούμενος","λυπέω"
"41","10","22","V","3IAI-S","ἦν","ἦν","ἦν","εἰμί"
"41","10","22","C","","γὰρ","γὰρ","γάρ","γάρ"
"41","10","22","V","PAPNSM","ἔχων","ἔχων","ἔχων","ἔχω"
"41","10","22","N","APN","κτήματα","κτήματα","κτήματα","κτῆμα"
"41","10","22","A","APN","πολλά.","πολλά","πολλά","πολύς"
"41","10","23","C","","Καὶ","Καὶ","καί","καί"
"41","10","23","V","AMPNSM","περιβλεψάμενος","περιβλεψάμενος","περιβλεψάμενος","περιβλέπομαι"
"41","10","23","RA","NSM","ὁ","ὁ","ὁ","ὁ"
"41","10","23","N","NSM","Ἰησοῦς","Ἰησοῦς","Ἰησοῦς","Ἰησοῦς"
"41","10","23","V","3PAI-S","λέγει","λέγει","λέγει","λέγω"
"41","10","23","RA","DPM","τοῖς","τοῖς","τοῖς","ὁ"
"41","10","23","N","DPM","μαθηταῖς","μαθηταῖς","μαθηταῖς","μαθητής"
"41","10","23","RP","GSM","αὐτοῦ·","αὐτοῦ","αὐτοῦ","αὐτός"
"41","10","23","D","","Πῶς","Πῶς","πῶς","πῶς"
"41","10","23","D","","δυσκόλως","δυσκόλως","δυσκόλως","δυσκόλως"
"41","10","23","RA","NPM","οἱ","οἱ","οἱ","ὁ"
"41","10","23","RA","APN","τὰ","τὰ","τά","ὁ"
"41","10","23","N","APN","χρήματα","χρήματα","χρήματα","χρῆμα"
"41","10","23","V","PAPNPM","ἔχοντες","ἔχοντες","ἔχοντες","ἔχω"
"41","10","23","P","","εἰς","εἰς","εἰς","εἰς"
"41","10","23","RA","ASF","τὴν","τὴν","τήν","ὁ"
"41","10","23","N","ASF","βασιλείαν","βασιλείαν","βασιλείαν","βασιλεία"
"41","10","23","RA","GSM","τοῦ","τοῦ","τοῦ","ὁ"
"41","10","23","N","GSM","θεοῦ","θεοῦ","θεοῦ","θεός"
"41","10","23","V","3FMI-P","εἰσελεύσονται.","εἰσελεύσονται","εἰσελεύσονται","εἰσέρχομαι"
"41","10","24","RA","NPM","οἱ","οἱ","οἱ","ὁ"
"41","10","24","C","","δὲ","δὲ","δέ","δέ"
"41","10","24","N","NPM","μαθηταὶ","μαθηταὶ","μαθηταί","μαθητής"
"41","10","24","V","3IPI-P","ἐθαμβοῦντο","ἐθαμβοῦντο","ἐθαμβοῦντο","θαμβέομαι"
"41","10","24","P","","ἐπὶ","ἐπὶ","ἐπί","ἐπί"
"41","10","24","RA","DPM","τοῖς","τοῖς","τοῖς","ὁ"
"41","10","24","N","DPM","λόγοις","λόγοις","λόγοις","λόγος"
"41","10","24","RP","GSM","αὐτοῦ.","αὐτοῦ","αὐτοῦ","αὐτός"
"41","10","24","RA","NSM","ὁ","ὁ","ὁ","ὁ"
"41","10","24","C","","δὲ","δὲ","δέ","δέ"
"41","10","24","N","NSM","Ἰησοῦς","Ἰησοῦς","Ἰησοῦς","Ἰησοῦς"
"41","10","24","D","","πάλιν","πάλιν","πάλιν","πάλιν"
"41","10","24","V","APPNSM","ἀποκριθεὶς","ἀποκριθεὶς","ἀποκριθείς","ἀποκρίνομαι"
"41","10","24","V","3PAI-S","λέγει","λέγει","λέγει","λέγω"
"41","10","24","RP","DPM","αὐτοῖς·","αὐτοῖς","αὐτοῖς","αὐτός"
"41","10","24","N","VPN","Τέκνα,","Τέκνα","τέκνα","τέκνον"
"41","10","24","D","","πῶς","πῶς","πῶς","πῶς"
"41","10","24","A","NSN","δύσκολόν","δύσκολόν","δύσκολον","δύσκολος"
"41","10","24","V","3PAI-S","⸀ἐστιν","ἐστιν","ἐστί(ν)","εἰμί"
"41","10","24","P","","εἰς","εἰς","εἰς","εἰς"
"41","10","24","RA","ASF","τὴν","τὴν","τήν","ὁ"
"41","10","24","N","ASF","βασιλείαν","βασιλείαν","βασιλείαν","βασιλεία"
"41","10","24","RA","GSM","τοῦ","τοῦ","τοῦ","ὁ"
"41","10","24","N","GSM","θεοῦ","θεοῦ","θεοῦ","θεός"
"41","10","24","V","AAN","εἰσελθεῖν·","εἰσελθεῖν","εἰσελθεῖν","εἰσέρχομαι"
"41","10","25","A","NSNC","εὐκοπώτερόν","εὐκοπώτερόν","εὐκοπώτερον","εὐκοπώτερος"
"41","10","25","V","3PAI-S","ἐστιν","ἐστιν","ἐστί(ν)","εἰμί"
"41","10","25","N","ASF","κάμηλον","κάμηλον","κάμηλον","κάμηλος"
"41","10","25","P","","διὰ","διὰ","διά","διά"
"41","10","25","RA","GSF","⸂τῆς","τῆς","τῆς","ὁ"
"41","10","25","N","GSF","τρυμαλιᾶς","τρυμαλιᾶς","τρυμαλιᾶς","τρυμαλιά"
"41","10","25","RA","GSF","τῆς⸃","τῆς","τῆς","ὁ"
"41","10","25","N","GSF","ῥαφίδος","ῥαφίδος","ῥαφίδος","ῥαφίς"
"41","10","25","V","AAN","⸀διελθεῖν","διελθεῖν","διελθεῖν","διέρχομαι"
"41","10","25","C","","ἢ","ἢ","ἤ","ἤ"
"41","10","25","A","ASM","πλούσιον","πλούσιον","πλούσιον","πλούσιος"
"41","10","25","P","","εἰς","εἰς","εἰς","εἰς"
"41","10","25","RA","ASF","τὴν","τὴν","τήν","ὁ"
"41","10","25","N","ASF","βασιλείαν","βασιλείαν","βασιλείαν","βασιλεία"
"41","10","25","RA","GSM","τοῦ","τοῦ","τοῦ","ὁ"
"41","10","25","N","GSM","θεοῦ","θεοῦ","θεοῦ","θεός"
"41","10","25","V","AAN","εἰσελθεῖν.","εἰσελθεῖν","εἰσελθεῖν","εἰσέρχομαι"
"41","10","26","RA","NPM","οἱ","οἱ","οἱ","ὁ"
"41","10","26","C","","δὲ","δὲ","δέ","δέ"
"41","10","26","D","","περισσῶς","περισσῶς","περισσῶς","περισσῶς"
"41","10","26","V","3IPI-P","ἐξεπλήσσοντο","ἐξεπλήσσοντο","ἐξεπλήσσοντο","ἐκπλήσσομαι"
"41","10","26","V","PAPNPM","λέγοντες","λέγοντες","λέγοντες","λέγω"
"41","10","26","P","","πρὸς","πρὸς","πρός","πρός"
"41","10","26","RP","APM","⸀ἑαυτούς·","ἑαυτούς","ἑαυτούς","ἑαυτοῦ"
"41","10","26","C","","Καὶ","Καὶ","καί","καί"
"41","10","26","RI","NSM","τίς","τίς","τίς","τίς"
"41","10","26","V","3PMI-S","δύναται","δύναται","δύναται","δύναμαι"
"41","10","26","V","APN","σωθῆναι;","σωθῆναι","σωθῆναι","σῴζω"
"41","10","27","V","AAPNSM","⸀ἐμβλέψας","ἐμβλέψας","ἐμβλέψας","ἐμβλέπω"
"41","10","27","RP","DPM","αὐτοῖς","αὐτοῖς","αὐτοῖς","αὐτός"
"41","10","27","RA","NSM","ὁ","ὁ","ὁ","ὁ"
"41","10","27","N","NSM","Ἰησοῦς","Ἰησοῦς","Ἰησοῦς","Ἰησοῦς"
"41","10","27","V","3PAI-S","λέγει·","λέγει","λέγει","λέγω"
"41","10","27","P","","Παρὰ","Παρὰ","παρά","παρά"
"41","10","27","N","DPM","ἀνθρώποις","ἀνθρώποις","ἀνθρώποις","ἄνθρωπος"
"41","10","27","A","NSN","ἀδύνατον","ἀδύνατον","ἀδύνατον","ἀδύνατος"
"41","10","27","C","","ἀλλ’","ἀλλ’","ἀλλά","ἀλλά"
"41","10","27","D","","οὐ","οὐ","οὐ","οὐ"
"41","10","27","P","","παρὰ","παρὰ","παρά","παρά"
"41","10","27","N","DSM","θεῷ,","θεῷ","θεῷ","θεός"
"41","10","27","A","NPN","πάντα","πάντα","πάντα","πᾶς"
"41","10","27","C","","γὰρ","γὰρ","γάρ","γάρ"
"41","10","27","A","NPN","⸀δυνατὰ","δυνατὰ","δυνατά","δυνατός"
"41","10","27","P","","παρὰ","παρὰ","παρά","παρά"
"41","10","27","RA","DSM","τῷ","τῷ","τῷ","ὁ"
"41","10","27","N","DSM","θεῷ.","θεῷ","θεῷ","θεός"
"41","10","28","V","3AMI-S","Ἤρξατο","Ἤρξατο","ἤρξατο","ἄρχω"
"41","10","28","V","PAN","⸂λέγειν","λέγειν","λέγειν","λέγω"
"41","10","28","RA","NSM","ὁ","ὁ","ὁ","ὁ"
"41","10","28","N","NSM","Πέτρος⸃","Πέτρος","Πέτρος","Πέτρος"
"41","10","28","RP","DSM","αὐτῷ·","αὐτῷ","αὐτῷ","αὐτός"
"41","10","28","X","","Ἰδοὺ","Ἰδοὺ","ἰδού","ἰδού"
"41","10","28","RP","NP","ἡμεῖς","ἡμεῖς","ἡμεῖς","ἐγώ"
"41","10","28","V","1AAI-P","ἀφήκαμεν","ἀφήκαμεν","ἀφήκαμεν","ἀφίημι"
"41","10","28","A","APN","πάντα","πάντα","πάντα","πᾶς"
"41","10","28","C","","καὶ","καὶ","καί","καί"
"41","10","28","V","1XAI-P","⸀ἠκολουθήκαμέν","ἠκολουθήκαμέν","ἠκολουθήκαμεν","ἀκολουθέω"
"41","10","28","RP","DS","σοι.","σοι","σοι","σύ"
"41","10","29","V","3IAI-S","⸂ἔφη","ἔφη","ἔφη","φημί"
"41","10","29","RA","NSM","ὁ","ὁ","ὁ","ὁ"
"41","10","29","N","NSM","Ἰησοῦς⸃·","Ἰησοῦς","Ἰησοῦς","Ἰησοῦς"
"41","10","29","X","","Ἀμὴν","Ἀμὴν","ἀμήν","ἀμήν"
"41","10","29","V","1PAI-S","λέγω","λέγω","λέγω","λέγω"
"41","10","29","RP","DP","ὑμῖν,","ὑμῖν","ὑμῖν","σύ"
"41","10","29","A","NSM","οὐδείς","οὐδείς","οὐδείς","οὐδείς"
"41","10","29","V","3PAI-S","ἐστιν","ἐστιν","ἐστί(ν)","εἰμί"
"41","10","29","RR","NSM","ὃς","ὃς","ὅς","ὅς"
"41","10","29","V","3AAI-S","ἀφῆκεν","ἀφῆκεν","ἀφῆκε(ν)","ἀφίημι"
"41","10","29","N","ASF","οἰκίαν","οἰκίαν","οἰκίαν","οἰκία"
"41","10","29","C","","ἢ","ἢ","ἤ","ἤ"
"41","10","29","N","APM","ἀδελφοὺς","ἀδελφοὺς","ἀδελφούς","ἀδελφός"
"41","10","29","C","","ἢ","ἢ","ἤ","ἤ"
"41","10","29","N","APF","ἀδελφὰς","ἀδελφὰς","ἀδελφάς","ἀδελφή"
"41","10","29","C","","ἢ","ἢ","ἤ","ἤ"
"41","10","29","N","ASF","⸂μητέρα","μητέρα","μητέρα","μήτηρ"
"41","10","29","C","","ἢ","ἢ","ἤ","ἤ"
"41","10","29","N","ASM","πατέρα⸃","πατέρα","πατέρα","πατήρ"
"41","10","29","C","","ἢ","ἢ","ἤ","ἤ"
"41","10","29","N","APN","τέκνα","τέκνα","τέκνα","τέκνον"
"41","10","29","C","","ἢ","ἢ","ἤ","ἤ"
"41","10","29","N","APM","ἀγροὺς","ἀγροὺς","ἀγρούς","ἀγρός"
"41","10","29","P","","ἕνεκεν","ἕνεκεν","ἕνεκεν","ἕνεκεν"
"41","10","29","RP","GS","ἐμοῦ","ἐμοῦ","ἐμοῦ","ἐγώ"
"41","10","29","C","","καὶ","καὶ","καί","καί"
"41","10","29","P","","ἕνεκεν","ἕνεκεν","ἕνεκεν","ἕνεκεν"
"41","10","29","RA","GSN","τοῦ","τοῦ","τοῦ","ὁ"
"41","10","29","N","GSN","εὐαγγελίου,","εὐαγγελίου","εὐαγγελίου","εὐαγγέλιον"
"41","10","30","C","","ἐὰν","ἐὰν","ἐάν","ἐάν"
"41","10","30","D","","μὴ","μὴ","μή","μή"
"41","10","30","V","3AAS-S","λάβῃ","λάβῃ","λάβῃ","λαμβάνω"
"41","10","30","A","APN","ἑκατονταπλασίονα","ἑκατονταπλασίονα","ἑκατονταπλασίονα","ἑκατονταπλασίων"
"41","10","30","D","","νῦν","νῦν","νῦν","νῦν"
"41","10","30","P","","ἐν","ἐν","ἐν","ἐν"
"41","10","30","RA","DSM","τῷ","τῷ","τῷ","ὁ"
"41","10","30","N","DSM","καιρῷ","καιρῷ","καιρῷ","καιρός"
"41","10","30","RD","DSM","τούτῳ","τούτῳ","τούτῳ","οὗτος"
"41","10","30","N","APF","οἰκίας","οἰκίας","οἰκίας","οἰκία"
"41","10","30","C","","καὶ","καὶ","καί","καί"
"41","10","30","N","APM","ἀδελφοὺς","ἀδελφοὺς","ἀδελφούς","ἀδελφός"
"41","10","30","C","","καὶ","καὶ","καί","καί"
"41","10","30","N","APF","ἀδελφὰς","ἀδελφὰς","ἀδελφάς","ἀδελφή"
"41","10","30","C","","καὶ","καὶ","καί","καί"
"41","10","30","N","APF","⸀μητέρας","μητέρας","μητέρας","μήτηρ"
"41","10","30","C","","καὶ","καὶ","καί","καί"
"41","10","30","N","APN","τέκνα","τέκνα","τέκνα","τέκνον"
"41","10","30","C","","καὶ","καὶ","καί","καί"
"41","10","30","N","APM","ἀγροὺς","ἀγροὺς","ἀγρούς","ἀγρός"
"41","10","30","P","","μετὰ","μετὰ","μετά","μετά"
"41","10","30","N","GPM","διωγμῶν,","διωγμῶν","διωγμῶν","διωγμός"
"41","10","30","C","","καὶ","καὶ","καί","καί"
"41","10","30","P","","ἐν","ἐν","ἐν","ἐν"
"41","10","30","RA","DSM","τῷ","τῷ","τῷ","ὁ"
"41","10","30","N","DSM","αἰῶνι","αἰῶνι","αἰῶνι","αἰών"
"41","10","30","RA","DSM","τῷ","τῷ","τῷ","ὁ"
"41","10","30","V","PMPDSM","ἐρχομένῳ","ἐρχομένῳ","ἐρχομένῳ","ἔρχομαι"
"41","10","30","N","ASF","ζωὴν","ζωὴν","ζωήν","ζωή"
"41","10","30","A","ASF","αἰώνιον.","αἰώνιον","αἰώνιον","αἰώνιος"
"41","10","31","A","NPM","πολλοὶ","πολλοὶ","πολλοί","πολύς"
"41","10","31","C","","δὲ","δὲ","δέ","δέ"
"41","10","31","V","3FMI-P","ἔσονται","ἔσονται","ἔσονται","εἰμί"
"41","10","31","A","NPM","πρῶτοι","πρῶτοι","πρῶτοι","πρῶτος"
"41","10","31","A","NPM","ἔσχατοι","ἔσχατοι","ἔσχατοι","ἔσχατος"
"41","10","31","C","","καὶ","καὶ","καί","καί"
"41","10","31","RA","NPM","⸀οἱ","οἱ","οἱ","ὁ"
"41","10","31","A","NPM","ἔσχατοι","ἔσχατοι","ἔσχατοι","ἔσχατος"
"41","10","31","A","NPM","πρῶτοι.","πρῶτοι","πρῶτοι","πρῶτος"
"41","10","32","V","3IAI-P","Ἦσαν","Ἦσαν","ἦσαν","εἰμί"
"41","10","32","C","","δὲ","δὲ","δέ","δέ"
"41","10","32","P","","ἐν","ἐν","ἐν","ἐν"
"41","10","32","RA","DSF","τῇ","τῇ","τῇ","ὁ"
"41","10","32","N","DSF","ὁδῷ","ὁδῷ","ὁδῷ","ὁδός"
"41","10","32","V","PAPNPM","ἀναβαίνοντες","ἀναβαίνοντες","ἀναβαίνοντες","ἀναβαίνω"
"41","10","32","P","","εἰς","εἰς","εἰς","εἰς"
"41","10","32","N","APN","Ἱεροσόλυμα,","Ἱεροσόλυμα","Ἱεροσόλυμα","Ἱεροσόλυμα"
"41","10","32","C","","καὶ","καὶ","καί","καί"
"41","10","32","V","3IAI-S","ἦν","ἦν","ἦν","εἰμί"
"41","10","32","V","PAPNSM","προάγων","προάγων","προάγων","προάγω"
"41","10","32","RP","APM","αὐτοὺς","αὐτοὺς","αὐτούς","αὐτός"
"41","10","32","RA","NSM","ὁ","ὁ","ὁ","ὁ"
"41","10","32","N","NSM","Ἰησοῦς,","Ἰησοῦς","Ἰησοῦς","Ἰησοῦς"
"41","10","32","C","","καὶ","καὶ","καί","καί"
"41","10","32","V","3IPI-P","ἐθαμβοῦντο,","ἐθαμβοῦντο","ἐθαμβοῦντο","θαμβέομαι"
"41","10","32","RA","NPM","⸂οἱ","οἱ","οἱ","ὁ"
"41","10","32","C","","δὲ⸃","δὲ","δέ","δέ"
"41","10","32","V","PAPNPM","ἀκολουθοῦντες","ἀκολουθοῦντες","ἀκολουθοῦντες","ἀκολουθέω"
"41","10","32","V","3IMI-P","ἐφοβοῦντο.","ἐφοβοῦντο","ἐφοβοῦντο","φοβέομαι"
"41","10","32","C","","καὶ","καὶ","καί","καί"
"41","10","32","V","AAPNSM","παραλαβὼν","παραλαβὼν","παραλαβών","παραλαμβάνω"
"41","10","32","D","","πάλιν","πάλιν","πάλιν","πάλιν"
"41","10","32","RA","APM","τοὺς","τοὺς","τούς","ὁ"
"41","10","32","A","APM","δώδεκα","δώδεκα","δώδεκα","δώδεκα"
"41","10","32","V","3AMI-S","ἤρξατο","ἤρξατο","ἤρξατο","ἄρχω"
"41","10","32","RP","DPM","αὐτοῖς","αὐτοῖς","αὐτοῖς","αὐτός"
"41","10","32","V","PAN","λέγειν","λέγειν","λέγειν","λέγω"
"41","10","32","RA","APN","τὰ","τὰ","τά","ὁ"
"41","10","32","V","PAPAPN","μέλλοντα","μέλλοντα","μέλλοντα","μέλλω"
"41","10","32","RP","DSM","αὐτῷ","αὐτῷ","αὐτῷ","αὐτός"
"41","10","32","V","PAN","συμβαίνειν","συμβαίνειν","συμβαίνειν","συμβαίνω"
"41","10","33","D","","ὅτι","ὅτι","ὅτι","ὅτι"
"41","10","33","X","","Ἰδοὺ","Ἰδοὺ","ἰδού","ἰδού"
"41","10","33","V","1PAI-P","ἀναβαίνομεν","ἀναβαίνομεν","ἀναβαίνομεν","ἀναβαίνω"
"41","10","33","P","","εἰς","εἰς","εἰς","εἰς"
"41","10","33","N","APN","Ἱεροσόλυμα,","Ἱεροσόλυμα","Ἱεροσόλυμα","Ἱεροσόλυμα"
"41","10","33","C","","καὶ","καὶ","καί","καί"
"41","10","33","RA","NSM","ὁ","ὁ","ὁ","ὁ"
"41","10","33","N","NSM","υἱὸς","υἱὸς","υἱός","υἱός"
"41","10","33","RA","GSM","τοῦ","τοῦ","τοῦ","ὁ"
"41","10","33","N","GSM","ἀνθρώπου","ἀνθρώπου","ἀνθρώπου","ἄνθρωπος"
"41","10","33","V","3FPI-S","παραδοθήσεται","παραδοθήσεται","παραδοθήσεται","παραδίδωμι"
"41","10","33","RA","DPM","τοῖς","τοῖς","τοῖς","ὁ"
"41","10","33","N","DPM","ἀρχιερεῦσιν","ἀρχιερεῦσιν","ἀρχιερεῦσι(ν)","ἀρχιερεύς"
"41","10","33","C","","καὶ","καὶ","καί","καί"
"41","10","33","RA","DPM","⸀τοῖς","τοῖς","τοῖς","ὁ"
"41","10","33","N","DPM","γραμματεῦσιν,","γραμματεῦσιν","γραμματεῦσι(ν)","γραμματεύς"
"41","10","33","C","","καὶ","καὶ","καί","καί"
"41","10","33","V","3FAI-P","κατακρινοῦσιν","κατακρινοῦσιν","κατακρινοῦσι(ν)","κατακρίνω"
"41","10","33","RP","ASM","αὐτὸν","αὐτὸν","αὐτόν","αὐτός"
"41","10","33","N","DSM","θανάτῳ","θανάτῳ","θανάτῳ","θάνατος"
"41","10","33","C","","καὶ","καὶ","καί","καί"
"41","10","33","V","3FAI-P","παραδώσουσιν","παραδώσουσιν","παραδώσουσι(ν)","παραδίδωμι"
"41","10","33","RP","ASM","αὐτὸν","αὐτὸν","αὐτόν","αὐτός"
"41","10","33","RA","DPN","τοῖς","τοῖς","τοῖς","ὁ"
"41","10","33","N","DPN","ἔθνεσιν","ἔθνεσιν","ἔθνεσι(ν)","ἔθνος"
"41","10","34","C","","καὶ","καὶ","καί","καί"
"41","10","34","V","3FAI-P","ἐμπαίξουσιν","ἐμπαίξουσιν","ἐμπαίξουσι(ν)","ἐμπαίζω"
"41","10","34","RP","DSM","αὐτῷ","αὐτῷ","αὐτῷ","αὐτός"
"41","10","34","C","","καὶ","καὶ","καί","καί"
"41","10","34","V","3FAI-P","⸂ἐμπτύσουσιν","ἐμπτύσουσιν","ἐμπτύσουσι(ν)","ἐμπτύω"
"41","10","34","RP","DSM","αὐτῷ","αὐτῷ","αὐτῷ","αὐτός"
"41","10","34","C","","καὶ","καὶ","καί","καί"
"41","10","34","V","3FAI-P","μαστιγώσουσιν","μαστιγώσουσιν","μαστιγώσουσι(ν)","μαστιγόω"
"41","10","34","RP","ASM","αὐτὸν⸃","αὐτὸν","αὐτόν","αὐτός"
"41","10","34","C","","καὶ","καὶ","καί","καί"
"41","10","34","V","3FAI-P","⸀ἀποκτενοῦσιν,","ἀποκτενοῦσιν","ἀποκτενοῦσι(ν)","ἀποκτείνω"
"41","10","34","C","","καὶ","καὶ","καί","καί"
"41","10","34","P","","⸂μετὰ","μετὰ","μετά","μετά"
"41","10","34","A","APF","τρεῖς","τρεῖς","τρεῖς","τρεῖς"
"41","10","34","N","APF","ἡμέρας⸃","ἡμέρας","ἡμέρας","ἡμέρα"
"41","10","34","V","3FMI-S","ἀναστήσεται.","ἀναστήσεται","ἀναστήσεται","ἀνίστημι"
"41","10","35","C","","Καὶ","Καὶ","καί","καί"
"41","10","35","V","3PMI-P","προσπορεύονται","προσπορεύονται","προσπορεύονται","προσπορεύομαι"
"41","10","35","RP","DSM","αὐτῷ","αὐτῷ","αὐτῷ","αὐτός"
"41","10","35","N","NSM","Ἰάκωβος","Ἰάκωβος","Ἰάκωβος","Ἰάκωβος"
"41","10","35","C","","καὶ","καὶ","καί","καί"
"41","10","35","N","NSM","Ἰωάννης","Ἰωάννης","Ἰωάννης","Ἰωάννης"
"41","10","35","RA","NPM","⸀οἱ","οἱ","οἱ","ὁ"
"41","10","35","N","NPM","υἱοὶ","υἱοὶ","υἱοί","υἱός"
"41","10","35","N","GSM","Ζεβεδαίου","Ζεβεδαίου","Ζεβεδαίου","Ζεβεδαῖος"
"41","10","35","V","PAPNPM","λέγοντες","λέγοντες","λέγοντες","λέγω"
"41","10","35","RP","DSM","⸀αὐτῷ·","αὐτῷ","αὐτῷ","αὐτός"
"41","10","35","N","VSM","Διδάσκαλε,","Διδάσκαλε","διδάσκαλε","διδάσκαλος"
"41","10","35","V","1PAI-P","θέλομεν","θέλομεν","θέλομεν","θέλω"
"41","10","35","C","","ἵνα","ἵνα","ἵνα","ἵνα"
"41","10","35","RR","ASN","ὃ","ὃ","ὅ","ὅς"
"41","10","35","X","","ἐὰν","ἐὰν","ἐάν","ἐάν"
"41","10","35","V","1AAS-P","αἰτήσωμέν","αἰτήσωμέν","αἰτήσωμεν","αἰτέω"
"41","10","35","RP","AS","⸀σε","σε","σε","σύ"
"41","10","35","V","2AAS-S","ποιήσῃς","ποιήσῃς","ποιήσῃς","ποιέω"
"41","10","35","RP","DP","ἡμῖν.","ἡμῖν","ἡμῖν","ἐγώ"
"41","10","36","RA","NSM","ὁ","ὁ","ὁ","ὁ"
"41","10","36","C","","δὲ","δὲ","δέ","δέ"
"41","10","36","V","3AAI-S","εἶπεν","εἶπεν","εἶπε(ν)","λέγω"
"41","10","36","RP","DPM","αὐτοῖς·","αὐτοῖς","αὐτοῖς","αὐτός"
"41","10","36","RI","ASN","Τί","Τί","τί","τίς"
"41","10","36","V","2PAI-P","θέλετε","θέλετε","θέλετε","θέλω"
"41","10","36","V","1AAS-S","⸀ποιήσω","ποιήσω","ποιήσω","ποιέω"
"41","10","36","RP","DP","ὑμῖν;","ὑμῖν","ὑμῖν","σύ"
"41","10","37","RA","NPM","οἱ","οἱ","οἱ","ὁ"
"41","10","37","C","","δὲ","δὲ","δέ","δέ"
"41","10","37","V","3AAI-P","εἶπαν","εἶπαν","εἶπαν","λέγω"
"41","10","37","RP","DSM","αὐτῷ·","αὐτῷ","αὐτῷ","αὐτός"
"41","10","37","V","2AAD-S","Δὸς","Δὸς","δός","δίδωμι"
"41","10","37","RP","DP","ἡμῖν","ἡμῖν","ἡμῖν","ἐγώ"
"41","10","37","C","","ἵνα","ἵνα","ἵνα","ἵνα"
"41","10","37","A","NSM","εἷς","εἷς","εἷς","εἷς"
"41","10","37","RP","GS","⸂σου","σου","σου","σύ"
"41","10","37","P","","ἐκ","ἐκ","ἐκ","ἐκ"
"41","10","37","A","GPN","δεξιῶν⸃","δεξιῶν","δεξιῶν","δεξιός"
"41","10","37","C","","καὶ","καὶ","καί","καί"
"41","10","37","A","NSM","εἷς","εἷς","εἷς","εἷς"
"41","10","37","P","","ἐξ","ἐξ","ἐκ","ἐκ"
"41","10","37","A","GPN","⸀ἀριστερῶν","ἀριστερῶν","ἀριστερῶν","ἀριστερός"
"41","10","37","V","1AAS-P","καθίσωμεν","καθίσωμεν","καθίσωμεν","καθίζω"
"41","10","37","P","","ἐν","ἐν","ἐν","ἐν"
"41","10","37","RA","DSF","τῇ","τῇ","τῇ","ὁ"
"41","10","37","N","DSF","δόξῃ","δόξῃ","δόξῃ","δόξα"
"41","10","37","RP","GS","σου.","σου","σου","σύ"
"41","10","38","RA","NSM","ὁ","ὁ","ὁ","ὁ"
"41","10","38","C","","δὲ","δὲ","δέ","δέ"
"41","10","38","N","NSM","Ἰησοῦς","Ἰησοῦς","Ἰησοῦς","Ἰησοῦς"
"41","10","38","V","3AAI-S","εἶπεν","εἶπεν","εἶπε(ν)","λέγω"
"41","10","38","RP","DPM","αὐτοῖς·","αὐτοῖς","αὐτοῖς","αὐτός"
"41","10","38","D","","Οὐκ","Οὐκ","οὐ","οὐ"
"41","10","38","V","2XAI-P","οἴδατε","οἴδατε","οἴδατε","οἶδα"
"41","10","38","RI","ASN","τί","τί","τί","τίς"
"41","10","38","V","2PMI-P","αἰτεῖσθε·","αἰτεῖσθε","αἰτεῖσθε","αἰτέω"
"41","10","38","V","2PMI-P","δύνασθε","δύνασθε","δύνασθε","δύναμαι"
"41","10","38","V","AAN","πιεῖν","πιεῖν","πιεῖν","πίνω"
"41","10","38","RA","ASN","τὸ","τὸ","τό","ὁ"
"41","10","38","N","ASN","ποτήριον","ποτήριον","ποτήριον","ποτήριον"
"41","10","38","RR","ASN","ὃ","ὃ","ὅ","ὅς"
"41","10","38","RP","NS","ἐγὼ","ἐγὼ","ἐγώ","ἐγώ"
"41","10","38","V","1PAI-S","πίνω,","πίνω","πίνω","πίνω"
"41","10","38","C","","⸀ἢ","ἢ","ἤ","ἤ"
"41","10","38","RA","ASN","τὸ","τὸ","τό","ὁ"
"41","10","38","N","ASN","βάπτισμα","βάπτισμα","βάπτισμα","βάπτισμα"
"41","10","38","RR","ASN","ὃ","ὃ","ὅ","ὅς"
"41","10","38","RP","NS","ἐγὼ","ἐγὼ","ἐγώ","ἐγώ"
"41","10","38","V","1PPI-S","βαπτίζομαι","βαπτίζομαι","βαπτίζομαι","βαπτίζω"
"41","10","38","V","APN","βαπτισθῆναι;","βαπτισθῆναι","βαπτισθῆναι","βαπτίζω"
"41","10","39","RA","NPM","οἱ","οἱ","οἱ","ὁ"
"41","10","39","C","","δὲ","δὲ","δέ","δέ"
"41","10","39","V","3AAI-P","εἶπαν","εἶπαν","εἶπαν","λέγω"
"41","10","39","RP","DSM","αὐτῷ·","αὐτῷ","αὐτῷ","αὐτός"
"41","10","39","V","1PMI-P","Δυνάμεθα.","Δυνάμεθα","δυνάμεθα","δύναμαι"
"41","10","39","RA","NSM","ὁ","ὁ","ὁ","ὁ"
"41","10","39","C","","δὲ","δὲ","δέ","δέ"
"41","10","39","N","NSM","Ἰησοῦς","Ἰησοῦς","Ἰησοῦς","Ἰησοῦς"
"41","10","39","V","3AAI-S","εἶπεν","εἶπεν","εἶπε(ν)","λέγω"
"41","10","39","RP","DPM","αὐτοῖς·","αὐτοῖς","αὐτοῖς","αὐτός"
"41","10","39","RA","ASN","⸀Τὸ","Τὸ","τό","ὁ"
"41","10","39","N","ASN","ποτήριον","ποτήριον","ποτήριον","ποτήριον"
"41","10","39","RR","ASN","ὃ","ὃ","ὅ","ὅς"
"41","10","39","RP","NS","ἐγὼ","ἐγὼ","ἐγώ","ἐγώ"
"41","10","39","V","1PAI-S","πίνω","πίνω","πίνω","πίνω"
"41","10","39","V","2FMI-P","πίεσθε","πίεσθε","πίεσθε","πίνω"
"41","10","39","C","","καὶ","καὶ","καί","καί"
"41","10","39","RA","ASN","τὸ","τὸ","τό","ὁ"
"41","10","39","N","ASN","βάπτισμα","βάπτισμα","βάπτισμα","βάπτισμα"
"41","10","39","RR","ASN","ὃ","ὃ","ὅ","ὅς"
"41","10","39","RP","NS","ἐγὼ","ἐγὼ","ἐγώ","ἐγώ"
"41","10","39","V","1PPI-S","βαπτίζομαι","βαπτίζομαι","βαπτίζομαι","βαπτίζω"
"41","10","39","V","2FPI-P","βαπτισθήσεσθε,","βαπτισθήσεσθε","βαπτισθήσεσθε","βαπτίζω"
"41","10","40","RA","ASN","τὸ","τὸ","τό","ὁ"
"41","10","40","C","","δὲ","δὲ","δέ","δέ"
"41","10","40","V","AAN","καθίσαι","καθίσαι","καθίσαι","καθίζω"
"41","10","40","P","","ἐκ","ἐκ","ἐκ","ἐκ"
"41","10","40","A","GPN","δεξιῶν","δεξιῶν","δεξιῶν","δεξιός"
"41","10","40","RP","GS","μου","μου","μου","ἐγώ"
"41","10","40","C","","⸀ἢ","ἢ","ἤ","ἤ"
"41","10","40","P","","ἐξ","ἐξ","ἐκ","ἐκ"
"41","10","40","A","GPN","εὐωνύμων","εὐωνύμων","εὐωνύμων","εὐώνυμος"
"41","10","40","D","","οὐκ","οὐκ","οὐ","οὐ"
"41","10","40","V","3PAI-S","ἔστιν","ἔστιν","ἐστί(ν)","εἰμί"
"41","10","40","A","NSN","ἐμὸν","ἐμὸν","ἐμόν","ἐμός"
"41","10","40","V","AAN","δοῦναι,","δοῦναι","δοῦναι","δίδωμι"
"41","10","40","C","","ἀλλ’","ἀλλ’","ἀλλά","ἀλλά"
"41","10","40","RR","DPM","οἷς","οἷς","οἷς","ὅς"
"41","10","40","V","3XPI-S","ἡτοίμασται.","ἡτοίμασται","ἡτοίμασται","ἑτοιμάζω"
"41","10","41","C","","Καὶ","Καὶ","καί","καί"
"41","10","41","V","AAPNPM","ἀκούσαντες","ἀκούσαντες","ἀκούσαντες","ἀκούω"
"41","10","41","RA","NPM","οἱ","οἱ","οἱ","ὁ"
"41","10","41","A","NPM","δέκα","δέκα","δέκα","δέκα"
"41","10","41","V","3AMI-P","ἤρξαντο","ἤρξαντο","ἤρξαντο","ἄρχω"
"41","10","41","V","PAN","ἀγανακτεῖν","ἀγανακτεῖν","ἀγανακτεῖν","ἀγανακτέω"
"41","10","41","P","","περὶ","περὶ","περί","περί"
"41","10","41","N","GSM","Ἰακώβου","Ἰακώβου","Ἰακώβου","Ἰάκωβος"
"41","10","41","C","","καὶ","καὶ","καί","καί"
"41","10","41","N","GSM","Ἰωάννου.","Ἰωάννου","Ἰωάννου","Ἰωάννης"
"41","10","42","C","","⸂καὶ","καὶ","καί","καί"
"41","10","42","V","AMPNSM","προσκαλεσάμενος","προσκαλεσάμενος","προσκαλεσάμενος","προσκαλέομαι"
"41","10","42","RP","APM","αὐτοὺς","αὐτοὺς","αὐτούς","αὐτός"
"41","10","42","RA","NSM","ὁ","ὁ","ὁ","ὁ"
"41","10","42","N","NSM","Ἰησοῦς⸃","Ἰησοῦς","Ἰησοῦς","Ἰησοῦς"
"41","10","42","V","3PAI-S","λέγει","λέγει","λέγει","λέγω"
"41","10","42","RP","DPM","αὐτοῖς·","αὐτοῖς","αὐτοῖς","αὐτός"
"41","10","42","V","2XAI-P","Οἴδατε","Οἴδατε","οἴδατε","οἶδα"
"41","10","42","C","","ὅτι","ὅτι","ὅτι","ὅτι"
"41","10","42","RA","NPM","οἱ","οἱ","οἱ","ὁ"
"41","10","42","V","PAPNPM","δοκοῦντες","δοκοῦντες","δοκοῦντες","δοκέω"
"41","10","42","V","PAN","ἄρχειν","ἄρχειν","ἄρχειν","ἄρχω"
"41","10","42","RA","GPN","τῶν","τῶν","τῶν","ὁ"
"41","10","42","N","GPN","ἐθνῶν","ἐθνῶν","ἐθνῶν","ἔθνος"
"41","10","42","V","3PAI-P","κατακυριεύουσιν","κατακυριεύουσιν","κατακυριεύουσι(ν)","κατακυριεύω"
"41","10","42","RP","GPN","αὐτῶν","αὐτῶν","αὐτῶν","αὐτός"
"41","10","42","C","","καὶ","καὶ","καί","καί"
"41","10","42","RA","NPM","οἱ","οἱ","οἱ","ὁ"
"41","10","42","A","NPM","μεγάλοι","μεγάλοι","μεγάλοι","μέγας"
"41","10","42","RP","GPN","αὐτῶν","αὐτῶν","αὐτῶν","αὐτός"
"41","10","42","V","3PAI-P","κατεξουσιάζουσιν","κατεξουσιάζουσιν","κατεξουσιάζουσι(ν)","κατεξουσιάζω"
"41","10","42","RP","GPN","αὐτῶν.","αὐτῶν","αὐτῶν","αὐτός"
"41","10","43","D","","οὐχ","οὐχ","οὐ","οὐ"
"41","10","43","D","","οὕτως","οὕτως","οὕτω(ς)","οὕτω(ς)"
"41","10","43","C","","δέ","δέ","δέ","δέ"
"41","10","43","V","3PAI-S","⸀ἐστιν","ἐστιν","ἐστί(ν)","εἰμί"
"41","10","43","P","","ἐν","ἐν","ἐν","ἐν"
"41","10","43","RP","DP","ὑμῖν·","ὑμῖν","ὑμῖν","σύ"
"41","10","43","C","","ἀλλ’","ἀλλ’","ἀλλά","ἀλλά"
"41","10","43","RR","NSM","ὃς","ὃς","ὅς","ὅς"
"41","10","43","X","","⸀ἂν","ἂν","ἄν","ἄν"
"41","10","43","V","3PAS-S","θέλῃ","θέλῃ","θέλῃ","θέλω"
"41","10","43","A","NSM","⸂μέγας","μέγας","μέγας","μέγας"
"41","10","43","V","AMN","γενέσθαι⸃","γενέσθαι","γενέσθαι","γίνομαι"
"41","10","43","P","","ἐν","ἐν","ἐν","ἐν"
"41","10","43","RP","DP","ὑμῖν,","ὑμῖν","ὑμῖν","σύ"
"41","10","43","V","3FMI-S","ἔσται","ἔσται","ἔσται","εἰμί"
"41","10","43","RP","GP","ὑμῶν","ὑμῶν","ὑμῶν","σύ"
"41","10","43","N","NSM","διάκονος,","διάκονος","διάκονος","διάκονος"
"41","10","44","C","","καὶ","καὶ","καί","καί"
"41","10","44","RR","NSM","ὃς","ὃς","ὅς","ὅς"
"41","10","44","X","","⸀ἂν","ἂν","ἄν","ἄν"
"41","10","44","V","3PAS-S","θέλῃ","θέλῃ","θέλῃ","θέλω"
"41","10","44","P","","⸂ἐν","ἐν","ἐν","ἐν"
"41","10","44","RP","DP","ὑμῖν","ὑμῖν","ὑμῖν","σύ"
"41","10","44","V","PAN","εἶναι⸃","εἶναι","εἶναι","εἰμί"
"41","10","44","A","NSM","πρῶτος,","πρῶτος","πρῶτος","πρῶτος"
"41","10","44","V","3FMI-S","ἔσται","ἔσται","ἔσται","εἰμί"
"41","10","44","A","GPM","πάντων","πάντων","πάντων","πᾶς"
"41","10","44","N","NSM","δοῦλος·","δοῦλος","δοῦλος","δοῦλος"
"41","10","45","D","","καὶ","καὶ","καί","καί"
"41","10","45","C","","γὰρ","γὰρ","γάρ","γάρ"
"41","10","45","RA","NSM","ὁ","ὁ","ὁ","ὁ"
"41","10","45","N","NSM","υἱὸς","υἱὸς","υἱός","υἱός"
"41","10","45","RA","GSM","τοῦ","τοῦ","τοῦ","ὁ"
"41","10","45","N","GSM","ἀνθρώπου","ἀνθρώπου","ἀνθρώπου","ἄνθρωπος"
"41","10","45","D","","οὐκ","οὐκ","οὐ","οὐ"
"41","10","45","V","3AAI-S","ἦλθεν","ἦλθεν","ἦλθε(ν)","ἔρχομαι"
"41","10","45","V","APN","διακονηθῆναι","διακονηθῆναι","διακονηθῆναι","διακονέω"
"41","10","45","C","","ἀλλὰ","ἀλλὰ","ἀλλά","ἀλλά"
"41","10","45","V","AAN","διακονῆσαι","διακονῆσαι","διακονῆσαι","διακονέω"
"41","10","45","C","","καὶ","καὶ","καί","καί"
"41","10","45","V","AAN","δοῦναι","δοῦναι","δοῦναι","δίδωμι"
"41","10","45","RA","ASF","τὴν","τὴν","τήν","ὁ"
"41","10","45","N","ASF","ψυχὴν","ψυχὴν","ψυχήν","ψυχή"
"41","10","45","RP","GSM","αὐτοῦ","αὐτοῦ","αὐτοῦ","αὐτός"
"41","10","45","N","ASN","λύτρον","λύτρον","λύτρον","λύτρον"
"41","10","45","P","","ἀντὶ","ἀντὶ","ἀντί","ἀντί"
"41","10","45","A","GPM","πολλῶν.","πολλῶν","πολλῶν","πολύς"
"41","10","46","C","","Καὶ","Καὶ","καί","καί"
"41","10","46","V","3PMI-P","ἔρχονται","ἔρχονται","ἔρχονται","ἔρχομαι"
"41","10","46","P","","εἰς","εἰς","εἰς","εἰς"
"41","10","46","N","ASF","Ἰεριχώ.","Ἰεριχώ","Ἰεριχώ","Ἰεριχώ"
"41","10","46","C","","καὶ","καὶ","καί","καί"
"41","10","46","V","PMPGSM","ἐκπορευομένου","ἐκπορευομένου","ἐκπορευομένου","ἐκπορεύομαι"
"41","10","46","RP","GSM","αὐτοῦ","αὐτοῦ","αὐτοῦ","αὐτός"
"41","10","46","P","","ἀπὸ","ἀπὸ","ἀπό","ἀπό"
"41","10","46","N","GSF","Ἰεριχὼ","Ἰεριχὼ","Ἰεριχώ","Ἰεριχώ"
"41","10","46","C","","καὶ","καὶ","καί","καί"
"41","10","46","RA","GPM","τῶν","τῶν","τῶν","ὁ"
"41","10","46","N","GPM","μαθητῶν","μαθητῶν","μαθητῶν","μαθητής"
"41","10","46","RP","GSM","αὐτοῦ","αὐτοῦ","αὐτοῦ","αὐτός"
"41","10","46","C","","καὶ","καὶ","καί","καί"
"41","10","46","N","GSM","ὄχλου","ὄχλου","ὄχλου","ὄχλος"
"41","10","46","A","GSM","ἱκανοῦ","ἱκανοῦ","ἱκανοῦ","ἱκανός"
"41","10","46","RA","NSM","⸀ὁ","ὁ","ὁ","ὁ"
"41","10","46","N","NSM","υἱὸς","υἱὸς","υἱός","υἱός"
"41","10","46","N","GSM","Τιμαίου","Τιμαίου","Τιμαίου","Τιμαῖος"
"41","10","46","N","NSM","Βαρτιμαῖος","Βαρτιμαῖος","Βαρτιμαῖος","Βαρτιμαῖος"
"41","10","46","A","NSM","⸀τυφλὸς","τυφλὸς","τυφλός","τυφλός"
"41","10","46","N","NSM","⸂προσαίτης","προσαίτης","προσαίτης","προσαίτης"
"41","10","46","V","3IMI-S","ἐκάθητο","ἐκάθητο","ἐκάθητο","κάθημαι"
"41","10","46","P","","παρὰ","παρὰ","παρά","παρά"
"41","10","46","RA","ASF","τὴν","τὴν","τήν","ὁ"
"41","10","46","N","ASF","ὁδόν⸃.","ὁδόν","ὁδόν","ὁδός"
"41","10","47","C","","καὶ","καὶ","καί","καί"
"41","10","47","V","AAPNSM","ἀκούσας","ἀκούσας","ἀκούσας","ἀκούω"
"41","10","47","C","","ὅτι","ὅτι","ὅτι","ὅτι"
"41","10","47","N","NSM","Ἰησοῦς","Ἰησοῦς","Ἰησοῦς","Ἰησοῦς"
"41","10","47","RA","NSM","ὁ","ὁ","ὁ","ὁ"
"41","10","47","A","NSM","⸀Ναζαρηνός","Ναζαρηνός","Ναζαρηνός","Ναζαρηνός"
"41","10","47","V","3PAI-S","ἐστιν","ἐστιν","ἐστί(ν)","εἰμί"
"41","10","47","V","3AMI-S","ἤρξατο","ἤρξατο","ἤρξατο","ἄρχω"
"41","10","47","V","PAN","κράζειν","κράζειν","κράζειν","κράζω"
"41","10","47","C","","καὶ","καὶ","καί","καί"
"41","10","47","V","PAN","λέγειν·","λέγειν","λέγειν","λέγω"
"41","10","47","N","VSM","⸀Υἱὲ","Υἱὲ","υἱέ","υἱός"
"41","10","47","N","GSM","Δαυὶδ","Δαυὶδ","Δαυίδ","Δαυίδ"
"41","10","47","N","VSM","Ἰησοῦ,","Ἰησοῦ","Ἰησοῦ","Ἰησοῦς"
"41","10","47","V","2AAD-S","ἐλέησόν","ἐλέησόν","ἐλέησον","ἐλεάω"
"41","10","47","RP","AS","με.","με","με","ἐγώ"
"41","10","48","C","","καὶ","καὶ","καί","καί"
"41","10","48","V","3IAI-P","ἐπετίμων","ἐπετίμων","ἐπετίμων","ἐπιτιμάω"
"41","10","48","RP","DSM","αὐτῷ","αὐτῷ","αὐτῷ","αὐτός"
"41","10","48","A","NPM","πολλοὶ","πολλοὶ","πολλοί","πολύς"
"41","10","48","C","","ἵνα","ἵνα","ἵνα","ἵνα"
"41","10","48","V","3AAS-S","σιωπήσῃ·","σιωπήσῃ","σιωπήσῃ","σιωπάω"
"41","10","48","RA","NSM","ὁ","ὁ","ὁ","ὁ"
"41","10","48","C","","δὲ","δὲ","δέ","δέ"
"41","10","48","A","DSN","πολλῷ","πολλῷ","πολλῷ","πολύς"
"41","10","48","D","","μᾶλλον","μᾶλλον","μᾶλλον","μᾶλλον"
"41","10","48","V","3IAI-S","ἔκραζεν·","ἔκραζεν","ἔκραζε(ν)","κράζω"
"41","10","48","N","VSM","Υἱὲ","Υἱὲ","υἱέ","υἱός"
"41","10","48","N","GSM","Δαυίδ,","Δαυίδ","Δαυίδ","Δαυίδ"
"41","10","48","V","2AAD-S","ἐλέησόν","ἐλέησόν","ἐλέησον","ἐλεάω"
"41","10","48","RP","AS","με.","με","με","ἐγώ"
"41","10","49","C","","καὶ","καὶ","καί","καί"
"41","10","49","V","AAPNSM","στὰς","στὰς","στάς","ἵστημι"
"41","10","49","RA","NSM","ὁ","ὁ","ὁ","ὁ"
"41","10","49","N","NSM","Ἰησοῦς","Ἰησοῦς","Ἰησοῦς","Ἰησοῦς"
"41","10","49","V","3AAI-S","εἶπεν·","εἶπεν","εἶπε(ν)","λέγω"
"41","10","49","V","2AAD-P","⸂Φωνήσατε","Φωνήσατε","φωνήσατε","φωνέω"
"41","10","49","RP","ASM","αὐτόν⸃.","αὐτόν","αὐτόν","αὐτός"
"41","10","49","C","","καὶ","καὶ","καί","καί"
"41","10","49","V","3PAI-P","φωνοῦσι","φωνοῦσι","φωνοῦσι(ν)","φωνέω"
"41","10","49","RA","ASM","τὸν","τὸν","τόν","ὁ"
"41","10","49","A","ASM","τυφλὸν","τυφλὸν","τυφλόν","τυφλός"
"41","10","49","V","PAPNPM","λέγοντες","λέγοντες","λέγοντες","λέγω"
"41","10","49","RP","DSM","αὐτῷ·","αὐτῷ","αὐτῷ","αὐτός"
"41","10","49","V","2PAD-S","Θάρσει,","Θάρσει","θάρσει","θαρσέω"
"41","10","49","V","2PAD-S","⸀ἔγειρε,","ἔγειρε","ἔγειρε","ἐγείρω"
"41","10","49","V","3PAI-S","φωνεῖ","φωνεῖ","φωνεῖ","φωνέω"
"41","10","49","RP","AS","σε.","σε","σε","σύ"
"41","10","50","RA","NSM","ὁ","ὁ","ὁ","ὁ"
"41","10","50","C","","δὲ","δὲ","δέ","δέ"
"41","10","50","V","AAPNSM","ἀποβαλὼν","ἀποβαλὼν","ἀποβαλών","ἀποβάλλω"
"41","10","50","RA","ASN","τὸ","τὸ","τό","ὁ"
"41","10","50","N","ASN","ἱμάτιον","ἱμάτιον","ἱμάτιον","ἱμάτιον"
"41","10","50","RP","GSM","αὐτοῦ","αὐτοῦ","αὐτοῦ","αὐτός"
"41","10","50","V","AAPNSM","⸀ἀναπηδήσας","ἀναπηδήσας","ἀναπηδήσας","ἀναπηδάω"
"41","10","50","V","3AAI-S","ἦλθεν","ἦλθεν","ἦλθε(ν)","ἔρχομαι"
"41","10","50","P","","πρὸς","πρὸς","πρός","πρός"
"41","10","50","RA","ASM","τὸν","τὸν","τόν","ὁ"
"41","10","50","N","ASM","Ἰησοῦν.","Ἰησοῦν","Ἰησοῦν","Ἰησοῦς"
"41","10","51","C","","καὶ","καὶ","καί","καί"
"41","10","51","V","APPNSM","ἀποκριθεὶς","ἀποκριθεὶς","ἀποκριθείς","ἀποκρίνομαι"
"41","10","51","RP","DSM","⸂αὐτῷ","αὐτῷ","αὐτῷ","αὐτός"
"41","10","51","RA","NSM","ὁ","ὁ","ὁ","ὁ"
"41","10","51","N","NSM","Ἰησοῦς","Ἰησοῦς","Ἰησοῦς","Ἰησοῦς"
"41","10","51","V","3AAI-S","εἶπεν⸃·","εἶπεν","εἶπε(ν)","λέγω"
"41","10","51","RI","ASN","Τί","Τί","τί","τίς"
"41","10","51","RP","DS","⸂σοι","σοι","σοι","σύ"
"41","10","51","V","2PAI-S","θέλεις","θέλεις","θέλεις","θέλω"
"41","10","51","V","1AAS-S","ποιήσω⸃;","ποιήσω","ποιήσω","ποιέω"
"41","10","51","RA","NSM","ὁ","ὁ","ὁ","ὁ"
"41","10","51","C","","δὲ","δὲ","δέ","δέ"
"41","10","51","A","NSM","τυφλὸς","τυφλὸς","τυφλός","τυφλός"
"41","10","51","V","3AAI-S","εἶπεν","εἶπεν","εἶπε(ν)","λέγω"
"41","10","51","RP","DSM","αὐτῷ·","αὐτῷ","αὐτῷ","αὐτός"
"41","10","51","N","VSM","Ραββουνι,","Ραββουνι","ραββουνι","ραββουνι"
"41","10","51","C","","ἵνα","ἵνα","ἵνα","ἵνα"
"41","10","51","V","1AAS-S","ἀναβλέψω.","ἀναβλέψω","ἀναβλέψω","ἀναβλέπω"
"41","10","52","C","","⸂καὶ","καὶ","καί","καί"
"41","10","52","RA","NSM","ὁ⸃","ὁ","ὁ","ὁ"
"41","10","52","N","NSM","Ἰησοῦς","Ἰησοῦς","Ἰησοῦς","Ἰησοῦς"
"41","10","52","V","3AAI-S","εἶπεν","εἶπεν","εἶπε(ν)","λέγω"
"41","10","52","RP","DSM","αὐτῷ·","αὐτῷ","αὐτῷ","αὐτός"
"41","10","52","V","2PAD-S","Ὕπαγε,","Ὕπαγε","ὕπαγε","ὑπάγω"
"41","10","52","RA","NSF","ἡ","ἡ","ἡ","ὁ"
"41","10","52","N","NSF","πίστις","πίστις","πίστις","πίστις"
"41","10","52","RP","GS","σου","σου","σου","σύ"
"41","10","52","V","3XAI-S","σέσωκέν","σέσωκέν","σέσωκε(ν)","σῴζω"
"41","10","52","RP","AS","σε.","σε","σε","σύ"
"41","10","52","C","","καὶ","καὶ","καί","καί"
"41","10","52","A","NSM","⸀εὐθὺς","εὐθὺς","εὐθύς","εὐθύς"
"41","10","52","V","3AAI-S","ἀνέβλεψεν,","ἀνέβλεψεν","ἀνέβλεψε(ν)","ἀναβλέπω"
"41","10","52","C","","καὶ","καὶ","καί","καί"
"41","10","52","V","3IAI-S","ἠκολούθει","ἠκολούθει","ἠκολούθει","ἀκολουθέω"
"41","10","52","RP","DSM","⸀αὐτῷ","αὐτῷ","αὐτῷ","αὐτός"
"41","10","52","P","","ἐν","ἐν","ἐν","ἐν"
"41","10","52","RA","DSF","τῇ","τῇ","τῇ","ὁ"
"41","10","52","N","DSF","ὁδῷ.","ὁδῷ","ὁδῷ","ὁδός"
"41","11","01","C","","Καὶ","Καὶ","καί","καί"
"41","11","01","C","","ὅτε","ὅτε","ὅτε","ὅτε"
"41","11","01","V","3PAI-P","ἐγγίζουσιν","ἐγγίζουσιν","ἐγγίζουσι(ν)","ἐγγίζω"
"41","11","01","P","","εἰς","εἰς","εἰς","εἰς"
"41","11","01","N","APN","Ἱεροσόλυμα","Ἱεροσόλυμα","Ἱεροσόλυμα","Ἱεροσόλυμα"
"41","11","01","P","","εἰς","εἰς","εἰς","εἰς"
"41","11","01","N","ASF","Βηθφαγὴ","Βηθφαγὴ","Βηθφαγή","Βηθφαγή"
"41","11","01","C","","καὶ","καὶ","καί","καί"
"41","11","01","N","ASF","Βηθανίαν","Βηθανίαν","Βηθανίαν","Βηθανία"
"41","11","01","P","","πρὸς","πρὸς","πρός","πρός"
"41","11","01","RA","ASN","τὸ","τὸ","τό","ὁ"
"41","11","01","N","ASN","Ὄρος","Ὄρος","ὄρος","ὄρος"
"41","11","01","RA","GPF","τῶν","τῶν","τῶν","ὁ"
"41","11","01","N","GPF","Ἐλαιῶν,","Ἐλαιῶν","ἐλαιῶν","ἐλαία"
"41","11","01","V","3PAI-S","ἀποστέλλει","ἀποστέλλει","ἀποστέλλει","ἀποστέλλω"
"41","11","01","A","APM","δύο","δύο","δύο","δύο"
"41","11","01","RA","GPM","τῶν","τῶν","τῶν","ὁ"
"41","11","01","N","GPM","μαθητῶν","μαθητῶν","μαθητῶν","μαθητής"
"41","11","01","RP","GSM","αὐτοῦ","αὐτοῦ","αὐτοῦ","αὐτός"
"41","11","02","C","","καὶ","καὶ","καί","καί"
"41","11","02","V","3PAI-S","λέγει","λέγει","λέγει","λέγω"
"41","11","02","RP","DPM","αὐτοῖς·","αὐτοῖς","αὐτοῖς","αὐτός"
"41","11","02","V","2PAD-P","Ὑπάγετε","Ὑπάγετε","ὑπάγετε","ὑπάγω"
"41","11","02","P","","εἰς","εἰς","εἰς","εἰς"
"41","11","02","RA","ASF","τὴν","τὴν","τήν","ὁ"
"41","11","02","N","ASF","κώμην","κώμην","κώμην","κώμη"
"41","11","02","RA","ASF","τὴν","τὴν","τήν","ὁ"
"41","11","02","P","","κατέναντι","κατέναντι","κατέναντι","κατέναντι"
"41","11","02","RP","GP","ὑμῶν,","ὑμῶν","ὑμῶν","σύ"
"41","11","02","C","","καὶ","καὶ","καί","καί"
"41","11","02","A","NSM","⸀εὐθὺς","εὐθὺς","εὐθύς","εὐθύς"
"41","11","02","V","PMPNPM","εἰσπορευόμενοι","εἰσπορευόμενοι","εἰσπορευόμενοι","εἰσπορεύομαι"
"41","11","02","P","","εἰς","εἰς","εἰς","εἰς"
"41","11","02","RP","ASF","αὐτὴν","αὐτὴν","αὐτήν","αὐτός"
"41","11","02","V","2FAI-P","εὑρήσετε","εὑρήσετε","εὑρήσετε","εὑρίσκω"
"41","11","02","N","ASM","πῶλον","πῶλον","πῶλον","πῶλος"
"41","11","02","V","XPPASM","δεδεμένον","δεδεμένον","δεδεμένον","δέω"
"41","11","02","P","","ἐφ’","ἐφ’","ἐπί","ἐπί"
"41","11","02","RR","ASM","ὃν","ὃν","ὅν","ὅς"
"41","11","02","A","NSM","οὐδεὶς","οὐδεὶς","οὐδείς","οὐδείς"
"41","11","02","D","","⸀οὔπω","οὔπω","οὔπω","οὔπω"
"41","11","02","N","GPM","ἀνθρώπων","ἀνθρώπων","ἀνθρώπων","ἄνθρωπος"
"41","11","02","V","3AAI-S","⸀ἐκάθισεν·","ἐκάθισεν","ἐκάθισε(ν)","καθίζω"
"41","11","02","V","2AAD-P","⸂λύσατε","λύσατε","λύσατε","λύω"
"41","11","02","RP","ASM","αὐτὸν","αὐτὸν","αὐτόν","αὐτός"
"41","11","02","C","","καὶ","καὶ","καί","καί"
"41","11","02","V","2PAD-P","φέρετε⸃.","φέρετε","φέρετε","φέρω"
"41","11","03","C","","καὶ","καὶ","καί","καί"
"41","11","03","C","","ἐάν","ἐάν","ἐάν","ἐάν"
"41","11","03","RI","NSM","τις","τις","τὶς","τις"
"41","11","03","RP","DP","ὑμῖν","ὑμῖν","ὑμῖν","σύ"
"41","11","03","V","3AAS-S","εἴπῃ·","εἴπῃ","εἴπῃ","λέγω"
"41","11","03","RI","ASN","Τί","Τί","τί","τίς"
"41","11","03","V","2PAI-P","ποιεῖτε","ποιεῖτε","ποιεῖτε","ποιέω"
"41","11","03","RD","ASN","τοῦτο;","τοῦτο","τοῦτο","οὗτος"
"41","11","03","V","2AAD-P","εἴπατε","εἴπατε","εἴπατε","λέγω"
"41","11","03","C","","⸀ὅτι","ὅτι","ὅτι","ὅτι"
"41","11","03","RA","NSM","Ὁ","Ὁ","ὁ","ὁ"
"41","11","03","N","NSM","κύριος","κύριος","κύριος","κύριος"
"41","11","03","RP","GSM","αὐτοῦ","αὐτοῦ","αὐτοῦ","αὐτός"
"41","11","03","N","ASF","χρείαν","χρείαν","χρείαν","χρεία"
"41","11","03","V","3PAI-S","ἔχει·","ἔχει","ἔχει","ἔχω"
"41","11","03","C","","καὶ","καὶ","καί","καί"
"41","11","03","A","NSM","⸀εὐθὺς","εὐθὺς","εὐθύς","εὐθύς"
"41","11","03","RP","ASM","αὐτὸν","αὐτὸν","αὐτόν","αὐτός"
"41","11","03","V","3PAI-S","ἀποστέλλει","ἀποστέλλει","ἀποστέλλει","ἀποστέλλω"
"41","11","03","D","","⸀πάλιν","πάλιν","πάλιν","πάλιν"
"41","11","03","D","","ὧδε.","ὧδε","ὧδε","ὧδε"
"41","11","04","C","","⸂καὶ","καὶ","καί","καί"
"41","11","04","V","3AAI-P","ἀπῆλθον⸃","ἀπῆλθον","ἀπῆλθον","ἀπέρχομαι"
"41","11","04","C","","καὶ","καὶ","καί","καί"
"41","11","04","V","3AAI-P","εὗρον","εὗρον","εὗρον","εὑρίσκω"
"41","11","04","N","ASM","πῶλον","πῶλον","πῶλον","πῶλος"
"41","11","04","V","XPPASM","δεδεμένον","δεδεμένον","δεδεμένον","δέω"
"41","11","04","P","","⸀πρὸς","πρὸς","πρός","πρός"
"41","11","04","N","ASF","θύραν","θύραν","θύραν","θύρα"
"41","11","04","D","","ἔξω","ἔξω","ἔξω","ἔξω"
"41","11","04","P","","ἐπὶ","ἐπὶ","ἐπί","ἐπί"
"41","11","04","RA","GSN","τοῦ","τοῦ","τοῦ","ὁ"
"41","11","04","N","GSN","ἀμφόδου,","ἀμφόδου","ἀμφόδου","ἄμφοδον"
"41","11","04","C","","καὶ","καὶ","καί","καί"
"41","11","04","V","3PAI-P","λύουσιν","λύουσιν","λύουσι(ν)","λύω"
"41","11","04","RP","ASM","αὐτόν.","αὐτόν","αὐτόν","αὐτός"
"41","11","05","C","","καί","καί","καί","καί"
"41","11","05","RI","NPM","τινες","τινες","τινές","τις"
"41","11","05","RA","GPM","τῶν","τῶν","τῶν","ὁ"
"41","11","05","D","","ἐκεῖ","ἐκεῖ","ἐκεῖ","ἐκεῖ"
"41","11","05","V","XAPGPM","ἑστηκότων","ἑστηκότων","ἑστηκότων","ἵστημι"
"41","11","05","V","3IAI-P","ἔλεγον","ἔλεγον","ἔλεγον","λέγω"
"41","11","05","RP","DPM","αὐτοῖς·","αὐτοῖς","αὐτοῖς","αὐτός"
"41","11","05","RI","ASN","Τί","Τί","τί","τίς"
"41","11","05","V","2PAI-P","ποιεῖτε","ποιεῖτε","ποιεῖτε","ποιέω"
"41","11","05","V","PAPNPM","λύοντες","λύοντες","λύοντες","λύω"
"41","11","05","RA","ASM","τὸν","τὸν","τόν","ὁ"
"41","11","05","N","ASM","πῶλον;","πῶλον","πῶλον","πῶλος"
"41","11","06","RA","NPM","οἱ","οἱ","οἱ","ὁ"
"41","11","06","C","","δὲ","δὲ","δέ","δέ"
"41","11","06","V","3AAI-P","εἶπαν","εἶπαν","εἶπαν","λέγω"
"41","11","06","RP","DPM","αὐτοῖς","αὐτοῖς","αὐτοῖς","αὐτός"
"41","11","06","C","","καθὼς","καθὼς","καθώς","καθώς"
"41","11","06","V","3AAI-S","⸀εἶπεν","εἶπεν","εἶπε(ν)","λέγω"
"41","11","06","RA","NSM","ὁ","ὁ","ὁ","ὁ"
"41","11","06","N","NSM","Ἰησοῦς·","Ἰησοῦς","Ἰησοῦς","Ἰησοῦς"
"41","11","06","C","","καὶ","καὶ","καί","καί"
"41","11","06","V","3AAI-P","ἀφῆκαν","ἀφῆκαν","ἀφῆκαν","ἀφίημι"
"41","11","06","RP","APM","αὐτούς.","αὐτούς","αὐτούς","αὐτός"
"41","11","07","C","","καὶ","καὶ","καί","καί"
"41","11","07","V","3PAI-P","⸀φέρουσιν","φέρουσιν","φέρουσι(ν)","φέρω"
"41","11","07","RA","ASM","τὸν","τὸν","τόν","ὁ"
"41","11","07","N","ASM","πῶλον","πῶλον","πῶλον","πῶλος"
"41","11","07","P","","πρὸς","πρὸς","πρός","πρός"
"41","11","07","RA","ASM","τὸν","τὸν","τόν","ὁ"
"41","11","07","N","ASM","Ἰησοῦν,","Ἰησοῦν","Ἰησοῦν","Ἰησοῦς"
"41","11","07","C","","καὶ","καὶ","καί","καί"
"41","11","07","V","3PAI-P","⸀ἐπιβάλλουσιν","ἐπιβάλλουσιν","ἐπιβάλλουσι(ν)","ἐπιβάλλω"
"41","11","07","RP","DSM","αὐτῷ","αὐτῷ","αὐτῷ","αὐτός"
"41","11","07","RA","APN","τὰ","τὰ","τά","ὁ"
"41","11","07","N","APN","ἱμάτια","ἱμάτια","ἱμάτια","ἱμάτιον"
"41","11","07","RP","GPM","αὐτῶν,","αὐτῶν","αὐτῶν","αὐτός"
"41","11","07","C","","καὶ","καὶ","καί","καί"
"41","11","07","V","3AAI-S","ἐκάθισεν","ἐκάθισεν","ἐκάθισε(ν)","καθίζω"
"41","11","07","P","","ἐπ’","ἐπ’","ἐπί","ἐπί"
"41","11","07","RP","ASM","⸀αὐτόν.","αὐτόν","αὐτόν","αὐτός"
"41","11","08","C","","⸂καὶ","καὶ","καί","καί"
"41","11","08","A","NPM","πολλοὶ⸃","πολλοὶ","πολλοί","πολύς"
"41","11","08","RA","APN","τὰ","τὰ","τά","ὁ"
"41","11","08","N","APN","ἱμάτια","ἱμάτια","ἱμάτια","ἱμάτιον"
"41","11","08","RP","GPM","αὐτῶν","αὐτῶν","αὐτῶν","αὐτός"
"41","11","08","V","3AAI-P","ἔστρωσαν","ἔστρωσαν","ἔστρωσαν","στρώννυμι"
"41","11","08","P","","εἰς","εἰς","εἰς","εἰς"
"41","11","08","RA","ASF","τὴν","τὴν","τήν","ὁ"
"41","11","08","N","ASF","ὁδόν,","ὁδόν","ὁδόν","ὁδός"
"41","11","08","A","NPM","ἄλλοι","ἄλλοι","ἄλλοι","ἄλλος"
"41","11","08","C","","δὲ","δὲ","δέ","δέ"
"41","11","08","N","APF","στιβάδας","στιβάδας","στιβάδας","στιβάς"
"41","11","08","V","AAPNPM","⸂κόψαντες","κόψαντες","κόψαντες","κόπτω"
"41","11","08","P","","ἐκ","ἐκ","ἐκ","ἐκ"
"41","11","08","RA","GPM","τῶν","τῶν","τῶν","ὁ"
"41","11","08","N","GPM","ἀγρῶν⸃.","ἀγρῶν","ἀγρῶν","ἀγρός"
"41","11","09","C","","καὶ","καὶ","καί","καί"
"41","11","09","RA","NPM","οἱ","οἱ","οἱ","ὁ"
"41","11","09","V","PAPNPM","προάγοντες","προάγοντες","προάγοντες","προάγω"
"41","11","09","C","","καὶ","καὶ","καί","καί"
"41","11","09","RA","NPM","οἱ","οἱ","οἱ","ὁ"
"41","11","09","V","PAPNPM","ἀκολουθοῦντες","ἀκολουθοῦντες","ἀκολουθοῦντες","ἀκολουθέω"
"41","11","09","V","3IAI-P","⸀ἔκραζον·","ἔκραζον","ἔκραζον","κράζω"
"41","11","09","X","","Ὡσαννά·","Ὡσαννά","ὡσαννά","ὡσαννά"
"41","11","09","V","XPPNSM","Εὐλογημένος","Εὐλογημένος","εὐλογημένος","εὐλογέω"
"41","11","09","RA","NSM","ὁ","ὁ","ὁ","ὁ"
"41","11","09","V","PMPNSM","ἐρχόμενος","ἐρχόμενος","ἐρχόμενος","ἔρχομαι"
"41","11","09","P","","ἐν","ἐν","ἐν","ἐν"
"41","11","09","N","DSN","ὀνόματι","ὀνόματι","ὀνόματι","ὄνομα"
"41","11","09","N","GSM","κυρίου·","κυρίου","κυρίου","κύριος"
"41","11","10","V","XPPNSF","Εὐλογημένη","Εὐλογημένη","εὐλογημένη","εὐλογέω"
"41","11","10","RA","NSF","ἡ","ἡ","ἡ","ὁ"
"41","11","10","V","PMPNSF","ἐρχομένη","ἐρχομένη","ἐρχομένη","ἔρχομαι"
"41","11","10","N","NSF","⸀βασιλεία","βασιλεία","βασιλεία","βασιλεία"
"41","11","10","RA","GSM","τοῦ","τοῦ","τοῦ","ὁ"
"41","11","10","N","GSM","πατρὸς","πατρὸς","πατρός","πατήρ"
"41","11","10","RP","GP","ἡμῶν","ἡμῶν","ἡμῶν","ἐγώ"
"41","11","10","N","GSM","Δαυίδ·","Δαυίδ","Δαυίδ","Δαυίδ"
"41","11","10","X","","Ὡσαννὰ","Ὡσαννὰ","ὡσαννά","ὡσαννά"
"41","11","10","P","","ἐν","ἐν","ἐν","ἐν"
"41","11","10","RA","DPN","τοῖς","τοῖς","τοῖς","ὁ"
"41","11","10","A","DPNS","ὑψίστοις.","ὑψίστοις","ὑψίστοις","ὕψιστος"
"41","11","11","C","","Καὶ","Καὶ","καί","καί"
"41","11","11","V","3AAI-S","εἰσῆλθεν","εἰσῆλθεν","εἰσῆλθε(ν)","εἰσέρχομαι"
"41","11","11","P","","εἰς","εἰς","εἰς","εἰς"
"41","11","11","N","APN","⸀Ἱεροσόλυμα","Ἱεροσόλυμα","Ἱεροσόλυμα","Ἱεροσόλυμα"
"41","11","11","P","","εἰς","εἰς","εἰς","εἰς"
"41","11","11","RA","ASN","τὸ","τὸ","τό","ὁ"
"41","11","11","A","ASN","ἱερόν·","ἱερόν","ἱερόν","ἱερός"
"41","11","11","C","","καὶ","καὶ","καί","καί"
"41","11","11","V","AMPNSM","περιβλεψάμενος","περιβλεψάμενος","περιβλεψάμενος","περιβλέπομαι"
"41","11","11","A","APN","πάντα","πάντα","πάντα","πᾶς"
"41","11","11","D","","⸀ὀψὲ","ὀψὲ","ὀψέ","ὀψέ"
"41","11","11","D","","ἤδη","ἤδη","ἤδη","ἤδη"
"41","11","11","V","PAPGSF","οὔσης","οὔσης","οὔσης","εἰμί"
"41","11","11","RA","GSF","τῆς","τῆς","τῆς","ὁ"
"41","11","11","N","GSF","ὥρας","ὥρας","ὥρας","ὥρα"
"41","11","11","V","3AAI-S","ἐξῆλθεν","ἐξῆλθεν","ἐξῆλθε(ν)","ἐξέρχομαι"
"41","11","11","P","","εἰς","εἰς","εἰς","εἰς"
"41","11","11","N","ASF","Βηθανίαν","Βηθανίαν","Βηθανίαν","Βηθανία"
"41","11","11","P","","μετὰ","μετὰ","μετά","μετά"
"41","11","11","RA","GPM","τῶν","τῶν","τῶν","ὁ"
"41","11","11","A","GPM","δώδεκα.","δώδεκα","δώδεκα","δώδεκα"
"41","11","12","C","","Καὶ","Καὶ","καί","καί"
"41","11","12","RA","DSF","τῇ","τῇ","τῇ","ὁ"
"41","11","12","D","","ἐπαύριον","ἐπαύριον","ἐπαύριον","ἐπαύριον"
"41","11","12","V","AAPGPM","ἐξελθόντων","ἐξελθόντων","ἐξελθόντων","ἐξέρχομαι"
"41","11","12","RP","GPM","αὐτῶν","αὐτῶν","αὐτῶν","αὐτός"
"41","11","12","P","","ἀπὸ","ἀπὸ","ἀπό","ἀπό"
"41","11","12","N","GSF","Βηθανίας","Βηθανίας","Βηθανίας","Βηθανία"
"41","11","12","V","3AAI-S","ἐπείνασεν.","ἐπείνασεν","ἐπείνασε(ν)","πεινάω"
"41","11","13","C","","καὶ","καὶ","καί","καί"
"41","11","13","V","AAPNSM","ἰδὼν","ἰδὼν","ἰδών","ὁράω"
"41","11","13","N","ASF","συκῆν","συκῆν","συκῆν","συκῆ"
"41","11","13","P","","⸀ἀπὸ","ἀπὸ","ἀπό","ἀπό"
"41","11","13","D","","μακρόθεν","μακρόθεν","μακρόθεν","μακρόθεν"
"41","11","13","V","PAPASF","ἔχουσαν","ἔχουσαν","ἔχουσαν","ἔχω"
"41","11","13","N","APN","φύλλα","φύλλα","φύλλα","φύλλον"
"41","11","13","V","3AAI-S","ἦλθεν","ἦλθεν","ἦλθε(ν)","ἔρχομαι"
"41","11","13","X","","εἰ","εἰ","εἰ","εἰ"
"41","11","13","X","","ἄρα","ἄρα","ἄρα","ἄρα"
"41","11","13","RI","ASN","⸂τι","τι","τὶ","τις"
"41","11","13","V","3FAI-S","εὑρήσει⸃","εὑρήσει","εὑρήσει","εὑρίσκω"
"41","11","13","P","","ἐν","ἐν","ἐν","ἐν"
"41","11","13","RP","DSF","αὐτῇ,","αὐτῇ","αὐτῇ","αὐτός"
"41","11","13","C","","καὶ","καὶ","καί","καί"
"41","11","13","V","AAPNSM","ἐλθὼν","ἐλθὼν","ἐλθών","ἔρχομαι"
"41","11","13","P","","ἐπ’","ἐπ’","ἐπί","ἐπί"
"41","11","13","RP","ASF","αὐτὴν","αὐτὴν","αὐτήν","αὐτός"
"41","11","13","A","ASN","οὐδὲν","οὐδὲν","οὐδέν","οὐδείς"
"41","11","13","V","3AAI-S","εὗρεν","εὗρεν","εὗρε(ν)","εὑρίσκω"
"41","11","13","C","","εἰ","εἰ","εἰ","εἰ"
"41","11","13","D","","μὴ","μὴ","μή","μή"
"41","11","13","N","APN","φύλλα,","φύλλα","φύλλα","φύλλον"
"41","11","13","RA","NSM","⸂ὁ","ὁ","ὁ","ὁ"
"41","11","13","C","","γὰρ","γὰρ","γάρ","γάρ"
"41","11","13","N","NSM","καιρὸς","καιρὸς","καιρός","καιρός"
"41","11","13","D","","οὐκ","οὐκ","οὐ","οὐ"
"41","11","13","V","3IAI-S","ἦν⸃","ἦν","ἦν","εἰμί"
"41","11","13","N","GPN","σύκων.","σύκων","σύκων","σῦκον"
"41","11","14","C","","καὶ","καὶ","καί","καί"
"41","11","14","V","APPNSM","⸀ἀποκριθεὶς","ἀποκριθεὶς","ἀποκριθείς","ἀποκρίνομαι"
"41","11","14","V","3AAI-S","εἶπεν","εἶπεν","εἶπε(ν)","λέγω"
"41","11","14","RP","DSF","αὐτῇ·","αὐτῇ","αὐτῇ","αὐτός"
"41","11","14","D","","Μηκέτι","Μηκέτι","μηκέτι","μηκέτι"
"41","11","14","P","","⸂εἰς","εἰς","εἰς","εἰς"
"41","11","14","RA","ASM","τὸν","τὸν","τόν","ὁ"
"41","11","14","N","ASM","αἰῶνα","αἰῶνα","αἰῶνα","αἰών"
"41","11","14","P","","ἐκ","ἐκ","ἐκ","ἐκ"
"41","11","14","RP","GS","σοῦ⸃","σοῦ","σοῦ","σύ"
"41","11","14","A","NSM","μηδεὶς","μηδεὶς","μηδείς","μηδείς"
"41","11","14","N","ASM","καρπὸν","καρπὸν","καρπόν","καρπός"
"41","11","14","V","3AAO-S","φάγοι.","φάγοι","φάγοι","ἐσθίω"
"41","11","14","C","","καὶ","καὶ","καί","καί"
"41","11","14","V","3IAI-P","ἤκουον","ἤκουον","ἤκουον","ἀκούω"
"41","11","14","RA","NPM","οἱ","οἱ","οἱ","ὁ"
"41","11","14","N","NPM","μαθηταὶ","μαθηταὶ","μαθηταί","μαθητής"
"41","11","14","RP","GSM","αὐτοῦ.","αὐτοῦ","αὐτοῦ","αὐτός"
"41","11","15","C","","Καὶ","Καὶ","καί","καί"
"41","11","15","V","3PMI-P","ἔρχονται","ἔρχονται","ἔρχονται","ἔρχομαι"
"41","11","15","P","","εἰς","εἰς","εἰς","εἰς"
"41","11","15","N","APN","Ἱεροσόλυμα.","Ἱεροσόλυμα","Ἱεροσόλυμα","Ἱεροσόλυμα"
"41","11","15","C","","καὶ","καὶ","καί","καί"
"41","11","15","V","AAPNSM","⸀εἰσελθὼν","εἰσελθὼν","εἰσελθών","εἰσέρχομαι"
"41","11","15","P","","εἰς","εἰς","εἰς","εἰς"
"41","11","15","RA","ASN","τὸ","τὸ","τό","ὁ"
"41","11","15","A","ASN","ἱερὸν","ἱερὸν","ἱερόν","ἱερός"
"41","11","15","V","3AMI-S","ἤρξατο","ἤρξατο","ἤρξατο","ἄρχω"
"41","11","15","V","PAN","ἐκβάλλειν","ἐκβάλλειν","ἐκβάλλειν","ἐκβάλλω"
"41","11","15","RA","APM","τοὺς","τοὺς","τούς","ὁ"
"41","11","15","V","PAPAPM","πωλοῦντας","πωλοῦντας","πωλοῦντας","πωλέω"
"41","11","15","C","","καὶ","καὶ","καί","καί"
"41","11","15","RA","APM","⸀τοὺς","τοὺς","τούς","ὁ"
"41","11","15","V","PAPAPM","ἀγοράζοντας","ἀγοράζοντας","ἀγοράζοντας","ἀγοράζω"
"41","11","15","P","","ἐν","ἐν","ἐν","ἐν"
"41","11","15","RA","DSN","τῷ","τῷ","τῷ","ὁ"
"41","11","15","A","DSN","ἱερῷ,","ἱερῷ","ἱερῷ","ἱερός"
"41","11","15","C","","καὶ","καὶ","καί","καί"
"41","11","15","RA","APF","τὰς","τὰς","τάς","ὁ"
"41","11","15","N","APF","τραπέζας","τραπέζας","τραπέζας","τράπεζα"
"41","11","15","RA","GPM","τῶν","τῶν","τῶν","ὁ"
"41","11","15","N","GPM","κολλυβιστῶν","κολλυβιστῶν","κολλυβιστῶν","κολλυβιστής"
"41","11","15","C","","καὶ","καὶ","καί","καί"
"41","11","15","RA","APF","τὰς","τὰς","τάς","ὁ"
"41","11","15","N","APF","καθέδρας","καθέδρας","καθέδρας","καθέδρα"
"41","11","15","RA","GPM","τῶν","τῶν","τῶν","ὁ"
"41","11","15","V","PAPGPM","πωλούντων","πωλούντων","πωλούντων","πωλέω"
"41","11","15","RA","APF","τὰς","τὰς","τάς","ὁ"
"41","11","15","N","APF","περιστερὰς","περιστερὰς","περιστεράς","περιστερά"
"41","11","15","V","3AAI-S","κατέστρεψεν","κατέστρεψεν","κατέστρεψε(ν)","καταστρέφω"
"41","11","16","C","","καὶ","καὶ","καί","καί"
"41","11","16","D","","οὐκ","οὐκ","οὐ","οὐ"
"41","11","16","V","3IAI-S","ἤφιεν","ἤφιεν","ἤφιε(ν)","ἀφίημι"
"41","11","16","C","","ἵνα","ἵνα","ἵνα","ἵνα"
"41","11","16","RI","NSM","τις","τις","τὶς","τις"
"41","11","16","V","3AAS-S","διενέγκῃ","διενέγκῃ","διενέγκῃ","διαφέρω"
"41","11","16","N","ASN","σκεῦος","σκεῦος","σκεῦος","σκεῦος"
"41","11","16","P","","διὰ","διὰ","διά","διά"
"41","11","16","RA","GSN","τοῦ","τοῦ","τοῦ","ὁ"
"41","11","16","A","GSN","ἱεροῦ,","ἱεροῦ","ἱεροῦ","ἱερός"
"41","11","17","C","","καὶ","καὶ","καί","καί"
"41","11","17","V","3IAI-S","ἐδίδασκεν","ἐδίδασκεν","ἐδίδασκε(ν)","διδάσκω"
"41","11","17","C","","⸂καὶ","καὶ","καί","καί"
"41","11","17","V","3IAI-S","ἔλεγεν⸃","ἔλεγεν","ἔλεγε(ν)","λέγω"
"41","11","17","RP","DPM","⸀αὐτοῖς·","αὐτοῖς","αὐτοῖς","αὐτός"
"41","11","17","X","","Οὐ","Οὐ","οὐ","οὐ"
"41","11","17","V","3XPI-S","γέγραπται","γέγραπται","γέγραπται","γράφω"
"41","11","17","C","","ὅτι","ὅτι","ὅτι","ὅτι"
"41","11","17","RA","NSM","Ὁ","Ὁ","ὁ","ὁ"
"41","11","17","N","NSM","οἶκός","οἶκός","οἶκος","οἶκος"
"41","11","17","RP","GS","μου","μου","μου","ἐγώ"
"41","11","17","N","NSM","οἶκος","οἶκος","οἶκος","οἶκος"
"41","11","17","N","GSF","προσευχῆς","προσευχῆς","προσευχῆς","προσευχή"
"41","11","17","V","3FPI-S","κληθήσεται","κληθήσεται","κληθήσεται","καλέω"
"41","11","17","A","DPN","πᾶσιν","πᾶσιν","πᾶσι(ν)","πᾶς"
"41","11","17","RA","DPN","τοῖς","τοῖς","τοῖς","ὁ"
"41","11","17","N","DPN","ἔθνεσιν;","ἔθνεσιν","ἔθνεσι(ν)","ἔθνος"
"41","11","17","RP","NP","ὑμεῖς","ὑμεῖς","ὑμεῖς","σύ"
"41","11","17","C","","δὲ","δὲ","δέ","δέ"
"41","11","17","V","2XAI-P","⸀πεποιήκατε","πεποιήκατε","πεποιήκατε","ποιέω"
"41","11","17","RP","ASM","αὐτὸν","αὐτὸν","αὐτόν","αὐτός"
"41","11","17","N","ASN","σπήλαιον","σπήλαιον","σπήλαιον","σπήλαιον"
"41","11","17","N","GPM","λῃστῶν.","λῃστῶν","λῃστῶν","λῃστής"
"41","11","18","C","","καὶ","καὶ","καί","καί"
"41","11","18","V","3AAI-P","ἤκουσαν","ἤκουσαν","ἤκουσαν","ἀκούω"
"41","11","18","RA","NPM","οἱ","οἱ","οἱ","ὁ"
"41","11","18","N","NPM","⸂ἀρχιερεῖς","ἀρχιερεῖς","ἀρχιερεῖς","ἀρχιερεύς"
"41","11","18","C","","καὶ","καὶ","καί","καί"
"41","11","18","RA","NPM","οἱ","οἱ","οἱ","ὁ"
"41","11","18","N","NPM","γραμματεῖς⸃,","γραμματεῖς","γραμματεῖς","γραμματεύς"
"41","11","18","C","","καὶ","καὶ","καί","καί"
"41","11","18","V","3IAI-P","ἐζήτουν","ἐζήτουν","ἐζήτουν","ζητέω"
"41","11","18","D","","πῶς","πῶς","πῶς","πῶς"
"41","11","18","RP","ASM","αὐτὸν","αὐτὸν","αὐτόν","αὐτός"
"41","11","18","V","3AAS-P","ἀπολέσωσιν·","ἀπολέσωσιν","ἀπολέσωσι(ν)","ἀπόλλυμι"
"41","11","18","V","3IMI-P","ἐφοβοῦντο","ἐφοβοῦντο","ἐφοβοῦντο","φοβέομαι"
"41","11","18","C","","γὰρ","γὰρ","γάρ","γάρ"
"41","11","18","RP","ASM","αὐτόν,","αὐτόν","αὐτόν","αὐτός"
"41","11","18","A","NSM","⸂πᾶς","πᾶς","πᾶς","πᾶς"
"41","11","18","C","","γὰρ⸃","γὰρ","γάρ","γάρ"
"41","11","18","RA","NSM","ὁ","ὁ","ὁ","ὁ"
"41","11","18","N","NSM","ὄχλος","ὄχλος","ὄχλος","ὄχλος"
"41","11","18","V","3IPI-S","ἐξεπλήσσετο","ἐξεπλήσσετο","ἐξεπλήσσετο","ἐκπλήσσομαι"
"41","11","18","P","","ἐπὶ","ἐπὶ","ἐπί","ἐπί"
"41","11","18","RA","DSF","τῇ","τῇ","τῇ","ὁ"
"41","11","18","N","DSF","διδαχῇ","διδαχῇ","διδαχῇ","διδαχή"
"41","11","18","RP","GSM","αὐτοῦ.","αὐτοῦ","αὐτοῦ","αὐτός"
"41","11","19","C","","Καὶ","Καὶ","καί","καί"
"41","11","19","C","","⸀ὅταν","ὅταν","ὅταν","ὅταν"
"41","11","19","D","","ὀψὲ","ὀψὲ","ὀψέ","ὀψέ"
"41","11","19","V","3AMI-S","ἐγένετο,","ἐγένετο","ἐγένετο","γίνομαι"
"41","11","19","V","3IMI-P","⸀ἐξεπορεύοντο","ἐξεπορεύοντο","ἐξεπορεύοντο","ἐκπορεύομαι"
"41","11","19","P","","ἔξω","ἔξω","ἔξω","ἔξω"
"41","11","19","RA","GSF","τῆς","τῆς","τῆς","ὁ"
"41","11","19","N","GSF","πόλεως.","πόλεως","πόλεως","πόλις"
"41","11","20","C","","Καὶ","Καὶ","καί","καί"
"41","11","20","V","PMPNPM","⸂παραπορευόμενοι","παραπορευόμενοι","παραπορευόμενοι","παραπορεύομαι"
"41","11","20","D","","πρωῒ⸃","πρωῒ","πρωΐ","πρωΐ"
"41","11","20","V","3AAI-P","εἶδον","εἶδον","εἶδον","ὁράω"
"41","11","20","RA","ASF","τὴν","τὴν","τήν","ὁ"
"41","11","20","N","ASF","συκῆν","συκῆν","συκῆν","συκῆ"
"41","11","20","V","XPPASF","ἐξηραμμένην","ἐξηραμμένην","ἐξηραμμένην","ξηραίνω"
"41","11","20","P","","ἐκ","ἐκ","ἐκ","ἐκ"
"41","11","20","N","GPF","ῥιζῶν.","ῥιζῶν","ῥιζῶν","ῥίζα"
"41","11","21","C","","καὶ","καὶ","καί","καί"
"41","11","21","V","APPNSM","ἀναμνησθεὶς","ἀναμνησθεὶς","ἀναμνησθείς","ἀναμιμνῄσκω"
"41","11","21","RA","NSM","ὁ","ὁ","ὁ","ὁ"
"41","11","21","N","NSM","Πέτρος","Πέτρος","Πέτρος","Πέτρος"
"41","11","21","V","3PAI-S","λέγει","λέγει","λέγει","λέγω"
"41","11","21","RP","DSM","αὐτῷ·","αὐτῷ","αὐτῷ","αὐτός"
"41","11","21","N","VSM","Ῥαββί,","Ῥαββί","ῥαββί","ῥαββί"
"41","11","21","X","","ἴδε","ἴδε","ἴδε","ἴδε"
"41","11","21","RA","NSF","ἡ","ἡ","ἡ","ὁ"
"41","11","21","N","NSF","συκῆ","συκῆ","συκῆ","συκῆ"
"41","11","21","RR","ASF","ἣν","ἣν","ἥν","ὅς"
"41","11","21","V","2AMI-S","κατηράσω","κατηράσω","κατηράσω","καταράομαι"
"41","11","21","V","3XPI-S","ἐξήρανται.","ἐξήρανται","ἐξήρανται","ξηραίνω"
"41","11","22","C","","καὶ","καὶ","καί","καί"
"41","11","22","V","APPNSM","ἀποκριθεὶς","ἀποκριθεὶς","ἀποκριθείς","ἀποκρίνομαι"
"41","11","22","RA","NSM","ὁ","ὁ","ὁ","ὁ"
"41","11","22","N","NSM","Ἰησοῦς","Ἰησοῦς","Ἰησοῦς","Ἰησοῦς"
"41","11","22","V","3PAI-S","λέγει","λέγει","λέγει","λέγω"
"41","11","22","RP","DPM","αὐτοῖς·","αὐτοῖς","αὐτοῖς","αὐτός"
"41","11","22","V","2PAD-P","Ἔχετε","Ἔχετε","ἔχετε","ἔχω"
"41","11","22","N","ASF","πίστιν","πίστιν","πίστιν","πίστις"
"41","11","22","N","GSM","θεοῦ·","θεοῦ","θεοῦ","θεός"
"41","11","23","X","","⸀ἀμὴν","ἀμὴν","ἀμήν","ἀμήν"
"41","11","23","V","1PAI-S","λέγω","λέγω","λέγω","λέγω"
"41","11","23","RP","DP","ὑμῖν","ὑμῖν","ὑμῖν","σύ"
"41","11","23","C","","ὅτι","ὅτι","ὅτι","ὅτι"
"41","11","23","RR","NSM","ὃς","ὃς","ὅς","ὅς"
"41","11","23","X","","ἂν","ἂν","ἄν","ἄν"
"41","11","23","V","3AAS-S","εἴπῃ","εἴπῃ","εἴπῃ","λέγω"
"41","11","23","RA","DSN","τῷ","τῷ","τῷ","ὁ"
"41","11","23","N","DSN","ὄρει","ὄρει","ὄρει","ὄρος"
"41","11","23","RD","DSN","τούτῳ·","τούτῳ","τούτῳ","οὗτος"
"41","11","23","V","2APD-S","Ἄρθητι","Ἄρθητι","ἄρθητι","αἴρω"
"41","11","23","C","","καὶ","καὶ","καί","καί"
"41","11","23","V","2APD-S","βλήθητι","βλήθητι","βλήθητι","βάλλω"
"41","11","23","P","","εἰς","εἰς","εἰς","εἰς"
"41","11","23","RA","ASF","τὴν","τὴν","τήν","ὁ"
"41","11","23","N","ASF","θάλασσαν,","θάλασσαν","θάλασσαν","θάλασσα"
"41","11","23","C","","καὶ","καὶ","καί","καί"
"41","11","23","D","","μὴ","μὴ","μή","μή"
"41","11","23","V","3APS-S","διακριθῇ","διακριθῇ","διακριθῇ","διακρίνω"
"41","11","23","P","","ἐν","ἐν","ἐν","ἐν"
"41","11","23","RA","DSF","τῇ","τῇ","τῇ","ὁ"
"41","11","23","N","DSF","καρδίᾳ","καρδίᾳ","καρδίᾳ","καρδία"
"41","11","23","RP","GSM","αὐτοῦ","αὐτοῦ","αὐτοῦ","αὐτός"
"41","11","23","C","","ἀλλὰ","ἀλλὰ","ἀλλά","ἀλλά"
"41","11","23","V","3PAS-S","⸀πιστεύῃ","πιστεύῃ","πιστεύῃ","πιστεύω"
"41","11","23","C","","ὅτι","ὅτι","ὅτι","ὅτι"
"41","11","23","RR","ASN","⸂ὃ","ὃ","ὅ","ὅς"
"41","11","23","V","3PAI-S","λαλεῖ","λαλεῖ","λαλεῖ","λαλέω"
"41","11","23","V","3PMI-S","γίνεται,","γίνεται","γίνεται","γίνομαι"
"41","11","23","V","3FMI-S","ἔσται","ἔσται","ἔσται","εἰμί"
"41","11","23","RP","DSM","αὐτῷ⸃.","αὐτῷ","αὐτῷ","αὐτός"
"41","11","24","P","","διὰ","διὰ","διά","διά"
"41","11","24","RD","ASN","τοῦτο","τοῦτο","τοῦτο","οὗτος"
"41","11","24","V","1PAI-S","λέγω","λέγω","λέγω","λέγω"
"41","11","24","RP","DP","ὑμῖν,","ὑμῖν","ὑμῖν","σύ"
"41","11","24","A","APN","πάντα","πάντα","πάντα","πᾶς"
"41","11","24","RR","APN","ὅσα","ὅσα","ὅσα","ὅσος"
"41","11","24","V","2PMI-P","⸂προσεύχεσθε","προσεύχεσθε","προσεύχεσθε","προσεύχομαι"
"41","11","24","C","","καὶ","καὶ","καί","καί"
"41","11","24","V","2PMI-P","αἰτεῖσθε⸃,","αἰτεῖσθε","αἰτεῖσθε","αἰτέω"
"41","11","24","V","2PAD-P","πιστεύετε","πιστεύετε","πιστεύετε","πιστεύω"
"41","11","24","C","","ὅτι","ὅτι","ὅτι","ὅτι"
"41","11","24","V","2AAI-P","⸀ἐλάβετε,","ἐλάβετε","ἐλάβετε","λαμβάνω"
"41","11","24","C","","καὶ","καὶ","καί","καί"
"41","11","24","V","3FMI-S","ἔσται","ἔσται","ἔσται","εἰμί"
"41","11","24","RP","DP","ὑμῖν.","ὑμῖν","ὑμῖν","σύ"
"41","11","25","C","","καὶ","καὶ","καί","καί"
"41","11","25","C","","ὅταν","ὅταν","ὅταν","ὅταν"
"41","11","25","V","2PAI-P","⸀στήκετε","στήκετε","στήκετε","στήκω"
"41","11","25","V","PMPNPM","προσευχόμενοι,","προσευχόμενοι","προσευχόμενοι","προσεύχομαι"
"41","11","25","V","2PAD-P","ἀφίετε","ἀφίετε","ἀφίετε","ἀφίημι"
"41","11","25","C","","εἴ","εἴ","εἰ","εἰ"
"41","11","25","RI","ASN","τι","τι","τὶ","τις"
"41","11","25","V","2PAI-P","ἔχετε","ἔχετε","ἔχετε","ἔχω"
"41","11","25","P","","κατά","κατά","κατά","κατά"
"41","11","25","RI","GSM","τινος,","τινος","τινός","τις"
"41","11","25","C","","ἵνα","ἵνα","ἵνα","ἵνα"
"41","11","25","D","","καὶ","καὶ","καί","καί"
"41","11","25","RA","NSM","ὁ","ὁ","ὁ","ὁ"
"41","11","25","N","NSM","πατὴρ","πατὴρ","πατήρ","πατήρ"
"41","11","25","RP","GP","ὑμῶν","ὑμῶν","ὑμῶν","σύ"
"41","11","25","RA","NSM","ὁ","ὁ","ὁ","ὁ"
"41","11","25","P","","ἐν","ἐν","ἐν","ἐν"
"41","11","25","RA","DPM","τοῖς","τοῖς","τοῖς","ὁ"
"41","11","25","N","DPM","οὐρανοῖς","οὐρανοῖς","οὐρανοῖς","οὐρανός"
"41","11","25","V","3AAS-S","ἀφῇ","ἀφῇ","ἀφῇ","ἀφίημι"
"41","11","25","RP","DP","ὑμῖν","ὑμῖν","ὑμῖν","σύ"
"41","11","25","RA","APN","τὰ","τὰ","τά","ὁ"
"41","11","25","N","APN","παραπτώματα","παραπτώματα","παραπτώματα","παράπτωμα"
"41","11","25","RP","GP","⸀ὑμῶν.","ὑμῶν","ὑμῶν","σύ"
"41","11","27","C","","Καὶ","Καὶ","καί","καί"
"41","11","27","V","3PMI-P","ἔρχονται","ἔρχονται","ἔρχονται","ἔρχομαι"
"41","11","27","D","","πάλιν","πάλιν","πάλιν","πάλιν"
"41","11","27","P","","εἰς","εἰς","εἰς","εἰς"
"41","11","27","N","APN","Ἱεροσόλυμα.","Ἱεροσόλυμα","Ἱεροσόλυμα","Ἱεροσόλυμα"
"41","11","27","C","","καὶ","καὶ","καί","καί"
"41","11","27","P","","ἐν","ἐν","ἐν","ἐν"
"41","11","27","RA","DSN","τῷ","τῷ","τῷ","ὁ"
"41","11","27","A","DSN","ἱερῷ","ἱερῷ","ἱερῷ","ἱερός"
"41","11","27","V","PAPGSM","περιπατοῦντος","περιπατοῦντος","περιπατοῦντος","περιπατέω"
"41","11","27","RP","GSM","αὐτοῦ","αὐτοῦ","αὐτοῦ","αὐτός"
"41","11","27","V","3PMI-P","ἔρχονται","ἔρχονται","ἔρχονται","ἔρχομαι"
"41","11","27","P","","πρὸς","πρὸς","πρός","πρός"
"41","11","27","RP","ASM","αὐτὸν","αὐτὸν","αὐτόν","αὐτός"
"41","11","27","RA","NPM","οἱ","οἱ","οἱ","ὁ"
"41","11","27","N","NPM","ἀρχιερεῖς","ἀρχιερεῖς","ἀρχιερεῖς","ἀρχιερεύς"
"41","11","27","C","","καὶ","καὶ","καί","καί"
"41","11","27","RA","NPM","οἱ","οἱ","οἱ","ὁ"
"41","11","27","N","NPM","γραμματεῖς","γραμματεῖς","γραμματεῖς","γραμματεύς"
"41","11","27","C","","καὶ","καὶ","καί","καί"
"41","11","27","RA","NPM","οἱ","οἱ","οἱ","ὁ"
"41","11","27","A","NPM","πρεσβύτεροι","πρεσβύτεροι","πρεσβύτεροι","πρεσβύτερος"
"41","11","28","C","","καὶ","καὶ","καί","καί"
"41","11","28","V","3IAI-P","⸀ἔλεγον","ἔλεγον","ἔλεγον","λέγω"
"41","11","28","RP","DSM","αὐτῷ·","αὐτῷ","αὐτῷ","αὐτός"
"41","11","28","P","","Ἐν","Ἐν","ἐν","ἐν"
"41","11","28","RI","DSF","ποίᾳ","ποίᾳ","ποίᾳ","ποῖος"
"41","11","28","N","DSF","ἐξουσίᾳ","ἐξουσίᾳ","ἐξουσίᾳ","ἐξουσία"
"41","11","28","RD","APN","ταῦτα","ταῦτα","ταῦτα","οὗτος"
"41","11","28","V","2PAI-S","ποιεῖς;","ποιεῖς","ποιεῖς","ποιέω"
"41","11","28","C","","⸀ἢ","ἢ","ἤ","ἤ"
"41","11","28","RI","NSM","τίς","τίς","τίς","τίς"
"41","11","28","RP","DS","σοι","σοι","σοι","σύ"
"41","11","28","V","3AAI-S","⸂ἔδωκεν","ἔδωκεν","ἔδωκε(ν)","δίδωμι"
"41","11","28","RA","ASF","τὴν","τὴν","τήν","ὁ"
"41","11","28","N","ASF","ἐξουσίαν","ἐξουσίαν","ἐξουσίαν","ἐξουσία"
"41","11","28","RD","ASF","ταύτην⸃","ταύτην","ταύτην","οὗτος"
"41","11","28","C","","ἵνα","ἵνα","ἵνα","ἵνα"
"41","11","28","RD","APN","ταῦτα","ταῦτα","ταῦτα","οὗτος"
"41","11","28","V","2PAS-S","ποιῇς;","ποιῇς","ποιῇς","ποιέω"
"41","11","29","RA","NSM","ὁ","ὁ","ὁ","ὁ"
"41","11","29","C","","δὲ","δὲ","δέ","δέ"
"41","11","29","N","NSM","⸀Ἰησοῦς","Ἰησοῦς","Ἰησοῦς","Ἰησοῦς"
"41","11","29","V","3AAI-S","εἶπεν","εἶπεν","εἶπε(ν)","λέγω"
"41","11","29","RP","DPM","αὐτοῖς·","αὐτοῖς","αὐτοῖς","αὐτός"
"41","11","29","V","1FAI-S","Ἐπερωτήσω","Ἐπερωτήσω","ἐπερωτήσω","ἐπερωτάω"
"41","11","29","RP","AP","⸀ὑμᾶς","ὑμᾶς","ὑμᾶς","σύ"
"41","11","29","A","ASM","ἕνα","ἕνα","ἕνα","εἷς"
"41","11","29","N","ASM","λόγον,","λόγον","λόγον","λόγος"
"41","11","29","C","","καὶ","καὶ","καί","καί"
"41","11","29","V","2APD-P","ἀποκρίθητέ","ἀποκρίθητέ","ἀποκρίθητε","ἀποκρίνομαι"
"41","11","29","RP","DS","μοι,","μοι","μοι","ἐγώ"
"41","11","29","C","","καὶ","καὶ","καί","καί"
"41","11","29","V","1FAI-S","ἐρῶ","ἐρῶ","ἐρῶ","λέγω"
"41","11","29","RP","DP","ὑμῖν","ὑμῖν","ὑμῖν","σύ"
"41","11","29","P","","ἐν","ἐν","ἐν","ἐν"
"41","11","29","RI","DSF","ποίᾳ","ποίᾳ","ποίᾳ","ποῖος"
"41","11","29","N","DSF","ἐξουσίᾳ","ἐξουσίᾳ","ἐξουσίᾳ","ἐξουσία"
"41","11","29","RD","APN","ταῦτα","ταῦτα","ταῦτα","οὗτος"
"41","11","29","V","1PAI-S","ποιῶ·","ποιῶ","ποιῶ","ποιέω"
"41","11","30","RA","NSN","τὸ","τὸ","τό","ὁ"
"41","11","30","N","NSN","βάπτισμα","βάπτισμα","βάπτισμα","βάπτισμα"
"41","11","30","RA","NSN","⸀τὸ","τὸ","τό","ὁ"
"41","11","30","N","GSM","Ἰωάννου","Ἰωάννου","Ἰωάννου","Ἰωάννης"
"41","11","30","P","","ἐξ","ἐξ","ἐκ","ἐκ"
"41","11","30","N","GSM","οὐρανοῦ","οὐρανοῦ","οὐρανοῦ","οὐρανός"
"41","11","30","V","3IAI-S","ἦν","ἦν","ἦν","εἰμί"
"41","11","30","C","","ἢ","ἢ","ἤ","ἤ"
"41","11","30","P","","ἐξ","ἐξ","ἐκ","ἐκ"
"41","11","30","N","GPM","ἀνθρώπων;","ἀνθρώπων","ἀνθρώπων","ἄνθρωπος"
"41","11","30","V","2APD-P","ἀποκρίθητέ","ἀποκρίθητέ","ἀποκρίθητε","ἀποκρίνομαι"
"41","11","30","RP","DS","μοι.","μοι","μοι","ἐγώ"
"41","11","31","C","","καὶ","καὶ","καί","καί"
"41","11","31","V","3IMI-P","⸀διελογίζοντο","διελογίζοντο","διελογίζοντο","διαλογίζομαι"
"41","11","31","P","","πρὸς","πρὸς","πρός","πρός"
"41","11","31","RP","APM","ἑαυτοὺς","ἑαυτοὺς","ἑαυτούς","ἑαυτοῦ"
"41","11","31","V","PAPNPM","λέγοντες·","λέγοντες","λέγοντες","λέγω"
"41","11","31","RI","ASN","⸂Τί","Τί","τί","τίς"
"41","11","31","V","1AAS-P","εἴπωμεν;⸃","εἴπωμεν","εἴπωμεν","λέγω"
"41","11","31","C","","ἐὰν","ἐὰν","ἐάν","ἐάν"
"41","11","31","V","1AAS-P","εἴπωμεν·","εἴπωμεν","εἴπωμεν","λέγω"
"41","11","31","P","","Ἐξ","Ἐξ","ἐκ","ἐκ"
"41","11","31","N","GSM","οὐρανοῦ,","οὐρανοῦ","οὐρανοῦ","οὐρανός"
"41","11","31","V","3FAI-S","ἐρεῖ·","ἐρεῖ","ἐρεῖ","λέγω"
"41","11","31","P","","Διὰ","Διὰ","διά","διά"
"41","11","31","RI","ASN","τί","τί","τί","τίς"
"41","11","31","C","","⸀οὖν","οὖν","οὖν","οὖν"
"41","11","31","D","","οὐκ","οὐκ","οὐ","οὐ"
"41","11","31","V","2AAI-P","ἐπιστεύσατε","ἐπιστεύσατε","ἐπιστεύσατε","πιστεύω"
"41","11","31","RP","DSM","αὐτῷ;","αὐτῷ","αὐτῷ","αὐτός"
"41","11","32","C","","ἀλλὰ","ἀλλὰ","ἀλλά","ἀλλά"
"41","11","32","V","1AAS-P","εἴπωμεν·","εἴπωμεν","εἴπωμεν","λέγω"
"41","11","32","P","","Ἐξ","Ἐξ","ἐκ","ἐκ"
"41","11","32","N","GPM","ἀνθρώπων;—","ἀνθρώπων","ἀνθρώπων","ἄνθρωπος"
"41","11","32","V","3IMI-P","ἐφοβοῦντο","ἐφοβοῦντο","ἐφοβοῦντο","φοβέομαι"
"41","11","32","RA","ASM","τὸν","τὸν","τόν","ὁ"
"41","11","32","N","ASM","⸀ὄχλον,","ὄχλον","ὄχλον","ὄχλος"
"41","11","32","A","NPM","ἅπαντες","ἅπαντες","ἅπαντες","ἅπας"
"41","11","32","C","","γὰρ","γὰρ","γάρ","γάρ"
"41","11","32","V","3IAI-P","εἶχον","εἶχον","εἶχον","ἔχω"
"41","11","32","RA","ASM","τὸν","τὸν","τόν","ὁ"
"41","11","32","N","ASM","Ἰωάννην","Ἰωάννην","Ἰωάννην","Ἰωάννης"
"41","11","32","D","","⸂ὄντως","ὄντως","ὄντως","ὄντως"
"41","11","32","C","","ὅτι⸃","ὅτι","ὅτι","ὅτι"
"41","11","32","N","NSM","προφήτης","προφήτης","προφήτης","προφήτης"
"41","11","32","V","3IAI-S","ἦν.","ἦν","ἦν","εἰμί"
"41","11","33","C","","καὶ","καὶ","καί","καί"
"41","11","33","V","APPNPM","ἀποκριθέντες","ἀποκριθέντες","ἀποκριθέντες","ἀποκρίνομαι"
"41","11","33","RA","DSM","⸂τῷ","τῷ","τῷ","ὁ"
"41","11","33","N","DSM","Ἰησοῦ","Ἰησοῦ","Ἰησοῦ","Ἰησοῦς"
"41","11","33","V","3PAI-P","λέγουσιν⸃·","λέγουσιν","λέγουσι(ν)","λέγω"
"41","11","33","D","","Οὐκ","Οὐκ","οὐ","οὐ"
"41","11","33","V","1XAI-P","οἴδαμεν.","οἴδαμεν","οἴδαμεν","οἶδα"
"41","11","33","C","","καὶ","καὶ","καί","καί"
"41","11","33","RA","NSM","ὁ","ὁ","ὁ","ὁ"
"41","11","33","N","NSM","⸀Ἰησοῦς","Ἰησοῦς","Ἰησοῦς","Ἰησοῦς"
"41","11","33","V","3PAI-S","λέγει","λέγει","λέγει","λέγω"
"41","11","33","RP","DPM","αὐτοῖς·","αὐτοῖς","αὐτοῖς","αὐτός"
"41","11","33","D","","Οὐδὲ","Οὐδὲ","οὐδέ","οὐδέ"
"41","11","33","RP","NS","ἐγὼ","ἐγὼ","ἐγώ","ἐγώ"
"41","11","33","V","1PAI-S","λέγω","λέγω","λέγω","λέγω"
"41","11","33","RP","DP","ὑμῖν","ὑμῖν","ὑμῖν","σύ"
"41","11","33","P","","ἐν","ἐν","ἐν","ἐν"
"41","11","33","RI","DSF","ποίᾳ","ποίᾳ","ποίᾳ","ποῖος"
"41","11","33","N","DSF","ἐξουσίᾳ","ἐξουσίᾳ","ἐξουσίᾳ","ἐξουσία"
"41","11","33","RD","APN","ταῦτα","ταῦτα","ταῦτα","οὗτος"
"41","11","33","V","1PAI-S","ποιῶ.","ποιῶ","ποιῶ","ποιέω"
"41","12","01","C","","Καὶ","Καὶ","καί","καί"
"41","12","01","V","3AMI-S","ἤρξατο","ἤρξατο","ἤρξατο","ἄρχω"
"41","12","01","RP","DPM","αὐτοῖς","αὐτοῖς","αὐτοῖς","αὐτός"
"41","12","01","P","","ἐν","ἐν","ἐν","ἐν"
"41","12","01","N","DPF","παραβολαῖς","παραβολαῖς","παραβολαῖς","παραβολή"
"41","12","01","V","PAN","⸀λαλεῖν·","λαλεῖν","λαλεῖν","λαλέω"
"41","12","01","N","ASM","Ἀμπελῶνα","Ἀμπελῶνα","ἀμπελῶνα","ἀμπελών"
"41","12","01","N","NSM","⸂ἄνθρωπος","ἄνθρωπος","ἄνθρωπος","ἄνθρωπος"
"41","12","01","V","3AAI-S","ἐφύτευσεν⸃,","ἐφύτευσεν","ἐφύτευσε(ν)","φυτεύω"
"41","12","01","C","","καὶ","καὶ","καί","καί"
"41","12","01","V","3AAI-S","περιέθηκεν","περιέθηκεν","περιέθηκε(ν)","περιτίθημι"
"41","12","01","N","ASM","φραγμὸν","φραγμὸν","φραγμόν","φραγμός"
"41","12","01","C","","καὶ","καὶ","καί","καί"
"41","12","01","V","3AAI-S","ὤρυξεν","ὤρυξεν","ὤρυξε(ν)","ὀρύσσω"
"41","12","01","N","ASN","ὑπολήνιον","ὑπολήνιον","ὑπολήνιον","ὑπολήνιον"
"41","12","01","C","","καὶ","καὶ","καί","καί"
"41","12","01","V","3AAI-S","ᾠκοδόμησεν","ᾠκοδόμησεν","ᾠκοδόμησε(ν)","οἰκοδομέω"
"41","12","01","N","ASM","πύργον,","πύργον","πύργον","πύργος"
"41","12","01","C","","καὶ","καὶ","καί","καί"
"41","12","01","V","3AMI-S","ἐξέδετο","ἐξέδετο","ἐξέδετο","ἐκδίδωμι"
"41","12","01","RP","ASM","αὐτὸν","αὐτὸν","αὐτόν","αὐτός"
"41","12","01","N","DPM","γεωργοῖς,","γεωργοῖς","γεωργοῖς","γεωργός"
"41","12","01","C","","καὶ","καὶ","καί","καί"
"41","12","01","V","3AAI-S","ἀπεδήμησεν.","ἀπεδήμησεν","ἀπεδήμησε(ν)","ἀποδημέω"
"41","12","02","C","","καὶ","καὶ","καί","καί"
"41","12","02","V","3AAI-S","ἀπέστειλεν","ἀπέστειλεν","ἀπέστειλε(ν)","ἀποστέλλω"
"41","12","02","P","","πρὸς","πρὸς","πρός","πρός"
"41","12","02","RA","APM","τοὺς","τοὺς","τούς","ὁ"
"41","12","02","N","APM","γεωργοὺς","γεωργοὺς","γεωργούς","γεωργός"
"41","12","02","RA","DSM","τῷ","τῷ","τῷ","ὁ"
"41","12","02","N","DSM","καιρῷ","καιρῷ","καιρῷ","καιρός"
"41","12","02","N","ASM","δοῦλον,","δοῦλον","δοῦλον","δοῦλος"
"41","12","02","C","","ἵνα","ἵνα","ἵνα","ἵνα"
"41","12","02","P","","παρὰ","παρὰ","παρά","παρά"
"41","12","02","RA","GPM","τῶν","τῶν","τῶν","ὁ"
"41","12","02","N","GPM","γεωργῶν","γεωργῶν","γεωργῶν","γεωργός"
"41","12","02","V","3AAS-S","λάβῃ","λάβῃ","λάβῃ","λαμβάνω"
"41","12","02","P","","ἀπὸ","ἀπὸ","ἀπό","ἀπό"
"41","12","02","RA","GPM","⸂τῶν","τῶν","τῶν","ὁ"
"41","12","02","N","GPM","καρπῶν⸃","καρπῶν","καρπῶν","καρπός"
"41","12","02","RA","GSM","τοῦ","τοῦ","τοῦ","ὁ"
"41","12","02","N","GSM","ἀμπελῶνος·","ἀμπελῶνος","ἀμπελῶνος","ἀμπελών"
"41","12","03","C","","⸀καὶ","καὶ","καί","καί"
"41","12","03","V","AAPNPM","λαβόντες","λαβόντες","λαβόντες","λαμβάνω"
"41","12","03","RP","ASM","αὐτὸν","αὐτὸν","αὐτόν","αὐτός"
"41","12","03","V","3AAI-P","ἔδειραν","ἔδειραν","ἔδειραν","δέρω"
"41","12","03","C","","καὶ","καὶ","καί","καί"
"41","12","03","V","3AAI-P","ἀπέστειλαν","ἀπέστειλαν","ἀπέστειλαν","ἀποστέλλω"
"41","12","03","A","ASM","κενόν.","κενόν","κενόν","κενός"
"41","12","04","C","","καὶ","καὶ","καί","καί"
"41","12","04","D","","πάλιν","πάλιν","πάλιν","πάλιν"
"41","12","04","V","3AAI-S","ἀπέστειλεν","ἀπέστειλεν","ἀπέστειλε(ν)","ἀποστέλλω"
"41","12","04","P","","πρὸς","πρὸς","πρός","πρός"
"41","12","04","RP","APM","αὐτοὺς","αὐτοὺς","αὐτούς","αὐτός"
"41","12","04","A","ASM","ἄλλον","ἄλλον","ἄλλον","ἄλλος"
"41","12","04","N","ASM","δοῦλον·","δοῦλον","δοῦλον","δοῦλος"
"41","12","04","RD","ASM","⸀κἀκεῖνον","κἀκεῖνον","κἀκεῖνον","κἀκεῖνος"
"41","12","04","V","3AAI-P","⸀ἐκεφαλίωσαν","ἐκεφαλίωσαν","ἐκεφαλίωσαν","κεφαλιόω"
"41","12","04","C","","καὶ","καὶ","καί","καί"
"41","12","04","V","3AAI-P","⸀ἠτίμασαν.","ἠτίμασαν","ἠτίμασαν","ἀτιμάζω"
"41","12","05","C","","⸀καὶ","καὶ","καί","καί"
"41","12","05","A","ASM","ἄλλον","ἄλλον","ἄλλον","ἄλλος"
"41","12","05","V","3AAI-S","ἀπέστειλεν·","ἀπέστειλεν","ἀπέστειλε(ν)","ἀποστέλλω"
"41","12","05","RD","ASM","κἀκεῖνον","κἀκεῖνον","κἀκεῖνον","κἀκεῖνος"
"41","12","05","V","3AAI-P","ἀπέκτειναν,","ἀπέκτειναν","ἀπέκτειναν","ἀποκτείνω"
"41","12","05","C","","καὶ","καὶ","καί","καί"
"41","12","05","A","APM","πολλοὺς","πολλοὺς","πολλούς","πολύς"
"41","12","05","A","APM","ἄλλους,","ἄλλους","ἄλλους","ἄλλος"
"41","12","05","RR","APM","⸂οὓς","οὓς","οὕς","ὅς"
"41","12","05","C","","μὲν","μὲν","μέν","μέν"
"41","12","05","V","PAPNPM","δέροντες","δέροντες","δέροντες","δέρω"
"41","12","05","RR","APM","οὓς","οὓς","οὕς","ὅς"
"41","12","05","C","","δὲ","δὲ","δέ","δέ"
"41","12","05","V","PAPNPM","ἀποκτέννοντες⸃.","ἀποκτέννοντες","ἀποκτέννοντες","ἀποκτείνω"
"41","12","06","D","","ἔτι","ἔτι","ἔτι","ἔτι"
"41","12","06","A","ASM","⸂ἕνα","ἕνα","ἕνα","εἷς"
"41","12","06","V","3IAI-S","εἶχεν,","εἶχεν","εἶχε(ν)","ἔχω"
"41","12","06","N","ASM","υἱὸν","υἱὸν","υἱόν","υἱός"
"41","12","06","A","ASM","ἀγαπητόν·","ἀγαπητόν","ἀγαπητόν","ἀγαπητός"
"41","12","06","V","3AAI-S","ἀπέστειλεν⸃","ἀπέστειλεν","ἀπέστειλε(ν)","ἀποστέλλω"
"41","12","06","RP","ASM","αὐτὸν","αὐτὸν","αὐτόν","αὐτός"
"41","12","06","A","ASM","⸂ἔσχατον","ἔσχατον","ἔσχατον","ἔσχατος"
"41","12","06","P","","πρὸς","πρὸς","πρός","πρός"
"41","12","06","RP","APM","αὐτοὺς⸃","αὐτοὺς","αὐτούς","αὐτός"
"41","12","06","V","PAPNSM","λέγων","λέγων","λέγων","λέγω"
"41","12","06","C","","ὅτι","ὅτι","ὅτι","ὅτι"
"41","12","06","V","3FPI-P","Ἐντραπήσονται","Ἐντραπήσονται","ἐντραπήσονται","ἐντρέπω"
"41","12","06","RA","ASM","τὸν","τὸν","τόν","ὁ"
"41","12","06","N","ASM","υἱόν","υἱόν","υἱόν","υἱός"
"41","12","06","RP","GS","μου.","μου","μου","ἐγώ"
"41","12","07","RD","NPM","ἐκεῖνοι","ἐκεῖνοι","ἐκεῖνοι","ἐκεῖνος"
"41","12","07","C","","δὲ","δὲ","δέ","δέ"
"41","12","07","RA","NPM","οἱ","οἱ","οἱ","ὁ"
"41","12","07","N","NPM","γεωργοὶ","γεωργοὶ","γεωργοί","γεωργός"
"41","12","07","P","","⸂πρὸς","πρὸς","πρός","πρός"
"41","12","07","RP","APM","ἑαυτοὺς","ἑαυτοὺς","ἑαυτούς","ἑαυτοῦ"
"41","12","07","V","3AAI-P","εἶπαν⸃","εἶπαν","εἶπαν","λέγω"
"41","12","07","C","","ὅτι","ὅτι","ὅτι","ὅτι"
"41","12","07","RD","NSM","Οὗτός","Οὗτός","οὗτος","οὗτος"
"41","12","07","V","3PAI-S","ἐστιν","ἐστιν","ἐστί(ν)","εἰμί"
"41","12","07","RA","NSM","ὁ","ὁ","ὁ","ὁ"
"41","12","07","N","NSM","κληρονόμος·","κληρονόμος","κληρονόμος","κληρονόμος"
"41","12","07","D","","δεῦτε","δεῦτε","δεῦτε","δεῦτε"
"41","12","07","V","1AAS-P","ἀποκτείνωμεν","ἀποκτείνωμεν","ἀποκτείνωμεν","ἀποκτείνω"
"41","12","07","RP","ASM","αὐτόν,","αὐτόν","αὐτόν","αὐτός"
"41","12","07","C","","καὶ","καὶ","καί","καί"
"41","12","07","RP","GP","ἡμῶν","ἡμῶν","ἡμῶν","ἐγώ"
"41","12","07","V","3FMI-S","ἔσται","ἔσται","ἔσται","εἰμί"
"41","12","07","RA","NSF","ἡ","ἡ","ἡ","ὁ"
"41","12","07","N","NSF","κληρονομία.","κληρονομία","κληρονομία","κληρονομία"
"41","12","08","C","","καὶ","καὶ","καί","καί"
"41","12","08","V","AAPNPM","λαβόντες","λαβόντες","λαβόντες","λαμβάνω"
"41","12","08","V","3AAI-P","⸂ἀπέκτειναν","ἀπέκτειναν","ἀπέκτειναν","ἀποκτείνω"
"41","12","08","RP","ASM","αὐτόν,","αὐτόν","αὐτόν","αὐτός"
"41","12","08","C","","καὶ","καὶ","καί","καί"
"41","12","08","V","3AAI-P","ἐξέβαλον","ἐξέβαλον","ἐξέβαλον","ἐκβάλλω"
"41","12","08","RP","ASM","αὐτὸν⸃","αὐτὸν","αὐτόν","αὐτός"
"41","12","08","P","","ἔξω","ἔξω","ἔξω","ἔξω"
"41","12","08","RA","GSM","τοῦ","τοῦ","τοῦ","ὁ"
"41","12","08","N","GSM","ἀμπελῶνος.","ἀμπελῶνος","ἀμπελῶνος","ἀμπελών"
"41","12","09","RI","ASN","⸀τί","τί","τί","τίς"
"41","12","09","V","3FAI-S","ποιήσει","ποιήσει","ποιήσει","ποιέω"
"41","12","09","RA","NSM","ὁ","ὁ","ὁ","ὁ"
"41","12","09","N","NSM","κύριος","κύριος","κύριος","κύριος"
"41","12","09","RA","GSM","τοῦ","τοῦ","τοῦ","ὁ"
"41","12","09","N","GSM","ἀμπελῶνος;","ἀμπελῶνος","ἀμπελῶνος","ἀμπελών"
"41","12","09","V","3FMI-S","ἐλεύσεται","ἐλεύσεται","ἐλεύσεται","ἔρχομαι"
"41","12","09","C","","καὶ","καὶ","καί","καί"
"41","12","09","V","3FAI-S","ἀπολέσει","ἀπολέσει","ἀπολέσει","ἀπόλλυμι"
"41","12","09","RA","APM","τοὺς","τοὺς","τούς","ὁ"
"41","12","09","N","APM","γεωργούς,","γεωργούς","γεωργούς","γεωργός"
"41","12","09","C","","καὶ","καὶ","καί","καί"
"41","12","09","V","3FAI-S","δώσει","δώσει","δώσει","δίδωμι"
"41","12","09","RA","ASM","τὸν","τὸν","τόν","ὁ"
"41","12","09","N","ASM","ἀμπελῶνα","ἀμπελῶνα","ἀμπελῶνα","ἀμπελών"
"41","12","09","A","DPM","ἄλλοις.","ἄλλοις","ἄλλοις","ἄλλος"
"41","12","10","D","","οὐδὲ","οὐδὲ","οὐδέ","οὐδέ"
"41","12","10","RA","ASF","τὴν","τὴν","τήν","ὁ"
"41","12","10","N","ASF","γραφὴν","γραφὴν","γραφήν","γραφή"
"41","12","10","RD","ASF","ταύτην","ταύτην","ταύτην","οὗτος"
"41","12","10","V","2AAI-P","ἀνέγνωτε·","ἀνέγνωτε","ἀνέγνωτε","ἀναγινώσκω"
"41","12","10","N","ASM","Λίθον","Λίθον","λίθον","λίθος"
"41","12","10","RR","ASM","ὃν","ὃν","ὅν","ὅς"
"41","12","10","V","3AAI-P","ἀπεδοκίμασαν","ἀπεδοκίμασαν","ἀπεδοκίμασαν","ἀποδοκιμάζω"
"41","12","10","RA","NPM","οἱ","οἱ","οἱ","ὁ"
"41","12","10","V","PAPNPM","οἰκοδομοῦντες,","οἰκοδομοῦντες","οἰκοδομοῦντες","οἰκοδομέω"
"41","12","10","RD","NSM","οὗτος","οὗτος","οὗτος","οὗτος"
"41","12","10","V","3API-S","ἐγενήθη","ἐγενήθη","ἐγενήθη","γίνομαι"
"41","12","10","P","","εἰς","εἰς","εἰς","εἰς"
"41","12","10","N","ASF","κεφαλὴν","κεφαλὴν","κεφαλήν","κεφαλή"
"41","12","10","N","GSF","γωνίας·","γωνίας","γωνίας","γωνία"
"41","12","11","P","","παρὰ","παρὰ","παρά","παρά"
"41","12","11","N","GSM","κυρίου","κυρίου","κυρίου","κύριος"
"41","12","11","V","3AMI-S","ἐγένετο","ἐγένετο","ἐγένετο","γίνομαι"
"41","12","11","RD","NSF","αὕτη,","αὕτη","αὕτη","οὗτος"
"41","12","11","C","","καὶ","καὶ","καί","καί"
"41","12","11","V","3PAI-S","ἔστιν","ἔστιν","ἐστί(ν)","εἰμί"
"41","12","11","A","NSF","θαυμαστὴ","θαυμαστὴ","θαυμαστή","θαυμαστός"
"41","12","11","P","","ἐν","ἐν","ἐν","ἐν"
"41","12","11","N","DPM","ὀφθαλμοῖς","ὀφθαλμοῖς","ὀφθαλμοῖς","ὀφθαλμός"
"41","12","11","RP","GP","ἡμῶν;","ἡμῶν","ἡμῶν","ἐγώ"
"41","12","12","C","","Καὶ","Καὶ","καί","καί"
"41","12","12","V","3IAI-P","ἐζήτουν","ἐζήτουν","ἐζήτουν","ζητέω"
"41","12","12","RP","ASM","αὐτὸν","αὐτὸν","αὐτόν","αὐτός"
"41","12","12","V","AAN","κρατῆσαι,","κρατῆσαι","κρατῆσαι","κρατέω"
"41","12","12","C","","καὶ","καὶ","καί","καί"
"41","12","12","V","3API-P","ἐφοβήθησαν","ἐφοβήθησαν","ἐφοβήθησαν","φοβέομαι"
"41","12","12","RA","ASM","τὸν","τὸν","τόν","ὁ"
"41","12","12","N","ASM","ὄχλον,","ὄχλον","ὄχλον","ὄχλος"
"41","12","12","V","3AAI-P","ἔγνωσαν","ἔγνωσαν","ἔγνωσαν","γινώσκω"
"41","12","12","C","","γὰρ","γὰρ","γάρ","γάρ"
"41","12","12","C","","ὅτι","ὅτι","ὅτι","ὅτι"
"41","12","12","P","","πρὸς","πρὸς","πρός","πρός"
"41","12","12","RP","APM","αὐτοὺς","αὐτοὺς","αὐτούς","αὐτός"
"41","12","12","RA","ASF","τὴν","τὴν","τήν","ὁ"
"41","12","12","N","ASF","παραβολὴν","παραβολὴν","παραβολήν","παραβολή"
"41","12","12","V","3AAI-S","εἶπεν.","εἶπεν","εἶπε(ν)","λέγω"
"41","12","12","C","","καὶ","καὶ","καί","καί"
"41","12","12","V","AAPNPM","ἀφέντες","ἀφέντες","ἀφέντες","ἀφίημι"
"41","12","12","RP","ASM","αὐτὸν","αὐτὸν","αὐτόν","αὐτός"
"41","12","12","V","3AAI-P","ἀπῆλθον.","ἀπῆλθον","ἀπῆλθον","ἀπέρχομαι"
"41","12","13","C","","Καὶ","Καὶ","καί","καί"
"41","12","13","V","3PAI-P","ἀποστέλλουσιν","ἀποστέλλουσιν","ἀποστέλλουσι(ν)","ἀποστέλλω"
"41","12","13","P","","πρὸς","πρὸς","πρός","πρός"
"41","12","13","RP","ASM","αὐτόν","αὐτόν","αὐτόν","αὐτός"
"41","12","13","RI","APM","τινας","τινας","τινάς","τις"
"41","12","13","RA","GPM","τῶν","τῶν","τῶν","ὁ"
"41","12","13","N","GPM","Φαρισαίων","Φαρισαίων","Φαρισαίων","Φαρισαῖος"
"41","12","13","C","","καὶ","καὶ","καί","καί"
"41","12","13","RA","GPM","τῶν","τῶν","τῶν","ὁ"
"41","12","13","N","GPM","Ἡρῳδιανῶν","Ἡρῳδιανῶν","Ἡρῳδιανῶν","Ἡρῳδιανοί"
"41","12","13","C","","ἵνα","ἵνα","ἵνα","ἵνα"
"41","12","13","RP","ASM","αὐτὸν","αὐτὸν","αὐτόν","αὐτός"
"41","12","13","V","3AAS-P","ἀγρεύσωσιν","ἀγρεύσωσιν","ἀγρεύσωσι(ν)","ἀγρεύω"
"41","12","13","N","DSM","λόγῳ.","λόγῳ","λόγῳ","λόγος"
"41","12","14","C","","⸀καὶ","καὶ","καί","καί"
"41","12","14","V","AAPNPM","ἐλθόντες","ἐλθόντες","ἐλθόντες","ἔρχομαι"
"41","12","14","V","3PAI-P","λέγουσιν","λέγουσιν","λέγουσι(ν)","λέγω"
"41","12","14","RP","DSM","αὐτῷ·","αὐτῷ","αὐτῷ","αὐτός"
"41","12","14","N","VSM","Διδάσκαλε,","Διδάσκαλε","διδάσκαλε","διδάσκαλος"
"41","12","14","V","1XAI-P","οἴδαμεν","οἴδαμεν","οἴδαμεν","οἶδα"
"41","12","14","C","","ὅτι","ὅτι","ὅτι","ὅτι"
"41","12","14","A","NSM","ἀληθὴς","ἀληθὴς","ἀληθής","ἀληθής"
"41","12","14","V","2PAI-S","εἶ","εἶ","εἶ","εἰμί"
"41","12","14","C","","καὶ","καὶ","καί","καί"
"41","12","14","D","","οὐ","οὐ","οὐ","οὐ"
"41","12","14","V","3PAI-S","μέλει","μέλει","μέλει","μέλει"
"41","12","14","RP","DS","σοι","σοι","σοι","σύ"
"41","12","14","P","","περὶ","περὶ","περί","περί"
"41","12","14","A","GSM","οὐδενός,","οὐδενός","οὐδενός","οὐδείς"
"41","12","14","D","","οὐ","οὐ","οὐ","οὐ"
"41","12","14","C","","γὰρ","γὰρ","γάρ","γάρ"
"41","12","14","V","2PAI-S","βλέπεις","βλέπεις","βλέπεις","βλέπω"
"41","12","14","P","","εἰς","εἰς","εἰς","εἰς"
"41","12","14","N","ASN","πρόσωπον","πρόσωπον","πρόσωπον","πρόσωπον"
"41","12","14","N","GPM","ἀνθρώπων,","ἀνθρώπων","ἀνθρώπων","ἄνθρωπος"
"41","12","14","C","","ἀλλ’","ἀλλ’","ἀλλά","ἀλλά"
"41","12","14","P","","ἐπ’","ἐπ’","ἐπί","ἐπί"
"41","12","14","N","GSF","ἀληθείας","ἀληθείας","ἀληθείας","ἀλήθεια"
"41","12","14","RA","ASF","τὴν","τὴν","τήν","ὁ"
"41","12","14","N","ASF","ὁδὸν","ὁδὸν","ὁδόν","ὁδός"
"41","12","14","RA","GSM","τοῦ","τοῦ","τοῦ","ὁ"
"41","12","14","N","GSM","θεοῦ","θεοῦ","θεοῦ","θεός"
"41","12","14","V","2PAI-S","διδάσκεις·","διδάσκεις","διδάσκεις","διδάσκω"
"41","12","14","V","3PAI-S","ἔξεστιν","ἔξεστιν","ἔξεστι(ν)","ἔξεστι(ν)"
"41","12","14","V","AAN","⸂δοῦναι","δοῦναι","δοῦναι","δίδωμι"
"41","12","14","N","ASM","κῆνσον","κῆνσον","κῆνσον","κῆνσος"
"41","12","14","N","DSM","Καίσαρι⸃","Καίσαρι","Καίσαρι","Καῖσαρ"
"41","12","14","C","","ἢ","ἢ","ἤ","ἤ"
"41","12","14","D","","οὔ;","οὔ","οὔ","οὔ"
"41","12","14","V","1AAS-P","δῶμεν","δῶμεν","δῶμεν","δίδωμι"
"41","12","14","C","","ἢ","ἢ","ἤ","ἤ"
"41","12","14","D","","μὴ","μὴ","μή","μή"
"41","12","14","V","1AAS-P","δῶμεν;","δῶμεν","δῶμεν","δίδωμι"
"41","12","15","RA","NSM","ὁ","ὁ","ὁ","ὁ"
"41","12","15","C","","δὲ","δὲ","δέ","δέ"
"41","12","15","V","XAPNSM","εἰδὼς","εἰδὼς","εἰδώς","ὁράω"
"41","12","15","RP","GPM","αὐτῶν","αὐτῶν","αὐτῶν","αὐτός"
"41","12","15","RA","ASF","τὴν","τὴν","τήν","ὁ"
"41","12","15","N","ASF","ὑπόκρισιν","ὑπόκρισιν","ὑπόκρισιν","ὑπόκρισις"
"41","12","15","V","3AAI-S","εἶπεν","εἶπεν","εἶπε(ν)","λέγω"
"41","12","15","RP","DPM","αὐτοῖς·","αὐτοῖς","αὐτοῖς","αὐτός"
"41","12","15","RI","ASN","Τί","Τί","τί","τίς"
"41","12","15","RP","AS","με","με","με","ἐγώ"
"41","12","15","V","2PAI-P","πειράζετε;","πειράζετε","πειράζετε","πειράζω"
"41","12","15","V","2PAD-P","φέρετέ","φέρετέ","φέρετε","φέρω"
"41","12","15","RP","DS","μοι","μοι","μοι","ἐγώ"
"41","12","15","N","ASN","δηνάριον","δηνάριον","δηνάριον","δηνάριον"
"41","12","15","C","","ἵνα","ἵνα","ἵνα","ἵνα"
"41","12","15","V","1AAS-S","ἴδω.","ἴδω","ἴδω","ὁράω"
"41","12","16","RA","NPM","οἱ","οἱ","οἱ","ὁ"
"41","12","16","C","","δὲ","δὲ","δέ","δέ"
"41","12","16","V","3AAI-P","ἤνεγκαν.","ἤνεγκαν","ἤνεγκαν","φέρω"
"41","12","16","C","","καὶ","καὶ","καί","καί"
"41","12","16","V","3PAI-S","λέγει","λέγει","λέγει","λέγω"
"41","12","16","RP","DPM","αὐτοῖς·","αὐτοῖς","αὐτοῖς","αὐτός"
"41","12","16","RI","GSM","Τίνος","Τίνος","τίνος","τίς"
"41","12","16","RA","NSF","ἡ","ἡ","ἡ","ὁ"
"41","12","16","N","NSF","εἰκὼν","εἰκὼν","εἰκών","εἰκών"
"41","12","16","RD","NSF","αὕτη","αὕτη","αὕτη","οὗτος"
"41","12","16","C","","καὶ","καὶ","καί","καί"
"41","12","16","RA","NSF","ἡ","ἡ","ἡ","ὁ"
"41","12","16","N","NSF","ἐπιγραφή;","ἐπιγραφή","ἐπιγραφή","ἐπιγραφή"
"41","12","16","RA","NPM","οἱ","οἱ","οἱ","ὁ"
"41","12","16","C","","δὲ","δὲ","δέ","δέ"
"41","12","16","V","3AAI-P","εἶπαν","εἶπαν","εἶπαν","λέγω"
"41","12","16","RP","DSM","αὐτῷ·","αὐτῷ","αὐτῷ","αὐτός"
"41","12","16","N","GSM","Καίσαρος.","Καίσαρος","Καίσαρος","Καῖσαρ"
"41","12","17","RA","NSM","⸂ὁ","ὁ","ὁ","ὁ"
"41","12","17","C","","δὲ⸃","δὲ","δέ","δέ"
"41","12","17","N","NSM","Ἰησοῦς","Ἰησοῦς","Ἰησοῦς","Ἰησοῦς"
"41","12","17","V","3AAI-S","εἶπεν","εἶπεν","εἶπε(ν)","λέγω"
"41","12","17","RP","DPM","⸀αὐτοῖς·","αὐτοῖς","αὐτοῖς","αὐτός"
"41","12","17","RA","APN","⸂Τὰ","Τὰ","τά","ὁ"
"41","12","17","N","GSM","Καίσαρος","Καίσαρος","Καίσαρος","Καῖσαρ"
"41","12","17","V","2AAD-P","ἀπόδοτε⸃","ἀπόδοτε","ἀπόδοτε","ἀποδίδωμι"
"41","12","17","N","DSM","Καίσαρι","Καίσαρι","Καίσαρι","Καῖσαρ"
"41","12","17","C","","καὶ","καὶ","καί","καί"
"41","12","17","RA","APN","τὰ","τὰ","τά","ὁ"
"41","12","17","RA","GSM","τοῦ","τοῦ","τοῦ","ὁ"
"41","12","17","N","GSM","θεοῦ","θεοῦ","θεοῦ","θεός"
"41","12","17","RA","DSM","τῷ","τῷ","τῷ","ὁ"
"41","12","17","N","DSM","θεῷ.","θεῷ","θεῷ","θεός"
"41","12","17","C","","καὶ","καὶ","καί","καί"
"41","12","17","V","3IAI-P","⸀ἐξεθαύμαζον","ἐξεθαύμαζον","ἐξεθαύμαζον","ἐκθαυμάζω"
"41","12","17","P","","ἐπ’","ἐπ’","ἐπί","ἐπί"
"41","12","17","RP","DSM","αὐτῷ.","αὐτῷ","αὐτῷ","αὐτός"
"41","12","18","C","","Καὶ","Καὶ","καί","καί"
"41","12","18","V","3PMI-P","ἔρχονται","ἔρχονται","ἔρχονται","ἔρχομαι"
"41","12","18","N","NPM","Σαδδουκαῖοι","Σαδδουκαῖοι","Σαδδουκαῖοι","Σαδδουκαῖος"
"41","12","18","P","","πρὸς","πρὸς","πρός","πρός"
"41","12","18","RP","ASM","αὐτόν,","αὐτόν","αὐτόν","αὐτός"
"41","12","18","RR","NPM","οἵτινες","οἵτινες","οἵτινες","ὅστις"
"41","12","18","V","3PAI-P","λέγουσιν","λέγουσιν","λέγουσι(ν)","λέγω"
"41","12","18","N","ASF","ἀνάστασιν","ἀνάστασιν","ἀνάστασιν","ἀνάστασις"
"41","12","18","D","","μὴ","μὴ","μή","μή"
"41","12","18","V","PAN","εἶναι,","εἶναι","εἶναι","εἰμί"
"41","12","18","C","","καὶ","καὶ","καί","καί"
"41","12","18","V","3IAI-P","⸀ἐπηρώτων","ἐπηρώτων","ἐπηρώτων","ἐπερωτάω"
"41","12","18","RP","ASM","αὐτὸν","αὐτὸν","αὐτόν","αὐτός"
"41","12","18","V","PAPNPM","λέγοντες·","λέγοντες","λέγοντες","λέγω"
"41","12","19","N","VSM","Διδάσκαλε,","Διδάσκαλε","διδάσκαλε","διδάσκαλος"
"41","12","19","N","NSM","Μωϋσῆς","Μωϋσῆς","Μωϋσῆς","Μωϋσῆς"
"41","12","19","V","3AAI-S","ἔγραψεν","ἔγραψεν","ἔγραψε(ν)","γράφω"
"41","12","19","RP","DP","ἡμῖν","ἡμῖν","ἡμῖν","ἐγώ"
"41","12","19","C","","ὅτι","ὅτι","ὅτι","ὅτι"
"41","12","19","C","","ἐάν","ἐάν","ἐάν","ἐάν"
"41","12","19","RI","GSM","τινος","τινος","τινός","τις"
"41","12","19","N","NSM","ἀδελφὸς","ἀδελφὸς","ἀδελφός","ἀδελφός"
"41","12","19","V","3AAS-S","ἀποθάνῃ","ἀποθάνῃ","ἀποθάνῃ","ἀποθνῄσκω"
"41","12","19","C","","καὶ","καὶ","καί","καί"
"41","12","19","V","3AAS-S","καταλίπῃ","καταλίπῃ","καταλίπῃ","καταλείπω"
"41","12","19","N","ASF","γυναῖκα","γυναῖκα","γυναῖκα","γυνή"
"41","12","19","C","","καὶ","καὶ","καί","καί"
"41","12","19","D","","⸂μὴ","μὴ","μή","μή"
"41","12","19","V","3AAS-S","ἀφῇ","ἀφῇ","ἀφῇ","ἀφίημι"
"41","12","19","N","ASN","τέκνον⸃,","τέκνον","τέκνον","τέκνον"
"41","12","19","C","","ἵνα","ἵνα","ἵνα","ἵνα"
"41","12","19","V","3AAS-S","λάβῃ","λάβῃ","λάβῃ","λαμβάνω"
"41","12","19","RA","NSM","ὁ","ὁ","ὁ","ὁ"
"41","12","19","N","NSM","ἀδελφὸς","ἀδελφὸς","ἀδελφός","ἀδελφός"
"41","12","19","RP","GSM","αὐτοῦ","αὐτοῦ","αὐτοῦ","αὐτός"
"41","12","19","RA","ASF","τὴν","τὴν","τήν","ὁ"
"41","12","19","N","ASF","⸀γυναῖκα","γυναῖκα","γυναῖκα","γυνή"
"41","12","19","C","","καὶ","καὶ","καί","καί"
"41","12","19","V","3AAS-S","ἐξαναστήσῃ","ἐξαναστήσῃ","ἐξαναστήσῃ","ἐξανίστημι"
"41","12","19","N","ASN","σπέρμα","σπέρμα","σπέρμα","σπέρμα"
"41","12","19","RA","DSM","τῷ","τῷ","τῷ","ὁ"
"41","12","19","N","DSM","ἀδελφῷ","ἀδελφῷ","ἀδελφῷ","ἀδελφός"
"41","12","19","RP","GSM","αὐτοῦ.","αὐτοῦ","αὐτοῦ","αὐτός"
"41","12","20","A","NPM","ἑπτὰ","ἑπτὰ","ἑπτά","ἑπτά"
"41","12","20","N","NPM","ἀδελφοὶ","ἀδελφοὶ","ἀδελφοί","ἀδελφός"
"41","12","20","V","3IAI-P","ἦσαν·","ἦσαν","ἦσαν","εἰμί"
"41","12","20","C","","καὶ","καὶ","καί","καί"
"41","12","20","RA","NSM","ὁ","ὁ","ὁ","ὁ"
"41","12","20","A","NSM","πρῶτος","πρῶτος","πρῶτος","πρῶτος"
"41","12","20","V","3AAI-S","ἔλαβεν","ἔλαβεν","ἔλαβε(ν)","λαμβάνω"
"41","12","20","N","ASF","γυναῖκα,","γυναῖκα","γυναῖκα","γυνή"
"41","12","20","C","","καὶ","καὶ","καί","καί"
"41","12","20","V","PAPNSM","ἀποθνῄσκων","ἀποθνῄσκων","ἀποθνῄσκων","ἀποθνῄσκω"
"41","12","20","D","","οὐκ","οὐκ","οὐ","οὐ"
"41","12","20","V","3AAI-S","ἀφῆκεν","ἀφῆκεν","ἀφῆκε(ν)","ἀφίημι"
"41","12","20","N","ASN","σπέρμα·","σπέρμα","σπέρμα","σπέρμα"
"41","12","21","C","","καὶ","καὶ","καί","καί"
"41","12","21","RA","NSM","ὁ","ὁ","ὁ","ὁ"
"41","12","21","A","NSM","δεύτερος","δεύτερος","δεύτερος","δεύτερος"
"41","12","21","V","3AAI-S","ἔλαβεν","ἔλαβεν","ἔλαβε(ν)","λαμβάνω"
"41","12","21","RP","ASF","αὐτήν,","αὐτήν","αὐτήν","αὐτός"
"41","12","21","C","","καὶ","καὶ","καί","καί"
"41","12","21","V","3AAI-S","ἀπέθανεν","ἀπέθανεν","ἀπέθανε(ν)","ἀποθνῄσκω"
"41","12","21","D","","⸂μὴ","μὴ","μή","μή"
"41","12","21","V","AAPNSM","καταλιπὼν⸃","καταλιπὼν","καταλιπών","καταλείπω"
"41","12","21","N","ASN","σπέρμα,","σπέρμα","σπέρμα","σπέρμα"
"41","12","21","C","","καὶ","καὶ","καί","καί"
"41","12","21","RA","NSM","ὁ","ὁ","ὁ","ὁ"
"41","12","21","A","NSM","τρίτος","τρίτος","τρίτος","τρίτος"
"41","12","21","D","","ὡσαύτως·","ὡσαύτως","ὡσαύτως","ὡσαύτως"
"41","12","22","C","","καὶ","καὶ","καί","καί"
"41","12","22","RA","NPM","⸂οἱ","οἱ","οἱ","ὁ"
"41","12","22","A","NPM","ἑπτὰ⸃","ἑπτὰ","ἑπτά","ἑπτά"
"41","12","22","D","","οὐκ","οὐκ","οὐ","οὐ"
"41","12","22","V","3AAI-P","ἀφῆκαν","ἀφῆκαν","ἀφῆκαν","ἀφίημι"
"41","12","22","N","ASN","σπέρμα·","σπέρμα","σπέρμα","σπέρμα"
"41","12","22","A","ASN","⸀ἔσχατον","ἔσχατον","ἔσχατον","ἔσχατος"
"41","12","22","A","GPN","πάντων","πάντων","πάντων","πᾶς"
"41","12","22","D","","⸂καὶ","καὶ","καί","καί"
"41","12","22","RA","NSF","ἡ","ἡ","ἡ","ὁ"
"41","12","22","N","NSF","γυνὴ","γυνὴ","γυνή","γυνή"
"41","12","22","V","3AAI-S","ἀπέθανεν⸃.","ἀπέθανεν","ἀπέθανε(ν)","ἀποθνῄσκω"
"41","12","23","P","","ἐν","ἐν","ἐν","ἐν"
"41","12","23","RA","DSF","τῇ","τῇ","τῇ","ὁ"
"41","12","23","N","DSF","ἀναστάσει","ἀναστάσει","ἀναστάσει","ἀνάστασις"
"41","12","23","D","","⸂ὅταν","ὅταν","ὅταν","ὅταν"
"41","12","23","V","3AAS-P","ἀναστῶσιν⸃","ἀναστῶσιν","ἀναστῶσι(ν)","ἀνίστημι"
"41","12","23","RI","GSM","τίνος","τίνος","τίνος","τίς"
"41","12","23","RP","GPM","αὐτῶν","αὐτῶν","αὐτῶν","αὐτός"
"41","12","23","V","3FMI-S","ἔσται","ἔσται","ἔσται","εἰμί"
"41","12","23","N","NSF","γυνή;","γυνή","γυνή","γυνή"
"41","12","23","RA","NPM","οἱ","οἱ","οἱ","ὁ"
"41","12","23","C","","γὰρ","γὰρ","γάρ","γάρ"
"41","12","23","A","NPM","ἑπτὰ","ἑπτὰ","ἑπτά","ἑπτά"
"41","12","23","V","3AAI-P","ἔσχον","ἔσχον","ἔσχον","ἔχω"
"41","12","23","RP","ASF","αὐτὴν","αὐτὴν","αὐτήν","αὐτός"
"41","12","23","N","ASF","γυναῖκα.","γυναῖκα","γυναῖκα","γυνή"
"41","12","24","V","3IAI-S","⸂ἔφη","ἔφη","ἔφη","φημί"
"41","12","24","RP","DPM","αὐτοῖς","αὐτοῖς","αὐτοῖς","αὐτός"
"41","12","24","RA","NSM","ὁ","ὁ","ὁ","ὁ"
"41","12","24","N","NSM","Ἰησοῦς⸃·","Ἰησοῦς","Ἰησοῦς","Ἰησοῦς"
"41","12","24","X","","Οὐ","Οὐ","οὐ","οὐ"
"41","12","24","P","","διὰ","διὰ","διά","διά"
"41","12","24","RD","ASN","τοῦτο","τοῦτο","τοῦτο","οὗτος"
"41","12","24","V","2PPI-P","πλανᾶσθε","πλανᾶσθε","πλανᾶσθε","πλανάω"
"41","12","24","D","","μὴ","μὴ","μή","μή"
"41","12","24","V","XAPNPM","εἰδότες","εἰδότες","εἰδότες","οἶδα"
"41","12","24","RA","APF","τὰς","τὰς","τάς","ὁ"
"41","12","24","N","APF","γραφὰς","γραφὰς","γραφάς","γραφή"
"41","12","24","C","","μηδὲ","μηδὲ","μηδέ","μηδέ"
"41","12","24","RA","ASF","τὴν","τὴν","τήν","ὁ"
"41","12","24","N","ASF","δύναμιν","δύναμιν","δύναμιν","δύναμις"
"41","12","24","RA","GSM","τοῦ","τοῦ","τοῦ","ὁ"
"41","12","24","N","GSM","θεοῦ;","θεοῦ","θεοῦ","θεός"
"41","12","25","C","","ὅταν","ὅταν","ὅταν","ὅταν"
"41","12","25","C","","γὰρ","γὰρ","γάρ","γάρ"
"41","12","25","P","","ἐκ","ἐκ","ἐκ","ἐκ"
"41","12","25","A","GPM","νεκρῶν","νεκρῶν","νεκρῶν","νεκρός"
"41","12","25","V","3AAS-P","ἀναστῶσιν,","ἀναστῶσιν","ἀναστῶσι(ν)","ἀνίστημι"
"41","12","25","C","","οὔτε","οὔτε","οὔτε","οὔτε"
"41","12","25","V","3PAI-P","γαμοῦσιν","γαμοῦσιν","γαμοῦσι(ν)","γαμέω"
"41","12","25","C","","οὔτε","οὔτε","οὔτε","οὔτε"
"41","12","25","V","3PPI-P","⸀γαμίζονται,","γαμίζονται","γαμίζονται","γαμίζω"
"41","12","25","C","","ἀλλ’","ἀλλ’","ἀλλά","ἀλλά"
"41","12","25","V","3PAI-P","εἰσὶν","εἰσὶν","εἰσί(ν)","εἰμί"
"41","12","25","C","","ὡς","ὡς","ὡς","ὡς"
"41","12","25","N","NPM","⸀ἄγγελοι","ἄγγελοι","ἄγγελοι","ἄγγελος"
"41","12","25","P","","ἐν","ἐν","ἐν","ἐν"
"41","12","25","RA","DPM","τοῖς","τοῖς","τοῖς","ὁ"
"41","12","25","N","DPM","οὐρανοῖς·","οὐρανοῖς","οὐρανοῖς","οὐρανός"
"41","12","26","P","","περὶ","περὶ","περί","περί"
"41","12","26","C","","δὲ","δὲ","δέ","δέ"
"41","12","26","RA","GPM","τῶν","τῶν","τῶν","ὁ"
"41","12","26","A","GPM","νεκρῶν","νεκρῶν","νεκρῶν","νεκρός"
"41","12","26","C","","ὅτι","ὅτι","ὅτι","ὅτι"
"41","12","26","V","3PPI-P","ἐγείρονται","ἐγείρονται","ἐγείρονται","ἐγείρω"
"41","12","26","D","","οὐκ","οὐκ","οὐ","οὐ"
"41","12","26","V","2AAI-P","ἀνέγνωτε","ἀνέγνωτε","ἀνέγνωτε","ἀναγινώσκω"
"41","12","26","P","","ἐν","ἐν","ἐν","ἐν"
"41","12","26","RA","DSF","τῇ","τῇ","τῇ","ὁ"
"41","12","26","N","DSF","βίβλῳ","βίβλῳ","βίβλῳ","βίβλος"
"41","12","26","N","GSM","Μωϋσέως","Μωϋσέως","Μωϋσέως","Μωϋσῆς"
"41","12","26","P","","ἐπὶ","ἐπὶ","ἐπί","ἐπί"
"41","12","26","RA","GSM","τοῦ","τοῦ","τοῦ","ὁ"
"41","12","26","N","GSM","βάτου","βάτου","βάτου","βάτος"
"41","12","26","C","","⸀πῶς","πῶς","πῶς","πῶς"
"41","12","26","V","3AAI-S","εἶπεν","εἶπεν","εἶπε(ν)","λέγω"
"41","12","26","RP","DSM","αὐτῷ","αὐτῷ","αὐτῷ","αὐτός"
"41","12","26","RA","NSM","ὁ","ὁ","ὁ","ὁ"
"41","12","26","N","NSM","θεὸς","θεὸς","θεός","θεός"
"41","12","26","V","PAPNSM","λέγων·","λέγων","λέγων","λέγω"
"41","12","26","RP","NS","Ἐγὼ","Ἐγὼ","ἐγώ","ἐγώ"
"41","12","26","RA","NSM","ὁ","ὁ","ὁ","ὁ"
"41","12","26","N","NSM","θεὸς","θεὸς","θεός","θεός"
"41","12","26","N","GSM","Ἀβραὰμ","Ἀβραὰμ","Ἀβραάμ","Ἀβραάμ"
"41","12","26","C","","καὶ","καὶ","καί","καί"
"41","12","26","RA","NSM","⸂ὁ","ὁ","ὁ","ὁ"
"41","12","26","N","NSM","θεὸς","θεὸς","θεός","θεός"
"41","12","26","N","GSM","Ἰσαὰκ","Ἰσαὰκ","Ἰσαάκ","Ἰσαάκ"
"41","12","26","C","","καὶ","καὶ","καί","καί"
"41","12","26","RA","NSM","ὁ⸃","ὁ","ὁ","ὁ"
"41","12","26","N","NSM","θεὸς","θεὸς","θεός","θεός"
"41","12","26","N","GSM","Ἰακώβ;","Ἰακώβ","Ἰακώβ","Ἰακώβ"
"41","12","27","D","","οὐκ","οὐκ","οὐ","οὐ"
"41","12","27","V","3PAI-S","ἔστιν","ἔστιν","ἐστί(ν)","εἰμί"
"41","12","27","N","NSM","⸀θεὸς","θεὸς","θεός","θεός"
"41","12","27","A","GPM","νεκρῶν","νεκρῶν","νεκρῶν","νεκρός"
"41","12","27","C","","⸀ἀλλὰ","ἀλλὰ","ἀλλά","ἀλλά"
"41","12","27","V","PAPGPM","ζώντων·","ζώντων","ζώντων","ζάω"
"41","12","27","A","ASN","⸀πολὺ","πολὺ","πολύ","πολύς"
"41","12","27","V","2PPI-P","πλανᾶσθε.","πλανᾶσθε","πλανᾶσθε","πλανάω"
"41","12","28","C","","Καὶ","Καὶ","καί","καί"
"41","12","28","V","AAPNSM","προσελθὼν","προσελθὼν","προσελθών","προσέρχομαι"
"41","12","28","A","NSM","εἷς","εἷς","εἷς","εἷς"
"41","12","28","RA","GPM","τῶν","τῶν","τῶν","ὁ"
"41","12","28","N","GPM","γραμματέων","γραμματέων","γραμματέων","γραμματεύς"
"41","12","28","V","AAPNSM","ἀκούσας","ἀκούσας","ἀκούσας","ἀκούω"
"41","12","28","RP","GPM","αὐτῶν","αὐτῶν","αὐτῶν","αὐτός"
"41","12","28","V","PAPGPM","συζητούντων,","συζητούντων","συζητούντων","συζητέω"
"41","12","28","V","AAPNSM","⸀ἰδὼν","ἰδὼν","ἰδών","ὁράω"
"41","12","28","C","","ὅτι","ὅτι","ὅτι","ὅτι"
"41","12","28","D","","καλῶς","καλῶς","καλῶς","καλῶς"
"41","12","28","V","3API-S","⸂ἀπεκρίθη","ἀπεκρίθη","ἀπεκρίθη","ἀποκρίνομαι"
"41","12","28","RP","DPM","αὐτοῖς⸃,","αὐτοῖς","αὐτοῖς","αὐτός"
"41","12","28","V","3AAI-S","ἐπηρώτησεν","ἐπηρώτησεν","ἐπηρώτησε(ν)","ἐπερωτάω"
"41","12","28","RP","ASM","αὐτόν·","αὐτόν","αὐτόν","αὐτός"
"41","12","28","RI","NSF","Ποία","Ποία","ποία","ποῖος"
"41","12","28","V","3PAI-S","ἐστὶν","ἐστὶν","ἐστί(ν)","εἰμί"
"41","12","28","N","NSF","⸂ἐντολὴ","ἐντολὴ","ἐντολή","ἐντολή"
"41","12","28","A","NSF","πρώτη","πρώτη","πρώτη","πρῶτος"
"41","12","28","A","GPN","πάντων⸃;","πάντων","πάντων","πᾶς"
"41","12","29","V","3API-S","⸂ἀπεκρίθη","ἀπεκρίθη","ἀπεκρίθη","ἀποκρίνομαι"
"41","12","29","RA","NSM","ὁ","ὁ","ὁ","ὁ"
"41","12","29","N","NSM","Ἰησοῦς⸃","Ἰησοῦς","Ἰησοῦς","Ἰησοῦς"
"41","12","29","C","","ὅτι","ὅτι","ὅτι","ὅτι"
"41","12","29","A","NSF","Πρώτη","Πρώτη","πρώτη","πρῶτος"
"41","12","29","V","3PAI-S","⸀ἐστίν·","ἐστίν","ἐστί(ν)","εἰμί"
"41","12","29","V","2PAD-S","Ἄκουε,","Ἄκουε","ἄκουε","ἀκούω"
"41","12","29","N","VSM","Ἰσραήλ,","Ἰσραήλ","Ἰσραήλ","Ἰσραήλ"
"41","12","29","N","NSM","κύριος","κύριος","κύριος","κύριος"
"41","12","29","RA","NSM","ὁ","ὁ","ὁ","ὁ"
"41","12","29","N","NSM","θεὸς","θεὸς","θεός","θεός"
"41","12","29","RP","GP","ἡμῶν","ἡμῶν","ἡμῶν","ἐγώ"
"41","12","29","N","NSM","κύριος","κύριος","κύριος","κύριος"
"41","12","29","A","NSM","εἷς","εἷς","εἷς","εἷς"
"41","12","29","V","3PAI-S","ἐστιν,","ἐστιν","ἐστί(ν)","εἰμί"
"41","12","30","C","","καὶ","καὶ","καί","καί"
"41","12","30","V","2FAI-S","ἀγαπήσεις","ἀγαπήσεις","ἀγαπήσεις","ἀγαπάω"
"41","12","30","N","ASM","κύριον","κύριον","κύριον","κύριος"
"41","12","30","RA","ASM","τὸν","τὸν","τόν","ὁ"
"41","12","30","N","ASM","θεόν","θεόν","θεόν","θεός"
"41","12","30","RP","GS","σου","σου","σου","σύ"
"41","12","30","P","","ἐξ","ἐξ","ἐκ","ἐκ"
"41","12","30","A","GSF","ὅλης","ὅλης","ὅλης","ὅλος"
"41","12","30","RA","GSF","⸀τῆς","τῆς","τῆς","ὁ"
"41","12","30","N","GSF","καρδίας","καρδίας","καρδίας","καρδία"
"41","12","30","RP","GS","σου","σου","σου","σύ"
"41","12","30","C","","καὶ","καὶ","καί","καί"
"41","12","30","P","","ἐξ","ἐξ","ἐκ","ἐκ"
"41","12","30","A","GSF","ὅλης","ὅλης","ὅλης","ὅλος"
"41","12","30","RA","GSF","τῆς","τῆς","τῆς","ὁ"
"41","12","30","N","GSF","ψυχῆς","ψυχῆς","ψυχῆς","ψυχή"
"41","12","30","RP","GS","σου","σου","σου","σύ"
"41","12","30","C","","καὶ","καὶ","καί","καί"
"41","12","30","P","","ἐξ","ἐξ","ἐκ","ἐκ"
"41","12","30","A","GSF","ὅλης","ὅλης","ὅλης","ὅλος"
"41","12","30","RA","GSF","τῆς","τῆς","τῆς","ὁ"
"41","12","30","N","GSF","διανοίας","διανοίας","διανοίας","διάνοια"
"41","12","30","RP","GS","σου","σου","σου","σύ"
"41","12","30","C","","καὶ","καὶ","καί","καί"
"41","12","30","P","","ἐξ","ἐξ","ἐκ","ἐκ"
"41","12","30","A","GSF","ὅλης","ὅλης","ὅλης","ὅλος"
"41","12","30","RA","GSF","τῆς","τῆς","τῆς","ὁ"
"41","12","30","N","GSF","ἰσχύος","ἰσχύος","ἰσχύος","ἰσχύς"
"41","12","30","RP","GS","⸀σου.","σου","σου","σύ"
"41","12","31","A","NSF","⸀δευτέρα","δευτέρα","δευτέρα","δεύτερος"
"41","12","31","RD","NSF","αὕτη·","αὕτη","αὕτη","οὗτος"
"41","12","31","V","2FAI-S","Ἀγαπήσεις","Ἀγαπήσεις","ἀγαπήσεις","ἀγαπάω"
"41","12","31","RA","ASM","τὸν","τὸν","τόν","ὁ"
"41","12","31","D","","πλησίον","πλησίον","πλησίον","πλησίον"
"41","12","31","RP","GS","σου","σου","σου","σύ"
"41","12","31","C","","ὡς","ὡς","ὡς","ὡς"
"41","12","31","RP","ASM","σεαυτόν.","σεαυτόν","σεαυτόν","σεαυτοῦ"
"41","12","31","A","NSFC","μείζων","μείζων","μείζων","μέγας"
"41","12","31","RD","GPF","τούτων","τούτων","τούτων","οὗτος"
"41","12","31","A","NSF","ἄλλη","ἄλλη","ἄλλη","ἄλλος"
"41","12","31","N","NSF","ἐντολὴ","ἐντολὴ","ἐντολή","ἐντολή"
"41","12","31","D","","οὐκ","οὐκ","οὐ","οὐ"
"41","12","31","V","3PAI-S","ἔστιν.","ἔστιν","ἐστί(ν)","εἰμί"
"41","12","32","C","","⸀καὶ","καὶ","καί","καί"
"41","12","32","V","3AAI-S","εἶπεν","εἶπεν","εἶπε(ν)","λέγω"
"41","12","32","RP","DSM","αὐτῷ","αὐτῷ","αὐτῷ","αὐτός"
"41","12","32","RA","NSM","ὁ","ὁ","ὁ","ὁ"
"41","12","32","N","NSM","γραμματεύς·","γραμματεύς","γραμματεύς","γραμματεύς"
"41","12","32","D","","Καλῶς,","Καλῶς","καλῶς","καλῶς"
"41","12","32","N","VSM","διδάσκαλε,","διδάσκαλε","διδάσκαλε","διδάσκαλος"
"41","12","32","P","","ἐπ’","ἐπ’","ἐπί","ἐπί"
"41","12","32","N","GSF","ἀληθείας","ἀληθείας","ἀληθείας","ἀλήθεια"
"41","12","32","V","2AAI-S","εἶπες","εἶπες","εἶπες","λέγω"
"41","12","32","C","","ὅτι","ὅτι","ὅτι","ὅτι"
"41","12","32","A","NSM","εἷς","εἷς","εἷς","εἷς"
"41","12","32","V","3PAI-S","ἐστιν","ἐστιν","ἐστί(ν)","εἰμί"
"41","12","32","C","","καὶ","καὶ","καί","καί"
"41","12","32","D","","οὐκ","οὐκ","οὐ","οὐ"
"41","12","32","V","3PAI-S","ἔστιν","ἔστιν","ἐστί(ν)","εἰμί"
"41","12","32","A","NSM","ἄλλος","ἄλλος","ἄλλος","ἄλλος"
"41","12","32","P","","πλὴν","πλὴν","πλήν","πλήν"
"41","12","32","RP","GSM","αὐτοῦ·","αὐτοῦ","αὐτοῦ","αὐτός"
"41","12","33","C","","καὶ","καὶ","καί","καί"
"41","12","33","RA","NSN","τὸ","τὸ","τό","ὁ"
"41","12","33","V","PAN","ἀγαπᾶν","ἀγαπᾶν","ἀγαπᾶν","ἀγαπάω"
"41","12","33","RP","ASM","αὐτὸν","αὐτὸν","αὐτόν","αὐτός"
"41","12","33","P","","ἐξ","ἐξ","ἐκ","ἐκ"
"41","12","33","A","GSF","ὅλης","ὅλης","ὅλης","ὅλος"
"41","12","33","RA","GSF","⸀τῆς","τῆς","τῆς","ὁ"
"41","12","33","N","GSF","καρδίας","καρδίας","καρδίας","καρδία"
"41","12","33","C","","καὶ","καὶ","καί","καί"
"41","12","33","P","","ἐξ","ἐξ","ἐκ","ἐκ"
"41","12","33","A","GSF","ὅλης","ὅλης","ὅλης","ὅλος"
"41","12","33","RA","GSF","τῆς","τῆς","τῆς","ὁ"
"41","12","33","N","GSF","⸀συνέσεως","συνέσεως","συνέσεως","σύνεσις"
"41","12","33","C","","καὶ","καὶ","καί","καί"
"41","12","33","P","","ἐξ","ἐξ","ἐκ","ἐκ"
"41","12","33","A","GSF","ὅλης","ὅλης","ὅλης","ὅλος"
"41","12","33","RA","GSF","τῆς","τῆς","τῆς","ὁ"
"41","12","33","N","GSF","ἰσχύος","ἰσχύος","ἰσχύος","ἰσχύς"
"41","12","33","C","","καὶ","καὶ","καί","καί"
"41","12","33","RA","NSN","τὸ","τὸ","τό","ὁ"
"41","12","33","V","PAN","ἀγαπᾶν","ἀγαπᾶν","ἀγαπᾶν","ἀγαπάω"
"41","12","33","RA","ASM","τὸν","τὸν","τόν","ὁ"
"41","12","33","D","","πλησίον","πλησίον","πλησίον","πλησίον"
"41","12","33","C","","ὡς","ὡς","ὡς","ὡς"
"41","12","33","RP","ASM","ἑαυτὸν","ἑαυτὸν","ἑαυτόν","ἑαυτοῦ"
"41","12","33","A","NSNC","⸀περισσότερόν","περισσότερόν","περισσότερον","περισσότερος"
"41","12","33","V","3PAI-S","ἐστιν","ἐστιν","ἐστί(ν)","εἰμί"
"41","12","33","A","GPN","πάντων","πάντων","πάντων","πᾶς"
"41","12","33","RA","GPN","τῶν","τῶν","τῶν","ὁ"
"41","12","33","N","GPN","ὁλοκαυτωμάτων","ὁλοκαυτωμάτων","ὁλοκαυτωμάτων","ὁλοκαύτωμα"
"41","12","33","C","","καὶ","καὶ","καί","καί"
"41","12","33","N","GPF","θυσιῶν.","θυσιῶν","θυσιῶν","θυσία"
"41","12","34","C","","καὶ","καὶ","καί","καί"
"41","12","34","RA","NSM","ὁ","ὁ","ὁ","ὁ"
"41","12","34","N","NSM","Ἰησοῦς","Ἰησοῦς","Ἰησοῦς","Ἰησοῦς"
"41","12","34","V","AAPNSM","ἰδὼν","ἰδὼν","ἰδών","ὁράω"
"41","12","34","RP","ASM","⸀αὐτὸν","αὐτὸν","αὐτόν","αὐτός"
"41","12","34","C","","ὅτι","ὅτι","ὅτι","ὅτι"
"41","12","34","D","","νουνεχῶς","νουνεχῶς","νουνεχῶς","νουνεχῶς"
"41","12","34","V","3API-S","ἀπεκρίθη","ἀπεκρίθη","ἀπεκρίθη","ἀποκρίνομαι"
"41","12","34","V","3AAI-S","εἶπεν","εἶπεν","εἶπε(ν)","λέγω"
"41","12","34","RP","DSM","αὐτῷ·","αὐτῷ","αὐτῷ","αὐτός"
"41","12","34","D","","Οὐ","Οὐ","οὐ","οὐ"
"41","12","34","D","","μακρὰν","μακρὰν","μακράν","μακράν"
"41","12","34","V","2PAI-S","εἶ","εἶ","εἶ","εἰμί"
"41","12","34","P","","ἀπὸ","ἀπὸ","ἀπό","ἀπό"
"41","12","34","RA","GSF","τῆς","τῆς","τῆς","ὁ"
"41","12","34","N","GSF","βασιλείας","βασιλείας","βασιλείας","βασιλεία"
"41","12","34","RA","GSM","τοῦ","τοῦ","τοῦ","ὁ"
"41","12","34","N","GSM","θεοῦ.","θεοῦ","θεοῦ","θεός"
"41","12","34","C","","καὶ","καὶ","καί","καί"
"41","12","34","A","NSM","οὐδεὶς","οὐδεὶς","οὐδείς","οὐδείς"
"41","12","34","D","","οὐκέτι","οὐκέτι","οὐκέτι","οὐκέτι"
"41","12","34","V","3IAI-S","ἐτόλμα","ἐτόλμα","ἐτόλμα","τολμάω"
"41","12","34","RP","ASM","αὐτὸν","αὐτὸν","αὐτόν","αὐτός"
"41","12","34","V","AAN","ἐπερωτῆσαι.","ἐπερωτῆσαι","ἐπερωτῆσαι","ἐπερωτάω"
"41","12","35","C","","Καὶ","Καὶ","καί","καί"
"41","12","35","V","APPNSM","ἀποκριθεὶς","ἀποκριθεὶς","ἀποκριθείς","ἀποκρίνομαι"
"41","12","35","RA","NSM","ὁ","ὁ","ὁ","ὁ"
"41","12","35","N","NSM","Ἰησοῦς","Ἰησοῦς","Ἰησοῦς","Ἰησοῦς"
"41","12","35","V","3IAI-S","ἔλεγεν","ἔλεγεν","ἔλεγε(ν)","λέγω"
"41","12","35","V","PAPNSM","διδάσκων","διδάσκων","διδάσκων","διδάσκω"
"41","12","35","P","","ἐν","ἐν","ἐν","ἐν"
"41","12","35","RA","DSN","τῷ","τῷ","τῷ","ὁ"
"41","12","35","A","DSN","ἱερῷ·","ἱερῷ","ἱερῷ","ἱερός"
"41","12","35","D","","Πῶς","Πῶς","πῶς","πῶς"
"41","12","35","V","3PAI-P","λέγουσιν","λέγουσιν","λέγουσι(ν)","λέγω"
"41","12","35","RA","NPM","οἱ","οἱ","οἱ","ὁ"
"41","12","35","N","NPM","γραμματεῖς","γραμματεῖς","γραμματεῖς","γραμματεύς"
"41","12","35","C","","ὅτι","ὅτι","ὅτι","ὅτι"
"41","12","35","RA","NSM","ὁ","ὁ","ὁ","ὁ"
"41","12","35","N","NSM","χριστὸς","χριστὸς","Χριστός","Χριστός"
"41","12","35","N","NSM","υἱὸς","υἱὸς","υἱός","υἱός"
"41","12","35","N","GSM","⸂Δαυίδ","Δαυίδ","Δαυίδ","Δαυίδ"
"41","12","35","V","3PAI-S","ἐστιν⸃;","ἐστιν","ἐστί(ν)","εἰμί"
"41","12","36","RP","NSM","⸀αὐτὸς","αὐτὸς","αὐτός","αὐτός"
"41","12","36","N","NSM","Δαυὶδ","Δαυὶδ","Δαυίδ","Δαυίδ"
"41","12","36","V","3AAI-S","εἶπεν","εἶπεν","εἶπε(ν)","λέγω"
"41","12","36","P","","ἐν","ἐν","ἐν","ἐν"
"41","12","36","RA","DSN","⸂τῷ","τῷ","τῷ","ὁ"
"41","12","36","N","DSN","πνεύματι","πνεύματι","πνεύματι","πνεῦμα"
"41","12","36","RA","DSN","τῷ⸃","τῷ","τῷ","ὁ"
"41","12","36","A","DSN","ἁγίῳ·","ἁγίῳ","ἁγίῳ","ἅγιος"
"41","12","36","V","3AAI-S","⸀Εἶπεν","Εἶπεν","εἶπε(ν)","λέγω"
"41","12","36","N","NSM","⸀κύριος","κύριος","κύριος","κύριος"
"41","12","36","RA","DSM","τῷ","τῷ","τῷ","ὁ"
"41","12","36","N","DSM","κυρίῳ","κυρίῳ","κυρίῳ","κύριος"
"41","12","36","RP","GS","μου·","μου","μου","ἐγώ"
"41","12","36","V","2PMD-S","⸀Κάθου","Κάθου","κάθου","κάθημαι"
"41","12","36","P","","ἐκ","ἐκ","ἐκ","ἐκ"
"41","12","36","A","GPN","δεξιῶν","δεξιῶν","δεξιῶν","δεξιός"
"41","12","36","RP","GS","μου","μου","μου","ἐγώ"
"41","12","36","C","","ἕως","ἕως","ἕως","ἕως"
"41","12","36","X","","ἂν","ἂν","ἄν","ἄν"
"41","12","36","V","1AAS-S","θῶ","θῶ","θῶ","τίθημι"
"41","12","36","RA","APM","τοὺς","τοὺς","τούς","ὁ"
"41","12","36","A","APM","ἐχθρούς","ἐχθρούς","ἐχθρούς","ἐχθρός"
"41","12","36","RP","GS","σου","σου","σου","σύ"
"41","12","36","P","","⸀ὑποκάτω","ὑποκάτω","ὑποκάτω","ὑποκάτω"
"41","12","36","RA","GPM","τῶν","τῶν","τῶν","ὁ"
"41","12","36","N","GPM","ποδῶν","ποδῶν","ποδῶν","πούς"
"41","12","36","RP","GS","σου.","σου","σου","σύ"
"41","12","37","RP","NSM","⸀αὐτὸς","αὐτὸς","αὐτός","αὐτός"
"41","12","37","N","NSM","Δαυὶδ","Δαυὶδ","Δαυίδ","Δαυίδ"
"41","12","37","V","3PAI-S","λέγει","λέγει","λέγει","λέγω"
"41","12","37","RP","ASM","αὐτὸν","αὐτὸν","αὐτόν","αὐτός"
"41","12","37","N","ASM","κύριον,","κύριον","κύριον","κύριος"
"41","12","37","C","","καὶ","καὶ","καί","καί"
"41","12","37","D","","πόθεν","πόθεν","πόθεν","πόθεν"
"41","12","37","RP","GSM","⸂αὐτοῦ","αὐτοῦ","αὐτοῦ","αὐτός"
"41","12","37","V","3PAI-S","ἐστιν","ἐστιν","ἐστί(ν)","εἰμί"
"41","12","37","N","NSM","υἱός⸃;","υἱός","υἱός","υἱός"
"41","12","37","C","","καὶ","καὶ","καί","καί"
"41","12","37","RA","NSM","ὁ","ὁ","ὁ","ὁ"
"41","12","37","A","NSM","πολὺς","πολὺς","πολύς","πολύς"
"41","12","37","N","NSM","ὄχλος","ὄχλος","ὄχλος","ὄχλος"
"41","12","37","V","3IAI-S","ἤκουεν","ἤκουεν","ἤκουε(ν)","ἀκούω"
"41","12","37","RP","GSM","αὐτοῦ","αὐτοῦ","αὐτοῦ","αὐτός"
"41","12","37","D","","ἡδέως.","ἡδέως","ἡδέως","ἡδέως"
"41","12","38","C","","Καὶ","Καὶ","καί","καί"
"41","12","38","P","","⸂ἐν","ἐν","ἐν","ἐν"
"41","12","38","RA","DSF","τῇ","τῇ","τῇ","ὁ"
"41","12","38","N","DSF","διδαχῇ","διδαχῇ","διδαχῇ","διδαχή"
"41","12","38","RP","GSM","αὐτοῦ","αὐτοῦ","αὐτοῦ","αὐτός"
"41","12","38","V","3IAI-S","ἔλεγεν⸃·","ἔλεγεν","ἔλεγε(ν)","λέγω"
"41","12","38","V","2PAD-P","Βλέπετε","Βλέπετε","βλέπετε","βλέπω"
"41","12","38","P","","ἀπὸ","ἀπὸ","ἀπό","ἀπό"
"41","12","38","RA","GPM","τῶν","τῶν","τῶν","ὁ"
"41","12","38","N","GPM","γραμματέων","γραμματέων","γραμματέων","γραμματεύς"
"41","12","38","RA","GPM","τῶν","τῶν","τῶν","ὁ"
"41","12","38","V","PAPGPM","θελόντων","θελόντων","θελόντων","θέλω"
"41","12","38","P","","ἐν","ἐν","ἐν","ἐν"
"41","12","38","N","DPF","στολαῖς","στολαῖς","στολαῖς","στολή"
"41","12","38","V","PAN","περιπατεῖν","περιπατεῖν","περιπατεῖν","περιπατέω"
"41","12","38","C","","καὶ","καὶ","καί","καί"
"41","12","38","N","APM","ἀσπασμοὺς","ἀσπασμοὺς","ἀσπασμούς","ἀσπασμός"
"41","12","38","P","","ἐν","ἐν","ἐν","ἐν"
"41","12","38","RA","DPF","ταῖς","ταῖς","ταῖς","ὁ"
"41","12","38","N","DPF","ἀγοραῖς","ἀγοραῖς","ἀγοραῖς","ἀγορά"
"41","12","39","C","","καὶ","καὶ","καί","καί"
"41","12","39","N","APF","πρωτοκαθεδρίας","πρωτοκαθεδρίας","πρωτοκαθεδρίας","πρωτοκαθεδρία"
"41","12","39","P","","ἐν","ἐν","ἐν","ἐν"
"41","12","39","RA","DPF","ταῖς","ταῖς","ταῖς","ὁ"
"41","12","39","N","DPF","συναγωγαῖς","συναγωγαῖς","συναγωγαῖς","συναγωγή"
"41","12","39","C","","καὶ","καὶ","καί","καί"
"41","12","39","N","APF","πρωτοκλισίας","πρωτοκλισίας","πρωτοκλισίας","πρωτοκλισία"
"41","12","39","P","","ἐν","ἐν","ἐν","ἐν"
"41","12","39","RA","DPN","τοῖς","τοῖς","τοῖς","ὁ"
"41","12","39","N","DPN","δείπνοις,","δείπνοις","δείπνοις","δεῖπνον"
"41","12","40","RA","NPM","οἱ","οἱ","οἱ","ὁ"
"41","12","40","V","PAPNPM","κατεσθίοντες","κατεσθίοντες","κατεσθίοντες","κατεσθίω"
"41","12","40","RA","APF","τὰς","τὰς","τάς","ὁ"
"41","12","40","N","APF","οἰκίας","οἰκίας","οἰκίας","οἰκία"
"41","12","40","RA","GPF","τῶν","τῶν","τῶν","ὁ"
"41","12","40","A","GPF","χηρῶν","χηρῶν","χηρῶν","χήρα"
"41","12","40","C","","καὶ","καὶ","καί","καί"
"41","12","40","N","DSF","προφάσει","προφάσει","προφάσει","πρόφασις"
"41","12","40","A","APN","μακρὰ","μακρὰ","μακρά","μακρός"
"41","12","40","V","PMPNPM","προσευχόμενοι·","προσευχόμενοι","προσευχόμενοι","προσεύχομαι"
"41","12","40","RD","NPM","οὗτοι","οὗτοι","οὗτοι","οὗτος"
"41","12","40","V","3FMI-P","λήμψονται","λήμψονται","λήμψονται","λαμβάνω"
"41","12","40","A","ASNC","περισσότερον","περισσότερον","περισσότερον","περισσότερος"
"41","12","40","N","ASN","κρίμα.","κρίμα","κρίμα","κρίμα"
"41","12","41","C","","Καὶ","Καὶ","καί","καί"
"41","12","41","V","AAPNSM","⸀καθίσας","καθίσας","καθίσας","καθίζω"
"41","12","41","P","","⸀κατέναντι","κατέναντι","κατέναντι","κατέναντι"
"41","12","41","RA","GSN","τοῦ","τοῦ","τοῦ","ὁ"
"41","12","41","N","GSN","γαζοφυλακίου","γαζοφυλακίου","γαζοφυλακίου","γαζοφυλάκιον"
"41","12","41","V","3IAI-S","ἐθεώρει","ἐθεώρει","ἐθεώρει","θεωρέω"
"41","12","41","D","","πῶς","πῶς","πῶς","πῶς"
"41","12","41","RA","NSM","ὁ","ὁ","ὁ","ὁ"
"41","12","41","N","NSM","ὄχλος","ὄχλος","ὄχλος","ὄχλος"
"41","12","41","V","3PAI-S","βάλλει","βάλλει","βάλλει","βάλλω"
"41","12","41","N","ASM","χαλκὸν","χαλκὸν","χαλκόν","χαλκός"
"41","12","41","P","","εἰς","εἰς","εἰς","εἰς"
"41","12","41","RA","ASN","τὸ","τὸ","τό","ὁ"
"41","12","41","N","ASN","γαζοφυλάκιον·","γαζοφυλάκιον","γαζοφυλάκιον","γαζοφυλάκιον"
"41","12","41","C","","καὶ","καὶ","καί","καί"
"41","12","41","A","NPM","πολλοὶ","πολλοὶ","πολλοί","πολύς"
"41","12","41","A","NPM","πλούσιοι","πλούσιοι","πλούσιοι","πλούσιος"
"41","12","41","V","3IAI-P","ἔβαλλον","ἔβαλλον","ἔβαλλον","βάλλω"
"41","12","41","A","APN","πολλά·","πολλά","πολλά","πολύς"
"41","12","42","C","","καὶ","καὶ","καί","καί"
"41","12","42","V","AAPNSF","ἐλθοῦσα","ἐλθοῦσα","ἐλθοῦσα","ἔρχομαι"
"41","12","42","A","NSF","μία","μία","μία","εἷς"
"41","12","42","A","NSF","χήρα","χήρα","χήρα","χήρα"
"41","12","42","A","NSF","πτωχὴ","πτωχὴ","πτωχή","πτωχός"
"41","12","42","V","3AAI-S","ἔβαλεν","ἔβαλεν","ἔβαλε(ν)","βάλλω"
"41","12","42","A","APN","λεπτὰ","λεπτὰ","λεπτά","λεπτόν"
"41","12","42","A","APN","δύο,","δύο","δύο","δύο"
"41","12","42","RR","NSN","ὅ","ὅ","ὅ","ὅς"
"41","12","42","V","3PAI-S","ἐστιν","ἐστιν","ἐστί(ν)","εἰμί"
"41","12","42","N","NSM","κοδράντης.","κοδράντης","κοδράντης","κοδράντης"
"41","12","43","C","","καὶ","καὶ","καί","καί"
"41","12","43","V","AMPNSM","προσκαλεσάμενος","προσκαλεσάμενος","προσκαλεσάμενος","προσκαλέομαι"
"41","12","43","RA","APM","τοὺς","τοὺς","τούς","ὁ"
"41","12","43","N","APM","μαθητὰς","μαθητὰς","μαθητάς","μαθητής"
"41","12","43","RP","GSM","αὐτοῦ","αὐτοῦ","αὐτοῦ","αὐτός"
"41","12","43","V","3AAI-S","⸀εἶπεν","εἶπεν","εἶπε(ν)","λέγω"
"41","12","43","RP","DPM","αὐτοῖς·","αὐτοῖς","αὐτοῖς","αὐτός"
"41","12","43","X","","Ἀμὴν","Ἀμὴν","ἀμήν","ἀμήν"
"41","12","43","V","1PAI-S","λέγω","λέγω","λέγω","λέγω"
"41","12","43","RP","DP","ὑμῖν","ὑμῖν","ὑμῖν","σύ"
"41","12","43","C","","ὅτι","ὅτι","ὅτι","ὅτι"
"41","12","43","RA","NSF","ἡ","ἡ","ἡ","ὁ"
"41","12","43","A","NSF","χήρα","χήρα","χήρα","χήρα"
"41","12","43","RD","NSF","αὕτη","αὕτη","αὕτη","οὗτος"
"41","12","43","RA","NSF","ἡ","ἡ","ἡ","ὁ"
"41","12","43","A","NSF","πτωχὴ","πτωχὴ","πτωχή","πτωχός"
"41","12","43","A","ASNC","πλεῖον","πλεῖον","πλεῖον","πολύς"
"41","12","43","A","GPM","πάντων","πάντων","πάντων","πᾶς"
"41","12","43","V","3AAI-S","⸀ἔβαλεν","ἔβαλεν","ἔβαλε(ν)","βάλλω"
"41","12","43","RA","GPM","τῶν","τῶν","τῶν","ὁ"
"41","12","43","V","PAPGPM","βαλλόντων","βαλλόντων","βαλλόντων","βάλλω"
"41","12","43","P","","εἰς","εἰς","εἰς","εἰς"
"41","12","43","RA","ASN","τὸ","τὸ","τό","ὁ"
"41","12","43","N","ASN","γαζοφυλάκιον·","γαζοφυλάκιον","γαζοφυλάκιον","γαζοφυλάκιον"
"41","12","44","A","NPM","πάντες","πάντες","πάντες","πᾶς"
"41","12","44","C","","γὰρ","γὰρ","γάρ","γάρ"
"41","12","44","P","","ἐκ","ἐκ","ἐκ","ἐκ"
"41","12","44","RA","GSN","τοῦ","τοῦ","τοῦ","ὁ"
"41","12","44","V","PAPGSN","περισσεύοντος","περισσεύοντος","περισσεύοντος","περισσεύω"
"41","12","44","RP","DPM","αὐτοῖς","αὐτοῖς","αὐτοῖς","αὐτός"
"41","12","44","V","3AAI-P","ἔβαλον,","ἔβαλον","ἔβαλον","βάλλω"
"41","12","44","RD","NSF","αὕτη","αὕτη","αὕτη","οὗτος"
"41","12","44","C","","δὲ","δὲ","δέ","δέ"
"41","12","44","P","","ἐκ","ἐκ","ἐκ","ἐκ"
"41","12","44","RA","GSF","τῆς","τῆς","τῆς","ὁ"
"41","12","44","N","GSF","ὑστερήσεως","ὑστερήσεως","ὑστερήσεως","ὑστέρησις"
"41","12","44","RP","GSF","αὐτῆς","αὐτῆς","αὐτῆς","αὐτός"
"41","12","44","A","APN","πάντα","πάντα","πάντα","πᾶς"
"41","12","44","RR","APN","ὅσα","ὅσα","ὅσα","ὅσος"
"41","12","44","V","3IAI-S","εἶχεν","εἶχεν","εἶχε(ν)","ἔχω"
"41","12","44","V","3AAI-S","ἔβαλεν,","ἔβαλεν","ἔβαλε(ν)","βάλλω"
"41","12","44","A","ASM","ὅλον","ὅλον","ὅλον","ὅλος"
"41","12","44","RA","ASM","τὸν","τὸν","τόν","ὁ"
"41","12","44","N","ASM","βίον","βίον","βίον","βίος"
"41","12","44","RP","GSF","αὐτῆς.","αὐτῆς","αὐτῆς","αὐτός"
"41","13","01","C","","Καὶ","Καὶ","καί","καί"
"41","13","01","V","PMPGSM","ἐκπορευομένου","ἐκπορευομένου","ἐκπορευομένου","ἐκπορεύομαι"
"41","13","01","RP","GSM","αὐτοῦ","αὐτοῦ","αὐτοῦ","αὐτός"
"41","13","01","P","","ἐκ","ἐκ","ἐκ","ἐκ"
"41","13","01","RA","GSN","τοῦ","τοῦ","τοῦ","ὁ"
"41","13","01","A","GSN","ἱεροῦ","ἱεροῦ","ἱεροῦ","ἱερός"
"41","13","01","V","3PAI-S","λέγει","λέγει","λέγει","λέγω"
"41","13","01","RP","DSM","αὐτῷ","αὐτῷ","αὐτῷ","αὐτός"
"41","13","01","A","NSM","εἷς","εἷς","εἷς","εἷς"
"41","13","01","RA","GPM","τῶν","τῶν","τῶν","ὁ"
"41","13","01","N","GPM","μαθητῶν","μαθητῶν","μαθητῶν","μαθητής"
"41","13","01","RP","GSM","αὐτοῦ·","αὐτοῦ","αὐτοῦ","αὐτός"
"41","13","01","N","VSM","Διδάσκαλε,","Διδάσκαλε","διδάσκαλε","διδάσκαλος"
"41","13","01","X","","ἴδε","ἴδε","ἴδε","ἴδε"
"41","13","01","RI","NPM","ποταποὶ","ποταποὶ","ποταποί","ποταπός"
"41","13","01","N","NPM","λίθοι","λίθοι","λίθοι","λίθος"
"41","13","01","C","","καὶ","καὶ","καί","καί"
"41","13","01","RI","NPF","ποταπαὶ","ποταπαὶ","ποταπαί","ποταπός"
"41","13","01","N","NPF","οἰκοδομαί.","οἰκοδομαί","οἰκοδομαί","οἰκοδομή"
"41","13","02","C","","καὶ","καὶ","καί","καί"
"41","13","02","RA","NSM","ὁ","ὁ","ὁ","ὁ"
"41","13","02","N","NSM","⸀Ἰησοῦς","Ἰησοῦς","Ἰησοῦς","Ἰησοῦς"
"41","13","02","V","3AAI-S","εἶπεν","εἶπεν","εἶπε(ν)","λέγω"
"41","13","02","RP","DSM","αὐτῷ·","αὐτῷ","αὐτῷ","αὐτός"
"41","13","02","V","2PAI-S","Βλέπεις","Βλέπεις","βλέπεις","βλέπω"
"41","13","02","RD","APF","ταύτας","ταύτας","ταύτας","οὗτος"
"41","13","02","RA","APF","τὰς","τὰς","τάς","ὁ"
"41","13","02","A","APF","μεγάλας","μεγάλας","μεγάλας","μέγας"
"41","13","02","N","APF","οἰκοδομάς;","οἰκοδομάς","οἰκοδομάς","οἰκοδομή"
"41","13","02","D","","οὐ","οὐ","οὐ","οὐ"
"41","13","02","D","","μὴ","μὴ","μή","μή"
"41","13","02","V","3APS-S","ἀφεθῇ","ἀφεθῇ","ἀφεθῇ","ἀφίημι"
"41","13","02","D","","⸀ὧδε","ὧδε","ὧδε","ὧδε"
"41","13","02","N","NSM","λίθος","λίθος","λίθος","λίθος"
"41","13","02","P","","ἐπὶ","ἐπὶ","ἐπί","ἐπί"
"41","13","02","N","ASM","⸀λίθον","λίθον","λίθον","λίθος"
"41","13","02","RR","NSM","ὃς","ὃς","ὅς","ὅς"
"41","13","02","D","","οὐ","οὐ","οὐ","οὐ"
"41","13","02","D","","μὴ","μὴ","μή","μή"
"41","13","02","V","3APS-S","καταλυθῇ.","καταλυθῇ","καταλυθῇ","καταλύω"
"41","13","03","C","","Καὶ","Καὶ","καί","καί"
"41","13","03","V","PMPGSM","καθημένου","καθημένου","καθημένου","κάθημαι"
"41","13","03","RP","GSM","αὐτοῦ","αὐτοῦ","αὐτοῦ","αὐτός"
"41","13","03","P","","εἰς","εἰς","εἰς","εἰς"
"41","13","03","RA","ASN","τὸ","τὸ","τό","ὁ"
"41","13","03","N","ASN","Ὄρος","Ὄρος","ὄρος","ὄρος"
"41","13","03","RA","GPF","τῶν","τῶν","τῶν","ὁ"
"41","13","03","N","GPF","Ἐλαιῶν","Ἐλαιῶν","ἐλαιῶν","ἐλαία"
"41","13","03","P","","κατέναντι","κατέναντι","κατέναντι","κατέναντι"
"41","13","03","RA","GSN","τοῦ","τοῦ","τοῦ","ὁ"
"41","13","03","A","GSN","ἱεροῦ","ἱεροῦ","ἱεροῦ","ἱερός"
"41","13","03","V","3IAI-S","⸀ἐπηρώτα","ἐπηρώτα","ἐπηρώτα","ἐπερωτάω"
"41","13","03","RP","ASM","αὐτὸν","αὐτὸν","αὐτόν","αὐτός"
"41","13","03","P","","κατ’","κατ’","κατά","κατά"
"41","13","03","A","ASF","ἰδίαν","ἰδίαν","ἰδίαν","ἴδιος"
"41","13","03","N","NSM","Πέτρος","Πέτρος","Πέτρος","Πέτρος"
"41","13","03","C","","καὶ","καὶ","καί","καί"
"41","13","03","N","NSM","Ἰάκωβος","Ἰάκωβος","Ἰάκωβος","Ἰάκωβος"
"41","13","03","C","","καὶ","καὶ","καί","καί"
"41","13","03","N","NSM","Ἰωάννης","Ἰωάννης","Ἰωάννης","Ἰωάννης"
"41","13","03","C","","καὶ","καὶ","καί","καί"
"41","13","03","N","NSM","Ἀνδρέας·","Ἀνδρέας","Ἀνδρέας","Ἀνδρέας"
"41","13","04","V","2AAD-S","Εἰπὸν","Εἰπὸν","εἰπόν","λέγω"
"41","13","04","RP","DP","ἡμῖν","ἡμῖν","ἡμῖν","ἐγώ"
"41","13","04","D","","πότε","πότε","πότε","πότε"
"41","13","04","RD","NPN","ταῦτα","ταῦτα","ταῦτα","οὗτος"
"41","13","04","V","3FMI-S","ἔσται,","ἔσται","ἔσται","εἰμί"
"41","13","04","C","","καὶ","καὶ","καί","καί"
"41","13","04","RI","ASN","τί","τί","τί","τίς"
"41","13","04","RA","NSN","τὸ","τὸ","τό","ὁ"
"41","13","04","N","NSN","σημεῖον","σημεῖον","σημεῖον","σημεῖον"
"41","13","04","C","","ὅταν","ὅταν","ὅταν","ὅταν"
"41","13","04","V","3PAS-S","μέλλῃ","μέλλῃ","μέλλῃ","μέλλω"
"41","13","04","RD","NPN","⸂ταῦτα","ταῦτα","ταῦτα","οὗτος"
"41","13","04","V","PPN","συντελεῖσθαι","συντελεῖσθαι","συντελεῖσθαι","συντελέω"
"41","13","04","A","NPN","πάντα⸃.","πάντα","πάντα","πᾶς"
"41","13","05","RA","NSM","ὁ","ὁ","ὁ","ὁ"
"41","13","05","C","","δὲ","δὲ","δέ","δέ"
"41","13","05","N","NSM","Ἰησοῦς","Ἰησοῦς","Ἰησοῦς","Ἰησοῦς"
"41","13","05","V","3AMI-S","⸂ἤρξατο","ἤρξατο","ἤρξατο","ἄρχω"
"41","13","05","V","PAN","λέγειν","λέγειν","λέγειν","λέγω"
"41","13","05","RP","DPM","αὐτοῖς⸃·","αὐτοῖς","αὐτοῖς","αὐτός"
"41","13","05","V","2PAD-P","Βλέπετε","Βλέπετε","βλέπετε","βλέπω"
"41","13","05","C","","μή","μή","μή","μή"
"41","13","05","RI","NSM","τις","τις","τὶς","τις"
"41","13","05","RP","AP","ὑμᾶς","ὑμᾶς","ὑμᾶς","σύ"
"41","13","05","V","3AAS-S","πλανήσῃ·","πλανήσῃ","πλανήσῃ","πλανάω"
"41","13","06","A","NPM","⸀πολλοὶ","πολλοὶ","πολλοί","πολύς"
"41","13","06","V","3FMI-P","ἐλεύσονται","ἐλεύσονται","ἐλεύσονται","ἔρχομαι"
"41","13","06","P","","ἐπὶ","ἐπὶ","ἐπί","ἐπί"
"41","13","06","RA","DSN","τῷ","τῷ","τῷ","ὁ"
"41","13","06","N","DSN","ὀνόματί","ὀνόματί","ὀνόματι","ὄνομα"
"41","13","06","RP","GS","μου","μου","μου","ἐγώ"
"41","13","06","V","PAPNPM","λέγοντες","λέγοντες","λέγοντες","λέγω"
"41","13","06","C","","ὅτι","ὅτι","ὅτι","ὅτι"
"41","13","06","RP","NS","Ἐγώ","Ἐγώ","ἐγώ","ἐγώ"
"41","13","06","V","1PAI-S","εἰμι,","εἰμι","εἰμί","εἰμί"
"41","13","06","C","","καὶ","καὶ","καί","καί"
"41","13","06","A","APM","πολλοὺς","πολλοὺς","πολλούς","πολύς"
"41","13","06","V","3FAI-P","πλανήσουσιν.","πλανήσουσιν","πλανήσουσι(ν)","πλανάω"
"41","13","07","C","","ὅταν","ὅταν","ὅταν","ὅταν"
"41","13","07","C","","δὲ","δὲ","δέ","δέ"
"41","13","07","V","2AAS-P","⸀ἀκούσητε","ἀκούσητε","ἀκούσητε","ἀκούω"
"41","13","07","N","APM","πολέμους","πολέμους","πολέμους","πόλεμος"
"41","13","07","C","","καὶ","καὶ","καί","καί"
"41","13","07","N","APF","ἀκοὰς","ἀκοὰς","ἀκοάς","ἀκοή"
"41","13","07","N","GPM","πολέμων,","πολέμων","πολέμων","πόλεμος"
"41","13","07","D","","μὴ","μὴ","μή","μή"
"41","13","07","V","2PPD-P","θροεῖσθε·","θροεῖσθε","θροεῖσθε","θροέομαι"
"41","13","07","V","3PAI-S","⸀δεῖ","δεῖ","δεῖ","δέω"
"41","13","07","V","AMN","γενέσθαι,","γενέσθαι","γενέσθαι","γίνομαι"
"41","13","07","C","","ἀλλ’","ἀλλ’","ἀλλά","ἀλλά"
"41","13","07","D","","οὔπω","οὔπω","οὔπω","οὔπω"
"41","13","07","RA","NSN","τὸ","τὸ","τό","ὁ"
"41","13","07","N","NSN","τέλος.","τέλος","τέλος","τέλος"
"41","13","08","V","3FPI-S","ἐγερθήσεται","ἐγερθήσεται","ἐγερθήσεται","ἐγείρω"
"41","13","08","C","","γὰρ","γὰρ","γάρ","γάρ"
"41","13","08","N","NSN","ἔθνος","ἔθνος","ἔθνος","ἔθνος"
"41","13","08","P","","ἐπ’","ἐπ’","ἐπί","ἐπί"
"41","13","08","N","ASN","ἔθνος","ἔθνος","ἔθνος","ἔθνος"
"41","13","08","C","","καὶ","καὶ","καί","καί"
"41","13","08","N","NSF","βασιλεία","βασιλεία","βασιλεία","βασιλεία"
"41","13","08","P","","ἐπὶ","ἐπὶ","ἐπί","ἐπί"
"41","13","08","N","ASF","βασιλείαν,","βασιλείαν","βασιλείαν","βασιλεία"
"41","13","08","V","3FMI-P","⸀ἔσονται","ἔσονται","ἔσονται","εἰμί"
"41","13","08","N","NPM","σεισμοὶ","σεισμοὶ","σεισμοί","σεισμός"
"41","13","08","P","","κατὰ","κατὰ","κατά","κατά"
"41","13","08","N","APM","τόπους,","τόπους","τόπους","τόπος"
"41","13","08","V","3FMI-P","⸁ἔσονται","ἔσονται","ἔσονται","εἰμί"
"41","13","08","N","NPM","⸀λιμοί·","λιμοί","λιμοί","λιμός"
"41","13","08","N","NSF","⸀ἀρχὴ","ἀρχὴ","ἀρχή","ἀρχή"
"41","13","08","N","GPF","ὠδίνων","ὠδίνων","ὠδίνων","ὠδίν"
"41","13","08","RD","NPN","ταῦτα.","ταῦτα","ταῦτα","οὗτος"
"41","13","09","V","2PAD-P","βλέπετε","βλέπετε","βλέπετε","βλέπω"
"41","13","09","C","","δὲ","δὲ","δέ","δέ"
"41","13","09","RP","NP","ὑμεῖς","ὑμεῖς","ὑμεῖς","σύ"
"41","13","09","RP","APM","ἑαυτούς·","ἑαυτούς","ἑαυτούς","ἑαυτοῦ"
"41","13","09","V","3FAI-P","⸀παραδώσουσιν","παραδώσουσιν","παραδώσουσι(ν)","παραδίδωμι"
"41","13","09","RP","AP","ὑμᾶς","ὑμᾶς","ὑμᾶς","σύ"
"41","13","09","P","","εἰς","εἰς","εἰς","εἰς"
"41","13","09","N","APN","συνέδρια","συνέδρια","συνέδρια","συνέδριον"
"41","13","09","C","","καὶ","καὶ","καί","καί"
"41","13","09","P","","εἰς","εἰς","εἰς","εἰς"
"41","13","09","N","APF","συναγωγὰς","συναγωγὰς","συναγωγάς","συναγωγή"
"41","13","09","V","2FPI-P","δαρήσεσθε","δαρήσεσθε","δαρήσεσθε","δέρω"
"41","13","09","C","","καὶ","καὶ","καί","καί"
"41","13","09","P","","ἐπὶ","ἐπὶ","ἐπί","ἐπί"
"41","13","09","N","GPM","ἡγεμόνων","ἡγεμόνων","ἡγεμόνων","ἡγεμών"
"41","13","09","C","","καὶ","καὶ","καί","καί"
"41","13","09","N","GPM","βασιλέων","βασιλέων","βασιλέων","βασιλεύς"
"41","13","09","V","2FPI-P","σταθήσεσθε","σταθήσεσθε","σταθήσεσθε","ἵστημι"
"41","13","09","P","","ἕνεκεν","ἕνεκεν","ἕνεκεν","ἕνεκεν"
"41","13","09","RP","GS","ἐμοῦ","ἐμοῦ","ἐμοῦ","ἐγώ"
"41","13","09","P","","εἰς","εἰς","εἰς","εἰς"
"41","13","09","N","ASN","μαρτύριον","μαρτύριον","μαρτύριον","μαρτύριον"
"41","13","09","RP","DPM","αὐτοῖς.","αὐτοῖς","αὐτοῖς","αὐτός"
"41","13","10","C","","καὶ","καὶ","καί","καί"
"41","13","10","P","","εἰς","εἰς","εἰς","εἰς"
"41","13","10","A","APN","πάντα","πάντα","πάντα","πᾶς"
"41","13","10","RA","APN","τὰ","τὰ","τά","ὁ"
"41","13","10","N","APN","ἔθνη","ἔθνη","ἔθνη","ἔθνος"
"41","13","10","A","ASN","⸂πρῶτον","πρῶτον","πρῶτον","πρῶτος"
"41","13","10","V","3PAI-S","δεῖ⸃","δεῖ","δεῖ","δέω"
"41","13","10","V","APN","κηρυχθῆναι","κηρυχθῆναι","κηρυχθῆναι","κηρύσσω"
"41","13","10","RA","ASN","τὸ","τὸ","τό","ὁ"
"41","13","10","N","ASN","εὐαγγέλιον.","εὐαγγέλιον","εὐαγγέλιον","εὐαγγέλιον"
"41","13","11","C","","⸂καὶ","καὶ","καί","καί"
"41","13","11","C","","ὅταν⸃","ὅταν","ὅταν","ὅταν"
"41","13","11","V","3PAS-P","⸀ἄγωσιν","ἄγωσιν","ἄγωσι(ν)","ἄγω"
"41","13","11","RP","AP","ὑμᾶς","ὑμᾶς","ὑμᾶς","σύ"
"41","13","11","V","PAPNPM","παραδιδόντες,","παραδιδόντες","παραδιδόντες","παραδίδωμι"
"41","13","11","D","","μὴ","μὴ","μή","μή"
"41","13","11","V","2PAD-P","προμεριμνᾶτε","προμεριμνᾶτε","προμεριμνᾶτε","προμεριμνάω"
"41","13","11","RI","ASN","τί","τί","τί","τίς"
"41","13","11","V","2AAS-P","⸀λαλήσητε,","λαλήσητε","λαλήσητε","λαλέω"
"41","13","11","C","","ἀλλ’","ἀλλ’","ἀλλά","ἀλλά"
"41","13","11","RR","NSN","ὃ","ὃ","ὅ","ὅς"
"41","13","11","X","","ἐὰν","ἐὰν","ἐάν","ἐάν"
"41","13","11","V","3APS-S","δοθῇ","δοθῇ","δοθῇ","δίδωμι"
"41","13","11","RP","DP","ὑμῖν","ὑμῖν","ὑμῖν","σύ"
"41","13","11","P","","ἐν","ἐν","ἐν","ἐν"
"41","13","11","RD","DSF","ἐκείνῃ","ἐκείνῃ","ἐκείνῃ","ἐκεῖνος"
"41","13","11","RA","DSF","τῇ","τῇ","τῇ","ὁ"
"41","13","11","N","DSF","ὥρᾳ","ὥρᾳ","ὥρᾳ","ὥρα"
"41","13","11","RD","ASN","τοῦτο","τοῦτο","τοῦτο","οὗτος"
"41","13","11","V","2PAD-P","λαλεῖτε,","λαλεῖτε","λαλεῖτε","λαλέω"
"41","13","11","D","","οὐ","οὐ","οὐ","οὐ"
"41","13","11","C","","γάρ","γάρ","γάρ","γάρ"
"41","13","11","V","2PAI-P","ἐστε","ἐστε","ἐστέ","εἰμί"
"41","13","11","RP","NP","ὑμεῖς","ὑμεῖς","ὑμεῖς","σύ"
"41","13","11","RA","NPM","οἱ","οἱ","οἱ","ὁ"
"41","13","11","V","PAPNPM","λαλοῦντες","λαλοῦντες","λαλοῦντες","λαλέω"
"41","13","11","C","","ἀλλὰ","ἀλλὰ","ἀλλά","ἀλλά"
"41","13","11","RA","NSN","τὸ","τὸ","τό","ὁ"
"41","13","11","N","NSN","πνεῦμα","πνεῦμα","πνεῦμα","πνεῦμα"
"41","13","11","RA","NSN","τὸ","τὸ","τό","ὁ"
"41","13","11","A","NSN","ἅγιον.","ἅγιον","ἅγιον","ἅγιος"
"41","13","12","C","","⸂καὶ","καὶ","καί","καί"
"41","13","12","V","3FAI-S","παραδώσει⸃","παραδώσει","παραδώσει","παραδίδωμι"
"41","13","12","N","NSM","ἀδελφὸς","ἀδελφὸς","ἀδελφός","ἀδελφός"
"41","13","12","N","ASM","ἀδελφὸν","ἀδελφὸν","ἀδελφόν","ἀδελφός"
"41","13","12","P","","εἰς","εἰς","εἰς","εἰς"
"41","13","12","N","ASM","θάνατον","θάνατον","θάνατον","θάνατος"
"41","13","12","C","","καὶ","καὶ","καί","καί"
"41","13","12","N","NSM","πατὴρ","πατὴρ","πατήρ","πατήρ"
"41","13","12","N","ASN","τέκνον,","τέκνον","τέκνον","τέκνον"
"41","13","12","C","","καὶ","καὶ","καί","καί"
"41","13","12","V","3FMI-P","ἐπαναστήσονται","ἐπαναστήσονται","ἐπαναστήσονται","ἐπανίσταμαι"
"41","13","12","N","NPN","τέκνα","τέκνα","τέκνα","τέκνον"
"41","13","12","P","","ἐπὶ","ἐπὶ","ἐπί","ἐπί"
"41","13","12","N","APM","γονεῖς","γονεῖς","γονεῖς","γονεύς"
"41","13","12","C","","καὶ","καὶ","καί","καί"
"41","13","12","V","3FAI-P","θανατώσουσιν","θανατώσουσιν","θανατώσουσι(ν)","θανατόω"
"41","13","12","RP","APM","αὐτούς·","αὐτούς","αὐτούς","αὐτός"
"41","13","13","C","","καὶ","καὶ","καί","καί"
"41","13","13","V","2FMI-P","ἔσεσθε","ἔσεσθε","ἔσεσθε","εἰμί"
"41","13","13","V","PPPNPM","μισούμενοι","μισούμενοι","μισούμενοι","μισέω"
"41","13","13","P","","ὑπὸ","ὑπὸ","ὑπό","ὑπό"
"41","13","13","A","GPM","πάντων","πάντων","πάντων","πᾶς"
"41","13","13","P","","διὰ","διὰ","διά","διά"
"41","13","13","RA","ASN","τὸ","τὸ","τό","ὁ"
"41","13","13","N","ASN","ὄνομά","ὄνομά","ὄνομα","ὄνομα"
"41","13","13","RP","GS","μου.","μου","μου","ἐγώ"
"41","13","13","RA","NSM","ὁ","ὁ","ὁ","ὁ"
"41","13","13","C","","δὲ","δὲ","δέ","δέ"
"41","13","13","V","AAPNSM","ὑπομείνας","ὑπομείνας","ὑπομείνας","ὑπομένω"
"41","13","13","P","","εἰς","εἰς","εἰς","εἰς"
"41","13","13","N","ASN","τέλος","τέλος","τέλος","τέλος"
"41","13","13","RD","NSM","οὗτος","οὗτος","οὗτος","οὗτος"
"41","13","13","V","3FPI-S","σωθήσεται.","σωθήσεται","σωθήσεται","σῴζω"
"41","13","14","C","","Ὅταν","Ὅταν","ὅταν","ὅταν"
"41","13","14","C","","δὲ","δὲ","δέ","δέ"
"41","13","14","V","2AAS-P","ἴδητε","ἴδητε","ἴδητε","ὁράω"
"41","13","14","RA","ASN","τὸ","τὸ","τό","ὁ"
"41","13","14","N","ASN","βδέλυγμα","βδέλυγμα","βδέλυγμα","βδέλυγμα"
"41","13","14","RA","GSF","τῆς","τῆς","τῆς","ὁ"
"41","13","14","N","GSF","ἐρημώσεως","ἐρημώσεως","ἐρημώσεως","ἐρήμωσις"
"41","13","14","V","XAPASM","⸀ἑστηκότα","ἑστηκότα","ἑστηκότα","ἵστημι"
"41","13","14","C","","ὅπου","ὅπου","ὅπου","ὅπου"
"41","13","14","D","","οὐ","οὐ","οὐ","οὐ"
"41","13","14","V","3PAI-S","δεῖ,","δεῖ","δεῖ","δέω"
"41","13","14","RA","NSM","ὁ","ὁ","ὁ","ὁ"
"41","13","14","V","PAPNSM","ἀναγινώσκων","ἀναγινώσκων","ἀναγινώσκων","ἀναγινώσκω"
"41","13","14","V","3PAD-S","νοείτω,","νοείτω","νοείτω","νοέω"
"41","13","14","D","","τότε","τότε","τότε","τότε"
"41","13","14","RA","NPM","οἱ","οἱ","οἱ","ὁ"
"41","13","14","P","","ἐν","ἐν","ἐν","ἐν"
"41","13","14","RA","DSF","τῇ","τῇ","τῇ","ὁ"
"41","13","14","N","DSF","Ἰουδαίᾳ","Ἰουδαίᾳ","Ἰουδαίᾳ","Ἰουδαία"
"41","13","14","V","3PAD-P","φευγέτωσαν","φευγέτωσαν","φευγέτωσαν","φεύγω"
"41","13","14","P","","εἰς","εἰς","εἰς","εἰς"
"41","13","14","RA","APN","τὰ","τὰ","τά","ὁ"
"41","13","14","N","APN","ὄρη,","ὄρη","ὄρη","ὄρος"
"41","13","15","RA","NSM","⸀ὁ","ὁ","ὁ","ὁ"
"41","13","15","P","","ἐπὶ","ἐπὶ","ἐπί","ἐπί"
"41","13","15","RA","GSN","τοῦ","τοῦ","τοῦ","ὁ"
"41","13","15","N","GSN","δώματος","δώματος","δώματος","δῶμα"
"41","13","15","D","","μὴ","μὴ","μή","μή"
"41","13","15","V","3AAD-S","⸀καταβάτω","καταβάτω","καταβάτω","καταβαίνω"
"41","13","15","C","","μηδὲ","μηδὲ","μηδέ","μηδέ"
"41","13","15","V","3AAD-S","εἰσελθάτω","εἰσελθάτω","εἰσελθάτω","εἰσέρχομαι"
"41","13","15","RI","ASN","⸂τι","τι","τὶ","τις"
"41","13","15","V","AAN","ἆραι⸃","ἆραι","ἆραι","αἴρω"
"41","13","15","P","","ἐκ","ἐκ","ἐκ","ἐκ"
"41","13","15","RA","GSF","τῆς","τῆς","τῆς","ὁ"
"41","13","15","N","GSF","οἰκίας","οἰκίας","οἰκίας","οἰκία"
"41","13","15","RP","GSM","αὐτοῦ,","αὐτοῦ","αὐτοῦ","αὐτός"
"41","13","16","C","","καὶ","καὶ","καί","καί"
"41","13","16","RA","NSM","ὁ","ὁ","ὁ","ὁ"
"41","13","16","P","","εἰς","εἰς","εἰς","εἰς"
"41","13","16","RA","ASM","τὸν","τὸν","τόν","ὁ"
"41","13","16","N","ASM","⸀ἀγρὸν","ἀγρὸν","ἀγρόν","ἀγρός"
"41","13","16","D","","μὴ","μὴ","μή","μή"
"41","13","16","V","3AAD-S","ἐπιστρεψάτω","ἐπιστρεψάτω","ἐπιστρεψάτω","ἐπιστρέφω"
"41","13","16","P","","εἰς","εἰς","εἰς","εἰς"
"41","13","16","RA","APN","τὰ","τὰ","τά","ὁ"
"41","13","16","D","","ὀπίσω","ὀπίσω","ὀπίσω","ὀπίσω"
"41","13","16","V","AAN","ἆραι","ἆραι","ἆραι","αἴρω"
"41","13","16","RA","ASN","τὸ","τὸ","τό","ὁ"
"41","13","16","N","ASN","ἱμάτιον","ἱμάτιον","ἱμάτιον","ἱμάτιον"
"41","13","16","RP","GSM","αὐτοῦ.","αὐτοῦ","αὐτοῦ","αὐτός"
"41","13","17","X","","οὐαὶ","οὐαὶ","οὐαί","οὐαί"
"41","13","17","C","","δὲ","δὲ","δέ","δέ"
"41","13","17","RA","DPF","ταῖς","ταῖς","ταῖς","ὁ"
"41","13","17","P","","ἐν","ἐν","ἐν","ἐν"
"41","13","17","N","DSF","γαστρὶ","γαστρὶ","γαστρί","γαστήρ"
"41","13","17","V","PAPDPF","ἐχούσαις","ἐχούσαις","ἐχούσαις","ἔχω"
"41","13","17","C","","καὶ","καὶ","καί","καί"
"41","13","17","RA","DPF","ταῖς","ταῖς","ταῖς","ὁ"
"41","13","17","V","PAPDPF","θηλαζούσαις","θηλαζούσαις","θηλαζούσαις","θηλάζω"
"41","13","17","P","","ἐν","ἐν","ἐν","ἐν"
"41","13","17","RD","DPF","ἐκείναις","ἐκείναις","ἐκείναις","ἐκεῖνος"
"41","13","17","RA","DPF","ταῖς","ταῖς","ταῖς","ὁ"
"41","13","17","N","DPF","ἡμέραις.","ἡμέραις","ἡμέραις","ἡμέρα"
"41","13","18","V","2PMD-P","προσεύχεσθε","προσεύχεσθε","προσεύχεσθε","προσεύχομαι"
"41","13","18","C","","δὲ","δὲ","δέ","δέ"
"41","13","18","C","","ἵνα","ἵνα","ἵνα","ἵνα"
"41","13","18","D","","μὴ","μὴ","μή","μή"
"41","13","18","V","3AMS-S","⸀γένηται","γένηται","γένηται","γίνομαι"
"41","13","18","N","GSM","χειμῶνος·","χειμῶνος","χειμῶνος","χειμών"
"41","13","19","V","3FMI-P","ἔσονται","ἔσονται","ἔσονται","εἰμί"
"41","13","19","C","","γὰρ","γὰρ","γάρ","γάρ"
"41","13","19","RA","NPF","αἱ","αἱ","αἱ","ὁ"
"41","13","19","N","NPF","ἡμέραι","ἡμέραι","ἡμέραι","ἡμέρα"
"41","13","19","RD","NPF","ἐκεῖναι","ἐκεῖναι","ἐκεῖναι","ἐκεῖνος"
"41","13","19","N","NSF","θλῖψις","θλῖψις","θλῖψις","θλῖψις"
"41","13","19","RR","NSF","οἵα","οἵα","οἵα","οἷος"
"41","13","19","D","","οὐ","οὐ","οὐ","οὐ"
"41","13","19","V","3XAI-S","γέγονεν","γέγονεν","γέγονε(ν)","γίνομαι"
"41","13","19","RD","NSF","τοιαύτη","τοιαύτη","τοιαύτη","τοιοῦτος"
"41","13","19","P","","ἀπ’","ἀπ’","ἀπό","ἀπό"
"41","13","19","N","GSF","ἀρχῆς","ἀρχῆς","ἀρχῆς","ἀρχή"
"41","13","19","N","GSF","κτίσεως","κτίσεως","κτίσεως","κτίσις"
"41","13","19","RR","ASF","⸀ἣν","ἣν","ἥν","ὅς"
"41","13","19","V","3AAI-S","ἔκτισεν","ἔκτισεν","ἔκτισε(ν)","κτίζω"
"41","13","19","RA","NSM","ὁ","ὁ","ὁ","ὁ"
"41","13","19","N","NSM","θεὸς","θεὸς","θεός","θεός"
"41","13","19","P","","ἕως","ἕως","ἕως","ἕως"
"41","13","19","RA","GSM","τοῦ","τοῦ","τοῦ","ὁ"
"41","13","19","D","","νῦν","νῦν","νῦν","νῦν"
"41","13","19","C","","καὶ","καὶ","καί","καί"
"41","13","19","D","","οὐ","οὐ","οὐ","οὐ"
"41","13","19","D","","μὴ","μὴ","μή","μή"
"41","13","19","V","3AMS-S","γένηται.","γένηται","γένηται","γίνομαι"
"41","13","20","C","","καὶ","καὶ","καί","καί"
"41","13","20","C","","εἰ","εἰ","εἰ","εἰ"
"41","13","20","D","","μὴ","μὴ","μή","μή"
"41","13","20","V","3AAI-S","⸂ἐκολόβωσεν","ἐκολόβωσεν","ἐκολόβωσε(ν)","κολοβόω"
"41","13","20","N","NSM","κύριος⸃","κύριος","κύριος","κύριος"
"41","13","20","RA","APF","τὰς","τὰς","τάς","ὁ"
"41","13","20","N","APF","ἡμέρας,","ἡμέρας","ἡμέρας","ἡμέρα"
"41","13","20","D","","οὐκ","οὐκ","οὐ","οὐ"
"41","13","20","X","","ἂν","ἂν","ἄν","ἄν"
"41","13","20","V","3API-S","ἐσώθη","ἐσώθη","ἐσώθη","σῴζω"
"41","13","20","A","NSF","πᾶσα","πᾶσα","πᾶσα","πᾶς"
"41","13","20","N","NSF","σάρξ.","σάρξ","σάρξ","σάρξ"
"41","13","20","C","","ἀλλὰ","ἀλλὰ","ἀλλά","ἀλλά"
"41","13","20","P","","διὰ","διὰ","διά","διά"
"41","13","20","RA","APM","τοὺς","τοὺς","τούς","ὁ"
"41","13","20","A","APM","ἐκλεκτοὺς","ἐκλεκτοὺς","ἐκλεκτούς","ἐκλεκτός"
"41","13","20","RR","APM","οὓς","οὓς","οὕς","ὅς"
"41","13","20","V","3AMI-S","ἐξελέξατο","ἐξελέξατο","ἐξελέξατο","ἐκλέγομαι"
"41","13","20","V","3AAI-S","ἐκολόβωσεν","ἐκολόβωσεν","ἐκολόβωσε(ν)","κολοβόω"
"41","13","20","RA","APF","τὰς","τὰς","τάς","ὁ"
"41","13","20","N","APF","ἡμέρας.","ἡμέρας","ἡμέρας","ἡμέρα"
"41","13","21","C","","⸀καὶ","καὶ","καί","καί"
"41","13","21","D","","τότε","τότε","τότε","τότε"
"41","13","21","C","","ἐάν","ἐάν","ἐάν","ἐάν"
"41","13","21","RI","NSM","τις","τις","τὶς","τις"
"41","13","21","RP","DP","ὑμῖν","ὑμῖν","ὑμῖν","σύ"
"41","13","21","V","3AAS-S","εἴπῃ·","εἴπῃ","εἴπῃ","λέγω"
"41","13","21","X","","⸀Ἴδε","Ἴδε","ἴδε","ἴδε"
"41","13","21","D","","ὧδε","ὧδε","ὧδε","ὧδε"
"41","13","21","RA","NSM","ὁ","ὁ","ὁ","ὁ"
"41","13","21","N","NSM","⸀χριστός,","χριστός","Χριστός","Χριστός"
"41","13","21","X","","⸁Ἴδε","Ἴδε","ἴδε","ἴδε"
"41","13","21","D","","ἐκεῖ,","ἐκεῖ","ἐκεῖ","ἐκεῖ"
"41","13","21","D","","μὴ","μὴ","μή","μή"
"41","13","21","V","2PAD-P","πιστεύετε·","πιστεύετε","πιστεύετε","πιστεύω"
"41","13","22","V","3FPI-P","ἐγερθήσονται","ἐγερθήσονται","ἐγερθήσονται","ἐγείρω"
"41","13","22","C","","γὰρ","γὰρ","γάρ","γάρ"
"41","13","22","N","NPM","ψευδόχριστοι","ψευδόχριστοι","ψευδόχριστοι","ψευδόχριστος"
"41","13","22","C","","καὶ","καὶ","καί","καί"
"41","13","22","N","NPM","ψευδοπροφῆται","ψευδοπροφῆται","ψευδοπροφῆται","ψευδοπροφήτης"
"41","13","22","C","","καὶ","καὶ","καί","καί"
"41","13","22","V","3FAI-P","δώσουσιν","δώσουσιν","δώσουσι(ν)","δίδωμι"
"41","13","22","N","APN","σημεῖα","σημεῖα","σημεῖα","σημεῖον"
"41","13","22","C","","καὶ","καὶ","καί","καί"
"41","13","22","N","APN","τέρατα","τέρατα","τέρατα","τέρας"
"41","13","22","P","","πρὸς","πρὸς","πρός","πρός"
"41","13","22","RA","ASN","τὸ","τὸ","τό","ὁ"
"41","13","22","V","PAN","ἀποπλανᾶν","ἀποπλανᾶν","ἀποπλανᾶν","ἀποπλανάω"
"41","13","22","C","","εἰ","εἰ","εἰ","εἰ"
"41","13","22","A","NSN","⸀δυνατὸν","δυνατὸν","δυνατόν","δυνατός"
"41","13","22","RA","APM","τοὺς","τοὺς","τούς","ὁ"
"41","13","22","A","APM","ἐκλεκτούς·","ἐκλεκτούς","ἐκλεκτούς","ἐκλεκτός"
"41","13","23","RP","NP","ὑμεῖς","ὑμεῖς","ὑμεῖς","σύ"
"41","13","23","C","","δὲ","δὲ","δέ","δέ"
"41","13","23","V","2PAD-P","βλέπετε·","βλέπετε","βλέπετε","βλέπω"
"41","13","23","V","1XAI-S","⸀προείρηκα","προείρηκα","προείρηκα","προλέγω"
"41","13","23","RP","DP","ὑμῖν","ὑμῖν","ὑμῖν","σύ"
"41","13","23","A","APN","πάντα.","πάντα","πάντα","πᾶς"
"41","13","24","C","","Ἀλλὰ","Ἀλλὰ","ἀλλά","ἀλλά"
"41","13","24","P","","ἐν","ἐν","ἐν","ἐν"
"41","13","24","RD","DPF","ἐκείναις","ἐκείναις","ἐκείναις","ἐκεῖνος"
"41","13","24","RA","DPF","ταῖς","ταῖς","ταῖς","ὁ"
"41","13","24","N","DPF","ἡμέραις","ἡμέραις","ἡμέραις","ἡμέρα"
"41","13","24","P","","μετὰ","μετὰ","μετά","μετά"
"41","13","24","RA","ASF","τὴν","τὴν","τήν","ὁ"
"41","13","24","N","ASF","θλῖψιν","θλῖψιν","θλῖψιν","θλῖψις"
"41","13","24","RD","ASF","ἐκείνην","ἐκείνην","ἐκείνην","ἐκεῖνος"
"41","13","24","RA","NSM","ὁ","ὁ","ὁ","ὁ"
"41","13","24","N","NSM","ἥλιος","ἥλιος","ἥλιος","ἥλιος"
"41","13","24","V","3FPI-S","σκοτισθήσεται,","σκοτισθήσεται","σκοτισθήσεται","σκοτίζομαι"
"41","13","24","C","","καὶ","καὶ","καί","καί"
"41","13","24","RA","NSF","ἡ","ἡ","ἡ","ὁ"
"41","13","24","N","NSF","σελήνη","σελήνη","σελήνη","σελήνη"
"41","13","24","D","","οὐ","οὐ","οὐ","οὐ"
"41","13","24","V","3FAI-S","δώσει","δώσει","δώσει","δίδωμι"
"41","13","24","RA","ASN","τὸ","τὸ","τό","ὁ"
"41","13","24","N","ASN","φέγγος","φέγγος","φέγγος","φέγγος"
"41","13","24","RP","GSF","αὐτῆς,","αὐτῆς","αὐτῆς","αὐτός"
"41","13","25","C","","καὶ","καὶ","καί","καί"
"41","13","25","RA","NPM","οἱ","οἱ","οἱ","ὁ"
"41","13","25","N","NPM","ἀστέρες","ἀστέρες","ἀστέρες","ἀστήρ"
"41","13","25","V","3FMI-P","⸂ἔσονται","ἔσονται","ἔσονται","εἰμί"
"41","13","25","P","","ἐκ","ἐκ","ἐκ","ἐκ"
"41","13","25","RA","GSM","τοῦ","τοῦ","τοῦ","ὁ"
"41","13","25","N","GSM","οὐρανοῦ","οὐρανοῦ","οὐρανοῦ","οὐρανός"
"41","13","25","V","PAPNPM","πίπτοντες⸃,","πίπτοντες","πίπτοντες","πίπτω"
"41","13","25","C","","καὶ","καὶ","καί","καί"
"41","13","25","RA","NPF","αἱ","αἱ","αἱ","ὁ"
"41","13","25","N","NPF","δυνάμεις","δυνάμεις","δυνάμεις","δύναμις"
"41","13","25","RA","NPF","αἱ","αἱ","αἱ","ὁ"
"41","13","25","P","","ἐν","ἐν","ἐν","ἐν"
"41","13","25","RA","DPM","τοῖς","τοῖς","τοῖς","ὁ"
"41","13","25","N","DPM","οὐρανοῖς","οὐρανοῖς","οὐρανοῖς","οὐρανός"
"41","13","25","V","3FPI-P","σαλευθήσονται.","σαλευθήσονται","σαλευθήσονται","σαλεύω"
"41","13","26","C","","καὶ","καὶ","καί","καί"
"41","13","26","D","","τότε","τότε","τότε","τότε"
"41","13","26","V","3FMI-P","ὄψονται","ὄψονται","ὄψονται","ὁράω"
"41","13","26","RA","ASM","τὸν","τὸν","τόν","ὁ"
"41","13","26","N","ASM","υἱὸν","υἱὸν","υἱόν","υἱός"
"41","13","26","RA","GSM","τοῦ","τοῦ","τοῦ","ὁ"
"41","13","26","N","GSM","ἀνθρώπου","ἀνθρώπου","ἀνθρώπου","ἄνθρωπος"
"41","13","26","V","PMPASM","ἐρχόμενον","ἐρχόμενον","ἐρχόμενον","ἔρχομαι"
"41","13","26","P","","ἐν","ἐν","ἐν","ἐν"
"41","13","26","N","DPF","νεφέλαις","νεφέλαις","νεφέλαις","νεφέλη"
"41","13","26","P","","μετὰ","μετὰ","μετά","μετά"
"41","13","26","N","GSF","δυνάμεως","δυνάμεως","δυνάμεως","δύναμις"
"41","13","26","A","GSF","πολλῆς","πολλῆς","πολλῆς","πολύς"
"41","13","26","C","","καὶ","καὶ","καί","καί"
"41","13","26","N","GSF","δόξης·","δόξης","δόξης","δόξα"
"41","13","27","C","","καὶ","καὶ","καί","καί"
"41","13","27","D","","τότε","τότε","τότε","τότε"
"41","13","27","V","3FAI-S","ἀποστελεῖ","ἀποστελεῖ","ἀποστελεῖ","ἀποστέλλω"
"41","13","27","RA","APM","τοὺς","τοὺς","τούς","ὁ"
"41","13","27","N","APM","⸀ἀγγέλους","ἀγγέλους","ἀγγέλους","ἄγγελος"
"41","13","27","C","","καὶ","καὶ","καί","καί"
"41","13","27","V","3FAI-S","ἐπισυνάξει","ἐπισυνάξει","ἐπισυνάξει","ἐπισυνάγω"
"41","13","27","RA","APM","τοὺς","τοὺς","τούς","ὁ"
"41","13","27","A","APM","⸀ἐκλεκτοὺς","ἐκλεκτοὺς","ἐκλεκτούς","ἐκλεκτός"
"41","13","27","P","","ἐκ","ἐκ","ἐκ","ἐκ"
"41","13","27","RA","GPM","τῶν","τῶν","τῶν","ὁ"
"41","13","27","A","GPM","τεσσάρων","τεσσάρων","τεσσάρων","τέσσαρες"
"41","13","27","N","GPM","ἀνέμων","ἀνέμων","ἀνέμων","ἄνεμος"
"41","13","27","P","","ἀπ’","ἀπ’","ἀπό","ἀπό"
"41","13","27","N","GSN","ἄκρου","ἄκρου","ἄκρου","ἄκρον"
"41","13","27","N","GSF","γῆς","γῆς","γῆς","γῆ"
"41","13","27","P","","ἕως","ἕως","ἕως","ἕως"
"41","13","27","N","GSN","ἄκρου","ἄκρου","ἄκρου","ἄκρον"
"41","13","27","N","GSM","οὐρανοῦ.","οὐρανοῦ","οὐρανοῦ","οὐρανός"
"41","13","28","P","","Ἀπὸ","Ἀπὸ","ἀπό","ἀπό"
"41","13","28","C","","δὲ","δὲ","δέ","δέ"
"41","13","28","RA","GSF","τῆς","τῆς","τῆς","ὁ"
"41","13","28","N","GSF","συκῆς","συκῆς","συκῆς","συκῆ"
"41","13","28","V","2AAD-P","μάθετε","μάθετε","μάθετε","μανθάνω"
"41","13","28","RA","ASF","τὴν","τὴν","τήν","ὁ"
"41","13","28","N","ASF","παραβολήν·","παραβολήν","παραβολήν","παραβολή"
"41","13","28","C","","ὅταν","ὅταν","ὅταν","ὅταν"
"41","13","28","D","","⸂ἤδη","ἤδη","ἤδη","ἤδη"
"41","13","28","RA","NSM","ὁ","ὁ","ὁ","ὁ"
"41","13","28","N","NSM","κλάδος","κλάδος","κλάδος","κλάδος"
"41","13","28","RP","GSF","αὐτῆς⸃","αὐτῆς","αὐτῆς","αὐτός"
"41","13","28","A","NSM","ἁπαλὸς","ἁπαλὸς","ἁπαλός","ἁπαλός"
"41","13","28","V","3AMS-S","γένηται","γένηται","γένηται","γίνομαι"
"41","13","28","C","","καὶ","καὶ","καί","καί"
"41","13","28","V","3PAS-S","ἐκφύῃ","ἐκφύῃ","ἐκφύῃ","ἐκφύω"
"41","13","28","RA","APN","τὰ","τὰ","τά","ὁ"
"41","13","28","N","APN","φύλλα,","φύλλα","φύλλα","φύλλον"
"41","13","28","V","2PAI-P","γινώσκετε","γινώσκετε","γινώσκετε","γινώσκω"
"41","13","28","C","","ὅτι","ὅτι","ὅτι","ὅτι"
"41","13","28","D","","ἐγγὺς","ἐγγὺς","ἐγγύς","ἐγγύς"
"41","13","28","RA","NSN","τὸ","τὸ","τό","ὁ"
"41","13","28","N","NSN","θέρος","θέρος","θέρος","θέρος"
"41","13","28","V","3PAI-S","ἐστίν·","ἐστίν","ἐστί(ν)","εἰμί"
"41","13","29","D","","οὕτως","οὕτως","οὕτω(ς)","οὕτω(ς)"
"41","13","29","D","","καὶ","καὶ","καί","καί"
"41","13","29","RP","NP","ὑμεῖς,","ὑμεῖς","ὑμεῖς","σύ"
"41","13","29","C","","ὅταν","ὅταν","ὅταν","ὅταν"
"41","13","29","V","2AAS-P","⸂ἴδητε","ἴδητε","ἴδητε","ὁράω"
"41","13","29","RD","APN","ταῦτα⸃","ταῦτα","ταῦτα","οὗτος"
"41","13","29","V","PMPAPN","γινόμενα,","γινόμενα","γινόμενα","γίνομαι"
"41","13","29","V","2PAD-P","γινώσκετε","γινώσκετε","γινώσκετε","γινώσκω"
"41","13","29","C","","ὅτι","ὅτι","ὅτι","ὅτι"
"41","13","29","D","","ἐγγύς","ἐγγύς","ἐγγύς","ἐγγύς"
"41","13","29","V","3PAI-S","ἐστιν","ἐστιν","ἐστί(ν)","εἰμί"
"41","13","29","P","","ἐπὶ","ἐπὶ","ἐπί","ἐπί"
"41","13","29","N","DPF","θύραις.","θύραις","θύραις","θύρα"
"41","13","30","X","","ἀμὴν","ἀμὴν","ἀμήν","ἀμήν"
"41","13","30","V","1PAI-S","λέγω","λέγω","λέγω","λέγω"
"41","13","30","RP","DP","ὑμῖν","ὑμῖν","ὑμῖν","σύ"
"41","13","30","C","","ὅτι","ὅτι","ὅτι","ὅτι"
"41","13","30","D","","οὐ","οὐ","οὐ","οὐ"
"41","13","30","D","","μὴ","μὴ","μή","μή"
"41","13","30","V","3AAS-S","παρέλθῃ","παρέλθῃ","παρέλθῃ","παρέρχομαι"
"41","13","30","RA","NSF","ἡ","ἡ","ἡ","ὁ"
"41","13","30","N","NSF","γενεὰ","γενεὰ","γενεά","γενεά"
"41","13","30","RD","NSF","αὕτη","αὕτη","αὕτη","οὗτος"
"41","13","30","P","","μέχρις","μέχρις","μέχρι(ς)","μέχρι(ς)"
"41","13","30","RR","GSM","οὗ","οὗ","οὗ","ὅς"
"41","13","30","RD","NPN","⸂ταῦτα","ταῦτα","ταῦτα","οὗτος"
"41","13","30","A","NPN","πάντα⸃","πάντα","πάντα","πᾶς"
"41","13","30","V","3AMS-S","γένηται.","γένηται","γένηται","γίνομαι"
"41","13","31","RA","NSM","ὁ","ὁ","ὁ","ὁ"
"41","13","31","N","NSM","οὐρανὸς","οὐρανὸς","οὐρανός","οὐρανός"
"41","13","31","C","","καὶ","καὶ","καί","καί"
"41","13","31","RA","NSF","ἡ","ἡ","ἡ","ὁ"
"41","13","31","N","NSF","γῆ","γῆ","γῆ","γῆ"
"41","13","31","V","3FMI-P","⸀παρελεύσονται,","παρελεύσονται","παρελεύσονται","παρέρχομαι"
"41","13","31","RA","NPM","οἱ","οἱ","οἱ","ὁ"
"41","13","31","C","","δὲ","δὲ","δέ","δέ"
"41","13","31","N","NPM","λόγοι","λόγοι","λόγοι","λόγος"
"41","13","31","RP","GS","μου","μου","μου","ἐγώ"
"41","13","31","D","","οὐ","οὐ","οὐ","οὐ"
"41","13","31","D","","⸀μὴ","μὴ","μή","μή"
"41","13","31","V","3FMI-P","⸁παρελεύσονται.","παρελεύσονται","παρελεύσονται","παρέρχομαι"
"41","13","32","P","","Περὶ","Περὶ","περί","περί"
"41","13","32","C","","δὲ","δὲ","δέ","δέ"
"41","13","32","RA","GSF","τῆς","τῆς","τῆς","ὁ"
"41","13","32","N","GSF","ἡμέρας","ἡμέρας","ἡμέρας","ἡμέρα"
"41","13","32","RD","GSF","ἐκείνης","ἐκείνης","ἐκείνης","ἐκεῖνος"
"41","13","32","C","","ἢ","ἢ","ἤ","ἤ"
"41","13","32","RA","GSF","⸀τῆς","τῆς","τῆς","ὁ"
"41","13","32","N","GSF","ὥρας","ὥρας","ὥρας","ὥρα"
"41","13","32","A","NSM","οὐδεὶς","οὐδεὶς","οὐδείς","οὐδείς"
"41","13","32","V","3XAI-S","οἶδεν,","οἶδεν","οἶδε(ν)","οἶδα"
"41","13","32","D","","οὐδὲ","οὐδὲ","οὐδέ","οὐδέ"
"41","13","32","RA","NPM","οἱ","οἱ","οἱ","ὁ"
"41","13","32","N","NPM","ἄγγελοι","ἄγγελοι","ἄγγελοι","ἄγγελος"
"41","13","32","P","","⸀ἐν","ἐν","ἐν","ἐν"
"41","13","32","N","DSM","οὐρανῷ","οὐρανῷ","οὐρανῷ","οὐρανός"
"41","13","32","C","","οὐδὲ","οὐδὲ","οὐδέ","οὐδέ"
"41","13","32","RA","NSM","ὁ","ὁ","ὁ","ὁ"
"41","13","32","N","NSM","υἱός,","υἱός","υἱός","υἱός"
"41","13","32","C","","εἰ","εἰ","εἰ","εἰ"
"41","13","32","D","","μὴ","μὴ","μή","μή"
"41","13","32","RA","NSM","ὁ","ὁ","ὁ","ὁ"
"41","13","32","N","NSM","πατήρ.","πατήρ","πατήρ","πατήρ"
"41","13","33","V","2PAD-P","βλέπετε","βλέπετε","βλέπετε","βλέπω"
"41","13","33","V","2PAD-P","⸀ἀγρυπνεῖτε,","ἀγρυπνεῖτε","ἀγρυπνεῖτε","ἀγρυπνέω"
"41","13","33","D","","οὐκ","οὐκ","οὐ","οὐ"
"41","13","33","V","2XAI-P","οἴδατε","οἴδατε","οἴδατε","οἶδα"
"41","13","33","C","","γὰρ","γὰρ","γάρ","γάρ"
"41","13","33","D","","πότε","πότε","πότε","πότε"
"41","13","33","RA","NSM","ὁ","ὁ","ὁ","ὁ"
"41","13","33","N","NSM","καιρός","καιρός","καιρός","καιρός"
"41","13","33","V","3PAI-S","ἐστιν·","ἐστιν","ἐστί(ν)","εἰμί"
"41","13","34","C","","ὡς","ὡς","ὡς","ὡς"
"41","13","34","N","NSM","ἄνθρωπος","ἄνθρωπος","ἄνθρωπος","ἄνθρωπος"
"41","13","34","A","NSM","ἀπόδημος","ἀπόδημος","ἀπόδημος","ἀπόδημος"
"41","13","34","V","AAPNSM","ἀφεὶς","ἀφεὶς","ἀφείς","ἀφίημι"
"41","13","34","RA","ASF","τὴν","τὴν","τήν","ὁ"
"41","13","34","N","ASF","οἰκίαν","οἰκίαν","οἰκίαν","οἰκία"
"41","13","34","RP","GSM","αὐτοῦ","αὐτοῦ","αὐτοῦ","αὐτός"
"41","13","34","C","","καὶ","καὶ","καί","καί"
"41","13","34","V","AAPNSM","δοὺς","δοὺς","δούς","δίδωμι"
"41","13","34","RA","DPM","τοῖς","τοῖς","τοῖς","ὁ"
"41","13","34","N","DPM","δούλοις","δούλοις","δούλοις","δοῦλος"
"41","13","34","RP","GSM","αὐτοῦ","αὐτοῦ","αὐτοῦ","αὐτός"
"41","13","34","RA","ASF","τὴν","τὴν","τήν","ὁ"
"41","13","34","N","ASF","ἐξουσίαν,","ἐξουσίαν","ἐξουσίαν","ἐξουσία"
"41","13","34","A","DSM","⸀ἑκάστῳ","ἑκάστῳ","ἑκάστῳ","ἕκαστος"
"41","13","34","RA","ASN","τὸ","τὸ","τό","ὁ"
"41","13","34","N","ASN","ἔργον","ἔργον","ἔργον","ἔργον"
"41","13","34","RP","GSM","αὐτοῦ,","αὐτοῦ","αὐτοῦ","αὐτός"
"41","13","34","C","","καὶ","καὶ","καί","καί"
"41","13","34","RA","DSM","τῷ","τῷ","τῷ","ὁ"
"41","13","34","N","DSM","θυρωρῷ","θυρωρῷ","θυρωρῷ","θυρωρός"
"41","13","34","V","3AMI-S","ἐνετείλατο","ἐνετείλατο","ἐνετείλατο","ἐντέλλομαι"
"41","13","34","C","","ἵνα","ἵνα","ἵνα","ἵνα"
"41","13","34","V","3PAS-S","γρηγορῇ.","γρηγορῇ","γρηγορῇ","γρηγορέω"
"41","13","35","V","2PAD-P","γρηγορεῖτε","γρηγορεῖτε","γρηγορεῖτε","γρηγορέω"
"41","13","35","C","","οὖν,","οὖν","οὖν","οὖν"
"41","13","35","D","","οὐκ","οὐκ","οὐ","οὐ"
"41","13","35","V","2XAI-P","οἴδατε","οἴδατε","οἴδατε","οἶδα"
"41","13","35","C","","γὰρ","γὰρ","γάρ","γάρ"
"41","13","35","D","","πότε","πότε","πότε","πότε"
"41","13","35","RA","NSM","ὁ","ὁ","ὁ","ὁ"
"41","13","35","N","NSM","κύριος","κύριος","κύριος","κύριος"
"41","13","35","RA","GSF","τῆς","τῆς","τῆς","ὁ"
"41","13","35","N","GSF","οἰκίας","οἰκίας","οἰκίας","οἰκία"
"41","13","35","V","3PMI-S","ἔρχεται,","ἔρχεται","ἔρχεται","ἔρχομαι"
"41","13","35","C","","⸀ἢ","ἢ","ἤ","ἤ"
"41","13","35","D","","ὀψὲ","ὀψὲ","ὀψέ","ὀψέ"
"41","13","35","C","","ἢ","ἢ","ἤ","ἤ"
"41","13","35","N","ASN","⸀μεσονύκτιον","μεσονύκτιον","μεσονύκτιον","μεσονύκτιον"
"41","13","35","C","","ἢ","ἢ","ἤ","ἤ"
"41","13","35","N","GSF","ἀλεκτοροφωνίας","ἀλεκτοροφωνίας","ἀλεκτοροφωνίας","ἀλεκτοροφωνία"
"41","13","35","C","","ἢ","ἢ","ἤ","ἤ"
"41","13","35","D","","πρωΐ,","πρωΐ","πρωΐ","πρωΐ"
"41","13","36","C","","μὴ","μὴ","μή","μή"
"41","13","36","V","AAPNSM","ἐλθὼν","ἐλθὼν","ἐλθών","ἔρχομαι"
"41","13","36","D","","ἐξαίφνης","ἐξαίφνης","ἐξαίφνης","ἐξαίφνης"
"41","13","36","V","3AAS-S","εὕρῃ","εὕρῃ","εὕρῃ","εὑρίσκω"
"41","13","36","RP","AP","ὑμᾶς","ὑμᾶς","ὑμᾶς","σύ"
"41","13","36","V","PAPAPM","καθεύδοντας·","καθεύδοντας","καθεύδοντας","καθεύδω"
"41","13","37","RR","ASN","⸀ὃ","ὃ","ὅ","ὅς"
"41","13","37","C","","δὲ","δὲ","δέ","δέ"
"41","13","37","RP","DP","ὑμῖν","ὑμῖν","ὑμῖν","σύ"
"41","13","37","V","1PAI-S","λέγω","λέγω","λέγω","λέγω"
"41","13","37","A","DPM","πᾶσιν","πᾶσιν","πᾶσι(ν)","πᾶς"
"41","13","37","V","1PAI-S","λέγω·","λέγω","λέγω","λέγω"
"41","13","37","V","2PAD-P","γρηγορεῖτε.","γρηγορεῖτε","γρηγορεῖτε","γρηγορέω"
"41","14","01","V","3IAI-S","Ἦν","Ἦν","ἦν","εἰμί"
"41","14","01","C","","δὲ","δὲ","δέ","δέ"
"41","14","01","RA","NSN","τὸ","τὸ","τό","ὁ"
"41","14","01","N","NSN","πάσχα","πάσχα","πάσχα","πάσχα"
"41","14","01","C","","καὶ","καὶ","καί","καί"
"41","14","01","RA","NPN","τὰ","τὰ","τά","ὁ"
"41","14","01","A","NPN","ἄζυμα","ἄζυμα","ἄζυμα","ἄζυμος"
"41","14","01","P","","μετὰ","μετὰ","μετά","μετά"
"41","14","01","A","APF","δύο","δύο","δύο","δύο"
"41","14","01","N","APF","ἡμέρας.","ἡμέρας","ἡμέρας","ἡμέρα"
"41","14","01","C","","καὶ","καὶ","καί","καί"
"41","14","01","V","3IAI-P","ἐζήτουν","ἐζήτουν","ἐζήτουν","ζητέω"
"41","14","01","RA","NPM","οἱ","οἱ","οἱ","ὁ"
"41","14","01","N","NPM","ἀρχιερεῖς","ἀρχιερεῖς","ἀρχιερεῖς","ἀρχιερεύς"
"41","14","01","C","","καὶ","καὶ","καί","καί"
"41","14","01","RA","NPM","οἱ","οἱ","οἱ","ὁ"
"41","14","01","N","NPM","γραμματεῖς","γραμματεῖς","γραμματεῖς","γραμματεύς"
"41","14","01","D","","πῶς","πῶς","πῶς","πῶς"
"41","14","01","RP","ASM","αὐτὸν","αὐτὸν","αὐτόν","αὐτός"
"41","14","01","P","","ἐν","ἐν","ἐν","ἐν"
"41","14","01","N","DSM","δόλῳ","δόλῳ","δόλῳ","δόλος"
"41","14","01","V","AAPNPM","κρατήσαντες","κρατήσαντες","κρατήσαντες","κρατέω"
"41","14","01","V","3AAS-P","ἀποκτείνωσιν,","ἀποκτείνωσιν","ἀποκτείνωσι(ν)","ἀποκτείνω"
"41","14","02","V","3IAI-P","ἔλεγον","ἔλεγον","ἔλεγον","λέγω"
"41","14","02","C","","⸀γάρ·","γάρ","γάρ","γάρ"
"41","14","02","D","","Μὴ","Μὴ","μή","μή"
"41","14","02","P","","ἐν","ἐν","ἐν","ἐν"
"41","14","02","RA","DSF","τῇ","τῇ","τῇ","ὁ"
"41","14","02","N","DSF","ἑορτῇ,","ἑορτῇ","ἑορτῇ","ἑορτή"
"41","14","02","C","","μήποτε","μήποτε","μήποτε","μήποτε"
"41","14","02","V","3FMI-S","⸂ἔσται","ἔσται","ἔσται","εἰμί"
"41","14","02","N","NSM","θόρυβος⸃","θόρυβος","θόρυβος","θόρυβος"
"41","14","02","RA","GSM","τοῦ","τοῦ","τοῦ","ὁ"
"41","14","02","N","GSM","λαοῦ.","λαοῦ","λαοῦ","λαός"
"41","14","03","C","","Καὶ","Καὶ","καί","καί"
"41","14","03","V","PAPGSM","ὄντος","ὄντος","ὄντος","εἰμί"
"41","14","03","RP","GSM","αὐτοῦ","αὐτοῦ","αὐτοῦ","αὐτός"
"41","14","03","P","","ἐν","ἐν","ἐν","ἐν"
"41","14","03","N","DSF","Βηθανίᾳ","Βηθανίᾳ","Βηθανίᾳ","Βηθανία"
"41","14","03","P","","ἐν","ἐν","ἐν","ἐν"
"41","14","03","RA","DSF","τῇ","τῇ","τῇ","ὁ"
"41","14","03","N","DSF","οἰκίᾳ","οἰκίᾳ","οἰκίᾳ","οἰκία"
"41","14","03","N","GSM","Σίμωνος","Σίμωνος","Σίμωνος","Σίμων"
"41","14","03","RA","GSM","τοῦ","τοῦ","τοῦ","ὁ"
"41","14","03","A","GSM","λεπροῦ","λεπροῦ","λεπροῦ","λεπρός"
"41","14","03","V","PMPGSM","κατακειμένου","κατακειμένου","κατακειμένου","κατάκειμαι"
"41","14","03","RP","GSM","αὐτοῦ","αὐτοῦ","αὐτοῦ","αὐτός"
"41","14","03","V","3AAI-S","ἦλθεν","ἦλθεν","ἦλθε(ν)","ἔρχομαι"
"41","14","03","N","NSF","γυνὴ","γυνὴ","γυνή","γυνή"
"41","14","03","V","PAPNSF","ἔχουσα","ἔχουσα","ἔχουσα","ἔχω"
"41","14","03","N","ASF","ἀλάβαστρον","ἀλάβαστρον","ἀλάβαστρον","ἀλάβαστρος"
"41","14","03","N","GSN","μύρου","μύρου","μύρου","μύρον"
"41","14","03","N","GSF","νάρδου","νάρδου","νάρδου","νάρδος"
"41","14","03","A","GSF","πιστικῆς","πιστικῆς","πιστικῆς","πιστικός"
"41","14","03","A","GSF","πολυτελοῦς·","πολυτελοῦς","πολυτελοῦς","πολυτελής"
"41","14","03","V","AAPNSF","⸀συντρίψασα","συντρίψασα","συντρίψασα","συντρίβω"
"41","14","03","RA","ASF","⸀τὴν","τὴν","τήν","ὁ"
"41","14","03","N","ASF","ἀλάβαστρον","ἀλάβαστρον","ἀλάβαστρον","ἀλάβαστρος"
"41","14","03","V","3AAI-S","κατέχεεν","κατέχεεν","κατέχεε(ν)","καταχέω"
"41","14","03","RP","GSM","⸀αὐτοῦ","αὐτοῦ","αὐτοῦ","αὐτός"
"41","14","03","RA","GSF","τῆς","τῆς","τῆς","ὁ"
"41","14","03","N","GSF","κεφαλῆς.","κεφαλῆς","κεφαλῆς","κεφαλή"
"41","14","04","V","3IAI-P","ἦσαν","ἦσαν","ἦσαν","εἰμί"
"41","14","04","C","","δέ","δέ","δέ","δέ"
"41","14","04","RI","NPM","τινες","τινες","τινές","τις"
"41","14","04","V","PAPNPM","ἀγανακτοῦντες","ἀγανακτοῦντες","ἀγανακτοῦντες","ἀγανακτέω"
"41","14","04","P","","πρὸς","πρὸς","πρός","πρός"
"41","14","04","RP","APM","⸀ἑαυτούς·","ἑαυτούς","ἑαυτούς","ἑαυτοῦ"
"41","14","04","P","","Εἰς","Εἰς","εἰς","εἰς"
"41","14","04","RI","ASN","τί","τί","τί","τίς"
"41","14","04","RA","NSF","ἡ","ἡ","ἡ","ὁ"
"41","14","04","N","NSF","ἀπώλεια","ἀπώλεια","ἀπώλεια","ἀπώλεια"
"41","14","04","RD","NSF","αὕτη","αὕτη","αὕτη","οὗτος"
"41","14","04","RA","GSN","τοῦ","τοῦ","τοῦ","ὁ"
"41","14","04","N","GSN","μύρου","μύρου","μύρου","μύρον"
"41","14","04","V","3XAI-S","γέγονεν;","γέγονεν","γέγονε(ν)","γίνομαι"
"41","14","05","V","3IMI-S","ἠδύνατο","ἠδύνατο","ἠδύνατο","δύναμαι"
"41","14","05","C","","γὰρ","γὰρ","γάρ","γάρ"
"41","14","05","RD","NSN","τοῦτο","τοῦτο","τοῦτο","οὗτος"
"41","14","05","RA","NSN","⸂τὸ","τὸ","τό","ὁ"
"41","14","05","N","NSN","μύρον⸃","μύρον","μύρον","μύρον"
"41","14","05","V","APN","πραθῆναι","πραθῆναι","πραθῆναι","πιπράσκω"
"41","14","05","P","","ἐπάνω","ἐπάνω","ἐπάνω","ἐπάνω"
"41","14","05","N","GPN","⸂δηναρίων","δηναρίων","δηναρίων","δηνάριον"
"41","14","05","A","GPN","τριακοσίων⸃","τριακοσίων","τριακοσίων","τριακόσιοι"
"41","14","05","C","","καὶ","καὶ","καί","καί"
"41","14","05","V","APN","δοθῆναι","δοθῆναι","δοθῆναι","δίδωμι"
"41","14","05","RA","DPM","τοῖς","τοῖς","τοῖς","ὁ"
"41","14","05","A","DPM","πτωχοῖς·","πτωχοῖς","πτωχοῖς","πτωχός"
"41","14","05","C","","καὶ","καὶ","καί","καί"
"41","14","05","V","3IMI-P","ἐνεβριμῶντο","ἐνεβριμῶντο","ἐνεβριμῶντο","ἐμβριμάομαι"
"41","14","05","RP","DSF","αὐτῇ.","αὐτῇ","αὐτῇ","αὐτός"
"41","14","06","RA","NSM","ὁ","ὁ","ὁ","ὁ"
"41","14","06","C","","δὲ","δὲ","δέ","δέ"
"41","14","06","N","NSM","Ἰησοῦς","Ἰησοῦς","Ἰησοῦς","Ἰησοῦς"
"41","14","06","V","3AAI-S","εἶπεν·","εἶπεν","εἶπε(ν)","λέγω"
"41","14","06","V","2AAD-P","Ἄφετε","Ἄφετε","ἄφετε","ἀφίημι"
"41","14","06","RP","ASF","αὐτήν·","αὐτήν","αὐτήν","αὐτός"
"41","14","06","RI","ASN","τί","τί","τί","τίς"
"41","14","06","RP","DSF","αὐτῇ","αὐτῇ","αὐτῇ","αὐτός"
"41","14","06","N","APM","κόπους","κόπους","κόπους","κόπος"
"41","14","06","V","2PAI-P","παρέχετε;","παρέχετε","παρέχετε","παρέχω"
"41","14","06","A","ASN","καλὸν","καλὸν","καλόν","καλός"
"41","14","06","N","ASN","ἔργον","ἔργον","ἔργον","ἔργον"
"41","14","06","V","3AMI-S","ἠργάσατο","ἠργάσατο","ἠργάσατο","ἐργάζομαι"
"41","14","06","P","","ἐν","ἐν","ἐν","ἐν"
"41","14","06","RP","DS","ἐμοί·","ἐμοί","ἐμοί","ἐγώ"
"41","14","07","D","","πάντοτε","πάντοτε","πάντοτε","πάντοτε"
"41","14","07","C","","γὰρ","γὰρ","γάρ","γάρ"
"41","14","07","RA","APM","τοὺς","τοὺς","τούς","ὁ"
"41","14","07","A","APM","πτωχοὺς","πτωχοὺς","πτωχούς","πτωχός"
"41","14","07","V","2PAI-P","ἔχετε","ἔχετε","ἔχετε","ἔχω"
"41","14","07","P","","μεθ’","μεθ’","μετά","μετά"
"41","14","07","RP","GPM","ἑαυτῶν,","ἑαυτῶν","ἑαυτῶν","ἑαυτοῦ"
"41","14","07","C","","καὶ","καὶ","καί","καί"
"41","14","07","C","","ὅταν","ὅταν","ὅταν","ὅταν"
"41","14","07","V","2PAS-P","θέλητε","θέλητε","θέλητε","θέλω"
"41","14","07","V","2PMI-P","δύνασθε","δύνασθε","δύνασθε","δύναμαι"
"41","14","07","RP","DPM","⸀αὐτοῖς","αὐτοῖς","αὐτοῖς","αὐτός"
"41","14","07","D","","εὖ","εὖ","εὖ","εὖ"
"41","14","07","V","AAN","ποιῆσαι,","ποιῆσαι","ποιῆσαι","ποιέω"
"41","14","07","RP","AS","ἐμὲ","ἐμὲ","ἐμέ","ἐγώ"
"41","14","07","C","","δὲ","δὲ","δέ","δέ"
"41","14","07","D","","οὐ","οὐ","οὐ","οὐ"
"41","14","07","D","","πάντοτε","πάντοτε","πάντοτε","πάντοτε"
"41","14","07","V","2PAI-P","ἔχετε·","ἔχετε","ἔχετε","ἔχω"
"41","14","08","RR","ASN","ὃ","ὃ","ὅ","ὅς"
"41","14","08","V","3AAI-S","⸀ἔσχεν","ἔσχεν","ἔσχε(ν)","ἔχω"
"41","14","08","V","3AAI-S","ἐποίησεν,","ἐποίησεν","ἐποίησε(ν)","ποιέω"
"41","14","08","V","3AAI-S","προέλαβεν","προέλαβεν","προέλαβε(ν)","προλαμβάνω"
"41","14","08","V","AAN","μυρίσαι","μυρίσαι","μυρίσαι","μυρίζω"
"41","14","08","RA","ASN","⸂τὸ","τὸ","τό","ὁ"
"41","14","08","N","ASN","σῶμά","σῶμά","σῶμα","σῶμα"
"41","14","08","RP","GS","μου⸃","μου","μου","ἐγώ"
"41","14","08","P","","εἰς","εἰς","εἰς","εἰς"
"41","14","08","RA","ASM","τὸν","τὸν","τόν","ὁ"
"41","14","08","N","ASM","ἐνταφιασμόν.","ἐνταφιασμόν","ἐνταφιασμόν","ἐνταφιασμός"
"41","14","09","X","","ἀμὴν","ἀμὴν","ἀμήν","ἀμήν"
"41","14","09","C","","⸀δὲ","δὲ","δέ","δέ"
"41","14","09","V","1PAI-S","λέγω","λέγω","λέγω","λέγω"
"41","14","09","RP","DP","ὑμῖν,","ὑμῖν","ὑμῖν","σύ"
"41","14","09","C","","ὅπου","ὅπου","ὅπου","ὅπου"
"41","14","09","X","","⸀ἐὰν","ἐὰν","ἐάν","ἐάν"
"41","14","09","V","3APS-S","κηρυχθῇ","κηρυχθῇ","κηρυχθῇ","κηρύσσω"
"41","14","09","RA","NSN","τὸ","τὸ","τό","ὁ"
"41","14","09","N","NSN","⸀εὐαγγέλιον","εὐαγγέλιον","εὐαγγέλιον","εὐαγγέλιον"
"41","14","09","P","","εἰς","εἰς","εἰς","εἰς"
"41","14","09","A","ASM","ὅλον","ὅλον","ὅλον","ὅλος"
"41","14","09","RA","ASM","τὸν","τὸν","τόν","ὁ"
"41","14","09","N","ASM","κόσμον,","κόσμον","κόσμον","κόσμος"
"41","14","09","D","","καὶ","καὶ","καί","καί"
"41","14","09","RR","ASN","ὃ","ὃ","ὅ","ὅς"
"41","14","09","V","3AAI-S","ἐποίησεν","ἐποίησεν","ἐποίησε(ν)","ποιέω"
"41","14","09","RD","NSF","αὕτη","αὕτη","αὕτη","οὗτος"
"41","14","09","V","3FPI-S","λαληθήσεται","λαληθήσεται","λαληθήσεται","λαλέω"
"41","14","09","P","","εἰς","εἰς","εἰς","εἰς"
"41","14","09","N","ASN","μνημόσυνον","μνημόσυνον","μνημόσυνον","μνημόσυνον"
"41","14","09","RP","GSF","αὐτῆς.","αὐτῆς","αὐτῆς","αὐτός"
"41","14","10","C","","⸀Καὶ","Καὶ","καί","καί"
"41","14","10","N","NSM","Ἰούδας","Ἰούδας","Ἰούδας","Ἰούδας"
"41","14","10","N","NSM","⸂Ἰσκαριὼθ","Ἰσκαριὼθ","Ἰσκαριώθ","Ἰσκαριώθ"
"41","14","10","RA","NSM","ὁ⸃","ὁ","ὁ","ὁ"
"41","14","10","A","NSM","εἷς","εἷς","εἷς","εἷς"
"41","14","10","RA","GPM","τῶν","τῶν","τῶν","ὁ"
"41","14","10","A","GPM","δώδεκα","δώδεκα","δώδεκα","δώδεκα"
"41","14","10","V","3AAI-S","ἀπῆλθεν","ἀπῆλθεν","ἀπῆλθε(ν)","ἀπέρχομαι"
"41","14","10","P","","πρὸς","πρὸς","πρός","πρός"
"41","14","10","RA","APM","τοὺς","τοὺς","τούς","ὁ"
"41","14","10","N","APM","ἀρχιερεῖς","ἀρχιερεῖς","ἀρχιερεῖς","ἀρχιερεύς"
"41","14","10","C","","ἵνα","ἵνα","ἵνα","ἵνα"
"41","14","10","RP","ASM","αὐτὸν","αὐτὸν","αὐτόν","αὐτός"
"41","14","10","V","3AAS-S","⸂παραδοῖ","παραδοῖ","παραδοῖ","παραδίδωμι"
"41","14","10","RP","DPM","αὐτοῖς⸃.","αὐτοῖς","αὐτοῖς","αὐτός"
"41","14","11","RA","NPM","οἱ","οἱ","οἱ","ὁ"
"41","14","11","C","","δὲ","δὲ","δέ","δέ"
"41","14","11","V","AAPNPM","ἀκούσαντες","ἀκούσαντες","ἀκούσαντες","ἀκούω"
"41","14","11","V","3API-P","ἐχάρησαν","ἐχάρησαν","ἐχάρησαν","χαίρω"
"41","14","11","C","","καὶ","καὶ","καί","καί"
"41","14","11","V","3AMI-P","ἐπηγγείλαντο","ἐπηγγείλαντο","ἐπηγγείλαντο","ἐπαγγέλλομαι"
"41","14","11","RP","DSM","αὐτῷ","αὐτῷ","αὐτῷ","αὐτός"
"41","14","11","N","ASN","ἀργύριον","ἀργύριον","ἀργύριον","ἀργύριον"
"41","14","11","V","AAN","δοῦναι.","δοῦναι","δοῦναι","δίδωμι"
"41","14","11","C","","καὶ","καὶ","καί","καί"
"41","14","11","V","3IAI-S","ἐζήτει","ἐζήτει","ἐζήτει","ζητέω"
"41","14","11","D","","πῶς","πῶς","πῶς","πῶς"
"41","14","11","RP","ASM","⸂αὐτὸν","αὐτὸν","αὐτόν","αὐτός"
"41","14","11","D","","εὐκαίρως","εὐκαίρως","εὐκαίρως","εὐκαίρως"
"41","14","11","V","3AAS-S","παραδοῖ⸃.","παραδοῖ","παραδοῖ","παραδίδωμι"
"41","14","12","C","","Καὶ","Καὶ","καί","καί"
"41","14","12","RA","DSF","τῇ","τῇ","τῇ","ὁ"
"41","14","12","A","DSF","πρώτῃ","πρώτῃ","πρώτῃ","πρῶτος"
"41","14","12","N","DSF","ἡμέρᾳ","ἡμέρᾳ","ἡμέρᾳ","ἡμέρα"
"41","14","12","RA","GPN","τῶν","τῶν","τῶν","ὁ"
"41","14","12","A","GPN","ἀζύμων,","ἀζύμων","ἀζύμων","ἄζυμος"
"41","14","12","D","","ὅτε","ὅτε","ὅτε","ὅτε"
"41","14","12","RA","ASN","τὸ","τὸ","τό","ὁ"
"41","14","12","N","ASN","πάσχα","πάσχα","πάσχα","πάσχα"
"41","14","12","V","3IAI-P","ἔθυον,","ἔθυον","ἔθυον","θύω"
"41","14","12","V","3PAI-P","λέγουσιν","λέγουσιν","λέγουσι(ν)","λέγω"
"41","14","12","RP","DSM","αὐτῷ","αὐτῷ","αὐτῷ","αὐτός"
"41","14","12","RA","NPM","οἱ","οἱ","οἱ","ὁ"
"41","14","12","N","NPM","μαθηταὶ","μαθηταὶ","μαθηταί","μαθητής"
"41","14","12","RP","GSM","αὐτοῦ·","αὐτοῦ","αὐτοῦ","αὐτός"
"41","14","12","D","","Ποῦ","Ποῦ","ποῦ","ποῦ"
"41","14","12","V","2PAI-S","θέλεις","θέλεις","θέλεις","θέλω"
"41","14","12","V","AAPNPM","ἀπελθόντες","ἀπελθόντες","ἀπελθόντες","ἀπέρχομαι"
"41","14","12","V","1AAS-P","ἑτοιμάσωμεν","ἑτοιμάσωμεν","ἑτοιμάσωμεν","ἑτοιμάζω"
"41","14","12","C","","ἵνα","ἵνα","ἵνα","ἵνα"
"41","14","12","V","2AAS-S","φάγῃς","φάγῃς","φάγῃς","ἐσθίω"
"41","14","12","RA","ASN","τὸ","τὸ","τό","ὁ"
"41","14","12","N","ASN","πάσχα;","πάσχα","πάσχα","πάσχα"
"41","14","13","C","","καὶ","καὶ","καί","καί"
"41","14","13","V","3PAI-S","ἀποστέλλει","ἀποστέλλει","ἀποστέλλει","ἀποστέλλω"
"41","14","13","A","APM","δύο","δύο","δύο","δύο"
"41","14","13","RA","GPM","τῶν","τῶν","τῶν","ὁ"
"41","14","13","N","GPM","μαθητῶν","μαθητῶν","μαθητῶν","μαθητής"
"41","14","13","RP","GSM","αὐτοῦ","αὐτοῦ","αὐτοῦ","αὐτός"
"41","14","13","C","","καὶ","καὶ","καί","καί"
"41","14","13","V","3PAI-S","λέγει","λέγει","λέγει","λέγω"
"41","14","13","RP","DPM","αὐτοῖς·","αὐτοῖς","αὐτοῖς","αὐτός"
"41","14","13","V","2PAD-P","Ὑπάγετε","Ὑπάγετε","ὑπάγετε","ὑπάγω"
"41","14","13","P","","εἰς","εἰς","εἰς","εἰς"
"41","14","13","RA","ASF","τὴν","τὴν","τήν","ὁ"
"41","14","13","N","ASF","πόλιν,","πόλιν","πόλιν","πόλις"
"41","14","13","C","","καὶ","καὶ","καί","καί"
"41","14","13","V","3FAI-S","ἀπαντήσει","ἀπαντήσει","ἀπαντήσει","ἀπαντάω"
"41","14","13","RP","DP","ὑμῖν","ὑμῖν","ὑμῖν","σύ"
"41","14","13","N","NSM","ἄνθρωπος","ἄνθρωπος","ἄνθρωπος","ἄνθρωπος"
"41","14","13","N","ASN","κεράμιον","κεράμιον","κεράμιον","κεράμιον"
"41","14","13","N","GSN","ὕδατος","ὕδατος","ὕδατος","ὕδωρ"
"41","14","13","V","PAPNSM","βαστάζων·","βαστάζων","βαστάζων","βαστάζω"
"41","14","13","V","2AAD-P","ἀκολουθήσατε","ἀκολουθήσατε","ἀκολουθήσατε","ἀκολουθέω"
"41","14","13","RP","DSM","αὐτῷ,","αὐτῷ","αὐτῷ","αὐτός"
"41","14","14","C","","καὶ","καὶ","καί","καί"
"41","14","14","C","","ὅπου","ὅπου","ὅπου","ὅπου"
"41","14","14","X","","⸀ἐὰν","ἐὰν","ἐάν","ἐάν"
"41","14","14","V","3AAS-S","εἰσέλθῃ","εἰσέλθῃ","εἰσέλθῃ","εἰσέρχομαι"
"41","14","14","V","2AAD-P","εἴπατε","εἴπατε","εἴπατε","λέγω"
"41","14","14","RA","DSM","τῷ","τῷ","τῷ","ὁ"
"41","14","14","N","DSM","οἰκοδεσπότῃ","οἰκοδεσπότῃ","οἰκοδεσπότῃ","οἰκοδεσπότης"
"41","14","14","C","","ὅτι","ὅτι","ὅτι","ὅτι"
"41","14","14","RA","NSM","Ὁ","Ὁ","ὁ","ὁ"
"41","14","14","N","NSM","διδάσκαλος","διδάσκαλος","διδάσκαλος","διδάσκαλος"
"41","14","14","V","3PAI-S","λέγει·","λέγει","λέγει","λέγω"
"41","14","14","D","","Ποῦ","Ποῦ","ποῦ","ποῦ"
"41","14","14","V","3PAI-S","ἐστιν","ἐστιν","ἐστί(ν)","εἰμί"
"41","14","14","RA","NSN","τὸ","τὸ","τό","ὁ"
"41","14","14","N","NSN","κατάλυμά","κατάλυμά","κατάλυμα","κατάλυμα"
"41","14","14","RP","GS","⸀μου","μου","μου","ἐγώ"
"41","14","14","D","","ὅπου","ὅπου","ὅπου","ὅπου"
"41","14","14","RA","ASN","τὸ","τὸ","τό","ὁ"
"41","14","14","N","ASN","πάσχα","πάσχα","πάσχα","πάσχα"
"41","14","14","P","","μετὰ","μετὰ","μετά","μετά"
"41","14","14","RA","GPM","τῶν","τῶν","τῶν","ὁ"
"41","14","14","N","GPM","μαθητῶν","μαθητῶν","μαθητῶν","μαθητής"
"41","14","14","RP","GS","μου","μου","μου","ἐγώ"
"41","14","14","V","1AAS-S","φάγω;","φάγω","φάγω","ἐσθίω"
"41","14","15","C","","καὶ","καὶ","καί","καί"
"41","14","15","RP","NSM","αὐτὸς","αὐτὸς","αὐτός","αὐτός"
"41","14","15","RP","DP","ὑμῖν","ὑμῖν","ὑμῖν","σύ"
"41","14","15","V","3FAI-S","δείξει","δείξει","δείξει","δείκνυμι"
"41","14","15","N","ASN","ἀνάγαιον","ἀνάγαιον","ἀνάγαιον","ἀνάγαιον"
"41","14","15","A","ASN","μέγα","μέγα","μέγα","μέγας"
"41","14","15","V","XPPASN","ἐστρωμένον","ἐστρωμένον","ἐστρωμένον","στρώννυμι"
"41","14","15","A","ASN","ἕτοιμον·","ἕτοιμον","ἕτοιμον","ἕτοιμος"
"41","14","15","C","","⸀καὶ","καὶ","καί","καί"
"41","14","15","D","","ἐκεῖ","ἐκεῖ","ἐκεῖ","ἐκεῖ"
"41","14","15","V","2AAD-P","ἑτοιμάσατε","ἑτοιμάσατε","ἑτοιμάσατε","ἑτοιμάζω"
"41","14","15","RP","DP","ἡμῖν.","ἡμῖν","ἡμῖν","ἐγώ"
"41","14","16","C","","καὶ","καὶ","καί","καί"
"41","14","16","V","3AAI-P","ἐξῆλθον","ἐξῆλθον","ἐξῆλθον","ἐξέρχομαι"
"41","14","16","RA","NPM","οἱ","οἱ","οἱ","ὁ"
"41","14","16","N","NPM","⸀μαθηταὶ","μαθηταὶ","μαθηταί","μαθητής"
"41","14","16","C","","καὶ","καὶ","καί","καί"
"41","14","16","V","3AAI-P","ἦλθον","ἦλθον","ἦλθον","ἔρχομαι"
"41","14","16","P","","εἰς","εἰς","εἰς","εἰς"
"41","14","16","RA","ASF","τὴν","τὴν","τήν","ὁ"
"41","14","16","N","ASF","πόλιν","πόλιν","πόλιν","πόλις"
"41","14","16","C","","καὶ","καὶ","καί","καί"
"41","14","16","V","3AAI-P","εὗρον","εὗρον","εὗρον","εὑρίσκω"
"41","14","16","C","","καθὼς","καθὼς","καθώς","καθώς"
"41","14","16","V","3AAI-S","εἶπεν","εἶπεν","εἶπε(ν)","λέγω"
"41","14","16","RP","DPM","αὐτοῖς,","αὐτοῖς","αὐτοῖς","αὐτός"
"41","14","16","C","","καὶ","καὶ","καί","καί"
"41","14","16","V","3AAI-P","ἡτοίμασαν","ἡτοίμασαν","ἡτοίμασαν","ἑτοιμάζω"
"41","14","16","RA","ASN","τὸ","τὸ","τό","ὁ"
"41","14","16","N","ASN","πάσχα.","πάσχα","πάσχα","πάσχα"
"41","14","17","C","","Καὶ","Καὶ","καί","καί"
"41","14","17","A","GSF","ὀψίας","ὀψίας","ὀψίας","ὀψία"
"41","14","17","V","AMPGSF","γενομένης","γενομένης","γενομένης","γίνομαι"
"41","14","17","V","3PMI-S","ἔρχεται","ἔρχεται","ἔρχεται","ἔρχομαι"
"41","14","17","P","","μετὰ","μετὰ","μετά","μετά"
"41","14","17","RA","GPM","τῶν","τῶν","τῶν","ὁ"
"41","14","17","A","GPM","δώδεκα.","δώδεκα","δώδεκα","δώδεκα"
"41","14","18","C","","καὶ","καὶ","καί","καί"
"41","14","18","V","PMPGPM","ἀνακειμένων","ἀνακειμένων","ἀνακειμένων","ἀνάκειμαι"
"41","14","18","RP","GPM","αὐτῶν","αὐτῶν","αὐτῶν","αὐτός"
"41","14","18","C","","καὶ","καὶ","καί","καί"
"41","14","18","V","PAPGPM","ἐσθιόντων","ἐσθιόντων","ἐσθιόντων","ἐσθίω"
"41","14","18","RA","NSM","⸂ὁ","ὁ","ὁ","ὁ"
"41","14","18","N","NSM","Ἰησοῦς","Ἰησοῦς","Ἰησοῦς","Ἰησοῦς"
"41","14","18","V","3AAI-S","εἶπεν⸃·","εἶπεν","εἶπε(ν)","λέγω"
"41","14","18","X","","Ἀμὴν","Ἀμὴν","ἀμήν","ἀμήν"
"41","14","18","V","1PAI-S","λέγω","λέγω","λέγω","λέγω"
"41","14","18","RP","DP","ὑμῖν","ὑμῖν","ὑμῖν","σύ"
"41","14","18","C","","ὅτι","ὅτι","ὅτι","ὅτι"
"41","14","18","A","NSM","εἷς","εἷς","εἷς","εἷς"
"41","14","18","P","","ἐξ","ἐξ","ἐκ","ἐκ"
"41","14","18","RP","GP","ὑμῶν","ὑμῶν","ὑμῶν","σύ"
"41","14","18","V","3FAI-S","παραδώσει","παραδώσει","παραδώσει","παραδίδωμι"
"41","14","18","RP","AS","με","με","με","ἐγώ"
"41","14","18","RA","NSM","ὁ","ὁ","ὁ","ὁ"
"41","14","18","V","PAPNSM","ἐσθίων","ἐσθίων","ἐσθίων","ἐσθίω"
"41","14","18","P","","μετ’","μετ’","μετά","μετά"
"41","14","18","RP","GS","ἐμοῦ.","ἐμοῦ","ἐμοῦ","ἐγώ"
"41","14","19","V","3AMI-P","⸀ἤρξαντο","ἤρξαντο","ἤρξαντο","ἄρχω"
"41","14","19","V","PPN","λυπεῖσθαι","λυπεῖσθαι","λυπεῖσθαι","λυπέω"
"41","14","19","C","","καὶ","καὶ","καί","καί"
"41","14","19","V","PAN","λέγειν","λέγειν","λέγειν","λέγω"
"41","14","19","RP","DSM","αὐτῷ","αὐτῷ","αὐτῷ","αὐτός"
"41","14","19","A","NSM","εἷς","εἷς","εἷς","εἷς"
"41","14","19","P","","κατὰ","κατὰ","κατά","κατά"
"41","14","19","A","NSM","εἷς·","εἷς","εἷς","εἷς"
"41","14","19","X","","Μήτι","Μήτι","μήτι","μήτι"
"41","14","19","RP","NS","⸀ἐγώ;","ἐγώ","ἐγώ","ἐγώ"
"41","14","20","RA","NSM","ὁ","ὁ","ὁ","ὁ"
"41","14","20","C","","⸀δὲ","δὲ","δέ","δέ"
"41","14","20","V","3AAI-S","εἶπεν","εἶπεν","εἶπε(ν)","λέγω"
"41","14","20","RP","DPM","αὐτοῖς·","αὐτοῖς","αὐτοῖς","αὐτός"
"41","14","20","A","NSM","⸀Εἷς","Εἷς","εἷς","εἷς"
"41","14","20","RA","GPM","τῶν","τῶν","τῶν","ὁ"
"41","14","20","A","GPM","δώδεκα,","δώδεκα","δώδεκα","δώδεκα"
"41","14","20","RA","NSM","ὁ","ὁ","ὁ","ὁ"
"41","14","20","V","PMPNSM","ἐμβαπτόμενος","ἐμβαπτόμενος","ἐμβαπτόμενος","ἐμβάπτω"
"41","14","20","P","","μετ’","μετ’","μετά","μετά"
"41","14","20","RP","GS","ἐμοῦ","ἐμοῦ","ἐμοῦ","ἐγώ"
"41","14","20","P","","εἰς","εἰς","εἰς","εἰς"
"41","14","20","RA","ASN","⸀τὸ","τὸ","τό","ὁ"
"41","14","20","N","ASN","τρύβλιον·","τρύβλιον","τρύβλιον","τρύβλιον"
"41","14","21","C","","⸀ὅτι","ὅτι","ὅτι","ὅτι"
"41","14","21","RA","NSM","ὁ","ὁ","ὁ","ὁ"
"41","14","21","C","","μὲν","μὲν","μέν","μέν"
"41","14","21","N","NSM","υἱὸς","υἱὸς","υἱός","υἱός"
"41","14","21","RA","GSM","τοῦ","τοῦ","τοῦ","ὁ"
"41","14","21","N","GSM","ἀνθρώπου","ἀνθρώπου","ἀνθρώπου","ἄνθρωπος"
"41","14","21","V","3PAI-S","ὑπάγει","ὑπάγει","ὑπάγει","ὑπάγω"
"41","14","21","C","","καθὼς","καθὼς","καθώς","καθώς"
"41","14","21","V","3XPI-S","γέγραπται","γέγραπται","γέγραπται","γράφω"
"41","14","21","P","","περὶ","περὶ","περί","περί"
"41","14","21","RP","GSM","αὐτοῦ,","αὐτοῦ","αὐτοῦ","αὐτός"
"41","14","21","X","","οὐαὶ","οὐαὶ","οὐαί","οὐαί"
"41","14","21","C","","δὲ","δὲ","δέ","δέ"
"41","14","21","RA","DSM","τῷ","τῷ","τῷ","ὁ"
"41","14","21","N","DSM","ἀνθρώπῳ","ἀνθρώπῳ","ἀνθρώπῳ","ἄνθρωπος"
"41","14","21","RD","DSM","ἐκείνῳ","ἐκείνῳ","ἐκείνῳ","ἐκεῖνος"
"41","14","21","P","","δι’","δι’","διά","διά"
"41","14","21","RR","GSM","οὗ","οὗ","οὗ","ὅς"
"41","14","21","RA","NSM","ὁ","ὁ","ὁ","ὁ"
"41","14","21","N","NSM","υἱὸς","υἱὸς","υἱός","υἱός"
"41","14","21","RA","GSM","τοῦ","τοῦ","τοῦ","ὁ"
"41","14","21","N","GSM","ἀνθρώπου","ἀνθρώπου","ἀνθρώπου","ἄνθρωπος"
"41","14","21","V","3PPI-S","παραδίδοται·","παραδίδοται","παραδίδοται","παραδίδωμι"
"41","14","21","A","NSN","⸀καλὸν","καλὸν","καλόν","καλός"
"41","14","21","RP","DSM","αὐτῷ","αὐτῷ","αὐτῷ","αὐτός"
"41","14","21","C","","εἰ","εἰ","εἰ","εἰ"
"41","14","21","D","","οὐκ","οὐκ","οὐ","οὐ"
"41","14","21","V","3API-S","ἐγεννήθη","ἐγεννήθη","ἐγεννήθη","γεννάω"
"41","14","21","RA","NSM","ὁ","ὁ","ὁ","ὁ"
"41","14","21","N","NSM","ἄνθρωπος","ἄνθρωπος","ἄνθρωπος","ἄνθρωπος"
"41","14","21","RD","NSM","ἐκεῖνος.","ἐκεῖνος","ἐκεῖνος","ἐκεῖνος"
"41","14","22","C","","Καὶ","Καὶ","καί","καί"
"41","14","22","V","PAPGPM","ἐσθιόντων","ἐσθιόντων","ἐσθιόντων","ἐσθίω"
"41","14","22","RP","GPM","αὐτῶν","αὐτῶν","αὐτῶν","αὐτός"
"41","14","22","V","AAPNSM","⸀λαβὼν","λαβὼν","λαβών","λαμβάνω"
"41","14","22","N","ASM","ἄρτον","ἄρτον","ἄρτον","ἄρτος"
"41","14","22","V","AAPNSM","εὐλογήσας","εὐλογήσας","εὐλογήσας","εὐλογέω"
"41","14","22","V","3AAI-S","ἔκλασεν","ἔκλασεν","ἔκλασε(ν)","κλάω"
"41","14","22","C","","καὶ","καὶ","καί","καί"
"41","14","22","V","3AAI-S","ἔδωκεν","ἔδωκεν","ἔδωκε(ν)","δίδωμι"
"41","14","22","RP","DPM","αὐτοῖς","αὐτοῖς","αὐτοῖς","αὐτός"
"41","14","22","C","","καὶ","καὶ","καί","καί"
"41","14","22","V","3AAI-S","εἶπεν·","εἶπεν","εἶπε(ν)","λέγω"
"41","14","22","V","2AAD-P","⸀Λάβετε,","Λάβετε","λάβετε","λαμβάνω"
"41","14","22","RD","NSN","τοῦτό","τοῦτό","τοῦτο","οὗτος"
"41","14","22","V","3PAI-S","ἐστιν","ἐστιν","ἐστί(ν)","εἰμί"
"41","14","22","RA","NSN","τὸ","τὸ","τό","ὁ"
"41","14","22","N","NSN","σῶμά","σῶμά","σῶμα","σῶμα"
"41","14","22","RP","GS","μου.","μου","μου","ἐγώ"
"41","14","23","C","","καὶ","καὶ","καί","καί"
"41","14","23","V","AAPNSM","⸀λαβὼν","λαβὼν","λαβών","λαμβάνω"
"41","14","23","N","ASN","ποτήριον","ποτήριον","ποτήριον","ποτήριον"
"41","14","23","V","AAPNSM","εὐχαριστήσας","εὐχαριστήσας","εὐχαριστήσας","εὐχαριστέω"
"41","14","23","V","3AAI-S","ἔδωκεν","ἔδωκεν","ἔδωκε(ν)","δίδωμι"
"41","14","23","RP","DPM","αὐτοῖς,","αὐτοῖς","αὐτοῖς","αὐτός"
"41","14","23","C","","καὶ","καὶ","καί","καί"
"41","14","23","V","3AAI-P","ἔπιον","ἔπιον","ἔπιον","πίνω"
"41","14","23","P","","ἐξ","ἐξ","ἐκ","ἐκ"
"41","14","23","RP","GSN","αὐτοῦ","αὐτοῦ","αὐτοῦ","αὐτός"
"41","14","23","A","NPM","πάντες.","πάντες","πάντες","πᾶς"
"41","14","24","C","","καὶ","καὶ","καί","καί"
"41","14","24","V","3AAI-S","εἶπεν","εἶπεν","εἶπε(ν)","λέγω"
"41","14","24","RP","DPM","αὐτοῖς·","αὐτοῖς","αὐτοῖς","αὐτός"
"41","14","24","RD","NSN","Τοῦτό","Τοῦτό","τοῦτο","οὗτος"
"41","14","24","V","3PAI-S","ἐστιν","ἐστιν","ἐστί(ν)","εἰμί"
"41","14","24","RA","NSN","τὸ","τὸ","τό","ὁ"
"41","14","24","N","NSN","αἷμά","αἷμά","αἷμα","αἷμα"
"41","14","24","RP","GS","μου","μου","μου","ἐγώ"
"41","14","24","RA","GSF","⸀τῆς","τῆς","τῆς","ὁ"
"41","14","24","N","GSF","διαθήκης","διαθήκης","διαθήκης","διαθήκη"
"41","14","24","RA","NSN","τὸ","τὸ","τό","ὁ"
"41","14","24","V","PPPNSN","⸂ἐκχυννόμενον","ἐκχυννόμενον","ἐκχυννόμενον","ἐκχέω"
"41","14","24","P","","ὑπὲρ","ὑπὲρ","ὑπέρ","ὑπέρ"
"41","14","24","A","GPM","πολλῶν⸃.","πολλῶν","πολλῶν","πολύς"
"41","14","25","X","","ἀμὴν","ἀμὴν","ἀμήν","ἀμήν"
"41","14","25","V","1PAI-S","λέγω","λέγω","λέγω","λέγω"
"41","14","25","RP","DP","ὑμῖν","ὑμῖν","ὑμῖν","σύ"
"41","14","25","C","","ὅτι","ὅτι","ὅτι","ὅτι"
"41","14","25","D","","οὐκέτι","οὐκέτι","οὐκέτι","οὐκέτι"
"41","14","25","D","","οὐ","οὐ","οὐ","οὐ"
"41","14","25","D","","μὴ","μὴ","μή","μή"
"41","14","25","V","1AAS-S","πίω","πίω","πίω","πίνω"
"41","14","25","P","","ἐκ","ἐκ","ἐκ","ἐκ"
"41","14","25","RA","GSN","τοῦ","τοῦ","τοῦ","ὁ"
"41","14","25","N","GSN","γενήματος","γενήματος","γενήματος","γένημα"
"41","14","25","RA","GSF","τῆς","τῆς","τῆς","ὁ"
"41","14","25","N","GSF","ἀμπέλου","ἀμπέλου","ἀμπέλου","ἄμπελος"
"41","14","25","P","","ἕως","ἕως","ἕως","ἕως"
"41","14","25","RA","GSF","τῆς","τῆς","τῆς","ὁ"
"41","14","25","N","GSF","ἡμέρας","ἡμέρας","ἡμέρας","ἡμέρα"
"41","14","25","RD","GSF","ἐκείνης","ἐκείνης","ἐκείνης","ἐκεῖνος"
"41","14","25","D","","ὅταν","ὅταν","ὅταν","ὅταν"
"41","14","25","RP","ASN","αὐτὸ","αὐτὸ","αὐτό","αὐτός"
"41","14","25","V","1PAS-S","πίνω","πίνω","πίνω","πίνω"
"41","14","25","A","ASN","καινὸν","καινὸν","καινόν","καινός"
"41","14","25","P","","ἐν","ἐν","ἐν","ἐν"
"41","14","25","RA","DSF","τῇ","τῇ","τῇ","ὁ"
"41","14","25","N","DSF","βασιλείᾳ","βασιλείᾳ","βασιλείᾳ","βασιλεία"
"41","14","25","RA","GSM","τοῦ","τοῦ","τοῦ","ὁ"
"41","14","25","N","GSM","θεοῦ.","θεοῦ","θεοῦ","θεός"
"41","14","26","C","","Καὶ","Καὶ","καί","καί"
"41","14","26","V","AAPNPM","ὑμνήσαντες","ὑμνήσαντες","ὑμνήσαντες","ὑμνέω"
"41","14","26","V","3AAI-P","ἐξῆλθον","ἐξῆλθον","ἐξῆλθον","ἐξέρχομαι"
"41","14","26","P","","εἰς","εἰς","εἰς","εἰς"
"41","14","26","RA","ASN","τὸ","τὸ","τό","ὁ"
"41","14","26","N","ASN","Ὄρος","Ὄρος","ὄρος","ὄρος"
"41","14","26","RA","GPF","τῶν","τῶν","τῶν","ὁ"
"41","14","26","N","GPF","Ἐλαιῶν.","Ἐλαιῶν","ἐλαιῶν","ἐλαία"
"41","14","27","C","","Καὶ","Καὶ","καί","καί"
"41","14","27","V","3PAI-S","λέγει","λέγει","λέγει","λέγω"
"41","14","27","RP","DPM","αὐτοῖς","αὐτοῖς","αὐτοῖς","αὐτός"
"41","14","27","RA","NSM","ὁ","ὁ","ὁ","ὁ"
"41","14","27","N","NSM","Ἰησοῦς","Ἰησοῦς","Ἰησοῦς","Ἰησοῦς"
"41","14","27","C","","ὅτι","ὅτι","ὅτι","ὅτι"
"41","14","27","A","NPM","Πάντες","Πάντες","πάντες","πᾶς"
"41","14","27","V","2FPI-P","⸀σκανδαλισθήσεσθε,","σκανδαλισθήσεσθε","σκανδαλισθήσεσθε","σκανδαλίζω"
"41","14","27","C","","ὅτι","ὅτι","ὅτι","ὅτι"
"41","14","27","V","3XPI-S","γέγραπται·","γέγραπται","γέγραπται","γράφω"
"41","14","27","V","1FAI-S","Πατάξω","Πατάξω","πατάξω","πατάσσω"
"41","14","27","RA","ASM","τὸν","τὸν","τόν","ὁ"
"41","14","27","N","ASM","ποιμένα,","ποιμένα","ποιμένα","ποιμήν"
"41","14","27","C","","καὶ","καὶ","καί","καί"
"41","14","27","RA","NPN","⸂τὰ","τὰ","τά","ὁ"
"41","14","27","N","NPN","πρόβατα","πρόβατα","πρόβατα","πρόβατον"
"41","14","27","V","3FPI-P","διασκορπισθήσονται⸃.","διασκορπισθήσονται","διασκορπισθήσονται","διασκορπίζω"
"41","14","28","C","","ἀλλὰ","ἀλλὰ","ἀλλά","ἀλλά"
"41","14","28","P","","μετὰ","μετὰ","μετά","μετά"
"41","14","28","RA","ASN","τὸ","τὸ","τό","ὁ"
"41","14","28","V","APN","ἐγερθῆναί","ἐγερθῆναί","ἐγερθῆναι","ἐγείρω"
"41","14","28","RP","AS","με","με","με","ἐγώ"
"41","14","28","V","1FAI-S","προάξω","προάξω","προάξω","προάγω"
"41","14","28","RP","AP","ὑμᾶς","ὑμᾶς","ὑμᾶς","σύ"
"41","14","28","P","","εἰς","εἰς","εἰς","εἰς"
"41","14","28","RA","ASF","τὴν","τὴν","τήν","ὁ"
"41","14","28","N","ASF","Γαλιλαίαν.","Γαλιλαίαν","Γαλιλαίαν","Γαλιλαία"
"41","14","29","RA","NSM","ὁ","ὁ","ὁ","ὁ"
"41","14","29","C","","δὲ","δὲ","δέ","δέ"
"41","14","29","N","NSM","Πέτρος","Πέτρος","Πέτρος","Πέτρος"
"41","14","29","V","3IAI-S","ἔφη","ἔφη","ἔφη","φημί"
"41","14","29","RP","DSM","αὐτῷ·","αὐτῷ","αὐτῷ","αὐτός"
"41","14","29","C","","⸂Εἰ","Εἰ","εἰ","εἰ"
"41","14","29","D","","καὶ⸃","καὶ","καί","καί"
"41","14","29","A","NPM","πάντες","πάντες","πάντες","πᾶς"
"41","14","29","V","3FPI-P","σκανδαλισθήσονται,","σκανδαλισθήσονται","σκανδαλισθήσονται","σκανδαλίζω"
"41","14","29","C","","ἀλλ’","ἀλλ’","ἀλλά","ἀλλά"
"41","14","29","D","","οὐκ","οὐκ","οὐ","οὐ"
"41","14","29","RP","NS","ἐγώ.","ἐγώ","ἐγώ","ἐγώ"
"41","14","30","C","","καὶ","καὶ","καί","καί"
"41","14","30","V","3PAI-S","λέγει","λέγει","λέγει","λέγω"
"41","14","30","RP","DSM","αὐτῷ","αὐτῷ","αὐτῷ","αὐτός"
"41","14","30","RA","NSM","ὁ","ὁ","ὁ","ὁ"
"41","14","30","N","NSM","Ἰησοῦς·","Ἰησοῦς","Ἰησοῦς","Ἰησοῦς"
"41","14","30","X","","Ἀμὴν","Ἀμὴν","ἀμήν","ἀμήν"
"41","14","30","V","1PAI-S","λέγω","λέγω","λέγω","λέγω"
"41","14","30","RP","DS","σοι","σοι","σοι","σύ"
"41","14","30","C","","ὅτι","ὅτι","ὅτι","ὅτι"
"41","14","30","RP","NS","σὺ","σὺ","σύ","σύ"
"41","14","30","D","","σήμερον","σήμερον","σήμερον","σήμερον"
"41","14","30","RD","DSF","⸂ταύτῃ","ταύτῃ","ταύτῃ","οὗτος"
"41","14","30","RA","DSF","τῇ","τῇ","τῇ","ὁ"
"41","14","30","N","DSF","νυκτὶ⸃","νυκτὶ","νυκτί","νύξ"
"41","14","30","C","","πρὶν","πρὶν","πρίν","πρίν"
"41","14","30","C","","ἢ","ἢ","ἤ","ἤ"
"41","14","30","D","","δὶς","δὶς","δίς","δίς"
"41","14","30","N","ASM","ἀλέκτορα","ἀλέκτορα","ἀλέκτορα","ἀλέκτωρ"
"41","14","30","V","AAN","φωνῆσαι","φωνῆσαι","φωνῆσαι","φωνέω"
"41","14","30","D","","τρίς","τρίς","τρίς","τρίς"
"41","14","30","RP","AS","⸂με","με","με","ἐγώ"
"41","14","30","V","2FMI-S","ἀπαρνήσῃ⸃.","ἀπαρνήσῃ","ἀπαρνήσῃ","ἀπαρνέομαι"
"41","14","31","RA","NSM","ὁ","ὁ","ὁ","ὁ"
"41","14","31","C","","δὲ","δὲ","δέ","δέ"
"41","14","31","D","","⸂ἐκπερισσῶς","ἐκπερισσῶς","ἐκπερισσῶς","ἐκπερισσῶς"
"41","14","31","V","3IAI-S","ἐλάλει⸃·","ἐλάλει","ἐλάλει","λαλέω"
"41","14","31","C","","Ἐὰν","Ἐὰν","ἐάν","ἐάν"
"41","14","31","V","3PAS-S","⸂δέῃ","δέῃ","δέῃ","δέω"
"41","14","31","RP","AS","με⸃","με","με","ἐγώ"
"41","14","31","V","AAN","συναποθανεῖν","συναποθανεῖν","συναποθανεῖν","συναποθνῄσκω"
"41","14","31","RP","DS","σοι,","σοι","σοι","σύ"
"41","14","31","D","","οὐ","οὐ","οὐ","οὐ"
"41","14","31","D","","μή","μή","μή","μή"
"41","14","31","RP","AS","σε","σε","σε","σύ"
"41","14","31","V","1FMI-S","⸀ἀπαρνήσομαι.","ἀπαρνήσομαι","ἀπαρνήσομαι","ἀπαρνέομαι"
"41","14","31","D","","ὡσαύτως","ὡσαύτως","ὡσαύτως","ὡσαύτως"
"41","14","31","C","","δὲ","δὲ","δέ","δέ"
"41","14","31","D","","καὶ","καὶ","καί","καί"
"41","14","31","A","NPM","πάντες","πάντες","πάντες","πᾶς"
"41","14","31","V","3IAI-P","ἔλεγον.","ἔλεγον","ἔλεγον","λέγω"
"41","14","32","C","","Καὶ","Καὶ","καί","καί"
"41","14","32","V","3PMI-P","ἔρχονται","ἔρχονται","ἔρχονται","ἔρχομαι"
"41","14","32","P","","εἰς","εἰς","εἰς","εἰς"
"41","14","32","N","ASN","χωρίον","χωρίον","χωρίον","χωρίον"
"41","14","32","RR","GSN","οὗ","οὗ","οὗ","ὅς"
"41","14","32","RA","NSN","τὸ","τὸ","τό","ὁ"
"41","14","32","N","NSN","ὄνομα","ὄνομα","ὄνομα","ὄνομα"
"41","14","32","N","NSN","Γεθσημανί,","Γεθσημανί","Γεθσημανί","Γεθσημανί"
"41","14","32","C","","καὶ","καὶ","καί","καί"
"41","14","32","V","3PAI-S","λέγει","λέγει","λέγει","λέγω"
"41","14","32","RA","DPM","τοῖς","τοῖς","τοῖς","ὁ"
"41","14","32","N","DPM","μαθηταῖς","μαθηταῖς","μαθηταῖς","μαθητής"
"41","14","32","RP","GSM","αὐτοῦ·","αὐτοῦ","αὐτοῦ","αὐτός"
"41","14","32","V","2AAD-P","Καθίσατε","Καθίσατε","καθίσατε","καθίζω"
"41","14","32","D","","ὧδε","ὧδε","ὧδε","ὧδε"
"41","14","32","C","","ἕως","ἕως","ἕως","ἕως"
"41","14","32","V","1AMS-S","προσεύξωμαι.","προσεύξωμαι","προσεύξωμαι","προσεύχομαι"
"41","14","33","C","","καὶ","καὶ","καί","καί"
"41","14","33","V","3PAI-S","παραλαμβάνει","παραλαμβάνει","παραλαμβάνει","παραλαμβάνω"
"41","14","33","RA","ASM","τὸν","τὸν","τόν","ὁ"
"41","14","33","N","ASM","Πέτρον","Πέτρον","Πέτρον","Πέτρος"
"41","14","33","C","","καὶ","καὶ","καί","καί"
"41","14","33","N","ASM","⸂Ἰάκωβον","Ἰάκωβον","Ἰάκωβον","Ἰάκωβος"
"41","14","33","C","","καὶ⸃","καὶ","καί","καί"
"41","14","33","N","ASM","Ἰωάννην","Ἰωάννην","Ἰωάννην","Ἰωάννης"
"41","14","33","P","","μετ’","μετ’","μετά","μετά"
"41","14","33","RP","GSM","⸀αὐτοῦ,","αὐτοῦ","αὐτοῦ","αὐτός"
"41","14","33","C","","καὶ","καὶ","καί","καί"
"41","14","33","V","3AMI-S","ἤρξατο","ἤρξατο","ἤρξατο","ἄρχω"
"41","14","33","V","PPN","ἐκθαμβεῖσθαι","ἐκθαμβεῖσθαι","ἐκθαμβεῖσθαι","ἐκθαμβέομαι"
"41","14","33","C","","καὶ","καὶ","καί","καί"
"41","14","33","V","PAN","ἀδημονεῖν,","ἀδημονεῖν","ἀδημονεῖν","ἀδημονέω"
"41","14","34","C","","καὶ","καὶ","καί","καί"
"41","14","34","V","3PAI-S","λέγει","λέγει","λέγει","λέγω"
"41","14","34","RP","DPM","αὐτοῖς·","αὐτοῖς","αὐτοῖς","αὐτός"
"41","14","34","A","NSF","Περίλυπός","Περίλυπός","περίλυπος","περίλυπος"
"41","14","34","V","3PAI-S","ἐστιν","ἐστιν","ἐστί(ν)","εἰμί"
"41","14","34","RA","NSF","ἡ","ἡ","ἡ","ὁ"
"41","14","34","N","NSF","ψυχή","ψυχή","ψυχή","ψυχή"
"41","14","34","RP","GS","μου","μου","μου","ἐγώ"
"41","14","34","P","","ἕως","ἕως","ἕως","ἕως"
"41","14","34","N","GSM","θανάτου·","θανάτου","θανάτου","θάνατος"
"41","14","34","V","2AAD-P","μείνατε","μείνατε","μείνατε","μένω"
"41","14","34","D","","ὧδε","ὧδε","ὧδε","ὧδε"
"41","14","34","C","","καὶ","καὶ","καί","καί"
"41","14","34","V","2PAD-P","γρηγορεῖτε.","γρηγορεῖτε","γρηγορεῖτε","γρηγορέω"
"41","14","35","C","","καὶ","καὶ","καί","καί"
"41","14","35","V","AAPNSM","⸂προελθὼν","προελθὼν","προελθών","προέρχομαι"
"41","14","35","A","ASN","μικρὸν","μικρὸν","μικρόν","μικρός"
"41","14","35","V","3IAI-S","ἔπιπτεν⸃","ἔπιπτεν","ἔπιπτε(ν)","πίπτω"
"41","14","35","P","","ἐπὶ","ἐπὶ","ἐπί","ἐπί"
"41","14","35","RA","GSF","τῆς","τῆς","τῆς","ὁ"
"41","14","35","N","GSF","γῆς,","γῆς","γῆς","γῆ"
"41","14","35","C","","καὶ","καὶ","καί","καί"
"41","14","35","V","3IMI-S","προσηύχετο","προσηύχετο","προσηύχετο","προσεύχομαι"
"41","14","35","C","","ἵνα","ἵνα","ἵνα","ἵνα"
"41","14","35","C","","εἰ","εἰ","εἰ","εἰ"
"41","14","35","A","NSN","δυνατόν","δυνατόν","δυνατόν","δυνατός"
"41","14","35","V","3PAI-S","ἐστιν","ἐστιν","ἐστί(ν)","εἰμί"
"41","14","35","V","3AAS-S","παρέλθῃ","παρέλθῃ","παρέλθῃ","παρέρχομαι"
"41","14","35","P","","ἀπ’","ἀπ’","ἀπό","ἀπό"
"41","14","35","RP","GSM","αὐτοῦ","αὐτοῦ","αὐτοῦ","αὐτός"
"41","14","35","RA","NSF","ἡ","ἡ","ἡ","ὁ"
"41","14","35","N","NSF","ὥρα,","ὥρα","ὥρα","ὥρα"
"41","14","36","C","","καὶ","καὶ","καί","καί"
"41","14","36","V","3IAI-S","ἔλεγεν·","ἔλεγεν","ἔλεγε(ν)","λέγω"
"41","14","36","N","VSM","Αββα","Αββα","αββα","αββα"
"41","14","36","RA","NSM","ὁ","ὁ","ὁ","ὁ"
"41","14","36","N","NSM","πατήρ,","πατήρ","πατήρ","πατήρ"
"41","14","36","A","NPN","πάντα","πάντα","πάντα","πᾶς"
"41","14","36","A","NPN","δυνατά","δυνατά","δυνατά","δυνατός"
"41","14","36","RP","DS","σοι·","σοι","σοι","σύ"
"41","14","36","V","2AAD-S","παρένεγκε","παρένεγκε","παρένεγκε","παραφέρω"
"41","14","36","RA","ASN","τὸ","τὸ","τό","ὁ"
"41","14","36","N","ASN","ποτήριον","ποτήριον","ποτήριον","ποτήριον"
"41","14","36","RD","ASN","⸂τοῦτο","τοῦτο","τοῦτο","οὗτος"
"41","14","36","P","","ἀπ’","ἀπ’","ἀπό","ἀπό"
"41","14","36","RP","GS","ἐμοῦ⸃·","ἐμοῦ","ἐμοῦ","ἐγώ"
"41","14","36","C","","ἀλλ’","ἀλλ’","ἀλλά","ἀλλά"
"41","14","36","D","","οὐ","οὐ","οὐ","οὐ"
"41","14","36","RI","ASN","τί","τί","τί","τίς"
"41","14","36","RP","NS","ἐγὼ","ἐγὼ","ἐγώ","ἐγώ"
"41","14","36","V","1PAI-S","θέλω","θέλω","θέλω","θέλω"
"41","14","36","C","","ἀλλὰ","ἀλλὰ","ἀλλά","ἀλλά"
"41","14","36","RI","ASN","τί","τί","τί","τίς"
"41","14","36","RP","NS","σύ.","σύ","σύ","σύ"
"41","14","37","C","","καὶ","καὶ","καί","καί"
"41","14","37","V","3PMI-S","ἔρχεται","ἔρχεται","ἔρχεται","ἔρχομαι"
"41","14","37","C","","καὶ","καὶ","καί","καί"
"41","14","37","V","3PAI-S","εὑρίσκει","εὑρίσκει","εὑρίσκει","εὑρίσκω"
"41","14","37","RP","APM","αὐτοὺς","αὐτοὺς","αὐτούς","αὐτός"
"41","14","37","V","PAPAPM","καθεύδοντας,","καθεύδοντας","καθεύδοντας","καθεύδω"
"41","14","37","C","","καὶ","καὶ","καί","καί"
"41","14","37","V","3PAI-S","λέγει","λέγει","λέγει","λέγω"
"41","14","37","RA","DSM","τῷ","τῷ","τῷ","ὁ"
"41","14","37","N","DSM","Πέτρῳ·","Πέτρῳ","Πέτρῳ","Πέτρος"
"41","14","37","N","VSM","Σίμων,","Σίμων","Σίμων","Σίμων"
"41","14","37","V","2PAI-S","καθεύδεις;","καθεύδεις","καθεύδεις","καθεύδω"
"41","14","37","D","","οὐκ","οὐκ","οὐ","οὐ"
"41","14","37","V","2AAI-S","ἴσχυσας","ἴσχυσας","ἴσχυσας","ἰσχύω"
"41","14","37","A","ASF","μίαν","μίαν","μίαν","εἷς"
"41","14","37","N","ASF","ὥραν","ὥραν","ὥραν","ὥρα"
"41","14","37","V","AAN","γρηγορῆσαι;","γρηγορῆσαι","γρηγορῆσαι","γρηγορέω"
"41","14","38","V","2PAD-P","γρηγορεῖτε","γρηγορεῖτε","γρηγορεῖτε","γρηγορέω"
"41","14","38","C","","καὶ","καὶ","καί","καί"
"41","14","38","V","2PMD-P","προσεύχεσθε,","προσεύχεσθε","προσεύχεσθε","προσεύχομαι"
"41","14","38","C","","ἵνα","ἵνα","ἵνα","ἵνα"
"41","14","38","D","","μὴ","μὴ","μή","μή"
"41","14","38","V","2AAS-P","⸀ἔλθητε","ἔλθητε","ἔλθητε","ἔρχομαι"
"41","14","38","P","","εἰς","εἰς","εἰς","εἰς"
"41","14","38","N","ASM","πειρασμόν·","πειρασμόν","πειρασμόν","πειρασμός"
"41","14","38","RA","NSN","τὸ","τὸ","τό","ὁ"
"41","14","38","C","","μὲν","μὲν","μέν","μέν"
"41","14","38","N","NSN","πνεῦμα","πνεῦμα","πνεῦμα","πνεῦμα"
"41","14","38","A","NSN","πρόθυμον","πρόθυμον","πρόθυμον","πρόθυμος"
"41","14","38","RA","NSF","ἡ","ἡ","ἡ","ὁ"
"41","14","38","C","","δὲ","δὲ","δέ","δέ"
"41","14","38","N","NSF","σὰρξ","σὰρξ","σάρξ","σάρξ"
"41","14","38","A","NSF","ἀσθενής.","ἀσθενής","ἀσθενής","ἀσθενής"
"41","14","39","C","","καὶ","καὶ","καί","καί"
"41","14","39","D","","πάλιν","πάλιν","πάλιν","πάλιν"
"41","14","39","V","AAPNSM","ἀπελθὼν","ἀπελθὼν","ἀπελθών","ἀπέρχομαι"
"41","14","39","V","3AMI-S","προσηύξατο","προσηύξατο","προσηύξατο","προσεύχομαι"
"41","14","39","RA","ASM","τὸν","τὸν","τόν","ὁ"
"41","14","39","A","ASM","αὐτὸν","αὐτὸν","αὐτόν","αὐτός"
"41","14","39","N","ASM","λόγον","λόγον","λόγον","λόγος"
"41","14","39","V","AAPNSM","εἰπών.","εἰπών","εἰπών","λέγω"
"41","14","40","C","","καὶ","καὶ","καί","καί"
"41","14","40","D","","⸂πάλιν","πάλιν","πάλιν","πάλιν"
"41","14","40","V","AAPNSM","ἐλθὼν","ἐλθὼν","ἐλθών","ἔρχομαι"
"41","14","40","V","3AAI-S","εὗρεν","εὗρεν","εὗρε(ν)","εὑρίσκω"
"41","14","40","RP","APM","αὐτοὺς⸃","αὐτοὺς","αὐτούς","αὐτός"
"41","14","40","V","PAPAPM","καθεύδοντας,","καθεύδοντας","καθεύδοντας","καθεύδω"
"41","14","40","V","3IAI-P","ἦσαν","ἦσαν","ἦσαν","εἰμί"
"41","14","40","C","","γὰρ","γὰρ","γάρ","γάρ"
"41","14","40","RP","GPM","⸂αὐτῶν","αὐτῶν","αὐτῶν","αὐτός"
"41","14","40","RA","NPM","οἱ","οἱ","οἱ","ὁ"
"41","14","40","N","NPM","ὀφθαλμοὶ⸃","ὀφθαλμοὶ","ὀφθαλμοί","ὀφθαλμός"
"41","14","40","V","PPPNPM","⸀καταβαρυνόμενοι,","καταβαρυνόμενοι","καταβαρυνόμενοι","καταβαρύνομαι"
"41","14","40","C","","καὶ","καὶ","καί","καί"
"41","14","40","D","","οὐκ","οὐκ","οὐ","οὐ"
"41","14","40","V","3YAI-P","ᾔδεισαν","ᾔδεισαν","ᾔδεισαν","οἶδα"
"41","14","40","RI","ASN","τί","τί","τί","τίς"
"41","14","40","V","3APS-P","⸂ἀποκριθῶσιν","ἀποκριθῶσιν","ἀποκριθῶσι(ν)","ἀποκρίνομαι"
"41","14","40","RP","DSM","αὐτῷ⸃.","αὐτῷ","αὐτῷ","αὐτός"
"41","14","41","C","","καὶ","καὶ","καί","καί"
"41","14","41","V","3PMI-S","ἔρχεται","ἔρχεται","ἔρχεται","ἔρχομαι"
"41","14","41","RA","ASN","τὸ","τὸ","τό","ὁ"
"41","14","41","A","ASN","τρίτον","τρίτον","τρίτον","τρίτος"
"41","14","41","C","","καὶ","καὶ","καί","καί"
"41","14","41","V","3PAI-S","λέγει","λέγει","λέγει","λέγω"
"41","14","41","RP","DPM","αὐτοῖς·","αὐτοῖς","αὐτοῖς","αὐτός"
"41","14","41","V","2PAI-P","Καθεύδετε","Καθεύδετε","καθεύδετε","καθεύδω"
"41","14","41","RA","ASN","⸀τὸ","τὸ","τό","ὁ"
"41","14","41","A","ASN","λοιπὸν","λοιπὸν","λοιπόν","λοιπός"
"41","14","41","C","","καὶ","καὶ","καί","καί"
"41","14","41","V","2PMI-P","ἀναπαύεσθε·","ἀναπαύεσθε","ἀναπαύεσθε","ἀναπαύω"
"41","14","41","V","3PAI-S","ἀπέχει·","ἀπέχει","ἀπέχει","ἀπέχω"
"41","14","41","V","3AAI-S","ἦλθεν","ἦλθεν","ἦλθε(ν)","ἔρχομαι"
"41","14","41","RA","NSF","ἡ","ἡ","ἡ","ὁ"
"41","14","41","N","NSF","ὥρα,","ὥρα","ὥρα","ὥρα"
"41","14","41","X","","ἰδοὺ","ἰδοὺ","ἰδού","ἰδού"
"41","14","41","V","3PPI-S","παραδίδοται","παραδίδοται","παραδίδοται","παραδίδωμι"
"41","14","41","RA","NSM","ὁ","ὁ","ὁ","ὁ"
"41","14","41","N","NSM","υἱὸς","υἱὸς","υἱός","υἱός"
"41","14","41","RA","GSM","τοῦ","τοῦ","τοῦ","ὁ"
"41","14","41","N","GSM","ἀνθρώπου","ἀνθρώπου","ἀνθρώπου","ἄνθρωπος"
"41","14","41","P","","εἰς","εἰς","εἰς","εἰς"
"41","14","41","RA","APF","τὰς","τὰς","τάς","ὁ"
"41","14","41","N","APF","χεῖρας","χεῖρας","χεῖρας","χείρ"
"41","14","41","RA","GPM","τῶν","τῶν","τῶν","ὁ"
"41","14","41","A","GPM","ἁμαρτωλῶν.","ἁμαρτωλῶν","ἁμαρτωλῶν","ἁμαρτωλός"
"41","14","42","V","2PPD-P","ἐγείρεσθε","ἐγείρεσθε","ἐγείρεσθε","ἐγείρω"
"41","14","42","V","1PAS-P","ἄγωμεν·","ἄγωμεν","ἄγωμεν","ἄγω"
"41","14","42","X","","ἰδοὺ","ἰδοὺ","ἰδού","ἰδού"
"41","14","42","RA","NSM","ὁ","ὁ","ὁ","ὁ"
"41","14","42","V","PAPNSM","παραδιδούς","παραδιδούς","παραδιδούς","παραδίδωμι"
"41","14","42","RP","AS","με","με","με","ἐγώ"
"41","14","42","V","3XAI-S","ἤγγικεν.","ἤγγικεν","ἤγγικε(ν)","ἐγγίζω"
"41","14","43","C","","Καὶ","Καὶ","καί","καί"
"41","14","43","A","NSM","⸀εὐθὺς","εὐθὺς","εὐθύς","εὐθύς"
"41","14","43","D","","ἔτι","ἔτι","ἔτι","ἔτι"
"41","14","43","RP","GSM","αὐτοῦ","αὐτοῦ","αὐτοῦ","αὐτός"
"41","14","43","V","PAPGSM","λαλοῦντος","λαλοῦντος","λαλοῦντος","λαλέω"
"41","14","43","V","3PMI-S","παραγίνεται","παραγίνεται","παραγίνεται","παραγίνομαι"
"41","14","43","N","NSM","⸀Ἰούδας","Ἰούδας","Ἰούδας","Ἰούδας"
"41","14","43","A","NSM","⸀εἷς","εἷς","εἷς","εἷς"
"41","14","43","RA","GPM","τῶν","τῶν","τῶν","ὁ"
"41","14","43","A","GPM","δώδεκα","δώδεκα","δώδεκα","δώδεκα"
"41","14","43","C","","καὶ","καὶ","καί","καί"
"41","14","43","P","","μετ’","μετ’","μετά","μετά"
"41","14","43","RP","GSM","αὐτοῦ","αὐτοῦ","αὐτοῦ","αὐτός"
"41","14","43","N","NSM","⸀ὄχλος","ὄχλος","ὄχλος","ὄχλος"
"41","14","43","P","","μετὰ","μετὰ","μετά","μετά"
"41","14","43","N","GPF","μαχαιρῶν","μαχαιρῶν","μαχαιρῶν","μάχαιρα"
"41","14","43","C","","καὶ","καὶ","καί","καί"
"41","14","43","N","GPN","ξύλων","ξύλων","ξύλων","ξύλον"
"41","14","43","P","","παρὰ","παρὰ","παρά","παρά"
"41","14","43","RA","GPM","τῶν","τῶν","τῶν","ὁ"
"41","14","43","N","GPM","ἀρχιερέων","ἀρχιερέων","ἀρχιερέων","ἀρχιερεύς"
"41","14","43","C","","καὶ","καὶ","καί","καί"
"41","14","43","RA","GPM","τῶν","τῶν","τῶν","ὁ"
"41","14","43","N","GPM","γραμματέων","γραμματέων","γραμματέων","γραμματεύς"
"41","14","43","C","","καὶ","καὶ","καί","καί"
"41","14","43","RA","GPM","τῶν","τῶν","τῶν","ὁ"
"41","14","43","A","GPM","πρεσβυτέρων.","πρεσβυτέρων","πρεσβυτέρων","πρεσβύτερος"
"41","14","44","V","3YAI-S","δεδώκει","δεδώκει","δεδώκει","δίδωμι"
"41","14","44","C","","δὲ","δὲ","δέ","δέ"
"41","14","44","RA","NSM","ὁ","ὁ","ὁ","ὁ"
"41","14","44","V","PAPNSM","παραδιδοὺς","παραδιδοὺς","παραδιδούς","παραδίδωμι"
"41","14","44","RP","ASM","αὐτὸν","αὐτὸν","αὐτόν","αὐτός"
"41","14","44","N","ASN","σύσσημον","σύσσημον","σύσσημον","σύσσημον"
"41","14","44","RP","DPM","αὐτοῖς","αὐτοῖς","αὐτοῖς","αὐτός"
"41","14","44","V","PAPNSM","λέγων·","λέγων","λέγων","λέγω"
"41","14","44","RR","ASM","Ὃν","Ὃν","ὅν","ὅς"
"41","14","44","X","","ἂν","ἂν","ἄν","ἄν"
"41","14","44","V","1AAS-S","φιλήσω","φιλήσω","φιλήσω","φιλέω"
"41","14","44","RP","NSM","αὐτός","αὐτός","αὐτός","αὐτός"
"41","14","44","V","3PAI-S","ἐστιν·","ἐστιν","ἐστί(ν)","εἰμί"
"41","14","44","V","2AAD-P","κρατήσατε","κρατήσατε","κρατήσατε","κρατέω"
"41","14","44","RP","ASM","αὐτὸν","αὐτὸν","αὐτόν","αὐτός"
"41","14","44","C","","καὶ","καὶ","καί","καί"
"41","14","44","V","2PAD-P","⸀ἀπάγετε","ἀπάγετε","ἀπάγετε","ἀπάγω"
"41","14","44","D","","ἀσφαλῶς.","ἀσφαλῶς","ἀσφαλῶς","ἀσφαλῶς"
"41","14","45","C","","καὶ","καὶ","καί","καί"
"41","14","45","V","AAPNSM","ἐλθὼν","ἐλθὼν","ἐλθών","ἔρχομαι"
"41","14","45","A","NSM","⸀εὐθὺς","εὐθὺς","εὐθύς","εὐθύς"
"41","14","45","V","AAPNSM","προσελθὼν","προσελθὼν","προσελθών","προσέρχομαι"
"41","14","45","RP","DSM","αὐτῷ","αὐτῷ","αὐτῷ","αὐτός"
"41","14","45","V","3PAI-S","λέγει·","λέγει","λέγει","λέγω"
"41","14","45","N","VSM","⸀Ῥαββί,","Ῥαββί","ῥαββί","ῥαββί"
"41","14","45","C","","καὶ","καὶ","καί","καί"
"41","14","45","V","3AAI-S","κατεφίλησεν","κατεφίλησεν","κατεφίλησε(ν)","καταφιλέω"
"41","14","45","RP","ASM","αὐτόν.","αὐτόν","αὐτόν","αὐτός"
"41","14","46","RA","NPM","οἱ","οἱ","οἱ","ὁ"
"41","14","46","C","","δὲ","δὲ","δέ","δέ"
"41","14","46","V","3AAI-P","ἐπέβαλαν","ἐπέβαλαν","ἐπέβαλαν","ἐπιβάλλω"
"41","14","46","RA","APF","⸂τὰς","τὰς","τάς","ὁ"
"41","14","46","N","APF","χεῖρας","χεῖρας","χεῖρας","χείρ"
"41","14","46","RP","DSM","αὐτῷ⸃","αὐτῷ","αὐτῷ","αὐτός"
"41","14","46","C","","καὶ","καὶ","καί","καί"
"41","14","46","V","3AAI-P","ἐκράτησαν","ἐκράτησαν","ἐκράτησαν","κρατέω"
"41","14","46","RP","ASM","αὐτόν.","αὐτόν","αὐτόν","αὐτός"
"41","14","47","A","NSM","εἷς","εἷς","εἷς","εἷς"
"41","14","47","C","","δέ","δέ","δέ","δέ"
"41","14","47","RI","NSM","⸀τις","τις","τὶς","τις"
"41","14","47","RA","GPM","τῶν","τῶν","τῶν","ὁ"
"41","14","47","V","XAPGPM","παρεστηκότων","παρεστηκότων","παρεστηκότων","παρίστημι"
"41","14","47","V","AMPNSM","σπασάμενος","σπασάμενος","σπασάμενος","σπάομαι"
"41","14","47","RA","ASF","τὴν","τὴν","τήν","ὁ"
"41","14","47","N","ASF","μάχαιραν","μάχαιραν","μάχαιραν","μάχαιρα"
"41","14","47","V","3AAI-S","ἔπαισεν","ἔπαισεν","ἔπαισε(ν)","παίω"
"41","14","47","RA","ASM","τὸν","τὸν","τόν","ὁ"
"41","14","47","N","ASM","δοῦλον","δοῦλον","δοῦλον","δοῦλος"
"41","14","47","RA","GSM","τοῦ","τοῦ","τοῦ","ὁ"
"41","14","47","N","GSM","ἀρχιερέως","ἀρχιερέως","ἀρχιερέως","ἀρχιερεύς"
"41","14","47","C","","καὶ","καὶ","καί","καί"
"41","14","47","V","3AAI-S","ἀφεῖλεν","ἀφεῖλεν","ἀφεῖλε(ν)","ἀφαιρέω"
"41","14","47","RP","GSM","αὐτοῦ","αὐτοῦ","αὐτοῦ","αὐτός"
"41","14","47","RA","ASN","τὸ","τὸ","τό","ὁ"
"41","14","47","N","ASN","⸀ὠτάριον.","ὠτάριον","ὠτάριον","ὠτάριον"
"41","14","48","C","","καὶ","καὶ","καί","καί"
"41","14","48","V","APPNSM","ἀποκριθεὶς","ἀποκριθεὶς","ἀποκριθείς","ἀποκρίνομαι"
"41","14","48","RA","NSM","ὁ","ὁ","ὁ","ὁ"
"41","14","48","N","NSM","Ἰησοῦς","Ἰησοῦς","Ἰησοῦς","Ἰησοῦς"
"41","14","48","V","3AAI-S","εἶπεν","εἶπεν","εἶπε(ν)","λέγω"
"41","14","48","RP","DPM","αὐτοῖς·","αὐτοῖς","αὐτοῖς","αὐτός"
"41","14","48","C","","Ὡς","Ὡς","ὡς","ὡς"
"41","14","48","P","","ἐπὶ","ἐπὶ","ἐπί","ἐπί"
"41","14","48","N","ASM","λῃστὴν","λῃστὴν","λῃστήν","λῃστής"
"41","14","48","V","2AAI-P","ἐξήλθατε","ἐξήλθατε","ἐξήλθατε","ἐξέρχομαι"
"41","14","48","P","","μετὰ","μετὰ","μετά","μετά"
"41","14","48","N","GPF","μαχαιρῶν","μαχαιρῶν","μαχαιρῶν","μάχαιρα"
"41","14","48","C","","καὶ","καὶ","καί","καί"
"41","14","48","N","GPN","ξύλων","ξύλων","ξύλων","ξύλον"
"41","14","48","V","AAN","συλλαβεῖν","συλλαβεῖν","συλλαβεῖν","συλλαμβάνω"
"41","14","48","RP","AS","με;","με","με","ἐγώ"
"41","14","49","P","","καθ’","καθ’","κατά","κατά"
"41","14","49","N","ASF","ἡμέραν","ἡμέραν","ἡμέραν","ἡμέρα"
"41","14","49","V","1IMI-S","ἤμην","ἤμην","ἤμην","εἰμί"
"41","14","49","P","","πρὸς","πρὸς","πρός","πρός"
"41","14","49","RP","AP","ὑμᾶς","ὑμᾶς","ὑμᾶς","σύ"
"41","14","49","P","","ἐν","ἐν","ἐν","ἐν"
"41","14","49","RA","DSN","τῷ","τῷ","τῷ","ὁ"
"41","14","49","A","DSN","ἱερῷ","ἱερῷ","ἱερῷ","ἱερός"
"41","14","49","V","PAPNSM","διδάσκων","διδάσκων","διδάσκων","διδάσκω"
"41","14","49","C","","καὶ","καὶ","καί","καί"
"41","14","49","D","","οὐκ","οὐκ","οὐ","οὐ"
"41","14","49","V","2AAI-P","ἐκρατήσατέ","ἐκρατήσατέ","ἐκρατήσατε","κρατέω"
"41","14","49","RP","AS","με·","με","με","ἐγώ"
"41","14","49","C","","ἀλλ’","ἀλλ’","ἀλλά","ἀλλά"
"41","14","49","C","","ἵνα","ἵνα","ἵνα","ἵνα"
"41","14","49","V","3APS-P","πληρωθῶσιν","πληρωθῶσιν","πληρωθῶσι(ν)","πληρόω"
"41","14","49","RA","NPF","αἱ","αἱ","αἱ","ὁ"
"41","14","49","N","NPF","γραφαί.","γραφαί","γραφαί","γραφή"
"41","14","50","C","","καὶ","καὶ","καί","καί"
"41","14","50","V","AAPNPM","ἀφέντες","ἀφέντες","ἀφέντες","ἀφίημι"
"41","14","50","RP","ASM","αὐτὸν","αὐτὸν","αὐτόν","αὐτός"
"41","14","50","V","3AAI-P","⸂ἔφυγον","ἔφυγον","ἔφυγον","φεύγω"
"41","14","50","A","NPM","πάντες⸃.","πάντες","πάντες","πᾶς"
"41","14","51","C","","Καὶ","Καὶ","καί","καί"
"41","14","51","N","NSM","⸂νεανίσκος","νεανίσκος","νεανίσκος","νεανίσκος"
"41","14","51","RI","NSM","τις⸃","τις","τὶς","τις"
"41","14","51","V","3IAI-S","⸀συνηκολούθει","συνηκολούθει","συνηκολούθει","συνακολουθέω"
"41","14","51","RP","DSM","αὐτῷ","αὐτῷ","αὐτῷ","αὐτός"
"41","14","51","V","XMPNSM","περιβεβλημένος","περιβεβλημένος","περιβεβλημένος","περιβάλλω"
"41","14","51","N","ASF","σινδόνα","σινδόνα","σινδόνα","σινδών"
"41","14","51","P","","ἐπὶ","ἐπὶ","ἐπί","ἐπί"
"41","14","51","A","GSN","γυμνοῦ,","γυμνοῦ","γυμνοῦ","γυμνός"
"41","14","51","C","","καὶ","καὶ","καί","καί"
"41","14","51","V","3PAI-P","κρατοῦσιν","κρατοῦσιν","κρατοῦσι(ν)","κρατέω"
"41","14","51","RP","ASM","⸀αὐτόν,","αὐτόν","αὐτόν","αὐτός"
"41","14","52","RA","NSM","ὁ","ὁ","ὁ","ὁ"
"41","14","52","C","","δὲ","δὲ","δέ","δέ"
"41","14","52","V","AAPNSM","καταλιπὼν","καταλιπὼν","καταλιπών","καταλείπω"
"41","14","52","RA","ASF","τὴν","τὴν","τήν","ὁ"
"41","14","52","N","ASF","σινδόνα","σινδόνα","σινδόνα","σινδών"
"41","14","52","A","NSM","γυμνὸς","γυμνὸς","γυμνός","γυμνός"
"41","14","52","V","3AAI-S","⸀ἔφυγεν.","ἔφυγεν","ἔφυγε(ν)","φεύγω"
"41","14","53","C","","Καὶ","Καὶ","καί","καί"
"41","14","53","V","3AAI-P","ἀπήγαγον","ἀπήγαγον","ἀπήγαγον","ἀπάγω"
"41","14","53","RA","ASM","τὸν","τὸν","τόν","ὁ"
"41","14","53","N","ASM","Ἰησοῦν","Ἰησοῦν","Ἰησοῦν","Ἰησοῦς"
"41","14","53","P","","πρὸς","πρὸς","πρός","πρός"
"41","14","53","RA","ASM","τὸν","τὸν","τόν","ὁ"
"41","14","53","N","ASM","ἀρχιερέα,","ἀρχιερέα","ἀρχιερέα","ἀρχιερεύς"
"41","14","53","C","","καὶ","καὶ","καί","καί"
"41","14","53","V","3PMI-P","⸀συνέρχονται","συνέρχονται","συνέρχονται","συνέρχομαι"
"41","14","53","A","NPM","πάντες","πάντες","πάντες","πᾶς"
"41","14","53","RA","NPM","οἱ","οἱ","οἱ","ὁ"
"41","14","53","N","NPM","ἀρχιερεῖς","ἀρχιερεῖς","ἀρχιερεῖς","ἀρχιερεύς"
"41","14","53","C","","καὶ","καὶ","καί","καί"
"41","14","53","RA","NPM","οἱ","οἱ","οἱ","ὁ"
"41","14","53","A","NPM","πρεσβύτεροι","πρεσβύτεροι","πρεσβύτεροι","πρεσβύτερος"
"41","14","53","C","","καὶ","καὶ","καί","καί"
"41","14","53","RA","NPM","οἱ","οἱ","οἱ","ὁ"
"41","14","53","N","NPM","γραμματεῖς.","γραμματεῖς","γραμματεῖς","γραμματεύς"
"41","14","54","C","","καὶ","καὶ","καί","καί"
"41","14","54","RA","NSM","ὁ","ὁ","ὁ","ὁ"
"41","14","54","N","NSM","Πέτρος","Πέτρος","Πέτρος","Πέτρος"
"41","14","54","P","","ἀπὸ","ἀπὸ","ἀπό","ἀπό"
"41","14","54","D","","μακρόθεν","μακρόθεν","μακρόθεν","μακρόθεν"
"41","14","54","V","3AAI-S","ἠκολούθησεν","ἠκολούθησεν","ἠκολούθησε(ν)","ἀκολουθέω"
"41","14","54","RP","DSM","αὐτῷ","αὐτῷ","αὐτῷ","αὐτός"
"41","14","54","P","","ἕως","ἕως","ἕως","ἕως"
"41","14","54","D","","ἔσω","ἔσω","ἔσω","ἔσω"
"41","14","54","P","","εἰς","εἰς","εἰς","εἰς"
"41","14","54","RA","ASF","τὴν","τὴν","τήν","ὁ"
"41","14","54","N","ASF","αὐλὴν","αὐλὴν","αὐλήν","αὐλή"
"41","14","54","RA","GSM","τοῦ","τοῦ","τοῦ","ὁ"
"41","14","54","N","GSM","ἀρχιερέως","ἀρχιερέως","ἀρχιερέως","ἀρχιερεύς"
"41","14","54","C","","καὶ","καὶ","καί","καί"
"41","14","54","V","3IAI-S","ἦν","ἦν","ἦν","εἰμί"
"41","14","54","V","PMPNSM","συγκαθήμενος","συγκαθήμενος","συγκαθήμενος","συγκάθημαι"
"41","14","54","P","","μετὰ","μετὰ","μετά","μετά"
"41","14","54","RA","GPM","τῶν","τῶν","τῶν","ὁ"
"41","14","54","N","GPM","ὑπηρετῶν","ὑπηρετῶν","ὑπηρετῶν","ὑπηρέτης"
"41","14","54","C","","καὶ","καὶ","καί","καί"
"41","14","54","V","PMPNSM","θερμαινόμενος","θερμαινόμενος","θερμαινόμενος","θερμαίνομαι"
"41","14","54","P","","πρὸς","πρὸς","πρός","πρός"
"41","14","54","RA","ASN","τὸ","τὸ","τό","ὁ"
"41","14","54","N","ASN","φῶς.","φῶς","φῶς","φῶς"
"41","14","55","RA","NPM","οἱ","οἱ","οἱ","ὁ"
"41","14","55","C","","δὲ","δὲ","δέ","δέ"
"41","14","55","N","NPM","ἀρχιερεῖς","ἀρχιερεῖς","ἀρχιερεῖς","ἀρχιερεύς"
"41","14","55","C","","καὶ","καὶ","καί","καί"
"41","14","55","A","NSN","ὅλον","ὅλον","ὅλον","ὅλος"
"41","14","55","RA","NSN","τὸ","τὸ","τό","ὁ"
"41","14","55","N","NSN","συνέδριον","συνέδριον","συνέδριον","συνέδριον"
"41","14","55","V","3IAI-P","ἐζήτουν","ἐζήτουν","ἐζήτουν","ζητέω"
"41","14","55","P","","κατὰ","κατὰ","κατά","κατά"
"41","14","55","RA","GSM","τοῦ","τοῦ","τοῦ","ὁ"
"41","14","55","N","GSM","Ἰησοῦ","Ἰησοῦ","Ἰησοῦ","Ἰησοῦς"
"41","14","55","N","ASF","μαρτυρίαν","μαρτυρίαν","μαρτυρίαν","μαρτυρία"
"41","14","55","P","","εἰς","εἰς","εἰς","εἰς"
"41","14","55","RA","ASN","τὸ","τὸ","τό","ὁ"
"41","14","55","V","AAN","θανατῶσαι","θανατῶσαι","θανατῶσαι","θανατόω"
"41","14","55","RP","ASM","αὐτόν,","αὐτόν","αὐτόν","αὐτός"
"41","14","55","C","","καὶ","καὶ","καί","καί"
"41","14","55","D","","οὐχ","οὐχ","οὐ","οὐ"
"41","14","55","V","3IAI-P","ηὕρισκον·","ηὕρισκον","ηὕρισκον","εὑρίσκω"
"41","14","56","A","NPM","πολλοὶ","πολλοὶ","πολλοί","πολύς"
"41","14","56","C","","γὰρ","γὰρ","γάρ","γάρ"
"41","14","56","V","3IAI-P","ἐψευδομαρτύρουν","ἐψευδομαρτύρουν","ἐψευδομαρτύρουν","ψευδομαρτυρέω"
"41","14","56","P","","κατ’","κατ’","κατά","κατά"
"41","14","56","RP","GSM","αὐτοῦ,","αὐτοῦ","αὐτοῦ","αὐτός"
"41","14","56","C","","καὶ","καὶ","καί","καί"
"41","14","56","A","NPF","ἴσαι","ἴσαι","ἴσαι","ἴσος"
"41","14","56","RA","NPF","αἱ","αἱ","αἱ","ὁ"
"41","14","56","N","NPF","μαρτυρίαι","μαρτυρίαι","μαρτυρίαι","μαρτυρία"
"41","14","56","D","","οὐκ","οὐκ","οὐ","οὐ"
"41","14","56","V","3IAI-P","ἦσαν.","ἦσαν","ἦσαν","εἰμί"
"41","14","57","C","","καί","καί","καί","καί"
"41","14","57","RI","NPM","τινες","τινες","τινές","τις"
"41","14","57","V","AAPNPM","ἀναστάντες","ἀναστάντες","ἀναστάντες","ἀνίστημι"
"41","14","57","V","3IAI-P","ἐψευδομαρτύρουν","ἐψευδομαρτύρουν","ἐψευδομαρτύρουν","ψευδομαρτυρέω"
"41","14","57","P","","κατ’","κατ’","κατά","κατά"
"41","14","57","RP","GSM","αὐτοῦ","αὐτοῦ","αὐτοῦ","αὐτός"
"41","14","57","V","PAPNPM","λέγοντες","λέγοντες","λέγοντες","λέγω"
"41","14","58","C","","ὅτι","ὅτι","ὅτι","ὅτι"
"41","14","58","RP","NP","Ἡμεῖς","Ἡμεῖς","ἡμεῖς","ἐγώ"
"41","14","58","V","1AAI-P","ἠκούσαμεν","ἠκούσαμεν","ἠκούσαμεν","ἀκούω"
"41","14","58","RP","GSM","αὐτοῦ","αὐτοῦ","αὐτοῦ","αὐτός"
"41","14","58","V","PAPGSM","λέγοντος","λέγοντος","λέγοντος","λέγω"
"41","14","58","C","","ὅτι","ὅτι","ὅτι","ὅτι"
"41","14","58","RP","NS","Ἐγὼ","Ἐγὼ","ἐγώ","ἐγώ"
"41","14","58","V","1FAI-S","καταλύσω","καταλύσω","καταλύσω","καταλύω"
"41","14","58","RA","ASM","τὸν","τὸν","τόν","ὁ"
"41","14","58","N","ASM","ναὸν","ναὸν","ναόν","ναός"
"41","14","58","RD","ASM","τοῦτον","τοῦτον","τοῦτον","οὗτος"
"41","14","58","RA","ASM","τὸν","τὸν","τόν","ὁ"
"41","14","58","A","ASM","χειροποίητον","χειροποίητον","χειροποίητον","χειροποίητος"
"41","14","58","C","","καὶ","καὶ","καί","καί"
"41","14","58","P","","διὰ","διὰ","διά","διά"
"41","14","58","A","GPF","τριῶν","τριῶν","τριῶν","τρεῖς"
"41","14","58","N","GPF","ἡμερῶν","ἡμερῶν","ἡμερῶν","ἡμέρα"
"41","14","58","A","ASM","ἄλλον","ἄλλον","ἄλλον","ἄλλος"
"41","14","58","A","ASM","ἀχειροποίητον","ἀχειροποίητον","ἀχειροποίητον","ἀχειροποίητος"
"41","14","58","V","1FAI-S","οἰκοδομήσω·","οἰκοδομήσω","οἰκοδομήσω","οἰκοδομέω"
"41","14","59","C","","καὶ","καὶ","καί","καί"
"41","14","59","D","","οὐδὲ","οὐδὲ","οὐδέ","οὐδέ"
"41","14","59","D","","οὕτως","οὕτως","οὕτω(ς)","οὕτω(ς)"
"41","14","59","A","NSF","ἴση","ἴση","ἴση","ἴσος"
"41","14","59","V","3IAI-S","ἦν","ἦν","ἦν","εἰμί"
"41","14","59","RA","NSF","ἡ","ἡ","ἡ","ὁ"
"41","14","59","N","NSF","μαρτυρία","μαρτυρία","μαρτυρία","μαρτυρία"
"41","14","59","RP","GPM","αὐτῶν.","αὐτῶν","αὐτῶν","αὐτός"
"41","14","60","C","","καὶ","καὶ","καί","καί"
"41","14","60","V","AAPNSM","ἀναστὰς","ἀναστὰς","ἀναστάς","ἀνίστημι"
"41","14","60","RA","NSM","ὁ","ὁ","ὁ","ὁ"
"41","14","60","N","NSM","ἀρχιερεὺς","ἀρχιερεὺς","ἀρχιερεύς","ἀρχιερεύς"
"41","14","60","P","","εἰς","εἰς","εἰς","εἰς"
"41","14","60","A","ASN","μέσον","μέσον","μέσον","μέσος"
"41","14","60","V","3AAI-S","ἐπηρώτησεν","ἐπηρώτησεν","ἐπηρώτησε(ν)","ἐπερωτάω"
"41","14","60","RA","ASM","τὸν","τὸν","τόν","ὁ"
"41","14","60","N","ASM","Ἰησοῦν","Ἰησοῦν","Ἰησοῦν","Ἰησοῦς"
"41","14","60","V","PAPNSM","λέγων·","λέγων","λέγων","λέγω"
"41","14","60","D","","Οὐκ","Οὐκ","οὐ","οὐ"
"41","14","60","V","2PMI-S","ἀποκρίνῃ","ἀποκρίνῃ","ἀποκρίνῃ","ἀποκρίνομαι"
"41","14","60","A","ASN","οὐδέν;","οὐδέν","οὐδέν","οὐδείς"
"41","14","60","RI","ASN","τί","τί","τί","τίς"
"41","14","60","RD","NPM","οὗτοί","οὗτοί","οὗτοι","οὗτος"
"41","14","60","RP","GS","σου","σου","σου","σύ"
"41","14","60","V","3PAI-P","καταμαρτυροῦσιν;","καταμαρτυροῦσιν","καταμαρτυροῦσι(ν)","καταμαρτυρέω"
"41","14","61","RA","NSM","ὁ","ὁ","ὁ","ὁ"
"41","14","61","C","","δὲ","δὲ","δέ","δέ"
"41","14","61","V","3IAI-S","ἐσιώπα","ἐσιώπα","ἐσιώπα","σιωπάω"
"41","14","61","C","","καὶ","καὶ","καί","καί"
"41","14","61","D","","⸂οὐκ","οὐκ","οὐ","οὐ"
"41","14","61","V","3AMI-S","ἀπεκρίνατο","ἀπεκρίνατο","ἀπεκρίνατο","ἀποκρίνομαι"
"41","14","61","A","ASN","οὐδέν⸃.","οὐδέν","οὐδέν","οὐδείς"
"41","14","61","D","","πάλιν","πάλιν","πάλιν","πάλιν"
"41","14","61","RA","NSM","ὁ","ὁ","ὁ","ὁ"
"41","14","61","N","NSM","ἀρχιερεὺς","ἀρχιερεὺς","ἀρχιερεύς","ἀρχιερεύς"
"41","14","61","V","3IAI-S","ἐπηρώτα","ἐπηρώτα","ἐπηρώτα","ἐπερωτάω"
"41","14","61","RP","ASM","αὐτὸν","αὐτὸν","αὐτόν","αὐτός"
"41","14","61","C","","καὶ","καὶ","καί","καί"
"41","14","61","V","3PAI-S","λέγει","λέγει","λέγει","λέγω"
"41","14","61","RP","DSM","αὐτῷ·","αὐτῷ","αὐτῷ","αὐτός"
"41","14","61","RP","NS","Σὺ","Σὺ","σύ","σύ"
"41","14","61","V","2PAI-S","εἶ","εἶ","εἶ","εἰμί"
"41","14","61","RA","NSM","ὁ","ὁ","ὁ","ὁ"
"41","14","61","N","NSM","χριστὸς","χριστὸς","Χριστός","Χριστός"
"41","14","61","RA","NSM","ὁ","ὁ","ὁ","ὁ"
"41","14","61","N","NSM","υἱὸς","υἱὸς","υἱός","υἱός"
"41","14","61","RA","GSM","τοῦ","τοῦ","τοῦ","ὁ"
"41","14","61","A","GSM","εὐλογητοῦ;","εὐλογητοῦ","εὐλογητοῦ","εὐλογητός"
"41","14","62","RA","NSM","ὁ","ὁ","ὁ","ὁ"
"41","14","62","C","","δὲ","δὲ","δέ","δέ"
"41","14","62","N","NSM","Ἰησοῦς","Ἰησοῦς","Ἰησοῦς","Ἰησοῦς"
"41","14","62","V","3AAI-S","εἶπεν·","εἶπεν","εἶπε(ν)","λέγω"
"41","14","62","RP","NS","Ἐγώ","Ἐγώ","ἐγώ","ἐγώ"
"41","14","62","V","1PAI-S","εἰμι,","εἰμι","εἰμί","εἰμί"
"41","14","62","C","","καὶ","καὶ","καί","καί"
"41","14","62","V","2FMI-P","ὄψεσθε","ὄψεσθε","ὄψεσθε","ὁράω"
"41","14","62","RA","ASM","τὸν","τὸν","τόν","ὁ"
"41","14","62","N","ASM","υἱὸν","υἱὸν","υἱόν","υἱός"
"41","14","62","RA","GSM","τοῦ","τοῦ","τοῦ","ὁ"
"41","14","62","N","GSM","ἀνθρώπου","ἀνθρώπου","ἀνθρώπου","ἄνθρωπος"
"41","14","62","P","","ἐκ","ἐκ","ἐκ","ἐκ"
"41","14","62","A","GPN","δεξιῶν","δεξιῶν","δεξιῶν","δεξιός"
"41","14","62","V","PMPASM","καθήμενον","καθήμενον","καθήμενον","κάθημαι"
"41","14","62","RA","GSF","τῆς","τῆς","τῆς","ὁ"
"41","14","62","N","GSF","δυνάμεως","δυνάμεως","δυνάμεως","δύναμις"
"41","14","62","C","","καὶ","καὶ","καί","καί"
"41","14","62","V","PMPASM","ἐρχόμενον","ἐρχόμενον","ἐρχόμενον","ἔρχομαι"
"41","14","62","P","","μετὰ","μετὰ","μετά","μετά"
"41","14","62","RA","GPF","τῶν","τῶν","τῶν","ὁ"
"41","14","62","N","GPF","νεφελῶν","νεφελῶν","νεφελῶν","νεφέλη"
"41","14","62","RA","GSM","τοῦ","τοῦ","τοῦ","ὁ"
"41","14","62","N","GSM","οὐρανοῦ.","οὐρανοῦ","οὐρανοῦ","οὐρανός"
"41","14","63","RA","NSM","ὁ","ὁ","ὁ","ὁ"
"41","14","63","C","","δὲ","δὲ","δέ","δέ"
"41","14","63","N","NSM","ἀρχιερεὺς","ἀρχιερεὺς","ἀρχιερεύς","ἀρχιερεύς"
"41","14","63","V","AAPNSM","διαρρήξας","διαρρήξας","διαρρήξας","διαρρήγνυμι"
"41","14","63","RA","APM","τοὺς","τοὺς","τούς","ὁ"
"41","14","63","N","APM","χιτῶνας","χιτῶνας","χιτῶνας","χιτών"
"41","14","63","RP","GSM","αὐτοῦ","αὐτοῦ","αὐτοῦ","αὐτός"
"41","14","63","V","3PAI-S","λέγει·","λέγει","λέγει","λέγω"
"41","14","63","RI","ASN","Τί","Τί","τί","τίς"
"41","14","63","D","","ἔτι","ἔτι","ἔτι","ἔτι"
"41","14","63","N","ASF","χρείαν","χρείαν","χρείαν","χρεία"
"41","14","63","V","1PAI-P","ἔχομεν","ἔχομεν","ἔχομεν","ἔχω"
"41","14","63","N","GPM","μαρτύρων;","μαρτύρων","μαρτύρων","μάρτυς"
"41","14","64","V","2AAI-P","ἠκούσατε","ἠκούσατε","ἠκούσατε","ἀκούω"
"41","14","64","RA","GSF","τῆς","τῆς","τῆς","ὁ"
"41","14","64","N","GSF","βλασφημίας·","βλασφημίας","βλασφημίας","βλασφημία"
"41","14","64","RI","NSN","τί","τί","τί","τίς"
"41","14","64","RP","DP","ὑμῖν","ὑμῖν","ὑμῖν","σύ"
"41","14","64","V","3PPI-S","φαίνεται;","φαίνεται","φαίνεται","φαίνω"
"41","14","64","RA","NPM","οἱ","οἱ","οἱ","ὁ"
"41","14","64","C","","δὲ","δὲ","δέ","δέ"
"41","14","64","A","NPM","πάντες","πάντες","πάντες","πᾶς"
"41","14","64","V","3AAI-P","κατέκριναν","κατέκριναν","κατέκριναν","κατακρίνω"
"41","14","64","RP","ASM","αὐτὸν","αὐτὸν","αὐτόν","αὐτός"
"41","14","64","A","ASM","⸂ἔνοχον","ἔνοχον","ἔνοχον","ἔνοχος"
"41","14","64","V","PAN","εἶναι⸃","εἶναι","εἶναι","εἰμί"
"41","14","64","N","GSM","θανάτου.","θανάτου","θανάτου","θάνατος"
"41","14","65","C","","καὶ","καὶ","καί","καί"
"41","14","65","V","3AMI-P","ἤρξαντό","ἤρξαντό","ἤρξαντο","ἄρχω"
"41","14","65","RI","NPM","τινες","τινες","τινές","τις"
"41","14","65","V","PAN","ἐμπτύειν","ἐμπτύειν","ἐμπτύειν","ἐμπτύω"
"41","14","65","RP","DSM","αὐτῷ","αὐτῷ","αὐτῷ","αὐτός"
"41","14","65","C","","καὶ","καὶ","καί","καί"
"41","14","65","V","PAN","περικαλύπτειν","περικαλύπτειν","περικαλύπτειν","περικαλύπτω"
"41","14","65","RP","GSM","⸂αὐτοῦ","αὐτοῦ","αὐτοῦ","αὐτός"
"41","14","65","RA","ASN","τὸ","τὸ","τό","ὁ"
"41","14","65","N","ASN","πρόσωπον⸃","πρόσωπον","πρόσωπον","πρόσωπον"
"41","14","65","C","","καὶ","καὶ","καί","καί"
"41","14","65","V","PAN","κολαφίζειν","κολαφίζειν","κολαφίζειν","κολαφίζω"
"41","14","65","RP","ASM","αὐτὸν","αὐτὸν","αὐτόν","αὐτός"
"41","14","65","C","","καὶ","καὶ","καί","καί"
"41","14","65","V","PAN","λέγειν","λέγειν","λέγειν","λέγω"
"41","14","65","RP","DSM","αὐτῷ·","αὐτῷ","αὐτῷ","αὐτός"
"41","14","65","V","2AAD-S","Προφήτευσον,","Προφήτευσον","προφήτευσον","προφητεύω"
"41","14","65","C","","καὶ","καὶ","καί","καί"
"41","14","65","RA","NPM","οἱ","οἱ","οἱ","ὁ"
"41","14","65","N","NPM","ὑπηρέται","ὑπηρέται","ὑπηρέται","ὑπηρέτης"
"41","14","65","N","DPN","ῥαπίσμασιν","ῥαπίσμασιν","ῥαπίσμασι(ν)","ῥάπισμα"
"41","14","65","RP","ASM","αὐτὸν","αὐτὸν","αὐτόν","αὐτός"
"41","14","65","V","3AAI-P","⸀ἔλαβον.","ἔλαβον","ἔλαβον","λαμβάνω"
"41","14","66","C","","Καὶ","Καὶ","καί","καί"
"41","14","66","V","PAPGSM","ὄντος","ὄντος","ὄντος","εἰμί"
"41","14","66","RA","GSM","τοῦ","τοῦ","τοῦ","ὁ"
"41","14","66","N","GSM","Πέτρου","Πέτρου","Πέτρου","Πέτρος"
"41","14","66","D","","⸂κάτω","κάτω","κάτω","κάτω"
"41","14","66","P","","ἐν","ἐν","ἐν","ἐν"
"41","14","66","RA","DSF","τῇ","τῇ","τῇ","ὁ"
"41","14","66","N","DSF","αὐλῇ⸃","αὐλῇ","αὐλῇ","αὐλή"
"41","14","66","V","3PMI-S","ἔρχεται","ἔρχεται","ἔρχεται","ἔρχομαι"
"41","14","66","A","NSF","μία","μία","μία","εἷς"
"41","14","66","RA","GPF","τῶν","τῶν","τῶν","ὁ"
"41","14","66","N","GPF","παιδισκῶν","παιδισκῶν","παιδισκῶν","παιδίσκη"
"41","14","66","RA","GSM","τοῦ","τοῦ","τοῦ","ὁ"
"41","14","66","N","GSM","ἀρχιερέως,","ἀρχιερέως","ἀρχιερέως","ἀρχιερεύς"
"41","14","67","C","","καὶ","καὶ","καί","καί"
"41","14","67","V","AAPNSF","ἰδοῦσα","ἰδοῦσα","ἰδοῦσα","ὁράω"
"41","14","67","RA","ASM","τὸν","τὸν","τόν","ὁ"
"41","14","67","N","ASM","Πέτρον","Πέτρον","Πέτρον","Πέτρος"
"41","14","67","V","PMPASM","θερμαινόμενον","θερμαινόμενον","θερμαινόμενον","θερμαίνομαι"
"41","14","67","V","AAPNSF","ἐμβλέψασα","ἐμβλέψασα","ἐμβλέψασα","ἐμβλέπω"
"41","14","67","RP","DSM","αὐτῷ","αὐτῷ","αὐτῷ","αὐτός"
"41","14","67","V","3PAI-S","λέγει·","λέγει","λέγει","λέγω"
"41","14","67","D","","Καὶ","Καὶ","καί","καί"
"41","14","67","RP","NS","σὺ","σὺ","σύ","σύ"
"41","14","67","P","","μετὰ","μετὰ","μετά","μετά"
"41","14","67","RA","GSM","τοῦ","τοῦ","τοῦ","ὁ"
"41","14","67","A","GSM","Ναζαρηνοῦ","Ναζαρηνοῦ","Ναζαρηνοῦ","Ναζαρηνός"
"41","14","67","V","2IAI-S","⸂ἦσθα","ἦσθα","ἦσθα","εἰμί"
"41","14","67","RA","GSM","τοῦ","τοῦ","τοῦ","ὁ"
"41","14","67","N","GSM","Ἰησοῦ⸃·","Ἰησοῦ","Ἰησοῦ","Ἰησοῦς"
"41","14","68","RA","NSM","ὁ","ὁ","ὁ","ὁ"
"41","14","68","C","","δὲ","δὲ","δέ","δέ"
"41","14","68","V","3AMI-S","ἠρνήσατο","ἠρνήσατο","ἠρνήσατο","ἀρνέομαι"
"41","14","68","V","PAPNSM","λέγων·","λέγων","λέγων","λέγω"
"41","14","68","C","","⸂Οὔτε","Οὔτε","οὔτε","οὔτε"
"41","14","68","V","1XAI-S","οἶδα","οἶδα","οἶδα","οἶδα"
"41","14","68","C","","οὔτε","οὔτε","οὔτε","οὔτε"
"41","14","68","V","1PMI-S","ἐπίσταμαι","ἐπίσταμαι","ἐπίσταμαι","ἐπίσταμαι"
"41","14","68","RP","NS","σὺ","σὺ","σύ","σύ"
"41","14","68","RI","ASN","τί⸃","τί","τί","τίς"
"41","14","68","V","2PAI-S","λέγεις,","λέγεις","λέγεις","λέγω"
"41","14","68","C","","καὶ","καὶ","καί","καί"
"41","14","68","V","3AAI-S","ἐξῆλθεν","ἐξῆλθεν","ἐξῆλθε(ν)","ἐξέρχομαι"
"41","14","68","D","","ἔξω","ἔξω","ἔξω","ἔξω"
"41","14","68","P","","εἰς","εἰς","εἰς","εἰς"
"41","14","68","RA","ASN","τὸ","τὸ","τό","ὁ"
"41","14","68","N","ASN","προαύλιον","προαύλιον","προαύλιον","προαύλιον"
"41","14","68","C","","⸂καὶ","καὶ","καί","καί"
"41","14","68","N","NSM","ἀλέκτωρ","ἀλέκτωρ","ἀλέκτωρ","ἀλέκτωρ"
"41","14","68","V","3AAI-S","ἐφώνησεν⸃.","ἐφώνησεν","ἐφώνησε(ν)","φωνέω"
"41","14","69","C","","καὶ","καὶ","καί","καί"
"41","14","69","RA","NSF","ἡ","ἡ","ἡ","ὁ"
"41","14","69","N","NSF","παιδίσκη","παιδίσκη","παιδίσκη","παιδίσκη"
"41","14","69","V","AAPNSF","ἰδοῦσα","ἰδοῦσα","ἰδοῦσα","ὁράω"
"41","14","69","RP","ASM","αὐτὸν","αὐτὸν","αὐτόν","αὐτός"
"41","14","69","V","3AMI-S","⸂ἤρξατο","ἤρξατο","ἤρξατο","ἄρχω"
"41","14","69","D","","πάλιν⸃","πάλιν","πάλιν","πάλιν"
"41","14","69","V","PAN","λέγειν","λέγειν","λέγειν","λέγω"
"41","14","69","RA","DPM","τοῖς","τοῖς","τοῖς","ὁ"
"41","14","69","V","XAPDPM","⸀παρεστῶσιν","παρεστῶσιν","παρεστῶσι(ν)","παρίστημι"
"41","14","69","C","","ὅτι","ὅτι","ὅτι","ὅτι"
"41","14","69","RD","NSM","Οὗτος","Οὗτος","οὗτος","οὗτος"
"41","14","69","P","","ἐξ","ἐξ","ἐκ","ἐκ"
"41","14","69","RP","GPM","αὐτῶν","αὐτῶν","αὐτῶν","αὐτός"
"41","14","69","V","3PAI-S","ἐστιν.","ἐστιν","ἐστί(ν)","εἰμί"
"41","14","70","RA","NSM","ὁ","ὁ","ὁ","ὁ"
"41","14","70","C","","δὲ","δὲ","δέ","δέ"
"41","14","70","D","","πάλιν","πάλιν","πάλιν","πάλιν"
"41","14","70","V","3IMI-S","ἠρνεῖτο.","ἠρνεῖτο","ἠρνεῖτο","ἀρνέομαι"
"41","14","70","C","","καὶ","καὶ","καί","καί"
"41","14","70","P","","μετὰ","μετὰ","μετά","μετά"
"41","14","70","A","ASN","μικρὸν","μικρὸν","μικρόν","μικρός"
"41","14","70","D","","πάλιν","πάλιν","πάλιν","πάλιν"
"41","14","70","RA","NPM","οἱ","οἱ","οἱ","ὁ"
"41","14","70","V","XAPNPM","παρεστῶτες","παρεστῶτες","παρεστῶτες","παρίστημι"
"41","14","70","V","3IAI-P","ἔλεγον","ἔλεγον","ἔλεγον","λέγω"
"41","14","70","RA","DSM","τῷ","τῷ","τῷ","ὁ"
"41","14","70","N","DSM","Πέτρῳ·","Πέτρῳ","Πέτρῳ","Πέτρος"
"41","14","70","D","","Ἀληθῶς","Ἀληθῶς","ἀληθῶς","ἀληθῶς"
"41","14","70","P","","ἐξ","ἐξ","ἐκ","ἐκ"
"41","14","70","RP","GPM","αὐτῶν","αὐτῶν","αὐτῶν","αὐτός"
"41","14","70","V","2PAI-S","εἶ,","εἶ","εἶ","εἰμί"
"41","14","70","D","","καὶ","καὶ","καί","καί"
"41","14","70","C","","γὰρ","γὰρ","γάρ","γάρ"
"41","14","70","A","NSM","Γαλιλαῖος","Γαλιλαῖος","Γαλιλαῖος","Γαλιλαῖος"
"41","14","70","V","2PAI-S","εἶ","εἶ","εἶ","εἰμί"
"41","14","70","C","","⸂καὶ","καὶ","καί","καί"
"41","14","70","RA","NSF","ἡ","ἡ","ἡ","ὁ"
"41","14","70","N","NSF","λαλιά","λαλιά","λαλιά","λαλιά"
"41","14","70","RP","GS","σου","σου","σου","σύ"
"41","14","70","V","3PAI-S","ὁμοιάζει⸃·","ὁμοιάζει","ὁμοιάζει","ὁμοιάζω"
"41","14","71","RA","NSM","ὁ","ὁ","ὁ","ὁ"
"41","14","71","C","","δὲ","δὲ","δέ","δέ"
"41","14","71","V","3AMI-S","ἤρξατο","ἤρξατο","ἤρξατο","ἄρχω"
"41","14","71","V","PAN","ἀναθεματίζειν","ἀναθεματίζειν","ἀναθεματίζειν","ἀναθεματίζω"
"41","14","71","C","","καὶ","καὶ","καί","καί"
"41","14","71","V","PAN","ὀμνύναι","ὀμνύναι","ὀμνύναι","ὀμνύω"
"41","14","71","C","","ὅτι","ὅτι","ὅτι","ὅτι"
"41","14","71","D","","Οὐκ","Οὐκ","οὐ","οὐ"
"41","14","71","V","1XAI-S","οἶδα","οἶδα","οἶδα","οἶδα"
"41","14","71","RA","ASM","τὸν","τὸν","τόν","ὁ"
"41","14","71","N","ASM","ἄνθρωπον","ἄνθρωπον","ἄνθρωπον","ἄνθρωπος"
"41","14","71","RD","ASM","τοῦτον","τοῦτον","τοῦτον","οὗτος"
"41","14","71","RR","ASM","ὃν","ὃν","ὅν","ὅς"
"41","14","71","V","2PAI-P","λέγετε.","λέγετε","λέγετε","λέγω"
"41","14","72","C","","καὶ","καὶ","καί","καί"
"41","14","72","A","NSM","⸀εὐθὺς","εὐθὺς","εὐθύς","εὐθύς"
"41","14","72","P","","ἐκ","ἐκ","ἐκ","ἐκ"
"41","14","72","A","GSN","δευτέρου","δευτέρου","δευτέρου","δεύτερος"
"41","14","72","N","NSM","ἀλέκτωρ","ἀλέκτωρ","ἀλέκτωρ","ἀλέκτωρ"
"41","14","72","V","3AAI-S","ἐφώνησεν·","ἐφώνησεν","ἐφώνησε(ν)","φωνέω"
"41","14","72","C","","καὶ","καὶ","καί","καί"
"41","14","72","V","3API-S","ἀνεμνήσθη","ἀνεμνήσθη","ἀνεμνήσθη","ἀναμιμνῄσκω"
"41","14","72","RA","NSM","ὁ","ὁ","ὁ","ὁ"
"41","14","72","N","NSM","Πέτρος","Πέτρος","Πέτρος","Πέτρος"
"41","14","72","RA","ASN","τὸ","τὸ","τό","ὁ"
"41","14","72","N","ASN","ῥῆμα","ῥῆμα","ῥῆμα","ῥῆμα"
"41","14","72","C","","⸀ὡς","ὡς","ὡς","ὡς"
"41","14","72","V","3AAI-S","εἶπεν","εἶπεν","εἶπε(ν)","λέγω"
"41","14","72","RP","DSM","αὐτῷ","αὐτῷ","αὐτῷ","αὐτός"
"41","14","72","RA","NSM","ὁ","ὁ","ὁ","ὁ"
"41","14","72","N","NSM","Ἰησοῦς","Ἰησοῦς","Ἰησοῦς","Ἰησοῦς"
"41","14","72","C","","ὅτι","ὅτι","ὅτι","ὅτι"
"41","14","72","D","","Πρὶν","Πρὶν","πρίν","πρίν"
"41","14","72","N","ASM","ἀλέκτορα","ἀλέκτορα","ἀλέκτορα","ἀλέκτωρ"
"41","14","72","V","AAN","⸂φωνῆσαι","φωνῆσαι","φωνῆσαι","φωνέω"
"41","14","72","D","","δὶς","δὶς","δίς","δίς"
"41","14","72","D","","τρίς","τρίς","τρίς","τρίς"
"41","14","72","RP","AS","με","με","με","ἐγώ"
"41","14","72","V","2FMI-S","ἀπαρνήσῃ⸃,","ἀπαρνήσῃ","ἀπαρνήσῃ","ἀπαρνέομαι"
"41","14","72","C","","καὶ","καὶ","καί","καί"
"41","14","72","V","AAPNSM","ἐπιβαλὼν","ἐπιβαλὼν","ἐπιβαλών","ἐπιβάλλω"
"41","14","72","V","3IAI-S","ἔκλαιεν.","ἔκλαιεν","ἔκλαιε(ν)","κλαίω"
"41","15","01","C","","Καὶ","Καὶ","καί","καί"
"41","15","01","A","NSM","⸀εὐθὺς","εὐθὺς","εὐθύς","εὐθύς"
"41","15","01","D","","πρωῒ","πρωῒ","πρωΐ","πρωΐ"
"41","15","01","N","ASN","συμβούλιον","συμβούλιον","συμβούλιον","συμβούλιον"
"41","15","01","V","AAPNPM","ποιήσαντες","ποιήσαντες","ποιήσαντες","ποιέω"
"41","15","01","RA","NPM","οἱ","οἱ","οἱ","ὁ"
"41","15","01","N","NPM","ἀρχιερεῖς","ἀρχιερεῖς","ἀρχιερεῖς","ἀρχιερεύς"
"41","15","01","P","","μετὰ","μετὰ","μετά","μετά"
"41","15","01","RA","GPM","τῶν","τῶν","τῶν","ὁ"
"41","15","01","A","GPM","πρεσβυτέρων","πρεσβυτέρων","πρεσβυτέρων","πρεσβύτερος"
"41","15","01","C","","καὶ","καὶ","καί","καί"
"41","15","01","N","GPM","γραμματέων","γραμματέων","γραμματέων","γραμματεύς"
"41","15","01","C","","καὶ","καὶ","καί","καί"
"41","15","01","A","NSN","ὅλον","ὅλον","ὅλον","ὅλος"
"41","15","01","RA","NSN","τὸ","τὸ","τό","ὁ"
"41","15","01","N","NSN","συνέδριον","συνέδριον","συνέδριον","συνέδριον"
"41","15","01","V","AAPNPM","δήσαντες","δήσαντες","δήσαντες","δέω"
"41","15","01","RA","ASM","τὸν","τὸν","τόν","ὁ"
"41","15","01","N","ASM","Ἰησοῦν","Ἰησοῦν","Ἰησοῦν","Ἰησοῦς"
"41","15","01","V","3AAI-P","ἀπήνεγκαν","ἀπήνεγκαν","ἀπήνεγκαν","ἀποφέρω"
"41","15","01","C","","καὶ","καὶ","καί","καί"
"41","15","01","V","3AAI-P","⸀παρέδωκαν","παρέδωκαν","παρέδωκαν","παραδίδωμι"
"41","15","01","N","DSM","Πιλάτῳ.","Πιλάτῳ","Πιλάτῳ","Πιλᾶτος"
"41","15","02","C","","καὶ","καὶ","καί","καί"
"41","15","02","V","3AAI-S","ἐπηρώτησεν","ἐπηρώτησεν","ἐπηρώτησε(ν)","ἐπερωτάω"
"41","15","02","RP","ASM","αὐτὸν","αὐτὸν","αὐτόν","αὐτός"
"41","15","02","RA","NSM","ὁ","ὁ","ὁ","ὁ"
"41","15","02","N","NSM","Πιλᾶτος·","Πιλᾶτος","Πιλᾶτος","Πιλᾶτος"
"41","15","02","RP","NS","Σὺ","Σὺ","σύ","σύ"
"41","15","02","V","2PAI-S","εἶ","εἶ","εἶ","εἰμί"
"41","15","02","RA","NSM","ὁ","ὁ","ὁ","ὁ"
"41","15","02","N","NSM","βασιλεὺς","βασιλεὺς","βασιλεύς","βασιλεύς"
"41","15","02","RA","GPM","τῶν","τῶν","τῶν","ὁ"
"41","15","02","A","GPM","Ἰουδαίων;","Ἰουδαίων","Ἰουδαίων","Ἰουδαῖος"
"41","15","02","RA","NSM","ὁ","ὁ","ὁ","ὁ"
"41","15","02","C","","δὲ","δὲ","δέ","δέ"
"41","15","02","V","APPNSM","ἀποκριθεὶς","ἀποκριθεὶς","ἀποκριθείς","ἀποκρίνομαι"
"41","15","02","RP","DSM","⸂αὐτῷ","αὐτῷ","αὐτῷ","αὐτός"
"41","15","02","V","3PAI-S","λέγει⸃·","λέγει","λέγει","λέγω"
"41","15","02","RP","NS","Σὺ","Σὺ","σύ","σύ"
"41","15","02","V","2PAI-S","λέγεις.","λέγεις","λέγεις","λέγω"
"41","15","03","C","","καὶ","καὶ","καί","καί"
"41","15","03","V","3IAI-P","κατηγόρουν","κατηγόρουν","κατηγόρουν","κατηγορέω"
"41","15","03","RP","GSM","αὐτοῦ","αὐτοῦ","αὐτοῦ","αὐτός"
"41","15","03","RA","NPM","οἱ","οἱ","οἱ","ὁ"
"41","15","03","N","NPM","ἀρχιερεῖς","ἀρχιερεῖς","ἀρχιερεῖς","ἀρχιερεύς"
"41","15","03","A","APN","πολλά.","πολλά","πολλά","πολύς"
"41","15","04","RA","NSM","ὁ","ὁ","ὁ","ὁ"
"41","15","04","C","","δὲ","δὲ","δέ","δέ"
"41","15","04","N","NSM","Πιλᾶτος","Πιλᾶτος","Πιλᾶτος","Πιλᾶτος"
"41","15","04","D","","πάλιν","πάλιν","πάλιν","πάλιν"
"41","15","04","V","3IAI-S","⸀ἐπηρώτα","ἐπηρώτα","ἐπηρώτα","ἐπερωτάω"
"41","15","04","RP","ASM","αὐτὸν","αὐτὸν","αὐτόν","αὐτός"
"41","15","04","V","PAPNSM","λέγων·","λέγων","λέγων","λέγω"
"41","15","04","D","","Οὐκ","Οὐκ","οὐ","οὐ"
"41","15","04","V","2PMI-S","ἀποκρίνῃ","ἀποκρίνῃ","ἀποκρίνῃ","ἀποκρίνομαι"
"41","15","04","A","ASN","οὐδέν;","οὐδέν","οὐδέν","οὐδείς"
"41","15","04","X","","ἴδε","ἴδε","ἴδε","ἴδε"
"41","15","04","RI","APN","πόσα","πόσα","πόσα","πόσος"
"41","15","04","RP","GS","σου","σου","σου","σύ"
"41","15","04","V","3PAI-P","⸀κατηγοροῦσιν.","κατηγοροῦσιν","κατηγοροῦσι(ν)","κατηγορέω"
"41","15","05","RA","NSM","ὁ","ὁ","ὁ","ὁ"
"41","15","05","C","","δὲ","δὲ","δέ","δέ"
"41","15","05","N","NSM","Ἰησοῦς","Ἰησοῦς","Ἰησοῦς","Ἰησοῦς"
"41","15","05","D","","οὐκέτι","οὐκέτι","οὐκέτι","οὐκέτι"
"41","15","05","A","ASN","οὐδὲν","οὐδὲν","οὐδέν","οὐδείς"
"41","15","05","V","3API-S","ἀπεκρίθη,","ἀπεκρίθη","ἀπεκρίθη","ἀποκρίνομαι"
"41","15","05","C","","ὥστε","ὥστε","ὥστε","ὥστε"
"41","15","05","V","PAN","θαυμάζειν","θαυμάζειν","θαυμάζειν","θαυμάζω"
"41","15","05","RA","ASM","τὸν","τὸν","τόν","ὁ"
"41","15","05","N","ASM","Πιλᾶτον.","Πιλᾶτον","Πιλᾶτον","Πιλᾶτος"
"41","15","06","P","","Κατὰ","Κατὰ","κατά","κατά"
"41","15","06","C","","δὲ","δὲ","δέ","δέ"
"41","15","06","N","ASF","ἑορτὴν","ἑορτὴν","ἑορτήν","ἑορτή"
"41","15","06","V","3IAI-S","ἀπέλυεν","ἀπέλυεν","ἀπέλυε(ν)","ἀπολύω"
"41","15","06","RP","DPM","αὐτοῖς","αὐτοῖς","αὐτοῖς","αὐτός"
"41","15","06","A","ASM","ἕνα","ἕνα","ἕνα","εἷς"
"41","15","06","N","ASM","δέσμιον","δέσμιον","δέσμιον","δέσμιος"
"41","15","06","RR","ASM","⸂ὃν","ὃν","ὅν","ὅς"
"41","15","06","V","3IMI-P","παρῃτοῦντο⸃.","παρῃτοῦντο","παρῃτοῦντο","παραιτέομαι"
"41","15","07","V","3IAI-S","ἦν","ἦν","ἦν","εἰμί"
"41","15","07","C","","δὲ","δὲ","δέ","δέ"
"41","15","07","RA","NSM","ὁ","ὁ","ὁ","ὁ"
"41","15","07","V","PPPNSM","λεγόμενος","λεγόμενος","λεγόμενος","λέγω"
"41","15","07","N","NSM","Βαραββᾶς","Βαραββᾶς","Βαραββᾶς","Βαραββᾶς"
"41","15","07","P","","μετὰ","μετὰ","μετά","μετά"
"41","15","07","RA","GPM","τῶν","τῶν","τῶν","ὁ"
"41","15","07","N","GPM","⸀στασιαστῶν","στασιαστῶν","στασιαστῶν","στασιαστής"
"41","15","07","V","XPPNSM","δεδεμένος","δεδεμένος","δεδεμένος","δέω"
"41","15","07","RR","NPM","οἵτινες","οἵτινες","οἵτινες","ὅστις"
"41","15","07","P","","ἐν","ἐν","ἐν","ἐν"
"41","15","07","RA","DSF","τῇ","τῇ","τῇ","ὁ"
"41","15","07","N","DSF","στάσει","στάσει","στάσει","στάσις"
"41","15","07","N","ASM","φόνον","φόνον","φόνον","φόνος"
"41","15","07","V","3YAI-P","πεποιήκεισαν.","πεποιήκεισαν","πεποιήκεισαν","ποιέω"
"41","15","08","C","","καὶ","καὶ","καί","καί"
"41","15","08","V","AAPNSM","⸀ἀναβὰς","ἀναβὰς","ἀναβάς","ἀναβαίνω"
"41","15","08","RA","NSM","ὁ","ὁ","ὁ","ὁ"
"41","15","08","N","NSM","ὄχλος","ὄχλος","ὄχλος","ὄχλος"
"41","15","08","V","3AMI-S","ἤρξατο","ἤρξατο","ἤρξατο","ἄρχω"
"41","15","08","V","PMN","αἰτεῖσθαι","αἰτεῖσθαι","αἰτεῖσθαι","αἰτέω"
"41","15","08","C","","⸀καθὼς","καθὼς","καθώς","καθώς"
"41","15","08","V","3IAI-S","ἐποίει","ἐποίει","ἐποίει","ποιέω"
"41","15","08","RP","DPM","αὐτοῖς.","αὐτοῖς","αὐτοῖς","αὐτός"
"41","15","09","RA","NSM","ὁ","ὁ","ὁ","ὁ"
"41","15","09","C","","δὲ","δὲ","δέ","δέ"
"41","15","09","N","NSM","Πιλᾶτος","Πιλᾶτος","Πιλᾶτος","Πιλᾶτος"
"41","15","09","V","3API-S","ἀπεκρίθη","ἀπεκρίθη","ἀπεκρίθη","ἀποκρίνομαι"
"41","15","09","RP","DPM","αὐτοῖς","αὐτοῖς","αὐτοῖς","αὐτός"
"41","15","09","V","PAPNSM","λέγων·","λέγων","λέγων","λέγω"
"41","15","09","V","2PAI-P","Θέλετε","Θέλετε","θέλετε","θέλω"
"41","15","09","V","1AAS-S","ἀπολύσω","ἀπολύσω","ἀπολύσω","ἀπολύω"
"41","15","09","RP","DP","ὑμῖν","ὑμῖν","ὑμῖν","σύ"
"41","15","09","RA","ASM","τὸν","τὸν","τόν","ὁ"
"41","15","09","N","ASM","βασιλέα","βασιλέα","βασιλέα","βασιλεύς"
"41","15","09","RA","GPM","τῶν","τῶν","τῶν","ὁ"
"41","15","09","A","GPM","Ἰουδαίων;","Ἰουδαίων","Ἰουδαίων","Ἰουδαῖος"
"41","15","10","V","3IAI-S","ἐγίνωσκεν","ἐγίνωσκεν","ἐγίνωσκε(ν)","γινώσκω"
"41","15","10","C","","γὰρ","γὰρ","γάρ","γάρ"
"41","15","10","C","","ὅτι","ὅτι","ὅτι","ὅτι"
"41","15","10","P","","διὰ","διὰ","διά","διά"
"41","15","10","N","ASM","φθόνον","φθόνον","φθόνον","φθόνος"
"41","15","10","V","3YAI-P","παραδεδώκεισαν","παραδεδώκεισαν","παραδεδώκεισαν","παραδίδωμι"
"41","15","10","RP","ASM","αὐτὸν","αὐτὸν","αὐτόν","αὐτός"
"41","15","10","RA","NPM","οἱ","οἱ","οἱ","ὁ"
"41","15","10","N","NPM","ἀρχιερεῖς.","ἀρχιερεῖς","ἀρχιερεῖς","ἀρχιερεύς"
"41","15","11","RA","NPM","οἱ","οἱ","οἱ","ὁ"
"41","15","11","C","","δὲ","δὲ","δέ","δέ"
"41","15","11","N","NPM","ἀρχιερεῖς","ἀρχιερεῖς","ἀρχιερεῖς","ἀρχιερεύς"
"41","15","11","V","3AAI-P","ἀνέσεισαν","ἀνέσεισαν","ἀνέσεισαν","ἀνασείω"
"41","15","11","RA","ASM","τὸν","τὸν","τόν","ὁ"
"41","15","11","N","ASM","ὄχλον","ὄχλον","ὄχλον","ὄχλος"
"41","15","11","C","","ἵνα","ἵνα","ἵνα","ἵνα"
"41","15","11","D","","μᾶλλον","μᾶλλον","μᾶλλον","μᾶλλον"
"41","15","11","RA","ASM","τὸν","τὸν","τόν","ὁ"
"41","15","11","N","ASM","Βαραββᾶν","Βαραββᾶν","Βαραββᾶν","Βαραββᾶς"
"41","15","11","V","3AAS-S","ἀπολύσῃ","ἀπολύσῃ","ἀπολύσῃ","ἀπολύω"
"41","15","11","RP","DPM","αὐτοῖς.","αὐτοῖς","αὐτοῖς","αὐτός"
"41","15","12","RA","NSM","ὁ","ὁ","ὁ","ὁ"
"41","15","12","C","","δὲ","δὲ","δέ","δέ"
"41","15","12","N","NSM","Πιλᾶτος","Πιλᾶτος","Πιλᾶτος","Πιλᾶτος"
"41","15","12","D","","⸂πάλιν","πάλιν","πάλιν","πάλιν"
"41","15","12","V","APPNSM","ἀποκριθεὶς","ἀποκριθεὶς","ἀποκριθείς","ἀποκρίνομαι"
"41","15","12","V","3IAI-S","ἔλεγεν⸃","ἔλεγεν","ἔλεγε(ν)","λέγω"
"41","15","12","RP","DPM","αὐτοῖς·","αὐτοῖς","αὐτοῖς","αὐτός"
"41","15","12","RI","ASN","Τί","Τί","τί","τίς"
"41","15","12","C","","οὖν","οὖν","οὖν","οὖν"
"41","15","12","V","2PAI-P","⸀θέλετε","θέλετε","θέλετε","θέλω"
"41","15","12","V","1AAS-S","ποιήσω","ποιήσω","ποιήσω","ποιέω"
"41","15","12","RR","ASM","⸂ὃν","ὃν","ὅν","ὅς"
"41","15","12","V","2PAI-P","λέγετε⸃","λέγετε","λέγετε","λέγω"
"41","15","12","RA","ASM","⸀τὸν","τὸν","τόν","ὁ"
"41","15","12","N","ASM","βασιλέα","βασιλέα","βασιλέα","βασιλεύς"
"41","15","12","RA","GPM","τῶν","τῶν","τῶν","ὁ"
"41","15","12","A","GPM","Ἰουδαίων;","Ἰουδαίων","Ἰουδαίων","Ἰουδαῖος"
"41","15","13","RA","NPM","οἱ","οἱ","οἱ","ὁ"
"41","15","13","C","","δὲ","δὲ","δέ","δέ"
"41","15","13","D","","πάλιν","πάλιν","πάλιν","πάλιν"
"41","15","13","V","3AAI-P","ἔκραξαν·","ἔκραξαν","ἔκραξαν","κράζω"
"41","15","13","V","2AAD-S","Σταύρωσον","Σταύρωσον","σταύρωσον","σταυρόω"
"41","15","13","RP","ASM","αὐτόν.","αὐτόν","αὐτόν","αὐτός"
"41","15","14","RA","NSM","ὁ","ὁ","ὁ","ὁ"
"41","15","14","C","","δὲ","δὲ","δέ","δέ"
"41","15","14","N","NSM","Πιλᾶτος","Πιλᾶτος","Πιλᾶτος","Πιλᾶτος"
"41","15","14","V","3IAI-S","ἔλεγεν","ἔλεγεν","ἔλεγε(ν)","λέγω"
"41","15","14","RP","DPM","αὐτοῖς·","αὐτοῖς","αὐτοῖς","αὐτός"
"41","15","14","RI","ASN","Τί","Τί","τί","τίς"
"41","15","14","C","","γὰρ","γὰρ","γάρ","γάρ"
"41","15","14","V","3AAI-S","⸂ἐποίησεν","ἐποίησεν","ἐποίησε(ν)","ποιέω"
"41","15","14","A","ASN","κακόν⸃;","κακόν","κακόν","κακός"
"41","15","14","RA","NPM","οἱ","οἱ","οἱ","ὁ"
"41","15","14","C","","δὲ","δὲ","δέ","δέ"
"41","15","14","D","","⸀περισσῶς","περισσῶς","περισσῶς","περισσῶς"
"41","15","14","V","3AAI-P","ἔκραξαν·","ἔκραξαν","ἔκραξαν","κράζω"
"41","15","14","V","2AAD-S","Σταύρωσον","Σταύρωσον","σταύρωσον","σταυρόω"
"41","15","14","RP","ASM","αὐτόν.","αὐτόν","αὐτόν","αὐτός"
"41","15","15","RA","NSM","ὁ","ὁ","ὁ","ὁ"
"41","15","15","C","","δὲ","δὲ","δέ","δέ"
"41","15","15","N","NSM","Πιλᾶτος","Πιλᾶτος","Πιλᾶτος","Πιλᾶτος"
"41","15","15","V","PMPNSM","βουλόμενος","βουλόμενος","βουλόμενος","βούλομαι"
"41","15","15","RA","DSM","τῷ","τῷ","τῷ","ὁ"
"41","15","15","N","DSM","ὄχλῳ","ὄχλῳ","ὄχλῳ","ὄχλος"
"41","15","15","RA","ASN","τὸ","τὸ","τό","ὁ"
"41","15","15","A","ASN","ἱκανὸν","ἱκανὸν","ἱκανόν","ἱκανός"
"41","15","15","V","AAN","ποιῆσαι","ποιῆσαι","ποιῆσαι","ποιέω"
"41","15","15","V","3AAI-S","ἀπέλυσεν","ἀπέλυσεν","ἀπέλυσε(ν)","ἀπολύω"
"41","15","15","RP","DPM","αὐτοῖς","αὐτοῖς","αὐτοῖς","αὐτός"
"41","15","15","RA","ASM","τὸν","τὸν","τόν","ὁ"
"41","15","15","N","ASM","Βαραββᾶν,","Βαραββᾶν","Βαραββᾶν","Βαραββᾶς"
"41","15","15","C","","καὶ","καὶ","καί","καί"
"41","15","15","V","3AAI-S","παρέδωκεν","παρέδωκεν","παρέδωκε(ν)","παραδίδωμι"
"41","15","15","RA","ASM","τὸν","τὸν","τόν","ὁ"
"41","15","15","N","ASM","Ἰησοῦν","Ἰησοῦν","Ἰησοῦν","Ἰησοῦς"
"41","15","15","V","AAPNSM","φραγελλώσας","φραγελλώσας","φραγελλώσας","φραγελλόω"
"41","15","15","C","","ἵνα","ἵνα","ἵνα","ἵνα"
"41","15","15","V","3APS-S","σταυρωθῇ.","σταυρωθῇ","σταυρωθῇ","σταυρόω"
"41","15","16","RA","NPM","Οἱ","Οἱ","οἱ","ὁ"
"41","15","16","C","","δὲ","δὲ","δέ","δέ"
"41","15","16","N","NPM","στρατιῶται","στρατιῶται","στρατιῶται","στρατιώτης"
"41","15","16","V","3AAI-P","ἀπήγαγον","ἀπήγαγον","ἀπήγαγον","ἀπάγω"
"41","15","16","RP","ASM","αὐτὸν","αὐτὸν","αὐτόν","αὐτός"
"41","15","16","P","","ἔσω","ἔσω","ἔσω","ἔσω"
"41","15","16","RA","GSF","τῆς","τῆς","τῆς","ὁ"
"41","15","16","N","GSF","αὐλῆς,","αὐλῆς","αὐλῆς","αὐλή"
"41","15","16","RR","NSN","ὅ","ὅ","ὅ","ὅς"
"41","15","16","V","3PAI-S","ἐστιν","ἐστιν","ἐστί(ν)","εἰμί"
"41","15","16","N","NSN","πραιτώριον,","πραιτώριον","πραιτώριον","πραιτώριον"
"41","15","16","C","","καὶ","καὶ","καί","καί"
"41","15","16","V","3PAI-P","συγκαλοῦσιν","συγκαλοῦσιν","συγκαλοῦσι(ν)","συγκαλέω"
"41","15","16","A","ASF","ὅλην","ὅλην","ὅλην","ὅλος"
"41","15","16","RA","ASF","τὴν","τὴν","τήν","ὁ"
"41","15","16","N","ASF","σπεῖραν.","σπεῖραν","σπεῖραν","σπεῖρα"
"41","15","17","C","","καὶ","καὶ","καί","καί"
"41","15","17","V","3PAI-P","⸀ἐνδιδύσκουσιν","ἐνδιδύσκουσιν","ἐνδιδύσκουσι(ν)","ἐνδιδύσκω"
"41","15","17","RP","ASM","αὐτὸν","αὐτὸν","αὐτόν","αὐτός"
"41","15","17","N","ASF","πορφύραν","πορφύραν","πορφύραν","πορφύρα"
"41","15","17","C","","καὶ","καὶ","καί","καί"
"41","15","17","V","3PAI-P","περιτιθέασιν","περιτιθέασιν","περιτιθέασι(ν)","περιτίθημι"
"41","15","17","RP","DSM","αὐτῷ","αὐτῷ","αὐτῷ","αὐτός"
"41","15","17","V","AAPNPM","πλέξαντες","πλέξαντες","πλέξαντες","πλέκω"
"41","15","17","A","ASM","ἀκάνθινον","ἀκάνθινον","ἀκάνθινον","ἀκάνθινος"
"41","15","17","N","ASM","στέφανον·","στέφανον","στέφανον","στέφανος"
"41","15","18","C","","καὶ","καὶ","καί","καί"
"41","15","18","V","3AMI-P","ἤρξαντο","ἤρξαντο","ἤρξαντο","ἄρχω"
"41","15","18","V","PMN","ἀσπάζεσθαι","ἀσπάζεσθαι","ἀσπάζεσθαι","ἀσπάζομαι"
"41","15","18","RP","ASM","αὐτόν·","αὐτόν","αὐτόν","αὐτός"
"41","15","18","V","2PAD-S","Χαῖρε,","Χαῖρε","χαῖρε","χαίρω"
"41","15","18","N","VSM","⸀βασιλεῦ","βασιλεῦ","βασιλεῦ","βασιλεύς"
"41","15","18","RA","GPM","τῶν","τῶν","τῶν","ὁ"
"41","15","18","A","GPM","Ἰουδαίων·","Ἰουδαίων","Ἰουδαίων","Ἰουδαῖος"
"41","15","19","C","","καὶ","καὶ","καί","καί"
"41","15","19","V","3IAI-P","ἔτυπτον","ἔτυπτον","ἔτυπτον","τύπτω"
"41","15","19","RP","GSM","αὐτοῦ","αὐτοῦ","αὐτοῦ","αὐτός"
"41","15","19","RA","ASF","τὴν","τὴν","τήν","ὁ"
"41","15","19","N","ASF","κεφαλὴν","κεφαλὴν","κεφαλήν","κεφαλή"
"41","15","19","N","DSM","καλάμῳ","καλάμῳ","καλάμῳ","κάλαμος"
"41","15","19","C","","καὶ","καὶ","καί","καί"
"41","15","19","V","3IAI-P","ἐνέπτυον","ἐνέπτυον","ἐνέπτυον","ἐμπτύω"
"41","15","19","RP","DSM","αὐτῷ,","αὐτῷ","αὐτῷ","αὐτός"
"41","15","19","C","","καὶ","καὶ","καί","καί"
"41","15","19","V","PAPNPM","τιθέντες","τιθέντες","τιθέντες","τίθημι"
"41","15","19","RA","APN","τὰ","τὰ","τά","ὁ"
"41","15","19","N","APN","γόνατα","γόνατα","γόνατα","γόνυ"
"41","15","19","V","3IAI-P","προσεκύνουν","προσεκύνουν","προσεκύνουν","προσκυνέω"
"41","15","19","RP","DSM","αὐτῷ.","αὐτῷ","αὐτῷ","αὐτός"
"41","15","20","C","","καὶ","καὶ","καί","καί"
"41","15","20","C","","ὅτε","ὅτε","ὅτε","ὅτε"
"41","15","20","V","3AAI-P","ἐνέπαιξαν","ἐνέπαιξαν","ἐνέπαιξαν","ἐμπαίζω"
"41","15","20","RP","DSM","αὐτῷ,","αὐτῷ","αὐτῷ","αὐτός"
"41","15","20","V","3AAI-P","ἐξέδυσαν","ἐξέδυσαν","ἐξέδυσαν","ἐκδύω"
"41","15","20","RP","ASM","αὐτὸν","αὐτὸν","αὐτόν","αὐτός"
"41","15","20","RA","ASF","τὴν","τὴν","τήν","ὁ"
"41","15","20","N","ASF","πορφύραν","πορφύραν","πορφύραν","πορφύρα"
"41","15","20","C","","καὶ","καὶ","καί","καί"
"41","15","20","V","3AAI-P","ἐνέδυσαν","ἐνέδυσαν","ἐνέδυσαν","ἐνδύω"
"41","15","20","RP","ASM","αὐτὸν","αὐτὸν","αὐτόν","αὐτός"
"41","15","20","RA","APN","τὰ","τὰ","τά","ὁ"
"41","15","20","N","APN","ἱμάτια","ἱμάτια","ἱμάτια","ἱμάτιον"
"41","15","20","RA","APN","⸂τὰ","τὰ","τά","ὁ"
"41","15","20","A","APN","ἴδια⸃.","ἴδια","ἴδια","ἴδιος"
"41","15","20","C","","καὶ","καὶ","καί","καί"
"41","15","20","V","3PAI-P","ἐξάγουσιν","ἐξάγουσιν","ἐξάγουσι(ν)","ἐξάγω"
"41","15","20","RP","ASM","αὐτὸν","αὐτὸν","αὐτόν","αὐτός"
"41","15","20","C","","ἵνα","ἵνα","ἵνα","ἵνα"
"41","15","20","V","3AAS-P","⸀σταυρώσωσιν","σταυρώσωσιν","σταυρώσωσι(ν)","σταυρόω"
"41","15","20","RP","ASM","αὐτόν.","αὐτόν","αὐτόν","αὐτός"
"41","15","21","C","","Καὶ","Καὶ","καί","καί"
"41","15","21","V","3PAI-P","ἀγγαρεύουσιν","ἀγγαρεύουσιν","ἀγγαρεύουσι(ν)","ἀγγαρεύω"
"41","15","21","V","PAPASM","παράγοντά","παράγοντά","παράγοντα","παράγω"
"41","15","21","RI","ASM","τινα","τινα","τινά","τις"
"41","15","21","N","ASM","Σίμωνα","Σίμωνα","Σίμωνα","Σίμων"
"41","15","21","N","ASM","Κυρηναῖον","Κυρηναῖον","Κυρηναῖον","Κυρηναῖος"
"41","15","21","V","PMPASM","ἐρχόμενον","ἐρχόμενον","ἐρχόμενον","ἔρχομαι"
"41","15","21","P","","ἀπ’","ἀπ’","ἀπό","ἀπό"
"41","15","21","N","GSM","ἀγροῦ,","ἀγροῦ","ἀγροῦ","ἀγρός"
"41","15","21","RA","ASM","τὸν","τὸν","τόν","ὁ"
"41","15","21","N","ASM","πατέρα","πατέρα","πατέρα","πατήρ"
"41","15","21","N","GSM","Ἀλεξάνδρου","Ἀλεξάνδρου","Ἀλεξάνδρου","Ἀλέξανδρος"
"41","15","21","C","","καὶ","καὶ","καί","καί"
"41","15","21","N","GSM","Ῥούφου,","Ῥούφου","Ῥούφου","Ῥοῦφος"
"41","15","21","C","","ἵνα","ἵνα","ἵνα","ἵνα"
"41","15","21","V","3AAS-S","ἄρῃ","ἄρῃ","ἄρῃ","αἴρω"
"41","15","21","RA","ASM","τὸν","τὸν","τόν","ὁ"
"41","15","21","N","ASM","σταυρὸν","σταυρὸν","σταυρόν","σταυρός"
"41","15","21","RP","GSM","αὐτοῦ.","αὐτοῦ","αὐτοῦ","αὐτός"
"41","15","22","C","","καὶ","καὶ","καί","καί"
"41","15","22","V","3PAI-P","φέρουσιν","φέρουσιν","φέρουσι(ν)","φέρω"
"41","15","22","RP","ASM","αὐτὸν","αὐτὸν","αὐτόν","αὐτός"
"41","15","22","P","","ἐπὶ","ἐπὶ","ἐπί","ἐπί"
"41","15","22","RA","ASM","⸀τὸν","τὸν","τόν","ὁ"
"41","15","22","N","ASF","⸀Γολγοθᾶν","Γολγοθᾶν","Γολγοθᾶν","Γολγοθᾶ"
"41","15","22","N","ASM","τόπον,","τόπον","τόπον","τόπος"
"41","15","22","RR","NSN","ὅ","ὅ","ὅ","ὅς"
"41","15","22","V","3PAI-S","ἐστιν","ἐστιν","ἐστί(ν)","εἰμί"
"41","15","22","V","PPPNSN","⸀μεθερμηνευόμενον","μεθερμηνευόμενον","μεθερμηνευόμενον","μεθερμηνεύω"
"41","15","22","N","GSN","Κρανίου","Κρανίου","κρανίου","κρανίον"
"41","15","22","N","NSM","Τόπος.","Τόπος","τόπος","τόπος"
"41","15","23","C","","καὶ","καὶ","καί","καί"
"41","15","23","V","3IAI-P","ἐδίδουν","ἐδίδουν","ἐδίδουν","δίδωμι"
"41","15","23","RP","DSM","⸀αὐτῷ","αὐτῷ","αὐτῷ","αὐτός"
"41","15","23","V","XPPASM","ἐσμυρνισμένον","ἐσμυρνισμένον","ἐσμυρνισμένον","σμυρνίζω"
"41","15","23","N","ASM","οἶνον,","οἶνον","οἶνον","οἶνος"
"41","15","23","RR","NSM","⸀ὃς","ὃς","ὅς","ὅς"
"41","15","23","C","","δὲ","δὲ","δέ","δέ"
"41","15","23","D","","οὐκ","οὐκ","οὐ","οὐ"
"41","15","23","V","3AAI-S","ἔλαβεν.","ἔλαβεν","ἔλαβε(ν)","λαμβάνω"
"41","15","24","C","","καὶ","καὶ","καί","καί"
"41","15","24","V","3PAI-P","⸂σταυροῦσιν","σταυροῦσιν","σταυροῦσι(ν)","σταυρόω"
"41","15","24","RP","ASM","αὐτὸν","αὐτὸν","αὐτόν","αὐτός"
"41","15","24","C","","καὶ⸃","καὶ","καί","καί"
"41","15","24","V","3PMI-P","διαμερίζονται","διαμερίζονται","διαμερίζονται","διαμερίζω"
"41","15","24","RA","APN","τὰ","τὰ","τά","ὁ"
"41","15","24","N","APN","ἱμάτια","ἱμάτια","ἱμάτια","ἱμάτιον"
"41","15","24","RP","GSM","αὐτοῦ,","αὐτοῦ","αὐτοῦ","αὐτός"
"41","15","24","V","PAPNPM","βάλλοντες","βάλλοντες","βάλλοντες","βάλλω"
"41","15","24","N","ASM","κλῆρον","κλῆρον","κλῆρον","κλῆρος"
"41","15","24","P","","ἐπ’","ἐπ’","ἐπί","ἐπί"
"41","15","24","RP","APN","αὐτὰ","αὐτὰ","αὐτά","αὐτός"
"41","15","24","RI","NSM","τίς","τίς","τίς","τίς"
"41","15","24","RI","ASN","τί","τί","τί","τίς"
"41","15","24","V","3AAS-S","ἄρῃ.","ἄρῃ","ἄρῃ","αἴρω"
"41","15","25","V","3IAI-S","Ἦν","Ἦν","ἦν","εἰμί"
"41","15","25","C","","δὲ","δὲ","δέ","δέ"
"41","15","25","N","NSF","ὥρα","ὥρα","ὥρα","ὥρα"
"41","15","25","A","NSF","τρίτη","τρίτη","τρίτη","τρίτος"
"41","15","25","C","","καὶ","καὶ","καί","καί"
"41","15","25","V","3AAI-P","ἐσταύρωσαν","ἐσταύρωσαν","ἐσταύρωσαν","σταυρόω"
"41","15","25","RP","ASM","αὐτόν.","αὐτόν","αὐτόν","αὐτός"
"41","15","26","C","","καὶ","καὶ","καί","καί"
"41","15","26","V","3IAI-S","ἦν","ἦν","ἦν","εἰμί"
"41","15","26","RA","NSF","ἡ","ἡ","ἡ","ὁ"
"41","15","26","N","NSF","ἐπιγραφὴ","ἐπιγραφὴ","ἐπιγραφή","ἐπιγραφή"
"41","15","26","RA","GSF","τῆς","τῆς","τῆς","ὁ"
"41","15","26","N","GSF","αἰτίας","αἰτίας","αἰτίας","αἰτία"
"41","15","26","RP","GSM","αὐτοῦ","αὐτοῦ","αὐτοῦ","αὐτός"
"41","15","26","V","XPPNSF","ἐπιγεγραμμένη·","ἐπιγεγραμμένη","ἐπιγεγραμμένη","ἐπιγράφω"
"41","15","26","RA","NSM","Ὁ","Ὁ","ὁ","ὁ"
"41","15","26","N","NSM","βασιλεὺς","βασιλεὺς","βασιλεύς","βασιλεύς"
"41","15","26","RA","GPM","τῶν","τῶν","τῶν","ὁ"
"41","15","26","A","GPM","Ἰουδαίων.","Ἰουδαίων","Ἰουδαίων","Ἰουδαῖος"
"41","15","27","C","","καὶ","καὶ","καί","καί"
"41","15","27","P","","σὺν","σὺν","σύν","σύν"
"41","15","27","RP","DSM","αὐτῷ","αὐτῷ","αὐτῷ","αὐτός"
"41","15","27","V","3PAI-P","σταυροῦσιν","σταυροῦσιν","σταυροῦσι(ν)","σταυρόω"
"41","15","27","A","APM","δύο","δύο","δύο","δύο"
"41","15","27","N","APM","λῃστάς,","λῃστάς","λῃστάς","λῃστής"
"41","15","27","A","ASM","ἕνα","ἕνα","ἕνα","εἷς"
"41","15","27","P","","ἐκ","ἐκ","ἐκ","ἐκ"
"41","15","27","A","GPN","δεξιῶν","δεξιῶν","δεξιῶν","δεξιός"
"41","15","27","C","","καὶ","καὶ","καί","καί"
"41","15","27","A","ASM","ἕνα","ἕνα","ἕνα","εἷς"
"41","15","27","P","","ἐξ","ἐξ","ἐκ","ἐκ"
"41","15","27","A","GPN","εὐωνύμων","εὐωνύμων","εὐωνύμων","εὐώνυμος"
"41","15","27","RP","GSM","⸀αὐτοῦ.","αὐτοῦ","αὐτοῦ","αὐτός"
"41","15","29","C","","Καὶ","Καὶ","καί","καί"
"41","15","29","RA","NPM","οἱ","οἱ","οἱ","ὁ"
"41","15","29","V","PMPNPM","παραπορευόμενοι","παραπορευόμενοι","παραπορευόμενοι","παραπορεύομαι"
"41","15","29","V","3IAI-P","ἐβλασφήμουν","ἐβλασφήμουν","ἐβλασφήμουν","βλασφημέω"
"41","15","29","RP","ASM","αὐτὸν","αὐτὸν","αὐτόν","αὐτός"
"41","15","29","V","PAPNPM","κινοῦντες","κινοῦντες","κινοῦντες","κινέω"
"41","15","29","RA","APF","τὰς","τὰς","τάς","ὁ"
"41","15","29","N","APF","κεφαλὰς","κεφαλὰς","κεφαλάς","κεφαλή"
"41","15","29","RP","GPM","αὐτῶν","αὐτῶν","αὐτῶν","αὐτός"
"41","15","29","C","","καὶ","καὶ","καί","καί"
"41","15","29","V","PAPNPM","λέγοντες·","λέγοντες","λέγοντες","λέγω"
"41","15","29","X","","Οὐὰ","Οὐὰ","οὐά","οὐά"
"41","15","29","RA","NSM","ὁ","ὁ","ὁ","ὁ"
"41","15","29","V","PAPNSM","καταλύων","καταλύων","καταλύων","καταλύω"
"41","15","29","RA","ASM","τὸν","τὸν","τόν","ὁ"
"41","15","29","N","ASM","ναὸν","ναὸν","ναόν","ναός"
"41","15","29","C","","καὶ","καὶ","καί","καί"
"41","15","29","V","PAPNSM","⸂οἰκοδομῶν","οἰκοδομῶν","οἰκοδομῶν","οἰκοδομέω"
"41","15","29","P","","ἐν","ἐν","ἐν","ἐν"
"41","15","29","A","DPF","τρισὶν","τρισὶν","τρισί(ν)","τρεῖς"
"41","15","29","N","DPF","ἡμέραις⸃,","ἡμέραις","ἡμέραις","ἡμέρα"
"41","15","30","V","2AAD-S","σῶσον","σῶσον","σῶσον","σῴζω"
"41","15","30","RP","ASM","σεαυτὸν","σεαυτὸν","σεαυτόν","σεαυτοῦ"
"41","15","30","V","AAPNSM","⸀καταβὰς","καταβὰς","καταβάς","καταβαίνω"
"41","15","30","P","","ἀπὸ","ἀπὸ","ἀπό","ἀπό"
"41","15","30","RA","GSM","τοῦ","τοῦ","τοῦ","ὁ"
"41","15","30","N","GSM","σταυροῦ.","σταυροῦ","σταυροῦ","σταυρός"
"41","15","31","D","","ὁμοίως","ὁμοίως","ὁμοίως","ὁμοίως"
"41","15","31","D","","καὶ","καὶ","καί","καί"
"41","15","31","RA","NPM","οἱ","οἱ","οἱ","ὁ"
"41","15","31","N","NPM","ἀρχιερεῖς","ἀρχιερεῖς","ἀρχιερεῖς","ἀρχιερεύς"
"41","15","31","V","PAPNPM","ἐμπαίζοντες","ἐμπαίζοντες","ἐμπαίζοντες","ἐμπαίζω"
"41","15","31","P","","πρὸς","πρὸς","πρός","πρός"
"41","15","31","RP","APM","ἀλλήλους","ἀλλήλους","ἀλλήλους","ἀλλήλων"
"41","15","31","P","","μετὰ","μετὰ","μετά","μετά"
"41","15","31","RA","GPM","τῶν","τῶν","τῶν","ὁ"
"41","15","31","N","GPM","γραμματέων","γραμματέων","γραμματέων","γραμματεύς"
"41","15","31","V","3IAI-P","ἔλεγον·","ἔλεγον","ἔλεγον","λέγω"
"41","15","31","A","APM","Ἄλλους","Ἄλλους","ἄλλους","ἄλλος"
"41","15","31","V","3AAI-S","ἔσωσεν,","ἔσωσεν","ἔσωσε(ν)","σῴζω"
"41","15","31","RP","ASM","ἑαυτὸν","ἑαυτὸν","ἑαυτόν","ἑαυτοῦ"
"41","15","31","D","","οὐ","οὐ","οὐ","οὐ"
"41","15","31","V","3PMI-S","δύναται","δύναται","δύναται","δύναμαι"
"41","15","31","V","AAN","σῶσαι·","σῶσαι","σῶσαι","σῴζω"
"41","15","32","RA","NSM","ὁ","ὁ","ὁ","ὁ"
"41","15","32","N","NSM","χριστὸς","χριστὸς","Χριστός","Χριστός"
"41","15","32","RA","NSM","ὁ","ὁ","ὁ","ὁ"
"41","15","32","N","NSM","⸀βασιλεὺς","βασιλεὺς","βασιλεύς","βασιλεύς"
"41","15","32","N","GSM","Ἰσραὴλ","Ἰσραὴλ","Ἰσραήλ","Ἰσραήλ"
"41","15","32","V","3AAD-S","καταβάτω","καταβάτω","καταβάτω","καταβαίνω"
"41","15","32","D","","νῦν","νῦν","νῦν","νῦν"
"41","15","32","P","","ἀπὸ","ἀπὸ","ἀπό","ἀπό"
"41","15","32","RA","GSM","τοῦ","τοῦ","τοῦ","ὁ"
"41","15","32","N","GSM","σταυροῦ,","σταυροῦ","σταυροῦ","σταυρός"
"41","15","32","C","","ἵνα","ἵνα","ἵνα","ἵνα"
"41","15","32","V","1AAS-P","ἴδωμεν","ἴδωμεν","ἴδωμεν","ὁράω"
"41","15","32","C","","καὶ","καὶ","καί","καί"
"41","15","32","V","1AAS-P","⸀πιστεύσωμεν.","πιστεύσωμεν","πιστεύσωμεν","πιστεύω"
"41","15","32","C","","καὶ","καὶ","καί","καί"
"41","15","32","RA","NPM","οἱ","οἱ","οἱ","ὁ"
"41","15","32","V","XPPNPM","συνεσταυρωμένοι","συνεσταυρωμένοι","συνεσταυρωμένοι","συσταυρόομαι"
"41","15","32","P","","⸀σὺν","σὺν","σύν","σύν"
"41","15","32","RP","DSM","αὐτῷ","αὐτῷ","αὐτῷ","αὐτός"
"41","15","32","V","3IAI-P","ὠνείδιζον","ὠνείδιζον","ὠνείδιζον","ὀνειδίζω"
"41","15","32","RP","ASM","αὐτόν.","αὐτόν","αὐτόν","αὐτός"
"41","15","33","C","","⸂Καὶ","Καὶ","καί","καί"
"41","15","33","V","AMPGSF","γενομένης⸃","γενομένης","γενομένης","γίνομαι"
"41","15","33","N","GSF","ὥρας","ὥρας","ὥρας","ὥρα"
"41","15","33","A","GSF","ἕκτης","ἕκτης","ἕκτης","ἕκτος"
"41","15","33","N","NSN","σκότος","σκότος","σκότος","σκότος"
"41","15","33","V","3AMI-S","ἐγένετο","ἐγένετο","ἐγένετο","γίνομαι"
"41","15","33","P","","ἐφ’","ἐφ’","ἐπί","ἐπί"
"41","15","33","A","ASF","ὅλην","ὅλην","ὅλην","ὅλος"
"41","15","33","RA","ASF","τὴν","τὴν","τήν","ὁ"
"41","15","33","N","ASF","γῆν","γῆν","γῆν","γῆ"
"41","15","33","P","","ἕως","ἕως","ἕως","ἕως"
"41","15","33","N","GSF","ὥρας","ὥρας","ὥρας","ὥρα"
"41","15","33","A","GSF","ἐνάτης.","ἐνάτης","ἐνάτης","ἔνατος"
"41","15","34","C","","καὶ","καὶ","καί","καί"
"41","15","34","RA","DSF","τῇ","τῇ","τῇ","ὁ"
"41","15","34","A","DSF","⸂ἐνάτῃ","ἐνάτῃ","ἐνάτῃ","ἔνατος"
"41","15","34","N","DSF","ὥρᾳ⸃","ὥρᾳ","ὥρᾳ","ὥρα"
"41","15","34","V","3AAI-S","ἐβόησεν","ἐβόησεν","ἐβόησε(ν)","βοάω"
"41","15","34","RA","NSM","ὁ","ὁ","ὁ","ὁ"
"41","15","34","N","NSM","Ἰησοῦς","Ἰησοῦς","Ἰησοῦς","Ἰησοῦς"
"41","15","34","N","DSF","φωνῇ","φωνῇ","φωνῇ","φωνή"
"41","15","34","A","DSF","⸀μεγάλῃ·","μεγάλῃ","μεγάλῃ","μέγας"
"41","15","34","N","VSM","Ἐλωῒ","Ἐλωῒ","ἐλωΐ","ἐλωΐ"
"41","15","34","N","VSM","ἐλωῒ","ἐλωῒ","ἐλωΐ","ἐλωΐ"
"41","15","34","D","","⸀λεμὰ","λεμὰ","λεμά","λεμά"
"41","15","34","V","2AAI-S","σαβαχθάνι;","σαβαχθάνι","σαβαχθάνι","σαβαχθάνι"
"41","15","34","RR","NSN","ὅ","ὅ","ὅ","ὅς"
"41","15","34","V","3PAI-S","ἐστιν","ἐστιν","ἐστί(ν)","εἰμί"
"41","15","34","V","PPPNSN","μεθερμηνευόμενον","μεθερμηνευόμενον","μεθερμηνευόμενον","μεθερμηνεύω"
"41","15","34","RA","NSM","Ὁ","Ὁ","ὁ","ὁ"
"41","15","34","N","NSM","θεός","θεός","θεός","θεός"
"41","15","34","RP","GS","μου","μου","μου","ἐγώ"
"41","15","34","RA","NSM","ὁ","ὁ","ὁ","ὁ"
"41","15","34","N","NSM","θεός","θεός","θεός","θεός"
"41","15","34","RP","GS","μου,","μου","μου","ἐγώ"
"41","15","34","P","","εἰς","εἰς","εἰς","εἰς"
"41","15","34","RI","ASN","τί","τί","τί","τίς"
"41","15","34","V","2AAI-S","⸂ἐγκατέλιπές","ἐγκατέλιπές","ἐγκατέλιπες","ἐγκαταλείπω"
"41","15","34","RP","AS","με⸃;","με","με","ἐγώ"
"41","15","35","C","","καί","καί","καί","καί"
"41","15","35","RI","NPM","τινες","τινες","τινές","τις"
"41","15","35","RA","GPM","τῶν","τῶν","τῶν","ὁ"
"41","15","35","V","XAPGPM","παρεστηκότων","παρεστηκότων","παρεστηκότων","παρίστημι"
"41","15","35","V","AAPNPM","ἀκούσαντες","ἀκούσαντες","ἀκούσαντες","ἀκούω"
"41","15","35","V","3IAI-P","ἔλεγον·","ἔλεγον","ἔλεγον","λέγω"
"41","15","35","X","","⸀Ἴδε","Ἴδε","ἴδε","ἴδε"
"41","15","35","N","ASM","Ἠλίαν","Ἠλίαν","Ἠλίαν","Ἠλίας"
"41","15","35","V","3PAI-S","φωνεῖ.","φωνεῖ","φωνεῖ","φωνέω"
"41","15","36","V","AAPNSM","δραμὼν","δραμὼν","δραμών","τρέχω"
"41","15","36","C","","δέ","δέ","δέ","δέ"
"41","15","36","RI","NSM","⸂τις","τις","τὶς","τις"
"41","15","36","C","","καὶ⸃","καὶ","καί","καί"
"41","15","36","V","AAPNSM","γεμίσας","γεμίσας","γεμίσας","γεμίζω"
"41","15","36","N","ASM","σπόγγον","σπόγγον","σπόγγον","σπόγγος"
"41","15","36","N","GSN","ὄξους","ὄξους","ὄξους","ὄξος"
"41","15","36","V","AAPNSM","⸀περιθεὶς","περιθεὶς","περιθείς","περιτίθημι"
"41","15","36","N","DSM","καλάμῳ","καλάμῳ","καλάμῳ","κάλαμος"
"41","15","36","V","3IAI-S","ἐπότιζεν","ἐπότιζεν","ἐπότιζε(ν)","ποτίζω"
"41","15","36","RP","ASM","αὐτόν,","αὐτόν","αὐτόν","αὐτός"
"41","15","36","V","PAPNSM","λέγων·","λέγων","λέγων","λέγω"
"41","15","36","V","2AAD-P","Ἄφετε","Ἄφετε","ἄφετε","ἀφίημι"
"41","15","36","V","1AAS-P","ἴδωμεν","ἴδωμεν","ἴδωμεν","ὁράω"
"41","15","36","X","","εἰ","εἰ","εἰ","εἰ"
"41","15","36","V","3PMI-S","ἔρχεται","ἔρχεται","ἔρχεται","ἔρχομαι"
"41","15","36","N","NSM","Ἠλίας","Ἠλίας","Ἠλίας","Ἠλίας"
"41","15","36","V","AAN","καθελεῖν","καθελεῖν","καθελεῖν","καθαιρέω"
"41","15","36","RP","ASM","αὐτόν.","αὐτόν","αὐτόν","αὐτός"
"41","15","37","RA","NSM","ὁ","ὁ","ὁ","ὁ"
"41","15","37","C","","δὲ","δὲ","δέ","δέ"
"41","15","37","N","NSM","Ἰησοῦς","Ἰησοῦς","Ἰησοῦς","Ἰησοῦς"
"41","15","37","V","AAPNSM","ἀφεὶς","ἀφεὶς","ἀφείς","ἀφίημι"
"41","15","37","N","ASF","φωνὴν","φωνὴν","φωνήν","φωνή"
"41","15","37","A","ASF","μεγάλην","μεγάλην","μεγάλην","μέγας"
"41","15","37","V","3AAI-S","ἐξέπνευσεν.","ἐξέπνευσεν","ἐξέπνευσε(ν)","ἐκπνέω"
"41","15","38","C","","καὶ","καὶ","καί","καί"
"41","15","38","RA","NSN","τὸ","τὸ","τό","ὁ"
"41","15","38","N","NSN","καταπέτασμα","καταπέτασμα","καταπέτασμα","καταπέτασμα"
"41","15","38","RA","GSM","τοῦ","τοῦ","τοῦ","ὁ"
"41","15","38","N","GSM","ναοῦ","ναοῦ","ναοῦ","ναός"
"41","15","38","V","3API-S","ἐσχίσθη","ἐσχίσθη","ἐσχίσθη","σχίζω"
"41","15","38","P","","εἰς","εἰς","εἰς","εἰς"
"41","15","38","A","APN","δύο","δύο","δύο","δύο"
"41","15","38","P","","ἀπ’","ἀπ’","ἀπό","ἀπό"
"41","15","38","D","","ἄνωθεν","ἄνωθεν","ἄνωθεν","ἄνωθεν"
"41","15","38","P","","ἕως","ἕως","ἕως","ἕως"
"41","15","38","D","","κάτω.","κάτω","κάτω","κάτω"
"41","15","39","V","AAPNSM","ἰδὼν","ἰδὼν","ἰδών","ὁράω"
"41","15","39","C","","δὲ","δὲ","δέ","δέ"
"41","15","39","RA","NSM","ὁ","ὁ","ὁ","ὁ"
"41","15","39","N","NSM","κεντυρίων","κεντυρίων","κεντυρίων","κεντυρίων"
"41","15","39","RA","NSM","ὁ","ὁ","ὁ","ὁ"
"41","15","39","V","XAPNSM","παρεστηκὼς","παρεστηκὼς","παρεστηκώς","παρίστημι"
"41","15","39","P","","ἐξ","ἐξ","ἐκ","ἐκ"
"41","15","39","A","GSF","ἐναντίας","ἐναντίας","ἐναντίας","ἐναντίος"
"41","15","39","RP","GSM","αὐτοῦ","αὐτοῦ","αὐτοῦ","αὐτός"
"41","15","39","C","","ὅτι","ὅτι","ὅτι","ὅτι"
"41","15","39","D","","⸀οὕτως","οὕτως","οὕτω(ς)","οὕτω(ς)"
"41","15","39","V","3AAI-S","ἐξέπνευσεν","ἐξέπνευσεν","ἐξέπνευσε(ν)","ἐκπνέω"
"41","15","39","V","3AAI-S","εἶπεν·","εἶπεν","εἶπε(ν)","λέγω"
"41","15","39","D","","Ἀληθῶς","Ἀληθῶς","ἀληθῶς","ἀληθῶς"
"41","15","39","RD","NSM","⸂οὗτος","οὗτος","οὗτος","οὗτος"
"41","15","39","RA","NSM","ὁ","ὁ","ὁ","ὁ"
"41","15","39","N","NSM","ἄνθρωπος⸃","ἄνθρωπος","ἄνθρωπος","ἄνθρωπος"
"41","15","39","N","NSM","υἱὸς","υἱὸς","υἱός","υἱός"
"41","15","39","N","GSM","⸂θεοῦ","θεοῦ","θεοῦ","θεός"
"41","15","39","V","3IAI-S","ἦν⸃.","ἦν","ἦν","εἰμί"
"41","15","40","V","3IAI-P","Ἦσαν","Ἦσαν","ἦσαν","εἰμί"
"41","15","40","C","","δὲ","δὲ","δέ","δέ"
"41","15","40","D","","καὶ","καὶ","καί","καί"
"41","15","40","N","NPF","γυναῖκες","γυναῖκες","γυναῖκες","γυνή"
"41","15","40","P","","ἀπὸ","ἀπὸ","ἀπό","ἀπό"
"41","15","40","D","","μακρόθεν","μακρόθεν","μακρόθεν","μακρόθεν"
"41","15","40","V","PAPNPF","θεωροῦσαι,","θεωροῦσαι","θεωροῦσαι","θεωρέω"
"41","15","40","P","","ἐν","ἐν","ἐν","ἐν"
"41","15","40","RR","DPF","⸀αἷς","αἷς","αἷς","ὅς"
"41","15","40","C","","καὶ","καὶ","καί","καί"
"41","15","40","N","NSF","⸀Μαρία","Μαρία","Μαρία","Μαρία"
"41","15","40","RA","NSF","ἡ","ἡ","ἡ","ὁ"
"41","15","40","N","NSF","Μαγδαληνὴ","Μαγδαληνὴ","Μαγδαληνή","Μαγδαληνή"
"41","15","40","C","","καὶ","καὶ","καί","καί"
"41","15","40","N","NSF","Μαρία","Μαρία","Μαρία","Μαρία"
"41","15","40","RA","NSF","⸀ἡ","ἡ","ἡ","ὁ"
"41","15","40","N","GSM","Ἰακώβου","Ἰακώβου","Ἰακώβου","Ἰάκωβος"
"41","15","40","RA","GSM","τοῦ","τοῦ","τοῦ","ὁ"
"41","15","40","A","GSM","μικροῦ","μικροῦ","μικροῦ","μικρός"
"41","15","40","C","","καὶ","καὶ","καί","καί"
"41","15","40","N","GSM","⸀Ἰωσῆτος","Ἰωσῆτος","Ἰωσῆτος","Ἰωσῆς"
"41","15","40","N","NSF","μήτηρ","μήτηρ","μήτηρ","μήτηρ"
"41","15","40","C","","καὶ","καὶ","καί","καί"
"41","15","40","N","NSF","Σαλώμη,","Σαλώμη","Σαλώμη","Σαλώμη"
"41","15","41","RR","NPF","⸀αἳ","αἳ","αἵ","ὅς"
"41","15","41","C","","ὅτε","ὅτε","ὅτε","ὅτε"
"41","15","41","V","3IAI-S","ἦν","ἦν","ἦν","εἰμί"
"41","15","41","P","","ἐν","ἐν","ἐν","ἐν"
"41","15","41","RA","DSF","τῇ","τῇ","τῇ","ὁ"
"41","15","41","N","DSF","Γαλιλαίᾳ","Γαλιλαίᾳ","Γαλιλαίᾳ","Γαλιλαία"
"41","15","41","V","3IAI-P","ἠκολούθουν","ἠκολούθουν","ἠκολούθουν","ἀκολουθέω"
"41","15","41","RP","DSM","αὐτῷ","αὐτῷ","αὐτῷ","αὐτός"
"41","15","41","C","","καὶ","καὶ","καί","καί"
"41","15","41","V","3IAI-P","διηκόνουν","διηκόνουν","διηκόνουν","διακονέω"
"41","15","41","RP","DSM","αὐτῷ,","αὐτῷ","αὐτῷ","αὐτός"
"41","15","41","C","","καὶ","καὶ","καί","καί"
"41","15","41","A","NPF","ἄλλαι","ἄλλαι","ἄλλαι","ἄλλος"
"41","15","41","A","NPF","πολλαὶ","πολλαὶ","πολλαί","πολύς"
"41","15","41","RA","NPF","αἱ","αἱ","αἱ","ὁ"
"41","15","41","V","AAPNPF","συναναβᾶσαι","συναναβᾶσαι","συναναβᾶσαι","συναναβαίνω"
"41","15","41","RP","DSM","αὐτῷ","αὐτῷ","αὐτῷ","αὐτός"
"41","15","41","P","","εἰς","εἰς","εἰς","εἰς"
"41","15","41","N","APN","Ἱεροσόλυμα.","Ἱεροσόλυμα","Ἱεροσόλυμα","Ἱεροσόλυμα"
"41","15","42","C","","Καὶ","Καὶ","καί","καί"
"41","15","42","D","","ἤδη","ἤδη","ἤδη","ἤδη"
"41","15","42","A","GSF","ὀψίας","ὀψίας","ὀψίας","ὀψία"
"41","15","42","V","AMPGSF","γενομένης,","γενομένης","γενομένης","γίνομαι"
"41","15","42","C","","ἐπεὶ","ἐπεὶ","ἐπεί","ἐπεί"
"41","15","42","V","3IAI-S","ἦν","ἦν","ἦν","εἰμί"
"41","15","42","N","NSF","παρασκευή,","παρασκευή","παρασκευή","παρασκευή"
"41","15","42","RR","NSN","ὅ","ὅ","ὅ","ὅς"
"41","15","42","V","3PAI-S","ἐστιν","ἐστιν","ἐστί(ν)","εἰμί"
"41","15","42","N","NSN","⸀προσάββατον,","προσάββατον","προσάββατον","προσάββατον"
"41","15","43","V","AAPNSM","⸀ἐλθὼν","ἐλθὼν","ἐλθών","ἔρχομαι"
"41","15","43","N","NSM","Ἰωσὴφ","Ἰωσὴφ","Ἰωσήφ","Ἰωσήφ"
"41","15","43","RA","NSM","⸀ὁ","ὁ","ὁ","ὁ"
"41","15","43","P","","ἀπὸ","ἀπὸ","ἀπό","ἀπό"
"41","15","43","N","GSF","Ἁριμαθαίας","Ἁριμαθαίας","Ἁριμαθαίας","Ἁριμαθαία"
"41","15","43","A","NSM","εὐσχήμων","εὐσχήμων","εὐσχήμων","εὐσχήμων"
"41","15","43","N","NSM","βουλευτής,","βουλευτής","βουλευτής","βουλευτής"
"41","15","43","RR","NSM","ὃς","ὃς","ὅς","ὅς"
"41","15","43","D","","καὶ","καὶ","καί","καί"
"41","15","43","RP","NSM","αὐτὸς","αὐτὸς","αὐτός","αὐτός"
"41","15","43","V","3IAI-S","ἦν","ἦν","ἦν","εἰμί"
"41","15","43","V","PMPNSM","προσδεχόμενος","προσδεχόμενος","προσδεχόμενος","προσδέχομαι"
"41","15","43","RA","ASF","τὴν","τὴν","τήν","ὁ"
"41","15","43","N","ASF","βασιλείαν","βασιλείαν","βασιλείαν","βασιλεία"
"41","15","43","RA","GSM","τοῦ","τοῦ","τοῦ","ὁ"
"41","15","43","N","GSM","θεοῦ,","θεοῦ","θεοῦ","θεός"
"41","15","43","V","AAPNSM","τολμήσας","τολμήσας","τολμήσας","τολμάω"
"41","15","43","V","3AAI-S","εἰσῆλθεν","εἰσῆλθεν","εἰσῆλθε(ν)","εἰσέρχομαι"
"41","15","43","P","","πρὸς","πρὸς","πρός","πρός"
"41","15","43","RA","ASM","⸀τὸν","τὸν","τόν","ὁ"
"41","15","43","N","ASM","Πιλᾶτον","Πιλᾶτον","Πιλᾶτον","Πιλᾶτος"
"41","15","43","C","","καὶ","καὶ","καί","καί"
"41","15","43","V","3AMI-S","ᾐτήσατο","ᾐτήσατο","ᾐτήσατο","αἰτέω"
"41","15","43","RA","ASN","τὸ","τὸ","τό","ὁ"
"41","15","43","N","ASN","σῶμα","σῶμα","σῶμα","σῶμα"
"41","15","43","RA","GSM","τοῦ","τοῦ","τοῦ","ὁ"
"41","15","43","N","GSM","Ἰησοῦ.","Ἰησοῦ","Ἰησοῦ","Ἰησοῦς"
"41","15","44","RA","NSM","ὁ","ὁ","ὁ","ὁ"
"41","15","44","C","","δὲ","δὲ","δέ","δέ"
"41","15","44","N","NSM","Πιλᾶτος","Πιλᾶτος","Πιλᾶτος","Πιλᾶτος"
"41","15","44","V","3AAI-S","ἐθαύμασεν","ἐθαύμασεν","ἐθαύμασε(ν)","θαυμάζω"
"41","15","44","X","","εἰ","εἰ","εἰ","εἰ"
"41","15","44","D","","ἤδη","ἤδη","ἤδη","ἤδη"
"41","15","44","V","3XAI-S","τέθνηκεν,","τέθνηκεν","τέθνηκε(ν)","θνῄσκω"
"41","15","44","C","","καὶ","καὶ","καί","καί"
"41","15","44","V","AMPNSM","προσκαλεσάμενος","προσκαλεσάμενος","προσκαλεσάμενος","προσκαλέομαι"
"41","15","44","RA","ASM","τὸν","τὸν","τόν","ὁ"
"41","15","44","N","ASM","κεντυρίωνα","κεντυρίωνα","κεντυρίωνα","κεντυρίων"
"41","15","44","V","3AAI-S","ἐπηρώτησεν","ἐπηρώτησεν","ἐπηρώτησε(ν)","ἐπερωτάω"
"41","15","44","RP","ASM","αὐτὸν","αὐτὸν","αὐτόν","αὐτός"
"41","15","44","X","","εἰ","εἰ","εἰ","εἰ"
"41","15","44","D","","⸀πάλαι","πάλαι","πάλαι","πάλαι"
"41","15","44","V","3AAI-S","ἀπέθανεν·","ἀπέθανεν","ἀπέθανε(ν)","ἀποθνῄσκω"
"41","15","45","C","","καὶ","καὶ","καί","καί"
"41","15","45","V","AAPNSM","γνοὺς","γνοὺς","γνούς","γινώσκω"
"41","15","45","P","","ἀπὸ","ἀπὸ","ἀπό","ἀπό"
"41","15","45","RA","GSM","τοῦ","τοῦ","τοῦ","ὁ"
"41","15","45","N","GSM","κεντυρίωνος","κεντυρίωνος","κεντυρίωνος","κεντυρίων"
"41","15","45","V","3AMI-S","ἐδωρήσατο","ἐδωρήσατο","ἐδωρήσατο","δωρέομαι"
"41","15","45","RA","ASN","τὸ","τὸ","τό","ὁ"
"41","15","45","N","ASN","⸀πτῶμα","πτῶμα","πτῶμα","πτῶμα"
"41","15","45","RA","DSM","τῷ","τῷ","τῷ","ὁ"
"41","15","45","N","DSM","Ἰωσήφ.","Ἰωσήφ","Ἰωσήφ","Ἰωσήφ"
"41","15","46","C","","καὶ","καὶ","καί","καί"
"41","15","46","V","AAPNSM","ἀγοράσας","ἀγοράσας","ἀγοράσας","ἀγοράζω"
"41","15","46","N","ASF","⸀σινδόνα","σινδόνα","σινδόνα","σινδών"
"41","15","46","V","AAPNSM","καθελὼν","καθελὼν","καθελών","καθαιρέω"
"41","15","46","RP","ASM","αὐτὸν","αὐτὸν","αὐτόν","αὐτός"
"41","15","46","V","3AAI-S","ἐνείλησεν","ἐνείλησεν","ἐνείλησε(ν)","ἐνειλέω"
"41","15","46","RA","DSF","τῇ","τῇ","τῇ","ὁ"
"41","15","46","N","DSF","σινδόνι","σινδόνι","σινδόνι","σινδών"
"41","15","46","C","","καὶ","καὶ","καί","καί"
"41","15","46","V","3AAI-S","⸀ἔθηκεν","ἔθηκεν","ἔθηκε(ν)","τίθημι"
"41","15","46","RP","ASM","αὐτὸν","αὐτὸν","αὐτόν","αὐτός"
"41","15","46","P","","ἐν","ἐν","ἐν","ἐν"
"41","15","46","N","DSN","⸀μνημείῳ","μνημείῳ","μνημείῳ","μνημεῖον"
"41","15","46","RR","NSN","ὃ","ὃ","ὅ","ὅς"
"41","15","46","V","3IAI-S","ἦν","ἦν","ἦν","εἰμί"
"41","15","46","V","XPPNSN","λελατομημένον","λελατομημένον","λελατομημένον","λατομέω"
"41","15","46","P","","ἐκ","ἐκ","ἐκ","ἐκ"
"41","15","46","N","GSF","πέτρας,","πέτρας","πέτρας","πέτρα"
"41","15","46","C","","καὶ","καὶ","καί","καί"
"41","15","46","V","3AAI-S","προσεκύλισεν","προσεκύλισεν","προσεκύλισε(ν)","προσκυλίω"
"41","15","46","N","ASM","λίθον","λίθον","λίθον","λίθος"
"41","15","46","P","","ἐπὶ","ἐπὶ","ἐπί","ἐπί"
"41","15","46","RA","ASF","τὴν","τὴν","τήν","ὁ"
"41","15","46","N","ASF","θύραν","θύραν","θύραν","θύρα"
"41","15","46","RA","GSN","τοῦ","τοῦ","τοῦ","ὁ"
"41","15","46","N","GSN","μνημείου.","μνημείου","μνημείου","μνημεῖον"
"41","15","47","RA","NSF","ἡ","ἡ","ἡ","ὁ"
"41","15","47","C","","δὲ","δὲ","δέ","δέ"
"41","15","47","N","NSF","Μαρία","Μαρία","Μαρία","Μαρία"
"41","15","47","RA","NSF","ἡ","ἡ","ἡ","ὁ"
"41","15","47","N","NSF","Μαγδαληνὴ","Μαγδαληνὴ","Μαγδαληνή","Μαγδαληνή"
"41","15","47","C","","καὶ","καὶ","καί","καί"
"41","15","47","N","NSF","Μαρία","Μαρία","Μαρία","Μαρία"
"41","15","47","RA","NSF","⸂ἡ","ἡ","ἡ","ὁ"
"41","15","47","N","GSM","Ἰωσῆτος⸃","Ἰωσῆτος","Ἰωσῆτος","Ἰωσῆς"
"41","15","47","V","3IAI-P","ἐθεώρουν","ἐθεώρουν","ἐθεώρουν","θεωρέω"
"41","15","47","D","","ποῦ","ποῦ","ποῦ","ποῦ"
"41","15","47","V","3XPI-S","⸀τέθειται.","τέθειται","τέθειται","τίθημι"
"41","16","01","C","","Καὶ","Καὶ","καί","καί"
"41","16","01","V","AMPGSN","διαγενομένου","διαγενομένου","διαγενομένου","διαγίνομαι"
"41","16","01","RA","GSN","τοῦ","τοῦ","τοῦ","ὁ"
"41","16","01","N","GSN","σαββάτου","σαββάτου","σαββάτου","σάββατον"
"41","16","01","N","NSF","⸀Μαρία","Μαρία","Μαρία","Μαρία"
"41","16","01","RA","NSF","ἡ","ἡ","ἡ","ὁ"
"41","16","01","N","NSF","Μαγδαληνὴ","Μαγδαληνὴ","Μαγδαληνή","Μαγδαληνή"
"41","16","01","C","","καὶ","καὶ","καί","καί"
"41","16","01","N","NSF","Μαρία","Μαρία","Μαρία","Μαρία"
"41","16","01","RA","NSF","⸂ἡ","ἡ","ἡ","ὁ"
"41","16","01","RA","GSM","τοῦ⸃","τοῦ","τοῦ","ὁ"
"41","16","01","N","GSM","Ἰακώβου","Ἰακώβου","Ἰακώβου","Ἰάκωβος"
"41","16","01","C","","καὶ","καὶ","καί","καί"
"41","16","01","N","NSF","Σαλώμη","Σαλώμη","Σαλώμη","Σαλώμη"
"41","16","01","V","3AAI-P","ἠγόρασαν","ἠγόρασαν","ἠγόρασαν","ἀγοράζω"
"41","16","01","N","APN","ἀρώματα","ἀρώματα","ἀρώματα","ἄρωμα"
"41","16","01","C","","ἵνα","ἵνα","ἵνα","ἵνα"
"41","16","01","V","AAPNPF","ἐλθοῦσαι","ἐλθοῦσαι","ἐλθοῦσαι","ἔρχομαι"
"41","16","01","V","3AAS-P","ἀλείψωσιν","ἀλείψωσιν","ἀλείψωσι(ν)","ἀλείφω"
"41","16","01","RP","ASM","αὐτόν.","αὐτόν","αὐτόν","αὐτός"
"41","16","02","C","","καὶ","καὶ","καί","καί"
"41","16","02","D","","λίαν","λίαν","λίαν","λίαν"
"41","16","02","D","","πρωῒ","πρωῒ","πρωΐ","πρωΐ"
"41","16","02","RA","DSF","⸂τῇ","τῇ","τῇ","ὁ"
"41","16","02","A","DSF","μιᾷ","μιᾷ","μιᾷ","εἷς"
"41","16","02","RA","GPN","τῶν⸃","τῶν","τῶν","ὁ"
"41","16","02","N","GPN","σαββάτων","σαββάτων","σαββάτων","σάββατον"
"41","16","02","V","3PMI-P","ἔρχονται","ἔρχονται","ἔρχονται","ἔρχομαι"
"41","16","02","P","","ἐπὶ","ἐπὶ","ἐπί","ἐπί"
"41","16","02","RA","ASN","τὸ","τὸ","τό","ὁ"
"41","16","02","N","ASN","μνημεῖον","μνημεῖον","μνημεῖον","μνημεῖον"
"41","16","02","V","AAPGSM","ἀνατείλαντος","ἀνατείλαντος","ἀνατείλαντος","ἀνατέλλω"
"41","16","02","RA","GSM","τοῦ","τοῦ","τοῦ","ὁ"
"41","16","02","N","GSM","ἡλίου.","ἡλίου","ἡλίου","ἥλιος"
"41","16","03","C","","καὶ","καὶ","καί","καί"
"41","16","03","V","3IAI-P","ἔλεγον","ἔλεγον","ἔλεγον","λέγω"
"41","16","03","P","","πρὸς","πρὸς","πρός","πρός"
"41","16","03","RP","APF","ἑαυτάς·","ἑαυτάς","ἑαυτάς","ἑαυτοῦ"
"41","16","03","RI","NSM","Τίς","Τίς","τίς","τίς"
"41","16","03","V","3FAI-S","ἀποκυλίσει","ἀποκυλίσει","ἀποκυλίσει","ἀποκυλίω"
"41","16","03","RP","DP","ἡμῖν","ἡμῖν","ἡμῖν","ἐγώ"
"41","16","03","RA","ASM","τὸν","τὸν","τόν","ὁ"
"41","16","03","N","ASM","λίθον","λίθον","λίθον","λίθος"
"41","16","03","P","","⸀ἐκ","ἐκ","ἐκ","ἐκ"
"41","16","03","RA","GSF","τῆς","τῆς","τῆς","ὁ"
"41","16","03","N","GSF","θύρας","θύρας","θύρας","θύρα"
"41","16","03","RA","GSN","τοῦ","τοῦ","τοῦ","ὁ"
"41","16","03","N","GSN","μνημείου;","μνημείου","μνημείου","μνημεῖον"
"41","16","04","C","","καὶ","καὶ","καί","καί"
"41","16","04","V","AAPNPF","ἀναβλέψασαι","ἀναβλέψασαι","ἀναβλέψασαι","ἀναβλέπω"
"41","16","04","V","3PAI-P","θεωροῦσιν","θεωροῦσιν","θεωροῦσι(ν)","θεωρέω"
"41","16","04","C","","ὅτι","ὅτι","ὅτι","ὅτι"
"41","16","04","V","3XPI-S","⸀ἀποκεκύλισται","ἀποκεκύλισται","ἀποκεκύλισται","ἀποκυλίω"
"41","16","04","RA","NSM","ὁ","ὁ","ὁ","ὁ"
"41","16","04","N","NSM","λίθος,","λίθος","λίθος","λίθος"
"41","16","04","V","3IAI-S","ἦν","ἦν","ἦν","εἰμί"
"41","16","04","C","","γὰρ","γὰρ","γάρ","γάρ"
"41","16","04","A","NSM","μέγας","μέγας","μέγας","μέγας"
"41","16","04","D","","σφόδρα.","σφόδρα","σφόδρα","σφόδρα"
"41","16","05","C","","καὶ","καὶ","καί","καί"
"41","16","05","V","AAPNPF","εἰσελθοῦσαι","εἰσελθοῦσαι","εἰσελθοῦσαι","εἰσέρχομαι"
"41","16","05","P","","εἰς","εἰς","εἰς","εἰς"
"41","16","05","RA","ASN","τὸ","τὸ","τό","ὁ"
"41","16","05","N","ASN","μνημεῖον","μνημεῖον","μνημεῖον","μνημεῖον"
"41","16","05","V","3AAI-P","εἶδον","εἶδον","εἶδον","ὁράω"
"41","16","05","N","ASM","νεανίσκον","νεανίσκον","νεανίσκον","νεανίσκος"
"41","16","05","V","PMPASM","καθήμενον","καθήμενον","καθήμενον","κάθημαι"
"41","16","05","P","","ἐν","ἐν","ἐν","ἐν"
"41","16","05","RA","DPN","τοῖς","τοῖς","τοῖς","ὁ"
"41","16","05","A","DPN","δεξιοῖς","δεξιοῖς","δεξιοῖς","δεξιός"
"41","16","05","V","XMPASM","περιβεβλημένον","περιβεβλημένον","περιβεβλημένον","περιβάλλω"
"41","16","05","N","ASF","στολὴν","στολὴν","στολήν","στολή"
"41","16","05","A","ASF","λευκήν,","λευκήν","λευκήν","λευκός"
"41","16","05","C","","καὶ","καὶ","καί","καί"
"41","16","05","V","3API-P","ἐξεθαμβήθησαν.","ἐξεθαμβήθησαν","ἐξεθαμβήθησαν","ἐκθαμβέομαι"
"41","16","06","RA","NSM","ὁ","ὁ","ὁ","ὁ"
"41","16","06","C","","δὲ","δὲ","δέ","δέ"
"41","16","06","V","3PAI-S","λέγει","λέγει","λέγει","λέγω"
"41","16","06","RP","DPF","αὐταῖς·","αὐταῖς","αὐταῖς","αὐτός"
"41","16","06","D","","Μὴ","Μὴ","μή","μή"
"41","16","06","V","2PPD-P","ἐκθαμβεῖσθε·","ἐκθαμβεῖσθε","ἐκθαμβεῖσθε","ἐκθαμβέομαι"
"41","16","06","N","ASM","Ἰησοῦν","Ἰησοῦν","Ἰησοῦν","Ἰησοῦς"
"41","16","06","V","2PAI-P","ζητεῖτε","ζητεῖτε","ζητεῖτε","ζητέω"
"41","16","06","RA","ASM","τὸν","τὸν","τόν","ὁ"
"41","16","06","A","ASM","Ναζαρηνὸν","Ναζαρηνὸν","Ναζαρηνόν","Ναζαρηνός"
"41","16","06","RA","ASM","τὸν","τὸν","τόν","ὁ"
"41","16","06","V","XPPASM","ἐσταυρωμένον·","ἐσταυρωμένον","ἐσταυρωμένον","σταυρόω"
"41","16","06","V","3API-S","ἠγέρθη,","ἠγέρθη","ἠγέρθη","ἐγείρω"
"41","16","06","D","","οὐκ","οὐκ","οὐ","οὐ"
"41","16","06","V","3PAI-S","ἔστιν","ἔστιν","ἐστί(ν)","εἰμί"
"41","16","06","D","","ὧδε·","ὧδε","ὧδε","ὧδε"
"41","16","06","X","","ἴδε","ἴδε","ἴδε","ἴδε"
"41","16","06","RA","NSM","ὁ","ὁ","ὁ","ὁ"
"41","16","06","N","NSM","τόπος","τόπος","τόπος","τόπος"
"41","16","06","D","","ὅπου","ὅπου","ὅπου","ὅπου"
"41","16","06","V","3AAI-P","ἔθηκαν","ἔθηκαν","ἔθηκαν","τίθημι"
"41","16","06","RP","ASM","αὐτόν·","αὐτόν","αὐτόν","αὐτός"
"41","16","07","C","","ἀλλὰ","ἀλλὰ","ἀλλά","ἀλλά"
"41","16","07","V","2PAD-P","ὑπάγετε","ὑπάγετε","ὑπάγετε","ὑπάγω"
"41","16","07","V","2AAD-P","εἴπατε","εἴπατε","εἴπατε","λέγω"
"41","16","07","RA","DPM","τοῖς","τοῖς","τοῖς","ὁ"
"41","16","07","N","DPM","μαθηταῖς","μαθηταῖς","μαθηταῖς","μαθητής"
"41","16","07","RP","GSM","αὐτοῦ","αὐτοῦ","αὐτοῦ","αὐτός"
"41","16","07","C","","καὶ","καὶ","καί","καί"
"41","16","07","RA","DSM","τῷ","τῷ","τῷ","ὁ"
"41","16","07","N","DSM","Πέτρῳ","Πέτρῳ","Πέτρῳ","Πέτρος"
"41","16","07","C","","ὅτι","ὅτι","ὅτι","ὅτι"
"41","16","07","V","3PAI-S","Προάγει","Προάγει","προάγει","προάγω"
"41","16","07","RP","AP","ὑμᾶς","ὑμᾶς","ὑμᾶς","σύ"
"41","16","07","P","","εἰς","εἰς","εἰς","εἰς"
"41","16","07","RA","ASF","τὴν","τὴν","τήν","ὁ"
"41","16","07","N","ASF","Γαλιλαίαν·","Γαλιλαίαν","Γαλιλαίαν","Γαλιλαία"
"41","16","07","D","","ἐκεῖ","ἐκεῖ","ἐκεῖ","ἐκεῖ"
"41","16","07","RP","ASM","αὐτὸν","αὐτὸν","αὐτόν","αὐτός"
"41","16","07","V","2FMI-P","ὄψεσθε,","ὄψεσθε","ὄψεσθε","ὁράω"
"41","16","07","C","","καθὼς","καθὼς","καθώς","καθώς"
"41","16","07","V","3AAI-S","εἶπεν","εἶπεν","εἶπε(ν)","λέγω"
"41","16","07","RP","DP","ὑμῖν.","ὑμῖν","ὑμῖν","σύ"
"41","16","08","C","","καὶ","καὶ","καί","καί"
"41","16","08","V","AAPNPF","ἐξελθοῦσαι","ἐξελθοῦσαι","ἐξελθοῦσαι","ἐξέρχομαι"
"41","16","08","V","3AAI-P","ἔφυγον","ἔφυγον","ἔφυγον","φεύγω"
"41","16","08","P","","ἀπὸ","ἀπὸ","ἀπό","ἀπό"
"41","16","08","RA","GSN","τοῦ","τοῦ","τοῦ","ὁ"
"41","16","08","N","GSN","μνημείου,","μνημείου","μνημείου","μνημεῖον"
"41","16","08","V","3IAI-S","εἶχεν","εἶχεν","εἶχε(ν)","ἔχω"
"41","16","08","C","","⸀γὰρ","γὰρ","γάρ","γάρ"
"41","16","08","RP","APF","αὐτὰς","αὐτὰς","αὐτάς","αὐτός"
"41","16","08","N","NSM","τρόμος","τρόμος","τρόμος","τρόμος"
"41","16","08","C","","καὶ","καὶ","καί","καί"
"41","16","08","N","NSF","ἔκστασις·","ἔκστασις","ἔκστασις","ἔκστασις"
"41","16","08","C","","καὶ","καὶ","καί","καί"
"41","16","08","A","DSM","οὐδενὶ","οὐδενὶ","οὐδενί","οὐδείς"
"41","16","08","A","ASN","οὐδὲν","οὐδὲν","οὐδέν","οὐδείς"
"41","16","08","V","3AAI-P","εἶπαν,","εἶπαν","εἶπαν","λέγω"
"41","16","08","V","3IMI-P","ἐφοβοῦντο","ἐφοβοῦντο","ἐφοβοῦντο","φοβέομαι"
"41","16","08","C","","⸁γάρ.","γάρ","γάρ","γάρ"
"41","16","08","A","APN","⟦Πάντα","Πάντα","πάντα","πᾶς"
"41","16","08","C","","δὲ","δὲ","δέ","δέ"
"41","16","08","RA","APN","τὰ","τὰ","τά","ὁ"
"41","16","08","V","XPPAPN","παρηγγελμένα","παρηγγελμένα","παρηγγελμένα","παραγγέλλω"
"41","16","08","RA","DPM","τοῖς","τοῖς","τοῖς","ὁ"
"41","16","08","P","","περὶ","περὶ","περί","περί"
"41","16","08","RA","ASM","τὸν","τὸν","τόν","ὁ"
"41","16","08","N","ASM","Πέτρον","Πέτρον","Πέτρον","Πέτρος"
"41","16","08","D","","συντόμως","συντόμως","συντόμως","συντόμως"
"41","16","08","V","3AAI-P","ἐξήγγειλαν.","ἐξήγγειλαν","ἐξήγγειλαν","ἐξαγγέλλω"
"41","16","08","P","","μετὰ","μετὰ","μετά","μετά"
"41","16","08","C","","δὲ","δὲ","δέ","δέ"
"41","16","08","RD","APN","ταῦτα","ταῦτα","ταῦτα","οὗτος"
"41","16","08","D","","καὶ","καὶ","καί","καί"
"41","16","08","RP","NSM","αὐτὸς","αὐτὸς","αὐτός","αὐτός"
"41","16","08","RA","NSM","ὁ","ὁ","ὁ","ὁ"
"41","16","08","N","NSM","Ἰησοῦς","Ἰησοῦς","Ἰησοῦς","Ἰησοῦς"
"41","16","08","P","","ἀπὸ","ἀπὸ","ἀπό","ἀπό"
"41","16","08","N","GSF","ἀνατολῆς","ἀνατολῆς","ἀνατολῆς","ἀνατολή"
"41","16","08","C","","καὶ","καὶ","καί","καί"
"41","16","08","P","","ἄχρι","ἄχρι","ἄχρι","ἄχρι"
"41","16","08","N","GSF","δύσεως","δύσεως","δύσεως","δύσις"
"41","16","08","V","3AAI-S","ἐξαπέστειλεν","ἐξαπέστειλεν","ἐξαπέστειλε(ν)","ἐξαποστέλλω"
"41","16","08","P","","δι’","δι’","διά","διά"
"41","16","08","RP","GPM","αὐτῶν","αὐτῶν","αὐτῶν","αὐτός"
"41","16","08","RA","ASN","τὸ","τὸ","τό","ὁ"
"41","16","08","A","ASN","ἱερὸν","ἱερὸν","ἱερόν","ἱερός"
"41","16","08","C","","καὶ","καὶ","καί","καί"
"41","16","08","A","ASN","ἄφθαρτον","ἄφθαρτον","ἄφθαρτον","ἄφθαρτος"
"41","16","08","N","ASN","κήρυγμα","κήρυγμα","κήρυγμα","κήρυγμα"
"41","16","08","RA","GSF","τῆς","τῆς","τῆς","ὁ"
"41","16","08","A","GSF","αἰωνίου","αἰωνίου","αἰωνίου","αἰώνιος"
"41","16","08","N","GSF","σωτηρίας.","σωτηρίας","σωτηρίας","σωτηρία"
"41","16","08","X","","ἀμήν.⟧","ἀμήν","ἀμήν","ἀμήν"
"41","16","09","V","AAPNSM","⟦Ἀναστὰς","Ἀναστὰς","ἀναστάς","ἀνίστημι"
"41","16","09","C","","δὲ","δὲ","δέ","δέ"
"41","16","09","D","","πρωῒ","πρωῒ","πρωΐ","πρωΐ"
"41","16","09","A","DSF","πρώτῃ","πρώτῃ","πρώτῃ","πρῶτος"
"41","16","09","N","GSN","σαββάτου","σαββάτου","σαββάτου","σάββατον"
"41","16","09","V","3API-S","ἐφάνη","ἐφάνη","ἐφάνη","φαίνω"
"41","16","09","A","ASN","πρῶτον","πρῶτον","πρῶτον","πρῶτος"
"41","16","09","N","DSF","Μαρίᾳ","Μαρίᾳ","Μαρίᾳ","Μαρία"
"41","16","09","RA","DSF","τῇ","τῇ","τῇ","ὁ"
"41","16","09","N","DSF","Μαγδαληνῇ,","Μαγδαληνῇ","Μαγδαληνῇ","Μαγδαληνή"
"41","16","09","P","","⸀παρ’","παρ’","παρά","παρά"
"41","16","09","RR","GSF","ἧς","ἧς","ἧς","ὅς"
"41","16","09","V","3YAI-S","ἐκβεβλήκει","ἐκβεβλήκει","ἐκβεβλήκει","ἐκβάλλω"
"41","16","09","A","APN","ἑπτὰ","ἑπτὰ","ἑπτά","ἑπτά"
"41","16","09","N","APN","δαιμόνια.","δαιμόνια","δαιμόνια","δαιμόνιον"
"41","16","10","RD","NSF","ἐκείνη","ἐκείνη","ἐκείνη","ἐκεῖνος"
"41","16","10","V","APPNSF","πορευθεῖσα","πορευθεῖσα","πορευθεῖσα","πορεύομαι"
"41","16","10","V","3AAI-S","ἀπήγγειλεν","ἀπήγγειλεν","ἀπήγγειλε(ν)","ἀπαγγέλλω"
"41","16","10","RA","DPM","τοῖς","τοῖς","τοῖς","ὁ"
"41","16","10","P","","μετ’","μετ’","μετά","μετά"
"41","16","10","RP","GSM","αὐτοῦ","αὐτοῦ","αὐτοῦ","αὐτός"
"41","16","10","V","AMPDPM","γενομένοις","γενομένοις","γενομένοις","γίνομαι"
"41","16","10","V","PAPDPM","πενθοῦσι","πενθοῦσι","πενθοῦσι(ν)","πενθέω"
"41","16","10","C","","καὶ","καὶ","καί","καί"
"41","16","10","V","PAPDPM","κλαίουσιν·","κλαίουσιν","κλαίουσι(ν)","κλαίω"
"41","16","11","RD","NPM","κἀκεῖνοι","κἀκεῖνοι","κἀκεῖνοι","κἀκεῖνος"
"41","16","11","V","AAPNPM","ἀκούσαντες","ἀκούσαντες","ἀκούσαντες","ἀκούω"
"41","16","11","C","","ὅτι","ὅτι","ὅτι","ὅτι"
"41","16","11","V","3PAI-S","ζῇ","ζῇ","ζῇ","ζάω"
"41","16","11","C","","καὶ","καὶ","καί","καί"
"41","16","11","V","3API-S","ἐθεάθη","ἐθεάθη","ἐθεάθη","θεάομαι"
"41","16","11","P","","ὑπ’","ὑπ’","ὑπό","ὑπό"
"41","16","11","RP","GSF","αὐτῆς","αὐτῆς","αὐτῆς","αὐτός"
"41","16","11","V","3AAI-P","ἠπίστησαν.","ἠπίστησαν","ἠπίστησαν","ἀπιστέω"
"41","16","12","P","","Μετὰ","Μετὰ","μετά","μετά"
"41","16","12","C","","δὲ","δὲ","δέ","δέ"
"41","16","12","RD","APN","ταῦτα","ταῦτα","ταῦτα","οὗτος"
"41","16","12","A","DPM","δυσὶν","δυσὶν","δυσί(ν)","δύο"
"41","16","12","P","","ἐξ","ἐξ","ἐκ","ἐκ"
"41","16","12","RP","GPM","αὐτῶν","αὐτῶν","αὐτῶν","αὐτός"
"41","16","12","V","PAPDPM","περιπατοῦσιν","περιπατοῦσιν","περιπατοῦσι(ν)","περιπατέω"
"41","16","12","V","3API-S","ἐφανερώθη","ἐφανερώθη","ἐφανερώθη","φανερόω"
"41","16","12","P","","ἐν","ἐν","ἐν","ἐν"
"41","16","12","A","DSF","ἑτέρᾳ","ἑτέρᾳ","ἑτέρᾳ","ἕτερος"
"41","16","12","N","DSF","μορφῇ","μορφῇ","μορφῇ","μορφή"
"41","16","12","V","PMPDPM","πορευομένοις","πορευομένοις","πορευομένοις","πορεύομαι"
"41","16","12","P","","εἰς","εἰς","εἰς","εἰς"
"41","16","12","N","ASM","ἀγρόν·","ἀγρόν","ἀγρόν","ἀγρός"
"41","16","13","RD","NPM","κἀκεῖνοι","κἀκεῖνοι","κἀκεῖνοι","κἀκεῖνος"
"41","16","13","V","AAPNPM","ἀπελθόντες","ἀπελθόντες","ἀπελθόντες","ἀπέρχομαι"
"41","16","13","V","3AAI-P","ἀπήγγειλαν","ἀπήγγειλαν","ἀπήγγειλαν","ἀπαγγέλλω"
"41","16","13","RA","DPM","τοῖς","τοῖς","τοῖς","ὁ"
"41","16","13","A","DPM","λοιποῖς·","λοιποῖς","λοιποῖς","λοιπός"
"41","16","13","C","","οὐδὲ","οὐδὲ","οὐδέ","οὐδέ"
"41","16","13","RD","DPM","ἐκείνοις","ἐκείνοις","ἐκείνοις","ἐκεῖνος"
"41","16","13","V","3AAI-P","ἐπίστευσαν.","ἐπίστευσαν","ἐπίστευσαν","πιστεύω"
"41","16","14","A","ASNC","Ὕστερον","Ὕστερον","ὕστερον","ὕστερον"
"41","16","14","C","","⸀δὲ","δὲ","δέ","δέ"
"41","16","14","V","PMPDPM","ἀνακειμένοις","ἀνακειμένοις","ἀνακειμένοις","ἀνάκειμαι"
"41","16","14","RP","DPM","αὐτοῖς","αὐτοῖς","αὐτοῖς","αὐτός"
"41","16","14","RA","DPM","τοῖς","τοῖς","τοῖς","ὁ"
"41","16","14","A","DPM","ἕνδεκα","ἕνδεκα","ἕνδεκα","ἕνδεκα"
"41","16","14","V","3API-S","ἐφανερώθη,","ἐφανερώθη","ἐφανερώθη","φανερόω"
"41","16","14","C","","καὶ","καὶ","καί","καί"
"41","16","14","V","3AAI-S","ὠνείδισεν","ὠνείδισεν","ὠνείδισε(ν)","ὀνειδίζω"
"41","16","14","RA","ASF","τὴν","τὴν","τήν","ὁ"
"41","16","14","N","ASF","ἀπιστίαν","ἀπιστίαν","ἀπιστίαν","ἀπιστία"
"41","16","14","RP","GPM","αὐτῶν","αὐτῶν","αὐτῶν","αὐτός"
"41","16","14","C","","καὶ","καὶ","καί","καί"
"41","16","14","N","ASF","σκληροκαρδίαν","σκληροκαρδίαν","σκληροκαρδίαν","σκληροκαρδία"
"41","16","14","C","","ὅτι","ὅτι","ὅτι","ὅτι"
"41","16","14","RA","DPM","τοῖς","τοῖς","τοῖς","ὁ"
"41","16","14","V","AMPDPM","θεασαμένοις","θεασαμένοις","θεασαμένοις","θεάομαι"
"41","16","14","RP","ASM","αὐτὸν","αὐτὸν","αὐτόν","αὐτός"
"41","16","14","V","XPPASM","⸀ἐγηγερμένον","ἐγηγερμένον","ἐγηγερμένον","ἐγείρω"
"41","16","14","D","","οὐκ","οὐκ","οὐ","οὐ"
"41","16","14","V","3AAI-P","ἐπίστευσαν.","ἐπίστευσαν","ἐπίστευσαν","πιστεύω"
"41","16","15","C","","καὶ","καὶ","καί","καί"
"41","16","15","V","3AAI-S","εἶπεν","εἶπεν","εἶπε(ν)","λέγω"
"41","16","15","RP","DPM","αὐτοῖς·","αὐτοῖς","αὐτοῖς","αὐτός"
"41","16","15","V","APPNPM","Πορευθέντες","Πορευθέντες","πορευθέντες","πορεύομαι"
"41","16","15","P","","εἰς","εἰς","εἰς","εἰς"
"41","16","15","RA","ASM","τὸν","τὸν","τόν","ὁ"
"41","16","15","N","ASM","κόσμον","κόσμον","κόσμον","κόσμος"
"41","16","15","A","ASM","ἅπαντα","ἅπαντα","ἅπαντα","ἅπας"
"41","16","15","V","2AAD-P","κηρύξατε","κηρύξατε","κηρύξατε","κηρύσσω"
"41","16","15","RA","ASN","τὸ","τὸ","τό","ὁ"
"41","16","15","N","ASN","εὐαγγέλιον","εὐαγγέλιον","εὐαγγέλιον","εὐαγγέλιον"
"41","16","15","A","DSF","πάσῃ","πάσῃ","πάσῃ","πᾶς"
"41","16","15","RA","DSF","τῇ","τῇ","τῇ","ὁ"
"41","16","15","N","DSF","κτίσει.","κτίσει","κτίσει","κτίσις"
"41","16","16","RA","NSM","ὁ","ὁ","ὁ","ὁ"
"41","16","16","V","AAPNSM","πιστεύσας","πιστεύσας","πιστεύσας","πιστεύω"
"41","16","16","C","","καὶ","καὶ","καί","καί"
"41","16","16","V","APPNSM","βαπτισθεὶς","βαπτισθεὶς","βαπτισθείς","βαπτίζω"
"41","16","16","V","3FPI-S","σωθήσεται,","σωθήσεται","σωθήσεται","σῴζω"
"41","16","16","RA","NSM","ὁ","ὁ","ὁ","ὁ"
"41","16","16","C","","δὲ","δὲ","δέ","δέ"
"41","16","16","V","AAPNSM","ἀπιστήσας","ἀπιστήσας","ἀπιστήσας","ἀπιστέω"
"41","16","16","V","3FPI-S","κατακριθήσεται.","κατακριθήσεται","κατακριθήσεται","κατακρίνω"
"41","16","17","N","NPN","σημεῖα","σημεῖα","σημεῖα","σημεῖον"
"41","16","17","C","","δὲ","δὲ","δέ","δέ"
"41","16","17","RA","DPM","τοῖς","τοῖς","τοῖς","ὁ"
"41","16","17","V","AAPDPM","πιστεύσασιν","πιστεύσασιν","πιστεύσασι(ν)","πιστεύω"
"41","16","17","RD","NPN","⸂ταῦτα","ταῦτα","ταῦτα","οὗτος"
"41","16","17","V","3FAI-S","παρακολουθήσει⸃,","παρακολουθήσει","παρακολουθήσει","παρακολουθέω"
"41","16","17","P","","ἐν","ἐν","ἐν","ἐν"
"41","16","17","RA","DSN","τῷ","τῷ","τῷ","ὁ"
"41","16","17","N","DSN","ὀνόματί","ὀνόματί","ὀνόματι","ὄνομα"
"41","16","17","RP","GS","μου","μου","μου","ἐγώ"
"41","16","17","N","APN","δαιμόνια","δαιμόνια","δαιμόνια","δαιμόνιον"
"41","16","17","V","3FAI-P","ἐκβαλοῦσιν,","ἐκβαλοῦσιν","ἐκβαλοῦσι(ν)","ἐκβάλλω"
"41","16","17","N","DPF","γλώσσαις","γλώσσαις","γλώσσαις","γλῶσσα"
"41","16","17","V","3FAI-P","λαλήσουσιν","λαλήσουσιν","λαλήσουσι(ν)","λαλέω"
"41","16","17","A","DPF","⸀καιναῖς,","καιναῖς","καιναῖς","καινός"
"41","16","18","N","APM","⸀ὄφεις","ὄφεις","ὄφεις","ὄφις"
"41","16","18","V","3FAI-P","ἀροῦσιν","ἀροῦσιν","ἀροῦσι(ν)","αἴρω"
"41","16","18","C","","κἂν","κἂν","κἄν","κἄν"
"41","16","18","A","ASN","θανάσιμόν","θανάσιμόν","θανάσιμον","θανάσιμον"
"41","16","18","RI","ASN","τι","τι","τὶ","τις"
"41","16","18","V","3AAS-P","πίωσιν","πίωσιν","πίωσι(ν)","πίνω"
"41","16","18","D","","οὐ","οὐ","οὐ","οὐ"
"41","16","18","D","","μὴ","μὴ","μή","μή"
"41","16","18","RP","APM","αὐτοὺς","αὐτοὺς","αὐτούς","αὐτός"
"41","16","18","V","3AAS-S","βλάψῃ,","βλάψῃ","βλάψῃ","βλάπτω"
"41","16","18","P","","ἐπὶ","ἐπὶ","ἐπί","ἐπί"
"41","16","18","A","APM","ἀρρώστους","ἀρρώστους","ἀρρώστους","ἄρρωστος"
"41","16","18","N","APF","χεῖρας","χεῖρας","χεῖρας","χείρ"
"41","16","18","V","3FAI-P","ἐπιθήσουσιν","ἐπιθήσουσιν","ἐπιθήσουσι(ν)","ἐπιτίθημι"
"41","16","18","C","","καὶ","καὶ","καί","καί"
"41","16","18","D","","καλῶς","καλῶς","καλῶς","καλῶς"
"41","16","18","V","3FAI-P","ἕξουσιν.","ἕξουσιν","ἕξουσι(ν)","ἔχω"
"41","16","19","RA","NSM","Ὁ","Ὁ","ὁ","ὁ"
"41","16","19","C","","μὲν","μὲν","μέν","μέν"
"41","16","19","C","","οὖν","οὖν","οὖν","οὖν"
"41","16","19","N","NSM","κύριος","κύριος","κύριος","κύριος"
"41","16","19","N","NSM","⸀Ἰησοῦς","Ἰησοῦς","Ἰησοῦς","Ἰησοῦς"
"41","16","19","P","","μετὰ","μετὰ","μετά","μετά"
"41","16","19","RA","ASN","τὸ","τὸ","τό","ὁ"
"41","16","19","V","AAN","λαλῆσαι","λαλῆσαι","λαλῆσαι","λαλέω"
"41","16","19","RP","DPM","αὐτοῖς","αὐτοῖς","αὐτοῖς","αὐτός"
"41","16","19","V","3API-S","ἀνελήμφθη","ἀνελήμφθη","ἀνελήμφθη","ἀναλαμβάνω"
"41","16","19","P","","εἰς","εἰς","εἰς","εἰς"
"41","16","19","RA","ASM","τὸν","τὸν","τόν","ὁ"
"41","16","19","N","ASM","οὐρανὸν","οὐρανὸν","οὐρανόν","οὐρανός"
"41","16","19","C","","καὶ","καὶ","καί","καί"
"41","16","19","V","3AAI-S","ἐκάθισεν","ἐκάθισεν","ἐκάθισε(ν)","καθίζω"
"41","16","19","P","","ἐκ","ἐκ","ἐκ","ἐκ"
"41","16","19","A","GPN","δεξιῶν","δεξιῶν","δεξιῶν","δεξιός"
"41","16","19","RA","GSM","τοῦ","τοῦ","τοῦ","ὁ"
"41","16","19","N","GSM","θεοῦ.","θεοῦ","θεοῦ","θεός"
"41","16","20","RD","NPM","ἐκεῖνοι","ἐκεῖνοι","ἐκεῖνοι","ἐκεῖνος"
"41","16","20","C","","δὲ","δὲ","δέ","δέ"
"41","16","20","V","AAPNPM","ἐξελθόντες","ἐξελθόντες","ἐξελθόντες","ἐξέρχομαι"
"41","16","20","V","3AAI-P","ἐκήρυξαν","ἐκήρυξαν","ἐκήρυξαν","κηρύσσω"
"41","16","20","D","","πανταχοῦ,","πανταχοῦ","πανταχοῦ","πανταχοῦ"
"41","16","20","RA","GSM","τοῦ","τοῦ","τοῦ","ὁ"
"41","16","20","N","GSM","κυρίου","κυρίου","κυρίου","κύριος"
"41","16","20","V","PAPGSM","συνεργοῦντος","συνεργοῦντος","συνεργοῦντος","συνεργέω"
"41","16","20","C","","καὶ","καὶ","καί","καί"
"41","16","20","RA","ASM","τὸν","τὸν","τόν","ὁ"
"41","16","20","N","ASM","λόγον","λόγον","λόγον","λόγος"
"41","16","20","V","PAPGSM","βεβαιοῦντος","βεβαιοῦντος","βεβαιοῦντος","βεβαιόω"
"41","16","20","P","","διὰ","διὰ","διά","διά"
"41","16","20","RA","GPN","τῶν","τῶν","τῶν","ὁ"
"41","16","20","V","PAPGPN","ἐπακολουθούντων","ἐπακολουθούντων","ἐπακολουθούντων","ἐπακολουθέω"
"41","16","20","N","GPN","⸀σημείων.⟧","σημείων","σημείων","σημεῖον"