"OSIS_id","Chapter","Verse","ParsingCodePOS","ParsingCodeDetails","TextWithPunctuation","WordWithPunctuationStripped","NormalizedWord","Lemma"
42,01,01,"C",NULL,"Ἐπειδήπερ","Ἐπειδήπερ","ἐπειδήπερ","ἐπειδήπερ"
42,01,01,"A","NPM","πολλοὶ","πολλοὶ","πολλοί","πολύς"
42,01,01,"V","3AAI-P","ἐπεχείρησαν","ἐπεχείρησαν","ἐπεχείρησαν","ἐπιχειρέω"
42,01,01,"V","AMN","ἀνατάξασθαι","ἀνατάξασθαι","ἀνατάξασθαι","ἀνατάσσομαι"
42,01,01,"N","ASF","διήγησιν","διήγησιν","διήγησιν","διήγησις"
42,01,01,"P",NULL,"περὶ","περὶ","περί","περί"
42,01,01,"RA","GPN","τῶν","τῶν","τῶν","ὁ"
42,01,01,"V","XPPGPN","πεπληροφορημένων","πεπληροφορημένων","πεπληροφορημένων","πληροφορέω"
42,01,01,"P",NULL,"ἐν","ἐν","ἐν","ἐν"
42,01,01,"RP","DP","ἡμῖν","ἡμῖν","ἡμῖν","ἐγώ"
42,01,01,"N","GPN","πραγμάτων,","πραγμάτων","πραγμάτων","πρᾶγμα"
42,01,02,"C",NULL,"καθὼς","καθὼς","καθώς","καθώς"
42,01,02,"V","3AAI-P","παρέδοσαν","παρέδοσαν","παρέδοσαν","παραδίδωμι"
42,01,02,"RP","DP","ἡμῖν","ἡμῖν","ἡμῖν","ἐγώ"
42,01,02,"RA","NPM","οἱ","οἱ","οἱ","ὁ"
42,01,02,"P",NULL,"ἀπ’","ἀπ’","ἀπό","ἀπό"
42,01,02,"N","GSF","ἀρχῆς","ἀρχῆς","ἀρχῆς","ἀρχή"
42,01,02,"N","NPM","αὐτόπται","αὐτόπται","αὐτόπται","αὐτόπτης"
42,01,02,"C",NULL,"καὶ","καὶ","καί","καί"
42,01,02,"N","NPM","ὑπηρέται","ὑπηρέται","ὑπηρέται","ὑπηρέτης"
42,01,02,"V","AMPNPM","γενόμενοι","γενόμενοι","γενόμενοι","γίνομαι"
42,01,02,"RA","GSM","τοῦ","τοῦ","τοῦ","ὁ"
42,01,02,"N","GSM","λόγου,","λόγου","λόγου","λόγος"
42,01,03,"V","3AAI-S","ἔδοξε","ἔδοξε","ἔδοξε(ν)","δοκέω"
42,01,03,"RP","DS","κἀμοὶ","κἀμοὶ","κἀμοί","κἀγώ"
42,01,03,"V","XAPDSM","παρηκολουθηκότι","παρηκολουθηκότι","παρηκολουθηκότι","παρακολουθέω"
42,01,03,"D",NULL,"ἄνωθεν","ἄνωθεν","ἄνωθεν","ἄνωθεν"
42,01,03,"A","DPN","πᾶσιν","πᾶσιν","πᾶσι(ν)","πᾶς"
42,01,03,"D",NULL,"ἀκριβῶς","ἀκριβῶς","ἀκριβῶς","ἀκριβῶς"
42,01,03,"D",NULL,"καθεξῆς","καθεξῆς","καθεξῆς","καθεξῆς"
42,01,03,"RP","DS","σοι","σοι","σοι","σύ"
42,01,03,"V","AAN","γράψαι,","γράψαι","γράψαι","γράφω"
42,01,03,"A","VSMS","κράτιστε","κράτιστε","κράτιστε","κράτιστος"
42,01,03,"N","VSM","Θεόφιλε,","Θεόφιλε","Θεόφιλε","Θεόφιλος"
42,01,04,"C",NULL,"ἵνα","ἵνα","ἵνα","ἵνα"
42,01,04,"V","2AAS-S","ἐπιγνῷς","ἐπιγνῷς","ἐπιγνῷς","ἐπιγινώσκω"
42,01,04,"P",NULL,"περὶ","περὶ","περί","περί"
42,01,04,"RR","GPM","ὧν","ὧν","ὧν","ὅς"
42,01,04,"V","2API-S","κατηχήθης","κατηχήθης","κατηχήθης","κατηχέω"
42,01,04,"N","GPM","λόγων","λόγων","λόγων","λόγος"
42,01,04,"RA","ASF","τὴν","τὴν","τήν","ὁ"
42,01,04,"N","ASF","ἀσφάλειαν.","ἀσφάλειαν","ἀσφάλειαν","ἀσφάλεια"
42,01,05,"V","3AMI-S","Ἐγένετο","Ἐγένετο","ἐγένετο","γίνομαι"
42,01,05,"P",NULL,"ἐν","ἐν","ἐν","ἐν"
42,01,05,"RA","DPF","ταῖς","ταῖς","ταῖς","ὁ"
42,01,05,"N","DPF","ἡμέραις","ἡμέραις","ἡμέραις","ἡμέρα"
42,01,05,"N","GSM","⸀Ἡρῴδου","Ἡρῴδου","Ἡρῴδου","Ἡρῴδης"
42,01,05,"N","GSM","βασιλέως","βασιλέως","βασιλέως","βασιλεύς"
42,01,05,"RA","GSF","τῆς","τῆς","τῆς","ὁ"
42,01,05,"N","GSF","Ἰουδαίας","Ἰουδαίας","Ἰουδαίας","Ἰουδαία"
42,01,05,"N","NSM","ἱερεύς","ἱερεύς","ἱερεύς","ἱερεύς"
42,01,05,"RI","NSM","τις","τις","τὶς","τις"
42,01,05,"N","DSN","ὀνόματι","ὀνόματι","ὀνόματι","ὄνομα"
42,01,05,"N","NSM","Ζαχαρίας","Ζαχαρίας","Ζαχαρίας","Ζαχαρίας"
42,01,05,"P",NULL,"ἐξ","ἐξ","ἐκ","ἐκ"
42,01,05,"N","GSF","ἐφημερίας","ἐφημερίας","ἐφημερίας","ἐφημερία"
42,01,05,"N","GSM","Ἀβιά,","Ἀβιά","Ἀβιά","Ἀβιά"
42,01,05,"C",NULL,"⸀καὶ","καὶ","καί","καί"
42,01,05,"N","NSF","γυνὴ","γυνὴ","γυνή","γυνή"
42,01,05,"RP","DSM","⸀αὐτῷ","αὐτῷ","αὐτῷ","αὐτός"
42,01,05,"P",NULL,"ἐκ","ἐκ","ἐκ","ἐκ"
42,01,05,"RA","GPF","τῶν","τῶν","τῶν","ὁ"
42,01,05,"N","GPF","θυγατέρων","θυγατέρων","θυγατέρων","θυγάτηρ"
42,01,05,"N","GSM","Ἀαρών,","Ἀαρών","Ἀαρών","Ἀαρών"
42,01,05,"C",NULL,"καὶ","καὶ","καί","καί"
42,01,05,"RA","NSN","τὸ","τὸ","τό","ὁ"
42,01,05,"N","NSN","ὄνομα","ὄνομα","ὄνομα","ὄνομα"
42,01,05,"RP","GSF","αὐτῆς","αὐτῆς","αὐτῆς","αὐτός"
42,01,05,"N","NSF","Ἐλισάβετ.","Ἐλισάβετ","Ἐλισάβετ","Ἐλισάβετ"
42,01,06,"V","3IAI-P","ἦσαν","ἦσαν","ἦσαν","εἰμί"
42,01,06,"C",NULL,"δὲ","δὲ","δέ","δέ"
42,01,06,"A","NPM","δίκαιοι","δίκαιοι","δίκαιοι","δίκαιος"
42,01,06,"A","NPM","ἀμφότεροι","ἀμφότεροι","ἀμφότεροι","ἀμφότεροι"
42,01,06,"P",NULL,"⸀ἐναντίον","ἐναντίον","ἐναντίον","ἐναντίον"
42,01,06,"RA","GSM","τοῦ","τοῦ","τοῦ","ὁ"
42,01,06,"N","GSM","θεοῦ,","θεοῦ","θεοῦ","θεός"
42,01,06,"V","PMPNPM","πορευόμενοι","πορευόμενοι","πορευόμενοι","πορεύομαι"
42,01,06,"P",NULL,"ἐν","ἐν","ἐν","ἐν"
42,01,06,"A","DPF","πάσαις","πάσαις","πάσαις","πᾶς"
42,01,06,"RA","DPF","ταῖς","ταῖς","ταῖς","ὁ"
42,01,06,"N","DPF","ἐντολαῖς","ἐντολαῖς","ἐντολαῖς","ἐντολή"
42,01,06,"C",NULL,"καὶ","καὶ","καί","καί"
42,01,06,"N","DPN","δικαιώμασιν","δικαιώμασιν","δικαιώμασι(ν)","δικαίωμα"
42,01,06,"RA","GSM","τοῦ","τοῦ","τοῦ","ὁ"
42,01,06,"N","GSM","κυρίου","κυρίου","κυρίου","κύριος"
42,01,06,"A","NPM","ἄμεμπτοι.","ἄμεμπτοι","ἄμεμπτοι","ἄμεμπτος"
42,01,07,"C",NULL,"καὶ","καὶ","καί","καί"
42,01,07,"D",NULL,"οὐκ","οὐκ","οὐ","οὐ"
42,01,07,"V","3IAI-S","ἦν","ἦν","ἦν","εἰμί"
42,01,07,"RP","DPM","αὐτοῖς","αὐτοῖς","αὐτοῖς","αὐτός"
42,01,07,"N","NSN","τέκνον,","τέκνον","τέκνον","τέκνον"
42,01,07,"C",NULL,"καθότι","καθότι","καθότι","καθότι"
42,01,07,"V","3IAI-S","⸂ἦν","ἦν","ἦν","εἰμί"
42,01,07,"RA","NSF","ἡ","ἡ","ἡ","ὁ"
42,01,07,"N","NSF","Ἐλισάβετ⸃","Ἐλισάβετ","Ἐλισάβετ","Ἐλισάβετ"
42,01,07,"A","NSF","στεῖρα,","στεῖρα","στεῖρα","στεῖρα"
42,01,07,"C",NULL,"καὶ","καὶ","καί","καί"
42,01,07,"A","NPM","ἀμφότεροι","ἀμφότεροι","ἀμφότεροι","ἀμφότεροι"
42,01,07,"V","XAPNPM","προβεβηκότες","προβεβηκότες","προβεβηκότες","προβαίνω"
42,01,07,"P",NULL,"ἐν","ἐν","ἐν","ἐν"
42,01,07,"RA","DPF","ταῖς","ταῖς","ταῖς","ὁ"
42,01,07,"N","DPF","ἡμέραις","ἡμέραις","ἡμέραις","ἡμέρα"
42,01,07,"RP","GPM","αὐτῶν","αὐτῶν","αὐτῶν","αὐτός"
42,01,07,"V","3IAI-P","ἦσαν.","ἦσαν","ἦσαν","εἰμί"
42,01,08,"V","3AMI-S","Ἐγένετο","Ἐγένετο","ἐγένετο","γίνομαι"
42,01,08,"C",NULL,"δὲ","δὲ","δέ","δέ"
42,01,08,"P",NULL,"ἐν","ἐν","ἐν","ἐν"
42,01,08,"RA","DSN","τῷ","τῷ","τῷ","ὁ"
42,01,08,"V","PAN","ἱερατεύειν","ἱερατεύειν","ἱερατεύειν","ἱερατεύω"
42,01,08,"RP","ASM","αὐτὸν","αὐτὸν","αὐτόν","αὐτός"
42,01,08,"P",NULL,"ἐν","ἐν","ἐν","ἐν"
42,01,08,"RA","DSF","τῇ","τῇ","τῇ","ὁ"
42,01,08,"N","DSF","τάξει","τάξει","τάξει","τάξις"
42,01,08,"RA","GSF","τῆς","τῆς","τῆς","ὁ"
42,01,08,"N","GSF","ἐφημερίας","ἐφημερίας","ἐφημερίας","ἐφημερία"
42,01,08,"RP","GSM","αὐτοῦ","αὐτοῦ","αὐτοῦ","αὐτός"
42,01,08,"P",NULL,"ἔναντι","ἔναντι","ἔναντι","ἔναντι"
42,01,08,"RA","GSM","τοῦ","τοῦ","τοῦ","ὁ"
42,01,08,"N","GSM","θεοῦ","θεοῦ","θεοῦ","θεός"
42,01,09,"P",NULL,"κατὰ","κατὰ","κατά","κατά"
42,01,09,"RA","ASN","τὸ","τὸ","τό","ὁ"
42,01,09,"N","ASN","ἔθος","ἔθος","ἔθος","ἔθος"
42,01,09,"RA","GSF","τῆς","τῆς","τῆς","ὁ"
42,01,09,"N","GSF","ἱερατείας","ἱερατείας","ἱερατείας","ἱερατεία"
42,01,09,"V","3AAI-S","ἔλαχε","ἔλαχε","ἔλαχε(ν)","λαγχάνω"
42,01,09,"RA","GSN","τοῦ","τοῦ","τοῦ","ὁ"
42,01,09,"V","AAN","θυμιᾶσαι","θυμιᾶσαι","θυμιᾶσαι","θυμιάω"
42,01,09,"V","AAPNSM","εἰσελθὼν","εἰσελθὼν","εἰσελθών","εἰσέρχομαι"
42,01,09,"P",NULL,"εἰς","εἰς","εἰς","εἰς"
42,01,09,"RA","ASM","τὸν","τὸν","τόν","ὁ"
42,01,09,"N","ASM","ναὸν","ναὸν","ναόν","ναός"
42,01,09,"RA","GSM","τοῦ","τοῦ","τοῦ","ὁ"
42,01,09,"N","GSM","κυρίου,","κυρίου","κυρίου","κύριος"
42,01,10,"C",NULL,"καὶ","καὶ","καί","καί"
42,01,10,"A","NSN","πᾶν","πᾶν","πᾶν","πᾶς"
42,01,10,"RA","NSN","τὸ","τὸ","τό","ὁ"
42,01,10,"N","NSN","πλῆθος","πλῆθος","πλῆθος","πλῆθος"
42,01,10,"V","3IAI-S","ἦν","ἦν","ἦν","εἰμί"
42,01,10,"RA","GSM","τοῦ","τοῦ","τοῦ","ὁ"
42,01,10,"N","GSM","λαοῦ","λαοῦ","λαοῦ","λαός"
42,01,10,"V","PMPNSN","προσευχόμενον","προσευχόμενον","προσευχόμενον","προσεύχομαι"
42,01,10,"D",NULL,"ἔξω","ἔξω","ἔξω","ἔξω"
42,01,10,"RA","DSF","τῇ","τῇ","τῇ","ὁ"
42,01,10,"N","DSF","ὥρᾳ","ὥρᾳ","ὥρᾳ","ὥρα"
42,01,10,"RA","GSN","τοῦ","τοῦ","τοῦ","ὁ"
42,01,10,"N","GSN","θυμιάματος·","θυμιάματος","θυμιάματος","θυμίαμα"
42,01,11,"V","3API-S","ὤφθη","ὤφθη","ὤφθη","ὁράω"
42,01,11,"C",NULL,"δὲ","δὲ","δέ","δέ"
42,01,11,"RP","DSM","αὐτῷ","αὐτῷ","αὐτῷ","αὐτός"
42,01,11,"N","NSM","ἄγγελος","ἄγγελος","ἄγγελος","ἄγγελος"
42,01,11,"N","GSM","κυρίου","κυρίου","κυρίου","κύριος"
42,01,11,"V","XAPNSM","ἑστὼς","ἑστὼς","ἑστώς","ἵστημι"
42,01,11,"P",NULL,"ἐκ","ἐκ","ἐκ","ἐκ"
42,01,11,"A","GPN","δεξιῶν","δεξιῶν","δεξιῶν","δεξιός"
42,01,11,"RA","GSN","τοῦ","τοῦ","τοῦ","ὁ"
42,01,11,"N","GSN","θυσιαστηρίου","θυσιαστηρίου","θυσιαστηρίου","θυσιαστήριον"
42,01,11,"RA","GSN","τοῦ","τοῦ","τοῦ","ὁ"
42,01,11,"N","GSN","θυμιάματος.","θυμιάματος","θυμιάματος","θυμίαμα"
42,01,12,"C",NULL,"καὶ","καὶ","καί","καί"
42,01,12,"V","3API-S","ἐταράχθη","ἐταράχθη","ἐταράχθη","ταράσσω"
42,01,12,"N","NSM","Ζαχαρίας","Ζαχαρίας","Ζαχαρίας","Ζαχαρίας"
42,01,12,"V","AAPNSM","ἰδών,","ἰδών","ἰδών","ὁράω"
42,01,12,"C",NULL,"καὶ","καὶ","καί","καί"
42,01,12,"N","NSM","φόβος","φόβος","φόβος","φόβος"
42,01,12,"V","3AAI-S","ἐπέπεσεν","ἐπέπεσεν","ἐπέπεσε(ν)","ἐπιπίπτω"
42,01,12,"P",NULL,"ἐπ’","ἐπ’","ἐπί","ἐπί"
42,01,12,"RP","ASM","αὐτόν.","αὐτόν","αὐτόν","αὐτός"
42,01,13,"V","3AAI-S","εἶπεν","εἶπεν","εἶπε(ν)","λέγω"
42,01,13,"C",NULL,"δὲ","δὲ","δέ","δέ"
42,01,13,"P",NULL,"πρὸς","πρὸς","πρός","πρός"
42,01,13,"RP","ASM","αὐτὸν","αὐτὸν","αὐτόν","αὐτός"
42,01,13,"RA","NSM","ὁ","ὁ","ὁ","ὁ"
42,01,13,"N","NSM","ἄγγελος·","ἄγγελος","ἄγγελος","ἄγγελος"
42,01,13,"D",NULL,"Μὴ","Μὴ","μή","μή"
42,01,13,"V","2PMD-S","φοβοῦ,","φοβοῦ","φοβοῦ","φοβέομαι"
42,01,13,"N","VSM","Ζαχαρία,","Ζαχαρία","Ζαχαρία","Ζαχαρίας"
42,01,13,"C",NULL,"διότι","διότι","διότι","διότι"
42,01,13,"V","3API-S","εἰσηκούσθη","εἰσηκούσθη","εἰσηκούσθη","εἰσακούω"
42,01,13,"RA","NSF","ἡ","ἡ","ἡ","ὁ"
42,01,13,"N","NSF","δέησίς","δέησίς","δέησις","δέησις"
42,01,13,"RP","GS","σου,","σου","σου","σύ"
42,01,13,"C",NULL,"καὶ","καὶ","καί","καί"
42,01,13,"RA","NSF","ἡ","ἡ","ἡ","ὁ"
42,01,13,"N","NSF","γυνή","γυνή","γυνή","γυνή"
42,01,13,"RP","GS","σου","σου","σου","σύ"
42,01,13,"N","NSF","Ἐλισάβετ","Ἐλισάβετ","Ἐλισάβετ","Ἐλισάβετ"
42,01,13,"V","3FAI-S","γεννήσει","γεννήσει","γεννήσει","γεννάω"
42,01,13,"N","ASM","υἱόν","υἱόν","υἱόν","υἱός"
42,01,13,"RP","DS","σοι,","σοι","σοι","σύ"
42,01,13,"C",NULL,"καὶ","καὶ","καί","καί"
42,01,13,"V","2FAI-S","καλέσεις","καλέσεις","καλέσεις","καλέω"
42,01,13,"RA","ASN","τὸ","τὸ","τό","ὁ"
42,01,13,"N","ASN","ὄνομα","ὄνομα","ὄνομα","ὄνομα"
42,01,13,"RP","GSM","αὐτοῦ","αὐτοῦ","αὐτοῦ","αὐτός"
42,01,13,"N","ASM","Ἰωάννην·","Ἰωάννην","Ἰωάννην","Ἰωάννης"
42,01,14,"C",NULL,"καὶ","καὶ","καί","καί"
42,01,14,"V","3FMI-S","ἔσται","ἔσται","ἔσται","εἰμί"
42,01,14,"N","NSF","χαρά","χαρά","χαρά","χαρά"
42,01,14,"RP","DS","σοι","σοι","σοι","σύ"
42,01,14,"C",NULL,"καὶ","καὶ","καί","καί"
42,01,14,"N","NSF","ἀγαλλίασις,","ἀγαλλίασις","ἀγαλλίασις","ἀγαλλίασις"
42,01,14,"C",NULL,"καὶ","καὶ","καί","καί"
42,01,14,"A","NPM","πολλοὶ","πολλοὶ","πολλοί","πολύς"
42,01,14,"P",NULL,"ἐπὶ","ἐπὶ","ἐπί","ἐπί"
42,01,14,"RA","DSF","τῇ","τῇ","τῇ","ὁ"
42,01,14,"N","DSF","⸀γενέσει","γενέσει","γενέσει","γένεσις"
42,01,14,"RP","GSM","αὐτοῦ","αὐτοῦ","αὐτοῦ","αὐτός"
42,01,14,"V","3FPI-P","χαρήσονται·","χαρήσονται","χαρήσονται","χαίρω"
42,01,15,"V","3FMI-S","ἔσται","ἔσται","ἔσται","εἰμί"
42,01,15,"C",NULL,"γὰρ","γὰρ","γάρ","γάρ"
42,01,15,"A","NSM","μέγας","μέγας","μέγας","μέγας"
42,01,15,"P",NULL,"ἐνώπιον","ἐνώπιον","ἐνώπιον","ἐνώπιον"
42,01,15,"RA","GSM","⸀τοῦ","τοῦ","τοῦ","ὁ"
42,01,15,"N","GSM","κυρίου,","κυρίου","κυρίου","κύριος"
42,01,15,"C",NULL,"καὶ","καὶ","καί","καί"
42,01,15,"N","ASM","οἶνον","οἶνον","οἶνον","οἶνος"
42,01,15,"C",NULL,"καὶ","καὶ","καί","καί"
42,01,15,"N","ASN","σίκερα","σίκερα","σίκερα","σίκερα"
42,01,15,"D",NULL,"οὐ","οὐ","οὐ","οὐ"
42,01,15,"D",NULL,"μὴ","μὴ","μή","μή"
42,01,15,"V","3AAS-S","πίῃ,","πίῃ","πίῃ","πίνω"
42,01,15,"C",NULL,"καὶ","καὶ","καί","καί"
42,01,15,"N","GSN","πνεύματος","πνεύματος","πνεύματος","πνεῦμα"
42,01,15,"A","GSN","ἁγίου","ἁγίου","ἁγίου","ἅγιος"
42,01,15,"V","3FPI-S","πλησθήσεται","πλησθήσεται","πλησθήσεται","πίμπλημι"
42,01,15,"D",NULL,"ἔτι","ἔτι","ἔτι","ἔτι"
42,01,15,"P",NULL,"ἐκ","ἐκ","ἐκ","ἐκ"
42,01,15,"N","GSF","κοιλίας","κοιλίας","κοιλίας","κοιλία"
42,01,15,"N","GSF","μητρὸς","μητρὸς","μητρός","μήτηρ"
42,01,15,"RP","GSM","αὐτοῦ,","αὐτοῦ","αὐτοῦ","αὐτός"
42,01,16,"C",NULL,"καὶ","καὶ","καί","καί"
42,01,16,"A","APM","πολλοὺς","πολλοὺς","πολλούς","πολύς"
42,01,16,"RA","GPM","τῶν","τῶν","τῶν","ὁ"
42,01,16,"N","GPM","υἱῶν","υἱῶν","υἱῶν","υἱός"
42,01,16,"N","GSM","Ἰσραὴλ","Ἰσραὴλ","Ἰσραήλ","Ἰσραήλ"
42,01,16,"V","3FAI-S","ἐπιστρέψει","ἐπιστρέψει","ἐπιστρέψει","ἐπιστρέφω"
42,01,16,"P",NULL,"ἐπὶ","ἐπὶ","ἐπί","ἐπί"
42,01,16,"N","ASM","κύριον","κύριον","κύριον","κύριος"
42,01,16,"RA","ASM","τὸν","τὸν","τόν","ὁ"
42,01,16,"N","ASM","θεὸν","θεὸν","θεόν","θεός"
42,01,16,"RP","GPM","αὐτῶν·","αὐτῶν","αὐτῶν","αὐτός"
42,01,17,"C",NULL,"καὶ","καὶ","καί","καί"
42,01,17,"RP","NSM","αὐτὸς","αὐτὸς","αὐτός","αὐτός"
42,01,17,"V","3FMI-S","προελεύσεται","προελεύσεται","προελεύσεται","προέρχομαι"
42,01,17,"P",NULL,"ἐνώπιον","ἐνώπιον","ἐνώπιον","ἐνώπιον"
42,01,17,"RP","GSM","αὐτοῦ","αὐτοῦ","αὐτοῦ","αὐτός"
42,01,17,"P",NULL,"ἐν","ἐν","ἐν","ἐν"
42,01,17,"N","DSN","πνεύματι","πνεύματι","πνεύματι","πνεῦμα"
42,01,17,"C",NULL,"καὶ","καὶ","καί","καί"
42,01,17,"N","DSF","δυνάμει","δυνάμει","δυνάμει","δύναμις"
42,01,17,"N","GSM","Ἠλίου,","Ἠλίου","Ἠλίου","Ἠλίας"
42,01,17,"V","AAN","ἐπιστρέψαι","ἐπιστρέψαι","ἐπιστρέψαι","ἐπιστρέφω"
42,01,17,"N","APF","καρδίας","καρδίας","καρδίας","καρδία"
42,01,17,"N","GPM","πατέρων","πατέρων","πατέρων","πατήρ"
42,01,17,"P",NULL,"ἐπὶ","ἐπὶ","ἐπί","ἐπί"
42,01,17,"N","APN","τέκνα","τέκνα","τέκνα","τέκνον"
42,01,17,"C",NULL,"καὶ","καὶ","καί","καί"
42,01,17,"A","APM","ἀπειθεῖς","ἀπειθεῖς","ἀπειθεῖς","ἀπειθής"
42,01,17,"P",NULL,"ἐν","ἐν","ἐν","ἐν"
42,01,17,"N","DSF","φρονήσει","φρονήσει","φρονήσει","φρόνησις"
42,01,17,"A","GPM","δικαίων,","δικαίων","δικαίων","δίκαιος"
42,01,17,"V","AAN","ἑτοιμάσαι","ἑτοιμάσαι","ἑτοιμάσαι","ἑτοιμάζω"
42,01,17,"N","DSM","κυρίῳ","κυρίῳ","κυρίῳ","κύριος"
42,01,17,"N","ASM","λαὸν","λαὸν","λαόν","λαός"
42,01,17,"V","XPPASM","κατεσκευασμένον.","κατεσκευασμένον","κατεσκευασμένον","κατασκευάζω"
42,01,18,"C",NULL,"καὶ","καὶ","καί","καί"
42,01,18,"V","3AAI-S","εἶπεν","εἶπεν","εἶπε(ν)","λέγω"
42,01,18,"N","NSM","Ζαχαρίας","Ζαχαρίας","Ζαχαρίας","Ζαχαρίας"
42,01,18,"P",NULL,"πρὸς","πρὸς","πρός","πρός"
42,01,18,"RA","ASM","τὸν","τὸν","τόν","ὁ"
42,01,18,"N","ASM","ἄγγελον·","ἄγγελον","ἄγγελον","ἄγγελος"
42,01,18,"P",NULL,"Κατὰ","Κατὰ","κατά","κατά"
42,01,18,"RI","ASN","τί","τί","τί","τίς"
42,01,18,"V","1FMI-S","γνώσομαι","γνώσομαι","γνώσομαι","γινώσκω"
42,01,18,"RD","ASN","τοῦτο;","τοῦτο","τοῦτο","οὗτος"
42,01,18,"RP","NS","ἐγὼ","ἐγὼ","ἐγώ","ἐγώ"
42,01,18,"C",NULL,"γάρ","γάρ","γάρ","γάρ"
42,01,18,"V","1PAI-S","εἰμι","εἰμι","εἰμί","εἰμί"
42,01,18,"N","NSM","πρεσβύτης","πρεσβύτης","πρεσβύτης","πρεσβύτης"
42,01,18,"C",NULL,"καὶ","καὶ","καί","καί"
42,01,18,"RA","NSF","ἡ","ἡ","ἡ","ὁ"
42,01,18,"N","NSF","γυνή","γυνή","γυνή","γυνή"
42,01,18,"RP","GS","μου","μου","μου","ἐγώ"
42,01,18,"V","XAPNSF","προβεβηκυῖα","προβεβηκυῖα","προβεβηκυῖα","προβαίνω"
42,01,18,"P",NULL,"ἐν","ἐν","ἐν","ἐν"
42,01,18,"RA","DPF","ταῖς","ταῖς","ταῖς","ὁ"
42,01,18,"N","DPF","ἡμέραις","ἡμέραις","ἡμέραις","ἡμέρα"
42,01,18,"RP","GSF","αὐτῆς.","αὐτῆς","αὐτῆς","αὐτός"
42,01,19,"C",NULL,"καὶ","καὶ","καί","καί"
42,01,19,"V","APPNSM","ἀποκριθεὶς","ἀποκριθεὶς","ἀποκριθείς","ἀποκρίνομαι"
42,01,19,"RA","NSM","ὁ","ὁ","ὁ","ὁ"
42,01,19,"N","NSM","ἄγγελος","ἄγγελος","ἄγγελος","ἄγγελος"
42,01,19,"V","3AAI-S","εἶπεν","εἶπεν","εἶπε(ν)","λέγω"
42,01,19,"RP","DSM","αὐτῷ·","αὐτῷ","αὐτῷ","αὐτός"
42,01,19,"RP","NS","Ἐγώ","Ἐγώ","ἐγώ","ἐγώ"
42,01,19,"V","1PAI-S","εἰμι","εἰμι","εἰμί","εἰμί"
42,01,19,"N","NSM","Γαβριὴλ","Γαβριὴλ","Γαβριήλ","Γαβριήλ"
42,01,19,"RA","NSM","ὁ","ὁ","ὁ","ὁ"
42,01,19,"V","XAPNSM","παρεστηκὼς","παρεστηκὼς","παρεστηκώς","παρίστημι"
42,01,19,"P",NULL,"ἐνώπιον","ἐνώπιον","ἐνώπιον","ἐνώπιον"
42,01,19,"RA","GSM","τοῦ","τοῦ","τοῦ","ὁ"
42,01,19,"N","GSM","θεοῦ,","θεοῦ","θεοῦ","θεός"
42,01,19,"C",NULL,"καὶ","καὶ","καί","καί"
42,01,19,"V","1API-S","ἀπεστάλην","ἀπεστάλην","ἀπεστάλην","ἀποστέλλω"
42,01,19,"V","AAN","λαλῆσαι","λαλῆσαι","λαλῆσαι","λαλέω"
42,01,19,"P",NULL,"πρὸς","πρὸς","πρός","πρός"
42,01,19,"RP","AS","σὲ","σὲ","σέ","σύ"
42,01,19,"C",NULL,"καὶ","καὶ","καί","καί"
42,01,19,"V","AMN","εὐαγγελίσασθαί","εὐαγγελίσασθαί","εὐαγγελίσασθαι","εὐαγγελίζω"
42,01,19,"RP","DS","σοι","σοι","σοι","σύ"
42,01,19,"RD","APN","ταῦτα·","ταῦτα","ταῦτα","οὗτος"
42,01,20,"C",NULL,"καὶ","καὶ","καί","καί"
42,01,20,"X",NULL,"ἰδοὺ","ἰδοὺ","ἰδού","ἰδού"
42,01,20,"V","2FMI-S","ἔσῃ","ἔσῃ","ἔσῃ","εἰμί"
42,01,20,"V","PAPNSM","σιωπῶν","σιωπῶν","σιωπῶν","σιωπάω"
42,01,20,"C",NULL,"καὶ","καὶ","καί","καί"
42,01,20,"D",NULL,"μὴ","μὴ","μή","μή"
42,01,20,"V","PMPNSM","δυνάμενος","δυνάμενος","δυνάμενος","δύναμαι"
42,01,20,"V","AAN","λαλῆσαι","λαλῆσαι","λαλῆσαι","λαλέω"
42,01,20,"P",NULL,"ἄχρι","ἄχρι","ἄχρι","ἄχρι"
42,01,20,"RR","GSF","ἧς","ἧς","ἧς","ὅς"
42,01,20,"N","GSF","ἡμέρας","ἡμέρας","ἡμέρας","ἡμέρα"
42,01,20,"V","3AMS-S","γένηται","γένηται","γένηται","γίνομαι"
42,01,20,"RD","NPN","ταῦτα,","ταῦτα","ταῦτα","οὗτος"
42,01,20,"P",NULL,"ἀνθ’","ἀνθ’","ἀντί","ἀντί"
42,01,20,"RR","GPN","ὧν","ὧν","ὧν","ὅς"
42,01,20,"D",NULL,"οὐκ","οὐκ","οὐ","οὐ"
42,01,20,"V","2AAI-S","ἐπίστευσας","ἐπίστευσας","ἐπίστευσας","πιστεύω"
42,01,20,"RA","DPM","τοῖς","τοῖς","τοῖς","ὁ"
42,01,20,"N","DPM","λόγοις","λόγοις","λόγοις","λόγος"
42,01,20,"RP","GS","μου,","μου","μου","ἐγώ"
42,01,20,"RR","NPM","οἵτινες","οἵτινες","οἵτινες","ὅστις"
42,01,20,"V","3FPI-P","πληρωθήσονται","πληρωθήσονται","πληρωθήσονται","πληρόω"
42,01,20,"P",NULL,"εἰς","εἰς","εἰς","εἰς"
42,01,20,"RA","ASM","τὸν","τὸν","τόν","ὁ"
42,01,20,"N","ASM","καιρὸν","καιρὸν","καιρόν","καιρός"
42,01,20,"RP","GPM","αὐτῶν.","αὐτῶν","αὐτῶν","αὐτός"
42,01,21,"C",NULL,"Καὶ","Καὶ","καί","καί"
42,01,21,"V","3IAI-S","ἦν","ἦν","ἦν","εἰμί"
42,01,21,"RA","NSM","ὁ","ὁ","ὁ","ὁ"
42,01,21,"N","NSM","λαὸς","λαὸς","λαός","λαός"
42,01,21,"V","PAPNSM","προσδοκῶν","προσδοκῶν","προσδοκῶν","προσδοκάω"
42,01,21,"RA","ASM","τὸν","τὸν","τόν","ὁ"
42,01,21,"N","ASM","Ζαχαρίαν,","Ζαχαρίαν","Ζαχαρίαν","Ζαχαρίας"
42,01,21,"C",NULL,"καὶ","καὶ","καί","καί"
42,01,21,"V","3IAI-P","ἐθαύμαζον","ἐθαύμαζον","ἐθαύμαζον","θαυμάζω"
42,01,21,"P",NULL,"ἐν","ἐν","ἐν","ἐν"
42,01,21,"RA","DSN","τῷ","τῷ","τῷ","ὁ"
42,01,21,"V","PAN","χρονίζειν","χρονίζειν","χρονίζειν","χρονίζω"
42,01,21,"P",NULL,"⸂ἐν","ἐν","ἐν","ἐν"
42,01,21,"RA","DSM","τῷ","τῷ","τῷ","ὁ"
42,01,21,"N","DSM","ναῷ","ναῷ","ναῷ","ναός"
42,01,21,"RP","ASM","αὐτόν⸃.","αὐτόν","αὐτόν","αὐτός"
42,01,22,"V","AAPNSM","ἐξελθὼν","ἐξελθὼν","ἐξελθών","ἐξέρχομαι"
42,01,22,"C",NULL,"δὲ","δὲ","δέ","δέ"
42,01,22,"D",NULL,"οὐκ","οὐκ","οὐ","οὐ"
42,01,22,"V","3IMI-S","⸀ἐδύνατο","ἐδύνατο","ἐδύνατο","δύναμαι"
42,01,22,"V","AAN","λαλῆσαι","λαλῆσαι","λαλῆσαι","λαλέω"
42,01,22,"RP","DPM","αὐτοῖς,","αὐτοῖς","αὐτοῖς","αὐτός"
42,01,22,"C",NULL,"καὶ","καὶ","καί","καί"
42,01,22,"V","3AAI-P","ἐπέγνωσαν","ἐπέγνωσαν","ἐπέγνωσαν","ἐπιγινώσκω"
42,01,22,"C",NULL,"ὅτι","ὅτι","ὅτι","ὅτι"
42,01,22,"N","ASF","ὀπτασίαν","ὀπτασίαν","ὀπτασίαν","ὀπτασία"
42,01,22,"V","3XAI-S","ἑώρακεν","ἑώρακεν","ἑώρακε(ν)","ὁράω"
42,01,22,"P",NULL,"ἐν","ἐν","ἐν","ἐν"
42,01,22,"RA","DSM","τῷ","τῷ","τῷ","ὁ"
42,01,22,"N","DSM","ναῷ·","ναῷ","ναῷ","ναός"
42,01,22,"C",NULL,"καὶ","καὶ","καί","καί"
42,01,22,"RP","NSM","αὐτὸς","αὐτὸς","αὐτός","αὐτός"
42,01,22,"V","3IAI-S","ἦν","ἦν","ἦν","εἰμί"
42,01,22,"V","PAPNSM","διανεύων","διανεύων","διανεύων","διανεύω"
42,01,22,"RP","DPM","αὐτοῖς,","αὐτοῖς","αὐτοῖς","αὐτός"
42,01,22,"C",NULL,"καὶ","καὶ","καί","καί"
42,01,22,"V","3IAI-S","διέμενεν","διέμενεν","διέμενε(ν)","διαμένω"
42,01,22,"A","NSM","κωφός.","κωφός","κωφός","κωφός"
42,01,23,"C",NULL,"καὶ","καὶ","καί","καί"
42,01,23,"V","3AMI-S","ἐγένετο","ἐγένετο","ἐγένετο","γίνομαι"
42,01,23,"C",NULL,"ὡς","ὡς","ὡς","ὡς"
42,01,23,"V","3API-P","ἐπλήσθησαν","ἐπλήσθησαν","ἐπλήσθησαν","πίμπλημι"
42,01,23,"RA","NPF","αἱ","αἱ","αἱ","ὁ"
42,01,23,"N","NPF","ἡμέραι","ἡμέραι","ἡμέραι","ἡμέρα"
42,01,23,"RA","GSF","τῆς","τῆς","τῆς","ὁ"
42,01,23,"N","GSF","λειτουργίας","λειτουργίας","λειτουργίας","λειτουργία"
42,01,23,"RP","GSM","αὐτοῦ,","αὐτοῦ","αὐτοῦ","αὐτός"
42,01,23,"V","3AAI-S","ἀπῆλθεν","ἀπῆλθεν","ἀπῆλθε(ν)","ἀπέρχομαι"
42,01,23,"P",NULL,"εἰς","εἰς","εἰς","εἰς"
42,01,23,"RA","ASM","τὸν","τὸν","τόν","ὁ"
42,01,23,"N","ASM","οἶκον","οἶκον","οἶκον","οἶκος"
42,01,23,"RP","GSM","αὐτοῦ.","αὐτοῦ","αὐτοῦ","αὐτός"
42,01,24,"P",NULL,"Μετὰ","Μετὰ","μετά","μετά"
42,01,24,"C",NULL,"δὲ","δὲ","δέ","δέ"
42,01,24,"RD","APF","ταύτας","ταύτας","ταύτας","οὗτος"
42,01,24,"RA","APF","τὰς","τὰς","τάς","ὁ"
42,01,24,"N","APF","ἡμέρας","ἡμέρας","ἡμέρας","ἡμέρα"
42,01,24,"V","3AAI-S","συνέλαβεν","συνέλαβεν","συνέλαβε(ν)","συλλαμβάνω"
42,01,24,"N","NSF","Ἐλισάβετ","Ἐλισάβετ","Ἐλισάβετ","Ἐλισάβετ"
42,01,24,"RA","NSF","ἡ","ἡ","ἡ","ὁ"
42,01,24,"N","NSF","γυνὴ","γυνὴ","γυνή","γυνή"
42,01,24,"RP","GSM","αὐτοῦ·","αὐτοῦ","αὐτοῦ","αὐτός"
42,01,24,"C",NULL,"καὶ","καὶ","καί","καί"
42,01,24,"V","3IAI-S","περιέκρυβεν","περιέκρυβεν","περιέκρυβε(ν)","περικρύβω"
42,01,24,"RP","ASF","ἑαυτὴν","ἑαυτὴν","ἑαυτήν","ἑαυτοῦ"
42,01,24,"N","APM","μῆνας","μῆνας","μῆνας","μήν"
42,01,24,"A","APM","πέντε,","πέντε","πέντε","πέντε"
42,01,24,"V","PAPNSF","λέγουσα","λέγουσα","λέγουσα","λέγω"
42,01,25,"C",NULL,"ὅτι","ὅτι","ὅτι","ὅτι"
42,01,25,"D",NULL,"Οὕτως","Οὕτως","οὕτω(ς)","οὕτω(ς)"
42,01,25,"RP","DS","μοι","μοι","μοι","ἐγώ"
42,01,25,"V","3XAI-S","⸀πεποίηκεν","πεποίηκεν","πεποίηκε(ν)","ποιέω"
42,01,25,"N","NSM","κύριος","κύριος","κύριος","κύριος"
42,01,25,"P",NULL,"ἐν","ἐν","ἐν","ἐν"
42,01,25,"N","DPF","ἡμέραις","ἡμέραις","ἡμέραις","ἡμέρα"
42,01,25,"RR","DPF","αἷς","αἷς","αἷς","ὅς"
42,01,25,"V","3AAI-S","ἐπεῖδεν","ἐπεῖδεν","ἐπεῖδε(ν)","ἐφοράω"
42,01,25,"V","AAN","⸀ἀφελεῖν","ἀφελεῖν","ἀφελεῖν","ἀφαιρέω"
42,01,25,"N","ASN","ὄνειδός","ὄνειδός","ὄνειδος","ὄνειδος"
42,01,25,"RP","GS","μου","μου","μου","ἐγώ"
42,01,25,"P",NULL,"ἐν","ἐν","ἐν","ἐν"
42,01,25,"N","DPM","ἀνθρώποις.","ἀνθρώποις","ἀνθρώποις","ἄνθρωπος"
42,01,26,"P",NULL,"Ἐν","Ἐν","ἐν","ἐν"
42,01,26,"C",NULL,"δὲ","δὲ","δέ","δέ"
42,01,26,"RA","DSM","τῷ","τῷ","τῷ","ὁ"
42,01,26,"N","DSM","μηνὶ","μηνὶ","μηνί","μήν"
42,01,26,"RA","DSM","τῷ","τῷ","τῷ","ὁ"
42,01,26,"A","DSM","ἕκτῳ","ἕκτῳ","ἕκτῳ","ἕκτος"
42,01,26,"V","3API-S","ἀπεστάλη","ἀπεστάλη","ἀπεστάλη","ἀποστέλλω"
42,01,26,"RA","NSM","ὁ","ὁ","ὁ","ὁ"
42,01,26,"N","NSM","ἄγγελος","ἄγγελος","ἄγγελος","ἄγγελος"
42,01,26,"N","NSM","Γαβριὴλ","Γαβριὴλ","Γαβριήλ","Γαβριήλ"
42,01,26,"P",NULL,"⸀ἀπὸ","ἀπὸ","ἀπό","ἀπό"
42,01,26,"RA","GSM","τοῦ","τοῦ","τοῦ","ὁ"
42,01,26,"N","GSM","θεοῦ","θεοῦ","θεοῦ","θεός"
42,01,26,"P",NULL,"εἰς","εἰς","εἰς","εἰς"
42,01,26,"N","ASF","πόλιν","πόλιν","πόλιν","πόλις"
42,01,26,"RA","GSF","τῆς","τῆς","τῆς","ὁ"
42,01,26,"N","GSF","Γαλιλαίας","Γαλιλαίας","Γαλιλαίας","Γαλιλαία"
42,01,26,"RR","DSF","ᾗ","ᾗ","ᾗ","ὅς"
42,01,26,"N","NSN","ὄνομα","ὄνομα","ὄνομα","ὄνομα"
42,01,26,"N","NSF","Ναζαρὲθ","Ναζαρὲθ","Ναζαρέθ","Ναζαρέθ"
42,01,27,"P",NULL,"πρὸς","πρὸς","πρός","πρός"
42,01,27,"N","ASF","παρθένον","παρθένον","παρθένον","παρθένος"
42,01,27,"V","XPPASF","⸀ἐμνηστευμένην","ἐμνηστευμένην","ἐμνηστευμένην","μνηστεύομαι"
42,01,27,"N","DSM","ἀνδρὶ","ἀνδρὶ","ἀνδρί","ἀνήρ"
42,01,27,"RR","DSM","ᾧ","ᾧ","ᾧ","ὅς"
42,01,27,"N","NSN","ὄνομα","ὄνομα","ὄνομα","ὄνομα"
42,01,27,"N","NSM","Ἰωσὴφ","Ἰωσὴφ","Ἰωσήφ","Ἰωσήφ"
42,01,27,"P",NULL,"ἐξ","ἐξ","ἐκ","ἐκ"
42,01,27,"N","GSM","οἴκου","οἴκου","οἴκου","οἶκος"
42,01,27,"N","GSM","Δαυίδ,","Δαυίδ","Δαυίδ","Δαυίδ"
42,01,27,"C",NULL,"καὶ","καὶ","καί","καί"
42,01,27,"RA","NSN","τὸ","τὸ","τό","ὁ"
42,01,27,"N","NSN","ὄνομα","ὄνομα","ὄνομα","ὄνομα"
42,01,27,"RA","GSF","τῆς","τῆς","τῆς","ὁ"
42,01,27,"N","GSF","παρθένου","παρθένου","παρθένου","παρθένος"
42,01,27,"N","NSF","Μαριάμ.","Μαριάμ","Μαριάμ","Μαριάμ"
42,01,28,"C",NULL,"καὶ","καὶ","καί","καί"
42,01,28,"V","AAPNSM","⸀εἰσελθὼν","εἰσελθὼν","εἰσελθών","εἰσέρχομαι"
42,01,28,"P",NULL,"πρὸς","πρὸς","πρός","πρός"
42,01,28,"RP","ASF","αὐτὴν","αὐτὴν","αὐτήν","αὐτός"
42,01,28,"V","3AAI-S","εἶπεν·","εἶπεν","εἶπε(ν)","λέγω"
42,01,28,"V","2PAD-S","Χαῖρε,","Χαῖρε","χαῖρε","χαίρω"
42,01,28,"V","XPPVSF","κεχαριτωμένη,","κεχαριτωμένη","κεχαριτωμένη","χαριτόω"
42,01,28,"RA","NSM","ὁ","ὁ","ὁ","ὁ"
42,01,28,"N","NSM","κύριος","κύριος","κύριος","κύριος"
42,01,28,"P",NULL,"μετὰ","μετὰ","μετά","μετά"
42,01,28,"RP","GS","⸀σοῦ.","σοῦ","σοῦ","σύ"
42,01,29,"RA","NSF","ἡ","ἡ","ἡ","ὁ"
42,01,29,"C",NULL,"δὲ","δὲ","δέ","δέ"
42,01,29,"P",NULL,"⸂ἐπὶ","ἐπὶ","ἐπί","ἐπί"
42,01,29,"RA","DSM","τῷ","τῷ","τῷ","ὁ"
42,01,29,"N","DSM","λόγῳ","λόγῳ","λόγῳ","λόγος"
42,01,29,"V","3API-S","διεταράχθη⸃","διεταράχθη","διεταράχθη","διαταράσσω"
42,01,29,"C",NULL,"καὶ","καὶ","καί","καί"
42,01,29,"V","3IMI-S","διελογίζετο","διελογίζετο","διελογίζετο","διαλογίζομαι"
42,01,29,"RI","NSM","ποταπὸς","ποταπὸς","ποταπός","ποταπός"
42,01,29,"V","3PAO-S","εἴη","εἴη","εἴη","εἰμί"
42,01,29,"RA","NSM","ὁ","ὁ","ὁ","ὁ"
42,01,29,"N","NSM","ἀσπασμὸς","ἀσπασμὸς","ἀσπασμός","ἀσπασμός"
42,01,29,"RD","NSM","οὗτος.","οὗτος","οὗτος","οὗτος"
42,01,30,"C",NULL,"καὶ","καὶ","καί","καί"
42,01,30,"V","3AAI-S","εἶπεν","εἶπεν","εἶπε(ν)","λέγω"
42,01,30,"RA","NSM","ὁ","ὁ","ὁ","ὁ"
42,01,30,"N","NSM","ἄγγελος","ἄγγελος","ἄγγελος","ἄγγελος"
42,01,30,"RP","DSF","αὐτῇ·","αὐτῇ","αὐτῇ","αὐτός"
42,01,30,"D",NULL,"Μὴ","Μὴ","μή","μή"
42,01,30,"V","2PMD-S","φοβοῦ,","φοβοῦ","φοβοῦ","φοβέομαι"
42,01,30,"N","VSF","Μαριάμ,","Μαριάμ","Μαριάμ","Μαριάμ"
42,01,30,"V","2AAI-S","εὗρες","εὗρες","εὗρες","εὑρίσκω"
42,01,30,"C",NULL,"γὰρ","γὰρ","γάρ","γάρ"
42,01,30,"N","ASF","χάριν","χάριν","χάριν","χάρις"
42,01,30,"P",NULL,"παρὰ","παρὰ","παρά","παρά"
42,01,30,"RA","DSM","τῷ","τῷ","τῷ","ὁ"
42,01,30,"N","DSM","θεῷ·","θεῷ","θεῷ","θεός"
42,01,31,"C",NULL,"καὶ","καὶ","καί","καί"
42,01,31,"X",NULL,"ἰδοὺ","ἰδοὺ","ἰδού","ἰδού"
42,01,31,"V","2FMI-S","συλλήμψῃ","συλλήμψῃ","συλλήμψῃ","συλλαμβάνω"
42,01,31,"P",NULL,"ἐν","ἐν","ἐν","ἐν"
42,01,31,"N","DSF","γαστρὶ","γαστρὶ","γαστρί","γαστήρ"
42,01,31,"C",NULL,"καὶ","καὶ","καί","καί"
42,01,31,"V","2FMI-S","τέξῃ","τέξῃ","τέξῃ","τίκτω"
42,01,31,"N","ASM","υἱόν,","υἱόν","υἱόν","υἱός"
42,01,31,"C",NULL,"καὶ","καὶ","καί","καί"
42,01,31,"V","2FAI-S","καλέσεις","καλέσεις","καλέσεις","καλέω"
42,01,31,"RA","ASN","τὸ","τὸ","τό","ὁ"
42,01,31,"N","ASN","ὄνομα","ὄνομα","ὄνομα","ὄνομα"
42,01,31,"RP","GSM","αὐτοῦ","αὐτοῦ","αὐτοῦ","αὐτός"
42,01,31,"N","ASM","Ἰησοῦν.","Ἰησοῦν","Ἰησοῦν","Ἰησοῦς"
42,01,32,"RD","NSM","οὗτος","οὗτος","οὗτος","οὗτος"
42,01,32,"V","3FMI-S","ἔσται","ἔσται","ἔσται","εἰμί"
42,01,32,"A","NSM","μέγας","μέγας","μέγας","μέγας"
42,01,32,"C",NULL,"καὶ","καὶ","καί","καί"
42,01,32,"N","NSM","υἱὸς","υἱὸς","υἱός","υἱός"
42,01,32,"A","GSMS","Ὑψίστου","Ὑψίστου","ὑψίστου","ὕψιστος"
42,01,32,"V","3FPI-S","κληθήσεται,","κληθήσεται","κληθήσεται","καλέω"
42,01,32,"C",NULL,"καὶ","καὶ","καί","καί"
42,01,32,"V","3FAI-S","δώσει","δώσει","δώσει","δίδωμι"
42,01,32,"RP","DSM","αὐτῷ","αὐτῷ","αὐτῷ","αὐτός"
42,01,32,"N","NSM","κύριος","κύριος","κύριος","κύριος"
42,01,32,"RA","NSM","ὁ","ὁ","ὁ","ὁ"
42,01,32,"N","NSM","θεὸς","θεὸς","θεός","θεός"
42,01,32,"RA","ASM","τὸν","τὸν","τόν","ὁ"
42,01,32,"N","ASM","θρόνον","θρόνον","θρόνον","θρόνος"
42,01,32,"N","GSM","Δαυὶδ","Δαυὶδ","Δαυίδ","Δαυίδ"
42,01,32,"RA","GSM","τοῦ","τοῦ","τοῦ","ὁ"
42,01,32,"N","GSM","πατρὸς","πατρὸς","πατρός","πατήρ"
42,01,32,"RP","GSM","αὐτοῦ,","αὐτοῦ","αὐτοῦ","αὐτός"
42,01,33,"C",NULL,"καὶ","καὶ","καί","καί"
42,01,33,"V","3FAI-S","βασιλεύσει","βασιλεύσει","βασιλεύσει","βασιλεύω"
42,01,33,"P",NULL,"ἐπὶ","ἐπὶ","ἐπί","ἐπί"
42,01,33,"RA","ASM","τὸν","τὸν","τόν","ὁ"
42,01,33,"N","ASM","οἶκον","οἶκον","οἶκον","οἶκος"
42,01,33,"N","GSM","Ἰακὼβ","Ἰακὼβ","Ἰακώβ","Ἰακώβ"
42,01,33,"P",NULL,"εἰς","εἰς","εἰς","εἰς"
42,01,33,"RA","APM","τοὺς","τοὺς","τούς","ὁ"
42,01,33,"N","APM","αἰῶνας,","αἰῶνας","αἰῶνας","αἰών"
42,01,33,"C",NULL,"καὶ","καὶ","καί","καί"
42,01,33,"RA","GSF","τῆς","τῆς","τῆς","ὁ"
42,01,33,"N","GSF","βασιλείας","βασιλείας","βασιλείας","βασιλεία"
42,01,33,"RP","GSM","αὐτοῦ","αὐτοῦ","αὐτοῦ","αὐτός"
42,01,33,"D",NULL,"οὐκ","οὐκ","οὐ","οὐ"
42,01,33,"V","3FMI-S","ἔσται","ἔσται","ἔσται","εἰμί"
42,01,33,"N","NSN","τέλος.","τέλος","τέλος","τέλος"
42,01,34,"V","3AAI-S","εἶπεν","εἶπεν","εἶπε(ν)","λέγω"
42,01,34,"C",NULL,"δὲ","δὲ","δέ","δέ"
42,01,34,"N","NSF","Μαριὰμ","Μαριὰμ","Μαριάμ","Μαριάμ"
42,01,34,"P",NULL,"πρὸς","πρὸς","πρός","πρός"
42,01,34,"RA","ASM","τὸν","τὸν","τόν","ὁ"
42,01,34,"N","ASM","ἄγγελον·","ἄγγελον","ἄγγελον","ἄγγελος"
42,01,34,"D",NULL,"Πῶς","Πῶς","πῶς","πῶς"
42,01,34,"V","3FMI-S","ἔσται","ἔσται","ἔσται","εἰμί"
42,01,34,"RD","NSN","τοῦτο,","τοῦτο","τοῦτο","οὗτος"
42,01,34,"C",NULL,"ἐπεὶ","ἐπεὶ","ἐπεί","ἐπεί"
42,01,34,"N","ASM","ἄνδρα","ἄνδρα","ἄνδρα","ἀνήρ"
42,01,34,"D",NULL,"οὐ","οὐ","οὐ","οὐ"
42,01,34,"V","1PAI-S","γινώσκω;","γινώσκω","γινώσκω","γινώσκω"
42,01,35,"C",NULL,"καὶ","καὶ","καί","καί"
42,01,35,"V","APPNSM","ἀποκριθεὶς","ἀποκριθεὶς","ἀποκριθείς","ἀποκρίνομαι"
42,01,35,"RA","NSM","ὁ","ὁ","ὁ","ὁ"
42,01,35,"N","NSM","ἄγγελος","ἄγγελος","ἄγγελος","ἄγγελος"
42,01,35,"V","3AAI-S","εἶπεν","εἶπεν","εἶπε(ν)","λέγω"
42,01,35,"RP","DSF","αὐτῇ·","αὐτῇ","αὐτῇ","αὐτός"
42,01,35,"N","NSN","Πνεῦμα","Πνεῦμα","πνεῦμα","πνεῦμα"
42,01,35,"A","NSN","ἅγιον","ἅγιον","ἅγιον","ἅγιος"
42,01,35,"V","3FMI-S","ἐπελεύσεται","ἐπελεύσεται","ἐπελεύσεται","ἐπέρχομαι"
42,01,35,"P",NULL,"ἐπὶ","ἐπὶ","ἐπί","ἐπί"
42,01,35,"RP","AS","σέ,","σέ","σέ","σύ"
42,01,35,"C",NULL,"καὶ","καὶ","καί","καί"
42,01,35,"N","NSF","δύναμις","δύναμις","δύναμις","δύναμις"
42,01,35,"A","GSMS","Ὑψίστου","Ὑψίστου","ὑψίστου","ὕψιστος"
42,01,35,"V","3FAI-S","ἐπισκιάσει","ἐπισκιάσει","ἐπισκιάσει","ἐπισκιάζω"
42,01,35,"RP","DS","σοι·","σοι","σοι","σύ"
42,01,35,"C",NULL,"διὸ","διὸ","διό","διό"
42,01,35,"D",NULL,"καὶ","καὶ","καί","καί"
42,01,35,"RA","NSN","τὸ","τὸ","τό","ὁ"
42,01,35,"V","PPPNSN","γεννώμενον","γεννώμενον","γεννώμενον","γεννάω"
42,01,35,"A","NSN","ἅγιον","ἅγιον","ἅγιον","ἅγιος"
42,01,35,"V","3FPI-S","κληθήσεται,","κληθήσεται","κληθήσεται","καλέω"
42,01,35,"N","NSM","υἱὸς","υἱὸς","υἱός","υἱός"
42,01,35,"N","GSM","θεοῦ·","θεοῦ","θεοῦ","θεός"
42,01,36,"C",NULL,"καὶ","καὶ","καί","καί"
42,01,36,"X",NULL,"ἰδοὺ","ἰδοὺ","ἰδού","ἰδού"
42,01,36,"N","NSF","Ἐλισάβετ","Ἐλισάβετ","Ἐλισάβετ","Ἐλισάβετ"
42,01,36,"RA","NSF","ἡ","ἡ","ἡ","ὁ"
42,01,36,"N","NSF","⸀συγγενίς","συγγενίς","συγγενίς","συγγενίς"
42,01,36,"RP","GS","σου","σου","σου","σύ"
42,01,36,"D",NULL,"καὶ","καὶ","καί","καί"
42,01,36,"RP","NSF","αὐτὴ","αὐτὴ","αὐτή","αὐτός"
42,01,36,"V","3XAI-S","⸀συνείληφεν","συνείληφεν","συνείληφε(ν)","συλλαμβάνω"
42,01,36,"N","ASM","υἱὸν","υἱὸν","υἱόν","υἱός"
42,01,36,"P",NULL,"ἐν","ἐν","ἐν","ἐν"
42,01,36,"N","DSN","γήρει","γήρει","γήρει","γῆρας"
42,01,36,"RP","GSF","αὐτῆς,","αὐτῆς","αὐτῆς","αὐτός"
42,01,36,"C",NULL,"καὶ","καὶ","καί","καί"
42,01,36,"RD","NSM","οὗτος","οὗτος","οὗτος","οὗτος"
42,01,36,"N","NSM","μὴν","μὴν","μήν","μήν"
42,01,36,"A","NSM","ἕκτος","ἕκτος","ἕκτος","ἕκτος"
42,01,36,"V","3PAI-S","ἐστὶν","ἐστὶν","ἐστί(ν)","εἰμί"
42,01,36,"RP","DSF","αὐτῇ","αὐτῇ","αὐτῇ","αὐτός"
42,01,36,"RA","DSF","τῇ","τῇ","τῇ","ὁ"
42,01,36,"V","PPPDSF","καλουμένῃ","καλουμένῃ","καλουμένῃ","καλέω"
42,01,36,"A","DSF","στείρᾳ·","στείρᾳ","στείρᾳ","στεῖρα"
42,01,37,"C",NULL,"ὅτι","ὅτι","ὅτι","ὅτι"
42,01,37,"D",NULL,"οὐκ","οὐκ","οὐ","οὐ"
42,01,37,"V","3FAI-S","ἀδυνατήσει","ἀδυνατήσει","ἀδυνατήσει","ἀδυνατέω"
42,01,37,"P",NULL,"παρὰ","παρὰ","παρά","παρά"
42,01,37,"RA","GSM","⸂τοῦ","τοῦ","τοῦ","ὁ"
42,01,37,"N","GSM","θεοῦ⸃","θεοῦ","θεοῦ","θεός"
42,01,37,"A","NSN","πᾶν","πᾶν","πᾶν","πᾶς"
42,01,37,"N","NSN","ῥῆμα.","ῥῆμα","ῥῆμα","ῥῆμα"
42,01,38,"V","3AAI-S","εἶπεν","εἶπεν","εἶπε(ν)","λέγω"
42,01,38,"C",NULL,"δὲ","δὲ","δέ","δέ"
42,01,38,"N","NSF","Μαριάμ·","Μαριάμ","Μαριάμ","Μαριάμ"
42,01,38,"X",NULL,"Ἰδοὺ","Ἰδοὺ","ἰδού","ἰδού"
42,01,38,"RA","NSF","ἡ","ἡ","ἡ","ὁ"
42,01,38,"N","NSF","δούλη","δούλη","δούλη","δούλη"
42,01,38,"N","GSM","κυρίου·","κυρίου","κυρίου","κύριος"
42,01,38,"V","3AMO-S","γένοιτό","γένοιτό","γένοιτο","γίνομαι"
42,01,38,"RP","DS","μοι","μοι","μοι","ἐγώ"
42,01,38,"P",NULL,"κατὰ","κατὰ","κατά","κατά"
42,01,38,"RA","ASN","τὸ","τὸ","τό","ὁ"
42,01,38,"N","ASN","ῥῆμά","ῥῆμά","ῥῆμα","ῥῆμα"
42,01,38,"RP","GS","σου.","σου","σου","σύ"
42,01,38,"C",NULL,"καὶ","καὶ","καί","καί"
42,01,38,"V","3AAI-S","ἀπῆλθεν","ἀπῆλθεν","ἀπῆλθε(ν)","ἀπέρχομαι"
42,01,38,"P",NULL,"ἀπ’","ἀπ’","ἀπό","ἀπό"
42,01,38,"RP","GSF","αὐτῆς","αὐτῆς","αὐτῆς","αὐτός"
42,01,38,"RA","NSM","ὁ","ὁ","ὁ","ὁ"
42,01,38,"N","NSM","ἄγγελος.","ἄγγελος","ἄγγελος","ἄγγελος"
42,01,39,"V","AAPNSF","Ἀναστᾶσα","Ἀναστᾶσα","ἀναστᾶσα","ἀνίστημι"
42,01,39,"C",NULL,"δὲ","δὲ","δέ","δέ"
42,01,39,"N","NSF","Μαριὰμ","Μαριὰμ","Μαριάμ","Μαριάμ"
42,01,39,"P",NULL,"ἐν","ἐν","ἐν","ἐν"
42,01,39,"RA","DPF","ταῖς","ταῖς","ταῖς","ὁ"
42,01,39,"N","DPF","ἡμέραις","ἡμέραις","ἡμέραις","ἡμέρα"
42,01,39,"RD","DPF","ταύταις","ταύταις","ταύταις","οὗτος"
42,01,39,"V","3API-S","ἐπορεύθη","ἐπορεύθη","ἐπορεύθη","πορεύομαι"
42,01,39,"P",NULL,"εἰς","εἰς","εἰς","εἰς"
42,01,39,"RA","ASF","τὴν","τὴν","τήν","ὁ"
42,01,39,"A","ASF","ὀρεινὴν","ὀρεινὴν","ὀρεινήν","ὀρεινός"
42,01,39,"P",NULL,"μετὰ","μετὰ","μετά","μετά"
42,01,39,"N","GSF","σπουδῆς","σπουδῆς","σπουδῆς","σπουδή"
42,01,39,"P",NULL,"εἰς","εἰς","εἰς","εἰς"
42,01,39,"N","ASF","πόλιν","πόλιν","πόλιν","πόλις"
42,01,39,"N","GSM","Ἰούδα,","Ἰούδα","Ἰούδα","Ἰούδας"
42,01,40,"C",NULL,"καὶ","καὶ","καί","καί"
42,01,40,"V","3AAI-S","εἰσῆλθεν","εἰσῆλθεν","εἰσῆλθε(ν)","εἰσέρχομαι"
42,01,40,"P",NULL,"εἰς","εἰς","εἰς","εἰς"
42,01,40,"RA","ASM","τὸν","τὸν","τόν","ὁ"
42,01,40,"N","ASM","οἶκον","οἶκον","οἶκον","οἶκος"
42,01,40,"N","GSM","Ζαχαρίου","Ζαχαρίου","Ζαχαρίου","Ζαχαρίας"
42,01,40,"C",NULL,"καὶ","καὶ","καί","καί"
42,01,40,"V","3AMI-S","ἠσπάσατο","ἠσπάσατο","ἠσπάσατο","ἀσπάζομαι"
42,01,40,"RA","ASF","τὴν","τὴν","τήν","ὁ"
42,01,40,"N","ASF","Ἐλισάβετ.","Ἐλισάβετ","Ἐλισάβετ","Ἐλισάβετ"
42,01,41,"C",NULL,"καὶ","καὶ","καί","καί"
42,01,41,"V","3AMI-S","ἐγένετο","ἐγένετο","ἐγένετο","γίνομαι"
42,01,41,"C",NULL,"ὡς","ὡς","ὡς","ὡς"
42,01,41,"V","3AAI-S","ἤκουσεν","ἤκουσεν","ἤκουσε(ν)","ἀκούω"
42,01,41,"RA","ASM","⸂τὸν","τὸν","τόν","ὁ"
42,01,41,"N","ASM","ἀσπασμὸν","ἀσπασμὸν","ἀσπασμόν","ἀσπασμός"
42,01,41,"RA","GSF","τῆς","τῆς","τῆς","ὁ"
42,01,41,"N","GSF","Μαρίας","Μαρίας","Μαρίας","Μαρία"
42,01,41,"RA","NSF","ἡ","ἡ","ἡ","ὁ"
42,01,41,"N","NSF","Ἐλισάβετ⸃,","Ἐλισάβετ","Ἐλισάβετ","Ἐλισάβετ"
42,01,41,"V","3AAI-S","ἐσκίρτησεν","ἐσκίρτησεν","ἐσκίρτησε(ν)","σκιρτάω"
42,01,41,"RA","NSN","τὸ","τὸ","τό","ὁ"
42,01,41,"N","NSN","βρέφος","βρέφος","βρέφος","βρέφος"
42,01,41,"P",NULL,"ἐν","ἐν","ἐν","ἐν"
42,01,41,"RA","DSF","τῇ","τῇ","τῇ","ὁ"
42,01,41,"N","DSF","κοιλίᾳ","κοιλίᾳ","κοιλίᾳ","κοιλία"
42,01,41,"RP","GSF","αὐτῆς,","αὐτῆς","αὐτῆς","αὐτός"
42,01,41,"C",NULL,"καὶ","καὶ","καί","καί"
42,01,41,"V","3API-S","ἐπλήσθη","ἐπλήσθη","ἐπλήσθη","πίμπλημι"
42,01,41,"N","GSN","πνεύματος","πνεύματος","πνεύματος","πνεῦμα"
42,01,41,"A","GSN","ἁγίου","ἁγίου","ἁγίου","ἅγιος"
42,01,41,"RA","NSF","ἡ","ἡ","ἡ","ὁ"
42,01,41,"N","NSF","Ἐλισάβετ,","Ἐλισάβετ","Ἐλισάβετ","Ἐλισάβετ"
42,01,42,"C",NULL,"καὶ","καὶ","καί","καί"
42,01,42,"V","3AAI-S","ἀνεφώνησεν","ἀνεφώνησεν","ἀνεφώνησε(ν)","ἀναφωνέω"
42,01,42,"N","DSF","⸀κραυγῇ","κραυγῇ","κραυγῇ","κραυγή"
42,01,42,"A","DSF","μεγάλῃ","μεγάλῃ","μεγάλῃ","μέγας"
42,01,42,"C",NULL,"καὶ","καὶ","καί","καί"
42,01,42,"V","3AAI-S","εἶπεν·","εἶπεν","εἶπε(ν)","λέγω"
42,01,42,"V","XPPNSF","Εὐλογημένη","Εὐλογημένη","εὐλογημένη","εὐλογέω"
42,01,42,"RP","NS","σὺ","σὺ","σύ","σύ"
42,01,42,"P",NULL,"ἐν","ἐν","ἐν","ἐν"
42,01,42,"N","DPF","γυναιξίν,","γυναιξίν","γυναιξί(ν)","γυνή"
42,01,42,"C",NULL,"καὶ","καὶ","καί","καί"
42,01,42,"V","XPPNSM","εὐλογημένος","εὐλογημένος","εὐλογημένος","εὐλογέω"
42,01,42,"RA","NSM","ὁ","ὁ","ὁ","ὁ"
42,01,42,"N","NSM","καρπὸς","καρπὸς","καρπός","καρπός"
42,01,42,"RA","GSF","τῆς","τῆς","τῆς","ὁ"
42,01,42,"N","GSF","κοιλίας","κοιλίας","κοιλίας","κοιλία"
42,01,42,"RP","GS","σου.","σου","σου","σύ"
42,01,43,"C",NULL,"καὶ","καὶ","καί","καί"
42,01,43,"D",NULL,"πόθεν","πόθεν","πόθεν","πόθεν"
42,01,43,"RP","DS","μοι","μοι","μοι","ἐγώ"
42,01,43,"RD","NSN","τοῦτο","τοῦτο","τοῦτο","οὗτος"
42,01,43,"D",NULL,"ἵνα","ἵνα","ἵνα","ἵνα"
42,01,43,"V","3AAS-S","ἔλθῃ","ἔλθῃ","ἔλθῃ","ἔρχομαι"
42,01,43,"RA","NSF","ἡ","ἡ","ἡ","ὁ"
42,01,43,"N","NSF","μήτηρ","μήτηρ","μήτηρ","μήτηρ"
42,01,43,"RA","GSM","τοῦ","τοῦ","τοῦ","ὁ"
42,01,43,"N","GSM","κυρίου","κυρίου","κυρίου","κύριος"
42,01,43,"RP","GS","μου","μου","μου","ἐγώ"
42,01,43,"P",NULL,"πρὸς","πρὸς","πρός","πρός"
42,01,43,"RP","AS","⸀ἐμέ;","ἐμέ","ἐμέ","ἐγώ"
42,01,44,"X",NULL,"ἰδοὺ","ἰδοὺ","ἰδού","ἰδού"
42,01,44,"C",NULL,"γὰρ","γὰρ","γάρ","γάρ"
42,01,44,"C",NULL,"ὡς","ὡς","ὡς","ὡς"
42,01,44,"V","3AMI-S","ἐγένετο","ἐγένετο","ἐγένετο","γίνομαι"
42,01,44,"RA","NSF","ἡ","ἡ","ἡ","ὁ"
42,01,44,"N","NSF","φωνὴ","φωνὴ","φωνή","φωνή"
42,01,44,"RA","GSM","τοῦ","τοῦ","τοῦ","ὁ"
42,01,44,"N","GSM","ἀσπασμοῦ","ἀσπασμοῦ","ἀσπασμοῦ","ἀσπασμός"
42,01,44,"RP","GS","σου","σου","σου","σύ"
42,01,44,"P",NULL,"εἰς","εἰς","εἰς","εἰς"
42,01,44,"RA","APN","τὰ","τὰ","τά","ὁ"
42,01,44,"N","APN","ὦτά","ὦτά","ὦτα","οὖς"
42,01,44,"RP","GS","μου,","μου","μου","ἐγώ"
42,01,44,"V","3AAI-S","ἐσκίρτησεν","ἐσκίρτησεν","ἐσκίρτησε(ν)","σκιρτάω"
42,01,44,"P",NULL,"⸂ἐν","ἐν","ἐν","ἐν"
42,01,44,"N","DSF","ἀγαλλιάσει","ἀγαλλιάσει","ἀγαλλιάσει","ἀγαλλίασις"
42,01,44,"RA","NSN","τὸ","τὸ","τό","ὁ"
42,01,44,"N","NSN","βρέφος⸃","βρέφος","βρέφος","βρέφος"
42,01,44,"P",NULL,"ἐν","ἐν","ἐν","ἐν"
42,01,44,"RA","DSF","τῇ","τῇ","τῇ","ὁ"
42,01,44,"N","DSF","κοιλίᾳ","κοιλίᾳ","κοιλίᾳ","κοιλία"
42,01,44,"RP","GS","μου.","μου","μου","ἐγώ"
42,01,45,"C",NULL,"καὶ","καὶ","καί","καί"
42,01,45,"A","NSF","μακαρία","μακαρία","μακαρία","μακάριος"
42,01,45,"RA","NSF","ἡ","ἡ","ἡ","ὁ"
42,01,45,"V","AAPNSF","πιστεύσασα","πιστεύσασα","πιστεύσασα","πιστεύω"
42,01,45,"C",NULL,"ὅτι","ὅτι","ὅτι","ὅτι"
42,01,45,"V","3FMI-S","ἔσται","ἔσται","ἔσται","εἰμί"
42,01,45,"N","NSF","τελείωσις","τελείωσις","τελείωσις","τελείωσις"
42,01,45,"RA","DPN","τοῖς","τοῖς","τοῖς","ὁ"
42,01,45,"V","XPPDPN","λελαλημένοις","λελαλημένοις","λελαλημένοις","λαλέω"
42,01,45,"RP","DSF","αὐτῇ","αὐτῇ","αὐτῇ","αὐτός"
42,01,45,"P",NULL,"παρὰ","παρὰ","παρά","παρά"
42,01,45,"N","GSM","κυρίου.","κυρίου","κυρίου","κύριος"
42,01,46,"C",NULL,"Καὶ","Καὶ","καί","καί"
42,01,46,"V","3AAI-S","εἶπεν","εἶπεν","εἶπε(ν)","λέγω"
42,01,46,"N","NSF","Μαριάμ·","Μαριάμ","Μαριάμ","Μαριάμ"
42,01,46,"V","3PAI-S","Μεγαλύνει","Μεγαλύνει","μεγαλύνει","μεγαλύνω"
42,01,46,"RA","NSF","ἡ","ἡ","ἡ","ὁ"
42,01,46,"N","NSF","ψυχή","ψυχή","ψυχή","ψυχή"
42,01,46,"RP","GS","μου","μου","μου","ἐγώ"
42,01,46,"RA","ASM","τὸν","τὸν","τόν","ὁ"
42,01,46,"N","ASM","κύριον,","κύριον","κύριον","κύριος"
42,01,47,"C",NULL,"καὶ","καὶ","καί","καί"
42,01,47,"V","3AAI-S","ἠγαλλίασεν","ἠγαλλίασεν","ἠγαλλίασε(ν)","ἀγαλλιάω"
42,01,47,"RA","NSN","τὸ","τὸ","τό","ὁ"
42,01,47,"N","NSN","πνεῦμά","πνεῦμά","πνεῦμα","πνεῦμα"
42,01,47,"RP","GS","μου","μου","μου","ἐγώ"
42,01,47,"P",NULL,"ἐπὶ","ἐπὶ","ἐπί","ἐπί"
42,01,47,"RA","DSM","τῷ","τῷ","τῷ","ὁ"
42,01,47,"N","DSM","θεῷ","θεῷ","θεῷ","θεός"
42,01,47,"RA","DSM","τῷ","τῷ","τῷ","ὁ"
42,01,47,"N","DSM","σωτῆρί","σωτῆρί","σωτῆρι","σωτήρ"
42,01,47,"RP","GS","μου·","μου","μου","ἐγώ"
42,01,48,"C",NULL,"ὅτι","ὅτι","ὅτι","ὅτι"
42,01,48,"V","3AAI-S","ἐπέβλεψεν","ἐπέβλεψεν","ἐπέβλεψε(ν)","ἐπιβλέπω"
42,01,48,"P",NULL,"ἐπὶ","ἐπὶ","ἐπί","ἐπί"
42,01,48,"RA","ASF","τὴν","τὴν","τήν","ὁ"
42,01,48,"N","ASF","ταπείνωσιν","ταπείνωσιν","ταπείνωσιν","ταπείνωσις"
42,01,48,"RA","GSF","τῆς","τῆς","τῆς","ὁ"
42,01,48,"N","GSF","δούλης","δούλης","δούλης","δούλη"
42,01,48,"RP","GSM","αὐτοῦ,","αὐτοῦ","αὐτοῦ","αὐτός"
42,01,48,"X",NULL,"ἰδοὺ","ἰδοὺ","ἰδού","ἰδού"
42,01,48,"C",NULL,"γὰρ","γὰρ","γάρ","γάρ"
42,01,48,"P",NULL,"ἀπὸ","ἀπὸ","ἀπό","ἀπό"
42,01,48,"RA","GSM","τοῦ","τοῦ","τοῦ","ὁ"
42,01,48,"D",NULL,"νῦν","νῦν","νῦν","νῦν"
42,01,48,"V","3FAI-P","μακαριοῦσίν","μακαριοῦσίν","μακαριοῦσι(ν)","μακαρίζω"
42,01,48,"RP","AS","με","με","με","ἐγώ"
42,01,48,"A","NPF","πᾶσαι","πᾶσαι","πᾶσαι","πᾶς"
42,01,48,"RA","NPF","αἱ","αἱ","αἱ","ὁ"
42,01,48,"N","NPF","γενεαί·","γενεαί","γενεαί","γενεά"
42,01,49,"C",NULL,"ὅτι","ὅτι","ὅτι","ὅτι"
42,01,49,"V","3AAI-S","ἐποίησέν","ἐποίησέν","ἐποίησε(ν)","ποιέω"
42,01,49,"RP","DS","μοι","μοι","μοι","ἐγώ"
42,01,49,"A","APN","⸀μεγάλα","μεγάλα","μεγάλα","μέγας"
42,01,49,"RA","NSM","ὁ","ὁ","ὁ","ὁ"
42,01,49,"A","NSM","δυνατός,","δυνατός","δυνατός","δυνατός"
42,01,49,"C",NULL,"καὶ","καὶ","καί","καί"
42,01,49,"A","NSN","ἅγιον","ἅγιον","ἅγιον","ἅγιος"
42,01,49,"RA","NSN","τὸ","τὸ","τό","ὁ"
42,01,49,"N","NSN","ὄνομα","ὄνομα","ὄνομα","ὄνομα"
42,01,49,"RP","GSM","αὐτοῦ,","αὐτοῦ","αὐτοῦ","αὐτός"
42,01,50,"C",NULL,"καὶ","καὶ","καί","καί"
42,01,50,"RA","NSN","τὸ","τὸ","τό","ὁ"
42,01,50,"N","NSN","ἔλεος","ἔλεος","ἔλεος","ἔλεος"
42,01,50,"RP","GSM","αὐτοῦ","αὐτοῦ","αὐτοῦ","αὐτός"
42,01,50,"P",NULL,"εἰς","εἰς","εἰς","εἰς"
42,01,50,"N","APF","γενεὰς","γενεὰς","γενεάς","γενεά"
42,01,50,"C",NULL,"⸂καὶ","καὶ","καί","καί"
42,01,50,"N","APF","γενεὰς⸃","γενεὰς","γενεάς","γενεά"
42,01,50,"RA","DPM","τοῖς","τοῖς","τοῖς","ὁ"
42,01,50,"V","PMPDPM","φοβουμένοις","φοβουμένοις","φοβουμένοις","φοβέομαι"
42,01,50,"RP","ASM","αὐτόν.","αὐτόν","αὐτόν","αὐτός"
42,01,51,"V","3AAI-S","Ἐποίησεν","Ἐποίησεν","ἐποίησε(ν)","ποιέω"
42,01,51,"N","ASN","κράτος","κράτος","κράτος","κράτος"
42,01,51,"P",NULL,"ἐν","ἐν","ἐν","ἐν"
42,01,51,"N","DSM","βραχίονι","βραχίονι","βραχίονι","βραχίων"
42,01,51,"RP","GSM","αὐτοῦ,","αὐτοῦ","αὐτοῦ","αὐτός"
42,01,51,"V","3AAI-S","διεσκόρπισεν","διεσκόρπισεν","διεσκόρπισε(ν)","διασκορπίζω"
42,01,51,"A","APM","ὑπερηφάνους","ὑπερηφάνους","ὑπερηφάνους","ὑπερήφανος"
42,01,51,"N","DSF","διανοίᾳ","διανοίᾳ","διανοίᾳ","διάνοια"
42,01,51,"N","GSF","καρδίας","καρδίας","καρδίας","καρδία"
42,01,51,"RP","GPM","αὐτῶν·","αὐτῶν","αὐτῶν","αὐτός"
42,01,52,"V","3AAI-S","καθεῖλεν","καθεῖλεν","καθεῖλε(ν)","καθαιρέω"
42,01,52,"N","APM","δυνάστας","δυνάστας","δυνάστας","δυνάστης"
42,01,52,"P",NULL,"ἀπὸ","ἀπὸ","ἀπό","ἀπό"
42,01,52,"N","GPM","θρόνων","θρόνων","θρόνων","θρόνος"
42,01,52,"C",NULL,"καὶ","καὶ","καί","καί"
42,01,52,"V","3AAI-S","ὕψωσεν","ὕψωσεν","ὕψωσε(ν)","ὑψόω"
42,01,52,"A","APM","ταπεινούς,","ταπεινούς","ταπεινούς","ταπεινός"
42,01,53,"V","PAPAPM","πεινῶντας","πεινῶντας","πεινῶντας","πεινάω"
42,01,53,"V","3AAI-S","ἐνέπλησεν","ἐνέπλησεν","ἐνέπλησε(ν)","ἐμπίμπλημι"
42,01,53,"A","GPN","ἀγαθῶν","ἀγαθῶν","ἀγαθῶν","ἀγαθός"
42,01,53,"C",NULL,"καὶ","καὶ","καί","καί"
42,01,53,"V","PAPAPM","πλουτοῦντας","πλουτοῦντας","πλουτοῦντας","πλουτέω"
42,01,53,"V","3AAI-S","ἐξαπέστειλεν","ἐξαπέστειλεν","ἐξαπέστειλε(ν)","ἐξαποστέλλω"
42,01,53,"A","APM","κενούς.","κενούς","κενούς","κενός"
42,01,54,"V","3AMI-S","ἀντελάβετο","ἀντελάβετο","ἀντελάβετο","ἀντιλαμβάνομαι"
42,01,54,"N","GSM","Ἰσραὴλ","Ἰσραὴλ","Ἰσραήλ","Ἰσραήλ"
42,01,54,"N","GSM","παιδὸς","παιδὸς","παιδός","παῖς"
42,01,54,"RP","GSM","αὐτοῦ,","αὐτοῦ","αὐτοῦ","αὐτός"
42,01,54,"V","APN","μνησθῆναι","μνησθῆναι","μνησθῆναι","μιμνῄσκομαι"
42,01,54,"N","GSN","ἐλέους,","ἐλέους","ἐλέους","ἔλεος"
42,01,55,"C",NULL,"καθὼς","καθὼς","καθώς","καθώς"
42,01,55,"V","3AAI-S","ἐλάλησεν","ἐλάλησεν","ἐλάλησε(ν)","λαλέω"
42,01,55,"P",NULL,"πρὸς","πρὸς","πρός","πρός"
42,01,55,"RA","APM","τοὺς","τοὺς","τούς","ὁ"
42,01,55,"N","APM","πατέρας","πατέρας","πατέρας","πατήρ"
42,01,55,"RP","GP","ἡμῶν,","ἡμῶν","ἡμῶν","ἐγώ"
42,01,55,"RA","DSM","τῷ","τῷ","τῷ","ὁ"
42,01,55,"N","DSM","Ἀβραὰμ","Ἀβραὰμ","Ἀβραάμ","Ἀβραάμ"
42,01,55,"C",NULL,"καὶ","καὶ","καί","καί"
42,01,55,"RA","DSN","τῷ","τῷ","τῷ","ὁ"
42,01,55,"N","DSN","σπέρματι","σπέρματι","σπέρματι","σπέρμα"
42,01,55,"RP","GSM","αὐτοῦ","αὐτοῦ","αὐτοῦ","αὐτός"
42,01,55,"P",NULL,"εἰς","εἰς","εἰς","εἰς"
42,01,55,"RA","ASM","τὸν","τὸν","τόν","ὁ"
42,01,55,"N","ASM","αἰῶνα.","αἰῶνα","αἰῶνα","αἰών"
42,01,56,"V","3AAI-S","Ἔμεινεν","Ἔμεινεν","ἔμεινε(ν)","μένω"
42,01,56,"C",NULL,"δὲ","δὲ","δέ","δέ"
42,01,56,"N","NSF","Μαριὰμ","Μαριὰμ","Μαριάμ","Μαριάμ"
42,01,56,"P",NULL,"σὺν","σὺν","σύν","σύν"
42,01,56,"RP","DSF","αὐτῇ","αὐτῇ","αὐτῇ","αὐτός"
42,01,56,"D",NULL,"⸀ὡς","ὡς","ὡς","ὡς"
42,01,56,"N","APM","μῆνας","μῆνας","μῆνας","μήν"
42,01,56,"A","APM","τρεῖς,","τρεῖς","τρεῖς","τρεῖς"
42,01,56,"C",NULL,"καὶ","καὶ","καί","καί"
42,01,56,"V","3AAI-S","ὑπέστρεψεν","ὑπέστρεψεν","ὑπέστρεψε(ν)","ὑποστρέφω"
42,01,56,"P",NULL,"εἰς","εἰς","εἰς","εἰς"
42,01,56,"RA","ASM","τὸν","τὸν","τόν","ὁ"
42,01,56,"N","ASM","οἶκον","οἶκον","οἶκον","οἶκος"
42,01,56,"RP","GSF","αὐτῆς.","αὐτῆς","αὐτῆς","αὐτός"
42,01,57,"RA","DSF","Τῇ","Τῇ","τῇ","ὁ"
42,01,57,"C",NULL,"δὲ","δὲ","δέ","δέ"
42,01,57,"N","DSF","Ἐλισάβετ","Ἐλισάβετ","Ἐλισάβετ","Ἐλισάβετ"
42,01,57,"V","3API-S","ἐπλήσθη","ἐπλήσθη","ἐπλήσθη","πίμπλημι"
42,01,57,"RA","NSM","ὁ","ὁ","ὁ","ὁ"
42,01,57,"N","NSM","χρόνος","χρόνος","χρόνος","χρόνος"
42,01,57,"RA","GSN","τοῦ","τοῦ","τοῦ","ὁ"
42,01,57,"V","AAN","τεκεῖν","τεκεῖν","τεκεῖν","τίκτω"
42,01,57,"RP","ASF","αὐτήν,","αὐτήν","αὐτήν","αὐτός"
42,01,57,"C",NULL,"καὶ","καὶ","καί","καί"
42,01,57,"V","3AAI-S","ἐγέννησεν","ἐγέννησεν","ἐγέννησε(ν)","γεννάω"
42,01,57,"N","ASM","υἱόν.","υἱόν","υἱόν","υἱός"
42,01,58,"C",NULL,"καὶ","καὶ","καί","καί"
42,01,58,"V","3AAI-P","ἤκουσαν","ἤκουσαν","ἤκουσαν","ἀκούω"
42,01,58,"RA","NPM","οἱ","οἱ","οἱ","ὁ"
42,01,58,"A","NPM","περίοικοι","περίοικοι","περίοικοι","περίοικος"
42,01,58,"C",NULL,"καὶ","καὶ","καί","καί"
42,01,58,"RA","NPM","οἱ","οἱ","οἱ","ὁ"
42,01,58,"A","NPM","συγγενεῖς","συγγενεῖς","συγγενεῖς","συγγενής"
42,01,58,"RP","GSF","αὐτῆς","αὐτῆς","αὐτῆς","αὐτός"
42,01,58,"C",NULL,"ὅτι","ὅτι","ὅτι","ὅτι"
42,01,58,"V","3AAI-S","ἐμεγάλυνεν","ἐμεγάλυνεν","ἐμεγάλυνε(ν)","μεγαλύνω"
42,01,58,"N","NSM","κύριος","κύριος","κύριος","κύριος"
42,01,58,"RA","ASN","τὸ","τὸ","τό","ὁ"
42,01,58,"N","ASN","ἔλεος","ἔλεος","ἔλεος","ἔλεος"
42,01,58,"RP","GSM","αὐτοῦ","αὐτοῦ","αὐτοῦ","αὐτός"
42,01,58,"P",NULL,"μετ’","μετ’","μετά","μετά"
42,01,58,"RP","GSF","αὐτῆς,","αὐτῆς","αὐτῆς","αὐτός"
42,01,58,"C",NULL,"καὶ","καὶ","καί","καί"
42,01,58,"V","3IAI-P","συνέχαιρον","συνέχαιρον","συνέχαιρον","συγχαίρω"
42,01,58,"RP","DSF","αὐτῇ.","αὐτῇ","αὐτῇ","αὐτός"
42,01,59,"C",NULL,"Καὶ","Καὶ","καί","καί"
42,01,59,"V","3AMI-S","ἐγένετο","ἐγένετο","ἐγένετο","γίνομαι"
42,01,59,"P",NULL,"ἐν","ἐν","ἐν","ἐν"
42,01,59,"RA","DSF","τῇ","τῇ","τῇ","ὁ"
42,01,59,"N","DSF","⸂ἡμέρᾳ","ἡμέρᾳ","ἡμέρᾳ","ἡμέρα"
42,01,59,"RA","DSF","τῇ","τῇ","τῇ","ὁ"
42,01,59,"A","DSF","ὀγδόῃ⸃","ὀγδόῃ","ὀγδόῃ","ὄγδοος"
42,01,59,"V","3AAI-P","ἦλθον","ἦλθον","ἦλθον","ἔρχομαι"
42,01,59,"V","AAN","περιτεμεῖν","περιτεμεῖν","περιτεμεῖν","περιτέμνω"
42,01,59,"RA","ASN","τὸ","τὸ","τό","ὁ"
42,01,59,"N","ASN","παιδίον,","παιδίον","παιδίον","παιδίον"
42,01,59,"C",NULL,"καὶ","καὶ","καί","καί"
42,01,59,"V","3IAI-P","ἐκάλουν","ἐκάλουν","ἐκάλουν","καλέω"
42,01,59,"RP","ASN","αὐτὸ","αὐτὸ","αὐτό","αὐτός"
42,01,59,"P",NULL,"ἐπὶ","ἐπὶ","ἐπί","ἐπί"
42,01,59,"RA","DSN","τῷ","τῷ","τῷ","ὁ"
42,01,59,"N","DSN","ὀνόματι","ὀνόματι","ὀνόματι","ὄνομα"
42,01,59,"RA","GSM","τοῦ","τοῦ","τοῦ","ὁ"
42,01,59,"N","GSM","πατρὸς","πατρὸς","πατρός","πατήρ"
42,01,59,"RP","GSM","αὐτοῦ","αὐτοῦ","αὐτοῦ","αὐτός"
42,01,59,"N","ASM","Ζαχαρίαν.","Ζαχαρίαν","Ζαχαρίαν","Ζαχαρίας"
42,01,60,"C",NULL,"καὶ","καὶ","καί","καί"
42,01,60,"V","APPNSF","ἀποκριθεῖσα","ἀποκριθεῖσα","ἀποκριθεῖσα","ἀποκρίνομαι"
42,01,60,"RA","NSF","ἡ","ἡ","ἡ","ὁ"
42,01,60,"N","NSF","μήτηρ","μήτηρ","μήτηρ","μήτηρ"
42,01,60,"RP","GSM","αὐτοῦ","αὐτοῦ","αὐτοῦ","αὐτός"
42,01,60,"V","3AAI-S","εἶπεν·","εἶπεν","εἶπε(ν)","λέγω"
42,01,60,"D",NULL,"Οὐχί,","Οὐχί","οὐχί","οὐχί"
42,01,60,"C",NULL,"ἀλλὰ","ἀλλὰ","ἀλλά","ἀλλά"
42,01,60,"V","3FPI-S","κληθήσεται","κληθήσεται","κληθήσεται","καλέω"
42,01,60,"N","NSM","Ἰωάννης.","Ἰωάννης","Ἰωάννης","Ἰωάννης"
42,01,61,"C",NULL,"καὶ","καὶ","καί","καί"
42,01,61,"V","3AAI-P","εἶπαν","εἶπαν","εἶπαν","λέγω"
42,01,61,"P",NULL,"πρὸς","πρὸς","πρός","πρός"
42,01,61,"RP","ASF","αὐτὴν","αὐτὴν","αὐτήν","αὐτός"
42,01,61,"C",NULL,"ὅτι","ὅτι","ὅτι","ὅτι"
42,01,61,"A","NSM","Οὐδείς","Οὐδείς","οὐδείς","οὐδείς"
42,01,61,"V","3PAI-S","ἐστιν","ἐστιν","ἐστί(ν)","εἰμί"
42,01,61,"P",NULL,"⸂ἐκ","ἐκ","ἐκ","ἐκ"
42,01,61,"RA","GSF","τῆς","τῆς","τῆς","ὁ"
42,01,61,"N","GSF","συγγενείας⸃","συγγενείας","συγγενείας","συγγένεια"
42,01,61,"RP","GS","σου","σου","σου","σύ"
42,01,61,"RR","NSM","ὃς","ὃς","ὅς","ὅς"
42,01,61,"V","3PPI-S","καλεῖται","καλεῖται","καλεῖται","καλέω"
42,01,61,"RA","DSN","τῷ","τῷ","τῷ","ὁ"
42,01,61,"N","DSN","ὀνόματι","ὀνόματι","ὀνόματι","ὄνομα"
42,01,61,"RD","DSN","τούτῳ.","τούτῳ","τούτῳ","οὗτος"
42,01,62,"V","3IAI-P","ἐνένευον","ἐνένευον","ἐνένευον","ἐννεύω"
42,01,62,"C",NULL,"δὲ","δὲ","δέ","δέ"
42,01,62,"RA","DSM","τῷ","τῷ","τῷ","ὁ"
42,01,62,"N","DSM","πατρὶ","πατρὶ","πατρί","πατήρ"
42,01,62,"RP","GSM","αὐτοῦ","αὐτοῦ","αὐτοῦ","αὐτός"
42,01,62,"RA","ASN","τὸ","τὸ","τό","ὁ"
42,01,62,"RI","ASN","τί","τί","τί","τίς"
42,01,62,"X",NULL,"ἂν","ἂν","ἄν","ἄν"
42,01,62,"V","3PAO-S","θέλοι","θέλοι","θέλοι","θέλω"
42,01,62,"V","PPN","καλεῖσθαι","καλεῖσθαι","καλεῖσθαι","καλέω"
42,01,62,"RP","ASN","⸀αὐτό.","αὐτό","αὐτό","αὐτός"
42,01,63,"C",NULL,"καὶ","καὶ","καί","καί"
42,01,63,"V","AAPNSM","αἰτήσας","αἰτήσας","αἰτήσας","αἰτέω"
42,01,63,"N","ASN","πινακίδιον","πινακίδιον","πινακίδιον","πινακίδιον"
42,01,63,"V","3AAI-S","ἔγραψεν","ἔγραψεν","ἔγραψε(ν)","γράφω"
42,01,63,"V","PAPNSM","λέγων·","λέγων","λέγων","λέγω"
42,01,63,"N","NSM","Ἰωάννης","Ἰωάννης","Ἰωάννης","Ἰωάννης"
42,01,63,"V","3PAI-S","⸀ἐστὶν","ἐστὶν","ἐστί(ν)","εἰμί"
42,01,63,"N","NSN","ὄνομα","ὄνομα","ὄνομα","ὄνομα"
42,01,63,"RP","GSM","αὐτοῦ.","αὐτοῦ","αὐτοῦ","αὐτός"
42,01,63,"C",NULL,"καὶ","καὶ","καί","καί"
42,01,63,"V","3AAI-P","ἐθαύμασαν","ἐθαύμασαν","ἐθαύμασαν","θαυμάζω"
42,01,63,"A","NPM","πάντες.","πάντες","πάντες","πᾶς"
42,01,64,"V","3API-S","ἀνεῴχθη","ἀνεῴχθη","ἀνεῴχθη","ἀνοίγω"
42,01,64,"C",NULL,"δὲ","δὲ","δέ","δέ"
42,01,64,"RA","NSN","τὸ","τὸ","τό","ὁ"
42,01,64,"N","NSN","στόμα","στόμα","στόμα","στόμα"
42,01,64,"RP","GSM","αὐτοῦ","αὐτοῦ","αὐτοῦ","αὐτός"
42,01,64,"D",NULL,"παραχρῆμα","παραχρῆμα","παραχρῆμα","παραχρῆμα"
42,01,64,"C",NULL,"καὶ","καὶ","καί","καί"
42,01,64,"RA","NSF","ἡ","ἡ","ἡ","ὁ"
42,01,64,"N","NSF","γλῶσσα","γλῶσσα","γλῶσσα","γλῶσσα"
42,01,64,"RP","GSM","αὐτοῦ,","αὐτοῦ","αὐτοῦ","αὐτός"
42,01,64,"C",NULL,"καὶ","καὶ","καί","καί"
42,01,64,"V","3IAI-S","ἐλάλει","ἐλάλει","ἐλάλει","λαλέω"
42,01,64,"V","PAPNSM","εὐλογῶν","εὐλογῶν","εὐλογῶν","εὐλογέω"
42,01,64,"RA","ASM","τὸν","τὸν","τόν","ὁ"
42,01,64,"N","ASM","θεόν.","θεόν","θεόν","θεός"
42,01,65,"C",NULL,"καὶ","καὶ","καί","καί"
42,01,65,"V","3AMI-S","ἐγένετο","ἐγένετο","ἐγένετο","γίνομαι"
42,01,65,"P",NULL,"ἐπὶ","ἐπὶ","ἐπί","ἐπί"
42,01,65,"A","APM","πάντας","πάντας","πάντας","πᾶς"
42,01,65,"N","NSM","φόβος","φόβος","φόβος","φόβος"
42,01,65,"RA","APM","τοὺς","τοὺς","τούς","ὁ"
42,01,65,"V","PAPAPM","περιοικοῦντας","περιοικοῦντας","περιοικοῦντας","περιοικέω"
42,01,65,"RP","APM","αὐτούς,","αὐτούς","αὐτούς","αὐτός"
42,01,65,"C",NULL,"καὶ","καὶ","καί","καί"
42,01,65,"P",NULL,"ἐν","ἐν","ἐν","ἐν"
42,01,65,"A","DSF","ὅλῃ","ὅλῃ","ὅλῃ","ὅλος"
42,01,65,"RA","DSF","τῇ","τῇ","τῇ","ὁ"
42,01,65,"A","DSF","ὀρεινῇ","ὀρεινῇ","ὀρεινῇ","ὀρεινός"
42,01,65,"RA","GSF","τῆς","τῆς","τῆς","ὁ"
42,01,65,"N","GSF","Ἰουδαίας","Ἰουδαίας","Ἰουδαίας","Ἰουδαία"
42,01,65,"V","3IPI-S","διελαλεῖτο","διελαλεῖτο","διελαλεῖτο","διαλαλέω"
42,01,65,"A","NPN","πάντα","πάντα","πάντα","πᾶς"
42,01,65,"RA","NPN","τὰ","τὰ","τά","ὁ"
42,01,65,"N","NPN","ῥήματα","ῥήματα","ῥήματα","ῥῆμα"
42,01,65,"RD","NPN","ταῦτα,","ταῦτα","ταῦτα","οὗτος"
42,01,66,"C",NULL,"καὶ","καὶ","καί","καί"
42,01,66,"V","3AMI-P","ἔθεντο","ἔθεντο","ἔθεντο","τίθημι"
42,01,66,"A","NPM","πάντες","πάντες","πάντες","πᾶς"
42,01,66,"RA","NPM","οἱ","οἱ","οἱ","ὁ"
42,01,66,"V","AAPNPM","ἀκούσαντες","ἀκούσαντες","ἀκούσαντες","ἀκούω"
42,01,66,"P",NULL,"ἐν","ἐν","ἐν","ἐν"
42,01,66,"RA","DSF","τῇ","τῇ","τῇ","ὁ"
42,01,66,"N","DSF","καρδίᾳ","καρδίᾳ","καρδίᾳ","καρδία"
42,01,66,"RP","GPM","αὐτῶν,","αὐτῶν","αὐτῶν","αὐτός"
42,01,66,"V","PAPNPM","λέγοντες·","λέγοντες","λέγοντες","λέγω"
42,01,66,"RI","NSN","Τί","Τί","τί","τίς"
42,01,66,"C",NULL,"ἄρα","ἄρα","ἄρα","ἄρα"
42,01,66,"RA","NSN","τὸ","τὸ","τό","ὁ"
42,01,66,"N","NSN","παιδίον","παιδίον","παιδίον","παιδίον"
42,01,66,"RD","NSN","τοῦτο","τοῦτο","τοῦτο","οὗτος"
42,01,66,"V","3FMI-S","ἔσται;","ἔσται","ἔσται","εἰμί"
42,01,66,"D",NULL,"καὶ","καὶ","καί","καί"
42,01,66,"C",NULL,"⸀γὰρ","γὰρ","γάρ","γάρ"
42,01,66,"N","NSF","χεὶρ","χεὶρ","χείρ","χείρ"
42,01,66,"N","GSM","κυρίου","κυρίου","κυρίου","κύριος"
42,01,66,"V","3IAI-S","ἦν","ἦν","ἦν","εἰμί"
42,01,66,"P",NULL,"μετ’","μετ’","μετά","μετά"
42,01,66,"RP","GSM","αὐτοῦ.","αὐτοῦ","αὐτοῦ","αὐτός"
42,01,67,"C",NULL,"Καὶ","Καὶ","καί","καί"
42,01,67,"N","NSM","Ζαχαρίας","Ζαχαρίας","Ζαχαρίας","Ζαχαρίας"
42,01,67,"RA","NSM","ὁ","ὁ","ὁ","ὁ"
42,01,67,"N","NSM","πατὴρ","πατὴρ","πατήρ","πατήρ"
42,01,67,"RP","GSM","αὐτοῦ","αὐτοῦ","αὐτοῦ","αὐτός"
42,01,67,"V","3API-S","ἐπλήσθη","ἐπλήσθη","ἐπλήσθη","πίμπλημι"
42,01,67,"N","GSN","πνεύματος","πνεύματος","πνεύματος","πνεῦμα"
42,01,67,"A","GSN","ἁγίου","ἁγίου","ἁγίου","ἅγιος"
42,01,67,"C",NULL,"καὶ","καὶ","καί","καί"
42,01,67,"V","3AAI-S","⸀ἐπροφήτευσεν","ἐπροφήτευσεν","ἐπροφήτευσε(ν)","προφητεύω"
42,01,67,"V","PAPNSM","λέγων·","λέγων","λέγων","λέγω"
42,01,68,"A","NSM","Εὐλογητὸς","Εὐλογητὸς","εὐλογητός","εὐλογητός"
42,01,68,"N","NSM","κύριος","κύριος","κύριος","κύριος"
42,01,68,"RA","NSM","ὁ","ὁ","ὁ","ὁ"
42,01,68,"N","NSM","θεὸς","θεὸς","θεός","θεός"
42,01,68,"RA","GSM","τοῦ","τοῦ","τοῦ","ὁ"
42,01,68,"N","GSM","Ἰσραήλ,","Ἰσραήλ","Ἰσραήλ","Ἰσραήλ"
42,01,68,"C",NULL,"ὅτι","ὅτι","ὅτι","ὅτι"
42,01,68,"V","3AMI-S","ἐπεσκέψατο","ἐπεσκέψατο","ἐπεσκέψατο","ἐπισκέπτομαι"
42,01,68,"C",NULL,"καὶ","καὶ","καί","καί"
42,01,68,"V","3AAI-S","ἐποίησεν","ἐποίησεν","ἐποίησε(ν)","ποιέω"
42,01,68,"N","ASF","λύτρωσιν","λύτρωσιν","λύτρωσιν","λύτρωσις"
42,01,68,"RA","DSM","τῷ","τῷ","τῷ","ὁ"
42,01,68,"N","DSM","λαῷ","λαῷ","λαῷ","λαός"
42,01,68,"RP","GSM","αὐτοῦ,","αὐτοῦ","αὐτοῦ","αὐτός"
42,01,69,"C",NULL,"καὶ","καὶ","καί","καί"
42,01,69,"V","3AAI-S","ἤγειρεν","ἤγειρεν","ἤγειρε(ν)","ἐγείρω"
42,01,69,"N","ASN","κέρας","κέρας","κέρας","κέρας"
42,01,69,"N","GSF","σωτηρίας","σωτηρίας","σωτηρίας","σωτηρία"
42,01,69,"RP","DP","ἡμῖν","ἡμῖν","ἡμῖν","ἐγώ"
42,01,69,"P",NULL,"⸀ἐν","ἐν","ἐν","ἐν"
42,01,69,"N","DSM","οἴκῳ","οἴκῳ","οἴκῳ","οἶκος"
42,01,69,"N","GSM","⸀Δαυὶδ","Δαυὶδ","Δαυίδ","Δαυίδ"
42,01,69,"N","GSM","παιδὸς","παιδὸς","παιδός","παῖς"
42,01,69,"RP","GSM","αὐτοῦ,","αὐτοῦ","αὐτοῦ","αὐτός"
42,01,70,"C",NULL,"καθὼς","καθὼς","καθώς","καθώς"
42,01,70,"V","3AAI-S","ἐλάλησεν","ἐλάλησεν","ἐλάλησε(ν)","λαλέω"
42,01,70,"P",NULL,"διὰ","διὰ","διά","διά"
42,01,70,"N","GSN","στόματος","στόματος","στόματος","στόμα"
42,01,70,"RA","GPM","τῶν","τῶν","τῶν","ὁ"
42,01,70,"A","GPM","⸀ἁγίων","ἁγίων","ἁγίων","ἅγιος"
42,01,70,"P",NULL,"ἀπ’","ἀπ’","ἀπό","ἀπό"
42,01,70,"N","GSM","αἰῶνος","αἰῶνος","αἰῶνος","αἰών"
42,01,70,"N","GPM","προφητῶν","προφητῶν","προφητῶν","προφήτης"
42,01,70,"RP","GSM","αὐτοῦ,","αὐτοῦ","αὐτοῦ","αὐτός"
42,01,71,"N","ASF","σωτηρίαν","σωτηρίαν","σωτηρίαν","σωτηρία"
42,01,71,"P",NULL,"ἐξ","ἐξ","ἐκ","ἐκ"
42,01,71,"A","GPM","ἐχθρῶν","ἐχθρῶν","ἐχθρῶν","ἐχθρός"
42,01,71,"RP","GP","ἡμῶν","ἡμῶν","ἡμῶν","ἐγώ"
42,01,71,"C",NULL,"καὶ","καὶ","καί","καί"
42,01,71,"P",NULL,"ἐκ","ἐκ","ἐκ","ἐκ"
42,01,71,"N","GSF","χειρὸς","χειρὸς","χειρός","χείρ"
42,01,71,"A","GPM","πάντων","πάντων","πάντων","πᾶς"
42,01,71,"RA","GPM","τῶν","τῶν","τῶν","ὁ"
42,01,71,"V","PAPGPM","μισούντων","μισούντων","μισούντων","μισέω"
42,01,71,"RP","AP","ἡμᾶς,","ἡμᾶς","ἡμᾶς","ἐγώ"
42,01,72,"V","AAN","ποιῆσαι","ποιῆσαι","ποιῆσαι","ποιέω"
42,01,72,"N","ASN","ἔλεος","ἔλεος","ἔλεος","ἔλεος"
42,01,72,"P",NULL,"μετὰ","μετὰ","μετά","μετά"
42,01,72,"RA","GPM","τῶν","τῶν","τῶν","ὁ"
42,01,72,"N","GPM","πατέρων","πατέρων","πατέρων","πατήρ"
42,01,72,"RP","GP","ἡμῶν","ἡμῶν","ἡμῶν","ἐγώ"
42,01,72,"C",NULL,"καὶ","καὶ","καί","καί"
42,01,72,"V","APN","μνησθῆναι","μνησθῆναι","μνησθῆναι","μιμνῄσκομαι"
42,01,72,"N","GSF","διαθήκης","διαθήκης","διαθήκης","διαθήκη"
42,01,72,"A","GSF","ἁγίας","ἁγίας","ἁγίας","ἅγιος"
42,01,72,"RP","GSM","αὐτοῦ,","αὐτοῦ","αὐτοῦ","αὐτός"
42,01,73,"N","ASM","ὅρκον","ὅρκον","ὅρκον","ὅρκος"
42,01,73,"RR","ASM","ὃν","ὃν","ὅν","ὅς"
42,01,73,"V","3AAI-S","ὤμοσεν","ὤμοσεν","ὤμοσε(ν)","ὀμνύω"
42,01,73,"P",NULL,"πρὸς","πρὸς","πρός","πρός"
42,01,73,"N","ASM","Ἀβραὰμ","Ἀβραὰμ","Ἀβραάμ","Ἀβραάμ"
42,01,73,"RA","ASM","τὸν","τὸν","τόν","ὁ"
42,01,73,"N","ASM","πατέρα","πατέρα","πατέρα","πατήρ"
42,01,73,"RP","GP","ἡμῶν,","ἡμῶν","ἡμῶν","ἐγώ"
42,01,73,"RA","GSN","τοῦ","τοῦ","τοῦ","ὁ"
42,01,73,"V","AAN","δοῦναι","δοῦναι","δοῦναι","δίδωμι"
42,01,73,"RP","DP","ἡμῖν","ἡμῖν","ἡμῖν","ἐγώ"
42,01,74,"D",NULL,"ἀφόβως","ἀφόβως","ἀφόβως","ἀφόβως"
42,01,74,"P",NULL,"ἐκ","ἐκ","ἐκ","ἐκ"
42,01,74,"N","GSF","χειρὸς","χειρὸς","χειρός","χείρ"
42,01,74,"A","GPM","⸀ἐχθρῶν","ἐχθρῶν","ἐχθρῶν","ἐχθρός"
42,01,74,"V","APPAPM","ῥυσθέντας","ῥυσθέντας","ῥυσθέντας","ῥύομαι"
42,01,74,"V","PAN","λατρεύειν","λατρεύειν","λατρεύειν","λατρεύω"
42,01,74,"RP","DSM","αὐτῷ","αὐτῷ","αὐτῷ","αὐτός"
42,01,75,"P",NULL,"ἐν","ἐν","ἐν","ἐν"
42,01,75,"N","DSF","ὁσιότητι","ὁσιότητι","ὁσιότητι","ὁσιότης"
42,01,75,"C",NULL,"καὶ","καὶ","καί","καί"
42,01,75,"N","DSF","δικαιοσύνῃ","δικαιοσύνῃ","δικαιοσύνῃ","δικαιοσύνη"
42,01,75,"P",NULL,"ἐνώπιον","ἐνώπιον","ἐνώπιον","ἐνώπιον"
42,01,75,"RP","GSM","αὐτοῦ","αὐτοῦ","αὐτοῦ","αὐτός"
42,01,75,"A","DPF","⸂πάσαις","πάσαις","πάσαις","πᾶς"
42,01,75,"RA","DPF","ταῖς","ταῖς","ταῖς","ὁ"
42,01,75,"N","DPF","ἡμέραις⸃","ἡμέραις","ἡμέραις","ἡμέρα"
42,01,75,"RP","GP","ἡμῶν.","ἡμῶν","ἡμῶν","ἐγώ"
42,01,76,"D",NULL,"καὶ","καὶ","καί","καί"
42,01,76,"RP","NS","σὺ","σὺ","σύ","σύ"
42,01,76,"C",NULL,"⸀δέ,","δέ","δέ","δέ"
42,01,76,"N","VSN","παιδίον,","παιδίον","παιδίον","παιδίον"
42,01,76,"N","NSM","προφήτης","προφήτης","προφήτης","προφήτης"
42,01,76,"A","GSMS","Ὑψίστου","Ὑψίστου","ὑψίστου","ὕψιστος"
42,01,76,"V","2FPI-S","κληθήσῃ,","κληθήσῃ","κληθήσῃ","καλέω"
42,01,76,"V","2FMI-S","προπορεύσῃ","προπορεύσῃ","προπορεύσῃ","προπορεύομαι"
42,01,76,"C",NULL,"γὰρ","γὰρ","γάρ","γάρ"
42,01,76,"P",NULL,"⸀ἐνώπιον","ἐνώπιον","ἐνώπιον","ἐνώπιον"
42,01,76,"N","GSM","κυρίου","κυρίου","κυρίου","κύριος"
42,01,76,"V","AAN","ἑτοιμάσαι","ἑτοιμάσαι","ἑτοιμάσαι","ἑτοιμάζω"
42,01,76,"N","APF","ὁδοὺς","ὁδοὺς","ὁδούς","ὁδός"
42,01,76,"RP","GSM","αὐτοῦ,","αὐτοῦ","αὐτοῦ","αὐτός"
42,01,77,"RA","GSN","τοῦ","τοῦ","τοῦ","ὁ"
42,01,77,"V","AAN","δοῦναι","δοῦναι","δοῦναι","δίδωμι"
42,01,77,"N","ASF","γνῶσιν","γνῶσιν","γνῶσιν","γνῶσις"
42,01,77,"N","GSF","σωτηρίας","σωτηρίας","σωτηρίας","σωτηρία"
42,01,77,"RA","DSM","τῷ","τῷ","τῷ","ὁ"
42,01,77,"N","DSM","λαῷ","λαῷ","λαῷ","λαός"
42,01,77,"RP","GSM","αὐτοῦ","αὐτοῦ","αὐτοῦ","αὐτός"
42,01,77,"P",NULL,"ἐν","ἐν","ἐν","ἐν"
42,01,77,"N","DSF","ἀφέσει","ἀφέσει","ἀφέσει","ἄφεσις"
42,01,77,"N","GPF","ἁμαρτιῶν","ἁμαρτιῶν","ἁμαρτιῶν","ἁμαρτία"
42,01,77,"RP","GPM","αὐτῶν,","αὐτῶν","αὐτῶν","αὐτός"
42,01,78,"P",NULL,"διὰ","διὰ","διά","διά"
42,01,78,"N","APN","σπλάγχνα","σπλάγχνα","σπλάγχνα","σπλάγχνον"
42,01,78,"N","GSN","ἐλέους","ἐλέους","ἐλέους","ἔλεος"
42,01,78,"N","GSM","θεοῦ","θεοῦ","θεοῦ","θεός"
42,01,78,"RP","GP","ἡμῶν,","ἡμῶν","ἡμῶν","ἐγώ"
42,01,78,"P",NULL,"ἐν","ἐν","ἐν","ἐν"
42,01,78,"RR","DPN","οἷς","οἷς","οἷς","ὅς"
42,01,78,"V","3FMI-S","⸀ἐπισκέψεται","ἐπισκέψεται","ἐπισκέψεται","ἐπισκέπτομαι"
42,01,78,"RP","AP","ἡμᾶς","ἡμᾶς","ἡμᾶς","ἐγώ"
42,01,78,"N","NSF","ἀνατολὴ","ἀνατολὴ","ἀνατολή","ἀνατολή"
42,01,78,"P",NULL,"ἐξ","ἐξ","ἐκ","ἐκ"
42,01,78,"N","GSN","ὕψους,","ὕψους","ὕψους","ὕψος"
42,01,79,"V","AAN","ἐπιφᾶναι","ἐπιφᾶναι","ἐπιφᾶναι","ἐπιφαίνω"
42,01,79,"RA","DPM","τοῖς","τοῖς","τοῖς","ὁ"
42,01,79,"P",NULL,"ἐν","ἐν","ἐν","ἐν"
42,01,79,"N","DSN","σκότει","σκότει","σκότει","σκότος"
42,01,79,"C",NULL,"καὶ","καὶ","καί","καί"
42,01,79,"N","DSF","σκιᾷ","σκιᾷ","σκιᾷ","σκιά"
42,01,79,"N","GSM","θανάτου","θανάτου","θανάτου","θάνατος"
42,01,79,"V","PMPDPM","καθημένοις,","καθημένοις","καθημένοις","κάθημαι"
42,01,79,"RA","GSN","τοῦ","τοῦ","τοῦ","ὁ"
42,01,79,"V","AAN","κατευθῦναι","κατευθῦναι","κατευθῦναι","κατευθύνω"
42,01,79,"RA","APM","τοὺς","τοὺς","τούς","ὁ"
42,01,79,"N","APM","πόδας","πόδας","πόδας","πούς"
42,01,79,"RP","GP","ἡμῶν","ἡμῶν","ἡμῶν","ἐγώ"
42,01,79,"P",NULL,"εἰς","εἰς","εἰς","εἰς"
42,01,79,"N","ASF","ὁδὸν","ὁδὸν","ὁδόν","ὁδός"
42,01,79,"N","GSF","εἰρήνης.","εἰρήνης","εἰρήνης","εἰρήνη"
42,01,80,"RA","NSN","Τὸ","Τὸ","τό","ὁ"
42,01,80,"C",NULL,"δὲ","δὲ","δέ","δέ"
42,01,80,"N","NSN","παιδίον","παιδίον","παιδίον","παιδίον"
42,01,80,"V","3IAI-S","ηὔξανε","ηὔξανε","ηὔξανε(ν)","αὐξάνω"
42,01,80,"C",NULL,"καὶ","καὶ","καί","καί"
42,01,80,"V","3IPI-S","ἐκραταιοῦτο","ἐκραταιοῦτο","ἐκραταιοῦτο","κραταιόομαι"
42,01,80,"N","DSN","πνεύματι,","πνεύματι","πνεύματι","πνεῦμα"
42,01,80,"C",NULL,"καὶ","καὶ","καί","καί"
42,01,80,"V","3IAI-S","ἦν","ἦν","ἦν","εἰμί"
42,01,80,"P",NULL,"ἐν","ἐν","ἐν","ἐν"
42,01,80,"RA","DPF","ταῖς","ταῖς","ταῖς","ὁ"
42,01,80,"A","DPF","ἐρήμοις","ἐρήμοις","ἐρήμοις","ἔρημος"
42,01,80,"P",NULL,"ἕως","ἕως","ἕως","ἕως"
42,01,80,"N","GSF","ἡμέρας","ἡμέρας","ἡμέρας","ἡμέρα"
42,01,80,"N","GSF","ἀναδείξεως","ἀναδείξεως","ἀναδείξεως","ἀνάδειξις"
42,01,80,"RP","GSM","αὐτοῦ","αὐτοῦ","αὐτοῦ","αὐτός"
42,01,80,"P",NULL,"πρὸς","πρὸς","πρός","πρός"
42,01,80,"RA","ASM","τὸν","τὸν","τόν","ὁ"
42,01,80,"N","ASM","Ἰσραήλ.","Ἰσραήλ","Ἰσραήλ","Ἰσραήλ"
42,02,01,"V","3AMI-S","Ἐγένετο","Ἐγένετο","ἐγένετο","γίνομαι"
42,02,01,"C",NULL,"δὲ","δὲ","δέ","δέ"
42,02,01,"P",NULL,"ἐν","ἐν","ἐν","ἐν"
42,02,01,"RA","DPF","ταῖς","ταῖς","ταῖς","ὁ"
42,02,01,"N","DPF","ἡμέραις","ἡμέραις","ἡμέραις","ἡμέρα"
42,02,01,"RD","DPF","ἐκείναις","ἐκείναις","ἐκείναις","ἐκεῖνος"
42,02,01,"V","3AAI-S","ἐξῆλθεν","ἐξῆλθεν","ἐξῆλθε(ν)","ἐξέρχομαι"
42,02,01,"N","NSN","δόγμα","δόγμα","δόγμα","δόγμα"
42,02,01,"P",NULL,"παρὰ","παρὰ","παρά","παρά"
42,02,01,"N","GSM","Καίσαρος","Καίσαρος","Καίσαρος","Καῖσαρ"
42,02,01,"N","GSM","Αὐγούστου","Αὐγούστου","Αὐγούστου","Αὐγοῦστος"
42,02,01,"V","PMN","ἀπογράφεσθαι","ἀπογράφεσθαι","ἀπογράφεσθαι","ἀπογράφω"
42,02,01,"A","ASF","πᾶσαν","πᾶσαν","πᾶσαν","πᾶς"
42,02,01,"RA","ASF","τὴν","τὴν","τήν","ὁ"
42,02,01,"N","ASF","οἰκουμένην·","οἰκουμένην","οἰκουμένην","οἰκουμένη"
42,02,02,"RD","NSF","(⸀αὕτη","αὕτη","αὕτη","οὗτος"
42,02,02,"N","NSF","ἀπογραφὴ","ἀπογραφὴ","ἀπογραφή","ἀπογραφή"
42,02,02,"A","NSF","πρώτη","πρώτη","πρώτη","πρῶτος"
42,02,02,"V","3AMI-S","ἐγένετο","ἐγένετο","ἐγένετο","γίνομαι"
42,02,02,"V","PAPGSM","ἡγεμονεύοντος","ἡγεμονεύοντος","ἡγεμονεύοντος","ἡγεμονεύω"
42,02,02,"RA","GSF","τῆς","τῆς","τῆς","ὁ"
42,02,02,"N","GSF","Συρίας","Συρίας","Συρίας","Συρία"
42,02,02,"N","GSM","Κυρηνίου·)","Κυρηνίου","Κυρηνίου","Κυρήνιος"
42,02,03,"C",NULL,"καὶ","καὶ","καί","καί"
42,02,03,"V","3IMI-P","ἐπορεύοντο","ἐπορεύοντο","ἐπορεύοντο","πορεύομαι"
42,02,03,"A","NPM","πάντες","πάντες","πάντες","πᾶς"
42,02,03,"V","PMN","ἀπογράφεσθαι,","ἀπογράφεσθαι","ἀπογράφεσθαι","ἀπογράφω"
42,02,03,"A","NSM","ἕκαστος","ἕκαστος","ἕκαστος","ἕκαστος"
42,02,03,"P",NULL,"εἰς","εἰς","εἰς","εἰς"
42,02,03,"RA","ASF","τὴν","τὴν","τήν","ὁ"
42,02,03,"RP","GSM","⸀ἑαυτοῦ","ἑαυτοῦ","ἑαυτοῦ","ἑαυτοῦ"
42,02,03,"N","ASF","πόλιν.","πόλιν","πόλιν","πόλις"
42,02,04,"V","3AAI-S","Ἀνέβη","Ἀνέβη","ἀνέβη","ἀναβαίνω"
42,02,04,"C",NULL,"δὲ","δὲ","δέ","δέ"
42,02,04,"D",NULL,"καὶ","καὶ","καί","καί"
42,02,04,"N","NSM","Ἰωσὴφ","Ἰωσὴφ","Ἰωσήφ","Ἰωσήφ"
42,02,04,"P",NULL,"ἀπὸ","ἀπὸ","ἀπό","ἀπό"
42,02,04,"RA","GSF","τῆς","τῆς","τῆς","ὁ"
42,02,04,"N","GSF","Γαλιλαίας","Γαλιλαίας","Γαλιλαίας","Γαλιλαία"
42,02,04,"P",NULL,"ἐκ","ἐκ","ἐκ","ἐκ"
42,02,04,"N","GSF","πόλεως","πόλεως","πόλεως","πόλις"
42,02,04,"N","GSF","Ναζαρὲθ","Ναζαρὲθ","Ναζαρέθ","Ναζαρέθ"
42,02,04,"P",NULL,"εἰς","εἰς","εἰς","εἰς"
42,02,04,"RA","ASF","τὴν","τὴν","τήν","ὁ"
42,02,04,"N","ASF","Ἰουδαίαν","Ἰουδαίαν","Ἰουδαίαν","Ἰουδαία"
42,02,04,"P",NULL,"εἰς","εἰς","εἰς","εἰς"
42,02,04,"N","ASF","πόλιν","πόλιν","πόλιν","πόλις"
42,02,04,"N","GSM","Δαυὶδ","Δαυὶδ","Δαυίδ","Δαυίδ"
42,02,04,"RR","NSF","ἥτις","ἥτις","ἥτις","ὅστις"
42,02,04,"V","3PPI-S","καλεῖται","καλεῖται","καλεῖται","καλέω"
42,02,04,"N","NSF","Βηθλέεμ,","Βηθλέεμ","Βηθλέεμ","Βηθλέεμ"
42,02,04,"P",NULL,"διὰ","διὰ","διά","διά"
42,02,04,"RA","ASN","τὸ","τὸ","τό","ὁ"
42,02,04,"V","PAN","εἶναι","εἶναι","εἶναι","εἰμί"
42,02,04,"RP","ASM","αὐτὸν","αὐτὸν","αὐτόν","αὐτός"
42,02,04,"P",NULL,"ἐξ","ἐξ","ἐκ","ἐκ"
42,02,04,"N","GSM","οἴκου","οἴκου","οἴκου","οἶκος"
42,02,04,"C",NULL,"καὶ","καὶ","καί","καί"
42,02,04,"N","GSF","πατριᾶς","πατριᾶς","πατριᾶς","πατριά"
42,02,04,"N","GSM","Δαυίδ,","Δαυίδ","Δαυίδ","Δαυίδ"
42,02,05,"V","AMN","ἀπογράψασθαι","ἀπογράψασθαι","ἀπογράψασθαι","ἀπογράφω"
42,02,05,"P",NULL,"σὺν","σὺν","σύν","σύν"
42,02,05,"N","DSF","Μαριὰμ","Μαριὰμ","Μαριάμ","Μαριάμ"
42,02,05,"RA","DSF","τῇ","τῇ","τῇ","ὁ"
42,02,05,"V","XPPDSF","⸂ἐμνηστευμένῃ","ἐμνηστευμένῃ","ἐμνηστευμένῃ","μνηστεύομαι"
42,02,05,"RP","DSM","αὐτῷ⸃,","αὐτῷ","αὐτῷ","αὐτός"
42,02,05,"V","PAPDSF","οὔσῃ","οὔσῃ","οὔσῃ","εἰμί"
42,02,05,"A","DSF","ἐγκύῳ.","ἐγκύῳ","ἐγκύῳ","ἔγκυος"
42,02,06,"V","3AMI-S","ἐγένετο","ἐγένετο","ἐγένετο","γίνομαι"
42,02,06,"C",NULL,"δὲ","δὲ","δέ","δέ"
42,02,06,"P",NULL,"ἐν","ἐν","ἐν","ἐν"
42,02,06,"RA","DSN","τῷ","τῷ","τῷ","ὁ"
42,02,06,"V","PAN","εἶναι","εἶναι","εἶναι","εἰμί"
42,02,06,"RP","APM","αὐτοὺς","αὐτοὺς","αὐτούς","αὐτός"
42,02,06,"D",NULL,"ἐκεῖ","ἐκεῖ","ἐκεῖ","ἐκεῖ"
42,02,06,"V","3API-P","ἐπλήσθησαν","ἐπλήσθησαν","ἐπλήσθησαν","πίμπλημι"
42,02,06,"RA","NPF","αἱ","αἱ","αἱ","ὁ"
42,02,06,"N","NPF","ἡμέραι","ἡμέραι","ἡμέραι","ἡμέρα"
42,02,06,"RA","GSN","τοῦ","τοῦ","τοῦ","ὁ"
42,02,06,"V","AAN","τεκεῖν","τεκεῖν","τεκεῖν","τίκτω"
42,02,06,"RP","ASF","αὐτήν,","αὐτήν","αὐτήν","αὐτός"
42,02,07,"C",NULL,"καὶ","καὶ","καί","καί"
42,02,07,"V","3AAI-S","ἔτεκεν","ἔτεκεν","ἔτεκε(ν)","τίκτω"
42,02,07,"RA","ASM","τὸν","τὸν","τόν","ὁ"
42,02,07,"N","ASM","υἱὸν","υἱὸν","υἱόν","υἱός"
42,02,07,"RP","GSF","αὐτῆς","αὐτῆς","αὐτῆς","αὐτός"
42,02,07,"RA","ASM","τὸν","τὸν","τόν","ὁ"
42,02,07,"A","ASM","πρωτότοκον,","πρωτότοκον","πρωτότοκον","πρωτότοκος"
42,02,07,"C",NULL,"καὶ","καὶ","καί","καί"
42,02,07,"V","3AAI-S","ἐσπαργάνωσεν","ἐσπαργάνωσεν","ἐσπαργάνωσε(ν)","σπαργανόω"
42,02,07,"RP","ASM","αὐτὸν","αὐτὸν","αὐτόν","αὐτός"
42,02,07,"C",NULL,"καὶ","καὶ","καί","καί"
42,02,07,"V","3AAI-S","ἀνέκλινεν","ἀνέκλινεν","ἀνέκλινε(ν)","ἀνακλίνω"
42,02,07,"RP","ASM","αὐτὸν","αὐτὸν","αὐτόν","αὐτός"
42,02,07,"P",NULL,"⸀ἐν","ἐν","ἐν","ἐν"
42,02,07,"N","DSF","φάτνῃ,","φάτνῃ","φάτνῃ","φάτνη"
42,02,07,"C",NULL,"διότι","διότι","διότι","διότι"
42,02,07,"D",NULL,"οὐκ","οὐκ","οὐ","οὐ"
42,02,07,"V","3IAI-S","ἦν","ἦν","ἦν","εἰμί"
42,02,07,"RP","DPM","αὐτοῖς","αὐτοῖς","αὐτοῖς","αὐτός"
42,02,07,"N","NSM","τόπος","τόπος","τόπος","τόπος"
42,02,07,"P",NULL,"ἐν","ἐν","ἐν","ἐν"
42,02,07,"RA","DSN","τῷ","τῷ","τῷ","ὁ"
42,02,07,"N","DSN","καταλύματι.","καταλύματι","καταλύματι","κατάλυμα"
42,02,08,"C",NULL,"Καὶ","Καὶ","καί","καί"
42,02,08,"N","NPM","ποιμένες","ποιμένες","ποιμένες","ποιμήν"
42,02,08,"V","3IAI-P","ἦσαν","ἦσαν","ἦσαν","εἰμί"
42,02,08,"P",NULL,"ἐν","ἐν","ἐν","ἐν"
42,02,08,"RA","DSF","τῇ","τῇ","τῇ","ὁ"
42,02,08,"N","DSF","χώρᾳ","χώρᾳ","χώρᾳ","χώρα"
42,02,08,"RA","DSF","τῇ","τῇ","τῇ","ὁ"
42,02,08,"A","DSF","αὐτῇ","αὐτῇ","αὐτῇ","αὐτός"
42,02,08,"V","PAPNPM","ἀγραυλοῦντες","ἀγραυλοῦντες","ἀγραυλοῦντες","ἀγραυλέω"
42,02,08,"C",NULL,"καὶ","καὶ","καί","καί"
42,02,08,"V","PAPNPM","φυλάσσοντες","φυλάσσοντες","φυλάσσοντες","φυλάσσω"
42,02,08,"N","APF","φυλακὰς","φυλακὰς","φυλακάς","φυλακή"
42,02,08,"RA","GSF","τῆς","τῆς","τῆς","ὁ"
42,02,08,"N","GSF","νυκτὸς","νυκτὸς","νυκτός","νύξ"
42,02,08,"P",NULL,"ἐπὶ","ἐπὶ","ἐπί","ἐπί"
42,02,08,"RA","ASF","τὴν","τὴν","τήν","ὁ"
42,02,08,"N","ASF","ποίμνην","ποίμνην","ποίμνην","ποίμνη"
42,02,08,"RP","GPM","αὐτῶν.","αὐτῶν","αὐτῶν","αὐτός"
42,02,09,"C",NULL,"⸀καὶ","καὶ","καί","καί"
42,02,09,"N","NSM","ἄγγελος","ἄγγελος","ἄγγελος","ἄγγελος"
42,02,09,"N","GSM","κυρίου","κυρίου","κυρίου","κύριος"
42,02,09,"V","3AAI-S","ἐπέστη","ἐπέστη","ἐπέστη","ἐφίστημι"
42,02,09,"RP","DPM","αὐτοῖς","αὐτοῖς","αὐτοῖς","αὐτός"
42,02,09,"C",NULL,"καὶ","καὶ","καί","καί"
42,02,09,"N","NSF","δόξα","δόξα","δόξα","δόξα"
42,02,09,"N","GSM","κυρίου","κυρίου","κυρίου","κύριος"
42,02,09,"V","3AAI-S","περιέλαμψεν","περιέλαμψεν","περιέλαμψε(ν)","περιλάμπω"
42,02,09,"RP","APM","αὐτούς,","αὐτούς","αὐτούς","αὐτός"
42,02,09,"C",NULL,"καὶ","καὶ","καί","καί"
42,02,09,"V","3API-P","ἐφοβήθησαν","ἐφοβήθησαν","ἐφοβήθησαν","φοβέομαι"
42,02,09,"N","ASM","φόβον","φόβον","φόβον","φόβος"
42,02,09,"A","ASM","μέγαν·","μέγαν","μέγαν","μέγας"
42,02,10,"C",NULL,"καὶ","καὶ","καί","καί"
42,02,10,"V","3AAI-S","εἶπεν","εἶπεν","εἶπε(ν)","λέγω"
42,02,10,"RP","DPM","αὐτοῖς","αὐτοῖς","αὐτοῖς","αὐτός"
42,02,10,"RA","NSM","ὁ","ὁ","ὁ","ὁ"
42,02,10,"N","NSM","ἄγγελος·","ἄγγελος","ἄγγελος","ἄγγελος"
42,02,10,"D",NULL,"Μὴ","Μὴ","μή","μή"
42,02,10,"V","2PMD-P","φοβεῖσθε,","φοβεῖσθε","φοβεῖσθε","φοβέομαι"
42,02,10,"X",NULL,"ἰδοὺ","ἰδοὺ","ἰδού","ἰδού"
42,02,10,"C",NULL,"γὰρ","γὰρ","γάρ","γάρ"
42,02,10,"V","1PMI-S","εὐαγγελίζομαι","εὐαγγελίζομαι","εὐαγγελίζομαι","εὐαγγελίζω"
42,02,10,"RP","DP","ὑμῖν","ὑμῖν","ὑμῖν","σύ"
42,02,10,"N","ASF","χαρὰν","χαρὰν","χαράν","χαρά"
42,02,10,"A","ASF","μεγάλην","μεγάλην","μεγάλην","μέγας"
42,02,10,"RR","NSF","ἥτις","ἥτις","ἥτις","ὅστις"
42,02,10,"V","3FMI-S","ἔσται","ἔσται","ἔσται","εἰμί"
42,02,10,"A","DSM","παντὶ","παντὶ","παντί","πᾶς"
42,02,10,"RA","DSM","τῷ","τῷ","τῷ","ὁ"
42,02,10,"N","DSM","λαῷ,","λαῷ","λαῷ","λαός"
42,02,11,"C",NULL,"ὅτι","ὅτι","ὅτι","ὅτι"
42,02,11,"V","3API-S","ἐτέχθη","ἐτέχθη","ἐτέχθη","τίκτω"
42,02,11,"RP","DP","ὑμῖν","ὑμῖν","ὑμῖν","σύ"
42,02,11,"D",NULL,"σήμερον","σήμερον","σήμερον","σήμερον"
42,02,11,"N","NSM","σωτὴρ","σωτὴρ","σωτήρ","σωτήρ"
42,02,11,"RR","NSM","ὅς","ὅς","ὅς","ὅς"
42,02,11,"V","3PAI-S","ἐστιν","ἐστιν","ἐστί(ν)","εἰμί"
42,02,11,"N","NSM","χριστὸς","χριστὸς","Χριστός","Χριστός"
42,02,11,"N","NSM","κύριος","κύριος","κύριος","κύριος"
42,02,11,"P",NULL,"ἐν","ἐν","ἐν","ἐν"
42,02,11,"N","DSF","πόλει","πόλει","πόλει","πόλις"
42,02,11,"N","GSM","Δαυίδ·","Δαυίδ","Δαυίδ","Δαυίδ"
42,02,12,"C",NULL,"καὶ","καὶ","καί","καί"
42,02,12,"RD","NSN","τοῦτο","τοῦτο","τοῦτο","οὗτος"
42,02,12,"RP","DP","ὑμῖν","ὑμῖν","ὑμῖν","σύ"
42,02,12,"RA","NSN","⸀τὸ","τὸ","τό","ὁ"
42,02,12,"N","NSN","σημεῖον,","σημεῖον","σημεῖον","σημεῖον"
42,02,12,"V","2FAI-P","εὑρήσετε","εὑρήσετε","εὑρήσετε","εὑρίσκω"
42,02,12,"N","ASN","βρέφος","βρέφος","βρέφος","βρέφος"
42,02,12,"V","XPPASN","ἐσπαργανωμένον","ἐσπαργανωμένον","ἐσπαργανωμένον","σπαργανόω"
42,02,12,"C",NULL,"⸀καὶ","καὶ","καί","καί"
42,02,12,"V","PMPASN","κείμενον","κείμενον","κείμενον","κεῖμαι"
42,02,12,"P",NULL,"ἐν","ἐν","ἐν","ἐν"
42,02,12,"N","DSF","φάτνῃ.","φάτνῃ","φάτνῃ","φάτνη"
42,02,13,"C",NULL,"καὶ","καὶ","καί","καί"
42,02,13,"D",NULL,"ἐξαίφνης","ἐξαίφνης","ἐξαίφνης","ἐξαίφνης"
42,02,13,"V","3AMI-S","ἐγένετο","ἐγένετο","ἐγένετο","γίνομαι"
42,02,13,"P",NULL,"σὺν","σὺν","σύν","σύν"
42,02,13,"RA","DSM","τῷ","τῷ","τῷ","ὁ"
42,02,13,"N","DSM","ἀγγέλῳ","ἀγγέλῳ","ἀγγέλῳ","ἄγγελος"
42,02,13,"N","NSN","πλῆθος","πλῆθος","πλῆθος","πλῆθος"
42,02,13,"N","GSF","στρατιᾶς","στρατιᾶς","στρατιᾶς","στρατιά"
42,02,13,"A","GSF","⸀οὐρανίου","οὐρανίου","οὐρανίου","οὐράνιος"
42,02,13,"V","PAPGPM","αἰνούντων","αἰνούντων","αἰνούντων","αἰνέω"
42,02,13,"RA","ASM","τὸν","τὸν","τόν","ὁ"
42,02,13,"N","ASM","θεὸν","θεὸν","θεόν","θεός"
42,02,13,"C",NULL,"καὶ","καὶ","καί","καί"
42,02,13,"V","PAPGPM","λεγόντων·","λεγόντων","λεγόντων","λέγω"
42,02,14,"N","NSF","Δόξα","Δόξα","δόξα","δόξα"
42,02,14,"P",NULL,"ἐν","ἐν","ἐν","ἐν"
42,02,14,"A","DPNS","ὑψίστοις","ὑψίστοις","ὑψίστοις","ὕψιστος"
42,02,14,"N","DSM","θεῷ","θεῷ","θεῷ","θεός"
42,02,14,"C",NULL,"καὶ","καὶ","καί","καί"
42,02,14,"P",NULL,"ἐπὶ","ἐπὶ","ἐπί","ἐπί"
42,02,14,"N","GSF","γῆς","γῆς","γῆς","γῆ"
42,02,14,"N","NSF","εἰρήνη","εἰρήνη","εἰρήνη","εἰρήνη"
42,02,14,"P",NULL,"ἐν","ἐν","ἐν","ἐν"
42,02,14,"N","DPM","ἀνθρώποις","ἀνθρώποις","ἀνθρώποις","ἄνθρωπος"
42,02,14,"N","GSF","⸀εὐδοκίας.","εὐδοκίας","εὐδοκίας","εὐδοκία"
42,02,15,"C",NULL,"Καὶ","Καὶ","καί","καί"
42,02,15,"V","3AMI-S","ἐγένετο","ἐγένετο","ἐγένετο","γίνομαι"
42,02,15,"C",NULL,"ὡς","ὡς","ὡς","ὡς"
42,02,15,"V","3AAI-P","ἀπῆλθον","ἀπῆλθον","ἀπῆλθον","ἀπέρχομαι"
42,02,15,"P",NULL,"ἀπ’","ἀπ’","ἀπό","ἀπό"
42,02,15,"RP","GPM","αὐτῶν","αὐτῶν","αὐτῶν","αὐτός"
42,02,15,"P",NULL,"εἰς","εἰς","εἰς","εἰς"
42,02,15,"RA","ASM","τὸν","τὸν","τόν","ὁ"
42,02,15,"N","ASM","οὐρανὸν","οὐρανὸν","οὐρανόν","οὐρανός"
42,02,15,"RA","NPM","οἱ","οἱ","οἱ","ὁ"
42,02,15,"N","NPM","ἄγγελοι,","ἄγγελοι","ἄγγελοι","ἄγγελος"
42,02,15,"RA","NPM","⸀οἱ","οἱ","οἱ","ὁ"
42,02,15,"N","NPM","ποιμένες","ποιμένες","ποιμένες","ποιμήν"
42,02,15,"V","3IAI-P","⸀ἐλάλουν","ἐλάλουν","ἐλάλουν","λαλέω"
42,02,15,"P",NULL,"πρὸς","πρὸς","πρός","πρός"
42,02,15,"RP","APM","ἀλλήλους·","ἀλλήλους","ἀλλήλους","ἀλλήλων"
42,02,15,"V","1AAS-P","Διέλθωμεν","Διέλθωμεν","διέλθωμεν","διέρχομαι"
42,02,15,"X",NULL,"δὴ","δὴ","δή","δή"
42,02,15,"P",NULL,"ἕως","ἕως","ἕως","ἕως"
42,02,15,"N","GSF","Βηθλέεμ","Βηθλέεμ","Βηθλέεμ","Βηθλέεμ"
42,02,15,"C",NULL,"καὶ","καὶ","καί","καί"
42,02,15,"V","1AAS-P","ἴδωμεν","ἴδωμεν","ἴδωμεν","ὁράω"
42,02,15,"RA","ASN","τὸ","τὸ","τό","ὁ"
42,02,15,"N","ASN","ῥῆμα","ῥῆμα","ῥῆμα","ῥῆμα"
42,02,15,"RD","ASN","τοῦτο","τοῦτο","τοῦτο","οὗτος"
42,02,15,"RA","ASN","τὸ","τὸ","τό","ὁ"
42,02,15,"V","XAPASN","γεγονὸς","γεγονὸς","γεγονός","γίνομαι"
42,02,15,"RR","ASN","ὃ","ὃ","ὅ","ὅς"
42,02,15,"RA","NSM","ὁ","ὁ","ὁ","ὁ"
42,02,15,"N","NSM","κύριος","κύριος","κύριος","κύριος"
42,02,15,"V","3AAI-S","ἐγνώρισεν","ἐγνώρισεν","ἐγνώρισε(ν)","γνωρίζω"
42,02,15,"RP","DP","ἡμῖν.","ἡμῖν","ἡμῖν","ἐγώ"
42,02,16,"C",NULL,"καὶ","καὶ","καί","καί"
42,02,16,"V","3AAI-P","ἦλθαν","ἦλθαν","ἦλθαν","ἔρχομαι"
42,02,16,"V","AAPNPM","σπεύσαντες","σπεύσαντες","σπεύσαντες","σπεύδω"
42,02,16,"C",NULL,"καὶ","καὶ","καί","καί"
42,02,16,"V","3AAI-P","ἀνεῦραν","ἀνεῦραν","ἀνεῦραν","ἀνευρίσκω"
42,02,16,"RA","ASF","τήν","τήν","τήν","ὁ"
42,02,16,"C",NULL,"τε","τε","τέ","τέ"
42,02,16,"N","ASF","Μαριὰμ","Μαριὰμ","Μαριάμ","Μαριάμ"
42,02,16,"C",NULL,"καὶ","καὶ","καί","καί"
42,02,16,"RA","ASM","τὸν","τὸν","τόν","ὁ"
42,02,16,"N","ASM","Ἰωσὴφ","Ἰωσὴφ","Ἰωσήφ","Ἰωσήφ"
42,02,16,"C",NULL,"καὶ","καὶ","καί","καί"
42,02,16,"RA","ASN","τὸ","τὸ","τό","ὁ"
42,02,16,"N","ASN","βρέφος","βρέφος","βρέφος","βρέφος"
42,02,16,"V","PMPASN","κείμενον","κείμενον","κείμενον","κεῖμαι"
42,02,16,"P",NULL,"ἐν","ἐν","ἐν","ἐν"
42,02,16,"RA","DSF","τῇ","τῇ","τῇ","ὁ"
42,02,16,"N","DSF","φάτνῃ·","φάτνῃ","φάτνῃ","φάτνη"
42,02,17,"V","AAPNPM","ἰδόντες","ἰδόντες","ἰδόντες","ὁράω"
42,02,17,"C",NULL,"δὲ","δὲ","δέ","δέ"
42,02,17,"V","3AAI-P","⸀ἐγνώρισαν","ἐγνώρισαν","ἐγνώρισαν","γνωρίζω"
42,02,17,"P",NULL,"περὶ","περὶ","περί","περί"
42,02,17,"RA","GSN","τοῦ","τοῦ","τοῦ","ὁ"
42,02,17,"N","GSN","ῥήματος","ῥήματος","ῥήματος","ῥῆμα"
42,02,17,"RA","GSN","τοῦ","τοῦ","τοῦ","ὁ"
42,02,17,"V","APPGSN","λαληθέντος","λαληθέντος","λαληθέντος","λαλέω"
42,02,17,"RP","DPM","αὐτοῖς","αὐτοῖς","αὐτοῖς","αὐτός"
42,02,17,"P",NULL,"περὶ","περὶ","περί","περί"
42,02,17,"RA","GSN","τοῦ","τοῦ","τοῦ","ὁ"
42,02,17,"N","GSN","παιδίου","παιδίου","παιδίου","παιδίον"
42,02,17,"RD","GSN","τούτου.","τούτου","τούτου","οὗτος"
42,02,18,"C",NULL,"καὶ","καὶ","καί","καί"
42,02,18,"A","NPM","πάντες","πάντες","πάντες","πᾶς"
42,02,18,"RA","NPM","οἱ","οἱ","οἱ","ὁ"
42,02,18,"V","AAPNPM","ἀκούσαντες","ἀκούσαντες","ἀκούσαντες","ἀκούω"
42,02,18,"V","3AAI-P","ἐθαύμασαν","ἐθαύμασαν","ἐθαύμασαν","θαυμάζω"
42,02,18,"P",NULL,"περὶ","περὶ","περί","περί"
42,02,18,"RA","GPN","τῶν","τῶν","τῶν","ὁ"
42,02,18,"V","APPGPN","λαληθέντων","λαληθέντων","λαληθέντων","λαλέω"
42,02,18,"P",NULL,"ὑπὸ","ὑπὸ","ὑπό","ὑπό"
42,02,18,"RA","GPM","τῶν","τῶν","τῶν","ὁ"
42,02,18,"N","GPM","ποιμένων","ποιμένων","ποιμένων","ποιμήν"
42,02,18,"P",NULL,"πρὸς","πρὸς","πρός","πρός"
42,02,18,"RP","APM","αὐτούς,","αὐτούς","αὐτούς","αὐτός"
42,02,19,"RA","NSF","ἡ","ἡ","ἡ","ὁ"
42,02,19,"C",NULL,"δὲ","δὲ","δέ","δέ"
42,02,19,"N","NSF","⸀Μαρία","Μαρία","Μαρία","Μαρία"
42,02,19,"A","APN","πάντα","πάντα","πάντα","πᾶς"
42,02,19,"V","3IAI-S","συνετήρει","συνετήρει","συνετήρει","συντηρέω"
42,02,19,"RA","APN","τὰ","τὰ","τά","ὁ"
42,02,19,"N","APN","ῥήματα","ῥήματα","ῥήματα","ῥῆμα"
42,02,19,"RD","APN","ταῦτα","ταῦτα","ταῦτα","οὗτος"
42,02,19,"V","PAPNSF","συμβάλλουσα","συμβάλλουσα","συμβάλλουσα","συμβάλλω"
42,02,19,"P",NULL,"ἐν","ἐν","ἐν","ἐν"
42,02,19,"RA","DSF","τῇ","τῇ","τῇ","ὁ"
42,02,19,"N","DSF","καρδίᾳ","καρδίᾳ","καρδίᾳ","καρδία"
42,02,19,"RP","GSF","αὐτῆς.","αὐτῆς","αὐτῆς","αὐτός"
42,02,20,"C",NULL,"καὶ","καὶ","καί","καί"
42,02,20,"V","3AAI-P","ὑπέστρεψαν","ὑπέστρεψαν","ὑπέστρεψαν","ὑποστρέφω"
42,02,20,"RA","NPM","οἱ","οἱ","οἱ","ὁ"
42,02,20,"N","NPM","ποιμένες","ποιμένες","ποιμένες","ποιμήν"
42,02,20,"V","PAPNPM","δοξάζοντες","δοξάζοντες","δοξάζοντες","δοξάζω"
42,02,20,"C",NULL,"καὶ","καὶ","καί","καί"
42,02,20,"V","PAPNPM","αἰνοῦντες","αἰνοῦντες","αἰνοῦντες","αἰνέω"
42,02,20,"RA","ASM","τὸν","τὸν","τόν","ὁ"
42,02,20,"N","ASM","θεὸν","θεὸν","θεόν","θεός"
42,02,20,"P",NULL,"ἐπὶ","ἐπὶ","ἐπί","ἐπί"
42,02,20,"A","DPN","πᾶσιν","πᾶσιν","πᾶσι(ν)","πᾶς"
42,02,20,"RR","DPN","οἷς","οἷς","οἷς","ὅς"
42,02,20,"V","3AAI-P","ἤκουσαν","ἤκουσαν","ἤκουσαν","ἀκούω"
42,02,20,"C",NULL,"καὶ","καὶ","καί","καί"
42,02,20,"V","3AAI-P","εἶδον","εἶδον","εἶδον","ὁράω"
42,02,20,"C",NULL,"καθὼς","καθὼς","καθώς","καθώς"
42,02,20,"V","3API-S","ἐλαλήθη","ἐλαλήθη","ἐλαλήθη","λαλέω"
42,02,20,"P",NULL,"πρὸς","πρὸς","πρός","πρός"
42,02,20,"RP","APM","αὐτούς.","αὐτούς","αὐτούς","αὐτός"
42,02,21,"C",NULL,"Καὶ","Καὶ","καί","καί"
42,02,21,"C",NULL,"ὅτε","ὅτε","ὅτε","ὅτε"
42,02,21,"V","3API-P","ἐπλήσθησαν","ἐπλήσθησαν","ἐπλήσθησαν","πίμπλημι"
42,02,21,"N","NPF","ἡμέραι","ἡμέραι","ἡμέραι","ἡμέρα"
42,02,21,"A","NPF","ὀκτὼ","ὀκτὼ","ὀκτώ","ὀκτώ"
42,02,21,"RA","GSN","τοῦ","τοῦ","τοῦ","ὁ"
42,02,21,"V","AAN","περιτεμεῖν","περιτεμεῖν","περιτεμεῖν","περιτέμνω"
42,02,21,"RP","ASM","αὐτόν,","αὐτόν","αὐτόν","αὐτός"
42,02,21,"C",NULL,"καὶ","καὶ","καί","καί"
42,02,21,"V","3API-S","ἐκλήθη","ἐκλήθη","ἐκλήθη","καλέω"
42,02,21,"RA","NSN","τὸ","τὸ","τό","ὁ"
42,02,21,"N","NSN","ὄνομα","ὄνομα","ὄνομα","ὄνομα"
42,02,21,"RP","GSM","αὐτοῦ","αὐτοῦ","αὐτοῦ","αὐτός"
42,02,21,"N","NSM","Ἰησοῦς,","Ἰησοῦς","Ἰησοῦς","Ἰησοῦς"
42,02,21,"RA","NSN","τὸ","τὸ","τό","ὁ"
42,02,21,"V","APPNSN","κληθὲν","κληθὲν","κληθέν","καλέω"
42,02,21,"P",NULL,"ὑπὸ","ὑπὸ","ὑπό","ὑπό"
42,02,21,"RA","GSM","τοῦ","τοῦ","τοῦ","ὁ"
42,02,21,"N","GSM","ἀγγέλου","ἀγγέλου","ἀγγέλου","ἄγγελος"
42,02,21,"P",NULL,"πρὸ","πρὸ","πρό","πρό"
42,02,21,"RA","GSN","τοῦ","τοῦ","τοῦ","ὁ"
42,02,21,"V","APN","συλλημφθῆναι","συλλημφθῆναι","συλλημφθῆναι","συλλαμβάνω"
42,02,21,"RP","ASM","αὐτὸν","αὐτὸν","αὐτόν","αὐτός"
42,02,21,"P",NULL,"ἐν","ἐν","ἐν","ἐν"
42,02,21,"RA","DSF","τῇ","τῇ","τῇ","ὁ"
42,02,21,"N","DSF","κοιλίᾳ.","κοιλίᾳ","κοιλίᾳ","κοιλία"
42,02,22,"C",NULL,"Καὶ","Καὶ","καί","καί"
42,02,22,"C",NULL,"ὅτε","ὅτε","ὅτε","ὅτε"
42,02,22,"V","3API-P","ἐπλήσθησαν","ἐπλήσθησαν","ἐπλήσθησαν","πίμπλημι"
42,02,22,"RA","NPF","αἱ","αἱ","αἱ","ὁ"
42,02,22,"N","NPF","ἡμέραι","ἡμέραι","ἡμέραι","ἡμέρα"
42,02,22,"RA","GSM","τοῦ","τοῦ","τοῦ","ὁ"
42,02,22,"N","GSM","καθαρισμοῦ","καθαρισμοῦ","καθαρισμοῦ","καθαρισμός"
42,02,22,"RP","GPM","αὐτῶν","αὐτῶν","αὐτῶν","αὐτός"
42,02,22,"P",NULL,"κατὰ","κατὰ","κατά","κατά"
42,02,22,"RA","ASM","τὸν","τὸν","τόν","ὁ"
42,02,22,"N","ASM","νόμον","νόμον","νόμον","νόμος"
42,02,22,"N","GSM","Μωϋσέως,","Μωϋσέως","Μωϋσέως","Μωϋσῆς"
42,02,22,"V","3AAI-P","ἀνήγαγον","ἀνήγαγον","ἀνήγαγον","ἀνάγω"
42,02,22,"RP","ASM","αὐτὸν","αὐτὸν","αὐτόν","αὐτός"
42,02,22,"P",NULL,"εἰς","εἰς","εἰς","εἰς"
42,02,22,"N","APN","Ἱεροσόλυμα","Ἱεροσόλυμα","Ἱεροσόλυμα","Ἱεροσόλυμα"
42,02,22,"V","AAN","παραστῆσαι","παραστῆσαι","παραστῆσαι","παρίστημι"
42,02,22,"RA","DSM","τῷ","τῷ","τῷ","ὁ"
42,02,22,"N","DSM","κυρίῳ,","κυρίῳ","κυρίῳ","κύριος"
42,02,23,"C",NULL,"καθὼς","καθὼς","καθώς","καθώς"
42,02,23,"V","3XPI-S","γέγραπται","γέγραπται","γέγραπται","γράφω"
42,02,23,"P",NULL,"ἐν","ἐν","ἐν","ἐν"
42,02,23,"N","DSM","νόμῳ","νόμῳ","νόμῳ","νόμος"
42,02,23,"N","GSM","κυρίου","κυρίου","κυρίου","κύριος"
42,02,23,"C",NULL,"ὅτι","ὅτι","ὅτι","ὅτι"
42,02,23,"A","NSN","Πᾶν","Πᾶν","πᾶν","πᾶς"
42,02,23,"A","NSN","ἄρσεν","ἄρσεν","ἄρσεν","ἄρσην"
42,02,23,"V","PAPNSN","διανοῖγον","διανοῖγον","διανοῖγον","διανοίγω"
42,02,23,"N","ASF","μήτραν","μήτραν","μήτραν","μήτρα"
42,02,23,"A","NSN","ἅγιον","ἅγιον","ἅγιον","ἅγιος"
42,02,23,"RA","DSM","τῷ","τῷ","τῷ","ὁ"
42,02,23,"N","DSM","κυρίῳ","κυρίῳ","κυρίῳ","κύριος"
42,02,23,"V","3FPI-S","κληθήσεται,","κληθήσεται","κληθήσεται","καλέω"
42,02,24,"C",NULL,"καὶ","καὶ","καί","καί"
42,02,24,"RA","GSN","τοῦ","τοῦ","τοῦ","ὁ"
42,02,24,"V","AAN","δοῦναι","δοῦναι","δοῦναι","δίδωμι"
42,02,24,"N","ASF","θυσίαν","θυσίαν","θυσίαν","θυσία"
42,02,24,"P",NULL,"κατὰ","κατὰ","κατά","κατά"
42,02,24,"RA","ASN","τὸ","τὸ","τό","ὁ"
42,02,24,"V","XPPASN","εἰρημένον","εἰρημένον","εἰρημένον","λέγω"
42,02,24,"P",NULL,"ἐν","ἐν","ἐν","ἐν"
42,02,24,"RA","DSM","⸀τῷ","τῷ","τῷ","ὁ"
42,02,24,"N","DSM","νόμῳ","νόμῳ","νόμῳ","νόμος"
42,02,24,"N","GSM","κυρίου,","κυρίου","κυρίου","κύριος"
42,02,24,"N","ASN","ζεῦγος","ζεῦγος","ζεῦγος","ζεῦγος"
42,02,24,"N","GPF","τρυγόνων","τρυγόνων","τρυγόνων","τρυγών"
42,02,24,"C",NULL,"ἢ","ἢ","ἤ","ἤ"
42,02,24,"A","APM","δύο","δύο","δύο","δύο"
42,02,24,"N","APM","νοσσοὺς","νοσσοὺς","νοσσούς","νοσσός"
42,02,24,"N","GPF","περιστερῶν.","περιστερῶν","περιστερῶν","περιστερά"
42,02,25,"C",NULL,"Καὶ","Καὶ","καί","καί"
42,02,25,"X",NULL,"ἰδοὺ","ἰδοὺ","ἰδού","ἰδού"
42,02,25,"N","NSM","⸂ἄνθρωπος","ἄνθρωπος","ἄνθρωπος","ἄνθρωπος"
42,02,25,"V","3IAI-S","ἦν⸃","ἦν","ἦν","εἰμί"
42,02,25,"P",NULL,"ἐν","ἐν","ἐν","ἐν"
42,02,25,"N","DSF","Ἰερουσαλὴμ","Ἰερουσαλὴμ","Ἰερουσαλήμ","Ἰερουσαλήμ"
42,02,25,"RR","DSM","ᾧ","ᾧ","ᾧ","ὅς"
42,02,25,"N","NSN","ὄνομα","ὄνομα","ὄνομα","ὄνομα"
42,02,25,"N","NSM","Συμεών,","Συμεών","Συμεών","Συμεών"
42,02,25,"C",NULL,"καὶ","καὶ","καί","καί"
42,02,25,"RA","NSM","ὁ","ὁ","ὁ","ὁ"
42,02,25,"N","NSM","ἄνθρωπος","ἄνθρωπος","ἄνθρωπος","ἄνθρωπος"
42,02,25,"RD","NSM","οὗτος","οὗτος","οὗτος","οὗτος"
42,02,25,"A","NSM","δίκαιος","δίκαιος","δίκαιος","δίκαιος"
42,02,25,"C",NULL,"καὶ","καὶ","καί","καί"
42,02,25,"A","NSM","εὐλαβής,","εὐλαβής","εὐλαβής","εὐλαβής"
42,02,25,"V","PMPNSM","προσδεχόμενος","προσδεχόμενος","προσδεχόμενος","προσδέχομαι"
42,02,25,"N","ASF","παράκλησιν","παράκλησιν","παράκλησιν","παράκλησις"
42,02,25,"RA","GSM","τοῦ","τοῦ","τοῦ","ὁ"
42,02,25,"N","GSM","Ἰσραήλ,","Ἰσραήλ","Ἰσραήλ","Ἰσραήλ"
42,02,25,"C",NULL,"καὶ","καὶ","καί","καί"
42,02,25,"N","NSN","πνεῦμα","πνεῦμα","πνεῦμα","πνεῦμα"
42,02,25,"V","3IAI-S","ἦν","ἦν","ἦν","εἰμί"
42,02,25,"A","NSN","ἅγιον","ἅγιον","ἅγιον","ἅγιος"
42,02,25,"P",NULL,"ἐπ’","ἐπ’","ἐπί","ἐπί"
42,02,25,"RP","ASM","αὐτόν·","αὐτόν","αὐτόν","αὐτός"
42,02,26,"C",NULL,"καὶ","καὶ","καί","καί"
42,02,26,"V","3IAI-S","ἦν","ἦν","ἦν","εἰμί"
42,02,26,"RP","DSM","αὐτῷ","αὐτῷ","αὐτῷ","αὐτός"
42,02,26,"V","XPPNSN","κεχρηματισμένον","κεχρηματισμένον","κεχρηματισμένον","χρηματίζω"
42,02,26,"P",NULL,"ὑπὸ","ὑπὸ","ὑπό","ὑπό"
42,02,26,"RA","GSN","τοῦ","τοῦ","τοῦ","ὁ"
42,02,26,"N","GSN","πνεύματος","πνεύματος","πνεύματος","πνεῦμα"
42,02,26,"RA","GSN","τοῦ","τοῦ","τοῦ","ὁ"
42,02,26,"A","GSN","ἁγίου","ἁγίου","ἁγίου","ἅγιος"
42,02,26,"D",NULL,"μὴ","μὴ","μή","μή"
42,02,26,"V","AAN","ἰδεῖν","ἰδεῖν","ἰδεῖν","ὁράω"
42,02,26,"N","ASM","θάνατον","θάνατον","θάνατον","θάνατος"
42,02,26,"C",NULL,"πρὶν","πρὶν","πρίν","πρίν"
42,02,26,"C",NULL,"⸂ἢ","ἢ","ἤ","ἤ"
42,02,26,"X",NULL,"ἂν⸃","ἂν","ἄν","ἄν"
42,02,26,"V","3AAS-S","ἴδῃ","ἴδῃ","ἴδῃ","ὁράω"
42,02,26,"RA","ASM","τὸν","τὸν","τόν","ὁ"
42,02,26,"N","ASM","χριστὸν","χριστὸν","Χριστόν","Χριστός"
42,02,26,"N","GSM","κυρίου.","κυρίου","κυρίου","κύριος"
42,02,27,"C",NULL,"καὶ","καὶ","καί","καί"
42,02,27,"V","3AAI-S","ἦλθεν","ἦλθεν","ἦλθε(ν)","ἔρχομαι"
42,02,27,"P",NULL,"ἐν","ἐν","ἐν","ἐν"
42,02,27,"RA","DSN","τῷ","τῷ","τῷ","ὁ"
42,02,27,"N","DSN","πνεύματι","πνεύματι","πνεύματι","πνεῦμα"
42,02,27,"P",NULL,"εἰς","εἰς","εἰς","εἰς"
42,02,27,"RA","ASN","τὸ","τὸ","τό","ὁ"
42,02,27,"A","ASN","ἱερόν·","ἱερόν","ἱερόν","ἱερός"
42,02,27,"C",NULL,"καὶ","καὶ","καί","καί"
42,02,27,"P",NULL,"ἐν","ἐν","ἐν","ἐν"
42,02,27,"RA","DSN","τῷ","τῷ","τῷ","ὁ"
42,02,27,"V","AAN","εἰσαγαγεῖν","εἰσαγαγεῖν","εἰσαγαγεῖν","εἰσάγω"
42,02,27,"RA","APM","τοὺς","τοὺς","τούς","ὁ"
42,02,27,"N","APM","γονεῖς","γονεῖς","γονεῖς","γονεύς"
42,02,27,"RA","ASN","τὸ","τὸ","τό","ὁ"
42,02,27,"N","ASN","παιδίον","παιδίον","παιδίον","παιδίον"
42,02,27,"N","ASM","Ἰησοῦν","Ἰησοῦν","Ἰησοῦν","Ἰησοῦς"
42,02,27,"RA","GSN","τοῦ","τοῦ","τοῦ","ὁ"
42,02,27,"V","AAN","ποιῆσαι","ποιῆσαι","ποιῆσαι","ποιέω"
42,02,27,"RP","APM","αὐτοὺς","αὐτοὺς","αὐτούς","αὐτός"
42,02,27,"P",NULL,"κατὰ","κατὰ","κατά","κατά"
42,02,27,"RA","ASN","τὸ","τὸ","τό","ὁ"
42,02,27,"V","XPPASN","εἰθισμένον","εἰθισμένον","εἰθισμένον","ἐθίζω"
42,02,27,"RA","GSM","τοῦ","τοῦ","τοῦ","ὁ"
42,02,27,"N","GSM","νόμου","νόμου","νόμου","νόμος"
42,02,27,"P",NULL,"περὶ","περὶ","περί","περί"
42,02,27,"RP","GSM","αὐτοῦ","αὐτοῦ","αὐτοῦ","αὐτός"
42,02,28,"C",NULL,"καὶ","καὶ","καί","καί"
42,02,28,"RP","NSM","αὐτὸς","αὐτὸς","αὐτός","αὐτός"
42,02,28,"V","3AMI-S","ἐδέξατο","ἐδέξατο","ἐδέξατο","δέχομαι"
42,02,28,"RP","ASN","αὐτὸ","αὐτὸ","αὐτό","αὐτός"
42,02,28,"P",NULL,"εἰς","εἰς","εἰς","εἰς"
42,02,28,"RA","APF","τὰς","τὰς","τάς","ὁ"
42,02,28,"N","APF","⸀ἀγκάλας","ἀγκάλας","ἀγκάλας","ἀγκάλη"
42,02,28,"C",NULL,"καὶ","καὶ","καί","καί"
42,02,28,"V","3AAI-S","εὐλόγησεν","εὐλόγησεν","εὐλόγησε(ν)","εὐλογέω"
42,02,28,"RA","ASM","τὸν","τὸν","τόν","ὁ"
42,02,28,"N","ASM","θεὸν","θεὸν","θεόν","θεός"
42,02,28,"C",NULL,"καὶ","καὶ","καί","καί"
42,02,28,"V","3AAI-S","εἶπεν·","εἶπεν","εἶπε(ν)","λέγω"
42,02,29,"D",NULL,"Νῦν","Νῦν","νῦν","νῦν"
42,02,29,"V","2PAI-S","ἀπολύεις","ἀπολύεις","ἀπολύεις","ἀπολύω"
42,02,29,"RA","ASM","τὸν","τὸν","τόν","ὁ"
42,02,29,"N","ASM","δοῦλόν","δοῦλόν","δοῦλον","δοῦλος"
42,02,29,"RP","GS","σου,","σου","σου","σύ"
42,02,29,"N","VSM","δέσποτα,","δέσποτα","δέσποτα","δεσπότης"
42,02,29,"P",NULL,"κατὰ","κατὰ","κατά","κατά"
42,02,29,"RA","ASN","τὸ","τὸ","τό","ὁ"
42,02,29,"N","ASN","ῥῆμά","ῥῆμά","ῥῆμα","ῥῆμα"
42,02,29,"RP","GS","σου","σου","σου","σύ"
42,02,29,"P",NULL,"ἐν","ἐν","ἐν","ἐν"
42,02,29,"N","DSF","εἰρήνῃ·","εἰρήνῃ","εἰρήνῃ","εἰρήνη"
42,02,30,"C",NULL,"ὅτι","ὅτι","ὅτι","ὅτι"
42,02,30,"V","3AAI-P","εἶδον","εἶδον","εἶδον","ὁράω"
42,02,30,"RA","NPM","οἱ","οἱ","οἱ","ὁ"
42,02,30,"N","NPM","ὀφθαλμοί","ὀφθαλμοί","ὀφθαλμοί","ὀφθαλμός"
42,02,30,"RP","GS","μου","μου","μου","ἐγώ"
42,02,30,"RA","ASN","τὸ","τὸ","τό","ὁ"
42,02,30,"A","ASN","σωτήριόν","σωτήριόν","σωτήριον","σωτήριος"
42,02,30,"RP","GS","σου","σου","σου","σύ"
42,02,31,"RR","ASN","ὃ","ὃ","ὅ","ὅς"
42,02,31,"V","2AAI-S","ἡτοίμασας","ἡτοίμασας","ἡτοίμασας","ἑτοιμάζω"
42,02,31,"P",NULL,"κατὰ","κατὰ","κατά","κατά"
42,02,31,"N","ASN","πρόσωπον","πρόσωπον","πρόσωπον","πρόσωπον"
42,02,31,"A","GPM","πάντων","πάντων","πάντων","πᾶς"
42,02,31,"RA","GPM","τῶν","τῶν","τῶν","ὁ"
42,02,31,"N","GPM","λαῶν,","λαῶν","λαῶν","λαός"
42,02,32,"N","ASN","φῶς","φῶς","φῶς","φῶς"
42,02,32,"P",NULL,"εἰς","εἰς","εἰς","εἰς"
42,02,32,"N","ASF","ἀποκάλυψιν","ἀποκάλυψιν","ἀποκάλυψιν","ἀποκάλυψις"
42,02,32,"N","GPN","ἐθνῶν","ἐθνῶν","ἐθνῶν","ἔθνος"
42,02,32,"C",NULL,"καὶ","καὶ","καί","καί"
42,02,32,"N","ASF","δόξαν","δόξαν","δόξαν","δόξα"
42,02,32,"N","GSM","λαοῦ","λαοῦ","λαοῦ","λαός"
42,02,32,"RP","GS","σου","σου","σου","σύ"
42,02,32,"N","GSM","Ἰσραήλ.","Ἰσραήλ","Ἰσραήλ","Ἰσραήλ"
42,02,33,"C",NULL,"καὶ","καὶ","καί","καί"
42,02,33,"V","3IAI-S","ἦν","ἦν","ἦν","εἰμί"
42,02,33,"RA","NSM","⸂ὁ","ὁ","ὁ","ὁ"
42,02,33,"N","NSM","πατὴρ","πατὴρ","πατήρ","πατήρ"
42,02,33,"RP","GSM","αὐτοῦ⸃","αὐτοῦ","αὐτοῦ","αὐτός"
42,02,33,"C",NULL,"καὶ","καὶ","καί","καί"
42,02,33,"RA","NSF","ἡ","ἡ","ἡ","ὁ"
42,02,33,"N","NSF","⸀μήτηρ","μήτηρ","μήτηρ","μήτηρ"
42,02,33,"V","PAPNPM","θαυμάζοντες","θαυμάζοντες","θαυμάζοντες","θαυμάζω"
42,02,33,"P",NULL,"ἐπὶ","ἐπὶ","ἐπί","ἐπί"
42,02,33,"RA","DPN","τοῖς","τοῖς","τοῖς","ὁ"
42,02,33,"V","PPPDPN","λαλουμένοις","λαλουμένοις","λαλουμένοις","λαλέω"
42,02,33,"P",NULL,"περὶ","περὶ","περί","περί"
42,02,33,"RP","GSM","αὐτοῦ.","αὐτοῦ","αὐτοῦ","αὐτός"
42,02,34,"C",NULL,"καὶ","καὶ","καί","καί"
42,02,34,"V","3AAI-S","εὐλόγησεν","εὐλόγησεν","εὐλόγησε(ν)","εὐλογέω"
42,02,34,"RP","APM","αὐτοὺς","αὐτοὺς","αὐτούς","αὐτός"
42,02,34,"N","NSM","Συμεὼν","Συμεὼν","Συμεών","Συμεών"
42,02,34,"C",NULL,"καὶ","καὶ","καί","καί"
42,02,34,"V","3AAI-S","εἶπεν","εἶπεν","εἶπε(ν)","λέγω"
42,02,34,"P",NULL,"πρὸς","πρὸς","πρός","πρός"
42,02,34,"N","ASF","Μαριὰμ","Μαριὰμ","Μαριάμ","Μαριάμ"
42,02,34,"RA","ASF","τὴν","τὴν","τήν","ὁ"
42,02,34,"N","ASF","μητέρα","μητέρα","μητέρα","μήτηρ"
42,02,34,"RP","GSM","αὐτοῦ·","αὐτοῦ","αὐτοῦ","αὐτός"
42,02,34,"X",NULL,"Ἰδοὺ","Ἰδοὺ","ἰδού","ἰδού"
42,02,34,"RD","NSM","οὗτος","οὗτος","οὗτος","οὗτος"
42,02,34,"V","3PMI-S","κεῖται","κεῖται","κεῖται","κεῖμαι"
42,02,34,"P",NULL,"εἰς","εἰς","εἰς","εἰς"
42,02,34,"N","ASF","πτῶσιν","πτῶσιν","πτῶσιν","πτῶσις"
42,02,34,"C",NULL,"καὶ","καὶ","καί","καί"
42,02,34,"N","ASF","ἀνάστασιν","ἀνάστασιν","ἀνάστασιν","ἀνάστασις"
42,02,34,"A","GPM","πολλῶν","πολλῶν","πολλῶν","πολύς"
42,02,34,"P",NULL,"ἐν","ἐν","ἐν","ἐν"
42,02,34,"RA","DSM","τῷ","τῷ","τῷ","ὁ"
42,02,34,"N","DSM","Ἰσραὴλ","Ἰσραὴλ","Ἰσραήλ","Ἰσραήλ"
42,02,34,"C",NULL,"καὶ","καὶ","καί","καί"
42,02,34,"P",NULL,"εἰς","εἰς","εἰς","εἰς"
42,02,34,"N","ASN","σημεῖον","σημεῖον","σημεῖον","σημεῖον"
42,02,34,"V","PPPASN","ἀντιλεγόμενον,","ἀντιλεγόμενον","ἀντιλεγόμενον","ἀντιλέγω"
42,02,35,"C",NULL,"καὶ","καὶ","καί","καί"
42,02,35,"RP","GS","σοῦ","σοῦ","σοῦ","σύ"
42,02,35,"C",NULL,"⸀δὲ","δὲ","δέ","δέ"
42,02,35,"RP","GSF","αὐτῆς","αὐτῆς","αὐτῆς","αὐτός"
42,02,35,"RA","ASF","τὴν","τὴν","τήν","ὁ"
42,02,35,"N","ASF","ψυχὴν","ψυχὴν","ψυχήν","ψυχή"
42,02,35,"V","3FMI-S","διελεύσεται","διελεύσεται","διελεύσεται","διέρχομαι"
42,02,35,"N","NSF","ῥομφαία,","ῥομφαία","ῥομφαία","ῥομφαία"
42,02,35,"C",NULL,"ὅπως","ὅπως","ὅπως","ὅπως"
42,02,35,"X",NULL,"ἂν","ἂν","ἄν","ἄν"
42,02,35,"V","3APS-P","ἀποκαλυφθῶσιν","ἀποκαλυφθῶσιν","ἀποκαλυφθῶσι(ν)","ἀποκαλύπτω"
42,02,35,"P",NULL,"ἐκ","ἐκ","ἐκ","ἐκ"
42,02,35,"A","GPF","πολλῶν","πολλῶν","πολλῶν","πολύς"
42,02,35,"N","GPF","καρδιῶν","καρδιῶν","καρδιῶν","καρδία"
42,02,35,"N","NPM","διαλογισμοί.","διαλογισμοί","διαλογισμοί","διαλογισμός"
42,02,36,"C",NULL,"Καὶ","Καὶ","καί","καί"
42,02,36,"V","3IAI-S","ἦν","ἦν","ἦν","εἰμί"
42,02,36,"N","NSF","Ἅννα","Ἅννα","Ἅννα","Ἅννα"
42,02,36,"N","NSF","προφῆτις,","προφῆτις","προφῆτις","προφῆτις"
42,02,36,"N","NSF","θυγάτηρ","θυγάτηρ","θυγάτηρ","θυγάτηρ"
42,02,36,"N","GSM","Φανουήλ,","Φανουήλ","Φανουήλ","Φανουήλ"
42,02,36,"P",NULL,"ἐκ","ἐκ","ἐκ","ἐκ"
42,02,36,"N","GSF","φυλῆς","φυλῆς","φυλῆς","φυλή"
42,02,36,"N","GSM","Ἀσήρ","Ἀσήρ","Ἀσήρ","Ἀσήρ"
42,02,36,"RD","NSF","(αὕτη","αὕτη","αὕτη","οὗτος"
42,02,36,"V","XAPNSF","προβεβηκυῖα","προβεβηκυῖα","προβεβηκυῖα","προβαίνω"
42,02,36,"P",NULL,"ἐν","ἐν","ἐν","ἐν"
42,02,36,"N","DPF","ἡμέραις","ἡμέραις","ἡμέραις","ἡμέρα"
42,02,36,"A","DPF","πολλαῖς,","πολλαῖς","πολλαῖς","πολύς"
42,02,36,"V","AAPNSF","ζήσασα","ζήσασα","ζήσασα","ζάω"
42,02,36,"P",NULL,"⸂μετὰ","μετὰ","μετά","μετά"
42,02,36,"N","GSM","ἀνδρὸς","ἀνδρὸς","ἀνδρός","ἀνήρ"
42,02,36,"N","APN","ἔτη⸃","ἔτη","ἔτη","ἔτος"
42,02,36,"A","APN","ἑπτὰ","ἑπτὰ","ἑπτά","ἑπτά"
42,02,36,"P",NULL,"ἀπὸ","ἀπὸ","ἀπό","ἀπό"
42,02,36,"RA","GSF","τῆς","τῆς","τῆς","ὁ"
42,02,36,"N","GSF","παρθενίας","παρθενίας","παρθενίας","παρθενία"
42,02,36,"RP","GSF","αὐτῆς,","αὐτῆς","αὐτῆς","αὐτός"
42,02,37,"C",NULL,"καὶ","καὶ","καί","καί"
42,02,37,"RP","NSF","αὐτὴ","αὐτὴ","αὐτή","αὐτός"
42,02,37,"A","NSF","χήρα","χήρα","χήρα","χήρα"
42,02,37,"P",NULL,"⸀ἕως","ἕως","ἕως","ἕως"
42,02,37,"N","GPN","ἐτῶν","ἐτῶν","ἐτῶν","ἔτος"
42,02,37,"A","GPN","ὀγδοήκοντα","ὀγδοήκοντα","ὀγδοήκοντα","ὀγδοήκοντα"
42,02,37,"A","GPN","τεσσάρων,)","τεσσάρων","τεσσάρων","τέσσαρες"
42,02,37,"RR","NSF","ἣ","ἣ","ἥ","ὅς"
42,02,37,"D",NULL,"οὐκ","οὐκ","οὐ","οὐ"
42,02,37,"V","3IMI-S","⸀ἀφίστατο","ἀφίστατο","ἀφίστατο","ἀφίσταμαι"
42,02,37,"RA","GSN","τοῦ","τοῦ","τοῦ","ὁ"
42,02,37,"A","GSN","ἱεροῦ","ἱεροῦ","ἱεροῦ","ἱερός"
42,02,37,"N","DPF","νηστείαις","νηστείαις","νηστείαις","νηστεία"
42,02,37,"C",NULL,"καὶ","καὶ","καί","καί"
42,02,37,"N","DPF","δεήσεσιν","δεήσεσιν","δεήσεσι(ν)","δέησις"
42,02,37,"V","PAPNSF","λατρεύουσα","λατρεύουσα","λατρεύουσα","λατρεύω"
42,02,37,"N","ASF","νύκτα","νύκτα","νύκτα","νύξ"
42,02,37,"C",NULL,"καὶ","καὶ","καί","καί"
42,02,37,"N","ASF","ἡμέραν.","ἡμέραν","ἡμέραν","ἡμέρα"
42,02,38,"C",NULL,"⸀καὶ","καὶ","καί","καί"
42,02,38,"RP","DSF","αὐτῇ","αὐτῇ","αὐτῇ","αὐτός"
42,02,38,"RA","DSF","τῇ","τῇ","τῇ","ὁ"
42,02,38,"N","DSF","ὥρᾳ","ὥρᾳ","ὥρᾳ","ὥρα"
42,02,38,"V","AAPNSF","ἐπιστᾶσα","ἐπιστᾶσα","ἐπιστᾶσα","ἐφίστημι"
42,02,38,"V","3IMI-S","ἀνθωμολογεῖτο","ἀνθωμολογεῖτο","ἀνθωμολογεῖτο","ἀνθομολογέομαι"
42,02,38,"RA","DSM","τῷ","τῷ","τῷ","ὁ"
42,02,38,"N","DSM","⸀θεῷ","θεῷ","θεῷ","θεός"
42,02,38,"C",NULL,"καὶ","καὶ","καί","καί"
42,02,38,"V","3IAI-S","ἐλάλει","ἐλάλει","ἐλάλει","λαλέω"
42,02,38,"P",NULL,"περὶ","περὶ","περί","περί"
42,02,38,"RP","GSM","αὐτοῦ","αὐτοῦ","αὐτοῦ","αὐτός"
42,02,38,"A","DPM","πᾶσιν","πᾶσιν","πᾶσι(ν)","πᾶς"
42,02,38,"RA","DPM","τοῖς","τοῖς","τοῖς","ὁ"
42,02,38,"V","PMPDPM","προσδεχομένοις","προσδεχομένοις","προσδεχομένοις","προσδέχομαι"
42,02,38,"N","ASF","⸀λύτρωσιν","λύτρωσιν","λύτρωσιν","λύτρωσις"
42,02,38,"N","GSF","Ἰερουσαλήμ.","Ἰερουσαλήμ","Ἰερουσαλήμ","Ἰερουσαλήμ"
42,02,39,"C",NULL,"Καὶ","Καὶ","καί","καί"
42,02,39,"C",NULL,"ὡς","ὡς","ὡς","ὡς"
42,02,39,"V","3AAI-P","ἐτέλεσαν","ἐτέλεσαν","ἐτέλεσαν","τελέω"
42,02,39,"A","APN","⸀πάντα","πάντα","πάντα","πᾶς"
42,02,39,"RA","APN","τὰ","τὰ","τά","ὁ"
42,02,39,"P",NULL,"κατὰ","κατὰ","κατά","κατά"
42,02,39,"RA","ASM","τὸν","τὸν","τόν","ὁ"
42,02,39,"N","ASM","νόμον","νόμον","νόμον","νόμος"
42,02,39,"N","GSM","κυρίου,","κυρίου","κυρίου","κύριος"
42,02,39,"V","3AAI-P","⸀ἐπέστρεψαν","ἐπέστρεψαν","ἐπέστρεψαν","ἐπιστρέφω"
42,02,39,"P",NULL,"εἰς","εἰς","εἰς","εἰς"
42,02,39,"RA","ASF","τὴν","τὴν","τήν","ὁ"
42,02,39,"N","ASF","Γαλιλαίαν","Γαλιλαίαν","Γαλιλαίαν","Γαλιλαία"
42,02,39,"P",NULL,"⸀εἰς","εἰς","εἰς","εἰς"
42,02,39,"N","ASF","πόλιν","πόλιν","πόλιν","πόλις"
42,02,39,"RP","GPM","ἑαυτῶν","ἑαυτῶν","ἑαυτῶν","ἑαυτοῦ"
42,02,39,"N","ASF","Ναζαρέθ.","Ναζαρέθ","Ναζαρέθ","Ναζαρέθ"
42,02,40,"RA","NSN","Τὸ","Τὸ","τό","ὁ"
42,02,40,"C",NULL,"δὲ","δὲ","δέ","δέ"
42,02,40,"N","NSN","παιδίον","παιδίον","παιδίον","παιδίον"
42,02,40,"V","3IAI-S","ηὔξανεν","ηὔξανεν","ηὔξανε(ν)","αὐξάνω"
42,02,40,"C",NULL,"καὶ","καὶ","καί","καί"
42,02,40,"V","3IPI-S","ἐκραταιοῦτο","ἐκραταιοῦτο","ἐκραταιοῦτο","κραταιόομαι"
42,02,40,"V","PPPNSN","⸂πληρούμενον","πληρούμενον","πληρούμενον","πληρόω"
42,02,40,"N","DSF","σοφίᾳ⸃,","σοφίᾳ","σοφίᾳ","σοφία"
42,02,40,"C",NULL,"καὶ","καὶ","καί","καί"
42,02,40,"N","NSF","χάρις","χάρις","χάρις","χάρις"
42,02,40,"N","GSM","θεοῦ","θεοῦ","θεοῦ","θεός"
42,02,40,"V","3IAI-S","ἦν","ἦν","ἦν","εἰμί"
42,02,40,"P",NULL,"ἐπ’","ἐπ’","ἐπί","ἐπί"
42,02,40,"RP","ASN","αὐτό.","αὐτό","αὐτό","αὐτός"
42,02,41,"C",NULL,"Καὶ","Καὶ","καί","καί"
42,02,41,"V","3IMI-P","ἐπορεύοντο","ἐπορεύοντο","ἐπορεύοντο","πορεύομαι"
42,02,41,"RA","NPM","οἱ","οἱ","οἱ","ὁ"
42,02,41,"N","NPM","γονεῖς","γονεῖς","γονεῖς","γονεύς"
42,02,41,"RP","GSM","αὐτοῦ","αὐτοῦ","αὐτοῦ","αὐτός"
42,02,41,"P",NULL,"κατ’","κατ’","κατά","κατά"
42,02,41,"N","ASN","ἔτος","ἔτος","ἔτος","ἔτος"
42,02,41,"P",NULL,"εἰς","εἰς","εἰς","εἰς"
42,02,41,"N","ASF","Ἰερουσαλὴμ","Ἰερουσαλὴμ","Ἰερουσαλήμ","Ἰερουσαλήμ"
42,02,41,"RA","DSF","τῇ","τῇ","τῇ","ὁ"
42,02,41,"N","DSF","ἑορτῇ","ἑορτῇ","ἑορτῇ","ἑορτή"
42,02,41,"RA","GSN","τοῦ","τοῦ","τοῦ","ὁ"
42,02,41,"N","GSN","πάσχα.","πάσχα","πάσχα","πάσχα"
42,02,42,"C",NULL,"καὶ","καὶ","καί","καί"
42,02,42,"C",NULL,"ὅτε","ὅτε","ὅτε","ὅτε"
42,02,42,"V","3AMI-S","ἐγένετο","ἐγένετο","ἐγένετο","γίνομαι"
42,02,42,"N","GPN","ἐτῶν","ἐτῶν","ἐτῶν","ἔτος"
42,02,42,"A","GPN","δώδεκα,","δώδεκα","δώδεκα","δώδεκα"
42,02,42,"V","PAPGPM","⸀ἀναβαινόντων","ἀναβαινόντων","ἀναβαινόντων","ἀναβαίνω"
42,02,42,"RP","GPM","⸀αὐτῶν","αὐτῶν","αὐτῶν","αὐτός"
42,02,42,"P",NULL,"κατὰ","κατὰ","κατά","κατά"
42,02,42,"RA","ASN","τὸ","τὸ","τό","ὁ"
42,02,42,"N","ASN","ἔθος","ἔθος","ἔθος","ἔθος"
42,02,42,"RA","GSF","τῆς","τῆς","τῆς","ὁ"
42,02,42,"N","GSF","ἑορτῆς","ἑορτῆς","ἑορτῆς","ἑορτή"
42,02,43,"C",NULL,"καὶ","καὶ","καί","καί"
42,02,43,"V","AAPGPM","τελειωσάντων","τελειωσάντων","τελειωσάντων","τελειόω"
42,02,43,"RA","APF","τὰς","τὰς","τάς","ὁ"
42,02,43,"N","APF","ἡμέρας,","ἡμέρας","ἡμέρας","ἡμέρα"
42,02,43,"P",NULL,"ἐν","ἐν","ἐν","ἐν"
42,02,43,"RA","DSN","τῷ","τῷ","τῷ","ὁ"
42,02,43,"V","PAN","ὑποστρέφειν","ὑποστρέφειν","ὑποστρέφειν","ὑποστρέφω"
42,02,43,"RP","APM","αὐτοὺς","αὐτοὺς","αὐτούς","αὐτός"
42,02,43,"V","3AAI-S","ὑπέμεινεν","ὑπέμεινεν","ὑπέμεινε(ν)","ὑπομένω"
42,02,43,"N","NSM","Ἰησοῦς","Ἰησοῦς","Ἰησοῦς","Ἰησοῦς"
42,02,43,"RA","NSM","ὁ","ὁ","ὁ","ὁ"
42,02,43,"N","NSM","παῖς","παῖς","παῖς","παῖς"
42,02,43,"P",NULL,"ἐν","ἐν","ἐν","ἐν"
42,02,43,"N","DSF","Ἰερουσαλήμ,","Ἰερουσαλήμ","Ἰερουσαλήμ","Ἰερουσαλήμ"
42,02,43,"C",NULL,"καὶ","καὶ","καί","καί"
42,02,43,"D",NULL,"οὐκ","οὐκ","οὐ","οὐ"
42,02,43,"V","3AAI-P","⸂ἔγνωσαν","ἔγνωσαν","ἔγνωσαν","γινώσκω"
42,02,43,"RA","NPM","οἱ","οἱ","οἱ","ὁ"
42,02,43,"N","NPM","γονεῖς⸃","γονεῖς","γονεῖς","γονεύς"
42,02,43,"RP","GSM","αὐτοῦ.","αὐτοῦ","αὐτοῦ","αὐτός"
42,02,44,"V","AAPNPM","νομίσαντες","νομίσαντες","νομίσαντες","νομίζω"
42,02,44,"C",NULL,"δὲ","δὲ","δέ","δέ"
42,02,44,"RP","ASM","αὐτὸν","αὐτὸν","αὐτόν","αὐτός"
42,02,44,"V","PAN","⸂εἶναι","εἶναι","εἶναι","εἰμί"
42,02,44,"P",NULL,"ἐν","ἐν","ἐν","ἐν"
42,02,44,"RA","DSF","τῇ","τῇ","τῇ","ὁ"
42,02,44,"N","DSF","συνοδίᾳ⸃","συνοδίᾳ","συνοδίᾳ","συνοδία"
42,02,44,"V","3AAI-P","ἦλθον","ἦλθον","ἦλθον","ἔρχομαι"
42,02,44,"N","GSF","ἡμέρας","ἡμέρας","ἡμέρας","ἡμέρα"
42,02,44,"N","ASF","ὁδὸν","ὁδὸν","ὁδόν","ὁδός"
42,02,44,"C",NULL,"καὶ","καὶ","καί","καί"
42,02,44,"V","3IAI-P","ἀνεζήτουν","ἀνεζήτουν","ἀνεζήτουν","ἀναζητέω"
42,02,44,"RP","ASM","αὐτὸν","αὐτὸν","αὐτόν","αὐτός"
42,02,44,"P",NULL,"ἐν","ἐν","ἐν","ἐν"
42,02,44,"RA","DPM","τοῖς","τοῖς","τοῖς","ὁ"
42,02,44,"A","DPM","συγγενεῦσιν","συγγενεῦσιν","συγγενεῦσι(ν)","συγγενής"
42,02,44,"C",NULL,"⸀καὶ","καὶ","καί","καί"
42,02,44,"RA","DPM","τοῖς","τοῖς","τοῖς","ὁ"
42,02,44,"A","DPM","γνωστοῖς,","γνωστοῖς","γνωστοῖς","γνωστός"
42,02,45,"C",NULL,"καὶ","καὶ","καί","καί"
42,02,45,"D",NULL,"μὴ","μὴ","μή","μή"
42,02,45,"V","AAPNPM","⸀εὑρόντες","εὑρόντες","εὑρόντες","εὑρίσκω"
42,02,45,"V","3AAI-P","ὑπέστρεψαν","ὑπέστρεψαν","ὑπέστρεψαν","ὑποστρέφω"
42,02,45,"P",NULL,"εἰς","εἰς","εἰς","εἰς"
42,02,45,"N","ASF","Ἰερουσαλὴμ","Ἰερουσαλὴμ","Ἰερουσαλήμ","Ἰερουσαλήμ"
42,02,45,"V","PAPNPM","⸀ἀναζητοῦντες","ἀναζητοῦντες","ἀναζητοῦντες","ἀναζητέω"
42,02,45,"RP","ASM","αὐτόν.","αὐτόν","αὐτόν","αὐτός"
42,02,46,"C",NULL,"καὶ","καὶ","καί","καί"
42,02,46,"V","3AMI-S","ἐγένετο","ἐγένετο","ἐγένετο","γίνομαι"
42,02,46,"P",NULL,"μετὰ","μετὰ","μετά","μετά"
42,02,46,"N","APF","ἡμέρας","ἡμέρας","ἡμέρας","ἡμέρα"
42,02,46,"A","APF","τρεῖς","τρεῖς","τρεῖς","τρεῖς"
42,02,46,"V","3AAI-P","εὗρον","εὗρον","εὗρον","εὑρίσκω"
42,02,46,"RP","ASM","αὐτὸν","αὐτὸν","αὐτόν","αὐτός"
42,02,46,"P",NULL,"ἐν","ἐν","ἐν","ἐν"
42,02,46,"RA","DSN","τῷ","τῷ","τῷ","ὁ"
42,02,46,"A","DSN","ἱερῷ","ἱερῷ","ἱερῷ","ἱερός"
42,02,46,"V","PMPASM","καθεζόμενον","καθεζόμενον","καθεζόμενον","καθέζομαι"
42,02,46,"P",NULL,"ἐν","ἐν","ἐν","ἐν"
42,02,46,"A","DSN","μέσῳ","μέσῳ","μέσῳ","μέσος"
42,02,46,"RA","GPM","τῶν","τῶν","τῶν","ὁ"
42,02,46,"N","GPM","διδασκάλων","διδασκάλων","διδασκάλων","διδάσκαλος"
42,02,46,"C",NULL,"καὶ","καὶ","καί","καί"
42,02,46,"V","PAPASM","ἀκούοντα","ἀκούοντα","ἀκούοντα","ἀκούω"
42,02,46,"RP","GPM","αὐτῶν","αὐτῶν","αὐτῶν","αὐτός"
42,02,46,"C",NULL,"καὶ","καὶ","καί","καί"
42,02,46,"V","PAPASM","ἐπερωτῶντα","ἐπερωτῶντα","ἐπερωτῶντα","ἐπερωτάω"
42,02,46,"RP","APM","αὐτούς·","αὐτούς","αὐτούς","αὐτός"
42,02,47,"V","3IMI-P","ἐξίσταντο","ἐξίσταντο","ἐξίσταντο","ἐξίστημι"
42,02,47,"C",NULL,"δὲ","δὲ","δέ","δέ"
42,02,47,"A","NPM","πάντες","πάντες","πάντες","πᾶς"
42,02,47,"RA","NPM","οἱ","οἱ","οἱ","ὁ"
42,02,47,"V","PAPNPM","ἀκούοντες","ἀκούοντες","ἀκούοντες","ἀκούω"
42,02,47,"RP","GSM","αὐτοῦ","αὐτοῦ","αὐτοῦ","αὐτός"
42,02,47,"P",NULL,"ἐπὶ","ἐπὶ","ἐπί","ἐπί"
42,02,47,"RA","DSF","τῇ","τῇ","τῇ","ὁ"
42,02,47,"N","DSF","συνέσει","συνέσει","συνέσει","σύνεσις"
42,02,47,"C",NULL,"καὶ","καὶ","καί","καί"
42,02,47,"RA","DPF","ταῖς","ταῖς","ταῖς","ὁ"
42,02,47,"N","DPF","ἀποκρίσεσιν","ἀποκρίσεσιν","ἀποκρίσεσι(ν)","ἀπόκρισις"
42,02,47,"RP","GSM","αὐτοῦ.","αὐτοῦ","αὐτοῦ","αὐτός"
42,02,48,"C",NULL,"καὶ","καὶ","καί","καί"
42,02,48,"V","AAPNPM","ἰδόντες","ἰδόντες","ἰδόντες","ὁράω"
42,02,48,"RP","ASM","αὐτὸν","αὐτὸν","αὐτόν","αὐτός"
42,02,48,"V","3API-P","ἐξεπλάγησαν,","ἐξεπλάγησαν","ἐξεπλάγησαν","ἐκπλήσσομαι"
42,02,48,"C",NULL,"καὶ","καὶ","καί","καί"
42,02,48,"V","3AAI-S","⸂εἶπεν","εἶπεν","εἶπε(ν)","λέγω"
42,02,48,"P",NULL,"πρὸς","πρὸς","πρός","πρός"
42,02,48,"RP","ASM","αὐτὸν","αὐτὸν","αὐτόν","αὐτός"
42,02,48,"RA","NSF","ἡ","ἡ","ἡ","ὁ"
42,02,48,"N","NSF","μήτηρ","μήτηρ","μήτηρ","μήτηρ"
42,02,48,"RP","GSM","αὐτοῦ⸃·","αὐτοῦ","αὐτοῦ","αὐτός"
42,02,48,"N","VSN","Τέκνον,","Τέκνον","τέκνον","τέκνον"
42,02,48,"RI","ASN","τί","τί","τί","τίς"
42,02,48,"V","2AAI-S","ἐποίησας","ἐποίησας","ἐποίησας","ποιέω"
42,02,48,"RP","DP","ἡμῖν","ἡμῖν","ἡμῖν","ἐγώ"
42,02,48,"D",NULL,"οὕτως;","οὕτως","οὕτω(ς)","οὕτω(ς)"
42,02,48,"X",NULL,"ἰδοὺ","ἰδοὺ","ἰδού","ἰδού"
42,02,48,"RA","NSM","ὁ","ὁ","ὁ","ὁ"
42,02,48,"N","NSM","πατήρ","πατήρ","πατήρ","πατήρ"
42,02,48,"RP","GS","σου","σου","σου","σύ"
42,02,48,"C",NULL,"καὶ","καὶ","καί","καί"
42,02,48,"RP","NS","ἐγὼ","ἐγὼ","ἐγώ","ἐγώ"
42,02,48,"V","PMPNPM","ὀδυνώμενοι","ὀδυνώμενοι","ὀδυνώμενοι","ὀδυνάομαι"
42,02,48,"V","1IAI-P","⸀ἐζητοῦμέν","ἐζητοῦμέν","ἐζητοῦμεν","ζητέω"
42,02,48,"RP","AS","σε.","σε","σε","σύ"
42,02,49,"C",NULL,"καὶ","καὶ","καί","καί"
42,02,49,"V","3AAI-S","εἶπεν","εἶπεν","εἶπε(ν)","λέγω"
42,02,49,"P",NULL,"πρὸς","πρὸς","πρός","πρός"
42,02,49,"RP","APM","αὐτούς·","αὐτούς","αὐτούς","αὐτός"
42,02,49,"RI","ASN","Τί","Τί","τί","τίς"
42,02,49,"C",NULL,"ὅτι","ὅτι","ὅτι","ὅτι"
42,02,49,"V","2IAI-P","ἐζητεῖτέ","ἐζητεῖτέ","ἐζητεῖτε","ζητέω"
42,02,49,"RP","AS","με;","με","με","ἐγώ"
42,02,49,"D",NULL,"οὐκ","οὐκ","οὐ","οὐ"
42,02,49,"V","2YAI-P","ᾔδειτε","ᾔδειτε","ᾔδειτε","οἶδα"
42,02,49,"C",NULL,"ὅτι","ὅτι","ὅτι","ὅτι"
42,02,49,"P",NULL,"ἐν","ἐν","ἐν","ἐν"
42,02,49,"RA","DPN","τοῖς","τοῖς","τοῖς","ὁ"
42,02,49,"RA","GSM","τοῦ","τοῦ","τοῦ","ὁ"
42,02,49,"N","GSM","πατρός","πατρός","πατρός","πατήρ"
42,02,49,"RP","GS","μου","μου","μου","ἐγώ"
42,02,49,"V","3PAI-S","δεῖ","δεῖ","δεῖ","δέω"
42,02,49,"V","PAN","εἶναί","εἶναί","εἶναι","εἰμί"
42,02,49,"RP","AS","με;","με","με","ἐγώ"
42,02,50,"C",NULL,"καὶ","καὶ","καί","καί"
42,02,50,"RP","NPM","αὐτοὶ","αὐτοὶ","αὐτοί","αὐτός"
42,02,50,"D",NULL,"οὐ","οὐ","οὐ","οὐ"
42,02,50,"V","3AAI-P","συνῆκαν","συνῆκαν","συνῆκαν","συνίημι"
42,02,50,"RA","ASN","τὸ","τὸ","τό","ὁ"
42,02,50,"N","ASN","ῥῆμα","ῥῆμα","ῥῆμα","ῥῆμα"
42,02,50,"RR","ASN","ὃ","ὃ","ὅ","ὅς"
42,02,50,"V","3AAI-S","ἐλάλησεν","ἐλάλησεν","ἐλάλησε(ν)","λαλέω"
42,02,50,"RP","DPM","αὐτοῖς.","αὐτοῖς","αὐτοῖς","αὐτός"
42,02,51,"C",NULL,"καὶ","καὶ","καί","καί"
42,02,51,"V","3AAI-S","κατέβη","κατέβη","κατέβη","καταβαίνω"
42,02,51,"P",NULL,"μετ’","μετ’","μετά","μετά"
42,02,51,"RP","GPM","αὐτῶν","αὐτῶν","αὐτῶν","αὐτός"
42,02,51,"C",NULL,"καὶ","καὶ","καί","καί"
42,02,51,"V","3AAI-S","ἦλθεν","ἦλθεν","ἦλθε(ν)","ἔρχομαι"
42,02,51,"P",NULL,"εἰς","εἰς","εἰς","εἰς"
42,02,51,"N","ASF","Ναζαρέθ,","Ναζαρέθ","Ναζαρέθ","Ναζαρέθ"
42,02,51,"C",NULL,"καὶ","καὶ","καί","καί"
42,02,51,"V","3IAI-S","ἦν","ἦν","ἦν","εἰμί"
42,02,51,"V","PPPNSM","ὑποτασσόμενος","ὑποτασσόμενος","ὑποτασσόμενος","ὑποτάσσω"
42,02,51,"RP","DPM","αὐτοῖς.","αὐτοῖς","αὐτοῖς","αὐτός"
42,02,51,"C",NULL,"καὶ","καὶ","καί","καί"
42,02,51,"RA","NSF","ἡ","ἡ","ἡ","ὁ"
42,02,51,"N","NSF","μήτηρ","μήτηρ","μήτηρ","μήτηρ"
42,02,51,"RP","GSM","αὐτοῦ","αὐτοῦ","αὐτοῦ","αὐτός"
42,02,51,"V","3IAI-S","διετήρει","διετήρει","διετήρει","διατηρέω"
42,02,51,"A","APN","πάντα","πάντα","πάντα","πᾶς"
42,02,51,"RA","APN","τὰ","τὰ","τά","ὁ"
42,02,51,"N","APN","ῥήματα","ῥήματα","ῥήματα","ῥῆμα"
42,02,51,"RD","APN","⸀ταῦτα","ταῦτα","ταῦτα","οὗτος"
42,02,51,"P",NULL,"ἐν","ἐν","ἐν","ἐν"
42,02,51,"RA","DSF","τῇ","τῇ","τῇ","ὁ"
42,02,51,"N","DSF","καρδίᾳ","καρδίᾳ","καρδίᾳ","καρδία"
42,02,51,"RP","GSF","αὐτῆς.","αὐτῆς","αὐτῆς","αὐτός"
42,02,52,"C",NULL,"Καὶ","Καὶ","καί","καί"
42,02,52,"N","NSM","Ἰησοῦς","Ἰησοῦς","Ἰησοῦς","Ἰησοῦς"
42,02,52,"V","3IAI-S","προέκοπτεν","προέκοπτεν","προέκοπτε(ν)","προκόπτω"
42,02,52,"N","DSF","⸂σοφίᾳ","σοφίᾳ","σοφίᾳ","σοφία"
42,02,52,"C",NULL,"καὶ","καὶ","καί","καί"
42,02,52,"N","DSF","ἡλικίᾳ⸃","ἡλικίᾳ","ἡλικίᾳ","ἡλικία"
42,02,52,"C",NULL,"καὶ","καὶ","καί","καί"
42,02,52,"N","DSF","χάριτι","χάριτι","χάριτι","χάρις"
42,02,52,"P",NULL,"παρὰ","παρὰ","παρά","παρά"
42,02,52,"N","DSM","θεῷ","θεῷ","θεῷ","θεός"
42,02,52,"C",NULL,"καὶ","καὶ","καί","καί"
42,02,52,"N","DPM","ἀνθρώποις.","ἀνθρώποις","ἀνθρώποις","ἄνθρωπος"
42,03,01,"P",NULL,"Ἐν","Ἐν","ἐν","ἐν"
42,03,01,"N","DSN","ἔτει","ἔτει","ἔτει","ἔτος"
42,03,01,"C",NULL,"δὲ","δὲ","δέ","δέ"
42,03,01,"A","DSN","πεντεκαιδεκάτῳ","πεντεκαιδεκάτῳ","πεντεκαιδεκάτῳ","πεντεκαιδέκατος"
42,03,01,"RA","GSF","τῆς","τῆς","τῆς","ὁ"
42,03,01,"N","GSF","ἡγεμονίας","ἡγεμονίας","ἡγεμονίας","ἡγεμονία"
42,03,01,"N","GSM","Τιβερίου","Τιβερίου","Τιβερίου","Τιβέριος"
42,03,01,"N","GSM","Καίσαρος,","Καίσαρος","Καίσαρος","Καῖσαρ"
42,03,01,"V","PAPGSM","ἡγεμονεύοντος","ἡγεμονεύοντος","ἡγεμονεύοντος","ἡγεμονεύω"
42,03,01,"N","GSM","Ποντίου","Ποντίου","Ποντίου","Πόντιος"
42,03,01,"N","GSM","Πιλάτου","Πιλάτου","Πιλάτου","Πιλᾶτος"
42,03,01,"RA","GSF","τῆς","τῆς","τῆς","ὁ"
42,03,01,"N","GSF","Ἰουδαίας,","Ἰουδαίας","Ἰουδαίας","Ἰουδαία"
42,03,01,"C",NULL,"καὶ","καὶ","καί","καί"
42,03,01,"V","PAPGSM","τετρααρχοῦντος","τετρααρχοῦντος","τετρααρχοῦντος","τετρααρχέω"
42,03,01,"RA","GSF","τῆς","τῆς","τῆς","ὁ"
42,03,01,"N","GSF","Γαλιλαίας","Γαλιλαίας","Γαλιλαίας","Γαλιλαία"
42,03,01,"N","GSM","Ἡρῴδου,","Ἡρῴδου","Ἡρῴδου","Ἡρῴδης"
42,03,01,"N","GSM","Φιλίππου","Φιλίππου","Φιλίππου","Φίλιππος"
42,03,01,"C",NULL,"δὲ","δὲ","δέ","δέ"
42,03,01,"RA","GSM","τοῦ","τοῦ","τοῦ","ὁ"
42,03,01,"N","GSM","ἀδελφοῦ","ἀδελφοῦ","ἀδελφοῦ","ἀδελφός"
42,03,01,"RP","GSM","αὐτοῦ","αὐτοῦ","αὐτοῦ","αὐτός"
42,03,01,"V","PAPGSM","τετρααρχοῦντος","τετρααρχοῦντος","τετρααρχοῦντος","τετρααρχέω"
42,03,01,"RA","GSF","τῆς","τῆς","τῆς","ὁ"
42,03,01,"A","GSF","Ἰτουραίας","Ἰτουραίας","Ἰτουραίας","Ἰτουραῖος"
42,03,01,"C",NULL,"καὶ","καὶ","καί","καί"
42,03,01,"A","GSF","Τραχωνίτιδος","Τραχωνίτιδος","Τραχωνίτιδος","Τραχωνῖτις"
42,03,01,"N","GSF","χώρας,","χώρας","χώρας","χώρα"
42,03,01,"C",NULL,"καὶ","καὶ","καί","καί"
42,03,01,"N","GSM","Λυσανίου","Λυσανίου","Λυσανίου","Λυσανίας"
42,03,01,"RA","GSF","τῆς","τῆς","τῆς","ὁ"
42,03,01,"N","GSF","Ἀβιληνῆς","Ἀβιληνῆς","Ἀβιληνῆς","Ἀβιληνή"
42,03,01,"V","PAPGSM","τετρααρχοῦντος,","τετρααρχοῦντος","τετρααρχοῦντος","τετρααρχέω"
42,03,02,"P",NULL,"ἐπὶ","ἐπὶ","ἐπί","ἐπί"
42,03,02,"N","GSM","ἀρχιερέως","ἀρχιερέως","ἀρχιερέως","ἀρχιερεύς"
42,03,02,"N","GSM","Ἅννα","Ἅννα","Ἅννα","Ἅννας"
42,03,02,"C",NULL,"καὶ","καὶ","καί","καί"
42,03,02,"N","GSM","Καϊάφα,","Καϊάφα","Καϊάφα","Καϊάφας"
42,03,02,"V","3AMI-S","ἐγένετο","ἐγένετο","ἐγένετο","γίνομαι"
42,03,02,"N","NSN","ῥῆμα","ῥῆμα","ῥῆμα","ῥῆμα"
42,03,02,"N","GSM","θεοῦ","θεοῦ","θεοῦ","θεός"
42,03,02,"P",NULL,"ἐπὶ","ἐπὶ","ἐπί","ἐπί"
42,03,02,"N","ASM","Ἰωάννην","Ἰωάννην","Ἰωάννην","Ἰωάννης"
42,03,02,"RA","ASM","τὸν","τὸν","τόν","ὁ"
42,03,02,"N","GSM","Ζαχαρίου","Ζαχαρίου","Ζαχαρίου","Ζαχαρίας"
42,03,02,"N","ASM","υἱὸν","υἱὸν","υἱόν","υἱός"
42,03,02,"P",NULL,"ἐν","ἐν","ἐν","ἐν"
42,03,02,"RA","DSF","τῇ","τῇ","τῇ","ὁ"
42,03,02,"A","DSF","ἐρήμῳ.","ἐρήμῳ","ἐρήμῳ","ἔρημος"
42,03,03,"C",NULL,"καὶ","καὶ","καί","καί"
42,03,03,"V","3AAI-S","ἦλθεν","ἦλθεν","ἦλθε(ν)","ἔρχομαι"
42,03,03,"P",NULL,"εἰς","εἰς","εἰς","εἰς"
42,03,03,"A","ASF","⸀πᾶσαν","πᾶσαν","πᾶσαν","πᾶς"
42,03,03,"A","ASF","περίχωρον","περίχωρον","περίχωρον","περίχωρος"
42,03,03,"RA","GSM","τοῦ","τοῦ","τοῦ","ὁ"
42,03,03,"N","GSM","Ἰορδάνου","Ἰορδάνου","Ἰορδάνου","Ἰορδάνης"
42,03,03,"V","PAPNSM","κηρύσσων","κηρύσσων","κηρύσσων","κηρύσσω"
42,03,03,"N","ASN","βάπτισμα","βάπτισμα","βάπτισμα","βάπτισμα"
42,03,03,"N","GSF","μετανοίας","μετανοίας","μετανοίας","μετάνοια"
42,03,03,"P",NULL,"εἰς","εἰς","εἰς","εἰς"
42,03,03,"N","ASF","ἄφεσιν","ἄφεσιν","ἄφεσιν","ἄφεσις"
42,03,03,"N","GPF","ἁμαρτιῶν,","ἁμαρτιῶν","ἁμαρτιῶν","ἁμαρτία"
42,03,04,"C",NULL,"ὡς","ὡς","ὡς","ὡς"
42,03,04,"V","3XPI-S","γέγραπται","γέγραπται","γέγραπται","γράφω"
42,03,04,"P",NULL,"ἐν","ἐν","ἐν","ἐν"
42,03,04,"N","DSF","βίβλῳ","βίβλῳ","βίβλῳ","βίβλος"
42,03,04,"N","GPM","λόγων","λόγων","λόγων","λόγος"
42,03,04,"N","GSM","Ἠσαΐου","Ἠσαΐου","Ἠσαΐου","Ἠσαΐας"
42,03,04,"RA","GSM","τοῦ","τοῦ","τοῦ","ὁ"
42,03,04,"N","GSM","⸀προφήτου·","προφήτου","προφήτου","προφήτης"
42,03,04,"N","NSF","Φωνὴ","Φωνὴ","φωνή","φωνή"
42,03,04,"V","PAPGSM","βοῶντος","βοῶντος","βοῶντος","βοάω"
42,03,04,"P",NULL,"ἐν","ἐν","ἐν","ἐν"
42,03,04,"RA","DSF","τῇ","τῇ","τῇ","ὁ"
42,03,04,"A","DSF","ἐρήμῳ·","ἐρήμῳ","ἐρήμῳ","ἔρημος"
42,03,04,"V","2AAD-P","Ἑτοιμάσατε","Ἑτοιμάσατε","ἑτοιμάσατε","ἑτοιμάζω"
42,03,04,"RA","ASF","τὴν","τὴν","τήν","ὁ"
42,03,04,"N","ASF","ὁδὸν","ὁδὸν","ὁδόν","ὁδός"
42,03,04,"N","GSM","κυρίου,","κυρίου","κυρίου","κύριος"
42,03,04,"A","APF","εὐθείας","εὐθείας","εὐθείας","εὐθύς"
42,03,04,"V","2PAD-P","ποιεῖτε","ποιεῖτε","ποιεῖτε","ποιέω"
42,03,04,"RA","APF","τὰς","τὰς","τάς","ὁ"
42,03,04,"N","APF","τρίβους","τρίβους","τρίβους","τρίβος"
42,03,04,"RP","GSM","αὐτοῦ.","αὐτοῦ","αὐτοῦ","αὐτός"
42,03,05,"A","NSF","πᾶσα","πᾶσα","πᾶσα","πᾶς"
42,03,05,"N","NSF","φάραγξ","φάραγξ","φάραγξ","φάραγξ"
42,03,05,"V","3FPI-S","πληρωθήσεται","πληρωθήσεται","πληρωθήσεται","πληρόω"
42,03,05,"C",NULL,"καὶ","καὶ","καί","καί"
42,03,05,"A","NSN","πᾶν","πᾶν","πᾶν","πᾶς"
42,03,05,"N","NSN","ὄρος","ὄρος","ὄρος","ὄρος"
42,03,05,"C",NULL,"καὶ","καὶ","καί","καί"
42,03,05,"N","NSM","βουνὸς","βουνὸς","βουνός","βουνός"
42,03,05,"V","3FPI-S","ταπεινωθήσεται,","ταπεινωθήσεται","ταπεινωθήσεται","ταπεινόω"
42,03,05,"C",NULL,"καὶ","καὶ","καί","καί"
42,03,05,"V","3FMI-S","ἔσται","ἔσται","ἔσται","εἰμί"
42,03,05,"RA","NPN","τὰ","τὰ","τά","ὁ"
42,03,05,"A","NPN","σκολιὰ","σκολιὰ","σκολιά","σκολιός"
42,03,05,"P",NULL,"εἰς","εἰς","εἰς","εἰς"
42,03,05,"A","ASF","⸀εὐθείαν","εὐθείαν","εὐθείαν","εὐθύς"
42,03,05,"C",NULL,"καὶ","καὶ","καί","καί"
42,03,05,"RA","NPF","αἱ","αἱ","αἱ","ὁ"
42,03,05,"A","NPF","τραχεῖαι","τραχεῖαι","τραχεῖαι","τραχύς"
42,03,05,"P",NULL,"εἰς","εἰς","εἰς","εἰς"
42,03,05,"N","APF","ὁδοὺς","ὁδοὺς","ὁδούς","ὁδός"
42,03,05,"A","APF","λείας·","λείας","λείας","λεῖος"
42,03,06,"C",NULL,"καὶ","καὶ","καί","καί"
42,03,06,"V","3FMI-S","ὄψεται","ὄψεται","ὄψεται","ὁράω"
42,03,06,"A","NSF","πᾶσα","πᾶσα","πᾶσα","πᾶς"
42,03,06,"N","NSF","σὰρξ","σὰρξ","σάρξ","σάρξ"
42,03,06,"RA","ASN","τὸ","τὸ","τό","ὁ"
42,03,06,"A","ASN","σωτήριον","σωτήριον","σωτήριον","σωτήριος"
42,03,06,"RA","GSM","τοῦ","τοῦ","τοῦ","ὁ"
42,03,06,"N","GSM","θεοῦ.","θεοῦ","θεοῦ","θεός"
42,03,07,"V","3IAI-S","Ἔλεγεν","Ἔλεγεν","ἔλεγε(ν)","λέγω"
42,03,07,"C",NULL,"οὖν","οὖν","οὖν","οὖν"
42,03,07,"RA","DPM","τοῖς","τοῖς","τοῖς","ὁ"
42,03,07,"V","PMPDPM","ἐκπορευομένοις","ἐκπορευομένοις","ἐκπορευομένοις","ἐκπορεύομαι"
42,03,07,"N","DPM","ὄχλοις","ὄχλοις","ὄχλοις","ὄχλος"
42,03,07,"V","APN","βαπτισθῆναι","βαπτισθῆναι","βαπτισθῆναι","βαπτίζω"
42,03,07,"P",NULL,"ὑπ’","ὑπ’","ὑπό","ὑπό"
42,03,07,"RP","GSM","αὐτοῦ·","αὐτοῦ","αὐτοῦ","αὐτός"
42,03,07,"N","VPN","Γεννήματα","Γεννήματα","γεννήματα","γέννημα"
42,03,07,"N","GPF","ἐχιδνῶν,","ἐχιδνῶν","ἐχιδνῶν","ἔχιδνα"
42,03,07,"RI","NSM","τίς","τίς","τίς","τίς"
42,03,07,"V","3AAI-S","ὑπέδειξεν","ὑπέδειξεν","ὑπέδειξε(ν)","ὑποδείκνυμι"
42,03,07,"RP","DP","ὑμῖν","ὑμῖν","ὑμῖν","σύ"
42,03,07,"V","AAN","φυγεῖν","φυγεῖν","φυγεῖν","φεύγω"
42,03,07,"P",NULL,"ἀπὸ","ἀπὸ","ἀπό","ἀπό"
42,03,07,"RA","GSF","τῆς","τῆς","τῆς","ὁ"
42,03,07,"V","PAPGSF","μελλούσης","μελλούσης","μελλούσης","μέλλω"
42,03,07,"N","GSF","ὀργῆς;","ὀργῆς","ὀργῆς","ὀργή"
42,03,08,"V","2AAD-P","ποιήσατε","ποιήσατε","ποιήσατε","ποιέω"
42,03,08,"C",NULL,"οὖν","οὖν","οὖν","οὖν"
42,03,08,"N","APM","καρποὺς","καρποὺς","καρπούς","καρπός"
42,03,08,"A","APM","ἀξίους","ἀξίους","ἀξίους","ἄξιος"
42,03,08,"RA","GSF","τῆς","τῆς","τῆς","ὁ"
42,03,08,"N","GSF","μετανοίας·","μετανοίας","μετανοίας","μετάνοια"
42,03,08,"C",NULL,"καὶ","καὶ","καί","καί"
42,03,08,"D",NULL,"μὴ","μὴ","μή","μή"
42,03,08,"V","2AMS-P","ἄρξησθε","ἄρξησθε","ἄρξησθε","ἄρχω"
42,03,08,"V","PAN","λέγειν","λέγειν","λέγειν","λέγω"
42,03,08,"P",NULL,"ἐν","ἐν","ἐν","ἐν"
42,03,08,"RP","DPM","ἑαυτοῖς·","ἑαυτοῖς","ἑαυτοῖς","ἑαυτοῦ"
42,03,08,"N","ASM","Πατέρα","Πατέρα","πατέρα","πατήρ"
42,03,08,"V","1PAI-P","ἔχομεν","ἔχομεν","ἔχομεν","ἔχω"
42,03,08,"RA","ASM","τὸν","τὸν","τόν","ὁ"
42,03,08,"N","ASM","Ἀβραάμ,","Ἀβραάμ","Ἀβραάμ","Ἀβραάμ"
42,03,08,"V","1PAI-S","λέγω","λέγω","λέγω","λέγω"
42,03,08,"C",NULL,"γὰρ","γὰρ","γάρ","γάρ"
42,03,08,"RP","DP","ὑμῖν","ὑμῖν","ὑμῖν","σύ"
42,03,08,"C",NULL,"ὅτι","ὅτι","ὅτι","ὅτι"
42,03,08,"V","3PMI-S","δύναται","δύναται","δύναται","δύναμαι"
42,03,08,"RA","NSM","ὁ","ὁ","ὁ","ὁ"
42,03,08,"N","NSM","θεὸς","θεὸς","θεός","θεός"
42,03,08,"P",NULL,"ἐκ","ἐκ","ἐκ","ἐκ"
42,03,08,"RA","GPM","τῶν","τῶν","τῶν","ὁ"
42,03,08,"N","GPM","λίθων","λίθων","λίθων","λίθος"
42,03,08,"RD","GPM","τούτων","τούτων","τούτων","οὗτος"
42,03,08,"V","AAN","ἐγεῖραι","ἐγεῖραι","ἐγεῖραι","ἐγείρω"
42,03,08,"N","APN","τέκνα","τέκνα","τέκνα","τέκνον"
42,03,08,"RA","DSM","τῷ","τῷ","τῷ","ὁ"
42,03,08,"N","DSM","Ἀβραάμ.","Ἀβραάμ","Ἀβραάμ","Ἀβραάμ"
42,03,09,"D",NULL,"ἤδη","ἤδη","ἤδη","ἤδη"
42,03,09,"C",NULL,"δὲ","δὲ","δέ","δέ"
42,03,09,"D",NULL,"καὶ","καὶ","καί","καί"
42,03,09,"RA","NSF","ἡ","ἡ","ἡ","ὁ"
42,03,09,"N","NSF","ἀξίνη","ἀξίνη","ἀξίνη","ἀξίνη"
42,03,09,"P",NULL,"πρὸς","πρὸς","πρός","πρός"
42,03,09,"RA","ASF","τὴν","τὴν","τήν","ὁ"
42,03,09,"N","ASF","ῥίζαν","ῥίζαν","ῥίζαν","ῥίζα"
42,03,09,"RA","GPN","τῶν","τῶν","τῶν","ὁ"
42,03,09,"N","GPN","δένδρων","δένδρων","δένδρων","δένδρον"
42,03,09,"V","3PMI-S","κεῖται·","κεῖται","κεῖται","κεῖμαι"
42,03,09,"A","NSN","πᾶν","πᾶν","πᾶν","πᾶς"
42,03,09,"C",NULL,"οὖν","οὖν","οὖν","οὖν"
42,03,09,"N","NSN","δένδρον","δένδρον","δένδρον","δένδρον"
42,03,09,"D",NULL,"μὴ","μὴ","μή","μή"
42,03,09,"V","PAPNSN","ποιοῦν","ποιοῦν","ποιοῦν","ποιέω"
42,03,09,"N","ASM","καρπὸν","καρπὸν","καρπόν","καρπός"
42,03,09,"A","ASM","καλὸν","καλὸν","καλόν","καλός"
42,03,09,"V","3PPI-S","ἐκκόπτεται","ἐκκόπτεται","ἐκκόπτεται","ἐκκόπτω"
42,03,09,"C",NULL,"καὶ","καὶ","καί","καί"
42,03,09,"P",NULL,"εἰς","εἰς","εἰς","εἰς"
42,03,09,"N","ASN","πῦρ","πῦρ","πῦρ","πῦρ"
42,03,09,"V","3PPI-S","βάλλεται.","βάλλεται","βάλλεται","βάλλω"
42,03,10,"C",NULL,"Καὶ","Καὶ","καί","καί"
42,03,10,"V","3IAI-P","ἐπηρώτων","ἐπηρώτων","ἐπηρώτων","ἐπερωτάω"
42,03,10,"RP","ASM","αὐτὸν","αὐτὸν","αὐτόν","αὐτός"
42,03,10,"RA","NPM","οἱ","οἱ","οἱ","ὁ"
42,03,10,"N","NPM","ὄχλοι","ὄχλοι","ὄχλοι","ὄχλος"
42,03,10,"V","PAPNPM","λέγοντες·","λέγοντες","λέγοντες","λέγω"
42,03,10,"RI","ASN","Τί","Τί","τί","τίς"
42,03,10,"C",NULL,"οὖν","οὖν","οὖν","οὖν"
42,03,10,"V","1AAS-P","⸀ποιήσωμεν;","ποιήσωμεν","ποιήσωμεν","ποιέω"
42,03,11,"V","APPNSM","ἀποκριθεὶς","ἀποκριθεὶς","ἀποκριθείς","ἀποκρίνομαι"
42,03,11,"C",NULL,"δὲ","δὲ","δέ","δέ"
42,03,11,"V","3IAI-S","⸀ἔλεγεν","ἔλεγεν","ἔλεγε(ν)","λέγω"
42,03,11,"RP","DPM","αὐτοῖς·","αὐτοῖς","αὐτοῖς","αὐτός"
42,03,11,"RA","NSM","Ὁ","Ὁ","ὁ","ὁ"
42,03,11,"V","PAPNSM","ἔχων","ἔχων","ἔχων","ἔχω"
42,03,11,"A","APM","δύο","δύο","δύο","δύο"
42,03,11,"N","APM","χιτῶνας","χιτῶνας","χιτῶνας","χιτών"
42,03,11,"V","3AAD-S","μεταδότω","μεταδότω","μεταδότω","μεταδίδωμι"
42,03,11,"RA","DSM","τῷ","τῷ","τῷ","ὁ"
42,03,11,"D",NULL,"μὴ","μὴ","μή","μή"
42,03,11,"V","PAPDSM","ἔχοντι,","ἔχοντι","ἔχοντι","ἔχω"
42,03,11,"C",NULL,"καὶ","καὶ","καί","καί"
42,03,11,"RA","NSM","ὁ","ὁ","ὁ","ὁ"
42,03,11,"V","PAPNSM","ἔχων","ἔχων","ἔχων","ἔχω"
42,03,11,"N","APN","βρώματα","βρώματα","βρώματα","βρῶμα"
42,03,11,"D",NULL,"ὁμοίως","ὁμοίως","ὁμοίως","ὁμοίως"
42,03,11,"V","3PAD-S","ποιείτω.","ποιείτω","ποιείτω","ποιέω"
42,03,12,"V","3AAI-P","ἦλθον","ἦλθον","ἦλθον","ἔρχομαι"
42,03,12,"C",NULL,"δὲ","δὲ","δέ","δέ"
42,03,12,"D",NULL,"καὶ","καὶ","καί","καί"
42,03,12,"N","NPM","τελῶναι","τελῶναι","τελῶναι","τελώνης"
42,03,12,"V","APN","βαπτισθῆναι","βαπτισθῆναι","βαπτισθῆναι","βαπτίζω"
42,03,12,"C",NULL,"καὶ","καὶ","καί","καί"
42,03,12,"V","3AAI-P","εἶπαν","εἶπαν","εἶπαν","λέγω"
42,03,12,"P",NULL,"πρὸς","πρὸς","πρός","πρός"
42,03,12,"RP","ASM","αὐτόν·","αὐτόν","αὐτόν","αὐτός"
42,03,12,"N","VSM","Διδάσκαλε,","Διδάσκαλε","διδάσκαλε","διδάσκαλος"
42,03,12,"RI","ASN","τί","τί","τί","τίς"
42,03,12,"V","1AAS-P","⸀ποιήσωμεν;","ποιήσωμεν","ποιήσωμεν","ποιέω"
42,03,13,"RA","NSM","ὁ","ὁ","ὁ","ὁ"
42,03,13,"C",NULL,"δὲ","δὲ","δέ","δέ"
42,03,13,"V","3AAI-S","εἶπεν","εἶπεν","εἶπε(ν)","λέγω"
42,03,13,"P",NULL,"πρὸς","πρὸς","πρός","πρός"
42,03,13,"RP","APM","αὐτούς·","αὐτούς","αὐτούς","αὐτός"
42,03,13,"A","ASN","Μηδὲν","Μηδὲν","μηδέν","μηδείς"
42,03,13,"A","ASNC","πλέον","πλέον","πλέον","πολύς"
42,03,13,"P",NULL,"παρὰ","παρὰ","παρά","παρά"
42,03,13,"RA","ASN","τὸ","τὸ","τό","ὁ"
42,03,13,"V","XPPASN","διατεταγμένον","διατεταγμένον","διατεταγμένον","διατάσσω"
42,03,13,"RP","DP","ὑμῖν","ὑμῖν","ὑμῖν","σύ"
42,03,13,"V","2PAD-P","πράσσετε.","πράσσετε","πράσσετε","πράσσω"
42,03,14,"V","3IAI-P","ἐπηρώτων","ἐπηρώτων","ἐπηρώτων","ἐπερωτάω"
42,03,14,"C",NULL,"δὲ","δὲ","δέ","δέ"
42,03,14,"RP","ASM","αὐτὸν","αὐτὸν","αὐτόν","αὐτός"
42,03,14,"D",NULL,"καὶ","καὶ","καί","καί"
42,03,14,"V","PMPNPM","στρατευόμενοι","στρατευόμενοι","στρατευόμενοι","στρατεύομαι"
42,03,14,"V","PAPNPM","λέγοντες·","λέγοντες","λέγοντες","λέγω"
42,03,14,"RI","ASN","⸂Τί","Τί","τί","τίς"
42,03,14,"V","1AAS-P","ποιήσωμεν","ποιήσωμεν","ποιήσωμεν","ποιέω"
42,03,14,"D",NULL,"καὶ","καὶ","καί","καί"
42,03,14,"RP","NP","ἡμεῖς⸃;","ἡμεῖς","ἡμεῖς","ἐγώ"
42,03,14,"C",NULL,"καὶ","καὶ","καί","καί"
42,03,14,"V","3AAI-S","εἶπεν","εἶπεν","εἶπε(ν)","λέγω"
42,03,14,"RP","DPM","⸀αὐτοῖς·","αὐτοῖς","αὐτοῖς","αὐτός"
42,03,14,"A","ASM","Μηδένα","Μηδένα","μηδένα","μηδείς"
42,03,14,"V","2AAS-P","διασείσητε","διασείσητε","διασείσητε","διασείω"
42,03,14,"C",NULL,"μηδὲ","μηδὲ","μηδέ","μηδέ"
42,03,14,"V","2AAS-P","συκοφαντήσητε,","συκοφαντήσητε","συκοφαντήσητε","συκοφαντέω"
42,03,14,"C",NULL,"καὶ","καὶ","καί","καί"
42,03,14,"V","2PPD-P","ἀρκεῖσθε","ἀρκεῖσθε","ἀρκεῖσθε","ἀρκέω"
42,03,14,"RA","DPN","τοῖς","τοῖς","τοῖς","ὁ"
42,03,14,"N","DPN","ὀψωνίοις","ὀψωνίοις","ὀψωνίοις","ὀψώνιον"
42,03,14,"RP","GP","ὑμῶν.","ὑμῶν","ὑμῶν","σύ"
42,03,15,"V","PAPGSM","Προσδοκῶντος","Προσδοκῶντος","προσδοκῶντος","προσδοκάω"
42,03,15,"C",NULL,"δὲ","δὲ","δέ","δέ"
42,03,15,"RA","GSM","τοῦ","τοῦ","τοῦ","ὁ"
42,03,15,"N","GSM","λαοῦ","λαοῦ","λαοῦ","λαός"
42,03,15,"C",NULL,"καὶ","καὶ","καί","καί"
42,03,15,"V","PMPGPM","διαλογιζομένων","διαλογιζομένων","διαλογιζομένων","διαλογίζομαι"
42,03,15,"A","GPM","πάντων","πάντων","πάντων","πᾶς"
42,03,15,"P",NULL,"ἐν","ἐν","ἐν","ἐν"
42,03,15,"RA","DPF","ταῖς","ταῖς","ταῖς","ὁ"
42,03,15,"N","DPF","καρδίαις","καρδίαις","καρδίαις","καρδία"
42,03,15,"RP","GPM","αὐτῶν","αὐτῶν","αὐτῶν","αὐτός"
42,03,15,"P",NULL,"περὶ","περὶ","περί","περί"
42,03,15,"RA","GSM","τοῦ","τοῦ","τοῦ","ὁ"
42,03,15,"N","GSM","Ἰωάννου,","Ἰωάννου","Ἰωάννου","Ἰωάννης"
42,03,15,"X",NULL,"μήποτε","μήποτε","μήποτε","μήποτε"
42,03,15,"RP","NSM","αὐτὸς","αὐτὸς","αὐτός","αὐτός"
42,03,15,"V","3PAO-S","εἴη","εἴη","εἴη","εἰμί"
42,03,15,"RA","NSM","ὁ","ὁ","ὁ","ὁ"
42,03,15,"N","NSM","χριστός,","χριστός","Χριστός","Χριστός"
42,03,16,"V","3AMI-S","ἀπεκρίνατο","ἀπεκρίνατο","ἀπεκρίνατο","ἀποκρίνομαι"
42,03,16,"V","PAPNSM","⸂λέγων","λέγων","λέγων","λέγω"
42,03,16,"A","DPM","πᾶσιν","πᾶσιν","πᾶσι(ν)","πᾶς"
42,03,16,"RA","NSM","ὁ","ὁ","ὁ","ὁ"
42,03,16,"N","NSM","Ἰωάννης⸃·","Ἰωάννης","Ἰωάννης","Ἰωάννης"
42,03,16,"RP","NS","Ἐγὼ","Ἐγὼ","ἐγώ","ἐγώ"
42,03,16,"C",NULL,"μὲν","μὲν","μέν","μέν"
42,03,16,"N","DSN","ὕδατι","ὕδατι","ὕδατι","ὕδωρ"
42,03,16,"V","1PAI-S","βαπτίζω","βαπτίζω","βαπτίζω","βαπτίζω"
42,03,16,"RP","AP","ὑμᾶς·","ὑμᾶς","ὑμᾶς","σύ"
42,03,16,"V","3PMI-S","ἔρχεται","ἔρχεται","ἔρχεται","ἔρχομαι"
42,03,16,"C",NULL,"δὲ","δὲ","δέ","δέ"
42,03,16,"RA","NSM","ὁ","ὁ","ὁ","ὁ"
42,03,16,"A","NSMC","ἰσχυρότερός","ἰσχυρότερός","ἰσχυρότερος","ἰσχυρός"
42,03,16,"RP","GS","μου,","μου","μου","ἐγώ"
42,03,16,"RR","GSM","οὗ","οὗ","οὗ","ὅς"
42,03,16,"D",NULL,"οὐκ","οὐκ","οὐ","οὐ"
42,03,16,"V","1PAI-S","εἰμὶ","εἰμὶ","εἰμί","εἰμί"
42,03,16,"A","NSM","ἱκανὸς","ἱκανὸς","ἱκανός","ἱκανός"
42,03,16,"V","AAN","λῦσαι","λῦσαι","λῦσαι","λύω"
42,03,16,"RA","ASM","τὸν","τὸν","τόν","ὁ"
42,03,16,"N","ASM","ἱμάντα","ἱμάντα","ἱμάντα","ἱμάς"
42,03,16,"RA","GPN","τῶν","τῶν","τῶν","ὁ"
42,03,16,"N","GPN","ὑποδημάτων","ὑποδημάτων","ὑποδημάτων","ὑπόδημα"
42,03,16,"RP","GSM","αὐτοῦ·","αὐτοῦ","αὐτοῦ","αὐτός"
42,03,16,"RP","NSM","αὐτὸς","αὐτὸς","αὐτός","αὐτός"
42,03,16,"RP","AP","ὑμᾶς","ὑμᾶς","ὑμᾶς","σύ"
42,03,16,"V","3FAI-S","βαπτίσει","βαπτίσει","βαπτίσει","βαπτίζω"
42,03,16,"P",NULL,"ἐν","ἐν","ἐν","ἐν"
42,03,16,"N","DSN","πνεύματι","πνεύματι","πνεύματι","πνεῦμα"
42,03,16,"A","DSN","ἁγίῳ","ἁγίῳ","ἁγίῳ","ἅγιος"
42,03,16,"C",NULL,"καὶ","καὶ","καί","καί"
42,03,16,"N","DSN","πυρί·","πυρί","πυρί","πῦρ"
42,03,17,"RR","GSM","οὗ","οὗ","οὗ","ὅς"
42,03,17,"RA","NSN","τὸ","τὸ","τό","ὁ"
42,03,17,"N","NSN","πτύον","πτύον","πτύον","πτύον"
42,03,17,"P",NULL,"ἐν","ἐν","ἐν","ἐν"
42,03,17,"RA","DSF","τῇ","τῇ","τῇ","ὁ"
42,03,17,"N","DSF","χειρὶ","χειρὶ","χειρί","χείρ"
42,03,17,"RP","GSM","αὐτοῦ","αὐτοῦ","αὐτοῦ","αὐτός"
42,03,17,"V","AAN","⸀διακαθᾶραι","διακαθᾶραι","διακαθᾶραι","διακαθαίρω"
42,03,17,"RA","ASF","τὴν","τὴν","τήν","ὁ"
42,03,17,"N","ASF","ἅλωνα","ἅλωνα","ἅλωνα","ἅλων"
42,03,17,"RP","GSM","αὐτοῦ","αὐτοῦ","αὐτοῦ","αὐτός"
42,03,17,"C",NULL,"καὶ","καὶ","καί","καί"
42,03,17,"V","AAN","⸀συναγαγεῖν","συναγαγεῖν","συναγαγεῖν","συνάγω"
42,03,17,"RA","ASM","τὸν","τὸν","τόν","ὁ"
42,03,17,"N","ASM","σῖτον","σῖτον","σῖτον","σῖτος"
42,03,17,"P",NULL,"εἰς","εἰς","εἰς","εἰς"
42,03,17,"RA","ASF","τὴν","τὴν","τήν","ὁ"
42,03,17,"N","ASF","ἀποθήκην","ἀποθήκην","ἀποθήκην","ἀποθήκη"
42,03,17,"RP","GSM","αὐτοῦ,","αὐτοῦ","αὐτοῦ","αὐτός"
42,03,17,"RA","ASN","τὸ","τὸ","τό","ὁ"
42,03,17,"C",NULL,"δὲ","δὲ","δέ","δέ"
42,03,17,"N","ASN","ἄχυρον","ἄχυρον","ἄχυρον","ἄχυρον"
42,03,17,"V","3FAI-S","κατακαύσει","κατακαύσει","κατακαύσει","κατακαίω"
42,03,17,"N","DSN","πυρὶ","πυρὶ","πυρί","πῦρ"
42,03,17,"A","DSN","ἀσβέστῳ.","ἀσβέστῳ","ἀσβέστῳ","ἄσβεστος"
42,03,18,"A","APN","Πολλὰ","Πολλὰ","πολλά","πολύς"
42,03,18,"C",NULL,"μὲν","μὲν","μέν","μέν"
42,03,18,"C",NULL,"οὖν","οὖν","οὖν","οὖν"
42,03,18,"C",NULL,"καὶ","καὶ","καί","καί"
42,03,18,"A","APN","ἕτερα","ἕτερα","ἕτερα","ἕτερος"
42,03,18,"V","PAPNSM","παρακαλῶν","παρακαλῶν","παρακαλῶν","παρακαλέω"
42,03,18,"V","3IMI-S","εὐηγγελίζετο","εὐηγγελίζετο","εὐηγγελίζετο","εὐαγγελίζω"
42,03,18,"RA","ASM","τὸν","τὸν","τόν","ὁ"
42,03,18,"N","ASM","λαόν·","λαόν","λαόν","λαός"
42,03,19,"RA","NSM","ὁ","ὁ","ὁ","ὁ"
42,03,19,"C",NULL,"δὲ","δὲ","δέ","δέ"
42,03,19,"N","NSM","Ἡρῴδης","Ἡρῴδης","Ἡρῴδης","Ἡρῴδης"
42,03,19,"RA","NSM","ὁ","ὁ","ὁ","ὁ"
42,03,19,"N","NSM","τετραάρχης,","τετραάρχης","τετραάρχης","τετραάρχης"
42,03,19,"V","PPPNSM","ἐλεγχόμενος","ἐλεγχόμενος","ἐλεγχόμενος","ἐλέγχω"
42,03,19,"P",NULL,"ὑπ’","ὑπ’","ὑπό","ὑπό"
42,03,19,"RP","GSM","αὐτοῦ","αὐτοῦ","αὐτοῦ","αὐτός"
42,03,19,"P",NULL,"περὶ","περὶ","περί","περί"
42,03,19,"N","GSF","Ἡρῳδιάδος","Ἡρῳδιάδος","Ἡρῳδιάδος","Ἡρῳδιάς"
42,03,19,"RA","GSF","τῆς","τῆς","τῆς","ὁ"
42,03,19,"N","GSF","γυναικὸς","γυναικὸς","γυναικός","γυνή"
42,03,19,"RA","GSM","τοῦ","τοῦ","τοῦ","ὁ"
42,03,19,"N","GSM","ἀδελφοῦ","ἀδελφοῦ","ἀδελφοῦ","ἀδελφός"
42,03,19,"RP","GSM","αὐτοῦ","αὐτοῦ","αὐτοῦ","αὐτός"
42,03,19,"C",NULL,"καὶ","καὶ","καί","καί"
42,03,19,"P",NULL,"περὶ","περὶ","περί","περί"
42,03,19,"A","GPN","πάντων","πάντων","πάντων","πᾶς"
42,03,19,"RR","GPN","ὧν","ὧν","ὧν","ὅς"
42,03,19,"V","3AAI-S","ἐποίησεν","ἐποίησεν","ἐποίησε(ν)","ποιέω"
42,03,19,"A","GPN","πονηρῶν","πονηρῶν","πονηρῶν","πονηρός"
42,03,19,"RA","NSM","ὁ","ὁ","ὁ","ὁ"
42,03,19,"N","NSM","Ἡρῴδης,","Ἡρῴδης","Ἡρῴδης","Ἡρῴδης"
42,03,20,"V","3AAI-S","προσέθηκεν","προσέθηκεν","προσέθηκε(ν)","προστίθημι"
42,03,20,"D",NULL,"καὶ","καὶ","καί","καί"
42,03,20,"RD","ASN","τοῦτο","τοῦτο","τοῦτο","οὗτος"
42,03,20,"P",NULL,"ἐπὶ","ἐπὶ","ἐπί","ἐπί"
42,03,20,"A","DPN","πᾶσιν,","πᾶσιν","πᾶσι(ν)","πᾶς"
42,03,20,"D",NULL,"⸀καὶ","καὶ","καί","καί"
42,03,20,"V","3AAI-S","κατέκλεισεν","κατέκλεισεν","κατέκλεισε(ν)","κατακλείω"
42,03,20,"RA","ASM","τὸν","τὸν","τόν","ὁ"
42,03,20,"N","ASM","Ἰωάννην","Ἰωάννην","Ἰωάννην","Ἰωάννης"
42,03,20,"P",NULL,"⸀ἐν","ἐν","ἐν","ἐν"
42,03,20,"N","DSF","φυλακῇ.","φυλακῇ","φυλακῇ","φυλακή"
42,03,21,"V","3AMI-S","Ἐγένετο","Ἐγένετο","ἐγένετο","γίνομαι"
42,03,21,"C",NULL,"δὲ","δὲ","δέ","δέ"
42,03,21,"P",NULL,"ἐν","ἐν","ἐν","ἐν"
42,03,21,"RA","DSN","τῷ","τῷ","τῷ","ὁ"
42,03,21,"V","APN","βαπτισθῆναι","βαπτισθῆναι","βαπτισθῆναι","βαπτίζω"
42,03,21,"A","ASM","ἅπαντα","ἅπαντα","ἅπαντα","ἅπας"
42,03,21,"RA","ASM","τὸν","τὸν","τόν","ὁ"
42,03,21,"N","ASM","λαὸν","λαὸν","λαόν","λαός"
42,03,21,"C",NULL,"καὶ","καὶ","καί","καί"
42,03,21,"N","GSM","Ἰησοῦ","Ἰησοῦ","Ἰησοῦ","Ἰησοῦς"
42,03,21,"V","APPGSM","βαπτισθέντος","βαπτισθέντος","βαπτισθέντος","βαπτίζω"
42,03,21,"C",NULL,"καὶ","καὶ","καί","καί"
42,03,21,"V","PMPGSM","προσευχομένου","προσευχομένου","προσευχομένου","προσεύχομαι"
42,03,21,"V","APN","ἀνεῳχθῆναι","ἀνεῳχθῆναι","ἀνεῳχθῆναι","ἀνοίγω"
42,03,21,"RA","ASM","τὸν","τὸν","τόν","ὁ"
42,03,21,"N","ASM","οὐρανὸν","οὐρανὸν","οὐρανόν","οὐρανός"
42,03,22,"C",NULL,"καὶ","καὶ","καί","καί"
42,03,22,"V","AAN","καταβῆναι","καταβῆναι","καταβῆναι","καταβαίνω"
42,03,22,"RA","ASN","τὸ","τὸ","τό","ὁ"
42,03,22,"N","ASN","πνεῦμα","πνεῦμα","πνεῦμα","πνεῦμα"
42,03,22,"RA","ASN","τὸ","τὸ","τό","ὁ"
42,03,22,"A","ASN","ἅγιον","ἅγιον","ἅγιον","ἅγιος"
42,03,22,"A","DSN","σωματικῷ","σωματικῷ","σωματικῷ","σωματικός"
42,03,22,"N","DSN","εἴδει","εἴδει","εἴδει","εἶδος"
42,03,22,"C",NULL,"⸀ὡς","ὡς","ὡς","ὡς"
42,03,22,"N","ASF","περιστερὰν","περιστερὰν","περιστεράν","περιστερά"
42,03,22,"P",NULL,"ἐπ’","ἐπ’","ἐπί","ἐπί"
42,03,22,"RP","ASM","αὐτόν,","αὐτόν","αὐτόν","αὐτός"
42,03,22,"C",NULL,"καὶ","καὶ","καί","καί"
42,03,22,"N","ASF","φωνὴν","φωνὴν","φωνήν","φωνή"
42,03,22,"P",NULL,"ἐξ","ἐξ","ἐκ","ἐκ"
42,03,22,"N","GSM","οὐρανοῦ","οὐρανοῦ","οὐρανοῦ","οὐρανός"
42,03,22,"V","AMN","⸀γενέσθαι·","γενέσθαι","γενέσθαι","γίνομαι"
42,03,22,"RP","NS","Σὺ","Σὺ","σύ","σύ"
42,03,22,"V","2PAI-S","εἶ","εἶ","εἶ","εἰμί"
42,03,22,"RA","NSM","ὁ","ὁ","ὁ","ὁ"
42,03,22,"N","NSM","υἱός","υἱός","υἱός","υἱός"
42,03,22,"RP","GS","μου","μου","μου","ἐγώ"
42,03,22,"RA","NSM","ὁ","ὁ","ὁ","ὁ"
42,03,22,"A","NSM","ἀγαπητός,","ἀγαπητός","ἀγαπητός","ἀγαπητός"
42,03,22,"P",NULL,"ἐν","ἐν","ἐν","ἐν"
42,03,22,"RP","DS","σοὶ","σοὶ","σοί","σύ"
42,03,22,"V","1AAI-S","εὐδόκησα.","εὐδόκησα","εὐδόκησα","εὐδοκέω"
42,03,23,"C",NULL,"Καὶ","Καὶ","καί","καί"
42,03,23,"RP","NSM","αὐτὸς","αὐτὸς","αὐτός","αὐτός"
42,03,23,"V","3IAI-S","⸀ἦν","ἦν","ἦν","εἰμί"
42,03,23,"N","NSM","Ἰησοῦς","Ἰησοῦς","Ἰησοῦς","Ἰησοῦς"
42,03,23,"V","PMPNSM","⸂ἀρχόμενος","ἀρχόμενος","ἀρχόμενος","ἄρχω"
42,03,23,"D",NULL,"ὡσεὶ","ὡσεὶ","ὡσεί","ὡσεί"
42,03,23,"N","GPN","ἐτῶν","ἐτῶν","ἐτῶν","ἔτος"
42,03,23,"A","GPN","τριάκοντα⸃,","τριάκοντα","τριάκοντα","τριάκοντα"
42,03,23,"V","PAPNSM","ὢν","ὢν","ὤν","εἰμί"
42,03,23,"N","NSM","⸂υἱός,","υἱός","υἱός","υἱός"
42,03,23,"C",NULL,"ὡς","ὡς","ὡς","ὡς"
42,03,23,"V","3IPI-S","ἐνομίζετο⸃,","ἐνομίζετο","ἐνομίζετο","νομίζω"
42,03,23,"N","GSM","Ἰωσὴφ","Ἰωσὴφ","Ἰωσήφ","Ἰωσήφ"
42,03,23,"RA","GSM","τοῦ","τοῦ","τοῦ","ὁ"
42,03,23,"N","GSM","Ἠλὶ","Ἠλὶ","Ἠλί","Ἠλί"
42,03,24,"RA","GSM","τοῦ","τοῦ","τοῦ","ὁ"
42,03,24,"N","GSM","Μαθθὰτ","Μαθθὰτ","Μαθθάτ","Μαθθάτ"
42,03,24,"RA","GSM","τοῦ","τοῦ","τοῦ","ὁ"
42,03,24,"N","GSM","Λευὶ","Λευὶ","Λευί","Λευί"
42,03,24,"RA","GSM","τοῦ","τοῦ","τοῦ","ὁ"
42,03,24,"N","GSM","Μελχὶ","Μελχὶ","Μελχί","Μελχί"
42,03,24,"RA","GSM","τοῦ","τοῦ","τοῦ","ὁ"
42,03,24,"N","GSM","Ἰανναὶ","Ἰανναὶ","Ἰανναί","Ἰανναί"
42,03,24,"RA","GSM","τοῦ","τοῦ","τοῦ","ὁ"
42,03,24,"N","GSM","Ἰωσὴφ","Ἰωσὴφ","Ἰωσήφ","Ἰωσήφ"
42,03,25,"RA","GSM","τοῦ","τοῦ","τοῦ","ὁ"
42,03,25,"N","GSM","Ματταθίου","Ματταθίου","Ματταθίου","Ματταθίας"
42,03,25,"RA","GSM","τοῦ","τοῦ","τοῦ","ὁ"
42,03,25,"N","GSM","Ἀμὼς","Ἀμὼς","Ἀμώς","Ἀμώς"
42,03,25,"RA","GSM","τοῦ","τοῦ","τοῦ","ὁ"
42,03,25,"N","GSM","Ναοὺμ","Ναοὺμ","Ναούμ","Ναούμ"
42,03,25,"RA","GSM","τοῦ","τοῦ","τοῦ","ὁ"
42,03,25,"N","GSM","Ἑσλὶ","Ἑσλὶ","Ἑσλί","Ἑσλί"
42,03,25,"RA","GSM","τοῦ","τοῦ","τοῦ","ὁ"
42,03,25,"N","GSM","Ναγγαὶ","Ναγγαὶ","Ναγγαί","Ναγγαί"
42,03,26,"RA","GSM","τοῦ","τοῦ","τοῦ","ὁ"
42,03,26,"N","GSM","Μάαθ","Μάαθ","Μάαθ","Μάαθ"
42,03,26,"RA","GSM","τοῦ","τοῦ","τοῦ","ὁ"
42,03,26,"N","GSM","Ματταθίου","Ματταθίου","Ματταθίου","Ματταθίας"
42,03,26,"RA","GSM","τοῦ","τοῦ","τοῦ","ὁ"
42,03,26,"N","GSM","Σεμεῒν","Σεμεῒν","Σεμεΐν","Σεμεΐν"
42,03,26,"RA","GSM","τοῦ","τοῦ","τοῦ","ὁ"
42,03,26,"N","GSM","⸀Ἰωσὴχ","Ἰωσὴχ","Ἰωσήχ","Ἰωσήχ"
42,03,26,"RA","GSM","τοῦ","τοῦ","τοῦ","ὁ"
42,03,26,"N","GSM","Ἰωδὰ","Ἰωδὰ","Ἰωδά","Ἰωδά"
42,03,27,"RA","GSM","τοῦ","τοῦ","τοῦ","ὁ"
42,03,27,"N","GSM","Ἰωανὰν","Ἰωανὰν","Ἰωανάν","Ἰωανάν"
42,03,27,"RA","GSM","τοῦ","τοῦ","τοῦ","ὁ"
42,03,27,"N","GSM","Ῥησὰ","Ῥησὰ","Ῥησά","Ῥησά"
42,03,27,"RA","GSM","τοῦ","τοῦ","τοῦ","ὁ"
42,03,27,"N","GSM","Ζοροβαβὲλ","Ζοροβαβὲλ","Ζοροβαβέλ","Ζοροβαβέλ"
42,03,27,"RA","GSM","τοῦ","τοῦ","τοῦ","ὁ"
42,03,27,"N","GSM","Σαλαθιὴλ","Σαλαθιὴλ","Σαλαθιήλ","Σαλαθιήλ"
42,03,27,"RA","GSM","τοῦ","τοῦ","τοῦ","ὁ"
42,03,27,"N","GSM","Νηρὶ","Νηρὶ","Νηρί","Νηρί"
42,03,28,"RA","GSM","τοῦ","τοῦ","τοῦ","ὁ"
42,03,28,"N","GSM","Μελχὶ","Μελχὶ","Μελχί","Μελχί"
42,03,28,"RA","GSM","τοῦ","τοῦ","τοῦ","ὁ"
42,03,28,"N","GSM","Ἀδδὶ","Ἀδδὶ","Ἀδδί","Ἀδδί"
42,03,28,"RA","GSM","τοῦ","τοῦ","τοῦ","ὁ"
42,03,28,"N","GSM","Κωσὰμ","Κωσὰμ","Κωσάμ","Κωσάμ"
42,03,28,"RA","GSM","τοῦ","τοῦ","τοῦ","ὁ"
42,03,28,"N","GSM","Ἐλμαδὰμ","Ἐλμαδὰμ","Ἐλμαδάμ","Ἐλμαδάμ"
42,03,28,"RA","GSM","τοῦ","τοῦ","τοῦ","ὁ"
42,03,28,"N","GSM","Ἢρ","Ἢρ","Ἤρ","Ἤρ"
42,03,29,"RA","GSM","τοῦ","τοῦ","τοῦ","ὁ"
42,03,29,"N","GSM","⸀Ἰησοῦ","Ἰησοῦ","Ἰησοῦ","Ἰησοῦς"
42,03,29,"RA","GSM","τοῦ","τοῦ","τοῦ","ὁ"
42,03,29,"N","GSM","Ἐλιέζερ","Ἐλιέζερ","Ἐλιέζερ","Ἐλιέζερ"
42,03,29,"RA","GSM","τοῦ","τοῦ","τοῦ","ὁ"
42,03,29,"N","GSM","Ἰωρὶμ","Ἰωρὶμ","Ἰωρίμ","Ἰωρίμ"
42,03,29,"RA","GSM","τοῦ","τοῦ","τοῦ","ὁ"
42,03,29,"N","GSM","Μαθθὰτ","Μαθθὰτ","Μαθθάτ","Μαθθάτ"
42,03,29,"RA","GSM","τοῦ","τοῦ","τοῦ","ὁ"
42,03,29,"N","GSM","Λευὶ","Λευὶ","Λευί","Λευί"
42,03,30,"RA","GSM","τοῦ","τοῦ","τοῦ","ὁ"
42,03,30,"N","GSM","Συμεὼν","Συμεὼν","Συμεών","Συμεών"
42,03,30,"RA","GSM","τοῦ","τοῦ","τοῦ","ὁ"
42,03,30,"N","GSM","Ἰούδα","Ἰούδα","Ἰούδα","Ἰούδας"
42,03,30,"RA","GSM","τοῦ","τοῦ","τοῦ","ὁ"
42,03,30,"N","GSM","Ἰωσὴφ","Ἰωσὴφ","Ἰωσήφ","Ἰωσήφ"
42,03,30,"RA","GSM","τοῦ","τοῦ","τοῦ","ὁ"
42,03,30,"N","GSM","Ἰωνὰμ","Ἰωνὰμ","Ἰωνάμ","Ἰωνάμ"
42,03,30,"RA","GSM","τοῦ","τοῦ","τοῦ","ὁ"
42,03,30,"N","GSM","Ἐλιακὶμ","Ἐλιακὶμ","Ἐλιακίμ","Ἐλιακίμ"
42,03,31,"RA","GSM","τοῦ","τοῦ","τοῦ","ὁ"
42,03,31,"N","GSM","Μελεὰ","Μελεὰ","Μελεά","Μελεά"
42,03,31,"RA","GSM","τοῦ","τοῦ","τοῦ","ὁ"
42,03,31,"N","GSM","Μεννὰ","Μεννὰ","Μεννά","Μεννά"
42,03,31,"RA","GSM","τοῦ","τοῦ","τοῦ","ὁ"
42,03,31,"N","GSM","Ματταθὰ","Ματταθὰ","Ματταθά","Ματταθά"
42,03,31,"RA","GSM","τοῦ","τοῦ","τοῦ","ὁ"
42,03,31,"N","GSM","Ναθὰμ","Ναθὰμ","Ναθάμ","Ναθάμ"
42,03,31,"RA","GSM","τοῦ","τοῦ","τοῦ","ὁ"
42,03,31,"N","GSM","Δαυὶδ","Δαυὶδ","Δαυίδ","Δαυίδ"
42,03,32,"RA","GSM","τοῦ","τοῦ","τοῦ","ὁ"
42,03,32,"N","GSM","Ἰεσσαὶ","Ἰεσσαὶ","Ἰεσσαί","Ἰεσσαί"
42,03,32,"RA","GSM","τοῦ","τοῦ","τοῦ","ὁ"
42,03,32,"N","GSM","Ἰωβὴλ","Ἰωβὴλ","Ἰωβήλ","Ἰωβήλ"
42,03,32,"RA","GSM","τοῦ","τοῦ","τοῦ","ὁ"
42,03,32,"N","GSM","Βόος","Βόος","Βόος","Βόος"
42,03,32,"RA","GSM","τοῦ","τοῦ","τοῦ","ὁ"
42,03,32,"N","GSM","⸀Σαλὰ","Σαλὰ","Σαλά","Σαλά"
42,03,32,"RA","GSM","τοῦ","τοῦ","τοῦ","ὁ"
42,03,32,"N","GSM","Ναασσὼν","Ναασσὼν","Ναασσών","Ναασσών"
42,03,33,"RA","GSM","τοῦ","τοῦ","τοῦ","ὁ"
42,03,33,"N","GSM","⸂Ἀμιναδὰβ","Ἀμιναδὰβ","Ἀμιναδάβ","Ἀμιναδάβ"
42,03,33,"RA","GSM","τοῦ","τοῦ","τοῦ","ὁ"
42,03,33,"N","GSM","Ἀδμὶν","Ἀδμὶν","Ἀδμίν","Ἀδμίν"
42,03,33,"RA","GSM","τοῦ","τοῦ","τοῦ","ὁ"
42,03,33,"N","GSM","Ἀρνὶ⸃","Ἀρνὶ","Ἀρνί","Ἀρνί"
42,03,33,"RA","GSM","τοῦ","τοῦ","τοῦ","ὁ"
42,03,33,"N","GSM","Ἑσρὼμ","Ἑσρὼμ","Ἑσρώμ","Ἑσρώμ"
42,03,33,"RA","GSM","τοῦ","τοῦ","τοῦ","ὁ"
42,03,33,"N","GSM","Φαρὲς","Φαρὲς","Φαρές","Φαρές"
42,03,33,"RA","GSM","τοῦ","τοῦ","τοῦ","ὁ"
42,03,33,"N","GSM","Ἰούδα","Ἰούδα","Ἰούδα","Ἰούδας"
42,03,34,"RA","GSM","τοῦ","τοῦ","τοῦ","ὁ"
42,03,34,"N","GSM","Ἰακὼβ","Ἰακὼβ","Ἰακώβ","Ἰακώβ"
42,03,34,"RA","GSM","τοῦ","τοῦ","τοῦ","ὁ"
42,03,34,"N","GSM","Ἰσαὰκ","Ἰσαὰκ","Ἰσαάκ","Ἰσαάκ"
42,03,34,"RA","GSM","τοῦ","τοῦ","τοῦ","ὁ"
42,03,34,"N","GSM","Ἀβραὰμ","Ἀβραὰμ","Ἀβραάμ","Ἀβραάμ"
42,03,34,"RA","GSM","τοῦ","τοῦ","τοῦ","ὁ"
42,03,34,"N","GSM","Θάρα","Θάρα","Θάρα","Θάρα"
42,03,34,"RA","GSM","τοῦ","τοῦ","τοῦ","ὁ"
42,03,34,"N","GSM","Ναχὼρ","Ναχὼρ","Ναχώρ","Ναχώρ"
42,03,35,"RA","GSM","τοῦ","τοῦ","τοῦ","ὁ"
42,03,35,"N","GSM","Σεροὺχ","Σεροὺχ","Σερούχ","Σερούχ"
42,03,35,"RA","GSM","τοῦ","τοῦ","τοῦ","ὁ"
42,03,35,"N","GSM","Ῥαγαὺ","Ῥαγαὺ","Ῥαγαύ","Ῥαγαύ"
42,03,35,"RA","GSM","τοῦ","τοῦ","τοῦ","ὁ"
42,03,35,"N","GSM","Φάλεκ","Φάλεκ","Φάλεκ","Φάλεκ"
42,03,35,"RA","GSM","τοῦ","τοῦ","τοῦ","ὁ"
42,03,35,"N","GSM","Ἔβερ","Ἔβερ","Ἔβερ","Ἔβερ"
42,03,35,"RA","GSM","τοῦ","τοῦ","τοῦ","ὁ"
42,03,35,"N","GSM","Σαλὰ","Σαλὰ","Σαλά","Σαλά"
42,03,36,"RA","GSM","τοῦ","τοῦ","τοῦ","ὁ"
42,03,36,"N","GSM","Καϊνὰμ","Καϊνὰμ","Καϊνάμ","Καϊνάμ"
42,03,36,"RA","GSM","τοῦ","τοῦ","τοῦ","ὁ"
42,03,36,"N","GSM","Ἀρφαξὰδ","Ἀρφαξὰδ","Ἀρφαξάδ","Ἀρφαξάδ"
42,03,36,"RA","GSM","τοῦ","τοῦ","τοῦ","ὁ"
42,03,36,"N","GSM","Σὴμ","Σὴμ","Σήμ","Σήμ"
42,03,36,"RA","GSM","τοῦ","τοῦ","τοῦ","ὁ"
42,03,36,"N","GSM","Νῶε","Νῶε","Νῶε","Νῶε"
42,03,36,"RA","GSM","τοῦ","τοῦ","τοῦ","ὁ"
42,03,36,"N","GSM","Λάμεχ","Λάμεχ","Λάμεχ","Λάμεχ"
42,03,37,"RA","GSM","τοῦ","τοῦ","τοῦ","ὁ"
42,03,37,"N","GSM","Μαθουσαλὰ","Μαθουσαλὰ","Μαθουσαλά","Μαθουσαλά"
42,03,37,"RA","GSM","τοῦ","τοῦ","τοῦ","ὁ"
42,03,37,"N","GSM","Ἑνὼχ","Ἑνὼχ","Ἑνώχ","Ἑνώχ"
42,03,37,"RA","GSM","τοῦ","τοῦ","τοῦ","ὁ"
42,03,37,"N","GSM","Ἰάρετ","Ἰάρετ","Ἰάρετ","Ἰάρετ"
42,03,37,"RA","GSM","τοῦ","τοῦ","τοῦ","ὁ"
42,03,37,"N","GSM","Μαλελεὴλ","Μαλελεὴλ","Μαλελεήλ","Μαλελεήλ"
42,03,37,"RA","GSM","τοῦ","τοῦ","τοῦ","ὁ"
42,03,37,"N","GSM","Καϊνὰμ","Καϊνὰμ","Καϊνάμ","Καϊνάμ"
42,03,38,"RA","GSM","τοῦ","τοῦ","τοῦ","ὁ"
42,03,38,"N","GSM","Ἐνὼς","Ἐνὼς","Ἐνώς","Ἐνώς"
42,03,38,"RA","GSM","τοῦ","τοῦ","τοῦ","ὁ"
42,03,38,"N","GSM","Σὴθ","Σὴθ","Σήθ","Σήθ"
42,03,38,"RA","GSM","τοῦ","τοῦ","τοῦ","ὁ"
42,03,38,"N","GSM","Ἀδὰμ","Ἀδὰμ","Ἀδάμ","Ἀδάμ"
42,03,38,"RA","GSM","τοῦ","τοῦ","τοῦ","ὁ"
42,03,38,"N","GSM","θεοῦ.","θεοῦ","θεοῦ","θεός"
42,04,01,"N","NSM","Ἰησοῦς","Ἰησοῦς","Ἰησοῦς","Ἰησοῦς"
42,04,01,"C",NULL,"δὲ","δὲ","δέ","δέ"
42,04,01,"A","NSM","⸂πλήρης","πλήρης","πλήρης","πλήρης"
42,04,01,"N","GSN","πνεύματος","πνεύματος","πνεύματος","πνεῦμα"
42,04,01,"A","GSN","ἁγίου⸃","ἁγίου","ἁγίου","ἅγιος"
42,04,01,"V","3AAI-S","ὑπέστρεψεν","ὑπέστρεψεν","ὑπέστρεψε(ν)","ὑποστρέφω"
42,04,01,"P",NULL,"ἀπὸ","ἀπὸ","ἀπό","ἀπό"
42,04,01,"RA","GSM","τοῦ","τοῦ","τοῦ","ὁ"
42,04,01,"N","GSM","Ἰορδάνου,","Ἰορδάνου","Ἰορδάνου","Ἰορδάνης"
42,04,01,"C",NULL,"καὶ","καὶ","καί","καί"
42,04,01,"V","3IPI-S","ἤγετο","ἤγετο","ἤγετο","ἄγω"
42,04,01,"P",NULL,"ἐν","ἐν","ἐν","ἐν"
42,04,01,"RA","DSN","τῷ","τῷ","τῷ","ὁ"
42,04,01,"N","DSN","πνεύματι","πνεύματι","πνεύματι","πνεῦμα"
42,04,01,"P",NULL,"⸂ἐν","ἐν","ἐν","ἐν"
42,04,01,"RA","DSF","τῇ","τῇ","τῇ","ὁ"
42,04,01,"A","DSF","ἐρήμῳ⸃","ἐρήμῳ","ἐρήμῳ","ἔρημος"
42,04,02,"N","APF","ἡμέρας","ἡμέρας","ἡμέρας","ἡμέρα"
42,04,02,"A","APF","τεσσεράκοντα","τεσσεράκοντα","τεσσεράκοντα","τεσσεράκοντα"
42,04,02,"V","PPPNSM","πειραζόμενος","πειραζόμενος","πειραζόμενος","πειράζω"
42,04,02,"P",NULL,"ὑπὸ","ὑπὸ","ὑπό","ὑπό"
42,04,02,"RA","GSM","τοῦ","τοῦ","τοῦ","ὁ"
42,04,02,"A","GSM","διαβόλου.","διαβόλου","διαβόλου","διάβολος"
42,04,02,"C",NULL,"καὶ","καὶ","καί","καί"
42,04,02,"D",NULL,"οὐκ","οὐκ","οὐ","οὐ"
42,04,02,"V","3AAI-S","ἔφαγεν","ἔφαγεν","ἔφαγε(ν)","ἐσθίω"
42,04,02,"A","ASN","οὐδὲν","οὐδὲν","οὐδέν","οὐδείς"
42,04,02,"P",NULL,"ἐν","ἐν","ἐν","ἐν"
42,04,02,"RA","DPF","ταῖς","ταῖς","ταῖς","ὁ"
42,04,02,"N","DPF","ἡμέραις","ἡμέραις","ἡμέραις","ἡμέρα"
42,04,02,"RD","DPF","ἐκείναις,","ἐκείναις","ἐκείναις","ἐκεῖνος"
42,04,02,"C",NULL,"καὶ","καὶ","καί","καί"
42,04,02,"V","APPGPF","συντελεσθεισῶν","συντελεσθεισῶν","συντελεσθεισῶν","συντελέω"
42,04,02,"RP","GPF","⸀αὐτῶν","αὐτῶν","αὐτῶν","αὐτός"
42,04,02,"V","3AAI-S","ἐπείνασεν.","ἐπείνασεν","ἐπείνασε(ν)","πεινάω"
42,04,03,"V","3AAI-S","⸂εἶπεν","εἶπεν","εἶπε(ν)","λέγω"
42,04,03,"C",NULL,"δὲ⸃","δὲ","δέ","δέ"
42,04,03,"RP","DSM","αὐτῷ","αὐτῷ","αὐτῷ","αὐτός"
42,04,03,"RA","NSM","ὁ","ὁ","ὁ","ὁ"
42,04,03,"A","NSM","διάβολος·","διάβολος","διάβολος","διάβολος"
42,04,03,"C",NULL,"Εἰ","Εἰ","εἰ","εἰ"
42,04,03,"N","NSM","υἱὸς","υἱὸς","υἱός","υἱός"
42,04,03,"V","2PAI-S","εἶ","εἶ","εἶ","εἰμί"
42,04,03,"RA","GSM","τοῦ","τοῦ","τοῦ","ὁ"
42,04,03,"N","GSM","θεοῦ,","θεοῦ","θεοῦ","θεός"
42,04,03,"V","2AAD-S","εἰπὲ","εἰπὲ","εἰπέ","λέγω"
42,04,03,"RA","DSM","τῷ","τῷ","τῷ","ὁ"
42,04,03,"N","DSM","λίθῳ","λίθῳ","λίθῳ","λίθος"
42,04,03,"RD","DSM","τούτῳ","τούτῳ","τούτῳ","οὗτος"
42,04,03,"C",NULL,"ἵνα","ἵνα","ἵνα","ἵνα"
42,04,03,"V","3AMS-S","γένηται","γένηται","γένηται","γίνομαι"
42,04,03,"N","NSM","ἄρτος.","ἄρτος","ἄρτος","ἄρτος"
42,04,04,"C",NULL,"καὶ","καὶ","καί","καί"
42,04,04,"V","3API-S","ἀπεκρίθη","ἀπεκρίθη","ἀπεκρίθη","ἀποκρίνομαι"
42,04,04,"P",NULL,"⸂πρὸς","πρὸς","πρός","πρός"
42,04,04,"RP","ASM","αὐτὸν","αὐτὸν","αὐτόν","αὐτός"
42,04,04,"RA","NSM","ὁ","ὁ","ὁ","ὁ"
42,04,04,"N","NSM","Ἰησοῦς⸃·","Ἰησοῦς","Ἰησοῦς","Ἰησοῦς"
42,04,04,"V","3XPI-S","Γέγραπται","Γέγραπται","γέγραπται","γράφω"
42,04,04,"C",NULL,"ὅτι","ὅτι","ὅτι","ὅτι"
42,04,04,"D",NULL,"Οὐκ","Οὐκ","οὐ","οὐ"
42,04,04,"P",NULL,"ἐπ’","ἐπ’","ἐπί","ἐπί"
42,04,04,"N","DSM","ἄρτῳ","ἄρτῳ","ἄρτῳ","ἄρτος"
42,04,04,"A","DSM","μόνῳ","μόνῳ","μόνῳ","μόνος"
42,04,04,"V","3FMI-S","ζήσεται","ζήσεται","ζήσεται","ζάω"
42,04,04,"RA","NSM","⸀ὁ","ὁ","ὁ","ὁ"
42,04,04,"N","NSM","⸀ἄνθρωπος.","ἄνθρωπος","ἄνθρωπος","ἄνθρωπος"
42,04,05,"C",NULL,"Καὶ","Καὶ","καί","καί"
42,04,05,"V","AAPNSM","ἀναγαγὼν","ἀναγαγὼν","ἀναγαγών","ἀνάγω"
42,04,05,"RP","ASM","⸀αὐτὸν","αὐτὸν","αὐτόν","αὐτός"
42,04,05,"V","3AAI-S","ἔδειξεν","ἔδειξεν","ἔδειξε(ν)","δείκνυμι"
42,04,05,"RP","DSM","αὐτῷ","αὐτῷ","αὐτῷ","αὐτός"
42,04,05,"A","APF","πάσας","πάσας","πάσας","πᾶς"
42,04,05,"RA","APF","τὰς","τὰς","τάς","ὁ"
42,04,05,"N","APF","βασιλείας","βασιλείας","βασιλείας","βασιλεία"
42,04,05,"RA","GSF","τῆς","τῆς","τῆς","ὁ"
42,04,05,"N","GSF","οἰκουμένης","οἰκουμένης","οἰκουμένης","οἰκουμένη"
42,04,05,"P",NULL,"ἐν","ἐν","ἐν","ἐν"
42,04,05,"N","DSF","στιγμῇ","στιγμῇ","στιγμῇ","στιγμή"
42,04,05,"N","GSM","χρόνου·","χρόνου","χρόνου","χρόνος"
42,04,06,"C",NULL,"καὶ","καὶ","καί","καί"
42,04,06,"V","3AAI-S","εἶπεν","εἶπεν","εἶπε(ν)","λέγω"
42,04,06,"RP","DSM","αὐτῷ","αὐτῷ","αὐτῷ","αὐτός"
42,04,06,"RA","NSM","ὁ","ὁ","ὁ","ὁ"
42,04,06,"A","NSM","διάβολος·","διάβολος","διάβολος","διάβολος"
42,04,06,"RP","DS","Σοὶ","Σοὶ","σοί","σύ"
42,04,06,"V","1FAI-S","δώσω","δώσω","δώσω","δίδωμι"
42,04,06,"RA","ASF","τὴν","τὴν","τήν","ὁ"
42,04,06,"N","ASF","ἐξουσίαν","ἐξουσίαν","ἐξουσίαν","ἐξουσία"
42,04,06,"RD","ASF","ταύτην","ταύτην","ταύτην","οὗτος"
42,04,06,"A","ASF","ἅπασαν","ἅπασαν","ἅπασαν","ἅπας"
42,04,06,"C",NULL,"καὶ","καὶ","καί","καί"
42,04,06,"RA","ASF","τὴν","τὴν","τήν","ὁ"
42,04,06,"N","ASF","δόξαν","δόξαν","δόξαν","δόξα"
42,04,06,"RP","GPF","αὐτῶν,","αὐτῶν","αὐτῶν","αὐτός"
42,04,06,"C",NULL,"ὅτι","ὅτι","ὅτι","ὅτι"
42,04,06,"RP","DS","ἐμοὶ","ἐμοὶ","ἐμοί","ἐγώ"
42,04,06,"V","3XPI-S","παραδέδοται","παραδέδοται","παραδέδοται","παραδίδωμι"
42,04,06,"C",NULL,"καὶ","καὶ","καί","καί"
42,04,06,"RR","DSM","ᾧ","ᾧ","ᾧ","ὅς"
42,04,06,"X",NULL,"⸀ἂν","ἂν","ἄν","ἄν"
42,04,06,"V","1PAS-S","θέλω","θέλω","θέλω","θέλω"
42,04,06,"V","1PAI-S","δίδωμι","δίδωμι","δίδωμι","δίδωμι"
42,04,06,"RP","ASF","αὐτήν·","αὐτήν","αὐτήν","αὐτός"
42,04,07,"RP","NS","σὺ","σὺ","σύ","σύ"
42,04,07,"C",NULL,"οὖν","οὖν","οὖν","οὖν"
42,04,07,"C",NULL,"ἐὰν","ἐὰν","ἐάν","ἐάν"
42,04,07,"V","2AAS-S","προσκυνήσῃς","προσκυνήσῃς","προσκυνήσῃς","προσκυνέω"
42,04,07,"P",NULL,"ἐνώπιον","ἐνώπιον","ἐνώπιον","ἐνώπιον"
42,04,07,"RP","GS","ἐμοῦ,","ἐμοῦ","ἐμοῦ","ἐγώ"
42,04,07,"V","3FMI-S","ἔσται","ἔσται","ἔσται","εἰμί"
42,04,07,"RP","GS","σοῦ","σοῦ","σοῦ","σύ"
42,04,07,"A","NSF","πᾶσα.","πᾶσα","πᾶσα","πᾶς"
42,04,08,"C",NULL,"καὶ","καὶ","καί","καί"
42,04,08,"V","APPNSM","ἀποκριθεὶς","ἀποκριθεὶς","ἀποκριθείς","ἀποκρίνομαι"
42,04,08,"RA","NSM","⸂ὁ","ὁ","ὁ","ὁ"
42,04,08,"N","NSM","Ἰησοῦς","Ἰησοῦς","Ἰησοῦς","Ἰησοῦς"
42,04,08,"V","3AAI-S","εἶπεν","εἶπεν","εἶπε(ν)","λέγω"
42,04,08,"RP","DSM","αὐτῷ⸃·","αὐτῷ","αὐτῷ","αὐτός"
42,04,08,"V","3XPI-S","Γέγραπται·","Γέγραπται","γέγραπται","γράφω"
42,04,08,"N","ASM","⸂Κύριον","Κύριον","κύριον","κύριος"
42,04,08,"RA","ASM","τὸν","τὸν","τόν","ὁ"
42,04,08,"N","ASM","θεόν","θεόν","θεόν","θεός"
42,04,08,"RP","GS","σου","σου","σου","σύ"
42,04,08,"V","2FAI-S","προσκυνήσεις⸃","προσκυνήσεις","προσκυνήσεις","προσκυνέω"
42,04,08,"C",NULL,"καὶ","καὶ","καί","καί"
42,04,08,"RP","DSM","αὐτῷ","αὐτῷ","αὐτῷ","αὐτός"
42,04,08,"A","DSM","μόνῳ","μόνῳ","μόνῳ","μόνος"
42,04,08,"V","2FAI-S","λατρεύσεις.","λατρεύσεις","λατρεύσεις","λατρεύω"
42,04,09,"V","3AAI-S","⸂Ἤγαγεν","Ἤγαγεν","ἤγαγε(ν)","ἄγω"
42,04,09,"C",NULL,"δὲ⸃","δὲ","δέ","δέ"
42,04,09,"RP","ASM","αὐτὸν","αὐτὸν","αὐτόν","αὐτός"
42,04,09,"P",NULL,"εἰς","εἰς","εἰς","εἰς"
42,04,09,"N","ASF","Ἰερουσαλὴμ","Ἰερουσαλὴμ","Ἰερουσαλήμ","Ἰερουσαλήμ"
42,04,09,"C",NULL,"καὶ","καὶ","καί","καί"
42,04,09,"V","3AAI-S","⸀ἔστησεν","ἔστησεν","ἔστησε(ν)","ἵστημι"
42,04,09,"P",NULL,"ἐπὶ","ἐπὶ","ἐπί","ἐπί"
42,04,09,"RA","ASN","τὸ","τὸ","τό","ὁ"
42,04,09,"N","ASN","πτερύγιον","πτερύγιον","πτερύγιον","πτερύγιον"
42,04,09,"RA","GSN","τοῦ","τοῦ","τοῦ","ὁ"
42,04,09,"A","GSN","ἱεροῦ,","ἱεροῦ","ἱεροῦ","ἱερός"
42,04,09,"C",NULL,"καὶ","καὶ","καί","καί"
42,04,09,"V","3AAI-S","εἶπεν","εἶπεν","εἶπε(ν)","λέγω"
42,04,09,"RP","DSM","αὐτῷ·","αὐτῷ","αὐτῷ","αὐτός"
42,04,09,"C",NULL,"Εἰ","Εἰ","εἰ","εἰ"
42,04,09,"N","NSM","υἱὸς","υἱὸς","υἱός","υἱός"
42,04,09,"V","2PAI-S","εἶ","εἶ","εἶ","εἰμί"
42,04,09,"RA","GSM","τοῦ","τοῦ","τοῦ","ὁ"
42,04,09,"N","GSM","θεοῦ,","θεοῦ","θεοῦ","θεός"
42,04,09,"V","2AAD-S","βάλε","βάλε","βάλε","βάλλω"
42,04,09,"RP","ASM","σεαυτὸν","σεαυτὸν","σεαυτόν","σεαυτοῦ"
42,04,09,"D",NULL,"ἐντεῦθεν","ἐντεῦθεν","ἐντεῦθεν","ἐντεῦθεν"
42,04,09,"D",NULL,"κάτω·","κάτω","κάτω","κάτω"
42,04,10,"V","3XPI-S","γέγραπται","γέγραπται","γέγραπται","γράφω"
42,04,10,"C",NULL,"γὰρ","γὰρ","γάρ","γάρ"
42,04,10,"C",NULL,"ὅτι","ὅτι","ὅτι","ὅτι"
42,04,10,"RA","DPM","Τοῖς","Τοῖς","τοῖς","ὁ"
42,04,10,"N","DPM","ἀγγέλοις","ἀγγέλοις","ἀγγέλοις","ἄγγελος"
42,04,10,"RP","GSM","αὐτοῦ","αὐτοῦ","αὐτοῦ","αὐτός"
42,04,10,"V","3FMI-S","ἐντελεῖται","ἐντελεῖται","ἐντελεῖται","ἐντέλλομαι"
42,04,10,"P",NULL,"περὶ","περὶ","περί","περί"
42,04,10,"RP","GS","σοῦ","σοῦ","σοῦ","σύ"
42,04,10,"RA","GSN","τοῦ","τοῦ","τοῦ","ὁ"
42,04,10,"V","AAN","διαφυλάξαι","διαφυλάξαι","διαφυλάξαι","διαφυλάσσω"
42,04,10,"RP","AS","σε,","σε","σε","σύ"
42,04,11,"C",NULL,"καὶ","καὶ","καί","καί"
42,04,11,"C",NULL,"⸀ὅτι","ὅτι","ὅτι","ὅτι"
42,04,11,"P",NULL,"Ἐπὶ","Ἐπὶ","ἐπί","ἐπί"
42,04,11,"N","GPF","χειρῶν","χειρῶν","χειρῶν","χείρ"
42,04,11,"V","3FAI-P","ἀροῦσίν","ἀροῦσίν","ἀροῦσι(ν)","αἴρω"
42,04,11,"RP","AS","σε","σε","σε","σύ"
42,04,11,"C",NULL,"μήποτε","μήποτε","μήποτε","μήποτε"
42,04,11,"V","2AAS-S","προσκόψῃς","προσκόψῃς","προσκόψῃς","προσκόπτω"
42,04,11,"P",NULL,"πρὸς","πρὸς","πρός","πρός"
42,04,11,"N","ASM","λίθον","λίθον","λίθον","λίθος"
42,04,11,"RA","ASM","τὸν","τὸν","τόν","ὁ"
42,04,11,"N","ASM","πόδα","πόδα","πόδα","πούς"
42,04,11,"RP","GS","σου.","σου","σου","σύ"
42,04,12,"C",NULL,"καὶ","καὶ","καί","καί"
42,04,12,"V","APPNSM","ἀποκριθεὶς","ἀποκριθεὶς","ἀποκριθείς","ἀποκρίνομαι"
42,04,12,"V","3AAI-S","εἶπεν","εἶπεν","εἶπε(ν)","λέγω"
42,04,12,"RP","DSM","αὐτῷ","αὐτῷ","αὐτῷ","αὐτός"
42,04,12,"RA","NSM","ὁ","ὁ","ὁ","ὁ"
42,04,12,"N","NSM","Ἰησοῦς","Ἰησοῦς","Ἰησοῦς","Ἰησοῦς"
42,04,12,"C",NULL,"ὅτι","ὅτι","ὅτι","ὅτι"
42,04,12,"V","3XPI-S","Εἴρηται·","Εἴρηται","εἴρηται","λέγω"
42,04,12,"D",NULL,"Οὐκ","Οὐκ","οὐ","οὐ"
42,04,12,"V","2FAI-S","ἐκπειράσεις","ἐκπειράσεις","ἐκπειράσεις","ἐκπειράζω"
42,04,12,"N","ASM","κύριον","κύριον","κύριον","κύριος"
42,04,12,"RA","ASM","τὸν","τὸν","τόν","ὁ"
42,04,12,"N","ASM","θεόν","θεόν","θεόν","θεός"
42,04,12,"RP","GS","σου.","σου","σου","σύ"
42,04,13,"C",NULL,"καὶ","καὶ","καί","καί"
42,04,13,"V","AAPNSM","συντελέσας","συντελέσας","συντελέσας","συντελέω"
42,04,13,"A","ASM","πάντα","πάντα","πάντα","πᾶς"
42,04,13,"N","ASM","πειρασμὸν","πειρασμὸν","πειρασμόν","πειρασμός"
42,04,13,"RA","NSM","ὁ","ὁ","ὁ","ὁ"
42,04,13,"A","NSM","διάβολος","διάβολος","διάβολος","διάβολος"
42,04,13,"V","3AAI-S","ἀπέστη","ἀπέστη","ἀπέστη","ἀφίσταμαι"
42,04,13,"P",NULL,"ἀπ’","ἀπ’","ἀπό","ἀπό"
42,04,13,"RP","GSM","αὐτοῦ","αὐτοῦ","αὐτοῦ","αὐτός"
42,04,13,"P",NULL,"ἄχρι","ἄχρι","ἄχρι","ἄχρι"
42,04,13,"N","GSM","καιροῦ.","καιροῦ","καιροῦ","καιρός"
42,04,14,"C",NULL,"Καὶ","Καὶ","καί","καί"
42,04,14,"V","3AAI-S","ὑπέστρεψεν","ὑπέστρεψεν","ὑπέστρεψε(ν)","ὑποστρέφω"
42,04,14,"RA","NSM","ὁ","ὁ","ὁ","ὁ"
42,04,14,"N","NSM","Ἰησοῦς","Ἰησοῦς","Ἰησοῦς","Ἰησοῦς"
42,04,14,"P",NULL,"ἐν","ἐν","ἐν","ἐν"
42,04,14,"RA","DSF","τῇ","τῇ","τῇ","ὁ"
42,04,14,"N","DSF","δυνάμει","δυνάμει","δυνάμει","δύναμις"
42,04,14,"RA","GSN","τοῦ","τοῦ","τοῦ","ὁ"
42,04,14,"N","GSN","πνεύματος","πνεύματος","πνεύματος","πνεῦμα"
42,04,14,"P",NULL,"εἰς","εἰς","εἰς","εἰς"
42,04,14,"RA","ASF","τὴν","τὴν","τήν","ὁ"
42,04,14,"N","ASF","Γαλιλαίαν.","Γαλιλαίαν","Γαλιλαίαν","Γαλιλαία"
42,04,14,"C",NULL,"καὶ","καὶ","καί","καί"
42,04,14,"N","NSF","φήμη","φήμη","φήμη","φήμη"
42,04,14,"V","3AAI-S","ἐξῆλθεν","ἐξῆλθεν","ἐξῆλθε(ν)","ἐξέρχομαι"
42,04,14,"P",NULL,"καθ’","καθ’","κατά","κατά"
42,04,14,"A","GSF","ὅλης","ὅλης","ὅλης","ὅλος"
42,04,14,"RA","GSF","τῆς","τῆς","τῆς","ὁ"
42,04,14,"A","GSF","περιχώρου","περιχώρου","περιχώρου","περίχωρος"
42,04,14,"P",NULL,"περὶ","περὶ","περί","περί"
42,04,14,"RP","GSM","αὐτοῦ.","αὐτοῦ","αὐτοῦ","αὐτός"
42,04,15,"C",NULL,"καὶ","καὶ","καί","καί"
42,04,15,"RP","NSM","αὐτὸς","αὐτὸς","αὐτός","αὐτός"
42,04,15,"V","3IAI-S","ἐδίδασκεν","ἐδίδασκεν","ἐδίδασκε(ν)","διδάσκω"
42,04,15,"P",NULL,"ἐν","ἐν","ἐν","ἐν"
42,04,15,"RA","DPF","ταῖς","ταῖς","ταῖς","ὁ"
42,04,15,"N","DPF","συναγωγαῖς","συναγωγαῖς","συναγωγαῖς","συναγωγή"
42,04,15,"RP","GPM","αὐτῶν,","αὐτῶν","αὐτῶν","αὐτός"
42,04,15,"V","PPPNSM","δοξαζόμενος","δοξαζόμενος","δοξαζόμενος","δοξάζω"
42,04,15,"P",NULL,"ὑπὸ","ὑπὸ","ὑπό","ὑπό"
42,04,15,"A","GPM","πάντων.","πάντων","πάντων","πᾶς"
42,04,16,"C",NULL,"Καὶ","Καὶ","καί","καί"
42,04,16,"V","3AAI-S","ἦλθεν","ἦλθεν","ἦλθε(ν)","ἔρχομαι"
42,04,16,"P",NULL,"⸀εἰς","εἰς","εἰς","εἰς"
42,04,16,"N","ASF","Ναζαρά,","Ναζαρά","Ναζαρά","Ναζαρά"
42,04,16,"D",NULL,"οὗ","οὗ","οὗ","οὗ"
42,04,16,"V","3IAI-S","ἦν","ἦν","ἦν","εἰμί"
42,04,16,"V","XPPNSM","τεθραμμένος,","τεθραμμένος","τεθραμμένος","τρέφω"
42,04,16,"C",NULL,"καὶ","καὶ","καί","καί"
42,04,16,"V","3AAI-S","εἰσῆλθεν","εἰσῆλθεν","εἰσῆλθε(ν)","εἰσέρχομαι"
42,04,16,"P",NULL,"κατὰ","κατὰ","κατά","κατά"
42,04,16,"RA","ASN","τὸ","τὸ","τό","ὁ"
42,04,16,"V","XAPASN","εἰωθὸς","εἰωθὸς","εἰωθός","εἴωθα"
42,04,16,"RP","DSM","αὐτῷ","αὐτῷ","αὐτῷ","αὐτός"
42,04,16,"P",NULL,"ἐν","ἐν","ἐν","ἐν"
42,04,16,"RA","DSF","τῇ","τῇ","τῇ","ὁ"
42,04,16,"N","DSF","ἡμέρᾳ","ἡμέρᾳ","ἡμέρᾳ","ἡμέρα"
42,04,16,"RA","GPN","τῶν","τῶν","τῶν","ὁ"
42,04,16,"N","GPN","σαββάτων","σαββάτων","σαββάτων","σάββατον"
42,04,16,"P",NULL,"εἰς","εἰς","εἰς","εἰς"
42,04,16,"RA","ASF","τὴν","τὴν","τήν","ὁ"
42,04,16,"N","ASF","συναγωγήν,","συναγωγήν","συναγωγήν","συναγωγή"
42,04,16,"C",NULL,"καὶ","καὶ","καί","καί"
42,04,16,"V","3AAI-S","ἀνέστη","ἀνέστη","ἀνέστη","ἀνίστημι"
42,04,16,"V","AAN","ἀναγνῶναι.","ἀναγνῶναι","ἀναγνῶναι","ἀναγινώσκω"
42,04,17,"C",NULL,"καὶ","καὶ","καί","καί"
42,04,17,"V","3API-S","ἐπεδόθη","ἐπεδόθη","ἐπεδόθη","ἐπιδίδωμι"
42,04,17,"RP","DSM","αὐτῷ","αὐτῷ","αὐτῷ","αὐτός"
42,04,17,"N","NSN","βιβλίον","βιβλίον","βιβλίον","βιβλίον"
42,04,17,"RA","GSM","⸂τοῦ","τοῦ","τοῦ","ὁ"
42,04,17,"N","GSM","προφήτου","προφήτου","προφήτου","προφήτης"
42,04,17,"N","GSM","Ἠσαΐου⸃","Ἠσαΐου","Ἠσαΐου","Ἠσαΐας"
42,04,17,"C",NULL,"καὶ","καὶ","καί","καί"
42,04,17,"V","AAPNSM","⸀ἀναπτύξας","ἀναπτύξας","ἀναπτύξας","ἀναπτύσσω"
42,04,17,"RA","ASN","τὸ","τὸ","τό","ὁ"
42,04,17,"N","ASN","βιβλίον","βιβλίον","βιβλίον","βιβλίον"
42,04,17,"V","3AAI-S","εὗρεν","εὗρεν","εὗρε(ν)","εὑρίσκω"
42,04,17,"RA","ASM","τὸν","τὸν","τόν","ὁ"
42,04,17,"N","ASM","τόπον","τόπον","τόπον","τόπος"
42,04,17,"D",NULL,"οὗ","οὗ","οὗ","οὗ"
42,04,17,"V","3IAI-S","ἦν","ἦν","ἦν","εἰμί"
42,04,17,"V","XPPNSN","γεγραμμένον·","γεγραμμένον","γεγραμμένον","γράφω"
42,04,18,"N","NSN","Πνεῦμα","Πνεῦμα","πνεῦμα","πνεῦμα"
42,04,18,"N","GSM","κυρίου","κυρίου","κυρίου","κύριος"
42,04,18,"P",NULL,"ἐπ’","ἐπ’","ἐπί","ἐπί"
42,04,18,"RP","AS","ἐμέ,","ἐμέ","ἐμέ","ἐγώ"
42,04,18,"RR","GSN","οὗ","οὗ","οὗ","ὅς"
42,04,18,"P",NULL,"εἵνεκεν","εἵνεκεν","εἵνεκεν","εἵνεκεν"
42,04,18,"V","3AAI-S","ἔχρισέν","ἔχρισέν","ἔχρισε(ν)","χρίω"
42,04,18,"RP","AS","με","με","με","ἐγώ"
42,04,18,"V","AMN","εὐαγγελίσασθαι","εὐαγγελίσασθαι","εὐαγγελίσασθαι","εὐαγγελίζω"
42,04,18,"A","DPM","πτωχοῖς,","πτωχοῖς","πτωχοῖς","πτωχός"
42,04,18,"V","3XAI-S","ἀπέσταλκέν","ἀπέσταλκέν","ἀπέσταλκε(ν)","ἀποστέλλω"
42,04,18,"RP","AS","⸀με","με","με","ἐγώ"
42,04,18,"V","AAN","κηρύξαι","κηρύξαι","κηρύξαι","κηρύσσω"
42,04,18,"N","DPM","αἰχμαλώτοις","αἰχμαλώτοις","αἰχμαλώτοις","αἰχμάλωτος"
42,04,18,"N","ASF","ἄφεσιν","ἄφεσιν","ἄφεσιν","ἄφεσις"
42,04,18,"C",NULL,"καὶ","καὶ","καί","καί"
42,04,18,"A","DPM","τυφλοῖς","τυφλοῖς","τυφλοῖς","τυφλός"
42,04,18,"N","ASF","ἀνάβλεψιν,","ἀνάβλεψιν","ἀνάβλεψιν","ἀνάβλεψις"
42,04,18,"V","AAN","ἀποστεῖλαι","ἀποστεῖλαι","ἀποστεῖλαι","ἀποστέλλω"
42,04,18,"V","XPPAPM","τεθραυσμένους","τεθραυσμένους","τεθραυσμένους","θραύω"
42,04,18,"P",NULL,"ἐν","ἐν","ἐν","ἐν"
42,04,18,"N","DSF","ἀφέσει,","ἀφέσει","ἀφέσει","ἄφεσις"
42,04,19,"V","AAN","κηρύξαι","κηρύξαι","κηρύξαι","κηρύσσω"
42,04,19,"N","ASM","ἐνιαυτὸν","ἐνιαυτὸν","ἐνιαυτόν","ἐνιαυτός"
42,04,19,"N","GSM","κυρίου","κυρίου","κυρίου","κύριος"
42,04,19,"A","ASM","δεκτόν.","δεκτόν","δεκτόν","δεκτός"
42,04,20,"C",NULL,"καὶ","καὶ","καί","καί"
42,04,20,"V","AAPNSM","πτύξας","πτύξας","πτύξας","πτύσσω"
42,04,20,"RA","ASN","τὸ","τὸ","τό","ὁ"
42,04,20,"N","ASN","βιβλίον","βιβλίον","βιβλίον","βιβλίον"
42,04,20,"V","AAPNSM","ἀποδοὺς","ἀποδοὺς","ἀποδούς","ἀποδίδωμι"
42,04,20,"RA","DSM","τῷ","τῷ","τῷ","ὁ"
42,04,20,"N","DSM","ὑπηρέτῃ","ὑπηρέτῃ","ὑπηρέτῃ","ὑπηρέτης"
42,04,20,"V","3AAI-S","ἐκάθισεν·","ἐκάθισεν","ἐκάθισε(ν)","καθίζω"
42,04,20,"C",NULL,"καὶ","καὶ","καί","καί"
42,04,20,"A","GPM","πάντων","πάντων","πάντων","πᾶς"
42,04,20,"RA","NPM","⸂οἱ","οἱ","οἱ","ὁ"
42,04,20,"N","NPM","ὀφθαλμοὶ","ὀφθαλμοὶ","ὀφθαλμοί","ὀφθαλμός"
42,04,20,"P",NULL,"ἐν","ἐν","ἐν","ἐν"
42,04,20,"RA","DSF","τῇ","τῇ","τῇ","ὁ"
42,04,20,"N","DSF","συναγωγῇ⸃","συναγωγῇ","συναγωγῇ","συναγωγή"
42,04,20,"V","3IAI-P","ἦσαν","ἦσαν","ἦσαν","εἰμί"
42,04,20,"V","PAPNPM","ἀτενίζοντες","ἀτενίζοντες","ἀτενίζοντες","ἀτενίζω"
42,04,20,"RP","DSM","αὐτῷ.","αὐτῷ","αὐτῷ","αὐτός"
42,04,21,"V","3AMI-S","ἤρξατο","ἤρξατο","ἤρξατο","ἄρχω"
42,04,21,"C",NULL,"δὲ","δὲ","δέ","δέ"
42,04,21,"V","PAN","λέγειν","λέγειν","λέγειν","λέγω"
42,04,21,"P",NULL,"πρὸς","πρὸς","πρός","πρός"
42,04,21,"RP","APM","αὐτοὺς","αὐτοὺς","αὐτούς","αὐτός"
42,04,21,"C",NULL,"ὅτι","ὅτι","ὅτι","ὅτι"
42,04,21,"D",NULL,"Σήμερον","Σήμερον","σήμερον","σήμερον"
42,04,21,"V","3XPI-S","πεπλήρωται","πεπλήρωται","πεπλήρωται","πληρόω"
42,04,21,"RA","NSF","ἡ","ἡ","ἡ","ὁ"
42,04,21,"N","NSF","γραφὴ","γραφὴ","γραφή","γραφή"
42,04,21,"RD","NSF","αὕτη","αὕτη","αὕτη","οὗτος"
42,04,21,"P",NULL,"ἐν","ἐν","ἐν","ἐν"
42,04,21,"RA","DPN","τοῖς","τοῖς","τοῖς","ὁ"
42,04,21,"N","DPN","ὠσὶν","ὠσὶν","ὠσί(ν)","οὖς"
42,04,21,"RP","GP","ὑμῶν.","ὑμῶν","ὑμῶν","σύ"
42,04,22,"C",NULL,"καὶ","καὶ","καί","καί"
42,04,22,"A","NPM","πάντες","πάντες","πάντες","πᾶς"
42,04,22,"V","3IAI-P","ἐμαρτύρουν","ἐμαρτύρουν","ἐμαρτύρουν","μαρτυρέω"
42,04,22,"RP","DSM","αὐτῷ","αὐτῷ","αὐτῷ","αὐτός"
42,04,22,"C",NULL,"καὶ","καὶ","καί","καί"
42,04,22,"V","3IAI-P","ἐθαύμαζον","ἐθαύμαζον","ἐθαύμαζον","θαυμάζω"
42,04,22,"P",NULL,"ἐπὶ","ἐπὶ","ἐπί","ἐπί"
42,04,22,"RA","DPM","τοῖς","τοῖς","τοῖς","ὁ"
42,04,22,"N","DPM","λόγοις","λόγοις","λόγοις","λόγος"
42,04,22,"RA","GSF","τῆς","τῆς","τῆς","ὁ"
42,04,22,"N","GSF","χάριτος","χάριτος","χάριτος","χάρις"
42,04,22,"RA","DPM","τοῖς","τοῖς","τοῖς","ὁ"
42,04,22,"V","PMPDPM","ἐκπορευομένοις","ἐκπορευομένοις","ἐκπορευομένοις","ἐκπορεύομαι"
42,04,22,"P",NULL,"ἐκ","ἐκ","ἐκ","ἐκ"
42,04,22,"RA","GSN","τοῦ","τοῦ","τοῦ","ὁ"
42,04,22,"N","GSN","στόματος","στόματος","στόματος","στόμα"
42,04,22,"RP","GSM","αὐτοῦ,","αὐτοῦ","αὐτοῦ","αὐτός"
42,04,22,"C",NULL,"καὶ","καὶ","καί","καί"
42,04,22,"V","3IAI-P","ἔλεγον·","ἔλεγον","ἔλεγον","λέγω"
42,04,22,"X",NULL,"⸂Οὐχὶ","Οὐχὶ","οὐχί","οὐχί"
42,04,22,"N","NSM","υἱός","υἱός","υἱός","υἱός"
42,04,22,"V","3PAI-S","ἐστιν","ἐστιν","ἐστί(ν)","εἰμί"
42,04,22,"N","GSM","Ἰωσὴφ","Ἰωσὴφ","Ἰωσήφ","Ἰωσήφ"
42,04,22,"RD","NSM","οὗτος⸃;","οὗτος","οὗτος","οὗτος"
42,04,23,"C",NULL,"καὶ","καὶ","καί","καί"
42,04,23,"V","3AAI-S","εἶπεν","εἶπεν","εἶπε(ν)","λέγω"
42,04,23,"P",NULL,"πρὸς","πρὸς","πρός","πρός"
42,04,23,"RP","APM","αὐτούς·","αὐτούς","αὐτούς","αὐτός"
42,04,23,"D",NULL,"Πάντως","Πάντως","πάντως","πάντως"
42,04,23,"V","2FAI-P","ἐρεῖτέ","ἐρεῖτέ","ἐρεῖτε","λέγω"
42,04,23,"RP","DS","μοι","μοι","μοι","ἐγώ"
42,04,23,"RA","ASF","τὴν","τὴν","τήν","ὁ"
42,04,23,"N","ASF","παραβολὴν","παραβολὴν","παραβολήν","παραβολή"
42,04,23,"RD","ASF","ταύτην·","ταύτην","ταύτην","οὗτος"
42,04,23,"N","VSM","Ἰατρέ,","Ἰατρέ","ἰατρέ","ἰατρός"
42,04,23,"V","2AAD-S","θεράπευσον","θεράπευσον","θεράπευσον","θεραπεύω"
42,04,23,"RP","ASM","σεαυτόν·","σεαυτόν","σεαυτόν","σεαυτοῦ"
42,04,23,"RR","APN","ὅσα","ὅσα","ὅσα","ὅσος"
42,04,23,"V","1AAI-P","ἠκούσαμεν","ἠκούσαμεν","ἠκούσαμεν","ἀκούω"
42,04,23,"V","AMPAPN","γενόμενα","γενόμενα","γενόμενα","γίνομαι"
42,04,23,"P",NULL,"⸂εἰς","εἰς","εἰς","εἰς"
42,04,23,"RA","ASF","τὴν","τὴν","τήν","ὁ"
42,04,23,"N","ASF","Καφαρναοὺμ⸃","Καφαρναοὺμ","Καφαρναούμ","Καφαρναούμ"
42,04,23,"V","2AAD-S","ποίησον","ποίησον","ποίησον","ποιέω"
42,04,23,"D",NULL,"καὶ","καὶ","καί","καί"
42,04,23,"D",NULL,"ὧδε","ὧδε","ὧδε","ὧδε"
42,04,23,"P",NULL,"ἐν","ἐν","ἐν","ἐν"
42,04,23,"RA","DSF","τῇ","τῇ","τῇ","ὁ"
42,04,23,"N","DSF","πατρίδι","πατρίδι","πατρίδι","πατρίς"
42,04,23,"RP","GS","σου.","σου","σου","σύ"
42,04,24,"V","3AAI-S","εἶπεν","εἶπεν","εἶπε(ν)","λέγω"
42,04,24,"C",NULL,"δέ·","δέ","δέ","δέ"
42,04,24,"X",NULL,"Ἀμὴν","Ἀμὴν","ἀμήν","ἀμήν"
42,04,24,"V","1PAI-S","λέγω","λέγω","λέγω","λέγω"
42,04,24,"RP","DP","ὑμῖν","ὑμῖν","ὑμῖν","σύ"
42,04,24,"C",NULL,"ὅτι","ὅτι","ὅτι","ὅτι"
42,04,24,"A","NSM","οὐδεὶς","οὐδεὶς","οὐδείς","οὐδείς"
42,04,24,"N","NSM","προφήτης","προφήτης","προφήτης","προφήτης"
42,04,24,"A","NSM","δεκτός","δεκτός","δεκτός","δεκτός"
42,04,24,"V","3PAI-S","ἐστιν","ἐστιν","ἐστί(ν)","εἰμί"
42,04,24,"P",NULL,"ἐν","ἐν","ἐν","ἐν"
42,04,24,"RA","DSF","τῇ","τῇ","τῇ","ὁ"
42,04,24,"N","DSF","πατρίδι","πατρίδι","πατρίδι","πατρίς"
42,04,24,"RP","GSM","αὐτοῦ.","αὐτοῦ","αὐτοῦ","αὐτός"
42,04,25,"P",NULL,"ἐπ’","ἐπ’","ἐπί","ἐπί"
42,04,25,"N","GSF","ἀληθείας","ἀληθείας","ἀληθείας","ἀλήθεια"
42,04,25,"C",NULL,"δὲ","δὲ","δέ","δέ"
42,04,25,"V","1PAI-S","λέγω","λέγω","λέγω","λέγω"
42,04,25,"RP","DP","ὑμῖν,","ὑμῖν","ὑμῖν","σύ"
42,04,25,"A","NPF","πολλαὶ","πολλαὶ","πολλαί","πολύς"
42,04,25,"A","NPF","χῆραι","χῆραι","χῆραι","χήρα"
42,04,25,"V","3IAI-P","ἦσαν","ἦσαν","ἦσαν","εἰμί"
42,04,25,"P",NULL,"ἐν","ἐν","ἐν","ἐν"
42,04,25,"RA","DPF","ταῖς","ταῖς","ταῖς","ὁ"
42,04,25,"N","DPF","ἡμέραις","ἡμέραις","ἡμέραις","ἡμέρα"
42,04,25,"N","GSM","Ἠλίου","Ἠλίου","Ἠλίου","Ἠλίας"
42,04,25,"P",NULL,"ἐν","ἐν","ἐν","ἐν"
42,04,25,"RA","DSM","τῷ","τῷ","τῷ","ὁ"
42,04,25,"N","DSM","Ἰσραήλ,","Ἰσραήλ","Ἰσραήλ","Ἰσραήλ"
42,04,25,"D",NULL,"ὅτε","ὅτε","ὅτε","ὅτε"
42,04,25,"V","3API-S","ἐκλείσθη","ἐκλείσθη","ἐκλείσθη","κλείω"
42,04,25,"RA","NSM","ὁ","ὁ","ὁ","ὁ"
42,04,25,"N","NSM","οὐρανὸς","οὐρανὸς","οὐρανός","οὐρανός"
42,04,25,"P",NULL,"⸀ἐπὶ","ἐπὶ","ἐπί","ἐπί"
42,04,25,"N","APN","ἔτη","ἔτη","ἔτη","ἔτος"
42,04,25,"A","APN","τρία","τρία","τρία","τρεῖς"
42,04,25,"C",NULL,"καὶ","καὶ","καί","καί"
42,04,25,"N","APM","μῆνας","μῆνας","μῆνας","μήν"
42,04,25,"A","APM","ἕξ,","ἕξ","ἕξ","ἕξ"
42,04,25,"D",NULL,"ὡς","ὡς","ὡς","ὡς"
42,04,25,"V","3AMI-S","ἐγένετο","ἐγένετο","ἐγένετο","γίνομαι"
42,04,25,"N","NSM","λιμὸς","λιμὸς","λιμός","λιμός"
42,04,25,"A","NSM","μέγας","μέγας","μέγας","μέγας"
42,04,25,"P",NULL,"ἐπὶ","ἐπὶ","ἐπί","ἐπί"
42,04,25,"A","ASF","πᾶσαν","πᾶσαν","πᾶσαν","πᾶς"
42,04,25,"RA","ASF","τὴν","τὴν","τήν","ὁ"
42,04,25,"N","ASF","γῆν,","γῆν","γῆν","γῆ"
42,04,26,"C",NULL,"καὶ","καὶ","καί","καί"
42,04,26,"P",NULL,"πρὸς","πρὸς","πρός","πρός"
42,04,26,"A","ASF","οὐδεμίαν","οὐδεμίαν","οὐδεμίαν","οὐδείς"
42,04,26,"RP","GPF","αὐτῶν","αὐτῶν","αὐτῶν","αὐτός"
42,04,26,"V","3API-S","ἐπέμφθη","ἐπέμφθη","ἐπέμφθη","πέμπω"
42,04,26,"N","NSM","Ἠλίας","Ἠλίας","Ἠλίας","Ἠλίας"
42,04,26,"C",NULL,"εἰ","εἰ","εἰ","εἰ"
42,04,26,"D",NULL,"μὴ","μὴ","μή","μή"
42,04,26,"P",NULL,"εἰς","εἰς","εἰς","εἰς"
42,04,26,"N","APN","Σάρεπτα","Σάρεπτα","Σάρεπτα","Σάρεπτα"
42,04,26,"RA","GSF","τῆς","τῆς","τῆς","ὁ"
42,04,26,"A","GSF","⸀Σιδωνίας","Σιδωνίας","Σιδωνίας","Σιδώνιος"
42,04,26,"P",NULL,"πρὸς","πρὸς","πρός","πρός"
42,04,26,"N","ASF","γυναῖκα","γυναῖκα","γυναῖκα","γυνή"
42,04,26,"A","ASF","χήραν.","χήραν","χήραν","χήρα"
42,04,27,"C",NULL,"καὶ","καὶ","καί","καί"
42,04,27,"A","NPM","πολλοὶ","πολλοὶ","πολλοί","πολύς"
42,04,27,"A","NPM","λεπροὶ","λεπροὶ","λεπροί","λεπρός"
42,04,27,"V","3IAI-P","ἦσαν","ἦσαν","ἦσαν","εἰμί"
42,04,27,"P",NULL,"⸂ἐν","ἐν","ἐν","ἐν"
42,04,27,"RA","DSM","τῷ","τῷ","τῷ","ὁ"
42,04,27,"N","DSM","Ἰσραὴλ","Ἰσραὴλ","Ἰσραήλ","Ἰσραήλ"
42,04,27,"P",NULL,"ἐπὶ","ἐπὶ","ἐπί","ἐπί"
42,04,27,"N","GSM","Ἐλισαίου","Ἐλισαίου","Ἐλισαίου","Ἐλισαῖος"
42,04,27,"RA","GSM","τοῦ","τοῦ","τοῦ","ὁ"
42,04,27,"N","GSM","προφήτου⸃,","προφήτου","προφήτου","προφήτης"
42,04,27,"C",NULL,"καὶ","καὶ","καί","καί"
42,04,27,"A","NSM","οὐδεὶς","οὐδεὶς","οὐδείς","οὐδείς"
42,04,27,"RP","GPM","αὐτῶν","αὐτῶν","αὐτῶν","αὐτός"
42,04,27,"V","3API-S","ἐκαθαρίσθη,","ἐκαθαρίσθη","ἐκαθαρίσθη","καθαρίζω"
42,04,27,"C",NULL,"εἰ","εἰ","εἰ","εἰ"
42,04,27,"D",NULL,"μὴ","μὴ","μή","μή"
42,04,27,"N","NSM","Ναιμὰν","Ναιμὰν","Ναιμάν","Ναιμάν"
42,04,27,"RA","NSM","ὁ","ὁ","ὁ","ὁ"
42,04,27,"N","NSM","Σύρος.","Σύρος","Σύρος","Σύρος"
42,04,28,"C",NULL,"καὶ","καὶ","καί","καί"
42,04,28,"V","3API-P","ἐπλήσθησαν","ἐπλήσθησαν","ἐπλήσθησαν","πίμπλημι"
42,04,28,"A","NPM","πάντες","πάντες","πάντες","πᾶς"
42,04,28,"N","GSM","θυμοῦ","θυμοῦ","θυμοῦ","θυμός"
42,04,28,"P",NULL,"ἐν","ἐν","ἐν","ἐν"
42,04,28,"RA","DSF","τῇ","τῇ","τῇ","ὁ"
42,04,28,"N","DSF","συναγωγῇ","συναγωγῇ","συναγωγῇ","συναγωγή"
42,04,28,"V","PAPNPM","ἀκούοντες","ἀκούοντες","ἀκούοντες","ἀκούω"
42,04,28,"RD","APN","ταῦτα,","ταῦτα","ταῦτα","οὗτος"
42,04,29,"C",NULL,"καὶ","καὶ","καί","καί"
42,04,29,"V","AAPNPM","ἀναστάντες","ἀναστάντες","ἀναστάντες","ἀνίστημι"
42,04,29,"V","3AAI-P","ἐξέβαλον","ἐξέβαλον","ἐξέβαλον","ἐκβάλλω"
42,04,29,"RP","ASM","αὐτὸν","αὐτὸν","αὐτόν","αὐτός"
42,04,29,"P",NULL,"ἔξω","ἔξω","ἔξω","ἔξω"
42,04,29,"RA","GSF","τῆς","τῆς","τῆς","ὁ"
42,04,29,"N","GSF","πόλεως,","πόλεως","πόλεως","πόλις"
42,04,29,"C",NULL,"καὶ","καὶ","καί","καί"
42,04,29,"V","3AAI-P","ἤγαγον","ἤγαγον","ἤγαγον","ἄγω"
42,04,29,"RP","ASM","αὐτὸν","αὐτὸν","αὐτόν","αὐτός"
42,04,29,"P",NULL,"ἕως","ἕως","ἕως","ἕως"
42,04,29,"N","GSF","ὀφρύος","ὀφρύος","ὀφρύος","ὀφρῦς"
42,04,29,"RA","GSN","τοῦ","τοῦ","τοῦ","ὁ"
42,04,29,"N","GSN","ὄρους","ὄρους","ὄρους","ὄρος"
42,04,29,"P",NULL,"ἐφ’","ἐφ’","ἐπί","ἐπί"
42,04,29,"RR","GSN","οὗ","οὗ","οὗ","ὅς"
42,04,29,"RA","NSF","ἡ","ἡ","ἡ","ὁ"
42,04,29,"N","NSF","πόλις","πόλις","πόλις","πόλις"
42,04,29,"V","3YPI-S","⸂ᾠκοδόμητο","ᾠκοδόμητο","ᾠκοδόμητο","οἰκοδομέω"
42,04,29,"RP","GPM","αὐτῶν,","αὐτῶν","αὐτῶν","αὐτός"
42,04,29,"C",NULL,"ὥστε⸃","ὥστε","ὥστε","ὥστε"
42,04,29,"V","AAN","κατακρημνίσαι","κατακρημνίσαι","κατακρημνίσαι","κατακρημνίζω"
42,04,29,"RP","ASM","αὐτόν·","αὐτόν","αὐτόν","αὐτός"
42,04,30,"RP","NSM","αὐτὸς","αὐτὸς","αὐτός","αὐτός"
42,04,30,"C",NULL,"δὲ","δὲ","δέ","δέ"
42,04,30,"V","AAPNSM","διελθὼν","διελθὼν","διελθών","διέρχομαι"
42,04,30,"P",NULL,"διὰ","διὰ","διά","διά"
42,04,30,"A","GSN","μέσου","μέσου","μέσου","μέσος"
42,04,30,"RP","GPM","αὐτῶν","αὐτῶν","αὐτῶν","αὐτός"
42,04,30,"V","3IMI-S","ἐπορεύετο.","ἐπορεύετο","ἐπορεύετο","πορεύομαι"
42,04,31,"C",NULL,"Καὶ","Καὶ","καί","καί"
42,04,31,"V","3AAI-S","κατῆλθεν","κατῆλθεν","κατῆλθε(ν)","κατέρχομαι"
42,04,31,"P",NULL,"εἰς","εἰς","εἰς","εἰς"
42,04,31,"N","ASF","Καφαρναοὺμ","Καφαρναοὺμ","Καφαρναούμ","Καφαρναούμ"
42,04,31,"N","ASF","πόλιν","πόλιν","πόλιν","πόλις"
42,04,31,"RA","GSF","τῆς","τῆς","τῆς","ὁ"
42,04,31,"N","GSF","Γαλιλαίας.","Γαλιλαίας","Γαλιλαίας","Γαλιλαία"
42,04,31,"C",NULL,"καὶ","καὶ","καί","καί"
42,04,31,"V","3IAI-S","ἦν","ἦν","ἦν","εἰμί"
42,04,31,"V","PAPNSM","διδάσκων","διδάσκων","διδάσκων","διδάσκω"
42,04,31,"RP","APM","αὐτοὺς","αὐτοὺς","αὐτούς","αὐτός"
42,04,31,"P",NULL,"ἐν","ἐν","ἐν","ἐν"
42,04,31,"RA","DPN","τοῖς","τοῖς","τοῖς","ὁ"
42,04,31,"N","DPN","σάββασιν·","σάββασιν","σάββασι(ν)","σάββατον"
42,04,32,"C",NULL,"καὶ","καὶ","καί","καί"
42,04,32,"V","3IPI-P","ἐξεπλήσσοντο","ἐξεπλήσσοντο","ἐξεπλήσσοντο","ἐκπλήσσομαι"
42,04,32,"P",NULL,"ἐπὶ","ἐπὶ","ἐπί","ἐπί"
42,04,32,"RA","DSF","τῇ","τῇ","τῇ","ὁ"
42,04,32,"N","DSF","διδαχῇ","διδαχῇ","διδαχῇ","διδαχή"
42,04,32,"RP","GSM","αὐτοῦ,","αὐτοῦ","αὐτοῦ","αὐτός"
42,04,32,"C",NULL,"ὅτι","ὅτι","ὅτι","ὅτι"
42,04,32,"P",NULL,"ἐν","ἐν","ἐν","ἐν"
42,04,32,"N","DSF","ἐξουσίᾳ","ἐξουσίᾳ","ἐξουσίᾳ","ἐξουσία"
42,04,32,"V","3IAI-S","ἦν","ἦν","ἦν","εἰμί"
42,04,32,"RA","NSM","ὁ","ὁ","ὁ","ὁ"
42,04,32,"N","NSM","λόγος","λόγος","λόγος","λόγος"
42,04,32,"RP","GSM","αὐτοῦ.","αὐτοῦ","αὐτοῦ","αὐτός"
42,04,33,"C",NULL,"καὶ","καὶ","καί","καί"
42,04,33,"P",NULL,"ἐν","ἐν","ἐν","ἐν"
42,04,33,"RA","DSF","τῇ","τῇ","τῇ","ὁ"
42,04,33,"N","DSF","συναγωγῇ","συναγωγῇ","συναγωγῇ","συναγωγή"
42,04,33,"V","3IAI-S","ἦν","ἦν","ἦν","εἰμί"
42,04,33,"N","NSM","ἄνθρωπος","ἄνθρωπος","ἄνθρωπος","ἄνθρωπος"
42,04,33,"V","PAPNSM","ἔχων","ἔχων","ἔχων","ἔχω"
42,04,33,"N","ASN","πνεῦμα","πνεῦμα","πνεῦμα","πνεῦμα"
42,04,33,"N","GSN","δαιμονίου","δαιμονίου","δαιμονίου","δαιμόνιον"
42,04,33,"A","GSN","ἀκαθάρτου,","ἀκαθάρτου","ἀκαθάρτου","ἀκάθαρτος"
42,04,33,"C",NULL,"καὶ","καὶ","καί","καί"
42,04,33,"V","3AAI-S","ἀνέκραξεν","ἀνέκραξεν","ἀνέκραξε(ν)","ἀνακράζω"
42,04,33,"N","DSF","φωνῇ","φωνῇ","φωνῇ","φωνή"
42,04,33,"A","DSF","μεγάλῃ·","μεγάλῃ","μεγάλῃ","μέγας"
42,04,34,"X",NULL,"⸀Ἔα,","Ἔα","ἔα","ἔα"
42,04,34,"RI","NSN","τί","τί","τί","τίς"
42,04,34,"RP","DP","ἡμῖν","ἡμῖν","ἡμῖν","ἐγώ"
42,04,34,"C",NULL,"καὶ","καὶ","καί","καί"
42,04,34,"RP","DS","σοί,","σοί","σοί","σύ"
42,04,34,"N","VSM","Ἰησοῦ","Ἰησοῦ","Ἰησοῦ","Ἰησοῦς"
42,04,34,"A","VSM","Ναζαρηνέ;","Ναζαρηνέ","Ναζαρηνέ","Ναζαρηνός"
42,04,34,"V","2AAI-S","ἦλθες","ἦλθες","ἦλθες","ἔρχομαι"
42,04,34,"V","AAN","ἀπολέσαι","ἀπολέσαι","ἀπολέσαι","ἀπόλλυμι"
42,04,34,"RP","AP","ἡμᾶς;","ἡμᾶς","ἡμᾶς","ἐγώ"
42,04,34,"V","1XAI-S","οἶδά","οἶδά","οἶδα","οἶδα"
42,04,34,"RP","AS","σε","σε","σε","σύ"
42,04,34,"RI","NSM","τίς","τίς","τίς","τίς"
42,04,34,"V","2PAI-S","εἶ,","εἶ","εἶ","εἰμί"
42,04,34,"RA","NSM","ὁ","ὁ","ὁ","ὁ"
42,04,34,"A","NSM","ἅγιος","ἅγιος","ἅγιος","ἅγιος"
42,04,34,"RA","GSM","τοῦ","τοῦ","τοῦ","ὁ"
42,04,34,"N","GSM","θεοῦ.","θεοῦ","θεοῦ","θεός"
42,04,35,"C",NULL,"καὶ","καὶ","καί","καί"
42,04,35,"V","3AAI-S","ἐπετίμησεν","ἐπετίμησεν","ἐπετίμησε(ν)","ἐπιτιμάω"
42,04,35,"RP","DSM","αὐτῷ","αὐτῷ","αὐτῷ","αὐτός"
42,04,35,"RA","NSM","ὁ","ὁ","ὁ","ὁ"
42,04,35,"N","NSM","Ἰησοῦς","Ἰησοῦς","Ἰησοῦς","Ἰησοῦς"
42,04,35,"V","PAPNSM","λέγων·","λέγων","λέγων","λέγω"
42,04,35,"V","2APD-S","Φιμώθητι","Φιμώθητι","φιμώθητι","φιμόω"
42,04,35,"C",NULL,"καὶ","καὶ","καί","καί"
42,04,35,"V","2AAD-S","ἔξελθε","ἔξελθε","ἔξελθε","ἐξέρχομαι"
42,04,35,"P",NULL,"⸀ἀπ’","ἀπ’","ἀπό","ἀπό"
42,04,35,"RP","GSM","αὐτοῦ.","αὐτοῦ","αὐτοῦ","αὐτός"
42,04,35,"C",NULL,"καὶ","καὶ","καί","καί"
42,04,35,"V","AAPNSN","ῥίψαν","ῥίψαν","ῥίψαν","ῥίπτω"
42,04,35,"RP","ASM","αὐτὸν","αὐτὸν","αὐτόν","αὐτός"
42,04,35,"RA","NSN","τὸ","τὸ","τό","ὁ"
42,04,35,"N","NSN","δαιμόνιον","δαιμόνιον","δαιμόνιον","δαιμόνιον"
42,04,35,"P",NULL,"εἰς","εἰς","εἰς","εἰς"
42,04,35,"RA","ASN","⸀τὸ","τὸ","τό","ὁ"
42,04,35,"A","ASN","μέσον","μέσον","μέσον","μέσος"
42,04,35,"V","3AAI-S","ἐξῆλθεν","ἐξῆλθεν","ἐξῆλθε(ν)","ἐξέρχομαι"
42,04,35,"P",NULL,"ἀπ’","ἀπ’","ἀπό","ἀπό"
42,04,35,"RP","GSM","αὐτοῦ","αὐτοῦ","αὐτοῦ","αὐτός"
42,04,35,"A","ASN","μηδὲν","μηδὲν","μηδέν","μηδείς"
42,04,35,"V","AAPNSN","βλάψαν","βλάψαν","βλάψαν","βλάπτω"
42,04,35,"RP","ASM","αὐτόν.","αὐτόν","αὐτόν","αὐτός"
42,04,36,"C",NULL,"καὶ","καὶ","καί","καί"
42,04,36,"V","3AMI-S","ἐγένετο","ἐγένετο","ἐγένετο","γίνομαι"
42,04,36,"N","NSN","θάμβος","θάμβος","θάμβος","θάμβος"
42,04,36,"P",NULL,"ἐπὶ","ἐπὶ","ἐπί","ἐπί"
42,04,36,"A","APM","πάντας,","πάντας","πάντας","πᾶς"
42,04,36,"C",NULL,"καὶ","καὶ","καί","καί"
42,04,36,"V","3IAI-P","συνελάλουν","συνελάλουν","συνελάλουν","συλλαλέω"
42,04,36,"P",NULL,"πρὸς","πρὸς","πρός","πρός"
42,04,36,"RP","APM","ἀλλήλους","ἀλλήλους","ἀλλήλους","ἀλλήλων"
42,04,36,"V","PAPNPM","λέγοντες·","λέγοντες","λέγοντες","λέγω"
42,04,36,"RI","NSM","Τίς","Τίς","τίς","τίς"
42,04,36,"RA","NSM","ὁ","ὁ","ὁ","ὁ"
42,04,36,"N","NSM","λόγος","λόγος","λόγος","λόγος"
42,04,36,"RD","NSM","οὗτος","οὗτος","οὗτος","οὗτος"
42,04,36,"C",NULL,"ὅτι","ὅτι","ὅτι","ὅτι"
42,04,36,"P",NULL,"ἐν","ἐν","ἐν","ἐν"
42,04,36,"N","DSF","ἐξουσίᾳ","ἐξουσίᾳ","ἐξουσίᾳ","ἐξουσία"
42,04,36,"C",NULL,"καὶ","καὶ","καί","καί"
42,04,36,"N","DSF","δυνάμει","δυνάμει","δυνάμει","δύναμις"
42,04,36,"V","3PAI-S","ἐπιτάσσει","ἐπιτάσσει","ἐπιτάσσει","ἐπιτάσσω"
42,04,36,"RA","DPN","τοῖς","τοῖς","τοῖς","ὁ"
42,04,36,"A","DPN","ἀκαθάρτοις","ἀκαθάρτοις","ἀκαθάρτοις","ἀκάθαρτος"
42,04,36,"N","DPN","πνεύμασιν,","πνεύμασιν","πνεύμασι(ν)","πνεῦμα"
42,04,36,"C",NULL,"καὶ","καὶ","καί","καί"
42,04,36,"V","3PMI-P","ἐξέρχονται;","ἐξέρχονται","ἐξέρχονται","ἐξέρχομαι"
42,04,37,"C",NULL,"καὶ","καὶ","καί","καί"
42,04,37,"V","3IMI-S","ἐξεπορεύετο","ἐξεπορεύετο","ἐξεπορεύετο","ἐκπορεύομαι"
42,04,37,"N","NSM","ἦχος","ἦχος","ἦχος","ἦχος"
42,04,37,"P",NULL,"περὶ","περὶ","περί","περί"
42,04,37,"RP","GSM","αὐτοῦ","αὐτοῦ","αὐτοῦ","αὐτός"
42,04,37,"P",NULL,"εἰς","εἰς","εἰς","εἰς"
42,04,37,"A","ASM","πάντα","πάντα","πάντα","πᾶς"
42,04,37,"N","ASM","τόπον","τόπον","τόπον","τόπος"
42,04,37,"RA","GSF","τῆς","τῆς","τῆς","ὁ"
42,04,37,"A","GSF","περιχώρου.","περιχώρου","περιχώρου","περίχωρος"
42,04,38,"V","AAPNSM","Ἀναστὰς","Ἀναστὰς","ἀναστάς","ἀνίστημι"
42,04,38,"C",NULL,"δὲ","δὲ","δέ","δέ"
42,04,38,"P",NULL,"⸀ἀπὸ","ἀπὸ","ἀπό","ἀπό"
42,04,38,"RA","GSF","τῆς","τῆς","τῆς","ὁ"
42,04,38,"N","GSF","συναγωγῆς","συναγωγῆς","συναγωγῆς","συναγωγή"
42,04,38,"V","3AAI-S","εἰσῆλθεν","εἰσῆλθεν","εἰσῆλθε(ν)","εἰσέρχομαι"
42,04,38,"P",NULL,"εἰς","εἰς","εἰς","εἰς"
42,04,38,"RA","ASF","τὴν","τὴν","τήν","ὁ"
42,04,38,"N","ASF","οἰκίαν","οἰκίαν","οἰκίαν","οἰκία"
42,04,38,"N","GSM","Σίμωνος.","Σίμωνος","Σίμωνος","Σίμων"
42,04,38,"N","NSF","πενθερὰ","πενθερὰ","πενθερά","πενθερά"
42,04,38,"C",NULL,"δὲ","δὲ","δέ","δέ"
42,04,38,"RA","GSM","τοῦ","τοῦ","τοῦ","ὁ"
42,04,38,"N","GSM","Σίμωνος","Σίμωνος","Σίμωνος","Σίμων"
42,04,38,"V","3IAI-S","ἦν","ἦν","ἦν","εἰμί"
42,04,38,"V","PPPNSF","συνεχομένη","συνεχομένη","συνεχομένη","συνέχω"
42,04,38,"N","DSM","πυρετῷ","πυρετῷ","πυρετῷ","πυρετός"
42,04,38,"A","DSM","μεγάλῳ,","μεγάλῳ","μεγάλῳ","μέγας"
42,04,38,"C",NULL,"καὶ","καὶ","καί","καί"
42,04,38,"V","3AAI-P","ἠρώτησαν","ἠρώτησαν","ἠρώτησαν","ἐρωτάω"
42,04,38,"RP","ASM","αὐτὸν","αὐτὸν","αὐτόν","αὐτός"
42,04,38,"P",NULL,"περὶ","περὶ","περί","περί"
42,04,38,"RP","GSF","αὐτῆς.","αὐτῆς","αὐτῆς","αὐτός"
42,04,39,"C",NULL,"καὶ","καὶ","καί","καί"
42,04,39,"V","AAPNSM","ἐπιστὰς","ἐπιστὰς","ἐπιστάς","ἐφίστημι"
42,04,39,"P",NULL,"ἐπάνω","ἐπάνω","ἐπάνω","ἐπάνω"
42,04,39,"RP","GSF","αὐτῆς","αὐτῆς","αὐτῆς","αὐτός"
42,04,39,"V","3AAI-S","ἐπετίμησεν","ἐπετίμησεν","ἐπετίμησε(ν)","ἐπιτιμάω"
42,04,39,"RA","DSM","τῷ","τῷ","τῷ","ὁ"
42,04,39,"N","DSM","πυρετῷ,","πυρετῷ","πυρετῷ","πυρετός"
42,04,39,"C",NULL,"καὶ","καὶ","καί","καί"
42,04,39,"V","3AAI-S","ἀφῆκεν","ἀφῆκεν","ἀφῆκε(ν)","ἀφίημι"
42,04,39,"RP","ASF","αὐτήν·","αὐτήν","αὐτήν","αὐτός"
42,04,39,"D",NULL,"παραχρῆμα","παραχρῆμα","παραχρῆμα","παραχρῆμα"
42,04,39,"C",NULL,"δὲ","δὲ","δέ","δέ"
42,04,39,"V","AAPNSF","ἀναστᾶσα","ἀναστᾶσα","ἀναστᾶσα","ἀνίστημι"
42,04,39,"V","3IAI-S","διηκόνει","διηκόνει","διηκόνει","διακονέω"
42,04,39,"RP","DPM","αὐτοῖς.","αὐτοῖς","αὐτοῖς","αὐτός"
42,04,40,"V","PAPGSM","Δύνοντος","Δύνοντος","δύνοντος","δύνω"
42,04,40,"C",NULL,"δὲ","δὲ","δέ","δέ"
42,04,40,"RA","GSM","τοῦ","τοῦ","τοῦ","ὁ"
42,04,40,"N","GSM","ἡλίου","ἡλίου","ἡλίου","ἥλιος"
42,04,40,"A","NPM","⸀ἅπαντες","ἅπαντες","ἅπαντες","ἅπας"
42,04,40,"RR","NPM","ὅσοι","ὅσοι","ὅσοι","ὅσος"
42,04,40,"V","3IAI-P","εἶχον","εἶχον","εἶχον","ἔχω"
42,04,40,"V","PAPAPM","ἀσθενοῦντας","ἀσθενοῦντας","ἀσθενοῦντας","ἀσθενέω"
42,04,40,"N","DPF","νόσοις","νόσοις","νόσοις","νόσος"
42,04,40,"A","DPF","ποικίλαις","ποικίλαις","ποικίλαις","ποικίλος"
42,04,40,"V","3AAI-P","ἤγαγον","ἤγαγον","ἤγαγον","ἄγω"
42,04,40,"RP","APM","αὐτοὺς","αὐτοὺς","αὐτούς","αὐτός"
42,04,40,"P",NULL,"πρὸς","πρὸς","πρός","πρός"
42,04,40,"RP","ASM","αὐτόν·","αὐτόν","αὐτόν","αὐτός"
42,04,40,"RA","NSM","ὁ","ὁ","ὁ","ὁ"
42,04,40,"C",NULL,"δὲ","δὲ","δέ","δέ"
42,04,40,"A","DSM","ἑνὶ","ἑνὶ","ἑνί","εἷς"
42,04,40,"A","DSM","ἑκάστῳ","ἑκάστῳ","ἑκάστῳ","ἕκαστος"
42,04,40,"RP","GPM","αὐτῶν","αὐτῶν","αὐτῶν","αὐτός"
42,04,40,"RA","APF","τὰς","τὰς","τάς","ὁ"
42,04,40,"N","APF","χεῖρας","χεῖρας","χεῖρας","χείρ"
42,04,40,"V","PAPNSM","⸂ἐπιτιθεὶς","ἐπιτιθεὶς","ἐπιτιθείς","ἐπιτίθημι"
42,04,40,"V","3IAI-S","ἐθεράπευεν⸃","ἐθεράπευεν","ἐθεράπευε(ν)","θεραπεύω"
42,04,40,"RP","APM","αὐτούς.","αὐτούς","αὐτούς","αὐτός"
42,04,41,"V","3IMI-S","ἐξήρχετο","ἐξήρχετο","ἐξήρχετο","ἐξέρχομαι"
42,04,41,"C",NULL,"δὲ","δὲ","δέ","δέ"
42,04,41,"D",NULL,"καὶ","καὶ","καί","καί"
42,04,41,"N","NPN","δαιμόνια","δαιμόνια","δαιμόνια","δαιμόνιον"
42,04,41,"P",NULL,"ἀπὸ","ἀπὸ","ἀπό","ἀπό"
42,04,41,"A","GPM","πολλῶν","πολλῶν","πολλῶν","πολύς"
42,04,41,"V","PAPNPN","⸀κραυγάζοντα","κραυγάζοντα","κραυγάζοντα","κραυγάζω"
42,04,41,"C",NULL,"καὶ","καὶ","καί","καί"
42,04,41,"V","PAPNPN","λέγοντα","λέγοντα","λέγοντα","λέγω"
42,04,41,"C",NULL,"ὅτι","ὅτι","ὅτι","ὅτι"
42,04,41,"RP","NS","Σὺ","Σὺ","σύ","σύ"
42,04,41,"V","2PAI-S","⸀εἶ","εἶ","εἶ","εἰμί"
42,04,41,"RA","NSM","ὁ","ὁ","ὁ","ὁ"
42,04,41,"N","NSM","υἱὸς","υἱὸς","υἱός","υἱός"
42,04,41,"RA","GSM","τοῦ","τοῦ","τοῦ","ὁ"
42,04,41,"N","GSM","θεοῦ.","θεοῦ","θεοῦ","θεός"
42,04,41,"C",NULL,"καὶ","καὶ","καί","καί"
42,04,41,"V","PAPNSM","ἐπιτιμῶν","ἐπιτιμῶν","ἐπιτιμῶν","ἐπιτιμάω"
42,04,41,"D",NULL,"οὐκ","οὐκ","οὐ","οὐ"
42,04,41,"V","3IAI-S","εἴα","εἴα","εἴα","ἐάω"
42,04,41,"RP","APN","αὐτὰ","αὐτὰ","αὐτά","αὐτός"
42,04,41,"V","PAN","λαλεῖν,","λαλεῖν","λαλεῖν","λαλέω"
42,04,41,"C",NULL,"ὅτι","ὅτι","ὅτι","ὅτι"
42,04,41,"V","3YAI-P","ᾔδεισαν","ᾔδεισαν","ᾔδεισαν","οἶδα"
42,04,41,"RA","ASM","τὸν","τὸν","τόν","ὁ"
42,04,41,"N","ASM","χριστὸν","χριστὸν","Χριστόν","Χριστός"
42,04,41,"RP","ASM","αὐτὸν","αὐτὸν","αὐτόν","αὐτός"
42,04,41,"V","PAN","εἶναι.","εἶναι","εἶναι","εἰμί"
42,04,42,"V","AMPGSF","Γενομένης","Γενομένης","γενομένης","γίνομαι"
42,04,42,"C",NULL,"δὲ","δὲ","δέ","δέ"
42,04,42,"N","GSF","ἡμέρας","ἡμέρας","ἡμέρας","ἡμέρα"
42,04,42,"V","AAPNSM","ἐξελθὼν","ἐξελθὼν","ἐξελθών","ἐξέρχομαι"
42,04,42,"V","3API-S","ἐπορεύθη","ἐπορεύθη","ἐπορεύθη","πορεύομαι"
42,04,42,"P",NULL,"εἰς","εἰς","εἰς","εἰς"
42,04,42,"A","ASM","ἔρημον","ἔρημον","ἔρημον","ἔρημος"
42,04,42,"N","ASM","τόπον·","τόπον","τόπον","τόπος"
42,04,42,"C",NULL,"καὶ","καὶ","καί","καί"
42,04,42,"RA","NPM","οἱ","οἱ","οἱ","ὁ"
42,04,42,"N","NPM","ὄχλοι","ὄχλοι","ὄχλοι","ὄχλος"
42,04,42,"V","3IAI-P","ἐπεζήτουν","ἐπεζήτουν","ἐπεζήτουν","ἐπιζητέω"
42,04,42,"RP","ASM","αὐτόν,","αὐτόν","αὐτόν","αὐτός"
42,04,42,"C",NULL,"καὶ","καὶ","καί","καί"
42,04,42,"V","3AAI-P","ἦλθον","ἦλθον","ἦλθον","ἔρχομαι"
42,04,42,"P",NULL,"ἕως","ἕως","ἕως","ἕως"
42,04,42,"RP","GSM","αὐτοῦ,","αὐτοῦ","αὐτοῦ","αὐτός"
42,04,42,"C",NULL,"καὶ","καὶ","καί","καί"
42,04,42,"V","3IAI-P","κατεῖχον","κατεῖχον","κατεῖχον","κατέχω"
42,04,42,"RP","ASM","αὐτὸν","αὐτὸν","αὐτόν","αὐτός"
42,04,42,"RA","GSN","τοῦ","τοῦ","τοῦ","ὁ"
42,04,42,"D",NULL,"μὴ","μὴ","μή","μή"
42,04,42,"V","PMN","πορεύεσθαι","πορεύεσθαι","πορεύεσθαι","πορεύομαι"
42,04,42,"P",NULL,"ἀπ’","ἀπ’","ἀπό","ἀπό"
42,04,42,"RP","GPM","αὐτῶν.","αὐτῶν","αὐτῶν","αὐτός"
42,04,43,"RA","NSM","ὁ","ὁ","ὁ","ὁ"
42,04,43,"C",NULL,"δὲ","δὲ","δέ","δέ"
42,04,43,"V","3AAI-S","εἶπεν","εἶπεν","εἶπε(ν)","λέγω"
42,04,43,"P",NULL,"πρὸς","πρὸς","πρός","πρός"
42,04,43,"RP","APM","αὐτοὺς","αὐτοὺς","αὐτούς","αὐτός"
42,04,43,"C",NULL,"ὅτι","ὅτι","ὅτι","ὅτι"
42,04,43,"D",NULL,"Καὶ","Καὶ","καί","καί"
42,04,43,"RA","DPF","ταῖς","ταῖς","ταῖς","ὁ"
42,04,43,"A","DPF","ἑτέραις","ἑτέραις","ἑτέραις","ἕτερος"
42,04,43,"N","DPF","πόλεσιν","πόλεσιν","πόλεσι(ν)","πόλις"
42,04,43,"V","AMN","εὐαγγελίσασθαί","εὐαγγελίσασθαί","εὐαγγελίσασθαι","εὐαγγελίζω"
42,04,43,"RP","AS","με","με","με","ἐγώ"
42,04,43,"V","3PAI-S","δεῖ","δεῖ","δεῖ","δέω"
42,04,43,"RA","ASF","τὴν","τὴν","τήν","ὁ"
42,04,43,"N","ASF","βασιλείαν","βασιλείαν","βασιλείαν","βασιλεία"
42,04,43,"RA","GSM","τοῦ","τοῦ","τοῦ","ὁ"
42,04,43,"N","GSM","θεοῦ,","θεοῦ","θεοῦ","θεός"
42,04,43,"C",NULL,"ὅτι","ὅτι","ὅτι","ὅτι"
42,04,43,"P",NULL,"⸀ἐπὶ","ἐπὶ","ἐπί","ἐπί"
42,04,43,"RD","ASN","τοῦτο","τοῦτο","τοῦτο","οὗτος"
42,04,43,"V","1API-S","⸀ἀπεστάλην.","ἀπεστάλην","ἀπεστάλην","ἀποστέλλω"
42,04,44,"C",NULL,"καὶ","καὶ","καί","καί"
42,04,44,"V","3IAI-S","ἦν","ἦν","ἦν","εἰμί"
42,04,44,"V","PAPNSM","κηρύσσων","κηρύσσων","κηρύσσων","κηρύσσω"
42,04,44,"P",NULL,"⸂εἰς","εἰς","εἰς","εἰς"
42,04,44,"RA","APF","τὰς","τὰς","τάς","ὁ"
42,04,44,"N","APF","συναγωγὰς⸃","συναγωγὰς","συναγωγάς","συναγωγή"
42,04,44,"RA","GSF","τῆς","τῆς","τῆς","ὁ"
42,04,44,"N","GSF","⸀Ἰουδαίας.","Ἰουδαίας","Ἰουδαίας","Ἰουδαία"
42,05,01,"V","3AMI-S","Ἐγένετο","Ἐγένετο","ἐγένετο","γίνομαι"
42,05,01,"C",NULL,"δὲ","δὲ","δέ","δέ"
42,05,01,"P",NULL,"ἐν","ἐν","ἐν","ἐν"
42,05,01,"RA","DSN","τῷ","τῷ","τῷ","ὁ"
42,05,01,"RA","ASM","τὸν","τὸν","τόν","ὁ"
42,05,01,"N","ASM","ὄχλον","ὄχλον","ὄχλον","ὄχλος"
42,05,01,"V","PMN","ἐπικεῖσθαι","ἐπικεῖσθαι","ἐπικεῖσθαι","ἐπίκειμαι"
42,05,01,"RP","DSM","αὐτῷ","αὐτῷ","αὐτῷ","αὐτός"
42,05,01,"C",NULL,"⸀καὶ","καὶ","καί","καί"
42,05,01,"V","PAN","ἀκούειν","ἀκούειν","ἀκούειν","ἀκούω"
42,05,01,"RA","ASM","τὸν","τὸν","τόν","ὁ"
42,05,01,"N","ASM","λόγον","λόγον","λόγον","λόγος"
42,05,01,"RA","GSM","τοῦ","τοῦ","τοῦ","ὁ"
42,05,01,"N","GSM","θεοῦ","θεοῦ","θεοῦ","θεός"
42,05,01,"C",NULL,"καὶ","καὶ","καί","καί"
42,05,01,"RP","NSM","αὐτὸς","αὐτὸς","αὐτός","αὐτός"
42,05,01,"V","3IAI-S","ἦν","ἦν","ἦν","εἰμί"
42,05,01,"V","XAPNSM","ἑστὼς","ἑστὼς","ἑστώς","ἵστημι"
42,05,01,"P",NULL,"παρὰ","παρὰ","παρά","παρά"
42,05,01,"RA","ASF","τὴν","τὴν","τήν","ὁ"
42,05,01,"N","ASF","λίμνην","λίμνην","λίμνην","λίμνη"
42,05,01,"N","GSF","Γεννησαρέτ,","Γεννησαρέτ","Γεννησαρέτ","Γεννησαρέτ"
42,05,02,"C",NULL,"καὶ","καὶ","καί","καί"
42,05,02,"V","3AAI-S","εἶδεν","εἶδεν","εἶδε(ν)","ὁράω"
42,05,02,"A","APN","⸂δύο","δύο","δύο","δύο"
42,05,02,"N","APN","πλοῖα⸃","πλοῖα","πλοῖα","πλοῖον"
42,05,02,"V","XAPAPN","ἑστῶτα","ἑστῶτα","ἑστῶτα","ἵστημι"
42,05,02,"P",NULL,"παρὰ","παρὰ","παρά","παρά"
42,05,02,"RA","ASF","τὴν","τὴν","τήν","ὁ"
42,05,02,"N","ASF","λίμνην,","λίμνην","λίμνην","λίμνη"
42,05,02,"RA","NPM","οἱ","οἱ","οἱ","ὁ"
42,05,02,"C",NULL,"δὲ","δὲ","δέ","δέ"
42,05,02,"N","NPM","ἁλιεῖς","ἁλιεῖς","ἁλιεῖς","ἁλιεύς"
42,05,02,"P",NULL,"⸂ἀπ’","ἀπ’","ἀπό","ἀπό"
42,05,02,"RP","GPN","αὐτῶν","αὐτῶν","αὐτῶν","αὐτός"
42,05,02,"V","AAPNPM","ἀποβάντες⸃","ἀποβάντες","ἀποβάντες","ἀποβαίνω"
42,05,02,"V","3IAI-P","⸀ἔπλυνον","ἔπλυνον","ἔπλυνον","πλύνω"
42,05,02,"RA","APN","τὰ","τὰ","τά","ὁ"
42,05,02,"N","APN","δίκτυα.","δίκτυα","δίκτυα","δίκτυον"
42,05,03,"V","AAPNSM","ἐμβὰς","ἐμβὰς","ἐμβάς","ἐμβαίνω"
42,05,03,"C",NULL,"δὲ","δὲ","δέ","δέ"
42,05,03,"P",NULL,"εἰς","εἰς","εἰς","εἰς"
42,05,03,"A","ASN","ἓν","ἓν","ἕν","εἷς"
42,05,03,"RA","GPN","τῶν","τῶν","τῶν","ὁ"
42,05,03,"N","GPN","πλοίων,","πλοίων","πλοίων","πλοῖον"
42,05,03,"RR","NSN","ὃ","ὃ","ὅ","ὅς"
42,05,03,"V","3IAI-S","⸀ἦν","ἦν","ἦν","εἰμί"
42,05,03,"N","GSM","Σίμωνος,","Σίμωνος","Σίμωνος","Σίμων"
42,05,03,"V","3AAI-S","ἠρώτησεν","ἠρώτησεν","ἠρώτησε(ν)","ἐρωτάω"
42,05,03,"RP","ASM","αὐτὸν","αὐτὸν","αὐτόν","αὐτός"
42,05,03,"P",NULL,"ἀπὸ","ἀπὸ","ἀπό","ἀπό"
42,05,03,"RA","GSF","τῆς","τῆς","τῆς","ὁ"
42,05,03,"N","GSF","γῆς","γῆς","γῆς","γῆ"
42,05,03,"V","AAN","ἐπαναγαγεῖν","ἐπαναγαγεῖν","ἐπαναγαγεῖν","ἐπανάγω"
42,05,03,"A","ASN","ὀλίγον,","ὀλίγον","ὀλίγον","ὀλίγος"
42,05,03,"V","AAPNSM","⸂καθίσας","καθίσας","καθίσας","καθίζω"
42,05,03,"C",NULL,"δὲ","δὲ","δέ","δέ"
42,05,03,"P",NULL,"ἐκ","ἐκ","ἐκ","ἐκ"
42,05,03,"RA","GSN","τοῦ","τοῦ","τοῦ","ὁ"
42,05,03,"N","GSN","πλοίου","πλοίου","πλοίου","πλοῖον"
42,05,03,"V","3IAI-S","ἐδίδασκεν⸃","ἐδίδασκεν","ἐδίδασκε(ν)","διδάσκω"
42,05,03,"RA","APM","τοὺς","τοὺς","τούς","ὁ"
42,05,03,"N","APM","ὄχλους.","ὄχλους","ὄχλους","ὄχλος"
42,05,04,"C",NULL,"ὡς","ὡς","ὡς","ὡς"
42,05,04,"C",NULL,"δὲ","δὲ","δέ","δέ"
42,05,04,"V","3AMI-S","ἐπαύσατο","ἐπαύσατο","ἐπαύσατο","παύω"
42,05,04,"V","PAPNSM","λαλῶν,","λαλῶν","λαλῶν","λαλέω"
42,05,04,"V","3AAI-S","εἶπεν","εἶπεν","εἶπε(ν)","λέγω"
42,05,04,"P",NULL,"πρὸς","πρὸς","πρός","πρός"
42,05,04,"RA","ASM","τὸν","τὸν","τόν","ὁ"
42,05,04,"N","ASM","Σίμωνα·","Σίμωνα","Σίμωνα","Σίμων"
42,05,04,"V","2AAD-S","Ἐπανάγαγε","Ἐπανάγαγε","ἐπανάγαγε","ἐπανάγω"
42,05,04,"P",NULL,"εἰς","εἰς","εἰς","εἰς"
42,05,04,"RA","ASN","τὸ","τὸ","τό","ὁ"
42,05,04,"N","ASN","βάθος","βάθος","βάθος","βάθος"
42,05,04,"C",NULL,"καὶ","καὶ","καί","καί"
42,05,04,"V","2AAD-P","χαλάσατε","χαλάσατε","χαλάσατε","χαλάω"
42,05,04,"RA","APN","τὰ","τὰ","τά","ὁ"
42,05,04,"N","APN","δίκτυα","δίκτυα","δίκτυα","δίκτυον"
42,05,04,"RP","GP","ὑμῶν","ὑμῶν","ὑμῶν","σύ"
42,05,04,"P",NULL,"εἰς","εἰς","εἰς","εἰς"
42,05,04,"N","ASF","ἄγραν.","ἄγραν","ἄγραν","ἄγρα"
42,05,05,"C",NULL,"καὶ","καὶ","καί","καί"
42,05,05,"V","APPNSM","ἀποκριθεὶς","ἀποκριθεὶς","ἀποκριθείς","ἀποκρίνομαι"
42,05,05,"N","NSM","⸀Σίμων","Σίμων","Σίμων","Σίμων"
42,05,05,"V","3AAI-S","⸀εἶπεν·","εἶπεν","εἶπε(ν)","λέγω"
42,05,05,"N","VSM","Ἐπιστάτα,","Ἐπιστάτα","ἐπιστάτα","ἐπιστάτης"
42,05,05,"P",NULL,"δι’","δι’","διά","διά"
42,05,05,"A","GSF","⸀ὅλης","ὅλης","ὅλης","ὅλος"
42,05,05,"N","GSF","νυκτὸς","νυκτὸς","νυκτός","νύξ"
42,05,05,"V","AAPNPM","κοπιάσαντες","κοπιάσαντες","κοπιάσαντες","κοπιάω"
42,05,05,"A","ASN","οὐδὲν","οὐδὲν","οὐδέν","οὐδείς"
42,05,05,"V","1AAI-P","ἐλάβομεν,","ἐλάβομεν","ἐλάβομεν","λαμβάνω"
42,05,05,"P",NULL,"ἐπὶ","ἐπὶ","ἐπί","ἐπί"
42,05,05,"C",NULL,"δὲ","δὲ","δέ","δέ"
42,05,05,"RA","DSN","τῷ","τῷ","τῷ","ὁ"
42,05,05,"N","DSN","ῥήματί","ῥήματί","ῥήματι","ῥῆμα"
42,05,05,"RP","GS","σου","σου","σου","σύ"
42,05,05,"V","1FAI-S","χαλάσω","χαλάσω","χαλάσω","χαλάω"
42,05,05,"RA","APN","⸂τὰ","τὰ","τά","ὁ"
42,05,05,"N","APN","δίκτυα⸃.","δίκτυα","δίκτυα","δίκτυον"
42,05,06,"C",NULL,"καὶ","καὶ","καί","καί"
42,05,06,"RD","ASN","τοῦτο","τοῦτο","τοῦτο","οὗτος"
42,05,06,"V","AAPNPM","ποιήσαντες","ποιήσαντες","ποιήσαντες","ποιέω"
42,05,06,"V","3AAI-P","συνέκλεισαν","συνέκλεισαν","συνέκλεισαν","συγκλείω"
42,05,06,"N","ASN","πλῆθος","πλῆθος","πλῆθος","πλῆθος"
42,05,06,"N","GPM","ἰχθύων","ἰχθύων","ἰχθύων","ἰχθύς"
42,05,06,"A","ASN","πολύ,","πολύ","πολύ","πολύς"
42,05,06,"V","3IPI-S","⸀διερρήσσετο","διερρήσσετο","διερρήσσετο","διαρρήγνυμι"
42,05,06,"C",NULL,"δὲ","δὲ","δέ","δέ"
42,05,06,"RA","NPN","⸂τὰ","τὰ","τά","ὁ"
42,05,06,"N","NPN","δίκτυα⸃","δίκτυα","δίκτυα","δίκτυον"
42,05,06,"RP","GPM","αὐτῶν.","αὐτῶν","αὐτῶν","αὐτός"
42,05,07,"C",NULL,"καὶ","καὶ","καί","καί"
42,05,07,"V","3AAI-P","κατένευσαν","κατένευσαν","κατένευσαν","κατανεύω"
42,05,07,"RA","DPM","τοῖς","τοῖς","τοῖς","ὁ"
42,05,07,"A","DPM","⸀μετόχοις","μετόχοις","μετόχοις","μέτοχος"
42,05,07,"P",NULL,"ἐν","ἐν","ἐν","ἐν"
42,05,07,"RA","DSN","τῷ","τῷ","τῷ","ὁ"
42,05,07,"A","DSN","ἑτέρῳ","ἑτέρῳ","ἑτέρῳ","ἕτερος"
42,05,07,"N","DSN","πλοίῳ","πλοίῳ","πλοίῳ","πλοῖον"
42,05,07,"RA","GSN","τοῦ","τοῦ","τοῦ","ὁ"
42,05,07,"V","AAPAPM","ἐλθόντας","ἐλθόντας","ἐλθόντας","ἔρχομαι"
42,05,07,"V","AMN","συλλαβέσθαι","συλλαβέσθαι","συλλαβέσθαι","συλλαμβάνω"
42,05,07,"RP","DPM","αὐτοῖς·","αὐτοῖς","αὐτοῖς","αὐτός"
42,05,07,"C",NULL,"καὶ","καὶ","καί","καί"
42,05,07,"V","3AAI-P","ἦλθον,","ἦλθον","ἦλθον","ἔρχομαι"
42,05,07,"C",NULL,"καὶ","καὶ","καί","καί"
42,05,07,"V","3AAI-P","ἔπλησαν","ἔπλησαν","ἔπλησαν","πίμπλημι"
42,05,07,"A","APN","ἀμφότερα","ἀμφότερα","ἀμφότερα","ἀμφότεροι"
42,05,07,"RA","APN","τὰ","τὰ","τά","ὁ"
42,05,07,"N","APN","πλοῖα","πλοῖα","πλοῖα","πλοῖον"
42,05,07,"C",NULL,"ὥστε","ὥστε","ὥστε","ὥστε"
42,05,07,"V","PPN","βυθίζεσθαι","βυθίζεσθαι","βυθίζεσθαι","βυθίζω"
42,05,07,"RP","APN","αὐτά.","αὐτά","αὐτά","αὐτός"
42,05,08,"V","AAPNSM","ἰδὼν","ἰδὼν","ἰδών","ὁράω"
42,05,08,"C",NULL,"δὲ","δὲ","δέ","δέ"
42,05,08,"N","NSM","Σίμων","Σίμων","Σίμων","Σίμων"
42,05,08,"N","NSM","Πέτρος","Πέτρος","Πέτρος","Πέτρος"
42,05,08,"V","3AAI-S","προσέπεσεν","προσέπεσεν","προσέπεσε(ν)","προσπίπτω"
42,05,08,"RA","DPN","τοῖς","τοῖς","τοῖς","ὁ"
42,05,08,"N","DPN","γόνασιν","γόνασιν","γόνασι(ν)","γόνυ"
42,05,08,"N","GSM","Ἰησοῦ","Ἰησοῦ","Ἰησοῦ","Ἰησοῦς"
42,05,08,"V","PAPNSM","λέγων·","λέγων","λέγων","λέγω"
42,05,08,"V","2AAD-S","Ἔξελθε","Ἔξελθε","ἔξελθε","ἐξέρχομαι"
42,05,08,"P",NULL,"ἀπ’","ἀπ’","ἀπό","ἀπό"
42,05,08,"RP","GS","ἐμοῦ,","ἐμοῦ","ἐμοῦ","ἐγώ"
42,05,08,"C",NULL,"ὅτι","ὅτι","ὅτι","ὅτι"
42,05,08,"N","NSM","ἀνὴρ","ἀνὴρ","ἀνήρ","ἀνήρ"
42,05,08,"A","NSM","ἁμαρτωλός","ἁμαρτωλός","ἁμαρτωλός","ἁμαρτωλός"
42,05,08,"V","1PAI-S","εἰμι,","εἰμι","εἰμί","εἰμί"
42,05,08,"N","VSM","κύριε·","κύριε","κύριε","κύριος"
42,05,09,"N","NSN","θάμβος","θάμβος","θάμβος","θάμβος"
42,05,09,"C",NULL,"γὰρ","γὰρ","γάρ","γάρ"
42,05,09,"V","3AAI-S","περιέσχεν","περιέσχεν","περιέσχε(ν)","περιέχω"
42,05,09,"RP","ASM","αὐτὸν","αὐτὸν","αὐτόν","αὐτός"
42,05,09,"C",NULL,"καὶ","καὶ","καί","καί"
42,05,09,"A","APM","πάντας","πάντας","πάντας","πᾶς"
42,05,09,"RA","APM","τοὺς","τοὺς","τούς","ὁ"
42,05,09,"P",NULL,"σὺν","σὺν","σύν","σύν"
42,05,09,"RP","DSM","αὐτῷ","αὐτῷ","αὐτῷ","αὐτός"
42,05,09,"P",NULL,"ἐπὶ","ἐπὶ","ἐπί","ἐπί"
42,05,09,"RA","DSF","τῇ","τῇ","τῇ","ὁ"
42,05,09,"N","DSF","ἄγρᾳ","ἄγρᾳ","ἄγρᾳ","ἄγρα"
42,05,09,"RA","GPM","τῶν","τῶν","τῶν","ὁ"
42,05,09,"N","GPM","ἰχθύων","ἰχθύων","ἰχθύων","ἰχθύς"
42,05,09,"RR","GPM","⸀ὧν","ὧν","ὧν","ὅς"
42,05,09,"V","3AAI-P","συνέλαβον,","συνέλαβον","συνέλαβον","συλλαμβάνω"
42,05,10,"D",NULL,"ὁμοίως","ὁμοίως","ὁμοίως","ὁμοίως"
42,05,10,"C",NULL,"δὲ","δὲ","δέ","δέ"
42,05,10,"D",NULL,"καὶ","καὶ","καί","καί"
42,05,10,"N","ASM","Ἰάκωβον","Ἰάκωβον","Ἰάκωβον","Ἰάκωβος"
42,05,10,"C",NULL,"καὶ","καὶ","καί","καί"
42,05,10,"N","ASM","Ἰωάννην","Ἰωάννην","Ἰωάννην","Ἰωάννης"
42,05,10,"N","APM","υἱοὺς","υἱοὺς","υἱούς","υἱός"
42,05,10,"N","GSM","Ζεβεδαίου,","Ζεβεδαίου","Ζεβεδαίου","Ζεβεδαῖος"
42,05,10,"RR","NPM","οἳ","οἳ","οἵ","ὅς"
42,05,10,"V","3IAI-P","ἦσαν","ἦσαν","ἦσαν","εἰμί"
42,05,10,"N","NPM","κοινωνοὶ","κοινωνοὶ","κοινωνοί","κοινωνός"
42,05,10,"RA","DSM","τῷ","τῷ","τῷ","ὁ"
42,05,10,"N","DSM","Σίμωνι.","Σίμωνι","Σίμωνι","Σίμων"
42,05,10,"C",NULL,"καὶ","καὶ","καί","καί"
42,05,10,"V","3AAI-S","εἶπεν","εἶπεν","εἶπε(ν)","λέγω"
42,05,10,"P",NULL,"πρὸς","πρὸς","πρός","πρός"
42,05,10,"RA","ASM","τὸν","τὸν","τόν","ὁ"
42,05,10,"N","ASM","Σίμωνα","Σίμωνα","Σίμωνα","Σίμων"
42,05,10,"RA","NSM","⸀ὁ","ὁ","ὁ","ὁ"
42,05,10,"N","NSM","Ἰησοῦς·","Ἰησοῦς","Ἰησοῦς","Ἰησοῦς"
42,05,10,"D",NULL,"Μὴ","Μὴ","μή","μή"
42,05,10,"V","2PMD-S","φοβοῦ·","φοβοῦ","φοβοῦ","φοβέομαι"
42,05,10,"P",NULL,"ἀπὸ","ἀπὸ","ἀπό","ἀπό"
42,05,10,"RA","GSM","τοῦ","τοῦ","τοῦ","ὁ"
42,05,10,"D",NULL,"νῦν","νῦν","νῦν","νῦν"
42,05,10,"N","APM","ἀνθρώπους","ἀνθρώπους","ἀνθρώπους","ἄνθρωπος"
42,05,10,"V","2FMI-S","ἔσῃ","ἔσῃ","ἔσῃ","εἰμί"
42,05,10,"V","PAPNSM","ζωγρῶν.","ζωγρῶν","ζωγρῶν","ζωγρέω"
42,05,11,"C",NULL,"καὶ","καὶ","καί","καί"
42,05,11,"V","AAPNPM","καταγαγόντες","καταγαγόντες","καταγαγόντες","κατάγω"
42,05,11,"RA","APN","τὰ","τὰ","τά","ὁ"
42,05,11,"N","APN","πλοῖα","πλοῖα","πλοῖα","πλοῖον"
42,05,11,"P",NULL,"ἐπὶ","ἐπὶ","ἐπί","ἐπί"
42,05,11,"RA","ASF","τὴν","τὴν","τήν","ὁ"
42,05,11,"N","ASF","γῆν","γῆν","γῆν","γῆ"
42,05,11,"V","AAPNPM","ἀφέντες","ἀφέντες","ἀφέντες","ἀφίημι"
42,05,11,"A","APN","⸀πάντα","πάντα","πάντα","πᾶς"
42,05,11,"V","3AAI-P","ἠκολούθησαν","ἠκολούθησαν","ἠκολούθησαν","ἀκολουθέω"
42,05,11,"RP","DSM","αὐτῷ.","αὐτῷ","αὐτῷ","αὐτός"
42,05,12,"C",NULL,"Καὶ","Καὶ","καί","καί"
42,05,12,"V","3AMI-S","ἐγένετο","ἐγένετο","ἐγένετο","γίνομαι"
42,05,12,"P",NULL,"ἐν","ἐν","ἐν","ἐν"
42,05,12,"RA","DSN","τῷ","τῷ","τῷ","ὁ"
42,05,12,"V","PAN","εἶναι","εἶναι","εἶναι","εἰμί"
42,05,12,"RP","ASM","αὐτὸν","αὐτὸν","αὐτόν","αὐτός"
42,05,12,"P",NULL,"ἐν","ἐν","ἐν","ἐν"
42,05,12,"A","DSF","μιᾷ","μιᾷ","μιᾷ","εἷς"
42,05,12,"RA","GPF","τῶν","τῶν","τῶν","ὁ"
42,05,12,"N","GPF","πόλεων","πόλεων","πόλεων","πόλις"
42,05,12,"C",NULL,"καὶ","καὶ","καί","καί"
42,05,12,"X",NULL,"ἰδοὺ","ἰδοὺ","ἰδού","ἰδού"
42,05,12,"N","NSM","ἀνὴρ","ἀνὴρ","ἀνήρ","ἀνήρ"
42,05,12,"A","NSM","πλήρης","πλήρης","πλήρης","πλήρης"
42,05,12,"N","GSF","λέπρας·","λέπρας","λέπρας","λέπρα"
42,05,12,"C",NULL,"⸂καὶ","καὶ","καί","καί"
42,05,12,"V","AAPNSM","ἰδὼν⸃","ἰδὼν","ἰδών","ὁράω"
42,05,12,"RA","ASM","τὸν","τὸν","τόν","ὁ"
42,05,12,"N","ASM","Ἰησοῦν","Ἰησοῦν","Ἰησοῦν","Ἰησοῦς"
42,05,12,"V","AAPNSM","πεσὼν","πεσὼν","πεσών","πίπτω"
42,05,12,"P",NULL,"ἐπὶ","ἐπὶ","ἐπί","ἐπί"
42,05,12,"N","ASN","πρόσωπον","πρόσωπον","πρόσωπον","πρόσωπον"
42,05,12,"V","3API-S","ἐδεήθη","ἐδεήθη","ἐδεήθη","δέω"
42,05,12,"RP","GSM","αὐτοῦ","αὐτοῦ","αὐτοῦ","αὐτός"
42,05,12,"V","PAPNSM","λέγων·","λέγων","λέγων","λέγω"
42,05,12,"N","VSM","Κύριε,","Κύριε","κύριε","κύριος"
42,05,12,"C",NULL,"ἐὰν","ἐὰν","ἐάν","ἐάν"
42,05,12,"V","2PAS-S","θέλῃς","θέλῃς","θέλῃς","θέλω"
42,05,12,"V","2PMI-S","δύνασαί","δύνασαί","δύνασαι","δύναμαι"
42,05,12,"RP","AS","με","με","με","ἐγώ"
42,05,12,"V","AAN","καθαρίσαι.","καθαρίσαι","καθαρίσαι","καθαρίζω"
42,05,13,"C",NULL,"καὶ","καὶ","καί","καί"
42,05,13,"V","AAPNSM","ἐκτείνας","ἐκτείνας","ἐκτείνας","ἐκτείνω"
42,05,13,"RA","ASF","τὴν","τὴν","τήν","ὁ"
42,05,13,"N","ASF","χεῖρα","χεῖρα","χεῖρα","χείρ"
42,05,13,"V","3AMI-S","ἥψατο","ἥψατο","ἥψατο","ἅπτω"
42,05,13,"RP","GSM","αὐτοῦ","αὐτοῦ","αὐτοῦ","αὐτός"
42,05,13,"V","AAPNSM","⸀εἰπών·","εἰπών","εἰπών","λέγω"
42,05,13,"V","1PAI-S","Θέλω,","Θέλω","θέλω","θέλω"
42,05,13,"V","2APD-S","καθαρίσθητι·","καθαρίσθητι","καθαρίσθητι","καθαρίζω"
42,05,13,"C",NULL,"καὶ","καὶ","καί","καί"
42,05,13,"D",NULL,"εὐθέως","εὐθέως","εὐθέως","εὐθέως"
42,05,13,"RA","NSF","ἡ","ἡ","ἡ","ὁ"
42,05,13,"N","NSF","λέπρα","λέπρα","λέπρα","λέπρα"
42,05,13,"V","3AAI-S","ἀπῆλθεν","ἀπῆλθεν","ἀπῆλθε(ν)","ἀπέρχομαι"
42,05,13,"P",NULL,"ἀπ’","ἀπ’","ἀπό","ἀπό"
42,05,13,"RP","GSM","αὐτοῦ.","αὐτοῦ","αὐτοῦ","αὐτός"
42,05,14,"C",NULL,"καὶ","καὶ","καί","καί"
42,05,14,"RP","NSM","αὐτὸς","αὐτὸς","αὐτός","αὐτός"
42,05,14,"V","3AAI-S","παρήγγειλεν","παρήγγειλεν","παρήγγειλε(ν)","παραγγέλλω"
42,05,14,"RP","DSM","αὐτῷ","αὐτῷ","αὐτῷ","αὐτός"
42,05,14,"A","DSM","μηδενὶ","μηδενὶ","μηδενί","μηδείς"
42,05,14,"V","AAN","εἰπεῖν,","εἰπεῖν","εἰπεῖν","λέγω"
42,05,14,"C",NULL,"ἀλλὰ","ἀλλὰ","ἀλλά","ἀλλά"
42,05,14,"V","AAPNSM","ἀπελθὼν","ἀπελθὼν","ἀπελθών","ἀπέρχομαι"
42,05,14,"V","2AAD-S","δεῖξον","δεῖξον","δεῖξον","δείκνυμι"
42,05,14,"RP","ASM","σεαυτὸν","σεαυτὸν","σεαυτόν","σεαυτοῦ"
42,05,14,"RA","DSM","τῷ","τῷ","τῷ","ὁ"
42,05,14,"N","DSM","ἱερεῖ,","ἱερεῖ","ἱερεῖ","ἱερεύς"
42,05,14,"C",NULL,"καὶ","καὶ","καί","καί"
42,05,14,"V","2AAD-S","προσένεγκε","προσένεγκε","προσένεγκε","προσφέρω"
42,05,14,"P",NULL,"περὶ","περὶ","περί","περί"
42,05,14,"RA","GSM","τοῦ","τοῦ","τοῦ","ὁ"
42,05,14,"N","GSM","καθαρισμοῦ","καθαρισμοῦ","καθαρισμοῦ","καθαρισμός"
42,05,14,"RP","GS","σου","σου","σου","σύ"
42,05,14,"C",NULL,"καθὼς","καθὼς","καθώς","καθώς"
42,05,14,"V","3AAI-S","προσέταξεν","προσέταξεν","προσέταξε(ν)","προστάσσω"
42,05,14,"N","NSM","Μωϋσῆς","Μωϋσῆς","Μωϋσῆς","Μωϋσῆς"
42,05,14,"P",NULL,"εἰς","εἰς","εἰς","εἰς"
42,05,14,"N","ASN","μαρτύριον","μαρτύριον","μαρτύριον","μαρτύριον"
42,05,14,"RP","DPM","αὐτοῖς.","αὐτοῖς","αὐτοῖς","αὐτός"
42,05,15,"V","3IMI-S","διήρχετο","διήρχετο","διήρχετο","διέρχομαι"
42,05,15,"C",NULL,"δὲ","δὲ","δέ","δέ"
42,05,15,"D",NULL,"μᾶλλον","μᾶλλον","μᾶλλον","μᾶλλον"
42,05,15,"RA","NSM","ὁ","ὁ","ὁ","ὁ"
42,05,15,"N","NSM","λόγος","λόγος","λόγος","λόγος"
42,05,15,"P",NULL,"περὶ","περὶ","περί","περί"
42,05,15,"RP","GSM","αὐτοῦ,","αὐτοῦ","αὐτοῦ","αὐτός"
42,05,15,"C",NULL,"καὶ","καὶ","καί","καί"
42,05,15,"V","3IMI-P","συνήρχοντο","συνήρχοντο","συνήρχοντο","συνέρχομαι"
42,05,15,"N","NPM","ὄχλοι","ὄχλοι","ὄχλοι","ὄχλος"
42,05,15,"A","NPM","πολλοὶ","πολλοὶ","πολλοί","πολύς"
42,05,15,"V","PAN","ἀκούειν","ἀκούειν","ἀκούειν","ἀκούω"
42,05,15,"C",NULL,"καὶ","καὶ","καί","καί"
42,05,15,"V","PPN","⸀θεραπεύεσθαι","θεραπεύεσθαι","θεραπεύεσθαι","θεραπεύω"
42,05,15,"P",NULL,"ἀπὸ","ἀπὸ","ἀπό","ἀπό"
42,05,15,"RA","GPF","τῶν","τῶν","τῶν","ὁ"
42,05,15,"N","GPF","ἀσθενειῶν","ἀσθενειῶν","ἀσθενειῶν","ἀσθένεια"
42,05,15,"RP","GPM","αὐτῶν·","αὐτῶν","αὐτῶν","αὐτός"
42,05,16,"RP","NSM","αὐτὸς","αὐτὸς","αὐτός","αὐτός"
42,05,16,"C",NULL,"δὲ","δὲ","δέ","δέ"
42,05,16,"V","3IAI-S","ἦν","ἦν","ἦν","εἰμί"
42,05,16,"V","PAPNSM","ὑποχωρῶν","ὑποχωρῶν","ὑποχωρῶν","ὑποχωρέω"
42,05,16,"P",NULL,"ἐν","ἐν","ἐν","ἐν"
42,05,16,"RA","DPF","ταῖς","ταῖς","ταῖς","ὁ"
42,05,16,"A","DPF","ἐρήμοις","ἐρήμοις","ἐρήμοις","ἔρημος"
42,05,16,"C",NULL,"καὶ","καὶ","καί","καί"
42,05,16,"V","PMPNSM","προσευχόμενος.","προσευχόμενος","προσευχόμενος","προσεύχομαι"
42,05,17,"C",NULL,"Καὶ","Καὶ","καί","καί"
42,05,17,"V","3AMI-S","ἐγένετο","ἐγένετο","ἐγένετο","γίνομαι"
42,05,17,"P",NULL,"ἐν","ἐν","ἐν","ἐν"
42,05,17,"A","DSF","μιᾷ","μιᾷ","μιᾷ","εἷς"
42,05,17,"RA","GPF","τῶν","τῶν","τῶν","ὁ"
42,05,17,"N","GPF","ἡμερῶν","ἡμερῶν","ἡμερῶν","ἡμέρα"
42,05,17,"C",NULL,"καὶ","καὶ","καί","καί"
42,05,17,"RP","NSM","αὐτὸς","αὐτὸς","αὐτός","αὐτός"
42,05,17,"V","3IAI-S","ἦν","ἦν","ἦν","εἰμί"
42,05,17,"V","PAPNSM","διδάσκων,","διδάσκων","διδάσκων","διδάσκω"
42,05,17,"C",NULL,"καὶ","καὶ","καί","καί"
42,05,17,"V","3IAI-P","ἦσαν","ἦσαν","ἦσαν","εἰμί"
42,05,17,"V","PMPNPM","καθήμενοι","καθήμενοι","καθήμενοι","κάθημαι"
42,05,17,"N","NPM","Φαρισαῖοι","Φαρισαῖοι","Φαρισαῖοι","Φαρισαῖος"
42,05,17,"C",NULL,"καὶ","καὶ","καί","καί"
42,05,17,"N","NPM","νομοδιδάσκαλοι","νομοδιδάσκαλοι","νομοδιδάσκαλοι","νομοδιδάσκαλος"
42,05,17,"RR","NPM","οἳ","οἳ","οἵ","ὅς"
42,05,17,"V","3IAI-P","ἦσαν","ἦσαν","ἦσαν","εἰμί"
42,05,17,"V","XAPNPM","ἐληλυθότες","ἐληλυθότες","ἐληλυθότες","ἔρχομαι"
42,05,17,"P",NULL,"ἐκ","ἐκ","ἐκ","ἐκ"
42,05,17,"A","GSF","πάσης","πάσης","πάσης","πᾶς"
42,05,17,"N","GSF","κώμης","κώμης","κώμης","κώμη"
42,05,17,"RA","GSF","τῆς","τῆς","τῆς","ὁ"
42,05,17,"N","GSF","Γαλιλαίας","Γαλιλαίας","Γαλιλαίας","Γαλιλαία"
42,05,17,"C",NULL,"καὶ","καὶ","καί","καί"
42,05,17,"N","GSF","Ἰουδαίας","Ἰουδαίας","Ἰουδαίας","Ἰουδαία"
42,05,17,"C",NULL,"καὶ","καὶ","καί","καί"
42,05,17,"N","GSF","Ἰερουσαλήμ·","Ἰερουσαλήμ","Ἰερουσαλήμ","Ἰερουσαλήμ"
42,05,17,"C",NULL,"καὶ","καὶ","καί","καί"
42,05,17,"N","NSF","δύναμις","δύναμις","δύναμις","δύναμις"
42,05,17,"N","GSM","κυρίου","κυρίου","κυρίου","κύριος"
42,05,17,"V","3IAI-S","ἦν","ἦν","ἦν","εἰμί"
42,05,17,"P",NULL,"εἰς","εἰς","εἰς","εἰς"
42,05,17,"RA","ASN","τὸ","τὸ","τό","ὁ"
42,05,17,"V","PMN","ἰᾶσθαι","ἰᾶσθαι","ἰᾶσθαι","ἰάομαι"
42,05,17,"RP","ASM","⸀αὐτόν.","αὐτόν","αὐτόν","αὐτός"
42,05,18,"C",NULL,"καὶ","καὶ","καί","καί"
42,05,18,"X",NULL,"ἰδοὺ","ἰδοὺ","ἰδού","ἰδού"
42,05,18,"N","NPM","ἄνδρες","ἄνδρες","ἄνδρες","ἀνήρ"
42,05,18,"V","PAPNPM","φέροντες","φέροντες","φέροντες","φέρω"
42,05,18,"P",NULL,"ἐπὶ","ἐπὶ","ἐπί","ἐπί"
42,05,18,"N","GSF","κλίνης","κλίνης","κλίνης","κλίνη"
42,05,18,"N","ASM","ἄνθρωπον","ἄνθρωπον","ἄνθρωπον","ἄνθρωπος"
42,05,18,"RR","NSM","ὃς","ὃς","ὅς","ὅς"
42,05,18,"V","3IAI-S","ἦν","ἦν","ἦν","εἰμί"
42,05,18,"V","XPPNSM","παραλελυμένος,","παραλελυμένος","παραλελυμένος","παραλύομαι"
42,05,18,"C",NULL,"καὶ","καὶ","καί","καί"
42,05,18,"V","3IAI-P","ἐζήτουν","ἐζήτουν","ἐζήτουν","ζητέω"
42,05,18,"RP","ASM","αὐτὸν","αὐτὸν","αὐτόν","αὐτός"
42,05,18,"V","AAN","εἰσενεγκεῖν","εἰσενεγκεῖν","εἰσενεγκεῖν","εἰσφέρω"
42,05,18,"C",NULL,"καὶ","καὶ","καί","καί"
42,05,18,"V","AAN","⸀θεῖναι","θεῖναι","θεῖναι","τίθημι"
42,05,18,"P",NULL,"ἐνώπιον","ἐνώπιον","ἐνώπιον","ἐνώπιον"
42,05,18,"RP","GSM","αὐτοῦ.","αὐτοῦ","αὐτοῦ","αὐτός"
42,05,19,"C",NULL,"καὶ","καὶ","καί","καί"
42,05,19,"D",NULL,"μὴ","μὴ","μή","μή"
42,05,19,"V","AAPNPM","εὑρόντες","εὑρόντες","εὑρόντες","εὑρίσκω"
42,05,19,"RI","GSF","ποίας","ποίας","ποίας","ποῖος"
42,05,19,"V","3AAS-P","εἰσενέγκωσιν","εἰσενέγκωσιν","εἰσενέγκωσι(ν)","εἰσφέρω"
42,05,19,"RP","ASM","αὐτὸν","αὐτὸν","αὐτόν","αὐτός"
42,05,19,"P",NULL,"διὰ","διὰ","διά","διά"
42,05,19,"RA","ASM","τὸν","τὸν","τόν","ὁ"
42,05,19,"N","ASM","ὄχλον","ὄχλον","ὄχλον","ὄχλος"
42,05,19,"V","AAPNPM","ἀναβάντες","ἀναβάντες","ἀναβάντες","ἀναβαίνω"
42,05,19,"P",NULL,"ἐπὶ","ἐπὶ","ἐπί","ἐπί"
42,05,19,"RA","ASN","τὸ","τὸ","τό","ὁ"
42,05,19,"N","ASN","δῶμα","δῶμα","δῶμα","δῶμα"
42,05,19,"P",NULL,"διὰ","διὰ","διά","διά"
42,05,19,"RA","GPM","τῶν","τῶν","τῶν","ὁ"
42,05,19,"N","GPM","κεράμων","κεράμων","κεράμων","κέραμος"
42,05,19,"V","3AAI-P","καθῆκαν","καθῆκαν","καθῆκαν","καθίημι"
42,05,19,"RP","ASM","αὐτὸν","αὐτὸν","αὐτόν","αὐτός"
42,05,19,"P",NULL,"σὺν","σὺν","σύν","σύν"
42,05,19,"RA","DSN","τῷ","τῷ","τῷ","ὁ"
42,05,19,"N","DSN","κλινιδίῳ","κλινιδίῳ","κλινιδίῳ","κλινίδιον"
42,05,19,"P",NULL,"εἰς","εἰς","εἰς","εἰς"
42,05,19,"RA","ASN","τὸ","τὸ","τό","ὁ"
42,05,19,"A","ASN","μέσον","μέσον","μέσον","μέσος"
42,05,19,"P",NULL,"ἔμπροσθεν","ἔμπροσθεν","ἔμπροσθεν","ἔμπροσθεν"
42,05,19,"RA","GSM","τοῦ","τοῦ","τοῦ","ὁ"
42,05,19,"N","GSM","Ἰησοῦ.","Ἰησοῦ","Ἰησοῦ","Ἰησοῦς"
42,05,20,"C",NULL,"καὶ","καὶ","καί","καί"
42,05,20,"V","AAPNSM","ἰδὼν","ἰδὼν","ἰδών","ὁράω"
42,05,20,"RA","ASF","τὴν","τὴν","τήν","ὁ"
42,05,20,"N","ASF","πίστιν","πίστιν","πίστιν","πίστις"
42,05,20,"RP","GPM","αὐτῶν","αὐτῶν","αὐτῶν","αὐτός"
42,05,20,"V","3AAI-S","⸀εἶπεν·","εἶπεν","εἶπε(ν)","λέγω"
42,05,20,"N","VSM","Ἄνθρωπε,","Ἄνθρωπε","ἄνθρωπε","ἄνθρωπος"
42,05,20,"V","3XPI-P","ἀφέωνταί","ἀφέωνταί","ἀφέωνται","ἀφίημι"
42,05,20,"RP","DS","σοι","σοι","σοι","σύ"
42,05,20,"RA","NPF","αἱ","αἱ","αἱ","ὁ"
42,05,20,"N","NPF","ἁμαρτίαι","ἁμαρτίαι","ἁμαρτίαι","ἁμαρτία"
42,05,20,"RP","GS","σου.","σου","σου","σύ"
42,05,21,"C",NULL,"καὶ","καὶ","καί","καί"
42,05,21,"V","3AMI-P","ἤρξαντο","ἤρξαντο","ἤρξαντο","ἄρχω"
42,05,21,"V","PMN","διαλογίζεσθαι","διαλογίζεσθαι","διαλογίζεσθαι","διαλογίζομαι"
42,05,21,"RA","NPM","οἱ","οἱ","οἱ","ὁ"
42,05,21,"N","NPM","γραμματεῖς","γραμματεῖς","γραμματεῖς","γραμματεύς"
42,05,21,"C",NULL,"καὶ","καὶ","καί","καί"
42,05,21,"RA","NPM","οἱ","οἱ","οἱ","ὁ"
42,05,21,"N","NPM","Φαρισαῖοι","Φαρισαῖοι","Φαρισαῖοι","Φαρισαῖος"
42,05,21,"V","PAPNPM","λέγοντες·","λέγοντες","λέγοντες","λέγω"
42,05,21,"RI","NSM","Τίς","Τίς","τίς","τίς"
42,05,21,"V","3PAI-S","ἐστιν","ἐστιν","ἐστί(ν)","εἰμί"
42,05,21,"RD","NSM","οὗτος","οὗτος","οὗτος","οὗτος"
42,05,21,"RR","NSM","ὃς","ὃς","ὅς","ὅς"
42,05,21,"V","3PAI-S","λαλεῖ","λαλεῖ","λαλεῖ","λαλέω"
42,05,21,"N","APF","βλασφημίας;","βλασφημίας","βλασφημίας","βλασφημία"
42,05,21,"RI","NSM","τίς","τίς","τίς","τίς"
42,05,21,"V","3PMI-S","δύναται","δύναται","δύναται","δύναμαι"
42,05,21,"N","APF","⸂ἁμαρτίας","ἁμαρτίας","ἁμαρτίας","ἁμαρτία"
42,05,21,"V","AAN","ἀφεῖναι⸃","ἀφεῖναι","ἀφεῖναι","ἀφίημι"
42,05,21,"C",NULL,"εἰ","εἰ","εἰ","εἰ"
42,05,21,"D",NULL,"μὴ","μὴ","μή","μή"
42,05,21,"A","NSM","μόνος","μόνος","μόνος","μόνος"
42,05,21,"RA","NSM","ὁ","ὁ","ὁ","ὁ"
42,05,21,"N","NSM","θεός;","θεός","θεός","θεός"
42,05,22,"V","AAPNSM","ἐπιγνοὺς","ἐπιγνοὺς","ἐπιγνούς","ἐπιγινώσκω"
42,05,22,"C",NULL,"δὲ","δὲ","δέ","δέ"
42,05,22,"RA","NSM","ὁ","ὁ","ὁ","ὁ"
42,05,22,"N","NSM","Ἰησοῦς","Ἰησοῦς","Ἰησοῦς","Ἰησοῦς"
42,05,22,"RA","APM","τοὺς","τοὺς","τούς","ὁ"
42,05,22,"N","APM","διαλογισμοὺς","διαλογισμοὺς","διαλογισμούς","διαλογισμός"
42,05,22,"RP","GPM","αὐτῶν","αὐτῶν","αὐτῶν","αὐτός"
42,05,22,"V","APPNSM","ἀποκριθεὶς","ἀποκριθεὶς","ἀποκριθείς","ἀποκρίνομαι"
42,05,22,"V","3AAI-S","εἶπεν","εἶπεν","εἶπε(ν)","λέγω"
42,05,22,"P",NULL,"πρὸς","πρὸς","πρός","πρός"
42,05,22,"RP","APM","αὐτούς·","αὐτούς","αὐτούς","αὐτός"
42,05,22,"RI","ASN","Τί","Τί","τί","τίς"
42,05,22,"V","2PMI-P","διαλογίζεσθε","διαλογίζεσθε","διαλογίζεσθε","διαλογίζομαι"
42,05,22,"P",NULL,"ἐν","ἐν","ἐν","ἐν"
42,05,22,"RA","DPF","ταῖς","ταῖς","ταῖς","ὁ"
42,05,22,"N","DPF","καρδίαις","καρδίαις","καρδίαις","καρδία"
42,05,22,"RP","GP","ὑμῶν;","ὑμῶν","ὑμῶν","σύ"
42,05,23,"RI","NSN","τί","τί","τί","τίς"
42,05,23,"V","3PAI-S","ἐστιν","ἐστιν","ἐστί(ν)","εἰμί"
42,05,23,"A","NSNC","εὐκοπώτερον,","εὐκοπώτερον","εὐκοπώτερον","εὐκοπώτερος"
42,05,23,"V","AAN","εἰπεῖν·","εἰπεῖν","εἰπεῖν","λέγω"
42,05,23,"V","3XPI-P","Ἀφέωνταί","Ἀφέωνταί","ἀφέωνται","ἀφίημι"
42,05,23,"RP","DS","σοι","σοι","σοι","σύ"
42,05,23,"RA","NPF","αἱ","αἱ","αἱ","ὁ"
42,05,23,"N","NPF","ἁμαρτίαι","ἁμαρτίαι","ἁμαρτίαι","ἁμαρτία"
42,05,23,"RP","GS","σου,","σου","σου","σύ"
42,05,23,"C",NULL,"ἢ","ἢ","ἤ","ἤ"
42,05,23,"V","AAN","εἰπεῖν·","εἰπεῖν","εἰπεῖν","λέγω"
42,05,23,"V","2PAD-S","⸀Ἔγειρε","Ἔγειρε","ἔγειρε","ἐγείρω"
42,05,23,"C",NULL,"καὶ","καὶ","καί","καί"
42,05,23,"V","2PAD-S","περιπάτει;","περιπάτει","περιπάτει","περιπατέω"
42,05,24,"C",NULL,"ἵνα","ἵνα","ἵνα","ἵνα"
42,05,24,"C",NULL,"δὲ","δὲ","δέ","δέ"
42,05,24,"V","2XAS-P","εἰδῆτε","εἰδῆτε","εἰδῆτε","οἶδα"
42,05,24,"C",NULL,"ὅτι","ὅτι","ὅτι","ὅτι"
42,05,24,"RA","NSM","⸂ὁ","ὁ","ὁ","ὁ"
42,05,24,"N","NSM","υἱὸς","υἱὸς","υἱός","υἱός"
42,05,24,"RA","GSM","τοῦ","τοῦ","τοῦ","ὁ"
42,05,24,"N","GSM","ἀνθρώπου","ἀνθρώπου","ἀνθρώπου","ἄνθρωπος"
42,05,24,"N","ASF","ἐξουσίαν","ἐξουσίαν","ἐξουσίαν","ἐξουσία"
42,05,24,"V","3PAI-S","ἔχει⸃","ἔχει","ἔχει","ἔχω"
42,05,24,"P",NULL,"ἐπὶ","ἐπὶ","ἐπί","ἐπί"
42,05,24,"RA","GSF","τῆς","τῆς","τῆς","ὁ"
42,05,24,"N","GSF","γῆς","γῆς","γῆς","γῆ"
42,05,24,"V","PAN","ἀφιέναι","ἀφιέναι","ἀφιέναι","ἀφίημι"
42,05,24,"N","APF","ἁμαρτίας—","ἁμαρτίας","ἁμαρτίας","ἁμαρτία"
42,05,24,"V","3AAI-S","εἶπεν","εἶπεν","εἶπε(ν)","λέγω"
42,05,24,"RA","DSM","τῷ","τῷ","τῷ","ὁ"
42,05,24,"V","XPPDSM","παραλελυμένῳ·","παραλελυμένῳ","παραλελυμένῳ","παραλύομαι"
42,05,24,"RP","DS","Σοὶ","Σοὶ","σοί","σύ"
42,05,24,"V","1PAI-S","λέγω,","λέγω","λέγω","λέγω"
42,05,24,"V","2PAD-S","⸀ἔγειρε","ἔγειρε","ἔγειρε","ἐγείρω"
42,05,24,"C",NULL,"καὶ","καὶ","καί","καί"
42,05,24,"V","AAPNSM","ἄρας","ἄρας","ἄρας","αἴρω"
42,05,24,"RA","ASN","τὸ","τὸ","τό","ὁ"
42,05,24,"N","ASN","κλινίδιόν","κλινίδιόν","κλινίδιον","κλινίδιον"
42,05,24,"RP","GS","σου","σου","σου","σύ"
42,05,24,"V","2PMD-S","πορεύου","πορεύου","πορεύου","πορεύομαι"
42,05,24,"P",NULL,"εἰς","εἰς","εἰς","εἰς"
42,05,24,"RA","ASM","τὸν","τὸν","τόν","ὁ"
42,05,24,"N","ASM","οἶκόν","οἶκόν","οἶκον","οἶκος"
42,05,24,"RP","GS","σου.","σου","σου","σύ"
42,05,25,"C",NULL,"καὶ","καὶ","καί","καί"
42,05,25,"D",NULL,"παραχρῆμα","παραχρῆμα","παραχρῆμα","παραχρῆμα"
42,05,25,"V","AAPNSM","ἀναστὰς","ἀναστὰς","ἀναστάς","ἀνίστημι"
42,05,25,"P",NULL,"ἐνώπιον","ἐνώπιον","ἐνώπιον","ἐνώπιον"
42,05,25,"RP","GPM","αὐτῶν,","αὐτῶν","αὐτῶν","αὐτός"
42,05,25,"V","AAPNSM","ἄρας","ἄρας","ἄρας","αἴρω"
42,05,25,"P",NULL,"ἐφ’","ἐφ’","ἐπί","ἐπί"
42,05,25,"RR","ASN","ὃ","ὃ","ὅ","ὅς"
42,05,25,"V","3IMI-S","κατέκειτο,","κατέκειτο","κατέκειτο","κατάκειμαι"
42,05,25,"V","3AAI-S","ἀπῆλθεν","ἀπῆλθεν","ἀπῆλθε(ν)","ἀπέρχομαι"
42,05,25,"P",NULL,"εἰς","εἰς","εἰς","εἰς"
42,05,25,"RA","ASM","τὸν","τὸν","τόν","ὁ"
42,05,25,"N","ASM","οἶκον","οἶκον","οἶκον","οἶκος"
42,05,25,"RP","GSM","αὐτοῦ","αὐτοῦ","αὐτοῦ","αὐτός"
42,05,25,"V","PAPNSM","δοξάζων","δοξάζων","δοξάζων","δοξάζω"
42,05,25,"RA","ASM","τὸν","τὸν","τόν","ὁ"
42,05,25,"N","ASM","θεόν.","θεόν","θεόν","θεός"
42,05,26,"C",NULL,"καὶ","καὶ","καί","καί"
42,05,26,"N","NSF","ἔκστασις","ἔκστασις","ἔκστασις","ἔκστασις"
42,05,26,"V","3AAI-S","ἔλαβεν","ἔλαβεν","ἔλαβε(ν)","λαμβάνω"
42,05,26,"A","APM","ἅπαντας","ἅπαντας","ἅπαντας","ἅπας"
42,05,26,"C",NULL,"καὶ","καὶ","καί","καί"
42,05,26,"V","3IAI-P","ἐδόξαζον","ἐδόξαζον","ἐδόξαζον","δοξάζω"
42,05,26,"RA","ASM","τὸν","τὸν","τόν","ὁ"
42,05,26,"N","ASM","θεόν,","θεόν","θεόν","θεός"
42,05,26,"C",NULL,"καὶ","καὶ","καί","καί"
42,05,26,"V","3API-P","ἐπλήσθησαν","ἐπλήσθησαν","ἐπλήσθησαν","πίμπλημι"
42,05,26,"N","GSM","φόβου","φόβου","φόβου","φόβος"
42,05,26,"V","PAPNPM","λέγοντες","λέγοντες","λέγοντες","λέγω"
42,05,26,"C",NULL,"ὅτι","ὅτι","ὅτι","ὅτι"
42,05,26,"V","1AAI-P","Εἴδομεν","Εἴδομεν","εἴδομεν","ὁράω"
42,05,26,"A","APN","παράδοξα","παράδοξα","παράδοξα","παράδοξος"
42,05,26,"D",NULL,"σήμερον.","σήμερον","σήμερον","σήμερον"
42,05,27,"C",NULL,"Καὶ","Καὶ","καί","καί"
42,05,27,"P",NULL,"μετὰ","μετὰ","μετά","μετά"
42,05,27,"RD","APN","ταῦτα","ταῦτα","ταῦτα","οὗτος"
42,05,27,"V","3AAI-S","ἐξῆλθεν","ἐξῆλθεν","ἐξῆλθε(ν)","ἐξέρχομαι"
42,05,27,"C",NULL,"καὶ","καὶ","καί","καί"
42,05,27,"V","3AMI-S","ἐθεάσατο","ἐθεάσατο","ἐθεάσατο","θεάομαι"
42,05,27,"N","ASM","τελώνην","τελώνην","τελώνην","τελώνης"
42,05,27,"N","DSN","ὀνόματι","ὀνόματι","ὀνόματι","ὄνομα"
42,05,27,"N","ASM","Λευὶν","Λευὶν","Λευίν","Λευί"
42,05,27,"V","PMPASM","καθήμενον","καθήμενον","καθήμενον","κάθημαι"
42,05,27,"P",NULL,"ἐπὶ","ἐπὶ","ἐπί","ἐπί"
42,05,27,"RA","ASN","τὸ","τὸ","τό","ὁ"
42,05,27,"N","ASN","τελώνιον,","τελώνιον","τελώνιον","τελώνιον"
42,05,27,"C",NULL,"καὶ","καὶ","καί","καί"
42,05,27,"V","3AAI-S","εἶπεν","εἶπεν","εἶπε(ν)","λέγω"
42,05,27,"RP","DSM","αὐτῷ·","αὐτῷ","αὐτῷ","αὐτός"
42,05,27,"V","2PAD-S","Ἀκολούθει","Ἀκολούθει","ἀκολούθει","ἀκολουθέω"
42,05,27,"RP","DS","μοι.","μοι","μοι","ἐγώ"
42,05,28,"C",NULL,"καὶ","καὶ","καί","καί"
42,05,28,"V","AAPNSM","καταλιπὼν","καταλιπὼν","καταλιπών","καταλείπω"
42,05,28,"A","APN","⸀πάντα","πάντα","πάντα","πᾶς"
42,05,28,"V","AAPNSM","ἀναστὰς","ἀναστὰς","ἀναστάς","ἀνίστημι"
42,05,28,"V","3IAI-S","⸀ἠκολούθει","ἠκολούθει","ἠκολούθει","ἀκολουθέω"
42,05,28,"RP","DSM","αὐτῷ.","αὐτῷ","αὐτῷ","αὐτός"
42,05,29,"C",NULL,"Καὶ","Καὶ","καί","καί"
42,05,29,"V","3AAI-S","ἐποίησεν","ἐποίησεν","ἐποίησε(ν)","ποιέω"
42,05,29,"N","ASF","δοχὴν","δοχὴν","δοχήν","δοχή"
42,05,29,"A","ASF","μεγάλην","μεγάλην","μεγάλην","μέγας"
42,05,29,"N","NSM","Λευὶς","Λευὶς","Λευίς","Λευίς"
42,05,29,"RP","DSM","αὐτῷ","αὐτῷ","αὐτῷ","αὐτός"
42,05,29,"P",NULL,"ἐν","ἐν","ἐν","ἐν"
42,05,29,"RA","DSF","τῇ","τῇ","τῇ","ὁ"
42,05,29,"N","DSF","οἰκίᾳ","οἰκίᾳ","οἰκίᾳ","οἰκία"
42,05,29,"RP","GSM","αὐτοῦ·","αὐτοῦ","αὐτοῦ","αὐτός"
42,05,29,"C",NULL,"καὶ","καὶ","καί","καί"
42,05,29,"V","3IAI-S","ἦν","ἦν","ἦν","εἰμί"
42,05,29,"N","NSM","ὄχλος","ὄχλος","ὄχλος","ὄχλος"
42,05,29,"A","NSM","⸂πολὺς","πολὺς","πολύς","πολύς"
42,05,29,"N","GPM","τελωνῶν⸃","τελωνῶν","τελωνῶν","τελώνης"
42,05,29,"C",NULL,"καὶ","καὶ","καί","καί"
42,05,29,"A","GPM","ἄλλων","ἄλλων","ἄλλων","ἄλλος"
42,05,29,"RR","NPM","οἳ","οἳ","οἵ","ὅς"
42,05,29,"V","3IAI-P","ἦσαν","ἦσαν","ἦσαν","εἰμί"
42,05,29,"P",NULL,"μετ’","μετ’","μετά","μετά"
42,05,29,"RP","GPM","αὐτῶν","αὐτῶν","αὐτῶν","αὐτός"
42,05,29,"V","PMPNPM","κατακείμενοι.","κατακείμενοι","κατακείμενοι","κατάκειμαι"
42,05,30,"C",NULL,"καὶ","καὶ","καί","καί"
42,05,30,"V","3IAI-P","ἐγόγγυζον","ἐγόγγυζον","ἐγόγγυζον","γογγύζω"
42,05,30,"RA","NPM","οἱ","οἱ","οἱ","ὁ"
42,05,30,"N","NPM","⸂Φαρισαῖοι","Φαρισαῖοι","Φαρισαῖοι","Φαρισαῖος"
42,05,30,"C",NULL,"καὶ","καὶ","καί","καί"
42,05,30,"RA","NPM","οἱ","οἱ","οἱ","ὁ"
42,05,30,"N","NPM","γραμματεῖς","γραμματεῖς","γραμματεῖς","γραμματεύς"
42,05,30,"RP","GPM","αὐτῶν⸃","αὐτῶν","αὐτῶν","αὐτός"
42,05,30,"P",NULL,"πρὸς","πρὸς","πρός","πρός"
42,05,30,"RA","APM","τοὺς","τοὺς","τούς","ὁ"
42,05,30,"N","APM","μαθητὰς","μαθητὰς","μαθητάς","μαθητής"
42,05,30,"RP","GSM","αὐτοῦ","αὐτοῦ","αὐτοῦ","αὐτός"
42,05,30,"V","PAPNPM","λέγοντες·","λέγοντες","λέγοντες","λέγω"
42,05,30,"P",NULL,"Διὰ","Διὰ","διά","διά"
42,05,30,"RI","ASN","τί","τί","τί","τίς"
42,05,30,"P",NULL,"μετὰ","μετὰ","μετά","μετά"
42,05,30,"RA","GPM","τῶν","τῶν","τῶν","ὁ"
42,05,30,"N","GPM","τελωνῶν","τελωνῶν","τελωνῶν","τελώνης"
42,05,30,"C",NULL,"καὶ","καὶ","καί","καί"
42,05,30,"A","GPM","ἁμαρτωλῶν","ἁμαρτωλῶν","ἁμαρτωλῶν","ἁμαρτωλός"
42,05,30,"V","2PAI-P","ἐσθίετε","ἐσθίετε","ἐσθίετε","ἐσθίω"
42,05,30,"C",NULL,"καὶ","καὶ","καί","καί"
42,05,30,"V","2PAI-P","πίνετε;","πίνετε","πίνετε","πίνω"
42,05,31,"C",NULL,"καὶ","καὶ","καί","καί"
42,05,31,"V","APPNSM","ἀποκριθεὶς","ἀποκριθεὶς","ἀποκριθείς","ἀποκρίνομαι"
42,05,31,"RA","NSM","ὁ","ὁ","ὁ","ὁ"
42,05,31,"N","NSM","Ἰησοῦς","Ἰησοῦς","Ἰησοῦς","Ἰησοῦς"
42,05,31,"V","3AAI-S","εἶπεν","εἶπεν","εἶπε(ν)","λέγω"
42,05,31,"P",NULL,"πρὸς","πρὸς","πρός","πρός"
42,05,31,"RP","APM","αὐτούς·","αὐτούς","αὐτούς","αὐτός"
42,05,31,"D",NULL,"Οὐ","Οὐ","οὐ","οὐ"
42,05,31,"N","ASF","χρείαν","χρείαν","χρείαν","χρεία"
42,05,31,"V","3PAI-P","ἔχουσιν","ἔχουσιν","ἔχουσι(ν)","ἔχω"
42,05,31,"RA","NPM","οἱ","οἱ","οἱ","ὁ"
42,05,31,"V","PAPNPM","ὑγιαίνοντες","ὑγιαίνοντες","ὑγιαίνοντες","ὑγιαίνω"
42,05,31,"N","GSM","ἰατροῦ","ἰατροῦ","ἰατροῦ","ἰατρός"
42,05,31,"C",NULL,"ἀλλὰ","ἀλλὰ","ἀλλά","ἀλλά"
42,05,31,"RA","NPM","οἱ","οἱ","οἱ","ὁ"
42,05,31,"D",NULL,"κακῶς","κακῶς","κακῶς","κακῶς"
42,05,31,"V","PAPNPM","ἔχοντες·","ἔχοντες","ἔχοντες","ἔχω"
42,05,32,"D",NULL,"οὐκ","οὐκ","οὐ","οὐ"
42,05,32,"V","1XAI-S","ἐλήλυθα","ἐλήλυθα","ἐλήλυθα","ἔρχομαι"
42,05,32,"V","AAN","καλέσαι","καλέσαι","καλέσαι","καλέω"
42,05,32,"A","APM","δικαίους","δικαίους","δικαίους","δίκαιος"
42,05,32,"C",NULL,"ἀλλὰ","ἀλλὰ","ἀλλά","ἀλλά"
42,05,32,"A","APM","ἁμαρτωλοὺς","ἁμαρτωλοὺς","ἁμαρτωλούς","ἁμαρτωλός"
42,05,32,"P",NULL,"εἰς","εἰς","εἰς","εἰς"
42,05,32,"N","ASF","μετάνοιαν.","μετάνοιαν","μετάνοιαν","μετάνοια"
42,05,33,"RA","NPM","Οἱ","Οἱ","οἱ","ὁ"
42,05,33,"C",NULL,"δὲ","δὲ","δέ","δέ"
42,05,33,"V","3AAI-P","εἶπαν","εἶπαν","εἶπαν","λέγω"
42,05,33,"P",NULL,"πρὸς","πρὸς","πρός","πρός"
42,05,33,"RP","ASM","αὐτόν·","αὐτόν","αὐτόν","αὐτός"
42,05,33,"RA","NPM","⸀Οἱ","Οἱ","οἱ","ὁ"
42,05,33,"N","NPM","μαθηταὶ","μαθηταὶ","μαθηταί","μαθητής"
42,05,33,"N","GSM","Ἰωάννου","Ἰωάννου","Ἰωάννου","Ἰωάννης"
42,05,33,"V","3PAI-P","νηστεύουσιν","νηστεύουσιν","νηστεύουσι(ν)","νηστεύω"
42,05,33,"A","APN","πυκνὰ","πυκνὰ","πυκνά","πυκνά"
42,05,33,"C",NULL,"καὶ","καὶ","καί","καί"
42,05,33,"N","APF","δεήσεις","δεήσεις","δεήσεις","δέησις"
42,05,33,"V","3PMI-P","ποιοῦνται,","ποιοῦνται","ποιοῦνται","ποιέω"
42,05,33,"D",NULL,"ὁμοίως","ὁμοίως","ὁμοίως","ὁμοίως"
42,05,33,"D",NULL,"καὶ","καὶ","καί","καί"
42,05,33,"RA","NPM","οἱ","οἱ","οἱ","ὁ"
42,05,33,"RA","GPM","τῶν","τῶν","τῶν","ὁ"
42,05,33,"N","GPM","Φαρισαίων,","Φαρισαίων","Φαρισαίων","Φαρισαῖος"
42,05,33,"RA","NPM","οἱ","οἱ","οἱ","ὁ"
42,05,33,"C",NULL,"δὲ","δὲ","δέ","δέ"
42,05,33,"A","NPM","σοὶ","σοὶ","σοί","σός"
42,05,33,"V","3PAI-P","ἐσθίουσιν","ἐσθίουσιν","ἐσθίουσι(ν)","ἐσθίω"
42,05,33,"C",NULL,"καὶ","καὶ","καί","καί"
42,05,33,"V","3PAI-P","πίνουσιν.","πίνουσιν","πίνουσι(ν)","πίνω"
42,05,34,"RA","NSM","ὁ","ὁ","ὁ","ὁ"
42,05,34,"C",NULL,"⸀δὲ","δὲ","δέ","δέ"
42,05,34,"V","3AAI-S","εἶπεν","εἶπεν","εἶπε(ν)","λέγω"
42,05,34,"P",NULL,"πρὸς","πρὸς","πρός","πρός"
42,05,34,"RP","APM","αὐτούς·","αὐτούς","αὐτούς","αὐτός"
42,05,34,"X",NULL,"Μὴ","Μὴ","μή","μή"
42,05,34,"V","2PMI-P","δύνασθε","δύνασθε","δύνασθε","δύναμαι"
42,05,34,"RA","APM","τοὺς","τοὺς","τούς","ὁ"
42,05,34,"N","APM","υἱοὺς","υἱοὺς","υἱούς","υἱός"
42,05,34,"RA","GSM","τοῦ","τοῦ","τοῦ","ὁ"
42,05,34,"N","GSM","νυμφῶνος","νυμφῶνος","νυμφῶνος","νυμφών"
42,05,34,"P",NULL,"ἐν","ἐν","ἐν","ἐν"
42,05,34,"RR","DSM","ᾧ","ᾧ","ᾧ","ὅς"
42,05,34,"RA","NSM","ὁ","ὁ","ὁ","ὁ"
42,05,34,"N","NSM","νυμφίος","νυμφίος","νυμφίος","νυμφίος"
42,05,34,"P",NULL,"μετ’","μετ’","μετά","μετά"
42,05,34,"RP","GPM","αὐτῶν","αὐτῶν","αὐτῶν","αὐτός"
42,05,34,"V","3PAI-S","ἐστιν","ἐστιν","ἐστί(ν)","εἰμί"
42,05,34,"V","AAN","ποιῆσαι","ποιῆσαι","ποιῆσαι","ποιέω"
42,05,34,"V","AAN","⸀νηστεῦσαι;","νηστεῦσαι","νηστεῦσαι","νηστεύω"
42,05,35,"V","3FMI-P","ἐλεύσονται","ἐλεύσονται","ἐλεύσονται","ἔρχομαι"
42,05,35,"C",NULL,"δὲ","δὲ","δέ","δέ"
42,05,35,"N","NPF","ἡμέραι,","ἡμέραι","ἡμέραι","ἡμέρα"
42,05,35,"D",NULL,"καὶ","καὶ","καί","καί"
42,05,35,"C",NULL,"ὅταν","ὅταν","ὅταν","ὅταν"
42,05,35,"V","3APS-S","ἀπαρθῇ","ἀπαρθῇ","ἀπαρθῇ","ἀπαίρω"
42,05,35,"P",NULL,"ἀπ’","ἀπ’","ἀπό","ἀπό"
42,05,35,"RP","GPM","αὐτῶν","αὐτῶν","αὐτῶν","αὐτός"
42,05,35,"RA","NSM","ὁ","ὁ","ὁ","ὁ"
42,05,35,"N","NSM","νυμφίος","νυμφίος","νυμφίος","νυμφίος"
42,05,35,"D",NULL,"τότε","τότε","τότε","τότε"
42,05,35,"V","3FAI-P","νηστεύσουσιν","νηστεύσουσιν","νηστεύσουσι(ν)","νηστεύω"
42,05,35,"P",NULL,"ἐν","ἐν","ἐν","ἐν"
42,05,35,"RD","DPF","ἐκείναις","ἐκείναις","ἐκείναις","ἐκεῖνος"
42,05,35,"RA","DPF","ταῖς","ταῖς","ταῖς","ὁ"
42,05,35,"N","DPF","ἡμέραις.","ἡμέραις","ἡμέραις","ἡμέρα"
42,05,36,"V","3IAI-S","ἔλεγεν","ἔλεγεν","ἔλεγε(ν)","λέγω"
42,05,36,"C",NULL,"δὲ","δὲ","δέ","δέ"
42,05,36,"D",NULL,"καὶ","καὶ","καί","καί"
42,05,36,"N","ASF","παραβολὴν","παραβολὴν","παραβολήν","παραβολή"
42,05,36,"P",NULL,"πρὸς","πρὸς","πρός","πρός"
42,05,36,"RP","APM","αὐτοὺς","αὐτοὺς","αὐτούς","αὐτός"
42,05,36,"D",NULL,"ὅτι","ὅτι","ὅτι","ὅτι"
42,05,36,"A","NSM","Οὐδεὶς","Οὐδεὶς","οὐδείς","οὐδείς"
42,05,36,"N","ASN","ἐπίβλημα","ἐπίβλημα","ἐπίβλημα","ἐπίβλημα"
42,05,36,"P",NULL,"⸀ἀπὸ","ἀπὸ","ἀπό","ἀπό"
42,05,36,"N","GSN","ἱματίου","ἱματίου","ἱματίου","ἱμάτιον"
42,05,36,"A","GSN","καινοῦ","καινοῦ","καινοῦ","καινός"
42,05,36,"V","AAPNSM","⸀σχίσας","σχίσας","σχίσας","σχίζω"
42,05,36,"V","3PAI-S","ἐπιβάλλει","ἐπιβάλλει","ἐπιβάλλει","ἐπιβάλλω"
42,05,36,"P",NULL,"ἐπὶ","ἐπὶ","ἐπί","ἐπί"
42,05,36,"N","ASN","ἱμάτιον","ἱμάτιον","ἱμάτιον","ἱμάτιον"
42,05,36,"A","ASN","παλαιόν·","παλαιόν","παλαιόν","παλαιός"
42,05,36,"C",NULL,"εἰ","εἰ","εἰ","εἰ"
42,05,36,"C",NULL,"δὲ","δὲ","δέ","δέ"
42,05,36,"D",NULL,"μήγε,","μήγε","μήγε","μήγε"
42,05,36,"C",NULL,"καὶ","καὶ","καί","καί"
42,05,36,"RA","ASN","τὸ","τὸ","τό","ὁ"
42,05,36,"A","ASN","καινὸν","καινὸν","καινόν","καινός"
42,05,36,"V","3FAI-S","⸀σχίσει","σχίσει","σχίσει","σχίζω"
42,05,36,"C",NULL,"καὶ","καὶ","καί","καί"
42,05,36,"RA","DSN","τῷ","τῷ","τῷ","ὁ"
42,05,36,"A","DSN","παλαιῷ","παλαιῷ","παλαιῷ","παλαιός"
42,05,36,"D",NULL,"οὐ","οὐ","οὐ","οὐ"
42,05,36,"V","3FAI-S","⸂συμφωνήσει","συμφωνήσει","συμφωνήσει","συμφωνέω"
42,05,36,"RA","NSN","τὸ","τὸ","τό","ὁ"
42,05,36,"N","NSN","ἐπίβλημα⸃","ἐπίβλημα","ἐπίβλημα","ἐπίβλημα"
42,05,36,"RA","NSN","τὸ","τὸ","τό","ὁ"
42,05,36,"P",NULL,"ἀπὸ","ἀπὸ","ἀπό","ἀπό"
42,05,36,"RA","GSN","τοῦ","τοῦ","τοῦ","ὁ"
42,05,36,"A","GSN","καινοῦ.","καινοῦ","καινοῦ","καινός"
42,05,37,"C",NULL,"καὶ","καὶ","καί","καί"
42,05,37,"A","NSM","οὐδεὶς","οὐδεὶς","οὐδείς","οὐδείς"
42,05,37,"V","3PAI-S","βάλλει","βάλλει","βάλλει","βάλλω"
42,05,37,"N","ASM","οἶνον","οἶνον","οἶνον","οἶνος"
42,05,37,"A","ASM","νέον","νέον","νέον","νέος"
42,05,37,"P",NULL,"εἰς","εἰς","εἰς","εἰς"
42,05,37,"N","APM","ἀσκοὺς","ἀσκοὺς","ἀσκούς","ἀσκός"
42,05,37,"A","APM","παλαιούς·","παλαιούς","παλαιούς","παλαιός"
42,05,37,"C",NULL,"εἰ","εἰ","εἰ","εἰ"
42,05,37,"C",NULL,"δὲ","δὲ","δέ","δέ"
42,05,37,"D",NULL,"μήγε,","μήγε","μήγε","μήγε"
42,05,37,"V","3FAI-S","ῥήξει","ῥήξει","ῥήξει","ῥήγνυμι"
42,05,37,"RA","NSM","ὁ","ὁ","ὁ","ὁ"
42,05,37,"N","NSM","⸂οἶνος","οἶνος","οἶνος","οἶνος"
42,05,37,"RA","NSM","ὁ","ὁ","ὁ","ὁ"
42,05,37,"A","NSM","νέος⸃","νέος","νέος","νέος"
42,05,37,"RA","APM","τοὺς","τοὺς","τούς","ὁ"
42,05,37,"N","APM","ἀσκούς,","ἀσκούς","ἀσκούς","ἀσκός"
42,05,37,"C",NULL,"καὶ","καὶ","καί","καί"
42,05,37,"RP","NSM","αὐτὸς","αὐτὸς","αὐτός","αὐτός"
42,05,37,"V","3FPI-S","ἐκχυθήσεται","ἐκχυθήσεται","ἐκχυθήσεται","ἐκχέω"
42,05,37,"C",NULL,"καὶ","καὶ","καί","καί"
42,05,37,"RA","NPM","οἱ","οἱ","οἱ","ὁ"
42,05,37,"N","NPM","ἀσκοὶ","ἀσκοὶ","ἀσκοί","ἀσκός"
42,05,37,"V","3FMI-P","ἀπολοῦνται·","ἀπολοῦνται","ἀπολοῦνται","ἀπόλλυμι"
42,05,38,"C",NULL,"ἀλλὰ","ἀλλὰ","ἀλλά","ἀλλά"
42,05,38,"N","ASM","οἶνον","οἶνον","οἶνον","οἶνος"
42,05,38,"A","ASM","νέον","νέον","νέον","νέος"
42,05,38,"P",NULL,"εἰς","εἰς","εἰς","εἰς"
42,05,38,"N","APM","ἀσκοὺς","ἀσκοὺς","ἀσκούς","ἀσκός"
42,05,38,"A","APM","καινοὺς","καινοὺς","καινούς","καινός"
42,05,38,"A","NSN","⸀βλητέον.","βλητέον","βλητέον","βλητέος"
42,05,39,"C",NULL,"⸀καὶ","καὶ","καί","καί"
42,05,39,"A","NSM","οὐδεὶς","οὐδεὶς","οὐδείς","οὐδείς"
42,05,39,"V","AAPNSM","πιὼν","πιὼν","πιών","πίνω"
42,05,39,"A","ASM","⸀παλαιὸν","παλαιὸν","παλαιόν","παλαιός"
42,05,39,"V","3PAI-S","θέλει","θέλει","θέλει","θέλω"
42,05,39,"A","ASM","νέον·","νέον","νέον","νέος"
42,05,39,"V","3PAI-S","λέγει","λέγει","λέγει","λέγω"
42,05,39,"C",NULL,"γάρ·","γάρ","γάρ","γάρ"
42,05,39,"RA","NSM","Ὁ","Ὁ","ὁ","ὁ"
42,05,39,"A","NSM","παλαιὸς","παλαιὸς","παλαιός","παλαιός"
42,05,39,"A","NSM","⸀χρηστός","χρηστός","χρηστός","χρηστός"
42,05,39,"V","3PAI-S","ἐστιν.","ἐστιν","ἐστί(ν)","εἰμί"
42,06,01,"V","3AMI-S","Ἐγένετο","Ἐγένετο","ἐγένετο","γίνομαι"
42,06,01,"C",NULL,"δὲ","δὲ","δέ","δέ"
42,06,01,"P",NULL,"ἐν","ἐν","ἐν","ἐν"
42,06,01,"N","DSN","⸀σαββάτῳ","σαββάτῳ","σαββάτῳ","σάββατον"
42,06,01,"V","PMN","διαπορεύεσθαι","διαπορεύεσθαι","διαπορεύεσθαι","διαπορεύομαι"
42,06,01,"RP","ASM","αὐτὸν","αὐτὸν","αὐτόν","αὐτός"
42,06,01,"P",NULL,"⸀διὰ","διὰ","διά","διά"
42,06,01,"A","GPN","σπορίμων,","σπορίμων","σπορίμων","σπόριμος"
42,06,01,"C",NULL,"καὶ","καὶ","καί","καί"
42,06,01,"V","3IAI-P","ἔτιλλον","ἔτιλλον","ἔτιλλον","τίλλω"
42,06,01,"RA","NPM","οἱ","οἱ","οἱ","ὁ"
42,06,01,"N","NPM","μαθηταὶ","μαθηταὶ","μαθηταί","μαθητής"
42,06,01,"RP","GSM","αὐτοῦ","αὐτοῦ","αὐτοῦ","αὐτός"
42,06,01,"C",NULL,"⸂καὶ","καὶ","καί","καί"
42,06,01,"V","3IAI-P","ἤσθιον","ἤσθιον","ἤσθιον","ἐσθίω"
42,06,01,"RA","APM","τοὺς","τοὺς","τούς","ὁ"
42,06,01,"N","APM","στάχυας⸃","στάχυας","στάχυας","στάχυς"
42,06,01,"V","PAPNPM","ψώχοντες","ψώχοντες","ψώχοντες","ψώχω"
42,06,01,"RA","DPF","ταῖς","ταῖς","ταῖς","ὁ"
42,06,01,"N","DPF","χερσίν.","χερσίν","χερσί(ν)","χείρ"
42,06,02,"RI","NPM","τινὲς","τινὲς","τινές","τις"
42,06,02,"C",NULL,"δὲ","δὲ","δέ","δέ"
42,06,02,"RA","GPM","τῶν","τῶν","τῶν","ὁ"
42,06,02,"N","GPM","Φαρισαίων","Φαρισαίων","Φαρισαίων","Φαρισαῖος"
42,06,02,"V","3AAI-P","⸀εἶπαν·","εἶπαν","εἶπαν","λέγω"
42,06,02,"RI","ASN","Τί","Τί","τί","τίς"
42,06,02,"V","2PAI-P","ποιεῖτε","ποιεῖτε","ποιεῖτε","ποιέω"
42,06,02,"RR","NSN","ὃ","ὃ","ὅ","ὅς"
42,06,02,"D",NULL,"οὐκ","οὐκ","οὐ","οὐ"
42,06,02,"V","3PAI-S","⸀ἔξεστιν","ἔξεστιν","ἔξεστι(ν)","ἔξεστι(ν)"
42,06,02,"RA","DPN","τοῖς","τοῖς","τοῖς","ὁ"
42,06,02,"N","DPN","σάββασιν;","σάββασιν","σάββασι(ν)","σάββατον"
42,06,03,"C",NULL,"καὶ","καὶ","καί","καί"
42,06,03,"V","APPNSM","ἀποκριθεὶς","ἀποκριθεὶς","ἀποκριθείς","ἀποκρίνομαι"
42,06,03,"P",NULL,"πρὸς","πρὸς","πρός","πρός"
42,06,03,"RP","APM","αὐτοὺς","αὐτοὺς","αὐτούς","αὐτός"
42,06,03,"V","3AAI-S","εἶπεν","εἶπεν","εἶπε(ν)","λέγω"
42,06,03,"RA","NSM","ὁ","ὁ","ὁ","ὁ"
42,06,03,"N","NSM","Ἰησοῦς·","Ἰησοῦς","Ἰησοῦς","Ἰησοῦς"
42,06,03,"D",NULL,"Οὐδὲ","Οὐδὲ","οὐδέ","οὐδέ"
42,06,03,"RD","ASN","τοῦτο","τοῦτο","τοῦτο","οὗτος"
42,06,03,"V","2AAI-P","ἀνέγνωτε","ἀνέγνωτε","ἀνέγνωτε","ἀναγινώσκω"
42,06,03,"RR","ASN","ὃ","ὃ","ὅ","ὅς"
42,06,03,"V","3AAI-S","ἐποίησεν","ἐποίησεν","ἐποίησε(ν)","ποιέω"
42,06,03,"N","NSM","Δαυὶδ","Δαυὶδ","Δαυίδ","Δαυίδ"
42,06,03,"C",NULL,"⸀ὁπότε","ὁπότε","ὁπότε","ὁπότε"
42,06,03,"V","3AAI-S","ἐπείνασεν","ἐπείνασεν","ἐπείνασε(ν)","πεινάω"
42,06,03,"RP","NSM","αὐτὸς","αὐτὸς","αὐτός","αὐτός"
42,06,03,"C",NULL,"καὶ","καὶ","καί","καί"
42,06,03,"RA","NPM","οἱ","οἱ","οἱ","ὁ"
42,06,03,"P",NULL,"μετ’","μετ’","μετά","μετά"
42,06,03,"RP","GSM","αὐτοῦ","αὐτοῦ","αὐτοῦ","αὐτός"
42,06,03,"V","PAPNPM","⸀ὄντες;","ὄντες","ὄντες","εἰμί"
42,06,04,"C",NULL,"⸀ὡς","ὡς","ὡς","ὡς"
42,06,04,"V","3AAI-S","εἰσῆλθεν","εἰσῆλθεν","εἰσῆλθε(ν)","εἰσέρχομαι"
42,06,04,"P",NULL,"εἰς","εἰς","εἰς","εἰς"
42,06,04,"RA","ASM","τὸν","τὸν","τόν","ὁ"
42,06,04,"N","ASM","οἶκον","οἶκον","οἶκον","οἶκος"
42,06,04,"RA","GSM","τοῦ","τοῦ","τοῦ","ὁ"
42,06,04,"N","GSM","θεοῦ","θεοῦ","θεοῦ","θεός"
42,06,04,"C",NULL,"καὶ","καὶ","καί","καί"
42,06,04,"RA","APM","τοὺς","τοὺς","τούς","ὁ"
42,06,04,"N","APM","ἄρτους","ἄρτους","ἄρτους","ἄρτος"
42,06,04,"RA","GSF","τῆς","τῆς","τῆς","ὁ"
42,06,04,"N","GSF","προθέσεως","προθέσεως","προθέσεως","πρόθεσις"
42,06,04,"V","AAPNSM","⸀λαβὼν","λαβὼν","λαβών","λαμβάνω"
42,06,04,"V","3AAI-S","ἔφαγεν","ἔφαγεν","ἔφαγε(ν)","ἐσθίω"
42,06,04,"C",NULL,"καὶ","καὶ","καί","καί"
42,06,04,"V","3AAI-S","⸀ἔδωκεν","ἔδωκεν","ἔδωκε(ν)","δίδωμι"
42,06,04,"RA","DPM","τοῖς","τοῖς","τοῖς","ὁ"
42,06,04,"P",NULL,"μετ’","μετ’","μετά","μετά"
42,06,04,"RP","GSM","αὐτοῦ,","αὐτοῦ","αὐτοῦ","αὐτός"
42,06,04,"RR","APM","οὓς","οὓς","οὕς","ὅς"
42,06,04,"D",NULL,"οὐκ","οὐκ","οὐ","οὐ"
42,06,04,"V","3PAI-S","ἔξεστιν","ἔξεστιν","ἔξεστι(ν)","ἔξεστι(ν)"
42,06,04,"V","AAN","φαγεῖν","φαγεῖν","φαγεῖν","ἐσθίω"
42,06,04,"C",NULL,"εἰ","εἰ","εἰ","εἰ"
42,06,04,"D",NULL,"μὴ","μὴ","μή","μή"
42,06,04,"A","APM","μόνους","μόνους","μόνους","μόνος"
42,06,04,"RA","APM","τοὺς","τοὺς","τούς","ὁ"
42,06,04,"N","APM","ἱερεῖς;","ἱερεῖς","ἱερεῖς","ἱερεύς"
42,06,05,"C",NULL,"καὶ","καὶ","καί","καί"
42,06,05,"V","3IAI-S","ἔλεγεν","ἔλεγεν","ἔλεγε(ν)","λέγω"
42,06,05,"RP","DPM","⸀αὐτοῖς·","αὐτοῖς","αὐτοῖς","αὐτός"
42,06,05,"N","NSM","Κύριός","Κύριός","κύριος","κύριος"
42,06,05,"V","3PAI-S","ἐστιν","ἐστιν","ἐστί(ν)","εἰμί"
42,06,05,"RA","GSN","⸂τοῦ","τοῦ","τοῦ","ὁ"
42,06,05,"N","GSN","σαββάτου","σαββάτου","σαββάτου","σάββατον"
42,06,05,"RA","NSM","ὁ","ὁ","ὁ","ὁ"
42,06,05,"N","NSM","υἱὸς","υἱὸς","υἱός","υἱός"
42,06,05,"RA","GSM","τοῦ","τοῦ","τοῦ","ὁ"
42,06,05,"N","GSM","ἀνθρώπου⸃.","ἀνθρώπου","ἀνθρώπου","ἄνθρωπος"
42,06,06,"V","3AMI-S","Ἐγένετο","Ἐγένετο","ἐγένετο","γίνομαι"
42,06,06,"C",NULL,"⸀δὲ","δὲ","δέ","δέ"
42,06,06,"P",NULL,"ἐν","ἐν","ἐν","ἐν"
42,06,06,"A","DSN","ἑτέρῳ","ἑτέρῳ","ἑτέρῳ","ἕτερος"
42,06,06,"N","DSN","σαββάτῳ","σαββάτῳ","σαββάτῳ","σάββατον"
42,06,06,"V","AAN","εἰσελθεῖν","εἰσελθεῖν","εἰσελθεῖν","εἰσέρχομαι"
42,06,06,"RP","ASM","αὐτὸν","αὐτὸν","αὐτόν","αὐτός"
42,06,06,"P",NULL,"εἰς","εἰς","εἰς","εἰς"
42,06,06,"RA","ASF","τὴν","τὴν","τήν","ὁ"
42,06,06,"N","ASF","συναγωγὴν","συναγωγὴν","συναγωγήν","συναγωγή"
42,06,06,"C",NULL,"καὶ","καὶ","καί","καί"
42,06,06,"V","PAN","διδάσκειν·","διδάσκειν","διδάσκειν","διδάσκω"
42,06,06,"C",NULL,"καὶ","καὶ","καί","καί"
42,06,06,"V","3IAI-S","ἦν","ἦν","ἦν","εἰμί"
42,06,06,"N","NSM","⸂ἄνθρωπος","ἄνθρωπος","ἄνθρωπος","ἄνθρωπος"
42,06,06,"D",NULL,"ἐκεῖ⸃","ἐκεῖ","ἐκεῖ","ἐκεῖ"
42,06,06,"C",NULL,"καὶ","καὶ","καί","καί"
42,06,06,"RA","NSF","ἡ","ἡ","ἡ","ὁ"
42,06,06,"N","NSF","χεὶρ","χεὶρ","χείρ","χείρ"
42,06,06,"RP","GSM","αὐτοῦ","αὐτοῦ","αὐτοῦ","αὐτός"
42,06,06,"RA","NSF","ἡ","ἡ","ἡ","ὁ"
42,06,06,"A","NSF","δεξιὰ","δεξιὰ","δεξιά","δεξιός"
42,06,06,"V","3IAI-S","ἦν","ἦν","ἦν","εἰμί"
42,06,06,"A","NSF","ξηρά·","ξηρά","ξηρά","ξηρός"
42,06,07,"V","3IMI-P","⸀παρετηροῦντο","παρετηροῦντο","παρετηροῦντο","παρατηρέω"
42,06,07,"C",NULL,"⸀δὲ","δὲ","δέ","δέ"
42,06,07,"RA","NPM","οἱ","οἱ","οἱ","ὁ"
42,06,07,"N","NPM","γραμματεῖς","γραμματεῖς","γραμματεῖς","γραμματεύς"
42,06,07,"C",NULL,"καὶ","καὶ","καί","καί"
42,06,07,"RA","NPM","οἱ","οἱ","οἱ","ὁ"
42,06,07,"N","NPM","Φαρισαῖοι","Φαρισαῖοι","Φαρισαῖοι","Φαρισαῖος"
42,06,07,"X",NULL,"εἰ","εἰ","εἰ","εἰ"
42,06,07,"P",NULL,"ἐν","ἐν","ἐν","ἐν"
42,06,07,"RA","DSN","τῷ","τῷ","τῷ","ὁ"
42,06,07,"N","DSN","σαββάτῳ","σαββάτῳ","σαββάτῳ","σάββατον"
42,06,07,"V","3PAI-S","⸀θεραπεύει,","θεραπεύει","θεραπεύει","θεραπεύω"
42,06,07,"C",NULL,"ἵνα","ἵνα","ἵνα","ἵνα"
42,06,07,"V","3AAS-P","εὕρωσιν","εὕρωσιν","εὕρωσι(ν)","εὑρίσκω"
42,06,07,"V","PAN","⸀κατηγορεῖν","κατηγορεῖν","κατηγορεῖν","κατηγορέω"
42,06,07,"RP","GSM","αὐτοῦ.","αὐτοῦ","αὐτοῦ","αὐτός"
42,06,08,"RP","NSM","αὐτὸς","αὐτὸς","αὐτός","αὐτός"
42,06,08,"C",NULL,"δὲ","δὲ","δέ","δέ"
42,06,08,"V","3YAI-S","ᾔδει","ᾔδει","ᾔδει","οἶδα"
42,06,08,"RA","APM","τοὺς","τοὺς","τούς","ὁ"
42,06,08,"N","APM","διαλογισμοὺς","διαλογισμοὺς","διαλογισμούς","διαλογισμός"
42,06,08,"RP","GPM","αὐτῶν,","αὐτῶν","αὐτῶν","αὐτός"
42,06,08,"V","3AAI-S","⸂εἶπεν","εἶπεν","εἶπε(ν)","λέγω"
42,06,08,"C",NULL,"δὲ⸃","δὲ","δέ","δέ"
42,06,08,"RA","DSM","τῷ","τῷ","τῷ","ὁ"
42,06,08,"N","DSM","⸀ἀνδρὶ","ἀνδρὶ","ἀνδρί","ἀνήρ"
42,06,08,"RA","DSM","τῷ","τῷ","τῷ","ὁ"
42,06,08,"A","ASF","ξηρὰν","ξηρὰν","ξηράν","ξηρός"
42,06,08,"V","PAPDSM","ἔχοντι","ἔχοντι","ἔχοντι","ἔχω"
42,06,08,"RA","ASF","τὴν","τὴν","τήν","ὁ"
42,06,08,"N","ASF","χεῖρα·","χεῖρα","χεῖρα","χείρ"
42,06,08,"V","2PAD-S","⸀Ἔγειρε","Ἔγειρε","ἔγειρε","ἐγείρω"
42,06,08,"C",NULL,"καὶ","καὶ","καί","καί"
42,06,08,"V","2AAD-S","στῆθι","στῆθι","στῆθι","ἵστημι"
42,06,08,"P",NULL,"εἰς","εἰς","εἰς","εἰς"
42,06,08,"RA","ASN","τὸ","τὸ","τό","ὁ"
42,06,08,"A","ASN","μέσον·","μέσον","μέσον","μέσος"
42,06,08,"C",NULL,"⸀καὶ","καὶ","καί","καί"
42,06,08,"V","AAPNSM","ἀναστὰς","ἀναστὰς","ἀναστάς","ἀνίστημι"
42,06,08,"V","3AAI-S","ἔστη.","ἔστη","ἔστη","ἵστημι"
42,06,09,"V","3AAI-S","εἶπεν","εἶπεν","εἶπε(ν)","λέγω"
42,06,09,"C",NULL,"⸀δὲ","δὲ","δέ","δέ"
42,06,09,"RA","NSM","ὁ","ὁ","ὁ","ὁ"
42,06,09,"N","NSM","Ἰησοῦς","Ἰησοῦς","Ἰησοῦς","Ἰησοῦς"
42,06,09,"P",NULL,"πρὸς","πρὸς","πρός","πρός"
42,06,09,"RP","APM","αὐτούς·","αὐτούς","αὐτούς","αὐτός"
42,06,09,"V","1PAI-S","⸀Ἐπερωτῶ","Ἐπερωτῶ","ἐπερωτῶ","ἐπερωτάω"
42,06,09,"RP","AP","ὑμᾶς,","ὑμᾶς","ὑμᾶς","σύ"
42,06,09,"X",NULL,"⸀εἰ","εἰ","εἰ","εἰ"
42,06,09,"V","3PAI-S","ἔξεστιν","ἔξεστιν","ἔξεστι(ν)","ἔξεστι(ν)"
42,06,09,"RA","DSN","⸂τῷ","τῷ","τῷ","ὁ"
42,06,09,"N","DSN","σαββάτῳ⸃","σαββάτῳ","σαββάτῳ","σάββατον"
42,06,09,"V","AAN","ἀγαθοποιῆσαι","ἀγαθοποιῆσαι","ἀγαθοποιῆσαι","ἀγαθοποιέω"
42,06,09,"C",NULL,"ἢ","ἢ","ἤ","ἤ"
42,06,09,"V","AAN","κακοποιῆσαι,","κακοποιῆσαι","κακοποιῆσαι","κακοποιέω"
42,06,09,"N","ASF","ψυχὴν","ψυχὴν","ψυχήν","ψυχή"
42,06,09,"V","AAN","σῶσαι","σῶσαι","σῶσαι","σῴζω"
42,06,09,"C",NULL,"ἢ","ἢ","ἤ","ἤ"
42,06,09,"V","AAN","⸀ἀπολέσαι;","ἀπολέσαι","ἀπολέσαι","ἀπόλλυμι"
42,06,10,"C",NULL,"καὶ","καὶ","καί","καί"
42,06,10,"V","AMPNSM","περιβλεψάμενος","περιβλεψάμενος","περιβλεψάμενος","περιβλέπομαι"
42,06,10,"A","APM","πάντας","πάντας","πάντας","πᾶς"
42,06,10,"RP","APM","αὐτοὺς","αὐτοὺς","αὐτούς","αὐτός"
42,06,10,"V","3AAI-S","εἶπεν","εἶπεν","εἶπε(ν)","λέγω"
42,06,10,"RP","DSM","αὐτῷ·","αὐτῷ","αὐτῷ","αὐτός"
42,06,10,"V","2AAD-S","Ἔκτεινον","Ἔκτεινον","ἔκτεινον","ἐκτείνω"
42,06,10,"RA","ASF","τὴν","τὴν","τήν","ὁ"
42,06,10,"N","ASF","χεῖρά","χεῖρά","χεῖρα","χείρ"
42,06,10,"RP","GS","σου·","σου","σου","σύ"
42,06,10,"RA","NSM","ὁ","ὁ","ὁ","ὁ"
42,06,10,"C",NULL,"δὲ","δὲ","δέ","δέ"
42,06,10,"V","3AAI-S","ἐποίησεν,","ἐποίησεν","ἐποίησε(ν)","ποιέω"
42,06,10,"C",NULL,"καὶ","καὶ","καί","καί"
42,06,10,"V","3API-S","ἀπεκατεστάθη","ἀπεκατεστάθη","ἀπεκατεστάθη","ἀποκαθίστημι"
42,06,10,"RA","NSF","ἡ","ἡ","ἡ","ὁ"
42,06,10,"N","NSF","χεὶρ","χεὶρ","χείρ","χείρ"
42,06,10,"RP","GSM","⸀αὐτοῦ.","αὐτοῦ","αὐτοῦ","αὐτός"
42,06,11,"RP","NPM","αὐτοὶ","αὐτοὶ","αὐτοί","αὐτός"
42,06,11,"C",NULL,"δὲ","δὲ","δέ","δέ"
42,06,11,"V","3API-P","ἐπλήσθησαν","ἐπλήσθησαν","ἐπλήσθησαν","πίμπλημι"
42,06,11,"N","GSF","ἀνοίας,","ἀνοίας","ἀνοίας","ἄνοια"
42,06,11,"C",NULL,"καὶ","καὶ","καί","καί"
42,06,11,"V","3IAI-P","διελάλουν","διελάλουν","διελάλουν","διαλαλέω"
42,06,11,"P",NULL,"πρὸς","πρὸς","πρός","πρός"
42,06,11,"RP","APM","ἀλλήλους","ἀλλήλους","ἀλλήλους","ἀλλήλων"
42,06,11,"RI","ASN","τί","τί","τί","τίς"
42,06,11,"X",NULL,"ἂν","ἂν","ἄν","ἄν"
42,06,11,"V","3AAO-P","ποιήσαιεν","ποιήσαιεν","ποιήσαιε(ν)","ποιέω"
42,06,11,"RA","DSM","τῷ","τῷ","τῷ","ὁ"
42,06,11,"N","DSM","Ἰησοῦ.","Ἰησοῦ","Ἰησοῦ","Ἰησοῦς"
42,06,12,"V","3AMI-S","Ἐγένετο","Ἐγένετο","ἐγένετο","γίνομαι"
42,06,12,"C",NULL,"δὲ","δὲ","δέ","δέ"
42,06,12,"P",NULL,"ἐν","ἐν","ἐν","ἐν"
42,06,12,"RA","DPF","ταῖς","ταῖς","ταῖς","ὁ"
42,06,12,"N","DPF","ἡμέραις","ἡμέραις","ἡμέραις","ἡμέρα"
42,06,12,"RD","DPF","ταύταις","ταύταις","ταύταις","οὗτος"
42,06,12,"V","AAN","⸂ἐξελθεῖν","ἐξελθεῖν","ἐξελθεῖν","ἐξέρχομαι"
42,06,12,"RP","ASM","αὐτὸν⸃","αὐτὸν","αὐτόν","αὐτός"
42,06,12,"P",NULL,"εἰς","εἰς","εἰς","εἰς"
42,06,12,"RA","ASN","τὸ","τὸ","τό","ὁ"
42,06,12,"N","ASN","ὄρος","ὄρος","ὄρος","ὄρος"
42,06,12,"V","AMN","προσεύξασθαι,","προσεύξασθαι","προσεύξασθαι","προσεύχομαι"
42,06,12,"C",NULL,"καὶ","καὶ","καί","καί"
42,06,12,"V","3IAI-S","ἦν","ἦν","ἦν","εἰμί"
42,06,12,"V","PAPNSM","διανυκτερεύων","διανυκτερεύων","διανυκτερεύων","διανυκτερεύω"
42,06,12,"P",NULL,"ἐν","ἐν","ἐν","ἐν"
42,06,12,"RA","DSF","τῇ","τῇ","τῇ","ὁ"
42,06,12,"N","DSF","προσευχῇ","προσευχῇ","προσευχῇ","προσευχή"
42,06,12,"RA","GSM","τοῦ","τοῦ","τοῦ","ὁ"
42,06,12,"N","GSM","θεοῦ.","θεοῦ","θεοῦ","θεός"
42,06,13,"C",NULL,"καὶ","καὶ","καί","καί"
42,06,13,"C",NULL,"ὅτε","ὅτε","ὅτε","ὅτε"
42,06,13,"V","3AMI-S","ἐγένετο","ἐγένετο","ἐγένετο","γίνομαι"
42,06,13,"N","NSF","ἡμέρα,","ἡμέρα","ἡμέρα","ἡμέρα"
42,06,13,"V","3AAI-S","προσεφώνησεν","προσεφώνησεν","προσεφώνησε(ν)","προσφωνέω"
42,06,13,"RA","APM","τοὺς","τοὺς","τούς","ὁ"
42,06,13,"N","APM","μαθητὰς","μαθητὰς","μαθητάς","μαθητής"
42,06,13,"RP","GSM","αὐτοῦ,","αὐτοῦ","αὐτοῦ","αὐτός"
42,06,13,"C",NULL,"καὶ","καὶ","καί","καί"
42,06,13,"V","AMPNSM","ἐκλεξάμενος","ἐκλεξάμενος","ἐκλεξάμενος","ἐκλέγομαι"
42,06,13,"P",NULL,"ἀπ’","ἀπ’","ἀπό","ἀπό"
42,06,13,"RP","GPM","αὐτῶν","αὐτῶν","αὐτῶν","αὐτός"
42,06,13,"A","APM","δώδεκα,","δώδεκα","δώδεκα","δώδεκα"
42,06,13,"RR","APM","οὓς","οὓς","οὕς","ὅς"
42,06,13,"D",NULL,"καὶ","καὶ","καί","καί"
42,06,13,"N","APM","ἀποστόλους","ἀποστόλους","ἀποστόλους","ἀπόστολος"
42,06,13,"V","3AAI-S","ὠνόμασεν,","ὠνόμασεν","ὠνόμασε(ν)","ὀνομάζω"
42,06,14,"N","ASM","Σίμωνα","Σίμωνα","Σίμωνα","Σίμων"
42,06,14,"RR","ASM","ὃν","ὃν","ὅν","ὅς"
42,06,14,"D",NULL,"καὶ","καὶ","καί","καί"
42,06,14,"V","3AAI-S","ὠνόμασεν","ὠνόμασεν","ὠνόμασε(ν)","ὀνομάζω"
42,06,14,"N","ASM","Πέτρον","Πέτρον","Πέτρον","Πέτρος"
42,06,14,"C",NULL,"καὶ","καὶ","καί","καί"
42,06,14,"N","ASM","Ἀνδρέαν","Ἀνδρέαν","Ἀνδρέαν","Ἀνδρέας"
42,06,14,"RA","ASM","τὸν","τὸν","τόν","ὁ"
42,06,14,"N","ASM","ἀδελφὸν","ἀδελφὸν","ἀδελφόν","ἀδελφός"
42,06,14,"RP","GSM","αὐτοῦ","αὐτοῦ","αὐτοῦ","αὐτός"
42,06,14,"C",NULL,"⸀καὶ","καὶ","καί","καί"
42,06,14,"N","ASM","Ἰάκωβον","Ἰάκωβον","Ἰάκωβον","Ἰάκωβος"
42,06,14,"C",NULL,"καὶ","καὶ","καί","καί"
42,06,14,"N","ASM","Ἰωάννην","Ἰωάννην","Ἰωάννην","Ἰωάννης"
42,06,14,"C",NULL,"⸁καὶ","καὶ","καί","καί"
42,06,14,"N","ASM","Φίλιππον","Φίλιππον","Φίλιππον","Φίλιππος"
42,06,14,"C",NULL,"καὶ","καὶ","καί","καί"
42,06,14,"N","ASM","Βαρθολομαῖον","Βαρθολομαῖον","Βαρθολομαῖον","Βαρθολομαῖος"
42,06,15,"C",NULL,"⸀καὶ","καὶ","καί","καί"
42,06,15,"N","ASM","Μαθθαῖον","Μαθθαῖον","Μαθθαῖον","Μαθθαῖος"
42,06,15,"C",NULL,"καὶ","καὶ","καί","καί"
42,06,15,"N","ASM","Θωμᾶν","Θωμᾶν","Θωμᾶν","Θωμᾶς"
42,06,15,"C",NULL,"⸁καὶ","καὶ","καί","καί"
42,06,15,"N","ASM","⸀Ἰάκωβον","Ἰάκωβον","Ἰάκωβον","Ἰάκωβος"
42,06,15,"N","GSM","Ἁλφαίου","Ἁλφαίου","Ἁλφαίου","Ἁλφαῖος"
42,06,15,"C",NULL,"καὶ","καὶ","καί","καί"
42,06,15,"N","ASM","Σίμωνα","Σίμωνα","Σίμωνα","Σίμων"
42,06,15,"RA","ASM","τὸν","τὸν","τόν","ὁ"
42,06,15,"V","PPPASM","καλούμενον","καλούμενον","καλούμενον","καλέω"
42,06,15,"N","ASM","Ζηλωτὴν","Ζηλωτὴν","Ζηλωτήν","Ζηλωτής"
42,06,16,"C",NULL,"⸀καὶ","καὶ","καί","καί"
42,06,16,"N","ASM","Ἰούδαν","Ἰούδαν","Ἰούδαν","Ἰούδας"
42,06,16,"N","GSM","Ἰακώβου","Ἰακώβου","Ἰακώβου","Ἰάκωβος"
42,06,16,"C",NULL,"καὶ","καὶ","καί","καί"
42,06,16,"N","ASM","Ἰούδαν","Ἰούδαν","Ἰούδαν","Ἰούδας"
42,06,16,"N","ASM","⸀Ἰσκαριὼθ","Ἰσκαριὼθ","Ἰσκαριώθ","Ἰσκαριώθ"
42,06,16,"RR","NSM","⸀ὃς","ὃς","ὅς","ὅς"
42,06,16,"V","3AMI-S","ἐγένετο","ἐγένετο","ἐγένετο","γίνομαι"
42,06,16,"N","NSM","προδότης.","προδότης","προδότης","προδότης"
42,06,17,"C",NULL,"Καὶ","Καὶ","καί","καί"
42,06,17,"V","AAPNSM","καταβὰς","καταβὰς","καταβάς","καταβαίνω"
42,06,17,"P",NULL,"μετ’","μετ’","μετά","μετά"
42,06,17,"RP","GPM","αὐτῶν","αὐτῶν","αὐτῶν","αὐτός"
42,06,17,"V","3AAI-S","ἔστη","ἔστη","ἔστη","ἵστημι"
42,06,17,"P",NULL,"ἐπὶ","ἐπὶ","ἐπί","ἐπί"
42,06,17,"N","GSM","τόπου","τόπου","τόπου","τόπος"
42,06,17,"A","GSM","πεδινοῦ,","πεδινοῦ","πεδινοῦ","πεδινός"
42,06,17,"C",NULL,"καὶ","καὶ","καί","καί"
42,06,17,"N","NSM","ὄχλος","ὄχλος","ὄχλος","ὄχλος"
42,06,17,"A","NSM","⸀πολὺς","πολὺς","πολύς","πολύς"
42,06,17,"N","GPM","μαθητῶν","μαθητῶν","μαθητῶν","μαθητής"
42,06,17,"RP","GSM","αὐτοῦ,","αὐτοῦ","αὐτοῦ","αὐτός"
42,06,17,"C",NULL,"καὶ","καὶ","καί","καί"
42,06,17,"N","NSN","πλῆθος","πλῆθος","πλῆθος","πλῆθος"
42,06,17,"A","NSN","πολὺ","πολὺ","πολύ","πολύς"
42,06,17,"RA","GSM","τοῦ","τοῦ","τοῦ","ὁ"
42,06,17,"N","GSM","λαοῦ","λαοῦ","λαοῦ","λαός"
42,06,17,"P",NULL,"ἀπὸ","ἀπὸ","ἀπό","ἀπό"
42,06,17,"A","GSF","πάσης","πάσης","πάσης","πᾶς"
42,06,17,"RA","GSF","τῆς","τῆς","τῆς","ὁ"
42,06,17,"N","GSF","Ἰουδαίας","Ἰουδαίας","Ἰουδαίας","Ἰουδαία"
42,06,17,"C",NULL,"καὶ","καὶ","καί","καί"
42,06,17,"N","GSF","Ἰερουσαλὴμ","Ἰερουσαλὴμ","Ἰερουσαλήμ","Ἰερουσαλήμ"
42,06,17,"C",NULL,"καὶ","καὶ","καί","καί"
42,06,17,"RA","GSF","τῆς","τῆς","τῆς","ὁ"
42,06,17,"A","GSF","παραλίου","παραλίου","παραλίου","παράλιος"
42,06,17,"N","GSF","Τύρου","Τύρου","Τύρου","Τύρος"
42,06,17,"C",NULL,"καὶ","καὶ","καί","καί"
42,06,17,"N","GSF","Σιδῶνος,","Σιδῶνος","Σιδῶνος","Σιδών"
42,06,18,"RR","NPM","οἳ","οἳ","οἵ","ὅς"
42,06,18,"V","3AAI-P","ἦλθον","ἦλθον","ἦλθον","ἔρχομαι"
42,06,18,"V","AAN","ἀκοῦσαι","ἀκοῦσαι","ἀκοῦσαι","ἀκούω"
42,06,18,"RP","GSM","αὐτοῦ","αὐτοῦ","αὐτοῦ","αὐτός"
42,06,18,"C",NULL,"καὶ","καὶ","καί","καί"
42,06,18,"V","APN","ἰαθῆναι","ἰαθῆναι","ἰαθῆναι","ἰάομαι"
42,06,18,"P",NULL,"ἀπὸ","ἀπὸ","ἀπό","ἀπό"
42,06,18,"RA","GPF","τῶν","τῶν","τῶν","ὁ"
42,06,18,"N","GPF","νόσων","νόσων","νόσων","νόσος"
42,06,18,"RP","GPM","αὐτῶν·","αὐτῶν","αὐτῶν","αὐτός"
42,06,18,"C",NULL,"καὶ","καὶ","καί","καί"
42,06,18,"RA","NPM","οἱ","οἱ","οἱ","ὁ"
42,06,18,"V","PPPNPM","⸂ἐνοχλούμενοι","ἐνοχλούμενοι","ἐνοχλούμενοι","ἐνοχλέω"
42,06,18,"P",NULL,"ἀπὸ⸃","ἀπὸ","ἀπό","ἀπό"
42,06,18,"N","GPN","πνευμάτων","πνευμάτων","πνευμάτων","πνεῦμα"
42,06,18,"A","GPN","⸀ἀκαθάρτων","ἀκαθάρτων","ἀκαθάρτων","ἀκάθαρτος"
42,06,18,"V","3IPI-P","ἐθεραπεύοντο·","ἐθεραπεύοντο","ἐθεραπεύοντο","θεραπεύω"
42,06,19,"C",NULL,"καὶ","καὶ","καί","καί"
42,06,19,"A","NSM","πᾶς","πᾶς","πᾶς","πᾶς"
42,06,19,"RA","NSM","ὁ","ὁ","ὁ","ὁ"
42,06,19,"N","NSM","ὄχλος","ὄχλος","ὄχλος","ὄχλος"
42,06,19,"V","3IAI-P","⸀ἐζήτουν","ἐζήτουν","ἐζήτουν","ζητέω"
42,06,19,"V","PMN","ἅπτεσθαι","ἅπτεσθαι","ἅπτεσθαι","ἅπτω"
42,06,19,"RP","GSM","αὐτοῦ,","αὐτοῦ","αὐτοῦ","αὐτός"
42,06,19,"C",NULL,"ὅτι","ὅτι","ὅτι","ὅτι"
42,06,19,"N","NSF","δύναμις","δύναμις","δύναμις","δύναμις"
42,06,19,"P",NULL,"παρ’","παρ’","παρά","παρά"
42,06,19,"RP","GSM","αὐτοῦ","αὐτοῦ","αὐτοῦ","αὐτός"
42,06,19,"V","3IMI-S","ἐξήρχετο","ἐξήρχετο","ἐξήρχετο","ἐξέρχομαι"
42,06,19,"C",NULL,"καὶ","καὶ","καί","καί"
42,06,19,"V","3IMI-S","ἰᾶτο","ἰᾶτο","ἰᾶτο","ἰάομαι"
42,06,19,"A","APM","πάντας.","πάντας","πάντας","πᾶς"
42,06,20,"C",NULL,"Καὶ","Καὶ","καί","καί"
42,06,20,"RP","NSM","αὐτὸς","αὐτὸς","αὐτός","αὐτός"
42,06,20,"V","AAPNSM","ἐπάρας","ἐπάρας","ἐπάρας","ἐπαίρω"
42,06,20,"RA","APM","τοὺς","τοὺς","τούς","ὁ"
42,06,20,"N","APM","ὀφθαλμοὺς","ὀφθαλμοὺς","ὀφθαλμούς","ὀφθαλμός"
42,06,20,"RP","GSM","αὐτοῦ","αὐτοῦ","αὐτοῦ","αὐτός"
42,06,20,"P",NULL,"εἰς","εἰς","εἰς","εἰς"
42,06,20,"RA","APM","τοὺς","τοὺς","τούς","ὁ"
42,06,20,"N","APM","μαθητὰς","μαθητὰς","μαθητάς","μαθητής"
42,06,20,"RP","GSM","αὐτοῦ","αὐτοῦ","αὐτοῦ","αὐτός"
42,06,20,"V","3IAI-S","ἔλεγεν·","ἔλεγεν","ἔλεγε(ν)","λέγω"
42,06,20,"A","NPM","Μακάριοι","Μακάριοι","μακάριοι","μακάριος"
42,06,20,"RA","NPM","οἱ","οἱ","οἱ","ὁ"
42,06,20,"A","NPM","πτωχοί,","πτωχοί","πτωχοί","πτωχός"
42,06,20,"C",NULL,"ὅτι","ὅτι","ὅτι","ὅτι"
42,06,20,"A","NSF","ὑμετέρα","ὑμετέρα","ὑμετέρα","ὑμέτερος"
42,06,20,"V","3PAI-S","ἐστὶν","ἐστὶν","ἐστί(ν)","εἰμί"
42,06,20,"RA","NSF","ἡ","ἡ","ἡ","ὁ"
42,06,20,"N","NSF","βασιλεία","βασιλεία","βασιλεία","βασιλεία"
42,06,20,"RA","GSM","τοῦ","τοῦ","τοῦ","ὁ"
42,06,20,"N","GSM","θεοῦ.","θεοῦ","θεοῦ","θεός"
42,06,21,"A","NPM","μακάριοι","μακάριοι","μακάριοι","μακάριος"
42,06,21,"RA","NPM","οἱ","οἱ","οἱ","ὁ"
42,06,21,"V","PAPNPM","πεινῶντες","πεινῶντες","πεινῶντες","πεινάω"
42,06,21,"D",NULL,"νῦν,","νῦν","νῦν","νῦν"
42,06,21,"C",NULL,"ὅτι","ὅτι","ὅτι","ὅτι"
42,06,21,"V","2FPI-P","χορτασθήσεσθε.","χορτασθήσεσθε","χορτασθήσεσθε","χορτάζω"
42,06,21,"A","NPM","μακάριοι","μακάριοι","μακάριοι","μακάριος"
42,06,21,"RA","NPM","οἱ","οἱ","οἱ","ὁ"
42,06,21,"V","PAPNPM","κλαίοντες","κλαίοντες","κλαίοντες","κλαίω"
42,06,21,"D",NULL,"νῦν,","νῦν","νῦν","νῦν"
42,06,21,"C",NULL,"ὅτι","ὅτι","ὅτι","ὅτι"
42,06,21,"V","2FAI-P","γελάσετε.","γελάσετε","γελάσετε","γελάω"
42,06,22,"A","NPM","Μακάριοί","Μακάριοί","μακάριοι","μακάριος"
42,06,22,"V","2PAI-P","ἐστε","ἐστε","ἐστέ","εἰμί"
42,06,22,"C",NULL,"ὅταν","ὅταν","ὅταν","ὅταν"
42,06,22,"V","3AAS-P","μισήσωσιν","μισήσωσιν","μισήσωσι(ν)","μισέω"
42,06,22,"RP","AP","ὑμᾶς","ὑμᾶς","ὑμᾶς","σύ"
42,06,22,"RA","NPM","οἱ","οἱ","οἱ","ὁ"
42,06,22,"N","NPM","ἄνθρωποι,","ἄνθρωποι","ἄνθρωποι","ἄνθρωπος"
42,06,22,"C",NULL,"καὶ","καὶ","καί","καί"
42,06,22,"C",NULL,"ὅταν","ὅταν","ὅταν","ὅταν"
42,06,22,"V","3AAS-P","ἀφορίσωσιν","ἀφορίσωσιν","ἀφορίσωσι(ν)","ἀφορίζω"
42,06,22,"RP","AP","ὑμᾶς","ὑμᾶς","ὑμᾶς","σύ"
42,06,22,"C",NULL,"καὶ","καὶ","καί","καί"
42,06,22,"V","3AAS-P","ὀνειδίσωσιν","ὀνειδίσωσιν","ὀνειδίσωσι(ν)","ὀνειδίζω"
42,06,22,"C",NULL,"καὶ","καὶ","καί","καί"
42,06,22,"V","3AAS-P","ἐκβάλωσιν","ἐκβάλωσιν","ἐκβάλωσι(ν)","ἐκβάλλω"
42,06,22,"RA","ASN","τὸ","τὸ","τό","ὁ"
42,06,22,"N","ASN","ὄνομα","ὄνομα","ὄνομα","ὄνομα"
42,06,22,"RP","GP","ὑμῶν","ὑμῶν","ὑμῶν","σύ"
42,06,22,"C",NULL,"ὡς","ὡς","ὡς","ὡς"
42,06,22,"A","ASN","πονηρὸν","πονηρὸν","πονηρόν","πονηρός"
42,06,22,"P",NULL,"ἕνεκα","ἕνεκα","ἕνεκα","ἕνεκα"
42,06,22,"RA","GSM","τοῦ","τοῦ","τοῦ","ὁ"
42,06,22,"N","GSM","υἱοῦ","υἱοῦ","υἱοῦ","υἱός"
42,06,22,"RA","GSM","τοῦ","τοῦ","τοῦ","ὁ"
42,06,22,"N","GSM","ἀνθρώπου·","ἀνθρώπου","ἀνθρώπου","ἄνθρωπος"
42,06,23,"V","2APD-P","χάρητε","χάρητε","χάρητε","χαίρω"
42,06,23,"P",NULL,"ἐν","ἐν","ἐν","ἐν"
42,06,23,"RD","DSF","ἐκείνῃ","ἐκείνῃ","ἐκείνῃ","ἐκεῖνος"
42,06,23,"RA","DSF","τῇ","τῇ","τῇ","ὁ"
42,06,23,"N","DSF","ἡμέρᾳ","ἡμέρᾳ","ἡμέρᾳ","ἡμέρα"
42,06,23,"C",NULL,"καὶ","καὶ","καί","καί"
42,06,23,"V","2AAD-P","σκιρτήσατε,","σκιρτήσατε","σκιρτήσατε","σκιρτάω"
42,06,23,"X",NULL,"ἰδοὺ","ἰδοὺ","ἰδού","ἰδού"
42,06,23,"C",NULL,"γὰρ","γὰρ","γάρ","γάρ"
42,06,23,"RA","NSM","ὁ","ὁ","ὁ","ὁ"
42,06,23,"N","NSM","μισθὸς","μισθὸς","μισθός","μισθός"
42,06,23,"RP","GP","ὑμῶν","ὑμῶν","ὑμῶν","σύ"
42,06,23,"A","NSM","πολὺς","πολὺς","πολύς","πολύς"
42,06,23,"P",NULL,"ἐν","ἐν","ἐν","ἐν"
42,06,23,"RA","DSM","τῷ","τῷ","τῷ","ὁ"
42,06,23,"N","DSM","οὐρανῷ·","οὐρανῷ","οὐρανῷ","οὐρανός"
42,06,23,"P",NULL,"κατὰ","κατὰ","κατά","κατά"
42,06,23,"RA","APN","⸂τὰ","τὰ","τά","ὁ"
42,06,23,"A","APN","αὐτὰ⸃","αὐτὰ","αὐτά","αὐτός"
42,06,23,"C",NULL,"γὰρ","γὰρ","γάρ","γάρ"
42,06,23,"V","3IAI-P","ἐποίουν","ἐποίουν","ἐποίουν","ποιέω"
42,06,23,"RA","DPM","τοῖς","τοῖς","τοῖς","ὁ"
42,06,23,"N","DPM","προφήταις","προφήταις","προφήταις","προφήτης"
42,06,23,"RA","NPM","οἱ","οἱ","οἱ","ὁ"
42,06,23,"N","NPM","πατέρες","πατέρες","πατέρες","πατήρ"
42,06,23,"RP","GPM","αὐτῶν.","αὐτῶν","αὐτῶν","αὐτός"
42,06,24,"C",NULL,"πλὴν","πλὴν","πλήν","πλήν"
42,06,24,"X",NULL,"οὐαὶ","οὐαὶ","οὐαί","οὐαί"
42,06,24,"RP","DP","ὑμῖν","ὑμῖν","ὑμῖν","σύ"
42,06,24,"RA","DPM","τοῖς","τοῖς","τοῖς","ὁ"
42,06,24,"A","DPM","πλουσίοις,","πλουσίοις","πλουσίοις","πλούσιος"
42,06,24,"C",NULL,"ὅτι","ὅτι","ὅτι","ὅτι"
42,06,24,"V","2PAI-P","ἀπέχετε","ἀπέχετε","ἀπέχετε","ἀπέχω"
42,06,24,"RA","ASF","τὴν","τὴν","τήν","ὁ"
42,06,24,"N","ASF","παράκλησιν","παράκλησιν","παράκλησιν","παράκλησις"
42,06,24,"RP","GP","ὑμῶν.","ὑμῶν","ὑμῶν","σύ"
42,06,25,"X",NULL,"οὐαὶ","οὐαὶ","οὐαί","οὐαί"
42,06,25,"RP","DP","ὑμῖν,","ὑμῖν","ὑμῖν","σύ"
42,06,25,"RA","NPM","οἱ","οἱ","οἱ","ὁ"
42,06,25,"V","XPPNPM","ἐμπεπλησμένοι","ἐμπεπλησμένοι","ἐμπεπλησμένοι","ἐμπίμπλημι"
42,06,25,"D",NULL,"⸀νῦν,","νῦν","νῦν","νῦν"
42,06,25,"C",NULL,"ὅτι","ὅτι","ὅτι","ὅτι"
42,06,25,"V","2FAI-P","πεινάσετε.","πεινάσετε","πεινάσετε","πεινάω"
42,06,25,"I",NULL,"⸀οὐαί,","οὐαί","οὐαί","οὐαί"
42,06,25,"RA","NPM","οἱ","οἱ","οἱ","ὁ"
42,06,25,"V","PAPNPM","γελῶντες","γελῶντες","γελῶντες","γελάω"
42,06,25,"D",NULL,"νῦν,","νῦν","νῦν","νῦν"
42,06,25,"C",NULL,"ὅτι","ὅτι","ὅτι","ὅτι"
42,06,25,"V","2FAI-P","πενθήσετε","πενθήσετε","πενθήσετε","πενθέω"
42,06,25,"C",NULL,"καὶ","καὶ","καί","καί"
42,06,25,"V","2FAI-P","κλαύσετε.","κλαύσετε","κλαύσετε","κλαίω"
42,06,26,"X",NULL,"Οὐαὶ","Οὐαὶ","οὐαί","οὐαί"
42,06,26,"C",NULL,"ὅταν","ὅταν","ὅταν","ὅταν"
42,06,26,"D",NULL,"⸂καλῶς","καλῶς","καλῶς","καλῶς"
42,06,26,"RP","AP","ὑμᾶς⸃","ὑμᾶς","ὑμᾶς","σύ"
42,06,26,"V","3AAS-P","εἴπωσιν","εἴπωσιν","εἴπωσι(ν)","λέγω"
42,06,26,"A","NPM","⸀πάντες","πάντες","πάντες","πᾶς"
42,06,26,"RA","NPM","οἱ","οἱ","οἱ","ὁ"
42,06,26,"N","NPM","ἄνθρωποι,","ἄνθρωποι","ἄνθρωποι","ἄνθρωπος"
42,06,26,"P",NULL,"κατὰ","κατὰ","κατά","κατά"
42,06,26,"RA","APN","⸂τὰ","τὰ","τά","ὁ"
42,06,26,"A","APN","αὐτὰ⸃","αὐτὰ","αὐτά","αὐτός"
42,06,26,"C",NULL,"γὰρ","γὰρ","γάρ","γάρ"
42,06,26,"V","3IAI-P","ἐποίουν","ἐποίουν","ἐποίουν","ποιέω"
42,06,26,"RA","DPM","τοῖς","τοῖς","τοῖς","ὁ"
42,06,26,"N","DPM","ψευδοπροφήταις","ψευδοπροφήταις","ψευδοπροφήταις","ψευδοπροφήτης"
42,06,26,"RA","NPM","οἱ","οἱ","οἱ","ὁ"
42,06,26,"N","NPM","πατέρες","πατέρες","πατέρες","πατήρ"
42,06,26,"RP","GPM","αὐτῶν.","αὐτῶν","αὐτῶν","αὐτός"
42,06,27,"C",NULL,"Ἀλλὰ","Ἀλλὰ","ἀλλά","ἀλλά"
42,06,27,"RP","DP","ὑμῖν","ὑμῖν","ὑμῖν","σύ"
42,06,27,"V","1PAI-S","λέγω","λέγω","λέγω","λέγω"
42,06,27,"RA","DPM","τοῖς","τοῖς","τοῖς","ὁ"
42,06,27,"V","PAPDPM","ἀκούουσιν,","ἀκούουσιν","ἀκούουσι(ν)","ἀκούω"
42,06,27,"V","2PAD-P","ἀγαπᾶτε","ἀγαπᾶτε","ἀγαπᾶτε","ἀγαπάω"
42,06,27,"RA","APM","τοὺς","τοὺς","τούς","ὁ"
42,06,27,"A","APM","ἐχθροὺς","ἐχθροὺς","ἐχθρούς","ἐχθρός"
42,06,27,"RP","GP","ὑμῶν,","ὑμῶν","ὑμῶν","σύ"
42,06,27,"D",NULL,"καλῶς","καλῶς","καλῶς","καλῶς"
42,06,27,"V","2PAD-P","ποιεῖτε","ποιεῖτε","ποιεῖτε","ποιέω"
42,06,27,"RA","DPM","τοῖς","τοῖς","τοῖς","ὁ"
42,06,27,"V","PAPDPM","μισοῦσιν","μισοῦσιν","μισοῦσι(ν)","μισέω"
42,06,27,"RP","AP","ὑμᾶς,","ὑμᾶς","ὑμᾶς","σύ"
42,06,28,"V","2PAD-P","εὐλογεῖτε","εὐλογεῖτε","εὐλογεῖτε","εὐλογέω"
42,06,28,"RA","APM","τοὺς","τοὺς","τούς","ὁ"
42,06,28,"V","PMPAPM","καταρωμένους","καταρωμένους","καταρωμένους","καταράομαι"
42,06,28,"RP","AP","⸀ὑμᾶς,","ὑμᾶς","ὑμᾶς","σύ"
42,06,28,"V","2PMD-P","προσεύχεσθε","προσεύχεσθε","προσεύχεσθε","προσεύχομαι"
42,06,28,"P",NULL,"⸀περὶ","περὶ","περί","περί"
42,06,28,"RA","GPM","τῶν","τῶν","τῶν","ὁ"
42,06,28,"V","PAPGPM","ἐπηρεαζόντων","ἐπηρεαζόντων","ἐπηρεαζόντων","ἐπηρεάζω"
42,06,28,"RP","AP","ὑμᾶς.","ὑμᾶς","ὑμᾶς","σύ"
42,06,29,"RA","DSM","τῷ","τῷ","τῷ","ὁ"
42,06,29,"V","PAPDSM","τύπτοντί","τύπτοντί","τύπτοντι","τύπτω"
42,06,29,"RP","AS","σε","σε","σε","σύ"
42,06,29,"P",NULL,"ἐπὶ","ἐπὶ","ἐπί","ἐπί"
42,06,29,"RA","ASF","τὴν","τὴν","τήν","ὁ"
42,06,29,"N","ASF","σιαγόνα","σιαγόνα","σιαγόνα","σιαγών"
42,06,29,"V","2PAD-S","πάρεχε","πάρεχε","πάρεχε","παρέχω"
42,06,29,"D",NULL,"καὶ","καὶ","καί","καί"
42,06,29,"RA","ASF","τὴν","τὴν","τήν","ὁ"
42,06,29,"A","ASF","ἄλλην,","ἄλλην","ἄλλην","ἄλλος"
42,06,29,"C",NULL,"καὶ","καὶ","καί","καί"
42,06,29,"P",NULL,"ἀπὸ","ἀπὸ","ἀπό","ἀπό"
42,06,29,"RA","GSM","τοῦ","τοῦ","τοῦ","ὁ"
42,06,29,"V","PAPGSM","αἴροντός","αἴροντός","αἴροντος","αἴρω"
42,06,29,"RP","GS","σου","σου","σου","σύ"
42,06,29,"RA","ASN","τὸ","τὸ","τό","ὁ"
42,06,29,"N","ASN","ἱμάτιον","ἱμάτιον","ἱμάτιον","ἱμάτιον"
42,06,29,"D",NULL,"καὶ","καὶ","καί","καί"
42,06,29,"RA","ASM","τὸν","τὸν","τόν","ὁ"
42,06,29,"N","ASM","χιτῶνα","χιτῶνα","χιτῶνα","χιτών"
42,06,29,"D",NULL,"μὴ","μὴ","μή","μή"
42,06,29,"V","2AAS-S","κωλύσῃς.","κωλύσῃς","κωλύσῃς","κωλύω"
42,06,30,"A","DSM","⸀παντὶ","παντὶ","παντί","πᾶς"
42,06,30,"V","PAPDSM","αἰτοῦντί","αἰτοῦντί","αἰτοῦντι","αἰτέω"
42,06,30,"RP","AS","σε","σε","σε","σύ"
42,06,30,"V","2PAD-S","δίδου,","δίδου","δίδου","δίδωμι"
42,06,30,"C",NULL,"καὶ","καὶ","καί","καί"
42,06,30,"P",NULL,"ἀπὸ","ἀπὸ","ἀπό","ἀπό"
42,06,30,"RA","GSM","τοῦ","τοῦ","τοῦ","ὁ"
42,06,30,"V","PAPGSM","αἴροντος","αἴροντος","αἴροντος","αἴρω"
42,06,30,"RA","APN","τὰ","τὰ","τά","ὁ"
42,06,30,"A","APN","σὰ","σὰ","σά","σός"
42,06,30,"D",NULL,"μὴ","μὴ","μή","μή"
42,06,30,"V","2PAD-S","ἀπαίτει.","ἀπαίτει","ἀπαίτει","ἀπαιτέω"
42,06,31,"C",NULL,"καὶ","καὶ","καί","καί"
42,06,31,"C",NULL,"καθὼς","καθὼς","καθώς","καθώς"
42,06,31,"V","2PAI-P","θέλετε","θέλετε","θέλετε","θέλω"
42,06,31,"C",NULL,"ἵνα","ἵνα","ἵνα","ἵνα"
42,06,31,"V","3PAS-P","ποιῶσιν","ποιῶσιν","ποιῶσι(ν)","ποιέω"
42,06,31,"RP","DP","ὑμῖν","ὑμῖν","ὑμῖν","σύ"
42,06,31,"RA","NPM","οἱ","οἱ","οἱ","ὁ"
42,06,31,"N","NPM","⸀ἄνθρωποι,","ἄνθρωποι","ἄνθρωποι","ἄνθρωπος"
42,06,31,"V","2PAD-P","ποιεῖτε","ποιεῖτε","ποιεῖτε","ποιέω"
42,06,31,"RP","DPM","αὐτοῖς","αὐτοῖς","αὐτοῖς","αὐτός"
42,06,31,"D",NULL,"ὁμοίως.","ὁμοίως","ὁμοίως","ὁμοίως"
42,06,32,"C",NULL,"Καὶ","Καὶ","καί","καί"
42,06,32,"C",NULL,"εἰ","εἰ","εἰ","εἰ"
42,06,32,"V","2PAI-P","ἀγαπᾶτε","ἀγαπᾶτε","ἀγαπᾶτε","ἀγαπάω"
42,06,32,"RA","APM","τοὺς","τοὺς","τούς","ὁ"
42,06,32,"V","PAPAPM","ἀγαπῶντας","ἀγαπῶντας","ἀγαπῶντας","ἀγαπάω"
42,06,32,"RP","AP","ὑμᾶς,","ὑμᾶς","ὑμᾶς","σύ"
42,06,32,"RI","NSF","ποία","ποία","ποία","ποῖος"
42,06,32,"RP","DP","ὑμῖν","ὑμῖν","ὑμῖν","σύ"
42,06,32,"N","NSF","χάρις","χάρις","χάρις","χάρις"
42,06,32,"V","3PAI-S","ἐστίν;","ἐστίν","ἐστί(ν)","εἰμί"
42,06,32,"D",NULL,"καὶ","καὶ","καί","καί"
42,06,32,"C",NULL,"γὰρ","γὰρ","γάρ","γάρ"
42,06,32,"RA","NPM","οἱ","οἱ","οἱ","ὁ"
42,06,32,"A","NPM","ἁμαρτωλοὶ","ἁμαρτωλοὶ","ἁμαρτωλοί","ἁμαρτωλός"
42,06,32,"RA","APM","τοὺς","τοὺς","τούς","ὁ"
42,06,32,"V","PAPAPM","ἀγαπῶντας","ἀγαπῶντας","ἀγαπῶντας","ἀγαπάω"
42,06,32,"RP","APM","αὐτοὺς","αὐτοὺς","αὐτούς","αὐτός"
42,06,32,"V","3PAI-P","ἀγαπῶσιν.","ἀγαπῶσιν","ἀγαπῶσι(ν)","ἀγαπάω"
42,06,33,"D",NULL,"⸀καὶ","καὶ","καί","καί"
42,06,33,"C",NULL,"ἐὰν","ἐὰν","ἐάν","ἐάν"
42,06,33,"V","2PAS-P","ἀγαθοποιῆτε","ἀγαθοποιῆτε","ἀγαθοποιῆτε","ἀγαθοποιέω"
42,06,33,"RA","APM","τοὺς","τοὺς","τούς","ὁ"
42,06,33,"V","PAPAPM","ἀγαθοποιοῦντας","ἀγαθοποιοῦντας","ἀγαθοποιοῦντας","ἀγαθοποιέω"
42,06,33,"RP","AP","ὑμᾶς,","ὑμᾶς","ὑμᾶς","σύ"
42,06,33,"RI","NSF","ποία","ποία","ποία","ποῖος"
42,06,33,"RP","DP","ὑμῖν","ὑμῖν","ὑμῖν","σύ"
42,06,33,"N","NSF","χάρις","χάρις","χάρις","χάρις"
42,06,33,"V","3PAI-S","ἐστίν;","ἐστίν","ἐστί(ν)","εἰμί"
42,06,33,"D",NULL,"⸁καὶ","καὶ","καί","καί"
42,06,33,"RA","NPM","οἱ","οἱ","οἱ","ὁ"
42,06,33,"A","NPM","ἁμαρτωλοὶ","ἁμαρτωλοὶ","ἁμαρτωλοί","ἁμαρτωλός"
42,06,33,"RA","ASN","τὸ","τὸ","τό","ὁ"
42,06,33,"A","ASN","αὐτὸ","αὐτὸ","αὐτό","αὐτός"
42,06,33,"V","3PAI-P","ποιοῦσιν.","ποιοῦσιν","ποιοῦσι(ν)","ποιέω"
42,06,34,"C",NULL,"καὶ","καὶ","καί","καί"
42,06,34,"C",NULL,"ἐὰν","ἐὰν","ἐάν","ἐάν"
42,06,34,"V","2AAS-P","⸀δανίσητε","δανίσητε","δανίσητε","δανείζω"
42,06,34,"P",NULL,"παρ’","παρ’","παρά","παρά"
42,06,34,"RR","GPM","ὧν","ὧν","ὧν","ὅς"
42,06,34,"V","2PAI-P","ἐλπίζετε","ἐλπίζετε","ἐλπίζετε","ἐλπίζω"
42,06,34,"V","AAN","⸀λαβεῖν,","λαβεῖν","λαβεῖν","λαμβάνω"
42,06,34,"RI","NSF","ποία","ποία","ποία","ποῖος"
42,06,34,"RP","DP","ὑμῖν","ὑμῖν","ὑμῖν","σύ"
42,06,34,"N","NSF","χάρις","χάρις","χάρις","χάρις"
42,06,34,"V","3PAI-S","ἐστίν;","ἐστίν","ἐστί(ν)","εἰμί"
42,06,34,"D",NULL,"⸀καὶ","καὶ","καί","καί"
42,06,34,"A","NPM","ἁμαρτωλοὶ","ἁμαρτωλοὶ","ἁμαρτωλοί","ἁμαρτωλός"
42,06,34,"A","DPM","ἁμαρτωλοῖς","ἁμαρτωλοῖς","ἁμαρτωλοῖς","ἁμαρτωλός"
42,06,34,"V","3PAI-P","δανίζουσιν","δανίζουσιν","δανίζουσι(ν)","δανείζω"
42,06,34,"C",NULL,"ἵνα","ἵνα","ἵνα","ἵνα"
42,06,34,"V","3AAS-P","ἀπολάβωσιν","ἀπολάβωσιν","ἀπολάβωσι(ν)","ἀπολαμβάνω"
42,06,34,"RA","APN","τὰ","τὰ","τά","ὁ"
42,06,34,"A","APN","ἴσα.","ἴσα","ἴσα","ἴσος"
42,06,35,"C",NULL,"πλὴν","πλὴν","πλήν","πλήν"
42,06,35,"V","2PAD-P","ἀγαπᾶτε","ἀγαπᾶτε","ἀγαπᾶτε","ἀγαπάω"
42,06,35,"RA","APM","τοὺς","τοὺς","τούς","ὁ"
42,06,35,"A","APM","ἐχθροὺς","ἐχθροὺς","ἐχθρούς","ἐχθρός"
42,06,35,"RP","GP","ὑμῶν","ὑμῶν","ὑμῶν","σύ"
42,06,35,"C",NULL,"καὶ","καὶ","καί","καί"
42,06,35,"V","2PAD-P","ἀγαθοποιεῖτε","ἀγαθοποιεῖτε","ἀγαθοποιεῖτε","ἀγαθοποιέω"
42,06,35,"C",NULL,"καὶ","καὶ","καί","καί"
42,06,35,"V","2PAD-P","δανίζετε","δανίζετε","δανίζετε","δανείζω"
42,06,35,"A","ASN","μηδὲν","μηδὲν","μηδέν","μηδείς"
42,06,35,"V","PAPNPM","ἀπελπίζοντες·","ἀπελπίζοντες","ἀπελπίζοντες","ἀπελπίζω"
42,06,35,"C",NULL,"καὶ","καὶ","καί","καί"
42,06,35,"V","3FMI-S","ἔσται","ἔσται","ἔσται","εἰμί"
42,06,35,"RA","NSM","ὁ","ὁ","ὁ","ὁ"
42,06,35,"N","NSM","μισθὸς","μισθὸς","μισθός","μισθός"
42,06,35,"RP","GP","ὑμῶν","ὑμῶν","ὑμῶν","σύ"
42,06,35,"A","NSM","πολύς,","πολύς","πολύς","πολύς"
42,06,35,"C",NULL,"καὶ","καὶ","καί","καί"
42,06,35,"V","2FMI-P","ἔσεσθε","ἔσεσθε","ἔσεσθε","εἰμί"
42,06,35,"N","NPM","υἱοὶ","υἱοὶ","υἱοί","υἱός"
42,06,35,"A","GSMS","Ὑψίστου,","Ὑψίστου","ὑψίστου","ὕψιστος"
42,06,35,"C",NULL,"ὅτι","ὅτι","ὅτι","ὅτι"
42,06,35,"RP","NSM","αὐτὸς","αὐτὸς","αὐτός","αὐτός"
42,06,35,"A","NSM","χρηστός","χρηστός","χρηστός","χρηστός"
42,06,35,"V","3PAI-S","ἐστιν","ἐστιν","ἐστί(ν)","εἰμί"
42,06,35,"P",NULL,"ἐπὶ","ἐπὶ","ἐπί","ἐπί"
42,06,35,"RA","APM","τοὺς","τοὺς","τούς","ὁ"
42,06,35,"A","APM","ἀχαρίστους","ἀχαρίστους","ἀχαρίστους","ἀχάριστος"
42,06,35,"C",NULL,"καὶ","καὶ","καί","καί"
42,06,35,"A","APM","πονηρούς.","πονηρούς","πονηρούς","πονηρός"
42,06,36,"V","2PMD-P","⸀γίνεσθε","γίνεσθε","γίνεσθε","γίνομαι"
42,06,36,"A","NPM","οἰκτίρμονες","οἰκτίρμονες","οἰκτίρμονες","οἰκτίρμων"
42,06,36,"C",NULL,"⸀καθὼς","καθὼς","καθώς","καθώς"
42,06,36,"RA","NSM","ὁ","ὁ","ὁ","ὁ"
42,06,36,"N","NSM","πατὴρ","πατὴρ","πατήρ","πατήρ"
42,06,36,"RP","GP","ὑμῶν","ὑμῶν","ὑμῶν","σύ"
42,06,36,"A","NSM","οἰκτίρμων","οἰκτίρμων","οἰκτίρμων","οἰκτίρμων"
42,06,36,"V","3PAI-S","ἐστίν·","ἐστίν","ἐστί(ν)","εἰμί"
42,06,37,"C",NULL,"Καὶ","Καὶ","καί","καί"
42,06,37,"D",NULL,"μὴ","μὴ","μή","μή"
42,06,37,"V","2PAD-P","κρίνετε,","κρίνετε","κρίνετε","κρίνω"
42,06,37,"C",NULL,"καὶ","καὶ","καί","καί"
42,06,37,"D",NULL,"οὐ","οὐ","οὐ","οὐ"
42,06,37,"D",NULL,"μὴ","μὴ","μή","μή"
42,06,37,"V","2APS-P","κριθῆτε·","κριθῆτε","κριθῆτε","κρίνω"
42,06,37,"C",NULL,"⸀καὶ","καὶ","καί","καί"
42,06,37,"D",NULL,"μὴ","μὴ","μή","μή"
42,06,37,"V","2PAD-P","καταδικάζετε,","καταδικάζετε","καταδικάζετε","καταδικάζω"
42,06,37,"C",NULL,"καὶ","καὶ","καί","καί"
42,06,37,"D",NULL,"οὐ","οὐ","οὐ","οὐ"
42,06,37,"D",NULL,"μὴ","μὴ","μή","μή"
42,06,37,"V","2APS-P","καταδικασθῆτε.","καταδικασθῆτε","καταδικασθῆτε","καταδικάζω"
42,06,37,"V","2PAD-P","ἀπολύετε,","ἀπολύετε","ἀπολύετε","ἀπολύω"
42,06,37,"C",NULL,"καὶ","καὶ","καί","καί"
42,06,37,"V","2FPI-P","ἀπολυθήσεσθε·","ἀπολυθήσεσθε","ἀπολυθήσεσθε","ἀπολύω"
42,06,38,"V","2PAD-P","δίδοτε,","δίδοτε","δίδοτε","δίδωμι"
42,06,38,"C",NULL,"καὶ","καὶ","καί","καί"
42,06,38,"V","3FPI-S","δοθήσεται","δοθήσεται","δοθήσεται","δίδωμι"
42,06,38,"RP","DP","ὑμῖν·","ὑμῖν","ὑμῖν","σύ"
42,06,38,"N","ASN","μέτρον","μέτρον","μέτρον","μέτρον"
42,06,38,"A","ASN","καλὸν","καλὸν","καλόν","καλός"
42,06,38,"V","XPPASN","πεπιεσμένον","πεπιεσμένον","πεπιεσμένον","πιέζω"
42,06,38,"V","XPPASN","⸀σεσαλευμένον","σεσαλευμένον","σεσαλευμένον","σαλεύω"
42,06,38,"V","PPPASN","ὑπερεκχυννόμενον","ὑπερεκχυννόμενον","ὑπερεκχυννόμενον","ὑπερεκχύννομαι"
42,06,38,"V","3FAI-P","δώσουσιν","δώσουσιν","δώσουσι(ν)","δίδωμι"
42,06,38,"P",NULL,"εἰς","εἰς","εἰς","εἰς"
42,06,38,"RA","ASM","τὸν","τὸν","τόν","ὁ"
42,06,38,"N","ASM","κόλπον","κόλπον","κόλπον","κόλπος"
42,06,38,"RP","GP","ὑμῶν·","ὑμῶν","ὑμῶν","σύ"
42,06,38,"RR","DSN","⸂ᾧ","ᾧ","ᾧ","ὅς"
42,06,38,"C",NULL,"γὰρ","γὰρ","γάρ","γάρ"
42,06,38,"N","DSN","μέτρῳ⸃","μέτρῳ","μέτρῳ","μέτρον"
42,06,38,"V","2PAI-P","μετρεῖτε","μετρεῖτε","μετρεῖτε","μετρέω"
42,06,38,"V","3FPI-S","ἀντιμετρηθήσεται","ἀντιμετρηθήσεται","ἀντιμετρηθήσεται","ἀντιμετρέω"
42,06,38,"RP","DP","ὑμῖν.","ὑμῖν","ὑμῖν","σύ"
42,06,39,"V","3AAI-S","Εἶπεν","Εἶπεν","εἶπε(ν)","λέγω"
42,06,39,"C",NULL,"δὲ","δὲ","δέ","δέ"
42,06,39,"D",NULL,"⸀καὶ","καὶ","καί","καί"
42,06,39,"N","ASF","παραβολὴν","παραβολὴν","παραβολήν","παραβολή"
42,06,39,"RP","DPM","αὐτοῖς·","αὐτοῖς","αὐτοῖς","αὐτός"
42,06,39,"X",NULL,"Μήτι","Μήτι","μήτι","μήτι"
42,06,39,"V","3PMI-S","δύναται","δύναται","δύναται","δύναμαι"
42,06,39,"A","NSM","τυφλὸς","τυφλὸς","τυφλός","τυφλός"
42,06,39,"A","ASM","τυφλὸν","τυφλὸν","τυφλόν","τυφλός"
42,06,39,"V","PAN","ὁδηγεῖν;","ὁδηγεῖν","ὁδηγεῖν","ὁδηγέω"
42,06,39,"X",NULL,"οὐχὶ","οὐχὶ","οὐχί","οὐχί"
42,06,39,"A","NPM","ἀμφότεροι","ἀμφότεροι","ἀμφότεροι","ἀμφότεροι"
42,06,39,"P",NULL,"εἰς","εἰς","εἰς","εἰς"
42,06,39,"N","ASM","βόθυνον","βόθυνον","βόθυνον","βόθυνος"
42,06,39,"V","3FMI-P","⸀ἐμπεσοῦνται;","ἐμπεσοῦνται","ἐμπεσοῦνται","ἐμπίπτω"
42,06,40,"D",NULL,"οὐκ","οὐκ","οὐ","οὐ"
42,06,40,"V","3PAI-S","ἔστιν","ἔστιν","ἐστί(ν)","εἰμί"
42,06,40,"N","NSM","μαθητὴς","μαθητὴς","μαθητής","μαθητής"
42,06,40,"P",NULL,"ὑπὲρ","ὑπὲρ","ὑπέρ","ὑπέρ"
42,06,40,"RA","ASM","τὸν","τὸν","τόν","ὁ"
42,06,40,"N","ASM","⸀διδάσκαλον,","διδάσκαλον","διδάσκαλον","διδάσκαλος"
42,06,40,"V","XPPNSM","κατηρτισμένος","κατηρτισμένος","κατηρτισμένος","καταρτίζω"
42,06,40,"C",NULL,"δὲ","δὲ","δέ","δέ"
42,06,40,"A","NSM","πᾶς","πᾶς","πᾶς","πᾶς"
42,06,40,"V","3FMI-S","ἔσται","ἔσται","ἔσται","εἰμί"
42,06,40,"C",NULL,"ὡς","ὡς","ὡς","ὡς"
42,06,40,"RA","NSM","ὁ","ὁ","ὁ","ὁ"
42,06,40,"N","NSM","διδάσκαλος","διδάσκαλος","διδάσκαλος","διδάσκαλος"
42,06,40,"RP","GSM","αὐτοῦ.","αὐτοῦ","αὐτοῦ","αὐτός"
42,06,41,"RI","ASN","τί","τί","τί","τίς"
42,06,41,"C",NULL,"δὲ","δὲ","δέ","δέ"
42,06,41,"V","2PAI-S","βλέπεις","βλέπεις","βλέπεις","βλέπω"
42,06,41,"RA","ASN","τὸ","τὸ","τό","ὁ"
42,06,41,"N","ASN","κάρφος","κάρφος","κάρφος","κάρφος"
42,06,41,"RA","ASN","τὸ","τὸ","τό","ὁ"
42,06,41,"P",NULL,"ἐν","ἐν","ἐν","ἐν"
42,06,41,"RA","DSM","τῷ","τῷ","τῷ","ὁ"
42,06,41,"N","DSM","ὀφθαλμῷ","ὀφθαλμῷ","ὀφθαλμῷ","ὀφθαλμός"
42,06,41,"RA","GSM","τοῦ","τοῦ","τοῦ","ὁ"
42,06,41,"N","GSM","ἀδελφοῦ","ἀδελφοῦ","ἀδελφοῦ","ἀδελφός"
42,06,41,"RP","GS","σου,","σου","σου","σύ"
42,06,41,"RA","ASF","τὴν","τὴν","τήν","ὁ"
42,06,41,"C",NULL,"δὲ","δὲ","δέ","δέ"
42,06,41,"N","ASF","δοκὸν","δοκὸν","δοκόν","δοκός"
42,06,41,"RA","ASF","τὴν","τὴν","τήν","ὁ"
42,06,41,"P",NULL,"ἐν","ἐν","ἐν","ἐν"
42,06,41,"RA","DSM","τῷ","τῷ","τῷ","ὁ"
42,06,41,"A","DSM","ἰδίῳ","ἰδίῳ","ἰδίῳ","ἴδιος"
42,06,41,"N","DSM","ὀφθαλμῷ","ὀφθαλμῷ","ὀφθαλμῷ","ὀφθαλμός"
42,06,41,"D",NULL,"οὐ","οὐ","οὐ","οὐ"
42,06,41,"V","2PAI-S","κατανοεῖς;","κατανοεῖς","κατανοεῖς","κατανοέω"
42,06,42,"D",NULL,"⸀πῶς","πῶς","πῶς","πῶς"
42,06,42,"V","2PMI-S","δύνασαι","δύνασαι","δύνασαι","δύναμαι"
42,06,42,"V","PAN","λέγειν","λέγειν","λέγειν","λέγω"
42,06,42,"RA","DSM","τῷ","τῷ","τῷ","ὁ"
42,06,42,"N","DSM","ἀδελφῷ","ἀδελφῷ","ἀδελφῷ","ἀδελφός"
42,06,42,"RP","GS","σου·","σου","σου","σύ"
42,06,42,"N","VSM","Ἀδελφέ,","Ἀδελφέ","ἀδελφέ","ἀδελφός"
42,06,42,"V","2AAD-S","ἄφες","ἄφες","ἄφες","ἀφίημι"
42,06,42,"V","1AAS-S","ἐκβάλω","ἐκβάλω","ἐκβάλω","ἐκβάλλω"
42,06,42,"RA","ASN","τὸ","τὸ","τό","ὁ"
42,06,42,"N","ASN","κάρφος","κάρφος","κάρφος","κάρφος"
42,06,42,"RA","ASN","τὸ","τὸ","τό","ὁ"
42,06,42,"P",NULL,"ἐν","ἐν","ἐν","ἐν"
42,06,42,"RA","DSM","τῷ","τῷ","τῷ","ὁ"
42,06,42,"N","DSM","ὀφθαλμῷ","ὀφθαλμῷ","ὀφθαλμῷ","ὀφθαλμός"
42,06,42,"RP","GS","σου,","σου","σου","σύ"
42,06,42,"RP","NSM","αὐτὸς","αὐτὸς","αὐτός","αὐτός"
42,06,42,"RA","ASF","τὴν","τὴν","τήν","ὁ"
42,06,42,"P",NULL,"ἐν","ἐν","ἐν","ἐν"
42,06,42,"RA","DSM","τῷ","τῷ","τῷ","ὁ"
42,06,42,"N","DSM","ὀφθαλμῷ","ὀφθαλμῷ","ὀφθαλμῷ","ὀφθαλμός"
42,06,42,"RP","GS","σοῦ","σοῦ","σοῦ","σύ"
42,06,42,"N","ASF","δοκὸν","δοκὸν","δοκόν","δοκός"
42,06,42,"D",NULL,"οὐ","οὐ","οὐ","οὐ"
42,06,42,"V","PAPNSM","βλέπων;","βλέπων","βλέπων","βλέπω"
42,06,42,"N","VSM","ὑποκριτά,","ὑποκριτά","ὑποκριτά","ὑποκριτής"
42,06,42,"V","2AAD-S","ἔκβαλε","ἔκβαλε","ἔκβαλε","ἐκβάλλω"
42,06,42,"A","ASN","πρῶτον","πρῶτον","πρῶτον","πρῶτος"
42,06,42,"RA","ASF","τὴν","τὴν","τήν","ὁ"
42,06,42,"N","ASF","δοκὸν","δοκὸν","δοκόν","δοκός"
42,06,42,"P",NULL,"ἐκ","ἐκ","ἐκ","ἐκ"
42,06,42,"RA","GSM","τοῦ","τοῦ","τοῦ","ὁ"
42,06,42,"N","GSM","ὀφθαλμοῦ","ὀφθαλμοῦ","ὀφθαλμοῦ","ὀφθαλμός"
42,06,42,"RP","GS","σοῦ,","σοῦ","σοῦ","σύ"
42,06,42,"C",NULL,"καὶ","καὶ","καί","καί"
42,06,42,"D",NULL,"τότε","τότε","τότε","τότε"
42,06,42,"V","2FAI-S","διαβλέψεις","διαβλέψεις","διαβλέψεις","διαβλέπω"
42,06,42,"RA","ASN","⸂τὸ","τὸ","τό","ὁ"
42,06,42,"N","ASN","κάρφος","κάρφος","κάρφος","κάρφος"
42,06,42,"RA","ASN","τὸ","τὸ","τό","ὁ"
42,06,42,"P",NULL,"ἐν","ἐν","ἐν","ἐν"
42,06,42,"RA","DSM","τῷ","τῷ","τῷ","ὁ"
42,06,42,"N","DSM","ὀφθαλμῷ","ὀφθαλμῷ","ὀφθαλμῷ","ὀφθαλμός"
42,06,42,"RA","GSM","τοῦ","τοῦ","τοῦ","ὁ"
42,06,42,"N","GSM","ἀδελφοῦ","ἀδελφοῦ","ἀδελφοῦ","ἀδελφός"
42,06,42,"RP","GS","σου","σου","σου","σύ"
42,06,42,"V","AAN","ἐκβαλεῖν⸃.","ἐκβαλεῖν","ἐκβαλεῖν","ἐκβάλλω"
42,06,43,"D",NULL,"Οὐ","Οὐ","οὐ","οὐ"
42,06,43,"C",NULL,"γάρ","γάρ","γάρ","γάρ"
42,06,43,"V","3PAI-S","ἐστιν","ἐστιν","ἐστί(ν)","εἰμί"
42,06,43,"N","NSN","δένδρον","δένδρον","δένδρον","δένδρον"
42,06,43,"A","NSN","καλὸν","καλὸν","καλόν","καλός"
42,06,43,"V","PAPNSN","ποιοῦν","ποιοῦν","ποιοῦν","ποιέω"
42,06,43,"N","ASM","καρπὸν","καρπὸν","καρπόν","καρπός"
42,06,43,"A","ASM","σαπρόν,","σαπρόν","σαπρόν","σαπρός"
42,06,43,"C",NULL,"οὐδὲ","οὐδὲ","οὐδέ","οὐδέ"
42,06,43,"D",NULL,"⸀πάλιν","πάλιν","πάλιν","πάλιν"
42,06,43,"N","NSN","δένδρον","δένδρον","δένδρον","δένδρον"
42,06,43,"A","NSN","σαπρὸν","σαπρὸν","σαπρόν","σαπρός"
42,06,43,"V","PAPNSN","ποιοῦν","ποιοῦν","ποιοῦν","ποιέω"
42,06,43,"N","ASM","καρπὸν","καρπὸν","καρπόν","καρπός"
42,06,43,"A","ASM","καλόν.","καλόν","καλόν","καλός"
42,06,44,"A","NSN","ἕκαστον","ἕκαστον","ἕκαστον","ἕκαστος"
42,06,44,"C",NULL,"γὰρ","γὰρ","γάρ","γάρ"
42,06,44,"N","NSN","δένδρον","δένδρον","δένδρον","δένδρον"
42,06,44,"P",NULL,"ἐκ","ἐκ","ἐκ","ἐκ"
42,06,44,"RA","GSM","τοῦ","τοῦ","τοῦ","ὁ"
42,06,44,"A","GSM","ἰδίου","ἰδίου","ἰδίου","ἴδιος"
42,06,44,"N","GSM","καρποῦ","καρποῦ","καρποῦ","καρπός"
42,06,44,"V","3PPI-S","γινώσκεται·","γινώσκεται","γινώσκεται","γινώσκω"
42,06,44,"D",NULL,"οὐ","οὐ","οὐ","οὐ"
42,06,44,"C",NULL,"γὰρ","γὰρ","γάρ","γάρ"
42,06,44,"P",NULL,"ἐξ","ἐξ","ἐκ","ἐκ"
42,06,44,"N","GPF","ἀκανθῶν","ἀκανθῶν","ἀκανθῶν","ἄκανθα"
42,06,44,"V","3PAI-P","συλλέγουσιν","συλλέγουσιν","συλλέγουσι(ν)","συλλέγω"
42,06,44,"N","APN","σῦκα,","σῦκα","σῦκα","σῦκον"
42,06,44,"C",NULL,"οὐδὲ","οὐδὲ","οὐδέ","οὐδέ"
42,06,44,"P",NULL,"ἐκ","ἐκ","ἐκ","ἐκ"
42,06,44,"N","GSF","βάτου","βάτου","βάτου","βάτος"
42,06,44,"N","ASF","⸂σταφυλὴν","σταφυλὴν","σταφυλήν","σταφυλή"
42,06,44,"V","3PAI-P","τρυγῶσιν⸃.","τρυγῶσιν","τρυγῶσι(ν)","τρυγάω"
42,06,45,"RA","NSM","ὁ","ὁ","ὁ","ὁ"
42,06,45,"A","NSM","ἀγαθὸς","ἀγαθὸς","ἀγαθός","ἀγαθός"
42,06,45,"N","NSM","ἄνθρωπος","ἄνθρωπος","ἄνθρωπος","ἄνθρωπος"
42,06,45,"P",NULL,"ἐκ","ἐκ","ἐκ","ἐκ"
42,06,45,"RA","GSM","τοῦ","τοῦ","τοῦ","ὁ"
42,06,45,"A","GSM","ἀγαθοῦ","ἀγαθοῦ","ἀγαθοῦ","ἀγαθός"
42,06,45,"N","GSM","θησαυροῦ","θησαυροῦ","θησαυροῦ","θησαυρός"
42,06,45,"RA","GSF","τῆς","τῆς","τῆς","ὁ"
42,06,45,"N","GSF","καρδίας","καρδίας","καρδίας","καρδία"
42,06,45,"RP","GSM","⸀αὐτοῦ","αὐτοῦ","αὐτοῦ","αὐτός"
42,06,45,"V","3PAI-S","προφέρει","προφέρει","προφέρει","προφέρω"
42,06,45,"RA","ASN","τὸ","τὸ","τό","ὁ"
42,06,45,"A","ASN","ἀγαθόν,","ἀγαθόν","ἀγαθόν","ἀγαθός"
42,06,45,"C",NULL,"καὶ","καὶ","καί","καί"
42,06,45,"RA","NSM","ὁ","ὁ","ὁ","ὁ"
42,06,45,"A","NSM","⸀πονηρὸς","πονηρὸς","πονηρός","πονηρός"
42,06,45,"P",NULL,"ἐκ","ἐκ","ἐκ","ἐκ"
42,06,45,"RA","GSM","τοῦ","τοῦ","τοῦ","ὁ"
42,06,45,"A","GSM","⸀πονηροῦ","πονηροῦ","πονηροῦ","πονηρός"
42,06,45,"V","3PAI-S","προφέρει","προφέρει","προφέρει","προφέρω"
42,06,45,"RA","ASN","τὸ","τὸ","τό","ὁ"
42,06,45,"A","ASN","πονηρόν·","πονηρόν","πονηρόν","πονηρός"
42,06,45,"P",NULL,"ἐκ","ἐκ","ἐκ","ἐκ"
42,06,45,"C",NULL,"γὰρ","γὰρ","γάρ","γάρ"
42,06,45,"N","GSN","⸀περισσεύματος","περισσεύματος","περισσεύματος","περίσσευμα"
42,06,45,"N","GSF","καρδίας","καρδίας","καρδίας","καρδία"
42,06,45,"V","3PAI-S","λαλεῖ","λαλεῖ","λαλεῖ","λαλέω"
42,06,45,"RA","NSN","τὸ","τὸ","τό","ὁ"
42,06,45,"N","NSN","στόμα","στόμα","στόμα","στόμα"
42,06,45,"RP","GSM","αὐτοῦ.","αὐτοῦ","αὐτοῦ","αὐτός"
42,06,46,"RI","ASN","Τί","Τί","τί","τίς"
42,06,46,"C",NULL,"δέ","δέ","δέ","δέ"
42,06,46,"RP","AS","με","με","με","ἐγώ"
42,06,46,"V","2PAI-P","καλεῖτε·","καλεῖτε","καλεῖτε","καλέω"
42,06,46,"N","VSM","Κύριε","Κύριε","κύριε","κύριος"
42,06,46,"N","VSM","κύριε,","κύριε","κύριε","κύριος"
42,06,46,"C",NULL,"καὶ","καὶ","καί","καί"
42,06,46,"D",NULL,"οὐ","οὐ","οὐ","οὐ"
42,06,46,"V","2PAI-P","ποιεῖτε","ποιεῖτε","ποιεῖτε","ποιέω"
42,06,46,"RR","APN","ἃ","ἃ","ἅ","ὅς"
42,06,46,"V","1PAI-S","λέγω;","λέγω","λέγω","λέγω"
42,06,47,"A","NSM","πᾶς","πᾶς","πᾶς","πᾶς"
42,06,47,"RA","NSM","ὁ","ὁ","ὁ","ὁ"
42,06,47,"V","PMPNSM","ἐρχόμενος","ἐρχόμενος","ἐρχόμενος","ἔρχομαι"
42,06,47,"P",NULL,"πρός","πρός","πρός","πρός"
42,06,47,"RP","AS","με","με","με","ἐγώ"
42,06,47,"C",NULL,"καὶ","καὶ","καί","καί"
42,06,47,"V","PAPNSM","ἀκούων","ἀκούων","ἀκούων","ἀκούω"
42,06,47,"RP","GS","μου","μου","μου","ἐγώ"
42,06,47,"RA","GPM","τῶν","τῶν","τῶν","ὁ"
42,06,47,"N","GPM","λόγων","λόγων","λόγων","λόγος"
42,06,47,"C",NULL,"καὶ","καὶ","καί","καί"
42,06,47,"V","PAPNSM","ποιῶν","ποιῶν","ποιῶν","ποιέω"
42,06,47,"RP","APM","αὐτούς,","αὐτούς","αὐτούς","αὐτός"
42,06,47,"V","1FAI-S","ὑποδείξω","ὑποδείξω","ὑποδείξω","ὑποδείκνυμι"
42,06,47,"RP","DP","ὑμῖν","ὑμῖν","ὑμῖν","σύ"
42,06,47,"RI","DSM","τίνι","τίνι","τίνι","τίς"
42,06,47,"V","3PAI-S","ἐστὶν","ἐστὶν","ἐστί(ν)","εἰμί"
42,06,47,"A","NSM","ὅμοιος·","ὅμοιος","ὅμοιος","ὅμοιος"
42,06,48,"A","NSM","ὅμοιός","ὅμοιός","ὅμοιος","ὅμοιος"
42,06,48,"V","3PAI-S","ἐστιν","ἐστιν","ἐστί(ν)","εἰμί"
42,06,48,"N","DSM","ἀνθρώπῳ","ἀνθρώπῳ","ἀνθρώπῳ","ἄνθρωπος"
42,06,48,"V","PAPDSM","οἰκοδομοῦντι","οἰκοδομοῦντι","οἰκοδομοῦντι","οἰκοδομέω"
42,06,48,"N","ASF","οἰκίαν","οἰκίαν","οἰκίαν","οἰκία"
42,06,48,"RR","NSM","ὃς","ὃς","ὅς","ὅς"
42,06,48,"V","3AAI-S","ἔσκαψεν","ἔσκαψεν","ἔσκαψε(ν)","σκάπτω"
42,06,48,"C",NULL,"καὶ","καὶ","καί","καί"
42,06,48,"V","3AAI-S","ἐβάθυνεν","ἐβάθυνεν","ἐβάθυνε(ν)","βαθύνω"
42,06,48,"C",NULL,"καὶ","καὶ","καί","καί"
42,06,48,"V","3AAI-S","ἔθηκεν","ἔθηκεν","ἔθηκε(ν)","τίθημι"
42,06,48,"N","ASM","θεμέλιον","θεμέλιον","θεμέλιον","θεμέλιος"
42,06,48,"P",NULL,"ἐπὶ","ἐπὶ","ἐπί","ἐπί"
42,06,48,"RA","ASF","τὴν","τὴν","τήν","ὁ"
42,06,48,"N","ASF","πέτραν·","πέτραν","πέτραν","πέτρα"
42,06,48,"N","GSF","πλημμύρης","πλημμύρης","πλημμύρης","πλήμμυρα"
42,06,48,"C",NULL,"δὲ","δὲ","δέ","δέ"
42,06,48,"V","AMPGSF","γενομένης","γενομένης","γενομένης","γίνομαι"
42,06,48,"V","3AAI-S","προσέρηξεν","προσέρηξεν","προσέρηξε(ν)","προσρήγνυμι"
42,06,48,"RA","NSM","ὁ","ὁ","ὁ","ὁ"
42,06,48,"N","NSM","ποταμὸς","ποταμὸς","ποταμός","ποταμός"
42,06,48,"RA","DSF","τῇ","τῇ","τῇ","ὁ"
42,06,48,"N","DSF","οἰκίᾳ","οἰκίᾳ","οἰκίᾳ","οἰκία"
42,06,48,"RD","DSF","ἐκείνῃ,","ἐκείνῃ","ἐκείνῃ","ἐκεῖνος"
42,06,48,"C",NULL,"καὶ","καὶ","καί","καί"
42,06,48,"D",NULL,"οὐκ","οὐκ","οὐ","οὐ"
42,06,48,"V","3AAI-S","ἴσχυσεν","ἴσχυσεν","ἴσχυσε(ν)","ἰσχύω"
42,06,48,"V","AAN","σαλεῦσαι","σαλεῦσαι","σαλεῦσαι","σαλεύω"
42,06,48,"RP","ASF","αὐτὴν","αὐτὴν","αὐτήν","αὐτός"
42,06,48,"P",NULL,"⸂διὰ","διὰ","διά","διά"
42,06,48,"RA","ASN","τὸ","τὸ","τό","ὁ"
42,06,48,"D",NULL,"καλῶς","καλῶς","καλῶς","καλῶς"
42,06,48,"V","XPN","οἰκοδομῆσθαι","οἰκοδομῆσθαι","οἰκοδομῆσθαι","οἰκοδομέω"
42,06,48,"RP","ASF","αὐτήν⸃.","αὐτήν","αὐτήν","αὐτός"
42,06,49,"RA","NSM","ὁ","ὁ","ὁ","ὁ"
42,06,49,"C",NULL,"δὲ","δὲ","δέ","δέ"
42,06,49,"V","AAPNSM","ἀκούσας","ἀκούσας","ἀκούσας","ἀκούω"
42,06,49,"C",NULL,"καὶ","καὶ","καί","καί"
42,06,49,"D",NULL,"μὴ","μὴ","μή","μή"
42,06,49,"V","AAPNSM","ποιήσας","ποιήσας","ποιήσας","ποιέω"
42,06,49,"A","NSM","ὅμοιός","ὅμοιός","ὅμοιος","ὅμοιος"
42,06,49,"V","3PAI-S","ἐστιν","ἐστιν","ἐστί(ν)","εἰμί"
42,06,49,"N","DSM","ἀνθρώπῳ","ἀνθρώπῳ","ἀνθρώπῳ","ἄνθρωπος"
42,06,49,"V","AAPDSM","οἰκοδομήσαντι","οἰκοδομήσαντι","οἰκοδομήσαντι","οἰκοδομέω"
42,06,49,"N","ASF","οἰκίαν","οἰκίαν","οἰκίαν","οἰκία"
42,06,49,"P",NULL,"ἐπὶ","ἐπὶ","ἐπί","ἐπί"
42,06,49,"RA","ASF","τὴν","τὴν","τήν","ὁ"
42,06,49,"N","ASF","γῆν","γῆν","γῆν","γῆ"
42,06,49,"P",NULL,"χωρὶς","χωρὶς","χωρίς","χωρίς"
42,06,49,"N","GSM","θεμελίου,","θεμελίου","θεμελίου","θεμέλιος"
42,06,49,"RR","DSF","ᾗ","ᾗ","ᾗ","ὅς"
42,06,49,"V","3AAI-S","προσέρηξεν","προσέρηξεν","προσέρηξε(ν)","προσρήγνυμι"
42,06,49,"RA","NSM","ὁ","ὁ","ὁ","ὁ"
42,06,49,"N","NSM","ποταμός,","ποταμός","ποταμός","ποταμός"
42,06,49,"C",NULL,"καὶ","καὶ","καί","καί"
42,06,49,"A","NSM","⸂εὐθὺς","εὐθὺς","εὐθύς","εὐθύς"
42,06,49,"V","3AAI-S","συνέπεσεν⸃,","συνέπεσεν","συνέπεσε(ν)","συμπίπτω"
42,06,49,"C",NULL,"καὶ","καὶ","καί","καί"
42,06,49,"V","3AMI-S","ἐγένετο","ἐγένετο","ἐγένετο","γίνομαι"
42,06,49,"RA","NSN","τὸ","τὸ","τό","ὁ"
42,06,49,"N","NSN","ῥῆγμα","ῥῆγμα","ῥῆγμα","ῥῆγμα"
42,06,49,"RA","GSF","τῆς","τῆς","τῆς","ὁ"
42,06,49,"N","GSF","οἰκίας","οἰκίας","οἰκίας","οἰκία"
42,06,49,"RD","GSF","ἐκείνης","ἐκείνης","ἐκείνης","ἐκεῖνος"
42,06,49,"A","NSN","μέγα.","μέγα","μέγα","μέγας"
42,07,01,"C",NULL,"⸀Ἐπειδὴ","Ἐπειδὴ","ἐπειδή","ἐπειδή"
42,07,01,"V","3AAI-S","ἐπλήρωσεν","ἐπλήρωσεν","ἐπλήρωσε(ν)","πληρόω"
42,07,01,"A","APN","πάντα","πάντα","πάντα","πᾶς"
42,07,01,"RA","APN","τὰ","τὰ","τά","ὁ"
42,07,01,"N","APN","ῥήματα","ῥήματα","ῥήματα","ῥῆμα"
42,07,01,"RP","GSM","αὐτοῦ","αὐτοῦ","αὐτοῦ","αὐτός"
42,07,01,"P",NULL,"εἰς","εἰς","εἰς","εἰς"
42,07,01,"RA","APF","τὰς","τὰς","τάς","ὁ"
42,07,01,"N","APF","ἀκοὰς","ἀκοὰς","ἀκοάς","ἀκοή"
42,07,01,"RA","GSM","τοῦ","τοῦ","τοῦ","ὁ"
42,07,01,"N","GSM","λαοῦ,","λαοῦ","λαοῦ","λαός"
42,07,01,"V","3AAI-S","εἰσῆλθεν","εἰσῆλθεν","εἰσῆλθε(ν)","εἰσέρχομαι"
42,07,01,"P",NULL,"εἰς","εἰς","εἰς","εἰς"
42,07,01,"N","ASF","Καφαρναούμ.","Καφαρναούμ","Καφαρναούμ","Καφαρναούμ"
42,07,02,"N","GSM","Ἑκατοντάρχου","Ἑκατοντάρχου","ἑκατοντάρχου","ἑκατοντάρχης"
42,07,02,"C",NULL,"δέ","δέ","δέ","δέ"
42,07,02,"RI","GSM","τινος","τινος","τινός","τις"
42,07,02,"N","NSM","δοῦλος","δοῦλος","δοῦλος","δοῦλος"
42,07,02,"D",NULL,"κακῶς","κακῶς","κακῶς","κακῶς"
42,07,02,"V","PAPNSM","ἔχων","ἔχων","ἔχων","ἔχω"
42,07,02,"V","3IAI-S","ἤμελλεν","ἤμελλεν","ἤμελλε(ν)","μέλλω"
42,07,02,"V","PAN","τελευτᾶν,","τελευτᾶν","τελευτᾶν","τελευτάω"
42,07,02,"RR","NSM","ὃς","ὃς","ὅς","ὅς"
42,07,02,"V","3IAI-S","ἦν","ἦν","ἦν","εἰμί"
42,07,02,"RP","DSM","αὐτῷ","αὐτῷ","αὐτῷ","αὐτός"
42,07,02,"A","NSM","ἔντιμος.","ἔντιμος","ἔντιμος","ἔντιμος"
42,07,03,"V","AAPNSM","ἀκούσας","ἀκούσας","ἀκούσας","ἀκούω"
42,07,03,"C",NULL,"δὲ","δὲ","δέ","δέ"
42,07,03,"P",NULL,"περὶ","περὶ","περί","περί"
42,07,03,"RA","GSM","τοῦ","τοῦ","τοῦ","ὁ"
42,07,03,"N","GSM","Ἰησοῦ","Ἰησοῦ","Ἰησοῦ","Ἰησοῦς"
42,07,03,"V","3AAI-S","ἀπέστειλεν","ἀπέστειλεν","ἀπέστειλε(ν)","ἀποστέλλω"
42,07,03,"P",NULL,"πρὸς","πρὸς","πρός","πρός"
42,07,03,"RP","ASM","αὐτὸν","αὐτὸν","αὐτόν","αὐτός"
42,07,03,"A","APM","πρεσβυτέρους","πρεσβυτέρους","πρεσβυτέρους","πρεσβύτερος"
42,07,03,"RA","GPM","τῶν","τῶν","τῶν","ὁ"
42,07,03,"A","GPM","Ἰουδαίων,","Ἰουδαίων","Ἰουδαίων","Ἰουδαῖος"
42,07,03,"V","PAPNSM","ἐρωτῶν","ἐρωτῶν","ἐρωτῶν","ἐρωτάω"
42,07,03,"RP","ASM","αὐτὸν","αὐτὸν","αὐτόν","αὐτός"
42,07,03,"C",NULL,"ὅπως","ὅπως","ὅπως","ὅπως"
42,07,03,"V","AAPNSM","ἐλθὼν","ἐλθὼν","ἐλθών","ἔρχομαι"
42,07,03,"V","3AAS-S","διασώσῃ","διασώσῃ","διασώσῃ","διασῴζω"
42,07,03,"RA","ASM","τὸν","τὸν","τόν","ὁ"
42,07,03,"N","ASM","δοῦλον","δοῦλον","δοῦλον","δοῦλος"
42,07,03,"RP","GSM","αὐτοῦ.","αὐτοῦ","αὐτοῦ","αὐτός"
42,07,04,"RA","NPM","οἱ","οἱ","οἱ","ὁ"
42,07,04,"C",NULL,"δὲ","δὲ","δέ","δέ"
42,07,04,"V","AMPNPM","παραγενόμενοι","παραγενόμενοι","παραγενόμενοι","παραγίνομαι"
42,07,04,"P",NULL,"πρὸς","πρὸς","πρός","πρός"
42,07,04,"RA","ASM","τὸν","τὸν","τόν","ὁ"
42,07,04,"N","ASM","Ἰησοῦν","Ἰησοῦν","Ἰησοῦν","Ἰησοῦς"
42,07,04,"V","3IAI-P","παρεκάλουν","παρεκάλουν","παρεκάλουν","παρακαλέω"
42,07,04,"RP","ASM","αὐτὸν","αὐτὸν","αὐτόν","αὐτός"
42,07,04,"D",NULL,"σπουδαίως","σπουδαίως","σπουδαίως","σπουδαίως"
42,07,04,"V","PAPNPM","λέγοντες","λέγοντες","λέγοντες","λέγω"
42,07,04,"C",NULL,"ὅτι","ὅτι","ὅτι","ὅτι"
42,07,04,"A","NSM","Ἄξιός","Ἄξιός","ἄξιος","ἄξιος"
42,07,04,"V","3PAI-S","ἐστιν","ἐστιν","ἐστί(ν)","εἰμί"
42,07,04,"RR","DSM","ᾧ","ᾧ","ᾧ","ὅς"
42,07,04,"V","2FMI-S","⸀παρέξῃ","παρέξῃ","παρέξῃ","παρέχω"
42,07,04,"RD","ASN","τοῦτο,","τοῦτο","τοῦτο","οὗτος"
42,07,05,"V","3PAI-S","ἀγαπᾷ","ἀγαπᾷ","ἀγαπᾷ","ἀγαπάω"
42,07,05,"C",NULL,"γὰρ","γὰρ","γάρ","γάρ"
42,07,05,"RA","ASN","τὸ","τὸ","τό","ὁ"
42,07,05,"N","ASN","ἔθνος","ἔθνος","ἔθνος","ἔθνος"
42,07,05,"RP","GP","ἡμῶν","ἡμῶν","ἡμῶν","ἐγώ"
42,07,05,"C",NULL,"καὶ","καὶ","καί","καί"
42,07,05,"RA","ASF","τὴν","τὴν","τήν","ὁ"
42,07,05,"N","ASF","συναγωγὴν","συναγωγὴν","συναγωγήν","συναγωγή"
42,07,05,"RP","NSM","αὐτὸς","αὐτὸς","αὐτός","αὐτός"
42,07,05,"V","3AAI-S","ᾠκοδόμησεν","ᾠκοδόμησεν","ᾠκοδόμησε(ν)","οἰκοδομέω"
42,07,05,"RP","DP","ἡμῖν.","ἡμῖν","ἡμῖν","ἐγώ"
42,07,06,"RA","NSM","ὁ","ὁ","ὁ","ὁ"
42,07,06,"C",NULL,"δὲ","δὲ","δέ","δέ"
42,07,06,"N","NSM","Ἰησοῦς","Ἰησοῦς","Ἰησοῦς","Ἰησοῦς"
42,07,06,"V","3IMI-S","ἐπορεύετο","ἐπορεύετο","ἐπορεύετο","πορεύομαι"
42,07,06,"P",NULL,"σὺν","σὺν","σύν","σύν"
42,07,06,"RP","DPM","αὐτοῖς.","αὐτοῖς","αὐτοῖς","αὐτός"
42,07,06,"D",NULL,"ἤδη","ἤδη","ἤδη","ἤδη"
42,07,06,"C",NULL,"δὲ","δὲ","δέ","δέ"
42,07,06,"RP","GSM","αὐτοῦ","αὐτοῦ","αὐτοῦ","αὐτός"
42,07,06,"D",NULL,"οὐ","οὐ","οὐ","οὐ"
42,07,06,"D",NULL,"μακρὰν","μακρὰν","μακράν","μακράν"
42,07,06,"V","PAPGSM","ἀπέχοντος","ἀπέχοντος","ἀπέχοντος","ἀπέχω"
42,07,06,"P",NULL,"ἀπὸ","ἀπὸ","ἀπό","ἀπό"
42,07,06,"RA","GSF","τῆς","τῆς","τῆς","ὁ"
42,07,06,"N","GSF","οἰκίας","οἰκίας","οἰκίας","οἰκία"
42,07,06,"V","3AAI-S","ἔπεμψεν","ἔπεμψεν","ἔπεμψε(ν)","πέμπω"
42,07,06,"A","APM","⸂φίλους","φίλους","φίλους","φίλος"
42,07,06,"RA","NSM","ὁ","ὁ","ὁ","ὁ"
42,07,06,"N","NSM","ἑκατοντάρχης⸃","ἑκατοντάρχης","ἑκατοντάρχης","ἑκατοντάρχης"
42,07,06,"V","PAPNSM","λέγων","λέγων","λέγων","λέγω"
42,07,06,"RP","DSM","αὐτῷ·","αὐτῷ","αὐτῷ","αὐτός"
42,07,06,"N","VSM","Κύριε,","Κύριε","κύριε","κύριος"
42,07,06,"D",NULL,"μὴ","μὴ","μή","μή"
42,07,06,"V","2PPD-S","σκύλλου,","σκύλλου","σκύλλου","σκύλλω"
42,07,06,"D",NULL,"οὐ","οὐ","οὐ","οὐ"
42,07,06,"C",NULL,"γὰρ","γὰρ","γάρ","γάρ"
42,07,06,"A","NSM","⸂ἱκανός","ἱκανός","ἱκανός","ἱκανός"
42,07,06,"V","1PAI-S","εἰμι⸃","εἰμι","εἰμί","εἰμί"
42,07,06,"C",NULL,"ἵνα","ἵνα","ἵνα","ἵνα"
42,07,06,"P",NULL,"ὑπὸ","ὑπὸ","ὑπό","ὑπό"
42,07,06,"RA","ASF","τὴν","τὴν","τήν","ὁ"
42,07,06,"N","ASF","στέγην","στέγην","στέγην","στέγη"
42,07,06,"RP","GS","μου","μου","μου","ἐγώ"
42,07,06,"V","2AAS-S","εἰσέλθῃς·","εἰσέλθῃς","εἰσέλθῃς","εἰσέρχομαι"
42,07,07,"C",NULL,"διὸ","διὸ","διό","διό"
42,07,07,"D",NULL,"οὐδὲ","οὐδὲ","οὐδέ","οὐδέ"
42,07,07,"RP","ASM","ἐμαυτὸν","ἐμαυτὸν","ἐμαυτόν","ἐμαυτοῦ"
42,07,07,"V","1AAI-S","ἠξίωσα","ἠξίωσα","ἠξίωσα","ἀξιόω"
42,07,07,"P",NULL,"πρὸς","πρὸς","πρός","πρός"
42,07,07,"RP","AS","σὲ","σὲ","σέ","σύ"
42,07,07,"V","AAN","ἐλθεῖν·","ἐλθεῖν","ἐλθεῖν","ἔρχομαι"
42,07,07,"C",NULL,"ἀλλὰ","ἀλλὰ","ἀλλά","ἀλλά"
42,07,07,"V","2AAD-S","εἰπὲ","εἰπὲ","εἰπέ","λέγω"
42,07,07,"N","DSM","λόγῳ,","λόγῳ","λόγῳ","λόγος"
42,07,07,"C",NULL,"καὶ","καὶ","καί","καί"
42,07,07,"V","3APD-S","⸀ἰαθήτω","ἰαθήτω","ἰαθήτω","ἰάομαι"
42,07,07,"RA","NSM","ὁ","ὁ","ὁ","ὁ"
42,07,07,"N","NSM","παῖς","παῖς","παῖς","παῖς"
42,07,07,"RP","GS","μου·","μου","μου","ἐγώ"
42,07,08,"D",NULL,"καὶ","καὶ","καί","καί"
42,07,08,"C",NULL,"γὰρ","γὰρ","γάρ","γάρ"
42,07,08,"RP","NS","ἐγὼ","ἐγὼ","ἐγώ","ἐγώ"
42,07,08,"N","NSM","ἄνθρωπός","ἄνθρωπός","ἄνθρωπος","ἄνθρωπος"
42,07,08,"V","1PAI-S","εἰμι","εἰμι","εἰμί","εἰμί"
42,07,08,"P",NULL,"ὑπὸ","ὑπὸ","ὑπό","ὑπό"
42,07,08,"N","ASF","ἐξουσίαν","ἐξουσίαν","ἐξουσίαν","ἐξουσία"
42,07,08,"V","PPPNSM","τασσόμενος,","τασσόμενος","τασσόμενος","τάσσω"
42,07,08,"V","PAPNSM","ἔχων","ἔχων","ἔχων","ἔχω"
42,07,08,"P",NULL,"ὑπ’","ὑπ’","ὑπό","ὑπό"
42,07,08,"RP","ASM","ἐμαυτὸν","ἐμαυτὸν","ἐμαυτόν","ἐμαυτοῦ"
42,07,08,"N","APM","στρατιώτας,","στρατιώτας","στρατιώτας","στρατιώτης"
42,07,08,"C",NULL,"καὶ","καὶ","καί","καί"
42,07,08,"V","1PAI-S","λέγω","λέγω","λέγω","λέγω"
42,07,08,"RD","DSM","τούτῳ·","τούτῳ","τούτῳ","οὗτος"
42,07,08,"V","2APD-S","Πορεύθητι,","Πορεύθητι","πορεύθητι","πορεύομαι"
42,07,08,"C",NULL,"καὶ","καὶ","καί","καί"
42,07,08,"V","3PMI-S","πορεύεται,","πορεύεται","πορεύεται","πορεύομαι"
42,07,08,"C",NULL,"καὶ","καὶ","καί","καί"
42,07,08,"A","DSM","ἄλλῳ·","ἄλλῳ","ἄλλῳ","ἄλλος"
42,07,08,"V","2PMD-S","Ἔρχου,","Ἔρχου","ἔρχου","ἔρχομαι"
42,07,08,"C",NULL,"καὶ","καὶ","καί","καί"
42,07,08,"V","3PMI-S","ἔρχεται,","ἔρχεται","ἔρχεται","ἔρχομαι"
42,07,08,"C",NULL,"καὶ","καὶ","καί","καί"
42,07,08,"RA","DSM","τῷ","τῷ","τῷ","ὁ"
42,07,08,"N","DSM","δούλῳ","δούλῳ","δούλῳ","δοῦλος"
42,07,08,"RP","GS","μου·","μου","μου","ἐγώ"
42,07,08,"V","2AAD-S","Ποίησον","Ποίησον","ποίησον","ποιέω"
42,07,08,"RD","ASN","τοῦτο,","τοῦτο","τοῦτο","οὗτος"
42,07,08,"C",NULL,"καὶ","καὶ","καί","καί"
42,07,08,"V","3PAI-S","ποιεῖ.","ποιεῖ","ποιεῖ","ποιέω"
42,07,09,"V","AAPNSM","ἀκούσας","ἀκούσας","ἀκούσας","ἀκούω"
42,07,09,"C",NULL,"δὲ","δὲ","δέ","δέ"
42,07,09,"RD","APN","ταῦτα","ταῦτα","ταῦτα","οὗτος"
42,07,09,"RA","NSM","ὁ","ὁ","ὁ","ὁ"
42,07,09,"N","NSM","Ἰησοῦς","Ἰησοῦς","Ἰησοῦς","Ἰησοῦς"
42,07,09,"V","3AAI-S","ἐθαύμασεν","ἐθαύμασεν","ἐθαύμασε(ν)","θαυμάζω"
42,07,09,"RP","ASM","αὐτόν,","αὐτόν","αὐτόν","αὐτός"
42,07,09,"C",NULL,"καὶ","καὶ","καί","καί"
42,07,09,"V","APPNSM","στραφεὶς","στραφεὶς","στραφείς","στρέφω"
42,07,09,"RA","DSM","τῷ","τῷ","τῷ","ὁ"
42,07,09,"V","PAPDSM","ἀκολουθοῦντι","ἀκολουθοῦντι","ἀκολουθοῦντι","ἀκολουθέω"
42,07,09,"RP","DSM","αὐτῷ","αὐτῷ","αὐτῷ","αὐτός"
42,07,09,"N","DSM","ὄχλῳ","ὄχλῳ","ὄχλῳ","ὄχλος"
42,07,09,"V","3AAI-S","εἶπεν·","εἶπεν","εἶπε(ν)","λέγω"
42,07,09,"V","1PAI-S","Λέγω","Λέγω","λέγω","λέγω"
42,07,09,"RP","DP","ὑμῖν,","ὑμῖν","ὑμῖν","σύ"
42,07,09,"D",NULL,"⸀οὐδὲ","οὐδὲ","οὐδέ","οὐδέ"
42,07,09,"P",NULL,"ἐν","ἐν","ἐν","ἐν"
42,07,09,"RA","DSM","τῷ","τῷ","τῷ","ὁ"
42,07,09,"N","DSM","Ἰσραὴλ","Ἰσραὴλ","Ἰσραήλ","Ἰσραήλ"
42,07,09,"RD","ASF","τοσαύτην","τοσαύτην","τοσαύτην","τοσοῦτος"
42,07,09,"N","ASF","πίστιν","πίστιν","πίστιν","πίστις"
42,07,09,"V","1AAI-S","εὗρον.","εὗρον","εὗρον","εὑρίσκω"
42,07,10,"C",NULL,"καὶ","καὶ","καί","καί"
42,07,10,"V","AAPNPM","ὑποστρέψαντες","ὑποστρέψαντες","ὑποστρέψαντες","ὑποστρέφω"
42,07,10,"P",NULL,"⸂εἰς","εἰς","εἰς","εἰς"
42,07,10,"RA","ASM","τὸν","τὸν","τόν","ὁ"
42,07,10,"N","ASM","οἶκον","οἶκον","οἶκον","οἶκος"
42,07,10,"RA","NPM","οἱ","οἱ","οἱ","ὁ"
42,07,10,"V","APPNPM","πεμφθέντες⸃","πεμφθέντες","πεμφθέντες","πέμπω"
42,07,10,"V","3AAI-P","εὗρον","εὗρον","εὗρον","εὑρίσκω"
42,07,10,"RA","ASM","⸀τὸν","τὸν","τόν","ὁ"
42,07,10,"N","ASM","δοῦλον","δοῦλον","δοῦλον","δοῦλος"
42,07,10,"V","PAPASM","ὑγιαίνοντα.","ὑγιαίνοντα","ὑγιαίνοντα","ὑγιαίνω"
42,07,11,"C",NULL,"Καὶ","Καὶ","καί","καί"
42,07,11,"V","3AMI-S","ἐγένετο","ἐγένετο","ἐγένετο","γίνομαι"
42,07,11,"P",NULL,"ἐν","ἐν","ἐν","ἐν"
42,07,11,"RA","DSM","τῷ","τῷ","τῷ","ὁ"
42,07,11,"D",NULL,"ἑξῆς","ἑξῆς","ἑξῆς","ἑξῆς"
42,07,11,"V","3API-S","⸀ἐπορεύθη","ἐπορεύθη","ἐπορεύθη","πορεύομαι"
42,07,11,"P",NULL,"εἰς","εἰς","εἰς","εἰς"
42,07,11,"N","ASF","πόλιν","πόλιν","πόλιν","πόλις"
42,07,11,"V","PPPASF","καλουμένην","καλουμένην","καλουμένην","καλέω"
42,07,11,"N","ASF","Ναΐν,","Ναΐν","Ναΐν","Ναΐν"
42,07,11,"C",NULL,"καὶ","καὶ","καί","καί"
42,07,11,"V","3IMI-P","συνεπορεύοντο","συνεπορεύοντο","συνεπορεύοντο","συμπορεύομαι"
42,07,11,"RP","DSM","αὐτῷ","αὐτῷ","αὐτῷ","αὐτός"
42,07,11,"RA","NPM","οἱ","οἱ","οἱ","ὁ"
42,07,11,"N","NPM","μαθηταὶ","μαθηταὶ","μαθηταί","μαθητής"
42,07,11,"RP","GSM","⸀αὐτοῦ","αὐτοῦ","αὐτοῦ","αὐτός"
42,07,11,"C",NULL,"καὶ","καὶ","καί","καί"
42,07,11,"N","NSM","ὄχλος","ὄχλος","ὄχλος","ὄχλος"
42,07,11,"A","NSM","πολύς.","πολύς","πολύς","πολύς"
42,07,12,"C",NULL,"ὡς","ὡς","ὡς","ὡς"
42,07,12,"C",NULL,"δὲ","δὲ","δέ","δέ"
42,07,12,"V","3AAI-S","ἤγγισεν","ἤγγισεν","ἤγγισε(ν)","ἐγγίζω"
42,07,12,"RA","DSF","τῇ","τῇ","τῇ","ὁ"
42,07,12,"N","DSF","πύλῃ","πύλῃ","πύλῃ","πύλη"
42,07,12,"RA","GSF","τῆς","τῆς","τῆς","ὁ"
42,07,12,"N","GSF","πόλεως,","πόλεως","πόλεως","πόλις"
42,07,12,"C",NULL,"καὶ","καὶ","καί","καί"
42,07,12,"X",NULL,"ἰδοὺ","ἰδοὺ","ἰδού","ἰδού"
42,07,12,"V","3IPI-S","ἐξεκομίζετο","ἐξεκομίζετο","ἐξεκομίζετο","ἐκκομίζω"
42,07,12,"V","XAPNSM","τεθνηκὼς","τεθνηκὼς","τεθνηκώς","θνῄσκω"
42,07,12,"A","NSM","⸂μονογενὴς","μονογενὴς","μονογενής","μονογενής"
42,07,12,"N","NSM","υἱὸς⸃","υἱὸς","υἱός","υἱός"
42,07,12,"RA","DSF","τῇ","τῇ","τῇ","ὁ"
42,07,12,"N","DSF","μητρὶ","μητρὶ","μητρί","μήτηρ"
42,07,12,"RP","GSM","αὐτοῦ,","αὐτοῦ","αὐτοῦ","αὐτός"
42,07,12,"C",NULL,"καὶ","καὶ","καί","καί"
42,07,12,"RP","NSF","αὐτὴ","αὐτὴ","αὐτή","αὐτός"
42,07,12,"V","3IAI-S","⸀ἦν","ἦν","ἦν","εἰμί"
42,07,12,"A","NSF","χήρα,","χήρα","χήρα","χήρα"
42,07,12,"C",NULL,"καὶ","καὶ","καί","καί"
42,07,12,"N","NSM","ὄχλος","ὄχλος","ὄχλος","ὄχλος"
42,07,12,"RA","GSF","τῆς","τῆς","τῆς","ὁ"
42,07,12,"N","GSF","πόλεως","πόλεως","πόλεως","πόλις"
42,07,12,"A","NSM","ἱκανὸς","ἱκανὸς","ἱκανός","ἱκανός"
42,07,12,"V","3IAI-S","⸁ἦν","ἦν","ἦν","εἰμί"
42,07,12,"P",NULL,"σὺν","σὺν","σύν","σύν"
42,07,12,"RP","DSF","αὐτῇ.","αὐτῇ","αὐτῇ","αὐτός"
42,07,13,"C",NULL,"καὶ","καὶ","καί","καί"
42,07,13,"V","AAPNSM","ἰδὼν","ἰδὼν","ἰδών","ὁράω"
42,07,13,"RP","ASF","αὐτὴν","αὐτὴν","αὐτήν","αὐτός"
42,07,13,"RA","NSM","ὁ","ὁ","ὁ","ὁ"
42,07,13,"N","NSM","κύριος","κύριος","κύριος","κύριος"
42,07,13,"V","3API-S","ἐσπλαγχνίσθη","ἐσπλαγχνίσθη","ἐσπλαγχνίσθη","σπλαγχνίζομαι"
42,07,13,"P",NULL,"ἐπ’","ἐπ’","ἐπί","ἐπί"
42,07,13,"RP","DSF","αὐτῇ","αὐτῇ","αὐτῇ","αὐτός"
42,07,13,"C",NULL,"καὶ","καὶ","καί","καί"
42,07,13,"V","3AAI-S","εἶπεν","εἶπεν","εἶπε(ν)","λέγω"
42,07,13,"RP","DSF","αὐτῇ·","αὐτῇ","αὐτῇ","αὐτός"
42,07,13,"D",NULL,"Μὴ","Μὴ","μή","μή"
42,07,13,"V","2PAD-S","κλαῖε.","κλαῖε","κλαῖε","κλαίω"
42,07,14,"C",NULL,"καὶ","καὶ","καί","καί"
42,07,14,"V","AAPNSM","προσελθὼν","προσελθὼν","προσελθών","προσέρχομαι"
42,07,14,"V","3AMI-S","ἥψατο","ἥψατο","ἥψατο","ἅπτω"
42,07,14,"RA","GSF","τῆς","τῆς","τῆς","ὁ"
42,07,14,"N","GSF","σοροῦ,","σοροῦ","σοροῦ","σορός"
42,07,14,"RA","NPM","οἱ","οἱ","οἱ","ὁ"
42,07,14,"C",NULL,"δὲ","δὲ","δέ","δέ"
42,07,14,"V","PAPNPM","βαστάζοντες","βαστάζοντες","βαστάζοντες","βαστάζω"
42,07,14,"V","3AAI-P","ἔστησαν,","ἔστησαν","ἔστησαν","ἵστημι"
42,07,14,"C",NULL,"καὶ","καὶ","καί","καί"
42,07,14,"V","3AAI-S","εἶπεν·","εἶπεν","εἶπε(ν)","λέγω"
42,07,14,"N","VSM","Νεανίσκε,","Νεανίσκε","νεανίσκε","νεανίσκος"
42,07,14,"RP","DS","σοὶ","σοὶ","σοί","σύ"
42,07,14,"V","1PAI-S","λέγω,","λέγω","λέγω","λέγω"
42,07,14,"V","2APD-S","ἐγέρθητι.","ἐγέρθητι","ἐγέρθητι","ἐγείρω"
42,07,15,"C",NULL,"καὶ","καὶ","καί","καί"
42,07,15,"V","3AAI-S","ἀνεκάθισεν","ἀνεκάθισεν","ἀνεκάθισε(ν)","ἀνακαθίζω"
42,07,15,"RA","NSM","ὁ","ὁ","ὁ","ὁ"
42,07,15,"A","NSM","νεκρὸς","νεκρὸς","νεκρός","νεκρός"
42,07,15,"C",NULL,"καὶ","καὶ","καί","καί"
42,07,15,"V","3AMI-S","ἤρξατο","ἤρξατο","ἤρξατο","ἄρχω"
42,07,15,"V","PAN","λαλεῖν,","λαλεῖν","λαλεῖν","λαλέω"
42,07,15,"C",NULL,"καὶ","καὶ","καί","καί"
42,07,15,"V","3AAI-S","ἔδωκεν","ἔδωκεν","ἔδωκε(ν)","δίδωμι"
42,07,15,"RP","ASM","αὐτὸν","αὐτὸν","αὐτόν","αὐτός"
42,07,15,"RA","DSF","τῇ","τῇ","τῇ","ὁ"
42,07,15,"N","DSF","μητρὶ","μητρὶ","μητρί","μήτηρ"
42,07,15,"RP","GSM","αὐτοῦ.","αὐτοῦ","αὐτοῦ","αὐτός"
42,07,16,"V","3AAI-S","ἔλαβεν","ἔλαβεν","ἔλαβε(ν)","λαμβάνω"
42,07,16,"C",NULL,"δὲ","δὲ","δέ","δέ"
42,07,16,"N","NSM","φόβος","φόβος","φόβος","φόβος"
42,07,16,"A","APM","πάντας,","πάντας","πάντας","πᾶς"
42,07,16,"C",NULL,"καὶ","καὶ","καί","καί"
42,07,16,"V","3IAI-P","ἐδόξαζον","ἐδόξαζον","ἐδόξαζον","δοξάζω"
42,07,16,"RA","ASM","τὸν","τὸν","τόν","ὁ"
42,07,16,"N","ASM","θεὸν","θεὸν","θεόν","θεός"
42,07,16,"V","PAPNPM","λέγοντες","λέγοντες","λέγοντες","λέγω"
42,07,16,"C",NULL,"ὅτι","ὅτι","ὅτι","ὅτι"
42,07,16,"N","NSM","Προφήτης","Προφήτης","προφήτης","προφήτης"
42,07,16,"A","NSM","μέγας","μέγας","μέγας","μέγας"
42,07,16,"V","3API-S","⸀ἠγέρθη","ἠγέρθη","ἠγέρθη","ἐγείρω"
42,07,16,"P",NULL,"ἐν","ἐν","ἐν","ἐν"
42,07,16,"RP","DP","ἡμῖν,","ἡμῖν","ἡμῖν","ἐγώ"
42,07,16,"C",NULL,"καὶ","καὶ","καί","καί"
42,07,16,"C",NULL,"ὅτι","ὅτι","ὅτι","ὅτι"
42,07,16,"V","3AMI-S","Ἐπεσκέψατο","Ἐπεσκέψατο","ἐπεσκέψατο","ἐπισκέπτομαι"
42,07,16,"RA","NSM","ὁ","ὁ","ὁ","ὁ"
42,07,16,"N","NSM","θεὸς","θεὸς","θεός","θεός"
42,07,16,"RA","ASM","τὸν","τὸν","τόν","ὁ"
42,07,16,"N","ASM","λαὸν","λαὸν","λαόν","λαός"
42,07,16,"RP","GSM","αὐτοῦ.","αὐτοῦ","αὐτοῦ","αὐτός"
42,07,17,"C",NULL,"καὶ","καὶ","καί","καί"
42,07,17,"V","3AAI-S","ἐξῆλθεν","ἐξῆλθεν","ἐξῆλθε(ν)","ἐξέρχομαι"
42,07,17,"RA","NSM","ὁ","ὁ","ὁ","ὁ"
42,07,17,"N","NSM","λόγος","λόγος","λόγος","λόγος"
42,07,17,"RD","NSM","οὗτος","οὗτος","οὗτος","οὗτος"
42,07,17,"P",NULL,"ἐν","ἐν","ἐν","ἐν"
42,07,17,"A","DSF","ὅλῃ","ὅλῃ","ὅλῃ","ὅλος"
42,07,17,"RA","DSF","τῇ","τῇ","τῇ","ὁ"
42,07,17,"N","DSF","Ἰουδαίᾳ","Ἰουδαίᾳ","Ἰουδαίᾳ","Ἰουδαία"
42,07,17,"P",NULL,"περὶ","περὶ","περί","περί"
42,07,17,"RP","GSM","αὐτοῦ","αὐτοῦ","αὐτοῦ","αὐτός"
42,07,17,"C",NULL,"⸀καὶ","καὶ","καί","καί"
42,07,17,"A","DSF","πάσῃ","πάσῃ","πάσῃ","πᾶς"
42,07,17,"RA","DSF","τῇ","τῇ","τῇ","ὁ"
42,07,17,"A","DSF","περιχώρῳ.","περιχώρῳ","περιχώρῳ","περίχωρος"
42,07,18,"C",NULL,"Καὶ","Καὶ","καί","καί"
42,07,18,"V","3AAI-P","ἀπήγγειλαν","ἀπήγγειλαν","ἀπήγγειλαν","ἀπαγγέλλω"
42,07,18,"N","DSM","Ἰωάννῃ","Ἰωάννῃ","Ἰωάννῃ","Ἰωάννης"
42,07,18,"RA","NPM","οἱ","οἱ","οἱ","ὁ"
42,07,18,"N","NPM","μαθηταὶ","μαθηταὶ","μαθηταί","μαθητής"
42,07,18,"RP","GSM","αὐτοῦ","αὐτοῦ","αὐτοῦ","αὐτός"
42,07,18,"P",NULL,"περὶ","περὶ","περί","περί"
42,07,18,"A","GPN","πάντων","πάντων","πάντων","πᾶς"
42,07,18,"RD","GPN","τούτων.","τούτων","τούτων","οὗτος"
42,07,18,"C",NULL,"καὶ","καὶ","καί","καί"
42,07,18,"V","AMPNSM","προσκαλεσάμενος","προσκαλεσάμενος","προσκαλεσάμενος","προσκαλέομαι"
42,07,18,"A","APM","δύο","δύο","δύο","δύο"
42,07,18,"RI","APM","τινὰς","τινὰς","τινάς","τις"
42,07,18,"RA","GPM","τῶν","τῶν","τῶν","ὁ"
42,07,18,"N","GPM","μαθητῶν","μαθητῶν","μαθητῶν","μαθητής"
42,07,18,"RP","GSM","αὐτοῦ","αὐτοῦ","αὐτοῦ","αὐτός"
42,07,18,"RA","NSM","ὁ","ὁ","ὁ","ὁ"
42,07,18,"N","NSM","Ἰωάννης","Ἰωάννης","Ἰωάννης","Ἰωάννης"
42,07,19,"V","3AAI-S","ἔπεμψεν","ἔπεμψεν","ἔπεμψε(ν)","πέμπω"
42,07,19,"P",NULL,"πρὸς","πρὸς","πρός","πρός"
42,07,19,"RA","ASM","τὸν","τὸν","τόν","ὁ"
42,07,19,"N","ASM","⸀κύριον","κύριον","κύριον","κύριος"
42,07,19,"V","PAPNSM","λέγων·","λέγων","λέγων","λέγω"
42,07,19,"RP","NS","Σὺ","Σὺ","σύ","σύ"
42,07,19,"V","2PAI-S","εἶ","εἶ","εἶ","εἰμί"
42,07,19,"RA","NSM","ὁ","ὁ","ὁ","ὁ"
42,07,19,"V","PMPNSM","ἐρχόμενος","ἐρχόμενος","ἐρχόμενος","ἔρχομαι"
42,07,19,"C",NULL,"ἢ","ἢ","ἤ","ἤ"
42,07,19,"A","ASM","⸀ἄλλον","ἄλλον","ἄλλον","ἄλλος"
42,07,19,"V","1PAI-P","προσδοκῶμεν;","προσδοκῶμεν","προσδοκῶμεν","προσδοκάω"
42,07,20,"V","AMPNPM","παραγενόμενοι","παραγενόμενοι","παραγενόμενοι","παραγίνομαι"
42,07,20,"C",NULL,"δὲ","δὲ","δέ","δέ"
42,07,20,"P",NULL,"πρὸς","πρὸς","πρός","πρός"
42,07,20,"RP","ASM","αὐτὸν","αὐτὸν","αὐτόν","αὐτός"
42,07,20,"RA","NPM","οἱ","οἱ","οἱ","ὁ"
42,07,20,"N","NPM","ἄνδρες","ἄνδρες","ἄνδρες","ἀνήρ"
42,07,20,"V","3AAI-P","εἶπαν·","εἶπαν","εἶπαν","λέγω"
42,07,20,"N","NSM","Ἰωάννης","Ἰωάννης","Ἰωάννης","Ἰωάννης"
42,07,20,"RA","NSM","ὁ","ὁ","ὁ","ὁ"
42,07,20,"N","NSM","βαπτιστὴς","βαπτιστὴς","βαπτιστής","βαπτιστής"
42,07,20,"V","3AAI-S","⸀ἀπέστειλεν","ἀπέστειλεν","ἀπέστειλε(ν)","ἀποστέλλω"
42,07,20,"RP","AP","ἡμᾶς","ἡμᾶς","ἡμᾶς","ἐγώ"
42,07,20,"P",NULL,"πρὸς","πρὸς","πρός","πρός"
42,07,20,"RP","AS","σὲ","σὲ","σέ","σύ"
42,07,20,"V","PAPNSM","λέγων·","λέγων","λέγων","λέγω"
42,07,20,"RP","NS","Σὺ","Σὺ","σύ","σύ"
42,07,20,"V","2PAI-S","εἶ","εἶ","εἶ","εἰμί"
42,07,20,"RA","NSM","ὁ","ὁ","ὁ","ὁ"
42,07,20,"V","PMPNSM","ἐρχόμενος","ἐρχόμενος","ἐρχόμενος","ἔρχομαι"
42,07,20,"C",NULL,"ἢ","ἢ","ἤ","ἤ"
42,07,20,"A","ASM","ἄλλον","ἄλλον","ἄλλον","ἄλλος"
42,07,20,"V","1PAI-P","προσδοκῶμεν;","προσδοκῶμεν","προσδοκῶμεν","προσδοκάω"
42,07,21,"P",NULL,"ἐν","ἐν","ἐν","ἐν"
42,07,21,"RD","DSF","⸀ἐκείνῃ","ἐκείνῃ","ἐκείνῃ","ἐκεῖνος"
42,07,21,"RA","DSF","τῇ","τῇ","τῇ","ὁ"
42,07,21,"N","DSF","ὥρᾳ","ὥρᾳ","ὥρᾳ","ὥρα"
42,07,21,"V","3AAI-S","ἐθεράπευσεν","ἐθεράπευσεν","ἐθεράπευσε(ν)","θεραπεύω"
42,07,21,"A","APM","πολλοὺς","πολλοὺς","πολλούς","πολύς"
42,07,21,"P",NULL,"ἀπὸ","ἀπὸ","ἀπό","ἀπό"
42,07,21,"N","GPF","νόσων","νόσων","νόσων","νόσος"
42,07,21,"C",NULL,"καὶ","καὶ","καί","καί"
42,07,21,"N","GPF","μαστίγων","μαστίγων","μαστίγων","μάστιξ"
42,07,21,"C",NULL,"καὶ","καὶ","καί","καί"
42,07,21,"N","GPN","πνευμάτων","πνευμάτων","πνευμάτων","πνεῦμα"
42,07,21,"A","GPN","πονηρῶν,","πονηρῶν","πονηρῶν","πονηρός"
42,07,21,"C",NULL,"καὶ","καὶ","καί","καί"
42,07,21,"A","DPM","τυφλοῖς","τυφλοῖς","τυφλοῖς","τυφλός"
42,07,21,"A","DPM","πολλοῖς","πολλοῖς","πολλοῖς","πολύς"
42,07,21,"V","3AMI-S","⸀ἐχαρίσατο","ἐχαρίσατο","ἐχαρίσατο","χαρίζομαι"
42,07,21,"V","PAN","βλέπειν.","βλέπειν","βλέπειν","βλέπω"
42,07,22,"C",NULL,"καὶ","καὶ","καί","καί"
42,07,22,"V","APPNSM","⸀ἀποκριθεὶς","ἀποκριθεὶς","ἀποκριθείς","ἀποκρίνομαι"
42,07,22,"V","3AAI-S","εἶπεν","εἶπεν","εἶπε(ν)","λέγω"
42,07,22,"RP","DPM","αὐτοῖς·","αὐτοῖς","αὐτοῖς","αὐτός"
42,07,22,"V","APPNPM","Πορευθέντες","Πορευθέντες","πορευθέντες","πορεύομαι"
42,07,22,"V","2AAD-P","ἀπαγγείλατε","ἀπαγγείλατε","ἀπαγγείλατε","ἀπαγγέλλω"
42,07,22,"N","DSM","Ἰωάννῃ","Ἰωάννῃ","Ἰωάννῃ","Ἰωάννης"
42,07,22,"RR","APN","ἃ","ἃ","ἅ","ὅς"
42,07,22,"V","2AAI-P","εἴδετε","εἴδετε","εἴδετε","ὁράω"
42,07,22,"C",NULL,"καὶ","καὶ","καί","καί"
42,07,22,"V","2AAI-P","ἠκούσατε·","ἠκούσατε","ἠκούσατε","ἀκούω"
42,07,22,"A","NPM","⸀τυφλοὶ","τυφλοὶ","τυφλοί","τυφλός"
42,07,22,"V","3PAI-P","ἀναβλέπουσιν,","ἀναβλέπουσιν","ἀναβλέπουσι(ν)","ἀναβλέπω"
42,07,22,"A","NPM","χωλοὶ","χωλοὶ","χωλοί","χωλός"
42,07,22,"V","3PAI-P","περιπατοῦσιν,","περιπατοῦσιν","περιπατοῦσι(ν)","περιπατέω"
42,07,22,"A","NPM","λεπροὶ","λεπροὶ","λεπροί","λεπρός"
42,07,22,"V","3PPI-P","καθαρίζονται,","καθαρίζονται","καθαρίζονται","καθαρίζω"
42,07,22,"A","NPM","⸀κωφοὶ","κωφοὶ","κωφοί","κωφός"
42,07,22,"V","3PAI-P","ἀκούουσιν,","ἀκούουσιν","ἀκούουσι(ν)","ἀκούω"
42,07,22,"A","NPM","νεκροὶ","νεκροὶ","νεκροί","νεκρός"
42,07,22,"V","3PPI-P","ἐγείρονται,","ἐγείρονται","ἐγείρονται","ἐγείρω"
42,07,22,"A","NPM","πτωχοὶ","πτωχοὶ","πτωχοί","πτωχός"
42,07,22,"V","3PPI-P","εὐαγγελίζονται·","εὐαγγελίζονται","εὐαγγελίζονται","εὐαγγελίζω"
42,07,23,"C",NULL,"καὶ","καὶ","καί","καί"
42,07,23,"A","NSM","μακάριός","μακάριός","μακάριος","μακάριος"
42,07,23,"V","3PAI-S","ἐστιν","ἐστιν","ἐστί(ν)","εἰμί"
42,07,23,"RR","NSM","ὃς","ὃς","ὅς","ὅς"
42,07,23,"X",NULL,"ἐὰν","ἐὰν","ἐάν","ἐάν"
42,07,23,"D",NULL,"μὴ","μὴ","μή","μή"
42,07,23,"V","3APS-S","σκανδαλισθῇ","σκανδαλισθῇ","σκανδαλισθῇ","σκανδαλίζω"
42,07,23,"P",NULL,"ἐν","ἐν","ἐν","ἐν"
42,07,23,"RP","DS","ἐμοί.","ἐμοί","ἐμοί","ἐγώ"
42,07,24,"V","AAPGPM","Ἀπελθόντων","Ἀπελθόντων","ἀπελθόντων","ἀπέρχομαι"
42,07,24,"C",NULL,"δὲ","δὲ","δέ","δέ"
42,07,24,"RA","GPM","τῶν","τῶν","τῶν","ὁ"
42,07,24,"N","GPM","ἀγγέλων","ἀγγέλων","ἀγγέλων","ἄγγελος"
42,07,24,"N","GSM","Ἰωάννου","Ἰωάννου","Ἰωάννου","Ἰωάννης"
42,07,24,"V","3AMI-S","ἤρξατο","ἤρξατο","ἤρξατο","ἄρχω"
42,07,24,"V","PAN","λέγειν","λέγειν","λέγειν","λέγω"
42,07,24,"P",NULL,"⸂πρὸς","πρὸς","πρός","πρός"
42,07,24,"RA","APM","τοὺς","τοὺς","τούς","ὁ"
42,07,24,"N","APM","ὄχλους⸃","ὄχλους","ὄχλους","ὄχλος"
42,07,24,"P",NULL,"περὶ","περὶ","περί","περί"
42,07,24,"N","GSM","Ἰωάννου·","Ἰωάννου","Ἰωάννου","Ἰωάννης"
42,07,24,"RI","ASN","Τί","Τί","τί","τίς"
42,07,24,"V","2AAI-P","⸀ἐξήλθατε","ἐξήλθατε","ἐξήλθατε","ἐξέρχομαι"
42,07,24,"P",NULL,"εἰς","εἰς","εἰς","εἰς"
42,07,24,"RA","ASF","τὴν","τὴν","τήν","ὁ"
42,07,24,"A","ASF","ἔρημον","ἔρημον","ἔρημον","ἔρημος"
42,07,24,"V","AMN","θεάσασθαι;","θεάσασθαι","θεάσασθαι","θεάομαι"
42,07,24,"N","ASM","κάλαμον","κάλαμον","κάλαμον","κάλαμος"
42,07,24,"P",NULL,"ὑπὸ","ὑπὸ","ὑπό","ὑπό"
42,07,24,"N","GSM","ἀνέμου","ἀνέμου","ἀνέμου","ἄνεμος"
42,07,24,"V","PPPASM","σαλευόμενον;","σαλευόμενον","σαλευόμενον","σαλεύω"
42,07,25,"C",NULL,"ἀλλὰ","ἀλλὰ","ἀλλά","ἀλλά"
42,07,25,"RI","ASN","τί","τί","τί","τίς"
42,07,25,"V","2AAI-P","⸀ἐξήλθατε","ἐξήλθατε","ἐξήλθατε","ἐξέρχομαι"
42,07,25,"V","AAN","ἰδεῖν;","ἰδεῖν","ἰδεῖν","ὁράω"
42,07,25,"N","ASM","ἄνθρωπον","ἄνθρωπον","ἄνθρωπον","ἄνθρωπος"
42,07,25,"P",NULL,"ἐν","ἐν","ἐν","ἐν"
42,07,25,"A","DPN","μαλακοῖς","μαλακοῖς","μαλακοῖς","μαλακός"
42,07,25,"N","DPN","ἱματίοις","ἱματίοις","ἱματίοις","ἱμάτιον"
42,07,25,"V","XPPASM","ἠμφιεσμένον;","ἠμφιεσμένον","ἠμφιεσμένον","ἀμφιέννυμι"
42,07,25,"X",NULL,"ἰδοὺ","ἰδοὺ","ἰδού","ἰδού"
42,07,25,"RA","NPM","οἱ","οἱ","οἱ","ὁ"
42,07,25,"P",NULL,"ἐν","ἐν","ἐν","ἐν"
42,07,25,"N","DSM","ἱματισμῷ","ἱματισμῷ","ἱματισμῷ","ἱματισμός"
42,07,25,"A","DSM","ἐνδόξῳ","ἐνδόξῳ","ἐνδόξῳ","ἔνδοξος"
42,07,25,"C",NULL,"καὶ","καὶ","καί","καί"
42,07,25,"N","DSF","τρυφῇ","τρυφῇ","τρυφῇ","τρυφή"
42,07,25,"V","PAPNPM","ὑπάρχοντες","ὑπάρχοντες","ὑπάρχοντες","ὑπάρχω"
42,07,25,"P",NULL,"ἐν","ἐν","ἐν","ἐν"
42,07,25,"RA","DPN","τοῖς","τοῖς","τοῖς","ὁ"
42,07,25,"A","DPN","βασιλείοις","βασιλείοις","βασιλείοις","βασίλειον"
42,07,25,"V","3PAI-P","εἰσίν.","εἰσίν","εἰσί(ν)","εἰμί"
42,07,26,"C",NULL,"ἀλλὰ","ἀλλὰ","ἀλλά","ἀλλά"
42,07,26,"RI","ASN","τί","τί","τί","τίς"
42,07,26,"V","2AAI-P","⸀ἐξήλθατε","ἐξήλθατε","ἐξήλθατε","ἐξέρχομαι"
42,07,26,"V","AAN","ἰδεῖν;","ἰδεῖν","ἰδεῖν","ὁράω"
42,07,26,"N","ASM","προφήτην;","προφήτην","προφήτην","προφήτης"
42,07,26,"X",NULL,"ναί,","ναί","ναί","ναί"
42,07,26,"V","1PAI-S","λέγω","λέγω","λέγω","λέγω"
42,07,26,"RP","DP","ὑμῖν,","ὑμῖν","ὑμῖν","σύ"
42,07,26,"C",NULL,"καὶ","καὶ","καί","καί"
42,07,26,"A","ASMC","περισσότερον","περισσότερον","περισσότερον","περισσότερος"
42,07,26,"N","GSM","προφήτου.","προφήτου","προφήτου","προφήτης"
42,07,27,"RD","NSM","οὗτός","οὗτός","οὗτος","οὗτος"
42,07,27,"V","3PAI-S","ἐστιν","ἐστιν","ἐστί(ν)","εἰμί"
42,07,27,"P",NULL,"περὶ","περὶ","περί","περί"
42,07,27,"RR","GSM","οὗ","οὗ","οὗ","ὅς"
42,07,27,"V","3XPI-S","γέγραπται·","γέγραπται","γέγραπται","γράφω"
42,07,27,"X",NULL,"⸀Ἰδοὺ","Ἰδοὺ","ἰδού","ἰδού"
42,07,27,"V","1PAI-S","ἀποστέλλω","ἀποστέλλω","ἀποστέλλω","ἀποστέλλω"
42,07,27,"RA","ASM","τὸν","τὸν","τόν","ὁ"
42,07,27,"N","ASM","ἄγγελόν","ἄγγελόν","ἄγγελον","ἄγγελος"
42,07,27,"RP","GS","μου","μου","μου","ἐγώ"
42,07,27,"P",NULL,"πρὸ","πρὸ","πρό","πρό"
42,07,27,"N","GSN","προσώπου","προσώπου","προσώπου","πρόσωπον"
42,07,27,"RP","GS","σου,","σου","σου","σύ"
42,07,27,"RR","NSM","ὃς","ὃς","ὅς","ὅς"
42,07,27,"V","3FAI-S","κατασκευάσει","κατασκευάσει","κατασκευάσει","κατασκευάζω"
42,07,27,"RA","ASF","τὴν","τὴν","τήν","ὁ"
42,07,27,"N","ASF","ὁδόν","ὁδόν","ὁδόν","ὁδός"
42,07,27,"RP","GS","σου","σου","σου","σύ"
42,07,27,"P",NULL,"ἔμπροσθέν","ἔμπροσθέν","ἔμπροσθεν","ἔμπροσθεν"
42,07,27,"RP","GS","σου.","σου","σου","σύ"
42,07,28,"V","1PAI-S","⸀λέγω","λέγω","λέγω","λέγω"
42,07,28,"RP","DP","ὑμῖν,","ὑμῖν","ὑμῖν","σύ"
42,07,28,"A","NSMC","μείζων","μείζων","μείζων","μέγας"
42,07,28,"P",NULL,"ἐν","ἐν","ἐν","ἐν"
42,07,28,"A","DPM","γεννητοῖς","γεννητοῖς","γεννητοῖς","γεννητός"
42,07,28,"N","GPF","γυναικῶν","γυναικῶν","γυναικῶν","γυνή"
42,07,28,"N","GSM","⸀Ἰωάννου","Ἰωάννου","Ἰωάννου","Ἰωάννης"
42,07,28,"A","NSM","οὐδείς","οὐδείς","οὐδείς","οὐδείς"
42,07,28,"V","3PAI-S","ἐστιν·","ἐστιν","ἐστί(ν)","εἰμί"
42,07,28,"RA","NSM","ὁ","ὁ","ὁ","ὁ"
42,07,28,"C",NULL,"δὲ","δὲ","δέ","δέ"
42,07,28,"A","NSMC","μικρότερος","μικρότερος","μικρότερος","μικρός"
42,07,28,"P",NULL,"ἐν","ἐν","ἐν","ἐν"
42,07,28,"RA","DSF","τῇ","τῇ","τῇ","ὁ"
42,07,28,"N","DSF","βασιλείᾳ","βασιλείᾳ","βασιλείᾳ","βασιλεία"
42,07,28,"RA","GSM","τοῦ","τοῦ","τοῦ","ὁ"
42,07,28,"N","GSM","θεοῦ","θεοῦ","θεοῦ","θεός"
42,07,28,"A","NSMC","μείζων","μείζων","μείζων","μέγας"
42,07,28,"RP","GSM","αὐτοῦ","αὐτοῦ","αὐτοῦ","αὐτός"
42,07,28,"V","3PAI-S","ἐστιν.","ἐστιν","ἐστί(ν)","εἰμί"
42,07,29,"C",NULL,"(καὶ","καὶ","καί","καί"
42,07,29,"A","NSM","πᾶς","πᾶς","πᾶς","πᾶς"
42,07,29,"RA","NSM","ὁ","ὁ","ὁ","ὁ"
42,07,29,"N","NSM","λαὸς","λαὸς","λαός","λαός"
42,07,29,"V","AAPNSM","ἀκούσας","ἀκούσας","ἀκούσας","ἀκούω"
42,07,29,"C",NULL,"καὶ","καὶ","καί","καί"
42,07,29,"RA","NPM","οἱ","οἱ","οἱ","ὁ"
42,07,29,"N","NPM","τελῶναι","τελῶναι","τελῶναι","τελώνης"
42,07,29,"V","3AAI-P","ἐδικαίωσαν","ἐδικαίωσαν","ἐδικαίωσαν","δικαιόω"
42,07,29,"RA","ASM","τὸν","τὸν","τόν","ὁ"
42,07,29,"N","ASM","θεόν,","θεόν","θεόν","θεός"
42,07,29,"V","APPNPM","βαπτισθέντες","βαπτισθέντες","βαπτισθέντες","βαπτίζω"
42,07,29,"RA","ASN","τὸ","τὸ","τό","ὁ"
42,07,29,"N","ASN","βάπτισμα","βάπτισμα","βάπτισμα","βάπτισμα"
42,07,29,"N","GSM","Ἰωάννου·","Ἰωάννου","Ἰωάννου","Ἰωάννης"
42,07,30,"RA","NPM","οἱ","οἱ","οἱ","ὁ"
42,07,30,"C",NULL,"δὲ","δὲ","δέ","δέ"
42,07,30,"N","NPM","Φαρισαῖοι","Φαρισαῖοι","Φαρισαῖοι","Φαρισαῖος"
42,07,30,"C",NULL,"καὶ","καὶ","καί","καί"
42,07,30,"RA","NPM","οἱ","οἱ","οἱ","ὁ"
42,07,30,"A","NPM","νομικοὶ","νομικοὶ","νομικοί","νομικός"
42,07,30,"RA","ASF","τὴν","τὴν","τήν","ὁ"
42,07,30,"N","ASF","βουλὴν","βουλὴν","βουλήν","βουλή"
42,07,30,"RA","GSM","τοῦ","τοῦ","τοῦ","ὁ"
42,07,30,"N","GSM","θεοῦ","θεοῦ","θεοῦ","θεός"
42,07,30,"V","3AAI-P","ἠθέτησαν","ἠθέτησαν","ἠθέτησαν","ἀθετέω"
42,07,30,"P",NULL,"εἰς","εἰς","εἰς","εἰς"
42,07,30,"RP","APM","ἑαυτούς,","ἑαυτούς","ἑαυτούς","ἑαυτοῦ"
42,07,30,"D",NULL,"μὴ","μὴ","μή","μή"
42,07,30,"V","APPNPM","βαπτισθέντες","βαπτισθέντες","βαπτισθέντες","βαπτίζω"
42,07,30,"P",NULL,"ὑπ’","ὑπ’","ὑπό","ὑπό"
42,07,30,"RP","GSM","αὐτοῦ.)","αὐτοῦ","αὐτοῦ","αὐτός"
42,07,31,"RI","DSN","Τίνι","Τίνι","τίνι","τίς"
42,07,31,"C",NULL,"οὖν","οὖν","οὖν","οὖν"
42,07,31,"V","1FAI-S","ὁμοιώσω","ὁμοιώσω","ὁμοιώσω","ὁμοιόω"
42,07,31,"RA","APM","τοὺς","τοὺς","τούς","ὁ"
42,07,31,"N","APM","ἀνθρώπους","ἀνθρώπους","ἀνθρώπους","ἄνθρωπος"
42,07,31,"RA","GSF","τῆς","τῆς","τῆς","ὁ"
42,07,31,"N","GSF","γενεᾶς","γενεᾶς","γενεᾶς","γενεά"
42,07,31,"RD","GSF","ταύτης,","ταύτης","ταύτης","οὗτος"
42,07,31,"C",NULL,"καὶ","καὶ","καί","καί"
42,07,31,"RI","DSN","τίνι","τίνι","τίνι","τίς"
42,07,31,"V","3PAI-P","εἰσὶν","εἰσὶν","εἰσί(ν)","εἰμί"
42,07,31,"A","NPM","ὅμοιοι;","ὅμοιοι","ὅμοιοι","ὅμοιος"
42,07,32,"A","NPM","ὅμοιοί","ὅμοιοί","ὅμοιοι","ὅμοιος"
42,07,32,"V","3PAI-P","εἰσιν","εἰσιν","εἰσί(ν)","εἰμί"
42,07,32,"N","DPN","παιδίοις","παιδίοις","παιδίοις","παιδίον"
42,07,32,"RA","DPN","τοῖς","τοῖς","τοῖς","ὁ"
42,07,32,"P",NULL,"ἐν","ἐν","ἐν","ἐν"
42,07,32,"N","DSF","ἀγορᾷ","ἀγορᾷ","ἀγορᾷ","ἀγορά"
42,07,32,"V","PMPDPN","καθημένοις","καθημένοις","καθημένοις","κάθημαι"
42,07,32,"C",NULL,"καὶ","καὶ","καί","καί"
42,07,32,"V","PAPDPN","προσφωνοῦσιν","προσφωνοῦσιν","προσφωνοῦσι(ν)","προσφωνέω"
42,07,32,"RP","DPM","ἀλλήλοις,","ἀλλήλοις","ἀλλήλοις","ἀλλήλων"
42,07,32,"RR","NPN","⸂ἃ","ἃ","ἅ","ὅς"
42,07,32,"V","3PAI-S","λέγει⸃·","λέγει","λέγει","λέγω"
42,07,32,"V","1AAI-P","Ηὐλήσαμεν","Ηὐλήσαμεν","ηὐλήσαμεν","αὐλέω"
42,07,32,"RP","DP","ὑμῖν","ὑμῖν","ὑμῖν","σύ"
42,07,32,"C",NULL,"καὶ","καὶ","καί","καί"
42,07,32,"D",NULL,"οὐκ","οὐκ","οὐ","οὐ"
42,07,32,"V","2AMI-P","ὠρχήσασθε·","ὠρχήσασθε","ὠρχήσασθε","ὀρχέομαι"
42,07,32,"V","1AAI-P","⸀ἐθρηνήσαμεν","ἐθρηνήσαμεν","ἐθρηνήσαμεν","θρηνέω"
42,07,32,"C",NULL,"καὶ","καὶ","καί","καί"
42,07,32,"D",NULL,"οὐκ","οὐκ","οὐ","οὐ"
42,07,32,"V","2AAI-P","ἐκλαύσατε·","ἐκλαύσατε","ἐκλαύσατε","κλαίω"
42,07,33,"V","3XAI-S","ἐλήλυθεν","ἐλήλυθεν","ἐλήλυθε(ν)","ἔρχομαι"
42,07,33,"C",NULL,"γὰρ","γὰρ","γάρ","γάρ"
42,07,33,"N","NSM","Ἰωάννης","Ἰωάννης","Ἰωάννης","Ἰωάννης"
42,07,33,"RA","NSM","ὁ","ὁ","ὁ","ὁ"
42,07,33,"N","NSM","βαπτιστὴς","βαπτιστὴς","βαπτιστής","βαπτιστής"
42,07,33,"D",NULL,"⸀μὴ","μὴ","μή","μή"
42,07,33,"V","PAPNSM","⸂ἐσθίων","ἐσθίων","ἐσθίων","ἐσθίω"
42,07,33,"N","ASM","ἄρτον","ἄρτον","ἄρτον","ἄρτος"
42,07,33,"C",NULL,"μήτε","μήτε","μήτε","μήτε"
42,07,33,"V","PAPNSM","πίνων","πίνων","πίνων","πίνω"
42,07,33,"N","ASM","οἶνον⸃,","οἶνον","οἶνον","οἶνος"
42,07,33,"C",NULL,"καὶ","καὶ","καί","καί"
42,07,33,"V","2PAI-P","λέγετε·","λέγετε","λέγετε","λέγω"
42,07,33,"N","ASN","Δαιμόνιον","Δαιμόνιον","δαιμόνιον","δαιμόνιον"
42,07,33,"V","3PAI-S","ἔχει·","ἔχει","ἔχει","ἔχω"
42,07,34,"V","3XAI-S","ἐλήλυθεν","ἐλήλυθεν","ἐλήλυθε(ν)","ἔρχομαι"
42,07,34,"RA","NSM","ὁ","ὁ","ὁ","ὁ"
42,07,34,"N","NSM","υἱὸς","υἱὸς","υἱός","υἱός"
42,07,34,"RA","GSM","τοῦ","τοῦ","τοῦ","ὁ"
42,07,34,"N","GSM","ἀνθρώπου","ἀνθρώπου","ἀνθρώπου","ἄνθρωπος"
42,07,34,"V","PAPNSM","ἐσθίων","ἐσθίων","ἐσθίων","ἐσθίω"
42,07,34,"C",NULL,"καὶ","καὶ","καί","καί"
42,07,34,"V","PAPNSM","πίνων,","πίνων","πίνων","πίνω"
42,07,34,"C",NULL,"καὶ","καὶ","καί","καί"
42,07,34,"V","2PAI-P","λέγετε·","λέγετε","λέγετε","λέγω"
42,07,34,"X",NULL,"Ἰδοὺ","Ἰδοὺ","ἰδού","ἰδού"
42,07,34,"N","NSM","ἄνθρωπος","ἄνθρωπος","ἄνθρωπος","ἄνθρωπος"
42,07,34,"N","NSM","φάγος","φάγος","φάγος","φάγος"
42,07,34,"C",NULL,"καὶ","καὶ","καί","καί"
42,07,34,"N","NSM","οἰνοπότης,","οἰνοπότης","οἰνοπότης","οἰνοπότης"
42,07,34,"A","NSM","φίλος","φίλος","φίλος","φίλος"
42,07,34,"N","GPM","τελωνῶν","τελωνῶν","τελωνῶν","τελώνης"
42,07,34,"C",NULL,"καὶ","καὶ","καί","καί"
42,07,34,"A","GPM","ἁμαρτωλῶν.","ἁμαρτωλῶν","ἁμαρτωλῶν","ἁμαρτωλός"
42,07,35,"C",NULL,"καὶ","καὶ","καί","καί"
42,07,35,"V","3API-S","ἐδικαιώθη","ἐδικαιώθη","ἐδικαιώθη","δικαιόω"
42,07,35,"RA","NSF","ἡ","ἡ","ἡ","ὁ"
42,07,35,"N","NSF","σοφία","σοφία","σοφία","σοφία"
42,07,35,"P",NULL,"ἀπὸ","ἀπὸ","ἀπό","ἀπό"
42,07,35,"A","GPN","⸂πάντων","πάντων","πάντων","πᾶς"
42,07,35,"RA","GPN","τῶν","τῶν","τῶν","ὁ"
42,07,35,"N","GPN","τέκνων","τέκνων","τέκνων","τέκνον"
42,07,35,"RP","GSF","αὐτῆς⸃.","αὐτῆς","αὐτῆς","αὐτός"
42,07,36,"V","3IAI-S","Ἠρώτα","Ἠρώτα","ἠρώτα","ἐρωτάω"
42,07,36,"C",NULL,"δέ","δέ","δέ","δέ"
42,07,36,"RI","NSM","τις","τις","τὶς","τις"
42,07,36,"RP","ASM","αὐτὸν","αὐτὸν","αὐτόν","αὐτός"
42,07,36,"RA","GPM","τῶν","τῶν","τῶν","ὁ"
42,07,36,"N","GPM","Φαρισαίων","Φαρισαίων","Φαρισαίων","Φαρισαῖος"
42,07,36,"C",NULL,"ἵνα","ἵνα","ἵνα","ἵνα"
42,07,36,"V","3AAS-S","φάγῃ","φάγῃ","φάγῃ","ἐσθίω"
42,07,36,"P",NULL,"μετ’","μετ’","μετά","μετά"
42,07,36,"RP","GSM","αὐτοῦ·","αὐτοῦ","αὐτοῦ","αὐτός"
42,07,36,"C",NULL,"καὶ","καὶ","καί","καί"
42,07,36,"V","AAPNSM","εἰσελθὼν","εἰσελθὼν","εἰσελθών","εἰσέρχομαι"
42,07,36,"P",NULL,"εἰς","εἰς","εἰς","εἰς"
42,07,36,"RA","ASM","⸂τὸν","τὸν","τόν","ὁ"
42,07,36,"N","ASM","οἶκον⸃","οἶκον","οἶκον","οἶκος"
42,07,36,"RA","GSM","τοῦ","τοῦ","τοῦ","ὁ"
42,07,36,"N","GSM","Φαρισαίου","Φαρισαίου","Φαρισαίου","Φαρισαῖος"
42,07,36,"V","3API-S","⸀κατεκλίθη.","κατεκλίθη","κατεκλίθη","κατακλίνω"
42,07,37,"C",NULL,"καὶ","καὶ","καί","καί"
42,07,37,"X",NULL,"ἰδοὺ","ἰδοὺ","ἰδού","ἰδού"
42,07,37,"N","NSF","γυνὴ","γυνὴ","γυνή","γυνή"
42,07,37,"RR","NSF","⸂ἥτις","ἥτις","ἥτις","ὅστις"
42,07,37,"V","3IAI-S","ἦν","ἦν","ἦν","εἰμί"
42,07,37,"P",NULL,"ἐν","ἐν","ἐν","ἐν"
42,07,37,"RA","DSF","τῇ","τῇ","τῇ","ὁ"
42,07,37,"N","DSF","πόλει⸃","πόλει","πόλει","πόλις"
42,07,37,"A","NSF","ἁμαρτωλός,","ἁμαρτωλός","ἁμαρτωλός","ἁμαρτωλός"
42,07,37,"C",NULL,"⸀καὶ","καὶ","καί","καί"
42,07,37,"V","AAPNSF","ἐπιγνοῦσα","ἐπιγνοῦσα","ἐπιγνοῦσα","ἐπιγινώσκω"
42,07,37,"C",NULL,"ὅτι","ὅτι","ὅτι","ὅτι"
42,07,37,"V","3PMI-S","⸀κατάκειται","κατάκειται","κατάκειται","κατάκειμαι"
42,07,37,"P",NULL,"ἐν","ἐν","ἐν","ἐν"
42,07,37,"RA","DSF","τῇ","τῇ","τῇ","ὁ"
42,07,37,"N","DSF","οἰκίᾳ","οἰκίᾳ","οἰκίᾳ","οἰκία"
42,07,37,"RA","GSM","τοῦ","τοῦ","τοῦ","ὁ"
42,07,37,"N","GSM","Φαρισαίου,","Φαρισαίου","Φαρισαίου","Φαρισαῖος"
42,07,37,"V","AAPNSF","κομίσασα","κομίσασα","κομίσασα","κομίζω"
42,07,37,"N","ASN","ἀλάβαστρον","ἀλάβαστρον","ἀλάβαστρον","ἀλάβαστρον"
42,07,37,"N","GSN","μύρου","μύρου","μύρου","μύρον"
42,07,38,"C",NULL,"καὶ","καὶ","καί","καί"
42,07,38,"V","AAPNSF","στᾶσα","στᾶσα","στᾶσα","ἵστημι"
42,07,38,"D",NULL,"⸂ὀπίσω","ὀπίσω","ὀπίσω","ὀπίσω"
42,07,38,"P",NULL,"παρὰ","παρὰ","παρά","παρά"
42,07,38,"RA","APM","τοὺς","τοὺς","τούς","ὁ"
42,07,38,"N","APM","πόδας","πόδας","πόδας","πούς"
42,07,38,"RP","GSM","αὐτοῦ⸃","αὐτοῦ","αὐτοῦ","αὐτός"
42,07,38,"V","PAPNSF","κλαίουσα,","κλαίουσα","κλαίουσα","κλαίω"
42,07,38,"RA","DPN","⸂τοῖς","τοῖς","τοῖς","ὁ"
42,07,38,"N","DPN","δάκρυσιν","δάκρυσιν","δάκρυσι(ν)","δάκρυον"
42,07,38,"V","3AMI-S","ἤρξατο","ἤρξατο","ἤρξατο","ἄρχω"
42,07,38,"V","PAN","βρέχειν","βρέχειν","βρέχειν","βρέχω"
42,07,38,"RA","APM","τοὺς","τοὺς","τούς","ὁ"
42,07,38,"N","APM","πόδας","πόδας","πόδας","πούς"
42,07,38,"RP","GSM","αὐτοῦ⸃","αὐτοῦ","αὐτοῦ","αὐτός"
42,07,38,"C",NULL,"καὶ","καὶ","καί","καί"
42,07,38,"RA","DPF","ταῖς","ταῖς","ταῖς","ὁ"
42,07,38,"N","DPF","θριξὶν","θριξὶν","θριξί(ν)","θρίξ"
42,07,38,"RA","GSF","τῆς","τῆς","τῆς","ὁ"
42,07,38,"N","GSF","κεφαλῆς","κεφαλῆς","κεφαλῆς","κεφαλή"
42,07,38,"RP","GSF","αὐτῆς","αὐτῆς","αὐτῆς","αὐτός"
42,07,38,"V","3IAI-S","ἐξέμασσεν,","ἐξέμασσεν","ἐξέμασσε(ν)","ἐκμάσσω"
42,07,38,"C",NULL,"καὶ","καὶ","καί","καί"
42,07,38,"V","3IAI-S","κατεφίλει","κατεφίλει","κατεφίλει","καταφιλέω"
42,07,38,"RA","APM","τοὺς","τοὺς","τούς","ὁ"
42,07,38,"N","APM","πόδας","πόδας","πόδας","πούς"
42,07,38,"RP","GSM","αὐτοῦ","αὐτοῦ","αὐτοῦ","αὐτός"
42,07,38,"C",NULL,"καὶ","καὶ","καί","καί"
42,07,38,"V","3IAI-S","ἤλειφεν","ἤλειφεν","ἤλειφε(ν)","ἀλείφω"
42,07,38,"RA","DSN","τῷ","τῷ","τῷ","ὁ"
42,07,38,"N","DSN","μύρῳ.","μύρῳ","μύρῳ","μύρον"
42,07,39,"V","AAPNSM","ἰδὼν","ἰδὼν","ἰδών","ὁράω"
42,07,39,"C",NULL,"δὲ","δὲ","δέ","δέ"
42,07,39,"RA","NSM","ὁ","ὁ","ὁ","ὁ"
42,07,39,"N","NSM","Φαρισαῖος","Φαρισαῖος","Φαρισαῖος","Φαρισαῖος"
42,07,39,"RA","NSM","ὁ","ὁ","ὁ","ὁ"
42,07,39,"V","AAPNSM","καλέσας","καλέσας","καλέσας","καλέω"
42,07,39,"RP","ASM","αὐτὸν","αὐτὸν","αὐτόν","αὐτός"
42,07,39,"V","3AAI-S","εἶπεν","εἶπεν","εἶπε(ν)","λέγω"
42,07,39,"P",NULL,"ἐν","ἐν","ἐν","ἐν"
42,07,39,"RP","DSM","ἑαυτῷ","ἑαυτῷ","ἑαυτῷ","ἑαυτοῦ"
42,07,39,"V","PAPNSM","λέγων·","λέγων","λέγων","λέγω"
42,07,39,"RD","NSM","Οὗτος","Οὗτος","οὗτος","οὗτος"
42,07,39,"C",NULL,"εἰ","εἰ","εἰ","εἰ"
42,07,39,"V","3IAI-S","⸀ἦν","ἦν","ἦν","εἰμί"
42,07,39,"N","NSM","προφήτης,","προφήτης","προφήτης","προφήτης"
42,07,39,"V","3IAI-S","ἐγίνωσκεν","ἐγίνωσκεν","ἐγίνωσκε(ν)","γινώσκω"
42,07,39,"X",NULL,"ἂν","ἂν","ἄν","ἄν"
42,07,39,"RI","NSF","τίς","τίς","τίς","τίς"
42,07,39,"C",NULL,"καὶ","καὶ","καί","καί"
42,07,39,"RI","NSF","ποταπὴ","ποταπὴ","ποταπή","ποταπός"
42,07,39,"RA","NSF","ἡ","ἡ","ἡ","ὁ"
42,07,39,"N","NSF","γυνὴ","γυνὴ","γυνή","γυνή"
42,07,39,"RR","NSF","ἥτις","ἥτις","ἥτις","ὅστις"
42,07,39,"V","3PMI-S","ἅπτεται","ἅπτεται","ἅπτεται","ἅπτω"
42,07,39,"RP","GSM","αὐτοῦ,","αὐτοῦ","αὐτοῦ","αὐτός"
42,07,39,"C",NULL,"ὅτι","ὅτι","ὅτι","ὅτι"
42,07,39,"A","NSF","ἁμαρτωλός","ἁμαρτωλός","ἁμαρτωλός","ἁμαρτωλός"
42,07,39,"V","3PAI-S","ἐστιν.","ἐστιν","ἐστί(ν)","εἰμί"
42,07,40,"C",NULL,"καὶ","καὶ","καί","καί"
42,07,40,"V","APPNSM","ἀποκριθεὶς","ἀποκριθεὶς","ἀποκριθείς","ἀποκρίνομαι"
42,07,40,"RA","NSM","ὁ","ὁ","ὁ","ὁ"
42,07,40,"N","NSM","Ἰησοῦς","Ἰησοῦς","Ἰησοῦς","Ἰησοῦς"
42,07,40,"V","3AAI-S","εἶπεν","εἶπεν","εἶπε(ν)","λέγω"
42,07,40,"P",NULL,"πρὸς","πρὸς","πρός","πρός"
42,07,40,"RP","ASM","αὐτόν·","αὐτόν","αὐτόν","αὐτός"
42,07,40,"N","VSM","Σίμων,","Σίμων","Σίμων","Σίμων"
42,07,40,"V","1PAI-S","ἔχω","ἔχω","ἔχω","ἔχω"
42,07,40,"RP","DS","σοί","σοί","σοί","σύ"
42,07,40,"RI","ASN","τι","τι","τὶ","τις"
42,07,40,"V","AAN","εἰπεῖν.","εἰπεῖν","εἰπεῖν","λέγω"
42,07,40,"RA","NSM","ὁ","ὁ","ὁ","ὁ"
42,07,40,"C",NULL,"δέ·","δέ","δέ","δέ"
42,07,40,"N","VSM","⸂Διδάσκαλε,","Διδάσκαλε","διδάσκαλε","διδάσκαλος"
42,07,40,"V","2AAD-S","εἰπέ,","εἰπέ","εἰπέ","λέγω"
42,07,40,"V","3PAI-S","φησίν⸃.","φησίν","φησί(ν)","φημί"
42,07,41,"A","NPM","δύο","δύο","δύο","δύο"
42,07,41,"N","NPM","χρεοφειλέται","χρεοφειλέται","χρεοφειλέται","χρεοφειλέτης"
42,07,41,"V","3IAI-P","ἦσαν","ἦσαν","ἦσαν","εἰμί"
42,07,41,"N","DSM","δανιστῇ","δανιστῇ","δανιστῇ","δανιστής"
42,07,41,"RI","DSM","τινι·","τινι","τινί","τις"
42,07,41,"RA","NSM","ὁ","ὁ","ὁ","ὁ"
42,07,41,"A","NSM","εἷς","εἷς","εἷς","εἷς"
42,07,41,"V","3IAI-S","ὤφειλεν","ὤφειλεν","ὤφειλε(ν)","ὀφείλω"
42,07,41,"N","APN","δηνάρια","δηνάρια","δηνάρια","δηνάριον"
42,07,41,"A","APN","πεντακόσια,","πεντακόσια","πεντακόσια","πεντακόσιοι"
42,07,41,"RA","NSM","ὁ","ὁ","ὁ","ὁ"
42,07,41,"C",NULL,"δὲ","δὲ","δέ","δέ"
42,07,41,"A","NSM","ἕτερος","ἕτερος","ἕτερος","ἕτερος"
42,07,41,"A","APN","πεντήκοντα.","πεντήκοντα","πεντήκοντα","πεντήκοντα"
42,07,42,"D",NULL,"μὴ","μὴ","μή","μή"
42,07,42,"V","PAPGPM","⸀ἐχόντων","ἐχόντων","ἐχόντων","ἔχω"
42,07,42,"RP","GPM","αὐτῶν","αὐτῶν","αὐτῶν","αὐτός"
42,07,42,"V","AAN","ἀποδοῦναι","ἀποδοῦναι","ἀποδοῦναι","ἀποδίδωμι"
42,07,42,"A","DPM","ἀμφοτέροις","ἀμφοτέροις","ἀμφοτέροις","ἀμφότεροι"
42,07,42,"V","3AMI-S","ἐχαρίσατο.","ἐχαρίσατο","ἐχαρίσατο","χαρίζομαι"
42,07,42,"RI","NSM","τίς","τίς","τίς","τίς"
42,07,42,"C",NULL,"οὖν","οὖν","οὖν","οὖν"
42,07,42,"RP","GPM","⸀αὐτῶν","αὐτῶν","αὐτῶν","αὐτός"
42,07,42,"A","ASNC","πλεῖον","πλεῖον","πλεῖον","πολύς"
42,07,42,"V","3FAI-S","⸂ἀγαπήσει","ἀγαπήσει","ἀγαπήσει","ἀγαπάω"
42,07,42,"RP","ASM","αὐτόν⸃;","αὐτόν","αὐτόν","αὐτός"
42,07,43,"V","APPNSM","⸀ἀποκριθεὶς","ἀποκριθεὶς","ἀποκριθείς","ἀποκρίνομαι"
42,07,43,"N","NSM","Σίμων","Σίμων","Σίμων","Σίμων"
42,07,43,"V","3AAI-S","εἶπεν·","εἶπεν","εἶπε(ν)","λέγω"
42,07,43,"V","1PAI-S","Ὑπολαμβάνω","Ὑπολαμβάνω","ὑπολαμβάνω","ὑπολαμβάνω"
42,07,43,"C",NULL,"ὅτι","ὅτι","ὅτι","ὅτι"
42,07,43,"RR","DSM","ᾧ","ᾧ","ᾧ","ὅς"
42,07,43,"RA","ASN","τὸ","τὸ","τό","ὁ"
42,07,43,"A","ASNC","πλεῖον","πλεῖον","πλεῖον","πολύς"
42,07,43,"V","3AMI-S","ἐχαρίσατο.","ἐχαρίσατο","ἐχαρίσατο","χαρίζομαι"
42,07,43,"RA","NSM","ὁ","ὁ","ὁ","ὁ"
42,07,43,"C",NULL,"δὲ","δὲ","δέ","δέ"
42,07,43,"V","3AAI-S","εἶπεν","εἶπεν","εἶπε(ν)","λέγω"
42,07,43,"RP","DSM","αὐτῷ·","αὐτῷ","αὐτῷ","αὐτός"
42,07,43,"D",NULL,"Ὀρθῶς","Ὀρθῶς","ὀρθῶς","ὀρθῶς"
42,07,43,"V","2AAI-S","ἔκρινας.","ἔκρινας","ἔκρινας","κρίνω"
42,07,44,"C",NULL,"καὶ","καὶ","καί","καί"
42,07,44,"V","APPNSM","στραφεὶς","στραφεὶς","στραφείς","στρέφω"
42,07,44,"P",NULL,"πρὸς","πρὸς","πρός","πρός"
42,07,44,"RA","ASF","τὴν","τὴν","τήν","ὁ"
42,07,44,"N","ASF","γυναῖκα","γυναῖκα","γυναῖκα","γυνή"
42,07,44,"RA","DSM","τῷ","τῷ","τῷ","ὁ"
42,07,44,"N","DSM","Σίμωνι","Σίμωνι","Σίμωνι","Σίμων"
42,07,44,"V","3IAI-S","ἔφη·","ἔφη","ἔφη","φημί"
42,07,44,"V","2PAI-S","Βλέπεις","Βλέπεις","βλέπεις","βλέπω"
42,07,44,"RD","ASF","ταύτην","ταύτην","ταύτην","οὗτος"
42,07,44,"RA","ASF","τὴν","τὴν","τήν","ὁ"
42,07,44,"N","ASF","γυναῖκα;","γυναῖκα","γυναῖκα","γυνή"
42,07,44,"V","1AAI-S","εἰσῆλθόν","εἰσῆλθόν","εἰσῆλθον","εἰσέρχομαι"
42,07,44,"RP","GS","σου","σου","σου","σύ"
42,07,44,"P",NULL,"εἰς","εἰς","εἰς","εἰς"
42,07,44,"RA","ASF","τὴν","τὴν","τήν","ὁ"
42,07,44,"N","ASF","οἰκίαν,","οἰκίαν","οἰκίαν","οἰκία"
42,07,44,"N","ASN","ὕδωρ","ὕδωρ","ὕδωρ","ὕδωρ"
42,07,44,"RP","DS","⸀μοι","μοι","μοι","ἐγώ"
42,07,44,"P",NULL,"ἐπὶ","ἐπὶ","ἐπί","ἐπί"
42,07,44,"N","APM","⸀πόδας","πόδας","πόδας","πούς"
42,07,44,"D",NULL,"οὐκ","οὐκ","οὐ","οὐ"
42,07,44,"V","2AAI-S","ἔδωκας·","ἔδωκας","ἔδωκας","δίδωμι"
42,07,44,"RD","NSF","αὕτη","αὕτη","αὕτη","οὗτος"
42,07,44,"C",NULL,"δὲ","δὲ","δέ","δέ"
42,07,44,"RA","DPN","τοῖς","τοῖς","τοῖς","ὁ"
42,07,44,"N","DPN","δάκρυσιν","δάκρυσιν","δάκρυσι(ν)","δάκρυον"
42,07,44,"V","3AAI-S","ἔβρεξέν","ἔβρεξέν","ἔβρεξε(ν)","βρέχω"
42,07,44,"RP","GS","μου","μου","μου","ἐγώ"
42,07,44,"RA","APM","τοὺς","τοὺς","τούς","ὁ"
42,07,44,"N","APM","πόδας","πόδας","πόδας","πούς"
42,07,44,"C",NULL,"καὶ","καὶ","καί","καί"
42,07,44,"RA","DPF","ταῖς","ταῖς","ταῖς","ὁ"
42,07,44,"N","DPF","⸀θριξὶν","θριξὶν","θριξί(ν)","θρίξ"
42,07,44,"RP","GSF","αὐτῆς","αὐτῆς","αὐτῆς","αὐτός"
42,07,44,"V","3AAI-S","ἐξέμαξεν.","ἐξέμαξεν","ἐξέμαξε(ν)","ἐκμάσσω"
42,07,45,"N","ASN","φίλημά","φίλημά","φίλημα","φίλημα"
42,07,45,"RP","DS","μοι","μοι","μοι","ἐγώ"
42,07,45,"D",NULL,"οὐκ","οὐκ","οὐ","οὐ"
42,07,45,"V","2AAI-S","ἔδωκας·","ἔδωκας","ἔδωκας","δίδωμι"
42,07,45,"RD","NSF","αὕτη","αὕτη","αὕτη","οὗτος"
42,07,45,"C",NULL,"δὲ","δὲ","δέ","δέ"
42,07,45,"P",NULL,"ἀφ’","ἀφ’","ἀπό","ἀπό"
42,07,45,"RR","GSF","ἧς","ἧς","ἧς","ὅς"
42,07,45,"V","1AAI-S","εἰσῆλθον","εἰσῆλθον","εἰσῆλθον","εἰσέρχομαι"
42,07,45,"D",NULL,"οὐ","οὐ","οὐ","οὐ"
42,07,45,"V","3AAI-S","διέλιπεν","διέλιπεν","διέλιπε(ν)","διαλείπω"
42,07,45,"V","PAPNSF","καταφιλοῦσά","καταφιλοῦσά","καταφιλοῦσα","καταφιλέω"
42,07,45,"RP","GS","μου","μου","μου","ἐγώ"
42,07,45,"RA","APM","τοὺς","τοὺς","τούς","ὁ"
42,07,45,"N","APM","πόδας.","πόδας","πόδας","πούς"
42,07,46,"N","DSN","ἐλαίῳ","ἐλαίῳ","ἐλαίῳ","ἔλαιον"
42,07,46,"RA","ASF","τὴν","τὴν","τήν","ὁ"
42,07,46,"N","ASF","κεφαλήν","κεφαλήν","κεφαλήν","κεφαλή"
42,07,46,"RP","GS","μου","μου","μου","ἐγώ"
42,07,46,"D",NULL,"οὐκ","οὐκ","οὐ","οὐ"
42,07,46,"V","2AAI-S","ἤλειψας·","ἤλειψας","ἤλειψας","ἀλείφω"
42,07,46,"RD","NSF","αὕτη","αὕτη","αὕτη","οὗτος"
42,07,46,"C",NULL,"δὲ","δὲ","δέ","δέ"
42,07,46,"N","DSN","μύρῳ","μύρῳ","μύρῳ","μύρον"
42,07,46,"V","3AAI-S","ἤλειψεν","ἤλειψεν","ἤλειψε(ν)","ἀλείφω"
42,07,46,"RA","APM","⸂τοὺς","τοὺς","τούς","ὁ"
42,07,46,"N","APM","πόδας","πόδας","πόδας","πούς"
42,07,46,"RP","GS","μου⸃.","μου","μου","ἐγώ"
42,07,47,"RR","GSN","οὗ","οὗ","οὗ","ὅς"
42,07,47,"P",NULL,"χάριν,","χάριν","χάριν","χάριν"
42,07,47,"V","1PAI-S","λέγω","λέγω","λέγω","λέγω"
42,07,47,"RP","DS","σοι,","σοι","σοι","σύ"
42,07,47,"V","3XPI-P","ἀφέωνται","ἀφέωνται","ἀφέωνται","ἀφίημι"
42,07,47,"RA","NPF","αἱ","αἱ","αἱ","ὁ"
42,07,47,"N","NPF","ἁμαρτίαι","ἁμαρτίαι","ἁμαρτίαι","ἁμαρτία"
42,07,47,"RP","GSF","αὐτῆς","αὐτῆς","αὐτῆς","αὐτός"
42,07,47,"RA","NPF","αἱ","αἱ","αἱ","ὁ"
42,07,47,"A","NPF","πολλαί,","πολλαί","πολλαί","πολύς"
42,07,47,"C",NULL,"ὅτι","ὅτι","ὅτι","ὅτι"
42,07,47,"V","3AAI-S","ἠγάπησεν","ἠγάπησεν","ἠγάπησε(ν)","ἀγαπάω"
42,07,47,"A","ASN","πολύ·","πολύ","πολύ","πολύς"
42,07,47,"RR","DSM","ᾧ","ᾧ","ᾧ","ὅς"
42,07,47,"C",NULL,"δὲ","δὲ","δέ","δέ"
42,07,47,"A","NSN","ὀλίγον","ὀλίγον","ὀλίγον","ὀλίγος"
42,07,47,"V","3PPI-S","ἀφίεται,","ἀφίεται","ἀφίεται","ἀφίημι"
42,07,47,"A","ASN","ὀλίγον","ὀλίγον","ὀλίγον","ὀλίγος"
42,07,47,"V","3PAI-S","ἀγαπᾷ.","ἀγαπᾷ","ἀγαπᾷ","ἀγαπάω"
42,07,48,"V","3AAI-S","εἶπεν","εἶπεν","εἶπε(ν)","λέγω"
42,07,48,"C",NULL,"δὲ","δὲ","δέ","δέ"
42,07,48,"RP","DSF","αὐτῇ·","αὐτῇ","αὐτῇ","αὐτός"
42,07,48,"V","3XPI-P","Ἀφέωνταί","Ἀφέωνταί","ἀφέωνται","ἀφίημι"
42,07,48,"RP","GS","σου","σου","σου","σύ"
42,07,48,"RA","NPF","αἱ","αἱ","αἱ","ὁ"
42,07,48,"N","NPF","ἁμαρτίαι.","ἁμαρτίαι","ἁμαρτίαι","ἁμαρτία"
42,07,49,"C",NULL,"καὶ","καὶ","καί","καί"
42,07,49,"V","3AMI-P","ἤρξαντο","ἤρξαντο","ἤρξαντο","ἄρχω"
42,07,49,"RA","NPM","οἱ","οἱ","οἱ","ὁ"
42,07,49,"V","PMPNPM","συνανακείμενοι","συνανακείμενοι","συνανακείμενοι","συνανάκειμαι"
42,07,49,"V","PAN","λέγειν","λέγειν","λέγειν","λέγω"
42,07,49,"P",NULL,"ἐν","ἐν","ἐν","ἐν"
42,07,49,"RP","DPM","ἑαυτοῖς·","ἑαυτοῖς","ἑαυτοῖς","ἑαυτοῦ"
42,07,49,"RI","NSM","Τίς","Τίς","τίς","τίς"
42,07,49,"RD","NSM","οὗτός","οὗτός","οὗτος","οὗτος"
42,07,49,"V","3PAI-S","ἐστιν","ἐστιν","ἐστί(ν)","εἰμί"
42,07,49,"RR","NSM","ὃς","ὃς","ὅς","ὅς"
42,07,49,"D",NULL,"καὶ","καὶ","καί","καί"
42,07,49,"N","APF","ἁμαρτίας","ἁμαρτίας","ἁμαρτίας","ἁμαρτία"
42,07,49,"V","3PAI-S","ἀφίησιν;","ἀφίησιν","ἀφίησι(ν)","ἀφίημι"
42,07,50,"V","3AAI-S","εἶπεν","εἶπεν","εἶπε(ν)","λέγω"
42,07,50,"C",NULL,"δὲ","δὲ","δέ","δέ"
42,07,50,"P",NULL,"πρὸς","πρὸς","πρός","πρός"
42,07,50,"RA","ASF","τὴν","τὴν","τήν","ὁ"
42,07,50,"N","ASF","γυναῖκα·","γυναῖκα","γυναῖκα","γυνή"
42,07,50,"RA","NSF","Ἡ","Ἡ","ἡ","ὁ"
42,07,50,"N","NSF","πίστις","πίστις","πίστις","πίστις"
42,07,50,"RP","GS","σου","σου","σου","σύ"
42,07,50,"V","3XAI-S","σέσωκέν","σέσωκέν","σέσωκε(ν)","σῴζω"
42,07,50,"RP","AS","σε·","σε","σε","σύ"
42,07,50,"V","2PMD-S","πορεύου","πορεύου","πορεύου","πορεύομαι"
42,07,50,"P",NULL,"εἰς","εἰς","εἰς","εἰς"
42,07,50,"N","ASF","εἰρήνην.","εἰρήνην","εἰρήνην","εἰρήνη"
42,08,01,"C",NULL,"Καὶ","Καὶ","καί","καί"
42,08,01,"V","3AMI-S","ἐγένετο","ἐγένετο","ἐγένετο","γίνομαι"
42,08,01,"P",NULL,"ἐν","ἐν","ἐν","ἐν"
42,08,01,"RA","DSM","τῷ","τῷ","τῷ","ὁ"
42,08,01,"D",NULL,"καθεξῆς","καθεξῆς","καθεξῆς","καθεξῆς"
42,08,01,"C",NULL,"καὶ","καὶ","καί","καί"
42,08,01,"RP","NSM","αὐτὸς","αὐτὸς","αὐτός","αὐτός"
42,08,01,"V","3IAI-S","διώδευεν","διώδευεν","διώδευε(ν)","διοδεύω"
42,08,01,"P",NULL,"κατὰ","κατὰ","κατά","κατά"
42,08,01,"N","ASF","πόλιν","πόλιν","πόλιν","πόλις"
42,08,01,"C",NULL,"καὶ","καὶ","καί","καί"
42,08,01,"N","ASF","κώμην","κώμην","κώμην","κώμη"
42,08,01,"V","PAPNSM","κηρύσσων","κηρύσσων","κηρύσσων","κηρύσσω"
42,08,01,"C",NULL,"καὶ","καὶ","καί","καί"
42,08,01,"V","PMPNSM","εὐαγγελιζόμενος","εὐαγγελιζόμενος","εὐαγγελιζόμενος","εὐαγγελίζω"
42,08,01,"RA","ASF","τὴν","τὴν","τήν","ὁ"
42,08,01,"N","ASF","βασιλείαν","βασιλείαν","βασιλείαν","βασιλεία"
42,08,01,"RA","GSM","τοῦ","τοῦ","τοῦ","ὁ"
42,08,01,"N","GSM","θεοῦ,","θεοῦ","θεοῦ","θεός"
42,08,01,"C",NULL,"καὶ","καὶ","καί","καί"
42,08,01,"RA","NPM","οἱ","οἱ","οἱ","ὁ"
42,08,01,"A","NPM","δώδεκα","δώδεκα","δώδεκα","δώδεκα"
42,08,01,"P",NULL,"σὺν","σὺν","σύν","σύν"
42,08,01,"RP","DSM","αὐτῷ,","αὐτῷ","αὐτῷ","αὐτός"
42,08,02,"C",NULL,"καὶ","καὶ","καί","καί"
42,08,02,"N","NPF","γυναῖκές","γυναῖκές","γυναῖκες","γυνή"
42,08,02,"RI","NPF","τινες","τινες","τινές","τις"
42,08,02,"RR","NPF","αἳ","αἳ","αἵ","ὅς"
42,08,02,"V","3IAI-P","ἦσαν","ἦσαν","ἦσαν","εἰμί"
42,08,02,"V","XPPNPF","τεθεραπευμέναι","τεθεραπευμέναι","τεθεραπευμέναι","θεραπεύω"
42,08,02,"P",NULL,"ἀπὸ","ἀπὸ","ἀπό","ἀπό"
42,08,02,"N","GPN","πνευμάτων","πνευμάτων","πνευμάτων","πνεῦμα"
42,08,02,"A","GPN","πονηρῶν","πονηρῶν","πονηρῶν","πονηρός"
42,08,02,"C",NULL,"καὶ","καὶ","καί","καί"
42,08,02,"N","GPF","ἀσθενειῶν,","ἀσθενειῶν","ἀσθενειῶν","ἀσθένεια"
42,08,02,"N","NSF","Μαρία","Μαρία","Μαρία","Μαρία"
42,08,02,"RA","NSF","ἡ","ἡ","ἡ","ὁ"
42,08,02,"V","PPPNSF","καλουμένη","καλουμένη","καλουμένη","καλέω"
42,08,02,"N","NSF","Μαγδαληνή,","Μαγδαληνή","Μαγδαληνή","Μαγδαληνή"
42,08,02,"P",NULL,"ἀφ’","ἀφ’","ἀπό","ἀπό"
42,08,02,"RR","GSF","ἧς","ἧς","ἧς","ὅς"
42,08,02,"N","NPN","δαιμόνια","δαιμόνια","δαιμόνια","δαιμόνιον"
42,08,02,"A","NPN","ἑπτὰ","ἑπτὰ","ἑπτά","ἑπτά"
42,08,02,"V","3YAI-S","ἐξεληλύθει,","ἐξεληλύθει","ἐξεληλύθει","ἐξέρχομαι"
42,08,03,"C",NULL,"καὶ","καὶ","καί","καί"
42,08,03,"N","NSF","Ἰωάννα","Ἰωάννα","Ἰωάννα","Ἰωάννα"
42,08,03,"N","NSF","γυνὴ","γυνὴ","γυνή","γυνή"
42,08,03,"N","GSM","Χουζᾶ","Χουζᾶ","Χουζᾶ","Χουζᾶς"
42,08,03,"N","GSM","ἐπιτρόπου","ἐπιτρόπου","ἐπιτρόπου","ἐπίτροπος"
42,08,03,"N","GSM","Ἡρῴδου","Ἡρῴδου","Ἡρῴδου","Ἡρῴδης"
42,08,03,"C",NULL,"καὶ","καὶ","καί","καί"
42,08,03,"N","NSF","Σουσάννα","Σουσάννα","Σουσάννα","Σουσάννα"
42,08,03,"C",NULL,"καὶ","καὶ","καί","καί"
42,08,03,"A","NPF","ἕτεραι","ἕτεραι","ἕτεραι","ἕτερος"
42,08,03,"A","NPF","πολλαί,","πολλαί","πολλαί","πολύς"
42,08,03,"RR","NPF","αἵτινες","αἵτινες","αἵτινες","ὅστις"
42,08,03,"V","3IAI-P","διηκόνουν","διηκόνουν","διηκόνουν","διακονέω"
42,08,03,"RP","DPM","αὐτοῖς","αὐτοῖς","αὐτοῖς","αὐτός"
42,08,03,"P",NULL,"⸀ἐκ","ἐκ","ἐκ","ἐκ"
42,08,03,"RA","GPN","τῶν","τῶν","τῶν","ὁ"
42,08,03,"V","PAPGPN","ὑπαρχόντων","ὑπαρχόντων","ὑπαρχόντων","ὑπάρχω"
42,08,03,"RP","DPF","αὐταῖς.","αὐταῖς","αὐταῖς","αὐτός"
42,08,04,"V","PAPGSM","Συνιόντος","Συνιόντος","συνιόντος","σύνειμι"
42,08,04,"C",NULL,"δὲ","δὲ","δέ","δέ"
42,08,04,"N","GSM","ὄχλου","ὄχλου","ὄχλου","ὄχλος"
42,08,04,"A","GSM","πολλοῦ","πολλοῦ","πολλοῦ","πολύς"
42,08,04,"C",NULL,"καὶ","καὶ","καί","καί"
42,08,04,"RA","GPM","τῶν","τῶν","τῶν","ὁ"
42,08,04,"P",NULL,"κατὰ","κατὰ","κατά","κατά"
42,08,04,"N","ASF","πόλιν","πόλιν","πόλιν","πόλις"
42,08,04,"V","PMPGPM","ἐπιπορευομένων","ἐπιπορευομένων","ἐπιπορευομένων","ἐπιπορεύομαι"
42,08,04,"P",NULL,"πρὸς","πρὸς","πρός","πρός"
42,08,04,"RP","ASM","αὐτὸν","αὐτὸν","αὐτόν","αὐτός"
42,08,04,"V","3AAI-S","εἶπεν","εἶπεν","εἶπε(ν)","λέγω"
42,08,04,"P",NULL,"διὰ","διὰ","διά","διά"
42,08,04,"N","GSF","παραβολῆς·","παραβολῆς","παραβολῆς","παραβολή"
42,08,05,"V","3AAI-S","Ἐξῆλθεν","Ἐξῆλθεν","ἐξῆλθε(ν)","ἐξέρχομαι"
42,08,05,"RA","NSM","ὁ","ὁ","ὁ","ὁ"
42,08,05,"V","PAPNSM","σπείρων","σπείρων","σπείρων","σπείρω"
42,08,05,"RA","GSN","τοῦ","τοῦ","τοῦ","ὁ"
42,08,05,"V","AAN","σπεῖραι","σπεῖραι","σπεῖραι","σπείρω"
42,08,05,"RA","ASM","τὸν","τὸν","τόν","ὁ"
42,08,05,"N","ASM","σπόρον","σπόρον","σπόρον","σπόρος"
42,08,05,"RP","GSM","αὐτοῦ.","αὐτοῦ","αὐτοῦ","αὐτός"
42,08,05,"C",NULL,"καὶ","καὶ","καί","καί"
42,08,05,"P",NULL,"ἐν","ἐν","ἐν","ἐν"
42,08,05,"RA","DSN","τῷ","τῷ","τῷ","ὁ"
42,08,05,"V","PAN","σπείρειν","σπείρειν","σπείρειν","σπείρω"
42,08,05,"RP","ASM","αὐτὸν","αὐτὸν","αὐτόν","αὐτός"
42,08,05,"RR","NSN","ὃ","ὃ","ὅ","ὅς"
42,08,05,"C",NULL,"μὲν","μὲν","μέν","μέν"
42,08,05,"V","3AAI-S","ἔπεσεν","ἔπεσεν","ἔπεσε(ν)","πίπτω"
42,08,05,"P",NULL,"παρὰ","παρὰ","παρά","παρά"
42,08,05,"RA","ASF","τὴν","τὴν","τήν","ὁ"
42,08,05,"N","ASF","ὁδόν,","ὁδόν","ὁδόν","ὁδός"
42,08,05,"C",NULL,"καὶ","καὶ","καί","καί"
42,08,05,"V","3API-S","κατεπατήθη","κατεπατήθη","κατεπατήθη","καταπατέω"
42,08,05,"C",NULL,"καὶ","καὶ","καί","καί"
42,08,05,"RA","NPN","τὰ","τὰ","τά","ὁ"
42,08,05,"A","NPN","πετεινὰ","πετεινὰ","πετεινά","πετεινόν"
42,08,05,"RA","GSM","τοῦ","τοῦ","τοῦ","ὁ"
42,08,05,"N","GSM","οὐρανοῦ","οὐρανοῦ","οὐρανοῦ","οὐρανός"
42,08,05,"V","3AAI-S","κατέφαγεν","κατέφαγεν","κατέφαγε(ν)","κατεσθίω"
42,08,05,"RP","ASN","αὐτό.","αὐτό","αὐτό","αὐτός"
42,08,06,"C",NULL,"καὶ","καὶ","καί","καί"
42,08,06,"A","NSN","ἕτερον","ἕτερον","ἕτερον","ἕτερος"
42,08,06,"V","3AAI-S","⸀κατέπεσεν","κατέπεσεν","κατέπεσε(ν)","καταπίπτω"
42,08,06,"P",NULL,"ἐπὶ","ἐπὶ","ἐπί","ἐπί"
42,08,06,"RA","ASF","τὴν","τὴν","τήν","ὁ"
42,08,06,"N","ASF","πέτραν,","πέτραν","πέτραν","πέτρα"
42,08,06,"C",NULL,"καὶ","καὶ","καί","καί"
42,08,06,"V","APPNSN","φυὲν","φυὲν","φυέν","φύω"
42,08,06,"V","3API-S","ἐξηράνθη","ἐξηράνθη","ἐξηράνθη","ξηραίνω"
42,08,06,"P",NULL,"διὰ","διὰ","διά","διά"
42,08,06,"RA","ASN","τὸ","τὸ","τό","ὁ"
42,08,06,"D",NULL,"μὴ","μὴ","μή","μή"
42,08,06,"V","PAN","ἔχειν","ἔχειν","ἔχειν","ἔχω"
42,08,06,"N","ASF","ἰκμάδα.","ἰκμάδα","ἰκμάδα","ἰκμάς"
42,08,07,"C",NULL,"καὶ","καὶ","καί","καί"
42,08,07,"A","NSN","ἕτερον","ἕτερον","ἕτερον","ἕτερος"
42,08,07,"V","3AAI-S","ἔπεσεν","ἔπεσεν","ἔπεσε(ν)","πίπτω"
42,08,07,"P",NULL,"ἐν","ἐν","ἐν","ἐν"
42,08,07,"A","DSN","μέσῳ","μέσῳ","μέσῳ","μέσος"
42,08,07,"RA","GPF","τῶν","τῶν","τῶν","ὁ"
42,08,07,"N","GPF","ἀκανθῶν,","ἀκανθῶν","ἀκανθῶν","ἄκανθα"
42,08,07,"C",NULL,"καὶ","καὶ","καί","καί"
42,08,07,"V","APPNPF","συμφυεῖσαι","συμφυεῖσαι","συμφυεῖσαι","συμφύομαι"
42,08,07,"RA","NPF","αἱ","αἱ","αἱ","ὁ"
42,08,07,"N","NPF","ἄκανθαι","ἄκανθαι","ἄκανθαι","ἄκανθα"
42,08,07,"V","3AAI-P","ἀπέπνιξαν","ἀπέπνιξαν","ἀπέπνιξαν","ἀποπνίγω"
42,08,07,"RP","ASN","αὐτό.","αὐτό","αὐτό","αὐτός"
42,08,08,"C",NULL,"καὶ","καὶ","καί","καί"
42,08,08,"A","NSN","ἕτερον","ἕτερον","ἕτερον","ἕτερος"
42,08,08,"V","3AAI-S","ἔπεσεν","ἔπεσεν","ἔπεσε(ν)","πίπτω"
42,08,08,"P",NULL,"εἰς","εἰς","εἰς","εἰς"
42,08,08,"RA","ASF","τὴν","τὴν","τήν","ὁ"
42,08,08,"N","ASF","γῆν","γῆν","γῆν","γῆ"
42,08,08,"RA","ASF","τὴν","τὴν","τήν","ὁ"
42,08,08,"A","ASF","ἀγαθήν,","ἀγαθήν","ἀγαθήν","ἀγαθός"
42,08,08,"C",NULL,"καὶ","καὶ","καί","καί"
42,08,08,"V","APPNSN","φυὲν","φυὲν","φυέν","φύω"
42,08,08,"V","3AAI-S","ἐποίησεν","ἐποίησεν","ἐποίησε(ν)","ποιέω"
42,08,08,"N","ASM","καρπὸν","καρπὸν","καρπόν","καρπός"
42,08,08,"A","ASM","ἑκατονταπλασίονα.","ἑκατονταπλασίονα","ἑκατονταπλασίονα","ἑκατονταπλασίων"
42,08,08,"RD","APN","ταῦτα","ταῦτα","ταῦτα","οὗτος"
42,08,08,"V","PAPNSM","λέγων","λέγων","λέγων","λέγω"
42,08,08,"V","3IAI-S","ἐφώνει·","ἐφώνει","ἐφώνει","φωνέω"
42,08,08,"RA","NSM","Ὁ","Ὁ","ὁ","ὁ"
42,08,08,"V","PAPNSM","ἔχων","ἔχων","ἔχων","ἔχω"
42,08,08,"N","APN","ὦτα","ὦτα","ὦτα","οὖς"
42,08,08,"V","PAN","ἀκούειν","ἀκούειν","ἀκούειν","ἀκούω"
42,08,08,"V","3PAD-S","ἀκουέτω.","ἀκουέτω","ἀκουέτω","ἀκούω"
42,08,09,"V","3IAI-P","Ἐπηρώτων","Ἐπηρώτων","ἐπηρώτων","ἐπερωτάω"
42,08,09,"C",NULL,"δὲ","δὲ","δέ","δέ"
42,08,09,"RP","ASM","αὐτὸν","αὐτὸν","αὐτόν","αὐτός"
42,08,09,"RA","NPM","οἱ","οἱ","οἱ","ὁ"
42,08,09,"N","NPM","μαθηταὶ","μαθηταὶ","μαθηταί","μαθητής"
42,08,09,"RP","GSM","⸀αὐτοῦ","αὐτοῦ","αὐτοῦ","αὐτός"
42,08,09,"RI","NSF","τίς","τίς","τίς","τίς"
42,08,09,"RD","NSF","⸂αὕτη","αὕτη","αὕτη","οὗτος"
42,08,09,"V","3PAO-S","εἴη","εἴη","εἴη","εἰμί"
42,08,09,"RA","NSF","ἡ","ἡ","ἡ","ὁ"
42,08,09,"N","NSF","παραβολή⸃.","παραβολή","παραβολή","παραβολή"
42,08,10,"RA","NSM","ὁ","ὁ","ὁ","ὁ"
42,08,10,"C",NULL,"δὲ","δὲ","δέ","δέ"
42,08,10,"V","3AAI-S","εἶπεν·","εἶπεν","εἶπε(ν)","λέγω"
42,08,10,"RP","DP","Ὑμῖν","Ὑμῖν","ὑμῖν","σύ"
42,08,10,"V","3XPI-S","δέδοται","δέδοται","δέδοται","δίδωμι"
42,08,10,"V","AAN","γνῶναι","γνῶναι","γνῶναι","γινώσκω"
42,08,10,"RA","APN","τὰ","τὰ","τά","ὁ"
42,08,10,"N","APN","μυστήρια","μυστήρια","μυστήρια","μυστήριον"
42,08,10,"RA","GSF","τῆς","τῆς","τῆς","ὁ"
42,08,10,"N","GSF","βασιλείας","βασιλείας","βασιλείας","βασιλεία"
42,08,10,"RA","GSM","τοῦ","τοῦ","τοῦ","ὁ"
42,08,10,"N","GSM","θεοῦ,","θεοῦ","θεοῦ","θεός"
42,08,10,"RA","DPM","τοῖς","τοῖς","τοῖς","ὁ"
42,08,10,"C",NULL,"δὲ","δὲ","δέ","δέ"
42,08,10,"A","DPM","λοιποῖς","λοιποῖς","λοιποῖς","λοιπός"
42,08,10,"P",NULL,"ἐν","ἐν","ἐν","ἐν"
42,08,10,"N","DPF","παραβολαῖς,","παραβολαῖς","παραβολαῖς","παραβολή"
42,08,10,"C",NULL,"ἵνα","ἵνα","ἵνα","ἵνα"
42,08,10,"V","PAPNPM","βλέποντες","βλέποντες","βλέποντες","βλέπω"
42,08,10,"D",NULL,"μὴ","μὴ","μή","μή"
42,08,10,"V","3PAS-P","βλέπωσιν","βλέπωσιν","βλέπωσι(ν)","βλέπω"
42,08,10,"C",NULL,"καὶ","καὶ","καί","καί"
42,08,10,"V","PAPNPM","ἀκούοντες","ἀκούοντες","ἀκούοντες","ἀκούω"
42,08,10,"D",NULL,"μὴ","μὴ","μή","μή"
42,08,10,"V","3PAS-P","συνιῶσιν.","συνιῶσιν","συνιῶσι(ν)","συνίημι"
42,08,11,"V","3PAI-S","Ἔστιν","Ἔστιν","ἐστί(ν)","εἰμί"
42,08,11,"C",NULL,"δὲ","δὲ","δέ","δέ"
42,08,11,"RD","NSF","αὕτη","αὕτη","αὕτη","οὗτος"
42,08,11,"RA","NSF","ἡ","ἡ","ἡ","ὁ"
42,08,11,"N","NSF","παραβολή·","παραβολή","παραβολή","παραβολή"
42,08,11,"RA","NSM","Ὁ","Ὁ","ὁ","ὁ"
42,08,11,"N","NSM","σπόρος","σπόρος","σπόρος","σπόρος"
42,08,11,"V","3PAI-S","ἐστὶν","ἐστὶν","ἐστί(ν)","εἰμί"
42,08,11,"RA","NSM","ὁ","ὁ","ὁ","ὁ"
42,08,11,"N","NSM","λόγος","λόγος","λόγος","λόγος"
42,08,11,"RA","GSM","τοῦ","τοῦ","τοῦ","ὁ"
42,08,11,"N","GSM","θεοῦ.","θεοῦ","θεοῦ","θεός"
42,08,12,"RA","NPM","οἱ","οἱ","οἱ","ὁ"
42,08,12,"C",NULL,"δὲ","δὲ","δέ","δέ"
42,08,12,"P",NULL,"παρὰ","παρὰ","παρά","παρά"
42,08,12,"RA","ASF","τὴν","τὴν","τήν","ὁ"
42,08,12,"N","ASF","ὁδόν","ὁδόν","ὁδόν","ὁδός"
42,08,12,"V","3PAI-P","εἰσιν","εἰσιν","εἰσί(ν)","εἰμί"
42,08,12,"RA","NPM","οἱ","οἱ","οἱ","ὁ"
42,08,12,"V","AAPNPM","⸀ἀκούσαντες,","ἀκούσαντες","ἀκούσαντες","ἀκούω"
42,08,12,"D",NULL,"εἶτα","εἶτα","εἶτα","εἶτα"
42,08,12,"V","3PMI-S","ἔρχεται","ἔρχεται","ἔρχεται","ἔρχομαι"
42,08,12,"RA","NSM","ὁ","ὁ","ὁ","ὁ"
42,08,12,"A","NSM","διάβολος","διάβολος","διάβολος","διάβολος"
42,08,12,"C",NULL,"καὶ","καὶ","καί","καί"
42,08,12,"V","3PAI-S","αἴρει","αἴρει","αἴρει","αἴρω"
42,08,12,"RA","ASM","τὸν","τὸν","τόν","ὁ"
42,08,12,"N","ASM","λόγον","λόγον","λόγον","λόγος"
42,08,12,"P",NULL,"ἀπὸ","ἀπὸ","ἀπό","ἀπό"
42,08,12,"RA","GSF","τῆς","τῆς","τῆς","ὁ"
42,08,12,"N","GSF","καρδίας","καρδίας","καρδίας","καρδία"
42,08,12,"RP","GPM","αὐτῶν,","αὐτῶν","αὐτῶν","αὐτός"
42,08,12,"C",NULL,"ἵνα","ἵνα","ἵνα","ἵνα"
42,08,12,"D",NULL,"μὴ","μὴ","μή","μή"
42,08,12,"V","AAPNPM","πιστεύσαντες","πιστεύσαντες","πιστεύσαντες","πιστεύω"
42,08,12,"V","3APS-P","σωθῶσιν.","σωθῶσιν","σωθῶσι(ν)","σῴζω"
42,08,13,"RA","NPM","οἱ","οἱ","οἱ","ὁ"
42,08,13,"C",NULL,"δὲ","δὲ","δέ","δέ"
42,08,13,"P",NULL,"ἐπὶ","ἐπὶ","ἐπί","ἐπί"
42,08,13,"RA","GSF","τῆς","τῆς","τῆς","ὁ"
42,08,13,"N","GSF","πέτρας","πέτρας","πέτρας","πέτρα"
42,08,13,"RR","NPM","οἳ","οἳ","οἵ","ὅς"
42,08,13,"C",NULL,"ὅταν","ὅταν","ὅταν","ὅταν"
42,08,13,"V","3AAS-P","ἀκούσωσιν","ἀκούσωσιν","ἀκούσωσι(ν)","ἀκούω"
42,08,13,"P",NULL,"μετὰ","μετὰ","μετά","μετά"
42,08,13,"N","GSF","χαρᾶς","χαρᾶς","χαρᾶς","χαρά"
42,08,13,"V","3PMI-P","δέχονται","δέχονται","δέχονται","δέχομαι"
42,08,13,"RA","ASM","τὸν","τὸν","τόν","ὁ"
42,08,13,"N","ASM","λόγον,","λόγον","λόγον","λόγος"
42,08,13,"C",NULL,"καὶ","καὶ","καί","καί"
42,08,13,"RD","NPM","οὗτοι","οὗτοι","οὗτοι","οὗτος"
42,08,13,"N","ASF","ῥίζαν","ῥίζαν","ῥίζαν","ῥίζα"
42,08,13,"D",NULL,"οὐκ","οὐκ","οὐ","οὐ"
42,08,13,"V","3PAI-P","ἔχουσιν,","ἔχουσιν","ἔχουσι(ν)","ἔχω"
42,08,13,"RR","NPM","οἳ","οἳ","οἵ","ὅς"
42,08,13,"P",NULL,"πρὸς","πρὸς","πρός","πρός"
42,08,13,"N","ASM","καιρὸν","καιρὸν","καιρόν","καιρός"
42,08,13,"V","3PAI-P","πιστεύουσιν","πιστεύουσιν","πιστεύουσι(ν)","πιστεύω"
42,08,13,"C",NULL,"καὶ","καὶ","καί","καί"
42,08,13,"P",NULL,"ἐν","ἐν","ἐν","ἐν"
42,08,13,"N","DSM","καιρῷ","καιρῷ","καιρῷ","καιρός"
42,08,13,"N","GSM","πειρασμοῦ","πειρασμοῦ","πειρασμοῦ","πειρασμός"
42,08,13,"V","3PMI-P","ἀφίστανται.","ἀφίστανται","ἀφίστανται","ἀφίσταμαι"
42,08,14,"RA","NSN","τὸ","τὸ","τό","ὁ"
42,08,14,"C",NULL,"δὲ","δὲ","δέ","δέ"
42,08,14,"P",NULL,"εἰς","εἰς","εἰς","εἰς"
42,08,14,"RA","APF","τὰς","τὰς","τάς","ὁ"
42,08,14,"N","APF","ἀκάνθας","ἀκάνθας","ἀκάνθας","ἄκανθα"
42,08,14,"V","AAPNSN","πεσόν,","πεσόν","πεσόν","πίπτω"
42,08,14,"RD","NPM","οὗτοί","οὗτοί","οὗτοι","οὗτος"
42,08,14,"V","3PAI-P","εἰσιν","εἰσιν","εἰσί(ν)","εἰμί"
42,08,14,"RA","NPM","οἱ","οἱ","οἱ","ὁ"
42,08,14,"V","AAPNPM","ἀκούσαντες,","ἀκούσαντες","ἀκούσαντες","ἀκούω"
42,08,14,"C",NULL,"καὶ","καὶ","καί","καί"
42,08,14,"P",NULL,"ὑπὸ","ὑπὸ","ὑπό","ὑπό"
42,08,14,"N","GPF","μεριμνῶν","μεριμνῶν","μεριμνῶν","μέριμνα"
42,08,14,"C",NULL,"καὶ","καὶ","καί","καί"
42,08,14,"N","GSM","πλούτου","πλούτου","πλούτου","πλοῦτος"
42,08,14,"C",NULL,"καὶ","καὶ","καί","καί"
42,08,14,"N","GPF","ἡδονῶν","ἡδονῶν","ἡδονῶν","ἡδονή"
42,08,14,"RA","GSM","τοῦ","τοῦ","τοῦ","ὁ"
42,08,14,"N","GSM","βίου","βίου","βίου","βίος"
42,08,14,"V","PMPNPM","πορευόμενοι","πορευόμενοι","πορευόμενοι","πορεύομαι"
42,08,14,"V","3PPI-P","συμπνίγονται","συμπνίγονται","συμπνίγονται","συμπνίγω"
42,08,14,"C",NULL,"καὶ","καὶ","καί","καί"
42,08,14,"D",NULL,"οὐ","οὐ","οὐ","οὐ"
42,08,14,"V","3PAI-P","τελεσφοροῦσιν.","τελεσφοροῦσιν","τελεσφοροῦσι(ν)","τελεσφορέω"
42,08,15,"RA","NSN","τὸ","τὸ","τό","ὁ"
42,08,15,"C",NULL,"δὲ","δὲ","δέ","δέ"
42,08,15,"P",NULL,"ἐν","ἐν","ἐν","ἐν"
42,08,15,"RA","DSF","τῇ","τῇ","τῇ","ὁ"
42,08,15,"A","DSF","καλῇ","καλῇ","καλῇ","καλός"
42,08,15,"N","DSF","γῇ,","γῇ","γῇ","γῆ"
42,08,15,"RD","NPM","οὗτοί","οὗτοί","οὗτοι","οὗτος"
42,08,15,"V","3PAI-P","εἰσιν","εἰσιν","εἰσί(ν)","εἰμί"
42,08,15,"RR","NPM","οἵτινες","οἵτινες","οἵτινες","ὅστις"
42,08,15,"P",NULL,"ἐν","ἐν","ἐν","ἐν"
42,08,15,"N","DSF","καρδίᾳ","καρδίᾳ","καρδίᾳ","καρδία"
42,08,15,"A","DSF","καλῇ","καλῇ","καλῇ","καλός"
42,08,15,"C",NULL,"καὶ","καὶ","καί","καί"
42,08,15,"A","DSF","ἀγαθῇ","ἀγαθῇ","ἀγαθῇ","ἀγαθός"
42,08,15,"V","AAPNPM","ἀκούσαντες","ἀκούσαντες","ἀκούσαντες","ἀκούω"
42,08,15,"RA","ASM","τὸν","τὸν","τόν","ὁ"
42,08,15,"N","ASM","λόγον","λόγον","λόγον","λόγος"
42,08,15,"V","3PAI-P","κατέχουσιν","κατέχουσιν","κατέχουσι(ν)","κατέχω"
42,08,15,"C",NULL,"καὶ","καὶ","καί","καί"
42,08,15,"V","3PAI-P","καρποφοροῦσιν","καρποφοροῦσιν","καρποφοροῦσι(ν)","καρποφορέω"
42,08,15,"P",NULL,"ἐν","ἐν","ἐν","ἐν"
42,08,15,"N","DSF","ὑπομονῇ.","ὑπομονῇ","ὑπομονῇ","ὑπομονή"
42,08,16,"A","NSM","Οὐδεὶς","Οὐδεὶς","οὐδείς","οὐδείς"
42,08,16,"C",NULL,"δὲ","δὲ","δέ","δέ"
42,08,16,"N","ASM","λύχνον","λύχνον","λύχνον","λύχνος"
42,08,16,"V","AAPNSM","ἅψας","ἅψας","ἅψας","ἅπτω"
42,08,16,"V","3PAI-S","καλύπτει","καλύπτει","καλύπτει","καλύπτω"
42,08,16,"RP","ASM","αὐτὸν","αὐτὸν","αὐτόν","αὐτός"
42,08,16,"N","DSN","σκεύει","σκεύει","σκεύει","σκεῦος"
42,08,16,"C",NULL,"ἢ","ἢ","ἤ","ἤ"
42,08,16,"P",NULL,"ὑποκάτω","ὑποκάτω","ὑποκάτω","ὑποκάτω"
42,08,16,"N","GSF","κλίνης","κλίνης","κλίνης","κλίνη"
42,08,16,"V","3PAI-S","τίθησιν,","τίθησιν","τίθησι(ν)","τίθημι"
42,08,16,"C",NULL,"ἀλλ’","ἀλλ’","ἀλλά","ἀλλά"
42,08,16,"P",NULL,"ἐπὶ","ἐπὶ","ἐπί","ἐπί"
42,08,16,"N","GSF","λυχνίας","λυχνίας","λυχνίας","λυχνία"
42,08,16,"V","3PAI-S","⸀τίθησιν,","τίθησιν","τίθησι(ν)","τίθημι"
42,08,16,"C",NULL,"ἵνα","ἵνα","ἵνα","ἵνα"
42,08,16,"RA","NPM","οἱ","οἱ","οἱ","ὁ"
42,08,16,"V","PMPNPM","εἰσπορευόμενοι","εἰσπορευόμενοι","εἰσπορευόμενοι","εἰσπορεύομαι"
42,08,16,"V","3PAS-P","βλέπωσιν","βλέπωσιν","βλέπωσι(ν)","βλέπω"
42,08,16,"RA","ASN","τὸ","τὸ","τό","ὁ"
42,08,16,"N","ASN","φῶς.","φῶς","φῶς","φῶς"
42,08,17,"D",NULL,"οὐ","οὐ","οὐ","οὐ"
42,08,17,"C",NULL,"γάρ","γάρ","γάρ","γάρ"
42,08,17,"V","3PAI-S","ἐστιν","ἐστιν","ἐστί(ν)","εἰμί"
42,08,17,"A","NSN","κρυπτὸν","κρυπτὸν","κρυπτόν","κρυπτός"
42,08,17,"RR","NSN","ὃ","ὃ","ὅ","ὅς"
42,08,17,"D",NULL,"οὐ","οὐ","οὐ","οὐ"
42,08,17,"A","NSN","φανερὸν","φανερὸν","φανερόν","φανερός"
42,08,17,"V","3FMI-S","γενήσεται,","γενήσεται","γενήσεται","γίνομαι"
42,08,17,"C",NULL,"οὐδὲ","οὐδὲ","οὐδέ","οὐδέ"
42,08,17,"A","NSN","ἀπόκρυφον","ἀπόκρυφον","ἀπόκρυφον","ἀπόκρυφος"
42,08,17,"RR","NSN","ὃ","ὃ","ὅ","ὅς"
42,08,17,"D",NULL,"οὐ","οὐ","οὐ","οὐ"
42,08,17,"D",NULL,"⸂μὴ","μὴ","μή","μή"
42,08,17,"V","3APS-S","γνωσθῇ⸃","γνωσθῇ","γνωσθῇ","γινώσκω"
42,08,17,"C",NULL,"καὶ","καὶ","καί","καί"
42,08,17,"P",NULL,"εἰς","εἰς","εἰς","εἰς"
42,08,17,"A","ASN","φανερὸν","φανερὸν","φανερόν","φανερός"
42,08,17,"V","3AAS-S","ἔλθῃ.","ἔλθῃ","ἔλθῃ","ἔρχομαι"
42,08,18,"V","2PAD-P","βλέπετε","βλέπετε","βλέπετε","βλέπω"
42,08,18,"C",NULL,"οὖν","οὖν","οὖν","οὖν"
42,08,18,"D",NULL,"πῶς","πῶς","πῶς","πῶς"
42,08,18,"V","2PAI-P","ἀκούετε·","ἀκούετε","ἀκούετε","ἀκούω"
42,08,18,"RR","NSM","ὃς","ὃς","ὅς","ὅς"
42,08,18,"X",NULL,"⸂ἂν","ἂν","ἄν","ἄν"
42,08,18,"C",NULL,"γὰρ⸃","γὰρ","γάρ","γάρ"
42,08,18,"V","3PAS-S","ἔχῃ,","ἔχῃ","ἔχῃ","ἔχω"
42,08,18,"V","3FPI-S","δοθήσεται","δοθήσεται","δοθήσεται","δίδωμι"
42,08,18,"RP","DSM","αὐτῷ,","αὐτῷ","αὐτῷ","αὐτός"
42,08,18,"C",NULL,"καὶ","καὶ","καί","καί"
42,08,18,"RR","NSM","ὃς","ὃς","ὅς","ὅς"
42,08,18,"X",NULL,"⸀ἂν","ἂν","ἄν","ἄν"
42,08,18,"D",NULL,"μὴ","μὴ","μή","μή"
42,08,18,"V","3PAS-S","ἔχῃ,","ἔχῃ","ἔχῃ","ἔχω"
42,08,18,"D",NULL,"καὶ","καὶ","καί","καί"
42,08,18,"RR","ASN","ὃ","ὃ","ὅ","ὅς"
42,08,18,"V","3PAI-S","δοκεῖ","δοκεῖ","δοκεῖ","δοκέω"
42,08,18,"V","PAN","ἔχειν","ἔχειν","ἔχειν","ἔχω"
42,08,18,"V","3FPI-S","ἀρθήσεται","ἀρθήσεται","ἀρθήσεται","αἴρω"
42,08,18,"P",NULL,"ἀπ’","ἀπ’","ἀπό","ἀπό"
42,08,18,"RP","GSM","αὐτοῦ.","αὐτοῦ","αὐτοῦ","αὐτός"
42,08,19,"V","3AMI-S","⸀Παρεγένετο","Παρεγένετο","παρεγένετο","παραγίνομαι"
42,08,19,"C",NULL,"δὲ","δὲ","δέ","δέ"
42,08,19,"P",NULL,"πρὸς","πρὸς","πρός","πρός"
42,08,19,"RP","ASM","αὐτὸν","αὐτὸν","αὐτόν","αὐτός"
42,08,19,"RA","NSF","ἡ","ἡ","ἡ","ὁ"
42,08,19,"N","NSF","μήτηρ","μήτηρ","μήτηρ","μήτηρ"
42,08,19,"C",NULL,"καὶ","καὶ","καί","καί"
42,08,19,"RA","NPM","οἱ","οἱ","οἱ","ὁ"
42,08,19,"N","NPM","ἀδελφοὶ","ἀδελφοὶ","ἀδελφοί","ἀδελφός"
42,08,19,"RP","GSM","αὐτοῦ,","αὐτοῦ","αὐτοῦ","αὐτός"
42,08,19,"C",NULL,"καὶ","καὶ","καί","καί"
42,08,19,"D",NULL,"οὐκ","οὐκ","οὐ","οὐ"
42,08,19,"V","3IMI-P","ἠδύναντο","ἠδύναντο","ἠδύναντο","δύναμαι"
42,08,19,"V","AAN","συντυχεῖν","συντυχεῖν","συντυχεῖν","συντυγχάνω"
42,08,19,"RP","DSM","αὐτῷ","αὐτῷ","αὐτῷ","αὐτός"
42,08,19,"P",NULL,"διὰ","διὰ","διά","διά"
42,08,19,"RA","ASM","τὸν","τὸν","τόν","ὁ"
42,08,19,"N","ASM","ὄχλον.","ὄχλον","ὄχλον","ὄχλος"
42,08,20,"V","3API-S","⸂ἀπηγγέλη","ἀπηγγέλη","ἀπηγγέλη","ἀπαγγέλλω"
42,08,20,"C",NULL,"δὲ⸃","δὲ","δέ","δέ"
42,08,20,"RP","DSM","⸀αὐτῷ·","αὐτῷ","αὐτῷ","αὐτός"
42,08,20,"RA","NSF","Ἡ","Ἡ","ἡ","ὁ"
42,08,20,"N","NSF","μήτηρ","μήτηρ","μήτηρ","μήτηρ"
42,08,20,"RP","GS","σου","σου","σου","σύ"
42,08,20,"C",NULL,"καὶ","καὶ","καί","καί"
42,08,20,"RA","NPM","οἱ","οἱ","οἱ","ὁ"
42,08,20,"N","NPM","ἀδελφοί","ἀδελφοί","ἀδελφοί","ἀδελφός"
42,08,20,"RP","GS","σου","σου","σου","σύ"
42,08,20,"V","3XAI-P","ἑστήκασιν","ἑστήκασιν","ἑστήκασι(ν)","ἵστημι"
42,08,20,"D",NULL,"ἔξω","ἔξω","ἔξω","ἔξω"
42,08,20,"V","AAN","ἰδεῖν","ἰδεῖν","ἰδεῖν","ὁράω"
42,08,20,"RP","AS","⸂σε","σε","σε","σύ"
42,08,20,"V","PAPNPM","θέλοντες⸃.","θέλοντες","θέλοντες","θέλω"
42,08,21,"RA","NSM","ὁ","ὁ","ὁ","ὁ"
42,08,21,"C",NULL,"δὲ","δὲ","δέ","δέ"
42,08,21,"V","APPNSM","ἀποκριθεὶς","ἀποκριθεὶς","ἀποκριθείς","ἀποκρίνομαι"
42,08,21,"V","3AAI-S","εἶπεν","εἶπεν","εἶπε(ν)","λέγω"
42,08,21,"P",NULL,"πρὸς","πρὸς","πρός","πρός"
42,08,21,"RP","APM","αὐτούς·","αὐτούς","αὐτούς","αὐτός"
42,08,21,"N","NSF","Μήτηρ","Μήτηρ","μήτηρ","μήτηρ"
42,08,21,"RP","GS","μου","μου","μου","ἐγώ"
42,08,21,"C",NULL,"καὶ","καὶ","καί","καί"
42,08,21,"N","NPM","ἀδελφοί","ἀδελφοί","ἀδελφοί","ἀδελφός"
42,08,21,"RP","GS","μου","μου","μου","ἐγώ"
42,08,21,"RD","NPM","οὗτοί","οὗτοί","οὗτοι","οὗτος"
42,08,21,"V","3PAI-P","εἰσιν","εἰσιν","εἰσί(ν)","εἰμί"
42,08,21,"RA","NPM","οἱ","οἱ","οἱ","ὁ"
42,08,21,"RA","ASM","τὸν","τὸν","τόν","ὁ"
42,08,21,"N","ASM","λόγον","λόγον","λόγον","λόγος"
42,08,21,"RA","GSM","τοῦ","τοῦ","τοῦ","ὁ"
42,08,21,"N","GSM","θεοῦ","θεοῦ","θεοῦ","θεός"
42,08,21,"V","PAPNPM","ἀκούοντες","ἀκούοντες","ἀκούοντες","ἀκούω"
42,08,21,"C",NULL,"καὶ","καὶ","καί","καί"
42,08,21,"V","PAPNPM","⸀ποιοῦντες.","ποιοῦντες","ποιοῦντες","ποιέω"
42,08,22,"V","3AMI-S","⸂Ἐγένετο","Ἐγένετο","ἐγένετο","γίνομαι"
42,08,22,"C",NULL,"δὲ⸃","δὲ","δέ","δέ"
42,08,22,"P",NULL,"ἐν","ἐν","ἐν","ἐν"
42,08,22,"A","DSF","μιᾷ","μιᾷ","μιᾷ","εἷς"
42,08,22,"RA","GPF","τῶν","τῶν","τῶν","ὁ"
42,08,22,"N","GPF","ἡμερῶν","ἡμερῶν","ἡμερῶν","ἡμέρα"
42,08,22,"C",NULL,"καὶ","καὶ","καί","καί"
42,08,22,"RP","NSM","αὐτὸς","αὐτὸς","αὐτός","αὐτός"
42,08,22,"V","3AAI-S","ἐνέβη","ἐνέβη","ἐνέβη","ἐμβαίνω"
42,08,22,"P",NULL,"εἰς","εἰς","εἰς","εἰς"
42,08,22,"N","ASN","πλοῖον","πλοῖον","πλοῖον","πλοῖον"
42,08,22,"C",NULL,"καὶ","καὶ","καί","καί"
42,08,22,"RA","NPM","οἱ","οἱ","οἱ","ὁ"
42,08,22,"N","NPM","μαθηταὶ","μαθηταὶ","μαθηταί","μαθητής"
42,08,22,"RP","GSM","αὐτοῦ,","αὐτοῦ","αὐτοῦ","αὐτός"
42,08,22,"C",NULL,"καὶ","καὶ","καί","καί"
42,08,22,"V","3AAI-S","εἶπεν","εἶπεν","εἶπε(ν)","λέγω"
42,08,22,"P",NULL,"πρὸς","πρὸς","πρός","πρός"
42,08,22,"RP","APM","αὐτούς·","αὐτούς","αὐτούς","αὐτός"
42,08,22,"V","1AAS-P","Διέλθωμεν","Διέλθωμεν","διέλθωμεν","διέρχομαι"
42,08,22,"P",NULL,"εἰς","εἰς","εἰς","εἰς"
42,08,22,"RA","ASN","τὸ","τὸ","τό","ὁ"
42,08,22,"D",NULL,"πέραν","πέραν","πέραν","πέραν"
42,08,22,"RA","GSF","τῆς","τῆς","τῆς","ὁ"
42,08,22,"N","GSF","λίμνης,","λίμνης","λίμνης","λίμνη"
42,08,22,"C",NULL,"καὶ","καὶ","καί","καί"
42,08,22,"V","3API-P","ἀνήχθησαν.","ἀνήχθησαν","ἀνήχθησαν","ἀνάγω"
42,08,23,"V","PAPGPM","πλεόντων","πλεόντων","πλεόντων","πλέω"
42,08,23,"C",NULL,"δὲ","δὲ","δέ","δέ"
42,08,23,"RP","GPM","αὐτῶν","αὐτῶν","αὐτῶν","αὐτός"
42,08,23,"V","3AAI-S","ἀφύπνωσεν.","ἀφύπνωσεν","ἀφύπνωσε(ν)","ἀφυπνόω"
42,08,23,"C",NULL,"καὶ","καὶ","καί","καί"
42,08,23,"V","3AAI-S","κατέβη","κατέβη","κατέβη","καταβαίνω"
42,08,23,"N","NSF","λαῖλαψ","λαῖλαψ","λαῖλαψ","λαῖλαψ"
42,08,23,"N","GSM","ἀνέμου","ἀνέμου","ἀνέμου","ἄνεμος"
42,08,23,"P",NULL,"εἰς","εἰς","εἰς","εἰς"
42,08,23,"RA","ASF","τὴν","τὴν","τήν","ὁ"
42,08,23,"N","ASF","λίμνην,","λίμνην","λίμνην","λίμνη"
42,08,23,"C",NULL,"καὶ","καὶ","καί","καί"
42,08,23,"V","3IPI-P","συνεπληροῦντο","συνεπληροῦντο","συνεπληροῦντο","συμπληρόω"
42,08,23,"C",NULL,"καὶ","καὶ","καί","καί"
42,08,23,"V","3IAI-P","ἐκινδύνευον.","ἐκινδύνευον","ἐκινδύνευον","κινδυνεύω"
42,08,24,"V","AAPNPM","προσελθόντες","προσελθόντες","προσελθόντες","προσέρχομαι"
42,08,24,"C",NULL,"δὲ","δὲ","δέ","δέ"
42,08,24,"V","3AAI-P","διήγειραν","διήγειραν","διήγειραν","διεγείρω"
42,08,24,"RP","ASM","αὐτὸν","αὐτὸν","αὐτόν","αὐτός"
42,08,24,"V","PAPNPM","λέγοντες·","λέγοντες","λέγοντες","λέγω"
42,08,24,"N","VSM","Ἐπιστάτα","Ἐπιστάτα","ἐπιστάτα","ἐπιστάτης"
42,08,24,"N","VSM","ἐπιστάτα,","ἐπιστάτα","ἐπιστάτα","ἐπιστάτης"
42,08,24,"V","1PMI-P","ἀπολλύμεθα·","ἀπολλύμεθα","ἀπολλύμεθα","ἀπόλλυμι"
42,08,24,"RA","NSM","ὁ","ὁ","ὁ","ὁ"
42,08,24,"C",NULL,"δὲ","δὲ","δέ","δέ"
42,08,24,"V","APPNSM","⸀διεγερθεὶς","διεγερθεὶς","διεγερθείς","διεγείρω"
42,08,24,"V","3AAI-S","ἐπετίμησεν","ἐπετίμησεν","ἐπετίμησε(ν)","ἐπιτιμάω"
42,08,24,"RA","DSM","τῷ","τῷ","τῷ","ὁ"
42,08,24,"N","DSM","ἀνέμῳ","ἀνέμῳ","ἀνέμῳ","ἄνεμος"
42,08,24,"C",NULL,"καὶ","καὶ","καί","καί"
42,08,24,"RA","DSM","τῷ","τῷ","τῷ","ὁ"
42,08,24,"N","DSM","κλύδωνι","κλύδωνι","κλύδωνι","κλύδων"
42,08,24,"RA","GSN","τοῦ","τοῦ","τοῦ","ὁ"
42,08,24,"N","GSN","ὕδατος,","ὕδατος","ὕδατος","ὕδωρ"
42,08,24,"C",NULL,"καὶ","καὶ","καί","καί"
42,08,24,"V","3AMI-P","ἐπαύσαντο,","ἐπαύσαντο","ἐπαύσαντο","παύω"
42,08,24,"C",NULL,"καὶ","καὶ","καί","καί"
42,08,24,"V","3AMI-S","ἐγένετο","ἐγένετο","ἐγένετο","γίνομαι"
42,08,24,"N","NSF","γαλήνη.","γαλήνη","γαλήνη","γαλήνη"
42,08,25,"V","3AAI-S","εἶπεν","εἶπεν","εἶπε(ν)","λέγω"
42,08,25,"C",NULL,"δὲ","δὲ","δέ","δέ"
42,08,25,"RP","DPM","αὐτοῖς·","αὐτοῖς","αὐτοῖς","αὐτός"
42,08,25,"D",NULL,"⸀Ποῦ","Ποῦ","ποῦ","ποῦ"
42,08,25,"RA","NSF","ἡ","ἡ","ἡ","ὁ"
42,08,25,"N","NSF","πίστις","πίστις","πίστις","πίστις"
42,08,25,"RP","GP","ὑμῶν;","ὑμῶν","ὑμῶν","σύ"
42,08,25,"V","APPNPM","φοβηθέντες","φοβηθέντες","φοβηθέντες","φοβέομαι"
42,08,25,"C",NULL,"δὲ","δὲ","δέ","δέ"
42,08,25,"V","3AAI-P","ἐθαύμασαν,","ἐθαύμασαν","ἐθαύμασαν","θαυμάζω"
42,08,25,"V","PAPNPM","λέγοντες","λέγοντες","λέγοντες","λέγω"
42,08,25,"P",NULL,"πρὸς","πρὸς","πρός","πρός"
42,08,25,"RP","APM","ἀλλήλους·","ἀλλήλους","ἀλλήλους","ἀλλήλων"
42,08,25,"RI","NSM","Τίς","Τίς","τίς","τίς"
42,08,25,"C",NULL,"ἄρα","ἄρα","ἄρα","ἄρα"
42,08,25,"RD","NSM","οὗτός","οὗτός","οὗτος","οὗτος"
42,08,25,"V","3PAI-S","ἐστιν","ἐστιν","ἐστί(ν)","εἰμί"
42,08,25,"C",NULL,"ὅτι","ὅτι","ὅτι","ὅτι"
42,08,25,"D",NULL,"καὶ","καὶ","καί","καί"
42,08,25,"RA","DPM","τοῖς","τοῖς","τοῖς","ὁ"
42,08,25,"N","DPM","ἀνέμοις","ἀνέμοις","ἀνέμοις","ἄνεμος"
42,08,25,"V","3PAI-S","ἐπιτάσσει","ἐπιτάσσει","ἐπιτάσσει","ἐπιτάσσω"
42,08,25,"C",NULL,"καὶ","καὶ","καί","καί"
42,08,25,"RA","DSN","τῷ","τῷ","τῷ","ὁ"
42,08,25,"N","DSN","ὕδατι,","ὕδατι","ὕδατι","ὕδωρ"
42,08,25,"C",NULL,"καὶ","καὶ","καί","καί"
42,08,25,"V","3PAI-P","ὑπακούουσιν","ὑπακούουσιν","ὑπακούουσι(ν)","ὑπακούω"
42,08,25,"RP","DSM","αὐτῷ;","αὐτῷ","αὐτῷ","αὐτός"
42,08,26,"C",NULL,"Καὶ","Καὶ","καί","καί"
42,08,26,"V","3AAI-P","κατέπλευσαν","κατέπλευσαν","κατέπλευσαν","καταπλέω"
42,08,26,"P",NULL,"εἰς","εἰς","εἰς","εἰς"
42,08,26,"RA","ASF","τὴν","τὴν","τήν","ὁ"
42,08,26,"N","ASF","χώραν","χώραν","χώραν","χώρα"
42,08,26,"RA","GPM","τῶν","τῶν","τῶν","ὁ"
42,08,26,"A","GPM","⸀Γερασηνῶν,","Γερασηνῶν","Γερασηνῶν","Γερασηνός"
42,08,26,"RR","NSF","ἥτις","ἥτις","ἥτις","ὅστις"
42,08,26,"V","3PAI-S","ἐστὶν","ἐστὶν","ἐστί(ν)","εἰμί"
42,08,26,"P",NULL,"ἀντιπέρα","ἀντιπέρα","ἀντιπέρα","ἀντιπέρα"
42,08,26,"RA","GSF","τῆς","τῆς","τῆς","ὁ"
42,08,26,"N","GSF","Γαλιλαίας.","Γαλιλαίας","Γαλιλαίας","Γαλιλαία"
42,08,27,"V","AAPDSM","ἐξελθόντι","ἐξελθόντι","ἐξελθόντι","ἐξέρχομαι"
42,08,27,"C",NULL,"δὲ","δὲ","δέ","δέ"
42,08,27,"RP","DSM","αὐτῷ","αὐτῷ","αὐτῷ","αὐτός"
42,08,27,"P",NULL,"ἐπὶ","ἐπὶ","ἐπί","ἐπί"
42,08,27,"RA","ASF","τὴν","τὴν","τήν","ὁ"
42,08,27,"N","ASF","γῆν","γῆν","γῆν","γῆ"
42,08,27,"V","3AAI-S","⸀ὑπήντησεν","ὑπήντησεν","ὑπήντησε(ν)","ὑπαντάω"
42,08,27,"N","NSM","ἀνήρ","ἀνήρ","ἀνήρ","ἀνήρ"
42,08,27,"RI","NSM","τις","τις","τὶς","τις"
42,08,27,"P",NULL,"ἐκ","ἐκ","ἐκ","ἐκ"
42,08,27,"RA","GSF","τῆς","τῆς","τῆς","ὁ"
42,08,27,"N","GSF","πόλεως","πόλεως","πόλεως","πόλις"
42,08,27,"V","PAPNSM","⸀ἔχων","ἔχων","ἔχων","ἔχω"
42,08,27,"N","APN","δαιμόνια·","δαιμόνια","δαιμόνια","δαιμόνιον"
42,08,27,"C",NULL,"⸂καὶ","καὶ","καί","καί"
42,08,27,"N","DSM","χρόνῳ","χρόνῳ","χρόνῳ","χρόνος"
42,08,27,"A","DSM","ἱκανῷ","ἱκανῷ","ἱκανῷ","ἱκανός"
42,08,27,"D",NULL,"οὐκ","οὐκ","οὐ","οὐ"
42,08,27,"V","3AMI-S","ἐνεδύσατο","ἐνεδύσατο","ἐνεδύσατο","ἐνδύω"
42,08,27,"N","ASN","ἱμάτιον⸃,","ἱμάτιον","ἱμάτιον","ἱμάτιον"
42,08,27,"C",NULL,"καὶ","καὶ","καί","καί"
42,08,27,"P",NULL,"ἐν","ἐν","ἐν","ἐν"
42,08,27,"N","DSF","οἰκίᾳ","οἰκίᾳ","οἰκίᾳ","οἰκία"
42,08,27,"D",NULL,"οὐκ","οὐκ","οὐ","οὐ"
42,08,27,"V","3IAI-S","ἔμενεν","ἔμενεν","ἔμενε(ν)","μένω"
42,08,27,"C",NULL,"ἀλλ’","ἀλλ’","ἀλλά","ἀλλά"
42,08,27,"P",NULL,"ἐν","ἐν","ἐν","ἐν"
42,08,27,"RA","DPN","τοῖς","τοῖς","τοῖς","ὁ"
42,08,27,"N","DPN","μνήμασιν.","μνήμασιν","μνήμασι(ν)","μνῆμα"
42,08,28,"V","AAPNSM","ἰδὼν","ἰδὼν","ἰδών","ὁράω"
42,08,28,"C",NULL,"δὲ","δὲ","δέ","δέ"
42,08,28,"RA","ASM","τὸν","τὸν","τόν","ὁ"
42,08,28,"N","ASM","⸀Ἰησοῦν","Ἰησοῦν","Ἰησοῦν","Ἰησοῦς"
42,08,28,"V","AAPNSM","ἀνακράξας","ἀνακράξας","ἀνακράξας","ἀνακράζω"
42,08,28,"V","3AAI-S","προσέπεσεν","προσέπεσεν","προσέπεσε(ν)","προσπίπτω"
42,08,28,"RP","DSM","αὐτῷ","αὐτῷ","αὐτῷ","αὐτός"
42,08,28,"C",NULL,"καὶ","καὶ","καί","καί"
42,08,28,"N","DSF","φωνῇ","φωνῇ","φωνῇ","φωνή"
42,08,28,"A","DSF","μεγάλῃ","μεγάλῃ","μεγάλῃ","μέγας"
42,08,28,"V","3AAI-S","εἶπεν·","εἶπεν","εἶπε(ν)","λέγω"
42,08,28,"RI","NSN","Τί","Τί","τί","τίς"
42,08,28,"RP","DS","ἐμοὶ","ἐμοὶ","ἐμοί","ἐγώ"
42,08,28,"C",NULL,"καὶ","καὶ","καί","καί"
42,08,28,"RP","DS","σοί,","σοί","σοί","σύ"
42,08,28,"N","VSM","Ἰησοῦ","Ἰησοῦ","Ἰησοῦ","Ἰησοῦς"
42,08,28,"N","VSM","υἱὲ","υἱὲ","υἱέ","υἱός"
42,08,28,"RA","GSM","τοῦ","τοῦ","τοῦ","ὁ"
42,08,28,"N","GSM","θεοῦ","θεοῦ","θεοῦ","θεός"
42,08,28,"RA","GSM","τοῦ","τοῦ","τοῦ","ὁ"
42,08,28,"A","GSMS","ὑψίστου;","ὑψίστου","ὑψίστου","ὕψιστος"
42,08,28,"V","1PMI-S","δέομαί","δέομαί","δέομαι","δέομαι"
42,08,28,"RP","GS","σου,","σου","σου","σύ"
42,08,28,"D",NULL,"μή","μή","μή","μή"
42,08,28,"RP","AS","με","με","με","ἐγώ"
42,08,28,"V","2AAS-S","βασανίσῃς·","βασανίσῃς","βασανίσῃς","βασανίζω"
42,08,29,"V","3AAI-S","⸀παρήγγελλεν","παρήγγελλεν","παρήγγελλε(ν)","παραγγέλλω"
42,08,29,"C",NULL,"γὰρ","γὰρ","γάρ","γάρ"
42,08,29,"RA","DSN","τῷ","τῷ","τῷ","ὁ"
42,08,29,"N","DSN","πνεύματι","πνεύματι","πνεύματι","πνεῦμα"
42,08,29,"RA","DSN","τῷ","τῷ","τῷ","ὁ"
42,08,29,"A","DSN","ἀκαθάρτῳ","ἀκαθάρτῳ","ἀκαθάρτῳ","ἀκάθαρτος"
42,08,29,"V","AAN","ἐξελθεῖν","ἐξελθεῖν","ἐξελθεῖν","ἐξέρχομαι"
42,08,29,"P",NULL,"ἀπὸ","ἀπὸ","ἀπό","ἀπό"
42,08,29,"RA","GSM","τοῦ","τοῦ","τοῦ","ὁ"
42,08,29,"N","GSM","ἀνθρώπου.","ἀνθρώπου","ἀνθρώπου","ἄνθρωπος"
42,08,29,"A","DPM","πολλοῖς","πολλοῖς","πολλοῖς","πολύς"
42,08,29,"C",NULL,"γὰρ","γὰρ","γάρ","γάρ"
42,08,29,"N","DPM","χρόνοις","χρόνοις","χρόνοις","χρόνος"
42,08,29,"V","3YAI-S","συνηρπάκει","συνηρπάκει","συνηρπάκει","συναρπάζω"
42,08,29,"RP","ASM","αὐτόν,","αὐτόν","αὐτόν","αὐτός"
42,08,29,"C",NULL,"καὶ","καὶ","καί","καί"
42,08,29,"V","3IPI-S","⸀ἐδεσμεύετο","ἐδεσμεύετο","ἐδεσμεύετο","δεσμεύω"
42,08,29,"N","DPF","ἁλύσεσιν","ἁλύσεσιν","ἁλύσεσι(ν)","ἅλυσις"
42,08,29,"C",NULL,"καὶ","καὶ","καί","καί"
42,08,29,"N","DPF","πέδαις","πέδαις","πέδαις","πέδη"
42,08,29,"V","PPPNSM","φυλασσόμενος,","φυλασσόμενος","φυλασσόμενος","φυλάσσω"
42,08,29,"C",NULL,"καὶ","καὶ","καί","καί"
42,08,29,"V","PAPNSM","διαρρήσσων","διαρρήσσων","διαρρήσσων","διαρρήγνυμι"
42,08,29,"RA","APN","τὰ","τὰ","τά","ὁ"
42,08,29,"N","APN","δεσμὰ","δεσμὰ","δεσμά","δεσμόν"
42,08,29,"V","3IPI-S","ἠλαύνετο","ἠλαύνετο","ἠλαύνετο","ἐλαύνω"
42,08,29,"P",NULL,"⸀ὑπὸ","ὑπὸ","ὑπό","ὑπό"
42,08,29,"RA","GSN","τοῦ","τοῦ","τοῦ","ὁ"
42,08,29,"N","GSN","⸀δαιμονίου","δαιμονίου","δαιμονίου","δαιμόνιον"
42,08,29,"P",NULL,"εἰς","εἰς","εἰς","εἰς"
42,08,29,"RA","APF","τὰς","τὰς","τάς","ὁ"
42,08,29,"A","APF","ἐρήμους.","ἐρήμους","ἐρήμους","ἔρημος"
42,08,30,"V","3AAI-S","ἐπηρώτησεν","ἐπηρώτησεν","ἐπηρώτησε(ν)","ἐπερωτάω"
42,08,30,"C",NULL,"δὲ","δὲ","δέ","δέ"
42,08,30,"RP","ASM","αὐτὸν","αὐτὸν","αὐτόν","αὐτός"
42,08,30,"RA","NSM","ὁ","ὁ","ὁ","ὁ"
42,08,30,"N","NSM","⸀Ἰησοῦς·","Ἰησοῦς","Ἰησοῦς","Ἰησοῦς"
42,08,30,"RI","NSN","Τί","Τί","τί","τίς"
42,08,30,"RP","DS","σοι","σοι","σοι","σύ"
42,08,30,"N","NSN","⸂ὄνομά","ὄνομά","ὄνομα","ὄνομα"
42,08,30,"V","3PAI-S","ἐστιν⸃;","ἐστιν","ἐστί(ν)","εἰμί"
42,08,30,"RA","NSM","ὁ","ὁ","ὁ","ὁ"
42,08,30,"C",NULL,"δὲ","δὲ","δέ","δέ"
42,08,30,"V","3AAI-S","εἶπεν·","εἶπεν","εἶπε(ν)","λέγω"
42,08,30,"N","NSF","Λεγιών,","Λεγιών","λεγιών","λεγιών"
42,08,30,"C",NULL,"ὅτι","ὅτι","ὅτι","ὅτι"
42,08,30,"V","3AAI-S","⸂εἰσῆλθεν","εἰσῆλθεν","εἰσῆλθε(ν)","εἰσέρχομαι"
42,08,30,"N","NPN","δαιμόνια","δαιμόνια","δαιμόνια","δαιμόνιον"
42,08,30,"A","NPN","πολλὰ⸃","πολλὰ","πολλά","πολύς"
42,08,30,"P",NULL,"εἰς","εἰς","εἰς","εἰς"
42,08,30,"RP","ASM","αὐτόν.","αὐτόν","αὐτόν","αὐτός"
42,08,31,"C",NULL,"καὶ","καὶ","καί","καί"
42,08,31,"V","3IAI-P","⸀παρεκάλουν","παρεκάλουν","παρεκάλουν","παρακαλέω"
42,08,31,"RP","ASM","αὐτὸν","αὐτὸν","αὐτόν","αὐτός"
42,08,31,"C",NULL,"ἵνα","ἵνα","ἵνα","ἵνα"
42,08,31,"D",NULL,"μὴ","μὴ","μή","μή"
42,08,31,"V","3AAS-S","ἐπιτάξῃ","ἐπιτάξῃ","ἐπιτάξῃ","ἐπιτάσσω"
42,08,31,"RP","DPN","αὐτοῖς","αὐτοῖς","αὐτοῖς","αὐτός"
42,08,31,"P",NULL,"εἰς","εἰς","εἰς","εἰς"
42,08,31,"RA","ASF","τὴν","τὴν","τήν","ὁ"
42,08,31,"N","ASF","ἄβυσσον","ἄβυσσον","ἄβυσσον","ἄβυσσος"
42,08,31,"V","AAN","ἀπελθεῖν.","ἀπελθεῖν","ἀπελθεῖν","ἀπέρχομαι"
42,08,32,"V","3IAI-S","Ἦν","Ἦν","ἦν","εἰμί"
42,08,32,"C",NULL,"δὲ","δὲ","δέ","δέ"
42,08,32,"D",NULL,"ἐκεῖ","ἐκεῖ","ἐκεῖ","ἐκεῖ"
42,08,32,"N","NSF","ἀγέλη","ἀγέλη","ἀγέλη","ἀγέλη"
42,08,32,"N","GPM","χοίρων","χοίρων","χοίρων","χοῖρος"
42,08,32,"A","GPM","ἱκανῶν","ἱκανῶν","ἱκανῶν","ἱκανός"
42,08,32,"V","PPPNSF","⸀βοσκομένη","βοσκομένη","βοσκομένη","βόσκω"
42,08,32,"P",NULL,"ἐν","ἐν","ἐν","ἐν"
42,08,32,"RA","DSN","τῷ","τῷ","τῷ","ὁ"
42,08,32,"N","DSN","ὄρει·","ὄρει","ὄρει","ὄρος"
42,08,32,"C",NULL,"καὶ","καὶ","καί","καί"
42,08,32,"V","3AAI-P","⸀παρεκάλεσαν","παρεκάλεσαν","παρεκάλεσαν","παρακαλέω"
42,08,32,"RP","ASM","αὐτὸν","αὐτὸν","αὐτόν","αὐτός"
42,08,32,"C",NULL,"ἵνα","ἵνα","ἵνα","ἵνα"
42,08,32,"V","3AAS-S","ἐπιτρέψῃ","ἐπιτρέψῃ","ἐπιτρέψῃ","ἐπιτρέπω"
42,08,32,"RP","DPN","αὐτοῖς","αὐτοῖς","αὐτοῖς","αὐτός"
42,08,32,"P",NULL,"εἰς","εἰς","εἰς","εἰς"
42,08,32,"RD","APM","ἐκείνους","ἐκείνους","ἐκείνους","ἐκεῖνος"
42,08,32,"V","AAN","εἰσελθεῖν·","εἰσελθεῖν","εἰσελθεῖν","εἰσέρχομαι"
42,08,32,"C",NULL,"καὶ","καὶ","καί","καί"
42,08,32,"V","3AAI-S","ἐπέτρεψεν","ἐπέτρεψεν","ἐπέτρεψε(ν)","ἐπιτρέπω"
42,08,32,"RP","DPN","αὐτοῖς.","αὐτοῖς","αὐτοῖς","αὐτός"
42,08,33,"V","AAPNPN","ἐξελθόντα","ἐξελθόντα","ἐξελθόντα","ἐξέρχομαι"
42,08,33,"C",NULL,"δὲ","δὲ","δέ","δέ"
42,08,33,"RA","NPN","τὰ","τὰ","τά","ὁ"
42,08,33,"N","NPN","δαιμόνια","δαιμόνια","δαιμόνια","δαιμόνιον"
42,08,33,"P",NULL,"ἀπὸ","ἀπὸ","ἀπό","ἀπό"
42,08,33,"RA","GSM","τοῦ","τοῦ","τοῦ","ὁ"
42,08,33,"N","GSM","ἀνθρώπου","ἀνθρώπου","ἀνθρώπου","ἄνθρωπος"
42,08,33,"V","3AAI-P","εἰσῆλθον","εἰσῆλθον","εἰσῆλθον","εἰσέρχομαι"
42,08,33,"P",NULL,"εἰς","εἰς","εἰς","εἰς"
42,08,33,"RA","APM","τοὺς","τοὺς","τούς","ὁ"
42,08,33,"N","APM","χοίρους,","χοίρους","χοίρους","χοῖρος"
42,08,33,"C",NULL,"καὶ","καὶ","καί","καί"
42,08,33,"V","3AAI-S","ὥρμησεν","ὥρμησεν","ὥρμησε(ν)","ὁρμάω"
42,08,33,"RA","NSF","ἡ","ἡ","ἡ","ὁ"
42,08,33,"N","NSF","ἀγέλη","ἀγέλη","ἀγέλη","ἀγέλη"
42,08,33,"P",NULL,"κατὰ","κατὰ","κατά","κατά"
42,08,33,"RA","GSM","τοῦ","τοῦ","τοῦ","ὁ"
42,08,33,"N","GSM","κρημνοῦ","κρημνοῦ","κρημνοῦ","κρημνός"
42,08,33,"P",NULL,"εἰς","εἰς","εἰς","εἰς"
42,08,33,"RA","ASF","τὴν","τὴν","τήν","ὁ"
42,08,33,"N","ASF","λίμνην","λίμνην","λίμνην","λίμνη"
42,08,33,"C",NULL,"καὶ","καὶ","καί","καί"
42,08,33,"V","3API-S","ἀπεπνίγη.","ἀπεπνίγη","ἀπεπνίγη","ἀποπνίγω"
42,08,34,"V","AAPNPM","Ἰδόντες","Ἰδόντες","ἰδόντες","ὁράω"
42,08,34,"C",NULL,"δὲ","δὲ","δέ","δέ"
42,08,34,"RA","NPM","οἱ","οἱ","οἱ","ὁ"
42,08,34,"V","PAPNPM","βόσκοντες","βόσκοντες","βόσκοντες","βόσκω"
42,08,34,"RA","ASN","τὸ","τὸ","τό","ὁ"
42,08,34,"V","XAPASN","⸀γεγονὸς","γεγονὸς","γεγονός","γίνομαι"
42,08,34,"V","3AAI-P","ἔφυγον","ἔφυγον","ἔφυγον","φεύγω"
42,08,34,"C",NULL,"καὶ","καὶ","καί","καί"
42,08,34,"V","3AAI-P","ἀπήγγειλαν","ἀπήγγειλαν","ἀπήγγειλαν","ἀπαγγέλλω"
42,08,34,"P",NULL,"εἰς","εἰς","εἰς","εἰς"
42,08,34,"RA","ASF","τὴν","τὴν","τήν","ὁ"
42,08,34,"N","ASF","πόλιν","πόλιν","πόλιν","πόλις"
42,08,34,"C",NULL,"καὶ","καὶ","καί","καί"
42,08,34,"P",NULL,"εἰς","εἰς","εἰς","εἰς"
42,08,34,"RA","APM","τοὺς","τοὺς","τούς","ὁ"
42,08,34,"N","APM","ἀγρούς.","ἀγρούς","ἀγρούς","ἀγρός"
42,08,35,"V","3AAI-P","ἐξῆλθον","ἐξῆλθον","ἐξῆλθον","ἐξέρχομαι"
42,08,35,"C",NULL,"δὲ","δὲ","δέ","δέ"
42,08,35,"V","AAN","ἰδεῖν","ἰδεῖν","ἰδεῖν","ὁράω"
42,08,35,"RA","ASN","τὸ","τὸ","τό","ὁ"
42,08,35,"V","XAPASN","γεγονὸς","γεγονὸς","γεγονός","γίνομαι"
42,08,35,"C",NULL,"καὶ","καὶ","καί","καί"
42,08,35,"V","3AAI-P","ἦλθον","ἦλθον","ἦλθον","ἔρχομαι"
42,08,35,"P",NULL,"πρὸς","πρὸς","πρός","πρός"
42,08,35,"RA","ASM","τὸν","τὸν","τόν","ὁ"
42,08,35,"N","ASM","Ἰησοῦν,","Ἰησοῦν","Ἰησοῦν","Ἰησοῦς"
42,08,35,"C",NULL,"καὶ","καὶ","καί","καί"
42,08,35,"V","3AAI-P","εὗρον","εὗρον","εὗρον","εὑρίσκω"
42,08,35,"V","PMPASM","καθήμενον","καθήμενον","καθήμενον","κάθημαι"
42,08,35,"RA","ASM","τὸν","τὸν","τόν","ὁ"
42,08,35,"N","ASM","ἄνθρωπον","ἄνθρωπον","ἄνθρωπον","ἄνθρωπος"
42,08,35,"P",NULL,"ἀφ’","ἀφ’","ἀπό","ἀπό"
42,08,35,"RR","GSM","οὗ","οὗ","οὗ","ὅς"
42,08,35,"RA","NPN","τὰ","τὰ","τά","ὁ"
42,08,35,"N","NPN","δαιμόνια","δαιμόνια","δαιμόνια","δαιμόνιον"
42,08,35,"V","3AAI-S","⸀ἐξῆλθεν","ἐξῆλθεν","ἐξῆλθε(ν)","ἐξέρχομαι"
42,08,35,"V","XPPASM","ἱματισμένον","ἱματισμένον","ἱματισμένον","ἱματίζω"
42,08,35,"C",NULL,"καὶ","καὶ","καί","καί"
42,08,35,"V","PAPASM","σωφρονοῦντα","σωφρονοῦντα","σωφρονοῦντα","σωφρονέω"
42,08,35,"P",NULL,"παρὰ","παρὰ","παρά","παρά"
42,08,35,"RA","APM","τοὺς","τοὺς","τούς","ὁ"
42,08,35,"N","APM","πόδας","πόδας","πόδας","πούς"
42,08,35,"RA","GSM","τοῦ","τοῦ","τοῦ","ὁ"
42,08,35,"N","GSM","Ἰησοῦ,","Ἰησοῦ","Ἰησοῦ","Ἰησοῦς"
42,08,35,"C",NULL,"καὶ","καὶ","καί","καί"
42,08,35,"V","3API-P","ἐφοβήθησαν.","ἐφοβήθησαν","ἐφοβήθησαν","φοβέομαι"
42,08,36,"V","3AAI-P","ἀπήγγειλαν","ἀπήγγειλαν","ἀπήγγειλαν","ἀπαγγέλλω"
42,08,36,"C",NULL,"δὲ","δὲ","δέ","δέ"
42,08,36,"RP","DPM","⸀αὐτοῖς","αὐτοῖς","αὐτοῖς","αὐτός"
42,08,36,"RA","NPM","οἱ","οἱ","οἱ","ὁ"
42,08,36,"V","AAPNPM","ἰδόντες","ἰδόντες","ἰδόντες","ὁράω"
42,08,36,"D",NULL,"πῶς","πῶς","πῶς","πῶς"
42,08,36,"V","3API-S","ἐσώθη","ἐσώθη","ἐσώθη","σῴζω"
42,08,36,"RA","NSM","ὁ","ὁ","ὁ","ὁ"
42,08,36,"V","APPNSM","δαιμονισθείς.","δαιμονισθείς","δαιμονισθείς","δαιμονίζομαι"
42,08,37,"C",NULL,"καὶ","καὶ","καί","καί"
42,08,37,"V","3AAI-S","⸀ἠρώτησεν","ἠρώτησεν","ἠρώτησε(ν)","ἐρωτάω"
42,08,37,"RP","ASM","αὐτὸν","αὐτὸν","αὐτόν","αὐτός"
42,08,37,"A","NSN","ἅπαν","ἅπαν","ἅπαν","ἅπας"
42,08,37,"RA","NSN","τὸ","τὸ","τό","ὁ"
42,08,37,"N","NSN","πλῆθος","πλῆθος","πλῆθος","πλῆθος"
42,08,37,"RA","GSF","τῆς","τῆς","τῆς","ὁ"
42,08,37,"A","GSF","περιχώρου","περιχώρου","περιχώρου","περίχωρος"
42,08,37,"RA","GPM","τῶν","τῶν","τῶν","ὁ"
42,08,37,"A","GPM","⸀Γερασηνῶν","Γερασηνῶν","Γερασηνῶν","Γερασηνός"
42,08,37,"V","AAN","ἀπελθεῖν","ἀπελθεῖν","ἀπελθεῖν","ἀπέρχομαι"
42,08,37,"P",NULL,"ἀπ’","ἀπ’","ἀπό","ἀπό"
42,08,37,"RP","GPM","αὐτῶν,","αὐτῶν","αὐτῶν","αὐτός"
42,08,37,"C",NULL,"ὅτι","ὅτι","ὅτι","ὅτι"
42,08,37,"N","DSM","φόβῳ","φόβῳ","φόβῳ","φόβος"
42,08,37,"A","DSM","μεγάλῳ","μεγάλῳ","μεγάλῳ","μέγας"
42,08,37,"V","3IPI-P","συνείχοντο·","συνείχοντο","συνείχοντο","συνέχω"
42,08,37,"RP","NSM","αὐτὸς","αὐτὸς","αὐτός","αὐτός"
42,08,37,"C",NULL,"δὲ","δὲ","δέ","δέ"
42,08,37,"V","AAPNSM","ἐμβὰς","ἐμβὰς","ἐμβάς","ἐμβαίνω"
42,08,37,"P",NULL,"⸀εἰς","εἰς","εἰς","εἰς"
42,08,37,"N","ASN","πλοῖον","πλοῖον","πλοῖον","πλοῖον"
42,08,37,"V","3AAI-S","ὑπέστρεψεν.","ὑπέστρεψεν","ὑπέστρεψε(ν)","ὑποστρέφω"
42,08,38,"V","3IMI-S","ἐδεῖτο","ἐδεῖτο","ἐδεῖτο","δέω"
42,08,38,"C",NULL,"δὲ","δὲ","δέ","δέ"
42,08,38,"RP","GSM","αὐτοῦ","αὐτοῦ","αὐτοῦ","αὐτός"
42,08,38,"RA","NSM","ὁ","ὁ","ὁ","ὁ"
42,08,38,"N","NSM","ἀνὴρ","ἀνὴρ","ἀνήρ","ἀνήρ"
42,08,38,"P",NULL,"ἀφ’","ἀφ’","ἀπό","ἀπό"
42,08,38,"RR","GSM","οὗ","οὗ","οὗ","ὅς"
42,08,38,"V","3YAI-S","ἐξεληλύθει","ἐξεληλύθει","ἐξεληλύθει","ἐξέρχομαι"
42,08,38,"RA","NPN","τὰ","τὰ","τά","ὁ"
42,08,38,"N","NPN","δαιμόνια","δαιμόνια","δαιμόνια","δαιμόνιον"
42,08,38,"V","PAN","εἶναι","εἶναι","εἶναι","εἰμί"
42,08,38,"P",NULL,"σὺν","σὺν","σύν","σύν"
42,08,38,"RP","DSM","αὐτῷ·","αὐτῷ","αὐτῷ","αὐτός"
42,08,38,"V","3AAI-S","ἀπέλυσεν","ἀπέλυσεν","ἀπέλυσε(ν)","ἀπολύω"
42,08,38,"C",NULL,"δὲ","δὲ","δέ","δέ"
42,08,38,"RP","ASM","⸀αὐτὸν","αὐτὸν","αὐτόν","αὐτός"
42,08,38,"V","PAPNSM","λέγων·","λέγων","λέγων","λέγω"
42,08,39,"V","2PAD-S","Ὑπόστρεφε","Ὑπόστρεφε","ὑπόστρεφε","ὑποστρέφω"
42,08,39,"P",NULL,"εἰς","εἰς","εἰς","εἰς"
42,08,39,"RA","ASM","τὸν","τὸν","τόν","ὁ"
42,08,39,"N","ASM","οἶκόν","οἶκόν","οἶκον","οἶκος"
42,08,39,"RP","GS","σου,","σου","σου","σύ"
42,08,39,"C",NULL,"καὶ","καὶ","καί","καί"
42,08,39,"V","2PMD-S","διηγοῦ","διηγοῦ","διηγοῦ","διηγέομαι"
42,08,39,"RR","APN","ὅσα","ὅσα","ὅσα","ὅσος"
42,08,39,"RP","DS","⸂σοι","σοι","σοι","σύ"
42,08,39,"V","3AAI-S","ἐποίησεν⸃","ἐποίησεν","ἐποίησε(ν)","ποιέω"
42,08,39,"RA","NSM","ὁ","ὁ","ὁ","ὁ"
42,08,39,"N","NSM","θεός.","θεός","θεός","θεός"
42,08,39,"C",NULL,"καὶ","καὶ","καί","καί"
42,08,39,"V","3AAI-S","ἀπῆλθεν","ἀπῆλθεν","ἀπῆλθε(ν)","ἀπέρχομαι"
42,08,39,"P",NULL,"καθ’","καθ’","κατά","κατά"
42,08,39,"A","ASF","ὅλην","ὅλην","ὅλην","ὅλος"
42,08,39,"RA","ASF","τὴν","τὴν","τήν","ὁ"
42,08,39,"N","ASF","πόλιν","πόλιν","πόλιν","πόλις"
42,08,39,"V","PAPNSM","κηρύσσων","κηρύσσων","κηρύσσων","κηρύσσω"
42,08,39,"RR","APN","ὅσα","ὅσα","ὅσα","ὅσος"
42,08,39,"V","3AAI-S","ἐποίησεν","ἐποίησεν","ἐποίησε(ν)","ποιέω"
42,08,39,"RP","DSM","αὐτῷ","αὐτῷ","αὐτῷ","αὐτός"
42,08,39,"RA","NSM","ὁ","ὁ","ὁ","ὁ"
42,08,39,"N","NSM","Ἰησοῦς.","Ἰησοῦς","Ἰησοῦς","Ἰησοῦς"
42,08,40,"P",NULL,"⸂Ἐν","Ἐν","ἐν","ἐν"
42,08,40,"C",NULL,"δὲ⸃","δὲ","δέ","δέ"
42,08,40,"RA","DSN","τῷ","τῷ","τῷ","ὁ"
42,08,40,"V","PAN","⸀ὑποστρέφειν","ὑποστρέφειν","ὑποστρέφειν","ὑποστρέφω"
42,08,40,"RA","ASM","τὸν","τὸν","τόν","ὁ"
42,08,40,"N","ASM","Ἰησοῦν","Ἰησοῦν","Ἰησοῦν","Ἰησοῦς"
42,08,40,"V","3AMI-S","ἀπεδέξατο","ἀπεδέξατο","ἀπεδέξατο","ἀποδέχομαι"
42,08,40,"RP","ASM","αὐτὸν","αὐτὸν","αὐτόν","αὐτός"
42,08,40,"RA","NSM","ὁ","ὁ","ὁ","ὁ"
42,08,40,"N","NSM","ὄχλος,","ὄχλος","ὄχλος","ὄχλος"
42,08,40,"V","3IAI-P","ἦσαν","ἦσαν","ἦσαν","εἰμί"
42,08,40,"C",NULL,"γὰρ","γὰρ","γάρ","γάρ"
42,08,40,"A","NPM","πάντες","πάντες","πάντες","πᾶς"
42,08,40,"V","PAPNPM","προσδοκῶντες","προσδοκῶντες","προσδοκῶντες","προσδοκάω"
42,08,40,"RP","ASM","αὐτόν.","αὐτόν","αὐτόν","αὐτός"
42,08,41,"C",NULL,"καὶ","καὶ","καί","καί"
42,08,41,"X",NULL,"ἰδοὺ","ἰδοὺ","ἰδού","ἰδού"
42,08,41,"V","3AAI-S","ἦλθεν","ἦλθεν","ἦλθε(ν)","ἔρχομαι"
42,08,41,"N","NSM","ἀνὴρ","ἀνὴρ","ἀνήρ","ἀνήρ"
42,08,41,"RR","DSM","ᾧ","ᾧ","ᾧ","ὅς"
42,08,41,"N","NSN","ὄνομα","ὄνομα","ὄνομα","ὄνομα"
42,08,41,"N","NSM","Ἰάϊρος,","Ἰάϊρος","Ἰάϊρος","Ἰάϊρος"
42,08,41,"C",NULL,"καὶ","καὶ","καί","καί"
42,08,41,"RD","NSM","⸀οὗτος","οὗτος","οὗτος","οὗτος"
42,08,41,"N","NSM","ἄρχων","ἄρχων","ἄρχων","ἄρχων"
42,08,41,"RA","GSF","τῆς","τῆς","τῆς","ὁ"
42,08,41,"N","GSF","συναγωγῆς","συναγωγῆς","συναγωγῆς","συναγωγή"
42,08,41,"V","3IAI-S","ὑπῆρχεν,","ὑπῆρχεν","ὑπῆρχε(ν)","ὑπάρχω"
42,08,41,"C",NULL,"καὶ","καὶ","καί","καί"
42,08,41,"V","AAPNSM","πεσὼν","πεσὼν","πεσών","πίπτω"
42,08,41,"P",NULL,"παρὰ","παρὰ","παρά","παρά"
42,08,41,"RA","APM","τοὺς","τοὺς","τούς","ὁ"
42,08,41,"N","APM","πόδας","πόδας","πόδας","πούς"
42,08,41,"RA","GSM","⸀τοῦ","τοῦ","τοῦ","ὁ"
42,08,41,"N","GSM","Ἰησοῦ","Ἰησοῦ","Ἰησοῦ","Ἰησοῦς"
42,08,41,"V","3IAI-S","παρεκάλει","παρεκάλει","παρεκάλει","παρακαλέω"
42,08,41,"RP","ASM","αὐτὸν","αὐτὸν","αὐτόν","αὐτός"
42,08,41,"V","AAN","εἰσελθεῖν","εἰσελθεῖν","εἰσελθεῖν","εἰσέρχομαι"
42,08,41,"P",NULL,"εἰς","εἰς","εἰς","εἰς"
42,08,41,"RA","ASM","τὸν","τὸν","τόν","ὁ"
42,08,41,"N","ASM","οἶκον","οἶκον","οἶκον","οἶκος"
42,08,41,"RP","GSM","αὐτοῦ,","αὐτοῦ","αὐτοῦ","αὐτός"
42,08,42,"C",NULL,"ὅτι","ὅτι","ὅτι","ὅτι"
42,08,42,"N","NSF","θυγάτηρ","θυγάτηρ","θυγάτηρ","θυγάτηρ"
42,08,42,"A","NSF","μονογενὴς","μονογενὴς","μονογενής","μονογενής"
42,08,42,"V","3IAI-S","ἦν","ἦν","ἦν","εἰμί"
42,08,42,"RP","DSM","αὐτῷ","αὐτῷ","αὐτῷ","αὐτός"
42,08,42,"D",NULL,"ὡς","ὡς","ὡς","ὡς"
42,08,42,"N","GPN","ἐτῶν","ἐτῶν","ἐτῶν","ἔτος"
42,08,42,"A","GPN","δώδεκα","δώδεκα","δώδεκα","δώδεκα"
42,08,42,"C",NULL,"καὶ","καὶ","καί","καί"
42,08,42,"RP","NSF","αὐτὴ","αὐτὴ","αὐτή","αὐτός"
42,08,42,"V","3IAI-S","ἀπέθνῃσκεν.","ἀπέθνῃσκεν","ἀπέθνῃσκε(ν)","ἀποθνῄσκω"
42,08,42,"P",NULL,"Ἐν","Ἐν","ἐν","ἐν"
42,08,42,"C",NULL,"δὲ","δὲ","δέ","δέ"
42,08,42,"RA","DSN","τῷ","τῷ","τῷ","ὁ"
42,08,42,"V","PAN","ὑπάγειν","ὑπάγειν","ὑπάγειν","ὑπάγω"
42,08,42,"RP","ASM","αὐτὸν","αὐτὸν","αὐτόν","αὐτός"
42,08,42,"RA","NPM","οἱ","οἱ","οἱ","ὁ"
42,08,42,"N","NPM","ὄχλοι","ὄχλοι","ὄχλοι","ὄχλος"
42,08,42,"V","3IAI-P","συνέπνιγον","συνέπνιγον","συνέπνιγον","συμπνίγω"
42,08,42,"RP","ASM","αὐτόν.","αὐτόν","αὐτόν","αὐτός"
42,08,43,"C",NULL,"καὶ","καὶ","καί","καί"
42,08,43,"N","NSF","γυνὴ","γυνὴ","γυνή","γυνή"
42,08,43,"V","PAPNSF","οὖσα","οὖσα","οὖσα","εἰμί"
42,08,43,"P",NULL,"ἐν","ἐν","ἐν","ἐν"
42,08,43,"N","DSF","ῥύσει","ῥύσει","ῥύσει","ῥύσις"
42,08,43,"N","GSN","αἵματος","αἵματος","αἵματος","αἷμα"
42,08,43,"P",NULL,"ἀπὸ","ἀπὸ","ἀπό","ἀπό"
42,08,43,"N","GPN","ἐτῶν","ἐτῶν","ἐτῶν","ἔτος"
42,08,43,"A","GPN","δώδεκα,","δώδεκα","δώδεκα","δώδεκα"
42,08,43,"RR","NSF","ἥτις","ἥτις","ἥτις","ὅστις"
42,08,43,"N","DPM","⸂ἰατροῖς","ἰατροῖς","ἰατροῖς","ἰατρός"
42,08,43,"V","AAPNSF","προσαναλώσασα","προσαναλώσασα","προσαναλώσασα","προσαναλίσκω"
42,08,43,"A","ASM","ὅλον","ὅλον","ὅλον","ὅλος"
42,08,43,"RA","ASM","τὸν","τὸν","τόν","ὁ"
42,08,43,"N","ASM","βίον⸃","βίον","βίον","βίος"
42,08,43,"D",NULL,"οὐκ","οὐκ","οὐ","οὐ"
42,08,43,"V","3AAI-S","ἴσχυσεν","ἴσχυσεν","ἴσχυσε(ν)","ἰσχύω"
42,08,43,"P",NULL,"⸀ἀπ’","ἀπ’","ἀπό","ἀπό"
42,08,43,"A","GSN","οὐδενὸς","οὐδενὸς","οὐδενός","οὐδείς"
42,08,43,"V","APN","θεραπευθῆναι,","θεραπευθῆναι","θεραπευθῆναι","θεραπεύω"
42,08,44,"V","AAPNSF","προσελθοῦσα","προσελθοῦσα","προσελθοῦσα","προσέρχομαι"
42,08,44,"D",NULL,"ὄπισθεν","ὄπισθεν","ὄπισθεν","ὄπισθεν"
42,08,44,"V","3AMI-S","ἥψατο","ἥψατο","ἥψατο","ἅπτω"
42,08,44,"RA","GSN","τοῦ","τοῦ","τοῦ","ὁ"
42,08,44,"N","GSN","κρασπέδου","κρασπέδου","κρασπέδου","κράσπεδον"
42,08,44,"RA","GSN","τοῦ","τοῦ","τοῦ","ὁ"
42,08,44,"N","GSN","ἱματίου","ἱματίου","ἱματίου","ἱμάτιον"
42,08,44,"RP","GSM","αὐτοῦ,","αὐτοῦ","αὐτοῦ","αὐτός"
42,08,44,"C",NULL,"καὶ","καὶ","καί","καί"
42,08,44,"D",NULL,"παραχρῆμα","παραχρῆμα","παραχρῆμα","παραχρῆμα"
42,08,44,"V","3AAI-S","ἔστη","ἔστη","ἔστη","ἵστημι"
42,08,44,"RA","NSF","ἡ","ἡ","ἡ","ὁ"
42,08,44,"N","NSF","ῥύσις","ῥύσις","ῥύσις","ῥύσις"
42,08,44,"RA","GSN","τοῦ","τοῦ","τοῦ","ὁ"
42,08,44,"N","GSN","αἵματος","αἵματος","αἵματος","αἷμα"
42,08,44,"RP","GSF","αὐτῆς.","αὐτῆς","αὐτῆς","αὐτός"
42,08,45,"C",NULL,"καὶ","καὶ","καί","καί"
42,08,45,"V","3AAI-S","εἶπεν","εἶπεν","εἶπε(ν)","λέγω"
42,08,45,"RA","NSM","ὁ","ὁ","ὁ","ὁ"
42,08,45,"N","NSM","Ἰησοῦς·","Ἰησοῦς","Ἰησοῦς","Ἰησοῦς"
42,08,45,"RI","NSM","Τίς","Τίς","τίς","τίς"
42,08,45,"RA","NSM","ὁ","ὁ","ὁ","ὁ"
42,08,45,"V","AMPNSM","ἁψάμενός","ἁψάμενός","ἁψάμενος","ἅπτω"
42,08,45,"RP","GS","μου;","μου","μου","ἐγώ"
42,08,45,"V","PMPGPM","ἀρνουμένων","ἀρνουμένων","ἀρνουμένων","ἀρνέομαι"
42,08,45,"C",NULL,"δὲ","δὲ","δέ","δέ"
42,08,45,"A","GPM","πάντων","πάντων","πάντων","πᾶς"
42,08,45,"V","3AAI-S","εἶπεν","εἶπεν","εἶπε(ν)","λέγω"
42,08,45,"RA","NSM","ὁ","ὁ","ὁ","ὁ"
42,08,45,"N","NSM","⸀Πέτρος·","Πέτρος","Πέτρος","Πέτρος"
42,08,45,"N","VSM","Ἐπιστάτα,","Ἐπιστάτα","ἐπιστάτα","ἐπιστάτης"
42,08,45,"RA","NPM","οἱ","οἱ","οἱ","ὁ"
42,08,45,"N","NPM","ὄχλοι","ὄχλοι","ὄχλοι","ὄχλος"
42,08,45,"V","3PAI-P","συνέχουσίν","συνέχουσίν","συνέχουσι(ν)","συνέχω"
42,08,45,"RP","AS","σε","σε","σε","σύ"
42,08,45,"C",NULL,"καὶ","καὶ","καί","καί"
42,08,45,"V","3PAI-P","⸀ἀποθλίβουσιν.","ἀποθλίβουσιν","ἀποθλίβουσι(ν)","ἀποθλίβω"
42,08,46,"RA","NSM","ὁ","ὁ","ὁ","ὁ"
42,08,46,"C",NULL,"δὲ","δὲ","δέ","δέ"
42,08,46,"N","NSM","Ἰησοῦς","Ἰησοῦς","Ἰησοῦς","Ἰησοῦς"
42,08,46,"V","3AAI-S","εἶπεν·","εἶπεν","εἶπε(ν)","λέγω"
42,08,46,"V","3AMI-S","Ἥψατό","Ἥψατό","ἥψατο","ἅπτω"
42,08,46,"RP","GS","μού","μού","μου","ἐγώ"
42,08,46,"RI","NSM","τις,","τις","τὶς","τις"
42,08,46,"RP","NS","ἐγὼ","ἐγὼ","ἐγώ","ἐγώ"
42,08,46,"C",NULL,"γὰρ","γὰρ","γάρ","γάρ"
42,08,46,"V","1AAI-S","ἔγνων","ἔγνων","ἔγνων","γινώσκω"
42,08,46,"N","ASF","δύναμιν","δύναμιν","δύναμιν","δύναμις"
42,08,46,"V","XAPASF","⸀ἐξεληλυθυῖαν","ἐξεληλυθυῖαν","ἐξεληλυθυῖαν","ἐξέρχομαι"
42,08,46,"P",NULL,"ἀπ’","ἀπ’","ἀπό","ἀπό"
42,08,46,"RP","GS","ἐμοῦ.","ἐμοῦ","ἐμοῦ","ἐγώ"
42,08,47,"V","AAPNSF","ἰδοῦσα","ἰδοῦσα","ἰδοῦσα","ὁράω"
42,08,47,"C",NULL,"δὲ","δὲ","δέ","δέ"
42,08,47,"RA","NSF","ἡ","ἡ","ἡ","ὁ"
42,08,47,"N","NSF","γυνὴ","γυνὴ","γυνή","γυνή"
42,08,47,"C",NULL,"ὅτι","ὅτι","ὅτι","ὅτι"
42,08,47,"D",NULL,"οὐκ","οὐκ","οὐ","οὐ"
42,08,47,"V","3AAI-S","ἔλαθεν","ἔλαθεν","ἔλαθε(ν)","λανθάνω"
42,08,47,"V","PAPNSF","τρέμουσα","τρέμουσα","τρέμουσα","τρέμω"
42,08,47,"V","3AAI-S","ἦλθεν","ἦλθεν","ἦλθε(ν)","ἔρχομαι"
42,08,47,"C",NULL,"καὶ","καὶ","καί","καί"
42,08,47,"V","AAPNSF","προσπεσοῦσα","προσπεσοῦσα","προσπεσοῦσα","προσπίπτω"
42,08,47,"RP","DSM","αὐτῷ","αὐτῷ","αὐτῷ","αὐτός"
42,08,47,"P",NULL,"δι’","δι’","διά","διά"
42,08,47,"RR","ASF","ἣν","ἣν","ἥν","ὅς"
42,08,47,"N","ASF","αἰτίαν","αἰτίαν","αἰτίαν","αἰτία"
42,08,47,"V","3AMI-S","ἥψατο","ἥψατο","ἥψατο","ἅπτω"
42,08,47,"RP","GSM","αὐτοῦ","αὐτοῦ","αὐτοῦ","αὐτός"
42,08,47,"V","3AAI-S","⸀ἀπήγγειλεν","ἀπήγγειλεν","ἀπήγγειλε(ν)","ἀπαγγέλλω"
42,08,47,"P",NULL,"ἐνώπιον","ἐνώπιον","ἐνώπιον","ἐνώπιον"
42,08,47,"A","GSM","παντὸς","παντὸς","παντός","πᾶς"
42,08,47,"RA","GSM","τοῦ","τοῦ","τοῦ","ὁ"
42,08,47,"N","GSM","λαοῦ","λαοῦ","λαοῦ","λαός"
42,08,47,"C",NULL,"καὶ","καὶ","καί","καί"
42,08,47,"C",NULL,"ὡς","ὡς","ὡς","ὡς"
42,08,47,"V","3API-S","ἰάθη","ἰάθη","ἰάθη","ἰάομαι"
42,08,47,"D",NULL,"παραχρῆμα.","παραχρῆμα","παραχρῆμα","παραχρῆμα"
42,08,48,"RA","NSM","ὁ","ὁ","ὁ","ὁ"
42,08,48,"C",NULL,"δὲ","δὲ","δέ","δέ"
42,08,48,"V","3AAI-S","εἶπεν","εἶπεν","εἶπε(ν)","λέγω"
42,08,48,"RP","DSF","αὐτῇ·","αὐτῇ","αὐτῇ","αὐτός"
42,08,48,"N","NSF","⸀Θυγάτηρ,","Θυγάτηρ","θυγάτηρ","θυγάτηρ"
42,08,48,"RA","NSF","ἡ","ἡ","ἡ","ὁ"
42,08,48,"N","NSF","πίστις","πίστις","πίστις","πίστις"
42,08,48,"RP","GS","σου","σου","σου","σύ"
42,08,48,"V","3XAI-S","σέσωκέν","σέσωκέν","σέσωκε(ν)","σῴζω"
42,08,48,"RP","AS","σε·","σε","σε","σύ"
42,08,48,"V","2PMD-S","πορεύου","πορεύου","πορεύου","πορεύομαι"
42,08,48,"P",NULL,"εἰς","εἰς","εἰς","εἰς"
42,08,48,"N","ASF","εἰρήνην.","εἰρήνην","εἰρήνην","εἰρήνη"
42,08,49,"D",NULL,"Ἔτι","Ἔτι","ἔτι","ἔτι"
42,08,49,"RP","GSM","αὐτοῦ","αὐτοῦ","αὐτοῦ","αὐτός"
42,08,49,"V","PAPGSM","λαλοῦντος","λαλοῦντος","λαλοῦντος","λαλέω"
42,08,49,"V","3PMI-S","ἔρχεταί","ἔρχεταί","ἔρχεται","ἔρχομαι"
42,08,49,"RI","NSM","τις","τις","τὶς","τις"
42,08,49,"P",NULL,"παρὰ","παρὰ","παρά","παρά"
42,08,49,"RA","GSM","τοῦ","τοῦ","τοῦ","ὁ"
42,08,49,"N","GSM","ἀρχισυναγώγου","ἀρχισυναγώγου","ἀρχισυναγώγου","ἀρχισυνάγωγος"
42,08,49,"V","PAPNSM","⸀λέγων","λέγων","λέγων","λέγω"
42,08,49,"C",NULL,"ὅτι","ὅτι","ὅτι","ὅτι"
42,08,49,"V","3XAI-S","Τέθνηκεν","Τέθνηκεν","τέθνηκε(ν)","θνῄσκω"
42,08,49,"RA","NSF","ἡ","ἡ","ἡ","ὁ"
42,08,49,"N","NSF","θυγάτηρ","θυγάτηρ","θυγάτηρ","θυγάτηρ"
42,08,49,"RP","GS","σου,","σου","σου","σύ"
42,08,49,"D",NULL,"⸀μηκέτι","μηκέτι","μηκέτι","μηκέτι"
42,08,49,"V","2PAD-S","σκύλλε","σκύλλε","σκύλλε","σκύλλω"
42,08,49,"RA","ASM","τὸν","τὸν","τόν","ὁ"
42,08,49,"N","ASM","διδάσκαλον.","διδάσκαλον","διδάσκαλον","διδάσκαλος"
42,08,50,"RA","NSM","ὁ","ὁ","ὁ","ὁ"
42,08,50,"C",NULL,"δὲ","δὲ","δέ","δέ"
42,08,50,"N","NSM","Ἰησοῦς","Ἰησοῦς","Ἰησοῦς","Ἰησοῦς"
42,08,50,"V","AAPNSM","ἀκούσας","ἀκούσας","ἀκούσας","ἀκούω"
42,08,50,"V","3API-S","ἀπεκρίθη","ἀπεκρίθη","ἀπεκρίθη","ἀποκρίνομαι"
42,08,50,"RP","DSM","⸀αὐτῷ·","αὐτῷ","αὐτῷ","αὐτός"
42,08,50,"D",NULL,"Μὴ","Μὴ","μή","μή"
42,08,50,"V","2PMD-S","φοβοῦ,","φοβοῦ","φοβοῦ","φοβέομαι"
42,08,50,"A","ASN","μόνον","μόνον","μόνον","μόνος"
42,08,50,"V","2AAD-S","⸀πίστευσον,","πίστευσον","πίστευσον","πιστεύω"
42,08,50,"C",NULL,"καὶ","καὶ","καί","καί"
42,08,50,"V","3FPI-S","σωθήσεται.","σωθήσεται","σωθήσεται","σῴζω"
42,08,51,"V","AAPNSM","ἐλθὼν","ἐλθὼν","ἐλθών","ἔρχομαι"
42,08,51,"C",NULL,"δὲ","δὲ","δέ","δέ"
42,08,51,"P",NULL,"εἰς","εἰς","εἰς","εἰς"
42,08,51,"RA","ASF","τὴν","τὴν","τήν","ὁ"
42,08,51,"N","ASF","οἰκίαν","οἰκίαν","οἰκίαν","οἰκία"
42,08,51,"D",NULL,"οὐκ","οὐκ","οὐ","οὐ"
42,08,51,"V","3AAI-S","ἀφῆκεν","ἀφῆκεν","ἀφῆκε(ν)","ἀφίημι"
42,08,51,"V","AAN","εἰσελθεῖν","εἰσελθεῖν","εἰσελθεῖν","εἰσέρχομαι"
42,08,51,"RI","ASM","⸂τινα","τινα","τινά","τις"
42,08,51,"P",NULL,"σὺν","σὺν","σύν","σύν"
42,08,51,"RP","DSM","αὐτῷ⸃","αὐτῷ","αὐτῷ","αὐτός"
42,08,51,"C",NULL,"εἰ","εἰ","εἰ","εἰ"
42,08,51,"D",NULL,"μὴ","μὴ","μή","μή"
42,08,51,"N","ASM","Πέτρον","Πέτρον","Πέτρον","Πέτρος"
42,08,51,"C",NULL,"καὶ","καὶ","καί","καί"
42,08,51,"N","ASM","Ἰωάννην","Ἰωάννην","Ἰωάννην","Ἰωάννης"
42,08,51,"C",NULL,"καὶ","καὶ","καί","καί"
42,08,51,"N","ASM","Ἰάκωβον","Ἰάκωβον","Ἰάκωβον","Ἰάκωβος"
42,08,51,"C",NULL,"καὶ","καὶ","καί","καί"
42,08,51,"RA","ASM","τὸν","τὸν","τόν","ὁ"
42,08,51,"N","ASM","πατέρα","πατέρα","πατέρα","πατήρ"
42,08,51,"RA","GSF","τῆς","τῆς","τῆς","ὁ"
42,08,51,"N","GSF","παιδὸς","παιδὸς","παιδός","παῖς"
42,08,51,"C",NULL,"καὶ","καὶ","καί","καί"
42,08,51,"RA","ASF","τὴν","τὴν","τήν","ὁ"
42,08,51,"N","ASF","μητέρα.","μητέρα","μητέρα","μήτηρ"
42,08,52,"V","3IAI-P","ἔκλαιον","ἔκλαιον","ἔκλαιον","κλαίω"
42,08,52,"C",NULL,"δὲ","δὲ","δέ","δέ"
42,08,52,"A","NPM","πάντες","πάντες","πάντες","πᾶς"
42,08,52,"C",NULL,"καὶ","καὶ","καί","καί"
42,08,52,"V","3IMI-P","ἐκόπτοντο","ἐκόπτοντο","ἐκόπτοντο","κόπτω"
42,08,52,"RP","ASF","αὐτήν.","αὐτήν","αὐτήν","αὐτός"
42,08,52,"RA","NSM","ὁ","ὁ","ὁ","ὁ"
42,08,52,"C",NULL,"δὲ","δὲ","δέ","δέ"
42,08,52,"V","3AAI-S","εἶπεν·","εἶπεν","εἶπε(ν)","λέγω"
42,08,52,"D",NULL,"Μὴ","Μὴ","μή","μή"
42,08,52,"V","2PAD-P","κλαίετε,","κλαίετε","κλαίετε","κλαίω"
42,08,52,"D",NULL,"⸂οὐ","οὐ","οὐ","οὐ"
42,08,52,"C",NULL,"γὰρ⸃","γὰρ","γάρ","γάρ"
42,08,52,"V","3AAI-S","ἀπέθανεν","ἀπέθανεν","ἀπέθανε(ν)","ἀποθνῄσκω"
42,08,52,"C",NULL,"ἀλλὰ","ἀλλὰ","ἀλλά","ἀλλά"
42,08,52,"V","3PAI-S","καθεύδει.","καθεύδει","καθεύδει","καθεύδω"
42,08,53,"C",NULL,"καὶ","καὶ","καί","καί"
42,08,53,"V","3IAI-P","κατεγέλων","κατεγέλων","κατεγέλων","καταγελάω"
42,08,53,"RP","GSM","αὐτοῦ,","αὐτοῦ","αὐτοῦ","αὐτός"
42,08,53,"V","XAPNPM","εἰδότες","εἰδότες","εἰδότες","οἶδα"
42,08,53,"C",NULL,"ὅτι","ὅτι","ὅτι","ὅτι"
42,08,53,"V","3AAI-S","ἀπέθανεν.","ἀπέθανεν","ἀπέθανε(ν)","ἀποθνῄσκω"
42,08,54,"RP","NSM","αὐτὸς","αὐτὸς","αὐτός","αὐτός"
42,08,54,"C",NULL,"⸀δὲ","δὲ","δέ","δέ"
42,08,54,"V","AAPNSM","κρατήσας","κρατήσας","κρατήσας","κρατέω"
42,08,54,"RA","GSF","τῆς","τῆς","τῆς","ὁ"
42,08,54,"N","GSF","χειρὸς","χειρὸς","χειρός","χείρ"
42,08,54,"RP","GSF","αὐτῆς","αὐτῆς","αὐτῆς","αὐτός"
42,08,54,"V","3AAI-S","ἐφώνησεν","ἐφώνησεν","ἐφώνησε(ν)","φωνέω"
42,08,54,"V","PAPNSM","λέγων·","λέγων","λέγων","λέγω"
42,08,54,"RA","NSF","Ἡ","Ἡ","ἡ","ὁ"
42,08,54,"N","NSF","παῖς,","παῖς","παῖς","παῖς"
42,08,54,"V","2PAD-S","⸀ἔγειρε.","ἔγειρε","ἔγειρε","ἐγείρω"
42,08,55,"C",NULL,"καὶ","καὶ","καί","καί"
42,08,55,"V","3AAI-S","ἐπέστρεψεν","ἐπέστρεψεν","ἐπέστρεψε(ν)","ἐπιστρέφω"
42,08,55,"RA","NSN","τὸ","τὸ","τό","ὁ"
42,08,55,"N","NSN","πνεῦμα","πνεῦμα","πνεῦμα","πνεῦμα"
42,08,55,"RP","GSF","αὐτῆς,","αὐτῆς","αὐτῆς","αὐτός"
42,08,55,"C",NULL,"καὶ","καὶ","καί","καί"
42,08,55,"V","3AAI-S","ἀνέστη","ἀνέστη","ἀνέστη","ἀνίστημι"
42,08,55,"D",NULL,"παραχρῆμα,","παραχρῆμα","παραχρῆμα","παραχρῆμα"
42,08,55,"C",NULL,"καὶ","καὶ","καί","καί"
42,08,55,"V","3AAI-S","διέταξεν","διέταξεν","διέταξε(ν)","διατάσσω"
42,08,55,"RP","DSF","αὐτῇ","αὐτῇ","αὐτῇ","αὐτός"
42,08,55,"V","APN","δοθῆναι","δοθῆναι","δοθῆναι","δίδωμι"
42,08,55,"V","AAN","φαγεῖν.","φαγεῖν","φαγεῖν","ἐσθίω"
42,08,56,"C",NULL,"καὶ","καὶ","καί","καί"
42,08,56,"V","3AAI-P","ἐξέστησαν","ἐξέστησαν","ἐξέστησαν","ἐξίστημι"
42,08,56,"RA","NPM","οἱ","οἱ","οἱ","ὁ"
42,08,56,"N","NPM","γονεῖς","γονεῖς","γονεῖς","γονεύς"
42,08,56,"RP","GSF","αὐτῆς·","αὐτῆς","αὐτῆς","αὐτός"
42,08,56,"RA","NSM","ὁ","ὁ","ὁ","ὁ"
42,08,56,"C",NULL,"δὲ","δὲ","δέ","δέ"
42,08,56,"V","3AAI-S","παρήγγειλεν","παρήγγειλεν","παρήγγειλε(ν)","παραγγέλλω"
42,08,56,"RP","DPM","αὐτοῖς","αὐτοῖς","αὐτοῖς","αὐτός"
42,08,56,"A","DSM","μηδενὶ","μηδενὶ","μηδενί","μηδείς"
42,08,56,"V","AAN","εἰπεῖν","εἰπεῖν","εἰπεῖν","λέγω"
42,08,56,"RA","ASN","τὸ","τὸ","τό","ὁ"
42,08,56,"V","XAPASN","γεγονός.","γεγονός","γεγονός","γίνομαι"
42,09,01,"V","AMPNSM","Συγκαλεσάμενος","Συγκαλεσάμενος","συγκαλεσάμενος","συγκαλέω"
42,09,01,"C",NULL,"δὲ","δὲ","δέ","δέ"
42,09,01,"RA","APM","τοὺς","τοὺς","τούς","ὁ"
42,09,01,"A","APM","δώδεκα","δώδεκα","δώδεκα","δώδεκα"
42,09,01,"V","3AAI-S","ἔδωκεν","ἔδωκεν","ἔδωκε(ν)","δίδωμι"
42,09,01,"RP","DPM","αὐτοῖς","αὐτοῖς","αὐτοῖς","αὐτός"
42,09,01,"N","ASF","δύναμιν","δύναμιν","δύναμιν","δύναμις"
42,09,01,"C",NULL,"καὶ","καὶ","καί","καί"
42,09,01,"N","ASF","ἐξουσίαν","ἐξουσίαν","ἐξουσίαν","ἐξουσία"
42,09,01,"P",NULL,"ἐπὶ","ἐπὶ","ἐπί","ἐπί"
42,09,01,"A","APN","πάντα","πάντα","πάντα","πᾶς"
42,09,01,"RA","APN","τὰ","τὰ","τά","ὁ"
42,09,01,"N","APN","δαιμόνια","δαιμόνια","δαιμόνια","δαιμόνιον"
42,09,01,"C",NULL,"καὶ","καὶ","καί","καί"
42,09,01,"N","APF","νόσους","νόσους","νόσους","νόσος"
42,09,01,"V","PAN","θεραπεύειν,","θεραπεύειν","θεραπεύειν","θεραπεύω"
42,09,02,"C",NULL,"καὶ","καὶ","καί","καί"
42,09,02,"V","3AAI-S","ἀπέστειλεν","ἀπέστειλεν","ἀπέστειλε(ν)","ἀποστέλλω"
42,09,02,"RP","APM","αὐτοὺς","αὐτοὺς","αὐτούς","αὐτός"
42,09,02,"V","PAN","κηρύσσειν","κηρύσσειν","κηρύσσειν","κηρύσσω"
42,09,02,"RA","ASF","τὴν","τὴν","τήν","ὁ"
42,09,02,"N","ASF","βασιλείαν","βασιλείαν","βασιλείαν","βασιλεία"
42,09,02,"RA","GSM","τοῦ","τοῦ","τοῦ","ὁ"
42,09,02,"N","GSM","θεοῦ","θεοῦ","θεοῦ","θεός"
42,09,02,"C",NULL,"καὶ","καὶ","καί","καί"
42,09,02,"V","PMN","ἰᾶσθαι","ἰᾶσθαι","ἰᾶσθαι","ἰάομαι"
42,09,02,"RA","APM","⸂τοὺς","τοὺς","τούς","ὁ"
42,09,02,"A","APM","ἀσθενεῖς⸃,","ἀσθενεῖς","ἀσθενεῖς","ἀσθενής"
42,09,03,"C",NULL,"καὶ","καὶ","καί","καί"
42,09,03,"V","3AAI-S","εἶπεν","εἶπεν","εἶπε(ν)","λέγω"
42,09,03,"P",NULL,"πρὸς","πρὸς","πρός","πρός"
42,09,03,"RP","APM","αὐτούς·","αὐτούς","αὐτούς","αὐτός"
42,09,03,"A","ASN","Μηδὲν","Μηδὲν","μηδέν","μηδείς"
42,09,03,"V","2PAD-P","αἴρετε","αἴρετε","αἴρετε","αἴρω"
42,09,03,"P",NULL,"εἰς","εἰς","εἰς","εἰς"
42,09,03,"RA","ASF","τὴν","τὴν","τήν","ὁ"
42,09,03,"N","ASF","ὁδόν,","ὁδόν","ὁδόν","ὁδός"
42,09,03,"C",NULL,"μήτε","μήτε","μήτε","μήτε"
42,09,03,"N","ASF","⸀ῥάβδον","ῥάβδον","ῥάβδον","ῥάβδος"
42,09,03,"C",NULL,"μήτε","μήτε","μήτε","μήτε"
42,09,03,"N","ASF","πήραν","πήραν","πήραν","πήρα"
42,09,03,"C",NULL,"μήτε","μήτε","μήτε","μήτε"
42,09,03,"N","ASM","ἄρτον","ἄρτον","ἄρτον","ἄρτος"
42,09,03,"C",NULL,"μήτε","μήτε","μήτε","μήτε"
42,09,03,"N","ASN","ἀργύριον,","ἀργύριον","ἀργύριον","ἀργύριον"
42,09,03,"C",NULL,"μήτε","μήτε","μήτε","μήτε"
42,09,03,"D",NULL,"⸀ἀνὰ","ἀνὰ","ἀνά","ἀνά"
42,09,03,"A","APM","δύο","δύο","δύο","δύο"
42,09,03,"N","APM","χιτῶνας","χιτῶνας","χιτῶνας","χιτών"
42,09,03,"V","PAN","ἔχειν.","ἔχειν","ἔχειν","ἔχω"
42,09,04,"C",NULL,"καὶ","καὶ","καί","καί"
42,09,04,"P",NULL,"εἰς","εἰς","εἰς","εἰς"
42,09,04,"RR","ASF","ἣν","ἣν","ἥν","ὅς"
42,09,04,"X",NULL,"ἂν","ἂν","ἄν","ἄν"
42,09,04,"N","ASF","οἰκίαν","οἰκίαν","οἰκίαν","οἰκία"
42,09,04,"V","2AAS-P","εἰσέλθητε,","εἰσέλθητε","εἰσέλθητε","εἰσέρχομαι"
42,09,04,"D",NULL,"ἐκεῖ","ἐκεῖ","ἐκεῖ","ἐκεῖ"
42,09,04,"V","2PAD-P","μένετε","μένετε","μένετε","μένω"
42,09,04,"C",NULL,"καὶ","καὶ","καί","καί"
42,09,04,"D",NULL,"ἐκεῖθεν","ἐκεῖθεν","ἐκεῖθεν","ἐκεῖθεν"
42,09,04,"V","2PMD-P","ἐξέρχεσθε.","ἐξέρχεσθε","ἐξέρχεσθε","ἐξέρχομαι"
42,09,05,"C",NULL,"καὶ","καὶ","καί","καί"
42,09,05,"RR","NPM","ὅσοι","ὅσοι","ὅσοι","ὅσος"
42,09,05,"X",NULL,"⸀ἂν","ἂν","ἄν","ἄν"
42,09,05,"D",NULL,"μὴ","μὴ","μή","μή"
42,09,05,"V","3PMS-P","⸀δέχωνται","δέχωνται","δέχωνται","δέχομαι"
42,09,05,"RP","AP","ὑμᾶς,","ὑμᾶς","ὑμᾶς","σύ"
42,09,05,"V","PMPNPM","ἐξερχόμενοι","ἐξερχόμενοι","ἐξερχόμενοι","ἐξέρχομαι"
42,09,05,"P",NULL,"ἀπὸ","ἀπὸ","ἀπό","ἀπό"
42,09,05,"RA","GSF","τῆς","τῆς","τῆς","ὁ"
42,09,05,"N","GSF","πόλεως","πόλεως","πόλεως","πόλις"
42,09,05,"RD","GSF","⸀ἐκείνης","ἐκείνης","ἐκείνης","ἐκεῖνος"
42,09,05,"RA","ASM","τὸν","τὸν","τόν","ὁ"
42,09,05,"N","ASM","κονιορτὸν","κονιορτὸν","κονιορτόν","κονιορτός"
42,09,05,"P",NULL,"ἀπὸ","ἀπὸ","ἀπό","ἀπό"
42,09,05,"RA","GPM","τῶν","τῶν","τῶν","ὁ"
42,09,05,"N","GPM","ποδῶν","ποδῶν","ποδῶν","πούς"
42,09,05,"RP","GP","ὑμῶν","ὑμῶν","ὑμῶν","σύ"
42,09,05,"V","2PAD-P","⸀ἀποτινάσσετε","ἀποτινάσσετε","ἀποτινάσσετε","ἀποτινάσσω"
42,09,05,"P",NULL,"εἰς","εἰς","εἰς","εἰς"
42,09,05,"N","ASN","μαρτύριον","μαρτύριον","μαρτύριον","μαρτύριον"
42,09,05,"P",NULL,"ἐπ’","ἐπ’","ἐπί","ἐπί"
42,09,05,"RP","APM","αὐτούς.","αὐτούς","αὐτούς","αὐτός"
42,09,06,"V","PMPNPM","ἐξερχόμενοι","ἐξερχόμενοι","ἐξερχόμενοι","ἐξέρχομαι"
42,09,06,"C",NULL,"δὲ","δὲ","δέ","δέ"
42,09,06,"V","3IMI-P","διήρχοντο","διήρχοντο","διήρχοντο","διέρχομαι"
42,09,06,"P",NULL,"κατὰ","κατὰ","κατά","κατά"
42,09,06,"RA","APF","τὰς","τὰς","τάς","ὁ"
42,09,06,"N","APF","κώμας","κώμας","κώμας","κώμη"
42,09,06,"V","PMPNPM","εὐαγγελιζόμενοι","εὐαγγελιζόμενοι","εὐαγγελιζόμενοι","εὐαγγελίζω"
42,09,06,"C",NULL,"καὶ","καὶ","καί","καί"
42,09,06,"V","PAPNPM","θεραπεύοντες","θεραπεύοντες","θεραπεύοντες","θεραπεύω"
42,09,06,"D",NULL,"πανταχοῦ.","πανταχοῦ","πανταχοῦ","πανταχοῦ"
42,09,07,"V","3AAI-S","Ἤκουσεν","Ἤκουσεν","ἤκουσε(ν)","ἀκούω"
42,09,07,"C",NULL,"δὲ","δὲ","δέ","δέ"
42,09,07,"N","NSM","Ἡρῴδης","Ἡρῴδης","Ἡρῴδης","Ἡρῴδης"
42,09,07,"RA","NSM","ὁ","ὁ","ὁ","ὁ"
42,09,07,"N","NSM","τετραάρχης","τετραάρχης","τετραάρχης","τετραάρχης"
42,09,07,"RA","APN","τὰ","τὰ","τά","ὁ"
42,09,07,"V","PMPAPN","⸀γινόμενα","γινόμενα","γινόμενα","γίνομαι"
42,09,07,"A","APN","πάντα,","πάντα","πάντα","πᾶς"
42,09,07,"C",NULL,"καὶ","καὶ","καί","καί"
42,09,07,"V","3IAI-S","διηπόρει","διηπόρει","διηπόρει","διαπορέω"
42,09,07,"P",NULL,"διὰ","διὰ","διά","διά"
42,09,07,"RA","ASN","τὸ","τὸ","τό","ὁ"
42,09,07,"V","PPN","λέγεσθαι","λέγεσθαι","λέγεσθαι","λέγω"
42,09,07,"P",NULL,"ὑπό","ὑπό","ὑπό","ὑπό"
42,09,07,"RI","GPM","τινων","τινων","τινῶν","τις"
42,09,07,"C",NULL,"ὅτι","ὅτι","ὅτι","ὅτι"
42,09,07,"N","NSM","Ἰωάννης","Ἰωάννης","Ἰωάννης","Ἰωάννης"
42,09,07,"V","3API-S","⸀ἠγέρθη","ἠγέρθη","ἠγέρθη","ἐγείρω"
42,09,07,"P",NULL,"ἐκ","ἐκ","ἐκ","ἐκ"
42,09,07,"A","GPM","νεκρῶν,","νεκρῶν","νεκρῶν","νεκρός"
42,09,08,"P",NULL,"ὑπό","ὑπό","ὑπό","ὑπό"
42,09,08,"RI","GPM","τινων","τινων","τινῶν","τις"
42,09,08,"C",NULL,"δὲ","δὲ","δέ","δέ"
42,09,08,"C",NULL,"ὅτι","ὅτι","ὅτι","ὅτι"
42,09,08,"N","NSM","Ἠλίας","Ἠλίας","Ἠλίας","Ἠλίας"
42,09,08,"V","3API-S","ἐφάνη,","ἐφάνη","ἐφάνη","φαίνω"
42,09,08,"A","GPM","ἄλλων","ἄλλων","ἄλλων","ἄλλος"
42,09,08,"C",NULL,"δὲ","δὲ","δέ","δέ"
42,09,08,"C",NULL,"ὅτι","ὅτι","ὅτι","ὅτι"
42,09,08,"N","NSM","προφήτης","προφήτης","προφήτης","προφήτης"
42,09,08,"RI","NSM","⸀τις","τις","τὶς","τις"
42,09,08,"RA","GPM","τῶν","τῶν","τῶν","ὁ"
42,09,08,"A","GPM","ἀρχαίων","ἀρχαίων","ἀρχαίων","ἀρχαῖος"
42,09,08,"V","3AAI-S","ἀνέστη.","ἀνέστη","ἀνέστη","ἀνίστημι"
42,09,09,"V","3AAI-S","⸂εἶπεν","εἶπεν","εἶπε(ν)","λέγω"
42,09,09,"C",NULL,"δὲ⸃","δὲ","δέ","δέ"
42,09,09,"RA","NSM","⸀ὁ","ὁ","ὁ","ὁ"
42,09,09,"N","NSM","Ἡρῴδης·","Ἡρῴδης","Ἡρῴδης","Ἡρῴδης"
42,09,09,"N","ASM","Ἰωάννην","Ἰωάννην","Ἰωάννην","Ἰωάννης"
42,09,09,"RP","NS","ἐγὼ","ἐγὼ","ἐγώ","ἐγώ"
42,09,09,"V","1AAI-S","ἀπεκεφάλισα·","ἀπεκεφάλισα","ἀπεκεφάλισα","ἀποκεφαλίζω"
42,09,09,"RI","NSM","τίς","τίς","τίς","τίς"
42,09,09,"C",NULL,"δέ","δέ","δέ","δέ"
42,09,09,"V","3PAI-S","ἐστιν","ἐστιν","ἐστί(ν)","εἰμί"
42,09,09,"RD","NSM","οὗτος","οὗτος","οὗτος","οὗτος"
42,09,09,"P",NULL,"περὶ","περὶ","περί","περί"
42,09,09,"RR","GSM","⸀οὗ","οὗ","οὗ","ὅς"
42,09,09,"V","1PAI-S","ἀκούω","ἀκούω","ἀκούω","ἀκούω"
42,09,09,"RD","APN","τοιαῦτα;","τοιαῦτα","τοιαῦτα","τοιοῦτος"
42,09,09,"C",NULL,"καὶ","καὶ","καί","καί"
42,09,09,"V","3IAI-S","ἐζήτει","ἐζήτει","ἐζήτει","ζητέω"
42,09,09,"V","AAN","ἰδεῖν","ἰδεῖν","ἰδεῖν","ὁράω"
42,09,09,"RP","ASM","αὐτόν.","αὐτόν","αὐτόν","αὐτός"
42,09,10,"C",NULL,"Καὶ","Καὶ","καί","καί"
42,09,10,"V","AAPNPM","ὑποστρέψαντες","ὑποστρέψαντες","ὑποστρέψαντες","ὑποστρέφω"
42,09,10,"RA","NPM","οἱ","οἱ","οἱ","ὁ"
42,09,10,"N","NPM","ἀπόστολοι","ἀπόστολοι","ἀπόστολοι","ἀπόστολος"
42,09,10,"V","3AMI-P","διηγήσαντο","διηγήσαντο","διηγήσαντο","διηγέομαι"
42,09,10,"RP","DSM","αὐτῷ","αὐτῷ","αὐτῷ","αὐτός"
42,09,10,"RR","APN","ὅσα","ὅσα","ὅσα","ὅσος"
42,09,10,"V","3AAI-P","ἐποίησαν.","ἐποίησαν","ἐποίησαν","ποιέω"
42,09,10,"C",NULL,"καὶ","καὶ","καί","καί"
42,09,10,"V","AAPNSM","παραλαβὼν","παραλαβὼν","παραλαβών","παραλαμβάνω"
42,09,10,"RP","APM","αὐτοὺς","αὐτοὺς","αὐτούς","αὐτός"
42,09,10,"V","3AAI-S","ὑπεχώρησεν","ὑπεχώρησεν","ὑπεχώρησε(ν)","ὑποχωρέω"
42,09,10,"P",NULL,"κατ’","κατ’","κατά","κατά"
42,09,10,"A","ASF","ἰδίαν","ἰδίαν","ἰδίαν","ἴδιος"
42,09,10,"P",NULL,"εἰς","εἰς","εἰς","εἰς"
42,09,10,"N","ASF","⸂πόλιν","πόλιν","πόλιν","πόλις"
42,09,10,"V","PPPASF","καλουμένην","καλουμένην","καλουμένην","καλέω"
42,09,10,"N","ASF","Βηθσαϊδά⸃.","Βηθσαϊδά","Βηθσαϊδά","Βηθσαϊδά"
42,09,11,"RA","NPM","οἱ","οἱ","οἱ","ὁ"
42,09,11,"C",NULL,"δὲ","δὲ","δέ","δέ"
42,09,11,"N","NPM","ὄχλοι","ὄχλοι","ὄχλοι","ὄχλος"
42,09,11,"V","AAPNPM","γνόντες","γνόντες","γνόντες","γινώσκω"
42,09,11,"V","3AAI-P","ἠκολούθησαν","ἠκολούθησαν","ἠκολούθησαν","ἀκολουθέω"
42,09,11,"RP","DSM","αὐτῷ.","αὐτῷ","αὐτῷ","αὐτός"
42,09,11,"C",NULL,"καὶ","καὶ","καί","καί"
42,09,11,"V","AMPNSM","⸀ἀποδεξάμενος","ἀποδεξάμενος","ἀποδεξάμενος","ἀποδέχομαι"
42,09,11,"RP","APM","αὐτοὺς","αὐτοὺς","αὐτούς","αὐτός"
42,09,11,"V","3IAI-S","ἐλάλει","ἐλάλει","ἐλάλει","λαλέω"
42,09,11,"RP","DPM","αὐτοῖς","αὐτοῖς","αὐτοῖς","αὐτός"
42,09,11,"P",NULL,"περὶ","περὶ","περί","περί"
42,09,11,"RA","GSF","τῆς","τῆς","τῆς","ὁ"
42,09,11,"N","GSF","βασιλείας","βασιλείας","βασιλείας","βασιλεία"
42,09,11,"RA","GSM","τοῦ","τοῦ","τοῦ","ὁ"
42,09,11,"N","GSM","θεοῦ,","θεοῦ","θεοῦ","θεός"
42,09,11,"C",NULL,"καὶ","καὶ","καί","καί"
42,09,11,"RA","APM","τοὺς","τοὺς","τούς","ὁ"
42,09,11,"N","ASF","χρείαν","χρείαν","χρείαν","χρεία"
42,09,11,"V","PAPAPM","ἔχοντας","ἔχοντας","ἔχοντας","ἔχω"
42,09,11,"N","GSF","θεραπείας","θεραπείας","θεραπείας","θεραπεία"
42,09,11,"V","3IMI-S","ἰᾶτο.","ἰᾶτο","ἰᾶτο","ἰάομαι"
42,09,12,"RA","NSF","Ἡ","Ἡ","ἡ","ὁ"
42,09,12,"C",NULL,"δὲ","δὲ","δέ","δέ"
42,09,12,"N","NSF","ἡμέρα","ἡμέρα","ἡμέρα","ἡμέρα"
42,09,12,"V","3AMI-S","ἤρξατο","ἤρξατο","ἤρξατο","ἄρχω"
42,09,12,"V","PAN","κλίνειν·","κλίνειν","κλίνειν","κλίνω"
42,09,12,"V","AAPNPM","προσελθόντες","προσελθόντες","προσελθόντες","προσέρχομαι"
42,09,12,"C",NULL,"δὲ","δὲ","δέ","δέ"
42,09,12,"RA","NPM","οἱ","οἱ","οἱ","ὁ"
42,09,12,"A","NPM","δώδεκα","δώδεκα","δώδεκα","δώδεκα"
42,09,12,"V","3AAI-P","εἶπαν","εἶπαν","εἶπαν","λέγω"
42,09,12,"RP","DSM","αὐτῷ·","αὐτῷ","αὐτῷ","αὐτός"
42,09,12,"V","2AAD-S","Ἀπόλυσον","Ἀπόλυσον","ἀπόλυσον","ἀπολύω"
42,09,12,"RA","ASM","τὸν","τὸν","τόν","ὁ"
42,09,12,"N","ASM","ὄχλον,","ὄχλον","ὄχλον","ὄχλος"
42,09,12,"C",NULL,"ἵνα","ἵνα","ἵνα","ἵνα"
42,09,12,"V","APPNPM","⸀πορευθέντες","πορευθέντες","πορευθέντες","πορεύομαι"
42,09,12,"P",NULL,"εἰς","εἰς","εἰς","εἰς"
42,09,12,"RA","APF","τὰς","τὰς","τάς","ὁ"
42,09,12,"D",NULL,"κύκλῳ","κύκλῳ","κύκλῳ","κύκλῳ"
42,09,12,"N","APF","κώμας","κώμας","κώμας","κώμη"
42,09,12,"C",NULL,"⸀καὶ","καὶ","καί","καί"
42,09,12,"N","APM","ἀγροὺς","ἀγροὺς","ἀγρούς","ἀγρός"
42,09,12,"V","3AAS-P","καταλύσωσιν","καταλύσωσιν","καταλύσωσι(ν)","καταλύω"
42,09,12,"C",NULL,"καὶ","καὶ","καί","καί"
42,09,12,"V","3AAS-P","εὕρωσιν","εὕρωσιν","εὕρωσι(ν)","εὑρίσκω"
42,09,12,"N","ASM","ἐπισιτισμόν,","ἐπισιτισμόν","ἐπισιτισμόν","ἐπισιτισμός"
42,09,12,"C",NULL,"ὅτι","ὅτι","ὅτι","ὅτι"
42,09,12,"D",NULL,"ὧδε","ὧδε","ὧδε","ὧδε"
42,09,12,"P",NULL,"ἐν","ἐν","ἐν","ἐν"
42,09,12,"A","DSM","ἐρήμῳ","ἐρήμῳ","ἐρήμῳ","ἔρημος"
42,09,12,"N","DSM","τόπῳ","τόπῳ","τόπῳ","τόπος"
42,09,12,"V","1PAI-P","ἐσμέν.","ἐσμέν","ἐσμέν","εἰμί"
42,09,13,"V","3AAI-S","εἶπεν","εἶπεν","εἶπε(ν)","λέγω"
42,09,13,"C",NULL,"δὲ","δὲ","δέ","δέ"
42,09,13,"P",NULL,"πρὸς","πρὸς","πρός","πρός"
42,09,13,"RP","APM","αὐτούς·","αὐτούς","αὐτούς","αὐτός"
42,09,13,"V","2AAD-P","Δότε","Δότε","δότε","δίδωμι"
42,09,13,"RP","DPM","αὐτοῖς","αὐτοῖς","αὐτοῖς","αὐτός"
42,09,13,"RP","NP","⸂ὑμεῖς","ὑμεῖς","ὑμεῖς","σύ"
42,09,13,"V","AAN","φαγεῖν⸃.","φαγεῖν","φαγεῖν","ἐσθίω"
42,09,13,"RA","NPM","οἱ","οἱ","οἱ","ὁ"
42,09,13,"C",NULL,"δὲ","δὲ","δέ","δέ"
42,09,13,"V","3AAI-P","εἶπαν·","εἶπαν","εἶπαν","λέγω"
42,09,13,"D",NULL,"Οὐκ","Οὐκ","οὐ","οὐ"
42,09,13,"V","3PAI-P","εἰσὶν","εἰσὶν","εἰσί(ν)","εἰμί"
42,09,13,"RP","DP","ἡμῖν","ἡμῖν","ἡμῖν","ἐγώ"
42,09,13,"A","NSNC","πλεῖον","πλεῖον","πλεῖον","πολύς"
42,09,13,"C",NULL,"ἢ","ἢ","ἤ","ἤ"
42,09,13,"N","NPM","⸂ἄρτοι","ἄρτοι","ἄρτοι","ἄρτος"
42,09,13,"A","NPM","πέντε⸃","πέντε","πέντε","πέντε"
42,09,13,"C",NULL,"καὶ","καὶ","καί","καί"
42,09,13,"N","NPM","ἰχθύες","ἰχθύες","ἰχθύες","ἰχθύς"
42,09,13,"A","NPM","δύο,","δύο","δύο","δύο"
42,09,13,"C",NULL,"εἰ","εἰ","εἰ","εἰ"
42,09,13,"X",NULL,"μήτι","μήτι","μήτι","μήτι"
42,09,13,"V","APPNPM","πορευθέντες","πορευθέντες","πορευθέντες","πορεύομαι"
42,09,13,"RP","NP","ἡμεῖς","ἡμεῖς","ἡμεῖς","ἐγώ"
42,09,13,"V","1AAS-P","ἀγοράσωμεν","ἀγοράσωμεν","ἀγοράσωμεν","ἀγοράζω"
42,09,13,"P",NULL,"εἰς","εἰς","εἰς","εἰς"
42,09,13,"A","ASM","πάντα","πάντα","πάντα","πᾶς"
42,09,13,"RA","ASM","τὸν","τὸν","τόν","ὁ"
42,09,13,"N","ASM","λαὸν","λαὸν","λαόν","λαός"
42,09,13,"RD","ASM","τοῦτον","τοῦτον","τοῦτον","οὗτος"
42,09,13,"N","APN","βρώματα.","βρώματα","βρώματα","βρῶμα"
42,09,14,"V","3IAI-P","ἦσαν","ἦσαν","ἦσαν","εἰμί"
42,09,14,"C",NULL,"γὰρ","γὰρ","γάρ","γάρ"
42,09,14,"D",NULL,"ὡσεὶ","ὡσεὶ","ὡσεί","ὡσεί"
42,09,14,"N","NPM","ἄνδρες","ἄνδρες","ἄνδρες","ἀνήρ"
42,09,14,"A","NPM","πεντακισχίλιοι.","πεντακισχίλιοι","πεντακισχίλιοι","πεντακισχίλιοι"
42,09,14,"V","3AAI-S","εἶπεν","εἶπεν","εἶπε(ν)","λέγω"
42,09,14,"C",NULL,"δὲ","δὲ","δέ","δέ"
42,09,14,"P",NULL,"πρὸς","πρὸς","πρός","πρός"
42,09,14,"RA","APM","τοὺς","τοὺς","τούς","ὁ"
42,09,14,"N","APM","μαθητὰς","μαθητὰς","μαθητάς","μαθητής"
42,09,14,"RP","GSM","αὐτοῦ·","αὐτοῦ","αὐτοῦ","αὐτός"
42,09,14,"V","2AAD-P","Κατακλίνατε","Κατακλίνατε","κατακλίνατε","κατακλίνω"
42,09,14,"RP","APM","αὐτοὺς","αὐτοὺς","αὐτούς","αὐτός"
42,09,14,"N","APF","κλισίας","κλισίας","κλισίας","κλισία"
42,09,14,"D",NULL,"⸀ὡσεὶ","ὡσεὶ","ὡσεί","ὡσεί"
42,09,14,"D",NULL,"ἀνὰ","ἀνὰ","ἀνά","ἀνά"
42,09,14,"A","APM","πεντήκοντα.","πεντήκοντα","πεντήκοντα","πεντήκοντα"
42,09,15,"C",NULL,"καὶ","καὶ","καί","καί"
42,09,15,"V","3AAI-P","ἐποίησαν","ἐποίησαν","ἐποίησαν","ποιέω"
42,09,15,"D",NULL,"οὕτως","οὕτως","οὕτω(ς)","οὕτω(ς)"
42,09,15,"C",NULL,"καὶ","καὶ","καί","καί"
42,09,15,"V","3AAI-P","⸀κατέκλιναν","κατέκλιναν","κατέκλιναν","κατακλίνω"
42,09,15,"A","APM","ἅπαντας.","ἅπαντας","ἅπαντας","ἅπας"
42,09,16,"V","AAPNSM","λαβὼν","λαβὼν","λαβών","λαμβάνω"
42,09,16,"C",NULL,"δὲ","δὲ","δέ","δέ"
42,09,16,"RA","APM","τοὺς","τοὺς","τούς","ὁ"
42,09,16,"A","APM","πέντε","πέντε","πέντε","πέντε"
42,09,16,"N","APM","ἄρτους","ἄρτους","ἄρτους","ἄρτος"
42,09,16,"C",NULL,"καὶ","καὶ","καί","καί"
42,09,16,"RA","APM","τοὺς","τοὺς","τούς","ὁ"
42,09,16,"A","APM","δύο","δύο","δύο","δύο"
42,09,16,"N","APM","ἰχθύας","ἰχθύας","ἰχθύας","ἰχθύς"
42,09,16,"V","AAPNSM","ἀναβλέψας","ἀναβλέψας","ἀναβλέψας","ἀναβλέπω"
42,09,16,"P",NULL,"εἰς","εἰς","εἰς","εἰς"
42,09,16,"RA","ASM","τὸν","τὸν","τόν","ὁ"
42,09,16,"N","ASM","οὐρανὸν","οὐρανὸν","οὐρανόν","οὐρανός"
42,09,16,"V","3AAI-S","εὐλόγησεν","εὐλόγησεν","εὐλόγησε(ν)","εὐλογέω"
42,09,16,"RP","APM","αὐτοὺς","αὐτοὺς","αὐτούς","αὐτός"
42,09,16,"C",NULL,"καὶ","καὶ","καί","καί"
42,09,16,"V","3AAI-S","κατέκλασεν","κατέκλασεν","κατέκλασε(ν)","κατακλάω"
42,09,16,"C",NULL,"καὶ","καὶ","καί","καί"
42,09,16,"V","3IAI-S","ἐδίδου","ἐδίδου","ἐδίδου","δίδωμι"
42,09,16,"RA","DPM","τοῖς","τοῖς","τοῖς","ὁ"
42,09,16,"N","DPM","μαθηταῖς","μαθηταῖς","μαθηταῖς","μαθητής"
42,09,16,"V","AAN","⸀παραθεῖναι","παραθεῖναι","παραθεῖναι","παρατίθημι"
42,09,16,"RA","DSM","τῷ","τῷ","τῷ","ὁ"
42,09,16,"N","DSM","ὄχλῳ.","ὄχλῳ","ὄχλῳ","ὄχλος"
42,09,17,"C",NULL,"καὶ","καὶ","καί","καί"
42,09,17,"V","3AAI-P","ἔφαγον","ἔφαγον","ἔφαγον","ἐσθίω"
42,09,17,"C",NULL,"καὶ","καὶ","καί","καί"
42,09,17,"V","3API-P","ἐχορτάσθησαν","ἐχορτάσθησαν","ἐχορτάσθησαν","χορτάζω"
42,09,17,"A","NPM","πάντες,","πάντες","πάντες","πᾶς"
42,09,17,"C",NULL,"καὶ","καὶ","καί","καί"
42,09,17,"V","3API-S","ἤρθη","ἤρθη","ἤρθη","αἴρω"
42,09,17,"RA","NSN","τὸ","τὸ","τό","ὁ"
42,09,17,"V","AAPNSN","περισσεῦσαν","περισσεῦσαν","περισσεῦσαν","περισσεύω"
42,09,17,"RP","DPM","αὐτοῖς","αὐτοῖς","αὐτοῖς","αὐτός"
42,09,17,"N","GPN","κλασμάτων","κλασμάτων","κλασμάτων","κλάσμα"
42,09,17,"N","NPM","κόφινοι","κόφινοι","κόφινοι","κόφινος"
42,09,17,"A","NPM","δώδεκα.","δώδεκα","δώδεκα","δώδεκα"
42,09,18,"C",NULL,"Καὶ","Καὶ","καί","καί"
42,09,18,"V","3AMI-S","ἐγένετο","ἐγένετο","ἐγένετο","γίνομαι"
42,09,18,"P",NULL,"ἐν","ἐν","ἐν","ἐν"
42,09,18,"RA","DSN","τῷ","τῷ","τῷ","ὁ"
42,09,18,"V","PAN","εἶναι","εἶναι","εἶναι","εἰμί"
42,09,18,"RP","ASM","αὐτὸν","αὐτὸν","αὐτόν","αὐτός"
42,09,18,"V","PMPASM","προσευχόμενον","προσευχόμενον","προσευχόμενον","προσεύχομαι"
42,09,18,"P",NULL,"κατὰ","κατὰ","κατά","κατά"
42,09,18,"A","APF","μόνας","μόνας","μόνας","μόνος"
42,09,18,"V","3IAI-P","συνῆσαν","συνῆσαν","συνῆσαν","σύνειμι"
42,09,18,"RP","DSM","αὐτῷ","αὐτῷ","αὐτῷ","αὐτός"
42,09,18,"RA","NPM","οἱ","οἱ","οἱ","ὁ"
42,09,18,"N","NPM","μαθηταί,","μαθηταί","μαθηταί","μαθητής"
42,09,18,"C",NULL,"καὶ","καὶ","καί","καί"
42,09,18,"V","3AAI-S","ἐπηρώτησεν","ἐπηρώτησεν","ἐπηρώτησε(ν)","ἐπερωτάω"
42,09,18,"RP","APM","αὐτοὺς","αὐτοὺς","αὐτούς","αὐτός"
42,09,18,"V","PAPNSM","λέγων·","λέγων","λέγων","λέγω"
42,09,18,"RI","ASM","Τίνα","Τίνα","τίνα","τίς"
42,09,18,"RP","AS","με","με","με","ἐγώ"
42,09,18,"RA","NPM","⸂οἱ","οἱ","οἱ","ὁ"
42,09,18,"N","NPM","ὄχλοι","ὄχλοι","ὄχλοι","ὄχλος"
42,09,18,"V","3PAI-P","λέγουσιν⸃","λέγουσιν","λέγουσι(ν)","λέγω"
42,09,18,"V","PAN","εἶναι;","εἶναι","εἶναι","εἰμί"
42,09,19,"RA","NPM","οἱ","οἱ","οἱ","ὁ"
42,09,19,"C",NULL,"δὲ","δὲ","δέ","δέ"
42,09,19,"V","APPNPM","ἀποκριθέντες","ἀποκριθέντες","ἀποκριθέντες","ἀποκρίνομαι"
42,09,19,"V","3AAI-P","εἶπαν·","εἶπαν","εἶπαν","λέγω"
42,09,19,"N","ASM","Ἰωάννην","Ἰωάννην","Ἰωάννην","Ἰωάννης"
42,09,19,"RA","ASM","τὸν","τὸν","τόν","ὁ"
42,09,19,"N","ASM","βαπτιστήν,","βαπτιστήν","βαπτιστήν","βαπτιστής"
42,09,19,"A","NPM","ἄλλοι","ἄλλοι","ἄλλοι","ἄλλος"
42,09,19,"C",NULL,"δὲ","δὲ","δέ","δέ"
42,09,19,"N","ASM","Ἠλίαν,","Ἠλίαν","Ἠλίαν","Ἠλίας"
42,09,19,"A","NPM","ἄλλοι","ἄλλοι","ἄλλοι","ἄλλος"
42,09,19,"C",NULL,"δὲ","δὲ","δέ","δέ"
42,09,19,"C",NULL,"ὅτι","ὅτι","ὅτι","ὅτι"
42,09,19,"N","NSM","προφήτης","προφήτης","προφήτης","προφήτης"
42,09,19,"RI","NSM","τις","τις","τὶς","τις"
42,09,19,"RA","GPM","τῶν","τῶν","τῶν","ὁ"
42,09,19,"A","GPM","ἀρχαίων","ἀρχαίων","ἀρχαίων","ἀρχαῖος"
42,09,19,"V","3AAI-S","ἀνέστη.","ἀνέστη","ἀνέστη","ἀνίστημι"
42,09,20,"V","3AAI-S","εἶπεν","εἶπεν","εἶπε(ν)","λέγω"
42,09,20,"C",NULL,"δὲ","δὲ","δέ","δέ"
42,09,20,"RP","DPM","αὐτοῖς·","αὐτοῖς","αὐτοῖς","αὐτός"
42,09,20,"RP","NP","Ὑμεῖς","Ὑμεῖς","ὑμεῖς","σύ"
42,09,20,"C",NULL,"δὲ","δὲ","δέ","δέ"
42,09,20,"RI","ASM","τίνα","τίνα","τίνα","τίς"
42,09,20,"RP","AS","με","με","με","ἐγώ"
42,09,20,"V","2PAI-P","λέγετε","λέγετε","λέγετε","λέγω"
42,09,20,"V","PAN","εἶναι;","εἶναι","εἶναι","εἰμί"
42,09,20,"N","NSM","⸂Πέτρος","Πέτρος","Πέτρος","Πέτρος"
42,09,20,"C",NULL,"δὲ","δὲ","δέ","δέ"
42,09,20,"V","APPNSM","ἀποκριθεὶς⸃","ἀποκριθεὶς","ἀποκριθείς","ἀποκρίνομαι"
42,09,20,"V","3AAI-S","εἶπεν·","εἶπεν","εἶπε(ν)","λέγω"
42,09,20,"RA","ASM","Τὸν","Τὸν","τόν","ὁ"
42,09,20,"N","ASM","χριστὸν","χριστὸν","Χριστόν","Χριστός"
42,09,20,"RA","GSM","τοῦ","τοῦ","τοῦ","ὁ"
42,09,20,"N","GSM","θεοῦ.","θεοῦ","θεοῦ","θεός"
42,09,21,"RA","NSM","Ὁ","Ὁ","ὁ","ὁ"
42,09,21,"C",NULL,"δὲ","δὲ","δέ","δέ"
42,09,21,"V","AAPNSM","ἐπιτιμήσας","ἐπιτιμήσας","ἐπιτιμήσας","ἐπιτιμάω"
42,09,21,"RP","DPM","αὐτοῖς","αὐτοῖς","αὐτοῖς","αὐτός"
42,09,21,"V","3AAI-S","παρήγγειλεν","παρήγγειλεν","παρήγγειλε(ν)","παραγγέλλω"
42,09,21,"A","DSM","μηδενὶ","μηδενὶ","μηδενί","μηδείς"
42,09,21,"V","PAN","⸀λέγειν","λέγειν","λέγειν","λέγω"
42,09,21,"RD","ASN","τοῦτο,","τοῦτο","τοῦτο","οὗτος"
42,09,22,"V","AAPNSM","εἰπὼν","εἰπὼν","εἰπών","λέγω"
42,09,22,"C",NULL,"ὅτι","ὅτι","ὅτι","ὅτι"
42,09,22,"V","3PAI-S","Δεῖ","Δεῖ","δεῖ","δέω"
42,09,22,"RA","ASM","τὸν","τὸν","τόν","ὁ"
42,09,22,"N","ASM","υἱὸν","υἱὸν","υἱόν","υἱός"
42,09,22,"RA","GSM","τοῦ","τοῦ","τοῦ","ὁ"
42,09,22,"N","GSM","ἀνθρώπου","ἀνθρώπου","ἀνθρώπου","ἄνθρωπος"
42,09,22,"A","APN","πολλὰ","πολλὰ","πολλά","πολύς"
42,09,22,"V","AAN","παθεῖν","παθεῖν","παθεῖν","πάσχω"
42,09,22,"C",NULL,"καὶ","καὶ","καί","καί"
42,09,22,"V","APN","ἀποδοκιμασθῆναι","ἀποδοκιμασθῆναι","ἀποδοκιμασθῆναι","ἀποδοκιμάζω"
42,09,22,"P",NULL,"ἀπὸ","ἀπὸ","ἀπό","ἀπό"
42,09,22,"RA","GPM","τῶν","τῶν","τῶν","ὁ"
42,09,22,"A","GPM","πρεσβυτέρων","πρεσβυτέρων","πρεσβυτέρων","πρεσβύτερος"
42,09,22,"C",NULL,"καὶ","καὶ","καί","καί"
42,09,22,"N","GPM","ἀρχιερέων","ἀρχιερέων","ἀρχιερέων","ἀρχιερεύς"
42,09,22,"C",NULL,"καὶ","καὶ","καί","καί"
42,09,22,"N","GPM","γραμματέων","γραμματέων","γραμματέων","γραμματεύς"
42,09,22,"C",NULL,"καὶ","καὶ","καί","καί"
42,09,22,"V","APN","ἀποκτανθῆναι","ἀποκτανθῆναι","ἀποκτανθῆναι","ἀποκτείνω"
42,09,22,"C",NULL,"καὶ","καὶ","καί","καί"
42,09,22,"RA","DSF","τῇ","τῇ","τῇ","ὁ"
42,09,22,"A","DSF","τρίτῃ","τρίτῃ","τρίτῃ","τρίτος"
42,09,22,"N","DSF","ἡμέρᾳ","ἡμέρᾳ","ἡμέρᾳ","ἡμέρα"
42,09,22,"V","APN","⸀ἐγερθῆναι.","ἐγερθῆναι","ἐγερθῆναι","ἐγείρω"
42,09,23,"V","3IAI-S","Ἔλεγεν","Ἔλεγεν","ἔλεγε(ν)","λέγω"
42,09,23,"C",NULL,"δὲ","δὲ","δέ","δέ"
42,09,23,"P",NULL,"πρὸς","πρὸς","πρός","πρός"
42,09,23,"A","APM","πάντας·","πάντας","πάντας","πᾶς"
42,09,23,"C",NULL,"Εἴ","Εἴ","εἰ","εἰ"
42,09,23,"RI","NSM","τις","τις","τὶς","τις"
42,09,23,"V","3PAI-S","θέλει","θέλει","θέλει","θέλω"
42,09,23,"P",NULL,"ὀπίσω","ὀπίσω","ὀπίσω","ὀπίσω"
42,09,23,"RP","GS","μου","μου","μου","ἐγώ"
42,09,23,"V","PMN","⸂ἔρχεσθαι,","ἔρχεσθαι","ἔρχεσθαι","ἔρχομαι"
42,09,23,"V","3AMD-S","ἀρνησάσθω⸃","ἀρνησάσθω","ἀρνησάσθω","ἀρνέομαι"
42,09,23,"RP","ASM","ἑαυτὸν","ἑαυτὸν","ἑαυτόν","ἑαυτοῦ"
42,09,23,"C",NULL,"καὶ","καὶ","καί","καί"
42,09,23,"V","3AAD-S","ἀράτω","ἀράτω","ἀράτω","αἴρω"
42,09,23,"RA","ASM","τὸν","τὸν","τόν","ὁ"
42,09,23,"N","ASM","σταυρὸν","σταυρὸν","σταυρόν","σταυρός"
42,09,23,"RP","GSM","αὐτοῦ","αὐτοῦ","αὐτοῦ","αὐτός"
42,09,23,"P",NULL,"⸂καθ’","καθ’","κατά","κατά"
42,09,23,"N","ASF","ἡμέραν⸃,","ἡμέραν","ἡμέραν","ἡμέρα"
42,09,23,"C",NULL,"καὶ","καὶ","καί","καί"
42,09,23,"V","3PAD-S","ἀκολουθείτω","ἀκολουθείτω","ἀκολουθείτω","ἀκολουθέω"
42,09,23,"RP","DS","μοι.","μοι","μοι","ἐγώ"
42,09,24,"RR","NSM","ὃς","ὃς","ὅς","ὅς"
42,09,24,"C",NULL,"γὰρ","γὰρ","γάρ","γάρ"
42,09,24,"X",NULL,"⸀ἂν","ἂν","ἄν","ἄν"
42,09,24,"V","3PAS-S","θέλῃ","θέλῃ","θέλῃ","θέλω"
42,09,24,"RA","ASF","τὴν","τὴν","τήν","ὁ"
42,09,24,"N","ASF","ψυχὴν","ψυχὴν","ψυχήν","ψυχή"
42,09,24,"RP","GSM","αὐτοῦ","αὐτοῦ","αὐτοῦ","αὐτός"
42,09,24,"V","AAN","σῶσαι,","σῶσαι","σῶσαι","σῴζω"
42,09,24,"V","3FAI-S","ἀπολέσει","ἀπολέσει","ἀπολέσει","ἀπόλλυμι"
42,09,24,"RP","ASF","αὐτήν·","αὐτήν","αὐτήν","αὐτός"
42,09,24,"RR","NSM","ὃς","ὃς","ὅς","ὅς"
42,09,24,"C",NULL,"δ’","δ’","δέ","δέ"
42,09,24,"X",NULL,"ἂν","ἂν","ἄν","ἄν"
42,09,24,"V","3AAS-S","ἀπολέσῃ","ἀπολέσῃ","ἀπολέσῃ","ἀπόλλυμι"
42,09,24,"RA","ASF","τὴν","τὴν","τήν","ὁ"
42,09,24,"N","ASF","ψυχὴν","ψυχὴν","ψυχήν","ψυχή"
42,09,24,"RP","GSM","αὐτοῦ","αὐτοῦ","αὐτοῦ","αὐτός"
42,09,24,"P",NULL,"ἕνεκεν","ἕνεκεν","ἕνεκεν","ἕνεκεν"
42,09,24,"RP","GS","ἐμοῦ,","ἐμοῦ","ἐμοῦ","ἐγώ"
42,09,24,"RD","NSM","οὗτος","οὗτος","οὗτος","οὗτος"
42,09,24,"V","3FAI-S","σώσει","σώσει","σώσει","σῴζω"
42,09,24,"RP","ASF","αὐτήν.","αὐτήν","αὐτήν","αὐτός"
42,09,25,"RI","ASN","τί","τί","τί","τίς"
42,09,25,"C",NULL,"γὰρ","γὰρ","γάρ","γάρ"
42,09,25,"V","3PPI-S","ὠφελεῖται","ὠφελεῖται","ὠφελεῖται","ὠφελέω"
42,09,25,"N","NSM","ἄνθρωπος","ἄνθρωπος","ἄνθρωπος","ἄνθρωπος"
42,09,25,"V","AAPNSM","κερδήσας","κερδήσας","κερδήσας","κερδαίνω"
42,09,25,"RA","ASM","τὸν","τὸν","τόν","ὁ"
42,09,25,"N","ASM","κόσμον","κόσμον","κόσμον","κόσμος"
42,09,25,"A","ASM","ὅλον","ὅλον","ὅλον","ὅλος"
42,09,25,"RP","ASM","ἑαυτὸν","ἑαυτὸν","ἑαυτόν","ἑαυτοῦ"
42,09,25,"C",NULL,"δὲ","δὲ","δέ","δέ"
42,09,25,"V","AAPNSM","ἀπολέσας","ἀπολέσας","ἀπολέσας","ἀπόλλυμι"
42,09,25,"C",NULL,"ἢ","ἢ","ἤ","ἤ"
42,09,25,"V","APPNSM","ζημιωθείς;","ζημιωθείς","ζημιωθείς","ζημιόω"
42,09,26,"RR","NSM","ὃς","ὃς","ὅς","ὅς"
42,09,26,"C",NULL,"γὰρ","γὰρ","γάρ","γάρ"
42,09,26,"X",NULL,"ἂν","ἂν","ἄν","ἄν"
42,09,26,"V","3APS-S","ἐπαισχυνθῇ","ἐπαισχυνθῇ","ἐπαισχυνθῇ","ἐπαισχύνομαι"
42,09,26,"RP","AS","με","με","με","ἐγώ"
42,09,26,"C",NULL,"καὶ","καὶ","καί","καί"
42,09,26,"RA","APM","τοὺς","τοὺς","τούς","ὁ"
42,09,26,"A","APM","ἐμοὺς","ἐμοὺς","ἐμούς","ἐμός"
42,09,26,"N","APM","λόγους,","λόγους","λόγους","λόγος"
42,09,26,"RD","ASM","τοῦτον","τοῦτον","τοῦτον","οὗτος"
42,09,26,"RA","NSM","ὁ","ὁ","ὁ","ὁ"
42,09,26,"N","NSM","υἱὸς","υἱὸς","υἱός","υἱός"
42,09,26,"RA","GSM","τοῦ","τοῦ","τοῦ","ὁ"
42,09,26,"N","GSM","ἀνθρώπου","ἀνθρώπου","ἀνθρώπου","ἄνθρωπος"
42,09,26,"V","3FPI-S","ἐπαισχυνθήσεται,","ἐπαισχυνθήσεται","ἐπαισχυνθήσεται","ἐπαισχύνομαι"
42,09,26,"C",NULL,"ὅταν","ὅταν","ὅταν","ὅταν"
42,09,26,"V","3AAS-S","ἔλθῃ","ἔλθῃ","ἔλθῃ","ἔρχομαι"
42,09,26,"P",NULL,"ἐν","ἐν","ἐν","ἐν"
42,09,26,"RA","DSF","τῇ","τῇ","τῇ","ὁ"
42,09,26,"N","DSF","δόξῃ","δόξῃ","δόξῃ","δόξα"
42,09,26,"RP","GSM","αὐτοῦ","αὐτοῦ","αὐτοῦ","αὐτός"
42,09,26,"C",NULL,"καὶ","καὶ","καί","καί"
42,09,26,"RA","GSM","τοῦ","τοῦ","τοῦ","ὁ"
42,09,26,"N","GSM","πατρὸς","πατρὸς","πατρός","πατήρ"
42,09,26,"C",NULL,"καὶ","καὶ","καί","καί"
42,09,26,"RA","GPM","τῶν","τῶν","τῶν","ὁ"
42,09,26,"A","GPM","ἁγίων","ἁγίων","ἁγίων","ἅγιος"
42,09,26,"N","GPM","ἀγγέλων.","ἀγγέλων","ἀγγέλων","ἄγγελος"
42,09,27,"V","1PAI-S","λέγω","λέγω","λέγω","λέγω"
42,09,27,"C",NULL,"δὲ","δὲ","δέ","δέ"
42,09,27,"RP","DP","ὑμῖν","ὑμῖν","ὑμῖν","σύ"
42,09,27,"D",NULL,"ἀληθῶς,","ἀληθῶς","ἀληθῶς","ἀληθῶς"
42,09,27,"V","3PAI-P","εἰσίν","εἰσίν","εἰσί(ν)","εἰμί"
42,09,27,"RI","NPM","τινες","τινες","τινές","τις"
42,09,27,"RA","GPM","τῶν","τῶν","τῶν","ὁ"
42,09,27,"D",NULL,"⸀αὐτοῦ","αὐτοῦ","αὐτοῦ","αὐτοῦ"
42,09,27,"V","XAPGPM","⸀ἑστηκότων","ἑστηκότων","ἑστηκότων","ἵστημι"
42,09,27,"RR","NPM","οἳ","οἳ","οἵ","ὅς"
42,09,27,"D",NULL,"οὐ","οὐ","οὐ","οὐ"
42,09,27,"D",NULL,"μὴ","μὴ","μή","μή"
42,09,27,"V","3AMS-P","γεύσωνται","γεύσωνται","γεύσωνται","γεύομαι"
42,09,27,"N","GSM","θανάτου","θανάτου","θανάτου","θάνατος"
42,09,27,"C",NULL,"ἕως","ἕως","ἕως","ἕως"
42,09,27,"X",NULL,"ἂν","ἂν","ἄν","ἄν"
42,09,27,"V","3AAS-P","ἴδωσιν","ἴδωσιν","ἴδωσι(ν)","ὁράω"
42,09,27,"RA","ASF","τὴν","τὴν","τήν","ὁ"
42,09,27,"N","ASF","βασιλείαν","βασιλείαν","βασιλείαν","βασιλεία"
42,09,27,"RA","GSM","τοῦ","τοῦ","τοῦ","ὁ"
42,09,27,"N","GSM","θεοῦ.","θεοῦ","θεοῦ","θεός"
42,09,28,"V","3AMI-S","Ἐγένετο","Ἐγένετο","ἐγένετο","γίνομαι"
42,09,28,"C",NULL,"δὲ","δὲ","δέ","δέ"
42,09,28,"P",NULL,"μετὰ","μετὰ","μετά","μετά"
42,09,28,"RA","APM","τοὺς","τοὺς","τούς","ὁ"
42,09,28,"N","APM","λόγους","λόγους","λόγους","λόγος"
42,09,28,"RD","APM","τούτους","τούτους","τούτους","οὗτος"
42,09,28,"D",NULL,"ὡσεὶ","ὡσεὶ","ὡσεί","ὡσεί"
42,09,28,"N","NPF","ἡμέραι","ἡμέραι","ἡμέραι","ἡμέρα"
42,09,28,"A","NPF","ὀκτὼ","ὀκτὼ","ὀκτώ","ὀκτώ"
42,09,28,"C",NULL,"⸀καὶ","καὶ","καί","καί"
42,09,28,"V","AAPNSM","παραλαβὼν","παραλαβὼν","παραλαβών","παραλαμβάνω"
42,09,28,"N","ASM","Πέτρον","Πέτρον","Πέτρον","Πέτρος"
42,09,28,"C",NULL,"καὶ","καὶ","καί","καί"
42,09,28,"N","ASM","Ἰωάννην","Ἰωάννην","Ἰωάννην","Ἰωάννης"
42,09,28,"C",NULL,"καὶ","καὶ","καί","καί"
42,09,28,"N","ASM","Ἰάκωβον","Ἰάκωβον","Ἰάκωβον","Ἰάκωβος"
42,09,28,"V","3AAI-S","ἀνέβη","ἀνέβη","ἀνέβη","ἀναβαίνω"
42,09,28,"P",NULL,"εἰς","εἰς","εἰς","εἰς"
42,09,28,"RA","ASN","τὸ","τὸ","τό","ὁ"
42,09,28,"N","ASN","ὄρος","ὄρος","ὄρος","ὄρος"
42,09,28,"V","AMN","προσεύξασθαι.","προσεύξασθαι","προσεύξασθαι","προσεύχομαι"
42,09,29,"C",NULL,"καὶ","καὶ","καί","καί"
42,09,29,"V","3AMI-S","ἐγένετο","ἐγένετο","ἐγένετο","γίνομαι"
42,09,29,"P",NULL,"ἐν","ἐν","ἐν","ἐν"
42,09,29,"RA","DSN","τῷ","τῷ","τῷ","ὁ"
42,09,29,"V","PMN","προσεύχεσθαι","προσεύχεσθαι","προσεύχεσθαι","προσεύχομαι"
42,09,29,"RP","ASM","αὐτὸν","αὐτὸν","αὐτόν","αὐτός"
42,09,29,"RA","NSN","τὸ","τὸ","τό","ὁ"
42,09,29,"N","NSN","εἶδος","εἶδος","εἶδος","εἶδος"
42,09,29,"RA","GSN","τοῦ","τοῦ","τοῦ","ὁ"
42,09,29,"N","GSN","προσώπου","προσώπου","προσώπου","πρόσωπον"
42,09,29,"RP","GSM","αὐτοῦ","αὐτοῦ","αὐτοῦ","αὐτός"
42,09,29,"A","NSN","ἕτερον","ἕτερον","ἕτερον","ἕτερος"
42,09,29,"C",NULL,"καὶ","καὶ","καί","καί"
42,09,29,"RA","NSM","ὁ","ὁ","ὁ","ὁ"
42,09,29,"N","NSM","ἱματισμὸς","ἱματισμὸς","ἱματισμός","ἱματισμός"
42,09,29,"RP","GSM","αὐτοῦ","αὐτοῦ","αὐτοῦ","αὐτός"
42,09,29,"A","NSM","λευκὸς","λευκὸς","λευκός","λευκός"
42,09,29,"V","PAPNSM","ἐξαστράπτων.","ἐξαστράπτων","ἐξαστράπτων","ἐξαστράπτω"
42,09,30,"C",NULL,"καὶ","καὶ","καί","καί"
42,09,30,"X",NULL,"ἰδοὺ","ἰδοὺ","ἰδού","ἰδού"
42,09,30,"N","NPM","ἄνδρες","ἄνδρες","ἄνδρες","ἀνήρ"
42,09,30,"A","NPM","δύο","δύο","δύο","δύο"
42,09,30,"V","3IAI-P","συνελάλουν","συνελάλουν","συνελάλουν","συλλαλέω"
42,09,30,"RP","DSM","αὐτῷ,","αὐτῷ","αὐτῷ","αὐτός"
42,09,30,"RR","NPM","οἵτινες","οἵτινες","οἵτινες","ὅστις"
42,09,30,"V","3IAI-P","ἦσαν","ἦσαν","ἦσαν","εἰμί"
42,09,30,"N","NSM","Μωϋσῆς","Μωϋσῆς","Μωϋσῆς","Μωϋσῆς"
42,09,30,"C",NULL,"καὶ","καὶ","καί","καί"
42,09,30,"N","NSM","Ἠλίας,","Ἠλίας","Ἠλίας","Ἠλίας"
42,09,31,"RR","NPM","οἳ","οἳ","οἵ","ὅς"
42,09,31,"V","APPNPM","ὀφθέντες","ὀφθέντες","ὀφθέντες","ὁράω"
42,09,31,"P",NULL,"ἐν","ἐν","ἐν","ἐν"
42,09,31,"N","DSF","δόξῃ","δόξῃ","δόξῃ","δόξα"
42,09,31,"V","3IAI-P","ἔλεγον","ἔλεγον","ἔλεγον","λέγω"
42,09,31,"RA","ASF","τὴν","τὴν","τήν","ὁ"
42,09,31,"N","ASF","ἔξοδον","ἔξοδον","ἔξοδον","ἔξοδος"
42,09,31,"RP","GSM","αὐτοῦ","αὐτοῦ","αὐτοῦ","αὐτός"
42,09,31,"RR","ASF","ἣν","ἣν","ἥν","ὅς"
42,09,31,"V","3IAI-S","ἤμελλεν","ἤμελλεν","ἤμελλε(ν)","μέλλω"
42,09,31,"V","PAN","πληροῦν","πληροῦν","πληροῦν","πληρόω"
42,09,31,"P",NULL,"ἐν","ἐν","ἐν","ἐν"
42,09,31,"N","DSF","Ἰερουσαλήμ.","Ἰερουσαλήμ","Ἰερουσαλήμ","Ἰερουσαλήμ"
42,09,32,"RA","NSM","ὁ","ὁ","ὁ","ὁ"
42,09,32,"C",NULL,"δὲ","δὲ","δέ","δέ"
42,09,32,"N","NSM","Πέτρος","Πέτρος","Πέτρος","Πέτρος"
42,09,32,"C",NULL,"καὶ","καὶ","καί","καί"
42,09,32,"RA","NPM","οἱ","οἱ","οἱ","ὁ"
42,09,32,"P",NULL,"σὺν","σὺν","σύν","σύν"
42,09,32,"RP","DSM","αὐτῷ","αὐτῷ","αὐτῷ","αὐτός"
42,09,32,"V","3IAI-P","ἦσαν","ἦσαν","ἦσαν","εἰμί"
42,09,32,"V","XPPNPM","βεβαρημένοι","βεβαρημένοι","βεβαρημένοι","βαρέω"
42,09,32,"N","DSM","ὕπνῳ·","ὕπνῳ","ὕπνῳ","ὕπνος"
42,09,32,"V","AAPNPM","διαγρηγορήσαντες","διαγρηγορήσαντες","διαγρηγορήσαντες","διαγρηγορέω"
42,09,32,"C",NULL,"δὲ","δὲ","δέ","δέ"
42,09,32,"V","3AAI-P","εἶδον","εἶδον","εἶδον","ὁράω"
42,09,32,"RA","ASF","τὴν","τὴν","τήν","ὁ"
42,09,32,"N","ASF","δόξαν","δόξαν","δόξαν","δόξα"
42,09,32,"RP","GSM","αὐτοῦ","αὐτοῦ","αὐτοῦ","αὐτός"
42,09,32,"C",NULL,"καὶ","καὶ","καί","καί"
42,09,32,"RA","APM","τοὺς","τοὺς","τούς","ὁ"
42,09,32,"A","APM","δύο","δύο","δύο","δύο"
42,09,32,"N","APM","ἄνδρας","ἄνδρας","ἄνδρας","ἀνήρ"
42,09,32,"RA","APM","τοὺς","τοὺς","τούς","ὁ"
42,09,32,"V","XAPAPM","συνεστῶτας","συνεστῶτας","συνεστῶτας","συνίστημι"
42,09,32,"RP","DSM","αὐτῷ.","αὐτῷ","αὐτῷ","αὐτός"
42,09,33,"C",NULL,"καὶ","καὶ","καί","καί"
42,09,33,"V","3AMI-S","ἐγένετο","ἐγένετο","ἐγένετο","γίνομαι"
42,09,33,"P",NULL,"ἐν","ἐν","ἐν","ἐν"
42,09,33,"RA","DSN","τῷ","τῷ","τῷ","ὁ"
42,09,33,"V","PPN","διαχωρίζεσθαι","διαχωρίζεσθαι","διαχωρίζεσθαι","διαχωρίζομαι"
42,09,33,"RP","APM","αὐτοὺς","αὐτοὺς","αὐτούς","αὐτός"
42,09,33,"P",NULL,"ἀπ’","ἀπ’","ἀπό","ἀπό"
42,09,33,"RP","GSM","αὐτοῦ","αὐτοῦ","αὐτοῦ","αὐτός"
42,09,33,"V","3AAI-S","εἶπεν","εἶπεν","εἶπε(ν)","λέγω"
42,09,33,"RA","NSM","⸀ὁ","ὁ","ὁ","ὁ"
42,09,33,"N","NSM","Πέτρος","Πέτρος","Πέτρος","Πέτρος"
42,09,33,"P",NULL,"πρὸς","πρὸς","πρός","πρός"
42,09,33,"RA","ASM","τὸν","τὸν","τόν","ὁ"
42,09,33,"N","ASM","Ἰησοῦν·","Ἰησοῦν","Ἰησοῦν","Ἰησοῦς"
42,09,33,"N","VSM","Ἐπιστάτα,","Ἐπιστάτα","ἐπιστάτα","ἐπιστάτης"
42,09,33,"A","NSN","καλόν","καλόν","καλόν","καλός"
42,09,33,"V","3PAI-S","ἐστιν","ἐστιν","ἐστί(ν)","εἰμί"
42,09,33,"RP","AP","ἡμᾶς","ἡμᾶς","ἡμᾶς","ἐγώ"
42,09,33,"D",NULL,"ὧδε","ὧδε","ὧδε","ὧδε"
42,09,33,"V","PAN","εἶναι,","εἶναι","εἶναι","εἰμί"
42,09,33,"C",NULL,"καὶ","καὶ","καί","καί"
42,09,33,"V","1AAS-P","ποιήσωμεν","ποιήσωμεν","ποιήσωμεν","ποιέω"
42,09,33,"N","APF","σκηνὰς","σκηνὰς","σκηνάς","σκηνή"
42,09,33,"A","APF","τρεῖς,","τρεῖς","τρεῖς","τρεῖς"
42,09,33,"A","ASF","μίαν","μίαν","μίαν","εἷς"
42,09,33,"RP","DS","σοὶ","σοὶ","σοί","σύ"
42,09,33,"C",NULL,"καὶ","καὶ","καί","καί"
42,09,33,"A","ASF","μίαν","μίαν","μίαν","εἷς"
42,09,33,"N","DSM","Μωϋσεῖ","Μωϋσεῖ","Μωϋσεῖ","Μωϋσῆς"
42,09,33,"C",NULL,"καὶ","καὶ","καί","καί"
42,09,33,"A","ASF","μίαν","μίαν","μίαν","εἷς"
42,09,33,"N","DSM","Ἠλίᾳ,","Ἠλίᾳ","Ἠλίᾳ","Ἠλίας"
42,09,33,"D",NULL,"μὴ","μὴ","μή","μή"
42,09,33,"V","XAPNSM","εἰδὼς","εἰδὼς","εἰδώς","ὁράω"
42,09,33,"RR","ASN","ὃ","ὃ","ὅ","ὅς"
42,09,33,"V","3PAI-S","λέγει.","λέγει","λέγει","λέγω"
42,09,34,"RD","APN","ταῦτα","ταῦτα","ταῦτα","οὗτος"
42,09,34,"C",NULL,"δὲ","δὲ","δέ","δέ"
42,09,34,"RP","GSM","αὐτοῦ","αὐτοῦ","αὐτοῦ","αὐτός"
42,09,34,"V","PAPGSM","λέγοντος","λέγοντος","λέγοντος","λέγω"
42,09,34,"V","3AMI-S","ἐγένετο","ἐγένετο","ἐγένετο","γίνομαι"
42,09,34,"N","NSF","νεφέλη","νεφέλη","νεφέλη","νεφέλη"
42,09,34,"C",NULL,"καὶ","καὶ","καί","καί"
42,09,34,"V","3IAI-S","⸀ἐπεσκίαζεν","ἐπεσκίαζεν","ἐπεσκίαζε(ν)","ἐπισκιάζω"
42,09,34,"RP","APM","αὐτούς·","αὐτούς","αὐτούς","αὐτός"
42,09,34,"V","3API-P","ἐφοβήθησαν","ἐφοβήθησαν","ἐφοβήθησαν","φοβέομαι"
42,09,34,"C",NULL,"δὲ","δὲ","δέ","δέ"
42,09,34,"P",NULL,"ἐν","ἐν","ἐν","ἐν"
42,09,34,"RA","DSN","τῷ","τῷ","τῷ","ὁ"
42,09,34,"V","AAN","⸂εἰσελθεῖν","εἰσελθεῖν","εἰσελθεῖν","εἰσέρχομαι"
42,09,34,"RP","APM","αὐτοὺς⸃","αὐτοὺς","αὐτούς","αὐτός"
42,09,34,"P",NULL,"εἰς","εἰς","εἰς","εἰς"
42,09,34,"RA","ASF","τὴν","τὴν","τήν","ὁ"
42,09,34,"N","ASF","νεφέλην.","νεφέλην","νεφέλην","νεφέλη"
42,09,35,"C",NULL,"καὶ","καὶ","καί","καί"
42,09,35,"N","NSF","φωνὴ","φωνὴ","φωνή","φωνή"
42,09,35,"V","3AMI-S","ἐγένετο","ἐγένετο","ἐγένετο","γίνομαι"
42,09,35,"P",NULL,"ἐκ","ἐκ","ἐκ","ἐκ"
42,09,35,"RA","GSF","τῆς","τῆς","τῆς","ὁ"
42,09,35,"N","GSF","νεφέλης","νεφέλης","νεφέλης","νεφέλη"
42,09,35,"V","PAPNSF","λέγουσα·","λέγουσα","λέγουσα","λέγω"
42,09,35,"RD","NSM","Οὗτός","Οὗτός","οὗτος","οὗτος"
42,09,35,"V","3PAI-S","ἐστιν","ἐστιν","ἐστί(ν)","εἰμί"
42,09,35,"RA","NSM","ὁ","ὁ","ὁ","ὁ"
42,09,35,"N","NSM","υἱός","υἱός","υἱός","υἱός"
42,09,35,"RP","GS","μου","μου","μου","ἐγώ"
42,09,35,"RA","NSM","ὁ","ὁ","ὁ","ὁ"
42,09,35,"V","XPPNSM","⸀ἐκλελεγμένος,","ἐκλελεγμένος","ἐκλελεγμένος","ἐκλέγομαι"
42,09,35,"RP","GSM","αὐτοῦ","αὐτοῦ","αὐτοῦ","αὐτός"
42,09,35,"V","2PAD-P","ἀκούετε.","ἀκούετε","ἀκούετε","ἀκούω"
42,09,36,"C",NULL,"καὶ","καὶ","καί","καί"
42,09,36,"P",NULL,"ἐν","ἐν","ἐν","ἐν"
42,09,36,"RA","DSN","τῷ","τῷ","τῷ","ὁ"
42,09,36,"V","AMN","γενέσθαι","γενέσθαι","γενέσθαι","γίνομαι"
42,09,36,"RA","ASF","τὴν","τὴν","τήν","ὁ"
42,09,36,"N","ASF","φωνὴν","φωνὴν","φωνήν","φωνή"
42,09,36,"V","3API-S","⸀εὑρέθη","εὑρέθη","εὑρέθη","εὑρίσκω"
42,09,36,"N","NSM","Ἰησοῦς","Ἰησοῦς","Ἰησοῦς","Ἰησοῦς"
42,09,36,"A","NSM","μόνος.","μόνος","μόνος","μόνος"
42,09,36,"C",NULL,"καὶ","καὶ","καί","καί"
42,09,36,"RP","NPM","αὐτοὶ","αὐτοὶ","αὐτοί","αὐτός"
42,09,36,"V","3AAI-P","ἐσίγησαν","ἐσίγησαν","ἐσίγησαν","σιγάω"
42,09,36,"C",NULL,"καὶ","καὶ","καί","καί"
42,09,36,"A","DSM","οὐδενὶ","οὐδενὶ","οὐδενί","οὐδείς"
42,09,36,"V","3AAI-P","ἀπήγγειλαν","ἀπήγγειλαν","ἀπήγγειλαν","ἀπαγγέλλω"
42,09,36,"P",NULL,"ἐν","ἐν","ἐν","ἐν"
42,09,36,"RD","DPF","ἐκείναις","ἐκείναις","ἐκείναις","ἐκεῖνος"
42,09,36,"RA","DPF","ταῖς","ταῖς","ταῖς","ὁ"
42,09,36,"N","DPF","ἡμέραις","ἡμέραις","ἡμέραις","ἡμέρα"
42,09,36,"A","ASN","οὐδὲν","οὐδὲν","οὐδέν","οὐδείς"
42,09,36,"RR","GPN","ὧν","ὧν","ὧν","ὅς"
42,09,36,"V","3XAI-P","ἑώρακαν.","ἑώρακαν","ἑώρακαν","ὁράω"
42,09,37,"V","3AMI-S","Ἐγένετο","Ἐγένετο","ἐγένετο","γίνομαι"
42,09,37,"C",NULL,"⸀δὲ","δὲ","δέ","δέ"
42,09,37,"RA","DSF","τῇ","τῇ","τῇ","ὁ"
42,09,37,"D",NULL,"ἑξῆς","ἑξῆς","ἑξῆς","ἑξῆς"
42,09,37,"N","DSF","ἡμέρᾳ","ἡμέρᾳ","ἡμέρᾳ","ἡμέρα"
42,09,37,"V","AAPGPM","κατελθόντων","κατελθόντων","κατελθόντων","κατέρχομαι"
42,09,37,"RP","GPM","αὐτῶν","αὐτῶν","αὐτῶν","αὐτός"
42,09,37,"P",NULL,"ἀπὸ","ἀπὸ","ἀπό","ἀπό"
42,09,37,"RA","GSN","τοῦ","τοῦ","τοῦ","ὁ"
42,09,37,"N","GSN","ὄρους","ὄρους","ὄρους","ὄρος"
42,09,37,"V","3AAI-S","συνήντησεν","συνήντησεν","συνήντησε(ν)","συναντάω"
42,09,37,"RP","DSM","αὐτῷ","αὐτῷ","αὐτῷ","αὐτός"
42,09,37,"N","NSM","ὄχλος","ὄχλος","ὄχλος","ὄχλος"
42,09,37,"A","NSM","πολύς.","πολύς","πολύς","πολύς"
42,09,38,"C",NULL,"καὶ","καὶ","καί","καί"
42,09,38,"X",NULL,"ἰδοὺ","ἰδοὺ","ἰδού","ἰδού"
42,09,38,"N","NSM","ἀνὴρ","ἀνὴρ","ἀνήρ","ἀνήρ"
42,09,38,"P",NULL,"ἀπὸ","ἀπὸ","ἀπό","ἀπό"
42,09,38,"RA","GSM","τοῦ","τοῦ","τοῦ","ὁ"
42,09,38,"N","GSM","ὄχλου","ὄχλου","ὄχλου","ὄχλος"
42,09,38,"V","3AAI-S","⸀ἐβόησεν","ἐβόησεν","ἐβόησε(ν)","βοάω"
42,09,38,"V","PAPNSM","λέγων·","λέγων","λέγων","λέγω"
42,09,38,"N","VSM","Διδάσκαλε,","Διδάσκαλε","διδάσκαλε","διδάσκαλος"
42,09,38,"V","1PMI-S","δέομαί","δέομαί","δέομαι","δέομαι"
42,09,38,"RP","GS","σου","σου","σου","σύ"
42,09,38,"V","AAN","ἐπιβλέψαι","ἐπιβλέψαι","ἐπιβλέψαι","ἐπιβλέπω"
42,09,38,"P",NULL,"ἐπὶ","ἐπὶ","ἐπί","ἐπί"
42,09,38,"RA","ASM","τὸν","τὸν","τόν","ὁ"
42,09,38,"N","ASM","υἱόν","υἱόν","υἱόν","υἱός"
42,09,38,"RP","GS","μου,","μου","μου","ἐγώ"
42,09,38,"C",NULL,"ὅτι","ὅτι","ὅτι","ὅτι"
42,09,38,"A","NSM","μονογενής","μονογενής","μονογενής","μονογενής"
42,09,38,"RP","DS","⸂μοί","μοί","μοι","ἐγώ"
42,09,38,"V","3PAI-S","ἐστιν⸃,","ἐστιν","ἐστί(ν)","εἰμί"
42,09,39,"C",NULL,"καὶ","καὶ","καί","καί"
42,09,39,"X",NULL,"ἰδοὺ","ἰδοὺ","ἰδού","ἰδού"
42,09,39,"N","NSN","πνεῦμα","πνεῦμα","πνεῦμα","πνεῦμα"
42,09,39,"V","3PAI-S","λαμβάνει","λαμβάνει","λαμβάνει","λαμβάνω"
42,09,39,"RP","ASM","αὐτόν,","αὐτόν","αὐτόν","αὐτός"
42,09,39,"C",NULL,"καὶ","καὶ","καί","καί"
42,09,39,"D",NULL,"ἐξαίφνης","ἐξαίφνης","ἐξαίφνης","ἐξαίφνης"
42,09,39,"V","3PAI-S","κράζει,","κράζει","κράζει","κράζω"
42,09,39,"C",NULL,"καὶ","καὶ","καί","καί"
42,09,39,"V","3PAI-S","σπαράσσει","σπαράσσει","σπαράσσει","σπαράσσω"
42,09,39,"RP","ASM","αὐτὸν","αὐτὸν","αὐτόν","αὐτός"
42,09,39,"P",NULL,"μετὰ","μετὰ","μετά","μετά"
42,09,39,"N","GSM","ἀφροῦ","ἀφροῦ","ἀφροῦ","ἀφρός"
42,09,39,"C",NULL,"καὶ","καὶ","καί","καί"
42,09,39,"D",NULL,"⸀μόγις","μόγις","μόγις","μόγις"
42,09,39,"V","3PAI-S","ἀποχωρεῖ","ἀποχωρεῖ","ἀποχωρεῖ","ἀποχωρέω"
42,09,39,"P",NULL,"ἀπ’","ἀπ’","ἀπό","ἀπό"
42,09,39,"RP","GSM","αὐτοῦ","αὐτοῦ","αὐτοῦ","αὐτός"
42,09,39,"V","PAPNSN","συντρῖβον","συντρῖβον","συντρῖβον","συντρίβω"
42,09,39,"RP","ASM","αὐτόν·","αὐτόν","αὐτόν","αὐτός"
42,09,40,"C",NULL,"καὶ","καὶ","καί","καί"
42,09,40,"V","1API-S","ἐδεήθην","ἐδεήθην","ἐδεήθην","δέω"
42,09,40,"RA","GPM","τῶν","τῶν","τῶν","ὁ"
42,09,40,"N","GPM","μαθητῶν","μαθητῶν","μαθητῶν","μαθητής"
42,09,40,"RP","GS","σου","σου","σου","σύ"
42,09,40,"C",NULL,"ἵνα","ἵνα","ἵνα","ἵνα"
42,09,40,"V","3AAS-P","ἐκβάλωσιν","ἐκβάλωσιν","ἐκβάλωσι(ν)","ἐκβάλλω"
42,09,40,"RP","ASN","αὐτό,","αὐτό","αὐτό","αὐτός"
42,09,40,"C",NULL,"καὶ","καὶ","καί","καί"
42,09,40,"D",NULL,"οὐκ","οὐκ","οὐ","οὐ"
42,09,40,"V","3API-P","ἠδυνήθησαν.","ἠδυνήθησαν","ἠδυνήθησαν","δύναμαι"
42,09,41,"V","APPNSM","ἀποκριθεὶς","ἀποκριθεὶς","ἀποκριθείς","ἀποκρίνομαι"
42,09,41,"C",NULL,"δὲ","δὲ","δέ","δέ"
42,09,41,"RA","NSM","ὁ","ὁ","ὁ","ὁ"
42,09,41,"N","NSM","Ἰησοῦς","Ἰησοῦς","Ἰησοῦς","Ἰησοῦς"
42,09,41,"V","3AAI-S","εἶπεν·","εἶπεν","εἶπε(ν)","λέγω"
42,09,41,"X",NULL,"Ὦ","Ὦ","ὦ","ὦ"
42,09,41,"N","VSF","γενεὰ","γενεὰ","γενεά","γενεά"
42,09,41,"A","VSF","ἄπιστος","ἄπιστος","ἄπιστος","ἄπιστος"
42,09,41,"C",NULL,"καὶ","καὶ","καί","καί"
42,09,41,"V","XPPVSF","διεστραμμένη,","διεστραμμένη","διεστραμμένη","διαστρέφω"
42,09,41,"P",NULL,"ἕως","ἕως","ἕως","ἕως"
42,09,41,"D",NULL,"πότε","πότε","πότε","πότε"
42,09,41,"V","1FMI-S","ἔσομαι","ἔσομαι","ἔσομαι","εἰμί"
42,09,41,"P",NULL,"πρὸς","πρὸς","πρός","πρός"
42,09,41,"RP","AP","ὑμᾶς","ὑμᾶς","ὑμᾶς","σύ"
42,09,41,"C",NULL,"καὶ","καὶ","καί","καί"
42,09,41,"V","1FMI-S","ἀνέξομαι","ἀνέξομαι","ἀνέξομαι","ἀνέχομαι"
42,09,41,"RP","GP","ὑμῶν;","ὑμῶν","ὑμῶν","σύ"
42,09,41,"V","2AAD-S","προσάγαγε","προσάγαγε","προσάγαγε","προσάγω"
42,09,41,"D",NULL,"⸂ὧδε","ὧδε","ὧδε","ὧδε"
42,09,41,"RA","ASM","τὸν","τὸν","τόν","ὁ"
42,09,41,"N","ASM","υἱόν","υἱόν","υἱόν","υἱός"
42,09,41,"RP","GS","σου⸃.","σου","σου","σύ"
42,09,42,"D",NULL,"ἔτι","ἔτι","ἔτι","ἔτι"
42,09,42,"C",NULL,"δὲ","δὲ","δέ","δέ"
42,09,42,"V","PMPGSM","προσερχομένου","προσερχομένου","προσερχομένου","προσέρχομαι"
42,09,42,"RP","GSM","αὐτοῦ","αὐτοῦ","αὐτοῦ","αὐτός"
42,09,42,"V","3AAI-S","ἔρρηξεν","ἔρρηξεν","ἔρρηξε(ν)","ῥήγνυμι"
42,09,42,"RP","ASM","αὐτὸν","αὐτὸν","αὐτόν","αὐτός"
42,09,42,"RA","NSN","τὸ","τὸ","τό","ὁ"
42,09,42,"N","NSN","δαιμόνιον","δαιμόνιον","δαιμόνιον","δαιμόνιον"
42,09,42,"C",NULL,"καὶ","καὶ","καί","καί"
42,09,42,"V","3AAI-S","συνεσπάραξεν·","συνεσπάραξεν","συνεσπάραξε(ν)","συσπαράσσω"
42,09,42,"V","3AAI-S","ἐπετίμησεν","ἐπετίμησεν","ἐπετίμησε(ν)","ἐπιτιμάω"
42,09,42,"C",NULL,"δὲ","δὲ","δέ","δέ"
42,09,42,"RA","NSM","ὁ","ὁ","ὁ","ὁ"
42,09,42,"N","NSM","Ἰησοῦς","Ἰησοῦς","Ἰησοῦς","Ἰησοῦς"
42,09,42,"RA","DSN","τῷ","τῷ","τῷ","ὁ"
42,09,42,"N","DSN","πνεύματι","πνεύματι","πνεύματι","πνεῦμα"
42,09,42,"RA","DSN","τῷ","τῷ","τῷ","ὁ"
42,09,42,"A","DSN","ἀκαθάρτῳ,","ἀκαθάρτῳ","ἀκαθάρτῳ","ἀκάθαρτος"
42,09,42,"C",NULL,"καὶ","καὶ","καί","καί"
42,09,42,"V","3AMI-S","ἰάσατο","ἰάσατο","ἰάσατο","ἰάομαι"
42,09,42,"RA","ASM","τὸν","τὸν","τόν","ὁ"
42,09,42,"N","ASM","παῖδα","παῖδα","παῖδα","παῖς"
42,09,42,"C",NULL,"καὶ","καὶ","καί","καί"
42,09,42,"V","3AAI-S","ἀπέδωκεν","ἀπέδωκεν","ἀπέδωκε(ν)","ἀποδίδωμι"
42,09,42,"RP","ASM","αὐτὸν","αὐτὸν","αὐτόν","αὐτός"
42,09,42,"RA","DSM","τῷ","τῷ","τῷ","ὁ"
42,09,42,"N","DSM","πατρὶ","πατρὶ","πατρί","πατήρ"
42,09,42,"RP","GSM","αὐτοῦ.","αὐτοῦ","αὐτοῦ","αὐτός"
42,09,43,"V","3IPI-P","ἐξεπλήσσοντο","ἐξεπλήσσοντο","ἐξεπλήσσοντο","ἐκπλήσσομαι"
42,09,43,"C",NULL,"δὲ","δὲ","δέ","δέ"
42,09,43,"A","NPM","πάντες","πάντες","πάντες","πᾶς"
42,09,43,"P",NULL,"ἐπὶ","ἐπὶ","ἐπί","ἐπί"
42,09,43,"RA","DSF","τῇ","τῇ","τῇ","ὁ"
42,09,43,"N","DSF","μεγαλειότητι","μεγαλειότητι","μεγαλειότητι","μεγαλειότης"
42,09,43,"RA","GSM","τοῦ","τοῦ","τοῦ","ὁ"
42,09,43,"N","GSM","θεοῦ.","θεοῦ","θεοῦ","θεός"
42,09,43,"A","GPM","Πάντων","Πάντων","πάντων","πᾶς"
42,09,43,"C",NULL,"δὲ","δὲ","δέ","δέ"
42,09,43,"V","PAPGPM","θαυμαζόντων","θαυμαζόντων","θαυμαζόντων","θαυμάζω"
42,09,43,"P",NULL,"ἐπὶ","ἐπὶ","ἐπί","ἐπί"
42,09,43,"A","DPN","πᾶσιν","πᾶσιν","πᾶσι(ν)","πᾶς"
42,09,43,"RR","DPN","οἷς","οἷς","οἷς","ὅς"
42,09,43,"V","3IAI-S","⸀ἐποίει","ἐποίει","ἐποίει","ποιέω"
42,09,43,"V","3AAI-S","εἶπεν","εἶπεν","εἶπε(ν)","λέγω"
42,09,43,"P",NULL,"πρὸς","πρὸς","πρός","πρός"
42,09,43,"RA","APM","τοὺς","τοὺς","τούς","ὁ"
42,09,43,"N","APM","μαθητὰς","μαθητὰς","μαθητάς","μαθητής"
42,09,43,"RP","GSM","αὐτοῦ·","αὐτοῦ","αὐτοῦ","αὐτός"
42,09,44,"V","2AMD-P","Θέσθε","Θέσθε","θέσθε","τίθημι"
42,09,44,"RP","NP","ὑμεῖς","ὑμεῖς","ὑμεῖς","σύ"
42,09,44,"P",NULL,"εἰς","εἰς","εἰς","εἰς"
42,09,44,"RA","APN","τὰ","τὰ","τά","ὁ"
42,09,44,"N","APN","ὦτα","ὦτα","ὦτα","οὖς"
42,09,44,"RP","GP","ὑμῶν","ὑμῶν","ὑμῶν","σύ"
42,09,44,"RA","APM","τοὺς","τοὺς","τούς","ὁ"
42,09,44,"N","APM","λόγους","λόγους","λόγους","λόγος"
42,09,44,"RD","APM","τούτους,","τούτους","τούτους","οὗτος"
42,09,44,"RA","NSM","ὁ","ὁ","ὁ","ὁ"
42,09,44,"C",NULL,"γὰρ","γὰρ","γάρ","γάρ"
42,09,44,"N","NSM","υἱὸς","υἱὸς","υἱός","υἱός"
42,09,44,"RA","GSM","τοῦ","τοῦ","τοῦ","ὁ"
42,09,44,"N","GSM","ἀνθρώπου","ἀνθρώπου","ἀνθρώπου","ἄνθρωπος"
42,09,44,"V","3PAI-S","μέλλει","μέλλει","μέλλει","μέλλω"
42,09,44,"V","PPN","παραδίδοσθαι","παραδίδοσθαι","παραδίδοσθαι","παραδίδωμι"
42,09,44,"P",NULL,"εἰς","εἰς","εἰς","εἰς"
42,09,44,"N","APF","χεῖρας","χεῖρας","χεῖρας","χείρ"
42,09,44,"N","GPM","ἀνθρώπων.","ἀνθρώπων","ἀνθρώπων","ἄνθρωπος"
42,09,45,"RA","NPM","οἱ","οἱ","οἱ","ὁ"
42,09,45,"C",NULL,"δὲ","δὲ","δέ","δέ"
42,09,45,"V","3IAI-P","ἠγνόουν","ἠγνόουν","ἠγνόουν","ἀγνοέω"
42,09,45,"RA","ASN","τὸ","τὸ","τό","ὁ"
42,09,45,"N","ASN","ῥῆμα","ῥῆμα","ῥῆμα","ῥῆμα"
42,09,45,"RD","ASN","τοῦτο,","τοῦτο","τοῦτο","οὗτος"
42,09,45,"C",NULL,"καὶ","καὶ","καί","καί"
42,09,45,"V","3IAI-S","ἦν","ἦν","ἦν","εἰμί"
42,09,45,"V","XPPNSN","παρακεκαλυμμένον","παρακεκαλυμμένον","παρακεκαλυμμένον","παρακαλύπτομαι"
42,09,45,"P",NULL,"ἀπ’","ἀπ’","ἀπό","ἀπό"
42,09,45,"RP","GPM","αὐτῶν","αὐτῶν","αὐτῶν","αὐτός"
42,09,45,"C",NULL,"ἵνα","ἵνα","ἵνα","ἵνα"
42,09,45,"D",NULL,"μὴ","μὴ","μή","μή"
42,09,45,"V","3AMS-P","αἴσθωνται","αἴσθωνται","αἴσθωνται","αἰσθάνομαι"
42,09,45,"RP","ASN","αὐτό,","αὐτό","αὐτό","αὐτός"
42,09,45,"C",NULL,"καὶ","καὶ","καί","καί"
42,09,45,"V","3IMI-P","ἐφοβοῦντο","ἐφοβοῦντο","ἐφοβοῦντο","φοβέομαι"
42,09,45,"V","AAN","ἐρωτῆσαι","ἐρωτῆσαι","ἐρωτῆσαι","ἐρωτάω"
42,09,45,"RP","ASM","αὐτὸν","αὐτὸν","αὐτόν","αὐτός"
42,09,45,"P",NULL,"περὶ","περὶ","περί","περί"
42,09,45,"RA","GSN","τοῦ","τοῦ","τοῦ","ὁ"
42,09,45,"N","GSN","ῥήματος","ῥήματος","ῥήματος","ῥῆμα"
42,09,45,"RD","GSN","τούτου.","τούτου","τούτου","οὗτος"
42,09,46,"V","3AAI-S","Εἰσῆλθεν","Εἰσῆλθεν","εἰσῆλθε(ν)","εἰσέρχομαι"
42,09,46,"C",NULL,"δὲ","δὲ","δέ","δέ"
42,09,46,"N","NSM","διαλογισμὸς","διαλογισμὸς","διαλογισμός","διαλογισμός"
42,09,46,"P",NULL,"ἐν","ἐν","ἐν","ἐν"
42,09,46,"RP","DPM","αὐτοῖς,","αὐτοῖς","αὐτοῖς","αὐτός"
42,09,46,"RA","NSN","τὸ","τὸ","τό","ὁ"
42,09,46,"RI","NSM","τίς","τίς","τίς","τίς"
42,09,46,"X",NULL,"ἂν","ἂν","ἄν","ἄν"
42,09,46,"V","3PAO-S","εἴη","εἴη","εἴη","εἰμί"
42,09,46,"A","NSMC","μείζων","μείζων","μείζων","μέγας"
42,09,46,"RP","GPM","αὐτῶν.","αὐτῶν","αὐτῶν","αὐτός"
42,09,47,"RA","NSM","ὁ","ὁ","ὁ","ὁ"
42,09,47,"C",NULL,"δὲ","δὲ","δέ","δέ"
42,09,47,"N","NSM","Ἰησοῦς","Ἰησοῦς","Ἰησοῦς","Ἰησοῦς"
42,09,47,"V","XAPNSM","⸀εἰδὼς","εἰδὼς","εἰδώς","ὁράω"
42,09,47,"RA","ASM","τὸν","τὸν","τόν","ὁ"
42,09,47,"N","ASM","διαλογισμὸν","διαλογισμὸν","διαλογισμόν","διαλογισμός"
42,09,47,"RA","GSF","τῆς","τῆς","τῆς","ὁ"
42,09,47,"N","GSF","καρδίας","καρδίας","καρδίας","καρδία"
42,09,47,"RP","GPM","αὐτῶν","αὐτῶν","αὐτῶν","αὐτός"
42,09,47,"V","AMPNSM","ἐπιλαβόμενος","ἐπιλαβόμενος","ἐπιλαβόμενος","ἐπιλαμβάνομαι"
42,09,47,"N","ASN","⸀παιδίον","παιδίον","παιδίον","παιδίον"
42,09,47,"V","3AAI-S","ἔστησεν","ἔστησεν","ἔστησε(ν)","ἵστημι"
42,09,47,"RP","ASN","αὐτὸ","αὐτὸ","αὐτό","αὐτός"
42,09,47,"P",NULL,"παρ’","παρ’","παρά","παρά"
42,09,47,"RP","DSM","ἑαυτῷ,","ἑαυτῷ","ἑαυτῷ","ἑαυτοῦ"
42,09,48,"C",NULL,"καὶ","καὶ","καί","καί"
42,09,48,"V","3AAI-S","εἶπεν","εἶπεν","εἶπε(ν)","λέγω"
42,09,48,"RP","DPM","αὐτοῖς·","αὐτοῖς","αὐτοῖς","αὐτός"
42,09,48,"RR","NSM","Ὃς","Ὃς","ὅς","ὅς"
42,09,48,"X",NULL,"⸀ἂν","ἂν","ἄν","ἄν"
42,09,48,"V","3AMS-S","δέξηται","δέξηται","δέξηται","δέχομαι"
42,09,48,"RD","ASN","τοῦτο","τοῦτο","τοῦτο","οὗτος"
42,09,48,"RA","ASN","τὸ","τὸ","τό","ὁ"
42,09,48,"N","ASN","παιδίον","παιδίον","παιδίον","παιδίον"
42,09,48,"P",NULL,"ἐπὶ","ἐπὶ","ἐπί","ἐπί"
42,09,48,"RA","DSN","τῷ","τῷ","τῷ","ὁ"
42,09,48,"N","DSN","ὀνόματί","ὀνόματί","ὀνόματι","ὄνομα"
42,09,48,"RP","GS","μου","μου","μου","ἐγώ"
42,09,48,"RP","AS","ἐμὲ","ἐμὲ","ἐμέ","ἐγώ"
42,09,48,"V","3PMI-S","δέχεται,","δέχεται","δέχεται","δέχομαι"
42,09,48,"C",NULL,"καὶ","καὶ","καί","καί"
42,09,48,"RR","NSM","ὃς","ὃς","ὅς","ὅς"
42,09,48,"X",NULL,"⸁ἂν","ἂν","ἄν","ἄν"
42,09,48,"RP","AS","ἐμὲ","ἐμὲ","ἐμέ","ἐγώ"
42,09,48,"V","3AMS-S","δέξηται","δέξηται","δέξηται","δέχομαι"
42,09,48,"V","3PMI-S","δέχεται","δέχεται","δέχεται","δέχομαι"
42,09,48,"RA","ASM","τὸν","τὸν","τόν","ὁ"
42,09,48,"V","AAPASM","ἀποστείλαντά","ἀποστείλαντά","ἀποστείλαντα","ἀποστέλλω"
42,09,48,"RP","AS","με·","με","με","ἐγώ"
42,09,48,"RA","NSM","ὁ","ὁ","ὁ","ὁ"
42,09,48,"C",NULL,"γὰρ","γὰρ","γάρ","γάρ"
42,09,48,"A","NSMC","μικρότερος","μικρότερος","μικρότερος","μικρός"
42,09,48,"P",NULL,"ἐν","ἐν","ἐν","ἐν"
42,09,48,"A","DPM","πᾶσιν","πᾶσιν","πᾶσι(ν)","πᾶς"
42,09,48,"RP","DP","ὑμῖν","ὑμῖν","ὑμῖν","σύ"
42,09,48,"V","PAPNSM","ὑπάρχων","ὑπάρχων","ὑπάρχων","ὑπάρχω"
42,09,48,"RD","NSM","οὗτός","οὗτός","οὗτος","οὗτος"
42,09,48,"V","3PAI-S","⸀ἐστιν","ἐστιν","ἐστί(ν)","εἰμί"
42,09,48,"A","NSM","μέγας.","μέγας","μέγας","μέγας"
42,09,49,"V","APPNSM","Ἀποκριθεὶς","Ἀποκριθεὶς","ἀποκριθείς","ἀποκρίνομαι"
42,09,49,"C",NULL,"⸀δὲ","δὲ","δέ","δέ"
42,09,49,"N","NSM","Ἰωάννης","Ἰωάννης","Ἰωάννης","Ἰωάννης"
42,09,49,"V","3AAI-S","εἶπεν·","εἶπεν","εἶπε(ν)","λέγω"
42,09,49,"N","VSM","Ἐπιστάτα,","Ἐπιστάτα","ἐπιστάτα","ἐπιστάτης"
42,09,49,"V","1AAI-P","εἴδομέν","εἴδομέν","εἴδομεν","ὁράω"
42,09,49,"RI","ASM","τινα","τινα","τινά","τις"
42,09,49,"P",NULL,"⸀ἐν","ἐν","ἐν","ἐν"
42,09,49,"RA","DSN","τῷ","τῷ","τῷ","ὁ"
42,09,49,"N","DSN","ὀνόματί","ὀνόματί","ὀνόματι","ὄνομα"
42,09,49,"RP","GS","σου","σου","σου","σύ"
42,09,49,"V","PAPASM","ἐκβάλλοντα","ἐκβάλλοντα","ἐκβάλλοντα","ἐκβάλλω"
42,09,49,"N","APN","δαιμόνια,","δαιμόνια","δαιμόνια","δαιμόνιον"
42,09,49,"C",NULL,"καὶ","καὶ","καί","καί"
42,09,49,"V","1IAI-P","⸀ἐκωλύομεν","ἐκωλύομεν","ἐκωλύομεν","κωλύω"
42,09,49,"RP","ASM","αὐτὸν","αὐτὸν","αὐτόν","αὐτός"
42,09,49,"C",NULL,"ὅτι","ὅτι","ὅτι","ὅτι"
42,09,49,"D",NULL,"οὐκ","οὐκ","οὐ","οὐ"
42,09,49,"V","3PAI-S","ἀκολουθεῖ","ἀκολουθεῖ","ἀκολουθεῖ","ἀκολουθέω"
42,09,49,"P",NULL,"μεθ’","μεθ’","μετά","μετά"
42,09,49,"RP","GP","ἡμῶν.","ἡμῶν","ἡμῶν","ἐγώ"
42,09,50,"V","3AAI-S","⸂εἶπεν","εἶπεν","εἶπε(ν)","λέγω"
42,09,50,"C",NULL,"δὲ⸃","δὲ","δέ","δέ"
42,09,50,"P",NULL,"πρὸς","πρὸς","πρός","πρός"
42,09,50,"RP","ASM","αὐτὸν","αὐτὸν","αὐτόν","αὐτός"
42,09,50,"RA","NSM","⸀ὁ","ὁ","ὁ","ὁ"
42,09,50,"N","NSM","Ἰησοῦς·","Ἰησοῦς","Ἰησοῦς","Ἰησοῦς"
42,09,50,"D",NULL,"Μὴ","Μὴ","μή","μή"
42,09,50,"V","2PAD-P","κωλύετε,","κωλύετε","κωλύετε","κωλύω"
42,09,50,"RR","NSM","ὃς","ὃς","ὅς","ὅς"
42,09,50,"C",NULL,"γὰρ","γὰρ","γάρ","γάρ"
42,09,50,"D",NULL,"οὐκ","οὐκ","οὐ","οὐ"
42,09,50,"V","3PAI-S","ἔστιν","ἔστιν","ἐστί(ν)","εἰμί"
42,09,50,"P",NULL,"καθ’","καθ’","κατά","κατά"
42,09,50,"RP","GP","⸂ὑμῶν","ὑμῶν","ὑμῶν","σύ"
42,09,50,"P",NULL,"ὑπὲρ","ὑπὲρ","ὑπέρ","ὑπέρ"
42,09,50,"RP","GP","ὑμῶν⸃","ὑμῶν","ὑμῶν","σύ"
42,09,50,"V","3PAI-S","ἐστιν.","ἐστιν","ἐστί(ν)","εἰμί"
42,09,51,"V","3AMI-S","Ἐγένετο","Ἐγένετο","ἐγένετο","γίνομαι"
42,09,51,"C",NULL,"δὲ","δὲ","δέ","δέ"
42,09,51,"P",NULL,"ἐν","ἐν","ἐν","ἐν"
42,09,51,"RA","DSN","τῷ","τῷ","τῷ","ὁ"
42,09,51,"V","PPN","συμπληροῦσθαι","συμπληροῦσθαι","συμπληροῦσθαι","συμπληρόω"
42,09,51,"RA","APF","τὰς","τὰς","τάς","ὁ"
42,09,51,"N","APF","ἡμέρας","ἡμέρας","ἡμέρας","ἡμέρα"
42,09,51,"RA","GSF","τῆς","τῆς","τῆς","ὁ"
42,09,51,"N","GSF","ἀναλήμψεως","ἀναλήμψεως","ἀναλήμψεως","ἀνάλημψις"
42,09,51,"RP","GSM","αὐτοῦ","αὐτοῦ","αὐτοῦ","αὐτός"
42,09,51,"C",NULL,"καὶ","καὶ","καί","καί"
42,09,51,"RP","NSM","αὐτὸς","αὐτὸς","αὐτός","αὐτός"
42,09,51,"RA","ASN","τὸ","τὸ","τό","ὁ"
42,09,51,"N","ASN","⸀πρόσωπον","πρόσωπον","πρόσωπον","πρόσωπον"
42,09,51,"V","3AAI-S","⸀ἐστήρισεν","ἐστήρισεν","ἐστήρισε(ν)","στηρίζω"
42,09,51,"RA","GSN","τοῦ","τοῦ","τοῦ","ὁ"
42,09,51,"V","PMN","πορεύεσθαι","πορεύεσθαι","πορεύεσθαι","πορεύομαι"
42,09,51,"P",NULL,"εἰς","εἰς","εἰς","εἰς"
42,09,51,"N","ASF","Ἰερουσαλήμ,","Ἰερουσαλήμ","Ἰερουσαλήμ","Ἰερουσαλήμ"
42,09,52,"C",NULL,"καὶ","καὶ","καί","καί"
42,09,52,"V","3AAI-S","ἀπέστειλεν","ἀπέστειλεν","ἀπέστειλε(ν)","ἀποστέλλω"
42,09,52,"N","APM","ἀγγέλους","ἀγγέλους","ἀγγέλους","ἄγγελος"
42,09,52,"P",NULL,"πρὸ","πρὸ","πρό","πρό"
42,09,52,"N","GSN","προσώπου","προσώπου","προσώπου","πρόσωπον"
42,09,52,"RP","GSM","αὐτοῦ.","αὐτοῦ","αὐτοῦ","αὐτός"
42,09,52,"C",NULL,"καὶ","καὶ","καί","καί"
42,09,52,"V","APPNPM","πορευθέντες","πορευθέντες","πορευθέντες","πορεύομαι"
42,09,52,"V","3AAI-P","εἰσῆλθον","εἰσῆλθον","εἰσῆλθον","εἰσέρχομαι"
42,09,52,"P",NULL,"εἰς","εἰς","εἰς","εἰς"
42,09,52,"N","ASF","κώμην","κώμην","κώμην","κώμη"
42,09,52,"N","GPM","Σαμαριτῶν,","Σαμαριτῶν","Σαμαριτῶν","Σαμαρίτης"
42,09,52,"C",NULL,"⸀ὡς","ὡς","ὡς","ὡς"
42,09,52,"V","AAN","ἑτοιμάσαι","ἑτοιμάσαι","ἑτοιμάσαι","ἑτοιμάζω"
42,09,52,"RP","DSM","αὐτῷ·","αὐτῷ","αὐτῷ","αὐτός"
42,09,53,"C",NULL,"καὶ","καὶ","καί","καί"
42,09,53,"D",NULL,"οὐκ","οὐκ","οὐ","οὐ"
42,09,53,"V","3AMI-P","ἐδέξαντο","ἐδέξαντο","ἐδέξαντο","δέχομαι"
42,09,53,"RP","ASM","αὐτόν,","αὐτόν","αὐτόν","αὐτός"
42,09,53,"C",NULL,"ὅτι","ὅτι","ὅτι","ὅτι"
42,09,53,"RA","NSN","τὸ","τὸ","τό","ὁ"
42,09,53,"N","NSN","πρόσωπον","πρόσωπον","πρόσωπον","πρόσωπον"
42,09,53,"RP","GSM","αὐτοῦ","αὐτοῦ","αὐτοῦ","αὐτός"
42,09,53,"V","3IAI-S","ἦν","ἦν","ἦν","εἰμί"
42,09,53,"V","PMPNSN","πορευόμενον","πορευόμενον","πορευόμενον","πορεύομαι"
42,09,53,"P",NULL,"εἰς","εἰς","εἰς","εἰς"
42,09,53,"N","ASF","Ἰερουσαλήμ.","Ἰερουσαλήμ","Ἰερουσαλήμ","Ἰερουσαλήμ"
42,09,54,"V","AAPNPM","ἰδόντες","ἰδόντες","ἰδόντες","ὁράω"
42,09,54,"C",NULL,"δὲ","δὲ","δέ","δέ"
42,09,54,"RA","NPM","οἱ","οἱ","οἱ","ὁ"
42,09,54,"N","NPM","⸀μαθηταὶ","μαθηταὶ","μαθηταί","μαθητής"
42,09,54,"N","NSM","Ἰάκωβος","Ἰάκωβος","Ἰάκωβος","Ἰάκωβος"
42,09,54,"C",NULL,"καὶ","καὶ","καί","καί"
42,09,54,"N","NSM","Ἰωάννης","Ἰωάννης","Ἰωάννης","Ἰωάννης"
42,09,54,"V","3AAI-P","εἶπαν·","εἶπαν","εἶπαν","λέγω"
42,09,54,"N","VSM","Κύριε,","Κύριε","κύριε","κύριος"
42,09,54,"V","2PAI-S","θέλεις","θέλεις","θέλεις","θέλω"
42,09,54,"V","1AAS-P","εἴπωμεν","εἴπωμεν","εἴπωμεν","λέγω"
42,09,54,"N","ASN","πῦρ","πῦρ","πῦρ","πῦρ"
42,09,54,"V","AAN","καταβῆναι","καταβῆναι","καταβῆναι","καταβαίνω"
42,09,54,"P",NULL,"ἀπὸ","ἀπὸ","ἀπό","ἀπό"
42,09,54,"RA","GSM","τοῦ","τοῦ","τοῦ","ὁ"
42,09,54,"N","GSM","οὐρανοῦ","οὐρανοῦ","οὐρανοῦ","οὐρανός"
42,09,54,"C",NULL,"καὶ","καὶ","καί","καί"
42,09,54,"V","AAN","ἀναλῶσαι","ἀναλῶσαι","ἀναλῶσαι","ἀναλίσκω"
42,09,54,"RP","APM","⸀αὐτούς;","αὐτούς","αὐτούς","αὐτός"
42,09,55,"V","APPNSM","στραφεὶς","στραφεὶς","στραφείς","στρέφω"
42,09,55,"C",NULL,"δὲ","δὲ","δέ","δέ"
42,09,55,"V","3AAI-S","ἐπετίμησεν","ἐπετίμησεν","ἐπετίμησε(ν)","ἐπιτιμάω"
42,09,55,"RP","DPM","⸀αὐτοῖς.","αὐτοῖς","αὐτοῖς","αὐτός"
42,09,56,"C",NULL,"⸀καὶ","καὶ","καί","καί"
42,09,56,"V","3API-P","ἐπορεύθησαν","ἐπορεύθησαν","ἐπορεύθησαν","πορεύομαι"
42,09,56,"P",NULL,"εἰς","εἰς","εἰς","εἰς"
42,09,56,"A","ASF","ἑτέραν","ἑτέραν","ἑτέραν","ἕτερος"
42,09,56,"N","ASF","κώμην.","κώμην","κώμην","κώμη"
42,09,57,"C",NULL,"⸀Καὶ","Καὶ","καί","καί"
42,09,57,"V","PMPGPM","πορευομένων","πορευομένων","πορευομένων","πορεύομαι"
42,09,57,"RP","GPM","αὐτῶν","αὐτῶν","αὐτῶν","αὐτός"
42,09,57,"P",NULL,"ἐν","ἐν","ἐν","ἐν"
42,09,57,"RA","DSF","τῇ","τῇ","τῇ","ὁ"
42,09,57,"N","DSF","ὁδῷ","ὁδῷ","ὁδῷ","ὁδός"
42,09,57,"V","3AAI-S","εἶπέν","εἶπέν","εἶπε(ν)","λέγω"
42,09,57,"RI","NSM","τις","τις","τὶς","τις"
42,09,57,"P",NULL,"πρὸς","πρὸς","πρός","πρός"
42,09,57,"RP","ASM","αὐτόν·","αὐτόν","αὐτόν","αὐτός"
42,09,57,"V","1FAI-S","Ἀκολουθήσω","Ἀκολουθήσω","ἀκολουθήσω","ἀκολουθέω"
42,09,57,"RP","DS","σοι","σοι","σοι","σύ"
42,09,57,"C",NULL,"ὅπου","ὅπου","ὅπου","ὅπου"
42,09,57,"X",NULL,"⸀ἐὰν","ἐὰν","ἐάν","ἐάν"
42,09,57,"V","2PMS-S","⸀ἀπέρχῃ.","ἀπέρχῃ","ἀπέρχῃ","ἀπέρχομαι"
42,09,58,"C",NULL,"καὶ","καὶ","καί","καί"
42,09,58,"V","3AAI-S","εἶπεν","εἶπεν","εἶπε(ν)","λέγω"
42,09,58,"RP","DSM","αὐτῷ","αὐτῷ","αὐτῷ","αὐτός"
42,09,58,"RA","NSM","ὁ","ὁ","ὁ","ὁ"
42,09,58,"N","NSM","Ἰησοῦς·","Ἰησοῦς","Ἰησοῦς","Ἰησοῦς"
42,09,58,"RA","NPF","Αἱ","Αἱ","αἱ","ὁ"
42,09,58,"N","NPF","ἀλώπεκες","ἀλώπεκες","ἀλώπεκες","ἀλώπηξ"
42,09,58,"N","APM","φωλεοὺς","φωλεοὺς","φωλεούς","φωλεός"
42,09,58,"V","3PAI-P","ἔχουσιν","ἔχουσιν","ἔχουσι(ν)","ἔχω"
42,09,58,"C",NULL,"καὶ","καὶ","καί","καί"
42,09,58,"RA","NPN","τὰ","τὰ","τά","ὁ"
42,09,58,"A","NPN","πετεινὰ","πετεινὰ","πετεινά","πετεινόν"
42,09,58,"RA","GSM","τοῦ","τοῦ","τοῦ","ὁ"
42,09,58,"N","GSM","οὐρανοῦ","οὐρανοῦ","οὐρανοῦ","οὐρανός"
42,09,58,"N","APF","κατασκηνώσεις,","κατασκηνώσεις","κατασκηνώσεις","κατασκήνωσις"
42,09,58,"RA","NSM","ὁ","ὁ","ὁ","ὁ"
42,09,58,"C",NULL,"δὲ","δὲ","δέ","δέ"
42,09,58,"N","NSM","υἱὸς","υἱὸς","υἱός","υἱός"
42,09,58,"RA","GSM","τοῦ","τοῦ","τοῦ","ὁ"
42,09,58,"N","GSM","ἀνθρώπου","ἀνθρώπου","ἀνθρώπου","ἄνθρωπος"
42,09,58,"D",NULL,"οὐκ","οὐκ","οὐ","οὐ"
42,09,58,"V","3PAI-S","ἔχει","ἔχει","ἔχει","ἔχω"
42,09,58,"D",NULL,"ποῦ","ποῦ","ποῦ","ποῦ"
42,09,58,"RA","ASF","τὴν","τὴν","τήν","ὁ"
42,09,58,"N","ASF","κεφαλὴν","κεφαλὴν","κεφαλήν","κεφαλή"
42,09,58,"V","3PAS-S","κλίνῃ.","κλίνῃ","κλίνῃ","κλίνω"
42,09,59,"V","3AAI-S","εἶπεν","εἶπεν","εἶπε(ν)","λέγω"
42,09,59,"C",NULL,"δὲ","δὲ","δέ","δέ"
42,09,59,"P",NULL,"πρὸς","πρὸς","πρός","πρός"
42,09,59,"A","ASM","ἕτερον·","ἕτερον","ἕτερον","ἕτερος"
42,09,59,"V","2PAD-S","Ἀκολούθει","Ἀκολούθει","ἀκολούθει","ἀκολουθέω"
42,09,59,"RP","DS","μοι.","μοι","μοι","ἐγώ"
42,09,59,"RA","NSM","ὁ","ὁ","ὁ","ὁ"
42,09,59,"C",NULL,"δὲ","δὲ","δέ","δέ"
42,09,59,"V","3AAI-S","εἶπεν·","εἶπεν","εἶπε(ν)","λέγω"
42,09,59,"N","VSM","⸀Κύριε,","Κύριε","κύριε","κύριος"
42,09,59,"V","2AAD-S","ἐπίτρεψόν","ἐπίτρεψόν","ἐπίτρεψον","ἐπιτρέπω"
42,09,59,"RP","DS","μοι","μοι","μοι","ἐγώ"
42,09,59,"V","AAPDSM","⸂ἀπελθόντι","ἀπελθόντι","ἀπελθόντι","ἀπέρχομαι"
42,09,59,"A","ASN","πρῶτον⸃","πρῶτον","πρῶτον","πρῶτος"
42,09,59,"V","AAN","θάψαι","θάψαι","θάψαι","θάπτω"
42,09,59,"RA","ASM","τὸν","τὸν","τόν","ὁ"
42,09,59,"N","ASM","πατέρα","πατέρα","πατέρα","πατήρ"
42,09,59,"RP","GS","μου.","μου","μου","ἐγώ"
42,09,60,"V","3AAI-S","εἶπεν","εἶπεν","εἶπε(ν)","λέγω"
42,09,60,"C",NULL,"δὲ","δὲ","δέ","δέ"
42,09,60,"RP","DSM","⸀αὐτῷ·","αὐτῷ","αὐτῷ","αὐτός"
42,09,60,"V","2AAD-S","Ἄφες","Ἄφες","ἄφες","ἀφίημι"
42,09,60,"RA","APM","τοὺς","τοὺς","τούς","ὁ"
42,09,60,"A","APM","νεκροὺς","νεκροὺς","νεκρούς","νεκρός"
42,09,60,"V","AAN","θάψαι","θάψαι","θάψαι","θάπτω"
42,09,60,"RA","APM","τοὺς","τοὺς","τούς","ὁ"
42,09,60,"RP","GPM","ἑαυτῶν","ἑαυτῶν","ἑαυτῶν","ἑαυτοῦ"
42,09,60,"A","APM","νεκρούς,","νεκρούς","νεκρούς","νεκρός"
42,09,60,"RP","NS","σὺ","σὺ","σύ","σύ"
42,09,60,"C",NULL,"δὲ","δὲ","δέ","δέ"
42,09,60,"V","AAPNSM","ἀπελθὼν","ἀπελθὼν","ἀπελθών","ἀπέρχομαι"
42,09,60,"V","2PAD-S","διάγγελλε","διάγγελλε","διάγγελλε","διαγγέλλω"
42,09,60,"RA","ASF","τὴν","τὴν","τήν","ὁ"
42,09,60,"N","ASF","βασιλείαν","βασιλείαν","βασιλείαν","βασιλεία"
42,09,60,"RA","GSM","τοῦ","τοῦ","τοῦ","ὁ"
42,09,60,"N","GSM","θεοῦ.","θεοῦ","θεοῦ","θεός"
42,09,61,"V","3AAI-S","εἶπεν","εἶπεν","εἶπε(ν)","λέγω"
42,09,61,"C",NULL,"δὲ","δὲ","δέ","δέ"
42,09,61,"D",NULL,"καὶ","καὶ","καί","καί"
42,09,61,"A","NSM","ἕτερος·","ἕτερος","ἕτερος","ἕτερος"
42,09,61,"V","1FAI-S","Ἀκολουθήσω","Ἀκολουθήσω","ἀκολουθήσω","ἀκολουθέω"
42,09,61,"RP","DS","σοι,","σοι","σοι","σύ"
42,09,61,"N","VSM","κύριε·","κύριε","κύριε","κύριος"
42,09,61,"A","ASN","πρῶτον","πρῶτον","πρῶτον","πρῶτος"
42,09,61,"C",NULL,"δὲ","δὲ","δέ","δέ"
42,09,61,"V","2AAD-S","ἐπίτρεψόν","ἐπίτρεψόν","ἐπίτρεψον","ἐπιτρέπω"
42,09,61,"RP","DS","μοι","μοι","μοι","ἐγώ"
42,09,61,"V","AMN","ἀποτάξασθαι","ἀποτάξασθαι","ἀποτάξασθαι","ἀποτάσσομαι"
42,09,61,"RA","DPM","τοῖς","τοῖς","τοῖς","ὁ"
42,09,61,"P",NULL,"εἰς","εἰς","εἰς","εἰς"
42,09,61,"RA","ASM","τὸν","τὸν","τόν","ὁ"
42,09,61,"N","ASM","οἶκόν","οἶκόν","οἶκον","οἶκος"
42,09,61,"RP","GS","μου.","μου","μου","ἐγώ"
42,09,62,"V","3AAI-S","εἶπεν","εἶπεν","εἶπε(ν)","λέγω"
42,09,62,"C",NULL,"δὲ","δὲ","δέ","δέ"
42,09,62,"RA","NSM","⸂ὁ","ὁ","ὁ","ὁ"
42,09,62,"N","NSM","Ἰησοῦς⸃·","Ἰησοῦς","Ἰησοῦς","Ἰησοῦς"
42,09,62,"A","NSM","Οὐδεὶς","Οὐδεὶς","οὐδείς","οὐδείς"
42,09,62,"V","AAPNSM","ἐπιβαλὼν","ἐπιβαλὼν","ἐπιβαλών","ἐπιβάλλω"
42,09,62,"RA","ASF","τὴν","τὴν","τήν","ὁ"
42,09,62,"N","ASF","⸀χεῖρα","χεῖρα","χεῖρα","χείρ"
42,09,62,"P",NULL,"ἐπ’","ἐπ’","ἐπί","ἐπί"
42,09,62,"N","ASN","ἄροτρον","ἄροτρον","ἄροτρον","ἄροτρον"
42,09,62,"C",NULL,"καὶ","καὶ","καί","καί"
42,09,62,"V","PAPNSM","βλέπων","βλέπων","βλέπων","βλέπω"
42,09,62,"P",NULL,"εἰς","εἰς","εἰς","εἰς"
42,09,62,"RA","APN","τὰ","τὰ","τά","ὁ"
42,09,62,"D",NULL,"ὀπίσω","ὀπίσω","ὀπίσω","ὀπίσω"
42,09,62,"A","NSM","εὔθετός","εὔθετός","εὔθετος","εὔθετος"
42,09,62,"V","3PAI-S","ἐστιν","ἐστιν","ἐστί(ν)","εἰμί"
42,09,62,"RA","DSF","⸂τῇ","τῇ","τῇ","ὁ"
42,09,62,"N","DSF","βασιλείᾳ⸃","βασιλείᾳ","βασιλείᾳ","βασιλεία"
42,09,62,"RA","GSM","τοῦ","τοῦ","τοῦ","ὁ"
42,09,62,"N","GSM","θεοῦ.","θεοῦ","θεοῦ","θεός"
42,10,01,"P",NULL,"Μετὰ","Μετὰ","μετά","μετά"
42,10,01,"C",NULL,"δὲ","δὲ","δέ","δέ"
42,10,01,"RD","APN","ταῦτα","ταῦτα","ταῦτα","οὗτος"
42,10,01,"V","3AAI-S","ἀνέδειξεν","ἀνέδειξεν","ἀνέδειξε(ν)","ἀναδείκνυμι"
42,10,01,"RA","NSM","ὁ","ὁ","ὁ","ὁ"
42,10,01,"N","NSM","κύριος","κύριος","κύριος","κύριος"
42,10,01,"C",NULL,"⸀καὶ","καὶ","καί","καί"
42,10,01,"A","APM","ἑτέρους","ἑτέρους","ἑτέρους","ἕτερος"
42,10,01,"A","APM","ἑβδομήκοντα","ἑβδομήκοντα","ἑβδομήκοντα","ἑβδομήκοντα"
42,10,01,"A","APM","⸀δύο","δύο","δύο","δύο"
42,10,01,"C",NULL,"καὶ","καὶ","καί","καί"
42,10,01,"V","3AAI-S","ἀπέστειλεν","ἀπέστειλεν","ἀπέστειλε(ν)","ἀποστέλλω"
42,10,01,"RP","APM","αὐτοὺς","αὐτοὺς","αὐτούς","αὐτός"
42,10,01,"D",NULL,"ἀνὰ","ἀνὰ","ἀνά","ἀνά"
42,10,01,"A","APM","δύο","δύο","δύο","δύο"
42,10,01,"A","APM","⸁δύο","δύο","δύο","δύο"
42,10,01,"P",NULL,"πρὸ","πρὸ","πρό","πρό"
42,10,01,"N","GSN","προσώπου","προσώπου","προσώπου","πρόσωπον"
42,10,01,"RP","GSM","αὐτοῦ","αὐτοῦ","αὐτοῦ","αὐτός"
42,10,01,"P",NULL,"εἰς","εἰς","εἰς","εἰς"
42,10,01,"A","ASF","πᾶσαν","πᾶσαν","πᾶσαν","πᾶς"
42,10,01,"N","ASF","πόλιν","πόλιν","πόλιν","πόλις"
42,10,01,"C",NULL,"καὶ","καὶ","καί","καί"
42,10,01,"N","ASM","τόπον","τόπον","τόπον","τόπος"
42,10,01,"D",NULL,"οὗ","οὗ","οὗ","οὗ"
42,10,01,"V","3IAI-S","ἤμελλεν","ἤμελλεν","ἤμελλε(ν)","μέλλω"
42,10,01,"RP","NSM","αὐτὸς","αὐτὸς","αὐτός","αὐτός"
42,10,01,"V","PMN","ἔρχεσθαι.","ἔρχεσθαι","ἔρχεσθαι","ἔρχομαι"
42,10,02,"V","3IAI-S","ἔλεγεν","ἔλεγεν","ἔλεγε(ν)","λέγω"
42,10,02,"C",NULL,"⸀δὲ","δὲ","δέ","δέ"
42,10,02,"P",NULL,"πρὸς","πρὸς","πρός","πρός"
42,10,02,"RP","APM","αὐτούς·","αὐτούς","αὐτούς","αὐτός"
42,10,02,"RA","NSM","Ὁ","Ὁ","ὁ","ὁ"
42,10,02,"C",NULL,"μὲν","μὲν","μέν","μέν"
42,10,02,"N","NSM","θερισμὸς","θερισμὸς","θερισμός","θερισμός"
42,10,02,"A","NSM","πολύς,","πολύς","πολύς","πολύς"
42,10,02,"RA","NPM","οἱ","οἱ","οἱ","ὁ"
42,10,02,"C",NULL,"δὲ","δὲ","δέ","δέ"
42,10,02,"N","NPM","ἐργάται","ἐργάται","ἐργάται","ἐργάτης"
42,10,02,"A","NPM","ὀλίγοι·","ὀλίγοι","ὀλίγοι","ὀλίγος"
42,10,02,"V","2APD-P","δεήθητε","δεήθητε","δεήθητε","δέω"
42,10,02,"C",NULL,"οὖν","οὖν","οὖν","οὖν"
42,10,02,"RA","GSM","τοῦ","τοῦ","τοῦ","ὁ"
42,10,02,"N","GSM","κυρίου","κυρίου","κυρίου","κύριος"
42,10,02,"RA","GSM","τοῦ","τοῦ","τοῦ","ὁ"
42,10,02,"N","GSM","θερισμοῦ","θερισμοῦ","θερισμοῦ","θερισμός"
42,10,02,"C",NULL,"ὅπως","ὅπως","ὅπως","ὅπως"
42,10,02,"N","APM","⸂ἐργάτας","ἐργάτας","ἐργάτας","ἐργάτης"
42,10,02,"V","3AAS-S","ἐκβάλῃ⸃","ἐκβάλῃ","ἐκβάλῃ","ἐκβάλλω"
42,10,02,"P",NULL,"εἰς","εἰς","εἰς","εἰς"
42,10,02,"RA","ASM","τὸν","τὸν","τόν","ὁ"
42,10,02,"N","ASM","θερισμὸν","θερισμὸν","θερισμόν","θερισμός"
42,10,02,"RP","GSM","αὐτοῦ.","αὐτοῦ","αὐτοῦ","αὐτός"
42,10,03,"V","2PAD-P","ὑπάγετε·","ὑπάγετε","ὑπάγετε","ὑπάγω"
42,10,03,"X",NULL,"⸀ἰδοὺ","ἰδοὺ","ἰδού","ἰδού"
42,10,03,"V","1PAI-S","ἀποστέλλω","ἀποστέλλω","ἀποστέλλω","ἀποστέλλω"
42,10,03,"RP","AP","ὑμᾶς","ὑμᾶς","ὑμᾶς","σύ"
42,10,03,"C",NULL,"ὡς","ὡς","ὡς","ὡς"
42,10,03,"N","APM","ἄρνας","ἄρνας","ἄρνας","ἀρήν"
42,10,03,"P",NULL,"ἐν","ἐν","ἐν","ἐν"
42,10,03,"A","DSN","μέσῳ","μέσῳ","μέσῳ","μέσος"
42,10,03,"N","GPM","λύκων.","λύκων","λύκων","λύκος"
42,10,04,"D",NULL,"μὴ","μὴ","μή","μή"
42,10,04,"V","2PAD-P","βαστάζετε","βαστάζετε","βαστάζετε","βαστάζω"
42,10,04,"N","ASN","βαλλάντιον,","βαλλάντιον","βαλλάντιον","βαλλάντιον"
42,10,04,"D",NULL,"μὴ","μὴ","μή","μή"
42,10,04,"N","ASF","πήραν,","πήραν","πήραν","πήρα"
42,10,04,"D",NULL,"⸀μὴ","μὴ","μή","μή"
42,10,04,"N","APN","ὑποδήματα,","ὑποδήματα","ὑποδήματα","ὑπόδημα"
42,10,04,"C",NULL,"καὶ","καὶ","καί","καί"
42,10,04,"A","ASM","μηδένα","μηδένα","μηδένα","μηδείς"
42,10,04,"P",NULL,"κατὰ","κατὰ","κατά","κατά"
42,10,04,"RA","ASF","τὴν","τὴν","τήν","ὁ"
42,10,04,"N","ASF","ὁδὸν","ὁδὸν","ὁδόν","ὁδός"
42,10,04,"V","2AMS-P","ἀσπάσησθε.","ἀσπάσησθε","ἀσπάσησθε","ἀσπάζομαι"
42,10,05,"P",NULL,"εἰς","εἰς","εἰς","εἰς"
42,10,05,"RR","ASF","ἣν","ἣν","ἥν","ὅς"
42,10,05,"C",NULL,"δ’","δ’","δέ","δέ"
42,10,05,"X",NULL,"ἂν","ἂν","ἄν","ἄν"
42,10,05,"V","2AAS-P","⸂εἰσέλθητε","εἰσέλθητε","εἰσέλθητε","εἰσέρχομαι"
42,10,05,"N","ASF","οἰκίαν⸃","οἰκίαν","οἰκίαν","οἰκία"
42,10,05,"A","ASN","πρῶτον","πρῶτον","πρῶτον","πρῶτος"
42,10,05,"V","2PAD-P","λέγετε·","λέγετε","λέγετε","λέγω"
42,10,05,"N","NSF","Εἰρήνη","Εἰρήνη","εἰρήνη","εἰρήνη"
42,10,05,"RA","DSM","τῷ","τῷ","τῷ","ὁ"
42,10,05,"N","DSM","οἴκῳ","οἴκῳ","οἴκῳ","οἶκος"
42,10,05,"RD","DSM","τούτῳ.","τούτῳ","τούτῳ","οὗτος"
42,10,06,"C",NULL,"καὶ","καὶ","καί","καί"
42,10,06,"C",NULL,"ἐὰν","ἐὰν","ἐάν","ἐάν"
42,10,06,"V","3PAS-S","⸂ᾖ","ᾖ","ᾖ","εἰμί"
42,10,06,"D",NULL,"ἐκεῖ⸃","ἐκεῖ","ἐκεῖ","ἐκεῖ"
42,10,06,"N","NSM","υἱὸς","υἱὸς","υἱός","υἱός"
42,10,06,"N","GSF","εἰρήνης,","εἰρήνης","εἰρήνης","εἰρήνη"
42,10,06,"V","3FPI-S","ἐπαναπαήσεται","ἐπαναπαήσεται","ἐπαναπαήσεται","ἐπαναπαύομαι"
42,10,06,"P",NULL,"ἐπ’","ἐπ’","ἐπί","ἐπί"
42,10,06,"RP","ASM","αὐτὸν","αὐτὸν","αὐτόν","αὐτός"
42,10,06,"RA","NSF","ἡ","ἡ","ἡ","ὁ"
42,10,06,"N","NSF","εἰρήνη","εἰρήνη","εἰρήνη","εἰρήνη"
42,10,06,"RP","GP","ὑμῶν·","ὑμῶν","ὑμῶν","σύ"
42,10,06,"C",NULL,"εἰ","εἰ","εἰ","εἰ"
42,10,06,"C",NULL,"δὲ","δὲ","δέ","δέ"
42,10,06,"D",NULL,"μήγε,","μήγε","μήγε","μήγε"
42,10,06,"P",NULL,"ἐφ’","ἐφ’","ἐπί","ἐπί"
42,10,06,"RP","AP","ὑμᾶς","ὑμᾶς","ὑμᾶς","σύ"
42,10,06,"V","3FAI-S","ἀνακάμψει.","ἀνακάμψει","ἀνακάμψει","ἀνακάμπτω"
42,10,07,"P",NULL,"ἐν","ἐν","ἐν","ἐν"
42,10,07,"RP","DSF","αὐτῇ","αὐτῇ","αὐτῇ","αὐτός"
42,10,07,"C",NULL,"δὲ","δὲ","δέ","δέ"
42,10,07,"RA","DSF","τῇ","τῇ","τῇ","ὁ"
42,10,07,"N","DSF","οἰκίᾳ","οἰκίᾳ","οἰκίᾳ","οἰκία"
42,10,07,"V","2PAD-P","μένετε,","μένετε","μένετε","μένω"
42,10,07,"V","PAPNPM","ἐσθίοντες","ἐσθίοντες","ἐσθίοντες","ἐσθίω"
42,10,07,"C",NULL,"καὶ","καὶ","καί","καί"
42,10,07,"V","PAPNPM","πίνοντες","πίνοντες","πίνοντες","πίνω"
42,10,07,"RA","APN","τὰ","τὰ","τά","ὁ"
42,10,07,"P",NULL,"παρ’","παρ’","παρά","παρά"
42,10,07,"RP","GPM","αὐτῶν,","αὐτῶν","αὐτῶν","αὐτός"
42,10,07,"A","NSM","ἄξιος","ἄξιος","ἄξιος","ἄξιος"
42,10,07,"C",NULL,"γὰρ","γὰρ","γάρ","γάρ"
42,10,07,"RA","NSM","ὁ","ὁ","ὁ","ὁ"
42,10,07,"N","NSM","ἐργάτης","ἐργάτης","ἐργάτης","ἐργάτης"
42,10,07,"RA","GSM","τοῦ","τοῦ","τοῦ","ὁ"
42,10,07,"N","GSM","μισθοῦ","μισθοῦ","μισθοῦ","μισθός"
42,10,07,"RP","GSM","⸀αὐτοῦ.","αὐτοῦ","αὐτοῦ","αὐτός"
42,10,07,"D",NULL,"μὴ","μὴ","μή","μή"
42,10,07,"V","2PAD-P","μεταβαίνετε","μεταβαίνετε","μεταβαίνετε","μεταβαίνω"
42,10,07,"P",NULL,"ἐξ","ἐξ","ἐκ","ἐκ"
42,10,07,"N","GSF","οἰκίας","οἰκίας","οἰκίας","οἰκία"
42,10,07,"P",NULL,"εἰς","εἰς","εἰς","εἰς"
42,10,07,"N","ASF","οἰκίαν.","οἰκίαν","οἰκίαν","οἰκία"
42,10,08,"C",NULL,"καὶ","καὶ","καί","καί"
42,10,08,"P",NULL,"εἰς","εἰς","εἰς","εἰς"
42,10,08,"RR","ASF","ἣν","ἣν","ἥν","ὅς"
42,10,08,"X",NULL,"ἂν","ἂν","ἄν","ἄν"
42,10,08,"N","ASF","πόλιν","πόλιν","πόλιν","πόλις"
42,10,08,"V","2PMS-P","εἰσέρχησθε","εἰσέρχησθε","εἰσέρχησθε","εἰσέρχομαι"
42,10,08,"C",NULL,"καὶ","καὶ","καί","καί"
42,10,08,"V","3PMS-P","δέχωνται","δέχωνται","δέχωνται","δέχομαι"
42,10,08,"RP","AP","ὑμᾶς,","ὑμᾶς","ὑμᾶς","σύ"
42,10,08,"V","2PAD-P","ἐσθίετε","ἐσθίετε","ἐσθίετε","ἐσθίω"
42,10,08,"RA","APN","τὰ","τὰ","τά","ὁ"
42,10,08,"V","PPPAPN","παρατιθέμενα","παρατιθέμενα","παρατιθέμενα","παρατίθημι"
42,10,08,"RP","DP","ὑμῖν,","ὑμῖν","ὑμῖν","σύ"
42,10,09,"C",NULL,"καὶ","καὶ","καί","καί"
42,10,09,"V","2PAD-P","θεραπεύετε","θεραπεύετε","θεραπεύετε","θεραπεύω"
42,10,09,"RA","APM","τοὺς","τοὺς","τούς","ὁ"
42,10,09,"P",NULL,"ἐν","ἐν","ἐν","ἐν"
42,10,09,"RP","DSF","αὐτῇ","αὐτῇ","αὐτῇ","αὐτός"
42,10,09,"A","APM","ἀσθενεῖς,","ἀσθενεῖς","ἀσθενεῖς","ἀσθενής"
42,10,09,"C",NULL,"καὶ","καὶ","καί","καί"
42,10,09,"V","2PAD-P","λέγετε","λέγετε","λέγετε","λέγω"
42,10,09,"RP","DPM","αὐτοῖς·","αὐτοῖς","αὐτοῖς","αὐτός"
42,10,09,"V","3XAI-S","Ἤγγικεν","Ἤγγικεν","ἤγγικε(ν)","ἐγγίζω"
42,10,09,"P",NULL,"ἐφ’","ἐφ’","ἐπί","ἐπί"
42,10,09,"RP","AP","ὑμᾶς","ὑμᾶς","ὑμᾶς","σύ"
42,10,09,"RA","NSF","ἡ","ἡ","ἡ","ὁ"
42,10,09,"N","NSF","βασιλεία","βασιλεία","βασιλεία","βασιλεία"
42,10,09,"RA","GSM","τοῦ","τοῦ","τοῦ","ὁ"
42,10,09,"N","GSM","θεοῦ.","θεοῦ","θεοῦ","θεός"
42,10,10,"P",NULL,"εἰς","εἰς","εἰς","εἰς"
42,10,10,"RR","ASF","ἣν","ἣν","ἥν","ὅς"
42,10,10,"C",NULL,"δ’","δ’","δέ","δέ"
42,10,10,"X",NULL,"ἂν","ἂν","ἄν","ἄν"
42,10,10,"N","ASF","πόλιν","πόλιν","πόλιν","πόλις"
42,10,10,"V","2AAS-P","⸀εἰσέλθητε","εἰσέλθητε","εἰσέλθητε","εἰσέρχομαι"
42,10,10,"C",NULL,"καὶ","καὶ","καί","καί"
42,10,10,"D",NULL,"μὴ","μὴ","μή","μή"
42,10,10,"V","3PMS-P","δέχωνται","δέχωνται","δέχωνται","δέχομαι"
42,10,10,"RP","AP","ὑμᾶς,","ὑμᾶς","ὑμᾶς","σύ"
42,10,10,"V","AAPNPM","ἐξελθόντες","ἐξελθόντες","ἐξελθόντες","ἐξέρχομαι"
42,10,10,"P",NULL,"εἰς","εἰς","εἰς","εἰς"
42,10,10,"RA","APF","τὰς","τὰς","τάς","ὁ"
42,10,10,"A","APF","πλατείας","πλατείας","πλατείας","πλατεῖα"
42,10,10,"RP","GSF","αὐτῆς","αὐτῆς","αὐτῆς","αὐτός"
42,10,10,"V","2AAD-P","εἴπατε·","εἴπατε","εἴπατε","λέγω"
42,10,11,"D",NULL,"Καὶ","Καὶ","καί","καί"
42,10,11,"RA","ASM","τὸν","τὸν","τόν","ὁ"
42,10,11,"N","ASM","κονιορτὸν","κονιορτὸν","κονιορτόν","κονιορτός"
42,10,11,"RA","ASM","τὸν","τὸν","τόν","ὁ"
42,10,11,"V","APPASM","κολληθέντα","κολληθέντα","κολληθέντα","κολλάομαι"
42,10,11,"RP","DP","ἡμῖν","ἡμῖν","ἡμῖν","ἐγώ"
42,10,11,"P",NULL,"ἐκ","ἐκ","ἐκ","ἐκ"
42,10,11,"RA","GSF","τῆς","τῆς","τῆς","ὁ"
42,10,11,"N","GSF","πόλεως","πόλεως","πόλεως","πόλις"
42,10,11,"RP","GP","ὑμῶν","ὑμῶν","ὑμῶν","σύ"
42,10,11,"P",NULL,"⸂εἰς","εἰς","εἰς","εἰς"
42,10,11,"RA","APM","τοὺς","τοὺς","τούς","ὁ"
42,10,11,"N","APM","πόδας⸃","πόδας","πόδας","πούς"
42,10,11,"V","1PMI-P","ἀπομασσόμεθα","ἀπομασσόμεθα","ἀπομασσόμεθα","ἀπομάσσομαι"
42,10,11,"RP","DP","ὑμῖν·","ὑμῖν","ὑμῖν","σύ"
42,10,11,"C",NULL,"πλὴν","πλὴν","πλήν","πλήν"
42,10,11,"RD","ASN","τοῦτο","τοῦτο","τοῦτο","οὗτος"
42,10,11,"V","2PAD-P","γινώσκετε","γινώσκετε","γινώσκετε","γινώσκω"
42,10,11,"D",NULL,"ὅτι","ὅτι","ὅτι","ὅτι"
42,10,11,"V","3XAI-S","⸀ἤγγικεν","ἤγγικεν","ἤγγικε(ν)","ἐγγίζω"
42,10,11,"RA","NSF","ἡ","ἡ","ἡ","ὁ"
42,10,11,"N","NSF","βασιλεία","βασιλεία","βασιλεία","βασιλεία"
42,10,11,"RA","GSM","τοῦ","τοῦ","τοῦ","ὁ"
42,10,11,"N","GSM","θεοῦ.","θεοῦ","θεοῦ","θεός"
42,10,12,"V","1PAI-S","λέγω","λέγω","λέγω","λέγω"
42,10,12,"RP","DP","ὑμῖν","ὑμῖν","ὑμῖν","σύ"
42,10,12,"C",NULL,"ὅτι","ὅτι","ὅτι","ὅτι"
42,10,12,"N","DPN","Σοδόμοις","Σοδόμοις","Σοδόμοις","Σόδομα"
42,10,12,"P",NULL,"ἐν","ἐν","ἐν","ἐν"
42,10,12,"RA","DSF","τῇ","τῇ","τῇ","ὁ"
42,10,12,"N","DSF","ἡμέρᾳ","ἡμέρᾳ","ἡμέρᾳ","ἡμέρα"
42,10,12,"RD","DSF","ἐκείνῃ","ἐκείνῃ","ἐκείνῃ","ἐκεῖνος"
42,10,12,"A","NSNC","ἀνεκτότερον","ἀνεκτότερον","ἀνεκτότερον","ἀνεκτός"
42,10,12,"V","3FMI-S","ἔσται","ἔσται","ἔσται","εἰμί"
42,10,12,"C",NULL,"ἢ","ἢ","ἤ","ἤ"
42,10,12,"RA","DSF","τῇ","τῇ","τῇ","ὁ"
42,10,12,"N","DSF","πόλει","πόλει","πόλει","πόλις"
42,10,12,"RD","DSF","ἐκείνῃ.","ἐκείνῃ","ἐκείνῃ","ἐκεῖνος"
42,10,13,"X",NULL,"Οὐαί","Οὐαί","οὐαί","οὐαί"
42,10,13,"RP","DS","σοι,","σοι","σοι","σύ"
42,10,13,"N","VSF","Χοραζίν·","Χοραζίν","Χοραζίν","Χοραζίν"
42,10,13,"I",NULL,"οὐαί","οὐαί","οὐαί","οὐαί"
42,10,13,"RP","DS","σοι,","σοι","σοι","σύ"
42,10,13,"N","VSF","Βηθσαϊδά·","Βηθσαϊδά","Βηθσαϊδά","Βηθσαϊδά"
42,10,13,"C",NULL,"ὅτι","ὅτι","ὅτι","ὅτι"
42,10,13,"C",NULL,"εἰ","εἰ","εἰ","εἰ"
42,10,13,"P",NULL,"ἐν","ἐν","ἐν","ἐν"
42,10,13,"N","DSF","Τύρῳ","Τύρῳ","Τύρῳ","Τύρος"
42,10,13,"C",NULL,"καὶ","καὶ","καί","καί"
42,10,13,"N","DSF","Σιδῶνι","Σιδῶνι","Σιδῶνι","Σιδών"
42,10,13,"V","3API-P","⸀ἐγενήθησαν","ἐγενήθησαν","ἐγενήθησαν","γίνομαι"
42,10,13,"RA","NPF","αἱ","αἱ","αἱ","ὁ"
42,10,13,"N","NPF","δυνάμεις","δυνάμεις","δυνάμεις","δύναμις"
42,10,13,"RA","NPF","αἱ","αἱ","αἱ","ὁ"
42,10,13,"V","AMPNPF","γενόμεναι","γενόμεναι","γενόμεναι","γίνομαι"
42,10,13,"P",NULL,"ἐν","ἐν","ἐν","ἐν"
42,10,13,"RP","DP","ὑμῖν,","ὑμῖν","ὑμῖν","σύ"
42,10,13,"D",NULL,"πάλαι","πάλαι","πάλαι","πάλαι"
42,10,13,"X",NULL,"ἂν","ἂν","ἄν","ἄν"
42,10,13,"P",NULL,"ἐν","ἐν","ἐν","ἐν"
42,10,13,"N","DSM","σάκκῳ","σάκκῳ","σάκκῳ","σάκκος"
42,10,13,"C",NULL,"καὶ","καὶ","καί","καί"
42,10,13,"N","DSF","σποδῷ","σποδῷ","σποδῷ","σποδός"
42,10,13,"V","PMPNPM","⸀καθήμενοι","καθήμενοι","καθήμενοι","κάθημαι"
42,10,13,"V","3AAI-P","μετενόησαν.","μετενόησαν","μετενόησαν","μετανοέω"
42,10,14,"C",NULL,"πλὴν","πλὴν","πλήν","πλήν"
42,10,14,"N","DSF","Τύρῳ","Τύρῳ","Τύρῳ","Τύρος"
42,10,14,"C",NULL,"καὶ","καὶ","καί","καί"
42,10,14,"N","DSF","Σιδῶνι","Σιδῶνι","Σιδῶνι","Σιδών"
42,10,14,"A","NSNC","ἀνεκτότερον","ἀνεκτότερον","ἀνεκτότερον","ἀνεκτός"
42,10,14,"V","3FMI-S","ἔσται","ἔσται","ἔσται","εἰμί"
42,10,14,"P",NULL,"ἐν","ἐν","ἐν","ἐν"
42,10,14,"RA","DSF","τῇ","τῇ","τῇ","ὁ"
42,10,14,"N","DSF","κρίσει","κρίσει","κρίσει","κρίσις"
42,10,14,"C",NULL,"ἢ","ἢ","ἤ","ἤ"
42,10,14,"RP","DP","ὑμῖν.","ὑμῖν","ὑμῖν","σύ"
42,10,15,"C",NULL,"καὶ","καὶ","καί","καί"
42,10,15,"RP","NS","σύ,","σύ","σύ","σύ"
42,10,15,"N","VSF","Καφαρναούμ,","Καφαρναούμ","Καφαρναούμ","Καφαρναούμ"
42,10,15,"X",NULL,"⸂μὴ","μὴ","μή","μή"
42,10,15,"P",NULL,"ἕως","ἕως","ἕως","ἕως"
42,10,15,"N","GSM","οὐρανοῦ","οὐρανοῦ","οὐρανοῦ","οὐρανός"
42,10,15,"V","2FPI-S","ὑψωθήσῃ⸃;","ὑψωθήσῃ","ὑψωθήσῃ","ὑψόω"
42,10,15,"P",NULL,"ἕως","ἕως","ἕως","ἕως"
42,10,15,"RA","GSM","⸀τοῦ","τοῦ","τοῦ","ὁ"
42,10,15,"N","GSM","ᾅδου","ᾅδου","ᾅδου","ᾅδης"
42,10,15,"V","2FPI-S","⸀καταβιβασθήσῃ.","καταβιβασθήσῃ","καταβιβασθήσῃ","καταβιβάζω"
42,10,16,"RA","NSM","Ὁ","Ὁ","ὁ","ὁ"
42,10,16,"V","PAPNSM","ἀκούων","ἀκούων","ἀκούων","ἀκούω"
42,10,16,"RP","GP","ὑμῶν","ὑμῶν","ὑμῶν","σύ"
42,10,16,"RP","GS","ἐμοῦ","ἐμοῦ","ἐμοῦ","ἐγώ"
42,10,16,"V","3PAI-S","ἀκούει,","ἀκούει","ἀκούει","ἀκούω"
42,10,16,"C",NULL,"καὶ","καὶ","καί","καί"
42,10,16,"RA","NSM","ὁ","ὁ","ὁ","ὁ"
42,10,16,"V","PAPNSM","ἀθετῶν","ἀθετῶν","ἀθετῶν","ἀθετέω"
42,10,16,"RP","AP","ὑμᾶς","ὑμᾶς","ὑμᾶς","σύ"
42,10,16,"RP","AS","ἐμὲ","ἐμὲ","ἐμέ","ἐγώ"
42,10,16,"V","3PAI-S","ἀθετεῖ·","ἀθετεῖ","ἀθετεῖ","ἀθετέω"
42,10,16,"RA","NSM","ὁ","ὁ","ὁ","ὁ"
42,10,16,"C",NULL,"δὲ","δὲ","δέ","δέ"
42,10,16,"RP","AS","ἐμὲ","ἐμὲ","ἐμέ","ἐγώ"
42,10,16,"V","PAPNSM","ἀθετῶν","ἀθετῶν","ἀθετῶν","ἀθετέω"
42,10,16,"V","3PAI-S","ἀθετεῖ","ἀθετεῖ","ἀθετεῖ","ἀθετέω"
42,10,16,"RA","ASM","τὸν","τὸν","τόν","ὁ"
42,10,16,"V","AAPASM","ἀποστείλαντά","ἀποστείλαντά","ἀποστείλαντα","ἀποστέλλω"
42,10,16,"RP","AS","με.","με","με","ἐγώ"
42,10,17,"V","3AAI-P","Ὑπέστρεψαν","Ὑπέστρεψαν","ὑπέστρεψαν","ὑποστρέφω"
42,10,17,"C",NULL,"δὲ","δὲ","δέ","δέ"
42,10,17,"RA","NPM","οἱ","οἱ","οἱ","ὁ"
42,10,17,"A","NPM","ἑβδομήκοντα","ἑβδομήκοντα","ἑβδομήκοντα","ἑβδομήκοντα"
42,10,17,"A","NPM","⸀δύο","δύο","δύο","δύο"
42,10,17,"P",NULL,"μετὰ","μετὰ","μετά","μετά"
42,10,17,"N","GSF","χαρᾶς","χαρᾶς","χαρᾶς","χαρά"
42,10,17,"V","PAPNPM","λέγοντες·","λέγοντες","λέγοντες","λέγω"
42,10,17,"N","VSM","Κύριε,","Κύριε","κύριε","κύριος"
42,10,17,"D",NULL,"καὶ","καὶ","καί","καί"
42,10,17,"RA","NPN","τὰ","τὰ","τά","ὁ"
42,10,17,"N","NPN","δαιμόνια","δαιμόνια","δαιμόνια","δαιμόνιον"
42,10,17,"V","3PPI-S","ὑποτάσσεται","ὑποτάσσεται","ὑποτάσσεται","ὑποτάσσω"
42,10,17,"RP","DP","ἡμῖν","ἡμῖν","ἡμῖν","ἐγώ"
42,10,17,"P",NULL,"ἐν","ἐν","ἐν","ἐν"
42,10,17,"RA","DSN","τῷ","τῷ","τῷ","ὁ"
42,10,17,"N","DSN","ὀνόματί","ὀνόματί","ὀνόματι","ὄνομα"
42,10,17,"RP","GS","σου.","σου","σου","σύ"
42,10,18,"V","3AAI-S","εἶπεν","εἶπεν","εἶπε(ν)","λέγω"
42,10,18,"C",NULL,"δὲ","δὲ","δέ","δέ"
42,10,18,"RP","DPM","αὐτοῖς·","αὐτοῖς","αὐτοῖς","αὐτός"
42,10,18,"V","1IAI-S","Ἐθεώρουν","Ἐθεώρουν","ἐθεώρουν","θεωρέω"
42,10,18,"RA","ASM","τὸν","τὸν","τόν","ὁ"
42,10,18,"N","ASM","Σατανᾶν","Σατανᾶν","Σατανᾶν","Σατανᾶς"
42,10,18,"C",NULL,"ὡς","ὡς","ὡς","ὡς"
42,10,18,"N","ASF","ἀστραπὴν","ἀστραπὴν","ἀστραπήν","ἀστραπή"
42,10,18,"P",NULL,"ἐκ","ἐκ","ἐκ","ἐκ"
42,10,18,"RA","GSM","τοῦ","τοῦ","τοῦ","ὁ"
42,10,18,"N","GSM","οὐρανοῦ","οὐρανοῦ","οὐρανοῦ","οὐρανός"
42,10,18,"V","AAPASM","πεσόντα.","πεσόντα","πεσόντα","πίπτω"
42,10,19,"X",NULL,"ἰδοὺ","ἰδοὺ","ἰδού","ἰδού"
42,10,19,"V","1XAI-S","⸀δέδωκα","δέδωκα","δέδωκα","δίδωμι"
42,10,19,"RP","DP","ὑμῖν","ὑμῖν","ὑμῖν","σύ"
42,10,19,"RA","ASF","τὴν","τὴν","τήν","ὁ"
42,10,19,"N","ASF","ἐξουσίαν","ἐξουσίαν","ἐξουσίαν","ἐξουσία"
42,10,19,"RA","GSN","τοῦ","τοῦ","τοῦ","ὁ"
42,10,19,"V","PAN","πατεῖν","πατεῖν","πατεῖν","πατέω"
42,10,19,"P",NULL,"ἐπάνω","ἐπάνω","ἐπάνω","ἐπάνω"
42,10,19,"N","GPM","ὄφεων","ὄφεων","ὄφεων","ὄφις"
42,10,19,"C",NULL,"καὶ","καὶ","καί","καί"
42,10,19,"N","GPM","σκορπίων,","σκορπίων","σκορπίων","σκορπίος"
42,10,19,"C",NULL,"καὶ","καὶ","καί","καί"
42,10,19,"P",NULL,"ἐπὶ","ἐπὶ","ἐπί","ἐπί"
42,10,19,"A","ASF","πᾶσαν","πᾶσαν","πᾶσαν","πᾶς"
42,10,19,"RA","ASF","τὴν","τὴν","τήν","ὁ"
42,10,19,"N","ASF","δύναμιν","δύναμιν","δύναμιν","δύναμις"
42,10,19,"RA","GSM","τοῦ","τοῦ","τοῦ","ὁ"
42,10,19,"A","GSM","ἐχθροῦ,","ἐχθροῦ","ἐχθροῦ","ἐχθρός"
42,10,19,"C",NULL,"καὶ","καὶ","καί","καί"
42,10,19,"A","NSN","οὐδὲν","οὐδὲν","οὐδέν","οὐδείς"
42,10,19,"RP","AP","ὑμᾶς","ὑμᾶς","ὑμᾶς","σύ"
42,10,19,"D",NULL,"οὐ","οὐ","οὐ","οὐ"
42,10,19,"D",NULL,"μὴ","μὴ","μή","μή"
42,10,19,"V","3AAS-S","⸀ἀδικήσῃ.","ἀδικήσῃ","ἀδικήσῃ","ἀδικέω"
42,10,20,"C",NULL,"πλὴν","πλὴν","πλήν","πλήν"
42,10,20,"P",NULL,"ἐν","ἐν","ἐν","ἐν"
42,10,20,"RD","DSN","τούτῳ","τούτῳ","τούτῳ","οὗτος"
42,10,20,"D",NULL,"μὴ","μὴ","μή","μή"
42,10,20,"V","2PAD-P","χαίρετε","χαίρετε","χαίρετε","χαίρω"
42,10,20,"D",NULL,"ὅτι","ὅτι","ὅτι","ὅτι"
42,10,20,"RA","NPN","τὰ","τὰ","τά","ὁ"
42,10,20,"N","NPN","πνεύματα","πνεύματα","πνεύματα","πνεῦμα"
42,10,20,"RP","DP","ὑμῖν","ὑμῖν","ὑμῖν","σύ"
42,10,20,"V","3PPI-S","ὑποτάσσεται,","ὑποτάσσεται","ὑποτάσσεται","ὑποτάσσω"
42,10,20,"V","2PAD-P","χαίρετε","χαίρετε","χαίρετε","χαίρω"
42,10,20,"C",NULL,"δὲ","δὲ","δέ","δέ"
42,10,20,"C",NULL,"ὅτι","ὅτι","ὅτι","ὅτι"
42,10,20,"RA","NPN","τὰ","τὰ","τά","ὁ"
42,10,20,"N","NPN","ὀνόματα","ὀνόματα","ὀνόματα","ὄνομα"
42,10,20,"RP","GP","ὑμῶν","ὑμῶν","ὑμῶν","σύ"
42,10,20,"V","3XPI-S","⸀ἐγγέγραπται","ἐγγέγραπται","ἐγγέγραπται","ἐγγράφω"
42,10,20,"P",NULL,"ἐν","ἐν","ἐν","ἐν"
42,10,20,"RA","DPM","τοῖς","τοῖς","τοῖς","ὁ"
42,10,20,"N","DPM","οὐρανοῖς.","οὐρανοῖς","οὐρανοῖς","οὐρανός"
42,10,21,"P",NULL,"Ἐν","Ἐν","ἐν","ἐν"
42,10,21,"RP","DSF","αὐτῇ","αὐτῇ","αὐτῇ","αὐτός"
42,10,21,"RA","DSF","τῇ","τῇ","τῇ","ὁ"
42,10,21,"N","DSF","ὥρᾳ","ὥρᾳ","ὥρᾳ","ὥρα"
42,10,21,"V","3AMI-S","ἠγαλλιάσατο","ἠγαλλιάσατο","ἠγαλλιάσατο","ἀγαλλιάω"
42,10,21,"RA","DSN","⸀τῷ","τῷ","τῷ","ὁ"
42,10,21,"N","DSN","πνεύματι","πνεύματι","πνεύματι","πνεῦμα"
42,10,21,"RA","DSN","⸂τῷ","τῷ","τῷ","ὁ"
42,10,21,"A","DSN","ἁγίῳ⸃","ἁγίῳ","ἁγίῳ","ἅγιος"
42,10,21,"C",NULL,"καὶ","καὶ","καί","καί"
42,10,21,"V","3AAI-S","εἶπεν·","εἶπεν","εἶπε(ν)","λέγω"
42,10,21,"V","1PMI-S","Ἐξομολογοῦμαί","Ἐξομολογοῦμαί","ἐξομολογοῦμαι","ἐξομολογέω"
42,10,21,"RP","DS","σοι,","σοι","σοι","σύ"
42,10,21,"N","VSM","πάτερ","πάτερ","πάτερ","πατήρ"
42,10,21,"N","VSM","κύριε","κύριε","κύριε","κύριος"
42,10,21,"RA","GSM","τοῦ","τοῦ","τοῦ","ὁ"
42,10,21,"N","GSM","οὐρανοῦ","οὐρανοῦ","οὐρανοῦ","οὐρανός"
42,10,21,"C",NULL,"καὶ","καὶ","καί","καί"
42,10,21,"RA","GSF","τῆς","τῆς","τῆς","ὁ"
42,10,21,"N","GSF","γῆς,","γῆς","γῆς","γῆ"
42,10,21,"C",NULL,"ὅτι","ὅτι","ὅτι","ὅτι"
42,10,21,"V","2AAI-S","ἀπέκρυψας","ἀπέκρυψας","ἀπέκρυψας","ἀποκρύπτω"
42,10,21,"RD","APN","ταῦτα","ταῦτα","ταῦτα","οὗτος"
42,10,21,"P",NULL,"ἀπὸ","ἀπὸ","ἀπό","ἀπό"
42,10,21,"A","GPM","σοφῶν","σοφῶν","σοφῶν","σοφός"
42,10,21,"C",NULL,"καὶ","καὶ","καί","καί"
42,10,21,"A","GPM","συνετῶν,","συνετῶν","συνετῶν","συνετός"
42,10,21,"C",NULL,"καὶ","καὶ","καί","καί"
42,10,21,"V","2AAI-S","ἀπεκάλυψας","ἀπεκάλυψας","ἀπεκάλυψας","ἀποκαλύπτω"
42,10,21,"RP","APN","αὐτὰ","αὐτὰ","αὐτά","αὐτός"
42,10,21,"A","DPM","νηπίοις·","νηπίοις","νηπίοις","νήπιος"
42,10,21,"X",NULL,"ναί,","ναί","ναί","ναί"
42,10,21,"RA","NSM","ὁ","ὁ","ὁ","ὁ"
42,10,21,"N","NSM","πατήρ,","πατήρ","πατήρ","πατήρ"
42,10,21,"C",NULL,"ὅτι","ὅτι","ὅτι","ὅτι"
42,10,21,"D",NULL,"οὕτως","οὕτως","οὕτω(ς)","οὕτω(ς)"
42,10,21,"N","NSF","⸂εὐδοκία","εὐδοκία","εὐδοκία","εὐδοκία"
42,10,21,"V","3AMI-S","ἐγένετο⸃","ἐγένετο","ἐγένετο","γίνομαι"
42,10,21,"P",NULL,"ἔμπροσθέν","ἔμπροσθέν","ἔμπροσθεν","ἔμπροσθεν"
42,10,21,"RP","GS","σου.","σου","σου","σύ"
42,10,22,"A","NPN","⸀πάντα","πάντα","πάντα","πᾶς"
42,10,22,"RP","DS","μοι","μοι","μοι","ἐγώ"
42,10,22,"V","3API-S","παρεδόθη","παρεδόθη","παρεδόθη","παραδίδωμι"
42,10,22,"P",NULL,"ὑπὸ","ὑπὸ","ὑπό","ὑπό"
42,10,22,"RA","GSM","τοῦ","τοῦ","τοῦ","ὁ"
42,10,22,"N","GSM","πατρός","πατρός","πατρός","πατήρ"
42,10,22,"RP","GS","μου,","μου","μου","ἐγώ"
42,10,22,"C",NULL,"καὶ","καὶ","καί","καί"
42,10,22,"A","NSM","οὐδεὶς","οὐδεὶς","οὐδείς","οὐδείς"
42,10,22,"V","3PAI-S","γινώσκει","γινώσκει","γινώσκει","γινώσκω"
42,10,22,"RI","NSM","τίς","τίς","τίς","τίς"
42,10,22,"V","3PAI-S","ἐστιν","ἐστιν","ἐστί(ν)","εἰμί"
42,10,22,"RA","NSM","ὁ","ὁ","ὁ","ὁ"
42,10,22,"N","NSM","υἱὸς","υἱὸς","υἱός","υἱός"
42,10,22,"C",NULL,"εἰ","εἰ","εἰ","εἰ"
42,10,22,"D",NULL,"μὴ","μὴ","μή","μή"
42,10,22,"RA","NSM","ὁ","ὁ","ὁ","ὁ"
42,10,22,"N","NSM","πατήρ,","πατήρ","πατήρ","πατήρ"
42,10,22,"C",NULL,"καὶ","καὶ","καί","καί"
42,10,22,"RI","NSM","τίς","τίς","τίς","τίς"
42,10,22,"V","3PAI-S","ἐστιν","ἐστιν","ἐστί(ν)","εἰμί"
42,10,22,"RA","NSM","ὁ","ὁ","ὁ","ὁ"
42,10,22,"N","NSM","πατὴρ","πατὴρ","πατήρ","πατήρ"
42,10,22,"C",NULL,"εἰ","εἰ","εἰ","εἰ"
42,10,22,"D",NULL,"μὴ","μὴ","μή","μή"
42,10,22,"RA","NSM","ὁ","ὁ","ὁ","ὁ"
42,10,22,"N","NSM","υἱὸς","υἱὸς","υἱός","υἱός"
42,10,22,"C",NULL,"καὶ","καὶ","καί","καί"
42,10,22,"RR","DSM","ᾧ","ᾧ","ᾧ","ὅς"
42,10,22,"X",NULL,"⸀ἐὰν","ἐὰν","ἐάν","ἐάν"
42,10,22,"V","3PMS-S","βούληται","βούληται","βούληται","βούλομαι"
42,10,22,"RA","NSM","ὁ","ὁ","ὁ","ὁ"
42,10,22,"N","NSM","υἱὸς","υἱὸς","υἱός","υἱός"
42,10,22,"V","AAN","ἀποκαλύψαι.","ἀποκαλύψαι","ἀποκαλύψαι","ἀποκαλύπτω"
42,10,23,"C",NULL,"Καὶ","Καὶ","καί","καί"
42,10,23,"V","APPNSM","στραφεὶς","στραφεὶς","στραφείς","στρέφω"
42,10,23,"P",NULL,"πρὸς","πρὸς","πρός","πρός"
42,10,23,"RA","APM","τοὺς","τοὺς","τούς","ὁ"
42,10,23,"N","APM","μαθητὰς","μαθητὰς","μαθητάς","μαθητής"
42,10,23,"P",NULL,"κατ’","κατ’","κατά","κατά"
42,10,23,"A","ASF","ἰδίαν","ἰδίαν","ἰδίαν","ἴδιος"
42,10,23,"V","3AAI-S","εἶπεν·","εἶπεν","εἶπε(ν)","λέγω"
42,10,23,"A","NPM","Μακάριοι","Μακάριοι","μακάριοι","μακάριος"
42,10,23,"RA","NPM","οἱ","οἱ","οἱ","ὁ"
42,10,23,"N","NPM","ὀφθαλμοὶ","ὀφθαλμοὶ","ὀφθαλμοί","ὀφθαλμός"
42,10,23,"RA","NPM","οἱ","οἱ","οἱ","ὁ"
42,10,23,"V","PAPNPM","βλέποντες","βλέποντες","βλέποντες","βλέπω"
42,10,23,"RR","APN","ἃ","ἃ","ἅ","ὅς"
42,10,23,"V","2PAI-P","βλέπετε.","βλέπετε","βλέπετε","βλέπω"
42,10,24,"V","1PAI-S","λέγω","λέγω","λέγω","λέγω"
42,10,24,"C",NULL,"γὰρ","γὰρ","γάρ","γάρ"
42,10,24,"RP","DP","ὑμῖν","ὑμῖν","ὑμῖν","σύ"
42,10,24,"C",NULL,"ὅτι","ὅτι","ὅτι","ὅτι"
42,10,24,"A","NPM","πολλοὶ","πολλοὶ","πολλοί","πολύς"
42,10,24,"N","NPM","προφῆται","προφῆται","προφῆται","προφήτης"
42,10,24,"C",NULL,"καὶ","καὶ","καί","καί"
42,10,24,"N","NPM","βασιλεῖς","βασιλεῖς","βασιλεῖς","βασιλεύς"
42,10,24,"V","3AAI-P","ἠθέλησαν","ἠθέλησαν","ἠθέλησαν","θέλω"
42,10,24,"V","AAN","ἰδεῖν","ἰδεῖν","ἰδεῖν","ὁράω"
42,10,24,"RR","APN","ἃ","ἃ","ἅ","ὅς"
42,10,24,"RP","NP","ὑμεῖς","ὑμεῖς","ὑμεῖς","σύ"
42,10,24,"V","2PAI-P","βλέπετε","βλέπετε","βλέπετε","βλέπω"
42,10,24,"C",NULL,"καὶ","καὶ","καί","καί"
42,10,24,"D",NULL,"οὐκ","οὐκ","οὐ","οὐ"
42,10,24,"V","3AAI-P","εἶδαν,","εἶδαν","εἶδαν","ὁράω"
42,10,24,"C",NULL,"καὶ","καὶ","καί","καί"
42,10,24,"V","AAN","ἀκοῦσαι","ἀκοῦσαι","ἀκοῦσαι","ἀκούω"
42,10,24,"RR","APN","ἃ","ἃ","ἅ","ὅς"
42,10,24,"V","2PAI-P","ἀκούετε","ἀκούετε","ἀκούετε","ἀκούω"
42,10,24,"C",NULL,"καὶ","καὶ","καί","καί"
42,10,24,"D",NULL,"οὐκ","οὐκ","οὐ","οὐ"
42,10,24,"V","3AAI-P","ἤκουσαν.","ἤκουσαν","ἤκουσαν","ἀκούω"
42,10,25,"C",NULL,"Καὶ","Καὶ","καί","καί"
42,10,25,"X",NULL,"ἰδοὺ","ἰδοὺ","ἰδού","ἰδού"
42,10,25,"A","NSM","νομικός","νομικός","νομικός","νομικός"
42,10,25,"RI","NSM","τις","τις","τὶς","τις"
42,10,25,"V","3AAI-S","ἀνέστη","ἀνέστη","ἀνέστη","ἀνίστημι"
42,10,25,"V","PAPNSM","ἐκπειράζων","ἐκπειράζων","ἐκπειράζων","ἐκπειράζω"
42,10,25,"RP","ASM","⸀αὐτὸν","αὐτὸν","αὐτόν","αὐτός"
42,10,25,"V","PAPNSM","λέγων·","λέγων","λέγων","λέγω"
42,10,25,"N","VSM","Διδάσκαλε,","Διδάσκαλε","διδάσκαλε","διδάσκαλος"
42,10,25,"RI","ASN","τί","τί","τί","τίς"
42,10,25,"V","AAPNSM","ποιήσας","ποιήσας","ποιήσας","ποιέω"
42,10,25,"N","ASF","ζωὴν","ζωὴν","ζωήν","ζωή"
42,10,25,"A","ASF","αἰώνιον","αἰώνιον","αἰώνιον","αἰώνιος"
42,10,25,"V","1FAI-S","κληρονομήσω;","κληρονομήσω","κληρονομήσω","κληρονομέω"
42,10,26,"RA","NSM","ὁ","ὁ","ὁ","ὁ"
42,10,26,"C",NULL,"δὲ","δὲ","δέ","δέ"
42,10,26,"V","3AAI-S","εἶπεν","εἶπεν","εἶπε(ν)","λέγω"
42,10,26,"P",NULL,"πρὸς","πρὸς","πρός","πρός"
42,10,26,"RP","ASM","αὐτόν·","αὐτόν","αὐτόν","αὐτός"
42,10,26,"P",NULL,"Ἐν","Ἐν","ἐν","ἐν"
42,10,26,"RA","DSM","τῷ","τῷ","τῷ","ὁ"
42,10,26,"N","DSM","νόμῳ","νόμῳ","νόμῳ","νόμος"
42,10,26,"RI","NSN","τί","τί","τί","τίς"
42,10,26,"V","3XPI-S","γέγραπται;","γέγραπται","γέγραπται","γράφω"
42,10,26,"D",NULL,"πῶς","πῶς","πῶς","πῶς"
42,10,26,"V","2PAI-S","ἀναγινώσκεις;","ἀναγινώσκεις","ἀναγινώσκεις","ἀναγινώσκω"
42,10,27,"RA","NSM","ὁ","ὁ","ὁ","ὁ"
42,10,27,"C",NULL,"δὲ","δὲ","δέ","δέ"
42,10,27,"V","APPNSM","ἀποκριθεὶς","ἀποκριθεὶς","ἀποκριθείς","ἀποκρίνομαι"
42,10,27,"V","3AAI-S","εἶπεν·","εἶπεν","εἶπε(ν)","λέγω"
42,10,27,"V","2FAI-S","Ἀγαπήσεις","Ἀγαπήσεις","ἀγαπήσεις","ἀγαπάω"
42,10,27,"N","ASM","κύριον","κύριον","κύριον","κύριος"
42,10,27,"RA","ASM","τὸν","τὸν","τόν","ὁ"
42,10,27,"N","ASM","θεόν","θεόν","θεόν","θεός"
42,10,27,"RP","GS","σου","σου","σου","σύ"
42,10,27,"P",NULL,"ἐξ","ἐξ","ἐκ","ἐκ"
42,10,27,"A","GSF","ὅλης","ὅλης","ὅλης","ὅλος"
42,10,27,"RA","GSF","⸀τῆς","τῆς","τῆς","ὁ"
42,10,27,"N","GSF","καρδίας","καρδίας","καρδίας","καρδία"
42,10,27,"RP","GS","σου","σου","σου","σύ"
42,10,27,"C",NULL,"καὶ","καὶ","καί","καί"
42,10,27,"P",NULL,"⸂ἐν","ἐν","ἐν","ἐν"
42,10,27,"A","DSF","ὅλῃ","ὅλῃ","ὅλῃ","ὅλος"
42,10,27,"RA","DSF","τῇ","τῇ","τῇ","ὁ"
42,10,27,"N","DSF","ψυχῇ⸃","ψυχῇ","ψυχῇ","ψυχή"
42,10,27,"RP","GS","σου","σου","σου","σύ"
42,10,27,"C",NULL,"καὶ","καὶ","καί","καί"
42,10,27,"P",NULL,"⸂ἐν","ἐν","ἐν","ἐν"
42,10,27,"A","DSF","ὅλῃ","ὅλῃ","ὅλῃ","ὅλος"
42,10,27,"RA","DSF","τῇ","τῇ","τῇ","ὁ"
42,10,27,"N","DSF","ἰσχύϊ⸃","ἰσχύϊ","ἰσχύϊ","ἰσχύς"
42,10,27,"RP","GS","σου","σου","σου","σύ"
42,10,27,"C",NULL,"καὶ","καὶ","καί","καί"
42,10,27,"P",NULL,"⸂ἐν","ἐν","ἐν","ἐν"
42,10,27,"A","DSF","ὅλῃ","ὅλῃ","ὅλῃ","ὅλος"
42,10,27,"RA","DSF","τῇ","τῇ","τῇ","ὁ"
42,10,27,"N","DSF","διανοίᾳ⸃","διανοίᾳ","διανοίᾳ","διάνοια"
42,10,27,"RP","GS","σου,","σου","σου","σύ"
42,10,27,"C",NULL,"καὶ","καὶ","καί","καί"
42,10,27,"RA","ASM","τὸν","τὸν","τόν","ὁ"
42,10,27,"D",NULL,"πλησίον","πλησίον","πλησίον","πλησίον"
42,10,27,"RP","GS","σου","σου","σου","σύ"
42,10,27,"C",NULL,"ὡς","ὡς","ὡς","ὡς"
42,10,27,"RP","ASM","σεαυτόν.","σεαυτόν","σεαυτόν","σεαυτοῦ"
42,10,28,"V","3AAI-S","εἶπεν","εἶπεν","εἶπε(ν)","λέγω"
42,10,28,"C",NULL,"δὲ","δὲ","δέ","δέ"
42,10,28,"RP","DSM","αὐτῷ·","αὐτῷ","αὐτῷ","αὐτός"
42,10,28,"D",NULL,"Ὀρθῶς","Ὀρθῶς","ὀρθῶς","ὀρθῶς"
42,10,28,"V","2API-S","ἀπεκρίθης·","ἀπεκρίθης","ἀπεκρίθης","ἀποκρίνομαι"
42,10,28,"RD","ASN","τοῦτο","τοῦτο","τοῦτο","οὗτος"
42,10,28,"V","2PAD-S","ποίει","ποίει","ποίει","ποιέω"
42,10,28,"C",NULL,"καὶ","καὶ","καί","καί"
42,10,28,"V","2FMI-S","ζήσῃ.","ζήσῃ","ζήσῃ","ζάω"
42,10,29,"RA","NSM","Ὁ","Ὁ","ὁ","ὁ"
42,10,29,"C",NULL,"δὲ","δὲ","δέ","δέ"
42,10,29,"V","PAPNSM","θέλων","θέλων","θέλων","θέλω"
42,10,29,"V","AAN","⸀δικαιῶσαι","δικαιῶσαι","δικαιῶσαι","δικαιόω"
42,10,29,"RP","ASM","ἑαυτὸν","ἑαυτὸν","ἑαυτόν","ἑαυτοῦ"
42,10,29,"V","3AAI-S","εἶπεν","εἶπεν","εἶπε(ν)","λέγω"
42,10,29,"P",NULL,"πρὸς","πρὸς","πρός","πρός"
42,10,29,"RA","ASM","τὸν","τὸν","τόν","ὁ"
42,10,29,"N","ASM","Ἰησοῦν·","Ἰησοῦν","Ἰησοῦν","Ἰησοῦς"
42,10,29,"C",NULL,"Καὶ","Καὶ","καί","καί"
42,10,29,"RI","NSM","τίς","τίς","τίς","τίς"
42,10,29,"V","3PAI-S","ἐστίν","ἐστίν","ἐστί(ν)","εἰμί"
42,10,29,"RP","GS","μου","μου","μου","ἐγώ"
42,10,29,"D",NULL,"πλησίον;","πλησίον","πλησίον","πλησίον"
42,10,30,"V","AAPNSM","ὑπολαβὼν","ὑπολαβὼν","ὑπολαβών","ὑπολαμβάνω"
42,10,30,"C",NULL,"⸀δὲ","δὲ","δέ","δέ"
42,10,30,"RA","NSM","ὁ","ὁ","ὁ","ὁ"
42,10,30,"N","NSM","Ἰησοῦς","Ἰησοῦς","Ἰησοῦς","Ἰησοῦς"
42,10,30,"V","3AAI-S","εἶπεν·","εἶπεν","εἶπε(ν)","λέγω"
42,10,30,"N","NSM","Ἄνθρωπός","Ἄνθρωπός","ἄνθρωπος","ἄνθρωπος"
42,10,30,"RI","NSM","τις","τις","τὶς","τις"
42,10,30,"V","3IAI-S","κατέβαινεν","κατέβαινεν","κατέβαινε(ν)","καταβαίνω"
42,10,30,"P",NULL,"ἀπὸ","ἀπὸ","ἀπό","ἀπό"
42,10,30,"N","GSF","Ἰερουσαλὴμ","Ἰερουσαλὴμ","Ἰερουσαλήμ","Ἰερουσαλήμ"
42,10,30,"P",NULL,"εἰς","εἰς","εἰς","εἰς"
42,10,30,"N","ASF","Ἰεριχὼ","Ἰεριχὼ","Ἰεριχώ","Ἰεριχώ"
42,10,30,"C",NULL,"καὶ","καὶ","καί","καί"
42,10,30,"N","DPM","λῃσταῖς","λῃσταῖς","λῃσταῖς","λῃστής"
42,10,30,"V","3AAI-S","περιέπεσεν,","περιέπεσεν","περιέπεσε(ν)","περιπίπτω"
42,10,30,"RR","NPM","οἳ","οἳ","οἵ","ὅς"
42,10,30,"D",NULL,"καὶ","καὶ","καί","καί"
42,10,30,"V","AAPNPM","ἐκδύσαντες","ἐκδύσαντες","ἐκδύσαντες","ἐκδύω"
42,10,30,"RP","ASM","αὐτὸν","αὐτὸν","αὐτόν","αὐτός"
42,10,30,"C",NULL,"καὶ","καὶ","καί","καί"
42,10,30,"N","APF","πληγὰς","πληγὰς","πληγάς","πληγή"
42,10,30,"V","AAPNPM","ἐπιθέντες","ἐπιθέντες","ἐπιθέντες","ἐπιτίθημι"
42,10,30,"V","3AAI-P","ἀπῆλθον","ἀπῆλθον","ἀπῆλθον","ἀπέρχομαι"
42,10,30,"V","AAPNPM","ἀφέντες","ἀφέντες","ἀφέντες","ἀφίημι"
42,10,30,"A","ASM","⸀ἡμιθανῆ.","ἡμιθανῆ","ἡμιθανῆ","ἡμιθανής"
42,10,31,"P",NULL,"κατὰ","κατὰ","κατά","κατά"
42,10,31,"N","ASF","συγκυρίαν","συγκυρίαν","συγκυρίαν","συγκυρία"
42,10,31,"C",NULL,"δὲ","δὲ","δέ","δέ"
42,10,31,"N","NSM","ἱερεύς","ἱερεύς","ἱερεύς","ἱερεύς"
42,10,31,"RI","NSM","τις","τις","τὶς","τις"
42,10,31,"V","3IAI-S","κατέβαινεν","κατέβαινεν","κατέβαινε(ν)","καταβαίνω"
42,10,31,"P",NULL,"ἐν","ἐν","ἐν","ἐν"
42,10,31,"RA","DSF","τῇ","τῇ","τῇ","ὁ"
42,10,31,"N","DSF","ὁδῷ","ὁδῷ","ὁδῷ","ὁδός"
42,10,31,"RD","DSF","ἐκείνῃ,","ἐκείνῃ","ἐκείνῃ","ἐκεῖνος"
42,10,31,"C",NULL,"καὶ","καὶ","καί","καί"
42,10,31,"V","AAPNSM","ἰδὼν","ἰδὼν","ἰδών","ὁράω"
42,10,31,"RP","ASM","αὐτὸν","αὐτὸν","αὐτόν","αὐτός"
42,10,31,"V","3AAI-S","ἀντιπαρῆλθεν·","ἀντιπαρῆλθεν","ἀντιπαρῆλθε(ν)","ἀντιπαρέρχομαι"
42,10,32,"D",NULL,"ὁμοίως","ὁμοίως","ὁμοίως","ὁμοίως"
42,10,32,"C",NULL,"δὲ","δὲ","δέ","δέ"
42,10,32,"D",NULL,"καὶ","καὶ","καί","καί"
42,10,32,"N","NSM","⸀Λευίτης","Λευίτης","Λευίτης","Λευίτης"
42,10,32,"P",NULL,"κατὰ","κατὰ","κατά","κατά"
42,10,32,"RA","ASM","τὸν","τὸν","τόν","ὁ"
42,10,32,"N","ASM","τόπον","τόπον","τόπον","τόπος"
42,10,32,"V","AAPNSM","ἐλθὼν","ἐλθὼν","ἐλθών","ἔρχομαι"
42,10,32,"C",NULL,"καὶ","καὶ","καί","καί"
42,10,32,"V","AAPNSM","ἰδὼν","ἰδὼν","ἰδών","ὁράω"
42,10,32,"V","3AAI-S","ἀντιπαρῆλθεν.","ἀντιπαρῆλθεν","ἀντιπαρῆλθε(ν)","ἀντιπαρέρχομαι"
42,10,33,"N","NSM","Σαμαρίτης","Σαμαρίτης","Σαμαρίτης","Σαμαρίτης"
42,10,33,"C",NULL,"δέ","δέ","δέ","δέ"
42,10,33,"RI","NSM","τις","τις","τὶς","τις"
42,10,33,"V","PAPNSM","ὁδεύων","ὁδεύων","ὁδεύων","ὁδεύω"
42,10,33,"V","3AAI-S","ἦλθεν","ἦλθεν","ἦλθε(ν)","ἔρχομαι"
42,10,33,"P",NULL,"κατ’","κατ’","κατά","κατά"
42,10,33,"RP","ASM","αὐτὸν","αὐτὸν","αὐτόν","αὐτός"
42,10,33,"C",NULL,"καὶ","καὶ","καί","καί"
42,10,33,"V","AAPNSM","⸀ἰδὼν","ἰδὼν","ἰδών","ὁράω"
42,10,33,"V","3API-S","ἐσπλαγχνίσθη,","ἐσπλαγχνίσθη","ἐσπλαγχνίσθη","σπλαγχνίζομαι"
42,10,34,"C",NULL,"καὶ","καὶ","καί","καί"
42,10,34,"V","AAPNSM","προσελθὼν","προσελθὼν","προσελθών","προσέρχομαι"
42,10,34,"V","3AAI-S","κατέδησεν","κατέδησεν","κατέδησε(ν)","καταδέω"
42,10,34,"RA","APN","τὰ","τὰ","τά","ὁ"
42,10,34,"N","APN","τραύματα","τραύματα","τραύματα","τραῦμα"
42,10,34,"RP","GSM","αὐτοῦ","αὐτοῦ","αὐτοῦ","αὐτός"
42,10,34,"V","PAPNSM","ἐπιχέων","ἐπιχέων","ἐπιχέων","ἐπιχέω"
42,10,34,"N","ASN","ἔλαιον","ἔλαιον","ἔλαιον","ἔλαιον"
42,10,34,"C",NULL,"καὶ","καὶ","καί","καί"
42,10,34,"N","ASM","οἶνον,","οἶνον","οἶνον","οἶνος"
42,10,34,"V","AAPNSM","ἐπιβιβάσας","ἐπιβιβάσας","ἐπιβιβάσας","ἐπιβιβάζω"
42,10,34,"C",NULL,"δὲ","δὲ","δέ","δέ"
42,10,34,"RP","ASM","αὐτὸν","αὐτὸν","αὐτόν","αὐτός"
42,10,34,"P",NULL,"ἐπὶ","ἐπὶ","ἐπί","ἐπί"
42,10,34,"RA","ASN","τὸ","τὸ","τό","ὁ"
42,10,34,"A","ASN","ἴδιον","ἴδιον","ἴδιον","ἴδιος"
42,10,34,"N","ASN","κτῆνος","κτῆνος","κτῆνος","κτῆνος"
42,10,34,"V","3AAI-S","ἤγαγεν","ἤγαγεν","ἤγαγε(ν)","ἄγω"
42,10,34,"RP","ASM","αὐτὸν","αὐτὸν","αὐτόν","αὐτός"
42,10,34,"P",NULL,"εἰς","εἰς","εἰς","εἰς"
42,10,34,"N","ASN","πανδοχεῖον","πανδοχεῖον","πανδοχεῖον","πανδοχεῖον"
42,10,34,"C",NULL,"καὶ","καὶ","καί","καί"
42,10,34,"V","3API-S","ἐπεμελήθη","ἐπεμελήθη","ἐπεμελήθη","ἐπιμελέομαι"
42,10,34,"RP","GSM","αὐτοῦ.","αὐτοῦ","αὐτοῦ","αὐτός"
42,10,35,"C",NULL,"καὶ","καὶ","καί","καί"
42,10,35,"P",NULL,"ἐπὶ","ἐπὶ","ἐπί","ἐπί"
42,10,35,"RA","ASF","τὴν","τὴν","τήν","ὁ"
42,10,35,"D",NULL,"⸀αὔριον","αὔριον","αὔριον","αὔριον"
42,10,35,"V","AAPNSM","ἐκβαλὼν","ἐκβαλὼν","ἐκβαλών","ἐκβάλλω"
42,10,35,"A","APN","⸂δύο","δύο","δύο","δύο"
42,10,35,"N","APN","δηνάρια","δηνάρια","δηνάρια","δηνάριον"
42,10,35,"V","3AAI-S","ἔδωκεν⸃","ἔδωκεν","ἔδωκε(ν)","δίδωμι"
42,10,35,"RA","DSM","τῷ","τῷ","τῷ","ὁ"
42,10,35,"N","DSM","πανδοχεῖ","πανδοχεῖ","πανδοχεῖ","πανδοχεύς"
42,10,35,"C",NULL,"καὶ","καὶ","καί","καί"
42,10,35,"V","3AAI-S","⸀εἶπεν·","εἶπεν","εἶπε(ν)","λέγω"
42,10,35,"V","2APD-S","Ἐπιμελήθητι","Ἐπιμελήθητι","ἐπιμελήθητι","ἐπιμελέομαι"
42,10,35,"RP","GSM","αὐτοῦ,","αὐτοῦ","αὐτοῦ","αὐτός"
42,10,35,"C",NULL,"καὶ","καὶ","καί","καί"
42,10,35,"RR","ASN","ὅ","ὅ","ὅ","ὅς"
42,10,35,"RI","ASN","τι","τι","τὶ","τις"
42,10,35,"X",NULL,"ἂν","ἂν","ἄν","ἄν"
42,10,35,"V","2AAS-S","προσδαπανήσῃς","προσδαπανήσῃς","προσδαπανήσῃς","προσδαπανάω"
42,10,35,"RP","NS","ἐγὼ","ἐγὼ","ἐγώ","ἐγώ"
42,10,35,"P",NULL,"ἐν","ἐν","ἐν","ἐν"
42,10,35,"RA","DSN","τῷ","τῷ","τῷ","ὁ"
42,10,35,"V","PMN","ἐπανέρχεσθαί","ἐπανέρχεσθαί","ἐπανέρχεσθαι","ἐπανέρχομαι"
42,10,35,"RP","AS","με","με","με","ἐγώ"
42,10,35,"V","1FAI-S","ἀποδώσω","ἀποδώσω","ἀποδώσω","ἀποδίδωμι"
42,10,35,"RP","DS","σοι.","σοι","σοι","σύ"
42,10,36,"RI","NSM","⸀τίς","τίς","τίς","τίς"
42,10,36,"RD","GPM","τούτων","τούτων","τούτων","οὗτος"
42,10,36,"RA","GPM","τῶν","τῶν","τῶν","ὁ"
42,10,36,"A","GPM","τριῶν","τριῶν","τριῶν","τρεῖς"
42,10,36,"D",NULL,"πλησίον","πλησίον","πλησίον","πλησίον"
42,10,36,"V","3PAI-S","δοκεῖ","δοκεῖ","δοκεῖ","δοκέω"
42,10,36,"RP","DS","σοι","σοι","σοι","σύ"
42,10,36,"V","XAN","γεγονέναι","γεγονέναι","γεγονέναι","γίνομαι"
42,10,36,"RA","GSM","τοῦ","τοῦ","τοῦ","ὁ"
42,10,36,"V","AAPGSM","ἐμπεσόντος","ἐμπεσόντος","ἐμπεσόντος","ἐμπίπτω"
42,10,36,"P",NULL,"εἰς","εἰς","εἰς","εἰς"
42,10,36,"RA","APM","τοὺς","τοὺς","τούς","ὁ"
42,10,36,"N","APM","λῃστάς;","λῃστάς","λῃστάς","λῃστής"
42,10,37,"RA","NSM","ὁ","ὁ","ὁ","ὁ"
42,10,37,"C",NULL,"δὲ","δὲ","δέ","δέ"
42,10,37,"V","3AAI-S","εἶπεν·","εἶπεν","εἶπε(ν)","λέγω"
42,10,37,"RA","NSM","Ὁ","Ὁ","ὁ","ὁ"
42,10,37,"V","AAPNSM","ποιήσας","ποιήσας","ποιήσας","ποιέω"
42,10,37,"RA","ASN","τὸ","τὸ","τό","ὁ"
42,10,37,"N","ASN","ἔλεος","ἔλεος","ἔλεος","ἔλεος"
42,10,37,"P",NULL,"μετ’","μετ’","μετά","μετά"
42,10,37,"RP","GSM","αὐτοῦ.","αὐτοῦ","αὐτοῦ","αὐτός"
42,10,37,"V","3AAI-S","εἶπεν","εἶπεν","εἶπε(ν)","λέγω"
42,10,37,"C",NULL,"⸀δὲ","δὲ","δέ","δέ"
42,10,37,"RP","DSM","αὐτῷ","αὐτῷ","αὐτῷ","αὐτός"
42,10,37,"RA","NSM","ὁ","ὁ","ὁ","ὁ"
42,10,37,"N","NSM","Ἰησοῦς·","Ἰησοῦς","Ἰησοῦς","Ἰησοῦς"
42,10,37,"V","2PMD-S","Πορεύου","Πορεύου","πορεύου","πορεύομαι"
42,10,37,"C",NULL,"καὶ","καὶ","καί","καί"
42,10,37,"RP","NS","σὺ","σὺ","σύ","σύ"
42,10,37,"V","2PAD-S","ποίει","ποίει","ποίει","ποιέω"
42,10,37,"D",NULL,"ὁμοίως.","ὁμοίως","ὁμοίως","ὁμοίως"
42,10,38,"P",NULL,"⸂Ἐν","Ἐν","ἐν","ἐν"
42,10,38,"C",NULL,"δὲ⸃","δὲ","δέ","δέ"
42,10,38,"RA","DSN","τῷ","τῷ","τῷ","ὁ"
42,10,38,"V","PMN","πορεύεσθαι","πορεύεσθαι","πορεύεσθαι","πορεύομαι"
42,10,38,"RP","APM","⸀αὐτοὺς","αὐτοὺς","αὐτούς","αὐτός"
42,10,38,"RP","NSM","αὐτὸς","αὐτὸς","αὐτός","αὐτός"
42,10,38,"V","3AAI-S","εἰσῆλθεν","εἰσῆλθεν","εἰσῆλθε(ν)","εἰσέρχομαι"
42,10,38,"P",NULL,"εἰς","εἰς","εἰς","εἰς"
42,10,38,"N","ASF","κώμην","κώμην","κώμην","κώμη"
42,10,38,"RI","ASF","τινά·","τινά","τινά","τις"
42,10,38,"N","NSF","γυνὴ","γυνὴ","γυνή","γυνή"
42,10,38,"C",NULL,"δέ","δέ","δέ","δέ"
42,10,38,"RI","NSF","τις","τις","τὶς","τις"
42,10,38,"N","DSN","ὀνόματι","ὀνόματι","ὀνόματι","ὄνομα"
42,10,38,"N","NSF","Μάρθα","Μάρθα","Μάρθα","Μάρθα"
42,10,38,"V","3AMI-S","ὑπεδέξατο","ὑπεδέξατο","ὑπεδέξατο","ὑποδέχομαι"
42,10,38,"RP","ASM","⸀αὐτὸν.","αὐτὸν","αὐτόν","αὐτός"
42,10,39,"C",NULL,"καὶ","καὶ","καί","καί"
42,10,39,"RD","DSF","τῇδε","τῇδε","τῇδε","ὅδε"
42,10,39,"V","3IAI-S","ἦν","ἦν","ἦν","εἰμί"
42,10,39,"N","NSF","ἀδελφὴ","ἀδελφὴ","ἀδελφή","ἀδελφή"
42,10,39,"V","PPPNSF","καλουμένη","καλουμένη","καλουμένη","καλέω"
42,10,39,"N","NSF","⸀Μαριάμ,","Μαριάμ","Μαριάμ","Μαριάμ"
42,10,39,"RR","NSF","ἣ","ἣ","ἥ","ὅς"
42,10,39,"D",NULL,"καὶ","καὶ","καί","καί"
42,10,39,"V","APPNSF","⸂παρακαθεσθεῖσα","παρακαθεσθεῖσα","παρακαθεσθεῖσα","παρακαθέζομαι"
42,10,39,"P",NULL,"πρὸς⸃","πρὸς","πρός","πρός"
42,10,39,"RA","APM","τοὺς","τοὺς","τούς","ὁ"
42,10,39,"N","APM","πόδας","πόδας","πόδας","πούς"
42,10,39,"RA","GSM","τοῦ","τοῦ","τοῦ","ὁ"
42,10,39,"N","GSM","⸀Ἰησοῦ","Ἰησοῦ","Ἰησοῦ","Ἰησοῦς"
42,10,39,"V","3IAI-S","ἤκουεν","ἤκουεν","ἤκουε(ν)","ἀκούω"
42,10,39,"RA","ASM","τὸν","τὸν","τόν","ὁ"
42,10,39,"N","ASM","λόγον","λόγον","λόγον","λόγος"
42,10,39,"RP","GSM","αὐτοῦ.","αὐτοῦ","αὐτοῦ","αὐτός"
42,10,40,"RA","NSF","ἡ","ἡ","ἡ","ὁ"
42,10,40,"C",NULL,"δὲ","δὲ","δέ","δέ"
42,10,40,"N","NSF","Μάρθα","Μάρθα","Μάρθα","Μάρθα"
42,10,40,"V","3IPI-S","περιεσπᾶτο","περιεσπᾶτο","περιεσπᾶτο","περισπάομαι"
42,10,40,"P",NULL,"περὶ","περὶ","περί","περί"
42,10,40,"A","ASF","πολλὴν","πολλὴν","πολλήν","πολύς"
42,10,40,"N","ASF","διακονίαν·","διακονίαν","διακονίαν","διακονία"
42,10,40,"V","AAPNSF","ἐπιστᾶσα","ἐπιστᾶσα","ἐπιστᾶσα","ἐφίστημι"
42,10,40,"C",NULL,"δὲ","δὲ","δέ","δέ"
42,10,40,"V","3AAI-S","εἶπεν·","εἶπεν","εἶπε(ν)","λέγω"
42,10,40,"N","VSM","Κύριε,","Κύριε","κύριε","κύριος"
42,10,40,"D",NULL,"οὐ","οὐ","οὐ","οὐ"
42,10,40,"V","3PAI-S","μέλει","μέλει","μέλει","μέλει"
42,10,40,"RP","DS","σοι","σοι","σοι","σύ"
42,10,40,"C",NULL,"ὅτι","ὅτι","ὅτι","ὅτι"
42,10,40,"RA","NSF","ἡ","ἡ","ἡ","ὁ"
42,10,40,"N","NSF","ἀδελφή","ἀδελφή","ἀδελφή","ἀδελφή"
42,10,40,"RP","GS","μου","μου","μου","ἐγώ"
42,10,40,"A","ASF","μόνην","μόνην","μόνην","μόνος"
42,10,40,"RP","AS","με","με","με","ἐγώ"
42,10,40,"V","3AAI-S","⸀κατέλειπεν","κατέλειπεν","κατέλειπε(ν)","καταλείπω"
42,10,40,"V","PAN","διακονεῖν;","διακονεῖν","διακονεῖν","διακονέω"
42,10,40,"V","2AAD-S","⸀εἰπὲ","εἰπὲ","εἰπέ","λέγω"
42,10,40,"C",NULL,"οὖν","οὖν","οὖν","οὖν"
42,10,40,"RP","DSF","αὐτῇ","αὐτῇ","αὐτῇ","αὐτός"
42,10,40,"C",NULL,"ἵνα","ἵνα","ἵνα","ἵνα"
42,10,40,"RP","DS","μοι","μοι","μοι","ἐγώ"
42,10,40,"V","3AMS-S","συναντιλάβηται.","συναντιλάβηται","συναντιλάβηται","συναντιλαμβάνομαι"
42,10,41,"V","APPNSM","ἀποκριθεὶς","ἀποκριθεὶς","ἀποκριθείς","ἀποκρίνομαι"
42,10,41,"C",NULL,"δὲ","δὲ","δέ","δέ"
42,10,41,"V","3AAI-S","εἶπεν","εἶπεν","εἶπε(ν)","λέγω"
42,10,41,"RP","DSF","αὐτῇ","αὐτῇ","αὐτῇ","αὐτός"
42,10,41,"RA","NSM","ὁ","ὁ","ὁ","ὁ"
42,10,41,"N","NSM","⸀κύριος·","κύριος","κύριος","κύριος"
42,10,41,"N","VSF","Μάρθα","Μάρθα","Μάρθα","Μάρθα"
42,10,41,"N","VSF","Μάρθα,","Μάρθα","Μάρθα","Μάρθα"
42,10,41,"V","2PAI-S","μεριμνᾷς","μεριμνᾷς","μεριμνᾷς","μεριμνάω"
42,10,41,"C",NULL,"καὶ","καὶ","καί","καί"
42,10,41,"V","2PPI-S","⸀θορυβάζῃ","θορυβάζῃ","θορυβάζῃ","θορυβάζω"
42,10,41,"P",NULL,"περὶ","περὶ","περί","περί"
42,10,41,"A","APN","πολλά,","πολλά","πολλά","πολύς"
42,10,42,"A","GPN","⸂ὀλίγων","ὀλίγων","ὀλίγων","ὀλίγος"
42,10,42,"C",NULL,"δέ","δέ","δέ","δέ"
42,10,42,"V","3PAI-S","ἐστιν","ἐστιν","ἐστί(ν)","εἰμί"
42,10,42,"N","NSF","χρεία","χρεία","χρεία","χρεία"
42,10,42,"C",NULL,"ἢ","ἢ","ἤ","ἤ"
42,10,42,"A","GSN","ἑνός⸃·","ἑνός","ἑνός","εἷς"
42,10,42,"N","NSF","⸂Μαριὰμ","Μαριὰμ","Μαριάμ","Μαριάμ"
42,10,42,"C",NULL,"γὰρ⸃","γὰρ","γάρ","γάρ"
42,10,42,"RA","ASF","τὴν","τὴν","τήν","ὁ"
42,10,42,"A","ASF","ἀγαθὴν","ἀγαθὴν","ἀγαθήν","ἀγαθός"
42,10,42,"N","ASF","μερίδα","μερίδα","μερίδα","μερίς"
42,10,42,"V","3AMI-S","ἐξελέξατο","ἐξελέξατο","ἐξελέξατο","ἐκλέγομαι"
42,10,42,"RR","NSF","ἥτις","ἥτις","ἥτις","ὅστις"
42,10,42,"D",NULL,"οὐκ","οὐκ","οὐ","οὐ"
42,10,42,"V","3FPI-S","ἀφαιρεθήσεται","ἀφαιρεθήσεται","ἀφαιρεθήσεται","ἀφαιρέω"
42,10,42,"RP","GSF","⸀αὐτῆς.","αὐτῆς","αὐτῆς","αὐτός"
42,11,01,"C",NULL,"Καὶ","Καὶ","καί","καί"
42,11,01,"V","3AMI-S","ἐγένετο","ἐγένετο","ἐγένετο","γίνομαι"
42,11,01,"P",NULL,"ἐν","ἐν","ἐν","ἐν"
42,11,01,"RA","DSN","τῷ","τῷ","τῷ","ὁ"
42,11,01,"V","PAN","εἶναι","εἶναι","εἶναι","εἰμί"
42,11,01,"RP","ASM","αὐτὸν","αὐτὸν","αὐτόν","αὐτός"
42,11,01,"P",NULL,"ἐν","ἐν","ἐν","ἐν"
42,11,01,"N","DSM","τόπῳ","τόπῳ","τόπῳ","τόπος"
42,11,01,"RI","DSM","τινὶ","τινὶ","τινί","τις"
42,11,01,"V","PMPASM","προσευχόμενον,","προσευχόμενον","προσευχόμενον","προσεύχομαι"
42,11,01,"C",NULL,"ὡς","ὡς","ὡς","ὡς"
42,11,01,"V","3AMI-S","ἐπαύσατο,","ἐπαύσατο","ἐπαύσατο","παύω"
42,11,01,"V","3AAI-S","εἶπέν","εἶπέν","εἶπε(ν)","λέγω"
42,11,01,"RI","NSM","τις","τις","τὶς","τις"
42,11,01,"RA","GPM","τῶν","τῶν","τῶν","ὁ"
42,11,01,"N","GPM","μαθητῶν","μαθητῶν","μαθητῶν","μαθητής"
42,11,01,"RP","GSM","αὐτοῦ","αὐτοῦ","αὐτοῦ","αὐτός"
42,11,01,"P",NULL,"πρὸς","πρὸς","πρός","πρός"
42,11,01,"RP","ASM","αὐτόν·","αὐτόν","αὐτόν","αὐτός"
42,11,01,"N","VSM","Κύριε,","Κύριε","κύριε","κύριος"
42,11,01,"V","2AAD-S","δίδαξον","δίδαξον","δίδαξον","διδάσκω"
42,11,01,"RP","AP","ἡμᾶς","ἡμᾶς","ἡμᾶς","ἐγώ"
42,11,01,"V","PMN","προσεύχεσθαι,","προσεύχεσθαι","προσεύχεσθαι","προσεύχομαι"
42,11,01,"C",NULL,"καθὼς","καθὼς","καθώς","καθώς"
42,11,01,"D",NULL,"καὶ","καὶ","καί","καί"
42,11,01,"N","NSM","Ἰωάννης","Ἰωάννης","Ἰωάννης","Ἰωάννης"
42,11,01,"V","3AAI-S","ἐδίδαξεν","ἐδίδαξεν","ἐδίδαξε(ν)","διδάσκω"
42,11,01,"RA","APM","τοὺς","τοὺς","τούς","ὁ"
42,11,01,"N","APM","μαθητὰς","μαθητὰς","μαθητάς","μαθητής"
42,11,01,"RP","GSM","αὐτοῦ.","αὐτοῦ","αὐτοῦ","αὐτός"
42,11,02,"V","3AAI-S","εἶπεν","εἶπεν","εἶπε(ν)","λέγω"
42,11,02,"C",NULL,"δὲ","δὲ","δέ","δέ"
42,11,02,"RP","DPM","αὐτοῖς·","αὐτοῖς","αὐτοῖς","αὐτός"
42,11,02,"C",NULL,"Ὅταν","Ὅταν","ὅταν","ὅταν"
42,11,02,"V","2PMS-P","προσεύχησθε,","προσεύχησθε","προσεύχησθε","προσεύχομαι"
42,11,02,"V","2PAD-P","λέγετε·","λέγετε","λέγετε","λέγω"
42,11,02,"N","VSM","⸀Πάτερ,","Πάτερ","πάτερ","πατήρ"
42,11,02,"V","3APD-S","ἁγιασθήτω","ἁγιασθήτω","ἁγιασθήτω","ἁγιάζω"
42,11,02,"RA","NSN","τὸ","τὸ","τό","ὁ"
42,11,02,"N","NSN","ὄνομά","ὄνομά","ὄνομα","ὄνομα"
42,11,02,"RP","GS","σου·","σου","σου","σύ"
42,11,02,"V","3AAD-S","ἐλθέτω","ἐλθέτω","ἐλθέτω","ἔρχομαι"
42,11,02,"RA","NSF","ἡ","ἡ","ἡ","ὁ"
42,11,02,"N","NSF","βασιλεία","βασιλεία","βασιλεία","βασιλεία"
42,11,02,"RP","GS","⸀σου·","σου","σου","σύ"
42,11,03,"RA","ASM","τὸν","τὸν","τόν","ὁ"
42,11,03,"N","ASM","ἄρτον","ἄρτον","ἄρτον","ἄρτος"
42,11,03,"RP","GP","ἡμῶν","ἡμῶν","ἡμῶν","ἐγώ"
42,11,03,"RA","ASM","τὸν","τὸν","τόν","ὁ"
42,11,03,"A","ASM","ἐπιούσιον","ἐπιούσιον","ἐπιούσιον","ἐπιούσιος"
42,11,03,"V","2PAD-S","δίδου","δίδου","δίδου","δίδωμι"
42,11,03,"RP","DP","ἡμῖν","ἡμῖν","ἡμῖν","ἐγώ"
42,11,03,"RA","ASN","τὸ","τὸ","τό","ὁ"
42,11,03,"P",NULL,"καθ’","καθ’","κατά","κατά"
42,11,03,"N","ASF","ἡμέραν·","ἡμέραν","ἡμέραν","ἡμέρα"
42,11,04,"C",NULL,"καὶ","καὶ","καί","καί"
42,11,04,"V","2AAD-S","ἄφες","ἄφες","ἄφες","ἀφίημι"
42,11,04,"RP","DP","ἡμῖν","ἡμῖν","ἡμῖν","ἐγώ"
42,11,04,"RA","APF","τὰς","τὰς","τάς","ὁ"
42,11,04,"N","APF","ἁμαρτίας","ἁμαρτίας","ἁμαρτίας","ἁμαρτία"
42,11,04,"RP","GP","ἡμῶν,","ἡμῶν","ἡμῶν","ἐγώ"
42,11,04,"D",NULL,"καὶ","καὶ","καί","καί"
42,11,04,"C",NULL,"γὰρ","γὰρ","γάρ","γάρ"
42,11,04,"RP","NPM","αὐτοὶ","αὐτοὶ","αὐτοί","αὐτός"
42,11,04,"V","1PAI-P","ἀφίομεν","ἀφίομεν","ἀφίομεν","ἀφίημι"
42,11,04,"A","DSM","παντὶ","παντὶ","παντί","πᾶς"
42,11,04,"V","PAPDSM","ὀφείλοντι","ὀφείλοντι","ὀφείλοντι","ὀφείλω"
42,11,04,"RP","DP","ἡμῖν·","ἡμῖν","ἡμῖν","ἐγώ"
42,11,04,"C",NULL,"καὶ","καὶ","καί","καί"
42,11,04,"D",NULL,"μὴ","μὴ","μή","μή"
42,11,04,"V","2AAS-S","εἰσενέγκῃς","εἰσενέγκῃς","εἰσενέγκῃς","εἰσφέρω"
42,11,04,"RP","AP","ἡμᾶς","ἡμᾶς","ἡμᾶς","ἐγώ"
42,11,04,"P",NULL,"εἰς","εἰς","εἰς","εἰς"
42,11,04,"N","ASM","⸀πειρασμόν.","πειρασμόν","πειρασμόν","πειρασμός"
42,11,05,"C",NULL,"Καὶ","Καὶ","καί","καί"
42,11,05,"V","3AAI-S","εἶπεν","εἶπεν","εἶπε(ν)","λέγω"
42,11,05,"P",NULL,"πρὸς","πρὸς","πρός","πρός"
42,11,05,"RP","APM","αὐτούς·","αὐτούς","αὐτούς","αὐτός"
42,11,05,"RI","NSM","Τίς","Τίς","τίς","τίς"
42,11,05,"P",NULL,"ἐξ","ἐξ","ἐκ","ἐκ"
42,11,05,"RP","GP","ὑμῶν","ὑμῶν","ὑμῶν","σύ"
42,11,05,"V","3FAI-S","ἕξει","ἕξει","ἕξει","ἔχω"
42,11,05,"A","ASM","φίλον","φίλον","φίλον","φίλος"
42,11,05,"C",NULL,"καὶ","καὶ","καί","καί"
42,11,05,"V","3FMI-S","πορεύσεται","πορεύσεται","πορεύσεται","πορεύομαι"
42,11,05,"P",NULL,"πρὸς","πρὸς","πρός","πρός"
42,11,05,"RP","ASM","αὐτὸν","αὐτὸν","αὐτόν","αὐτός"
42,11,05,"N","GSN","μεσονυκτίου","μεσονυκτίου","μεσονυκτίου","μεσονύκτιον"
42,11,05,"C",NULL,"καὶ","καὶ","καί","καί"
42,11,05,"V","3AAS-S","εἴπῃ","εἴπῃ","εἴπῃ","λέγω"
42,11,05,"RP","DSM","αὐτῷ·","αὐτῷ","αὐτῷ","αὐτός"
42,11,05,"A","VSM","Φίλε,","Φίλε","φίλε","φίλος"
42,11,05,"V","2AAD-S","χρῆσόν","χρῆσόν","χρῆσον","κίχρημι"
42,11,05,"RP","DS","μοι","μοι","μοι","ἐγώ"
42,11,05,"A","APM","τρεῖς","τρεῖς","τρεῖς","τρεῖς"
42,11,05,"N","APM","ἄρτους,","ἄρτους","ἄρτους","ἄρτος"
42,11,06,"C",NULL,"ἐπειδὴ","ἐπειδὴ","ἐπειδή","ἐπειδή"
42,11,06,"A","NSM","φίλος","φίλος","φίλος","φίλος"
42,11,06,"RP","GS","⸀μου","μου","μου","ἐγώ"
42,11,06,"V","3AMI-S","παρεγένετο","παρεγένετο","παρεγένετο","παραγίνομαι"
42,11,06,"P",NULL,"ἐξ","ἐξ","ἐκ","ἐκ"
42,11,06,"N","GSF","ὁδοῦ","ὁδοῦ","ὁδοῦ","ὁδός"
42,11,06,"P",NULL,"πρός","πρός","πρός","πρός"
42,11,06,"RP","AS","με","με","με","ἐγώ"
42,11,06,"C",NULL,"καὶ","καὶ","καί","καί"
42,11,06,"D",NULL,"οὐκ","οὐκ","οὐ","οὐ"
42,11,06,"V","1PAI-S","ἔχω","ἔχω","ἔχω","ἔχω"
42,11,06,"RR","ASN","ὃ","ὃ","ὅ","ὅς"
42,11,06,"V","1FAI-S","παραθήσω","παραθήσω","παραθήσω","παρατίθημι"
42,11,06,"RP","DSM","αὐτῷ·","αὐτῷ","αὐτῷ","αὐτός"
42,11,07,"RD","NSM","κἀκεῖνος","κἀκεῖνος","κἀκεῖνος","κἀκεῖνος"
42,11,07,"D",NULL,"ἔσωθεν","ἔσωθεν","ἔσωθεν","ἔσωθεν"
42,11,07,"V","APPNSM","ἀποκριθεὶς","ἀποκριθεὶς","ἀποκριθείς","ἀποκρίνομαι"
42,11,07,"V","3AAS-S","εἴπῃ·","εἴπῃ","εἴπῃ","λέγω"
42,11,07,"D",NULL,"Μή","Μή","μή","μή"
42,11,07,"RP","DS","μοι","μοι","μοι","ἐγώ"
42,11,07,"N","APM","κόπους","κόπους","κόπους","κόπος"
42,11,07,"V","2PAD-S","πάρεχε·","πάρεχε","πάρεχε","παρέχω"
42,11,07,"D",NULL,"ἤδη","ἤδη","ἤδη","ἤδη"
42,11,07,"RA","NSF","ἡ","ἡ","ἡ","ὁ"
42,11,07,"N","NSF","θύρα","θύρα","θύρα","θύρα"
42,11,07,"V","3XPI-S","κέκλεισται,","κέκλεισται","κέκλεισται","κλείω"
42,11,07,"C",NULL,"καὶ","καὶ","καί","καί"
42,11,07,"RA","NPN","τὰ","τὰ","τά","ὁ"
42,11,07,"N","NPN","παιδία","παιδία","παιδία","παιδίον"
42,11,07,"RP","GS","μου","μου","μου","ἐγώ"
42,11,07,"P",NULL,"μετ’","μετ’","μετά","μετά"
42,11,07,"RP","GS","ἐμοῦ","ἐμοῦ","ἐμοῦ","ἐγώ"
42,11,07,"P",NULL,"εἰς","εἰς","εἰς","εἰς"
42,11,07,"RA","ASF","τὴν","τὴν","τήν","ὁ"
42,11,07,"N","ASF","κοίτην","κοίτην","κοίτην","κοίτη"
42,11,07,"V","3PAI-P","εἰσίν·","εἰσίν","εἰσί(ν)","εἰμί"
42,11,07,"D",NULL,"οὐ","οὐ","οὐ","οὐ"
42,11,07,"V","1PMI-S","δύναμαι","δύναμαι","δύναμαι","δύναμαι"
42,11,07,"V","AAPNSM","ἀναστὰς","ἀναστὰς","ἀναστάς","ἀνίστημι"
42,11,07,"V","AAN","δοῦναί","δοῦναί","δοῦναι","δίδωμι"
42,11,07,"RP","DS","σοι.","σοι","σοι","σύ"
42,11,08,"V","1PAI-S","λέγω","λέγω","λέγω","λέγω"
42,11,08,"RP","DP","ὑμῖν,","ὑμῖν","ὑμῖν","σύ"
42,11,08,"C",NULL,"εἰ","εἰ","εἰ","εἰ"
42,11,08,"D",NULL,"καὶ","καὶ","καί","καί"
42,11,08,"D",NULL,"οὐ","οὐ","οὐ","οὐ"
42,11,08,"V","3FAI-S","δώσει","δώσει","δώσει","δίδωμι"
42,11,08,"RP","DSM","αὐτῷ","αὐτῷ","αὐτῷ","αὐτός"
42,11,08,"V","AAPNSM","ἀναστὰς","ἀναστὰς","ἀναστάς","ἀνίστημι"
42,11,08,"P",NULL,"διὰ","διὰ","διά","διά"
42,11,08,"RA","ASN","τὸ","τὸ","τό","ὁ"
42,11,08,"V","PAN","εἶναι","εἶναι","εἶναι","εἰμί"
42,11,08,"A","ASM","⸂φίλον","φίλον","φίλον","φίλος"
42,11,08,"RP","GSM","αὐτοῦ⸃,","αὐτοῦ","αὐτοῦ","αὐτός"
42,11,08,"P",NULL,"διά","διά","διά","διά"
42,11,08,"X",NULL,"γε","γε","γέ","γέ"
42,11,08,"RA","ASF","τὴν","τὴν","τήν","ὁ"
42,11,08,"N","ASF","ἀναίδειαν","ἀναίδειαν","ἀναίδειαν","ἀναίδεια"
42,11,08,"RP","GSM","αὐτοῦ","αὐτοῦ","αὐτοῦ","αὐτός"
42,11,08,"V","APPNSM","ἐγερθεὶς","ἐγερθεὶς","ἐγερθείς","ἐγείρω"
42,11,08,"V","3FAI-S","δώσει","δώσει","δώσει","δίδωμι"
42,11,08,"RP","DSM","αὐτῷ","αὐτῷ","αὐτῷ","αὐτός"
42,11,08,"RR","GPN","⸀ὅσων","ὅσων","ὅσων","ὅσος"
42,11,08,"V","3PAI-S","χρῄζει.","χρῄζει","χρῄζει","χρῄζω"
42,11,09,"RP","NS","Κἀγὼ","Κἀγὼ","κἀγώ","κἀγώ"
42,11,09,"RP","DP","ὑμῖν","ὑμῖν","ὑμῖν","σύ"
42,11,09,"V","1PAI-S","λέγω,","λέγω","λέγω","λέγω"
42,11,09,"V","2PAD-P","αἰτεῖτε,","αἰτεῖτε","αἰτεῖτε","αἰτέω"
42,11,09,"C",NULL,"καὶ","καὶ","καί","καί"
42,11,09,"V","3FPI-S","δοθήσεται","δοθήσεται","δοθήσεται","δίδωμι"
42,11,09,"RP","DP","ὑμῖν·","ὑμῖν","ὑμῖν","σύ"
42,11,09,"V","2PAD-P","ζητεῖτε,","ζητεῖτε","ζητεῖτε","ζητέω"
42,11,09,"C",NULL,"καὶ","καὶ","καί","καί"
42,11,09,"V","2FAI-P","εὑρήσετε·","εὑρήσετε","εὑρήσετε","εὑρίσκω"
42,11,09,"V","2PAD-P","κρούετε,","κρούετε","κρούετε","κρούω"
42,11,09,"C",NULL,"καὶ","καὶ","καί","καί"
42,11,09,"V","3FPI-S","ἀνοιγήσεται","ἀνοιγήσεται","ἀνοιγήσεται","ἀνοίγω"
42,11,09,"RP","DP","ὑμῖν·","ὑμῖν","ὑμῖν","σύ"
42,11,10,"A","NSM","πᾶς","πᾶς","πᾶς","πᾶς"
42,11,10,"C",NULL,"γὰρ","γὰρ","γάρ","γάρ"
42,11,10,"RA","NSM","ὁ","ὁ","ὁ","ὁ"
42,11,10,"V","PAPNSM","αἰτῶν","αἰτῶν","αἰτῶν","αἰτέω"
42,11,10,"V","3PAI-S","λαμβάνει,","λαμβάνει","λαμβάνει","λαμβάνω"
42,11,10,"C",NULL,"καὶ","καὶ","καί","καί"
42,11,10,"RA","NSM","ὁ","ὁ","ὁ","ὁ"
42,11,10,"V","PAPNSM","ζητῶν","ζητῶν","ζητῶν","ζητέω"
42,11,10,"V","3PAI-S","εὑρίσκει,","εὑρίσκει","εὑρίσκει","εὑρίσκω"
42,11,10,"C",NULL,"καὶ","καὶ","καί","καί"
42,11,10,"RA","DSM","τῷ","τῷ","τῷ","ὁ"
42,11,10,"V","PAPDSM","κρούοντι","κρούοντι","κρούοντι","κρούω"
42,11,10,"V","3FPI-S","ἀνοιγήσεται.","ἀνοιγήσεται","ἀνοιγήσεται","ἀνοίγω"
42,11,11,"RI","ASM","τίνα","τίνα","τίνα","τίς"
42,11,11,"C",NULL,"δὲ","δὲ","δέ","δέ"
42,11,11,"P",NULL,"⸀ἐξ","ἐξ","ἐκ","ἐκ"
42,11,11,"RP","GP","ὑμῶν","ὑμῶν","ὑμῶν","σύ"
42,11,11,"RA","ASM","τὸν","τὸν","τόν","ὁ"
42,11,11,"N","ASM","πατέρα","πατέρα","πατέρα","πατήρ"
42,11,11,"V","3FAI-S","αἰτήσει","αἰτήσει","αἰτήσει","αἰτέω"
42,11,11,"RA","NSM","ὁ","ὁ","ὁ","ὁ"
42,11,11,"N","NSM","⸀υἱὸς","υἱὸς","υἱός","υἱός"
42,11,11,"N","ASM","ἰχθύν,","ἰχθύν","ἰχθύν","ἰχθύς"
42,11,11,"C",NULL,"⸀καὶ","καὶ","καί","καί"
42,11,11,"P",NULL,"ἀντὶ","ἀντὶ","ἀντί","ἀντί"
42,11,11,"N","GSM","ἰχθύος","ἰχθύος","ἰχθύος","ἰχθύς"
42,11,11,"N","ASM","ὄφιν","ὄφιν","ὄφιν","ὄφις"
42,11,11,"RP","DSM","⸂αὐτῷ","αὐτῷ","αὐτῷ","αὐτός"
42,11,11,"V","3FAI-S","ἐπιδώσει⸃;","ἐπιδώσει","ἐπιδώσει","ἐπιδίδωμι"
42,11,12,"C",NULL,"ἢ","ἢ","ἤ","ἤ"
42,11,12,"D",NULL,"καὶ","καὶ","καί","καί"
42,11,12,"V","3FAI-S","⸀αἰτήσει","αἰτήσει","αἰτήσει","αἰτέω"
42,11,12,"N","ASN","ᾠόν,","ᾠόν","ᾠόν","ᾠόν"
42,11,12,"V","3FAI-S","⸀ἐπιδώσει","ἐπιδώσει","ἐπιδώσει","ἐπιδίδωμι"
42,11,12,"RP","DSM","αὐτῷ","αὐτῷ","αὐτῷ","αὐτός"
42,11,12,"N","ASM","σκορπίον;","σκορπίον","σκορπίον","σκορπίος"
42,11,13,"C",NULL,"εἰ","εἰ","εἰ","εἰ"
42,11,13,"C",NULL,"οὖν","οὖν","οὖν","οὖν"
42,11,13,"RP","NP","ὑμεῖς","ὑμεῖς","ὑμεῖς","σύ"
42,11,13,"A","NPM","πονηροὶ","πονηροὶ","πονηροί","πονηρός"
42,11,13,"V","PAPNPM","ὑπάρχοντες","ὑπάρχοντες","ὑπάρχοντες","ὑπάρχω"
42,11,13,"V","2XAI-P","οἴδατε","οἴδατε","οἴδατε","οἶδα"
42,11,13,"N","APN","δόματα","δόματα","δόματα","δόμα"
42,11,13,"A","APN","ἀγαθὰ","ἀγαθὰ","ἀγαθά","ἀγαθός"
42,11,13,"V","PAN","διδόναι","διδόναι","διδόναι","δίδωμι"
42,11,13,"RA","DPN","τοῖς","τοῖς","τοῖς","ὁ"
42,11,13,"N","DPN","τέκνοις","τέκνοις","τέκνοις","τέκνον"
42,11,13,"RP","GP","ὑμῶν,","ὑμῶν","ὑμῶν","σύ"
42,11,13,"RI","DSN","πόσῳ","πόσῳ","πόσῳ","πόσος"
42,11,13,"D",NULL,"μᾶλλον","μᾶλλον","μᾶλλον","μᾶλλον"
42,11,13,"RA","NSM","ὁ","ὁ","ὁ","ὁ"
42,11,13,"N","NSM","πατὴρ","πατὴρ","πατήρ","πατήρ"
42,11,13,"RA","NSM","ὁ","ὁ","ὁ","ὁ"
42,11,13,"P",NULL,"ἐξ","ἐξ","ἐκ","ἐκ"
42,11,13,"N","GSM","οὐρανοῦ","οὐρανοῦ","οὐρανοῦ","οὐρανός"
42,11,13,"V","3FAI-S","δώσει","δώσει","δώσει","δίδωμι"
42,11,13,"N","ASN","πνεῦμα","πνεῦμα","πνεῦμα","πνεῦμα"
42,11,13,"A","ASN","ἅγιον","ἅγιον","ἅγιον","ἅγιος"
42,11,13,"RA","DPM","τοῖς","τοῖς","τοῖς","ὁ"
42,11,13,"V","PAPDPM","αἰτοῦσιν","αἰτοῦσιν","αἰτοῦσι(ν)","αἰτέω"
42,11,13,"RP","ASM","αὐτόν.","αὐτόν","αὐτόν","αὐτός"
42,11,14,"C",NULL,"Καὶ","Καὶ","καί","καί"
42,11,14,"V","3IAI-S","ἦν","ἦν","ἦν","εἰμί"
42,11,14,"V","PAPNSM","ἐκβάλλων","ἐκβάλλων","ἐκβάλλων","ἐκβάλλω"
42,11,14,"N","ASN","⸀δαιμόνιον","δαιμόνιον","δαιμόνιον","δαιμόνιον"
42,11,14,"A","ASN","κωφόν·","κωφόν","κωφόν","κωφός"
42,11,14,"V","3AMI-S","ἐγένετο","ἐγένετο","ἐγένετο","γίνομαι"
42,11,14,"C",NULL,"δὲ","δὲ","δέ","δέ"
42,11,14,"RA","GSN","τοῦ","τοῦ","τοῦ","ὁ"
42,11,14,"N","GSN","δαιμονίου","δαιμονίου","δαιμονίου","δαιμόνιον"
42,11,14,"V","AAPGSN","ἐξελθόντος","ἐξελθόντος","ἐξελθόντος","ἐξέρχομαι"
42,11,14,"V","3AAI-S","ἐλάλησεν","ἐλάλησεν","ἐλάλησε(ν)","λαλέω"
42,11,14,"RA","NSM","ὁ","ὁ","ὁ","ὁ"
42,11,14,"A","NSM","κωφός.","κωφός","κωφός","κωφός"
42,11,14,"C",NULL,"καὶ","καὶ","καί","καί"
42,11,14,"V","3AAI-P","ἐθαύμασαν","ἐθαύμασαν","ἐθαύμασαν","θαυμάζω"
42,11,14,"RA","NPM","οἱ","οἱ","οἱ","ὁ"
42,11,14,"N","NPM","ὄχλοι·","ὄχλοι","ὄχλοι","ὄχλος"
42,11,15,"RI","NPM","τινὲς","τινὲς","τινές","τις"
42,11,15,"C",NULL,"δὲ","δὲ","δέ","δέ"
42,11,15,"P",NULL,"ἐξ","ἐξ","ἐκ","ἐκ"
42,11,15,"RP","GPM","αὐτῶν","αὐτῶν","αὐτῶν","αὐτός"
42,11,15,"V","3AAI-P","εἶπον·","εἶπον","εἶπον","λέγω"
42,11,15,"P",NULL,"Ἐν","Ἐν","ἐν","ἐν"
42,11,15,"N","DSM","Βεελζεβοὺλ","Βεελζεβοὺλ","Βεελζεβούλ","Βεελζεβούλ"
42,11,15,"RA","DSM","⸀τῷ","τῷ","τῷ","ὁ"
42,11,15,"N","DSM","ἄρχοντι","ἄρχοντι","ἄρχοντι","ἄρχων"
42,11,15,"RA","GPN","τῶν","τῶν","τῶν","ὁ"
42,11,15,"N","GPN","δαιμονίων","δαιμονίων","δαιμονίων","δαιμόνιον"
42,11,15,"V","3PAI-S","ἐκβάλλει","ἐκβάλλει","ἐκβάλλει","ἐκβάλλω"
42,11,15,"RA","APN","τὰ","τὰ","τά","ὁ"
42,11,15,"N","APN","δαιμόνια·","δαιμόνια","δαιμόνια","δαιμόνιον"
42,11,16,"A","NPM","ἕτεροι","ἕτεροι","ἕτεροι","ἕτερος"
42,11,16,"C",NULL,"δὲ","δὲ","δέ","δέ"
42,11,16,"V","PAPNPM","πειράζοντες","πειράζοντες","πειράζοντες","πειράζω"
42,11,16,"N","ASN","σημεῖον","σημεῖον","σημεῖον","σημεῖον"
42,11,16,"P",NULL,"⸂ἐξ","ἐξ","ἐκ","ἐκ"
42,11,16,"N","GSM","οὐρανοῦ","οὐρανοῦ","οὐρανοῦ","οὐρανός"
42,11,16,"V","3IAI-P","ἐζήτουν","ἐζήτουν","ἐζήτουν","ζητέω"
42,11,16,"P",NULL,"παρ’","παρ’","παρά","παρά"
42,11,16,"RP","GSM","αὐτοῦ⸃.","αὐτοῦ","αὐτοῦ","αὐτός"
42,11,17,"RP","NSM","αὐτὸς","αὐτὸς","αὐτός","αὐτός"
42,11,17,"C",NULL,"δὲ","δὲ","δέ","δέ"
42,11,17,"V","XAPNSM","εἰδὼς","εἰδὼς","εἰδώς","ὁράω"
42,11,17,"RP","GPM","αὐτῶν","αὐτῶν","αὐτῶν","αὐτός"
42,11,17,"RA","APN","τὰ","τὰ","τά","ὁ"
42,11,17,"N","APN","διανοήματα","διανοήματα","διανοήματα","διανόημα"
42,11,17,"V","3AAI-S","εἶπεν","εἶπεν","εἶπε(ν)","λέγω"
42,11,17,"RP","DPM","αὐτοῖς·","αὐτοῖς","αὐτοῖς","αὐτός"
42,11,17,"A","NSF","Πᾶσα","Πᾶσα","πᾶσα","πᾶς"
42,11,17,"N","NSF","βασιλεία","βασιλεία","βασιλεία","βασιλεία"
42,11,17,"P",NULL,"ἐφ’","ἐφ’","ἐπί","ἐπί"
42,11,17,"RP","ASF","ἑαυτὴν","ἑαυτὴν","ἑαυτήν","ἑαυτοῦ"
42,11,17,"V","APPNSF","διαμερισθεῖσα","διαμερισθεῖσα","διαμερισθεῖσα","διαμερίζω"
42,11,17,"V","3PPI-S","ἐρημοῦται,","ἐρημοῦται","ἐρημοῦται","ἐρημόομαι"
42,11,17,"C",NULL,"καὶ","καὶ","καί","καί"
42,11,17,"N","NSM","οἶκος","οἶκος","οἶκος","οἶκος"
42,11,17,"P",NULL,"ἐπὶ","ἐπὶ","ἐπί","ἐπί"
42,11,17,"N","ASM","οἶκον","οἶκον","οἶκον","οἶκος"
42,11,17,"V","3PAI-S","πίπτει.","πίπτει","πίπτει","πίπτω"
42,11,18,"C",NULL,"εἰ","εἰ","εἰ","εἰ"
42,11,18,"C",NULL,"δὲ","δὲ","δέ","δέ"
42,11,18,"D",NULL,"καὶ","καὶ","καί","καί"
42,11,18,"RA","NSM","ὁ","ὁ","ὁ","ὁ"
42,11,18,"N","NSM","Σατανᾶς","Σατανᾶς","Σατανᾶς","Σατανᾶς"
42,11,18,"P",NULL,"ἐφ’","ἐφ’","ἐπί","ἐπί"
42,11,18,"RP","ASM","ἑαυτὸν","ἑαυτὸν","ἑαυτόν","ἑαυτοῦ"
42,11,18,"V","3API-S","διεμερίσθη,","διεμερίσθη","διεμερίσθη","διαμερίζω"
42,11,18,"D",NULL,"πῶς","πῶς","πῶς","πῶς"
42,11,18,"V","3FPI-S","σταθήσεται","σταθήσεται","σταθήσεται","ἵστημι"
42,11,18,"RA","NSF","ἡ","ἡ","ἡ","ὁ"
42,11,18,"N","NSF","βασιλεία","βασιλεία","βασιλεία","βασιλεία"
42,11,18,"RP","GSM","αὐτοῦ;","αὐτοῦ","αὐτοῦ","αὐτός"
42,11,18,"C",NULL,"ὅτι","ὅτι","ὅτι","ὅτι"
42,11,18,"V","2PAI-P","λέγετε","λέγετε","λέγετε","λέγω"
42,11,18,"P",NULL,"ἐν","ἐν","ἐν","ἐν"
42,11,18,"N","DSM","Βεελζεβοὺλ","Βεελζεβοὺλ","Βεελζεβούλ","Βεελζεβούλ"
42,11,18,"V","PAN","ἐκβάλλειν","ἐκβάλλειν","ἐκβάλλειν","ἐκβάλλω"
42,11,18,"RP","AS","με","με","με","ἐγώ"
42,11,18,"RA","APN","τὰ","τὰ","τά","ὁ"
42,11,18,"N","APN","δαιμόνια.","δαιμόνια","δαιμόνια","δαιμόνιον"
42,11,19,"C",NULL,"εἰ","εἰ","εἰ","εἰ"
42,11,19,"C",NULL,"δὲ","δὲ","δέ","δέ"
42,11,19,"RP","NS","ἐγὼ","ἐγὼ","ἐγώ","ἐγώ"
42,11,19,"P",NULL,"ἐν","ἐν","ἐν","ἐν"
42,11,19,"N","DSM","Βεελζεβοὺλ","Βεελζεβοὺλ","Βεελζεβούλ","Βεελζεβούλ"
42,11,19,"V","1PAI-S","ἐκβάλλω","ἐκβάλλω","ἐκβάλλω","ἐκβάλλω"
42,11,19,"RA","APN","τὰ","τὰ","τά","ὁ"
42,11,19,"N","APN","δαιμόνια,","δαιμόνια","δαιμόνια","δαιμόνιον"
42,11,19,"RA","NPM","οἱ","οἱ","οἱ","ὁ"
42,11,19,"N","NPM","υἱοὶ","υἱοὶ","υἱοί","υἱός"
42,11,19,"RP","GP","ὑμῶν","ὑμῶν","ὑμῶν","σύ"
42,11,19,"P",NULL,"ἐν","ἐν","ἐν","ἐν"
42,11,19,"RI","DSM","τίνι","τίνι","τίνι","τίς"
42,11,19,"V","3PAI-P","ἐκβάλλουσιν;","ἐκβάλλουσιν","ἐκβάλλουσι(ν)","ἐκβάλλω"
42,11,19,"P",NULL,"διὰ","διὰ","διά","διά"
42,11,19,"RD","ASN","τοῦτο","τοῦτο","τοῦτο","οὗτος"
42,11,19,"RP","NPM","⸂αὐτοὶ","αὐτοὶ","αὐτοί","αὐτός"
42,11,19,"RP","GP","ὑμῶν","ὑμῶν","ὑμῶν","σύ"
42,11,19,"N","NPM","κριταὶ⸃","κριταὶ","κριταί","κριτής"
42,11,19,"V","3FMI-P","ἔσονται.","ἔσονται","ἔσονται","εἰμί"
42,11,20,"C",NULL,"εἰ","εἰ","εἰ","εἰ"
42,11,20,"C",NULL,"δὲ","δὲ","δέ","δέ"
42,11,20,"P",NULL,"ἐν","ἐν","ἐν","ἐν"
42,11,20,"N","DSM","δακτύλῳ","δακτύλῳ","δακτύλῳ","δάκτυλος"
42,11,20,"N","GSM","⸀θεοῦ","θεοῦ","θεοῦ","θεός"
42,11,20,"V","1PAI-S","ἐκβάλλω","ἐκβάλλω","ἐκβάλλω","ἐκβάλλω"
42,11,20,"RA","APN","τὰ","τὰ","τά","ὁ"
42,11,20,"N","APN","δαιμόνια,","δαιμόνια","δαιμόνια","δαιμόνιον"
42,11,20,"C",NULL,"ἄρα","ἄρα","ἄρα","ἄρα"
42,11,20,"V","3AAI-S","ἔφθασεν","ἔφθασεν","ἔφθασε(ν)","φθάνω"
42,11,20,"P",NULL,"ἐφ’","ἐφ’","ἐπί","ἐπί"
42,11,20,"RP","AP","ὑμᾶς","ὑμᾶς","ὑμᾶς","σύ"
42,11,20,"RA","NSF","ἡ","ἡ","ἡ","ὁ"
42,11,20,"N","NSF","βασιλεία","βασιλεία","βασιλεία","βασιλεία"
42,11,20,"RA","GSM","τοῦ","τοῦ","τοῦ","ὁ"
42,11,20,"N","GSM","θεοῦ.","θεοῦ","θεοῦ","θεός"
42,11,21,"C",NULL,"ὅταν","ὅταν","ὅταν","ὅταν"
42,11,21,"RA","NSM","ὁ","ὁ","ὁ","ὁ"
42,11,21,"A","NSM","ἰσχυρὸς","ἰσχυρὸς","ἰσχυρός","ἰσχυρός"
42,11,21,"V","XMPNSM","καθωπλισμένος","καθωπλισμένος","καθωπλισμένος","καθοπλίζω"
42,11,21,"V","3PAS-S","φυλάσσῃ","φυλάσσῃ","φυλάσσῃ","φυλάσσω"
42,11,21,"RA","ASF","τὴν","τὴν","τήν","ὁ"
42,11,21,"RP","GSM","ἑαυτοῦ","ἑαυτοῦ","ἑαυτοῦ","ἑαυτοῦ"
42,11,21,"N","ASF","αὐλήν,","αὐλήν","αὐλήν","αὐλή"
42,11,21,"P",NULL,"ἐν","ἐν","ἐν","ἐν"
42,11,21,"N","DSF","εἰρήνῃ","εἰρήνῃ","εἰρήνῃ","εἰρήνη"
42,11,21,"V","3PAI-S","ἐστὶν","ἐστὶν","ἐστί(ν)","εἰμί"
42,11,21,"RA","NPN","τὰ","τὰ","τά","ὁ"
42,11,21,"V","PAPNPN","ὑπάρχοντα","ὑπάρχοντα","ὑπάρχοντα","ὑπάρχω"
42,11,21,"RP","GSM","αὐτοῦ·","αὐτοῦ","αὐτοῦ","αὐτός"
42,11,22,"C",NULL,"ἐπὰν","ἐπὰν","ἐπάν","ἐπάν"
42,11,22,"C",NULL,"⸀δὲ","δὲ","δέ","δέ"
42,11,22,"A","NSMC","ἰσχυρότερος","ἰσχυρότερος","ἰσχυρότερος","ἰσχυρός"
42,11,22,"RP","GSM","⸀αὐτοῦ","αὐτοῦ","αὐτοῦ","αὐτός"
42,11,22,"V","AAPNSM","ἐπελθὼν","ἐπελθὼν","ἐπελθών","ἐπέρχομαι"
42,11,22,"V","3AAS-S","νικήσῃ","νικήσῃ","νικήσῃ","νικάω"
42,11,22,"RP","ASM","αὐτόν,","αὐτόν","αὐτόν","αὐτός"
42,11,22,"RA","ASF","τὴν","τὴν","τήν","ὁ"
42,11,22,"N","ASF","πανοπλίαν","πανοπλίαν","πανοπλίαν","πανοπλία"
42,11,22,"RP","GSM","αὐτοῦ","αὐτοῦ","αὐτοῦ","αὐτός"
42,11,22,"V","3PAI-S","αἴρει","αἴρει","αἴρει","αἴρω"
42,11,22,"P",NULL,"ἐφ’","ἐφ’","ἐπί","ἐπί"
42,11,22,"RR","DSF","ᾗ","ᾗ","ᾗ","ὅς"
42,11,22,"V","3YAI-S","ἐπεποίθει,","ἐπεποίθει","ἐπεποίθει","πείθω"
42,11,22,"C",NULL,"καὶ","καὶ","καί","καί"
42,11,22,"RA","APN","τὰ","τὰ","τά","ὁ"
42,11,22,"N","APN","σκῦλα","σκῦλα","σκῦλα","σκῦλα"
42,11,22,"RP","GSM","αὐτοῦ","αὐτοῦ","αὐτοῦ","αὐτός"
42,11,22,"V","3PAI-S","διαδίδωσιν.","διαδίδωσιν","διαδίδωσι(ν)","διαδίδωμι"
42,11,23,"RA","NSM","ὁ","ὁ","ὁ","ὁ"
42,11,23,"D",NULL,"μὴ","μὴ","μή","μή"
42,11,23,"V","PAPNSM","ὢν","ὢν","ὤν","εἰμί"
42,11,23,"P",NULL,"μετ’","μετ’","μετά","μετά"
42,11,23,"RP","GS","ἐμοῦ","ἐμοῦ","ἐμοῦ","ἐγώ"
42,11,23,"P",NULL,"κατ’","κατ’","κατά","κατά"
42,11,23,"RP","GS","ἐμοῦ","ἐμοῦ","ἐμοῦ","ἐγώ"
42,11,23,"V","3PAI-S","ἐστιν,","ἐστιν","ἐστί(ν)","εἰμί"
42,11,23,"C",NULL,"καὶ","καὶ","καί","καί"
42,11,23,"RA","NSM","ὁ","ὁ","ὁ","ὁ"
42,11,23,"D",NULL,"μὴ","μὴ","μή","μή"
42,11,23,"V","PAPNSM","συνάγων","συνάγων","συνάγων","συνάγω"
42,11,23,"P",NULL,"μετ’","μετ’","μετά","μετά"
42,11,23,"RP","GS","ἐμοῦ","ἐμοῦ","ἐμοῦ","ἐγώ"
42,11,23,"V","3PAI-S","σκορπίζει.","σκορπίζει","σκορπίζει","σκορπίζω"
42,11,24,"C",NULL,"Ὅταν","Ὅταν","ὅταν","ὅταν"
42,11,24,"RA","NSN","τὸ","τὸ","τό","ὁ"
42,11,24,"A","NSN","ἀκάθαρτον","ἀκάθαρτον","ἀκάθαρτον","ἀκάθαρτος"
42,11,24,"N","NSN","πνεῦμα","πνεῦμα","πνεῦμα","πνεῦμα"
42,11,24,"V","3AAS-S","ἐξέλθῃ","ἐξέλθῃ","ἐξέλθῃ","ἐξέρχομαι"
42,11,24,"P",NULL,"ἀπὸ","ἀπὸ","ἀπό","ἀπό"
42,11,24,"RA","GSM","τοῦ","τοῦ","τοῦ","ὁ"
42,11,24,"N","GSM","ἀνθρώπου,","ἀνθρώπου","ἀνθρώπου","ἄνθρωπος"
42,11,24,"V","3PMI-S","διέρχεται","διέρχεται","διέρχεται","διέρχομαι"
42,11,24,"P",NULL,"δι’","δι’","διά","διά"
42,11,24,"A","GPM","ἀνύδρων","ἀνύδρων","ἀνύδρων","ἄνυδρος"
42,11,24,"N","GPM","τόπων","τόπων","τόπων","τόπος"
42,11,24,"V","PAPNSN","ζητοῦν","ζητοῦν","ζητοῦν","ζητέω"
42,11,24,"N","ASF","ἀνάπαυσιν,","ἀνάπαυσιν","ἀνάπαυσιν","ἀνάπαυσις"
42,11,24,"C",NULL,"καὶ","καὶ","καί","καί"
42,11,24,"D",NULL,"μὴ","μὴ","μή","μή"
42,11,24,"V","PAPNSN","⸀εὑρίσκον","εὑρίσκον","εὑρίσκον","εὑρίσκω"
42,11,24,"V","3PAI-S","λέγει·","λέγει","λέγει","λέγω"
42,11,24,"V","1FAI-S","Ὑποστρέψω","Ὑποστρέψω","ὑποστρέψω","ὑποστρέφω"
42,11,24,"P",NULL,"εἰς","εἰς","εἰς","εἰς"
42,11,24,"RA","ASM","τὸν","τὸν","τόν","ὁ"
42,11,24,"N","ASM","οἶκόν","οἶκόν","οἶκον","οἶκος"
42,11,24,"RP","GS","μου","μου","μου","ἐγώ"
42,11,24,"D",NULL,"ὅθεν","ὅθεν","ὅθεν","ὅθεν"
42,11,24,"V","1AAI-S","ἐξῆλθον·","ἐξῆλθον","ἐξῆλθον","ἐξέρχομαι"
42,11,25,"C",NULL,"καὶ","καὶ","καί","καί"
42,11,25,"V","AAPNSN","ἐλθὸν","ἐλθὸν","ἐλθόν","ἔρχομαι"
42,11,25,"V","3PAI-S","⸀εὑρίσκει","εὑρίσκει","εὑρίσκει","εὑρίσκω"
42,11,25,"V","XPPASM","σεσαρωμένον","σεσαρωμένον","σεσαρωμένον","σαρόω"
42,11,25,"C",NULL,"καὶ","καὶ","καί","καί"
42,11,25,"V","XPPASM","κεκοσμημένον.","κεκοσμημένον","κεκοσμημένον","κοσμέω"
42,11,26,"D",NULL,"τότε","τότε","τότε","τότε"
42,11,26,"V","3PMI-S","πορεύεται","πορεύεται","πορεύεται","πορεύομαι"
42,11,26,"C",NULL,"καὶ","καὶ","καί","καί"
42,11,26,"V","3PAI-S","παραλαμβάνει","παραλαμβάνει","παραλαμβάνει","παραλαμβάνω"
42,11,26,"A","APN","⸂ἕτερα","ἕτερα","ἕτερα","ἕτερος"
42,11,26,"N","APN","πνεύματα","πνεύματα","πνεύματα","πνεῦμα"
42,11,26,"A","APNC","πονηρότερα","πονηρότερα","πονηρότερα","πονηρός"
42,11,26,"RP","GSN","ἑαυτοῦ","ἑαυτοῦ","ἑαυτοῦ","ἑαυτοῦ"
42,11,26,"A","APN","ἑπτά⸃,","ἑπτά","ἑπτά","ἑπτά"
42,11,26,"C",NULL,"καὶ","καὶ","καί","καί"
42,11,26,"V","AAPNPN","⸀εἰσελθόντα","εἰσελθόντα","εἰσελθόντα","εἰσέρχομαι"
42,11,26,"V","3PAI-S","κατοικεῖ","κατοικεῖ","κατοικεῖ","κατοικέω"
42,11,26,"D",NULL,"ἐκεῖ,","ἐκεῖ","ἐκεῖ","ἐκεῖ"
42,11,26,"C",NULL,"καὶ","καὶ","καί","καί"
42,11,26,"V","3PMI-S","γίνεται","γίνεται","γίνεται","γίνομαι"
42,11,26,"RA","NPN","τὰ","τὰ","τά","ὁ"
42,11,26,"A","NPN","ἔσχατα","ἔσχατα","ἔσχατα","ἔσχατος"
42,11,26,"RA","GSM","τοῦ","τοῦ","τοῦ","ὁ"
42,11,26,"N","GSM","ἀνθρώπου","ἀνθρώπου","ἀνθρώπου","ἄνθρωπος"
42,11,26,"RD","GSM","ἐκείνου","ἐκείνου","ἐκείνου","ἐκεῖνος"
42,11,26,"A","NPNC","χείρονα","χείρονα","χείρονα","χείρων"
42,11,26,"RA","GPN","τῶν","τῶν","τῶν","ὁ"
42,11,26,"A","GPN","πρώτων.","πρώτων","πρώτων","πρῶτος"
42,11,27,"V","3AMI-S","Ἐγένετο","Ἐγένετο","ἐγένετο","γίνομαι"
42,11,27,"C",NULL,"δὲ","δὲ","δέ","δέ"
42,11,27,"P",NULL,"ἐν","ἐν","ἐν","ἐν"
42,11,27,"RA","DSN","τῷ","τῷ","τῷ","ὁ"
42,11,27,"V","PAN","λέγειν","λέγειν","λέγειν","λέγω"
42,11,27,"RP","ASM","αὐτὸν","αὐτὸν","αὐτόν","αὐτός"
42,11,27,"RD","APN","ταῦτα","ταῦτα","ταῦτα","οὗτος"
42,11,27,"V","AAPNSF","ἐπάρασά","ἐπάρασά","ἐπάρασα","ἐπαίρω"
42,11,27,"RI","NSF","τις","τις","τὶς","τις"
42,11,27,"N","ASF","⸂φωνὴν","φωνὴν","φωνήν","φωνή"
42,11,27,"N","NSF","γυνὴ⸃","γυνὴ","γυνή","γυνή"
42,11,27,"P",NULL,"ἐκ","ἐκ","ἐκ","ἐκ"
42,11,27,"RA","GSM","τοῦ","τοῦ","τοῦ","ὁ"
42,11,27,"N","GSM","ὄχλου","ὄχλου","ὄχλου","ὄχλος"
42,11,27,"V","3AAI-S","εἶπεν","εἶπεν","εἶπε(ν)","λέγω"
42,11,27,"RP","DSM","αὐτῷ·","αὐτῷ","αὐτῷ","αὐτός"
42,11,27,"A","NSF","Μακαρία","Μακαρία","μακαρία","μακάριος"
42,11,27,"RA","NSF","ἡ","ἡ","ἡ","ὁ"
42,11,27,"N","NSF","κοιλία","κοιλία","κοιλία","κοιλία"
42,11,27,"RA","NSF","ἡ","ἡ","ἡ","ὁ"
42,11,27,"V","AAPNSF","βαστάσασά","βαστάσασά","βαστάσασα","βαστάζω"
42,11,27,"RP","AS","σε","σε","σε","σύ"
42,11,27,"C",NULL,"καὶ","καὶ","καί","καί"
42,11,27,"N","NPM","μαστοὶ","μαστοὶ","μαστοί","μαστός"
42,11,27,"RR","APM","οὓς","οὓς","οὕς","ὅς"
42,11,27,"V","2AAI-S","ἐθήλασας·","ἐθήλασας","ἐθήλασας","θηλάζω"
42,11,28,"RP","NSM","αὐτὸς","αὐτὸς","αὐτός","αὐτός"
42,11,28,"C",NULL,"δὲ","δὲ","δέ","δέ"
42,11,28,"V","3AAI-S","εἶπεν·","εἶπεν","εἶπε(ν)","λέγω"
42,11,28,"X",NULL,"⸀Μενοῦν","Μενοῦν","μενοῦν","μενοῦν"
42,11,28,"A","NPM","μακάριοι","μακάριοι","μακάριοι","μακάριος"
42,11,28,"RA","NPM","οἱ","οἱ","οἱ","ὁ"
42,11,28,"V","PAPNPM","ἀκούοντες","ἀκούοντες","ἀκούοντες","ἀκούω"
42,11,28,"RA","ASM","τὸν","τὸν","τόν","ὁ"
42,11,28,"N","ASM","λόγον","λόγον","λόγον","λόγος"
42,11,28,"RA","GSM","τοῦ","τοῦ","τοῦ","ὁ"
42,11,28,"N","GSM","θεοῦ","θεοῦ","θεοῦ","θεός"
42,11,28,"C",NULL,"καὶ","καὶ","καί","καί"
42,11,28,"V","PAPNPM","⸀φυλάσσοντες.","φυλάσσοντες","φυλάσσοντες","φυλάσσω"
42,11,29,"RA","GPM","Τῶν","Τῶν","τῶν","ὁ"
42,11,29,"C",NULL,"δὲ","δὲ","δέ","δέ"
42,11,29,"N","GPM","ὄχλων","ὄχλων","ὄχλων","ὄχλος"
42,11,29,"V","PPPGPM","ἐπαθροιζομένων","ἐπαθροιζομένων","ἐπαθροιζομένων","ἐπαθροίζομαι"
42,11,29,"V","3AMI-S","ἤρξατο","ἤρξατο","ἤρξατο","ἄρχω"
42,11,29,"V","PAN","λέγειν·","λέγειν","λέγειν","λέγω"
42,11,29,"RA","NSF","Ἡ","Ἡ","ἡ","ὁ"
42,11,29,"N","NSF","γενεὰ","γενεὰ","γενεά","γενεά"
42,11,29,"RD","NSF","αὕτη","αὕτη","αὕτη","οὗτος"
42,11,29,"N","NSF","⸀γενεὰ","γενεὰ","γενεά","γενεά"
42,11,29,"A","NSF","πονηρά","πονηρά","πονηρά","πονηρός"
42,11,29,"V","3PAI-S","ἐστιν·","ἐστιν","ἐστί(ν)","εἰμί"
42,11,29,"N","ASN","σημεῖον","σημεῖον","σημεῖον","σημεῖον"
42,11,29,"V","3PAI-S","⸀ζητεῖ,","ζητεῖ","ζητεῖ","ζητέω"
42,11,29,"C",NULL,"καὶ","καὶ","καί","καί"
42,11,29,"N","NSN","σημεῖον","σημεῖον","σημεῖον","σημεῖον"
42,11,29,"D",NULL,"οὐ","οὐ","οὐ","οὐ"
42,11,29,"V","3FPI-S","δοθήσεται","δοθήσεται","δοθήσεται","δίδωμι"
42,11,29,"RP","DSF","αὐτῇ","αὐτῇ","αὐτῇ","αὐτός"
42,11,29,"C",NULL,"εἰ","εἰ","εἰ","εἰ"
42,11,29,"D",NULL,"μὴ","μὴ","μή","μή"
42,11,29,"RA","NSN","τὸ","τὸ","τό","ὁ"
42,11,29,"N","NSN","σημεῖον","σημεῖον","σημεῖον","σημεῖον"
42,11,29,"N","GSM","⸀Ἰωνᾶ.","Ἰωνᾶ","Ἰωνᾶ","Ἰωνᾶς"
42,11,30,"C",NULL,"καθὼς","καθὼς","καθώς","καθώς"
42,11,30,"C",NULL,"γὰρ","γὰρ","γάρ","γάρ"
42,11,30,"V","3AMI-S","ἐγένετο","ἐγένετο","ἐγένετο","γίνομαι"
42,11,30,"N","NSM","⸀Ἰωνᾶς","Ἰωνᾶς","Ἰωνᾶς","Ἰωνᾶς"
42,11,30,"RA","DPM","⸂τοῖς","τοῖς","τοῖς","ὁ"
42,11,30,"N","DPM","Νινευίταις","Νινευίταις","Νινευίταις","Νινευίτης"
42,11,30,"N","NSN","σημεῖον⸃,","σημεῖον","σημεῖον","σημεῖον"
42,11,30,"D",NULL,"οὕτως","οὕτως","οὕτω(ς)","οὕτω(ς)"
42,11,30,"V","3FMI-S","ἔσται","ἔσται","ἔσται","εἰμί"
42,11,30,"D",NULL,"καὶ","καὶ","καί","καί"
42,11,30,"RA","NSM","ὁ","ὁ","ὁ","ὁ"
42,11,30,"N","NSM","υἱὸς","υἱὸς","υἱός","υἱός"
42,11,30,"RA","GSM","τοῦ","τοῦ","τοῦ","ὁ"
42,11,30,"N","GSM","ἀνθρώπου","ἀνθρώπου","ἀνθρώπου","ἄνθρωπος"
42,11,30,"RA","DSF","τῇ","τῇ","τῇ","ὁ"
42,11,30,"N","DSF","γενεᾷ","γενεᾷ","γενεᾷ","γενεά"
42,11,30,"RD","DSF","ταύτῃ.","ταύτῃ","ταύτῃ","οὗτος"
42,11,31,"N","NSF","βασίλισσα","βασίλισσα","βασίλισσα","βασίλισσα"
42,11,31,"N","GSM","νότου","νότου","νότου","νότος"
42,11,31,"V","3FPI-S","ἐγερθήσεται","ἐγερθήσεται","ἐγερθήσεται","ἐγείρω"
42,11,31,"P",NULL,"ἐν","ἐν","ἐν","ἐν"
42,11,31,"RA","DSF","τῇ","τῇ","τῇ","ὁ"
42,11,31,"N","DSF","κρίσει","κρίσει","κρίσει","κρίσις"
42,11,31,"P",NULL,"μετὰ","μετὰ","μετά","μετά"
42,11,31,"RA","GPM","τῶν","τῶν","τῶν","ὁ"
42,11,31,"N","GPM","ἀνδρῶν","ἀνδρῶν","ἀνδρῶν","ἀνήρ"
42,11,31,"RA","GSF","τῆς","τῆς","τῆς","ὁ"
42,11,31,"N","GSF","γενεᾶς","γενεᾶς","γενεᾶς","γενεά"
42,11,31,"RD","GSF","ταύτης","ταύτης","ταύτης","οὗτος"
42,11,31,"C",NULL,"καὶ","καὶ","καί","καί"
42,11,31,"V","3FAI-S","κατακρινεῖ","κατακρινεῖ","κατακρινεῖ","κατακρίνω"
42,11,31,"RP","APM","αὐτούς·","αὐτούς","αὐτούς","αὐτός"
42,11,31,"C",NULL,"ὅτι","ὅτι","ὅτι","ὅτι"
42,11,31,"V","3AAI-S","ἦλθεν","ἦλθεν","ἦλθε(ν)","ἔρχομαι"
42,11,31,"P",NULL,"ἐκ","ἐκ","ἐκ","ἐκ"
42,11,31,"RA","GPN","τῶν","τῶν","τῶν","ὁ"
42,11,31,"N","GPN","περάτων","περάτων","περάτων","πέρας"
42,11,31,"RA","GSF","τῆς","τῆς","τῆς","ὁ"
42,11,31,"N","GSF","γῆς","γῆς","γῆς","γῆ"
42,11,31,"V","AAN","ἀκοῦσαι","ἀκοῦσαι","ἀκοῦσαι","ἀκούω"
42,11,31,"RA","ASF","τὴν","τὴν","τήν","ὁ"
42,11,31,"N","ASF","σοφίαν","σοφίαν","σοφίαν","σοφία"
42,11,31,"N","GSM","Σολομῶνος,","Σολομῶνος","Σολομῶνος","Σολομών"
42,11,31,"C",NULL,"καὶ","καὶ","καί","καί"
42,11,31,"X",NULL,"ἰδοὺ","ἰδοὺ","ἰδού","ἰδού"
42,11,31,"A","NSNC","πλεῖον","πλεῖον","πλεῖον","πολύς"
42,11,31,"N","GSM","Σολομῶνος","Σολομῶνος","Σολομῶνος","Σολομών"
42,11,31,"D",NULL,"ὧδε.","ὧδε","ὧδε","ὧδε"
42,11,32,"N","NPM","ἄνδρες","ἄνδρες","ἄνδρες","ἀνήρ"
42,11,32,"N","NPM","⸀Νινευῖται","Νινευῖται","Νινευῖται","Νινευίτης"
42,11,32,"V","3FMI-P","ἀναστήσονται","ἀναστήσονται","ἀναστήσονται","ἀνίστημι"
42,11,32,"P",NULL,"ἐν","ἐν","ἐν","ἐν"
42,11,32,"RA","DSF","τῇ","τῇ","τῇ","ὁ"
42,11,32,"N","DSF","κρίσει","κρίσει","κρίσει","κρίσις"
42,11,32,"P",NULL,"μετὰ","μετὰ","μετά","μετά"
42,11,32,"RA","GSF","τῆς","τῆς","τῆς","ὁ"
42,11,32,"N","GSF","γενεᾶς","γενεᾶς","γενεᾶς","γενεά"
42,11,32,"RD","GSF","ταύτης","ταύτης","ταύτης","οὗτος"
42,11,32,"C",NULL,"καὶ","καὶ","καί","καί"
42,11,32,"V","3FAI-P","κατακρινοῦσιν","κατακρινοῦσιν","κατακρινοῦσι(ν)","κατακρίνω"
42,11,32,"RP","ASF","αὐτήν·","αὐτήν","αὐτήν","αὐτός"
42,11,32,"C",NULL,"ὅτι","ὅτι","ὅτι","ὅτι"
42,11,32,"V","3AAI-P","μετενόησαν","μετενόησαν","μετενόησαν","μετανοέω"
42,11,32,"P",NULL,"εἰς","εἰς","εἰς","εἰς"
42,11,32,"RA","ASN","τὸ","τὸ","τό","ὁ"
42,11,32,"N","ASN","κήρυγμα","κήρυγμα","κήρυγμα","κήρυγμα"
42,11,32,"N","GSM","Ἰωνᾶ,","Ἰωνᾶ","Ἰωνᾶ","Ἰωνᾶς"
42,11,32,"C",NULL,"καὶ","καὶ","καί","καί"
42,11,32,"X",NULL,"ἰδοὺ","ἰδοὺ","ἰδού","ἰδού"
42,11,32,"A","NSNC","πλεῖον","πλεῖον","πλεῖον","πολύς"
42,11,32,"N","GSM","Ἰωνᾶ","Ἰωνᾶ","Ἰωνᾶ","Ἰωνᾶς"
42,11,32,"D",NULL,"ὧδε.","ὧδε","ὧδε","ὧδε"
42,11,33,"A","NSM","⸀Οὐδεὶς","Οὐδεὶς","οὐδείς","οὐδείς"
42,11,33,"N","ASM","λύχνον","λύχνον","λύχνον","λύχνος"
42,11,33,"V","AAPNSM","ἅψας","ἅψας","ἅψας","ἅπτω"
42,11,33,"P",NULL,"εἰς","εἰς","εἰς","εἰς"
42,11,33,"N","ASF","κρύπτην","κρύπτην","κρύπτην","κρύπτη"
42,11,33,"V","3PAI-S","τίθησιν","τίθησιν","τίθησι(ν)","τίθημι"
42,11,33,"C",NULL,"οὐδὲ","οὐδὲ","οὐδέ","οὐδέ"
42,11,33,"P",NULL,"ὑπὸ","ὑπὸ","ὑπό","ὑπό"
42,11,33,"RA","ASM","τὸν","τὸν","τόν","ὁ"
42,11,33,"N","ASM","μόδιον","μόδιον","μόδιον","μόδιος"
42,11,33,"C",NULL,"ἀλλ’","ἀλλ’","ἀλλά","ἀλλά"
42,11,33,"P",NULL,"ἐπὶ","ἐπὶ","ἐπί","ἐπί"
42,11,33,"RA","ASF","τὴν","τὴν","τήν","ὁ"
42,11,33,"N","ASF","λυχνίαν,","λυχνίαν","λυχνίαν","λυχνία"
42,11,33,"C",NULL,"ἵνα","ἵνα","ἵνα","ἵνα"
42,11,33,"RA","NPM","οἱ","οἱ","οἱ","ὁ"
42,11,33,"V","PMPNPM","εἰσπορευόμενοι","εἰσπορευόμενοι","εἰσπορευόμενοι","εἰσπορεύομαι"
42,11,33,"RA","ASN","τὸ","τὸ","τό","ὁ"
42,11,33,"N","ASN","⸀φέγγος","φέγγος","φέγγος","φέγγος"
42,11,33,"V","3PAS-P","βλέπωσιν.","βλέπωσιν","βλέπωσι(ν)","βλέπω"
42,11,34,"RA","NSM","ὁ","ὁ","ὁ","ὁ"
42,11,34,"N","NSM","λύχνος","λύχνος","λύχνος","λύχνος"
42,11,34,"RA","GSN","τοῦ","τοῦ","τοῦ","ὁ"
42,11,34,"N","GSN","σώματός","σώματός","σώματος","σῶμα"
42,11,34,"V","3PAI-S","ἐστιν","ἐστιν","ἐστί(ν)","εἰμί"
42,11,34,"RA","NSM","ὁ","ὁ","ὁ","ὁ"
42,11,34,"N","NSM","ὀφθαλμός","ὀφθαλμός","ὀφθαλμός","ὀφθαλμός"
42,11,34,"RP","GS","⸀σου.","σου","σου","σύ"
42,11,34,"C",NULL,"⸀ὅταν","ὅταν","ὅταν","ὅταν"
42,11,34,"RA","NSM","ὁ","ὁ","ὁ","ὁ"
42,11,34,"N","NSM","ὀφθαλμός","ὀφθαλμός","ὀφθαλμός","ὀφθαλμός"
42,11,34,"RP","GS","σου","σου","σου","σύ"
42,11,34,"A","NSM","ἁπλοῦς","ἁπλοῦς","ἁπλοῦς","ἁπλοῦς"
42,11,34,"V","3PAS-S","ᾖ,","ᾖ","ᾖ","εἰμί"
42,11,34,"D",NULL,"καὶ","καὶ","καί","καί"
42,11,34,"A","NSN","ὅλον","ὅλον","ὅλον","ὅλος"
42,11,34,"RA","NSN","τὸ","τὸ","τό","ὁ"
42,11,34,"N","NSN","σῶμά","σῶμά","σῶμα","σῶμα"
42,11,34,"RP","GS","σου","σου","σου","σύ"
42,11,34,"A","NSN","φωτεινόν","φωτεινόν","φωτεινόν","φωτεινός"
42,11,34,"V","3PAI-S","ἐστιν·","ἐστιν","ἐστί(ν)","εἰμί"
42,11,34,"C",NULL,"ἐπὰν","ἐπὰν","ἐπάν","ἐπάν"
42,11,34,"C",NULL,"δὲ","δὲ","δέ","δέ"
42,11,34,"A","NSM","πονηρὸς","πονηρὸς","πονηρός","πονηρός"
42,11,34,"V","3PAS-S","ᾖ,","ᾖ","ᾖ","εἰμί"
42,11,34,"D",NULL,"καὶ","καὶ","καί","καί"
42,11,34,"RA","NSN","τὸ","τὸ","τό","ὁ"
42,11,34,"N","NSN","σῶμά","σῶμά","σῶμα","σῶμα"
42,11,34,"RP","GS","σου","σου","σου","σύ"
42,11,34,"A","NSN","σκοτεινόν.","σκοτεινόν","σκοτεινόν","σκοτεινός"
42,11,35,"V","2PAD-S","σκόπει","σκόπει","σκόπει","σκοπέω"
42,11,35,"C",NULL,"οὖν","οὖν","οὖν","οὖν"
42,11,35,"C",NULL,"μὴ","μὴ","μή","μή"
42,11,35,"RA","NSN","τὸ","τὸ","τό","ὁ"
42,11,35,"N","NSN","φῶς","φῶς","φῶς","φῶς"
42,11,35,"RA","NSN","τὸ","τὸ","τό","ὁ"
42,11,35,"P",NULL,"ἐν","ἐν","ἐν","ἐν"
42,11,35,"RP","DS","σοὶ","σοὶ","σοί","σύ"
42,11,35,"N","NSN","σκότος","σκότος","σκότος","σκότος"
42,11,35,"V","3PAI-S","ἐστίν.","ἐστίν","ἐστί(ν)","εἰμί"
42,11,36,"C",NULL,"εἰ","εἰ","εἰ","εἰ"
42,11,36,"C",NULL,"οὖν","οὖν","οὖν","οὖν"
42,11,36,"RA","NSN","τὸ","τὸ","τό","ὁ"
42,11,36,"N","NSN","σῶμά","σῶμά","σῶμα","σῶμα"
42,11,36,"RP","GS","σου","σου","σου","σύ"
42,11,36,"A","NSN","ὅλον","ὅλον","ὅλον","ὅλος"
42,11,36,"A","NSN","φωτεινόν,","φωτεινόν","φωτεινόν","φωτεινός"
42,11,36,"D",NULL,"μὴ","μὴ","μή","μή"
42,11,36,"V","PAPNSN","ἔχον","ἔχον","ἔχον","ἔχω"
42,11,36,"N","ASN","⸂μέρος","μέρος","μέρος","μέρος"
42,11,36,"RI","ASN","τι⸃","τι","τὶ","τις"
42,11,36,"A","ASN","σκοτεινόν,","σκοτεινόν","σκοτεινόν","σκοτεινός"
42,11,36,"V","3FMI-S","ἔσται","ἔσται","ἔσται","εἰμί"
42,11,36,"A","NSN","φωτεινὸν","φωτεινὸν","φωτεινόν","φωτεινός"
42,11,36,"A","NSN","ὅλον","ὅλον","ὅλον","ὅλος"
42,11,36,"C",NULL,"ὡς","ὡς","ὡς","ὡς"
42,11,36,"C",NULL,"ὅταν","ὅταν","ὅταν","ὅταν"
42,11,36,"RA","NSM","ὁ","ὁ","ὁ","ὁ"
42,11,36,"N","NSM","λύχνος","λύχνος","λύχνος","λύχνος"
42,11,36,"RA","DSF","τῇ","τῇ","τῇ","ὁ"
42,11,36,"N","DSF","ἀστραπῇ","ἀστραπῇ","ἀστραπῇ","ἀστραπή"
42,11,36,"V","3PAS-S","φωτίζῃ","φωτίζῃ","φωτίζῃ","φωτίζω"
42,11,36,"RP","AS","σε.","σε","σε","σύ"
42,11,37,"P",NULL,"Ἐν","Ἐν","ἐν","ἐν"
42,11,37,"C",NULL,"δὲ","δὲ","δέ","δέ"
42,11,37,"RA","DSN","τῷ","τῷ","τῷ","ὁ"
42,11,37,"V","AAN","λαλῆσαι","λαλῆσαι","λαλῆσαι","λαλέω"
42,11,37,"V","3PAI-S","⸀ἐρωτᾷ","ἐρωτᾷ","ἐρωτᾷ","ἐρωτάω"
42,11,37,"RP","ASM","αὐτὸν","αὐτὸν","αὐτόν","αὐτός"
42,11,37,"N","NSM","⸀Φαρισαῖος","Φαρισαῖος","Φαρισαῖος","Φαρισαῖος"
42,11,37,"C",NULL,"ὅπως","ὅπως","ὅπως","ὅπως"
42,11,37,"V","3AAS-S","ἀριστήσῃ","ἀριστήσῃ","ἀριστήσῃ","ἀριστάω"
42,11,37,"P",NULL,"παρ’","παρ’","παρά","παρά"
42,11,37,"RP","DSM","αὐτῷ·","αὐτῷ","αὐτῷ","αὐτός"
42,11,37,"V","AAPNSM","εἰσελθὼν","εἰσελθὼν","εἰσελθών","εἰσέρχομαι"
42,11,37,"C",NULL,"δὲ","δὲ","δέ","δέ"
42,11,37,"V","3AAI-S","ἀνέπεσεν.","ἀνέπεσεν","ἀνέπεσε(ν)","ἀναπίπτω"
42,11,38,"RA","NSM","ὁ","ὁ","ὁ","ὁ"
42,11,38,"C",NULL,"δὲ","δὲ","δέ","δέ"
42,11,38,"N","NSM","Φαρισαῖος","Φαρισαῖος","Φαρισαῖος","Φαρισαῖος"
42,11,38,"V","AAPNSM","ἰδὼν","ἰδὼν","ἰδών","ὁράω"
42,11,38,"V","3AAI-S","ἐθαύμασεν","ἐθαύμασεν","ἐθαύμασε(ν)","θαυμάζω"
42,11,38,"C",NULL,"ὅτι","ὅτι","ὅτι","ὅτι"
42,11,38,"D",NULL,"οὐ","οὐ","οὐ","οὐ"
42,11,38,"A","ASN","πρῶτον","πρῶτον","πρῶτον","πρῶτος"
42,11,38,"V","3API-S","ἐβαπτίσθη","ἐβαπτίσθη","ἐβαπτίσθη","βαπτίζω"
42,11,38,"P",NULL,"πρὸ","πρὸ","πρό","πρό"
42,11,38,"RA","GSN","τοῦ","τοῦ","τοῦ","ὁ"
42,11,38,"N","GSN","ἀρίστου.","ἀρίστου","ἀρίστου","ἄριστον"
42,11,39,"V","3AAI-S","εἶπεν","εἶπεν","εἶπε(ν)","λέγω"
42,11,39,"C",NULL,"δὲ","δὲ","δέ","δέ"
42,11,39,"RA","NSM","ὁ","ὁ","ὁ","ὁ"
42,11,39,"N","NSM","κύριος","κύριος","κύριος","κύριος"
42,11,39,"P",NULL,"πρὸς","πρὸς","πρός","πρός"
42,11,39,"RP","ASM","αὐτόν·","αὐτόν","αὐτόν","αὐτός"
42,11,39,"D",NULL,"Νῦν","Νῦν","νῦν","νῦν"
42,11,39,"RP","NP","ὑμεῖς","ὑμεῖς","ὑμεῖς","σύ"
42,11,39,"RA","NPM","οἱ","οἱ","οἱ","ὁ"
42,11,39,"N","NPM","Φαρισαῖοι","Φαρισαῖοι","Φαρισαῖοι","Φαρισαῖος"
42,11,39,"RA","ASN","τὸ","τὸ","τό","ὁ"
42,11,39,"D",NULL,"ἔξωθεν","ἔξωθεν","ἔξωθεν","ἔξωθεν"
42,11,39,"RA","GSN","τοῦ","τοῦ","τοῦ","ὁ"
42,11,39,"N","GSN","ποτηρίου","ποτηρίου","ποτηρίου","ποτήριον"
42,11,39,"C",NULL,"καὶ","καὶ","καί","καί"
42,11,39,"RA","GSM","τοῦ","τοῦ","τοῦ","ὁ"
42,11,39,"N","GSM","πίνακος","πίνακος","πίνακος","πίναξ"
42,11,39,"V","2PAI-P","καθαρίζετε,","καθαρίζετε","καθαρίζετε","καθαρίζω"
42,11,39,"RA","NSN","τὸ","τὸ","τό","ὁ"
42,11,39,"C",NULL,"δὲ","δὲ","δέ","δέ"
42,11,39,"D",NULL,"ἔσωθεν","ἔσωθεν","ἔσωθεν","ἔσωθεν"
42,11,39,"RP","GP","ὑμῶν","ὑμῶν","ὑμῶν","σύ"
42,11,39,"V","3PAI-S","γέμει","γέμει","γέμει","γέμω"
42,11,39,"N","GSF","ἁρπαγῆς","ἁρπαγῆς","ἁρπαγῆς","ἁρπαγή"
42,11,39,"C",NULL,"καὶ","καὶ","καί","καί"
42,11,39,"N","GSF","πονηρίας.","πονηρίας","πονηρίας","πονηρία"
42,11,40,"A","VPM","ἄφρονες,","ἄφρονες","ἄφρονες","ἄφρων"
42,11,40,"X",NULL,"οὐχ","οὐχ","οὐ","οὐ"
42,11,40,"RA","NSM","ὁ","ὁ","ὁ","ὁ"
42,11,40,"V","AAPNSM","ποιήσας","ποιήσας","ποιήσας","ποιέω"
42,11,40,"RA","ASN","τὸ","τὸ","τό","ὁ"
42,11,40,"D",NULL,"ἔξωθεν","ἔξωθεν","ἔξωθεν","ἔξωθεν"
42,11,40,"D",NULL,"καὶ","καὶ","καί","καί"
42,11,40,"RA","ASN","τὸ","τὸ","τό","ὁ"
42,11,40,"D",NULL,"ἔσωθεν","ἔσωθεν","ἔσωθεν","ἔσωθεν"
42,11,40,"V","3AAI-S","ἐποίησεν;","ἐποίησεν","ἐποίησε(ν)","ποιέω"
42,11,41,"C",NULL,"πλὴν","πλὴν","πλήν","πλήν"
42,11,41,"RA","APN","τὰ","τὰ","τά","ὁ"
42,11,41,"V","PAPAPN","ἐνόντα","ἐνόντα","ἐνόντα","ἔνειμι"
42,11,41,"V","2AAD-P","δότε","δότε","δότε","δίδωμι"
42,11,41,"N","ASF","ἐλεημοσύνην,","ἐλεημοσύνην","ἐλεημοσύνην","ἐλεημοσύνη"
42,11,41,"C",NULL,"καὶ","καὶ","καί","καί"
42,11,41,"X",NULL,"ἰδοὺ","ἰδοὺ","ἰδού","ἰδού"
42,11,41,"A","NPN","πάντα","πάντα","πάντα","πᾶς"
42,11,41,"A","NPN","καθαρὰ","καθαρὰ","καθαρά","καθαρός"
42,11,41,"RP","DP","ὑμῖν","ὑμῖν","ὑμῖν","σύ"
42,11,41,"V","3PAI-S","ἐστιν.","ἐστιν","ἐστί(ν)","εἰμί"
42,11,42,"C",NULL,"Ἀλλὰ","Ἀλλὰ","ἀλλά","ἀλλά"
42,11,42,"X",NULL,"οὐαὶ","οὐαὶ","οὐαί","οὐαί"
42,11,42,"RP","DP","ὑμῖν","ὑμῖν","ὑμῖν","σύ"
42,11,42,"RA","DPM","τοῖς","τοῖς","τοῖς","ὁ"
42,11,42,"N","DPM","Φαρισαίοις,","Φαρισαίοις","Φαρισαίοις","Φαρισαῖος"
42,11,42,"C",NULL,"ὅτι","ὅτι","ὅτι","ὅτι"
42,11,42,"V","2PAI-P","ἀποδεκατοῦτε","ἀποδεκατοῦτε","ἀποδεκατοῦτε","ἀποδεκατόω"
42,11,42,"RA","ASN","τὸ","τὸ","τό","ὁ"
42,11,42,"N","ASN","ἡδύοσμον","ἡδύοσμον","ἡδύοσμον","ἡδύοσμον"
42,11,42,"C",NULL,"καὶ","καὶ","καί","καί"
42,11,42,"RA","ASN","τὸ","τὸ","τό","ὁ"
42,11,42,"N","ASN","πήγανον","πήγανον","πήγανον","πήγανον"
42,11,42,"C",NULL,"καὶ","καὶ","καί","καί"
42,11,42,"A","ASN","πᾶν","πᾶν","πᾶν","πᾶς"
42,11,42,"N","ASN","λάχανον,","λάχανον","λάχανον","λάχανον"
42,11,42,"C",NULL,"καὶ","καὶ","καί","καί"
42,11,42,"V","2PMI-P","παρέρχεσθε","παρέρχεσθε","παρέρχεσθε","παρέρχομαι"
42,11,42,"RA","ASF","τὴν","τὴν","τήν","ὁ"
42,11,42,"N","ASF","κρίσιν","κρίσιν","κρίσιν","κρίσις"
42,11,42,"C",NULL,"καὶ","καὶ","καί","καί"
42,11,42,"RA","ASF","τὴν","τὴν","τήν","ὁ"
42,11,42,"N","ASF","ἀγάπην","ἀγάπην","ἀγάπην","ἀγάπη"
42,11,42,"RA","GSM","τοῦ","τοῦ","τοῦ","ὁ"
42,11,42,"N","GSM","θεοῦ·","θεοῦ","θεοῦ","θεός"
42,11,42,"RD","APN","ταῦτα","ταῦτα","ταῦτα","οὗτος"
42,11,42,"C",NULL,"⸀δὲ","δὲ","δέ","δέ"
42,11,42,"V","3IAI-S","ἔδει","ἔδει","ἔδει","δέω"
42,11,42,"V","AAN","ποιῆσαι","ποιῆσαι","ποιῆσαι","ποιέω"
42,11,42,"RD","APN","κἀκεῖνα","κἀκεῖνα","κἀκεῖνα","κἀκεῖνος"
42,11,42,"D",NULL,"μὴ","μὴ","μή","μή"
42,11,42,"V","AAN","⸀παρεῖναι.","παρεῖναι","παρεῖναι","πάρειμι"
42,11,43,"X",NULL,"οὐαὶ","οὐαὶ","οὐαί","οὐαί"
42,11,43,"RP","DP","ὑμῖν","ὑμῖν","ὑμῖν","σύ"
42,11,43,"RA","DPM","τοῖς","τοῖς","τοῖς","ὁ"
42,11,43,"N","DPM","Φαρισαίοις,","Φαρισαίοις","Φαρισαίοις","Φαρισαῖος"
42,11,43,"C",NULL,"ὅτι","ὅτι","ὅτι","ὅτι"
42,11,43,"V","2PAI-P","ἀγαπᾶτε","ἀγαπᾶτε","ἀγαπᾶτε","ἀγαπάω"
42,11,43,"RA","ASF","τὴν","τὴν","τήν","ὁ"
42,11,43,"N","ASF","πρωτοκαθεδρίαν","πρωτοκαθεδρίαν","πρωτοκαθεδρίαν","πρωτοκαθεδρία"
42,11,43,"P",NULL,"ἐν","ἐν","ἐν","ἐν"
42,11,43,"RA","DPF","ταῖς","ταῖς","ταῖς","ὁ"
42,11,43,"N","DPF","συναγωγαῖς","συναγωγαῖς","συναγωγαῖς","συναγωγή"
42,11,43,"C",NULL,"καὶ","καὶ","καί","καί"
42,11,43,"RA","APM","τοὺς","τοὺς","τούς","ὁ"
42,11,43,"N","APM","ἀσπασμοὺς","ἀσπασμοὺς","ἀσπασμούς","ἀσπασμός"
42,11,43,"P",NULL,"ἐν","ἐν","ἐν","ἐν"
42,11,43,"RA","DPF","ταῖς","ταῖς","ταῖς","ὁ"
42,11,43,"N","DPF","ἀγοραῖς.","ἀγοραῖς","ἀγοραῖς","ἀγορά"
42,11,44,"X",NULL,"οὐαὶ","οὐαὶ","οὐαί","οὐαί"
42,11,44,"RP","DP","⸀ὑμῖν,","ὑμῖν","ὑμῖν","σύ"
42,11,44,"C",NULL,"ὅτι","ὅτι","ὅτι","ὅτι"
42,11,44,"V","2PAI-P","ἐστὲ","ἐστὲ","ἐστέ","εἰμί"
42,11,44,"C",NULL,"ὡς","ὡς","ὡς","ὡς"
42,11,44,"RA","NPN","τὰ","τὰ","τά","ὁ"
42,11,44,"N","NPN","μνημεῖα","μνημεῖα","μνημεῖα","μνημεῖον"
42,11,44,"RA","NPN","τὰ","τὰ","τά","ὁ"
42,11,44,"A","NPN","ἄδηλα,","ἄδηλα","ἄδηλα","ἄδηλος"
42,11,44,"C",NULL,"καὶ","καὶ","καί","καί"
42,11,44,"RA","NPM","οἱ","οἱ","οἱ","ὁ"
42,11,44,"N","NPM","ἄνθρωποι","ἄνθρωποι","ἄνθρωποι","ἄνθρωπος"
42,11,44,"RA","NPM","⸀οἱ","οἱ","οἱ","ὁ"
42,11,44,"V","PAPNPM","περιπατοῦντες","περιπατοῦντες","περιπατοῦντες","περιπατέω"
42,11,44,"D",NULL,"ἐπάνω","ἐπάνω","ἐπάνω","ἐπάνω"
42,11,44,"D",NULL,"οὐκ","οὐκ","οὐ","οὐ"
42,11,44,"V","3XAI-P","οἴδασιν.","οἴδασιν","οἴδασι(ν)","οἶδα"
42,11,45,"V","APPNSM","Ἀποκριθεὶς","Ἀποκριθεὶς","ἀποκριθείς","ἀποκρίνομαι"
42,11,45,"C",NULL,"δέ","δέ","δέ","δέ"
42,11,45,"RI","NSM","τις","τις","τὶς","τις"
42,11,45,"RA","GPM","τῶν","τῶν","τῶν","ὁ"
42,11,45,"A","GPM","νομικῶν","νομικῶν","νομικῶν","νομικός"
42,11,45,"V","3PAI-S","λέγει","λέγει","λέγει","λέγω"
42,11,45,"RP","DSM","αὐτῷ·","αὐτῷ","αὐτῷ","αὐτός"
42,11,45,"N","VSM","Διδάσκαλε,","Διδάσκαλε","διδάσκαλε","διδάσκαλος"
42,11,45,"RD","APN","ταῦτα","ταῦτα","ταῦτα","οὗτος"
42,11,45,"V","PAPNSM","λέγων","λέγων","λέγων","λέγω"
42,11,45,"D",NULL,"καὶ","καὶ","καί","καί"
42,11,45,"RP","AP","ἡμᾶς","ἡμᾶς","ἡμᾶς","ἐγώ"
42,11,45,"V","2PAI-S","ὑβρίζεις.","ὑβρίζεις","ὑβρίζεις","ὑβρίζω"
42,11,46,"RA","NSM","ὁ","ὁ","ὁ","ὁ"
42,11,46,"C",NULL,"δὲ","δὲ","δέ","δέ"
42,11,46,"V","3AAI-S","εἶπεν·","εἶπεν","εἶπε(ν)","λέγω"
42,11,46,"D",NULL,"Καὶ","Καὶ","καί","καί"
42,11,46,"RP","DP","ὑμῖν","ὑμῖν","ὑμῖν","σύ"
42,11,46,"RA","DPM","τοῖς","τοῖς","τοῖς","ὁ"
42,11,46,"A","DPM","νομικοῖς","νομικοῖς","νομικοῖς","νομικός"
42,11,46,"I",NULL,"οὐαί,","οὐαί","οὐαί","οὐαί"
42,11,46,"C",NULL,"ὅτι","ὅτι","ὅτι","ὅτι"
42,11,46,"V","2PAI-P","φορτίζετε","φορτίζετε","φορτίζετε","φορτίζω"
42,11,46,"RA","APM","τοὺς","τοὺς","τούς","ὁ"
42,11,46,"N","APM","ἀνθρώπους","ἀνθρώπους","ἀνθρώπους","ἄνθρωπος"
42,11,46,"N","APN","φορτία","φορτία","φορτία","φορτίον"
42,11,46,"A","APN","δυσβάστακτα,","δυσβάστακτα","δυσβάστακτα","δυσβάστακτος"
42,11,46,"C",NULL,"καὶ","καὶ","καί","καί"
42,11,46,"RP","NPM","αὐτοὶ","αὐτοὶ","αὐτοί","αὐτός"
42,11,46,"A","DSM","ἑνὶ","ἑνὶ","ἑνί","εἷς"
42,11,46,"RA","GPM","τῶν","τῶν","τῶν","ὁ"
42,11,46,"N","GPM","δακτύλων","δακτύλων","δακτύλων","δάκτυλος"
42,11,46,"RP","GP","ὑμῶν","ὑμῶν","ὑμῶν","σύ"
42,11,46,"D",NULL,"οὐ","οὐ","οὐ","οὐ"
42,11,46,"V","2PAI-P","προσψαύετε","προσψαύετε","προσψαύετε","προσψαύω"
42,11,46,"RA","DPN","τοῖς","τοῖς","τοῖς","ὁ"
42,11,46,"N","DPN","φορτίοις.","φορτίοις","φορτίοις","φορτίον"
42,11,47,"X",NULL,"οὐαὶ","οὐαὶ","οὐαί","οὐαί"
42,11,47,"RP","DP","ὑμῖν,","ὑμῖν","ὑμῖν","σύ"
42,11,47,"C",NULL,"ὅτι","ὅτι","ὅτι","ὅτι"
42,11,47,"V","2PAI-P","οἰκοδομεῖτε","οἰκοδομεῖτε","οἰκοδομεῖτε","οἰκοδομέω"
42,11,47,"RA","APN","τὰ","τὰ","τά","ὁ"
42,11,47,"N","APN","μνημεῖα","μνημεῖα","μνημεῖα","μνημεῖον"
42,11,47,"RA","GPM","τῶν","τῶν","τῶν","ὁ"
42,11,47,"N","GPM","προφητῶν","προφητῶν","προφητῶν","προφήτης"
42,11,47,"RA","NPM","οἱ","οἱ","οἱ","ὁ"
42,11,47,"C",NULL,"δὲ","δὲ","δέ","δέ"
42,11,47,"N","NPM","πατέρες","πατέρες","πατέρες","πατήρ"
42,11,47,"RP","GP","ὑμῶν","ὑμῶν","ὑμῶν","σύ"
42,11,47,"V","3AAI-P","ἀπέκτειναν","ἀπέκτειναν","ἀπέκτειναν","ἀποκτείνω"
42,11,47,"RP","APM","αὐτούς.","αὐτούς","αὐτούς","αὐτός"
42,11,48,"C",NULL,"ἄρα","ἄρα","ἄρα","ἄρα"
42,11,48,"N","NPM","⸂μάρτυρές","μάρτυρές","μάρτυρες","μάρτυς"
42,11,48,"V","2PAI-P","ἐστε⸃","ἐστε","ἐστέ","εἰμί"
42,11,48,"C",NULL,"καὶ","καὶ","καί","καί"
42,11,48,"V","2PAI-P","συνευδοκεῖτε","συνευδοκεῖτε","συνευδοκεῖτε","συνευδοκέω"
42,11,48,"RA","DPN","τοῖς","τοῖς","τοῖς","ὁ"
42,11,48,"N","DPN","ἔργοις","ἔργοις","ἔργοις","ἔργον"
42,11,48,"RA","GPM","τῶν","τῶν","τῶν","ὁ"
42,11,48,"N","GPM","πατέρων","πατέρων","πατέρων","πατήρ"
42,11,48,"RP","GP","ὑμῶν,","ὑμῶν","ὑμῶν","σύ"
42,11,48,"C",NULL,"ὅτι","ὅτι","ὅτι","ὅτι"
42,11,48,"RP","NPM","αὐτοὶ","αὐτοὶ","αὐτοί","αὐτός"
42,11,48,"C",NULL,"μὲν","μὲν","μέν","μέν"
42,11,48,"V","3AAI-P","ἀπέκτειναν","ἀπέκτειναν","ἀπέκτειναν","ἀποκτείνω"
42,11,48,"RP","APM","αὐτοὺς","αὐτοὺς","αὐτούς","αὐτός"
42,11,48,"RP","NP","ὑμεῖς","ὑμεῖς","ὑμεῖς","σύ"
42,11,48,"C",NULL,"δὲ","δὲ","δέ","δέ"
42,11,48,"V","2PAI-P","⸀οἰκοδομεῖτε.","οἰκοδομεῖτε","οἰκοδομεῖτε","οἰκοδομέω"
42,11,49,"P",NULL,"διὰ","διὰ","διά","διά"
42,11,49,"RD","ASN","τοῦτο","τοῦτο","τοῦτο","οὗτος"
42,11,49,"D",NULL,"καὶ","καὶ","καί","καί"
42,11,49,"RA","NSF","ἡ","ἡ","ἡ","ὁ"
42,11,49,"N","NSF","σοφία","σοφία","σοφία","σοφία"
42,11,49,"RA","GSM","τοῦ","τοῦ","τοῦ","ὁ"
42,11,49,"N","GSM","θεοῦ","θεοῦ","θεοῦ","θεός"
42,11,49,"V","3AAI-S","εἶπεν·","εἶπεν","εἶπε(ν)","λέγω"
42,11,49,"V","1FAI-S","Ἀποστελῶ","Ἀποστελῶ","ἀποστελῶ","ἀποστέλλω"
42,11,49,"P",NULL,"εἰς","εἰς","εἰς","εἰς"
42,11,49,"RP","APM","αὐτοὺς","αὐτοὺς","αὐτούς","αὐτός"
42,11,49,"N","APM","προφήτας","προφήτας","προφήτας","προφήτης"
42,11,49,"C",NULL,"καὶ","καὶ","καί","καί"
42,11,49,"N","APM","ἀποστόλους,","ἀποστόλους","ἀποστόλους","ἀπόστολος"
42,11,49,"C",NULL,"καὶ","καὶ","καί","καί"
42,11,49,"P",NULL,"ἐξ","ἐξ","ἐκ","ἐκ"
42,11,49,"RP","GPM","αὐτῶν","αὐτῶν","αὐτῶν","αὐτός"
42,11,49,"V","3FAI-P","ἀποκτενοῦσιν","ἀποκτενοῦσιν","ἀποκτενοῦσι(ν)","ἀποκτείνω"
42,11,49,"C",NULL,"καὶ","καὶ","καί","καί"
42,11,49,"V","3FAI-P","⸀διώξουσιν,","διώξουσιν","διώξουσι(ν)","διώκω"
42,11,50,"C",NULL,"ἵνα","ἵνα","ἵνα","ἵνα"
42,11,50,"V","3APS-S","ἐκζητηθῇ","ἐκζητηθῇ","ἐκζητηθῇ","ἐκζητέω"
42,11,50,"RA","NSN","τὸ","τὸ","τό","ὁ"
42,11,50,"N","NSN","αἷμα","αἷμα","αἷμα","αἷμα"
42,11,50,"A","GPM","πάντων","πάντων","πάντων","πᾶς"
42,11,50,"RA","GPM","τῶν","τῶν","τῶν","ὁ"
42,11,50,"N","GPM","προφητῶν","προφητῶν","προφητῶν","προφήτης"
42,11,50,"RA","NSN","τὸ","τὸ","τό","ὁ"
42,11,50,"V","XPPNSN","ἐκκεχυμένον","ἐκκεχυμένον","ἐκκεχυμένον","ἐκχέω"
42,11,50,"P",NULL,"ἀπὸ","ἀπὸ","ἀπό","ἀπό"
42,11,50,"N","GSF","καταβολῆς","καταβολῆς","καταβολῆς","καταβολή"
42,11,50,"N","GSM","κόσμου","κόσμου","κόσμου","κόσμος"
42,11,50,"P",NULL,"ἀπὸ","ἀπὸ","ἀπό","ἀπό"
42,11,50,"RA","GSF","τῆς","τῆς","τῆς","ὁ"
42,11,50,"N","GSF","γενεᾶς","γενεᾶς","γενεᾶς","γενεά"
42,11,50,"RD","GSF","ταύτης,","ταύτης","ταύτης","οὗτος"
42,11,51,"P",NULL,"⸀ἀπὸ","ἀπὸ","ἀπό","ἀπό"
42,11,51,"N","GSN","αἵματος","αἵματος","αἵματος","αἷμα"
42,11,51,"N","GSM","Ἅβελ","Ἅβελ","Ἅβελ","Ἅβελ"
42,11,51,"P",NULL,"⸀ἕως","ἕως","ἕως","ἕως"
42,11,51,"N","GSN","αἵματος","αἵματος","αἵματος","αἷμα"
42,11,51,"N","GSM","Ζαχαρίου","Ζαχαρίου","Ζαχαρίου","Ζαχαρίας"
42,11,51,"RA","GSM","τοῦ","τοῦ","τοῦ","ὁ"
42,11,51,"V","AMPGSM","ἀπολομένου","ἀπολομένου","ἀπολομένου","ἀπόλλυμι"
42,11,51,"P",NULL,"μεταξὺ","μεταξὺ","μεταξύ","μεταξύ"
42,11,51,"RA","GSN","τοῦ","τοῦ","τοῦ","ὁ"
42,11,51,"N","GSN","θυσιαστηρίου","θυσιαστηρίου","θυσιαστηρίου","θυσιαστήριον"
42,11,51,"C",NULL,"καὶ","καὶ","καί","καί"
42,11,51,"RA","GSM","τοῦ","τοῦ","τοῦ","ὁ"
42,11,51,"N","GSM","οἴκου·","οἴκου","οἴκου","οἶκος"
42,11,51,"X",NULL,"ναί,","ναί","ναί","ναί"
42,11,51,"V","1PAI-S","λέγω","λέγω","λέγω","λέγω"
42,11,51,"RP","DP","ὑμῖν,","ὑμῖν","ὑμῖν","σύ"
42,11,51,"V","3FPI-S","ἐκζητηθήσεται","ἐκζητηθήσεται","ἐκζητηθήσεται","ἐκζητέω"
42,11,51,"P",NULL,"ἀπὸ","ἀπὸ","ἀπό","ἀπό"
42,11,51,"RA","GSF","τῆς","τῆς","τῆς","ὁ"
42,11,51,"N","GSF","γενεᾶς","γενεᾶς","γενεᾶς","γενεά"
42,11,51,"RD","GSF","ταύτης.","ταύτης","ταύτης","οὗτος"
42,11,52,"X",NULL,"οὐαὶ","οὐαὶ","οὐαί","οὐαί"
42,11,52,"RP","DP","ὑμῖν","ὑμῖν","ὑμῖν","σύ"
42,11,52,"RA","DPM","τοῖς","τοῖς","τοῖς","ὁ"
42,11,52,"A","DPM","νομικοῖς,","νομικοῖς","νομικοῖς","νομικός"
42,11,52,"C",NULL,"ὅτι","ὅτι","ὅτι","ὅτι"
42,11,52,"V","2AAI-P","ἤρατε","ἤρατε","ἤρατε","αἴρω"
42,11,52,"RA","ASF","τὴν","τὴν","τήν","ὁ"
42,11,52,"N","ASF","κλεῖδα","κλεῖδα","κλεῖδα","κλείς"
42,11,52,"RA","GSF","τῆς","τῆς","τῆς","ὁ"
42,11,52,"N","GSF","γνώσεως·","γνώσεως","γνώσεως","γνῶσις"
42,11,52,"RP","NPM","αὐτοὶ","αὐτοὶ","αὐτοί","αὐτός"
42,11,52,"D",NULL,"οὐκ","οὐκ","οὐ","οὐ"
42,11,52,"V","2AAI-P","εἰσήλθατε","εἰσήλθατε","εἰσήλθατε","εἰσέρχομαι"
42,11,52,"C",NULL,"καὶ","καὶ","καί","καί"
42,11,52,"RA","APM","τοὺς","τοὺς","τούς","ὁ"
42,11,52,"V","PMPAPM","εἰσερχομένους","εἰσερχομένους","εἰσερχομένους","εἰσέρχομαι"
42,11,52,"V","2AAI-P","ἐκωλύσατε.","ἐκωλύσατε","ἐκωλύσατε","κωλύω"
42,11,53,"C",NULL,"⸂Κἀκεῖθεν","Κἀκεῖθεν","κἀκεῖθεν","κἀκεῖθεν"
42,11,53,"V","AAPGSM","ἐξελθόντος","ἐξελθόντος","ἐξελθόντος","ἐξέρχομαι"
42,11,53,"RP","GSM","αὐτοῦ⸃","αὐτοῦ","αὐτοῦ","αὐτός"
42,11,53,"V","3AMI-P","ἤρξαντο","ἤρξαντο","ἤρξαντο","ἄρχω"
42,11,53,"RA","NPM","οἱ","οἱ","οἱ","ὁ"
42,11,53,"N","NPM","γραμματεῖς","γραμματεῖς","γραμματεῖς","γραμματεύς"
42,11,53,"C",NULL,"καὶ","καὶ","καί","καί"
42,11,53,"RA","NPM","οἱ","οἱ","οἱ","ὁ"
42,11,53,"N","NPM","Φαρισαῖοι","Φαρισαῖοι","Φαρισαῖοι","Φαρισαῖος"
42,11,53,"D",NULL,"δεινῶς","δεινῶς","δεινῶς","δεινῶς"
42,11,53,"V","PAN","ἐνέχειν","ἐνέχειν","ἐνέχειν","ἐνέχω"
42,11,53,"C",NULL,"καὶ","καὶ","καί","καί"
42,11,53,"V","PAN","ἀποστοματίζειν","ἀποστοματίζειν","ἀποστοματίζειν","ἀποστοματίζω"
42,11,53,"RP","ASM","αὐτὸν","αὐτὸν","αὐτόν","αὐτός"
42,11,53,"P",NULL,"περὶ","περὶ","περί","περί"
42,11,53,"A","GPNC","πλειόνων,","πλειόνων","πλειόνων","πολύς"
42,11,54,"V","PAPNPM","ἐνεδρεύοντες","ἐνεδρεύοντες","ἐνεδρεύοντες","ἐνεδρεύω"
42,11,54,"RP","ASM","⸀αὐτὸν","αὐτὸν","αὐτόν","αὐτός"
42,11,54,"V","AAN","θηρεῦσαί","θηρεῦσαί","θηρεῦσαι","θηρεύω"
42,11,54,"RI","ASN","τι","τι","τὶ","τις"
42,11,54,"P",NULL,"ἐκ","ἐκ","ἐκ","ἐκ"
42,11,54,"RA","GSN","τοῦ","τοῦ","τοῦ","ὁ"
42,11,54,"N","GSN","στόματος","στόματος","στόματος","στόμα"
42,11,54,"RP","GSM","⸀αὐτοῦ.","αὐτοῦ","αὐτοῦ","αὐτός"
42,12,01,"P",NULL,"Ἐν","Ἐν","ἐν","ἐν"
42,12,01,"RR","DPN","οἷς","οἷς","οἷς","ὅς"
42,12,01,"V","APPGPF","ἐπισυναχθεισῶν","ἐπισυναχθεισῶν","ἐπισυναχθεισῶν","ἐπισυνάγω"
42,12,01,"RA","GPF","τῶν","τῶν","τῶν","ὁ"
42,12,01,"N","GPF","μυριάδων","μυριάδων","μυριάδων","μυριάς"
42,12,01,"RA","GSM","τοῦ","τοῦ","τοῦ","ὁ"
42,12,01,"N","GSM","ὄχλου,","ὄχλου","ὄχλου","ὄχλος"
42,12,01,"C",NULL,"ὥστε","ὥστε","ὥστε","ὥστε"
42,12,01,"V","PAN","καταπατεῖν","καταπατεῖν","καταπατεῖν","καταπατέω"
42,12,01,"RP","APM","ἀλλήλους,","ἀλλήλους","ἀλλήλους","ἀλλήλων"
42,12,01,"V","3AMI-S","ἤρξατο","ἤρξατο","ἤρξατο","ἄρχω"
42,12,01,"V","PAN","λέγειν","λέγειν","λέγειν","λέγω"
42,12,01,"P",NULL,"πρὸς","πρὸς","πρός","πρός"
42,12,01,"RA","APM","τοὺς","τοὺς","τούς","ὁ"
42,12,01,"N","APM","μαθητὰς","μαθητὰς","μαθητάς","μαθητής"
42,12,01,"RP","GSM","αὐτοῦ","αὐτοῦ","αὐτοῦ","αὐτός"
42,12,01,"A","ASN","πρῶτον·","πρῶτον","πρῶτον","πρῶτος"
42,12,01,"V","2PAD-P","Προσέχετε","Προσέχετε","προσέχετε","προσέχω"
42,12,01,"RP","DPM","ἑαυτοῖς","ἑαυτοῖς","ἑαυτοῖς","ἑαυτοῦ"
42,12,01,"P",NULL,"ἀπὸ","ἀπὸ","ἀπό","ἀπό"
42,12,01,"RA","GSF","τῆς","τῆς","τῆς","ὁ"
42,12,01,"N","GSF","ζύμης,","ζύμης","ζύμης","ζύμη"
42,12,01,"RR","NSF","⸂ἥτις","ἥτις","ἥτις","ὅστις"
42,12,01,"V","3PAI-S","ἐστὶν","ἐστὶν","ἐστί(ν)","εἰμί"
42,12,01,"N","NSF","ὑπόκρισις,","ὑπόκρισις","ὑπόκρισις","ὑπόκρισις"
42,12,01,"RA","GPM","τῶν","τῶν","τῶν","ὁ"
42,12,01,"N","GPM","Φαρισαίων⸃.","Φαρισαίων","Φαρισαίων","Φαρισαῖος"
42,12,02,"A","NSN","οὐδὲν","οὐδὲν","οὐδέν","οὐδείς"
42,12,02,"C",NULL,"δὲ","δὲ","δέ","δέ"
42,12,02,"V","XPPNSN","συγκεκαλυμμένον","συγκεκαλυμμένον","συγκεκαλυμμένον","συγκαλύπτω"
42,12,02,"V","3PAI-S","ἐστὶν","ἐστὶν","ἐστί(ν)","εἰμί"
42,12,02,"RR","NSN","ὃ","ὃ","ὅ","ὅς"
42,12,02,"D",NULL,"οὐκ","οὐκ","οὐ","οὐ"
42,12,02,"V","3FPI-S","ἀποκαλυφθήσεται,","ἀποκαλυφθήσεται","ἀποκαλυφθήσεται","ἀποκαλύπτω"
42,12,02,"C",NULL,"καὶ","καὶ","καί","καί"
42,12,02,"A","NSN","κρυπτὸν","κρυπτὸν","κρυπτόν","κρυπτός"
42,12,02,"RR","NSN","ὃ","ὃ","ὅ","ὅς"
42,12,02,"D",NULL,"οὐ","οὐ","οὐ","οὐ"
42,12,02,"V","3FPI-S","γνωσθήσεται.","γνωσθήσεται","γνωσθήσεται","γινώσκω"
42,12,03,"P",NULL,"ἀνθ’","ἀνθ’","ἀντί","ἀντί"
42,12,03,"RR","GPN","ὧν","ὧν","ὧν","ὅς"
42,12,03,"RR","APN","ὅσα","ὅσα","ὅσα","ὅσος"
42,12,03,"P",NULL,"ἐν","ἐν","ἐν","ἐν"
42,12,03,"RA","DSF","τῇ","τῇ","τῇ","ὁ"
42,12,03,"N","DSF","σκοτίᾳ","σκοτίᾳ","σκοτίᾳ","σκοτία"
42,12,03,"V","2AAI-P","εἴπατε","εἴπατε","εἴπατε","λέγω"
42,12,03,"P",NULL,"ἐν","ἐν","ἐν","ἐν"
42,12,03,"RA","DSN","τῷ","τῷ","τῷ","ὁ"
42,12,03,"N","DSN","φωτὶ","φωτὶ","φωτί","φῶς"
42,12,03,"V","3FPI-S","ἀκουσθήσεται,","ἀκουσθήσεται","ἀκουσθήσεται","ἀκούω"
42,12,03,"C",NULL,"καὶ","καὶ","καί","καί"
42,12,03,"RR","ASN","ὃ","ὃ","ὅ","ὅς"
42,12,03,"P",NULL,"πρὸς","πρὸς","πρός","πρός"
42,12,03,"RA","ASN","τὸ","τὸ","τό","ὁ"
42,12,03,"N","ASN","οὖς","οὖς","οὖς","οὖς"
42,12,03,"V","2AAI-P","ἐλαλήσατε","ἐλαλήσατε","ἐλαλήσατε","λαλέω"
42,12,03,"P",NULL,"ἐν","ἐν","ἐν","ἐν"
42,12,03,"RA","DPN","τοῖς","τοῖς","τοῖς","ὁ"
42,12,03,"N","DPN","ταμείοις","ταμείοις","ταμείοις","ταμεῖον"
42,12,03,"V","3FPI-S","κηρυχθήσεται","κηρυχθήσεται","κηρυχθήσεται","κηρύσσω"
42,12,03,"P",NULL,"ἐπὶ","ἐπὶ","ἐπί","ἐπί"
42,12,03,"RA","GPN","τῶν","τῶν","τῶν","ὁ"
42,12,03,"N","GPN","δωμάτων.","δωμάτων","δωμάτων","δῶμα"
42,12,04,"V","1PAI-S","Λέγω","Λέγω","λέγω","λέγω"
42,12,04,"C",NULL,"δὲ","δὲ","δέ","δέ"
42,12,04,"RP","DP","ὑμῖν","ὑμῖν","ὑμῖν","σύ"
42,12,04,"RA","DPM","τοῖς","τοῖς","τοῖς","ὁ"
42,12,04,"A","DPM","φίλοις","φίλοις","φίλοις","φίλος"
42,12,04,"RP","GS","μου,","μου","μου","ἐγώ"
42,12,04,"D",NULL,"μὴ","μὴ","μή","μή"
42,12,04,"V","2APS-P","φοβηθῆτε","φοβηθῆτε","φοβηθῆτε","φοβέομαι"
42,12,04,"P",NULL,"ἀπὸ","ἀπὸ","ἀπό","ἀπό"
42,12,04,"RA","GPM","τῶν","τῶν","τῶν","ὁ"
42,12,04,"V","PAPGPM","ἀποκτεινόντων","ἀποκτεινόντων","ἀποκτεινόντων","ἀποκτείνω"
42,12,04,"RA","ASN","τὸ","τὸ","τό","ὁ"
42,12,04,"N","ASN","σῶμα","σῶμα","σῶμα","σῶμα"
42,12,04,"C",NULL,"καὶ","καὶ","καί","καί"
42,12,04,"P",NULL,"μετὰ","μετὰ","μετά","μετά"
42,12,04,"RD","APN","ταῦτα","ταῦτα","ταῦτα","οὗτος"
42,12,04,"D",NULL,"μὴ","μὴ","μή","μή"
42,12,04,"V","PAPGPM","ἐχόντων","ἐχόντων","ἐχόντων","ἔχω"
42,12,04,"A","ASNC","περισσότερόν","περισσότερόν","περισσότερον","περισσότερος"
42,12,04,"RI","ASN","τι","τι","τὶ","τις"
42,12,04,"V","AAN","ποιῆσαι.","ποιῆσαι","ποιῆσαι","ποιέω"
42,12,05,"V","1FAI-S","ὑποδείξω","ὑποδείξω","ὑποδείξω","ὑποδείκνυμι"
42,12,05,"C",NULL,"δὲ","δὲ","δέ","δέ"
42,12,05,"RP","DP","ὑμῖν","ὑμῖν","ὑμῖν","σύ"
42,12,05,"RI","ASM","τίνα","τίνα","τίνα","τίς"
42,12,05,"V","2APS-P","φοβηθῆτε·","φοβηθῆτε","φοβηθῆτε","φοβέομαι"
42,12,05,"V","2APD-P","φοβήθητε","φοβήθητε","φοβήθητε","φοβέομαι"
42,12,05,"RA","ASM","τὸν","τὸν","τόν","ὁ"
42,12,05,"P",NULL,"μετὰ","μετὰ","μετά","μετά"
42,12,05,"RA","ASN","τὸ","τὸ","τό","ὁ"
42,12,05,"V","AAN","ἀποκτεῖναι","ἀποκτεῖναι","ἀποκτεῖναι","ἀποκτείνω"
42,12,05,"V","PAPASM","⸂ἔχοντα","ἔχοντα","ἔχοντα","ἔχω"
42,12,05,"N","ASF","ἐξουσίαν⸃","ἐξουσίαν","ἐξουσίαν","ἐξουσία"
42,12,05,"V","AAN","ἐμβαλεῖν","ἐμβαλεῖν","ἐμβαλεῖν","ἐμβάλλω"
42,12,05,"P",NULL,"εἰς","εἰς","εἰς","εἰς"
42,12,05,"RA","ASF","τὴν","τὴν","τήν","ὁ"
42,12,05,"N","ASF","γέενναν·","γέενναν","γέενναν","γέεννα"
42,12,05,"X",NULL,"ναί,","ναί","ναί","ναί"
42,12,05,"V","1PAI-S","λέγω","λέγω","λέγω","λέγω"
42,12,05,"RP","DP","ὑμῖν,","ὑμῖν","ὑμῖν","σύ"
42,12,05,"RD","ASM","τοῦτον","τοῦτον","τοῦτον","οὗτος"
42,12,05,"V","2APD-P","φοβήθητε.","φοβήθητε","φοβήθητε","φοβέομαι"
42,12,06,"X",NULL,"οὐχὶ","οὐχὶ","οὐχί","οὐχί"
42,12,06,"A","NPN","πέντε","πέντε","πέντε","πέντε"
42,12,06,"N","NPN","στρουθία","στρουθία","στρουθία","στρουθίον"
42,12,06,"V","3PPI-P","⸀πωλοῦνται","πωλοῦνται","πωλοῦνται","πωλέω"
42,12,06,"N","GPN","ἀσσαρίων","ἀσσαρίων","ἀσσαρίων","ἀσσάριον"
42,12,06,"A","GPN","δύο;","δύο","δύο","δύο"
42,12,06,"C",NULL,"καὶ","καὶ","καί","καί"
42,12,06,"A","NSN","ἓν","ἓν","ἕν","εἷς"
42,12,06,"P",NULL,"ἐξ","ἐξ","ἐκ","ἐκ"
42,12,06,"RP","GPN","αὐτῶν","αὐτῶν","αὐτῶν","αὐτός"
42,12,06,"D",NULL,"οὐκ","οὐκ","οὐ","οὐ"
42,12,06,"V","3PAI-S","ἔστιν","ἔστιν","ἐστί(ν)","εἰμί"
42,12,06,"V","XPPNSN","ἐπιλελησμένον","ἐπιλελησμένον","ἐπιλελησμένον","ἐπιλανθάνομαι"
42,12,06,"P",NULL,"ἐνώπιον","ἐνώπιον","ἐνώπιον","ἐνώπιον"
42,12,06,"RA","GSM","τοῦ","τοῦ","τοῦ","ὁ"
42,12,06,"N","GSM","θεοῦ.","θεοῦ","θεοῦ","θεός"
42,12,07,"C",NULL,"ἀλλὰ","ἀλλὰ","ἀλλά","ἀλλά"
42,12,07,"D",NULL,"καὶ","καὶ","καί","καί"
42,12,07,"RA","NPF","αἱ","αἱ","αἱ","ὁ"
42,12,07,"N","NPF","τρίχες","τρίχες","τρίχες","θρίξ"
42,12,07,"RA","GSF","τῆς","τῆς","τῆς","ὁ"
42,12,07,"N","GSF","κεφαλῆς","κεφαλῆς","κεφαλῆς","κεφαλή"
42,12,07,"RP","GP","ὑμῶν","ὑμῶν","ὑμῶν","σύ"
42,12,07,"A","NPF","πᾶσαι","πᾶσαι","πᾶσαι","πᾶς"
42,12,07,"V","3XPI-P","ἠρίθμηνται·","ἠρίθμηνται","ἠρίθμηνται","ἀριθμέω"
42,12,07,"D",NULL,"⸀μὴ","μὴ","μή","μή"
42,12,07,"V","2PMD-P","φοβεῖσθε·","φοβεῖσθε","φοβεῖσθε","φοβέομαι"
42,12,07,"A","GPN","πολλῶν","πολλῶν","πολλῶν","πολύς"
42,12,07,"N","GPN","στρουθίων","στρουθίων","στρουθίων","στρουθίον"
42,12,07,"V","2PAI-P","διαφέρετε.","διαφέρετε","διαφέρετε","διαφέρω"
42,12,08,"V","1PAI-S","Λέγω","Λέγω","λέγω","λέγω"
42,12,08,"C",NULL,"δὲ","δὲ","δέ","δέ"
42,12,08,"RP","DP","ὑμῖν,","ὑμῖν","ὑμῖν","σύ"
42,12,08,"A","NSM","πᾶς","πᾶς","πᾶς","πᾶς"
42,12,08,"RR","NSM","ὃς","ὃς","ὅς","ὅς"
42,12,08,"X",NULL,"ἂν","ἂν","ἄν","ἄν"
42,12,08,"V","3AAS-S","⸀ὁμολογήσῃ","ὁμολογήσῃ","ὁμολογήσῃ","ὁμολογέω"
42,12,08,"P",NULL,"ἐν","ἐν","ἐν","ἐν"
42,12,08,"RP","DS","ἐμοὶ","ἐμοὶ","ἐμοί","ἐγώ"
42,12,08,"P",NULL,"ἔμπροσθεν","ἔμπροσθεν","ἔμπροσθεν","ἔμπροσθεν"
42,12,08,"RA","GPM","τῶν","τῶν","τῶν","ὁ"
42,12,08,"N","GPM","ἀνθρώπων,","ἀνθρώπων","ἀνθρώπων","ἄνθρωπος"
42,12,08,"D",NULL,"καὶ","καὶ","καί","καί"
42,12,08,"RA","NSM","ὁ","ὁ","ὁ","ὁ"
42,12,08,"N","NSM","υἱὸς","υἱὸς","υἱός","υἱός"
42,12,08,"RA","GSM","τοῦ","τοῦ","τοῦ","ὁ"
42,12,08,"N","GSM","ἀνθρώπου","ἀνθρώπου","ἀνθρώπου","ἄνθρωπος"
42,12,08,"V","3FAI-S","ὁμολογήσει","ὁμολογήσει","ὁμολογήσει","ὁμολογέω"
42,12,08,"P",NULL,"ἐν","ἐν","ἐν","ἐν"
42,12,08,"RP","DSM","αὐτῷ","αὐτῷ","αὐτῷ","αὐτός"
42,12,08,"P",NULL,"ἔμπροσθεν","ἔμπροσθεν","ἔμπροσθεν","ἔμπροσθεν"
42,12,08,"RA","GPM","τῶν","τῶν","τῶν","ὁ"
42,12,08,"N","GPM","ἀγγέλων","ἀγγέλων","ἀγγέλων","ἄγγελος"
42,12,08,"RA","GSM","τοῦ","τοῦ","τοῦ","ὁ"
42,12,08,"N","GSM","θεοῦ·","θεοῦ","θεοῦ","θεός"
42,12,09,"RA","NSM","ὁ","ὁ","ὁ","ὁ"
42,12,09,"C",NULL,"δὲ","δὲ","δέ","δέ"
42,12,09,"V","AMPNSM","ἀρνησάμενός","ἀρνησάμενός","ἀρνησάμενος","ἀρνέομαι"
42,12,09,"RP","AS","με","με","με","ἐγώ"
42,12,09,"P",NULL,"ἐνώπιον","ἐνώπιον","ἐνώπιον","ἐνώπιον"
42,12,09,"RA","GPM","τῶν","τῶν","τῶν","ὁ"
42,12,09,"N","GPM","ἀνθρώπων","ἀνθρώπων","ἀνθρώπων","ἄνθρωπος"
42,12,09,"V","3FPI-S","ἀπαρνηθήσεται","ἀπαρνηθήσεται","ἀπαρνηθήσεται","ἀπαρνέομαι"
42,12,09,"P",NULL,"ἐνώπιον","ἐνώπιον","ἐνώπιον","ἐνώπιον"
42,12,09,"RA","GPM","τῶν","τῶν","τῶν","ὁ"
42,12,09,"N","GPM","ἀγγέλων","ἀγγέλων","ἀγγέλων","ἄγγελος"
42,12,09,"RA","GSM","τοῦ","τοῦ","τοῦ","ὁ"
42,12,09,"N","GSM","θεοῦ.","θεοῦ","θεοῦ","θεός"
42,12,10,"C",NULL,"καὶ","καὶ","καί","καί"
42,12,10,"A","NSM","πᾶς","πᾶς","πᾶς","πᾶς"
42,12,10,"RR","NSM","ὃς","ὃς","ὅς","ὅς"
42,12,10,"V","3FAI-S","ἐρεῖ","ἐρεῖ","ἐρεῖ","λέγω"
42,12,10,"N","ASM","λόγον","λόγον","λόγον","λόγος"
42,12,10,"P",NULL,"εἰς","εἰς","εἰς","εἰς"
42,12,10,"RA","ASM","τὸν","τὸν","τόν","ὁ"
42,12,10,"N","ASM","υἱὸν","υἱὸν","υἱόν","υἱός"
42,12,10,"RA","GSM","τοῦ","τοῦ","τοῦ","ὁ"
42,12,10,"N","GSM","ἀνθρώπου,","ἀνθρώπου","ἀνθρώπου","ἄνθρωπος"
42,12,10,"V","3FPI-S","ἀφεθήσεται","ἀφεθήσεται","ἀφεθήσεται","ἀφίημι"
42,12,10,"RP","DSM","αὐτῷ","αὐτῷ","αὐτῷ","αὐτός"
42,12,10,"RA","DSM","τῷ","τῷ","τῷ","ὁ"
42,12,10,"C",NULL,"δὲ","δὲ","δέ","δέ"
42,12,10,"P",NULL,"εἰς","εἰς","εἰς","εἰς"
42,12,10,"RA","ASN","τὸ","τὸ","τό","ὁ"
42,12,10,"A","ASN","ἅγιον","ἅγιον","ἅγιον","ἅγιος"
42,12,10,"N","ASN","πνεῦμα","πνεῦμα","πνεῦμα","πνεῦμα"
42,12,10,"V","AAPDSM","βλασφημήσαντι","βλασφημήσαντι","βλασφημήσαντι","βλασφημέω"
42,12,10,"D",NULL,"οὐκ","οὐκ","οὐ","οὐ"
42,12,10,"V","3FPI-S","ἀφεθήσεται.","ἀφεθήσεται","ἀφεθήσεται","ἀφίημι"
42,12,11,"C",NULL,"ὅταν","ὅταν","ὅταν","ὅταν"
42,12,11,"C",NULL,"δὲ","δὲ","δέ","δέ"
42,12,11,"V","3PAS-P","⸀εἰσφέρωσιν","εἰσφέρωσιν","εἰσφέρωσι(ν)","εἰσφέρω"
42,12,11,"RP","AP","ὑμᾶς","ὑμᾶς","ὑμᾶς","σύ"
42,12,11,"P",NULL,"ἐπὶ","ἐπὶ","ἐπί","ἐπί"
42,12,11,"RA","APF","τὰς","τὰς","τάς","ὁ"
42,12,11,"N","APF","συναγωγὰς","συναγωγὰς","συναγωγάς","συναγωγή"
42,12,11,"C",NULL,"καὶ","καὶ","καί","καί"
42,12,11,"RA","APF","τὰς","τὰς","τάς","ὁ"
42,12,11,"N","APF","ἀρχὰς","ἀρχὰς","ἀρχάς","ἀρχή"
42,12,11,"C",NULL,"καὶ","καὶ","καί","καί"
42,12,11,"RA","APF","τὰς","τὰς","τάς","ὁ"
42,12,11,"N","APF","ἐξουσίας,","ἐξουσίας","ἐξουσίας","ἐξουσία"
42,12,11,"D",NULL,"μὴ","μὴ","μή","μή"
42,12,11,"V","2AAS-P","⸀μεριμνήσητε","μεριμνήσητε","μεριμνήσητε","μεριμνάω"
42,12,11,"D",NULL,"πῶς","πῶς","πῶς","πῶς"
42,12,11,"C",NULL,"⸂ἢ","ἢ","ἤ","ἤ"
42,12,11,"RI","ASN","τί⸃","τί","τί","τίς"
42,12,11,"V","2AMS-P","ἀπολογήσησθε","ἀπολογήσησθε","ἀπολογήσησθε","ἀπολογέομαι"
42,12,11,"C",NULL,"ἢ","ἢ","ἤ","ἤ"
42,12,11,"RI","ASN","τί","τί","τί","τίς"
42,12,11,"V","2AAS-P","εἴπητε·","εἴπητε","εἴπητε","λέγω"
42,12,12,"RA","NSN","τὸ","τὸ","τό","ὁ"
42,12,12,"C",NULL,"γὰρ","γὰρ","γάρ","γάρ"
42,12,12,"A","NSN","ἅγιον","ἅγιον","ἅγιον","ἅγιος"
42,12,12,"N","NSN","πνεῦμα","πνεῦμα","πνεῦμα","πνεῦμα"
42,12,12,"V","3FAI-S","διδάξει","διδάξει","διδάξει","διδάσκω"
42,12,12,"RP","AP","ὑμᾶς","ὑμᾶς","ὑμᾶς","σύ"
42,12,12,"P",NULL,"ἐν","ἐν","ἐν","ἐν"
42,12,12,"RP","DSF","αὐτῇ","αὐτῇ","αὐτῇ","αὐτός"
42,12,12,"RA","DSF","τῇ","τῇ","τῇ","ὁ"
42,12,12,"N","DSF","ὥρᾳ","ὥρᾳ","ὥρᾳ","ὥρα"
42,12,12,"RR","APN","ἃ","ἃ","ἅ","ὅς"
42,12,12,"V","3PAI-S","δεῖ","δεῖ","δεῖ","δέω"
42,12,12,"V","AAN","εἰπεῖν.","εἰπεῖν","εἰπεῖν","λέγω"
42,12,13,"V","3AAI-S","Εἶπεν","Εἶπεν","εἶπε(ν)","λέγω"
42,12,13,"C",NULL,"δέ","δέ","δέ","δέ"
42,12,13,"RI","NSM","τις","τις","τὶς","τις"
42,12,13,"P",NULL,"⸂ἐκ","ἐκ","ἐκ","ἐκ"
42,12,13,"RA","GSM","τοῦ","τοῦ","τοῦ","ὁ"
42,12,13,"N","GSM","ὄχλου","ὄχλου","ὄχλου","ὄχλος"
42,12,13,"RP","DSM","αὐτῷ⸃·","αὐτῷ","αὐτῷ","αὐτός"
42,12,13,"N","VSM","Διδάσκαλε,","Διδάσκαλε","διδάσκαλε","διδάσκαλος"
42,12,13,"V","2AAD-S","εἰπὲ","εἰπὲ","εἰπέ","λέγω"
42,12,13,"RA","DSM","τῷ","τῷ","τῷ","ὁ"
42,12,13,"N","DSM","ἀδελφῷ","ἀδελφῷ","ἀδελφῷ","ἀδελφός"
42,12,13,"RP","GS","μου","μου","μου","ἐγώ"
42,12,13,"V","AMN","μερίσασθαι","μερίσασθαι","μερίσασθαι","μερίζω"
42,12,13,"P",NULL,"μετ’","μετ’","μετά","μετά"
42,12,13,"RP","GS","ἐμοῦ","ἐμοῦ","ἐμοῦ","ἐγώ"
42,12,13,"RA","ASF","τὴν","τὴν","τήν","ὁ"
42,12,13,"N","ASF","κληρονομίαν.","κληρονομίαν","κληρονομίαν","κληρονομία"
42,12,14,"RA","NSM","ὁ","ὁ","ὁ","ὁ"
42,12,14,"C",NULL,"δὲ","δὲ","δέ","δέ"
42,12,14,"V","3AAI-S","εἶπεν","εἶπεν","εἶπε(ν)","λέγω"
42,12,14,"RP","DSM","αὐτῷ·","αὐτῷ","αὐτῷ","αὐτός"
42,12,14,"N","VSM","Ἄνθρωπε,","Ἄνθρωπε","ἄνθρωπε","ἄνθρωπος"
42,12,14,"RI","NSM","τίς","τίς","τίς","τίς"
42,12,14,"RP","AS","με","με","με","ἐγώ"
42,12,14,"V","3AAI-S","κατέστησεν","κατέστησεν","κατέστησε(ν)","καθίστημι"
42,12,14,"N","ASM","⸀κριτὴν","κριτὴν","κριτήν","κριτής"
42,12,14,"C",NULL,"ἢ","ἢ","ἤ","ἤ"
42,12,14,"N","ASM","μεριστὴν","μεριστὴν","μεριστήν","μεριστής"
42,12,14,"P",NULL,"ἐφ’","ἐφ’","ἐπί","ἐπί"
42,12,14,"RP","AP","ὑμᾶς;","ὑμᾶς","ὑμᾶς","σύ"
42,12,15,"V","3AAI-S","εἶπεν","εἶπεν","εἶπε(ν)","λέγω"
42,12,15,"C",NULL,"δὲ","δὲ","δέ","δέ"
42,12,15,"P",NULL,"πρὸς","πρὸς","πρός","πρός"
42,12,15,"RP","APM","αὐτούς·","αὐτούς","αὐτούς","αὐτός"
42,12,15,"V","2PAD-P","Ὁρᾶτε","Ὁρᾶτε","ὁρᾶτε","ὁράω"
42,12,15,"C",NULL,"καὶ","καὶ","καί","καί"
42,12,15,"V","2PMD-P","φυλάσσεσθε","φυλάσσεσθε","φυλάσσεσθε","φυλάσσω"
42,12,15,"P",NULL,"ἀπὸ","ἀπὸ","ἀπό","ἀπό"
42,12,15,"A","GSF","⸀πάσης","πάσης","πάσης","πᾶς"
42,12,15,"N","GSF","πλεονεξίας,","πλεονεξίας","πλεονεξίας","πλεονεξία"
42,12,15,"C",NULL,"ὅτι","ὅτι","ὅτι","ὅτι"
42,12,15,"D",NULL,"οὐκ","οὐκ","οὐ","οὐ"
42,12,15,"P",NULL,"ἐν","ἐν","ἐν","ἐν"
42,12,15,"RA","DSN","τῷ","τῷ","τῷ","ὁ"
42,12,15,"V","PAN","περισσεύειν","περισσεύειν","περισσεύειν","περισσεύω"
42,12,15,"RI","DSM","τινὶ","τινὶ","τινί","τις"
42,12,15,"RA","NSF","ἡ","ἡ","ἡ","ὁ"
42,12,15,"N","NSF","ζωὴ","ζωὴ","ζωή","ζωή"
42,12,15,"RP","GSM","⸀αὐτοῦ","αὐτοῦ","αὐτοῦ","αὐτός"
42,12,15,"V","3PAI-S","ἐστιν","ἐστιν","ἐστί(ν)","εἰμί"
42,12,15,"P",NULL,"ἐκ","ἐκ","ἐκ","ἐκ"
42,12,15,"RA","GPN","τῶν","τῶν","τῶν","ὁ"
42,12,15,"V","PAPGPN","ὑπαρχόντων","ὑπαρχόντων","ὑπαρχόντων","ὑπάρχω"
42,12,15,"RP","DSM","⸀αὐτῷ.","αὐτῷ","αὐτῷ","αὐτός"
42,12,16,"V","3AAI-S","εἶπεν","εἶπεν","εἶπε(ν)","λέγω"
42,12,16,"C",NULL,"δὲ","δὲ","δέ","δέ"
42,12,16,"N","ASF","παραβολὴν","παραβολὴν","παραβολήν","παραβολή"
42,12,16,"P",NULL,"πρὸς","πρὸς","πρός","πρός"
42,12,16,"RP","APM","αὐτοὺς","αὐτοὺς","αὐτούς","αὐτός"
42,12,16,"V","PAPNSM","λέγων·","λέγων","λέγων","λέγω"
42,12,16,"N","GSM","Ἀνθρώπου","Ἀνθρώπου","ἀνθρώπου","ἄνθρωπος"
42,12,16,"RI","GSM","τινὸς","τινὸς","τινός","τις"
42,12,16,"A","GSM","πλουσίου","πλουσίου","πλουσίου","πλούσιος"
42,12,16,"V","3AAI-S","εὐφόρησεν","εὐφόρησεν","εὐφόρησε(ν)","εὐφορέω"
42,12,16,"RA","NSF","ἡ","ἡ","ἡ","ὁ"
42,12,16,"N","NSF","χώρα.","χώρα","χώρα","χώρα"
42,12,17,"C",NULL,"καὶ","καὶ","καί","καί"
42,12,17,"V","3IMI-S","διελογίζετο","διελογίζετο","διελογίζετο","διαλογίζομαι"
42,12,17,"P",NULL,"ἐν","ἐν","ἐν","ἐν"
42,12,17,"RP","DSM","⸀ἑαυτῷ","ἑαυτῷ","ἑαυτῷ","ἑαυτοῦ"
42,12,17,"V","PAPNSM","λέγων·","λέγων","λέγων","λέγω"
42,12,17,"RI","ASN","Τί","Τί","τί","τίς"
42,12,17,"V","1AAS-S","ποιήσω,","ποιήσω","ποιήσω","ποιέω"
42,12,17,"C",NULL,"ὅτι","ὅτι","ὅτι","ὅτι"
42,12,17,"D",NULL,"οὐκ","οὐκ","οὐ","οὐ"
42,12,17,"V","1PAI-S","ἔχω","ἔχω","ἔχω","ἔχω"
42,12,17,"D",NULL,"ποῦ","ποῦ","ποῦ","ποῦ"
42,12,17,"V","1FAI-S","συνάξω","συνάξω","συνάξω","συνάγω"
42,12,17,"RA","APM","τοὺς","τοὺς","τούς","ὁ"
42,12,17,"N","APM","καρπούς","καρπούς","καρπούς","καρπός"
42,12,17,"RP","GS","μου;","μου","μου","ἐγώ"
42,12,18,"C",NULL,"καὶ","καὶ","καί","καί"
42,12,18,"V","3AAI-S","εἶπεν·","εἶπεν","εἶπε(ν)","λέγω"
42,12,18,"RD","ASN","Τοῦτο","Τοῦτο","τοῦτο","οὗτος"
42,12,18,"V","1FAI-S","ποιήσω·","ποιήσω","ποιήσω","ποιέω"
42,12,18,"V","1FAI-S","καθελῶ","καθελῶ","καθελῶ","καθαιρέω"
42,12,18,"RP","GS","μου","μου","μου","ἐγώ"
42,12,18,"RA","APF","τὰς","τὰς","τάς","ὁ"
42,12,18,"N","APF","ἀποθήκας","ἀποθήκας","ἀποθήκας","ἀποθήκη"
42,12,18,"C",NULL,"καὶ","καὶ","καί","καί"
42,12,18,"A","APFC","μείζονας","μείζονας","μείζονας","μέγας"
42,12,18,"V","1FAI-S","οἰκοδομήσω,","οἰκοδομήσω","οἰκοδομήσω","οἰκοδομέω"
42,12,18,"C",NULL,"καὶ","καὶ","καί","καί"
42,12,18,"V","1FAI-S","συνάξω","συνάξω","συνάξω","συνάγω"
42,12,18,"D",NULL,"ἐκεῖ","ἐκεῖ","ἐκεῖ","ἐκεῖ"
42,12,18,"A","ASM","πάντα","πάντα","πάντα","πᾶς"
42,12,18,"RA","ASM","⸂τὸν","τὸν","τόν","ὁ"
42,12,18,"N","ASM","σῖτον⸃","σῖτον","σῖτον","σῖτος"
42,12,18,"C",NULL,"καὶ","καὶ","καί","καί"
42,12,18,"RA","APN","τὰ","τὰ","τά","ὁ"
42,12,18,"A","APN","ἀγαθά","ἀγαθά","ἀγαθά","ἀγαθός"
42,12,18,"RP","GS","μου,","μου","μου","ἐγώ"
42,12,19,"C",NULL,"καὶ","καὶ","καί","καί"
42,12,19,"V","1FAI-S","ἐρῶ","ἐρῶ","ἐρῶ","λέγω"
42,12,19,"RA","DSF","τῇ","τῇ","τῇ","ὁ"
42,12,19,"N","DSF","ψυχῇ","ψυχῇ","ψυχῇ","ψυχή"
42,12,19,"RP","GS","μου·","μου","μου","ἐγώ"
42,12,19,"N","VSF","Ψυχή,","Ψυχή","ψυχή","ψυχή"
42,12,19,"V","2PAI-S","ἔχεις","ἔχεις","ἔχεις","ἔχω"
42,12,19,"A","APN","πολλὰ","πολλὰ","πολλά","πολύς"
42,12,19,"A","APN","ἀγαθὰ","ἀγαθὰ","ἀγαθά","ἀγαθός"
42,12,19,"V","PMPAPN","κείμενα","κείμενα","κείμενα","κεῖμαι"
42,12,19,"P",NULL,"εἰς","εἰς","εἰς","εἰς"
42,12,19,"N","APN","ἔτη","ἔτη","ἔτη","ἔτος"
42,12,19,"A","APN","πολλά·","πολλά","πολλά","πολύς"
42,12,19,"V","2PMD-S","ἀναπαύου,","ἀναπαύου","ἀναπαύου","ἀναπαύω"
42,12,19,"V","2AAD-S","φάγε,","φάγε","φάγε","ἐσθίω"
42,12,19,"V","2AAD-S","πίε,","πίε","πίε","πίνω"
42,12,19,"V","2PPD-S","εὐφραίνου.","εὐφραίνου","εὐφραίνου","εὐφραίνω"
42,12,20,"V","3AAI-S","εἶπεν","εἶπεν","εἶπε(ν)","λέγω"
42,12,20,"C",NULL,"δὲ","δὲ","δέ","δέ"
42,12,20,"RP","DSM","αὐτῷ","αὐτῷ","αὐτῷ","αὐτός"
42,12,20,"RA","NSM","ὁ","ὁ","ὁ","ὁ"
42,12,20,"N","NSM","θεός·","θεός","θεός","θεός"
42,12,20,"A","VSM","⸀Ἄφρων,","Ἄφρων","ἄφρων","ἄφρων"
42,12,20,"RD","DSF","ταύτῃ","ταύτῃ","ταύτῃ","οὗτος"
42,12,20,"RA","DSF","τῇ","τῇ","τῇ","ὁ"
42,12,20,"N","DSF","νυκτὶ","νυκτὶ","νυκτί","νύξ"
42,12,20,"RA","ASF","τὴν","τὴν","τήν","ὁ"
42,12,20,"N","ASF","ψυχήν","ψυχήν","ψυχήν","ψυχή"
42,12,20,"RP","GS","σου","σου","σου","σύ"
42,12,20,"V","3PAI-P","⸀ἀπαιτοῦσιν","ἀπαιτοῦσιν","ἀπαιτοῦσι(ν)","ἀπαιτέω"
42,12,20,"P",NULL,"ἀπὸ","ἀπὸ","ἀπό","ἀπό"
42,12,20,"RP","GS","σοῦ·","σοῦ","σοῦ","σύ"
42,12,20,"RR","APN","ἃ","ἃ","ἅ","ὅς"
42,12,20,"C",NULL,"δὲ","δὲ","δέ","δέ"
42,12,20,"V","2AAI-S","ἡτοίμασας,","ἡτοίμασας","ἡτοίμασας","ἑτοιμάζω"
42,12,20,"RI","DSM","τίνι","τίνι","τίνι","τίς"
42,12,20,"V","3FMI-S","ἔσται;","ἔσται","ἔσται","εἰμί"
42,12,21,"D",NULL,"οὕτως","οὕτως","οὕτω(ς)","οὕτω(ς)"
42,12,21,"RA","NSM","ὁ","ὁ","ὁ","ὁ"
42,12,21,"V","PAPNSM","θησαυρίζων","θησαυρίζων","θησαυρίζων","θησαυρίζω"
42,12,21,"RP","DSM","⸀ἑαυτῷ","ἑαυτῷ","ἑαυτῷ","ἑαυτοῦ"
42,12,21,"C",NULL,"καὶ","καὶ","καί","καί"
42,12,21,"D",NULL,"μὴ","μὴ","μή","μή"
42,12,21,"P",NULL,"εἰς","εἰς","εἰς","εἰς"
42,12,21,"N","ASM","θεὸν","θεὸν","θεόν","θεός"
42,12,21,"V","PAPNSM","πλουτῶν.","πλουτῶν","πλουτῶν","πλουτέω"
42,12,22,"V","3AAI-S","Εἶπεν","Εἶπεν","εἶπε(ν)","λέγω"
42,12,22,"C",NULL,"δὲ","δὲ","δέ","δέ"
42,12,22,"P",NULL,"πρὸς","πρὸς","πρός","πρός"
42,12,22,"RA","APM","τοὺς","τοὺς","τούς","ὁ"
42,12,22,"N","APM","μαθητὰς","μαθητὰς","μαθητάς","μαθητής"
42,12,22,"RP","GSM","αὐτοῦ·","αὐτοῦ","αὐτοῦ","αὐτός"
42,12,22,"P",NULL,"Διὰ","Διὰ","διά","διά"
42,12,22,"RD","ASN","τοῦτο","τοῦτο","τοῦτο","οὗτος"
42,12,22,"V","1PAI-S","⸂λέγω","λέγω","λέγω","λέγω"
42,12,22,"RP","DP","ὑμῖν⸃,","ὑμῖν","ὑμῖν","σύ"
42,12,22,"D",NULL,"μὴ","μὴ","μή","μή"
42,12,22,"V","2PAD-P","μεριμνᾶτε","μεριμνᾶτε","μεριμνᾶτε","μεριμνάω"
42,12,22,"RA","DSF","τῇ","τῇ","τῇ","ὁ"
42,12,22,"N","DSF","⸀ψυχῇ","ψυχῇ","ψυχῇ","ψυχή"
42,12,22,"RI","ASN","τί","τί","τί","τίς"
42,12,22,"V","2AAS-P","φάγητε,","φάγητε","φάγητε","ἐσθίω"
42,12,22,"C",NULL,"μηδὲ","μηδὲ","μηδέ","μηδέ"
42,12,22,"RA","DSN","τῷ","τῷ","τῷ","ὁ"
42,12,22,"N","DSN","⸀σώματι","σώματι","σώματι","σῶμα"
42,12,22,"RI","ASN","τί","τί","τί","τίς"
42,12,22,"V","2AMS-P","ἐνδύσησθε.","ἐνδύσησθε","ἐνδύσησθε","ἐνδύω"
42,12,23,"RA","NSF","ἡ","ἡ","ἡ","ὁ"
42,12,23,"C",NULL,"⸀γὰρ","γὰρ","γάρ","γάρ"
42,12,23,"N","NSF","ψυχὴ","ψυχὴ","ψυχή","ψυχή"
42,12,23,"A","NSNC","πλεῖόν","πλεῖόν","πλεῖον","πολύς"
42,12,23,"V","3PAI-S","ἐστιν","ἐστιν","ἐστί(ν)","εἰμί"
42,12,23,"RA","GSF","τῆς","τῆς","τῆς","ὁ"
42,12,23,"N","GSF","τροφῆς","τροφῆς","τροφῆς","τροφή"
42,12,23,"C",NULL,"καὶ","καὶ","καί","καί"
42,12,23,"RA","NSN","τὸ","τὸ","τό","ὁ"
42,12,23,"N","NSN","σῶμα","σῶμα","σῶμα","σῶμα"
42,12,23,"RA","GSN","τοῦ","τοῦ","τοῦ","ὁ"
42,12,23,"N","GSN","ἐνδύματος.","ἐνδύματος","ἐνδύματος","ἔνδυμα"
42,12,24,"V","2AAD-P","κατανοήσατε","κατανοήσατε","κατανοήσατε","κατανοέω"
42,12,24,"RA","APM","τοὺς","τοὺς","τούς","ὁ"
42,12,24,"N","APM","κόρακας","κόρακας","κόρακας","κόραξ"
42,12,24,"C",NULL,"ὅτι","ὅτι","ὅτι","ὅτι"
42,12,24,"D",NULL,"οὐ","οὐ","οὐ","οὐ"
42,12,24,"V","3PAI-P","σπείρουσιν","σπείρουσιν","σπείρουσι(ν)","σπείρω"
42,12,24,"C",NULL,"οὐδὲ","οὐδὲ","οὐδέ","οὐδέ"
42,12,24,"V","3PAI-P","θερίζουσιν,","θερίζουσιν","θερίζουσι(ν)","θερίζω"
42,12,24,"RR","DPM","οἷς","οἷς","οἷς","ὅς"
42,12,24,"D",NULL,"οὐκ","οὐκ","οὐ","οὐ"
42,12,24,"V","3PAI-S","ἔστιν","ἔστιν","ἐστί(ν)","εἰμί"
42,12,24,"N","NSN","ταμεῖον","ταμεῖον","ταμεῖον","ταμεῖον"
42,12,24,"C",NULL,"οὐδὲ","οὐδὲ","οὐδέ","οὐδέ"
42,12,24,"N","NSF","ἀποθήκη,","ἀποθήκη","ἀποθήκη","ἀποθήκη"
42,12,24,"C",NULL,"καὶ","καὶ","καί","καί"
42,12,24,"RA","NSM","ὁ","ὁ","ὁ","ὁ"
42,12,24,"N","NSM","θεὸς","θεὸς","θεός","θεός"
42,12,24,"V","3PAI-S","τρέφει","τρέφει","τρέφει","τρέφω"
42,12,24,"RP","APM","αὐτούς·","αὐτούς","αὐτούς","αὐτός"
42,12,24,"RI","DSN","πόσῳ","πόσῳ","πόσῳ","πόσος"
42,12,24,"D",NULL,"μᾶλλον","μᾶλλον","μᾶλλον","μᾶλλον"
42,12,24,"RP","NP","ὑμεῖς","ὑμεῖς","ὑμεῖς","σύ"
42,12,24,"V","2PAI-P","διαφέρετε","διαφέρετε","διαφέρετε","διαφέρω"
42,12,24,"RA","GPN","τῶν","τῶν","τῶν","ὁ"
42,12,24,"A","GPN","πετεινῶν.","πετεινῶν","πετεινῶν","πετεινόν"
42,12,25,"RI","NSM","τίς","τίς","τίς","τίς"
42,12,25,"C",NULL,"δὲ","δὲ","δέ","δέ"
42,12,25,"P",NULL,"ἐξ","ἐξ","ἐκ","ἐκ"
42,12,25,"RP","GP","ὑμῶν","ὑμῶν","ὑμῶν","σύ"
42,12,25,"V","PAPNSM","μεριμνῶν","μεριμνῶν","μεριμνῶν","μεριμνάω"
42,12,25,"V","3PMI-S","δύναται","δύναται","δύναται","δύναμαι"
42,12,25,"P",NULL,"⸂ἐπὶ","ἐπὶ","ἐπί","ἐπί"
42,12,25,"RA","ASF","τὴν","τὴν","τήν","ὁ"
42,12,25,"N","ASF","ἡλικίαν","ἡλικίαν","ἡλικίαν","ἡλικία"
42,12,25,"RP","GSM","αὐτοῦ","αὐτοῦ","αὐτοῦ","αὐτός"
42,12,25,"V","AAN","προσθεῖναι⸃","προσθεῖναι","προσθεῖναι","προστίθημι"
42,12,25,"N","ASM","⸀πῆχυν;","πῆχυν","πῆχυν","πῆχυς"
42,12,26,"C",NULL,"εἰ","εἰ","εἰ","εἰ"
42,12,26,"C",NULL,"οὖν","οὖν","οὖν","οὖν"
42,12,26,"D",NULL,"⸀οὐδὲ","οὐδὲ","οὐδέ","οὐδέ"
42,12,26,"A","ASNS","ἐλάχιστον","ἐλάχιστον","ἐλάχιστον","ἐλάχιστος"
42,12,26,"V","2PMI-P","δύνασθε,","δύνασθε","δύνασθε","δύναμαι"
42,12,26,"RI","ASN","τί","τί","τί","τίς"
42,12,26,"P",NULL,"περὶ","περὶ","περί","περί"
42,12,26,"RA","GPN","τῶν","τῶν","τῶν","ὁ"
42,12,26,"A","GPN","λοιπῶν","λοιπῶν","λοιπῶν","λοιπός"
42,12,26,"V","2PAI-P","μεριμνᾶτε;","μεριμνᾶτε","μεριμνᾶτε","μεριμνάω"
42,12,27,"V","2AAD-P","κατανοήσατε","κατανοήσατε","κατανοήσατε","κατανοέω"
42,12,27,"RA","APN","τὰ","τὰ","τά","ὁ"
42,12,27,"N","APN","κρίνα","κρίνα","κρίνα","κρίνον"
42,12,27,"D",NULL,"πῶς","πῶς","πῶς","πῶς"
42,12,27,"V","3PAI-S","αὐξάνει·","αὐξάνει","αὐξάνει","αὐξάνω"
42,12,27,"D",NULL,"οὐ","οὐ","οὐ","οὐ"
42,12,27,"V","3PAI-S","κοπιᾷ","κοπιᾷ","κοπιᾷ","κοπιάω"
42,12,27,"C",NULL,"οὐδὲ","οὐδὲ","οὐδέ","οὐδέ"
42,12,27,"V","3PAI-S","νήθει·","νήθει","νήθει","νήθω"
42,12,27,"V","1PAI-S","λέγω","λέγω","λέγω","λέγω"
42,12,27,"C",NULL,"δὲ","δὲ","δέ","δέ"
42,12,27,"RP","DP","ὑμῖν,","ὑμῖν","ὑμῖν","σύ"
42,12,27,"D",NULL,"οὐδὲ","οὐδὲ","οὐδέ","οὐδέ"
42,12,27,"N","NSM","Σολομὼν","Σολομὼν","Σολομών","Σολομών"
42,12,27,"P",NULL,"ἐν","ἐν","ἐν","ἐν"
42,12,27,"A","DSF","πάσῃ","πάσῃ","πάσῃ","πᾶς"
42,12,27,"RA","DSF","τῇ","τῇ","τῇ","ὁ"
42,12,27,"N","DSF","δόξῃ","δόξῃ","δόξῃ","δόξα"
42,12,27,"RP","GSM","αὐτοῦ","αὐτοῦ","αὐτοῦ","αὐτός"
42,12,27,"V","3AMI-S","περιεβάλετο","περιεβάλετο","περιεβάλετο","περιβάλλω"
42,12,27,"C",NULL,"ὡς","ὡς","ὡς","ὡς"
42,12,27,"A","NSN","ἓν","ἓν","ἕν","εἷς"
42,12,27,"RD","GPN","τούτων.","τούτων","τούτων","οὗτος"
42,12,28,"C",NULL,"εἰ","εἰ","εἰ","εἰ"
42,12,28,"C",NULL,"δὲ","δὲ","δέ","δέ"
42,12,28,"P",NULL,"⸂ἐν","ἐν","ἐν","ἐν"
42,12,28,"N","DSM","ἀγρῷ","ἀγρῷ","ἀγρῷ","ἀγρός"
42,12,28,"RA","ASM","τὸν","τὸν","τόν","ὁ"
42,12,28,"N","ASM","χόρτον","χόρτον","χόρτον","χόρτος"
42,12,28,"V","PAPASM","ὄντα","ὄντα","ὄντα","εἰμί"
42,12,28,"D",NULL,"σήμερον⸃","σήμερον","σήμερον","σήμερον"
42,12,28,"C",NULL,"καὶ","καὶ","καί","καί"
42,12,28,"D",NULL,"αὔριον","αὔριον","αὔριον","αὔριον"
42,12,28,"P",NULL,"εἰς","εἰς","εἰς","εἰς"
42,12,28,"N","ASM","κλίβανον","κλίβανον","κλίβανον","κλίβανος"
42,12,28,"V","PPPASM","βαλλόμενον","βαλλόμενον","βαλλόμενον","βάλλω"
42,12,28,"RA","NSM","ὁ","ὁ","ὁ","ὁ"
42,12,28,"N","NSM","θεὸς","θεὸς","θεός","θεός"
42,12,28,"D",NULL,"οὕτως","οὕτως","οὕτω(ς)","οὕτω(ς)"
42,12,28,"V","3PAI-S","⸀ἀμφιέζει,","ἀμφιέζει","ἀμφιέζει","ἀμφιάζω"
42,12,28,"RI","DSN","πόσῳ","πόσῳ","πόσῳ","πόσος"
42,12,28,"D",NULL,"μᾶλλον","μᾶλλον","μᾶλλον","μᾶλλον"
42,12,28,"RP","AP","ὑμᾶς,","ὑμᾶς","ὑμᾶς","σύ"
42,12,28,"A","VPM","ὀλιγόπιστοι.","ὀλιγόπιστοι","ὀλιγόπιστοι","ὀλιγόπιστος"
42,12,29,"D",NULL,"καὶ","καὶ","καί","καί"
42,12,29,"RP","NP","ὑμεῖς","ὑμεῖς","ὑμεῖς","σύ"
42,12,29,"D",NULL,"μὴ","μὴ","μή","μή"
42,12,29,"V","2PAD-P","ζητεῖτε","ζητεῖτε","ζητεῖτε","ζητέω"
42,12,29,"RI","ASN","τί","τί","τί","τίς"
42,12,29,"V","2AAS-P","φάγητε","φάγητε","φάγητε","ἐσθίω"
42,12,29,"C",NULL,"⸀καὶ","καὶ","καί","καί"
42,12,29,"RI","ASN","τί","τί","τί","τίς"
42,12,29,"V","2AAS-P","πίητε,","πίητε","πίητε","πίνω"
42,12,29,"C",NULL,"καὶ","καὶ","καί","καί"
42,12,29,"D",NULL,"μὴ","μὴ","μή","μή"
42,12,29,"V","2PMD-P","μετεωρίζεσθε,","μετεωρίζεσθε","μετεωρίζεσθε","μετεωρίζομαι"
42,12,30,"RD","APN","ταῦτα","ταῦτα","ταῦτα","οὗτος"
42,12,30,"C",NULL,"γὰρ","γὰρ","γάρ","γάρ"
42,12,30,"A","APN","πάντα","πάντα","πάντα","πᾶς"
42,12,30,"RA","NPN","τὰ","τὰ","τά","ὁ"
42,12,30,"N","NPN","ἔθνη","ἔθνη","ἔθνη","ἔθνος"
42,12,30,"RA","GSM","τοῦ","τοῦ","τοῦ","ὁ"
42,12,30,"N","GSM","κόσμου","κόσμου","κόσμου","κόσμος"
42,12,30,"V","3PAI-P","⸀ἐπιζητοῦσιν,","ἐπιζητοῦσιν","ἐπιζητοῦσι(ν)","ἐπιζητέω"
42,12,30,"RP","GP","ὑμῶν","ὑμῶν","ὑμῶν","σύ"
42,12,30,"C",NULL,"δὲ","δὲ","δέ","δέ"
42,12,30,"RA","NSM","ὁ","ὁ","ὁ","ὁ"
42,12,30,"N","NSM","πατὴρ","πατὴρ","πατήρ","πατήρ"
42,12,30,"V","3XAI-S","οἶδεν","οἶδεν","οἶδε(ν)","οἶδα"
42,12,30,"C",NULL,"ὅτι","ὅτι","ὅτι","ὅτι"
42,12,30,"V","2PAI-P","χρῄζετε","χρῄζετε","χρῄζετε","χρῄζω"
42,12,30,"RD","GPN","τούτων.","τούτων","τούτων","οὗτος"
42,12,31,"C",NULL,"πλὴν","πλὴν","πλήν","πλήν"
42,12,31,"V","2PAD-P","ζητεῖτε","ζητεῖτε","ζητεῖτε","ζητέω"
42,12,31,"RA","ASF","τὴν","τὴν","τήν","ὁ"
42,12,31,"N","ASF","βασιλείαν","βασιλείαν","βασιλείαν","βασιλεία"
42,12,31,"RP","GSM","⸀αὐτοῦ,","αὐτοῦ","αὐτοῦ","αὐτός"
42,12,31,"C",NULL,"καὶ","καὶ","καί","καί"
42,12,31,"RD","NPN","⸀ταῦτα","ταῦτα","ταῦτα","οὗτος"
42,12,31,"V","3FPI-S","προστεθήσεται","προστεθήσεται","προστεθήσεται","προστίθημι"
42,12,31,"RP","DP","ὑμῖν.","ὑμῖν","ὑμῖν","σύ"
42,12,32,"D",NULL,"Μὴ","Μὴ","μή","μή"
42,12,32,"V","2PMD-S","φοβοῦ,","φοβοῦ","φοβοῦ","φοβέομαι"
42,12,32,"RA","NSN","τὸ","τὸ","τό","ὁ"
42,12,32,"A","NSN","μικρὸν","μικρὸν","μικρόν","μικρός"
42,12,32,"N","NSN","ποίμνιον,","ποίμνιον","ποίμνιον","ποίμνιον"
42,12,32,"C",NULL,"ὅτι","ὅτι","ὅτι","ὅτι"
42,12,32,"V","3AAI-S","εὐδόκησεν","εὐδόκησεν","εὐδόκησε(ν)","εὐδοκέω"
42,12,32,"RA","NSM","ὁ","ὁ","ὁ","ὁ"
42,12,32,"N","NSM","πατὴρ","πατὴρ","πατήρ","πατήρ"
42,12,32,"RP","GP","ὑμῶν","ὑμῶν","ὑμῶν","σύ"
42,12,32,"V","AAN","δοῦναι","δοῦναι","δοῦναι","δίδωμι"
42,12,32,"RP","DP","ὑμῖν","ὑμῖν","ὑμῖν","σύ"
42,12,32,"RA","ASF","τὴν","τὴν","τήν","ὁ"
42,12,32,"N","ASF","βασιλείαν.","βασιλείαν","βασιλείαν","βασιλεία"
42,12,33,"V","2AAD-P","πωλήσατε","πωλήσατε","πωλήσατε","πωλέω"
42,12,33,"RA","APN","τὰ","τὰ","τά","ὁ"
42,12,33,"V","PAPAPN","ὑπάρχοντα","ὑπάρχοντα","ὑπάρχοντα","ὑπάρχω"
42,12,33,"RP","GP","ὑμῶν","ὑμῶν","ὑμῶν","σύ"
42,12,33,"C",NULL,"καὶ","καὶ","καί","καί"
42,12,33,"V","2AAD-P","δότε","δότε","δότε","δίδωμι"
42,12,33,"N","ASF","ἐλεημοσύνην·","ἐλεημοσύνην","ἐλεημοσύνην","ἐλεημοσύνη"
42,12,33,"V","2AAD-P","ποιήσατε","ποιήσατε","ποιήσατε","ποιέω"
42,12,33,"RP","DPM","ἑαυτοῖς","ἑαυτοῖς","ἑαυτοῖς","ἑαυτοῦ"
42,12,33,"N","APN","βαλλάντια","βαλλάντια","βαλλάντια","βαλλάντιον"
42,12,33,"D",NULL,"μὴ","μὴ","μή","μή"
42,12,33,"V","PPPAPN","παλαιούμενα,","παλαιούμενα","παλαιούμενα","παλαιόω"
42,12,33,"N","ASM","θησαυρὸν","θησαυρὸν","θησαυρόν","θησαυρός"
42,12,33,"A","ASM","ἀνέκλειπτον","ἀνέκλειπτον","ἀνέκλειπτον","ἀνέκλειπτος"
42,12,33,"P",NULL,"ἐν","ἐν","ἐν","ἐν"
42,12,33,"RA","DPM","τοῖς","τοῖς","τοῖς","ὁ"
42,12,33,"N","DPM","οὐρανοῖς,","οὐρανοῖς","οὐρανοῖς","οὐρανός"
42,12,33,"D",NULL,"ὅπου","ὅπου","ὅπου","ὅπου"
42,12,33,"N","NSM","κλέπτης","κλέπτης","κλέπτης","κλέπτης"
42,12,33,"D",NULL,"οὐκ","οὐκ","οὐ","οὐ"
42,12,33,"V","3PAI-S","ἐγγίζει","ἐγγίζει","ἐγγίζει","ἐγγίζω"
42,12,33,"C",NULL,"οὐδὲ","οὐδὲ","οὐδέ","οὐδέ"
42,12,33,"N","NSM","σὴς","σὴς","σής","σής"
42,12,33,"V","3PAI-S","διαφθείρει·","διαφθείρει","διαφθείρει","διαφθείρω"
42,12,34,"C",NULL,"ὅπου","ὅπου","ὅπου","ὅπου"
42,12,34,"C",NULL,"γάρ","γάρ","γάρ","γάρ"
42,12,34,"V","3PAI-S","ἐστιν","ἐστιν","ἐστί(ν)","εἰμί"
42,12,34,"RA","NSM","ὁ","ὁ","ὁ","ὁ"
42,12,34,"N","NSM","θησαυρὸς","θησαυρὸς","θησαυρός","θησαυρός"
42,12,34,"RP","GP","ὑμῶν,","ὑμῶν","ὑμῶν","σύ"
42,12,34,"D",NULL,"ἐκεῖ","ἐκεῖ","ἐκεῖ","ἐκεῖ"
42,12,34,"D",NULL,"καὶ","καὶ","καί","καί"
42,12,34,"RA","NSF","ἡ","ἡ","ἡ","ὁ"
42,12,34,"N","NSF","καρδία","καρδία","καρδία","καρδία"
42,12,34,"RP","GP","ὑμῶν","ὑμῶν","ὑμῶν","σύ"
42,12,34,"V","3FMI-S","ἔσται.","ἔσται","ἔσται","εἰμί"
42,12,35,"V","3PAD-P","Ἔστωσαν","Ἔστωσαν","ἔστωσαν","εἰμί"
42,12,35,"RP","GP","ὑμῶν","ὑμῶν","ὑμῶν","σύ"
42,12,35,"RA","NPF","αἱ","αἱ","αἱ","ὁ"
42,12,35,"N","NPF","ὀσφύες","ὀσφύες","ὀσφύες","ὀσφύς"
42,12,35,"V","XPPNPF","περιεζωσμέναι","περιεζωσμέναι","περιεζωσμέναι","περιζώννυμι"
42,12,35,"C",NULL,"καὶ","καὶ","καί","καί"
42,12,35,"RA","NPM","οἱ","οἱ","οἱ","ὁ"
42,12,35,"N","NPM","λύχνοι","λύχνοι","λύχνοι","λύχνος"
42,12,35,"V","PPPNPM","καιόμενοι,","καιόμενοι","καιόμενοι","καίω"
42,12,36,"C",NULL,"καὶ","καὶ","καί","καί"
42,12,36,"RP","NP","ὑμεῖς","ὑμεῖς","ὑμεῖς","σύ"
42,12,36,"A","NPM","ὅμοιοι","ὅμοιοι","ὅμοιοι","ὅμοιος"
42,12,36,"N","DPM","ἀνθρώποις","ἀνθρώποις","ἀνθρώποις","ἄνθρωπος"
42,12,36,"V","PMPDPM","προσδεχομένοις","προσδεχομένοις","προσδεχομένοις","προσδέχομαι"
42,12,36,"RA","ASM","τὸν","τὸν","τόν","ὁ"
42,12,36,"N","ASM","κύριον","κύριον","κύριον","κύριος"
42,12,36,"RP","GPM","ἑαυτῶν","ἑαυτῶν","ἑαυτῶν","ἑαυτοῦ"
42,12,36,"D",NULL,"πότε","πότε","πότε","πότε"
42,12,36,"V","3AAS-S","ἀναλύσῃ","ἀναλύσῃ","ἀναλύσῃ","ἀναλύω"
42,12,36,"P",NULL,"ἐκ","ἐκ","ἐκ","ἐκ"
42,12,36,"RA","GPM","τῶν","τῶν","τῶν","ὁ"
42,12,36,"N","GPM","γάμων,","γάμων","γάμων","γάμος"
42,12,36,"C",NULL,"ἵνα","ἵνα","ἵνα","ἵνα"
42,12,36,"V","AAPGSM","ἐλθόντος","ἐλθόντος","ἐλθόντος","ἔρχομαι"
42,12,36,"C",NULL,"καὶ","καὶ","καί","καί"
42,12,36,"V","AAPGSM","κρούσαντος","κρούσαντος","κρούσαντος","κρούω"
42,12,36,"D",NULL,"εὐθέως","εὐθέως","εὐθέως","εὐθέως"
42,12,36,"V","3AAS-P","ἀνοίξωσιν","ἀνοίξωσιν","ἀνοίξωσι(ν)","ἀνοίγω"
42,12,36,"RP","DSM","αὐτῷ.","αὐτῷ","αὐτῷ","αὐτός"
42,12,37,"A","NPM","μακάριοι","μακάριοι","μακάριοι","μακάριος"
42,12,37,"RA","NPM","οἱ","οἱ","οἱ","ὁ"
42,12,37,"N","NPM","δοῦλοι","δοῦλοι","δοῦλοι","δοῦλος"
42,12,37,"RD","NPM","ἐκεῖνοι,","ἐκεῖνοι","ἐκεῖνοι","ἐκεῖνος"
42,12,37,"RR","APM","οὓς","οὓς","οὕς","ὅς"
42,12,37,"V","AAPNSM","ἐλθὼν","ἐλθὼν","ἐλθών","ἔρχομαι"
42,12,37,"RA","NSM","ὁ","ὁ","ὁ","ὁ"
42,12,37,"N","NSM","κύριος","κύριος","κύριος","κύριος"
42,12,37,"V","3FAI-S","εὑρήσει","εὑρήσει","εὑρήσει","εὑρίσκω"
42,12,37,"V","PAPAPM","γρηγοροῦντας·","γρηγοροῦντας","γρηγοροῦντας","γρηγορέω"
42,12,37,"X",NULL,"ἀμὴν","ἀμὴν","ἀμήν","ἀμήν"
42,12,37,"V","1PAI-S","λέγω","λέγω","λέγω","λέγω"
42,12,37,"RP","DP","ὑμῖν","ὑμῖν","ὑμῖν","σύ"
42,12,37,"C",NULL,"ὅτι","ὅτι","ὅτι","ὅτι"
42,12,37,"V","3FMI-S","περιζώσεται","περιζώσεται","περιζώσεται","περιζώννυμι"
42,12,37,"C",NULL,"καὶ","καὶ","καί","καί"
42,12,37,"V","3FAI-S","ἀνακλινεῖ","ἀνακλινεῖ","ἀνακλινεῖ","ἀνακλίνω"
42,12,37,"RP","APM","αὐτοὺς","αὐτοὺς","αὐτούς","αὐτός"
42,12,37,"C",NULL,"καὶ","καὶ","καί","καί"
42,12,37,"V","AAPNSM","παρελθὼν","παρελθὼν","παρελθών","παρέρχομαι"
42,12,37,"V","3FAI-S","διακονήσει","διακονήσει","διακονήσει","διακονέω"
42,12,37,"RP","DPM","αὐτοῖς.","αὐτοῖς","αὐτοῖς","αὐτός"
42,12,38,"C",NULL,"⸂κἂν","κἂν","κἄν","κἄν"
42,12,38,"P",NULL,"ἐν","ἐν","ἐν","ἐν"
42,12,38,"RA","DSF","τῇ","τῇ","τῇ","ὁ"
42,12,38,"A","DSF","δευτέρᾳ","δευτέρᾳ","δευτέρᾳ","δεύτερος"
42,12,38,"C",NULL,"κἂν⸃","κἂν","κἄν","κἄν"
42,12,38,"P",NULL,"ἐν","ἐν","ἐν","ἐν"
42,12,38,"RA","DSF","τῇ","τῇ","τῇ","ὁ"
42,12,38,"A","DSF","τρίτῃ","τρίτῃ","τρίτῃ","τρίτος"
42,12,38,"N","DSF","φυλακῇ","φυλακῇ","φυλακῇ","φυλακή"
42,12,38,"V","3AAS-S","ἔλθῃ","ἔλθῃ","ἔλθῃ","ἔρχομαι"
42,12,38,"C",NULL,"καὶ","καὶ","καί","καί"
42,12,38,"V","3AAS-S","εὕρῃ","εὕρῃ","εὕρῃ","εὑρίσκω"
42,12,38,"D",NULL,"οὕτως,","οὕτως","οὕτω(ς)","οὕτω(ς)"
42,12,38,"A","NPM","μακάριοί","μακάριοί","μακάριοι","μακάριος"
42,12,38,"V","3PAI-P","⸀εἰσιν","εἰσιν","εἰσί(ν)","εἰμί"
42,12,38,"RD","NPM","ἐκεῖνοι.","ἐκεῖνοι","ἐκεῖνοι","ἐκεῖνος"
42,12,39,"RD","ASN","Τοῦτο","Τοῦτο","τοῦτο","οὗτος"
42,12,39,"C",NULL,"δὲ","δὲ","δέ","δέ"
42,12,39,"V","2PAD-P","γινώσκετε","γινώσκετε","γινώσκετε","γινώσκω"
42,12,39,"D",NULL,"ὅτι","ὅτι","ὅτι","ὅτι"
42,12,39,"C",NULL,"εἰ","εἰ","εἰ","εἰ"
42,12,39,"V","3YAI-S","ᾔδει","ᾔδει","ᾔδει","οἶδα"
42,12,39,"RA","NSM","ὁ","ὁ","ὁ","ὁ"
42,12,39,"N","NSM","οἰκοδεσπότης","οἰκοδεσπότης","οἰκοδεσπότης","οἰκοδεσπότης"
42,12,39,"RI","DSF","ποίᾳ","ποίᾳ","ποίᾳ","ποῖος"
42,12,39,"N","DSF","ὥρᾳ","ὥρᾳ","ὥρᾳ","ὥρα"
42,12,39,"RA","NSM","ὁ","ὁ","ὁ","ὁ"
42,12,39,"N","NSM","κλέπτης","κλέπτης","κλέπτης","κλέπτης"
42,12,39,"V","3PMI-S","ἔρχεται,","ἔρχεται","ἔρχεται","ἔρχομαι"
42,12,39,"D",NULL,"⸂οὐκ","οὐκ","οὐ","οὐ"
42,12,39,"X",NULL,"ἂν⸃","ἂν","ἄν","ἄν"
42,12,39,"V","3AAI-S","ἀφῆκεν","ἀφῆκεν","ἀφῆκε(ν)","ἀφίημι"
42,12,39,"V","APN","⸀διορυχθῆναι","διορυχθῆναι","διορυχθῆναι","διορύσσω"
42,12,39,"RA","ASM","τὸν","τὸν","τόν","ὁ"
42,12,39,"N","ASM","οἶκον","οἶκον","οἶκον","οἶκος"
42,12,39,"RP","GSM","αὐτοῦ.","αὐτοῦ","αὐτοῦ","αὐτός"
42,12,40,"D",NULL,"καὶ","καὶ","καί","καί"
42,12,40,"RP","NP","⸀ὑμεῖς","ὑμεῖς","ὑμεῖς","σύ"
42,12,40,"V","2PMD-P","γίνεσθε","γίνεσθε","γίνεσθε","γίνομαι"
42,12,40,"A","NPM","ἕτοιμοι,","ἕτοιμοι","ἕτοιμοι","ἕτοιμος"
42,12,40,"C",NULL,"ὅτι","ὅτι","ὅτι","ὅτι"
42,12,40,"RR","DSF","ᾗ","ᾗ","ᾗ","ὅς"
42,12,40,"N","DSF","ὥρᾳ","ὥρᾳ","ὥρᾳ","ὥρα"
42,12,40,"D",NULL,"οὐ","οὐ","οὐ","οὐ"
42,12,40,"V","2PAI-P","δοκεῖτε","δοκεῖτε","δοκεῖτε","δοκέω"
42,12,40,"RA","NSM","ὁ","ὁ","ὁ","ὁ"
42,12,40,"N","NSM","υἱὸς","υἱὸς","υἱός","υἱός"
42,12,40,"RA","GSM","τοῦ","τοῦ","τοῦ","ὁ"
42,12,40,"N","GSM","ἀνθρώπου","ἀνθρώπου","ἀνθρώπου","ἄνθρωπος"
42,12,40,"V","3PMI-S","ἔρχεται.","ἔρχεται","ἔρχεται","ἔρχομαι"
42,12,41,"V","3AAI-S","Εἶπεν","Εἶπεν","εἶπε(ν)","λέγω"
42,12,41,"C",NULL,"⸀δὲ","δὲ","δέ","δέ"
42,12,41,"RA","NSM","ὁ","ὁ","ὁ","ὁ"
42,12,41,"N","NSM","Πέτρος·","Πέτρος","Πέτρος","Πέτρος"
42,12,41,"N","VSM","Κύριε,","Κύριε","κύριε","κύριος"
42,12,41,"P",NULL,"πρὸς","πρὸς","πρός","πρός"
42,12,41,"RP","AP","ἡμᾶς","ἡμᾶς","ἡμᾶς","ἐγώ"
42,12,41,"RA","ASF","τὴν","τὴν","τήν","ὁ"
42,12,41,"N","ASF","παραβολὴν","παραβολὴν","παραβολήν","παραβολή"
42,12,41,"RD","ASF","ταύτην","ταύτην","ταύτην","οὗτος"
42,12,41,"V","2PAI-S","λέγεις","λέγεις","λέγεις","λέγω"
42,12,41,"C",NULL,"ἢ","ἢ","ἤ","ἤ"
42,12,41,"D",NULL,"καὶ","καὶ","καί","καί"
42,12,41,"P",NULL,"πρὸς","πρὸς","πρός","πρός"
42,12,41,"A","APM","πάντας;","πάντας","πάντας","πᾶς"
42,12,42,"C",NULL,"⸂καὶ","καὶ","καί","καί"
42,12,42,"V","3AAI-S","εἶπεν⸃","εἶπεν","εἶπε(ν)","λέγω"
42,12,42,"RA","NSM","ὁ","ὁ","ὁ","ὁ"
42,12,42,"N","NSM","κύριος·","κύριος","κύριος","κύριος"
42,12,42,"RI","NSM","Τίς","Τίς","τίς","τίς"
42,12,42,"C",NULL,"ἄρα","ἄρα","ἄρα","ἄρα"
42,12,42,"V","3PAI-S","ἐστὶν","ἐστὶν","ἐστί(ν)","εἰμί"
42,12,42,"RA","NSM","ὁ","ὁ","ὁ","ὁ"
42,12,42,"A","NSM","πιστὸς","πιστὸς","πιστός","πιστός"
42,12,42,"N","NSM","οἰκονόμος,","οἰκονόμος","οἰκονόμος","οἰκονόμος"
42,12,42,"RA","NSM","⸀ὁ","ὁ","ὁ","ὁ"
42,12,42,"A","NSM","φρόνιμος,","φρόνιμος","φρόνιμος","φρόνιμος"
42,12,42,"RR","ASM","ὃν","ὃν","ὅν","ὅς"
42,12,42,"V","3FAI-S","καταστήσει","καταστήσει","καταστήσει","καθίστημι"
42,12,42,"RA","NSM","ὁ","ὁ","ὁ","ὁ"
42,12,42,"N","NSM","κύριος","κύριος","κύριος","κύριος"
42,12,42,"P",NULL,"ἐπὶ","ἐπὶ","ἐπί","ἐπί"
42,12,42,"RA","GSF","τῆς","τῆς","τῆς","ὁ"
42,12,42,"N","GSF","θεραπείας","θεραπείας","θεραπείας","θεραπεία"
42,12,42,"RP","GSM","αὐτοῦ","αὐτοῦ","αὐτοῦ","αὐτός"
42,12,42,"RA","GSN","τοῦ","τοῦ","τοῦ","ὁ"
42,12,42,"V","PAN","διδόναι","διδόναι","διδόναι","δίδωμι"
42,12,42,"P",NULL,"ἐν","ἐν","ἐν","ἐν"
42,12,42,"N","DSM","καιρῷ","καιρῷ","καιρῷ","καιρός"
42,12,42,"RA","ASN","⸀τὸ","τὸ","τό","ὁ"
42,12,42,"N","ASN","σιτομέτριον;","σιτομέτριον","σιτομέτριον","σιτομέτριον"
42,12,43,"A","NSM","μακάριος","μακάριος","μακάριος","μακάριος"
42,12,43,"RA","NSM","ὁ","ὁ","ὁ","ὁ"
42,12,43,"N","NSM","δοῦλος","δοῦλος","δοῦλος","δοῦλος"
42,12,43,"RD","NSM","ἐκεῖνος,","ἐκεῖνος","ἐκεῖνος","ἐκεῖνος"
42,12,43,"RR","ASM","ὃν","ὃν","ὅν","ὅς"
42,12,43,"V","AAPNSM","ἐλθὼν","ἐλθὼν","ἐλθών","ἔρχομαι"
42,12,43,"RA","NSM","ὁ","ὁ","ὁ","ὁ"
42,12,43,"N","NSM","κύριος","κύριος","κύριος","κύριος"
42,12,43,"RP","GSM","αὐτοῦ","αὐτοῦ","αὐτοῦ","αὐτός"
42,12,43,"V","3FAI-S","εὑρήσει","εὑρήσει","εὑρήσει","εὑρίσκω"
42,12,43,"V","PAPASM","ποιοῦντα","ποιοῦντα","ποιοῦντα","ποιέω"
42,12,43,"D",NULL,"οὕτως·","οὕτως","οὕτω(ς)","οὕτω(ς)"
42,12,44,"D",NULL,"ἀληθῶς","ἀληθῶς","ἀληθῶς","ἀληθῶς"
42,12,44,"V","1PAI-S","λέγω","λέγω","λέγω","λέγω"
42,12,44,"RP","DP","ὑμῖν","ὑμῖν","ὑμῖν","σύ"
42,12,44,"C",NULL,"ὅτι","ὅτι","ὅτι","ὅτι"
42,12,44,"P",NULL,"ἐπὶ","ἐπὶ","ἐπί","ἐπί"
42,12,44,"A","DPN","πᾶσιν","πᾶσιν","πᾶσι(ν)","πᾶς"
42,12,44,"RA","DPN","τοῖς","τοῖς","τοῖς","ὁ"
42,12,44,"V","PAPDPN","ὑπάρχουσιν","ὑπάρχουσιν","ὑπάρχουσι(ν)","ὑπάρχω"
42,12,44,"RP","GSM","αὐτοῦ","αὐτοῦ","αὐτοῦ","αὐτός"
42,12,44,"V","3FAI-S","καταστήσει","καταστήσει","καταστήσει","καθίστημι"
42,12,44,"RP","ASM","αὐτόν.","αὐτόν","αὐτόν","αὐτός"
42,12,45,"C",NULL,"ἐὰν","ἐὰν","ἐάν","ἐάν"
42,12,45,"C",NULL,"δὲ","δὲ","δέ","δέ"
42,12,45,"V","3AAS-S","εἴπῃ","εἴπῃ","εἴπῃ","λέγω"
42,12,45,"RA","NSM","ὁ","ὁ","ὁ","ὁ"
42,12,45,"N","NSM","δοῦλος","δοῦλος","δοῦλος","δοῦλος"
42,12,45,"RD","NSM","ἐκεῖνος","ἐκεῖνος","ἐκεῖνος","ἐκεῖνος"
42,12,45,"P",NULL,"ἐν","ἐν","ἐν","ἐν"
42,12,45,"RA","DSF","τῇ","τῇ","τῇ","ὁ"
42,12,45,"N","DSF","καρδίᾳ","καρδίᾳ","καρδίᾳ","καρδία"
42,12,45,"RP","GSM","αὐτοῦ·","αὐτοῦ","αὐτοῦ","αὐτός"
42,12,45,"V","3PAI-S","Χρονίζει","Χρονίζει","χρονίζει","χρονίζω"
42,12,45,"RA","NSM","ὁ","ὁ","ὁ","ὁ"
42,12,45,"N","NSM","κύριός","κύριός","κύριος","κύριος"
42,12,45,"RP","GS","μου","μου","μου","ἐγώ"
42,12,45,"V","PMN","ἔρχεσθαι,","ἔρχεσθαι","ἔρχεσθαι","ἔρχομαι"
42,12,45,"C",NULL,"καὶ","καὶ","καί","καί"
42,12,45,"V","3AMS-S","ἄρξηται","ἄρξηται","ἄρξηται","ἄρχω"
42,12,45,"V","PAN","τύπτειν","τύπτειν","τύπτειν","τύπτω"
42,12,45,"RA","APM","τοὺς","τοὺς","τούς","ὁ"
42,12,45,"N","APM","παῖδας","παῖδας","παῖδας","παῖς"
42,12,45,"C",NULL,"καὶ","καὶ","καί","καί"
42,12,45,"RA","APF","τὰς","τὰς","τάς","ὁ"
42,12,45,"N","APF","παιδίσκας,","παιδίσκας","παιδίσκας","παιδίσκη"
42,12,45,"V","PAN","ἐσθίειν","ἐσθίειν","ἐσθίειν","ἐσθίω"
42,12,45,"C",NULL,"τε","τε","τέ","τέ"
42,12,45,"C",NULL,"καὶ","καὶ","καί","καί"
42,12,45,"V","PAN","πίνειν","πίνειν","πίνειν","πίνω"
42,12,45,"C",NULL,"καὶ","καὶ","καί","καί"
42,12,45,"V","PPN","μεθύσκεσθαι,","μεθύσκεσθαι","μεθύσκεσθαι","μεθύσκομαι"
42,12,46,"V","3FAI-S","ἥξει","ἥξει","ἥξει","ἥκω"
42,12,46,"RA","NSM","ὁ","ὁ","ὁ","ὁ"
42,12,46,"N","NSM","κύριος","κύριος","κύριος","κύριος"
42,12,46,"RA","GSM","τοῦ","τοῦ","τοῦ","ὁ"
42,12,46,"N","GSM","δούλου","δούλου","δούλου","δοῦλος"
42,12,46,"RD","GSM","ἐκείνου","ἐκείνου","ἐκείνου","ἐκεῖνος"
42,12,46,"P",NULL,"ἐν","ἐν","ἐν","ἐν"
42,12,46,"N","DSF","ἡμέρᾳ","ἡμέρᾳ","ἡμέρᾳ","ἡμέρα"
42,12,46,"RR","DSF","ᾗ","ᾗ","ᾗ","ὅς"
42,12,46,"D",NULL,"οὐ","οὐ","οὐ","οὐ"
42,12,46,"V","3PAI-S","προσδοκᾷ","προσδοκᾷ","προσδοκᾷ","προσδοκάω"
42,12,46,"C",NULL,"καὶ","καὶ","καί","καί"
42,12,46,"P",NULL,"ἐν","ἐν","ἐν","ἐν"
42,12,46,"N","DSF","ὥρᾳ","ὥρᾳ","ὥρᾳ","ὥρα"
42,12,46,"RR","DSF","ᾗ","ᾗ","ᾗ","ὅς"
42,12,46,"D",NULL,"οὐ","οὐ","οὐ","οὐ"
42,12,46,"V","3PAI-S","γινώσκει,","γινώσκει","γινώσκει","γινώσκω"
42,12,46,"C",NULL,"καὶ","καὶ","καί","καί"
42,12,46,"V","3FAI-S","διχοτομήσει","διχοτομήσει","διχοτομήσει","διχοτομέω"
42,12,46,"RP","ASM","αὐτὸν","αὐτὸν","αὐτόν","αὐτός"
42,12,46,"C",NULL,"καὶ","καὶ","καί","καί"
42,12,46,"RA","ASN","τὸ","τὸ","τό","ὁ"
42,12,46,"N","ASN","μέρος","μέρος","μέρος","μέρος"
42,12,46,"RP","GSM","αὐτοῦ","αὐτοῦ","αὐτοῦ","αὐτός"
42,12,46,"P",NULL,"μετὰ","μετὰ","μετά","μετά"
42,12,46,"RA","GPM","τῶν","τῶν","τῶν","ὁ"
42,12,46,"A","GPM","ἀπίστων","ἀπίστων","ἀπίστων","ἄπιστος"
42,12,46,"V","3FAI-S","θήσει.","θήσει","θήσει","τίθημι"
42,12,47,"RD","NSM","ἐκεῖνος","ἐκεῖνος","ἐκεῖνος","ἐκεῖνος"
42,12,47,"C",NULL,"δὲ","δὲ","δέ","δέ"
42,12,47,"RA","NSM","ὁ","ὁ","ὁ","ὁ"
42,12,47,"N","NSM","δοῦλος","δοῦλος","δοῦλος","δοῦλος"
42,12,47,"RA","NSM","ὁ","ὁ","ὁ","ὁ"
42,12,47,"V","AAPNSM","γνοὺς","γνοὺς","γνούς","γινώσκω"
42,12,47,"RA","ASN","τὸ","τὸ","τό","ὁ"
42,12,47,"N","ASN","θέλημα","θέλημα","θέλημα","θέλημα"
42,12,47,"RA","GSM","τοῦ","τοῦ","τοῦ","ὁ"
42,12,47,"N","GSM","κυρίου","κυρίου","κυρίου","κύριος"
42,12,47,"RP","GSM","⸀αὐτοῦ","αὐτοῦ","αὐτοῦ","αὐτός"
42,12,47,"C",NULL,"καὶ","καὶ","καί","καί"
42,12,47,"D",NULL,"μὴ","μὴ","μή","μή"
42,12,47,"V","AAPNSM","ἑτοιμάσας","ἑτοιμάσας","ἑτοιμάσας","ἑτοιμάζω"
42,12,47,"C",NULL,"⸀ἢ","ἢ","ἤ","ἤ"
42,12,47,"V","AAPNSM","ποιήσας","ποιήσας","ποιήσας","ποιέω"
42,12,47,"P",NULL,"πρὸς","πρὸς","πρός","πρός"
42,12,47,"RA","ASN","τὸ","τὸ","τό","ὁ"
42,12,47,"N","ASN","θέλημα","θέλημα","θέλημα","θέλημα"
42,12,47,"RP","GSM","αὐτοῦ","αὐτοῦ","αὐτοῦ","αὐτός"
42,12,47,"V","3FPI-S","δαρήσεται","δαρήσεται","δαρήσεται","δέρω"
42,12,47,"A","APF","πολλάς·","πολλάς","πολλάς","πολύς"
42,12,48,"RA","NSM","ὁ","ὁ","ὁ","ὁ"
42,12,48,"C",NULL,"δὲ","δὲ","δέ","δέ"
42,12,48,"D",NULL,"μὴ","μὴ","μή","μή"
42,12,48,"V","AAPNSM","γνοὺς","γνοὺς","γνούς","γινώσκω"
42,12,48,"V","AAPNSM","ποιήσας","ποιήσας","ποιήσας","ποιέω"
42,12,48,"C",NULL,"δὲ","δὲ","δέ","δέ"
42,12,48,"A","APN","ἄξια","ἄξια","ἄξια","ἄξιος"
42,12,48,"N","GPF","πληγῶν","πληγῶν","πληγῶν","πληγή"
42,12,48,"V","3FPI-S","δαρήσεται","δαρήσεται","δαρήσεται","δέρω"
42,12,48,"A","APF","ὀλίγας.","ὀλίγας","ὀλίγας","ὀλίγος"
42,12,48,"A","DSM","παντὶ","παντὶ","παντί","πᾶς"
42,12,48,"C",NULL,"δὲ","δὲ","δέ","δέ"
42,12,48,"RR","DSM","ᾧ","ᾧ","ᾧ","ὅς"
42,12,48,"V","3API-S","ἐδόθη","ἐδόθη","ἐδόθη","δίδωμι"
42,12,48,"A","NSN","πολύ,","πολύ","πολύ","πολύς"
42,12,48,"A","NSN","πολὺ","πολὺ","πολύ","πολύς"
42,12,48,"V","3FPI-S","ζητηθήσεται","ζητηθήσεται","ζητηθήσεται","ζητέω"
42,12,48,"P",NULL,"παρ’","παρ’","παρά","παρά"
42,12,48,"RP","GSM","αὐτοῦ,","αὐτοῦ","αὐτοῦ","αὐτός"
42,12,48,"C",NULL,"καὶ","καὶ","καί","καί"
42,12,48,"RR","DSM","ᾧ","ᾧ","ᾧ","ὅς"
42,12,48,"V","3AMI-P","παρέθεντο","παρέθεντο","παρέθεντο","παρατίθημι"
42,12,48,"A","ASN","πολύ,","πολύ","πολύ","πολύς"
42,12,48,"A","ASNC","περισσότερον","περισσότερον","περισσότερον","περισσότερος"
42,12,48,"V","3FAI-P","αἰτήσουσιν","αἰτήσουσιν","αἰτήσουσι(ν)","αἰτέω"
42,12,48,"RP","ASM","αὐτόν.","αὐτόν","αὐτόν","αὐτός"
42,12,49,"N","ASN","Πῦρ","Πῦρ","πῦρ","πῦρ"
42,12,49,"V","1AAI-S","ἦλθον","ἦλθον","ἦλθον","ἔρχομαι"
42,12,49,"V","AAN","βαλεῖν","βαλεῖν","βαλεῖν","βάλλω"
42,12,49,"P",NULL,"⸀ἐπὶ","ἐπὶ","ἐπί","ἐπί"
42,12,49,"RA","ASF","τὴν","τὴν","τήν","ὁ"
42,12,49,"N","ASF","γῆν,","γῆν","γῆν","γῆ"
42,12,49,"C",NULL,"καὶ","καὶ","καί","καί"
42,12,49,"RI","ASN","τί","τί","τί","τίς"
42,12,49,"V","1PAI-S","θέλω","θέλω","θέλω","θέλω"
42,12,49,"C",NULL,"εἰ","εἰ","εἰ","εἰ"
42,12,49,"D",NULL,"ἤδη","ἤδη","ἤδη","ἤδη"
42,12,49,"V","3API-S","ἀνήφθη;","ἀνήφθη","ἀνήφθη","ἀνάπτω"
42,12,50,"N","ASN","βάπτισμα","βάπτισμα","βάπτισμα","βάπτισμα"
42,12,50,"C",NULL,"δὲ","δὲ","δέ","δέ"
42,12,50,"V","1PAI-S","ἔχω","ἔχω","ἔχω","ἔχω"
42,12,50,"V","APN","βαπτισθῆναι,","βαπτισθῆναι","βαπτισθῆναι","βαπτίζω"
42,12,50,"C",NULL,"καὶ","καὶ","καί","καί"
42,12,50,"D",NULL,"πῶς","πῶς","πῶς","πῶς"
42,12,50,"V","1PPI-S","συνέχομαι","συνέχομαι","συνέχομαι","συνέχω"
42,12,50,"P",NULL,"ἕως","ἕως","ἕως","ἕως"
42,12,50,"RR","GSM","⸀ὅτου","ὅτου","ὅτου","ὅστις"
42,12,50,"V","3APS-S","τελεσθῇ.","τελεσθῇ","τελεσθῇ","τελέω"
42,12,51,"V","2PAI-P","δοκεῖτε","δοκεῖτε","δοκεῖτε","δοκέω"
42,12,51,"C",NULL,"ὅτι","ὅτι","ὅτι","ὅτι"
42,12,51,"N","ASF","εἰρήνην","εἰρήνην","εἰρήνην","εἰρήνη"
42,12,51,"V","1AMI-S","παρεγενόμην","παρεγενόμην","παρεγενόμην","παραγίνομαι"
42,12,51,"V","AAN","δοῦναι","δοῦναι","δοῦναι","δίδωμι"
42,12,51,"P",NULL,"ἐν","ἐν","ἐν","ἐν"
42,12,51,"RA","DSF","τῇ","τῇ","τῇ","ὁ"
42,12,51,"N","DSF","γῇ;","γῇ","γῇ","γῆ"
42,12,51,"D",NULL,"οὐχί,","οὐχί","οὐχί","οὐχί"
42,12,51,"V","1PAI-S","λέγω","λέγω","λέγω","λέγω"
42,12,51,"RP","DP","ὑμῖν,","ὑμῖν","ὑμῖν","σύ"
42,12,51,"C",NULL,"ἀλλ’","ἀλλ’","ἀλλά","ἀλλά"
42,12,51,"C",NULL,"ἢ","ἢ","ἤ","ἤ"
42,12,51,"N","ASM","διαμερισμόν.","διαμερισμόν","διαμερισμόν","διαμερισμός"
42,12,52,"V","3FMI-P","ἔσονται","ἔσονται","ἔσονται","εἰμί"
42,12,52,"C",NULL,"γὰρ","γὰρ","γάρ","γάρ"
42,12,52,"P",NULL,"ἀπὸ","ἀπὸ","ἀπό","ἀπό"
42,12,52,"RA","GSM","τοῦ","τοῦ","τοῦ","ὁ"
42,12,52,"D",NULL,"νῦν","νῦν","νῦν","νῦν"
42,12,52,"A","NPM","πέντε","πέντε","πέντε","πέντε"
42,12,52,"P",NULL,"ἐν","ἐν","ἐν","ἐν"
42,12,52,"A","DSM","⸂ἑνὶ","ἑνὶ","ἑνί","εἷς"
42,12,52,"N","DSM","οἴκῳ⸃","οἴκῳ","οἴκῳ","οἶκος"
42,12,52,"V","XPPNPM","διαμεμερισμένοι,","διαμεμερισμένοι","διαμεμερισμένοι","διαμερίζω"
42,12,52,"A","NPM","τρεῖς","τρεῖς","τρεῖς","τρεῖς"
42,12,52,"P",NULL,"ἐπὶ","ἐπὶ","ἐπί","ἐπί"
42,12,52,"A","DPM","δυσὶν","δυσὶν","δυσί(ν)","δύο"
42,12,52,"C",NULL,"καὶ","καὶ","καί","καί"
42,12,52,"A","NPM","δύο","δύο","δύο","δύο"
42,12,52,"P",NULL,"ἐπὶ","ἐπὶ","ἐπί","ἐπί"
42,12,52,"A","DPM","τρισίν,","τρισίν","τρισί(ν)","τρεῖς"
42,12,53,"V","3FPI-P","⸀διαμερισθήσονται","διαμερισθήσονται","διαμερισθήσονται","διαμερίζω"
42,12,53,"N","NSM","πατὴρ","πατὴρ","πατήρ","πατήρ"
42,12,53,"P",NULL,"ἐπὶ","ἐπὶ","ἐπί","ἐπί"
42,12,53,"N","DSM","υἱῷ","υἱῷ","υἱῷ","υἱός"
42,12,53,"C",NULL,"καὶ","καὶ","καί","καί"
42,12,53,"N","NSM","υἱὸς","υἱὸς","υἱός","υἱός"
42,12,53,"P",NULL,"ἐπὶ","ἐπὶ","ἐπί","ἐπί"
42,12,53,"N","DSM","πατρί,","πατρί","πατρί","πατήρ"
42,12,53,"N","NSF","μήτηρ","μήτηρ","μήτηρ","μήτηρ"
42,12,53,"P",NULL,"⸀ἐπὶ","ἐπὶ","ἐπί","ἐπί"
42,12,53,"N","ASF","⸀θυγατέρα","θυγατέρα","θυγατέρα","θυγάτηρ"
42,12,53,"C",NULL,"καὶ","καὶ","καί","καί"
42,12,53,"N","NSF","θυγάτηρ","θυγάτηρ","θυγάτηρ","θυγάτηρ"
42,12,53,"P",NULL,"ἐπὶ","ἐπὶ","ἐπί","ἐπί"
42,12,53,"RA","ASF","⸂τὴν","τὴν","τήν","ὁ"
42,12,53,"N","ASF","μητέρα⸃,","μητέρα","μητέρα","μήτηρ"
42,12,53,"N","NSF","πενθερὰ","πενθερὰ","πενθερά","πενθερά"
42,12,53,"P",NULL,"ἐπὶ","ἐπὶ","ἐπί","ἐπί"
42,12,53,"RA","ASF","τὴν","τὴν","τήν","ὁ"
42,12,53,"N","ASF","νύμφην","νύμφην","νύμφην","νύμφη"
42,12,53,"RP","GSF","αὐτῆς","αὐτῆς","αὐτῆς","αὐτός"
42,12,53,"C",NULL,"καὶ","καὶ","καί","καί"
42,12,53,"N","NSF","νύμφη","νύμφη","νύμφη","νύμφη"
42,12,53,"P",NULL,"ἐπὶ","ἐπὶ","ἐπί","ἐπί"
42,12,53,"RA","ASF","τὴν","τὴν","τήν","ὁ"
42,12,53,"N","ASF","⸀πενθεράν.","πενθεράν","πενθεράν","πενθερά"
42,12,54,"V","3IAI-S","Ἔλεγεν","Ἔλεγεν","ἔλεγε(ν)","λέγω"
42,12,54,"C",NULL,"δὲ","δὲ","δέ","δέ"
42,12,54,"D",NULL,"καὶ","καὶ","καί","καί"
42,12,54,"RA","DPM","τοῖς","τοῖς","τοῖς","ὁ"
42,12,54,"N","DPM","ὄχλοις·","ὄχλοις","ὄχλοις","ὄχλος"
42,12,54,"C",NULL,"Ὅταν","Ὅταν","ὅταν","ὅταν"
42,12,54,"V","2AAS-P","⸀ἴδητε","ἴδητε","ἴδητε","ὁράω"
42,12,54,"N","ASF","νεφέλην","νεφέλην","νεφέλην","νεφέλη"
42,12,54,"V","PAPASF","ἀνατέλλουσαν","ἀνατέλλουσαν","ἀνατέλλουσαν","ἀνατέλλω"
42,12,54,"P",NULL,"⸀ἐπὶ","ἐπὶ","ἐπί","ἐπί"
42,12,54,"N","GPF","δυσμῶν,","δυσμῶν","δυσμῶν","δυσμή"
42,12,54,"D",NULL,"εὐθέως","εὐθέως","εὐθέως","εὐθέως"
42,12,54,"V","2PAI-P","λέγετε","λέγετε","λέγετε","λέγω"
42,12,54,"C",NULL,"⸀ὅτι","ὅτι","ὅτι","ὅτι"
42,12,54,"N","NSM","Ὄμβρος","Ὄμβρος","ὄμβρος","ὄμβρος"
42,12,54,"V","3PMI-S","ἔρχεται,","ἔρχεται","ἔρχεται","ἔρχομαι"
42,12,54,"C",NULL,"καὶ","καὶ","καί","καί"
42,12,54,"V","3PMI-S","γίνεται","γίνεται","γίνεται","γίνομαι"
42,12,54,"D",NULL,"οὕτως·","οὕτως","οὕτω(ς)","οὕτω(ς)"
42,12,55,"C",NULL,"καὶ","καὶ","καί","καί"
42,12,55,"C",NULL,"ὅταν","ὅταν","ὅταν","ὅταν"
42,12,55,"N","ASM","νότον","νότον","νότον","νότος"
42,12,55,"V","PAPASM","πνέοντα,","πνέοντα","πνέοντα","πνέω"
42,12,55,"V","2PAI-P","λέγετε","λέγετε","λέγετε","λέγω"
42,12,55,"C",NULL,"ὅτι","ὅτι","ὅτι","ὅτι"
42,12,55,"N","NSM","Καύσων","Καύσων","καύσων","καύσων"
42,12,55,"V","3FMI-S","ἔσται,","ἔσται","ἔσται","εἰμί"
42,12,55,"C",NULL,"καὶ","καὶ","καί","καί"
42,12,55,"V","3PMI-S","γίνεται.","γίνεται","γίνεται","γίνομαι"
42,12,56,"N","VPM","ὑποκριταί,","ὑποκριταί","ὑποκριταί","ὑποκριτής"
42,12,56,"RA","ASN","τὸ","τὸ","τό","ὁ"
42,12,56,"N","ASN","πρόσωπον","πρόσωπον","πρόσωπον","πρόσωπον"
42,12,56,"RA","GSF","τῆς","τῆς","τῆς","ὁ"
42,12,56,"N","GSF","γῆς","γῆς","γῆς","γῆ"
42,12,56,"C",NULL,"καὶ","καὶ","καί","καί"
42,12,56,"RA","GSM","τοῦ","τοῦ","τοῦ","ὁ"
42,12,56,"N","GSM","οὐρανοῦ","οὐρανοῦ","οὐρανοῦ","οὐρανός"
42,12,56,"V","2XAI-P","οἴδατε","οἴδατε","οἴδατε","οἶδα"
42,12,56,"V","PAN","δοκιμάζειν,","δοκιμάζειν","δοκιμάζειν","δοκιμάζω"
42,12,56,"RA","ASM","τὸν","τὸν","τόν","ὁ"
42,12,56,"C",NULL,"⸂δὲ","δὲ","δέ","δέ"
42,12,56,"N","ASM","καιρὸν⸃","καιρὸν","καιρόν","καιρός"
42,12,56,"RD","ASM","τοῦτον","τοῦτον","τοῦτον","οὗτος"
42,12,56,"D",NULL,"πῶς","πῶς","πῶς","πῶς"
42,12,56,"D",NULL,"⸂οὐκ","οὐκ","οὐ","οὐ"
42,12,56,"V","2XAI-P","οἴδατε","οἴδατε","οἴδατε","οἶδα"
42,12,56,"V","PAN","δοκιμάζειν⸃;","δοκιμάζειν","δοκιμάζειν","δοκιμάζω"
42,12,57,"RI","ASN","Τί","Τί","τί","τίς"
42,12,57,"C",NULL,"δὲ","δὲ","δέ","δέ"
42,12,57,"D",NULL,"καὶ","καὶ","καί","καί"
42,12,57,"P",NULL,"ἀφ’","ἀφ’","ἀπό","ἀπό"
42,12,57,"RP","GPM","ἑαυτῶν","ἑαυτῶν","ἑαυτῶν","ἑαυτοῦ"
42,12,57,"D",NULL,"οὐ","οὐ","οὐ","οὐ"
42,12,57,"V","2PAI-P","κρίνετε","κρίνετε","κρίνετε","κρίνω"
42,12,57,"RA","ASN","τὸ","τὸ","τό","ὁ"
42,12,57,"A","ASN","δίκαιον;","δίκαιον","δίκαιον","δίκαιος"
42,12,58,"C",NULL,"ὡς","ὡς","ὡς","ὡς"
42,12,58,"C",NULL,"γὰρ","γὰρ","γάρ","γάρ"
42,12,58,"V","2PAI-S","ὑπάγεις","ὑπάγεις","ὑπάγεις","ὑπάγω"
42,12,58,"P",NULL,"μετὰ","μετὰ","μετά","μετά"
42,12,58,"RA","GSM","τοῦ","τοῦ","τοῦ","ὁ"
42,12,58,"N","GSM","ἀντιδίκου","ἀντιδίκου","ἀντιδίκου","ἀντίδικος"
42,12,58,"RP","GS","σου","σου","σου","σύ"
42,12,58,"P",NULL,"ἐπ’","ἐπ’","ἐπί","ἐπί"
42,12,58,"N","ASM","ἄρχοντα,","ἄρχοντα","ἄρχοντα","ἄρχων"
42,12,58,"P",NULL,"ἐν","ἐν","ἐν","ἐν"
42,12,58,"RA","DSF","τῇ","τῇ","τῇ","ὁ"
42,12,58,"N","DSF","ὁδῷ","ὁδῷ","ὁδῷ","ὁδός"
42,12,58,"V","2AAD-S","δὸς","δὸς","δός","δίδωμι"
42,12,58,"N","ASF","ἐργασίαν","ἐργασίαν","ἐργασίαν","ἐργασία"
42,12,58,"V","XPN","ἀπηλλάχθαι","ἀπηλλάχθαι","ἀπηλλάχθαι","ἀπαλλάσσω"
42,12,58,"P",NULL,"ἀπ’","ἀπ’","ἀπό","ἀπό"
42,12,58,"RP","GSM","αὐτοῦ,","αὐτοῦ","αὐτοῦ","αὐτός"
42,12,58,"C",NULL,"μήποτε","μήποτε","μήποτε","μήποτε"
42,12,58,"V","3PAS-S","κατασύρῃ","κατασύρῃ","κατασύρῃ","κατασύρω"
42,12,58,"RP","AS","σε","σε","σε","σύ"
42,12,58,"P",NULL,"πρὸς","πρὸς","πρός","πρός"
42,12,58,"RA","ASM","τὸν","τὸν","τόν","ὁ"
42,12,58,"N","ASM","κριτήν,","κριτήν","κριτήν","κριτής"
42,12,58,"C",NULL,"καὶ","καὶ","καί","καί"
42,12,58,"RA","NSM","ὁ","ὁ","ὁ","ὁ"
42,12,58,"N","NSM","κριτής","κριτής","κριτής","κριτής"
42,12,58,"RP","AS","σε","σε","σε","σύ"
42,12,58,"V","3FAI-S","⸀παραδώσει","παραδώσει","παραδώσει","παραδίδωμι"
42,12,58,"RA","DSM","τῷ","τῷ","τῷ","ὁ"
42,12,58,"N","DSM","πράκτορι,","πράκτορι","πράκτορι","πράκτωρ"
42,12,58,"C",NULL,"καὶ","καὶ","καί","καί"
42,12,58,"RA","NSM","ὁ","ὁ","ὁ","ὁ"
42,12,58,"N","NSM","πράκτωρ","πράκτωρ","πράκτωρ","πράκτωρ"
42,12,58,"RP","AS","σε","σε","σε","σύ"
42,12,58,"V","3FAI-S","⸀βαλεῖ","βαλεῖ","βαλεῖ","βάλλω"
42,12,58,"P",NULL,"εἰς","εἰς","εἰς","εἰς"
42,12,58,"N","ASF","φυλακήν.","φυλακήν","φυλακήν","φυλακή"
42,12,59,"V","1PAI-S","λέγω","λέγω","λέγω","λέγω"
42,12,59,"RP","DS","σοι,","σοι","σοι","σύ"
42,12,59,"D",NULL,"οὐ","οὐ","οὐ","οὐ"
42,12,59,"D",NULL,"μὴ","μὴ","μή","μή"
42,12,59,"V","2AAS-S","ἐξέλθῃς","ἐξέλθῃς","ἐξέλθῃς","ἐξέρχομαι"
42,12,59,"D",NULL,"ἐκεῖθεν","ἐκεῖθεν","ἐκεῖθεν","ἐκεῖθεν"
42,12,59,"C",NULL,"ἕως","ἕως","ἕως","ἕως"
42,12,59,"D",NULL,"⸂καὶ","καὶ","καί","καί"
42,12,59,"RA","ASN","τὸ⸃","τὸ","τό","ὁ"
42,12,59,"A","ASN","ἔσχατον","ἔσχατον","ἔσχατον","ἔσχατος"
42,12,59,"A","ASN","λεπτὸν","λεπτὸν","λεπτόν","λεπτόν"
42,12,59,"V","2AAS-S","ἀποδῷς.","ἀποδῷς","ἀποδῷς","ἀποδίδωμι"
42,13,01,"V","3IAI-P","Παρῆσαν","Παρῆσαν","παρῆσαν","πάρειμι"
42,13,01,"C",NULL,"δέ","δέ","δέ","δέ"
42,13,01,"RI","NPM","τινες","τινες","τινές","τις"
42,13,01,"P",NULL,"ἐν","ἐν","ἐν","ἐν"
42,13,01,"RP","DSM","αὐτῷ","αὐτῷ","αὐτῷ","αὐτός"
42,13,01,"RA","DSM","τῷ","τῷ","τῷ","ὁ"
42,13,01,"N","DSM","καιρῷ","καιρῷ","καιρῷ","καιρός"
42,13,01,"V","PAPNPM","ἀπαγγέλλοντες","ἀπαγγέλλοντες","ἀπαγγέλλοντες","ἀπαγγέλλω"
42,13,01,"RP","DSM","αὐτῷ","αὐτῷ","αὐτῷ","αὐτός"
42,13,01,"P",NULL,"περὶ","περὶ","περί","περί"
42,13,01,"RA","GPM","τῶν","τῶν","τῶν","ὁ"
42,13,01,"A","GPM","Γαλιλαίων","Γαλιλαίων","Γαλιλαίων","Γαλιλαῖος"
42,13,01,"RR","GPM","ὧν","ὧν","ὧν","ὅς"
42,13,01,"RA","ASN","τὸ","τὸ","τό","ὁ"
42,13,01,"N","ASN","αἷμα","αἷμα","αἷμα","αἷμα"
42,13,01,"N","NSM","Πιλᾶτος","Πιλᾶτος","Πιλᾶτος","Πιλᾶτος"
42,13,01,"V","3AAI-S","ἔμιξεν","ἔμιξεν","ἔμιξε(ν)","μίγνυμι"
42,13,01,"P",NULL,"μετὰ","μετὰ","μετά","μετά"
42,13,01,"RA","GPF","τῶν","τῶν","τῶν","ὁ"
42,13,01,"N","GPF","θυσιῶν","θυσιῶν","θυσιῶν","θυσία"
42,13,01,"RP","GPM","αὐτῶν.","αὐτῶν","αὐτῶν","αὐτός"
42,13,02,"C",NULL,"καὶ","καὶ","καί","καί"
42,13,02,"V","APPNSM","⸀ἀποκριθεὶς","ἀποκριθεὶς","ἀποκριθείς","ἀποκρίνομαι"
42,13,02,"V","3AAI-S","εἶπεν","εἶπεν","εἶπε(ν)","λέγω"
42,13,02,"RP","DPM","αὐτοῖς·","αὐτοῖς","αὐτοῖς","αὐτός"
42,13,02,"V","2PAI-P","Δοκεῖτε","Δοκεῖτε","δοκεῖτε","δοκέω"
42,13,02,"C",NULL,"ὅτι","ὅτι","ὅτι","ὅτι"
42,13,02,"RA","NPM","οἱ","οἱ","οἱ","ὁ"
42,13,02,"A","NPM","Γαλιλαῖοι","Γαλιλαῖοι","Γαλιλαῖοι","Γαλιλαῖος"
42,13,02,"RD","NPM","οὗτοι","οὗτοι","οὗτοι","οὗτος"
42,13,02,"A","NPM","ἁμαρτωλοὶ","ἁμαρτωλοὶ","ἁμαρτωλοί","ἁμαρτωλός"
42,13,02,"P",NULL,"παρὰ","παρὰ","παρά","παρά"
42,13,02,"A","APM","πάντας","πάντας","πάντας","πᾶς"
42,13,02,"RA","APM","τοὺς","τοὺς","τούς","ὁ"
42,13,02,"A","APM","Γαλιλαίους","Γαλιλαίους","Γαλιλαίους","Γαλιλαῖος"
42,13,02,"V","3AMI-P","ἐγένοντο,","ἐγένοντο","ἐγένοντο","γίνομαι"
42,13,02,"C",NULL,"ὅτι","ὅτι","ὅτι","ὅτι"
42,13,02,"RD","APN","⸀ταῦτα","ταῦτα","ταῦτα","οὗτος"
42,13,02,"V","3XAI-P","πεπόνθασιν;","πεπόνθασιν","πεπόνθασι(ν)","πάσχω"
42,13,03,"D",NULL,"οὐχί,","οὐχί","οὐχί","οὐχί"
42,13,03,"V","1PAI-S","λέγω","λέγω","λέγω","λέγω"
42,13,03,"RP","DP","ὑμῖν,","ὑμῖν","ὑμῖν","σύ"
42,13,03,"C",NULL,"ἀλλ’","ἀλλ’","ἀλλά","ἀλλά"
42,13,03,"C",NULL,"ἐὰν","ἐὰν","ἐάν","ἐάν"
42,13,03,"D",NULL,"μὴ","μὴ","μή","μή"
42,13,03,"V","2PAS-P","μετανοῆτε","μετανοῆτε","μετανοῆτε","μετανοέω"
42,13,03,"A","NPM","πάντες","πάντες","πάντες","πᾶς"
42,13,03,"D",NULL,"⸀ὁμοίως","ὁμοίως","ὁμοίως","ὁμοίως"
42,13,03,"V","2FMI-P","ἀπολεῖσθε.","ἀπολεῖσθε","ἀπολεῖσθε","ἀπόλλυμι"
42,13,04,"C",NULL,"ἢ","ἢ","ἤ","ἤ"
42,13,04,"RD","NPM","ἐκεῖνοι","ἐκεῖνοι","ἐκεῖνοι","ἐκεῖνος"
42,13,04,"RA","NPM","οἱ","οἱ","οἱ","ὁ"
42,13,04,"A","NPM","⸀δεκαοκτὼ","δεκαοκτὼ","δεκαοκτώ","δεκαοκτώ"
42,13,04,"P",NULL,"ἐφ’","ἐφ’","ἐπί","ἐπί"
42,13,04,"RR","APM","οὓς","οὓς","οὕς","ὅς"
42,13,04,"V","3AAI-S","ἔπεσεν","ἔπεσεν","ἔπεσε(ν)","πίπτω"
42,13,04,"RA","NSM","ὁ","ὁ","ὁ","ὁ"
42,13,04,"N","NSM","πύργος","πύργος","πύργος","πύργος"
42,13,04,"P",NULL,"ἐν","ἐν","ἐν","ἐν"
42,13,04,"RA","DSM","τῷ","τῷ","τῷ","ὁ"
42,13,04,"N","DSM","Σιλωὰμ","Σιλωὰμ","Σιλωάμ","Σιλωάμ"
42,13,04,"C",NULL,"καὶ","καὶ","καί","καί"
42,13,04,"V","3AAI-S","ἀπέκτεινεν","ἀπέκτεινεν","ἀπέκτεινε(ν)","ἀποκτείνω"
42,13,04,"RP","APM","αὐτούς,","αὐτούς","αὐτούς","αὐτός"
42,13,04,"V","2PAI-P","δοκεῖτε","δοκεῖτε","δοκεῖτε","δοκέω"
42,13,04,"C",NULL,"ὅτι","ὅτι","ὅτι","ὅτι"
42,13,04,"RP","NPM","⸀αὐτοὶ","αὐτοὶ","αὐτοί","αὐτός"
42,13,04,"N","NPM","ὀφειλέται","ὀφειλέται","ὀφειλέται","ὀφειλέτης"
42,13,04,"V","3AMI-P","ἐγένοντο","ἐγένοντο","ἐγένοντο","γίνομαι"
42,13,04,"P",NULL,"παρὰ","παρὰ","παρά","παρά"
42,13,04,"A","APM","πάντας","πάντας","πάντας","πᾶς"
42,13,04,"RA","APM","⸀τοὺς","τοὺς","τούς","ὁ"
42,13,04,"N","APM","ἀνθρώπους","ἀνθρώπους","ἀνθρώπους","ἄνθρωπος"
42,13,04,"RA","APM","τοὺς","τοὺς","τούς","ὁ"
42,13,04,"V","PAPAPM","⸀κατοικοῦντας","κατοικοῦντας","κατοικοῦντας","κατοικέω"
42,13,04,"N","ASF","Ἰερουσαλήμ;","Ἰερουσαλήμ","Ἰερουσαλήμ","Ἰερουσαλήμ"
42,13,05,"D",NULL,"οὐχί,","οὐχί","οὐχί","οὐχί"
42,13,05,"V","1PAI-S","λέγω","λέγω","λέγω","λέγω"
42,13,05,"RP","DP","ὑμῖν,","ὑμῖν","ὑμῖν","σύ"
42,13,05,"C",NULL,"ἀλλ’","ἀλλ’","ἀλλά","ἀλλά"
42,13,05,"C",NULL,"ἐὰν","ἐὰν","ἐάν","ἐάν"
42,13,05,"D",NULL,"μὴ","μὴ","μή","μή"
42,13,05,"V","2PAS-P","⸀μετανοῆτε","μετανοῆτε","μετανοῆτε","μετανοέω"
42,13,05,"A","NPM","πάντες","πάντες","πάντες","πᾶς"
42,13,05,"D",NULL,"⸀ὡσαύτως","ὡσαύτως","ὡσαύτως","ὡσαύτως"
42,13,05,"V","2FMI-P","ἀπολεῖσθε.","ἀπολεῖσθε","ἀπολεῖσθε","ἀπόλλυμι"
42,13,06,"V","3IAI-S","Ἔλεγεν","Ἔλεγεν","ἔλεγε(ν)","λέγω"
42,13,06,"C",NULL,"δὲ","δὲ","δέ","δέ"
42,13,06,"RD","ASF","ταύτην","ταύτην","ταύτην","οὗτος"
42,13,06,"RA","ASF","τὴν","τὴν","τήν","ὁ"
42,13,06,"N","ASF","παραβολήν.","παραβολήν","παραβολήν","παραβολή"
42,13,06,"N","ASF","Συκῆν","Συκῆν","συκῆν","συκῆ"
42,13,06,"V","3IAI-S","εἶχέν","εἶχέν","εἶχε(ν)","ἔχω"
42,13,06,"RI","NSM","τις","τις","τὶς","τις"
42,13,06,"V","XPPASF","⸂πεφυτευμένην","πεφυτευμένην","πεφυτευμένην","φυτεύω"
42,13,06,"P",NULL,"ἐν","ἐν","ἐν","ἐν"
42,13,06,"RA","DSM","τῷ","τῷ","τῷ","ὁ"
42,13,06,"N","DSM","ἀμπελῶνι","ἀμπελῶνι","ἀμπελῶνι","ἀμπελών"
42,13,06,"RP","GSM","αὐτοῦ⸃,","αὐτοῦ","αὐτοῦ","αὐτός"
42,13,06,"C",NULL,"καὶ","καὶ","καί","καί"
42,13,06,"V","3AAI-S","ἦλθεν","ἦλθεν","ἦλθε(ν)","ἔρχομαι"
42,13,06,"V","PAPNSM","ζητῶν","ζητῶν","ζητῶν","ζητέω"
42,13,06,"N","ASM","καρπὸν","καρπὸν","καρπόν","καρπός"
42,13,06,"P",NULL,"ἐν","ἐν","ἐν","ἐν"
42,13,06,"RP","DSF","αὐτῇ","αὐτῇ","αὐτῇ","αὐτός"
42,13,06,"C",NULL,"καὶ","καὶ","καί","καί"
42,13,06,"D",NULL,"οὐχ","οὐχ","οὐ","οὐ"
42,13,06,"V","3AAI-S","εὗρεν.","εὗρεν","εὗρε(ν)","εὑρίσκω"
42,13,07,"V","3AAI-S","εἶπεν","εἶπεν","εἶπε(ν)","λέγω"
42,13,07,"C",NULL,"δὲ","δὲ","δέ","δέ"
42,13,07,"P",NULL,"πρὸς","πρὸς","πρός","πρός"
42,13,07,"RA","ASM","τὸν","τὸν","τόν","ὁ"
42,13,07,"N","ASM","ἀμπελουργόν·","ἀμπελουργόν","ἀμπελουργόν","ἀμπελουργός"
42,13,07,"X",NULL,"Ἰδοὺ","Ἰδοὺ","ἰδού","ἰδού"
42,13,07,"A","APN","τρία","τρία","τρία","τρεῖς"
42,13,07,"N","APN","ἔτη","ἔτη","ἔτη","ἔτος"
42,13,07,"P",NULL,"⸂ἀφ’","ἀφ’","ἀπό","ἀπό"
42,13,07,"RR","GSM","οὗ⸃","οὗ","οὗ","ὅς"
42,13,07,"V","1PMI-S","ἔρχομαι","ἔρχομαι","ἔρχομαι","ἔρχομαι"
42,13,07,"V","PAPNSM","ζητῶν","ζητῶν","ζητῶν","ζητέω"
42,13,07,"N","ASM","καρπὸν","καρπὸν","καρπόν","καρπός"
42,13,07,"P",NULL,"ἐν","ἐν","ἐν","ἐν"
42,13,07,"RA","DSF","τῇ","τῇ","τῇ","ὁ"
42,13,07,"N","DSF","συκῇ","συκῇ","συκῇ","συκῆ"
42,13,07,"RD","DSF","ταύτῃ","ταύτῃ","ταύτῃ","οὗτος"
42,13,07,"C",NULL,"καὶ","καὶ","καί","καί"
42,13,07,"D",NULL,"οὐχ","οὐχ","οὐ","οὐ"
42,13,07,"V","1PAI-S","εὑρίσκω·","εὑρίσκω","εὑρίσκω","εὑρίσκω"
42,13,07,"V","2AAD-S","⸀ἔκκοψον","ἔκκοψον","ἔκκοψον","ἐκκόπτω"
42,13,07,"RP","ASF","αὐτήν·","αὐτήν","αὐτήν","αὐτός"
42,13,07,"D",NULL,"ἱνατί","ἱνατί","ἱνατί","ἱνατί"
42,13,07,"D",NULL,"καὶ","καὶ","καί","καί"
42,13,07,"RA","ASF","τὴν","τὴν","τήν","ὁ"
42,13,07,"N","ASF","γῆν","γῆν","γῆν","γῆ"
42,13,07,"V","3PAI-S","καταργεῖ;","καταργεῖ","καταργεῖ","καταργέω"
42,13,08,"RA","NSM","ὁ","ὁ","ὁ","ὁ"
42,13,08,"C",NULL,"δὲ","δὲ","δέ","δέ"
42,13,08,"V","APPNSM","ἀποκριθεὶς","ἀποκριθεὶς","ἀποκριθείς","ἀποκρίνομαι"
42,13,08,"V","3PAI-S","λέγει","λέγει","λέγει","λέγω"
42,13,08,"RP","DSM","αὐτῷ·","αὐτῷ","αὐτῷ","αὐτός"
42,13,08,"N","VSM","Κύριε,","Κύριε","κύριε","κύριος"
42,13,08,"V","2AAD-S","ἄφες","ἄφες","ἄφες","ἀφίημι"
42,13,08,"RP","ASF","αὐτὴν","αὐτὴν","αὐτήν","αὐτός"
42,13,08,"D",NULL,"καὶ","καὶ","καί","καί"
42,13,08,"RD","ASN","τοῦτο","τοῦτο","τοῦτο","οὗτος"
42,13,08,"RA","ASN","τὸ","τὸ","τό","ὁ"
42,13,08,"N","ASN","ἔτος,","ἔτος","ἔτος","ἔτος"
42,13,08,"P",NULL,"ἕως","ἕως","ἕως","ἕως"
42,13,08,"RR","GSM","ὅτου","ὅτου","ὅτου","ὅστις"
42,13,08,"V","1AAS-S","σκάψω","σκάψω","σκάψω","σκάπτω"
42,13,08,"P",NULL,"περὶ","περὶ","περί","περί"
42,13,08,"RP","ASF","αὐτὴν","αὐτὴν","αὐτήν","αὐτός"
42,13,08,"C",NULL,"καὶ","καὶ","καί","καί"
42,13,08,"V","1AAS-S","βάλω","βάλω","βάλω","βάλλω"
42,13,08,"N","APN","κόπρια·","κόπρια","κόπρια","κόπριον"
42,13,09,"C",NULL,"κἂν","κἂν","κἄν","κἄν"
42,13,09,"C",NULL,"μὲν","μὲν","μέν","μέν"
42,13,09,"V","3AAS-S","ποιήσῃ","ποιήσῃ","ποιήσῃ","ποιέω"
42,13,09,"N","ASM","καρπὸν","καρπὸν","καρπόν","καρπός"
42,13,09,"P",NULL,"⸂εἰς","εἰς","εἰς","εἰς"
42,13,09,"RA","ASN","τὸ","τὸ","τό","ὁ"
42,13,09,"V","PAPASN","μέλλον—","μέλλον","μέλλον","μέλλω"
42,13,09,"C",NULL,"εἰ","εἰ","εἰ","εἰ"
42,13,09,"C",NULL,"δὲ","δὲ","δέ","δέ"
42,13,09,"D",NULL,"μήγε,⸃","μήγε","μήγε","μήγε"
42,13,09,"V","2FAI-S","ἐκκόψεις","ἐκκόψεις","ἐκκόψεις","ἐκκόπτω"
42,13,09,"RP","ASF","αὐτήν.","αὐτήν","αὐτήν","αὐτός"
42,13,10,"V","3IAI-S","Ἦν","Ἦν","ἦν","εἰμί"
42,13,10,"C",NULL,"δὲ","δὲ","δέ","δέ"
42,13,10,"V","PAPNSM","διδάσκων","διδάσκων","διδάσκων","διδάσκω"
42,13,10,"P",NULL,"ἐν","ἐν","ἐν","ἐν"
42,13,10,"A","DSF","μιᾷ","μιᾷ","μιᾷ","εἷς"
42,13,10,"RA","GPF","τῶν","τῶν","τῶν","ὁ"
42,13,10,"N","GPF","συναγωγῶν","συναγωγῶν","συναγωγῶν","συναγωγή"
42,13,10,"P",NULL,"ἐν","ἐν","ἐν","ἐν"
42,13,10,"RA","DPN","τοῖς","τοῖς","τοῖς","ὁ"
42,13,10,"N","DPN","σάββασιν.","σάββασιν","σάββασι(ν)","σάββατον"
42,13,11,"C",NULL,"καὶ","καὶ","καί","καί"
42,13,11,"X",NULL,"ἰδοὺ","ἰδοὺ","ἰδού","ἰδού"
42,13,11,"N","NSF","⸀γυνὴ","γυνὴ","γυνή","γυνή"
42,13,11,"N","ASN","πνεῦμα","πνεῦμα","πνεῦμα","πνεῦμα"
42,13,11,"V","PAPNSF","ἔχουσα","ἔχουσα","ἔχουσα","ἔχω"
42,13,11,"N","GSF","ἀσθενείας","ἀσθενείας","ἀσθενείας","ἀσθένεια"
42,13,11,"N","APN","ἔτη","ἔτη","ἔτη","ἔτος"
42,13,11,"A","APN","⸀δεκαοκτώ,","δεκαοκτώ","δεκαοκτώ","δεκαοκτώ"
42,13,11,"C",NULL,"καὶ","καὶ","καί","καί"
42,13,11,"V","3IAI-S","ἦν","ἦν","ἦν","εἰμί"
42,13,11,"V","PAPNSF","συγκύπτουσα","συγκύπτουσα","συγκύπτουσα","συγκύπτω"
42,13,11,"C",NULL,"καὶ","καὶ","καί","καί"
42,13,11,"D",NULL,"μὴ","μὴ","μή","μή"
42,13,11,"V","PMPNSF","δυναμένη","δυναμένη","δυναμένη","δύναμαι"
42,13,11,"V","AAN","ἀνακύψαι","ἀνακύψαι","ἀνακύψαι","ἀνακύπτω"
42,13,11,"P",NULL,"εἰς","εἰς","εἰς","εἰς"
42,13,11,"RA","ASN","τὸ","τὸ","τό","ὁ"
42,13,11,"A","ASN","παντελές.","παντελές","παντελές","παντελής"
42,13,12,"V","AAPNSM","ἰδὼν","ἰδὼν","ἰδών","ὁράω"
42,13,12,"C",NULL,"δὲ","δὲ","δέ","δέ"
42,13,12,"RP","ASF","αὐτὴν","αὐτὴν","αὐτήν","αὐτός"
42,13,12,"RA","NSM","ὁ","ὁ","ὁ","ὁ"
42,13,12,"N","NSM","Ἰησοῦς","Ἰησοῦς","Ἰησοῦς","Ἰησοῦς"
42,13,12,"V","3AAI-S","προσεφώνησεν","προσεφώνησεν","προσεφώνησε(ν)","προσφωνέω"
42,13,12,"C",NULL,"καὶ","καὶ","καί","καί"
42,13,12,"V","3AAI-S","εἶπεν","εἶπεν","εἶπε(ν)","λέγω"
42,13,12,"RP","DSF","αὐτῇ·","αὐτῇ","αὐτῇ","αὐτός"
42,13,12,"N","VSF","Γύναι,","Γύναι","γύναι","γυνή"
42,13,12,"V","2XPI-S","ἀπολέλυσαι","ἀπολέλυσαι","ἀπολέλυσαι","ἀπολύω"
42,13,12,"RA","GSF","τῆς","τῆς","τῆς","ὁ"
42,13,12,"N","GSF","ἀσθενείας","ἀσθενείας","ἀσθενείας","ἀσθένεια"
42,13,12,"RP","GS","σου,","σου","σου","σύ"
42,13,13,"C",NULL,"καὶ","καὶ","καί","καί"
42,13,13,"V","3AAI-S","ἐπέθηκεν","ἐπέθηκεν","ἐπέθηκε(ν)","ἐπιτίθημι"
42,13,13,"RP","DSF","αὐτῇ","αὐτῇ","αὐτῇ","αὐτός"
42,13,13,"RA","APF","τὰς","τὰς","τάς","ὁ"
42,13,13,"N","APF","χεῖρας·","χεῖρας","χεῖρας","χείρ"
42,13,13,"C",NULL,"καὶ","καὶ","καί","καί"
42,13,13,"D",NULL,"παραχρῆμα","παραχρῆμα","παραχρῆμα","παραχρῆμα"
42,13,13,"V","3API-S","ἀνωρθώθη,","ἀνωρθώθη","ἀνωρθώθη","ἀνορθόω"
42,13,13,"C",NULL,"καὶ","καὶ","καί","καί"
42,13,13,"V","3IAI-S","ἐδόξαζεν","ἐδόξαζεν","ἐδόξαζε(ν)","δοξάζω"
42,13,13,"RA","ASM","τὸν","τὸν","τόν","ὁ"
42,13,13,"N","ASM","θεόν.","θεόν","θεόν","θεός"
42,13,14,"V","APPNSM","ἀποκριθεὶς","ἀποκριθεὶς","ἀποκριθείς","ἀποκρίνομαι"
42,13,14,"C",NULL,"δὲ","δὲ","δέ","δέ"
42,13,14,"RA","NSM","ὁ","ὁ","ὁ","ὁ"
42,13,14,"N","NSM","ἀρχισυνάγωγος,","ἀρχισυνάγωγος","ἀρχισυνάγωγος","ἀρχισυνάγωγος"
42,13,14,"V","PAPNSM","ἀγανακτῶν","ἀγανακτῶν","ἀγανακτῶν","ἀγανακτέω"
42,13,14,"C",NULL,"ὅτι","ὅτι","ὅτι","ὅτι"
42,13,14,"RA","DSN","τῷ","τῷ","τῷ","ὁ"
42,13,14,"N","DSN","σαββάτῳ","σαββάτῳ","σαββάτῳ","σάββατον"
42,13,14,"V","3AAI-S","ἐθεράπευσεν","ἐθεράπευσεν","ἐθεράπευσε(ν)","θεραπεύω"
42,13,14,"RA","NSM","ὁ","ὁ","ὁ","ὁ"
42,13,14,"N","NSM","Ἰησοῦς,","Ἰησοῦς","Ἰησοῦς","Ἰησοῦς"
42,13,14,"V","3IAI-S","ἔλεγεν","ἔλεγεν","ἔλεγε(ν)","λέγω"
42,13,14,"RA","DSM","τῷ","τῷ","τῷ","ὁ"
42,13,14,"N","DSM","ὄχλῳ","ὄχλῳ","ὄχλῳ","ὄχλος"
42,13,14,"C",NULL,"⸀ὅτι","ὅτι","ὅτι","ὅτι"
42,13,14,"A","NPF","Ἓξ","Ἓξ","ἕξ","ἕξ"
42,13,14,"N","NPF","ἡμέραι","ἡμέραι","ἡμέραι","ἡμέρα"
42,13,14,"V","3PAI-P","εἰσὶν","εἰσὶν","εἰσί(ν)","εἰμί"
42,13,14,"P",NULL,"ἐν","ἐν","ἐν","ἐν"
42,13,14,"RR","DPF","αἷς","αἷς","αἷς","ὅς"
42,13,14,"V","3PAI-S","δεῖ","δεῖ","δεῖ","δέω"
42,13,14,"V","PMN","ἐργάζεσθαι·","ἐργάζεσθαι","ἐργάζεσθαι","ἐργάζομαι"
42,13,14,"P",NULL,"ἐν","ἐν","ἐν","ἐν"
42,13,14,"RP","DPF","⸀αὐταῖς","αὐταῖς","αὐταῖς","αὐτός"
42,13,14,"C",NULL,"οὖν","οὖν","οὖν","οὖν"
42,13,14,"V","PMPNPM","ἐρχόμενοι","ἐρχόμενοι","ἐρχόμενοι","ἔρχομαι"
42,13,14,"V","2PPD-P","θεραπεύεσθε","θεραπεύεσθε","θεραπεύεσθε","θεραπεύω"
42,13,14,"C",NULL,"καὶ","καὶ","καί","καί"
42,13,14,"D",NULL,"μὴ","μὴ","μή","μή"
42,13,14,"RA","DSF","τῇ","τῇ","τῇ","ὁ"
42,13,14,"N","DSF","ἡμέρᾳ","ἡμέρᾳ","ἡμέρᾳ","ἡμέρα"
42,13,14,"RA","GSN","τοῦ","τοῦ","τοῦ","ὁ"
42,13,14,"N","GSN","σαββάτου.","σαββάτου","σαββάτου","σάββατον"
42,13,15,"V","3API-S","ἀπεκρίθη","ἀπεκρίθη","ἀπεκρίθη","ἀποκρίνομαι"
42,13,15,"C",NULL,"⸀δὲ","δὲ","δέ","δέ"
42,13,15,"RP","DSM","αὐτῷ","αὐτῷ","αὐτῷ","αὐτός"
42,13,15,"RA","NSM","ὁ","ὁ","ὁ","ὁ"
42,13,15,"N","NSM","κύριος","κύριος","κύριος","κύριος"
42,13,15,"C",NULL,"καὶ","καὶ","καί","καί"
42,13,15,"V","3AAI-S","εἶπεν·","εἶπεν","εἶπε(ν)","λέγω"
42,13,15,"N","VPM","Ὑποκριταί,","Ὑποκριταί","ὑποκριταί","ὑποκριτής"
42,13,15,"A","NSM","ἕκαστος","ἕκαστος","ἕκαστος","ἕκαστος"
42,13,15,"RP","GP","ὑμῶν","ὑμῶν","ὑμῶν","σύ"
42,13,15,"RA","DSN","τῷ","τῷ","τῷ","ὁ"
42,13,15,"N","DSN","σαββάτῳ","σαββάτῳ","σαββάτῳ","σάββατον"
42,13,15,"X",NULL,"οὐ","οὐ","οὐ","οὐ"
42,13,15,"V","3PAI-S","λύει","λύει","λύει","λύω"
42,13,15,"RA","ASM","τὸν","τὸν","τόν","ὁ"
42,13,15,"N","ASM","βοῦν","βοῦν","βοῦν","βοῦς"
42,13,15,"RP","GSM","αὐτοῦ","αὐτοῦ","αὐτοῦ","αὐτός"
42,13,15,"C",NULL,"ἢ","ἢ","ἤ","ἤ"
42,13,15,"RA","ASM","τὸν","τὸν","τόν","ὁ"
42,13,15,"N","ASM","ὄνον","ὄνον","ὄνον","ὄνος"
42,13,15,"P",NULL,"ἀπὸ","ἀπὸ","ἀπό","ἀπό"
42,13,15,"RA","GSF","τῆς","τῆς","τῆς","ὁ"
42,13,15,"N","GSF","φάτνης","φάτνης","φάτνης","φάτνη"
42,13,15,"C",NULL,"καὶ","καὶ","καί","καί"
42,13,15,"V","AAPNSM","⸀ἀπαγαγὼν","ἀπαγαγὼν","ἀπαγαγών","ἀπάγω"
42,13,15,"V","3PAI-S","ποτίζει;","ποτίζει","ποτίζει","ποτίζω"
42,13,16,"RD","ASF","ταύτην","ταύτην","ταύτην","οὗτος"
42,13,16,"C",NULL,"δὲ","δὲ","δέ","δέ"
42,13,16,"N","ASF","θυγατέρα","θυγατέρα","θυγατέρα","θυγάτηρ"
42,13,16,"N","GSM","Ἀβραὰμ","Ἀβραὰμ","Ἀβραάμ","Ἀβραάμ"
42,13,16,"V","PAPASF","οὖσαν,","οὖσαν","οὖσαν","εἰμί"
42,13,16,"RR","ASF","ἣν","ἣν","ἥν","ὅς"
42,13,16,"V","3AAI-S","ἔδησεν","ἔδησεν","ἔδησε(ν)","δέω"
42,13,16,"RA","NSM","ὁ","ὁ","ὁ","ὁ"
42,13,16,"N","NSM","Σατανᾶς","Σατανᾶς","Σατανᾶς","Σατανᾶς"
42,13,16,"X",NULL,"ἰδοὺ","ἰδοὺ","ἰδού","ἰδού"
42,13,16,"A","APN","δέκα","δέκα","δέκα","δέκα"
42,13,16,"C",NULL,"καὶ","καὶ","καί","καί"
42,13,16,"A","APN","ὀκτὼ","ὀκτὼ","ὀκτώ","ὀκτώ"
42,13,16,"N","APN","ἔτη,","ἔτη","ἔτη","ἔτος"
42,13,16,"X",NULL,"οὐκ","οὐκ","οὐ","οὐ"
42,13,16,"V","3IAI-S","ἔδει","ἔδει","ἔδει","δέω"
42,13,16,"V","APN","λυθῆναι","λυθῆναι","λυθῆναι","λύω"
42,13,16,"P",NULL,"ἀπὸ","ἀπὸ","ἀπό","ἀπό"
42,13,16,"RA","GSM","τοῦ","τοῦ","τοῦ","ὁ"
42,13,16,"N","GSM","δεσμοῦ","δεσμοῦ","δεσμοῦ","δεσμός"
42,13,16,"RD","GSM","τούτου","τούτου","τούτου","οὗτος"
42,13,16,"RA","DSF","τῇ","τῇ","τῇ","ὁ"
42,13,16,"N","DSF","ἡμέρᾳ","ἡμέρᾳ","ἡμέρᾳ","ἡμέρα"
42,13,16,"RA","GSN","τοῦ","τοῦ","τοῦ","ὁ"
42,13,16,"N","GSN","σαββάτου;","σαββάτου","σαββάτου","σάββατον"
42,13,17,"C",NULL,"καὶ","καὶ","καί","καί"
42,13,17,"RD","APN","ταῦτα","ταῦτα","ταῦτα","οὗτος"
42,13,17,"V","PAPGSM","λέγοντος","λέγοντος","λέγοντος","λέγω"
42,13,17,"RP","GSM","αὐτοῦ","αὐτοῦ","αὐτοῦ","αὐτός"
42,13,17,"V","3IPI-P","κατῃσχύνοντο","κατῃσχύνοντο","κατῃσχύνοντο","καταισχύνω"
42,13,17,"A","NPM","πάντες","πάντες","πάντες","πᾶς"
42,13,17,"RA","NPM","οἱ","οἱ","οἱ","ὁ"
42,13,17,"V","PMPNPM","ἀντικείμενοι","ἀντικείμενοι","ἀντικείμενοι","ἀντίκειμαι"
42,13,17,"RP","DSM","αὐτῷ,","αὐτῷ","αὐτῷ","αὐτός"
42,13,17,"C",NULL,"καὶ","καὶ","καί","καί"
42,13,17,"A","NSM","πᾶς","πᾶς","πᾶς","πᾶς"
42,13,17,"RA","NSM","ὁ","ὁ","ὁ","ὁ"
42,13,17,"N","NSM","ὄχλος","ὄχλος","ὄχλος","ὄχλος"
42,13,17,"V","3IAI-S","ἔχαιρεν","ἔχαιρεν","ἔχαιρε(ν)","χαίρω"
42,13,17,"P",NULL,"ἐπὶ","ἐπὶ","ἐπί","ἐπί"
42,13,17,"A","DPN","πᾶσιν","πᾶσιν","πᾶσι(ν)","πᾶς"
42,13,17,"RA","DPN","τοῖς","τοῖς","τοῖς","ὁ"
42,13,17,"A","DPN","ἐνδόξοις","ἐνδόξοις","ἐνδόξοις","ἔνδοξος"
42,13,17,"RA","DPN","τοῖς","τοῖς","τοῖς","ὁ"
42,13,17,"V","PMPDPN","γινομένοις","γινομένοις","γινομένοις","γίνομαι"
42,13,17,"P",NULL,"ὑπ’","ὑπ’","ὑπό","ὑπό"
42,13,17,"RP","GSM","αὐτοῦ.","αὐτοῦ","αὐτοῦ","αὐτός"
42,13,18,"V","3IAI-S","Ἔλεγεν","Ἔλεγεν","ἔλεγε(ν)","λέγω"
42,13,18,"C",NULL,"⸀οὖν·","οὖν","οὖν","οὖν"
42,13,18,"RI","DSN","Τίνι","Τίνι","τίνι","τίς"
42,13,18,"A","NSF","ὁμοία","ὁμοία","ὁμοία","ὅμοιος"
42,13,18,"V","3PAI-S","ἐστὶν","ἐστὶν","ἐστί(ν)","εἰμί"
42,13,18,"RA","NSF","ἡ","ἡ","ἡ","ὁ"
42,13,18,"N","NSF","βασιλεία","βασιλεία","βασιλεία","βασιλεία"
42,13,18,"RA","GSM","τοῦ","τοῦ","τοῦ","ὁ"
42,13,18,"N","GSM","θεοῦ,","θεοῦ","θεοῦ","θεός"
42,13,18,"C",NULL,"καὶ","καὶ","καί","καί"
42,13,18,"RI","DSN","τίνι","τίνι","τίνι","τίς"
42,13,18,"V","1FAI-S","ὁμοιώσω","ὁμοιώσω","ὁμοιώσω","ὁμοιόω"
42,13,18,"RP","ASF","αὐτήν;","αὐτήν","αὐτήν","αὐτός"
42,13,19,"A","NSF","ὁμοία","ὁμοία","ὁμοία","ὅμοιος"
42,13,19,"V","3PAI-S","ἐστὶν","ἐστὶν","ἐστί(ν)","εἰμί"
42,13,19,"N","DSM","κόκκῳ","κόκκῳ","κόκκῳ","κόκκος"
42,13,19,"N","GSN","σινάπεως,","σινάπεως","σινάπεως","σίναπι"
42,13,19,"RR","ASM","ὃν","ὃν","ὅν","ὅς"
42,13,19,"V","AAPNSM","λαβὼν","λαβὼν","λαβών","λαμβάνω"
42,13,19,"N","NSM","ἄνθρωπος","ἄνθρωπος","ἄνθρωπος","ἄνθρωπος"
42,13,19,"V","3AAI-S","ἔβαλεν","ἔβαλεν","ἔβαλε(ν)","βάλλω"
42,13,19,"P",NULL,"εἰς","εἰς","εἰς","εἰς"
42,13,19,"N","ASM","κῆπον","κῆπον","κῆπον","κῆπος"
42,13,19,"RP","GSM","ἑαυτοῦ,","ἑαυτοῦ","ἑαυτοῦ","ἑαυτοῦ"
42,13,19,"C",NULL,"καὶ","καὶ","καί","καί"
42,13,19,"V","3AAI-S","ηὔξησεν","ηὔξησεν","ηὔξησε(ν)","αὐξάνω"
42,13,19,"C",NULL,"καὶ","καὶ","καί","καί"
42,13,19,"V","3AMI-S","ἐγένετο","ἐγένετο","ἐγένετο","γίνομαι"
42,13,19,"P",NULL,"εἰς","εἰς","εἰς","εἰς"
42,13,19,"N","ASN","⸀δένδρον,","δένδρον","δένδρον","δένδρον"
42,13,19,"C",NULL,"καὶ","καὶ","καί","καί"
42,13,19,"RA","NPN","τὰ","τὰ","τά","ὁ"
42,13,19,"A","NPN","πετεινὰ","πετεινὰ","πετεινά","πετεινόν"
42,13,19,"RA","GSM","τοῦ","τοῦ","τοῦ","ὁ"
42,13,19,"N","GSM","οὐρανοῦ","οὐρανοῦ","οὐρανοῦ","οὐρανός"
42,13,19,"V","3AAI-S","κατεσκήνωσεν","κατεσκήνωσεν","κατεσκήνωσε(ν)","κατασκηνόω"
42,13,19,"P",NULL,"ἐν","ἐν","ἐν","ἐν"
42,13,19,"RA","DPM","τοῖς","τοῖς","τοῖς","ὁ"
42,13,19,"N","DPM","κλάδοις","κλάδοις","κλάδοις","κλάδος"
42,13,19,"RP","GSN","αὐτοῦ.","αὐτοῦ","αὐτοῦ","αὐτός"
42,13,20,"C",NULL,"⸀Καὶ","Καὶ","καί","καί"
42,13,20,"D",NULL,"πάλιν","πάλιν","πάλιν","πάλιν"
42,13,20,"V","3AAI-S","εἶπεν·","εἶπεν","εἶπε(ν)","λέγω"
42,13,20,"RI","DSN","Τίνι","Τίνι","τίνι","τίς"
42,13,20,"V","1FAI-S","ὁμοιώσω","ὁμοιώσω","ὁμοιώσω","ὁμοιόω"
42,13,20,"RA","ASF","τὴν","τὴν","τήν","ὁ"
42,13,20,"N","ASF","βασιλείαν","βασιλείαν","βασιλείαν","βασιλεία"
42,13,20,"RA","GSM","τοῦ","τοῦ","τοῦ","ὁ"
42,13,20,"N","GSM","θεοῦ;","θεοῦ","θεοῦ","θεός"
42,13,21,"A","NSF","ὁμοία","ὁμοία","ὁμοία","ὅμοιος"
42,13,21,"V","3PAI-S","ἐστὶν","ἐστὶν","ἐστί(ν)","εἰμί"
42,13,21,"N","DSF","ζύμῃ,","ζύμῃ","ζύμῃ","ζύμη"
42,13,21,"RR","ASF","ἣν","ἣν","ἥν","ὅς"
42,13,21,"V","AAPNSF","λαβοῦσα","λαβοῦσα","λαβοῦσα","λαμβάνω"
42,13,21,"N","NSF","γυνὴ","γυνὴ","γυνή","γυνή"
42,13,21,"V","3AAI-S","⸀ἔκρυψεν","ἔκρυψεν","ἔκρυψε(ν)","κρύπτω"
42,13,21,"P",NULL,"εἰς","εἰς","εἰς","εἰς"
42,13,21,"N","GSN","ἀλεύρου","ἀλεύρου","ἀλεύρου","ἄλευρον"
42,13,21,"N","APN","σάτα","σάτα","σάτα","σάτον"
42,13,21,"A","APN","τρία","τρία","τρία","τρεῖς"
42,13,21,"P",NULL,"ἕως","ἕως","ἕως","ἕως"
42,13,21,"RR","GSM","οὗ","οὗ","οὗ","ὅς"
42,13,21,"V","3API-S","ἐζυμώθη","ἐζυμώθη","ἐζυμώθη","ζυμόω"
42,13,21,"A","NSN","ὅλον.","ὅλον","ὅλον","ὅλος"
42,13,22,"C",NULL,"Καὶ","Καὶ","καί","καί"
42,13,22,"V","3IMI-S","διεπορεύετο","διεπορεύετο","διεπορεύετο","διαπορεύομαι"
42,13,22,"P",NULL,"κατὰ","κατὰ","κατά","κατά"
42,13,22,"N","APF","πόλεις","πόλεις","πόλεις","πόλις"
42,13,22,"C",NULL,"καὶ","καὶ","καί","καί"
42,13,22,"N","APF","κώμας","κώμας","κώμας","κώμη"
42,13,22,"V","PAPNSM","διδάσκων","διδάσκων","διδάσκων","διδάσκω"
42,13,22,"C",NULL,"καὶ","καὶ","καί","καί"
42,13,22,"N","ASF","πορείαν","πορείαν","πορείαν","πορεία"
42,13,22,"V","PMPNSM","ποιούμενος","ποιούμενος","ποιούμενος","ποιέω"
42,13,22,"P",NULL,"εἰς","εἰς","εἰς","εἰς"
42,13,22,"N","APN","⸀Ἱεροσόλυμα.","Ἱεροσόλυμα","Ἱεροσόλυμα","Ἱεροσόλυμα"
42,13,23,"V","3AAI-S","εἶπεν","εἶπεν","εἶπε(ν)","λέγω"
42,13,23,"C",NULL,"δέ","δέ","δέ","δέ"
42,13,23,"RI","NSM","τις","τις","τὶς","τις"
42,13,23,"RP","DSM","αὐτῷ·","αὐτῷ","αὐτῷ","αὐτός"
42,13,23,"N","VSM","Κύριε,","Κύριε","κύριε","κύριος"
42,13,23,"X",NULL,"εἰ","εἰ","εἰ","εἰ"
42,13,23,"A","NPM","ὀλίγοι","ὀλίγοι","ὀλίγοι","ὀλίγος"
42,13,23,"RA","NPM","οἱ","οἱ","οἱ","ὁ"
42,13,23,"V","PPPNPM","σῳζόμενοι;","σῳζόμενοι","σῳζόμενοι","σῴζω"
42,13,23,"RA","NSM","ὁ","ὁ","ὁ","ὁ"
42,13,23,"C",NULL,"δὲ","δὲ","δέ","δέ"
42,13,23,"V","3AAI-S","εἶπεν","εἶπεν","εἶπε(ν)","λέγω"
42,13,23,"P",NULL,"πρὸς","πρὸς","πρός","πρός"
42,13,23,"RP","APM","αὐτούς·","αὐτούς","αὐτούς","αὐτός"
42,13,24,"V","2PMD-P","Ἀγωνίζεσθε","Ἀγωνίζεσθε","ἀγωνίζεσθε","ἀγωνίζομαι"
42,13,24,"V","AAN","εἰσελθεῖν","εἰσελθεῖν","εἰσελθεῖν","εἰσέρχομαι"
42,13,24,"P",NULL,"διὰ","διὰ","διά","διά"
42,13,24,"RA","GSF","τῆς","τῆς","τῆς","ὁ"
42,13,24,"A","GSF","στενῆς","στενῆς","στενῆς","στενός"
42,13,24,"N","GSF","⸀θύρας,","θύρας","θύρας","θύρα"
42,13,24,"C",NULL,"ὅτι","ὅτι","ὅτι","ὅτι"
42,13,24,"A","NPM","πολλοί,","πολλοί","πολλοί","πολύς"
42,13,24,"V","1PAI-S","λέγω","λέγω","λέγω","λέγω"
42,13,24,"RP","DP","ὑμῖν,","ὑμῖν","ὑμῖν","σύ"
42,13,24,"V","3FAI-P","ζητήσουσιν","ζητήσουσιν","ζητήσουσι(ν)","ζητέω"
42,13,24,"V","AAN","εἰσελθεῖν","εἰσελθεῖν","εἰσελθεῖν","εἰσέρχομαι"
42,13,24,"C",NULL,"καὶ","καὶ","καί","καί"
42,13,24,"D",NULL,"οὐκ","οὐκ","οὐ","οὐ"
42,13,24,"V","3FAI-P","ἰσχύσουσιν,","ἰσχύσουσιν","ἰσχύσουσι(ν)","ἰσχύω"
42,13,25,"P",NULL,"ἀφ’","ἀφ’","ἀπό","ἀπό"
42,13,25,"RR","GSM","οὗ","οὗ","οὗ","ὅς"
42,13,25,"X",NULL,"ἂν","ἂν","ἄν","ἄν"
42,13,25,"V","3APS-S","ἐγερθῇ","ἐγερθῇ","ἐγερθῇ","ἐγείρω"
42,13,25,"RA","NSM","ὁ","ὁ","ὁ","ὁ"
42,13,25,"N","NSM","οἰκοδεσπότης","οἰκοδεσπότης","οἰκοδεσπότης","οἰκοδεσπότης"
42,13,25,"C",NULL,"καὶ","καὶ","καί","καί"
42,13,25,"V","3AAS-S","ἀποκλείσῃ","ἀποκλείσῃ","ἀποκλείσῃ","ἀποκλείω"
42,13,25,"RA","ASF","τὴν","τὴν","τήν","ὁ"
42,13,25,"N","ASF","θύραν,","θύραν","θύραν","θύρα"
42,13,25,"C",NULL,"καὶ","καὶ","καί","καί"
42,13,25,"V","2AMS-P","ἄρξησθε","ἄρξησθε","ἄρξησθε","ἄρχω"
42,13,25,"D",NULL,"ἔξω","ἔξω","ἔξω","ἔξω"
42,13,25,"V","XAN","ἑστάναι","ἑστάναι","ἑστάναι","ἵστημι"
42,13,25,"C",NULL,"καὶ","καὶ","καί","καί"
42,13,25,"V","PAN","κρούειν","κρούειν","κρούειν","κρούω"
42,13,25,"RA","ASF","τὴν","τὴν","τήν","ὁ"
42,13,25,"N","ASF","θύραν","θύραν","θύραν","θύρα"
42,13,25,"V","PAPNPM","λέγοντες·","λέγοντες","λέγοντες","λέγω"
42,13,25,"N","VSM","⸀Κύριε,","Κύριε","κύριε","κύριος"
42,13,25,"V","2AAD-S","ἄνοιξον","ἄνοιξον","ἄνοιξον","ἀνοίγω"
42,13,25,"RP","DP","ἡμῖν·","ἡμῖν","ἡμῖν","ἐγώ"
42,13,25,"C",NULL,"καὶ","καὶ","καί","καί"
42,13,25,"V","APPNSM","ἀποκριθεὶς","ἀποκριθεὶς","ἀποκριθείς","ἀποκρίνομαι"
42,13,25,"V","3FAI-S","ἐρεῖ","ἐρεῖ","ἐρεῖ","λέγω"
42,13,25,"RP","DP","ὑμῖν·","ὑμῖν","ὑμῖν","σύ"
42,13,25,"D",NULL,"Οὐκ","Οὐκ","οὐ","οὐ"
42,13,25,"V","1XAI-S","οἶδα","οἶδα","οἶδα","οἶδα"
42,13,25,"RP","AP","ὑμᾶς","ὑμᾶς","ὑμᾶς","σύ"
42,13,25,"D",NULL,"πόθεν","πόθεν","πόθεν","πόθεν"
42,13,25,"V","2PAI-P","ἐστέ.","ἐστέ","ἐστέ","εἰμί"
42,13,26,"D",NULL,"τότε","τότε","τότε","τότε"
42,13,26,"V","2FMI-P","ἄρξεσθε","ἄρξεσθε","ἄρξεσθε","ἄρχω"
42,13,26,"V","PAN","λέγειν·","λέγειν","λέγειν","λέγω"
42,13,26,"V","1AAI-P","Ἐφάγομεν","Ἐφάγομεν","ἐφάγομεν","ἐσθίω"
42,13,26,"P",NULL,"ἐνώπιόν","ἐνώπιόν","ἐνώπιον","ἐνώπιον"
42,13,26,"RP","GS","σου","σου","σου","σύ"
42,13,26,"C",NULL,"καὶ","καὶ","καί","καί"
42,13,26,"V","1AAI-P","ἐπίομεν,","ἐπίομεν","ἐπίομεν","πίνω"
42,13,26,"C",NULL,"καὶ","καὶ","καί","καί"
42,13,26,"P",NULL,"ἐν","ἐν","ἐν","ἐν"
42,13,26,"RA","DPF","ταῖς","ταῖς","ταῖς","ὁ"
42,13,26,"A","DPF","πλατείαις","πλατείαις","πλατείαις","πλατύς"
42,13,26,"RP","GP","ἡμῶν","ἡμῶν","ἡμῶν","ἐγώ"
42,13,26,"V","2AAI-S","ἐδίδαξας·","ἐδίδαξας","ἐδίδαξας","διδάσκω"
42,13,27,"C",NULL,"καὶ","καὶ","καί","καί"
42,13,27,"V","3FAI-S","ἐρεῖ","ἐρεῖ","ἐρεῖ","λέγω"
42,13,27,"V","PAPNSM","⸀λέγων","λέγων","λέγων","λέγω"
42,13,27,"RP","DP","ὑμῖν·","ὑμῖν","ὑμῖν","σύ"
42,13,27,"D",NULL,"Οὐκ","Οὐκ","οὐ","οὐ"
42,13,27,"V","1XAI-S","⸀οἶδα","οἶδα","οἶδα","οἶδα"
42,13,27,"D",NULL,"πόθεν","πόθεν","πόθεν","πόθεν"
42,13,27,"V","2PAI-P","ἐστέ·","ἐστέ","ἐστέ","εἰμί"
42,13,27,"V","2AAD-P","ἀπόστητε","ἀπόστητε","ἀπόστητε","ἀφίσταμαι"
42,13,27,"P",NULL,"ἀπ’","ἀπ’","ἀπό","ἀπό"
42,13,27,"RP","GS","ἐμοῦ,","ἐμοῦ","ἐμοῦ","ἐγώ"
42,13,27,"A","VPM","πάντες","πάντες","πάντες","πᾶς"
42,13,27,"N","VPM","⸀ἐργάται","ἐργάται","ἐργάται","ἐργάτης"
42,13,27,"N","GSF","ἀδικίας.","ἀδικίας","ἀδικίας","ἀδικία"
42,13,28,"D",NULL,"ἐκεῖ","ἐκεῖ","ἐκεῖ","ἐκεῖ"
42,13,28,"V","3FMI-S","ἔσται","ἔσται","ἔσται","εἰμί"
42,13,28,"RA","NSM","ὁ","ὁ","ὁ","ὁ"
42,13,28,"N","NSM","κλαυθμὸς","κλαυθμὸς","κλαυθμός","κλαυθμός"
42,13,28,"C",NULL,"καὶ","καὶ","καί","καί"
42,13,28,"RA","NSM","ὁ","ὁ","ὁ","ὁ"
42,13,28,"N","NSM","βρυγμὸς","βρυγμὸς","βρυγμός","βρυγμός"
42,13,28,"RA","GPM","τῶν","τῶν","τῶν","ὁ"
42,13,28,"N","GPM","ὀδόντων,","ὀδόντων","ὀδόντων","ὀδούς"
42,13,28,"C",NULL,"ὅταν","ὅταν","ὅταν","ὅταν"
42,13,28,"V","2AMS-P","⸀ὄψησθε","ὄψησθε","ὄψησθε","ὁράω"
42,13,28,"N","ASM","Ἀβραὰμ","Ἀβραὰμ","Ἀβραάμ","Ἀβραάμ"
42,13,28,"C",NULL,"καὶ","καὶ","καί","καί"
42,13,28,"N","ASM","Ἰσαὰκ","Ἰσαὰκ","Ἰσαάκ","Ἰσαάκ"
42,13,28,"C",NULL,"καὶ","καὶ","καί","καί"
42,13,28,"N","ASM","Ἰακὼβ","Ἰακὼβ","Ἰακώβ","Ἰακώβ"
42,13,28,"C",NULL,"καὶ","καὶ","καί","καί"
42,13,28,"A","APM","πάντας","πάντας","πάντας","πᾶς"
42,13,28,"RA","APM","τοὺς","τοὺς","τούς","ὁ"
42,13,28,"N","APM","προφήτας","προφήτας","προφήτας","προφήτης"
42,13,28,"P",NULL,"ἐν","ἐν","ἐν","ἐν"
42,13,28,"RA","DSF","τῇ","τῇ","τῇ","ὁ"
42,13,28,"N","DSF","βασιλείᾳ","βασιλείᾳ","βασιλείᾳ","βασιλεία"
42,13,28,"RA","GSM","τοῦ","τοῦ","τοῦ","ὁ"
42,13,28,"N","GSM","θεοῦ,","θεοῦ","θεοῦ","θεός"
42,13,28,"RP","AP","ὑμᾶς","ὑμᾶς","ὑμᾶς","σύ"
42,13,28,"C",NULL,"δὲ","δὲ","δέ","δέ"
42,13,28,"V","PPPAPM","ἐκβαλλομένους","ἐκβαλλομένους","ἐκβαλλομένους","ἐκβάλλω"
42,13,28,"D",NULL,"ἔξω.","ἔξω","ἔξω","ἔξω"
42,13,29,"C",NULL,"καὶ","καὶ","καί","καί"
42,13,29,"V","3FAI-P","ἥξουσιν","ἥξουσιν","ἥξουσι(ν)","ἥκω"
42,13,29,"P",NULL,"ἀπὸ","ἀπὸ","ἀπό","ἀπό"
42,13,29,"N","GPF","ἀνατολῶν","ἀνατολῶν","ἀνατολῶν","ἀνατολή"
42,13,29,"C",NULL,"καὶ","καὶ","καί","καί"
42,13,29,"N","GPF","δυσμῶν","δυσμῶν","δυσμῶν","δυσμή"
42,13,29,"C",NULL,"καὶ","καὶ","καί","καί"
42,13,29,"P",NULL,"⸀ἀπὸ","ἀπὸ","ἀπό","ἀπό"
42,13,29,"N","GSM","βορρᾶ","βορρᾶ","βορρᾶ","βορρᾶς"
42,13,29,"C",NULL,"καὶ","καὶ","καί","καί"
42,13,29,"N","GSM","νότου","νότου","νότου","νότος"
42,13,29,"C",NULL,"καὶ","καὶ","καί","καί"
42,13,29,"V","3FPI-P","ἀνακλιθήσονται","ἀνακλιθήσονται","ἀνακλιθήσονται","ἀνακλίνω"
42,13,29,"P",NULL,"ἐν","ἐν","ἐν","ἐν"
42,13,29,"RA","DSF","τῇ","τῇ","τῇ","ὁ"
42,13,29,"N","DSF","βασιλείᾳ","βασιλείᾳ","βασιλείᾳ","βασιλεία"
42,13,29,"RA","GSM","τοῦ","τοῦ","τοῦ","ὁ"
42,13,29,"N","GSM","θεοῦ.","θεοῦ","θεοῦ","θεός"
42,13,30,"C",NULL,"καὶ","καὶ","καί","καί"
42,13,30,"X",NULL,"ἰδοὺ","ἰδοὺ","ἰδού","ἰδού"
42,13,30,"V","3PAI-P","εἰσὶν","εἰσὶν","εἰσί(ν)","εἰμί"
42,13,30,"A","NPM","ἔσχατοι","ἔσχατοι","ἔσχατοι","ἔσχατος"
42,13,30,"RR","NPM","οἳ","οἳ","οἵ","ὅς"
42,13,30,"V","3FMI-P","ἔσονται","ἔσονται","ἔσονται","εἰμί"
42,13,30,"A","NPM","πρῶτοι,","πρῶτοι","πρῶτοι","πρῶτος"
42,13,30,"C",NULL,"καὶ","καὶ","καί","καί"
42,13,30,"V","3PAI-P","εἰσὶν","εἰσὶν","εἰσί(ν)","εἰμί"
42,13,30,"A","NPM","πρῶτοι","πρῶτοι","πρῶτοι","πρῶτος"
42,13,30,"RR","NPM","οἳ","οἳ","οἵ","ὅς"
42,13,30,"V","3FMI-P","ἔσονται","ἔσονται","ἔσονται","εἰμί"
42,13,30,"A","NPM","ἔσχατοι.","ἔσχατοι","ἔσχατοι","ἔσχατος"
42,13,31,"P",NULL,"Ἐν","Ἐν","ἐν","ἐν"
42,13,31,"RP","DSF","αὐτῇ","αὐτῇ","αὐτῇ","αὐτός"
42,13,31,"RA","DSF","τῇ","τῇ","τῇ","ὁ"
42,13,31,"N","DSF","⸀ὥρᾳ","ὥρᾳ","ὥρᾳ","ὥρα"
42,13,31,"V","3AAI-P","προσῆλθάν","προσῆλθάν","προσῆλθαν","προσέρχομαι"
42,13,31,"RI","NPM","τινες","τινες","τινές","τις"
42,13,31,"N","NPM","Φαρισαῖοι","Φαρισαῖοι","Φαρισαῖοι","Φαρισαῖος"
42,13,31,"V","PAPNPM","λέγοντες","λέγοντες","λέγοντες","λέγω"
42,13,31,"RP","DSM","αὐτῷ·","αὐτῷ","αὐτῷ","αὐτός"
42,13,31,"V","2AAD-S","Ἔξελθε","Ἔξελθε","ἔξελθε","ἐξέρχομαι"
42,13,31,"C",NULL,"καὶ","καὶ","καί","καί"
42,13,31,"V","2PMD-S","πορεύου","πορεύου","πορεύου","πορεύομαι"
42,13,31,"D",NULL,"ἐντεῦθεν,","ἐντεῦθεν","ἐντεῦθεν","ἐντεῦθεν"
42,13,31,"C",NULL,"ὅτι","ὅτι","ὅτι","ὅτι"
42,13,31,"N","NSM","Ἡρῴδης","Ἡρῴδης","Ἡρῴδης","Ἡρῴδης"
42,13,31,"V","3PAI-S","θέλει","θέλει","θέλει","θέλω"
42,13,31,"RP","AS","σε","σε","σε","σύ"
42,13,31,"V","AAN","ἀποκτεῖναι.","ἀποκτεῖναι","ἀποκτεῖναι","ἀποκτείνω"
42,13,32,"C",NULL,"καὶ","καὶ","καί","καί"
42,13,32,"V","3AAI-S","εἶπεν","εἶπεν","εἶπε(ν)","λέγω"
42,13,32,"RP","DPM","αὐτοῖς·","αὐτοῖς","αὐτοῖς","αὐτός"
42,13,32,"V","APPNPM","Πορευθέντες","Πορευθέντες","πορευθέντες","πορεύομαι"
42,13,32,"V","2AAD-P","εἴπατε","εἴπατε","εἴπατε","λέγω"
42,13,32,"RA","DSF","τῇ","τῇ","τῇ","ὁ"
42,13,32,"N","DSF","ἀλώπεκι","ἀλώπεκι","ἀλώπεκι","ἀλώπηξ"
42,13,32,"RD","DSF","ταύτῃ·","ταύτῃ","ταύτῃ","οὗτος"
42,13,32,"X",NULL,"Ἰδοὺ","Ἰδοὺ","ἰδού","ἰδού"
42,13,32,"V","1PAI-S","ἐκβάλλω","ἐκβάλλω","ἐκβάλλω","ἐκβάλλω"
42,13,32,"N","APN","δαιμόνια","δαιμόνια","δαιμόνια","δαιμόνιον"
42,13,32,"C",NULL,"καὶ","καὶ","καί","καί"
42,13,32,"N","APF","ἰάσεις","ἰάσεις","ἰάσεις","ἴασις"
42,13,32,"V","1PAI-S","⸀ἀποτελῶ","ἀποτελῶ","ἀποτελῶ","ἀποτελέω"
42,13,32,"D",NULL,"σήμερον","σήμερον","σήμερον","σήμερον"
42,13,32,"C",NULL,"καὶ","καὶ","καί","καί"
42,13,32,"D",NULL,"αὔριον,","αὔριον","αὔριον","αὔριον"
42,13,32,"C",NULL,"καὶ","καὶ","καί","καί"
42,13,32,"RA","DSF","τῇ","τῇ","τῇ","ὁ"
42,13,32,"A","DSF","τρίτῃ","τρίτῃ","τρίτῃ","τρίτος"
42,13,32,"V","1PPI-S","τελειοῦμαι.","τελειοῦμαι","τελειοῦμαι","τελειόω"
42,13,33,"C",NULL,"πλὴν","πλὴν","πλήν","πλήν"
42,13,33,"V","3PAI-S","δεῖ","δεῖ","δεῖ","δέω"
42,13,33,"RP","AS","με","με","με","ἐγώ"
42,13,33,"D",NULL,"σήμερον","σήμερον","σήμερον","σήμερον"
42,13,33,"C",NULL,"καὶ","καὶ","καί","καί"
42,13,33,"D",NULL,"αὔριον","αὔριον","αὔριον","αὔριον"
42,13,33,"C",NULL,"καὶ","καὶ","καί","καί"
42,13,33,"RA","DSF","τῇ","τῇ","τῇ","ὁ"
42,13,33,"V","PMPDSF","ἐχομένῃ","ἐχομένῃ","ἐχομένῃ","ἔχω"
42,13,33,"V","PMN","πορεύεσθαι,","πορεύεσθαι","πορεύεσθαι","πορεύομαι"
42,13,33,"C",NULL,"ὅτι","ὅτι","ὅτι","ὅτι"
42,13,33,"D",NULL,"οὐκ","οὐκ","οὐ","οὐ"
42,13,33,"V","3PMI-S","ἐνδέχεται","ἐνδέχεται","ἐνδέχεται","ἐνδέχεται"
42,13,33,"N","ASM","προφήτην","προφήτην","προφήτην","προφήτης"
42,13,33,"V","AMN","ἀπολέσθαι","ἀπολέσθαι","ἀπολέσθαι","ἀπόλλυμι"
42,13,33,"P",NULL,"ἔξω","ἔξω","ἔξω","ἔξω"
42,13,33,"N","GSF","Ἰερουσαλήμ.","Ἰερουσαλήμ","Ἰερουσαλήμ","Ἰερουσαλήμ"
42,13,34,"N","VSF","Ἰερουσαλὴμ","Ἰερουσαλὴμ","Ἰερουσαλήμ","Ἰερουσαλήμ"
42,13,34,"N","VSF","Ἰερουσαλήμ,","Ἰερουσαλήμ","Ἰερουσαλήμ","Ἰερουσαλήμ"
42,13,34,"RA","NSF","ἡ","ἡ","ἡ","ὁ"
42,13,34,"V","PAPNSF","ἀποκτείνουσα","ἀποκτείνουσα","ἀποκτείνουσα","ἀποκτείνω"
42,13,34,"RA","APM","τοὺς","τοὺς","τούς","ὁ"
42,13,34,"N","APM","προφήτας","προφήτας","προφήτας","προφήτης"
42,13,34,"C",NULL,"καὶ","καὶ","καί","καί"
42,13,34,"V","PAPNSF","λιθοβολοῦσα","λιθοβολοῦσα","λιθοβολοῦσα","λιθοβολέω"
42,13,34,"RA","APM","τοὺς","τοὺς","τούς","ὁ"
42,13,34,"V","XPPAPM","ἀπεσταλμένους","ἀπεσταλμένους","ἀπεσταλμένους","ἀποστέλλω"
42,13,34,"P",NULL,"πρὸς","πρὸς","πρός","πρός"
42,13,34,"RP","ASF","αὐτήν—","αὐτήν","αὐτήν","αὐτός"
42,13,34,"D",NULL,"ποσάκις","ποσάκις","ποσάκις","ποσάκις"
42,13,34,"V","1AAI-S","ἠθέλησα","ἠθέλησα","ἠθέλησα","θέλω"
42,13,34,"V","AAN","ἐπισυνάξαι","ἐπισυνάξαι","ἐπισυνάξαι","ἐπισυνάγω"
42,13,34,"RA","APN","τὰ","τὰ","τά","ὁ"
42,13,34,"N","APN","τέκνα","τέκνα","τέκνα","τέκνον"
42,13,34,"RP","GS","σου","σου","σου","σύ"
42,13,34,"RR","ASM","ὃν","ὃν","ὅν","ὅς"
42,13,34,"N","ASM","τρόπον","τρόπον","τρόπον","τρόπος"
42,13,34,"N","NSF","ὄρνις","ὄρνις","ὄρνις","ὄρνις"
42,13,34,"RA","ASF","τὴν","τὴν","τήν","ὁ"
42,13,34,"RP","GSF","ἑαυτῆς","ἑαυτῆς","ἑαυτῆς","ἑαυτοῦ"
42,13,34,"N","ASF","νοσσιὰν","νοσσιὰν","νοσσιάν","νοσσιά"
42,13,34,"P",NULL,"ὑπὸ","ὑπὸ","ὑπό","ὑπό"
42,13,34,"RA","APF","τὰς","τὰς","τάς","ὁ"
42,13,34,"N","APF","πτέρυγας,","πτέρυγας","πτέρυγας","πτέρυξ"
42,13,34,"C",NULL,"καὶ","καὶ","καί","καί"
42,13,34,"D",NULL,"οὐκ","οὐκ","οὐ","οὐ"
42,13,34,"V","2AAI-P","ἠθελήσατε.","ἠθελήσατε","ἠθελήσατε","θέλω"
42,13,35,"X",NULL,"ἰδοὺ","ἰδοὺ","ἰδού","ἰδού"
42,13,35,"V","3PPI-S","ἀφίεται","ἀφίεται","ἀφίεται","ἀφίημι"
42,13,35,"RP","DP","ὑμῖν","ὑμῖν","ὑμῖν","σύ"
42,13,35,"RA","NSM","ὁ","ὁ","ὁ","ὁ"
42,13,35,"N","NSM","οἶκος","οἶκος","οἶκος","οἶκος"
42,13,35,"RP","GP","⸀ὑμῶν.","ὑμῶν","ὑμῶν","σύ"
42,13,35,"V","1PAI-S","λέγω","λέγω","λέγω","λέγω"
42,13,35,"C",NULL,"⸀δὲ","δὲ","δέ","δέ"
42,13,35,"RP","DP","⸀ὑμῖν,","ὑμῖν","ὑμῖν","σύ"
42,13,35,"D",NULL,"οὐ","οὐ","οὐ","οὐ"
42,13,35,"D",NULL,"μὴ","μὴ","μή","μή"
42,13,35,"V","2AAS-P","⸂ἴδητέ","ἴδητέ","ἴδητε","ὁράω"
42,13,35,"RP","AS","με⸃","με","με","ἐγώ"
42,13,35,"C",NULL,"ἕως","ἕως","ἕως","ἕως"
42,13,35,"V","3FAI-S","⸂ἥξει","ἥξει","ἥξει","ἥκω"
42,13,35,"C",NULL,"ὅτε⸃","ὅτε","ὅτε","ὅτε"
42,13,35,"V","2AAS-P","εἴπητε·","εἴπητε","εἴπητε","λέγω"
42,13,35,"V","XPPNSM","Εὐλογημένος","Εὐλογημένος","εὐλογημένος","εὐλογέω"
42,13,35,"RA","NSM","ὁ","ὁ","ὁ","ὁ"
42,13,35,"V","PMPNSM","ἐρχόμενος","ἐρχόμενος","ἐρχόμενος","ἔρχομαι"
42,13,35,"P",NULL,"ἐν","ἐν","ἐν","ἐν"
42,13,35,"N","DSN","ὀνόματι","ὀνόματι","ὀνόματι","ὄνομα"
42,13,35,"N","GSM","κυρίου.","κυρίου","κυρίου","κύριος"
42,14,01,"C",NULL,"Καὶ","Καὶ","καί","καί"
42,14,01,"V","3AMI-S","ἐγένετο","ἐγένετο","ἐγένετο","γίνομαι"
42,14,01,"P",NULL,"ἐν","ἐν","ἐν","ἐν"
42,14,01,"RA","DSN","τῷ","τῷ","τῷ","ὁ"
42,14,01,"V","AAN","ἐλθεῖν","ἐλθεῖν","ἐλθεῖν","ἔρχομαι"
42,14,01,"RP","ASM","αὐτὸν","αὐτὸν","αὐτόν","αὐτός"
42,14,01,"P",NULL,"εἰς","εἰς","εἰς","εἰς"
42,14,01,"N","ASM","οἶκόν","οἶκόν","οἶκον","οἶκος"
42,14,01,"RI","GSM","τινος","τινος","τινός","τις"
42,14,01,"RA","GPM","τῶν","τῶν","τῶν","ὁ"
42,14,01,"N","GPM","ἀρχόντων","ἀρχόντων","ἀρχόντων","ἄρχων"
42,14,01,"RA","GPM","τῶν","τῶν","τῶν","ὁ"
42,14,01,"N","GPM","Φαρισαίων","Φαρισαίων","Φαρισαίων","Φαρισαῖος"
42,14,01,"N","DSN","σαββάτῳ","σαββάτῳ","σαββάτῳ","σάββατον"
42,14,01,"V","AAN","φαγεῖν","φαγεῖν","φαγεῖν","ἐσθίω"
42,14,01,"N","ASM","ἄρτον","ἄρτον","ἄρτον","ἄρτος"
42,14,01,"C",NULL,"καὶ","καὶ","καί","καί"
42,14,01,"RP","NPM","αὐτοὶ","αὐτοὶ","αὐτοί","αὐτός"
42,14,01,"V","3IAI-P","ἦσαν","ἦσαν","ἦσαν","εἰμί"
42,14,01,"V","PMPNPM","παρατηρούμενοι","παρατηρούμενοι","παρατηρούμενοι","παρατηρέω"
42,14,01,"RP","ASM","αὐτόν.","αὐτόν","αὐτόν","αὐτός"
42,14,02,"C",NULL,"καὶ","καὶ","καί","καί"
42,14,02,"X",NULL,"ἰδοὺ","ἰδοὺ","ἰδού","ἰδού"
42,14,02,"N","NSM","ἄνθρωπός","ἄνθρωπός","ἄνθρωπος","ἄνθρωπος"
42,14,02,"RI","NSM","τις","τις","τὶς","τις"
42,14,02,"V","3IAI-S","ἦν","ἦν","ἦν","εἰμί"
42,14,02,"A","NSM","ὑδρωπικὸς","ὑδρωπικὸς","ὑδρωπικός","ὑδρωπικός"
42,14,02,"P",NULL,"ἔμπροσθεν","ἔμπροσθεν","ἔμπροσθεν","ἔμπροσθεν"
42,14,02,"RP","GSM","αὐτοῦ.","αὐτοῦ","αὐτοῦ","αὐτός"
42,14,03,"C",NULL,"καὶ","καὶ","καί","καί"
42,14,03,"V","APPNSM","ἀποκριθεὶς","ἀποκριθεὶς","ἀποκριθείς","ἀποκρίνομαι"
42,14,03,"RA","NSM","ὁ","ὁ","ὁ","ὁ"
42,14,03,"N","NSM","Ἰησοῦς","Ἰησοῦς","Ἰησοῦς","Ἰησοῦς"
42,14,03,"V","3AAI-S","εἶπεν","εἶπεν","εἶπε(ν)","λέγω"
42,14,03,"P",NULL,"πρὸς","πρὸς","πρός","πρός"
42,14,03,"RA","APM","τοὺς","τοὺς","τούς","ὁ"
42,14,03,"A","APM","νομικοὺς","νομικοὺς","νομικούς","νομικός"
42,14,03,"C",NULL,"καὶ","καὶ","καί","καί"
42,14,03,"N","APM","Φαρισαίους","Φαρισαίους","Φαρισαίους","Φαρισαῖος"
42,14,03,"V","PAPNSM","λέγων·","λέγων","λέγων","λέγω"
42,14,03,"V","3PAI-S","⸀Ἔξεστιν","Ἔξεστιν","ἔξεστι(ν)","ἔξεστι(ν)"
42,14,03,"RA","DSN","τῷ","τῷ","τῷ","ὁ"
42,14,03,"N","DSN","σαββάτῳ","σαββάτῳ","σαββάτῳ","σάββατον"
42,14,03,"V","AAN","⸂θεραπεῦσαι","θεραπεῦσαι","θεραπεῦσαι","θεραπεύω"
42,14,03,"C",NULL,"ἢ","ἢ","ἤ","ἤ"
42,14,03,"D",NULL,"οὔ⸃;","οὔ","οὔ","οὔ"
42,14,04,"RA","NPM","οἱ","οἱ","οἱ","ὁ"
42,14,04,"C",NULL,"δὲ","δὲ","δέ","δέ"
42,14,04,"V","3AAI-P","ἡσύχασαν.","ἡσύχασαν","ἡσύχασαν","ἡσυχάζω"
42,14,04,"C",NULL,"καὶ","καὶ","καί","καί"
42,14,04,"V","AMPNSM","ἐπιλαβόμενος","ἐπιλαβόμενος","ἐπιλαβόμενος","ἐπιλαμβάνομαι"
42,14,04,"V","3AMI-S","ἰάσατο","ἰάσατο","ἰάσατο","ἰάομαι"
42,14,04,"RP","ASM","αὐτὸν","αὐτὸν","αὐτόν","αὐτός"
42,14,04,"C",NULL,"καὶ","καὶ","καί","καί"
42,14,04,"V","3AAI-S","ἀπέλυσεν.","ἀπέλυσεν","ἀπέλυσε(ν)","ἀπολύω"
42,14,05,"C",NULL,"⸀καὶ","καὶ","καί","καί"
42,14,05,"P",NULL,"πρὸς","πρὸς","πρός","πρός"
42,14,05,"RP","APM","αὐτοὺς","αὐτοὺς","αὐτούς","αὐτός"
42,14,05,"V","3AAI-S","εἶπεν·","εἶπεν","εἶπε(ν)","λέγω"
42,14,05,"RI","GSM","Τίνος","Τίνος","τίνος","τίς"
42,14,05,"RP","GP","ὑμῶν","ὑμῶν","ὑμῶν","σύ"
42,14,05,"N","NSM","υἱὸς","υἱὸς","υἱός","υἱός"
42,14,05,"C",NULL,"ἢ","ἢ","ἤ","ἤ"
42,14,05,"N","NSM","βοῦς","βοῦς","βοῦς","βοῦς"
42,14,05,"P",NULL,"εἰς","εἰς","εἰς","εἰς"
42,14,05,"N","ASN","φρέαρ","φρέαρ","φρέαρ","φρέαρ"
42,14,05,"V","3FMI-S","⸀πεσεῖται,","πεσεῖται","πεσεῖται","πίπτω"
42,14,05,"C",NULL,"καὶ","καὶ","καί","καί"
42,14,05,"X",NULL,"οὐκ","οὐκ","οὐ","οὐ"
42,14,05,"D",NULL,"εὐθέως","εὐθέως","εὐθέως","εὐθέως"
42,14,05,"V","3FAI-S","ἀνασπάσει","ἀνασπάσει","ἀνασπάσει","ἀνασπάω"
42,14,05,"RP","ASM","αὐτὸν","αὐτὸν","αὐτόν","αὐτός"
42,14,05,"P",NULL,"⸀ἐν","ἐν","ἐν","ἐν"
42,14,05,"N","DSF","ἡμέρᾳ","ἡμέρᾳ","ἡμέρᾳ","ἡμέρα"
42,14,05,"RA","GSN","τοῦ","τοῦ","τοῦ","ὁ"
42,14,05,"N","GSN","σαββάτου;","σαββάτου","σαββάτου","σάββατον"
42,14,06,"C",NULL,"καὶ","καὶ","καί","καί"
42,14,06,"D",NULL,"οὐκ","οὐκ","οὐ","οὐ"
42,14,06,"V","3AAI-P","ἴσχυσαν","ἴσχυσαν","ἴσχυσαν","ἰσχύω"
42,14,06,"V","APN","⸀ἀνταποκριθῆναι","ἀνταποκριθῆναι","ἀνταποκριθῆναι","ἀνταποκρίνομαι"
42,14,06,"P",NULL,"πρὸς","πρὸς","πρός","πρός"
42,14,06,"RD","APN","ταῦτα.","ταῦτα","ταῦτα","οὗτος"
42,14,07,"V","3IAI-S","Ἔλεγεν","Ἔλεγεν","ἔλεγε(ν)","λέγω"
42,14,07,"C",NULL,"δὲ","δὲ","δέ","δέ"
42,14,07,"P",NULL,"πρὸς","πρὸς","πρός","πρός"
42,14,07,"RA","APM","τοὺς","τοὺς","τούς","ὁ"
42,14,07,"V","XPPAPM","κεκλημένους","κεκλημένους","κεκλημένους","καλέω"
42,14,07,"N","ASF","παραβολήν,","παραβολήν","παραβολήν","παραβολή"
42,14,07,"V","PAPNSM","ἐπέχων","ἐπέχων","ἐπέχων","ἐπέχω"
42,14,07,"C",NULL,"πῶς","πῶς","πῶς","πῶς"
42,14,07,"RA","APF","τὰς","τὰς","τάς","ὁ"
42,14,07,"N","APF","πρωτοκλισίας","πρωτοκλισίας","πρωτοκλισίας","πρωτοκλισία"
42,14,07,"V","3IMI-P","ἐξελέγοντο,","ἐξελέγοντο","ἐξελέγοντο","ἐκλέγομαι"
42,14,07,"V","PAPNSM","λέγων","λέγων","λέγων","λέγω"
42,14,07,"P",NULL,"πρὸς","πρὸς","πρός","πρός"
42,14,07,"RP","APM","αὐτούς·","αὐτούς","αὐτούς","αὐτός"
42,14,08,"C",NULL,"Ὅταν","Ὅταν","ὅταν","ὅταν"
42,14,08,"V","2APS-S","κληθῇς","κληθῇς","κληθῇς","καλέω"
42,14,08,"P",NULL,"ὑπό","ὑπό","ὑπό","ὑπό"
42,14,08,"RI","GSM","τινος","τινος","τινός","τις"
42,14,08,"P",NULL,"εἰς","εἰς","εἰς","εἰς"
42,14,08,"N","APM","γάμους,","γάμους","γάμους","γάμος"
42,14,08,"D",NULL,"μὴ","μὴ","μή","μή"
42,14,08,"V","2APS-S","κατακλιθῇς","κατακλιθῇς","κατακλιθῇς","κατακλίνω"
42,14,08,"P",NULL,"εἰς","εἰς","εἰς","εἰς"
42,14,08,"RA","ASF","τὴν","τὴν","τήν","ὁ"
42,14,08,"N","ASF","πρωτοκλισίαν,","πρωτοκλισίαν","πρωτοκλισίαν","πρωτοκλισία"
42,14,08,"C",NULL,"μήποτε","μήποτε","μήποτε","μήποτε"
42,14,08,"A","NSMC","ἐντιμότερός","ἐντιμότερός","ἐντιμότερος","ἔντιμος"
42,14,08,"RP","GS","σου","σου","σου","σύ"
42,14,08,"V","3PAS-S","ᾖ","ᾖ","ᾖ","εἰμί"
42,14,08,"V","XPPNSM","κεκλημένος","κεκλημένος","κεκλημένος","καλέω"
42,14,08,"P",NULL,"ὑπ’","ὑπ’","ὑπό","ὑπό"
42,14,08,"RP","GSM","αὐτοῦ","αὐτοῦ","αὐτοῦ","αὐτός"
42,14,09,"C",NULL,"καὶ","καὶ","καί","καί"
42,14,09,"V","AAPNSM","ἐλθὼν","ἐλθὼν","ἐλθών","ἔρχομαι"
42,14,09,"RA","NSM","ὁ","ὁ","ὁ","ὁ"
42,14,09,"RP","AS","σὲ","σὲ","σέ","σύ"
42,14,09,"C",NULL,"καὶ","καὶ","καί","καί"
42,14,09,"RP","ASM","αὐτὸν","αὐτὸν","αὐτόν","αὐτός"
42,14,09,"V","AAPNSM","καλέσας","καλέσας","καλέσας","καλέω"
42,14,09,"V","3FAI-S","ἐρεῖ","ἐρεῖ","ἐρεῖ","λέγω"
42,14,09,"RP","DS","σοι·","σοι","σοι","σύ"
42,14,09,"V","2AAD-S","Δὸς","Δὸς","δός","δίδωμι"
42,14,09,"RD","DSM","τούτῳ","τούτῳ","τούτῳ","οὗτος"
42,14,09,"N","ASM","τόπον,","τόπον","τόπον","τόπος"
42,14,09,"C",NULL,"καὶ","καὶ","καί","καί"
42,14,09,"D",NULL,"τότε","τότε","τότε","τότε"
42,14,09,"V","2FMI-S","ἄρξῃ","ἄρξῃ","ἄρξῃ","ἄρχω"
42,14,09,"P",NULL,"μετὰ","μετὰ","μετά","μετά"
42,14,09,"N","GSF","αἰσχύνης","αἰσχύνης","αἰσχύνης","αἰσχύνη"
42,14,09,"RA","ASM","τὸν","τὸν","τόν","ὁ"
42,14,09,"A","ASM","ἔσχατον","ἔσχατον","ἔσχατον","ἔσχατος"
42,14,09,"N","ASM","τόπον","τόπον","τόπον","τόπος"
42,14,09,"V","PAN","κατέχειν.","κατέχειν","κατέχειν","κατέχω"
42,14,10,"C",NULL,"ἀλλ’","ἀλλ’","ἀλλά","ἀλλά"
42,14,10,"C",NULL,"ὅταν","ὅταν","ὅταν","ὅταν"
42,14,10,"V","2APS-S","κληθῇς","κληθῇς","κληθῇς","καλέω"
42,14,10,"V","APPNSM","πορευθεὶς","πορευθεὶς","πορευθείς","πορεύομαι"
42,14,10,"V","2AAD-S","ἀνάπεσε","ἀνάπεσε","ἀνάπεσε","ἀναπίπτω"
42,14,10,"P",NULL,"εἰς","εἰς","εἰς","εἰς"
42,14,10,"RA","ASM","τὸν","τὸν","τόν","ὁ"
42,14,10,"A","ASM","ἔσχατον","ἔσχατον","ἔσχατον","ἔσχατος"
42,14,10,"N","ASM","τόπον,","τόπον","τόπον","τόπος"
42,14,10,"C",NULL,"ἵνα","ἵνα","ἵνα","ἵνα"
42,14,10,"C",NULL,"ὅταν","ὅταν","ὅταν","ὅταν"
42,14,10,"V","3AAS-S","ἔλθῃ","ἔλθῃ","ἔλθῃ","ἔρχομαι"
42,14,10,"RA","NSM","ὁ","ὁ","ὁ","ὁ"
42,14,10,"V","XAPNSM","κεκληκώς","κεκληκώς","κεκληκώς","καλέω"
42,14,10,"RP","AS","σε","σε","σε","σύ"
42,14,10,"V","3FAI-S","⸀ἐρεῖ","ἐρεῖ","ἐρεῖ","λέγω"
42,14,10,"RP","DS","σοι·","σοι","σοι","σύ"
42,14,10,"A","VSM","Φίλε,","Φίλε","φίλε","φίλος"
42,14,10,"V","2AAD-S","προσανάβηθι","προσανάβηθι","προσανάβηθι","προσαναβαίνω"
42,14,10,"A","ASNC","ἀνώτερον·","ἀνώτερον","ἀνώτερον","ἀνώτερον"
42,14,10,"D",NULL,"τότε","τότε","τότε","τότε"
42,14,10,"V","3FMI-S","ἔσται","ἔσται","ἔσται","εἰμί"
42,14,10,"RP","DS","σοι","σοι","σοι","σύ"
42,14,10,"N","NSF","δόξα","δόξα","δόξα","δόξα"
42,14,10,"P",NULL,"ἐνώπιον","ἐνώπιον","ἐνώπιον","ἐνώπιον"
42,14,10,"A","GPM","⸀πάντων","πάντων","πάντων","πᾶς"
42,14,10,"RA","GPM","τῶν","τῶν","τῶν","ὁ"
42,14,10,"V","PMPGPM","συνανακειμένων","συνανακειμένων","συνανακειμένων","συνανάκειμαι"
42,14,10,"RP","DS","σοι.","σοι","σοι","σύ"
42,14,11,"C",NULL,"ὅτι","ὅτι","ὅτι","ὅτι"
42,14,11,"A","NSM","πᾶς","πᾶς","πᾶς","πᾶς"
42,14,11,"RA","NSM","ὁ","ὁ","ὁ","ὁ"
42,14,11,"V","PAPNSM","ὑψῶν","ὑψῶν","ὑψῶν","ὑψόω"
42,14,11,"RP","ASM","ἑαυτὸν","ἑαυτὸν","ἑαυτόν","ἑαυτοῦ"
42,14,11,"V","3FPI-S","ταπεινωθήσεται","ταπεινωθήσεται","ταπεινωθήσεται","ταπεινόω"
42,14,11,"C",NULL,"καὶ","καὶ","καί","καί"
42,14,11,"RA","NSM","ὁ","ὁ","ὁ","ὁ"
42,14,11,"V","PAPNSM","ταπεινῶν","ταπεινῶν","ταπεινῶν","ταπεινόω"
42,14,11,"RP","ASM","ἑαυτὸν","ἑαυτὸν","ἑαυτόν","ἑαυτοῦ"
42,14,11,"V","3FPI-S","ὑψωθήσεται.","ὑψωθήσεται","ὑψωθήσεται","ὑψόω"
42,14,12,"V","3IAI-S","Ἔλεγεν","Ἔλεγεν","ἔλεγε(ν)","λέγω"
42,14,12,"C",NULL,"δὲ","δὲ","δέ","δέ"
42,14,12,"D",NULL,"καὶ","καὶ","καί","καί"
42,14,12,"RA","DSM","τῷ","τῷ","τῷ","ὁ"
42,14,12,"V","XAPDSM","κεκληκότι","κεκληκότι","κεκληκότι","καλέω"
42,14,12,"RP","ASM","αὐτόν·","αὐτόν","αὐτόν","αὐτός"
42,14,12,"C",NULL,"Ὅταν","Ὅταν","ὅταν","ὅταν"
42,14,12,"V","2PAS-S","ποιῇς","ποιῇς","ποιῇς","ποιέω"
42,14,12,"N","ASN","ἄριστον","ἄριστον","ἄριστον","ἄριστον"
42,14,12,"C",NULL,"ἢ","ἢ","ἤ","ἤ"
42,14,12,"N","ASN","δεῖπνον,","δεῖπνον","δεῖπνον","δεῖπνον"
42,14,12,"D",NULL,"μὴ","μὴ","μή","μή"
42,14,12,"V","2PAD-S","φώνει","φώνει","φώνει","φωνέω"
42,14,12,"RA","APM","τοὺς","τοὺς","τούς","ὁ"
42,14,12,"A","APM","φίλους","φίλους","φίλους","φίλος"
42,14,12,"RP","GS","σου","σου","σου","σύ"
42,14,12,"C",NULL,"μηδὲ","μηδὲ","μηδέ","μηδέ"
42,14,12,"RA","APM","τοὺς","τοὺς","τούς","ὁ"
42,14,12,"N","APM","ἀδελφούς","ἀδελφούς","ἀδελφούς","ἀδελφός"
42,14,12,"RP","GS","σου","σου","σου","σύ"
42,14,12,"C",NULL,"μηδὲ","μηδὲ","μηδέ","μηδέ"
42,14,12,"RA","APM","τοὺς","τοὺς","τούς","ὁ"
42,14,12,"A","APM","συγγενεῖς","συγγενεῖς","συγγενεῖς","συγγενής"
42,14,12,"RP","GS","σου","σου","σου","σύ"
42,14,12,"C",NULL,"μηδὲ","μηδὲ","μηδέ","μηδέ"
42,14,12,"N","APM","γείτονας","γείτονας","γείτονας","γείτων"
42,14,12,"A","APM","πλουσίους,","πλουσίους","πλουσίους","πλούσιος"
42,14,12,"C",NULL,"μήποτε","μήποτε","μήποτε","μήποτε"
42,14,12,"D",NULL,"καὶ","καὶ","καί","καί"
42,14,12,"RP","NPM","αὐτοὶ","αὐτοὶ","αὐτοί","αὐτός"
42,14,12,"V","3AAS-P","⸂ἀντικαλέσωσίν","ἀντικαλέσωσίν","ἀντικαλέσωσι(ν)","ἀντικαλέω"
42,14,12,"RP","AS","σε⸃","σε","σε","σύ"
42,14,12,"C",NULL,"καὶ","καὶ","καί","καί"
42,14,12,"V","3AMS-S","γένηται","γένηται","γένηται","γίνομαι"
42,14,12,"N","NSN","⸂ἀνταπόδομά","ἀνταπόδομά","ἀνταπόδομα","ἀνταπόδομα"
42,14,12,"RP","DS","σοι⸃.","σοι","σοι","σύ"
42,14,13,"C",NULL,"ἀλλ’","ἀλλ’","ἀλλά","ἀλλά"
42,14,13,"C",NULL,"ὅταν","ὅταν","ὅταν","ὅταν"
42,14,13,"N","ASF","⸂δοχὴν","δοχὴν","δοχήν","δοχή"
42,14,13,"V","2PAS-S","ποιῇς⸃,","ποιῇς","ποιῇς","ποιέω"
42,14,13,"V","2PAD-S","κάλει","κάλει","κάλει","καλέω"
42,14,13,"A","APM","πτωχούς,","πτωχούς","πτωχούς","πτωχός"
42,14,13,"A","APM","ἀναπείρους,","ἀναπείρους","ἀναπείρους","ἀνάπηρος"
42,14,13,"A","APM","χωλούς,","χωλούς","χωλούς","χωλός"
42,14,13,"A","APM","τυφλούς·","τυφλούς","τυφλούς","τυφλός"
42,14,14,"C",NULL,"καὶ","καὶ","καί","καί"
42,14,14,"A","NSM","μακάριος","μακάριος","μακάριος","μακάριος"
42,14,14,"V","2FMI-S","ἔσῃ,","ἔσῃ","ἔσῃ","εἰμί"
42,14,14,"C",NULL,"ὅτι","ὅτι","ὅτι","ὅτι"
42,14,14,"D",NULL,"οὐκ","οὐκ","οὐ","οὐ"
42,14,14,"V","3PAI-P","ἔχουσιν","ἔχουσιν","ἔχουσι(ν)","ἔχω"
42,14,14,"V","AAN","ἀνταποδοῦναί","ἀνταποδοῦναί","ἀνταποδοῦναι","ἀνταποδίδωμι"
42,14,14,"RP","DS","σοι,","σοι","σοι","σύ"
42,14,14,"V","3FPI-S","ἀνταποδοθήσεται","ἀνταποδοθήσεται","ἀνταποδοθήσεται","ἀνταποδίδωμι"
42,14,14,"C",NULL,"γάρ","γάρ","γάρ","γάρ"
42,14,14,"RP","DS","σοι","σοι","σοι","σύ"
42,14,14,"P",NULL,"ἐν","ἐν","ἐν","ἐν"
42,14,14,"RA","DSF","τῇ","τῇ","τῇ","ὁ"
42,14,14,"N","DSF","ἀναστάσει","ἀναστάσει","ἀναστάσει","ἀνάστασις"
42,14,14,"RA","GPM","τῶν","τῶν","τῶν","ὁ"
42,14,14,"A","GPM","δικαίων.","δικαίων","δικαίων","δίκαιος"
42,14,15,"V","AAPNSM","Ἀκούσας","Ἀκούσας","ἀκούσας","ἀκούω"
42,14,15,"C",NULL,"δέ","δέ","δέ","δέ"
42,14,15,"RI","NSM","τις","τις","τὶς","τις"
42,14,15,"RA","GPM","τῶν","τῶν","τῶν","ὁ"
42,14,15,"V","PMPGPM","συνανακειμένων","συνανακειμένων","συνανακειμένων","συνανάκειμαι"
42,14,15,"RD","APN","ταῦτα","ταῦτα","ταῦτα","οὗτος"
42,14,15,"V","3AAI-S","εἶπεν","εἶπεν","εἶπε(ν)","λέγω"
42,14,15,"RP","DSM","αὐτῷ·","αὐτῷ","αὐτῷ","αὐτός"
42,14,15,"A","NSM","Μακάριος","Μακάριος","μακάριος","μακάριος"
42,14,15,"RR","NSM","⸀ὅστις","ὅστις","ὅστις","ὅστις"
42,14,15,"V","3FMI-S","φάγεται","φάγεται","φάγεται","ἐσθίω"
42,14,15,"N","ASM","⸀ἄρτον","ἄρτον","ἄρτον","ἄρτος"
42,14,15,"P",NULL,"ἐν","ἐν","ἐν","ἐν"
42,14,15,"RA","DSF","τῇ","τῇ","τῇ","ὁ"
42,14,15,"N","DSF","βασιλείᾳ","βασιλείᾳ","βασιλείᾳ","βασιλεία"
42,14,15,"RA","GSM","τοῦ","τοῦ","τοῦ","ὁ"
42,14,15,"N","GSM","θεοῦ.","θεοῦ","θεοῦ","θεός"
42,14,16,"RA","NSM","ὁ","ὁ","ὁ","ὁ"
42,14,16,"C",NULL,"δὲ","δὲ","δέ","δέ"
42,14,16,"V","3AAI-S","εἶπεν","εἶπεν","εἶπε(ν)","λέγω"
42,14,16,"RP","DSM","αὐτῷ·","αὐτῷ","αὐτῷ","αὐτός"
42,14,16,"N","NSM","Ἄνθρωπός","Ἄνθρωπός","ἄνθρωπος","ἄνθρωπος"
42,14,16,"RI","NSM","τις","τις","τὶς","τις"
42,14,16,"V","3IAI-S","⸀ἐποίει","ἐποίει","ἐποίει","ποιέω"
42,14,16,"N","ASN","δεῖπνον","δεῖπνον","δεῖπνον","δεῖπνον"
42,14,16,"A","ASN","μέγα,","μέγα","μέγα","μέγας"
42,14,16,"C",NULL,"καὶ","καὶ","καί","καί"
42,14,16,"V","3AAI-S","ἐκάλεσεν","ἐκάλεσεν","ἐκάλεσε(ν)","καλέω"
42,14,16,"A","APM","πολλούς,","πολλούς","πολλούς","πολύς"
42,14,17,"C",NULL,"καὶ","καὶ","καί","καί"
42,14,17,"V","3AAI-S","ἀπέστειλεν","ἀπέστειλεν","ἀπέστειλε(ν)","ἀποστέλλω"
42,14,17,"RA","ASM","τὸν","τὸν","τόν","ὁ"
42,14,17,"N","ASM","δοῦλον","δοῦλον","δοῦλον","δοῦλος"
42,14,17,"RP","GSM","αὐτοῦ","αὐτοῦ","αὐτοῦ","αὐτός"
42,14,17,"RA","DSF","τῇ","τῇ","τῇ","ὁ"
42,14,17,"N","DSF","ὥρᾳ","ὥρᾳ","ὥρᾳ","ὥρα"
42,14,17,"RA","GSN","τοῦ","τοῦ","τοῦ","ὁ"
42,14,17,"N","GSN","δείπνου","δείπνου","δείπνου","δεῖπνον"
42,14,17,"V","AAN","εἰπεῖν","εἰπεῖν","εἰπεῖν","λέγω"
42,14,17,"RA","DPM","τοῖς","τοῖς","τοῖς","ὁ"
42,14,17,"V","XPPDPM","κεκλημένοις·","κεκλημένοις","κεκλημένοις","καλέω"
42,14,17,"V","2PMD-P","Ἔρχεσθε,","Ἔρχεσθε","ἔρχεσθε","ἔρχομαι"
42,14,17,"C",NULL,"ὅτι","ὅτι","ὅτι","ὅτι"
42,14,17,"D",NULL,"ἤδη","ἤδη","ἤδη","ἤδη"
42,14,17,"A","NPN","ἕτοιμά","ἕτοιμά","ἕτοιμα","ἕτοιμος"
42,14,17,"V","3PAI-S","⸀ἐστιν.","ἐστιν","ἐστί(ν)","εἰμί"
42,14,18,"C",NULL,"καὶ","καὶ","καί","καί"
42,14,18,"V","3AMI-P","ἤρξαντο","ἤρξαντο","ἤρξαντο","ἄρχω"
42,14,18,"P",NULL,"ἀπὸ","ἀπὸ","ἀπό","ἀπό"
42,14,18,"A","GSF","μιᾶς","μιᾶς","μιᾶς","εἷς"
42,14,18,"A","NPM","⸂πάντες","πάντες","πάντες","πᾶς"
42,14,18,"V","PMN","παραιτεῖσθαι⸃.","παραιτεῖσθαι","παραιτεῖσθαι","παραιτέομαι"
42,14,18,"RA","NSM","ὁ","ὁ","ὁ","ὁ"
42,14,18,"A","NSM","πρῶτος","πρῶτος","πρῶτος","πρῶτος"
42,14,18,"V","3AAI-S","εἶπεν","εἶπεν","εἶπε(ν)","λέγω"
42,14,18,"RP","DSM","αὐτῷ·","αὐτῷ","αὐτῷ","αὐτός"
42,14,18,"N","ASM","Ἀγρὸν","Ἀγρὸν","ἀγρόν","ἀγρός"
42,14,18,"V","1AAI-S","ἠγόρασα","ἠγόρασα","ἠγόρασα","ἀγοράζω"
42,14,18,"C",NULL,"καὶ","καὶ","καί","καί"
42,14,18,"V","1PAI-S","ἔχω","ἔχω","ἔχω","ἔχω"
42,14,18,"N","ASF","ἀνάγκην","ἀνάγκην","ἀνάγκην","ἀνάγκη"
42,14,18,"V","AAPNSM","⸀ἐξελθὼν","ἐξελθὼν","ἐξελθών","ἐξέρχομαι"
42,14,18,"V","AAN","ἰδεῖν","ἰδεῖν","ἰδεῖν","ὁράω"
42,14,18,"RP","ASM","αὐτόν·","αὐτόν","αὐτόν","αὐτός"
42,14,18,"V","1PAI-S","ἐρωτῶ","ἐρωτῶ","ἐρωτῶ","ἐρωτάω"
42,14,18,"RP","AS","σε,","σε","σε","σύ"
42,14,18,"V","2PAD-S","ἔχε","ἔχε","ἔχε","ἔχω"
42,14,18,"RP","AS","με","με","με","ἐγώ"
42,14,18,"V","XPPASM","παρῃτημένον.","παρῃτημένον","παρῃτημένον","παραιτέομαι"
42,14,19,"C",NULL,"καὶ","καὶ","καί","καί"
42,14,19,"A","NSM","ἕτερος","ἕτερος","ἕτερος","ἕτερος"
42,14,19,"V","3AAI-S","εἶπεν·","εἶπεν","εἶπε(ν)","λέγω"
42,14,19,"N","APN","Ζεύγη","Ζεύγη","ζεύγη","ζεῦγος"
42,14,19,"N","GPM","βοῶν","βοῶν","βοῶν","βοῦς"
42,14,19,"V","1AAI-S","ἠγόρασα","ἠγόρασα","ἠγόρασα","ἀγοράζω"
42,14,19,"A","APN","πέντε","πέντε","πέντε","πέντε"
42,14,19,"C",NULL,"καὶ","καὶ","καί","καί"
42,14,19,"V","1PMI-S","πορεύομαι","πορεύομαι","πορεύομαι","πορεύομαι"
42,14,19,"V","AAN","δοκιμάσαι","δοκιμάσαι","δοκιμάσαι","δοκιμάζω"
42,14,19,"RP","APN","αὐτά·","αὐτά","αὐτά","αὐτός"
42,14,19,"V","1PAI-S","ἐρωτῶ","ἐρωτῶ","ἐρωτῶ","ἐρωτάω"
42,14,19,"RP","AS","σε,","σε","σε","σύ"
42,14,19,"V","2PAD-S","ἔχε","ἔχε","ἔχε","ἔχω"
42,14,19,"RP","AS","με","με","με","ἐγώ"
42,14,19,"V","XPPASM","παρῃτημένον.","παρῃτημένον","παρῃτημένον","παραιτέομαι"
42,14,20,"C",NULL,"καὶ","καὶ","καί","καί"
42,14,20,"A","NSM","ἕτερος","ἕτερος","ἕτερος","ἕτερος"
42,14,20,"V","3AAI-S","εἶπεν·","εἶπεν","εἶπε(ν)","λέγω"
42,14,20,"N","ASF","Γυναῖκα","Γυναῖκα","γυναῖκα","γυνή"
42,14,20,"V","1AAI-S","ἔγημα","ἔγημα","ἔγημα","γαμέω"
42,14,20,"C",NULL,"καὶ","καὶ","καί","καί"
42,14,20,"P",NULL,"διὰ","διὰ","διά","διά"
42,14,20,"RD","ASN","τοῦτο","τοῦτο","τοῦτο","οὗτος"
42,14,20,"D",NULL,"οὐ","οὐ","οὐ","οὐ"
42,14,20,"V","1PMI-S","δύναμαι","δύναμαι","δύναμαι","δύναμαι"
42,14,20,"V","AAN","ἐλθεῖν.","ἐλθεῖν","ἐλθεῖν","ἔρχομαι"
42,14,21,"C",NULL,"καὶ","καὶ","καί","καί"
42,14,21,"V","AMPNSM","παραγενόμενος","παραγενόμενος","παραγενόμενος","παραγίνομαι"
42,14,21,"RA","NSM","ὁ","ὁ","ὁ","ὁ"
42,14,21,"N","NSM","⸀δοῦλος","δοῦλος","δοῦλος","δοῦλος"
42,14,21,"V","3AAI-S","ἀπήγγειλεν","ἀπήγγειλεν","ἀπήγγειλε(ν)","ἀπαγγέλλω"
42,14,21,"RA","DSM","τῷ","τῷ","τῷ","ὁ"
42,14,21,"N","DSM","κυρίῳ","κυρίῳ","κυρίῳ","κύριος"
42,14,21,"RP","GSM","αὐτοῦ","αὐτοῦ","αὐτοῦ","αὐτός"
42,14,21,"RD","APN","ταῦτα.","ταῦτα","ταῦτα","οὗτος"
42,14,21,"D",NULL,"τότε","τότε","τότε","τότε"
42,14,21,"V","APPNSM","ὀργισθεὶς","ὀργισθεὶς","ὀργισθείς","ὀργίζομαι"
42,14,21,"RA","NSM","ὁ","ὁ","ὁ","ὁ"
42,14,21,"N","NSM","οἰκοδεσπότης","οἰκοδεσπότης","οἰκοδεσπότης","οἰκοδεσπότης"
42,14,21,"V","3AAI-S","εἶπεν","εἶπεν","εἶπε(ν)","λέγω"
42,14,21,"RA","DSM","τῷ","τῷ","τῷ","ὁ"
42,14,21,"N","DSM","δούλῳ","δούλῳ","δούλῳ","δοῦλος"
42,14,21,"RP","GSM","αὐτοῦ·","αὐτοῦ","αὐτοῦ","αὐτός"
42,14,21,"V","2AAD-S","Ἔξελθε","Ἔξελθε","ἔξελθε","ἐξέρχομαι"
42,14,21,"D",NULL,"ταχέως","ταχέως","ταχέως","ταχέως"
42,14,21,"P",NULL,"εἰς","εἰς","εἰς","εἰς"
42,14,21,"RA","APF","τὰς","τὰς","τάς","ὁ"
42,14,21,"A","APF","πλατείας","πλατείας","πλατείας","πλατεῖα"
42,14,21,"C",NULL,"καὶ","καὶ","καί","καί"
42,14,21,"N","APF","ῥύμας","ῥύμας","ῥύμας","ῥύμη"
42,14,21,"RA","GSF","τῆς","τῆς","τῆς","ὁ"
42,14,21,"N","GSF","πόλεως,","πόλεως","πόλεως","πόλις"
42,14,21,"C",NULL,"καὶ","καὶ","καί","καί"
42,14,21,"RA","APM","τοὺς","τοὺς","τούς","ὁ"
42,14,21,"A","APM","πτωχοὺς","πτωχοὺς","πτωχούς","πτωχός"
42,14,21,"C",NULL,"καὶ","καὶ","καί","καί"
42,14,21,"A","APM","ἀναπείρους","ἀναπείρους","ἀναπείρους","ἀνάπηρος"
42,14,21,"C",NULL,"καὶ","καὶ","καί","καί"
42,14,21,"A","APM","⸂τυφλοὺς","τυφλοὺς","τυφλούς","τυφλός"
42,14,21,"C",NULL,"καὶ","καὶ","καί","καί"
42,14,21,"A","APM","χωλοὺς⸃","χωλοὺς","χωλούς","χωλός"
42,14,21,"V","2AAD-S","εἰσάγαγε","εἰσάγαγε","εἰσάγαγε","εἰσάγω"
42,14,21,"D",NULL,"ὧδε.","ὧδε","ὧδε","ὧδε"
42,14,22,"C",NULL,"καὶ","καὶ","καί","καί"
42,14,22,"V","3AAI-S","εἶπεν","εἶπεν","εἶπε(ν)","λέγω"
42,14,22,"RA","NSM","ὁ","ὁ","ὁ","ὁ"
42,14,22,"N","NSM","δοῦλος·","δοῦλος","δοῦλος","δοῦλος"
42,14,22,"N","VSM","Κύριε,","Κύριε","κύριε","κύριος"
42,14,22,"V","3XAI-S","γέγονεν","γέγονεν","γέγονε(ν)","γίνομαι"
42,14,22,"RR","ASN","⸀ὃ","ὃ","ὅ","ὅς"
42,14,22,"V","2AAI-S","ἐπέταξας,","ἐπέταξας","ἐπέταξας","ἐπιτάσσω"
42,14,22,"C",NULL,"καὶ","καὶ","καί","καί"
42,14,22,"D",NULL,"ἔτι","ἔτι","ἔτι","ἔτι"
42,14,22,"N","NSM","τόπος","τόπος","τόπος","τόπος"
42,14,22,"V","3PAI-S","ἐστίν.","ἐστίν","ἐστί(ν)","εἰμί"
42,14,23,"C",NULL,"καὶ","καὶ","καί","καί"
42,14,23,"V","3AAI-S","εἶπεν","εἶπεν","εἶπε(ν)","λέγω"
42,14,23,"RA","NSM","ὁ","ὁ","ὁ","ὁ"
42,14,23,"N","NSM","κύριος","κύριος","κύριος","κύριος"
42,14,23,"P",NULL,"πρὸς","πρὸς","πρός","πρός"
42,14,23,"RA","ASM","τὸν","τὸν","τόν","ὁ"
42,14,23,"N","ASM","δοῦλον·","δοῦλον","δοῦλον","δοῦλος"
42,14,23,"V","2AAD-S","Ἔξελθε","Ἔξελθε","ἔξελθε","ἐξέρχομαι"
42,14,23,"P",NULL,"εἰς","εἰς","εἰς","εἰς"
42,14,23,"RA","APF","τὰς","τὰς","τάς","ὁ"
42,14,23,"N","APF","ὁδοὺς","ὁδοὺς","ὁδούς","ὁδός"
42,14,23,"C",NULL,"καὶ","καὶ","καί","καί"
42,14,23,"N","APM","φραγμοὺς","φραγμοὺς","φραγμούς","φραγμός"
42,14,23,"C",NULL,"καὶ","καὶ","καί","καί"
42,14,23,"V","2AAD-S","ἀνάγκασον","ἀνάγκασον","ἀνάγκασον","ἀναγκάζω"
42,14,23,"V","AAN","εἰσελθεῖν,","εἰσελθεῖν","εἰσελθεῖν","εἰσέρχομαι"
42,14,23,"C",NULL,"ἵνα","ἵνα","ἵνα","ἵνα"
42,14,23,"V","3APS-S","γεμισθῇ","γεμισθῇ","γεμισθῇ","γεμίζω"
42,14,23,"RP","GS","⸂μου","μου","μου","ἐγώ"
42,14,23,"RA","NSM","ὁ","ὁ","ὁ","ὁ"
42,14,23,"N","NSM","οἶκος⸃·","οἶκος","οἶκος","οἶκος"
42,14,24,"V","1PAI-S","λέγω","λέγω","λέγω","λέγω"
42,14,24,"C",NULL,"γὰρ","γὰρ","γάρ","γάρ"
42,14,24,"RP","DP","ὑμῖν","ὑμῖν","ὑμῖν","σύ"
42,14,24,"C",NULL,"ὅτι","ὅτι","ὅτι","ὅτι"
42,14,24,"A","NSM","οὐδεὶς","οὐδεὶς","οὐδείς","οὐδείς"
42,14,24,"RA","GPM","τῶν","τῶν","τῶν","ὁ"
42,14,24,"N","GPM","ἀνδρῶν","ἀνδρῶν","ἀνδρῶν","ἀνήρ"
42,14,24,"RD","GPM","ἐκείνων","ἐκείνων","ἐκείνων","ἐκεῖνος"
42,14,24,"RA","GPM","τῶν","τῶν","τῶν","ὁ"
42,14,24,"V","XPPGPM","κεκλημένων","κεκλημένων","κεκλημένων","καλέω"
42,14,24,"V","3FMI-S","γεύσεταί","γεύσεταί","γεύσεται","γεύομαι"
42,14,24,"RP","GS","μου","μου","μου","ἐγώ"
42,14,24,"RA","GSN","τοῦ","τοῦ","τοῦ","ὁ"
42,14,24,"N","GSN","⸀δείπνου.","δείπνου","δείπνου","δεῖπνον"
42,14,25,"V","3IMI-P","Συνεπορεύοντο","Συνεπορεύοντο","συνεπορεύοντο","συμπορεύομαι"
42,14,25,"C",NULL,"δὲ","δὲ","δέ","δέ"
42,14,25,"RP","DSM","αὐτῷ","αὐτῷ","αὐτῷ","αὐτός"
42,14,25,"N","NPM","ὄχλοι","ὄχλοι","ὄχλοι","ὄχλος"
42,14,25,"A","NPM","πολλοί,","πολλοί","πολλοί","πολύς"
42,14,25,"C",NULL,"καὶ","καὶ","καί","καί"
42,14,25,"V","APPNSM","στραφεὶς","στραφεὶς","στραφείς","στρέφω"
42,14,25,"V","3AAI-S","εἶπεν","εἶπεν","εἶπε(ν)","λέγω"
42,14,25,"P",NULL,"πρὸς","πρὸς","πρός","πρός"
42,14,25,"RP","APM","αὐτούς·","αὐτούς","αὐτούς","αὐτός"
42,14,26,"C",NULL,"Εἴ","Εἴ","εἰ","εἰ"
42,14,26,"RI","NSM","τις","τις","τὶς","τις"
42,14,26,"V","3PMI-S","ἔρχεται","ἔρχεται","ἔρχεται","ἔρχομαι"
42,14,26,"P",NULL,"πρός","πρός","πρός","πρός"
42,14,26,"RP","AS","με","με","με","ἐγώ"
42,14,26,"C",NULL,"καὶ","καὶ","καί","καί"
42,14,26,"D",NULL,"οὐ","οὐ","οὐ","οὐ"
42,14,26,"V","3PAI-S","μισεῖ","μισεῖ","μισεῖ","μισέω"
42,14,26,"RA","ASM","τὸν","τὸν","τόν","ὁ"
42,14,26,"N","ASM","πατέρα","πατέρα","πατέρα","πατήρ"
42,14,26,"RP","GSM","⸀ἑαυτοῦ","ἑαυτοῦ","ἑαυτοῦ","ἑαυτοῦ"
42,14,26,"C",NULL,"καὶ","καὶ","καί","καί"
42,14,26,"RA","ASF","τὴν","τὴν","τήν","ὁ"
42,14,26,"N","ASF","μητέρα","μητέρα","μητέρα","μήτηρ"
42,14,26,"C",NULL,"καὶ","καὶ","καί","καί"
42,14,26,"RA","ASF","τὴν","τὴν","τήν","ὁ"
42,14,26,"N","ASF","γυναῖκα","γυναῖκα","γυναῖκα","γυνή"
42,14,26,"C",NULL,"καὶ","καὶ","καί","καί"
42,14,26,"RA","APN","τὰ","τὰ","τά","ὁ"
42,14,26,"N","APN","τέκνα","τέκνα","τέκνα","τέκνον"
42,14,26,"C",NULL,"καὶ","καὶ","καί","καί"
42,14,26,"RA","APM","τοὺς","τοὺς","τούς","ὁ"
42,14,26,"N","APM","ἀδελφοὺς","ἀδελφοὺς","ἀδελφούς","ἀδελφός"
42,14,26,"C",NULL,"καὶ","καὶ","καί","καί"
42,14,26,"RA","APF","τὰς","τὰς","τάς","ὁ"
42,14,26,"N","APF","ἀδελφάς,","ἀδελφάς","ἀδελφάς","ἀδελφή"
42,14,26,"D",NULL,"ἔτι","ἔτι","ἔτι","ἔτι"
42,14,26,"C",NULL,"⸀τε","τε","τέ","τέ"
42,14,26,"D",NULL,"καὶ","καὶ","καί","καί"
42,14,26,"RA","ASF","τὴν","τὴν","τήν","ὁ"
42,14,26,"N","ASF","⸂ψυχὴν","ψυχὴν","ψυχήν","ψυχή"
42,14,26,"RP","GSM","ἑαυτοῦ⸃,","ἑαυτοῦ","ἑαυτοῦ","ἑαυτοῦ"
42,14,26,"D",NULL,"οὐ","οὐ","οὐ","οὐ"
42,14,26,"V","3PMI-S","δύναται","δύναται","δύναται","δύναμαι"
42,14,26,"V","PAN","⸂εἶναί","εἶναί","εἶναι","εἰμί"
42,14,26,"RP","GS","μου","μου","μου","ἐγώ"
42,14,26,"N","NSM","μαθητής⸃.","μαθητής","μαθητής","μαθητής"
42,14,27,"RR","NSM","⸀ὅστις","ὅστις","ὅστις","ὅστις"
42,14,27,"D",NULL,"οὐ","οὐ","οὐ","οὐ"
42,14,27,"V","3PAI-S","βαστάζει","βαστάζει","βαστάζει","βαστάζω"
42,14,27,"RA","ASM","τὸν","τὸν","τόν","ὁ"
42,14,27,"N","ASM","σταυρὸν","σταυρὸν","σταυρόν","σταυρός"
42,14,27,"RP","GSM","⸀ἑαυτοῦ","ἑαυτοῦ","ἑαυτοῦ","ἑαυτοῦ"
42,14,27,"C",NULL,"καὶ","καὶ","καί","καί"
42,14,27,"V","3PMI-S","ἔρχεται","ἔρχεται","ἔρχεται","ἔρχομαι"
42,14,27,"P",NULL,"ὀπίσω","ὀπίσω","ὀπίσω","ὀπίσω"
42,14,27,"RP","GS","μου,","μου","μου","ἐγώ"
42,14,27,"D",NULL,"οὐ","οὐ","οὐ","οὐ"
42,14,27,"V","3PMI-S","δύναται","δύναται","δύναται","δύναμαι"
42,14,27,"V","PAN","εἶναί","εἶναί","εἶναι","εἰμί"
42,14,27,"RP","GS","μου","μου","μου","ἐγώ"
42,14,27,"N","NSM","μαθητής.","μαθητής","μαθητής","μαθητής"
42,14,28,"RI","NSM","τίς","τίς","τίς","τίς"
42,14,28,"C",NULL,"γὰρ","γὰρ","γάρ","γάρ"
42,14,28,"P",NULL,"ἐξ","ἐξ","ἐκ","ἐκ"
42,14,28,"RP","GP","⸀ὑμῶν","ὑμῶν","ὑμῶν","σύ"
42,14,28,"V","PAPNSM","θέλων","θέλων","θέλων","θέλω"
42,14,28,"N","ASM","πύργον","πύργον","πύργον","πύργος"
42,14,28,"V","AAN","οἰκοδομῆσαι","οἰκοδομῆσαι","οἰκοδομῆσαι","οἰκοδομέω"
42,14,28,"X",NULL,"οὐχὶ","οὐχὶ","οὐχί","οὐχί"
42,14,28,"A","ASN","πρῶτον","πρῶτον","πρῶτον","πρῶτος"
42,14,28,"V","AAPNSM","καθίσας","καθίσας","καθίσας","καθίζω"
42,14,28,"V","3PAI-S","ψηφίζει","ψηφίζει","ψηφίζει","ψηφίζω"
42,14,28,"RA","ASF","τὴν","τὴν","τήν","ὁ"
42,14,28,"N","ASF","δαπάνην,","δαπάνην","δαπάνην","δαπάνη"
42,14,28,"X",NULL,"εἰ","εἰ","εἰ","εἰ"
42,14,28,"V","3PAI-S","⸀ἔχει","ἔχει","ἔχει","ἔχω"
42,14,28,"P",NULL,"εἰς","εἰς","εἰς","εἰς"
42,14,28,"N","ASM","ἀπαρτισμόν;","ἀπαρτισμόν","ἀπαρτισμόν","ἀπαρτισμός"
42,14,29,"C",NULL,"ἵνα","ἵνα","ἵνα","ἵνα"
42,14,29,"C",NULL,"μήποτε","μήποτε","μήποτε","μήποτε"
42,14,29,"V","AAPGSM","θέντος","θέντος","θέντος","τίθημι"
42,14,29,"RP","GSM","αὐτοῦ","αὐτοῦ","αὐτοῦ","αὐτός"
42,14,29,"N","ASM","θεμέλιον","θεμέλιον","θεμέλιον","θεμέλιος"
42,14,29,"C",NULL,"καὶ","καὶ","καί","καί"
42,14,29,"D",NULL,"μὴ","μὴ","μή","μή"
42,14,29,"V","PAPGSM","ἰσχύοντος","ἰσχύοντος","ἰσχύοντος","ἰσχύω"
42,14,29,"V","AAN","ἐκτελέσαι","ἐκτελέσαι","ἐκτελέσαι","ἐκτελέω"
42,14,29,"A","NPM","πάντες","πάντες","πάντες","πᾶς"
42,14,29,"RA","NPM","οἱ","οἱ","οἱ","ὁ"
42,14,29,"V","PAPNPM","θεωροῦντες","θεωροῦντες","θεωροῦντες","θεωρέω"
42,14,29,"V","3AMS-P","ἄρξωνται","ἄρξωνται","ἄρξωνται","ἄρχω"
42,14,29,"RP","DSM","⸂αὐτῷ","αὐτῷ","αὐτῷ","αὐτός"
42,14,29,"V","PAN","ἐμπαίζειν⸃","ἐμπαίζειν","ἐμπαίζειν","ἐμπαίζω"
42,14,30,"V","PAPNPM","λέγοντες","λέγοντες","λέγοντες","λέγω"
42,14,30,"C",NULL,"ὅτι","ὅτι","ὅτι","ὅτι"
42,14,30,"RD","NSM","Οὗτος","Οὗτος","οὗτος","οὗτος"
42,14,30,"RA","NSM","ὁ","ὁ","ὁ","ὁ"
42,14,30,"N","NSM","ἄνθρωπος","ἄνθρωπος","ἄνθρωπος","ἄνθρωπος"
42,14,30,"V","3AMI-S","ἤρξατο","ἤρξατο","ἤρξατο","ἄρχω"
42,14,30,"V","PAN","οἰκοδομεῖν","οἰκοδομεῖν","οἰκοδομεῖν","οἰκοδομέω"
42,14,30,"C",NULL,"καὶ","καὶ","καί","καί"
42,14,30,"D",NULL,"οὐκ","οὐκ","οὐ","οὐ"
42,14,30,"V","3AAI-S","ἴσχυσεν","ἴσχυσεν","ἴσχυσε(ν)","ἰσχύω"
42,14,30,"V","AAN","ἐκτελέσαι.","ἐκτελέσαι","ἐκτελέσαι","ἐκτελέω"
42,14,31,"C",NULL,"ἢ","ἢ","ἤ","ἤ"
42,14,31,"RI","NSM","τίς","τίς","τίς","τίς"
42,14,31,"N","NSM","βασιλεὺς","βασιλεὺς","βασιλεύς","βασιλεύς"
42,14,31,"V","PMPNSM","πορευόμενος","πορευόμενος","πορευόμενος","πορεύομαι"
42,14,31,"A","DSM","⸂ἑτέρῳ","ἑτέρῳ","ἑτέρῳ","ἕτερος"
42,14,31,"N","DSM","βασιλεῖ","βασιλεῖ","βασιλεῖ","βασιλεύς"
42,14,31,"V","AAN","συμβαλεῖν⸃","συμβαλεῖν","συμβαλεῖν","συμβάλλω"
42,14,31,"P",NULL,"εἰς","εἰς","εἰς","εἰς"
42,14,31,"N","ASM","πόλεμον","πόλεμον","πόλεμον","πόλεμος"
42,14,31,"X",NULL,"οὐχὶ","οὐχὶ","οὐχί","οὐχί"
42,14,31,"V","AAPNSM","καθίσας","καθίσας","καθίσας","καθίζω"
42,14,31,"A","ASN","πρῶτον","πρῶτον","πρῶτον","πρῶτος"
42,14,31,"V","3FMI-S","⸀βουλεύσεται","βουλεύσεται","βουλεύσεται","βουλεύομαι"
42,14,31,"X",NULL,"εἰ","εἰ","εἰ","εἰ"
42,14,31,"A","NSM","δυνατός","δυνατός","δυνατός","δυνατός"
42,14,31,"V","3PAI-S","ἐστιν","ἐστιν","ἐστί(ν)","εἰμί"
42,14,31,"P",NULL,"ἐν","ἐν","ἐν","ἐν"
42,14,31,"A","DPF","δέκα","δέκα","δέκα","δέκα"
42,14,31,"N","DPF","χιλιάσιν","χιλιάσιν","χιλιάσι(ν)","χιλιάς"
42,14,31,"V","AAN","⸀ὑπαντῆσαι","ὑπαντῆσαι","ὑπαντῆσαι","ὑπαντάω"
42,14,31,"RA","DSM","τῷ","τῷ","τῷ","ὁ"
42,14,31,"P",NULL,"μετὰ","μετὰ","μετά","μετά"
42,14,31,"A","GPF","εἴκοσι","εἴκοσι","εἴκοσι(ν)","εἴκοσι(ν)"
42,14,31,"N","GPF","χιλιάδων","χιλιάδων","χιλιάδων","χιλιάς"
42,14,31,"V","PMPDSM","ἐρχομένῳ","ἐρχομένῳ","ἐρχομένῳ","ἔρχομαι"
42,14,31,"P",NULL,"ἐπ’","ἐπ’","ἐπί","ἐπί"
42,14,31,"RP","ASM","αὐτόν;","αὐτόν","αὐτόν","αὐτός"
42,14,32,"C",NULL,"εἰ","εἰ","εἰ","εἰ"
42,14,32,"C",NULL,"δὲ","δὲ","δέ","δέ"
42,14,32,"D",NULL,"μήγε,","μήγε","μήγε","μήγε"
42,14,32,"D",NULL,"ἔτι","ἔτι","ἔτι","ἔτι"
42,14,32,"RP","GSM","⸂αὐτοῦ","αὐτοῦ","αὐτοῦ","αὐτός"
42,14,32,"D",NULL,"πόρρω⸃","πόρρω","πόρρω","πόρρω"
42,14,32,"V","PAPGSM","ὄντος","ὄντος","ὄντος","εἰμί"
42,14,32,"N","ASF","πρεσβείαν","πρεσβείαν","πρεσβείαν","πρεσβεία"
42,14,32,"V","AAPNSM","ἀποστείλας","ἀποστείλας","ἀποστείλας","ἀποστέλλω"
42,14,32,"V","3PAI-S","ἐρωτᾷ","ἐρωτᾷ","ἐρωτᾷ","ἐρωτάω"
42,14,32,"RA","APN","⸀τὰ","τὰ","τά","ὁ"
42,14,32,"P",NULL,"πρὸς","πρὸς","πρός","πρός"
42,14,32,"N","ASF","εἰρήνην.","εἰρήνην","εἰρήνην","εἰρήνη"
42,14,33,"D",NULL,"οὕτως","οὕτως","οὕτω(ς)","οὕτω(ς)"
42,14,33,"C",NULL,"οὖν","οὖν","οὖν","οὖν"
42,14,33,"A","NSM","πᾶς","πᾶς","πᾶς","πᾶς"
42,14,33,"P",NULL,"ἐξ","ἐξ","ἐκ","ἐκ"
42,14,33,"RP","GP","ὑμῶν","ὑμῶν","ὑμῶν","σύ"
42,14,33,"RR","NSM","ὃς","ὃς","ὅς","ὅς"
42,14,33,"D",NULL,"οὐκ","οὐκ","οὐ","οὐ"
42,14,33,"V","3PMI-S","ἀποτάσσεται","ἀποτάσσεται","ἀποτάσσεται","ἀποτάσσομαι"
42,14,33,"A","DPN","πᾶσιν","πᾶσιν","πᾶσι(ν)","πᾶς"
42,14,33,"RA","DPN","τοῖς","τοῖς","τοῖς","ὁ"
42,14,33,"RP","GSM","ἑαυτοῦ","ἑαυτοῦ","ἑαυτοῦ","ἑαυτοῦ"
42,14,33,"V","PAPDPN","ὑπάρχουσιν","ὑπάρχουσιν","ὑπάρχουσι(ν)","ὑπάρχω"
42,14,33,"D",NULL,"οὐ","οὐ","οὐ","οὐ"
42,14,33,"V","3PMI-S","δύναται","δύναται","δύναται","δύναμαι"
42,14,33,"V","PAN","⸂εἶναί","εἶναί","εἶναι","εἰμί"
42,14,33,"RP","GS","μου⸃","μου","μου","ἐγώ"
42,14,33,"N","NSM","μαθητής.","μαθητής","μαθητής","μαθητής"
42,14,34,"A","NSN","Καλὸν","Καλὸν","καλόν","καλός"
42,14,34,"C",NULL,"⸀οὖν","οὖν","οὖν","οὖν"
42,14,34,"RA","NSN","τὸ","τὸ","τό","ὁ"
42,14,34,"N","NSN","ἅλας·","ἅλας","ἅλας","ἅλας"
42,14,34,"C",NULL,"ἐὰν","ἐὰν","ἐάν","ἐάν"
42,14,34,"C",NULL,"δὲ","δὲ","δέ","δέ"
42,14,34,"D",NULL,"⸀καὶ","καὶ","καί","καί"
42,14,34,"RA","NSN","τὸ","τὸ","τό","ὁ"
42,14,34,"N","NSN","ἅλας","ἅλας","ἅλας","ἅλας"
42,14,34,"V","3APS-S","μωρανθῇ,","μωρανθῇ","μωρανθῇ","μωραίνω"
42,14,34,"P",NULL,"ἐν","ἐν","ἐν","ἐν"
42,14,34,"RI","DSN","τίνι","τίνι","τίνι","τίς"
42,14,34,"V","3FPI-S","ἀρτυθήσεται;","ἀρτυθήσεται","ἀρτυθήσεται","ἀρτύω"
42,14,35,"C",NULL,"οὔτε","οὔτε","οὔτε","οὔτε"
42,14,35,"P",NULL,"εἰς","εἰς","εἰς","εἰς"
42,14,35,"N","ASF","γῆν","γῆν","γῆν","γῆ"
42,14,35,"C",NULL,"οὔτε","οὔτε","οὔτε","οὔτε"
42,14,35,"P",NULL,"εἰς","εἰς","εἰς","εἰς"
42,14,35,"N","ASF","κοπρίαν","κοπρίαν","κοπρίαν","κοπρία"
42,14,35,"A","NSN","εὔθετόν","εὔθετόν","εὔθετον","εὔθετος"
42,14,35,"V","3PAI-S","ἐστιν·","ἐστιν","ἐστί(ν)","εἰμί"
42,14,35,"D",NULL,"ἔξω","ἔξω","ἔξω","ἔξω"
42,14,35,"V","3PAI-P","βάλλουσιν","βάλλουσιν","βάλλουσι(ν)","βάλλω"
42,14,35,"RP","ASN","αὐτό.","αὐτό","αὐτό","αὐτός"
42,14,35,"RA","NSM","ὁ","ὁ","ὁ","ὁ"
42,14,35,"V","PAPNSM","ἔχων","ἔχων","ἔχων","ἔχω"
42,14,35,"N","APN","ὦτα","ὦτα","ὦτα","οὖς"
42,14,35,"V","PAN","ἀκούειν","ἀκούειν","ἀκούειν","ἀκούω"
42,14,35,"V","3PAD-S","ἀκουέτω.","ἀκουέτω","ἀκουέτω","ἀκούω"
42,15,01,"V","3IAI-P","Ἦσαν","Ἦσαν","ἦσαν","εἰμί"
42,15,01,"C",NULL,"δὲ","δὲ","δέ","δέ"
42,15,01,"RP","DSM","⸂αὐτῷ","αὐτῷ","αὐτῷ","αὐτός"
42,15,01,"V","PAPNPM","ἐγγίζοντες⸃","ἐγγίζοντες","ἐγγίζοντες","ἐγγίζω"
42,15,01,"A","NPM","πάντες","πάντες","πάντες","πᾶς"
42,15,01,"RA","NPM","οἱ","οἱ","οἱ","ὁ"
42,15,01,"N","NPM","τελῶναι","τελῶναι","τελῶναι","τελώνης"
42,15,01,"C",NULL,"καὶ","καὶ","καί","καί"
42,15,01,"RA","NPM","οἱ","οἱ","οἱ","ὁ"
42,15,01,"A","NPM","ἁμαρτωλοὶ","ἁμαρτωλοὶ","ἁμαρτωλοί","ἁμαρτωλός"
42,15,01,"V","PAN","ἀκούειν","ἀκούειν","ἀκούειν","ἀκούω"
42,15,01,"RP","GSM","αὐτοῦ.","αὐτοῦ","αὐτοῦ","αὐτός"
42,15,02,"C",NULL,"καὶ","καὶ","καί","καί"
42,15,02,"V","3IAI-P","διεγόγγυζον","διεγόγγυζον","διεγόγγυζον","διαγογγύζω"
42,15,02,"RA","NPM","οἵ","οἵ","οἱ","ὁ"
42,15,02,"C",NULL,"⸀τε","τε","τέ","τέ"
42,15,02,"N","NPM","Φαρισαῖοι","Φαρισαῖοι","Φαρισαῖοι","Φαρισαῖος"
42,15,02,"C",NULL,"καὶ","καὶ","καί","καί"
42,15,02,"RA","NPM","οἱ","οἱ","οἱ","ὁ"
42,15,02,"N","NPM","γραμματεῖς","γραμματεῖς","γραμματεῖς","γραμματεύς"
42,15,02,"V","PAPNPM","λέγοντες","λέγοντες","λέγοντες","λέγω"
42,15,02,"C",NULL,"ὅτι","ὅτι","ὅτι","ὅτι"
42,15,02,"RD","NSM","Οὗτος","Οὗτος","οὗτος","οὗτος"
42,15,02,"A","APM","ἁμαρτωλοὺς","ἁμαρτωλοὺς","ἁμαρτωλούς","ἁμαρτωλός"
42,15,02,"V","3PMI-S","προσδέχεται","προσδέχεται","προσδέχεται","προσδέχομαι"
42,15,02,"C",NULL,"καὶ","καὶ","καί","καί"
42,15,02,"V","3PAI-S","συνεσθίει","συνεσθίει","συνεσθίει","συνεσθίω"
42,15,02,"RP","DPM","αὐτοῖς.","αὐτοῖς","αὐτοῖς","αὐτός"
42,15,03,"V","3AAI-S","εἶπεν","εἶπεν","εἶπε(ν)","λέγω"
42,15,03,"C",NULL,"δὲ","δὲ","δέ","δέ"
42,15,03,"P",NULL,"πρὸς","πρὸς","πρός","πρός"
42,15,03,"RP","APM","αὐτοὺς","αὐτοὺς","αὐτούς","αὐτός"
42,15,03,"RA","ASF","τὴν","τὴν","τήν","ὁ"
42,15,03,"N","ASF","παραβολὴν","παραβολὴν","παραβολήν","παραβολή"
42,15,03,"RD","ASF","ταύτην","ταύτην","ταύτην","οὗτος"
42,15,03,"V","PAPNSM","λέγων·","λέγων","λέγων","λέγω"
42,15,04,"RI","NSM","Τίς","Τίς","τίς","τίς"
42,15,04,"N","NSM","ἄνθρωπος","ἄνθρωπος","ἄνθρωπος","ἄνθρωπος"
42,15,04,"P",NULL,"ἐξ","ἐξ","ἐκ","ἐκ"
42,15,04,"RP","GP","ὑμῶν","ὑμῶν","ὑμῶν","σύ"
42,15,04,"V","PAPNSM","ἔχων","ἔχων","ἔχων","ἔχω"
42,15,04,"A","APN","ἑκατὸν","ἑκατὸν","ἑκατόν","ἑκατόν"
42,15,04,"N","APN","πρόβατα","πρόβατα","πρόβατα","πρόβατον"
42,15,04,"C",NULL,"καὶ","καὶ","καί","καί"
42,15,04,"V","AAPNSM","⸀ἀπολέσας","ἀπολέσας","ἀπολέσας","ἀπόλλυμι"
42,15,04,"P",NULL,"⸂ἐξ","ἐξ","ἐκ","ἐκ"
42,15,04,"RP","GPN","αὐτῶν","αὐτῶν","αὐτῶν","αὐτός"
42,15,04,"A","ASN","ἓν⸃","ἓν","ἕν","εἷς"
42,15,04,"X",NULL,"οὐ","οὐ","οὐ","οὐ"
42,15,04,"V","3PAI-S","καταλείπει","καταλείπει","καταλείπει","καταλείπω"
42,15,04,"RA","APN","τὰ","τὰ","τά","ὁ"
42,15,04,"A","APN","ἐνενήκοντα","ἐνενήκοντα","ἐνενήκοντα","ἐνενήκοντα"
42,15,04,"A","APN","ἐννέα","ἐννέα","ἐννέα","ἐννέα"
42,15,04,"P",NULL,"ἐν","ἐν","ἐν","ἐν"
42,15,04,"RA","DSF","τῇ","τῇ","τῇ","ὁ"
42,15,04,"A","DSF","ἐρήμῳ","ἐρήμῳ","ἐρήμῳ","ἔρημος"
42,15,04,"C",NULL,"καὶ","καὶ","καί","καί"
42,15,04,"V","3PMI-S","πορεύεται","πορεύεται","πορεύεται","πορεύομαι"
42,15,04,"P",NULL,"ἐπὶ","ἐπὶ","ἐπί","ἐπί"
42,15,04,"RA","ASN","τὸ","τὸ","τό","ὁ"
42,15,04,"V","XAPASN","ἀπολωλὸς","ἀπολωλὸς","ἀπολωλός","ἀπόλλυμι"
42,15,04,"C",NULL,"ἕως","ἕως","ἕως","ἕως"
42,15,04,"V","3AAS-S","εὕρῃ","εὕρῃ","εὕρῃ","εὑρίσκω"
42,15,04,"RP","ASN","αὐτό;","αὐτό","αὐτό","αὐτός"
42,15,05,"C",NULL,"καὶ","καὶ","καί","καί"
42,15,05,"V","AAPNSM","εὑρὼν","εὑρὼν","εὑρών","εὑρίσκω"
42,15,05,"V","3PAI-S","ἐπιτίθησιν","ἐπιτίθησιν","ἐπιτίθησι(ν)","ἐπιτίθημι"
42,15,05,"P",NULL,"ἐπὶ","ἐπὶ","ἐπί","ἐπί"
42,15,05,"RA","APM","τοὺς","τοὺς","τούς","ὁ"
42,15,05,"N","APM","ὤμους","ὤμους","ὤμους","ὦμος"
42,15,05,"RP","GSM","⸀αὐτοῦ","αὐτοῦ","αὐτοῦ","αὐτός"
42,15,05,"V","PAPNSM","χαίρων,","χαίρων","χαίρων","χαίρω"
42,15,06,"C",NULL,"καὶ","καὶ","καί","καί"
42,15,06,"V","AAPNSM","ἐλθὼν","ἐλθὼν","ἐλθών","ἔρχομαι"
42,15,06,"P",NULL,"εἰς","εἰς","εἰς","εἰς"
42,15,06,"RA","ASM","τὸν","τὸν","τόν","ὁ"
42,15,06,"N","ASM","οἶκον","οἶκον","οἶκον","οἶκος"
42,15,06,"V","3PAI-S","συγκαλεῖ","συγκαλεῖ","συγκαλεῖ","συγκαλέω"
42,15,06,"RA","APM","τοὺς","τοὺς","τούς","ὁ"
42,15,06,"A","APM","φίλους","φίλους","φίλους","φίλος"
42,15,06,"C",NULL,"καὶ","καὶ","καί","καί"
42,15,06,"RA","APM","τοὺς","τοὺς","τούς","ὁ"
42,15,06,"N","APM","γείτονας,","γείτονας","γείτονας","γείτων"
42,15,06,"V","PAPNSM","λέγων","λέγων","λέγων","λέγω"
42,15,06,"RP","DPM","αὐτοῖς·","αὐτοῖς","αὐτοῖς","αὐτός"
42,15,06,"V","2APD-P","Συγχάρητέ","Συγχάρητέ","συγχάρητε","συγχαίρω"
42,15,06,"RP","DS","μοι","μοι","μοι","ἐγώ"
42,15,06,"C",NULL,"ὅτι","ὅτι","ὅτι","ὅτι"
42,15,06,"V","1AAI-S","εὗρον","εὗρον","εὗρον","εὑρίσκω"
42,15,06,"RA","ASN","τὸ","τὸ","τό","ὁ"
42,15,06,"N","ASN","πρόβατόν","πρόβατόν","πρόβατον","πρόβατον"
42,15,06,"RP","GS","μου","μου","μου","ἐγώ"
42,15,06,"RA","ASN","τὸ","τὸ","τό","ὁ"
42,15,06,"V","XAPASN","ἀπολωλός.","ἀπολωλός","ἀπολωλός","ἀπόλλυμι"
42,15,07,"V","1PAI-S","λέγω","λέγω","λέγω","λέγω"
42,15,07,"RP","DP","ὑμῖν","ὑμῖν","ὑμῖν","σύ"
42,15,07,"C",NULL,"ὅτι","ὅτι","ὅτι","ὅτι"
42,15,07,"D",NULL,"οὕτως","οὕτως","οὕτω(ς)","οὕτω(ς)"
42,15,07,"N","NSF","χαρὰ","χαρὰ","χαρά","χαρά"
42,15,07,"P",NULL,"⸂ἐν","ἐν","ἐν","ἐν"
42,15,07,"RA","DSM","τῷ","τῷ","τῷ","ὁ"
42,15,07,"N","DSM","οὐρανῷ","οὐρανῷ","οὐρανῷ","οὐρανός"
42,15,07,"V","3FMI-S","ἔσται⸃","ἔσται","ἔσται","εἰμί"
42,15,07,"P",NULL,"ἐπὶ","ἐπὶ","ἐπί","ἐπί"
42,15,07,"A","DSM","ἑνὶ","ἑνὶ","ἑνί","εἷς"
42,15,07,"A","DSM","ἁμαρτωλῷ","ἁμαρτωλῷ","ἁμαρτωλῷ","ἁμαρτωλός"
42,15,07,"V","PAPDSM","μετανοοῦντι","μετανοοῦντι","μετανοοῦντι","μετανοέω"
42,15,07,"C",NULL,"ἢ","ἢ","ἤ","ἤ"
42,15,07,"P",NULL,"ἐπὶ","ἐπὶ","ἐπί","ἐπί"
42,15,07,"A","DPM","ἐνενήκοντα","ἐνενήκοντα","ἐνενήκοντα","ἐνενήκοντα"
42,15,07,"A","DPM","ἐννέα","ἐννέα","ἐννέα","ἐννέα"
42,15,07,"A","DPM","δικαίοις","δικαίοις","δικαίοις","δίκαιος"
42,15,07,"RR","NPM","οἵτινες","οἵτινες","οἵτινες","ὅστις"
42,15,07,"D",NULL,"οὐ","οὐ","οὐ","οὐ"
42,15,07,"N","ASF","χρείαν","χρείαν","χρείαν","χρεία"
42,15,07,"V","3PAI-P","ἔχουσιν","ἔχουσιν","ἔχουσι(ν)","ἔχω"
42,15,07,"N","GSF","μετανοίας.","μετανοίας","μετανοίας","μετάνοια"
42,15,08,"C",NULL,"Ἢ","Ἢ","ἤ","ἤ"
42,15,08,"RI","NSF","τίς","τίς","τίς","τίς"
42,15,08,"N","NSF","γυνὴ","γυνὴ","γυνή","γυνή"
42,15,08,"N","APF","δραχμὰς","δραχμὰς","δραχμάς","δραχμή"
42,15,08,"V","PAPNSF","ἔχουσα","ἔχουσα","ἔχουσα","ἔχω"
42,15,08,"A","APF","δέκα,","δέκα","δέκα","δέκα"
42,15,08,"C",NULL,"ἐὰν","ἐὰν","ἐάν","ἐάν"
42,15,08,"V","3AAS-S","ἀπολέσῃ","ἀπολέσῃ","ἀπολέσῃ","ἀπόλλυμι"
42,15,08,"N","ASF","δραχμὴν","δραχμὴν","δραχμήν","δραχμή"
42,15,08,"A","ASF","μίαν,","μίαν","μίαν","εἷς"
42,15,08,"X",NULL,"οὐχὶ","οὐχὶ","οὐχί","οὐχί"
42,15,08,"V","3PAI-S","ἅπτει","ἅπτει","ἅπτει","ἅπτω"
42,15,08,"N","ASM","λύχνον","λύχνον","λύχνον","λύχνος"
42,15,08,"C",NULL,"καὶ","καὶ","καί","καί"
42,15,08,"V","3PAI-S","σαροῖ","σαροῖ","σαροῖ","σαρόω"
42,15,08,"RA","ASF","τὴν","τὴν","τήν","ὁ"
42,15,08,"N","ASF","οἰκίαν","οἰκίαν","οἰκίαν","οἰκία"
42,15,08,"C",NULL,"καὶ","καὶ","καί","καί"
42,15,08,"V","3PAI-S","ζητεῖ","ζητεῖ","ζητεῖ","ζητέω"
42,15,08,"D",NULL,"ἐπιμελῶς","ἐπιμελῶς","ἐπιμελῶς","ἐπιμελῶς"
42,15,08,"P",NULL,"ἕως","ἕως","ἕως","ἕως"
42,15,08,"RR","GSM","⸀οὗ","οὗ","οὗ","ὅς"
42,15,08,"V","3AAS-S","εὕρῃ;","εὕρῃ","εὕρῃ","εὑρίσκω"
42,15,09,"C",NULL,"καὶ","καὶ","καί","καί"
42,15,09,"V","AAPNSF","εὑροῦσα","εὑροῦσα","εὑροῦσα","εὑρίσκω"
42,15,09,"V","3PAI-S","⸀συγκαλεῖ","συγκαλεῖ","συγκαλεῖ","συγκαλέω"
42,15,09,"RA","APF","τὰς","τὰς","τάς","ὁ"
42,15,09,"A","APF","φίλας","φίλας","φίλας","φίλος"
42,15,09,"C",NULL,"⸀καὶ","καὶ","καί","καί"
42,15,09,"N","APF","γείτονας","γείτονας","γείτονας","γείτων"
42,15,09,"V","PAPNSF","λέγουσα·","λέγουσα","λέγουσα","λέγω"
42,15,09,"V","2APD-P","Συγχάρητέ","Συγχάρητέ","συγχάρητε","συγχαίρω"
42,15,09,"RP","DS","μοι","μοι","μοι","ἐγώ"
42,15,09,"C",NULL,"ὅτι","ὅτι","ὅτι","ὅτι"
42,15,09,"V","1AAI-S","εὗρον","εὗρον","εὗρον","εὑρίσκω"
42,15,09,"RA","ASF","τὴν","τὴν","τήν","ὁ"
42,15,09,"N","ASF","δραχμὴν","δραχμὴν","δραχμήν","δραχμή"
42,15,09,"RR","ASF","ἣν","ἣν","ἥν","ὅς"
42,15,09,"V","1AAI-S","ἀπώλεσα.","ἀπώλεσα","ἀπώλεσα","ἀπόλλυμι"
42,15,10,"D",NULL,"οὕτως,","οὕτως","οὕτω(ς)","οὕτω(ς)"
42,15,10,"V","1PAI-S","λέγω","λέγω","λέγω","λέγω"
42,15,10,"RP","DP","ὑμῖν,","ὑμῖν","ὑμῖν","σύ"
42,15,10,"V","3PMI-S","⸂γίνεται","γίνεται","γίνεται","γίνομαι"
42,15,10,"N","NSF","χαρὰ⸃","χαρὰ","χαρά","χαρά"
42,15,10,"P",NULL,"ἐνώπιον","ἐνώπιον","ἐνώπιον","ἐνώπιον"
42,15,10,"RA","GPM","τῶν","τῶν","τῶν","ὁ"
42,15,10,"N","GPM","ἀγγέλων","ἀγγέλων","ἀγγέλων","ἄγγελος"
42,15,10,"RA","GSM","τοῦ","τοῦ","τοῦ","ὁ"
42,15,10,"N","GSM","θεοῦ","θεοῦ","θεοῦ","θεός"
42,15,10,"P",NULL,"ἐπὶ","ἐπὶ","ἐπί","ἐπί"
42,15,10,"A","DSM","ἑνὶ","ἑνὶ","ἑνί","εἷς"
42,15,10,"A","DSM","ἁμαρτωλῷ","ἁμαρτωλῷ","ἁμαρτωλῷ","ἁμαρτωλός"
42,15,10,"V","PAPDSM","μετανοοῦντι.","μετανοοῦντι","μετανοοῦντι","μετανοέω"
42,15,11,"V","3AAI-S","Εἶπεν","Εἶπεν","εἶπε(ν)","λέγω"
42,15,11,"C",NULL,"δέ·","δέ","δέ","δέ"
42,15,11,"N","NSM","Ἄνθρωπός","Ἄνθρωπός","ἄνθρωπος","ἄνθρωπος"
42,15,11,"RI","NSM","τις","τις","τὶς","τις"
42,15,11,"V","3IAI-S","εἶχεν","εἶχεν","εἶχε(ν)","ἔχω"
42,15,11,"A","APM","δύο","δύο","δύο","δύο"
42,15,11,"N","APM","υἱούς.","υἱούς","υἱούς","υἱός"
42,15,12,"C",NULL,"καὶ","καὶ","καί","καί"
42,15,12,"V","3AAI-S","εἶπεν","εἶπεν","εἶπε(ν)","λέγω"
42,15,12,"RA","NSM","ὁ","ὁ","ὁ","ὁ"
42,15,12,"A","NSMC","νεώτερος","νεώτερος","νεώτερος","νέος"
42,15,12,"RP","GPM","αὐτῶν","αὐτῶν","αὐτῶν","αὐτός"
42,15,12,"RA","DSM","τῷ","τῷ","τῷ","ὁ"
42,15,12,"N","DSM","πατρί·","πατρί","πατρί","πατήρ"
42,15,12,"N","VSM","Πάτερ,","Πάτερ","πάτερ","πατήρ"
42,15,12,"V","2AAD-S","δός","δός","δός","δίδωμι"
42,15,12,"RP","DS","μοι","μοι","μοι","ἐγώ"
42,15,12,"RA","ASN","τὸ","τὸ","τό","ὁ"
42,15,12,"V","PAPASN","ἐπιβάλλον","ἐπιβάλλον","ἐπιβάλλον","ἐπιβάλλω"
42,15,12,"N","ASN","μέρος","μέρος","μέρος","μέρος"
42,15,12,"RA","GSF","τῆς","τῆς","τῆς","ὁ"
42,15,12,"N","GSF","οὐσίας·","οὐσίας","οὐσίας","οὐσία"
42,15,12,"RA","NSM","⸂ὁ","ὁ","ὁ","ὁ"
42,15,12,"C",NULL,"δὲ⸃","δὲ","δέ","δέ"
42,15,12,"V","3AAI-S","διεῖλεν","διεῖλεν","διεῖλε(ν)","διαιρέω"
42,15,12,"RP","DPM","αὐτοῖς","αὐτοῖς","αὐτοῖς","αὐτός"
42,15,12,"RA","ASM","τὸν","τὸν","τόν","ὁ"
42,15,12,"N","ASM","βίον.","βίον","βίον","βίος"
42,15,13,"C",NULL,"καὶ","καὶ","καί","καί"
42,15,13,"P",NULL,"μετ’","μετ’","μετά","μετά"
42,15,13,"D",NULL,"οὐ","οὐ","οὐ","οὐ"
42,15,13,"A","APF","πολλὰς","πολλὰς","πολλάς","πολύς"
42,15,13,"N","APF","ἡμέρας","ἡμέρας","ἡμέρας","ἡμέρα"
42,15,13,"V","AAPNSM","συναγαγὼν","συναγαγὼν","συναγαγών","συνάγω"
42,15,13,"A","APN","⸀πάντα","πάντα","πάντα","πᾶς"
42,15,13,"RA","NSM","ὁ","ὁ","ὁ","ὁ"
42,15,13,"A","NSMC","νεώτερος","νεώτερος","νεώτερος","νέος"
42,15,13,"N","NSM","υἱὸς","υἱὸς","υἱός","υἱός"
42,15,13,"V","3AAI-S","ἀπεδήμησεν","ἀπεδήμησεν","ἀπεδήμησε(ν)","ἀποδημέω"
42,15,13,"P",NULL,"εἰς","εἰς","εἰς","εἰς"
42,15,13,"N","ASF","χώραν","χώραν","χώραν","χώρα"
42,15,13,"A","ASF","μακράν,","μακράν","μακράν","μακρός"
42,15,13,"C",NULL,"καὶ","καὶ","καί","καί"
42,15,13,"D",NULL,"ἐκεῖ","ἐκεῖ","ἐκεῖ","ἐκεῖ"
42,15,13,"V","3AAI-S","διεσκόρπισεν","διεσκόρπισεν","διεσκόρπισε(ν)","διασκορπίζω"
42,15,13,"RA","ASF","τὴν","τὴν","τήν","ὁ"
42,15,13,"N","ASF","οὐσίαν","οὐσίαν","οὐσίαν","οὐσία"
42,15,13,"RP","GSM","αὐτοῦ","αὐτοῦ","αὐτοῦ","αὐτός"
42,15,13,"V","PAPNSM","ζῶν","ζῶν","ζῶν","ζάω"
42,15,13,"D",NULL,"ἀσώτως.","ἀσώτως","ἀσώτως","ἀσώτως"
42,15,14,"V","AAPGSM","δαπανήσαντος","δαπανήσαντος","δαπανήσαντος","δαπανάω"
42,15,14,"C",NULL,"δὲ","δὲ","δέ","δέ"
42,15,14,"RP","GSM","αὐτοῦ","αὐτοῦ","αὐτοῦ","αὐτός"
42,15,14,"A","APN","πάντα","πάντα","πάντα","πᾶς"
42,15,14,"V","3AMI-S","ἐγένετο","ἐγένετο","ἐγένετο","γίνομαι"
42,15,14,"N","NSF","λιμὸς","λιμὸς","λιμός","λιμός"
42,15,14,"A","NSF","⸀ἰσχυρὰ","ἰσχυρὰ","ἰσχυρά","ἰσχυρός"
42,15,14,"P",NULL,"κατὰ","κατὰ","κατά","κατά"
42,15,14,"RA","ASF","τὴν","τὴν","τήν","ὁ"
42,15,14,"N","ASF","χώραν","χώραν","χώραν","χώρα"
42,15,14,"RD","ASF","ἐκείνην,","ἐκείνην","ἐκείνην","ἐκεῖνος"
42,15,14,"C",NULL,"καὶ","καὶ","καί","καί"
42,15,14,"RP","NSM","αὐτὸς","αὐτὸς","αὐτός","αὐτός"
42,15,14,"V","3AMI-S","ἤρξατο","ἤρξατο","ἤρξατο","ἄρχω"
42,15,14,"V","PPN","ὑστερεῖσθαι.","ὑστερεῖσθαι","ὑστερεῖσθαι","ὑστερέω"
42,15,15,"C",NULL,"καὶ","καὶ","καί","καί"
42,15,15,"V","APPNSM","πορευθεὶς","πορευθεὶς","πορευθείς","πορεύομαι"
42,15,15,"V","3API-S","ἐκολλήθη","ἐκολλήθη","ἐκολλήθη","κολλάομαι"
42,15,15,"A","DSM","ἑνὶ","ἑνὶ","ἑνί","εἷς"
42,15,15,"RA","GPM","τῶν","τῶν","τῶν","ὁ"
42,15,15,"N","GPM","πολιτῶν","πολιτῶν","πολιτῶν","πολίτης"
42,15,15,"RA","GSF","τῆς","τῆς","τῆς","ὁ"
42,15,15,"N","GSF","χώρας","χώρας","χώρας","χώρα"
42,15,15,"RD","GSF","ἐκείνης,","ἐκείνης","ἐκείνης","ἐκεῖνος"
42,15,15,"C",NULL,"καὶ","καὶ","καί","καί"
42,15,15,"V","3AAI-S","ἔπεμψεν","ἔπεμψεν","ἔπεμψε(ν)","πέμπω"
42,15,15,"RP","ASM","αὐτὸν","αὐτὸν","αὐτόν","αὐτός"
42,15,15,"P",NULL,"εἰς","εἰς","εἰς","εἰς"
42,15,15,"RA","APM","τοὺς","τοὺς","τούς","ὁ"
42,15,15,"N","APM","ἀγροὺς","ἀγροὺς","ἀγρούς","ἀγρός"
42,15,15,"RP","GSM","αὐτοῦ","αὐτοῦ","αὐτοῦ","αὐτός"
42,15,15,"V","PAN","βόσκειν","βόσκειν","βόσκειν","βόσκω"
42,15,15,"N","APM","χοίρους·","χοίρους","χοίρους","χοῖρος"
42,15,16,"C",NULL,"καὶ","καὶ","καί","καί"
42,15,16,"V","3IAI-S","ἐπεθύμει","ἐπεθύμει","ἐπεθύμει","ἐπιθυμέω"
42,15,16,"V","AAN","⸂γεμίσαι","γεμίσαι","γεμίσαι","γεμίζω"
42,15,16,"RA","ASF","τὴν","τὴν","τήν","ὁ"
42,15,16,"N","ASF","κοιλίαν","κοιλίαν","κοιλίαν","κοιλία"
42,15,16,"RP","GSM","αὐτοῦ","αὐτοῦ","αὐτοῦ","αὐτός"
42,15,16,"P",NULL,"ἀπὸ⸃","ἀπὸ","ἀπό","ἀπό"
42,15,16,"RA","GPN","τῶν","τῶν","τῶν","ὁ"
42,15,16,"N","GPN","κερατίων","κερατίων","κερατίων","κεράτιον"
42,15,16,"RR","GPN","ὧν","ὧν","ὧν","ὅς"
42,15,16,"V","3IAI-P","ἤσθιον","ἤσθιον","ἤσθιον","ἐσθίω"
42,15,16,"RA","NPM","οἱ","οἱ","οἱ","ὁ"
42,15,16,"N","NPM","χοῖροι,","χοῖροι","χοῖροι","χοῖρος"
42,15,16,"C",NULL,"καὶ","καὶ","καί","καί"
42,15,16,"A","NSM","οὐδεὶς","οὐδεὶς","οὐδείς","οὐδείς"
42,15,16,"V","3IAI-S","ἐδίδου","ἐδίδου","ἐδίδου","δίδωμι"
42,15,16,"RP","DSM","αὐτῷ.","αὐτῷ","αὐτῷ","αὐτός"
42,15,17,"P",NULL,"εἰς","εἰς","εἰς","εἰς"
42,15,17,"RP","ASM","ἑαυτὸν","ἑαυτὸν","ἑαυτόν","ἑαυτοῦ"
42,15,17,"C",NULL,"δὲ","δὲ","δέ","δέ"
42,15,17,"V","AAPNSM","ἐλθὼν","ἐλθὼν","ἐλθών","ἔρχομαι"
42,15,17,"V","3IAI-S","⸀ἔφη·","ἔφη","ἔφη","φημί"
42,15,17,"RI","NPM","Πόσοι","Πόσοι","πόσοι","πόσος"
42,15,17,"A","NPM","μίσθιοι","μίσθιοι","μίσθιοι","μίσθιος"
42,15,17,"RA","GSM","τοῦ","τοῦ","τοῦ","ὁ"
42,15,17,"N","GSM","πατρός","πατρός","πατρός","πατήρ"
42,15,17,"RP","GS","μου","μου","μου","ἐγώ"
42,15,17,"V","3PMI-P","⸀περισσεύονται","περισσεύονται","περισσεύονται","περισσεύω"
42,15,17,"N","GPM","ἄρτων,","ἄρτων","ἄρτων","ἄρτος"
42,15,17,"RP","NS","ἐγὼ","ἐγὼ","ἐγώ","ἐγώ"
42,15,17,"C",NULL,"δὲ","δὲ","δέ","δέ"
42,15,17,"N","DSF","⸂λιμῷ","λιμῷ","λιμῷ","λιμός"
42,15,17,"D",NULL,"ὧδε⸃","ὧδε","ὧδε","ὧδε"
42,15,17,"V","1PMI-S","ἀπόλλυμαι·","ἀπόλλυμαι","ἀπόλλυμαι","ἀπόλλυμι"
42,15,18,"V","AAPNSM","ἀναστὰς","ἀναστὰς","ἀναστάς","ἀνίστημι"
42,15,18,"V","1FMI-S","πορεύσομαι","πορεύσομαι","πορεύσομαι","πορεύομαι"
42,15,18,"P",NULL,"πρὸς","πρὸς","πρός","πρός"
42,15,18,"RA","ASM","τὸν","τὸν","τόν","ὁ"
42,15,18,"N","ASM","πατέρα","πατέρα","πατέρα","πατήρ"
42,15,18,"RP","GS","μου","μου","μου","ἐγώ"
42,15,18,"C",NULL,"καὶ","καὶ","καί","καί"
42,15,18,"V","1FAI-S","ἐρῶ","ἐρῶ","ἐρῶ","λέγω"
42,15,18,"RP","DSM","αὐτῷ·","αὐτῷ","αὐτῷ","αὐτός"
42,15,18,"N","VSM","Πάτερ,","Πάτερ","πάτερ","πατήρ"
42,15,18,"V","1AAI-S","ἥμαρτον","ἥμαρτον","ἥμαρτον","ἁμαρτάνω"
42,15,18,"P",NULL,"εἰς","εἰς","εἰς","εἰς"
42,15,18,"RA","ASM","τὸν","τὸν","τόν","ὁ"
42,15,18,"N","ASM","οὐρανὸν","οὐρανὸν","οὐρανόν","οὐρανός"
42,15,18,"C",NULL,"καὶ","καὶ","καί","καί"
42,15,18,"P",NULL,"ἐνώπιόν","ἐνώπιόν","ἐνώπιον","ἐνώπιον"
42,15,18,"RP","GS","σου,","σου","σου","σύ"
42,15,19,"D",NULL,"⸀οὐκέτι","οὐκέτι","οὐκέτι","οὐκέτι"
42,15,19,"V","1PAI-S","εἰμὶ","εἰμὶ","εἰμί","εἰμί"
42,15,19,"A","NSM","ἄξιος","ἄξιος","ἄξιος","ἄξιος"
42,15,19,"V","APN","κληθῆναι","κληθῆναι","κληθῆναι","καλέω"
42,15,19,"N","NSM","υἱός","υἱός","υἱός","υἱός"
42,15,19,"RP","GS","σου·","σου","σου","σύ"
42,15,19,"V","2AAD-S","ποίησόν","ποίησόν","ποίησον","ποιέω"
42,15,19,"RP","AS","με","με","με","ἐγώ"
42,15,19,"C",NULL,"ὡς","ὡς","ὡς","ὡς"
42,15,19,"A","ASM","ἕνα","ἕνα","ἕνα","εἷς"
42,15,19,"RA","GPM","τῶν","τῶν","τῶν","ὁ"
42,15,19,"A","GPM","μισθίων","μισθίων","μισθίων","μίσθιος"
42,15,19,"RP","GS","σου.","σου","σου","σύ"
42,15,20,"C",NULL,"καὶ","καὶ","καί","καί"
42,15,20,"V","AAPNSM","ἀναστὰς","ἀναστὰς","ἀναστάς","ἀνίστημι"
42,15,20,"V","3AAI-S","ἦλθεν","ἦλθεν","ἦλθε(ν)","ἔρχομαι"
42,15,20,"P",NULL,"πρὸς","πρὸς","πρός","πρός"
42,15,20,"RA","ASM","τὸν","τὸν","τόν","ὁ"
42,15,20,"N","ASM","πατέρα","πατέρα","πατέρα","πατήρ"
42,15,20,"RP","GSM","⸀ἑαυτοῦ.","ἑαυτοῦ","ἑαυτοῦ","ἑαυτοῦ"
42,15,20,"D",NULL,"ἔτι","ἔτι","ἔτι","ἔτι"
42,15,20,"C",NULL,"δὲ","δὲ","δέ","δέ"
42,15,20,"RP","GSM","αὐτοῦ","αὐτοῦ","αὐτοῦ","αὐτός"
42,15,20,"D",NULL,"μακρὰν","μακρὰν","μακράν","μακράν"
42,15,20,"V","PAPGSM","ἀπέχοντος","ἀπέχοντος","ἀπέχοντος","ἀπέχω"
42,15,20,"V","3AAI-S","εἶδεν","εἶδεν","εἶδε(ν)","ὁράω"
42,15,20,"RP","ASM","αὐτὸν","αὐτὸν","αὐτόν","αὐτός"
42,15,20,"RA","NSM","ὁ","ὁ","ὁ","ὁ"
42,15,20,"N","NSM","πατὴρ","πατὴρ","πατήρ","πατήρ"
42,15,20,"RP","GSM","αὐτοῦ","αὐτοῦ","αὐτοῦ","αὐτός"
42,15,20,"C",NULL,"καὶ","καὶ","καί","καί"
42,15,20,"V","3API-S","ἐσπλαγχνίσθη","ἐσπλαγχνίσθη","ἐσπλαγχνίσθη","σπλαγχνίζομαι"
42,15,20,"C",NULL,"καὶ","καὶ","καί","καί"
42,15,20,"V","AAPNSM","δραμὼν","δραμὼν","δραμών","τρέχω"
42,15,20,"V","3AAI-S","ἐπέπεσεν","ἐπέπεσεν","ἐπέπεσε(ν)","ἐπιπίπτω"
42,15,20,"P",NULL,"ἐπὶ","ἐπὶ","ἐπί","ἐπί"
42,15,20,"RA","ASM","τὸν","τὸν","τόν","ὁ"
42,15,20,"N","ASM","τράχηλον","τράχηλον","τράχηλον","τράχηλος"
42,15,20,"RP","GSM","αὐτοῦ","αὐτοῦ","αὐτοῦ","αὐτός"
42,15,20,"C",NULL,"καὶ","καὶ","καί","καί"
42,15,20,"V","3AAI-S","κατεφίλησεν","κατεφίλησεν","κατεφίλησε(ν)","καταφιλέω"
42,15,20,"RP","ASM","αὐτόν.","αὐτόν","αὐτόν","αὐτός"
42,15,21,"V","3AAI-S","εἶπεν","εἶπεν","εἶπε(ν)","λέγω"
42,15,21,"C",NULL,"δὲ","δὲ","δέ","δέ"
42,15,21,"RA","NSM","⸂ὁ","ὁ","ὁ","ὁ"
42,15,21,"N","NSM","υἱὸς","υἱὸς","υἱός","υἱός"
42,15,21,"RP","DSM","αὐτῷ⸃·","αὐτῷ","αὐτῷ","αὐτός"
42,15,21,"N","VSM","Πάτερ,","Πάτερ","πάτερ","πατήρ"
42,15,21,"V","1AAI-S","ἥμαρτον","ἥμαρτον","ἥμαρτον","ἁμαρτάνω"
42,15,21,"P",NULL,"εἰς","εἰς","εἰς","εἰς"
42,15,21,"RA","ASM","τὸν","τὸν","τόν","ὁ"
42,15,21,"N","ASM","οὐρανὸν","οὐρανὸν","οὐρανόν","οὐρανός"
42,15,21,"C",NULL,"καὶ","καὶ","καί","καί"
42,15,21,"P",NULL,"ἐνώπιόν","ἐνώπιόν","ἐνώπιον","ἐνώπιον"
42,15,21,"RP","GS","σου,","σου","σου","σύ"
42,15,21,"D",NULL,"⸀οὐκέτι","οὐκέτι","οὐκέτι","οὐκέτι"
42,15,21,"V","1PAI-S","εἰμὶ","εἰμὶ","εἰμί","εἰμί"
42,15,21,"A","NSM","ἄξιος","ἄξιος","ἄξιος","ἄξιος"
42,15,21,"V","APN","κληθῆναι","κληθῆναι","κληθῆναι","καλέω"
42,15,21,"N","NSM","υἱός","υἱός","υἱός","υἱός"
42,15,21,"RP","GS","⸀σου.","σου","σου","σύ"
42,15,22,"V","3AAI-S","εἶπεν","εἶπεν","εἶπε(ν)","λέγω"
42,15,22,"C",NULL,"δὲ","δὲ","δέ","δέ"
42,15,22,"RA","NSM","ὁ","ὁ","ὁ","ὁ"
42,15,22,"N","NSM","πατὴρ","πατὴρ","πατήρ","πατήρ"
42,15,22,"P",NULL,"πρὸς","πρὸς","πρός","πρός"
42,15,22,"RA","APM","τοὺς","τοὺς","τούς","ὁ"
42,15,22,"N","APM","δούλους","δούλους","δούλους","δοῦλος"
42,15,22,"RP","GSM","αὐτοῦ·","αὐτοῦ","αὐτοῦ","αὐτός"
42,15,22,"A","ASN","⸀Ταχὺ","Ταχὺ","ταχύ","ταχύς"
42,15,22,"V","2AAD-P","⸀ἐξενέγκατε","ἐξενέγκατε","ἐξενέγκατε","ἐκφέρω"
42,15,22,"N","ASF","στολὴν","στολὴν","στολήν","στολή"
42,15,22,"RA","ASF","τὴν","τὴν","τήν","ὁ"
42,15,22,"A","ASF","πρώτην","πρώτην","πρώτην","πρῶτος"
42,15,22,"C",NULL,"καὶ","καὶ","καί","καί"
42,15,22,"V","2AAD-P","ἐνδύσατε","ἐνδύσατε","ἐνδύσατε","ἐνδύω"
42,15,22,"RP","ASM","αὐτόν,","αὐτόν","αὐτόν","αὐτός"
42,15,22,"C",NULL,"καὶ","καὶ","καί","καί"
42,15,22,"V","2AAD-P","δότε","δότε","δότε","δίδωμι"
42,15,22,"N","ASM","δακτύλιον","δακτύλιον","δακτύλιον","δακτύλιος"
42,15,22,"P",NULL,"εἰς","εἰς","εἰς","εἰς"
42,15,22,"RA","ASF","τὴν","τὴν","τήν","ὁ"
42,15,22,"N","ASF","χεῖρα","χεῖρα","χεῖρα","χείρ"
42,15,22,"RP","GSM","αὐτοῦ","αὐτοῦ","αὐτοῦ","αὐτός"
42,15,22,"C",NULL,"καὶ","καὶ","καί","καί"
42,15,22,"N","APN","ὑποδήματα","ὑποδήματα","ὑποδήματα","ὑπόδημα"
42,15,22,"P",NULL,"εἰς","εἰς","εἰς","εἰς"
42,15,22,"RA","APM","τοὺς","τοὺς","τούς","ὁ"
42,15,22,"N","APM","πόδας,","πόδας","πόδας","πούς"
42,15,23,"C",NULL,"καὶ","καὶ","καί","καί"
42,15,23,"V","2PAD-P","⸀φέρετε","φέρετε","φέρετε","φέρω"
42,15,23,"RA","ASM","τὸν","τὸν","τόν","ὁ"
42,15,23,"N","ASM","μόσχον","μόσχον","μόσχον","μόσχος"
42,15,23,"RA","ASM","τὸν","τὸν","τόν","ὁ"
42,15,23,"A","ASM","σιτευτόν,","σιτευτόν","σιτευτόν","σιτευτός"
42,15,23,"V","2AAD-P","θύσατε,","θύσατε","θύσατε","θύω"
42,15,23,"C",NULL,"καὶ","καὶ","καί","καί"
42,15,23,"V","AAPNPM","φαγόντες","φαγόντες","φαγόντες","ἐσθίω"
42,15,23,"V","1APS-P","εὐφρανθῶμεν,","εὐφρανθῶμεν","εὐφρανθῶμεν","εὐφραίνω"
42,15,24,"C",NULL,"ὅτι","ὅτι","ὅτι","ὅτι"
42,15,24,"RD","NSM","οὗτος","οὗτος","οὗτος","οὗτος"
42,15,24,"RA","NSM","ὁ","ὁ","ὁ","ὁ"
42,15,24,"N","NSM","υἱός","υἱός","υἱός","υἱός"
42,15,24,"RP","GS","μου","μου","μου","ἐγώ"
42,15,24,"A","NSM","νεκρὸς","νεκρὸς","νεκρός","νεκρός"
42,15,24,"V","3IAI-S","ἦν","ἦν","ἦν","εἰμί"
42,15,24,"C",NULL,"καὶ","καὶ","καί","καί"
42,15,24,"V","3AAI-S","ἀνέζησεν,","ἀνέζησεν","ἀνέζησε(ν)","ἀναζάω"
42,15,24,"V","3IAI-S","⸂ἦν","ἦν","ἦν","εἰμί"
42,15,24,"V","XAPNSM","ἀπολωλὼς⸃","ἀπολωλὼς","ἀπολωλώς","ἀπόλλυμι"
42,15,24,"C",NULL,"καὶ","καὶ","καί","καί"
42,15,24,"V","3API-S","εὑρέθη.","εὑρέθη","εὑρέθη","εὑρίσκω"
42,15,24,"C",NULL,"καὶ","καὶ","καί","καί"
42,15,24,"V","3AMI-P","ἤρξαντο","ἤρξαντο","ἤρξαντο","ἄρχω"
42,15,24,"V","PPN","εὐφραίνεσθαι.","εὐφραίνεσθαι","εὐφραίνεσθαι","εὐφραίνω"
42,15,25,"V","3IAI-S","Ἦν","Ἦν","ἦν","εἰμί"
42,15,25,"C",NULL,"δὲ","δὲ","δέ","δέ"
42,15,25,"RA","NSM","ὁ","ὁ","ὁ","ὁ"
42,15,25,"N","NSM","υἱὸς","υἱὸς","υἱός","υἱός"
42,15,25,"RP","GSM","αὐτοῦ","αὐτοῦ","αὐτοῦ","αὐτός"
42,15,25,"RA","NSM","ὁ","ὁ","ὁ","ὁ"
42,15,25,"A","NSMC","πρεσβύτερος","πρεσβύτερος","πρεσβύτερος","πρεσβύτερος"
42,15,25,"P",NULL,"ἐν","ἐν","ἐν","ἐν"
42,15,25,"N","DSM","ἀγρῷ·","ἀγρῷ","ἀγρῷ","ἀγρός"
42,15,25,"C",NULL,"καὶ","καὶ","καί","καί"
42,15,25,"C",NULL,"ὡς","ὡς","ὡς","ὡς"
42,15,25,"V","PMPNSM","ἐρχόμενος","ἐρχόμενος","ἐρχόμενος","ἔρχομαι"
42,15,25,"V","3AAI-S","ἤγγισεν","ἤγγισεν","ἤγγισε(ν)","ἐγγίζω"
42,15,25,"RA","DSF","τῇ","τῇ","τῇ","ὁ"
42,15,25,"N","DSF","οἰκίᾳ,","οἰκίᾳ","οἰκίᾳ","οἰκία"
42,15,25,"V","3AAI-S","ἤκουσεν","ἤκουσεν","ἤκουσε(ν)","ἀκούω"
42,15,25,"N","GSF","συμφωνίας","συμφωνίας","συμφωνίας","συμφωνία"
42,15,25,"C",NULL,"καὶ","καὶ","καί","καί"
42,15,25,"N","GPM","χορῶν,","χορῶν","χορῶν","χορός"
42,15,26,"C",NULL,"καὶ","καὶ","καί","καί"
42,15,26,"V","AMPNSM","προσκαλεσάμενος","προσκαλεσάμενος","προσκαλεσάμενος","προσκαλέομαι"
42,15,26,"A","ASM","ἕνα","ἕνα","ἕνα","εἷς"
42,15,26,"RA","GPM","τῶν","τῶν","τῶν","ὁ"
42,15,26,"N","GPM","παίδων","παίδων","παίδων","παῖς"
42,15,26,"V","3IMI-S","ἐπυνθάνετο","ἐπυνθάνετο","ἐπυνθάνετο","πυνθάνομαι"
42,15,26,"RI","NSN","τί","τί","τί","τίς"
42,15,26,"X",NULL,"⸀ἂν","ἂν","ἄν","ἄν"
42,15,26,"V","3PAO-S","εἴη","εἴη","εἴη","εἰμί"
42,15,26,"RD","NPN","ταῦτα·","ταῦτα","ταῦτα","οὗτος"
42,15,27,"RA","NSM","ὁ","ὁ","ὁ","ὁ"
42,15,27,"C",NULL,"δὲ","δὲ","δέ","δέ"
42,15,27,"V","3AAI-S","εἶπεν","εἶπεν","εἶπε(ν)","λέγω"
42,15,27,"RP","DSM","αὐτῷ","αὐτῷ","αὐτῷ","αὐτός"
42,15,27,"C",NULL,"ὅτι","ὅτι","ὅτι","ὅτι"
42,15,27,"RA","NSM","Ὁ","Ὁ","ὁ","ὁ"
42,15,27,"N","NSM","ἀδελφός","ἀδελφός","ἀδελφός","ἀδελφός"
42,15,27,"RP","GS","σου","σου","σου","σύ"
42,15,27,"V","3PAI-S","ἥκει,","ἥκει","ἥκει","ἥκω"
42,15,27,"C",NULL,"καὶ","καὶ","καί","καί"
42,15,27,"V","3AAI-S","ἔθυσεν","ἔθυσεν","ἔθυσε(ν)","θύω"
42,15,27,"RA","NSM","ὁ","ὁ","ὁ","ὁ"
42,15,27,"N","NSM","πατήρ","πατήρ","πατήρ","πατήρ"
42,15,27,"RP","GS","σου","σου","σου","σύ"
42,15,27,"RA","ASM","τὸν","τὸν","τόν","ὁ"
42,15,27,"N","ASM","μόσχον","μόσχον","μόσχον","μόσχος"
42,15,27,"RA","ASM","τὸν","τὸν","τόν","ὁ"
42,15,27,"A","ASM","σιτευτόν,","σιτευτόν","σιτευτόν","σιτευτός"
42,15,27,"C",NULL,"ὅτι","ὅτι","ὅτι","ὅτι"
42,15,27,"V","PAPASM","ὑγιαίνοντα","ὑγιαίνοντα","ὑγιαίνοντα","ὑγιαίνω"
42,15,27,"RP","ASM","αὐτὸν","αὐτὸν","αὐτόν","αὐτός"
42,15,27,"V","3AAI-S","ἀπέλαβεν.","ἀπέλαβεν","ἀπέλαβε(ν)","ἀπολαμβάνω"
42,15,28,"V","3API-S","ὠργίσθη","ὠργίσθη","ὠργίσθη","ὀργίζομαι"
42,15,28,"C",NULL,"δὲ","δὲ","δέ","δέ"
42,15,28,"C",NULL,"καὶ","καὶ","καί","καί"
42,15,28,"D",NULL,"οὐκ","οὐκ","οὐ","οὐ"
42,15,28,"V","3IAI-S","ἤθελεν","ἤθελεν","ἤθελε(ν)","θέλω"
42,15,28,"V","AAN","εἰσελθεῖν.","εἰσελθεῖν","εἰσελθεῖν","εἰσέρχομαι"
42,15,28,"RA","NSM","ὁ","ὁ","ὁ","ὁ"
42,15,28,"C",NULL,"⸀δὲ","δὲ","δέ","δέ"
42,15,28,"N","NSM","πατὴρ","πατὴρ","πατήρ","πατήρ"
42,15,28,"RP","GSM","αὐτοῦ","αὐτοῦ","αὐτοῦ","αὐτός"
42,15,28,"V","AAPNSM","ἐξελθὼν","ἐξελθὼν","ἐξελθών","ἐξέρχομαι"
42,15,28,"V","3IAI-S","παρεκάλει","παρεκάλει","παρεκάλει","παρακαλέω"
42,15,28,"RP","ASM","αὐτόν.","αὐτόν","αὐτόν","αὐτός"
42,15,29,"RA","NSM","ὁ","ὁ","ὁ","ὁ"
42,15,29,"C",NULL,"δὲ","δὲ","δέ","δέ"
42,15,29,"V","APPNSM","ἀποκριθεὶς","ἀποκριθεὶς","ἀποκριθείς","ἀποκρίνομαι"
42,15,29,"V","3AAI-S","εἶπεν","εἶπεν","εἶπε(ν)","λέγω"
42,15,29,"RA","DSM","τῷ","τῷ","τῷ","ὁ"
42,15,29,"N","DSM","πατρὶ","πατρὶ","πατρί","πατήρ"
42,15,29,"RP","GSM","⸀αὐτοῦ·","αὐτοῦ","αὐτοῦ","αὐτός"
42,15,29,"X",NULL,"Ἰδοὺ","Ἰδοὺ","ἰδού","ἰδού"
42,15,29,"RD","APN","τοσαῦτα","τοσαῦτα","τοσαῦτα","τοσοῦτος"
42,15,29,"N","APN","ἔτη","ἔτη","ἔτη","ἔτος"
42,15,29,"V","1PAI-S","δουλεύω","δουλεύω","δουλεύω","δουλεύω"
42,15,29,"RP","DS","σοι","σοι","σοι","σύ"
42,15,29,"C",NULL,"καὶ","καὶ","καί","καί"
42,15,29,"D",NULL,"οὐδέποτε","οὐδέποτε","οὐδέποτε","οὐδέποτε"
42,15,29,"N","ASF","ἐντολήν","ἐντολήν","ἐντολήν","ἐντολή"
42,15,29,"RP","GS","σου","σου","σου","σύ"
42,15,29,"V","1AAI-S","παρῆλθον,","παρῆλθον","παρῆλθον","παρέρχομαι"
42,15,29,"C",NULL,"καὶ","καὶ","καί","καί"
42,15,29,"RP","DS","ἐμοὶ","ἐμοὶ","ἐμοί","ἐγώ"
42,15,29,"D",NULL,"οὐδέποτε","οὐδέποτε","οὐδέποτε","οὐδέποτε"
42,15,29,"V","2AAI-S","ἔδωκας","ἔδωκας","ἔδωκας","δίδωμι"
42,15,29,"N","ASM","ἔριφον","ἔριφον","ἔριφον","ἔριφος"
42,15,29,"C",NULL,"ἵνα","ἵνα","ἵνα","ἵνα"
42,15,29,"P",NULL,"μετὰ","μετὰ","μετά","μετά"
42,15,29,"RA","GPM","τῶν","τῶν","τῶν","ὁ"
42,15,29,"A","GPM","φίλων","φίλων","φίλων","φίλος"
42,15,29,"RP","GS","μου","μου","μου","ἐγώ"
42,15,29,"V","1APS-S","εὐφρανθῶ·","εὐφρανθῶ","εὐφρανθῶ","εὐφραίνω"
42,15,30,"C",NULL,"ὅτε","ὅτε","ὅτε","ὅτε"
42,15,30,"C",NULL,"δὲ","δὲ","δέ","δέ"
42,15,30,"RA","NSM","ὁ","ὁ","ὁ","ὁ"
42,15,30,"N","NSM","υἱός","υἱός","υἱός","υἱός"
42,15,30,"RP","GS","σου","σου","σου","σύ"
42,15,30,"RD","NSM","οὗτος","οὗτος","οὗτος","οὗτος"
42,15,30,"RA","NSM","ὁ","ὁ","ὁ","ὁ"
42,15,30,"V","AAPNSM","καταφαγών","καταφαγών","καταφαγών","κατεσθίω"
42,15,30,"RP","GS","σου","σου","σου","σύ"
42,15,30,"RA","ASM","τὸν","τὸν","τόν","ὁ"
42,15,30,"N","ASM","βίον","βίον","βίον","βίος"
42,15,30,"P",NULL,"⸀μετὰ","μετὰ","μετά","μετά"
42,15,30,"N","GPF","πορνῶν","πορνῶν","πορνῶν","πόρνη"
42,15,30,"V","3AAI-S","ἦλθεν,","ἦλθεν","ἦλθε(ν)","ἔρχομαι"
42,15,30,"V","2AAI-S","ἔθυσας","ἔθυσας","ἔθυσας","θύω"
42,15,30,"RP","DSM","αὐτῷ","αὐτῷ","αὐτῷ","αὐτός"
42,15,30,"RA","ASM","τὸν","τὸν","τόν","ὁ"
42,15,30,"A","ASM","⸂σιτευτὸν","σιτευτὸν","σιτευτόν","σιτευτός"
42,15,30,"N","ASM","μόσχον⸃.","μόσχον","μόσχον","μόσχος"
42,15,31,"RA","NSM","ὁ","ὁ","ὁ","ὁ"
42,15,31,"C",NULL,"δὲ","δὲ","δέ","δέ"
42,15,31,"V","3AAI-S","εἶπεν","εἶπεν","εἶπε(ν)","λέγω"
42,15,31,"RP","DSM","αὐτῷ·","αὐτῷ","αὐτῷ","αὐτός"
42,15,31,"N","VSN","Τέκνον,","Τέκνον","τέκνον","τέκνον"
42,15,31,"RP","NS","σὺ","σὺ","σύ","σύ"
42,15,31,"D",NULL,"πάντοτε","πάντοτε","πάντοτε","πάντοτε"
42,15,31,"P",NULL,"μετ’","μετ’","μετά","μετά"
42,15,31,"RP","GS","ἐμοῦ","ἐμοῦ","ἐμοῦ","ἐγώ"
42,15,31,"V","2PAI-S","εἶ,","εἶ","εἶ","εἰμί"
42,15,31,"C",NULL,"καὶ","καὶ","καί","καί"
42,15,31,"A","NPN","πάντα","πάντα","πάντα","πᾶς"
42,15,31,"RA","NPN","τὰ","τὰ","τά","ὁ"
42,15,31,"A","NPN","ἐμὰ","ἐμὰ","ἐμά","ἐμός"
42,15,31,"A","NPN","σά","σά","σά","σός"
42,15,31,"V","3PAI-S","ἐστιν·","ἐστιν","ἐστί(ν)","εἰμί"
42,15,32,"V","APN","εὐφρανθῆναι","εὐφρανθῆναι","εὐφρανθῆναι","εὐφραίνω"
42,15,32,"C",NULL,"δὲ","δὲ","δέ","δέ"
42,15,32,"C",NULL,"καὶ","καὶ","καί","καί"
42,15,32,"V","APN","χαρῆναι","χαρῆναι","χαρῆναι","χαίρω"
42,15,32,"V","3IAI-S","ἔδει,","ἔδει","ἔδει","δέω"
42,15,32,"C",NULL,"ὅτι","ὅτι","ὅτι","ὅτι"
42,15,32,"RA","NSM","ὁ","ὁ","ὁ","ὁ"
42,15,32,"N","NSM","ἀδελφός","ἀδελφός","ἀδελφός","ἀδελφός"
42,15,32,"RP","GS","σου","σου","σου","σύ"
42,15,32,"RD","NSM","οὗτος","οὗτος","οὗτος","οὗτος"
42,15,32,"A","NSM","νεκρὸς","νεκρὸς","νεκρός","νεκρός"
42,15,32,"V","3IAI-S","ἦν","ἦν","ἦν","εἰμί"
42,15,32,"C",NULL,"καὶ","καὶ","καί","καί"
42,15,32,"V","3AAI-S","⸀ἔζησεν,","ἔζησεν","ἔζησε(ν)","ζάω"
42,15,32,"C",NULL,"καὶ","καὶ","καί","καί"
42,15,32,"V","XAPNSM","⸀ἀπολωλὼς","ἀπολωλὼς","ἀπολωλώς","ἀπόλλυμι"
42,15,32,"C",NULL,"καὶ","καὶ","καί","καί"
42,15,32,"V","3API-S","εὑρέθη.","εὑρέθη","εὑρέθη","εὑρίσκω"
42,16,01,"V","3IAI-S","Ἔλεγεν","Ἔλεγεν","ἔλεγε(ν)","λέγω"
42,16,01,"C",NULL,"δὲ","δὲ","δέ","δέ"
42,16,01,"D",NULL,"καὶ","καὶ","καί","καί"
42,16,01,"P",NULL,"πρὸς","πρὸς","πρός","πρός"
42,16,01,"RA","APM","τοὺς","τοὺς","τούς","ὁ"
42,16,01,"N","APM","⸀μαθητάς·","μαθητάς","μαθητάς","μαθητής"
42,16,01,"N","NSM","Ἄνθρωπός","Ἄνθρωπός","ἄνθρωπος","ἄνθρωπος"
42,16,01,"RI","NSM","τις","τις","τὶς","τις"
42,16,01,"V","3IAI-S","ἦν","ἦν","ἦν","εἰμί"
42,16,01,"A","NSM","πλούσιος","πλούσιος","πλούσιος","πλούσιος"
42,16,01,"RR","NSM","ὃς","ὃς","ὅς","ὅς"
42,16,01,"V","3IAI-S","εἶχεν","εἶχεν","εἶχε(ν)","ἔχω"
42,16,01,"N","ASM","οἰκονόμον,","οἰκονόμον","οἰκονόμον","οἰκονόμος"
42,16,01,"C",NULL,"καὶ","καὶ","καί","καί"
42,16,01,"RD","NSM","οὗτος","οὗτος","οὗτος","οὗτος"
42,16,01,"V","3API-S","διεβλήθη","διεβλήθη","διεβλήθη","διαβάλλω"
42,16,01,"RP","DSM","αὐτῷ","αὐτῷ","αὐτῷ","αὐτός"
42,16,01,"C",NULL,"ὡς","ὡς","ὡς","ὡς"
42,16,01,"V","PAPNSM","διασκορπίζων","διασκορπίζων","διασκορπίζων","διασκορπίζω"
42,16,01,"RA","APN","τὰ","τὰ","τά","ὁ"
42,16,01,"V","PAPAPN","ὑπάρχοντα","ὑπάρχοντα","ὑπάρχοντα","ὑπάρχω"
42,16,01,"RP","GSM","αὐτοῦ.","αὐτοῦ","αὐτοῦ","αὐτός"
42,16,02,"C",NULL,"καὶ","καὶ","καί","καί"
42,16,02,"V","AAPNSM","φωνήσας","φωνήσας","φωνήσας","φωνέω"
42,16,02,"RP","ASM","αὐτὸν","αὐτὸν","αὐτόν","αὐτός"
42,16,02,"V","3AAI-S","εἶπεν","εἶπεν","εἶπε(ν)","λέγω"
42,16,02,"RP","DSM","αὐτῷ·","αὐτῷ","αὐτῷ","αὐτός"
42,16,02,"RI","ASN","Τί","Τί","τί","τίς"
42,16,02,"RD","ASN","τοῦτο","τοῦτο","τοῦτο","οὗτος"
42,16,02,"V","1PAI-S","ἀκούω","ἀκούω","ἀκούω","ἀκούω"
42,16,02,"P",NULL,"περὶ","περὶ","περί","περί"
42,16,02,"RP","GS","σοῦ;","σοῦ","σοῦ","σύ"
42,16,02,"V","2AAD-S","ἀπόδος","ἀπόδος","ἀπόδος","ἀποδίδωμι"
42,16,02,"RA","ASM","τὸν","τὸν","τόν","ὁ"
42,16,02,"N","ASM","λόγον","λόγον","λόγον","λόγος"
42,16,02,"RA","GSF","τῆς","τῆς","τῆς","ὁ"
42,16,02,"N","GSF","οἰκονομίας","οἰκονομίας","οἰκονομίας","οἰκονομία"
42,16,02,"RP","GS","σου,","σου","σου","σύ"
42,16,02,"D",NULL,"οὐ","οὐ","οὐ","οὐ"
42,16,02,"C",NULL,"γὰρ","γὰρ","γάρ","γάρ"
42,16,02,"V","2PMI-S","⸀δύνῃ","δύνῃ","δύνῃ","δύναμαι"
42,16,02,"D",NULL,"ἔτι","ἔτι","ἔτι","ἔτι"
42,16,02,"V","PAN","οἰκονομεῖν.","οἰκονομεῖν","οἰκονομεῖν","οἰκονομέω"
42,16,03,"V","3AAI-S","εἶπεν","εἶπεν","εἶπε(ν)","λέγω"
42,16,03,"C",NULL,"δὲ","δὲ","δέ","δέ"
42,16,03,"P",NULL,"ἐν","ἐν","ἐν","ἐν"
42,16,03,"RP","DSM","ἑαυτῷ","ἑαυτῷ","ἑαυτῷ","ἑαυτοῦ"
42,16,03,"RA","NSM","ὁ","ὁ","ὁ","ὁ"
42,16,03,"N","NSM","οἰκονόμος·","οἰκονόμος","οἰκονόμος","οἰκονόμος"
42,16,03,"RI","ASN","Τί","Τί","τί","τίς"
42,16,03,"V","1AAS-S","ποιήσω","ποιήσω","ποιήσω","ποιέω"
42,16,03,"C",NULL,"ὅτι","ὅτι","ὅτι","ὅτι"
42,16,03,"RA","NSM","ὁ","ὁ","ὁ","ὁ"
42,16,03,"N","NSM","κύριός","κύριός","κύριος","κύριος"
42,16,03,"RP","GS","μου","μου","μου","ἐγώ"
42,16,03,"V","3PMI-S","ἀφαιρεῖται","ἀφαιρεῖται","ἀφαιρεῖται","ἀφαιρέω"
42,16,03,"RA","ASF","τὴν","τὴν","τήν","ὁ"
42,16,03,"N","ASF","οἰκονομίαν","οἰκονομίαν","οἰκονομίαν","οἰκονομία"
42,16,03,"P",NULL,"ἀπ’","ἀπ’","ἀπό","ἀπό"
42,16,03,"RP","GS","ἐμοῦ;","ἐμοῦ","ἐμοῦ","ἐγώ"
42,16,03,"V","PAN","σκάπτειν","σκάπτειν","σκάπτειν","σκάπτω"
42,16,03,"D",NULL,"οὐκ","οὐκ","οὐ","οὐ"
42,16,03,"V","1PAI-S","ἰσχύω,","ἰσχύω","ἰσχύω","ἰσχύω"
42,16,03,"V","PAN","ἐπαιτεῖν","ἐπαιτεῖν","ἐπαιτεῖν","ἐπαιτέω"
42,16,03,"V","1PMI-S","αἰσχύνομαι·","αἰσχύνομαι","αἰσχύνομαι","αἰσχύνομαι"
42,16,04,"V","1AAI-S","ἔγνων","ἔγνων","ἔγνων","γινώσκω"
42,16,04,"RI","ASN","τί","τί","τί","τίς"
42,16,04,"V","1AAS-S","ποιήσω,","ποιήσω","ποιήσω","ποιέω"
42,16,04,"C",NULL,"ἵνα","ἵνα","ἵνα","ἵνα"
42,16,04,"C",NULL,"ὅταν","ὅταν","ὅταν","ὅταν"
42,16,04,"V","1APS-S","μετασταθῶ","μετασταθῶ","μετασταθῶ","μεθίστημι"
42,16,04,"P",NULL,"⸀ἐκ","ἐκ","ἐκ","ἐκ"
42,16,04,"RA","GSF","τῆς","τῆς","τῆς","ὁ"
42,16,04,"N","GSF","οἰκονομίας","οἰκονομίας","οἰκονομίας","οἰκονομία"
42,16,04,"V","3AMS-P","δέξωνταί","δέξωνταί","δέξωνται","δέχομαι"
42,16,04,"RP","AS","με","με","με","ἐγώ"
42,16,04,"P",NULL,"εἰς","εἰς","εἰς","εἰς"
42,16,04,"RA","APM","τοὺς","τοὺς","τούς","ὁ"
42,16,04,"N","APM","οἴκους","οἴκους","οἴκους","οἶκος"
42,16,04,"RP","GPM","⸀ἑαυτῶν.","ἑαυτῶν","ἑαυτῶν","ἑαυτοῦ"
42,16,05,"C",NULL,"καὶ","καὶ","καί","καί"
42,16,05,"V","AMPNSM","προσκαλεσάμενος","προσκαλεσάμενος","προσκαλεσάμενος","προσκαλέομαι"
42,16,05,"A","ASM","ἕνα","ἕνα","ἕνα","εἷς"
42,16,05,"A","ASM","ἕκαστον","ἕκαστον","ἕκαστον","ἕκαστος"
42,16,05,"RA","GPM","τῶν","τῶν","τῶν","ὁ"
42,16,05,"N","GPM","χρεοφειλετῶν","χρεοφειλετῶν","χρεοφειλετῶν","χρεοφειλέτης"
42,16,05,"RA","GSM","τοῦ","τοῦ","τοῦ","ὁ"
42,16,05,"N","GSM","κυρίου","κυρίου","κυρίου","κύριος"
42,16,05,"RP","GSM","ἑαυτοῦ","ἑαυτοῦ","ἑαυτοῦ","ἑαυτοῦ"
42,16,05,"V","3IAI-S","ἔλεγεν","ἔλεγεν","ἔλεγε(ν)","λέγω"
42,16,05,"RA","DSM","τῷ","τῷ","τῷ","ὁ"
42,16,05,"A","DSM","πρώτῳ·","πρώτῳ","πρώτῳ","πρῶτος"
42,16,05,"RI","ASN","Πόσον","Πόσον","πόσον","πόσος"
42,16,05,"V","2PAI-S","ὀφείλεις","ὀφείλεις","ὀφείλεις","ὀφείλω"
42,16,05,"RA","DSM","τῷ","τῷ","τῷ","ὁ"
42,16,05,"N","DSM","κυρίῳ","κυρίῳ","κυρίῳ","κύριος"
42,16,05,"RP","GS","μου;","μου","μου","ἐγώ"
42,16,06,"RA","NSM","ὁ","ὁ","ὁ","ὁ"
42,16,06,"C",NULL,"δὲ","δὲ","δέ","δέ"
42,16,06,"V","3AAI-S","εἶπεν·","εἶπεν","εἶπε(ν)","λέγω"
42,16,06,"A","APM","Ἑκατὸν","Ἑκατὸν","ἑκατόν","ἑκατόν"
42,16,06,"N","APM","βάτους","βάτους","βάτους","βάτος"
42,16,06,"N","GSN","ἐλαίου·","ἐλαίου","ἐλαίου","ἔλαιον"
42,16,06,"RA","NSM","⸂ὁ","ὁ","ὁ","ὁ"
42,16,06,"C",NULL,"δὲ⸃","δὲ","δέ","δέ"
42,16,06,"V","3AAI-S","εἶπεν","εἶπεν","εἶπε(ν)","λέγω"
42,16,06,"RP","DSM","αὐτῷ·","αὐτῷ","αὐτῷ","αὐτός"
42,16,06,"V","2AMD-S","Δέξαι","Δέξαι","δέξαι","δέχομαι"
42,16,06,"RP","GS","σου","σου","σου","σύ"
42,16,06,"RA","APN","⸂τὰ","τὰ","τά","ὁ"
42,16,06,"N","APN","γράμματα⸃","γράμματα","γράμματα","γράμμα"
42,16,06,"C",NULL,"καὶ","καὶ","καί","καί"
42,16,06,"V","AAPNSM","καθίσας","καθίσας","καθίσας","καθίζω"
42,16,06,"D",NULL,"ταχέως","ταχέως","ταχέως","ταχέως"
42,16,06,"V","2AAD-S","γράψον","γράψον","γράψον","γράφω"
42,16,06,"A","APM","πεντήκοντα.","πεντήκοντα","πεντήκοντα","πεντήκοντα"
42,16,07,"D",NULL,"ἔπειτα","ἔπειτα","ἔπειτα","ἔπειτα"
42,16,07,"A","DSM","ἑτέρῳ","ἑτέρῳ","ἑτέρῳ","ἕτερος"
42,16,07,"V","3AAI-S","εἶπεν·","εἶπεν","εἶπε(ν)","λέγω"
42,16,07,"RP","NS","Σὺ","Σὺ","σύ","σύ"
42,16,07,"C",NULL,"δὲ","δὲ","δέ","δέ"
42,16,07,"RI","ASN","πόσον","πόσον","πόσον","πόσος"
42,16,07,"V","2PAI-S","ὀφείλεις;","ὀφείλεις","ὀφείλεις","ὀφείλω"
42,16,07,"RA","NSM","ὁ","ὁ","ὁ","ὁ"
42,16,07,"C",NULL,"δὲ","δὲ","δέ","δέ"
42,16,07,"V","3AAI-S","εἶπεν·","εἶπεν","εἶπε(ν)","λέγω"
42,16,07,"A","APM","Ἑκατὸν","Ἑκατὸν","ἑκατόν","ἑκατόν"
42,16,07,"N","APM","κόρους","κόρους","κόρους","κόρος"
42,16,07,"N","GSM","σίτου·","σίτου","σίτου","σῖτος"
42,16,07,"V","3PAI-S","⸀λέγει","λέγει","λέγει","λέγω"
42,16,07,"RP","DSM","αὐτῷ·","αὐτῷ","αὐτῷ","αὐτός"
42,16,07,"V","2AMD-S","Δέξαι","Δέξαι","δέξαι","δέχομαι"
42,16,07,"RP","GS","σου","σου","σου","σύ"
42,16,07,"RA","APN","⸂τὰ","τὰ","τά","ὁ"
42,16,07,"N","APN","γράμματα⸃","γράμματα","γράμματα","γράμμα"
42,16,07,"C",NULL,"καὶ","καὶ","καί","καί"
42,16,07,"V","2AAD-S","γράψον","γράψον","γράψον","γράφω"
42,16,07,"A","APM","ὀγδοήκοντα.","ὀγδοήκοντα","ὀγδοήκοντα","ὀγδοήκοντα"
42,16,08,"C",NULL,"καὶ","καὶ","καί","καί"
42,16,08,"V","3AAI-S","ἐπῄνεσεν","ἐπῄνεσεν","ἐπῄνεσε(ν)","ἐπαινέω"
42,16,08,"RA","NSM","ὁ","ὁ","ὁ","ὁ"
42,16,08,"N","NSM","κύριος","κύριος","κύριος","κύριος"
42,16,08,"RA","ASM","τὸν","τὸν","τόν","ὁ"
42,16,08,"N","ASM","οἰκονόμον","οἰκονόμον","οἰκονόμον","οἰκονόμος"
42,16,08,"RA","GSF","τῆς","τῆς","τῆς","ὁ"
42,16,08,"N","GSF","ἀδικίας","ἀδικίας","ἀδικίας","ἀδικία"
42,16,08,"C",NULL,"ὅτι","ὅτι","ὅτι","ὅτι"
42,16,08,"D",NULL,"φρονίμως","φρονίμως","φρονίμως","φρονίμως"
42,16,08,"V","3AAI-S","ἐποίησεν·","ἐποίησεν","ἐποίησε(ν)","ποιέω"
42,16,08,"C",NULL,"ὅτι","ὅτι","ὅτι","ὅτι"
42,16,08,"RA","NPM","οἱ","οἱ","οἱ","ὁ"
42,16,08,"N","NPM","υἱοὶ","υἱοὶ","υἱοί","υἱός"
42,16,08,"RA","GSM","τοῦ","τοῦ","τοῦ","ὁ"
42,16,08,"N","GSM","αἰῶνος","αἰῶνος","αἰῶνος","αἰών"
42,16,08,"RD","GSM","τούτου","τούτου","τούτου","οὗτος"
42,16,08,"A","NPMC","φρονιμώτεροι","φρονιμώτεροι","φρονιμώτεροι","φρόνιμος"
42,16,08,"P",NULL,"ὑπὲρ","ὑπὲρ","ὑπέρ","ὑπέρ"
42,16,08,"RA","APM","τοὺς","τοὺς","τούς","ὁ"
42,16,08,"N","APM","υἱοὺς","υἱοὺς","υἱούς","υἱός"
42,16,08,"RA","GSN","τοῦ","τοῦ","τοῦ","ὁ"
42,16,08,"N","GSN","φωτὸς","φωτὸς","φωτός","φῶς"
42,16,08,"P",NULL,"εἰς","εἰς","εἰς","εἰς"
42,16,08,"RA","ASF","τὴν","τὴν","τήν","ὁ"
42,16,08,"N","ASF","γενεὰν","γενεὰν","γενεάν","γενεά"
42,16,08,"RA","ASF","τὴν","τὴν","τήν","ὁ"
42,16,08,"RP","GPM","ἑαυτῶν","ἑαυτῶν","ἑαυτῶν","ἑαυτοῦ"
42,16,08,"V","3PAI-P","εἰσιν.","εἰσιν","εἰσί(ν)","εἰμί"
42,16,09,"C",NULL,"καὶ","καὶ","καί","καί"
42,16,09,"RP","NS","ἐγὼ","ἐγὼ","ἐγώ","ἐγώ"
42,16,09,"RP","DP","ὑμῖν","ὑμῖν","ὑμῖν","σύ"
42,16,09,"V","1PAI-S","λέγω,","λέγω","λέγω","λέγω"
42,16,09,"RP","DPM","⸂ἑαυτοῖς","ἑαυτοῖς","ἑαυτοῖς","ἑαυτοῦ"
42,16,09,"V","2AAD-P","ποιήσατε⸃","ποιήσατε","ποιήσατε","ποιέω"
42,16,09,"A","APM","φίλους","φίλους","φίλους","φίλος"
42,16,09,"P",NULL,"ἐκ","ἐκ","ἐκ","ἐκ"
42,16,09,"RA","GSM","τοῦ","τοῦ","τοῦ","ὁ"
42,16,09,"N","GSM","μαμωνᾶ","μαμωνᾶ","μαμωνᾶ","μαμωνᾶς"
42,16,09,"RA","GSF","τῆς","τῆς","τῆς","ὁ"
42,16,09,"N","GSF","ἀδικίας,","ἀδικίας","ἀδικίας","ἀδικία"
42,16,09,"C",NULL,"ἵνα","ἵνα","ἵνα","ἵνα"
42,16,09,"C",NULL,"ὅταν","ὅταν","ὅταν","ὅταν"
42,16,09,"V","3AAS-S","⸀ἐκλίπῃ","ἐκλίπῃ","ἐκλίπῃ","ἐκλείπω"
42,16,09,"V","3AMS-P","δέξωνται","δέξωνται","δέξωνται","δέχομαι"
42,16,09,"RP","AP","ὑμᾶς","ὑμᾶς","ὑμᾶς","σύ"
42,16,09,"P",NULL,"εἰς","εἰς","εἰς","εἰς"
42,16,09,"RA","APF","τὰς","τὰς","τάς","ὁ"
42,16,09,"A","APF","αἰωνίους","αἰωνίους","αἰωνίους","αἰώνιος"
42,16,09,"N","APF","σκηνάς.","σκηνάς","σκηνάς","σκηνή"
42,16,10,"RA","NSM","Ὁ","Ὁ","ὁ","ὁ"
42,16,10,"A","NSM","πιστὸς","πιστὸς","πιστός","πιστός"
42,16,10,"P",NULL,"ἐν","ἐν","ἐν","ἐν"
42,16,10,"A","DSNS","ἐλαχίστῳ","ἐλαχίστῳ","ἐλαχίστῳ","ἐλάχιστος"
42,16,10,"D",NULL,"καὶ","καὶ","καί","καί"
42,16,10,"P",NULL,"ἐν","ἐν","ἐν","ἐν"
42,16,10,"A","DSN","πολλῷ","πολλῷ","πολλῷ","πολύς"
42,16,10,"A","NSM","πιστός","πιστός","πιστός","πιστός"
42,16,10,"V","3PAI-S","ἐστιν,","ἐστιν","ἐστί(ν)","εἰμί"
42,16,10,"C",NULL,"καὶ","καὶ","καί","καί"
42,16,10,"RA","NSM","ὁ","ὁ","ὁ","ὁ"
42,16,10,"P",NULL,"ἐν","ἐν","ἐν","ἐν"
42,16,10,"A","DSNS","ἐλαχίστῳ","ἐλαχίστῳ","ἐλαχίστῳ","ἐλάχιστος"
42,16,10,"A","NSM","ἄδικος","ἄδικος","ἄδικος","ἄδικος"
42,16,10,"D",NULL,"καὶ","καὶ","καί","καί"
42,16,10,"P",NULL,"ἐν","ἐν","ἐν","ἐν"
42,16,10,"A","DSN","πολλῷ","πολλῷ","πολλῷ","πολύς"
42,16,10,"A","NSM","ἄδικός","ἄδικός","ἄδικος","ἄδικος"
42,16,10,"V","3PAI-S","ἐστιν.","ἐστιν","ἐστί(ν)","εἰμί"
42,16,11,"C",NULL,"εἰ","εἰ","εἰ","εἰ"
42,16,11,"C",NULL,"οὖν","οὖν","οὖν","οὖν"
42,16,11,"P",NULL,"ἐν","ἐν","ἐν","ἐν"
42,16,11,"RA","DSM","τῷ","τῷ","τῷ","ὁ"
42,16,11,"A","DSM","ἀδίκῳ","ἀδίκῳ","ἀδίκῳ","ἄδικος"
42,16,11,"N","DSM","μαμωνᾷ","μαμωνᾷ","μαμωνᾷ","μαμωνᾶς"
42,16,11,"A","NPM","πιστοὶ","πιστοὶ","πιστοί","πιστός"
42,16,11,"D",NULL,"οὐκ","οὐκ","οὐ","οὐ"
42,16,11,"V","2AMI-P","ἐγένεσθε,","ἐγένεσθε","ἐγένεσθε","γίνομαι"
42,16,11,"RA","ASN","τὸ","τὸ","τό","ὁ"
42,16,11,"A","ASN","ἀληθινὸν","ἀληθινὸν","ἀληθινόν","ἀληθινός"
42,16,11,"RI","NSM","τίς","τίς","τίς","τίς"
42,16,11,"RP","DP","ὑμῖν","ὑμῖν","ὑμῖν","σύ"
42,16,11,"V","3FAI-S","πιστεύσει;","πιστεύσει","πιστεύσει","πιστεύω"
42,16,12,"C",NULL,"καὶ","καὶ","καί","καί"
42,16,12,"C",NULL,"εἰ","εἰ","εἰ","εἰ"
42,16,12,"P",NULL,"ἐν","ἐν","ἐν","ἐν"
42,16,12,"RA","DSN","τῷ","τῷ","τῷ","ὁ"
42,16,12,"A","DSN","ἀλλοτρίῳ","ἀλλοτρίῳ","ἀλλοτρίῳ","ἀλλότριος"
42,16,12,"A","NPM","πιστοὶ","πιστοὶ","πιστοί","πιστός"
42,16,12,"D",NULL,"οὐκ","οὐκ","οὐ","οὐ"
42,16,12,"V","2AMI-P","ἐγένεσθε,","ἐγένεσθε","ἐγένεσθε","γίνομαι"
42,16,12,"RA","ASN","τὸ","τὸ","τό","ὁ"
42,16,12,"A","ASN","⸀ὑμέτερον","ὑμέτερον","ὑμέτερον","ὑμέτερος"
42,16,12,"RI","NSM","τίς","τίς","τίς","τίς"
42,16,12,"V","3FAI-S","⸂δώσει","δώσει","δώσει","δίδωμι"
42,16,12,"RP","DP","ὑμῖν⸃;","ὑμῖν","ὑμῖν","σύ"
42,16,13,"A","NSM","οὐδεὶς","οὐδεὶς","οὐδείς","οὐδείς"
42,16,13,"N","NSM","οἰκέτης","οἰκέτης","οἰκέτης","οἰκέτης"
42,16,13,"V","3PMI-S","δύναται","δύναται","δύναται","δύναμαι"
42,16,13,"A","DPM","δυσὶ","δυσὶ","δυσί(ν)","δύο"
42,16,13,"N","DPM","κυρίοις","κυρίοις","κυρίοις","κύριος"
42,16,13,"V","PAN","δουλεύειν·","δουλεύειν","δουλεύειν","δουλεύω"
42,16,13,"C",NULL,"ἢ","ἢ","ἤ","ἤ"
42,16,13,"C",NULL,"γὰρ","γὰρ","γάρ","γάρ"
42,16,13,"RA","ASM","τὸν","τὸν","τόν","ὁ"
42,16,13,"A","ASM","ἕνα","ἕνα","ἕνα","εἷς"
42,16,13,"V","3FAI-S","μισήσει","μισήσει","μισήσει","μισέω"
42,16,13,"C",NULL,"καὶ","καὶ","καί","καί"
42,16,13,"RA","ASM","τὸν","τὸν","τόν","ὁ"
42,16,13,"A","ASM","ἕτερον","ἕτερον","ἕτερον","ἕτερος"
42,16,13,"V","3FAI-S","ἀγαπήσει,","ἀγαπήσει","ἀγαπήσει","ἀγαπάω"
42,16,13,"C",NULL,"ἢ","ἢ","ἤ","ἤ"
42,16,13,"A","GSM","ἑνὸς","ἑνὸς","ἑνός","εἷς"
42,16,13,"V","3FMI-S","ἀνθέξεται","ἀνθέξεται","ἀνθέξεται","ἀντέχομαι"
42,16,13,"C",NULL,"καὶ","καὶ","καί","καί"
42,16,13,"RA","GSM","τοῦ","τοῦ","τοῦ","ὁ"
42,16,13,"A","GSM","ἑτέρου","ἑτέρου","ἑτέρου","ἕτερος"
42,16,13,"V","3FAI-S","καταφρονήσει.","καταφρονήσει","καταφρονήσει","καταφρονέω"
42,16,13,"D",NULL,"οὐ","οὐ","οὐ","οὐ"
42,16,13,"V","2PMI-P","δύνασθε","δύνασθε","δύνασθε","δύναμαι"
42,16,13,"N","DSM","θεῷ","θεῷ","θεῷ","θεός"
42,16,13,"V","PAN","δουλεύειν","δουλεύειν","δουλεύειν","δουλεύω"
42,16,13,"C",NULL,"καὶ","καὶ","καί","καί"
42,16,13,"N","DSM","μαμωνᾷ.","μαμωνᾷ","μαμωνᾷ","μαμωνᾶς"
42,16,14,"V","3IAI-P","Ἤκουον","Ἤκουον","ἤκουον","ἀκούω"
42,16,14,"C",NULL,"δὲ","δὲ","δέ","δέ"
42,16,14,"RD","APN","ταῦτα","ταῦτα","ταῦτα","οὗτος"
42,16,14,"A","APN","⸀πάντα","πάντα","πάντα","πᾶς"
42,16,14,"RA","NPM","οἱ","οἱ","οἱ","ὁ"
42,16,14,"N","NPM","Φαρισαῖοι","Φαρισαῖοι","Φαρισαῖοι","Φαρισαῖος"
42,16,14,"A","NPM","φιλάργυροι","φιλάργυροι","φιλάργυροι","φιλάργυρος"
42,16,14,"V","PAPNPM","ὑπάρχοντες,","ὑπάρχοντες","ὑπάρχοντες","ὑπάρχω"
42,16,14,"C",NULL,"καὶ","καὶ","καί","καί"
42,16,14,"V","3IAI-P","ἐξεμυκτήριζον","ἐξεμυκτήριζον","ἐξεμυκτήριζον","ἐκμυκτηρίζω"
42,16,14,"RP","ASM","αὐτόν.","αὐτόν","αὐτόν","αὐτός"
42,16,15,"C",NULL,"καὶ","καὶ","καί","καί"
42,16,15,"V","3AAI-S","εἶπεν","εἶπεν","εἶπε(ν)","λέγω"
42,16,15,"RP","DPM","αὐτοῖς·","αὐτοῖς","αὐτοῖς","αὐτός"
42,16,15,"RP","NP","Ὑμεῖς","Ὑμεῖς","ὑμεῖς","σύ"
42,16,15,"V","2PAI-P","ἐστε","ἐστε","ἐστέ","εἰμί"
42,16,15,"RA","NPM","οἱ","οἱ","οἱ","ὁ"
42,16,15,"V","PAPNPM","δικαιοῦντες","δικαιοῦντες","δικαιοῦντες","δικαιόω"
42,16,15,"RP","APM","ἑαυτοὺς","ἑαυτοὺς","ἑαυτούς","ἑαυτοῦ"
42,16,15,"P",NULL,"ἐνώπιον","ἐνώπιον","ἐνώπιον","ἐνώπιον"
42,16,15,"RA","GPM","τῶν","τῶν","τῶν","ὁ"
42,16,15,"N","GPM","ἀνθρώπων,","ἀνθρώπων","ἀνθρώπων","ἄνθρωπος"
42,16,15,"RA","NSM","ὁ","ὁ","ὁ","ὁ"
42,16,15,"C",NULL,"δὲ","δὲ","δέ","δέ"
42,16,15,"N","NSM","θεὸς","θεὸς","θεός","θεός"
42,16,15,"V","3PAI-S","γινώσκει","γινώσκει","γινώσκει","γινώσκω"
42,16,15,"RA","APF","τὰς","τὰς","τάς","ὁ"
42,16,15,"N","APF","καρδίας","καρδίας","καρδίας","καρδία"
42,16,15,"RP","GP","ὑμῶν·","ὑμῶν","ὑμῶν","σύ"
42,16,15,"C",NULL,"ὅτι","ὅτι","ὅτι","ὅτι"
42,16,15,"RA","NSN","τὸ","τὸ","τό","ὁ"
42,16,15,"P",NULL,"ἐν","ἐν","ἐν","ἐν"
42,16,15,"N","DPM","ἀνθρώποις","ἀνθρώποις","ἀνθρώποις","ἄνθρωπος"
42,16,15,"A","NSN","ὑψηλὸν","ὑψηλὸν","ὑψηλόν","ὑψηλός"
42,16,15,"N","NSN","βδέλυγμα","βδέλυγμα","βδέλυγμα","βδέλυγμα"
42,16,15,"P",NULL,"ἐνώπιον","ἐνώπιον","ἐνώπιον","ἐνώπιον"
42,16,15,"RA","GSM","τοῦ","τοῦ","τοῦ","ὁ"
42,16,15,"N","GSM","θεοῦ.","θεοῦ","θεοῦ","θεός"
42,16,16,"RA","NSM","Ὁ","Ὁ","ὁ","ὁ"
42,16,16,"N","NSM","νόμος","νόμος","νόμος","νόμος"
42,16,16,"C",NULL,"καὶ","καὶ","καί","καί"
42,16,16,"RA","NPM","οἱ","οἱ","οἱ","ὁ"
42,16,16,"N","NPM","προφῆται","προφῆται","προφῆται","προφήτης"
42,16,16,"P",NULL,"⸀μέχρι","μέχρι","μέχρι(ς)","μέχρι(ς)"
42,16,16,"N","GSM","Ἰωάννου·","Ἰωάννου","Ἰωάννου","Ἰωάννης"
42,16,16,"P",NULL,"ἀπὸ","ἀπὸ","ἀπό","ἀπό"
42,16,16,"D",NULL,"τότε","τότε","τότε","τότε"
42,16,16,"RA","NSF","ἡ","ἡ","ἡ","ὁ"
42,16,16,"N","NSF","βασιλεία","βασιλεία","βασιλεία","βασιλεία"
42,16,16,"RA","GSM","τοῦ","τοῦ","τοῦ","ὁ"
42,16,16,"N","GSM","θεοῦ","θεοῦ","θεοῦ","θεός"
42,16,16,"V","3PPI-S","εὐαγγελίζεται","εὐαγγελίζεται","εὐαγγελίζεται","εὐαγγελίζω"
42,16,16,"C",NULL,"καὶ","καὶ","καί","καί"
42,16,16,"A","NSM","πᾶς","πᾶς","πᾶς","πᾶς"
42,16,16,"P",NULL,"εἰς","εἰς","εἰς","εἰς"
42,16,16,"RP","ASF","αὐτὴν","αὐτὴν","αὐτήν","αὐτός"
42,16,16,"V","3PMI-S","βιάζεται.","βιάζεται","βιάζεται","βιάζω"
42,16,17,"A","NSNC","Εὐκοπώτερον","Εὐκοπώτερον","εὐκοπώτερον","εὐκοπώτερος"
42,16,17,"C",NULL,"δέ","δέ","δέ","δέ"
42,16,17,"V","3PAI-S","ἐστιν","ἐστιν","ἐστί(ν)","εἰμί"
42,16,17,"RA","ASM","τὸν","τὸν","τόν","ὁ"
42,16,17,"N","ASM","οὐρανὸν","οὐρανὸν","οὐρανόν","οὐρανός"
42,16,17,"C",NULL,"καὶ","καὶ","καί","καί"
42,16,17,"RA","ASF","τὴν","τὴν","τήν","ὁ"
42,16,17,"N","ASF","γῆν","γῆν","γῆν","γῆ"
42,16,17,"V","AAN","παρελθεῖν","παρελθεῖν","παρελθεῖν","παρέρχομαι"
42,16,17,"C",NULL,"ἢ","ἢ","ἤ","ἤ"
42,16,17,"RA","GSM","τοῦ","τοῦ","τοῦ","ὁ"
42,16,17,"N","GSM","νόμου","νόμου","νόμου","νόμος"
42,16,17,"A","ASF","μίαν","μίαν","μίαν","εἷς"
42,16,17,"N","ASF","κεραίαν","κεραίαν","κεραίαν","κεραία"
42,16,17,"V","AAN","πεσεῖν.","πεσεῖν","πεσεῖν","πίπτω"
42,16,18,"A","NSM","Πᾶς","Πᾶς","πᾶς","πᾶς"
42,16,18,"RA","NSM","ὁ","ὁ","ὁ","ὁ"
42,16,18,"V","PAPNSM","ἀπολύων","ἀπολύων","ἀπολύων","ἀπολύω"
42,16,18,"RA","ASF","τὴν","τὴν","τήν","ὁ"
42,16,18,"N","ASF","γυναῖκα","γυναῖκα","γυναῖκα","γυνή"
42,16,18,"RP","GSM","αὐτοῦ","αὐτοῦ","αὐτοῦ","αὐτός"
42,16,18,"C",NULL,"καὶ","καὶ","καί","καί"
42,16,18,"V","PAPNSM","γαμῶν","γαμῶν","γαμῶν","γαμέω"
42,16,18,"A","ASF","ἑτέραν","ἑτέραν","ἑτέραν","ἕτερος"
42,16,18,"V","3PAI-S","μοιχεύει,","μοιχεύει","μοιχεύει","μοιχεύω"
42,16,18,"C",NULL,"⸀καὶ","καὶ","καί","καί"
42,16,18,"RA","NSM","ὁ","ὁ","ὁ","ὁ"
42,16,18,"V","XPPASF","ἀπολελυμένην","ἀπολελυμένην","ἀπολελυμένην","ἀπολύω"
42,16,18,"P",NULL,"ἀπὸ","ἀπὸ","ἀπό","ἀπό"
42,16,18,"N","GSM","ἀνδρὸς","ἀνδρὸς","ἀνδρός","ἀνήρ"
42,16,18,"V","PAPNSM","γαμῶν","γαμῶν","γαμῶν","γαμέω"
42,16,18,"V","3PAI-S","μοιχεύει.","μοιχεύει","μοιχεύει","μοιχεύω"
42,16,19,"N","NSM","Ἄνθρωπος","Ἄνθρωπος","ἄνθρωπος","ἄνθρωπος"
42,16,19,"C",NULL,"δέ","δέ","δέ","δέ"
42,16,19,"RI","NSM","τις","τις","τὶς","τις"
42,16,19,"V","3IAI-S","ἦν","ἦν","ἦν","εἰμί"
42,16,19,"A","NSM","πλούσιος,","πλούσιος","πλούσιος","πλούσιος"
42,16,19,"C",NULL,"καὶ","καὶ","καί","καί"
42,16,19,"V","3IMI-S","ἐνεδιδύσκετο","ἐνεδιδύσκετο","ἐνεδιδύσκετο","ἐνδιδύσκω"
42,16,19,"N","ASF","πορφύραν","πορφύραν","πορφύραν","πορφύρα"
42,16,19,"C",NULL,"καὶ","καὶ","καί","καί"
42,16,19,"N","ASF","βύσσον","βύσσον","βύσσον","βύσσος"
42,16,19,"V","PPPNSM","εὐφραινόμενος","εὐφραινόμενος","εὐφραινόμενος","εὐφραίνω"
42,16,19,"P",NULL,"καθ’","καθ’","κατά","κατά"
42,16,19,"N","ASF","ἡμέραν","ἡμέραν","ἡμέραν","ἡμέρα"
42,16,19,"D",NULL,"λαμπρῶς.","λαμπρῶς","λαμπρῶς","λαμπρῶς"
42,16,20,"A","NSM","πτωχὸς","πτωχὸς","πτωχός","πτωχός"
42,16,20,"C",NULL,"δέ","δέ","δέ","δέ"
42,16,20,"RI","NSM","⸀τις","τις","τὶς","τις"
42,16,20,"N","DSN","ὀνόματι","ὀνόματι","ὀνόματι","ὄνομα"
42,16,20,"N","NSM","⸀Λάζαρος","Λάζαρος","Λάζαρος","Λάζαρος"
42,16,20,"V","3YPI-S","ἐβέβλητο","ἐβέβλητο","ἐβέβλητο","βάλλω"
42,16,20,"P",NULL,"πρὸς","πρὸς","πρός","πρός"
42,16,20,"RA","ASM","τὸν","τὸν","τόν","ὁ"
42,16,20,"N","ASM","πυλῶνα","πυλῶνα","πυλῶνα","πυλών"
42,16,20,"RP","GSM","αὐτοῦ","αὐτοῦ","αὐτοῦ","αὐτός"
42,16,20,"V","XPPNSM","εἱλκωμένος","εἱλκωμένος","εἱλκωμένος","ἑλκόομαι"
42,16,21,"C",NULL,"καὶ","καὶ","καί","καί"
42,16,21,"V","PAPNSM","ἐπιθυμῶν","ἐπιθυμῶν","ἐπιθυμῶν","ἐπιθυμέω"
42,16,21,"V","APN","χορτασθῆναι","χορτασθῆναι","χορτασθῆναι","χορτάζω"
42,16,21,"P",NULL,"⸀ἀπὸ","ἀπὸ","ἀπό","ἀπό"
42,16,21,"RA","GPN","τῶν","τῶν","τῶν","ὁ"
42,16,21,"V","PAPGPN","πιπτόντων","πιπτόντων","πιπτόντων","πίπτω"
42,16,21,"P",NULL,"ἀπὸ","ἀπὸ","ἀπό","ἀπό"
42,16,21,"RA","GSF","τῆς","τῆς","τῆς","ὁ"
42,16,21,"N","GSF","τραπέζης","τραπέζης","τραπέζης","τράπεζα"
42,16,21,"RA","GSM","τοῦ","τοῦ","τοῦ","ὁ"
42,16,21,"A","GSM","πλουσίου·","πλουσίου","πλουσίου","πλούσιος"
42,16,21,"C",NULL,"ἀλλὰ","ἀλλὰ","ἀλλά","ἀλλά"
42,16,21,"D",NULL,"καὶ","καὶ","καί","καί"
42,16,21,"RA","NPM","οἱ","οἱ","οἱ","ὁ"
42,16,21,"N","NPM","κύνες","κύνες","κύνες","κύων"
42,16,21,"V","PMPNPM","ἐρχόμενοι","ἐρχόμενοι","ἐρχόμενοι","ἔρχομαι"
42,16,21,"V","3IAI-P","⸀ἐπέλειχον","ἐπέλειχον","ἐπέλειχον","ἐπιλείχω"
42,16,21,"RA","APN","τὰ","τὰ","τά","ὁ"
42,16,21,"N","APN","ἕλκη","ἕλκη","ἕλκη","ἕλκος"
42,16,21,"RP","GSM","αὐτοῦ.","αὐτοῦ","αὐτοῦ","αὐτός"
42,16,22,"V","3AMI-S","ἐγένετο","ἐγένετο","ἐγένετο","γίνομαι"
42,16,22,"C",NULL,"δὲ","δὲ","δέ","δέ"
42,16,22,"V","AAN","ἀποθανεῖν","ἀποθανεῖν","ἀποθανεῖν","ἀποθνῄσκω"
42,16,22,"RA","ASM","τὸν","τὸν","τόν","ὁ"
42,16,22,"A","ASM","πτωχὸν","πτωχὸν","πτωχόν","πτωχός"
42,16,22,"C",NULL,"καὶ","καὶ","καί","καί"
42,16,22,"V","APN","ἀπενεχθῆναι","ἀπενεχθῆναι","ἀπενεχθῆναι","ἀποφέρω"
42,16,22,"RP","ASM","αὐτὸν","αὐτὸν","αὐτόν","αὐτός"
42,16,22,"P",NULL,"ὑπὸ","ὑπὸ","ὑπό","ὑπό"
42,16,22,"RA","GPM","τῶν","τῶν","τῶν","ὁ"
42,16,22,"N","GPM","ἀγγέλων","ἀγγέλων","ἀγγέλων","ἄγγελος"
42,16,22,"P",NULL,"εἰς","εἰς","εἰς","εἰς"
42,16,22,"RA","ASM","τὸν","τὸν","τόν","ὁ"
42,16,22,"N","ASM","κόλπον","κόλπον","κόλπον","κόλπος"
42,16,22,"N","GSM","Ἀβραάμ·","Ἀβραάμ","Ἀβραάμ","Ἀβραάμ"
42,16,22,"V","3AAI-S","ἀπέθανεν","ἀπέθανεν","ἀπέθανε(ν)","ἀποθνῄσκω"
42,16,22,"C",NULL,"δὲ","δὲ","δέ","δέ"
42,16,22,"D",NULL,"καὶ","καὶ","καί","καί"
42,16,22,"RA","NSM","ὁ","ὁ","ὁ","ὁ"
42,16,22,"A","NSM","πλούσιος","πλούσιος","πλούσιος","πλούσιος"
42,16,22,"C",NULL,"καὶ","καὶ","καί","καί"
42,16,22,"V","3API-S","ἐτάφη.","ἐτάφη","ἐτάφη","θάπτω"
42,16,23,"C",NULL,"καὶ","καὶ","καί","καί"
42,16,23,"P",NULL,"ἐν","ἐν","ἐν","ἐν"
42,16,23,"RA","DSM","τῷ","τῷ","τῷ","ὁ"
42,16,23,"N","DSM","ᾅδῃ","ᾅδῃ","ᾅδῃ","ᾅδης"
42,16,23,"V","AAPNSM","ἐπάρας","ἐπάρας","ἐπάρας","ἐπαίρω"
42,16,23,"RA","APM","τοὺς","τοὺς","τούς","ὁ"
42,16,23,"N","APM","ὀφθαλμοὺς","ὀφθαλμοὺς","ὀφθαλμούς","ὀφθαλμός"
42,16,23,"RP","GSM","αὐτοῦ,","αὐτοῦ","αὐτοῦ","αὐτός"
42,16,23,"V","PAPNSM","ὑπάρχων","ὑπάρχων","ὑπάρχων","ὑπάρχω"
42,16,23,"P",NULL,"ἐν","ἐν","ἐν","ἐν"
42,16,23,"N","DPF","βασάνοις,","βασάνοις","βασάνοις","βάσανος"
42,16,23,"V","3PAI-S","⸀ὁρᾷ","ὁρᾷ","ὁρᾷ","ὁράω"
42,16,23,"N","ASM","Ἀβραὰμ","Ἀβραὰμ","Ἀβραάμ","Ἀβραάμ"
42,16,23,"P",NULL,"ἀπὸ","ἀπὸ","ἀπό","ἀπό"
42,16,23,"D",NULL,"μακρόθεν","μακρόθεν","μακρόθεν","μακρόθεν"
42,16,23,"C",NULL,"καὶ","καὶ","καί","καί"
42,16,23,"N","ASM","Λάζαρον","Λάζαρον","Λάζαρον","Λάζαρος"
42,16,23,"P",NULL,"ἐν","ἐν","ἐν","ἐν"
42,16,23,"RA","DPM","τοῖς","τοῖς","τοῖς","ὁ"
42,16,23,"N","DPM","κόλποις","κόλποις","κόλποις","κόλπος"
42,16,23,"RP","GSM","αὐτοῦ.","αὐτοῦ","αὐτοῦ","αὐτός"
42,16,24,"C",NULL,"καὶ","καὶ","καί","καί"
42,16,24,"RP","NSM","αὐτὸς","αὐτὸς","αὐτός","αὐτός"
42,16,24,"V","AAPNSM","φωνήσας","φωνήσας","φωνήσας","φωνέω"
42,16,24,"V","3AAI-S","εἶπεν·","εἶπεν","εἶπε(ν)","λέγω"
42,16,24,"N","VSM","Πάτερ","Πάτερ","πάτερ","πατήρ"
42,16,24,"N","VSM","Ἀβραάμ,","Ἀβραάμ","Ἀβραάμ","Ἀβραάμ"
42,16,24,"V","2AAD-S","ἐλέησόν","ἐλέησόν","ἐλέησον","ἐλεάω"
42,16,24,"RP","AS","με","με","με","ἐγώ"
42,16,24,"C",NULL,"καὶ","καὶ","καί","καί"
42,16,24,"V","2AAD-S","πέμψον","πέμψον","πέμψον","πέμπω"
42,16,24,"N","ASM","Λάζαρον","Λάζαρον","Λάζαρον","Λάζαρος"
42,16,24,"C",NULL,"ἵνα","ἵνα","ἵνα","ἵνα"
42,16,24,"V","3AAS-S","βάψῃ","βάψῃ","βάψῃ","βάπτω"
42,16,24,"RA","ASN","τὸ","τὸ","τό","ὁ"
42,16,24,"N","ASN","ἄκρον","ἄκρον","ἄκρον","ἄκρον"
42,16,24,"RA","GSM","τοῦ","τοῦ","τοῦ","ὁ"
42,16,24,"N","GSM","δακτύλου","δακτύλου","δακτύλου","δάκτυλος"
42,16,24,"RP","GSM","αὐτοῦ","αὐτοῦ","αὐτοῦ","αὐτός"
42,16,24,"N","GSN","ὕδατος","ὕδατος","ὕδατος","ὕδωρ"
42,16,24,"C",NULL,"καὶ","καὶ","καί","καί"
42,16,24,"V","3AAS-S","καταψύξῃ","καταψύξῃ","καταψύξῃ","καταψύχω"
42,16,24,"RA","ASF","τὴν","τὴν","τήν","ὁ"
42,16,24,"N","ASF","γλῶσσάν","γλῶσσάν","γλῶσσαν","γλῶσσα"
42,16,24,"RP","GS","μου,","μου","μου","ἐγώ"
42,16,24,"C",NULL,"ὅτι","ὅτι","ὅτι","ὅτι"
42,16,24,"V","1PMI-S","ὀδυνῶμαι","ὀδυνῶμαι","ὀδυνῶμαι","ὀδυνάομαι"
42,16,24,"P",NULL,"ἐν","ἐν","ἐν","ἐν"
42,16,24,"RA","DSF","τῇ","τῇ","τῇ","ὁ"
42,16,24,"N","DSF","φλογὶ","φλογὶ","φλογί","φλόξ"
42,16,24,"RD","DSF","ταύτῃ.","ταύτῃ","ταύτῃ","οὗτος"
42,16,25,"V","3AAI-S","εἶπεν","εἶπεν","εἶπε(ν)","λέγω"
42,16,25,"C",NULL,"δὲ","δὲ","δέ","δέ"
42,16,25,"N","NSM","Ἀβραάμ·","Ἀβραάμ","Ἀβραάμ","Ἀβραάμ"
42,16,25,"N","VSN","Τέκνον,","Τέκνον","τέκνον","τέκνον"
42,16,25,"V","2APD-S","μνήσθητι","μνήσθητι","μνήσθητι","μιμνῄσκομαι"
42,16,25,"C",NULL,"ὅτι","ὅτι","ὅτι","ὅτι"
42,16,25,"V","2AAI-S","⸀ἀπέλαβες","ἀπέλαβες","ἀπέλαβες","ἀπολαμβάνω"
42,16,25,"RA","APN","τὰ","τὰ","τά","ὁ"
42,16,25,"A","APN","ἀγαθά","ἀγαθά","ἀγαθά","ἀγαθός"
42,16,25,"RP","GS","σου","σου","σου","σύ"
42,16,25,"P",NULL,"ἐν","ἐν","ἐν","ἐν"
42,16,25,"RA","DSF","τῇ","τῇ","τῇ","ὁ"
42,16,25,"N","DSF","ζωῇ","ζωῇ","ζωῇ","ζωή"
42,16,25,"RP","GS","σου,","σου","σου","σύ"
42,16,25,"C",NULL,"καὶ","καὶ","καί","καί"
42,16,25,"N","NSM","Λάζαρος","Λάζαρος","Λάζαρος","Λάζαρος"
42,16,25,"D",NULL,"ὁμοίως","ὁμοίως","ὁμοίως","ὁμοίως"
42,16,25,"RA","APN","τὰ","τὰ","τά","ὁ"
42,16,25,"A","APN","κακά·","κακά","κακά","κακός"
42,16,25,"D",NULL,"νῦν","νῦν","νῦν","νῦν"
42,16,25,"C",NULL,"δὲ","δὲ","δέ","δέ"
42,16,25,"D",NULL,"ὧδε","ὧδε","ὧδε","ὧδε"
42,16,25,"V","3PPI-S","παρακαλεῖται","παρακαλεῖται","παρακαλεῖται","παρακαλέω"
42,16,25,"RP","NS","σὺ","σὺ","σύ","σύ"
42,16,25,"C",NULL,"δὲ","δὲ","δέ","δέ"
42,16,25,"V","2PMI-S","ὀδυνᾶσαι.","ὀδυνᾶσαι","ὀδυνᾶσαι","ὀδυνάομαι"
42,16,26,"C",NULL,"καὶ","καὶ","καί","καί"
42,16,26,"P",NULL,"⸀ἐν","ἐν","ἐν","ἐν"
42,16,26,"A","DPN","πᾶσι","πᾶσι","πᾶσι(ν)","πᾶς"
42,16,26,"RD","DPN","τούτοις","τούτοις","τούτοις","οὗτος"
42,16,26,"P",NULL,"μεταξὺ","μεταξὺ","μεταξύ","μεταξύ"
42,16,26,"RP","GP","ἡμῶν","ἡμῶν","ἡμῶν","ἐγώ"
42,16,26,"C",NULL,"καὶ","καὶ","καί","καί"
42,16,26,"RP","GP","ὑμῶν","ὑμῶν","ὑμῶν","σύ"
42,16,26,"N","NSN","χάσμα","χάσμα","χάσμα","χάσμα"
42,16,26,"A","NSN","μέγα","μέγα","μέγα","μέγας"
42,16,26,"V","3XPI-S","ἐστήρικται,","ἐστήρικται","ἐστήρικται","στηρίζω"
42,16,26,"C",NULL,"ὅπως","ὅπως","ὅπως","ὅπως"
42,16,26,"RA","NPM","οἱ","οἱ","οἱ","ὁ"
42,16,26,"V","PAPNPM","θέλοντες","θέλοντες","θέλοντες","θέλω"
42,16,26,"V","AAN","διαβῆναι","διαβῆναι","διαβῆναι","διαβαίνω"
42,16,26,"D",NULL,"ἔνθεν","ἔνθεν","ἔνθεν","ἔνθεν"
42,16,26,"P",NULL,"πρὸς","πρὸς","πρός","πρός"
42,16,26,"RP","AP","ὑμᾶς","ὑμᾶς","ὑμᾶς","σύ"
42,16,26,"D",NULL,"μὴ","μὴ","μή","μή"
42,16,26,"V","3PMS-P","δύνωνται,","δύνωνται","δύνωνται","δύναμαι"
42,16,26,"C",NULL,"⸀μηδὲ","μηδὲ","μηδέ","μηδέ"
42,16,26,"D",NULL,"ἐκεῖθεν","ἐκεῖθεν","ἐκεῖθεν","ἐκεῖθεν"
42,16,26,"P",NULL,"πρὸς","πρὸς","πρός","πρός"
42,16,26,"RP","AP","ἡμᾶς","ἡμᾶς","ἡμᾶς","ἐγώ"
42,16,26,"V","3PAS-P","διαπερῶσιν.","διαπερῶσιν","διαπερῶσι(ν)","διαπεράω"
42,16,27,"V","3AAI-S","εἶπεν","εἶπεν","εἶπε(ν)","λέγω"
42,16,27,"C",NULL,"δέ·","δέ","δέ","δέ"
42,16,27,"V","1PAI-S","Ἐρωτῶ","Ἐρωτῶ","ἐρωτῶ","ἐρωτάω"
42,16,27,"RP","AS","⸂σε","σε","σε","σύ"
42,16,27,"C",NULL,"οὖν⸃,","οὖν","οὖν","οὖν"
42,16,27,"N","VSM","πάτερ,","πάτερ","πάτερ","πατήρ"
42,16,27,"C",NULL,"ἵνα","ἵνα","ἵνα","ἵνα"
42,16,27,"V","2AAS-S","πέμψῃς","πέμψῃς","πέμψῃς","πέμπω"
42,16,27,"RP","ASM","αὐτὸν","αὐτὸν","αὐτόν","αὐτός"
42,16,27,"P",NULL,"εἰς","εἰς","εἰς","εἰς"
42,16,27,"RA","ASM","τὸν","τὸν","τόν","ὁ"
42,16,27,"N","ASM","οἶκον","οἶκον","οἶκον","οἶκος"
42,16,27,"RA","GSM","τοῦ","τοῦ","τοῦ","ὁ"
42,16,27,"N","GSM","πατρός","πατρός","πατρός","πατήρ"
42,16,27,"RP","GS","μου,","μου","μου","ἐγώ"
42,16,28,"V","1PAI-S","ἔχω","ἔχω","ἔχω","ἔχω"
42,16,28,"C",NULL,"γὰρ","γὰρ","γάρ","γάρ"
42,16,28,"A","APM","πέντε","πέντε","πέντε","πέντε"
42,16,28,"N","APM","ἀδελφούς,","ἀδελφούς","ἀδελφούς","ἀδελφός"
42,16,28,"C",NULL,"ὅπως","ὅπως","ὅπως","ὅπως"
42,16,28,"V","3PMS-S","διαμαρτύρηται","διαμαρτύρηται","διαμαρτύρηται","διαμαρτύρομαι"
42,16,28,"RP","DPM","αὐτοῖς,","αὐτοῖς","αὐτοῖς","αὐτός"
42,16,28,"C",NULL,"ἵνα","ἵνα","ἵνα","ἵνα"
42,16,28,"D",NULL,"μὴ","μὴ","μή","μή"
42,16,28,"D",NULL,"καὶ","καὶ","καί","καί"
42,16,28,"RP","NPM","αὐτοὶ","αὐτοὶ","αὐτοί","αὐτός"
42,16,28,"V","3AAS-P","ἔλθωσιν","ἔλθωσιν","ἔλθωσι(ν)","ἔρχομαι"
42,16,28,"P",NULL,"εἰς","εἰς","εἰς","εἰς"
42,16,28,"RA","ASM","τὸν","τὸν","τόν","ὁ"
42,16,28,"N","ASM","τόπον","τόπον","τόπον","τόπος"
42,16,28,"RD","ASM","τοῦτον","τοῦτον","τοῦτον","οὗτος"
42,16,28,"RA","GSF","τῆς","τῆς","τῆς","ὁ"
42,16,28,"N","GSF","βασάνου.","βασάνου","βασάνου","βάσανος"
42,16,29,"V","3PAI-S","λέγει","λέγει","λέγει","λέγω"
42,16,29,"C",NULL,"⸀δὲ","δὲ","δέ","δέ"
42,16,29,"N","NSM","Ἀβραάμ·","Ἀβραάμ","Ἀβραάμ","Ἀβραάμ"
42,16,29,"V","3PAI-P","Ἔχουσι","Ἔχουσι","ἔχουσι(ν)","ἔχω"
42,16,29,"N","ASM","Μωϋσέα","Μωϋσέα","Μωϋσέα","Μωϋσῆς"
42,16,29,"C",NULL,"καὶ","καὶ","καί","καί"
42,16,29,"RA","APM","τοὺς","τοὺς","τούς","ὁ"
42,16,29,"N","APM","προφήτας·","προφήτας","προφήτας","προφήτης"
42,16,29,"V","3AAD-P","ἀκουσάτωσαν","ἀκουσάτωσαν","ἀκουσάτωσαν","ἀκούω"
42,16,29,"RP","GPM","αὐτῶν.","αὐτῶν","αὐτῶν","αὐτός"
42,16,30,"RA","NSM","ὁ","ὁ","ὁ","ὁ"
42,16,30,"C",NULL,"δὲ","δὲ","δέ","δέ"
42,16,30,"V","3AAI-S","εἶπεν·","εἶπεν","εἶπε(ν)","λέγω"
42,16,30,"D",NULL,"Οὐχί,","Οὐχί","οὐχί","οὐχί"
42,16,30,"N","VSM","πάτερ","πάτερ","πάτερ","πατήρ"
42,16,30,"N","VSM","Ἀβραάμ,","Ἀβραάμ","Ἀβραάμ","Ἀβραάμ"
42,16,30,"C",NULL,"ἀλλ’","ἀλλ’","ἀλλά","ἀλλά"
42,16,30,"C",NULL,"ἐάν","ἐάν","ἐάν","ἐάν"
42,16,30,"RI","NSM","τις","τις","τὶς","τις"
42,16,30,"P",NULL,"ἀπὸ","ἀπὸ","ἀπό","ἀπό"
42,16,30,"A","GPM","νεκρῶν","νεκρῶν","νεκρῶν","νεκρός"
42,16,30,"V","3APS-S","πορευθῇ","πορευθῇ","πορευθῇ","πορεύομαι"
42,16,30,"P",NULL,"πρὸς","πρὸς","πρός","πρός"
42,16,30,"RP","APM","αὐτοὺς","αὐτοὺς","αὐτούς","αὐτός"
42,16,30,"V","3FAI-P","μετανοήσουσιν.","μετανοήσουσιν","μετανοήσουσι(ν)","μετανοέω"
42,16,31,"V","3AAI-S","εἶπεν","εἶπεν","εἶπε(ν)","λέγω"
42,16,31,"C",NULL,"δὲ","δὲ","δέ","δέ"
42,16,31,"RP","DSM","αὐτῷ·","αὐτῷ","αὐτῷ","αὐτός"
42,16,31,"C",NULL,"Εἰ","Εἰ","εἰ","εἰ"
42,16,31,"N","GSM","Μωϋσέως","Μωϋσέως","Μωϋσέως","Μωϋσῆς"
42,16,31,"C",NULL,"καὶ","καὶ","καί","καί"
42,16,31,"RA","GPM","τῶν","τῶν","τῶν","ὁ"
42,16,31,"N","GPM","προφητῶν","προφητῶν","προφητῶν","προφήτης"
42,16,31,"D",NULL,"οὐκ","οὐκ","οὐ","οὐ"
42,16,31,"V","3PAI-P","ἀκούουσιν,","ἀκούουσιν","ἀκούουσι(ν)","ἀκούω"
42,16,31,"D",NULL,"οὐδ’","οὐδ’","οὐδέ","οὐδέ"
42,16,31,"C",NULL,"ἐάν","ἐάν","ἐάν","ἐάν"
42,16,31,"RI","NSM","τις","τις","τὶς","τις"
42,16,31,"P",NULL,"ἐκ","ἐκ","ἐκ","ἐκ"
42,16,31,"A","GPM","νεκρῶν","νεκρῶν","νεκρῶν","νεκρός"
42,16,31,"V","3AAS-S","ἀναστῇ","ἀναστῇ","ἀναστῇ","ἀνίστημι"
42,16,31,"V","3FPI-P","πεισθήσονται.","πεισθήσονται","πεισθήσονται","πείθω"
42,17,01,"V","3AAI-S","Εἶπεν","Εἶπεν","εἶπε(ν)","λέγω"
42,17,01,"C",NULL,"δὲ","δὲ","δέ","δέ"
42,17,01,"P",NULL,"πρὸς","πρὸς","πρός","πρός"
42,17,01,"RA","APM","τοὺς","τοὺς","τούς","ὁ"
42,17,01,"N","APM","μαθητὰς","μαθητὰς","μαθητάς","μαθητής"
42,17,01,"RP","GSM","⸀αὐτοῦ·","αὐτοῦ","αὐτοῦ","αὐτός"
42,17,01,"A","NSN","Ἀνένδεκτόν","Ἀνένδεκτόν","ἀνένδεκτον","ἀνένδεκτος"
42,17,01,"V","3PAI-S","ἐστιν","ἐστιν","ἐστί(ν)","εἰμί"
42,17,01,"RA","GSN","τοῦ","τοῦ","τοῦ","ὁ"
42,17,01,"RA","APN","⸂τὰ","τὰ","τά","ὁ"
42,17,01,"N","APN","σκάνδαλα","σκάνδαλα","σκάνδαλα","σκάνδαλον"
42,17,01,"D",NULL,"μὴ","μὴ","μή","μή"
42,17,01,"V","AAN","ἐλθεῖν⸃,","ἐλθεῖν","ἐλθεῖν","ἔρχομαι"
42,17,01,"C",NULL,"⸂πλὴν","πλὴν","πλήν","πλήν"
42,17,01,"X",NULL,"οὐαὶ⸃","οὐαὶ","οὐαί","οὐαί"
42,17,01,"P",NULL,"δι’","δι’","διά","διά"
42,17,01,"RR","GSM","οὗ","οὗ","οὗ","ὅς"
42,17,01,"V","3PMI-S","ἔρχεται·","ἔρχεται","ἔρχεται","ἔρχομαι"
42,17,02,"V","3PAI-S","λυσιτελεῖ","λυσιτελεῖ","λυσιτελεῖ","λυσιτελεῖ"
42,17,02,"RP","DSM","αὐτῷ","αὐτῷ","αὐτῷ","αὐτός"
42,17,02,"C",NULL,"εἰ","εἰ","εἰ","εἰ"
42,17,02,"N","NSM","⸂λίθος","λίθος","λίθος","λίθος"
42,17,02,"A","NSM","μυλικὸς⸃","μυλικὸς","μυλικός","μυλικός"
42,17,02,"V","3PMI-S","περίκειται","περίκειται","περίκειται","περίκειμαι"
42,17,02,"P",NULL,"περὶ","περὶ","περί","περί"
42,17,02,"RA","ASM","τὸν","τὸν","τόν","ὁ"
42,17,02,"N","ASM","τράχηλον","τράχηλον","τράχηλον","τράχηλος"
42,17,02,"RP","GSM","αὐτοῦ","αὐτοῦ","αὐτοῦ","αὐτός"
42,17,02,"C",NULL,"καὶ","καὶ","καί","καί"
42,17,02,"V","3XPI-S","ἔρριπται","ἔρριπται","ἔρριπται","ῥίπτω"
42,17,02,"P",NULL,"εἰς","εἰς","εἰς","εἰς"
42,17,02,"RA","ASF","τὴν","τὴν","τήν","ὁ"
42,17,02,"N","ASF","θάλασσαν","θάλασσαν","θάλασσαν","θάλασσα"
42,17,02,"C",NULL,"ἢ","ἢ","ἤ","ἤ"
42,17,02,"C",NULL,"ἵνα","ἵνα","ἵνα","ἵνα"
42,17,02,"V","3AAS-S","σκανδαλίσῃ","σκανδαλίσῃ","σκανδαλίσῃ","σκανδαλίζω"
42,17,02,"RA","GPM","⸂τῶν","τῶν","τῶν","ὁ"
42,17,02,"A","GPM","μικρῶν","μικρῶν","μικρῶν","μικρός"
42,17,02,"RD","GPM","τούτων","τούτων","τούτων","οὗτος"
42,17,02,"A","ASM","ἕνα⸃.","ἕνα","ἕνα","εἷς"
42,17,03,"V","2PAD-P","προσέχετε","προσέχετε","προσέχετε","προσέχω"
42,17,03,"RP","DPM","ἑαυτοῖς.","ἑαυτοῖς","ἑαυτοῖς","ἑαυτοῦ"
42,17,03,"C",NULL,"ἐὰν","ἐὰν","ἐάν","ἐάν"
42,17,03,"V","3AAS-S","⸀ἁμάρτῃ","ἁμάρτῃ","ἁμάρτῃ","ἁμαρτάνω"
42,17,03,"RA","NSM","ὁ","ὁ","ὁ","ὁ"
42,17,03,"N","NSM","ἀδελφός","ἀδελφός","ἀδελφός","ἀδελφός"
42,17,03,"RP","GS","σου","σου","σου","σύ"
42,17,03,"V","2AAD-S","ἐπιτίμησον","ἐπιτίμησον","ἐπιτίμησον","ἐπιτιμάω"
42,17,03,"RP","DSM","αὐτῷ,","αὐτῷ","αὐτῷ","αὐτός"
42,17,03,"C",NULL,"καὶ","καὶ","καί","καί"
42,17,03,"C",NULL,"ἐὰν","ἐὰν","ἐάν","ἐάν"
42,17,03,"V","3AAS-S","μετανοήσῃ","μετανοήσῃ","μετανοήσῃ","μετανοέω"
42,17,03,"V","2AAD-S","ἄφες","ἄφες","ἄφες","ἀφίημι"
42,17,03,"RP","DSM","αὐτῷ·","αὐτῷ","αὐτῷ","αὐτός"
42,17,04,"C",NULL,"καὶ","καὶ","καί","καί"
42,17,04,"C",NULL,"ἐὰν","ἐὰν","ἐάν","ἐάν"
42,17,04,"D",NULL,"ἑπτάκις","ἑπτάκις","ἑπτάκις","ἑπτάκις"
42,17,04,"RA","GSF","τῆς","τῆς","τῆς","ὁ"
42,17,04,"N","GSF","ἡμέρας","ἡμέρας","ἡμέρας","ἡμέρα"
42,17,04,"V","3AAS-S","⸀ἁμαρτήσῃ","ἁμαρτήσῃ","ἁμαρτήσῃ","ἁμαρτάνω"
42,17,04,"P",NULL,"εἰς","εἰς","εἰς","εἰς"
42,17,04,"RP","AS","σὲ","σὲ","σέ","σύ"
42,17,04,"C",NULL,"καὶ","καὶ","καί","καί"
42,17,04,"D",NULL,"⸀ἑπτάκις","ἑπτάκις","ἑπτάκις","ἑπτάκις"
42,17,04,"V","3AAS-S","ἐπιστρέψῃ","ἐπιστρέψῃ","ἐπιστρέψῃ","ἐπιστρέφω"
42,17,04,"P",NULL,"⸂πρὸς","πρὸς","πρός","πρός"
42,17,04,"RP","AS","σὲ⸃","σὲ","σέ","σύ"
42,17,04,"V","PAPNSM","λέγων·","λέγων","λέγων","λέγω"
42,17,04,"V","1PAI-S","Μετανοῶ,","Μετανοῶ","μετανοῶ","μετανοέω"
42,17,04,"V","2FAI-S","ἀφήσεις","ἀφήσεις","ἀφήσεις","ἀφίημι"
42,17,04,"RP","DSM","αὐτῷ.","αὐτῷ","αὐτῷ","αὐτός"
42,17,05,"C",NULL,"Καὶ","Καὶ","καί","καί"
42,17,05,"V","3AAI-P","εἶπαν","εἶπαν","εἶπαν","λέγω"
42,17,05,"RA","NPM","οἱ","οἱ","οἱ","ὁ"
42,17,05,"N","NPM","ἀπόστολοι","ἀπόστολοι","ἀπόστολοι","ἀπόστολος"
42,17,05,"RA","DSM","τῷ","τῷ","τῷ","ὁ"
42,17,05,"N","DSM","κυρίῳ·","κυρίῳ","κυρίῳ","κύριος"
42,17,05,"V","2AAD-S","Πρόσθες","Πρόσθες","πρόσθες","προστίθημι"
42,17,05,"RP","DP","ἡμῖν","ἡμῖν","ἡμῖν","ἐγώ"
42,17,05,"N","ASF","πίστιν.","πίστιν","πίστιν","πίστις"
42,17,06,"V","3AAI-S","εἶπεν","εἶπεν","εἶπε(ν)","λέγω"
42,17,06,"C",NULL,"δὲ","δὲ","δέ","δέ"
42,17,06,"RA","NSM","ὁ","ὁ","ὁ","ὁ"
42,17,06,"N","NSM","κύριος·","κύριος","κύριος","κύριος"
42,17,06,"C",NULL,"Εἰ","Εἰ","εἰ","εἰ"
42,17,06,"V","2PAI-P","ἔχετε","ἔχετε","ἔχετε","ἔχω"
42,17,06,"N","ASF","πίστιν","πίστιν","πίστιν","πίστις"
42,17,06,"C",NULL,"ὡς","ὡς","ὡς","ὡς"
42,17,06,"N","ASM","κόκκον","κόκκον","κόκκον","κόκκος"
42,17,06,"N","GSN","σινάπεως,","σινάπεως","σινάπεως","σίναπι"
42,17,06,"V","2IAI-P","ἐλέγετε","ἐλέγετε","ἐλέγετε","λέγω"
42,17,06,"X",NULL,"ἂν","ἂν","ἄν","ἄν"
42,17,06,"RA","DSF","τῇ","τῇ","τῇ","ὁ"
42,17,06,"N","DSF","συκαμίνῳ","συκαμίνῳ","συκαμίνῳ","συκάμινος"
42,17,06,"RD","DSF","ταύτῃ·","ταύτῃ","ταύτῃ","οὗτος"
42,17,06,"V","2APD-S","Ἐκριζώθητι","Ἐκριζώθητι","ἐκριζώθητι","ἐκριζόω"
42,17,06,"C",NULL,"καὶ","καὶ","καί","καί"
42,17,06,"V","2APD-S","φυτεύθητι","φυτεύθητι","φυτεύθητι","φυτεύω"
42,17,06,"P",NULL,"ἐν","ἐν","ἐν","ἐν"
42,17,06,"RA","DSF","τῇ","τῇ","τῇ","ὁ"
42,17,06,"N","DSF","θαλάσσῃ·","θαλάσσῃ","θαλάσσῃ","θάλασσα"
42,17,06,"C",NULL,"καὶ","καὶ","καί","καί"
42,17,06,"V","3AAI-S","ὑπήκουσεν","ὑπήκουσεν","ὑπήκουσε(ν)","ὑπακούω"
42,17,06,"X",NULL,"ἂν","ἂν","ἄν","ἄν"
42,17,06,"RP","DP","ὑμῖν.","ὑμῖν","ὑμῖν","σύ"
42,17,07,"RI","NSM","Τίς","Τίς","τίς","τίς"
42,17,07,"C",NULL,"δὲ","δὲ","δέ","δέ"
42,17,07,"P",NULL,"ἐξ","ἐξ","ἐκ","ἐκ"
42,17,07,"RP","GP","ὑμῶν","ὑμῶν","ὑμῶν","σύ"
42,17,07,"N","ASM","δοῦλον","δοῦλον","δοῦλον","δοῦλος"
42,17,07,"V","PAPNSM","ἔχων","ἔχων","ἔχων","ἔχω"
42,17,07,"V","PAPASM","ἀροτριῶντα","ἀροτριῶντα","ἀροτριῶντα","ἀροτριάω"
42,17,07,"C",NULL,"ἢ","ἢ","ἤ","ἤ"
42,17,07,"V","PAPASM","ποιμαίνοντα,","ποιμαίνοντα","ποιμαίνοντα","ποιμαίνω"
42,17,07,"RR","NSM","ὃς","ὃς","ὅς","ὅς"
42,17,07,"V","AAPDSM","εἰσελθόντι","εἰσελθόντι","εἰσελθόντι","εἰσέρχομαι"
42,17,07,"P",NULL,"ἐκ","ἐκ","ἐκ","ἐκ"
42,17,07,"RA","GSM","τοῦ","τοῦ","τοῦ","ὁ"
42,17,07,"N","GSM","ἀγροῦ","ἀγροῦ","ἀγροῦ","ἀγρός"
42,17,07,"V","3FAI-S","ἐρεῖ","ἐρεῖ","ἐρεῖ","λέγω"
42,17,07,"RP","DSM","⸀αὐτῷ·","αὐτῷ","αὐτῷ","αὐτός"
42,17,07,"D",NULL,"Εὐθέως","Εὐθέως","εὐθέως","εὐθέως"
42,17,07,"V","AAPNSM","παρελθὼν","παρελθὼν","παρελθών","παρέρχομαι"
42,17,07,"V","2AAD-S","ἀνάπεσε,","ἀνάπεσε","ἀνάπεσε","ἀναπίπτω"
42,17,08,"C",NULL,"ἀλλ’","ἀλλ’","ἀλλά","ἀλλά"
42,17,08,"X",NULL,"οὐχὶ","οὐχὶ","οὐχί","οὐχί"
42,17,08,"V","3FAI-S","ἐρεῖ","ἐρεῖ","ἐρεῖ","λέγω"
42,17,08,"RP","DSM","αὐτῷ·","αὐτῷ","αὐτῷ","αὐτός"
42,17,08,"V","2AAD-S","Ἑτοίμασον","Ἑτοίμασον","ἑτοίμασον","ἑτοιμάζω"
42,17,08,"RI","ASN","τί","τί","τί","τίς"
42,17,08,"V","1AAS-S","δειπνήσω","δειπνήσω","δειπνήσω","δειπνέω"
42,17,08,"C",NULL,"καὶ","καὶ","καί","καί"
42,17,08,"V","AMPNSM","περιζωσάμενος","περιζωσάμενος","περιζωσάμενος","περιζώννυμι"
42,17,08,"V","2PAD-S","διακόνει","διακόνει","διακόνει","διακονέω"
42,17,08,"RP","DS","μοι","μοι","μοι","ἐγώ"
42,17,08,"C",NULL,"ἕως","ἕως","ἕως","ἕως"
42,17,08,"V","1AAS-S","φάγω","φάγω","φάγω","ἐσθίω"
42,17,08,"C",NULL,"καὶ","καὶ","καί","καί"
42,17,08,"V","1AAS-S","πίω,","πίω","πίω","πίνω"
42,17,08,"C",NULL,"καὶ","καὶ","καί","καί"
42,17,08,"P",NULL,"μετὰ","μετὰ","μετά","μετά"
42,17,08,"RD","APN","ταῦτα","ταῦτα","ταῦτα","οὗτος"
42,17,08,"V","2FMI-S","φάγεσαι","φάγεσαι","φάγεσαι","ἐσθίω"
42,17,08,"C",NULL,"καὶ","καὶ","καί","καί"
42,17,08,"V","2FMI-S","πίεσαι","πίεσαι","πίεσαι","πίνω"
42,17,08,"RP","NS","σύ;","σύ","σύ","σύ"
42,17,09,"X",NULL,"μὴ","μὴ","μή","μή"
42,17,09,"V","3PAI-S","⸂ἔχει","ἔχει","ἔχει","ἔχω"
42,17,09,"N","ASF","χάριν⸃","χάριν","χάριν","χάρις"
42,17,09,"RA","DSM","τῷ","τῷ","τῷ","ὁ"
42,17,09,"N","DSM","⸀δούλῳ","δούλῳ","δούλῳ","δοῦλος"
42,17,09,"C",NULL,"ὅτι","ὅτι","ὅτι","ὅτι"
42,17,09,"V","3AAI-S","ἐποίησεν","ἐποίησεν","ἐποίησε(ν)","ποιέω"
42,17,09,"RA","APN","τὰ","τὰ","τά","ὁ"
42,17,09,"V","APPAPN","⸀διαταχθέντα;","διαταχθέντα","διαταχθέντα","διατάσσω"
42,17,10,"D",NULL,"οὕτως","οὕτως","οὕτω(ς)","οὕτω(ς)"
42,17,10,"D",NULL,"καὶ","καὶ","καί","καί"
42,17,10,"RP","NP","ὑμεῖς,","ὑμεῖς","ὑμεῖς","σύ"
42,17,10,"C",NULL,"ὅταν","ὅταν","ὅταν","ὅταν"
42,17,10,"V","2AAS-P","ποιήσητε","ποιήσητε","ποιήσητε","ποιέω"
42,17,10,"A","APN","πάντα","πάντα","πάντα","πᾶς"
42,17,10,"RA","APN","τὰ","τὰ","τά","ὁ"
42,17,10,"V","APPAPN","διαταχθέντα","διαταχθέντα","διαταχθέντα","διατάσσω"
42,17,10,"RP","DP","ὑμῖν,","ὑμῖν","ὑμῖν","σύ"
42,17,10,"V","2PAD-P","λέγετε","λέγετε","λέγετε","λέγω"
42,17,10,"C",NULL,"ὅτι","ὅτι","ὅτι","ὅτι"
42,17,10,"N","NPM","Δοῦλοι","Δοῦλοι","δοῦλοι","δοῦλος"
42,17,10,"A","NPM","ἀχρεῖοί","ἀχρεῖοί","ἀχρεῖοι","ἀχρεῖος"
42,17,10,"V","1PAI-P","ἐσμεν,","ἐσμεν","ἐσμέν","εἰμί"
42,17,10,"RR","ASN","⸂ὃ","ὃ","ὅ","ὅς"
42,17,10,"V","1IAI-P","ὠφείλομεν⸃","ὠφείλομεν","ὠφείλομεν","ὀφείλω"
42,17,10,"V","AAN","ποιῆσαι","ποιῆσαι","ποιῆσαι","ποιέω"
42,17,10,"V","1XAI-P","πεποιήκαμεν.","πεποιήκαμεν","πεποιήκαμεν","ποιέω"
42,17,11,"C",NULL,"Καὶ","Καὶ","καί","καί"
42,17,11,"V","3AMI-S","ἐγένετο","ἐγένετο","ἐγένετο","γίνομαι"
42,17,11,"P",NULL,"ἐν","ἐν","ἐν","ἐν"
42,17,11,"RA","DSN","τῷ","τῷ","τῷ","ὁ"
42,17,11,"V","PMN","⸀πορεύεσθαι","πορεύεσθαι","πορεύεσθαι","πορεύομαι"
42,17,11,"P",NULL,"εἰς","εἰς","εἰς","εἰς"
42,17,11,"N","ASF","Ἰερουσαλὴμ","Ἰερουσαλὴμ","Ἰερουσαλήμ","Ἰερουσαλήμ"
42,17,11,"C",NULL,"καὶ","καὶ","καί","καί"
42,17,11,"RP","NSM","αὐτὸς","αὐτὸς","αὐτός","αὐτός"
42,17,11,"V","3IMI-S","διήρχετο","διήρχετο","διήρχετο","διέρχομαι"
42,17,11,"P",NULL,"διὰ","διὰ","διά","διά"
42,17,11,"A","ASN","⸀μέσον","μέσον","μέσον","μέσος"
42,17,11,"N","GSF","Σαμαρείας","Σαμαρείας","Σαμαρείας","Σαμάρεια"
42,17,11,"C",NULL,"καὶ","καὶ","καί","καί"
42,17,11,"N","GSF","Γαλιλαίας.","Γαλιλαίας","Γαλιλαίας","Γαλιλαία"
42,17,12,"C",NULL,"καὶ","καὶ","καί","καί"
42,17,12,"V","PMPGSM","εἰσερχομένου","εἰσερχομένου","εἰσερχομένου","εἰσέρχομαι"
42,17,12,"RP","GSM","αὐτοῦ","αὐτοῦ","αὐτοῦ","αὐτός"
42,17,12,"P",NULL,"εἴς","εἴς","εἰς","εἰς"
42,17,12,"RI","ASF","τινα","τινα","τινά","τις"
42,17,12,"N","ASF","κώμην","κώμην","κώμην","κώμη"
42,17,12,"V","3AAI-P","⸀ἀπήντησαν","ἀπήντησαν","ἀπήντησαν","ἀπαντάω"
42,17,12,"A","NPM","δέκα","δέκα","δέκα","δέκα"
42,17,12,"A","NPM","λεπροὶ","λεπροὶ","λεπροί","λεπρός"
42,17,12,"N","NPM","ἄνδρες,","ἄνδρες","ἄνδρες","ἀνήρ"
42,17,12,"RR","NPM","οἳ","οἳ","οἵ","ὅς"
42,17,12,"V","3AAI-P","⸀ἔστησαν","ἔστησαν","ἔστησαν","ἵστημι"
42,17,12,"D",NULL,"πόρρωθεν,","πόρρωθεν","πόρρωθεν","πόρρωθεν"
42,17,13,"C",NULL,"καὶ","καὶ","καί","καί"
42,17,13,"RP","NPM","αὐτοὶ","αὐτοὶ","αὐτοί","αὐτός"
42,17,13,"V","3AAI-P","ἦραν","ἦραν","ἦραν","αἴρω"
42,17,13,"N","ASF","φωνὴν","φωνὴν","φωνήν","φωνή"
42,17,13,"V","PAPNPM","λέγοντες·","λέγοντες","λέγοντες","λέγω"
42,17,13,"N","VSM","Ἰησοῦ","Ἰησοῦ","Ἰησοῦ","Ἰησοῦς"
42,17,13,"N","VSM","ἐπιστάτα,","ἐπιστάτα","ἐπιστάτα","ἐπιστάτης"
42,17,13,"V","2AAD-S","ἐλέησον","ἐλέησον","ἐλέησον","ἐλεάω"
42,17,13,"RP","AP","ἡμᾶς.","ἡμᾶς","ἡμᾶς","ἐγώ"
42,17,14,"C",NULL,"καὶ","καὶ","καί","καί"
42,17,14,"V","AAPNSM","ἰδὼν","ἰδὼν","ἰδών","ὁράω"
42,17,14,"V","3AAI-S","εἶπεν","εἶπεν","εἶπε(ν)","λέγω"
42,17,14,"RP","DPM","αὐτοῖς·","αὐτοῖς","αὐτοῖς","αὐτός"
42,17,14,"V","APPNPM","Πορευθέντες","Πορευθέντες","πορευθέντες","πορεύομαι"
42,17,14,"V","2AAD-P","ἐπιδείξατε","ἐπιδείξατε","ἐπιδείξατε","ἐπιδείκνυμι"
42,17,14,"RP","APM","ἑαυτοὺς","ἑαυτοὺς","ἑαυτούς","ἑαυτοῦ"
42,17,14,"RA","DPM","τοῖς","τοῖς","τοῖς","ὁ"
42,17,14,"N","DPM","ἱερεῦσιν.","ἱερεῦσιν","ἱερεῦσι(ν)","ἱερεύς"
42,17,14,"C",NULL,"καὶ","καὶ","καί","καί"
42,17,14,"V","3AMI-S","ἐγένετο","ἐγένετο","ἐγένετο","γίνομαι"
42,17,14,"P",NULL,"ἐν","ἐν","ἐν","ἐν"
42,17,14,"RA","DSN","τῷ","τῷ","τῷ","ὁ"
42,17,14,"V","PAN","ὑπάγειν","ὑπάγειν","ὑπάγειν","ὑπάγω"
42,17,14,"RP","APM","αὐτοὺς","αὐτοὺς","αὐτούς","αὐτός"
42,17,14,"V","3API-P","ἐκαθαρίσθησαν.","ἐκαθαρίσθησαν","ἐκαθαρίσθησαν","καθαρίζω"
42,17,15,"A","NSM","εἷς","εἷς","εἷς","εἷς"
42,17,15,"C",NULL,"δὲ","δὲ","δέ","δέ"
42,17,15,"P",NULL,"ἐξ","ἐξ","ἐκ","ἐκ"
42,17,15,"RP","GPM","αὐτῶν,","αὐτῶν","αὐτῶν","αὐτός"
42,17,15,"V","AAPNSM","ἰδὼν","ἰδὼν","ἰδών","ὁράω"
42,17,15,"C",NULL,"ὅτι","ὅτι","ὅτι","ὅτι"
42,17,15,"V","3API-S","ἰάθη,","ἰάθη","ἰάθη","ἰάομαι"
42,17,15,"V","3AAI-S","ὑπέστρεψεν","ὑπέστρεψεν","ὑπέστρεψε(ν)","ὑποστρέφω"
42,17,15,"P",NULL,"μετὰ","μετὰ","μετά","μετά"
42,17,15,"N","GSF","φωνῆς","φωνῆς","φωνῆς","φωνή"
42,17,15,"A","GSF","μεγάλης","μεγάλης","μεγάλης","μέγας"
42,17,15,"V","PAPNSM","δοξάζων","δοξάζων","δοξάζων","δοξάζω"
42,17,15,"RA","ASM","τὸν","τὸν","τόν","ὁ"
42,17,15,"N","ASM","θεόν,","θεόν","θεόν","θεός"
42,17,16,"C",NULL,"καὶ","καὶ","καί","καί"
42,17,16,"V","3AAI-S","ἔπεσεν","ἔπεσεν","ἔπεσε(ν)","πίπτω"
42,17,16,"P",NULL,"ἐπὶ","ἐπὶ","ἐπί","ἐπί"
42,17,16,"N","ASN","πρόσωπον","πρόσωπον","πρόσωπον","πρόσωπον"
42,17,16,"P",NULL,"παρὰ","παρὰ","παρά","παρά"
42,17,16,"RA","APM","τοὺς","τοὺς","τούς","ὁ"
42,17,16,"N","APM","πόδας","πόδας","πόδας","πούς"
42,17,16,"RP","GSM","αὐτοῦ","αὐτοῦ","αὐτοῦ","αὐτός"
42,17,16,"V","PAPNSM","εὐχαριστῶν","εὐχαριστῶν","εὐχαριστῶν","εὐχαριστέω"
42,17,16,"RP","DSM","αὐτῷ·","αὐτῷ","αὐτῷ","αὐτός"
42,17,16,"C",NULL,"καὶ","καὶ","καί","καί"
42,17,16,"RP","NSM","αὐτὸς","αὐτὸς","αὐτός","αὐτός"
42,17,16,"V","3IAI-S","ἦν","ἦν","ἦν","εἰμί"
42,17,16,"N","NSM","Σαμαρίτης.","Σαμαρίτης","Σαμαρίτης","Σαμαρίτης"
42,17,17,"V","APPNSM","ἀποκριθεὶς","ἀποκριθεὶς","ἀποκριθείς","ἀποκρίνομαι"
42,17,17,"C",NULL,"δὲ","δὲ","δέ","δέ"
42,17,17,"RA","NSM","ὁ","ὁ","ὁ","ὁ"
42,17,17,"N","NSM","Ἰησοῦς","Ἰησοῦς","Ἰησοῦς","Ἰησοῦς"
42,17,17,"V","3AAI-S","εἶπεν·","εἶπεν","εἶπε(ν)","λέγω"
42,17,17,"X",NULL,"⸀Οὐχὶ","Οὐχὶ","οὐχί","οὐχί"
42,17,17,"RA","NPM","οἱ","οἱ","οἱ","ὁ"
42,17,17,"A","NPM","δέκα","δέκα","δέκα","δέκα"
42,17,17,"V","3API-P","ἐκαθαρίσθησαν;","ἐκαθαρίσθησαν","ἐκαθαρίσθησαν","καθαρίζω"
42,17,17,"RA","NPM","οἱ","οἱ","οἱ","ὁ"
42,17,17,"C",NULL,"δὲ","δὲ","δέ","δέ"
42,17,17,"A","NPM","ἐννέα","ἐννέα","ἐννέα","ἐννέα"
42,17,17,"D",NULL,"ποῦ;","ποῦ","ποῦ","ποῦ"
42,17,18,"D",NULL,"οὐχ","οὐχ","οὐ","οὐ"
42,17,18,"V","3API-P","εὑρέθησαν","εὑρέθησαν","εὑρέθησαν","εὑρίσκω"
42,17,18,"V","AAPNPM","ὑποστρέψαντες","ὑποστρέψαντες","ὑποστρέψαντες","ὑποστρέφω"
42,17,18,"V","AAN","δοῦναι","δοῦναι","δοῦναι","δίδωμι"
42,17,18,"N","ASF","δόξαν","δόξαν","δόξαν","δόξα"
42,17,18,"RA","DSM","τῷ","τῷ","τῷ","ὁ"
42,17,18,"N","DSM","θεῷ","θεῷ","θεῷ","θεός"
42,17,18,"C",NULL,"εἰ","εἰ","εἰ","εἰ"
42,17,18,"D",NULL,"μὴ","μὴ","μή","μή"
42,17,18,"RA","NSM","ὁ","ὁ","ὁ","ὁ"
42,17,18,"A","NSM","ἀλλογενὴς","ἀλλογενὴς","ἀλλογενής","ἀλλογενής"
42,17,18,"RD","NSM","οὗτος;","οὗτος","οὗτος","οὗτος"
42,17,19,"C",NULL,"καὶ","καὶ","καί","καί"
42,17,19,"V","3AAI-S","εἶπεν","εἶπεν","εἶπε(ν)","λέγω"
42,17,19,"RP","DSM","αὐτῷ·","αὐτῷ","αὐτῷ","αὐτός"
42,17,19,"V","AAPNSM","Ἀναστὰς","Ἀναστὰς","ἀναστάς","ἀνίστημι"
42,17,19,"V","2PMD-S","πορεύου·","πορεύου","πορεύου","πορεύομαι"
42,17,19,"RA","NSF","ἡ","ἡ","ἡ","ὁ"
42,17,19,"N","NSF","πίστις","πίστις","πίστις","πίστις"
42,17,19,"RP","GS","σου","σου","σου","σύ"
42,17,19,"V","3XAI-S","σέσωκέν","σέσωκέν","σέσωκε(ν)","σῴζω"
42,17,19,"RP","AS","σε.","σε","σε","σύ"
42,17,20,"V","APPNSM","Ἐπερωτηθεὶς","Ἐπερωτηθεὶς","ἐπερωτηθείς","ἐπερωτάω"
42,17,20,"C",NULL,"δὲ","δὲ","δέ","δέ"
42,17,20,"P",NULL,"ὑπὸ","ὑπὸ","ὑπό","ὑπό"
42,17,20,"RA","GPM","τῶν","τῶν","τῶν","ὁ"
42,17,20,"N","GPM","Φαρισαίων","Φαρισαίων","Φαρισαίων","Φαρισαῖος"
42,17,20,"D",NULL,"πότε","πότε","πότε","πότε"
42,17,20,"V","3PMI-S","ἔρχεται","ἔρχεται","ἔρχεται","ἔρχομαι"
42,17,20,"RA","NSF","ἡ","ἡ","ἡ","ὁ"
42,17,20,"N","NSF","βασιλεία","βασιλεία","βασιλεία","βασιλεία"
42,17,20,"RA","GSM","τοῦ","τοῦ","τοῦ","ὁ"
42,17,20,"N","GSM","θεοῦ","θεοῦ","θεοῦ","θεός"
42,17,20,"V","3API-S","ἀπεκρίθη","ἀπεκρίθη","ἀπεκρίθη","ἀποκρίνομαι"
42,17,20,"RP","DPM","αὐτοῖς","αὐτοῖς","αὐτοῖς","αὐτός"
42,17,20,"C",NULL,"καὶ","καὶ","καί","καί"
42,17,20,"V","3AAI-S","εἶπεν·","εἶπεν","εἶπε(ν)","λέγω"
42,17,20,"D",NULL,"Οὐκ","Οὐκ","οὐ","οὐ"
42,17,20,"V","3PMI-S","ἔρχεται","ἔρχεται","ἔρχεται","ἔρχομαι"
42,17,20,"RA","NSF","ἡ","ἡ","ἡ","ὁ"
42,17,20,"N","NSF","βασιλεία","βασιλεία","βασιλεία","βασιλεία"
42,17,20,"RA","GSM","τοῦ","τοῦ","τοῦ","ὁ"
42,17,20,"N","GSM","θεοῦ","θεοῦ","θεοῦ","θεός"
42,17,20,"P",NULL,"μετὰ","μετὰ","μετά","μετά"
42,17,20,"N","GSF","παρατηρήσεως,","παρατηρήσεως","παρατηρήσεως","παρατήρησις"
42,17,21,"C",NULL,"οὐδὲ","οὐδὲ","οὐδέ","οὐδέ"
42,17,21,"V","3FAI-P","ἐροῦσιν·","ἐροῦσιν","ἐροῦσι(ν)","λέγω"
42,17,21,"X",NULL,"Ἰδοὺ","Ἰδοὺ","ἰδού","ἰδού"
42,17,21,"D",NULL,"ὧδε","ὧδε","ὧδε","ὧδε"
42,17,21,"C",NULL,"ἤ·","ἤ","ἤ","ἤ"
42,17,21,"D",NULL,"⸀Ἐκεῖ·","Ἐκεῖ","ἐκεῖ","ἐκεῖ"
42,17,21,"X",NULL,"ἰδοὺ","ἰδοὺ","ἰδού","ἰδού"
42,17,21,"C",NULL,"γὰρ","γὰρ","γάρ","γάρ"
42,17,21,"RA","NSF","ἡ","ἡ","ἡ","ὁ"
42,17,21,"N","NSF","βασιλεία","βασιλεία","βασιλεία","βασιλεία"
42,17,21,"RA","GSM","τοῦ","τοῦ","τοῦ","ὁ"
42,17,21,"N","GSM","θεοῦ","θεοῦ","θεοῦ","θεός"
42,17,21,"P",NULL,"ἐντὸς","ἐντὸς","ἐντός","ἐντός"
42,17,21,"RP","GP","ὑμῶν","ὑμῶν","ὑμῶν","σύ"
42,17,21,"V","3PAI-S","ἐστιν.","ἐστιν","ἐστί(ν)","εἰμί"
42,17,22,"V","3AAI-S","Εἶπεν","Εἶπεν","εἶπε(ν)","λέγω"
42,17,22,"C",NULL,"δὲ","δὲ","δέ","δέ"
42,17,22,"P",NULL,"πρὸς","πρὸς","πρός","πρός"
42,17,22,"RA","APM","τοὺς","τοὺς","τούς","ὁ"
42,17,22,"N","APM","μαθητάς·","μαθητάς","μαθητάς","μαθητής"
42,17,22,"V","3FMI-P","Ἐλεύσονται","Ἐλεύσονται","ἐλεύσονται","ἔρχομαι"
42,17,22,"N","NPF","ἡμέραι","ἡμέραι","ἡμέραι","ἡμέρα"
42,17,22,"D",NULL,"ὅτε","ὅτε","ὅτε","ὅτε"
42,17,22,"V","2FAI-P","ἐπιθυμήσετε","ἐπιθυμήσετε","ἐπιθυμήσετε","ἐπιθυμέω"
42,17,22,"A","ASF","μίαν","μίαν","μίαν","εἷς"
42,17,22,"RA","GPF","τῶν","τῶν","τῶν","ὁ"
42,17,22,"N","GPF","ἡμερῶν","ἡμερῶν","ἡμερῶν","ἡμέρα"
42,17,22,"RA","GSM","τοῦ","τοῦ","τοῦ","ὁ"
42,17,22,"N","GSM","υἱοῦ","υἱοῦ","υἱοῦ","υἱός"
42,17,22,"RA","GSM","τοῦ","τοῦ","τοῦ","ὁ"
42,17,22,"N","GSM","ἀνθρώπου","ἀνθρώπου","ἀνθρώπου","ἄνθρωπος"
42,17,22,"V","AAN","ἰδεῖν","ἰδεῖν","ἰδεῖν","ὁράω"
42,17,22,"C",NULL,"καὶ","καὶ","καί","καί"
42,17,22,"D",NULL,"οὐκ","οὐκ","οὐ","οὐ"
42,17,22,"V","2FMI-P","ὄψεσθε.","ὄψεσθε","ὄψεσθε","ὁράω"
42,17,23,"C",NULL,"καὶ","καὶ","καί","καί"
42,17,23,"V","3FAI-P","ἐροῦσιν","ἐροῦσιν","ἐροῦσι(ν)","λέγω"
42,17,23,"RP","DP","ὑμῖν·","ὑμῖν","ὑμῖν","σύ"
42,17,23,"X",NULL,"Ἰδοὺ","Ἰδοὺ","ἰδού","ἰδού"
42,17,23,"D",NULL,"⸂ἐκεῖ·","ἐκεῖ","ἐκεῖ","ἐκεῖ"
42,17,23,"X",NULL,"Ἰδοὺ","Ἰδοὺ","ἰδού","ἰδού"
42,17,23,"D",NULL,"ὧδε⸃·","ὧδε","ὧδε","ὧδε"
42,17,23,"D",NULL,"μὴ","μὴ","μή","μή"
42,17,23,"V","2AAS-P","ἀπέλθητε","ἀπέλθητε","ἀπέλθητε","ἀπέρχομαι"
42,17,23,"C",NULL,"μηδὲ","μηδὲ","μηδέ","μηδέ"
42,17,23,"V","2AAS-P","διώξητε.","διώξητε","διώξητε","διώκω"
42,17,24,"C",NULL,"ὥσπερ","ὥσπερ","ὥσπερ","ὥσπερ"
42,17,24,"C",NULL,"γὰρ","γὰρ","γάρ","γάρ"
42,17,24,"RA","NSF","ἡ","ἡ","ἡ","ὁ"
42,17,24,"N","NSF","⸀ἀστραπὴ","ἀστραπὴ","ἀστραπή","ἀστραπή"
42,17,24,"V","PAPNSF","ἀστράπτουσα","ἀστράπτουσα","ἀστράπτουσα","ἀστράπτω"
42,17,24,"P",NULL,"ἐκ","ἐκ","ἐκ","ἐκ"
42,17,24,"RA","GSF","τῆς","τῆς","τῆς","ὁ"
42,17,24,"P",NULL,"⸂ὑπὸ","ὑπὸ","ὑπό","ὑπό"
42,17,24,"RA","ASM","τὸν⸃","τὸν","τόν","ὁ"
42,17,24,"N","ASM","οὐρανὸν","οὐρανὸν","οὐρανόν","οὐρανός"
42,17,24,"P",NULL,"εἰς","εἰς","εἰς","εἰς"
42,17,24,"RA","ASF","τὴν","τὴν","τήν","ὁ"
42,17,24,"P",NULL,"ὑπ’","ὑπ’","ὑπό","ὑπό"
42,17,24,"N","ASM","οὐρανὸν","οὐρανὸν","οὐρανόν","οὐρανός"
42,17,24,"V","3PAI-S","λάμπει,","λάμπει","λάμπει","λάμπω"
42,17,24,"D",NULL,"οὕτως","οὕτως","οὕτω(ς)","οὕτω(ς)"
42,17,24,"V","3FMI-S","ἔσται","ἔσται","ἔσται","εἰμί"
42,17,24,"RA","NSM","ὁ","ὁ","ὁ","ὁ"
42,17,24,"N","NSM","υἱὸς","υἱὸς","υἱός","υἱός"
42,17,24,"RA","GSM","τοῦ","τοῦ","τοῦ","ὁ"
42,17,24,"N","GSM","ἀνθρώπου","ἀνθρώπου","ἀνθρώπου","ἄνθρωπος"
42,17,24,"P",NULL,"⸂ἐν","ἐν","ἐν","ἐν"
42,17,24,"RA","DSF","τῇ","τῇ","τῇ","ὁ"
42,17,24,"N","DSF","ἡμέρᾳ","ἡμέρᾳ","ἡμέρᾳ","ἡμέρα"
42,17,24,"RP","GSM","αὐτοῦ⸃.","αὐτοῦ","αὐτοῦ","αὐτός"
42,17,25,"A","ASN","πρῶτον","πρῶτον","πρῶτον","πρῶτος"
42,17,25,"C",NULL,"δὲ","δὲ","δέ","δέ"
42,17,25,"V","3PAI-S","δεῖ","δεῖ","δεῖ","δέω"
42,17,25,"RP","ASM","αὐτὸν","αὐτὸν","αὐτόν","αὐτός"
42,17,25,"A","APN","πολλὰ","πολλὰ","πολλά","πολύς"
42,17,25,"V","AAN","παθεῖν","παθεῖν","παθεῖν","πάσχω"
42,17,25,"C",NULL,"καὶ","καὶ","καί","καί"
42,17,25,"V","APN","ἀποδοκιμασθῆναι","ἀποδοκιμασθῆναι","ἀποδοκιμασθῆναι","ἀποδοκιμάζω"
42,17,25,"P",NULL,"ἀπὸ","ἀπὸ","ἀπό","ἀπό"
42,17,25,"RA","GSF","τῆς","τῆς","τῆς","ὁ"
42,17,25,"N","GSF","γενεᾶς","γενεᾶς","γενεᾶς","γενεά"
42,17,25,"RD","GSF","ταύτης.","ταύτης","ταύτης","οὗτος"
42,17,26,"C",NULL,"καὶ","καὶ","καί","καί"
42,17,26,"C",NULL,"καθὼς","καθὼς","καθώς","καθώς"
42,17,26,"V","3AMI-S","ἐγένετο","ἐγένετο","ἐγένετο","γίνομαι"
42,17,26,"P",NULL,"ἐν","ἐν","ἐν","ἐν"
42,17,26,"RA","DPF","ταῖς","ταῖς","ταῖς","ὁ"
42,17,26,"N","DPF","ἡμέραις","ἡμέραις","ἡμέραις","ἡμέρα"
42,17,26,"N","GSM","Νῶε,","Νῶε","Νῶε","Νῶε"
42,17,26,"D",NULL,"οὕτως","οὕτως","οὕτω(ς)","οὕτω(ς)"
42,17,26,"V","3FMI-S","ἔσται","ἔσται","ἔσται","εἰμί"
42,17,26,"D",NULL,"καὶ","καὶ","καί","καί"
42,17,26,"P",NULL,"ἐν","ἐν","ἐν","ἐν"
42,17,26,"RA","DPF","ταῖς","ταῖς","ταῖς","ὁ"
42,17,26,"N","DPF","ἡμέραις","ἡμέραις","ἡμέραις","ἡμέρα"
42,17,26,"RA","GSM","τοῦ","τοῦ","τοῦ","ὁ"
42,17,26,"N","GSM","υἱοῦ","υἱοῦ","υἱοῦ","υἱός"
42,17,26,"RA","GSM","τοῦ","τοῦ","τοῦ","ὁ"
42,17,26,"N","GSM","ἀνθρώπου·","ἀνθρώπου","ἀνθρώπου","ἄνθρωπος"
42,17,27,"V","3IAI-P","ἤσθιον,","ἤσθιον","ἤσθιον","ἐσθίω"
42,17,27,"V","3IAI-P","ἔπινον,","ἔπινον","ἔπινον","πίνω"
42,17,27,"V","3IAI-P","ἐγάμουν,","ἐγάμουν","ἐγάμουν","γαμέω"
42,17,27,"V","3IPI-P","⸀ἐγαμίζοντο,","ἐγαμίζοντο","ἐγαμίζοντο","γαμίζω"
42,17,27,"P",NULL,"ἄχρι","ἄχρι","ἄχρι","ἄχρι"
42,17,27,"RR","GSF","ἧς","ἧς","ἧς","ὅς"
42,17,27,"N","GSF","ἡμέρας","ἡμέρας","ἡμέρας","ἡμέρα"
42,17,27,"V","3AAI-S","εἰσῆλθεν","εἰσῆλθεν","εἰσῆλθε(ν)","εἰσέρχομαι"
42,17,27,"N","NSM","Νῶε","Νῶε","Νῶε","Νῶε"
42,17,27,"P",NULL,"εἰς","εἰς","εἰς","εἰς"
42,17,27,"RA","ASF","τὴν","τὴν","τήν","ὁ"
42,17,27,"N","ASF","κιβωτόν,","κιβωτόν","κιβωτόν","κιβωτός"
42,17,27,"C",NULL,"καὶ","καὶ","καί","καί"
42,17,27,"V","3AAI-S","ἦλθεν","ἦλθεν","ἦλθε(ν)","ἔρχομαι"
42,17,27,"RA","NSM","ὁ","ὁ","ὁ","ὁ"
42,17,27,"N","NSM","κατακλυσμὸς","κατακλυσμὸς","κατακλυσμός","κατακλυσμός"
42,17,27,"C",NULL,"καὶ","καὶ","καί","καί"
42,17,27,"V","3AAI-S","ἀπώλεσεν","ἀπώλεσεν","ἀπώλεσε(ν)","ἀπόλλυμι"
42,17,27,"A","APM","⸀πάντας.","πάντας","πάντας","πᾶς"
42,17,28,"D",NULL,"ὁμοίως","ὁμοίως","ὁμοίως","ὁμοίως"
42,17,28,"C",NULL,"⸀καθὼς","καθὼς","καθώς","καθώς"
42,17,28,"V","3AMI-S","ἐγένετο","ἐγένετο","ἐγένετο","γίνομαι"
42,17,28,"P",NULL,"ἐν","ἐν","ἐν","ἐν"
42,17,28,"RA","DPF","ταῖς","ταῖς","ταῖς","ὁ"
42,17,28,"N","DPF","ἡμέραις","ἡμέραις","ἡμέραις","ἡμέρα"
42,17,28,"N","GSM","Λώτ·","Λώτ","Λώτ","Λώτ"
42,17,28,"V","3IAI-P","ἤσθιον,","ἤσθιον","ἤσθιον","ἐσθίω"
42,17,28,"V","3IAI-P","ἔπινον,","ἔπινον","ἔπινον","πίνω"
42,17,28,"V","3IAI-P","ἠγόραζον,","ἠγόραζον","ἠγόραζον","ἀγοράζω"
42,17,28,"V","3IAI-P","ἐπώλουν,","ἐπώλουν","ἐπώλουν","πωλέω"
42,17,28,"V","3IAI-P","ἐφύτευον,","ἐφύτευον","ἐφύτευον","φυτεύω"
42,17,28,"V","3IAI-P","ᾠκοδόμουν·","ᾠκοδόμουν","ᾠκοδόμουν","οἰκοδομέω"
42,17,29,"RR","DSF","ᾗ","ᾗ","ᾗ","ὅς"
42,17,29,"C",NULL,"δὲ","δὲ","δέ","δέ"
42,17,29,"N","DSF","ἡμέρᾳ","ἡμέρᾳ","ἡμέρᾳ","ἡμέρα"
42,17,29,"V","3AAI-S","ἐξῆλθεν","ἐξῆλθεν","ἐξῆλθε(ν)","ἐξέρχομαι"
42,17,29,"N","NSM","Λὼτ","Λὼτ","Λώτ","Λώτ"
42,17,29,"P",NULL,"ἀπὸ","ἀπὸ","ἀπό","ἀπό"
42,17,29,"N","GPN","Σοδόμων,","Σοδόμων","Σοδόμων","Σόδομα"
42,17,29,"V","3AAI-S","ἔβρεξεν","ἔβρεξεν","ἔβρεξε(ν)","βρέχω"
42,17,29,"N","ASN","πῦρ","πῦρ","πῦρ","πῦρ"
42,17,29,"C",NULL,"καὶ","καὶ","καί","καί"
42,17,29,"N","ASN","θεῖον","θεῖον","θεῖον","θεῖον"
42,17,29,"P",NULL,"ἀπ’","ἀπ’","ἀπό","ἀπό"
42,17,29,"N","GSM","οὐρανοῦ","οὐρανοῦ","οὐρανοῦ","οὐρανός"
42,17,29,"C",NULL,"καὶ","καὶ","καί","καί"
42,17,29,"V","3AAI-S","ἀπώλεσεν","ἀπώλεσεν","ἀπώλεσε(ν)","ἀπόλλυμι"
42,17,29,"A","APM","⸀πάντας.","πάντας","πάντας","πᾶς"
42,17,30,"P",NULL,"κατὰ","κατὰ","κατά","κατά"
42,17,30,"RA","APN","⸂τὰ","τὰ","τά","ὁ"
42,17,30,"A","APN","αὐτὰ⸃","αὐτὰ","αὐτά","αὐτός"
42,17,30,"V","3FMI-S","ἔσται","ἔσται","ἔσται","εἰμί"
42,17,30,"RR","DSF","ᾗ","ᾗ","ᾗ","ὅς"
42,17,30,"N","DSF","ἡμέρᾳ","ἡμέρᾳ","ἡμέρᾳ","ἡμέρα"
42,17,30,"RA","NSM","ὁ","ὁ","ὁ","ὁ"
42,17,30,"N","NSM","υἱὸς","υἱὸς","υἱός","υἱός"
42,17,30,"RA","GSM","τοῦ","τοῦ","τοῦ","ὁ"
42,17,30,"N","GSM","ἀνθρώπου","ἀνθρώπου","ἀνθρώπου","ἄνθρωπος"
42,17,30,"V","3PPI-S","ἀποκαλύπτεται.","ἀποκαλύπτεται","ἀποκαλύπτεται","ἀποκαλύπτω"
42,17,31,"P",NULL,"ἐν","ἐν","ἐν","ἐν"
42,17,31,"RD","DSF","ἐκείνῃ","ἐκείνῃ","ἐκείνῃ","ἐκεῖνος"
42,17,31,"RA","DSF","τῇ","τῇ","τῇ","ὁ"
42,17,31,"N","DSF","ἡμέρᾳ","ἡμέρᾳ","ἡμέρᾳ","ἡμέρα"
42,17,31,"RR","NSM","ὃς","ὃς","ὅς","ὅς"
42,17,31,"V","3FMI-S","ἔσται","ἔσται","ἔσται","εἰμί"
42,17,31,"P",NULL,"ἐπὶ","ἐπὶ","ἐπί","ἐπί"
42,17,31,"RA","GSN","τοῦ","τοῦ","τοῦ","ὁ"
42,17,31,"N","GSN","δώματος","δώματος","δώματος","δῶμα"
42,17,31,"C",NULL,"καὶ","καὶ","καί","καί"
42,17,31,"RA","NPN","τὰ","τὰ","τά","ὁ"
42,17,31,"N","NPN","σκεύη","σκεύη","σκεύη","σκεῦος"
42,17,31,"RP","GSM","αὐτοῦ","αὐτοῦ","αὐτοῦ","αὐτός"
42,17,31,"P",NULL,"ἐν","ἐν","ἐν","ἐν"
42,17,31,"RA","DSF","τῇ","τῇ","τῇ","ὁ"
42,17,31,"N","DSF","οἰκίᾳ,","οἰκίᾳ","οἰκίᾳ","οἰκία"
42,17,31,"D",NULL,"μὴ","μὴ","μή","μή"
42,17,31,"V","3AAD-S","καταβάτω","καταβάτω","καταβάτω","καταβαίνω"
42,17,31,"V","AAN","ἆραι","ἆραι","ἆραι","αἴρω"
42,17,31,"RP","APN","αὐτά,","αὐτά","αὐτά","αὐτός"
42,17,31,"C",NULL,"καὶ","καὶ","καί","καί"
42,17,31,"RA","NSM","ὁ","ὁ","ὁ","ὁ"
42,17,31,"P",NULL,"⸀ἐν","ἐν","ἐν","ἐν"
42,17,31,"N","DSM","ἀγρῷ","ἀγρῷ","ἀγρῷ","ἀγρός"
42,17,31,"D",NULL,"ὁμοίως","ὁμοίως","ὁμοίως","ὁμοίως"
42,17,31,"D",NULL,"μὴ","μὴ","μή","μή"
42,17,31,"V","3AAD-S","ἐπιστρεψάτω","ἐπιστρεψάτω","ἐπιστρεψάτω","ἐπιστρέφω"
42,17,31,"P",NULL,"εἰς","εἰς","εἰς","εἰς"
42,17,31,"RA","APN","τὰ","τὰ","τά","ὁ"
42,17,31,"D",NULL,"ὀπίσω.","ὀπίσω","ὀπίσω","ὀπίσω"
42,17,32,"V","2PAD-P","μνημονεύετε","μνημονεύετε","μνημονεύετε","μνημονεύω"
42,17,32,"RA","GSF","τῆς","τῆς","τῆς","ὁ"
42,17,32,"N","GSF","γυναικὸς","γυναικὸς","γυναικός","γυνή"
42,17,32,"N","GSM","Λώτ.","Λώτ","Λώτ","Λώτ"
42,17,33,"RR","NSM","ὃς","ὃς","ὅς","ὅς"
42,17,33,"X",NULL,"ἐὰν","ἐὰν","ἐάν","ἐάν"
42,17,33,"V","3AAS-S","ζητήσῃ","ζητήσῃ","ζητήσῃ","ζητέω"
42,17,33,"RA","ASF","τὴν","τὴν","τήν","ὁ"
42,17,33,"N","ASF","ψυχὴν","ψυχὴν","ψυχήν","ψυχή"
42,17,33,"RP","GSM","αὐτοῦ","αὐτοῦ","αὐτοῦ","αὐτός"
42,17,33,"V","AMN","⸀περιποιήσασθαι","περιποιήσασθαι","περιποιήσασθαι","περιποιέομαι"
42,17,33,"V","3FAI-S","ἀπολέσει","ἀπολέσει","ἀπολέσει","ἀπόλλυμι"
42,17,33,"RP","ASF","αὐτήν,","αὐτήν","αὐτήν","αὐτός"
42,17,33,"RR","NSM","⸂ὃς","ὃς","ὅς","ὅς"
42,17,33,"C",NULL,"δ’","δ’","δέ","δέ"
42,17,33,"X",NULL,"ἂν⸃","ἂν","ἄν","ἄν"
42,17,33,"V","3AAS-S","⸀ἀπολέσῃ","ἀπολέσῃ","ἀπολέσῃ","ἀπόλλυμι"
42,17,33,"V","3FAI-S","ζῳογονήσει","ζῳογονήσει","ζῳογονήσει","ζῳογονέω"
42,17,33,"RP","ASF","αὐτήν.","αὐτήν","αὐτήν","αὐτός"
42,17,34,"V","1PAI-S","λέγω","λέγω","λέγω","λέγω"
42,17,34,"RP","DP","ὑμῖν,","ὑμῖν","ὑμῖν","σύ"
42,17,34,"RD","DSF","ταύτῃ","ταύτῃ","ταύτῃ","οὗτος"
42,17,34,"RA","DSF","τῇ","τῇ","τῇ","ὁ"
42,17,34,"N","DSF","νυκτὶ","νυκτὶ","νυκτί","νύξ"
42,17,34,"V","3FMI-P","ἔσονται","ἔσονται","ἔσονται","εἰμί"
42,17,34,"A","NPM","δύο","δύο","δύο","δύο"
42,17,34,"P",NULL,"ἐπὶ","ἐπὶ","ἐπί","ἐπί"
42,17,34,"N","GSF","κλίνης","κλίνης","κλίνης","κλίνη"
42,17,34,"A","GSF","μιᾶς,","μιᾶς","μιᾶς","εἷς"
42,17,34,"RA","NSM","⸀ὁ","ὁ","ὁ","ὁ"
42,17,34,"A","NSM","εἷς","εἷς","εἷς","εἷς"
42,17,34,"V","3FPI-S","παραλημφθήσεται","παραλημφθήσεται","παραλημφθήσεται","παραλαμβάνω"
42,17,34,"C",NULL,"καὶ","καὶ","καί","καί"
42,17,34,"RA","NSM","ὁ","ὁ","ὁ","ὁ"
42,17,34,"A","NSM","ἕτερος","ἕτερος","ἕτερος","ἕτερος"
42,17,34,"V","3FPI-S","ἀφεθήσεται·","ἀφεθήσεται","ἀφεθήσεται","ἀφίημι"
42,17,35,"V","3FMI-P","⸂ἔσονται","ἔσονται","ἔσονται","εἰμί"
42,17,35,"A","NPF","δύο⸃","δύο","δύο","δύο"
42,17,35,"V","PAPNPF","ἀλήθουσαι","ἀλήθουσαι","ἀλήθουσαι","ἀλήθω"
42,17,35,"P",NULL,"ἐπὶ","ἐπὶ","ἐπί","ἐπί"
42,17,35,"RA","ASN","τὸ","τὸ","τό","ὁ"
42,17,35,"A","ASN","αὐτό,","αὐτό","αὐτό","αὐτός"
42,17,35,"RA","NSF","⸀ἡ","ἡ","ἡ","ὁ"
42,17,35,"A","NSF","μία","μία","μία","εἷς"
42,17,35,"V","3FPI-S","παραλημφθήσεται","παραλημφθήσεται","παραλημφθήσεται","παραλαμβάνω"
42,17,35,"RA","NSF","⸂ἡ","ἡ","ἡ","ὁ"
42,17,35,"C",NULL,"δὲ⸃","δὲ","δέ","δέ"
42,17,35,"A","NSF","ἑτέρα","ἑτέρα","ἑτέρα","ἕτερος"
42,17,35,"V","3FPI-S","⸀ἀφεθήσεται.","ἀφεθήσεται","ἀφεθήσεται","ἀφίημι"
42,17,37,"C",NULL,"καὶ","καὶ","καί","καί"
42,17,37,"V","APPNPM","ἀποκριθέντες","ἀποκριθέντες","ἀποκριθέντες","ἀποκρίνομαι"
42,17,37,"V","3PAI-P","λέγουσιν","λέγουσιν","λέγουσι(ν)","λέγω"
42,17,37,"RP","DSM","αὐτῷ·","αὐτῷ","αὐτῷ","αὐτός"
42,17,37,"D",NULL,"Ποῦ,","Ποῦ","ποῦ","ποῦ"
42,17,37,"N","VSM","κύριε;","κύριε","κύριε","κύριος"
42,17,37,"RA","NSM","ὁ","ὁ","ὁ","ὁ"
42,17,37,"C",NULL,"δὲ","δὲ","δέ","δέ"
42,17,37,"V","3AAI-S","εἶπεν","εἶπεν","εἶπε(ν)","λέγω"
42,17,37,"RP","DPM","αὐτοῖς·","αὐτοῖς","αὐτοῖς","αὐτός"
42,17,37,"C",NULL,"Ὅπου","Ὅπου","ὅπου","ὅπου"
42,17,37,"RA","NSN","τὸ","τὸ","τό","ὁ"
42,17,37,"N","NSN","σῶμα,","σῶμα","σῶμα","σῶμα"
42,17,37,"D",NULL,"ἐκεῖ","ἐκεῖ","ἐκεῖ","ἐκεῖ"
42,17,37,"D",NULL,"⸂καὶ","καὶ","καί","καί"
42,17,37,"RA","NPM","οἱ","οἱ","οἱ","ὁ"
42,17,37,"N","NPM","ἀετοὶ","ἀετοὶ","ἀετοί","ἀετός"
42,17,37,"V","3FPI-P","ἐπισυναχθήσονται⸃.","ἐπισυναχθήσονται","ἐπισυναχθήσονται","ἐπισυνάγω"
42,18,01,"V","3IAI-S","Ἔλεγεν","Ἔλεγεν","ἔλεγε(ν)","λέγω"
42,18,01,"C",NULL,"⸀δὲ","δὲ","δέ","δέ"
42,18,01,"N","ASF","παραβολὴν","παραβολὴν","παραβολήν","παραβολή"
42,18,01,"RP","DPM","αὐτοῖς","αὐτοῖς","αὐτοῖς","αὐτός"
42,18,01,"P",NULL,"πρὸς","πρὸς","πρός","πρός"
42,18,01,"RA","ASN","τὸ","τὸ","τό","ὁ"
42,18,01,"V","PAN","δεῖν","δεῖν","δεῖν","δέω"
42,18,01,"D",NULL,"πάντοτε","πάντοτε","πάντοτε","πάντοτε"
42,18,01,"V","PMN","προσεύχεσθαι","προσεύχεσθαι","προσεύχεσθαι","προσεύχομαι"
42,18,01,"RP","APM","⸀αὐτοὺς","αὐτοὺς","αὐτούς","αὐτός"
42,18,01,"C",NULL,"καὶ","καὶ","καί","καί"
42,18,01,"D",NULL,"μὴ","μὴ","μή","μή"
42,18,01,"V","PAN","ἐγκακεῖν,","ἐγκακεῖν","ἐγκακεῖν","ἐγκακέω"
42,18,02,"V","PAPNSM","λέγων·","λέγων","λέγων","λέγω"
42,18,02,"N","NSM","Κριτής","Κριτής","κριτής","κριτής"
42,18,02,"RI","NSM","τις","τις","τὶς","τις"
42,18,02,"V","3IAI-S","ἦν","ἦν","ἦν","εἰμί"
42,18,02,"P",NULL,"ἔν","ἔν","ἐν","ἐν"
42,18,02,"RI","DSF","τινι","τινι","τινί","τις"
42,18,02,"N","DSF","πόλει","πόλει","πόλει","πόλις"
42,18,02,"RA","ASM","τὸν","τὸν","τόν","ὁ"
42,18,02,"N","ASM","θεὸν","θεὸν","θεόν","θεός"
42,18,02,"D",NULL,"μὴ","μὴ","μή","μή"
42,18,02,"V","PMPNSM","φοβούμενος","φοβούμενος","φοβούμενος","φοβέομαι"
42,18,02,"C",NULL,"καὶ","καὶ","καί","καί"
42,18,02,"N","ASM","ἄνθρωπον","ἄνθρωπον","ἄνθρωπον","ἄνθρωπος"
42,18,02,"D",NULL,"μὴ","μὴ","μή","μή"
42,18,02,"V","PPPNSM","ἐντρεπόμενος.","ἐντρεπόμενος","ἐντρεπόμενος","ἐντρέπω"
42,18,03,"A","NSF","χήρα","χήρα","χήρα","χήρα"
42,18,03,"C",NULL,"δὲ","δὲ","δέ","δέ"
42,18,03,"V","3IAI-S","ἦν","ἦν","ἦν","εἰμί"
42,18,03,"P",NULL,"ἐν","ἐν","ἐν","ἐν"
42,18,03,"RA","DSF","τῇ","τῇ","τῇ","ὁ"
42,18,03,"N","DSF","πόλει","πόλει","πόλει","πόλις"
42,18,03,"RD","DSF","ἐκείνῃ","ἐκείνῃ","ἐκείνῃ","ἐκεῖνος"
42,18,03,"C",NULL,"καὶ","καὶ","καί","καί"
42,18,03,"V","3IMI-S","ἤρχετο","ἤρχετο","ἤρχετο","ἔρχομαι"
42,18,03,"P",NULL,"πρὸς","πρὸς","πρός","πρός"
42,18,03,"RP","ASM","αὐτὸν","αὐτὸν","αὐτόν","αὐτός"
42,18,03,"V","PAPNSF","λέγουσα·","λέγουσα","λέγουσα","λέγω"
42,18,03,"V","2AAD-S","Ἐκδίκησόν","Ἐκδίκησόν","ἐκδίκησον","ἐκδικέω"
42,18,03,"RP","AS","με","με","με","ἐγώ"
42,18,03,"P",NULL,"ἀπὸ","ἀπὸ","ἀπό","ἀπό"
42,18,03,"RA","GSM","τοῦ","τοῦ","τοῦ","ὁ"
42,18,03,"N","GSM","ἀντιδίκου","ἀντιδίκου","ἀντιδίκου","ἀντίδικος"
42,18,03,"RP","GS","μου.","μου","μου","ἐγώ"
42,18,04,"C",NULL,"καὶ","καὶ","καί","καί"
42,18,04,"D",NULL,"οὐκ","οὐκ","οὐ","οὐ"
42,18,04,"V","3IAI-S","⸀ἤθελεν","ἤθελεν","ἤθελε(ν)","θέλω"
42,18,04,"P",NULL,"ἐπὶ","ἐπὶ","ἐπί","ἐπί"
42,18,04,"N","ASM","χρόνον,","χρόνον","χρόνον","χρόνος"
42,18,04,"P",NULL,"μετὰ","μετὰ","μετά","μετά"
42,18,04,"RD","APN","⸂ταῦτα","ταῦτα","ταῦτα","οὗτος"
42,18,04,"C",NULL,"δὲ⸃","δὲ","δέ","δέ"
42,18,04,"V","3AAI-S","εἶπεν","εἶπεν","εἶπε(ν)","λέγω"
42,18,04,"P",NULL,"ἐν","ἐν","ἐν","ἐν"
42,18,04,"RP","DSM","ἑαυτῷ·","ἑαυτῷ","ἑαυτῷ","ἑαυτοῦ"
42,18,04,"C",NULL,"Εἰ","Εἰ","εἰ","εἰ"
42,18,04,"D",NULL,"καὶ","καὶ","καί","καί"
42,18,04,"RA","ASM","τὸν","τὸν","τόν","ὁ"
42,18,04,"N","ASM","θεὸν","θεὸν","θεόν","θεός"
42,18,04,"D",NULL,"οὐ","οὐ","οὐ","οὐ"
42,18,04,"V","1PMI-S","φοβοῦμαι","φοβοῦμαι","φοβοῦμαι","φοβέομαι"
42,18,04,"C",NULL,"⸂οὐδὲ","οὐδὲ","οὐδέ","οὐδέ"
42,18,04,"N","ASM","ἄνθρωπον⸃","ἄνθρωπον","ἄνθρωπον","ἄνθρωπος"
42,18,04,"V","1PPI-S","ἐντρέπομαι,","ἐντρέπομαι","ἐντρέπομαι","ἐντρέπω"
42,18,05,"P",NULL,"διά","διά","διά","διά"
42,18,05,"X",NULL,"γε","γε","γέ","γέ"
42,18,05,"RA","ASN","τὸ","τὸ","τό","ὁ"
42,18,05,"V","PAN","παρέχειν","παρέχειν","παρέχειν","παρέχω"
42,18,05,"RP","DS","μοι","μοι","μοι","ἐγώ"
42,18,05,"N","ASM","κόπον","κόπον","κόπον","κόπος"
42,18,05,"RA","ASF","τὴν","τὴν","τήν","ὁ"
42,18,05,"A","ASF","χήραν","χήραν","χήραν","χήρα"
42,18,05,"RD","ASF","ταύτην","ταύτην","ταύτην","οὗτος"
42,18,05,"V","1FAI-S","ἐκδικήσω","ἐκδικήσω","ἐκδικήσω","ἐκδικέω"
42,18,05,"RP","ASF","αὐτήν","αὐτήν","αὐτήν","αὐτός"
42,18,05,"C",NULL,"ἵνα","ἵνα","ἵνα","ἵνα"
42,18,05,"D",NULL,"μὴ","μὴ","μή","μή"
42,18,05,"P",NULL,"εἰς","εἰς","εἰς","εἰς"
42,18,05,"N","ASN","τέλος","τέλος","τέλος","τέλος"
42,18,05,"V","PMPNSF","ἐρχομένη","ἐρχομένη","ἐρχομένη","ἔρχομαι"
42,18,05,"V","3PAS-S","ὑπωπιάζῃ","ὑπωπιάζῃ","ὑπωπιάζῃ","ὑπωπιάζω"
42,18,05,"RP","AS","με.","με","με","ἐγώ"
42,18,06,"V","3AAI-S","εἶπεν","εἶπεν","εἶπε(ν)","λέγω"
42,18,06,"C",NULL,"δὲ","δὲ","δέ","δέ"
42,18,06,"RA","NSM","ὁ","ὁ","ὁ","ὁ"
42,18,06,"N","NSM","κύριος·","κύριος","κύριος","κύριος"
42,18,06,"V","2AAD-P","Ἀκούσατε","Ἀκούσατε","ἀκούσατε","ἀκούω"
42,18,06,"RI","ASN","τί","τί","τί","τίς"
42,18,06,"RA","NSM","ὁ","ὁ","ὁ","ὁ"
42,18,06,"N","NSM","κριτὴς","κριτὴς","κριτής","κριτής"
42,18,06,"RA","GSF","τῆς","τῆς","τῆς","ὁ"
42,18,06,"N","GSF","ἀδικίας","ἀδικίας","ἀδικίας","ἀδικία"
42,18,06,"V","3PAI-S","λέγει·","λέγει","λέγει","λέγω"
42,18,07,"RA","NSM","ὁ","ὁ","ὁ","ὁ"
42,18,07,"C",NULL,"δὲ","δὲ","δέ","δέ"
42,18,07,"N","NSM","θεὸς","θεὸς","θεός","θεός"
42,18,07,"X",NULL,"οὐ","οὐ","οὐ","οὐ"
42,18,07,"X",NULL,"μὴ","μὴ","μή","μή"
42,18,07,"V","3AAS-S","ποιήσῃ","ποιήσῃ","ποιήσῃ","ποιέω"
42,18,07,"RA","ASF","τὴν","τὴν","τήν","ὁ"
42,18,07,"N","ASF","ἐκδίκησιν","ἐκδίκησιν","ἐκδίκησιν","ἐκδίκησις"
42,18,07,"RA","GPM","τῶν","τῶν","τῶν","ὁ"
42,18,07,"A","GPM","ἐκλεκτῶν","ἐκλεκτῶν","ἐκλεκτῶν","ἐκλεκτός"
42,18,07,"RP","GSM","αὐτοῦ","αὐτοῦ","αὐτοῦ","αὐτός"
42,18,07,"RA","GPM","τῶν","τῶν","τῶν","ὁ"
42,18,07,"V","PAPGPM","βοώντων","βοώντων","βοώντων","βοάω"
42,18,07,"RP","DSM","⸀αὐτῷ","αὐτῷ","αὐτῷ","αὐτός"
42,18,07,"N","GSF","ἡμέρας","ἡμέρας","ἡμέρας","ἡμέρα"
42,18,07,"C",NULL,"καὶ","καὶ","καί","καί"
42,18,07,"N","GSF","νυκτός,","νυκτός","νυκτός","νύξ"
42,18,07,"C",NULL,"καὶ","καὶ","καί","καί"
42,18,07,"V","3PAI-S","⸀μακροθυμεῖ","μακροθυμεῖ","μακροθυμεῖ","μακροθυμέω"
42,18,07,"P",NULL,"ἐπ’","ἐπ’","ἐπί","ἐπί"
42,18,07,"RP","DPM","αὐτοῖς;","αὐτοῖς","αὐτοῖς","αὐτός"
42,18,08,"V","1PAI-S","λέγω","λέγω","λέγω","λέγω"
42,18,08,"RP","DP","ὑμῖν","ὑμῖν","ὑμῖν","σύ"
42,18,08,"C",NULL,"ὅτι","ὅτι","ὅτι","ὅτι"
42,18,08,"V","3FAI-S","ποιήσει","ποιήσει","ποιήσει","ποιέω"
42,18,08,"RA","ASF","τὴν","τὴν","τήν","ὁ"
42,18,08,"N","ASF","ἐκδίκησιν","ἐκδίκησιν","ἐκδίκησιν","ἐκδίκησις"
42,18,08,"RP","GPM","αὐτῶν","αὐτῶν","αὐτῶν","αὐτός"
42,18,08,"P",NULL,"ἐν","ἐν","ἐν","ἐν"
42,18,08,"N","DSN","τάχει.","τάχει","τάχει","τάχος"
42,18,08,"C",NULL,"πλὴν","πλὴν","πλήν","πλήν"
42,18,08,"RA","NSM","ὁ","ὁ","ὁ","ὁ"
42,18,08,"N","NSM","υἱὸς","υἱὸς","υἱός","υἱός"
42,18,08,"RA","GSM","τοῦ","τοῦ","τοῦ","ὁ"
42,18,08,"N","GSM","ἀνθρώπου","ἀνθρώπου","ἀνθρώπου","ἄνθρωπος"
42,18,08,"V","AAPNSM","ἐλθὼν","ἐλθὼν","ἐλθών","ἔρχομαι"
42,18,08,"X",NULL,"ἆρα","ἆρα","ἆρα","ἆρα"
42,18,08,"V","3FAI-S","εὑρήσει","εὑρήσει","εὑρήσει","εὑρίσκω"
42,18,08,"RA","ASF","τὴν","τὴν","τήν","ὁ"
42,18,08,"N","ASF","πίστιν","πίστιν","πίστιν","πίστις"
42,18,08,"P",NULL,"ἐπὶ","ἐπὶ","ἐπί","ἐπί"
42,18,08,"RA","GSF","τῆς","τῆς","τῆς","ὁ"
42,18,08,"N","GSF","γῆς;","γῆς","γῆς","γῆ"
42,18,09,"V","3AAI-S","Εἶπεν","Εἶπεν","εἶπε(ν)","λέγω"
42,18,09,"C",NULL,"δὲ","δὲ","δέ","δέ"
42,18,09,"D",NULL,"⸀καὶ","καὶ","καί","καί"
42,18,09,"P",NULL,"πρός","πρός","πρός","πρός"
42,18,09,"RI","APM","τινας","τινας","τινάς","τις"
42,18,09,"RA","APM","τοὺς","τοὺς","τούς","ὁ"
42,18,09,"V","XAPAPM","πεποιθότας","πεποιθότας","πεποιθότας","πείθω"
42,18,09,"P",NULL,"ἐφ’","ἐφ’","ἐπί","ἐπί"
42,18,09,"RP","DPM","ἑαυτοῖς","ἑαυτοῖς","ἑαυτοῖς","ἑαυτοῦ"
42,18,09,"C",NULL,"ὅτι","ὅτι","ὅτι","ὅτι"
42,18,09,"V","3PAI-P","εἰσὶν","εἰσὶν","εἰσί(ν)","εἰμί"
42,18,09,"A","NPM","δίκαιοι","δίκαιοι","δίκαιοι","δίκαιος"
42,18,09,"C",NULL,"καὶ","καὶ","καί","καί"
42,18,09,"V","PAPAPM","ἐξουθενοῦντας","ἐξουθενοῦντας","ἐξουθενοῦντας","ἐξουθενέω"
42,18,09,"RA","APM","τοὺς","τοὺς","τούς","ὁ"
42,18,09,"A","APM","λοιποὺς","λοιποὺς","λοιπούς","λοιπός"
42,18,09,"RA","ASF","τὴν","τὴν","τήν","ὁ"
42,18,09,"N","ASF","παραβολὴν","παραβολὴν","παραβολήν","παραβολή"
42,18,09,"RD","ASF","ταύτην·","ταύτην","ταύτην","οὗτος"
42,18,10,"N","NPM","Ἄνθρωποι","Ἄνθρωποι","ἄνθρωποι","ἄνθρωπος"
42,18,10,"A","NPM","δύο","δύο","δύο","δύο"
42,18,10,"V","3AAI-P","ἀνέβησαν","ἀνέβησαν","ἀνέβησαν","ἀναβαίνω"
42,18,10,"P",NULL,"εἰς","εἰς","εἰς","εἰς"
42,18,10,"RA","ASN","τὸ","τὸ","τό","ὁ"
42,18,10,"A","ASN","ἱερὸν","ἱερὸν","ἱερόν","ἱερός"
42,18,10,"V","AMN","προσεύξασθαι,","προσεύξασθαι","προσεύξασθαι","προσεύχομαι"
42,18,10,"RA","NSM","⸀ὁ","ὁ","ὁ","ὁ"
42,18,10,"A","NSM","εἷς","εἷς","εἷς","εἷς"
42,18,10,"N","NSM","Φαρισαῖος","Φαρισαῖος","Φαρισαῖος","Φαρισαῖος"
42,18,10,"C",NULL,"καὶ","καὶ","καί","καί"
42,18,10,"RA","NSM","ὁ","ὁ","ὁ","ὁ"
42,18,10,"A","NSM","ἕτερος","ἕτερος","ἕτερος","ἕτερος"
42,18,10,"N","NSM","τελώνης.","τελώνης","τελώνης","τελώνης"
42,18,11,"RA","NSM","ὁ","ὁ","ὁ","ὁ"
42,18,11,"N","NSM","Φαρισαῖος","Φαρισαῖος","Φαρισαῖος","Φαρισαῖος"
42,18,11,"V","APPNSM","σταθεὶς","σταθεὶς","σταθείς","ἵστημι"
42,18,11,"P",NULL,"⸂πρὸς","πρὸς","πρός","πρός"
42,18,11,"RP","ASM","ἑαυτὸν","ἑαυτὸν","ἑαυτόν","ἑαυτοῦ"
42,18,11,"RD","APN","ταῦτα⸃","ταῦτα","ταῦτα","οὗτος"
42,18,11,"V","3IMI-S","προσηύχετο·","προσηύχετο","προσηύχετο","προσεύχομαι"
42,18,11,"RA","NSM","Ὁ","Ὁ","ὁ","ὁ"
42,18,11,"N","NSM","θεός,","θεός","θεός","θεός"
42,18,11,"V","1PAI-S","εὐχαριστῶ","εὐχαριστῶ","εὐχαριστῶ","εὐχαριστέω"
42,18,11,"RP","DS","σοι","σοι","σοι","σύ"
42,18,11,"C",NULL,"ὅτι","ὅτι","ὅτι","ὅτι"
42,18,11,"D",NULL,"οὐκ","οὐκ","οὐ","οὐ"
42,18,11,"V","1PAI-S","εἰμὶ","εἰμὶ","εἰμί","εἰμί"
42,18,11,"C",NULL,"⸀ὥσπερ","ὥσπερ","ὥσπερ","ὥσπερ"
42,18,11,"RA","NPM","οἱ","οἱ","οἱ","ὁ"
42,18,11,"A","NPM","λοιποὶ","λοιποὶ","λοιποί","λοιπός"
42,18,11,"RA","GPM","τῶν","τῶν","τῶν","ὁ"
42,18,11,"N","GPM","ἀνθρώπων,","ἀνθρώπων","ἀνθρώπων","ἄνθρωπος"
42,18,11,"A","NPM","ἅρπαγες,","ἅρπαγες","ἅρπαγες","ἅρπαξ"
42,18,11,"A","NPM","ἄδικοι,","ἄδικοι","ἄδικοι","ἄδικος"
42,18,11,"N","NPM","μοιχοί,","μοιχοί","μοιχοί","μοιχός"
42,18,11,"C",NULL,"ἢ","ἢ","ἤ","ἤ"
42,18,11,"D",NULL,"καὶ","καὶ","καί","καί"
42,18,11,"C",NULL,"ὡς","ὡς","ὡς","ὡς"
42,18,11,"RD","NSM","οὗτος","οὗτος","οὗτος","οὗτος"
42,18,11,"RA","NSM","ὁ","ὁ","ὁ","ὁ"
42,18,11,"N","NSM","τελώνης·","τελώνης","τελώνης","τελώνης"
42,18,12,"V","1PAI-S","νηστεύω","νηστεύω","νηστεύω","νηστεύω"
42,18,12,"D",NULL,"δὶς","δὶς","δίς","δίς"
42,18,12,"RA","GSN","τοῦ","τοῦ","τοῦ","ὁ"
42,18,12,"N","GSN","σαββάτου,","σαββάτου","σαββάτου","σάββατον"
42,18,12,"V","1PAI-S","⸀ἀποδεκατῶ","ἀποδεκατῶ","ἀποδεκατῶ","ἀποδεκατόω"
42,18,12,"A","APN","πάντα","πάντα","πάντα","πᾶς"
42,18,12,"RR","APN","ὅσα","ὅσα","ὅσα","ὅσος"
42,18,12,"V","1PMI-S","κτῶμαι.","κτῶμαι","κτῶμαι","κτάομαι"
42,18,13,"RA","NSM","⸂ὁ","ὁ","ὁ","ὁ"
42,18,13,"C",NULL,"δὲ⸃","δὲ","δέ","δέ"
42,18,13,"N","NSM","τελώνης","τελώνης","τελώνης","τελώνης"
42,18,13,"D",NULL,"μακρόθεν","μακρόθεν","μακρόθεν","μακρόθεν"
42,18,13,"V","XAPNSM","ἑστὼς","ἑστὼς","ἑστώς","ἵστημι"
42,18,13,"D",NULL,"οὐκ","οὐκ","οὐ","οὐ"
42,18,13,"V","3IAI-S","ἤθελεν","ἤθελεν","ἤθελε(ν)","θέλω"
42,18,13,"D",NULL,"οὐδὲ","οὐδὲ","οὐδέ","οὐδέ"
42,18,13,"RA","APM","τοὺς","τοὺς","τούς","ὁ"
42,18,13,"N","APM","ὀφθαλμοὺς","ὀφθαλμοὺς","ὀφθαλμούς","ὀφθαλμός"
42,18,13,"V","AAN","⸂ἐπᾶραι","ἐπᾶραι","ἐπᾶραι","ἐπαίρω"
42,18,13,"P",NULL,"εἰς","εἰς","εἰς","εἰς"
42,18,13,"RA","ASM","τὸν","τὸν","τόν","ὁ"
42,18,13,"N","ASM","οὐρανόν⸃,","οὐρανόν","οὐρανόν","οὐρανός"
42,18,13,"C",NULL,"ἀλλ’","ἀλλ’","ἀλλά","ἀλλά"
42,18,13,"V","3IAI-S","⸀ἔτυπτε","ἔτυπτε","ἔτυπτε(ν)","τύπτω"
42,18,13,"RA","ASN","τὸ","τὸ","τό","ὁ"
42,18,13,"N","ASN","στῆθος","στῆθος","στῆθος","στῆθος"
42,18,13,"RP","GSM","⸀αὐτοῦ","αὐτοῦ","αὐτοῦ","αὐτός"
42,18,13,"V","PAPNSM","λέγων·","λέγων","λέγων","λέγω"
42,18,13,"RA","NSM","Ὁ","Ὁ","ὁ","ὁ"
42,18,13,"N","NSM","θεός,","θεός","θεός","θεός"
42,18,13,"V","2APD-S","ἱλάσθητί","ἱλάσθητί","ἱλάσθητι","ἱλάσκομαι"
42,18,13,"RP","DS","μοι","μοι","μοι","ἐγώ"
42,18,13,"RA","DSM","τῷ","τῷ","τῷ","ὁ"
42,18,13,"A","DSM","ἁμαρτωλῷ.","ἁμαρτωλῷ","ἁμαρτωλῷ","ἁμαρτωλός"
42,18,14,"V","1PAI-S","λέγω","λέγω","λέγω","λέγω"
42,18,14,"RP","DP","ὑμῖν,","ὑμῖν","ὑμῖν","σύ"
42,18,14,"V","3AAI-S","κατέβη","κατέβη","κατέβη","καταβαίνω"
42,18,14,"RD","NSM","οὗτος","οὗτος","οὗτος","οὗτος"
42,18,14,"V","XPPNSM","δεδικαιωμένος","δεδικαιωμένος","δεδικαιωμένος","δικαιόω"
42,18,14,"P",NULL,"εἰς","εἰς","εἰς","εἰς"
42,18,14,"RA","ASM","τὸν","τὸν","τόν","ὁ"
42,18,14,"N","ASM","οἶκον","οἶκον","οἶκον","οἶκος"
42,18,14,"RP","GSM","αὐτοῦ","αὐτοῦ","αὐτοῦ","αὐτός"
42,18,14,"P",NULL,"⸂παρ’","παρ’","παρά","παρά"
42,18,14,"RD","ASM","ἐκεῖνον⸃·","ἐκεῖνον","ἐκεῖνον","ἐκεῖνος"
42,18,14,"C",NULL,"ὅτι","ὅτι","ὅτι","ὅτι"
42,18,14,"A","NSM","πᾶς","πᾶς","πᾶς","πᾶς"
42,18,14,"RA","NSM","ὁ","ὁ","ὁ","ὁ"
42,18,14,"V","PAPNSM","ὑψῶν","ὑψῶν","ὑψῶν","ὑψόω"
42,18,14,"RP","ASM","ἑαυτὸν","ἑαυτὸν","ἑαυτόν","ἑαυτοῦ"
42,18,14,"V","3FPI-S","ταπεινωθήσεται,","ταπεινωθήσεται","ταπεινωθήσεται","ταπεινόω"
42,18,14,"RA","NSM","ὁ","ὁ","ὁ","ὁ"
42,18,14,"C",NULL,"δὲ","δὲ","δέ","δέ"
42,18,14,"V","PAPNSM","ταπεινῶν","ταπεινῶν","ταπεινῶν","ταπεινόω"
42,18,14,"RP","ASM","ἑαυτὸν","ἑαυτὸν","ἑαυτόν","ἑαυτοῦ"
42,18,14,"V","3FPI-S","ὑψωθήσεται.","ὑψωθήσεται","ὑψωθήσεται","ὑψόω"
42,18,15,"V","3IAI-P","Προσέφερον","Προσέφερον","προσέφερον","προσφέρω"
42,18,15,"C",NULL,"δὲ","δὲ","δέ","δέ"
42,18,15,"RP","DSM","αὐτῷ","αὐτῷ","αὐτῷ","αὐτός"
42,18,15,"D",NULL,"καὶ","καὶ","καί","καί"
42,18,15,"RA","APN","τὰ","τὰ","τά","ὁ"
42,18,15,"N","APN","βρέφη","βρέφη","βρέφη","βρέφος"
42,18,15,"C",NULL,"ἵνα","ἵνα","ἵνα","ἵνα"
42,18,15,"RP","GPN","αὐτῶν","αὐτῶν","αὐτῶν","αὐτός"
42,18,15,"V","3PMS-S","ἅπτηται·","ἅπτηται","ἅπτηται","ἅπτω"
42,18,15,"V","AAPNPM","ἰδόντες","ἰδόντες","ἰδόντες","ὁράω"
42,18,15,"C",NULL,"δὲ","δὲ","δέ","δέ"
42,18,15,"RA","NPM","οἱ","οἱ","οἱ","ὁ"
42,18,15,"N","NPM","μαθηταὶ","μαθηταὶ","μαθηταί","μαθητής"
42,18,15,"V","3IAI-P","⸀ἐπετίμων","ἐπετίμων","ἐπετίμων","ἐπιτιμάω"
42,18,15,"RP","DPM","αὐτοῖς.","αὐτοῖς","αὐτοῖς","αὐτός"
42,18,16,"RA","NSM","ὁ","ὁ","ὁ","ὁ"
42,18,16,"C",NULL,"δὲ","δὲ","δέ","δέ"
42,18,16,"N","NSM","Ἰησοῦς","Ἰησοῦς","Ἰησοῦς","Ἰησοῦς"
42,18,16,"V","3AMI-S","⸂προσεκαλέσατο","προσεκαλέσατο","προσεκαλέσατο","προσκαλέομαι"
42,18,16,"RP","APN","αὐτὰ","αὐτὰ","αὐτά","αὐτός"
42,18,16,"V","PAPNSM","λέγων⸃·","λέγων","λέγων","λέγω"
42,18,16,"V","2AAD-P","Ἄφετε","Ἄφετε","ἄφετε","ἀφίημι"
42,18,16,"RA","APN","τὰ","τὰ","τά","ὁ"
42,18,16,"N","APN","παιδία","παιδία","παιδία","παιδίον"
42,18,16,"V","PMN","ἔρχεσθαι","ἔρχεσθαι","ἔρχεσθαι","ἔρχομαι"
42,18,16,"P",NULL,"πρός","πρός","πρός","πρός"
42,18,16,"RP","AS","με","με","με","ἐγώ"
42,18,16,"C",NULL,"καὶ","καὶ","καί","καί"
42,18,16,"D",NULL,"μὴ","μὴ","μή","μή"
42,18,16,"V","2PAD-P","κωλύετε","κωλύετε","κωλύετε","κωλύω"
42,18,16,"RP","APN","αὐτά,","αὐτά","αὐτά","αὐτός"
42,18,16,"RA","GPN","τῶν","τῶν","τῶν","ὁ"
42,18,16,"C",NULL,"γὰρ","γὰρ","γάρ","γάρ"
42,18,16,"RD","GPN","τοιούτων","τοιούτων","τοιούτων","τοιοῦτος"
42,18,16,"V","3PAI-S","ἐστὶν","ἐστὶν","ἐστί(ν)","εἰμί"
42,18,16,"RA","NSF","ἡ","ἡ","ἡ","ὁ"
42,18,16,"N","NSF","βασιλεία","βασιλεία","βασιλεία","βασιλεία"
42,18,16,"RA","GSM","τοῦ","τοῦ","τοῦ","ὁ"
42,18,16,"N","GSM","θεοῦ.","θεοῦ","θεοῦ","θεός"
42,18,17,"X",NULL,"ἀμὴν","ἀμὴν","ἀμήν","ἀμήν"
42,18,17,"V","1PAI-S","λέγω","λέγω","λέγω","λέγω"
42,18,17,"RP","DP","ὑμῖν,","ὑμῖν","ὑμῖν","σύ"
42,18,17,"RR","NSM","ὃς","ὃς","ὅς","ὅς"
42,18,17,"X",NULL,"⸀ἂν","ἂν","ἄν","ἄν"
42,18,17,"D",NULL,"μὴ","μὴ","μή","μή"
42,18,17,"V","3AMS-S","δέξηται","δέξηται","δέξηται","δέχομαι"
42,18,17,"RA","ASF","τὴν","τὴν","τήν","ὁ"
42,18,17,"N","ASF","βασιλείαν","βασιλείαν","βασιλείαν","βασιλεία"
42,18,17,"RA","GSM","τοῦ","τοῦ","τοῦ","ὁ"
42,18,17,"N","GSM","θεοῦ","θεοῦ","θεοῦ","θεός"
42,18,17,"C",NULL,"ὡς","ὡς","ὡς","ὡς"
42,18,17,"N","NSN","παιδίον,","παιδίον","παιδίον","παιδίον"
42,18,17,"D",NULL,"οὐ","οὐ","οὐ","οὐ"
42,18,17,"D",NULL,"μὴ","μὴ","μή","μή"
42,18,17,"V","3AAS-S","εἰσέλθῃ","εἰσέλθῃ","εἰσέλθῃ","εἰσέρχομαι"
42,18,17,"P",NULL,"εἰς","εἰς","εἰς","εἰς"
42,18,17,"RP","ASF","αὐτήν.","αὐτήν","αὐτήν","αὐτός"
42,18,18,"C",NULL,"Καὶ","Καὶ","καί","καί"
42,18,18,"V","3AAI-S","ἐπηρώτησέν","ἐπηρώτησέν","ἐπηρώτησε(ν)","ἐπερωτάω"
42,18,18,"RI","NSM","τις","τις","τὶς","τις"
42,18,18,"RP","ASM","αὐτὸν","αὐτὸν","αὐτόν","αὐτός"
42,18,18,"N","NSM","ἄρχων","ἄρχων","ἄρχων","ἄρχων"
42,18,18,"V","PAPNSM","λέγων·","λέγων","λέγων","λέγω"
42,18,18,"N","VSM","Διδάσκαλε","Διδάσκαλε","διδάσκαλε","διδάσκαλος"
42,18,18,"A","VSM","ἀγαθέ,","ἀγαθέ","ἀγαθέ","ἀγαθός"
42,18,18,"RI","ASN","τί","τί","τί","τίς"
42,18,18,"V","AAPNSM","ποιήσας","ποιήσας","ποιήσας","ποιέω"
42,18,18,"N","ASF","ζωὴν","ζωὴν","ζωήν","ζωή"
42,18,18,"A","ASF","αἰώνιον","αἰώνιον","αἰώνιον","αἰώνιος"
42,18,18,"V","1FAI-S","κληρονομήσω;","κληρονομήσω","κληρονομήσω","κληρονομέω"
42,18,19,"V","3AAI-S","εἶπεν","εἶπεν","εἶπε(ν)","λέγω"
42,18,19,"C",NULL,"δὲ","δὲ","δέ","δέ"
42,18,19,"RP","DSM","αὐτῷ","αὐτῷ","αὐτῷ","αὐτός"
42,18,19,"RA","NSM","ὁ","ὁ","ὁ","ὁ"
42,18,19,"N","NSM","Ἰησοῦς·","Ἰησοῦς","Ἰησοῦς","Ἰησοῦς"
42,18,19,"RI","ASN","Τί","Τί","τί","τίς"
42,18,19,"RP","AS","με","με","με","ἐγώ"
42,18,19,"V","2PAI-S","λέγεις","λέγεις","λέγεις","λέγω"
42,18,19,"A","ASM","ἀγαθόν;","ἀγαθόν","ἀγαθόν","ἀγαθός"
42,18,19,"A","NSM","οὐδεὶς","οὐδεὶς","οὐδείς","οὐδείς"
42,18,19,"A","NSM","ἀγαθὸς","ἀγαθὸς","ἀγαθός","ἀγαθός"
42,18,19,"C",NULL,"εἰ","εἰ","εἰ","εἰ"
42,18,19,"D",NULL,"μὴ","μὴ","μή","μή"
42,18,19,"A","NSM","εἷς","εἷς","εἷς","εἷς"
42,18,19,"RA","NSM","ὁ","ὁ","ὁ","ὁ"
42,18,19,"N","NSM","θεός.","θεός","θεός","θεός"
42,18,20,"RA","APF","τὰς","τὰς","τάς","ὁ"
42,18,20,"N","APF","ἐντολὰς","ἐντολὰς","ἐντολάς","ἐντολή"
42,18,20,"V","2XAI-S","οἶδας·","οἶδας","οἶδας","οἶδα"
42,18,20,"D",NULL,"Μὴ","Μὴ","μή","μή"
42,18,20,"V","2AAS-S","μοιχεύσῃς,","μοιχεύσῃς","μοιχεύσῃς","μοιχεύω"
42,18,20,"D",NULL,"Μὴ","Μὴ","μή","μή"
42,18,20,"V","2AAS-S","φονεύσῃς,","φονεύσῃς","φονεύσῃς","φονεύω"
42,18,20,"D",NULL,"Μὴ","Μὴ","μή","μή"
42,18,20,"V","2AAS-S","κλέψῃς,","κλέψῃς","κλέψῃς","κλέπτω"
42,18,20,"D",NULL,"Μὴ","Μὴ","μή","μή"
42,18,20,"V","2AAS-S","ψευδομαρτυρήσῃς,","ψευδομαρτυρήσῃς","ψευδομαρτυρήσῃς","ψευδομαρτυρέω"
42,18,20,"V","2PAD-S","Τίμα","Τίμα","τίμα","τιμάω"
42,18,20,"RA","ASM","τὸν","τὸν","τόν","ὁ"
42,18,20,"N","ASM","πατέρα","πατέρα","πατέρα","πατήρ"
42,18,20,"RP","GS","σου","σου","σου","σύ"
42,18,20,"C",NULL,"καὶ","καὶ","καί","καί"
42,18,20,"RA","ASF","τὴν","τὴν","τήν","ὁ"
42,18,20,"N","ASF","⸀μητέρα.","μητέρα","μητέρα","μήτηρ"
42,18,21,"RA","NSM","ὁ","ὁ","ὁ","ὁ"
42,18,21,"C",NULL,"δὲ","δὲ","δέ","δέ"
42,18,21,"V","3AAI-S","εἶπεν·","εἶπεν","εἶπε(ν)","λέγω"
42,18,21,"RD","APN","Ταῦτα","Ταῦτα","ταῦτα","οὗτος"
42,18,21,"A","APN","πάντα","πάντα","πάντα","πᾶς"
42,18,21,"V","1AAI-S","⸀ἐφύλαξα","ἐφύλαξα","ἐφύλαξα","φυλάσσω"
42,18,21,"P",NULL,"ἐκ","ἐκ","ἐκ","ἐκ"
42,18,21,"N","GSF","νεότητος","νεότητος","νεότητος","νεότης"
42,18,21,"RP","GS","⸀μου.","μου","μου","ἐγώ"
42,18,22,"V","AAPNSM","ἀκούσας","ἀκούσας","ἀκούσας","ἀκούω"
42,18,22,"C",NULL,"⸀δὲ","δὲ","δέ","δέ"
42,18,22,"RA","NSM","ὁ","ὁ","ὁ","ὁ"
42,18,22,"N","NSM","Ἰησοῦς","Ἰησοῦς","Ἰησοῦς","Ἰησοῦς"
42,18,22,"V","3AAI-S","εἶπεν","εἶπεν","εἶπε(ν)","λέγω"
42,18,22,"RP","DSM","αὐτῷ·","αὐτῷ","αὐτῷ","αὐτός"
42,18,22,"D",NULL,"Ἔτι","Ἔτι","ἔτι","ἔτι"
42,18,22,"A","NSN","ἕν","ἕν","ἕν","εἷς"
42,18,22,"RP","DS","σοι","σοι","σοι","σύ"
42,18,22,"V","3PAI-S","λείπει·","λείπει","λείπει","λείπω"
42,18,22,"A","APN","πάντα","πάντα","πάντα","πᾶς"
42,18,22,"RR","APN","ὅσα","ὅσα","ὅσα","ὅσος"
42,18,22,"V","2PAI-S","ἔχεις","ἔχεις","ἔχεις","ἔχω"
42,18,22,"V","2AAD-S","πώλησον","πώλησον","πώλησον","πωλέω"
42,18,22,"C",NULL,"καὶ","καὶ","καί","καί"
42,18,22,"V","2AAD-S","διάδος","διάδος","διάδος","διαδίδωμι"
42,18,22,"A","DPM","πτωχοῖς,","πτωχοῖς","πτωχοῖς","πτωχός"
42,18,22,"C",NULL,"καὶ","καὶ","καί","καί"
42,18,22,"V","2FAI-S","ἕξεις","ἕξεις","ἕξεις","ἔχω"
42,18,22,"N","ASM","θησαυρὸν","θησαυρὸν","θησαυρόν","θησαυρός"
42,18,22,"P",NULL,"ἐν","ἐν","ἐν","ἐν"
42,18,22,"N","DPM","⸀οὐρανοῖς,","οὐρανοῖς","οὐρανοῖς","οὐρανός"
42,18,22,"C",NULL,"καὶ","καὶ","καί","καί"
42,18,22,"D",NULL,"δεῦρο","δεῦρο","δεῦρο","δεῦρο"
42,18,22,"V","2PAD-S","ἀκολούθει","ἀκολούθει","ἀκολούθει","ἀκολουθέω"
42,18,22,"RP","DS","μοι.","μοι","μοι","ἐγώ"
42,18,23,"RA","NSM","ὁ","ὁ","ὁ","ὁ"
42,18,23,"C",NULL,"δὲ","δὲ","δέ","δέ"
42,18,23,"V","AAPNSM","ἀκούσας","ἀκούσας","ἀκούσας","ἀκούω"
42,18,23,"RD","APN","ταῦτα","ταῦτα","ταῦτα","οὗτος"
42,18,23,"A","NSM","περίλυπος","περίλυπος","περίλυπος","περίλυπος"
42,18,23,"V","3API-S","⸀ἐγενήθη,","ἐγενήθη","ἐγενήθη","γίνομαι"
42,18,23,"V","3IAI-S","ἦν","ἦν","ἦν","εἰμί"
42,18,23,"C",NULL,"γὰρ","γὰρ","γάρ","γάρ"
42,18,23,"A","NSM","πλούσιος","πλούσιος","πλούσιος","πλούσιος"
42,18,23,"D",NULL,"σφόδρα.","σφόδρα","σφόδρα","σφόδρα"
42,18,24,"V","AAPNSM","Ἰδὼν","Ἰδὼν","ἰδών","ὁράω"
42,18,24,"C",NULL,"δὲ","δὲ","δέ","δέ"
42,18,24,"RP","ASM","αὐτὸν","αὐτὸν","αὐτόν","αὐτός"
42,18,24,"RA","NSM","ὁ","ὁ","ὁ","ὁ"
42,18,24,"N","NSM","⸀Ἰησοῦς","Ἰησοῦς","Ἰησοῦς","Ἰησοῦς"
42,18,24,"V","3AAI-S","εἶπεν·","εἶπεν","εἶπε(ν)","λέγω"
42,18,24,"D",NULL,"Πῶς","Πῶς","πῶς","πῶς"
42,18,24,"D",NULL,"δυσκόλως","δυσκόλως","δυσκόλως","δυσκόλως"
42,18,24,"RA","NPM","οἱ","οἱ","οἱ","ὁ"
42,18,24,"RA","APN","τὰ","τὰ","τά","ὁ"
42,18,24,"N","APN","χρήματα","χρήματα","χρήματα","χρῆμα"
42,18,24,"V","PAPNPM","ἔχοντες","ἔχοντες","ἔχοντες","ἔχω"
42,18,24,"P",NULL,"⸂εἰς","εἰς","εἰς","εἰς"
42,18,24,"RA","ASF","τὴν","τὴν","τήν","ὁ"
42,18,24,"N","ASF","βασιλείαν","βασιλείαν","βασιλείαν","βασιλεία"
42,18,24,"RA","GSM","τοῦ","τοῦ","τοῦ","ὁ"
42,18,24,"N","GSM","θεοῦ","θεοῦ","θεοῦ","θεός"
42,18,24,"V","3PMI-P","εἰσπορεύονται⸃·","εἰσπορεύονται","εἰσπορεύονται","εἰσπορεύομαι"
42,18,25,"A","NSNC","εὐκοπώτερον","εὐκοπώτερον","εὐκοπώτερον","εὐκοπώτερος"
42,18,25,"C",NULL,"γάρ","γάρ","γάρ","γάρ"
42,18,25,"V","3PAI-S","ἐστιν","ἐστιν","ἐστί(ν)","εἰμί"
42,18,25,"N","ASF","κάμηλον","κάμηλον","κάμηλον","κάμηλος"
42,18,25,"P",NULL,"διὰ","διὰ","διά","διά"
42,18,25,"N","GSN","⸂τρήματος","τρήματος","τρήματος","τρῆμα"
42,18,25,"N","GSF","βελόνης⸃","βελόνης","βελόνης","βελόνη"
42,18,25,"V","AAN","εἰσελθεῖν","εἰσελθεῖν","εἰσελθεῖν","εἰσέρχομαι"
42,18,25,"C",NULL,"ἢ","ἢ","ἤ","ἤ"
42,18,25,"A","ASM","πλούσιον","πλούσιον","πλούσιον","πλούσιος"
42,18,25,"P",NULL,"εἰς","εἰς","εἰς","εἰς"
42,18,25,"RA","ASF","τὴν","τὴν","τήν","ὁ"
42,18,25,"N","ASF","βασιλείαν","βασιλείαν","βασιλείαν","βασιλεία"
42,18,25,"RA","GSM","τοῦ","τοῦ","τοῦ","ὁ"
42,18,25,"N","GSM","θεοῦ","θεοῦ","θεοῦ","θεός"
42,18,25,"V","AAN","εἰσελθεῖν.","εἰσελθεῖν","εἰσελθεῖν","εἰσέρχομαι"
42,18,26,"V","3AAI-P","Εἶπαν","Εἶπαν","εἶπαν","λέγω"
42,18,26,"C",NULL,"δὲ","δὲ","δέ","δέ"
42,18,26,"RA","NPM","οἱ","οἱ","οἱ","ὁ"
42,18,26,"V","AAPNPM","ἀκούσαντες·","ἀκούσαντες","ἀκούσαντες","ἀκούω"
42,18,26,"C",NULL,"Καὶ","Καὶ","καί","καί"
42,18,26,"RI","NSM","τίς","τίς","τίς","τίς"
42,18,26,"V","3PMI-S","δύναται","δύναται","δύναται","δύναμαι"
42,18,26,"V","APN","σωθῆναι;","σωθῆναι","σωθῆναι","σῴζω"
42,18,27,"RA","NSM","ὁ","ὁ","ὁ","ὁ"
42,18,27,"C",NULL,"δὲ","δὲ","δέ","δέ"
42,18,27,"V","3AAI-S","εἶπεν·","εἶπεν","εἶπε(ν)","λέγω"
42,18,27,"RA","NPN","Τὰ","Τὰ","τά","ὁ"
42,18,27,"A","NPN","ἀδύνατα","ἀδύνατα","ἀδύνατα","ἀδύνατος"
42,18,27,"P",NULL,"παρὰ","παρὰ","παρά","παρά"
42,18,27,"N","DPM","ἀνθρώποις","ἀνθρώποις","ἀνθρώποις","ἄνθρωπος"
42,18,27,"A","NPN","δυνατὰ","δυνατὰ","δυνατά","δυνατός"
42,18,27,"P",NULL,"⸂παρὰ","παρὰ","παρά","παρά"
42,18,27,"RA","DSM","τῷ","τῷ","τῷ","ὁ"
42,18,27,"N","DSM","θεῷ","θεῷ","θεῷ","θεός"
42,18,27,"V","3PAI-S","ἐστιν⸃.","ἐστιν","ἐστί(ν)","εἰμί"
42,18,28,"V","3AAI-S","Εἶπεν","Εἶπεν","εἶπε(ν)","λέγω"
42,18,28,"C",NULL,"δὲ","δὲ","δέ","δέ"
42,18,28,"RA","NSM","⸀ὁ","ὁ","ὁ","ὁ"
42,18,28,"N","NSM","Πέτρος·","Πέτρος","Πέτρος","Πέτρος"
42,18,28,"X",NULL,"Ἰδοὺ","Ἰδοὺ","ἰδού","ἰδού"
42,18,28,"RP","NP","ἡμεῖς","ἡμεῖς","ἡμεῖς","ἐγώ"
42,18,28,"V","AAPNPM","⸂ἀφέντες","ἀφέντες","ἀφέντες","ἀφίημι"
42,18,28,"RA","APN","τὰ","τὰ","τά","ὁ"
42,18,28,"A","APN","ἴδια⸃","ἴδια","ἴδια","ἴδιος"
42,18,28,"V","1AAI-P","ἠκολουθήσαμέν","ἠκολουθήσαμέν","ἠκολουθήσαμεν","ἀκολουθέω"
42,18,28,"RP","DS","σοι.","σοι","σοι","σύ"
42,18,29,"RA","NSM","ὁ","ὁ","ὁ","ὁ"
42,18,29,"C",NULL,"δὲ","δὲ","δέ","δέ"
42,18,29,"V","3AAI-S","εἶπεν","εἶπεν","εἶπε(ν)","λέγω"
42,18,29,"RP","DPM","αὐτοῖς·","αὐτοῖς","αὐτοῖς","αὐτός"
42,18,29,"X",NULL,"Ἀμὴν","Ἀμὴν","ἀμήν","ἀμήν"
42,18,29,"V","1PAI-S","λέγω","λέγω","λέγω","λέγω"
42,18,29,"RP","DP","ὑμῖν","ὑμῖν","ὑμῖν","σύ"
42,18,29,"C",NULL,"ὅτι","ὅτι","ὅτι","ὅτι"
42,18,29,"A","NSM","οὐδείς","οὐδείς","οὐδείς","οὐδείς"
42,18,29,"V","3PAI-S","ἐστιν","ἐστιν","ἐστί(ν)","εἰμί"
42,18,29,"RR","NSM","ὃς","ὃς","ὅς","ὅς"
42,18,29,"V","3AAI-S","ἀφῆκεν","ἀφῆκεν","ἀφῆκε(ν)","ἀφίημι"
42,18,29,"N","ASF","οἰκίαν","οἰκίαν","οἰκίαν","οἰκία"
42,18,29,"C",NULL,"ἢ","ἢ","ἤ","ἤ"
42,18,29,"N","ASF","⸂γυναῖκα","γυναῖκα","γυναῖκα","γυνή"
42,18,29,"C",NULL,"ἢ","ἢ","ἤ","ἤ"
42,18,29,"N","APM","ἀδελφοὺς","ἀδελφοὺς","ἀδελφούς","ἀδελφός"
42,18,29,"C",NULL,"ἢ","ἢ","ἤ","ἤ"
42,18,29,"N","APM","γονεῖς⸃","γονεῖς","γονεῖς","γονεύς"
42,18,29,"C",NULL,"ἢ","ἢ","ἤ","ἤ"
42,18,29,"N","APN","τέκνα","τέκνα","τέκνα","τέκνον"
42,18,29,"P",NULL,"ἕνεκεν","ἕνεκεν","ἕνεκεν","ἕνεκεν"
42,18,29,"RA","GSF","τῆς","τῆς","τῆς","ὁ"
42,18,29,"N","GSF","βασιλείας","βασιλείας","βασιλείας","βασιλεία"
42,18,29,"RA","GSM","τοῦ","τοῦ","τοῦ","ὁ"
42,18,29,"N","GSM","θεοῦ,","θεοῦ","θεοῦ","θεός"
42,18,30,"RR","NSM","ὃς","ὃς","ὅς","ὅς"
42,18,30,"D",NULL,"⸀οὐχὶ","οὐχὶ","οὐχί","οὐχί"
42,18,30,"D",NULL,"μὴ","μὴ","μή","μή"
42,18,30,"V","3AAS-S","⸀ἀπολάβῃ","ἀπολάβῃ","ἀπολάβῃ","ἀπολαμβάνω"
42,18,30,"A","APN","πολλαπλασίονα","πολλαπλασίονα","πολλαπλασίονα","πολλαπλασίων"
42,18,30,"P",NULL,"ἐν","ἐν","ἐν","ἐν"
42,18,30,"RA","DSM","τῷ","τῷ","τῷ","ὁ"
42,18,30,"N","DSM","καιρῷ","καιρῷ","καιρῷ","καιρός"
42,18,30,"RD","DSM","τούτῳ","τούτῳ","τούτῳ","οὗτος"
42,18,30,"C",NULL,"καὶ","καὶ","καί","καί"
42,18,30,"P",NULL,"ἐν","ἐν","ἐν","ἐν"
42,18,30,"RA","DSM","τῷ","τῷ","τῷ","ὁ"
42,18,30,"N","DSM","αἰῶνι","αἰῶνι","αἰῶνι","αἰών"
42,18,30,"RA","DSM","τῷ","τῷ","τῷ","ὁ"
42,18,30,"V","PMPDSM","ἐρχομένῳ","ἐρχομένῳ","ἐρχομένῳ","ἔρχομαι"
42,18,30,"N","ASF","ζωὴν","ζωὴν","ζωήν","ζωή"
42,18,30,"A","ASF","αἰώνιον.","αἰώνιον","αἰώνιον","αἰώνιος"
42,18,31,"V","AAPNSM","Παραλαβὼν","Παραλαβὼν","παραλαβών","παραλαμβάνω"
42,18,31,"C",NULL,"δὲ","δὲ","δέ","δέ"
42,18,31,"RA","APM","τοὺς","τοὺς","τούς","ὁ"
42,18,31,"A","APM","δώδεκα","δώδεκα","δώδεκα","δώδεκα"
42,18,31,"V","3AAI-S","εἶπεν","εἶπεν","εἶπε(ν)","λέγω"
42,18,31,"P",NULL,"πρὸς","πρὸς","πρός","πρός"
42,18,31,"RP","APM","αὐτούς·","αὐτούς","αὐτούς","αὐτός"
42,18,31,"X",NULL,"Ἰδοὺ","Ἰδοὺ","ἰδού","ἰδού"
42,18,31,"V","1PAI-P","ἀναβαίνομεν","ἀναβαίνομεν","ἀναβαίνομεν","ἀναβαίνω"
42,18,31,"P",NULL,"εἰς","εἰς","εἰς","εἰς"
42,18,31,"N","ASF","⸀Ἰερουσαλήμ,","Ἰερουσαλήμ","Ἰερουσαλήμ","Ἰερουσαλήμ"
42,18,31,"C",NULL,"καὶ","καὶ","καί","καί"
42,18,31,"V","3FPI-S","τελεσθήσεται","τελεσθήσεται","τελεσθήσεται","τελέω"
42,18,31,"A","NPN","πάντα","πάντα","πάντα","πᾶς"
42,18,31,"RA","NPN","τὰ","τὰ","τά","ὁ"
42,18,31,"V","XPPNPN","γεγραμμένα","γεγραμμένα","γεγραμμένα","γράφω"
42,18,31,"P",NULL,"διὰ","διὰ","διά","διά"
42,18,31,"RA","GPM","τῶν","τῶν","τῶν","ὁ"
42,18,31,"N","GPM","προφητῶν","προφητῶν","προφητῶν","προφήτης"
42,18,31,"RA","DSM","τῷ","τῷ","τῷ","ὁ"
42,18,31,"N","DSM","υἱῷ","υἱῷ","υἱῷ","υἱός"
42,18,31,"RA","GSM","τοῦ","τοῦ","τοῦ","ὁ"
42,18,31,"N","GSM","ἀνθρώπου·","ἀνθρώπου","ἀνθρώπου","ἄνθρωπος"
42,18,32,"V","3FPI-S","παραδοθήσεται","παραδοθήσεται","παραδοθήσεται","παραδίδωμι"
42,18,32,"C",NULL,"γὰρ","γὰρ","γάρ","γάρ"
42,18,32,"RA","DPN","τοῖς","τοῖς","τοῖς","ὁ"
42,18,32,"N","DPN","ἔθνεσιν","ἔθνεσιν","ἔθνεσι(ν)","ἔθνος"
42,18,32,"C",NULL,"καὶ","καὶ","καί","καί"
42,18,32,"V","3FPI-S","ἐμπαιχθήσεται","ἐμπαιχθήσεται","ἐμπαιχθήσεται","ἐμπαίζω"
42,18,32,"C",NULL,"καὶ","καὶ","καί","καί"
42,18,32,"V","3FPI-S","ὑβρισθήσεται","ὑβρισθήσεται","ὑβρισθήσεται","ὑβρίζω"
42,18,32,"C",NULL,"καὶ","καὶ","καί","καί"
42,18,32,"V","3FPI-S","ἐμπτυσθήσεται,","ἐμπτυσθήσεται","ἐμπτυσθήσεται","ἐμπτύω"
42,18,33,"C",NULL,"καὶ","καὶ","καί","καί"
42,18,33,"V","AAPNPM","μαστιγώσαντες","μαστιγώσαντες","μαστιγώσαντες","μαστιγόω"
42,18,33,"V","3FAI-P","ἀποκτενοῦσιν","ἀποκτενοῦσιν","ἀποκτενοῦσι(ν)","ἀποκτείνω"
42,18,33,"RP","ASM","αὐτόν,","αὐτόν","αὐτόν","αὐτός"
42,18,33,"C",NULL,"καὶ","καὶ","καί","καί"
42,18,33,"RA","DSF","τῇ","τῇ","τῇ","ὁ"
42,18,33,"N","DSF","ἡμέρᾳ","ἡμέρᾳ","ἡμέρᾳ","ἡμέρα"
42,18,33,"RA","DSF","τῇ","τῇ","τῇ","ὁ"
42,18,33,"A","DSF","τρίτῃ","τρίτῃ","τρίτῃ","τρίτος"
42,18,33,"V","3FMI-S","ἀναστήσεται.","ἀναστήσεται","ἀναστήσεται","ἀνίστημι"
42,18,34,"C",NULL,"καὶ","καὶ","καί","καί"
42,18,34,"RP","NPM","αὐτοὶ","αὐτοὶ","αὐτοί","αὐτός"
42,18,34,"A","ASN","οὐδὲν","οὐδὲν","οὐδέν","οὐδείς"
42,18,34,"RD","GPN","τούτων","τούτων","τούτων","οὗτος"
42,18,34,"V","3AAI-P","συνῆκαν,","συνῆκαν","συνῆκαν","συνίημι"
42,18,34,"C",NULL,"καὶ","καὶ","καί","καί"
42,18,34,"V","3IAI-S","ἦν","ἦν","ἦν","εἰμί"
42,18,34,"RA","NSN","τὸ","τὸ","τό","ὁ"
42,18,34,"N","NSN","ῥῆμα","ῥῆμα","ῥῆμα","ῥῆμα"
42,18,34,"RD","NSN","τοῦτο","τοῦτο","τοῦτο","οὗτος"
42,18,34,"V","XPPNSN","κεκρυμμένον","κεκρυμμένον","κεκρυμμένον","κρύπτω"
42,18,34,"P",NULL,"ἀπ’","ἀπ’","ἀπό","ἀπό"
42,18,34,"RP","GPM","αὐτῶν,","αὐτῶν","αὐτῶν","αὐτός"
42,18,34,"C",NULL,"καὶ","καὶ","καί","καί"
42,18,34,"D",NULL,"οὐκ","οὐκ","οὐ","οὐ"
42,18,34,"V","3IAI-P","ἐγίνωσκον","ἐγίνωσκον","ἐγίνωσκον","γινώσκω"
42,18,34,"RA","APN","τὰ","τὰ","τά","ὁ"
42,18,34,"V","PPPAPN","λεγόμενα.","λεγόμενα","λεγόμενα","λέγω"
42,18,35,"V","3AMI-S","Ἐγένετο","Ἐγένετο","ἐγένετο","γίνομαι"
42,18,35,"C",NULL,"δὲ","δὲ","δέ","δέ"
42,18,35,"P",NULL,"ἐν","ἐν","ἐν","ἐν"
42,18,35,"RA","DSN","τῷ","τῷ","τῷ","ὁ"
42,18,35,"V","PAN","ἐγγίζειν","ἐγγίζειν","ἐγγίζειν","ἐγγίζω"
42,18,35,"RP","ASM","αὐτὸν","αὐτὸν","αὐτόν","αὐτός"
42,18,35,"P",NULL,"εἰς","εἰς","εἰς","εἰς"
42,18,35,"N","ASF","Ἰεριχὼ","Ἰεριχὼ","Ἰεριχώ","Ἰεριχώ"
42,18,35,"A","NSM","τυφλός","τυφλός","τυφλός","τυφλός"
42,18,35,"RI","NSM","τις","τις","τὶς","τις"
42,18,35,"V","3IMI-S","ἐκάθητο","ἐκάθητο","ἐκάθητο","κάθημαι"
42,18,35,"P",NULL,"παρὰ","παρὰ","παρά","παρά"
42,18,35,"RA","ASF","τὴν","τὴν","τήν","ὁ"
42,18,35,"N","ASF","ὁδὸν","ὁδὸν","ὁδόν","ὁδός"
42,18,35,"V","PAPNSM","⸀ἐπαιτῶν.","ἐπαιτῶν","ἐπαιτῶν","ἐπαιτέω"
42,18,36,"V","AAPNSM","ἀκούσας","ἀκούσας","ἀκούσας","ἀκούω"
42,18,36,"C",NULL,"δὲ","δὲ","δέ","δέ"
42,18,36,"N","GSM","ὄχλου","ὄχλου","ὄχλου","ὄχλος"
42,18,36,"V","PMPGSM","διαπορευομένου","διαπορευομένου","διαπορευομένου","διαπορεύομαι"
42,18,36,"V","3IMI-S","ἐπυνθάνετο","ἐπυνθάνετο","ἐπυνθάνετο","πυνθάνομαι"
42,18,36,"RI","NSN","⸀τί","τί","τί","τίς"
42,18,36,"V","3PAO-S","εἴη","εἴη","εἴη","εἰμί"
42,18,36,"RD","NSN","τοῦτο·","τοῦτο","τοῦτο","οὗτος"
42,18,37,"V","3AAI-P","ἀπήγγειλαν","ἀπήγγειλαν","ἀπήγγειλαν","ἀπαγγέλλω"
42,18,37,"C",NULL,"δὲ","δὲ","δέ","δέ"
42,18,37,"RP","DSM","αὐτῷ","αὐτῷ","αὐτῷ","αὐτός"
42,18,37,"C",NULL,"ὅτι","ὅτι","ὅτι","ὅτι"
42,18,37,"N","NSM","Ἰησοῦς","Ἰησοῦς","Ἰησοῦς","Ἰησοῦς"
42,18,37,"RA","NSM","ὁ","ὁ","ὁ","ὁ"
42,18,37,"N","NSM","Ναζωραῖος","Ναζωραῖος","Ναζωραῖος","Ναζωραῖος"
42,18,37,"V","3PMI-S","παρέρχεται.","παρέρχεται","παρέρχεται","παρέρχομαι"
42,18,38,"C",NULL,"καὶ","καὶ","καί","καί"
42,18,38,"V","3AAI-S","ἐβόησεν","ἐβόησεν","ἐβόησε(ν)","βοάω"
42,18,38,"V","PAPNSM","λέγων·","λέγων","λέγων","λέγω"
42,18,38,"N","VSM","Ἰησοῦ","Ἰησοῦ","Ἰησοῦ","Ἰησοῦς"
42,18,38,"N","VSM","υἱὲ","υἱὲ","υἱέ","υἱός"
42,18,38,"N","GSM","Δαυίδ,","Δαυίδ","Δαυίδ","Δαυίδ"
42,18,38,"V","2AAD-S","ἐλέησόν","ἐλέησόν","ἐλέησον","ἐλεάω"
42,18,38,"RP","AS","με.","με","με","ἐγώ"
42,18,39,"C",NULL,"καὶ","καὶ","καί","καί"
42,18,39,"RA","NPM","οἱ","οἱ","οἱ","ὁ"
42,18,39,"V","PAPNPM","προάγοντες","προάγοντες","προάγοντες","προάγω"
42,18,39,"V","3IAI-P","ἐπετίμων","ἐπετίμων","ἐπετίμων","ἐπιτιμάω"
42,18,39,"RP","DSM","αὐτῷ","αὐτῷ","αὐτῷ","αὐτός"
42,18,39,"C",NULL,"ἵνα","ἵνα","ἵνα","ἵνα"
42,18,39,"V","3AAS-S","⸀σιγήσῃ·","σιγήσῃ","σιγήσῃ","σιγάω"
42,18,39,"RP","NSM","αὐτὸς","αὐτὸς","αὐτός","αὐτός"
42,18,39,"C",NULL,"δὲ","δὲ","δέ","δέ"
42,18,39,"A","DSN","πολλῷ","πολλῷ","πολλῷ","πολύς"
42,18,39,"D",NULL,"μᾶλλον","μᾶλλον","μᾶλλον","μᾶλλον"
42,18,39,"V","3IAI-S","ἔκραζεν·","ἔκραζεν","ἔκραζε(ν)","κράζω"
42,18,39,"N","VSM","Υἱὲ","Υἱὲ","υἱέ","υἱός"
42,18,39,"N","GSM","Δαυίδ,","Δαυίδ","Δαυίδ","Δαυίδ"
42,18,39,"V","2AAD-S","ἐλέησόν","ἐλέησόν","ἐλέησον","ἐλεάω"
42,18,39,"RP","AS","με.","με","με","ἐγώ"
42,18,40,"V","APPNSM","σταθεὶς","σταθεὶς","σταθείς","ἵστημι"
42,18,40,"C",NULL,"δὲ","δὲ","δέ","δέ"
42,18,40,"RA","NSM","⸀ὁ","ὁ","ὁ","ὁ"
42,18,40,"N","NSM","Ἰησοῦς","Ἰησοῦς","Ἰησοῦς","Ἰησοῦς"
42,18,40,"V","3AAI-S","ἐκέλευσεν","ἐκέλευσεν","ἐκέλευσε(ν)","κελεύω"
42,18,40,"RP","ASM","αὐτὸν","αὐτὸν","αὐτόν","αὐτός"
42,18,40,"V","APN","ἀχθῆναι","ἀχθῆναι","ἀχθῆναι","ἄγω"
42,18,40,"P",NULL,"πρὸς","πρὸς","πρός","πρός"
42,18,40,"RP","ASM","αὐτόν.","αὐτόν","αὐτόν","αὐτός"
42,18,40,"V","AAPGSM","ἐγγίσαντος","ἐγγίσαντος","ἐγγίσαντος","ἐγγίζω"
42,18,40,"C",NULL,"δὲ","δὲ","δέ","δέ"
42,18,40,"RP","GSM","αὐτοῦ","αὐτοῦ","αὐτοῦ","αὐτός"
42,18,40,"V","3AAI-S","ἐπηρώτησεν","ἐπηρώτησεν","ἐπηρώτησε(ν)","ἐπερωτάω"
42,18,40,"RP","ASM","αὐτόν·","αὐτόν","αὐτόν","αὐτός"
42,18,41,"RI","ASN","⸀Τί","Τί","τί","τίς"
42,18,41,"RP","DS","σοι","σοι","σοι","σύ"
42,18,41,"V","2PAI-S","θέλεις","θέλεις","θέλεις","θέλω"
42,18,41,"V","1AAS-S","ποιήσω;","ποιήσω","ποιήσω","ποιέω"
42,18,41,"RA","NSM","ὁ","ὁ","ὁ","ὁ"
42,18,41,"C",NULL,"δὲ","δὲ","δέ","δέ"
42,18,41,"V","3AAI-S","εἶπεν·","εἶπεν","εἶπε(ν)","λέγω"
42,18,41,"N","VSM","Κύριε,","Κύριε","κύριε","κύριος"
42,18,41,"C",NULL,"ἵνα","ἵνα","ἵνα","ἵνα"
42,18,41,"V","1AAS-S","ἀναβλέψω.","ἀναβλέψω","ἀναβλέψω","ἀναβλέπω"
42,18,42,"C",NULL,"καὶ","καὶ","καί","καί"
42,18,42,"RA","NSM","ὁ","ὁ","ὁ","ὁ"
42,18,42,"N","NSM","Ἰησοῦς","Ἰησοῦς","Ἰησοῦς","Ἰησοῦς"
42,18,42,"V","3AAI-S","εἶπεν","εἶπεν","εἶπε(ν)","λέγω"
42,18,42,"RP","DSM","αὐτῷ·","αὐτῷ","αὐτῷ","αὐτός"
42,18,42,"V","2AAD-S","Ἀνάβλεψον·","Ἀνάβλεψον","ἀνάβλεψον","ἀναβλέπω"
42,18,42,"RA","NSF","ἡ","ἡ","ἡ","ὁ"
42,18,42,"N","NSF","πίστις","πίστις","πίστις","πίστις"
42,18,42,"RP","GS","σου","σου","σου","σύ"
42,18,42,"V","3XAI-S","σέσωκέν","σέσωκέν","σέσωκε(ν)","σῴζω"
42,18,42,"RP","AS","σε.","σε","σε","σύ"
42,18,43,"C",NULL,"καὶ","καὶ","καί","καί"
42,18,43,"D",NULL,"παραχρῆμα","παραχρῆμα","παραχρῆμα","παραχρῆμα"
42,18,43,"V","3AAI-S","ἀνέβλεψεν,","ἀνέβλεψεν","ἀνέβλεψε(ν)","ἀναβλέπω"
42,18,43,"C",NULL,"καὶ","καὶ","καί","καί"
42,18,43,"V","3IAI-S","ἠκολούθει","ἠκολούθει","ἠκολούθει","ἀκολουθέω"
42,18,43,"RP","DSM","αὐτῷ","αὐτῷ","αὐτῷ","αὐτός"
42,18,43,"V","PAPNSM","δοξάζων","δοξάζων","δοξάζων","δοξάζω"
42,18,43,"RA","ASM","τὸν","τὸν","τόν","ὁ"
42,18,43,"N","ASM","θεόν.","θεόν","θεόν","θεός"
42,18,43,"C",NULL,"καὶ","καὶ","καί","καί"
42,18,43,"A","NSM","πᾶς","πᾶς","πᾶς","πᾶς"
42,18,43,"RA","NSM","ὁ","ὁ","ὁ","ὁ"
42,18,43,"N","NSM","λαὸς","λαὸς","λαός","λαός"
42,18,43,"V","AAPNSM","ἰδὼν","ἰδὼν","ἰδών","ὁράω"
42,18,43,"V","3AAI-S","ἔδωκεν","ἔδωκεν","ἔδωκε(ν)","δίδωμι"
42,18,43,"N","ASM","αἶνον","αἶνον","αἶνον","αἶνος"
42,18,43,"RA","DSM","τῷ","τῷ","τῷ","ὁ"
42,18,43,"N","DSM","θεῷ.","θεῷ","θεῷ","θεός"
42,19,01,"C",NULL,"Καὶ","Καὶ","καί","καί"
42,19,01,"V","AAPNSM","εἰσελθὼν","εἰσελθὼν","εἰσελθών","εἰσέρχομαι"
42,19,01,"V","3IMI-S","διήρχετο","διήρχετο","διήρχετο","διέρχομαι"
42,19,01,"RA","ASF","τὴν","τὴν","τήν","ὁ"
42,19,01,"N","ASF","Ἰεριχώ.","Ἰεριχώ","Ἰεριχώ","Ἰεριχώ"
42,19,02,"C",NULL,"καὶ","καὶ","καί","καί"
42,19,02,"X",NULL,"ἰδοὺ","ἰδοὺ","ἰδού","ἰδού"
42,19,02,"N","NSM","ἀνὴρ","ἀνὴρ","ἀνήρ","ἀνήρ"
42,19,02,"N","DSN","ὀνόματι","ὀνόματι","ὀνόματι","ὄνομα"
42,19,02,"V","PPPNSM","⸀καλούμενος","καλούμενος","καλούμενος","καλέω"
42,19,02,"N","NSM","Ζακχαῖος,","Ζακχαῖος","Ζακχαῖος","Ζακχαῖος"
42,19,02,"C",NULL,"καὶ","καὶ","καί","καί"
42,19,02,"RP","NSM","αὐτὸς","αὐτὸς","αὐτός","αὐτός"
42,19,02,"V","3IAI-S","ἦν","ἦν","ἦν","εἰμί"
42,19,02,"N","NSM","ἀρχιτελώνης","ἀρχιτελώνης","ἀρχιτελώνης","ἀρχιτελώνης"
42,19,02,"C",NULL,"καὶ","καὶ","καί","καί"
42,19,02,"RP","NSM","⸀αὐτὸς","αὐτὸς","αὐτός","αὐτός"
42,19,02,"A","NSM","πλούσιος·","πλούσιος","πλούσιος","πλούσιος"
42,19,03,"C",NULL,"καὶ","καὶ","καί","καί"
42,19,03,"V","3IAI-S","ἐζήτει","ἐζήτει","ἐζήτει","ζητέω"
42,19,03,"V","AAN","ἰδεῖν","ἰδεῖν","ἰδεῖν","ὁράω"
42,19,03,"RA","ASM","τὸν","τὸν","τόν","ὁ"
42,19,03,"N","ASM","Ἰησοῦν","Ἰησοῦν","Ἰησοῦν","Ἰησοῦς"
42,19,03,"RI","NSM","τίς","τίς","τίς","τίς"
42,19,03,"V","3PAI-S","ἐστιν,","ἐστιν","ἐστί(ν)","εἰμί"
42,19,03,"C",NULL,"καὶ","καὶ","καί","καί"
42,19,03,"D",NULL,"οὐκ","οὐκ","οὐ","οὐ"
42,19,03,"V","3IMI-S","ἠδύνατο","ἠδύνατο","ἠδύνατο","δύναμαι"
42,19,03,"P",NULL,"ἀπὸ","ἀπὸ","ἀπό","ἀπό"
42,19,03,"RA","GSM","τοῦ","τοῦ","τοῦ","ὁ"
42,19,03,"N","GSM","ὄχλου","ὄχλου","ὄχλου","ὄχλος"
42,19,03,"C",NULL,"ὅτι","ὅτι","ὅτι","ὅτι"
42,19,03,"RA","DSF","τῇ","τῇ","τῇ","ὁ"
42,19,03,"N","DSF","ἡλικίᾳ","ἡλικίᾳ","ἡλικίᾳ","ἡλικία"
42,19,03,"A","NSM","μικρὸς","μικρὸς","μικρός","μικρός"
42,19,03,"V","3IAI-S","ἦν.","ἦν","ἦν","εἰμί"
42,19,04,"C",NULL,"καὶ","καὶ","καί","καί"
42,19,04,"V","AAPNSM","προδραμὼν","προδραμὼν","προδραμών","προτρέχω"
42,19,04,"P",NULL,"⸂εἰς","εἰς","εἰς","εἰς"
42,19,04,"RA","ASN","τὸ⸃","τὸ","τό","ὁ"
42,19,04,"D",NULL,"ἔμπροσθεν","ἔμπροσθεν","ἔμπροσθεν","ἔμπροσθεν"
42,19,04,"V","3AAI-S","ἀνέβη","ἀνέβη","ἀνέβη","ἀναβαίνω"
42,19,04,"P",NULL,"ἐπὶ","ἐπὶ","ἐπί","ἐπί"
42,19,04,"N","ASF","συκομορέαν","συκομορέαν","συκομορέαν","συκομορέα"
42,19,04,"C",NULL,"ἵνα","ἵνα","ἵνα","ἵνα"
42,19,04,"V","3AAS-S","ἴδῃ","ἴδῃ","ἴδῃ","ὁράω"
42,19,04,"RP","ASM","αὐτόν,","αὐτόν","αὐτόν","αὐτός"
42,19,04,"C",NULL,"ὅτι","ὅτι","ὅτι","ὅτι"
42,19,04,"RD","GSF","ἐκείνης","ἐκείνης","ἐκείνης","ἐκεῖνος"
42,19,04,"V","3IAI-S","ἤμελλεν","ἤμελλεν","ἤμελλε(ν)","μέλλω"
42,19,04,"V","PMN","διέρχεσθαι.","διέρχεσθαι","διέρχεσθαι","διέρχομαι"
42,19,05,"C",NULL,"καὶ","καὶ","καί","καί"
42,19,05,"C",NULL,"ὡς","ὡς","ὡς","ὡς"
42,19,05,"V","3AAI-S","ἦλθεν","ἦλθεν","ἦλθε(ν)","ἔρχομαι"
42,19,05,"P",NULL,"ἐπὶ","ἐπὶ","ἐπί","ἐπί"
42,19,05,"RA","ASM","τὸν","τὸν","τόν","ὁ"
42,19,05,"N","ASM","τόπον,","τόπον","τόπον","τόπος"
42,19,05,"V","AAPNSM","ἀναβλέψας","ἀναβλέψας","ἀναβλέψας","ἀναβλέπω"
42,19,05,"RA","NSM","ὁ","ὁ","ὁ","ὁ"
42,19,05,"N","NSM","⸀Ἰησοῦς","Ἰησοῦς","Ἰησοῦς","Ἰησοῦς"
42,19,05,"V","3AAI-S","εἶπεν","εἶπεν","εἶπε(ν)","λέγω"
42,19,05,"P",NULL,"πρὸς","πρὸς","πρός","πρός"
42,19,05,"RP","ASM","αὐτόν·","αὐτόν","αὐτόν","αὐτός"
42,19,05,"N","VSM","Ζακχαῖε,","Ζακχαῖε","Ζακχαῖε","Ζακχαῖος"
42,19,05,"V","AAPNSM","σπεύσας","σπεύσας","σπεύσας","σπεύδω"
42,19,05,"V","2AAD-S","κατάβηθι,","κατάβηθι","κατάβηθι","καταβαίνω"
42,19,05,"D",NULL,"σήμερον","σήμερον","σήμερον","σήμερον"
42,19,05,"C",NULL,"γὰρ","γὰρ","γάρ","γάρ"
42,19,05,"P",NULL,"ἐν","ἐν","ἐν","ἐν"
42,19,05,"RA","DSM","τῷ","τῷ","τῷ","ὁ"
42,19,05,"N","DSM","οἴκῳ","οἴκῳ","οἴκῳ","οἶκος"
42,19,05,"RP","GS","σου","σου","σου","σύ"
42,19,05,"V","3PAI-S","δεῖ","δεῖ","δεῖ","δέω"
42,19,05,"RP","AS","με","με","με","ἐγώ"
42,19,05,"V","AAN","μεῖναι.","μεῖναι","μεῖναι","μένω"
42,19,06,"C",NULL,"καὶ","καὶ","καί","καί"
42,19,06,"V","AAPNSM","σπεύσας","σπεύσας","σπεύσας","σπεύδω"
42,19,06,"V","3AAI-S","κατέβη,","κατέβη","κατέβη","καταβαίνω"
42,19,06,"C",NULL,"καὶ","καὶ","καί","καί"
42,19,06,"V","3AMI-S","ὑπεδέξατο","ὑπεδέξατο","ὑπεδέξατο","ὑποδέχομαι"
42,19,06,"RP","ASM","αὐτὸν","αὐτὸν","αὐτόν","αὐτός"
42,19,06,"V","PAPNSM","χαίρων.","χαίρων","χαίρων","χαίρω"
42,19,07,"C",NULL,"καὶ","καὶ","καί","καί"
42,19,07,"V","AAPNPM","ἰδόντες","ἰδόντες","ἰδόντες","ὁράω"
42,19,07,"A","NPM","πάντες","πάντες","πάντες","πᾶς"
42,19,07,"V","3IAI-P","διεγόγγυζον","διεγόγγυζον","διεγόγγυζον","διαγογγύζω"
42,19,07,"V","PAPNPM","λέγοντες","λέγοντες","λέγοντες","λέγω"
42,19,07,"C",NULL,"ὅτι","ὅτι","ὅτι","ὅτι"
42,19,07,"P",NULL,"Παρὰ","Παρὰ","παρά","παρά"
42,19,07,"A","DSM","ἁμαρτωλῷ","ἁμαρτωλῷ","ἁμαρτωλῷ","ἁμαρτωλός"
42,19,07,"N","DSM","ἀνδρὶ","ἀνδρὶ","ἀνδρί","ἀνήρ"
42,19,07,"V","3AAI-S","εἰσῆλθεν","εἰσῆλθεν","εἰσῆλθε(ν)","εἰσέρχομαι"
42,19,07,"V","AAN","καταλῦσαι.","καταλῦσαι","καταλῦσαι","καταλύω"
42,19,08,"V","APPNSM","σταθεὶς","σταθεὶς","σταθείς","ἵστημι"
42,19,08,"C",NULL,"δὲ","δὲ","δέ","δέ"
42,19,08,"N","NSM","Ζακχαῖος","Ζακχαῖος","Ζακχαῖος","Ζακχαῖος"
42,19,08,"V","3AAI-S","εἶπεν","εἶπεν","εἶπε(ν)","λέγω"
42,19,08,"P",NULL,"πρὸς","πρὸς","πρός","πρός"
42,19,08,"RA","ASM","τὸν","τὸν","τόν","ὁ"
42,19,08,"N","ASM","κύριον·","κύριον","κύριον","κύριος"
42,19,08,"X",NULL,"Ἰδοὺ","Ἰδοὺ","ἰδού","ἰδού"
42,19,08,"RA","APN","τὰ","τὰ","τά","ὁ"
42,19,08,"A","APN","⸀ἡμίσιά","ἡμίσιά","ἡμίσια","ἥμισυς"
42,19,08,"RP","GS","⸂μου","μου","μου","ἐγώ"
42,19,08,"RA","GPN","τῶν","τῶν","τῶν","ὁ"
42,19,08,"V","PAPGPN","ὑπαρχόντων⸃,","ὑπαρχόντων","ὑπαρχόντων","ὑπάρχω"
42,19,08,"N","VSM","κύριε,","κύριε","κύριε","κύριος"
42,19,08,"RA","DPM","⸂τοῖς","τοῖς","τοῖς","ὁ"
42,19,08,"A","DPM","πτωχοῖς","πτωχοῖς","πτωχοῖς","πτωχός"
42,19,08,"V","1PAI-S","δίδωμι⸃,","δίδωμι","δίδωμι","δίδωμι"
42,19,08,"C",NULL,"καὶ","καὶ","καί","καί"
42,19,08,"C",NULL,"εἴ","εἴ","εἰ","εἰ"
42,19,08,"RI","GSM","τινός","τινός","τινός","τις"
42,19,08,"RI","ASN","τι","τι","τὶ","τις"
42,19,08,"V","1AAI-S","ἐσυκοφάντησα","ἐσυκοφάντησα","ἐσυκοφάντησα","συκοφαντέω"
42,19,08,"V","1PAI-S","ἀποδίδωμι","ἀποδίδωμι","ἀποδίδωμι","ἀποδίδωμι"
42,19,08,"A","ASN","τετραπλοῦν.","τετραπλοῦν","τετραπλοῦν","τετραπλοῦς"
42,19,09,"V","3AAI-S","εἶπεν","εἶπεν","εἶπε(ν)","λέγω"
42,19,09,"C",NULL,"δὲ","δὲ","δέ","δέ"
42,19,09,"P",NULL,"πρὸς","πρὸς","πρός","πρός"
42,19,09,"RP","ASM","αὐτὸν","αὐτὸν","αὐτόν","αὐτός"
42,19,09,"RA","NSM","ὁ","ὁ","ὁ","ὁ"
42,19,09,"N","NSM","Ἰησοῦς","Ἰησοῦς","Ἰησοῦς","Ἰησοῦς"
42,19,09,"C",NULL,"ὅτι","ὅτι","ὅτι","ὅτι"
42,19,09,"D",NULL,"Σήμερον","Σήμερον","σήμερον","σήμερον"
42,19,09,"N","NSF","σωτηρία","σωτηρία","σωτηρία","σωτηρία"
42,19,09,"RA","DSM","τῷ","τῷ","τῷ","ὁ"
42,19,09,"N","DSM","οἴκῳ","οἴκῳ","οἴκῳ","οἶκος"
42,19,09,"RD","DSM","τούτῳ","τούτῳ","τούτῳ","οὗτος"
42,19,09,"V","3AMI-S","ἐγένετο,","ἐγένετο","ἐγένετο","γίνομαι"
42,19,09,"C",NULL,"καθότι","καθότι","καθότι","καθότι"
42,19,09,"D",NULL,"καὶ","καὶ","καί","καί"
42,19,09,"RP","NSM","αὐτὸς","αὐτὸς","αὐτός","αὐτός"
42,19,09,"N","NSM","υἱὸς","υἱὸς","υἱός","υἱός"
42,19,09,"N","GSM","Ἀβραάμ","Ἀβραάμ","Ἀβραάμ","Ἀβραάμ"
42,19,09,"V","3PAI-S","ἐστιν·","ἐστιν","ἐστί(ν)","εἰμί"
42,19,10,"V","3AAI-S","ἦλθεν","ἦλθεν","ἦλθε(ν)","ἔρχομαι"
42,19,10,"C",NULL,"γὰρ","γὰρ","γάρ","γάρ"
42,19,10,"RA","NSM","ὁ","ὁ","ὁ","ὁ"
42,19,10,"N","NSM","υἱὸς","υἱὸς","υἱός","υἱός"
42,19,10,"RA","GSM","τοῦ","τοῦ","τοῦ","ὁ"
42,19,10,"N","GSM","ἀνθρώπου","ἀνθρώπου","ἀνθρώπου","ἄνθρωπος"
42,19,10,"V","AAN","ζητῆσαι","ζητῆσαι","ζητῆσαι","ζητέω"
42,19,10,"C",NULL,"καὶ","καὶ","καί","καί"
42,19,10,"V","AAN","σῶσαι","σῶσαι","σῶσαι","σῴζω"
42,19,10,"RA","ASN","τὸ","τὸ","τό","ὁ"
42,19,10,"V","XAPASN","ἀπολωλός.","ἀπολωλός","ἀπολωλός","ἀπόλλυμι"
42,19,11,"V","PAPGPM","Ἀκουόντων","Ἀκουόντων","ἀκουόντων","ἀκούω"
42,19,11,"C",NULL,"δὲ","δὲ","δέ","δέ"
42,19,11,"RP","GPM","αὐτῶν","αὐτῶν","αὐτῶν","αὐτός"
42,19,11,"RD","APN","ταῦτα","ταῦτα","ταῦτα","οὗτος"
42,19,11,"V","AAPNSM","προσθεὶς","προσθεὶς","προσθείς","προστίθημι"
42,19,11,"V","3AAI-S","εἶπεν","εἶπεν","εἶπε(ν)","λέγω"
42,19,11,"N","ASF","παραβολὴν","παραβολὴν","παραβολήν","παραβολή"
42,19,11,"P",NULL,"διὰ","διὰ","διά","διά"
42,19,11,"RA","ASN","τὸ","τὸ","τό","ὁ"
42,19,11,"P",NULL,"ἐγγὺς","ἐγγὺς","ἐγγύς","ἐγγύς"
42,19,11,"V","PAN","⸂εἶναι","εἶναι","εἶναι","εἰμί"
42,19,11,"N","GSF","Ἰερουσαλὴμ","Ἰερουσαλὴμ","Ἰερουσαλήμ","Ἰερουσαλήμ"
42,19,11,"RP","ASM","αὐτὸν⸃","αὐτὸν","αὐτόν","αὐτός"
42,19,11,"C",NULL,"καὶ","καὶ","καί","καί"
42,19,11,"V","PAN","δοκεῖν","δοκεῖν","δοκεῖν","δοκέω"
42,19,11,"RP","APM","αὐτοὺς","αὐτοὺς","αὐτούς","αὐτός"
42,19,11,"C",NULL,"ὅτι","ὅτι","ὅτι","ὅτι"
42,19,11,"D",NULL,"παραχρῆμα","παραχρῆμα","παραχρῆμα","παραχρῆμα"
42,19,11,"V","3PAI-S","μέλλει","μέλλει","μέλλει","μέλλω"
42,19,11,"RA","NSF","ἡ","ἡ","ἡ","ὁ"
42,19,11,"N","NSF","βασιλεία","βασιλεία","βασιλεία","βασιλεία"
42,19,11,"RA","GSM","τοῦ","τοῦ","τοῦ","ὁ"
42,19,11,"N","GSM","θεοῦ","θεοῦ","θεοῦ","θεός"
42,19,11,"V","PPN","ἀναφαίνεσθαι·","ἀναφαίνεσθαι","ἀναφαίνεσθαι","ἀναφαίνω"
42,19,12,"V","3AAI-S","εἶπεν","εἶπεν","εἶπε(ν)","λέγω"
42,19,12,"C",NULL,"οὖν·","οὖν","οὖν","οὖν"
42,19,12,"N","NSM","Ἄνθρωπός","Ἄνθρωπός","ἄνθρωπος","ἄνθρωπος"
42,19,12,"RI","NSM","τις","τις","τὶς","τις"
42,19,12,"A","NSM","εὐγενὴς","εὐγενὴς","εὐγενής","εὐγενής"
42,19,12,"V","3API-S","ἐπορεύθη","ἐπορεύθη","ἐπορεύθη","πορεύομαι"
42,19,12,"P",NULL,"εἰς","εἰς","εἰς","εἰς"
42,19,12,"N","ASF","χώραν","χώραν","χώραν","χώρα"
42,19,12,"A","ASF","μακρὰν","μακρὰν","μακράν","μακρός"
42,19,12,"V","AAN","λαβεῖν","λαβεῖν","λαβεῖν","λαμβάνω"
42,19,12,"RP","DSM","ἑαυτῷ","ἑαυτῷ","ἑαυτῷ","ἑαυτοῦ"
42,19,12,"N","ASF","βασιλείαν","βασιλείαν","βασιλείαν","βασιλεία"
42,19,12,"C",NULL,"καὶ","καὶ","καί","καί"
42,19,12,"V","AAN","ὑποστρέψαι.","ὑποστρέψαι","ὑποστρέψαι","ὑποστρέφω"
42,19,13,"V","AAPNSM","καλέσας","καλέσας","καλέσας","καλέω"
42,19,13,"C",NULL,"δὲ","δὲ","δέ","δέ"
42,19,13,"A","APM","δέκα","δέκα","δέκα","δέκα"
42,19,13,"N","APM","δούλους","δούλους","δούλους","δοῦλος"
42,19,13,"RP","GSM","ἑαυτοῦ","ἑαυτοῦ","ἑαυτοῦ","ἑαυτοῦ"
42,19,13,"V","3AAI-S","ἔδωκεν","ἔδωκεν","ἔδωκε(ν)","δίδωμι"
42,19,13,"RP","DPM","αὐτοῖς","αὐτοῖς","αὐτοῖς","αὐτός"
42,19,13,"A","APF","δέκα","δέκα","δέκα","δέκα"
42,19,13,"N","APF","μνᾶς","μνᾶς","μνᾶς","μνᾶ"
42,19,13,"C",NULL,"καὶ","καὶ","καί","καί"
42,19,13,"V","3AAI-S","εἶπεν","εἶπεν","εἶπε(ν)","λέγω"
42,19,13,"P",NULL,"πρὸς","πρὸς","πρός","πρός"
42,19,13,"RP","APM","αὐτούς·","αὐτούς","αὐτούς","αὐτός"
42,19,13,"V","2AMD-P","⸀Πραγματεύσασθε","Πραγματεύσασθε","πραγματεύσασθε","πραγματεύομαι"
42,19,13,"P",NULL,"⸂ἐν","ἐν","ἐν","ἐν"
42,19,13,"RR","DSM","ᾧ⸃","ᾧ","ᾧ","ὅς"
42,19,13,"V","1PMI-S","ἔρχομαι.","ἔρχομαι","ἔρχομαι","ἔρχομαι"
42,19,14,"RA","NPM","οἱ","οἱ","οἱ","ὁ"
42,19,14,"C",NULL,"δὲ","δὲ","δέ","δέ"
42,19,14,"N","NPM","πολῖται","πολῖται","πολῖται","πολίτης"
42,19,14,"RP","GSM","αὐτοῦ","αὐτοῦ","αὐτοῦ","αὐτός"
42,19,14,"V","3IAI-P","ἐμίσουν","ἐμίσουν","ἐμίσουν","μισέω"
42,19,14,"RP","ASM","αὐτόν,","αὐτόν","αὐτόν","αὐτός"
42,19,14,"C",NULL,"καὶ","καὶ","καί","καί"
42,19,14,"V","3AAI-P","ἀπέστειλαν","ἀπέστειλαν","ἀπέστειλαν","ἀποστέλλω"
42,19,14,"N","ASF","πρεσβείαν","πρεσβείαν","πρεσβείαν","πρεσβεία"
42,19,14,"P",NULL,"ὀπίσω","ὀπίσω","ὀπίσω","ὀπίσω"
42,19,14,"RP","GSM","αὐτοῦ","αὐτοῦ","αὐτοῦ","αὐτός"
42,19,14,"V","PAPNPM","λέγοντες·","λέγοντες","λέγοντες","λέγω"
42,19,14,"D",NULL,"Οὐ","Οὐ","οὐ","οὐ"
42,19,14,"V","1PAI-P","θέλομεν","θέλομεν","θέλομεν","θέλω"
42,19,14,"RD","ASM","τοῦτον","τοῦτον","τοῦτον","οὗτος"
42,19,14,"V","AAN","βασιλεῦσαι","βασιλεῦσαι","βασιλεῦσαι","βασιλεύω"
42,19,14,"P",NULL,"ἐφ’","ἐφ’","ἐπί","ἐπί"
42,19,14,"RP","AP","ἡμᾶς.","ἡμᾶς","ἡμᾶς","ἐγώ"
42,19,15,"C",NULL,"καὶ","καὶ","καί","καί"
42,19,15,"V","3AMI-S","ἐγένετο","ἐγένετο","ἐγένετο","γίνομαι"
42,19,15,"P",NULL,"ἐν","ἐν","ἐν","ἐν"
42,19,15,"RA","DSN","τῷ","τῷ","τῷ","ὁ"
42,19,15,"V","AAN","ἐπανελθεῖν","ἐπανελθεῖν","ἐπανελθεῖν","ἐπανέρχομαι"
42,19,15,"RP","ASM","αὐτὸν","αὐτὸν","αὐτόν","αὐτός"
42,19,15,"V","AAPASM","λαβόντα","λαβόντα","λαβόντα","λαμβάνω"
42,19,15,"RA","ASF","τὴν","τὴν","τήν","ὁ"
42,19,15,"N","ASF","βασιλείαν","βασιλείαν","βασιλείαν","βασιλεία"
42,19,15,"C",NULL,"καὶ","καὶ","καί","καί"
42,19,15,"V","3AAI-S","εἶπεν","εἶπεν","εἶπε(ν)","λέγω"
42,19,15,"V","APN","φωνηθῆναι","φωνηθῆναι","φωνηθῆναι","φωνέω"
42,19,15,"RP","DSM","αὐτῷ","αὐτῷ","αὐτῷ","αὐτός"
42,19,15,"RA","APM","τοὺς","τοὺς","τούς","ὁ"
42,19,15,"N","APM","δούλους","δούλους","δούλους","δοῦλος"
42,19,15,"RD","APM","τούτους","τούτους","τούτους","οὗτος"
42,19,15,"RR","DPM","οἷς","οἷς","οἷς","ὅς"
42,19,15,"V","3YAI-S","⸀δεδώκει","δεδώκει","δεδώκει","δίδωμι"
42,19,15,"RA","ASN","τὸ","τὸ","τό","ὁ"
42,19,15,"N","ASN","ἀργύριον,","ἀργύριον","ἀργύριον","ἀργύριον"
42,19,15,"C",NULL,"ἵνα","ἵνα","ἵνα","ἵνα"
42,19,15,"V","3AAS-S","⸀γνοῖ","γνοῖ","γνοῖ","γινώσκω"
42,19,15,"RI","ASN","τί","τί","τί","τίς"
42,19,15,"V","3AMI-P","⸀διεπραγματεύσαντο.","διεπραγματεύσαντο","διεπραγματεύσαντο","διαπραγματεύομαι"
42,19,16,"V","3AMI-S","παρεγένετο","παρεγένετο","παρεγένετο","παραγίνομαι"
42,19,16,"C",NULL,"δὲ","δὲ","δέ","δέ"
42,19,16,"RA","NSM","ὁ","ὁ","ὁ","ὁ"
42,19,16,"A","NSM","πρῶτος","πρῶτος","πρῶτος","πρῶτος"
42,19,16,"V","PAPNSM","λέγων·","λέγων","λέγων","λέγω"
42,19,16,"N","VSM","Κύριε,","Κύριε","κύριε","κύριος"
42,19,16,"RA","NSF","ἡ","ἡ","ἡ","ὁ"
42,19,16,"N","NSF","μνᾶ","μνᾶ","μνᾶ","μνᾶ"
42,19,16,"RP","GS","σου","σου","σου","σύ"
42,19,16,"A","APF","⸂δέκα","δέκα","δέκα","δέκα"
42,19,16,"V","3AMI-S","προσηργάσατο⸃","προσηργάσατο","προσηργάσατο","προσεργάζομαι"
42,19,16,"N","APF","μνᾶς.","μνᾶς","μνᾶς","μνᾶ"
42,19,17,"C",NULL,"καὶ","καὶ","καί","καί"
42,19,17,"V","3AAI-S","εἶπεν","εἶπεν","εἶπε(ν)","λέγω"
42,19,17,"RP","DSM","αὐτῷ·","αὐτῷ","αὐτῷ","αὐτός"
42,19,17,"X",NULL,"⸀Εὖγε,","Εὖγε","εὖγε","εὖγε"
42,19,17,"A","VSM","ἀγαθὲ","ἀγαθὲ","ἀγαθέ","ἀγαθός"
42,19,17,"N","VSM","δοῦλε,","δοῦλε","δοῦλε","δοῦλος"
42,19,17,"C",NULL,"ὅτι","ὅτι","ὅτι","ὅτι"
42,19,17,"P",NULL,"ἐν","ἐν","ἐν","ἐν"
42,19,17,"A","DSNS","ἐλαχίστῳ","ἐλαχίστῳ","ἐλαχίστῳ","ἐλάχιστος"
42,19,17,"A","NSM","πιστὸς","πιστὸς","πιστός","πιστός"
42,19,17,"V","2AMI-S","ἐγένου,","ἐγένου","ἐγένου","γίνομαι"
42,19,17,"V","2PAD-S","ἴσθι","ἴσθι","ἴσθι","εἰμί"
42,19,17,"N","ASF","ἐξουσίαν","ἐξουσίαν","ἐξουσίαν","ἐξουσία"
42,19,17,"V","PAPNSM","ἔχων","ἔχων","ἔχων","ἔχω"
42,19,17,"P",NULL,"ἐπάνω","ἐπάνω","ἐπάνω","ἐπάνω"
42,19,17,"A","GPF","δέκα","δέκα","δέκα","δέκα"
42,19,17,"N","GPF","πόλεων.","πόλεων","πόλεων","πόλις"
42,19,18,"C",NULL,"καὶ","καὶ","καί","καί"
42,19,18,"V","3AAI-S","ἦλθεν","ἦλθεν","ἦλθε(ν)","ἔρχομαι"
42,19,18,"RA","NSM","ὁ","ὁ","ὁ","ὁ"
42,19,18,"A","NSM","δεύτερος","δεύτερος","δεύτερος","δεύτερος"
42,19,18,"V","PAPNSM","λέγων·","λέγων","λέγων","λέγω"
42,19,18,"RA","NSF","⸂Ἡ","Ἡ","ἡ","ὁ"
42,19,18,"N","NSF","μνᾶ","μνᾶ","μνᾶ","μνᾶ"
42,19,18,"RP","GS","σου,","σου","σου","σύ"
42,19,18,"N","VSM","κύριε⸃,","κύριε","κύριε","κύριος"
42,19,18,"V","3AAI-S","ἐποίησεν","ἐποίησεν","ἐποίησε(ν)","ποιέω"
42,19,18,"A","APF","πέντε","πέντε","πέντε","πέντε"
42,19,18,"N","APF","μνᾶς.","μνᾶς","μνᾶς","μνᾶ"
42,19,19,"V","3AAI-S","εἶπεν","εἶπεν","εἶπε(ν)","λέγω"
42,19,19,"C",NULL,"δὲ","δὲ","δέ","δέ"
42,19,19,"D",NULL,"καὶ","καὶ","καί","καί"
42,19,19,"RD","DSM","τούτῳ·","τούτῳ","τούτῳ","οὗτος"
42,19,19,"D",NULL,"Καὶ","Καὶ","καί","καί"
42,19,19,"RP","NS","σὺ","σὺ","σύ","σύ"
42,19,19,"P",NULL,"⸂ἐπάνω","ἐπάνω","ἐπάνω","ἐπάνω"
42,19,19,"V","2PMD-S","γίνου⸃","γίνου","γίνου","γίνομαι"
42,19,19,"A","GPF","πέντε","πέντε","πέντε","πέντε"
42,19,19,"N","GPF","πόλεων.","πόλεων","πόλεων","πόλις"
42,19,20,"C",NULL,"καὶ","καὶ","καί","καί"
42,19,20,"RA","NSM","⸀ὁ","ὁ","ὁ","ὁ"
42,19,20,"A","NSM","ἕτερος","ἕτερος","ἕτερος","ἕτερος"
42,19,20,"V","3AAI-S","ἦλθεν","ἦλθεν","ἦλθε(ν)","ἔρχομαι"
42,19,20,"V","PAPNSM","λέγων·","λέγων","λέγων","λέγω"
42,19,20,"N","VSM","Κύριε,","Κύριε","κύριε","κύριος"
42,19,20,"X",NULL,"ἰδοὺ","ἰδοὺ","ἰδού","ἰδού"
42,19,20,"RA","NSF","ἡ","ἡ","ἡ","ὁ"
42,19,20,"N","NSF","μνᾶ","μνᾶ","μνᾶ","μνᾶ"
42,19,20,"RP","GS","σου","σου","σου","σύ"
42,19,20,"RR","ASF","ἣν","ἣν","ἥν","ὅς"
42,19,20,"V","1IAI-S","εἶχον","εἶχον","εἶχον","ἔχω"
42,19,20,"V","PMPASF","ἀποκειμένην","ἀποκειμένην","ἀποκειμένην","ἀπόκειμαι"
42,19,20,"P",NULL,"ἐν","ἐν","ἐν","ἐν"
42,19,20,"N","DSN","σουδαρίῳ·","σουδαρίῳ","σουδαρίῳ","σουδάριον"
42,19,21,"V","1IMI-S","ἐφοβούμην","ἐφοβούμην","ἐφοβούμην","φοβέομαι"
42,19,21,"C",NULL,"γάρ","γάρ","γάρ","γάρ"
42,19,21,"RP","AS","σε","σε","σε","σύ"
42,19,21,"C",NULL,"ὅτι","ὅτι","ὅτι","ὅτι"
42,19,21,"N","NSM","ἄνθρωπος","ἄνθρωπος","ἄνθρωπος","ἄνθρωπος"
42,19,21,"A","NSM","αὐστηρὸς","αὐστηρὸς","αὐστηρός","αὐστηρός"
42,19,21,"V","2PAI-S","εἶ,","εἶ","εἶ","εἰμί"
42,19,21,"V","2PAI-S","αἴρεις","αἴρεις","αἴρεις","αἴρω"
42,19,21,"RR","ASN","ὃ","ὃ","ὅ","ὅς"
42,19,21,"D",NULL,"οὐκ","οὐκ","οὐ","οὐ"
42,19,21,"V","2AAI-S","ἔθηκας","ἔθηκας","ἔθηκας","τίθημι"
42,19,21,"C",NULL,"καὶ","καὶ","καί","καί"
42,19,21,"V","2PAI-S","θερίζεις","θερίζεις","θερίζεις","θερίζω"
42,19,21,"RR","ASN","ὃ","ὃ","ὅ","ὅς"
42,19,21,"D",NULL,"οὐκ","οὐκ","οὐ","οὐ"
42,19,21,"V","2AAI-S","ἔσπειρας.","ἔσπειρας","ἔσπειρας","σπείρω"
42,19,22,"V","3PAI-S","⸀λέγει","λέγει","λέγει","λέγω"
42,19,22,"RP","DSM","αὐτῷ·","αὐτῷ","αὐτῷ","αὐτός"
42,19,22,"P",NULL,"Ἐκ","Ἐκ","ἐκ","ἐκ"
42,19,22,"RA","GSN","τοῦ","τοῦ","τοῦ","ὁ"
42,19,22,"N","GSN","στόματός","στόματός","στόματος","στόμα"
42,19,22,"RP","GS","σου","σου","σου","σύ"
42,19,22,"V","1FAI-S","κρίνω","κρίνω","κρίνω","κρίνω"
42,19,22,"RP","AS","σε,","σε","σε","σύ"
42,19,22,"A","VSM","πονηρὲ","πονηρὲ","πονηρέ","πονηρός"
42,19,22,"N","VSM","δοῦλε·","δοῦλε","δοῦλε","δοῦλος"
42,19,22,"V","2YAI-S","ᾔδεις","ᾔδεις","ᾔδεις","οἶδα"
42,19,22,"C",NULL,"ὅτι","ὅτι","ὅτι","ὅτι"
42,19,22,"RP","NS","ἐγὼ","ἐγὼ","ἐγώ","ἐγώ"
42,19,22,"N","NSM","ἄνθρωπος","ἄνθρωπος","ἄνθρωπος","ἄνθρωπος"
42,19,22,"A","NSM","αὐστηρός","αὐστηρός","αὐστηρός","αὐστηρός"
42,19,22,"V","1PAI-S","εἰμι,","εἰμι","εἰμί","εἰμί"
42,19,22,"V","PAPNSM","αἴρων","αἴρων","αἴρων","αἴρω"
42,19,22,"RR","ASN","ὃ","ὃ","ὅ","ὅς"
42,19,22,"D",NULL,"οὐκ","οὐκ","οὐ","οὐ"
42,19,22,"V","1AAI-S","ἔθηκα","ἔθηκα","ἔθηκα","τίθημι"
42,19,22,"C",NULL,"καὶ","καὶ","καί","καί"
42,19,22,"V","PAPNSM","θερίζων","θερίζων","θερίζων","θερίζω"
42,19,22,"RR","ASN","ὃ","ὃ","ὅ","ὅς"
42,19,22,"D",NULL,"οὐκ","οὐκ","οὐ","οὐ"
42,19,22,"V","1AAI-S","ἔσπειρα;","ἔσπειρα","ἔσπειρα","σπείρω"
42,19,23,"C",NULL,"καὶ","καὶ","καί","καί"
42,19,23,"P",NULL,"διὰ","διὰ","διά","διά"
42,19,23,"RI","ASN","τί","τί","τί","τίς"
42,19,23,"D",NULL,"οὐκ","οὐκ","οὐ","οὐ"
42,19,23,"V","2AAI-S","ἔδωκάς","ἔδωκάς","ἔδωκας","δίδωμι"
42,19,23,"RP","GS","⸂μου","μου","μου","ἐγώ"
42,19,23,"RA","ASN","τὸ","τὸ","τό","ὁ"
42,19,23,"N","ASN","ἀργύριον⸃","ἀργύριον","ἀργύριον","ἀργύριον"
42,19,23,"P",NULL,"ἐπὶ","ἐπὶ","ἐπί","ἐπί"
42,19,23,"N","ASF","τράπεζαν;","τράπεζαν","τράπεζαν","τράπεζα"
42,19,23,"RP","NS","κἀγὼ","κἀγὼ","κἀγώ","κἀγώ"
42,19,23,"V","AAPNSM","ἐλθὼν","ἐλθὼν","ἐλθών","ἔρχομαι"
42,19,23,"P",NULL,"σὺν","σὺν","σύν","σύν"
42,19,23,"N","DSM","τόκῳ","τόκῳ","τόκῳ","τόκος"
42,19,23,"X",NULL,"ἂν","ἂν","ἄν","ἄν"
42,19,23,"RP","ASN","⸂αὐτὸ","αὐτὸ","αὐτό","αὐτός"
42,19,23,"V","1AAI-S","ἔπραξα⸃.","ἔπραξα","ἔπραξα","πράσσω"
42,19,24,"C",NULL,"καὶ","καὶ","καί","καί"
42,19,24,"RA","DPM","τοῖς","τοῖς","τοῖς","ὁ"
42,19,24,"V","XAPDPM","παρεστῶσιν","παρεστῶσιν","παρεστῶσι(ν)","παρίστημι"
42,19,24,"V","3AAI-S","εἶπεν·","εἶπεν","εἶπε(ν)","λέγω"
42,19,24,"V","2AAD-P","Ἄρατε","Ἄρατε","ἄρατε","αἴρω"
42,19,24,"P",NULL,"ἀπ’","ἀπ’","ἀπό","ἀπό"
42,19,24,"RP","GSM","αὐτοῦ","αὐτοῦ","αὐτοῦ","αὐτός"
42,19,24,"RA","ASF","τὴν","τὴν","τήν","ὁ"
42,19,24,"N","ASF","μνᾶν","μνᾶν","μνᾶν","μνᾶ"
42,19,24,"C",NULL,"καὶ","καὶ","καί","καί"
42,19,24,"V","2AAD-P","δότε","δότε","δότε","δίδωμι"
42,19,24,"RA","DSM","τῷ","τῷ","τῷ","ὁ"
42,19,24,"RA","APF","τὰς","τὰς","τάς","ὁ"
42,19,24,"A","APF","δέκα","δέκα","δέκα","δέκα"
42,19,24,"N","APF","μνᾶς","μνᾶς","μνᾶς","μνᾶ"
42,19,24,"V","PAPDSM","ἔχοντι—","ἔχοντι","ἔχοντι","ἔχω"
42,19,25,"C",NULL,"καὶ","καὶ","καί","καί"
42,19,25,"V","3AAI-P","εἶπαν","εἶπαν","εἶπαν","λέγω"
42,19,25,"RP","DSM","αὐτῷ·","αὐτῷ","αὐτῷ","αὐτός"
42,19,25,"N","VSM","Κύριε,","Κύριε","κύριε","κύριος"
42,19,25,"V","3PAI-S","ἔχει","ἔχει","ἔχει","ἔχω"
42,19,25,"A","APF","δέκα","δέκα","δέκα","δέκα"
42,19,25,"N","APF","μνᾶς—","μνᾶς","μνᾶς","μνᾶ"
42,19,26,"V","1PAI-S","⸀λέγω","λέγω","λέγω","λέγω"
42,19,26,"RP","DP","ὑμῖν","ὑμῖν","ὑμῖν","σύ"
42,19,26,"C",NULL,"ὅτι","ὅτι","ὅτι","ὅτι"
42,19,26,"A","DSM","παντὶ","παντὶ","παντί","πᾶς"
42,19,26,"RA","DSM","τῷ","τῷ","τῷ","ὁ"
42,19,26,"V","PAPDSM","ἔχοντι","ἔχοντι","ἔχοντι","ἔχω"
42,19,26,"V","3FPI-S","δοθήσεται,","δοθήσεται","δοθήσεται","δίδωμι"
42,19,26,"P",NULL,"ἀπὸ","ἀπὸ","ἀπό","ἀπό"
42,19,26,"C",NULL,"δὲ","δὲ","δέ","δέ"
42,19,26,"RA","GSM","τοῦ","τοῦ","τοῦ","ὁ"
42,19,26,"D",NULL,"μὴ","μὴ","μή","μή"
42,19,26,"V","PAPGSM","ἔχοντος","ἔχοντος","ἔχοντος","ἔχω"
42,19,26,"D",NULL,"καὶ","καὶ","καί","καί"
42,19,26,"RR","ASN","ὃ","ὃ","ὅ","ὅς"
42,19,26,"V","3PAI-S","ἔχει","ἔχει","ἔχει","ἔχω"
42,19,26,"V","3FPI-S","⸀ἀρθήσεται.","ἀρθήσεται","ἀρθήσεται","αἴρω"
42,19,27,"C",NULL,"πλὴν","πλὴν","πλήν","πλήν"
42,19,27,"RA","APM","τοὺς","τοὺς","τούς","ὁ"
42,19,27,"A","APM","ἐχθρούς","ἐχθρούς","ἐχθρούς","ἐχθρός"
42,19,27,"RP","GS","μου","μου","μου","ἐγώ"
42,19,27,"RD","APM","⸀τούτους","τούτους","τούτους","οὗτος"
42,19,27,"RA","APM","τοὺς","τοὺς","τούς","ὁ"
42,19,27,"D",NULL,"μὴ","μὴ","μή","μή"
42,19,27,"V","AAPAPM","θελήσαντάς","θελήσαντάς","θελήσαντας","θέλω"
42,19,27,"RP","AS","με","με","με","ἐγώ"
42,19,27,"V","AAN","βασιλεῦσαι","βασιλεῦσαι","βασιλεῦσαι","βασιλεύω"
42,19,27,"P",NULL,"ἐπ’","ἐπ’","ἐπί","ἐπί"
42,19,27,"RP","APM","αὐτοὺς","αὐτοὺς","αὐτούς","αὐτός"
42,19,27,"V","2AAD-P","ἀγάγετε","ἀγάγετε","ἀγάγετε","ἄγω"
42,19,27,"D",NULL,"ὧδε","ὧδε","ὧδε","ὧδε"
42,19,27,"C",NULL,"καὶ","καὶ","καί","καί"
42,19,27,"V","2AAD-P","κατασφάξατε","κατασφάξατε","κατασφάξατε","κατασφάζω"
42,19,27,"RP","APM","⸀αὐτοὺς","αὐτοὺς","αὐτούς","αὐτός"
42,19,27,"P",NULL,"ἔμπροσθέν","ἔμπροσθέν","ἔμπροσθεν","ἔμπροσθεν"
42,19,27,"RP","GS","μου.","μου","μου","ἐγώ"
42,19,28,"C",NULL,"Καὶ","Καὶ","καί","καί"
42,19,28,"V","AAPNSM","εἰπὼν","εἰπὼν","εἰπών","λέγω"
42,19,28,"RD","APN","ταῦτα","ταῦτα","ταῦτα","οὗτος"
42,19,28,"V","3IMI-S","ἐπορεύετο","ἐπορεύετο","ἐπορεύετο","πορεύομαι"
42,19,28,"D",NULL,"ἔμπροσθεν","ἔμπροσθεν","ἔμπροσθεν","ἔμπροσθεν"
42,19,28,"V","PAPNSM","ἀναβαίνων","ἀναβαίνων","ἀναβαίνων","ἀναβαίνω"
42,19,28,"P",NULL,"εἰς","εἰς","εἰς","εἰς"
42,19,28,"N","APN","Ἱεροσόλυμα.","Ἱεροσόλυμα","Ἱεροσόλυμα","Ἱεροσόλυμα"
42,19,29,"C",NULL,"Καὶ","Καὶ","καί","καί"
42,19,29,"V","3AMI-S","ἐγένετο","ἐγένετο","ἐγένετο","γίνομαι"
42,19,29,"C",NULL,"ὡς","ὡς","ὡς","ὡς"
42,19,29,"V","3AAI-S","ἤγγισεν","ἤγγισεν","ἤγγισε(ν)","ἐγγίζω"
42,19,29,"P",NULL,"εἰς","εἰς","εἰς","εἰς"
42,19,29,"N","ASF","Βηθφαγὴ","Βηθφαγὴ","Βηθφαγή","Βηθφαγή"
42,19,29,"C",NULL,"καὶ","καὶ","καί","καί"
42,19,29,"N","ASF","Βηθανίαν","Βηθανίαν","Βηθανίαν","Βηθανία"
42,19,29,"P",NULL,"πρὸς","πρὸς","πρός","πρός"
42,19,29,"RA","ASN","τὸ","τὸ","τό","ὁ"
42,19,29,"N","ASN","ὄρος","ὄρος","ὄρος","ὄρος"
42,19,29,"RA","ASN","τὸ","τὸ","τό","ὁ"
42,19,29,"V","PPPASN","καλούμενον","καλούμενον","καλούμενον","καλέω"
42,19,29,"N","GPF","Ἐλαιῶν,","Ἐλαιῶν","ἐλαιῶν","ἐλαία"
42,19,29,"V","3AAI-S","ἀπέστειλεν","ἀπέστειλεν","ἀπέστειλε(ν)","ἀποστέλλω"
42,19,29,"A","APM","δύο","δύο","δύο","δύο"
42,19,29,"RA","GPM","τῶν","τῶν","τῶν","ὁ"
42,19,29,"N","GPM","⸀μαθητῶν","μαθητῶν","μαθητῶν","μαθητής"
42,19,30,"V","PAPNSM","⸀λέγων·","λέγων","λέγων","λέγω"
42,19,30,"V","2PAD-P","Ὑπάγετε","Ὑπάγετε","ὑπάγετε","ὑπάγω"
42,19,30,"P",NULL,"εἰς","εἰς","εἰς","εἰς"
42,19,30,"RA","ASF","τὴν","τὴν","τήν","ὁ"
42,19,30,"D",NULL,"κατέναντι","κατέναντι","κατέναντι","κατέναντι"
42,19,30,"N","ASF","κώμην,","κώμην","κώμην","κώμη"
42,19,30,"P",NULL,"ἐν","ἐν","ἐν","ἐν"
42,19,30,"RR","DSF","ᾗ","ᾗ","ᾗ","ὅς"
42,19,30,"V","PMPNPM","εἰσπορευόμενοι","εἰσπορευόμενοι","εἰσπορευόμενοι","εἰσπορεύομαι"
42,19,30,"V","2FAI-P","εὑρήσετε","εὑρήσετε","εὑρήσετε","εὑρίσκω"
42,19,30,"N","ASM","πῶλον","πῶλον","πῶλον","πῶλος"
42,19,30,"V","XPPASM","δεδεμένον,","δεδεμένον","δεδεμένον","δέω"
42,19,30,"P",NULL,"ἐφ’","ἐφ’","ἐπί","ἐπί"
42,19,30,"RR","ASM","ὃν","ὃν","ὅν","ὅς"
42,19,30,"A","NSM","οὐδεὶς","οὐδεὶς","οὐδείς","οὐδείς"
42,19,30,"D",NULL,"πώποτε","πώποτε","πώποτε","πώποτε"
42,19,30,"N","GPM","ἀνθρώπων","ἀνθρώπων","ἀνθρώπων","ἄνθρωπος"
42,19,30,"V","3AAI-S","ἐκάθισεν,","ἐκάθισεν","ἐκάθισε(ν)","καθίζω"
42,19,30,"C",NULL,"⸀καὶ","καὶ","καί","καί"
42,19,30,"V","AAPNPM","λύσαντες","λύσαντες","λύσαντες","λύω"
42,19,30,"RP","ASM","αὐτὸν","αὐτὸν","αὐτόν","αὐτός"
42,19,30,"V","2AAD-P","ἀγάγετε.","ἀγάγετε","ἀγάγετε","ἄγω"
42,19,31,"C",NULL,"καὶ","καὶ","καί","καί"
42,19,31,"C",NULL,"ἐάν","ἐάν","ἐάν","ἐάν"
42,19,31,"RI","NSM","τις","τις","τὶς","τις"
42,19,31,"RP","AP","ὑμᾶς","ὑμᾶς","ὑμᾶς","σύ"
42,19,31,"V","3PAS-S","ἐρωτᾷ·","ἐρωτᾷ","ἐρωτᾷ","ἐρωτάω"
42,19,31,"P",NULL,"Διὰ","Διὰ","διά","διά"
42,19,31,"RI","ASN","τί","τί","τί","τίς"
42,19,31,"V","2PAI-P","λύετε;","λύετε","λύετε","λύω"
42,19,31,"D",NULL,"οὕτως","οὕτως","οὕτω(ς)","οὕτω(ς)"
42,19,31,"V","2FAI-P","⸀ἐρεῖτε","ἐρεῖτε","ἐρεῖτε","λέγω"
42,19,31,"C",NULL,"ὅτι","ὅτι","ὅτι","ὅτι"
42,19,31,"RA","NSM","Ὁ","Ὁ","ὁ","ὁ"
42,19,31,"N","NSM","κύριος","κύριος","κύριος","κύριος"
42,19,31,"RP","GSM","αὐτοῦ","αὐτοῦ","αὐτοῦ","αὐτός"
42,19,31,"N","ASF","χρείαν","χρείαν","χρείαν","χρεία"
42,19,31,"V","3PAI-S","ἔχει.","ἔχει","ἔχει","ἔχω"
42,19,32,"V","AAPNPM","ἀπελθόντες","ἀπελθόντες","ἀπελθόντες","ἀπέρχομαι"
42,19,32,"C",NULL,"δὲ","δὲ","δέ","δέ"
42,19,32,"RA","NPM","οἱ","οἱ","οἱ","ὁ"
42,19,32,"V","XPPNPM","ἀπεσταλμένοι","ἀπεσταλμένοι","ἀπεσταλμένοι","ἀποστέλλω"
42,19,32,"V","3AAI-P","εὗρον","εὗρον","εὗρον","εὑρίσκω"
42,19,32,"C",NULL,"καθὼς","καθὼς","καθώς","καθώς"
42,19,32,"V","3AAI-S","εἶπεν","εἶπεν","εἶπε(ν)","λέγω"
42,19,32,"RP","DPM","αὐτοῖς.","αὐτοῖς","αὐτοῖς","αὐτός"
42,19,33,"V","PAPGPM","λυόντων","λυόντων","λυόντων","λύω"
42,19,33,"C",NULL,"δὲ","δὲ","δέ","δέ"
42,19,33,"RP","GPM","αὐτῶν","αὐτῶν","αὐτῶν","αὐτός"
42,19,33,"RA","ASM","τὸν","τὸν","τόν","ὁ"
42,19,33,"N","ASM","πῶλον","πῶλον","πῶλον","πῶλος"
42,19,33,"V","3AAI-P","εἶπαν","εἶπαν","εἶπαν","λέγω"
42,19,33,"RA","NPM","οἱ","οἱ","οἱ","ὁ"
42,19,33,"N","NPM","κύριοι","κύριοι","κύριοι","κύριος"
42,19,33,"RP","GSM","αὐτοῦ","αὐτοῦ","αὐτοῦ","αὐτός"
42,19,33,"P",NULL,"πρὸς","πρὸς","πρός","πρός"
42,19,33,"RP","APM","αὐτούς·","αὐτούς","αὐτούς","αὐτός"
42,19,33,"RI","ASN","Τί","Τί","τί","τίς"
42,19,33,"V","2PAI-P","λύετε","λύετε","λύετε","λύω"
42,19,33,"RA","ASM","τὸν","τὸν","τόν","ὁ"
42,19,33,"N","ASM","πῶλον;","πῶλον","πῶλον","πῶλος"
42,19,34,"RA","NPM","οἱ","οἱ","οἱ","ὁ"
42,19,34,"C",NULL,"δὲ","δὲ","δέ","δέ"
42,19,34,"V","3AAI-P","εἶπαν","εἶπαν","εἶπαν","λέγω"
42,19,34,"C",NULL,"⸀ὅτι","ὅτι","ὅτι","ὅτι"
42,19,34,"RA","NSM","Ὁ","Ὁ","ὁ","ὁ"
42,19,34,"N","NSM","κύριος","κύριος","κύριος","κύριος"
42,19,34,"RP","GSM","αὐτοῦ","αὐτοῦ","αὐτοῦ","αὐτός"
42,19,34,"N","ASF","χρείαν","χρείαν","χρείαν","χρεία"
42,19,34,"V","3PAI-S","ἔχει.","ἔχει","ἔχει","ἔχω"
42,19,35,"C",NULL,"καὶ","καὶ","καί","καί"
42,19,35,"V","3AAI-P","ἤγαγον","ἤγαγον","ἤγαγον","ἄγω"
42,19,35,"RP","ASM","αὐτὸν","αὐτὸν","αὐτόν","αὐτός"
42,19,35,"P",NULL,"πρὸς","πρὸς","πρός","πρός"
42,19,35,"RA","ASM","τὸν","τὸν","τόν","ὁ"
42,19,35,"N","ASM","Ἰησοῦν,","Ἰησοῦν","Ἰησοῦν","Ἰησοῦς"
42,19,35,"C",NULL,"καὶ","καὶ","καί","καί"
42,19,35,"V","AAPNPM","ἐπιρίψαντες","ἐπιρίψαντες","ἐπιρίψαντες","ἐπιρίπτω"
42,19,35,"RP","GPM","⸀αὐτῶν","αὐτῶν","αὐτῶν","αὐτός"
42,19,35,"RA","APN","τὰ","τὰ","τά","ὁ"
42,19,35,"N","APN","ἱμάτια","ἱμάτια","ἱμάτια","ἱμάτιον"
42,19,35,"P",NULL,"ἐπὶ","ἐπὶ","ἐπί","ἐπί"
42,19,35,"RA","ASM","τὸν","τὸν","τόν","ὁ"
42,19,35,"N","ASM","πῶλον","πῶλον","πῶλον","πῶλος"
42,19,35,"V","3AAI-P","ἐπεβίβασαν","ἐπεβίβασαν","ἐπεβίβασαν","ἐπιβιβάζω"
42,19,35,"RA","ASM","τὸν","τὸν","τόν","ὁ"
42,19,35,"N","ASM","Ἰησοῦν·","Ἰησοῦν","Ἰησοῦν","Ἰησοῦς"
42,19,36,"V","PMPGSM","πορευομένου","πορευομένου","πορευομένου","πορεύομαι"
42,19,36,"C",NULL,"δὲ","δὲ","δέ","δέ"
42,19,36,"RP","GSM","αὐτοῦ","αὐτοῦ","αὐτοῦ","αὐτός"
42,19,36,"V","3IAI-P","ὑπεστρώννυον","ὑπεστρώννυον","ὑπεστρώννυον","ὑποστρωννύω"
42,19,36,"RA","APN","τὰ","τὰ","τά","ὁ"
42,19,36,"N","APN","ἱμάτια","ἱμάτια","ἱμάτια","ἱμάτιον"
42,19,36,"RP","GPM","⸀ἑαυτῶν","ἑαυτῶν","ἑαυτῶν","ἑαυτοῦ"
42,19,36,"P",NULL,"ἐν","ἐν","ἐν","ἐν"
42,19,36,"RA","DSF","τῇ","τῇ","τῇ","ὁ"
42,19,36,"N","DSF","ὁδῷ.","ὁδῷ","ὁδῷ","ὁδός"
42,19,37,"V","PAPGSM","ἐγγίζοντος","ἐγγίζοντος","ἐγγίζοντος","ἐγγίζω"
42,19,37,"C",NULL,"δὲ","δὲ","δέ","δέ"
42,19,37,"RP","GSM","αὐτοῦ","αὐτοῦ","αὐτοῦ","αὐτός"
42,19,37,"D",NULL,"ἤδη","ἤδη","ἤδη","ἤδη"
42,19,37,"P",NULL,"πρὸς","πρὸς","πρός","πρός"
42,19,37,"RA","DSF","τῇ","τῇ","τῇ","ὁ"
42,19,37,"N","DSF","καταβάσει","καταβάσει","καταβάσει","κατάβασις"
42,19,37,"RA","GSN","τοῦ","τοῦ","τοῦ","ὁ"
42,19,37,"N","GSN","Ὄρους","Ὄρους","ὄρους","ὄρος"
42,19,37,"RA","GPF","τῶν","τῶν","τῶν","ὁ"
42,19,37,"N","GPF","Ἐλαιῶν","Ἐλαιῶν","ἐλαιῶν","ἐλαία"
42,19,37,"V","3AMI-P","ἤρξαντο","ἤρξαντο","ἤρξαντο","ἄρχω"
42,19,37,"A","NSN","ἅπαν","ἅπαν","ἅπαν","ἅπας"
42,19,37,"RA","NSN","τὸ","τὸ","τό","ὁ"
42,19,37,"N","NSN","πλῆθος","πλῆθος","πλῆθος","πλῆθος"
42,19,37,"RA","GPM","τῶν","τῶν","τῶν","ὁ"
42,19,37,"N","GPM","μαθητῶν","μαθητῶν","μαθητῶν","μαθητής"
42,19,37,"V","PAPNPM","χαίροντες","χαίροντες","χαίροντες","χαίρω"
42,19,37,"V","PAN","αἰνεῖν","αἰνεῖν","αἰνεῖν","αἰνέω"
42,19,37,"RA","ASM","τὸν","τὸν","τόν","ὁ"
42,19,37,"N","ASM","θεὸν","θεὸν","θεόν","θεός"
42,19,37,"N","DSF","φωνῇ","φωνῇ","φωνῇ","φωνή"
42,19,37,"A","DSF","μεγάλῃ","μεγάλῃ","μεγάλῃ","μέγας"
42,19,37,"P",NULL,"περὶ","περὶ","περί","περί"
42,19,37,"A","GPF","⸀πασῶν","πασῶν","πασῶν","πᾶς"
42,19,37,"RR","GPF","ὧν","ὧν","ὧν","ὅς"
42,19,37,"V","3AAI-P","εἶδον","εἶδον","εἶδον","ὁράω"
42,19,37,"N","GPF","δυνάμεων,","δυνάμεων","δυνάμεων","δύναμις"
42,19,38,"V","PAPNPM","λέγοντες·","λέγοντες","λέγοντες","λέγω"
42,19,38,"V","XPPNSM","Εὐλογημένος","Εὐλογημένος","εὐλογημένος","εὐλογέω"
42,19,38,"RA","NSM","ὁ","ὁ","ὁ","ὁ"
42,19,38,"V","PMPNSM","ἐρχόμενος","ἐρχόμενος","ἐρχόμενος","ἔρχομαι"
42,19,38,"N","NSM","⸀βασιλεὺς","βασιλεὺς","βασιλεύς","βασιλεύς"
42,19,38,"P",NULL,"ἐν","ἐν","ἐν","ἐν"
42,19,38,"N","DSN","ὀνόματι","ὀνόματι","ὀνόματι","ὄνομα"
42,19,38,"N","GSM","κυρίου·","κυρίου","κυρίου","κύριος"
42,19,38,"P",NULL,"⸂ἐν","ἐν","ἐν","ἐν"
42,19,38,"N","DSM","οὐρανῷ","οὐρανῷ","οὐρανῷ","οὐρανός"
42,19,38,"N","NSF","εἰρήνη⸃","εἰρήνη","εἰρήνη","εἰρήνη"
42,19,38,"C",NULL,"καὶ","καὶ","καί","καί"
42,19,38,"N","NSF","δόξα","δόξα","δόξα","δόξα"
42,19,38,"P",NULL,"ἐν","ἐν","ἐν","ἐν"
42,19,38,"A","DPNS","ὑψίστοις.","ὑψίστοις","ὑψίστοις","ὕψιστος"
42,19,39,"C",NULL,"καί","καί","καί","καί"
42,19,39,"RI","NPM","τινες","τινες","τινές","τις"
42,19,39,"RA","GPM","τῶν","τῶν","τῶν","ὁ"
42,19,39,"N","GPM","Φαρισαίων","Φαρισαίων","Φαρισαίων","Φαρισαῖος"
42,19,39,"P",NULL,"ἀπὸ","ἀπὸ","ἀπό","ἀπό"
42,19,39,"RA","GSM","τοῦ","τοῦ","τοῦ","ὁ"
42,19,39,"N","GSM","ὄχλου","ὄχλου","ὄχλου","ὄχλος"
42,19,39,"V","3AAI-P","εἶπαν","εἶπαν","εἶπαν","λέγω"
42,19,39,"P",NULL,"πρὸς","πρὸς","πρός","πρός"
42,19,39,"RP","ASM","αὐτόν·","αὐτόν","αὐτόν","αὐτός"
42,19,39,"N","VSM","Διδάσκαλε,","Διδάσκαλε","διδάσκαλε","διδάσκαλος"
42,19,39,"V","2AAD-S","ἐπιτίμησον","ἐπιτίμησον","ἐπιτίμησον","ἐπιτιμάω"
42,19,39,"RA","DPM","τοῖς","τοῖς","τοῖς","ὁ"
42,19,39,"N","DPM","μαθηταῖς","μαθηταῖς","μαθηταῖς","μαθητής"
42,19,39,"RP","GS","σου.","σου","σου","σύ"
42,19,40,"C",NULL,"καὶ","καὶ","καί","καί"
42,19,40,"V","APPNSM","ἀποκριθεὶς","ἀποκριθεὶς","ἀποκριθείς","ἀποκρίνομαι"
42,19,40,"V","3AAI-S","⸀εἶπεν·","εἶπεν","εἶπε(ν)","λέγω"
42,19,40,"V","1PAI-S","Λέγω","Λέγω","λέγω","λέγω"
42,19,40,"RP","DP","ὑμῖν,","ὑμῖν","ὑμῖν","σύ"
42,19,40,"C",NULL,"⸀ὅτι","ὅτι","ὅτι","ὅτι"
42,19,40,"C",NULL,"ἐὰν","ἐὰν","ἐάν","ἐάν"
42,19,40,"RD","NPM","οὗτοι","οὗτοι","οὗτοι","οὗτος"
42,19,40,"V","3FAI-P","⸀σιωπήσουσιν,","σιωπήσουσιν","σιωπήσουσι(ν)","σιωπάω"
42,19,40,"RA","NPM","οἱ","οἱ","οἱ","ὁ"
42,19,40,"N","NPM","λίθοι","λίθοι","λίθοι","λίθος"
42,19,40,"V","3FAI-P","⸀κράξουσιν.","κράξουσιν","κράξουσι(ν)","κράζω"
42,19,41,"C",NULL,"Καὶ","Καὶ","καί","καί"
42,19,41,"C",NULL,"ὡς","ὡς","ὡς","ὡς"
42,19,41,"V","3AAI-S","ἤγγισεν,","ἤγγισεν","ἤγγισε(ν)","ἐγγίζω"
42,19,41,"V","AAPNSM","ἰδὼν","ἰδὼν","ἰδών","ὁράω"
42,19,41,"RA","ASF","τὴν","τὴν","τήν","ὁ"
42,19,41,"N","ASF","πόλιν","πόλιν","πόλιν","πόλις"
42,19,41,"V","3AAI-S","ἔκλαυσεν","ἔκλαυσεν","ἔκλαυσε(ν)","κλαίω"
42,19,41,"P",NULL,"ἐπ’","ἐπ’","ἐπί","ἐπί"
42,19,41,"RP","ASF","⸀αὐτήν,","αὐτήν","αὐτήν","αὐτός"
42,19,42,"V","PAPNSM","λέγων","λέγων","λέγων","λέγω"
42,19,42,"C",NULL,"ὅτι","ὅτι","ὅτι","ὅτι"
42,19,42,"C",NULL,"Εἰ","Εἰ","εἰ","εἰ"
42,19,42,"V","2AAI-S","ἔγνως","ἔγνως","ἔγνως","γινώσκω"
42,19,42,"P",NULL,"⸂ἐν","ἐν","ἐν","ἐν"
42,19,42,"RA","DSF","τῇ","τῇ","τῇ","ὁ"
42,19,42,"N","DSF","ἡμέρᾳ","ἡμέρᾳ","ἡμέρᾳ","ἡμέρα"
42,19,42,"RD","DSF","ταύτῃ","ταύτῃ","ταύτῃ","οὗτος"
42,19,42,"D",NULL,"καὶ","καὶ","καί","καί"
42,19,42,"RP","NS","σὺ⸃","σὺ","σύ","σύ"
42,19,42,"RA","APN","τὰ","τὰ","τά","ὁ"
42,19,42,"P",NULL,"πρὸς","πρὸς","πρός","πρός"
42,19,42,"N","ASF","⸀εἰρήνην—","εἰρήνην","εἰρήνην","εἰρήνη"
42,19,42,"D",NULL,"νῦν","νῦν","νῦν","νῦν"
42,19,42,"C",NULL,"δὲ","δὲ","δέ","δέ"
42,19,42,"V","3API-S","ἐκρύβη","ἐκρύβη","ἐκρύβη","κρύπτω"
42,19,42,"P",NULL,"ἀπὸ","ἀπὸ","ἀπό","ἀπό"
42,19,42,"N","GPM","ὀφθαλμῶν","ὀφθαλμῶν","ὀφθαλμῶν","ὀφθαλμός"
42,19,42,"RP","GS","σου.","σου","σου","σύ"
42,19,43,"C",NULL,"ὅτι","ὅτι","ὅτι","ὅτι"
42,19,43,"V","3FAI-P","ἥξουσιν","ἥξουσιν","ἥξουσι(ν)","ἥκω"
42,19,43,"N","NPF","ἡμέραι","ἡμέραι","ἡμέραι","ἡμέρα"
42,19,43,"P",NULL,"ἐπὶ","ἐπὶ","ἐπί","ἐπί"
42,19,43,"RP","AS","σὲ","σὲ","σέ","σύ"
42,19,43,"C",NULL,"καὶ","καὶ","καί","καί"
42,19,43,"V","3FAI-P","⸀παρεμβαλοῦσιν","παρεμβαλοῦσιν","παρεμβαλοῦσι(ν)","παρεμβάλλω"
42,19,43,"RA","NPM","οἱ","οἱ","οἱ","ὁ"
42,19,43,"A","NPM","ἐχθροί","ἐχθροί","ἐχθροί","ἐχθρός"
42,19,43,"RP","GS","σου","σου","σου","σύ"
42,19,43,"N","ASM","χάρακά","χάρακά","χάρακα","χάραξ"
42,19,43,"RP","DS","σοι","σοι","σοι","σύ"
42,19,43,"C",NULL,"καὶ","καὶ","καί","καί"
42,19,43,"V","3FAI-P","περικυκλώσουσίν","περικυκλώσουσίν","περικυκλώσουσι(ν)","περικυκλόω"
42,19,43,"RP","AS","σε","σε","σε","σύ"
42,19,43,"C",NULL,"καὶ","καὶ","καί","καί"
42,19,43,"V","3FAI-P","συνέξουσίν","συνέξουσίν","συνέξουσι(ν)","συνέχω"
42,19,43,"RP","AS","σε","σε","σε","σύ"
42,19,43,"D",NULL,"πάντοθεν,","πάντοθεν","πάντοθεν","πάντοθεν"
42,19,44,"C",NULL,"καὶ","καὶ","καί","καί"
42,19,44,"V","3FAI-P","ἐδαφιοῦσίν","ἐδαφιοῦσίν","ἐδαφιοῦσι(ν)","ἐδαφίζω"
42,19,44,"RP","AS","σε","σε","σε","σύ"
42,19,44,"C",NULL,"καὶ","καὶ","καί","καί"
42,19,44,"RA","APN","τὰ","τὰ","τά","ὁ"
42,19,44,"N","APN","τέκνα","τέκνα","τέκνα","τέκνον"
42,19,44,"RP","GS","σου","σου","σου","σύ"
42,19,44,"P",NULL,"ἐν","ἐν","ἐν","ἐν"
42,19,44,"RP","DS","σοί,","σοί","σοί","σύ"
42,19,44,"C",NULL,"καὶ","καὶ","καί","καί"
42,19,44,"D",NULL,"οὐκ","οὐκ","οὐ","οὐ"
42,19,44,"V","3FAI-P","ἀφήσουσιν","ἀφήσουσιν","ἀφήσουσι(ν)","ἀφίημι"
42,19,44,"N","ASM","⸂λίθον","λίθον","λίθον","λίθος"
42,19,44,"P",NULL,"ἐπὶ","ἐπὶ","ἐπί","ἐπί"
42,19,44,"N","ASM","λίθον","λίθον","λίθον","λίθος"
42,19,44,"P",NULL,"ἐν","ἐν","ἐν","ἐν"
42,19,44,"RP","DS","σοί⸃,","σοί","σοί","σύ"
42,19,44,"P",NULL,"ἀνθ’","ἀνθ’","ἀντί","ἀντί"
42,19,44,"RR","GPN","ὧν","ὧν","ὧν","ὅς"
42,19,44,"D",NULL,"οὐκ","οὐκ","οὐ","οὐ"
42,19,44,"V","2AAI-S","ἔγνως","ἔγνως","ἔγνως","γινώσκω"
42,19,44,"RA","ASM","τὸν","τὸν","τόν","ὁ"
42,19,44,"N","ASM","καιρὸν","καιρὸν","καιρόν","καιρός"
42,19,44,"RA","GSF","τῆς","τῆς","τῆς","ὁ"
42,19,44,"N","GSF","ἐπισκοπῆς","ἐπισκοπῆς","ἐπισκοπῆς","ἐπισκοπή"
42,19,44,"RP","GS","σου.","σου","σου","σύ"
42,19,45,"C",NULL,"Καὶ","Καὶ","καί","καί"
42,19,45,"V","AAPNSM","εἰσελθὼν","εἰσελθὼν","εἰσελθών","εἰσέρχομαι"
42,19,45,"P",NULL,"εἰς","εἰς","εἰς","εἰς"
42,19,45,"RA","ASN","τὸ","τὸ","τό","ὁ"
42,19,45,"A","ASN","ἱερὸν","ἱερὸν","ἱερόν","ἱερός"
42,19,45,"V","3AMI-S","ἤρξατο","ἤρξατο","ἤρξατο","ἄρχω"
42,19,45,"V","PAN","ἐκβάλλειν","ἐκβάλλειν","ἐκβάλλειν","ἐκβάλλω"
42,19,45,"RA","APM","τοὺς","τοὺς","τούς","ὁ"
42,19,45,"V","PAPAPM","⸀πωλοῦντας,","πωλοῦντας","πωλοῦντας","πωλέω"
42,19,46,"V","PAPNSM","λέγων","λέγων","λέγων","λέγω"
42,19,46,"RP","DPM","αὐτοῖς·","αὐτοῖς","αὐτοῖς","αὐτός"
42,19,46,"V","3XPI-S","Γέγραπται·","Γέγραπται","γέγραπται","γράφω"
42,19,46,"C",NULL,"⸂Καὶ","Καὶ","καί","καί"
42,19,46,"V","3FMI-S","ἔσται⸃","ἔσται","ἔσται","εἰμί"
42,19,46,"RA","NSM","ὁ","ὁ","ὁ","ὁ"
42,19,46,"N","NSM","οἶκός","οἶκός","οἶκος","οἶκος"
42,19,46,"RP","GS","μου","μου","μου","ἐγώ"
42,19,46,"N","NSM","οἶκος","οἶκος","οἶκος","οἶκος"
42,19,46,"N","GSF","⸀προσευχῆς,","προσευχῆς","προσευχῆς","προσευχή"
42,19,46,"RP","NP","ὑμεῖς","ὑμεῖς","ὑμεῖς","σύ"
42,19,46,"C",NULL,"δὲ","δὲ","δέ","δέ"
42,19,46,"RP","ASM","αὐτὸν","αὐτὸν","αὐτόν","αὐτός"
42,19,46,"V","2AAI-P","ἐποιήσατε","ἐποιήσατε","ἐποιήσατε","ποιέω"
42,19,46,"N","ASN","σπήλαιον","σπήλαιον","σπήλαιον","σπήλαιον"
42,19,46,"N","GPM","λῃστῶν.","λῃστῶν","λῃστῶν","λῃστής"
42,19,47,"C",NULL,"Καὶ","Καὶ","καί","καί"
42,19,47,"V","3IAI-S","ἦν","ἦν","ἦν","εἰμί"
42,19,47,"V","PAPNSM","διδάσκων","διδάσκων","διδάσκων","διδάσκω"
42,19,47,"RA","ASN","τὸ","τὸ","τό","ὁ"
42,19,47,"P",NULL,"καθ’","καθ’","κατά","κατά"
42,19,47,"N","ASF","ἡμέραν","ἡμέραν","ἡμέραν","ἡμέρα"
42,19,47,"P",NULL,"ἐν","ἐν","ἐν","ἐν"
42,19,47,"RA","DSN","τῷ","τῷ","τῷ","ὁ"
42,19,47,"A","DSN","ἱερῷ·","ἱερῷ","ἱερῷ","ἱερός"
42,19,47,"RA","NPM","οἱ","οἱ","οἱ","ὁ"
42,19,47,"C",NULL,"δὲ","δὲ","δέ","δέ"
42,19,47,"N","NPM","ἀρχιερεῖς","ἀρχιερεῖς","ἀρχιερεῖς","ἀρχιερεύς"
42,19,47,"C",NULL,"καὶ","καὶ","καί","καί"
42,19,47,"RA","NPM","οἱ","οἱ","οἱ","ὁ"
42,19,47,"N","NPM","γραμματεῖς","γραμματεῖς","γραμματεῖς","γραμματεύς"
42,19,47,"V","3IAI-P","ἐζήτουν","ἐζήτουν","ἐζήτουν","ζητέω"
42,19,47,"RP","ASM","αὐτὸν","αὐτὸν","αὐτόν","αὐτός"
42,19,47,"V","AAN","ἀπολέσαι","ἀπολέσαι","ἀπολέσαι","ἀπόλλυμι"
42,19,47,"C",NULL,"καὶ","καὶ","καί","καί"
42,19,47,"RA","NPM","οἱ","οἱ","οἱ","ὁ"
42,19,47,"A","NPM","πρῶτοι","πρῶτοι","πρῶτοι","πρῶτος"
42,19,47,"RA","GSM","τοῦ","τοῦ","τοῦ","ὁ"
42,19,47,"N","GSM","λαοῦ,","λαοῦ","λαοῦ","λαός"
42,19,48,"C",NULL,"καὶ","καὶ","καί","καί"
42,19,48,"D",NULL,"οὐχ","οὐχ","οὐ","οὐ"
42,19,48,"V","3IAI-P","⸀εὕρισκον","εὕρισκον","εὕρισκον","εὑρίσκω"
42,19,48,"RA","ASN","τὸ","τὸ","τό","ὁ"
42,19,48,"RI","ASN","τί","τί","τί","τίς"
42,19,48,"V","3AAS-P","ποιήσωσιν,","ποιήσωσιν","ποιήσωσι(ν)","ποιέω"
42,19,48,"RA","NSM","ὁ","ὁ","ὁ","ὁ"
42,19,48,"N","NSM","λαὸς","λαὸς","λαός","λαός"
42,19,48,"C",NULL,"γὰρ","γὰρ","γάρ","γάρ"
42,19,48,"A","NSM","ἅπας","ἅπας","ἅπας","ἅπας"
42,19,48,"V","3AMI-S","ἐξεκρέματο","ἐξεκρέματο","ἐξεκρέματο","ἐκκρέμαμαι"
42,19,48,"RP","GSM","αὐτοῦ","αὐτοῦ","αὐτοῦ","αὐτός"
42,19,48,"V","PAPNSM","ἀκούων.","ἀκούων","ἀκούων","ἀκούω"
42,20,01,"C",NULL,"Καὶ","Καὶ","καί","καί"
42,20,01,"V","3AMI-S","ἐγένετο","ἐγένετο","ἐγένετο","γίνομαι"
42,20,01,"P",NULL,"ἐν","ἐν","ἐν","ἐν"
42,20,01,"A","DSF","μιᾷ","μιᾷ","μιᾷ","εἷς"
42,20,01,"RA","GPF","τῶν","τῶν","τῶν","ὁ"
42,20,01,"N","GPF","⸀ἡμερῶν","ἡμερῶν","ἡμερῶν","ἡμέρα"
42,20,01,"V","PAPGSM","διδάσκοντος","διδάσκοντος","διδάσκοντος","διδάσκω"
42,20,01,"RP","GSM","αὐτοῦ","αὐτοῦ","αὐτοῦ","αὐτός"
42,20,01,"RA","ASM","τὸν","τὸν","τόν","ὁ"
42,20,01,"N","ASM","λαὸν","λαὸν","λαόν","λαός"
42,20,01,"P",NULL,"ἐν","ἐν","ἐν","ἐν"
42,20,01,"RA","DSN","τῷ","τῷ","τῷ","ὁ"
42,20,01,"A","DSN","ἱερῷ","ἱερῷ","ἱερῷ","ἱερός"
42,20,01,"C",NULL,"καὶ","καὶ","καί","καί"
42,20,01,"V","PMPGSM","εὐαγγελιζομένου","εὐαγγελιζομένου","εὐαγγελιζομένου","εὐαγγελίζω"
42,20,01,"V","3AAI-P","ἐπέστησαν","ἐπέστησαν","ἐπέστησαν","ἐφίστημι"
42,20,01,"RA","NPM","οἱ","οἱ","οἱ","ὁ"
42,20,01,"N","NPM","⸀ἀρχιερεῖς","ἀρχιερεῖς","ἀρχιερεῖς","ἀρχιερεύς"
42,20,01,"C",NULL,"καὶ","καὶ","καί","καί"
42,20,01,"RA","NPM","οἱ","οἱ","οἱ","ὁ"
42,20,01,"N","NPM","γραμματεῖς","γραμματεῖς","γραμματεῖς","γραμματεύς"
42,20,01,"P",NULL,"σὺν","σὺν","σύν","σύν"
42,20,01,"RA","DPM","τοῖς","τοῖς","τοῖς","ὁ"
42,20,01,"A","DPM","πρεσβυτέροις,","πρεσβυτέροις","πρεσβυτέροις","πρεσβύτερος"
42,20,02,"C",NULL,"καὶ","καὶ","καί","καί"
42,20,02,"V","3AAI-P","εἶπαν","εἶπαν","εἶπαν","λέγω"
42,20,02,"V","PAPNPM","⸂λέγοντες","λέγοντες","λέγοντες","λέγω"
42,20,02,"P",NULL,"πρὸς","πρὸς","πρός","πρός"
42,20,02,"RP","ASM","αὐτόν⸃·","αὐτόν","αὐτόν","αὐτός"
42,20,02,"V","2AAD-S","Εἰπὸν","Εἰπὸν","εἰπόν","λέγω"
42,20,02,"RP","DP","ἡμῖν","ἡμῖν","ἡμῖν","ἐγώ"
42,20,02,"P",NULL,"ἐν","ἐν","ἐν","ἐν"
42,20,02,"RI","DSF","ποίᾳ","ποίᾳ","ποίᾳ","ποῖος"
42,20,02,"N","DSF","ἐξουσίᾳ","ἐξουσίᾳ","ἐξουσίᾳ","ἐξουσία"
42,20,02,"RD","APN","ταῦτα","ταῦτα","ταῦτα","οὗτος"
42,20,02,"V","2PAI-S","ποιεῖς,","ποιεῖς","ποιεῖς","ποιέω"
42,20,02,"C",NULL,"ἢ","ἢ","ἤ","ἤ"
42,20,02,"RI","NSM","τίς","τίς","τίς","τίς"
42,20,02,"V","3PAI-S","ἐστιν","ἐστιν","ἐστί(ν)","εἰμί"
42,20,02,"RA","NSM","ὁ","ὁ","ὁ","ὁ"
42,20,02,"V","AAPNSM","δούς","δούς","δούς","δίδωμι"
42,20,02,"RP","DS","σοι","σοι","σοι","σύ"
42,20,02,"RA","ASF","τὴν","τὴν","τήν","ὁ"
42,20,02,"N","ASF","ἐξουσίαν","ἐξουσίαν","ἐξουσίαν","ἐξουσία"
42,20,02,"RD","ASF","ταύτην;","ταύτην","ταύτην","οὗτος"
42,20,03,"V","APPNSM","ἀποκριθεὶς","ἀποκριθεὶς","ἀποκριθείς","ἀποκρίνομαι"
42,20,03,"C",NULL,"δὲ","δὲ","δέ","δέ"
42,20,03,"V","3AAI-S","εἶπεν","εἶπεν","εἶπε(ν)","λέγω"
42,20,03,"P",NULL,"πρὸς","πρὸς","πρός","πρός"
42,20,03,"RP","APM","αὐτούς·","αὐτούς","αὐτούς","αὐτός"
42,20,03,"V","1FAI-S","Ἐρωτήσω","Ἐρωτήσω","ἐρωτήσω","ἐρωτάω"
42,20,03,"RP","AP","ὑμᾶς","ὑμᾶς","ὑμᾶς","σύ"
42,20,03,"RP","NS","⸀κἀγὼ","κἀγὼ","κἀγώ","κἀγώ"
42,20,03,"N","ASM","λόγον,","λόγον","λόγον","λόγος"
42,20,03,"C",NULL,"καὶ","καὶ","καί","καί"
42,20,03,"V","2AAD-P","εἴπατέ","εἴπατέ","εἴπατε","λέγω"
42,20,03,"RP","DS","μοι·","μοι","μοι","ἐγώ"
42,20,04,"RA","NSN","Τὸ","Τὸ","τό","ὁ"
42,20,04,"N","NSN","βάπτισμα","βάπτισμα","βάπτισμα","βάπτισμα"
42,20,04,"N","GSM","Ἰωάννου","Ἰωάννου","Ἰωάννου","Ἰωάννης"
42,20,04,"P",NULL,"ἐξ","ἐξ","ἐκ","ἐκ"
42,20,04,"N","GSM","οὐρανοῦ","οὐρανοῦ","οὐρανοῦ","οὐρανός"
42,20,04,"V","3IAI-S","ἦν","ἦν","ἦν","εἰμί"
42,20,04,"C",NULL,"ἢ","ἢ","ἤ","ἤ"
42,20,04,"P",NULL,"ἐξ","ἐξ","ἐκ","ἐκ"
42,20,04,"N","GPM","ἀνθρώπων;","ἀνθρώπων","ἀνθρώπων","ἄνθρωπος"
42,20,05,"RA","NPM","οἱ","οἱ","οἱ","ὁ"
42,20,05,"C",NULL,"δὲ","δὲ","δέ","δέ"
42,20,05,"V","3AMI-P","συνελογίσαντο","συνελογίσαντο","συνελογίσαντο","συλλογίζομαι"
42,20,05,"P",NULL,"πρὸς","πρὸς","πρός","πρός"
42,20,05,"RP","APM","ἑαυτοὺς","ἑαυτοὺς","ἑαυτούς","ἑαυτοῦ"
42,20,05,"V","PAPNPM","λέγοντες","λέγοντες","λέγοντες","λέγω"
42,20,05,"C",NULL,"ὅτι","ὅτι","ὅτι","ὅτι"
42,20,05,"C",NULL,"Ἐὰν","Ἐὰν","ἐάν","ἐάν"
42,20,05,"V","1AAS-P","εἴπωμεν·","εἴπωμεν","εἴπωμεν","λέγω"
42,20,05,"P",NULL,"Ἐξ","Ἐξ","ἐκ","ἐκ"
42,20,05,"N","GSM","οὐρανοῦ,","οὐρανοῦ","οὐρανοῦ","οὐρανός"
42,20,05,"V","3FAI-S","ἐρεῖ·","ἐρεῖ","ἐρεῖ","λέγω"
42,20,05,"P",NULL,"Διὰ","Διὰ","διά","διά"
42,20,05,"RI","ASN","τί","τί","τί","τίς"
42,20,05,"D",NULL,"οὐκ","οὐκ","οὐ","οὐ"
42,20,05,"V","2AAI-P","ἐπιστεύσατε","ἐπιστεύσατε","ἐπιστεύσατε","πιστεύω"
42,20,05,"RP","DSM","αὐτῷ;","αὐτῷ","αὐτῷ","αὐτός"
42,20,06,"C",NULL,"ἐὰν","ἐὰν","ἐάν","ἐάν"
42,20,06,"C",NULL,"δὲ","δὲ","δέ","δέ"
42,20,06,"V","1AAS-P","εἴπωμεν·","εἴπωμεν","εἴπωμεν","λέγω"
42,20,06,"P",NULL,"Ἐξ","Ἐξ","ἐκ","ἐκ"
42,20,06,"N","GPM","ἀνθρώπων,","ἀνθρώπων","ἀνθρώπων","ἄνθρωπος"
42,20,06,"RA","NSM","⸂ὁ","ὁ","ὁ","ὁ"
42,20,06,"N","NSM","λαὸς","λαὸς","λαός","λαός"
42,20,06,"A","NSM","ἅπας⸃","ἅπας","ἅπας","ἅπας"
42,20,06,"V","3FAI-S","καταλιθάσει","καταλιθάσει","καταλιθάσει","καταλιθάζω"
42,20,06,"RP","AP","ἡμᾶς,","ἡμᾶς","ἡμᾶς","ἐγώ"
42,20,06,"V","XPPNSM","πεπεισμένος","πεπεισμένος","πεπεισμένος","πείθω"
42,20,06,"C",NULL,"γάρ","γάρ","γάρ","γάρ"
42,20,06,"V","3PAI-S","ἐστιν","ἐστιν","ἐστί(ν)","εἰμί"
42,20,06,"N","ASM","Ἰωάννην","Ἰωάννην","Ἰωάννην","Ἰωάννης"
42,20,06,"N","ASM","προφήτην","προφήτην","προφήτην","προφήτης"
42,20,06,"V","PAN","εἶναι·","εἶναι","εἶναι","εἰμί"
42,20,07,"C",NULL,"καὶ","καὶ","καί","καί"
42,20,07,"V","3API-P","ἀπεκρίθησαν","ἀπεκρίθησαν","ἀπεκρίθησαν","ἀποκρίνομαι"
42,20,07,"D",NULL,"μὴ","μὴ","μή","μή"
42,20,07,"V","XAN","εἰδέναι","εἰδέναι","εἰδέναι","οἶδα"
42,20,07,"D",NULL,"πόθεν.","πόθεν","πόθεν","πόθεν"
42,20,08,"C",NULL,"καὶ","καὶ","καί","καί"
42,20,08,"RA","NSM","ὁ","ὁ","ὁ","ὁ"
42,20,08,"N","NSM","Ἰησοῦς","Ἰησοῦς","Ἰησοῦς","Ἰησοῦς"
42,20,08,"V","3AAI-S","εἶπεν","εἶπεν","εἶπε(ν)","λέγω"
42,20,08,"RP","DPM","αὐτοῖς·","αὐτοῖς","αὐτοῖς","αὐτός"
42,20,08,"D",NULL,"Οὐδὲ","Οὐδὲ","οὐδέ","οὐδέ"
42,20,08,"RP","NS","ἐγὼ","ἐγὼ","ἐγώ","ἐγώ"
42,20,08,"V","1PAI-S","λέγω","λέγω","λέγω","λέγω"
42,20,08,"RP","DP","ὑμῖν","ὑμῖν","ὑμῖν","σύ"
42,20,08,"P",NULL,"ἐν","ἐν","ἐν","ἐν"
42,20,08,"RI","DSF","ποίᾳ","ποίᾳ","ποίᾳ","ποῖος"
42,20,08,"N","DSF","ἐξουσίᾳ","ἐξουσίᾳ","ἐξουσίᾳ","ἐξουσία"
42,20,08,"RD","APN","ταῦτα","ταῦτα","ταῦτα","οὗτος"
42,20,08,"V","1PAI-S","ποιῶ.","ποιῶ","ποιῶ","ποιέω"
42,20,09,"V","3AMI-S","Ἤρξατο","Ἤρξατο","ἤρξατο","ἄρχω"
42,20,09,"C",NULL,"δὲ","δὲ","δέ","δέ"
42,20,09,"P",NULL,"πρὸς","πρὸς","πρός","πρός"
42,20,09,"RA","ASM","τὸν","τὸν","τόν","ὁ"
42,20,09,"N","ASM","λαὸν","λαὸν","λαόν","λαός"
42,20,09,"V","PAN","λέγειν","λέγειν","λέγειν","λέγω"
42,20,09,"RA","ASF","τὴν","τὴν","τήν","ὁ"
42,20,09,"N","ASF","παραβολὴν","παραβολὴν","παραβολήν","παραβολή"
42,20,09,"RD","ASF","ταύτην·","ταύτην","ταύτην","οὗτος"
42,20,09,"N","NSM","⸀Ἄνθρωπος","Ἄνθρωπος","ἄνθρωπος","ἄνθρωπος"
42,20,09,"V","3AAI-S","ἐφύτευσεν","ἐφύτευσεν","ἐφύτευσε(ν)","φυτεύω"
42,20,09,"N","ASM","ἀμπελῶνα,","ἀμπελῶνα","ἀμπελῶνα","ἀμπελών"
42,20,09,"C",NULL,"καὶ","καὶ","καί","καί"
42,20,09,"V","3AMI-S","ἐξέδετο","ἐξέδετο","ἐξέδετο","ἐκδίδωμι"
42,20,09,"RP","ASM","αὐτὸν","αὐτὸν","αὐτόν","αὐτός"
42,20,09,"N","DPM","γεωργοῖς,","γεωργοῖς","γεωργοῖς","γεωργός"
42,20,09,"C",NULL,"καὶ","καὶ","καί","καί"
42,20,09,"V","3AAI-S","ἀπεδήμησεν","ἀπεδήμησεν","ἀπεδήμησε(ν)","ἀποδημέω"
42,20,09,"N","APM","χρόνους","χρόνους","χρόνους","χρόνος"
42,20,09,"A","APM","ἱκανούς.","ἱκανούς","ἱκανούς","ἱκανός"
42,20,10,"C",NULL,"⸀καὶ","καὶ","καί","καί"
42,20,10,"N","DSM","καιρῷ","καιρῷ","καιρῷ","καιρός"
42,20,10,"V","3AAI-S","ἀπέστειλεν","ἀπέστειλεν","ἀπέστειλε(ν)","ἀποστέλλω"
42,20,10,"P",NULL,"πρὸς","πρὸς","πρός","πρός"
42,20,10,"RA","APM","τοὺς","τοὺς","τούς","ὁ"
42,20,10,"N","APM","γεωργοὺς","γεωργοὺς","γεωργούς","γεωργός"
42,20,10,"N","ASM","δοῦλον,","δοῦλον","δοῦλον","δοῦλος"
42,20,10,"C",NULL,"ἵνα","ἵνα","ἵνα","ἵνα"
42,20,10,"P",NULL,"ἀπὸ","ἀπὸ","ἀπό","ἀπό"
42,20,10,"RA","GSM","τοῦ","τοῦ","τοῦ","ὁ"
42,20,10,"N","GSM","καρποῦ","καρποῦ","καρποῦ","καρπός"
42,20,10,"RA","GSM","τοῦ","τοῦ","τοῦ","ὁ"
42,20,10,"N","GSM","ἀμπελῶνος","ἀμπελῶνος","ἀμπελῶνος","ἀμπελών"
42,20,10,"V","3FAI-P","⸀δώσουσιν","δώσουσιν","δώσουσι(ν)","δίδωμι"
42,20,10,"RP","DSM","αὐτῷ·","αὐτῷ","αὐτῷ","αὐτός"
42,20,10,"RA","NPM","οἱ","οἱ","οἱ","ὁ"
42,20,10,"C",NULL,"δὲ","δὲ","δέ","δέ"
42,20,10,"N","NPM","γεωργοὶ","γεωργοὶ","γεωργοί","γεωργός"
42,20,10,"V","3AAI-P","⸂ἐξαπέστειλαν","ἐξαπέστειλαν","ἐξαπέστειλαν","ἐξαποστέλλω"
42,20,10,"RP","ASM","αὐτὸν","αὐτὸν","αὐτόν","αὐτός"
42,20,10,"V","AAPNPM","δείραντες⸃","δείραντες","δείραντες","δέρω"
42,20,10,"A","ASM","κενόν.","κενόν","κενόν","κενός"
42,20,11,"C",NULL,"καὶ","καὶ","καί","καί"
42,20,11,"V","3AMI-S","προσέθετο","προσέθετο","προσέθετο","προστίθημι"
42,20,11,"A","ASM","⸂ἕτερον","ἕτερον","ἕτερον","ἕτερος"
42,20,11,"V","AAN","πέμψαι⸃","πέμψαι","πέμψαι","πέμπω"
42,20,11,"N","ASM","δοῦλον·","δοῦλον","δοῦλον","δοῦλος"
42,20,11,"RA","NPM","οἱ","οἱ","οἱ","ὁ"
42,20,11,"C",NULL,"δὲ","δὲ","δέ","δέ"
42,20,11,"RD","ASM","κἀκεῖνον","κἀκεῖνον","κἀκεῖνον","κἀκεῖνος"
42,20,11,"V","AAPNPM","δείραντες","δείραντες","δείραντες","δέρω"
42,20,11,"C",NULL,"καὶ","καὶ","καί","καί"
42,20,11,"V","AAPNPM","ἀτιμάσαντες","ἀτιμάσαντες","ἀτιμάσαντες","ἀτιμάζω"
42,20,11,"V","3AAI-P","ἐξαπέστειλαν","ἐξαπέστειλαν","ἐξαπέστειλαν","ἐξαποστέλλω"
42,20,11,"A","ASM","κενόν.","κενόν","κενόν","κενός"
42,20,12,"C",NULL,"καὶ","καὶ","καί","καί"
42,20,12,"V","3AMI-S","προσέθετο","προσέθετο","προσέθετο","προστίθημι"
42,20,12,"D",NULL,"⸂τρίτον","τρίτον","τρίτον","τρίτον"
42,20,12,"V","AAN","πέμψαι⸃·","πέμψαι","πέμψαι","πέμπω"
42,20,12,"RA","NPM","οἱ","οἱ","οἱ","ὁ"
42,20,12,"C",NULL,"δὲ","δὲ","δέ","δέ"
42,20,12,"D",NULL,"καὶ","καὶ","καί","καί"
42,20,12,"RD","ASM","τοῦτον","τοῦτον","τοῦτον","οὗτος"
42,20,12,"V","AAPNPM","τραυματίσαντες","τραυματίσαντες","τραυματίσαντες","τραυματίζω"
42,20,12,"V","3AAI-P","ἐξέβαλον.","ἐξέβαλον","ἐξέβαλον","ἐκβάλλω"
42,20,13,"V","3AAI-S","εἶπεν","εἶπεν","εἶπε(ν)","λέγω"
42,20,13,"C",NULL,"δὲ","δὲ","δέ","δέ"
42,20,13,"RA","NSM","ὁ","ὁ","ὁ","ὁ"
42,20,13,"N","NSM","κύριος","κύριος","κύριος","κύριος"
42,20,13,"RA","GSM","τοῦ","τοῦ","τοῦ","ὁ"
42,20,13,"N","GSM","ἀμπελῶνος·","ἀμπελῶνος","ἀμπελῶνος","ἀμπελών"
42,20,13,"RI","ASN","Τί","Τί","τί","τίς"
42,20,13,"V","1AAS-S","ποιήσω;","ποιήσω","ποιήσω","ποιέω"
42,20,13,"V","1FAI-S","πέμψω","πέμψω","πέμψω","πέμπω"
42,20,13,"RA","ASM","τὸν","τὸν","τόν","ὁ"
42,20,13,"N","ASM","υἱόν","υἱόν","υἱόν","υἱός"
42,20,13,"RP","GS","μου","μου","μου","ἐγώ"
42,20,13,"RA","ASM","τὸν","τὸν","τόν","ὁ"
42,20,13,"A","ASM","ἀγαπητόν·","ἀγαπητόν","ἀγαπητόν","ἀγαπητός"
42,20,13,"D",NULL,"ἴσως","ἴσως","ἴσως","ἴσως"
42,20,13,"RD","ASM","⸀τοῦτον","τοῦτον","τοῦτον","οὗτος"
42,20,13,"V","3FPI-P","ἐντραπήσονται.","ἐντραπήσονται","ἐντραπήσονται","ἐντρέπω"
42,20,14,"V","AAPNPM","ἰδόντες","ἰδόντες","ἰδόντες","ὁράω"
42,20,14,"C",NULL,"δὲ","δὲ","δέ","δέ"
42,20,14,"RP","ASM","αὐτὸν","αὐτὸν","αὐτόν","αὐτός"
42,20,14,"RA","NPM","οἱ","οἱ","οἱ","ὁ"
42,20,14,"N","NPM","γεωργοὶ","γεωργοὶ","γεωργοί","γεωργός"
42,20,14,"V","3IMI-P","διελογίζοντο","διελογίζοντο","διελογίζοντο","διαλογίζομαι"
42,20,14,"P",NULL,"πρὸς","πρὸς","πρός","πρός"
42,20,14,"RP","APM","⸀ἀλλήλους","ἀλλήλους","ἀλλήλους","ἀλλήλων"
42,20,14,"V","PAPNPM","λέγοντες·","λέγοντες","λέγοντες","λέγω"
42,20,14,"RD","NSM","Οὗτός","Οὗτός","οὗτος","οὗτος"
42,20,14,"V","3PAI-S","ἐστιν","ἐστιν","ἐστί(ν)","εἰμί"
42,20,14,"RA","NSM","ὁ","ὁ","ὁ","ὁ"
42,20,14,"N","NSM","κληρονόμος·","κληρονόμος","κληρονόμος","κληρονόμος"
42,20,14,"V","1AAS-P","⸀ἀποκτείνωμεν","ἀποκτείνωμεν","ἀποκτείνωμεν","ἀποκτείνω"
42,20,14,"RP","ASM","αὐτόν,","αὐτόν","αὐτόν","αὐτός"
42,20,14,"C",NULL,"ἵνα","ἵνα","ἵνα","ἵνα"
42,20,14,"RP","GP","ἡμῶν","ἡμῶν","ἡμῶν","ἐγώ"
42,20,14,"V","3AMS-S","γένηται","γένηται","γένηται","γίνομαι"
42,20,14,"RA","NSF","ἡ","ἡ","ἡ","ὁ"
42,20,14,"N","NSF","κληρονομία·","κληρονομία","κληρονομία","κληρονομία"
42,20,15,"C",NULL,"καὶ","καὶ","καί","καί"
42,20,15,"V","AAPNPM","ἐκβαλόντες","ἐκβαλόντες","ἐκβαλόντες","ἐκβάλλω"
42,20,15,"RP","ASM","αὐτὸν","αὐτὸν","αὐτόν","αὐτός"
42,20,15,"P",NULL,"ἔξω","ἔξω","ἔξω","ἔξω"
42,20,15,"RA","GSM","τοῦ","τοῦ","τοῦ","ὁ"
42,20,15,"N","GSM","ἀμπελῶνος","ἀμπελῶνος","ἀμπελῶνος","ἀμπελών"
42,20,15,"V","3AAI-P","ἀπέκτειναν.","ἀπέκτειναν","ἀπέκτειναν","ἀποκτείνω"
42,20,15,"RI","ASN","τί","τί","τί","τίς"
42,20,15,"C",NULL,"οὖν","οὖν","οὖν","οὖν"
42,20,15,"V","3FAI-S","ποιήσει","ποιήσει","ποιήσει","ποιέω"
42,20,15,"RP","DPM","αὐτοῖς","αὐτοῖς","αὐτοῖς","αὐτός"
42,20,15,"RA","NSM","ὁ","ὁ","ὁ","ὁ"
42,20,15,"N","NSM","κύριος","κύριος","κύριος","κύριος"
42,20,15,"RA","GSM","τοῦ","τοῦ","τοῦ","ὁ"
42,20,15,"N","GSM","ἀμπελῶνος;","ἀμπελῶνος","ἀμπελῶνος","ἀμπελών"
42,20,16,"V","3FMI-S","ἐλεύσεται","ἐλεύσεται","ἐλεύσεται","ἔρχομαι"
42,20,16,"C",NULL,"καὶ","καὶ","καί","καί"
42,20,16,"V","3FAI-S","ἀπολέσει","ἀπολέσει","ἀπολέσει","ἀπόλλυμι"
42,20,16,"RA","APM","τοὺς","τοὺς","τούς","ὁ"
42,20,16,"N","APM","γεωργοὺς","γεωργοὺς","γεωργούς","γεωργός"
42,20,16,"RD","APM","τούτους,","τούτους","τούτους","οὗτος"
42,20,16,"C",NULL,"καὶ","καὶ","καί","καί"
42,20,16,"V","3FAI-S","δώσει","δώσει","δώσει","δίδωμι"
42,20,16,"RA","ASM","τὸν","τὸν","τόν","ὁ"
42,20,16,"N","ASM","ἀμπελῶνα","ἀμπελῶνα","ἀμπελῶνα","ἀμπελών"
42,20,16,"A","DPM","ἄλλοις.","ἄλλοις","ἄλλοις","ἄλλος"
42,20,16,"V","AAPNPM","ἀκούσαντες","ἀκούσαντες","ἀκούσαντες","ἀκούω"
42,20,16,"C",NULL,"δὲ","δὲ","δέ","δέ"
42,20,16,"V","3AAI-P","εἶπαν·","εἶπαν","εἶπαν","λέγω"
42,20,16,"D",NULL,"Μὴ","Μὴ","μή","μή"
42,20,16,"V","3AMO-S","γένοιτο.","γένοιτο","γένοιτο","γίνομαι"
42,20,17,"RA","NSM","ὁ","ὁ","ὁ","ὁ"
42,20,17,"C",NULL,"δὲ","δὲ","δέ","δέ"
42,20,17,"V","AAPNSM","ἐμβλέψας","ἐμβλέψας","ἐμβλέψας","ἐμβλέπω"
42,20,17,"RP","DPM","αὐτοῖς","αὐτοῖς","αὐτοῖς","αὐτός"
42,20,17,"V","3AAI-S","εἶπεν·","εἶπεν","εἶπε(ν)","λέγω"
42,20,17,"RI","NSN","Τί","Τί","τί","τίς"
42,20,17,"C",NULL,"οὖν","οὖν","οὖν","οὖν"
42,20,17,"V","3PAI-S","ἐστιν","ἐστιν","ἐστί(ν)","εἰμί"
42,20,17,"RA","NSN","τὸ","τὸ","τό","ὁ"
42,20,17,"V","XPPNSN","γεγραμμένον","γεγραμμένον","γεγραμμένον","γράφω"
42,20,17,"RD","NSN","τοῦτο·","τοῦτο","τοῦτο","οὗτος"
42,20,17,"N","ASM","Λίθον","Λίθον","λίθον","λίθος"
42,20,17,"RR","ASM","ὃν","ὃν","ὅν","ὅς"
42,20,17,"V","3AAI-P","ἀπεδοκίμασαν","ἀπεδοκίμασαν","ἀπεδοκίμασαν","ἀποδοκιμάζω"
42,20,17,"RA","NPM","οἱ","οἱ","οἱ","ὁ"
42,20,17,"V","PAPNPM","οἰκοδομοῦντες,","οἰκοδομοῦντες","οἰκοδομοῦντες","οἰκοδομέω"
42,20,17,"RD","NSM","οὗτος","οὗτος","οὗτος","οὗτος"
42,20,17,"V","3API-S","ἐγενήθη","ἐγενήθη","ἐγενήθη","γίνομαι"
42,20,17,"P",NULL,"εἰς","εἰς","εἰς","εἰς"
42,20,17,"N","ASF","κεφαλὴν","κεφαλὴν","κεφαλήν","κεφαλή"
42,20,17,"N","GSF","γωνίας;","γωνίας","γωνίας","γωνία"
42,20,18,"A","NSM","πᾶς","πᾶς","πᾶς","πᾶς"
42,20,18,"RA","NSM","ὁ","ὁ","ὁ","ὁ"
42,20,18,"V","AAPNSM","πεσὼν","πεσὼν","πεσών","πίπτω"
42,20,18,"P",NULL,"ἐπ’","ἐπ’","ἐπί","ἐπί"
42,20,18,"RD","ASM","ἐκεῖνον","ἐκεῖνον","ἐκεῖνον","ἐκεῖνος"
42,20,18,"RA","ASM","τὸν","τὸν","τόν","ὁ"
42,20,18,"N","ASM","λίθον","λίθον","λίθον","λίθος"
42,20,18,"V","3FPI-S","συνθλασθήσεται·","συνθλασθήσεται","συνθλασθήσεται","συνθλάομαι"
42,20,18,"P",NULL,"ἐφ’","ἐφ’","ἐπί","ἐπί"
42,20,18,"RR","ASM","ὃν","ὃν","ὅν","ὅς"
42,20,18,"C",NULL,"δ’","δ’","δέ","δέ"
42,20,18,"X",NULL,"ἂν","ἂν","ἄν","ἄν"
42,20,18,"V","3AAS-S","πέσῃ,","πέσῃ","πέσῃ","πίπτω"
42,20,18,"V","3FAI-S","λικμήσει","λικμήσει","λικμήσει","λικμάω"
42,20,18,"RP","ASM","αὐτόν.","αὐτόν","αὐτόν","αὐτός"
42,20,19,"C",NULL,"καὶ","καὶ","καί","καί"
42,20,19,"V","3AAI-P","ἐζήτησαν","ἐζήτησαν","ἐζήτησαν","ζητέω"
42,20,19,"RA","NPM","οἱ","οἱ","οἱ","ὁ"
42,20,19,"N","NPM","⸂γραμματεῖς","γραμματεῖς","γραμματεῖς","γραμματεύς"
42,20,19,"C",NULL,"καὶ","καὶ","καί","καί"
42,20,19,"RA","NPM","οἱ","οἱ","οἱ","ὁ"
42,20,19,"N","NPM","ἀρχιερεῖς⸃","ἀρχιερεῖς","ἀρχιερεῖς","ἀρχιερεύς"
42,20,19,"V","AAN","ἐπιβαλεῖν","ἐπιβαλεῖν","ἐπιβαλεῖν","ἐπιβάλλω"
42,20,19,"P",NULL,"ἐπ’","ἐπ’","ἐπί","ἐπί"
42,20,19,"RP","ASM","αὐτὸν","αὐτὸν","αὐτόν","αὐτός"
42,20,19,"RA","APF","τὰς","τὰς","τάς","ὁ"
42,20,19,"N","APF","χεῖρας","χεῖρας","χεῖρας","χείρ"
42,20,19,"P",NULL,"ἐν","ἐν","ἐν","ἐν"
42,20,19,"RP","DSF","αὐτῇ","αὐτῇ","αὐτῇ","αὐτός"
42,20,19,"RA","DSF","τῇ","τῇ","τῇ","ὁ"
42,20,19,"N","DSF","ὥρᾳ,","ὥρᾳ","ὥρᾳ","ὥρα"
42,20,19,"C",NULL,"καὶ","καὶ","καί","καί"
42,20,19,"V","3API-P","ἐφοβήθησαν","ἐφοβήθησαν","ἐφοβήθησαν","φοβέομαι"
42,20,19,"RA","ASM","⸂τὸν","τὸν","τόν","ὁ"
42,20,19,"N","ASM","λαόν⸃,","λαόν","λαόν","λαός"
42,20,19,"V","3AAI-P","ἔγνωσαν","ἔγνωσαν","ἔγνωσαν","γινώσκω"
42,20,19,"C",NULL,"γὰρ","γὰρ","γάρ","γάρ"
42,20,19,"C",NULL,"ὅτι","ὅτι","ὅτι","ὅτι"
42,20,19,"P",NULL,"πρὸς","πρὸς","πρός","πρός"
42,20,19,"RP","APM","αὐτοὺς","αὐτοὺς","αὐτούς","αὐτός"
42,20,19,"V","3AAI-S","⸂εἶπεν","εἶπεν","εἶπε(ν)","λέγω"
42,20,19,"RA","ASF","τὴν","τὴν","τήν","ὁ"
42,20,19,"N","ASF","παραβολὴν","παραβολὴν","παραβολήν","παραβολή"
42,20,19,"RD","ASF","ταύτην⸃.","ταύτην","ταύτην","οὗτος"
42,20,20,"C",NULL,"Καὶ","Καὶ","καί","καί"
42,20,20,"V","AAPNPM","παρατηρήσαντες","παρατηρήσαντες","παρατηρήσαντες","παρατηρέω"
42,20,20,"V","3AAI-P","ἀπέστειλαν","ἀπέστειλαν","ἀπέστειλαν","ἀποστέλλω"
42,20,20,"A","APM","ἐγκαθέτους","ἐγκαθέτους","ἐγκαθέτους","ἐγκάθετος"
42,20,20,"V","PMPAPM","ὑποκρινομένους","ὑποκρινομένους","ὑποκρινομένους","ὑποκρίνομαι"
42,20,20,"RP","APM","ἑαυτοὺς","ἑαυτοὺς","ἑαυτούς","ἑαυτοῦ"
42,20,20,"A","APM","δικαίους","δικαίους","δικαίους","δίκαιος"
42,20,20,"V","PAN","εἶναι,","εἶναι","εἶναι","εἰμί"
42,20,20,"C",NULL,"ἵνα","ἵνα","ἵνα","ἵνα"
42,20,20,"V","3AMS-P","ἐπιλάβωνται","ἐπιλάβωνται","ἐπιλάβωνται","ἐπιλαμβάνομαι"
42,20,20,"RP","GSM","αὐτοῦ","αὐτοῦ","αὐτοῦ","αὐτός"
42,20,20,"N","GSM","λόγου,","λόγου","λόγου","λόγος"
42,20,20,"C",NULL,"⸀ὥστε","ὥστε","ὥστε","ὥστε"
42,20,20,"V","AAN","παραδοῦναι","παραδοῦναι","παραδοῦναι","παραδίδωμι"
42,20,20,"RP","ASM","αὐτὸν","αὐτὸν","αὐτόν","αὐτός"
42,20,20,"RA","DSF","τῇ","τῇ","τῇ","ὁ"
42,20,20,"N","DSF","ἀρχῇ","ἀρχῇ","ἀρχῇ","ἀρχή"
42,20,20,"C",NULL,"καὶ","καὶ","καί","καί"
42,20,20,"RA","DSF","τῇ","τῇ","τῇ","ὁ"
42,20,20,"N","DSF","ἐξουσίᾳ","ἐξουσίᾳ","ἐξουσίᾳ","ἐξουσία"
42,20,20,"RA","GSM","τοῦ","τοῦ","τοῦ","ὁ"
42,20,20,"N","GSM","ἡγεμόνος.","ἡγεμόνος","ἡγεμόνος","ἡγεμών"
42,20,21,"C",NULL,"καὶ","καὶ","καί","καί"
42,20,21,"V","3AAI-P","ἐπηρώτησαν","ἐπηρώτησαν","ἐπηρώτησαν","ἐπερωτάω"
42,20,21,"RP","ASM","αὐτὸν","αὐτὸν","αὐτόν","αὐτός"
42,20,21,"V","PAPNPM","λέγοντες·","λέγοντες","λέγοντες","λέγω"
42,20,21,"N","VSM","Διδάσκαλε,","Διδάσκαλε","διδάσκαλε","διδάσκαλος"
42,20,21,"V","1XAI-P","οἴδαμεν","οἴδαμεν","οἴδαμεν","οἶδα"
42,20,21,"C",NULL,"ὅτι","ὅτι","ὅτι","ὅτι"
42,20,21,"D",NULL,"ὀρθῶς","ὀρθῶς","ὀρθῶς","ὀρθῶς"
42,20,21,"V","2PAI-S","λέγεις","λέγεις","λέγεις","λέγω"
42,20,21,"C",NULL,"καὶ","καὶ","καί","καί"
42,20,21,"V","2PAI-S","διδάσκεις","διδάσκεις","διδάσκεις","διδάσκω"
42,20,21,"C",NULL,"καὶ","καὶ","καί","καί"
42,20,21,"D",NULL,"οὐ","οὐ","οὐ","οὐ"
42,20,21,"V","2PAI-S","λαμβάνεις","λαμβάνεις","λαμβάνεις","λαμβάνω"
42,20,21,"N","ASN","πρόσωπον,","πρόσωπον","πρόσωπον","πρόσωπον"
42,20,21,"C",NULL,"ἀλλ’","ἀλλ’","ἀλλά","ἀλλά"
42,20,21,"P",NULL,"ἐπ’","ἐπ’","ἐπί","ἐπί"
42,20,21,"N","GSF","ἀληθείας","ἀληθείας","ἀληθείας","ἀλήθεια"
42,20,21,"RA","ASF","τὴν","τὴν","τήν","ὁ"
42,20,21,"N","ASF","ὁδὸν","ὁδὸν","ὁδόν","ὁδός"
42,20,21,"RA","GSM","τοῦ","τοῦ","τοῦ","ὁ"
42,20,21,"N","GSM","θεοῦ","θεοῦ","θεοῦ","θεός"
42,20,21,"V","2PAI-S","διδάσκεις·","διδάσκεις","διδάσκεις","διδάσκω"
42,20,22,"V","3PAI-S","ἔξεστιν","ἔξεστιν","ἔξεστι(ν)","ἔξεστι(ν)"
42,20,22,"RP","AP","⸀ἡμᾶς","ἡμᾶς","ἡμᾶς","ἐγώ"
42,20,22,"N","DSM","Καίσαρι","Καίσαρι","Καίσαρι","Καῖσαρ"
42,20,22,"N","ASM","φόρον","φόρον","φόρον","φόρος"
42,20,22,"V","AAN","δοῦναι","δοῦναι","δοῦναι","δίδωμι"
42,20,22,"C",NULL,"ἢ","ἢ","ἤ","ἤ"
42,20,22,"D",NULL,"οὔ;","οὔ","οὔ","οὔ"
42,20,23,"V","AAPNSM","κατανοήσας","κατανοήσας","κατανοήσας","κατανοέω"
42,20,23,"C",NULL,"δὲ","δὲ","δέ","δέ"
42,20,23,"RP","GPM","αὐτῶν","αὐτῶν","αὐτῶν","αὐτός"
42,20,23,"RA","ASF","τὴν","τὴν","τήν","ὁ"
42,20,23,"N","ASF","πανουργίαν","πανουργίαν","πανουργίαν","πανουργία"
42,20,23,"V","3AAI-S","εἶπεν","εἶπεν","εἶπε(ν)","λέγω"
42,20,23,"P",NULL,"πρὸς","πρὸς","πρός","πρός"
42,20,23,"RP","APM","⸀αὐτούς·","αὐτούς","αὐτούς","αὐτός"
42,20,24,"V","2AAD-P","⸀Δείξατέ","Δείξατέ","δείξατε","δείκνυμι"
42,20,24,"RP","DS","μοι","μοι","μοι","ἐγώ"
42,20,24,"N","ASN","δηνάριον·","δηνάριον","δηνάριον","δηνάριον"
42,20,24,"RI","GSM","τίνος","τίνος","τίνος","τίς"
42,20,24,"V","3PAI-S","ἔχει","ἔχει","ἔχει","ἔχω"
42,20,24,"N","ASF","εἰκόνα","εἰκόνα","εἰκόνα","εἰκών"
42,20,24,"C",NULL,"καὶ","καὶ","καί","καί"
42,20,24,"N","ASF","ἐπιγραφήν;","ἐπιγραφήν","ἐπιγραφήν","ἐπιγραφή"
42,20,24,"V","APPNPM","⸀ἀποκριθέντες","ἀποκριθέντες","ἀποκριθέντες","ἀποκρίνομαι"
42,20,24,"C",NULL,"δὲ","δὲ","δέ","δέ"
42,20,24,"V","3AAI-P","εἶπαν·","εἶπαν","εἶπαν","λέγω"
42,20,24,"N","GSM","Καίσαρος.","Καίσαρος","Καίσαρος","Καῖσαρ"
42,20,25,"RA","NSM","ὁ","ὁ","ὁ","ὁ"
42,20,25,"C",NULL,"δὲ","δὲ","δέ","δέ"
42,20,25,"V","3AAI-S","εἶπεν","εἶπεν","εἶπε(ν)","λέγω"
42,20,25,"P",NULL,"⸂πρὸς","πρὸς","πρός","πρός"
42,20,25,"RP","APM","αὐτούς·","αὐτούς","αὐτούς","αὐτός"
42,20,25,"C",NULL,"Τοίνυν","Τοίνυν","τοίνυν","τοίνυν"
42,20,25,"V","2AAD-P","ἀπόδοτε⸃","ἀπόδοτε","ἀπόδοτε","ἀποδίδωμι"
42,20,25,"RA","APN","τὰ","τὰ","τά","ὁ"
42,20,25,"N","GSM","Καίσαρος","Καίσαρος","Καίσαρος","Καῖσαρ"
42,20,25,"N","DSM","Καίσαρι","Καίσαρι","Καίσαρι","Καῖσαρ"
42,20,25,"C",NULL,"καὶ","καὶ","καί","καί"
42,20,25,"RA","APN","τὰ","τὰ","τά","ὁ"
42,20,25,"RA","GSM","τοῦ","τοῦ","τοῦ","ὁ"
42,20,25,"N","GSM","θεοῦ","θεοῦ","θεοῦ","θεός"
42,20,25,"RA","DSM","τῷ","τῷ","τῷ","ὁ"
42,20,25,"N","DSM","θεῷ.","θεῷ","θεῷ","θεός"
42,20,26,"C",NULL,"καὶ","καὶ","καί","καί"
42,20,26,"D",NULL,"οὐκ","οὐκ","οὐ","οὐ"
42,20,26,"V","3AAI-P","ἴσχυσαν","ἴσχυσαν","ἴσχυσαν","ἰσχύω"
42,20,26,"V","AMN","ἐπιλαβέσθαι","ἐπιλαβέσθαι","ἐπιλαβέσθαι","ἐπιλαμβάνομαι"
42,20,26,"RA","GSM","⸀τοῦ","τοῦ","τοῦ","ὁ"
42,20,26,"N","GSN","ῥήματος","ῥήματος","ῥήματος","ῥῆμα"
42,20,26,"P",NULL,"ἐναντίον","ἐναντίον","ἐναντίον","ἐναντίον"
42,20,26,"RA","GSM","τοῦ","τοῦ","τοῦ","ὁ"
42,20,26,"N","GSM","λαοῦ,","λαοῦ","λαοῦ","λαός"
42,20,26,"C",NULL,"καὶ","καὶ","καί","καί"
42,20,26,"V","AAPNPM","θαυμάσαντες","θαυμάσαντες","θαυμάσαντες","θαυμάζω"
42,20,26,"P",NULL,"ἐπὶ","ἐπὶ","ἐπί","ἐπί"
42,20,26,"RA","DSF","τῇ","τῇ","τῇ","ὁ"
42,20,26,"N","DSF","ἀποκρίσει","ἀποκρίσει","ἀποκρίσει","ἀπόκρισις"
42,20,26,"RP","GSM","αὐτοῦ","αὐτοῦ","αὐτοῦ","αὐτός"
42,20,26,"V","3AAI-P","ἐσίγησαν.","ἐσίγησαν","ἐσίγησαν","σιγάω"
42,20,27,"V","AAPNPM","Προσελθόντες","Προσελθόντες","προσελθόντες","προσέρχομαι"
42,20,27,"C",NULL,"δέ","δέ","δέ","δέ"
42,20,27,"RI","NPM","τινες","τινες","τινές","τις"
42,20,27,"RA","GPM","τῶν","τῶν","τῶν","ὁ"
42,20,27,"N","GPM","Σαδδουκαίων,","Σαδδουκαίων","Σαδδουκαίων","Σαδδουκαῖος"
42,20,27,"RA","NPM","οἱ","οἱ","οἱ","ὁ"
42,20,27,"V","PAPNPM","⸀ἀντιλέγοντες","ἀντιλέγοντες","ἀντιλέγοντες","ἀντιλέγω"
42,20,27,"N","ASF","ἀνάστασιν","ἀνάστασιν","ἀνάστασιν","ἀνάστασις"
42,20,27,"D",NULL,"μὴ","μὴ","μή","μή"
42,20,27,"V","PAN","εἶναι,","εἶναι","εἶναι","εἰμί"
42,20,27,"V","3AAI-P","ἐπηρώτησαν","ἐπηρώτησαν","ἐπηρώτησαν","ἐπερωτάω"
42,20,27,"RP","ASM","αὐτὸν","αὐτὸν","αὐτόν","αὐτός"
42,20,28,"V","PAPNPM","λέγοντες·","λέγοντες","λέγοντες","λέγω"
42,20,28,"N","VSM","Διδάσκαλε,","Διδάσκαλε","διδάσκαλε","διδάσκαλος"
42,20,28,"N","NSM","Μωϋσῆς","Μωϋσῆς","Μωϋσῆς","Μωϋσῆς"
42,20,28,"V","3AAI-S","ἔγραψεν","ἔγραψεν","ἔγραψε(ν)","γράφω"
42,20,28,"RP","DP","ἡμῖν,","ἡμῖν","ἡμῖν","ἐγώ"
42,20,28,"C",NULL,"ἐάν","ἐάν","ἐάν","ἐάν"
42,20,28,"RI","GSM","τινος","τινος","τινός","τις"
42,20,28,"N","NSM","ἀδελφὸς","ἀδελφὸς","ἀδελφός","ἀδελφός"
42,20,28,"V","3AAS-S","ἀποθάνῃ","ἀποθάνῃ","ἀποθάνῃ","ἀποθνῄσκω"
42,20,28,"V","PAPNSM","ἔχων","ἔχων","ἔχων","ἔχω"
42,20,28,"N","ASF","γυναῖκα,","γυναῖκα","γυναῖκα","γυνή"
42,20,28,"C",NULL,"καὶ","καὶ","καί","καί"
42,20,28,"RD","NSM","οὗτος","οὗτος","οὗτος","οὗτος"
42,20,28,"A","NSM","ἄτεκνος","ἄτεκνος","ἄτεκνος","ἄτεκνος"
42,20,28,"V","3PAS-S","⸀ᾖ,","ᾖ","ᾖ","εἰμί"
42,20,28,"C",NULL,"ἵνα","ἵνα","ἵνα","ἵνα"
42,20,28,"V","3AAS-S","λάβῃ","λάβῃ","λάβῃ","λαμβάνω"
42,20,28,"RA","NSM","ὁ","ὁ","ὁ","ὁ"
42,20,28,"N","NSM","ἀδελφὸς","ἀδελφὸς","ἀδελφός","ἀδελφός"
42,20,28,"RP","GSM","αὐτοῦ","αὐτοῦ","αὐτοῦ","αὐτός"
42,20,28,"RA","ASF","τὴν","τὴν","τήν","ὁ"
42,20,28,"N","ASF","γυναῖκα","γυναῖκα","γυναῖκα","γυνή"
42,20,28,"C",NULL,"καὶ","καὶ","καί","καί"
42,20,28,"V","3AAS-S","ἐξαναστήσῃ","ἐξαναστήσῃ","ἐξαναστήσῃ","ἐξανίστημι"
42,20,28,"N","ASN","σπέρμα","σπέρμα","σπέρμα","σπέρμα"
42,20,28,"RA","DSM","τῷ","τῷ","τῷ","ὁ"
42,20,28,"N","DSM","ἀδελφῷ","ἀδελφῷ","ἀδελφῷ","ἀδελφός"
42,20,28,"RP","GSM","αὐτοῦ.","αὐτοῦ","αὐτοῦ","αὐτός"
42,20,29,"A","NPM","ἑπτὰ","ἑπτὰ","ἑπτά","ἑπτά"
42,20,29,"C",NULL,"οὖν","οὖν","οὖν","οὖν"
42,20,29,"N","NPM","ἀδελφοὶ","ἀδελφοὶ","ἀδελφοί","ἀδελφός"
42,20,29,"V","3IAI-P","ἦσαν·","ἦσαν","ἦσαν","εἰμί"
42,20,29,"C",NULL,"καὶ","καὶ","καί","καί"
42,20,29,"RA","NSM","ὁ","ὁ","ὁ","ὁ"
42,20,29,"A","NSM","πρῶτος","πρῶτος","πρῶτος","πρῶτος"
42,20,29,"V","AAPNSM","λαβὼν","λαβὼν","λαβών","λαμβάνω"
42,20,29,"N","ASF","γυναῖκα","γυναῖκα","γυναῖκα","γυνή"
42,20,29,"V","3AAI-S","ἀπέθανεν","ἀπέθανεν","ἀπέθανε(ν)","ἀποθνῄσκω"
42,20,29,"A","NSM","ἄτεκνος·","ἄτεκνος","ἄτεκνος","ἄτεκνος"
42,20,30,"C",NULL,"καὶ","καὶ","καί","καί"
42,20,30,"RA","NSM","⸂ὁ","ὁ","ὁ","ὁ"
42,20,30,"A","NSM","δεύτερος⸃","δεύτερος","δεύτερος","δεύτερος"
42,20,31,"C",NULL,"καὶ","καὶ","καί","καί"
42,20,31,"RA","NSM","ὁ","ὁ","ὁ","ὁ"
42,20,31,"A","NSM","τρίτος","τρίτος","τρίτος","τρίτος"
42,20,31,"V","3AAI-S","ἔλαβεν","ἔλαβεν","ἔλαβε(ν)","λαμβάνω"
42,20,31,"RP","ASF","⸀αὐτήν,","αὐτήν","αὐτήν","αὐτός"
42,20,31,"D",NULL,"ὡσαύτως","ὡσαύτως","ὡσαύτως","ὡσαύτως"
42,20,31,"C",NULL,"δὲ","δὲ","δέ","δέ"
42,20,31,"D",NULL,"καὶ","καὶ","καί","καί"
42,20,31,"RA","NPM","οἱ","οἱ","οἱ","ὁ"
42,20,31,"A","NPM","ἑπτὰ","ἑπτὰ","ἑπτά","ἑπτά"
42,20,31,"D",NULL,"οὐ","οὐ","οὐ","οὐ"
42,20,31,"V","3AAI-P","κατέλιπον","κατέλιπον","κατέλιπον","καταλείπω"
42,20,31,"N","APN","τέκνα","τέκνα","τέκνα","τέκνον"
42,20,31,"C",NULL,"καὶ","καὶ","καί","καί"
42,20,31,"V","3AAI-P","ἀπέθανον·","ἀπέθανον","ἀπέθανον","ἀποθνῄσκω"
42,20,32,"A","ASNC","ὕστερον","ὕστερον","ὕστερον","ὕστερος"
42,20,32,"D",NULL,"⸂καὶ","καὶ","καί","καί"
42,20,32,"RA","NSF","ἡ","ἡ","ἡ","ὁ"
42,20,32,"N","NSF","γυνὴ","γυνὴ","γυνή","γυνή"
42,20,32,"V","3AAI-S","ἀπέθανεν⸃.","ἀπέθανεν","ἀπέθανε(ν)","ἀποθνῄσκω"
42,20,33,"RA","NSF","⸂ἡ","ἡ","ἡ","ὁ"
42,20,33,"N","NSF","γυνὴ","γυνὴ","γυνή","γυνή"
42,20,33,"C",NULL,"οὖν","οὖν","οὖν","οὖν"
42,20,33,"P",NULL,"ἐν","ἐν","ἐν","ἐν"
42,20,33,"RA","DSF","τῇ⸃","τῇ","τῇ","ὁ"
42,20,33,"N","DSF","ἀναστάσει","ἀναστάσει","ἀναστάσει","ἀνάστασις"
42,20,33,"RI","GSM","τίνος","τίνος","τίνος","τίς"
42,20,33,"RP","GPM","αὐτῶν","αὐτῶν","αὐτῶν","αὐτός"
42,20,33,"V","3PMI-S","γίνεται","γίνεται","γίνεται","γίνομαι"
42,20,33,"N","NSF","γυνή;","γυνή","γυνή","γυνή"
42,20,33,"RA","NPM","οἱ","οἱ","οἱ","ὁ"
42,20,33,"C",NULL,"γὰρ","γὰρ","γάρ","γάρ"
42,20,33,"A","NPM","ἑπτὰ","ἑπτὰ","ἑπτά","ἑπτά"
42,20,33,"V","3AAI-P","ἔσχον","ἔσχον","ἔσχον","ἔχω"
42,20,33,"RP","ASF","αὐτὴν","αὐτὴν","αὐτήν","αὐτός"
42,20,33,"N","ASF","γυναῖκα.","γυναῖκα","γυναῖκα","γυνή"
42,20,34,"C",NULL,"⸀Καὶ","Καὶ","καί","καί"
42,20,34,"V","3AAI-S","εἶπεν","εἶπεν","εἶπε(ν)","λέγω"
42,20,34,"RP","DPM","αὐτοῖς","αὐτοῖς","αὐτοῖς","αὐτός"
42,20,34,"RA","NSM","ὁ","ὁ","ὁ","ὁ"
42,20,34,"N","NSM","Ἰησοῦς·","Ἰησοῦς","Ἰησοῦς","Ἰησοῦς"
42,20,34,"RA","NPM","Οἱ","Οἱ","οἱ","ὁ"
42,20,34,"N","NPM","υἱοὶ","υἱοὶ","υἱοί","υἱός"
42,20,34,"RA","GSM","τοῦ","τοῦ","τοῦ","ὁ"
42,20,34,"N","GSM","αἰῶνος","αἰῶνος","αἰῶνος","αἰών"
42,20,34,"RD","GSM","τούτου","τούτου","τούτου","οὗτος"
42,20,34,"V","3PAI-P","γαμοῦσιν","γαμοῦσιν","γαμοῦσι(ν)","γαμέω"
42,20,34,"C",NULL,"καὶ","καὶ","καί","καί"
42,20,34,"V","3PPI-P","⸀γαμίσκονται,","γαμίσκονται","γαμίσκονται","γαμίσκω"
42,20,35,"RA","NPM","οἱ","οἱ","οἱ","ὁ"
42,20,35,"C",NULL,"δὲ","δὲ","δέ","δέ"
42,20,35,"V","APPNPM","καταξιωθέντες","καταξιωθέντες","καταξιωθέντες","καταξιόω"
42,20,35,"RA","GSM","τοῦ","τοῦ","τοῦ","ὁ"
42,20,35,"N","GSM","αἰῶνος","αἰῶνος","αἰῶνος","αἰών"
42,20,35,"RD","GSM","ἐκείνου","ἐκείνου","ἐκείνου","ἐκεῖνος"
42,20,35,"V","AAN","τυχεῖν","τυχεῖν","τυχεῖν","τυγχάνω"
42,20,35,"C",NULL,"καὶ","καὶ","καί","καί"
42,20,35,"RA","GSF","τῆς","τῆς","τῆς","ὁ"
42,20,35,"N","GSF","ἀναστάσεως","ἀναστάσεως","ἀναστάσεως","ἀνάστασις"
42,20,35,"RA","GSF","τῆς","τῆς","τῆς","ὁ"
42,20,35,"P",NULL,"ἐκ","ἐκ","ἐκ","ἐκ"
42,20,35,"A","GPM","νεκρῶν","νεκρῶν","νεκρῶν","νεκρός"
42,20,35,"C",NULL,"οὔτε","οὔτε","οὔτε","οὔτε"
42,20,35,"V","3PAI-P","γαμοῦσιν","γαμοῦσιν","γαμοῦσι(ν)","γαμέω"
42,20,35,"C",NULL,"οὔτε","οὔτε","οὔτε","οὔτε"
42,20,35,"V","3PPI-P","⸀γαμίζονται·","γαμίζονται","γαμίζονται","γαμίζω"
42,20,36,"D",NULL,"⸀οὐδὲ","οὐδὲ","οὐδέ","οὐδέ"
42,20,36,"C",NULL,"γὰρ","γὰρ","γάρ","γάρ"
42,20,36,"V","AAN","ἀποθανεῖν","ἀποθανεῖν","ἀποθανεῖν","ἀποθνῄσκω"
42,20,36,"D",NULL,"ἔτι","ἔτι","ἔτι","ἔτι"
42,20,36,"V","3PMI-P","δύνανται,","δύνανται","δύνανται","δύναμαι"
42,20,36,"A","NPM","ἰσάγγελοι","ἰσάγγελοι","ἰσάγγελοι","ἰσάγγελος"
42,20,36,"C",NULL,"γάρ","γάρ","γάρ","γάρ"
42,20,36,"V","3PAI-P","εἰσιν","εἰσιν","εἰσί(ν)","εἰμί"
42,20,36,"C",NULL,"καὶ","καὶ","καί","καί"
42,20,36,"N","NPM","υἱοί","υἱοί","υἱοί","υἱός"
42,20,36,"V","3PAI-P","⸀εἰσιν","εἰσιν","εἰσί(ν)","εἰμί"
42,20,36,"N","GSM","θεοῦ","θεοῦ","θεοῦ","θεός"
42,20,36,"RA","GSF","τῆς","τῆς","τῆς","ὁ"
42,20,36,"N","GSF","ἀναστάσεως","ἀναστάσεως","ἀναστάσεως","ἀνάστασις"
42,20,36,"N","NPM","υἱοὶ","υἱοὶ","υἱοί","υἱός"
42,20,36,"V","PAPNPM","ὄντες.","ὄντες","ὄντες","εἰμί"
42,20,37,"C",NULL,"ὅτι","ὅτι","ὅτι","ὅτι"
42,20,37,"C",NULL,"δὲ","δὲ","δέ","δέ"
42,20,37,"V","3PPI-P","ἐγείρονται","ἐγείρονται","ἐγείρονται","ἐγείρω"
42,20,37,"RA","NPM","οἱ","οἱ","οἱ","ὁ"
42,20,37,"A","NPM","νεκροὶ","νεκροὶ","νεκροί","νεκρός"
42,20,37,"D",NULL,"καὶ","καὶ","καί","καί"
42,20,37,"N","NSM","Μωϋσῆς","Μωϋσῆς","Μωϋσῆς","Μωϋσῆς"
42,20,37,"V","3AAI-S","ἐμήνυσεν","ἐμήνυσεν","ἐμήνυσε(ν)","μηνύω"
42,20,37,"P",NULL,"ἐπὶ","ἐπὶ","ἐπί","ἐπί"
42,20,37,"RA","GSF","τῆς","τῆς","τῆς","ὁ"
42,20,37,"N","GSF","βάτου,","βάτου","βάτου","βάτος"
42,20,37,"C",NULL,"ὡς","ὡς","ὡς","ὡς"
42,20,37,"V","3PAI-S","λέγει","λέγει","λέγει","λέγω"
42,20,37,"N","ASM","κύριον","κύριον","κύριον","κύριος"
42,20,37,"RA","ASM","τὸν","τὸν","τόν","ὁ"
42,20,37,"N","ASM","θεὸν","θεὸν","θεόν","θεός"
42,20,37,"N","GSM","Ἀβραὰμ","Ἀβραὰμ","Ἀβραάμ","Ἀβραάμ"
42,20,37,"C",NULL,"⸀καὶ","καὶ","καί","καί"
42,20,37,"N","ASM","θεὸν","θεὸν","θεόν","θεός"
42,20,37,"N","GSM","Ἰσαὰκ","Ἰσαὰκ","Ἰσαάκ","Ἰσαάκ"
42,20,37,"C",NULL,"⸁καὶ","καὶ","καί","καί"
42,20,37,"N","ASM","θεὸν","θεὸν","θεόν","θεός"
42,20,37,"N","GSM","Ἰακώβ·","Ἰακώβ","Ἰακώβ","Ἰακώβ"
42,20,38,"N","NSM","θεὸς","θεὸς","θεός","θεός"
42,20,38,"C",NULL,"δὲ","δὲ","δέ","δέ"
42,20,38,"D",NULL,"οὐκ","οὐκ","οὐ","οὐ"
42,20,38,"V","3PAI-S","ἔστιν","ἔστιν","ἐστί(ν)","εἰμί"
42,20,38,"A","GPM","νεκρῶν","νεκρῶν","νεκρῶν","νεκρός"
42,20,38,"C",NULL,"ἀλλὰ","ἀλλὰ","ἀλλά","ἀλλά"
42,20,38,"V","PAPGPM","ζώντων,","ζώντων","ζώντων","ζάω"
42,20,38,"A","NPM","πάντες","πάντες","πάντες","πᾶς"
42,20,38,"C",NULL,"γὰρ","γὰρ","γάρ","γάρ"
42,20,38,"RP","DSM","αὐτῷ","αὐτῷ","αὐτῷ","αὐτός"
42,20,38,"V","3PAI-P","ζῶσιν.","ζῶσιν","ζῶσι(ν)","ζάω"
42,20,39,"V","APPNPM","ἀποκριθέντες","ἀποκριθέντες","ἀποκριθέντες","ἀποκρίνομαι"
42,20,39,"C",NULL,"δέ","δέ","δέ","δέ"
42,20,39,"RI","NPM","τινες","τινες","τινές","τις"
42,20,39,"RA","GPM","τῶν","τῶν","τῶν","ὁ"
42,20,39,"N","GPM","γραμματέων","γραμματέων","γραμματέων","γραμματεύς"
42,20,39,"V","3AAI-P","εἶπαν·","εἶπαν","εἶπαν","λέγω"
42,20,39,"N","VSM","Διδάσκαλε,","Διδάσκαλε","διδάσκαλε","διδάσκαλος"
42,20,39,"D",NULL,"καλῶς","καλῶς","καλῶς","καλῶς"
42,20,39,"V","2AAI-S","εἶπας·","εἶπας","εἶπας","λέγω"
42,20,40,"D",NULL,"οὐκέτι","οὐκέτι","οὐκέτι","οὐκέτι"
42,20,40,"C",NULL,"⸀γὰρ","γὰρ","γάρ","γάρ"
42,20,40,"V","3IAI-P","ἐτόλμων","ἐτόλμων","ἐτόλμων","τολμάω"
42,20,40,"V","PAN","ἐπερωτᾶν","ἐπερωτᾶν","ἐπερωτᾶν","ἐπερωτάω"
42,20,40,"RP","ASM","αὐτὸν","αὐτὸν","αὐτόν","αὐτός"
42,20,40,"A","ASN","οὐδέν.","οὐδέν","οὐδέν","οὐδείς"
42,20,41,"V","3AAI-S","Εἶπεν","Εἶπεν","εἶπε(ν)","λέγω"
42,20,41,"C",NULL,"δὲ","δὲ","δέ","δέ"
42,20,41,"P",NULL,"πρὸς","πρὸς","πρός","πρός"
42,20,41,"RP","APM","αὐτούς·","αὐτούς","αὐτούς","αὐτός"
42,20,41,"D",NULL,"Πῶς","Πῶς","πῶς","πῶς"
42,20,41,"V","3PAI-P","λέγουσιν","λέγουσιν","λέγουσι(ν)","λέγω"
42,20,41,"RA","ASM","τὸν","τὸν","τόν","ὁ"
42,20,41,"N","ASM","χριστὸν","χριστὸν","Χριστόν","Χριστός"
42,20,41,"V","PAN","⸂εἶναι","εἶναι","εἶναι","εἰμί"
42,20,41,"N","GSM","Δαυὶδ","Δαυὶδ","Δαυίδ","Δαυίδ"
42,20,41,"N","ASM","υἱόν⸃;","υἱόν","υἱόν","υἱός"
42,20,42,"RP","NSM","⸂αὐτὸς","αὐτὸς","αὐτός","αὐτός"
42,20,42,"C",NULL,"γὰρ⸃","γὰρ","γάρ","γάρ"
42,20,42,"N","NSM","Δαυὶδ","Δαυὶδ","Δαυίδ","Δαυίδ"
42,20,42,"V","3PAI-S","λέγει","λέγει","λέγει","λέγω"
42,20,42,"P",NULL,"ἐν","ἐν","ἐν","ἐν"
42,20,42,"N","DSF","βίβλῳ","βίβλῳ","βίβλῳ","βίβλος"
42,20,42,"N","GPM","ψαλμῶν·","ψαλμῶν","ψαλμῶν","ψαλμός"
42,20,42,"V","3AAI-S","⸀Εἶπεν","Εἶπεν","εἶπε(ν)","λέγω"
42,20,42,"N","NSM","κύριος","κύριος","κύριος","κύριος"
42,20,42,"RA","DSM","τῷ","τῷ","τῷ","ὁ"
42,20,42,"N","DSM","κυρίῳ","κυρίῳ","κυρίῳ","κύριος"
42,20,42,"RP","GS","μου·","μου","μου","ἐγώ"
42,20,42,"V","2PMD-S","Κάθου","Κάθου","κάθου","κάθημαι"
42,20,42,"P",NULL,"ἐκ","ἐκ","ἐκ","ἐκ"
42,20,42,"A","GPN","δεξιῶν","δεξιῶν","δεξιῶν","δεξιός"
42,20,42,"RP","GS","μου","μου","μου","ἐγώ"
42,20,43,"C",NULL,"ἕως","ἕως","ἕως","ἕως"
42,20,43,"X",NULL,"ἂν","ἂν","ἄν","ἄν"
42,20,43,"V","1AAS-S","θῶ","θῶ","θῶ","τίθημι"
42,20,43,"RA","APM","τοὺς","τοὺς","τούς","ὁ"
42,20,43,"A","APM","ἐχθρούς","ἐχθρούς","ἐχθρούς","ἐχθρός"
42,20,43,"RP","GS","σου","σου","σου","σύ"
42,20,43,"N","ASN","ὑποπόδιον","ὑποπόδιον","ὑποπόδιον","ὑποπόδιον"
42,20,43,"RA","GPM","τῶν","τῶν","τῶν","ὁ"
42,20,43,"N","GPM","ποδῶν","ποδῶν","ποδῶν","πούς"
42,20,43,"RP","GS","σου.","σου","σου","σύ"
42,20,44,"N","NSM","Δαυὶδ","Δαυὶδ","Δαυίδ","Δαυίδ"
42,20,44,"C",NULL,"οὖν","οὖν","οὖν","οὖν"
42,20,44,"RP","ASM","⸂αὐτὸν","αὐτὸν","αὐτόν","αὐτός"
42,20,44,"N","ASM","κύριον⸃","κύριον","κύριον","κύριος"
42,20,44,"V","3PAI-S","καλεῖ,","καλεῖ","καλεῖ","καλέω"
42,20,44,"C",NULL,"καὶ","καὶ","καί","καί"
42,20,44,"D",NULL,"πῶς","πῶς","πῶς","πῶς"
42,20,44,"RP","GSM","⸂αὐτοῦ","αὐτοῦ","αὐτοῦ","αὐτός"
42,20,44,"N","NSM","υἱός⸃","υἱός","υἱός","υἱός"
42,20,44,"V","3PAI-S","ἐστιν;","ἐστιν","ἐστί(ν)","εἰμί"
42,20,45,"V","PAPGSM","Ἀκούοντος","Ἀκούοντος","ἀκούοντος","ἀκούω"
42,20,45,"C",NULL,"δὲ","δὲ","δέ","δέ"
42,20,45,"A","GSM","παντὸς","παντὸς","παντός","πᾶς"
42,20,45,"RA","GSM","τοῦ","τοῦ","τοῦ","ὁ"
42,20,45,"N","GSM","λαοῦ","λαοῦ","λαοῦ","λαός"
42,20,45,"V","3AAI-S","εἶπεν","εἶπεν","εἶπε(ν)","λέγω"
42,20,45,"RA","DPM","τοῖς","τοῖς","τοῖς","ὁ"
42,20,45,"N","DPM","⸀μαθηταῖς·","μαθηταῖς","μαθηταῖς","μαθητής"
42,20,46,"V","2PAD-P","Προσέχετε","Προσέχετε","προσέχετε","προσέχω"
42,20,46,"P",NULL,"ἀπὸ","ἀπὸ","ἀπό","ἀπό"
42,20,46,"RA","GPM","τῶν","τῶν","τῶν","ὁ"
42,20,46,"N","GPM","γραμματέων","γραμματέων","γραμματέων","γραμματεύς"
42,20,46,"RA","GPM","τῶν","τῶν","τῶν","ὁ"
42,20,46,"V","PAPGPM","θελόντων","θελόντων","θελόντων","θέλω"
42,20,46,"V","PAN","περιπατεῖν","περιπατεῖν","περιπατεῖν","περιπατέω"
42,20,46,"P",NULL,"ἐν","ἐν","ἐν","ἐν"
42,20,46,"N","DPF","στολαῖς","στολαῖς","στολαῖς","στολή"
42,20,46,"C",NULL,"καὶ","καὶ","καί","καί"
42,20,46,"V","PAPGPM","φιλούντων","φιλούντων","φιλούντων","φιλέω"
42,20,46,"N","APM","ἀσπασμοὺς","ἀσπασμοὺς","ἀσπασμούς","ἀσπασμός"
42,20,46,"P",NULL,"ἐν","ἐν","ἐν","ἐν"
42,20,46,"RA","DPF","ταῖς","ταῖς","ταῖς","ὁ"
42,20,46,"N","DPF","ἀγοραῖς","ἀγοραῖς","ἀγοραῖς","ἀγορά"
42,20,46,"C",NULL,"καὶ","καὶ","καί","καί"
42,20,46,"N","APF","πρωτοκαθεδρίας","πρωτοκαθεδρίας","πρωτοκαθεδρίας","πρωτοκαθεδρία"
42,20,46,"P",NULL,"ἐν","ἐν","ἐν","ἐν"
42,20,46,"RA","DPF","ταῖς","ταῖς","ταῖς","ὁ"
42,20,46,"N","DPF","συναγωγαῖς","συναγωγαῖς","συναγωγαῖς","συναγωγή"
42,20,46,"C",NULL,"καὶ","καὶ","καί","καί"
42,20,46,"N","APF","πρωτοκλισίας","πρωτοκλισίας","πρωτοκλισίας","πρωτοκλισία"
42,20,46,"P",NULL,"ἐν","ἐν","ἐν","ἐν"
42,20,46,"RA","DPN","τοῖς","τοῖς","τοῖς","ὁ"
42,20,46,"N","DPN","δείπνοις,","δείπνοις","δείπνοις","δεῖπνον"
42,20,47,"RR","NPM","οἳ","οἳ","οἵ","ὅς"
42,20,47,"V","3PAI-P","κατεσθίουσιν","κατεσθίουσιν","κατεσθίουσι(ν)","κατεσθίω"
42,20,47,"RA","APF","τὰς","τὰς","τάς","ὁ"
42,20,47,"N","APF","οἰκίας","οἰκίας","οἰκίας","οἰκία"
42,20,47,"RA","GPF","τῶν","τῶν","τῶν","ὁ"
42,20,47,"A","GPF","χηρῶν","χηρῶν","χηρῶν","χήρα"
42,20,47,"C",NULL,"καὶ","καὶ","καί","καί"
42,20,47,"N","DSF","προφάσει","προφάσει","προφάσει","πρόφασις"
42,20,47,"A","APN","μακρὰ","μακρὰ","μακρά","μακρός"
42,20,47,"V","3PMI-P","προσεύχονται·","προσεύχονται","προσεύχονται","προσεύχομαι"
42,20,47,"RD","NPM","οὗτοι","οὗτοι","οὗτοι","οὗτος"
42,20,47,"V","3FMI-P","λήμψονται","λήμψονται","λήμψονται","λαμβάνω"
42,20,47,"A","ASNC","περισσότερον","περισσότερον","περισσότερον","περισσότερος"
42,20,47,"N","ASN","κρίμα.","κρίμα","κρίμα","κρίμα"
42,21,01,"V","AAPNSM","Ἀναβλέψας","Ἀναβλέψας","ἀναβλέψας","ἀναβλέπω"
42,21,01,"C",NULL,"δὲ","δὲ","δέ","δέ"
42,21,01,"V","3AAI-S","εἶδεν","εἶδεν","εἶδε(ν)","ὁράω"
42,21,01,"RA","APM","τοὺς","τοὺς","τούς","ὁ"
42,21,01,"V","PAPAPM","βάλλοντας","βάλλοντας","βάλλοντας","βάλλω"
42,21,01,"P",NULL,"⸂εἰς","εἰς","εἰς","εἰς"
42,21,01,"RA","ASN","τὸ","τὸ","τό","ὁ"
42,21,01,"N","ASN","γαζοφυλάκιον","γαζοφυλάκιον","γαζοφυλάκιον","γαζοφυλάκιον"
42,21,01,"RA","APN","τὰ","τὰ","τά","ὁ"
42,21,01,"N","APN","δῶρα","δῶρα","δῶρα","δῶρον"
42,21,01,"RP","GPM","αὐτῶν⸃","αὐτῶν","αὐτῶν","αὐτός"
42,21,01,"A","APM","πλουσίους.","πλουσίους","πλουσίους","πλούσιος"
42,21,02,"V","3AAI-S","εἶδεν","εἶδεν","εἶδε(ν)","ὁράω"
42,21,02,"C",NULL,"δέ","δέ","δέ","δέ"
42,21,02,"RI","ASF","⸀τινα","τινα","τινά","τις"
42,21,02,"A","ASF","χήραν","χήραν","χήραν","χήρα"
42,21,02,"A","ASF","πενιχρὰν","πενιχρὰν","πενιχράν","πενιχρός"
42,21,02,"V","PAPASF","βάλλουσαν","βάλλουσαν","βάλλουσαν","βάλλω"
42,21,02,"D",NULL,"ἐκεῖ","ἐκεῖ","ἐκεῖ","ἐκεῖ"
42,21,02,"A","APN","⸂λεπτὰ","λεπτὰ","λεπτά","λεπτόν"
42,21,02,"A","APN","δύο⸃,","δύο","δύο","δύο"
42,21,03,"C",NULL,"καὶ","καὶ","καί","καί"
42,21,03,"V","3AAI-S","εἶπεν·","εἶπεν","εἶπε(ν)","λέγω"
42,21,03,"D",NULL,"Ἀληθῶς","Ἀληθῶς","ἀληθῶς","ἀληθῶς"
42,21,03,"V","1PAI-S","λέγω","λέγω","λέγω","λέγω"
42,21,03,"RP","DP","ὑμῖν","ὑμῖν","ὑμῖν","σύ"
42,21,03,"C",NULL,"ὅτι","ὅτι","ὅτι","ὅτι"
42,21,03,"RA","NSF","ἡ","ἡ","ἡ","ὁ"
42,21,03,"A","NSF","χήρα","χήρα","χήρα","χήρα"
42,21,03,"RA","NSF","⸂ἡ","ἡ","ἡ","ὁ"
42,21,03,"A","NSF","πτωχὴ","πτωχὴ","πτωχή","πτωχός"
42,21,03,"RD","NSF","αὕτη⸃","αὕτη","αὕτη","οὗτος"
42,21,03,"A","ASNC","πλεῖον","πλεῖον","πλεῖον","πολύς"
42,21,03,"A","GPM","πάντων","πάντων","πάντων","πᾶς"
42,21,03,"V","3AAI-S","ἔβαλεν·","ἔβαλεν","ἔβαλε(ν)","βάλλω"
42,21,04,"A","NPM","⸀πάντες","πάντες","πάντες","πᾶς"
42,21,04,"C",NULL,"γὰρ","γὰρ","γάρ","γάρ"
42,21,04,"RD","NPM","οὗτοι","οὗτοι","οὗτοι","οὗτος"
42,21,04,"P",NULL,"ἐκ","ἐκ","ἐκ","ἐκ"
42,21,04,"RA","GSN","τοῦ","τοῦ","τοῦ","ὁ"
42,21,04,"V","PAPGSN","περισσεύοντος","περισσεύοντος","περισσεύοντος","περισσεύω"
42,21,04,"RP","DPM","αὐτοῖς","αὐτοῖς","αὐτοῖς","αὐτός"
42,21,04,"V","3AAI-P","ἔβαλον","ἔβαλον","ἔβαλον","βάλλω"
42,21,04,"P",NULL,"εἰς","εἰς","εἰς","εἰς"
42,21,04,"RA","APN","τὰ","τὰ","τά","ὁ"
42,21,04,"N","APN","⸀δῶρα,","δῶρα","δῶρα","δῶρον"
42,21,04,"RD","NSF","αὕτη","αὕτη","αὕτη","οὗτος"
42,21,04,"C",NULL,"δὲ","δὲ","δέ","δέ"
42,21,04,"P",NULL,"ἐκ","ἐκ","ἐκ","ἐκ"
42,21,04,"RA","GSN","τοῦ","τοῦ","τοῦ","ὁ"
42,21,04,"N","GSN","ὑστερήματος","ὑστερήματος","ὑστερήματος","ὑστέρημα"
42,21,04,"RP","GSF","αὐτῆς","αὐτῆς","αὐτῆς","αὐτός"
42,21,04,"A","ASM","⸀πάντα","πάντα","πάντα","πᾶς"
42,21,04,"RA","ASM","τὸν","τὸν","τόν","ὁ"
42,21,04,"N","ASM","βίον","βίον","βίον","βίος"
42,21,04,"RR","ASM","ὃν","ὃν","ὅν","ὅς"
42,21,04,"V","3IAI-S","εἶχεν","εἶχεν","εἶχε(ν)","ἔχω"
42,21,04,"V","3AAI-S","ἔβαλεν.","ἔβαλεν","ἔβαλε(ν)","βάλλω"
42,21,05,"C",NULL,"Καί","Καί","καί","καί"
42,21,05,"RI","GPM","τινων","τινων","τινῶν","τις"
42,21,05,"V","PAPGPM","λεγόντων","λεγόντων","λεγόντων","λέγω"
42,21,05,"P",NULL,"περὶ","περὶ","περί","περί"
42,21,05,"RA","GSN","τοῦ","τοῦ","τοῦ","ὁ"
42,21,05,"A","GSN","ἱεροῦ,","ἱεροῦ","ἱεροῦ","ἱερός"
42,21,05,"C",NULL,"ὅτι","ὅτι","ὅτι","ὅτι"
42,21,05,"N","DPM","λίθοις","λίθοις","λίθοις","λίθος"
42,21,05,"A","DPM","καλοῖς","καλοῖς","καλοῖς","καλός"
42,21,05,"C",NULL,"καὶ","καὶ","καί","καί"
42,21,05,"N","DPN","ἀναθήμασιν","ἀναθήμασιν","ἀναθήμασι(ν)","ἀνάθεμα"
42,21,05,"V","3XPI-S","κεκόσμηται","κεκόσμηται","κεκόσμηται","κοσμέω"
42,21,05,"V","3AAI-S","εἶπεν·","εἶπεν","εἶπε(ν)","λέγω"
42,21,06,"RD","APN","Ταῦτα","Ταῦτα","ταῦτα","οὗτος"
42,21,06,"RR","APN","ἃ","ἃ","ἅ","ὅς"
42,21,06,"V","2PAI-P","θεωρεῖτε,","θεωρεῖτε","θεωρεῖτε","θεωρέω"
42,21,06,"V","3FMI-P","ἐλεύσονται","ἐλεύσονται","ἐλεύσονται","ἔρχομαι"
42,21,06,"N","NPF","ἡμέραι","ἡμέραι","ἡμέραι","ἡμέρα"
42,21,06,"P",NULL,"ἐν","ἐν","ἐν","ἐν"
42,21,06,"RR","DPF","αἷς","αἷς","αἷς","ὅς"
42,21,06,"D",NULL,"οὐκ","οὐκ","οὐ","οὐ"
42,21,06,"V","3FPI-S","ἀφεθήσεται","ἀφεθήσεται","ἀφεθήσεται","ἀφίημι"
42,21,06,"N","NSM","λίθος","λίθος","λίθος","λίθος"
42,21,06,"P",NULL,"ἐπὶ","ἐπὶ","ἐπί","ἐπί"
42,21,06,"N","DSM","⸀λίθῳ","λίθῳ","λίθῳ","λίθος"
42,21,06,"RR","NSM","ὃς","ὃς","ὅς","ὅς"
42,21,06,"D",NULL,"οὐ","οὐ","οὐ","οὐ"
42,21,06,"V","3FPI-S","καταλυθήσεται.","καταλυθήσεται","καταλυθήσεται","καταλύω"
42,21,07,"V","3AAI-P","Ἐπηρώτησαν","Ἐπηρώτησαν","ἐπηρώτησαν","ἐπερωτάω"
42,21,07,"C",NULL,"δὲ","δὲ","δέ","δέ"
42,21,07,"RP","ASM","αὐτὸν","αὐτὸν","αὐτόν","αὐτός"
42,21,07,"V","PAPNPM","λέγοντες·","λέγοντες","λέγοντες","λέγω"
42,21,07,"N","VSM","Διδάσκαλε,","Διδάσκαλε","διδάσκαλε","διδάσκαλος"
42,21,07,"D",NULL,"πότε","πότε","πότε","πότε"
42,21,07,"C",NULL,"οὖν","οὖν","οὖν","οὖν"
42,21,07,"RD","NPN","ταῦτα","ταῦτα","ταῦτα","οὗτος"
42,21,07,"V","3FMI-S","ἔσται,","ἔσται","ἔσται","εἰμί"
42,21,07,"C",NULL,"καὶ","καὶ","καί","καί"
42,21,07,"RI","NSN","τί","τί","τί","τίς"
42,21,07,"RA","NSN","τὸ","τὸ","τό","ὁ"
42,21,07,"N","NSN","σημεῖον","σημεῖον","σημεῖον","σημεῖον"
42,21,07,"C",NULL,"ὅταν","ὅταν","ὅταν","ὅταν"
42,21,07,"V","3PAS-S","μέλλῃ","μέλλῃ","μέλλῃ","μέλλω"
42,21,07,"RD","NPN","ταῦτα","ταῦτα","ταῦτα","οὗτος"
42,21,07,"V","PMN","γίνεσθαι;","γίνεσθαι","γίνεσθαι","γίνομαι"
42,21,08,"RA","NSM","ὁ","ὁ","ὁ","ὁ"
42,21,08,"C",NULL,"δὲ","δὲ","δέ","δέ"
42,21,08,"V","3AAI-S","εἶπεν·","εἶπεν","εἶπε(ν)","λέγω"
42,21,08,"V","2PAD-P","Βλέπετε","Βλέπετε","βλέπετε","βλέπω"
42,21,08,"C",NULL,"μὴ","μὴ","μή","μή"
42,21,08,"V","2APS-P","πλανηθῆτε·","πλανηθῆτε","πλανηθῆτε","πλανάω"
42,21,08,"A","NPM","πολλοὶ","πολλοὶ","πολλοί","πολύς"
42,21,08,"C",NULL,"γὰρ","γὰρ","γάρ","γάρ"
42,21,08,"V","3FMI-P","ἐλεύσονται","ἐλεύσονται","ἐλεύσονται","ἔρχομαι"
42,21,08,"P",NULL,"ἐπὶ","ἐπὶ","ἐπί","ἐπί"
42,21,08,"RA","DSN","τῷ","τῷ","τῷ","ὁ"
42,21,08,"N","DSN","ὀνόματί","ὀνόματί","ὀνόματι","ὄνομα"
42,21,08,"RP","GS","μου","μου","μου","ἐγώ"
42,21,08,"V","PAPNPM","⸀λέγοντες·","λέγοντες","λέγοντες","λέγω"
42,21,08,"RP","NS","Ἐγώ","Ἐγώ","ἐγώ","ἐγώ"
42,21,08,"V","1PAI-S","εἰμι","εἰμι","εἰμί","εἰμί"
42,21,08,"C",NULL,"καί·","καί","καί","καί"
42,21,08,"RA","NSM","Ὁ","Ὁ","ὁ","ὁ"
42,21,08,"N","NSM","καιρὸς","καιρὸς","καιρός","καιρός"
42,21,08,"V","3XAI-S","ἤγγικεν·","ἤγγικεν","ἤγγικε(ν)","ἐγγίζω"
42,21,08,"D",NULL,"⸀μὴ","μὴ","μή","μή"
42,21,08,"V","2APS-P","πορευθῆτε","πορευθῆτε","πορευθῆτε","πορεύομαι"
42,21,08,"P",NULL,"ὀπίσω","ὀπίσω","ὀπίσω","ὀπίσω"
42,21,08,"RP","GPM","αὐτῶν.","αὐτῶν","αὐτῶν","αὐτός"
42,21,09,"C",NULL,"ὅταν","ὅταν","ὅταν","ὅταν"
42,21,09,"C",NULL,"δὲ","δὲ","δέ","δέ"
42,21,09,"V","2AAS-P","ἀκούσητε","ἀκούσητε","ἀκούσητε","ἀκούω"
42,21,09,"N","APM","πολέμους","πολέμους","πολέμους","πόλεμος"
42,21,09,"C",NULL,"καὶ","καὶ","καί","καί"
42,21,09,"N","APF","ἀκαταστασίας,","ἀκαταστασίας","ἀκαταστασίας","ἀκαταστασία"
42,21,09,"D",NULL,"μὴ","μὴ","μή","μή"
42,21,09,"V","2APS-P","πτοηθῆτε·","πτοηθῆτε","πτοηθῆτε","πτοέομαι"
42,21,09,"V","3PAI-S","δεῖ","δεῖ","δεῖ","δέω"
42,21,09,"C",NULL,"γὰρ","γὰρ","γάρ","γάρ"
42,21,09,"RD","APN","ταῦτα","ταῦτα","ταῦτα","οὗτος"
42,21,09,"V","AMN","γενέσθαι","γενέσθαι","γενέσθαι","γίνομαι"
42,21,09,"A","ASN","πρῶτον,","πρῶτον","πρῶτον","πρῶτος"
42,21,09,"C",NULL,"ἀλλ’","ἀλλ’","ἀλλά","ἀλλά"
42,21,09,"D",NULL,"οὐκ","οὐκ","οὐ","οὐ"
42,21,09,"D",NULL,"εὐθέως","εὐθέως","εὐθέως","εὐθέως"
42,21,09,"RA","NSN","τὸ","τὸ","τό","ὁ"
42,21,09,"N","NSN","τέλος.","τέλος","τέλος","τέλος"
42,21,10,"D",NULL,"τότε","τότε","τότε","τότε"
42,21,10,"V","3IAI-S","ἔλεγεν","ἔλεγεν","ἔλεγε(ν)","λέγω"
42,21,10,"RP","DPM","αὐτοῖς·","αὐτοῖς","αὐτοῖς","αὐτός"
42,21,10,"V","3FPI-S","Ἐγερθήσεται","Ἐγερθήσεται","ἐγερθήσεται","ἐγείρω"
42,21,10,"N","NSN","ἔθνος","ἔθνος","ἔθνος","ἔθνος"
42,21,10,"P",NULL,"ἐπ’","ἐπ’","ἐπί","ἐπί"
42,21,10,"N","ASN","ἔθνος","ἔθνος","ἔθνος","ἔθνος"
42,21,10,"C",NULL,"καὶ","καὶ","καί","καί"
42,21,10,"N","NSF","βασιλεία","βασιλεία","βασιλεία","βασιλεία"
42,21,10,"P",NULL,"ἐπὶ","ἐπὶ","ἐπί","ἐπί"
42,21,10,"N","ASF","βασιλείαν,","βασιλείαν","βασιλείαν","βασιλεία"
42,21,11,"N","NPM","σεισμοί","σεισμοί","σεισμοί","σεισμός"
42,21,11,"C",NULL,"τε","τε","τέ","τέ"
42,21,11,"A","NPM","μεγάλοι","μεγάλοι","μεγάλοι","μέγας"
42,21,11,"C",NULL,"⸂καὶ","καὶ","καί","καί"
42,21,11,"P",NULL,"κατὰ","κατὰ","κατά","κατά"
42,21,11,"N","APM","τόπους⸃","τόπους","τόπους","τόπος"
42,21,11,"N","NPM","⸂λιμοὶ","λιμοὶ","λιμοί","λιμός"
42,21,11,"C",NULL,"καὶ","καὶ","καί","καί"
42,21,11,"N","NPM","λοιμοὶ⸃","λοιμοὶ","λοιμοί","λοιμός"
42,21,11,"V","3FMI-P","ἔσονται,","ἔσονται","ἔσονται","εἰμί"
42,21,11,"N","NPN","φόβητρά","φόβητρά","φόβητρα","φόβητρον"
42,21,11,"C",NULL,"τε","τε","τέ","τέ"
42,21,11,"C",NULL,"καὶ","καὶ","καί","καί"
42,21,11,"N","NPN","⸂σημεῖα","σημεῖα","σημεῖα","σημεῖον"
42,21,11,"P",NULL,"ἀπ’","ἀπ’","ἀπό","ἀπό"
42,21,11,"N","GSM","οὐρανοῦ","οὐρανοῦ","οὐρανοῦ","οὐρανός"
42,21,11,"A","NPN","μεγάλα⸃","μεγάλα","μεγάλα","μέγας"
42,21,11,"V","3FMI-S","ἔσται.","ἔσται","ἔσται","εἰμί"
42,21,12,"P",NULL,"Πρὸ","Πρὸ","πρό","πρό"
42,21,12,"C",NULL,"δὲ","δὲ","δέ","δέ"
42,21,12,"RD","GPN","τούτων","τούτων","τούτων","οὗτος"
42,21,12,"A","GPN","πάντων","πάντων","πάντων","πᾶς"
42,21,12,"V","3FAI-P","ἐπιβαλοῦσιν","ἐπιβαλοῦσιν","ἐπιβαλοῦσι(ν)","ἐπιβάλλω"
42,21,12,"P",NULL,"ἐφ’","ἐφ’","ἐπί","ἐπί"
42,21,12,"RP","AP","ὑμᾶς","ὑμᾶς","ὑμᾶς","σύ"
42,21,12,"RA","APF","τὰς","τὰς","τάς","ὁ"
42,21,12,"N","APF","χεῖρας","χεῖρας","χεῖρας","χείρ"
42,21,12,"RP","GPM","αὐτῶν","αὐτῶν","αὐτῶν","αὐτός"
42,21,12,"C",NULL,"καὶ","καὶ","καί","καί"
42,21,12,"V","3FAI-P","διώξουσιν,","διώξουσιν","διώξουσι(ν)","διώκω"
42,21,12,"V","PAPNPM","παραδιδόντες","παραδιδόντες","παραδιδόντες","παραδίδωμι"
42,21,12,"P",NULL,"εἰς","εἰς","εἰς","εἰς"
42,21,12,"RA","APF","⸀τὰς","τὰς","τάς","ὁ"
42,21,12,"N","APF","συναγωγὰς","συναγωγὰς","συναγωγάς","συναγωγή"
42,21,12,"C",NULL,"καὶ","καὶ","καί","καί"
42,21,12,"N","APF","φυλακάς,","φυλακάς","φυλακάς","φυλακή"
42,21,12,"V","PPPAPM","⸀ἀπαγομένους","ἀπαγομένους","ἀπαγομένους","ἀπάγω"
42,21,12,"P",NULL,"ἐπὶ","ἐπὶ","ἐπί","ἐπί"
42,21,12,"N","APM","βασιλεῖς","βασιλεῖς","βασιλεῖς","βασιλεύς"
42,21,12,"C",NULL,"καὶ","καὶ","καί","καί"
42,21,12,"N","APM","ἡγεμόνας","ἡγεμόνας","ἡγεμόνας","ἡγεμών"
42,21,12,"P",NULL,"ἕνεκεν","ἕνεκεν","ἕνεκεν","ἕνεκεν"
42,21,12,"RA","GSN","τοῦ","τοῦ","τοῦ","ὁ"
42,21,12,"N","GSN","ὀνόματός","ὀνόματός","ὀνόματος","ὄνομα"
42,21,12,"RP","GS","μου·","μου","μου","ἐγώ"
42,21,13,"V","3FMI-S","⸀ἀποβήσεται","ἀποβήσεται","ἀποβήσεται","ἀποβαίνω"
42,21,13,"RP","DP","ὑμῖν","ὑμῖν","ὑμῖν","σύ"
42,21,13,"P",NULL,"εἰς","εἰς","εἰς","εἰς"
42,21,13,"N","ASN","μαρτύριον.","μαρτύριον","μαρτύριον","μαρτύριον"
42,21,14,"V","2AAD-P","⸀θέτε","θέτε","θέτε","τίθημι"
42,21,14,"C",NULL,"οὖν","οὖν","οὖν","οὖν"
42,21,14,"P",NULL,"⸂ἐν","ἐν","ἐν","ἐν"
42,21,14,"RA","DPF","ταῖς","ταῖς","ταῖς","ὁ"
42,21,14,"N","DPF","καρδίαις⸃","καρδίαις","καρδίαις","καρδία"
42,21,14,"RP","GP","ὑμῶν","ὑμῶν","ὑμῶν","σύ"
42,21,14,"D",NULL,"μὴ","μὴ","μή","μή"
42,21,14,"V","PAN","προμελετᾶν","προμελετᾶν","προμελετᾶν","προμελετάω"
42,21,14,"V","APN","ἀπολογηθῆναι,","ἀπολογηθῆναι","ἀπολογηθῆναι","ἀπολογέομαι"
42,21,15,"RP","NS","ἐγὼ","ἐγὼ","ἐγώ","ἐγώ"
42,21,15,"C",NULL,"γὰρ","γὰρ","γάρ","γάρ"
42,21,15,"V","1FAI-S","δώσω","δώσω","δώσω","δίδωμι"
42,21,15,"RP","DP","ὑμῖν","ὑμῖν","ὑμῖν","σύ"
42,21,15,"N","ASN","στόμα","στόμα","στόμα","στόμα"
42,21,15,"C",NULL,"καὶ","καὶ","καί","καί"
42,21,15,"N","ASF","σοφίαν","σοφίαν","σοφίαν","σοφία"
42,21,15,"RR","DSF","ᾗ","ᾗ","ᾗ","ὅς"
42,21,15,"D",NULL,"οὐ","οὐ","οὐ","οὐ"
42,21,15,"V","3FMI-P","δυνήσονται","δυνήσονται","δυνήσονται","δύναμαι"
42,21,15,"V","AAN","⸂ἀντιστῆναι","ἀντιστῆναι","ἀντιστῆναι","ἀνθίστημι"
42,21,15,"C",NULL,"ἢ","ἢ","ἤ","ἤ"
42,21,15,"V","AAN","ἀντειπεῖν⸃","ἀντειπεῖν","ἀντειπεῖν","ἀντιλέγω"
42,21,15,"A","NPM","⸀ἅπαντες","ἅπαντες","ἅπαντες","ἅπας"
42,21,15,"RA","NPM","οἱ","οἱ","οἱ","ὁ"
42,21,15,"V","PMPNPM","ἀντικείμενοι","ἀντικείμενοι","ἀντικείμενοι","ἀντίκειμαι"
42,21,15,"RP","DP","ὑμῖν.","ὑμῖν","ὑμῖν","σύ"
42,21,16,"V","2FPI-P","παραδοθήσεσθε","παραδοθήσεσθε","παραδοθήσεσθε","παραδίδωμι"
42,21,16,"C",NULL,"δὲ","δὲ","δέ","δέ"
42,21,16,"D",NULL,"καὶ","καὶ","καί","καί"
42,21,16,"P",NULL,"ὑπὸ","ὑπὸ","ὑπό","ὑπό"
42,21,16,"N","GPM","γονέων","γονέων","γονέων","γονεύς"
42,21,16,"C",NULL,"καὶ","καὶ","καί","καί"
42,21,16,"N","GPM","⸂ἀδελφῶν","ἀδελφῶν","ἀδελφῶν","ἀδελφός"
42,21,16,"C",NULL,"καὶ","καὶ","καί","καί"
42,21,16,"A","GPM","συγγενῶν","συγγενῶν","συγγενῶν","συγγενής"
42,21,16,"C",NULL,"καὶ","καὶ","καί","καί"
42,21,16,"A","GPM","φίλων⸃,","φίλων","φίλων","φίλος"
42,21,16,"C",NULL,"καὶ","καὶ","καί","καί"
42,21,16,"V","3FAI-P","θανατώσουσιν","θανατώσουσιν","θανατώσουσι(ν)","θανατόω"
42,21,16,"P",NULL,"ἐξ","ἐξ","ἐκ","ἐκ"
42,21,16,"RP","GP","ὑμῶν,","ὑμῶν","ὑμῶν","σύ"
42,21,17,"C",NULL,"καὶ","καὶ","καί","καί"
42,21,17,"V","2FMI-P","ἔσεσθε","ἔσεσθε","ἔσεσθε","εἰμί"
42,21,17,"V","PPPNPM","μισούμενοι","μισούμενοι","μισούμενοι","μισέω"
42,21,17,"P",NULL,"ὑπὸ","ὑπὸ","ὑπό","ὑπό"
42,21,17,"A","GPM","πάντων","πάντων","πάντων","πᾶς"
42,21,17,"P",NULL,"διὰ","διὰ","διά","διά"
42,21,17,"RA","ASN","τὸ","τὸ","τό","ὁ"
42,21,17,"N","ASN","ὄνομά","ὄνομά","ὄνομα","ὄνομα"
42,21,17,"RP","GS","μου.","μου","μου","ἐγώ"
42,21,18,"C",NULL,"καὶ","καὶ","καί","καί"
42,21,18,"N","NSF","θρὶξ","θρὶξ","θρίξ","θρίξ"
42,21,18,"P",NULL,"ἐκ","ἐκ","ἐκ","ἐκ"
42,21,18,"RA","GSF","τῆς","τῆς","τῆς","ὁ"
42,21,18,"N","GSF","κεφαλῆς","κεφαλῆς","κεφαλῆς","κεφαλή"
42,21,18,"RP","GP","ὑμῶν","ὑμῶν","ὑμῶν","σύ"
42,21,18,"D",NULL,"οὐ","οὐ","οὐ","οὐ"
42,21,18,"D",NULL,"μὴ","μὴ","μή","μή"
42,21,18,"V","3AMS-S","ἀπόληται.","ἀπόληται","ἀπόληται","ἀπόλλυμι"
42,21,19,"P",NULL,"ἐν","ἐν","ἐν","ἐν"
42,21,19,"RA","DSF","τῇ","τῇ","τῇ","ὁ"
42,21,19,"N","DSF","ὑπομονῇ","ὑπομονῇ","ὑπομονῇ","ὑπομονή"
42,21,19,"RP","GP","ὑμῶν","ὑμῶν","ὑμῶν","σύ"
42,21,19,"V","2AMD-P","⸀κτήσασθε","κτήσασθε","κτήσασθε","κτάομαι"
42,21,19,"RA","APF","τὰς","τὰς","τάς","ὁ"
42,21,19,"N","APF","ψυχὰς","ψυχὰς","ψυχάς","ψυχή"
42,21,19,"RP","GP","ὑμῶν.","ὑμῶν","ὑμῶν","σύ"
42,21,20,"C",NULL,"Ὅταν","Ὅταν","ὅταν","ὅταν"
42,21,20,"C",NULL,"δὲ","δὲ","δέ","δέ"
42,21,20,"V","2AAS-P","ἴδητε","ἴδητε","ἴδητε","ὁράω"
42,21,20,"V","PPPASF","κυκλουμένην","κυκλουμένην","κυκλουμένην","κυκλόω"
42,21,20,"P",NULL,"ὑπὸ","ὑπὸ","ὑπό","ὑπό"
42,21,20,"N","GPN","⸀στρατοπέδων","στρατοπέδων","στρατοπέδων","στρατόπεδον"
42,21,20,"N","ASF","Ἰερουσαλήμ,","Ἰερουσαλήμ","Ἰερουσαλήμ","Ἰερουσαλήμ"
42,21,20,"D",NULL,"τότε","τότε","τότε","τότε"
42,21,20,"V","2AAD-P","γνῶτε","γνῶτε","γνῶτε","γινώσκω"
42,21,20,"C",NULL,"ὅτι","ὅτι","ὅτι","ὅτι"
42,21,20,"V","3XAI-S","ἤγγικεν","ἤγγικεν","ἤγγικε(ν)","ἐγγίζω"
42,21,20,"RA","NSF","ἡ","ἡ","ἡ","ὁ"
42,21,20,"N","NSF","ἐρήμωσις","ἐρήμωσις","ἐρήμωσις","ἐρήμωσις"
42,21,20,"RP","GSF","αὐτῆς.","αὐτῆς","αὐτῆς","αὐτός"
42,21,21,"D",NULL,"τότε","τότε","τότε","τότε"
42,21,21,"RA","NPM","οἱ","οἱ","οἱ","ὁ"
42,21,21,"P",NULL,"ἐν","ἐν","ἐν","ἐν"
42,21,21,"RA","DSF","τῇ","τῇ","τῇ","ὁ"
42,21,21,"N","DSF","Ἰουδαίᾳ","Ἰουδαίᾳ","Ἰουδαίᾳ","Ἰουδαία"
42,21,21,"V","3PAD-P","φευγέτωσαν","φευγέτωσαν","φευγέτωσαν","φεύγω"
42,21,21,"P",NULL,"εἰς","εἰς","εἰς","εἰς"
42,21,21,"RA","APN","τὰ","τὰ","τά","ὁ"
42,21,21,"N","APN","ὄρη,","ὄρη","ὄρη","ὄρος"
42,21,21,"C",NULL,"καὶ","καὶ","καί","καί"
42,21,21,"RA","NPM","οἱ","οἱ","οἱ","ὁ"
42,21,21,"P",NULL,"ἐν","ἐν","ἐν","ἐν"
42,21,21,"A","DSN","μέσῳ","μέσῳ","μέσῳ","μέσος"
42,21,21,"RP","GSF","αὐτῆς","αὐτῆς","αὐτῆς","αὐτός"
42,21,21,"V","3PAD-P","ἐκχωρείτωσαν,","ἐκχωρείτωσαν","ἐκχωρείτωσαν","ἐκχωρέω"
42,21,21,"C",NULL,"καὶ","καὶ","καί","καί"
42,21,21,"RA","NPM","οἱ","οἱ","οἱ","ὁ"
42,21,21,"P",NULL,"ἐν","ἐν","ἐν","ἐν"
42,21,21,"RA","DPF","ταῖς","ταῖς","ταῖς","ὁ"
42,21,21,"N","DPF","χώραις","χώραις","χώραις","χώρα"
42,21,21,"D",NULL,"μὴ","μὴ","μή","μή"
42,21,21,"V","3PMD-P","εἰσερχέσθωσαν","εἰσερχέσθωσαν","εἰσερχέσθωσαν","εἰσέρχομαι"
42,21,21,"P",NULL,"εἰς","εἰς","εἰς","εἰς"
42,21,21,"RP","ASF","αὐτήν,","αὐτήν","αὐτήν","αὐτός"
42,21,22,"C",NULL,"ὅτι","ὅτι","ὅτι","ὅτι"
42,21,22,"N","NPF","ἡμέραι","ἡμέραι","ἡμέραι","ἡμέρα"
42,21,22,"N","GSF","ἐκδικήσεως","ἐκδικήσεως","ἐκδικήσεως","ἐκδίκησις"
42,21,22,"RD","NPF","αὗταί","αὗταί","αὗται","οὗτος"
42,21,22,"V","3PAI-P","εἰσιν","εἰσιν","εἰσί(ν)","εἰμί"
42,21,22,"RA","GSN","τοῦ","τοῦ","τοῦ","ὁ"
42,21,22,"V","APN","πλησθῆναι","πλησθῆναι","πλησθῆναι","πίμπλημι"
42,21,22,"A","APN","πάντα","πάντα","πάντα","πᾶς"
42,21,22,"RA","APN","τὰ","τὰ","τά","ὁ"
42,21,22,"V","XPPAPN","γεγραμμένα.","γεγραμμένα","γεγραμμένα","γράφω"
42,21,23,"X",NULL,"⸀οὐαὶ","οὐαὶ","οὐαί","οὐαί"
42,21,23,"RA","DPF","ταῖς","ταῖς","ταῖς","ὁ"
42,21,23,"P",NULL,"ἐν","ἐν","ἐν","ἐν"
42,21,23,"N","DSF","γαστρὶ","γαστρὶ","γαστρί","γαστήρ"
42,21,23,"V","PAPDPF","ἐχούσαις","ἐχούσαις","ἐχούσαις","ἔχω"
42,21,23,"C",NULL,"καὶ","καὶ","καί","καί"
42,21,23,"RA","DPF","ταῖς","ταῖς","ταῖς","ὁ"
42,21,23,"V","PAPDPF","θηλαζούσαις","θηλαζούσαις","θηλαζούσαις","θηλάζω"
42,21,23,"P",NULL,"ἐν","ἐν","ἐν","ἐν"
42,21,23,"RD","DPF","ἐκείναις","ἐκείναις","ἐκείναις","ἐκεῖνος"
42,21,23,"RA","DPF","ταῖς","ταῖς","ταῖς","ὁ"
42,21,23,"N","DPF","ἡμέραις·","ἡμέραις","ἡμέραις","ἡμέρα"
42,21,23,"V","3FMI-S","ἔσται","ἔσται","ἔσται","εἰμί"
42,21,23,"C",NULL,"γὰρ","γὰρ","γάρ","γάρ"
42,21,23,"N","NSF","ἀνάγκη","ἀνάγκη","ἀνάγκη","ἀνάγκη"
42,21,23,"A","NSF","μεγάλη","μεγάλη","μεγάλη","μέγας"
42,21,23,"P",NULL,"ἐπὶ","ἐπὶ","ἐπί","ἐπί"
42,21,23,"RA","GSF","τῆς","τῆς","τῆς","ὁ"
42,21,23,"N","GSF","γῆς","γῆς","γῆς","γῆ"
42,21,23,"C",NULL,"καὶ","καὶ","καί","καί"
42,21,23,"N","NSF","⸀ὀργὴ","ὀργὴ","ὀργή","ὀργή"
42,21,23,"RA","DSM","τῷ","τῷ","τῷ","ὁ"
42,21,23,"N","DSM","λαῷ","λαῷ","λαῷ","λαός"
42,21,23,"RD","DSM","τούτῳ,","τούτῳ","τούτῳ","οὗτος"
42,21,24,"C",NULL,"καὶ","καὶ","καί","καί"
42,21,24,"V","3FMI-P","πεσοῦνται","πεσοῦνται","πεσοῦνται","πίπτω"
42,21,24,"N","DSN","στόματι","στόματι","στόματι","στόμα"
42,21,24,"N","GSF","μαχαίρης","μαχαίρης","μαχαίρης","μάχαιρα"
42,21,24,"C",NULL,"καὶ","καὶ","καί","καί"
42,21,24,"V","3FPI-P","αἰχμαλωτισθήσονται","αἰχμαλωτισθήσονται","αἰχμαλωτισθήσονται","αἰχμαλωτίζω"
42,21,24,"P",NULL,"εἰς","εἰς","εἰς","εἰς"
42,21,24,"RA","APN","⸂τὰ","τὰ","τά","ὁ"
42,21,24,"N","APN","ἔθνη","ἔθνη","ἔθνη","ἔθνος"
42,21,24,"A","APN","πάντα⸃,","πάντα","πάντα","πᾶς"
42,21,24,"C",NULL,"καὶ","καὶ","καί","καί"
42,21,24,"N","NSF","Ἰερουσαλὴμ","Ἰερουσαλὴμ","Ἰερουσαλήμ","Ἰερουσαλήμ"
42,21,24,"V","3FMI-S","ἔσται","ἔσται","ἔσται","εἰμί"
42,21,24,"V","PPPNSF","πατουμένη","πατουμένη","πατουμένη","πατέω"
42,21,24,"P",NULL,"ὑπὸ","ὑπὸ","ὑπό","ὑπό"
42,21,24,"N","GPN","ἐθνῶν,","ἐθνῶν","ἐθνῶν","ἔθνος"
42,21,24,"P",NULL,"ἄχρι","ἄχρι","ἄχρι","ἄχρι"
42,21,24,"RR","GSM","⸀οὗ","οὗ","οὗ","ὅς"
42,21,24,"V","3APS-P","⸀πληρωθῶσιν","πληρωθῶσιν","πληρωθῶσι(ν)","πληρόω"
42,21,24,"N","NPM","καιροὶ","καιροὶ","καιροί","καιρός"
42,21,24,"N","GPN","ἐθνῶν.","ἐθνῶν","ἐθνῶν","ἔθνος"
42,21,25,"C",NULL,"Καὶ","Καὶ","καί","καί"
42,21,25,"V","3FMI-P","⸀ἔσονται","ἔσονται","ἔσονται","εἰμί"
42,21,25,"N","NPN","σημεῖα","σημεῖα","σημεῖα","σημεῖον"
42,21,25,"P",NULL,"ἐν","ἐν","ἐν","ἐν"
42,21,25,"N","DSM","ἡλίῳ","ἡλίῳ","ἡλίῳ","ἥλιος"
42,21,25,"C",NULL,"καὶ","καὶ","καί","καί"
42,21,25,"N","DSF","σελήνῃ","σελήνῃ","σελήνῃ","σελήνη"
42,21,25,"C",NULL,"καὶ","καὶ","καί","καί"
42,21,25,"N","DPN","ἄστροις,","ἄστροις","ἄστροις","ἄστρον"
42,21,25,"C",NULL,"καὶ","καὶ","καί","καί"
42,21,25,"P",NULL,"ἐπὶ","ἐπὶ","ἐπί","ἐπί"
42,21,25,"RA","GSF","τῆς","τῆς","τῆς","ὁ"
42,21,25,"N","GSF","γῆς","γῆς","γῆς","γῆ"
42,21,25,"N","NSF","συνοχὴ","συνοχὴ","συνοχή","συνοχή"
42,21,25,"N","GPN","ἐθνῶν","ἐθνῶν","ἐθνῶν","ἔθνος"
42,21,25,"P",NULL,"ἐν","ἐν","ἐν","ἐν"
42,21,25,"N","DSF","ἀπορίᾳ","ἀπορίᾳ","ἀπορίᾳ","ἀπορία"
42,21,25,"N","GSN","⸀ἤχους","ἤχους","ἤχους","ἦχος"
42,21,25,"N","GSF","θαλάσσης","θαλάσσης","θαλάσσης","θάλασσα"
42,21,25,"C",NULL,"καὶ","καὶ","καί","καί"
42,21,25,"N","GSM","σάλου,","σάλου","σάλου","σάλος"
42,21,26,"V","PAPGPM","ἀποψυχόντων","ἀποψυχόντων","ἀποψυχόντων","ἀποψύχω"
42,21,26,"N","GPM","ἀνθρώπων","ἀνθρώπων","ἀνθρώπων","ἄνθρωπος"
42,21,26,"P",NULL,"ἀπὸ","ἀπὸ","ἀπό","ἀπό"
42,21,26,"N","GSM","φόβου","φόβου","φόβου","φόβος"
42,21,26,"C",NULL,"καὶ","καὶ","καί","καί"
42,21,26,"N","GSF","προσδοκίας","προσδοκίας","προσδοκίας","προσδοκία"
42,21,26,"RA","GPN","τῶν","τῶν","τῶν","ὁ"
42,21,26,"V","PMPGPN","ἐπερχομένων","ἐπερχομένων","ἐπερχομένων","ἐπέρχομαι"
42,21,26,"RA","DSF","τῇ","τῇ","τῇ","ὁ"
42,21,26,"N","DSF","οἰκουμένῃ,","οἰκουμένῃ","οἰκουμένῃ","οἰκουμένη"
42,21,26,"RA","NPF","αἱ","αἱ","αἱ","ὁ"
42,21,26,"C",NULL,"γὰρ","γὰρ","γάρ","γάρ"
42,21,26,"N","NPF","δυνάμεις","δυνάμεις","δυνάμεις","δύναμις"
42,21,26,"RA","GPM","τῶν","τῶν","τῶν","ὁ"
42,21,26,"N","GPM","οὐρανῶν","οὐρανῶν","οὐρανῶν","οὐρανός"
42,21,26,"V","3FPI-P","σαλευθήσονται.","σαλευθήσονται","σαλευθήσονται","σαλεύω"
42,21,27,"C",NULL,"καὶ","καὶ","καί","καί"
42,21,27,"D",NULL,"τότε","τότε","τότε","τότε"
42,21,27,"V","3FMI-P","ὄψονται","ὄψονται","ὄψονται","ὁράω"
42,21,27,"RA","ASM","τὸν","τὸν","τόν","ὁ"
42,21,27,"N","ASM","υἱὸν","υἱὸν","υἱόν","υἱός"
42,21,27,"RA","GSM","τοῦ","τοῦ","τοῦ","ὁ"
42,21,27,"N","GSM","ἀνθρώπου","ἀνθρώπου","ἀνθρώπου","ἄνθρωπος"
42,21,27,"V","PMPASM","ἐρχόμενον","ἐρχόμενον","ἐρχόμενον","ἔρχομαι"
42,21,27,"P",NULL,"ἐν","ἐν","ἐν","ἐν"
42,21,27,"N","DSF","νεφέλῃ","νεφέλῃ","νεφέλῃ","νεφέλη"
42,21,27,"P",NULL,"μετὰ","μετὰ","μετά","μετά"
42,21,27,"N","GSF","δυνάμεως","δυνάμεως","δυνάμεως","δύναμις"
42,21,27,"C",NULL,"καὶ","καὶ","καί","καί"
42,21,27,"N","GSF","δόξης","δόξης","δόξης","δόξα"
42,21,27,"A","GSF","πολλῆς.","πολλῆς","πολλῆς","πολύς"
42,21,28,"V","PMPGPN","ἀρχομένων","ἀρχομένων","ἀρχομένων","ἄρχω"
42,21,28,"C",NULL,"δὲ","δὲ","δέ","δέ"
42,21,28,"RD","GPN","τούτων","τούτων","τούτων","οὗτος"
42,21,28,"V","PMN","γίνεσθαι","γίνεσθαι","γίνεσθαι","γίνομαι"
42,21,28,"V","2AAD-P","ἀνακύψατε","ἀνακύψατε","ἀνακύψατε","ἀνακύπτω"
42,21,28,"C",NULL,"καὶ","καὶ","καί","καί"
42,21,28,"V","2AAD-P","ἐπάρατε","ἐπάρατε","ἐπάρατε","ἐπαίρω"
42,21,28,"RA","APF","τὰς","τὰς","τάς","ὁ"
42,21,28,"N","APF","κεφαλὰς","κεφαλὰς","κεφαλάς","κεφαλή"
42,21,28,"RP","GP","ὑμῶν,","ὑμῶν","ὑμῶν","σύ"
42,21,28,"C",NULL,"διότι","διότι","διότι","διότι"
42,21,28,"V","3PAI-S","ἐγγίζει","ἐγγίζει","ἐγγίζει","ἐγγίζω"
42,21,28,"RA","NSF","ἡ","ἡ","ἡ","ὁ"
42,21,28,"N","NSF","ἀπολύτρωσις","ἀπολύτρωσις","ἀπολύτρωσις","ἀπολύτρωσις"
42,21,28,"RP","GP","ὑμῶν.","ὑμῶν","ὑμῶν","σύ"
42,21,29,"C",NULL,"Καὶ","Καὶ","καί","καί"
42,21,29,"V","3AAI-S","εἶπεν","εἶπεν","εἶπε(ν)","λέγω"
42,21,29,"N","ASF","παραβολὴν","παραβολὴν","παραβολήν","παραβολή"
42,21,29,"RP","DPM","αὐτοῖς·","αὐτοῖς","αὐτοῖς","αὐτός"
42,21,29,"V","2AAD-P","Ἴδετε","Ἴδετε","ἴδετε","ὁράω"
42,21,29,"RA","ASF","τὴν","τὴν","τήν","ὁ"
42,21,29,"N","ASF","συκῆν","συκῆν","συκῆν","συκῆ"
42,21,29,"C",NULL,"καὶ","καὶ","καί","καί"
42,21,29,"A","APN","πάντα","πάντα","πάντα","πᾶς"
42,21,29,"RA","APN","τὰ","τὰ","τά","ὁ"
42,21,29,"N","APN","δένδρα·","δένδρα","δένδρα","δένδρον"
42,21,30,"C",NULL,"ὅταν","ὅταν","ὅταν","ὅταν"
42,21,30,"V","3AAS-P","προβάλωσιν","προβάλωσιν","προβάλωσι(ν)","προβάλλω"
42,21,30,"D",NULL,"ἤδη,","ἤδη","ἤδη","ἤδη"
42,21,30,"V","PAPNPM","βλέποντες","βλέποντες","βλέποντες","βλέπω"
42,21,30,"P",NULL,"ἀφ’","ἀφ’","ἀπό","ἀπό"
42,21,30,"RP","GPM","ἑαυτῶν","ἑαυτῶν","ἑαυτῶν","ἑαυτοῦ"
42,21,30,"V","2PAI-P","γινώσκετε","γινώσκετε","γινώσκετε","γινώσκω"
42,21,30,"C",NULL,"ὅτι","ὅτι","ὅτι","ὅτι"
42,21,30,"D",NULL,"ἤδη","ἤδη","ἤδη","ἤδη"
42,21,30,"D",NULL,"ἐγγὺς","ἐγγὺς","ἐγγύς","ἐγγύς"
42,21,30,"RA","NSN","τὸ","τὸ","τό","ὁ"
42,21,30,"N","NSN","θέρος","θέρος","θέρος","θέρος"
42,21,30,"V","3PAI-S","ἐστίν·","ἐστίν","ἐστί(ν)","εἰμί"
42,21,31,"D",NULL,"οὕτως","οὕτως","οὕτω(ς)","οὕτω(ς)"
42,21,31,"D",NULL,"καὶ","καὶ","καί","καί"
42,21,31,"RP","NP","ὑμεῖς,","ὑμεῖς","ὑμεῖς","σύ"
42,21,31,"C",NULL,"ὅταν","ὅταν","ὅταν","ὅταν"
42,21,31,"V","2AAS-P","ἴδητε","ἴδητε","ἴδητε","ὁράω"
42,21,31,"RD","APN","ταῦτα","ταῦτα","ταῦτα","οὗτος"
42,21,31,"V","PMPAPN","γινόμενα,","γινόμενα","γινόμενα","γίνομαι"
42,21,31,"V","2PAD-P","γινώσκετε","γινώσκετε","γινώσκετε","γινώσκω"
42,21,31,"C",NULL,"ὅτι","ὅτι","ὅτι","ὅτι"
42,21,31,"D",NULL,"ἐγγύς","ἐγγύς","ἐγγύς","ἐγγύς"
42,21,31,"V","3PAI-S","ἐστιν","ἐστιν","ἐστί(ν)","εἰμί"
42,21,31,"RA","NSF","ἡ","ἡ","ἡ","ὁ"
42,21,31,"N","NSF","βασιλεία","βασιλεία","βασιλεία","βασιλεία"
42,21,31,"RA","GSM","τοῦ","τοῦ","τοῦ","ὁ"
42,21,31,"N","GSM","θεοῦ.","θεοῦ","θεοῦ","θεός"
42,21,32,"X",NULL,"ἀμὴν","ἀμὴν","ἀμήν","ἀμήν"
42,21,32,"V","1PAI-S","λέγω","λέγω","λέγω","λέγω"
42,21,32,"RP","DP","ὑμῖν","ὑμῖν","ὑμῖν","σύ"
42,21,32,"C",NULL,"ὅτι","ὅτι","ὅτι","ὅτι"
42,21,32,"D",NULL,"οὐ","οὐ","οὐ","οὐ"
42,21,32,"D",NULL,"μὴ","μὴ","μή","μή"
42,21,32,"V","3AAS-S","παρέλθῃ","παρέλθῃ","παρέλθῃ","παρέρχομαι"
42,21,32,"RA","NSF","ἡ","ἡ","ἡ","ὁ"
42,21,32,"N","NSF","γενεὰ","γενεὰ","γενεά","γενεά"
42,21,32,"RD","NSF","αὕτη","αὕτη","αὕτη","οὗτος"
42,21,32,"C",NULL,"ἕως","ἕως","ἕως","ἕως"
42,21,32,"X",NULL,"ἂν","ἂν","ἄν","ἄν"
42,21,32,"A","NPN","πάντα","πάντα","πάντα","πᾶς"
42,21,32,"V","3AMS-S","γένηται.","γένηται","γένηται","γίνομαι"
42,21,33,"RA","NSM","ὁ","ὁ","ὁ","ὁ"
42,21,33,"N","NSM","οὐρανὸς","οὐρανὸς","οὐρανός","οὐρανός"
42,21,33,"C",NULL,"καὶ","καὶ","καί","καί"
42,21,33,"RA","NSF","ἡ","ἡ","ἡ","ὁ"
42,21,33,"N","NSF","γῆ","γῆ","γῆ","γῆ"
42,21,33,"V","3FMI-P","⸀παρελεύσονται,","παρελεύσονται","παρελεύσονται","παρέρχομαι"
42,21,33,"RA","NPM","οἱ","οἱ","οἱ","ὁ"
42,21,33,"C",NULL,"δὲ","δὲ","δέ","δέ"
42,21,33,"N","NPM","λόγοι","λόγοι","λόγοι","λόγος"
42,21,33,"RP","GS","μου","μου","μου","ἐγώ"
42,21,33,"D",NULL,"οὐ","οὐ","οὐ","οὐ"
42,21,33,"D",NULL,"μὴ","μὴ","μή","μή"
42,21,33,"V","3FMI-P","παρελεύσονται.","παρελεύσονται","παρελεύσονται","παρέρχομαι"
42,21,34,"V","2PAD-P","Προσέχετε","Προσέχετε","προσέχετε","προσέχω"
42,21,34,"C",NULL,"δὲ","δὲ","δέ","δέ"
42,21,34,"RP","DPM","ἑαυτοῖς","ἑαυτοῖς","ἑαυτοῖς","ἑαυτοῦ"
42,21,34,"C",NULL,"μήποτε","μήποτε","μήποτε","μήποτε"
42,21,34,"V","3APS-P","βαρηθῶσιν","βαρηθῶσιν","βαρηθῶσι(ν)","βαρέω"
42,21,34,"RP","GP","⸂ὑμῶν","ὑμῶν","ὑμῶν","σύ"
42,21,34,"RA","NPF","αἱ","αἱ","αἱ","ὁ"
42,21,34,"N","NPF","καρδίαι⸃","καρδίαι","καρδίαι","καρδία"
42,21,34,"P",NULL,"ἐν","ἐν","ἐν","ἐν"
42,21,34,"N","DSF","κραιπάλῃ","κραιπάλῃ","κραιπάλῃ","κραιπάλη"
42,21,34,"C",NULL,"καὶ","καὶ","καί","καί"
42,21,34,"N","DSF","μέθῃ","μέθῃ","μέθῃ","μέθη"
42,21,34,"C",NULL,"καὶ","καὶ","καί","καί"
42,21,34,"N","DPF","μερίμναις","μερίμναις","μερίμναις","μέριμνα"
42,21,34,"A","DPF","βιωτικαῖς,","βιωτικαῖς","βιωτικαῖς","βιωτικός"
42,21,34,"C",NULL,"καὶ","καὶ","καί","καί"
42,21,34,"V","3AAS-S","⸂ἐπιστῇ","ἐπιστῇ","ἐπιστῇ","ἐφίστημι"
42,21,34,"P",NULL,"ἐφ’","ἐφ’","ἐπί","ἐπί"
42,21,34,"RP","AP","ὑμᾶς","ὑμᾶς","ὑμᾶς","σύ"
42,21,34,"A","NSF","αἰφνίδιος⸃","αἰφνίδιος","αἰφνίδιος","αἰφνίδιος"
42,21,34,"RA","NSF","ἡ","ἡ","ἡ","ὁ"
42,21,34,"N","NSF","ἡμέρα","ἡμέρα","ἡμέρα","ἡμέρα"
42,21,34,"RD","NSF","ἐκείνη","ἐκείνη","ἐκείνη","ἐκεῖνος"
42,21,35,"C",NULL,"ὡς","ὡς","ὡς","ὡς"
42,21,35,"N","NSF","παγίς·","παγίς","παγίς","παγίς"
42,21,35,"V","3FMI-S","⸂ἐπεισελεύσεται","ἐπεισελεύσεται","ἐπεισελεύσεται","ἐπεισέρχομαι"
42,21,35,"C",NULL,"γὰρ⸃","γὰρ","γάρ","γάρ"
42,21,35,"P",NULL,"ἐπὶ","ἐπὶ","ἐπί","ἐπί"
42,21,35,"A","APM","πάντας","πάντας","πάντας","πᾶς"
42,21,35,"RA","APM","τοὺς","τοὺς","τούς","ὁ"
42,21,35,"V","PMPAPM","καθημένους","καθημένους","καθημένους","κάθημαι"
42,21,35,"P",NULL,"ἐπὶ","ἐπὶ","ἐπί","ἐπί"
42,21,35,"N","ASN","πρόσωπον","πρόσωπον","πρόσωπον","πρόσωπον"
42,21,35,"A","GSF","πάσης","πάσης","πάσης","πᾶς"
42,21,35,"RA","GSF","τῆς","τῆς","τῆς","ὁ"
42,21,35,"N","GSF","γῆς.","γῆς","γῆς","γῆ"
42,21,36,"V","2PAD-P","ἀγρυπνεῖτε","ἀγρυπνεῖτε","ἀγρυπνεῖτε","ἀγρυπνέω"
42,21,36,"C",NULL,"⸀δὲ","δὲ","δέ","δέ"
42,21,36,"P",NULL,"ἐν","ἐν","ἐν","ἐν"
42,21,36,"A","DSM","παντὶ","παντὶ","παντί","πᾶς"
42,21,36,"N","DSM","καιρῷ","καιρῷ","καιρῷ","καιρός"
42,21,36,"V","PMPNPM","δεόμενοι","δεόμενοι","δεόμενοι","δέομαι"
42,21,36,"C",NULL,"ἵνα","ἵνα","ἵνα","ἵνα"
42,21,36,"V","2AAS-P","⸀κατισχύσητε","κατισχύσητε","κατισχύσητε","κατισχύω"
42,21,36,"V","AAN","ἐκφυγεῖν","ἐκφυγεῖν","ἐκφυγεῖν","ἐκφεύγω"
42,21,36,"RD","APN","⸀ταῦτα","ταῦτα","ταῦτα","οὗτος"
42,21,36,"A","APN","πάντα","πάντα","πάντα","πᾶς"
42,21,36,"RA","APN","τὰ","τὰ","τά","ὁ"
42,21,36,"V","PAPAPN","μέλλοντα","μέλλοντα","μέλλοντα","μέλλω"
42,21,36,"V","PMN","γίνεσθαι,","γίνεσθαι","γίνεσθαι","γίνομαι"
42,21,36,"C",NULL,"καὶ","καὶ","καί","καί"
42,21,36,"V","APN","σταθῆναι","σταθῆναι","σταθῆναι","ἵστημι"
42,21,36,"P",NULL,"ἔμπροσθεν","ἔμπροσθεν","ἔμπροσθεν","ἔμπροσθεν"
42,21,36,"RA","GSM","τοῦ","τοῦ","τοῦ","ὁ"
42,21,36,"N","GSM","υἱοῦ","υἱοῦ","υἱοῦ","υἱός"
42,21,36,"RA","GSM","τοῦ","τοῦ","τοῦ","ὁ"
42,21,36,"N","GSM","ἀνθρώπου.","ἀνθρώπου","ἀνθρώπου","ἄνθρωπος"
42,21,37,"V","3IAI-S","Ἦν","Ἦν","ἦν","εἰμί"
42,21,37,"C",NULL,"δὲ","δὲ","δέ","δέ"
42,21,37,"RA","APF","τὰς","τὰς","τάς","ὁ"
42,21,37,"N","APF","ἡμέρας","ἡμέρας","ἡμέρας","ἡμέρα"
42,21,37,"P",NULL,"⸂ἐν","ἐν","ἐν","ἐν"
42,21,37,"RA","DSN","τῷ","τῷ","τῷ","ὁ"
42,21,37,"A","DSN","ἱερῷ","ἱερῷ","ἱερῷ","ἱερός"
42,21,37,"V","PAPNSM","διδάσκων⸃,","διδάσκων","διδάσκων","διδάσκω"
42,21,37,"RA","APF","τὰς","τὰς","τάς","ὁ"
42,21,37,"C",NULL,"δὲ","δὲ","δέ","δέ"
42,21,37,"N","APF","νύκτας","νύκτας","νύκτας","νύξ"
42,21,37,"V","PMPNSM","ἐξερχόμενος","ἐξερχόμενος","ἐξερχόμενος","ἐξέρχομαι"
42,21,37,"V","3IMI-S","ηὐλίζετο","ηὐλίζετο","ηὐλίζετο","αὐλίζομαι"
42,21,37,"P",NULL,"εἰς","εἰς","εἰς","εἰς"
42,21,37,"RA","ASN","τὸ","τὸ","τό","ὁ"
42,21,37,"N","ASN","ὄρος","ὄρος","ὄρος","ὄρος"
42,21,37,"RA","ASN","τὸ","τὸ","τό","ὁ"
42,21,37,"V","PPPASN","καλούμενον","καλούμενον","καλούμενον","καλέω"
42,21,37,"N","GPF","Ἐλαιῶν·","Ἐλαιῶν","ἐλαιῶν","ἐλαία"
42,21,38,"C",NULL,"καὶ","καὶ","καί","καί"
42,21,38,"A","NSM","πᾶς","πᾶς","πᾶς","πᾶς"
42,21,38,"RA","NSM","ὁ","ὁ","ὁ","ὁ"
42,21,38,"N","NSM","λαὸς","λαὸς","λαός","λαός"
42,21,38,"V","3IAI-S","ὤρθριζεν","ὤρθριζεν","ὤρθριζε(ν)","ὀρθρίζω"
42,21,38,"P",NULL,"πρὸς","πρὸς","πρός","πρός"
42,21,38,"RP","ASM","αὐτὸν","αὐτὸν","αὐτόν","αὐτός"
42,21,38,"P",NULL,"ἐν","ἐν","ἐν","ἐν"
42,21,38,"RA","DSN","τῷ","τῷ","τῷ","ὁ"
42,21,38,"A","DSN","ἱερῷ","ἱερῷ","ἱερῷ","ἱερός"
42,21,38,"V","PAN","ἀκούειν","ἀκούειν","ἀκούειν","ἀκούω"
42,21,38,"RP","GSM","αὐτοῦ.","αὐτοῦ","αὐτοῦ","αὐτός"
42,22,01,"V","3IAI-S","Ἤγγιζεν","Ἤγγιζεν","ἤγγιζε(ν)","ἐγγίζω"
42,22,01,"C",NULL,"δὲ","δὲ","δέ","δέ"
42,22,01,"RA","NSF","ἡ","ἡ","ἡ","ὁ"
42,22,01,"N","NSF","ἑορτὴ","ἑορτὴ","ἑορτή","ἑορτή"
42,22,01,"RA","GPN","τῶν","τῶν","τῶν","ὁ"
42,22,01,"A","GPN","ἀζύμων","ἀζύμων","ἀζύμων","ἄζυμος"
42,22,01,"RA","NSF","ἡ","ἡ","ἡ","ὁ"
42,22,01,"V","PPPNSF","λεγομένη","λεγομένη","λεγομένη","λέγω"
42,22,01,"N","NSN","Πάσχα.","Πάσχα","πάσχα","πάσχα"
42,22,02,"C",NULL,"καὶ","καὶ","καί","καί"
42,22,02,"V","3IAI-P","ἐζήτουν","ἐζήτουν","ἐζήτουν","ζητέω"
42,22,02,"RA","NPM","οἱ","οἱ","οἱ","ὁ"
42,22,02,"N","NPM","ἀρχιερεῖς","ἀρχιερεῖς","ἀρχιερεῖς","ἀρχιερεύς"
42,22,02,"C",NULL,"καὶ","καὶ","καί","καί"
42,22,02,"RA","NPM","οἱ","οἱ","οἱ","ὁ"
42,22,02,"N","NPM","γραμματεῖς","γραμματεῖς","γραμματεῖς","γραμματεύς"
42,22,02,"RA","ASN","τὸ","τὸ","τό","ὁ"
42,22,02,"D",NULL,"πῶς","πῶς","πῶς","πῶς"
42,22,02,"V","3AAS-P","ἀνέλωσιν","ἀνέλωσιν","ἀνέλωσι(ν)","ἀναιρέω"
42,22,02,"RP","ASM","αὐτόν,","αὐτόν","αὐτόν","αὐτός"
42,22,02,"V","3IMI-P","ἐφοβοῦντο","ἐφοβοῦντο","ἐφοβοῦντο","φοβέομαι"
42,22,02,"C",NULL,"γὰρ","γὰρ","γάρ","γάρ"
42,22,02,"RA","ASM","τὸν","τὸν","τόν","ὁ"
42,22,02,"N","ASM","λαόν.","λαόν","λαόν","λαός"
42,22,03,"V","3AAI-S","Εἰσῆλθεν","Εἰσῆλθεν","εἰσῆλθε(ν)","εἰσέρχομαι"
42,22,03,"C",NULL,"δὲ","δὲ","δέ","δέ"
42,22,03,"N","NSM","Σατανᾶς","Σατανᾶς","Σατανᾶς","Σατανᾶς"
42,22,03,"P",NULL,"εἰς","εἰς","εἰς","εἰς"
42,22,03,"N","ASM","Ἰούδαν","Ἰούδαν","Ἰούδαν","Ἰούδας"
42,22,03,"RA","ASM","τὸν","τὸν","τόν","ὁ"
42,22,03,"V","PPPASM","⸀καλούμενον","καλούμενον","καλούμενον","καλέω"
42,22,03,"N","ASM","Ἰσκαριώτην,","Ἰσκαριώτην","Ἰσκαριώτην","Ἰσκαριώτης"
42,22,03,"V","PAPASM","ὄντα","ὄντα","ὄντα","εἰμί"
42,22,03,"P",NULL,"ἐκ","ἐκ","ἐκ","ἐκ"
42,22,03,"RA","GSM","τοῦ","τοῦ","τοῦ","ὁ"
42,22,03,"N","GSM","ἀριθμοῦ","ἀριθμοῦ","ἀριθμοῦ","ἀριθμός"
42,22,03,"RA","GPM","τῶν","τῶν","τῶν","ὁ"
42,22,03,"A","GPM","δώδεκα·","δώδεκα","δώδεκα","δώδεκα"
42,22,04,"C",NULL,"καὶ","καὶ","καί","καί"
42,22,04,"V","AAPNSM","ἀπελθὼν","ἀπελθὼν","ἀπελθών","ἀπέρχομαι"
42,22,04,"V","3AAI-S","συνελάλησεν","συνελάλησεν","συνελάλησε(ν)","συλλαλέω"
42,22,04,"RA","DPM","τοῖς","τοῖς","τοῖς","ὁ"
42,22,04,"N","DPM","ἀρχιερεῦσιν","ἀρχιερεῦσιν","ἀρχιερεῦσι(ν)","ἀρχιερεύς"
42,22,04,"C",NULL,"καὶ","καὶ","καί","καί"
42,22,04,"N","DPM","στρατηγοῖς","στρατηγοῖς","στρατηγοῖς","στρατηγός"
42,22,04,"RA","ASN","τὸ","τὸ","τό","ὁ"
42,22,04,"D",NULL,"πῶς","πῶς","πῶς","πῶς"
42,22,04,"RP","DPM","⸂αὐτοῖς","αὐτοῖς","αὐτοῖς","αὐτός"
42,22,04,"V","3AAS-S","παραδῷ","παραδῷ","παραδῷ","παραδίδωμι"
42,22,04,"RP","ASM","αὐτόν⸃.","αὐτόν","αὐτόν","αὐτός"
42,22,05,"C",NULL,"καὶ","καὶ","καί","καί"
42,22,05,"V","3API-P","ἐχάρησαν","ἐχάρησαν","ἐχάρησαν","χαίρω"
42,22,05,"C",NULL,"καὶ","καὶ","καί","καί"
42,22,05,"V","3AMI-P","συνέθεντο","συνέθεντο","συνέθεντο","συντίθεμαι"
42,22,05,"RP","DSM","αὐτῷ","αὐτῷ","αὐτῷ","αὐτός"
42,22,05,"N","ASN","ἀργύριον","ἀργύριον","ἀργύριον","ἀργύριον"
42,22,05,"V","AAN","δοῦναι.","δοῦναι","δοῦναι","δίδωμι"
42,22,06,"C",NULL,"καὶ","καὶ","καί","καί"
42,22,06,"V","3AAI-S","ἐξωμολόγησεν,","ἐξωμολόγησεν","ἐξωμολόγησε(ν)","ἐξομολογέω"
42,22,06,"C",NULL,"καὶ","καὶ","καί","καί"
42,22,06,"V","3IAI-S","ἐζήτει","ἐζήτει","ἐζήτει","ζητέω"
42,22,06,"N","ASF","εὐκαιρίαν","εὐκαιρίαν","εὐκαιρίαν","εὐκαιρία"
42,22,06,"RA","GSN","τοῦ","τοῦ","τοῦ","ὁ"
42,22,06,"V","AAN","παραδοῦναι","παραδοῦναι","παραδοῦναι","παραδίδωμι"
42,22,06,"RP","ASM","αὐτὸν","αὐτὸν","αὐτόν","αὐτός"
42,22,06,"P",NULL,"⸂ἄτερ","ἄτερ","ἄτερ","ἄτερ"
42,22,06,"N","GSM","ὄχλου","ὄχλου","ὄχλου","ὄχλος"
42,22,06,"RP","DPM","αὐτοῖς⸃.","αὐτοῖς","αὐτοῖς","αὐτός"
42,22,07,"V","3AAI-S","Ἦλθεν","Ἦλθεν","ἦλθε(ν)","ἔρχομαι"
42,22,07,"C",NULL,"δὲ","δὲ","δέ","δέ"
42,22,07,"RA","NSF","ἡ","ἡ","ἡ","ὁ"
42,22,07,"N","NSF","ἡμέρα","ἡμέρα","ἡμέρα","ἡμέρα"
42,22,07,"RA","GPN","τῶν","τῶν","τῶν","ὁ"
42,22,07,"A","GPN","ἀζύμων,","ἀζύμων","ἀζύμων","ἄζυμος"
42,22,07,"RR","DSF","⸀ᾗ","ᾗ","ᾗ","ὅς"
42,22,07,"V","3IAI-S","ἔδει","ἔδει","ἔδει","δέω"
42,22,07,"V","PPN","θύεσθαι","θύεσθαι","θύεσθαι","θύω"
42,22,07,"RA","ASN","τὸ","τὸ","τό","ὁ"
42,22,07,"N","ASN","πάσχα·","πάσχα","πάσχα","πάσχα"
42,22,08,"C",NULL,"καὶ","καὶ","καί","καί"
42,22,08,"V","3AAI-S","ἀπέστειλεν","ἀπέστειλεν","ἀπέστειλε(ν)","ἀποστέλλω"
42,22,08,"N","ASM","Πέτρον","Πέτρον","Πέτρον","Πέτρος"
42,22,08,"C",NULL,"καὶ","καὶ","καί","καί"
42,22,08,"N","ASM","Ἰωάννην","Ἰωάννην","Ἰωάννην","Ἰωάννης"
42,22,08,"V","AAPNSM","εἰπών·","εἰπών","εἰπών","λέγω"
42,22,08,"V","APPNPM","Πορευθέντες","Πορευθέντες","πορευθέντες","πορεύομαι"
42,22,08,"V","2AAD-P","ἑτοιμάσατε","ἑτοιμάσατε","ἑτοιμάσατε","ἑτοιμάζω"
42,22,08,"RP","DP","ἡμῖν","ἡμῖν","ἡμῖν","ἐγώ"
42,22,08,"RA","ASN","τὸ","τὸ","τό","ὁ"
42,22,08,"N","ASN","πάσχα","πάσχα","πάσχα","πάσχα"
42,22,08,"C",NULL,"ἵνα","ἵνα","ἵνα","ἵνα"
42,22,08,"V","1AAS-P","φάγωμεν.","φάγωμεν","φάγωμεν","ἐσθίω"
42,22,09,"RA","NPM","οἱ","οἱ","οἱ","ὁ"
42,22,09,"C",NULL,"δὲ","δὲ","δέ","δέ"
42,22,09,"V","3AAI-P","εἶπαν","εἶπαν","εἶπαν","λέγω"
42,22,09,"RP","DSM","αὐτῷ·","αὐτῷ","αὐτῷ","αὐτός"
42,22,09,"D",NULL,"Ποῦ","Ποῦ","ποῦ","ποῦ"
42,22,09,"V","2PAI-S","θέλεις","θέλεις","θέλεις","θέλω"
42,22,09,"V","1AAS-P","⸀ἑτοιμάσωμεν;","ἑτοιμάσωμεν","ἑτοιμάσωμεν","ἑτοιμάζω"
42,22,10,"RA","NSM","ὁ","ὁ","ὁ","ὁ"
42,22,10,"C",NULL,"δὲ","δὲ","δέ","δέ"
42,22,10,"V","3AAI-S","εἶπεν","εἶπεν","εἶπε(ν)","λέγω"
42,22,10,"RP","DPM","αὐτοῖς·","αὐτοῖς","αὐτοῖς","αὐτός"
42,22,10,"X",NULL,"Ἰδοὺ","Ἰδοὺ","ἰδού","ἰδού"
42,22,10,"V","AAPGPM","εἰσελθόντων","εἰσελθόντων","εἰσελθόντων","εἰσέρχομαι"
42,22,10,"RP","GP","ὑμῶν","ὑμῶν","ὑμῶν","σύ"
42,22,10,"P",NULL,"εἰς","εἰς","εἰς","εἰς"
42,22,10,"RA","ASF","τὴν","τὴν","τήν","ὁ"
42,22,10,"N","ASF","πόλιν","πόλιν","πόλιν","πόλις"
42,22,10,"V","3FAI-S","συναντήσει","συναντήσει","συναντήσει","συναντάω"
42,22,10,"RP","DP","ὑμῖν","ὑμῖν","ὑμῖν","σύ"
42,22,10,"N","NSM","ἄνθρωπος","ἄνθρωπος","ἄνθρωπος","ἄνθρωπος"
42,22,10,"N","ASN","κεράμιον","κεράμιον","κεράμιον","κεράμιον"
42,22,10,"N","GSN","ὕδατος","ὕδατος","ὕδατος","ὕδωρ"
42,22,10,"V","PAPNSM","βαστάζων·","βαστάζων","βαστάζων","βαστάζω"
42,22,10,"V","2AAD-P","ἀκολουθήσατε","ἀκολουθήσατε","ἀκολουθήσατε","ἀκολουθέω"
42,22,10,"RP","DSM","αὐτῷ","αὐτῷ","αὐτῷ","αὐτός"
42,22,10,"P",NULL,"εἰς","εἰς","εἰς","εἰς"
42,22,10,"RA","ASF","τὴν","τὴν","τήν","ὁ"
42,22,10,"N","ASF","οἰκίαν","οἰκίαν","οἰκίαν","οἰκία"
42,22,10,"P",NULL,"⸂εἰς","εἰς","εἰς","εἰς"
42,22,10,"RR","ASF","ἣν⸃","ἣν","ἥν","ὅς"
42,22,10,"V","3PMI-S","εἰσπορεύεται.","εἰσπορεύεται","εἰσπορεύεται","εἰσπορεύομαι"
42,22,11,"C",NULL,"καὶ","καὶ","καί","καί"
42,22,11,"V","2FAI-P","ἐρεῖτε","ἐρεῖτε","ἐρεῖτε","λέγω"
42,22,11,"RA","DSM","τῷ","τῷ","τῷ","ὁ"
42,22,11,"N","DSM","οἰκοδεσπότῃ","οἰκοδεσπότῃ","οἰκοδεσπότῃ","οἰκοδεσπότης"
42,22,11,"RA","GSF","τῆς","τῆς","τῆς","ὁ"
42,22,11,"N","GSF","οἰκίας·","οἰκίας","οἰκίας","οἰκία"
42,22,11,"V","3PAI-S","Λέγει","Λέγει","λέγει","λέγω"
42,22,11,"RP","DS","σοι","σοι","σοι","σύ"
42,22,11,"RA","NSM","ὁ","ὁ","ὁ","ὁ"
42,22,11,"N","NSM","διδάσκαλος·","διδάσκαλος","διδάσκαλος","διδάσκαλος"
42,22,11,"D",NULL,"Ποῦ","Ποῦ","ποῦ","ποῦ"
42,22,11,"V","3PAI-S","ἐστιν","ἐστιν","ἐστί(ν)","εἰμί"
42,22,11,"RA","NSN","τὸ","τὸ","τό","ὁ"
42,22,11,"N","NSN","κατάλυμα","κατάλυμα","κατάλυμα","κατάλυμα"
42,22,11,"D",NULL,"ὅπου","ὅπου","ὅπου","ὅπου"
42,22,11,"RA","ASN","τὸ","τὸ","τό","ὁ"
42,22,11,"N","ASN","πάσχα","πάσχα","πάσχα","πάσχα"
42,22,11,"P",NULL,"μετὰ","μετὰ","μετά","μετά"
42,22,11,"RA","GPM","τῶν","τῶν","τῶν","ὁ"
42,22,11,"N","GPM","μαθητῶν","μαθητῶν","μαθητῶν","μαθητής"
42,22,11,"RP","GS","μου","μου","μου","ἐγώ"
42,22,11,"V","1AAS-S","φάγω;","φάγω","φάγω","ἐσθίω"
42,22,12,"RD","NSM","κἀκεῖνος","κἀκεῖνος","κἀκεῖνος","κἀκεῖνος"
42,22,12,"RP","DP","ὑμῖν","ὑμῖν","ὑμῖν","σύ"
42,22,12,"V","3FAI-S","δείξει","δείξει","δείξει","δείκνυμι"
42,22,12,"N","ASN","ἀνάγαιον","ἀνάγαιον","ἀνάγαιον","ἀνάγαιον"
42,22,12,"A","ASN","μέγα","μέγα","μέγα","μέγας"
42,22,12,"V","XPPASN","ἐστρωμένον·","ἐστρωμένον","ἐστρωμένον","στρώννυμι"
42,22,12,"D",NULL,"ἐκεῖ","ἐκεῖ","ἐκεῖ","ἐκεῖ"
42,22,12,"V","2AAD-P","ἑτοιμάσατε.","ἑτοιμάσατε","ἑτοιμάσατε","ἑτοιμάζω"
42,22,13,"V","AAPNPM","ἀπελθόντες","ἀπελθόντες","ἀπελθόντες","ἀπέρχομαι"
42,22,13,"C",NULL,"δὲ","δὲ","δέ","δέ"
42,22,13,"V","3AAI-P","εὗρον","εὗρον","εὗρον","εὑρίσκω"
42,22,13,"C",NULL,"καθὼς","καθὼς","καθώς","καθώς"
42,22,13,"V","3YAI-S","⸀εἰρήκει","εἰρήκει","εἰρήκει","λέγω"
42,22,13,"RP","DPM","αὐτοῖς,","αὐτοῖς","αὐτοῖς","αὐτός"
42,22,13,"C",NULL,"καὶ","καὶ","καί","καί"
42,22,13,"V","3AAI-P","ἡτοίμασαν","ἡτοίμασαν","ἡτοίμασαν","ἑτοιμάζω"
42,22,13,"RA","ASN","τὸ","τὸ","τό","ὁ"
42,22,13,"N","ASN","πάσχα.","πάσχα","πάσχα","πάσχα"
42,22,14,"C",NULL,"Καὶ","Καὶ","καί","καί"
42,22,14,"C",NULL,"ὅτε","ὅτε","ὅτε","ὅτε"
42,22,14,"V","3AMI-S","ἐγένετο","ἐγένετο","ἐγένετο","γίνομαι"
42,22,14,"RA","NSF","ἡ","ἡ","ἡ","ὁ"
42,22,14,"N","NSF","ὥρα,","ὥρα","ὥρα","ὥρα"
42,22,14,"V","3AAI-S","ἀνέπεσεν","ἀνέπεσεν","ἀνέπεσε(ν)","ἀναπίπτω"
42,22,14,"C",NULL,"καὶ","καὶ","καί","καί"
42,22,14,"RA","NPM","⸀οἱ","οἱ","οἱ","ὁ"
42,22,14,"N","NPM","ἀπόστολοι","ἀπόστολοι","ἀπόστολοι","ἀπόστολος"
42,22,14,"P",NULL,"σὺν","σὺν","σύν","σύν"
42,22,14,"RP","DSM","αὐτῷ.","αὐτῷ","αὐτῷ","αὐτός"
42,22,15,"C",NULL,"καὶ","καὶ","καί","καί"
42,22,15,"V","3AAI-S","εἶπεν","εἶπεν","εἶπε(ν)","λέγω"
42,22,15,"P",NULL,"πρὸς","πρὸς","πρός","πρός"
42,22,15,"RP","APM","αὐτούς·","αὐτούς","αὐτούς","αὐτός"
42,22,15,"N","DSF","Ἐπιθυμίᾳ","Ἐπιθυμίᾳ","ἐπιθυμίᾳ","ἐπιθυμία"
42,22,15,"V","1AAI-S","ἐπεθύμησα","ἐπεθύμησα","ἐπεθύμησα","ἐπιθυμέω"
42,22,15,"RD","ASN","τοῦτο","τοῦτο","τοῦτο","οὗτος"
42,22,15,"RA","ASN","τὸ","τὸ","τό","ὁ"
42,22,15,"N","ASN","πάσχα","πάσχα","πάσχα","πάσχα"
42,22,15,"V","AAN","φαγεῖν","φαγεῖν","φαγεῖν","ἐσθίω"
42,22,15,"P",NULL,"μεθ’","μεθ’","μετά","μετά"
42,22,15,"RP","GP","ὑμῶν","ὑμῶν","ὑμῶν","σύ"
42,22,15,"P",NULL,"πρὸ","πρὸ","πρό","πρό"
42,22,15,"RA","GSN","τοῦ","τοῦ","τοῦ","ὁ"
42,22,15,"RP","AS","με","με","με","ἐγώ"
42,22,15,"V","AAN","παθεῖν·","παθεῖν","παθεῖν","πάσχω"
42,22,16,"V","1PAI-S","λέγω","λέγω","λέγω","λέγω"
42,22,16,"C",NULL,"γὰρ","γὰρ","γάρ","γάρ"
42,22,16,"RP","DP","ὑμῖν","ὑμῖν","ὑμῖν","σύ"
42,22,16,"C",NULL,"⸀ὅτι","ὅτι","ὅτι","ὅτι"
42,22,16,"D",NULL,"οὐ","οὐ","οὐ","οὐ"
42,22,16,"D",NULL,"μὴ","μὴ","μή","μή"
42,22,16,"V","1AAS-S","φάγω","φάγω","φάγω","ἐσθίω"
42,22,16,"RP","ASN","⸀αὐτὸ","αὐτὸ","αὐτό","αὐτός"
42,22,16,"P",NULL,"ἕως","ἕως","ἕως","ἕως"
42,22,16,"RR","GSM","ὅτου","ὅτου","ὅτου","ὅστις"
42,22,16,"V","3APS-S","πληρωθῇ","πληρωθῇ","πληρωθῇ","πληρόω"
42,22,16,"P",NULL,"ἐν","ἐν","ἐν","ἐν"
42,22,16,"RA","DSF","τῇ","τῇ","τῇ","ὁ"
42,22,16,"N","DSF","βασιλείᾳ","βασιλείᾳ","βασιλείᾳ","βασιλεία"
42,22,16,"RA","GSM","τοῦ","τοῦ","τοῦ","ὁ"
42,22,16,"N","GSM","θεοῦ.","θεοῦ","θεοῦ","θεός"
42,22,17,"C",NULL,"καὶ","καὶ","καί","καί"
42,22,17,"V","AMPNSM","δεξάμενος","δεξάμενος","δεξάμενος","δέχομαι"
42,22,17,"N","ASN","ποτήριον","ποτήριον","ποτήριον","ποτήριον"
42,22,17,"V","AAPNSM","εὐχαριστήσας","εὐχαριστήσας","εὐχαριστήσας","εὐχαριστέω"
42,22,17,"V","3AAI-S","εἶπεν·","εἶπεν","εἶπε(ν)","λέγω"
42,22,17,"V","2AAD-P","Λάβετε","Λάβετε","λάβετε","λαμβάνω"
42,22,17,"RD","ASN","τοῦτο","τοῦτο","τοῦτο","οὗτος"
42,22,17,"C",NULL,"καὶ","καὶ","καί","καί"
42,22,17,"V","2AAD-P","διαμερίσατε","διαμερίσατε","διαμερίσατε","διαμερίζω"
42,22,17,"P",NULL,"⸂εἰς","εἰς","εἰς","εἰς"
42,22,17,"RP","APM","ἑαυτούς⸃·","ἑαυτούς","ἑαυτούς","ἑαυτοῦ"
42,22,18,"V","1PAI-S","λέγω","λέγω","λέγω","λέγω"
42,22,18,"C",NULL,"γὰρ","γὰρ","γάρ","γάρ"
42,22,18,"RP","DP","ὑμῖν,","ὑμῖν","ὑμῖν","σύ"
42,22,18,"D",NULL,"⸀οὐ","οὐ","οὐ","οὐ"
42,22,18,"D",NULL,"μὴ","μὴ","μή","μή"
42,22,18,"V","1AAS-S","πίω","πίω","πίω","πίνω"
42,22,18,"P",NULL,"ἀπὸ","ἀπὸ","ἀπό","ἀπό"
42,22,18,"RA","GSM","τοῦ","τοῦ","τοῦ","ὁ"
42,22,18,"D",NULL,"⸂νῦν","νῦν","νῦν","νῦν"
42,22,18,"P",NULL,"ἀπὸ","ἀπὸ","ἀπό","ἀπό"
42,22,18,"RA","GSN","τοῦ⸃","τοῦ","τοῦ","ὁ"
42,22,18,"N","GSN","γενήματος","γενήματος","γενήματος","γένημα"
42,22,18,"RA","GSF","τῆς","τῆς","τῆς","ὁ"
42,22,18,"N","GSF","ἀμπέλου","ἀμπέλου","ἀμπέλου","ἄμπελος"
42,22,18,"P",NULL,"ἕως","ἕως","ἕως","ἕως"
42,22,18,"RR","GSM","⸀οὗ","οὗ","οὗ","ὅς"
42,22,18,"RA","NSF","ἡ","ἡ","ἡ","ὁ"
42,22,18,"N","NSF","βασιλεία","βασιλεία","βασιλεία","βασιλεία"
42,22,18,"RA","GSM","τοῦ","τοῦ","τοῦ","ὁ"
42,22,18,"N","GSM","θεοῦ","θεοῦ","θεοῦ","θεός"
42,22,18,"V","3AAS-S","ἔλθῃ.","ἔλθῃ","ἔλθῃ","ἔρχομαι"
42,22,19,"C",NULL,"καὶ","καὶ","καί","καί"
42,22,19,"V","AAPNSM","λαβὼν","λαβὼν","λαβών","λαμβάνω"
42,22,19,"N","ASM","ἄρτον","ἄρτον","ἄρτον","ἄρτος"
42,22,19,"V","AAPNSM","εὐχαριστήσας","εὐχαριστήσας","εὐχαριστήσας","εὐχαριστέω"
42,22,19,"V","3AAI-S","ἔκλασεν","ἔκλασεν","ἔκλασε(ν)","κλάω"
42,22,19,"C",NULL,"καὶ","καὶ","καί","καί"
42,22,19,"V","3AAI-S","ἔδωκεν","ἔδωκεν","ἔδωκε(ν)","δίδωμι"
42,22,19,"RP","DPM","αὐτοῖς","αὐτοῖς","αὐτοῖς","αὐτός"
42,22,19,"V","PAPNSM","λέγων·","λέγων","λέγων","λέγω"
42,22,19,"RD","NSN","Τοῦτό","Τοῦτό","τοῦτο","οὗτος"
42,22,19,"V","3PAI-S","ἐστιν","ἐστιν","ἐστί(ν)","εἰμί"
42,22,19,"RA","NSN","τὸ","τὸ","τό","ὁ"
42,22,19,"N","NSN","σῶμά","σῶμά","σῶμα","σῶμα"
42,22,19,"RP","GS","μου","μου","μου","ἐγώ"
42,22,19,"RA","NSN","⸂[τὸ","τὸ","τό","ὁ"
42,22,19,"P",NULL,"ὑπὲρ","ὑπὲρ","ὑπέρ","ὑπέρ"
42,22,19,"RP","GP","ὑμῶν","ὑμῶν","ὑμῶν","σύ"
42,22,19,"V","PPPNSN","διδόμενον·","διδόμενον","διδόμενον","δίδωμι"
42,22,19,"RD","ASN","τοῦτο","τοῦτο","τοῦτο","οὗτος"
42,22,19,"V","2PAD-P","ποιεῖτε","ποιεῖτε","ποιεῖτε","ποιέω"
42,22,19,"P",NULL,"εἰς","εἰς","εἰς","εἰς"
42,22,19,"RA","ASF","τὴν","τὴν","τήν","ὁ"
42,22,19,"A","ASF","ἐμὴν","ἐμὴν","ἐμήν","ἐμός"
42,22,19,"N","ASF","ἀνάμνησιν.","ἀνάμνησιν","ἀνάμνησιν","ἀνάμνησις"
42,22,20,"C",NULL,"⸄καὶ","καὶ","καί","καί"
42,22,20,"RA","ASN","τὸ","τὸ","τό","ὁ"
42,22,20,"N","ASN","ποτήριον","ποτήριον","ποτήριον","ποτήριον"
42,22,20,"D",NULL,"ὡσαύτως⸅","ὡσαύτως","ὡσαύτως","ὡσαύτως"
42,22,20,"P",NULL,"μετὰ","μετὰ","μετά","μετά"
42,22,20,"RA","ASN","τὸ","τὸ","τό","ὁ"
42,22,20,"V","AAN","δειπνῆσαι,","δειπνῆσαι","δειπνῆσαι","δειπνέω"
42,22,20,"V","PAPNSM","λέγων·","λέγων","λέγων","λέγω"
42,22,20,"RD","NSN","Τοῦτο","Τοῦτο","τοῦτο","οὗτος"
42,22,20,"RA","NSN","τὸ","τὸ","τό","ὁ"
42,22,20,"N","NSN","ποτήριον","ποτήριον","ποτήριον","ποτήριον"
42,22,20,"RA","NSF","ἡ","ἡ","ἡ","ὁ"
42,22,20,"A","NSF","καινὴ","καινὴ","καινή","καινός"
42,22,20,"N","NSF","διαθήκη","διαθήκη","διαθήκη","διαθήκη"
42,22,20,"P",NULL,"ἐν","ἐν","ἐν","ἐν"
42,22,20,"RA","DSN","τῷ","τῷ","τῷ","ὁ"
42,22,20,"N","DSN","αἵματί","αἵματί","αἵματι","αἷμα"
42,22,20,"RP","GS","μου,","μου","μου","ἐγώ"
42,22,20,"RA","NSN","τὸ","τὸ","τό","ὁ"
42,22,20,"P",NULL,"ὑπὲρ","ὑπὲρ","ὑπέρ","ὑπέρ"
42,22,20,"RP","GP","ὑμῶν","ὑμῶν","ὑμῶν","σύ"
42,22,20,"V","PPPNSN","ἐκχυννόμενον]⸃.","ἐκχυννόμενον","ἐκχυννόμενον","ἐκχέω"
42,22,21,"C",NULL,"πλὴν","πλὴν","πλήν","πλήν"
42,22,21,"X",NULL,"ἰδοὺ","ἰδοὺ","ἰδού","ἰδού"
42,22,21,"RA","NSF","ἡ","ἡ","ἡ","ὁ"
42,22,21,"N","NSF","χεὶρ","χεὶρ","χείρ","χείρ"
42,22,21,"RA","GSM","τοῦ","τοῦ","τοῦ","ὁ"
42,22,21,"V","PAPGSM","παραδιδόντος","παραδιδόντος","παραδιδόντος","παραδίδωμι"
42,22,21,"RP","AS","με","με","με","ἐγώ"
42,22,21,"P",NULL,"μετ’","μετ’","μετά","μετά"
42,22,21,"RP","GS","ἐμοῦ","ἐμοῦ","ἐμοῦ","ἐγώ"
42,22,21,"P",NULL,"ἐπὶ","ἐπὶ","ἐπί","ἐπί"
42,22,21,"RA","GSF","τῆς","τῆς","τῆς","ὁ"
42,22,21,"N","GSF","τραπέζης·","τραπέζης","τραπέζης","τράπεζα"
42,22,22,"C",NULL,"⸂ὅτι","ὅτι","ὅτι","ὅτι"
42,22,22,"RA","NSM","ὁ","ὁ","ὁ","ὁ"
42,22,22,"N","NSM","υἱὸς","υἱὸς","υἱός","υἱός"
42,22,22,"C",NULL,"μὲν⸃","μὲν","μέν","μέν"
42,22,22,"RA","GSM","τοῦ","τοῦ","τοῦ","ὁ"
42,22,22,"N","GSM","ἀνθρώπου","ἀνθρώπου","ἀνθρώπου","ἄνθρωπος"
42,22,22,"P",NULL,"⸂κατὰ","κατὰ","κατά","κατά"
42,22,22,"RA","ASN","τὸ","τὸ","τό","ὁ"
42,22,22,"V","XPPASN","ὡρισμένον","ὡρισμένον","ὡρισμένον","ὁρίζω"
42,22,22,"V","3PMI-S","πορεύεται⸃,","πορεύεται","πορεύεται","πορεύομαι"
42,22,22,"C",NULL,"πλὴν","πλὴν","πλήν","πλήν"
42,22,22,"X",NULL,"οὐαὶ","οὐαὶ","οὐαί","οὐαί"
42,22,22,"RA","DSM","τῷ","τῷ","τῷ","ὁ"
42,22,22,"N","DSM","ἀνθρώπῳ","ἀνθρώπῳ","ἀνθρώπῳ","ἄνθρωπος"
42,22,22,"RD","DSM","ἐκείνῳ","ἐκείνῳ","ἐκείνῳ","ἐκεῖνος"
42,22,22,"P",NULL,"δι’","δι’","διά","διά"
42,22,22,"RR","GSM","οὗ","οὗ","οὗ","ὅς"
42,22,22,"V","3PPI-S","παραδίδοται.","παραδίδοται","παραδίδοται","παραδίδωμι"
42,22,23,"C",NULL,"καὶ","καὶ","καί","καί"
42,22,23,"RP","NPM","αὐτοὶ","αὐτοὶ","αὐτοί","αὐτός"
42,22,23,"V","3AMI-P","ἤρξαντο","ἤρξαντο","ἤρξαντο","ἄρχω"
42,22,23,"V","PAN","συζητεῖν","συζητεῖν","συζητεῖν","συζητέω"
42,22,23,"P",NULL,"πρὸς","πρὸς","πρός","πρός"
42,22,23,"RP","APM","ἑαυτοὺς","ἑαυτοὺς","ἑαυτούς","ἑαυτοῦ"
42,22,23,"RA","ASN","τὸ","τὸ","τό","ὁ"
42,22,23,"RI","NSM","τίς","τίς","τίς","τίς"
42,22,23,"C",NULL,"ἄρα","ἄρα","ἄρα","ἄρα"
42,22,23,"V","3PAO-S","εἴη","εἴη","εἴη","εἰμί"
42,22,23,"P",NULL,"ἐξ","ἐξ","ἐκ","ἐκ"
42,22,23,"RP","GPM","αὐτῶν","αὐτῶν","αὐτῶν","αὐτός"
42,22,23,"RA","NSM","ὁ","ὁ","ὁ","ὁ"
42,22,23,"RD","ASN","τοῦτο","τοῦτο","τοῦτο","οὗτος"
42,22,23,"V","PAPNSM","μέλλων","μέλλων","μέλλων","μέλλω"
42,22,23,"V","PAN","πράσσειν.","πράσσειν","πράσσειν","πράσσω"
42,22,24,"V","3AMI-S","Ἐγένετο","Ἐγένετο","ἐγένετο","γίνομαι"
42,22,24,"C",NULL,"δὲ","δὲ","δέ","δέ"
42,22,24,"D",NULL,"καὶ","καὶ","καί","καί"
42,22,24,"N","NSF","φιλονεικία","φιλονεικία","φιλονεικία","φιλονεικία"
42,22,24,"P",NULL,"ἐν","ἐν","ἐν","ἐν"
42,22,24,"RP","DPM","αὐτοῖς,","αὐτοῖς","αὐτοῖς","αὐτός"
42,22,24,"RA","NSN","τὸ","τὸ","τό","ὁ"
42,22,24,"RI","NSM","τίς","τίς","τίς","τίς"
42,22,24,"RP","GPM","αὐτῶν","αὐτῶν","αὐτῶν","αὐτός"
42,22,24,"V","3PAI-S","δοκεῖ","δοκεῖ","δοκεῖ","δοκέω"
42,22,24,"V","PAN","εἶναι","εἶναι","εἶναι","εἰμί"
42,22,24,"A","NSMC","μείζων.","μείζων","μείζων","μέγας"
42,22,25,"RA","NSM","ὁ","ὁ","ὁ","ὁ"
42,22,25,"C",NULL,"δὲ","δὲ","δέ","δέ"
42,22,25,"V","3AAI-S","εἶπεν","εἶπεν","εἶπε(ν)","λέγω"
42,22,25,"RP","DPM","αὐτοῖς·","αὐτοῖς","αὐτοῖς","αὐτός"
42,22,25,"RA","NPM","Οἱ","Οἱ","οἱ","ὁ"
42,22,25,"N","NPM","βασιλεῖς","βασιλεῖς","βασιλεῖς","βασιλεύς"
42,22,25,"RA","GPN","τῶν","τῶν","τῶν","ὁ"
42,22,25,"N","GPN","ἐθνῶν","ἐθνῶν","ἐθνῶν","ἔθνος"
42,22,25,"V","3PAI-P","κυριεύουσιν","κυριεύουσιν","κυριεύουσι(ν)","κυριεύω"
42,22,25,"RP","GPN","αὐτῶν","αὐτῶν","αὐτῶν","αὐτός"
42,22,25,"C",NULL,"καὶ","καὶ","καί","καί"
42,22,25,"RA","NPM","οἱ","οἱ","οἱ","ὁ"
42,22,25,"V","PAPNPM","ἐξουσιάζοντες","ἐξουσιάζοντες","ἐξουσιάζοντες","ἐξουσιάζω"
42,22,25,"RP","GPN","αὐτῶν","αὐτῶν","αὐτῶν","αὐτός"
42,22,25,"N","NPM","εὐεργέται","εὐεργέται","εὐεργέται","εὐεργέτης"
42,22,25,"V","3PPI-P","καλοῦνται.","καλοῦνται","καλοῦνται","καλέω"
42,22,26,"RP","NP","ὑμεῖς","ὑμεῖς","ὑμεῖς","σύ"
42,22,26,"C",NULL,"δὲ","δὲ","δέ","δέ"
42,22,26,"D",NULL,"οὐχ","οὐχ","οὐ","οὐ"
42,22,26,"D",NULL,"οὕτως,","οὕτως","οὕτω(ς)","οὕτω(ς)"
42,22,26,"C",NULL,"ἀλλ’","ἀλλ’","ἀλλά","ἀλλά"
42,22,26,"RA","NSM","ὁ","ὁ","ὁ","ὁ"
42,22,26,"A","NSMC","μείζων","μείζων","μείζων","μέγας"
42,22,26,"P",NULL,"ἐν","ἐν","ἐν","ἐν"
42,22,26,"RP","DP","ὑμῖν","ὑμῖν","ὑμῖν","σύ"
42,22,26,"V","3PMD-S","⸀γινέσθω","γινέσθω","γινέσθω","γίνομαι"
42,22,26,"C",NULL,"ὡς","ὡς","ὡς","ὡς"
42,22,26,"RA","NSM","ὁ","ὁ","ὁ","ὁ"
42,22,26,"A","NSMC","νεώτερος,","νεώτερος","νεώτερος","νέος"
42,22,26,"C",NULL,"καὶ","καὶ","καί","καί"
42,22,26,"RA","NSM","ὁ","ὁ","ὁ","ὁ"
42,22,26,"V","PMPNSM","ἡγούμενος","ἡγούμενος","ἡγούμενος","ἡγέομαι"
42,22,26,"C",NULL,"ὡς","ὡς","ὡς","ὡς"
42,22,26,"RA","NSM","ὁ","ὁ","ὁ","ὁ"
42,22,26,"V","PAPNSM","διακονῶν·","διακονῶν","διακονῶν","διακονέω"
42,22,27,"RI","NSM","τίς","τίς","τίς","τίς"
42,22,27,"C",NULL,"γὰρ","γὰρ","γάρ","γάρ"
42,22,27,"A","NSMC","μείζων,","μείζων","μείζων","μέγας"
42,22,27,"RA","NSM","ὁ","ὁ","ὁ","ὁ"
42,22,27,"V","PMPNSM","ἀνακείμενος","ἀνακείμενος","ἀνακείμενος","ἀνάκειμαι"
42,22,27,"C",NULL,"ἢ","ἢ","ἤ","ἤ"
42,22,27,"RA","NSM","ὁ","ὁ","ὁ","ὁ"
42,22,27,"V","PAPNSM","διακονῶν;","διακονῶν","διακονῶν","διακονέω"
42,22,27,"X",NULL,"οὐχὶ","οὐχὶ","οὐχί","οὐχί"
42,22,27,"RA","NSM","ὁ","ὁ","ὁ","ὁ"
42,22,27,"V","PMPNSM","ἀνακείμενος;","ἀνακείμενος","ἀνακείμενος","ἀνάκειμαι"
42,22,27,"RP","NS","ἐγὼ","ἐγὼ","ἐγώ","ἐγώ"
42,22,27,"C",NULL,"δὲ","δὲ","δέ","δέ"
42,22,27,"P",NULL,"⸂ἐν","ἐν","ἐν","ἐν"
42,22,27,"A","DSN","μέσῳ","μέσῳ","μέσῳ","μέσος"
42,22,27,"RP","GP","ὑμῶν","ὑμῶν","ὑμῶν","σύ"
42,22,27,"V","1PAI-S","εἰμι⸃","εἰμι","εἰμί","εἰμί"
42,22,27,"C",NULL,"ὡς","ὡς","ὡς","ὡς"
42,22,27,"RA","NSM","ὁ","ὁ","ὁ","ὁ"
42,22,27,"V","PAPNSM","διακονῶν.","διακονῶν","διακονῶν","διακονέω"
42,22,28,"RP","NP","Ὑμεῖς","Ὑμεῖς","ὑμεῖς","σύ"
42,22,28,"C",NULL,"δέ","δέ","δέ","δέ"
42,22,28,"V","2PAI-P","ἐστε","ἐστε","ἐστέ","εἰμί"
42,22,28,"RA","NPM","οἱ","οἱ","οἱ","ὁ"
42,22,28,"V","XAPNPM","διαμεμενηκότες","διαμεμενηκότες","διαμεμενηκότες","διαμένω"
42,22,28,"P",NULL,"μετ’","μετ’","μετά","μετά"
42,22,28,"RP","GS","ἐμοῦ","ἐμοῦ","ἐμοῦ","ἐγώ"
42,22,28,"P",NULL,"ἐν","ἐν","ἐν","ἐν"
42,22,28,"RA","DPM","τοῖς","τοῖς","τοῖς","ὁ"
42,22,28,"N","DPM","πειρασμοῖς","πειρασμοῖς","πειρασμοῖς","πειρασμός"
42,22,28,"RP","GS","μου·","μου","μου","ἐγώ"
42,22,29,"RP","NS","κἀγὼ","κἀγὼ","κἀγώ","κἀγώ"
42,22,29,"V","1PMI-S","διατίθεμαι","διατίθεμαι","διατίθεμαι","διατίθεμαι"
42,22,29,"RP","DP","ὑμῖν,","ὑμῖν","ὑμῖν","σύ"
42,22,29,"C",NULL,"καθὼς","καθὼς","καθώς","καθώς"
42,22,29,"V","3AMI-S","διέθετό","διέθετό","διέθετο","διατίθεμαι"
42,22,29,"RP","DS","μοι","μοι","μοι","ἐγώ"
42,22,29,"RA","NSM","ὁ","ὁ","ὁ","ὁ"
42,22,29,"N","NSM","πατήρ","πατήρ","πατήρ","πατήρ"
42,22,29,"RP","GS","μου","μου","μου","ἐγώ"
42,22,29,"N","ASF","βασιλείαν,","βασιλείαν","βασιλείαν","βασιλεία"
42,22,30,"C",NULL,"ἵνα","ἵνα","ἵνα","ἵνα"
42,22,30,"V","2PAS-P","⸀ἔσθητε","ἔσθητε","ἔσθητε","ἐσθίω"
42,22,30,"C",NULL,"καὶ","καὶ","καί","καί"
42,22,30,"V","2PAS-P","πίνητε","πίνητε","πίνητε","πίνω"
42,22,30,"P",NULL,"ἐπὶ","ἐπὶ","ἐπί","ἐπί"
42,22,30,"RA","GSF","τῆς","τῆς","τῆς","ὁ"
42,22,30,"N","GSF","τραπέζης","τραπέζης","τραπέζης","τράπεζα"
42,22,30,"RP","GS","μου","μου","μου","ἐγώ"
42,22,30,"P",NULL,"⸂ἐν","ἐν","ἐν","ἐν"
42,22,30,"RA","DSF","τῇ","τῇ","τῇ","ὁ"
42,22,30,"N","DSF","βασιλείᾳ","βασιλείᾳ","βασιλείᾳ","βασιλεία"
42,22,30,"RP","GS","μου⸃,","μου","μου","ἐγώ"
42,22,30,"C",NULL,"καὶ","καὶ","καί","καί"
42,22,30,"V","2FMI-P","⸀καθήσεσθε","καθήσεσθε","καθήσεσθε","κάθημαι"
42,22,30,"P",NULL,"ἐπὶ","ἐπὶ","ἐπί","ἐπί"
42,22,30,"N","GPM","θρόνων","θρόνων","θρόνων","θρόνος"
42,22,30,"RA","APF","⸂τὰς","τὰς","τάς","ὁ"
42,22,30,"A","APF","δώδεκα","δώδεκα","δώδεκα","δώδεκα"
42,22,30,"N","APF","φυλὰς","φυλὰς","φυλάς","φυλή"
42,22,30,"V","PAPNPM","κρίνοντες⸃","κρίνοντες","κρίνοντες","κρίνω"
42,22,30,"RA","GSM","τοῦ","τοῦ","τοῦ","ὁ"
42,22,30,"N","GSM","Ἰσραήλ.","Ἰσραήλ","Ἰσραήλ","Ἰσραήλ"
42,22,31,"N","VSM","⸀Σίμων","Σίμων","Σίμων","Σίμων"
42,22,31,"N","VSM","Σίμων,","Σίμων","Σίμων","Σίμων"
42,22,31,"X",NULL,"ἰδοὺ","ἰδοὺ","ἰδού","ἰδού"
42,22,31,"RA","NSM","ὁ","ὁ","ὁ","ὁ"
42,22,31,"N","NSM","Σατανᾶς","Σατανᾶς","Σατανᾶς","Σατανᾶς"
42,22,31,"V","3AMI-S","ἐξῃτήσατο","ἐξῃτήσατο","ἐξῃτήσατο","ἐξαιτέομαι"
42,22,31,"RP","AP","ὑμᾶς","ὑμᾶς","ὑμᾶς","σύ"
42,22,31,"RA","GSN","τοῦ","τοῦ","τοῦ","ὁ"
42,22,31,"V","AAN","σινιάσαι","σινιάσαι","σινιάσαι","σινιάζω"
42,22,31,"C",NULL,"ὡς","ὡς","ὡς","ὡς"
42,22,31,"RA","ASM","τὸν","τὸν","τόν","ὁ"
42,22,31,"N","ASM","σῖτον·","σῖτον","σῖτον","σῖτος"
42,22,32,"RP","NS","ἐγὼ","ἐγὼ","ἐγώ","ἐγώ"
42,22,32,"C",NULL,"δὲ","δὲ","δέ","δέ"
42,22,32,"V","1API-S","ἐδεήθην","ἐδεήθην","ἐδεήθην","δέω"
42,22,32,"P",NULL,"περὶ","περὶ","περί","περί"
42,22,32,"RP","GS","σοῦ","σοῦ","σοῦ","σύ"
42,22,32,"C",NULL,"ἵνα","ἵνα","ἵνα","ἵνα"
42,22,32,"D",NULL,"μὴ","μὴ","μή","μή"
42,22,32,"V","3AAS-S","ἐκλίπῃ","ἐκλίπῃ","ἐκλίπῃ","ἐκλείπω"
42,22,32,"RA","NSF","ἡ","ἡ","ἡ","ὁ"
42,22,32,"N","NSF","πίστις","πίστις","πίστις","πίστις"
42,22,32,"RP","GS","σου·","σου","σου","σύ"
42,22,32,"C",NULL,"καὶ","καὶ","καί","καί"
42,22,32,"RP","NS","σύ","σύ","σύ","σύ"
42,22,32,"D",NULL,"ποτε","ποτε","ποτέ","ποτέ"
42,22,32,"V","AAPNSM","ἐπιστρέψας","ἐπιστρέψας","ἐπιστρέψας","ἐπιστρέφω"
42,22,32,"V","2AAD-S","⸀στήρισον","στήρισον","στήρισον","στηρίζω"
42,22,32,"RA","APM","τοὺς","τοὺς","τούς","ὁ"
42,22,32,"N","APM","ἀδελφούς","ἀδελφούς","ἀδελφούς","ἀδελφός"
42,22,32,"RP","GS","σου.","σου","σου","σύ"
42,22,33,"RA","NSM","ὁ","ὁ","ὁ","ὁ"
42,22,33,"C",NULL,"δὲ","δὲ","δέ","δέ"
42,22,33,"V","3AAI-S","εἶπεν","εἶπεν","εἶπε(ν)","λέγω"
42,22,33,"RP","DSM","αὐτῷ·","αὐτῷ","αὐτῷ","αὐτός"
42,22,33,"N","VSM","Κύριε,","Κύριε","κύριε","κύριος"
42,22,33,"P",NULL,"μετὰ","μετὰ","μετά","μετά"
42,22,33,"RP","GS","σοῦ","σοῦ","σοῦ","σύ"
42,22,33,"A","NSM","ἕτοιμός","ἕτοιμός","ἕτοιμος","ἕτοιμος"
42,22,33,"V","1PAI-S","εἰμι","εἰμι","εἰμί","εἰμί"
42,22,33,"D",NULL,"καὶ","καὶ","καί","καί"
42,22,33,"P",NULL,"εἰς","εἰς","εἰς","εἰς"
42,22,33,"N","ASF","φυλακὴν","φυλακὴν","φυλακήν","φυλακή"
42,22,33,"C",NULL,"καὶ","καὶ","καί","καί"
42,22,33,"P",NULL,"εἰς","εἰς","εἰς","εἰς"
42,22,33,"N","ASM","θάνατον","θάνατον","θάνατον","θάνατος"
42,22,33,"V","PMN","πορεύεσθαι.","πορεύεσθαι","πορεύεσθαι","πορεύομαι"
42,22,34,"RA","NSM","ὁ","ὁ","ὁ","ὁ"
42,22,34,"C",NULL,"δὲ","δὲ","δέ","δέ"
42,22,34,"V","3AAI-S","εἶπεν·","εἶπεν","εἶπε(ν)","λέγω"
42,22,34,"V","1PAI-S","Λέγω","Λέγω","λέγω","λέγω"
42,22,34,"RP","DS","σοι,","σοι","σοι","σύ"
42,22,34,"N","VSM","Πέτρε,","Πέτρε","Πέτρε","Πέτρος"
42,22,34,"D",NULL,"οὐ","οὐ","οὐ","οὐ"
42,22,34,"V","3FAI-S","⸀φωνήσει","φωνήσει","φωνήσει","φωνέω"
42,22,34,"D",NULL,"σήμερον","σήμερον","σήμερον","σήμερον"
42,22,34,"N","NSM","ἀλέκτωρ","ἀλέκτωρ","ἀλέκτωρ","ἀλέκτωρ"
42,22,34,"C",NULL,"⸀ἕως","ἕως","ἕως","ἕως"
42,22,34,"D",NULL,"τρίς","τρίς","τρίς","τρίς"
42,22,34,"RP","AS","⸂με","με","με","ἐγώ"
42,22,34,"V","2AMS-S","ἀπαρνήσῃ","ἀπαρνήσῃ","ἀπαρνήσῃ","ἀπαρνέομαι"
42,22,34,"V","XAN","εἰδέναι⸃.","εἰδέναι","εἰδέναι","οἶδα"
42,22,35,"C",NULL,"Καὶ","Καὶ","καί","καί"
42,22,35,"V","3AAI-S","εἶπεν","εἶπεν","εἶπε(ν)","λέγω"
42,22,35,"RP","DPM","αὐτοῖς·","αὐτοῖς","αὐτοῖς","αὐτός"
42,22,35,"C",NULL,"Ὅτε","Ὅτε","ὅτε","ὅτε"
42,22,35,"V","1AAI-S","ἀπέστειλα","ἀπέστειλα","ἀπέστειλα","ἀποστέλλω"
42,22,35,"RP","AP","ὑμᾶς","ὑμᾶς","ὑμᾶς","σύ"
42,22,35,"P",NULL,"ἄτερ","ἄτερ","ἄτερ","ἄτερ"
42,22,35,"N","GSN","βαλλαντίου","βαλλαντίου","βαλλαντίου","βαλλάντιον"
42,22,35,"C",NULL,"καὶ","καὶ","καί","καί"
42,22,35,"N","GSF","πήρας","πήρας","πήρας","πήρα"
42,22,35,"C",NULL,"καὶ","καὶ","καί","καί"
42,22,35,"N","GPN","ὑποδημάτων,","ὑποδημάτων","ὑποδημάτων","ὑπόδημα"
42,22,35,"X",NULL,"μή","μή","μή","μή"
42,22,35,"RI","GSN","τινος","τινος","τινός","τις"
42,22,35,"V","2AAI-P","ὑστερήσατε;","ὑστερήσατε","ὑστερήσατε","ὑστερέω"
42,22,35,"RA","NPM","οἱ","οἱ","οἱ","ὁ"
42,22,35,"C",NULL,"δὲ","δὲ","δέ","δέ"
42,22,35,"V","3AAI-P","εἶπαν·","εἶπαν","εἶπαν","λέγω"
42,22,35,"A","GSN","Οὐθενός.","Οὐθενός","οὐθενός","οὐδείς"
42,22,36,"V","3AAI-S","εἶπεν","εἶπεν","εἶπε(ν)","λέγω"
42,22,36,"C",NULL,"⸀δὲ","δὲ","δέ","δέ"
42,22,36,"RP","DPM","αὐτοῖς·","αὐτοῖς","αὐτοῖς","αὐτός"
42,22,36,"C",NULL,"Ἀλλὰ","Ἀλλὰ","ἀλλά","ἀλλά"
42,22,36,"D",NULL,"νῦν","νῦν","νῦν","νῦν"
42,22,36,"RA","NSM","ὁ","ὁ","ὁ","ὁ"
42,22,36,"V","PAPNSM","ἔχων","ἔχων","ἔχων","ἔχω"
42,22,36,"N","ASN","βαλλάντιον","βαλλάντιον","βαλλάντιον","βαλλάντιον"
42,22,36,"V","3AAD-S","ἀράτω,","ἀράτω","ἀράτω","αἴρω"
42,22,36,"D",NULL,"ὁμοίως","ὁμοίως","ὁμοίως","ὁμοίως"
42,22,36,"D",NULL,"καὶ","καὶ","καί","καί"
42,22,36,"N","ASF","πήραν,","πήραν","πήραν","πήρα"
42,22,36,"C",NULL,"καὶ","καὶ","καί","καί"
42,22,36,"RA","NSM","ὁ","ὁ","ὁ","ὁ"
42,22,36,"D",NULL,"μὴ","μὴ","μή","μή"
42,22,36,"V","PAPNSM","ἔχων","ἔχων","ἔχων","ἔχω"
42,22,36,"V","3AAD-S","⸀πωλησάτω","πωλησάτω","πωλησάτω","πωλέω"
42,22,36,"RA","ASN","τὸ","τὸ","τό","ὁ"
42,22,36,"N","ASN","ἱμάτιον","ἱμάτιον","ἱμάτιον","ἱμάτιον"
42,22,36,"RP","GSM","αὐτοῦ","αὐτοῦ","αὐτοῦ","αὐτός"
42,22,36,"C",NULL,"καὶ","καὶ","καί","καί"
42,22,36,"V","3AAD-S","⸀ἀγορασάτω","ἀγορασάτω","ἀγορασάτω","ἀγοράζω"
42,22,36,"N","ASF","μάχαιραν.","μάχαιραν","μάχαιραν","μάχαιρα"
42,22,37,"V","1PAI-S","λέγω","λέγω","λέγω","λέγω"
42,22,37,"C",NULL,"γὰρ","γὰρ","γάρ","γάρ"
42,22,37,"RP","DP","ὑμῖν","ὑμῖν","ὑμῖν","σύ"
42,22,37,"C",NULL,"⸀ὅτι","ὅτι","ὅτι","ὅτι"
42,22,37,"RD","ASN","τοῦτο","τοῦτο","τοῦτο","οὗτος"
42,22,37,"RA","ASN","τὸ","τὸ","τό","ὁ"
42,22,37,"V","XPPASN","γεγραμμένον","γεγραμμένον","γεγραμμένον","γράφω"
42,22,37,"V","3PAI-S","δεῖ","δεῖ","δεῖ","δέω"
42,22,37,"V","APN","τελεσθῆναι","τελεσθῆναι","τελεσθῆναι","τελέω"
42,22,37,"P",NULL,"ἐν","ἐν","ἐν","ἐν"
42,22,37,"RP","DS","ἐμοί,","ἐμοί","ἐμοί","ἐγώ"
42,22,37,"RA","ASN","τό·","τό","τό","ὁ"
42,22,37,"C",NULL,"Καὶ","Καὶ","καί","καί"
42,22,37,"P",NULL,"μετὰ","μετὰ","μετά","μετά"
42,22,37,"A","GPM","ἀνόμων","ἀνόμων","ἀνόμων","ἄνομος"
42,22,37,"V","3API-S","ἐλογίσθη·","ἐλογίσθη","ἐλογίσθη","λογίζομαι"
42,22,37,"D",NULL,"καὶ","καὶ","καί","καί"
42,22,37,"C",NULL,"γὰρ","γὰρ","γάρ","γάρ"
42,22,37,"RA","NSN","⸀τὸ","τὸ","τό","ὁ"
42,22,37,"P",NULL,"περὶ","περὶ","περί","περί"
42,22,37,"RP","GS","ἐμοῦ","ἐμοῦ","ἐμοῦ","ἐγώ"
42,22,37,"N","ASN","τέλος","τέλος","τέλος","τέλος"
42,22,37,"V","3PAI-S","ἔχει.","ἔχει","ἔχει","ἔχω"
42,22,38,"RA","NPM","οἱ","οἱ","οἱ","ὁ"
42,22,38,"C",NULL,"δὲ","δὲ","δέ","δέ"
42,22,38,"V","3AAI-P","εἶπαν·","εἶπαν","εἶπαν","λέγω"
42,22,38,"N","VSM","Κύριε,","Κύριε","κύριε","κύριος"
42,22,38,"X",NULL,"ἰδοὺ","ἰδοὺ","ἰδού","ἰδού"
42,22,38,"N","NPF","μάχαιραι","μάχαιραι","μάχαιραι","μάχαιρα"
42,22,38,"D",NULL,"ὧδε","ὧδε","ὧδε","ὧδε"
42,22,38,"A","NPF","δύο.","δύο","δύο","δύο"
42,22,38,"RA","NSM","ὁ","ὁ","ὁ","ὁ"
42,22,38,"C",NULL,"δὲ","δὲ","δέ","δέ"
42,22,38,"V","3AAI-S","εἶπεν","εἶπεν","εἶπε(ν)","λέγω"
42,22,38,"RP","DPM","αὐτοῖς·","αὐτοῖς","αὐτοῖς","αὐτός"
42,22,38,"A","NSN","Ἱκανόν","Ἱκανόν","ἱκανόν","ἱκανός"
42,22,38,"V","3PAI-S","ἐστιν.","ἐστιν","ἐστί(ν)","εἰμί"
42,22,39,"C",NULL,"Καὶ","Καὶ","καί","καί"
42,22,39,"V","AAPNSM","ἐξελθὼν","ἐξελθὼν","ἐξελθών","ἐξέρχομαι"
42,22,39,"V","3API-S","ἐπορεύθη","ἐπορεύθη","ἐπορεύθη","πορεύομαι"
42,22,39,"P",NULL,"κατὰ","κατὰ","κατά","κατά"
42,22,39,"RA","ASN","τὸ","τὸ","τό","ὁ"
42,22,39,"N","ASN","ἔθος","ἔθος","ἔθος","ἔθος"
42,22,39,"P",NULL,"εἰς","εἰς","εἰς","εἰς"
42,22,39,"RA","ASN","τὸ","τὸ","τό","ὁ"
42,22,39,"N","ASN","Ὄρος","Ὄρος","ὄρος","ὄρος"
42,22,39,"RA","GPF","τῶν","τῶν","τῶν","ὁ"
42,22,39,"N","GPF","Ἐλαιῶν·","Ἐλαιῶν","ἐλαιῶν","ἐλαία"
42,22,39,"V","3AAI-P","ἠκολούθησαν","ἠκολούθησαν","ἠκολούθησαν","ἀκολουθέω"
42,22,39,"C",NULL,"δὲ","δὲ","δέ","δέ"
42,22,39,"RP","DSM","αὐτῷ","αὐτῷ","αὐτῷ","αὐτός"
42,22,39,"D",NULL,"καὶ","καὶ","καί","καί"
42,22,39,"RA","NPM","οἱ","οἱ","οἱ","ὁ"
42,22,39,"N","NPM","⸀μαθηταί.","μαθηταί","μαθηταί","μαθητής"
42,22,40,"V","AMPNSM","γενόμενος","γενόμενος","γενόμενος","γίνομαι"
42,22,40,"C",NULL,"δὲ","δὲ","δέ","δέ"
42,22,40,"P",NULL,"ἐπὶ","ἐπὶ","ἐπί","ἐπί"
42,22,40,"RA","GSM","τοῦ","τοῦ","τοῦ","ὁ"
42,22,40,"N","GSM","τόπου","τόπου","τόπου","τόπος"
42,22,40,"V","3AAI-S","εἶπεν","εἶπεν","εἶπε(ν)","λέγω"
42,22,40,"RP","DPM","αὐτοῖς·","αὐτοῖς","αὐτοῖς","αὐτός"
42,22,40,"V","2PMD-P","Προσεύχεσθε","Προσεύχεσθε","προσεύχεσθε","προσεύχομαι"
42,22,40,"D",NULL,"μὴ","μὴ","μή","μή"
42,22,40,"V","AAN","εἰσελθεῖν","εἰσελθεῖν","εἰσελθεῖν","εἰσέρχομαι"
42,22,40,"P",NULL,"εἰς","εἰς","εἰς","εἰς"
42,22,40,"N","ASM","πειρασμόν.","πειρασμόν","πειρασμόν","πειρασμός"
42,22,41,"C",NULL,"καὶ","καὶ","καί","καί"
42,22,41,"RP","NSM","αὐτὸς","αὐτὸς","αὐτός","αὐτός"
42,22,41,"V","3API-S","ἀπεσπάσθη","ἀπεσπάσθη","ἀπεσπάσθη","ἀποσπάω"
42,22,41,"P",NULL,"ἀπ’","ἀπ’","ἀπό","ἀπό"
42,22,41,"RP","GPM","αὐτῶν","αὐτῶν","αὐτῶν","αὐτός"
42,22,41,"D",NULL,"ὡσεὶ","ὡσεὶ","ὡσεί","ὡσεί"
42,22,41,"N","GSM","λίθου","λίθου","λίθου","λίθος"
42,22,41,"N","ASF","βολήν,","βολήν","βολήν","βολή"
42,22,41,"C",NULL,"καὶ","καὶ","καί","καί"
42,22,41,"V","AAPNSM","θεὶς","θεὶς","θείς","τίθημι"
42,22,41,"RA","APN","τὰ","τὰ","τά","ὁ"
42,22,41,"N","APN","γόνατα","γόνατα","γόνατα","γόνυ"
42,22,41,"V","3IMI-S","προσηύχετο","προσηύχετο","προσηύχετο","προσεύχομαι"
42,22,42,"V","PAPNSM","λέγων·","λέγων","λέγων","λέγω"
42,22,42,"N","VSM","Πάτερ,","Πάτερ","πάτερ","πατήρ"
42,22,42,"C",NULL,"εἰ","εἰ","εἰ","εἰ"
42,22,42,"V","2PMI-S","βούλει","βούλει","βούλει","βούλομαι"
42,22,42,"V","2AAD-S","⸀παρένεγκε","παρένεγκε","παρένεγκε","παραφέρω"
42,22,42,"RD","ASN","⸂τοῦτο","τοῦτο","τοῦτο","οὗτος"
42,22,42,"RA","ASN","τὸ","τὸ","τό","ὁ"
42,22,42,"N","ASN","ποτήριον⸃","ποτήριον","ποτήριον","ποτήριον"
42,22,42,"P",NULL,"ἀπ’","ἀπ’","ἀπό","ἀπό"
42,22,42,"RP","GS","ἐμοῦ·","ἐμοῦ","ἐμοῦ","ἐγώ"
42,22,42,"C",NULL,"πλὴν","πλὴν","πλήν","πλήν"
42,22,42,"D",NULL,"μὴ","μὴ","μή","μή"
42,22,42,"RA","NSN","τὸ","τὸ","τό","ὁ"
42,22,42,"N","NSN","θέλημά","θέλημά","θέλημα","θέλημα"
42,22,42,"RP","GS","μου","μου","μου","ἐγώ"
42,22,42,"C",NULL,"ἀλλὰ","ἀλλὰ","ἀλλά","ἀλλά"
42,22,42,"RA","NSN","τὸ","τὸ","τό","ὁ"
42,22,42,"A","NSN","σὸν","σὸν","σόν","σός"
42,22,42,"V","3PMD-S","⸀γινέσθω.","γινέσθω","γινέσθω","γίνομαι"
42,22,43,"V","3API-S","⸂ὤφθη","ὤφθη","ὤφθη","ὁράω"
42,22,43,"C",NULL,"δὲ","δὲ","δέ","δέ"
42,22,43,"RP","DSM","αὐτῷ","αὐτῷ","αὐτῷ","αὐτός"
42,22,43,"N","NSM","ἄγγελος","ἄγγελος","ἄγγελος","ἄγγελος"
42,22,43,"P",NULL,"⸀ἀπ’","ἀπ’","ἀπό","ἀπό"
42,22,43,"N","GSM","οὐρανοῦ","οὐρανοῦ","οὐρανοῦ","οὐρανός"
42,22,43,"V","PAPNSM","ἐνισχύων","ἐνισχύων","ἐνισχύων","ἐνισχύω"
42,22,43,"RP","ASM","αὐτόν.","αὐτόν","αὐτόν","αὐτός"
42,22,44,"C",NULL,"καὶ","καὶ","καί","καί"
42,22,44,"V","AMPNSM","γενόμενος","γενόμενος","γενόμενος","γίνομαι"
42,22,44,"P",NULL,"ἐν","ἐν","ἐν","ἐν"
42,22,44,"N","DSF","ἀγωνίᾳ","ἀγωνίᾳ","ἀγωνίᾳ","ἀγωνία"
42,22,44,"A","ASNC","ἐκτενέστερον","ἐκτενέστερον","ἐκτενέστερον","ἐκτενέστερον"
42,22,44,"V","3IMI-S","προσηύχετο·","προσηύχετο","προσηύχετο","προσεύχομαι"
42,22,44,"C",NULL,"⸄καὶ","καὶ","καί","καί"
42,22,44,"V","3AMI-S","ἐγένετο⸅","ἐγένετο","ἐγένετο","γίνομαι"
42,22,44,"RA","NSM","ὁ","ὁ","ὁ","ὁ"
42,22,44,"N","NSM","ἱδρὼς","ἱδρὼς","ἱδρώς","ἱδρώς"
42,22,44,"RP","GSM","αὐτοῦ","αὐτοῦ","αὐτοῦ","αὐτός"
42,22,44,"C",NULL,"ὡσεὶ","ὡσεὶ","ὡσεί","ὡσεί"
42,22,44,"N","NPM","θρόμβοι","θρόμβοι","θρόμβοι","θρόμβος"
42,22,44,"N","GSN","αἵματος","αἵματος","αἵματος","αἷμα"
42,22,44,"V","PAPNPM","καταβαίνοντες","καταβαίνοντες","καταβαίνοντες","καταβαίνω"
42,22,44,"P",NULL,"ἐπὶ","ἐπὶ","ἐπί","ἐπί"
42,22,44,"RA","ASF","τὴν","τὴν","τήν","ὁ"
42,22,44,"N","ASF","γῆν.⸃","γῆν","γῆν","γῆ"
42,22,45,"C",NULL,"καὶ","καὶ","καί","καί"
42,22,45,"V","AAPNSM","ἀναστὰς","ἀναστὰς","ἀναστάς","ἀνίστημι"
42,22,45,"P",NULL,"ἀπὸ","ἀπὸ","ἀπό","ἀπό"
42,22,45,"RA","GSF","τῆς","τῆς","τῆς","ὁ"
42,22,45,"N","GSF","προσευχῆς","προσευχῆς","προσευχῆς","προσευχή"
42,22,45,"V","AAPNSM","ἐλθὼν","ἐλθὼν","ἐλθών","ἔρχομαι"
42,22,45,"P",NULL,"πρὸς","πρὸς","πρός","πρός"
42,22,45,"RA","APM","τοὺς","τοὺς","τούς","ὁ"
42,22,45,"N","APM","μαθητὰς","μαθητὰς","μαθητάς","μαθητής"
42,22,45,"V","3AAI-S","εὗρεν","εὗρεν","εὗρε(ν)","εὑρίσκω"
42,22,45,"V","PMPAPM","⸂κοιμωμένους","κοιμωμένους","κοιμωμένους","κοιμάομαι"
42,22,45,"RP","APM","αὐτοὺς⸃","αὐτοὺς","αὐτούς","αὐτός"
42,22,45,"P",NULL,"ἀπὸ","ἀπὸ","ἀπό","ἀπό"
42,22,45,"RA","GSF","τῆς","τῆς","τῆς","ὁ"
42,22,45,"N","GSF","λύπης,","λύπης","λύπης","λύπη"
42,22,46,"C",NULL,"καὶ","καὶ","καί","καί"
42,22,46,"V","3AAI-S","εἶπεν","εἶπεν","εἶπε(ν)","λέγω"
42,22,46,"RP","DPM","αὐτοῖς·","αὐτοῖς","αὐτοῖς","αὐτός"
42,22,46,"RI","ASN","Τί","Τί","τί","τίς"
42,22,46,"V","2PAI-P","καθεύδετε;","καθεύδετε","καθεύδετε","καθεύδω"
42,22,46,"V","AAPNPM","ἀναστάντες","ἀναστάντες","ἀναστάντες","ἀνίστημι"
42,22,46,"V","2PMD-P","προσεύχεσθε,","προσεύχεσθε","προσεύχεσθε","προσεύχομαι"
42,22,46,"C",NULL,"ἵνα","ἵνα","ἵνα","ἵνα"
42,22,46,"D",NULL,"μὴ","μὴ","μή","μή"
42,22,46,"V","2AAS-P","εἰσέλθητε","εἰσέλθητε","εἰσέλθητε","εἰσέρχομαι"
42,22,46,"P",NULL,"εἰς","εἰς","εἰς","εἰς"
42,22,46,"N","ASM","πειρασμόν.","πειρασμόν","πειρασμόν","πειρασμός"
42,22,47,"D",NULL,"⸀Ἔτι","Ἔτι","ἔτι","ἔτι"
42,22,47,"RP","GSM","αὐτοῦ","αὐτοῦ","αὐτοῦ","αὐτός"
42,22,47,"V","PAPGSM","λαλοῦντος","λαλοῦντος","λαλοῦντος","λαλέω"
42,22,47,"X",NULL,"ἰδοὺ","ἰδοὺ","ἰδού","ἰδού"
42,22,47,"N","NSM","ὄχλος,","ὄχλος","ὄχλος","ὄχλος"
42,22,47,"C",NULL,"καὶ","καὶ","καί","καί"
42,22,47,"RA","NSM","ὁ","ὁ","ὁ","ὁ"
42,22,47,"V","PPPNSM","λεγόμενος","λεγόμενος","λεγόμενος","λέγω"
42,22,47,"N","NSM","Ἰούδας","Ἰούδας","Ἰούδας","Ἰούδας"
42,22,47,"A","NSM","εἷς","εἷς","εἷς","εἷς"
42,22,47,"RA","GPM","τῶν","τῶν","τῶν","ὁ"
42,22,47,"A","GPM","δώδεκα","δώδεκα","δώδεκα","δώδεκα"
42,22,47,"V","3IMI-S","προήρχετο","προήρχετο","προήρχετο","προέρχομαι"
42,22,47,"RP","APM","αὐτούς,","αὐτούς","αὐτούς","αὐτός"
42,22,47,"C",NULL,"καὶ","καὶ","καί","καί"
42,22,47,"V","3AAI-S","ἤγγισεν","ἤγγισεν","ἤγγισε(ν)","ἐγγίζω"
42,22,47,"RA","DSM","τῷ","τῷ","τῷ","ὁ"
42,22,47,"N","DSM","Ἰησοῦ","Ἰησοῦ","Ἰησοῦ","Ἰησοῦς"
42,22,47,"V","AAN","φιλῆσαι","φιλῆσαι","φιλῆσαι","φιλέω"
42,22,47,"RP","ASM","αὐτόν.","αὐτόν","αὐτόν","αὐτός"
42,22,48,"N","NSM","⸂Ἰησοῦς","Ἰησοῦς","Ἰησοῦς","Ἰησοῦς"
42,22,48,"C",NULL,"δὲ⸃","δὲ","δέ","δέ"
42,22,48,"V","3AAI-S","εἶπεν","εἶπεν","εἶπε(ν)","λέγω"
42,22,48,"RP","DSM","αὐτῷ·","αὐτῷ","αὐτῷ","αὐτός"
42,22,48,"N","VSM","Ἰούδα,","Ἰούδα","Ἰούδα","Ἰούδας"
42,22,48,"N","DSN","φιλήματι","φιλήματι","φιλήματι","φίλημα"
42,22,48,"RA","ASM","τὸν","τὸν","τόν","ὁ"
42,22,48,"N","ASM","υἱὸν","υἱὸν","υἱόν","υἱός"
42,22,48,"RA","GSM","τοῦ","τοῦ","τοῦ","ὁ"
42,22,48,"N","GSM","ἀνθρώπου","ἀνθρώπου","ἀνθρώπου","ἄνθρωπος"
42,22,48,"V","2PAI-S","παραδίδως;","παραδίδως","παραδίδως","παραδίδωμι"
42,22,49,"V","AAPNPM","ἰδόντες","ἰδόντες","ἰδόντες","ὁράω"
42,22,49,"C",NULL,"δὲ","δὲ","δέ","δέ"
42,22,49,"RA","NPM","οἱ","οἱ","οἱ","ὁ"
42,22,49,"P",NULL,"περὶ","περὶ","περί","περί"
42,22,49,"RP","ASM","αὐτὸν","αὐτὸν","αὐτόν","αὐτός"
42,22,49,"RA","ASN","τὸ","τὸ","τό","ὁ"
42,22,49,"V","FMPASN","ἐσόμενον","ἐσόμενον","ἐσόμενον","εἰμί"
42,22,49,"V","3AAI-P","⸀εἶπαν·","εἶπαν","εἶπαν","λέγω"
42,22,49,"N","VSM","Κύριε,","Κύριε","κύριε","κύριος"
42,22,49,"X",NULL,"εἰ","εἰ","εἰ","εἰ"
42,22,49,"V","1FAI-P","πατάξομεν","πατάξομεν","πατάξομεν","πατάσσω"
42,22,49,"P",NULL,"ἐν","ἐν","ἐν","ἐν"
42,22,49,"N","DSF","μαχαίρῃ;","μαχαίρῃ","μαχαίρῃ","μάχαιρα"
42,22,50,"C",NULL,"καὶ","καὶ","καί","καί"
42,22,50,"V","3AAI-S","ἐπάταξεν","ἐπάταξεν","ἐπάταξε(ν)","πατάσσω"
42,22,50,"A","NSM","εἷς","εἷς","εἷς","εἷς"
42,22,50,"RI","NSM","τις","τις","τὶς","τις"
42,22,50,"P",NULL,"ἐξ","ἐξ","ἐκ","ἐκ"
42,22,50,"RP","GPM","αὐτῶν","αὐτῶν","αὐτῶν","αὐτός"
42,22,50,"RA","GSM","⸂τοῦ","τοῦ","τοῦ","ὁ"
42,22,50,"N","GSM","ἀρχιερέως","ἀρχιερέως","ἀρχιερέως","ἀρχιερεύς"
42,22,50,"RA","ASM","τὸν","τὸν","τόν","ὁ"
42,22,50,"N","ASM","δοῦλον⸃","δοῦλον","δοῦλον","δοῦλος"
42,22,50,"C",NULL,"καὶ","καὶ","καί","καί"
42,22,50,"V","3AAI-S","ἀφεῖλεν","ἀφεῖλεν","ἀφεῖλε(ν)","ἀφαιρέω"
42,22,50,"RA","ASN","⸂τὸ","τὸ","τό","ὁ"
42,22,50,"N","ASN","οὖς","οὖς","οὖς","οὖς"
42,22,50,"RP","GSM","αὐτοῦ⸃","αὐτοῦ","αὐτοῦ","αὐτός"
42,22,50,"RA","ASN","τὸ","τὸ","τό","ὁ"
42,22,50,"A","ASN","δεξιόν.","δεξιόν","δεξιόν","δεξιός"
42,22,51,"V","APPNSM","ἀποκριθεὶς","ἀποκριθεὶς","ἀποκριθείς","ἀποκρίνομαι"
42,22,51,"C",NULL,"δὲ","δὲ","δέ","δέ"
42,22,51,"RA","NSM","ὁ","ὁ","ὁ","ὁ"
42,22,51,"N","NSM","Ἰησοῦς","Ἰησοῦς","Ἰησοῦς","Ἰησοῦς"
42,22,51,"V","3AAI-S","εἶπεν·","εἶπεν","εἶπε(ν)","λέγω"
42,22,51,"V","2PAD-P","Ἐᾶτε","Ἐᾶτε","ἐᾶτε","ἐάω"
42,22,51,"P",NULL,"ἕως","ἕως","ἕως","ἕως"
42,22,51,"RD","GSN","τούτου·","τούτου","τούτου","οὗτος"
42,22,51,"C",NULL,"καὶ","καὶ","καί","καί"
42,22,51,"V","AMPNSM","ἁψάμενος","ἁψάμενος","ἁψάμενος","ἅπτω"
42,22,51,"RA","GSN","τοῦ","τοῦ","τοῦ","ὁ"
42,22,51,"N","GSN","⸀ὠτίου","ὠτίου","ὠτίου","ὠτίον"
42,22,51,"V","3AMI-S","ἰάσατο","ἰάσατο","ἰάσατο","ἰάομαι"
42,22,51,"RP","ASM","αὐτόν.","αὐτόν","αὐτόν","αὐτός"
42,22,52,"V","3AAI-S","εἶπεν","εἶπεν","εἶπε(ν)","λέγω"
42,22,52,"C",NULL,"⸀δὲ","δὲ","δέ","δέ"
42,22,52,"N","NSM","Ἰησοῦς","Ἰησοῦς","Ἰησοῦς","Ἰησοῦς"
42,22,52,"P",NULL,"πρὸς","πρὸς","πρός","πρός"
42,22,52,"RA","APM","τοὺς","τοὺς","τούς","ὁ"
42,22,52,"V","AMPAPM","παραγενομένους","παραγενομένους","παραγενομένους","παραγίνομαι"
42,22,52,"P",NULL,"ἐπ’","ἐπ’","ἐπί","ἐπί"
42,22,52,"RP","ASM","αὐτὸν","αὐτὸν","αὐτόν","αὐτός"
42,22,52,"N","APM","ἀρχιερεῖς","ἀρχιερεῖς","ἀρχιερεῖς","ἀρχιερεύς"
42,22,52,"C",NULL,"καὶ","καὶ","καί","καί"
42,22,52,"N","APM","στρατηγοὺς","στρατηγοὺς","στρατηγούς","στρατηγός"
42,22,52,"RA","GSN","τοῦ","τοῦ","τοῦ","ὁ"
42,22,52,"A","GSN","ἱεροῦ","ἱεροῦ","ἱεροῦ","ἱερός"
42,22,52,"C",NULL,"καὶ","καὶ","καί","καί"
42,22,52,"A","APM","πρεσβυτέρους·","πρεσβυτέρους","πρεσβυτέρους","πρεσβύτερος"
42,22,52,"C",NULL,"Ὡς","Ὡς","ὡς","ὡς"
42,22,52,"P",NULL,"ἐπὶ","ἐπὶ","ἐπί","ἐπί"
42,22,52,"N","ASM","λῃστὴν","λῃστὴν","λῃστήν","λῃστής"
42,22,52,"V","2AAI-P","⸀ἐξήλθατε","ἐξήλθατε","ἐξήλθατε","ἐξέρχομαι"
42,22,52,"P",NULL,"μετὰ","μετὰ","μετά","μετά"
42,22,52,"N","GPF","μαχαιρῶν","μαχαιρῶν","μαχαιρῶν","μάχαιρα"
42,22,52,"C",NULL,"καὶ","καὶ","καί","καί"
42,22,52,"N","GPN","ξύλων;","ξύλων","ξύλων","ξύλον"
42,22,53,"P",NULL,"καθ’","καθ’","κατά","κατά"
42,22,53,"N","ASF","ἡμέραν","ἡμέραν","ἡμέραν","ἡμέρα"
42,22,53,"V","PAPGSM","ὄντος","ὄντος","ὄντος","εἰμί"
42,22,53,"RP","GS","μου","μου","μου","ἐγώ"
42,22,53,"P",NULL,"μεθ’","μεθ’","μετά","μετά"
42,22,53,"RP","GP","ὑμῶν","ὑμῶν","ὑμῶν","σύ"
42,22,53,"P",NULL,"ἐν","ἐν","ἐν","ἐν"
42,22,53,"RA","DSN","τῷ","τῷ","τῷ","ὁ"
42,22,53,"A","DSN","ἱερῷ","ἱερῷ","ἱερῷ","ἱερός"
42,22,53,"D",NULL,"οὐκ","οὐκ","οὐ","οὐ"
42,22,53,"V","2AAI-P","ἐξετείνατε","ἐξετείνατε","ἐξετείνατε","ἐκτείνω"
42,22,53,"RA","APF","τὰς","τὰς","τάς","ὁ"
42,22,53,"N","APF","χεῖρας","χεῖρας","χεῖρας","χείρ"
42,22,53,"P",NULL,"ἐπ’","ἐπ’","ἐπί","ἐπί"
42,22,53,"RP","AS","ἐμέ·","ἐμέ","ἐμέ","ἐγώ"
42,22,53,"C",NULL,"ἀλλ’","ἀλλ’","ἀλλά","ἀλλά"
42,22,53,"RD","NSF","αὕτη","αὕτη","αὕτη","οὗτος"
42,22,53,"V","3PAI-S","⸂ἐστὶν","ἐστὶν","ἐστί(ν)","εἰμί"
42,22,53,"RP","GP","ὑμῶν⸃","ὑμῶν","ὑμῶν","σύ"
42,22,53,"RA","NSF","ἡ","ἡ","ἡ","ὁ"
42,22,53,"N","NSF","ὥρα","ὥρα","ὥρα","ὥρα"
42,22,53,"C",NULL,"καὶ","καὶ","καί","καί"
42,22,53,"RA","NSF","ἡ","ἡ","ἡ","ὁ"
42,22,53,"N","NSF","ἐξουσία","ἐξουσία","ἐξουσία","ἐξουσία"
42,22,53,"RA","GSN","τοῦ","τοῦ","τοῦ","ὁ"
42,22,53,"N","GSN","σκότους.","σκότους","σκότους","σκότος"
42,22,54,"V","AAPNPM","Συλλαβόντες","Συλλαβόντες","συλλαβόντες","συλλαμβάνω"
42,22,54,"C",NULL,"δὲ","δὲ","δέ","δέ"
42,22,54,"RP","ASM","αὐτὸν","αὐτὸν","αὐτόν","αὐτός"
42,22,54,"V","3AAI-P","ἤγαγον","ἤγαγον","ἤγαγον","ἄγω"
42,22,54,"C",NULL,"καὶ","καὶ","καί","καί"
42,22,54,"V","3AAI-P","⸀εἰσήγαγον","εἰσήγαγον","εἰσήγαγον","εἰσάγω"
42,22,54,"P",NULL,"εἰς","εἰς","εἰς","εἰς"
42,22,54,"RA","ASF","⸂τὴν","τὴν","τήν","ὁ"
42,22,54,"N","ASF","οἰκίαν⸃","οἰκίαν","οἰκίαν","οἰκία"
42,22,54,"RA","GSM","τοῦ","τοῦ","τοῦ","ὁ"
42,22,54,"N","GSM","ἀρχιερέως·","ἀρχιερέως","ἀρχιερέως","ἀρχιερεύς"
42,22,54,"RA","NSM","ὁ","ὁ","ὁ","ὁ"
42,22,54,"C",NULL,"δὲ","δὲ","δέ","δέ"
42,22,54,"N","NSM","Πέτρος","Πέτρος","Πέτρος","Πέτρος"
42,22,54,"V","3IAI-S","ἠκολούθει","ἠκολούθει","ἠκολούθει","ἀκολουθέω"
42,22,54,"D",NULL,"μακρόθεν.","μακρόθεν","μακρόθεν","μακρόθεν"
42,22,55,"V","AAPGPM","⸀περιαψάντων","περιαψάντων","περιαψάντων","περιάπτω"
42,22,55,"C",NULL,"δὲ","δὲ","δέ","δέ"
42,22,55,"N","ASN","πῦρ","πῦρ","πῦρ","πῦρ"
42,22,55,"P",NULL,"ἐν","ἐν","ἐν","ἐν"
42,22,55,"A","DSN","μέσῳ","μέσῳ","μέσῳ","μέσος"
42,22,55,"RA","GSF","τῆς","τῆς","τῆς","ὁ"
42,22,55,"N","GSF","αὐλῆς","αὐλῆς","αὐλῆς","αὐλή"
42,22,55,"C",NULL,"καὶ","καὶ","καί","καί"
42,22,55,"V","AAPGPM","⸀συγκαθισάντων","συγκαθισάντων","συγκαθισάντων","συγκαθίζω"
42,22,55,"V","3IMI-S","ἐκάθητο","ἐκάθητο","ἐκάθητο","κάθημαι"
42,22,55,"RA","NSM","ὁ","ὁ","ὁ","ὁ"
42,22,55,"N","NSM","Πέτρος","Πέτρος","Πέτρος","Πέτρος"
42,22,55,"A","NSM","⸀μέσος","μέσος","μέσος","μέσος"
42,22,55,"RP","GPM","αὐτῶν.","αὐτῶν","αὐτῶν","αὐτός"
42,22,56,"V","AAPNSF","ἰδοῦσα","ἰδοῦσα","ἰδοῦσα","ὁράω"
42,22,56,"C",NULL,"δὲ","δὲ","δέ","δέ"
42,22,56,"RP","ASM","αὐτὸν","αὐτὸν","αὐτόν","αὐτός"
42,22,56,"N","NSF","παιδίσκη","παιδίσκη","παιδίσκη","παιδίσκη"
42,22,56,"RI","NSF","τις","τις","τὶς","τις"
42,22,56,"V","PMPASM","καθήμενον","καθήμενον","καθήμενον","κάθημαι"
42,22,56,"P",NULL,"πρὸς","πρὸς","πρός","πρός"
42,22,56,"RA","ASN","τὸ","τὸ","τό","ὁ"
42,22,56,"N","ASN","φῶς","φῶς","φῶς","φῶς"
42,22,56,"C",NULL,"καὶ","καὶ","καί","καί"
42,22,56,"V","AAPNSF","ἀτενίσασα","ἀτενίσασα","ἀτενίσασα","ἀτενίζω"
42,22,56,"RP","DSM","αὐτῷ","αὐτῷ","αὐτῷ","αὐτός"
42,22,56,"V","3AAI-S","εἶπεν·","εἶπεν","εἶπε(ν)","λέγω"
42,22,56,"D",NULL,"Καὶ","Καὶ","καί","καί"
42,22,56,"RD","NSM","οὗτος","οὗτος","οὗτος","οὗτος"
42,22,56,"P",NULL,"σὺν","σὺν","σύν","σύν"
42,22,56,"RP","DSM","αὐτῷ","αὐτῷ","αὐτῷ","αὐτός"
42,22,56,"V","3IAI-S","ἦν·","ἦν","ἦν","εἰμί"
42,22,57,"RA","NSM","ὁ","ὁ","ὁ","ὁ"
42,22,57,"C",NULL,"δὲ","δὲ","δέ","δέ"
42,22,57,"V","3AMI-S","⸀ἠρνήσατο","ἠρνήσατο","ἠρνήσατο","ἀρνέομαι"
42,22,57,"V","PAPNSM","λέγων·","λέγων","λέγων","λέγω"
42,22,57,"D",NULL,"⸂Οὐκ","Οὐκ","οὐ","οὐ"
42,22,57,"V","1XAI-S","οἶδα","οἶδα","οἶδα","οἶδα"
42,22,57,"RP","ASM","αὐτόν,","αὐτόν","αὐτόν","αὐτός"
42,22,57,"N","VSF","γύναι⸃.","γύναι","γύναι","γυνή"
42,22,58,"C",NULL,"καὶ","καὶ","καί","καί"
42,22,58,"P",NULL,"μετὰ","μετὰ","μετά","μετά"
42,22,58,"A","ASN","βραχὺ","βραχὺ","βραχύ","βραχύς"
42,22,58,"A","NSM","ἕτερος","ἕτερος","ἕτερος","ἕτερος"
42,22,58,"V","AAPNSM","ἰδὼν","ἰδὼν","ἰδών","ὁράω"
42,22,58,"RP","ASM","αὐτὸν","αὐτὸν","αὐτόν","αὐτός"
42,22,58,"V","3IAI-S","ἔφη·","ἔφη","ἔφη","φημί"
42,22,58,"D",NULL,"Καὶ","Καὶ","καί","καί"
42,22,58,"RP","NS","σὺ","σὺ","σύ","σύ"
42,22,58,"P",NULL,"ἐξ","ἐξ","ἐκ","ἐκ"
42,22,58,"RP","GPM","αὐτῶν","αὐτῶν","αὐτῶν","αὐτός"
42,22,58,"V","2PAI-S","εἶ·","εἶ","εἶ","εἰμί"
42,22,58,"RA","NSM","ὁ","ὁ","ὁ","ὁ"
42,22,58,"C",NULL,"δὲ","δὲ","δέ","δέ"
42,22,58,"N","NSM","Πέτρος","Πέτρος","Πέτρος","Πέτρος"
42,22,58,"V","3IAI-S","⸀ἔφη·","ἔφη","ἔφη","φημί"
42,22,58,"N","VSM","Ἄνθρωπε,","Ἄνθρωπε","ἄνθρωπε","ἄνθρωπος"
42,22,58,"D",NULL,"οὐκ","οὐκ","οὐ","οὐ"
42,22,58,"V","1PAI-S","εἰμί.","εἰμί","εἰμί","εἰμί"
42,22,59,"C",NULL,"καὶ","καὶ","καί","καί"
42,22,59,"V","AAPGSF","διαστάσης","διαστάσης","διαστάσης","διΐστημι"
42,22,59,"D",NULL,"ὡσεὶ","ὡσεὶ","ὡσεί","ὡσεί"
42,22,59,"N","GSF","ὥρας","ὥρας","ὥρας","ὥρα"
42,22,59,"A","GSF","μιᾶς","μιᾶς","μιᾶς","εἷς"
42,22,59,"A","NSM","ἄλλος","ἄλλος","ἄλλος","ἄλλος"
42,22,59,"RI","NSM","τις","τις","τὶς","τις"
42,22,59,"V","3IMI-S","διϊσχυρίζετο","διϊσχυρίζετο","διϊσχυρίζετο","διϊσχυρίζομαι"
42,22,59,"V","PAPNSM","λέγων·","λέγων","λέγων","λέγω"
42,22,59,"P",NULL,"Ἐπ’","Ἐπ’","ἐπί","ἐπί"
42,22,59,"N","GSF","ἀληθείας","ἀληθείας","ἀληθείας","ἀλήθεια"
42,22,59,"D",NULL,"καὶ","καὶ","καί","καί"
42,22,59,"RD","NSM","οὗτος","οὗτος","οὗτος","οὗτος"
42,22,59,"P",NULL,"μετ’","μετ’","μετά","μετά"
42,22,59,"RP","GSM","αὐτοῦ","αὐτοῦ","αὐτοῦ","αὐτός"
42,22,59,"V","3IAI-S","ἦν,","ἦν","ἦν","εἰμί"
42,22,59,"D",NULL,"καὶ","καὶ","καί","καί"
42,22,59,"C",NULL,"γὰρ","γὰρ","γάρ","γάρ"
42,22,59,"A","NSM","Γαλιλαῖός","Γαλιλαῖός","Γαλιλαῖος","Γαλιλαῖος"
42,22,59,"V","3PAI-S","ἐστιν·","ἐστιν","ἐστί(ν)","εἰμί"
42,22,60,"V","3AAI-S","εἶπεν","εἶπεν","εἶπε(ν)","λέγω"
42,22,60,"C",NULL,"δὲ","δὲ","δέ","δέ"
42,22,60,"RA","NSM","ὁ","ὁ","ὁ","ὁ"
42,22,60,"N","NSM","Πέτρος·","Πέτρος","Πέτρος","Πέτρος"
42,22,60,"N","VSM","Ἄνθρωπε,","Ἄνθρωπε","ἄνθρωπε","ἄνθρωπος"
42,22,60,"D",NULL,"οὐκ","οὐκ","οὐ","οὐ"
42,22,60,"V","1XAI-S","οἶδα","οἶδα","οἶδα","οἶδα"
42,22,60,"RR","ASN","ὃ","ὃ","ὅ","ὅς"
42,22,60,"V","2PAI-S","λέγεις.","λέγεις","λέγεις","λέγω"
42,22,60,"C",NULL,"καὶ","καὶ","καί","καί"
42,22,60,"D",NULL,"παραχρῆμα","παραχρῆμα","παραχρῆμα","παραχρῆμα"
42,22,60,"D",NULL,"ἔτι","ἔτι","ἔτι","ἔτι"
42,22,60,"V","PAPGSM","λαλοῦντος","λαλοῦντος","λαλοῦντος","λαλέω"
42,22,60,"RP","GSM","αὐτοῦ","αὐτοῦ","αὐτοῦ","αὐτός"
42,22,60,"V","3AAI-S","ἐφώνησεν","ἐφώνησεν","ἐφώνησε(ν)","φωνέω"
42,22,60,"N","NSM","ἀλέκτωρ.","ἀλέκτωρ","ἀλέκτωρ","ἀλέκτωρ"
42,22,61,"C",NULL,"καὶ","καὶ","καί","καί"
42,22,61,"V","APPNSM","στραφεὶς","στραφεὶς","στραφείς","στρέφω"
42,22,61,"RA","NSM","ὁ","ὁ","ὁ","ὁ"
42,22,61,"N","NSM","κύριος","κύριος","κύριος","κύριος"
42,22,61,"V","3AAI-S","ἐνέβλεψεν","ἐνέβλεψεν","ἐνέβλεψε(ν)","ἐμβλέπω"
42,22,61,"RA","DSM","τῷ","τῷ","τῷ","ὁ"
42,22,61,"N","DSM","Πέτρῳ,","Πέτρῳ","Πέτρῳ","Πέτρος"
42,22,61,"C",NULL,"καὶ","καὶ","καί","καί"
42,22,61,"V","3API-S","ὑπεμνήσθη","ὑπεμνήσθη","ὑπεμνήσθη","ὑπομιμνῄσκω"
42,22,61,"RA","NSM","ὁ","ὁ","ὁ","ὁ"
42,22,61,"N","NSM","Πέτρος","Πέτρος","Πέτρος","Πέτρος"
42,22,61,"RA","GSN","τοῦ","τοῦ","τοῦ","ὁ"
42,22,61,"N","GSM","⸀λόγου","λόγου","λόγου","λόγος"
42,22,61,"RA","GSM","τοῦ","τοῦ","τοῦ","ὁ"
42,22,61,"N","GSM","κυρίου","κυρίου","κυρίου","κύριος"
42,22,61,"D",NULL,"ὡς","ὡς","ὡς","ὡς"
42,22,61,"V","3AAI-S","εἶπεν","εἶπεν","εἶπε(ν)","λέγω"
42,22,61,"RP","DSM","αὐτῷ","αὐτῷ","αὐτῷ","αὐτός"
42,22,61,"D",NULL,"ὅτι","ὅτι","ὅτι","ὅτι"
42,22,61,"D",NULL,"Πρὶν","Πρὶν","πρίν","πρίν"
42,22,61,"N","ASM","ἀλέκτορα","ἀλέκτορα","ἀλέκτορα","ἀλέκτωρ"
42,22,61,"V","AAN","φωνῆσαι","φωνῆσαι","φωνῆσαι","φωνέω"
42,22,61,"D",NULL,"⸀σήμερον","σήμερον","σήμερον","σήμερον"
42,22,61,"V","2FMI-S","ἀπαρνήσῃ","ἀπαρνήσῃ","ἀπαρνήσῃ","ἀπαρνέομαι"
42,22,61,"RP","AS","με","με","με","ἐγώ"
42,22,61,"D",NULL,"τρίς.","τρίς","τρίς","τρίς"
42,22,62,"C",NULL,"καὶ","καὶ","καί","καί"
42,22,62,"V","AAPNSM","ἐξελθὼν","ἐξελθὼν","ἐξελθών","ἐξέρχομαι"
42,22,62,"D",NULL,"⸀ἔξω","ἔξω","ἔξω","ἔξω"
42,22,62,"V","3AAI-S","ἔκλαυσεν","ἔκλαυσεν","ἔκλαυσε(ν)","κλαίω"
42,22,62,"D",NULL,"πικρῶς.","πικρῶς","πικρῶς","πικρῶς"
42,22,63,"C",NULL,"Καὶ","Καὶ","καί","καί"
42,22,63,"RA","NPM","οἱ","οἱ","οἱ","ὁ"
42,22,63,"N","NPM","ἄνδρες","ἄνδρες","ἄνδρες","ἀνήρ"
42,22,63,"RA","NPM","οἱ","οἱ","οἱ","ὁ"
42,22,63,"V","PAPNPM","συνέχοντες","συνέχοντες","συνέχοντες","συνέχω"
42,22,63,"RP","ASM","⸀αὐτὸν","αὐτὸν","αὐτόν","αὐτός"
42,22,63,"V","3IAI-P","ἐνέπαιζον","ἐνέπαιζον","ἐνέπαιζον","ἐμπαίζω"
42,22,63,"RP","DSM","αὐτῷ","αὐτῷ","αὐτῷ","αὐτός"
42,22,63,"V","PAPNPM","δέροντες,","δέροντες","δέροντες","δέρω"
42,22,64,"C",NULL,"καὶ","καὶ","καί","καί"
42,22,64,"V","AAPNPM","περικαλύψαντες","περικαλύψαντες","περικαλύψαντες","περικαλύπτω"
42,22,64,"RP","ASM","⸂αὐτὸν","αὐτὸν","αὐτόν","αὐτός"
42,22,64,"V","3IAI-P","ἐπηρώτων⸃","ἐπηρώτων","ἐπηρώτων","ἐπερωτάω"
42,22,64,"V","PAPNPM","λέγοντες·","λέγοντες","λέγοντες","λέγω"
42,22,64,"V","2AAD-S","Προφήτευσον,","Προφήτευσον","προφήτευσον","προφητεύω"
42,22,64,"RI","NSM","τίς","τίς","τίς","τίς"
42,22,64,"V","3PAI-S","ἐστιν","ἐστιν","ἐστί(ν)","εἰμί"
42,22,64,"RA","NSM","ὁ","ὁ","ὁ","ὁ"
42,22,64,"V","AAPNSM","παίσας","παίσας","παίσας","παίω"
42,22,64,"RP","AS","σε;","σε","σε","σύ"
42,22,65,"C",NULL,"καὶ","καὶ","καί","καί"
42,22,65,"A","APN","ἕτερα","ἕτερα","ἕτερα","ἕτερος"
42,22,65,"A","APN","πολλὰ","πολλὰ","πολλά","πολύς"
42,22,65,"V","PAPNPM","βλασφημοῦντες","βλασφημοῦντες","βλασφημοῦντες","βλασφημέω"
42,22,65,"V","3IAI-P","ἔλεγον","ἔλεγον","ἔλεγον","λέγω"
42,22,65,"P",NULL,"εἰς","εἰς","εἰς","εἰς"
42,22,65,"RP","ASM","αὐτόν.","αὐτόν","αὐτόν","αὐτός"
42,22,66,"C",NULL,"Καὶ","Καὶ","καί","καί"
42,22,66,"C",NULL,"ὡς","ὡς","ὡς","ὡς"
42,22,66,"V","3AMI-S","ἐγένετο","ἐγένετο","ἐγένετο","γίνομαι"
42,22,66,"N","NSF","ἡμέρα,","ἡμέρα","ἡμέρα","ἡμέρα"
42,22,66,"V","3API-S","συνήχθη","συνήχθη","συνήχθη","συνάγω"
42,22,66,"RA","NSN","τὸ","τὸ","τό","ὁ"
42,22,66,"N","NSN","πρεσβυτέριον","πρεσβυτέριον","πρεσβυτέριον","πρεσβυτέριον"
42,22,66,"RA","GSM","τοῦ","τοῦ","τοῦ","ὁ"
42,22,66,"N","GSM","λαοῦ,","λαοῦ","λαοῦ","λαός"
42,22,66,"N","NPM","ἀρχιερεῖς","ἀρχιερεῖς","ἀρχιερεῖς","ἀρχιερεύς"
42,22,66,"C",NULL,"⸀τε","τε","τέ","τέ"
42,22,66,"C",NULL,"καὶ","καὶ","καί","καί"
42,22,66,"N","NPM","γραμματεῖς,","γραμματεῖς","γραμματεῖς","γραμματεύς"
42,22,66,"C",NULL,"καὶ","καὶ","καί","καί"
42,22,66,"V","3AAI-P","⸀ἀπήγαγον","ἀπήγαγον","ἀπήγαγον","ἀπάγω"
42,22,66,"RP","ASM","αὐτὸν","αὐτὸν","αὐτόν","αὐτός"
42,22,66,"P",NULL,"εἰς","εἰς","εἰς","εἰς"
42,22,66,"RA","ASN","τὸ","τὸ","τό","ὁ"
42,22,66,"N","ASN","συνέδριον","συνέδριον","συνέδριον","συνέδριον"
42,22,66,"RP","GPM","αὐτῶν,","αὐτῶν","αὐτῶν","αὐτός"
42,22,67,"V","PAPNPM","λέγοντες·","λέγοντες","λέγοντες","λέγω"
42,22,67,"C",NULL,"Εἰ","Εἰ","εἰ","εἰ"
42,22,67,"RP","NS","σὺ","σὺ","σύ","σύ"
42,22,67,"V","2PAI-S","εἶ","εἶ","εἶ","εἰμί"
42,22,67,"RA","NSM","ὁ","ὁ","ὁ","ὁ"
42,22,67,"N","NSM","χριστός,","χριστός","Χριστός","Χριστός"
42,22,67,"V","2AAD-S","εἰπὸν","εἰπὸν","εἰπόν","λέγω"
42,22,67,"RP","DP","ἡμῖν.","ἡμῖν","ἡμῖν","ἐγώ"
42,22,67,"V","3AAI-S","εἶπεν","εἶπεν","εἶπε(ν)","λέγω"
42,22,67,"C",NULL,"δὲ","δὲ","δέ","δέ"
42,22,67,"RP","DPM","αὐτοῖς·","αὐτοῖς","αὐτοῖς","αὐτός"
42,22,67,"C",NULL,"Ἐὰν","Ἐὰν","ἐάν","ἐάν"
42,22,67,"RP","DP","ὑμῖν","ὑμῖν","ὑμῖν","σύ"
42,22,67,"V","1AAS-S","εἴπω","εἴπω","εἴπω","λέγω"
42,22,67,"D",NULL,"οὐ","οὐ","οὐ","οὐ"
42,22,67,"D",NULL,"μὴ","μὴ","μή","μή"
42,22,67,"V","2AAS-P","πιστεύσητε·","πιστεύσητε","πιστεύσητε","πιστεύω"
42,22,68,"C",NULL,"ἐὰν","ἐὰν","ἐάν","ἐάν"
42,22,68,"C",NULL,"⸀δὲ","δὲ","δέ","δέ"
42,22,68,"V","1AAS-S","ἐρωτήσω,","ἐρωτήσω","ἐρωτήσω","ἐρωτάω"
42,22,68,"D",NULL,"οὐ","οὐ","οὐ","οὐ"
42,22,68,"D",NULL,"μὴ","μὴ","μή","μή"
42,22,68,"V","2APS-P","⸀ἀποκριθῆτε.","ἀποκριθῆτε","ἀποκριθῆτε","ἀποκρίνομαι"
42,22,69,"P",NULL,"ἀπὸ","ἀπὸ","ἀπό","ἀπό"
42,22,69,"RA","GSM","τοῦ","τοῦ","τοῦ","ὁ"
42,22,69,"D",NULL,"νῦν","νῦν","νῦν","νῦν"
42,22,69,"C",NULL,"⸀δὲ","δὲ","δέ","δέ"
42,22,69,"V","3FMI-S","ἔσται","ἔσται","ἔσται","εἰμί"
42,22,69,"RA","NSM","ὁ","ὁ","ὁ","ὁ"
42,22,69,"N","NSM","υἱὸς","υἱὸς","υἱός","υἱός"
42,22,69,"RA","GSM","τοῦ","τοῦ","τοῦ","ὁ"
42,22,69,"N","GSM","ἀνθρώπου","ἀνθρώπου","ἀνθρώπου","ἄνθρωπος"
42,22,69,"V","PMPNSM","καθήμενος","καθήμενος","καθήμενος","κάθημαι"
42,22,69,"P",NULL,"ἐκ","ἐκ","ἐκ","ἐκ"
42,22,69,"A","GPN","δεξιῶν","δεξιῶν","δεξιῶν","δεξιός"
42,22,69,"RA","GSF","τῆς","τῆς","τῆς","ὁ"
42,22,69,"N","GSF","δυνάμεως","δυνάμεως","δυνάμεως","δύναμις"
42,22,69,"RA","GSM","τοῦ","τοῦ","τοῦ","ὁ"
42,22,69,"N","GSM","θεοῦ.","θεοῦ","θεοῦ","θεός"
42,22,70,"V","3AAI-P","εἶπαν","εἶπαν","εἶπαν","λέγω"
42,22,70,"C",NULL,"δὲ","δὲ","δέ","δέ"
42,22,70,"A","NPM","πάντες·","πάντες","πάντες","πᾶς"
42,22,70,"RP","NS","Σὺ","Σὺ","σύ","σύ"
42,22,70,"C",NULL,"οὖν","οὖν","οὖν","οὖν"
42,22,70,"V","2PAI-S","εἶ","εἶ","εἶ","εἰμί"
42,22,70,"RA","NSM","ὁ","ὁ","ὁ","ὁ"
42,22,70,"N","NSM","υἱὸς","υἱὸς","υἱός","υἱός"
42,22,70,"RA","GSM","τοῦ","τοῦ","τοῦ","ὁ"
42,22,70,"N","GSM","θεοῦ;","θεοῦ","θεοῦ","θεός"
42,22,70,"RA","NSM","ὁ","ὁ","ὁ","ὁ"
42,22,70,"C",NULL,"δὲ","δὲ","δέ","δέ"
42,22,70,"P",NULL,"πρὸς","πρὸς","πρός","πρός"
42,22,70,"RP","APM","αὐτοὺς","αὐτοὺς","αὐτούς","αὐτός"
42,22,70,"V","3IAI-S","ἔφη·","ἔφη","ἔφη","φημί"
42,22,70,"RP","NP","Ὑμεῖς","Ὑμεῖς","ὑμεῖς","σύ"
42,22,70,"V","2PAI-P","λέγετε","λέγετε","λέγετε","λέγω"
42,22,70,"C",NULL,"ὅτι","ὅτι","ὅτι","ὅτι"
42,22,70,"RP","NS","ἐγώ","ἐγώ","ἐγώ","ἐγώ"
42,22,70,"V","1PAI-S","εἰμι.","εἰμι","εἰμί","εἰμί"
42,22,71,"RA","NPM","οἱ","οἱ","οἱ","ὁ"
42,22,71,"C",NULL,"δὲ","δὲ","δέ","δέ"
42,22,71,"V","3AAI-P","εἶπαν·","εἶπαν","εἶπαν","λέγω"
42,22,71,"RI","ASN","Τί","Τί","τί","τίς"
42,22,71,"D",NULL,"ἔτι","ἔτι","ἔτι","ἔτι"
42,22,71,"V","1PAI-P","⸂ἔχομεν","ἔχομεν","ἔχομεν","ἔχω"
42,22,71,"N","GSF","μαρτυρίας","μαρτυρίας","μαρτυρίας","μαρτυρία"
42,22,71,"N","ASF","χρείαν⸃;","χρείαν","χρείαν","χρεία"
42,22,71,"RP","NPM","αὐτοὶ","αὐτοὶ","αὐτοί","αὐτός"
42,22,71,"C",NULL,"γὰρ","γὰρ","γάρ","γάρ"
42,22,71,"V","1AAI-P","ἠκούσαμεν","ἠκούσαμεν","ἠκούσαμεν","ἀκούω"
42,22,71,"P",NULL,"ἀπὸ","ἀπὸ","ἀπό","ἀπό"
42,22,71,"RA","GSN","τοῦ","τοῦ","τοῦ","ὁ"
42,22,71,"N","GSN","στόματος","στόματος","στόματος","στόμα"
42,22,71,"RP","GSM","αὐτοῦ.","αὐτοῦ","αὐτοῦ","αὐτός"
42,23,01,"C",NULL,"Καὶ","Καὶ","καί","καί"
42,23,01,"V","AAPNSN","ἀναστὰν","ἀναστὰν","ἀναστάν","ἀνίστημι"
42,23,01,"A","NSN","ἅπαν","ἅπαν","ἅπαν","ἅπας"
42,23,01,"RA","NSN","τὸ","τὸ","τό","ὁ"
42,23,01,"N","NSN","πλῆθος","πλῆθος","πλῆθος","πλῆθος"
42,23,01,"RP","GPM","αὐτῶν","αὐτῶν","αὐτῶν","αὐτός"
42,23,01,"V","3AAI-P","ἤγαγον","ἤγαγον","ἤγαγον","ἄγω"
42,23,01,"RP","ASM","αὐτὸν","αὐτὸν","αὐτόν","αὐτός"
42,23,01,"P",NULL,"ἐπὶ","ἐπὶ","ἐπί","ἐπί"
42,23,01,"RA","ASM","τὸν","τὸν","τόν","ὁ"
42,23,01,"N","ASM","Πιλᾶτον.","Πιλᾶτον","Πιλᾶτον","Πιλᾶτος"
42,23,02,"V","3AMI-P","ἤρξαντο","ἤρξαντο","ἤρξαντο","ἄρχω"
42,23,02,"C",NULL,"δὲ","δὲ","δέ","δέ"
42,23,02,"V","PAN","κατηγορεῖν","κατηγορεῖν","κατηγορεῖν","κατηγορέω"
42,23,02,"RP","GSM","αὐτοῦ","αὐτοῦ","αὐτοῦ","αὐτός"
42,23,02,"V","PAPNPM","λέγοντες·","λέγοντες","λέγοντες","λέγω"
42,23,02,"RD","ASM","Τοῦτον","Τοῦτον","τοῦτον","οὗτος"
42,23,02,"V","1AAI-P","εὕραμεν","εὕραμεν","εὕραμεν","εὑρίσκω"
42,23,02,"V","PAPASM","διαστρέφοντα","διαστρέφοντα","διαστρέφοντα","διαστρέφω"
42,23,02,"RA","ASN","τὸ","τὸ","τό","ὁ"
42,23,02,"N","ASN","ἔθνος","ἔθνος","ἔθνος","ἔθνος"
42,23,02,"RP","GP","⸀ἡμῶν","ἡμῶν","ἡμῶν","ἐγώ"
42,23,02,"C",NULL,"καὶ","καὶ","καί","καί"
42,23,02,"V","PAPASM","κωλύοντα","κωλύοντα","κωλύοντα","κωλύω"
42,23,02,"N","APM","⸂φόρους","φόρους","φόρους","φόρος"
42,23,02,"N","DSM","Καίσαρι⸃","Καίσαρι","Καίσαρι","Καῖσαρ"
42,23,02,"V","PAN","διδόναι","διδόναι","διδόναι","δίδωμι"
42,23,02,"C",NULL,"⸀καὶ","καὶ","καί","καί"
42,23,02,"V","PAPASM","λέγοντα","λέγοντα","λέγοντα","λέγω"
42,23,02,"RP","ASM","⸀αὑτὸν","αὑτὸν","αὑτόν","ἑαυτοῦ"
42,23,02,"N","ASM","χριστὸν","χριστὸν","Χριστόν","Χριστός"
42,23,02,"N","ASM","βασιλέα","βασιλέα","βασιλέα","βασιλεύς"
42,23,02,"V","PAN","εἶναι.","εἶναι","εἶναι","εἰμί"
42,23,03,"RA","NSM","ὁ","ὁ","ὁ","ὁ"
42,23,03,"C",NULL,"δὲ","δὲ","δέ","δέ"
42,23,03,"N","NSM","Πιλᾶτος","Πιλᾶτος","Πιλᾶτος","Πιλᾶτος"
42,23,03,"V","3AAI-S","⸀ἠρώτησεν","ἠρώτησεν","ἠρώτησε(ν)","ἐρωτάω"
42,23,03,"RP","ASM","αὐτὸν","αὐτὸν","αὐτόν","αὐτός"
42,23,03,"V","PAPNSM","λέγων·","λέγων","λέγων","λέγω"
42,23,03,"RP","NS","Σὺ","Σὺ","σύ","σύ"
42,23,03,"V","2PAI-S","εἶ","εἶ","εἶ","εἰμί"
42,23,03,"RA","NSM","ὁ","ὁ","ὁ","ὁ"
42,23,03,"N","NSM","βασιλεὺς","βασιλεὺς","βασιλεύς","βασιλεύς"
42,23,03,"RA","GPM","τῶν","τῶν","τῶν","ὁ"
42,23,03,"A","GPM","Ἰουδαίων;","Ἰουδαίων","Ἰουδαίων","Ἰουδαῖος"
42,23,03,"RA","NSM","ὁ","ὁ","ὁ","ὁ"
42,23,03,"C",NULL,"δὲ","δὲ","δέ","δέ"
42,23,03,"V","APPNSM","ἀποκριθεὶς","ἀποκριθεὶς","ἀποκριθείς","ἀποκρίνομαι"
42,23,03,"RP","DSM","αὐτῷ","αὐτῷ","αὐτῷ","αὐτός"
42,23,03,"V","3IAI-S","ἔφη·","ἔφη","ἔφη","φημί"
42,23,03,"RP","NS","Σὺ","Σὺ","σύ","σύ"
42,23,03,"V","2PAI-S","λέγεις.","λέγεις","λέγεις","λέγω"
42,23,04,"RA","NSM","ὁ","ὁ","ὁ","ὁ"
42,23,04,"C",NULL,"δὲ","δὲ","δέ","δέ"
42,23,04,"N","NSM","Πιλᾶτος","Πιλᾶτος","Πιλᾶτος","Πιλᾶτος"
42,23,04,"V","3AAI-S","εἶπεν","εἶπεν","εἶπε(ν)","λέγω"
42,23,04,"P",NULL,"πρὸς","πρὸς","πρός","πρός"
42,23,04,"RA","APM","τοὺς","τοὺς","τούς","ὁ"
42,23,04,"N","APM","ἀρχιερεῖς","ἀρχιερεῖς","ἀρχιερεῖς","ἀρχιερεύς"
42,23,04,"C",NULL,"καὶ","καὶ","καί","καί"
42,23,04,"RA","APM","τοὺς","τοὺς","τούς","ὁ"
42,23,04,"N","APM","ὄχλους·","ὄχλους","ὄχλους","ὄχλος"
42,23,04,"A","ASN","Οὐδὲν","Οὐδὲν","οὐδέν","οὐδείς"
42,23,04,"V","1PAI-S","εὑρίσκω","εὑρίσκω","εὑρίσκω","εὑρίσκω"
42,23,04,"A","ASN","αἴτιον","αἴτιον","αἴτιον","αἴτιος"
42,23,04,"P",NULL,"ἐν","ἐν","ἐν","ἐν"
42,23,04,"RA","DSM","τῷ","τῷ","τῷ","ὁ"
42,23,04,"N","DSM","ἀνθρώπῳ","ἀνθρώπῳ","ἀνθρώπῳ","ἄνθρωπος"
42,23,04,"RD","DSM","τούτῳ.","τούτῳ","τούτῳ","οὗτος"
42,23,05,"RA","NPM","οἱ","οἱ","οἱ","ὁ"
42,23,05,"C",NULL,"δὲ","δὲ","δέ","δέ"
42,23,05,"V","3IAI-P","ἐπίσχυον","ἐπίσχυον","ἐπίσχυον","ἐπισχύω"
42,23,05,"V","PAPNPM","λέγοντες","λέγοντες","λέγοντες","λέγω"
42,23,05,"C",NULL,"ὅτι","ὅτι","ὅτι","ὅτι"
42,23,05,"V","3PAI-S","Ἀνασείει","Ἀνασείει","ἀνασείει","ἀνασείω"
42,23,05,"RA","ASM","τὸν","τὸν","τόν","ὁ"
42,23,05,"N","ASM","λαὸν","λαὸν","λαόν","λαός"
42,23,05,"V","PAPNSM","διδάσκων","διδάσκων","διδάσκων","διδάσκω"
42,23,05,"P",NULL,"καθ’","καθ’","κατά","κατά"
42,23,05,"A","GSF","ὅλης","ὅλης","ὅλης","ὅλος"
42,23,05,"RA","GSF","τῆς","τῆς","τῆς","ὁ"
42,23,05,"N","GSF","Ἰουδαίας,","Ἰουδαίας","Ἰουδαίας","Ἰουδαία"
42,23,05,"D",NULL,"⸀καὶ","καὶ","καί","καί"
42,23,05,"V","AMPNSM","ἀρξάμενος","ἀρξάμενος","ἀρξάμενος","ἄρχω"
42,23,05,"P",NULL,"ἀπὸ","ἀπὸ","ἀπό","ἀπό"
42,23,05,"RA","GSF","τῆς","τῆς","τῆς","ὁ"
42,23,05,"N","GSF","Γαλιλαίας","Γαλιλαίας","Γαλιλαίας","Γαλιλαία"
42,23,05,"P",NULL,"ἕως","ἕως","ἕως","ἕως"
42,23,05,"D",NULL,"ὧδε.","ὧδε","ὧδε","ὧδε"
42,23,06,"N","NSM","Πιλᾶτος","Πιλᾶτος","Πιλᾶτος","Πιλᾶτος"
42,23,06,"C",NULL,"δὲ","δὲ","δέ","δέ"
42,23,06,"V","AAPNSM","⸀ἀκούσας","ἀκούσας","ἀκούσας","ἀκούω"
42,23,06,"V","3AAI-S","ἐπηρώτησεν","ἐπηρώτησεν","ἐπηρώτησε(ν)","ἐπερωτάω"
42,23,06,"X",NULL,"εἰ","εἰ","εἰ","εἰ"
42,23,06,"RA","NSM","ὁ","ὁ","ὁ","ὁ"
42,23,06,"N","NSM","ἄνθρωπος","ἄνθρωπος","ἄνθρωπος","ἄνθρωπος"
42,23,06,"A","NSM","Γαλιλαῖός","Γαλιλαῖός","Γαλιλαῖος","Γαλιλαῖος"
42,23,06,"V","3PAI-S","ἐστιν,","ἐστιν","ἐστί(ν)","εἰμί"
42,23,07,"C",NULL,"καὶ","καὶ","καί","καί"
42,23,07,"V","AAPNSM","ἐπιγνοὺς","ἐπιγνοὺς","ἐπιγνούς","ἐπιγινώσκω"
42,23,07,"C",NULL,"ὅτι","ὅτι","ὅτι","ὅτι"
42,23,07,"P",NULL,"ἐκ","ἐκ","ἐκ","ἐκ"
42,23,07,"RA","GSF","τῆς","τῆς","τῆς","ὁ"
42,23,07,"N","GSF","ἐξουσίας","ἐξουσίας","ἐξουσίας","ἐξουσία"
42,23,07,"N","GSM","Ἡρῴδου","Ἡρῴδου","Ἡρῴδου","Ἡρῴδης"
42,23,07,"V","3PAI-S","ἐστὶν","ἐστὶν","ἐστί(ν)","εἰμί"
42,23,07,"V","3AAI-S","ἀνέπεμψεν","ἀνέπεμψεν","ἀνέπεμψε(ν)","ἀναπέμπω"
42,23,07,"RP","ASM","αὐτὸν","αὐτὸν","αὐτόν","αὐτός"
42,23,07,"P",NULL,"πρὸς","πρὸς","πρός","πρός"
42,23,07,"N","ASM","Ἡρῴδην,","Ἡρῴδην","Ἡρῴδην","Ἡρῴδης"
42,23,07,"V","PAPASM","ὄντα","ὄντα","ὄντα","εἰμί"
42,23,07,"D",NULL,"καὶ","καὶ","καί","καί"
42,23,07,"RP","ASM","αὐτὸν","αὐτὸν","αὐτόν","αὐτός"
42,23,07,"P",NULL,"ἐν","ἐν","ἐν","ἐν"
42,23,07,"N","DPN","Ἱεροσολύμοις","Ἱεροσολύμοις","Ἱεροσολύμοις","Ἱεροσόλυμα"
42,23,07,"P",NULL,"ἐν","ἐν","ἐν","ἐν"
42,23,07,"RD","DPF","ταύταις","ταύταις","ταύταις","οὗτος"
42,23,07,"RA","DPF","ταῖς","ταῖς","ταῖς","ὁ"
42,23,07,"N","DPF","ἡμέραις.","ἡμέραις","ἡμέραις","ἡμέρα"
42,23,08,"RA","NSM","ὁ","ὁ","ὁ","ὁ"
42,23,08,"C",NULL,"δὲ","δὲ","δέ","δέ"
42,23,08,"N","NSM","Ἡρῴδης","Ἡρῴδης","Ἡρῴδης","Ἡρῴδης"
42,23,08,"V","AAPNSM","ἰδὼν","ἰδὼν","ἰδών","ὁράω"
42,23,08,"RA","ASM","τὸν","τὸν","τόν","ὁ"
42,23,08,"N","ASM","Ἰησοῦν","Ἰησοῦν","Ἰησοῦν","Ἰησοῦς"
42,23,08,"V","3API-S","ἐχάρη","ἐχάρη","ἐχάρη","χαίρω"
42,23,08,"D",NULL,"λίαν,","λίαν","λίαν","λίαν"
42,23,08,"V","3IAI-S","ἦν","ἦν","ἦν","εἰμί"
42,23,08,"C",NULL,"γὰρ","γὰρ","γάρ","γάρ"
42,23,08,"P",NULL,"⸂ἐξ","ἐξ","ἐκ","ἐκ"
42,23,08,"A","GPM","ἱκανῶν","ἱκανῶν","ἱκανῶν","ἱκανός"
42,23,08,"N","GPM","χρόνων","χρόνων","χρόνων","χρόνος"
42,23,08,"V","PAPNSM","θέλων⸃","θέλων","θέλων","θέλω"
42,23,08,"V","AAN","ἰδεῖν","ἰδεῖν","ἰδεῖν","ὁράω"
42,23,08,"RP","ASM","αὐτὸν","αὐτὸν","αὐτόν","αὐτός"
42,23,08,"P",NULL,"διὰ","διὰ","διά","διά"
42,23,08,"RA","ASN","τὸ","τὸ","τό","ὁ"
42,23,08,"V","PAN","⸀ἀκούειν","ἀκούειν","ἀκούειν","ἀκούω"
42,23,08,"P",NULL,"περὶ","περὶ","περί","περί"
42,23,08,"RP","GSM","αὐτοῦ,","αὐτοῦ","αὐτοῦ","αὐτός"
42,23,08,"C",NULL,"καὶ","καὶ","καί","καί"
42,23,08,"V","3IAI-S","ἤλπιζέν","ἤλπιζέν","ἤλπιζε(ν)","ἐλπίζω"
42,23,08,"RI","ASN","τι","τι","τὶ","τις"
42,23,08,"N","ASN","σημεῖον","σημεῖον","σημεῖον","σημεῖον"
42,23,08,"V","AAN","ἰδεῖν","ἰδεῖν","ἰδεῖν","ὁράω"
42,23,08,"P",NULL,"ὑπ’","ὑπ’","ὑπό","ὑπό"
42,23,08,"RP","GSM","αὐτοῦ","αὐτοῦ","αὐτοῦ","αὐτός"
42,23,08,"V","PMPASN","γινόμενον.","γινόμενον","γινόμενον","γίνομαι"
42,23,09,"V","3IAI-S","ἐπηρώτα","ἐπηρώτα","ἐπηρώτα","ἐπερωτάω"
42,23,09,"C",NULL,"δὲ","δὲ","δέ","δέ"
42,23,09,"RP","ASM","αὐτὸν","αὐτὸν","αὐτόν","αὐτός"
42,23,09,"P",NULL,"ἐν","ἐν","ἐν","ἐν"
42,23,09,"N","DPM","λόγοις","λόγοις","λόγοις","λόγος"
42,23,09,"A","DPM","ἱκανοῖς·","ἱκανοῖς","ἱκανοῖς","ἱκανός"
42,23,09,"RP","NSM","αὐτὸς","αὐτὸς","αὐτός","αὐτός"
42,23,09,"C",NULL,"δὲ","δὲ","δέ","δέ"
42,23,09,"A","ASN","οὐδὲν","οὐδὲν","οὐδέν","οὐδείς"
42,23,09,"V","3AMI-S","ἀπεκρίνατο","ἀπεκρίνατο","ἀπεκρίνατο","ἀποκρίνομαι"
42,23,09,"RP","DSM","αὐτῷ.","αὐτῷ","αὐτῷ","αὐτός"
42,23,10,"V","3YAI-P","εἱστήκεισαν","εἱστήκεισαν","εἱστήκεισαν","ἵστημι"
42,23,10,"C",NULL,"δὲ","δὲ","δέ","δέ"
42,23,10,"RA","NPM","οἱ","οἱ","οἱ","ὁ"
42,23,10,"N","NPM","ἀρχιερεῖς","ἀρχιερεῖς","ἀρχιερεῖς","ἀρχιερεύς"
42,23,10,"C",NULL,"καὶ","καὶ","καί","καί"
42,23,10,"RA","NPM","οἱ","οἱ","οἱ","ὁ"
42,23,10,"N","NPM","γραμματεῖς","γραμματεῖς","γραμματεῖς","γραμματεύς"
42,23,10,"D",NULL,"εὐτόνως","εὐτόνως","εὐτόνως","εὐτόνως"
42,23,10,"V","PAPNPM","κατηγοροῦντες","κατηγοροῦντες","κατηγοροῦντες","κατηγορέω"
42,23,10,"RP","GSM","αὐτοῦ.","αὐτοῦ","αὐτοῦ","αὐτός"
42,23,11,"V","AAPNSM","ἐξουθενήσας","ἐξουθενήσας","ἐξουθενήσας","ἐξουθενέω"
42,23,11,"C",NULL,"δὲ","δὲ","δέ","δέ"
42,23,11,"RP","ASM","αὐτὸν","αὐτὸν","αὐτόν","αὐτός"
42,23,11,"D",NULL,"⸀καὶ","καὶ","καί","καί"
42,23,11,"RA","NSM","ὁ","ὁ","ὁ","ὁ"
42,23,11,"N","NSM","Ἡρῴδης","Ἡρῴδης","Ἡρῴδης","Ἡρῴδης"
42,23,11,"P",NULL,"σὺν","σὺν","σύν","σύν"
42,23,11,"RA","DPN","τοῖς","τοῖς","τοῖς","ὁ"
42,23,11,"N","DPN","στρατεύμασιν","στρατεύμασιν","στρατεύμασι(ν)","στράτευμα"
42,23,11,"RP","GSM","αὐτοῦ","αὐτοῦ","αὐτοῦ","αὐτός"
42,23,11,"C",NULL,"καὶ","καὶ","καί","καί"
42,23,11,"V","AAPNSM","ἐμπαίξας","ἐμπαίξας","ἐμπαίξας","ἐμπαίζω"
42,23,11,"V","AAPNSM","⸀περιβαλὼν","περιβαλὼν","περιβαλών","περιβάλλω"
42,23,11,"N","ASF","ἐσθῆτα","ἐσθῆτα","ἐσθῆτα","ἐσθής"
42,23,11,"A","ASF","λαμπρὰν","λαμπρὰν","λαμπράν","λαμπρός"
42,23,11,"V","3AAI-S","ἀνέπεμψεν","ἀνέπεμψεν","ἀνέπεμψε(ν)","ἀναπέμπω"
42,23,11,"RP","ASM","αὐτὸν","αὐτὸν","αὐτόν","αὐτός"
42,23,11,"RA","DSM","τῷ","τῷ","τῷ","ὁ"
42,23,11,"N","DSM","Πιλάτῳ.","Πιλάτῳ","Πιλάτῳ","Πιλᾶτος"
42,23,12,"V","3AMI-P","ἐγένοντο","ἐγένοντο","ἐγένοντο","γίνομαι"
42,23,12,"C",NULL,"δὲ","δὲ","δέ","δέ"
42,23,12,"A","NPM","φίλοι","φίλοι","φίλοι","φίλος"
42,23,12,"RA","NSM","ὅ","ὅ","ὁ","ὁ"
42,23,12,"C",NULL,"τε","τε","τέ","τέ"
42,23,12,"N","NSM","⸂Ἡρῴδης","Ἡρῴδης","Ἡρῴδης","Ἡρῴδης"
42,23,12,"C",NULL,"καὶ","καὶ","καί","καί"
42,23,12,"RA","NSM","ὁ","ὁ","ὁ","ὁ"
42,23,12,"N","NSM","Πιλᾶτος⸃","Πιλᾶτος","Πιλᾶτος","Πιλᾶτος"
42,23,12,"P",NULL,"ἐν","ἐν","ἐν","ἐν"
42,23,12,"RP","DSF","αὐτῇ","αὐτῇ","αὐτῇ","αὐτός"
42,23,12,"RA","DSF","τῇ","τῇ","τῇ","ὁ"
42,23,12,"N","DSF","ἡμέρᾳ","ἡμέρᾳ","ἡμέρᾳ","ἡμέρα"
42,23,12,"P",NULL,"μετ’","μετ’","μετά","μετά"
42,23,12,"RP","GPM","ἀλλήλων·","ἀλλήλων","ἀλλήλων","ἀλλήλων"
42,23,12,"V","3IAI-P","προϋπῆρχον","προϋπῆρχον","προϋπῆρχον","προϋπάρχω"
42,23,12,"C",NULL,"γὰρ","γὰρ","γάρ","γάρ"
42,23,12,"P",NULL,"ἐν","ἐν","ἐν","ἐν"
42,23,12,"N","DSF","ἔχθρᾳ","ἔχθρᾳ","ἔχθρᾳ","ἔχθρα"
42,23,12,"V","PAPNPM","ὄντες","ὄντες","ὄντες","εἰμί"
42,23,12,"P",NULL,"πρὸς","πρὸς","πρός","πρός"
42,23,12,"RP","APM","⸀αὑτούς.","αὑτούς","αὑτούς","ἑαυτοῦ"
42,23,13,"N","NSM","Πιλᾶτος","Πιλᾶτος","Πιλᾶτος","Πιλᾶτος"
42,23,13,"C",NULL,"δὲ","δὲ","δέ","δέ"
42,23,13,"V","AMPNSM","συγκαλεσάμενος","συγκαλεσάμενος","συγκαλεσάμενος","συγκαλέω"
42,23,13,"RA","APM","τοὺς","τοὺς","τούς","ὁ"
42,23,13,"N","APM","ἀρχιερεῖς","ἀρχιερεῖς","ἀρχιερεῖς","ἀρχιερεύς"
42,23,13,"C",NULL,"καὶ","καὶ","καί","καί"
42,23,13,"RA","APM","τοὺς","τοὺς","τούς","ὁ"
42,23,13,"N","APM","ἄρχοντας","ἄρχοντας","ἄρχοντας","ἄρχων"
42,23,13,"C",NULL,"καὶ","καὶ","καί","καί"
42,23,13,"RA","ASM","τὸν","τὸν","τόν","ὁ"
42,23,13,"N","ASM","λαὸν","λαὸν","λαόν","λαός"
42,23,14,"V","3AAI-S","εἶπεν","εἶπεν","εἶπε(ν)","λέγω"
42,23,14,"P",NULL,"πρὸς","πρὸς","πρός","πρός"
42,23,14,"RP","APM","αὐτούς·","αὐτούς","αὐτούς","αὐτός"
42,23,14,"V","2AAI-P","Προσηνέγκατέ","Προσηνέγκατέ","προσηνέγκατε","προσφέρω"
42,23,14,"RP","DS","μοι","μοι","μοι","ἐγώ"
42,23,14,"RA","ASM","τὸν","τὸν","τόν","ὁ"
42,23,14,"N","ASM","ἄνθρωπον","ἄνθρωπον","ἄνθρωπον","ἄνθρωπος"
42,23,14,"RD","ASM","τοῦτον","τοῦτον","τοῦτον","οὗτος"
42,23,14,"C",NULL,"ὡς","ὡς","ὡς","ὡς"
42,23,14,"V","PAPASM","ἀποστρέφοντα","ἀποστρέφοντα","ἀποστρέφοντα","ἀποστρέφω"
42,23,14,"RA","ASM","τὸν","τὸν","τόν","ὁ"
42,23,14,"N","ASM","λαόν,","λαόν","λαόν","λαός"
42,23,14,"C",NULL,"καὶ","καὶ","καί","καί"
42,23,14,"X",NULL,"ἰδοὺ","ἰδοὺ","ἰδού","ἰδού"
42,23,14,"RP","NS","ἐγὼ","ἐγὼ","ἐγώ","ἐγώ"
42,23,14,"P",NULL,"ἐνώπιον","ἐνώπιον","ἐνώπιον","ἐνώπιον"
42,23,14,"RP","GP","ὑμῶν","ὑμῶν","ὑμῶν","σύ"
42,23,14,"V","AAPNSM","ἀνακρίνας","ἀνακρίνας","ἀνακρίνας","ἀνακρίνω"
42,23,14,"A","ASN","⸀οὐθὲν","οὐθὲν","οὐθέν","οὐδείς"
42,23,14,"V","1AAI-S","εὗρον","εὗρον","εὗρον","εὑρίσκω"
42,23,14,"P",NULL,"ἐν","ἐν","ἐν","ἐν"
42,23,14,"RA","DSM","τῷ","τῷ","τῷ","ὁ"
42,23,14,"N","DSM","ἀνθρώπῳ","ἀνθρώπῳ","ἀνθρώπῳ","ἄνθρωπος"
42,23,14,"RD","DSM","τούτῳ","τούτῳ","τούτῳ","οὗτος"
42,23,14,"A","ASN","αἴτιον","αἴτιον","αἴτιον","αἴτιος"
42,23,14,"RR","GPN","ὧν","ὧν","ὧν","ὅς"
42,23,14,"V","2PAI-P","κατηγορεῖτε","κατηγορεῖτε","κατηγορεῖτε","κατηγορέω"
42,23,14,"P",NULL,"κατ’","κατ’","κατά","κατά"
42,23,14,"RP","GSM","αὐτοῦ.","αὐτοῦ","αὐτοῦ","αὐτός"
42,23,15,"C",NULL,"ἀλλ’","ἀλλ’","ἀλλά","ἀλλά"
42,23,15,"D",NULL,"οὐδὲ","οὐδὲ","οὐδέ","οὐδέ"
42,23,15,"N","NSM","Ἡρῴδης,","Ἡρῴδης","Ἡρῴδης","Ἡρῴδης"
42,23,15,"V","3AAI-S","⸂ἀνέπεμψεν","ἀνέπεμψεν","ἀνέπεμψε(ν)","ἀναπέμπω"
42,23,15,"C",NULL,"γὰρ","γὰρ","γάρ","γάρ"
42,23,15,"RP","ASM","αὐτὸν","αὐτὸν","αὐτόν","αὐτός"
42,23,15,"P",NULL,"πρὸς","πρὸς","πρός","πρός"
42,23,15,"RP","AP","ἡμᾶς⸃·","ἡμᾶς","ἡμᾶς","ἐγώ"
42,23,15,"C",NULL,"καὶ","καὶ","καί","καί"
42,23,15,"X",NULL,"ἰδοὺ","ἰδοὺ","ἰδού","ἰδού"
42,23,15,"A","NSN","οὐδὲν","οὐδὲν","οὐδέν","οὐδείς"
42,23,15,"A","NSN","ἄξιον","ἄξιον","ἄξιον","ἄξιος"
42,23,15,"N","GSM","θανάτου","θανάτου","θανάτου","θάνατος"
42,23,15,"V","3PAI-S","ἐστὶν","ἐστὶν","ἐστί(ν)","εἰμί"
42,23,15,"V","XPPNSN","πεπραγμένον","πεπραγμένον","πεπραγμένον","πράσσω"
42,23,15,"RP","DSM","αὐτῷ·","αὐτῷ","αὐτῷ","αὐτός"
42,23,16,"V","AAPNSM","παιδεύσας","παιδεύσας","παιδεύσας","παιδεύω"
42,23,16,"C",NULL,"οὖν","οὖν","οὖν","οὖν"
42,23,16,"RP","ASM","αὐτὸν","αὐτὸν","αὐτόν","αὐτός"
42,23,16,"V","1FAI-S","⸀ἀπολύσω.","ἀπολύσω","ἀπολύσω","ἀπολύω"
42,23,18,"V","3AAI-P","⸀Ἀνέκραγον","Ἀνέκραγον","ἀνέκραγον","ἀνακράζω"
42,23,18,"C",NULL,"δὲ","δὲ","δέ","δέ"
42,23,18,"D",NULL,"παμπληθεὶ","παμπληθεὶ","παμπληθεί","παμπληθεί"
42,23,18,"V","PAPNPM","λέγοντες·","λέγοντες","λέγοντες","λέγω"
42,23,18,"V","2PAD-S","Αἶρε","Αἶρε","αἶρε","αἴρω"
42,23,18,"RD","ASM","τοῦτον,","τοῦτον","τοῦτον","οὗτος"
42,23,18,"V","2AAD-S","ἀπόλυσον","ἀπόλυσον","ἀπόλυσον","ἀπολύω"
42,23,18,"C",NULL,"δὲ","δὲ","δέ","δέ"
42,23,18,"RP","DP","ἡμῖν","ἡμῖν","ἡμῖν","ἐγώ"
42,23,18,"RA","ASM","⸀τὸν","τὸν","τόν","ὁ"
42,23,18,"N","ASM","Βαραββᾶν·","Βαραββᾶν","Βαραββᾶν","Βαραββᾶς"
42,23,19,"RR","NSM","ὅστις","ὅστις","ὅστις","ὅστις"
42,23,19,"V","3IAI-S","ἦν","ἦν","ἦν","εἰμί"
42,23,19,"P",NULL,"διὰ","διὰ","διά","διά"
42,23,19,"N","ASF","στάσιν","στάσιν","στάσιν","στάσις"
42,23,19,"RI","ASF","τινὰ","τινὰ","τινά","τις"
42,23,19,"V","AMPASF","γενομένην","γενομένην","γενομένην","γίνομαι"
42,23,19,"P",NULL,"ἐν","ἐν","ἐν","ἐν"
42,23,19,"RA","DSF","τῇ","τῇ","τῇ","ὁ"
42,23,19,"N","DSF","πόλει","πόλει","πόλει","πόλις"
42,23,19,"C",NULL,"καὶ","καὶ","καί","καί"
42,23,19,"N","ASM","φόνον","φόνον","φόνον","φόνος"
42,23,19,"V","APPNSM","⸂βληθεὶς","βληθεὶς","βληθείς","βάλλω"
42,23,19,"P",NULL,"ἐν","ἐν","ἐν","ἐν"
42,23,19,"RA","DSF","τῇ","τῇ","τῇ","ὁ"
42,23,19,"N","DSF","φυλακῇ⸃.","φυλακῇ","φυλακῇ","φυλακή"
42,23,20,"D",NULL,"πάλιν","πάλιν","πάλιν","πάλιν"
42,23,20,"C",NULL,"⸀δὲ","δὲ","δέ","δέ"
42,23,20,"RA","NSM","ὁ","ὁ","ὁ","ὁ"
42,23,20,"N","NSM","Πιλᾶτος","Πιλᾶτος","Πιλᾶτος","Πιλᾶτος"
42,23,20,"V","3AAI-S","⸀προσεφώνησεν,","προσεφώνησεν","προσεφώνησε(ν)","προσφωνέω"
42,23,20,"V","PAPNSM","θέλων","θέλων","θέλων","θέλω"
42,23,20,"V","AAN","ἀπολῦσαι","ἀπολῦσαι","ἀπολῦσαι","ἀπολύω"
42,23,20,"RA","ASM","τὸν","τὸν","τόν","ὁ"
42,23,20,"N","ASM","Ἰησοῦν.","Ἰησοῦν","Ἰησοῦν","Ἰησοῦς"
42,23,21,"RA","NPM","οἱ","οἱ","οἱ","ὁ"
42,23,21,"C",NULL,"δὲ","δὲ","δέ","δέ"
42,23,21,"V","3IAI-P","ἐπεφώνουν","ἐπεφώνουν","ἐπεφώνουν","ἐπιφωνέω"
42,23,21,"V","PAPNPM","λέγοντες·","λέγοντες","λέγοντες","λέγω"
42,23,21,"V","2PAD-S","⸂Σταύρου","Σταύρου","σταύρου","σταυρόω"
42,23,21,"V","2PAD-S","σταύρου⸃","σταύρου","σταύρου","σταυρόω"
42,23,21,"RP","ASM","αὐτόν.","αὐτόν","αὐτόν","αὐτός"
42,23,22,"RA","NSM","ὁ","ὁ","ὁ","ὁ"
42,23,22,"C",NULL,"δὲ","δὲ","δέ","δέ"
42,23,22,"A","ASN","τρίτον","τρίτον","τρίτον","τρίτος"
42,23,22,"V","3AAI-S","εἶπεν","εἶπεν","εἶπε(ν)","λέγω"
42,23,22,"P",NULL,"πρὸς","πρὸς","πρός","πρός"
42,23,22,"RP","APM","αὐτούς·","αὐτούς","αὐτούς","αὐτός"
42,23,22,"RI","ASN","Τί","Τί","τί","τίς"
42,23,22,"C",NULL,"γὰρ","γὰρ","γάρ","γάρ"
42,23,22,"A","ASN","κακὸν","κακὸν","κακόν","κακός"
42,23,22,"V","3AAI-S","ἐποίησεν","ἐποίησεν","ἐποίησε(ν)","ποιέω"
42,23,22,"RD","NSM","οὗτος;","οὗτος","οὗτος","οὗτος"
42,23,22,"A","ASN","οὐδὲν","οὐδὲν","οὐδέν","οὐδείς"
42,23,22,"A","ASN","αἴτιον","αἴτιον","αἴτιον","αἴτιος"
42,23,22,"N","GSM","θανάτου","θανάτου","θανάτου","θάνατος"
42,23,22,"V","1AAI-S","εὗρον","εὗρον","εὗρον","εὑρίσκω"
42,23,22,"P",NULL,"ἐν","ἐν","ἐν","ἐν"
42,23,22,"RP","DSM","αὐτῷ·","αὐτῷ","αὐτῷ","αὐτός"
42,23,22,"V","AAPNSM","παιδεύσας","παιδεύσας","παιδεύσας","παιδεύω"
42,23,22,"C",NULL,"οὖν","οὖν","οὖν","οὖν"
42,23,22,"RP","ASM","αὐτὸν","αὐτὸν","αὐτόν","αὐτός"
42,23,22,"V","1FAI-S","ἀπολύσω.","ἀπολύσω","ἀπολύσω","ἀπολύω"
42,23,23,"RA","NPM","οἱ","οἱ","οἱ","ὁ"
42,23,23,"C",NULL,"δὲ","δὲ","δέ","δέ"
42,23,23,"V","3IMI-P","ἐπέκειντο","ἐπέκειντο","ἐπέκειντο","ἐπίκειμαι"
42,23,23,"N","DPF","φωναῖς","φωναῖς","φωναῖς","φωνή"
42,23,23,"A","DPF","μεγάλαις","μεγάλαις","μεγάλαις","μέγας"
42,23,23,"V","PMPNPM","αἰτούμενοι","αἰτούμενοι","αἰτούμενοι","αἰτέω"
42,23,23,"RP","ASM","αὐτὸν","αὐτὸν","αὐτόν","αὐτός"
42,23,23,"V","APN","σταυρωθῆναι,","σταυρωθῆναι","σταυρωθῆναι","σταυρόω"
42,23,23,"C",NULL,"καὶ","καὶ","καί","καί"
42,23,23,"V","3IAI-P","κατίσχυον","κατίσχυον","κατίσχυον","κατισχύω"
42,23,23,"RA","NPF","αἱ","αἱ","αἱ","ὁ"
42,23,23,"N","NPF","φωναὶ","φωναὶ","φωναί","φωνή"
42,23,23,"RP","GPM","⸀αὐτῶν.","αὐτῶν","αὐτῶν","αὐτός"
42,23,24,"C",NULL,"⸀καὶ","καὶ","καί","καί"
42,23,24,"N","NSM","Πιλᾶτος","Πιλᾶτος","Πιλᾶτος","Πιλᾶτος"
42,23,24,"V","3AAI-S","ἐπέκρινεν","ἐπέκρινεν","ἐπέκρινε(ν)","ἐπικρίνω"
42,23,24,"V","AMN","γενέσθαι","γενέσθαι","γενέσθαι","γίνομαι"
42,23,24,"RA","ASN","τὸ","τὸ","τό","ὁ"
42,23,24,"N","ASN","αἴτημα","αἴτημα","αἴτημα","αἴτημα"
42,23,24,"RP","GPM","αὐτῶν·","αὐτῶν","αὐτῶν","αὐτός"
42,23,25,"V","3AAI-S","ἀπέλυσεν","ἀπέλυσεν","ἀπέλυσε(ν)","ἀπολύω"
42,23,25,"C",NULL,"δὲ","δὲ","δέ","δέ"
42,23,25,"RA","ASM","τὸν","τὸν","τόν","ὁ"
42,23,25,"P",NULL,"διὰ","διὰ","διά","διά"
42,23,25,"N","ASF","στάσιν","στάσιν","στάσιν","στάσις"
42,23,25,"C",NULL,"καὶ","καὶ","καί","καί"
42,23,25,"N","ASM","φόνον","φόνον","φόνον","φόνος"
42,23,25,"V","XPPASM","βεβλημένον","βεβλημένον","βεβλημένον","βάλλω"
42,23,25,"P",NULL,"⸀εἰς","εἰς","εἰς","εἰς"
42,23,25,"N","ASF","φυλακὴν","φυλακὴν","φυλακήν","φυλακή"
42,23,25,"RR","ASM","ὃν","ὃν","ὅν","ὅς"
42,23,25,"V","3IMI-P","ᾐτοῦντο,","ᾐτοῦντο","ᾐτοῦντο","αἰτέω"
42,23,25,"RA","ASM","τὸν","τὸν","τόν","ὁ"
42,23,25,"C",NULL,"δὲ","δὲ","δέ","δέ"
42,23,25,"N","ASM","Ἰησοῦν","Ἰησοῦν","Ἰησοῦν","Ἰησοῦς"
42,23,25,"V","3AAI-S","παρέδωκεν","παρέδωκεν","παρέδωκε(ν)","παραδίδωμι"
42,23,25,"RA","DSN","τῷ","τῷ","τῷ","ὁ"
42,23,25,"N","DSN","θελήματι","θελήματι","θελήματι","θέλημα"
42,23,25,"RP","GPM","αὐτῶν.","αὐτῶν","αὐτῶν","αὐτός"
42,23,26,"C",NULL,"Καὶ","Καὶ","καί","καί"
42,23,26,"C",NULL,"ὡς","ὡς","ὡς","ὡς"
42,23,26,"V","3AAI-P","ἀπήγαγον","ἀπήγαγον","ἀπήγαγον","ἀπάγω"
42,23,26,"RP","ASM","αὐτόν,","αὐτόν","αὐτόν","αὐτός"
42,23,26,"V","AMPNPM","ἐπιλαβόμενοι","ἐπιλαβόμενοι","ἐπιλαβόμενοι","ἐπιλαμβάνομαι"
42,23,26,"N","ASM","⸂Σίμωνά","Σίμωνά","Σίμωνα","Σίμων"
42,23,26,"RI","ASM","τινα","τινα","τινά","τις"
42,23,26,"N","ASM","Κυρηναῖον","Κυρηναῖον","Κυρηναῖον","Κυρηναῖος"
42,23,26,"V","PMPASM","ἐρχόμενον⸃","ἐρχόμενον","ἐρχόμενον","ἔρχομαι"
42,23,26,"P",NULL,"ἀπ’","ἀπ’","ἀπό","ἀπό"
42,23,26,"N","GSM","ἀγροῦ","ἀγροῦ","ἀγροῦ","ἀγρός"
42,23,26,"V","3AAI-P","ἐπέθηκαν","ἐπέθηκαν","ἐπέθηκαν","ἐπιτίθημι"
42,23,26,"RP","DSM","αὐτῷ","αὐτῷ","αὐτῷ","αὐτός"
42,23,26,"RA","ASM","τὸν","τὸν","τόν","ὁ"
42,23,26,"N","ASM","σταυρὸν","σταυρὸν","σταυρόν","σταυρός"
42,23,26,"V","PAN","φέρειν","φέρειν","φέρειν","φέρω"
42,23,26,"P",NULL,"ὄπισθεν","ὄπισθεν","ὄπισθεν","ὄπισθεν"
42,23,26,"RA","GSM","τοῦ","τοῦ","τοῦ","ὁ"
42,23,26,"N","GSM","Ἰησοῦ.","Ἰησοῦ","Ἰησοῦ","Ἰησοῦς"
42,23,27,"V","3IAI-S","Ἠκολούθει","Ἠκολούθει","ἠκολούθει","ἀκολουθέω"
42,23,27,"C",NULL,"δὲ","δὲ","δέ","δέ"
42,23,27,"RP","DSM","αὐτῷ","αὐτῷ","αὐτῷ","αὐτός"
42,23,27,"A","NSN","πολὺ","πολὺ","πολύ","πολύς"
42,23,27,"N","NSN","πλῆθος","πλῆθος","πλῆθος","πλῆθος"
42,23,27,"RA","GSM","τοῦ","τοῦ","τοῦ","ὁ"
42,23,27,"N","GSM","λαοῦ","λαοῦ","λαοῦ","λαός"
42,23,27,"C",NULL,"καὶ","καὶ","καί","καί"
42,23,27,"N","GPF","γυναικῶν","γυναικῶν","γυναικῶν","γυνή"
42,23,27,"RR","NPF","⸀αἳ","αἳ","αἵ","ὅς"
42,23,27,"V","3IMI-P","ἐκόπτοντο","ἐκόπτοντο","ἐκόπτοντο","κόπτω"
42,23,27,"C",NULL,"καὶ","καὶ","καί","καί"
42,23,27,"V","3IAI-P","ἐθρήνουν","ἐθρήνουν","ἐθρήνουν","θρηνέω"
42,23,27,"RP","ASM","αὐτόν.","αὐτόν","αὐτόν","αὐτός"
42,23,28,"V","APPNSM","στραφεὶς","στραφεὶς","στραφείς","στρέφω"
42,23,28,"C",NULL,"δὲ","δὲ","δέ","δέ"
42,23,28,"P",NULL,"πρὸς","πρὸς","πρός","πρός"
42,23,28,"RP","APF","αὐτὰς","αὐτὰς","αὐτάς","αὐτός"
42,23,28,"RA","NSM","⸀ὁ","ὁ","ὁ","ὁ"
42,23,28,"N","NSM","Ἰησοῦς","Ἰησοῦς","Ἰησοῦς","Ἰησοῦς"
42,23,28,"V","3AAI-S","εἶπεν·","εἶπεν","εἶπε(ν)","λέγω"
42,23,28,"N","VPF","Θυγατέρες","Θυγατέρες","θυγατέρες","θυγάτηρ"
42,23,28,"N","GSF","Ἰερουσαλήμ,","Ἰερουσαλήμ","Ἰερουσαλήμ","Ἰερουσαλήμ"
42,23,28,"D",NULL,"μὴ","μὴ","μή","μή"
42,23,28,"V","2PAD-P","κλαίετε","κλαίετε","κλαίετε","κλαίω"
42,23,28,"P",NULL,"ἐπ’","ἐπ’","ἐπί","ἐπί"
42,23,28,"RP","AS","ἐμέ·","ἐμέ","ἐμέ","ἐγώ"
42,23,28,"C",NULL,"πλὴν","πλὴν","πλήν","πλήν"
42,23,28,"P",NULL,"ἐφ’","ἐφ’","ἐπί","ἐπί"
42,23,28,"RP","APF","ἑαυτὰς","ἑαυτὰς","ἑαυτάς","ἑαυτοῦ"
42,23,28,"V","2PAD-P","κλαίετε","κλαίετε","κλαίετε","κλαίω"
42,23,28,"C",NULL,"καὶ","καὶ","καί","καί"
42,23,28,"P",NULL,"ἐπὶ","ἐπὶ","ἐπί","ἐπί"
42,23,28,"RA","APN","τὰ","τὰ","τά","ὁ"
42,23,28,"N","APN","τέκνα","τέκνα","τέκνα","τέκνον"
42,23,28,"RP","GP","ὑμῶν,","ὑμῶν","ὑμῶν","σύ"
42,23,29,"C",NULL,"ὅτι","ὅτι","ὅτι","ὅτι"
42,23,29,"X",NULL,"ἰδοὺ","ἰδοὺ","ἰδού","ἰδού"
42,23,29,"V","3PMI-P","ἔρχονται","ἔρχονται","ἔρχονται","ἔρχομαι"
42,23,29,"N","NPF","ἡμέραι","ἡμέραι","ἡμέραι","ἡμέρα"
42,23,29,"P",NULL,"ἐν","ἐν","ἐν","ἐν"
42,23,29,"RR","DPF","αἷς","αἷς","αἷς","ὅς"
42,23,29,"V","3FAI-P","ἐροῦσιν","ἐροῦσιν","ἐροῦσι(ν)","λέγω"
42,23,29,"A","NPF","Μακάριαι","Μακάριαι","μακάριαι","μακάριος"
42,23,29,"RA","NPF","αἱ","αἱ","αἱ","ὁ"
42,23,29,"A","NPF","στεῖραι","στεῖραι","στεῖραι","στεῖρα"
42,23,29,"C",NULL,"καὶ","καὶ","καί","καί"
42,23,29,"RA","NPF","⸀αἱ","αἱ","αἱ","ὁ"
42,23,29,"N","NPF","κοιλίαι","κοιλίαι","κοιλίαι","κοιλία"
42,23,29,"RR","NPF","αἳ","αἳ","αἵ","ὅς"
42,23,29,"D",NULL,"οὐκ","οὐκ","οὐ","οὐ"
42,23,29,"V","3AAI-P","ἐγέννησαν","ἐγέννησαν","ἐγέννησαν","γεννάω"
42,23,29,"C",NULL,"καὶ","καὶ","καί","καί"
42,23,29,"N","NPM","μαστοὶ","μαστοὶ","μαστοί","μαστός"
42,23,29,"RR","NPM","οἳ","οἳ","οἵ","ὅς"
42,23,29,"D",NULL,"οὐκ","οὐκ","οὐ","οὐ"
42,23,29,"V","3AAI-P","⸀ἔθρεψαν.","ἔθρεψαν","ἔθρεψαν","τρέφω"
42,23,30,"D",NULL,"τότε","τότε","τότε","τότε"
42,23,30,"V","3FMI-P","ἄρξονται","ἄρξονται","ἄρξονται","ἄρχω"
42,23,30,"V","PAN","λέγειν","λέγειν","λέγειν","λέγω"
42,23,30,"RA","DPN","τοῖς","τοῖς","τοῖς","ὁ"
42,23,30,"N","DPN","ὄρεσιν·","ὄρεσιν","ὄρεσι(ν)","ὄρος"
42,23,30,"V","2AAD-P","Πέσετε","Πέσετε","πέσετε","πίπτω"
42,23,30,"P",NULL,"ἐφ’","ἐφ’","ἐπί","ἐπί"
42,23,30,"RP","AP","ἡμᾶς,","ἡμᾶς","ἡμᾶς","ἐγώ"
42,23,30,"C",NULL,"καὶ","καὶ","καί","καί"
42,23,30,"RA","DPM","τοῖς","τοῖς","τοῖς","ὁ"
42,23,30,"N","DPM","βουνοῖς·","βουνοῖς","βουνοῖς","βουνός"
42,23,30,"V","2AAD-P","Καλύψατε","Καλύψατε","καλύψατε","καλύπτω"
42,23,30,"RP","AP","ἡμᾶς·","ἡμᾶς","ἡμᾶς","ἐγώ"
42,23,31,"C",NULL,"ὅτι","ὅτι","ὅτι","ὅτι"
42,23,31,"C",NULL,"εἰ","εἰ","εἰ","εἰ"
42,23,31,"P",NULL,"ἐν","ἐν","ἐν","ἐν"
42,23,31,"RA","DSN","⸀τῷ","τῷ","τῷ","ὁ"
42,23,31,"A","DSN","ὑγρῷ","ὑγρῷ","ὑγρῷ","ὑγρός"
42,23,31,"N","DSN","ξύλῳ","ξύλῳ","ξύλῳ","ξύλον"
42,23,31,"RD","APN","ταῦτα","ταῦτα","ταῦτα","οὗτος"
42,23,31,"V","3PAI-P","ποιοῦσιν,","ποιοῦσιν","ποιοῦσι(ν)","ποιέω"
42,23,31,"P",NULL,"ἐν","ἐν","ἐν","ἐν"
42,23,31,"RA","DSN","τῷ","τῷ","τῷ","ὁ"
42,23,31,"A","DSN","ξηρῷ","ξηρῷ","ξηρῷ","ξηρός"
42,23,31,"RI","NSN","τί","τί","τί","τίς"
42,23,31,"V","3AMS-S","γένηται;","γένηται","γένηται","γίνομαι"
42,23,32,"V","3IPI-P","Ἤγοντο","Ἤγοντο","ἤγοντο","ἄγω"
42,23,32,"C",NULL,"δὲ","δὲ","δέ","δέ"
42,23,32,"D",NULL,"καὶ","καὶ","καί","καί"
42,23,32,"A","NPM","ἕτεροι","ἕτεροι","ἕτεροι","ἕτερος"
42,23,32,"A","NPM","⸂κακοῦργοι","κακοῦργοι","κακοῦργοι","κακοῦργος"
42,23,32,"A","NPM","δύο⸃","δύο","δύο","δύο"
42,23,32,"P",NULL,"σὺν","σὺν","σύν","σύν"
42,23,32,"RP","DSM","αὐτῷ","αὐτῷ","αὐτῷ","αὐτός"
42,23,32,"V","APN","ἀναιρεθῆναι.","ἀναιρεθῆναι","ἀναιρεθῆναι","ἀναιρέω"
42,23,33,"C",NULL,"καὶ","καὶ","καί","καί"
42,23,33,"C",NULL,"ὅτε","ὅτε","ὅτε","ὅτε"
42,23,33,"V","3AAI-P","⸀ἦλθον","ἦλθον","ἦλθον","ἔρχομαι"
42,23,33,"P",NULL,"ἐπὶ","ἐπὶ","ἐπί","ἐπί"
42,23,33,"RA","ASM","τὸν","τὸν","τόν","ὁ"
42,23,33,"N","ASM","τόπον","τόπον","τόπον","τόπος"
42,23,33,"RA","ASM","τὸν","τὸν","τόν","ὁ"
42,23,33,"V","PPPASM","καλούμενον","καλούμενον","καλούμενον","καλέω"
42,23,33,"N","ASN","Κρανίον,","Κρανίον","κρανίον","κρανίον"
42,23,33,"D",NULL,"ἐκεῖ","ἐκεῖ","ἐκεῖ","ἐκεῖ"
42,23,33,"V","3AAI-P","ἐσταύρωσαν","ἐσταύρωσαν","ἐσταύρωσαν","σταυρόω"
42,23,33,"RP","ASM","αὐτὸν","αὐτὸν","αὐτόν","αὐτός"
42,23,33,"C",NULL,"καὶ","καὶ","καί","καί"
42,23,33,"RA","APM","τοὺς","τοὺς","τούς","ὁ"
42,23,33,"A","APM","κακούργους,","κακούργους","κακούργους","κακοῦργος"
42,23,33,"RR","ASM","ὃν","ὃν","ὅν","ὅς"
42,23,33,"C",NULL,"μὲν","μὲν","μέν","μέν"
42,23,33,"P",NULL,"ἐκ","ἐκ","ἐκ","ἐκ"
42,23,33,"A","GPN","δεξιῶν","δεξιῶν","δεξιῶν","δεξιός"
42,23,33,"RR","ASM","ὃν","ὃν","ὅν","ὅς"
42,23,33,"C",NULL,"δὲ","δὲ","δέ","δέ"
42,23,33,"P",NULL,"ἐξ","ἐξ","ἐκ","ἐκ"
42,23,33,"A","GPN","ἀριστερῶν.","ἀριστερῶν","ἀριστερῶν","ἀριστερός"
42,23,34,"RA","NSM","⸂ὁ","ὁ","ὁ","ὁ"
42,23,34,"C",NULL,"δὲ","δὲ","δέ","δέ"
42,23,34,"N","NSM","Ἰησοῦς","Ἰησοῦς","Ἰησοῦς","Ἰησοῦς"
42,23,34,"V","3IAI-S","ἔλεγεν·","ἔλεγεν","ἔλεγε(ν)","λέγω"
42,23,34,"N","VSM","Πάτερ,","Πάτερ","πάτερ","πατήρ"
42,23,34,"V","2AAD-S","ἄφες","ἄφες","ἄφες","ἀφίημι"
42,23,34,"RP","DPM","αὐτοῖς,","αὐτοῖς","αὐτοῖς","αὐτός"
42,23,34,"D",NULL,"οὐ","οὐ","οὐ","οὐ"
42,23,34,"C",NULL,"γὰρ","γὰρ","γάρ","γάρ"
42,23,34,"V","3XAI-P","οἴδασιν","οἴδασιν","οἴδασι(ν)","οἶδα"
42,23,34,"RI","ASN","τί","τί","τί","τίς"
42,23,34,"V","3PAI-P","ποιοῦσιν.⸃","ποιοῦσιν","ποιοῦσι(ν)","ποιέω"
42,23,34,"V","PMPNPM","διαμεριζόμενοι","διαμεριζόμενοι","διαμεριζόμενοι","διαμερίζω"
42,23,34,"C",NULL,"δὲ","δὲ","δέ","δέ"
42,23,34,"RA","APN","τὰ","τὰ","τά","ὁ"
42,23,34,"N","APN","ἱμάτια","ἱμάτια","ἱμάτια","ἱμάτιον"
42,23,34,"RP","GSM","αὐτοῦ","αὐτοῦ","αὐτοῦ","αὐτός"
42,23,34,"V","3AAI-P","ἔβαλον","ἔβαλον","ἔβαλον","βάλλω"
42,23,34,"N","APM","⸀κλήρους.","κλήρους","κλήρους","κλῆρος"
42,23,35,"C",NULL,"καὶ","καὶ","καί","καί"
42,23,35,"V","3YAI-S","εἱστήκει","εἱστήκει","εἱστήκει","ἵστημι"
42,23,35,"RA","NSM","ὁ","ὁ","ὁ","ὁ"
42,23,35,"N","NSM","λαὸς","λαὸς","λαός","λαός"
42,23,35,"V","PAPNSM","θεωρῶν.","θεωρῶν","θεωρῶν","θεωρέω"
42,23,35,"V","3IAI-P","ἐξεμυκτήριζον","ἐξεμυκτήριζον","ἐξεμυκτήριζον","ἐκμυκτηρίζω"
42,23,35,"C",NULL,"δὲ","δὲ","δέ","δέ"
42,23,35,"D",NULL,"καὶ","καὶ","καί","καί"
42,23,35,"RA","NPM","οἱ","οἱ","οἱ","ὁ"
42,23,35,"N","NPM","⸀ἄρχοντες","ἄρχοντες","ἄρχοντες","ἄρχων"
42,23,35,"V","PAPNPM","λέγοντες·","λέγοντες","λέγοντες","λέγω"
42,23,35,"A","APM","Ἄλλους","Ἄλλους","ἄλλους","ἄλλος"
42,23,35,"V","3AAI-S","ἔσωσεν,","ἔσωσεν","ἔσωσε(ν)","σῴζω"
42,23,35,"V","3AAD-S","σωσάτω","σωσάτω","σωσάτω","σῴζω"
42,23,35,"RP","ASM","ἑαυτόν,","ἑαυτόν","ἑαυτόν","ἑαυτοῦ"
42,23,35,"C",NULL,"εἰ","εἰ","εἰ","εἰ"
42,23,35,"RD","NSM","οὗτός","οὗτός","οὗτος","οὗτος"
42,23,35,"V","3PAI-S","ἐστιν","ἐστιν","ἐστί(ν)","εἰμί"
42,23,35,"RA","NSM","ὁ","ὁ","ὁ","ὁ"
42,23,35,"N","NSM","χριστὸς","χριστὸς","Χριστός","Χριστός"
42,23,35,"RA","GSM","⸂τοῦ","τοῦ","τοῦ","ὁ"
42,23,35,"N","GSM","θεοῦ,","θεοῦ","θεοῦ","θεός"
42,23,35,"RA","NSM","ὁ⸃","ὁ","ὁ","ὁ"
42,23,35,"A","NSM","ἐκλεκτός.","ἐκλεκτός","ἐκλεκτός","ἐκλεκτός"
42,23,36,"V","3AAI-P","⸀ἐνέπαιξαν","ἐνέπαιξαν","ἐνέπαιξαν","ἐμπαίζω"
42,23,36,"C",NULL,"δὲ","δὲ","δέ","δέ"
42,23,36,"RP","DSM","αὐτῷ","αὐτῷ","αὐτῷ","αὐτός"
42,23,36,"D",NULL,"καὶ","καὶ","καί","καί"
42,23,36,"RA","NPM","οἱ","οἱ","οἱ","ὁ"
42,23,36,"N","NPM","στρατιῶται","στρατιῶται","στρατιῶται","στρατιώτης"
42,23,36,"V","PMPNPM","προσερχόμενοι,","προσερχόμενοι","προσερχόμενοι","προσέρχομαι"
42,23,36,"N","ASN","⸀ὄξος","ὄξος","ὄξος","ὄξος"
42,23,36,"V","PAPNPM","προσφέροντες","προσφέροντες","προσφέροντες","προσφέρω"
42,23,36,"RP","DSM","αὐτῷ","αὐτῷ","αὐτῷ","αὐτός"
42,23,37,"C",NULL,"καὶ","καὶ","καί","καί"
42,23,37,"V","PAPNPM","λέγοντες·","λέγοντες","λέγοντες","λέγω"
42,23,37,"C",NULL,"Εἰ","Εἰ","εἰ","εἰ"
42,23,37,"RP","NS","σὺ","σὺ","σύ","σύ"
42,23,37,"V","2PAI-S","εἶ","εἶ","εἶ","εἰμί"
42,23,37,"RA","NSM","ὁ","ὁ","ὁ","ὁ"
42,23,37,"N","NSM","βασιλεὺς","βασιλεὺς","βασιλεύς","βασιλεύς"
42,23,37,"RA","GPM","τῶν","τῶν","τῶν","ὁ"
42,23,37,"A","GPM","Ἰουδαίων,","Ἰουδαίων","Ἰουδαίων","Ἰουδαῖος"
42,23,37,"V","2AAD-S","σῶσον","σῶσον","σῶσον","σῴζω"
42,23,37,"RP","ASM","σεαυτόν.","σεαυτόν","σεαυτόν","σεαυτοῦ"
42,23,38,"V","3IAI-S","ἦν","ἦν","ἦν","εἰμί"
42,23,38,"C",NULL,"δὲ","δὲ","δέ","δέ"
42,23,38,"D",NULL,"καὶ","καὶ","καί","καί"
42,23,38,"N","NSF","⸀ἐπιγραφὴ","ἐπιγραφὴ","ἐπιγραφή","ἐπιγραφή"
42,23,38,"P",NULL,"ἐπ’","ἐπ’","ἐπί","ἐπί"
42,23,38,"RP","DSM","⸀αὐτῷ·","αὐτῷ","αὐτῷ","αὐτός"
42,23,38,"RA","NSM","Ὁ","Ὁ","ὁ","ὁ"
42,23,38,"N","NSM","βασιλεὺς","βασιλεὺς","βασιλεύς","βασιλεύς"
42,23,38,"RA","GPM","τῶν","τῶν","τῶν","ὁ"
42,23,38,"A","GPM","Ἰουδαίων","Ἰουδαίων","Ἰουδαίων","Ἰουδαῖος"
42,23,38,"RD","NSM","⸀οὗτος.","οὗτος","οὗτος","οὗτος"
42,23,39,"A","NSM","Εἷς","Εἷς","εἷς","εἷς"
42,23,39,"C",NULL,"δὲ","δὲ","δέ","δέ"
42,23,39,"RA","GPM","τῶν","τῶν","τῶν","ὁ"
42,23,39,"V","APPGPM","κρεμασθέντων","κρεμασθέντων","κρεμασθέντων","κρεμάννυμι"
42,23,39,"A","GPM","κακούργων","κακούργων","κακούργων","κακοῦργος"
42,23,39,"V","3IAI-S","ἐβλασφήμει","ἐβλασφήμει","ἐβλασφήμει","βλασφημέω"
42,23,39,"RP","ASM","αὐτόν","αὐτόν","αὐτόν","αὐτός"
42,23,39,"V","PAPNSM","⸀λέγων·","λέγων","λέγων","λέγω"
42,23,39,"X",NULL,"⸀Οὐχὶ","Οὐχὶ","οὐχί","οὐχί"
42,23,39,"RP","NS","σὺ","σὺ","σύ","σύ"
42,23,39,"V","2PAI-S","εἶ","εἶ","εἶ","εἰμί"
42,23,39,"RA","NSM","ὁ","ὁ","ὁ","ὁ"
42,23,39,"N","NSM","χριστός;","χριστός","Χριστός","Χριστός"
42,23,39,"V","2AAD-S","σῶσον","σῶσον","σῶσον","σῴζω"
42,23,39,"RP","ASM","σεαυτὸν","σεαυτὸν","σεαυτόν","σεαυτοῦ"
42,23,39,"C",NULL,"καὶ","καὶ","καί","καί"
42,23,39,"RP","AP","ἡμᾶς.","ἡμᾶς","ἡμᾶς","ἐγώ"
42,23,40,"V","APPNSM","ἀποκριθεὶς","ἀποκριθεὶς","ἀποκριθείς","ἀποκρίνομαι"
42,23,40,"C",NULL,"δὲ","δὲ","δέ","δέ"
42,23,40,"RA","NSM","ὁ","ὁ","ὁ","ὁ"
42,23,40,"A","NSM","ἕτερος","ἕτερος","ἕτερος","ἕτερος"
42,23,40,"V","PAPNSM","⸂ἐπιτιμῶν","ἐπιτιμῶν","ἐπιτιμῶν","ἐπιτιμάω"
42,23,40,"RP","DSM","αὐτῷ","αὐτῷ","αὐτῷ","αὐτός"
42,23,40,"V","3IAI-S","ἔφη⸃·","ἔφη","ἔφη","φημί"
42,23,40,"D",NULL,"Οὐδὲ","Οὐδὲ","οὐδέ","οὐδέ"
42,23,40,"V","2PMI-S","φοβῇ","φοβῇ","φοβῇ","φοβέομαι"
42,23,40,"RP","NS","σὺ","σὺ","σύ","σύ"
42,23,40,"RA","ASM","τὸν","τὸν","τόν","ὁ"
42,23,40,"N","ASM","θεόν,","θεόν","θεόν","θεός"
42,23,40,"C",NULL,"ὅτι","ὅτι","ὅτι","ὅτι"
42,23,40,"P",NULL,"ἐν","ἐν","ἐν","ἐν"
42,23,40,"RA","DSN","τῷ","τῷ","τῷ","ὁ"
42,23,40,"A","DSN","αὐτῷ","αὐτῷ","αὐτῷ","αὐτός"
42,23,40,"N","DSN","κρίματι","κρίματι","κρίματι","κρίμα"
42,23,40,"V","2PAI-S","εἶ;","εἶ","εἶ","εἰμί"
42,23,41,"C",NULL,"καὶ","καὶ","καί","καί"
42,23,41,"RP","NP","ἡμεῖς","ἡμεῖς","ἡμεῖς","ἐγώ"
42,23,41,"C",NULL,"μὲν","μὲν","μέν","μέν"
42,23,41,"D",NULL,"δικαίως,","δικαίως","δικαίως","δικαίως"
42,23,41,"A","APN","ἄξια","ἄξια","ἄξια","ἄξιος"
42,23,41,"C",NULL,"γὰρ","γὰρ","γάρ","γάρ"
42,23,41,"RR","GPN","ὧν","ὧν","ὧν","ὅς"
42,23,41,"V","1AAI-P","ἐπράξαμεν","ἐπράξαμεν","ἐπράξαμεν","πράσσω"
42,23,41,"V","1PAI-P","ἀπολαμβάνομεν·","ἀπολαμβάνομεν","ἀπολαμβάνομεν","ἀπολαμβάνω"
42,23,41,"RD","NSM","οὗτος","οὗτος","οὗτος","οὗτος"
42,23,41,"C",NULL,"δὲ","δὲ","δέ","δέ"
42,23,41,"A","ASN","οὐδὲν","οὐδὲν","οὐδέν","οὐδείς"
42,23,41,"A","ASN","ἄτοπον","ἄτοπον","ἄτοπον","ἄτοπος"
42,23,41,"V","3AAI-S","ἔπραξεν.","ἔπραξεν","ἔπραξε(ν)","πράσσω"
42,23,42,"C",NULL,"καὶ","καὶ","καί","καί"
42,23,42,"V","3IAI-S","⸀ἔλεγεν·","ἔλεγεν","ἔλεγε(ν)","λέγω"
42,23,42,"N","VSM","Ἰησοῦ,","Ἰησοῦ","Ἰησοῦ","Ἰησοῦς"
42,23,42,"V","2APD-S","μνήσθητί","μνήσθητί","μνήσθητι","μιμνῄσκομαι"
42,23,42,"RP","GS","⸀μου","μου","μου","ἐγώ"
42,23,42,"C",NULL,"ὅταν","ὅταν","ὅταν","ὅταν"
42,23,42,"V","2AAS-S","ἔλθῃς","ἔλθῃς","ἔλθῃς","ἔρχομαι"
42,23,42,"P",NULL,"⸂ἐν","ἐν","ἐν","ἐν"
42,23,42,"RA","DSF","τῇ","τῇ","τῇ","ὁ"
42,23,42,"N","DSF","βασιλείᾳ⸃","βασιλείᾳ","βασιλείᾳ","βασιλεία"
42,23,42,"RP","GS","σου.","σου","σου","σύ"
42,23,43,"C",NULL,"καὶ","καὶ","καί","καί"
42,23,43,"V","3AAI-S","εἶπεν","εἶπεν","εἶπε(ν)","λέγω"
42,23,43,"RP","DSM","⸀αὐτῷ·","αὐτῷ","αὐτῷ","αὐτός"
42,23,43,"X",NULL,"Ἀμήν","Ἀμήν","ἀμήν","ἀμήν"
42,23,43,"RP","DS","⸂σοι","σοι","σοι","σύ"
42,23,43,"V","1PAI-S","λέγω⸃","λέγω","λέγω","λέγω"
42,23,43,"D",NULL,"σήμερον","σήμερον","σήμερον","σήμερον"
42,23,43,"P",NULL,"μετ’","μετ’","μετά","μετά"
42,23,43,"RP","GS","ἐμοῦ","ἐμοῦ","ἐμοῦ","ἐγώ"
42,23,43,"V","2FMI-S","ἔσῃ","ἔσῃ","ἔσῃ","εἰμί"
42,23,43,"P",NULL,"ἐν","ἐν","ἐν","ἐν"
42,23,43,"RA","DSM","τῷ","τῷ","τῷ","ὁ"
42,23,43,"N","DSM","παραδείσῳ.","παραδείσῳ","παραδείσῳ","παράδεισος"
42,23,44,"C",NULL,"⸂Καὶ","Καὶ","καί","καί"
42,23,44,"V","3IAI-S","ἦν⸃","ἦν","ἦν","εἰμί"
42,23,44,"D",NULL,"⸀ἤδη","ἤδη","ἤδη","ἤδη"
42,23,44,"D",NULL,"ὡσεὶ","ὡσεὶ","ὡσεί","ὡσεί"
42,23,44,"N","NSF","ὥρα","ὥρα","ὥρα","ὥρα"
42,23,44,"A","NSF","ἕκτη","ἕκτη","ἕκτη","ἕκτος"
42,23,44,"C",NULL,"καὶ","καὶ","καί","καί"
42,23,44,"N","NSN","σκότος","σκότος","σκότος","σκότος"
42,23,44,"V","3AMI-S","ἐγένετο","ἐγένετο","ἐγένετο","γίνομαι"
42,23,44,"P",NULL,"ἐφ’","ἐφ’","ἐπί","ἐπί"
42,23,44,"A","ASF","ὅλην","ὅλην","ὅλην","ὅλος"
42,23,44,"RA","ASF","τὴν","τὴν","τήν","ὁ"
42,23,44,"N","ASF","γῆν","γῆν","γῆν","γῆ"
42,23,44,"P",NULL,"ἕως","ἕως","ἕως","ἕως"
42,23,44,"N","GSF","ὥρας","ὥρας","ὥρας","ὥρα"
42,23,44,"A","GSF","ἐνάτης","ἐνάτης","ἐνάτης","ἔνατος"
42,23,45,"RA","GSM","⸂τοῦ","τοῦ","τοῦ","ὁ"
42,23,45,"N","GSM","ἡλίου","ἡλίου","ἡλίου","ἥλιος"
42,23,45,"V","AAPGSM","ἐκλιπόντος⸃,","ἐκλιπόντος","ἐκλιπόντος","ἐκλείπω"
42,23,45,"V","3API-S","ἐσχίσθη","ἐσχίσθη","ἐσχίσθη","σχίζω"
42,23,45,"C",NULL,"⸀δὲ","δὲ","δέ","δέ"
42,23,45,"RA","NSN","τὸ","τὸ","τό","ὁ"
42,23,45,"N","NSN","καταπέτασμα","καταπέτασμα","καταπέτασμα","καταπέτασμα"
42,23,45,"RA","GSM","τοῦ","τοῦ","τοῦ","ὁ"
42,23,45,"N","GSM","ναοῦ","ναοῦ","ναοῦ","ναός"
42,23,45,"A","ASN","μέσον.","μέσον","μέσον","μέσος"
42,23,46,"C",NULL,"καὶ","καὶ","καί","καί"
42,23,46,"V","AAPNSM","φωνήσας","φωνήσας","φωνήσας","φωνέω"
42,23,46,"N","DSF","φωνῇ","φωνῇ","φωνῇ","φωνή"
42,23,46,"A","DSF","μεγάλῃ","μεγάλῃ","μεγάλῃ","μέγας"
42,23,46,"RA","NSM","ὁ","ὁ","ὁ","ὁ"
42,23,46,"N","NSM","Ἰησοῦς","Ἰησοῦς","Ἰησοῦς","Ἰησοῦς"
42,23,46,"V","3AAI-S","εἶπεν·","εἶπεν","εἶπε(ν)","λέγω"
42,23,46,"N","VSM","Πάτερ,","Πάτερ","πάτερ","πατήρ"
42,23,46,"P",NULL,"εἰς","εἰς","εἰς","εἰς"
42,23,46,"N","APF","χεῖράς","χεῖράς","χεῖρας","χείρ"
42,23,46,"RP","GS","σου","σου","σου","σύ"
42,23,46,"V","1PMI-S","⸀παρατίθεμαι","παρατίθεμαι","παρατίθεμαι","παρατίθημι"
42,23,46,"RA","ASN","τὸ","τὸ","τό","ὁ"
42,23,46,"N","ASN","πνεῦμά","πνεῦμά","πνεῦμα","πνεῦμα"
42,23,46,"RP","GS","μου.","μου","μου","ἐγώ"
42,23,46,"RD","ASN","⸂τοῦτο","τοῦτο","τοῦτο","οὗτος"
42,23,46,"C",NULL,"δὲ⸃","δὲ","δέ","δέ"
42,23,46,"V","AAPNSM","εἰπὼν","εἰπὼν","εἰπών","λέγω"
42,23,46,"V","3AAI-S","ἐξέπνευσεν.","ἐξέπνευσεν","ἐξέπνευσε(ν)","ἐκπνέω"
42,23,47,"V","AAPNSM","Ἰδὼν","Ἰδὼν","ἰδών","ὁράω"
42,23,47,"C",NULL,"δὲ","δὲ","δέ","δέ"
42,23,47,"RA","NSM","ὁ","ὁ","ὁ","ὁ"
42,23,47,"N","NSM","ἑκατοντάρχης","ἑκατοντάρχης","ἑκατοντάρχης","ἑκατοντάρχης"
42,23,47,"RA","ASN","τὸ","τὸ","τό","ὁ"
42,23,47,"V","AMPASN","γενόμενον","γενόμενον","γενόμενον","γίνομαι"
42,23,47,"V","3IAI-S","⸀ἐδόξαζεν","ἐδόξαζεν","ἐδόξαζε(ν)","δοξάζω"
42,23,47,"RA","ASM","τὸν","τὸν","τόν","ὁ"
42,23,47,"N","ASM","θεὸν","θεὸν","θεόν","θεός"
42,23,47,"V","PAPNSM","λέγων·","λέγων","λέγων","λέγω"
42,23,47,"D",NULL,"Ὄντως","Ὄντως","ὄντως","ὄντως"
42,23,47,"RA","NSM","ὁ","ὁ","ὁ","ὁ"
42,23,47,"N","NSM","ἄνθρωπος","ἄνθρωπος","ἄνθρωπος","ἄνθρωπος"
42,23,47,"RD","NSM","οὗτος","οὗτος","οὗτος","οὗτος"
42,23,47,"A","NSM","δίκαιος","δίκαιος","δίκαιος","δίκαιος"
42,23,47,"V","3IAI-S","ἦν.","ἦν","ἦν","εἰμί"
42,23,48,"C",NULL,"καὶ","καὶ","καί","καί"
42,23,48,"A","NPM","πάντες","πάντες","πάντες","πᾶς"
42,23,48,"RA","NPM","οἱ","οἱ","οἱ","ὁ"
42,23,48,"V","AMPNPM","συμπαραγενόμενοι","συμπαραγενόμενοι","συμπαραγενόμενοι","συμπαραγίνομαι"
42,23,48,"N","NPM","ὄχλοι","ὄχλοι","ὄχλοι","ὄχλος"
42,23,48,"P",NULL,"ἐπὶ","ἐπὶ","ἐπί","ἐπί"
42,23,48,"RA","ASF","τὴν","τὴν","τήν","ὁ"
42,23,48,"N","ASF","θεωρίαν","θεωρίαν","θεωρίαν","θεωρία"
42,23,48,"RD","ASF","ταύτην,","ταύτην","ταύτην","οὗτος"
42,23,48,"V","AAPNPM","⸀θεωρήσαντες","θεωρήσαντες","θεωρήσαντες","θεωρέω"
42,23,48,"RA","APN","τὰ","τὰ","τά","ὁ"
42,23,48,"V","AMPAPN","γενόμενα,","γενόμενα","γενόμενα","γίνομαι"
42,23,48,"V","PAPNPM","⸀τύπτοντες","τύπτοντες","τύπτοντες","τύπτω"
42,23,48,"RA","APN","τὰ","τὰ","τά","ὁ"
42,23,48,"N","APN","στήθη","στήθη","στήθη","στῆθος"
42,23,48,"V","3IAI-P","ὑπέστρεφον.","ὑπέστρεφον","ὑπέστρεφον","ὑποστρέφω"
42,23,49,"V","3YAI-P","εἱστήκεισαν","εἱστήκεισαν","εἱστήκεισαν","ἵστημι"
42,23,49,"C",NULL,"δὲ","δὲ","δέ","δέ"
42,23,49,"A","NPM","πάντες","πάντες","πάντες","πᾶς"
42,23,49,"RA","NPM","οἱ","οἱ","οἱ","ὁ"
42,23,49,"A","NPM","γνωστοὶ","γνωστοὶ","γνωστοί","γνωστός"
42,23,49,"RP","DSM","⸀αὐτῷ","αὐτῷ","αὐτῷ","αὐτός"
42,23,49,"D",NULL,"⸀μακρόθεν,","μακρόθεν","μακρόθεν","μακρόθεν"
42,23,49,"C",NULL,"καὶ","καὶ","καί","καί"
42,23,49,"N","NPF","γυναῖκες","γυναῖκες","γυναῖκες","γυνή"
42,23,49,"RA","NPF","αἱ","αἱ","αἱ","ὁ"
42,23,49,"V","PAPNPF","⸀συνακολουθοῦσαι","συνακολουθοῦσαι","συνακολουθοῦσαι","συνακολουθέω"
42,23,49,"RP","DSM","αὐτῷ","αὐτῷ","αὐτῷ","αὐτός"
42,23,49,"P",NULL,"ἀπὸ","ἀπὸ","ἀπό","ἀπό"
42,23,49,"RA","GSF","τῆς","τῆς","τῆς","ὁ"
42,23,49,"N","GSF","Γαλιλαίας,","Γαλιλαίας","Γαλιλαίας","Γαλιλαία"
42,23,49,"V","PAPNPF","ὁρῶσαι","ὁρῶσαι","ὁρῶσαι","ὁράω"
42,23,49,"RD","APN","ταῦτα.","ταῦτα","ταῦτα","οὗτος"
42,23,50,"C",NULL,"Καὶ","Καὶ","καί","καί"
42,23,50,"X",NULL,"ἰδοὺ","ἰδοὺ","ἰδού","ἰδού"
42,23,50,"N","NSM","ἀνὴρ","ἀνὴρ","ἀνήρ","ἀνήρ"
42,23,50,"N","DSN","ὀνόματι","ὀνόματι","ὀνόματι","ὄνομα"
42,23,50,"N","NSM","Ἰωσὴφ","Ἰωσὴφ","Ἰωσήφ","Ἰωσήφ"
42,23,50,"N","NSM","βουλευτὴς","βουλευτὴς","βουλευτής","βουλευτής"
42,23,50,"V","PAPNSM","ὑπάρχων,","ὑπάρχων","ὑπάρχων","ὑπάρχω"
42,23,50,"N","NSM","⸀ἀνὴρ","ἀνὴρ","ἀνήρ","ἀνήρ"
42,23,50,"A","NSM","ἀγαθὸς","ἀγαθὸς","ἀγαθός","ἀγαθός"
42,23,50,"C",NULL,"καὶ","καὶ","καί","καί"
42,23,50,"A","NSM","δίκαιος—","δίκαιος","δίκαιος","δίκαιος"
42,23,51,"RD","NSM","οὗτος","οὗτος","οὗτος","οὗτος"
42,23,51,"D",NULL,"οὐκ","οὐκ","οὐ","οὐ"
42,23,51,"V","3IAI-S","ἦν","ἦν","ἦν","εἰμί"
42,23,51,"V","XMPNSM","συγκατατεθειμένος","συγκατατεθειμένος","συγκατατεθειμένος","συγκατατίθεμαι"
42,23,51,"RA","DSF","τῇ","τῇ","τῇ","ὁ"
42,23,51,"N","DSF","βουλῇ","βουλῇ","βουλῇ","βουλή"
42,23,51,"C",NULL,"καὶ","καὶ","καί","καί"
42,23,51,"RA","DSF","τῇ","τῇ","τῇ","ὁ"
42,23,51,"N","DSF","πράξει","πράξει","πράξει","πρᾶξις"
42,23,51,"RP","GPM","αὐτῶν—","αὐτῶν","αὐτῶν","αὐτός"
42,23,51,"P",NULL,"ἀπὸ","ἀπὸ","ἀπό","ἀπό"
42,23,51,"N","GSF","Ἁριμαθαίας","Ἁριμαθαίας","Ἁριμαθαίας","Ἁριμαθαία"
42,23,51,"N","GSF","πόλεως","πόλεως","πόλεως","πόλις"
42,23,51,"RA","GPM","τῶν","τῶν","τῶν","ὁ"
42,23,51,"A","GPM","Ἰουδαίων,","Ἰουδαίων","Ἰουδαίων","Ἰουδαῖος"
42,23,51,"RR","NSM","ὃς","ὃς","ὅς","ὅς"
42,23,51,"V","3IMI-S","⸀προσεδέχετο","προσεδέχετο","προσεδέχετο","προσδέχομαι"
42,23,51,"RA","ASF","τὴν","τὴν","τήν","ὁ"
42,23,51,"N","ASF","βασιλείαν","βασιλείαν","βασιλείαν","βασιλεία"
42,23,51,"RA","GSM","τοῦ","τοῦ","τοῦ","ὁ"
42,23,51,"N","GSM","θεοῦ,","θεοῦ","θεοῦ","θεός"
42,23,52,"RD","NSM","οὗτος","οὗτος","οὗτος","οὗτος"
42,23,52,"V","AAPNSM","προσελθὼν","προσελθὼν","προσελθών","προσέρχομαι"
42,23,52,"RA","DSM","τῷ","τῷ","τῷ","ὁ"
42,23,52,"N","DSM","Πιλάτῳ","Πιλάτῳ","Πιλάτῳ","Πιλᾶτος"
42,23,52,"V","3AMI-S","ᾐτήσατο","ᾐτήσατο","ᾐτήσατο","αἰτέω"
42,23,52,"RA","ASN","τὸ","τὸ","τό","ὁ"
42,23,52,"N","ASN","σῶμα","σῶμα","σῶμα","σῶμα"
42,23,52,"RA","GSM","τοῦ","τοῦ","τοῦ","ὁ"
42,23,52,"N","GSM","Ἰησοῦ,","Ἰησοῦ","Ἰησοῦ","Ἰησοῦς"
42,23,53,"C",NULL,"καὶ","καὶ","καί","καί"
42,23,53,"V","AAPNSM","⸀καθελὼν","καθελὼν","καθελών","καθαιρέω"
42,23,53,"V","3AAI-S","ἐνετύλιξεν","ἐνετύλιξεν","ἐνετύλιξε(ν)","ἐντυλίσσω"
42,23,53,"RP","ASN","αὐτὸ","αὐτὸ","αὐτό","αὐτός"
42,23,53,"N","DSF","σινδόνι,","σινδόνι","σινδόνι","σινδών"
42,23,53,"C",NULL,"καὶ","καὶ","καί","καί"
42,23,53,"V","3AAI-S","ἔθηκεν","ἔθηκεν","ἔθηκε(ν)","τίθημι"
42,23,53,"RP","ASM","⸀αὐτὸν","αὐτὸν","αὐτόν","αὐτός"
42,23,53,"P",NULL,"ἐν","ἐν","ἐν","ἐν"
42,23,53,"N","DSN","μνήματι","μνήματι","μνήματι","μνῆμα"
42,23,53,"A","DSN","λαξευτῷ","λαξευτῷ","λαξευτῷ","λαξευτός"
42,23,53,"D",NULL,"οὗ","οὗ","οὗ","οὗ"
42,23,53,"D",NULL,"οὐκ","οὐκ","οὐ","οὐ"
42,23,53,"V","3IAI-S","ἦν","ἦν","ἦν","εἰμί"
42,23,53,"A","NSM","⸂οὐδεὶς","οὐδεὶς","οὐδείς","οὐδείς"
42,23,53,"D",NULL,"οὔπω⸃","οὔπω","οὔπω","οὔπω"
42,23,53,"V","PMPNSM","κείμενος.","κείμενος","κείμενος","κεῖμαι"
42,23,54,"C",NULL,"καὶ","καὶ","καί","καί"
42,23,54,"N","NSF","ἡμέρα","ἡμέρα","ἡμέρα","ἡμέρα"
42,23,54,"V","3IAI-S","ἦν","ἦν","ἦν","εἰμί"
42,23,54,"N","GSF","⸂παρασκευῆς,","παρασκευῆς","παρασκευῆς","παρασκευή"
42,23,54,"C",NULL,"καὶ⸃","καὶ","καί","καί"
42,23,54,"N","NSN","σάββατον","σάββατον","σάββατον","σάββατον"
42,23,54,"V","3IAI-S","ἐπέφωσκεν.","ἐπέφωσκεν","ἐπέφωσκε(ν)","ἐπιφώσκω"
42,23,55,"V","AAPNPF","κατακολουθήσασαι","κατακολουθήσασαι","κατακολουθήσασαι","κατακολουθέω"
42,23,55,"C",NULL,"δὲ","δὲ","δέ","δέ"
42,23,55,"RA","NPF","⸀αἱ","αἱ","αἱ","ὁ"
42,23,55,"N","NPF","γυναῖκες,","γυναῖκες","γυναῖκες","γυνή"
42,23,55,"RR","NPF","αἵτινες","αἵτινες","αἵτινες","ὅστις"
42,23,55,"V","3IAI-P","ἦσαν","ἦσαν","ἦσαν","εἰμί"
42,23,55,"V","XAPNPF","συνεληλυθυῖαι","συνεληλυθυῖαι","συνεληλυθυῖαι","συνέρχομαι"
42,23,55,"P",NULL,"⸂ἐκ","ἐκ","ἐκ","ἐκ"
42,23,55,"RA","GSF","τῆς","τῆς","τῆς","ὁ"
42,23,55,"N","GSF","Γαλιλαίας","Γαλιλαίας","Γαλιλαίας","Γαλιλαία"
42,23,55,"RP","DSM","αὐτῷ⸃,","αὐτῷ","αὐτῷ","αὐτός"
42,23,55,"V","3AMI-P","ἐθεάσαντο","ἐθεάσαντο","ἐθεάσαντο","θεάομαι"
42,23,55,"RA","ASN","τὸ","τὸ","τό","ὁ"
42,23,55,"N","ASN","μνημεῖον","μνημεῖον","μνημεῖον","μνημεῖον"
42,23,55,"C",NULL,"καὶ","καὶ","καί","καί"
42,23,55,"C",NULL,"ὡς","ὡς","ὡς","ὡς"
42,23,55,"V","3API-S","ἐτέθη","ἐτέθη","ἐτέθη","τίθημι"
42,23,55,"RA","NSN","τὸ","τὸ","τό","ὁ"
42,23,55,"N","NSN","σῶμα","σῶμα","σῶμα","σῶμα"
42,23,55,"RP","GSM","αὐτοῦ,","αὐτοῦ","αὐτοῦ","αὐτός"
42,23,56,"V","AAPNPF","ὑποστρέψασαι","ὑποστρέψασαι","ὑποστρέψασαι","ὑποστρέφω"
42,23,56,"C",NULL,"δὲ","δὲ","δέ","δέ"
42,23,56,"V","3AAI-P","ἡτοίμασαν","ἡτοίμασαν","ἡτοίμασαν","ἑτοιμάζω"
42,23,56,"N","APN","ἀρώματα","ἀρώματα","ἀρώματα","ἄρωμα"
42,23,56,"C",NULL,"καὶ","καὶ","καί","καί"
42,23,56,"N","APN","μύρα.","μύρα","μύρα","μύρον"
42,23,56,"C",NULL,"Καὶ","Καὶ","καί","καί"
42,23,56,"RA","ASN","τὸ","τὸ","τό","ὁ"
42,23,56,"C",NULL,"μὲν","μὲν","μέν","μέν"
42,23,56,"N","ASN","σάββατον","σάββατον","σάββατον","σάββατον"
42,23,56,"V","3AAI-P","ἡσύχασαν","ἡσύχασαν","ἡσύχασαν","ἡσυχάζω"
42,23,56,"P",NULL,"κατὰ","κατὰ","κατά","κατά"
42,23,56,"RA","ASF","τὴν","τὴν","τήν","ὁ"
42,23,56,"N","ASF","ἐντολήν,","ἐντολήν","ἐντολήν","ἐντολή"
42,24,01,"RA","DSF","τῇ","τῇ","τῇ","ὁ"
42,24,01,"C",NULL,"δὲ","δὲ","δέ","δέ"
42,24,01,"A","DSF","μιᾷ","μιᾷ","μιᾷ","εἷς"
42,24,01,"RA","GPN","τῶν","τῶν","τῶν","ὁ"
42,24,01,"N","GPN","σαββάτων","σαββάτων","σαββάτων","σάββατον"
42,24,01,"N","GSM","ὄρθρου","ὄρθρου","ὄρθρου","ὄρθρος"
42,24,01,"A","GSM","βαθέως","βαθέως","βαθέως","βαθύς"
42,24,01,"P",NULL,"⸂ἐπὶ","ἐπὶ","ἐπί","ἐπί"
42,24,01,"RA","ASN","τὸ","τὸ","τό","ὁ"
42,24,01,"N","ASN","μνῆμα","μνῆμα","μνῆμα","μνῆμα"
42,24,01,"V","3AAI-P","ἦλθον⸃","ἦλθον","ἦλθον","ἔρχομαι"
42,24,01,"V","PAPNPF","φέρουσαι","φέρουσαι","φέρουσαι","φέρω"
42,24,01,"RR","APN","ἃ","ἃ","ἅ","ὅς"
42,24,01,"V","3AAI-P","ἡτοίμασαν","ἡτοίμασαν","ἡτοίμασαν","ἑτοιμάζω"
42,24,01,"N","APN","⸀ἀρώματα.","ἀρώματα","ἀρώματα","ἄρωμα"
42,24,02,"V","3AAI-P","εὗρον","εὗρον","εὗρον","εὑρίσκω"
42,24,02,"C",NULL,"δὲ","δὲ","δέ","δέ"
42,24,02,"RA","ASM","τὸν","τὸν","τόν","ὁ"
42,24,02,"N","ASM","λίθον","λίθον","λίθον","λίθος"
42,24,02,"V","XPPASM","ἀποκεκυλισμένον","ἀποκεκυλισμένον","ἀποκεκυλισμένον","ἀποκυλίω"
42,24,02,"P",NULL,"ἀπὸ","ἀπὸ","ἀπό","ἀπό"
42,24,02,"RA","GSN","τοῦ","τοῦ","τοῦ","ὁ"
42,24,02,"N","GSN","μνημείου,","μνημείου","μνημείου","μνημεῖον"
42,24,03,"V","AAPNPF","⸂εἰσελθοῦσαι","εἰσελθοῦσαι","εἰσελθοῦσαι","εἰσέρχομαι"
42,24,03,"C",NULL,"δὲ⸃","δὲ","δέ","δέ"
42,24,03,"D",NULL,"οὐχ","οὐχ","οὐ","οὐ"
42,24,03,"V","3AAI-P","εὗρον","εὗρον","εὗρον","εὑρίσκω"
42,24,03,"RA","ASN","τὸ","τὸ","τό","ὁ"
42,24,03,"N","ASN","⸀σῶμα.","σῶμα","σῶμα","σῶμα"
42,24,04,"C",NULL,"καὶ","καὶ","καί","καί"
42,24,04,"V","3AMI-S","ἐγένετο","ἐγένετο","ἐγένετο","γίνομαι"
42,24,04,"P",NULL,"ἐν","ἐν","ἐν","ἐν"
42,24,04,"RA","DSN","τῷ","τῷ","τῷ","ὁ"
42,24,04,"V","PMN","⸀ἀπορεῖσθαι","ἀπορεῖσθαι","ἀπορεῖσθαι","ἀπορέω"
42,24,04,"RP","APF","αὐτὰς","αὐτὰς","αὐτάς","αὐτός"
42,24,04,"P",NULL,"περὶ","περὶ","περί","περί"
42,24,04,"RD","GSN","τούτου","τούτου","τούτου","οὗτος"
42,24,04,"C",NULL,"καὶ","καὶ","καί","καί"
42,24,04,"X",NULL,"ἰδοὺ","ἰδοὺ","ἰδού","ἰδού"
42,24,04,"N","NPM","ἄνδρες","ἄνδρες","ἄνδρες","ἀνήρ"
42,24,04,"A","NPM","δύο","δύο","δύο","δύο"
42,24,04,"V","3AAI-P","ἐπέστησαν","ἐπέστησαν","ἐπέστησαν","ἐφίστημι"
42,24,04,"RP","DPF","αὐταῖς","αὐταῖς","αὐταῖς","αὐτός"
42,24,04,"P",NULL,"ἐν","ἐν","ἐν","ἐν"
42,24,04,"N","DSF","⸂ἐσθῆτι","ἐσθῆτι","ἐσθῆτι","ἐσθής"
42,24,04,"V","PAPDSF","ἀστραπτούσῃ⸃.","ἀστραπτούσῃ","ἀστραπτούσῃ","ἀστράπτω"
42,24,05,"A","GPF","ἐμφόβων","ἐμφόβων","ἐμφόβων","ἔμφοβος"
42,24,05,"C",NULL,"δὲ","δὲ","δέ","δέ"
42,24,05,"V","AMPGPF","γενομένων","γενομένων","γενομένων","γίνομαι"
42,24,05,"RP","GPF","αὐτῶν","αὐτῶν","αὐτῶν","αὐτός"
42,24,05,"C",NULL,"καὶ","καὶ","καί","καί"
42,24,05,"V","PAPGPF","κλινουσῶν","κλινουσῶν","κλινουσῶν","κλίνω"
42,24,05,"RA","APN","⸂τὰ","τὰ","τά","ὁ"
42,24,05,"N","APN","πρόσωπα⸃","πρόσωπα","πρόσωπα","πρόσωπον"
42,24,05,"P",NULL,"εἰς","εἰς","εἰς","εἰς"
42,24,05,"RA","ASF","τὴν","τὴν","τήν","ὁ"
42,24,05,"N","ASF","γῆν","γῆν","γῆν","γῆ"
42,24,05,"V","3AAI-P","εἶπαν","εἶπαν","εἶπαν","λέγω"
42,24,05,"P",NULL,"πρὸς","πρὸς","πρός","πρός"
42,24,05,"RP","APF","αὐτάς·","αὐτάς","αὐτάς","αὐτός"
42,24,05,"RI","ASN","Τί","Τί","τί","τίς"
42,24,05,"V","2PAI-P","ζητεῖτε","ζητεῖτε","ζητεῖτε","ζητέω"
42,24,05,"RA","ASM","τὸν","τὸν","τόν","ὁ"
42,24,05,"V","PAPASM","ζῶντα","ζῶντα","ζῶντα","ζάω"
42,24,05,"P",NULL,"μετὰ","μετὰ","μετά","μετά"
42,24,05,"RA","GPM","τῶν","τῶν","τῶν","ὁ"
42,24,05,"A","GPM","νεκρῶν;","νεκρῶν","νεκρῶν","νεκρός"
42,24,06,"D",NULL,"⸂οὐκ","οὐκ","οὐ","οὐ"
42,24,06,"V","3PAI-S","ἔστιν","ἔστιν","ἐστί(ν)","εἰμί"
42,24,06,"D",NULL,"ὧδε,","ὧδε","ὧδε","ὧδε"
42,24,06,"C",NULL,"ἀλλὰ","ἀλλὰ","ἀλλά","ἀλλά"
42,24,06,"V","3API-S","ἠγέρθη.⸃","ἠγέρθη","ἠγέρθη","ἐγείρω"
42,24,06,"V","2APD-P","μνήσθητε","μνήσθητε","μνήσθητε","μιμνῄσκομαι"
42,24,06,"C",NULL,"ὡς","ὡς","ὡς","ὡς"
42,24,06,"V","3AAI-S","ἐλάλησεν","ἐλάλησεν","ἐλάλησε(ν)","λαλέω"
42,24,06,"RP","DP","ὑμῖν","ὑμῖν","ὑμῖν","σύ"
42,24,06,"D",NULL,"ἔτι","ἔτι","ἔτι","ἔτι"
42,24,06,"V","PAPNSM","ὢν","ὢν","ὤν","εἰμί"
42,24,06,"P",NULL,"ἐν","ἐν","ἐν","ἐν"
42,24,06,"RA","DSF","τῇ","τῇ","τῇ","ὁ"
42,24,06,"N","DSF","Γαλιλαίᾳ,","Γαλιλαίᾳ","Γαλιλαίᾳ","Γαλιλαία"
42,24,07,"V","PAPNSM","λέγων","λέγων","λέγων","λέγω"
42,24,07,"RA","ASM","⸂τὸν","τὸν","τόν","ὁ"
42,24,07,"N","ASM","υἱὸν","υἱὸν","υἱόν","υἱός"
42,24,07,"RA","GSM","τοῦ","τοῦ","τοῦ","ὁ"
42,24,07,"N","GSM","ἀνθρώπου","ἀνθρώπου","ἀνθρώπου","ἄνθρωπος"
42,24,07,"C",NULL,"ὅτι","ὅτι","ὅτι","ὅτι"
42,24,07,"V","3PAI-S","δεῖ⸃","δεῖ","δεῖ","δέω"
42,24,07,"V","APN","παραδοθῆναι","παραδοθῆναι","παραδοθῆναι","παραδίδωμι"
42,24,07,"P",NULL,"εἰς","εἰς","εἰς","εἰς"
42,24,07,"N","APF","χεῖρας","χεῖρας","χεῖρας","χείρ"
42,24,07,"N","GPM","ἀνθρώπων","ἀνθρώπων","ἀνθρώπων","ἄνθρωπος"
42,24,07,"A","GPM","ἁμαρτωλῶν","ἁμαρτωλῶν","ἁμαρτωλῶν","ἁμαρτωλός"
42,24,07,"C",NULL,"καὶ","καὶ","καί","καί"
42,24,07,"V","APN","σταυρωθῆναι","σταυρωθῆναι","σταυρωθῆναι","σταυρόω"
42,24,07,"C",NULL,"καὶ","καὶ","καί","καί"
42,24,07,"RA","DSF","τῇ","τῇ","τῇ","ὁ"
42,24,07,"A","DSF","τρίτῃ","τρίτῃ","τρίτῃ","τρίτος"
42,24,07,"N","DSF","ἡμέρᾳ","ἡμέρᾳ","ἡμέρᾳ","ἡμέρα"
42,24,07,"V","AAN","ἀναστῆναι.","ἀναστῆναι","ἀναστῆναι","ἀνίστημι"
42,24,08,"C",NULL,"καὶ","καὶ","καί","καί"
42,24,08,"V","3API-P","ἐμνήσθησαν","ἐμνήσθησαν","ἐμνήσθησαν","μιμνῄσκομαι"
42,24,08,"RA","GPN","τῶν","τῶν","τῶν","ὁ"
42,24,08,"N","GPN","ῥημάτων","ῥημάτων","ῥημάτων","ῥῆμα"
42,24,08,"RP","GSM","αὐτοῦ,","αὐτοῦ","αὐτοῦ","αὐτός"
42,24,09,"C",NULL,"καὶ","καὶ","καί","καί"
42,24,09,"V","AAPNPF","ὑποστρέψασαι","ὑποστρέψασαι","ὑποστρέψασαι","ὑποστρέφω"
42,24,09,"P",NULL,"ἀπὸ","ἀπὸ","ἀπό","ἀπό"
42,24,09,"RA","GSN","τοῦ","τοῦ","τοῦ","ὁ"
42,24,09,"N","GSN","μνημείου","μνημείου","μνημείου","μνημεῖον"
42,24,09,"V","3AAI-P","ἀπήγγειλαν","ἀπήγγειλαν","ἀπήγγειλαν","ἀπαγγέλλω"
42,24,09,"RD","APN","ταῦτα","ταῦτα","ταῦτα","οὗτος"
42,24,09,"A","APN","πάντα","πάντα","πάντα","πᾶς"
42,24,09,"RA","DPM","τοῖς","τοῖς","τοῖς","ὁ"
42,24,09,"A","DPM","ἕνδεκα","ἕνδεκα","ἕνδεκα","ἕνδεκα"
42,24,09,"C",NULL,"καὶ","καὶ","καί","καί"
42,24,09,"A","DPM","πᾶσιν","πᾶσιν","πᾶσι(ν)","πᾶς"
42,24,09,"RA","DPM","τοῖς","τοῖς","τοῖς","ὁ"
42,24,09,"A","DPM","λοιποῖς.","λοιποῖς","λοιποῖς","λοιπός"
42,24,10,"V","3IAI-P","ἦσαν","ἦσαν","ἦσαν","εἰμί"
42,24,10,"C",NULL,"δὲ","δὲ","δέ","δέ"
42,24,10,"RA","NSF","ἡ","ἡ","ἡ","ὁ"
42,24,10,"N","NSF","Μαγδαληνὴ","Μαγδαληνὴ","Μαγδαληνή","Μαγδαληνή"
42,24,10,"N","NSF","Μαρία","Μαρία","Μαρία","Μαρία"
42,24,10,"C",NULL,"καὶ","καὶ","καί","καί"
42,24,10,"N","NSF","Ἰωάννα","Ἰωάννα","Ἰωάννα","Ἰωάννα"
42,24,10,"C",NULL,"καὶ","καὶ","καί","καί"
42,24,10,"N","NSF","Μαρία","Μαρία","Μαρία","Μαρία"
42,24,10,"RA","NSF","⸀ἡ","ἡ","ἡ","ὁ"
42,24,10,"N","GSM","Ἰακώβου","Ἰακώβου","Ἰακώβου","Ἰάκωβος"
42,24,10,"C",NULL,"καὶ","καὶ","καί","καί"
42,24,10,"RA","NPF","αἱ","αἱ","αἱ","ὁ"
42,24,10,"A","NPF","λοιπαὶ","λοιπαὶ","λοιπαί","λοιπός"
42,24,10,"P",NULL,"σὺν","σὺν","σύν","σύν"
42,24,10,"RP","DPF","αὐταῖς·","αὐταῖς","αὐταῖς","αὐτός"
42,24,10,"V","3IAI-P","⸀ἔλεγον","ἔλεγον","ἔλεγον","λέγω"
42,24,10,"P",NULL,"πρὸς","πρὸς","πρός","πρός"
42,24,10,"RA","APM","τοὺς","τοὺς","τούς","ὁ"
42,24,10,"N","APM","ἀποστόλους","ἀποστόλους","ἀποστόλους","ἀπόστολος"
42,24,10,"RD","APN","ταῦτα.","ταῦτα","ταῦτα","οὗτος"
42,24,11,"C",NULL,"καὶ","καὶ","καί","καί"
42,24,11,"V","3API-P","ἐφάνησαν","ἐφάνησαν","ἐφάνησαν","φαίνω"
42,24,11,"P",NULL,"ἐνώπιον","ἐνώπιον","ἐνώπιον","ἐνώπιον"
42,24,11,"RP","GPM","αὐτῶν","αὐτῶν","αὐτῶν","αὐτός"
42,24,11,"C",NULL,"ὡσεὶ","ὡσεὶ","ὡσεί","ὡσεί"
42,24,11,"N","NSM","λῆρος","λῆρος","λῆρος","λῆρος"
42,24,11,"RA","NPN","τὰ","τὰ","τά","ὁ"
42,24,11,"N","NPN","ῥήματα","ῥήματα","ῥήματα","ῥῆμα"
42,24,11,"RD","NPN","⸀ταῦτα,","ταῦτα","ταῦτα","οὗτος"
42,24,11,"C",NULL,"καὶ","καὶ","καί","καί"
42,24,11,"V","3IAI-P","ἠπίστουν","ἠπίστουν","ἠπίστουν","ἀπιστέω"
42,24,11,"RP","DPF","αὐταῖς.","αὐταῖς","αὐταῖς","αὐτός"
42,24,12,"RA","NSM","⸂Ὁ","Ὁ","ὁ","ὁ"
42,24,12,"C",NULL,"δὲ","δὲ","δέ","δέ"
42,24,12,"N","NSM","Πέτρος","Πέτρος","Πέτρος","Πέτρος"
42,24,12,"V","AAPNSM","ἀναστὰς","ἀναστὰς","ἀναστάς","ἀνίστημι"
42,24,12,"V","3AAI-S","ἔδραμεν","ἔδραμεν","ἔδραμε(ν)","τρέχω"
42,24,12,"P",NULL,"ἐπὶ","ἐπὶ","ἐπί","ἐπί"
42,24,12,"RA","ASN","τὸ","τὸ","τό","ὁ"
42,24,12,"N","ASN","μνημεῖον·","μνημεῖον","μνημεῖον","μνημεῖον"
42,24,12,"C",NULL,"καὶ","καὶ","καί","καί"
42,24,12,"V","AAPNSM","παρακύψας","παρακύψας","παρακύψας","παρακύπτω"
42,24,12,"V","3PAI-S","βλέπει","βλέπει","βλέπει","βλέπω"
42,24,12,"RA","APN","τὰ","τὰ","τά","ὁ"
42,24,12,"N","APN","⸀ὀθόνια","ὀθόνια","ὀθόνια","ὀθόνιον"
42,24,12,"A","APN","μόνα·","μόνα","μόνα","μόνος"
42,24,12,"C",NULL,"καὶ","καὶ","καί","καί"
42,24,12,"V","3AAI-S","ἀπῆλθεν","ἀπῆλθεν","ἀπῆλθε(ν)","ἀπέρχομαι"
42,24,12,"P",NULL,"πρὸς","πρὸς","πρός","πρός"
42,24,12,"RP","ASM","⸀αὑτὸν","αὑτὸν","αὑτόν","ἑαυτοῦ"
42,24,12,"V","PAPNSM","θαυμάζων","θαυμάζων","θαυμάζων","θαυμάζω"
42,24,12,"RA","ASN","τὸ","τὸ","τό","ὁ"
42,24,12,"V","XAPASN","γεγονός.⸃","γεγονός","γεγονός","γίνομαι"
42,24,13,"C",NULL,"Καὶ","Καὶ","καί","καί"
42,24,13,"X",NULL,"ἰδοὺ","ἰδοὺ","ἰδού","ἰδού"
42,24,13,"A","NPM","δύο","δύο","δύο","δύο"
42,24,13,"P",NULL,"ἐξ","ἐξ","ἐκ","ἐκ"
42,24,13,"RP","GPM","αὐτῶν","αὐτῶν","αὐτῶν","αὐτός"
42,24,13,"P",NULL,"⸂ἐν","ἐν","ἐν","ἐν"
42,24,13,"RP","DSF","αὐτῇ","αὐτῇ","αὐτῇ","αὐτός"
42,24,13,"RA","DSF","τῇ","τῇ","τῇ","ὁ"
42,24,13,"N","DSF","ἡμέρᾳ","ἡμέρᾳ","ἡμέρᾳ","ἡμέρα"
42,24,13,"V","3IAI-P","ἦσαν","ἦσαν","ἦσαν","εἰμί"
42,24,13,"V","PMPNPM","πορευόμενοι⸃","πορευόμενοι","πορευόμενοι","πορεύομαι"
42,24,13,"P",NULL,"εἰς","εἰς","εἰς","εἰς"
42,24,13,"N","ASF","κώμην","κώμην","κώμην","κώμη"
42,24,13,"V","PAPASF","ἀπέχουσαν","ἀπέχουσαν","ἀπέχουσαν","ἀπέχω"
42,24,13,"N","APM","σταδίους","σταδίους","σταδίους","στάδιος"
42,24,13,"A","APM","ἑξήκοντα","ἑξήκοντα","ἑξήκοντα","ἑξήκοντα"
42,24,13,"P",NULL,"ἀπὸ","ἀπὸ","ἀπό","ἀπό"
42,24,13,"N","GSF","Ἰερουσαλήμ,","Ἰερουσαλήμ","Ἰερουσαλήμ","Ἰερουσαλήμ"
42,24,13,"RR","DSF","ᾗ","ᾗ","ᾗ","ὅς"
42,24,13,"N","NSN","ὄνομα","ὄνομα","ὄνομα","ὄνομα"
42,24,13,"N","NSF","Ἐμμαοῦς,","Ἐμμαοῦς","Ἐμμαοῦς","Ἐμμαοῦς"
42,24,14,"C",NULL,"καὶ","καὶ","καί","καί"
42,24,14,"RP","NPM","αὐτοὶ","αὐτοὶ","αὐτοί","αὐτός"
42,24,14,"V","3IAI-P","ὡμίλουν","ὡμίλουν","ὡμίλουν","ὁμιλέω"
42,24,14,"P",NULL,"πρὸς","πρὸς","πρός","πρός"
42,24,14,"RP","APM","ἀλλήλους","ἀλλήλους","ἀλλήλους","ἀλλήλων"
42,24,14,"P",NULL,"περὶ","περὶ","περί","περί"
42,24,14,"A","GPN","πάντων","πάντων","πάντων","πᾶς"
42,24,14,"RA","GPN","τῶν","τῶν","τῶν","ὁ"
42,24,14,"V","XAPGPN","συμβεβηκότων","συμβεβηκότων","συμβεβηκότων","συμβαίνω"
42,24,14,"RD","GPN","τούτων.","τούτων","τούτων","οὗτος"
42,24,15,"C",NULL,"καὶ","καὶ","καί","καί"
42,24,15,"V","3AMI-S","ἐγένετο","ἐγένετο","ἐγένετο","γίνομαι"
42,24,15,"P",NULL,"ἐν","ἐν","ἐν","ἐν"
42,24,15,"RA","DSN","τῷ","τῷ","τῷ","ὁ"
42,24,15,"V","PAN","ὁμιλεῖν","ὁμιλεῖν","ὁμιλεῖν","ὁμιλέω"
42,24,15,"RP","APM","αὐτοὺς","αὐτοὺς","αὐτούς","αὐτός"
42,24,15,"C",NULL,"καὶ","καὶ","καί","καί"
42,24,15,"V","PAN","συζητεῖν","συζητεῖν","συζητεῖν","συζητέω"
42,24,15,"C",NULL,"καὶ","καὶ","καί","καί"
42,24,15,"RP","NSM","⸀αὐτὸς","αὐτὸς","αὐτός","αὐτός"
42,24,15,"N","NSM","Ἰησοῦς","Ἰησοῦς","Ἰησοῦς","Ἰησοῦς"
42,24,15,"V","AAPNSM","ἐγγίσας","ἐγγίσας","ἐγγίσας","ἐγγίζω"
42,24,15,"V","3IMI-S","συνεπορεύετο","συνεπορεύετο","συνεπορεύετο","συμπορεύομαι"
42,24,15,"RP","DPM","αὐτοῖς,","αὐτοῖς","αὐτοῖς","αὐτός"
42,24,16,"RA","NPM","οἱ","οἱ","οἱ","ὁ"
42,24,16,"C",NULL,"δὲ","δὲ","δέ","δέ"
42,24,16,"N","NPM","ὀφθαλμοὶ","ὀφθαλμοὶ","ὀφθαλμοί","ὀφθαλμός"
42,24,16,"RP","GPM","αὐτῶν","αὐτῶν","αὐτῶν","αὐτός"
42,24,16,"V","3IPI-P","ἐκρατοῦντο","ἐκρατοῦντο","ἐκρατοῦντο","κρατέω"
42,24,16,"RA","GSN","τοῦ","τοῦ","τοῦ","ὁ"
42,24,16,"D",NULL,"μὴ","μὴ","μή","μή"
42,24,16,"V","AAN","ἐπιγνῶναι","ἐπιγνῶναι","ἐπιγνῶναι","ἐπιγινώσκω"
42,24,16,"RP","ASM","αὐτόν.","αὐτόν","αὐτόν","αὐτός"
42,24,17,"V","3AAI-S","εἶπεν","εἶπεν","εἶπε(ν)","λέγω"
42,24,17,"C",NULL,"δὲ","δὲ","δέ","δέ"
42,24,17,"P",NULL,"πρὸς","πρὸς","πρός","πρός"
42,24,17,"RP","APM","αὐτούς·","αὐτούς","αὐτούς","αὐτός"
42,24,17,"RI","NPM","Τίνες","Τίνες","τίνες","τίς"
42,24,17,"RA","NPM","οἱ","οἱ","οἱ","ὁ"
42,24,17,"N","NPM","λόγοι","λόγοι","λόγοι","λόγος"
42,24,17,"RD","NPM","οὗτοι","οὗτοι","οὗτοι","οὗτος"
42,24,17,"RR","APM","οὓς","οὓς","οὕς","ὅς"
42,24,17,"V","2PAI-P","ἀντιβάλλετε","ἀντιβάλλετε","ἀντιβάλλετε","ἀντιβάλλω"
42,24,17,"P",NULL,"πρὸς","πρὸς","πρός","πρός"
42,24,17,"RP","APM","ἀλλήλους","ἀλλήλους","ἀλλήλους","ἀλλήλων"
42,24,17,"V","PAPNPM","περιπατοῦντες;","περιπατοῦντες","περιπατοῦντες","περιπατέω"
42,24,17,"C",NULL,"καὶ","καὶ","καί","καί"
42,24,17,"V","3API-P","⸀ἐστάθησαν","ἐστάθησαν","ἐστάθησαν","ἵστημι"
42,24,17,"A","NPM","σκυθρωποί.","σκυθρωποί","σκυθρωποί","σκυθρωπός"
42,24,18,"V","APPNSM","ἀποκριθεὶς","ἀποκριθεὶς","ἀποκριθείς","ἀποκρίνομαι"
42,24,18,"C",NULL,"δὲ","δὲ","δέ","δέ"
42,24,18,"A","NSM","⸂εἷς","εἷς","εἷς","εἷς"
42,24,18,"N","DSN","ὀνόματι⸃","ὀνόματι","ὀνόματι","ὄνομα"
42,24,18,"N","NSM","Κλεοπᾶς","Κλεοπᾶς","Κλεοπᾶς","Κλεοπᾶς"
42,24,18,"V","3AAI-S","εἶπεν","εἶπεν","εἶπε(ν)","λέγω"
42,24,18,"P",NULL,"πρὸς","πρὸς","πρός","πρός"
42,24,18,"RP","ASM","αὐτόν·","αὐτόν","αὐτόν","αὐτός"
42,24,18,"RP","NS","Σὺ","Σὺ","σύ","σύ"
42,24,18,"A","NSM","μόνος","μόνος","μόνος","μόνος"
42,24,18,"V","2PAI-S","παροικεῖς","παροικεῖς","παροικεῖς","παροικέω"
42,24,18,"N","ASF","Ἰερουσαλὴμ","Ἰερουσαλὴμ","Ἰερουσαλήμ","Ἰερουσαλήμ"
42,24,18,"C",NULL,"καὶ","καὶ","καί","καί"
42,24,18,"D",NULL,"οὐκ","οὐκ","οὐ","οὐ"
42,24,18,"V","2AAI-S","ἔγνως","ἔγνως","ἔγνως","γινώσκω"
42,24,18,"RA","APN","τὰ","τὰ","τά","ὁ"
42,24,18,"V","AMPAPN","γενόμενα","γενόμενα","γενόμενα","γίνομαι"
42,24,18,"P",NULL,"ἐν","ἐν","ἐν","ἐν"
42,24,18,"RP","DSF","αὐτῇ","αὐτῇ","αὐτῇ","αὐτός"
42,24,18,"P",NULL,"ἐν","ἐν","ἐν","ἐν"
42,24,18,"RA","DPF","ταῖς","ταῖς","ταῖς","ὁ"
42,24,18,"N","DPF","ἡμέραις","ἡμέραις","ἡμέραις","ἡμέρα"
42,24,18,"RD","DPF","ταύταις;","ταύταις","ταύταις","οὗτος"
42,24,19,"C",NULL,"καὶ","καὶ","καί","καί"
42,24,19,"V","3AAI-S","εἶπεν","εἶπεν","εἶπε(ν)","λέγω"
42,24,19,"RP","DPM","αὐτοῖς·","αὐτοῖς","αὐτοῖς","αὐτός"
42,24,19,"RI","APN","Ποῖα;","Ποῖα","ποῖα","ποῖος"
42,24,19,"RA","NPM","οἱ","οἱ","οἱ","ὁ"
42,24,19,"C",NULL,"δὲ","δὲ","δέ","δέ"
42,24,19,"V","3AAI-P","εἶπαν","εἶπαν","εἶπαν","λέγω"
42,24,19,"RP","DSM","αὐτῷ·","αὐτῷ","αὐτῷ","αὐτός"
42,24,19,"RA","APN","Τὰ","Τὰ","τά","ὁ"
42,24,19,"P",NULL,"περὶ","περὶ","περί","περί"
42,24,19,"N","GSM","Ἰησοῦ","Ἰησοῦ","Ἰησοῦ","Ἰησοῦς"
42,24,19,"RA","GSM","τοῦ","τοῦ","τοῦ","ὁ"
42,24,19,"A","GSM","⸀Ναζαρηνοῦ,","Ναζαρηνοῦ","Ναζαρηνοῦ","Ναζαρηνός"
42,24,19,"RR","NSM","ὃς","ὃς","ὅς","ὅς"
42,24,19,"V","3AMI-S","ἐγένετο","ἐγένετο","ἐγένετο","γίνομαι"
42,24,19,"N","NSM","ἀνὴρ","ἀνὴρ","ἀνήρ","ἀνήρ"
42,24,19,"N","NSM","προφήτης","προφήτης","προφήτης","προφήτης"
42,24,19,"A","NSM","δυνατὸς","δυνατὸς","δυνατός","δυνατός"
42,24,19,"P",NULL,"ἐν","ἐν","ἐν","ἐν"
42,24,19,"N","DSN","ἔργῳ","ἔργῳ","ἔργῳ","ἔργον"
42,24,19,"C",NULL,"καὶ","καὶ","καί","καί"
42,24,19,"N","DSM","λόγῳ","λόγῳ","λόγῳ","λόγος"
42,24,19,"P",NULL,"ἐναντίον","ἐναντίον","ἐναντίον","ἐναντίον"
42,24,19,"RA","GSM","τοῦ","τοῦ","τοῦ","ὁ"
42,24,19,"N","GSM","θεοῦ","θεοῦ","θεοῦ","θεός"
42,24,19,"C",NULL,"καὶ","καὶ","καί","καί"
42,24,19,"A","GSM","παντὸς","παντὸς","παντός","πᾶς"
42,24,19,"RA","GSM","τοῦ","τοῦ","τοῦ","ὁ"
42,24,19,"N","GSM","λαοῦ,","λαοῦ","λαοῦ","λαός"
42,24,20,"D",NULL,"ὅπως","ὅπως","ὅπως","ὅπως"
42,24,20,"C",NULL,"τε","τε","τέ","τέ"
42,24,20,"V","3AAI-P","παρέδωκαν","παρέδωκαν","παρέδωκαν","παραδίδωμι"
42,24,20,"RP","ASM","αὐτὸν","αὐτὸν","αὐτόν","αὐτός"
42,24,20,"RA","NPM","οἱ","οἱ","οἱ","ὁ"
42,24,20,"N","NPM","ἀρχιερεῖς","ἀρχιερεῖς","ἀρχιερεῖς","ἀρχιερεύς"
42,24,20,"C",NULL,"καὶ","καὶ","καί","καί"
42,24,20,"RA","NPM","οἱ","οἱ","οἱ","ὁ"
42,24,20,"N","NPM","ἄρχοντες","ἄρχοντες","ἄρχοντες","ἄρχων"
42,24,20,"RP","GP","ἡμῶν","ἡμῶν","ἡμῶν","ἐγώ"
42,24,20,"P",NULL,"εἰς","εἰς","εἰς","εἰς"
42,24,20,"N","ASN","κρίμα","κρίμα","κρίμα","κρίμα"
42,24,20,"N","GSM","θανάτου","θανάτου","θανάτου","θάνατος"
42,24,20,"C",NULL,"καὶ","καὶ","καί","καί"
42,24,20,"V","3AAI-P","ἐσταύρωσαν","ἐσταύρωσαν","ἐσταύρωσαν","σταυρόω"
42,24,20,"RP","ASM","αὐτόν.","αὐτόν","αὐτόν","αὐτός"
42,24,21,"RP","NP","ἡμεῖς","ἡμεῖς","ἡμεῖς","ἐγώ"
42,24,21,"C",NULL,"δὲ","δὲ","δέ","δέ"
42,24,21,"V","1IAI-P","ἠλπίζομεν","ἠλπίζομεν","ἠλπίζομεν","ἐλπίζω"
42,24,21,"C",NULL,"ὅτι","ὅτι","ὅτι","ὅτι"
42,24,21,"RP","NSM","αὐτός","αὐτός","αὐτός","αὐτός"
42,24,21,"V","3PAI-S","ἐστιν","ἐστιν","ἐστί(ν)","εἰμί"
42,24,21,"RA","NSM","ὁ","ὁ","ὁ","ὁ"
42,24,21,"V","PAPNSM","μέλλων","μέλλων","μέλλων","μέλλω"
42,24,21,"V","PMN","λυτροῦσθαι","λυτροῦσθαι","λυτροῦσθαι","λυτρόομαι"
42,24,21,"RA","ASM","τὸν","τὸν","τόν","ὁ"
42,24,21,"N","ASM","Ἰσραήλ·","Ἰσραήλ","Ἰσραήλ","Ἰσραήλ"
42,24,21,"C",NULL,"ἀλλά","ἀλλά","ἀλλά","ἀλλά"
42,24,21,"X",NULL,"γε","γε","γέ","γέ"
42,24,21,"D",NULL,"⸀καὶ","καὶ","καί","καί"
42,24,21,"P",NULL,"σὺν","σὺν","σύν","σύν"
42,24,21,"A","DPN","πᾶσιν","πᾶσιν","πᾶσι(ν)","πᾶς"
42,24,21,"RD","DPN","τούτοις","τούτοις","τούτοις","οὗτος"
42,24,21,"A","ASF","τρίτην","τρίτην","τρίτην","τρίτος"
42,24,21,"RD","ASF","ταύτην","ταύτην","ταύτην","οὗτος"
42,24,21,"N","ASF","ἡμέραν","ἡμέραν","ἡμέραν","ἡμέρα"
42,24,21,"V","3PAI-S","⸀ἄγει","ἄγει","ἄγει","ἄγω"
42,24,21,"P",NULL,"ἀφ’","ἀφ’","ἀπό","ἀπό"
42,24,21,"RR","GSM","οὗ","οὗ","οὗ","ὅς"
42,24,21,"RD","NPN","ταῦτα","ταῦτα","ταῦτα","οὗτος"
42,24,21,"V","3AMI-S","ἐγένετο.","ἐγένετο","ἐγένετο","γίνομαι"
42,24,22,"C",NULL,"ἀλλὰ","ἀλλὰ","ἀλλά","ἀλλά"
42,24,22,"D",NULL,"καὶ","καὶ","καί","καί"
42,24,22,"N","NPF","γυναῖκές","γυναῖκές","γυναῖκες","γυνή"
42,24,22,"RI","NPF","τινες","τινες","τινές","τις"
42,24,22,"P",NULL,"ἐξ","ἐξ","ἐκ","ἐκ"
42,24,22,"RP","GP","ἡμῶν","ἡμῶν","ἡμῶν","ἐγώ"
42,24,22,"V","3AAI-P","ἐξέστησαν","ἐξέστησαν","ἐξέστησαν","ἐξίστημι"
42,24,22,"RP","AP","ἡμᾶς,","ἡμᾶς","ἡμᾶς","ἐγώ"
42,24,22,"V","AMPNPF","γενόμεναι","γενόμεναι","γενόμεναι","γίνομαι"
42,24,22,"A","NPF","⸀ὀρθριναὶ","ὀρθριναὶ","ὀρθριναί","ὀρθρινός"
42,24,22,"P",NULL,"ἐπὶ","ἐπὶ","ἐπί","ἐπί"
42,24,22,"RA","ASN","τὸ","τὸ","τό","ὁ"
42,24,22,"N","ASN","μνημεῖον","μνημεῖον","μνημεῖον","μνημεῖον"
42,24,23,"C",NULL,"καὶ","καὶ","καί","καί"
42,24,23,"D",NULL,"μὴ","μὴ","μή","μή"
42,24,23,"V","AAPNPF","εὑροῦσαι","εὑροῦσαι","εὑροῦσαι","εὑρίσκω"
42,24,23,"RA","ASN","τὸ","τὸ","τό","ὁ"
42,24,23,"N","ASN","σῶμα","σῶμα","σῶμα","σῶμα"
42,24,23,"RP","GSM","αὐτοῦ","αὐτοῦ","αὐτοῦ","αὐτός"
42,24,23,"V","3AAI-P","ἦλθον","ἦλθον","ἦλθον","ἔρχομαι"
42,24,23,"V","PAPNPF","λέγουσαι","λέγουσαι","λέγουσαι","λέγω"
42,24,23,"D",NULL,"καὶ","καὶ","καί","καί"
42,24,23,"N","ASF","ὀπτασίαν","ὀπτασίαν","ὀπτασίαν","ὀπτασία"
42,24,23,"N","GPM","ἀγγέλων","ἀγγέλων","ἀγγέλων","ἄγγελος"
42,24,23,"V","XAN","ἑωρακέναι,","ἑωρακέναι","ἑωρακέναι","ὁράω"
42,24,23,"RR","NPM","οἳ","οἳ","οἵ","ὅς"
42,24,23,"V","3PAI-P","λέγουσιν","λέγουσιν","λέγουσι(ν)","λέγω"
42,24,23,"RP","ASM","αὐτὸν","αὐτὸν","αὐτόν","αὐτός"
42,24,23,"V","PAN","ζῆν.","ζῆν","ζῆν","ζάω"
42,24,24,"C",NULL,"καὶ","καὶ","καί","καί"
42,24,24,"V","3AAI-P","ἀπῆλθόν","ἀπῆλθόν","ἀπῆλθον","ἀπέρχομαι"
42,24,24,"RI","NPM","τινες","τινες","τινές","τις"
42,24,24,"RA","GPM","τῶν","τῶν","τῶν","ὁ"
42,24,24,"P",NULL,"σὺν","σὺν","σύν","σύν"
42,24,24,"RP","DP","ἡμῖν","ἡμῖν","ἡμῖν","ἐγώ"
42,24,24,"P",NULL,"ἐπὶ","ἐπὶ","ἐπί","ἐπί"
42,24,24,"RA","ASN","τὸ","τὸ","τό","ὁ"
42,24,24,"N","ASN","μνημεῖον,","μνημεῖον","μνημεῖον","μνημεῖον"
42,24,24,"C",NULL,"καὶ","καὶ","καί","καί"
42,24,24,"V","3AAI-P","εὗρον","εὗρον","εὗρον","εὑρίσκω"
42,24,24,"D",NULL,"οὕτως","οὕτως","οὕτω(ς)","οὕτω(ς)"
42,24,24,"C",NULL,"καθὼς","καθὼς","καθώς","καθώς"
42,24,24,"D",NULL,"⸀καὶ","καὶ","καί","καί"
42,24,24,"RA","NPF","αἱ","αἱ","αἱ","ὁ"
42,24,24,"N","NPF","γυναῖκες","γυναῖκες","γυναῖκες","γυνή"
42,24,24,"V","3AAI-P","εἶπον,","εἶπον","εἶπον","λέγω"
42,24,24,"RP","ASM","αὐτὸν","αὐτὸν","αὐτόν","αὐτός"
42,24,24,"C",NULL,"δὲ","δὲ","δέ","δέ"
42,24,24,"D",NULL,"οὐκ","οὐκ","οὐ","οὐ"
42,24,24,"V","3AAI-P","εἶδον.","εἶδον","εἶδον","ὁράω"
42,24,25,"C",NULL,"καὶ","καὶ","καί","καί"
42,24,25,"RP","NSM","αὐτὸς","αὐτὸς","αὐτός","αὐτός"
42,24,25,"V","3AAI-S","εἶπεν","εἶπεν","εἶπε(ν)","λέγω"
42,24,25,"P",NULL,"πρὸς","πρὸς","πρός","πρός"
42,24,25,"RP","APM","αὐτούς·","αὐτούς","αὐτούς","αὐτός"
42,24,25,"X",NULL,"Ὦ","Ὦ","ὦ","ὦ"
42,24,25,"A","VPM","ἀνόητοι","ἀνόητοι","ἀνόητοι","ἀνόητος"
42,24,25,"C",NULL,"καὶ","καὶ","καί","καί"
42,24,25,"A","VPM","βραδεῖς","βραδεῖς","βραδεῖς","βραδύς"
42,24,25,"RA","DSF","τῇ","τῇ","τῇ","ὁ"
42,24,25,"N","DSF","καρδίᾳ","καρδίᾳ","καρδίᾳ","καρδία"
42,24,25,"RA","GSN","τοῦ","τοῦ","τοῦ","ὁ"
42,24,25,"V","PAN","πιστεύειν","πιστεύειν","πιστεύειν","πιστεύω"
42,24,25,"P",NULL,"ἐπὶ","ἐπὶ","ἐπί","ἐπί"
42,24,25,"A","DPN","πᾶσιν","πᾶσιν","πᾶσι(ν)","πᾶς"
42,24,25,"RR","DPN","οἷς","οἷς","οἷς","ὅς"
42,24,25,"V","3AAI-P","ἐλάλησαν","ἐλάλησαν","ἐλάλησαν","λαλέω"
42,24,25,"RA","NPM","οἱ","οἱ","οἱ","ὁ"
42,24,25,"N","NPM","προφῆται·","προφῆται","προφῆται","προφήτης"
42,24,26,"X",NULL,"οὐχὶ","οὐχὶ","οὐχί","οὐχί"
42,24,26,"RD","APN","ταῦτα","ταῦτα","ταῦτα","οὗτος"
42,24,26,"V","3IAI-S","ἔδει","ἔδει","ἔδει","δέω"
42,24,26,"V","AAN","παθεῖν","παθεῖν","παθεῖν","πάσχω"
42,24,26,"RA","ASM","τὸν","τὸν","τόν","ὁ"
42,24,26,"N","ASM","χριστὸν","χριστὸν","Χριστόν","Χριστός"
42,24,26,"C",NULL,"καὶ","καὶ","καί","καί"
42,24,26,"V","AAN","εἰσελθεῖν","εἰσελθεῖν","εἰσελθεῖν","εἰσέρχομαι"
42,24,26,"P",NULL,"εἰς","εἰς","εἰς","εἰς"
42,24,26,"RA","ASF","τὴν","τὴν","τήν","ὁ"
42,24,26,"N","ASF","δόξαν","δόξαν","δόξαν","δόξα"
42,24,26,"RP","GSM","αὐτοῦ;","αὐτοῦ","αὐτοῦ","αὐτός"
42,24,27,"C",NULL,"καὶ","καὶ","καί","καί"
42,24,27,"V","AMPNSM","ἀρξάμενος","ἀρξάμενος","ἀρξάμενος","ἄρχω"
42,24,27,"P",NULL,"ἀπὸ","ἀπὸ","ἀπό","ἀπό"
42,24,27,"N","GSM","Μωϋσέως","Μωϋσέως","Μωϋσέως","Μωϋσῆς"
42,24,27,"C",NULL,"καὶ","καὶ","καί","καί"
42,24,27,"P",NULL,"ἀπὸ","ἀπὸ","ἀπό","ἀπό"
42,24,27,"A","GPM","πάντων","πάντων","πάντων","πᾶς"
42,24,27,"RA","GPM","τῶν","τῶν","τῶν","ὁ"
42,24,27,"N","GPM","προφητῶν","προφητῶν","προφητῶν","προφήτης"
42,24,27,"V","3AAI-S","⸀διερμήνευσεν","διερμήνευσεν","διερμήνευσε(ν)","διερμηνεύω"
42,24,27,"RP","DPM","αὐτοῖς","αὐτοῖς","αὐτοῖς","αὐτός"
42,24,27,"P",NULL,"ἐν","ἐν","ἐν","ἐν"
42,24,27,"A","DPF","πάσαις","πάσαις","πάσαις","πᾶς"
42,24,27,"RA","DPF","ταῖς","ταῖς","ταῖς","ὁ"
42,24,27,"N","DPF","γραφαῖς","γραφαῖς","γραφαῖς","γραφή"
42,24,27,"RA","APN","τὰ","τὰ","τά","ὁ"
42,24,27,"P",NULL,"περὶ","περὶ","περί","περί"
42,24,27,"RP","GSM","⸀ἑαυτοῦ.","ἑαυτοῦ","ἑαυτοῦ","ἑαυτοῦ"
42,24,28,"C",NULL,"Καὶ","Καὶ","καί","καί"
42,24,28,"V","3AAI-P","ἤγγισαν","ἤγγισαν","ἤγγισαν","ἐγγίζω"
42,24,28,"P",NULL,"εἰς","εἰς","εἰς","εἰς"
42,24,28,"RA","ASF","τὴν","τὴν","τήν","ὁ"
42,24,28,"N","ASF","κώμην","κώμην","κώμην","κώμη"
42,24,28,"D",NULL,"οὗ","οὗ","οὗ","οὗ"
42,24,28,"V","3IMI-P","ἐπορεύοντο,","ἐπορεύοντο","ἐπορεύοντο","πορεύομαι"
42,24,28,"C",NULL,"καὶ","καὶ","καί","καί"
42,24,28,"RP","NSM","αὐτὸς","αὐτὸς","αὐτός","αὐτός"
42,24,28,"V","3AMI-S","⸀προσεποιήσατο","προσεποιήσατο","προσεποιήσατο","προσποιέομαι"
42,24,28,"D",NULL,"⸀πορρώτερον","πορρώτερον","πορρώτερον","πορρώτερον"
42,24,28,"V","PMN","πορεύεσθαι.","πορεύεσθαι","πορεύεσθαι","πορεύομαι"
42,24,29,"C",NULL,"καὶ","καὶ","καί","καί"
42,24,29,"V","3AMI-P","παρεβιάσαντο","παρεβιάσαντο","παρεβιάσαντο","παραβιάζομαι"
42,24,29,"RP","ASM","αὐτὸν","αὐτὸν","αὐτόν","αὐτός"
42,24,29,"V","PAPNPM","λέγοντες·","λέγοντες","λέγοντες","λέγω"
42,24,29,"V","2AAD-S","Μεῖνον","Μεῖνον","μεῖνον","μένω"
42,24,29,"P",NULL,"μεθ’","μεθ’","μετά","μετά"
42,24,29,"RP","GP","ἡμῶν,","ἡμῶν","ἡμῶν","ἐγώ"
42,24,29,"C",NULL,"ὅτι","ὅτι","ὅτι","ὅτι"
42,24,29,"P",NULL,"πρὸς","πρὸς","πρός","πρός"
42,24,29,"N","ASF","ἑσπέραν","ἑσπέραν","ἑσπέραν","ἑσπέρα"
42,24,29,"V","3PAI-S","ἐστὶν","ἐστὶν","ἐστί(ν)","εἰμί"
42,24,29,"C",NULL,"καὶ","καὶ","καί","καί"
42,24,29,"V","3XAI-S","κέκλικεν","κέκλικεν","κέκλικε(ν)","κλίνω"
42,24,29,"D",NULL,"⸀ἤδη","ἤδη","ἤδη","ἤδη"
42,24,29,"RA","NSF","ἡ","ἡ","ἡ","ὁ"
42,24,29,"N","NSF","ἡμέρα.","ἡμέρα","ἡμέρα","ἡμέρα"
42,24,29,"C",NULL,"καὶ","καὶ","καί","καί"
42,24,29,"V","3AAI-S","εἰσῆλθεν","εἰσῆλθεν","εἰσῆλθε(ν)","εἰσέρχομαι"
42,24,29,"RA","GSN","τοῦ","τοῦ","τοῦ","ὁ"
42,24,29,"V","AAN","μεῖναι","μεῖναι","μεῖναι","μένω"
42,24,29,"P",NULL,"σὺν","σὺν","σύν","σύν"
42,24,29,"RP","DPM","αὐτοῖς.","αὐτοῖς","αὐτοῖς","αὐτός"
42,24,30,"C",NULL,"καὶ","καὶ","καί","καί"
42,24,30,"V","3AMI-S","ἐγένετο","ἐγένετο","ἐγένετο","γίνομαι"
42,24,30,"P",NULL,"ἐν","ἐν","ἐν","ἐν"
42,24,30,"RA","DSN","τῷ","τῷ","τῷ","ὁ"
42,24,30,"V","APN","κατακλιθῆναι","κατακλιθῆναι","κατακλιθῆναι","κατακλίνω"
42,24,30,"RP","ASM","αὐτὸν","αὐτὸν","αὐτόν","αὐτός"
42,24,30,"P",NULL,"μετ’","μετ’","μετά","μετά"
42,24,30,"RP","GPM","αὐτῶν","αὐτῶν","αὐτῶν","αὐτός"
42,24,30,"V","AAPNSM","λαβὼν","λαβὼν","λαβών","λαμβάνω"
42,24,30,"RA","ASM","τὸν","τὸν","τόν","ὁ"
42,24,30,"N","ASM","ἄρτον","ἄρτον","ἄρτον","ἄρτος"
42,24,30,"V","3AAI-S","εὐλόγησεν","εὐλόγησεν","εὐλόγησε(ν)","εὐλογέω"
42,24,30,"C",NULL,"καὶ","καὶ","καί","καί"
42,24,30,"V","AAPNSM","κλάσας","κλάσας","κλάσας","κλάω"
42,24,30,"V","3IAI-S","ἐπεδίδου","ἐπεδίδου","ἐπεδίδου","ἐπιδίδωμι"
42,24,30,"RP","DPM","αὐτοῖς·","αὐτοῖς","αὐτοῖς","αὐτός"
42,24,31,"RP","GPM","αὐτῶν","αὐτῶν","αὐτῶν","αὐτός"
42,24,31,"C",NULL,"δὲ","δὲ","δέ","δέ"
42,24,31,"V","3API-P","διηνοίχθησαν","διηνοίχθησαν","διηνοίχθησαν","διανοίγω"
42,24,31,"RA","NPM","οἱ","οἱ","οἱ","ὁ"
42,24,31,"N","NPM","ὀφθαλμοὶ","ὀφθαλμοὶ","ὀφθαλμοί","ὀφθαλμός"
42,24,31,"C",NULL,"καὶ","καὶ","καί","καί"
42,24,31,"V","3AAI-P","ἐπέγνωσαν","ἐπέγνωσαν","ἐπέγνωσαν","ἐπιγινώσκω"
42,24,31,"RP","ASM","αὐτόν·","αὐτόν","αὐτόν","αὐτός"
42,24,31,"C",NULL,"καὶ","καὶ","καί","καί"
42,24,31,"RP","NSM","αὐτὸς","αὐτὸς","αὐτός","αὐτός"
42,24,31,"A","NSM","ἄφαντος","ἄφαντος","ἄφαντος","ἄφαντος"
42,24,31,"V","3AMI-S","ἐγένετο","ἐγένετο","ἐγένετο","γίνομαι"
42,24,31,"P",NULL,"ἀπ’","ἀπ’","ἀπό","ἀπό"
42,24,31,"RP","GPM","αὐτῶν.","αὐτῶν","αὐτῶν","αὐτός"
42,24,32,"C",NULL,"καὶ","καὶ","καί","καί"
42,24,32,"V","3AAI-P","εἶπαν","εἶπαν","εἶπαν","λέγω"
42,24,32,"P",NULL,"πρὸς","πρὸς","πρός","πρός"
42,24,32,"RP","APM","ἀλλήλους·","ἀλλήλους","ἀλλήλους","ἀλλήλων"
42,24,32,"X",NULL,"Οὐχὶ","Οὐχὶ","οὐχί","οὐχί"
42,24,32,"RA","NSF","ἡ","ἡ","ἡ","ὁ"
42,24,32,"N","NSF","καρδία","καρδία","καρδία","καρδία"
42,24,32,"RP","GP","ἡμῶν","ἡμῶν","ἡμῶν","ἐγώ"
42,24,32,"V","PPPNSF","καιομένη","καιομένη","καιομένη","καίω"
42,24,32,"V","3IAI-S","ἦν","ἦν","ἦν","εἰμί"
42,24,32,"P",NULL,"⸂ἐν","ἐν","ἐν","ἐν"
42,24,32,"RP","DP","ἡμῖν⸃","ἡμῖν","ἡμῖν","ἐγώ"
42,24,32,"C",NULL,"ὡς","ὡς","ὡς","ὡς"
42,24,32,"V","3IAI-S","ἐλάλει","ἐλάλει","ἐλάλει","λαλέω"
42,24,32,"RP","DP","ἡμῖν","ἡμῖν","ἡμῖν","ἐγώ"
42,24,32,"P",NULL,"ἐν","ἐν","ἐν","ἐν"
42,24,32,"RA","DSF","τῇ","τῇ","τῇ","ὁ"
42,24,32,"N","DSF","ὁδῷ,","ὁδῷ","ὁδῷ","ὁδός"
42,24,32,"C",NULL,"⸀ὡς","ὡς","ὡς","ὡς"
42,24,32,"V","3IAI-S","διήνοιγεν","διήνοιγεν","διήνοιγε(ν)","διανοίγω"
42,24,32,"RP","DP","ἡμῖν","ἡμῖν","ἡμῖν","ἐγώ"
42,24,32,"RA","APF","τὰς","τὰς","τάς","ὁ"
42,24,32,"N","APF","γραφάς;","γραφάς","γραφάς","γραφή"
42,24,33,"C",NULL,"καὶ","καὶ","καί","καί"
42,24,33,"V","AAPNPM","ἀναστάντες","ἀναστάντες","ἀναστάντες","ἀνίστημι"
42,24,33,"RP","DSF","αὐτῇ","αὐτῇ","αὐτῇ","αὐτός"
42,24,33,"RA","DSF","τῇ","τῇ","τῇ","ὁ"
42,24,33,"N","DSF","ὥρᾳ","ὥρᾳ","ὥρᾳ","ὥρα"
42,24,33,"V","3AAI-P","ὑπέστρεψαν","ὑπέστρεψαν","ὑπέστρεψαν","ὑποστρέφω"
42,24,33,"P",NULL,"εἰς","εἰς","εἰς","εἰς"
42,24,33,"N","ASF","Ἰερουσαλήμ,","Ἰερουσαλήμ","Ἰερουσαλήμ","Ἰερουσαλήμ"
42,24,33,"C",NULL,"καὶ","καὶ","καί","καί"
42,24,33,"V","3AAI-P","εὗρον","εὗρον","εὗρον","εὑρίσκω"
42,24,33,"V","XPPAPM","⸀ἠθροισμένους","ἠθροισμένους","ἠθροισμένους","ἀθροίζω"
42,24,33,"RA","APM","τοὺς","τοὺς","τούς","ὁ"
42,24,33,"A","APM","ἕνδεκα","ἕνδεκα","ἕνδεκα","ἕνδεκα"
42,24,33,"C",NULL,"καὶ","καὶ","καί","καί"
42,24,33,"RA","APM","τοὺς","τοὺς","τούς","ὁ"
42,24,33,"P",NULL,"σὺν","σὺν","σύν","σύν"
42,24,33,"RP","DPM","αὐτοῖς,","αὐτοῖς","αὐτοῖς","αὐτός"
42,24,34,"V","PAPAPM","λέγοντας","λέγοντας","λέγοντας","λέγω"
42,24,34,"C",NULL,"ὅτι","ὅτι","ὅτι","ὅτι"
42,24,34,"D",NULL,"⸂ὄντως","ὄντως","ὄντως","ὄντως"
42,24,34,"V","3API-S","ἠγέρθη","ἠγέρθη","ἠγέρθη","ἐγείρω"
42,24,34,"RA","NSM","ὁ","ὁ","ὁ","ὁ"
42,24,34,"N","NSM","κύριος⸃","κύριος","κύριος","κύριος"
42,24,34,"C",NULL,"καὶ","καὶ","καί","καί"
42,24,34,"V","3API-S","ὤφθη","ὤφθη","ὤφθη","ὁράω"
42,24,34,"N","DSM","Σίμωνι.","Σίμωνι","Σίμωνι","Σίμων"
42,24,35,"C",NULL,"καὶ","καὶ","καί","καί"
42,24,35,"RP","NPM","αὐτοὶ","αὐτοὶ","αὐτοί","αὐτός"
42,24,35,"V","3IMI-P","ἐξηγοῦντο","ἐξηγοῦντο","ἐξηγοῦντο","ἐξηγέομαι"
42,24,35,"RA","APN","τὰ","τὰ","τά","ὁ"
42,24,35,"P",NULL,"ἐν","ἐν","ἐν","ἐν"
42,24,35,"RA","DSF","τῇ","τῇ","τῇ","ὁ"
42,24,35,"N","DSF","ὁδῷ","ὁδῷ","ὁδῷ","ὁδός"
42,24,35,"C",NULL,"καὶ","καὶ","καί","καί"
42,24,35,"C",NULL,"ὡς","ὡς","ὡς","ὡς"
42,24,35,"V","3API-S","ἐγνώσθη","ἐγνώσθη","ἐγνώσθη","γινώσκω"
42,24,35,"RP","DPM","αὐτοῖς","αὐτοῖς","αὐτοῖς","αὐτός"
42,24,35,"P",NULL,"ἐν","ἐν","ἐν","ἐν"
42,24,35,"RA","DSF","τῇ","τῇ","τῇ","ὁ"
42,24,35,"N","DSF","κλάσει","κλάσει","κλάσει","κλάσις"
42,24,35,"RA","GSM","τοῦ","τοῦ","τοῦ","ὁ"
42,24,35,"N","GSM","ἄρτου.","ἄρτου","ἄρτου","ἄρτος"
42,24,36,"RD","APN","Ταῦτα","Ταῦτα","ταῦτα","οὗτος"
42,24,36,"C",NULL,"δὲ","δὲ","δέ","δέ"
42,24,36,"RP","GPM","αὐτῶν","αὐτῶν","αὐτῶν","αὐτός"
42,24,36,"V","PAPGPM","λαλούντων","λαλούντων","λαλούντων","λαλέω"
42,24,36,"RP","NSM","⸀αὐτὸς","αὐτὸς","αὐτός","αὐτός"
42,24,36,"V","3AAI-S","ἔστη","ἔστη","ἔστη","ἵστημι"
42,24,36,"P",NULL,"ἐν","ἐν","ἐν","ἐν"
42,24,36,"A","DSN","μέσῳ","μέσῳ","μέσῳ","μέσος"
42,24,36,"RP","GPM","⸀αὐτῶν.","αὐτῶν","αὐτῶν","αὐτός"
42,24,37,"V","APPNPM","πτοηθέντες","πτοηθέντες","πτοηθέντες","πτοέομαι"
42,24,37,"C",NULL,"δὲ","δὲ","δέ","δέ"
42,24,37,"C",NULL,"καὶ","καὶ","καί","καί"
42,24,37,"A","NPM","ἔμφοβοι","ἔμφοβοι","ἔμφοβοι","ἔμφοβος"
42,24,37,"V","AMPNPM","γενόμενοι","γενόμενοι","γενόμενοι","γίνομαι"
42,24,37,"V","3IAI-P","ἐδόκουν","ἐδόκουν","ἐδόκουν","δοκέω"
42,24,37,"N","ASN","πνεῦμα","πνεῦμα","πνεῦμα","πνεῦμα"
42,24,37,"V","PAN","θεωρεῖν.","θεωρεῖν","θεωρεῖν","θεωρέω"
42,24,38,"C",NULL,"καὶ","καὶ","καί","καί"
42,24,38,"V","3AAI-S","εἶπεν","εἶπεν","εἶπε(ν)","λέγω"
42,24,38,"RP","DPM","αὐτοῖς·","αὐτοῖς","αὐτοῖς","αὐτός"
42,24,38,"RI","ASN","Τί","Τί","τί","τίς"
42,24,38,"V","XPPNPM","τεταραγμένοι","τεταραγμένοι","τεταραγμένοι","ταράσσω"
42,24,38,"V","2PAI-P","ἐστέ,","ἐστέ","ἐστέ","εἰμί"
42,24,38,"C",NULL,"καὶ","καὶ","καί","καί"
42,24,38,"P",NULL,"διὰ","διὰ","διά","διά"
42,24,38,"RI","ASN","τί","τί","τί","τίς"
42,24,38,"N","NPM","διαλογισμοὶ","διαλογισμοὶ","διαλογισμοί","διαλογισμός"
42,24,38,"V","3PAI-P","ἀναβαίνουσιν","ἀναβαίνουσιν","ἀναβαίνουσι(ν)","ἀναβαίνω"
42,24,38,"P",NULL,"ἐν","ἐν","ἐν","ἐν"
42,24,38,"RA","DSF","⸂τῇ","τῇ","τῇ","ὁ"
42,24,38,"N","DSF","καρδίᾳ⸃","καρδίᾳ","καρδίᾳ","καρδία"
42,24,38,"RP","GP","ὑμῶν;","ὑμῶν","ὑμῶν","σύ"
42,24,39,"V","2AAD-P","ἴδετε","ἴδετε","ἴδετε","ὁράω"
42,24,39,"RA","APF","τὰς","τὰς","τάς","ὁ"
42,24,39,"N","APF","χεῖράς","χεῖράς","χεῖρας","χείρ"
42,24,39,"RP","GS","μου","μου","μου","ἐγώ"
42,24,39,"C",NULL,"καὶ","καὶ","καί","καί"
42,24,39,"RA","APM","τοὺς","τοὺς","τούς","ὁ"
42,24,39,"N","APM","πόδας","πόδας","πόδας","πούς"
42,24,39,"RP","GS","μου","μου","μου","ἐγώ"
42,24,39,"C",NULL,"ὅτι","ὅτι","ὅτι","ὅτι"
42,24,39,"RP","NS","⸂ἐγώ","ἐγώ","ἐγώ","ἐγώ"
42,24,39,"V","1PAI-S","εἰμι","εἰμι","εἰμί","εἰμί"
42,24,39,"RP","NSM","αὐτός⸃·","αὐτός","αὐτός","αὐτός"
42,24,39,"V","2AAD-P","ψηλαφήσατέ","ψηλαφήσατέ","ψηλαφήσατε","ψηλαφάω"
42,24,39,"RP","AS","με","με","με","ἐγώ"
42,24,39,"C",NULL,"καὶ","καὶ","καί","καί"
42,24,39,"V","2AAD-P","ἴδετε,","ἴδετε","ἴδετε","ὁράω"
42,24,39,"C",NULL,"ὅτι","ὅτι","ὅτι","ὅτι"
42,24,39,"N","NSN","πνεῦμα","πνεῦμα","πνεῦμα","πνεῦμα"
42,24,39,"N","ASF","σάρκα","σάρκα","σάρκα","σάρξ"
42,24,39,"C",NULL,"καὶ","καὶ","καί","καί"
42,24,39,"N","APN","ὀστέα","ὀστέα","ὀστέα","ὀστέον"
42,24,39,"D",NULL,"οὐκ","οὐκ","οὐ","οὐ"
42,24,39,"V","3PAI-S","ἔχει","ἔχει","ἔχει","ἔχω"
42,24,39,"C",NULL,"καθὼς","καθὼς","καθώς","καθώς"
42,24,39,"RP","AS","ἐμὲ","ἐμὲ","ἐμέ","ἐγώ"
42,24,39,"V","2PAI-P","θεωρεῖτε","θεωρεῖτε","θεωρεῖτε","θεωρέω"
42,24,39,"V","PAPASM","ἔχοντα.","ἔχοντα","ἔχοντα","ἔχω"
42,24,40,"C",NULL,"⸂[καὶ","καὶ","καί","καί"
42,24,40,"RD","ASN","τοῦτο","τοῦτο","τοῦτο","οὗτος"
42,24,40,"V","AAPNSM","εἰπὼν","εἰπὼν","εἰπών","λέγω"
42,24,40,"V","3AAI-S","⸀ἔδειξεν","ἔδειξεν","ἔδειξε(ν)","δείκνυμι"
42,24,40,"RP","DPM","αὐτοῖς","αὐτοῖς","αὐτοῖς","αὐτός"
42,24,40,"RA","APF","τὰς","τὰς","τάς","ὁ"
42,24,40,"N","APF","χεῖρας","χεῖρας","χεῖρας","χείρ"
42,24,40,"C",NULL,"καὶ","καὶ","καί","καί"
42,24,40,"RA","APM","τοὺς","τοὺς","τούς","ὁ"
42,24,40,"N","APM","πόδας.]⸃","πόδας","πόδας","πούς"
42,24,41,"D",NULL,"ἔτι","ἔτι","ἔτι","ἔτι"
42,24,41,"C",NULL,"δὲ","δὲ","δέ","δέ"
42,24,41,"V","PAPGPM","ἀπιστούντων","ἀπιστούντων","ἀπιστούντων","ἀπιστέω"
42,24,41,"RP","GPM","αὐτῶν","αὐτῶν","αὐτῶν","αὐτός"
42,24,41,"P",NULL,"ἀπὸ","ἀπὸ","ἀπό","ἀπό"
42,24,41,"RA","GSF","τῆς","τῆς","τῆς","ὁ"
42,24,41,"N","GSF","χαρᾶς","χαρᾶς","χαρᾶς","χαρά"
42,24,41,"C",NULL,"καὶ","καὶ","καί","καί"
42,24,41,"V","PAPGPM","θαυμαζόντων","θαυμαζόντων","θαυμαζόντων","θαυμάζω"
42,24,41,"V","3AAI-S","εἶπεν","εἶπεν","εἶπε(ν)","λέγω"
42,24,41,"RP","DPM","αὐτοῖς·","αὐτοῖς","αὐτοῖς","αὐτός"
42,24,41,"V","2PAI-P","Ἔχετέ","Ἔχετέ","ἔχετε","ἔχω"
42,24,41,"RI","ASN","τι","τι","τὶ","τις"
42,24,41,"A","ASN","βρώσιμον","βρώσιμον","βρώσιμον","βρώσιμος"
42,24,41,"D",NULL,"ἐνθάδε;","ἐνθάδε","ἐνθάδε","ἐνθάδε"
42,24,42,"RA","NPM","οἱ","οἱ","οἱ","ὁ"
42,24,42,"C",NULL,"δὲ","δὲ","δέ","δέ"
42,24,42,"V","3AAI-P","ἐπέδωκαν","ἐπέδωκαν","ἐπέδωκαν","ἐπιδίδωμι"
42,24,42,"RP","DSM","αὐτῷ","αὐτῷ","αὐτῷ","αὐτός"
42,24,42,"N","GSM","ἰχθύος","ἰχθύος","ἰχθύος","ἰχθύς"
42,24,42,"A","GSM","ὀπτοῦ","ὀπτοῦ","ὀπτοῦ","ὀπτός"
42,24,42,"N","ASN","⸀μέρος·","μέρος","μέρος","μέρος"
42,24,43,"C",NULL,"καὶ","καὶ","καί","καί"
42,24,43,"V","AAPNSM","λαβὼν","λαβὼν","λαβών","λαμβάνω"
42,24,43,"P",NULL,"ἐνώπιον","ἐνώπιον","ἐνώπιον","ἐνώπιον"
42,24,43,"RP","GPM","αὐτῶν","αὐτῶν","αὐτῶν","αὐτός"
42,24,43,"V","3AAI-S","ἔφαγεν.","ἔφαγεν","ἔφαγε(ν)","ἐσθίω"
42,24,44,"V","3AAI-S","Εἶπεν","Εἶπεν","εἶπε(ν)","λέγω"
42,24,44,"C",NULL,"δὲ","δὲ","δέ","δέ"
42,24,44,"P",NULL,"⸂πρὸς","πρὸς","πρός","πρός"
42,24,44,"RP","APM","αὐτούς⸃·","αὐτούς","αὐτούς","αὐτός"
42,24,44,"RD","NPM","Οὗτοι","Οὗτοι","οὗτοι","οὗτος"
42,24,44,"RA","NPM","οἱ","οἱ","οἱ","ὁ"
42,24,44,"N","NPM","λόγοι","λόγοι","λόγοι","λόγος"
42,24,44,"RP","GS","⸀μου","μου","μου","ἐγώ"
42,24,44,"RR","APM","οὓς","οὓς","οὕς","ὅς"
42,24,44,"V","1AAI-S","ἐλάλησα","ἐλάλησα","ἐλάλησα","λαλέω"
42,24,44,"P",NULL,"πρὸς","πρὸς","πρός","πρός"
42,24,44,"RP","AP","ὑμᾶς","ὑμᾶς","ὑμᾶς","σύ"
42,24,44,"D",NULL,"ἔτι","ἔτι","ἔτι","ἔτι"
42,24,44,"V","PAPNSM","ὢν","ὢν","ὤν","εἰμί"
42,24,44,"P",NULL,"σὺν","σὺν","σύν","σύν"
42,24,44,"RP","DP","ὑμῖν,","ὑμῖν","ὑμῖν","σύ"
42,24,44,"D",NULL,"ὅτι","ὅτι","ὅτι","ὅτι"
42,24,44,"V","3PAI-S","δεῖ","δεῖ","δεῖ","δέω"
42,24,44,"V","APN","πληρωθῆναι","πληρωθῆναι","πληρωθῆναι","πληρόω"
42,24,44,"A","APN","πάντα","πάντα","πάντα","πᾶς"
42,24,44,"RA","APN","τὰ","τὰ","τά","ὁ"
42,24,44,"V","XPPAPN","γεγραμμένα","γεγραμμένα","γεγραμμένα","γράφω"
42,24,44,"P",NULL,"ἐν","ἐν","ἐν","ἐν"
42,24,44,"RA","DSM","τῷ","τῷ","τῷ","ὁ"
42,24,44,"N","DSM","νόμῳ","νόμῳ","νόμῳ","νόμος"
42,24,44,"N","GSM","Μωϋσέως","Μωϋσέως","Μωϋσέως","Μωϋσῆς"
42,24,44,"C",NULL,"⸀καὶ","καὶ","καί","καί"
42,24,44,"N","DPM","προφήταις","προφήταις","προφήταις","προφήτης"
42,24,44,"C",NULL,"καὶ","καὶ","καί","καί"
42,24,44,"N","DPM","ψαλμοῖς","ψαλμοῖς","ψαλμοῖς","ψαλμός"
42,24,44,"P",NULL,"περὶ","περὶ","περί","περί"
42,24,44,"RP","GS","ἐμοῦ.","ἐμοῦ","ἐμοῦ","ἐγώ"
42,24,45,"D",NULL,"τότε","τότε","τότε","τότε"
42,24,45,"V","3AAI-S","διήνοιξεν","διήνοιξεν","διήνοιξε(ν)","διανοίγω"
42,24,45,"RP","GPM","αὐτῶν","αὐτῶν","αὐτῶν","αὐτός"
42,24,45,"RA","ASM","τὸν","τὸν","τόν","ὁ"
42,24,45,"N","ASM","νοῦν","νοῦν","νοῦν","νοῦς"
42,24,45,"RA","GSN","τοῦ","τοῦ","τοῦ","ὁ"
42,24,45,"V","PAN","συνιέναι","συνιέναι","συνιέναι","συνίημι"
42,24,45,"RA","APF","τὰς","τὰς","τάς","ὁ"
42,24,45,"N","APF","γραφάς,","γραφάς","γραφάς","γραφή"
42,24,46,"C",NULL,"καὶ","καὶ","καί","καί"
42,24,46,"V","3AAI-S","εἶπεν","εἶπεν","εἶπε(ν)","λέγω"
42,24,46,"RP","DPM","αὐτοῖς","αὐτοῖς","αὐτοῖς","αὐτός"
42,24,46,"C",NULL,"ὅτι","ὅτι","ὅτι","ὅτι"
42,24,46,"D",NULL,"οὕτως","οὕτως","οὕτω(ς)","οὕτω(ς)"
42,24,46,"V","3XPI-S","⸀γέγραπται","γέγραπται","γέγραπται","γράφω"
42,24,46,"V","AAN","παθεῖν","παθεῖν","παθεῖν","πάσχω"
42,24,46,"RA","ASM","τὸν","τὸν","τόν","ὁ"
42,24,46,"N","ASM","χριστὸν","χριστὸν","Χριστόν","Χριστός"
42,24,46,"C",NULL,"καὶ","καὶ","καί","καί"
42,24,46,"V","AAN","ἀναστῆναι","ἀναστῆναι","ἀναστῆναι","ἀνίστημι"
42,24,46,"P",NULL,"ἐκ","ἐκ","ἐκ","ἐκ"
42,24,46,"A","GPM","νεκρῶν","νεκρῶν","νεκρῶν","νεκρός"
42,24,46,"RA","DSF","τῇ","τῇ","τῇ","ὁ"
42,24,46,"A","DSF","τρίτῃ","τρίτῃ","τρίτῃ","τρίτος"
42,24,46,"N","DSF","ἡμέρᾳ,","ἡμέρᾳ","ἡμέρᾳ","ἡμέρα"
42,24,47,"C",NULL,"καὶ","καὶ","καί","καί"
42,24,47,"V","APN","κηρυχθῆναι","κηρυχθῆναι","κηρυχθῆναι","κηρύσσω"
42,24,47,"P",NULL,"ἐπὶ","ἐπὶ","ἐπί","ἐπί"
42,24,47,"RA","DSN","τῷ","τῷ","τῷ","ὁ"
42,24,47,"N","DSN","ὀνόματι","ὀνόματι","ὀνόματι","ὄνομα"
42,24,47,"RP","GSM","αὐτοῦ","αὐτοῦ","αὐτοῦ","αὐτός"
42,24,47,"N","ASF","μετάνοιαν","μετάνοιαν","μετάνοιαν","μετάνοια"
42,24,47,"C",NULL,"⸀καὶ","καὶ","καί","καί"
42,24,47,"N","ASF","ἄφεσιν","ἄφεσιν","ἄφεσιν","ἄφεσις"
42,24,47,"N","GPF","ἁμαρτιῶν","ἁμαρτιῶν","ἁμαρτιῶν","ἁμαρτία"
42,24,47,"P",NULL,"εἰς","εἰς","εἰς","εἰς"
42,24,47,"A","APN","πάντα","πάντα","πάντα","πᾶς"
42,24,47,"RA","APN","τὰ","τὰ","τά","ὁ"
42,24,47,"N","APN","ἔθνη—","ἔθνη","ἔθνη","ἔθνος"
42,24,47,"V","AMPNPM","⸀ἀρξάμενοι","ἀρξάμενοι","ἀρξάμενοι","ἄρχω"
42,24,47,"P",NULL,"ἀπὸ","ἀπὸ","ἀπό","ἀπό"
42,24,47,"N","GSF","Ἰερουσαλήμ·","Ἰερουσαλήμ","Ἰερουσαλήμ","Ἰερουσαλήμ"
42,24,48,"RP","NP","ὑμεῖς","ὑμεῖς","ὑμεῖς","σύ"
42,24,48,"V","2PAI-P","⸀ἐστε","ἐστε","ἐστέ","εἰμί"
42,24,48,"N","NPM","μάρτυρες","μάρτυρες","μάρτυρες","μάρτυς"
42,24,48,"RD","GPN","τούτων.","τούτων","τούτων","οὗτος"
42,24,49,"C",NULL,"καὶ","καὶ","καί","καί"
42,24,49,"X",NULL,"ἰδοὺ","ἰδοὺ","ἰδού","ἰδού"
42,24,49,"RP","NS","ἐγὼ","ἐγὼ","ἐγώ","ἐγώ"
42,24,49,"V","1PAI-S","⸀ἐξαποστέλλω","ἐξαποστέλλω","ἐξαποστέλλω","ἐξαποστέλλω"
42,24,49,"RA","ASF","τὴν","τὴν","τήν","ὁ"
42,24,49,"N","ASF","ἐπαγγελίαν","ἐπαγγελίαν","ἐπαγγελίαν","ἐπαγγελία"
42,24,49,"RA","GSM","τοῦ","τοῦ","τοῦ","ὁ"
42,24,49,"N","GSM","πατρός","πατρός","πατρός","πατήρ"
42,24,49,"RP","GS","μου","μου","μου","ἐγώ"
42,24,49,"P",NULL,"ἐφ’","ἐφ’","ἐπί","ἐπί"
42,24,49,"RP","AP","ὑμᾶς·","ὑμᾶς","ὑμᾶς","σύ"
42,24,49,"RP","NP","ὑμεῖς","ὑμεῖς","ὑμεῖς","σύ"
42,24,49,"C",NULL,"δὲ","δὲ","δέ","δέ"
42,24,49,"V","2AAD-P","καθίσατε","καθίσατε","καθίσατε","καθίζω"
42,24,49,"P",NULL,"ἐν","ἐν","ἐν","ἐν"
42,24,49,"RA","DSF","τῇ","τῇ","τῇ","ὁ"
42,24,49,"N","DSF","⸀πόλει","πόλει","πόλει","πόλις"
42,24,49,"P",NULL,"ἕως","ἕως","ἕως","ἕως"
42,24,49,"RR","GSM","οὗ","οὗ","οὗ","ὅς"
42,24,49,"V","2AMS-P","ἐνδύσησθε","ἐνδύσησθε","ἐνδύσησθε","ἐνδύω"
42,24,49,"P",NULL,"⸂ἐξ","ἐξ","ἐκ","ἐκ"
42,24,49,"N","GSN","ὕψους","ὕψους","ὕψους","ὕψος"
42,24,49,"N","ASF","δύναμιν⸃.","δύναμιν","δύναμιν","δύναμις"
42,24,50,"V","3AAI-S","Ἐξήγαγεν","Ἐξήγαγεν","ἐξήγαγε(ν)","ἐξάγω"
42,24,50,"C",NULL,"δὲ","δὲ","δέ","δέ"
42,24,50,"RP","APM","αὐτοὺς","αὐτοὺς","αὐτούς","αὐτός"
42,24,50,"P",NULL,"⸀ἕως","ἕως","ἕως","ἕως"
42,24,50,"P",NULL,"⸀πρὸς","πρὸς","πρός","πρός"
42,24,50,"N","ASF","Βηθανίαν,","Βηθανίαν","Βηθανίαν","Βηθανία"
42,24,50,"C",NULL,"καὶ","καὶ","καί","καί"
42,24,50,"V","AAPNSM","ἐπάρας","ἐπάρας","ἐπάρας","ἐπαίρω"
42,24,50,"RA","APF","τὰς","τὰς","τάς","ὁ"
42,24,50,"N","APF","χεῖρας","χεῖρας","χεῖρας","χείρ"
42,24,50,"RP","GSM","αὐτοῦ","αὐτοῦ","αὐτοῦ","αὐτός"
42,24,50,"V","3AAI-S","εὐλόγησεν","εὐλόγησεν","εὐλόγησε(ν)","εὐλογέω"
42,24,50,"RP","APM","αὐτούς.","αὐτούς","αὐτούς","αὐτός"
42,24,51,"C",NULL,"καὶ","καὶ","καί","καί"
42,24,51,"V","3AMI-S","ἐγένετο","ἐγένετο","ἐγένετο","γίνομαι"
42,24,51,"P",NULL,"ἐν","ἐν","ἐν","ἐν"
42,24,51,"RA","DSN","τῷ","τῷ","τῷ","ὁ"
42,24,51,"V","PAN","εὐλογεῖν","εὐλογεῖν","εὐλογεῖν","εὐλογέω"
42,24,51,"RP","ASM","αὐτὸν","αὐτὸν","αὐτόν","αὐτός"
42,24,51,"RP","APM","αὐτοὺς","αὐτοὺς","αὐτούς","αὐτός"
42,24,51,"V","3AAI-S","διέστη","διέστη","διέστη","διΐστημι"
42,24,51,"P",NULL,"ἀπ’","ἀπ’","ἀπό","ἀπό"
42,24,51,"RP","GPM","αὐτῶν","αὐτῶν","αὐτῶν","αὐτός"
42,24,51,"C",NULL,"⸂[καὶ","καὶ","καί","καί"
42,24,51,"V","3IPI-S","ἀνεφέρετο","ἀνεφέρετο","ἀνεφέρετο","ἀναφέρω"
42,24,51,"P",NULL,"εἰς","εἰς","εἰς","εἰς"
42,24,51,"RA","ASM","τὸν","τὸν","τόν","ὁ"
42,24,51,"N","ASM","οὐρανόν]⸃.","οὐρανόν","οὐρανόν","οὐρανός"
42,24,52,"C",NULL,"καὶ","καὶ","καί","καί"
42,24,52,"RP","NPM","αὐτοὶ","αὐτοὶ","αὐτοί","αὐτός"
42,24,52,"V","AAPNPM","⸂[προσκυνήσαντες","προσκυνήσαντες","προσκυνήσαντες","προσκυνέω"
42,24,52,"RP","ASM","αὐτὸν]⸃","αὐτὸν","αὐτόν","αὐτός"
42,24,52,"V","3AAI-P","ὑπέστρεψαν","ὑπέστρεψαν","ὑπέστρεψαν","ὑποστρέφω"
42,24,52,"P",NULL,"εἰς","εἰς","εἰς","εἰς"
42,24,52,"N","ASF","Ἰερουσαλὴμ","Ἰερουσαλὴμ","Ἰερουσαλήμ","Ἰερουσαλήμ"
42,24,52,"P",NULL,"μετὰ","μετὰ","μετά","μετά"
42,24,52,"N","GSF","χαρᾶς","χαρᾶς","χαρᾶς","χαρά"
42,24,52,"A","GSF","μεγάλης,","μεγάλης","μεγάλης","μέγας"
42,24,53,"C",NULL,"καὶ","καὶ","καί","καί"
42,24,53,"V","3IAI-P","ἦσαν","ἦσαν","ἦσαν","εἰμί"
42,24,53,"P",NULL,"διὰ","διὰ","διά","διά"
42,24,53,"A","GSM","παντὸς","παντὸς","παντός","πᾶς"
42,24,53,"P",NULL,"ἐν","ἐν","ἐν","ἐν"
42,24,53,"RA","DSN","τῷ","τῷ","τῷ","ὁ"
42,24,53,"A","DSN","ἱερῷ","ἱερῷ","ἱερῷ","ἱερός"
42,24,53,"V","PAPNPM","⸀εὐλογοῦντες","εὐλογοῦντες","εὐλογοῦντες","εὐλογέω"
42,24,53,"RA","ASM","τὸν","τὸν","τόν","ὁ"
42,24,53,"N","ASM","⸀θεόν.","θεόν","θεόν","θεός"