"OSIS_id","Chapter","Verse","ParsingCodePOS","ParsingCodeDetails","TextWithPunctuation","WordWithPunctuationStripped","NormalizedWord","Lemma"
43,01,01,"P",NULL,"Ἐν","Ἐν","ἐν","ἐν"
43,01,01,"N","DSF","ἀρχῇ","ἀρχῇ","ἀρχῇ","ἀρχή"
43,01,01,"V","3IAI-S","ἦν","ἦν","ἦν","εἰμί"
43,01,01,"RA","NSM","ὁ","ὁ","ὁ","ὁ"
43,01,01,"N","NSM","λόγος,","λόγος","λόγος","λόγος"
43,01,01,"C",NULL,"καὶ","καὶ","καί","καί"
43,01,01,"RA","NSM","ὁ","ὁ","ὁ","ὁ"
43,01,01,"N","NSM","λόγος","λόγος","λόγος","λόγος"
43,01,01,"V","3IAI-S","ἦν","ἦν","ἦν","εἰμί"
43,01,01,"P",NULL,"πρὸς","πρὸς","πρός","πρός"
43,01,01,"RA","ASM","τὸν","τὸν","τόν","ὁ"
43,01,01,"N","ASM","θεόν,","θεόν","θεόν","θεός"
43,01,01,"C",NULL,"καὶ","καὶ","καί","καί"
43,01,01,"N","NSM","θεὸς","θεὸς","θεός","θεός"
43,01,01,"V","3IAI-S","ἦν","ἦν","ἦν","εἰμί"
43,01,01,"RA","NSM","ὁ","ὁ","ὁ","ὁ"
43,01,01,"N","NSM","λόγος.","λόγος","λόγος","λόγος"
43,01,02,"RD","NSM","οὗτος","οὗτος","οὗτος","οὗτος"
43,01,02,"V","3IAI-S","ἦν","ἦν","ἦν","εἰμί"
43,01,02,"P",NULL,"ἐν","ἐν","ἐν","ἐν"
43,01,02,"N","DSF","ἀρχῇ","ἀρχῇ","ἀρχῇ","ἀρχή"
43,01,02,"P",NULL,"πρὸς","πρὸς","πρός","πρός"
43,01,02,"RA","ASM","τὸν","τὸν","τόν","ὁ"
43,01,02,"N","ASM","θεόν.","θεόν","θεόν","θεός"
43,01,03,"A","NPN","πάντα","πάντα","πάντα","πᾶς"
43,01,03,"P",NULL,"δι’","δι’","διά","διά"
43,01,03,"RP","GSM","αὐτοῦ","αὐτοῦ","αὐτοῦ","αὐτός"
43,01,03,"V","3AMI-S","ἐγένετο,","ἐγένετο","ἐγένετο","γίνομαι"
43,01,03,"C",NULL,"καὶ","καὶ","καί","καί"
43,01,03,"P",NULL,"χωρὶς","χωρὶς","χωρίς","χωρίς"
43,01,03,"RP","GSM","αὐτοῦ","αὐτοῦ","αὐτοῦ","αὐτός"
43,01,03,"V","3AMI-S","ἐγένετο","ἐγένετο","ἐγένετο","γίνομαι"
43,01,03,"D",NULL,"οὐδὲ","οὐδὲ","οὐδέ","οὐδέ"
43,01,03,"A","NSN","ἕν.","ἕν","ἕν","εἷς"
43,01,03,"RR","NSN","ὃ","ὃ","ὅ","ὅς"
43,01,03,"V","3XAI-S","γέγονεν","γέγονεν","γέγονε(ν)","γίνομαι"
43,01,04,"P",NULL,"ἐν","ἐν","ἐν","ἐν"
43,01,04,"RP","DSM","αὐτῷ","αὐτῷ","αὐτῷ","αὐτός"
43,01,04,"N","NSF","ζωὴ","ζωὴ","ζωή","ζωή"
43,01,04,"V","3IAI-S","ἦν,","ἦν","ἦν","εἰμί"
43,01,04,"C",NULL,"καὶ","καὶ","καί","καί"
43,01,04,"RA","NSF","ἡ","ἡ","ἡ","ὁ"
43,01,04,"N","NSF","ζωὴ","ζωὴ","ζωή","ζωή"
43,01,04,"V","3IAI-S","ἦν","ἦν","ἦν","εἰμί"
43,01,04,"RA","NSN","τὸ","τὸ","τό","ὁ"
43,01,04,"N","NSN","φῶς","φῶς","φῶς","φῶς"
43,01,04,"RA","GPM","τῶν","τῶν","τῶν","ὁ"
43,01,04,"N","GPM","ἀνθρώπων·","ἀνθρώπων","ἀνθρώπων","ἄνθρωπος"
43,01,05,"C",NULL,"καὶ","καὶ","καί","καί"
43,01,05,"RA","NSN","τὸ","τὸ","τό","ὁ"
43,01,05,"N","NSN","φῶς","φῶς","φῶς","φῶς"
43,01,05,"P",NULL,"ἐν","ἐν","ἐν","ἐν"
43,01,05,"RA","DSF","τῇ","τῇ","τῇ","ὁ"
43,01,05,"N","DSF","σκοτίᾳ","σκοτίᾳ","σκοτίᾳ","σκοτία"
43,01,05,"V","3PAI-S","φαίνει,","φαίνει","φαίνει","φαίνω"
43,01,05,"C",NULL,"καὶ","καὶ","καί","καί"
43,01,05,"RA","NSF","ἡ","ἡ","ἡ","ὁ"
43,01,05,"N","NSF","σκοτία","σκοτία","σκοτία","σκοτία"
43,01,05,"RP","ASN","αὐτὸ","αὐτὸ","αὐτό","αὐτός"
43,01,05,"D",NULL,"οὐ","οὐ","οὐ","οὐ"
43,01,05,"V","3AAI-S","κατέλαβεν.","κατέλαβεν","κατέλαβε(ν)","καταλαμβάνω"
43,01,06,"V","3AMI-S","Ἐγένετο","Ἐγένετο","ἐγένετο","γίνομαι"
43,01,06,"N","NSM","ἄνθρωπος","ἄνθρωπος","ἄνθρωπος","ἄνθρωπος"
43,01,06,"V","XPPNSM","ἀπεσταλμένος","ἀπεσταλμένος","ἀπεσταλμένος","ἀποστέλλω"
43,01,06,"P",NULL,"παρὰ","παρὰ","παρά","παρά"
43,01,06,"N","GSM","θεοῦ,","θεοῦ","θεοῦ","θεός"
43,01,06,"N","NSN","ὄνομα","ὄνομα","ὄνομα","ὄνομα"
43,01,06,"RP","DSM","αὐτῷ","αὐτῷ","αὐτῷ","αὐτός"
43,01,06,"N","NSM","Ἰωάννης·","Ἰωάννης","Ἰωάννης","Ἰωάννης"
43,01,07,"RD","NSM","οὗτος","οὗτος","οὗτος","οὗτος"
43,01,07,"V","3AAI-S","ἦλθεν","ἦλθεν","ἦλθε(ν)","ἔρχομαι"
43,01,07,"P",NULL,"εἰς","εἰς","εἰς","εἰς"
43,01,07,"N","ASF","μαρτυρίαν,","μαρτυρίαν","μαρτυρίαν","μαρτυρία"
43,01,07,"C",NULL,"ἵνα","ἵνα","ἵνα","ἵνα"
43,01,07,"V","3AAS-S","μαρτυρήσῃ","μαρτυρήσῃ","μαρτυρήσῃ","μαρτυρέω"
43,01,07,"P",NULL,"περὶ","περὶ","περί","περί"
43,01,07,"RA","GSN","τοῦ","τοῦ","τοῦ","ὁ"
43,01,07,"N","GSN","φωτός,","φωτός","φωτός","φῶς"
43,01,07,"C",NULL,"ἵνα","ἵνα","ἵνα","ἵνα"
43,01,07,"A","NPM","πάντες","πάντες","πάντες","πᾶς"
43,01,07,"V","3AAS-P","πιστεύσωσιν","πιστεύσωσιν","πιστεύσωσι(ν)","πιστεύω"
43,01,07,"P",NULL,"δι’","δι’","διά","διά"
43,01,07,"RP","GSM","αὐτοῦ.","αὐτοῦ","αὐτοῦ","αὐτός"
43,01,08,"D",NULL,"οὐκ","οὐκ","οὐ","οὐ"
43,01,08,"V","3IAI-S","ἦν","ἦν","ἦν","εἰμί"
43,01,08,"RD","NSM","ἐκεῖνος","ἐκεῖνος","ἐκεῖνος","ἐκεῖνος"
43,01,08,"RA","NSN","τὸ","τὸ","τό","ὁ"
43,01,08,"N","NSN","φῶς,","φῶς","φῶς","φῶς"
43,01,08,"C",NULL,"ἀλλ’","ἀλλ’","ἀλλά","ἀλλά"
43,01,08,"C",NULL,"ἵνα","ἵνα","ἵνα","ἵνα"
43,01,08,"V","3AAS-S","μαρτυρήσῃ","μαρτυρήσῃ","μαρτυρήσῃ","μαρτυρέω"
43,01,08,"P",NULL,"περὶ","περὶ","περί","περί"
43,01,08,"RA","GSN","τοῦ","τοῦ","τοῦ","ὁ"
43,01,08,"N","GSN","φωτός.","φωτός","φωτός","φῶς"
43,01,09,"V","3IAI-S","ἦν","ἦν","ἦν","εἰμί"
43,01,09,"RA","NSN","τὸ","τὸ","τό","ὁ"
43,01,09,"N","NSN","φῶς","φῶς","φῶς","φῶς"
43,01,09,"RA","NSN","τὸ","τὸ","τό","ὁ"
43,01,09,"A","NSN","ἀληθινὸν","ἀληθινὸν","ἀληθινόν","ἀληθινός"
43,01,09,"RR","NSN","ὃ","ὃ","ὅ","ὅς"
43,01,09,"V","3PAI-S","φωτίζει","φωτίζει","φωτίζει","φωτίζω"
43,01,09,"A","ASM","πάντα","πάντα","πάντα","πᾶς"
43,01,09,"N","ASM","ἄνθρωπον","ἄνθρωπον","ἄνθρωπον","ἄνθρωπος"
43,01,09,"V","PMPASM","ἐρχόμενον","ἐρχόμενον","ἐρχόμενον","ἔρχομαι"
43,01,09,"P",NULL,"εἰς","εἰς","εἰς","εἰς"
43,01,09,"RA","ASM","τὸν","τὸν","τόν","ὁ"
43,01,09,"N","ASM","κόσμον.","κόσμον","κόσμον","κόσμος"
43,01,10,"P",NULL,"Ἐν","Ἐν","ἐν","ἐν"
43,01,10,"RA","DSM","τῷ","τῷ","τῷ","ὁ"
43,01,10,"N","DSM","κόσμῳ","κόσμῳ","κόσμῳ","κόσμος"
43,01,10,"V","3IAI-S","ἦν,","ἦν","ἦν","εἰμί"
43,01,10,"C",NULL,"καὶ","καὶ","καί","καί"
43,01,10,"RA","NSM","ὁ","ὁ","ὁ","ὁ"
43,01,10,"N","NSM","κόσμος","κόσμος","κόσμος","κόσμος"
43,01,10,"P",NULL,"δι’","δι’","διά","διά"
43,01,10,"RP","GSM","αὐτοῦ","αὐτοῦ","αὐτοῦ","αὐτός"
43,01,10,"V","3AMI-S","ἐγένετο,","ἐγένετο","ἐγένετο","γίνομαι"
43,01,10,"C",NULL,"καὶ","καὶ","καί","καί"
43,01,10,"RA","NSM","ὁ","ὁ","ὁ","ὁ"
43,01,10,"N","NSM","κόσμος","κόσμος","κόσμος","κόσμος"
43,01,10,"RP","ASM","αὐτὸν","αὐτὸν","αὐτόν","αὐτός"
43,01,10,"D",NULL,"οὐκ","οὐκ","οὐ","οὐ"
43,01,10,"V","3AAI-S","ἔγνω.","ἔγνω","ἔγνω","γινώσκω"
43,01,11,"P",NULL,"εἰς","εἰς","εἰς","εἰς"
43,01,11,"RA","APN","τὰ","τὰ","τά","ὁ"
43,01,11,"A","APN","ἴδια","ἴδια","ἴδια","ἴδιος"
43,01,11,"V","3AAI-S","ἦλθεν,","ἦλθεν","ἦλθε(ν)","ἔρχομαι"
43,01,11,"C",NULL,"καὶ","καὶ","καί","καί"
43,01,11,"RA","NPM","οἱ","οἱ","οἱ","ὁ"
43,01,11,"A","NPM","ἴδιοι","ἴδιοι","ἴδιοι","ἴδιος"
43,01,11,"RP","ASM","αὐτὸν","αὐτὸν","αὐτόν","αὐτός"
43,01,11,"D",NULL,"οὐ","οὐ","οὐ","οὐ"
43,01,11,"V","3AAI-P","παρέλαβον.","παρέλαβον","παρέλαβον","παραλαμβάνω"
43,01,12,"RR","NPM","ὅσοι","ὅσοι","ὅσοι","ὅσος"
43,01,12,"C",NULL,"δὲ","δὲ","δέ","δέ"
43,01,12,"V","3AAI-P","ἔλαβον","ἔλαβον","ἔλαβον","λαμβάνω"
43,01,12,"RP","ASM","αὐτόν,","αὐτόν","αὐτόν","αὐτός"
43,01,12,"V","3AAI-S","ἔδωκεν","ἔδωκεν","ἔδωκε(ν)","δίδωμι"
43,01,12,"RP","DPM","αὐτοῖς","αὐτοῖς","αὐτοῖς","αὐτός"
43,01,12,"N","ASF","ἐξουσίαν","ἐξουσίαν","ἐξουσίαν","ἐξουσία"
43,01,12,"N","APN","τέκνα","τέκνα","τέκνα","τέκνον"
43,01,12,"N","GSM","θεοῦ","θεοῦ","θεοῦ","θεός"
43,01,12,"V","AMN","γενέσθαι,","γενέσθαι","γενέσθαι","γίνομαι"
43,01,12,"RA","DPM","τοῖς","τοῖς","τοῖς","ὁ"
43,01,12,"V","PAPDPM","πιστεύουσιν","πιστεύουσιν","πιστεύουσι(ν)","πιστεύω"
43,01,12,"P",NULL,"εἰς","εἰς","εἰς","εἰς"
43,01,12,"RA","ASN","τὸ","τὸ","τό","ὁ"
43,01,12,"N","ASN","ὄνομα","ὄνομα","ὄνομα","ὄνομα"
43,01,12,"RP","GSM","αὐτοῦ,","αὐτοῦ","αὐτοῦ","αὐτός"
43,01,13,"RR","NPM","οἳ","οἳ","οἵ","ὅς"
43,01,13,"D",NULL,"οὐκ","οὐκ","οὐ","οὐ"
43,01,13,"P",NULL,"ἐξ","ἐξ","ἐκ","ἐκ"
43,01,13,"N","GPN","αἱμάτων","αἱμάτων","αἱμάτων","αἷμα"
43,01,13,"C",NULL,"οὐδὲ","οὐδὲ","οὐδέ","οὐδέ"
43,01,13,"P",NULL,"ἐκ","ἐκ","ἐκ","ἐκ"
43,01,13,"N","GSN","θελήματος","θελήματος","θελήματος","θέλημα"
43,01,13,"N","GSF","σαρκὸς","σαρκὸς","σαρκός","σάρξ"
43,01,13,"C",NULL,"οὐδὲ","οὐδὲ","οὐδέ","οὐδέ"
43,01,13,"P",NULL,"ἐκ","ἐκ","ἐκ","ἐκ"
43,01,13,"N","GSN","θελήματος","θελήματος","θελήματος","θέλημα"
43,01,13,"N","GSM","ἀνδρὸς","ἀνδρὸς","ἀνδρός","ἀνήρ"
43,01,13,"C",NULL,"ἀλλ’","ἀλλ’","ἀλλά","ἀλλά"
43,01,13,"P",NULL,"ἐκ","ἐκ","ἐκ","ἐκ"
43,01,13,"N","GSM","θεοῦ","θεοῦ","θεοῦ","θεός"
43,01,13,"V","3API-P","ἐγεννήθησαν.","ἐγεννήθησαν","ἐγεννήθησαν","γεννάω"
43,01,14,"C",NULL,"Καὶ","Καὶ","καί","καί"
43,01,14,"RA","NSM","ὁ","ὁ","ὁ","ὁ"
43,01,14,"N","NSM","λόγος","λόγος","λόγος","λόγος"
43,01,14,"N","NSF","σὰρξ","σὰρξ","σάρξ","σάρξ"
43,01,14,"V","3AMI-S","ἐγένετο","ἐγένετο","ἐγένετο","γίνομαι"
43,01,14,"C",NULL,"καὶ","καὶ","καί","καί"
43,01,14,"V","3AAI-S","ἐσκήνωσεν","ἐσκήνωσεν","ἐσκήνωσε(ν)","σκηνόω"
43,01,14,"P",NULL,"ἐν","ἐν","ἐν","ἐν"
43,01,14,"RP","DP","ἡμῖν,","ἡμῖν","ἡμῖν","ἐγώ"
43,01,14,"C",NULL,"καὶ","καὶ","καί","καί"
43,01,14,"V","1AMI-P","ἐθεασάμεθα","ἐθεασάμεθα","ἐθεασάμεθα","θεάομαι"
43,01,14,"RA","ASF","τὴν","τὴν","τήν","ὁ"
43,01,14,"N","ASF","δόξαν","δόξαν","δόξαν","δόξα"
43,01,14,"RP","GSM","αὐτοῦ,","αὐτοῦ","αὐτοῦ","αὐτός"
43,01,14,"N","ASF","δόξαν","δόξαν","δόξαν","δόξα"
43,01,14,"C",NULL,"ὡς","ὡς","ὡς","ὡς"
43,01,14,"A","GSM","μονογενοῦς","μονογενοῦς","μονογενοῦς","μονογενής"
43,01,14,"P",NULL,"παρὰ","παρὰ","παρά","παρά"
43,01,14,"N","GSM","πατρός,","πατρός","πατρός","πατήρ"
43,01,14,"A","NSM","πλήρης","πλήρης","πλήρης","πλήρης"
43,01,14,"N","GSF","χάριτος","χάριτος","χάριτος","χάρις"
43,01,14,"C",NULL,"καὶ","καὶ","καί","καί"
43,01,14,"N","GSF","ἀληθείας·","ἀληθείας","ἀληθείας","ἀλήθεια"
43,01,15,"N","NSM","(Ἰωάννης","Ἰωάννης","Ἰωάννης","Ἰωάννης"
43,01,15,"V","3PAI-S","μαρτυρεῖ","μαρτυρεῖ","μαρτυρεῖ","μαρτυρέω"
43,01,15,"P",NULL,"περὶ","περὶ","περί","περί"
43,01,15,"RP","GSM","αὐτοῦ","αὐτοῦ","αὐτοῦ","αὐτός"
43,01,15,"C",NULL,"καὶ","καὶ","καί","καί"
43,01,15,"V","3XAI-S","κέκραγεν","κέκραγεν","κέκραγε(ν)","κράζω"
43,01,15,"V","PAPNSM","λέγων·","λέγων","λέγων","λέγω"
43,01,15,"RD","NSM","Οὗτος","Οὗτος","οὗτος","οὗτος"
43,01,15,"V","3IAI-S","ἦν","ἦν","ἦν","εἰμί"
43,01,15,"RR","ASM","⸂ὃν","ὃν","ὅν","ὅς"
43,01,15,"V","1AAI-S","εἶπον⸃·","εἶπον","εἶπον","λέγω"
43,01,15,"RA","NSM","Ὁ","Ὁ","ὁ","ὁ"
43,01,15,"P",NULL,"ὀπίσω","ὀπίσω","ὀπίσω","ὀπίσω"
43,01,15,"RP","GS","μου","μου","μου","ἐγώ"
43,01,15,"V","PMPNSM","ἐρχόμενος","ἐρχόμενος","ἐρχόμενος","ἔρχομαι"
43,01,15,"P",NULL,"ἔμπροσθέν","ἔμπροσθέν","ἔμπροσθεν","ἔμπροσθεν"
43,01,15,"RP","GS","μου","μου","μου","ἐγώ"
43,01,15,"V","3XAI-S","γέγονεν,","γέγονεν","γέγονε(ν)","γίνομαι"
43,01,15,"C",NULL,"ὅτι","ὅτι","ὅτι","ὅτι"
43,01,15,"A","NSM","πρῶτός","πρῶτός","πρῶτος","πρῶτος"
43,01,15,"RP","GS","μου","μου","μου","ἐγώ"
43,01,15,"V","3IAI-S","ἦν·)","ἦν","ἦν","εἰμί"
43,01,16,"C",NULL,"⸀ὅτι","ὅτι","ὅτι","ὅτι"
43,01,16,"P",NULL,"ἐκ","ἐκ","ἐκ","ἐκ"
43,01,16,"RA","GSN","τοῦ","τοῦ","τοῦ","ὁ"
43,01,16,"N","GSN","πληρώματος","πληρώματος","πληρώματος","πλήρωμα"
43,01,16,"RP","GSM","αὐτοῦ","αὐτοῦ","αὐτοῦ","αὐτός"
43,01,16,"RP","NP","ἡμεῖς","ἡμεῖς","ἡμεῖς","ἐγώ"
43,01,16,"A","NPM","πάντες","πάντες","πάντες","πᾶς"
43,01,16,"V","1AAI-P","ἐλάβομεν,","ἐλάβομεν","ἐλάβομεν","λαμβάνω"
43,01,16,"D",NULL,"καὶ","καὶ","καί","καί"
43,01,16,"N","ASF","χάριν","χάριν","χάριν","χάρις"
43,01,16,"P",NULL,"ἀντὶ","ἀντὶ","ἀντί","ἀντί"
43,01,16,"N","GSF","χάριτος·","χάριτος","χάριτος","χάρις"
43,01,17,"C",NULL,"ὅτι","ὅτι","ὅτι","ὅτι"
43,01,17,"RA","NSM","ὁ","ὁ","ὁ","ὁ"
43,01,17,"N","NSM","νόμος","νόμος","νόμος","νόμος"
43,01,17,"P",NULL,"διὰ","διὰ","διά","διά"
43,01,17,"N","GSM","Μωϋσέως","Μωϋσέως","Μωϋσέως","Μωϋσῆς"
43,01,17,"V","3API-S","ἐδόθη,","ἐδόθη","ἐδόθη","δίδωμι"
43,01,17,"RA","NSF","ἡ","ἡ","ἡ","ὁ"
43,01,17,"N","NSF","χάρις","χάρις","χάρις","χάρις"
43,01,17,"C",NULL,"καὶ","καὶ","καί","καί"
43,01,17,"RA","NSF","ἡ","ἡ","ἡ","ὁ"
43,01,17,"N","NSF","ἀλήθεια","ἀλήθεια","ἀλήθεια","ἀλήθεια"
43,01,17,"P",NULL,"διὰ","διὰ","διά","διά"
43,01,17,"N","GSM","Ἰησοῦ","Ἰησοῦ","Ἰησοῦ","Ἰησοῦς"
43,01,17,"N","GSM","Χριστοῦ","Χριστοῦ","Χριστοῦ","Χριστός"
43,01,17,"V","3AMI-S","ἐγένετο.","ἐγένετο","ἐγένετο","γίνομαι"
43,01,18,"N","ASM","θεὸν","θεὸν","θεόν","θεός"
43,01,18,"A","NSM","οὐδεὶς","οὐδεὶς","οὐδείς","οὐδείς"
43,01,18,"V","3XAI-S","ἑώρακεν","ἑώρακεν","ἑώρακε(ν)","ὁράω"
43,01,18,"D",NULL,"πώποτε·","πώποτε","πώποτε","πώποτε"
43,01,18,"A","NSM","⸂μονογενὴς","μονογενὴς","μονογενής","μονογενής"
43,01,18,"N","NSM","θεὸς⸃","θεὸς","θεός","θεός"
43,01,18,"RA","NSM","ὁ","ὁ","ὁ","ὁ"
43,01,18,"V","PAPNSM","ὢν","ὢν","ὤν","εἰμί"
43,01,18,"P",NULL,"εἰς","εἰς","εἰς","εἰς"
43,01,18,"RA","ASM","τὸν","τὸν","τόν","ὁ"
43,01,18,"N","ASM","κόλπον","κόλπον","κόλπον","κόλπος"
43,01,18,"RA","GSM","τοῦ","τοῦ","τοῦ","ὁ"
43,01,18,"N","GSM","πατρὸς","πατρὸς","πατρός","πατήρ"
43,01,18,"RD","NSM","ἐκεῖνος","ἐκεῖνος","ἐκεῖνος","ἐκεῖνος"
43,01,18,"V","3AMI-S","ἐξηγήσατο.","ἐξηγήσατο","ἐξηγήσατο","ἐξηγέομαι"
43,01,19,"C",NULL,"Καὶ","Καὶ","καί","καί"
43,01,19,"RD","NSF","αὕτη","αὕτη","αὕτη","οὗτος"
43,01,19,"V","3PAI-S","ἐστὶν","ἐστὶν","ἐστί(ν)","εἰμί"
43,01,19,"RA","NSF","ἡ","ἡ","ἡ","ὁ"
43,01,19,"N","NSF","μαρτυρία","μαρτυρία","μαρτυρία","μαρτυρία"
43,01,19,"RA","GSM","τοῦ","τοῦ","τοῦ","ὁ"
43,01,19,"N","GSM","Ἰωάννου","Ἰωάννου","Ἰωάννου","Ἰωάννης"
43,01,19,"C",NULL,"ὅτε","ὅτε","ὅτε","ὅτε"
43,01,19,"V","3AAI-P","⸀ἀπέστειλαν","ἀπέστειλαν","ἀπέστειλαν","ἀποστέλλω"
43,01,19,"RA","NPM","οἱ","οἱ","οἱ","ὁ"
43,01,19,"A","NPM","Ἰουδαῖοι","Ἰουδαῖοι","Ἰουδαῖοι","Ἰουδαῖος"
43,01,19,"P",NULL,"ἐξ","ἐξ","ἐκ","ἐκ"
43,01,19,"N","GPN","Ἱεροσολύμων","Ἱεροσολύμων","Ἱεροσολύμων","Ἱεροσόλυμα"
43,01,19,"N","APM","ἱερεῖς","ἱερεῖς","ἱερεῖς","ἱερεύς"
43,01,19,"C",NULL,"καὶ","καὶ","καί","καί"
43,01,19,"N","APM","Λευίτας","Λευίτας","Λευίτας","Λευίτης"
43,01,19,"C",NULL,"ἵνα","ἵνα","ἵνα","ἵνα"
43,01,19,"V","3AAS-P","ἐρωτήσωσιν","ἐρωτήσωσιν","ἐρωτήσωσι(ν)","ἐρωτάω"
43,01,19,"RP","ASM","αὐτόν·","αὐτόν","αὐτόν","αὐτός"
43,01,19,"RP","NS","Σὺ","Σὺ","σύ","σύ"
43,01,19,"RI","NSM","τίς","τίς","τίς","τίς"
43,01,19,"V","2PAI-S","εἶ;","εἶ","εἶ","εἰμί"
43,01,20,"C",NULL,"καὶ","καὶ","καί","καί"
43,01,20,"V","3AAI-S","ὡμολόγησεν","ὡμολόγησεν","ὡμολόγησε(ν)","ὁμολογέω"
43,01,20,"C",NULL,"καὶ","καὶ","καί","καί"
43,01,20,"D",NULL,"οὐκ","οὐκ","οὐ","οὐ"
43,01,20,"V","3AMI-S","ἠρνήσατο,","ἠρνήσατο","ἠρνήσατο","ἀρνέομαι"
43,01,20,"C",NULL,"καὶ","καὶ","καί","καί"
43,01,20,"V","3AAI-S","ὡμολόγησεν","ὡμολόγησεν","ὡμολόγησε(ν)","ὁμολογέω"
43,01,20,"C",NULL,"ὅτι","ὅτι","ὅτι","ὅτι"
43,01,20,"RP","NS","⸂Ἐγὼ","Ἐγὼ","ἐγώ","ἐγώ"
43,01,20,"D",NULL,"οὐκ","οὐκ","οὐ","οὐ"
43,01,20,"V","1PAI-S","εἰμὶ⸃","εἰμὶ","εἰμί","εἰμί"
43,01,20,"RA","NSM","ὁ","ὁ","ὁ","ὁ"
43,01,20,"N","NSM","χριστός.","χριστός","Χριστός","Χριστός"
43,01,21,"C",NULL,"καὶ","καὶ","καί","καί"
43,01,21,"V","3AAI-P","ἠρώτησαν","ἠρώτησαν","ἠρώτησαν","ἐρωτάω"
43,01,21,"RP","ASM","αὐτόν·","αὐτόν","αὐτόν","αὐτός"
43,01,21,"RI","NSN","Τί","Τί","τί","τίς"
43,01,21,"C",NULL,"οὖν;","οὖν","οὖν","οὖν"
43,01,21,"RP","NS","⸂σὺ","σὺ","σύ","σύ"
43,01,21,"N","NSM","Ἠλίας","Ἠλίας","Ἠλίας","Ἠλίας"
43,01,21,"V","2PAI-S","εἶ⸃;","εἶ","εἶ","εἰμί"
43,01,21,"C",NULL,"καὶ","καὶ","καί","καί"
43,01,21,"V","3PAI-S","λέγει·","λέγει","λέγει","λέγω"
43,01,21,"D",NULL,"Οὐκ","Οὐκ","οὐ","οὐ"
43,01,21,"V","1PAI-S","εἰμί.","εἰμί","εἰμί","εἰμί"
43,01,21,"RA","NSM","Ὁ","Ὁ","ὁ","ὁ"
43,01,21,"N","NSM","προφήτης","προφήτης","προφήτης","προφήτης"
43,01,21,"V","2PAI-S","εἶ","εἶ","εἶ","εἰμί"
43,01,21,"RP","NS","σύ;","σύ","σύ","σύ"
43,01,21,"C",NULL,"καὶ","καὶ","καί","καί"
43,01,21,"V","3API-S","ἀπεκρίθη·","ἀπεκρίθη","ἀπεκρίθη","ἀποκρίνομαι"
43,01,21,"X",NULL,"Οὔ.","Οὔ","οὔ","οὔ"
43,01,22,"V","3AAI-P","εἶπαν","εἶπαν","εἶπαν","λέγω"
43,01,22,"C",NULL,"οὖν","οὖν","οὖν","οὖν"
43,01,22,"RP","DSM","αὐτῷ·","αὐτῷ","αὐτῷ","αὐτός"
43,01,22,"RI","NSM","Τίς","Τίς","τίς","τίς"
43,01,22,"V","2PAI-S","εἶ;","εἶ","εἶ","εἰμί"
43,01,22,"C",NULL,"ἵνα","ἵνα","ἵνα","ἵνα"
43,01,22,"N","ASF","ἀπόκρισιν","ἀπόκρισιν","ἀπόκρισιν","ἀπόκρισις"
43,01,22,"V","1AAS-P","δῶμεν","δῶμεν","δῶμεν","δίδωμι"
43,01,22,"RA","DPM","τοῖς","τοῖς","τοῖς","ὁ"
43,01,22,"V","AAPDPM","πέμψασιν","πέμψασιν","πέμψασι(ν)","πέμπω"
43,01,22,"RP","AP","ἡμᾶς·","ἡμᾶς","ἡμᾶς","ἐγώ"
43,01,22,"RI","ASN","τί","τί","τί","τίς"
43,01,22,"V","2PAI-S","λέγεις","λέγεις","λέγεις","λέγω"
43,01,22,"P",NULL,"περὶ","περὶ","περί","περί"
43,01,22,"RP","GSM","σεαυτοῦ;","σεαυτοῦ","σεαυτοῦ","σεαυτοῦ"
43,01,23,"V","3IAI-S","ἔφη·","ἔφη","ἔφη","φημί"
43,01,23,"RP","NS","Ἐγὼ","Ἐγὼ","ἐγώ","ἐγώ"
43,01,23,"N","NSF","φωνὴ","φωνὴ","φωνή","φωνή"
43,01,23,"V","PAPGSM","βοῶντος","βοῶντος","βοῶντος","βοάω"
43,01,23,"P",NULL,"ἐν","ἐν","ἐν","ἐν"
43,01,23,"RA","DSF","τῇ","τῇ","τῇ","ὁ"
43,01,23,"A","DSF","ἐρήμῳ·","ἐρήμῳ","ἐρήμῳ","ἔρημος"
43,01,23,"V","2AAD-P","Εὐθύνατε","Εὐθύνατε","εὐθύνατε","εὐθύνω"
43,01,23,"RA","ASF","τὴν","τὴν","τήν","ὁ"
43,01,23,"N","ASF","ὁδὸν","ὁδὸν","ὁδόν","ὁδός"
43,01,23,"N","GSM","κυρίου,","κυρίου","κυρίου","κύριος"
43,01,23,"C",NULL,"καθὼς","καθὼς","καθώς","καθώς"
43,01,23,"V","3AAI-S","εἶπεν","εἶπεν","εἶπε(ν)","λέγω"
43,01,23,"N","NSM","Ἠσαΐας","Ἠσαΐας","Ἠσαΐας","Ἠσαΐας"
43,01,23,"RA","NSM","ὁ","ὁ","ὁ","ὁ"
43,01,23,"N","NSM","προφήτης.","προφήτης","προφήτης","προφήτης"
43,01,24,"C",NULL,"⸀Καὶ","Καὶ","καί","καί"
43,01,24,"V","XPPNPM","ἀπεσταλμένοι","ἀπεσταλμένοι","ἀπεσταλμένοι","ἀποστέλλω"
43,01,24,"V","3IAI-P","ἦσαν","ἦσαν","ἦσαν","εἰμί"
43,01,24,"P",NULL,"ἐκ","ἐκ","ἐκ","ἐκ"
43,01,24,"RA","GPM","τῶν","τῶν","τῶν","ὁ"
43,01,24,"N","GPM","Φαρισαίων.","Φαρισαίων","Φαρισαίων","Φαρισαῖος"
43,01,25,"C",NULL,"καὶ","καὶ","καί","καί"
43,01,25,"V","3AAI-P","ἠρώτησαν","ἠρώτησαν","ἠρώτησαν","ἐρωτάω"
43,01,25,"RP","ASM","αὐτὸν","αὐτὸν","αὐτόν","αὐτός"
43,01,25,"C",NULL,"καὶ","καὶ","καί","καί"
43,01,25,"V","3AAI-P","εἶπαν","εἶπαν","εἶπαν","λέγω"
43,01,25,"RP","DSM","αὐτῷ·","αὐτῷ","αὐτῷ","αὐτός"
43,01,25,"RI","ASN","Τί","Τί","τί","τίς"
43,01,25,"C",NULL,"οὖν","οὖν","οὖν","οὖν"
43,01,25,"V","2PAI-S","βαπτίζεις","βαπτίζεις","βαπτίζεις","βαπτίζω"
43,01,25,"C",NULL,"εἰ","εἰ","εἰ","εἰ"
43,01,25,"RP","NS","σὺ","σὺ","σύ","σύ"
43,01,25,"D",NULL,"οὐκ","οὐκ","οὐ","οὐ"
43,01,25,"V","2PAI-S","εἶ","εἶ","εἶ","εἰμί"
43,01,25,"RA","NSM","ὁ","ὁ","ὁ","ὁ"
43,01,25,"N","NSM","χριστὸς","χριστὸς","Χριστός","Χριστός"
43,01,25,"C",NULL,"⸂οὐδὲ","οὐδὲ","οὐδέ","οὐδέ"
43,01,25,"N","NSM","Ἠλίας","Ἠλίας","Ἠλίας","Ἠλίας"
43,01,25,"C",NULL,"οὐδὲ⸃","οὐδὲ","οὐδέ","οὐδέ"
43,01,25,"RA","NSM","ὁ","ὁ","ὁ","ὁ"
43,01,25,"N","NSM","προφήτης;","προφήτης","προφήτης","προφήτης"
43,01,26,"V","3API-S","ἀπεκρίθη","ἀπεκρίθη","ἀπεκρίθη","ἀποκρίνομαι"
43,01,26,"RP","DPM","αὐτοῖς","αὐτοῖς","αὐτοῖς","αὐτός"
43,01,26,"RA","NSM","ὁ","ὁ","ὁ","ὁ"
43,01,26,"N","NSM","Ἰωάννης","Ἰωάννης","Ἰωάννης","Ἰωάννης"
43,01,26,"V","PAPNSM","λέγων·","λέγων","λέγων","λέγω"
43,01,26,"RP","NS","Ἐγὼ","Ἐγὼ","ἐγώ","ἐγώ"
43,01,26,"V","1PAI-S","βαπτίζω","βαπτίζω","βαπτίζω","βαπτίζω"
43,01,26,"P",NULL,"ἐν","ἐν","ἐν","ἐν"
43,01,26,"N","DSN","ὕδατι·","ὕδατι","ὕδατι","ὕδωρ"
43,01,26,"A","NSM","⸀μέσος","μέσος","μέσος","μέσος"
43,01,26,"RP","GP","ὑμῶν","ὑμῶν","ὑμῶν","σύ"
43,01,26,"V","3XAI-S","⸀ἕστηκεν","ἕστηκεν","ἕστηκε(ν)","ἵστημι"
43,01,26,"RR","ASM","ὃν","ὃν","ὅν","ὅς"
43,01,26,"RP","NP","ὑμεῖς","ὑμεῖς","ὑμεῖς","σύ"
43,01,26,"D",NULL,"οὐκ","οὐκ","οὐ","οὐ"
43,01,26,"V","2XAI-P","οἴδατε,","οἴδατε","οἴδατε","οἶδα"
43,01,27,"RA","NSM","⸀ὁ","ὁ","ὁ","ὁ"
43,01,27,"P",NULL,"ὀπίσω","ὀπίσω","ὀπίσω","ὀπίσω"
43,01,27,"RP","GS","μου","μου","μου","ἐγώ"
43,01,27,"V","PMPNSM","⸀ἐρχόμενος,","ἐρχόμενος","ἐρχόμενος","ἔρχομαι"
43,01,27,"RR","GSM","οὗ","οὗ","οὗ","ὅς"
43,01,27,"D",NULL,"⸂οὐκ","οὐκ","οὐ","οὐ"
43,01,27,"V","1PAI-S","εἰμὶ⸃","εἰμὶ","εἰμί","εἰμί"
43,01,27,"A","NSM","ἄξιος","ἄξιος","ἄξιος","ἄξιος"
43,01,27,"C",NULL,"ἵνα","ἵνα","ἵνα","ἵνα"
43,01,27,"V","1AAS-S","λύσω","λύσω","λύσω","λύω"
43,01,27,"RP","GSM","αὐτοῦ","αὐτοῦ","αὐτοῦ","αὐτός"
43,01,27,"RA","ASM","τὸν","τὸν","τόν","ὁ"
43,01,27,"N","ASM","ἱμάντα","ἱμάντα","ἱμάντα","ἱμάς"
43,01,27,"RA","GSN","τοῦ","τοῦ","τοῦ","ὁ"
43,01,27,"N","GSN","ὑποδήματος.","ὑποδήματος","ὑποδήματος","ὑπόδημα"
43,01,28,"RD","NPN","ταῦτα","ταῦτα","ταῦτα","οὗτος"
43,01,28,"P",NULL,"ἐν","ἐν","ἐν","ἐν"
43,01,28,"N","DSF","Βηθανίᾳ","Βηθανίᾳ","Βηθανίᾳ","Βηθανία"
43,01,28,"V","3AMI-S","ἐγένετο","ἐγένετο","ἐγένετο","γίνομαι"
43,01,28,"P",NULL,"πέραν","πέραν","πέραν","πέραν"
43,01,28,"RA","GSM","τοῦ","τοῦ","τοῦ","ὁ"
43,01,28,"N","GSM","Ἰορδάνου,","Ἰορδάνου","Ἰορδάνου","Ἰορδάνης"
43,01,28,"D",NULL,"ὅπου","ὅπου","ὅπου","ὅπου"
43,01,28,"V","3IAI-S","ἦν","ἦν","ἦν","εἰμί"
43,01,28,"RA","NSM","⸀ὁ","ὁ","ὁ","ὁ"
43,01,28,"N","NSM","Ἰωάννης","Ἰωάννης","Ἰωάννης","Ἰωάννης"
43,01,28,"V","PAPNSM","βαπτίζων.","βαπτίζων","βαπτίζων","βαπτίζω"
43,01,29,"RA","DSF","Τῇ","Τῇ","τῇ","ὁ"
43,01,29,"D",NULL,"ἐπαύριον","ἐπαύριον","ἐπαύριον","ἐπαύριον"
43,01,29,"V","3PAI-S","βλέπει","βλέπει","βλέπει","βλέπω"
43,01,29,"RA","ASM","τὸν","τὸν","τόν","ὁ"
43,01,29,"N","ASM","Ἰησοῦν","Ἰησοῦν","Ἰησοῦν","Ἰησοῦς"
43,01,29,"V","PMPASM","ἐρχόμενον","ἐρχόμενον","ἐρχόμενον","ἔρχομαι"
43,01,29,"P",NULL,"πρὸς","πρὸς","πρός","πρός"
43,01,29,"RP","ASM","αὐτόν,","αὐτόν","αὐτόν","αὐτός"
43,01,29,"C",NULL,"καὶ","καὶ","καί","καί"
43,01,29,"V","3PAI-S","λέγει·","λέγει","λέγει","λέγω"
43,01,29,"X",NULL,"Ἴδε","Ἴδε","ἴδε","ἴδε"
43,01,29,"RA","NSM","ὁ","ὁ","ὁ","ὁ"
43,01,29,"N","NSM","ἀμνὸς","ἀμνὸς","ἀμνός","ἀμνός"
43,01,29,"RA","GSM","τοῦ","τοῦ","τοῦ","ὁ"
43,01,29,"N","GSM","θεοῦ","θεοῦ","θεοῦ","θεός"
43,01,29,"RA","NSM","ὁ","ὁ","ὁ","ὁ"
43,01,29,"V","PAPNSM","αἴρων","αἴρων","αἴρων","αἴρω"
43,01,29,"RA","ASF","τὴν","τὴν","τήν","ὁ"
43,01,29,"N","ASF","ἁμαρτίαν","ἁμαρτίαν","ἁμαρτίαν","ἁμαρτία"
43,01,29,"RA","GSM","τοῦ","τοῦ","τοῦ","ὁ"
43,01,29,"N","GSM","κόσμου.","κόσμου","κόσμου","κόσμος"
43,01,30,"RD","NSM","οὗτός","οὗτός","οὗτος","οὗτος"
43,01,30,"V","3PAI-S","ἐστιν","ἐστιν","ἐστί(ν)","εἰμί"
43,01,30,"P",NULL,"⸀ὑπὲρ","ὑπὲρ","ὑπέρ","ὑπέρ"
43,01,30,"RR","GSM","οὗ","οὗ","οὗ","ὅς"
43,01,30,"RP","NS","ἐγὼ","ἐγὼ","ἐγώ","ἐγώ"
43,01,30,"V","1AAI-S","εἶπον·","εἶπον","εἶπον","λέγω"
43,01,30,"P",NULL,"Ὀπίσω","Ὀπίσω","ὀπίσω","ὀπίσω"
43,01,30,"RP","GS","μου","μου","μου","ἐγώ"
43,01,30,"V","3PMI-S","ἔρχεται","ἔρχεται","ἔρχεται","ἔρχομαι"
43,01,30,"N","NSM","ἀνὴρ","ἀνὴρ","ἀνήρ","ἀνήρ"
43,01,30,"RR","NSM","ὃς","ὃς","ὅς","ὅς"
43,01,30,"P",NULL,"ἔμπροσθέν","ἔμπροσθέν","ἔμπροσθεν","ἔμπροσθεν"
43,01,30,"RP","GS","μου","μου","μου","ἐγώ"
43,01,30,"V","3XAI-S","γέγονεν,","γέγονεν","γέγονε(ν)","γίνομαι"
43,01,30,"C",NULL,"ὅτι","ὅτι","ὅτι","ὅτι"
43,01,30,"A","NSM","πρῶτός","πρῶτός","πρῶτος","πρῶτος"
43,01,30,"RP","GS","μου","μου","μου","ἐγώ"
43,01,30,"V","3IAI-S","ἦν·","ἦν","ἦν","εἰμί"
43,01,31,"RP","NS","κἀγὼ","κἀγὼ","κἀγώ","κἀγώ"
43,01,31,"D",NULL,"οὐκ","οὐκ","οὐ","οὐ"
43,01,31,"V","1YAI-S","ᾔδειν","ᾔδειν","ᾔδειν","οἶδα"
43,01,31,"RP","ASM","αὐτόν,","αὐτόν","αὐτόν","αὐτός"
43,01,31,"C",NULL,"ἀλλ’","ἀλλ’","ἀλλά","ἀλλά"
43,01,31,"C",NULL,"ἵνα","ἵνα","ἵνα","ἵνα"
43,01,31,"V","3APS-S","φανερωθῇ","φανερωθῇ","φανερωθῇ","φανερόω"
43,01,31,"RA","DSM","τῷ","τῷ","τῷ","ὁ"
43,01,31,"N","DSM","Ἰσραὴλ","Ἰσραὴλ","Ἰσραήλ","Ἰσραήλ"
43,01,31,"P",NULL,"διὰ","διὰ","διά","διά"
43,01,31,"RD","ASN","τοῦτο","τοῦτο","τοῦτο","οὗτος"
43,01,31,"V","1AAI-S","ἦλθον","ἦλθον","ἦλθον","ἔρχομαι"
43,01,31,"RP","NS","ἐγὼ","ἐγὼ","ἐγώ","ἐγώ"
43,01,31,"P",NULL,"⸀ἐν","ἐν","ἐν","ἐν"
43,01,31,"N","DSN","ὕδατι","ὕδατι","ὕδατι","ὕδωρ"
43,01,31,"V","PAPNSM","βαπτίζων.","βαπτίζων","βαπτίζων","βαπτίζω"
43,01,32,"C",NULL,"καὶ","καὶ","καί","καί"
43,01,32,"V","3AAI-S","ἐμαρτύρησεν","ἐμαρτύρησεν","ἐμαρτύρησε(ν)","μαρτυρέω"
43,01,32,"N","NSM","Ἰωάννης","Ἰωάννης","Ἰωάννης","Ἰωάννης"
43,01,32,"V","PAPNSM","λέγων","λέγων","λέγων","λέγω"
43,01,32,"C",NULL,"ὅτι","ὅτι","ὅτι","ὅτι"
43,01,32,"V","1XMI-S","Τεθέαμαι","Τεθέαμαι","τεθέαμαι","θεάομαι"
43,01,32,"RA","ASN","τὸ","τὸ","τό","ὁ"
43,01,32,"N","ASN","πνεῦμα","πνεῦμα","πνεῦμα","πνεῦμα"
43,01,32,"V","PAPASN","καταβαῖνον","καταβαῖνον","καταβαῖνον","καταβαίνω"
43,01,32,"C",NULL,"⸀ὡς","ὡς","ὡς","ὡς"
43,01,32,"N","ASF","περιστερὰν","περιστερὰν","περιστεράν","περιστερά"
43,01,32,"P",NULL,"ἐξ","ἐξ","ἐκ","ἐκ"
43,01,32,"N","GSM","οὐρανοῦ,","οὐρανοῦ","οὐρανοῦ","οὐρανός"
43,01,32,"C",NULL,"καὶ","καὶ","καί","καί"
43,01,32,"V","3AAI-S","ἔμεινεν","ἔμεινεν","ἔμεινε(ν)","μένω"
43,01,32,"P",NULL,"ἐπ’","ἐπ’","ἐπί","ἐπί"
43,01,32,"RP","ASM","αὐτόν·","αὐτόν","αὐτόν","αὐτός"
43,01,33,"RP","NS","κἀγὼ","κἀγὼ","κἀγώ","κἀγώ"
43,01,33,"D",NULL,"οὐκ","οὐκ","οὐ","οὐ"
43,01,33,"V","1YAI-S","ᾔδειν","ᾔδειν","ᾔδειν","οἶδα"
43,01,33,"RP","ASM","αὐτόν,","αὐτόν","αὐτόν","αὐτός"
43,01,33,"C",NULL,"ἀλλ’","ἀλλ’","ἀλλά","ἀλλά"
43,01,33,"RA","NSM","ὁ","ὁ","ὁ","ὁ"
43,01,33,"V","AAPNSM","πέμψας","πέμψας","πέμψας","πέμπω"
43,01,33,"RP","AS","με","με","με","ἐγώ"
43,01,33,"V","PAN","βαπτίζειν","βαπτίζειν","βαπτίζειν","βαπτίζω"
43,01,33,"P",NULL,"ἐν","ἐν","ἐν","ἐν"
43,01,33,"N","DSN","ὕδατι","ὕδατι","ὕδατι","ὕδωρ"
43,01,33,"RD","NSM","ἐκεῖνός","ἐκεῖνός","ἐκεῖνος","ἐκεῖνος"
43,01,33,"RP","DS","μοι","μοι","μοι","ἐγώ"
43,01,33,"V","3AAI-S","εἶπεν·","εἶπεν","εἶπε(ν)","λέγω"
43,01,33,"P",NULL,"Ἐφ’","Ἐφ’","ἐπί","ἐπί"
43,01,33,"RR","ASM","ὃν","ὃν","ὅν","ὅς"
43,01,33,"X",NULL,"ἂν","ἂν","ἄν","ἄν"
43,01,33,"V","2AAS-S","ἴδῃς","ἴδῃς","ἴδῃς","ὁράω"
43,01,33,"RA","ASN","τὸ","τὸ","τό","ὁ"
43,01,33,"N","ASN","πνεῦμα","πνεῦμα","πνεῦμα","πνεῦμα"
43,01,33,"V","PAPASN","καταβαῖνον","καταβαῖνον","καταβαῖνον","καταβαίνω"
43,01,33,"C",NULL,"καὶ","καὶ","καί","καί"
43,01,33,"V","PAPASN","μένον","μένον","μένον","μένω"
43,01,33,"P",NULL,"ἐπ’","ἐπ’","ἐπί","ἐπί"
43,01,33,"RP","ASM","αὐτόν,","αὐτόν","αὐτόν","αὐτός"
43,01,33,"RD","NSM","οὗτός","οὗτός","οὗτος","οὗτος"
43,01,33,"V","3PAI-S","ἐστιν","ἐστιν","ἐστί(ν)","εἰμί"
43,01,33,"RA","NSM","ὁ","ὁ","ὁ","ὁ"
43,01,33,"V","PAPNSM","βαπτίζων","βαπτίζων","βαπτίζων","βαπτίζω"
43,01,33,"P",NULL,"ἐν","ἐν","ἐν","ἐν"
43,01,33,"N","DSN","πνεύματι","πνεύματι","πνεύματι","πνεῦμα"
43,01,33,"A","DSN","ἁγίῳ·","ἁγίῳ","ἁγίῳ","ἅγιος"
43,01,34,"RP","NS","κἀγὼ","κἀγὼ","κἀγώ","κἀγώ"
43,01,34,"V","1XAI-S","ἑώρακα,","ἑώρακα","ἑώρακα","ὁράω"
43,01,34,"C",NULL,"καὶ","καὶ","καί","καί"
43,01,34,"V","1XAI-S","μεμαρτύρηκα","μεμαρτύρηκα","μεμαρτύρηκα","μαρτυρέω"
43,01,34,"C",NULL,"ὅτι","ὅτι","ὅτι","ὅτι"
43,01,34,"RD","NSM","οὗτός","οὗτός","οὗτος","οὗτος"
43,01,34,"V","3PAI-S","ἐστιν","ἐστιν","ἐστί(ν)","εἰμί"
43,01,34,"RA","NSM","ὁ","ὁ","ὁ","ὁ"
43,01,34,"A","NSM","⸀ἐκλεκτὸς","ἐκλεκτὸς","ἐκλεκτός","ἐκλεκτός"
43,01,34,"RA","GSM","τοῦ","τοῦ","τοῦ","ὁ"
43,01,34,"N","GSM","θεοῦ.","θεοῦ","θεοῦ","θεός"
43,01,35,"RA","DSF","Τῇ","Τῇ","τῇ","ὁ"
43,01,35,"D",NULL,"ἐπαύριον","ἐπαύριον","ἐπαύριον","ἐπαύριον"
43,01,35,"D",NULL,"πάλιν","πάλιν","πάλιν","πάλιν"
43,01,35,"V","3YAI-S","εἱστήκει","εἱστήκει","εἱστήκει","ἵστημι"
43,01,35,"RA","NSM","⸀ὁ","ὁ","ὁ","ὁ"
43,01,35,"N","NSM","Ἰωάννης","Ἰωάννης","Ἰωάννης","Ἰωάννης"
43,01,35,"C",NULL,"καὶ","καὶ","καί","καί"
43,01,35,"P",NULL,"ἐκ","ἐκ","ἐκ","ἐκ"
43,01,35,"RA","GPM","τῶν","τῶν","τῶν","ὁ"
43,01,35,"N","GPM","μαθητῶν","μαθητῶν","μαθητῶν","μαθητής"
43,01,35,"RP","GSM","αὐτοῦ","αὐτοῦ","αὐτοῦ","αὐτός"
43,01,35,"A","NPM","δύο,","δύο","δύο","δύο"
43,01,36,"C",NULL,"καὶ","καὶ","καί","καί"
43,01,36,"V","AAPNSM","ἐμβλέψας","ἐμβλέψας","ἐμβλέψας","ἐμβλέπω"
43,01,36,"RA","DSM","τῷ","τῷ","τῷ","ὁ"
43,01,36,"N","DSM","Ἰησοῦ","Ἰησοῦ","Ἰησοῦ","Ἰησοῦς"
43,01,36,"V","PAPDSM","περιπατοῦντι","περιπατοῦντι","περιπατοῦντι","περιπατέω"
43,01,36,"V","3PAI-S","λέγει·","λέγει","λέγει","λέγω"
43,01,36,"X",NULL,"Ἴδε","Ἴδε","ἴδε","ἴδε"
43,01,36,"RA","NSM","ὁ","ὁ","ὁ","ὁ"
43,01,36,"N","NSM","ἀμνὸς","ἀμνὸς","ἀμνός","ἀμνός"
43,01,36,"RA","GSM","τοῦ","τοῦ","τοῦ","ὁ"
43,01,36,"N","GSM","θεοῦ.","θεοῦ","θεοῦ","θεός"
43,01,37,"C",NULL,"καὶ","καὶ","καί","καί"
43,01,37,"V","3AAI-P","ἤκουσαν","ἤκουσαν","ἤκουσαν","ἀκούω"
43,01,37,"RA","NPM","⸂οἱ","οἱ","οἱ","ὁ"
43,01,37,"A","NPM","δύο","δύο","δύο","δύο"
43,01,37,"N","NPM","μαθηταὶ","μαθηταὶ","μαθηταί","μαθητής"
43,01,37,"RP","GSM","αὐτοῦ⸃","αὐτοῦ","αὐτοῦ","αὐτός"
43,01,37,"V","PAPGSM","λαλοῦντος","λαλοῦντος","λαλοῦντος","λαλέω"
43,01,37,"C",NULL,"καὶ","καὶ","καί","καί"
43,01,37,"V","3AAI-P","ἠκολούθησαν","ἠκολούθησαν","ἠκολούθησαν","ἀκολουθέω"
43,01,37,"RA","DSM","τῷ","τῷ","τῷ","ὁ"
43,01,37,"N","DSM","Ἰησοῦ.","Ἰησοῦ","Ἰησοῦ","Ἰησοῦς"
43,01,38,"V","APPNSM","στραφεὶς","στραφεὶς","στραφείς","στρέφω"
43,01,38,"C",NULL,"δὲ","δὲ","δέ","δέ"
43,01,38,"RA","NSM","ὁ","ὁ","ὁ","ὁ"
43,01,38,"N","NSM","Ἰησοῦς","Ἰησοῦς","Ἰησοῦς","Ἰησοῦς"
43,01,38,"C",NULL,"καὶ","καὶ","καί","καί"
43,01,38,"V","AMPNSM","θεασάμενος","θεασάμενος","θεασάμενος","θεάομαι"
43,01,38,"RP","APM","αὐτοὺς","αὐτοὺς","αὐτούς","αὐτός"
43,01,38,"V","PAPAPM","ἀκολουθοῦντας","ἀκολουθοῦντας","ἀκολουθοῦντας","ἀκολουθέω"
43,01,38,"V","3PAI-S","λέγει","λέγει","λέγει","λέγω"
43,01,38,"RP","DPM","αὐτοῖς·","αὐτοῖς","αὐτοῖς","αὐτός"
43,01,38,"RI","ASN","Τί","Τί","τί","τίς"
43,01,38,"V","2PAI-P","ζητεῖτε;","ζητεῖτε","ζητεῖτε","ζητέω"
43,01,38,"RA","NPM","οἱ","οἱ","οἱ","ὁ"
43,01,38,"C",NULL,"δὲ","δὲ","δέ","δέ"
43,01,38,"V","3AAI-P","εἶπαν","εἶπαν","εἶπαν","λέγω"
43,01,38,"RP","DSM","αὐτῷ·","αὐτῷ","αὐτῷ","αὐτός"
43,01,38,"N","VSM","Ῥαββί","Ῥαββί","ῥαββί","ῥαββί"
43,01,38,"RR","NSN","(ὃ","ὃ","ὅ","ὅς"
43,01,38,"V","3PPI-S","λέγεται","λέγεται","λέγεται","λέγω"
43,01,38,"V","PPPNSN","⸀μεθερμηνευόμενον","μεθερμηνευόμενον","μεθερμηνευόμενον","μεθερμηνεύω"
43,01,38,"N","VSM","Διδάσκαλε),","Διδάσκαλε","διδάσκαλε","διδάσκαλος"
43,01,38,"D",NULL,"ποῦ","ποῦ","ποῦ","ποῦ"
43,01,38,"V","2PAI-S","μένεις;","μένεις","μένεις","μένω"
43,01,39,"V","3PAI-S","λέγει","λέγει","λέγει","λέγω"
43,01,39,"RP","DPM","αὐτοῖς·","αὐτοῖς","αὐτοῖς","αὐτός"
43,01,39,"V","2PMD-P","Ἔρχεσθε","Ἔρχεσθε","ἔρχεσθε","ἔρχομαι"
43,01,39,"C",NULL,"καὶ","καὶ","καί","καί"
43,01,39,"V","2FMI-P","⸂ὄψεσθε.","ὄψεσθε","ὄψεσθε","ὁράω"
43,01,39,"V","3AAI-P","ἦλθαν","ἦλθαν","ἦλθαν","ἔρχομαι"
43,01,39,"C",NULL,"οὖν⸃","οὖν","οὖν","οὖν"
43,01,39,"C",NULL,"καὶ","καὶ","καί","καί"
43,01,39,"V","3AAI-P","εἶδαν","εἶδαν","εἶδαν","ὁράω"
43,01,39,"D",NULL,"ποῦ","ποῦ","ποῦ","ποῦ"
43,01,39,"V","3PAI-S","μένει,","μένει","μένει","μένω"
43,01,39,"C",NULL,"καὶ","καὶ","καί","καί"
43,01,39,"P",NULL,"παρ’","παρ’","παρά","παρά"
43,01,39,"RP","DSM","αὐτῷ","αὐτῷ","αὐτῷ","αὐτός"
43,01,39,"V","3AAI-P","ἔμειναν","ἔμειναν","ἔμειναν","μένω"
43,01,39,"RA","ASF","τὴν","τὴν","τήν","ὁ"
43,01,39,"N","ASF","ἡμέραν","ἡμέραν","ἡμέραν","ἡμέρα"
43,01,39,"RD","ASF","ἐκείνην·","ἐκείνην","ἐκείνην","ἐκεῖνος"
43,01,39,"N","NSF","ὥρα","ὥρα","ὥρα","ὥρα"
43,01,39,"V","3IAI-S","ἦν","ἦν","ἦν","εἰμί"
43,01,39,"P",NULL,"ὡς","ὡς","ὡς","ὡς"
43,01,39,"A","NSF","δεκάτη.","δεκάτη","δεκάτη","δέκατος"
43,01,40,"V","3IAI-S","ἦν","ἦν","ἦν","εἰμί"
43,01,40,"N","NSM","Ἀνδρέας","Ἀνδρέας","Ἀνδρέας","Ἀνδρέας"
43,01,40,"RA","NSM","ὁ","ὁ","ὁ","ὁ"
43,01,40,"N","NSM","ἀδελφὸς","ἀδελφὸς","ἀδελφός","ἀδελφός"
43,01,40,"N","GSM","Σίμωνος","Σίμωνος","Σίμωνος","Σίμων"
43,01,40,"N","GSM","Πέτρου","Πέτρου","Πέτρου","Πέτρος"
43,01,40,"A","NSM","εἷς","εἷς","εἷς","εἷς"
43,01,40,"P",NULL,"ἐκ","ἐκ","ἐκ","ἐκ"
43,01,40,"RA","GPM","τῶν","τῶν","τῶν","ὁ"
43,01,40,"A","GPM","δύο","δύο","δύο","δύο"
43,01,40,"RA","GPM","τῶν","τῶν","τῶν","ὁ"
43,01,40,"V","AAPGPM","ἀκουσάντων","ἀκουσάντων","ἀκουσάντων","ἀκούω"
43,01,40,"P",NULL,"παρὰ","παρὰ","παρά","παρά"
43,01,40,"N","GSM","Ἰωάννου","Ἰωάννου","Ἰωάννου","Ἰωάννης"
43,01,40,"C",NULL,"καὶ","καὶ","καί","καί"
43,01,40,"V","AAPGPM","ἀκολουθησάντων","ἀκολουθησάντων","ἀκολουθησάντων","ἀκολουθέω"
43,01,40,"RP","DSM","αὐτῷ·","αὐτῷ","αὐτῷ","αὐτός"
43,01,41,"V","3PAI-S","εὑρίσκει","εὑρίσκει","εὑρίσκει","εὑρίσκω"
43,01,41,"RD","NSM","οὗτος","οὗτος","οὗτος","οὗτος"
43,01,41,"A","ASN","⸀πρῶτον","πρῶτον","πρῶτον","πρῶτος"
43,01,41,"RA","ASM","τὸν","τὸν","τόν","ὁ"
43,01,41,"N","ASM","ἀδελφὸν","ἀδελφὸν","ἀδελφόν","ἀδελφός"
43,01,41,"RA","ASM","τὸν","τὸν","τόν","ὁ"
43,01,41,"A","ASM","ἴδιον","ἴδιον","ἴδιον","ἴδιος"
43,01,41,"N","ASM","Σίμωνα","Σίμωνα","Σίμωνα","Σίμων"
43,01,41,"C",NULL,"καὶ","καὶ","καί","καί"
43,01,41,"V","3PAI-S","λέγει","λέγει","λέγει","λέγω"
43,01,41,"RP","DSM","αὐτῷ·","αὐτῷ","αὐτῷ","αὐτός"
43,01,41,"V","1XAI-P","Εὑρήκαμεν","Εὑρήκαμεν","εὑρήκαμεν","εὑρίσκω"
43,01,41,"RA","ASM","τὸν","τὸν","τόν","ὁ"
43,01,41,"N","ASM","Μεσσίαν","Μεσσίαν","Μεσσίαν","Μεσσίας"
43,01,41,"RR","NSN","(ὅ","ὅ","ὅ","ὅς"
43,01,41,"V","3PAI-S","ἐστιν","ἐστιν","ἐστί(ν)","εἰμί"
43,01,41,"V","PPPNSN","μεθερμηνευόμενον","μεθερμηνευόμενον","μεθερμηνευόμενον","μεθερμηνεύω"
43,01,41,"N","NSM","χριστός).","χριστός","Χριστός","Χριστός"
43,01,42,"V","3AAI-S","⸀ἤγαγεν","ἤγαγεν","ἤγαγε(ν)","ἄγω"
43,01,42,"RP","ASM","αὐτὸν","αὐτὸν","αὐτόν","αὐτός"
43,01,42,"P",NULL,"πρὸς","πρὸς","πρός","πρός"
43,01,42,"RA","ASM","τὸν","τὸν","τόν","ὁ"
43,01,42,"N","ASM","Ἰησοῦν.","Ἰησοῦν","Ἰησοῦν","Ἰησοῦς"
43,01,42,"V","AAPNSM","ἐμβλέψας","ἐμβλέψας","ἐμβλέψας","ἐμβλέπω"
43,01,42,"RP","DSM","αὐτῷ","αὐτῷ","αὐτῷ","αὐτός"
43,01,42,"RA","NSM","ὁ","ὁ","ὁ","ὁ"
43,01,42,"N","NSM","Ἰησοῦς","Ἰησοῦς","Ἰησοῦς","Ἰησοῦς"
43,01,42,"V","3AAI-S","εἶπεν·","εἶπεν","εἶπε(ν)","λέγω"
43,01,42,"RP","NS","Σὺ","Σὺ","σύ","σύ"
43,01,42,"V","2PAI-S","εἶ","εἶ","εἶ","εἰμί"
43,01,42,"N","NSM","Σίμων","Σίμων","Σίμων","Σίμων"
43,01,42,"RA","NSM","ὁ","ὁ","ὁ","ὁ"
43,01,42,"N","NSM","υἱὸς","υἱὸς","υἱός","υἱός"
43,01,42,"N","GSM","⸀Ἰωάννου,","Ἰωάννου","Ἰωάννου","Ἰωάννης"
43,01,42,"RP","NS","σὺ","σὺ","σύ","σύ"
43,01,42,"V","2FPI-S","κληθήσῃ","κληθήσῃ","κληθήσῃ","καλέω"
43,01,42,"N","NSM","Κηφᾶς","Κηφᾶς","Κηφᾶς","Κηφᾶς"
43,01,42,"RR","NSN","(ὃ","ὃ","ὅ","ὅς"
43,01,42,"V","3PPI-S","ἑρμηνεύεται","ἑρμηνεύεται","ἑρμηνεύεται","ἑρμηνεύω"
43,01,42,"N","NSM","Πέτρος).","Πέτρος","Πέτρος","Πέτρος"
43,01,43,"RA","DSF","Τῇ","Τῇ","τῇ","ὁ"
43,01,43,"D",NULL,"ἐπαύριον","ἐπαύριον","ἐπαύριον","ἐπαύριον"
43,01,43,"V","3AAI-S","ἠθέλησεν","ἠθέλησεν","ἠθέλησε(ν)","θέλω"
43,01,43,"V","AAN","ἐξελθεῖν","ἐξελθεῖν","ἐξελθεῖν","ἐξέρχομαι"
43,01,43,"P",NULL,"εἰς","εἰς","εἰς","εἰς"
43,01,43,"RA","ASF","τὴν","τὴν","τήν","ὁ"
43,01,43,"N","ASF","Γαλιλαίαν.","Γαλιλαίαν","Γαλιλαίαν","Γαλιλαία"
43,01,43,"C",NULL,"καὶ","καὶ","καί","καί"
43,01,43,"V","3PAI-S","εὑρίσκει","εὑρίσκει","εὑρίσκει","εὑρίσκω"
43,01,43,"N","ASM","Φίλιππον","Φίλιππον","Φίλιππον","Φίλιππος"
43,01,43,"C",NULL,"καὶ","καὶ","καί","καί"
43,01,43,"V","3PAI-S","λέγει","λέγει","λέγει","λέγω"
43,01,43,"RP","DSM","αὐτῷ","αὐτῷ","αὐτῷ","αὐτός"
43,01,43,"RA","NSM","ὁ","ὁ","ὁ","ὁ"
43,01,43,"N","NSM","Ἰησοῦς·","Ἰησοῦς","Ἰησοῦς","Ἰησοῦς"
43,01,43,"V","2PAD-S","Ἀκολούθει","Ἀκολούθει","ἀκολούθει","ἀκολουθέω"
43,01,43,"RP","DS","μοι.","μοι","μοι","ἐγώ"
43,01,44,"V","3IAI-S","ἦν","ἦν","ἦν","εἰμί"
43,01,44,"C",NULL,"δὲ","δὲ","δέ","δέ"
43,01,44,"RA","NSM","ὁ","ὁ","ὁ","ὁ"
43,01,44,"N","NSM","Φίλιππος","Φίλιππος","Φίλιππος","Φίλιππος"
43,01,44,"P",NULL,"ἀπὸ","ἀπὸ","ἀπό","ἀπό"
43,01,44,"N","GSF","Βηθσαϊδά,","Βηθσαϊδά","Βηθσαϊδά","Βηθσαϊδά"
43,01,44,"P",NULL,"ἐκ","ἐκ","ἐκ","ἐκ"
43,01,44,"RA","GSF","τῆς","τῆς","τῆς","ὁ"
43,01,44,"N","GSF","πόλεως","πόλεως","πόλεως","πόλις"
43,01,44,"N","GSM","Ἀνδρέου","Ἀνδρέου","Ἀνδρέου","Ἀνδρέας"
43,01,44,"C",NULL,"καὶ","καὶ","καί","καί"
43,01,44,"N","GSM","Πέτρου.","Πέτρου","Πέτρου","Πέτρος"
43,01,45,"V","3PAI-S","εὑρίσκει","εὑρίσκει","εὑρίσκει","εὑρίσκω"
43,01,45,"N","NSM","Φίλιππος","Φίλιππος","Φίλιππος","Φίλιππος"
43,01,45,"RA","ASM","τὸν","τὸν","τόν","ὁ"
43,01,45,"N","ASM","Ναθαναὴλ","Ναθαναὴλ","Ναθαναήλ","Ναθαναήλ"
43,01,45,"C",NULL,"καὶ","καὶ","καί","καί"
43,01,45,"V","3PAI-S","λέγει","λέγει","λέγει","λέγω"
43,01,45,"RP","DSM","αὐτῷ·","αὐτῷ","αὐτῷ","αὐτός"
43,01,45,"RR","ASM","Ὃν","Ὃν","ὅν","ὅς"
43,01,45,"V","3AAI-S","ἔγραψεν","ἔγραψεν","ἔγραψε(ν)","γράφω"
43,01,45,"N","NSM","Μωϋσῆς","Μωϋσῆς","Μωϋσῆς","Μωϋσῆς"
43,01,45,"P",NULL,"ἐν","ἐν","ἐν","ἐν"
43,01,45,"RA","DSM","τῷ","τῷ","τῷ","ὁ"
43,01,45,"N","DSM","νόμῳ","νόμῳ","νόμῳ","νόμος"
43,01,45,"C",NULL,"καὶ","καὶ","καί","καί"
43,01,45,"RA","NPM","οἱ","οἱ","οἱ","ὁ"
43,01,45,"N","NPM","προφῆται","προφῆται","προφῆται","προφήτης"
43,01,45,"V","1XAI-P","εὑρήκαμεν,","εὑρήκαμεν","εὑρήκαμεν","εὑρίσκω"
43,01,45,"N","ASM","⸀Ἰησοῦν","Ἰησοῦν","Ἰησοῦν","Ἰησοῦς"
43,01,45,"N","ASM","υἱὸν","υἱὸν","υἱόν","υἱός"
43,01,45,"RA","GSM","τοῦ","τοῦ","τοῦ","ὁ"
43,01,45,"N","GSM","Ἰωσὴφ","Ἰωσὴφ","Ἰωσήφ","Ἰωσήφ"
43,01,45,"RA","ASM","τὸν","τὸν","τόν","ὁ"
43,01,45,"P",NULL,"ἀπὸ","ἀπὸ","ἀπό","ἀπό"
43,01,45,"N","GSF","Ναζαρέτ.","Ναζαρέτ","Ναζαρέτ","Ναζαρέτ"
43,01,46,"C",NULL,"καὶ","καὶ","καί","καί"
43,01,46,"V","3AAI-S","εἶπεν","εἶπεν","εἶπε(ν)","λέγω"
43,01,46,"RP","DSM","αὐτῷ","αὐτῷ","αὐτῷ","αὐτός"
43,01,46,"N","NSM","Ναθαναήλ·","Ναθαναήλ","Ναθαναήλ","Ναθαναήλ"
43,01,46,"P",NULL,"Ἐκ","Ἐκ","ἐκ","ἐκ"
43,01,46,"N","GSF","Ναζαρὲτ","Ναζαρὲτ","Ναζαρέτ","Ναζαρέτ"
43,01,46,"V","3PMI-S","δύναταί","δύναταί","δύναται","δύναμαι"
43,01,46,"RI","NSN","τι","τι","τὶ","τις"
43,01,46,"A","NSN","ἀγαθὸν","ἀγαθὸν","ἀγαθόν","ἀγαθός"
43,01,46,"V","PAN","εἶναι;","εἶναι","εἶναι","εἰμί"
43,01,46,"V","3PAI-S","λέγει","λέγει","λέγει","λέγω"
43,01,46,"RP","DSM","αὐτῷ","αὐτῷ","αὐτῷ","αὐτός"
43,01,46,"RA","NSM","⸀ὁ","ὁ","ὁ","ὁ"
43,01,46,"N","NSM","Φίλιππος·","Φίλιππος","Φίλιππος","Φίλιππος"
43,01,46,"V","2PMD-S","Ἔρχου","Ἔρχου","ἔρχου","ἔρχομαι"
43,01,46,"C",NULL,"καὶ","καὶ","καί","καί"
43,01,46,"V","2AAD-S","ἴδε.","ἴδε","ἴδε","ὁράω"
43,01,47,"V","3AAI-S","εἶδεν","εἶδεν","εἶδε(ν)","ὁράω"
43,01,47,"RA","NSM","⸀ὁ","ὁ","ὁ","ὁ"
43,01,47,"N","NSM","Ἰησοῦς","Ἰησοῦς","Ἰησοῦς","Ἰησοῦς"
43,01,47,"RA","ASM","τὸν","τὸν","τόν","ὁ"
43,01,47,"N","ASM","Ναθαναὴλ","Ναθαναὴλ","Ναθαναήλ","Ναθαναήλ"
43,01,47,"V","PMPASM","ἐρχόμενον","ἐρχόμενον","ἐρχόμενον","ἔρχομαι"
43,01,47,"P",NULL,"πρὸς","πρὸς","πρός","πρός"
43,01,47,"RP","ASM","αὐτὸν","αὐτὸν","αὐτόν","αὐτός"
43,01,47,"C",NULL,"καὶ","καὶ","καί","καί"
43,01,47,"V","3PAI-S","λέγει","λέγει","λέγει","λέγω"
43,01,47,"P",NULL,"περὶ","περὶ","περί","περί"
43,01,47,"RP","GSM","αὐτοῦ·","αὐτοῦ","αὐτοῦ","αὐτός"
43,01,47,"X",NULL,"Ἴδε","Ἴδε","ἴδε","ἴδε"
43,01,47,"D",NULL,"ἀληθῶς","ἀληθῶς","ἀληθῶς","ἀληθῶς"
43,01,47,"N","NSM","Ἰσραηλίτης","Ἰσραηλίτης","Ἰσραηλίτης","Ἰσραηλίτης"
43,01,47,"P",NULL,"ἐν","ἐν","ἐν","ἐν"
43,01,47,"RR","DSM","ᾧ","ᾧ","ᾧ","ὅς"
43,01,47,"N","NSM","δόλος","δόλος","δόλος","δόλος"
43,01,47,"D",NULL,"οὐκ","οὐκ","οὐ","οὐ"
43,01,47,"V","3PAI-S","ἔστιν.","ἔστιν","ἐστί(ν)","εἰμί"
43,01,48,"V","3PAI-S","λέγει","λέγει","λέγει","λέγω"
43,01,48,"RP","DSM","αὐτῷ","αὐτῷ","αὐτῷ","αὐτός"
43,01,48,"N","NSM","Ναθαναήλ·","Ναθαναήλ","Ναθαναήλ","Ναθαναήλ"
43,01,48,"D",NULL,"Πόθεν","Πόθεν","πόθεν","πόθεν"
43,01,48,"RP","AS","με","με","με","ἐγώ"
43,01,48,"V","2PAI-S","γινώσκεις;","γινώσκεις","γινώσκεις","γινώσκω"
43,01,48,"V","3API-S","ἀπεκρίθη","ἀπεκρίθη","ἀπεκρίθη","ἀποκρίνομαι"
43,01,48,"N","NSM","Ἰησοῦς","Ἰησοῦς","Ἰησοῦς","Ἰησοῦς"
43,01,48,"C",NULL,"καὶ","καὶ","καί","καί"
43,01,48,"V","3AAI-S","εἶπεν","εἶπεν","εἶπε(ν)","λέγω"
43,01,48,"RP","DSM","αὐτῷ·","αὐτῷ","αὐτῷ","αὐτός"
43,01,48,"P",NULL,"Πρὸ","Πρὸ","πρό","πρό"
43,01,48,"RA","GSN","τοῦ","τοῦ","τοῦ","ὁ"
43,01,48,"RP","AS","σε","σε","σε","σύ"
43,01,48,"N","ASM","Φίλιππον","Φίλιππον","Φίλιππον","Φίλιππος"
43,01,48,"V","AAN","φωνῆσαι","φωνῆσαι","φωνῆσαι","φωνέω"
43,01,48,"V","PAPASM","ὄντα","ὄντα","ὄντα","εἰμί"
43,01,48,"P",NULL,"ὑπὸ","ὑπὸ","ὑπό","ὑπό"
43,01,48,"RA","ASF","τὴν","τὴν","τήν","ὁ"
43,01,48,"N","ASF","συκῆν","συκῆν","συκῆν","συκῆ"
43,01,48,"V","1AAI-S","εἶδόν","εἶδόν","εἶδον","ὁράω"
43,01,48,"RP","AS","σε.","σε","σε","σύ"
43,01,49,"V","3API-S","ἀπεκρίθη","ἀπεκρίθη","ἀπεκρίθη","ἀποκρίνομαι"
43,01,49,"RP","DSM","⸂αὐτῷ","αὐτῷ","αὐτῷ","αὐτός"
43,01,49,"N","NSM","Ναθαναήλ⸃·","Ναθαναήλ","Ναθαναήλ","Ναθαναήλ"
43,01,49,"N","VSM","Ῥαββί,","Ῥαββί","ῥαββί","ῥαββί"
43,01,49,"RP","NS","σὺ","σὺ","σύ","σύ"
43,01,49,"V","2PAI-S","εἶ","εἶ","εἶ","εἰμί"
43,01,49,"RA","NSM","ὁ","ὁ","ὁ","ὁ"
43,01,49,"N","NSM","υἱὸς","υἱὸς","υἱός","υἱός"
43,01,49,"RA","GSM","τοῦ","τοῦ","τοῦ","ὁ"
43,01,49,"N","GSM","θεοῦ,","θεοῦ","θεοῦ","θεός"
43,01,49,"RP","NS","σὺ","σὺ","σύ","σύ"
43,01,49,"N","NSM","⸂βασιλεὺς","βασιλεὺς","βασιλεύς","βασιλεύς"
43,01,49,"V","2PAI-S","εἶ⸃","εἶ","εἶ","εἰμί"
43,01,49,"RA","GSM","τοῦ","τοῦ","τοῦ","ὁ"
43,01,49,"N","GSM","Ἰσραήλ.","Ἰσραήλ","Ἰσραήλ","Ἰσραήλ"
43,01,50,"V","3API-S","ἀπεκρίθη","ἀπεκρίθη","ἀπεκρίθη","ἀποκρίνομαι"
43,01,50,"N","NSM","Ἰησοῦς","Ἰησοῦς","Ἰησοῦς","Ἰησοῦς"
43,01,50,"C",NULL,"καὶ","καὶ","καί","καί"
43,01,50,"V","3AAI-S","εἶπεν","εἶπεν","εἶπε(ν)","λέγω"
43,01,50,"RP","DSM","αὐτῷ·","αὐτῷ","αὐτῷ","αὐτός"
43,01,50,"C",NULL,"Ὅτι","Ὅτι","ὅτι","ὅτι"
43,01,50,"V","1AAI-S","εἶπόν","εἶπόν","εἶπον","λέγω"
43,01,50,"RP","DS","σοι","σοι","σοι","σύ"
43,01,50,"C",NULL,"⸀ὅτι","ὅτι","ὅτι","ὅτι"
43,01,50,"V","1AAI-S","εἶδόν","εἶδόν","εἶδον","ὁράω"
43,01,50,"RP","AS","σε","σε","σε","σύ"
43,01,50,"P",NULL,"ὑποκάτω","ὑποκάτω","ὑποκάτω","ὑποκάτω"
43,01,50,"RA","GSF","τῆς","τῆς","τῆς","ὁ"
43,01,50,"N","GSF","συκῆς","συκῆς","συκῆς","συκῆ"
43,01,50,"V","2PAI-S","πιστεύεις;","πιστεύεις","πιστεύεις","πιστεύω"
43,01,50,"A","APNC","μείζω","μείζω","μείζω","μέγας"
43,01,50,"RD","GPN","τούτων","τούτων","τούτων","οὗτος"
43,01,50,"V","2FMI-S","⸀ὄψῃ.","ὄψῃ","ὄψῃ","ὁράω"
43,01,51,"C",NULL,"καὶ","καὶ","καί","καί"
43,01,51,"V","3PAI-S","λέγει","λέγει","λέγει","λέγω"
43,01,51,"RP","DSM","αὐτῷ·","αὐτῷ","αὐτῷ","αὐτός"
43,01,51,"X",NULL,"Ἀμὴν","Ἀμὴν","ἀμήν","ἀμήν"
43,01,51,"X",NULL,"ἀμὴν","ἀμὴν","ἀμήν","ἀμήν"
43,01,51,"V","1PAI-S","λέγω","λέγω","λέγω","λέγω"
43,01,51,"RP","DP","⸀ὑμῖν,","ὑμῖν","ὑμῖν","σύ"
43,01,51,"V","2FMI-P","ὄψεσθε","ὄψεσθε","ὄψεσθε","ὁράω"
43,01,51,"RA","ASM","τὸν","τὸν","τόν","ὁ"
43,01,51,"N","ASM","οὐρανὸν","οὐρανὸν","οὐρανόν","οὐρανός"
43,01,51,"V","XAPASM","ἀνεῳγότα","ἀνεῳγότα","ἀνεῳγότα","ἀνοίγω"
43,01,51,"C",NULL,"καὶ","καὶ","καί","καί"
43,01,51,"RA","APM","τοὺς","τοὺς","τούς","ὁ"
43,01,51,"N","APM","ἀγγέλους","ἀγγέλους","ἀγγέλους","ἄγγελος"
43,01,51,"RA","GSM","τοῦ","τοῦ","τοῦ","ὁ"
43,01,51,"N","GSM","θεοῦ","θεοῦ","θεοῦ","θεός"
43,01,51,"V","PAPAPM","ἀναβαίνοντας","ἀναβαίνοντας","ἀναβαίνοντας","ἀναβαίνω"
43,01,51,"C",NULL,"καὶ","καὶ","καί","καί"
43,01,51,"V","PAPAPM","καταβαίνοντας","καταβαίνοντας","καταβαίνοντας","καταβαίνω"
43,01,51,"P",NULL,"ἐπὶ","ἐπὶ","ἐπί","ἐπί"
43,01,51,"RA","ASM","τὸν","τὸν","τόν","ὁ"
43,01,51,"N","ASM","υἱὸν","υἱὸν","υἱόν","υἱός"
43,01,51,"RA","GSM","τοῦ","τοῦ","τοῦ","ὁ"
43,01,51,"N","GSM","ἀνθρώπου.","ἀνθρώπου","ἀνθρώπου","ἄνθρωπος"
43,02,01,"C",NULL,"Καὶ","Καὶ","καί","καί"
43,02,01,"RA","DSF","τῇ","τῇ","τῇ","ὁ"
43,02,01,"N","DSF","⸂ἡμέρᾳ","ἡμέρᾳ","ἡμέρᾳ","ἡμέρα"
43,02,01,"RA","DSF","τῇ","τῇ","τῇ","ὁ"
43,02,01,"A","DSF","τρίτῃ⸃","τρίτῃ","τρίτῃ","τρίτος"
43,02,01,"N","NSM","γάμος","γάμος","γάμος","γάμος"
43,02,01,"V","3AMI-S","ἐγένετο","ἐγένετο","ἐγένετο","γίνομαι"
43,02,01,"P",NULL,"ἐν","ἐν","ἐν","ἐν"
43,02,01,"N","DSF","Κανὰ","Κανὰ","Κανά","Κανά"
43,02,01,"RA","GSF","τῆς","τῆς","τῆς","ὁ"
43,02,01,"N","GSF","Γαλιλαίας,","Γαλιλαίας","Γαλιλαίας","Γαλιλαία"
43,02,01,"C",NULL,"καὶ","καὶ","καί","καί"
43,02,01,"V","3IAI-S","ἦν","ἦν","ἦν","εἰμί"
43,02,01,"RA","NSF","ἡ","ἡ","ἡ","ὁ"
43,02,01,"N","NSF","μήτηρ","μήτηρ","μήτηρ","μήτηρ"
43,02,01,"RA","GSM","τοῦ","τοῦ","τοῦ","ὁ"
43,02,01,"N","GSM","Ἰησοῦ","Ἰησοῦ","Ἰησοῦ","Ἰησοῦς"
43,02,01,"D",NULL,"ἐκεῖ·","ἐκεῖ","ἐκεῖ","ἐκεῖ"
43,02,02,"V","3API-S","ἐκλήθη","ἐκλήθη","ἐκλήθη","καλέω"
43,02,02,"C",NULL,"δὲ","δὲ","δέ","δέ"
43,02,02,"D",NULL,"καὶ","καὶ","καί","καί"
43,02,02,"RA","NSM","ὁ","ὁ","ὁ","ὁ"
43,02,02,"N","NSM","Ἰησοῦς","Ἰησοῦς","Ἰησοῦς","Ἰησοῦς"
43,02,02,"C",NULL,"καὶ","καὶ","καί","καί"
43,02,02,"RA","NPM","οἱ","οἱ","οἱ","ὁ"
43,02,02,"N","NPM","μαθηταὶ","μαθηταὶ","μαθηταί","μαθητής"
43,02,02,"RP","GSM","αὐτοῦ","αὐτοῦ","αὐτοῦ","αὐτός"
43,02,02,"P",NULL,"εἰς","εἰς","εἰς","εἰς"
43,02,02,"RA","ASM","τὸν","τὸν","τόν","ὁ"
43,02,02,"N","ASM","γάμον.","γάμον","γάμον","γάμος"
43,02,03,"C",NULL,"καὶ","καὶ","καί","καί"
43,02,03,"V","AAPGSM","ὑστερήσαντος","ὑστερήσαντος","ὑστερήσαντος","ὑστερέω"
43,02,03,"N","GSM","οἴνου","οἴνου","οἴνου","οἶνος"
43,02,03,"V","3PAI-S","λέγει","λέγει","λέγει","λέγω"
43,02,03,"RA","NSF","ἡ","ἡ","ἡ","ὁ"
43,02,03,"N","NSF","μήτηρ","μήτηρ","μήτηρ","μήτηρ"
43,02,03,"RA","GSM","τοῦ","τοῦ","τοῦ","ὁ"
43,02,03,"N","GSM","Ἰησοῦ","Ἰησοῦ","Ἰησοῦ","Ἰησοῦς"
43,02,03,"P",NULL,"πρὸς","πρὸς","πρός","πρός"
43,02,03,"RP","ASM","αὐτόν·","αὐτόν","αὐτόν","αὐτός"
43,02,03,"N","ASM","Οἶνον","Οἶνον","οἶνον","οἶνος"
43,02,03,"D",NULL,"οὐκ","οὐκ","οὐ","οὐ"
43,02,03,"V","3PAI-P","ἔχουσιν.","ἔχουσιν","ἔχουσι(ν)","ἔχω"
43,02,04,"C",NULL,"⸀καὶ","καὶ","καί","καί"
43,02,04,"V","3PAI-S","λέγει","λέγει","λέγει","λέγω"
43,02,04,"RP","DSF","αὐτῇ","αὐτῇ","αὐτῇ","αὐτός"
43,02,04,"RA","NSM","ὁ","ὁ","ὁ","ὁ"
43,02,04,"N","NSM","Ἰησοῦς·","Ἰησοῦς","Ἰησοῦς","Ἰησοῦς"
43,02,04,"RI","NSN","Τί","Τί","τί","τίς"
43,02,04,"RP","DS","ἐμοὶ","ἐμοὶ","ἐμοί","ἐγώ"
43,02,04,"C",NULL,"καὶ","καὶ","καί","καί"
43,02,04,"RP","DS","σοί,","σοί","σοί","σύ"
43,02,04,"N","VSF","γύναι;","γύναι","γύναι","γυνή"
43,02,04,"D",NULL,"οὔπω","οὔπω","οὔπω","οὔπω"
43,02,04,"V","3PAI-S","ἥκει","ἥκει","ἥκει","ἥκω"
43,02,04,"RA","NSF","ἡ","ἡ","ἡ","ὁ"
43,02,04,"N","NSF","ὥρα","ὥρα","ὥρα","ὥρα"
43,02,04,"RP","GS","μου.","μου","μου","ἐγώ"
43,02,05,"V","3PAI-S","λέγει","λέγει","λέγει","λέγω"
43,02,05,"RA","NSF","ἡ","ἡ","ἡ","ὁ"
43,02,05,"N","NSF","μήτηρ","μήτηρ","μήτηρ","μήτηρ"
43,02,05,"RP","GSM","αὐτοῦ","αὐτοῦ","αὐτοῦ","αὐτός"
43,02,05,"RA","DPM","τοῖς","τοῖς","τοῖς","ὁ"
43,02,05,"N","DPM","διακόνοις·","διακόνοις","διακόνοις","διάκονος"
43,02,05,"RR","ASN","⸂Ὅ","Ὅ","ὅ","ὅς"
43,02,05,"RI","ASN","τι⸃","τι","τὶ","τις"
43,02,05,"X",NULL,"ἂν","ἂν","ἄν","ἄν"
43,02,05,"V","3PAS-S","λέγῃ","λέγῃ","λέγῃ","λέγω"
43,02,05,"RP","DP","ὑμῖν","ὑμῖν","ὑμῖν","σύ"
43,02,05,"V","2AAD-P","ποιήσατε.","ποιήσατε","ποιήσατε","ποιέω"
43,02,06,"V","3IAI-P","ἦσαν","ἦσαν","ἦσαν","εἰμί"
43,02,06,"C",NULL,"δὲ","δὲ","δέ","δέ"
43,02,06,"D",NULL,"ἐκεῖ","ἐκεῖ","ἐκεῖ","ἐκεῖ"
43,02,06,"A","NPF","⸂λίθιναι","λίθιναι","λίθιναι","λίθινος"
43,02,06,"N","NPF","ὑδρίαι⸃","ὑδρίαι","ὑδρίαι","ὑδρία"
43,02,06,"A","NPF","ἓξ","ἓξ","ἕξ","ἕξ"
43,02,06,"P",NULL,"⸂κατὰ","κατὰ","κατά","κατά"
43,02,06,"RA","ASM","τὸν","τὸν","τόν","ὁ"
43,02,06,"N","ASM","καθαρισμὸν","καθαρισμὸν","καθαρισμόν","καθαρισμός"
43,02,06,"RA","GPM","τῶν","τῶν","τῶν","ὁ"
43,02,06,"A","GPM","Ἰουδαίων","Ἰουδαίων","Ἰουδαίων","Ἰουδαῖος"
43,02,06,"V","PMPNPF","κείμεναι⸃,","κείμεναι","κείμεναι","κεῖμαι"
43,02,06,"V","PAPNPF","χωροῦσαι","χωροῦσαι","χωροῦσαι","χωρέω"
43,02,06,"D",NULL,"ἀνὰ","ἀνὰ","ἀνά","ἀνά"
43,02,06,"N","APM","μετρητὰς","μετρητὰς","μετρητάς","μετρητής"
43,02,06,"A","APM","δύο","δύο","δύο","δύο"
43,02,06,"C",NULL,"ἢ","ἢ","ἤ","ἤ"
43,02,06,"A","APM","τρεῖς.","τρεῖς","τρεῖς","τρεῖς"
43,02,07,"V","3PAI-S","λέγει","λέγει","λέγει","λέγω"
43,02,07,"RP","DPM","αὐτοῖς","αὐτοῖς","αὐτοῖς","αὐτός"
43,02,07,"RA","NSM","ὁ","ὁ","ὁ","ὁ"
43,02,07,"N","NSM","Ἰησοῦς·","Ἰησοῦς","Ἰησοῦς","Ἰησοῦς"
43,02,07,"V","2AAD-P","Γεμίσατε","Γεμίσατε","γεμίσατε","γεμίζω"
43,02,07,"RA","APF","τὰς","τὰς","τάς","ὁ"
43,02,07,"N","APF","ὑδρίας","ὑδρίας","ὑδρίας","ὑδρία"
43,02,07,"N","GSN","ὕδατος·","ὕδατος","ὕδατος","ὕδωρ"
43,02,07,"C",NULL,"καὶ","καὶ","καί","καί"
43,02,07,"V","3AAI-P","ἐγέμισαν","ἐγέμισαν","ἐγέμισαν","γεμίζω"
43,02,07,"RP","APF","αὐτὰς","αὐτὰς","αὐτάς","αὐτός"
43,02,07,"P",NULL,"ἕως","ἕως","ἕως","ἕως"
43,02,07,"D",NULL,"ἄνω.","ἄνω","ἄνω","ἄνω"
43,02,08,"C",NULL,"καὶ","καὶ","καί","καί"
43,02,08,"V","3PAI-S","λέγει","λέγει","λέγει","λέγω"
43,02,08,"RP","DPM","αὐτοῖς·","αὐτοῖς","αὐτοῖς","αὐτός"
43,02,08,"V","2AAD-P","Ἀντλήσατε","Ἀντλήσατε","ἀντλήσατε","ἀντλέω"
43,02,08,"D",NULL,"νῦν","νῦν","νῦν","νῦν"
43,02,08,"C",NULL,"καὶ","καὶ","καί","καί"
43,02,08,"V","2PAD-P","φέρετε","φέρετε","φέρετε","φέρω"
43,02,08,"RA","DSM","τῷ","τῷ","τῷ","ὁ"
43,02,08,"N","DSM","ἀρχιτρικλίνῳ·","ἀρχιτρικλίνῳ","ἀρχιτρικλίνῳ","ἀρχιτρίκλινος"
43,02,08,"RA","NPM","⸂οἱ","οἱ","οἱ","ὁ"
43,02,08,"C",NULL,"δὲ⸃","δὲ","δέ","δέ"
43,02,08,"V","3AAI-P","ἤνεγκαν.","ἤνεγκαν","ἤνεγκαν","φέρω"
43,02,09,"C",NULL,"ὡς","ὡς","ὡς","ὡς"
43,02,09,"C",NULL,"δὲ","δὲ","δέ","δέ"
43,02,09,"V","3AMI-S","ἐγεύσατο","ἐγεύσατο","ἐγεύσατο","γεύομαι"
43,02,09,"RA","NSM","ὁ","ὁ","ὁ","ὁ"
43,02,09,"N","NSM","ἀρχιτρίκλινος","ἀρχιτρίκλινος","ἀρχιτρίκλινος","ἀρχιτρίκλινος"
43,02,09,"RA","ASN","τὸ","τὸ","τό","ὁ"
43,02,09,"N","ASN","ὕδωρ","ὕδωρ","ὕδωρ","ὕδωρ"
43,02,09,"N","ASM","οἶνον","οἶνον","οἶνον","οἶνος"
43,02,09,"V","XPPASN","γεγενημένον,","γεγενημένον","γεγενημένον","γίνομαι"
43,02,09,"C",NULL,"καὶ","καὶ","καί","καί"
43,02,09,"D",NULL,"οὐκ","οὐκ","οὐ","οὐ"
43,02,09,"V","3YAI-S","ᾔδει","ᾔδει","ᾔδει","οἶδα"
43,02,09,"D",NULL,"πόθεν","πόθεν","πόθεν","πόθεν"
43,02,09,"V","3PAI-S","ἐστίν,","ἐστίν","ἐστί(ν)","εἰμί"
43,02,09,"RA","NPM","οἱ","οἱ","οἱ","ὁ"
43,02,09,"C",NULL,"δὲ","δὲ","δέ","δέ"
43,02,09,"N","NPM","διάκονοι","διάκονοι","διάκονοι","διάκονος"
43,02,09,"V","3YAI-P","ᾔδεισαν","ᾔδεισαν","ᾔδεισαν","οἶδα"
43,02,09,"RA","NPM","οἱ","οἱ","οἱ","ὁ"
43,02,09,"V","XAPNPM","ἠντληκότες","ἠντληκότες","ἠντληκότες","ἀντλέω"
43,02,09,"RA","ASN","τὸ","τὸ","τό","ὁ"
43,02,09,"N","ASN","ὕδωρ,","ὕδωρ","ὕδωρ","ὕδωρ"
43,02,09,"V","3PAI-S","φωνεῖ","φωνεῖ","φωνεῖ","φωνέω"
43,02,09,"RA","ASM","τὸν","τὸν","τόν","ὁ"
43,02,09,"N","ASM","νυμφίον","νυμφίον","νυμφίον","νυμφίος"
43,02,09,"RA","NSM","ὁ","ὁ","ὁ","ὁ"
43,02,09,"N","NSM","ἀρχιτρίκλινος","ἀρχιτρίκλινος","ἀρχιτρίκλινος","ἀρχιτρίκλινος"
43,02,10,"C",NULL,"καὶ","καὶ","καί","καί"
43,02,10,"V","3PAI-S","λέγει","λέγει","λέγει","λέγω"
43,02,10,"RP","DSM","αὐτῷ·","αὐτῷ","αὐτῷ","αὐτός"
43,02,10,"A","NSM","Πᾶς","Πᾶς","πᾶς","πᾶς"
43,02,10,"N","NSM","ἄνθρωπος","ἄνθρωπος","ἄνθρωπος","ἄνθρωπος"
43,02,10,"A","ASN","πρῶτον","πρῶτον","πρῶτον","πρῶτος"
43,02,10,"RA","ASM","τὸν","τὸν","τόν","ὁ"
43,02,10,"A","ASM","καλὸν","καλὸν","καλόν","καλός"
43,02,10,"N","ASM","οἶνον","οἶνον","οἶνον","οἶνος"
43,02,10,"V","3PAI-S","τίθησιν,","τίθησιν","τίθησι(ν)","τίθημι"
43,02,10,"C",NULL,"καὶ","καὶ","καί","καί"
43,02,10,"C",NULL,"ὅταν","ὅταν","ὅταν","ὅταν"
43,02,10,"V","3APS-P","⸀μεθυσθῶσιν","μεθυσθῶσιν","μεθυσθῶσι(ν)","μεθύω"
43,02,10,"RA","ASM","τὸν","τὸν","τόν","ὁ"
43,02,10,"A","ASMC","ἐλάσσω·","ἐλάσσω","ἐλάσσω","ἐλάσσων"
43,02,10,"RP","NS","σὺ","σὺ","σύ","σύ"
43,02,10,"V","2XAI-S","τετήρηκας","τετήρηκας","τετήρηκας","τηρέω"
43,02,10,"RA","ASM","τὸν","τὸν","τόν","ὁ"
43,02,10,"A","ASM","καλὸν","καλὸν","καλόν","καλός"
43,02,10,"N","ASM","οἶνον","οἶνον","οἶνον","οἶνος"
43,02,10,"P",NULL,"ἕως","ἕως","ἕως","ἕως"
43,02,10,"D",NULL,"ἄρτι.","ἄρτι","ἄρτι","ἄρτι"
43,02,11,"RD","ASF","ταύτην","ταύτην","ταύτην","οὗτος"
43,02,11,"V","3AAI-S","⸀ἐποίησεν","ἐποίησεν","ἐποίησε(ν)","ποιέω"
43,02,11,"N","ASF","ἀρχὴν","ἀρχὴν","ἀρχήν","ἀρχή"
43,02,11,"RA","GPN","τῶν","τῶν","τῶν","ὁ"
43,02,11,"N","GPN","σημείων","σημείων","σημείων","σημεῖον"
43,02,11,"RA","NSM","ὁ","ὁ","ὁ","ὁ"
43,02,11,"N","NSM","Ἰησοῦς","Ἰησοῦς","Ἰησοῦς","Ἰησοῦς"
43,02,11,"P",NULL,"ἐν","ἐν","ἐν","ἐν"
43,02,11,"N","DSF","Κανὰ","Κανὰ","Κανά","Κανά"
43,02,11,"RA","GSF","τῆς","τῆς","τῆς","ὁ"
43,02,11,"N","GSF","Γαλιλαίας","Γαλιλαίας","Γαλιλαίας","Γαλιλαία"
43,02,11,"C",NULL,"καὶ","καὶ","καί","καί"
43,02,11,"V","3AAI-S","ἐφανέρωσεν","ἐφανέρωσεν","ἐφανέρωσε(ν)","φανερόω"
43,02,11,"RA","ASF","τὴν","τὴν","τήν","ὁ"
43,02,11,"N","ASF","δόξαν","δόξαν","δόξαν","δόξα"
43,02,11,"RP","GSM","αὐτοῦ,","αὐτοῦ","αὐτοῦ","αὐτός"
43,02,11,"C",NULL,"καὶ","καὶ","καί","καί"
43,02,11,"V","3AAI-P","ἐπίστευσαν","ἐπίστευσαν","ἐπίστευσαν","πιστεύω"
43,02,11,"P",NULL,"εἰς","εἰς","εἰς","εἰς"
43,02,11,"RP","ASM","αὐτὸν","αὐτὸν","αὐτόν","αὐτός"
43,02,11,"RA","NPM","οἱ","οἱ","οἱ","ὁ"
43,02,11,"N","NPM","μαθηταὶ","μαθηταὶ","μαθηταί","μαθητής"
43,02,11,"RP","GSM","αὐτοῦ.","αὐτοῦ","αὐτοῦ","αὐτός"
43,02,12,"P",NULL,"Μετὰ","Μετὰ","μετά","μετά"
43,02,12,"RD","ASN","τοῦτο","τοῦτο","τοῦτο","οὗτος"
43,02,12,"V","3AAI-S","κατέβη","κατέβη","κατέβη","καταβαίνω"
43,02,12,"P",NULL,"εἰς","εἰς","εἰς","εἰς"
43,02,12,"N","ASF","Καφαρναοὺμ","Καφαρναοὺμ","Καφαρναούμ","Καφαρναούμ"
43,02,12,"RP","NSM","αὐτὸς","αὐτὸς","αὐτός","αὐτός"
43,02,12,"C",NULL,"καὶ","καὶ","καί","καί"
43,02,12,"RA","NSF","ἡ","ἡ","ἡ","ὁ"
43,02,12,"N","NSF","μήτηρ","μήτηρ","μήτηρ","μήτηρ"
43,02,12,"RP","GSM","αὐτοῦ","αὐτοῦ","αὐτοῦ","αὐτός"
43,02,12,"C",NULL,"καὶ","καὶ","καί","καί"
43,02,12,"RA","NPM","οἱ","οἱ","οἱ","ὁ"
43,02,12,"N","NPM","⸀ἀδελφοὶ","ἀδελφοὶ","ἀδελφοί","ἀδελφός"
43,02,12,"C",NULL,"καὶ","καὶ","καί","καί"
43,02,12,"RA","NPM","οἱ","οἱ","οἱ","ὁ"
43,02,12,"N","NPM","μαθηταὶ","μαθηταὶ","μαθηταί","μαθητής"
43,02,12,"RP","GSM","αὐτοῦ,","αὐτοῦ","αὐτοῦ","αὐτός"
43,02,12,"C",NULL,"καὶ","καὶ","καί","καί"
43,02,12,"D",NULL,"ἐκεῖ","ἐκεῖ","ἐκεῖ","ἐκεῖ"
43,02,12,"V","3AAI-P","ἔμειναν","ἔμειναν","ἔμειναν","μένω"
43,02,12,"D",NULL,"οὐ","οὐ","οὐ","οὐ"
43,02,12,"A","APF","πολλὰς","πολλὰς","πολλάς","πολύς"
43,02,12,"N","APF","ἡμέρας.","ἡμέρας","ἡμέρας","ἡμέρα"
43,02,13,"C",NULL,"Καὶ","Καὶ","καί","καί"
43,02,13,"D",NULL,"ἐγγὺς","ἐγγὺς","ἐγγύς","ἐγγύς"
43,02,13,"V","3IAI-S","ἦν","ἦν","ἦν","εἰμί"
43,02,13,"RA","NSN","τὸ","τὸ","τό","ὁ"
43,02,13,"N","NSN","πάσχα","πάσχα","πάσχα","πάσχα"
43,02,13,"RA","GPM","τῶν","τῶν","τῶν","ὁ"
43,02,13,"A","GPM","Ἰουδαίων,","Ἰουδαίων","Ἰουδαίων","Ἰουδαῖος"
43,02,13,"C",NULL,"καὶ","καὶ","καί","καί"
43,02,13,"V","3AAI-S","ἀνέβη","ἀνέβη","ἀνέβη","ἀναβαίνω"
43,02,13,"P",NULL,"εἰς","εἰς","εἰς","εἰς"
43,02,13,"N","APN","Ἱεροσόλυμα","Ἱεροσόλυμα","Ἱεροσόλυμα","Ἱεροσόλυμα"
43,02,13,"RA","NSM","ὁ","ὁ","ὁ","ὁ"
43,02,13,"N","NSM","Ἰησοῦς.","Ἰησοῦς","Ἰησοῦς","Ἰησοῦς"
43,02,14,"C",NULL,"καὶ","καὶ","καί","καί"
43,02,14,"V","3AAI-S","εὗρεν","εὗρεν","εὗρε(ν)","εὑρίσκω"
43,02,14,"P",NULL,"ἐν","ἐν","ἐν","ἐν"
43,02,14,"RA","DSN","τῷ","τῷ","τῷ","ὁ"
43,02,14,"A","DSN","ἱερῷ","ἱερῷ","ἱερῷ","ἱερός"
43,02,14,"RA","APM","τοὺς","τοὺς","τούς","ὁ"
43,02,14,"V","PAPAPM","πωλοῦντας","πωλοῦντας","πωλοῦντας","πωλέω"
43,02,14,"N","APM","βόας","βόας","βόας","βοῦς"
43,02,14,"C",NULL,"καὶ","καὶ","καί","καί"
43,02,14,"N","APN","πρόβατα","πρόβατα","πρόβατα","πρόβατον"
43,02,14,"C",NULL,"καὶ","καὶ","καί","καί"
43,02,14,"N","APF","περιστερὰς","περιστερὰς","περιστεράς","περιστερά"
43,02,14,"C",NULL,"καὶ","καὶ","καί","καί"
43,02,14,"RA","APM","τοὺς","τοὺς","τούς","ὁ"
43,02,14,"N","APM","κερματιστὰς","κερματιστὰς","κερματιστάς","κερματιστής"
43,02,14,"V","PMPAPM","καθημένους,","καθημένους","καθημένους","κάθημαι"
43,02,15,"C",NULL,"καὶ","καὶ","καί","καί"
43,02,15,"V","AAPNSM","ποιήσας","ποιήσας","ποιήσας","ποιέω"
43,02,15,"N","ASN","φραγέλλιον","φραγέλλιον","φραγέλλιον","φραγέλλιον"
43,02,15,"P",NULL,"ἐκ","ἐκ","ἐκ","ἐκ"
43,02,15,"N","GPN","σχοινίων","σχοινίων","σχοινίων","σχοινίον"
43,02,15,"A","APM","πάντας","πάντας","πάντας","πᾶς"
43,02,15,"V","3AAI-S","ἐξέβαλεν","ἐξέβαλεν","ἐξέβαλε(ν)","ἐκβάλλω"
43,02,15,"P",NULL,"ἐκ","ἐκ","ἐκ","ἐκ"
43,02,15,"RA","GSN","τοῦ","τοῦ","τοῦ","ὁ"
43,02,15,"A","GSN","ἱεροῦ","ἱεροῦ","ἱεροῦ","ἱερός"
43,02,15,"RA","APN","τά","τά","τά","ὁ"
43,02,15,"C",NULL,"τε","τε","τέ","τέ"
43,02,15,"N","APN","πρόβατα","πρόβατα","πρόβατα","πρόβατον"
43,02,15,"C",NULL,"καὶ","καὶ","καί","καί"
43,02,15,"RA","APM","τοὺς","τοὺς","τούς","ὁ"
43,02,15,"N","APM","βόας,","βόας","βόας","βοῦς"
43,02,15,"C",NULL,"καὶ","καὶ","καί","καί"
43,02,15,"RA","GPM","τῶν","τῶν","τῶν","ὁ"
43,02,15,"N","GPM","κολλυβιστῶν","κολλυβιστῶν","κολλυβιστῶν","κολλυβιστής"
43,02,15,"V","3AAI-S","ἐξέχεεν","ἐξέχεεν","ἐξέχεε(ν)","ἐκχέω"
43,02,15,"RA","APN","⸂τὰ","τὰ","τά","ὁ"
43,02,15,"N","APN","κέρματα⸃","κέρματα","κέρματα","κέρμα"
43,02,15,"C",NULL,"καὶ","καὶ","καί","καί"
43,02,15,"RA","APF","τὰς","τὰς","τάς","ὁ"
43,02,15,"N","APF","τραπέζας","τραπέζας","τραπέζας","τράπεζα"
43,02,15,"V","3AAI-S","⸀ἀνέστρεψεν,","ἀνέστρεψεν","ἀνέστρεψε(ν)","ἀναστρέφω"
43,02,16,"C",NULL,"καὶ","καὶ","καί","καί"
43,02,16,"RA","DPM","τοῖς","τοῖς","τοῖς","ὁ"
43,02,16,"RA","APF","τὰς","τὰς","τάς","ὁ"
43,02,16,"N","APF","περιστερὰς","περιστερὰς","περιστεράς","περιστερά"
43,02,16,"V","PAPDPM","πωλοῦσιν","πωλοῦσιν","πωλοῦσι(ν)","πωλέω"
43,02,16,"V","3AAI-S","εἶπεν·","εἶπεν","εἶπε(ν)","λέγω"
43,02,16,"V","2AAD-P","Ἄρατε","Ἄρατε","ἄρατε","αἴρω"
43,02,16,"RD","APN","ταῦτα","ταῦτα","ταῦτα","οὗτος"
43,02,16,"D",NULL,"ἐντεῦθεν,","ἐντεῦθεν","ἐντεῦθεν","ἐντεῦθεν"
43,02,16,"D",NULL,"μὴ","μὴ","μή","μή"
43,02,16,"V","2PAD-P","ποιεῖτε","ποιεῖτε","ποιεῖτε","ποιέω"
43,02,16,"RA","ASM","τὸν","τὸν","τόν","ὁ"
43,02,16,"N","ASM","οἶκον","οἶκον","οἶκον","οἶκος"
43,02,16,"RA","GSM","τοῦ","τοῦ","τοῦ","ὁ"
43,02,16,"N","GSM","πατρός","πατρός","πατρός","πατήρ"
43,02,16,"RP","GS","μου","μου","μου","ἐγώ"
43,02,16,"N","ASM","οἶκον","οἶκον","οἶκον","οἶκος"
43,02,16,"N","GSN","ἐμπορίου.","ἐμπορίου","ἐμπορίου","ἐμπόριον"
43,02,17,"V","3API-P","⸀ἐμνήσθησαν","ἐμνήσθησαν","ἐμνήσθησαν","μιμνῄσκομαι"
43,02,17,"RA","NPM","οἱ","οἱ","οἱ","ὁ"
43,02,17,"N","NPM","μαθηταὶ","μαθηταὶ","μαθηταί","μαθητής"
43,02,17,"RP","GSM","αὐτοῦ","αὐτοῦ","αὐτοῦ","αὐτός"
43,02,17,"C",NULL,"ὅτι","ὅτι","ὅτι","ὅτι"
43,02,17,"V","XPPNSN","γεγραμμένον","γεγραμμένον","γεγραμμένον","γράφω"
43,02,17,"V","3PAI-S","ἐστίν·","ἐστίν","ἐστί(ν)","εἰμί"
43,02,17,"RA","NSM","Ὁ","Ὁ","ὁ","ὁ"
43,02,17,"N","NSM","ζῆλος","ζῆλος","ζῆλος","ζῆλος"
43,02,17,"RA","GSM","τοῦ","τοῦ","τοῦ","ὁ"
43,02,17,"N","GSM","οἴκου","οἴκου","οἴκου","οἶκος"
43,02,17,"RP","GS","σου","σου","σου","σύ"
43,02,17,"V","3FMI-S","καταφάγεταί","καταφάγεταί","καταφάγεται","κατεσθίω"
43,02,17,"RP","AS","με.","με","με","ἐγώ"
43,02,18,"V","3API-P","ἀπεκρίθησαν","ἀπεκρίθησαν","ἀπεκρίθησαν","ἀποκρίνομαι"
43,02,18,"C",NULL,"οὖν","οὖν","οὖν","οὖν"
43,02,18,"RA","NPM","οἱ","οἱ","οἱ","ὁ"
43,02,18,"A","NPM","Ἰουδαῖοι","Ἰουδαῖοι","Ἰουδαῖοι","Ἰουδαῖος"
43,02,18,"C",NULL,"καὶ","καὶ","καί","καί"
43,02,18,"V","3AAI-P","εἶπαν","εἶπαν","εἶπαν","λέγω"
43,02,18,"RP","DSM","αὐτῷ·","αὐτῷ","αὐτῷ","αὐτός"
43,02,18,"RI","ASN","Τί","Τί","τί","τίς"
43,02,18,"N","ASN","σημεῖον","σημεῖον","σημεῖον","σημεῖον"
43,02,18,"V","2PAI-S","δεικνύεις","δεικνύεις","δεικνύεις","δείκνυμι"
43,02,18,"RP","DP","ἡμῖν,","ἡμῖν","ἡμῖν","ἐγώ"
43,02,18,"C",NULL,"ὅτι","ὅτι","ὅτι","ὅτι"
43,02,18,"RD","APN","ταῦτα","ταῦτα","ταῦτα","οὗτος"
43,02,18,"V","2PAI-S","ποιεῖς;","ποιεῖς","ποιεῖς","ποιέω"
43,02,19,"V","3API-S","ἀπεκρίθη","ἀπεκρίθη","ἀπεκρίθη","ἀποκρίνομαι"
43,02,19,"N","NSM","Ἰησοῦς","Ἰησοῦς","Ἰησοῦς","Ἰησοῦς"
43,02,19,"C",NULL,"καὶ","καὶ","καί","καί"
43,02,19,"V","3AAI-S","εἶπεν","εἶπεν","εἶπε(ν)","λέγω"
43,02,19,"RP","DPM","αὐτοῖς·","αὐτοῖς","αὐτοῖς","αὐτός"
43,02,19,"V","2AAD-P","Λύσατε","Λύσατε","λύσατε","λύω"
43,02,19,"RA","ASM","τὸν","τὸν","τόν","ὁ"
43,02,19,"N","ASM","ναὸν","ναὸν","ναόν","ναός"
43,02,19,"RD","ASM","τοῦτον","τοῦτον","τοῦτον","οὗτος"
43,02,19,"C",NULL,"καὶ","καὶ","καί","καί"
43,02,19,"P",NULL,"ἐν","ἐν","ἐν","ἐν"
43,02,19,"A","DPF","τρισὶν","τρισὶν","τρισί(ν)","τρεῖς"
43,02,19,"N","DPF","ἡμέραις","ἡμέραις","ἡμέραις","ἡμέρα"
43,02,19,"V","1FAI-S","ἐγερῶ","ἐγερῶ","ἐγερῶ","ἐγείρω"
43,02,19,"RP","ASM","αὐτόν.","αὐτόν","αὐτόν","αὐτός"
43,02,20,"V","3AAI-P","εἶπαν","εἶπαν","εἶπαν","λέγω"
43,02,20,"C",NULL,"οὖν","οὖν","οὖν","οὖν"
43,02,20,"RA","NPM","οἱ","οἱ","οἱ","ὁ"
43,02,20,"A","NPM","Ἰουδαῖοι·","Ἰουδαῖοι","Ἰουδαῖοι","Ἰουδαῖος"
43,02,20,"A","DPN","Τεσσεράκοντα","Τεσσεράκοντα","τεσσεράκοντα","τεσσεράκοντα"
43,02,20,"C",NULL,"καὶ","καὶ","καί","καί"
43,02,20,"A","DPN","ἓξ","ἓξ","ἕξ","ἕξ"
43,02,20,"N","DPN","ἔτεσιν","ἔτεσιν","ἔτεσι(ν)","ἔτος"
43,02,20,"V","3API-S","οἰκοδομήθη","οἰκοδομήθη","οἰκοδομήθη","οἰκοδομέω"
43,02,20,"RA","NSM","ὁ","ὁ","ὁ","ὁ"
43,02,20,"N","NSM","ναὸς","ναὸς","ναός","ναός"
43,02,20,"RD","NSM","οὗτος,","οὗτος","οὗτος","οὗτος"
43,02,20,"C",NULL,"καὶ","καὶ","καί","καί"
43,02,20,"RP","NS","σὺ","σὺ","σύ","σύ"
43,02,20,"P",NULL,"ἐν","ἐν","ἐν","ἐν"
43,02,20,"A","DPF","τρισὶν","τρισὶν","τρισί(ν)","τρεῖς"
43,02,20,"N","DPF","ἡμέραις","ἡμέραις","ἡμέραις","ἡμέρα"
43,02,20,"V","2FAI-S","ἐγερεῖς","ἐγερεῖς","ἐγερεῖς","ἐγείρω"
43,02,20,"RP","ASM","αὐτόν;","αὐτόν","αὐτόν","αὐτός"
43,02,21,"RD","NSM","ἐκεῖνος","ἐκεῖνος","ἐκεῖνος","ἐκεῖνος"
43,02,21,"C",NULL,"δὲ","δὲ","δέ","δέ"
43,02,21,"V","3IAI-S","ἔλεγεν","ἔλεγεν","ἔλεγε(ν)","λέγω"
43,02,21,"P",NULL,"περὶ","περὶ","περί","περί"
43,02,21,"RA","GSM","τοῦ","τοῦ","τοῦ","ὁ"
43,02,21,"N","GSM","ναοῦ","ναοῦ","ναοῦ","ναός"
43,02,21,"RA","GSN","τοῦ","τοῦ","τοῦ","ὁ"
43,02,21,"N","GSN","σώματος","σώματος","σώματος","σῶμα"
43,02,21,"RP","GSM","αὐτοῦ.","αὐτοῦ","αὐτοῦ","αὐτός"
43,02,22,"C",NULL,"ὅτε","ὅτε","ὅτε","ὅτε"
43,02,22,"C",NULL,"οὖν","οὖν","οὖν","οὖν"
43,02,22,"V","3API-S","ἠγέρθη","ἠγέρθη","ἠγέρθη","ἐγείρω"
43,02,22,"P",NULL,"ἐκ","ἐκ","ἐκ","ἐκ"
43,02,22,"A","GPM","νεκρῶν,","νεκρῶν","νεκρῶν","νεκρός"
43,02,22,"V","3API-P","ἐμνήσθησαν","ἐμνήσθησαν","ἐμνήσθησαν","μιμνῄσκομαι"
43,02,22,"RA","NPM","οἱ","οἱ","οἱ","ὁ"
43,02,22,"N","NPM","μαθηταὶ","μαθηταὶ","μαθηταί","μαθητής"
43,02,22,"RP","GSM","αὐτοῦ","αὐτοῦ","αὐτοῦ","αὐτός"
43,02,22,"C",NULL,"ὅτι","ὅτι","ὅτι","ὅτι"
43,02,22,"RD","ASN","τοῦτο","τοῦτο","τοῦτο","οὗτος"
43,02,22,"V","3IAI-S","ἔλεγεν,","ἔλεγεν","ἔλεγε(ν)","λέγω"
43,02,22,"C",NULL,"καὶ","καὶ","καί","καί"
43,02,22,"V","3AAI-P","ἐπίστευσαν","ἐπίστευσαν","ἐπίστευσαν","πιστεύω"
43,02,22,"RA","DSF","τῇ","τῇ","τῇ","ὁ"
43,02,22,"N","DSF","γραφῇ","γραφῇ","γραφῇ","γραφή"
43,02,22,"C",NULL,"καὶ","καὶ","καί","καί"
43,02,22,"RA","DSM","τῷ","τῷ","τῷ","ὁ"
43,02,22,"N","DSM","λόγῳ","λόγῳ","λόγῳ","λόγος"
43,02,22,"RR","ASM","⸀ὃν","ὃν","ὅν","ὅς"
43,02,22,"V","3AAI-S","εἶπεν","εἶπεν","εἶπε(ν)","λέγω"
43,02,22,"RA","NSM","ὁ","ὁ","ὁ","ὁ"
43,02,22,"N","NSM","Ἰησοῦς.","Ἰησοῦς","Ἰησοῦς","Ἰησοῦς"
43,02,23,"C",NULL,"Ὡς","Ὡς","ὡς","ὡς"
43,02,23,"C",NULL,"δὲ","δὲ","δέ","δέ"
43,02,23,"V","3IAI-S","ἦν","ἦν","ἦν","εἰμί"
43,02,23,"P",NULL,"ἐν","ἐν","ἐν","ἐν"
43,02,23,"RA","DPN","τοῖς","τοῖς","τοῖς","ὁ"
43,02,23,"N","DPN","Ἱεροσολύμοις","Ἱεροσολύμοις","Ἱεροσολύμοις","Ἱεροσόλυμα"
43,02,23,"P",NULL,"ἐν","ἐν","ἐν","ἐν"
43,02,23,"RA","DSN","τῷ","τῷ","τῷ","ὁ"
43,02,23,"N","DSN","πάσχα","πάσχα","πάσχα","πάσχα"
43,02,23,"P",NULL,"ἐν","ἐν","ἐν","ἐν"
43,02,23,"RA","DSF","τῇ","τῇ","τῇ","ὁ"
43,02,23,"N","DSF","ἑορτῇ,","ἑορτῇ","ἑορτῇ","ἑορτή"
43,02,23,"A","NPM","πολλοὶ","πολλοὶ","πολλοί","πολύς"
43,02,23,"V","3AAI-P","ἐπίστευσαν","ἐπίστευσαν","ἐπίστευσαν","πιστεύω"
43,02,23,"P",NULL,"εἰς","εἰς","εἰς","εἰς"
43,02,23,"RA","ASN","τὸ","τὸ","τό","ὁ"
43,02,23,"N","ASN","ὄνομα","ὄνομα","ὄνομα","ὄνομα"
43,02,23,"RP","GSM","αὐτοῦ,","αὐτοῦ","αὐτοῦ","αὐτός"
43,02,23,"V","PAPNPM","θεωροῦντες","θεωροῦντες","θεωροῦντες","θεωρέω"
43,02,23,"RP","GSM","αὐτοῦ","αὐτοῦ","αὐτοῦ","αὐτός"
43,02,23,"RA","APN","τὰ","τὰ","τά","ὁ"
43,02,23,"N","APN","σημεῖα","σημεῖα","σημεῖα","σημεῖον"
43,02,23,"RR","APN","ἃ","ἃ","ἅ","ὅς"
43,02,23,"V","3IAI-S","ἐποίει·","ἐποίει","ἐποίει","ποιέω"
43,02,24,"RP","NSM","αὐτὸς","αὐτὸς","αὐτός","αὐτός"
43,02,24,"C",NULL,"⸀δὲ","δὲ","δέ","δέ"
43,02,24,"N","NSM","Ἰησοῦς","Ἰησοῦς","Ἰησοῦς","Ἰησοῦς"
43,02,24,"D",NULL,"οὐκ","οὐκ","οὐ","οὐ"
43,02,24,"V","3IAI-S","ἐπίστευεν","ἐπίστευεν","ἐπίστευε(ν)","πιστεύω"
43,02,24,"RP","ASM","⸀αὑτὸν","αὑτὸν","αὑτόν","ἑαυτοῦ"
43,02,24,"RP","DPM","αὐτοῖς","αὐτοῖς","αὐτοῖς","αὐτός"
43,02,24,"P",NULL,"διὰ","διὰ","διά","διά"
43,02,24,"RA","ASN","τὸ","τὸ","τό","ὁ"
43,02,24,"RP","ASM","αὐτὸν","αὐτὸν","αὐτόν","αὐτός"
43,02,24,"V","PAN","γινώσκειν","γινώσκειν","γινώσκειν","γινώσκω"
43,02,24,"A","APM","πάντας","πάντας","πάντας","πᾶς"
43,02,25,"C",NULL,"καὶ","καὶ","καί","καί"
43,02,25,"C",NULL,"ὅτι","ὅτι","ὅτι","ὅτι"
43,02,25,"D",NULL,"οὐ","οὐ","οὐ","οὐ"
43,02,25,"N","ASF","χρείαν","χρείαν","χρείαν","χρεία"
43,02,25,"V","3IAI-S","εἶχεν","εἶχεν","εἶχε(ν)","ἔχω"
43,02,25,"C",NULL,"ἵνα","ἵνα","ἵνα","ἵνα"
43,02,25,"RI","NSM","τις","τις","τὶς","τις"
43,02,25,"V","3AAS-S","μαρτυρήσῃ","μαρτυρήσῃ","μαρτυρήσῃ","μαρτυρέω"
43,02,25,"P",NULL,"περὶ","περὶ","περί","περί"
43,02,25,"RA","GSM","τοῦ","τοῦ","τοῦ","ὁ"
43,02,25,"N","GSM","ἀνθρώπου,","ἀνθρώπου","ἀνθρώπου","ἄνθρωπος"
43,02,25,"RP","NSM","αὐτὸς","αὐτὸς","αὐτός","αὐτός"
43,02,25,"C",NULL,"γὰρ","γὰρ","γάρ","γάρ"
43,02,25,"V","3IAI-S","ἐγίνωσκεν","ἐγίνωσκεν","ἐγίνωσκε(ν)","γινώσκω"
43,02,25,"RI","NSN","τί","τί","τί","τίς"
43,02,25,"V","3IAI-S","ἦν","ἦν","ἦν","εἰμί"
43,02,25,"P",NULL,"ἐν","ἐν","ἐν","ἐν"
43,02,25,"RA","DSM","τῷ","τῷ","τῷ","ὁ"
43,02,25,"N","DSM","ἀνθρώπῳ.","ἀνθρώπῳ","ἀνθρώπῳ","ἄνθρωπος"
43,03,01,"V","3IAI-S","Ἦν","Ἦν","ἦν","εἰμί"
43,03,01,"C",NULL,"δὲ","δὲ","δέ","δέ"
43,03,01,"N","NSM","ἄνθρωπος","ἄνθρωπος","ἄνθρωπος","ἄνθρωπος"
43,03,01,"P",NULL,"ἐκ","ἐκ","ἐκ","ἐκ"
43,03,01,"RA","GPM","τῶν","τῶν","τῶν","ὁ"
43,03,01,"N","GPM","Φαρισαίων,","Φαρισαίων","Φαρισαίων","Φαρισαῖος"
43,03,01,"N","NSM","Νικόδημος","Νικόδημος","Νικόδημος","Νικόδημος"
43,03,01,"N","NSN","ὄνομα","ὄνομα","ὄνομα","ὄνομα"
43,03,01,"RP","DSM","αὐτῷ,","αὐτῷ","αὐτῷ","αὐτός"
43,03,01,"N","NSM","ἄρχων","ἄρχων","ἄρχων","ἄρχων"
43,03,01,"RA","GPM","τῶν","τῶν","τῶν","ὁ"
43,03,01,"A","GPM","Ἰουδαίων·","Ἰουδαίων","Ἰουδαίων","Ἰουδαῖος"
43,03,02,"RD","NSM","οὗτος","οὗτος","οὗτος","οὗτος"
43,03,02,"V","3AAI-S","ἦλθεν","ἦλθεν","ἦλθε(ν)","ἔρχομαι"
43,03,02,"P",NULL,"πρὸς","πρὸς","πρός","πρός"
43,03,02,"RP","ASM","αὐτὸν","αὐτὸν","αὐτόν","αὐτός"
43,03,02,"N","GSF","νυκτὸς","νυκτὸς","νυκτός","νύξ"
43,03,02,"C",NULL,"καὶ","καὶ","καί","καί"
43,03,02,"V","3AAI-S","εἶπεν","εἶπεν","εἶπε(ν)","λέγω"
43,03,02,"RP","DSM","αὐτῷ·","αὐτῷ","αὐτῷ","αὐτός"
43,03,02,"N","VSM","Ῥαββί,","Ῥαββί","ῥαββί","ῥαββί"
43,03,02,"V","1XAI-P","οἴδαμεν","οἴδαμεν","οἴδαμεν","οἶδα"
43,03,02,"C",NULL,"ὅτι","ὅτι","ὅτι","ὅτι"
43,03,02,"P",NULL,"ἀπὸ","ἀπὸ","ἀπό","ἀπό"
43,03,02,"N","GSM","θεοῦ","θεοῦ","θεοῦ","θεός"
43,03,02,"V","2XAI-S","ἐλήλυθας","ἐλήλυθας","ἐλήλυθας","ἔρχομαι"
43,03,02,"N","NSM","διδάσκαλος·","διδάσκαλος","διδάσκαλος","διδάσκαλος"
43,03,02,"A","NSM","οὐδεὶς","οὐδεὶς","οὐδείς","οὐδείς"
43,03,02,"C",NULL,"γὰρ","γὰρ","γάρ","γάρ"
43,03,02,"V","3PMI-S","⸂δύναται","δύναται","δύναται","δύναμαι"
43,03,02,"RD","APN","ταῦτα","ταῦτα","ταῦτα","οὗτος"
43,03,02,"RA","APN","τὰ","τὰ","τά","ὁ"
43,03,02,"N","APN","σημεῖα⸃","σημεῖα","σημεῖα","σημεῖον"
43,03,02,"V","PAN","ποιεῖν","ποιεῖν","ποιεῖν","ποιέω"
43,03,02,"RR","APN","ἃ","ἃ","ἅ","ὅς"
43,03,02,"RP","NS","σὺ","σὺ","σύ","σύ"
43,03,02,"V","2PAI-S","ποιεῖς,","ποιεῖς","ποιεῖς","ποιέω"
43,03,02,"C",NULL,"ἐὰν","ἐὰν","ἐάν","ἐάν"
43,03,02,"D",NULL,"μὴ","μὴ","μή","μή"
43,03,02,"V","3PAS-S","ᾖ","ᾖ","ᾖ","εἰμί"
43,03,02,"RA","NSM","ὁ","ὁ","ὁ","ὁ"
43,03,02,"N","NSM","θεὸς","θεὸς","θεός","θεός"
43,03,02,"P",NULL,"μετ’","μετ’","μετά","μετά"
43,03,02,"RP","GSM","αὐτοῦ.","αὐτοῦ","αὐτοῦ","αὐτός"
43,03,03,"V","3API-S","⸀ἀπεκρίθη","ἀπεκρίθη","ἀπεκρίθη","ἀποκρίνομαι"
43,03,03,"N","NSM","Ἰησοῦς","Ἰησοῦς","Ἰησοῦς","Ἰησοῦς"
43,03,03,"C",NULL,"καὶ","καὶ","καί","καί"
43,03,03,"V","3AAI-S","εἶπεν","εἶπεν","εἶπε(ν)","λέγω"
43,03,03,"RP","DSM","αὐτῷ·","αὐτῷ","αὐτῷ","αὐτός"
43,03,03,"X",NULL,"Ἀμὴν","Ἀμὴν","ἀμήν","ἀμήν"
43,03,03,"X",NULL,"ἀμὴν","ἀμὴν","ἀμήν","ἀμήν"
43,03,03,"V","1PAI-S","λέγω","λέγω","λέγω","λέγω"
43,03,03,"RP","DS","σοι,","σοι","σοι","σύ"
43,03,03,"C",NULL,"ἐὰν","ἐὰν","ἐάν","ἐάν"
43,03,03,"D",NULL,"μή","μή","μή","μή"
43,03,03,"RI","NSM","τις","τις","τὶς","τις"
43,03,03,"V","3APS-S","γεννηθῇ","γεννηθῇ","γεννηθῇ","γεννάω"
43,03,03,"D",NULL,"ἄνωθεν,","ἄνωθεν","ἄνωθεν","ἄνωθεν"
43,03,03,"D",NULL,"οὐ","οὐ","οὐ","οὐ"
43,03,03,"V","3PMI-S","δύναται","δύναται","δύναται","δύναμαι"
43,03,03,"V","AAN","ἰδεῖν","ἰδεῖν","ἰδεῖν","ὁράω"
43,03,03,"RA","ASF","τὴν","τὴν","τήν","ὁ"
43,03,03,"N","ASF","βασιλείαν","βασιλείαν","βασιλείαν","βασιλεία"
43,03,03,"RA","GSM","τοῦ","τοῦ","τοῦ","ὁ"
43,03,03,"N","GSM","θεοῦ.","θεοῦ","θεοῦ","θεός"
43,03,04,"V","3PAI-S","λέγει","λέγει","λέγει","λέγω"
43,03,04,"P",NULL,"πρὸς","πρὸς","πρός","πρός"
43,03,04,"RP","ASM","αὐτὸν","αὐτὸν","αὐτόν","αὐτός"
43,03,04,"RA","NSM","⸀ὁ","ὁ","ὁ","ὁ"
43,03,04,"N","NSM","Νικόδημος·","Νικόδημος","Νικόδημος","Νικόδημος"
43,03,04,"D",NULL,"Πῶς","Πῶς","πῶς","πῶς"
43,03,04,"V","3PMI-S","δύναται","δύναται","δύναται","δύναμαι"
43,03,04,"N","NSM","ἄνθρωπος","ἄνθρωπος","ἄνθρωπος","ἄνθρωπος"
43,03,04,"V","APN","γεννηθῆναι","γεννηθῆναι","γεννηθῆναι","γεννάω"
43,03,04,"N","NSM","γέρων","γέρων","γέρων","γέρων"
43,03,04,"V","PAPNSM","ὤν;","ὤν","ὤν","εἰμί"
43,03,04,"X",NULL,"μὴ","μὴ","μή","μή"
43,03,04,"V","3PMI-S","δύναται","δύναται","δύναται","δύναμαι"
43,03,04,"P",NULL,"εἰς","εἰς","εἰς","εἰς"
43,03,04,"RA","ASF","τὴν","τὴν","τήν","ὁ"
43,03,04,"N","ASF","κοιλίαν","κοιλίαν","κοιλίαν","κοιλία"
43,03,04,"RA","GSF","τῆς","τῆς","τῆς","ὁ"
43,03,04,"N","GSF","μητρὸς","μητρὸς","μητρός","μήτηρ"
43,03,04,"RP","GSM","αὐτοῦ","αὐτοῦ","αὐτοῦ","αὐτός"
43,03,04,"A","ASN","δεύτερον","δεύτερον","δεύτερον","δεύτερος"
43,03,04,"V","AAN","εἰσελθεῖν","εἰσελθεῖν","εἰσελθεῖν","εἰσέρχομαι"
43,03,04,"C",NULL,"καὶ","καὶ","καί","καί"
43,03,04,"V","APN","γεννηθῆναι;","γεννηθῆναι","γεννηθῆναι","γεννάω"
43,03,05,"V","3API-S","⸀ἀπεκρίθη","ἀπεκρίθη","ἀπεκρίθη","ἀποκρίνομαι"
43,03,05,"N","NSM","Ἰησοῦς·","Ἰησοῦς","Ἰησοῦς","Ἰησοῦς"
43,03,05,"X",NULL,"Ἀμὴν","Ἀμὴν","ἀμήν","ἀμήν"
43,03,05,"X",NULL,"ἀμὴν","ἀμὴν","ἀμήν","ἀμήν"
43,03,05,"V","1PAI-S","λέγω","λέγω","λέγω","λέγω"
43,03,05,"RP","DS","σοι,","σοι","σοι","σύ"
43,03,05,"C",NULL,"ἐὰν","ἐὰν","ἐάν","ἐάν"
43,03,05,"D",NULL,"μή","μή","μή","μή"
43,03,05,"RI","NSM","τις","τις","τὶς","τις"
43,03,05,"V","3APS-S","γεννηθῇ","γεννηθῇ","γεννηθῇ","γεννάω"
43,03,05,"P",NULL,"ἐξ","ἐξ","ἐκ","ἐκ"
43,03,05,"N","GSN","ὕδατος","ὕδατος","ὕδατος","ὕδωρ"
43,03,05,"C",NULL,"καὶ","καὶ","καί","καί"
43,03,05,"N","GSN","πνεύματος,","πνεύματος","πνεύματος","πνεῦμα"
43,03,05,"D",NULL,"οὐ","οὐ","οὐ","οὐ"
43,03,05,"V","3PMI-S","δύναται","δύναται","δύναται","δύναμαι"
43,03,05,"V","AAN","εἰσελθεῖν","εἰσελθεῖν","εἰσελθεῖν","εἰσέρχομαι"
43,03,05,"P",NULL,"εἰς","εἰς","εἰς","εἰς"
43,03,05,"RA","ASF","τὴν","τὴν","τήν","ὁ"
43,03,05,"N","ASF","βασιλείαν","βασιλείαν","βασιλείαν","βασιλεία"
43,03,05,"RA","GSM","τοῦ","τοῦ","τοῦ","ὁ"
43,03,05,"N","GSM","θεοῦ.","θεοῦ","θεοῦ","θεός"
43,03,06,"RA","NSN","τὸ","τὸ","τό","ὁ"
43,03,06,"V","XPPNSN","γεγεννημένον","γεγεννημένον","γεγεννημένον","γεννάω"
43,03,06,"P",NULL,"ἐκ","ἐκ","ἐκ","ἐκ"
43,03,06,"RA","GSF","τῆς","τῆς","τῆς","ὁ"
43,03,06,"N","GSF","σαρκὸς","σαρκὸς","σαρκός","σάρξ"
43,03,06,"N","NSF","σάρξ","σάρξ","σάρξ","σάρξ"
43,03,06,"V","3PAI-S","ἐστιν,","ἐστιν","ἐστί(ν)","εἰμί"
43,03,06,"C",NULL,"καὶ","καὶ","καί","καί"
43,03,06,"RA","NSN","τὸ","τὸ","τό","ὁ"
43,03,06,"V","XPPNSN","γεγεννημένον","γεγεννημένον","γεγεννημένον","γεννάω"
43,03,06,"P",NULL,"ἐκ","ἐκ","ἐκ","ἐκ"
43,03,06,"RA","GSN","τοῦ","τοῦ","τοῦ","ὁ"
43,03,06,"N","GSN","πνεύματος","πνεύματος","πνεύματος","πνεῦμα"
43,03,06,"N","NSN","πνεῦμά","πνεῦμά","πνεῦμα","πνεῦμα"
43,03,06,"V","3PAI-S","ἐστιν.","ἐστιν","ἐστί(ν)","εἰμί"
43,03,07,"D",NULL,"μὴ","μὴ","μή","μή"
43,03,07,"V","2AAS-S","θαυμάσῃς","θαυμάσῃς","θαυμάσῃς","θαυμάζω"
43,03,07,"C",NULL,"ὅτι","ὅτι","ὅτι","ὅτι"
43,03,07,"V","1AAI-S","εἶπόν","εἶπόν","εἶπον","λέγω"
43,03,07,"RP","DS","σοι","σοι","σοι","σύ"
43,03,07,"V","3PAI-S","Δεῖ","Δεῖ","δεῖ","δέω"
43,03,07,"RP","AP","ὑμᾶς","ὑμᾶς","ὑμᾶς","σύ"
43,03,07,"V","APN","γεννηθῆναι","γεννηθῆναι","γεννηθῆναι","γεννάω"
43,03,07,"D",NULL,"ἄνωθεν.","ἄνωθεν","ἄνωθεν","ἄνωθεν"
43,03,08,"RA","NSN","τὸ","τὸ","τό","ὁ"
43,03,08,"N","NSN","πνεῦμα","πνεῦμα","πνεῦμα","πνεῦμα"
43,03,08,"C",NULL,"ὅπου","ὅπου","ὅπου","ὅπου"
43,03,08,"V","3PAI-S","θέλει","θέλει","θέλει","θέλω"
43,03,08,"V","3PAI-S","πνεῖ,","πνεῖ","πνεῖ","πνέω"
43,03,08,"C",NULL,"καὶ","καὶ","καί","καί"
43,03,08,"RA","ASF","τὴν","τὴν","τήν","ὁ"
43,03,08,"N","ASF","φωνὴν","φωνὴν","φωνήν","φωνή"
43,03,08,"RP","GSN","αὐτοῦ","αὐτοῦ","αὐτοῦ","αὐτός"
43,03,08,"V","2PAI-S","ἀκούεις,","ἀκούεις","ἀκούεις","ἀκούω"
43,03,08,"C",NULL,"ἀλλ’","ἀλλ’","ἀλλά","ἀλλά"
43,03,08,"D",NULL,"οὐκ","οὐκ","οὐ","οὐ"
43,03,08,"V","2XAI-S","οἶδας","οἶδας","οἶδας","οἶδα"
43,03,08,"D",NULL,"πόθεν","πόθεν","πόθεν","πόθεν"
43,03,08,"V","3PMI-S","ἔρχεται","ἔρχεται","ἔρχεται","ἔρχομαι"
43,03,08,"C",NULL,"καὶ","καὶ","καί","καί"
43,03,08,"D",NULL,"ποῦ","ποῦ","ποῦ","ποῦ"
43,03,08,"V","3PAI-S","ὑπάγει·","ὑπάγει","ὑπάγει","ὑπάγω"
43,03,08,"D",NULL,"οὕτως","οὕτως","οὕτω(ς)","οὕτω(ς)"
43,03,08,"V","3PAI-S","ἐστὶν","ἐστὶν","ἐστί(ν)","εἰμί"
43,03,08,"A","NSM","πᾶς","πᾶς","πᾶς","πᾶς"
43,03,08,"RA","NSM","ὁ","ὁ","ὁ","ὁ"
43,03,08,"V","XPPNSM","γεγεννημένος","γεγεννημένος","γεγεννημένος","γεννάω"
43,03,08,"P",NULL,"ἐκ","ἐκ","ἐκ","ἐκ"
43,03,08,"RA","GSN","τοῦ","τοῦ","τοῦ","ὁ"
43,03,08,"N","GSN","πνεύματος.","πνεύματος","πνεύματος","πνεῦμα"
43,03,09,"V","3API-S","ἀπεκρίθη","ἀπεκρίθη","ἀπεκρίθη","ἀποκρίνομαι"
43,03,09,"N","NSM","Νικόδημος","Νικόδημος","Νικόδημος","Νικόδημος"
43,03,09,"C",NULL,"καὶ","καὶ","καί","καί"
43,03,09,"V","3AAI-S","εἶπεν","εἶπεν","εἶπε(ν)","λέγω"
43,03,09,"RP","DSM","αὐτῷ·","αὐτῷ","αὐτῷ","αὐτός"
43,03,09,"D",NULL,"Πῶς","Πῶς","πῶς","πῶς"
43,03,09,"V","3PMI-S","δύναται","δύναται","δύναται","δύναμαι"
43,03,09,"RD","NPN","ταῦτα","ταῦτα","ταῦτα","οὗτος"
43,03,09,"V","AMN","γενέσθαι;","γενέσθαι","γενέσθαι","γίνομαι"
43,03,10,"V","3API-S","ἀπεκρίθη","ἀπεκρίθη","ἀπεκρίθη","ἀποκρίνομαι"
43,03,10,"N","NSM","Ἰησοῦς","Ἰησοῦς","Ἰησοῦς","Ἰησοῦς"
43,03,10,"C",NULL,"καὶ","καὶ","καί","καί"
43,03,10,"V","3AAI-S","εἶπεν","εἶπεν","εἶπε(ν)","λέγω"
43,03,10,"RP","DSM","αὐτῷ·","αὐτῷ","αὐτῷ","αὐτός"
43,03,10,"RP","NS","Σὺ","Σὺ","σύ","σύ"
43,03,10,"V","2PAI-S","εἶ","εἶ","εἶ","εἰμί"
43,03,10,"RA","NSM","ὁ","ὁ","ὁ","ὁ"
43,03,10,"N","NSM","διδάσκαλος","διδάσκαλος","διδάσκαλος","διδάσκαλος"
43,03,10,"RA","GSM","τοῦ","τοῦ","τοῦ","ὁ"
43,03,10,"N","GSM","Ἰσραὴλ","Ἰσραὴλ","Ἰσραήλ","Ἰσραήλ"
43,03,10,"C",NULL,"καὶ","καὶ","καί","καί"
43,03,10,"RD","APN","ταῦτα","ταῦτα","ταῦτα","οὗτος"
43,03,10,"D",NULL,"οὐ","οὐ","οὐ","οὐ"
43,03,10,"V","2PAI-S","γινώσκεις;","γινώσκεις","γινώσκεις","γινώσκω"
43,03,11,"X",NULL,"ἀμὴν","ἀμὴν","ἀμήν","ἀμήν"
43,03,11,"X",NULL,"ἀμὴν","ἀμὴν","ἀμήν","ἀμήν"
43,03,11,"V","1PAI-S","λέγω","λέγω","λέγω","λέγω"
43,03,11,"RP","DS","σοι","σοι","σοι","σύ"
43,03,11,"C",NULL,"ὅτι","ὅτι","ὅτι","ὅτι"
43,03,11,"RR","ASN","ὃ","ὃ","ὅ","ὅς"
43,03,11,"V","1XAI-P","οἴδαμεν","οἴδαμεν","οἴδαμεν","οἶδα"
43,03,11,"V","1PAI-P","λαλοῦμεν","λαλοῦμεν","λαλοῦμεν","λαλέω"
43,03,11,"C",NULL,"καὶ","καὶ","καί","καί"
43,03,11,"RR","ASN","ὃ","ὃ","ὅ","ὅς"
43,03,11,"V","1XAI-P","ἑωράκαμεν","ἑωράκαμεν","ἑωράκαμεν","ὁράω"
43,03,11,"V","1PAI-P","μαρτυροῦμεν,","μαρτυροῦμεν","μαρτυροῦμεν","μαρτυρέω"
43,03,11,"C",NULL,"καὶ","καὶ","καί","καί"
43,03,11,"RA","ASF","τὴν","τὴν","τήν","ὁ"
43,03,11,"N","ASF","μαρτυρίαν","μαρτυρίαν","μαρτυρίαν","μαρτυρία"
43,03,11,"RP","GP","ἡμῶν","ἡμῶν","ἡμῶν","ἐγώ"
43,03,11,"D",NULL,"οὐ","οὐ","οὐ","οὐ"
43,03,11,"V","2PAI-P","λαμβάνετε.","λαμβάνετε","λαμβάνετε","λαμβάνω"
43,03,12,"C",NULL,"εἰ","εἰ","εἰ","εἰ"
43,03,12,"RA","APN","τὰ","τὰ","τά","ὁ"
43,03,12,"A","APN","ἐπίγεια","ἐπίγεια","ἐπίγεια","ἐπίγειος"
43,03,12,"V","1AAI-S","εἶπον","εἶπον","εἶπον","λέγω"
43,03,12,"RP","DP","ὑμῖν","ὑμῖν","ὑμῖν","σύ"
43,03,12,"C",NULL,"καὶ","καὶ","καί","καί"
43,03,12,"D",NULL,"οὐ","οὐ","οὐ","οὐ"
43,03,12,"V","2PAI-P","πιστεύετε,","πιστεύετε","πιστεύετε","πιστεύω"
43,03,12,"D",NULL,"πῶς","πῶς","πῶς","πῶς"
43,03,12,"C",NULL,"ἐὰν","ἐὰν","ἐάν","ἐάν"
43,03,12,"V","1AAS-S","εἴπω","εἴπω","εἴπω","λέγω"
43,03,12,"RP","DP","ὑμῖν","ὑμῖν","ὑμῖν","σύ"
43,03,12,"RA","APN","τὰ","τὰ","τά","ὁ"
43,03,12,"A","APN","ἐπουράνια","ἐπουράνια","ἐπουράνια","ἐπουράνιος"
43,03,12,"V","2FAI-P","πιστεύσετε;","πιστεύσετε","πιστεύσετε","πιστεύω"
43,03,13,"C",NULL,"καὶ","καὶ","καί","καί"
43,03,13,"A","NSM","οὐδεὶς","οὐδεὶς","οὐδείς","οὐδείς"
43,03,13,"V","3XAI-S","ἀναβέβηκεν","ἀναβέβηκεν","ἀναβέβηκε(ν)","ἀναβαίνω"
43,03,13,"P",NULL,"εἰς","εἰς","εἰς","εἰς"
43,03,13,"RA","ASM","τὸν","τὸν","τόν","ὁ"
43,03,13,"N","ASM","οὐρανὸν","οὐρανὸν","οὐρανόν","οὐρανός"
43,03,13,"C",NULL,"εἰ","εἰ","εἰ","εἰ"
43,03,13,"D",NULL,"μὴ","μὴ","μή","μή"
43,03,13,"RA","NSM","ὁ","ὁ","ὁ","ὁ"
43,03,13,"P",NULL,"ἐκ","ἐκ","ἐκ","ἐκ"
43,03,13,"RA","GSM","τοῦ","τοῦ","τοῦ","ὁ"
43,03,13,"N","GSM","οὐρανοῦ","οὐρανοῦ","οὐρανοῦ","οὐρανός"
43,03,13,"V","AAPNSM","καταβάς,","καταβάς","καταβάς","καταβαίνω"
43,03,13,"RA","NSM","ὁ","ὁ","ὁ","ὁ"
43,03,13,"N","NSM","υἱὸς","υἱὸς","υἱός","υἱός"
43,03,13,"RA","GSM","τοῦ","τοῦ","τοῦ","ὁ"
43,03,13,"N","GSM","⸀ἀνθρώπου.","ἀνθρώπου","ἀνθρώπου","ἄνθρωπος"
43,03,14,"C",NULL,"καὶ","καὶ","καί","καί"
43,03,14,"C",NULL,"καθὼς","καθὼς","καθώς","καθώς"
43,03,14,"N","NSM","Μωϋσῆς","Μωϋσῆς","Μωϋσῆς","Μωϋσῆς"
43,03,14,"V","3AAI-S","ὕψωσεν","ὕψωσεν","ὕψωσε(ν)","ὑψόω"
43,03,14,"RA","ASM","τὸν","τὸν","τόν","ὁ"
43,03,14,"N","ASM","ὄφιν","ὄφιν","ὄφιν","ὄφις"
43,03,14,"P",NULL,"ἐν","ἐν","ἐν","ἐν"
43,03,14,"RA","DSF","τῇ","τῇ","τῇ","ὁ"
43,03,14,"A","DSF","ἐρήμῳ,","ἐρήμῳ","ἐρήμῳ","ἔρημος"
43,03,14,"D",NULL,"οὕτως","οὕτως","οὕτω(ς)","οὕτω(ς)"
43,03,14,"V","APN","ὑψωθῆναι","ὑψωθῆναι","ὑψωθῆναι","ὑψόω"
43,03,14,"V","3PAI-S","δεῖ","δεῖ","δεῖ","δέω"
43,03,14,"RA","ASM","τὸν","τὸν","τόν","ὁ"
43,03,14,"N","ASM","υἱὸν","υἱὸν","υἱόν","υἱός"
43,03,14,"RA","GSM","τοῦ","τοῦ","τοῦ","ὁ"
43,03,14,"N","GSM","ἀνθρώπου,","ἀνθρώπου","ἀνθρώπου","ἄνθρωπος"
43,03,15,"C",NULL,"ἵνα","ἵνα","ἵνα","ἵνα"
43,03,15,"A","NSM","πᾶς","πᾶς","πᾶς","πᾶς"
43,03,15,"RA","NSM","ὁ","ὁ","ὁ","ὁ"
43,03,15,"V","PAPNSM","πιστεύων","πιστεύων","πιστεύων","πιστεύω"
43,03,15,"P",NULL,"⸂ἐν","ἐν","ἐν","ἐν"
43,03,15,"RP","DSM","αὐτῷ⸃","αὐτῷ","αὐτῷ","αὐτός"
43,03,15,"V","3PAS-S","ἔχῃ","ἔχῃ","ἔχῃ","ἔχω"
43,03,15,"N","ASF","ζωὴν","ζωὴν","ζωήν","ζωή"
43,03,15,"A","ASF","αἰώνιον.","αἰώνιον","αἰώνιον","αἰώνιος"
43,03,16,"D",NULL,"Οὕτως","Οὕτως","οὕτω(ς)","οὕτω(ς)"
43,03,16,"C",NULL,"γὰρ","γὰρ","γάρ","γάρ"
43,03,16,"V","3AAI-S","ἠγάπησεν","ἠγάπησεν","ἠγάπησε(ν)","ἀγαπάω"
43,03,16,"RA","NSM","ὁ","ὁ","ὁ","ὁ"
43,03,16,"N","NSM","θεὸς","θεὸς","θεός","θεός"
43,03,16,"RA","ASM","τὸν","τὸν","τόν","ὁ"
43,03,16,"N","ASM","κόσμον","κόσμον","κόσμον","κόσμος"
43,03,16,"C",NULL,"ὥστε","ὥστε","ὥστε","ὥστε"
43,03,16,"RA","ASM","τὸν","τὸν","τόν","ὁ"
43,03,16,"N","ASM","⸀υἱὸν","υἱὸν","υἱόν","υἱός"
43,03,16,"RA","ASM","τὸν","τὸν","τόν","ὁ"
43,03,16,"A","ASM","μονογενῆ","μονογενῆ","μονογενῆ","μονογενής"
43,03,16,"V","3AAI-S","ἔδωκεν,","ἔδωκεν","ἔδωκε(ν)","δίδωμι"
43,03,16,"C",NULL,"ἵνα","ἵνα","ἵνα","ἵνα"
43,03,16,"A","NSM","πᾶς","πᾶς","πᾶς","πᾶς"
43,03,16,"RA","NSM","ὁ","ὁ","ὁ","ὁ"
43,03,16,"V","PAPNSM","πιστεύων","πιστεύων","πιστεύων","πιστεύω"
43,03,16,"P",NULL,"εἰς","εἰς","εἰς","εἰς"
43,03,16,"RP","ASM","αὐτὸν","αὐτὸν","αὐτόν","αὐτός"
43,03,16,"D",NULL,"μὴ","μὴ","μή","μή"
43,03,16,"V","3AMS-S","ἀπόληται","ἀπόληται","ἀπόληται","ἀπόλλυμι"
43,03,16,"C",NULL,"ἀλλὰ","ἀλλὰ","ἀλλά","ἀλλά"
43,03,16,"V","3PAS-S","ἔχῃ","ἔχῃ","ἔχῃ","ἔχω"
43,03,16,"N","ASF","ζωὴν","ζωὴν","ζωήν","ζωή"
43,03,16,"A","ASF","αἰώνιον.","αἰώνιον","αἰώνιον","αἰώνιος"
43,03,17,"D",NULL,"οὐ","οὐ","οὐ","οὐ"
43,03,17,"C",NULL,"γὰρ","γὰρ","γάρ","γάρ"
43,03,17,"V","3AAI-S","ἀπέστειλεν","ἀπέστειλεν","ἀπέστειλε(ν)","ἀποστέλλω"
43,03,17,"RA","NSM","ὁ","ὁ","ὁ","ὁ"
43,03,17,"N","NSM","θεὸς","θεὸς","θεός","θεός"
43,03,17,"RA","ASM","τὸν","τὸν","τόν","ὁ"
43,03,17,"N","ASM","⸀υἱὸν","υἱὸν","υἱόν","υἱός"
43,03,17,"P",NULL,"εἰς","εἰς","εἰς","εἰς"
43,03,17,"RA","ASM","τὸν","τὸν","τόν","ὁ"
43,03,17,"N","ASM","κόσμον","κόσμον","κόσμον","κόσμος"
43,03,17,"C",NULL,"ἵνα","ἵνα","ἵνα","ἵνα"
43,03,17,"V","3AAS-S","κρίνῃ","κρίνῃ","κρίνῃ","κρίνω"
43,03,17,"RA","ASM","τὸν","τὸν","τόν","ὁ"
43,03,17,"N","ASM","κόσμον,","κόσμον","κόσμον","κόσμος"
43,03,17,"C",NULL,"ἀλλ’","ἀλλ’","ἀλλά","ἀλλά"
43,03,17,"C",NULL,"ἵνα","ἵνα","ἵνα","ἵνα"
43,03,17,"V","3APS-S","σωθῇ","σωθῇ","σωθῇ","σῴζω"
43,03,17,"RA","NSM","ὁ","ὁ","ὁ","ὁ"
43,03,17,"N","NSM","κόσμος","κόσμος","κόσμος","κόσμος"
43,03,17,"P",NULL,"δι’","δι’","διά","διά"
43,03,17,"RP","GSM","αὐτοῦ.","αὐτοῦ","αὐτοῦ","αὐτός"
43,03,18,"RA","NSM","ὁ","ὁ","ὁ","ὁ"
43,03,18,"V","PAPNSM","πιστεύων","πιστεύων","πιστεύων","πιστεύω"
43,03,18,"P",NULL,"εἰς","εἰς","εἰς","εἰς"
43,03,18,"RP","ASM","αὐτὸν","αὐτὸν","αὐτόν","αὐτός"
43,03,18,"D",NULL,"οὐ","οὐ","οὐ","οὐ"
43,03,18,"V","3PPI-S","κρίνεται·","κρίνεται","κρίνεται","κρίνω"
43,03,18,"RA","NSM","ὁ","ὁ","ὁ","ὁ"
43,03,18,"C",NULL,"⸀δὲ","δὲ","δέ","δέ"
43,03,18,"D",NULL,"μὴ","μὴ","μή","μή"
43,03,18,"V","PAPNSM","πιστεύων","πιστεύων","πιστεύων","πιστεύω"
43,03,18,"D",NULL,"ἤδη","ἤδη","ἤδη","ἤδη"
43,03,18,"V","3XPI-S","κέκριται,","κέκριται","κέκριται","κρίνω"
43,03,18,"C",NULL,"ὅτι","ὅτι","ὅτι","ὅτι"
43,03,18,"D",NULL,"μὴ","μὴ","μή","μή"
43,03,18,"V","3XAI-S","πεπίστευκεν","πεπίστευκεν","πεπίστευκε(ν)","πιστεύω"
43,03,18,"P",NULL,"εἰς","εἰς","εἰς","εἰς"
43,03,18,"RA","ASN","τὸ","τὸ","τό","ὁ"
43,03,18,"N","ASN","ὄνομα","ὄνομα","ὄνομα","ὄνομα"
43,03,18,"RA","GSM","τοῦ","τοῦ","τοῦ","ὁ"
43,03,18,"A","GSM","μονογενοῦς","μονογενοῦς","μονογενοῦς","μονογενής"
43,03,18,"N","GSM","υἱοῦ","υἱοῦ","υἱοῦ","υἱός"
43,03,18,"RA","GSM","τοῦ","τοῦ","τοῦ","ὁ"
43,03,18,"N","GSM","θεοῦ.","θεοῦ","θεοῦ","θεός"
43,03,19,"RD","NSF","αὕτη","αὕτη","αὕτη","οὗτος"
43,03,19,"C",NULL,"δέ","δέ","δέ","δέ"
43,03,19,"V","3PAI-S","ἐστιν","ἐστιν","ἐστί(ν)","εἰμί"
43,03,19,"RA","NSF","ἡ","ἡ","ἡ","ὁ"
43,03,19,"N","NSF","κρίσις","κρίσις","κρίσις","κρίσις"
43,03,19,"C",NULL,"ὅτι","ὅτι","ὅτι","ὅτι"
43,03,19,"RA","NSN","τὸ","τὸ","τό","ὁ"
43,03,19,"N","NSN","φῶς","φῶς","φῶς","φῶς"
43,03,19,"V","3XAI-S","ἐλήλυθεν","ἐλήλυθεν","ἐλήλυθε(ν)","ἔρχομαι"
43,03,19,"P",NULL,"εἰς","εἰς","εἰς","εἰς"
43,03,19,"RA","ASM","τὸν","τὸν","τόν","ὁ"
43,03,19,"N","ASM","κόσμον","κόσμον","κόσμον","κόσμος"
43,03,19,"C",NULL,"καὶ","καὶ","καί","καί"
43,03,19,"V","3AAI-P","ἠγάπησαν","ἠγάπησαν","ἠγάπησαν","ἀγαπάω"
43,03,19,"RA","NPM","οἱ","οἱ","οἱ","ὁ"
43,03,19,"N","NPM","ἄνθρωποι","ἄνθρωποι","ἄνθρωποι","ἄνθρωπος"
43,03,19,"D",NULL,"μᾶλλον","μᾶλλον","μᾶλλον","μᾶλλον"
43,03,19,"RA","ASN","τὸ","τὸ","τό","ὁ"
43,03,19,"N","ASN","σκότος","σκότος","σκότος","σκότος"
43,03,19,"C",NULL,"ἢ","ἢ","ἤ","ἤ"
43,03,19,"RA","ASN","τὸ","τὸ","τό","ὁ"
43,03,19,"N","ASN","φῶς,","φῶς","φῶς","φῶς"
43,03,19,"V","3IAI-S","ἦν","ἦν","ἦν","εἰμί"
43,03,19,"C",NULL,"γὰρ","γὰρ","γάρ","γάρ"
43,03,19,"RP","GPM","⸂αὐτῶν","αὐτῶν","αὐτῶν","αὐτός"
43,03,19,"A","NPN","πονηρὰ⸃","πονηρὰ","πονηρά","πονηρός"
43,03,19,"RA","NPN","τὰ","τὰ","τά","ὁ"
43,03,19,"N","NPN","ἔργα.","ἔργα","ἔργα","ἔργον"
43,03,20,"A","NSM","πᾶς","πᾶς","πᾶς","πᾶς"
43,03,20,"C",NULL,"γὰρ","γὰρ","γάρ","γάρ"
43,03,20,"RA","NSM","ὁ","ὁ","ὁ","ὁ"
43,03,20,"A","APN","φαῦλα","φαῦλα","φαῦλα","φαῦλος"
43,03,20,"V","PAPNSM","πράσσων","πράσσων","πράσσων","πράσσω"
43,03,20,"V","3PAI-S","μισεῖ","μισεῖ","μισεῖ","μισέω"
43,03,20,"RA","ASN","τὸ","τὸ","τό","ὁ"
43,03,20,"N","ASN","φῶς","φῶς","φῶς","φῶς"
43,03,20,"C",NULL,"καὶ","καὶ","καί","καί"
43,03,20,"D",NULL,"οὐκ","οὐκ","οὐ","οὐ"
43,03,20,"V","3PMI-S","ἔρχεται","ἔρχεται","ἔρχεται","ἔρχομαι"
43,03,20,"P",NULL,"πρὸς","πρὸς","πρός","πρός"
43,03,20,"RA","ASN","τὸ","τὸ","τό","ὁ"
43,03,20,"N","ASN","φῶς,","φῶς","φῶς","φῶς"
43,03,20,"C",NULL,"ἵνα","ἵνα","ἵνα","ἵνα"
43,03,20,"D",NULL,"μὴ","μὴ","μή","μή"
43,03,20,"V","3APS-S","ἐλεγχθῇ","ἐλεγχθῇ","ἐλεγχθῇ","ἐλέγχω"
43,03,20,"RA","NPN","τὰ","τὰ","τά","ὁ"
43,03,20,"N","NPN","ἔργα","ἔργα","ἔργα","ἔργον"
43,03,20,"RP","GSM","αὐτοῦ·","αὐτοῦ","αὐτοῦ","αὐτός"
43,03,21,"RA","NSM","ὁ","ὁ","ὁ","ὁ"
43,03,21,"C",NULL,"δὲ","δὲ","δέ","δέ"
43,03,21,"V","PAPNSM","ποιῶν","ποιῶν","ποιῶν","ποιέω"
43,03,21,"RA","ASF","τὴν","τὴν","τήν","ὁ"
43,03,21,"N","ASF","ἀλήθειαν","ἀλήθειαν","ἀλήθειαν","ἀλήθεια"
43,03,21,"V","3PMI-S","ἔρχεται","ἔρχεται","ἔρχεται","ἔρχομαι"
43,03,21,"P",NULL,"πρὸς","πρὸς","πρός","πρός"
43,03,21,"RA","ASN","τὸ","τὸ","τό","ὁ"
43,03,21,"N","ASN","φῶς,","φῶς","φῶς","φῶς"
43,03,21,"C",NULL,"ἵνα","ἵνα","ἵνα","ἵνα"
43,03,21,"V","3APS-S","φανερωθῇ","φανερωθῇ","φανερωθῇ","φανερόω"
43,03,21,"RP","GSM","αὐτοῦ","αὐτοῦ","αὐτοῦ","αὐτός"
43,03,21,"RA","NPN","τὰ","τὰ","τά","ὁ"
43,03,21,"N","NPN","ἔργα","ἔργα","ἔργα","ἔργον"
43,03,21,"C",NULL,"ὅτι","ὅτι","ὅτι","ὅτι"
43,03,21,"P",NULL,"ἐν","ἐν","ἐν","ἐν"
43,03,21,"N","DSM","θεῷ","θεῷ","θεῷ","θεός"
43,03,21,"V","3PAI-S","ἐστιν","ἐστιν","ἐστί(ν)","εἰμί"
43,03,21,"V","XPPNPN","εἰργασμένα.","εἰργασμένα","εἰργασμένα","ἐργάζομαι"
43,03,22,"P",NULL,"Μετὰ","Μετὰ","μετά","μετά"
43,03,22,"RD","APN","ταῦτα","ταῦτα","ταῦτα","οὗτος"
43,03,22,"V","3AAI-S","ἦλθεν","ἦλθεν","ἦλθε(ν)","ἔρχομαι"
43,03,22,"RA","NSM","ὁ","ὁ","ὁ","ὁ"
43,03,22,"N","NSM","Ἰησοῦς","Ἰησοῦς","Ἰησοῦς","Ἰησοῦς"
43,03,22,"C",NULL,"καὶ","καὶ","καί","καί"
43,03,22,"RA","NPM","οἱ","οἱ","οἱ","ὁ"
43,03,22,"N","NPM","μαθηταὶ","μαθηταὶ","μαθηταί","μαθητής"
43,03,22,"RP","GSM","αὐτοῦ","αὐτοῦ","αὐτοῦ","αὐτός"
43,03,22,"P",NULL,"εἰς","εἰς","εἰς","εἰς"
43,03,22,"RA","ASF","τὴν","τὴν","τήν","ὁ"
43,03,22,"A","ASF","Ἰουδαίαν","Ἰουδαίαν","Ἰουδαίαν","Ἰουδαῖος"
43,03,22,"N","ASF","γῆν,","γῆν","γῆν","γῆ"
43,03,22,"C",NULL,"καὶ","καὶ","καί","καί"
43,03,22,"D",NULL,"ἐκεῖ","ἐκεῖ","ἐκεῖ","ἐκεῖ"
43,03,22,"V","3IAI-S","διέτριβεν","διέτριβεν","διέτριβε(ν)","διατρίβω"
43,03,22,"P",NULL,"μετ’","μετ’","μετά","μετά"
43,03,22,"RP","GPM","αὐτῶν","αὐτῶν","αὐτῶν","αὐτός"
43,03,22,"C",NULL,"καὶ","καὶ","καί","καί"
43,03,22,"V","3IAI-S","ἐβάπτιζεν.","ἐβάπτιζεν","ἐβάπτιζε(ν)","βαπτίζω"
43,03,23,"V","3IAI-S","ἦν","ἦν","ἦν","εἰμί"
43,03,23,"C",NULL,"δὲ","δὲ","δέ","δέ"
43,03,23,"D",NULL,"καὶ","καὶ","καί","καί"
43,03,23,"RA","NSM","⸀ὁ","ὁ","ὁ","ὁ"
43,03,23,"N","NSM","Ἰωάννης","Ἰωάννης","Ἰωάννης","Ἰωάννης"
43,03,23,"V","PAPNSM","βαπτίζων","βαπτίζων","βαπτίζων","βαπτίζω"
43,03,23,"P",NULL,"ἐν","ἐν","ἐν","ἐν"
43,03,23,"N","DSF","Αἰνὼν","Αἰνὼν","Αἰνών","Αἰνών"
43,03,23,"P",NULL,"ἐγγὺς","ἐγγὺς","ἐγγύς","ἐγγύς"
43,03,23,"RA","GSN","τοῦ","τοῦ","τοῦ","ὁ"
43,03,23,"N","GSN","Σαλείμ,","Σαλείμ","Σαλείμ","Σαλείμ"
43,03,23,"C",NULL,"ὅτι","ὅτι","ὅτι","ὅτι"
43,03,23,"N","NPN","ὕδατα","ὕδατα","ὕδατα","ὕδωρ"
43,03,23,"A","NPN","πολλὰ","πολλὰ","πολλά","πολύς"
43,03,23,"V","3IAI-S","ἦν","ἦν","ἦν","εἰμί"
43,03,23,"D",NULL,"ἐκεῖ,","ἐκεῖ","ἐκεῖ","ἐκεῖ"
43,03,23,"C",NULL,"καὶ","καὶ","καί","καί"
43,03,23,"V","3IMI-P","παρεγίνοντο","παρεγίνοντο","παρεγίνοντο","παραγίνομαι"
43,03,23,"C",NULL,"καὶ","καὶ","καί","καί"
43,03,23,"V","3IPI-P","ἐβαπτίζοντο·","ἐβαπτίζοντο","ἐβαπτίζοντο","βαπτίζω"
43,03,24,"D",NULL,"οὔπω","οὔπω","οὔπω","οὔπω"
43,03,24,"C",NULL,"γὰρ","γὰρ","γάρ","γάρ"
43,03,24,"V","3IAI-S","ἦν","ἦν","ἦν","εἰμί"
43,03,24,"V","XPPNSM","βεβλημένος","βεβλημένος","βεβλημένος","βάλλω"
43,03,24,"P",NULL,"εἰς","εἰς","εἰς","εἰς"
43,03,24,"RA","ASF","τὴν","τὴν","τήν","ὁ"
43,03,24,"N","ASF","φυλακὴν","φυλακὴν","φυλακήν","φυλακή"
43,03,24,"RA","NSM","⸀ὁ","ὁ","ὁ","ὁ"
43,03,24,"N","NSM","Ἰωάννης.","Ἰωάννης","Ἰωάννης","Ἰωάννης"
43,03,25,"V","3AMI-S","Ἐγένετο","Ἐγένετο","ἐγένετο","γίνομαι"
43,03,25,"C",NULL,"οὖν","οὖν","οὖν","οὖν"
43,03,25,"N","NSF","ζήτησις","ζήτησις","ζήτησις","ζήτησις"
43,03,25,"P",NULL,"ἐκ","ἐκ","ἐκ","ἐκ"
43,03,25,"RA","GPM","τῶν","τῶν","τῶν","ὁ"
43,03,25,"N","GPM","μαθητῶν","μαθητῶν","μαθητῶν","μαθητής"
43,03,25,"N","GSM","Ἰωάννου","Ἰωάννου","Ἰωάννου","Ἰωάννης"
43,03,25,"P",NULL,"μετὰ","μετὰ","μετά","μετά"
43,03,25,"A","GSM","Ἰουδαίου","Ἰουδαίου","Ἰουδαίου","Ἰουδαῖος"
43,03,25,"P",NULL,"περὶ","περὶ","περί","περί"
43,03,25,"N","GSM","καθαρισμοῦ.","καθαρισμοῦ","καθαρισμοῦ","καθαρισμός"
43,03,26,"C",NULL,"καὶ","καὶ","καί","καί"
43,03,26,"V","3AAI-P","ἦλθον","ἦλθον","ἦλθον","ἔρχομαι"
43,03,26,"P",NULL,"πρὸς","πρὸς","πρός","πρός"
43,03,26,"RA","ASM","τὸν","τὸν","τόν","ὁ"
43,03,26,"N","ASM","Ἰωάννην","Ἰωάννην","Ἰωάννην","Ἰωάννης"
43,03,26,"C",NULL,"καὶ","καὶ","καί","καί"
43,03,26,"V","3AAI-P","εἶπαν","εἶπαν","εἶπαν","λέγω"
43,03,26,"RP","DSM","αὐτῷ·","αὐτῷ","αὐτῷ","αὐτός"
43,03,26,"N","VSM","Ῥαββί,","Ῥαββί","ῥαββί","ῥαββί"
43,03,26,"RR","NSM","ὃς","ὃς","ὅς","ὅς"
43,03,26,"V","3IAI-S","ἦν","ἦν","ἦν","εἰμί"
43,03,26,"P",NULL,"μετὰ","μετὰ","μετά","μετά"
43,03,26,"RP","GS","σοῦ","σοῦ","σοῦ","σύ"
43,03,26,"P",NULL,"πέραν","πέραν","πέραν","πέραν"
43,03,26,"RA","GSM","τοῦ","τοῦ","τοῦ","ὁ"
43,03,26,"N","GSM","Ἰορδάνου,","Ἰορδάνου","Ἰορδάνου","Ἰορδάνης"
43,03,26,"RR","DSM","ᾧ","ᾧ","ᾧ","ὅς"
43,03,26,"RP","NS","σὺ","σὺ","σύ","σύ"
43,03,26,"V","2XAI-S","μεμαρτύρηκας,","μεμαρτύρηκας","μεμαρτύρηκας","μαρτυρέω"
43,03,26,"X",NULL,"ἴδε","ἴδε","ἴδε","ἴδε"
43,03,26,"RD","NSM","οὗτος","οὗτος","οὗτος","οὗτος"
43,03,26,"V","3PAI-S","βαπτίζει","βαπτίζει","βαπτίζει","βαπτίζω"
43,03,26,"C",NULL,"καὶ","καὶ","καί","καί"
43,03,26,"A","NPM","πάντες","πάντες","πάντες","πᾶς"
43,03,26,"V","3PMI-P","ἔρχονται","ἔρχονται","ἔρχονται","ἔρχομαι"
43,03,26,"P",NULL,"πρὸς","πρὸς","πρός","πρός"
43,03,26,"RP","ASM","αὐτόν.","αὐτόν","αὐτόν","αὐτός"
43,03,27,"V","3API-S","ἀπεκρίθη","ἀπεκρίθη","ἀπεκρίθη","ἀποκρίνομαι"
43,03,27,"N","NSM","Ἰωάννης","Ἰωάννης","Ἰωάννης","Ἰωάννης"
43,03,27,"C",NULL,"καὶ","καὶ","καί","καί"
43,03,27,"V","3AAI-S","εἶπεν·","εἶπεν","εἶπε(ν)","λέγω"
43,03,27,"D",NULL,"Οὐ","Οὐ","οὐ","οὐ"
43,03,27,"V","3PMI-S","δύναται","δύναται","δύναται","δύναμαι"
43,03,27,"N","NSM","ἄνθρωπος","ἄνθρωπος","ἄνθρωπος","ἄνθρωπος"
43,03,27,"V","PAN","λαμβάνειν","λαμβάνειν","λαμβάνειν","λαμβάνω"
43,03,27,"D",NULL,"⸂οὐδὲ","οὐδὲ","οὐδέ","οὐδέ"
43,03,27,"A","ASN","ἓν⸃","ἓν","ἕν","εἷς"
43,03,27,"C",NULL,"ἐὰν","ἐὰν","ἐάν","ἐάν"
43,03,27,"D",NULL,"μὴ","μὴ","μή","μή"
43,03,27,"V","3PAS-S","ᾖ","ᾖ","ᾖ","εἰμί"
43,03,27,"V","XPPNSN","δεδομένον","δεδομένον","δεδομένον","δίδωμι"
43,03,27,"RP","DSM","αὐτῷ","αὐτῷ","αὐτῷ","αὐτός"
43,03,27,"P",NULL,"ἐκ","ἐκ","ἐκ","ἐκ"
43,03,27,"RA","GSM","τοῦ","τοῦ","τοῦ","ὁ"
43,03,27,"N","GSM","οὐρανοῦ.","οὐρανοῦ","οὐρανοῦ","οὐρανός"
43,03,28,"RP","NPM","αὐτοὶ","αὐτοὶ","αὐτοί","αὐτός"
43,03,28,"RP","NP","ὑμεῖς","ὑμεῖς","ὑμεῖς","σύ"
43,03,28,"RP","DS","⸀μοι","μοι","μοι","ἐγώ"
43,03,28,"V","2PAI-P","μαρτυρεῖτε","μαρτυρεῖτε","μαρτυρεῖτε","μαρτυρέω"
43,03,28,"C",NULL,"ὅτι","ὅτι","ὅτι","ὅτι"
43,03,28,"V","1AAI-S","⸀εἶπον·","εἶπον","εἶπον","λέγω"
43,03,28,"D",NULL,"Οὐκ","Οὐκ","οὐ","οὐ"
43,03,28,"V","1PAI-S","εἰμὶ","εἰμὶ","εἰμί","εἰμί"
43,03,28,"RP","NS","ἐγὼ","ἐγὼ","ἐγώ","ἐγώ"
43,03,28,"RA","NSM","ὁ","ὁ","ὁ","ὁ"
43,03,28,"N","NSM","χριστός,","χριστός","Χριστός","Χριστός"
43,03,28,"C",NULL,"ἀλλ’","ἀλλ’","ἀλλά","ἀλλά"
43,03,28,"C",NULL,"ὅτι","ὅτι","ὅτι","ὅτι"
43,03,28,"V","XPPNSM","Ἀπεσταλμένος","Ἀπεσταλμένος","ἀπεσταλμένος","ἀποστέλλω"
43,03,28,"V","1PAI-S","εἰμὶ","εἰμὶ","εἰμί","εἰμί"
43,03,28,"P",NULL,"ἔμπροσθεν","ἔμπροσθεν","ἔμπροσθεν","ἔμπροσθεν"
43,03,28,"RD","GSM","ἐκείνου.","ἐκείνου","ἐκείνου","ἐκεῖνος"
43,03,29,"RA","NSM","ὁ","ὁ","ὁ","ὁ"
43,03,29,"V","PAPNSM","ἔχων","ἔχων","ἔχων","ἔχω"
43,03,29,"RA","ASF","τὴν","τὴν","τήν","ὁ"
43,03,29,"N","ASF","νύμφην","νύμφην","νύμφην","νύμφη"
43,03,29,"N","NSM","νυμφίος","νυμφίος","νυμφίος","νυμφίος"
43,03,29,"V","3PAI-S","ἐστίν·","ἐστίν","ἐστί(ν)","εἰμί"
43,03,29,"RA","NSM","ὁ","ὁ","ὁ","ὁ"
43,03,29,"C",NULL,"δὲ","δὲ","δέ","δέ"
43,03,29,"A","NSM","φίλος","φίλος","φίλος","φίλος"
43,03,29,"RA","GSM","τοῦ","τοῦ","τοῦ","ὁ"
43,03,29,"N","GSM","νυμφίου","νυμφίου","νυμφίου","νυμφίος"
43,03,29,"RA","NSM","ὁ","ὁ","ὁ","ὁ"
43,03,29,"V","XAPNSM","ἑστηκὼς","ἑστηκὼς","ἑστηκώς","ἵστημι"
43,03,29,"C",NULL,"καὶ","καὶ","καί","καί"
43,03,29,"V","PAPNSM","ἀκούων","ἀκούων","ἀκούων","ἀκούω"
43,03,29,"RP","GSM","αὐτοῦ,","αὐτοῦ","αὐτοῦ","αὐτός"
43,03,29,"N","DSF","χαρᾷ","χαρᾷ","χαρᾷ","χαρά"
43,03,29,"V","3PAI-S","χαίρει","χαίρει","χαίρει","χαίρω"
43,03,29,"P",NULL,"διὰ","διὰ","διά","διά"
43,03,29,"RA","ASF","τὴν","τὴν","τήν","ὁ"
43,03,29,"N","ASF","φωνὴν","φωνὴν","φωνήν","φωνή"
43,03,29,"RA","GSM","τοῦ","τοῦ","τοῦ","ὁ"
43,03,29,"N","GSM","νυμφίου.","νυμφίου","νυμφίου","νυμφίος"
43,03,29,"RD","NSF","αὕτη","αὕτη","αὕτη","οὗτος"
43,03,29,"C",NULL,"οὖν","οὖν","οὖν","οὖν"
43,03,29,"RA","NSF","ἡ","ἡ","ἡ","ὁ"
43,03,29,"N","NSF","χαρὰ","χαρὰ","χαρά","χαρά"
43,03,29,"RA","NSF","ἡ","ἡ","ἡ","ὁ"
43,03,29,"A","NSF","ἐμὴ","ἐμὴ","ἐμή","ἐμός"
43,03,29,"V","3XPI-S","πεπλήρωται.","πεπλήρωται","πεπλήρωται","πληρόω"
43,03,30,"RD","ASM","ἐκεῖνον","ἐκεῖνον","ἐκεῖνον","ἐκεῖνος"
43,03,30,"V","3PAI-S","δεῖ","δεῖ","δεῖ","δέω"
43,03,30,"V","PAN","αὐξάνειν,","αὐξάνειν","αὐξάνειν","αὐξάνω"
43,03,30,"RP","AS","ἐμὲ","ἐμὲ","ἐμέ","ἐγώ"
43,03,30,"C",NULL,"δὲ","δὲ","δέ","δέ"
43,03,30,"V","PMN","ἐλαττοῦσθαι.","ἐλαττοῦσθαι","ἐλαττοῦσθαι","ἐλαττόω"
43,03,31,"RA","NSM","Ὁ","Ὁ","ὁ","ὁ"
43,03,31,"D",NULL,"ἄνωθεν","ἄνωθεν","ἄνωθεν","ἄνωθεν"
43,03,31,"V","PMPNSM","ἐρχόμενος","ἐρχόμενος","ἐρχόμενος","ἔρχομαι"
43,03,31,"P",NULL,"ἐπάνω","ἐπάνω","ἐπάνω","ἐπάνω"
43,03,31,"A","GPN","πάντων","πάντων","πάντων","πᾶς"
43,03,31,"V","3PAI-S","ἐστίν.","ἐστίν","ἐστί(ν)","εἰμί"
43,03,31,"RA","NSM","ὁ","ὁ","ὁ","ὁ"
43,03,31,"V","PAPNSM","ὢν","ὢν","ὤν","εἰμί"
43,03,31,"P",NULL,"ἐκ","ἐκ","ἐκ","ἐκ"
43,03,31,"RA","GSF","τῆς","τῆς","τῆς","ὁ"
43,03,31,"N","GSF","γῆς","γῆς","γῆς","γῆ"
43,03,31,"P",NULL,"ἐκ","ἐκ","ἐκ","ἐκ"
43,03,31,"RA","GSF","τῆς","τῆς","τῆς","ὁ"
43,03,31,"N","GSF","γῆς","γῆς","γῆς","γῆ"
43,03,31,"V","3PAI-S","ἐστιν","ἐστιν","ἐστί(ν)","εἰμί"
43,03,31,"C",NULL,"καὶ","καὶ","καί","καί"
43,03,31,"P",NULL,"ἐκ","ἐκ","ἐκ","ἐκ"
43,03,31,"RA","GSF","τῆς","τῆς","τῆς","ὁ"
43,03,31,"N","GSF","γῆς","γῆς","γῆς","γῆ"
43,03,31,"V","3PAI-S","λαλεῖ·","λαλεῖ","λαλεῖ","λαλέω"
43,03,31,"RA","NSM","ὁ","ὁ","ὁ","ὁ"
43,03,31,"P",NULL,"ἐκ","ἐκ","ἐκ","ἐκ"
43,03,31,"RA","GSM","τοῦ","τοῦ","τοῦ","ὁ"
43,03,31,"N","GSM","οὐρανοῦ","οὐρανοῦ","οὐρανοῦ","οὐρανός"
43,03,31,"V","PMPNSM","ἐρχόμενος","ἐρχόμενος","ἐρχόμενος","ἔρχομαι"
43,03,31,"P",NULL,"ἐπάνω","ἐπάνω","ἐπάνω","ἐπάνω"
43,03,31,"A","GPN","πάντων","πάντων","πάντων","πᾶς"
43,03,31,"V","3PAI-S","ἐστίν·","ἐστίν","ἐστί(ν)","εἰμί"
43,03,32,"RR","ASN","⸀ὃ","ὃ","ὅ","ὅς"
43,03,32,"V","3XAI-S","ἑώρακεν","ἑώρακεν","ἑώρακε(ν)","ὁράω"
43,03,32,"C",NULL,"καὶ","καὶ","καί","καί"
43,03,32,"V","3AAI-S","ἤκουσεν","ἤκουσεν","ἤκουσε(ν)","ἀκούω"
43,03,32,"RD","ASN","τοῦτο","τοῦτο","τοῦτο","οὗτος"
43,03,32,"V","3PAI-S","μαρτυρεῖ,","μαρτυρεῖ","μαρτυρεῖ","μαρτυρέω"
43,03,32,"C",NULL,"καὶ","καὶ","καί","καί"
43,03,32,"RA","ASF","τὴν","τὴν","τήν","ὁ"
43,03,32,"N","ASF","μαρτυρίαν","μαρτυρίαν","μαρτυρίαν","μαρτυρία"
43,03,32,"RP","GSM","αὐτοῦ","αὐτοῦ","αὐτοῦ","αὐτός"
43,03,32,"A","NSM","οὐδεὶς","οὐδεὶς","οὐδείς","οὐδείς"
43,03,32,"V","3PAI-S","λαμβάνει.","λαμβάνει","λαμβάνει","λαμβάνω"
43,03,33,"RA","NSM","ὁ","ὁ","ὁ","ὁ"
43,03,33,"V","AAPNSM","λαβὼν","λαβὼν","λαβών","λαμβάνω"
43,03,33,"RP","GSM","αὐτοῦ","αὐτοῦ","αὐτοῦ","αὐτός"
43,03,33,"RA","ASF","τὴν","τὴν","τήν","ὁ"
43,03,33,"N","ASF","μαρτυρίαν","μαρτυρίαν","μαρτυρίαν","μαρτυρία"
43,03,33,"V","3AAI-S","ἐσφράγισεν","ἐσφράγισεν","ἐσφράγισε(ν)","σφραγίζω"
43,03,33,"C",NULL,"ὅτι","ὅτι","ὅτι","ὅτι"
43,03,33,"RA","NSM","ὁ","ὁ","ὁ","ὁ"
43,03,33,"N","NSM","θεὸς","θεὸς","θεός","θεός"
43,03,33,"A","NSM","ἀληθής","ἀληθής","ἀληθής","ἀληθής"
43,03,33,"V","3PAI-S","ἐστιν.","ἐστιν","ἐστί(ν)","εἰμί"
43,03,34,"RR","ASM","ὃν","ὃν","ὅν","ὅς"
43,03,34,"C",NULL,"γὰρ","γὰρ","γάρ","γάρ"
43,03,34,"V","3AAI-S","ἀπέστειλεν","ἀπέστειλεν","ἀπέστειλε(ν)","ἀποστέλλω"
43,03,34,"RA","NSM","ὁ","ὁ","ὁ","ὁ"
43,03,34,"N","NSM","θεὸς","θεὸς","θεός","θεός"
43,03,34,"RA","APN","τὰ","τὰ","τά","ὁ"
43,03,34,"N","APN","ῥήματα","ῥήματα","ῥήματα","ῥῆμα"
43,03,34,"RA","GSM","τοῦ","τοῦ","τοῦ","ὁ"
43,03,34,"N","GSM","θεοῦ","θεοῦ","θεοῦ","θεός"
43,03,34,"V","3PAI-S","λαλεῖ,","λαλεῖ","λαλεῖ","λαλέω"
43,03,34,"D",NULL,"οὐ","οὐ","οὐ","οὐ"
43,03,34,"C",NULL,"γὰρ","γὰρ","γάρ","γάρ"
43,03,34,"P",NULL,"ἐκ","ἐκ","ἐκ","ἐκ"
43,03,34,"N","GSN","μέτρου","μέτρου","μέτρου","μέτρον"
43,03,34,"V","3PAI-S","⸀δίδωσιν","δίδωσιν","δίδωσι(ν)","δίδωμι"
43,03,34,"RA","ASN","τὸ","τὸ","τό","ὁ"
43,03,34,"N","ASN","πνεῦμα.","πνεῦμα","πνεῦμα","πνεῦμα"
43,03,35,"RA","NSM","ὁ","ὁ","ὁ","ὁ"
43,03,35,"N","NSM","πατὴρ","πατὴρ","πατήρ","πατήρ"
43,03,35,"V","3PAI-S","ἀγαπᾷ","ἀγαπᾷ","ἀγαπᾷ","ἀγαπάω"
43,03,35,"RA","ASM","τὸν","τὸν","τόν","ὁ"
43,03,35,"N","ASM","υἱόν,","υἱόν","υἱόν","υἱός"
43,03,35,"C",NULL,"καὶ","καὶ","καί","καί"
43,03,35,"A","APN","πάντα","πάντα","πάντα","πᾶς"
43,03,35,"V","3XAI-S","δέδωκεν","δέδωκεν","δέδωκε(ν)","δίδωμι"
43,03,35,"P",NULL,"ἐν","ἐν","ἐν","ἐν"
43,03,35,"RA","DSF","τῇ","τῇ","τῇ","ὁ"
43,03,35,"N","DSF","χειρὶ","χειρὶ","χειρί","χείρ"
43,03,35,"RP","GSM","αὐτοῦ.","αὐτοῦ","αὐτοῦ","αὐτός"
43,03,36,"RA","NSM","ὁ","ὁ","ὁ","ὁ"
43,03,36,"V","PAPNSM","πιστεύων","πιστεύων","πιστεύων","πιστεύω"
43,03,36,"P",NULL,"εἰς","εἰς","εἰς","εἰς"
43,03,36,"RA","ASM","τὸν","τὸν","τόν","ὁ"
43,03,36,"N","ASM","υἱὸν","υἱὸν","υἱόν","υἱός"
43,03,36,"V","3PAI-S","ἔχει","ἔχει","ἔχει","ἔχω"
43,03,36,"N","ASF","ζωὴν","ζωὴν","ζωήν","ζωή"
43,03,36,"A","ASF","αἰώνιον·","αἰώνιον","αἰώνιον","αἰώνιος"
43,03,36,"RA","NSM","ὁ","ὁ","ὁ","ὁ"
43,03,36,"C",NULL,"δὲ","δὲ","δέ","δέ"
43,03,36,"V","PAPNSM","ἀπειθῶν","ἀπειθῶν","ἀπειθῶν","ἀπειθέω"
43,03,36,"RA","DSM","τῷ","τῷ","τῷ","ὁ"
43,03,36,"N","DSM","υἱῷ","υἱῷ","υἱῷ","υἱός"
43,03,36,"D",NULL,"οὐκ","οὐκ","οὐ","οὐ"
43,03,36,"V","3FMI-S","ὄψεται","ὄψεται","ὄψεται","ὁράω"
43,03,36,"N","ASF","ζωήν,","ζωήν","ζωήν","ζωή"
43,03,36,"C",NULL,"ἀλλ’","ἀλλ’","ἀλλά","ἀλλά"
43,03,36,"RA","NSF","ἡ","ἡ","ἡ","ὁ"
43,03,36,"N","NSF","ὀργὴ","ὀργὴ","ὀργή","ὀργή"
43,03,36,"RA","GSM","τοῦ","τοῦ","τοῦ","ὁ"
43,03,36,"N","GSM","θεοῦ","θεοῦ","θεοῦ","θεός"
43,03,36,"V","3PAI-S","μένει","μένει","μένει","μένω"
43,03,36,"P",NULL,"ἐπ’","ἐπ’","ἐπί","ἐπί"
43,03,36,"RP","ASM","αὐτόν.","αὐτόν","αὐτόν","αὐτός"
43,04,01,"C",NULL,"Ὡς","Ὡς","ὡς","ὡς"
43,04,01,"C",NULL,"οὖν","οὖν","οὖν","οὖν"
43,04,01,"V","3AAI-S","ἔγνω","ἔγνω","ἔγνω","γινώσκω"
43,04,01,"RA","NSM","ὁ","ὁ","ὁ","ὁ"
43,04,01,"N","NSM","⸀Ἰησοῦς","Ἰησοῦς","Ἰησοῦς","Ἰησοῦς"
43,04,01,"C",NULL,"ὅτι","ὅτι","ὅτι","ὅτι"
43,04,01,"V","3AAI-P","ἤκουσαν","ἤκουσαν","ἤκουσαν","ἀκούω"
43,04,01,"RA","NPM","οἱ","οἱ","οἱ","ὁ"
43,04,01,"N","NPM","Φαρισαῖοι","Φαρισαῖοι","Φαρισαῖοι","Φαρισαῖος"
43,04,01,"C",NULL,"ὅτι","ὅτι","ὅτι","ὅτι"
43,04,01,"N","NSM","Ἰησοῦς","Ἰησοῦς","Ἰησοῦς","Ἰησοῦς"
43,04,01,"A","APMC","πλείονας","πλείονας","πλείονας","πολύς"
43,04,01,"N","APM","μαθητὰς","μαθητὰς","μαθητάς","μαθητής"
43,04,01,"V","3PAI-S","ποιεῖ","ποιεῖ","ποιεῖ","ποιέω"
43,04,01,"C",NULL,"καὶ","καὶ","καί","καί"
43,04,01,"V","3PAI-S","βαπτίζει","βαπτίζει","βαπτίζει","βαπτίζω"
43,04,01,"C",NULL,"ἢ","ἢ","ἤ","ἤ"
43,04,01,"N","NSM","Ἰωάννης—","Ἰωάννης","Ἰωάννης","Ἰωάννης"
43,04,02,"C",NULL,"καίτοιγε","καίτοιγε","καίτοιγε","καίτοιγε"
43,04,02,"N","NSM","Ἰησοῦς","Ἰησοῦς","Ἰησοῦς","Ἰησοῦς"
43,04,02,"RP","NSM","αὐτὸς","αὐτὸς","αὐτός","αὐτός"
43,04,02,"D",NULL,"οὐκ","οὐκ","οὐ","οὐ"
43,04,02,"V","3IAI-S","ἐβάπτιζεν","ἐβάπτιζεν","ἐβάπτιζε(ν)","βαπτίζω"
43,04,02,"C",NULL,"ἀλλ’","ἀλλ’","ἀλλά","ἀλλά"
43,04,02,"RA","NPM","οἱ","οἱ","οἱ","ὁ"
43,04,02,"N","NPM","μαθηταὶ","μαθηταὶ","μαθηταί","μαθητής"
43,04,02,"RP","GSM","αὐτοῦ—","αὐτοῦ","αὐτοῦ","αὐτός"
43,04,03,"V","3AAI-S","ἀφῆκεν","ἀφῆκεν","ἀφῆκε(ν)","ἀφίημι"
43,04,03,"RA","ASF","τὴν","τὴν","τήν","ὁ"
43,04,03,"N","ASF","Ἰουδαίαν","Ἰουδαίαν","Ἰουδαίαν","Ἰουδαία"
43,04,03,"C",NULL,"καὶ","καὶ","καί","καί"
43,04,03,"V","3AAI-S","ἀπῆλθεν","ἀπῆλθεν","ἀπῆλθε(ν)","ἀπέρχομαι"
43,04,03,"D",NULL,"⸀πάλιν","πάλιν","πάλιν","πάλιν"
43,04,03,"P",NULL,"εἰς","εἰς","εἰς","εἰς"
43,04,03,"RA","ASF","τὴν","τὴν","τήν","ὁ"
43,04,03,"N","ASF","Γαλιλαίαν.","Γαλιλαίαν","Γαλιλαίαν","Γαλιλαία"
43,04,04,"V","3IAI-S","ἔδει","ἔδει","ἔδει","δέω"
43,04,04,"C",NULL,"δὲ","δὲ","δέ","δέ"
43,04,04,"RP","ASM","αὐτὸν","αὐτὸν","αὐτόν","αὐτός"
43,04,04,"V","PMN","διέρχεσθαι","διέρχεσθαι","διέρχεσθαι","διέρχομαι"
43,04,04,"P",NULL,"διὰ","διὰ","διά","διά"
43,04,04,"RA","GSF","τῆς","τῆς","τῆς","ὁ"
43,04,04,"N","GSF","Σαμαρείας.","Σαμαρείας","Σαμαρείας","Σαμάρεια"
43,04,05,"V","3PMI-S","ἔρχεται","ἔρχεται","ἔρχεται","ἔρχομαι"
43,04,05,"C",NULL,"οὖν","οὖν","οὖν","οὖν"
43,04,05,"P",NULL,"εἰς","εἰς","εἰς","εἰς"
43,04,05,"N","ASF","πόλιν","πόλιν","πόλιν","πόλις"
43,04,05,"RA","GSF","τῆς","τῆς","τῆς","ὁ"
43,04,05,"N","GSF","Σαμαρείας","Σαμαρείας","Σαμαρείας","Σαμάρεια"
43,04,05,"V","PPPASF","λεγομένην","λεγομένην","λεγομένην","λέγω"
43,04,05,"N","ASF","Συχὰρ","Συχὰρ","Συχάρ","Συχάρ"
43,04,05,"P",NULL,"πλησίον","πλησίον","πλησίον","πλησίον"
43,04,05,"RA","GSN","τοῦ","τοῦ","τοῦ","ὁ"
43,04,05,"N","GSN","χωρίου","χωρίου","χωρίου","χωρίον"
43,04,05,"RR","ASN","ὃ","ὃ","ὅ","ὅς"
43,04,05,"V","3AAI-S","ἔδωκεν","ἔδωκεν","ἔδωκε(ν)","δίδωμι"
43,04,05,"N","NSM","Ἰακὼβ","Ἰακὼβ","Ἰακώβ","Ἰακώβ"
43,04,05,"RA","DSM","⸀τῷ","τῷ","τῷ","ὁ"
43,04,05,"N","DSM","Ἰωσὴφ","Ἰωσὴφ","Ἰωσήφ","Ἰωσήφ"
43,04,05,"RA","DSM","τῷ","τῷ","τῷ","ὁ"
43,04,05,"N","DSM","υἱῷ","υἱῷ","υἱῷ","υἱός"
43,04,05,"RP","GSM","αὐτοῦ·","αὐτοῦ","αὐτοῦ","αὐτός"
43,04,06,"V","3IAI-S","ἦν","ἦν","ἦν","εἰμί"
43,04,06,"C",NULL,"δὲ","δὲ","δέ","δέ"
43,04,06,"D",NULL,"ἐκεῖ","ἐκεῖ","ἐκεῖ","ἐκεῖ"
43,04,06,"N","NSF","πηγὴ","πηγὴ","πηγή","πηγή"
43,04,06,"RA","GSM","τοῦ","τοῦ","τοῦ","ὁ"
43,04,06,"N","GSM","Ἰακώβ.","Ἰακώβ","Ἰακώβ","Ἰακώβ"
43,04,06,"RA","NSM","ὁ","ὁ","ὁ","ὁ"
43,04,06,"C",NULL,"οὖν","οὖν","οὖν","οὖν"
43,04,06,"N","NSM","Ἰησοῦς","Ἰησοῦς","Ἰησοῦς","Ἰησοῦς"
43,04,06,"V","XAPNSM","κεκοπιακὼς","κεκοπιακὼς","κεκοπιακώς","κοπιάω"
43,04,06,"P",NULL,"ἐκ","ἐκ","ἐκ","ἐκ"
43,04,06,"RA","GSF","τῆς","τῆς","τῆς","ὁ"
43,04,06,"N","GSF","ὁδοιπορίας","ὁδοιπορίας","ὁδοιπορίας","ὁδοιπορία"
43,04,06,"V","3IMI-S","ἐκαθέζετο","ἐκαθέζετο","ἐκαθέζετο","καθέζομαι"
43,04,06,"D",NULL,"οὕτως","οὕτως","οὕτω(ς)","οὕτω(ς)"
43,04,06,"P",NULL,"ἐπὶ","ἐπὶ","ἐπί","ἐπί"
43,04,06,"RA","DSF","τῇ","τῇ","τῇ","ὁ"
43,04,06,"N","DSF","πηγῇ·","πηγῇ","πηγῇ","πηγή"
43,04,06,"N","NSF","ὥρα","ὥρα","ὥρα","ὥρα"
43,04,06,"V","3IAI-S","ἦν","ἦν","ἦν","εἰμί"
43,04,06,"P",NULL,"⸀ὡς","ὡς","ὡς","ὡς"
43,04,06,"A","NSF","ἕκτη.","ἕκτη","ἕκτη","ἕκτος"
43,04,07,"V","3PMI-S","Ἔρχεται","Ἔρχεται","ἔρχεται","ἔρχομαι"
43,04,07,"N","NSF","γυνὴ","γυνὴ","γυνή","γυνή"
43,04,07,"P",NULL,"ἐκ","ἐκ","ἐκ","ἐκ"
43,04,07,"RA","GSF","τῆς","τῆς","τῆς","ὁ"
43,04,07,"N","GSF","Σαμαρείας","Σαμαρείας","Σαμαρείας","Σαμάρεια"
43,04,07,"V","AAN","ἀντλῆσαι","ἀντλῆσαι","ἀντλῆσαι","ἀντλέω"
43,04,07,"N","ASN","ὕδωρ.","ὕδωρ","ὕδωρ","ὕδωρ"
43,04,07,"V","3PAI-S","λέγει","λέγει","λέγει","λέγω"
43,04,07,"RP","DSF","αὐτῇ","αὐτῇ","αὐτῇ","αὐτός"
43,04,07,"RA","NSM","ὁ","ὁ","ὁ","ὁ"
43,04,07,"N","NSM","Ἰησοῦς·","Ἰησοῦς","Ἰησοῦς","Ἰησοῦς"
43,04,07,"V","2AAD-S","Δός","Δός","δός","δίδωμι"
43,04,07,"RP","DS","μοι","μοι","μοι","ἐγώ"
43,04,07,"V","AAN","πεῖν·","πεῖν","πεῖν","πίνω"
43,04,08,"RA","NPM","οἱ","οἱ","οἱ","ὁ"
43,04,08,"C",NULL,"γὰρ","γὰρ","γάρ","γάρ"
43,04,08,"N","NPM","μαθηταὶ","μαθηταὶ","μαθηταί","μαθητής"
43,04,08,"RP","GSM","αὐτοῦ","αὐτοῦ","αὐτοῦ","αὐτός"
43,04,08,"V","3YAI-P","ἀπεληλύθεισαν","ἀπεληλύθεισαν","ἀπεληλύθεισαν","ἀπέρχομαι"
43,04,08,"P",NULL,"εἰς","εἰς","εἰς","εἰς"
43,04,08,"RA","ASF","τὴν","τὴν","τήν","ὁ"
43,04,08,"N","ASF","πόλιν,","πόλιν","πόλιν","πόλις"
43,04,08,"C",NULL,"ἵνα","ἵνα","ἵνα","ἵνα"
43,04,08,"N","APF","τροφὰς","τροφὰς","τροφάς","τροφή"
43,04,08,"V","3AAS-P","ἀγοράσωσιν.","ἀγοράσωσιν","ἀγοράσωσι(ν)","ἀγοράζω"
43,04,09,"V","3PAI-S","λέγει","λέγει","λέγει","λέγω"
43,04,09,"C",NULL,"οὖν","οὖν","οὖν","οὖν"
43,04,09,"RP","DSM","αὐτῷ","αὐτῷ","αὐτῷ","αὐτός"
43,04,09,"RA","NSF","ἡ","ἡ","ἡ","ὁ"
43,04,09,"N","NSF","γυνὴ","γυνὴ","γυνή","γυνή"
43,04,09,"RA","NSF","ἡ","ἡ","ἡ","ὁ"
43,04,09,"N","NSF","Σαμαρῖτις·","Σαμαρῖτις","Σαμαρῖτις","Σαμαρῖτις"
43,04,09,"D",NULL,"Πῶς","Πῶς","πῶς","πῶς"
43,04,09,"RP","NS","σὺ","σὺ","σύ","σύ"
43,04,09,"A","NSM","Ἰουδαῖος","Ἰουδαῖος","Ἰουδαῖος","Ἰουδαῖος"
43,04,09,"V","PAPNSM","ὢν","ὢν","ὤν","εἰμί"
43,04,09,"P",NULL,"παρ’","παρ’","παρά","παρά"
43,04,09,"RP","GS","ἐμοῦ","ἐμοῦ","ἐμοῦ","ἐγώ"
43,04,09,"V","AAN","πεῖν","πεῖν","πεῖν","πίνω"
43,04,09,"V","2PAI-S","αἰτεῖς","αἰτεῖς","αἰτεῖς","αἰτέω"
43,04,09,"N","GSF","⸂γυναικὸς","γυναικὸς","γυναικός","γυνή"
43,04,09,"N","GSF","Σαμαρίτιδος","Σαμαρίτιδος","Σαμαρίτιδος","Σαμαρῖτις"
43,04,09,"V","PAPGSF","οὔσης⸃;","οὔσης","οὔσης","εἰμί"
43,04,09,"D",NULL,"οὐ","οὐ","οὐ","οὐ"
43,04,09,"C",NULL,"γὰρ","γὰρ","γάρ","γάρ"
43,04,09,"V","3PMI-P","συγχρῶνται","συγχρῶνται","συγχρῶνται","συγχράομαι"
43,04,09,"A","NPM","Ἰουδαῖοι","Ἰουδαῖοι","Ἰουδαῖοι","Ἰουδαῖος"
43,04,09,"N","DPM","Σαμαρίταις.","Σαμαρίταις","Σαμαρίταις","Σαμαρίτης"
43,04,10,"V","3API-S","ἀπεκρίθη","ἀπεκρίθη","ἀπεκρίθη","ἀποκρίνομαι"
43,04,10,"N","NSM","Ἰησοῦς","Ἰησοῦς","Ἰησοῦς","Ἰησοῦς"
43,04,10,"C",NULL,"καὶ","καὶ","καί","καί"
43,04,10,"V","3AAI-S","εἶπεν","εἶπεν","εἶπε(ν)","λέγω"
43,04,10,"RP","DSF","αὐτῇ·","αὐτῇ","αὐτῇ","αὐτός"
43,04,10,"C",NULL,"Εἰ","Εἰ","εἰ","εἰ"
43,04,10,"V","2YAI-S","ᾔδεις","ᾔδεις","ᾔδεις","οἶδα"
43,04,10,"RA","ASF","τὴν","τὴν","τήν","ὁ"
43,04,10,"N","ASF","δωρεὰν","δωρεὰν","δωρεάν","δωρεά"
43,04,10,"RA","GSM","τοῦ","τοῦ","τοῦ","ὁ"
43,04,10,"N","GSM","θεοῦ","θεοῦ","θεοῦ","θεός"
43,04,10,"C",NULL,"καὶ","καὶ","καί","καί"
43,04,10,"RI","NSM","τίς","τίς","τίς","τίς"
43,04,10,"V","3PAI-S","ἐστιν","ἐστιν","ἐστί(ν)","εἰμί"
43,04,10,"RA","NSM","ὁ","ὁ","ὁ","ὁ"
43,04,10,"V","PAPNSM","λέγων","λέγων","λέγων","λέγω"
43,04,10,"RP","DS","σοι·","σοι","σοι","σύ"
43,04,10,"V","2AAD-S","Δός","Δός","δός","δίδωμι"
43,04,10,"RP","DS","μοι","μοι","μοι","ἐγώ"
43,04,10,"V","AAN","πεῖν,","πεῖν","πεῖν","πίνω"
43,04,10,"RP","NS","σὺ","σὺ","σύ","σύ"
43,04,10,"X",NULL,"ἂν","ἂν","ἄν","ἄν"
43,04,10,"V","2AAI-S","ᾔτησας","ᾔτησας","ᾔτησας","αἰτέω"
43,04,10,"RP","ASM","αὐτὸν","αὐτὸν","αὐτόν","αὐτός"
43,04,10,"C",NULL,"καὶ","καὶ","καί","καί"
43,04,10,"V","3AAI-S","ἔδωκεν","ἔδωκεν","ἔδωκε(ν)","δίδωμι"
43,04,10,"X",NULL,"ἄν","ἄν","ἄν","ἄν"
43,04,10,"RP","DS","σοι","σοι","σοι","σύ"
43,04,10,"N","ASN","ὕδωρ","ὕδωρ","ὕδωρ","ὕδωρ"
43,04,10,"V","PAPASN","ζῶν.","ζῶν","ζῶν","ζάω"
43,04,11,"V","3PAI-S","λέγει","λέγει","λέγει","λέγω"
43,04,11,"RP","DSM","αὐτῷ","αὐτῷ","αὐτῷ","αὐτός"
43,04,11,"RA","NSF","⸂ἡ","ἡ","ἡ","ὁ"
43,04,11,"N","NSF","γυνή⸃·","γυνή","γυνή","γυνή"
43,04,11,"N","VSM","Κύριε,","Κύριε","κύριε","κύριος"
43,04,11,"C",NULL,"οὔτε","οὔτε","οὔτε","οὔτε"
43,04,11,"N","ASN","ἄντλημα","ἄντλημα","ἄντλημα","ἄντλημα"
43,04,11,"V","2PAI-S","ἔχεις","ἔχεις","ἔχεις","ἔχω"
43,04,11,"C",NULL,"καὶ","καὶ","καί","καί"
43,04,11,"RA","NSN","τὸ","τὸ","τό","ὁ"
43,04,11,"N","NSN","φρέαρ","φρέαρ","φρέαρ","φρέαρ"
43,04,11,"V","3PAI-S","ἐστὶν","ἐστὶν","ἐστί(ν)","εἰμί"
43,04,11,"A","NSN","βαθύ·","βαθύ","βαθύ","βαθύς"
43,04,11,"D",NULL,"πόθεν","πόθεν","πόθεν","πόθεν"
43,04,11,"C",NULL,"οὖν","οὖν","οὖν","οὖν"
43,04,11,"V","2PAI-S","ἔχεις","ἔχεις","ἔχεις","ἔχω"
43,04,11,"RA","ASN","τὸ","τὸ","τό","ὁ"
43,04,11,"N","ASN","ὕδωρ","ὕδωρ","ὕδωρ","ὕδωρ"
43,04,11,"RA","ASN","τὸ","τὸ","τό","ὁ"
43,04,11,"V","PAPASN","ζῶν;","ζῶν","ζῶν","ζάω"
43,04,12,"X",NULL,"μὴ","μὴ","μή","μή"
43,04,12,"RP","NS","σὺ","σὺ","σύ","σύ"
43,04,12,"A","NSMC","μείζων","μείζων","μείζων","μέγας"
43,04,12,"V","2PAI-S","εἶ","εἶ","εἶ","εἰμί"
43,04,12,"RA","GSM","τοῦ","τοῦ","τοῦ","ὁ"
43,04,12,"N","GSM","πατρὸς","πατρὸς","πατρός","πατήρ"
43,04,12,"RP","GP","ἡμῶν","ἡμῶν","ἡμῶν","ἐγώ"
43,04,12,"N","GSM","Ἰακώβ,","Ἰακώβ","Ἰακώβ","Ἰακώβ"
43,04,12,"RR","NSM","ὃς","ὃς","ὅς","ὅς"
43,04,12,"V","3AAI-S","ἔδωκεν","ἔδωκεν","ἔδωκε(ν)","δίδωμι"
43,04,12,"RP","DP","ἡμῖν","ἡμῖν","ἡμῖν","ἐγώ"
43,04,12,"RA","ASN","τὸ","τὸ","τό","ὁ"
43,04,12,"N","ASN","φρέαρ","φρέαρ","φρέαρ","φρέαρ"
43,04,12,"C",NULL,"καὶ","καὶ","καί","καί"
43,04,12,"RP","NSM","αὐτὸς","αὐτὸς","αὐτός","αὐτός"
43,04,12,"P",NULL,"ἐξ","ἐξ","ἐκ","ἐκ"
43,04,12,"RP","GSN","αὐτοῦ","αὐτοῦ","αὐτοῦ","αὐτός"
43,04,12,"V","3AAI-S","ἔπιεν","ἔπιεν","ἔπιε(ν)","πίνω"
43,04,12,"C",NULL,"καὶ","καὶ","καί","καί"
43,04,12,"RA","NPM","οἱ","οἱ","οἱ","ὁ"
43,04,12,"N","NPM","υἱοὶ","υἱοὶ","υἱοί","υἱός"
43,04,12,"RP","GSM","αὐτοῦ","αὐτοῦ","αὐτοῦ","αὐτός"
43,04,12,"C",NULL,"καὶ","καὶ","καί","καί"
43,04,12,"RA","NPN","τὰ","τὰ","τά","ὁ"
43,04,12,"N","NPN","θρέμματα","θρέμματα","θρέμματα","θρέμμα"
43,04,12,"RP","GSM","αὐτοῦ;","αὐτοῦ","αὐτοῦ","αὐτός"
43,04,13,"V","3API-S","ἀπεκρίθη","ἀπεκρίθη","ἀπεκρίθη","ἀποκρίνομαι"
43,04,13,"N","NSM","Ἰησοῦς","Ἰησοῦς","Ἰησοῦς","Ἰησοῦς"
43,04,13,"C",NULL,"καὶ","καὶ","καί","καί"
43,04,13,"V","3AAI-S","εἶπεν","εἶπεν","εἶπε(ν)","λέγω"
43,04,13,"RP","DSF","αὐτῇ·","αὐτῇ","αὐτῇ","αὐτός"
43,04,13,"A","NSM","Πᾶς","Πᾶς","πᾶς","πᾶς"
43,04,13,"RA","NSM","ὁ","ὁ","ὁ","ὁ"
43,04,13,"V","PAPNSM","πίνων","πίνων","πίνων","πίνω"
43,04,13,"P",NULL,"ἐκ","ἐκ","ἐκ","ἐκ"
43,04,13,"RA","GSN","τοῦ","τοῦ","τοῦ","ὁ"
43,04,13,"N","GSN","ὕδατος","ὕδατος","ὕδατος","ὕδωρ"
43,04,13,"RD","GSN","τούτου","τούτου","τούτου","οὗτος"
43,04,13,"V","3FAI-S","διψήσει","διψήσει","διψήσει","διψάω"
43,04,13,"D",NULL,"πάλιν·","πάλιν","πάλιν","πάλιν"
43,04,14,"RR","NSM","ὃς","ὃς","ὅς","ὅς"
43,04,14,"C",NULL,"δ’","δ’","δέ","δέ"
43,04,14,"X",NULL,"ἂν","ἂν","ἄν","ἄν"
43,04,14,"V","3AAS-S","πίῃ","πίῃ","πίῃ","πίνω"
43,04,14,"P",NULL,"ἐκ","ἐκ","ἐκ","ἐκ"
43,04,14,"RA","GSN","τοῦ","τοῦ","τοῦ","ὁ"
43,04,14,"N","GSN","ὕδατος","ὕδατος","ὕδατος","ὕδωρ"
43,04,14,"RR","GSN","οὗ","οὗ","οὗ","ὅς"
43,04,14,"RP","NS","ἐγὼ","ἐγὼ","ἐγώ","ἐγώ"
43,04,14,"V","1FAI-S","δώσω","δώσω","δώσω","δίδωμι"
43,04,14,"RP","DSM","αὐτῷ,","αὐτῷ","αὐτῷ","αὐτός"
43,04,14,"D",NULL,"οὐ","οὐ","οὐ","οὐ"
43,04,14,"D",NULL,"μὴ","μὴ","μή","μή"
43,04,14,"V","3FAI-S","⸀διψήσει","διψήσει","διψήσει","διψάω"
43,04,14,"P",NULL,"εἰς","εἰς","εἰς","εἰς"
43,04,14,"RA","ASM","τὸν","τὸν","τόν","ὁ"
43,04,14,"N","ASM","αἰῶνα,","αἰῶνα","αἰῶνα","αἰών"
43,04,14,"C",NULL,"ἀλλὰ","ἀλλὰ","ἀλλά","ἀλλά"
43,04,14,"RA","NSN","τὸ","τὸ","τό","ὁ"
43,04,14,"N","NSN","ὕδωρ","ὕδωρ","ὕδωρ","ὕδωρ"
43,04,14,"RR","ASN","ὃ","ὃ","ὅ","ὅς"
43,04,14,"V","1FAI-S","δώσω","δώσω","δώσω","δίδωμι"
43,04,14,"RP","DSM","αὐτῷ","αὐτῷ","αὐτῷ","αὐτός"
43,04,14,"V","3FMI-S","γενήσεται","γενήσεται","γενήσεται","γίνομαι"
43,04,14,"P",NULL,"ἐν","ἐν","ἐν","ἐν"
43,04,14,"RP","DSM","αὐτῷ","αὐτῷ","αὐτῷ","αὐτός"
43,04,14,"N","NSF","πηγὴ","πηγὴ","πηγή","πηγή"
43,04,14,"N","GSN","ὕδατος","ὕδατος","ὕδατος","ὕδωρ"
43,04,14,"V","PMPGSN","ἁλλομένου","ἁλλομένου","ἁλλομένου","ἅλλομαι"
43,04,14,"P",NULL,"εἰς","εἰς","εἰς","εἰς"
43,04,14,"N","ASF","ζωὴν","ζωὴν","ζωήν","ζωή"
43,04,14,"A","ASF","αἰώνιον.","αἰώνιον","αἰώνιον","αἰώνιος"
43,04,15,"V","3PAI-S","λέγει","λέγει","λέγει","λέγω"
43,04,15,"P",NULL,"πρὸς","πρὸς","πρός","πρός"
43,04,15,"RP","ASM","αὐτὸν","αὐτὸν","αὐτόν","αὐτός"
43,04,15,"RA","NSF","ἡ","ἡ","ἡ","ὁ"
43,04,15,"N","NSF","γυνή·","γυνή","γυνή","γυνή"
43,04,15,"N","VSM","Κύριε,","Κύριε","κύριε","κύριος"
43,04,15,"V","2AAD-S","δός","δός","δός","δίδωμι"
43,04,15,"RP","DS","μοι","μοι","μοι","ἐγώ"
43,04,15,"RD","ASN","τοῦτο","τοῦτο","τοῦτο","οὗτος"
43,04,15,"RA","ASN","τὸ","τὸ","τό","ὁ"
43,04,15,"N","ASN","ὕδωρ,","ὕδωρ","ὕδωρ","ὕδωρ"
43,04,15,"C",NULL,"ἵνα","ἵνα","ἵνα","ἵνα"
43,04,15,"D",NULL,"μὴ","μὴ","μή","μή"
43,04,15,"V","1PAS-S","διψῶ","διψῶ","διψῶ","διψάω"
43,04,15,"C",NULL,"μηδὲ","μηδὲ","μηδέ","μηδέ"
43,04,15,"V","1PMS-S","⸀διέρχωμαι","διέρχωμαι","διέρχωμαι","διέρχομαι"
43,04,15,"D",NULL,"ἐνθάδε","ἐνθάδε","ἐνθάδε","ἐνθάδε"
43,04,15,"V","PAN","ἀντλεῖν.","ἀντλεῖν","ἀντλεῖν","ἀντλέω"
43,04,16,"V","3PAI-S","Λέγει","Λέγει","λέγει","λέγω"
43,04,16,"RP","DSF","⸀αὐτῇ·","αὐτῇ","αὐτῇ","αὐτός"
43,04,16,"V","2PAD-S","Ὕπαγε","Ὕπαγε","ὕπαγε","ὑπάγω"
43,04,16,"V","2AAD-S","φώνησον","φώνησον","φώνησον","φωνέω"
43,04,16,"RA","ASM","⸂τὸν","τὸν","τόν","ὁ"
43,04,16,"N","ASM","ἄνδρα","ἄνδρα","ἄνδρα","ἀνήρ"
43,04,16,"RP","GS","σου⸃","σου","σου","σύ"
43,04,16,"C",NULL,"καὶ","καὶ","καί","καί"
43,04,16,"V","2AAD-S","ἐλθὲ","ἐλθὲ","ἐλθέ","ἔρχομαι"
43,04,16,"D",NULL,"ἐνθάδε.","ἐνθάδε","ἐνθάδε","ἐνθάδε"
43,04,17,"V","3API-S","ἀπεκρίθη","ἀπεκρίθη","ἀπεκρίθη","ἀποκρίνομαι"
43,04,17,"RA","NSF","ἡ","ἡ","ἡ","ὁ"
43,04,17,"N","NSF","γυνὴ","γυνὴ","γυνή","γυνή"
43,04,17,"C",NULL,"καὶ","καὶ","καί","καί"
43,04,17,"V","3AAI-S","εἶπεν","εἶπεν","εἶπε(ν)","λέγω"
43,04,17,"RP","DSM","⸀αὐτῷ·","αὐτῷ","αὐτῷ","αὐτός"
43,04,17,"D",NULL,"Οὐκ","Οὐκ","οὐ","οὐ"
43,04,17,"V","1PAI-S","ἔχω","ἔχω","ἔχω","ἔχω"
43,04,17,"N","ASM","ἄνδρα.","ἄνδρα","ἄνδρα","ἀνήρ"
43,04,17,"V","3PAI-S","λέγει","λέγει","λέγει","λέγω"
43,04,17,"RP","DSF","αὐτῇ","αὐτῇ","αὐτῇ","αὐτός"
43,04,17,"RA","NSM","ὁ","ὁ","ὁ","ὁ"
43,04,17,"N","NSM","Ἰησοῦς·","Ἰησοῦς","Ἰησοῦς","Ἰησοῦς"
43,04,17,"D",NULL,"Καλῶς","Καλῶς","καλῶς","καλῶς"
43,04,17,"V","2AAI-S","εἶπας","εἶπας","εἶπας","λέγω"
43,04,17,"C",NULL,"ὅτι","ὅτι","ὅτι","ὅτι"
43,04,17,"N","ASM","Ἄνδρα","Ἄνδρα","ἄνδρα","ἀνήρ"
43,04,17,"D",NULL,"οὐκ","οὐκ","οὐ","οὐ"
43,04,17,"V","1PAI-S","ἔχω·","ἔχω","ἔχω","ἔχω"
43,04,18,"A","APM","πέντε","πέντε","πέντε","πέντε"
43,04,18,"C",NULL,"γὰρ","γὰρ","γάρ","γάρ"
43,04,18,"N","APM","ἄνδρας","ἄνδρας","ἄνδρας","ἀνήρ"
43,04,18,"V","2AAI-S","ἔσχες,","ἔσχες","ἔσχες","ἔχω"
43,04,18,"C",NULL,"καὶ","καὶ","καί","καί"
43,04,18,"D",NULL,"νῦν","νῦν","νῦν","νῦν"
43,04,18,"RR","ASM","ὃν","ὃν","ὅν","ὅς"
43,04,18,"V","2PAI-S","ἔχεις","ἔχεις","ἔχεις","ἔχω"
43,04,18,"D",NULL,"οὐκ","οὐκ","οὐ","οὐ"
43,04,18,"V","3PAI-S","ἔστιν","ἔστιν","ἐστί(ν)","εἰμί"
43,04,18,"RP","GS","σου","σου","σου","σύ"
43,04,18,"N","NSM","ἀνήρ·","ἀνήρ","ἀνήρ","ἀνήρ"
43,04,18,"RD","ASN","τοῦτο","τοῦτο","τοῦτο","οὗτος"
43,04,18,"A","ASN","ἀληθὲς","ἀληθὲς","ἀληθές","ἀληθής"
43,04,18,"V","2XAI-S","εἴρηκας.","εἴρηκας","εἴρηκας","λέγω"
43,04,19,"V","3PAI-S","λέγει","λέγει","λέγει","λέγω"
43,04,19,"RP","DSM","αὐτῷ","αὐτῷ","αὐτῷ","αὐτός"
43,04,19,"RA","NSF","ἡ","ἡ","ἡ","ὁ"
43,04,19,"N","NSF","γυνή·","γυνή","γυνή","γυνή"
43,04,19,"N","VSM","Κύριε,","Κύριε","κύριε","κύριος"
43,04,19,"V","1PAI-S","θεωρῶ","θεωρῶ","θεωρῶ","θεωρέω"
43,04,19,"C",NULL,"ὅτι","ὅτι","ὅτι","ὅτι"
43,04,19,"N","NSM","προφήτης","προφήτης","προφήτης","προφήτης"
43,04,19,"V","2PAI-S","εἶ","εἶ","εἶ","εἰμί"
43,04,19,"RP","NS","σύ.","σύ","σύ","σύ"
43,04,20,"RA","NPM","οἱ","οἱ","οἱ","ὁ"
43,04,20,"N","NPM","πατέρες","πατέρες","πατέρες","πατήρ"
43,04,20,"RP","GP","ἡμῶν","ἡμῶν","ἡμῶν","ἐγώ"
43,04,20,"P",NULL,"ἐν","ἐν","ἐν","ἐν"
43,04,20,"RA","DSN","τῷ","τῷ","τῷ","ὁ"
43,04,20,"N","DSN","ὄρει","ὄρει","ὄρει","ὄρος"
43,04,20,"RD","DSN","τούτῳ","τούτῳ","τούτῳ","οὗτος"
43,04,20,"V","3AAI-P","προσεκύνησαν·","προσεκύνησαν","προσεκύνησαν","προσκυνέω"
43,04,20,"C",NULL,"καὶ","καὶ","καί","καί"
43,04,20,"RP","NP","ὑμεῖς","ὑμεῖς","ὑμεῖς","σύ"
43,04,20,"V","2PAI-P","λέγετε","λέγετε","λέγετε","λέγω"
43,04,20,"C",NULL,"ὅτι","ὅτι","ὅτι","ὅτι"
43,04,20,"P",NULL,"ἐν","ἐν","ἐν","ἐν"
43,04,20,"N","DPN","Ἱεροσολύμοις","Ἱεροσολύμοις","Ἱεροσολύμοις","Ἱεροσόλυμα"
43,04,20,"V","3PAI-S","ἐστὶν","ἐστὶν","ἐστί(ν)","εἰμί"
43,04,20,"RA","NSM","ὁ","ὁ","ὁ","ὁ"
43,04,20,"N","NSM","τόπος","τόπος","τόπος","τόπος"
43,04,20,"D",NULL,"ὅπου","ὅπου","ὅπου","ὅπου"
43,04,20,"V","PAN","⸂προσκυνεῖν","προσκυνεῖν","προσκυνεῖν","προσκυνέω"
43,04,20,"V","3PAI-S","δεῖ⸃.","δεῖ","δεῖ","δέω"
43,04,21,"V","3PAI-S","λέγει","λέγει","λέγει","λέγω"
43,04,21,"RP","DSF","αὐτῇ","αὐτῇ","αὐτῇ","αὐτός"
43,04,21,"RA","NSM","ὁ","ὁ","ὁ","ὁ"
43,04,21,"N","NSM","Ἰησοῦς·","Ἰησοῦς","Ἰησοῦς","Ἰησοῦς"
43,04,21,"V","2PAD-S","⸂Πίστευέ","Πίστευέ","πίστευε","πιστεύω"
43,04,21,"RP","DS","μοι,","μοι","μοι","ἐγώ"
43,04,21,"N","VSF","γύναι⸃,","γύναι","γύναι","γυνή"
43,04,21,"C",NULL,"ὅτι","ὅτι","ὅτι","ὅτι"
43,04,21,"V","3PMI-S","ἔρχεται","ἔρχεται","ἔρχεται","ἔρχομαι"
43,04,21,"N","NSF","ὥρα","ὥρα","ὥρα","ὥρα"
43,04,21,"D",NULL,"ὅτε","ὅτε","ὅτε","ὅτε"
43,04,21,"C",NULL,"οὔτε","οὔτε","οὔτε","οὔτε"
43,04,21,"P",NULL,"ἐν","ἐν","ἐν","ἐν"
43,04,21,"RA","DSN","τῷ","τῷ","τῷ","ὁ"
43,04,21,"N","DSN","ὄρει","ὄρει","ὄρει","ὄρος"
43,04,21,"RD","DSN","τούτῳ","τούτῳ","τούτῳ","οὗτος"
43,04,21,"C",NULL,"οὔτε","οὔτε","οὔτε","οὔτε"
43,04,21,"P",NULL,"ἐν","ἐν","ἐν","ἐν"
43,04,21,"N","DPN","Ἱεροσολύμοις","Ἱεροσολύμοις","Ἱεροσολύμοις","Ἱεροσόλυμα"
43,04,21,"V","2FAI-P","προσκυνήσετε","προσκυνήσετε","προσκυνήσετε","προσκυνέω"
43,04,21,"RA","DSM","τῷ","τῷ","τῷ","ὁ"
43,04,21,"N","DSM","πατρί.","πατρί","πατρί","πατήρ"
43,04,22,"RP","NP","ὑμεῖς","ὑμεῖς","ὑμεῖς","σύ"
43,04,22,"V","2PAI-P","προσκυνεῖτε","προσκυνεῖτε","προσκυνεῖτε","προσκυνέω"
43,04,22,"RR","ASN","ὃ","ὃ","ὅ","ὅς"
43,04,22,"D",NULL,"οὐκ","οὐκ","οὐ","οὐ"
43,04,22,"V","2XAI-P","οἴδατε,","οἴδατε","οἴδατε","οἶδα"
43,04,22,"RP","NP","ἡμεῖς","ἡμεῖς","ἡμεῖς","ἐγώ"
43,04,22,"V","1PAI-P","προσκυνοῦμεν","προσκυνοῦμεν","προσκυνοῦμεν","προσκυνέω"
43,04,22,"RR","ASN","ὃ","ὃ","ὅ","ὅς"
43,04,22,"V","1XAI-P","οἴδαμεν,","οἴδαμεν","οἴδαμεν","οἶδα"
43,04,22,"C",NULL,"ὅτι","ὅτι","ὅτι","ὅτι"
43,04,22,"RA","NSF","ἡ","ἡ","ἡ","ὁ"
43,04,22,"N","NSF","σωτηρία","σωτηρία","σωτηρία","σωτηρία"
43,04,22,"P",NULL,"ἐκ","ἐκ","ἐκ","ἐκ"
43,04,22,"RA","GPM","τῶν","τῶν","τῶν","ὁ"
43,04,22,"A","GPM","Ἰουδαίων","Ἰουδαίων","Ἰουδαίων","Ἰουδαῖος"
43,04,22,"V","3PAI-S","ἐστίν·","ἐστίν","ἐστί(ν)","εἰμί"
43,04,23,"C",NULL,"ἀλλὰ","ἀλλὰ","ἀλλά","ἀλλά"
43,04,23,"V","3PMI-S","ἔρχεται","ἔρχεται","ἔρχεται","ἔρχομαι"
43,04,23,"N","NSF","ὥρα","ὥρα","ὥρα","ὥρα"
43,04,23,"C",NULL,"καὶ","καὶ","καί","καί"
43,04,23,"D",NULL,"νῦν","νῦν","νῦν","νῦν"
43,04,23,"V","3PAI-S","ἐστιν,","ἐστιν","ἐστί(ν)","εἰμί"
43,04,23,"D",NULL,"ὅτε","ὅτε","ὅτε","ὅτε"
43,04,23,"RA","NPM","οἱ","οἱ","οἱ","ὁ"
43,04,23,"A","NPM","ἀληθινοὶ","ἀληθινοὶ","ἀληθινοί","ἀληθινός"
43,04,23,"N","NPM","προσκυνηταὶ","προσκυνηταὶ","προσκυνηταί","προσκυνητής"
43,04,23,"V","3FAI-P","προσκυνήσουσιν","προσκυνήσουσιν","προσκυνήσουσι(ν)","προσκυνέω"
43,04,23,"RA","DSM","τῷ","τῷ","τῷ","ὁ"
43,04,23,"N","DSM","πατρὶ","πατρὶ","πατρί","πατήρ"
43,04,23,"P",NULL,"ἐν","ἐν","ἐν","ἐν"
43,04,23,"N","DSN","πνεύματι","πνεύματι","πνεύματι","πνεῦμα"
43,04,23,"C",NULL,"καὶ","καὶ","καί","καί"
43,04,23,"N","DSF","ἀληθείᾳ,","ἀληθείᾳ","ἀληθείᾳ","ἀλήθεια"
43,04,23,"D",NULL,"καὶ","καὶ","καί","καί"
43,04,23,"C",NULL,"γὰρ","γὰρ","γάρ","γάρ"
43,04,23,"RA","NSM","ὁ","ὁ","ὁ","ὁ"
43,04,23,"N","NSM","πατὴρ","πατὴρ","πατήρ","πατήρ"
43,04,23,"RD","APM","τοιούτους","τοιούτους","τοιούτους","τοιοῦτος"
43,04,23,"V","3PAI-S","ζητεῖ","ζητεῖ","ζητεῖ","ζητέω"
43,04,23,"RA","APM","τοὺς","τοὺς","τούς","ὁ"
43,04,23,"V","PAPAPM","προσκυνοῦντας","προσκυνοῦντας","προσκυνοῦντας","προσκυνέω"
43,04,23,"RP","ASM","αὐτόν·","αὐτόν","αὐτόν","αὐτός"
43,04,24,"N","NSN","πνεῦμα","πνεῦμα","πνεῦμα","πνεῦμα"
43,04,24,"RA","NSM","ὁ","ὁ","ὁ","ὁ"
43,04,24,"N","NSM","θεός,","θεός","θεός","θεός"
43,04,24,"C",NULL,"καὶ","καὶ","καί","καί"
43,04,24,"RA","APM","τοὺς","τοὺς","τούς","ὁ"
43,04,24,"V","PAPAPM","προσκυνοῦντας","προσκυνοῦντας","προσκυνοῦντας","προσκυνέω"
43,04,24,"RP","ASM","αὐτὸν","αὐτὸν","αὐτόν","αὐτός"
43,04,24,"P",NULL,"ἐν","ἐν","ἐν","ἐν"
43,04,24,"N","DSN","πνεύματι","πνεύματι","πνεύματι","πνεῦμα"
43,04,24,"C",NULL,"καὶ","καὶ","καί","καί"
43,04,24,"N","DSF","ἀληθείᾳ","ἀληθείᾳ","ἀληθείᾳ","ἀλήθεια"
43,04,24,"V","3PAI-S","δεῖ","δεῖ","δεῖ","δέω"
43,04,24,"V","PAN","προσκυνεῖν.","προσκυνεῖν","προσκυνεῖν","προσκυνέω"
43,04,25,"V","3PAI-S","λέγει","λέγει","λέγει","λέγω"
43,04,25,"RP","DSM","αὐτῷ","αὐτῷ","αὐτῷ","αὐτός"
43,04,25,"RA","NSF","ἡ","ἡ","ἡ","ὁ"
43,04,25,"N","NSF","γυνή·","γυνή","γυνή","γυνή"
43,04,25,"V","1XAI-S","Οἶδα","Οἶδα","οἶδα","οἶδα"
43,04,25,"C",NULL,"ὅτι","ὅτι","ὅτι","ὅτι"
43,04,25,"N","NSM","Μεσσίας","Μεσσίας","Μεσσίας","Μεσσίας"
43,04,25,"V","3PMI-S","ἔρχεται,","ἔρχεται","ἔρχεται","ἔρχομαι"
43,04,25,"RA","NSM","ὁ","ὁ","ὁ","ὁ"
43,04,25,"V","PPPNSM","λεγόμενος","λεγόμενος","λεγόμενος","λέγω"
43,04,25,"N","NSM","χριστός·","χριστός","Χριστός","Χριστός"
43,04,25,"C",NULL,"ὅταν","ὅταν","ὅταν","ὅταν"
43,04,25,"V","3AAS-S","ἔλθῃ","ἔλθῃ","ἔλθῃ","ἔρχομαι"
43,04,25,"RD","NSM","ἐκεῖνος,","ἐκεῖνος","ἐκεῖνος","ἐκεῖνος"
43,04,25,"V","3FAI-S","ἀναγγελεῖ","ἀναγγελεῖ","ἀναγγελεῖ","ἀναγγέλλω"
43,04,25,"RP","DP","ἡμῖν","ἡμῖν","ἡμῖν","ἐγώ"
43,04,25,"A","APN","⸀ἅπαντα.","ἅπαντα","ἅπαντα","ἅπας"
43,04,26,"V","3PAI-S","λέγει","λέγει","λέγει","λέγω"
43,04,26,"RP","DSF","αὐτῇ","αὐτῇ","αὐτῇ","αὐτός"
43,04,26,"RA","NSM","ὁ","ὁ","ὁ","ὁ"
43,04,26,"N","NSM","Ἰησοῦς·","Ἰησοῦς","Ἰησοῦς","Ἰησοῦς"
43,04,26,"RP","NS","Ἐγώ","Ἐγώ","ἐγώ","ἐγώ"
43,04,26,"V","1PAI-S","εἰμι,","εἰμι","εἰμί","εἰμί"
43,04,26,"RA","NSM","ὁ","ὁ","ὁ","ὁ"
43,04,26,"V","PAPNSM","λαλῶν","λαλῶν","λαλῶν","λαλέω"
43,04,26,"RP","DS","σοι.","σοι","σοι","σύ"
43,04,27,"C",NULL,"Καὶ","Καὶ","καί","καί"
43,04,27,"P",NULL,"ἐπὶ","ἐπὶ","ἐπί","ἐπί"
43,04,27,"RD","DSN","τούτῳ","τούτῳ","τούτῳ","οὗτος"
43,04,27,"V","3AAI-P","ἦλθαν","ἦλθαν","ἦλθαν","ἔρχομαι"
43,04,27,"RA","NPM","οἱ","οἱ","οἱ","ὁ"
43,04,27,"N","NPM","μαθηταὶ","μαθηταὶ","μαθηταί","μαθητής"
43,04,27,"RP","GSM","αὐτοῦ,","αὐτοῦ","αὐτοῦ","αὐτός"
43,04,27,"C",NULL,"καὶ","καὶ","καί","καί"
43,04,27,"V","3IAI-P","⸀ἐθαύμαζον","ἐθαύμαζον","ἐθαύμαζον","θαυμάζω"
43,04,27,"C",NULL,"ὅτι","ὅτι","ὅτι","ὅτι"
43,04,27,"P",NULL,"μετὰ","μετὰ","μετά","μετά"
43,04,27,"N","GSF","γυναικὸς","γυναικὸς","γυναικός","γυνή"
43,04,27,"V","3IAI-S","ἐλάλει·","ἐλάλει","ἐλάλει","λαλέω"
43,04,27,"A","NSM","οὐδεὶς","οὐδεὶς","οὐδείς","οὐδείς"
43,04,27,"C",NULL,"μέντοι","μέντοι","μέντοι","μέντοι"
43,04,27,"V","3AAI-S","εἶπεν·","εἶπεν","εἶπε(ν)","λέγω"
43,04,27,"RI","ASN","Τί","Τί","τί","τίς"
43,04,27,"V","2PAI-S","ζητεῖς;","ζητεῖς","ζητεῖς","ζητέω"
43,04,27,"C",NULL,"ἢ","ἢ","ἤ","ἤ"
43,04,27,"RI","ASN","τί","τί","τί","τίς"
43,04,27,"V","2PAI-S","λαλεῖς","λαλεῖς","λαλεῖς","λαλέω"
43,04,27,"P",NULL,"μετ’","μετ’","μετά","μετά"
43,04,27,"RP","GSF","αὐτῆς;","αὐτῆς","αὐτῆς","αὐτός"
43,04,28,"V","3AAI-S","ἀφῆκεν","ἀφῆκεν","ἀφῆκε(ν)","ἀφίημι"
43,04,28,"C",NULL,"οὖν","οὖν","οὖν","οὖν"
43,04,28,"RA","ASF","τὴν","τὴν","τήν","ὁ"
43,04,28,"N","ASF","ὑδρίαν","ὑδρίαν","ὑδρίαν","ὑδρία"
43,04,28,"RP","GSF","αὐτῆς","αὐτῆς","αὐτῆς","αὐτός"
43,04,28,"RA","NSF","ἡ","ἡ","ἡ","ὁ"
43,04,28,"N","NSF","γυνὴ","γυνὴ","γυνή","γυνή"
43,04,28,"C",NULL,"καὶ","καὶ","καί","καί"
43,04,28,"V","3AAI-S","ἀπῆλθεν","ἀπῆλθεν","ἀπῆλθε(ν)","ἀπέρχομαι"
43,04,28,"P",NULL,"εἰς","εἰς","εἰς","εἰς"
43,04,28,"RA","ASF","τὴν","τὴν","τήν","ὁ"
43,04,28,"N","ASF","πόλιν","πόλιν","πόλιν","πόλις"
43,04,28,"C",NULL,"καὶ","καὶ","καί","καί"
43,04,28,"V","3PAI-S","λέγει","λέγει","λέγει","λέγω"
43,04,28,"RA","DPM","τοῖς","τοῖς","τοῖς","ὁ"
43,04,28,"N","DPM","ἀνθρώποις·","ἀνθρώποις","ἀνθρώποις","ἄνθρωπος"
43,04,29,"D",NULL,"Δεῦτε","Δεῦτε","δεῦτε","δεῦτε"
43,04,29,"V","2AAD-P","ἴδετε","ἴδετε","ἴδετε","ὁράω"
43,04,29,"N","ASM","ἄνθρωπον","ἄνθρωπον","ἄνθρωπον","ἄνθρωπος"
43,04,29,"RR","NSM","ὃς","ὃς","ὅς","ὅς"
43,04,29,"V","3AAI-S","εἶπέ","εἶπέ","εἶπε(ν)","λέγω"
43,04,29,"RP","DS","μοι","μοι","μοι","ἐγώ"
43,04,29,"A","APN","πάντα","πάντα","πάντα","πᾶς"
43,04,29,"RR","APN","⸀ὅσα","ὅσα","ὅσα","ὅσος"
43,04,29,"V","1AAI-S","ἐποίησα·","ἐποίησα","ἐποίησα","ποιέω"
43,04,29,"X",NULL,"μήτι","μήτι","μήτι","μήτι"
43,04,29,"RD","NSM","οὗτός","οὗτός","οὗτος","οὗτος"
43,04,29,"V","3PAI-S","ἐστιν","ἐστιν","ἐστί(ν)","εἰμί"
43,04,29,"RA","NSM","ὁ","ὁ","ὁ","ὁ"
43,04,29,"N","NSM","χριστός;","χριστός","Χριστός","Χριστός"
43,04,30,"V","3AAI-P","ἐξῆλθον","ἐξῆλθον","ἐξῆλθον","ἐξέρχομαι"
43,04,30,"P",NULL,"ἐκ","ἐκ","ἐκ","ἐκ"
43,04,30,"RA","GSF","τῆς","τῆς","τῆς","ὁ"
43,04,30,"N","GSF","πόλεως","πόλεως","πόλεως","πόλις"
43,04,30,"C",NULL,"καὶ","καὶ","καί","καί"
43,04,30,"V","3IMI-P","ἤρχοντο","ἤρχοντο","ἤρχοντο","ἔρχομαι"
43,04,30,"P",NULL,"πρὸς","πρὸς","πρός","πρός"
43,04,30,"RP","ASM","αὐτόν.","αὐτόν","αὐτόν","αὐτός"
43,04,31,"P",NULL,"⸀Ἐν","Ἐν","ἐν","ἐν"
43,04,31,"RA","DSN","τῷ","τῷ","τῷ","ὁ"
43,04,31,"D",NULL,"μεταξὺ","μεταξὺ","μεταξύ","μεταξύ"
43,04,31,"V","3IAI-P","ἠρώτων","ἠρώτων","ἠρώτων","ἐρωτάω"
43,04,31,"RP","ASM","αὐτὸν","αὐτὸν","αὐτόν","αὐτός"
43,04,31,"RA","NPM","οἱ","οἱ","οἱ","ὁ"
43,04,31,"N","NPM","μαθηταὶ","μαθηταὶ","μαθηταί","μαθητής"
43,04,31,"V","PAPNPM","λέγοντες·","λέγοντες","λέγοντες","λέγω"
43,04,31,"N","VSM","Ῥαββί,","Ῥαββί","ῥαββί","ῥαββί"
43,04,31,"V","2AAD-S","φάγε.","φάγε","φάγε","ἐσθίω"
43,04,32,"RA","NSM","ὁ","ὁ","ὁ","ὁ"
43,04,32,"C",NULL,"δὲ","δὲ","δέ","δέ"
43,04,32,"V","3AAI-S","εἶπεν","εἶπεν","εἶπε(ν)","λέγω"
43,04,32,"RP","DPM","αὐτοῖς·","αὐτοῖς","αὐτοῖς","αὐτός"
43,04,32,"RP","NS","Ἐγὼ","Ἐγὼ","ἐγώ","ἐγώ"
43,04,32,"N","ASF","βρῶσιν","βρῶσιν","βρῶσιν","βρῶσις"
43,04,32,"V","1PAI-S","ἔχω","ἔχω","ἔχω","ἔχω"
43,04,32,"V","AAN","φαγεῖν","φαγεῖν","φαγεῖν","ἐσθίω"
43,04,32,"RR","ASF","ἣν","ἣν","ἥν","ὅς"
43,04,32,"RP","NP","ὑμεῖς","ὑμεῖς","ὑμεῖς","σύ"
43,04,32,"D",NULL,"οὐκ","οὐκ","οὐ","οὐ"
43,04,32,"V","2XAI-P","οἴδατε.","οἴδατε","οἴδατε","οἶδα"
43,04,33,"V","3IAI-P","ἔλεγον","ἔλεγον","ἔλεγον","λέγω"
43,04,33,"C",NULL,"οὖν","οὖν","οὖν","οὖν"
43,04,33,"RA","NPM","οἱ","οἱ","οἱ","ὁ"
43,04,33,"N","NPM","μαθηταὶ","μαθηταὶ","μαθηταί","μαθητής"
43,04,33,"P",NULL,"πρὸς","πρὸς","πρός","πρός"
43,04,33,"RP","APM","ἀλλήλους·","ἀλλήλους","ἀλλήλους","ἀλλήλων"
43,04,33,"X",NULL,"Μή","Μή","μή","μή"
43,04,33,"RI","NSM","τις","τις","τὶς","τις"
43,04,33,"V","3AAI-S","ἤνεγκεν","ἤνεγκεν","ἤνεγκε(ν)","φέρω"
43,04,33,"RP","DSM","αὐτῷ","αὐτῷ","αὐτῷ","αὐτός"
43,04,33,"V","AAN","φαγεῖν;","φαγεῖν","φαγεῖν","ἐσθίω"
43,04,34,"V","3PAI-S","λέγει","λέγει","λέγει","λέγω"
43,04,34,"RP","DPM","αὐτοῖς","αὐτοῖς","αὐτοῖς","αὐτός"
43,04,34,"RA","NSM","ὁ","ὁ","ὁ","ὁ"
43,04,34,"N","NSM","Ἰησοῦς·","Ἰησοῦς","Ἰησοῦς","Ἰησοῦς"
43,04,34,"A","NSN","Ἐμὸν","Ἐμὸν","ἐμόν","ἐμός"
43,04,34,"N","NSN","βρῶμά","βρῶμά","βρῶμα","βρῶμα"
43,04,34,"V","3PAI-S","ἐστιν","ἐστιν","ἐστί(ν)","εἰμί"
43,04,34,"C",NULL,"ἵνα","ἵνα","ἵνα","ἵνα"
43,04,34,"V","1AAS-S","⸀ποιήσω","ποιήσω","ποιήσω","ποιέω"
43,04,34,"RA","ASN","τὸ","τὸ","τό","ὁ"
43,04,34,"N","ASN","θέλημα","θέλημα","θέλημα","θέλημα"
43,04,34,"RA","GSM","τοῦ","τοῦ","τοῦ","ὁ"
43,04,34,"V","AAPGSM","πέμψαντός","πέμψαντός","πέμψαντος","πέμπω"
43,04,34,"RP","AS","με","με","με","ἐγώ"
43,04,34,"C",NULL,"καὶ","καὶ","καί","καί"
43,04,34,"V","1AAS-S","τελειώσω","τελειώσω","τελειώσω","τελειόω"
43,04,34,"RP","GSM","αὐτοῦ","αὐτοῦ","αὐτοῦ","αὐτός"
43,04,34,"RA","ASN","τὸ","τὸ","τό","ὁ"
43,04,34,"N","ASN","ἔργον.","ἔργον","ἔργον","ἔργον"
43,04,35,"X",NULL,"οὐχ","οὐχ","οὐ","οὐ"
43,04,35,"RP","NP","ὑμεῖς","ὑμεῖς","ὑμεῖς","σύ"
43,04,35,"V","2PAI-P","λέγετε","λέγετε","λέγετε","λέγω"
43,04,35,"C",NULL,"ὅτι","ὅτι","ὅτι","ὅτι"
43,04,35,"D",NULL,"Ἔτι","Ἔτι","ἔτι","ἔτι"
43,04,35,"A","NSM","τετράμηνός","τετράμηνός","τετράμηνος","τετράμηνος"
43,04,35,"V","3PAI-S","ἐστιν","ἐστιν","ἐστί(ν)","εἰμί"
43,04,35,"C",NULL,"καὶ","καὶ","καί","καί"
43,04,35,"RA","NSM","ὁ","ὁ","ὁ","ὁ"
43,04,35,"N","NSM","θερισμὸς","θερισμὸς","θερισμός","θερισμός"
43,04,35,"V","3PMI-S","ἔρχεται;","ἔρχεται","ἔρχεται","ἔρχομαι"
43,04,35,"X",NULL,"ἰδοὺ","ἰδοὺ","ἰδού","ἰδού"
43,04,35,"V","1PAI-S","λέγω","λέγω","λέγω","λέγω"
43,04,35,"RP","DP","ὑμῖν,","ὑμῖν","ὑμῖν","σύ"
43,04,35,"V","2AAD-P","ἐπάρατε","ἐπάρατε","ἐπάρατε","ἐπαίρω"
43,04,35,"RA","APM","τοὺς","τοὺς","τούς","ὁ"
43,04,35,"N","APM","ὀφθαλμοὺς","ὀφθαλμοὺς","ὀφθαλμούς","ὀφθαλμός"
43,04,35,"RP","GP","ὑμῶν","ὑμῶν","ὑμῶν","σύ"
43,04,35,"C",NULL,"καὶ","καὶ","καί","καί"
43,04,35,"V","2AMD-P","θεάσασθε","θεάσασθε","θεάσασθε","θεάομαι"
43,04,35,"RA","APF","τὰς","τὰς","τάς","ὁ"
43,04,35,"N","APF","χώρας","χώρας","χώρας","χώρα"
43,04,35,"C",NULL,"ὅτι","ὅτι","ὅτι","ὅτι"
43,04,35,"A","NPF","λευκαί","λευκαί","λευκαί","λευκός"
43,04,35,"V","3PAI-P","εἰσιν","εἰσιν","εἰσί(ν)","εἰμί"
43,04,35,"P",NULL,"πρὸς","πρὸς","πρός","πρός"
43,04,35,"N","ASM","θερισμόν·","θερισμόν","θερισμόν","θερισμός"
43,04,35,"D",NULL,"ἤδη","ἤδη","ἤδη","ἤδη"
43,04,36,"RA","NSM","⸀ὁ","ὁ","ὁ","ὁ"
43,04,36,"V","PAPNSM","θερίζων","θερίζων","θερίζων","θερίζω"
43,04,36,"N","ASM","μισθὸν","μισθὸν","μισθόν","μισθός"
43,04,36,"V","3PAI-S","λαμβάνει","λαμβάνει","λαμβάνει","λαμβάνω"
43,04,36,"C",NULL,"καὶ","καὶ","καί","καί"
43,04,36,"V","3PAI-S","συνάγει","συνάγει","συνάγει","συνάγω"
43,04,36,"N","ASM","καρπὸν","καρπὸν","καρπόν","καρπός"
43,04,36,"P",NULL,"εἰς","εἰς","εἰς","εἰς"
43,04,36,"N","ASF","ζωὴν","ζωὴν","ζωήν","ζωή"
43,04,36,"A","ASF","αἰώνιον,","αἰώνιον","αἰώνιον","αἰώνιος"
43,04,36,"C",NULL,"⸀ἵνα","ἵνα","ἵνα","ἵνα"
43,04,36,"RA","NSM","ὁ","ὁ","ὁ","ὁ"
43,04,36,"V","PAPNSM","σπείρων","σπείρων","σπείρων","σπείρω"
43,04,36,"D",NULL,"ὁμοῦ","ὁμοῦ","ὁμοῦ","ὁμοῦ"
43,04,36,"V","3PAS-S","χαίρῃ","χαίρῃ","χαίρῃ","χαίρω"
43,04,36,"C",NULL,"καὶ","καὶ","καί","καί"
43,04,36,"RA","NSM","ὁ","ὁ","ὁ","ὁ"
43,04,36,"V","PAPNSM","θερίζων.","θερίζων","θερίζων","θερίζω"
43,04,37,"P",NULL,"ἐν","ἐν","ἐν","ἐν"
43,04,37,"C",NULL,"γὰρ","γὰρ","γάρ","γάρ"
43,04,37,"RD","DSN","τούτῳ","τούτῳ","τούτῳ","οὗτος"
43,04,37,"RA","NSM","ὁ","ὁ","ὁ","ὁ"
43,04,37,"N","NSM","λόγος","λόγος","λόγος","λόγος"
43,04,37,"V","3PAI-S","⸀ἐστὶν","ἐστὶν","ἐστί(ν)","εἰμί"
43,04,37,"A","NSM","ἀληθινὸς","ἀληθινὸς","ἀληθινός","ἀληθινός"
43,04,37,"D",NULL,"ὅτι","ὅτι","ὅτι","ὅτι"
43,04,37,"A","NSM","Ἄλλος","Ἄλλος","ἄλλος","ἄλλος"
43,04,37,"V","3PAI-S","ἐστὶν","ἐστὶν","ἐστί(ν)","εἰμί"
43,04,37,"RA","NSM","ὁ","ὁ","ὁ","ὁ"
43,04,37,"V","PAPNSM","σπείρων","σπείρων","σπείρων","σπείρω"
43,04,37,"C",NULL,"καὶ","καὶ","καί","καί"
43,04,37,"A","NSM","ἄλλος","ἄλλος","ἄλλος","ἄλλος"
43,04,37,"RA","NSM","ὁ","ὁ","ὁ","ὁ"
43,04,37,"V","PAPNSM","θερίζων·","θερίζων","θερίζων","θερίζω"
43,04,38,"RP","NS","ἐγὼ","ἐγὼ","ἐγώ","ἐγώ"
43,04,38,"V","1AAI-S","ἀπέστειλα","ἀπέστειλα","ἀπέστειλα","ἀποστέλλω"
43,04,38,"RP","AP","ὑμᾶς","ὑμᾶς","ὑμᾶς","σύ"
43,04,38,"V","PAN","θερίζειν","θερίζειν","θερίζειν","θερίζω"
43,04,38,"RR","ASN","ὃ","ὃ","ὅ","ὅς"
43,04,38,"D",NULL,"οὐχ","οὐχ","οὐ","οὐ"
43,04,38,"RP","NP","ὑμεῖς","ὑμεῖς","ὑμεῖς","σύ"
43,04,38,"V","2XAI-P","κεκοπιάκατε·","κεκοπιάκατε","κεκοπιάκατε","κοπιάω"
43,04,38,"A","NPM","ἄλλοι","ἄλλοι","ἄλλοι","ἄλλος"
43,04,38,"V","3XAI-P","κεκοπιάκασιν,","κεκοπιάκασιν","κεκοπιάκασι(ν)","κοπιάω"
43,04,38,"C",NULL,"καὶ","καὶ","καί","καί"
43,04,38,"RP","NP","ὑμεῖς","ὑμεῖς","ὑμεῖς","σύ"
43,04,38,"P",NULL,"εἰς","εἰς","εἰς","εἰς"
43,04,38,"RA","ASM","τὸν","τὸν","τόν","ὁ"
43,04,38,"N","ASM","κόπον","κόπον","κόπον","κόπος"
43,04,38,"RP","GPM","αὐτῶν","αὐτῶν","αὐτῶν","αὐτός"
43,04,38,"V","2XAI-P","εἰσεληλύθατε.","εἰσεληλύθατε","εἰσεληλύθατε","εἰσέρχομαι"
43,04,39,"P",NULL,"Ἐκ","Ἐκ","ἐκ","ἐκ"
43,04,39,"C",NULL,"δὲ","δὲ","δέ","δέ"
43,04,39,"RA","GSF","τῆς","τῆς","τῆς","ὁ"
43,04,39,"N","GSF","πόλεως","πόλεως","πόλεως","πόλις"
43,04,39,"RD","GSF","ἐκείνης","ἐκείνης","ἐκείνης","ἐκεῖνος"
43,04,39,"A","NPM","πολλοὶ","πολλοὶ","πολλοί","πολύς"
43,04,39,"V","3AAI-P","ἐπίστευσαν","ἐπίστευσαν","ἐπίστευσαν","πιστεύω"
43,04,39,"P",NULL,"εἰς","εἰς","εἰς","εἰς"
43,04,39,"RP","ASM","αὐτὸν","αὐτὸν","αὐτόν","αὐτός"
43,04,39,"RA","GPM","τῶν","τῶν","τῶν","ὁ"
43,04,39,"N","GPM","Σαμαριτῶν","Σαμαριτῶν","Σαμαριτῶν","Σαμαρίτης"
43,04,39,"P",NULL,"διὰ","διὰ","διά","διά"
43,04,39,"RA","ASM","τὸν","τὸν","τόν","ὁ"
43,04,39,"N","ASM","λόγον","λόγον","λόγον","λόγος"
43,04,39,"RA","GSF","τῆς","τῆς","τῆς","ὁ"
43,04,39,"N","GSF","γυναικὸς","γυναικὸς","γυναικός","γυνή"
43,04,39,"V","PAPGSF","μαρτυρούσης","μαρτυρούσης","μαρτυρούσης","μαρτυρέω"
43,04,39,"C",NULL,"ὅτι","ὅτι","ὅτι","ὅτι"
43,04,39,"V","3AAI-S","Εἶπέν","Εἶπέν","εἶπε(ν)","λέγω"
43,04,39,"RP","DS","μοι","μοι","μοι","ἐγώ"
43,04,39,"A","APN","πάντα","πάντα","πάντα","πᾶς"
43,04,39,"RR","APN","⸀ἃ","ἃ","ἅ","ὅς"
43,04,39,"V","1AAI-S","ἐποίησα.","ἐποίησα","ἐποίησα","ποιέω"
43,04,40,"C",NULL,"ὡς","ὡς","ὡς","ὡς"
43,04,40,"C",NULL,"οὖν","οὖν","οὖν","οὖν"
43,04,40,"V","3AAI-P","ἦλθον","ἦλθον","ἦλθον","ἔρχομαι"
43,04,40,"P",NULL,"πρὸς","πρὸς","πρός","πρός"
43,04,40,"RP","ASM","αὐτὸν","αὐτὸν","αὐτόν","αὐτός"
43,04,40,"RA","NPM","οἱ","οἱ","οἱ","ὁ"
43,04,40,"N","NPM","Σαμαρῖται,","Σαμαρῖται","Σαμαρῖται","Σαμαρίτης"
43,04,40,"V","3IAI-P","ἠρώτων","ἠρώτων","ἠρώτων","ἐρωτάω"
43,04,40,"RP","ASM","αὐτὸν","αὐτὸν","αὐτόν","αὐτός"
43,04,40,"V","AAN","μεῖναι","μεῖναι","μεῖναι","μένω"
43,04,40,"P",NULL,"παρ’","παρ’","παρά","παρά"
43,04,40,"RP","DPM","αὐτοῖς·","αὐτοῖς","αὐτοῖς","αὐτός"
43,04,40,"C",NULL,"καὶ","καὶ","καί","καί"
43,04,40,"V","3AAI-S","ἔμεινεν","ἔμεινεν","ἔμεινε(ν)","μένω"
43,04,40,"D",NULL,"ἐκεῖ","ἐκεῖ","ἐκεῖ","ἐκεῖ"
43,04,40,"A","APF","δύο","δύο","δύο","δύο"
43,04,40,"N","APF","ἡμέρας.","ἡμέρας","ἡμέρας","ἡμέρα"
43,04,41,"C",NULL,"καὶ","καὶ","καί","καί"
43,04,41,"A","DSN","πολλῷ","πολλῷ","πολλῷ","πολύς"
43,04,41,"A","NPMC","πλείους","πλείους","πλείους","πολύς"
43,04,41,"V","3AAI-P","ἐπίστευσαν","ἐπίστευσαν","ἐπίστευσαν","πιστεύω"
43,04,41,"P",NULL,"διὰ","διὰ","διά","διά"
43,04,41,"RA","ASM","τὸν","τὸν","τόν","ὁ"
43,04,41,"N","ASM","λόγον","λόγον","λόγον","λόγος"
43,04,41,"RP","GSM","αὐτοῦ,","αὐτοῦ","αὐτοῦ","αὐτός"
43,04,42,"RA","DSF","τῇ","τῇ","τῇ","ὁ"
43,04,42,"C",NULL,"τε","τε","τέ","τέ"
43,04,42,"N","DSF","γυναικὶ","γυναικὶ","γυναικί","γυνή"
43,04,42,"V","3IAI-P","ἔλεγον","ἔλεγον","ἔλεγον","λέγω"
43,04,42,"C",NULL,"ὅτι","ὅτι","ὅτι","ὅτι"
43,04,42,"D",NULL,"Οὐκέτι","Οὐκέτι","οὐκέτι","οὐκέτι"
43,04,42,"P",NULL,"διὰ","διὰ","διά","διά"
43,04,42,"RA","ASF","τὴν","τὴν","τήν","ὁ"
43,04,42,"A","ASF","σὴν","σὴν","σήν","σός"
43,04,42,"N","ASF","λαλιὰν","λαλιὰν","λαλιάν","λαλιά"
43,04,42,"V","1PAI-P","πιστεύομεν·","πιστεύομεν","πιστεύομεν","πιστεύω"
43,04,42,"RP","NPM","αὐτοὶ","αὐτοὶ","αὐτοί","αὐτός"
43,04,42,"C",NULL,"γὰρ","γὰρ","γάρ","γάρ"
43,04,42,"V","1XAI-P","ἀκηκόαμεν,","ἀκηκόαμεν","ἀκηκόαμεν","ἀκούω"
43,04,42,"C",NULL,"καὶ","καὶ","καί","καί"
43,04,42,"V","1XAI-P","οἴδαμεν","οἴδαμεν","οἴδαμεν","οἶδα"
43,04,42,"C",NULL,"ὅτι","ὅτι","ὅτι","ὅτι"
43,04,42,"RD","NSM","οὗτός","οὗτός","οὗτος","οὗτος"
43,04,42,"V","3PAI-S","ἐστιν","ἐστιν","ἐστί(ν)","εἰμί"
43,04,42,"D",NULL,"ἀληθῶς","ἀληθῶς","ἀληθῶς","ἀληθῶς"
43,04,42,"RA","NSM","ὁ","ὁ","ὁ","ὁ"
43,04,42,"N","NSM","σωτὴρ","σωτὴρ","σωτήρ","σωτήρ"
43,04,42,"RA","GSM","τοῦ","τοῦ","τοῦ","ὁ"
43,04,42,"N","GSM","⸀κόσμου.","κόσμου","κόσμου","κόσμος"
43,04,43,"P",NULL,"Μετὰ","Μετὰ","μετά","μετά"
43,04,43,"C",NULL,"δὲ","δὲ","δέ","δέ"
43,04,43,"RA","APF","τὰς","τὰς","τάς","ὁ"
43,04,43,"A","APF","δύο","δύο","δύο","δύο"
43,04,43,"N","APF","ἡμέρας","ἡμέρας","ἡμέρας","ἡμέρα"
43,04,43,"V","3AAI-S","ἐξῆλθεν","ἐξῆλθεν","ἐξῆλθε(ν)","ἐξέρχομαι"
43,04,43,"D",NULL,"⸀ἐκεῖθεν","ἐκεῖθεν","ἐκεῖθεν","ἐκεῖθεν"
43,04,43,"P",NULL,"εἰς","εἰς","εἰς","εἰς"
43,04,43,"RA","ASF","τὴν","τὴν","τήν","ὁ"
43,04,43,"N","ASF","Γαλιλαίαν·","Γαλιλαίαν","Γαλιλαίαν","Γαλιλαία"
43,04,44,"RP","NSM","αὐτὸς","αὐτὸς","αὐτός","αὐτός"
43,04,44,"C",NULL,"⸀γὰρ","γὰρ","γάρ","γάρ"
43,04,44,"N","NSM","Ἰησοῦς","Ἰησοῦς","Ἰησοῦς","Ἰησοῦς"
43,04,44,"V","3AAI-S","ἐμαρτύρησεν","ἐμαρτύρησεν","ἐμαρτύρησε(ν)","μαρτυρέω"
43,04,44,"C",NULL,"ὅτι","ὅτι","ὅτι","ὅτι"
43,04,44,"N","NSM","προφήτης","προφήτης","προφήτης","προφήτης"
43,04,44,"P",NULL,"ἐν","ἐν","ἐν","ἐν"
43,04,44,"RA","DSF","τῇ","τῇ","τῇ","ὁ"
43,04,44,"A","DSF","ἰδίᾳ","ἰδίᾳ","ἰδίᾳ","ἴδιος"
43,04,44,"N","DSF","πατρίδι","πατρίδι","πατρίδι","πατρίς"
43,04,44,"N","ASF","τιμὴν","τιμὴν","τιμήν","τιμή"
43,04,44,"D",NULL,"οὐκ","οὐκ","οὐ","οὐ"
43,04,44,"V","3PAI-S","ἔχει.","ἔχει","ἔχει","ἔχω"
43,04,45,"C",NULL,"ὅτε","ὅτε","ὅτε","ὅτε"
43,04,45,"C",NULL,"οὖν","οὖν","οὖν","οὖν"
43,04,45,"V","3AAI-S","ἦλθεν","ἦλθεν","ἦλθε(ν)","ἔρχομαι"
43,04,45,"P",NULL,"εἰς","εἰς","εἰς","εἰς"
43,04,45,"RA","ASF","τὴν","τὴν","τήν","ὁ"
43,04,45,"N","ASF","Γαλιλαίαν,","Γαλιλαίαν","Γαλιλαίαν","Γαλιλαία"
43,04,45,"V","3AMI-P","ἐδέξαντο","ἐδέξαντο","ἐδέξαντο","δέχομαι"
43,04,45,"RP","ASM","αὐτὸν","αὐτὸν","αὐτόν","αὐτός"
43,04,45,"RA","NPM","οἱ","οἱ","οἱ","ὁ"
43,04,45,"A","NPM","Γαλιλαῖοι,","Γαλιλαῖοι","Γαλιλαῖοι","Γαλιλαῖος"
43,04,45,"A","APN","πάντα","πάντα","πάντα","πᾶς"
43,04,45,"V","XAPNPM","ἑωρακότες","ἑωρακότες","ἑωρακότες","ὁράω"
43,04,45,"RR","APN","⸀ὅσα","ὅσα","ὅσα","ὅσος"
43,04,45,"V","3AAI-S","ἐποίησεν","ἐποίησεν","ἐποίησε(ν)","ποιέω"
43,04,45,"P",NULL,"ἐν","ἐν","ἐν","ἐν"
43,04,45,"N","DPN","Ἱεροσολύμοις","Ἱεροσολύμοις","Ἱεροσολύμοις","Ἱεροσόλυμα"
43,04,45,"P",NULL,"ἐν","ἐν","ἐν","ἐν"
43,04,45,"RA","DSF","τῇ","τῇ","τῇ","ὁ"
43,04,45,"N","DSF","ἑορτῇ,","ἑορτῇ","ἑορτῇ","ἑορτή"
43,04,45,"D",NULL,"καὶ","καὶ","καί","καί"
43,04,45,"RP","NPM","αὐτοὶ","αὐτοὶ","αὐτοί","αὐτός"
43,04,45,"C",NULL,"γὰρ","γὰρ","γάρ","γάρ"
43,04,45,"V","3AAI-P","ἦλθον","ἦλθον","ἦλθον","ἔρχομαι"
43,04,45,"P",NULL,"εἰς","εἰς","εἰς","εἰς"
43,04,45,"RA","ASF","τὴν","τὴν","τήν","ὁ"
43,04,45,"N","ASF","ἑορτήν.","ἑορτήν","ἑορτήν","ἑορτή"
43,04,46,"V","3AAI-S","Ἦλθεν","Ἦλθεν","ἦλθε(ν)","ἔρχομαι"
43,04,46,"C",NULL,"οὖν","οὖν","οὖν","οὖν"
43,04,46,"D",NULL,"⸀πάλιν","πάλιν","πάλιν","πάλιν"
43,04,46,"P",NULL,"εἰς","εἰς","εἰς","εἰς"
43,04,46,"RA","ASF","τὴν","τὴν","τήν","ὁ"
43,04,46,"N","ASF","Κανὰ","Κανὰ","Κανά","Κανά"
43,04,46,"RA","GSF","τῆς","τῆς","τῆς","ὁ"
43,04,46,"N","GSF","Γαλιλαίας,","Γαλιλαίας","Γαλιλαίας","Γαλιλαία"
43,04,46,"D",NULL,"ὅπου","ὅπου","ὅπου","ὅπου"
43,04,46,"V","3AAI-S","ἐποίησεν","ἐποίησεν","ἐποίησε(ν)","ποιέω"
43,04,46,"RA","ASN","τὸ","τὸ","τό","ὁ"
43,04,46,"N","ASN","ὕδωρ","ὕδωρ","ὕδωρ","ὕδωρ"
43,04,46,"N","ASM","οἶνον.","οἶνον","οἶνον","οἶνος"
43,04,46,"C",NULL,"καὶ","καὶ","καί","καί"
43,04,46,"V","3IAI-S","ἦν","ἦν","ἦν","εἰμί"
43,04,46,"RI","NSM","τις","τις","τὶς","τις"
43,04,46,"A","NSM","βασιλικὸς","βασιλικὸς","βασιλικός","βασιλικός"
43,04,46,"RR","GSM","οὗ","οὗ","οὗ","ὅς"
43,04,46,"RA","NSM","ὁ","ὁ","ὁ","ὁ"
43,04,46,"N","NSM","υἱὸς","υἱὸς","υἱός","υἱός"
43,04,46,"V","3IAI-S","ἠσθένει","ἠσθένει","ἠσθένει","ἀσθενέω"
43,04,46,"P",NULL,"ἐν","ἐν","ἐν","ἐν"
43,04,46,"N","DSF","Καφαρναούμ.","Καφαρναούμ","Καφαρναούμ","Καφαρναούμ"
43,04,47,"RD","NSM","οὗτος","οὗτος","οὗτος","οὗτος"
43,04,47,"V","AAPNSM","ἀκούσας","ἀκούσας","ἀκούσας","ἀκούω"
43,04,47,"C",NULL,"ὅτι","ὅτι","ὅτι","ὅτι"
43,04,47,"N","NSM","Ἰησοῦς","Ἰησοῦς","Ἰησοῦς","Ἰησοῦς"
43,04,47,"V","3PAI-S","ἥκει","ἥκει","ἥκει","ἥκω"
43,04,47,"P",NULL,"ἐκ","ἐκ","ἐκ","ἐκ"
43,04,47,"RA","GSF","τῆς","τῆς","τῆς","ὁ"
43,04,47,"N","GSF","Ἰουδαίας","Ἰουδαίας","Ἰουδαίας","Ἰουδαία"
43,04,47,"P",NULL,"εἰς","εἰς","εἰς","εἰς"
43,04,47,"RA","ASF","τὴν","τὴν","τήν","ὁ"
43,04,47,"N","ASF","Γαλιλαίαν","Γαλιλαίαν","Γαλιλαίαν","Γαλιλαία"
43,04,47,"V","3AAI-S","ἀπῆλθεν","ἀπῆλθεν","ἀπῆλθε(ν)","ἀπέρχομαι"
43,04,47,"P",NULL,"πρὸς","πρὸς","πρός","πρός"
43,04,47,"RP","ASM","αὐτὸν","αὐτὸν","αὐτόν","αὐτός"
43,04,47,"C",NULL,"καὶ","καὶ","καί","καί"
43,04,47,"V","3IAI-S","⸀ἠρώτα","ἠρώτα","ἠρώτα","ἐρωτάω"
43,04,47,"C",NULL,"ἵνα","ἵνα","ἵνα","ἵνα"
43,04,47,"V","3AAS-S","καταβῇ","καταβῇ","καταβῇ","καταβαίνω"
43,04,47,"C",NULL,"καὶ","καὶ","καί","καί"
43,04,47,"V","3AMS-S","ἰάσηται","ἰάσηται","ἰάσηται","ἰάομαι"
43,04,47,"RP","GSM","αὐτοῦ","αὐτοῦ","αὐτοῦ","αὐτός"
43,04,47,"RA","ASM","τὸν","τὸν","τόν","ὁ"
43,04,47,"N","ASM","υἱόν,","υἱόν","υἱόν","υἱός"
43,04,47,"V","3IAI-S","ἤμελλεν","ἤμελλεν","ἤμελλε(ν)","μέλλω"
43,04,47,"C",NULL,"γὰρ","γὰρ","γάρ","γάρ"
43,04,47,"V","PAN","ἀποθνῄσκειν.","ἀποθνῄσκειν","ἀποθνῄσκειν","ἀποθνῄσκω"
43,04,48,"V","3AAI-S","εἶπεν","εἶπεν","εἶπε(ν)","λέγω"
43,04,48,"C",NULL,"οὖν","οὖν","οὖν","οὖν"
43,04,48,"RA","NSM","ὁ","ὁ","ὁ","ὁ"
43,04,48,"N","NSM","Ἰησοῦς","Ἰησοῦς","Ἰησοῦς","Ἰησοῦς"
43,04,48,"P",NULL,"πρὸς","πρὸς","πρός","πρός"
43,04,48,"RP","ASM","αὐτόν·","αὐτόν","αὐτόν","αὐτός"
43,04,48,"C",NULL,"Ἐὰν","Ἐὰν","ἐάν","ἐάν"
43,04,48,"D",NULL,"μὴ","μὴ","μή","μή"
43,04,48,"N","APN","σημεῖα","σημεῖα","σημεῖα","σημεῖον"
43,04,48,"C",NULL,"καὶ","καὶ","καί","καί"
43,04,48,"N","APN","τέρατα","τέρατα","τέρατα","τέρας"
43,04,48,"V","2AAS-P","ἴδητε,","ἴδητε","ἴδητε","ὁράω"
43,04,48,"D",NULL,"οὐ","οὐ","οὐ","οὐ"
43,04,48,"D",NULL,"μὴ","μὴ","μή","μή"
43,04,48,"V","2AAS-P","πιστεύσητε.","πιστεύσητε","πιστεύσητε","πιστεύω"
43,04,49,"V","3PAI-S","λέγει","λέγει","λέγει","λέγω"
43,04,49,"P",NULL,"πρὸς","πρὸς","πρός","πρός"
43,04,49,"RP","ASM","αὐτὸν","αὐτὸν","αὐτόν","αὐτός"
43,04,49,"RA","NSM","ὁ","ὁ","ὁ","ὁ"
43,04,49,"A","NSM","βασιλικός·","βασιλικός","βασιλικός","βασιλικός"
43,04,49,"N","VSM","Κύριε,","Κύριε","κύριε","κύριος"
43,04,49,"V","2AAD-S","κατάβηθι","κατάβηθι","κατάβηθι","καταβαίνω"
43,04,49,"C",NULL,"πρὶν","πρὶν","πρίν","πρίν"
43,04,49,"V","AAN","ἀποθανεῖν","ἀποθανεῖν","ἀποθανεῖν","ἀποθνῄσκω"
43,04,49,"RA","ASN","τὸ","τὸ","τό","ὁ"
43,04,49,"N","ASN","παιδίον","παιδίον","παιδίον","παιδίον"
43,04,49,"RP","GS","μου.","μου","μου","ἐγώ"
43,04,50,"V","3PAI-S","λέγει","λέγει","λέγει","λέγω"
43,04,50,"RP","DSM","αὐτῷ","αὐτῷ","αὐτῷ","αὐτός"
43,04,50,"RA","NSM","ὁ","ὁ","ὁ","ὁ"
43,04,50,"N","NSM","Ἰησοῦς·","Ἰησοῦς","Ἰησοῦς","Ἰησοῦς"
43,04,50,"V","2PMD-S","Πορεύου·","Πορεύου","πορεύου","πορεύομαι"
43,04,50,"RA","NSM","ὁ","ὁ","ὁ","ὁ"
43,04,50,"N","NSM","υἱός","υἱός","υἱός","υἱός"
43,04,50,"RP","GS","σου","σου","σου","σύ"
43,04,50,"V","3PAI-S","ζῇ.","ζῇ","ζῇ","ζάω"
43,04,50,"V","3AAI-S","⸀ἐπίστευσεν","ἐπίστευσεν","ἐπίστευσε(ν)","πιστεύω"
43,04,50,"RA","NSM","ὁ","ὁ","ὁ","ὁ"
43,04,50,"N","NSM","ἄνθρωπος","ἄνθρωπος","ἄνθρωπος","ἄνθρωπος"
43,04,50,"RA","DSM","τῷ","τῷ","τῷ","ὁ"
43,04,50,"N","DSM","λόγῳ","λόγῳ","λόγῳ","λόγος"
43,04,50,"RR","ASM","⸀ὃν","ὃν","ὅν","ὅς"
43,04,50,"V","3AAI-S","εἶπεν","εἶπεν","εἶπε(ν)","λέγω"
43,04,50,"RP","DSM","αὐτῷ","αὐτῷ","αὐτῷ","αὐτός"
43,04,50,"RA","NSM","ὁ","ὁ","ὁ","ὁ"
43,04,50,"N","NSM","Ἰησοῦς","Ἰησοῦς","Ἰησοῦς","Ἰησοῦς"
43,04,50,"C",NULL,"καὶ","καὶ","καί","καί"
43,04,50,"V","3IMI-S","ἐπορεύετο.","ἐπορεύετο","ἐπορεύετο","πορεύομαι"
43,04,51,"D",NULL,"ἤδη","ἤδη","ἤδη","ἤδη"
43,04,51,"C",NULL,"δὲ","δὲ","δέ","δέ"
43,04,51,"RP","GSM","αὐτοῦ","αὐτοῦ","αὐτοῦ","αὐτός"
43,04,51,"V","PAPGSM","καταβαίνοντος","καταβαίνοντος","καταβαίνοντος","καταβαίνω"
43,04,51,"RA","NPM","οἱ","οἱ","οἱ","ὁ"
43,04,51,"N","NPM","δοῦλοι","δοῦλοι","δοῦλοι","δοῦλος"
43,04,51,"RP","GSM","αὐτοῦ","αὐτοῦ","αὐτοῦ","αὐτός"
43,04,51,"V","3AAI-P","⸀ὑπήντησαν","ὑπήντησαν","ὑπήντησαν","ὑπαντάω"
43,04,51,"RP","DSM","⸀αὐτῷ","αὐτῷ","αὐτῷ","αὐτός"
43,04,51,"V","PAPNPM","λέγοντες","λέγοντες","λέγοντες","λέγω"
43,04,51,"C",NULL,"ὅτι","ὅτι","ὅτι","ὅτι"
43,04,51,"RA","NSM","ὁ","ὁ","ὁ","ὁ"
43,04,51,"N","NSM","παῖς","παῖς","παῖς","παῖς"
43,04,51,"RP","GSM","⸀αὐτοῦ","αὐτοῦ","αὐτοῦ","αὐτός"
43,04,51,"V","3PAI-S","ζῇ.","ζῇ","ζῇ","ζάω"
43,04,52,"V","3AMI-S","ἐπύθετο","ἐπύθετο","ἐπύθετο","πυνθάνομαι"
43,04,52,"C",NULL,"οὖν","οὖν","οὖν","οὖν"
43,04,52,"RA","ASF","⸂τὴν","τὴν","τήν","ὁ"
43,04,52,"N","ASF","ὥραν","ὥραν","ὥραν","ὥρα"
43,04,52,"P",NULL,"παρ’","παρ’","παρά","παρά"
43,04,52,"RP","GPM","αὐτῶν⸃","αὐτῶν","αὐτῶν","αὐτός"
43,04,52,"P",NULL,"ἐν","ἐν","ἐν","ἐν"
43,04,52,"RR","DSF","ᾗ","ᾗ","ᾗ","ὅς"
43,04,52,"A","ASNC","κομψότερον","κομψότερον","κομψότερον","κομψότερον"
43,04,52,"V","3AAI-S","ἔσχεν·","ἔσχεν","ἔσχε(ν)","ἔχω"
43,04,52,"V","3AAI-P","⸂εἶπαν","εἶπαν","εἶπαν","λέγω"
43,04,52,"C",NULL,"οὖν⸃","οὖν","οὖν","οὖν"
43,04,52,"RP","DSM","αὐτῷ","αὐτῷ","αὐτῷ","αὐτός"
43,04,52,"C",NULL,"ὅτι","ὅτι","ὅτι","ὅτι"
43,04,52,"D",NULL,"⸀Ἐχθὲς","Ἐχθὲς","ἐχθές","ἐχθές"
43,04,52,"N","ASF","ὥραν","ὥραν","ὥραν","ὥρα"
43,04,52,"A","ASF","ἑβδόμην","ἑβδόμην","ἑβδόμην","ἕβδομος"
43,04,52,"V","3AAI-S","ἀφῆκεν","ἀφῆκεν","ἀφῆκε(ν)","ἀφίημι"
43,04,52,"RP","ASM","αὐτὸν","αὐτὸν","αὐτόν","αὐτός"
43,04,52,"RA","NSM","ὁ","ὁ","ὁ","ὁ"
43,04,52,"N","NSM","πυρετός.","πυρετός","πυρετός","πυρετός"
43,04,53,"V","3AAI-S","ἔγνω","ἔγνω","ἔγνω","γινώσκω"
43,04,53,"C",NULL,"οὖν","οὖν","οὖν","οὖν"
43,04,53,"RA","NSM","ὁ","ὁ","ὁ","ὁ"
43,04,53,"N","NSM","πατὴρ","πατὴρ","πατήρ","πατήρ"
43,04,53,"C",NULL,"⸀ὅτι","ὅτι","ὅτι","ὅτι"
43,04,53,"RD","DSF","ἐκείνῃ","ἐκείνῃ","ἐκείνῃ","ἐκεῖνος"
43,04,53,"RA","DSF","τῇ","τῇ","τῇ","ὁ"
43,04,53,"N","DSF","ὥρᾳ","ὥρᾳ","ὥρᾳ","ὥρα"
43,04,53,"P",NULL,"ἐν","ἐν","ἐν","ἐν"
43,04,53,"RR","DSF","ᾗ","ᾗ","ᾗ","ὅς"
43,04,53,"V","3AAI-S","εἶπεν","εἶπεν","εἶπε(ν)","λέγω"
43,04,53,"RP","DSM","αὐτῷ","αὐτῷ","αὐτῷ","αὐτός"
43,04,53,"RA","NSM","ὁ","ὁ","ὁ","ὁ"
43,04,53,"N","NSM","⸀Ἰησοῦς·","Ἰησοῦς","Ἰησοῦς","Ἰησοῦς"
43,04,53,"RA","NSM","Ὁ","Ὁ","ὁ","ὁ"
43,04,53,"N","NSM","υἱός","υἱός","υἱός","υἱός"
43,04,53,"RP","GS","σου","σου","σου","σύ"
43,04,53,"V","3PAI-S","ζῇ,","ζῇ","ζῇ","ζάω"
43,04,53,"C",NULL,"καὶ","καὶ","καί","καί"
43,04,53,"V","3AAI-S","ἐπίστευσεν","ἐπίστευσεν","ἐπίστευσε(ν)","πιστεύω"
43,04,53,"RP","NSM","αὐτὸς","αὐτὸς","αὐτός","αὐτός"
43,04,53,"C",NULL,"καὶ","καὶ","καί","καί"
43,04,53,"RA","NSF","ἡ","ἡ","ἡ","ὁ"
43,04,53,"N","NSF","οἰκία","οἰκία","οἰκία","οἰκία"
43,04,53,"RP","GSM","αὐτοῦ","αὐτοῦ","αὐτοῦ","αὐτός"
43,04,53,"A","NSF","ὅλη.","ὅλη","ὅλη","ὅλος"
43,04,54,"RD","ASN","τοῦτο","τοῦτο","τοῦτο","οὗτος"
43,04,54,"C",NULL,"⸀δὲ","δὲ","δέ","δέ"
43,04,54,"D",NULL,"πάλιν","πάλιν","πάλιν","πάλιν"
43,04,54,"A","ASN","δεύτερον","δεύτερον","δεύτερον","δεύτερος"
43,04,54,"N","ASN","σημεῖον","σημεῖον","σημεῖον","σημεῖον"
43,04,54,"V","3AAI-S","ἐποίησεν","ἐποίησεν","ἐποίησε(ν)","ποιέω"
43,04,54,"RA","NSM","ὁ","ὁ","ὁ","ὁ"
43,04,54,"N","NSM","Ἰησοῦς","Ἰησοῦς","Ἰησοῦς","Ἰησοῦς"
43,04,54,"V","AAPNSM","ἐλθὼν","ἐλθὼν","ἐλθών","ἔρχομαι"
43,04,54,"P",NULL,"ἐκ","ἐκ","ἐκ","ἐκ"
43,04,54,"RA","GSF","τῆς","τῆς","τῆς","ὁ"
43,04,54,"N","GSF","Ἰουδαίας","Ἰουδαίας","Ἰουδαίας","Ἰουδαία"
43,04,54,"P",NULL,"εἰς","εἰς","εἰς","εἰς"
43,04,54,"RA","ASF","τὴν","τὴν","τήν","ὁ"
43,04,54,"N","ASF","Γαλιλαίαν.","Γαλιλαίαν","Γαλιλαίαν","Γαλιλαία"
43,05,01,"P",NULL,"Μετὰ","Μετὰ","μετά","μετά"
43,05,01,"RD","APN","ταῦτα","ταῦτα","ταῦτα","οὗτος"
43,05,01,"V","3IAI-S","⸀ἦν","ἦν","ἦν","εἰμί"
43,05,01,"N","NSF","ἑορτὴ","ἑορτὴ","ἑορτή","ἑορτή"
43,05,01,"RA","GPM","τῶν","τῶν","τῶν","ὁ"
43,05,01,"A","GPM","Ἰουδαίων,","Ἰουδαίων","Ἰουδαίων","Ἰουδαῖος"
43,05,01,"C",NULL,"καὶ","καὶ","καί","καί"
43,05,01,"V","3AAI-S","⸀ἀνέβη","ἀνέβη","ἀνέβη","ἀναβαίνω"
43,05,01,"N","NSM","Ἰησοῦς","Ἰησοῦς","Ἰησοῦς","Ἰησοῦς"
43,05,01,"P",NULL,"εἰς","εἰς","εἰς","εἰς"
43,05,01,"N","APN","Ἱεροσόλυμα.","Ἱεροσόλυμα","Ἱεροσόλυμα","Ἱεροσόλυμα"
43,05,02,"V","3PAI-S","ἔστιν","ἔστιν","ἐστί(ν)","εἰμί"
43,05,02,"C",NULL,"δὲ","δὲ","δέ","δέ"
43,05,02,"P",NULL,"ἐν","ἐν","ἐν","ἐν"
43,05,02,"RA","DPN","τοῖς","τοῖς","τοῖς","ὁ"
43,05,02,"N","DPN","Ἱεροσολύμοις","Ἱεροσολύμοις","Ἱεροσολύμοις","Ἱεροσόλυμα"
43,05,02,"P",NULL,"ἐπὶ","ἐπὶ","ἐπί","ἐπί"
43,05,02,"RA","DSF","τῇ","τῇ","τῇ","ὁ"
43,05,02,"A","DSF","προβατικῇ","προβατικῇ","προβατικῇ","προβατικός"
43,05,02,"N","NSF","κολυμβήθρα","κολυμβήθρα","κολυμβήθρα","κολυμβήθρα"
43,05,02,"RA","NSF","ἡ","ἡ","ἡ","ὁ"
43,05,02,"V","PPPNSF","ἐπιλεγομένη","ἐπιλεγομένη","ἐπιλεγομένη","ἐπιλέγω"
43,05,02,"D",NULL,"Ἑβραϊστὶ","Ἑβραϊστὶ","Ἑβραϊστί","Ἑβραϊστί"
43,05,02,"N","NSF","⸀Βηθεσδά,","Βηθεσδά","Βηθεσδά","Βηθεσδά"
43,05,02,"A","APF","πέντε","πέντε","πέντε","πέντε"
43,05,02,"N","APF","στοὰς","στοὰς","στοάς","στοά"
43,05,02,"V","PAPNSF","ἔχουσα·","ἔχουσα","ἔχουσα","ἔχω"
43,05,03,"P",NULL,"ἐν","ἐν","ἐν","ἐν"
43,05,03,"RD","DPF","ταύταις","ταύταις","ταύταις","οὗτος"
43,05,03,"V","3IMI-S","κατέκειτο","κατέκειτο","κατέκειτο","κατάκειμαι"
43,05,03,"N","NSN","⸀πλῆθος","πλῆθος","πλῆθος","πλῆθος"
43,05,03,"RA","GPM","τῶν","τῶν","τῶν","ὁ"
43,05,03,"V","PAPGPM","ἀσθενούντων,","ἀσθενούντων","ἀσθενούντων","ἀσθενέω"
43,05,03,"A","GPM","τυφλῶν,","τυφλῶν","τυφλῶν","τυφλός"
43,05,03,"A","GPM","χωλῶν,","χωλῶν","χωλῶν","χωλός"
43,05,03,"A","GPM","⸀ξηρῶν.","ξηρῶν","ξηρῶν","ξηρός"
43,05,05,"V","3IAI-S","ἦν","ἦν","ἦν","εἰμί"
43,05,05,"C",NULL,"δέ","δέ","δέ","δέ"
43,05,05,"RI","NSM","τις","τις","τὶς","τις"
43,05,05,"N","NSM","ἄνθρωπος","ἄνθρωπος","ἄνθρωπος","ἄνθρωπος"
43,05,05,"D",NULL,"ἐκεῖ","ἐκεῖ","ἐκεῖ","ἐκεῖ"
43,05,05,"A","APN","⸀τριάκοντα","τριάκοντα","τριάκοντα","τριάκοντα"
43,05,05,"A","APN","ὀκτὼ","ὀκτὼ","ὀκτώ","ὀκτώ"
43,05,05,"N","APN","ἔτη","ἔτη","ἔτη","ἔτος"
43,05,05,"V","PAPNSM","ἔχων","ἔχων","ἔχων","ἔχω"
43,05,05,"P",NULL,"ἐν","ἐν","ἐν","ἐν"
43,05,05,"RA","DSF","τῇ","τῇ","τῇ","ὁ"
43,05,05,"N","DSF","ἀσθενείᾳ","ἀσθενείᾳ","ἀσθενείᾳ","ἀσθένεια"
43,05,05,"RP","GSM","⸀αὐτοῦ·","αὐτοῦ","αὐτοῦ","αὐτός"
43,05,06,"RD","ASM","τοῦτον","τοῦτον","τοῦτον","οὗτος"
43,05,06,"V","AAPNSM","ἰδὼν","ἰδὼν","ἰδών","ὁράω"
43,05,06,"RA","NSM","ὁ","ὁ","ὁ","ὁ"
43,05,06,"N","NSM","Ἰησοῦς","Ἰησοῦς","Ἰησοῦς","Ἰησοῦς"
43,05,06,"V","PMPASM","κατακείμενον,","κατακείμενον","κατακείμενον","κατάκειμαι"
43,05,06,"C",NULL,"καὶ","καὶ","καί","καί"
43,05,06,"V","AAPNSM","γνοὺς","γνοὺς","γνούς","γινώσκω"
43,05,06,"C",NULL,"ὅτι","ὅτι","ὅτι","ὅτι"
43,05,06,"A","ASM","πολὺν","πολὺν","πολύν","πολύς"
43,05,06,"D",NULL,"ἤδη","ἤδη","ἤδη","ἤδη"
43,05,06,"N","ASM","χρόνον","χρόνον","χρόνον","χρόνος"
43,05,06,"V","3PAI-S","ἔχει,","ἔχει","ἔχει","ἔχω"
43,05,06,"V","3PAI-S","λέγει","λέγει","λέγει","λέγω"
43,05,06,"RP","DSM","αὐτῷ·","αὐτῷ","αὐτῷ","αὐτός"
43,05,06,"V","2PAI-S","Θέλεις","Θέλεις","θέλεις","θέλω"
43,05,06,"A","NSM","ὑγιὴς","ὑγιὴς","ὑγιής","ὑγιής"
43,05,06,"V","AMN","γενέσθαι;","γενέσθαι","γενέσθαι","γίνομαι"
43,05,07,"V","3API-S","ἀπεκρίθη","ἀπεκρίθη","ἀπεκρίθη","ἀποκρίνομαι"
43,05,07,"RP","DSM","αὐτῷ","αὐτῷ","αὐτῷ","αὐτός"
43,05,07,"RA","NSM","ὁ","ὁ","ὁ","ὁ"
43,05,07,"V","PAPNSM","ἀσθενῶν·","ἀσθενῶν","ἀσθενῶν","ἀσθενέω"
43,05,07,"N","VSM","Κύριε,","Κύριε","κύριε","κύριος"
43,05,07,"N","ASM","ἄνθρωπον","ἄνθρωπον","ἄνθρωπον","ἄνθρωπος"
43,05,07,"D",NULL,"οὐκ","οὐκ","οὐ","οὐ"
43,05,07,"V","1PAI-S","ἔχω","ἔχω","ἔχω","ἔχω"
43,05,07,"C",NULL,"ἵνα","ἵνα","ἵνα","ἵνα"
43,05,07,"C",NULL,"ὅταν","ὅταν","ὅταν","ὅταν"
43,05,07,"V","3APS-S","ταραχθῇ","ταραχθῇ","ταραχθῇ","ταράσσω"
43,05,07,"RA","NSN","τὸ","τὸ","τό","ὁ"
43,05,07,"N","NSN","ὕδωρ","ὕδωρ","ὕδωρ","ὕδωρ"
43,05,07,"V","3AAS-S","βάλῃ","βάλῃ","βάλῃ","βάλλω"
43,05,07,"RP","AS","με","με","με","ἐγώ"
43,05,07,"P",NULL,"εἰς","εἰς","εἰς","εἰς"
43,05,07,"RA","ASF","τὴν","τὴν","τήν","ὁ"
43,05,07,"N","ASF","κολυμβήθραν·","κολυμβήθραν","κολυμβήθραν","κολυμβήθρα"
43,05,07,"P",NULL,"ἐν","ἐν","ἐν","ἐν"
43,05,07,"RR","DSM","ᾧ","ᾧ","ᾧ","ὅς"
43,05,07,"C",NULL,"δὲ","δὲ","δέ","δέ"
43,05,07,"V","1PMI-S","ἔρχομαι","ἔρχομαι","ἔρχομαι","ἔρχομαι"
43,05,07,"RP","NS","ἐγὼ","ἐγὼ","ἐγώ","ἐγώ"
43,05,07,"A","NSM","ἄλλος","ἄλλος","ἄλλος","ἄλλος"
43,05,07,"P",NULL,"πρὸ","πρὸ","πρό","πρό"
43,05,07,"RP","GS","ἐμοῦ","ἐμοῦ","ἐμοῦ","ἐγώ"
43,05,07,"V","3PAI-S","καταβαίνει.","καταβαίνει","καταβαίνει","καταβαίνω"
43,05,08,"V","3PAI-S","λέγει","λέγει","λέγει","λέγω"
43,05,08,"RP","DSM","αὐτῷ","αὐτῷ","αὐτῷ","αὐτός"
43,05,08,"RA","NSM","ὁ","ὁ","ὁ","ὁ"
43,05,08,"N","NSM","Ἰησοῦς·","Ἰησοῦς","Ἰησοῦς","Ἰησοῦς"
43,05,08,"V","2PAD-S","⸀Ἔγειρε","Ἔγειρε","ἔγειρε","ἐγείρω"
43,05,08,"V","2AAD-S","ἆρον","ἆρον","ἆρον","αἴρω"
43,05,08,"RA","ASM","τὸν","τὸν","τόν","ὁ"
43,05,08,"N","ASM","κράβαττόν","κράβαττόν","κράβαττον","κράβαττος"
43,05,08,"RP","GS","σου","σου","σου","σύ"
43,05,08,"C",NULL,"καὶ","καὶ","καί","καί"
43,05,08,"V","2PAD-S","περιπάτει.","περιπάτει","περιπάτει","περιπατέω"
43,05,09,"C",NULL,"καὶ","καὶ","καί","καί"
43,05,09,"D",NULL,"εὐθέως","εὐθέως","εὐθέως","εὐθέως"
43,05,09,"V","3AMI-S","ἐγένετο","ἐγένετο","ἐγένετο","γίνομαι"
43,05,09,"A","NSM","ὑγιὴς","ὑγιὴς","ὑγιής","ὑγιής"
43,05,09,"RA","NSM","ὁ","ὁ","ὁ","ὁ"
43,05,09,"N","NSM","ἄνθρωπος","ἄνθρωπος","ἄνθρωπος","ἄνθρωπος"
43,05,09,"C",NULL,"καὶ","καὶ","καί","καί"
43,05,09,"V","3AAI-S","ἦρε","ἦρε","ἦρε(ν)","αἴρω"
43,05,09,"RA","ASM","τὸν","τὸν","τόν","ὁ"
43,05,09,"N","ASM","κράβαττον","κράβαττον","κράβαττον","κράβαττος"
43,05,09,"RP","GSM","αὐτοῦ","αὐτοῦ","αὐτοῦ","αὐτός"
43,05,09,"C",NULL,"καὶ","καὶ","καί","καί"
43,05,09,"V","3IAI-S","περιεπάτει.","περιεπάτει","περιεπάτει","περιπατέω"
43,05,09,"V","3IAI-S","Ἦν","Ἦν","ἦν","εἰμί"
43,05,09,"C",NULL,"δὲ","δὲ","δέ","δέ"
43,05,09,"N","NSN","σάββατον","σάββατον","σάββατον","σάββατον"
43,05,09,"P",NULL,"ἐν","ἐν","ἐν","ἐν"
43,05,09,"RD","DSF","ἐκείνῃ","ἐκείνῃ","ἐκείνῃ","ἐκεῖνος"
43,05,09,"RA","DSF","τῇ","τῇ","τῇ","ὁ"
43,05,09,"N","DSF","ἡμέρᾳ.","ἡμέρᾳ","ἡμέρᾳ","ἡμέρα"
43,05,10,"V","3IAI-P","ἔλεγον","ἔλεγον","ἔλεγον","λέγω"
43,05,10,"C",NULL,"οὖν","οὖν","οὖν","οὖν"
43,05,10,"RA","NPM","οἱ","οἱ","οἱ","ὁ"
43,05,10,"A","NPM","Ἰουδαῖοι","Ἰουδαῖοι","Ἰουδαῖοι","Ἰουδαῖος"
43,05,10,"RA","DSM","τῷ","τῷ","τῷ","ὁ"
43,05,10,"V","XPPDSM","τεθεραπευμένῳ·","τεθεραπευμένῳ","τεθεραπευμένῳ","θεραπεύω"
43,05,10,"N","NSN","Σάββατόν","Σάββατόν","σάββατον","σάββατον"
43,05,10,"V","3PAI-S","ἐστιν,","ἐστιν","ἐστί(ν)","εἰμί"
43,05,10,"C",NULL,"⸀καὶ","καὶ","καί","καί"
43,05,10,"D",NULL,"οὐκ","οὐκ","οὐ","οὐ"
43,05,10,"V","3PAI-S","ἔξεστίν","ἔξεστίν","ἔξεστι(ν)","ἔξεστι(ν)"
43,05,10,"RP","DS","σοι","σοι","σοι","σύ"
43,05,10,"V","AAN","ἆραι","ἆραι","ἆραι","αἴρω"
43,05,10,"RA","ASM","τὸν","τὸν","τόν","ὁ"
43,05,10,"N","ASM","⸀κράβαττον.","κράβαττον","κράβαττον","κράβαττος"
43,05,11,"RR","NSM","⸂ὃς","ὃς","ὅς","ὅς"
43,05,11,"C",NULL,"δὲ⸃","δὲ","δέ","δέ"
43,05,11,"V","3API-S","ἀπεκρίθη","ἀπεκρίθη","ἀπεκρίθη","ἀποκρίνομαι"
43,05,11,"RP","DPM","αὐτοῖς·","αὐτοῖς","αὐτοῖς","αὐτός"
43,05,11,"RA","NSM","Ὁ","Ὁ","ὁ","ὁ"
43,05,11,"V","AAPNSM","ποιήσας","ποιήσας","ποιήσας","ποιέω"
43,05,11,"RP","AS","με","με","με","ἐγώ"
43,05,11,"A","ASM","ὑγιῆ","ὑγιῆ","ὑγιῆ","ὑγιής"
43,05,11,"RD","NSM","ἐκεῖνός","ἐκεῖνός","ἐκεῖνος","ἐκεῖνος"
43,05,11,"RP","DS","μοι","μοι","μοι","ἐγώ"
43,05,11,"V","3AAI-S","εἶπεν","εἶπεν","εἶπε(ν)","λέγω"
43,05,11,"V","2AAD-S","Ἆρον","Ἆρον","ἆρον","αἴρω"
43,05,11,"RA","ASM","τὸν","τὸν","τόν","ὁ"
43,05,11,"N","ASM","κράβαττόν","κράβαττόν","κράβαττον","κράβαττος"
43,05,11,"RP","GS","σου","σου","σου","σύ"
43,05,11,"C",NULL,"καὶ","καὶ","καί","καί"
43,05,11,"V","2PAD-S","περιπάτει.","περιπάτει","περιπάτει","περιπατέω"
43,05,12,"V","3AAI-P","ἠρώτησαν","ἠρώτησαν","ἠρώτησαν","ἐρωτάω"
43,05,12,"C",NULL,"⸀οὖν","οὖν","οὖν","οὖν"
43,05,12,"RP","ASM","αὐτόν·","αὐτόν","αὐτόν","αὐτός"
43,05,12,"RI","NSM","Τίς","Τίς","τίς","τίς"
43,05,12,"V","3PAI-S","ἐστιν","ἐστιν","ἐστί(ν)","εἰμί"
43,05,12,"RA","NSM","ὁ","ὁ","ὁ","ὁ"
43,05,12,"N","NSM","ἄνθρωπος","ἄνθρωπος","ἄνθρωπος","ἄνθρωπος"
43,05,12,"RA","NSM","ὁ","ὁ","ὁ","ὁ"
43,05,12,"V","AAPNSM","εἰπών","εἰπών","εἰπών","λέγω"
43,05,12,"RP","DS","σοι·","σοι","σοι","σύ"
43,05,12,"V","2AAD-S","⸀Ἆρον","Ἆρον","ἆρον","αἴρω"
43,05,12,"C",NULL,"καὶ","καὶ","καί","καί"
43,05,12,"V","2PAD-S","περιπάτει;","περιπάτει","περιπάτει","περιπατέω"
43,05,13,"RA","NSM","ὁ","ὁ","ὁ","ὁ"
43,05,13,"C",NULL,"δὲ","δὲ","δέ","δέ"
43,05,13,"V","APPNSM","ἰαθεὶς","ἰαθεὶς","ἰαθείς","ἰάομαι"
43,05,13,"D",NULL,"οὐκ","οὐκ","οὐ","οὐ"
43,05,13,"V","3YAI-S","ᾔδει","ᾔδει","ᾔδει","οἶδα"
43,05,13,"RI","NSM","τίς","τίς","τίς","τίς"
43,05,13,"V","3PAI-S","ἐστιν,","ἐστιν","ἐστί(ν)","εἰμί"
43,05,13,"RA","NSM","ὁ","ὁ","ὁ","ὁ"
43,05,13,"C",NULL,"γὰρ","γὰρ","γάρ","γάρ"
43,05,13,"N","NSM","Ἰησοῦς","Ἰησοῦς","Ἰησοῦς","Ἰησοῦς"
43,05,13,"V","3AAI-S","ἐξένευσεν","ἐξένευσεν","ἐξένευσε(ν)","ἐκνεύω"
43,05,13,"N","GSM","ὄχλου","ὄχλου","ὄχλου","ὄχλος"
43,05,13,"V","PAPGSM","ὄντος","ὄντος","ὄντος","εἰμί"
43,05,13,"P",NULL,"ἐν","ἐν","ἐν","ἐν"
43,05,13,"RA","DSM","τῷ","τῷ","τῷ","ὁ"
43,05,13,"N","DSM","τόπῳ.","τόπῳ","τόπῳ","τόπος"
43,05,14,"P",NULL,"μετὰ","μετὰ","μετά","μετά"
43,05,14,"RD","APN","ταῦτα","ταῦτα","ταῦτα","οὗτος"
43,05,14,"V","3PAI-S","εὑρίσκει","εὑρίσκει","εὑρίσκει","εὑρίσκω"
43,05,14,"RP","ASM","αὐτὸν","αὐτὸν","αὐτόν","αὐτός"
43,05,14,"RA","NSM","ὁ","ὁ","ὁ","ὁ"
43,05,14,"N","NSM","Ἰησοῦς","Ἰησοῦς","Ἰησοῦς","Ἰησοῦς"
43,05,14,"P",NULL,"ἐν","ἐν","ἐν","ἐν"
43,05,14,"RA","DSN","τῷ","τῷ","τῷ","ὁ"
43,05,14,"A","DSN","ἱερῷ","ἱερῷ","ἱερῷ","ἱερός"
43,05,14,"C",NULL,"καὶ","καὶ","καί","καί"
43,05,14,"V","3AAI-S","εἶπεν","εἶπεν","εἶπε(ν)","λέγω"
43,05,14,"RP","DSM","αὐτῷ·","αὐτῷ","αὐτῷ","αὐτός"
43,05,14,"X",NULL,"Ἴδε","Ἴδε","ἴδε","ἴδε"
43,05,14,"A","NSM","ὑγιὴς","ὑγιὴς","ὑγιής","ὑγιής"
43,05,14,"V","2XAI-S","γέγονας·","γέγονας","γέγονας","γίνομαι"
43,05,14,"D",NULL,"μηκέτι","μηκέτι","μηκέτι","μηκέτι"
43,05,14,"V","2PAD-S","ἁμάρτανε,","ἁμάρτανε","ἁμάρτανε","ἁμαρτάνω"
43,05,14,"C",NULL,"ἵνα","ἵνα","ἵνα","ἵνα"
43,05,14,"D",NULL,"μὴ","μὴ","μή","μή"
43,05,14,"A","NSNC","χεῖρόν","χεῖρόν","χεῖρον","χείρων"
43,05,14,"RP","DS","⸂σοί","σοί","σοι","σύ"
43,05,14,"RI","NSN","τι⸃","τι","τὶ","τις"
43,05,14,"V","3AMS-S","γένηται.","γένηται","γένηται","γίνομαι"
43,05,15,"V","3AAI-S","ἀπῆλθεν","ἀπῆλθεν","ἀπῆλθε(ν)","ἀπέρχομαι"
43,05,15,"RA","NSM","ὁ","ὁ","ὁ","ὁ"
43,05,15,"N","NSM","ἄνθρωπος","ἄνθρωπος","ἄνθρωπος","ἄνθρωπος"
43,05,15,"C",NULL,"καὶ","καὶ","καί","καί"
43,05,15,"V","3AAI-S","⸀ἀνήγγειλεν","ἀνήγγειλεν","ἀνήγγειλε(ν)","ἀναγγέλλω"
43,05,15,"RA","DPM","τοῖς","τοῖς","τοῖς","ὁ"
43,05,15,"A","DPM","Ἰουδαίοις","Ἰουδαίοις","Ἰουδαίοις","Ἰουδαῖος"
43,05,15,"C",NULL,"ὅτι","ὅτι","ὅτι","ὅτι"
43,05,15,"N","NSM","Ἰησοῦς","Ἰησοῦς","Ἰησοῦς","Ἰησοῦς"
43,05,15,"V","3PAI-S","ἐστιν","ἐστιν","ἐστί(ν)","εἰμί"
43,05,15,"RA","NSM","ὁ","ὁ","ὁ","ὁ"
43,05,15,"V","AAPNSM","ποιήσας","ποιήσας","ποιήσας","ποιέω"
43,05,15,"RP","ASM","αὐτὸν","αὐτὸν","αὐτόν","αὐτός"
43,05,15,"A","ASM","ὑγιῆ.","ὑγιῆ","ὑγιῆ","ὑγιής"
43,05,16,"C",NULL,"καὶ","καὶ","καί","καί"
43,05,16,"P",NULL,"διὰ","διὰ","διά","διά"
43,05,16,"RD","ASN","τοῦτο","τοῦτο","τοῦτο","οὗτος"
43,05,16,"V","3IAI-P","ἐδίωκον","ἐδίωκον","ἐδίωκον","διώκω"
43,05,16,"RA","NPM","⸂οἱ","οἱ","οἱ","ὁ"
43,05,16,"A","NPM","Ἰουδαῖοι","Ἰουδαῖοι","Ἰουδαῖοι","Ἰουδαῖος"
43,05,16,"RA","ASM","τὸν","τὸν","τόν","ὁ"
43,05,16,"N","ASM","Ἰησοῦν⸃","Ἰησοῦν","Ἰησοῦν","Ἰησοῦς"
43,05,16,"C",NULL,"ὅτι","ὅτι","ὅτι","ὅτι"
43,05,16,"RD","APN","ταῦτα","ταῦτα","ταῦτα","οὗτος"
43,05,16,"V","3IAI-S","ἐποίει","ἐποίει","ἐποίει","ποιέω"
43,05,16,"P",NULL,"ἐν","ἐν","ἐν","ἐν"
43,05,16,"N","DSN","σαββάτῳ.","σαββάτῳ","σαββάτῳ","σάββατον"
43,05,17,"RA","NSM","ὁ","ὁ","ὁ","ὁ"
43,05,17,"C",NULL,"⸀δὲ","δὲ","δέ","δέ"
43,05,17,"V","3AMI-S","ἀπεκρίνατο","ἀπεκρίνατο","ἀπεκρίνατο","ἀποκρίνομαι"
43,05,17,"RP","DPM","αὐτοῖς·","αὐτοῖς","αὐτοῖς","αὐτός"
43,05,17,"RA","NSM","Ὁ","Ὁ","ὁ","ὁ"
43,05,17,"N","NSM","πατήρ","πατήρ","πατήρ","πατήρ"
43,05,17,"RP","GS","μου","μου","μου","ἐγώ"
43,05,17,"P",NULL,"ἕως","ἕως","ἕως","ἕως"
43,05,17,"D",NULL,"ἄρτι","ἄρτι","ἄρτι","ἄρτι"
43,05,17,"V","3PMI-S","ἐργάζεται","ἐργάζεται","ἐργάζεται","ἐργάζομαι"
43,05,17,"RP","NS","κἀγὼ","κἀγὼ","κἀγώ","κἀγώ"
43,05,17,"V","1PMI-S","ἐργάζομαι.","ἐργάζομαι","ἐργάζομαι","ἐργάζομαι"
43,05,18,"P",NULL,"διὰ","διὰ","διά","διά"
43,05,18,"RD","ASN","τοῦτο","τοῦτο","τοῦτο","οὗτος"
43,05,18,"C",NULL,"οὖν","οὖν","οὖν","οὖν"
43,05,18,"D",NULL,"μᾶλλον","μᾶλλον","μᾶλλον","μᾶλλον"
43,05,18,"V","3IAI-P","ἐζήτουν","ἐζήτουν","ἐζήτουν","ζητέω"
43,05,18,"RP","ASM","αὐτὸν","αὐτὸν","αὐτόν","αὐτός"
43,05,18,"RA","NPM","οἱ","οἱ","οἱ","ὁ"
43,05,18,"A","NPM","Ἰουδαῖοι","Ἰουδαῖοι","Ἰουδαῖοι","Ἰουδαῖος"
43,05,18,"V","AAN","ἀποκτεῖναι","ἀποκτεῖναι","ἀποκτεῖναι","ἀποκτείνω"
43,05,18,"C",NULL,"ὅτι","ὅτι","ὅτι","ὅτι"
43,05,18,"D",NULL,"οὐ","οὐ","οὐ","οὐ"
43,05,18,"A","ASN","μόνον","μόνον","μόνον","μόνος"
43,05,18,"V","3IAI-S","ἔλυε","ἔλυε","ἔλυε(ν)","λύω"
43,05,18,"RA","ASN","τὸ","τὸ","τό","ὁ"
43,05,18,"N","ASN","σάββατον,","σάββατον","σάββατον","σάββατον"
43,05,18,"C",NULL,"ἀλλὰ","ἀλλὰ","ἀλλά","ἀλλά"
43,05,18,"D",NULL,"καὶ","καὶ","καί","καί"
43,05,18,"N","ASM","πατέρα","πατέρα","πατέρα","πατήρ"
43,05,18,"A","ASM","ἴδιον","ἴδιον","ἴδιον","ἴδιος"
43,05,18,"V","3IAI-S","ἔλεγε","ἔλεγε","ἔλεγε(ν)","λέγω"
43,05,18,"RA","ASM","τὸν","τὸν","τόν","ὁ"
43,05,18,"N","ASM","θεόν,","θεόν","θεόν","θεός"
43,05,18,"A","ASM","ἴσον","ἴσον","ἴσον","ἴσος"
43,05,18,"RP","ASM","ἑαυτὸν","ἑαυτὸν","ἑαυτόν","ἑαυτοῦ"
43,05,18,"V","PAPNSM","ποιῶν","ποιῶν","ποιῶν","ποιέω"
43,05,18,"RA","DSM","τῷ","τῷ","τῷ","ὁ"
43,05,18,"N","DSM","θεῷ.","θεῷ","θεῷ","θεός"
43,05,19,"V","3AMI-S","Ἀπεκρίνατο","Ἀπεκρίνατο","ἀπεκρίνατο","ἀποκρίνομαι"
43,05,19,"C",NULL,"οὖν","οὖν","οὖν","οὖν"
43,05,19,"RA","NSM","ὁ","ὁ","ὁ","ὁ"
43,05,19,"N","NSM","Ἰησοῦς","Ἰησοῦς","Ἰησοῦς","Ἰησοῦς"
43,05,19,"C",NULL,"καὶ","καὶ","καί","καί"
43,05,19,"V","3IAI-S","⸀ἔλεγεν","ἔλεγεν","ἔλεγε(ν)","λέγω"
43,05,19,"RP","DPM","αὐτοῖς·","αὐτοῖς","αὐτοῖς","αὐτός"
43,05,19,"X",NULL,"Ἀμὴν","Ἀμὴν","ἀμήν","ἀμήν"
43,05,19,"X",NULL,"ἀμὴν","ἀμὴν","ἀμήν","ἀμήν"
43,05,19,"V","1PAI-S","λέγω","λέγω","λέγω","λέγω"
43,05,19,"RP","DP","ὑμῖν,","ὑμῖν","ὑμῖν","σύ"
43,05,19,"D",NULL,"οὐ","οὐ","οὐ","οὐ"
43,05,19,"V","3PMI-S","δύναται","δύναται","δύναται","δύναμαι"
43,05,19,"RA","NSM","ὁ","ὁ","ὁ","ὁ"
43,05,19,"N","NSM","υἱὸς","υἱὸς","υἱός","υἱός"
43,05,19,"V","PAN","ποιεῖν","ποιεῖν","ποιεῖν","ποιέω"
43,05,19,"P",NULL,"ἀφ’","ἀφ’","ἀπό","ἀπό"
43,05,19,"RP","GSM","ἑαυτοῦ","ἑαυτοῦ","ἑαυτοῦ","ἑαυτοῦ"
43,05,19,"A","ASN","οὐδὲν","οὐδὲν","οὐδέν","οὐδείς"
43,05,19,"C",NULL,"⸀ἐὰν","ἐὰν","ἐάν","ἐάν"
43,05,19,"D",NULL,"μή","μή","μή","μή"
43,05,19,"RI","ASN","τι","τι","τὶ","τις"
43,05,19,"V","3PAS-S","βλέπῃ","βλέπῃ","βλέπῃ","βλέπω"
43,05,19,"RA","ASM","τὸν","τὸν","τόν","ὁ"
43,05,19,"N","ASM","πατέρα","πατέρα","πατέρα","πατήρ"
43,05,19,"V","PAPASM","ποιοῦντα·","ποιοῦντα","ποιοῦντα","ποιέω"
43,05,19,"RR","APN","ἃ","ἃ","ἅ","ὅς"
43,05,19,"C",NULL,"γὰρ","γὰρ","γάρ","γάρ"
43,05,19,"X",NULL,"ἂν","ἂν","ἄν","ἄν"
43,05,19,"RD","NSM","ἐκεῖνος","ἐκεῖνος","ἐκεῖνος","ἐκεῖνος"
43,05,19,"V","3PAS-S","ποιῇ,","ποιῇ","ποιῇ","ποιέω"
43,05,19,"RD","APN","ταῦτα","ταῦτα","ταῦτα","οὗτος"
43,05,19,"D",NULL,"καὶ","καὶ","καί","καί"
43,05,19,"RA","NSM","ὁ","ὁ","ὁ","ὁ"
43,05,19,"N","NSM","υἱὸς","υἱὸς","υἱός","υἱός"
43,05,19,"D",NULL,"ὁμοίως","ὁμοίως","ὁμοίως","ὁμοίως"
43,05,19,"V","3PAI-S","ποιεῖ.","ποιεῖ","ποιεῖ","ποιέω"
43,05,20,"RA","NSM","ὁ","ὁ","ὁ","ὁ"
43,05,20,"C",NULL,"γὰρ","γὰρ","γάρ","γάρ"
43,05,20,"N","NSM","πατὴρ","πατὴρ","πατήρ","πατήρ"
43,05,20,"V","3PAI-S","φιλεῖ","φιλεῖ","φιλεῖ","φιλέω"
43,05,20,"RA","ASM","τὸν","τὸν","τόν","ὁ"
43,05,20,"N","ASM","υἱὸν","υἱὸν","υἱόν","υἱός"
43,05,20,"C",NULL,"καὶ","καὶ","καί","καί"
43,05,20,"A","APN","πάντα","πάντα","πάντα","πᾶς"
43,05,20,"V","3PAI-S","δείκνυσιν","δείκνυσιν","δείκνυσι(ν)","δείκνυμι"
43,05,20,"RP","DSM","αὐτῷ","αὐτῷ","αὐτῷ","αὐτός"
43,05,20,"RR","APN","ἃ","ἃ","ἅ","ὅς"
43,05,20,"RP","NSM","αὐτὸς","αὐτὸς","αὐτός","αὐτός"
43,05,20,"V","3PAI-S","ποιεῖ,","ποιεῖ","ποιεῖ","ποιέω"
43,05,20,"C",NULL,"καὶ","καὶ","καί","καί"
43,05,20,"A","APNC","μείζονα","μείζονα","μείζονα","μέγας"
43,05,20,"RD","GPN","τούτων","τούτων","τούτων","οὗτος"
43,05,20,"V","3FAI-S","δείξει","δείξει","δείξει","δείκνυμι"
43,05,20,"RP","DSM","αὐτῷ","αὐτῷ","αὐτῷ","αὐτός"
43,05,20,"N","APN","ἔργα,","ἔργα","ἔργα","ἔργον"
43,05,20,"C",NULL,"ἵνα","ἵνα","ἵνα","ἵνα"
43,05,20,"RP","NP","ὑμεῖς","ὑμεῖς","ὑμεῖς","σύ"
43,05,20,"V","2PAS-P","θαυμάζητε.","θαυμάζητε","θαυμάζητε","θαυμάζω"
43,05,21,"C",NULL,"ὥσπερ","ὥσπερ","ὥσπερ","ὥσπερ"
43,05,21,"C",NULL,"γὰρ","γὰρ","γάρ","γάρ"
43,05,21,"RA","NSM","ὁ","ὁ","ὁ","ὁ"
43,05,21,"N","NSM","πατὴρ","πατὴρ","πατήρ","πατήρ"
43,05,21,"V","3PAI-S","ἐγείρει","ἐγείρει","ἐγείρει","ἐγείρω"
43,05,21,"RA","APM","τοὺς","τοὺς","τούς","ὁ"
43,05,21,"A","APM","νεκροὺς","νεκροὺς","νεκρούς","νεκρός"
43,05,21,"C",NULL,"καὶ","καὶ","καί","καί"
43,05,21,"V","3PAI-S","ζῳοποιεῖ,","ζῳοποιεῖ","ζῳοποιεῖ","ζῳοποιέω"
43,05,21,"D",NULL,"οὕτως","οὕτως","οὕτω(ς)","οὕτω(ς)"
43,05,21,"D",NULL,"καὶ","καὶ","καί","καί"
43,05,21,"RA","NSM","ὁ","ὁ","ὁ","ὁ"
43,05,21,"N","NSM","υἱὸς","υἱὸς","υἱός","υἱός"
43,05,21,"RR","APM","οὓς","οὓς","οὕς","ὅς"
43,05,21,"V","3PAI-S","θέλει","θέλει","θέλει","θέλω"
43,05,21,"V","3PAI-S","ζῳοποιεῖ.","ζῳοποιεῖ","ζῳοποιεῖ","ζῳοποιέω"
43,05,22,"D",NULL,"οὐδὲ","οὐδὲ","οὐδέ","οὐδέ"
43,05,22,"C",NULL,"γὰρ","γὰρ","γάρ","γάρ"
43,05,22,"RA","NSM","ὁ","ὁ","ὁ","ὁ"
43,05,22,"N","NSM","πατὴρ","πατὴρ","πατήρ","πατήρ"
43,05,22,"V","3PAI-S","κρίνει","κρίνει","κρίνει","κρίνω"
43,05,22,"A","ASM","οὐδένα,","οὐδένα","οὐδένα","οὐδείς"
43,05,22,"C",NULL,"ἀλλὰ","ἀλλὰ","ἀλλά","ἀλλά"
43,05,22,"RA","ASF","τὴν","τὴν","τήν","ὁ"
43,05,22,"N","ASF","κρίσιν","κρίσιν","κρίσιν","κρίσις"
43,05,22,"A","ASF","πᾶσαν","πᾶσαν","πᾶσαν","πᾶς"
43,05,22,"V","3XAI-S","δέδωκεν","δέδωκεν","δέδωκε(ν)","δίδωμι"
43,05,22,"RA","DSM","τῷ","τῷ","τῷ","ὁ"
43,05,22,"N","DSM","υἱῷ,","υἱῷ","υἱῷ","υἱός"
43,05,23,"C",NULL,"ἵνα","ἵνα","ἵνα","ἵνα"
43,05,23,"A","NPM","πάντες","πάντες","πάντες","πᾶς"
43,05,23,"V","3PAS-P","τιμῶσι","τιμῶσι","τιμῶσι(ν)","τιμάω"
43,05,23,"RA","ASM","τὸν","τὸν","τόν","ὁ"
43,05,23,"N","ASM","υἱὸν","υἱὸν","υἱόν","υἱός"
43,05,23,"C",NULL,"καθὼς","καθὼς","καθώς","καθώς"
43,05,23,"V","3PAI-P","τιμῶσι","τιμῶσι","τιμῶσι(ν)","τιμάω"
43,05,23,"RA","ASM","τὸν","τὸν","τόν","ὁ"
43,05,23,"N","ASM","πατέρα.","πατέρα","πατέρα","πατήρ"
43,05,23,"RA","NSM","ὁ","ὁ","ὁ","ὁ"
43,05,23,"D",NULL,"μὴ","μὴ","μή","μή"
43,05,23,"V","PAPNSM","τιμῶν","τιμῶν","τιμῶν","τιμάω"
43,05,23,"RA","ASM","τὸν","τὸν","τόν","ὁ"
43,05,23,"N","ASM","υἱὸν","υἱὸν","υἱόν","υἱός"
43,05,23,"D",NULL,"οὐ","οὐ","οὐ","οὐ"
43,05,23,"V","3PAI-S","τιμᾷ","τιμᾷ","τιμᾷ","τιμάω"
43,05,23,"RA","ASM","τὸν","τὸν","τόν","ὁ"
43,05,23,"N","ASM","πατέρα","πατέρα","πατέρα","πατήρ"
43,05,23,"RA","ASM","τὸν","τὸν","τόν","ὁ"
43,05,23,"V","AAPASM","πέμψαντα","πέμψαντα","πέμψαντα","πέμπω"
43,05,23,"RP","ASM","αὐτόν.","αὐτόν","αὐτόν","αὐτός"
43,05,24,"X",NULL,"Ἀμὴν","Ἀμὴν","ἀμήν","ἀμήν"
43,05,24,"X",NULL,"ἀμὴν","ἀμὴν","ἀμήν","ἀμήν"
43,05,24,"V","1PAI-S","λέγω","λέγω","λέγω","λέγω"
43,05,24,"RP","DP","ὑμῖν","ὑμῖν","ὑμῖν","σύ"
43,05,24,"C",NULL,"ὅτι","ὅτι","ὅτι","ὅτι"
43,05,24,"RA","NSM","ὁ","ὁ","ὁ","ὁ"
43,05,24,"RA","ASM","τὸν","τὸν","τόν","ὁ"
43,05,24,"N","ASM","λόγον","λόγον","λόγον","λόγος"
43,05,24,"RP","GS","μου","μου","μου","ἐγώ"
43,05,24,"V","PAPNSM","ἀκούων","ἀκούων","ἀκούων","ἀκούω"
43,05,24,"C",NULL,"καὶ","καὶ","καί","καί"
43,05,24,"V","PAPNSM","πιστεύων","πιστεύων","πιστεύων","πιστεύω"
43,05,24,"RA","DSM","τῷ","τῷ","τῷ","ὁ"
43,05,24,"V","AAPDSM","πέμψαντί","πέμψαντί","πέμψαντι","πέμπω"
43,05,24,"RP","AS","με","με","με","ἐγώ"
43,05,24,"V","3PAI-S","ἔχει","ἔχει","ἔχει","ἔχω"
43,05,24,"N","ASF","ζωὴν","ζωὴν","ζωήν","ζωή"
43,05,24,"A","ASF","αἰώνιον,","αἰώνιον","αἰώνιον","αἰώνιος"
43,05,24,"C",NULL,"καὶ","καὶ","καί","καί"
43,05,24,"P",NULL,"εἰς","εἰς","εἰς","εἰς"
43,05,24,"N","ASF","κρίσιν","κρίσιν","κρίσιν","κρίσις"
43,05,24,"D",NULL,"οὐκ","οὐκ","οὐ","οὐ"
43,05,24,"V","3PMI-S","ἔρχεται","ἔρχεται","ἔρχεται","ἔρχομαι"
43,05,24,"C",NULL,"ἀλλὰ","ἀλλὰ","ἀλλά","ἀλλά"
43,05,24,"V","3XAI-S","μεταβέβηκεν","μεταβέβηκεν","μεταβέβηκε(ν)","μεταβαίνω"
43,05,24,"P",NULL,"ἐκ","ἐκ","ἐκ","ἐκ"
43,05,24,"RA","GSM","τοῦ","τοῦ","τοῦ","ὁ"
43,05,24,"N","GSM","θανάτου","θανάτου","θανάτου","θάνατος"
43,05,24,"P",NULL,"εἰς","εἰς","εἰς","εἰς"
43,05,24,"RA","ASF","τὴν","τὴν","τήν","ὁ"
43,05,24,"N","ASF","ζωήν.","ζωήν","ζωήν","ζωή"
43,05,25,"X",NULL,"Ἀμὴν","Ἀμὴν","ἀμήν","ἀμήν"
43,05,25,"X",NULL,"ἀμὴν","ἀμὴν","ἀμήν","ἀμήν"
43,05,25,"V","1PAI-S","λέγω","λέγω","λέγω","λέγω"
43,05,25,"RP","DP","ὑμῖν","ὑμῖν","ὑμῖν","σύ"
43,05,25,"C",NULL,"ὅτι","ὅτι","ὅτι","ὅτι"
43,05,25,"V","3PMI-S","ἔρχεται","ἔρχεται","ἔρχεται","ἔρχομαι"
43,05,25,"N","NSF","ὥρα","ὥρα","ὥρα","ὥρα"
43,05,25,"C",NULL,"καὶ","καὶ","καί","καί"
43,05,25,"D",NULL,"νῦν","νῦν","νῦν","νῦν"
43,05,25,"V","3PAI-S","ἐστιν","ἐστιν","ἐστί(ν)","εἰμί"
43,05,25,"D",NULL,"ὅτε","ὅτε","ὅτε","ὅτε"
43,05,25,"RA","NPM","οἱ","οἱ","οἱ","ὁ"
43,05,25,"A","NPM","νεκροὶ","νεκροὶ","νεκροί","νεκρός"
43,05,25,"V","3FAI-P","⸀ἀκούσουσιν","ἀκούσουσιν","ἀκούσουσι(ν)","ἀκούω"
43,05,25,"RA","GSF","τῆς","τῆς","τῆς","ὁ"
43,05,25,"N","GSF","φωνῆς","φωνῆς","φωνῆς","φωνή"
43,05,25,"RA","GSM","τοῦ","τοῦ","τοῦ","ὁ"
43,05,25,"N","GSM","υἱοῦ","υἱοῦ","υἱοῦ","υἱός"
43,05,25,"RA","GSM","τοῦ","τοῦ","τοῦ","ὁ"
43,05,25,"N","GSM","θεοῦ","θεοῦ","θεοῦ","θεός"
43,05,25,"C",NULL,"καὶ","καὶ","καί","καί"
43,05,25,"RA","NPM","οἱ","οἱ","οἱ","ὁ"
43,05,25,"V","AAPNPM","ἀκούσαντες","ἀκούσαντες","ἀκούσαντες","ἀκούω"
43,05,25,"V","3FAI-P","⸀ζήσουσιν.","ζήσουσιν","ζήσουσι(ν)","ζάω"
43,05,26,"C",NULL,"ὥσπερ","ὥσπερ","ὥσπερ","ὥσπερ"
43,05,26,"C",NULL,"γὰρ","γὰρ","γάρ","γάρ"
43,05,26,"RA","NSM","ὁ","ὁ","ὁ","ὁ"
43,05,26,"N","NSM","πατὴρ","πατὴρ","πατήρ","πατήρ"
43,05,26,"V","3PAI-S","ἔχει","ἔχει","ἔχει","ἔχω"
43,05,26,"N","ASF","ζωὴν","ζωὴν","ζωήν","ζωή"
43,05,26,"P",NULL,"ἐν","ἐν","ἐν","ἐν"
43,05,26,"RP","DSM","ἑαυτῷ,","ἑαυτῷ","ἑαυτῷ","ἑαυτοῦ"
43,05,26,"D",NULL,"οὕτως","οὕτως","οὕτω(ς)","οὕτω(ς)"
43,05,26,"D",NULL,"⸂καὶ","καὶ","καί","καί"
43,05,26,"RA","DSM","τῷ","τῷ","τῷ","ὁ"
43,05,26,"N","DSM","υἱῷ","υἱῷ","υἱῷ","υἱός"
43,05,26,"V","3AAI-S","ἔδωκεν⸃","ἔδωκεν","ἔδωκε(ν)","δίδωμι"
43,05,26,"N","ASF","ζωὴν","ζωὴν","ζωήν","ζωή"
43,05,26,"V","PAN","ἔχειν","ἔχειν","ἔχειν","ἔχω"
43,05,26,"P",NULL,"ἐν","ἐν","ἐν","ἐν"
43,05,26,"RP","DSM","ἑαυτῷ·","ἑαυτῷ","ἑαυτῷ","ἑαυτοῦ"
43,05,27,"C",NULL,"καὶ","καὶ","καί","καί"
43,05,27,"N","ASF","ἐξουσίαν","ἐξουσίαν","ἐξουσίαν","ἐξουσία"
43,05,27,"V","3AAI-S","ἔδωκεν","ἔδωκεν","ἔδωκε(ν)","δίδωμι"
43,05,27,"RP","DSM","⸀αὐτῷ","αὐτῷ","αὐτῷ","αὐτός"
43,05,27,"N","ASF","κρίσιν","κρίσιν","κρίσιν","κρίσις"
43,05,27,"V","PAN","ποιεῖν,","ποιεῖν","ποιεῖν","ποιέω"
43,05,27,"C",NULL,"ὅτι","ὅτι","ὅτι","ὅτι"
43,05,27,"N","NSM","υἱὸς","υἱὸς","υἱός","υἱός"
43,05,27,"N","GSM","ἀνθρώπου","ἀνθρώπου","ἀνθρώπου","ἄνθρωπος"
43,05,27,"V","3PAI-S","ἐστίν.","ἐστίν","ἐστί(ν)","εἰμί"
43,05,28,"D",NULL,"μὴ","μὴ","μή","μή"
43,05,28,"V","2PAD-P","θαυμάζετε","θαυμάζετε","θαυμάζετε","θαυμάζω"
43,05,28,"RD","ASN","τοῦτο,","τοῦτο","τοῦτο","οὗτος"
43,05,28,"C",NULL,"ὅτι","ὅτι","ὅτι","ὅτι"
43,05,28,"V","3PMI-S","ἔρχεται","ἔρχεται","ἔρχεται","ἔρχομαι"
43,05,28,"N","NSF","ὥρα","ὥρα","ὥρα","ὥρα"
43,05,28,"P",NULL,"ἐν","ἐν","ἐν","ἐν"
43,05,28,"RR","DSF","ᾗ","ᾗ","ᾗ","ὅς"
43,05,28,"A","NPM","πάντες","πάντες","πάντες","πᾶς"
43,05,28,"RA","NPM","οἱ","οἱ","οἱ","ὁ"
43,05,28,"P",NULL,"ἐν","ἐν","ἐν","ἐν"
43,05,28,"RA","DPN","τοῖς","τοῖς","τοῖς","ὁ"
43,05,28,"N","DPN","μνημείοις","μνημείοις","μνημείοις","μνημεῖον"
43,05,28,"V","3FAI-P","⸀ἀκούσουσιν","ἀκούσουσιν","ἀκούσουσι(ν)","ἀκούω"
43,05,28,"RA","GSF","τῆς","τῆς","τῆς","ὁ"
43,05,28,"N","GSF","φωνῆς","φωνῆς","φωνῆς","φωνή"
43,05,28,"RP","GSM","αὐτοῦ","αὐτοῦ","αὐτοῦ","αὐτός"
43,05,29,"C",NULL,"καὶ","καὶ","καί","καί"
43,05,29,"V","3FMI-P","ἐκπορεύσονται","ἐκπορεύσονται","ἐκπορεύσονται","ἐκπορεύομαι"
43,05,29,"RA","NPM","οἱ","οἱ","οἱ","ὁ"
43,05,29,"RA","APN","τὰ","τὰ","τά","ὁ"
43,05,29,"A","APN","ἀγαθὰ","ἀγαθὰ","ἀγαθά","ἀγαθός"
43,05,29,"V","AAPNPM","ποιήσαντες","ποιήσαντες","ποιήσαντες","ποιέω"
43,05,29,"P",NULL,"εἰς","εἰς","εἰς","εἰς"
43,05,29,"N","ASF","ἀνάστασιν","ἀνάστασιν","ἀνάστασιν","ἀνάστασις"
43,05,29,"N","GSF","ζωῆς,","ζωῆς","ζωῆς","ζωή"
43,05,29,"RA","NPM","οἱ","οἱ","οἱ","ὁ"
43,05,29,"C",NULL,"⸀δὲ","δὲ","δέ","δέ"
43,05,29,"RA","APN","τὰ","τὰ","τά","ὁ"
43,05,29,"A","APN","φαῦλα","φαῦλα","φαῦλα","φαῦλος"
43,05,29,"V","AAPNPM","πράξαντες","πράξαντες","πράξαντες","πράσσω"
43,05,29,"P",NULL,"εἰς","εἰς","εἰς","εἰς"
43,05,29,"N","ASF","ἀνάστασιν","ἀνάστασιν","ἀνάστασιν","ἀνάστασις"
43,05,29,"N","GSF","κρίσεως.","κρίσεως","κρίσεως","κρίσις"
43,05,30,"D",NULL,"Οὐ","Οὐ","οὐ","οὐ"
43,05,30,"V","1PMI-S","δύναμαι","δύναμαι","δύναμαι","δύναμαι"
43,05,30,"RP","NS","ἐγὼ","ἐγὼ","ἐγώ","ἐγώ"
43,05,30,"V","PAN","ποιεῖν","ποιεῖν","ποιεῖν","ποιέω"
43,05,30,"P",NULL,"ἀπ’","ἀπ’","ἀπό","ἀπό"
43,05,30,"RP","GSM","ἐμαυτοῦ","ἐμαυτοῦ","ἐμαυτοῦ","ἐμαυτοῦ"
43,05,30,"A","ASN","οὐδέν·","οὐδέν","οὐδέν","οὐδείς"
43,05,30,"C",NULL,"καθὼς","καθὼς","καθώς","καθώς"
43,05,30,"V","1PAI-S","ἀκούω","ἀκούω","ἀκούω","ἀκούω"
43,05,30,"V","1PAI-S","κρίνω,","κρίνω","κρίνω","κρίνω"
43,05,30,"C",NULL,"καὶ","καὶ","καί","καί"
43,05,30,"RA","NSF","ἡ","ἡ","ἡ","ὁ"
43,05,30,"N","NSF","κρίσις","κρίσις","κρίσις","κρίσις"
43,05,30,"RA","NSF","ἡ","ἡ","ἡ","ὁ"
43,05,30,"A","NSF","ἐμὴ","ἐμὴ","ἐμή","ἐμός"
43,05,30,"A","NSF","δικαία","δικαία","δικαία","δίκαιος"
43,05,30,"V","3PAI-S","ἐστίν,","ἐστίν","ἐστί(ν)","εἰμί"
43,05,30,"C",NULL,"ὅτι","ὅτι","ὅτι","ὅτι"
43,05,30,"D",NULL,"οὐ","οὐ","οὐ","οὐ"
43,05,30,"V","1PAI-S","ζητῶ","ζητῶ","ζητῶ","ζητέω"
43,05,30,"RA","ASN","τὸ","τὸ","τό","ὁ"
43,05,30,"N","ASN","θέλημα","θέλημα","θέλημα","θέλημα"
43,05,30,"RA","ASN","τὸ","τὸ","τό","ὁ"
43,05,30,"A","ASN","ἐμὸν","ἐμὸν","ἐμόν","ἐμός"
43,05,30,"C",NULL,"ἀλλὰ","ἀλλὰ","ἀλλά","ἀλλά"
43,05,30,"RA","ASN","τὸ","τὸ","τό","ὁ"
43,05,30,"N","ASN","θέλημα","θέλημα","θέλημα","θέλημα"
43,05,30,"RA","GSM","τοῦ","τοῦ","τοῦ","ὁ"
43,05,30,"V","AAPGSM","πέμψαντός","πέμψαντός","πέμψαντος","πέμπω"
43,05,30,"RP","AS","⸀με.","με","με","ἐγώ"
43,05,31,"C",NULL,"Ἐὰν","Ἐὰν","ἐάν","ἐάν"
43,05,31,"RP","NS","ἐγὼ","ἐγὼ","ἐγώ","ἐγώ"
43,05,31,"V","1PAS-S","μαρτυρῶ","μαρτυρῶ","μαρτυρῶ","μαρτυρέω"
43,05,31,"P",NULL,"περὶ","περὶ","περί","περί"
43,05,31,"RP","GSM","ἐμαυτοῦ,","ἐμαυτοῦ","ἐμαυτοῦ","ἐμαυτοῦ"
43,05,31,"RA","NSF","ἡ","ἡ","ἡ","ὁ"
43,05,31,"N","NSF","μαρτυρία","μαρτυρία","μαρτυρία","μαρτυρία"
43,05,31,"RP","GS","μου","μου","μου","ἐγώ"
43,05,31,"D",NULL,"οὐκ","οὐκ","οὐ","οὐ"
43,05,31,"V","3PAI-S","ἔστιν","ἔστιν","ἐστί(ν)","εἰμί"
43,05,31,"A","NSF","ἀληθής·","ἀληθής","ἀληθής","ἀληθής"
43,05,32,"A","NSM","ἄλλος","ἄλλος","ἄλλος","ἄλλος"
43,05,32,"V","3PAI-S","ἐστὶν","ἐστὶν","ἐστί(ν)","εἰμί"
43,05,32,"RA","NSM","ὁ","ὁ","ὁ","ὁ"
43,05,32,"V","PAPNSM","μαρτυρῶν","μαρτυρῶν","μαρτυρῶν","μαρτυρέω"
43,05,32,"P",NULL,"περὶ","περὶ","περί","περί"
43,05,32,"RP","GS","ἐμοῦ,","ἐμοῦ","ἐμοῦ","ἐγώ"
43,05,32,"C",NULL,"καὶ","καὶ","καί","καί"
43,05,32,"V","1XAI-S","οἶδα","οἶδα","οἶδα","οἶδα"
43,05,32,"C",NULL,"ὅτι","ὅτι","ὅτι","ὅτι"
43,05,32,"A","NSF","ἀληθής","ἀληθής","ἀληθής","ἀληθής"
43,05,32,"V","3PAI-S","ἐστιν","ἐστιν","ἐστί(ν)","εἰμί"
43,05,32,"RA","NSF","ἡ","ἡ","ἡ","ὁ"
43,05,32,"N","NSF","μαρτυρία","μαρτυρία","μαρτυρία","μαρτυρία"
43,05,32,"RR","ASF","ἣν","ἣν","ἥν","ὅς"
43,05,32,"V","3PAI-S","μαρτυρεῖ","μαρτυρεῖ","μαρτυρεῖ","μαρτυρέω"
43,05,32,"P",NULL,"περὶ","περὶ","περί","περί"
43,05,32,"RP","GS","ἐμοῦ.","ἐμοῦ","ἐμοῦ","ἐγώ"
43,05,33,"RP","NP","ὑμεῖς","ὑμεῖς","ὑμεῖς","σύ"
43,05,33,"V","2XAI-P","ἀπεστάλκατε","ἀπεστάλκατε","ἀπεστάλκατε","ἀποστέλλω"
43,05,33,"P",NULL,"πρὸς","πρὸς","πρός","πρός"
43,05,33,"N","ASM","Ἰωάννην,","Ἰωάννην","Ἰωάννην","Ἰωάννης"
43,05,33,"C",NULL,"καὶ","καὶ","καί","καί"
43,05,33,"V","3XAI-S","μεμαρτύρηκε","μεμαρτύρηκε","μεμαρτύρηκε(ν)","μαρτυρέω"
43,05,33,"RA","DSF","τῇ","τῇ","τῇ","ὁ"
43,05,33,"N","DSF","ἀληθείᾳ·","ἀληθείᾳ","ἀληθείᾳ","ἀλήθεια"
43,05,34,"RP","NS","ἐγὼ","ἐγὼ","ἐγώ","ἐγώ"
43,05,34,"C",NULL,"δὲ","δὲ","δέ","δέ"
43,05,34,"D",NULL,"οὐ","οὐ","οὐ","οὐ"
43,05,34,"P",NULL,"παρὰ","παρὰ","παρά","παρά"
43,05,34,"N","GSM","ἀνθρώπου","ἀνθρώπου","ἀνθρώπου","ἄνθρωπος"
43,05,34,"RA","ASF","τὴν","τὴν","τήν","ὁ"
43,05,34,"N","ASF","μαρτυρίαν","μαρτυρίαν","μαρτυρίαν","μαρτυρία"
43,05,34,"V","1PAI-S","λαμβάνω,","λαμβάνω","λαμβάνω","λαμβάνω"
43,05,34,"C",NULL,"ἀλλὰ","ἀλλὰ","ἀλλά","ἀλλά"
43,05,34,"RD","APN","ταῦτα","ταῦτα","ταῦτα","οὗτος"
43,05,34,"V","1PAI-S","λέγω","λέγω","λέγω","λέγω"
43,05,34,"C",NULL,"ἵνα","ἵνα","ἵνα","ἵνα"
43,05,34,"RP","NP","ὑμεῖς","ὑμεῖς","ὑμεῖς","σύ"
43,05,34,"V","2APS-P","σωθῆτε.","σωθῆτε","σωθῆτε","σῴζω"
43,05,35,"RD","NSM","ἐκεῖνος","ἐκεῖνος","ἐκεῖνος","ἐκεῖνος"
43,05,35,"V","3IAI-S","ἦν","ἦν","ἦν","εἰμί"
43,05,35,"RA","NSM","ὁ","ὁ","ὁ","ὁ"
43,05,35,"N","NSM","λύχνος","λύχνος","λύχνος","λύχνος"
43,05,35,"RA","NSM","ὁ","ὁ","ὁ","ὁ"
43,05,35,"V","PPPNSM","καιόμενος","καιόμενος","καιόμενος","καίω"
43,05,35,"C",NULL,"καὶ","καὶ","καί","καί"
43,05,35,"V","PAPNSM","φαίνων,","φαίνων","φαίνων","φαίνω"
43,05,35,"RP","NP","ὑμεῖς","ὑμεῖς","ὑμεῖς","σύ"
43,05,35,"C",NULL,"δὲ","δὲ","δέ","δέ"
43,05,35,"V","2AAI-P","ἠθελήσατε","ἠθελήσατε","ἠθελήσατε","θέλω"
43,05,35,"V","APN","ἀγαλλιαθῆναι","ἀγαλλιαθῆναι","ἀγαλλιαθῆναι","ἀγαλλιάω"
43,05,35,"P",NULL,"πρὸς","πρὸς","πρός","πρός"
43,05,35,"N","ASF","ὥραν","ὥραν","ὥραν","ὥρα"
43,05,35,"P",NULL,"ἐν","ἐν","ἐν","ἐν"
43,05,35,"RA","DSN","τῷ","τῷ","τῷ","ὁ"
43,05,35,"N","DSN","φωτὶ","φωτὶ","φωτί","φῶς"
43,05,35,"RP","GSM","αὐτοῦ·","αὐτοῦ","αὐτοῦ","αὐτός"
43,05,36,"RP","NS","ἐγὼ","ἐγὼ","ἐγώ","ἐγώ"
43,05,36,"C",NULL,"δὲ","δὲ","δέ","δέ"
43,05,36,"V","1PAI-S","ἔχω","ἔχω","ἔχω","ἔχω"
43,05,36,"RA","ASF","τὴν","τὴν","τήν","ὁ"
43,05,36,"N","ASF","μαρτυρίαν","μαρτυρίαν","μαρτυρίαν","μαρτυρία"
43,05,36,"A","APNC","⸀μείζω","μείζω","μείζω","μέγας"
43,05,36,"RA","GSM","τοῦ","τοῦ","τοῦ","ὁ"
43,05,36,"N","GSM","Ἰωάννου,","Ἰωάννου","Ἰωάννου","Ἰωάννης"
43,05,36,"RA","NPN","τὰ","τὰ","τά","ὁ"
43,05,36,"C",NULL,"γὰρ","γὰρ","γάρ","γάρ"
43,05,36,"N","NPN","ἔργα","ἔργα","ἔργα","ἔργον"
43,05,36,"RR","APN","ἃ","ἃ","ἅ","ὅς"
43,05,36,"V","3XAI-S","⸀δέδωκέν","δέδωκέν","δέδωκε(ν)","δίδωμι"
43,05,36,"RP","DS","μοι","μοι","μοι","ἐγώ"
43,05,36,"RA","NSM","ὁ","ὁ","ὁ","ὁ"
43,05,36,"N","NSM","πατὴρ","πατὴρ","πατήρ","πατήρ"
43,05,36,"C",NULL,"ἵνα","ἵνα","ἵνα","ἵνα"
43,05,36,"V","1AAS-S","τελειώσω","τελειώσω","τελειώσω","τελειόω"
43,05,36,"RP","APN","αὐτά,","αὐτά","αὐτά","αὐτός"
43,05,36,"RP","NPN","αὐτὰ","αὐτὰ","αὐτά","αὐτός"
43,05,36,"RA","NPN","τὰ","τὰ","τά","ὁ"
43,05,36,"N","NPN","ἔργα","ἔργα","ἔργα","ἔργον"
43,05,36,"RR","APN","⸀ἃ","ἃ","ἅ","ὅς"
43,05,36,"V","1PAI-S","ποιῶ,","ποιῶ","ποιῶ","ποιέω"
43,05,36,"V","3PAI-S","μαρτυρεῖ","μαρτυρεῖ","μαρτυρεῖ","μαρτυρέω"
43,05,36,"P",NULL,"περὶ","περὶ","περί","περί"
43,05,36,"RP","GS","ἐμοῦ","ἐμοῦ","ἐμοῦ","ἐγώ"
43,05,36,"C",NULL,"ὅτι","ὅτι","ὅτι","ὅτι"
43,05,36,"RA","NSM","ὁ","ὁ","ὁ","ὁ"
43,05,36,"N","NSM","πατήρ","πατήρ","πατήρ","πατήρ"
43,05,36,"RP","AS","με","με","με","ἐγώ"
43,05,36,"V","3XAI-S","ἀπέσταλκεν,","ἀπέσταλκεν","ἀπέσταλκε(ν)","ἀποστέλλω"
43,05,37,"C",NULL,"καὶ","καὶ","καί","καί"
43,05,37,"RA","NSM","ὁ","ὁ","ὁ","ὁ"
43,05,37,"V","AAPNSM","πέμψας","πέμψας","πέμψας","πέμπω"
43,05,37,"RP","AS","με","με","με","ἐγώ"
43,05,37,"N","NSM","πατὴρ","πατὴρ","πατήρ","πατήρ"
43,05,37,"RD","NSM","⸀ἐκεῖνος","ἐκεῖνος","ἐκεῖνος","ἐκεῖνος"
43,05,37,"V","3XAI-S","μεμαρτύρηκεν","μεμαρτύρηκεν","μεμαρτύρηκε(ν)","μαρτυρέω"
43,05,37,"P",NULL,"περὶ","περὶ","περί","περί"
43,05,37,"RP","GS","ἐμοῦ.","ἐμοῦ","ἐμοῦ","ἐγώ"
43,05,37,"C",NULL,"οὔτε","οὔτε","οὔτε","οὔτε"
43,05,37,"N","ASF","φωνὴν","φωνὴν","φωνήν","φωνή"
43,05,37,"RP","GSM","αὐτοῦ","αὐτοῦ","αὐτοῦ","αὐτός"
43,05,37,"D",NULL,"⸂πώποτε","πώποτε","πώποτε","πώποτε"
43,05,37,"V","2XAI-P","ἀκηκόατε⸃","ἀκηκόατε","ἀκηκόατε","ἀκούω"
43,05,37,"C",NULL,"οὔτε","οὔτε","οὔτε","οὔτε"
43,05,37,"N","ASN","εἶδος","εἶδος","εἶδος","εἶδος"
43,05,37,"RP","GSM","αὐτοῦ","αὐτοῦ","αὐτοῦ","αὐτός"
43,05,37,"V","2XAI-P","ἑωράκατε,","ἑωράκατε","ἑωράκατε","ὁράω"
43,05,38,"C",NULL,"καὶ","καὶ","καί","καί"
43,05,38,"RA","ASM","τὸν","τὸν","τόν","ὁ"
43,05,38,"N","ASM","λόγον","λόγον","λόγον","λόγος"
43,05,38,"RP","GSM","αὐτοῦ","αὐτοῦ","αὐτοῦ","αὐτός"
43,05,38,"D",NULL,"οὐκ","οὐκ","οὐ","οὐ"
43,05,38,"V","2PAI-P","ἔχετε","ἔχετε","ἔχετε","ἔχω"
43,05,38,"P",NULL,"⸂ἐν","ἐν","ἐν","ἐν"
43,05,38,"RP","DP","ὑμῖν","ὑμῖν","ὑμῖν","σύ"
43,05,38,"V","PAPASM","μένοντα⸃,","μένοντα","μένοντα","μένω"
43,05,38,"C",NULL,"ὅτι","ὅτι","ὅτι","ὅτι"
43,05,38,"RR","ASM","ὃν","ὃν","ὅν","ὅς"
43,05,38,"V","3AAI-S","ἀπέστειλεν","ἀπέστειλεν","ἀπέστειλε(ν)","ἀποστέλλω"
43,05,38,"RD","NSM","ἐκεῖνος","ἐκεῖνος","ἐκεῖνος","ἐκεῖνος"
43,05,38,"RD","DSM","τούτῳ","τούτῳ","τούτῳ","οὗτος"
43,05,38,"RP","NP","ὑμεῖς","ὑμεῖς","ὑμεῖς","σύ"
43,05,38,"D",NULL,"οὐ","οὐ","οὐ","οὐ"
43,05,38,"V","2PAI-P","πιστεύετε.","πιστεύετε","πιστεύετε","πιστεύω"
43,05,39,"V","2PAI-P","Ἐραυνᾶτε","Ἐραυνᾶτε","ἐραυνᾶτε","ἐραυνάω"
43,05,39,"RA","APF","τὰς","τὰς","τάς","ὁ"
43,05,39,"N","APF","γραφάς,","γραφάς","γραφάς","γραφή"
43,05,39,"C",NULL,"ὅτι","ὅτι","ὅτι","ὅτι"
43,05,39,"RP","NP","ὑμεῖς","ὑμεῖς","ὑμεῖς","σύ"
43,05,39,"V","2PAI-P","δοκεῖτε","δοκεῖτε","δοκεῖτε","δοκέω"
43,05,39,"P",NULL,"ἐν","ἐν","ἐν","ἐν"
43,05,39,"RP","DPF","αὐταῖς","αὐταῖς","αὐταῖς","αὐτός"
43,05,39,"N","ASF","ζωὴν","ζωὴν","ζωήν","ζωή"
43,05,39,"A","ASF","αἰώνιον","αἰώνιον","αἰώνιον","αἰώνιος"
43,05,39,"V","PAN","ἔχειν·","ἔχειν","ἔχειν","ἔχω"
43,05,39,"C",NULL,"καὶ","καὶ","καί","καί"
43,05,39,"RD","NPF","ἐκεῖναί","ἐκεῖναί","ἐκεῖναι","ἐκεῖνος"
43,05,39,"V","3PAI-P","εἰσιν","εἰσιν","εἰσί(ν)","εἰμί"
43,05,39,"RA","NPF","αἱ","αἱ","αἱ","ὁ"
43,05,39,"V","PAPNPF","μαρτυροῦσαι","μαρτυροῦσαι","μαρτυροῦσαι","μαρτυρέω"
43,05,39,"P",NULL,"περὶ","περὶ","περί","περί"
43,05,39,"RP","GS","ἐμοῦ·","ἐμοῦ","ἐμοῦ","ἐγώ"
43,05,40,"C",NULL,"καὶ","καὶ","καί","καί"
43,05,40,"D",NULL,"οὐ","οὐ","οὐ","οὐ"
43,05,40,"V","2PAI-P","θέλετε","θέλετε","θέλετε","θέλω"
43,05,40,"V","AAN","ἐλθεῖν","ἐλθεῖν","ἐλθεῖν","ἔρχομαι"
43,05,40,"P",NULL,"πρός","πρός","πρός","πρός"
43,05,40,"RP","AS","με","με","με","ἐγώ"
43,05,40,"C",NULL,"ἵνα","ἵνα","ἵνα","ἵνα"
43,05,40,"N","ASF","ζωὴν","ζωὴν","ζωήν","ζωή"
43,05,40,"V","2PAS-P","ἔχητε.","ἔχητε","ἔχητε","ἔχω"
43,05,41,"N","ASF","δόξαν","δόξαν","δόξαν","δόξα"
43,05,41,"P",NULL,"παρὰ","παρὰ","παρά","παρά"
43,05,41,"N","GPM","ἀνθρώπων","ἀνθρώπων","ἀνθρώπων","ἄνθρωπος"
43,05,41,"D",NULL,"οὐ","οὐ","οὐ","οὐ"
43,05,41,"V","1PAI-S","λαμβάνω,","λαμβάνω","λαμβάνω","λαμβάνω"
43,05,42,"C",NULL,"ἀλλὰ","ἀλλὰ","ἀλλά","ἀλλά"
43,05,42,"V","1XAI-S","ἔγνωκα","ἔγνωκα","ἔγνωκα","γινώσκω"
43,05,42,"RP","AP","ὑμᾶς","ὑμᾶς","ὑμᾶς","σύ"
43,05,42,"C",NULL,"ὅτι","ὅτι","ὅτι","ὅτι"
43,05,42,"RA","ASF","τὴν","τὴν","τήν","ὁ"
43,05,42,"N","ASF","ἀγάπην","ἀγάπην","ἀγάπην","ἀγάπη"
43,05,42,"RA","GSM","τοῦ","τοῦ","τοῦ","ὁ"
43,05,42,"N","GSM","θεοῦ","θεοῦ","θεοῦ","θεός"
43,05,42,"D",NULL,"οὐκ","οὐκ","οὐ","οὐ"
43,05,42,"V","2PAI-P","ἔχετε","ἔχετε","ἔχετε","ἔχω"
43,05,42,"P",NULL,"ἐν","ἐν","ἐν","ἐν"
43,05,42,"RP","DPM","ἑαυτοῖς.","ἑαυτοῖς","ἑαυτοῖς","ἑαυτοῦ"
43,05,43,"RP","NS","ἐγὼ","ἐγὼ","ἐγώ","ἐγώ"
43,05,43,"V","1XAI-S","ἐλήλυθα","ἐλήλυθα","ἐλήλυθα","ἔρχομαι"
43,05,43,"P",NULL,"ἐν","ἐν","ἐν","ἐν"
43,05,43,"RA","DSN","τῷ","τῷ","τῷ","ὁ"
43,05,43,"N","DSN","ὀνόματι","ὀνόματι","ὀνόματι","ὄνομα"
43,05,43,"RA","GSM","τοῦ","τοῦ","τοῦ","ὁ"
43,05,43,"N","GSM","πατρός","πατρός","πατρός","πατήρ"
43,05,43,"RP","GS","μου","μου","μου","ἐγώ"
43,05,43,"C",NULL,"καὶ","καὶ","καί","καί"
43,05,43,"D",NULL,"οὐ","οὐ","οὐ","οὐ"
43,05,43,"V","2PAI-P","λαμβάνετέ","λαμβάνετέ","λαμβάνετε","λαμβάνω"
43,05,43,"RP","AS","με·","με","με","ἐγώ"
43,05,43,"C",NULL,"ἐὰν","ἐὰν","ἐάν","ἐάν"
43,05,43,"A","NSM","ἄλλος","ἄλλος","ἄλλος","ἄλλος"
43,05,43,"V","3AAS-S","ἔλθῃ","ἔλθῃ","ἔλθῃ","ἔρχομαι"
43,05,43,"P",NULL,"ἐν","ἐν","ἐν","ἐν"
43,05,43,"RA","DSN","τῷ","τῷ","τῷ","ὁ"
43,05,43,"N","DSN","ὀνόματι","ὀνόματι","ὀνόματι","ὄνομα"
43,05,43,"RA","DSN","τῷ","τῷ","τῷ","ὁ"
43,05,43,"A","DSN","ἰδίῳ,","ἰδίῳ","ἰδίῳ","ἴδιος"
43,05,43,"RD","ASM","ἐκεῖνον","ἐκεῖνον","ἐκεῖνον","ἐκεῖνος"
43,05,43,"V","2FMI-P","λήμψεσθε.","λήμψεσθε","λήμψεσθε","λαμβάνω"
43,05,44,"D",NULL,"πῶς","πῶς","πῶς","πῶς"
43,05,44,"V","2PMI-P","δύνασθε","δύνασθε","δύνασθε","δύναμαι"
43,05,44,"RP","NP","ὑμεῖς","ὑμεῖς","ὑμεῖς","σύ"
43,05,44,"V","AAN","πιστεῦσαι,","πιστεῦσαι","πιστεῦσαι","πιστεύω"
43,05,44,"N","ASF","δόξαν","δόξαν","δόξαν","δόξα"
43,05,44,"P",NULL,"παρ’","παρ’","παρά","παρά"
43,05,44,"RP","GPM","ἀλλήλων","ἀλλήλων","ἀλλήλων","ἀλλήλων"
43,05,44,"V","PAPNPM","λαμβάνοντες,","λαμβάνοντες","λαμβάνοντες","λαμβάνω"
43,05,44,"C",NULL,"καὶ","καὶ","καί","καί"
43,05,44,"RA","ASF","τὴν","τὴν","τήν","ὁ"
43,05,44,"N","ASF","δόξαν","δόξαν","δόξαν","δόξα"
43,05,44,"RA","ASF","τὴν","τὴν","τήν","ὁ"
43,05,44,"P",NULL,"παρὰ","παρὰ","παρά","παρά"
43,05,44,"RA","GSM","τοῦ","τοῦ","τοῦ","ὁ"
43,05,44,"A","GSM","μόνου","μόνου","μόνου","μόνος"
43,05,44,"N","GSM","θεοῦ","θεοῦ","θεοῦ","θεός"
43,05,44,"D",NULL,"οὐ","οὐ","οὐ","οὐ"
43,05,44,"V","2PAI-P","ζητεῖτε;","ζητεῖτε","ζητεῖτε","ζητέω"
43,05,45,"D",NULL,"μὴ","μὴ","μή","μή"
43,05,45,"V","2PAD-P","δοκεῖτε","δοκεῖτε","δοκεῖτε","δοκέω"
43,05,45,"C",NULL,"ὅτι","ὅτι","ὅτι","ὅτι"
43,05,45,"RP","NS","ἐγὼ","ἐγὼ","ἐγώ","ἐγώ"
43,05,45,"V","1FAI-S","κατηγορήσω","κατηγορήσω","κατηγορήσω","κατηγορέω"
43,05,45,"RP","GP","ὑμῶν","ὑμῶν","ὑμῶν","σύ"
43,05,45,"P",NULL,"πρὸς","πρὸς","πρός","πρός"
43,05,45,"RA","ASM","τὸν","τὸν","τόν","ὁ"
43,05,45,"N","ASM","πατέρα·","πατέρα","πατέρα","πατήρ"
43,05,45,"V","3PAI-S","ἔστιν","ἔστιν","ἐστί(ν)","εἰμί"
43,05,45,"RA","NSM","ὁ","ὁ","ὁ","ὁ"
43,05,45,"V","PAPNSM","κατηγορῶν","κατηγορῶν","κατηγορῶν","κατηγορέω"
43,05,45,"RP","GP","ὑμῶν","ὑμῶν","ὑμῶν","σύ"
43,05,45,"N","NSM","Μωϋσῆς,","Μωϋσῆς","Μωϋσῆς","Μωϋσῆς"
43,05,45,"P",NULL,"εἰς","εἰς","εἰς","εἰς"
43,05,45,"RR","ASM","ὃν","ὃν","ὅν","ὅς"
43,05,45,"RP","NP","ὑμεῖς","ὑμεῖς","ὑμεῖς","σύ"
43,05,45,"V","2XAI-P","ἠλπίκατε.","ἠλπίκατε","ἠλπίκατε","ἐλπίζω"
43,05,46,"C",NULL,"εἰ","εἰ","εἰ","εἰ"
43,05,46,"C",NULL,"γὰρ","γὰρ","γάρ","γάρ"
43,05,46,"V","2IAI-P","ἐπιστεύετε","ἐπιστεύετε","ἐπιστεύετε","πιστεύω"
43,05,46,"N","DSM","Μωϋσεῖ,","Μωϋσεῖ","Μωϋσεῖ","Μωϋσῆς"
43,05,46,"V","2IAI-P","ἐπιστεύετε","ἐπιστεύετε","ἐπιστεύετε","πιστεύω"
43,05,46,"X",NULL,"ἂν","ἂν","ἄν","ἄν"
43,05,46,"RP","DS","ἐμοί,","ἐμοί","ἐμοί","ἐγώ"
43,05,46,"P",NULL,"περὶ","περὶ","περί","περί"
43,05,46,"C",NULL,"γὰρ","γὰρ","γάρ","γάρ"
43,05,46,"RP","GS","ἐμοῦ","ἐμοῦ","ἐμοῦ","ἐγώ"
43,05,46,"RD","NSM","ἐκεῖνος","ἐκεῖνος","ἐκεῖνος","ἐκεῖνος"
43,05,46,"V","3AAI-S","ἔγραψεν.","ἔγραψεν","ἔγραψε(ν)","γράφω"
43,05,47,"C",NULL,"εἰ","εἰ","εἰ","εἰ"
43,05,47,"C",NULL,"δὲ","δὲ","δέ","δέ"
43,05,47,"RA","DPN","τοῖς","τοῖς","τοῖς","ὁ"
43,05,47,"RD","GSM","ἐκείνου","ἐκείνου","ἐκείνου","ἐκεῖνος"
43,05,47,"N","DPN","γράμμασιν","γράμμασιν","γράμμασι(ν)","γράμμα"
43,05,47,"D",NULL,"οὐ","οὐ","οὐ","οὐ"
43,05,47,"V","2PAI-P","πιστεύετε,","πιστεύετε","πιστεύετε","πιστεύω"
43,05,47,"D",NULL,"πῶς","πῶς","πῶς","πῶς"
43,05,47,"RA","DPN","τοῖς","τοῖς","τοῖς","ὁ"
43,05,47,"A","DPN","ἐμοῖς","ἐμοῖς","ἐμοῖς","ἐμός"
43,05,47,"N","DPN","ῥήμασιν","ῥήμασιν","ῥήμασι(ν)","ῥῆμα"
43,05,47,"V","2FAI-P","πιστεύσετε;","πιστεύσετε","πιστεύσετε","πιστεύω"
43,06,01,"P",NULL,"Μετὰ","Μετὰ","μετά","μετά"
43,06,01,"RD","APN","ταῦτα","ταῦτα","ταῦτα","οὗτος"
43,06,01,"V","3AAI-S","ἀπῆλθεν","ἀπῆλθεν","ἀπῆλθε(ν)","ἀπέρχομαι"
43,06,01,"RA","NSM","ὁ","ὁ","ὁ","ὁ"
43,06,01,"N","NSM","Ἰησοῦς","Ἰησοῦς","Ἰησοῦς","Ἰησοῦς"
43,06,01,"P",NULL,"πέραν","πέραν","πέραν","πέραν"
43,06,01,"RA","GSF","τῆς","τῆς","τῆς","ὁ"
43,06,01,"N","GSF","θαλάσσης","θαλάσσης","θαλάσσης","θάλασσα"
43,06,01,"RA","GSF","τῆς","τῆς","τῆς","ὁ"
43,06,01,"N","GSF","Γαλιλαίας","Γαλιλαίας","Γαλιλαίας","Γαλιλαία"
43,06,01,"RA","GSF","τῆς","τῆς","τῆς","ὁ"
43,06,01,"N","GSF","Τιβεριάδος.","Τιβεριάδος","Τιβεριάδος","Τιβεριάς"
43,06,02,"V","3IAI-S","⸂ἠκολούθει","ἠκολούθει","ἠκολούθει","ἀκολουθέω"
43,06,02,"C",NULL,"δὲ⸃","δὲ","δέ","δέ"
43,06,02,"RP","DSM","αὐτῷ","αὐτῷ","αὐτῷ","αὐτός"
43,06,02,"N","NSM","ὄχλος","ὄχλος","ὄχλος","ὄχλος"
43,06,02,"A","NSM","πολύς,","πολύς","πολύς","πολύς"
43,06,02,"C",NULL,"ὅτι","ὅτι","ὅτι","ὅτι"
43,06,02,"V","3IAI-P","⸀ἐθεώρουν","ἐθεώρουν","ἐθεώρουν","θεωρέω"
43,06,02,"RA","APN","τὰ","τὰ","τά","ὁ"
43,06,02,"N","APN","σημεῖα","σημεῖα","σημεῖα","σημεῖον"
43,06,02,"RR","APN","ἃ","ἃ","ἅ","ὅς"
43,06,02,"V","3IAI-S","ἐποίει","ἐποίει","ἐποίει","ποιέω"
43,06,02,"P",NULL,"ἐπὶ","ἐπὶ","ἐπί","ἐπί"
43,06,02,"RA","GPM","τῶν","τῶν","τῶν","ὁ"
43,06,02,"V","PAPGPM","ἀσθενούντων.","ἀσθενούντων","ἀσθενούντων","ἀσθενέω"
43,06,03,"V","3AAI-S","ἀνῆλθεν","ἀνῆλθεν","ἀνῆλθε(ν)","ἀνέρχομαι"
43,06,03,"C",NULL,"δὲ","δὲ","δέ","δέ"
43,06,03,"P",NULL,"εἰς","εἰς","εἰς","εἰς"
43,06,03,"RA","ASN","τὸ","τὸ","τό","ὁ"
43,06,03,"N","ASN","⸀ὄρος","ὄρος","ὄρος","ὄρος"
43,06,03,"N","NSM","Ἰησοῦς,","Ἰησοῦς","Ἰησοῦς","Ἰησοῦς"
43,06,03,"C",NULL,"καὶ","καὶ","καί","καί"
43,06,03,"D",NULL,"ἐκεῖ","ἐκεῖ","ἐκεῖ","ἐκεῖ"
43,06,03,"V","3IMI-S","ἐκάθητο","ἐκάθητο","ἐκάθητο","κάθημαι"
43,06,03,"P",NULL,"μετὰ","μετὰ","μετά","μετά"
43,06,03,"RA","GPM","τῶν","τῶν","τῶν","ὁ"
43,06,03,"N","GPM","μαθητῶν","μαθητῶν","μαθητῶν","μαθητής"
43,06,03,"RP","GSM","αὐτοῦ.","αὐτοῦ","αὐτοῦ","αὐτός"
43,06,04,"V","3IAI-S","ἦν","ἦν","ἦν","εἰμί"
43,06,04,"C",NULL,"δὲ","δὲ","δέ","δέ"
43,06,04,"D",NULL,"ἐγγὺς","ἐγγὺς","ἐγγύς","ἐγγύς"
43,06,04,"RA","NSN","τὸ","τὸ","τό","ὁ"
43,06,04,"N","NSN","πάσχα,","πάσχα","πάσχα","πάσχα"
43,06,04,"RA","NSF","ἡ","ἡ","ἡ","ὁ"
43,06,04,"N","NSF","ἑορτὴ","ἑορτὴ","ἑορτή","ἑορτή"
43,06,04,"RA","GPM","τῶν","τῶν","τῶν","ὁ"
43,06,04,"A","GPM","Ἰουδαίων.","Ἰουδαίων","Ἰουδαίων","Ἰουδαῖος"
43,06,05,"V","AAPNSM","ἐπάρας","ἐπάρας","ἐπάρας","ἐπαίρω"
43,06,05,"C",NULL,"οὖν","οὖν","οὖν","οὖν"
43,06,05,"RA","APM","⸂τοὺς","τοὺς","τούς","ὁ"
43,06,05,"N","APM","ὀφθαλμοὺς","ὀφθαλμοὺς","ὀφθαλμούς","ὀφθαλμός"
43,06,05,"RA","NSM","ὁ","ὁ","ὁ","ὁ"
43,06,05,"N","NSM","Ἰησοῦς⸃","Ἰησοῦς","Ἰησοῦς","Ἰησοῦς"
43,06,05,"C",NULL,"καὶ","καὶ","καί","καί"
43,06,05,"V","AMPNSM","θεασάμενος","θεασάμενος","θεασάμενος","θεάομαι"
43,06,05,"C",NULL,"ὅτι","ὅτι","ὅτι","ὅτι"
43,06,05,"A","NSM","πολὺς","πολὺς","πολύς","πολύς"
43,06,05,"N","NSM","ὄχλος","ὄχλος","ὄχλος","ὄχλος"
43,06,05,"V","3PMI-S","ἔρχεται","ἔρχεται","ἔρχεται","ἔρχομαι"
43,06,05,"P",NULL,"πρὸς","πρὸς","πρός","πρός"
43,06,05,"RP","ASM","αὐτὸν","αὐτὸν","αὐτόν","αὐτός"
43,06,05,"V","3PAI-S","λέγει","λέγει","λέγει","λέγω"
43,06,05,"P",NULL,"⸀πρὸς","πρὸς","πρός","πρός"
43,06,05,"N","ASM","Φίλιππον·","Φίλιππον","Φίλιππον","Φίλιππος"
43,06,05,"D",NULL,"Πόθεν","Πόθεν","πόθεν","πόθεν"
43,06,05,"V","1AAS-P","⸀ἀγοράσωμεν","ἀγοράσωμεν","ἀγοράσωμεν","ἀγοράζω"
43,06,05,"N","APM","ἄρτους","ἄρτους","ἄρτους","ἄρτος"
43,06,05,"C",NULL,"ἵνα","ἵνα","ἵνα","ἵνα"
43,06,05,"V","3AAS-P","φάγωσιν","φάγωσιν","φάγωσι(ν)","ἐσθίω"
43,06,05,"RD","NPM","οὗτοι;","οὗτοι","οὗτοι","οὗτος"
43,06,06,"RD","ASN","τοῦτο","τοῦτο","τοῦτο","οὗτος"
43,06,06,"C",NULL,"δὲ","δὲ","δέ","δέ"
43,06,06,"V","3IAI-S","ἔλεγεν","ἔλεγεν","ἔλεγε(ν)","λέγω"
43,06,06,"V","PAPNSM","πειράζων","πειράζων","πειράζων","πειράζω"
43,06,06,"RP","ASM","αὐτόν,","αὐτόν","αὐτόν","αὐτός"
43,06,06,"RP","NSM","αὐτὸς","αὐτὸς","αὐτός","αὐτός"
43,06,06,"C",NULL,"γὰρ","γὰρ","γάρ","γάρ"
43,06,06,"V","3YAI-S","ᾔδει","ᾔδει","ᾔδει","οἶδα"
43,06,06,"RI","ASN","τί","τί","τί","τίς"
43,06,06,"V","3IAI-S","ἔμελλεν","ἔμελλεν","ἔμελλε(ν)","μέλλω"
43,06,06,"V","PAN","ποιεῖν.","ποιεῖν","ποιεῖν","ποιέω"
43,06,07,"V","3API-S","ἀπεκρίθη","ἀπεκρίθη","ἀπεκρίθη","ἀποκρίνομαι"
43,06,07,"RP","DSM","⸀αὐτῷ","αὐτῷ","αὐτῷ","αὐτός"
43,06,07,"N","NSM","Φίλιππος·","Φίλιππος","Φίλιππος","Φίλιππος"
43,06,07,"A","GPN","Διακοσίων","Διακοσίων","διακοσίων","διακόσιοι"
43,06,07,"N","GPN","δηναρίων","δηναρίων","δηναρίων","δηνάριον"
43,06,07,"N","NPM","ἄρτοι","ἄρτοι","ἄρτοι","ἄρτος"
43,06,07,"D",NULL,"οὐκ","οὐκ","οὐ","οὐ"
43,06,07,"V","3PAI-P","ἀρκοῦσιν","ἀρκοῦσιν","ἀρκοῦσι(ν)","ἀρκέω"
43,06,07,"RP","DPM","αὐτοῖς","αὐτοῖς","αὐτοῖς","αὐτός"
43,06,07,"C",NULL,"ἵνα","ἵνα","ἵνα","ἵνα"
43,06,07,"A","NSM","⸀ἕκαστος","ἕκαστος","ἕκαστος","ἕκαστος"
43,06,07,"A","ASN","βραχύ","βραχύ","βραχύ","βραχύς"
43,06,07,"RI","ASN","⸀τι","τι","τὶ","τις"
43,06,07,"V","3AAS-S","λάβῃ.","λάβῃ","λάβῃ","λαμβάνω"
43,06,08,"V","3PAI-S","λέγει","λέγει","λέγει","λέγω"
43,06,08,"RP","DSM","αὐτῷ","αὐτῷ","αὐτῷ","αὐτός"
43,06,08,"A","NSM","εἷς","εἷς","εἷς","εἷς"
43,06,08,"P",NULL,"ἐκ","ἐκ","ἐκ","ἐκ"
43,06,08,"RA","GPM","τῶν","τῶν","τῶν","ὁ"
43,06,08,"N","GPM","μαθητῶν","μαθητῶν","μαθητῶν","μαθητής"
43,06,08,"RP","GSM","αὐτοῦ,","αὐτοῦ","αὐτοῦ","αὐτός"
43,06,08,"N","NSM","Ἀνδρέας","Ἀνδρέας","Ἀνδρέας","Ἀνδρέας"
43,06,08,"RA","NSM","ὁ","ὁ","ὁ","ὁ"
43,06,08,"N","NSM","ἀδελφὸς","ἀδελφὸς","ἀδελφός","ἀδελφός"
43,06,08,"N","GSM","Σίμωνος","Σίμωνος","Σίμωνος","Σίμων"
43,06,08,"N","GSM","Πέτρου·","Πέτρου","Πέτρου","Πέτρος"
43,06,09,"V","3PAI-S","Ἔστιν","Ἔστιν","ἐστί(ν)","εἰμί"
43,06,09,"N","NSN","⸀παιδάριον","παιδάριον","παιδάριον","παιδάριον"
43,06,09,"D",NULL,"ὧδε","ὧδε","ὧδε","ὧδε"
43,06,09,"RR","NSM","⸀ὃς","ὃς","ὅς","ὅς"
43,06,09,"V","3PAI-S","ἔχει","ἔχει","ἔχει","ἔχω"
43,06,09,"A","APM","πέντε","πέντε","πέντε","πέντε"
43,06,09,"N","APM","ἄρτους","ἄρτους","ἄρτους","ἄρτος"
43,06,09,"A","APM","κριθίνους","κριθίνους","κριθίνους","κρίθινος"
43,06,09,"C",NULL,"καὶ","καὶ","καί","καί"
43,06,09,"A","APN","δύο","δύο","δύο","δύο"
43,06,09,"N","APN","ὀψάρια·","ὀψάρια","ὀψάρια","ὀψάριον"
43,06,09,"C",NULL,"ἀλλὰ","ἀλλὰ","ἀλλά","ἀλλά"
43,06,09,"RD","NPN","ταῦτα","ταῦτα","ταῦτα","οὗτος"
43,06,09,"RI","NSN","τί","τί","τί","τίς"
43,06,09,"V","3PAI-S","ἐστιν","ἐστιν","ἐστί(ν)","εἰμί"
43,06,09,"P",NULL,"εἰς","εἰς","εἰς","εἰς"
43,06,09,"RD","APM","τοσούτους;","τοσούτους","τοσούτους","τοσοῦτος"
43,06,10,"V","3AAI-S","⸀εἶπεν","εἶπεν","εἶπε(ν)","λέγω"
43,06,10,"RA","NSM","ὁ","ὁ","ὁ","ὁ"
43,06,10,"N","NSM","Ἰησοῦς·","Ἰησοῦς","Ἰησοῦς","Ἰησοῦς"
43,06,10,"V","2AAD-P","Ποιήσατε","Ποιήσατε","ποιήσατε","ποιέω"
43,06,10,"RA","APM","τοὺς","τοὺς","τούς","ὁ"
43,06,10,"N","APM","ἀνθρώπους","ἀνθρώπους","ἀνθρώπους","ἄνθρωπος"
43,06,10,"V","AAN","ἀναπεσεῖν.","ἀναπεσεῖν","ἀναπεσεῖν","ἀναπίπτω"
43,06,10,"V","3IAI-S","ἦν","ἦν","ἦν","εἰμί"
43,06,10,"C",NULL,"δὲ","δὲ","δέ","δέ"
43,06,10,"N","NSM","χόρτος","χόρτος","χόρτος","χόρτος"
43,06,10,"A","NSM","πολὺς","πολὺς","πολύς","πολύς"
43,06,10,"P",NULL,"ἐν","ἐν","ἐν","ἐν"
43,06,10,"RA","DSM","τῷ","τῷ","τῷ","ὁ"
43,06,10,"N","DSM","τόπῳ.","τόπῳ","τόπῳ","τόπος"
43,06,10,"V","3AAI-P","ἀνέπεσαν","ἀνέπεσαν","ἀνέπεσαν","ἀναπίπτω"
43,06,10,"C",NULL,"οὖν","οὖν","οὖν","οὖν"
43,06,10,"RA","NPM","οἱ","οἱ","οἱ","ὁ"
43,06,10,"N","NPM","ἄνδρες","ἄνδρες","ἄνδρες","ἀνήρ"
43,06,10,"RA","ASM","τὸν","τὸν","τόν","ὁ"
43,06,10,"N","ASM","ἀριθμὸν","ἀριθμὸν","ἀριθμόν","ἀριθμός"
43,06,10,"D",NULL,"⸀ὡς","ὡς","ὡς","ὡς"
43,06,10,"A","NPM","πεντακισχίλιοι.","πεντακισχίλιοι","πεντακισχίλιοι","πεντακισχίλιοι"
43,06,11,"V","3AAI-S","ἔλαβεν","ἔλαβεν","ἔλαβε(ν)","λαμβάνω"
43,06,11,"C",NULL,"⸀οὖν","οὖν","οὖν","οὖν"
43,06,11,"RA","APM","τοὺς","τοὺς","τούς","ὁ"
43,06,11,"N","APM","ἄρτους","ἄρτους","ἄρτους","ἄρτος"
43,06,11,"RA","NSM","ὁ","ὁ","ὁ","ὁ"
43,06,11,"N","NSM","Ἰησοῦς","Ἰησοῦς","Ἰησοῦς","Ἰησοῦς"
43,06,11,"C",NULL,"καὶ","καὶ","καί","καί"
43,06,11,"V","AAPNSM","εὐχαριστήσας","εὐχαριστήσας","εὐχαριστήσας","εὐχαριστέω"
43,06,11,"V","3AAI-S","⸀διέδωκεν","διέδωκεν","διέδωκε(ν)","διαδίδωμι"
43,06,11,"RA","DPM","τοῖς","τοῖς","τοῖς","ὁ"
43,06,11,"V","PMPDPM","ἀνακειμένοις,","ἀνακειμένοις","ἀνακειμένοις","ἀνάκειμαι"
43,06,11,"D",NULL,"ὁμοίως","ὁμοίως","ὁμοίως","ὁμοίως"
43,06,11,"C",NULL,"καὶ","καὶ","καί","καί"
43,06,11,"P",NULL,"ἐκ","ἐκ","ἐκ","ἐκ"
43,06,11,"RA","GPN","τῶν","τῶν","τῶν","ὁ"
43,06,11,"N","GPN","ὀψαρίων","ὀψαρίων","ὀψαρίων","ὀψάριον"
43,06,11,"RR","ASN","ὅσον","ὅσον","ὅσον","ὅσος"
43,06,11,"V","3IAI-P","ἤθελον.","ἤθελον","ἤθελον","θέλω"
43,06,12,"C",NULL,"ὡς","ὡς","ὡς","ὡς"
43,06,12,"C",NULL,"δὲ","δὲ","δέ","δέ"
43,06,12,"V","3API-P","ἐνεπλήσθησαν","ἐνεπλήσθησαν","ἐνεπλήσθησαν","ἐμπίμπλημι"
43,06,12,"V","3PAI-S","λέγει","λέγει","λέγει","λέγω"
43,06,12,"RA","DPM","τοῖς","τοῖς","τοῖς","ὁ"
43,06,12,"N","DPM","μαθηταῖς","μαθηταῖς","μαθηταῖς","μαθητής"
43,06,12,"RP","GSM","αὐτοῦ·","αὐτοῦ","αὐτοῦ","αὐτός"
43,06,12,"V","2AAD-P","Συναγάγετε","Συναγάγετε","συναγάγετε","συνάγω"
43,06,12,"RA","APN","τὰ","τὰ","τά","ὁ"
43,06,12,"V","AAPAPN","περισσεύσαντα","περισσεύσαντα","περισσεύσαντα","περισσεύω"
43,06,12,"N","APN","κλάσματα,","κλάσματα","κλάσματα","κλάσμα"
43,06,12,"C",NULL,"ἵνα","ἵνα","ἵνα","ἵνα"
43,06,12,"D",NULL,"μή","μή","μή","μή"
43,06,12,"RI","NSN","τι","τι","τὶ","τις"
43,06,12,"V","3AMS-S","ἀπόληται.","ἀπόληται","ἀπόληται","ἀπόλλυμι"
43,06,13,"V","3AAI-P","συνήγαγον","συνήγαγον","συνήγαγον","συνάγω"
43,06,13,"C",NULL,"οὖν,","οὖν","οὖν","οὖν"
43,06,13,"C",NULL,"καὶ","καὶ","καί","καί"
43,06,13,"V","3AAI-P","ἐγέμισαν","ἐγέμισαν","ἐγέμισαν","γεμίζω"
43,06,13,"A","APM","δώδεκα","δώδεκα","δώδεκα","δώδεκα"
43,06,13,"N","APM","κοφίνους","κοφίνους","κοφίνους","κόφινος"
43,06,13,"N","GPN","κλασμάτων","κλασμάτων","κλασμάτων","κλάσμα"
43,06,13,"P",NULL,"ἐκ","ἐκ","ἐκ","ἐκ"
43,06,13,"RA","GPM","τῶν","τῶν","τῶν","ὁ"
43,06,13,"A","GPM","πέντε","πέντε","πέντε","πέντε"
43,06,13,"N","GPM","ἄρτων","ἄρτων","ἄρτων","ἄρτος"
43,06,13,"RA","GPM","τῶν","τῶν","τῶν","ὁ"
43,06,13,"A","GPM","κριθίνων","κριθίνων","κριθίνων","κρίθινος"
43,06,13,"RR","NPN","ἃ","ἃ","ἅ","ὅς"
43,06,13,"V","3AAI-P","⸀ἐπερίσσευσαν","ἐπερίσσευσαν","ἐπερίσσευσαν","περισσεύω"
43,06,13,"RA","DPM","τοῖς","τοῖς","τοῖς","ὁ"
43,06,13,"V","XAPDPM","βεβρωκόσιν.","βεβρωκόσιν","βεβρωκόσι(ν)","βιβρώσκω"
43,06,14,"RA","NPM","οἱ","οἱ","οἱ","ὁ"
43,06,14,"C",NULL,"οὖν","οὖν","οὖν","οὖν"
43,06,14,"N","NPM","ἄνθρωποι","ἄνθρωποι","ἄνθρωποι","ἄνθρωπος"
43,06,14,"V","AAPNPM","ἰδόντες","ἰδόντες","ἰδόντες","ὁράω"
43,06,14,"RR","ASN","⸂ὃ","ὃ","ὅ","ὅς"
43,06,14,"V","3AAI-S","ἐποίησεν","ἐποίησεν","ἐποίησε(ν)","ποιέω"
43,06,14,"N","ASN","σημεῖον⸃","σημεῖον","σημεῖον","σημεῖον"
43,06,14,"V","3IAI-P","⸀ἔλεγον","ἔλεγον","ἔλεγον","λέγω"
43,06,14,"C",NULL,"ὅτι","ὅτι","ὅτι","ὅτι"
43,06,14,"RD","NSM","Οὗτός","Οὗτός","οὗτος","οὗτος"
43,06,14,"V","3PAI-S","ἐστιν","ἐστιν","ἐστί(ν)","εἰμί"
43,06,14,"D",NULL,"ἀληθῶς","ἀληθῶς","ἀληθῶς","ἀληθῶς"
43,06,14,"RA","NSM","ὁ","ὁ","ὁ","ὁ"
43,06,14,"N","NSM","προφήτης","προφήτης","προφήτης","προφήτης"
43,06,14,"RA","NSM","ὁ","ὁ","ὁ","ὁ"
43,06,14,"V","PMPNSM","ἐρχόμενος","ἐρχόμενος","ἐρχόμενος","ἔρχομαι"
43,06,14,"P",NULL,"εἰς","εἰς","εἰς","εἰς"
43,06,14,"RA","ASM","τὸν","τὸν","τόν","ὁ"
43,06,14,"N","ASM","κόσμον.","κόσμον","κόσμον","κόσμος"
43,06,15,"N","NSM","Ἰησοῦς","Ἰησοῦς","Ἰησοῦς","Ἰησοῦς"
43,06,15,"C",NULL,"οὖν","οὖν","οὖν","οὖν"
43,06,15,"V","AAPNSM","γνοὺς","γνοὺς","γνούς","γινώσκω"
43,06,15,"C",NULL,"ὅτι","ὅτι","ὅτι","ὅτι"
43,06,15,"V","3PAI-P","μέλλουσιν","μέλλουσιν","μέλλουσι(ν)","μέλλω"
43,06,15,"V","PMN","ἔρχεσθαι","ἔρχεσθαι","ἔρχεσθαι","ἔρχομαι"
43,06,15,"C",NULL,"καὶ","καὶ","καί","καί"
43,06,15,"V","PAN","ἁρπάζειν","ἁρπάζειν","ἁρπάζειν","ἁρπάζω"
43,06,15,"RP","ASM","αὐτὸν","αὐτὸν","αὐτόν","αὐτός"
43,06,15,"C",NULL,"ἵνα","ἵνα","ἵνα","ἵνα"
43,06,15,"V","3AAS-P","⸀ποιήσωσιν","ποιήσωσιν","ποιήσωσι(ν)","ποιέω"
43,06,15,"N","ASM","βασιλέα","βασιλέα","βασιλέα","βασιλεύς"
43,06,15,"V","3AAI-S","ἀνεχώρησεν","ἀνεχώρησεν","ἀνεχώρησε(ν)","ἀναχωρέω"
43,06,15,"D",NULL,"⸀πάλιν","πάλιν","πάλιν","πάλιν"
43,06,15,"P",NULL,"εἰς","εἰς","εἰς","εἰς"
43,06,15,"RA","ASN","τὸ","τὸ","τό","ὁ"
43,06,15,"N","ASN","ὄρος","ὄρος","ὄρος","ὄρος"
43,06,15,"RP","NSM","αὐτὸς","αὐτὸς","αὐτός","αὐτός"
43,06,15,"A","NSM","μόνος.","μόνος","μόνος","μόνος"
43,06,16,"C",NULL,"Ὡς","Ὡς","ὡς","ὡς"
43,06,16,"C",NULL,"δὲ","δὲ","δέ","δέ"
43,06,16,"A","NSF","ὀψία","ὀψία","ὀψία","ὀψία"
43,06,16,"V","3AMI-S","ἐγένετο","ἐγένετο","ἐγένετο","γίνομαι"
43,06,16,"V","3AAI-P","κατέβησαν","κατέβησαν","κατέβησαν","καταβαίνω"
43,06,16,"RA","NPM","οἱ","οἱ","οἱ","ὁ"
43,06,16,"N","NPM","μαθηταὶ","μαθηταὶ","μαθηταί","μαθητής"
43,06,16,"RP","GSM","αὐτοῦ","αὐτοῦ","αὐτοῦ","αὐτός"
43,06,16,"P",NULL,"ἐπὶ","ἐπὶ","ἐπί","ἐπί"
43,06,16,"RA","ASF","τὴν","τὴν","τήν","ὁ"
43,06,16,"N","ASF","θάλασσαν,","θάλασσαν","θάλασσαν","θάλασσα"
43,06,17,"C",NULL,"καὶ","καὶ","καί","καί"
43,06,17,"V","AAPNPM","ἐμβάντες","ἐμβάντες","ἐμβάντες","ἐμβαίνω"
43,06,17,"P",NULL,"⸀εἰς","εἰς","εἰς","εἰς"
43,06,17,"N","ASN","πλοῖον","πλοῖον","πλοῖον","πλοῖον"
43,06,17,"V","3IMI-P","ἤρχοντο","ἤρχοντο","ἤρχοντο","ἄρχω"
43,06,17,"P",NULL,"πέραν","πέραν","πέραν","πέραν"
43,06,17,"RA","GSF","τῆς","τῆς","τῆς","ὁ"
43,06,17,"N","GSF","θαλάσσης","θαλάσσης","θαλάσσης","θάλασσα"
43,06,17,"P",NULL,"εἰς","εἰς","εἰς","εἰς"
43,06,17,"N","ASF","Καφαρναούμ.","Καφαρναούμ","Καφαρναούμ","Καφαρναούμ"
43,06,17,"C",NULL,"καὶ","καὶ","καί","καί"
43,06,17,"N","NSF","σκοτία","σκοτία","σκοτία","σκοτία"
43,06,17,"D",NULL,"ἤδη","ἤδη","ἤδη","ἤδη"
43,06,17,"V","3YAI-S","ἐγεγόνει","ἐγεγόνει","ἐγεγόνει","γίνομαι"
43,06,17,"C",NULL,"καὶ","καὶ","καί","καί"
43,06,17,"D",NULL,"⸀οὔπω","οὔπω","οὔπω","οὔπω"
43,06,17,"V","3YAI-S","ἐληλύθει","ἐληλύθει","ἐληλύθει","ἔρχομαι"
43,06,17,"P",NULL,"πρὸς","πρὸς","πρός","πρός"
43,06,17,"RP","APM","αὐτοὺς","αὐτοὺς","αὐτούς","αὐτός"
43,06,17,"RA","NSM","ὁ","ὁ","ὁ","ὁ"
43,06,17,"N","NSM","Ἰησοῦς,","Ἰησοῦς","Ἰησοῦς","Ἰησοῦς"
43,06,18,"RA","NSF","ἥ","ἥ","ἡ","ὁ"
43,06,18,"C",NULL,"τε","τε","τέ","τέ"
43,06,18,"N","NSF","θάλασσα","θάλασσα","θάλασσα","θάλασσα"
43,06,18,"N","GSM","ἀνέμου","ἀνέμου","ἀνέμου","ἄνεμος"
43,06,18,"A","GSM","μεγάλου","μεγάλου","μεγάλου","μέγας"
43,06,18,"V","PAPGSM","πνέοντος","πνέοντος","πνέοντος","πνέω"
43,06,18,"V","3IPI-S","⸀διεγείρετο.","διεγείρετο","διεγείρετο","διεγείρω"
43,06,19,"V","XAPNPM","ἐληλακότες","ἐληλακότες","ἐληλακότες","ἐλαύνω"
43,06,19,"C",NULL,"οὖν","οὖν","οὖν","οὖν"
43,06,19,"D",NULL,"ὡς","ὡς","ὡς","ὡς"
43,06,19,"N","APM","σταδίους","σταδίους","σταδίους","στάδιος"
43,06,19,"A","APM","εἴκοσι","εἴκοσι","εἴκοσι(ν)","εἴκοσι(ν)"
43,06,19,"A","APM","πέντε","πέντε","πέντε","πέντε"
43,06,19,"C",NULL,"ἢ","ἢ","ἤ","ἤ"
43,06,19,"A","APM","τριάκοντα","τριάκοντα","τριάκοντα","τριάκοντα"
43,06,19,"V","3PAI-P","θεωροῦσιν","θεωροῦσιν","θεωροῦσι(ν)","θεωρέω"
43,06,19,"RA","ASM","τὸν","τὸν","τόν","ὁ"
43,06,19,"N","ASM","Ἰησοῦν","Ἰησοῦν","Ἰησοῦν","Ἰησοῦς"
43,06,19,"V","PAPASM","περιπατοῦντα","περιπατοῦντα","περιπατοῦντα","περιπατέω"
43,06,19,"P",NULL,"ἐπὶ","ἐπὶ","ἐπί","ἐπί"
43,06,19,"RA","GSF","τῆς","τῆς","τῆς","ὁ"
43,06,19,"N","GSF","θαλάσσης","θαλάσσης","θαλάσσης","θάλασσα"
43,06,19,"C",NULL,"καὶ","καὶ","καί","καί"
43,06,19,"P",NULL,"ἐγγὺς","ἐγγὺς","ἐγγύς","ἐγγύς"
43,06,19,"RA","GSN","τοῦ","τοῦ","τοῦ","ὁ"
43,06,19,"N","GSN","πλοίου","πλοίου","πλοίου","πλοῖον"
43,06,19,"V","PMPASM","γινόμενον,","γινόμενον","γινόμενον","γίνομαι"
43,06,19,"C",NULL,"καὶ","καὶ","καί","καί"
43,06,19,"V","3API-P","ἐφοβήθησαν.","ἐφοβήθησαν","ἐφοβήθησαν","φοβέομαι"
43,06,20,"RA","NSM","ὁ","ὁ","ὁ","ὁ"
43,06,20,"C",NULL,"δὲ","δὲ","δέ","δέ"
43,06,20,"V","3PAI-S","λέγει","λέγει","λέγει","λέγω"
43,06,20,"RP","DPM","αὐτοῖς·","αὐτοῖς","αὐτοῖς","αὐτός"
43,06,20,"RP","NS","Ἐγώ","Ἐγώ","ἐγώ","ἐγώ"
43,06,20,"V","1PAI-S","εἰμι,","εἰμι","εἰμί","εἰμί"
43,06,20,"D",NULL,"μὴ","μὴ","μή","μή"
43,06,20,"V","2PMD-P","φοβεῖσθε.","φοβεῖσθε","φοβεῖσθε","φοβέομαι"
43,06,21,"V","3IAI-P","ἤθελον","ἤθελον","ἤθελον","θέλω"
43,06,21,"C",NULL,"οὖν","οὖν","οὖν","οὖν"
43,06,21,"V","AAN","λαβεῖν","λαβεῖν","λαβεῖν","λαμβάνω"
43,06,21,"RP","ASM","αὐτὸν","αὐτὸν","αὐτόν","αὐτός"
43,06,21,"P",NULL,"εἰς","εἰς","εἰς","εἰς"
43,06,21,"RA","ASN","τὸ","τὸ","τό","ὁ"
43,06,21,"N","ASN","πλοῖον,","πλοῖον","πλοῖον","πλοῖον"
43,06,21,"C",NULL,"καὶ","καὶ","καί","καί"
43,06,21,"D",NULL,"εὐθέως","εὐθέως","εὐθέως","εὐθέως"
43,06,21,"V","3AMI-S","⸂ἐγένετο","ἐγένετο","ἐγένετο","γίνομαι"
43,06,21,"RA","NSN","τὸ","τὸ","τό","ὁ"
43,06,21,"N","NSN","πλοῖον⸃","πλοῖον","πλοῖον","πλοῖον"
43,06,21,"P",NULL,"ἐπὶ","ἐπὶ","ἐπί","ἐπί"
43,06,21,"RA","GSF","τῆς","τῆς","τῆς","ὁ"
43,06,21,"N","GSF","γῆς","γῆς","γῆς","γῆ"
43,06,21,"P",NULL,"εἰς","εἰς","εἰς","εἰς"
43,06,21,"RR","ASF","ἣν","ἣν","ἥν","ὅς"
43,06,21,"V","3IAI-P","ὑπῆγον.","ὑπῆγον","ὑπῆγον","ὑπάγω"
43,06,22,"RA","DSF","Τῇ","Τῇ","τῇ","ὁ"
43,06,22,"D",NULL,"ἐπαύριον","ἐπαύριον","ἐπαύριον","ἐπαύριον"
43,06,22,"RA","NSM","ὁ","ὁ","ὁ","ὁ"
43,06,22,"N","NSM","ὄχλος","ὄχλος","ὄχλος","ὄχλος"
43,06,22,"RA","NSM","ὁ","ὁ","ὁ","ὁ"
43,06,22,"V","XAPNSM","ἑστηκὼς","ἑστηκὼς","ἑστηκώς","ἵστημι"
43,06,22,"P",NULL,"πέραν","πέραν","πέραν","πέραν"
43,06,22,"RA","GSF","τῆς","τῆς","τῆς","ὁ"
43,06,22,"N","GSF","θαλάσσης","θαλάσσης","θαλάσσης","θάλασσα"
43,06,22,"V","3AAI-P","⸀εἶδον","εἶδον","εἶδον","ὁράω"
43,06,22,"C",NULL,"ὅτι","ὅτι","ὅτι","ὅτι"
43,06,22,"N","NSN","πλοιάριον","πλοιάριον","πλοιάριον","πλοιάριον"
43,06,22,"A","NSN","ἄλλο","ἄλλο","ἄλλο","ἄλλος"
43,06,22,"D",NULL,"οὐκ","οὐκ","οὐ","οὐ"
43,06,22,"V","3IAI-S","ἦν","ἦν","ἦν","εἰμί"
43,06,22,"D",NULL,"ἐκεῖ","ἐκεῖ","ἐκεῖ","ἐκεῖ"
43,06,22,"C",NULL,"εἰ","εἰ","εἰ","εἰ"
43,06,22,"D",NULL,"μὴ","μὴ","μή","μή"
43,06,22,"A","NSN","⸀ἕν,","ἕν","ἕν","εἷς"
43,06,22,"C",NULL,"καὶ","καὶ","καί","καί"
43,06,22,"C",NULL,"ὅτι","ὅτι","ὅτι","ὅτι"
43,06,22,"D",NULL,"οὐ","οὐ","οὐ","οὐ"
43,06,22,"V","3AAI-S","συνεισῆλθεν","συνεισῆλθεν","συνεισῆλθε(ν)","συνεισέρχομαι"
43,06,22,"RA","DPM","τοῖς","τοῖς","τοῖς","ὁ"
43,06,22,"N","DPM","μαθηταῖς","μαθηταῖς","μαθηταῖς","μαθητής"
43,06,22,"RP","GSM","αὐτοῦ","αὐτοῦ","αὐτοῦ","αὐτός"
43,06,22,"RA","NSM","ὁ","ὁ","ὁ","ὁ"
43,06,22,"N","NSM","Ἰησοῦς","Ἰησοῦς","Ἰησοῦς","Ἰησοῦς"
43,06,22,"P",NULL,"εἰς","εἰς","εἰς","εἰς"
43,06,22,"RA","ASN","τὸ","τὸ","τό","ὁ"
43,06,22,"N","ASN","⸀πλοῖον","πλοῖον","πλοῖον","πλοῖον"
43,06,22,"C",NULL,"ἀλλὰ","ἀλλὰ","ἀλλά","ἀλλά"
43,06,22,"A","NPM","μόνοι","μόνοι","μόνοι","μόνος"
43,06,22,"RA","NPM","οἱ","οἱ","οἱ","ὁ"
43,06,22,"N","NPM","μαθηταὶ","μαθηταὶ","μαθηταί","μαθητής"
43,06,22,"RP","GSM","αὐτοῦ","αὐτοῦ","αὐτοῦ","αὐτός"
43,06,22,"V","3AAI-P","ἀπῆλθον·","ἀπῆλθον","ἀπῆλθον","ἀπέρχομαι"
43,06,23,"C",NULL,"⸀ἀλλὰ","ἀλλὰ","ἀλλά","ἀλλά"
43,06,23,"V","3AAI-S","ἦλθεν","ἦλθεν","ἦλθε(ν)","ἔρχομαι"
43,06,23,"N","NPN","⸀πλοιάρια","πλοιάρια","πλοιάρια","πλοιάριον"
43,06,23,"P",NULL,"ἐκ","ἐκ","ἐκ","ἐκ"
43,06,23,"N","GSF","Τιβεριάδος","Τιβεριάδος","Τιβεριάδος","Τιβεριάς"
43,06,23,"P",NULL,"ἐγγὺς","ἐγγὺς","ἐγγύς","ἐγγύς"
43,06,23,"RA","GSM","τοῦ","τοῦ","τοῦ","ὁ"
43,06,23,"N","GSM","τόπου","τόπου","τόπου","τόπος"
43,06,23,"D",NULL,"ὅπου","ὅπου","ὅπου","ὅπου"
43,06,23,"V","3AAI-P","ἔφαγον","ἔφαγον","ἔφαγον","ἐσθίω"
43,06,23,"RA","ASM","τὸν","τὸν","τόν","ὁ"
43,06,23,"N","ASM","ἄρτον","ἄρτον","ἄρτον","ἄρτος"
43,06,23,"V","AAPGSM","εὐχαριστήσαντος","εὐχαριστήσαντος","εὐχαριστήσαντος","εὐχαριστέω"
43,06,23,"RA","GSM","τοῦ","τοῦ","τοῦ","ὁ"
43,06,23,"N","GSM","κυρίου.","κυρίου","κυρίου","κύριος"
43,06,24,"C",NULL,"ὅτε","ὅτε","ὅτε","ὅτε"
43,06,24,"C",NULL,"οὖν","οὖν","οὖν","οὖν"
43,06,24,"V","3AAI-S","εἶδεν","εἶδεν","εἶδε(ν)","ὁράω"
43,06,24,"RA","NSM","ὁ","ὁ","ὁ","ὁ"
43,06,24,"N","NSM","ὄχλος","ὄχλος","ὄχλος","ὄχλος"
43,06,24,"C",NULL,"ὅτι","ὅτι","ὅτι","ὅτι"
43,06,24,"N","NSM","Ἰησοῦς","Ἰησοῦς","Ἰησοῦς","Ἰησοῦς"
43,06,24,"D",NULL,"οὐκ","οὐκ","οὐ","οὐ"
43,06,24,"V","3PAI-S","ἔστιν","ἔστιν","ἐστί(ν)","εἰμί"
43,06,24,"D",NULL,"ἐκεῖ","ἐκεῖ","ἐκεῖ","ἐκεῖ"
43,06,24,"C",NULL,"οὐδὲ","οὐδὲ","οὐδέ","οὐδέ"
43,06,24,"RA","NPM","οἱ","οἱ","οἱ","ὁ"
43,06,24,"N","NPM","μαθηταὶ","μαθηταὶ","μαθηταί","μαθητής"
43,06,24,"RP","GSM","αὐτοῦ,","αὐτοῦ","αὐτοῦ","αὐτός"
43,06,24,"V","3AAI-P","ἐνέβησαν","ἐνέβησαν","ἐνέβησαν","ἐμβαίνω"
43,06,24,"RP","NPM","αὐτοὶ","αὐτοὶ","αὐτοί","αὐτός"
43,06,24,"P",NULL,"εἰς","εἰς","εἰς","εἰς"
43,06,24,"RA","APN","τὰ","τὰ","τά","ὁ"
43,06,24,"N","APN","⸀πλοιάρια","πλοιάρια","πλοιάρια","πλοιάριον"
43,06,24,"C",NULL,"καὶ","καὶ","καί","καί"
43,06,24,"V","3AAI-P","ἦλθον","ἦλθον","ἦλθον","ἔρχομαι"
43,06,24,"P",NULL,"εἰς","εἰς","εἰς","εἰς"
43,06,24,"N","ASF","Καφαρναοὺμ","Καφαρναοὺμ","Καφαρναούμ","Καφαρναούμ"
43,06,24,"V","PAPNPM","ζητοῦντες","ζητοῦντες","ζητοῦντες","ζητέω"
43,06,24,"RA","ASM","τὸν","τὸν","τόν","ὁ"
43,06,24,"N","ASM","Ἰησοῦν.","Ἰησοῦν","Ἰησοῦν","Ἰησοῦς"
43,06,25,"C",NULL,"Καὶ","Καὶ","καί","καί"
43,06,25,"V","AAPNPM","εὑρόντες","εὑρόντες","εὑρόντες","εὑρίσκω"
43,06,25,"RP","ASM","αὐτὸν","αὐτὸν","αὐτόν","αὐτός"
43,06,25,"P",NULL,"πέραν","πέραν","πέραν","πέραν"
43,06,25,"RA","GSF","τῆς","τῆς","τῆς","ὁ"
43,06,25,"N","GSF","θαλάσσης","θαλάσσης","θαλάσσης","θάλασσα"
43,06,25,"V","3AAI-P","εἶπον","εἶπον","εἶπον","λέγω"
43,06,25,"RP","DSM","αὐτῷ·","αὐτῷ","αὐτῷ","αὐτός"
43,06,25,"N","VSM","Ῥαββί,","Ῥαββί","ῥαββί","ῥαββί"
43,06,25,"D",NULL,"πότε","πότε","πότε","πότε"
43,06,25,"D",NULL,"ὧδε","ὧδε","ὧδε","ὧδε"
43,06,25,"V","2XAI-S","γέγονας;","γέγονας","γέγονας","γίνομαι"
43,06,26,"V","3API-S","ἀπεκρίθη","ἀπεκρίθη","ἀπεκρίθη","ἀποκρίνομαι"
43,06,26,"RP","DPM","αὐτοῖς","αὐτοῖς","αὐτοῖς","αὐτός"
43,06,26,"RA","NSM","ὁ","ὁ","ὁ","ὁ"
43,06,26,"N","NSM","Ἰησοῦς","Ἰησοῦς","Ἰησοῦς","Ἰησοῦς"
43,06,26,"C",NULL,"καὶ","καὶ","καί","καί"
43,06,26,"V","3AAI-S","εἶπεν·","εἶπεν","εἶπε(ν)","λέγω"
43,06,26,"X",NULL,"Ἀμὴν","Ἀμὴν","ἀμήν","ἀμήν"
43,06,26,"X",NULL,"ἀμὴν","ἀμὴν","ἀμήν","ἀμήν"
43,06,26,"V","1PAI-S","λέγω","λέγω","λέγω","λέγω"
43,06,26,"RP","DP","ὑμῖν,","ὑμῖν","ὑμῖν","σύ"
43,06,26,"V","2PAI-P","ζητεῖτέ","ζητεῖτέ","ζητεῖτε","ζητέω"
43,06,26,"RP","AS","με","με","με","ἐγώ"
43,06,26,"D",NULL,"οὐχ","οὐχ","οὐ","οὐ"
43,06,26,"C",NULL,"ὅτι","ὅτι","ὅτι","ὅτι"
43,06,26,"V","2AAI-P","εἴδετε","εἴδετε","εἴδετε","ὁράω"
43,06,26,"N","APN","σημεῖα","σημεῖα","σημεῖα","σημεῖον"
43,06,26,"C",NULL,"ἀλλ’","ἀλλ’","ἀλλά","ἀλλά"
43,06,26,"C",NULL,"ὅτι","ὅτι","ὅτι","ὅτι"
43,06,26,"V","2AAI-P","ἐφάγετε","ἐφάγετε","ἐφάγετε","ἐσθίω"
43,06,26,"P",NULL,"ἐκ","ἐκ","ἐκ","ἐκ"
43,06,26,"RA","GPM","τῶν","τῶν","τῶν","ὁ"
43,06,26,"N","GPM","ἄρτων","ἄρτων","ἄρτων","ἄρτος"
43,06,26,"C",NULL,"καὶ","καὶ","καί","καί"
43,06,26,"V","2API-P","ἐχορτάσθητε·","ἐχορτάσθητε","ἐχορτάσθητε","χορτάζω"
43,06,27,"V","2PMD-P","ἐργάζεσθε","ἐργάζεσθε","ἐργάζεσθε","ἐργάζομαι"
43,06,27,"D",NULL,"μὴ","μὴ","μή","μή"
43,06,27,"RA","ASF","τὴν","τὴν","τήν","ὁ"
43,06,27,"N","ASF","βρῶσιν","βρῶσιν","βρῶσιν","βρῶσις"
43,06,27,"RA","ASF","τὴν","τὴν","τήν","ὁ"
43,06,27,"V","PMPASF","ἀπολλυμένην","ἀπολλυμένην","ἀπολλυμένην","ἀπόλλυμι"
43,06,27,"C",NULL,"ἀλλὰ","ἀλλὰ","ἀλλά","ἀλλά"
43,06,27,"RA","ASF","τὴν","τὴν","τήν","ὁ"
43,06,27,"N","ASF","βρῶσιν","βρῶσιν","βρῶσιν","βρῶσις"
43,06,27,"RA","ASF","τὴν","τὴν","τήν","ὁ"
43,06,27,"V","PAPASF","μένουσαν","μένουσαν","μένουσαν","μένω"
43,06,27,"P",NULL,"εἰς","εἰς","εἰς","εἰς"
43,06,27,"N","ASF","ζωὴν","ζωὴν","ζωήν","ζωή"
43,06,27,"A","ASF","αἰώνιον,","αἰώνιον","αἰώνιον","αἰώνιος"
43,06,27,"RR","ASF","ἣν","ἣν","ἥν","ὅς"
43,06,27,"RA","NSM","ὁ","ὁ","ὁ","ὁ"
43,06,27,"N","NSM","υἱὸς","υἱὸς","υἱός","υἱός"
43,06,27,"RA","GSM","τοῦ","τοῦ","τοῦ","ὁ"
43,06,27,"N","GSM","ἀνθρώπου","ἀνθρώπου","ἀνθρώπου","ἄνθρωπος"
43,06,27,"RP","DP","ὑμῖν","ὑμῖν","ὑμῖν","σύ"
43,06,27,"V","3FAI-S","δώσει,","δώσει","δώσει","δίδωμι"
43,06,27,"RD","ASM","τοῦτον","τοῦτον","τοῦτον","οὗτος"
43,06,27,"C",NULL,"γὰρ","γὰρ","γάρ","γάρ"
43,06,27,"RA","NSM","ὁ","ὁ","ὁ","ὁ"
43,06,27,"N","NSM","πατὴρ","πατὴρ","πατήρ","πατήρ"
43,06,27,"V","3AAI-S","ἐσφράγισεν","ἐσφράγισεν","ἐσφράγισε(ν)","σφραγίζω"
43,06,27,"RA","NSM","ὁ","ὁ","ὁ","ὁ"
43,06,27,"N","NSM","θεός.","θεός","θεός","θεός"
43,06,28,"V","3AAI-P","εἶπον","εἶπον","εἶπον","λέγω"
43,06,28,"C",NULL,"οὖν","οὖν","οὖν","οὖν"
43,06,28,"P",NULL,"πρὸς","πρὸς","πρός","πρός"
43,06,28,"RP","ASM","αὐτόν·","αὐτόν","αὐτόν","αὐτός"
43,06,28,"RI","ASN","Τί","Τί","τί","τίς"
43,06,28,"V","1PAS-P","ποιῶμεν","ποιῶμεν","ποιῶμεν","ποιέω"
43,06,28,"C",NULL,"ἵνα","ἵνα","ἵνα","ἵνα"
43,06,28,"V","1PMS-P","ἐργαζώμεθα","ἐργαζώμεθα","ἐργαζώμεθα","ἐργάζομαι"
43,06,28,"RA","APN","τὰ","τὰ","τά","ὁ"
43,06,28,"N","APN","ἔργα","ἔργα","ἔργα","ἔργον"
43,06,28,"RA","GSM","τοῦ","τοῦ","τοῦ","ὁ"
43,06,28,"N","GSM","θεοῦ;","θεοῦ","θεοῦ","θεός"
43,06,29,"V","3API-S","ἀπεκρίθη","ἀπεκρίθη","ἀπεκρίθη","ἀποκρίνομαι"
43,06,29,"RA","NSM","⸀ὁ","ὁ","ὁ","ὁ"
43,06,29,"N","NSM","Ἰησοῦς","Ἰησοῦς","Ἰησοῦς","Ἰησοῦς"
43,06,29,"C",NULL,"καὶ","καὶ","καί","καί"
43,06,29,"V","3AAI-S","εἶπεν","εἶπεν","εἶπε(ν)","λέγω"
43,06,29,"RP","DPM","αὐτοῖς·","αὐτοῖς","αὐτοῖς","αὐτός"
43,06,29,"RD","NSN","Τοῦτό","Τοῦτό","τοῦτο","οὗτος"
43,06,29,"V","3PAI-S","ἐστιν","ἐστιν","ἐστί(ν)","εἰμί"
43,06,29,"RA","NSN","τὸ","τὸ","τό","ὁ"
43,06,29,"N","NSN","ἔργον","ἔργον","ἔργον","ἔργον"
43,06,29,"RA","GSM","τοῦ","τοῦ","τοῦ","ὁ"
43,06,29,"N","GSM","θεοῦ","θεοῦ","θεοῦ","θεός"
43,06,29,"D",NULL,"ἵνα","ἵνα","ἵνα","ἵνα"
43,06,29,"V","2PAS-P","⸀πιστεύητε","πιστεύητε","πιστεύητε","πιστεύω"
43,06,29,"P",NULL,"εἰς","εἰς","εἰς","εἰς"
43,06,29,"RR","ASM","ὃν","ὃν","ὅν","ὅς"
43,06,29,"V","3AAI-S","ἀπέστειλεν","ἀπέστειλεν","ἀπέστειλε(ν)","ἀποστέλλω"
43,06,29,"RD","NSM","ἐκεῖνος.","ἐκεῖνος","ἐκεῖνος","ἐκεῖνος"
43,06,30,"V","3AAI-P","εἶπον","εἶπον","εἶπον","λέγω"
43,06,30,"C",NULL,"οὖν","οὖν","οὖν","οὖν"
43,06,30,"RP","DSM","αὐτῷ·","αὐτῷ","αὐτῷ","αὐτός"
43,06,30,"RI","ASN","Τί","Τί","τί","τίς"
43,06,30,"C",NULL,"οὖν","οὖν","οὖν","οὖν"
43,06,30,"V","2PAI-S","ποιεῖς","ποιεῖς","ποιεῖς","ποιέω"
43,06,30,"RP","NS","σὺ","σὺ","σύ","σύ"
43,06,30,"N","ASN","σημεῖον,","σημεῖον","σημεῖον","σημεῖον"
43,06,30,"C",NULL,"ἵνα","ἵνα","ἵνα","ἵνα"
43,06,30,"V","1AAS-P","ἴδωμεν","ἴδωμεν","ἴδωμεν","ὁράω"
43,06,30,"C",NULL,"καὶ","καὶ","καί","καί"
43,06,30,"V","1AAS-P","πιστεύσωμέν","πιστεύσωμέν","πιστεύσωμεν","πιστεύω"
43,06,30,"RP","DS","σοι;","σοι","σοι","σύ"
43,06,30,"RI","ASN","τί","τί","τί","τίς"
43,06,30,"V","2PMI-S","ἐργάζῃ;","ἐργάζῃ","ἐργάζῃ","ἐργάζομαι"
43,06,31,"RA","NPM","οἱ","οἱ","οἱ","ὁ"
43,06,31,"N","NPM","πατέρες","πατέρες","πατέρες","πατήρ"
43,06,31,"RP","GP","ἡμῶν","ἡμῶν","ἡμῶν","ἐγώ"
43,06,31,"RA","ASN","τὸ","τὸ","τό","ὁ"
43,06,31,"N","ASN","μάννα","μάννα","μάννα","μάννα"
43,06,31,"V","3AAI-P","ἔφαγον","ἔφαγον","ἔφαγον","ἐσθίω"
43,06,31,"P",NULL,"ἐν","ἐν","ἐν","ἐν"
43,06,31,"RA","DSF","τῇ","τῇ","τῇ","ὁ"
43,06,31,"A","DSF","ἐρήμῳ,","ἐρήμῳ","ἐρήμῳ","ἔρημος"
43,06,31,"C",NULL,"καθώς","καθώς","καθώς","καθώς"
43,06,31,"V","3PAI-S","ἐστιν","ἐστιν","ἐστί(ν)","εἰμί"
43,06,31,"V","XPPNSN","γεγραμμένον·","γεγραμμένον","γεγραμμένον","γράφω"
43,06,31,"N","ASM","Ἄρτον","Ἄρτον","ἄρτον","ἄρτος"
43,06,31,"P",NULL,"ἐκ","ἐκ","ἐκ","ἐκ"
43,06,31,"RA","GSM","τοῦ","τοῦ","τοῦ","ὁ"
43,06,31,"N","GSM","οὐρανοῦ","οὐρανοῦ","οὐρανοῦ","οὐρανός"
43,06,31,"V","3AAI-S","ἔδωκεν","ἔδωκεν","ἔδωκε(ν)","δίδωμι"
43,06,31,"RP","DPM","αὐτοῖς","αὐτοῖς","αὐτοῖς","αὐτός"
43,06,31,"V","AAN","φαγεῖν.","φαγεῖν","φαγεῖν","ἐσθίω"
43,06,32,"V","3AAI-S","εἶπεν","εἶπεν","εἶπε(ν)","λέγω"
43,06,32,"C",NULL,"οὖν","οὖν","οὖν","οὖν"
43,06,32,"RP","DPM","αὐτοῖς","αὐτοῖς","αὐτοῖς","αὐτός"
43,06,32,"RA","NSM","ὁ","ὁ","ὁ","ὁ"
43,06,32,"N","NSM","Ἰησοῦς·","Ἰησοῦς","Ἰησοῦς","Ἰησοῦς"
43,06,32,"X",NULL,"Ἀμὴν","Ἀμὴν","ἀμήν","ἀμήν"
43,06,32,"X",NULL,"ἀμὴν","ἀμὴν","ἀμήν","ἀμήν"
43,06,32,"V","1PAI-S","λέγω","λέγω","λέγω","λέγω"
43,06,32,"RP","DP","ὑμῖν,","ὑμῖν","ὑμῖν","σύ"
43,06,32,"D",NULL,"οὐ","οὐ","οὐ","οὐ"
43,06,32,"N","NSM","Μωϋσῆς","Μωϋσῆς","Μωϋσῆς","Μωϋσῆς"
43,06,32,"V","3XAI-S","⸀δέδωκεν","δέδωκεν","δέδωκε(ν)","δίδωμι"
43,06,32,"RP","DP","ὑμῖν","ὑμῖν","ὑμῖν","σύ"
43,06,32,"RA","ASM","τὸν","τὸν","τόν","ὁ"
43,06,32,"N","ASM","ἄρτον","ἄρτον","ἄρτον","ἄρτος"
43,06,32,"P",NULL,"ἐκ","ἐκ","ἐκ","ἐκ"
43,06,32,"RA","GSM","τοῦ","τοῦ","τοῦ","ὁ"
43,06,32,"N","GSM","οὐρανοῦ,","οὐρανοῦ","οὐρανοῦ","οὐρανός"
43,06,32,"C",NULL,"ἀλλ’","ἀλλ’","ἀλλά","ἀλλά"
43,06,32,"RA","NSM","ὁ","ὁ","ὁ","ὁ"
43,06,32,"N","NSM","πατήρ","πατήρ","πατήρ","πατήρ"
43,06,32,"RP","GS","μου","μου","μου","ἐγώ"
43,06,32,"V","3PAI-S","δίδωσιν","δίδωσιν","δίδωσι(ν)","δίδωμι"
43,06,32,"RP","DP","ὑμῖν","ὑμῖν","ὑμῖν","σύ"
43,06,32,"RA","ASM","τὸν","τὸν","τόν","ὁ"
43,06,32,"N","ASM","ἄρτον","ἄρτον","ἄρτον","ἄρτος"
43,06,32,"P",NULL,"ἐκ","ἐκ","ἐκ","ἐκ"
43,06,32,"RA","GSM","τοῦ","τοῦ","τοῦ","ὁ"
43,06,32,"N","GSM","οὐρανοῦ","οὐρανοῦ","οὐρανοῦ","οὐρανός"
43,06,32,"RA","ASM","τὸν","τὸν","τόν","ὁ"
43,06,32,"A","ASM","ἀληθινόν·","ἀληθινόν","ἀληθινόν","ἀληθινός"
43,06,33,"RA","NSM","ὁ","ὁ","ὁ","ὁ"
43,06,33,"C",NULL,"γὰρ","γὰρ","γάρ","γάρ"
43,06,33,"N","NSM","ἄρτος","ἄρτος","ἄρτος","ἄρτος"
43,06,33,"RA","GSM","τοῦ","τοῦ","τοῦ","ὁ"
43,06,33,"N","GSM","θεοῦ","θεοῦ","θεοῦ","θεός"
43,06,33,"V","3PAI-S","ἐστιν","ἐστιν","ἐστί(ν)","εἰμί"
43,06,33,"RA","NSM","ὁ","ὁ","ὁ","ὁ"
43,06,33,"V","PAPNSM","καταβαίνων","καταβαίνων","καταβαίνων","καταβαίνω"
43,06,33,"P",NULL,"ἐκ","ἐκ","ἐκ","ἐκ"
43,06,33,"RA","GSM","τοῦ","τοῦ","τοῦ","ὁ"
43,06,33,"N","GSM","οὐρανοῦ","οὐρανοῦ","οὐρανοῦ","οὐρανός"
43,06,33,"C",NULL,"καὶ","καὶ","καί","καί"
43,06,33,"N","ASF","ζωὴν","ζωὴν","ζωήν","ζωή"
43,06,33,"V","PAPNSM","διδοὺς","διδοὺς","διδούς","δίδωμι"
43,06,33,"RA","DSM","τῷ","τῷ","τῷ","ὁ"
43,06,33,"N","DSM","κόσμῳ.","κόσμῳ","κόσμῳ","κόσμος"
43,06,34,"V","3AAI-P","εἶπον","εἶπον","εἶπον","λέγω"
43,06,34,"C",NULL,"οὖν","οὖν","οὖν","οὖν"
43,06,34,"P",NULL,"πρὸς","πρὸς","πρός","πρός"
43,06,34,"RP","ASM","αὐτόν·","αὐτόν","αὐτόν","αὐτός"
43,06,34,"N","VSM","Κύριε,","Κύριε","κύριε","κύριος"
43,06,34,"D",NULL,"πάντοτε","πάντοτε","πάντοτε","πάντοτε"
43,06,34,"V","2AAD-S","δὸς","δὸς","δός","δίδωμι"
43,06,34,"RP","DP","ἡμῖν","ἡμῖν","ἡμῖν","ἐγώ"
43,06,34,"RA","ASM","τὸν","τὸν","τόν","ὁ"
43,06,34,"N","ASM","ἄρτον","ἄρτον","ἄρτον","ἄρτος"
43,06,34,"RD","ASM","τοῦτον.","τοῦτον","τοῦτον","οὗτος"
43,06,35,"V","3AAI-S","⸀Εἶπεν","Εἶπεν","εἶπε(ν)","λέγω"
43,06,35,"RP","DPM","αὐτοῖς","αὐτοῖς","αὐτοῖς","αὐτός"
43,06,35,"RA","NSM","ὁ","ὁ","ὁ","ὁ"
43,06,35,"N","NSM","Ἰησοῦς·","Ἰησοῦς","Ἰησοῦς","Ἰησοῦς"
43,06,35,"RP","NS","Ἐγώ","Ἐγώ","ἐγώ","ἐγώ"
43,06,35,"V","1PAI-S","εἰμι","εἰμι","εἰμί","εἰμί"
43,06,35,"RA","NSM","ὁ","ὁ","ὁ","ὁ"
43,06,35,"N","NSM","ἄρτος","ἄρτος","ἄρτος","ἄρτος"
43,06,35,"RA","GSF","τῆς","τῆς","τῆς","ὁ"
43,06,35,"N","GSF","ζωῆς·","ζωῆς","ζωῆς","ζωή"
43,06,35,"RA","NSM","ὁ","ὁ","ὁ","ὁ"
43,06,35,"V","PMPNSM","ἐρχόμενος","ἐρχόμενος","ἐρχόμενος","ἔρχομαι"
43,06,35,"P",NULL,"πρὸς","πρὸς","πρός","πρός"
43,06,35,"RP","AS","ἐμὲ","ἐμὲ","ἐμέ","ἐγώ"
43,06,35,"D",NULL,"οὐ","οὐ","οὐ","οὐ"
43,06,35,"D",NULL,"μὴ","μὴ","μή","μή"
43,06,35,"V","3AAS-S","πεινάσῃ,","πεινάσῃ","πεινάσῃ","πεινάω"
43,06,35,"C",NULL,"καὶ","καὶ","καί","καί"
43,06,35,"RA","NSM","ὁ","ὁ","ὁ","ὁ"
43,06,35,"V","PAPNSM","πιστεύων","πιστεύων","πιστεύων","πιστεύω"
43,06,35,"P",NULL,"εἰς","εἰς","εἰς","εἰς"
43,06,35,"RP","AS","⸀ἐμὲ","ἐμὲ","ἐμέ","ἐγώ"
43,06,35,"D",NULL,"οὐ","οὐ","οὐ","οὐ"
43,06,35,"D",NULL,"μὴ","μὴ","μή","μή"
43,06,35,"V","3FAI-S","⸀διψήσει","διψήσει","διψήσει","διψάω"
43,06,35,"D",NULL,"πώποτε.","πώποτε","πώποτε","πώποτε"
43,06,36,"C",NULL,"ἀλλ’","ἀλλ’","ἀλλά","ἀλλά"
43,06,36,"V","1AAI-S","εἶπον","εἶπον","εἶπον","λέγω"
43,06,36,"RP","DP","ὑμῖν","ὑμῖν","ὑμῖν","σύ"
43,06,36,"C",NULL,"ὅτι","ὅτι","ὅτι","ὅτι"
43,06,36,"C",NULL,"καὶ","καὶ","καί","καί"
43,06,36,"V","2XAI-P","ἑωράκατέ","ἑωράκατέ","ἑωράκατε","ὁράω"
43,06,36,"RP","AS","με","με","με","ἐγώ"
43,06,36,"C",NULL,"καὶ","καὶ","καί","καί"
43,06,36,"D",NULL,"οὐ","οὐ","οὐ","οὐ"
43,06,36,"V","2PAI-P","πιστεύετε.","πιστεύετε","πιστεύετε","πιστεύω"
43,06,37,"A","NSN","πᾶν","πᾶν","πᾶν","πᾶς"
43,06,37,"RR","ASN","ὃ","ὃ","ὅ","ὅς"
43,06,37,"V","3PAI-S","δίδωσίν","δίδωσίν","δίδωσι(ν)","δίδωμι"
43,06,37,"RP","DS","μοι","μοι","μοι","ἐγώ"
43,06,37,"RA","NSM","ὁ","ὁ","ὁ","ὁ"
43,06,37,"N","NSM","πατὴρ","πατὴρ","πατήρ","πατήρ"
43,06,37,"P",NULL,"πρὸς","πρὸς","πρός","πρός"
43,06,37,"RP","AS","ἐμὲ","ἐμὲ","ἐμέ","ἐγώ"
43,06,37,"V","3FAI-S","ἥξει,","ἥξει","ἥξει","ἥκω"
43,06,37,"C",NULL,"καὶ","καὶ","καί","καί"
43,06,37,"RA","ASM","τὸν","τὸν","τόν","ὁ"
43,06,37,"V","PMPASM","ἐρχόμενον","ἐρχόμενον","ἐρχόμενον","ἔρχομαι"
43,06,37,"P",NULL,"πρός","πρός","πρός","πρός"
43,06,37,"RP","AS","⸀με","με","με","ἐγώ"
43,06,37,"D",NULL,"οὐ","οὐ","οὐ","οὐ"
43,06,37,"D",NULL,"μὴ","μὴ","μή","μή"
43,06,37,"V","1AAS-S","ἐκβάλω","ἐκβάλω","ἐκβάλω","ἐκβάλλω"
43,06,37,"D",NULL,"ἔξω,","ἔξω","ἔξω","ἔξω"
43,06,38,"C",NULL,"ὅτι","ὅτι","ὅτι","ὅτι"
43,06,38,"V","1XAI-S","καταβέβηκα","καταβέβηκα","καταβέβηκα","καταβαίνω"
43,06,38,"P",NULL,"⸀ἀπὸ","ἀπὸ","ἀπό","ἀπό"
43,06,38,"RA","GSM","τοῦ","τοῦ","τοῦ","ὁ"
43,06,38,"N","GSM","οὐρανοῦ","οὐρανοῦ","οὐρανοῦ","οὐρανός"
43,06,38,"D",NULL,"οὐχ","οὐχ","οὐ","οὐ"
43,06,38,"C",NULL,"ἵνα","ἵνα","ἵνα","ἵνα"
43,06,38,"V","1PAS-S","ποιῶ","ποιῶ","ποιῶ","ποιέω"
43,06,38,"RA","ASN","τὸ","τὸ","τό","ὁ"
43,06,38,"N","ASN","θέλημα","θέλημα","θέλημα","θέλημα"
43,06,38,"RA","ASN","τὸ","τὸ","τό","ὁ"
43,06,38,"A","ASN","ἐμὸν","ἐμὸν","ἐμόν","ἐμός"
43,06,38,"C",NULL,"ἀλλὰ","ἀλλὰ","ἀλλά","ἀλλά"
43,06,38,"RA","ASN","τὸ","τὸ","τό","ὁ"
43,06,38,"N","ASN","θέλημα","θέλημα","θέλημα","θέλημα"
43,06,38,"RA","GSM","τοῦ","τοῦ","τοῦ","ὁ"
43,06,38,"V","AAPGSM","πέμψαντός","πέμψαντός","πέμψαντος","πέμπω"
43,06,38,"RP","AS","με·","με","με","ἐγώ"
43,06,39,"RD","NSN","τοῦτο","τοῦτο","τοῦτο","οὗτος"
43,06,39,"C",NULL,"δέ","δέ","δέ","δέ"
43,06,39,"V","3PAI-S","ἐστιν","ἐστιν","ἐστί(ν)","εἰμί"
43,06,39,"RA","NSN","τὸ","τὸ","τό","ὁ"
43,06,39,"N","NSN","θέλημα","θέλημα","θέλημα","θέλημα"
43,06,39,"RA","GSM","τοῦ","τοῦ","τοῦ","ὁ"
43,06,39,"V","AAPGSM","πέμψαντός","πέμψαντός","πέμψαντος","πέμπω"
43,06,39,"RP","AS","⸀με","με","με","ἐγώ"
43,06,39,"D",NULL,"ἵνα","ἵνα","ἵνα","ἵνα"
43,06,39,"A","ASN","πᾶν","πᾶν","πᾶν","πᾶς"
43,06,39,"RR","ASN","ὃ","ὃ","ὅ","ὅς"
43,06,39,"V","3XAI-S","δέδωκέν","δέδωκέν","δέδωκε(ν)","δίδωμι"
43,06,39,"RP","DS","μοι","μοι","μοι","ἐγώ"
43,06,39,"D",NULL,"μὴ","μὴ","μή","μή"
43,06,39,"V","1AAS-S","ἀπολέσω","ἀπολέσω","ἀπολέσω","ἀπόλλυμι"
43,06,39,"P",NULL,"ἐξ","ἐξ","ἐκ","ἐκ"
43,06,39,"RP","GSN","αὐτοῦ","αὐτοῦ","αὐτοῦ","αὐτός"
43,06,39,"C",NULL,"ἀλλὰ","ἀλλὰ","ἀλλά","ἀλλά"
43,06,39,"V","1AAS-S","ἀναστήσω","ἀναστήσω","ἀναστήσω","ἀνίστημι"
43,06,39,"RP","ASN","⸀αὐτὸ","αὐτὸ","αὐτό","αὐτός"
43,06,39,"RA","DSF","τῇ","τῇ","τῇ","ὁ"
43,06,39,"A","DSF","ἐσχάτῃ","ἐσχάτῃ","ἐσχάτῃ","ἔσχατος"
43,06,39,"N","DSF","ἡμέρᾳ.","ἡμέρᾳ","ἡμέρᾳ","ἡμέρα"
43,06,40,"RD","NSN","τοῦτο","τοῦτο","τοῦτο","οὗτος"
43,06,40,"C",NULL,"⸀γάρ","γάρ","γάρ","γάρ"
43,06,40,"V","3PAI-S","ἐστιν","ἐστιν","ἐστί(ν)","εἰμί"
43,06,40,"RA","NSN","τὸ","τὸ","τό","ὁ"
43,06,40,"N","NSN","θέλημα","θέλημα","θέλημα","θέλημα"
43,06,40,"RA","GSM","τοῦ","τοῦ","τοῦ","ὁ"
43,06,40,"N","GSM","⸂πατρός","πατρός","πατρός","πατήρ"
43,06,40,"RP","GS","μου⸃","μου","μου","ἐγώ"
43,06,40,"D",NULL,"ἵνα","ἵνα","ἵνα","ἵνα"
43,06,40,"A","NSM","πᾶς","πᾶς","πᾶς","πᾶς"
43,06,40,"RA","NSM","ὁ","ὁ","ὁ","ὁ"
43,06,40,"V","PAPNSM","θεωρῶν","θεωρῶν","θεωρῶν","θεωρέω"
43,06,40,"RA","ASM","τὸν","τὸν","τόν","ὁ"
43,06,40,"N","ASM","υἱὸν","υἱὸν","υἱόν","υἱός"
43,06,40,"C",NULL,"καὶ","καὶ","καί","καί"
43,06,40,"V","PAPNSM","πιστεύων","πιστεύων","πιστεύων","πιστεύω"
43,06,40,"P",NULL,"εἰς","εἰς","εἰς","εἰς"
43,06,40,"RP","ASM","αὐτὸν","αὐτὸν","αὐτόν","αὐτός"
43,06,40,"V","3PAS-S","ἔχῃ","ἔχῃ","ἔχῃ","ἔχω"
43,06,40,"N","ASF","ζωὴν","ζωὴν","ζωήν","ζωή"
43,06,40,"A","ASF","αἰώνιον,","αἰώνιον","αἰώνιον","αἰώνιος"
43,06,40,"C",NULL,"καὶ","καὶ","καί","καί"
43,06,40,"V","1FAI-S","ἀναστήσω","ἀναστήσω","ἀναστήσω","ἀνίστημι"
43,06,40,"RP","ASM","αὐτὸν","αὐτὸν","αὐτόν","αὐτός"
43,06,40,"RP","NS","⸀ἐγὼ","ἐγὼ","ἐγώ","ἐγώ"
43,06,40,"RA","DSF","τῇ","τῇ","τῇ","ὁ"
43,06,40,"A","DSF","ἐσχάτῃ","ἐσχάτῃ","ἐσχάτῃ","ἔσχατος"
43,06,40,"N","DSF","ἡμέρᾳ.","ἡμέρᾳ","ἡμέρᾳ","ἡμέρα"
43,06,41,"V","3IAI-P","Ἐγόγγυζον","Ἐγόγγυζον","ἐγόγγυζον","γογγύζω"
43,06,41,"C",NULL,"οὖν","οὖν","οὖν","οὖν"
43,06,41,"RA","NPM","οἱ","οἱ","οἱ","ὁ"
43,06,41,"A","NPM","Ἰουδαῖοι","Ἰουδαῖοι","Ἰουδαῖοι","Ἰουδαῖος"
43,06,41,"P",NULL,"περὶ","περὶ","περί","περί"
43,06,41,"RP","GSM","αὐτοῦ","αὐτοῦ","αὐτοῦ","αὐτός"
43,06,41,"C",NULL,"ὅτι","ὅτι","ὅτι","ὅτι"
43,06,41,"V","3AAI-S","εἶπεν·","εἶπεν","εἶπε(ν)","λέγω"
43,06,41,"RP","NS","Ἐγώ","Ἐγώ","ἐγώ","ἐγώ"
43,06,41,"V","1PAI-S","εἰμι","εἰμι","εἰμί","εἰμί"
43,06,41,"RA","NSM","ὁ","ὁ","ὁ","ὁ"
43,06,41,"N","NSM","ἄρτος","ἄρτος","ἄρτος","ἄρτος"
43,06,41,"RA","NSM","ὁ","ὁ","ὁ","ὁ"
43,06,41,"V","AAPNSM","καταβὰς","καταβὰς","καταβάς","καταβαίνω"
43,06,41,"P",NULL,"ἐκ","ἐκ","ἐκ","ἐκ"
43,06,41,"RA","GSM","τοῦ","τοῦ","τοῦ","ὁ"
43,06,41,"N","GSM","οὐρανοῦ,","οὐρανοῦ","οὐρανοῦ","οὐρανός"
43,06,42,"C",NULL,"καὶ","καὶ","καί","καί"
43,06,42,"V","3IAI-P","ἔλεγον·","ἔλεγον","ἔλεγον","λέγω"
43,06,42,"X",NULL,"⸀Οὐχ","Οὐχ","οὐ","οὐ"
43,06,42,"RD","NSM","οὗτός","οὗτός","οὗτος","οὗτος"
43,06,42,"V","3PAI-S","ἐστιν","ἐστιν","ἐστί(ν)","εἰμί"
43,06,42,"N","NSM","Ἰησοῦς","Ἰησοῦς","Ἰησοῦς","Ἰησοῦς"
43,06,42,"RA","NSM","ὁ","ὁ","ὁ","ὁ"
43,06,42,"N","NSM","υἱὸς","υἱὸς","υἱός","υἱός"
43,06,42,"N","GSM","Ἰωσήφ,","Ἰωσήφ","Ἰωσήφ","Ἰωσήφ"
43,06,42,"RR","GSM","οὗ","οὗ","οὗ","ὅς"
43,06,42,"RP","NP","ἡμεῖς","ἡμεῖς","ἡμεῖς","ἐγώ"
43,06,42,"V","1XAI-P","οἴδαμεν","οἴδαμεν","οἴδαμεν","οἶδα"
43,06,42,"RA","ASM","τὸν","τὸν","τόν","ὁ"
43,06,42,"N","ASM","πατέρα","πατέρα","πατέρα","πατήρ"
43,06,42,"C",NULL,"καὶ","καὶ","καί","καί"
43,06,42,"RA","ASF","τὴν","τὴν","τήν","ὁ"
43,06,42,"N","ASF","μητέρα;","μητέρα","μητέρα","μήτηρ"
43,06,42,"D",NULL,"πῶς","πῶς","πῶς","πῶς"
43,06,42,"D",NULL,"⸀νῦν","νῦν","νῦν","νῦν"
43,06,42,"V","3PAI-S","⸀λέγει","λέγει","λέγει","λέγω"
43,06,42,"C",NULL,"ὅτι","ὅτι","ὅτι","ὅτι"
43,06,42,"P",NULL,"Ἐκ","Ἐκ","ἐκ","ἐκ"
43,06,42,"RA","GSM","τοῦ","τοῦ","τοῦ","ὁ"
43,06,42,"N","GSM","οὐρανοῦ","οὐρανοῦ","οὐρανοῦ","οὐρανός"
43,06,42,"V","1XAI-S","καταβέβηκα;","καταβέβηκα","καταβέβηκα","καταβαίνω"
43,06,43,"V","3API-S","⸀ἀπεκρίθη","ἀπεκρίθη","ἀπεκρίθη","ἀποκρίνομαι"
43,06,43,"N","NSM","Ἰησοῦς","Ἰησοῦς","Ἰησοῦς","Ἰησοῦς"
43,06,43,"C",NULL,"καὶ","καὶ","καί","καί"
43,06,43,"V","3AAI-S","εἶπεν","εἶπεν","εἶπε(ν)","λέγω"
43,06,43,"RP","DPM","αὐτοῖς·","αὐτοῖς","αὐτοῖς","αὐτός"
43,06,43,"D",NULL,"Μὴ","Μὴ","μή","μή"
43,06,43,"V","2PAD-P","γογγύζετε","γογγύζετε","γογγύζετε","γογγύζω"
43,06,43,"P",NULL,"μετ’","μετ’","μετά","μετά"
43,06,43,"RP","GPM","ἀλλήλων.","ἀλλήλων","ἀλλήλων","ἀλλήλων"
43,06,44,"A","NSM","οὐδεὶς","οὐδεὶς","οὐδείς","οὐδείς"
43,06,44,"V","3PMI-S","δύναται","δύναται","δύναται","δύναμαι"
43,06,44,"V","AAN","ἐλθεῖν","ἐλθεῖν","ἐλθεῖν","ἔρχομαι"
43,06,44,"P",NULL,"πρός","πρός","πρός","πρός"
43,06,44,"RP","AS","⸀με","με","με","ἐγώ"
43,06,44,"C",NULL,"ἐὰν","ἐὰν","ἐάν","ἐάν"
43,06,44,"D",NULL,"μὴ","μὴ","μή","μή"
43,06,44,"RA","NSM","ὁ","ὁ","ὁ","ὁ"
43,06,44,"N","NSM","πατὴρ","πατὴρ","πατήρ","πατήρ"
43,06,44,"RA","NSM","ὁ","ὁ","ὁ","ὁ"
43,06,44,"V","AAPNSM","πέμψας","πέμψας","πέμψας","πέμπω"
43,06,44,"RP","AS","με","με","με","ἐγώ"
43,06,44,"V","3AAS-S","ἑλκύσῃ","ἑλκύσῃ","ἑλκύσῃ","ἕλκω"
43,06,44,"RP","ASM","αὐτόν,","αὐτόν","αὐτόν","αὐτός"
43,06,44,"RP","NS","κἀγὼ","κἀγὼ","κἀγώ","κἀγώ"
43,06,44,"V","1FAI-S","ἀναστήσω","ἀναστήσω","ἀναστήσω","ἀνίστημι"
43,06,44,"RP","ASM","αὐτὸν","αὐτὸν","αὐτόν","αὐτός"
43,06,44,"P",NULL,"ἐν","ἐν","ἐν","ἐν"
43,06,44,"RA","DSF","τῇ","τῇ","τῇ","ὁ"
43,06,44,"A","DSF","ἐσχάτῃ","ἐσχάτῃ","ἐσχάτῃ","ἔσχατος"
43,06,44,"N","DSF","ἡμέρᾳ.","ἡμέρᾳ","ἡμέρᾳ","ἡμέρα"
43,06,45,"V","3PAI-S","ἔστιν","ἔστιν","ἐστί(ν)","εἰμί"
43,06,45,"V","XPPNSN","γεγραμμένον","γεγραμμένον","γεγραμμένον","γράφω"
43,06,45,"P",NULL,"ἐν","ἐν","ἐν","ἐν"
43,06,45,"RA","DPM","τοῖς","τοῖς","τοῖς","ὁ"
43,06,45,"N","DPM","προφήταις·","προφήταις","προφήταις","προφήτης"
43,06,45,"C",NULL,"Καὶ","Καὶ","καί","καί"
43,06,45,"V","3FMI-P","ἔσονται","ἔσονται","ἔσονται","εἰμί"
43,06,45,"A","NPM","πάντες","πάντες","πάντες","πᾶς"
43,06,45,"A","NPM","διδακτοὶ","διδακτοὶ","διδακτοί","διδακτός"
43,06,45,"N","GSM","θεοῦ·","θεοῦ","θεοῦ","θεός"
43,06,45,"A","NSM","⸀πᾶς","πᾶς","πᾶς","πᾶς"
43,06,45,"RA","NSM","ὁ","ὁ","ὁ","ὁ"
43,06,45,"V","AAPNSM","⸀ἀκούσας","ἀκούσας","ἀκούσας","ἀκούω"
43,06,45,"P",NULL,"παρὰ","παρὰ","παρά","παρά"
43,06,45,"RA","GSM","τοῦ","τοῦ","τοῦ","ὁ"
43,06,45,"N","GSM","πατρὸς","πατρὸς","πατρός","πατήρ"
43,06,45,"C",NULL,"καὶ","καὶ","καί","καί"
43,06,45,"V","AAPNSM","μαθὼν","μαθὼν","μαθών","μανθάνω"
43,06,45,"V","3PMI-S","ἔρχεται","ἔρχεται","ἔρχεται","ἔρχομαι"
43,06,45,"P",NULL,"πρὸς","πρὸς","πρός","πρός"
43,06,45,"RP","AS","⸀ἐμέ.","ἐμέ","ἐμέ","ἐγώ"
43,06,46,"D",NULL,"οὐχ","οὐχ","οὐ","οὐ"
43,06,46,"C",NULL,"ὅτι","ὅτι","ὅτι","ὅτι"
43,06,46,"RA","ASM","τὸν","τὸν","τόν","ὁ"
43,06,46,"N","ASM","πατέρα","πατέρα","πατέρα","πατήρ"
43,06,46,"V","3XAI-S","⸂ἑώρακέν","ἑώρακέν","ἑώρακε(ν)","ὁράω"
43,06,46,"RI","NSM","τις⸃","τις","τὶς","τις"
43,06,46,"C",NULL,"εἰ","εἰ","εἰ","εἰ"
43,06,46,"D",NULL,"μὴ","μὴ","μή","μή"
43,06,46,"RA","NSM","ὁ","ὁ","ὁ","ὁ"
43,06,46,"V","PAPNSM","ὢν","ὢν","ὤν","εἰμί"
43,06,46,"P",NULL,"παρὰ","παρὰ","παρά","παρά"
43,06,46,"RA","GSM","τοῦ","τοῦ","τοῦ","ὁ"
43,06,46,"N","GSM","θεοῦ,","θεοῦ","θεοῦ","θεός"
43,06,46,"RD","NSM","οὗτος","οὗτος","οὗτος","οὗτος"
43,06,46,"V","3XAI-S","ἑώρακεν","ἑώρακεν","ἑώρακε(ν)","ὁράω"
43,06,46,"RA","ASM","τὸν","τὸν","τόν","ὁ"
43,06,46,"N","ASM","πατέρα.","πατέρα","πατέρα","πατήρ"
43,06,47,"X",NULL,"ἀμὴν","ἀμὴν","ἀμήν","ἀμήν"
43,06,47,"X",NULL,"ἀμὴν","ἀμὴν","ἀμήν","ἀμήν"
43,06,47,"V","1PAI-S","λέγω","λέγω","λέγω","λέγω"
43,06,47,"RP","DP","ὑμῖν,","ὑμῖν","ὑμῖν","σύ"
43,06,47,"RA","NSM","ὁ","ὁ","ὁ","ὁ"
43,06,47,"V","PAPNSM","⸀πιστεύων","πιστεύων","πιστεύων","πιστεύω"
43,06,47,"V","3PAI-S","ἔχει","ἔχει","ἔχει","ἔχω"
43,06,47,"N","ASF","ζωὴν","ζωὴν","ζωήν","ζωή"
43,06,47,"A","ASF","αἰώνιον.","αἰώνιον","αἰώνιον","αἰώνιος"
43,06,48,"RP","NS","ἐγώ","ἐγώ","ἐγώ","ἐγώ"
43,06,48,"V","1PAI-S","εἰμι","εἰμι","εἰμί","εἰμί"
43,06,48,"RA","NSM","ὁ","ὁ","ὁ","ὁ"
43,06,48,"N","NSM","ἄρτος","ἄρτος","ἄρτος","ἄρτος"
43,06,48,"RA","GSF","τῆς","τῆς","τῆς","ὁ"
43,06,48,"N","GSF","ζωῆς·","ζωῆς","ζωῆς","ζωή"
43,06,49,"RA","NPM","οἱ","οἱ","οἱ","ὁ"
43,06,49,"N","NPM","πατέρες","πατέρες","πατέρες","πατήρ"
43,06,49,"RP","GP","ὑμῶν","ὑμῶν","ὑμῶν","σύ"
43,06,49,"V","3AAI-P","ἔφαγον","ἔφαγον","ἔφαγον","ἐσθίω"
43,06,49,"P",NULL,"⸂ἐν","ἐν","ἐν","ἐν"
43,06,49,"RA","DSF","τῇ","τῇ","τῇ","ὁ"
43,06,49,"A","DSF","ἐρήμῳ","ἐρήμῳ","ἐρήμῳ","ἔρημος"
43,06,49,"RA","ASN","τὸ","τὸ","τό","ὁ"
43,06,49,"N","ASN","μάννα⸃","μάννα","μάννα","μάννα"
43,06,49,"C",NULL,"καὶ","καὶ","καί","καί"
43,06,49,"V","3AAI-P","ἀπέθανον·","ἀπέθανον","ἀπέθανον","ἀποθνῄσκω"
43,06,50,"RD","NSM","οὗτός","οὗτός","οὗτος","οὗτος"
43,06,50,"V","3PAI-S","ἐστιν","ἐστιν","ἐστί(ν)","εἰμί"
43,06,50,"RA","NSM","ὁ","ὁ","ὁ","ὁ"
43,06,50,"N","NSM","ἄρτος","ἄρτος","ἄρτος","ἄρτος"
43,06,50,"RA","NSM","ὁ","ὁ","ὁ","ὁ"
43,06,50,"P",NULL,"ἐκ","ἐκ","ἐκ","ἐκ"
43,06,50,"RA","GSM","τοῦ","τοῦ","τοῦ","ὁ"
43,06,50,"N","GSM","οὐρανοῦ","οὐρανοῦ","οὐρανοῦ","οὐρανός"
43,06,50,"V","PAPNSM","καταβαίνων","καταβαίνων","καταβαίνων","καταβαίνω"
43,06,50,"C",NULL,"ἵνα","ἵνα","ἵνα","ἵνα"
43,06,50,"RI","NSM","τις","τις","τὶς","τις"
43,06,50,"P",NULL,"ἐξ","ἐξ","ἐκ","ἐκ"
43,06,50,"RP","GSM","αὐτοῦ","αὐτοῦ","αὐτοῦ","αὐτός"
43,06,50,"V","3AAS-S","φάγῃ","φάγῃ","φάγῃ","ἐσθίω"
43,06,50,"C",NULL,"καὶ","καὶ","καί","καί"
43,06,50,"D",NULL,"μὴ","μὴ","μή","μή"
43,06,50,"V","3AAS-S","ἀποθάνῃ·","ἀποθάνῃ","ἀποθάνῃ","ἀποθνῄσκω"
43,06,51,"RP","NS","ἐγώ","ἐγώ","ἐγώ","ἐγώ"
43,06,51,"V","1PAI-S","εἰμι","εἰμι","εἰμί","εἰμί"
43,06,51,"RA","NSM","ὁ","ὁ","ὁ","ὁ"
43,06,51,"N","NSM","ἄρτος","ἄρτος","ἄρτος","ἄρτος"
43,06,51,"RA","NSM","ὁ","ὁ","ὁ","ὁ"
43,06,51,"V","PAPNSM","ζῶν","ζῶν","ζῶν","ζάω"
43,06,51,"RA","NSM","ὁ","ὁ","ὁ","ὁ"
43,06,51,"P",NULL,"ἐκ","ἐκ","ἐκ","ἐκ"
43,06,51,"RA","GSM","τοῦ","τοῦ","τοῦ","ὁ"
43,06,51,"N","GSM","οὐρανοῦ","οὐρανοῦ","οὐρανοῦ","οὐρανός"
43,06,51,"V","AAPNSM","καταβάς·","καταβάς","καταβάς","καταβαίνω"
43,06,51,"C",NULL,"ἐάν","ἐάν","ἐάν","ἐάν"
43,06,51,"RI","NSM","τις","τις","τὶς","τις"
43,06,51,"V","3AAS-S","φάγῃ","φάγῃ","φάγῃ","ἐσθίω"
43,06,51,"P",NULL,"ἐκ","ἐκ","ἐκ","ἐκ"
43,06,51,"RD","GSM","τούτου","τούτου","τούτου","οὗτος"
43,06,51,"RA","GSM","τοῦ","τοῦ","τοῦ","ὁ"
43,06,51,"N","GSM","ἄρτου","ἄρτου","ἄρτου","ἄρτος"
43,06,51,"V","3FAI-S","⸀ζήσει","ζήσει","ζήσει","ζάω"
43,06,51,"P",NULL,"εἰς","εἰς","εἰς","εἰς"
43,06,51,"RA","ASM","τὸν","τὸν","τόν","ὁ"
43,06,51,"N","ASM","αἰῶνα,","αἰῶνα","αἰῶνα","αἰών"
43,06,51,"C",NULL,"καὶ","καὶ","καί","καί"
43,06,51,"RA","NSM","ὁ","ὁ","ὁ","ὁ"
43,06,51,"N","NSM","ἄρτος","ἄρτος","ἄρτος","ἄρτος"
43,06,51,"C",NULL,"δὲ","δὲ","δέ","δέ"
43,06,51,"RR","ASM","ὃν","ὃν","ὅν","ὅς"
43,06,51,"RP","NS","ἐγὼ","ἐγὼ","ἐγώ","ἐγώ"
43,06,51,"V","1FAI-S","δώσω","δώσω","δώσω","δίδωμι"
43,06,51,"RA","NSF","ἡ","ἡ","ἡ","ὁ"
43,06,51,"N","NSF","σάρξ","σάρξ","σάρξ","σάρξ"
43,06,51,"RP","GS","μού","μού","μου","ἐγώ"
43,06,51,"V","3PAI-S","⸀ἐστιν","ἐστιν","ἐστί(ν)","εἰμί"
43,06,51,"P",NULL,"ὑπὲρ","ὑπὲρ","ὑπέρ","ὑπέρ"
43,06,51,"RA","GSF","τῆς","τῆς","τῆς","ὁ"
43,06,51,"RA","GSM","τοῦ","τοῦ","τοῦ","ὁ"
43,06,51,"N","GSM","κόσμου","κόσμου","κόσμου","κόσμος"
43,06,51,"N","GSF","ζωῆς.","ζωῆς","ζωῆς","ζωή"
43,06,52,"V","3IMI-P","Ἐμάχοντο","Ἐμάχοντο","ἐμάχοντο","μάχομαι"
43,06,52,"C",NULL,"οὖν","οὖν","οὖν","οὖν"
43,06,52,"P",NULL,"πρὸς","πρὸς","πρός","πρός"
43,06,52,"RP","APM","ἀλλήλους","ἀλλήλους","ἀλλήλους","ἀλλήλων"
43,06,52,"RA","NPM","οἱ","οἱ","οἱ","ὁ"
43,06,52,"A","NPM","Ἰουδαῖοι","Ἰουδαῖοι","Ἰουδαῖοι","Ἰουδαῖος"
43,06,52,"V","PAPNPM","λέγοντες·","λέγοντες","λέγοντες","λέγω"
43,06,52,"D",NULL,"Πῶς","Πῶς","πῶς","πῶς"
43,06,52,"V","3PMI-S","δύναται","δύναται","δύναται","δύναμαι"
43,06,52,"RD","NSM","οὗτος","οὗτος","οὗτος","οὗτος"
43,06,52,"RP","DP","ἡμῖν","ἡμῖν","ἡμῖν","ἐγώ"
43,06,52,"V","AAN","δοῦναι","δοῦναι","δοῦναι","δίδωμι"
43,06,52,"RA","ASF","τὴν","τὴν","τήν","ὁ"
43,06,52,"N","ASF","σάρκα","σάρκα","σάρκα","σάρξ"
43,06,52,"RP","GSM","⸀αὐτοῦ","αὐτοῦ","αὐτοῦ","αὐτός"
43,06,52,"V","AAN","φαγεῖν;","φαγεῖν","φαγεῖν","ἐσθίω"
43,06,53,"V","3AAI-S","εἶπεν","εἶπεν","εἶπε(ν)","λέγω"
43,06,53,"C",NULL,"οὖν","οὖν","οὖν","οὖν"
43,06,53,"RP","DPM","αὐτοῖς","αὐτοῖς","αὐτοῖς","αὐτός"
43,06,53,"RA","NSM","ὁ","ὁ","ὁ","ὁ"
43,06,53,"N","NSM","Ἰησοῦς·","Ἰησοῦς","Ἰησοῦς","Ἰησοῦς"
43,06,53,"X",NULL,"Ἀμὴν","Ἀμὴν","ἀμήν","ἀμήν"
43,06,53,"X",NULL,"ἀμὴν","ἀμὴν","ἀμήν","ἀμήν"
43,06,53,"V","1PAI-S","λέγω","λέγω","λέγω","λέγω"
43,06,53,"RP","DP","ὑμῖν,","ὑμῖν","ὑμῖν","σύ"
43,06,53,"C",NULL,"ἐὰν","ἐὰν","ἐάν","ἐάν"
43,06,53,"D",NULL,"μὴ","μὴ","μή","μή"
43,06,53,"V","2AAS-P","φάγητε","φάγητε","φάγητε","ἐσθίω"
43,06,53,"RA","ASF","τὴν","τὴν","τήν","ὁ"
43,06,53,"N","ASF","σάρκα","σάρκα","σάρκα","σάρξ"
43,06,53,"RA","GSM","τοῦ","τοῦ","τοῦ","ὁ"
43,06,53,"N","GSM","υἱοῦ","υἱοῦ","υἱοῦ","υἱός"
43,06,53,"RA","GSM","τοῦ","τοῦ","τοῦ","ὁ"
43,06,53,"N","GSM","ἀνθρώπου","ἀνθρώπου","ἀνθρώπου","ἄνθρωπος"
43,06,53,"C",NULL,"καὶ","καὶ","καί","καί"
43,06,53,"V","2AAS-P","πίητε","πίητε","πίητε","πίνω"
43,06,53,"RP","GSM","αὐτοῦ","αὐτοῦ","αὐτοῦ","αὐτός"
43,06,53,"RA","ASN","τὸ","τὸ","τό","ὁ"
43,06,53,"N","ASN","αἷμα,","αἷμα","αἷμα","αἷμα"
43,06,53,"D",NULL,"οὐκ","οὐκ","οὐ","οὐ"
43,06,53,"V","2PAI-P","ἔχετε","ἔχετε","ἔχετε","ἔχω"
43,06,53,"N","ASF","ζωὴν","ζωὴν","ζωήν","ζωή"
43,06,53,"P",NULL,"ἐν","ἐν","ἐν","ἐν"
43,06,53,"RP","DPM","ἑαυτοῖς.","ἑαυτοῖς","ἑαυτοῖς","ἑαυτοῦ"
43,06,54,"RA","NSM","ὁ","ὁ","ὁ","ὁ"
43,06,54,"V","PAPNSM","τρώγων","τρώγων","τρώγων","τρώγω"
43,06,54,"RP","GS","μου","μου","μου","ἐγώ"
43,06,54,"RA","ASF","τὴν","τὴν","τήν","ὁ"
43,06,54,"N","ASF","σάρκα","σάρκα","σάρκα","σάρξ"
43,06,54,"C",NULL,"καὶ","καὶ","καί","καί"
43,06,54,"V","PAPNSM","πίνων","πίνων","πίνων","πίνω"
43,06,54,"RP","GS","μου","μου","μου","ἐγώ"
43,06,54,"RA","ASN","τὸ","τὸ","τό","ὁ"
43,06,54,"N","ASN","αἷμα","αἷμα","αἷμα","αἷμα"
43,06,54,"V","3PAI-S","ἔχει","ἔχει","ἔχει","ἔχω"
43,06,54,"N","ASF","ζωὴν","ζωὴν","ζωήν","ζωή"
43,06,54,"A","ASF","αἰώνιον,","αἰώνιον","αἰώνιον","αἰώνιος"
43,06,54,"RP","NS","κἀγὼ","κἀγὼ","κἀγώ","κἀγώ"
43,06,54,"V","1FAI-S","ἀναστήσω","ἀναστήσω","ἀναστήσω","ἀνίστημι"
43,06,54,"RP","ASM","αὐτὸν","αὐτὸν","αὐτόν","αὐτός"
43,06,54,"RA","DSF","τῇ","τῇ","τῇ","ὁ"
43,06,54,"A","DSF","ἐσχάτῃ","ἐσχάτῃ","ἐσχάτῃ","ἔσχατος"
43,06,54,"N","DSF","ἡμέρᾳ.","ἡμέρᾳ","ἡμέρᾳ","ἡμέρα"
43,06,55,"RA","NSF","ἡ","ἡ","ἡ","ὁ"
43,06,55,"C",NULL,"γὰρ","γὰρ","γάρ","γάρ"
43,06,55,"N","NSF","σάρξ","σάρξ","σάρξ","σάρξ"
43,06,55,"RP","GS","μου","μου","μου","ἐγώ"
43,06,55,"A","NSF","⸀ἀληθής","ἀληθής","ἀληθής","ἀληθής"
43,06,55,"V","3PAI-S","ἐστι","ἐστι","ἐστί(ν)","εἰμί"
43,06,55,"N","NSF","βρῶσις,","βρῶσις","βρῶσις","βρῶσις"
43,06,55,"C",NULL,"καὶ","καὶ","καί","καί"
43,06,55,"RA","NSN","τὸ","τὸ","τό","ὁ"
43,06,55,"N","NSN","αἷμά","αἷμά","αἷμα","αἷμα"
43,06,55,"RP","GS","μου","μου","μου","ἐγώ"
43,06,55,"A","NSF","⸁ἀληθής","ἀληθής","ἀληθής","ἀληθής"
43,06,55,"V","3PAI-S","ἐστι","ἐστι","ἐστί(ν)","εἰμί"
43,06,55,"N","NSF","πόσις.","πόσις","πόσις","πόσις"
43,06,56,"RA","NSM","ὁ","ὁ","ὁ","ὁ"
43,06,56,"V","PAPNSM","τρώγων","τρώγων","τρώγων","τρώγω"
43,06,56,"RP","GS","μου","μου","μου","ἐγώ"
43,06,56,"RA","ASF","τὴν","τὴν","τήν","ὁ"
43,06,56,"N","ASF","σάρκα","σάρκα","σάρκα","σάρξ"
43,06,56,"C",NULL,"καὶ","καὶ","καί","καί"
43,06,56,"V","PAPNSM","πίνων","πίνων","πίνων","πίνω"
43,06,56,"RP","GS","μου","μου","μου","ἐγώ"
43,06,56,"RA","ASN","τὸ","τὸ","τό","ὁ"
43,06,56,"N","ASN","αἷμα","αἷμα","αἷμα","αἷμα"
43,06,56,"P",NULL,"ἐν","ἐν","ἐν","ἐν"
43,06,56,"RP","DS","ἐμοὶ","ἐμοὶ","ἐμοί","ἐγώ"
43,06,56,"V","3PAI-S","μένει","μένει","μένει","μένω"
43,06,56,"RP","NS","κἀγὼ","κἀγὼ","κἀγώ","κἀγώ"
43,06,56,"P",NULL,"ἐν","ἐν","ἐν","ἐν"
43,06,56,"RP","DSM","αὐτῷ.","αὐτῷ","αὐτῷ","αὐτός"
43,06,57,"C",NULL,"καθὼς","καθὼς","καθώς","καθώς"
43,06,57,"V","3AAI-S","ἀπέστειλέν","ἀπέστειλέν","ἀπέστειλε(ν)","ἀποστέλλω"
43,06,57,"RP","AS","με","με","με","ἐγώ"
43,06,57,"RA","NSM","ὁ","ὁ","ὁ","ὁ"
43,06,57,"V","PAPNSM","ζῶν","ζῶν","ζῶν","ζάω"
43,06,57,"N","NSM","πατὴρ","πατὴρ","πατήρ","πατήρ"
43,06,57,"RP","NS","κἀγὼ","κἀγὼ","κἀγώ","κἀγώ"
43,06,57,"V","1PAI-S","ζῶ","ζῶ","ζῶ","ζάω"
43,06,57,"P",NULL,"διὰ","διὰ","διά","διά"
43,06,57,"RA","ASM","τὸν","τὸν","τόν","ὁ"
43,06,57,"N","ASM","πατέρα,","πατέρα","πατέρα","πατήρ"
43,06,57,"C",NULL,"καὶ","καὶ","καί","καί"
43,06,57,"RA","NSM","ὁ","ὁ","ὁ","ὁ"
43,06,57,"V","PAPNSM","τρώγων","τρώγων","τρώγων","τρώγω"
43,06,57,"RP","AS","με","με","με","ἐγώ"
43,06,57,"RD","NSM","κἀκεῖνος","κἀκεῖνος","κἀκεῖνος","κἀκεῖνος"
43,06,57,"V","3FAI-S","⸀ζήσει","ζήσει","ζήσει","ζάω"
43,06,57,"P",NULL,"δι’","δι’","διά","διά"
43,06,57,"RP","AS","ἐμέ.","ἐμέ","ἐμέ","ἐγώ"
43,06,58,"RD","NSM","οὗτός","οὗτός","οὗτος","οὗτος"
43,06,58,"V","3PAI-S","ἐστιν","ἐστιν","ἐστί(ν)","εἰμί"
43,06,58,"RA","NSM","ὁ","ὁ","ὁ","ὁ"
43,06,58,"N","NSM","ἄρτος","ἄρτος","ἄρτος","ἄρτος"
43,06,58,"RA","NSM","ὁ","ὁ","ὁ","ὁ"
43,06,58,"P",NULL,"⸀ἐξ","ἐξ","ἐκ","ἐκ"
43,06,58,"N","GSM","οὐρανοῦ","οὐρανοῦ","οὐρανοῦ","οὐρανός"
43,06,58,"V","AAPNSM","καταβάς,","καταβάς","καταβάς","καταβαίνω"
43,06,58,"D",NULL,"οὐ","οὐ","οὐ","οὐ"
43,06,58,"C",NULL,"καθὼς","καθὼς","καθώς","καθώς"
43,06,58,"V","3AAI-P","ἔφαγον","ἔφαγον","ἔφαγον","ἐσθίω"
43,06,58,"RA","NPM","οἱ","οἱ","οἱ","ὁ"
43,06,58,"N","NPM","⸀πατέρες","πατέρες","πατέρες","πατήρ"
43,06,58,"C",NULL,"καὶ","καὶ","καί","καί"
43,06,58,"V","3AAI-P","ἀπέθανον·","ἀπέθανον","ἀπέθανον","ἀποθνῄσκω"
43,06,58,"RA","NSM","ὁ","ὁ","ὁ","ὁ"
43,06,58,"V","PAPNSM","τρώγων","τρώγων","τρώγων","τρώγω"
43,06,58,"RD","ASM","τοῦτον","τοῦτον","τοῦτον","οὗτος"
43,06,58,"RA","ASM","τὸν","τὸν","τόν","ὁ"
43,06,58,"N","ASM","ἄρτον","ἄρτον","ἄρτον","ἄρτος"
43,06,58,"V","3FAI-S","⸀ζήσει","ζήσει","ζήσει","ζάω"
43,06,58,"P",NULL,"εἰς","εἰς","εἰς","εἰς"
43,06,58,"RA","ASM","τὸν","τὸν","τόν","ὁ"
43,06,58,"N","ASM","αἰῶνα.","αἰῶνα","αἰῶνα","αἰών"
43,06,59,"RD","APN","ταῦτα","ταῦτα","ταῦτα","οὗτος"
43,06,59,"V","3AAI-S","εἶπεν","εἶπεν","εἶπε(ν)","λέγω"
43,06,59,"P",NULL,"ἐν","ἐν","ἐν","ἐν"
43,06,59,"N","DSF","συναγωγῇ","συναγωγῇ","συναγωγῇ","συναγωγή"
43,06,59,"V","PAPNSM","διδάσκων","διδάσκων","διδάσκων","διδάσκω"
43,06,59,"P",NULL,"ἐν","ἐν","ἐν","ἐν"
43,06,59,"N","DSF","Καφαρναούμ.","Καφαρναούμ","Καφαρναούμ","Καφαρναούμ"
43,06,60,"A","NPM","Πολλοὶ","Πολλοὶ","πολλοί","πολύς"
43,06,60,"C",NULL,"οὖν","οὖν","οὖν","οὖν"
43,06,60,"V","AAPNPM","ἀκούσαντες","ἀκούσαντες","ἀκούσαντες","ἀκούω"
43,06,60,"P",NULL,"ἐκ","ἐκ","ἐκ","ἐκ"
43,06,60,"RA","GPM","τῶν","τῶν","τῶν","ὁ"
43,06,60,"N","GPM","μαθητῶν","μαθητῶν","μαθητῶν","μαθητής"
43,06,60,"RP","GSM","αὐτοῦ","αὐτοῦ","αὐτοῦ","αὐτός"
43,06,60,"V","3AAI-P","εἶπαν·","εἶπαν","εἶπαν","λέγω"
43,06,60,"A","NSM","Σκληρός","Σκληρός","σκληρός","σκληρός"
43,06,60,"V","3PAI-S","ἐστιν","ἐστιν","ἐστί(ν)","εἰμί"
43,06,60,"RA","NSM","⸂ὁ","ὁ","ὁ","ὁ"
43,06,60,"N","NSM","λόγος","λόγος","λόγος","λόγος"
43,06,60,"RD","NSM","οὗτος⸃·","οὗτος","οὗτος","οὗτος"
43,06,60,"RI","NSM","τίς","τίς","τίς","τίς"
43,06,60,"V","3PMI-S","δύναται","δύναται","δύναται","δύναμαι"
43,06,60,"RP","GSM","αὐτοῦ","αὐτοῦ","αὐτοῦ","αὐτός"
43,06,60,"V","PAN","ἀκούειν;","ἀκούειν","ἀκούειν","ἀκούω"
43,06,61,"V","XAPNSM","εἰδὼς","εἰδὼς","εἰδώς","ὁράω"
43,06,61,"C",NULL,"δὲ","δὲ","δέ","δέ"
43,06,61,"RA","NSM","ὁ","ὁ","ὁ","ὁ"
43,06,61,"N","NSM","Ἰησοῦς","Ἰησοῦς","Ἰησοῦς","Ἰησοῦς"
43,06,61,"P",NULL,"ἐν","ἐν","ἐν","ἐν"
43,06,61,"RP","DSM","ἑαυτῷ","ἑαυτῷ","ἑαυτῷ","ἑαυτοῦ"
43,06,61,"C",NULL,"ὅτι","ὅτι","ὅτι","ὅτι"
43,06,61,"V","3PAI-P","γογγύζουσιν","γογγύζουσιν","γογγύζουσι(ν)","γογγύζω"
43,06,61,"P",NULL,"περὶ","περὶ","περί","περί"
43,06,61,"RD","GSN","τούτου","τούτου","τούτου","οὗτος"
43,06,61,"RA","NPM","οἱ","οἱ","οἱ","ὁ"
43,06,61,"N","NPM","μαθηταὶ","μαθηταὶ","μαθηταί","μαθητής"
43,06,61,"RP","GSM","αὐτοῦ","αὐτοῦ","αὐτοῦ","αὐτός"
43,06,61,"V","3AAI-S","εἶπεν","εἶπεν","εἶπε(ν)","λέγω"
43,06,61,"RP","DPM","αὐτοῖς·","αὐτοῖς","αὐτοῖς","αὐτός"
43,06,61,"RD","NSN","Τοῦτο","Τοῦτο","τοῦτο","οὗτος"
43,06,61,"RP","AP","ὑμᾶς","ὑμᾶς","ὑμᾶς","σύ"
43,06,61,"V","3PAI-S","σκανδαλίζει;","σκανδαλίζει","σκανδαλίζει","σκανδαλίζω"
43,06,62,"C",NULL,"ἐὰν","ἐὰν","ἐάν","ἐάν"
43,06,62,"C",NULL,"οὖν","οὖν","οὖν","οὖν"
43,06,62,"V","2PAS-P","θεωρῆτε","θεωρῆτε","θεωρῆτε","θεωρέω"
43,06,62,"RA","ASM","τὸν","τὸν","τόν","ὁ"
43,06,62,"N","ASM","υἱὸν","υἱὸν","υἱόν","υἱός"
43,06,62,"RA","GSM","τοῦ","τοῦ","τοῦ","ὁ"
43,06,62,"N","GSM","ἀνθρώπου","ἀνθρώπου","ἀνθρώπου","ἄνθρωπος"
43,06,62,"V","PAPASM","ἀναβαίνοντα","ἀναβαίνοντα","ἀναβαίνοντα","ἀναβαίνω"
43,06,62,"C",NULL,"ὅπου","ὅπου","ὅπου","ὅπου"
43,06,62,"V","3IAI-S","ἦν","ἦν","ἦν","εἰμί"
43,06,62,"RA","ASN","τὸ","τὸ","τό","ὁ"
43,06,62,"A","ASNC","πρότερον;","πρότερον","πρότερον","πρότερος"
43,06,63,"RA","NSN","τὸ","τὸ","τό","ὁ"
43,06,63,"N","NSN","πνεῦμά","πνεῦμά","πνεῦμα","πνεῦμα"
43,06,63,"V","3PAI-S","ἐστιν","ἐστιν","ἐστί(ν)","εἰμί"
43,06,63,"RA","NSN","τὸ","τὸ","τό","ὁ"
43,06,63,"V","PAPNSN","ζῳοποιοῦν,","ζῳοποιοῦν","ζῳοποιοῦν","ζῳοποιέω"
43,06,63,"RA","NSF","ἡ","ἡ","ἡ","ὁ"
43,06,63,"N","NSF","σὰρξ","σὰρξ","σάρξ","σάρξ"
43,06,63,"D",NULL,"οὐκ","οὐκ","οὐ","οὐ"
43,06,63,"V","3PAI-S","ὠφελεῖ","ὠφελεῖ","ὠφελεῖ","ὠφελέω"
43,06,63,"A","ASN","οὐδέν·","οὐδέν","οὐδέν","οὐδείς"
43,06,63,"RA","NPN","τὰ","τὰ","τά","ὁ"
43,06,63,"N","NPN","ῥήματα","ῥήματα","ῥήματα","ῥῆμα"
43,06,63,"RR","APN","ἃ","ἃ","ἅ","ὅς"
43,06,63,"RP","NS","ἐγὼ","ἐγὼ","ἐγώ","ἐγώ"
43,06,63,"V","1XAI-S","⸀λελάληκα","λελάληκα","λελάληκα","λαλέω"
43,06,63,"RP","DP","ὑμῖν","ὑμῖν","ὑμῖν","σύ"
43,06,63,"N","NSN","πνεῦμά","πνεῦμά","πνεῦμα","πνεῦμα"
43,06,63,"V","3PAI-S","ἐστιν","ἐστιν","ἐστί(ν)","εἰμί"
43,06,63,"C",NULL,"καὶ","καὶ","καί","καί"
43,06,63,"N","NSF","ζωή","ζωή","ζωή","ζωή"
43,06,63,"V","3PAI-S","ἐστιν.","ἐστιν","ἐστί(ν)","εἰμί"
43,06,64,"C",NULL,"ἀλλὰ","ἀλλὰ","ἀλλά","ἀλλά"
43,06,64,"V","3PAI-P","εἰσὶν","εἰσὶν","εἰσί(ν)","εἰμί"
43,06,64,"P",NULL,"ἐξ","ἐξ","ἐκ","ἐκ"
43,06,64,"RP","GP","ὑμῶν","ὑμῶν","ὑμῶν","σύ"
43,06,64,"RI","NPM","τινες","τινες","τινές","τις"
43,06,64,"RR","NPM","οἳ","οἳ","οἵ","ὅς"
43,06,64,"D",NULL,"οὐ","οὐ","οὐ","οὐ"
43,06,64,"V","3PAI-P","πιστεύουσιν.","πιστεύουσιν","πιστεύουσι(ν)","πιστεύω"
43,06,64,"V","3YAI-S","ᾔδει","ᾔδει","ᾔδει","οἶδα"
43,06,64,"C",NULL,"γὰρ","γὰρ","γάρ","γάρ"
43,06,64,"P",NULL,"ἐξ","ἐξ","ἐκ","ἐκ"
43,06,64,"N","GSF","ἀρχῆς","ἀρχῆς","ἀρχῆς","ἀρχή"
43,06,64,"RA","NSM","ὁ","ὁ","ὁ","ὁ"
43,06,64,"N","NSM","Ἰησοῦς","Ἰησοῦς","Ἰησοῦς","Ἰησοῦς"
43,06,64,"RI","NPM","τίνες","τίνες","τίνες","τίς"
43,06,64,"V","3PAI-P","εἰσὶν","εἰσὶν","εἰσί(ν)","εἰμί"
43,06,64,"RA","NPM","οἱ","οἱ","οἱ","ὁ"
43,06,64,"D",NULL,"μὴ","μὴ","μή","μή"
43,06,64,"V","PAPNPM","πιστεύοντες","πιστεύοντες","πιστεύοντες","πιστεύω"
43,06,64,"C",NULL,"καὶ","καὶ","καί","καί"
43,06,64,"RI","NSM","τίς","τίς","τίς","τίς"
43,06,64,"V","3PAI-S","ἐστιν","ἐστιν","ἐστί(ν)","εἰμί"
43,06,64,"RA","NSM","ὁ","ὁ","ὁ","ὁ"
43,06,64,"V","FAPNSM","παραδώσων","παραδώσων","παραδώσων","παραδίδωμι"
43,06,64,"RP","ASM","αὐτόν.","αὐτόν","αὐτόν","αὐτός"
43,06,65,"C",NULL,"καὶ","καὶ","καί","καί"
43,06,65,"V","3IAI-S","ἔλεγεν·","ἔλεγεν","ἔλεγε(ν)","λέγω"
43,06,65,"P",NULL,"Διὰ","Διὰ","διά","διά"
43,06,65,"RD","ASN","τοῦτο","τοῦτο","τοῦτο","οὗτος"
43,06,65,"V","1XAI-S","εἴρηκα","εἴρηκα","εἴρηκα","λέγω"
43,06,65,"RP","DP","ὑμῖν","ὑμῖν","ὑμῖν","σύ"
43,06,65,"C",NULL,"ὅτι","ὅτι","ὅτι","ὅτι"
43,06,65,"A","NSM","οὐδεὶς","οὐδεὶς","οὐδείς","οὐδείς"
43,06,65,"V","3PMI-S","δύναται","δύναται","δύναται","δύναμαι"
43,06,65,"V","AAN","ἐλθεῖν","ἐλθεῖν","ἐλθεῖν","ἔρχομαι"
43,06,65,"P",NULL,"πρός","πρός","πρός","πρός"
43,06,65,"RP","AS","με","με","με","ἐγώ"
43,06,65,"C",NULL,"ἐὰν","ἐὰν","ἐάν","ἐάν"
43,06,65,"D",NULL,"μὴ","μὴ","μή","μή"
43,06,65,"V","3PAS-S","ᾖ","ᾖ","ᾖ","εἰμί"
43,06,65,"V","XPPNSN","δεδομένον","δεδομένον","δεδομένον","δίδωμι"
43,06,65,"RP","DSM","αὐτῷ","αὐτῷ","αὐτῷ","αὐτός"
43,06,65,"P",NULL,"ἐκ","ἐκ","ἐκ","ἐκ"
43,06,65,"RA","GSM","τοῦ","τοῦ","τοῦ","ὁ"
43,06,65,"N","GSM","⸀πατρός.","πατρός","πατρός","πατήρ"
43,06,66,"P",NULL,"Ἐκ","Ἐκ","ἐκ","ἐκ"
43,06,66,"RD","GSN","τούτου","τούτου","τούτου","οὗτος"
43,06,66,"A","NPM","πολλοὶ","πολλοὶ","πολλοί","πολύς"
43,06,66,"P",NULL,"⸀ἐκ","ἐκ","ἐκ","ἐκ"
43,06,66,"RA","GPM","⸂τῶν","τῶν","τῶν","ὁ"
43,06,66,"N","GPM","μαθητῶν","μαθητῶν","μαθητῶν","μαθητής"
43,06,66,"RP","GSM","αὐτοῦ","αὐτοῦ","αὐτοῦ","αὐτός"
43,06,66,"V","3AAI-P","ἀπῆλθον⸃","ἀπῆλθον","ἀπῆλθον","ἀπέρχομαι"
43,06,66,"P",NULL,"εἰς","εἰς","εἰς","εἰς"
43,06,66,"RA","APN","τὰ","τὰ","τά","ὁ"
43,06,66,"D",NULL,"ὀπίσω","ὀπίσω","ὀπίσω","ὀπίσω"
43,06,66,"C",NULL,"καὶ","καὶ","καί","καί"
43,06,66,"D",NULL,"οὐκέτι","οὐκέτι","οὐκέτι","οὐκέτι"
43,06,66,"P",NULL,"μετ’","μετ’","μετά","μετά"
43,06,66,"RP","GSM","αὐτοῦ","αὐτοῦ","αὐτοῦ","αὐτός"
43,06,66,"V","3IAI-P","περιεπάτουν.","περιεπάτουν","περιεπάτουν","περιπατέω"
43,06,67,"V","3AAI-S","εἶπεν","εἶπεν","εἶπε(ν)","λέγω"
43,06,67,"C",NULL,"οὖν","οὖν","οὖν","οὖν"
43,06,67,"RA","NSM","ὁ","ὁ","ὁ","ὁ"
43,06,67,"N","NSM","Ἰησοῦς","Ἰησοῦς","Ἰησοῦς","Ἰησοῦς"
43,06,67,"RA","DPM","τοῖς","τοῖς","τοῖς","ὁ"
43,06,67,"A","DPM","δώδεκα·","δώδεκα","δώδεκα","δώδεκα"
43,06,67,"X",NULL,"Μὴ","Μὴ","μή","μή"
43,06,67,"D",NULL,"καὶ","καὶ","καί","καί"
43,06,67,"RP","NP","ὑμεῖς","ὑμεῖς","ὑμεῖς","σύ"
43,06,67,"V","2PAI-P","θέλετε","θέλετε","θέλετε","θέλω"
43,06,67,"V","PAN","ὑπάγειν;","ὑπάγειν","ὑπάγειν","ὑπάγω"
43,06,68,"V","3API-S","⸀ἀπεκρίθη","ἀπεκρίθη","ἀπεκρίθη","ἀποκρίνομαι"
43,06,68,"RP","DSM","αὐτῷ","αὐτῷ","αὐτῷ","αὐτός"
43,06,68,"N","NSM","Σίμων","Σίμων","Σίμων","Σίμων"
43,06,68,"N","NSM","Πέτρος·","Πέτρος","Πέτρος","Πέτρος"
43,06,68,"N","VSM","Κύριε,","Κύριε","κύριε","κύριος"
43,06,68,"P",NULL,"πρὸς","πρὸς","πρός","πρός"
43,06,68,"RI","ASM","τίνα","τίνα","τίνα","τίς"
43,06,68,"V","1FMI-P","ἀπελευσόμεθα;","ἀπελευσόμεθα","ἀπελευσόμεθα","ἀπέρχομαι"
43,06,68,"N","APN","ῥήματα","ῥήματα","ῥήματα","ῥῆμα"
43,06,68,"N","GSF","ζωῆς","ζωῆς","ζωῆς","ζωή"
43,06,68,"A","GSF","αἰωνίου","αἰωνίου","αἰωνίου","αἰώνιος"
43,06,68,"V","2PAI-S","ἔχεις,","ἔχεις","ἔχεις","ἔχω"
43,06,69,"C",NULL,"καὶ","καὶ","καί","καί"
43,06,69,"RP","NP","ἡμεῖς","ἡμεῖς","ἡμεῖς","ἐγώ"
43,06,69,"V","1XAI-P","πεπιστεύκαμεν","πεπιστεύκαμεν","πεπιστεύκαμεν","πιστεύω"
43,06,69,"C",NULL,"καὶ","καὶ","καί","καί"
43,06,69,"V","1XAI-P","ἐγνώκαμεν","ἐγνώκαμεν","ἐγνώκαμεν","γινώσκω"
43,06,69,"C",NULL,"ὅτι","ὅτι","ὅτι","ὅτι"
43,06,69,"RP","NS","σὺ","σὺ","σύ","σύ"
43,06,69,"V","2PAI-S","εἶ","εἶ","εἶ","εἰμί"
43,06,69,"RA","NSM","ὁ","ὁ","ὁ","ὁ"
43,06,69,"A","NSM","⸀ἅγιος","ἅγιος","ἅγιος","ἅγιος"
43,06,69,"RA","GSM","τοῦ","τοῦ","τοῦ","ὁ"
43,06,69,"N","GSM","⸀θεοῦ.","θεοῦ","θεοῦ","θεός"
43,06,70,"V","3API-S","ἀπεκρίθη","ἀπεκρίθη","ἀπεκρίθη","ἀποκρίνομαι"
43,06,70,"RP","DPM","αὐτοῖς","αὐτοῖς","αὐτοῖς","αὐτός"
43,06,70,"RA","NSM","ὁ","ὁ","ὁ","ὁ"
43,06,70,"N","NSM","Ἰησοῦς·","Ἰησοῦς","Ἰησοῦς","Ἰησοῦς"
43,06,70,"X",NULL,"Οὐκ","Οὐκ","οὐ","οὐ"
43,06,70,"RP","NS","ἐγὼ","ἐγὼ","ἐγώ","ἐγώ"
43,06,70,"RP","AP","ὑμᾶς","ὑμᾶς","ὑμᾶς","σύ"
43,06,70,"RA","APM","τοὺς","τοὺς","τούς","ὁ"
43,06,70,"A","APM","δώδεκα","δώδεκα","δώδεκα","δώδεκα"
43,06,70,"V","1AMI-S","ἐξελεξάμην;","ἐξελεξάμην","ἐξελεξάμην","ἐκλέγομαι"
43,06,70,"C",NULL,"καὶ","καὶ","καί","καί"
43,06,70,"P",NULL,"ἐξ","ἐξ","ἐκ","ἐκ"
43,06,70,"RP","GP","ὑμῶν","ὑμῶν","ὑμῶν","σύ"
43,06,70,"A","NSM","εἷς","εἷς","εἷς","εἷς"
43,06,70,"A","NSM","διάβολός","διάβολός","διάβολος","διάβολος"
43,06,70,"V","3PAI-S","ἐστιν.","ἐστιν","ἐστί(ν)","εἰμί"
43,06,71,"V","3IAI-S","ἔλεγεν","ἔλεγεν","ἔλεγε(ν)","λέγω"
43,06,71,"C",NULL,"δὲ","δὲ","δέ","δέ"
43,06,71,"RA","ASM","τὸν","τὸν","τόν","ὁ"
43,06,71,"N","ASM","Ἰούδαν","Ἰούδαν","Ἰούδαν","Ἰούδας"
43,06,71,"N","GSM","Σίμωνος","Σίμωνος","Σίμωνος","Σίμων"
43,06,71,"N","GSM","⸀Ἰσκαριώτου·","Ἰσκαριώτου","Ἰσκαριώτου","Ἰσκαριώτης"
43,06,71,"RD","NSM","οὗτος","οὗτος","οὗτος","οὗτος"
43,06,71,"C",NULL,"γὰρ","γὰρ","γάρ","γάρ"
43,06,71,"V","3IAI-S","ἔμελλεν","ἔμελλεν","ἔμελλε(ν)","μέλλω"
43,06,71,"V","PAN","⸂παραδιδόναι","παραδιδόναι","παραδιδόναι","παραδίδωμι"
43,06,71,"RP","ASM","αὐτόν⸃,","αὐτόν","αὐτόν","αὐτός"
43,06,71,"A","NSM","⸀εἷς","εἷς","εἷς","εἷς"
43,06,71,"P",NULL,"ἐκ","ἐκ","ἐκ","ἐκ"
43,06,71,"RA","GPM","τῶν","τῶν","τῶν","ὁ"
43,06,71,"A","GPM","δώδεκα.","δώδεκα","δώδεκα","δώδεκα"
43,07,01,"C",NULL,"Καὶ","Καὶ","καί","καί"
43,07,01,"P",NULL,"⸂μετὰ","μετὰ","μετά","μετά"
43,07,01,"RD","APN","ταῦτα","ταῦτα","ταῦτα","οὗτος"
43,07,01,"V","3IAI-S","περιεπάτει","περιεπάτει","περιεπάτει","περιπατέω"
43,07,01,"RA","NSM","ὁ","ὁ","ὁ","ὁ"
43,07,01,"N","NSM","Ἰησοῦς⸃","Ἰησοῦς","Ἰησοῦς","Ἰησοῦς"
43,07,01,"P",NULL,"ἐν","ἐν","ἐν","ἐν"
43,07,01,"RA","DSF","τῇ","τῇ","τῇ","ὁ"
43,07,01,"N","DSF","Γαλιλαίᾳ,","Γαλιλαίᾳ","Γαλιλαίᾳ","Γαλιλαία"
43,07,01,"D",NULL,"οὐ","οὐ","οὐ","οὐ"
43,07,01,"C",NULL,"γὰρ","γὰρ","γάρ","γάρ"
43,07,01,"V","3IAI-S","ἤθελεν","ἤθελεν","ἤθελε(ν)","θέλω"
43,07,01,"P",NULL,"ἐν","ἐν","ἐν","ἐν"
43,07,01,"RA","DSF","τῇ","τῇ","τῇ","ὁ"
43,07,01,"N","DSF","Ἰουδαίᾳ","Ἰουδαίᾳ","Ἰουδαίᾳ","Ἰουδαία"
43,07,01,"V","PAN","περιπατεῖν,","περιπατεῖν","περιπατεῖν","περιπατέω"
43,07,01,"C",NULL,"ὅτι","ὅτι","ὅτι","ὅτι"
43,07,01,"V","3IAI-P","ἐζήτουν","ἐζήτουν","ἐζήτουν","ζητέω"
43,07,01,"RP","ASM","αὐτὸν","αὐτὸν","αὐτόν","αὐτός"
43,07,01,"RA","NPM","οἱ","οἱ","οἱ","ὁ"
43,07,01,"A","NPM","Ἰουδαῖοι","Ἰουδαῖοι","Ἰουδαῖοι","Ἰουδαῖος"
43,07,01,"V","AAN","ἀποκτεῖναι.","ἀποκτεῖναι","ἀποκτεῖναι","ἀποκτείνω"
43,07,02,"V","3IAI-S","ἦν","ἦν","ἦν","εἰμί"
43,07,02,"C",NULL,"δὲ","δὲ","δέ","δέ"
43,07,02,"D",NULL,"ἐγγὺς","ἐγγὺς","ἐγγύς","ἐγγύς"
43,07,02,"RA","NSF","ἡ","ἡ","ἡ","ὁ"
43,07,02,"N","NSF","ἑορτὴ","ἑορτὴ","ἑορτή","ἑορτή"
43,07,02,"RA","GPM","τῶν","τῶν","τῶν","ὁ"
43,07,02,"A","GPM","Ἰουδαίων","Ἰουδαίων","Ἰουδαίων","Ἰουδαῖος"
43,07,02,"RA","NSF","ἡ","ἡ","ἡ","ὁ"
43,07,02,"N","NSF","σκηνοπηγία.","σκηνοπηγία","σκηνοπηγία","σκηνοπηγία"
43,07,03,"V","3AAI-P","εἶπον","εἶπον","εἶπον","λέγω"
43,07,03,"C",NULL,"οὖν","οὖν","οὖν","οὖν"
43,07,03,"P",NULL,"πρὸς","πρὸς","πρός","πρός"
43,07,03,"RP","ASM","αὐτὸν","αὐτὸν","αὐτόν","αὐτός"
43,07,03,"RA","NPM","οἱ","οἱ","οἱ","ὁ"
43,07,03,"N","NPM","ἀδελφοὶ","ἀδελφοὶ","ἀδελφοί","ἀδελφός"
43,07,03,"RP","GSM","αὐτοῦ·","αὐτοῦ","αὐτοῦ","αὐτός"
43,07,03,"V","2AAD-S","Μετάβηθι","Μετάβηθι","μετάβηθι","μεταβαίνω"
43,07,03,"D",NULL,"ἐντεῦθεν","ἐντεῦθεν","ἐντεῦθεν","ἐντεῦθεν"
43,07,03,"C",NULL,"καὶ","καὶ","καί","καί"
43,07,03,"V","2PAD-S","ὕπαγε","ὕπαγε","ὕπαγε","ὑπάγω"
43,07,03,"P",NULL,"εἰς","εἰς","εἰς","εἰς"
43,07,03,"RA","ASF","τὴν","τὴν","τήν","ὁ"
43,07,03,"N","ASF","Ἰουδαίαν,","Ἰουδαίαν","Ἰουδαίαν","Ἰουδαία"
43,07,03,"C",NULL,"ἵνα","ἵνα","ἵνα","ἵνα"
43,07,03,"D",NULL,"καὶ","καὶ","καί","καί"
43,07,03,"RA","NPM","οἱ","οἱ","οἱ","ὁ"
43,07,03,"N","NPM","μαθηταί","μαθηταί","μαθηταί","μαθητής"
43,07,03,"RP","GS","σου","σου","σου","σύ"
43,07,03,"V","3FAI-P","⸀θεωρήσουσιν","θεωρήσουσιν","θεωρήσουσι(ν)","θεωρέω"
43,07,03,"RP","GS","⸂σοῦ","σοῦ","σοῦ","σύ"
43,07,03,"RA","APN","τὰ","τὰ","τά","ὁ"
43,07,03,"N","APN","ἔργα⸃","ἔργα","ἔργα","ἔργον"
43,07,03,"RR","APN","ἃ","ἃ","ἅ","ὅς"
43,07,03,"V","2PAI-S","ποιεῖς·","ποιεῖς","ποιεῖς","ποιέω"
43,07,04,"A","NSM","οὐδεὶς","οὐδεὶς","οὐδείς","οὐδείς"
43,07,04,"C",NULL,"γάρ","γάρ","γάρ","γάρ"
43,07,04,"RI","ASN","⸂τι","τι","τὶ","τις"
43,07,04,"P",NULL,"ἐν","ἐν","ἐν","ἐν"
43,07,04,"A","DSN","κρυπτῷ⸃","κρυπτῷ","κρυπτῷ","κρυπτός"
43,07,04,"V","3PAI-S","ποιεῖ","ποιεῖ","ποιεῖ","ποιέω"
43,07,04,"C",NULL,"καὶ","καὶ","καί","καί"
43,07,04,"V","3PAI-S","ζητεῖ","ζητεῖ","ζητεῖ","ζητέω"
43,07,04,"RP","NSM","αὐτὸς","αὐτὸς","αὐτός","αὐτός"
43,07,04,"P",NULL,"ἐν","ἐν","ἐν","ἐν"
43,07,04,"N","DSF","παρρησίᾳ","παρρησίᾳ","παρρησίᾳ","παρρησία"
43,07,04,"V","PAN","εἶναι·","εἶναι","εἶναι","εἰμί"
43,07,04,"C",NULL,"εἰ","εἰ","εἰ","εἰ"
43,07,04,"RD","APN","ταῦτα","ταῦτα","ταῦτα","οὗτος"
43,07,04,"V","2PAI-S","ποιεῖς,","ποιεῖς","ποιεῖς","ποιέω"
43,07,04,"V","2AAD-S","φανέρωσον","φανέρωσον","φανέρωσον","φανερόω"
43,07,04,"RP","ASM","σεαυτὸν","σεαυτὸν","σεαυτόν","σεαυτοῦ"
43,07,04,"RA","DSM","τῷ","τῷ","τῷ","ὁ"
43,07,04,"N","DSM","κόσμῳ.","κόσμῳ","κόσμῳ","κόσμος"
43,07,05,"D",NULL,"οὐδὲ","οὐδὲ","οὐδέ","οὐδέ"
43,07,05,"C",NULL,"γὰρ","γὰρ","γάρ","γάρ"
43,07,05,"RA","NPM","οἱ","οἱ","οἱ","ὁ"
43,07,05,"N","NPM","ἀδελφοὶ","ἀδελφοὶ","ἀδελφοί","ἀδελφός"
43,07,05,"RP","GSM","αὐτοῦ","αὐτοῦ","αὐτοῦ","αὐτός"
43,07,05,"V","3IAI-P","ἐπίστευον","ἐπίστευον","ἐπίστευον","πιστεύω"
43,07,05,"P",NULL,"εἰς","εἰς","εἰς","εἰς"
43,07,05,"RP","ASM","αὐτόν.","αὐτόν","αὐτόν","αὐτός"
43,07,06,"V","3PAI-S","λέγει","λέγει","λέγει","λέγω"
43,07,06,"C",NULL,"οὖν","οὖν","οὖν","οὖν"
43,07,06,"RP","DPM","αὐτοῖς","αὐτοῖς","αὐτοῖς","αὐτός"
43,07,06,"RA","NSM","ὁ","ὁ","ὁ","ὁ"
43,07,06,"N","NSM","Ἰησοῦς·","Ἰησοῦς","Ἰησοῦς","Ἰησοῦς"
43,07,06,"RA","NSM","Ὁ","Ὁ","ὁ","ὁ"
43,07,06,"N","NSM","καιρὸς","καιρὸς","καιρός","καιρός"
43,07,06,"RA","NSM","ὁ","ὁ","ὁ","ὁ"
43,07,06,"A","NSM","ἐμὸς","ἐμὸς","ἐμός","ἐμός"
43,07,06,"D",NULL,"οὔπω","οὔπω","οὔπω","οὔπω"
43,07,06,"V","3PAI-S","πάρεστιν,","πάρεστιν","πάρεστι(ν)","πάρειμι"
43,07,06,"RA","NSM","ὁ","ὁ","ὁ","ὁ"
43,07,06,"C",NULL,"δὲ","δὲ","δέ","δέ"
43,07,06,"N","NSM","καιρὸς","καιρὸς","καιρός","καιρός"
43,07,06,"RA","NSM","ὁ","ὁ","ὁ","ὁ"
43,07,06,"A","NSM","ὑμέτερος","ὑμέτερος","ὑμέτερος","ὑμέτερος"
43,07,06,"D",NULL,"πάντοτέ","πάντοτέ","πάντοτε","πάντοτε"
43,07,06,"V","3PAI-S","ἐστιν","ἐστιν","ἐστί(ν)","εἰμί"
43,07,06,"A","NSM","ἕτοιμος.","ἕτοιμος","ἕτοιμος","ἕτοιμος"
43,07,07,"D",NULL,"οὐ","οὐ","οὐ","οὐ"
43,07,07,"V","3PMI-S","δύναται","δύναται","δύναται","δύναμαι"
43,07,07,"RA","NSM","ὁ","ὁ","ὁ","ὁ"
43,07,07,"N","NSM","κόσμος","κόσμος","κόσμος","κόσμος"
43,07,07,"V","PAN","μισεῖν","μισεῖν","μισεῖν","μισέω"
43,07,07,"RP","AP","ὑμᾶς,","ὑμᾶς","ὑμᾶς","σύ"
43,07,07,"RP","AS","ἐμὲ","ἐμὲ","ἐμέ","ἐγώ"
43,07,07,"C",NULL,"δὲ","δὲ","δέ","δέ"
43,07,07,"V","3PAI-S","μισεῖ,","μισεῖ","μισεῖ","μισέω"
43,07,07,"C",NULL,"ὅτι","ὅτι","ὅτι","ὅτι"
43,07,07,"RP","NS","ἐγὼ","ἐγὼ","ἐγώ","ἐγώ"
43,07,07,"V","1PAI-S","μαρτυρῶ","μαρτυρῶ","μαρτυρῶ","μαρτυρέω"
43,07,07,"P",NULL,"περὶ","περὶ","περί","περί"
43,07,07,"RP","GSM","αὐτοῦ","αὐτοῦ","αὐτοῦ","αὐτός"
43,07,07,"C",NULL,"ὅτι","ὅτι","ὅτι","ὅτι"
43,07,07,"RA","NPN","τὰ","τὰ","τά","ὁ"
43,07,07,"N","NPN","ἔργα","ἔργα","ἔργα","ἔργον"
43,07,07,"RP","GSM","αὐτοῦ","αὐτοῦ","αὐτοῦ","αὐτός"
43,07,07,"A","NPN","πονηρά","πονηρά","πονηρά","πονηρός"
43,07,07,"V","3PAI-S","ἐστιν.","ἐστιν","ἐστί(ν)","εἰμί"
43,07,08,"RP","NP","ὑμεῖς","ὑμεῖς","ὑμεῖς","σύ"
43,07,08,"V","2AAD-P","ἀνάβητε","ἀνάβητε","ἀνάβητε","ἀναβαίνω"
43,07,08,"P",NULL,"εἰς","εἰς","εἰς","εἰς"
43,07,08,"RA","ASF","τὴν","τὴν","τήν","ὁ"
43,07,08,"N","ASF","⸀ἑορτήν·","ἑορτήν","ἑορτήν","ἑορτή"
43,07,08,"RP","NS","ἐγὼ","ἐγὼ","ἐγώ","ἐγώ"
43,07,08,"D",NULL,"⸀οὐκ","οὐκ","οὐ","οὐ"
43,07,08,"V","1PAI-S","ἀναβαίνω","ἀναβαίνω","ἀναβαίνω","ἀναβαίνω"
43,07,08,"P",NULL,"εἰς","εἰς","εἰς","εἰς"
43,07,08,"RA","ASF","τὴν","τὴν","τήν","ὁ"
43,07,08,"N","ASF","ἑορτὴν","ἑορτὴν","ἑορτήν","ἑορτή"
43,07,08,"RD","ASF","ταύτην,","ταύτην","ταύτην","οὗτος"
43,07,08,"C",NULL,"ὅτι","ὅτι","ὅτι","ὅτι"
43,07,08,"RA","NSM","ὁ","ὁ","ὁ","ὁ"
43,07,08,"A","NSM","⸂ἐμὸς","ἐμὸς","ἐμός","ἐμός"
43,07,08,"N","NSM","καιρὸς⸃","καιρὸς","καιρός","καιρός"
43,07,08,"D",NULL,"οὔπω","οὔπω","οὔπω","οὔπω"
43,07,08,"V","3XPI-S","πεπλήρωται.","πεπλήρωται","πεπλήρωται","πληρόω"
43,07,09,"RD","APN","ταῦτα","ταῦτα","ταῦτα","οὗτος"
43,07,09,"C",NULL,"⸀δὲ","δὲ","δέ","δέ"
43,07,09,"V","AAPNSM","εἰπὼν","εἰπὼν","εἰπών","λέγω"
43,07,09,"RP","NSM","⸀αὐτὸς","αὐτὸς","αὐτός","αὐτός"
43,07,09,"V","3AAI-S","ἔμεινεν","ἔμεινεν","ἔμεινε(ν)","μένω"
43,07,09,"P",NULL,"ἐν","ἐν","ἐν","ἐν"
43,07,09,"RA","DSF","τῇ","τῇ","τῇ","ὁ"
43,07,09,"N","DSF","Γαλιλαίᾳ.","Γαλιλαίᾳ","Γαλιλαίᾳ","Γαλιλαία"
43,07,10,"C",NULL,"Ὡς","Ὡς","ὡς","ὡς"
43,07,10,"C",NULL,"δὲ","δὲ","δέ","δέ"
43,07,10,"V","3AAI-P","ἀνέβησαν","ἀνέβησαν","ἀνέβησαν","ἀναβαίνω"
43,07,10,"RA","NPM","οἱ","οἱ","οἱ","ὁ"
43,07,10,"N","NPM","ἀδελφοὶ","ἀδελφοὶ","ἀδελφοί","ἀδελφός"
43,07,10,"RP","GSM","αὐτοῦ","αὐτοῦ","αὐτοῦ","αὐτός"
43,07,10,"P",NULL,"⸂εἰς","εἰς","εἰς","εἰς"
43,07,10,"RA","ASF","τὴν","τὴν","τήν","ὁ"
43,07,10,"N","ASF","ἑορτήν,","ἑορτήν","ἑορτήν","ἑορτή"
43,07,10,"D",NULL,"τότε","τότε","τότε","τότε"
43,07,10,"D",NULL,"καὶ","καὶ","καί","καί"
43,07,10,"RP","NSM","αὐτὸς","αὐτὸς","αὐτός","αὐτός"
43,07,10,"V","3AAI-S","ἀνέβη⸃,","ἀνέβη","ἀνέβη","ἀναβαίνω"
43,07,10,"D",NULL,"οὐ","οὐ","οὐ","οὐ"
43,07,10,"D",NULL,"φανερῶς","φανερῶς","φανερῶς","φανερῶς"
43,07,10,"C",NULL,"ἀλλὰ","ἀλλὰ","ἀλλά","ἀλλά"
43,07,10,"C",NULL,"ὡς","ὡς","ὡς","ὡς"
43,07,10,"P",NULL,"ἐν","ἐν","ἐν","ἐν"
43,07,10,"A","DSN","κρυπτῷ.","κρυπτῷ","κρυπτῷ","κρυπτός"
43,07,11,"RA","NPM","οἱ","οἱ","οἱ","ὁ"
43,07,11,"C",NULL,"οὖν","οὖν","οὖν","οὖν"
43,07,11,"A","NPM","Ἰουδαῖοι","Ἰουδαῖοι","Ἰουδαῖοι","Ἰουδαῖος"
43,07,11,"V","3IAI-P","ἐζήτουν","ἐζήτουν","ἐζήτουν","ζητέω"
43,07,11,"RP","ASM","αὐτὸν","αὐτὸν","αὐτόν","αὐτός"
43,07,11,"P",NULL,"ἐν","ἐν","ἐν","ἐν"
43,07,11,"RA","DSF","τῇ","τῇ","τῇ","ὁ"
43,07,11,"N","DSF","ἑορτῇ","ἑορτῇ","ἑορτῇ","ἑορτή"
43,07,11,"C",NULL,"καὶ","καὶ","καί","καί"
43,07,11,"V","3IAI-P","ἔλεγον·","ἔλεγον","ἔλεγον","λέγω"
43,07,11,"D",NULL,"Ποῦ","Ποῦ","ποῦ","ποῦ"
43,07,11,"V","3PAI-S","ἐστιν","ἐστιν","ἐστί(ν)","εἰμί"
43,07,11,"RD","NSM","ἐκεῖνος;","ἐκεῖνος","ἐκεῖνος","ἐκεῖνος"
43,07,12,"C",NULL,"καὶ","καὶ","καί","καί"
43,07,12,"N","NSM","γογγυσμὸς","γογγυσμὸς","γογγυσμός","γογγυσμός"
43,07,12,"P",NULL,"⸂περὶ","περὶ","περί","περί"
43,07,12,"RP","GSM","αὐτοῦ","αὐτοῦ","αὐτοῦ","αὐτός"
43,07,12,"V","3IAI-S","ἦν","ἦν","ἦν","εἰμί"
43,07,12,"A","NSM","πολὺς⸃","πολὺς","πολύς","πολύς"
43,07,12,"P",NULL,"ἐν","ἐν","ἐν","ἐν"
43,07,12,"RA","DPM","τοῖς","τοῖς","τοῖς","ὁ"
43,07,12,"N","DPM","ὄχλοις·","ὄχλοις","ὄχλοις","ὄχλος"
43,07,12,"RA","NPM","οἱ","οἱ","οἱ","ὁ"
43,07,12,"C",NULL,"μὲν","μὲν","μέν","μέν"
43,07,12,"V","3IAI-P","ἔλεγον","ἔλεγον","ἔλεγον","λέγω"
43,07,12,"C",NULL,"ὅτι","ὅτι","ὅτι","ὅτι"
43,07,12,"A","NSM","Ἀγαθός","Ἀγαθός","ἀγαθός","ἀγαθός"
43,07,12,"V","3PAI-S","ἐστιν,","ἐστιν","ἐστί(ν)","εἰμί"
43,07,12,"A","NPM","ἄλλοι","ἄλλοι","ἄλλοι","ἄλλος"
43,07,12,"C",NULL,"⸀δὲ","δὲ","δέ","δέ"
43,07,12,"V","3IAI-P","ἔλεγον·","ἔλεγον","ἔλεγον","λέγω"
43,07,12,"X",NULL,"Οὔ,","Οὔ","οὔ","οὔ"
43,07,12,"C",NULL,"ἀλλὰ","ἀλλὰ","ἀλλά","ἀλλά"
43,07,12,"V","3PAI-S","πλανᾷ","πλανᾷ","πλανᾷ","πλανάω"
43,07,12,"RA","ASM","τὸν","τὸν","τόν","ὁ"
43,07,12,"N","ASM","ὄχλον.","ὄχλον","ὄχλον","ὄχλος"
43,07,13,"A","NSM","οὐδεὶς","οὐδεὶς","οὐδείς","οὐδείς"
43,07,13,"C",NULL,"μέντοι","μέντοι","μέντοι","μέντοι"
43,07,13,"N","DSF","παρρησίᾳ","παρρησίᾳ","παρρησίᾳ","παρρησία"
43,07,13,"V","3IAI-S","ἐλάλει","ἐλάλει","ἐλάλει","λαλέω"
43,07,13,"P",NULL,"περὶ","περὶ","περί","περί"
43,07,13,"RP","GSM","αὐτοῦ","αὐτοῦ","αὐτοῦ","αὐτός"
43,07,13,"P",NULL,"διὰ","διὰ","διά","διά"
43,07,13,"RA","ASM","τὸν","τὸν","τόν","ὁ"
43,07,13,"N","ASM","φόβον","φόβον","φόβον","φόβος"
43,07,13,"RA","GPM","τῶν","τῶν","τῶν","ὁ"
43,07,13,"A","GPM","Ἰουδαίων.","Ἰουδαίων","Ἰουδαίων","Ἰουδαῖος"
43,07,14,"D",NULL,"Ἤδη","Ἤδη","ἤδη","ἤδη"
43,07,14,"C",NULL,"δὲ","δὲ","δέ","δέ"
43,07,14,"RA","GSF","τῆς","τῆς","τῆς","ὁ"
43,07,14,"N","GSF","ἑορτῆς","ἑορτῆς","ἑορτῆς","ἑορτή"
43,07,14,"V","PAPGSF","μεσούσης","μεσούσης","μεσούσης","μεσόω"
43,07,14,"V","3AAI-S","⸀ἀνέβη","ἀνέβη","ἀνέβη","ἀναβαίνω"
43,07,14,"N","NSM","Ἰησοῦς","Ἰησοῦς","Ἰησοῦς","Ἰησοῦς"
43,07,14,"P",NULL,"εἰς","εἰς","εἰς","εἰς"
43,07,14,"RA","ASN","τὸ","τὸ","τό","ὁ"
43,07,14,"A","ASN","ἱερὸν","ἱερὸν","ἱερόν","ἱερός"
43,07,14,"C",NULL,"καὶ","καὶ","καί","καί"
43,07,14,"V","3IAI-S","ἐδίδασκεν.","ἐδίδασκεν","ἐδίδασκε(ν)","διδάσκω"
43,07,15,"V","3IAI-P","⸂ἐθαύμαζον","ἐθαύμαζον","ἐθαύμαζον","θαυμάζω"
43,07,15,"C",NULL,"οὖν⸃","οὖν","οὖν","οὖν"
43,07,15,"RA","NPM","οἱ","οἱ","οἱ","ὁ"
43,07,15,"A","NPM","Ἰουδαῖοι","Ἰουδαῖοι","Ἰουδαῖοι","Ἰουδαῖος"
43,07,15,"V","PAPNPM","λέγοντες·","λέγοντες","λέγοντες","λέγω"
43,07,15,"D",NULL,"Πῶς","Πῶς","πῶς","πῶς"
43,07,15,"RD","NSM","οὗτος","οὗτος","οὗτος","οὗτος"
43,07,15,"N","APN","γράμματα","γράμματα","γράμματα","γράμμα"
43,07,15,"V","3XAI-S","οἶδεν","οἶδεν","οἶδε(ν)","οἶδα"
43,07,15,"D",NULL,"μὴ","μὴ","μή","μή"
43,07,15,"V","XAPNSM","μεμαθηκώς;","μεμαθηκώς","μεμαθηκώς","μανθάνω"
43,07,16,"V","3API-S","ἀπεκρίθη","ἀπεκρίθη","ἀπεκρίθη","ἀποκρίνομαι"
43,07,16,"C",NULL,"οὖν","οὖν","οὖν","οὖν"
43,07,16,"RP","DPM","αὐτοῖς","αὐτοῖς","αὐτοῖς","αὐτός"
43,07,16,"RA","NSM","⸀ὁ","ὁ","ὁ","ὁ"
43,07,16,"N","NSM","Ἰησοῦς","Ἰησοῦς","Ἰησοῦς","Ἰησοῦς"
43,07,16,"C",NULL,"καὶ","καὶ","καί","καί"
43,07,16,"V","3AAI-S","εἶπεν·","εἶπεν","εἶπε(ν)","λέγω"
43,07,16,"RA","NSF","Ἡ","Ἡ","ἡ","ὁ"
43,07,16,"A","NSF","ἐμὴ","ἐμὴ","ἐμή","ἐμός"
43,07,16,"N","NSF","διδαχὴ","διδαχὴ","διδαχή","διδαχή"
43,07,16,"D",NULL,"οὐκ","οὐκ","οὐ","οὐ"
43,07,16,"V","3PAI-S","ἔστιν","ἔστιν","ἐστί(ν)","εἰμί"
43,07,16,"A","NSF","ἐμὴ","ἐμὴ","ἐμή","ἐμός"
43,07,16,"C",NULL,"ἀλλὰ","ἀλλὰ","ἀλλά","ἀλλά"
43,07,16,"RA","GSM","τοῦ","τοῦ","τοῦ","ὁ"
43,07,16,"V","AAPGSM","πέμψαντός","πέμψαντός","πέμψαντος","πέμπω"
43,07,16,"RP","AS","με·","με","με","ἐγώ"
43,07,17,"C",NULL,"ἐάν","ἐάν","ἐάν","ἐάν"
43,07,17,"RI","NSM","τις","τις","τὶς","τις"
43,07,17,"V","3PAS-S","θέλῃ","θέλῃ","θέλῃ","θέλω"
43,07,17,"RA","ASN","τὸ","τὸ","τό","ὁ"
43,07,17,"N","ASN","θέλημα","θέλημα","θέλημα","θέλημα"
43,07,17,"RP","GSM","αὐτοῦ","αὐτοῦ","αὐτοῦ","αὐτός"
43,07,17,"V","PAN","ποιεῖν,","ποιεῖν","ποιεῖν","ποιέω"
43,07,17,"V","3FMI-S","γνώσεται","γνώσεται","γνώσεται","γινώσκω"
43,07,17,"P",NULL,"περὶ","περὶ","περί","περί"
43,07,17,"RA","GSF","τῆς","τῆς","τῆς","ὁ"
43,07,17,"N","GSF","διδαχῆς","διδαχῆς","διδαχῆς","διδαχή"
43,07,17,"D",NULL,"πότερον","πότερον","πότερον","πότερον"
43,07,17,"P",NULL,"ἐκ","ἐκ","ἐκ","ἐκ"
43,07,17,"RA","GSM","τοῦ","τοῦ","τοῦ","ὁ"
43,07,17,"N","GSM","θεοῦ","θεοῦ","θεοῦ","θεός"
43,07,17,"V","3PAI-S","ἐστιν","ἐστιν","ἐστί(ν)","εἰμί"
43,07,17,"C",NULL,"ἢ","ἢ","ἤ","ἤ"
43,07,17,"RP","NS","ἐγὼ","ἐγὼ","ἐγώ","ἐγώ"
43,07,17,"P",NULL,"ἀπ’","ἀπ’","ἀπό","ἀπό"
43,07,17,"RP","GSM","ἐμαυτοῦ","ἐμαυτοῦ","ἐμαυτοῦ","ἐμαυτοῦ"
43,07,17,"V","1PAI-S","λαλῶ.","λαλῶ","λαλῶ","λαλέω"
43,07,18,"RA","NSM","ὁ","ὁ","ὁ","ὁ"
43,07,18,"P",NULL,"ἀφ’","ἀφ’","ἀπό","ἀπό"
43,07,18,"RP","GSM","ἑαυτοῦ","ἑαυτοῦ","ἑαυτοῦ","ἑαυτοῦ"
43,07,18,"V","PAPNSM","λαλῶν","λαλῶν","λαλῶν","λαλέω"
43,07,18,"RA","ASF","τὴν","τὴν","τήν","ὁ"
43,07,18,"N","ASF","δόξαν","δόξαν","δόξαν","δόξα"
43,07,18,"RA","ASF","τὴν","τὴν","τήν","ὁ"
43,07,18,"A","ASF","ἰδίαν","ἰδίαν","ἰδίαν","ἴδιος"
43,07,18,"V","3PAI-S","ζητεῖ·","ζητεῖ","ζητεῖ","ζητέω"
43,07,18,"RA","NSM","ὁ","ὁ","ὁ","ὁ"
43,07,18,"C",NULL,"δὲ","δὲ","δέ","δέ"
43,07,18,"V","PAPNSM","ζητῶν","ζητῶν","ζητῶν","ζητέω"
43,07,18,"RA","ASF","τὴν","τὴν","τήν","ὁ"
43,07,18,"N","ASF","δόξαν","δόξαν","δόξαν","δόξα"
43,07,18,"RA","GSM","τοῦ","τοῦ","τοῦ","ὁ"
43,07,18,"V","AAPGSM","πέμψαντος","πέμψαντος","πέμψαντος","πέμπω"
43,07,18,"RP","ASM","αὐτὸν","αὐτὸν","αὐτόν","αὐτός"
43,07,18,"RD","NSM","οὗτος","οὗτος","οὗτος","οὗτος"
43,07,18,"A","NSM","ἀληθής","ἀληθής","ἀληθής","ἀληθής"
43,07,18,"V","3PAI-S","ἐστιν","ἐστιν","ἐστί(ν)","εἰμί"
43,07,18,"C",NULL,"καὶ","καὶ","καί","καί"
43,07,18,"N","NSF","ἀδικία","ἀδικία","ἀδικία","ἀδικία"
43,07,18,"P",NULL,"ἐν","ἐν","ἐν","ἐν"
43,07,18,"RP","DSM","αὐτῷ","αὐτῷ","αὐτῷ","αὐτός"
43,07,18,"D",NULL,"οὐκ","οὐκ","οὐ","οὐ"
43,07,18,"V","3PAI-S","ἔστιν.","ἔστιν","ἐστί(ν)","εἰμί"
43,07,19,"X",NULL,"Οὐ","Οὐ","οὐ","οὐ"
43,07,19,"N","NSM","Μωϋσῆς","Μωϋσῆς","Μωϋσῆς","Μωϋσῆς"
43,07,19,"V","3XAI-S","⸀δέδωκεν","δέδωκεν","δέδωκε(ν)","δίδωμι"
43,07,19,"RP","DP","ὑμῖν","ὑμῖν","ὑμῖν","σύ"
43,07,19,"RA","ASM","τὸν","τὸν","τόν","ὁ"
43,07,19,"N","ASM","νόμον;","νόμον","νόμον","νόμος"
43,07,19,"C",NULL,"καὶ","καὶ","καί","καί"
43,07,19,"A","NSM","οὐδεὶς","οὐδεὶς","οὐδείς","οὐδείς"
43,07,19,"P",NULL,"ἐξ","ἐξ","ἐκ","ἐκ"
43,07,19,"RP","GP","ὑμῶν","ὑμῶν","ὑμῶν","σύ"
43,07,19,"V","3PAI-S","ποιεῖ","ποιεῖ","ποιεῖ","ποιέω"
43,07,19,"RA","ASM","τὸν","τὸν","τόν","ὁ"
43,07,19,"N","ASM","νόμον.","νόμον","νόμον","νόμος"
43,07,19,"RI","ASN","τί","τί","τί","τίς"
43,07,19,"RP","AS","με","με","με","ἐγώ"
43,07,19,"V","2PAI-P","ζητεῖτε","ζητεῖτε","ζητεῖτε","ζητέω"
43,07,19,"V","AAN","ἀποκτεῖναι;","ἀποκτεῖναι","ἀποκτεῖναι","ἀποκτείνω"
43,07,20,"V","3API-S","ἀπεκρίθη","ἀπεκρίθη","ἀπεκρίθη","ἀποκρίνομαι"
43,07,20,"RA","NSM","ὁ","ὁ","ὁ","ὁ"
43,07,20,"N","NSM","⸀ὄχλος·","ὄχλος","ὄχλος","ὄχλος"
43,07,20,"N","ASN","Δαιμόνιον","Δαιμόνιον","δαιμόνιον","δαιμόνιον"
43,07,20,"V","2PAI-S","ἔχεις·","ἔχεις","ἔχεις","ἔχω"
43,07,20,"RI","NSM","τίς","τίς","τίς","τίς"
43,07,20,"RP","AS","σε","σε","σε","σύ"
43,07,20,"V","3PAI-S","ζητεῖ","ζητεῖ","ζητεῖ","ζητέω"
43,07,20,"V","AAN","ἀποκτεῖναι;","ἀποκτεῖναι","ἀποκτεῖναι","ἀποκτείνω"
43,07,21,"V","3API-S","ἀπεκρίθη","ἀπεκρίθη","ἀπεκρίθη","ἀποκρίνομαι"
43,07,21,"N","NSM","Ἰησοῦς","Ἰησοῦς","Ἰησοῦς","Ἰησοῦς"
43,07,21,"C",NULL,"καὶ","καὶ","καί","καί"
43,07,21,"V","3AAI-S","εἶπεν","εἶπεν","εἶπε(ν)","λέγω"
43,07,21,"RP","DPM","αὐτοῖς·","αὐτοῖς","αὐτοῖς","αὐτός"
43,07,21,"A","ASN","Ἓν","Ἓν","ἕν","εἷς"
43,07,21,"N","ASN","ἔργον","ἔργον","ἔργον","ἔργον"
43,07,21,"V","1AAI-S","ἐποίησα","ἐποίησα","ἐποίησα","ποιέω"
43,07,21,"C",NULL,"καὶ","καὶ","καί","καί"
43,07,21,"A","NPM","πάντες","πάντες","πάντες","πᾶς"
43,07,21,"V","2PAI-P","θαυμάζετε.","θαυμάζετε","θαυμάζετε","θαυμάζω"
43,07,22,"P",NULL,"διὰ","διὰ","διά","διά"
43,07,22,"RD","ASN","τοῦτο","τοῦτο","τοῦτο","οὗτος"
43,07,22,"N","NSM","Μωϋσῆς","Μωϋσῆς","Μωϋσῆς","Μωϋσῆς"
43,07,22,"V","3XAI-S","δέδωκεν","δέδωκεν","δέδωκε(ν)","δίδωμι"
43,07,22,"RP","DP","ὑμῖν","ὑμῖν","ὑμῖν","σύ"
43,07,22,"RA","ASF","τὴν","τὴν","τήν","ὁ"
43,07,22,"N","ASF","περιτομήν—","περιτομήν","περιτομήν","περιτομή"
43,07,22,"D",NULL,"οὐχ","οὐχ","οὐ","οὐ"
43,07,22,"C",NULL,"ὅτι","ὅτι","ὅτι","ὅτι"
43,07,22,"P",NULL,"ἐκ","ἐκ","ἐκ","ἐκ"
43,07,22,"RA","GSM","τοῦ","τοῦ","τοῦ","ὁ"
43,07,22,"N","GSM","Μωϋσέως","Μωϋσέως","Μωϋσέως","Μωϋσῆς"
43,07,22,"V","3PAI-S","ἐστὶν","ἐστὶν","ἐστί(ν)","εἰμί"
43,07,22,"C",NULL,"ἀλλ’","ἀλλ’","ἀλλά","ἀλλά"
43,07,22,"P",NULL,"ἐκ","ἐκ","ἐκ","ἐκ"
43,07,22,"RA","GPM","τῶν","τῶν","τῶν","ὁ"
43,07,22,"N","GPM","πατέρων—","πατέρων","πατέρων","πατήρ"
43,07,22,"C",NULL,"καὶ","καὶ","καί","καί"
43,07,22,"P",NULL,"ἐν","ἐν","ἐν","ἐν"
43,07,22,"N","DSN","σαββάτῳ","σαββάτῳ","σαββάτῳ","σάββατον"
43,07,22,"V","2PAI-P","περιτέμνετε","περιτέμνετε","περιτέμνετε","περιτέμνω"
43,07,22,"N","ASM","ἄνθρωπον.","ἄνθρωπον","ἄνθρωπον","ἄνθρωπος"
43,07,23,"C",NULL,"εἰ","εἰ","εἰ","εἰ"
43,07,23,"N","ASF","περιτομὴν","περιτομὴν","περιτομήν","περιτομή"
43,07,23,"V","3PAI-S","⸀λαμβάνει","λαμβάνει","λαμβάνει","λαμβάνω"
43,07,23,"N","NSM","ἄνθρωπος","ἄνθρωπος","ἄνθρωπος","ἄνθρωπος"
43,07,23,"P",NULL,"ἐν","ἐν","ἐν","ἐν"
43,07,23,"N","DSN","σαββάτῳ","σαββάτῳ","σαββάτῳ","σάββατον"
43,07,23,"C",NULL,"ἵνα","ἵνα","ἵνα","ἵνα"
43,07,23,"D",NULL,"μὴ","μὴ","μή","μή"
43,07,23,"V","3APS-S","λυθῇ","λυθῇ","λυθῇ","λύω"
43,07,23,"RA","NSM","ὁ","ὁ","ὁ","ὁ"
43,07,23,"N","NSM","νόμος","νόμος","νόμος","νόμος"
43,07,23,"N","GSM","Μωϋσέως,","Μωϋσέως","Μωϋσέως","Μωϋσῆς"
43,07,23,"RP","DS","ἐμοὶ","ἐμοὶ","ἐμοί","ἐγώ"
43,07,23,"V","2PAI-P","χολᾶτε","χολᾶτε","χολᾶτε","χολάω"
43,07,23,"C",NULL,"ὅτι","ὅτι","ὅτι","ὅτι"
43,07,23,"A","ASM","ὅλον","ὅλον","ὅλον","ὅλος"
43,07,23,"N","ASM","ἄνθρωπον","ἄνθρωπον","ἄνθρωπον","ἄνθρωπος"
43,07,23,"A","ASM","ὑγιῆ","ὑγιῆ","ὑγιῆ","ὑγιής"
43,07,23,"V","1AAI-S","ἐποίησα","ἐποίησα","ἐποίησα","ποιέω"
43,07,23,"P",NULL,"ἐν","ἐν","ἐν","ἐν"
43,07,23,"N","DSN","σαββάτῳ;","σαββάτῳ","σαββάτῳ","σάββατον"
43,07,24,"D",NULL,"μὴ","μὴ","μή","μή"
43,07,24,"V","2PAD-P","κρίνετε","κρίνετε","κρίνετε","κρίνω"
43,07,24,"P",NULL,"κατ’","κατ’","κατά","κατά"
43,07,24,"N","ASF","ὄψιν,","ὄψιν","ὄψιν","ὄψις"
43,07,24,"C",NULL,"ἀλλὰ","ἀλλὰ","ἀλλά","ἀλλά"
43,07,24,"RA","ASF","τὴν","τὴν","τήν","ὁ"
43,07,24,"A","ASF","δικαίαν","δικαίαν","δικαίαν","δίκαιος"
43,07,24,"N","ASF","κρίσιν","κρίσιν","κρίσιν","κρίσις"
43,07,24,"V","2PAD-P","⸀κρίνετε.","κρίνετε","κρίνετε","κρίνω"
43,07,25,"V","3IAI-P","Ἔλεγον","Ἔλεγον","ἔλεγον","λέγω"
43,07,25,"C",NULL,"οὖν","οὖν","οὖν","οὖν"
43,07,25,"RI","NPM","τινες","τινες","τινές","τις"
43,07,25,"P",NULL,"ἐκ","ἐκ","ἐκ","ἐκ"
43,07,25,"RA","GPM","τῶν","τῶν","τῶν","ὁ"
43,07,25,"N","GPM","Ἱεροσολυμιτῶν·","Ἱεροσολυμιτῶν","Ἱεροσολυμιτῶν","Ἱεροσολυμίτης"
43,07,25,"X",NULL,"Οὐχ","Οὐχ","οὐ","οὐ"
43,07,25,"RD","NSM","οὗτός","οὗτός","οὗτος","οὗτος"
43,07,25,"V","3PAI-S","ἐστιν","ἐστιν","ἐστί(ν)","εἰμί"
43,07,25,"RR","ASM","ὃν","ὃν","ὅν","ὅς"
43,07,25,"V","3PAI-P","ζητοῦσιν","ζητοῦσιν","ζητοῦσι(ν)","ζητέω"
43,07,25,"V","AAN","ἀποκτεῖναι;","ἀποκτεῖναι","ἀποκτεῖναι","ἀποκτείνω"
43,07,26,"C",NULL,"καὶ","καὶ","καί","καί"
43,07,26,"X",NULL,"ἴδε","ἴδε","ἴδε","ἴδε"
43,07,26,"N","DSF","παρρησίᾳ","παρρησίᾳ","παρρησίᾳ","παρρησία"
43,07,26,"V","3PAI-S","λαλεῖ","λαλεῖ","λαλεῖ","λαλέω"
43,07,26,"C",NULL,"καὶ","καὶ","καί","καί"
43,07,26,"A","ASN","οὐδὲν","οὐδὲν","οὐδέν","οὐδείς"
43,07,26,"RP","DSM","αὐτῷ","αὐτῷ","αὐτῷ","αὐτός"
43,07,26,"V","3PAI-P","λέγουσιν·","λέγουσιν","λέγουσι(ν)","λέγω"
43,07,26,"X",NULL,"μήποτε","μήποτε","μήποτε","μήποτε"
43,07,26,"D",NULL,"ἀληθῶς","ἀληθῶς","ἀληθῶς","ἀληθῶς"
43,07,26,"V","3AAI-P","ἔγνωσαν","ἔγνωσαν","ἔγνωσαν","γινώσκω"
43,07,26,"RA","NPM","οἱ","οἱ","οἱ","ὁ"
43,07,26,"N","NPM","ἄρχοντες","ἄρχοντες","ἄρχοντες","ἄρχων"
43,07,26,"C",NULL,"ὅτι","ὅτι","ὅτι","ὅτι"
43,07,26,"RD","NSM","οὗτός","οὗτός","οὗτος","οὗτος"
43,07,26,"V","3PAI-S","⸀ἐστιν","ἐστιν","ἐστί(ν)","εἰμί"
43,07,26,"RA","NSM","ὁ","ὁ","ὁ","ὁ"
43,07,26,"N","NSM","χριστός;","χριστός","Χριστός","Χριστός"
43,07,27,"C",NULL,"ἀλλὰ","ἀλλὰ","ἀλλά","ἀλλά"
43,07,27,"RD","ASM","τοῦτον","τοῦτον","τοῦτον","οὗτος"
43,07,27,"V","1XAI-P","οἴδαμεν","οἴδαμεν","οἴδαμεν","οἶδα"
43,07,27,"D",NULL,"πόθεν","πόθεν","πόθεν","πόθεν"
43,07,27,"V","3PAI-S","ἐστίν·","ἐστίν","ἐστί(ν)","εἰμί"
43,07,27,"RA","NSM","ὁ","ὁ","ὁ","ὁ"
43,07,27,"C",NULL,"δὲ","δὲ","δέ","δέ"
43,07,27,"N","NSM","χριστὸς","χριστὸς","Χριστός","Χριστός"
43,07,27,"C",NULL,"ὅταν","ὅταν","ὅταν","ὅταν"
43,07,27,"V","3PMS-S","ἔρχηται","ἔρχηται","ἔρχηται","ἔρχομαι"
43,07,27,"A","NSM","οὐδεὶς","οὐδεὶς","οὐδείς","οὐδείς"
43,07,27,"V","3PAI-S","γινώσκει","γινώσκει","γινώσκει","γινώσκω"
43,07,27,"D",NULL,"πόθεν","πόθεν","πόθεν","πόθεν"
43,07,27,"V","3PAI-S","ἐστίν.","ἐστίν","ἐστί(ν)","εἰμί"
43,07,28,"V","3AAI-S","ἔκραξεν","ἔκραξεν","ἔκραξε(ν)","κράζω"
43,07,28,"C",NULL,"οὖν","οὖν","οὖν","οὖν"
43,07,28,"P",NULL,"ἐν","ἐν","ἐν","ἐν"
43,07,28,"RA","DSN","τῷ","τῷ","τῷ","ὁ"
43,07,28,"A","DSN","ἱερῷ","ἱερῷ","ἱερῷ","ἱερός"
43,07,28,"V","PAPNSM","διδάσκων","διδάσκων","διδάσκων","διδάσκω"
43,07,28,"RA","NSM","ὁ","ὁ","ὁ","ὁ"
43,07,28,"N","NSM","Ἰησοῦς","Ἰησοῦς","Ἰησοῦς","Ἰησοῦς"
43,07,28,"C",NULL,"καὶ","καὶ","καί","καί"
43,07,28,"V","PAPNSM","λέγων·","λέγων","λέγων","λέγω"
43,07,28,"RP","AS","Κἀμὲ","Κἀμὲ","κἀμέ","κἀγώ"
43,07,28,"V","2XAI-P","οἴδατε","οἴδατε","οἴδατε","οἶδα"
43,07,28,"C",NULL,"καὶ","καὶ","καί","καί"
43,07,28,"V","2XAI-P","οἴδατε","οἴδατε","οἴδατε","οἶδα"
43,07,28,"D",NULL,"πόθεν","πόθεν","πόθεν","πόθεν"
43,07,28,"V","1PAI-S","εἰμί·","εἰμί","εἰμί","εἰμί"
43,07,28,"C",NULL,"καὶ","καὶ","καί","καί"
43,07,28,"P",NULL,"ἀπ’","ἀπ’","ἀπό","ἀπό"
43,07,28,"RP","GSM","ἐμαυτοῦ","ἐμαυτοῦ","ἐμαυτοῦ","ἐμαυτοῦ"
43,07,28,"D",NULL,"οὐκ","οὐκ","οὐ","οὐ"
43,07,28,"V","1XAI-S","ἐλήλυθα,","ἐλήλυθα","ἐλήλυθα","ἔρχομαι"
43,07,28,"C",NULL,"ἀλλ’","ἀλλ’","ἀλλά","ἀλλά"
43,07,28,"V","3PAI-S","ἔστιν","ἔστιν","ἐστί(ν)","εἰμί"
43,07,28,"A","NSM","ἀληθινὸς","ἀληθινὸς","ἀληθινός","ἀληθινός"
43,07,28,"RA","NSM","ὁ","ὁ","ὁ","ὁ"
43,07,28,"V","AAPNSM","πέμψας","πέμψας","πέμψας","πέμπω"
43,07,28,"RP","AS","με,","με","με","ἐγώ"
43,07,28,"RR","ASM","ὃν","ὃν","ὅν","ὅς"
43,07,28,"RP","NP","ὑμεῖς","ὑμεῖς","ὑμεῖς","σύ"
43,07,28,"D",NULL,"οὐκ","οὐκ","οὐ","οὐ"
43,07,28,"V","2XAI-P","οἴδατε·","οἴδατε","οἴδατε","οἶδα"
43,07,29,"RP","NS","ἐγὼ","ἐγὼ","ἐγώ","ἐγώ"
43,07,29,"V","1XAI-S","οἶδα","οἶδα","οἶδα","οἶδα"
43,07,29,"RP","ASM","αὐτόν,","αὐτόν","αὐτόν","αὐτός"
43,07,29,"C",NULL,"ὅτι","ὅτι","ὅτι","ὅτι"
43,07,29,"P",NULL,"παρ’","παρ’","παρά","παρά"
43,07,29,"RP","GSM","αὐτοῦ","αὐτοῦ","αὐτοῦ","αὐτός"
43,07,29,"V","1PAI-S","εἰμι","εἰμι","εἰμί","εἰμί"
43,07,29,"RD","NSM","κἀκεῖνός","κἀκεῖνός","κἀκεῖνος","κἀκεῖνος"
43,07,29,"RP","AS","με","με","με","ἐγώ"
43,07,29,"V","3AAI-S","ἀπέστειλεν.","ἀπέστειλεν","ἀπέστειλε(ν)","ἀποστέλλω"
43,07,30,"V","3IAI-P","ἐζήτουν","ἐζήτουν","ἐζήτουν","ζητέω"
43,07,30,"C",NULL,"οὖν","οὖν","οὖν","οὖν"
43,07,30,"RP","ASM","αὐτὸν","αὐτὸν","αὐτόν","αὐτός"
43,07,30,"V","AAN","πιάσαι,","πιάσαι","πιάσαι","πιάζω"
43,07,30,"C",NULL,"καὶ","καὶ","καί","καί"
43,07,30,"A","NSM","οὐδεὶς","οὐδεὶς","οὐδείς","οὐδείς"
43,07,30,"V","3AAI-S","ἐπέβαλεν","ἐπέβαλεν","ἐπέβαλε(ν)","ἐπιβάλλω"
43,07,30,"P",NULL,"ἐπ’","ἐπ’","ἐπί","ἐπί"
43,07,30,"RP","ASM","αὐτὸν","αὐτὸν","αὐτόν","αὐτός"
43,07,30,"RA","ASF","τὴν","τὴν","τήν","ὁ"
43,07,30,"N","ASF","χεῖρα,","χεῖρα","χεῖρα","χείρ"
43,07,30,"C",NULL,"ὅτι","ὅτι","ὅτι","ὅτι"
43,07,30,"D",NULL,"οὔπω","οὔπω","οὔπω","οὔπω"
43,07,30,"V","3YAI-S","ἐληλύθει","ἐληλύθει","ἐληλύθει","ἔρχομαι"
43,07,30,"RA","NSF","ἡ","ἡ","ἡ","ὁ"
43,07,30,"N","NSF","ὥρα","ὥρα","ὥρα","ὥρα"
43,07,30,"RP","GSM","αὐτοῦ.","αὐτοῦ","αὐτοῦ","αὐτός"
43,07,31,"P",NULL,"⸂ἐκ","ἐκ","ἐκ","ἐκ"
43,07,31,"RA","GSM","τοῦ","τοῦ","τοῦ","ὁ"
43,07,31,"N","GSM","ὄχλου","ὄχλου","ὄχλου","ὄχλος"
43,07,31,"C",NULL,"δὲ","δὲ","δέ","δέ"
43,07,31,"A","NPM","πολλοὶ⸃","πολλοὶ","πολλοί","πολύς"
43,07,31,"V","3AAI-P","ἐπίστευσαν","ἐπίστευσαν","ἐπίστευσαν","πιστεύω"
43,07,31,"P",NULL,"εἰς","εἰς","εἰς","εἰς"
43,07,31,"RP","ASM","αὐτόν,","αὐτόν","αὐτόν","αὐτός"
43,07,31,"C",NULL,"καὶ","καὶ","καί","καί"
43,07,31,"V","3IAI-P","⸀ἔλεγον·","ἔλεγον","ἔλεγον","λέγω"
43,07,31,"RA","NSM","Ὁ","Ὁ","ὁ","ὁ"
43,07,31,"N","NSM","χριστὸς","χριστὸς","Χριστός","Χριστός"
43,07,31,"C",NULL,"ὅταν","ὅταν","ὅταν","ὅταν"
43,07,31,"V","3AAS-S","ἔλθῃ","ἔλθῃ","ἔλθῃ","ἔρχομαι"
43,07,31,"X",NULL,"⸀μὴ","μὴ","μή","μή"
43,07,31,"A","APNC","πλείονα","πλείονα","πλείονα","πολύς"
43,07,31,"N","APN","⸀σημεῖα","σημεῖα","σημεῖα","σημεῖον"
43,07,31,"V","3FAI-S","ποιήσει","ποιήσει","ποιήσει","ποιέω"
43,07,31,"RR","GPN","ὧν","ὧν","ὧν","ὅς"
43,07,31,"RD","NSM","οὗτος","οὗτος","οὗτος","οὗτος"
43,07,31,"V","3AAI-S","ἐποίησεν;","ἐποίησεν","ἐποίησε(ν)","ποιέω"
43,07,32,"V","3AAI-P","Ἤκουσαν","Ἤκουσαν","ἤκουσαν","ἀκούω"
43,07,32,"RA","NPM","οἱ","οἱ","οἱ","ὁ"
43,07,32,"N","NPM","Φαρισαῖοι","Φαρισαῖοι","Φαρισαῖοι","Φαρισαῖος"
43,07,32,"RA","GSM","τοῦ","τοῦ","τοῦ","ὁ"
43,07,32,"N","GSM","ὄχλου","ὄχλου","ὄχλου","ὄχλος"
43,07,32,"V","PAPGSM","γογγύζοντος","γογγύζοντος","γογγύζοντος","γογγύζω"
43,07,32,"P",NULL,"περὶ","περὶ","περί","περί"
43,07,32,"RP","GSM","αὐτοῦ","αὐτοῦ","αὐτοῦ","αὐτός"
43,07,32,"RD","APN","ταῦτα,","ταῦτα","ταῦτα","οὗτος"
43,07,32,"C",NULL,"καὶ","καὶ","καί","καί"
43,07,32,"V","3AAI-P","ἀπέστειλαν","ἀπέστειλαν","ἀπέστειλαν","ἀποστέλλω"
43,07,32,"RA","NPM","⸂οἱ","οἱ","οἱ","ὁ"
43,07,32,"N","NPM","ἀρχιερεῖς","ἀρχιερεῖς","ἀρχιερεῖς","ἀρχιερεύς"
43,07,32,"C",NULL,"καὶ","καὶ","καί","καί"
43,07,32,"RA","NPM","οἱ","οἱ","οἱ","ὁ"
43,07,32,"N","NPM","Φαρισαῖοι","Φαρισαῖοι","Φαρισαῖοι","Φαρισαῖος"
43,07,32,"N","APM","ὑπηρέτας⸃","ὑπηρέτας","ὑπηρέτας","ὑπηρέτης"
43,07,32,"C",NULL,"ἵνα","ἵνα","ἵνα","ἵνα"
43,07,32,"V","3AAS-P","πιάσωσιν","πιάσωσιν","πιάσωσι(ν)","πιάζω"
43,07,32,"RP","ASM","αὐτόν.","αὐτόν","αὐτόν","αὐτός"
43,07,33,"V","3AAI-S","εἶπεν","εἶπεν","εἶπε(ν)","λέγω"
43,07,33,"C",NULL,"οὖν","οὖν","οὖν","οὖν"
43,07,33,"RA","NSM","ὁ","ὁ","ὁ","ὁ"
43,07,33,"N","NSM","Ἰησοῦς·","Ἰησοῦς","Ἰησοῦς","Ἰησοῦς"
43,07,33,"D",NULL,"Ἔτι","Ἔτι","ἔτι","ἔτι"
43,07,33,"N","ASM","⸂χρόνον","χρόνον","χρόνον","χρόνος"
43,07,33,"A","ASM","μικρὸν⸃","μικρὸν","μικρόν","μικρός"
43,07,33,"P",NULL,"μεθ’","μεθ’","μετά","μετά"
43,07,33,"RP","GP","ὑμῶν","ὑμῶν","ὑμῶν","σύ"
43,07,33,"V","1PAI-S","εἰμι","εἰμι","εἰμί","εἰμί"
43,07,33,"C",NULL,"καὶ","καὶ","καί","καί"
43,07,33,"V","1PAI-S","ὑπάγω","ὑπάγω","ὑπάγω","ὑπάγω"
43,07,33,"P",NULL,"πρὸς","πρὸς","πρός","πρός"
43,07,33,"RA","ASM","τὸν","τὸν","τόν","ὁ"
43,07,33,"V","AAPASM","πέμψαντά","πέμψαντά","πέμψαντα","πέμπω"
43,07,33,"RP","AS","με.","με","με","ἐγώ"
43,07,34,"V","2FAI-P","ζητήσετέ","ζητήσετέ","ζητήσετε","ζητέω"
43,07,34,"RP","AS","με","με","με","ἐγώ"
43,07,34,"C",NULL,"καὶ","καὶ","καί","καί"
43,07,34,"D",NULL,"οὐχ","οὐχ","οὐ","οὐ"
43,07,34,"V","2FAI-P","⸀εὑρήσετε,","εὑρήσετε","εὑρήσετε","εὑρίσκω"
43,07,34,"C",NULL,"καὶ","καὶ","καί","καί"
43,07,34,"C",NULL,"ὅπου","ὅπου","ὅπου","ὅπου"
43,07,34,"V","1PAI-S","εἰμὶ","εἰμὶ","εἰμί","εἰμί"
43,07,34,"RP","NS","ἐγὼ","ἐγὼ","ἐγώ","ἐγώ"
43,07,34,"RP","NP","ὑμεῖς","ὑμεῖς","ὑμεῖς","σύ"
43,07,34,"D",NULL,"οὐ","οὐ","οὐ","οὐ"
43,07,34,"V","2PMI-P","δύνασθε","δύνασθε","δύνασθε","δύναμαι"
43,07,34,"V","AAN","ἐλθεῖν.","ἐλθεῖν","ἐλθεῖν","ἔρχομαι"
43,07,35,"V","3AAI-P","εἶπον","εἶπον","εἶπον","λέγω"
43,07,35,"C",NULL,"οὖν","οὖν","οὖν","οὖν"
43,07,35,"RA","NPM","οἱ","οἱ","οἱ","ὁ"
43,07,35,"A","NPM","Ἰουδαῖοι","Ἰουδαῖοι","Ἰουδαῖοι","Ἰουδαῖος"
43,07,35,"P",NULL,"πρὸς","πρὸς","πρός","πρός"
43,07,35,"RP","APM","ἑαυτούς·","ἑαυτούς","ἑαυτούς","ἑαυτοῦ"
43,07,35,"D",NULL,"Ποῦ","Ποῦ","ποῦ","ποῦ"
43,07,35,"RD","NSM","οὗτος","οὗτος","οὗτος","οὗτος"
43,07,35,"V","3PAI-S","μέλλει","μέλλει","μέλλει","μέλλω"
43,07,35,"V","PMN","πορεύεσθαι","πορεύεσθαι","πορεύεσθαι","πορεύομαι"
43,07,35,"C",NULL,"ὅτι","ὅτι","ὅτι","ὅτι"
43,07,35,"RP","NP","ἡμεῖς","ἡμεῖς","ἡμεῖς","ἐγώ"
43,07,35,"D",NULL,"οὐχ","οὐχ","οὐ","οὐ"
43,07,35,"V","1FAI-P","εὑρήσομεν","εὑρήσομεν","εὑρήσομεν","εὑρίσκω"
43,07,35,"RP","ASM","αὐτόν;","αὐτόν","αὐτόν","αὐτός"
43,07,35,"X",NULL,"μὴ","μὴ","μή","μή"
43,07,35,"P",NULL,"εἰς","εἰς","εἰς","εἰς"
43,07,35,"RA","ASF","τὴν","τὴν","τήν","ὁ"
43,07,35,"N","ASF","διασπορὰν","διασπορὰν","διασποράν","διασπορά"
43,07,35,"RA","GPM","τῶν","τῶν","τῶν","ὁ"
43,07,35,"N","GPM","Ἑλλήνων","Ἑλλήνων","Ἑλλήνων","Ἕλλην"
43,07,35,"V","3PAI-S","μέλλει","μέλλει","μέλλει","μέλλω"
43,07,35,"V","PMN","πορεύεσθαι","πορεύεσθαι","πορεύεσθαι","πορεύομαι"
43,07,35,"C",NULL,"καὶ","καὶ","καί","καί"
43,07,35,"V","PAN","διδάσκειν","διδάσκειν","διδάσκειν","διδάσκω"
43,07,35,"RA","APM","τοὺς","τοὺς","τούς","ὁ"
43,07,35,"N","APM","Ἕλληνας;","Ἕλληνας","Ἕλληνας","Ἕλλην"
43,07,36,"RI","NSM","τίς","τίς","τίς","τίς"
43,07,36,"V","3PAI-S","ἐστιν","ἐστιν","ἐστί(ν)","εἰμί"
43,07,36,"RA","NSM","⸂ὁ","ὁ","ὁ","ὁ"
43,07,36,"N","NSM","λόγος","λόγος","λόγος","λόγος"
43,07,36,"RD","NSM","οὗτος⸃","οὗτος","οὗτος","οὗτος"
43,07,36,"RR","ASM","ὃν","ὃν","ὅν","ὅς"
43,07,36,"V","3AAI-S","εἶπε·","εἶπε","εἶπε(ν)","λέγω"
43,07,36,"V","2FAI-P","Ζητήσετέ","Ζητήσετέ","ζητήσετε","ζητέω"
43,07,36,"RP","AS","με","με","με","ἐγώ"
43,07,36,"C",NULL,"καὶ","καὶ","καί","καί"
43,07,36,"D",NULL,"οὐχ","οὐχ","οὐ","οὐ"
43,07,36,"V","2FAI-P","⸀εὑρήσετε,","εὑρήσετε","εὑρήσετε","εὑρίσκω"
43,07,36,"C",NULL,"καὶ","καὶ","καί","καί"
43,07,36,"C",NULL,"ὅπου","ὅπου","ὅπου","ὅπου"
43,07,36,"V","1PAI-S","εἰμὶ","εἰμὶ","εἰμί","εἰμί"
43,07,36,"RP","NS","ἐγὼ","ἐγὼ","ἐγώ","ἐγώ"
43,07,36,"RP","NP","ὑμεῖς","ὑμεῖς","ὑμεῖς","σύ"
43,07,36,"D",NULL,"οὐ","οὐ","οὐ","οὐ"
43,07,36,"V","2PMI-P","δύνασθε","δύνασθε","δύνασθε","δύναμαι"
43,07,36,"V","AAN","ἐλθεῖν;","ἐλθεῖν","ἐλθεῖν","ἔρχομαι"
43,07,37,"P",NULL,"Ἐν","Ἐν","ἐν","ἐν"
43,07,37,"C",NULL,"δὲ","δὲ","δέ","δέ"
43,07,37,"RA","DSF","τῇ","τῇ","τῇ","ὁ"
43,07,37,"A","DSF","ἐσχάτῃ","ἐσχάτῃ","ἐσχάτῃ","ἔσχατος"
43,07,37,"N","DSF","ἡμέρᾳ","ἡμέρᾳ","ἡμέρᾳ","ἡμέρα"
43,07,37,"RA","DSF","τῇ","τῇ","τῇ","ὁ"
43,07,37,"A","DSF","μεγάλῃ","μεγάλῃ","μεγάλῃ","μέγας"
43,07,37,"RA","GSF","τῆς","τῆς","τῆς","ὁ"
43,07,37,"N","GSF","ἑορτῆς","ἑορτῆς","ἑορτῆς","ἑορτή"
43,07,37,"V","3YAI-S","εἱστήκει","εἱστήκει","εἱστήκει","ἵστημι"
43,07,37,"RA","NSM","ὁ","ὁ","ὁ","ὁ"
43,07,37,"N","NSM","Ἰησοῦς,","Ἰησοῦς","Ἰησοῦς","Ἰησοῦς"
43,07,37,"C",NULL,"καὶ","καὶ","καί","καί"
43,07,37,"V","3AAI-S","ἔκραξεν","ἔκραξεν","ἔκραξε(ν)","κράζω"
43,07,37,"V","PAPNSM","λέγων·","λέγων","λέγων","λέγω"
43,07,37,"C",NULL,"Ἐάν","Ἐάν","ἐάν","ἐάν"
43,07,37,"RI","NSM","τις","τις","τὶς","τις"
43,07,37,"V","3PAS-S","διψᾷ","διψᾷ","διψᾷ","διψάω"
43,07,37,"V","3PMD-S","ἐρχέσθω","ἐρχέσθω","ἐρχέσθω","ἔρχομαι"
43,07,37,"P",NULL,"πρός","πρός","πρός","πρός"
43,07,37,"RP","AS","με","με","με","ἐγώ"
43,07,37,"C",NULL,"καὶ","καὶ","καί","καί"
43,07,37,"V","3PAD-S","πινέτω.","πινέτω","πινέτω","πίνω"
43,07,38,"RA","NSM","ὁ","ὁ","ὁ","ὁ"
43,07,38,"V","PAPNSM","πιστεύων","πιστεύων","πιστεύων","πιστεύω"
43,07,38,"P",NULL,"εἰς","εἰς","εἰς","εἰς"
43,07,38,"RP","AS","ἐμέ,","ἐμέ","ἐμέ","ἐγώ"
43,07,38,"C",NULL,"καθὼς","καθὼς","καθώς","καθώς"
43,07,38,"V","3AAI-S","εἶπεν","εἶπεν","εἶπε(ν)","λέγω"
43,07,38,"RA","NSF","ἡ","ἡ","ἡ","ὁ"
43,07,38,"N","NSF","γραφή,","γραφή","γραφή","γραφή"
43,07,38,"N","NPM","ποταμοὶ","ποταμοὶ","ποταμοί","ποταμός"
43,07,38,"P",NULL,"ἐκ","ἐκ","ἐκ","ἐκ"
43,07,38,"RA","GSF","τῆς","τῆς","τῆς","ὁ"
43,07,38,"N","GSF","κοιλίας","κοιλίας","κοιλίας","κοιλία"
43,07,38,"RP","GSM","αὐτοῦ","αὐτοῦ","αὐτοῦ","αὐτός"
43,07,38,"V","3FAI-P","ῥεύσουσιν","ῥεύσουσιν","ῥεύσουσι(ν)","ῥέω"
43,07,38,"N","GSN","ὕδατος","ὕδατος","ὕδατος","ὕδωρ"
43,07,38,"V","PAPGSN","ζῶντος.","ζῶντος","ζῶντος","ζάω"
43,07,39,"RD","ASN","τοῦτο","τοῦτο","τοῦτο","οὗτος"
43,07,39,"C",NULL,"δὲ","δὲ","δέ","δέ"
43,07,39,"V","3AAI-S","εἶπεν","εἶπεν","εἶπε(ν)","λέγω"
43,07,39,"P",NULL,"περὶ","περὶ","περί","περί"
43,07,39,"RA","GSN","τοῦ","τοῦ","τοῦ","ὁ"
43,07,39,"N","GSN","πνεύματος","πνεύματος","πνεύματος","πνεῦμα"
43,07,39,"RR","GSN","⸀οὗ","οὗ","οὗ","ὅς"
43,07,39,"V","3IAI-P","ἔμελλον","ἔμελλον","ἔμελλον","μέλλω"
43,07,39,"V","PAN","λαμβάνειν","λαμβάνειν","λαμβάνειν","λαμβάνω"
43,07,39,"RA","NPM","οἱ","οἱ","οἱ","ὁ"
43,07,39,"V","AAPNPM","⸀πιστεύσαντες","πιστεύσαντες","πιστεύσαντες","πιστεύω"
43,07,39,"P",NULL,"εἰς","εἰς","εἰς","εἰς"
43,07,39,"RP","ASM","αὐτόν·","αὐτόν","αὐτόν","αὐτός"
43,07,39,"D",NULL,"οὔπω","οὔπω","οὔπω","οὔπω"
43,07,39,"C",NULL,"γὰρ","γὰρ","γάρ","γάρ"
43,07,39,"V","3IAI-S","ἦν","ἦν","ἦν","εἰμί"
43,07,39,"N","NSN","⸀πνεῦμα,","πνεῦμα","πνεῦμα","πνεῦμα"
43,07,39,"C",NULL,"ὅτι","ὅτι","ὅτι","ὅτι"
43,07,39,"N","NSM","Ἰησοῦς","Ἰησοῦς","Ἰησοῦς","Ἰησοῦς"
43,07,39,"D",NULL,"⸀οὐδέπω","οὐδέπω","οὐδέπω","οὐδέπω"
43,07,39,"V","3API-S","ἐδοξάσθη.","ἐδοξάσθη","ἐδοξάσθη","δοξάζω"
43,07,40,"P",NULL,"⸂Ἐκ","Ἐκ","ἐκ","ἐκ"
43,07,40,"RA","GSM","τοῦ","τοῦ","τοῦ","ὁ"
43,07,40,"N","GSM","ὄχλου","ὄχλου","ὄχλου","ὄχλος"
43,07,40,"C",NULL,"οὖν⸃","οὖν","οὖν","οὖν"
43,07,40,"V","AAPNPM","ἀκούσαντες","ἀκούσαντες","ἀκούσαντες","ἀκούω"
43,07,40,"RA","GPM","⸂τῶν","τῶν","τῶν","ὁ"
43,07,40,"N","GPM","λόγων","λόγων","λόγων","λόγος"
43,07,40,"RD","GPM","τούτων⸃","τούτων","τούτων","οὗτος"
43,07,40,"V","3IAI-P","⸀ἔλεγον·","ἔλεγον","ἔλεγον","λέγω"
43,07,40,"RD","NSM","Οὗτός","Οὗτός","οὗτος","οὗτος"
43,07,40,"V","3PAI-S","ἐστιν","ἐστιν","ἐστί(ν)","εἰμί"
43,07,40,"D",NULL,"ἀληθῶς","ἀληθῶς","ἀληθῶς","ἀληθῶς"
43,07,40,"RA","NSM","ὁ","ὁ","ὁ","ὁ"
43,07,40,"N","NSM","προφήτης·","προφήτης","προφήτης","προφήτης"
43,07,41,"A","NPM","ἄλλοι","ἄλλοι","ἄλλοι","ἄλλος"
43,07,41,"V","3IAI-P","ἔλεγον·","ἔλεγον","ἔλεγον","λέγω"
43,07,41,"RD","NSM","Οὗτός","Οὗτός","οὗτος","οὗτος"
43,07,41,"V","3PAI-S","ἐστιν","ἐστιν","ἐστί(ν)","εἰμί"
43,07,41,"RA","NSM","ὁ","ὁ","ὁ","ὁ"
43,07,41,"N","NSM","χριστός·","χριστός","Χριστός","Χριστός"
43,07,41,"RA","NPM","⸂οἱ","οἱ","οἱ","ὁ"
43,07,41,"C",NULL,"δὲ⸃","δὲ","δέ","δέ"
43,07,41,"V","3IAI-P","ἔλεγον·","ἔλεγον","ἔλεγον","λέγω"
43,07,41,"X",NULL,"Μὴ","Μὴ","μή","μή"
43,07,41,"C",NULL,"γὰρ","γὰρ","γάρ","γάρ"
43,07,41,"P",NULL,"ἐκ","ἐκ","ἐκ","ἐκ"
43,07,41,"RA","GSF","τῆς","τῆς","τῆς","ὁ"
43,07,41,"N","GSF","Γαλιλαίας","Γαλιλαίας","Γαλιλαίας","Γαλιλαία"
43,07,41,"RA","NSM","ὁ","ὁ","ὁ","ὁ"
43,07,41,"N","NSM","χριστὸς","χριστὸς","Χριστός","Χριστός"
43,07,41,"V","3PMI-S","ἔρχεται;","ἔρχεται","ἔρχεται","ἔρχομαι"
43,07,42,"X",NULL,"⸀οὐχ","οὐχ","οὐ","οὐ"
43,07,42,"RA","NSF","ἡ","ἡ","ἡ","ὁ"
43,07,42,"N","NSF","γραφὴ","γραφὴ","γραφή","γραφή"
43,07,42,"V","3AAI-S","εἶπεν","εἶπεν","εἶπε(ν)","λέγω"
43,07,42,"C",NULL,"ὅτι","ὅτι","ὅτι","ὅτι"
43,07,42,"P",NULL,"ἐκ","ἐκ","ἐκ","ἐκ"
43,07,42,"RA","GSN","τοῦ","τοῦ","τοῦ","ὁ"
43,07,42,"N","GSN","σπέρματος","σπέρματος","σπέρματος","σπέρμα"
43,07,42,"N","GSM","Δαυίδ,","Δαυίδ","Δαυίδ","Δαυίδ"
43,07,42,"C",NULL,"καὶ","καὶ","καί","καί"
43,07,42,"P",NULL,"ἀπὸ","ἀπὸ","ἀπό","ἀπό"
43,07,42,"N","GSF","Βηθλέεμ","Βηθλέεμ","Βηθλέεμ","Βηθλέεμ"
43,07,42,"RA","GSF","τῆς","τῆς","τῆς","ὁ"
43,07,42,"N","GSF","κώμης","κώμης","κώμης","κώμη"
43,07,42,"D",NULL,"ὅπου","ὅπου","ὅπου","ὅπου"
43,07,42,"V","3IAI-S","ἦν","ἦν","ἦν","εἰμί"
43,07,42,"N","NSM","Δαυίδ,","Δαυίδ","Δαυίδ","Δαυίδ"
43,07,42,"V","3PMI-S","⸂ἔρχεται","ἔρχεται","ἔρχεται","ἔρχομαι"
43,07,42,"RA","NSM","ὁ","ὁ","ὁ","ὁ"
43,07,42,"N","NSM","χριστός⸃;","χριστός","Χριστός","Χριστός"
43,07,43,"N","NSN","σχίσμα","σχίσμα","σχίσμα","σχίσμα"
43,07,43,"C",NULL,"οὖν","οὖν","οὖν","οὖν"
43,07,43,"V","3AMI-S","⸂ἐγένετο","ἐγένετο","ἐγένετο","γίνομαι"
43,07,43,"P",NULL,"ἐν","ἐν","ἐν","ἐν"
43,07,43,"RA","DSM","τῷ","τῷ","τῷ","ὁ"
43,07,43,"N","DSM","ὄχλῳ⸃","ὄχλῳ","ὄχλῳ","ὄχλος"
43,07,43,"P",NULL,"δι’","δι’","διά","διά"
43,07,43,"RP","ASM","αὐτόν.","αὐτόν","αὐτόν","αὐτός"
43,07,44,"RI","NPM","τινὲς","τινὲς","τινές","τις"
43,07,44,"C",NULL,"δὲ","δὲ","δέ","δέ"
43,07,44,"V","3IAI-P","ἤθελον","ἤθελον","ἤθελον","θέλω"
43,07,44,"P",NULL,"ἐξ","ἐξ","ἐκ","ἐκ"
43,07,44,"RP","GPM","αὐτῶν","αὐτῶν","αὐτῶν","αὐτός"
43,07,44,"V","AAN","πιάσαι","πιάσαι","πιάσαι","πιάζω"
43,07,44,"RP","ASM","αὐτόν,","αὐτόν","αὐτόν","αὐτός"
43,07,44,"C",NULL,"ἀλλ’","ἀλλ’","ἀλλά","ἀλλά"
43,07,44,"A","NSM","οὐδεὶς","οὐδεὶς","οὐδείς","οὐδείς"
43,07,44,"V","3AAI-S","⸀ἐπέβαλεν","ἐπέβαλεν","ἐπέβαλε(ν)","ἐπιβάλλω"
43,07,44,"P",NULL,"ἐπ’","ἐπ’","ἐπί","ἐπί"
43,07,44,"RP","ASM","αὐτὸν","αὐτὸν","αὐτόν","αὐτός"
43,07,44,"RA","APF","τὰς","τὰς","τάς","ὁ"
43,07,44,"N","APF","χεῖρας.","χεῖρας","χεῖρας","χείρ"
43,07,45,"V","3AAI-P","Ἦλθον","Ἦλθον","ἦλθον","ἔρχομαι"
43,07,45,"C",NULL,"οὖν","οὖν","οὖν","οὖν"
43,07,45,"RA","NPM","οἱ","οἱ","οἱ","ὁ"
43,07,45,"N","NPM","ὑπηρέται","ὑπηρέται","ὑπηρέται","ὑπηρέτης"
43,07,45,"P",NULL,"πρὸς","πρὸς","πρός","πρός"
43,07,45,"RA","APM","τοὺς","τοὺς","τούς","ὁ"
43,07,45,"N","APM","ἀρχιερεῖς","ἀρχιερεῖς","ἀρχιερεῖς","ἀρχιερεύς"
43,07,45,"C",NULL,"καὶ","καὶ","καί","καί"
43,07,45,"N","APM","Φαρισαίους,","Φαρισαίους","Φαρισαίους","Φαρισαῖος"
43,07,45,"C",NULL,"καὶ","καὶ","καί","καί"
43,07,45,"V","3AAI-P","εἶπον","εἶπον","εἶπον","λέγω"
43,07,45,"RP","DPM","αὐτοῖς","αὐτοῖς","αὐτοῖς","αὐτός"
43,07,45,"RD","NPM","ἐκεῖνοι·","ἐκεῖνοι","ἐκεῖνοι","ἐκεῖνος"
43,07,45,"P",NULL,"Διὰ","Διὰ","διά","διά"
43,07,45,"RI","ASN","τί","τί","τί","τίς"
43,07,45,"D",NULL,"οὐκ","οὐκ","οὐ","οὐ"
43,07,45,"V","2AAI-P","ἠγάγετε","ἠγάγετε","ἠγάγετε","ἄγω"
43,07,45,"RP","ASM","αὐτόν;","αὐτόν","αὐτόν","αὐτός"
43,07,46,"V","3API-P","ἀπεκρίθησαν","ἀπεκρίθησαν","ἀπεκρίθησαν","ἀποκρίνομαι"
43,07,46,"RA","NPM","οἱ","οἱ","οἱ","ὁ"
43,07,46,"N","NPM","ὑπηρέται·","ὑπηρέται","ὑπηρέται","ὑπηρέτης"
43,07,46,"D",NULL,"Οὐδέποτε","Οὐδέποτε","οὐδέποτε","οὐδέποτε"
43,07,46,"V","3AAI-S","⸂ἐλάλησεν","ἐλάλησεν","ἐλάλησε(ν)","λαλέω"
43,07,46,"D",NULL,"οὕτως⸃","οὕτως","οὕτω(ς)","οὕτω(ς)"
43,07,46,"N","NSM","⸀ἄνθρωπος.","ἄνθρωπος","ἄνθρωπος","ἄνθρωπος"
43,07,47,"V","3API-P","ἀπεκρίθησαν","ἀπεκρίθησαν","ἀπεκρίθησαν","ἀποκρίνομαι"
43,07,47,"C",NULL,"οὖν","οὖν","οὖν","οὖν"
43,07,47,"RP","DPM","αὐτοῖς","αὐτοῖς","αὐτοῖς","αὐτός"
43,07,47,"RA","NPM","οἱ","οἱ","οἱ","ὁ"
43,07,47,"N","NPM","Φαρισαῖοι·","Φαρισαῖοι","Φαρισαῖοι","Φαρισαῖος"
43,07,47,"X",NULL,"Μὴ","Μὴ","μή","μή"
43,07,47,"D",NULL,"καὶ","καὶ","καί","καί"
43,07,47,"RP","NP","ὑμεῖς","ὑμεῖς","ὑμεῖς","σύ"
43,07,47,"V","2XPI-P","πεπλάνησθε;","πεπλάνησθε","πεπλάνησθε","πλανάω"
43,07,48,"X",NULL,"μή","μή","μή","μή"
43,07,48,"RI","NSM","τις","τις","τὶς","τις"
43,07,48,"P",NULL,"ἐκ","ἐκ","ἐκ","ἐκ"
43,07,48,"RA","GPM","τῶν","τῶν","τῶν","ὁ"
43,07,48,"N","GPM","ἀρχόντων","ἀρχόντων","ἀρχόντων","ἄρχων"
43,07,48,"V","3AAI-S","ἐπίστευσεν","ἐπίστευσεν","ἐπίστευσε(ν)","πιστεύω"
43,07,48,"P",NULL,"εἰς","εἰς","εἰς","εἰς"
43,07,48,"RP","ASM","αὐτὸν","αὐτὸν","αὐτόν","αὐτός"
43,07,48,"C",NULL,"ἢ","ἢ","ἤ","ἤ"
43,07,48,"P",NULL,"ἐκ","ἐκ","ἐκ","ἐκ"
43,07,48,"RA","GPM","τῶν","τῶν","τῶν","ὁ"
43,07,48,"N","GPM","Φαρισαίων;","Φαρισαίων","Φαρισαίων","Φαρισαῖος"
43,07,49,"C",NULL,"ἀλλὰ","ἀλλὰ","ἀλλά","ἀλλά"
43,07,49,"RA","NSM","ὁ","ὁ","ὁ","ὁ"
43,07,49,"N","NSM","ὄχλος","ὄχλος","ὄχλος","ὄχλος"
43,07,49,"RD","NSM","οὗτος","οὗτος","οὗτος","οὗτος"
43,07,49,"RA","NSM","ὁ","ὁ","ὁ","ὁ"
43,07,49,"D",NULL,"μὴ","μὴ","μή","μή"
43,07,49,"V","PAPNSM","γινώσκων","γινώσκων","γινώσκων","γινώσκω"
43,07,49,"RA","ASM","τὸν","τὸν","τόν","ὁ"
43,07,49,"N","ASM","νόμον","νόμον","νόμον","νόμος"
43,07,49,"A","NPM","⸀ἐπάρατοί","ἐπάρατοί","ἐπάρατοι","ἐπάρατος"
43,07,49,"V","3PAI-P","εἰσιν.","εἰσιν","εἰσί(ν)","εἰμί"
43,07,50,"V","3PAI-S","λέγει","λέγει","λέγει","λέγω"
43,07,50,"N","NSM","Νικόδημος","Νικόδημος","Νικόδημος","Νικόδημος"
43,07,50,"P",NULL,"πρὸς","πρὸς","πρός","πρός"
43,07,50,"RP","APM","αὐτούς,","αὐτούς","αὐτούς","αὐτός"
43,07,50,"RA","NSM","ὁ","ὁ","ὁ","ὁ"
43,07,50,"V","AAPNSM","⸀ἐλθὼν","ἐλθὼν","ἐλθών","ἔρχομαι"
43,07,50,"P",NULL,"πρὸς","πρὸς","πρός","πρός"
43,07,50,"RP","ASM","αὐτὸν","αὐτὸν","αὐτόν","αὐτός"
43,07,50,"A","ASNC","⸀πρότερον,","πρότερον","πρότερον","πρότερος"
43,07,50,"A","NSM","εἷς","εἷς","εἷς","εἷς"
43,07,50,"V","PAPNSM","ὢν","ὢν","ὤν","εἰμί"
43,07,50,"P",NULL,"ἐξ","ἐξ","ἐκ","ἐκ"
43,07,50,"RP","GPM","αὐτῶν·","αὐτῶν","αὐτῶν","αὐτός"
43,07,51,"X",NULL,"Μὴ","Μὴ","μή","μή"
43,07,51,"RA","NSM","ὁ","ὁ","ὁ","ὁ"
43,07,51,"N","NSM","νόμος","νόμος","νόμος","νόμος"
43,07,51,"RP","GP","ἡμῶν","ἡμῶν","ἡμῶν","ἐγώ"
43,07,51,"V","3PAI-S","κρίνει","κρίνει","κρίνει","κρίνω"
43,07,51,"RA","ASM","τὸν","τὸν","τόν","ὁ"
43,07,51,"N","ASM","ἄνθρωπον","ἄνθρωπον","ἄνθρωπον","ἄνθρωπος"
43,07,51,"C",NULL,"ἐὰν","ἐὰν","ἐάν","ἐάν"
43,07,51,"D",NULL,"μὴ","μὴ","μή","μή"
43,07,51,"V","3AAS-S","ἀκούσῃ","ἀκούσῃ","ἀκούσῃ","ἀκούω"
43,07,51,"A","ASN","⸂πρῶτον","πρῶτον","πρῶτον","πρῶτος"
43,07,51,"P",NULL,"παρ’","παρ’","παρά","παρά"
43,07,51,"RP","GSM","αὐτοῦ⸃","αὐτοῦ","αὐτοῦ","αὐτός"
43,07,51,"C",NULL,"καὶ","καὶ","καί","καί"
43,07,51,"V","3AAS-S","γνῷ","γνῷ","γνῷ","γινώσκω"
43,07,51,"RI","ASN","τί","τί","τί","τίς"
43,07,51,"V","3PAI-S","ποιεῖ;","ποιεῖ","ποιεῖ","ποιέω"
43,07,52,"V","3API-P","ἀπεκρίθησαν","ἀπεκρίθησαν","ἀπεκρίθησαν","ἀποκρίνομαι"
43,07,52,"C",NULL,"καὶ","καὶ","καί","καί"
43,07,52,"V","3AAI-P","εἶπαν","εἶπαν","εἶπαν","λέγω"
43,07,52,"RP","DSM","αὐτῷ·","αὐτῷ","αὐτῷ","αὐτός"
43,07,52,"X",NULL,"Μὴ","Μὴ","μή","μή"
43,07,52,"D",NULL,"καὶ","καὶ","καί","καί"
43,07,52,"RP","NS","σὺ","σὺ","σύ","σύ"
43,07,52,"P",NULL,"ἐκ","ἐκ","ἐκ","ἐκ"
43,07,52,"RA","GSF","τῆς","τῆς","τῆς","ὁ"
43,07,52,"N","GSF","Γαλιλαίας","Γαλιλαίας","Γαλιλαίας","Γαλιλαία"
43,07,52,"V","2PAI-S","εἶ;","εἶ","εἶ","εἰμί"
43,07,52,"V","2AAD-S","ἐραύνησον","ἐραύνησον","ἐραύνησον","ἐραυνάω"
43,07,52,"C",NULL,"καὶ","καὶ","καί","καί"
43,07,52,"V","2AAD-S","ἴδε","ἴδε","ἴδε","ὁράω"
43,07,52,"C",NULL,"ὅτι","ὅτι","ὅτι","ὅτι"
43,07,52,"P",NULL,"⸂ἐκ","ἐκ","ἐκ","ἐκ"
43,07,52,"RA","GSF","τῆς","τῆς","τῆς","ὁ"
43,07,52,"N","GSF","Γαλιλαίας","Γαλιλαίας","Γαλιλαίας","Γαλιλαία"
43,07,52,"N","NSM","προφήτης⸃","προφήτης","προφήτης","προφήτης"
43,07,52,"D",NULL,"οὐκ","οὐκ","οὐ","οὐ"
43,07,52,"V","3PPI-S","⸀ἐγείρεται.","ἐγείρεται","ἐγείρεται","ἐγείρω"
43,08,12,"D",NULL,"Πάλιν","Πάλιν","πάλιν","πάλιν"
43,08,12,"C",NULL,"οὖν","οὖν","οὖν","οὖν"
43,08,12,"RP","DPM","αὐτοῖς","αὐτοῖς","αὐτοῖς","αὐτός"
43,08,12,"V","3AAI-S","⸂ἐλάλησεν","ἐλάλησεν","ἐλάλησε(ν)","λαλέω"
43,08,12,"RA","NSM","ὁ","ὁ","ὁ","ὁ"
43,08,12,"N","NSM","Ἰησοῦς⸃","Ἰησοῦς","Ἰησοῦς","Ἰησοῦς"
43,08,12,"V","PAPNSM","λέγων·","λέγων","λέγων","λέγω"
43,08,12,"RP","NS","Ἐγώ","Ἐγώ","ἐγώ","ἐγώ"
43,08,12,"V","1PAI-S","εἰμι","εἰμι","εἰμί","εἰμί"
43,08,12,"RA","NSN","τὸ","τὸ","τό","ὁ"
43,08,12,"N","NSN","φῶς","φῶς","φῶς","φῶς"
43,08,12,"RA","GSM","τοῦ","τοῦ","τοῦ","ὁ"
43,08,12,"N","GSM","κόσμου·","κόσμου","κόσμου","κόσμος"
43,08,12,"RA","NSM","ὁ","ὁ","ὁ","ὁ"
43,08,12,"V","PAPNSM","ἀκολουθῶν","ἀκολουθῶν","ἀκολουθῶν","ἀκολουθέω"
43,08,12,"RP","DS","⸀ἐμοὶ","ἐμοὶ","ἐμοί","ἐγώ"
43,08,12,"D",NULL,"οὐ","οὐ","οὐ","οὐ"
43,08,12,"D",NULL,"μὴ","μὴ","μή","μή"
43,08,12,"V","3AAS-S","περιπατήσῃ","περιπατήσῃ","περιπατήσῃ","περιπατέω"
43,08,12,"P",NULL,"ἐν","ἐν","ἐν","ἐν"
43,08,12,"RA","DSF","τῇ","τῇ","τῇ","ὁ"
43,08,12,"N","DSF","σκοτίᾳ,","σκοτίᾳ","σκοτίᾳ","σκοτία"
43,08,12,"C",NULL,"ἀλλ’","ἀλλ’","ἀλλά","ἀλλά"
43,08,12,"V","3FAI-S","ἕξει","ἕξει","ἕξει","ἔχω"
43,08,12,"RA","ASN","τὸ","τὸ","τό","ὁ"
43,08,12,"N","ASN","φῶς","φῶς","φῶς","φῶς"
43,08,12,"RA","GSF","τῆς","τῆς","τῆς","ὁ"
43,08,12,"N","GSF","ζωῆς.","ζωῆς","ζωῆς","ζωή"
43,08,13,"V","3AAI-P","εἶπον","εἶπον","εἶπον","λέγω"
43,08,13,"C",NULL,"οὖν","οὖν","οὖν","οὖν"
43,08,13,"RP","DSM","αὐτῷ","αὐτῷ","αὐτῷ","αὐτός"
43,08,13,"RA","NPM","οἱ","οἱ","οἱ","ὁ"
43,08,13,"N","NPM","Φαρισαῖοι·","Φαρισαῖοι","Φαρισαῖοι","Φαρισαῖος"
43,08,13,"RP","NS","Σὺ","Σὺ","σύ","σύ"
43,08,13,"P",NULL,"περὶ","περὶ","περί","περί"
43,08,13,"RP","GSM","σεαυτοῦ","σεαυτοῦ","σεαυτοῦ","σεαυτοῦ"
43,08,13,"V","2PAI-S","μαρτυρεῖς·","μαρτυρεῖς","μαρτυρεῖς","μαρτυρέω"
43,08,13,"RA","NSF","ἡ","ἡ","ἡ","ὁ"
43,08,13,"N","NSF","μαρτυρία","μαρτυρία","μαρτυρία","μαρτυρία"
43,08,13,"RP","GS","σου","σου","σου","σύ"
43,08,13,"D",NULL,"οὐκ","οὐκ","οὐ","οὐ"
43,08,13,"V","3PAI-S","ἔστιν","ἔστιν","ἐστί(ν)","εἰμί"
43,08,13,"A","NSF","ἀληθής.","ἀληθής","ἀληθής","ἀληθής"
43,08,14,"V","3API-S","ἀπεκρίθη","ἀπεκρίθη","ἀπεκρίθη","ἀποκρίνομαι"
43,08,14,"N","NSM","Ἰησοῦς","Ἰησοῦς","Ἰησοῦς","Ἰησοῦς"
43,08,14,"C",NULL,"καὶ","καὶ","καί","καί"
43,08,14,"V","3AAI-S","εἶπεν","εἶπεν","εἶπε(ν)","λέγω"
43,08,14,"RP","DPM","αὐτοῖς·","αὐτοῖς","αὐτοῖς","αὐτός"
43,08,14,"D",NULL,"Κἂν","Κἂν","κἄν","κἄν"
43,08,14,"RP","NS","ἐγὼ","ἐγὼ","ἐγώ","ἐγώ"
43,08,14,"V","1PAS-S","μαρτυρῶ","μαρτυρῶ","μαρτυρῶ","μαρτυρέω"
43,08,14,"P",NULL,"περὶ","περὶ","περί","περί"
43,08,14,"RP","GSM","ἐμαυτοῦ,","ἐμαυτοῦ","ἐμαυτοῦ","ἐμαυτοῦ"
43,08,14,"A","NSF","ἀληθής","ἀληθής","ἀληθής","ἀληθής"
43,08,14,"V","3PAI-S","ἐστιν","ἐστιν","ἐστί(ν)","εἰμί"
43,08,14,"RA","NSF","ἡ","ἡ","ἡ","ὁ"
43,08,14,"N","NSF","μαρτυρία","μαρτυρία","μαρτυρία","μαρτυρία"
43,08,14,"RP","GS","μου,","μου","μου","ἐγώ"
43,08,14,"C",NULL,"ὅτι","ὅτι","ὅτι","ὅτι"
43,08,14,"V","1XAI-S","οἶδα","οἶδα","οἶδα","οἶδα"
43,08,14,"D",NULL,"πόθεν","πόθεν","πόθεν","πόθεν"
43,08,14,"V","1AAI-S","ἦλθον","ἦλθον","ἦλθον","ἔρχομαι"
43,08,14,"C",NULL,"καὶ","καὶ","καί","καί"
43,08,14,"D",NULL,"ποῦ","ποῦ","ποῦ","ποῦ"
43,08,14,"V","1PAI-S","ὑπάγω·","ὑπάγω","ὑπάγω","ὑπάγω"
43,08,14,"RP","NP","ὑμεῖς","ὑμεῖς","ὑμεῖς","σύ"
43,08,14,"C",NULL,"δὲ","δὲ","δέ","δέ"
43,08,14,"D",NULL,"οὐκ","οὐκ","οὐ","οὐ"
43,08,14,"V","2XAI-P","οἴδατε","οἴδατε","οἴδατε","οἶδα"
43,08,14,"D",NULL,"πόθεν","πόθεν","πόθεν","πόθεν"
43,08,14,"V","1PMI-S","ἔρχομαι","ἔρχομαι","ἔρχομαι","ἔρχομαι"
43,08,14,"C",NULL,"⸀ἢ","ἢ","ἤ","ἤ"
43,08,14,"D",NULL,"ποῦ","ποῦ","ποῦ","ποῦ"
43,08,14,"V","1PAI-S","ὑπάγω.","ὑπάγω","ὑπάγω","ὑπάγω"
43,08,15,"RP","NP","ὑμεῖς","ὑμεῖς","ὑμεῖς","σύ"
43,08,15,"P",NULL,"κατὰ","κατὰ","κατά","κατά"
43,08,15,"RA","ASF","τὴν","τὴν","τήν","ὁ"
43,08,15,"N","ASF","σάρκα","σάρκα","σάρκα","σάρξ"
43,08,15,"V","2PAI-P","κρίνετε,","κρίνετε","κρίνετε","κρίνω"
43,08,15,"RP","NS","ἐγὼ","ἐγὼ","ἐγώ","ἐγώ"
43,08,15,"D",NULL,"οὐ","οὐ","οὐ","οὐ"
43,08,15,"V","1PAI-S","κρίνω","κρίνω","κρίνω","κρίνω"
43,08,15,"A","ASM","οὐδένα.","οὐδένα","οὐδένα","οὐδείς"
43,08,16,"D",NULL,"καὶ","καὶ","καί","καί"
43,08,16,"C",NULL,"ἐὰν","ἐὰν","ἐάν","ἐάν"
43,08,16,"V","1PAS-S","κρίνω","κρίνω","κρίνω","κρίνω"
43,08,16,"C",NULL,"δὲ","δὲ","δέ","δέ"
43,08,16,"RP","NS","ἐγώ,","ἐγώ","ἐγώ","ἐγώ"
43,08,16,"RA","NSF","ἡ","ἡ","ἡ","ὁ"
43,08,16,"N","NSF","κρίσις","κρίσις","κρίσις","κρίσις"
43,08,16,"RA","NSF","ἡ","ἡ","ἡ","ὁ"
43,08,16,"A","NSF","ἐμὴ","ἐμὴ","ἐμή","ἐμός"
43,08,16,"A","NSF","⸀ἀληθινή","ἀληθινή","ἀληθινή","ἀληθινός"
43,08,16,"V","3PAI-S","ἐστιν,","ἐστιν","ἐστί(ν)","εἰμί"
43,08,16,"C",NULL,"ὅτι","ὅτι","ὅτι","ὅτι"
43,08,16,"A","NSM","μόνος","μόνος","μόνος","μόνος"
43,08,16,"D",NULL,"οὐκ","οὐκ","οὐ","οὐ"
43,08,16,"V","1PAI-S","εἰμί,","εἰμί","εἰμί","εἰμί"
43,08,16,"C",NULL,"ἀλλ’","ἀλλ’","ἀλλά","ἀλλά"
43,08,16,"RP","NS","ἐγὼ","ἐγὼ","ἐγώ","ἐγώ"
43,08,16,"C",NULL,"καὶ","καὶ","καί","καί"
43,08,16,"RA","NSM","ὁ","ὁ","ὁ","ὁ"
43,08,16,"V","AAPNSM","πέμψας","πέμψας","πέμψας","πέμπω"
43,08,16,"RP","AS","με","με","με","ἐγώ"
43,08,16,"N","NSM","πατήρ.","πατήρ","πατήρ","πατήρ"
43,08,17,"D",NULL,"καὶ","καὶ","καί","καί"
43,08,17,"P",NULL,"ἐν","ἐν","ἐν","ἐν"
43,08,17,"RA","DSM","τῷ","τῷ","τῷ","ὁ"
43,08,17,"N","DSM","νόμῳ","νόμῳ","νόμῳ","νόμος"
43,08,17,"C",NULL,"δὲ","δὲ","δέ","δέ"
43,08,17,"RA","DSM","τῷ","τῷ","τῷ","ὁ"
43,08,17,"A","DSM","ὑμετέρῳ","ὑμετέρῳ","ὑμετέρῳ","ὑμέτερος"
43,08,17,"V","3XPI-S","γέγραπται","γέγραπται","γέγραπται","γράφω"
43,08,17,"C",NULL,"ὅτι","ὅτι","ὅτι","ὅτι"
43,08,17,"A","GPM","δύο","δύο","δύο","δύο"
43,08,17,"N","GPM","ἀνθρώπων","ἀνθρώπων","ἀνθρώπων","ἄνθρωπος"
43,08,17,"RA","NSF","ἡ","ἡ","ἡ","ὁ"
43,08,17,"N","NSF","μαρτυρία","μαρτυρία","μαρτυρία","μαρτυρία"
43,08,17,"A","NSF","ἀληθής","ἀληθής","ἀληθής","ἀληθής"
43,08,17,"V","3PAI-S","ἐστιν.","ἐστιν","ἐστί(ν)","εἰμί"
43,08,18,"RP","NS","ἐγώ","ἐγώ","ἐγώ","ἐγώ"
43,08,18,"V","1PAI-S","εἰμι","εἰμι","εἰμί","εἰμί"
43,08,18,"RA","NSM","ὁ","ὁ","ὁ","ὁ"
43,08,18,"V","PAPNSM","μαρτυρῶν","μαρτυρῶν","μαρτυρῶν","μαρτυρέω"
43,08,18,"P",NULL,"περὶ","περὶ","περί","περί"
43,08,18,"RP","GSM","ἐμαυτοῦ","ἐμαυτοῦ","ἐμαυτοῦ","ἐμαυτοῦ"
43,08,18,"C",NULL,"καὶ","καὶ","καί","καί"
43,08,18,"V","3PAI-S","μαρτυρεῖ","μαρτυρεῖ","μαρτυρεῖ","μαρτυρέω"
43,08,18,"P",NULL,"περὶ","περὶ","περί","περί"
43,08,18,"RP","GS","ἐμοῦ","ἐμοῦ","ἐμοῦ","ἐγώ"
43,08,18,"RA","NSM","ὁ","ὁ","ὁ","ὁ"
43,08,18,"V","AAPNSM","πέμψας","πέμψας","πέμψας","πέμπω"
43,08,18,"RP","AS","με","με","με","ἐγώ"
43,08,18,"N","NSM","πατήρ.","πατήρ","πατήρ","πατήρ"
43,08,19,"V","3IAI-P","ἔλεγον","ἔλεγον","ἔλεγον","λέγω"
43,08,19,"C",NULL,"οὖν","οὖν","οὖν","οὖν"
43,08,19,"RP","DSM","αὐτῷ·","αὐτῷ","αὐτῷ","αὐτός"
43,08,19,"D",NULL,"Ποῦ","Ποῦ","ποῦ","ποῦ"
43,08,19,"V","3PAI-S","ἐστιν","ἐστιν","ἐστί(ν)","εἰμί"
43,08,19,"RA","NSM","ὁ","ὁ","ὁ","ὁ"
43,08,19,"N","NSM","πατήρ","πατήρ","πατήρ","πατήρ"
43,08,19,"RP","GS","σου;","σου","σου","σύ"
43,08,19,"V","3API-S","ἀπεκρίθη","ἀπεκρίθη","ἀπεκρίθη","ἀποκρίνομαι"
43,08,19,"N","NSM","Ἰησοῦς·","Ἰησοῦς","Ἰησοῦς","Ἰησοῦς"
43,08,19,"C",NULL,"Οὔτε","Οὔτε","οὔτε","οὔτε"
43,08,19,"RP","AS","ἐμὲ","ἐμὲ","ἐμέ","ἐγώ"
43,08,19,"V","2XAI-P","οἴδατε","οἴδατε","οἴδατε","οἶδα"
43,08,19,"C",NULL,"οὔτε","οὔτε","οὔτε","οὔτε"
43,08,19,"RA","ASM","τὸν","τὸν","τόν","ὁ"
43,08,19,"N","ASM","πατέρα","πατέρα","πατέρα","πατήρ"
43,08,19,"RP","GS","μου·","μου","μου","ἐγώ"
43,08,19,"C",NULL,"εἰ","εἰ","εἰ","εἰ"
43,08,19,"RP","AS","ἐμὲ","ἐμὲ","ἐμέ","ἐγώ"
43,08,19,"V","2YAI-P","ᾔδειτε,","ᾔδειτε","ᾔδειτε","οἶδα"
43,08,19,"D",NULL,"καὶ","καὶ","καί","καί"
43,08,19,"RA","ASM","τὸν","τὸν","τόν","ὁ"
43,08,19,"N","ASM","πατέρα","πατέρα","πατέρα","πατήρ"
43,08,19,"RP","GS","μου","μου","μου","ἐγώ"
43,08,19,"X",NULL,"⸂ἂν","ἂν","ἄν","ἄν"
43,08,19,"V","2YAI-P","ᾔδειτε⸃.","ᾔδειτε","ᾔδειτε","οἶδα"
43,08,20,"RD","APN","ταῦτα","ταῦτα","ταῦτα","οὗτος"
43,08,20,"RA","APN","τὰ","τὰ","τά","ὁ"
43,08,20,"N","APN","ῥήματα","ῥήματα","ῥήματα","ῥῆμα"
43,08,20,"V","3AAI-S","⸀ἐλάλησεν","ἐλάλησεν","ἐλάλησε(ν)","λαλέω"
43,08,20,"P",NULL,"ἐν","ἐν","ἐν","ἐν"
43,08,20,"RA","DSN","τῷ","τῷ","τῷ","ὁ"
43,08,20,"N","DSN","γαζοφυλακίῳ","γαζοφυλακίῳ","γαζοφυλακίῳ","γαζοφυλάκιον"
43,08,20,"V","PAPNSM","διδάσκων","διδάσκων","διδάσκων","διδάσκω"
43,08,20,"P",NULL,"ἐν","ἐν","ἐν","ἐν"
43,08,20,"RA","DSN","τῷ","τῷ","τῷ","ὁ"
43,08,20,"A","DSN","ἱερῷ·","ἱερῷ","ἱερῷ","ἱερός"
43,08,20,"C",NULL,"καὶ","καὶ","καί","καί"
43,08,20,"A","NSM","οὐδεὶς","οὐδεὶς","οὐδείς","οὐδείς"
43,08,20,"V","3AAI-S","ἐπίασεν","ἐπίασεν","ἐπίασε(ν)","πιάζω"
43,08,20,"RP","ASM","αὐτόν,","αὐτόν","αὐτόν","αὐτός"
43,08,20,"C",NULL,"ὅτι","ὅτι","ὅτι","ὅτι"
43,08,20,"D",NULL,"οὔπω","οὔπω","οὔπω","οὔπω"
43,08,20,"V","3YAI-S","ἐληλύθει","ἐληλύθει","ἐληλύθει","ἔρχομαι"
43,08,20,"RA","NSF","ἡ","ἡ","ἡ","ὁ"
43,08,20,"N","NSF","ὥρα","ὥρα","ὥρα","ὥρα"
43,08,20,"RP","GSM","αὐτοῦ.","αὐτοῦ","αὐτοῦ","αὐτός"
43,08,21,"V","3AAI-S","Εἶπεν","Εἶπεν","εἶπε(ν)","λέγω"
43,08,21,"C",NULL,"οὖν","οὖν","οὖν","οὖν"
43,08,21,"D",NULL,"πάλιν","πάλιν","πάλιν","πάλιν"
43,08,21,"RP","DPM","⸀αὐτοῖς·","αὐτοῖς","αὐτοῖς","αὐτός"
43,08,21,"RP","NS","Ἐγὼ","Ἐγὼ","ἐγώ","ἐγώ"
43,08,21,"V","1PAI-S","ὑπάγω","ὑπάγω","ὑπάγω","ὑπάγω"
43,08,21,"C",NULL,"καὶ","καὶ","καί","καί"
43,08,21,"V","2FAI-P","ζητήσετέ","ζητήσετέ","ζητήσετε","ζητέω"
43,08,21,"RP","AS","με,","με","με","ἐγώ"
43,08,21,"C",NULL,"καὶ","καὶ","καί","καί"
43,08,21,"P",NULL,"ἐν","ἐν","ἐν","ἐν"
43,08,21,"RA","DSF","τῇ","τῇ","τῇ","ὁ"
43,08,21,"N","DSF","ἁμαρτίᾳ","ἁμαρτίᾳ","ἁμαρτίᾳ","ἁμαρτία"
43,08,21,"RP","GP","ὑμῶν","ὑμῶν","ὑμῶν","σύ"
43,08,21,"V","2FMI-P","ἀποθανεῖσθε·","ἀποθανεῖσθε","ἀποθανεῖσθε","ἀποθνῄσκω"
43,08,21,"C",NULL,"ὅπου","ὅπου","ὅπου","ὅπου"
43,08,21,"RP","NS","ἐγὼ","ἐγὼ","ἐγώ","ἐγώ"
43,08,21,"V","1PAI-S","ὑπάγω","ὑπάγω","ὑπάγω","ὑπάγω"
43,08,21,"RP","NP","ὑμεῖς","ὑμεῖς","ὑμεῖς","σύ"
43,08,21,"D",NULL,"οὐ","οὐ","οὐ","οὐ"
43,08,21,"V","2PMI-P","δύνασθε","δύνασθε","δύνασθε","δύναμαι"
43,08,21,"V","AAN","ἐλθεῖν.","ἐλθεῖν","ἐλθεῖν","ἔρχομαι"
43,08,22,"V","3IAI-P","ἔλεγον","ἔλεγον","ἔλεγον","λέγω"
43,08,22,"C",NULL,"οὖν","οὖν","οὖν","οὖν"
43,08,22,"RA","NPM","οἱ","οἱ","οἱ","ὁ"
43,08,22,"A","NPM","Ἰουδαῖοι·","Ἰουδαῖοι","Ἰουδαῖοι","Ἰουδαῖος"
43,08,22,"X",NULL,"Μήτι","Μήτι","μήτι","μήτι"
43,08,22,"V","3FAI-S","ἀποκτενεῖ","ἀποκτενεῖ","ἀποκτενεῖ","ἀποκτείνω"
43,08,22,"RP","ASM","ἑαυτὸν","ἑαυτὸν","ἑαυτόν","ἑαυτοῦ"
43,08,22,"C",NULL,"ὅτι","ὅτι","ὅτι","ὅτι"
43,08,22,"V","3PAI-S","λέγει·","λέγει","λέγει","λέγω"
43,08,22,"C",NULL,"Ὅπου","Ὅπου","ὅπου","ὅπου"
43,08,22,"RP","NS","ἐγὼ","ἐγὼ","ἐγώ","ἐγώ"
43,08,22,"V","1PAI-S","ὑπάγω","ὑπάγω","ὑπάγω","ὑπάγω"
43,08,22,"RP","NP","ὑμεῖς","ὑμεῖς","ὑμεῖς","σύ"
43,08,22,"D",NULL,"οὐ","οὐ","οὐ","οὐ"
43,08,22,"V","2PMI-P","δύνασθε","δύνασθε","δύνασθε","δύναμαι"
43,08,22,"V","AAN","ἐλθεῖν;","ἐλθεῖν","ἐλθεῖν","ἔρχομαι"
43,08,23,"C",NULL,"καὶ","καὶ","καί","καί"
43,08,23,"V","3IAI-S","⸀ἔλεγεν","ἔλεγεν","ἔλεγε(ν)","λέγω"
43,08,23,"RP","DPM","αὐτοῖς·","αὐτοῖς","αὐτοῖς","αὐτός"
43,08,23,"RP","NP","Ὑμεῖς","Ὑμεῖς","ὑμεῖς","σύ"
43,08,23,"P",NULL,"ἐκ","ἐκ","ἐκ","ἐκ"
43,08,23,"RA","GPN","τῶν","τῶν","τῶν","ὁ"
43,08,23,"D",NULL,"κάτω","κάτω","κάτω","κάτω"
43,08,23,"V","2PAI-P","ἐστέ,","ἐστέ","ἐστέ","εἰμί"
43,08,23,"RP","NS","ἐγὼ","ἐγὼ","ἐγώ","ἐγώ"
43,08,23,"P",NULL,"ἐκ","ἐκ","ἐκ","ἐκ"
43,08,23,"RA","GPN","τῶν","τῶν","τῶν","ὁ"
43,08,23,"D",NULL,"ἄνω","ἄνω","ἄνω","ἄνω"
43,08,23,"V","1PAI-S","εἰμί·","εἰμί","εἰμί","εἰμί"
43,08,23,"RP","NP","ὑμεῖς","ὑμεῖς","ὑμεῖς","σύ"
43,08,23,"P",NULL,"ἐκ","ἐκ","ἐκ","ἐκ"
43,08,23,"RD","GSM","⸂τούτου","τούτου","τούτου","οὗτος"
43,08,23,"RA","GSM","τοῦ","τοῦ","τοῦ","ὁ"
43,08,23,"N","GSM","κόσμου⸃","κόσμου","κόσμου","κόσμος"
43,08,23,"V","2PAI-P","ἐστέ,","ἐστέ","ἐστέ","εἰμί"
43,08,23,"RP","NS","ἐγὼ","ἐγὼ","ἐγώ","ἐγώ"
43,08,23,"D",NULL,"οὐκ","οὐκ","οὐ","οὐ"
43,08,23,"V","1PAI-S","εἰμὶ","εἰμὶ","εἰμί","εἰμί"
43,08,23,"P",NULL,"ἐκ","ἐκ","ἐκ","ἐκ"
43,08,23,"RA","GSM","τοῦ","τοῦ","τοῦ","ὁ"
43,08,23,"N","GSM","κόσμου","κόσμου","κόσμου","κόσμος"
43,08,23,"RD","GSM","τούτου.","τούτου","τούτου","οὗτος"
43,08,24,"V","1AAI-S","εἶπον","εἶπον","εἶπον","λέγω"
43,08,24,"C",NULL,"οὖν","οὖν","οὖν","οὖν"
43,08,24,"RP","DP","ὑμῖν","ὑμῖν","ὑμῖν","σύ"
43,08,24,"C",NULL,"ὅτι","ὅτι","ὅτι","ὅτι"
43,08,24,"V","2FMI-P","ἀποθανεῖσθε","ἀποθανεῖσθε","ἀποθανεῖσθε","ἀποθνῄσκω"
43,08,24,"P",NULL,"ἐν","ἐν","ἐν","ἐν"
43,08,24,"RA","DPF","ταῖς","ταῖς","ταῖς","ὁ"
43,08,24,"N","DPF","ἁμαρτίαις","ἁμαρτίαις","ἁμαρτίαις","ἁμαρτία"
43,08,24,"RP","GP","ὑμῶν·","ὑμῶν","ὑμῶν","σύ"
43,08,24,"C",NULL,"ἐὰν","ἐὰν","ἐάν","ἐάν"
43,08,24,"C",NULL,"γὰρ","γὰρ","γάρ","γάρ"
43,08,24,"D",NULL,"μὴ","μὴ","μή","μή"
43,08,24,"V","2AAS-P","πιστεύσητε","πιστεύσητε","πιστεύσητε","πιστεύω"
43,08,24,"C",NULL,"ὅτι","ὅτι","ὅτι","ὅτι"
43,08,24,"RP","NS","ἐγώ","ἐγώ","ἐγώ","ἐγώ"
43,08,24,"V","1PAI-S","εἰμι,","εἰμι","εἰμί","εἰμί"
43,08,24,"V","2FMI-P","ἀποθανεῖσθε","ἀποθανεῖσθε","ἀποθανεῖσθε","ἀποθνῄσκω"
43,08,24,"P",NULL,"ἐν","ἐν","ἐν","ἐν"
43,08,24,"RA","DPF","ταῖς","ταῖς","ταῖς","ὁ"
43,08,24,"N","DPF","ἁμαρτίαις","ἁμαρτίαις","ἁμαρτίαις","ἁμαρτία"
43,08,24,"RP","GP","ὑμῶν.","ὑμῶν","ὑμῶν","σύ"
43,08,25,"V","3IAI-P","ἔλεγον","ἔλεγον","ἔλεγον","λέγω"
43,08,25,"C",NULL,"οὖν","οὖν","οὖν","οὖν"
43,08,25,"RP","DSM","αὐτῷ·","αὐτῷ","αὐτῷ","αὐτός"
43,08,25,"RP","NS","Σὺ","Σὺ","σύ","σύ"
43,08,25,"RI","NSM","τίς","τίς","τίς","τίς"
43,08,25,"V","2PAI-S","εἶ;","εἶ","εἶ","εἰμί"
43,08,25,"V","3AAI-S","⸀εἶπεν","εἶπεν","εἶπε(ν)","λέγω"
43,08,25,"RP","DPM","αὐτοῖς","αὐτοῖς","αὐτοῖς","αὐτός"
43,08,25,"RA","NSM","ὁ","ὁ","ὁ","ὁ"
43,08,25,"N","NSM","Ἰησοῦς·","Ἰησοῦς","Ἰησοῦς","Ἰησοῦς"
43,08,25,"RA","ASF","Τὴν","Τὴν","τήν","ὁ"
43,08,25,"N","ASF","ἀρχὴν","ἀρχὴν","ἀρχήν","ἀρχή"
43,08,25,"RR","ASN","⸂ὅ","ὅ","ὅ","ὅς"
43,08,25,"RI","ASN","τι⸃","τι","τὶ","τις"
43,08,25,"D",NULL,"καὶ","καὶ","καί","καί"
43,08,25,"V","1PAI-S","λαλῶ","λαλῶ","λαλῶ","λαλέω"
43,08,25,"RP","DP","ὑμῖν;","ὑμῖν","ὑμῖν","σύ"
43,08,26,"A","APN","πολλὰ","πολλὰ","πολλά","πολύς"
43,08,26,"V","1PAI-S","ἔχω","ἔχω","ἔχω","ἔχω"
43,08,26,"P",NULL,"περὶ","περὶ","περί","περί"
43,08,26,"RP","GP","ὑμῶν","ὑμῶν","ὑμῶν","σύ"
43,08,26,"V","PAN","λαλεῖν","λαλεῖν","λαλεῖν","λαλέω"
43,08,26,"C",NULL,"καὶ","καὶ","καί","καί"
43,08,26,"V","PAN","κρίνειν·","κρίνειν","κρίνειν","κρίνω"
43,08,26,"C",NULL,"ἀλλ’","ἀλλ’","ἀλλά","ἀλλά"
43,08,26,"RA","NSM","ὁ","ὁ","ὁ","ὁ"
43,08,26,"V","AAPNSM","πέμψας","πέμψας","πέμψας","πέμπω"
43,08,26,"RP","AS","με","με","με","ἐγώ"
43,08,26,"A","NSM","ἀληθής","ἀληθής","ἀληθής","ἀληθής"
43,08,26,"V","3PAI-S","ἐστιν,","ἐστιν","ἐστί(ν)","εἰμί"
43,08,26,"RP","NS","κἀγὼ","κἀγὼ","κἀγώ","κἀγώ"
43,08,26,"RR","APN","ἃ","ἃ","ἅ","ὅς"
43,08,26,"V","1AAI-S","ἤκουσα","ἤκουσα","ἤκουσα","ἀκούω"
43,08,26,"P",NULL,"παρ’","παρ’","παρά","παρά"
43,08,26,"RP","GSM","αὐτοῦ","αὐτοῦ","αὐτοῦ","αὐτός"
43,08,26,"RD","APN","ταῦτα","ταῦτα","ταῦτα","οὗτος"
43,08,26,"V","1PAI-S","⸀λαλῶ","λαλῶ","λαλῶ","λαλέω"
43,08,26,"P",NULL,"εἰς","εἰς","εἰς","εἰς"
43,08,26,"RA","ASM","τὸν","τὸν","τόν","ὁ"
43,08,26,"N","ASM","κόσμον.","κόσμον","κόσμον","κόσμος"
43,08,27,"D",NULL,"οὐκ","οὐκ","οὐ","οὐ"
43,08,27,"V","3AAI-P","ἔγνωσαν","ἔγνωσαν","ἔγνωσαν","γινώσκω"
43,08,27,"C",NULL,"ὅτι","ὅτι","ὅτι","ὅτι"
43,08,27,"RA","ASM","τὸν","τὸν","τόν","ὁ"
43,08,27,"N","ASM","πατέρα","πατέρα","πατέρα","πατήρ"
43,08,27,"RP","DPM","αὐτοῖς","αὐτοῖς","αὐτοῖς","αὐτός"
43,08,27,"V","3IAI-S","ἔλεγεν.","ἔλεγεν","ἔλεγε(ν)","λέγω"
43,08,28,"V","3AAI-S","εἶπεν","εἶπεν","εἶπε(ν)","λέγω"
43,08,28,"C",NULL,"⸀οὖν","οὖν","οὖν","οὖν"
43,08,28,"RA","NSM","ὁ","ὁ","ὁ","ὁ"
43,08,28,"N","NSM","Ἰησοῦς·","Ἰησοῦς","Ἰησοῦς","Ἰησοῦς"
43,08,28,"C",NULL,"Ὅταν","Ὅταν","ὅταν","ὅταν"
43,08,28,"V","2AAS-P","ὑψώσητε","ὑψώσητε","ὑψώσητε","ὑψόω"
43,08,28,"RA","ASM","τὸν","τὸν","τόν","ὁ"
43,08,28,"N","ASM","υἱὸν","υἱὸν","υἱόν","υἱός"
43,08,28,"RA","GSM","τοῦ","τοῦ","τοῦ","ὁ"
43,08,28,"N","GSM","ἀνθρώπου,","ἀνθρώπου","ἀνθρώπου","ἄνθρωπος"
43,08,28,"D",NULL,"τότε","τότε","τότε","τότε"
43,08,28,"V","2FMI-P","γνώσεσθε","γνώσεσθε","γνώσεσθε","γινώσκω"
43,08,28,"C",NULL,"ὅτι","ὅτι","ὅτι","ὅτι"
43,08,28,"RP","NS","ἐγώ","ἐγώ","ἐγώ","ἐγώ"
43,08,28,"V","1PAI-S","εἰμι,","εἰμι","εἰμί","εἰμί"
43,08,28,"C",NULL,"καὶ","καὶ","καί","καί"
43,08,28,"P",NULL,"ἀπ’","ἀπ’","ἀπό","ἀπό"
43,08,28,"RP","GSM","ἐμαυτοῦ","ἐμαυτοῦ","ἐμαυτοῦ","ἐμαυτοῦ"
43,08,28,"V","1PAI-S","ποιῶ","ποιῶ","ποιῶ","ποιέω"
43,08,28,"A","ASN","οὐδέν,","οὐδέν","οὐδέν","οὐδείς"
43,08,28,"C",NULL,"ἀλλὰ","ἀλλὰ","ἀλλά","ἀλλά"
43,08,28,"C",NULL,"καθὼς","καθὼς","καθώς","καθώς"
43,08,28,"V","3AAI-S","ἐδίδαξέν","ἐδίδαξέν","ἐδίδαξε(ν)","διδάσκω"
43,08,28,"RP","AS","με","με","με","ἐγώ"
43,08,28,"RA","NSM","ὁ","ὁ","ὁ","ὁ"
43,08,28,"N","NSM","⸀πατὴρ","πατὴρ","πατήρ","πατήρ"
43,08,28,"RD","APN","ταῦτα","ταῦτα","ταῦτα","οὗτος"
43,08,28,"V","1PAI-S","λαλῶ.","λαλῶ","λαλῶ","λαλέω"
43,08,29,"C",NULL,"καὶ","καὶ","καί","καί"
43,08,29,"RA","NSM","ὁ","ὁ","ὁ","ὁ"
43,08,29,"V","AAPNSM","πέμψας","πέμψας","πέμψας","πέμπω"
43,08,29,"RP","AS","με","με","με","ἐγώ"
43,08,29,"P",NULL,"μετ’","μετ’","μετά","μετά"
43,08,29,"RP","GS","ἐμοῦ","ἐμοῦ","ἐμοῦ","ἐγώ"
43,08,29,"V","3PAI-S","ἐστιν·","ἐστιν","ἐστί(ν)","εἰμί"
43,08,29,"D",NULL,"οὐκ","οὐκ","οὐ","οὐ"
43,08,29,"V","3AAI-S","ἀφῆκέν","ἀφῆκέν","ἀφῆκε(ν)","ἀφίημι"
43,08,29,"RP","AS","με","με","με","ἐγώ"
43,08,29,"A","ASM","⸀μόνον,","μόνον","μόνον","μόνος"
43,08,29,"C",NULL,"ὅτι","ὅτι","ὅτι","ὅτι"
43,08,29,"RP","NS","ἐγὼ","ἐγὼ","ἐγώ","ἐγώ"
43,08,29,"RA","APN","τὰ","τὰ","τά","ὁ"
43,08,29,"A","APN","ἀρεστὰ","ἀρεστὰ","ἀρεστά","ἀρεστός"
43,08,29,"RP","DSM","αὐτῷ","αὐτῷ","αὐτῷ","αὐτός"
43,08,29,"V","1PAI-S","ποιῶ","ποιῶ","ποιῶ","ποιέω"
43,08,29,"D",NULL,"πάντοτε.","πάντοτε","πάντοτε","πάντοτε"
43,08,30,"RD","APN","ταῦτα","ταῦτα","ταῦτα","οὗτος"
43,08,30,"RP","GSM","αὐτοῦ","αὐτοῦ","αὐτοῦ","αὐτός"
43,08,30,"V","PAPGSM","λαλοῦντος","λαλοῦντος","λαλοῦντος","λαλέω"
43,08,30,"A","NPM","πολλοὶ","πολλοὶ","πολλοί","πολύς"
43,08,30,"V","3AAI-P","ἐπίστευσαν","ἐπίστευσαν","ἐπίστευσαν","πιστεύω"
43,08,30,"P",NULL,"εἰς","εἰς","εἰς","εἰς"
43,08,30,"RP","ASM","αὐτόν.","αὐτόν","αὐτόν","αὐτός"
43,08,31,"V","3IAI-S","Ἔλεγεν","Ἔλεγεν","ἔλεγε(ν)","λέγω"
43,08,31,"C",NULL,"οὖν","οὖν","οὖν","οὖν"
43,08,31,"RA","NSM","ὁ","ὁ","ὁ","ὁ"
43,08,31,"N","NSM","Ἰησοῦς","Ἰησοῦς","Ἰησοῦς","Ἰησοῦς"
43,08,31,"P",NULL,"πρὸς","πρὸς","πρός","πρός"
43,08,31,"RA","APM","τοὺς","τοὺς","τούς","ὁ"
43,08,31,"V","XAPAPM","πεπιστευκότας","πεπιστευκότας","πεπιστευκότας","πιστεύω"
43,08,31,"RP","DSM","αὐτῷ","αὐτῷ","αὐτῷ","αὐτός"
43,08,31,"A","APM","Ἰουδαίους·","Ἰουδαίους","Ἰουδαίους","Ἰουδαῖος"
43,08,31,"C",NULL,"Ἐὰν","Ἐὰν","ἐάν","ἐάν"
43,08,31,"RP","NP","ὑμεῖς","ὑμεῖς","ὑμεῖς","σύ"
43,08,31,"V","2AAS-P","μείνητε","μείνητε","μείνητε","μένω"
43,08,31,"P",NULL,"ἐν","ἐν","ἐν","ἐν"
43,08,31,"RA","DSM","τῷ","τῷ","τῷ","ὁ"
43,08,31,"N","DSM","λόγῳ","λόγῳ","λόγῳ","λόγος"
43,08,31,"RA","DSM","τῷ","τῷ","τῷ","ὁ"
43,08,31,"A","DSM","ἐμῷ,","ἐμῷ","ἐμῷ","ἐμός"
43,08,31,"D",NULL,"ἀληθῶς","ἀληθῶς","ἀληθῶς","ἀληθῶς"
43,08,31,"N","NPM","μαθηταί","μαθηταί","μαθηταί","μαθητής"
43,08,31,"RP","GS","μού","μού","μου","ἐγώ"
43,08,31,"V","2PAI-P","ἐστε,","ἐστε","ἐστέ","εἰμί"
43,08,32,"C",NULL,"καὶ","καὶ","καί","καί"
43,08,32,"V","2FMI-P","γνώσεσθε","γνώσεσθε","γνώσεσθε","γινώσκω"
43,08,32,"RA","ASF","τὴν","τὴν","τήν","ὁ"
43,08,32,"N","ASF","ἀλήθειαν,","ἀλήθειαν","ἀλήθειαν","ἀλήθεια"
43,08,32,"C",NULL,"καὶ","καὶ","καί","καί"
43,08,32,"RA","NSF","ἡ","ἡ","ἡ","ὁ"
43,08,32,"N","NSF","ἀλήθεια","ἀλήθεια","ἀλήθεια","ἀλήθεια"
43,08,32,"V","3FAI-S","ἐλευθερώσει","ἐλευθερώσει","ἐλευθερώσει","ἐλευθερόω"
43,08,32,"RP","AP","ὑμᾶς.","ὑμᾶς","ὑμᾶς","σύ"
43,08,33,"V","3API-P","ἀπεκρίθησαν","ἀπεκρίθησαν","ἀπεκρίθησαν","ἀποκρίνομαι"
43,08,33,"P",NULL,"⸂πρὸς","πρὸς","πρός","πρός"
43,08,33,"RP","ASM","αὐτόν⸃·","αὐτόν","αὐτόν","αὐτός"
43,08,33,"N","NSN","Σπέρμα","Σπέρμα","σπέρμα","σπέρμα"
43,08,33,"N","GSM","Ἀβραάμ","Ἀβραάμ","Ἀβραάμ","Ἀβραάμ"
43,08,33,"V","1PAI-P","ἐσμεν","ἐσμεν","ἐσμέν","εἰμί"
43,08,33,"C",NULL,"καὶ","καὶ","καί","καί"
43,08,33,"A","DSM","οὐδενὶ","οὐδενὶ","οὐδενί","οὐδείς"
43,08,33,"V","1XAI-P","δεδουλεύκαμεν","δεδουλεύκαμεν","δεδουλεύκαμεν","δουλεύω"
43,08,33,"D",NULL,"πώποτε·","πώποτε","πώποτε","πώποτε"
43,08,33,"D",NULL,"πῶς","πῶς","πῶς","πῶς"
43,08,33,"RP","NS","σὺ","σὺ","σύ","σύ"
43,08,33,"V","2PAI-S","λέγεις","λέγεις","λέγεις","λέγω"
43,08,33,"C",NULL,"ὅτι","ὅτι","ὅτι","ὅτι"
43,08,33,"A","NPM","Ἐλεύθεροι","Ἐλεύθεροι","ἐλεύθεροι","ἐλεύθερος"
43,08,33,"V","2FMI-P","γενήσεσθε;","γενήσεσθε","γενήσεσθε","γίνομαι"
43,08,34,"V","3API-S","Ἀπεκρίθη","Ἀπεκρίθη","ἀπεκρίθη","ἀποκρίνομαι"
43,08,34,"RP","DPM","αὐτοῖς","αὐτοῖς","αὐτοῖς","αὐτός"
43,08,34,"RA","NSM","ὁ","ὁ","ὁ","ὁ"
43,08,34,"N","NSM","Ἰησοῦς·","Ἰησοῦς","Ἰησοῦς","Ἰησοῦς"
43,08,34,"X",NULL,"Ἀμὴν","Ἀμὴν","ἀμήν","ἀμήν"
43,08,34,"X",NULL,"ἀμὴν","ἀμὴν","ἀμήν","ἀμήν"
43,08,34,"V","1PAI-S","λέγω","λέγω","λέγω","λέγω"
43,08,34,"RP","DP","ὑμῖν","ὑμῖν","ὑμῖν","σύ"
43,08,34,"C",NULL,"ὅτι","ὅτι","ὅτι","ὅτι"
43,08,34,"A","NSM","πᾶς","πᾶς","πᾶς","πᾶς"
43,08,34,"RA","NSM","ὁ","ὁ","ὁ","ὁ"
43,08,34,"V","PAPNSM","ποιῶν","ποιῶν","ποιῶν","ποιέω"
43,08,34,"RA","ASF","τὴν","τὴν","τήν","ὁ"
43,08,34,"N","ASF","ἁμαρτίαν","ἁμαρτίαν","ἁμαρτίαν","ἁμαρτία"
43,08,34,"N","NSM","δοῦλός","δοῦλός","δοῦλος","δοῦλος"
43,08,34,"V","3PAI-S","ἐστιν","ἐστιν","ἐστί(ν)","εἰμί"
43,08,34,"RA","GSF","τῆς","τῆς","τῆς","ὁ"
43,08,34,"N","GSF","ἁμαρτίας·","ἁμαρτίας","ἁμαρτίας","ἁμαρτία"
43,08,35,"RA","NSM","ὁ","ὁ","ὁ","ὁ"
43,08,35,"C",NULL,"δὲ","δὲ","δέ","δέ"
43,08,35,"N","NSM","δοῦλος","δοῦλος","δοῦλος","δοῦλος"
43,08,35,"D",NULL,"οὐ","οὐ","οὐ","οὐ"
43,08,35,"V","3PAI-S","μένει","μένει","μένει","μένω"
43,08,35,"P",NULL,"ἐν","ἐν","ἐν","ἐν"
43,08,35,"RA","DSF","τῇ","τῇ","τῇ","ὁ"
43,08,35,"N","DSF","οἰκίᾳ","οἰκίᾳ","οἰκίᾳ","οἰκία"
43,08,35,"P",NULL,"εἰς","εἰς","εἰς","εἰς"
43,08,35,"RA","ASM","τὸν","τὸν","τόν","ὁ"
43,08,35,"N","ASM","αἰῶνα·","αἰῶνα","αἰῶνα","αἰών"
43,08,35,"RA","NSM","⸀ὁ","ὁ","ὁ","ὁ"
43,08,35,"N","NSM","υἱὸς","υἱὸς","υἱός","υἱός"
43,08,35,"V","3PAI-S","μένει","μένει","μένει","μένω"
43,08,35,"P",NULL,"εἰς","εἰς","εἰς","εἰς"
43,08,35,"RA","ASM","τὸν","τὸν","τόν","ὁ"
43,08,35,"N","ASM","αἰῶνα.","αἰῶνα","αἰῶνα","αἰών"
43,08,36,"C",NULL,"ἐὰν","ἐὰν","ἐάν","ἐάν"
43,08,36,"C",NULL,"οὖν","οὖν","οὖν","οὖν"
43,08,36,"RA","NSM","ὁ","ὁ","ὁ","ὁ"
43,08,36,"N","NSM","υἱὸς","υἱὸς","υἱός","υἱός"
43,08,36,"RP","AP","ὑμᾶς","ὑμᾶς","ὑμᾶς","σύ"
43,08,36,"V","3AAS-S","ἐλευθερώσῃ,","ἐλευθερώσῃ","ἐλευθερώσῃ","ἐλευθερόω"
43,08,36,"D",NULL,"ὄντως","ὄντως","ὄντως","ὄντως"
43,08,36,"A","NPM","ἐλεύθεροι","ἐλεύθεροι","ἐλεύθεροι","ἐλεύθερος"
43,08,36,"V","2FMI-P","ἔσεσθε.","ἔσεσθε","ἔσεσθε","εἰμί"
43,08,37,"V","1XAI-S","οἶδα","οἶδα","οἶδα","οἶδα"
43,08,37,"C",NULL,"ὅτι","ὅτι","ὅτι","ὅτι"
43,08,37,"N","NSN","σπέρμα","σπέρμα","σπέρμα","σπέρμα"
43,08,37,"N","GSM","Ἀβραάμ","Ἀβραάμ","Ἀβραάμ","Ἀβραάμ"
43,08,37,"V","2PAI-P","ἐστε·","ἐστε","ἐστέ","εἰμί"
43,08,37,"C",NULL,"ἀλλὰ","ἀλλὰ","ἀλλά","ἀλλά"
43,08,37,"V","2PAI-P","ζητεῖτέ","ζητεῖτέ","ζητεῖτε","ζητέω"
43,08,37,"RP","AS","με","με","με","ἐγώ"
43,08,37,"V","AAN","ἀποκτεῖναι,","ἀποκτεῖναι","ἀποκτεῖναι","ἀποκτείνω"
43,08,37,"C",NULL,"ὅτι","ὅτι","ὅτι","ὅτι"
43,08,37,"RA","NSM","ὁ","ὁ","ὁ","ὁ"
43,08,37,"N","NSM","λόγος","λόγος","λόγος","λόγος"
43,08,37,"RA","NSM","ὁ","ὁ","ὁ","ὁ"
43,08,37,"A","NSM","ἐμὸς","ἐμὸς","ἐμός","ἐμός"
43,08,37,"D",NULL,"οὐ","οὐ","οὐ","οὐ"
43,08,37,"V","3PAI-S","χωρεῖ","χωρεῖ","χωρεῖ","χωρέω"
43,08,37,"P",NULL,"ἐν","ἐν","ἐν","ἐν"
43,08,37,"RP","DP","ὑμῖν.","ὑμῖν","ὑμῖν","σύ"
43,08,38,"RR","APN","⸂ἃ","ἃ","ἅ","ὅς"
43,08,38,"RP","NS","ἐγὼ⸃","ἐγὼ","ἐγώ","ἐγώ"
43,08,38,"V","1XAI-S","ἑώρακα","ἑώρακα","ἑώρακα","ὁράω"
43,08,38,"P",NULL,"παρὰ","παρὰ","παρά","παρά"
43,08,38,"RA","DSM","τῷ","τῷ","τῷ","ὁ"
43,08,38,"N","DSM","⸀πατρὶ","πατρὶ","πατρί","πατήρ"
43,08,38,"V","1PAI-S","λαλῶ·","λαλῶ","λαλῶ","λαλέω"
43,08,38,"D",NULL,"καὶ","καὶ","καί","καί"
43,08,38,"RP","NP","ὑμεῖς","ὑμεῖς","ὑμεῖς","σύ"
43,08,38,"C",NULL,"οὖν","οὖν","οὖν","οὖν"
43,08,38,"RR","APN","⸂ἃ","ἃ","ἅ","ὅς"
43,08,38,"V","2AAI-P","ἠκούσατε⸃","ἠκούσατε","ἠκούσατε","ἀκούω"
43,08,38,"P",NULL,"παρὰ","παρὰ","παρά","παρά"
43,08,38,"RA","GSM","⸂τοῦ","τοῦ","τοῦ","ὁ"
43,08,38,"N","GSM","πατρὸς⸃","πατρὸς","πατρός","πατήρ"
43,08,38,"V","2PAI-P","ποιεῖτε.","ποιεῖτε","ποιεῖτε","ποιέω"
43,08,39,"V","3API-P","Ἀπεκρίθησαν","Ἀπεκρίθησαν","ἀπεκρίθησαν","ἀποκρίνομαι"
43,08,39,"C",NULL,"καὶ","καὶ","καί","καί"
43,08,39,"V","3AAI-P","εἶπαν","εἶπαν","εἶπαν","λέγω"
43,08,39,"RP","DSM","αὐτῷ·","αὐτῷ","αὐτῷ","αὐτός"
43,08,39,"RA","NSM","Ὁ","Ὁ","ὁ","ὁ"
43,08,39,"N","NSM","πατὴρ","πατὴρ","πατήρ","πατήρ"
43,08,39,"RP","GP","ἡμῶν","ἡμῶν","ἡμῶν","ἐγώ"
43,08,39,"N","NSM","Ἀβραάμ","Ἀβραάμ","Ἀβραάμ","Ἀβραάμ"
43,08,39,"V","3PAI-S","ἐστιν.","ἐστιν","ἐστί(ν)","εἰμί"
43,08,39,"V","3PAI-S","λέγει","λέγει","λέγει","λέγω"
43,08,39,"RP","DPM","αὐτοῖς","αὐτοῖς","αὐτοῖς","αὐτός"
43,08,39,"RA","NSM","ὁ","ὁ","ὁ","ὁ"
43,08,39,"N","NSM","Ἰησοῦς·","Ἰησοῦς","Ἰησοῦς","Ἰησοῦς"
43,08,39,"C",NULL,"Εἰ","Εἰ","εἰ","εἰ"
43,08,39,"N","NPN","τέκνα","τέκνα","τέκνα","τέκνον"
43,08,39,"RA","GSM","τοῦ","τοῦ","τοῦ","ὁ"
43,08,39,"N","GSM","Ἀβραάμ","Ἀβραάμ","Ἀβραάμ","Ἀβραάμ"
43,08,39,"V","2PAI-P","⸀ἐστε,","ἐστε","ἐστέ","εἰμί"
43,08,39,"RA","APN","τὰ","τὰ","τά","ὁ"
43,08,39,"N","APN","ἔργα","ἔργα","ἔργα","ἔργον"
43,08,39,"RA","GSM","τοῦ","τοῦ","τοῦ","ὁ"
43,08,39,"N","GSM","Ἀβραὰμ","Ἀβραὰμ","Ἀβραάμ","Ἀβραάμ"
43,08,39,"V","2IAI-P","⸀ἐποιεῖτε·","ἐποιεῖτε","ἐποιεῖτε","ποιέω"
43,08,40,"D",NULL,"νῦν","νῦν","νῦν","νῦν"
43,08,40,"C",NULL,"δὲ","δὲ","δέ","δέ"
43,08,40,"V","2PAI-P","ζητεῖτέ","ζητεῖτέ","ζητεῖτε","ζητέω"
43,08,40,"RP","AS","με","με","με","ἐγώ"
43,08,40,"V","AAN","ἀποκτεῖναι,","ἀποκτεῖναι","ἀποκτεῖναι","ἀποκτείνω"
43,08,40,"N","ASM","ἄνθρωπον","ἄνθρωπον","ἄνθρωπον","ἄνθρωπος"
43,08,40,"RR","NSM","ὃς","ὃς","ὅς","ὅς"
43,08,40,"RA","ASF","τὴν","τὴν","τήν","ὁ"
43,08,40,"N","ASF","ἀλήθειαν","ἀλήθειαν","ἀλήθειαν","ἀλήθεια"
43,08,40,"RP","DP","ὑμῖν","ὑμῖν","ὑμῖν","σύ"
43,08,40,"V","1XAI-S","λελάληκα","λελάληκα","λελάληκα","λαλέω"
43,08,40,"RR","ASF","ἣν","ἣν","ἥν","ὅς"
43,08,40,"V","1AAI-S","ἤκουσα","ἤκουσα","ἤκουσα","ἀκούω"
43,08,40,"P",NULL,"παρὰ","παρὰ","παρά","παρά"
43,08,40,"RA","GSM","τοῦ","τοῦ","τοῦ","ὁ"
43,08,40,"N","GSM","θεοῦ·","θεοῦ","θεοῦ","θεός"
43,08,40,"RD","ASN","τοῦτο","τοῦτο","τοῦτο","οὗτος"
43,08,40,"N","NSM","Ἀβραὰμ","Ἀβραὰμ","Ἀβραάμ","Ἀβραάμ"
43,08,40,"D",NULL,"οὐκ","οὐκ","οὐ","οὐ"
43,08,40,"V","3AAI-S","ἐποίησεν.","ἐποίησεν","ἐποίησε(ν)","ποιέω"
43,08,41,"RP","NP","ὑμεῖς","ὑμεῖς","ὑμεῖς","σύ"
43,08,41,"V","2PAI-P","ποιεῖτε","ποιεῖτε","ποιεῖτε","ποιέω"
43,08,41,"RA","APN","τὰ","τὰ","τά","ὁ"
43,08,41,"N","APN","ἔργα","ἔργα","ἔργα","ἔργον"
43,08,41,"RA","GSM","τοῦ","τοῦ","τοῦ","ὁ"
43,08,41,"N","GSM","πατρὸς","πατρὸς","πατρός","πατήρ"
43,08,41,"RP","GP","ὑμῶν.","ὑμῶν","ὑμῶν","σύ"
43,08,41,"V","3AAI-P","⸀εἶπαν","εἶπαν","εἶπαν","λέγω"
43,08,41,"RP","DSM","αὐτῷ·","αὐτῷ","αὐτῷ","αὐτός"
43,08,41,"RP","NP","Ἡμεῖς","Ἡμεῖς","ἡμεῖς","ἐγώ"
43,08,41,"P",NULL,"ἐκ","ἐκ","ἐκ","ἐκ"
43,08,41,"N","GSF","πορνείας","πορνείας","πορνείας","πορνεία"
43,08,41,"D",NULL,"⸂οὐ","οὐ","οὐ","οὐ"
43,08,41,"V","1XPI-P","γεγεννήμεθα⸃·","γεγεννήμεθα","γεγεννήμεθα","γεννάω"
43,08,41,"A","ASM","ἕνα","ἕνα","ἕνα","εἷς"
43,08,41,"N","ASM","πατέρα","πατέρα","πατέρα","πατήρ"
43,08,41,"V","1PAI-P","ἔχομεν","ἔχομεν","ἔχομεν","ἔχω"
43,08,41,"RA","ASM","τὸν","τὸν","τόν","ὁ"
43,08,41,"N","ASM","θεόν.","θεόν","θεόν","θεός"
43,08,42,"V","3AAI-S","⸀εἶπεν","εἶπεν","εἶπε(ν)","λέγω"
43,08,42,"RP","DPM","αὐτοῖς","αὐτοῖς","αὐτοῖς","αὐτός"
43,08,42,"RA","NSM","ὁ","ὁ","ὁ","ὁ"
43,08,42,"N","NSM","Ἰησοῦς·","Ἰησοῦς","Ἰησοῦς","Ἰησοῦς"
43,08,42,"C",NULL,"Εἰ","Εἰ","εἰ","εἰ"
43,08,42,"RA","NSM","ὁ","ὁ","ὁ","ὁ"
43,08,42,"N","NSM","θεὸς","θεὸς","θεός","θεός"
43,08,42,"N","NSM","πατὴρ","πατὴρ","πατήρ","πατήρ"
43,08,42,"RP","GP","ὑμῶν","ὑμῶν","ὑμῶν","σύ"
43,08,42,"V","3IAI-S","ἦν","ἦν","ἦν","εἰμί"
43,08,42,"V","2IAI-P","ἠγαπᾶτε","ἠγαπᾶτε","ἠγαπᾶτε","ἀγαπάω"
43,08,42,"X",NULL,"ἂν","ἂν","ἄν","ἄν"
43,08,42,"RP","AS","ἐμέ,","ἐμέ","ἐμέ","ἐγώ"
43,08,42,"RP","NS","ἐγὼ","ἐγὼ","ἐγώ","ἐγώ"
43,08,42,"C",NULL,"γὰρ","γὰρ","γάρ","γάρ"
43,08,42,"P",NULL,"ἐκ","ἐκ","ἐκ","ἐκ"
43,08,42,"RA","GSM","τοῦ","τοῦ","τοῦ","ὁ"
43,08,42,"N","GSM","θεοῦ","θεοῦ","θεοῦ","θεός"
43,08,42,"V","1AAI-S","ἐξῆλθον","ἐξῆλθον","ἐξῆλθον","ἐξέρχομαι"
43,08,42,"C",NULL,"καὶ","καὶ","καί","καί"
43,08,42,"V","1PAI-S","ἥκω·","ἥκω","ἥκω","ἥκω"
43,08,42,"D",NULL,"οὐδὲ","οὐδὲ","οὐδέ","οὐδέ"
43,08,42,"C",NULL,"γὰρ","γὰρ","γάρ","γάρ"
43,08,42,"P",NULL,"ἀπ’","ἀπ’","ἀπό","ἀπό"
43,08,42,"RP","GSM","ἐμαυτοῦ","ἐμαυτοῦ","ἐμαυτοῦ","ἐμαυτοῦ"
43,08,42,"V","1XAI-S","ἐλήλυθα,","ἐλήλυθα","ἐλήλυθα","ἔρχομαι"
43,08,42,"C",NULL,"ἀλλ’","ἀλλ’","ἀλλά","ἀλλά"
43,08,42,"RD","NSM","ἐκεῖνός","ἐκεῖνός","ἐκεῖνος","ἐκεῖνος"
43,08,42,"RP","AS","με","με","με","ἐγώ"
43,08,42,"V","3AAI-S","ἀπέστειλεν.","ἀπέστειλεν","ἀπέστειλε(ν)","ἀποστέλλω"
43,08,43,"P",NULL,"διὰ","διὰ","διά","διά"
43,08,43,"RI","ASN","τί","τί","τί","τίς"
43,08,43,"RA","ASF","τὴν","τὴν","τήν","ὁ"
43,08,43,"N","ASF","λαλιὰν","λαλιὰν","λαλιάν","λαλιά"
43,08,43,"RA","ASF","τὴν","τὴν","τήν","ὁ"
43,08,43,"A","ASF","ἐμὴν","ἐμὴν","ἐμήν","ἐμός"
43,08,43,"D",NULL,"οὐ","οὐ","οὐ","οὐ"
43,08,43,"V","2PAI-P","γινώσκετε;","γινώσκετε","γινώσκετε","γινώσκω"
43,08,43,"C",NULL,"ὅτι","ὅτι","ὅτι","ὅτι"
43,08,43,"D",NULL,"οὐ","οὐ","οὐ","οὐ"
43,08,43,"V","2PMI-P","δύνασθε","δύνασθε","δύνασθε","δύναμαι"
43,08,43,"V","PAN","ἀκούειν","ἀκούειν","ἀκούειν","ἀκούω"
43,08,43,"RA","ASM","τὸν","τὸν","τόν","ὁ"
43,08,43,"N","ASM","λόγον","λόγον","λόγον","λόγος"
43,08,43,"RA","ASM","τὸν","τὸν","τόν","ὁ"
43,08,43,"A","ASM","ἐμόν.","ἐμόν","ἐμόν","ἐμός"
43,08,44,"RP","NP","ὑμεῖς","ὑμεῖς","ὑμεῖς","σύ"
43,08,44,"P",NULL,"ἐκ","ἐκ","ἐκ","ἐκ"
43,08,44,"RA","GSM","τοῦ","τοῦ","τοῦ","ὁ"
43,08,44,"N","GSM","πατρὸς","πατρὸς","πατρός","πατήρ"
43,08,44,"RA","GSM","τοῦ","τοῦ","τοῦ","ὁ"
43,08,44,"A","GSM","διαβόλου","διαβόλου","διαβόλου","διάβολος"
43,08,44,"V","2PAI-P","ἐστὲ","ἐστὲ","ἐστέ","εἰμί"
43,08,44,"C",NULL,"καὶ","καὶ","καί","καί"
43,08,44,"RA","APF","τὰς","τὰς","τάς","ὁ"
43,08,44,"N","APF","ἐπιθυμίας","ἐπιθυμίας","ἐπιθυμίας","ἐπιθυμία"
43,08,44,"RA","GSM","τοῦ","τοῦ","τοῦ","ὁ"
43,08,44,"N","GSM","πατρὸς","πατρὸς","πατρός","πατήρ"
43,08,44,"RP","GP","ὑμῶν","ὑμῶν","ὑμῶν","σύ"
43,08,44,"V","2PAI-P","θέλετε","θέλετε","θέλετε","θέλω"
43,08,44,"V","PAN","ποιεῖν.","ποιεῖν","ποιεῖν","ποιέω"
43,08,44,"RD","NSM","ἐκεῖνος","ἐκεῖνος","ἐκεῖνος","ἐκεῖνος"
43,08,44,"N","NSM","ἀνθρωποκτόνος","ἀνθρωποκτόνος","ἀνθρωποκτόνος","ἀνθρωποκτόνος"
43,08,44,"V","3IAI-S","ἦν","ἦν","ἦν","εἰμί"
43,08,44,"P",NULL,"ἀπ’","ἀπ’","ἀπό","ἀπό"
43,08,44,"N","GSF","ἀρχῆς,","ἀρχῆς","ἀρχῆς","ἀρχή"
43,08,44,"C",NULL,"καὶ","καὶ","καί","καί"
43,08,44,"P",NULL,"ἐν","ἐν","ἐν","ἐν"
43,08,44,"RA","DSF","τῇ","τῇ","τῇ","ὁ"
43,08,44,"N","DSF","ἀληθείᾳ","ἀληθείᾳ","ἀληθείᾳ","ἀλήθεια"
43,08,44,"D",NULL,"⸂οὐκ","οὐκ","οὐ","οὐ"
43,08,44,"V","3IAI-S","ἔστηκεν⸃,","ἔστηκεν","ἔστηκε(ν)","ἵστημι"
43,08,44,"C",NULL,"ὅτι","ὅτι","ὅτι","ὅτι"
43,08,44,"D",NULL,"οὐκ","οὐκ","οὐ","οὐ"
43,08,44,"V","3PAI-S","ἔστιν","ἔστιν","ἐστί(ν)","εἰμί"
43,08,44,"N","NSF","ἀλήθεια","ἀλήθεια","ἀλήθεια","ἀλήθεια"
43,08,44,"P",NULL,"ἐν","ἐν","ἐν","ἐν"
43,08,44,"RP","DSM","αὐτῷ.","αὐτῷ","αὐτῷ","αὐτός"
43,08,44,"C",NULL,"ὅταν","ὅταν","ὅταν","ὅταν"
43,08,44,"V","3PAS-S","λαλῇ","λαλῇ","λαλῇ","λαλέω"
43,08,44,"RA","ASN","τὸ","τὸ","τό","ὁ"
43,08,44,"N","ASN","ψεῦδος,","ψεῦδος","ψεῦδος","ψεῦδος"
43,08,44,"P",NULL,"ἐκ","ἐκ","ἐκ","ἐκ"
43,08,44,"RA","GPN","τῶν","τῶν","τῶν","ὁ"
43,08,44,"A","GPN","ἰδίων","ἰδίων","ἰδίων","ἴδιος"
43,08,44,"V","3PAI-S","λαλεῖ,","λαλεῖ","λαλεῖ","λαλέω"
43,08,44,"C",NULL,"ὅτι","ὅτι","ὅτι","ὅτι"
43,08,44,"N","NSM","ψεύστης","ψεύστης","ψεύστης","ψεύστης"
43,08,44,"V","3PAI-S","ἐστὶν","ἐστὶν","ἐστί(ν)","εἰμί"
43,08,44,"C",NULL,"καὶ","καὶ","καί","καί"
43,08,44,"RA","NSM","ὁ","ὁ","ὁ","ὁ"
43,08,44,"N","NSM","πατὴρ","πατὴρ","πατήρ","πατήρ"
43,08,44,"RP","GSN","αὐτοῦ.","αὐτοῦ","αὐτοῦ","αὐτός"
43,08,45,"RP","NS","ἐγὼ","ἐγὼ","ἐγώ","ἐγώ"
43,08,45,"C",NULL,"δὲ","δὲ","δέ","δέ"
43,08,45,"C",NULL,"ὅτι","ὅτι","ὅτι","ὅτι"
43,08,45,"RA","ASF","τὴν","τὴν","τήν","ὁ"
43,08,45,"N","ASF","ἀλήθειαν","ἀλήθειαν","ἀλήθειαν","ἀλήθεια"
43,08,45,"V","1PAI-S","λέγω,","λέγω","λέγω","λέγω"
43,08,45,"D",NULL,"οὐ","οὐ","οὐ","οὐ"
43,08,45,"V","2PAI-P","πιστεύετέ","πιστεύετέ","πιστεύετε","πιστεύω"
43,08,45,"RP","DS","μοι.","μοι","μοι","ἐγώ"
43,08,46,"RI","NSM","τίς","τίς","τίς","τίς"
43,08,46,"P",NULL,"ἐξ","ἐξ","ἐκ","ἐκ"
43,08,46,"RP","GP","ὑμῶν","ὑμῶν","ὑμῶν","σύ"
43,08,46,"V","3PAI-S","ἐλέγχει","ἐλέγχει","ἐλέγχει","ἐλέγχω"
43,08,46,"RP","AS","με","με","με","ἐγώ"
43,08,46,"P",NULL,"περὶ","περὶ","περί","περί"
43,08,46,"N","GSF","ἁμαρτίας;","ἁμαρτίας","ἁμαρτίας","ἁμαρτία"
43,08,46,"C",NULL,"⸀εἰ","εἰ","εἰ","εἰ"
43,08,46,"N","ASF","ἀλήθειαν","ἀλήθειαν","ἀλήθειαν","ἀλήθεια"
43,08,46,"V","1PAI-S","λέγω,","λέγω","λέγω","λέγω"
43,08,46,"P",NULL,"διὰ","διὰ","διά","διά"
43,08,46,"RI","ASN","τί","τί","τί","τίς"
43,08,46,"RP","NP","ὑμεῖς","ὑμεῖς","ὑμεῖς","σύ"
43,08,46,"D",NULL,"οὐ","οὐ","οὐ","οὐ"
43,08,46,"V","2PAI-P","πιστεύετέ","πιστεύετέ","πιστεύετε","πιστεύω"
43,08,46,"RP","DS","μοι;","μοι","μοι","ἐγώ"
43,08,47,"RA","NSM","ὁ","ὁ","ὁ","ὁ"
43,08,47,"V","PAPNSM","ὢν","ὢν","ὤν","εἰμί"
43,08,47,"P",NULL,"ἐκ","ἐκ","ἐκ","ἐκ"
43,08,47,"RA","GSM","τοῦ","τοῦ","τοῦ","ὁ"
43,08,47,"N","GSM","θεοῦ","θεοῦ","θεοῦ","θεός"
43,08,47,"RA","APN","τὰ","τὰ","τά","ὁ"
43,08,47,"N","APN","ῥήματα","ῥήματα","ῥήματα","ῥῆμα"
43,08,47,"RA","GSM","τοῦ","τοῦ","τοῦ","ὁ"
43,08,47,"N","GSM","θεοῦ","θεοῦ","θεοῦ","θεός"
43,08,47,"V","3PAI-S","ἀκούει·","ἀκούει","ἀκούει","ἀκούω"
43,08,47,"P",NULL,"διὰ","διὰ","διά","διά"
43,08,47,"RD","ASN","τοῦτο","τοῦτο","τοῦτο","οὗτος"
43,08,47,"RP","NP","ὑμεῖς","ὑμεῖς","ὑμεῖς","σύ"
43,08,47,"D",NULL,"οὐκ","οὐκ","οὐ","οὐ"
43,08,47,"V","2PAI-P","ἀκούετε","ἀκούετε","ἀκούετε","ἀκούω"
43,08,47,"C",NULL,"ὅτι","ὅτι","ὅτι","ὅτι"
43,08,47,"P",NULL,"ἐκ","ἐκ","ἐκ","ἐκ"
43,08,47,"RA","GSM","τοῦ","τοῦ","τοῦ","ὁ"
43,08,47,"N","GSM","θεοῦ","θεοῦ","θεοῦ","θεός"
43,08,47,"D",NULL,"οὐκ","οὐκ","οὐ","οὐ"
43,08,47,"V","2PAI-P","ἐστέ.","ἐστέ","ἐστέ","εἰμί"
43,08,48,"V","3API-P","⸀Ἀπεκρίθησαν","Ἀπεκρίθησαν","ἀπεκρίθησαν","ἀποκρίνομαι"
43,08,48,"RA","NPM","οἱ","οἱ","οἱ","ὁ"
43,08,48,"A","NPM","Ἰουδαῖοι","Ἰουδαῖοι","Ἰουδαῖοι","Ἰουδαῖος"
43,08,48,"C",NULL,"καὶ","καὶ","καί","καί"
43,08,48,"V","3AAI-P","εἶπαν","εἶπαν","εἶπαν","λέγω"
43,08,48,"RP","DSM","αὐτῷ·","αὐτῷ","αὐτῷ","αὐτός"
43,08,48,"X",NULL,"Οὐ","Οὐ","οὐ","οὐ"
43,08,48,"D",NULL,"καλῶς","καλῶς","καλῶς","καλῶς"
43,08,48,"V","1PAI-P","λέγομεν","λέγομεν","λέγομεν","λέγω"
43,08,48,"RP","NP","ἡμεῖς","ἡμεῖς","ἡμεῖς","ἐγώ"
43,08,48,"C",NULL,"ὅτι","ὅτι","ὅτι","ὅτι"
43,08,48,"N","NSM","Σαμαρίτης","Σαμαρίτης","Σαμαρίτης","Σαμαρίτης"
43,08,48,"V","2PAI-S","εἶ","εἶ","εἶ","εἰμί"
43,08,48,"RP","NS","σὺ","σὺ","σύ","σύ"
43,08,48,"C",NULL,"καὶ","καὶ","καί","καί"
43,08,48,"N","ASN","δαιμόνιον","δαιμόνιον","δαιμόνιον","δαιμόνιον"
43,08,48,"V","2PAI-S","ἔχεις;","ἔχεις","ἔχεις","ἔχω"
43,08,49,"V","3API-S","ἀπεκρίθη","ἀπεκρίθη","ἀπεκρίθη","ἀποκρίνομαι"
43,08,49,"N","NSM","Ἰησοῦς·","Ἰησοῦς","Ἰησοῦς","Ἰησοῦς"
43,08,49,"RP","NS","Ἐγὼ","Ἐγὼ","ἐγώ","ἐγώ"
43,08,49,"N","ASN","δαιμόνιον","δαιμόνιον","δαιμόνιον","δαιμόνιον"
43,08,49,"D",NULL,"οὐκ","οὐκ","οὐ","οὐ"
43,08,49,"V","1PAI-S","ἔχω,","ἔχω","ἔχω","ἔχω"
43,08,49,"C",NULL,"ἀλλὰ","ἀλλὰ","ἀλλά","ἀλλά"
43,08,49,"V","1PAI-S","τιμῶ","τιμῶ","τιμῶ","τιμάω"
43,08,49,"RA","ASM","τὸν","τὸν","τόν","ὁ"
43,08,49,"N","ASM","πατέρα","πατέρα","πατέρα","πατήρ"
43,08,49,"RP","GS","μου,","μου","μου","ἐγώ"
43,08,49,"C",NULL,"καὶ","καὶ","καί","καί"
43,08,49,"RP","NP","ὑμεῖς","ὑμεῖς","ὑμεῖς","σύ"
43,08,49,"V","2PAI-P","ἀτιμάζετέ","ἀτιμάζετέ","ἀτιμάζετε","ἀτιμάζω"
43,08,49,"RP","AS","με.","με","με","ἐγώ"
43,08,50,"RP","NS","ἐγὼ","ἐγὼ","ἐγώ","ἐγώ"
43,08,50,"C",NULL,"δὲ","δὲ","δέ","δέ"
43,08,50,"D",NULL,"οὐ","οὐ","οὐ","οὐ"
43,08,50,"V","1PAI-S","ζητῶ","ζητῶ","ζητῶ","ζητέω"
43,08,50,"RA","ASF","τὴν","τὴν","τήν","ὁ"
43,08,50,"N","ASF","δόξαν","δόξαν","δόξαν","δόξα"
43,08,50,"RP","GS","μου·","μου","μου","ἐγώ"
43,08,50,"V","3PAI-S","ἔστιν","ἔστιν","ἐστί(ν)","εἰμί"
43,08,50,"RA","NSM","ὁ","ὁ","ὁ","ὁ"
43,08,50,"V","PAPNSM","ζητῶν","ζητῶν","ζητῶν","ζητέω"
43,08,50,"C",NULL,"καὶ","καὶ","καί","καί"
43,08,50,"V","PAPNSM","κρίνων.","κρίνων","κρίνων","κρίνω"
43,08,51,"X",NULL,"ἀμὴν","ἀμὴν","ἀμήν","ἀμήν"
43,08,51,"X",NULL,"ἀμὴν","ἀμὴν","ἀμήν","ἀμήν"
43,08,51,"V","1PAI-S","λέγω","λέγω","λέγω","λέγω"
43,08,51,"RP","DP","ὑμῖν,","ὑμῖν","ὑμῖν","σύ"
43,08,51,"C",NULL,"ἐάν","ἐάν","ἐάν","ἐάν"
43,08,51,"RI","NSM","τις","τις","τὶς","τις"
43,08,51,"RA","ASM","τὸν","τὸν","τόν","ὁ"
43,08,51,"A","ASM","⸂ἐμὸν","ἐμὸν","ἐμόν","ἐμός"
43,08,51,"N","ASM","λόγον⸃","λόγον","λόγον","λόγος"
43,08,51,"V","3AAS-S","τηρήσῃ,","τηρήσῃ","τηρήσῃ","τηρέω"
43,08,51,"N","ASM","θάνατον","θάνατον","θάνατον","θάνατος"
43,08,51,"D",NULL,"οὐ","οὐ","οὐ","οὐ"
43,08,51,"D",NULL,"μὴ","μὴ","μή","μή"
43,08,51,"V","3AAS-S","θεωρήσῃ","θεωρήσῃ","θεωρήσῃ","θεωρέω"
43,08,51,"P",NULL,"εἰς","εἰς","εἰς","εἰς"
43,08,51,"RA","ASM","τὸν","τὸν","τόν","ὁ"
43,08,51,"N","ASM","αἰῶνα.","αἰῶνα","αἰῶνα","αἰών"
43,08,52,"V","3AAI-P","⸀εἶπον","εἶπον","εἶπον","λέγω"
43,08,52,"RP","DSM","αὐτῷ","αὐτῷ","αὐτῷ","αὐτός"
43,08,52,"RA","NPM","οἱ","οἱ","οἱ","ὁ"
43,08,52,"A","NPM","Ἰουδαῖοι·","Ἰουδαῖοι","Ἰουδαῖοι","Ἰουδαῖος"
43,08,52,"D",NULL,"Νῦν","Νῦν","νῦν","νῦν"
43,08,52,"V","1XAI-P","ἐγνώκαμεν","ἐγνώκαμεν","ἐγνώκαμεν","γινώσκω"
43,08,52,"C",NULL,"ὅτι","ὅτι","ὅτι","ὅτι"
43,08,52,"N","ASN","δαιμόνιον","δαιμόνιον","δαιμόνιον","δαιμόνιον"
43,08,52,"V","2PAI-S","ἔχεις.","ἔχεις","ἔχεις","ἔχω"
43,08,52,"N","NSM","Ἀβραὰμ","Ἀβραὰμ","Ἀβραάμ","Ἀβραάμ"
43,08,52,"V","3AAI-S","ἀπέθανεν","ἀπέθανεν","ἀπέθανε(ν)","ἀποθνῄσκω"
43,08,52,"C",NULL,"καὶ","καὶ","καί","καί"
43,08,52,"RA","NPM","οἱ","οἱ","οἱ","ὁ"
43,08,52,"N","NPM","προφῆται,","προφῆται","προφῆται","προφήτης"
43,08,52,"C",NULL,"καὶ","καὶ","καί","καί"
43,08,52,"RP","NS","σὺ","σὺ","σύ","σύ"
43,08,52,"V","2PAI-S","λέγεις·","λέγεις","λέγεις","λέγω"
43,08,52,"C",NULL,"Ἐάν","Ἐάν","ἐάν","ἐάν"
43,08,52,"RI","NSM","τις","τις","τὶς","τις"
43,08,52,"RA","ASM","τὸν","τὸν","τόν","ὁ"
43,08,52,"N","ASM","λόγον","λόγον","λόγον","λόγος"
43,08,52,"RP","GS","μου","μου","μου","ἐγώ"
43,08,52,"V","3AAS-S","τηρήσῃ,","τηρήσῃ","τηρήσῃ","τηρέω"
43,08,52,"D",NULL,"οὐ","οὐ","οὐ","οὐ"
43,08,52,"D",NULL,"μὴ","μὴ","μή","μή"
43,08,52,"V","3AMS-S","γεύσηται","γεύσηται","γεύσηται","γεύομαι"
43,08,52,"N","GSM","θανάτου","θανάτου","θανάτου","θάνατος"
43,08,52,"P",NULL,"εἰς","εἰς","εἰς","εἰς"
43,08,52,"RA","ASM","τὸν","τὸν","τόν","ὁ"
43,08,52,"N","ASM","αἰῶνα·","αἰῶνα","αἰῶνα","αἰών"
43,08,53,"X",NULL,"μὴ","μὴ","μή","μή"
43,08,53,"RP","NS","σὺ","σὺ","σύ","σύ"
43,08,53,"A","NSMC","μείζων","μείζων","μείζων","μέγας"
43,08,53,"V","2PAI-S","εἶ","εἶ","εἶ","εἰμί"
43,08,53,"RA","GSM","τοῦ","τοῦ","τοῦ","ὁ"
43,08,53,"N","GSM","πατρὸς","πατρὸς","πατρός","πατήρ"
43,08,53,"RP","GP","ἡμῶν","ἡμῶν","ἡμῶν","ἐγώ"
43,08,53,"N","GSM","Ἀβραάμ,","Ἀβραάμ","Ἀβραάμ","Ἀβραάμ"
43,08,53,"RR","NSM","ὅστις","ὅστις","ὅστις","ὅστις"
43,08,53,"V","3AAI-S","ἀπέθανεν;","ἀπέθανεν","ἀπέθανε(ν)","ἀποθνῄσκω"
43,08,53,"C",NULL,"καὶ","καὶ","καί","καί"
43,08,53,"RA","NPM","οἱ","οἱ","οἱ","ὁ"
43,08,53,"N","NPM","προφῆται","προφῆται","προφῆται","προφήτης"
43,08,53,"V","3AAI-P","ἀπέθανον·","ἀπέθανον","ἀπέθανον","ἀποθνῄσκω"
43,08,53,"RI","ASM","τίνα","τίνα","τίνα","τίς"
43,08,53,"RP","ASM","⸀σεαυτὸν","σεαυτὸν","σεαυτόν","σεαυτοῦ"
43,08,53,"V","2PAI-S","ποιεῖς;","ποιεῖς","ποιεῖς","ποιέω"
43,08,54,"V","3API-S","ἀπεκρίθη","ἀπεκρίθη","ἀπεκρίθη","ἀποκρίνομαι"
43,08,54,"N","NSM","Ἰησοῦς·","Ἰησοῦς","Ἰησοῦς","Ἰησοῦς"
43,08,54,"C",NULL,"Ἐὰν","Ἐὰν","ἐάν","ἐάν"
43,08,54,"RP","NS","ἐγὼ","ἐγὼ","ἐγώ","ἐγώ"
43,08,54,"V","1AAS-S","⸀δοξάσω","δοξάσω","δοξάσω","δοξάζω"
43,08,54,"RP","ASM","ἐμαυτόν,","ἐμαυτόν","ἐμαυτόν","ἐμαυτοῦ"
43,08,54,"RA","NSF","ἡ","ἡ","ἡ","ὁ"
43,08,54,"N","NSF","δόξα","δόξα","δόξα","δόξα"
43,08,54,"RP","GS","μου","μου","μου","ἐγώ"
43,08,54,"A","NSN","οὐδέν","οὐδέν","οὐδέν","οὐδείς"
43,08,54,"V","3PAI-S","ἐστιν·","ἐστιν","ἐστί(ν)","εἰμί"
43,08,54,"V","3PAI-S","ἔστιν","ἔστιν","ἐστί(ν)","εἰμί"
43,08,54,"RA","NSM","ὁ","ὁ","ὁ","ὁ"
43,08,54,"N","NSM","πατήρ","πατήρ","πατήρ","πατήρ"
43,08,54,"RP","GS","μου","μου","μου","ἐγώ"
43,08,54,"RA","NSM","ὁ","ὁ","ὁ","ὁ"
43,08,54,"V","PAPNSM","δοξάζων","δοξάζων","δοξάζων","δοξάζω"
43,08,54,"RP","AS","με,","με","με","ἐγώ"
43,08,54,"RR","ASM","ὃν","ὃν","ὅν","ὅς"
43,08,54,"RP","NP","ὑμεῖς","ὑμεῖς","ὑμεῖς","σύ"
43,08,54,"V","2PAI-P","λέγετε","λέγετε","λέγετε","λέγω"
43,08,54,"C",NULL,"ὅτι","ὅτι","ὅτι","ὅτι"
43,08,54,"N","NSM","θεὸς","θεὸς","θεός","θεός"
43,08,54,"RP","GP","⸀ἡμῶν","ἡμῶν","ἡμῶν","ἐγώ"
43,08,54,"V","3PAI-S","ἐστιν,","ἐστιν","ἐστί(ν)","εἰμί"
43,08,55,"C",NULL,"καὶ","καὶ","καί","καί"
43,08,55,"D",NULL,"οὐκ","οὐκ","οὐ","οὐ"
43,08,55,"V","2XAI-P","ἐγνώκατε","ἐγνώκατε","ἐγνώκατε","γινώσκω"
43,08,55,"RP","ASM","αὐτόν,","αὐτόν","αὐτόν","αὐτός"
43,08,55,"RP","NS","ἐγὼ","ἐγὼ","ἐγώ","ἐγώ"
43,08,55,"C",NULL,"δὲ","δὲ","δέ","δέ"
43,08,55,"V","1XAI-S","οἶδα","οἶδα","οἶδα","οἶδα"
43,08,55,"RP","ASM","αὐτόν·","αὐτόν","αὐτόν","αὐτός"
43,08,55,"C",NULL,"κἂν","κἂν","κἄν","κἄν"
43,08,55,"V","1AAS-S","εἴπω","εἴπω","εἴπω","λέγω"
43,08,55,"C",NULL,"ὅτι","ὅτι","ὅτι","ὅτι"
43,08,55,"D",NULL,"οὐκ","οὐκ","οὐ","οὐ"
43,08,55,"V","1XAI-S","οἶδα","οἶδα","οἶδα","οἶδα"
43,08,55,"RP","ASM","αὐτόν,","αὐτόν","αὐτόν","αὐτός"
43,08,55,"V","1FMI-S","ἔσομαι","ἔσομαι","ἔσομαι","εἰμί"
43,08,55,"A","NSM","ὅμοιος","ὅμοιος","ὅμοιος","ὅμοιος"
43,08,55,"RP","DP","⸀ὑμῖν","ὑμῖν","ὑμῖν","σύ"
43,08,55,"N","NSM","ψεύστης·","ψεύστης","ψεύστης","ψεύστης"
43,08,55,"C",NULL,"ἀλλὰ","ἀλλὰ","ἀλλά","ἀλλά"
43,08,55,"V","1XAI-S","οἶδα","οἶδα","οἶδα","οἶδα"
43,08,55,"RP","ASM","αὐτὸν","αὐτὸν","αὐτόν","αὐτός"
43,08,55,"C",NULL,"καὶ","καὶ","καί","καί"
43,08,55,"RA","ASM","τὸν","τὸν","τόν","ὁ"
43,08,55,"N","ASM","λόγον","λόγον","λόγον","λόγος"
43,08,55,"RP","GSM","αὐτοῦ","αὐτοῦ","αὐτοῦ","αὐτός"
43,08,55,"V","1PAI-S","τηρῶ.","τηρῶ","τηρῶ","τηρέω"
43,08,56,"N","NSM","Ἀβραὰμ","Ἀβραὰμ","Ἀβραάμ","Ἀβραάμ"
43,08,56,"RA","NSM","ὁ","ὁ","ὁ","ὁ"
43,08,56,"N","NSM","πατὴρ","πατὴρ","πατήρ","πατήρ"
43,08,56,"RP","GP","ὑμῶν","ὑμῶν","ὑμῶν","σύ"
43,08,56,"V","3AMI-S","ἠγαλλιάσατο","ἠγαλλιάσατο","ἠγαλλιάσατο","ἀγαλλιάω"
43,08,56,"C",NULL,"ἵνα","ἵνα","ἵνα","ἵνα"
43,08,56,"V","3AAS-S","ἴδῃ","ἴδῃ","ἴδῃ","ὁράω"
43,08,56,"RA","ASF","τὴν","τὴν","τήν","ὁ"
43,08,56,"N","ASF","ἡμέραν","ἡμέραν","ἡμέραν","ἡμέρα"
43,08,56,"RA","ASF","τὴν","τὴν","τήν","ὁ"
43,08,56,"A","ASF","ἐμήν,","ἐμήν","ἐμήν","ἐμός"
43,08,56,"C",NULL,"καὶ","καὶ","καί","καί"
43,08,56,"V","3AAI-S","εἶδεν","εἶδεν","εἶδε(ν)","ὁράω"
43,08,56,"C",NULL,"καὶ","καὶ","καί","καί"
43,08,56,"V","3API-S","ἐχάρη.","ἐχάρη","ἐχάρη","χαίρω"
43,08,57,"V","3AAI-P","εἶπον","εἶπον","εἶπον","λέγω"
43,08,57,"C",NULL,"οὖν","οὖν","οὖν","οὖν"
43,08,57,"RA","NPM","οἱ","οἱ","οἱ","ὁ"
43,08,57,"A","NPM","Ἰουδαῖοι","Ἰουδαῖοι","Ἰουδαῖοι","Ἰουδαῖος"
43,08,57,"P",NULL,"πρὸς","πρὸς","πρός","πρός"
43,08,57,"RP","ASM","αὐτόν·","αὐτόν","αὐτόν","αὐτός"
43,08,57,"A","APN","Πεντήκοντα","Πεντήκοντα","πεντήκοντα","πεντήκοντα"
43,08,57,"N","APN","ἔτη","ἔτη","ἔτη","ἔτος"
43,08,57,"D",NULL,"οὔπω","οὔπω","οὔπω","οὔπω"
43,08,57,"V","2PAI-S","ἔχεις","ἔχεις","ἔχεις","ἔχω"
43,08,57,"C",NULL,"καὶ","καὶ","καί","καί"
43,08,57,"N","ASM","Ἀβραὰμ","Ἀβραὰμ","Ἀβραάμ","Ἀβραάμ"
43,08,57,"V","2XAI-S","ἑώρακας;","ἑώρακας","ἑώρακας","ὁράω"
43,08,58,"V","3AAI-S","εἶπεν","εἶπεν","εἶπε(ν)","λέγω"
43,08,58,"RP","DPM","⸀αὐτοῖς","αὐτοῖς","αὐτοῖς","αὐτός"
43,08,58,"N","NSM","Ἰησοῦς·","Ἰησοῦς","Ἰησοῦς","Ἰησοῦς"
43,08,58,"X",NULL,"Ἀμὴν","Ἀμὴν","ἀμήν","ἀμήν"
43,08,58,"X",NULL,"ἀμὴν","ἀμὴν","ἀμήν","ἀμήν"
43,08,58,"V","1PAI-S","λέγω","λέγω","λέγω","λέγω"
43,08,58,"RP","DP","ὑμῖν,","ὑμῖν","ὑμῖν","σύ"
43,08,58,"C",NULL,"πρὶν","πρὶν","πρίν","πρίν"
43,08,58,"N","ASM","Ἀβραὰμ","Ἀβραὰμ","Ἀβραάμ","Ἀβραάμ"
43,08,58,"V","AMN","γενέσθαι","γενέσθαι","γενέσθαι","γίνομαι"
43,08,58,"RP","NS","ἐγὼ","ἐγὼ","ἐγώ","ἐγώ"
43,08,58,"V","1PAI-S","εἰμί.","εἰμί","εἰμί","εἰμί"
43,08,59,"V","3AAI-P","ἦραν","ἦραν","ἦραν","αἴρω"
43,08,59,"C",NULL,"οὖν","οὖν","οὖν","οὖν"
43,08,59,"N","APM","λίθους","λίθους","λίθους","λίθος"
43,08,59,"C",NULL,"ἵνα","ἵνα","ἵνα","ἵνα"
43,08,59,"V","3AAS-P","βάλωσιν","βάλωσιν","βάλωσι(ν)","βάλλω"
43,08,59,"P",NULL,"ἐπ’","ἐπ’","ἐπί","ἐπί"
43,08,59,"RP","ASM","αὐτόν·","αὐτόν","αὐτόν","αὐτός"
43,08,59,"N","NSM","Ἰησοῦς","Ἰησοῦς","Ἰησοῦς","Ἰησοῦς"
43,08,59,"C",NULL,"δὲ","δὲ","δέ","δέ"
43,08,59,"V","3API-S","ἐκρύβη","ἐκρύβη","ἐκρύβη","κρύπτω"
43,08,59,"C",NULL,"καὶ","καὶ","καί","καί"
43,08,59,"V","3AAI-S","ἐξῆλθεν","ἐξῆλθεν","ἐξῆλθε(ν)","ἐξέρχομαι"
43,08,59,"P",NULL,"ἐκ","ἐκ","ἐκ","ἐκ"
43,08,59,"RA","GSN","τοῦ","τοῦ","τοῦ","ὁ"
43,08,59,"A","GSN","⸀ἱεροῦ.","ἱεροῦ","ἱεροῦ","ἱερός"
43,09,01,"C",NULL,"Καὶ","Καὶ","καί","καί"
43,09,01,"V","PAPNSM","παράγων","παράγων","παράγων","παράγω"
43,09,01,"V","3AAI-S","εἶδεν","εἶδεν","εἶδε(ν)","ὁράω"
43,09,01,"N","ASM","ἄνθρωπον","ἄνθρωπον","ἄνθρωπον","ἄνθρωπος"
43,09,01,"A","ASM","τυφλὸν","τυφλὸν","τυφλόν","τυφλός"
43,09,01,"P",NULL,"ἐκ","ἐκ","ἐκ","ἐκ"
43,09,01,"N","GSF","γενετῆς.","γενετῆς","γενετῆς","γενετή"
43,09,02,"C",NULL,"καὶ","καὶ","καί","καί"
43,09,02,"V","3AAI-P","ἠρώτησαν","ἠρώτησαν","ἠρώτησαν","ἐρωτάω"
43,09,02,"RP","ASM","αὐτὸν","αὐτὸν","αὐτόν","αὐτός"
43,09,02,"RA","NPM","οἱ","οἱ","οἱ","ὁ"
43,09,02,"N","NPM","μαθηταὶ","μαθηταὶ","μαθηταί","μαθητής"
43,09,02,"RP","GSM","αὐτοῦ","αὐτοῦ","αὐτοῦ","αὐτός"
43,09,02,"V","PAPNPM","λέγοντες·","λέγοντες","λέγοντες","λέγω"
43,09,02,"N","VSM","Ῥαββί,","Ῥαββί","ῥαββί","ῥαββί"
43,09,02,"RI","NSM","τίς","τίς","τίς","τίς"
43,09,02,"V","3AAI-S","ἥμαρτεν,","ἥμαρτεν","ἥμαρτε(ν)","ἁμαρτάνω"
43,09,02,"RD","NSM","οὗτος","οὗτος","οὗτος","οὗτος"
43,09,02,"C",NULL,"ἢ","ἢ","ἤ","ἤ"
43,09,02,"RA","NPM","οἱ","οἱ","οἱ","ὁ"
43,09,02,"N","NPM","γονεῖς","γονεῖς","γονεῖς","γονεύς"
43,09,02,"RP","GSM","αὐτοῦ,","αὐτοῦ","αὐτοῦ","αὐτός"
43,09,02,"C",NULL,"ἵνα","ἵνα","ἵνα","ἵνα"
43,09,02,"A","NSM","τυφλὸς","τυφλὸς","τυφλός","τυφλός"
43,09,02,"V","3APS-S","γεννηθῇ;","γεννηθῇ","γεννηθῇ","γεννάω"
43,09,03,"V","3API-S","ἀπεκρίθη","ἀπεκρίθη","ἀπεκρίθη","ἀποκρίνομαι"
43,09,03,"N","NSM","Ἰησοῦς·","Ἰησοῦς","Ἰησοῦς","Ἰησοῦς"
43,09,03,"C",NULL,"Οὔτε","Οὔτε","οὔτε","οὔτε"
43,09,03,"RD","NSM","οὗτος","οὗτος","οὗτος","οὗτος"
43,09,03,"V","3AAI-S","ἥμαρτεν","ἥμαρτεν","ἥμαρτε(ν)","ἁμαρτάνω"
43,09,03,"C",NULL,"οὔτε","οὔτε","οὔτε","οὔτε"
43,09,03,"RA","NPM","οἱ","οἱ","οἱ","ὁ"
43,09,03,"N","NPM","γονεῖς","γονεῖς","γονεῖς","γονεύς"
43,09,03,"RP","GSM","αὐτοῦ,","αὐτοῦ","αὐτοῦ","αὐτός"
43,09,03,"C",NULL,"ἀλλ’","ἀλλ’","ἀλλά","ἀλλά"
43,09,03,"C",NULL,"ἵνα","ἵνα","ἵνα","ἵνα"
43,09,03,"V","3APS-S","φανερωθῇ","φανερωθῇ","φανερωθῇ","φανερόω"
43,09,03,"RA","NPN","τὰ","τὰ","τά","ὁ"
43,09,03,"N","NPN","ἔργα","ἔργα","ἔργα","ἔργον"
43,09,03,"RA","GSM","τοῦ","τοῦ","τοῦ","ὁ"
43,09,03,"N","GSM","θεοῦ","θεοῦ","θεοῦ","θεός"
43,09,03,"P",NULL,"ἐν","ἐν","ἐν","ἐν"
43,09,03,"RP","DSM","αὐτῷ.","αὐτῷ","αὐτῷ","αὐτός"
43,09,04,"RP","AP","⸀ἡμᾶς","ἡμᾶς","ἡμᾶς","ἐγώ"
43,09,04,"V","3PAI-S","δεῖ","δεῖ","δεῖ","δέω"
43,09,04,"V","PMN","ἐργάζεσθαι","ἐργάζεσθαι","ἐργάζεσθαι","ἐργάζομαι"
43,09,04,"RA","APN","τὰ","τὰ","τά","ὁ"
43,09,04,"N","APN","ἔργα","ἔργα","ἔργα","ἔργον"
43,09,04,"RA","GSM","τοῦ","τοῦ","τοῦ","ὁ"
43,09,04,"V","AAPGSM","πέμψαντός","πέμψαντός","πέμψαντος","πέμπω"
43,09,04,"RP","AS","με","με","με","ἐγώ"
43,09,04,"C",NULL,"ἕως","ἕως","ἕως","ἕως"
43,09,04,"N","NSF","ἡμέρα","ἡμέρα","ἡμέρα","ἡμέρα"
43,09,04,"V","3PAI-S","ἐστίν·","ἐστίν","ἐστί(ν)","εἰμί"
43,09,04,"V","3PMI-S","ἔρχεται","ἔρχεται","ἔρχεται","ἔρχομαι"
43,09,04,"N","NSF","νὺξ","νὺξ","νύξ","νύξ"
43,09,04,"D",NULL,"ὅτε","ὅτε","ὅτε","ὅτε"
43,09,04,"A","NSM","οὐδεὶς","οὐδεὶς","οὐδείς","οὐδείς"
43,09,04,"V","3PMI-S","δύναται","δύναται","δύναται","δύναμαι"
43,09,04,"V","PMN","ἐργάζεσθαι.","ἐργάζεσθαι","ἐργάζεσθαι","ἐργάζομαι"
43,09,05,"C",NULL,"ὅταν","ὅταν","ὅταν","ὅταν"
43,09,05,"P",NULL,"ἐν","ἐν","ἐν","ἐν"
43,09,05,"RA","DSM","τῷ","τῷ","τῷ","ὁ"
43,09,05,"N","DSM","κόσμῳ","κόσμῳ","κόσμῳ","κόσμος"
43,09,05,"V","1PAS-S","ὦ,","ὦ","ὦ","εἰμί"
43,09,05,"N","NSN","φῶς","φῶς","φῶς","φῶς"
43,09,05,"V","1PAI-S","εἰμι","εἰμι","εἰμί","εἰμί"
43,09,05,"RA","GSM","τοῦ","τοῦ","τοῦ","ὁ"
43,09,05,"N","GSM","κόσμου.","κόσμου","κόσμου","κόσμος"
43,09,06,"RD","APN","ταῦτα","ταῦτα","ταῦτα","οὗτος"
43,09,06,"V","AAPNSM","εἰπὼν","εἰπὼν","εἰπών","λέγω"
43,09,06,"V","3AAI-S","ἔπτυσεν","ἔπτυσεν","ἔπτυσε(ν)","πτύω"
43,09,06,"D",NULL,"χαμαὶ","χαμαὶ","χαμαί","χαμαί"
43,09,06,"C",NULL,"καὶ","καὶ","καί","καί"
43,09,06,"V","3AAI-S","ἐποίησεν","ἐποίησεν","ἐποίησε(ν)","ποιέω"
43,09,06,"N","ASM","πηλὸν","πηλὸν","πηλόν","πηλός"
43,09,06,"P",NULL,"ἐκ","ἐκ","ἐκ","ἐκ"
43,09,06,"RA","GSN","τοῦ","τοῦ","τοῦ","ὁ"
43,09,06,"N","GSN","πτύσματος,","πτύσματος","πτύσματος","πτύσμα"
43,09,06,"C",NULL,"καὶ","καὶ","καί","καί"
43,09,06,"V","3AAI-S","⸀ἐπέχρισεν","ἐπέχρισεν","ἐπέχρισε(ν)","ἐπιχρίω"
43,09,06,"RP","GSM","⸀αὐτοῦ","αὐτοῦ","αὐτοῦ","αὐτός"
43,09,06,"RA","ASM","τὸν","τὸν","τόν","ὁ"
43,09,06,"N","ASM","πηλὸν","πηλὸν","πηλόν","πηλός"
43,09,06,"P",NULL,"ἐπὶ","ἐπὶ","ἐπί","ἐπί"
43,09,06,"RA","APM","τοὺς","τοὺς","τούς","ὁ"
43,09,06,"N","APM","⸀ὀφθαλμούς,","ὀφθαλμούς","ὀφθαλμούς","ὀφθαλμός"
43,09,07,"C",NULL,"καὶ","καὶ","καί","καί"
43,09,07,"V","3AAI-S","εἶπεν","εἶπεν","εἶπε(ν)","λέγω"
43,09,07,"RP","DSM","αὐτῷ·","αὐτῷ","αὐτῷ","αὐτός"
43,09,07,"V","2PAD-S","Ὕπαγε","Ὕπαγε","ὕπαγε","ὑπάγω"
43,09,07,"V","2AMD-S","νίψαι","νίψαι","νίψαι","νίπτω"
43,09,07,"P",NULL,"εἰς","εἰς","εἰς","εἰς"
43,09,07,"RA","ASF","τὴν","τὴν","τήν","ὁ"
43,09,07,"N","ASF","κολυμβήθραν","κολυμβήθραν","κολυμβήθραν","κολυμβήθρα"
43,09,07,"RA","GSM","τοῦ","τοῦ","τοῦ","ὁ"
43,09,07,"N","GSM","Σιλωάμ","Σιλωάμ","Σιλωάμ","Σιλωάμ"
43,09,07,"RR","NSN","(ὃ","ὃ","ὅ","ὅς"
43,09,07,"V","3PPI-S","ἑρμηνεύεται","ἑρμηνεύεται","ἑρμηνεύεται","ἑρμηνεύω"
43,09,07,"V","XPPNSM","Ἀπεσταλμένος).","Ἀπεσταλμένος","ἀπεσταλμένος","ἀποστέλλω"
43,09,07,"V","3AAI-S","ἀπῆλθεν","ἀπῆλθεν","ἀπῆλθε(ν)","ἀπέρχομαι"
43,09,07,"C",NULL,"οὖν","οὖν","οὖν","οὖν"
43,09,07,"C",NULL,"καὶ","καὶ","καί","καί"
43,09,07,"V","3AMI-S","ἐνίψατο,","ἐνίψατο","ἐνίψατο","νίπτω"
43,09,07,"C",NULL,"καὶ","καὶ","καί","καί"
43,09,07,"V","3AAI-S","ἦλθεν","ἦλθεν","ἦλθε(ν)","ἔρχομαι"
43,09,07,"V","PAPNSM","βλέπων.","βλέπων","βλέπων","βλέπω"
43,09,08,"RA","NPM","οἱ","οἱ","οἱ","ὁ"
43,09,08,"C",NULL,"οὖν","οὖν","οὖν","οὖν"
43,09,08,"N","NPM","γείτονες","γείτονες","γείτονες","γείτων"
43,09,08,"C",NULL,"καὶ","καὶ","καί","καί"
43,09,08,"RA","NPM","οἱ","οἱ","οἱ","ὁ"
43,09,08,"V","PAPNPM","θεωροῦντες","θεωροῦντες","θεωροῦντες","θεωρέω"
43,09,08,"RP","ASM","αὐτὸν","αὐτὸν","αὐτόν","αὐτός"
43,09,08,"RA","ASN","τὸ","τὸ","τό","ὁ"
43,09,08,"A","ASNC","πρότερον","πρότερον","πρότερον","πρότερος"
43,09,08,"C",NULL,"ὅτι","ὅτι","ὅτι","ὅτι"
43,09,08,"N","NSM","⸀προσαίτης","προσαίτης","προσαίτης","προσαίτης"
43,09,08,"V","3IAI-S","ἦν","ἦν","ἦν","εἰμί"
43,09,08,"V","3IAI-P","ἔλεγον·","ἔλεγον","ἔλεγον","λέγω"
43,09,08,"X",NULL,"Οὐχ","Οὐχ","οὐ","οὐ"
43,09,08,"RD","NSM","οὗτός","οὗτός","οὗτος","οὗτος"
43,09,08,"V","3PAI-S","ἐστιν","ἐστιν","ἐστί(ν)","εἰμί"
43,09,08,"RA","NSM","ὁ","ὁ","ὁ","ὁ"
43,09,08,"V","PMPNSM","καθήμενος","καθήμενος","καθήμενος","κάθημαι"
43,09,08,"C",NULL,"καὶ","καὶ","καί","καί"
43,09,08,"V","PAPNSM","προσαιτῶν;","προσαιτῶν","προσαιτῶν","προσαιτέω"
43,09,09,"A","NPM","ἄλλοι","ἄλλοι","ἄλλοι","ἄλλος"
43,09,09,"V","3IAI-P","ἔλεγον","ἔλεγον","ἔλεγον","λέγω"
43,09,09,"C",NULL,"ὅτι","ὅτι","ὅτι","ὅτι"
43,09,09,"RD","NSM","Οὗτός","Οὗτός","οὗτος","οὗτος"
43,09,09,"V","3PAI-S","ἐστιν·","ἐστιν","ἐστί(ν)","εἰμί"
43,09,09,"A","NPM","ἄλλοι","ἄλλοι","ἄλλοι","ἄλλος"
43,09,09,"V","3IAI-P","⸂ἔλεγον·","ἔλεγον","ἔλεγον","λέγω"
43,09,09,"D",NULL,"Οὐχί,","Οὐχί","οὐχί","οὐχί"
43,09,09,"C",NULL,"ἀλλὰ⸃","ἀλλὰ","ἀλλά","ἀλλά"
43,09,09,"A","NSM","ὅμοιος","ὅμοιος","ὅμοιος","ὅμοιος"
43,09,09,"RP","DSM","αὐτῷ","αὐτῷ","αὐτῷ","αὐτός"
43,09,09,"V","3PAI-S","ἐστιν.","ἐστιν","ἐστί(ν)","εἰμί"
43,09,09,"RD","NSM","ἐκεῖνος","ἐκεῖνος","ἐκεῖνος","ἐκεῖνος"
43,09,09,"V","3IAI-S","ἔλεγεν","ἔλεγεν","ἔλεγε(ν)","λέγω"
43,09,09,"C",NULL,"ὅτι","ὅτι","ὅτι","ὅτι"
43,09,09,"RP","NS","Ἐγώ","Ἐγώ","ἐγώ","ἐγώ"
43,09,09,"V","1PAI-S","εἰμι.","εἰμι","εἰμί","εἰμί"
43,09,10,"V","3IAI-P","ἔλεγον","ἔλεγον","ἔλεγον","λέγω"
43,09,10,"C",NULL,"οὖν","οὖν","οὖν","οὖν"
43,09,10,"RP","DSM","αὐτῷ·","αὐτῷ","αὐτῷ","αὐτός"
43,09,10,"D",NULL,"⸀Πῶς","Πῶς","πῶς","πῶς"
43,09,10,"V","3API-P","ἠνεῴχθησάν","ἠνεῴχθησάν","ἠνεῴχθησαν","ἀνοίγω"
43,09,10,"RP","GS","σου","σου","σου","σύ"
43,09,10,"RA","NPM","οἱ","οἱ","οἱ","ὁ"
43,09,10,"N","NPM","ὀφθαλμοί;","ὀφθαλμοί","ὀφθαλμοί","ὀφθαλμός"
43,09,11,"V","3API-S","ἀπεκρίθη","ἀπεκρίθη","ἀπεκρίθη","ἀποκρίνομαι"
43,09,11,"RD","NSM","⸀ἐκεῖνος·","ἐκεῖνος","ἐκεῖνος","ἐκεῖνος"
43,09,11,"RA","NSM","⸂Ὁ","Ὁ","ὁ","ὁ"
43,09,11,"N","NSM","ἄνθρωπος","ἄνθρωπος","ἄνθρωπος","ἄνθρωπος"
43,09,11,"RA","NSM","ὁ⸃","ὁ","ὁ","ὁ"
43,09,11,"V","PPPNSM","λεγόμενος","λεγόμενος","λεγόμενος","λέγω"
43,09,11,"N","NSM","Ἰησοῦς","Ἰησοῦς","Ἰησοῦς","Ἰησοῦς"
43,09,11,"N","ASM","πηλὸν","πηλὸν","πηλόν","πηλός"
43,09,11,"V","3AAI-S","ἐποίησεν","ἐποίησεν","ἐποίησε(ν)","ποιέω"
43,09,11,"C",NULL,"καὶ","καὶ","καί","καί"
43,09,11,"V","3AAI-S","ἐπέχρισέν","ἐπέχρισέν","ἐπέχρισε(ν)","ἐπιχρίω"
43,09,11,"RP","GS","μου","μου","μου","ἐγώ"
43,09,11,"RA","APM","τοὺς","τοὺς","τούς","ὁ"
43,09,11,"N","APM","ὀφθαλμοὺς","ὀφθαλμοὺς","ὀφθαλμούς","ὀφθαλμός"
43,09,11,"C",NULL,"καὶ","καὶ","καί","καί"
43,09,11,"V","3AAI-S","εἶπέν","εἶπέν","εἶπε(ν)","λέγω"
43,09,11,"RP","DS","μοι","μοι","μοι","ἐγώ"
43,09,11,"C",NULL,"⸀ὅτι","ὅτι","ὅτι","ὅτι"
43,09,11,"V","2PAD-S","Ὕπαγε","Ὕπαγε","ὕπαγε","ὑπάγω"
43,09,11,"P",NULL,"εἰς","εἰς","εἰς","εἰς"
43,09,11,"RA","ASM","⸀τὸν","τὸν","τόν","ὁ"
43,09,11,"N","ASM","Σιλωὰμ","Σιλωὰμ","Σιλωάμ","Σιλωάμ"
43,09,11,"C",NULL,"καὶ","καὶ","καί","καί"
43,09,11,"V","2AMD-S","νίψαι·","νίψαι","νίψαι","νίπτω"
43,09,11,"V","AAPNSM","ἀπελθὼν","ἀπελθὼν","ἀπελθών","ἀπέρχομαι"
43,09,11,"C",NULL,"⸀οὖν","οὖν","οὖν","οὖν"
43,09,11,"C",NULL,"καὶ","καὶ","καί","καί"
43,09,11,"V","AMPNSM","νιψάμενος","νιψάμενος","νιψάμενος","νίπτω"
43,09,11,"V","1AAI-S","ἀνέβλεψα.","ἀνέβλεψα","ἀνέβλεψα","ἀναβλέπω"
43,09,12,"C",NULL,"⸂καὶ","καὶ","καί","καί"
43,09,12,"V","3AAI-P","εἶπαν⸃","εἶπαν","εἶπαν","λέγω"
43,09,12,"RP","DSM","αὐτῷ·","αὐτῷ","αὐτῷ","αὐτός"
43,09,12,"D",NULL,"Ποῦ","Ποῦ","ποῦ","ποῦ"
43,09,12,"V","3PAI-S","ἐστιν","ἐστιν","ἐστί(ν)","εἰμί"
43,09,12,"RD","NSM","ἐκεῖνος;","ἐκεῖνος","ἐκεῖνος","ἐκεῖνος"
43,09,12,"V","3PAI-S","λέγει·","λέγει","λέγει","λέγω"
43,09,12,"D",NULL,"Οὐκ","Οὐκ","οὐ","οὐ"
43,09,12,"V","1XAI-S","οἶδα.","οἶδα","οἶδα","οἶδα"
43,09,13,"V","3PAI-P","Ἄγουσιν","Ἄγουσιν","ἄγουσι(ν)","ἄγω"
43,09,13,"RP","ASM","αὐτὸν","αὐτὸν","αὐτόν","αὐτός"
43,09,13,"P",NULL,"πρὸς","πρὸς","πρός","πρός"
43,09,13,"RA","APM","τοὺς","τοὺς","τούς","ὁ"
43,09,13,"N","APM","Φαρισαίους","Φαρισαίους","Φαρισαίους","Φαρισαῖος"
43,09,13,"RA","ASM","τόν","τόν","τόν","ὁ"
43,09,13,"X",NULL,"ποτε","ποτε","ποτέ","ποτέ"
43,09,13,"A","ASM","τυφλόν.","τυφλόν","τυφλόν","τυφλός"
43,09,14,"V","3IAI-S","ἦν","ἦν","ἦν","εἰμί"
43,09,14,"C",NULL,"δὲ","δὲ","δέ","δέ"
43,09,14,"N","NSN","σάββατον","σάββατον","σάββατον","σάββατον"
43,09,14,"P",NULL,"⸂ἐν","ἐν","ἐν","ἐν"
43,09,14,"RR","DSF","ᾗ","ᾗ","ᾗ","ὅς"
43,09,14,"N","DSF","ἡμέρᾳ⸃","ἡμέρᾳ","ἡμέρᾳ","ἡμέρα"
43,09,14,"RA","ASM","τὸν","τὸν","τόν","ὁ"
43,09,14,"N","ASM","πηλὸν","πηλὸν","πηλόν","πηλός"
43,09,14,"V","3AAI-S","ἐποίησεν","ἐποίησεν","ἐποίησε(ν)","ποιέω"
43,09,14,"RA","NSM","ὁ","ὁ","ὁ","ὁ"
43,09,14,"N","NSM","Ἰησοῦς","Ἰησοῦς","Ἰησοῦς","Ἰησοῦς"
43,09,14,"C",NULL,"καὶ","καὶ","καί","καί"
43,09,14,"V","3AAI-S","ἀνέῳξεν","ἀνέῳξεν","ἀνέῳξε(ν)","ἀνοίγω"
43,09,14,"RP","GSM","αὐτοῦ","αὐτοῦ","αὐτοῦ","αὐτός"
43,09,14,"RA","APM","τοὺς","τοὺς","τούς","ὁ"
43,09,14,"N","APM","ὀφθαλμούς.","ὀφθαλμούς","ὀφθαλμούς","ὀφθαλμός"
43,09,15,"D",NULL,"πάλιν","πάλιν","πάλιν","πάλιν"
43,09,15,"C",NULL,"οὖν","οὖν","οὖν","οὖν"
43,09,15,"V","3IAI-P","ἠρώτων","ἠρώτων","ἠρώτων","ἐρωτάω"
43,09,15,"RP","ASM","αὐτὸν","αὐτὸν","αὐτόν","αὐτός"
43,09,15,"D",NULL,"καὶ","καὶ","καί","καί"
43,09,15,"RA","NPM","οἱ","οἱ","οἱ","ὁ"
43,09,15,"N","NPM","Φαρισαῖοι","Φαρισαῖοι","Φαρισαῖοι","Φαρισαῖος"
43,09,15,"D",NULL,"πῶς","πῶς","πῶς","πῶς"
43,09,15,"V","3AAI-S","ἀνέβλεψεν.","ἀνέβλεψεν","ἀνέβλεψε(ν)","ἀναβλέπω"
43,09,15,"RA","NSM","ὁ","ὁ","ὁ","ὁ"
43,09,15,"C",NULL,"δὲ","δὲ","δέ","δέ"
43,09,15,"V","3AAI-S","εἶπεν","εἶπεν","εἶπε(ν)","λέγω"
43,09,15,"RP","DPM","αὐτοῖς·","αὐτοῖς","αὐτοῖς","αὐτός"
43,09,15,"N","ASM","Πηλὸν","Πηλὸν","πηλόν","πηλός"
43,09,15,"V","3AAI-S","ἐπέθηκέν","ἐπέθηκέν","ἐπέθηκε(ν)","ἐπιτίθημι"
43,09,15,"RP","GS","μου","μου","μου","ἐγώ"
43,09,15,"P",NULL,"ἐπὶ","ἐπὶ","ἐπί","ἐπί"
43,09,15,"RA","APM","τοὺς","τοὺς","τούς","ὁ"
43,09,15,"N","APM","ὀφθαλμούς,","ὀφθαλμούς","ὀφθαλμούς","ὀφθαλμός"
43,09,15,"C",NULL,"καὶ","καὶ","καί","καί"
43,09,15,"V","1AMI-S","ἐνιψάμην,","ἐνιψάμην","ἐνιψάμην","νίπτω"
43,09,15,"C",NULL,"καὶ","καὶ","καί","καί"
43,09,15,"V","1PAI-S","βλέπω.","βλέπω","βλέπω","βλέπω"
43,09,16,"V","3IAI-P","ἔλεγον","ἔλεγον","ἔλεγον","λέγω"
43,09,16,"C",NULL,"οὖν","οὖν","οὖν","οὖν"
43,09,16,"P",NULL,"ἐκ","ἐκ","ἐκ","ἐκ"
43,09,16,"RA","GPM","τῶν","τῶν","τῶν","ὁ"
43,09,16,"N","GPM","Φαρισαίων","Φαρισαίων","Φαρισαίων","Φαρισαῖος"
43,09,16,"RI","NPM","τινές·","τινές","τινές","τις"
43,09,16,"D",NULL,"⸂Οὐκ","Οὐκ","οὐ","οὐ"
43,09,16,"V","3PAI-S","ἔστιν","ἔστιν","ἐστί(ν)","εἰμί"
43,09,16,"RD","NSM","οὗτος","οὗτος","οὗτος","οὗτος"
43,09,16,"P",NULL,"παρὰ","παρὰ","παρά","παρά"
43,09,16,"N","GSM","θεοῦ","θεοῦ","θεοῦ","θεός"
43,09,16,"RA","NSM","ὁ","ὁ","ὁ","ὁ"
43,09,16,"N","NSM","ἄνθρωπος⸃,","ἄνθρωπος","ἄνθρωπος","ἄνθρωπος"
43,09,16,"C",NULL,"ὅτι","ὅτι","ὅτι","ὅτι"
43,09,16,"RA","ASN","τὸ","τὸ","τό","ὁ"
43,09,16,"N","ASN","σάββατον","σάββατον","σάββατον","σάββατον"
43,09,16,"D",NULL,"οὐ","οὐ","οὐ","οὐ"
43,09,16,"V","3PAI-S","τηρεῖ.","τηρεῖ","τηρεῖ","τηρέω"
43,09,16,"A","NPM","⸀ἄλλοι","ἄλλοι","ἄλλοι","ἄλλος"
43,09,16,"V","3IAI-P","ἔλεγον·","ἔλεγον","ἔλεγον","λέγω"
43,09,16,"D",NULL,"Πῶς","Πῶς","πῶς","πῶς"
43,09,16,"V","3PMI-S","δύναται","δύναται","δύναται","δύναμαι"
43,09,16,"N","NSM","ἄνθρωπος","ἄνθρωπος","ἄνθρωπος","ἄνθρωπος"
43,09,16,"A","NSM","ἁμαρτωλὸς","ἁμαρτωλὸς","ἁμαρτωλός","ἁμαρτωλός"
43,09,16,"RD","APN","τοιαῦτα","τοιαῦτα","τοιαῦτα","τοιοῦτος"
43,09,16,"N","APN","σημεῖα","σημεῖα","σημεῖα","σημεῖον"
43,09,16,"V","PAN","ποιεῖν;","ποιεῖν","ποιεῖν","ποιέω"
43,09,16,"C",NULL,"καὶ","καὶ","καί","καί"
43,09,16,"N","NSN","σχίσμα","σχίσμα","σχίσμα","σχίσμα"
43,09,16,"V","3IAI-S","ἦν","ἦν","ἦν","εἰμί"
43,09,16,"P",NULL,"ἐν","ἐν","ἐν","ἐν"
43,09,16,"RP","DPM","αὐτοῖς.","αὐτοῖς","αὐτοῖς","αὐτός"
43,09,17,"V","3PAI-P","λέγουσιν","λέγουσιν","λέγουσι(ν)","λέγω"
43,09,17,"C",NULL,"⸀οὖν","οὖν","οὖν","οὖν"
43,09,17,"RA","DSM","τῷ","τῷ","τῷ","ὁ"
43,09,17,"A","DSM","τυφλῷ","τυφλῷ","τυφλῷ","τυφλός"
43,09,17,"D",NULL,"πάλιν·","πάλιν","πάλιν","πάλιν"
43,09,17,"RI","ASN","⸂Τί","Τί","τί","τίς"
43,09,17,"RP","NS","σὺ⸃","σὺ","σύ","σύ"
43,09,17,"V","2PAI-S","λέγεις","λέγεις","λέγεις","λέγω"
43,09,17,"P",NULL,"περὶ","περὶ","περί","περί"
43,09,17,"RP","GSM","αὐτοῦ,","αὐτοῦ","αὐτοῦ","αὐτός"
43,09,17,"C",NULL,"ὅτι","ὅτι","ὅτι","ὅτι"
43,09,17,"V","3AAI-S","ἠνέῳξέν","ἠνέῳξέν","ἠνέῳξε(ν)","ἀνοίγω"
43,09,17,"RP","GS","σου","σου","σου","σύ"
43,09,17,"RA","APM","τοὺς","τοὺς","τούς","ὁ"
43,09,17,"N","APM","ὀφθαλμούς;","ὀφθαλμούς","ὀφθαλμούς","ὀφθαλμός"
43,09,17,"RA","NSM","ὁ","ὁ","ὁ","ὁ"
43,09,17,"C",NULL,"δὲ","δὲ","δέ","δέ"
43,09,17,"V","3AAI-S","εἶπεν","εἶπεν","εἶπε(ν)","λέγω"
43,09,17,"C",NULL,"ὅτι","ὅτι","ὅτι","ὅτι"
43,09,17,"N","NSM","Προφήτης","Προφήτης","προφήτης","προφήτης"
43,09,17,"V","3PAI-S","ἐστίν.","ἐστίν","ἐστί(ν)","εἰμί"
43,09,18,"D",NULL,"Οὐκ","Οὐκ","οὐ","οὐ"
43,09,18,"V","3AAI-P","ἐπίστευσαν","ἐπίστευσαν","ἐπίστευσαν","πιστεύω"
43,09,18,"C",NULL,"οὖν","οὖν","οὖν","οὖν"
43,09,18,"RA","NPM","οἱ","οἱ","οἱ","ὁ"
43,09,18,"A","NPM","Ἰουδαῖοι","Ἰουδαῖοι","Ἰουδαῖοι","Ἰουδαῖος"
43,09,18,"P",NULL,"περὶ","περὶ","περί","περί"
43,09,18,"RP","GSM","αὐτοῦ","αὐτοῦ","αὐτοῦ","αὐτός"
43,09,18,"C",NULL,"ὅτι","ὅτι","ὅτι","ὅτι"
43,09,18,"V","3IAI-S","⸂ἦν","ἦν","ἦν","εἰμί"
43,09,18,"A","NSM","τυφλὸς⸃","τυφλὸς","τυφλός","τυφλός"
43,09,18,"C",NULL,"καὶ","καὶ","καί","καί"
43,09,18,"V","3AAI-S","ἀνέβλεψεν,","ἀνέβλεψεν","ἀνέβλεψε(ν)","ἀναβλέπω"
43,09,18,"P",NULL,"ἕως","ἕως","ἕως","ἕως"
43,09,18,"RR","GSM","ὅτου","ὅτου","ὅτου","ὅστις"
43,09,18,"V","3AAI-P","ἐφώνησαν","ἐφώνησαν","ἐφώνησαν","φωνέω"
43,09,18,"RA","APM","τοὺς","τοὺς","τούς","ὁ"
43,09,18,"N","APM","γονεῖς","γονεῖς","γονεῖς","γονεύς"
43,09,18,"RP","GSM","αὐτοῦ","αὐτοῦ","αὐτοῦ","αὐτός"
43,09,18,"RA","GSM","⸂τοῦ","τοῦ","τοῦ","ὁ"
43,09,18,"V","AAPGSM","ἀναβλέψαντος⸃","ἀναβλέψαντος","ἀναβλέψαντος","ἀναβλέπω"
43,09,19,"C",NULL,"καὶ","καὶ","καί","καί"
43,09,19,"V","3AAI-P","ἠρώτησαν","ἠρώτησαν","ἠρώτησαν","ἐρωτάω"
43,09,19,"RP","APM","αὐτοὺς","αὐτοὺς","αὐτούς","αὐτός"
43,09,19,"V","PAPNPM","λέγοντες·","λέγοντες","λέγοντες","λέγω"
43,09,19,"RD","NSM","Οὗτός","Οὗτός","οὗτος","οὗτος"
43,09,19,"V","3PAI-S","ἐστιν","ἐστιν","ἐστί(ν)","εἰμί"
43,09,19,"RA","NSM","ὁ","ὁ","ὁ","ὁ"
43,09,19,"N","NSM","υἱὸς","υἱὸς","υἱός","υἱός"
43,09,19,"RP","GP","ὑμῶν,","ὑμῶν","ὑμῶν","σύ"
43,09,19,"RR","ASM","ὃν","ὃν","ὅν","ὅς"
43,09,19,"RP","NP","ὑμεῖς","ὑμεῖς","ὑμεῖς","σύ"
43,09,19,"V","2PAI-P","λέγετε","λέγετε","λέγετε","λέγω"
43,09,19,"C",NULL,"ὅτι","ὅτι","ὅτι","ὅτι"
43,09,19,"A","NSM","τυφλὸς","τυφλὸς","τυφλός","τυφλός"
43,09,19,"V","3API-S","ἐγεννήθη;","ἐγεννήθη","ἐγεννήθη","γεννάω"
43,09,19,"D",NULL,"πῶς","πῶς","πῶς","πῶς"
43,09,19,"C",NULL,"οὖν","οὖν","οὖν","οὖν"
43,09,19,"V","3PAI-S","⸂βλέπει","βλέπει","βλέπει","βλέπω"
43,09,19,"D",NULL,"ἄρτι⸃;","ἄρτι","ἄρτι","ἄρτι"
43,09,20,"V","3API-P","ἀπεκρίθησαν","ἀπεκρίθησαν","ἀπεκρίθησαν","ἀποκρίνομαι"
43,09,20,"C",NULL,"⸀οὖν","οὖν","οὖν","οὖν"
43,09,20,"RA","NPM","οἱ","οἱ","οἱ","ὁ"
43,09,20,"N","NPM","γονεῖς","γονεῖς","γονεῖς","γονεύς"
43,09,20,"RP","GSM","αὐτοῦ","αὐτοῦ","αὐτοῦ","αὐτός"
43,09,20,"C",NULL,"καὶ","καὶ","καί","καί"
43,09,20,"V","3AAI-P","εἶπαν·","εἶπαν","εἶπαν","λέγω"
43,09,20,"V","1XAI-P","Οἴδαμεν","Οἴδαμεν","οἴδαμεν","οἶδα"
43,09,20,"C",NULL,"ὅτι","ὅτι","ὅτι","ὅτι"
43,09,20,"RD","NSM","οὗτός","οὗτός","οὗτος","οὗτος"
43,09,20,"V","3PAI-S","ἐστιν","ἐστιν","ἐστί(ν)","εἰμί"
43,09,20,"RA","NSM","ὁ","ὁ","ὁ","ὁ"
43,09,20,"N","NSM","υἱὸς","υἱὸς","υἱός","υἱός"
43,09,20,"RP","GP","ἡμῶν","ἡμῶν","ἡμῶν","ἐγώ"
43,09,20,"C",NULL,"καὶ","καὶ","καί","καί"
43,09,20,"C",NULL,"ὅτι","ὅτι","ὅτι","ὅτι"
43,09,20,"A","NSM","τυφλὸς","τυφλὸς","τυφλός","τυφλός"
43,09,20,"V","3API-S","ἐγεννήθη·","ἐγεννήθη","ἐγεννήθη","γεννάω"
43,09,21,"D",NULL,"πῶς","πῶς","πῶς","πῶς"
43,09,21,"C",NULL,"δὲ","δὲ","δέ","δέ"
43,09,21,"D",NULL,"νῦν","νῦν","νῦν","νῦν"
43,09,21,"V","3PAI-S","βλέπει","βλέπει","βλέπει","βλέπω"
43,09,21,"D",NULL,"οὐκ","οὐκ","οὐ","οὐ"
43,09,21,"V","1XAI-P","οἴδαμεν,","οἴδαμεν","οἴδαμεν","οἶδα"
43,09,21,"C",NULL,"ἢ","ἢ","ἤ","ἤ"
43,09,21,"RI","NSM","τίς","τίς","τίς","τίς"
43,09,21,"V","3AAI-S","ἤνοιξεν","ἤνοιξεν","ἤνοιξε(ν)","ἀνοίγω"
43,09,21,"RP","GSM","αὐτοῦ","αὐτοῦ","αὐτοῦ","αὐτός"
43,09,21,"RA","APM","τοὺς","τοὺς","τούς","ὁ"
43,09,21,"N","APM","ὀφθαλμοὺς","ὀφθαλμοὺς","ὀφθαλμούς","ὀφθαλμός"
43,09,21,"RP","NP","ἡμεῖς","ἡμεῖς","ἡμεῖς","ἐγώ"
43,09,21,"D",NULL,"οὐκ","οὐκ","οὐ","οὐ"
43,09,21,"V","1XAI-P","οἴδαμεν·","οἴδαμεν","οἴδαμεν","οἶδα"
43,09,21,"RP","ASM","⸂αὐτὸν","αὐτὸν","αὐτόν","αὐτός"
43,09,21,"V","2AAD-P","ἐρωτήσατε,","ἐρωτήσατε","ἐρωτήσατε","ἐρωτάω"
43,09,21,"N","ASF","ἡλικίαν","ἡλικίαν","ἡλικίαν","ἡλικία"
43,09,21,"V","3PAI-S","ἔχει⸃,","ἔχει","ἔχει","ἔχω"
43,09,21,"RP","NSM","αὐτὸς","αὐτὸς","αὐτός","αὐτός"
43,09,21,"P",NULL,"περὶ","περὶ","περί","περί"
43,09,21,"RP","GSM","ἑαυτοῦ","ἑαυτοῦ","ἑαυτοῦ","ἑαυτοῦ"
43,09,21,"V","3FAI-S","λαλήσει.","λαλήσει","λαλήσει","λαλέω"
43,09,22,"RD","APN","ταῦτα","ταῦτα","ταῦτα","οὗτος"
43,09,22,"V","3AAI-P","εἶπαν","εἶπαν","εἶπαν","λέγω"
43,09,22,"RA","NPM","οἱ","οἱ","οἱ","ὁ"
43,09,22,"N","NPM","γονεῖς","γονεῖς","γονεῖς","γονεύς"
43,09,22,"RP","GSM","αὐτοῦ","αὐτοῦ","αὐτοῦ","αὐτός"
43,09,22,"C",NULL,"ὅτι","ὅτι","ὅτι","ὅτι"
43,09,22,"V","3IMI-P","ἐφοβοῦντο","ἐφοβοῦντο","ἐφοβοῦντο","φοβέομαι"
43,09,22,"RA","APM","τοὺς","τοὺς","τούς","ὁ"
43,09,22,"A","APM","Ἰουδαίους,","Ἰουδαίους","Ἰουδαίους","Ἰουδαῖος"
43,09,22,"D",NULL,"ἤδη","ἤδη","ἤδη","ἤδη"
43,09,22,"C",NULL,"γὰρ","γὰρ","γάρ","γάρ"
43,09,22,"V","3YMI-P","συνετέθειντο","συνετέθειντο","συνετέθειντο","συντίθεμαι"
43,09,22,"RA","NPM","οἱ","οἱ","οἱ","ὁ"
43,09,22,"A","NPM","Ἰουδαῖοι","Ἰουδαῖοι","Ἰουδαῖοι","Ἰουδαῖος"
43,09,22,"C",NULL,"ἵνα","ἵνα","ἵνα","ἵνα"
43,09,22,"C",NULL,"ἐάν","ἐάν","ἐάν","ἐάν"
43,09,22,"RI","NSM","τις","τις","τὶς","τις"
43,09,22,"RP","ASM","αὐτὸν","αὐτὸν","αὐτόν","αὐτός"
43,09,22,"V","3AAS-S","ὁμολογήσῃ","ὁμολογήσῃ","ὁμολογήσῃ","ὁμολογέω"
43,09,22,"N","ASM","χριστόν,","χριστόν","Χριστόν","Χριστός"
43,09,22,"A","NSM","ἀποσυνάγωγος","ἀποσυνάγωγος","ἀποσυνάγωγος","ἀποσυνάγωγος"
43,09,22,"V","3AMS-S","γένηται.","γένηται","γένηται","γίνομαι"
43,09,23,"P",NULL,"διὰ","διὰ","διά","διά"
43,09,23,"RD","ASN","τοῦτο","τοῦτο","τοῦτο","οὗτος"
43,09,23,"RA","NPM","οἱ","οἱ","οἱ","ὁ"
43,09,23,"N","NPM","γονεῖς","γονεῖς","γονεῖς","γονεύς"
43,09,23,"RP","GSM","αὐτοῦ","αὐτοῦ","αὐτοῦ","αὐτός"
43,09,23,"V","3AAI-P","εἶπαν","εἶπαν","εἶπαν","λέγω"
43,09,23,"C",NULL,"ὅτι","ὅτι","ὅτι","ὅτι"
43,09,23,"N","ASF","Ἡλικίαν","Ἡλικίαν","ἡλικίαν","ἡλικία"
43,09,23,"V","3PAI-S","ἔχει,","ἔχει","ἔχει","ἔχω"
43,09,23,"RP","ASM","αὐτὸν","αὐτὸν","αὐτόν","αὐτός"
43,09,23,"V","2AAD-P","⸀ἐπερωτήσατε.","ἐπερωτήσατε","ἐπερωτήσατε","ἐπερωτάω"
43,09,24,"V","3AAI-P","Ἐφώνησαν","Ἐφώνησαν","ἐφώνησαν","φωνέω"
43,09,24,"C",NULL,"οὖν","οὖν","οὖν","οὖν"
43,09,24,"RA","ASM","⸂τὸν","τὸν","τόν","ὁ"
43,09,24,"N","ASM","ἄνθρωπον","ἄνθρωπον","ἄνθρωπον","ἄνθρωπος"
43,09,24,"P",NULL,"ἐκ","ἐκ","ἐκ","ἐκ"
43,09,24,"A","GSN","δευτέρου⸃","δευτέρου","δευτέρου","δεύτερος"
43,09,24,"RR","NSM","ὃς","ὃς","ὅς","ὅς"
43,09,24,"V","3IAI-S","ἦν","ἦν","ἦν","εἰμί"
43,09,24,"A","NSM","τυφλὸς","τυφλὸς","τυφλός","τυφλός"
43,09,24,"C",NULL,"καὶ","καὶ","καί","καί"
43,09,24,"V","3AAI-P","εἶπαν","εἶπαν","εἶπαν","λέγω"
43,09,24,"RP","DSM","αὐτῷ·","αὐτῷ","αὐτῷ","αὐτός"
43,09,24,"V","2AAD-S","Δὸς","Δὸς","δός","δίδωμι"
43,09,24,"N","ASF","δόξαν","δόξαν","δόξαν","δόξα"
43,09,24,"RA","DSM","τῷ","τῷ","τῷ","ὁ"
43,09,24,"N","DSM","θεῷ·","θεῷ","θεῷ","θεός"
43,09,24,"RP","NP","ἡμεῖς","ἡμεῖς","ἡμεῖς","ἐγώ"
43,09,24,"V","1XAI-P","οἴδαμεν","οἴδαμεν","οἴδαμεν","οἶδα"
43,09,24,"C",NULL,"ὅτι","ὅτι","ὅτι","ὅτι"
43,09,24,"RD","NSM","⸂οὗτος","οὗτος","οὗτος","οὗτος"
43,09,24,"RA","NSM","ὁ","ὁ","ὁ","ὁ"
43,09,24,"N","NSM","ἄνθρωπος⸃","ἄνθρωπος","ἄνθρωπος","ἄνθρωπος"
43,09,24,"A","NSM","ἁμαρτωλός","ἁμαρτωλός","ἁμαρτωλός","ἁμαρτωλός"
43,09,24,"V","3PAI-S","ἐστιν.","ἐστιν","ἐστί(ν)","εἰμί"
43,09,25,"V","3API-S","ἀπεκρίθη","ἀπεκρίθη","ἀπεκρίθη","ἀποκρίνομαι"
43,09,25,"C",NULL,"οὖν","οὖν","οὖν","οὖν"
43,09,25,"RD","NSM","⸀ἐκεῖνος·","ἐκεῖνος","ἐκεῖνος","ἐκεῖνος"
43,09,25,"X",NULL,"Εἰ","Εἰ","εἰ","εἰ"
43,09,25,"A","NSM","ἁμαρτωλός","ἁμαρτωλός","ἁμαρτωλός","ἁμαρτωλός"
43,09,25,"V","3PAI-S","ἐστιν","ἐστιν","ἐστί(ν)","εἰμί"
43,09,25,"D",NULL,"οὐκ","οὐκ","οὐ","οὐ"
43,09,25,"V","1XAI-S","οἶδα·","οἶδα","οἶδα","οἶδα"
43,09,25,"A","ASN","ἓν","ἓν","ἕν","εἷς"
43,09,25,"V","1XAI-S","οἶδα","οἶδα","οἶδα","οἶδα"
43,09,25,"D",NULL,"ὅτι","ὅτι","ὅτι","ὅτι"
43,09,25,"A","NSM","τυφλὸς","τυφλὸς","τυφλός","τυφλός"
43,09,25,"V","PAPNSM","ὢν","ὢν","ὤν","εἰμί"
43,09,25,"D",NULL,"ἄρτι","ἄρτι","ἄρτι","ἄρτι"
43,09,25,"V","1PAI-S","βλέπω.","βλέπω","βλέπω","βλέπω"
43,09,26,"V","3AAI-P","εἶπον","εἶπον","εἶπον","λέγω"
43,09,26,"C",NULL,"⸂οὖν","οὖν","οὖν","οὖν"
43,09,26,"RP","DSM","αὐτῷ⸃·","αὐτῷ","αὐτῷ","αὐτός"
43,09,26,"RI","ASN","Τί","Τί","τί","τίς"
43,09,26,"V","3AAI-S","ἐποίησέν","ἐποίησέν","ἐποίησε(ν)","ποιέω"
43,09,26,"RP","DS","σοι;","σοι","σοι","σύ"
43,09,26,"D",NULL,"πῶς","πῶς","πῶς","πῶς"
43,09,26,"V","3AAI-S","ἤνοιξέν","ἤνοιξέν","ἤνοιξε(ν)","ἀνοίγω"
43,09,26,"RP","GS","σου","σου","σου","σύ"
43,09,26,"RA","APM","τοὺς","τοὺς","τούς","ὁ"
43,09,26,"N","APM","ὀφθαλμούς;","ὀφθαλμούς","ὀφθαλμούς","ὀφθαλμός"
43,09,27,"V","3API-S","ἀπεκρίθη","ἀπεκρίθη","ἀπεκρίθη","ἀποκρίνομαι"
43,09,27,"RP","DPM","αὐτοῖς·","αὐτοῖς","αὐτοῖς","αὐτός"
43,09,27,"V","1AAI-S","Εἶπον","Εἶπον","εἶπον","λέγω"
43,09,27,"RP","DP","ὑμῖν","ὑμῖν","ὑμῖν","σύ"
43,09,27,"D",NULL,"ἤδη","ἤδη","ἤδη","ἤδη"
43,09,27,"C",NULL,"καὶ","καὶ","καί","καί"
43,09,27,"D",NULL,"οὐκ","οὐκ","οὐ","οὐ"
43,09,27,"V","2AAI-P","ἠκούσατε·","ἠκούσατε","ἠκούσατε","ἀκούω"
43,09,27,"RI","ASN","τί","τί","τί","τίς"
43,09,27,"D",NULL,"πάλιν","πάλιν","πάλιν","πάλιν"
43,09,27,"V","2PAI-P","θέλετε","θέλετε","θέλετε","θέλω"
43,09,27,"V","PAN","ἀκούειν;","ἀκούειν","ἀκούειν","ἀκούω"
43,09,27,"X",NULL,"μὴ","μὴ","μή","μή"
43,09,27,"D",NULL,"καὶ","καὶ","καί","καί"
43,09,27,"RP","NP","ὑμεῖς","ὑμεῖς","ὑμεῖς","σύ"
43,09,27,"V","2PAI-P","θέλετε","θέλετε","θέλετε","θέλω"
43,09,27,"RP","GSM","αὐτοῦ","αὐτοῦ","αὐτοῦ","αὐτός"
43,09,27,"N","NPM","μαθηταὶ","μαθηταὶ","μαθηταί","μαθητής"
43,09,27,"V","AMN","γενέσθαι;","γενέσθαι","γενέσθαι","γίνομαι"
43,09,28,"V","3AAI-P","⸀ἐλοιδόρησαν","ἐλοιδόρησαν","ἐλοιδόρησαν","λοιδορέω"
43,09,28,"RP","ASM","αὐτὸν","αὐτὸν","αὐτόν","αὐτός"
43,09,28,"C",NULL,"καὶ","καὶ","καί","καί"
43,09,28,"V","3AAI-P","εἶπον·","εἶπον","εἶπον","λέγω"
43,09,28,"RP","NS","Σὺ","Σὺ","σύ","σύ"
43,09,28,"N","NSM","⸂μαθητὴς","μαθητὴς","μαθητής","μαθητής"
43,09,28,"V","2PAI-S","εἶ⸃","εἶ","εἶ","εἰμί"
43,09,28,"RD","GSM","ἐκείνου,","ἐκείνου","ἐκείνου","ἐκεῖνος"
43,09,28,"RP","NP","ἡμεῖς","ἡμεῖς","ἡμεῖς","ἐγώ"
43,09,28,"C",NULL,"δὲ","δὲ","δέ","δέ"
43,09,28,"RA","GSM","τοῦ","τοῦ","τοῦ","ὁ"
43,09,28,"N","GSM","Μωϋσέως","Μωϋσέως","Μωϋσέως","Μωϋσῆς"
43,09,28,"V","1PAI-P","ἐσμὲν","ἐσμὲν","ἐσμέν","εἰμί"
43,09,28,"N","NPM","μαθηταί·","μαθηταί","μαθηταί","μαθητής"
43,09,29,"RP","NP","ἡμεῖς","ἡμεῖς","ἡμεῖς","ἐγώ"
43,09,29,"V","1XAI-P","οἴδαμεν","οἴδαμεν","οἴδαμεν","οἶδα"
43,09,29,"C",NULL,"ὅτι","ὅτι","ὅτι","ὅτι"
43,09,29,"N","DSM","Μωϋσεῖ","Μωϋσεῖ","Μωϋσεῖ","Μωϋσῆς"
43,09,29,"V","3XAI-S","λελάληκεν","λελάληκεν","λελάληκε(ν)","λαλέω"
43,09,29,"RA","NSM","ὁ","ὁ","ὁ","ὁ"
43,09,29,"N","NSM","θεός,","θεός","θεός","θεός"
43,09,29,"RD","ASM","τοῦτον","τοῦτον","τοῦτον","οὗτος"
43,09,29,"C",NULL,"δὲ","δὲ","δέ","δέ"
43,09,29,"D",NULL,"οὐκ","οὐκ","οὐ","οὐ"
43,09,29,"V","1XAI-P","οἴδαμεν","οἴδαμεν","οἴδαμεν","οἶδα"
43,09,29,"D",NULL,"πόθεν","πόθεν","πόθεν","πόθεν"
43,09,29,"V","3PAI-S","ἐστίν.","ἐστίν","ἐστί(ν)","εἰμί"
43,09,30,"V","3API-S","ἀπεκρίθη","ἀπεκρίθη","ἀπεκρίθη","ἀποκρίνομαι"
43,09,30,"RA","NSM","ὁ","ὁ","ὁ","ὁ"
43,09,30,"N","NSM","ἄνθρωπος","ἄνθρωπος","ἄνθρωπος","ἄνθρωπος"
43,09,30,"C",NULL,"καὶ","καὶ","καί","καί"
43,09,30,"V","3AAI-S","εἶπεν","εἶπεν","εἶπε(ν)","λέγω"
43,09,30,"RP","DPM","αὐτοῖς·","αὐτοῖς","αὐτοῖς","αὐτός"
43,09,30,"P",NULL,"Ἐν","Ἐν","ἐν","ἐν"
43,09,30,"RD","DSN","⸂τούτῳ","τούτῳ","τούτῳ","οὗτος"
43,09,30,"C",NULL,"γὰρ","γὰρ","γάρ","γάρ"
43,09,30,"RA","NSN","τὸ⸃","τὸ","τό","ὁ"
43,09,30,"A","NSN","θαυμαστόν","θαυμαστόν","θαυμαστόν","θαυμαστός"
43,09,30,"V","3PAI-S","ἐστιν","ἐστιν","ἐστί(ν)","εἰμί"
43,09,30,"D",NULL,"ὅτι","ὅτι","ὅτι","ὅτι"
43,09,30,"RP","NP","ὑμεῖς","ὑμεῖς","ὑμεῖς","σύ"
43,09,30,"D",NULL,"οὐκ","οὐκ","οὐ","οὐ"
43,09,30,"V","2XAI-P","οἴδατε","οἴδατε","οἴδατε","οἶδα"
43,09,30,"D",NULL,"πόθεν","πόθεν","πόθεν","πόθεν"
43,09,30,"V","3PAI-S","ἐστίν,","ἐστίν","ἐστί(ν)","εἰμί"
43,09,30,"C",NULL,"καὶ","καὶ","καί","καί"
43,09,30,"V","3AAI-S","ἤνοιξέν","ἤνοιξέν","ἤνοιξε(ν)","ἀνοίγω"
43,09,30,"RP","GS","μου","μου","μου","ἐγώ"
43,09,30,"RA","APM","τοὺς","τοὺς","τούς","ὁ"
43,09,30,"N","APM","ὀφθαλμούς.","ὀφθαλμούς","ὀφθαλμούς","ὀφθαλμός"
43,09,31,"V","1XAI-P","⸀οἴδαμεν","οἴδαμεν","οἴδαμεν","οἶδα"
43,09,31,"C",NULL,"ὅτι","ὅτι","ὅτι","ὅτι"
43,09,31,"A","GPM","⸂ἁμαρτωλῶν","ἁμαρτωλῶν","ἁμαρτωλῶν","ἁμαρτωλός"
43,09,31,"RA","NSM","ὁ","ὁ","ὁ","ὁ"
43,09,31,"N","NSM","θεὸς⸃","θεὸς","θεός","θεός"
43,09,31,"D",NULL,"οὐκ","οὐκ","οὐ","οὐ"
43,09,31,"V","3PAI-S","ἀκούει,","ἀκούει","ἀκούει","ἀκούω"
43,09,31,"C",NULL,"ἀλλ’","ἀλλ’","ἀλλά","ἀλλά"
43,09,31,"C",NULL,"ἐάν","ἐάν","ἐάν","ἐάν"
43,09,31,"RI","NSM","τις","τις","τὶς","τις"
43,09,31,"A","NSM","θεοσεβὴς","θεοσεβὴς","θεοσεβής","θεοσεβής"
43,09,31,"V","3PAS-S","ᾖ","ᾖ","ᾖ","εἰμί"
43,09,31,"C",NULL,"καὶ","καὶ","καί","καί"
43,09,31,"RA","ASN","τὸ","τὸ","τό","ὁ"
43,09,31,"N","ASN","θέλημα","θέλημα","θέλημα","θέλημα"
43,09,31,"RP","GSM","αὐτοῦ","αὐτοῦ","αὐτοῦ","αὐτός"
43,09,31,"V","3PAS-S","ποιῇ","ποιῇ","ποιῇ","ποιέω"
43,09,31,"RD","GSM","τούτου","τούτου","τούτου","οὗτος"
43,09,31,"V","3PAI-S","ἀκούει.","ἀκούει","ἀκούει","ἀκούω"
43,09,32,"P",NULL,"ἐκ","ἐκ","ἐκ","ἐκ"
43,09,32,"RA","GSM","τοῦ","τοῦ","τοῦ","ὁ"
43,09,32,"N","GSM","αἰῶνος","αἰῶνος","αἰῶνος","αἰών"
43,09,32,"D",NULL,"οὐκ","οὐκ","οὐ","οὐ"
43,09,32,"V","3API-S","ἠκούσθη","ἠκούσθη","ἠκούσθη","ἀκούω"
43,09,32,"C",NULL,"ὅτι","ὅτι","ὅτι","ὅτι"
43,09,32,"V","3AAI-S","ἠνέῳξέν","ἠνέῳξέν","ἠνέῳξε(ν)","ἀνοίγω"
43,09,32,"RI","NSM","τις","τις","τὶς","τις"
43,09,32,"N","APM","ὀφθαλμοὺς","ὀφθαλμοὺς","ὀφθαλμούς","ὀφθαλμός"
43,09,32,"A","GSM","τυφλοῦ","τυφλοῦ","τυφλοῦ","τυφλός"
43,09,32,"V","XPPGSM","γεγεννημένου·","γεγεννημένου","γεγεννημένου","γεννάω"
43,09,33,"C",NULL,"εἰ","εἰ","εἰ","εἰ"
43,09,33,"D",NULL,"μὴ","μὴ","μή","μή"
43,09,33,"V","3IAI-S","ἦν","ἦν","ἦν","εἰμί"
43,09,33,"RD","NSM","οὗτος","οὗτος","οὗτος","οὗτος"
43,09,33,"P",NULL,"παρὰ","παρὰ","παρά","παρά"
43,09,33,"N","GSM","θεοῦ,","θεοῦ","θεοῦ","θεός"
43,09,33,"D",NULL,"οὐκ","οὐκ","οὐ","οὐ"
43,09,33,"V","3IMI-S","ἠδύνατο","ἠδύνατο","ἠδύνατο","δύναμαι"
43,09,33,"V","PAN","ποιεῖν","ποιεῖν","ποιεῖν","ποιέω"
43,09,33,"A","ASN","οὐδέν.","οὐδέν","οὐδέν","οὐδείς"
43,09,34,"V","3API-P","ἀπεκρίθησαν","ἀπεκρίθησαν","ἀπεκρίθησαν","ἀποκρίνομαι"
43,09,34,"C",NULL,"καὶ","καὶ","καί","καί"
43,09,34,"V","3AAI-P","εἶπαν","εἶπαν","εἶπαν","λέγω"
43,09,34,"RP","DSM","αὐτῷ·","αὐτῷ","αὐτῷ","αὐτός"
43,09,34,"P",NULL,"Ἐν","Ἐν","ἐν","ἐν"
43,09,34,"N","DPF","ἁμαρτίαις","ἁμαρτίαις","ἁμαρτίαις","ἁμαρτία"
43,09,34,"RP","NS","σὺ","σὺ","σύ","σύ"
43,09,34,"V","2API-S","ἐγεννήθης","ἐγεννήθης","ἐγεννήθης","γεννάω"
43,09,34,"A","NSM","ὅλος,","ὅλος","ὅλος","ὅλος"
43,09,34,"C",NULL,"καὶ","καὶ","καί","καί"
43,09,34,"RP","NS","σὺ","σὺ","σύ","σύ"
43,09,34,"V","2PAI-S","διδάσκεις","διδάσκεις","διδάσκεις","διδάσκω"
43,09,34,"RP","AP","ἡμᾶς;","ἡμᾶς","ἡμᾶς","ἐγώ"
43,09,34,"C",NULL,"καὶ","καὶ","καί","καί"
43,09,34,"V","3AAI-P","ἐξέβαλον","ἐξέβαλον","ἐξέβαλον","ἐκβάλλω"
43,09,34,"RP","ASM","αὐτὸν","αὐτὸν","αὐτόν","αὐτός"
43,09,34,"D",NULL,"ἔξω.","ἔξω","ἔξω","ἔξω"
43,09,35,"V","3AAI-S","⸀Ἤκουσεν","Ἤκουσεν","ἤκουσε(ν)","ἀκούω"
43,09,35,"N","NSM","Ἰησοῦς","Ἰησοῦς","Ἰησοῦς","Ἰησοῦς"
43,09,35,"C",NULL,"ὅτι","ὅτι","ὅτι","ὅτι"
43,09,35,"V","3AAI-P","ἐξέβαλον","ἐξέβαλον","ἐξέβαλον","ἐκβάλλω"
43,09,35,"RP","ASM","αὐτὸν","αὐτὸν","αὐτόν","αὐτός"
43,09,35,"D",NULL,"ἔξω,","ἔξω","ἔξω","ἔξω"
43,09,35,"C",NULL,"καὶ","καὶ","καί","καί"
43,09,35,"V","AAPNSM","εὑρὼν","εὑρὼν","εὑρών","εὑρίσκω"
43,09,35,"RP","ASM","αὐτὸν","αὐτὸν","αὐτόν","αὐτός"
43,09,35,"V","3AAI-S","⸀εἶπεν·","εἶπεν","εἶπε(ν)","λέγω"
43,09,35,"RP","NS","Σὺ","Σὺ","σύ","σύ"
43,09,35,"V","2PAI-S","πιστεύεις","πιστεύεις","πιστεύεις","πιστεύω"
43,09,35,"P",NULL,"εἰς","εἰς","εἰς","εἰς"
43,09,35,"RA","ASM","τὸν","τὸν","τόν","ὁ"
43,09,35,"N","ASM","υἱὸν","υἱὸν","υἱόν","υἱός"
43,09,35,"RA","GSM","τοῦ","τοῦ","τοῦ","ὁ"
43,09,35,"N","GSM","⸀ἀνθρώπου;","ἀνθρώπου","ἀνθρώπου","ἄνθρωπος"
43,09,36,"V","3API-S","ἀπεκρίθη","ἀπεκρίθη","ἀπεκρίθη","ἀποκρίνομαι"
43,09,36,"RD","NSM","ἐκεῖνος","ἐκεῖνος","ἐκεῖνος","ἐκεῖνος"
43,09,36,"C",NULL,"καὶ","καὶ","καί","καί"
43,09,36,"V","3AAI-S","εἶπεν·","εἶπεν","εἶπε(ν)","λέγω"
43,09,36,"C",NULL,"Καὶ","Καὶ","καί","καί"
43,09,36,"RI","NSM","τίς","τίς","τίς","τίς"
43,09,36,"V","3PAI-S","ἐστιν,","ἐστιν","ἐστί(ν)","εἰμί"
43,09,36,"N","VSM","κύριε,","κύριε","κύριε","κύριος"
43,09,36,"C",NULL,"ἵνα","ἵνα","ἵνα","ἵνα"
43,09,36,"V","1AAS-S","πιστεύσω","πιστεύσω","πιστεύσω","πιστεύω"
43,09,36,"P",NULL,"εἰς","εἰς","εἰς","εἰς"
43,09,36,"RP","ASM","αὐτόν;","αὐτόν","αὐτόν","αὐτός"
43,09,37,"V","3AAI-S","⸀εἶπεν","εἶπεν","εἶπε(ν)","λέγω"
43,09,37,"RP","DSM","αὐτῷ","αὐτῷ","αὐτῷ","αὐτός"
43,09,37,"RA","NSM","ὁ","ὁ","ὁ","ὁ"
43,09,37,"N","NSM","Ἰησοῦς·","Ἰησοῦς","Ἰησοῦς","Ἰησοῦς"
43,09,37,"C",NULL,"Καὶ","Καὶ","καί","καί"
43,09,37,"V","2XAI-S","ἑώρακας","ἑώρακας","ἑώρακας","ὁράω"
43,09,37,"RP","ASM","αὐτὸν","αὐτὸν","αὐτόν","αὐτός"
43,09,37,"C",NULL,"καὶ","καὶ","καί","καί"
43,09,37,"RA","NSM","ὁ","ὁ","ὁ","ὁ"
43,09,37,"V","PAPNSM","λαλῶν","λαλῶν","λαλῶν","λαλέω"
43,09,37,"P",NULL,"μετὰ","μετὰ","μετά","μετά"
43,09,37,"RP","GS","σοῦ","σοῦ","σοῦ","σύ"
43,09,37,"RD","NSM","ἐκεῖνός","ἐκεῖνός","ἐκεῖνος","ἐκεῖνος"
43,09,37,"V","3PAI-S","ἐστιν.","ἐστιν","ἐστί(ν)","εἰμί"
43,09,38,"RA","NSM","ὁ","ὁ","ὁ","ὁ"
43,09,38,"C",NULL,"δὲ","δὲ","δέ","δέ"
43,09,38,"V","3IAI-S","ἔφη·","ἔφη","ἔφη","φημί"
43,09,38,"V","1PAI-S","Πιστεύω,","Πιστεύω","πιστεύω","πιστεύω"
43,09,38,"N","VSM","κύριε·","κύριε","κύριε","κύριος"
43,09,38,"C",NULL,"καὶ","καὶ","καί","καί"
43,09,38,"V","3AAI-S","προσεκύνησεν","προσεκύνησεν","προσεκύνησε(ν)","προσκυνέω"
43,09,38,"RP","DSM","αὐτῷ.","αὐτῷ","αὐτῷ","αὐτός"
43,09,39,"C",NULL,"καὶ","καὶ","καί","καί"
43,09,39,"V","3AAI-S","εἶπεν","εἶπεν","εἶπε(ν)","λέγω"
43,09,39,"RA","NSM","ὁ","ὁ","ὁ","ὁ"
43,09,39,"N","NSM","Ἰησοῦς·","Ἰησοῦς","Ἰησοῦς","Ἰησοῦς"
43,09,39,"P",NULL,"Εἰς","Εἰς","εἰς","εἰς"
43,09,39,"N","ASN","κρίμα","κρίμα","κρίμα","κρίμα"
43,09,39,"RP","NS","ἐγὼ","ἐγὼ","ἐγώ","ἐγώ"
43,09,39,"P",NULL,"εἰς","εἰς","εἰς","εἰς"
43,09,39,"RA","ASM","τὸν","τὸν","τόν","ὁ"
43,09,39,"N","ASM","κόσμον","κόσμον","κόσμον","κόσμος"
43,09,39,"RD","ASM","τοῦτον","τοῦτον","τοῦτον","οὗτος"
43,09,39,"V","1AAI-S","ἦλθον,","ἦλθον","ἦλθον","ἔρχομαι"
43,09,39,"C",NULL,"ἵνα","ἵνα","ἵνα","ἵνα"
43,09,39,"RA","NPM","οἱ","οἱ","οἱ","ὁ"
43,09,39,"D",NULL,"μὴ","μὴ","μή","μή"
43,09,39,"V","PAPNPM","βλέποντες","βλέποντες","βλέποντες","βλέπω"
43,09,39,"V","3PAS-P","βλέπωσιν","βλέπωσιν","βλέπωσι(ν)","βλέπω"
43,09,39,"C",NULL,"καὶ","καὶ","καί","καί"
43,09,39,"RA","NPM","οἱ","οἱ","οἱ","ὁ"
43,09,39,"V","PAPNPM","βλέποντες","βλέποντες","βλέποντες","βλέπω"
43,09,39,"A","NPM","τυφλοὶ","τυφλοὶ","τυφλοί","τυφλός"
43,09,39,"V","3AMS-P","γένωνται.","γένωνται","γένωνται","γίνομαι"
43,09,40,"V","3AAI-P","⸀ἤκουσαν","ἤκουσαν","ἤκουσαν","ἀκούω"
43,09,40,"P",NULL,"ἐκ","ἐκ","ἐκ","ἐκ"
43,09,40,"RA","GPM","τῶν","τῶν","τῶν","ὁ"
43,09,40,"N","GPM","Φαρισαίων","Φαρισαίων","Φαρισαίων","Φαρισαῖος"
43,09,40,"RD","APN","ταῦτα","ταῦτα","ταῦτα","οὗτος"
43,09,40,"RA","NPM","οἱ","οἱ","οἱ","ὁ"
43,09,40,"P",NULL,"⸂μετ’","μετ’","μετά","μετά"
43,09,40,"RP","GSM","αὐτοῦ","αὐτοῦ","αὐτοῦ","αὐτός"
43,09,40,"V","PAPNPM","ὄντες⸃,","ὄντες","ὄντες","εἰμί"
43,09,40,"C",NULL,"καὶ","καὶ","καί","καί"
43,09,40,"V","3AAI-P","εἶπον","εἶπον","εἶπον","λέγω"
43,09,40,"RP","DSM","αὐτῷ·","αὐτῷ","αὐτῷ","αὐτός"
43,09,40,"X",NULL,"Μὴ","Μὴ","μή","μή"
43,09,40,"D",NULL,"καὶ","καὶ","καί","καί"
43,09,40,"RP","NP","ἡμεῖς","ἡμεῖς","ἡμεῖς","ἐγώ"
43,09,40,"A","NPM","τυφλοί","τυφλοί","τυφλοί","τυφλός"
43,09,40,"V","1PAI-P","ἐσμεν;","ἐσμεν","ἐσμέν","εἰμί"
43,09,41,"V","3AAI-S","εἶπεν","εἶπεν","εἶπε(ν)","λέγω"
43,09,41,"RP","DPM","αὐτοῖς","αὐτοῖς","αὐτοῖς","αὐτός"
43,09,41,"RA","NSM","ὁ","ὁ","ὁ","ὁ"
43,09,41,"N","NSM","Ἰησοῦς·","Ἰησοῦς","Ἰησοῦς","Ἰησοῦς"
43,09,41,"C",NULL,"Εἰ","Εἰ","εἰ","εἰ"
43,09,41,"A","NPM","τυφλοὶ","τυφλοὶ","τυφλοί","τυφλός"
43,09,41,"V","2IAI-P","ἦτε,","ἦτε","ἦτε","εἰμί"
43,09,41,"D",NULL,"οὐκ","οὐκ","οὐ","οὐ"
43,09,41,"X",NULL,"ἂν","ἂν","ἄν","ἄν"
43,09,41,"V","2IAI-P","εἴχετε","εἴχετε","εἴχετε","ἔχω"
43,09,41,"N","ASF","ἁμαρτίαν·","ἁμαρτίαν","ἁμαρτίαν","ἁμαρτία"
43,09,41,"D",NULL,"νῦν","νῦν","νῦν","νῦν"
43,09,41,"C",NULL,"δὲ","δὲ","δέ","δέ"
43,09,41,"V","2PAI-P","λέγετε","λέγετε","λέγετε","λέγω"
43,09,41,"C",NULL,"ὅτι","ὅτι","ὅτι","ὅτι"
43,09,41,"V","1PAI-P","Βλέπομεν·","Βλέπομεν","βλέπομεν","βλέπω"
43,09,41,"RA","NSF","⸀ἡ","ἡ","ἡ","ὁ"
43,09,41,"N","NSF","ἁμαρτία","ἁμαρτία","ἁμαρτία","ἁμαρτία"
43,09,41,"RP","GP","ὑμῶν","ὑμῶν","ὑμῶν","σύ"
43,09,41,"V","3PAI-S","μένει.","μένει","μένει","μένω"
43,10,01,"X",NULL,"Ἀμὴν","Ἀμὴν","ἀμήν","ἀμήν"
43,10,01,"X",NULL,"ἀμὴν","ἀμὴν","ἀμήν","ἀμήν"
43,10,01,"V","1PAI-S","λέγω","λέγω","λέγω","λέγω"
43,10,01,"RP","DP","ὑμῖν,","ὑμῖν","ὑμῖν","σύ"
43,10,01,"RA","NSM","ὁ","ὁ","ὁ","ὁ"
43,10,01,"D",NULL,"μὴ","μὴ","μή","μή"
43,10,01,"V","PMPNSM","εἰσερχόμενος","εἰσερχόμενος","εἰσερχόμενος","εἰσέρχομαι"
43,10,01,"P",NULL,"διὰ","διὰ","διά","διά"
43,10,01,"RA","GSF","τῆς","τῆς","τῆς","ὁ"
43,10,01,"N","GSF","θύρας","θύρας","θύρας","θύρα"
43,10,01,"P",NULL,"εἰς","εἰς","εἰς","εἰς"
43,10,01,"RA","ASF","τὴν","τὴν","τήν","ὁ"
43,10,01,"N","ASF","αὐλὴν","αὐλὴν","αὐλήν","αὐλή"
43,10,01,"RA","GPN","τῶν","τῶν","τῶν","ὁ"
43,10,01,"N","GPN","προβάτων","προβάτων","προβάτων","πρόβατον"
43,10,01,"C",NULL,"ἀλλὰ","ἀλλὰ","ἀλλά","ἀλλά"
43,10,01,"V","PAPNSM","ἀναβαίνων","ἀναβαίνων","ἀναβαίνων","ἀναβαίνω"
43,10,01,"D",NULL,"ἀλλαχόθεν","ἀλλαχόθεν","ἀλλαχόθεν","ἀλλαχόθεν"
43,10,01,"RD","NSM","ἐκεῖνος","ἐκεῖνος","ἐκεῖνος","ἐκεῖνος"
43,10,01,"N","NSM","κλέπτης","κλέπτης","κλέπτης","κλέπτης"
43,10,01,"V","3PAI-S","ἐστὶν","ἐστὶν","ἐστί(ν)","εἰμί"
43,10,01,"C",NULL,"καὶ","καὶ","καί","καί"
43,10,01,"N","NSM","λῃστής·","λῃστής","λῃστής","λῃστής"
43,10,02,"RA","NSM","ὁ","ὁ","ὁ","ὁ"
43,10,02,"C",NULL,"δὲ","δὲ","δέ","δέ"
43,10,02,"V","PMPNSM","εἰσερχόμενος","εἰσερχόμενος","εἰσερχόμενος","εἰσέρχομαι"
43,10,02,"P",NULL,"διὰ","διὰ","διά","διά"
43,10,02,"RA","GSF","τῆς","τῆς","τῆς","ὁ"
43,10,02,"N","GSF","θύρας","θύρας","θύρας","θύρα"
43,10,02,"N","NSM","ποιμήν","ποιμήν","ποιμήν","ποιμήν"
43,10,02,"V","3PAI-S","ἐστιν","ἐστιν","ἐστί(ν)","εἰμί"
43,10,02,"RA","GPN","τῶν","τῶν","τῶν","ὁ"
43,10,02,"N","GPN","προβάτων.","προβάτων","προβάτων","πρόβατον"
43,10,03,"RD","DSM","τούτῳ","τούτῳ","τούτῳ","οὗτος"
43,10,03,"RA","NSM","ὁ","ὁ","ὁ","ὁ"
43,10,03,"N","NSM","θυρωρὸς","θυρωρὸς","θυρωρός","θυρωρός"
43,10,03,"V","3PAI-S","ἀνοίγει,","ἀνοίγει","ἀνοίγει","ἀνοίγω"
43,10,03,"C",NULL,"καὶ","καὶ","καί","καί"
43,10,03,"RA","NPN","τὰ","τὰ","τά","ὁ"
43,10,03,"N","NPN","πρόβατα","πρόβατα","πρόβατα","πρόβατον"
43,10,03,"RA","GSF","τῆς","τῆς","τῆς","ὁ"
43,10,03,"N","GSF","φωνῆς","φωνῆς","φωνῆς","φωνή"
43,10,03,"RP","GSM","αὐτοῦ","αὐτοῦ","αὐτοῦ","αὐτός"
43,10,03,"V","3PAI-S","ἀκούει","ἀκούει","ἀκούει","ἀκούω"
43,10,03,"C",NULL,"καὶ","καὶ","καί","καί"
43,10,03,"RA","APN","τὰ","τὰ","τά","ὁ"
43,10,03,"A","APN","ἴδια","ἴδια","ἴδια","ἴδιος"
43,10,03,"N","APN","πρόβατα","πρόβατα","πρόβατα","πρόβατον"
43,10,03,"V","3PAI-S","⸀φωνεῖ","φωνεῖ","φωνεῖ","φωνέω"
43,10,03,"P",NULL,"κατ’","κατ’","κατά","κατά"
43,10,03,"N","ASN","ὄνομα","ὄνομα","ὄνομα","ὄνομα"
43,10,03,"C",NULL,"καὶ","καὶ","καί","καί"
43,10,03,"V","3PAI-S","ἐξάγει","ἐξάγει","ἐξάγει","ἐξάγω"
43,10,03,"RP","APN","αὐτά.","αὐτά","αὐτά","αὐτός"
43,10,04,"C",NULL,"⸀ὅταν","ὅταν","ὅταν","ὅταν"
43,10,04,"RA","APN","τὰ","τὰ","τά","ὁ"
43,10,04,"A","APN","ἴδια","ἴδια","ἴδια","ἴδιος"
43,10,04,"A","APN","⸀πάντα","πάντα","πάντα","πᾶς"
43,10,04,"V","3AAS-S","ἐκβάλῃ,","ἐκβάλῃ","ἐκβάλῃ","ἐκβάλλω"
43,10,04,"P",NULL,"ἔμπροσθεν","ἔμπροσθεν","ἔμπροσθεν","ἔμπροσθεν"
43,10,04,"RP","GPN","αὐτῶν","αὐτῶν","αὐτῶν","αὐτός"
43,10,04,"V","3PMI-S","πορεύεται,","πορεύεται","πορεύεται","πορεύομαι"
43,10,04,"C",NULL,"καὶ","καὶ","καί","καί"
43,10,04,"RA","NPN","τὰ","τὰ","τά","ὁ"
43,10,04,"N","NPN","πρόβατα","πρόβατα","πρόβατα","πρόβατον"
43,10,04,"RP","DSM","αὐτῷ","αὐτῷ","αὐτῷ","αὐτός"
43,10,04,"V","3PAI-S","ἀκολουθεῖ,","ἀκολουθεῖ","ἀκολουθεῖ","ἀκολουθέω"
43,10,04,"C",NULL,"ὅτι","ὅτι","ὅτι","ὅτι"
43,10,04,"V","3XAI-P","οἴδασιν","οἴδασιν","οἴδασι(ν)","οἶδα"
43,10,04,"RA","ASF","τὴν","τὴν","τήν","ὁ"
43,10,04,"N","ASF","φωνὴν","φωνὴν","φωνήν","φωνή"
43,10,04,"RP","GSM","αὐτοῦ·","αὐτοῦ","αὐτοῦ","αὐτός"
43,10,05,"A","DSM","ἀλλοτρίῳ","ἀλλοτρίῳ","ἀλλοτρίῳ","ἀλλότριος"
43,10,05,"C",NULL,"δὲ","δὲ","δέ","δέ"
43,10,05,"D",NULL,"οὐ","οὐ","οὐ","οὐ"
43,10,05,"D",NULL,"μὴ","μὴ","μή","μή"
43,10,05,"V","3FAI-P","⸀ἀκολουθήσουσιν","ἀκολουθήσουσιν","ἀκολουθήσουσι(ν)","ἀκολουθέω"
43,10,05,"C",NULL,"ἀλλὰ","ἀλλὰ","ἀλλά","ἀλλά"
43,10,05,"V","3FMI-P","φεύξονται","φεύξονται","φεύξονται","φεύγω"
43,10,05,"P",NULL,"ἀπ’","ἀπ’","ἀπό","ἀπό"
43,10,05,"RP","GSM","αὐτοῦ,","αὐτοῦ","αὐτοῦ","αὐτός"
43,10,05,"C",NULL,"ὅτι","ὅτι","ὅτι","ὅτι"
43,10,05,"D",NULL,"οὐκ","οὐκ","οὐ","οὐ"
43,10,05,"V","3XAI-P","οἴδασι","οἴδασι","οἴδασι(ν)","οἶδα"
43,10,05,"RA","GPM","τῶν","τῶν","τῶν","ὁ"
43,10,05,"A","GPM","ἀλλοτρίων","ἀλλοτρίων","ἀλλοτρίων","ἀλλότριος"
43,10,05,"RA","ASF","τὴν","τὴν","τήν","ὁ"
43,10,05,"N","ASF","φωνήν.","φωνήν","φωνήν","φωνή"
43,10,06,"RD","ASF","ταύτην","ταύτην","ταύτην","οὗτος"
43,10,06,"RA","ASF","τὴν","τὴν","τήν","ὁ"
43,10,06,"N","ASF","παροιμίαν","παροιμίαν","παροιμίαν","παροιμία"
43,10,06,"V","3AAI-S","εἶπεν","εἶπεν","εἶπε(ν)","λέγω"
43,10,06,"RP","DPM","αὐτοῖς","αὐτοῖς","αὐτοῖς","αὐτός"
43,10,06,"RA","NSM","ὁ","ὁ","ὁ","ὁ"
43,10,06,"N","NSM","Ἰησοῦς·","Ἰησοῦς","Ἰησοῦς","Ἰησοῦς"
43,10,06,"RD","NPM","ἐκεῖνοι","ἐκεῖνοι","ἐκεῖνοι","ἐκεῖνος"
43,10,06,"C",NULL,"δὲ","δὲ","δέ","δέ"
43,10,06,"D",NULL,"οὐκ","οὐκ","οὐ","οὐ"
43,10,06,"V","3AAI-P","ἔγνωσαν","ἔγνωσαν","ἔγνωσαν","γινώσκω"
43,10,06,"RI","NPN","τίνα","τίνα","τίνα","τίς"
43,10,06,"V","3IAI-S","⸀ἦν","ἦν","ἦν","εἰμί"
43,10,06,"RR","APN","ἃ","ἃ","ἅ","ὅς"
43,10,06,"V","3IAI-S","ἐλάλει","ἐλάλει","ἐλάλει","λαλέω"
43,10,06,"RP","DPM","αὐτοῖς.","αὐτοῖς","αὐτοῖς","αὐτός"
43,10,07,"V","3AAI-S","Εἶπεν","Εἶπεν","εἶπε(ν)","λέγω"
43,10,07,"C",NULL,"οὖν","οὖν","οὖν","οὖν"
43,10,07,"D",NULL,"πάλιν","πάλιν","πάλιν","πάλιν"
43,10,07,"RP","DPM","⸀αὐτοῖς","αὐτοῖς","αὐτοῖς","αὐτός"
43,10,07,"RA","NSM","ὁ","ὁ","ὁ","ὁ"
43,10,07,"N","NSM","Ἰησοῦς·","Ἰησοῦς","Ἰησοῦς","Ἰησοῦς"
43,10,07,"X",NULL,"Ἀμὴν","Ἀμὴν","ἀμήν","ἀμήν"
43,10,07,"X",NULL,"ἀμὴν","ἀμὴν","ἀμήν","ἀμήν"
43,10,07,"V","1PAI-S","λέγω","λέγω","λέγω","λέγω"
43,10,07,"RP","DP","ὑμῖν","ὑμῖν","ὑμῖν","σύ"
43,10,07,"C",NULL,"⸀ὅτι","ὅτι","ὅτι","ὅτι"
43,10,07,"RP","NS","ἐγώ","ἐγώ","ἐγώ","ἐγώ"
43,10,07,"V","1PAI-S","εἰμι","εἰμι","εἰμί","εἰμί"
43,10,07,"RA","NSF","ἡ","ἡ","ἡ","ὁ"
43,10,07,"N","NSF","θύρα","θύρα","θύρα","θύρα"
43,10,07,"RA","GPN","τῶν","τῶν","τῶν","ὁ"
43,10,07,"N","GPN","προβάτων.","προβάτων","προβάτων","πρόβατον"
43,10,08,"A","NPM","πάντες","πάντες","πάντες","πᾶς"
43,10,08,"RR","NPM","ὅσοι","ὅσοι","ὅσοι","ὅσος"
43,10,08,"V","3AAI-P","ἦλθον","ἦλθον","ἦλθον","ἔρχομαι"
43,10,08,"P",NULL,"⸂πρὸ","πρὸ","πρό","πρό"
43,10,08,"RP","GS","ἐμοῦ⸃","ἐμοῦ","ἐμοῦ","ἐγώ"
43,10,08,"N","NPM","κλέπται","κλέπται","κλέπται","κλέπτης"
43,10,08,"V","3PAI-P","εἰσὶν","εἰσὶν","εἰσί(ν)","εἰμί"
43,10,08,"C",NULL,"καὶ","καὶ","καί","καί"
43,10,08,"N","NPM","λῃσταί·","λῃσταί","λῃσταί","λῃστής"
43,10,08,"C",NULL,"ἀλλ’","ἀλλ’","ἀλλά","ἀλλά"
43,10,08,"D",NULL,"οὐκ","οὐκ","οὐ","οὐ"
43,10,08,"V","3AAI-P","ἤκουσαν","ἤκουσαν","ἤκουσαν","ἀκούω"
43,10,08,"RP","GPM","αὐτῶν","αὐτῶν","αὐτῶν","αὐτός"
43,10,08,"RA","NPN","τὰ","τὰ","τά","ὁ"
43,10,08,"N","NPN","πρόβατα.","πρόβατα","πρόβατα","πρόβατον"
43,10,09,"RP","NS","ἐγώ","ἐγώ","ἐγώ","ἐγώ"
43,10,09,"V","1PAI-S","εἰμι","εἰμι","εἰμί","εἰμί"
43,10,09,"RA","NSF","ἡ","ἡ","ἡ","ὁ"
43,10,09,"N","NSF","θύρα·","θύρα","θύρα","θύρα"
43,10,09,"P",NULL,"δι’","δι’","διά","διά"
43,10,09,"RP","GS","ἐμοῦ","ἐμοῦ","ἐμοῦ","ἐγώ"
43,10,09,"C",NULL,"ἐάν","ἐάν","ἐάν","ἐάν"
43,10,09,"RI","NSM","τις","τις","τὶς","τις"
43,10,09,"V","3AAS-S","εἰσέλθῃ","εἰσέλθῃ","εἰσέλθῃ","εἰσέρχομαι"
43,10,09,"V","3FPI-S","σωθήσεται","σωθήσεται","σωθήσεται","σῴζω"
43,10,09,"C",NULL,"καὶ","καὶ","καί","καί"
43,10,09,"V","3FMI-S","εἰσελεύσεται","εἰσελεύσεται","εἰσελεύσεται","εἰσέρχομαι"
43,10,09,"C",NULL,"καὶ","καὶ","καί","καί"
43,10,09,"V","3FMI-S","ἐξελεύσεται","ἐξελεύσεται","ἐξελεύσεται","ἐξέρχομαι"
43,10,09,"C",NULL,"καὶ","καὶ","καί","καί"
43,10,09,"N","ASF","νομὴν","νομὴν","νομήν","νομή"
43,10,09,"V","3FAI-S","εὑρήσει.","εὑρήσει","εὑρήσει","εὑρίσκω"
43,10,10,"RA","NSM","ὁ","ὁ","ὁ","ὁ"
43,10,10,"N","NSM","κλέπτης","κλέπτης","κλέπτης","κλέπτης"
43,10,10,"D",NULL,"οὐκ","οὐκ","οὐ","οὐ"
43,10,10,"V","3PMI-S","ἔρχεται","ἔρχεται","ἔρχεται","ἔρχομαι"
43,10,10,"C",NULL,"εἰ","εἰ","εἰ","εἰ"
43,10,10,"D",NULL,"μὴ","μὴ","μή","μή"
43,10,10,"C",NULL,"ἵνα","ἵνα","ἵνα","ἵνα"
43,10,10,"V","3AAS-S","κλέψῃ","κλέψῃ","κλέψῃ","κλέπτω"
43,10,10,"C",NULL,"καὶ","καὶ","καί","καί"
43,10,10,"V","3AAS-S","θύσῃ","θύσῃ","θύσῃ","θύω"
43,10,10,"C",NULL,"καὶ","καὶ","καί","καί"
43,10,10,"V","3AAS-S","ἀπολέσῃ·","ἀπολέσῃ","ἀπολέσῃ","ἀπόλλυμι"
43,10,10,"RP","NS","ἐγὼ","ἐγὼ","ἐγώ","ἐγώ"
43,10,10,"V","1AAI-S","ἦλθον","ἦλθον","ἦλθον","ἔρχομαι"
43,10,10,"C",NULL,"ἵνα","ἵνα","ἵνα","ἵνα"
43,10,10,"N","ASF","ζωὴν","ζωὴν","ζωήν","ζωή"
43,10,10,"V","3PAS-P","ἔχωσιν","ἔχωσιν","ἔχωσι(ν)","ἔχω"
43,10,10,"C",NULL,"καὶ","καὶ","καί","καί"
43,10,10,"A","ASN","περισσὸν","περισσὸν","περισσόν","περισσός"
43,10,10,"V","3PAS-P","ἔχωσιν.","ἔχωσιν","ἔχωσι(ν)","ἔχω"
43,10,11,"RP","NS","Ἐγώ","Ἐγώ","ἐγώ","ἐγώ"
43,10,11,"V","1PAI-S","εἰμι","εἰμι","εἰμί","εἰμί"
43,10,11,"RA","NSM","ὁ","ὁ","ὁ","ὁ"
43,10,11,"N","NSM","ποιμὴν","ποιμὴν","ποιμήν","ποιμήν"
43,10,11,"RA","NSM","ὁ","ὁ","ὁ","ὁ"
43,10,11,"A","NSM","καλός·","καλός","καλός","καλός"
43,10,11,"RA","NSM","ὁ","ὁ","ὁ","ὁ"
43,10,11,"N","NSM","ποιμὴν","ποιμὴν","ποιμήν","ποιμήν"
43,10,11,"RA","NSM","ὁ","ὁ","ὁ","ὁ"
43,10,11,"A","NSM","καλὸς","καλὸς","καλός","καλός"
43,10,11,"RA","ASF","τὴν","τὴν","τήν","ὁ"
43,10,11,"N","ASF","ψυχὴν","ψυχὴν","ψυχήν","ψυχή"
43,10,11,"RP","GSM","αὐτοῦ","αὐτοῦ","αὐτοῦ","αὐτός"
43,10,11,"V","3PAI-S","τίθησιν","τίθησιν","τίθησι(ν)","τίθημι"
43,10,11,"P",NULL,"ὑπὲρ","ὑπὲρ","ὑπέρ","ὑπέρ"
43,10,11,"RA","GPN","τῶν","τῶν","τῶν","ὁ"
43,10,11,"N","GPN","προβάτων·","προβάτων","προβάτων","πρόβατον"
43,10,12,"RA","NSM","ὁ","ὁ","ὁ","ὁ"
43,10,12,"A","NSM","⸀μισθωτὸς","μισθωτὸς","μισθωτός","μισθωτός"
43,10,12,"C",NULL,"καὶ","καὶ","καί","καί"
43,10,12,"D",NULL,"οὐκ","οὐκ","οὐ","οὐ"
43,10,12,"V","PAPNSM","ὢν","ὢν","ὤν","εἰμί"
43,10,12,"N","NSM","ποιμήν,","ποιμήν","ποιμήν","ποιμήν"
43,10,12,"RR","GSM","οὗ","οὗ","οὗ","ὅς"
43,10,12,"D",NULL,"οὐκ","οὐκ","οὐ","οὐ"
43,10,12,"V","3PAI-S","⸀ἔστιν","ἔστιν","ἐστί(ν)","εἰμί"
43,10,12,"RA","NPN","τὰ","τὰ","τά","ὁ"
43,10,12,"N","NPN","πρόβατα","πρόβατα","πρόβατα","πρόβατον"
43,10,12,"A","NPN","ἴδια,","ἴδια","ἴδια","ἴδιος"
43,10,12,"V","3PAI-S","θεωρεῖ","θεωρεῖ","θεωρεῖ","θεωρέω"
43,10,12,"RA","ASM","τὸν","τὸν","τόν","ὁ"
43,10,12,"N","ASM","λύκον","λύκον","λύκον","λύκος"
43,10,12,"V","PMPASM","ἐρχόμενον","ἐρχόμενον","ἐρχόμενον","ἔρχομαι"
43,10,12,"C",NULL,"καὶ","καὶ","καί","καί"
43,10,12,"V","3PAI-S","ἀφίησιν","ἀφίησιν","ἀφίησι(ν)","ἀφίημι"
43,10,12,"RA","APN","τὰ","τὰ","τά","ὁ"
43,10,12,"N","APN","πρόβατα","πρόβατα","πρόβατα","πρόβατον"
43,10,12,"C",NULL,"καὶ","καὶ","καί","καί"
43,10,12,"V","3PAI-S","φεύγει—","φεύγει","φεύγει","φεύγω"
43,10,12,"C",NULL,"καὶ","καὶ","καί","καί"
43,10,12,"RA","NSM","ὁ","ὁ","ὁ","ὁ"
43,10,12,"N","NSM","λύκος","λύκος","λύκος","λύκος"
43,10,12,"V","3PAI-S","ἁρπάζει","ἁρπάζει","ἁρπάζει","ἁρπάζω"
43,10,12,"RP","APN","αὐτὰ","αὐτὰ","αὐτά","αὐτός"
43,10,12,"C",NULL,"καὶ","καὶ","καί","καί"
43,10,12,"V","3PAI-S","⸀σκορπίζει—","σκορπίζει","σκορπίζει","σκορπίζω"
43,10,13,"C",NULL,"⸀ὅτι","ὅτι","ὅτι","ὅτι"
43,10,13,"A","NSM","μισθωτός","μισθωτός","μισθωτός","μισθωτός"
43,10,13,"V","3PAI-S","ἐστιν","ἐστιν","ἐστί(ν)","εἰμί"
43,10,13,"C",NULL,"καὶ","καὶ","καί","καί"
43,10,13,"D",NULL,"οὐ","οὐ","οὐ","οὐ"
43,10,13,"V","3PAI-S","μέλει","μέλει","μέλει","μέλει"
43,10,13,"RP","DSM","αὐτῷ","αὐτῷ","αὐτῷ","αὐτός"
43,10,13,"P",NULL,"περὶ","περὶ","περί","περί"
43,10,13,"RA","GPN","τῶν","τῶν","τῶν","ὁ"
43,10,13,"N","GPN","προβάτων.","προβάτων","προβάτων","πρόβατον"
43,10,14,"RP","NS","ἐγώ","ἐγώ","ἐγώ","ἐγώ"
43,10,14,"V","1PAI-S","εἰμι","εἰμι","εἰμί","εἰμί"
43,10,14,"RA","NSM","ὁ","ὁ","ὁ","ὁ"
43,10,14,"N","NSM","ποιμὴν","ποιμὴν","ποιμήν","ποιμήν"
43,10,14,"RA","NSM","ὁ","ὁ","ὁ","ὁ"
43,10,14,"A","NSM","καλός,","καλός","καλός","καλός"
43,10,14,"C",NULL,"καὶ","καὶ","καί","καί"
43,10,14,"V","1PAI-S","γινώσκω","γινώσκω","γινώσκω","γινώσκω"
43,10,14,"RA","APN","τὰ","τὰ","τά","ὁ"
43,10,14,"A","APN","ἐμὰ","ἐμὰ","ἐμά","ἐμός"
43,10,14,"C",NULL,"καὶ","καὶ","καί","καί"
43,10,14,"V","3PAI-P","⸂γινώσκουσί","γινώσκουσί","γινώσκουσι(ν)","γινώσκω"
43,10,14,"RP","AS","με","με","με","ἐγώ"
43,10,14,"RA","NPN","τὰ","τὰ","τά","ὁ"
43,10,14,"A","NPN","ἐμά⸃,","ἐμά","ἐμά","ἐμός"
43,10,15,"C",NULL,"καθὼς","καθὼς","καθώς","καθώς"
43,10,15,"V","3PAI-S","γινώσκει","γινώσκει","γινώσκει","γινώσκω"
43,10,15,"RP","AS","με","με","με","ἐγώ"
43,10,15,"RA","NSM","ὁ","ὁ","ὁ","ὁ"
43,10,15,"N","NSM","πατὴρ","πατὴρ","πατήρ","πατήρ"
43,10,15,"RP","NS","κἀγὼ","κἀγὼ","κἀγώ","κἀγώ"
43,10,15,"V","1PAI-S","γινώσκω","γινώσκω","γινώσκω","γινώσκω"
43,10,15,"RA","ASM","τὸν","τὸν","τόν","ὁ"
43,10,15,"N","ASM","πατέρα,","πατέρα","πατέρα","πατήρ"
43,10,15,"C",NULL,"καὶ","καὶ","καί","καί"
43,10,15,"RA","ASF","τὴν","τὴν","τήν","ὁ"
43,10,15,"N","ASF","ψυχήν","ψυχήν","ψυχήν","ψυχή"
43,10,15,"RP","GS","μου","μου","μου","ἐγώ"
43,10,15,"V","1PAI-S","τίθημι","τίθημι","τίθημι","τίθημι"
43,10,15,"P",NULL,"ὑπὲρ","ὑπὲρ","ὑπέρ","ὑπέρ"
43,10,15,"RA","GPN","τῶν","τῶν","τῶν","ὁ"
43,10,15,"N","GPN","προβάτων.","προβάτων","προβάτων","πρόβατον"
43,10,16,"C",NULL,"καὶ","καὶ","καί","καί"
43,10,16,"A","APN","ἄλλα","ἄλλα","ἄλλα","ἄλλος"
43,10,16,"N","APN","πρόβατα","πρόβατα","πρόβατα","πρόβατον"
43,10,16,"V","1PAI-S","ἔχω","ἔχω","ἔχω","ἔχω"
43,10,16,"RR","NPN","ἃ","ἃ","ἅ","ὅς"
43,10,16,"D",NULL,"οὐκ","οὐκ","οὐ","οὐ"
43,10,16,"V","3PAI-S","ἔστιν","ἔστιν","ἐστί(ν)","εἰμί"
43,10,16,"P",NULL,"ἐκ","ἐκ","ἐκ","ἐκ"
43,10,16,"RA","GSF","τῆς","τῆς","τῆς","ὁ"
43,10,16,"N","GSF","αὐλῆς","αὐλῆς","αὐλῆς","αὐλή"
43,10,16,"RD","GSF","ταύτης·","ταύτης","ταύτης","οὗτος"
43,10,16,"RD","APN","κἀκεῖνα","κἀκεῖνα","κἀκεῖνα","κἀκεῖνος"
43,10,16,"V","3PAI-S","⸂δεῖ","δεῖ","δεῖ","δέω"
43,10,16,"RP","AS","με⸃","με","με","ἐγώ"
43,10,16,"V","AAN","ἀγαγεῖν,","ἀγαγεῖν","ἀγαγεῖν","ἄγω"
43,10,16,"C",NULL,"καὶ","καὶ","καί","καί"
43,10,16,"RA","GSF","τῆς","τῆς","τῆς","ὁ"
43,10,16,"N","GSF","φωνῆς","φωνῆς","φωνῆς","φωνή"
43,10,16,"RP","GS","μου","μου","μου","ἐγώ"
43,10,16,"V","3FAI-P","ἀκούσουσιν,","ἀκούσουσιν","ἀκούσουσι(ν)","ἀκούω"
43,10,16,"C",NULL,"καὶ","καὶ","καί","καί"
43,10,16,"V","3FMI-P","⸀γενήσονται","γενήσονται","γενήσονται","γίνομαι"
43,10,16,"A","NSF","μία","μία","μία","εἷς"
43,10,16,"N","NSF","ποίμνη,","ποίμνη","ποίμνη","ποίμνη"
43,10,16,"A","NSM","εἷς","εἷς","εἷς","εἷς"
43,10,16,"N","NSM","ποιμήν.","ποιμήν","ποιμήν","ποιμήν"
43,10,17,"P",NULL,"διὰ","διὰ","διά","διά"
43,10,17,"RD","ASN","τοῦτό","τοῦτό","τοῦτο","οὗτος"
43,10,17,"RP","AS","⸂με","με","με","ἐγώ"
43,10,17,"RA","NSM","ὁ","ὁ","ὁ","ὁ"
43,10,17,"N","NSM","πατὴρ⸃","πατὴρ","πατήρ","πατήρ"
43,10,17,"V","3PAI-S","ἀγαπᾷ","ἀγαπᾷ","ἀγαπᾷ","ἀγαπάω"
43,10,17,"C",NULL,"ὅτι","ὅτι","ὅτι","ὅτι"
43,10,17,"RP","NS","ἐγὼ","ἐγὼ","ἐγώ","ἐγώ"
43,10,17,"V","1PAI-S","τίθημι","τίθημι","τίθημι","τίθημι"
43,10,17,"RA","ASF","τὴν","τὴν","τήν","ὁ"
43,10,17,"N","ASF","ψυχήν","ψυχήν","ψυχήν","ψυχή"
43,10,17,"RP","GS","μου,","μου","μου","ἐγώ"
43,10,17,"C",NULL,"ἵνα","ἵνα","ἵνα","ἵνα"
43,10,17,"D",NULL,"πάλιν","πάλιν","πάλιν","πάλιν"
43,10,17,"V","1AAS-S","λάβω","λάβω","λάβω","λαμβάνω"
43,10,17,"RP","ASF","αὐτήν.","αὐτήν","αὐτήν","αὐτός"
43,10,18,"A","NSM","οὐδεὶς","οὐδεὶς","οὐδείς","οὐδείς"
43,10,18,"V","3PAI-S","⸀αἴρει","αἴρει","αἴρει","αἴρω"
43,10,18,"RP","ASF","αὐτὴν","αὐτὴν","αὐτήν","αὐτός"
43,10,18,"P",NULL,"ἀπ’","ἀπ’","ἀπό","ἀπό"
43,10,18,"RP","GS","ἐμοῦ,","ἐμοῦ","ἐμοῦ","ἐγώ"
43,10,18,"C",NULL,"ἀλλ’","ἀλλ’","ἀλλά","ἀλλά"
43,10,18,"RP","NS","ἐγὼ","ἐγὼ","ἐγώ","ἐγώ"
43,10,18,"V","1PAI-S","τίθημι","τίθημι","τίθημι","τίθημι"
43,10,18,"RP","ASF","αὐτὴν","αὐτὴν","αὐτήν","αὐτός"
43,10,18,"P",NULL,"ἀπ’","ἀπ’","ἀπό","ἀπό"
43,10,18,"RP","GSM","ἐμαυτοῦ.","ἐμαυτοῦ","ἐμαυτοῦ","ἐμαυτοῦ"
43,10,18,"N","ASF","ἐξουσίαν","ἐξουσίαν","ἐξουσίαν","ἐξουσία"
43,10,18,"V","1PAI-S","ἔχω","ἔχω","ἔχω","ἔχω"
43,10,18,"V","AAN","θεῖναι","θεῖναι","θεῖναι","τίθημι"
43,10,18,"RP","ASF","αὐτήν,","αὐτήν","αὐτήν","αὐτός"
43,10,18,"C",NULL,"καὶ","καὶ","καί","καί"
43,10,18,"N","ASF","ἐξουσίαν","ἐξουσίαν","ἐξουσίαν","ἐξουσία"
43,10,18,"V","1PAI-S","ἔχω","ἔχω","ἔχω","ἔχω"
43,10,18,"D",NULL,"πάλιν","πάλιν","πάλιν","πάλιν"
43,10,18,"V","AAN","λαβεῖν","λαβεῖν","λαβεῖν","λαμβάνω"
43,10,18,"RP","ASF","αὐτήν·","αὐτήν","αὐτήν","αὐτός"
43,10,18,"RD","ASF","ταύτην","ταύτην","ταύτην","οὗτος"
43,10,18,"RA","ASF","τὴν","τὴν","τήν","ὁ"
43,10,18,"N","ASF","ἐντολὴν","ἐντολὴν","ἐντολήν","ἐντολή"
43,10,18,"V","1AAI-S","ἔλαβον","ἔλαβον","ἔλαβον","λαμβάνω"
43,10,18,"P",NULL,"παρὰ","παρὰ","παρά","παρά"
43,10,18,"RA","GSM","τοῦ","τοῦ","τοῦ","ὁ"
43,10,18,"N","GSM","πατρός","πατρός","πατρός","πατήρ"
43,10,18,"RP","GS","μου.","μου","μου","ἐγώ"
43,10,19,"N","NSN","⸀Σχίσμα","Σχίσμα","σχίσμα","σχίσμα"
43,10,19,"D",NULL,"πάλιν","πάλιν","πάλιν","πάλιν"
43,10,19,"V","3AMI-S","ἐγένετο","ἐγένετο","ἐγένετο","γίνομαι"
43,10,19,"P",NULL,"ἐν","ἐν","ἐν","ἐν"
43,10,19,"RA","DPM","τοῖς","τοῖς","τοῖς","ὁ"
43,10,19,"A","DPM","Ἰουδαίοις","Ἰουδαίοις","Ἰουδαίοις","Ἰουδαῖος"
43,10,19,"P",NULL,"διὰ","διὰ","διά","διά"
43,10,19,"RA","APM","τοὺς","τοὺς","τούς","ὁ"
43,10,19,"N","APM","λόγους","λόγους","λόγους","λόγος"
43,10,19,"RD","APM","τούτους.","τούτους","τούτους","οὗτος"
43,10,20,"V","3IAI-P","ἔλεγον","ἔλεγον","ἔλεγον","λέγω"
43,10,20,"C",NULL,"δὲ","δὲ","δέ","δέ"
43,10,20,"A","NPM","πολλοὶ","πολλοὶ","πολλοί","πολύς"
43,10,20,"P",NULL,"ἐξ","ἐξ","ἐκ","ἐκ"
43,10,20,"RP","GPM","αὐτῶν·","αὐτῶν","αὐτῶν","αὐτός"
43,10,20,"N","ASN","Δαιμόνιον","Δαιμόνιον","δαιμόνιον","δαιμόνιον"
43,10,20,"V","3PAI-S","ἔχει","ἔχει","ἔχει","ἔχω"
43,10,20,"C",NULL,"καὶ","καὶ","καί","καί"
43,10,20,"V","3PMI-S","μαίνεται·","μαίνεται","μαίνεται","μαίνομαι"
43,10,20,"RI","ASN","τί","τί","τί","τίς"
43,10,20,"RP","GSM","αὐτοῦ","αὐτοῦ","αὐτοῦ","αὐτός"
43,10,20,"V","2PAI-P","ἀκούετε;","ἀκούετε","ἀκούετε","ἀκούω"
43,10,21,"A","NPM","⸀ἄλλοι","ἄλλοι","ἄλλοι","ἄλλος"
43,10,21,"V","3IAI-P","ἔλεγον·","ἔλεγον","ἔλεγον","λέγω"
43,10,21,"RD","NPN","Ταῦτα","Ταῦτα","ταῦτα","οὗτος"
43,10,21,"RA","NPN","τὰ","τὰ","τά","ὁ"
43,10,21,"N","NPN","ῥήματα","ῥήματα","ῥήματα","ῥῆμα"
43,10,21,"D",NULL,"οὐκ","οὐκ","οὐ","οὐ"
43,10,21,"V","3PAI-S","ἔστιν","ἔστιν","ἐστί(ν)","εἰμί"
43,10,21,"V","PMPGSM","δαιμονιζομένου·","δαιμονιζομένου","δαιμονιζομένου","δαιμονίζομαι"
43,10,21,"X",NULL,"μὴ","μὴ","μή","μή"
43,10,21,"N","NSN","δαιμόνιον","δαιμόνιον","δαιμόνιον","δαιμόνιον"
43,10,21,"V","3PMI-S","δύναται","δύναται","δύναται","δύναμαι"
43,10,21,"A","GPM","τυφλῶν","τυφλῶν","τυφλῶν","τυφλός"
43,10,21,"N","APM","ὀφθαλμοὺς","ὀφθαλμοὺς","ὀφθαλμούς","ὀφθαλμός"
43,10,21,"V","AAN","⸀ἀνοῖξαι;","ἀνοῖξαι","ἀνοῖξαι","ἀνοίγω"
43,10,22,"V","3AMI-S","Ἐγένετο","Ἐγένετο","ἐγένετο","γίνομαι"
43,10,22,"D",NULL,"⸀τότε","τότε","τότε","τότε"
43,10,22,"RA","NPN","τὰ","τὰ","τά","ὁ"
43,10,22,"N","NPN","ἐγκαίνια","ἐγκαίνια","ἐγκαίνια","ἐγκαίνια"
43,10,22,"P",NULL,"ἐν","ἐν","ἐν","ἐν"
43,10,22,"RA","DPN","⸀τοῖς","τοῖς","τοῖς","ὁ"
43,10,22,"N","DPN","Ἱεροσολύμοις·","Ἱεροσολύμοις","Ἱεροσολύμοις","Ἱεροσόλυμα"
43,10,22,"N","NSM","⸀χειμὼν","χειμὼν","χειμών","χειμών"
43,10,22,"V","3IAI-S","ἦν,","ἦν","ἦν","εἰμί"
43,10,23,"C",NULL,"καὶ","καὶ","καί","καί"
43,10,23,"V","3IAI-S","περιεπάτει","περιεπάτει","περιεπάτει","περιπατέω"
43,10,23,"RA","NSM","ὁ","ὁ","ὁ","ὁ"
43,10,23,"N","NSM","Ἰησοῦς","Ἰησοῦς","Ἰησοῦς","Ἰησοῦς"
43,10,23,"P",NULL,"ἐν","ἐν","ἐν","ἐν"
43,10,23,"RA","DSN","τῷ","τῷ","τῷ","ὁ"
43,10,23,"A","DSN","ἱερῷ","ἱερῷ","ἱερῷ","ἱερός"
43,10,23,"P",NULL,"ἐν","ἐν","ἐν","ἐν"
43,10,23,"RA","DSF","τῇ","τῇ","τῇ","ὁ"
43,10,23,"N","DSF","στοᾷ","στοᾷ","στοᾷ","στοά"
43,10,23,"RA","GSM","⸀τοῦ","τοῦ","τοῦ","ὁ"
43,10,23,"N","GSM","Σολομῶνος.","Σολομῶνος","Σολομῶνος","Σολομών"
43,10,24,"V","3AAI-P","ἐκύκλωσαν","ἐκύκλωσαν","ἐκύκλωσαν","κυκλόω"
43,10,24,"C",NULL,"οὖν","οὖν","οὖν","οὖν"
43,10,24,"RP","ASM","αὐτὸν","αὐτὸν","αὐτόν","αὐτός"
43,10,24,"RA","NPM","οἱ","οἱ","οἱ","ὁ"
43,10,24,"A","NPM","Ἰουδαῖοι","Ἰουδαῖοι","Ἰουδαῖοι","Ἰουδαῖος"
43,10,24,"C",NULL,"καὶ","καὶ","καί","καί"
43,10,24,"V","3IAI-P","ἔλεγον","ἔλεγον","ἔλεγον","λέγω"
43,10,24,"RP","DSM","αὐτῷ·","αὐτῷ","αὐτῷ","αὐτός"
43,10,24,"P",NULL,"Ἕως","Ἕως","ἕως","ἕως"
43,10,24,"D",NULL,"πότε","πότε","πότε","πότε"
43,10,24,"RA","ASF","τὴν","τὴν","τήν","ὁ"
43,10,24,"N","ASF","ψυχὴν","ψυχὴν","ψυχήν","ψυχή"
43,10,24,"RP","GP","ἡμῶν","ἡμῶν","ἡμῶν","ἐγώ"
43,10,24,"V","2PAI-S","αἴρεις;","αἴρεις","αἴρεις","αἴρω"
43,10,24,"C",NULL,"εἰ","εἰ","εἰ","εἰ"
43,10,24,"RP","NS","σὺ","σὺ","σύ","σύ"
43,10,24,"V","2PAI-S","εἶ","εἶ","εἶ","εἰμί"
43,10,24,"RA","NSM","ὁ","ὁ","ὁ","ὁ"
43,10,24,"N","NSM","χριστός,","χριστός","Χριστός","Χριστός"
43,10,24,"V","2AAD-S","εἰπὲ","εἰπὲ","εἰπέ","λέγω"
43,10,24,"RP","DP","ἡμῖν","ἡμῖν","ἡμῖν","ἐγώ"
43,10,24,"N","DSF","παρρησίᾳ.","παρρησίᾳ","παρρησίᾳ","παρρησία"
43,10,25,"V","3API-S","ἀπεκρίθη","ἀπεκρίθη","ἀπεκρίθη","ἀποκρίνομαι"
43,10,25,"RP","DPM","αὐτοῖς","αὐτοῖς","αὐτοῖς","αὐτός"
43,10,25,"RA","NSM","ὁ","ὁ","ὁ","ὁ"
43,10,25,"N","NSM","Ἰησοῦς·","Ἰησοῦς","Ἰησοῦς","Ἰησοῦς"
43,10,25,"V","1AAI-S","Εἶπον","Εἶπον","εἶπον","λέγω"
43,10,25,"RP","DP","ὑμῖν","ὑμῖν","ὑμῖν","σύ"
43,10,25,"C",NULL,"καὶ","καὶ","καί","καί"
43,10,25,"D",NULL,"οὐ","οὐ","οὐ","οὐ"
43,10,25,"V","2PAI-P","πιστεύετε·","πιστεύετε","πιστεύετε","πιστεύω"
43,10,25,"RA","NPN","τὰ","τὰ","τά","ὁ"
43,10,25,"N","NPN","ἔργα","ἔργα","ἔργα","ἔργον"
43,10,25,"RR","APN","ἃ","ἃ","ἅ","ὅς"
43,10,25,"RP","NS","ἐγὼ","ἐγὼ","ἐγώ","ἐγώ"
43,10,25,"V","1PAI-S","ποιῶ","ποιῶ","ποιῶ","ποιέω"
43,10,25,"P",NULL,"ἐν","ἐν","ἐν","ἐν"
43,10,25,"RA","DSN","τῷ","τῷ","τῷ","ὁ"
43,10,25,"N","DSN","ὀνόματι","ὀνόματι","ὀνόματι","ὄνομα"
43,10,25,"RA","GSM","τοῦ","τοῦ","τοῦ","ὁ"
43,10,25,"N","GSM","πατρός","πατρός","πατρός","πατήρ"
43,10,25,"RP","GS","μου","μου","μου","ἐγώ"
43,10,25,"RD","NPN","ταῦτα","ταῦτα","ταῦτα","οὗτος"
43,10,25,"V","3PAI-S","μαρτυρεῖ","μαρτυρεῖ","μαρτυρεῖ","μαρτυρέω"
43,10,25,"P",NULL,"περὶ","περὶ","περί","περί"
43,10,25,"RP","GS","ἐμοῦ·","ἐμοῦ","ἐμοῦ","ἐγώ"
43,10,26,"C",NULL,"ἀλλὰ","ἀλλὰ","ἀλλά","ἀλλά"
43,10,26,"RP","NP","ὑμεῖς","ὑμεῖς","ὑμεῖς","σύ"
43,10,26,"D",NULL,"οὐ","οὐ","οὐ","οὐ"
43,10,26,"V","2PAI-P","πιστεύετε,","πιστεύετε","πιστεύετε","πιστεύω"
43,10,26,"C",NULL,"⸂ὅτι","ὅτι","ὅτι","ὅτι"
43,10,26,"D",NULL,"οὐκ⸃","οὐκ","οὐ","οὐ"
43,10,26,"V","2PAI-P","ἐστὲ","ἐστὲ","ἐστέ","εἰμί"
43,10,26,"P",NULL,"ἐκ","ἐκ","ἐκ","ἐκ"
43,10,26,"RA","GPN","τῶν","τῶν","τῶν","ὁ"
43,10,26,"N","GPN","προβάτων","προβάτων","προβάτων","πρόβατον"
43,10,26,"RA","GPN","τῶν","τῶν","τῶν","ὁ"
43,10,26,"A","GPN","⸀ἐμῶν.","ἐμῶν","ἐμῶν","ἐμός"
43,10,27,"RA","NPN","τὰ","τὰ","τά","ὁ"
43,10,27,"N","NPN","πρόβατα","πρόβατα","πρόβατα","πρόβατον"
43,10,27,"RA","NPN","τὰ","τὰ","τά","ὁ"
43,10,27,"A","NPN","ἐμὰ","ἐμὰ","ἐμά","ἐμός"
43,10,27,"RA","GSF","τῆς","τῆς","τῆς","ὁ"
43,10,27,"N","GSF","φωνῆς","φωνῆς","φωνῆς","φωνή"
43,10,27,"RP","GS","μου","μου","μου","ἐγώ"
43,10,27,"V","3PAI-P","⸀ἀκούουσιν,","ἀκούουσιν","ἀκούουσι(ν)","ἀκούω"
43,10,27,"RP","NS","κἀγὼ","κἀγὼ","κἀγώ","κἀγώ"
43,10,27,"V","1PAI-S","γινώσκω","γινώσκω","γινώσκω","γινώσκω"
43,10,27,"RP","APN","αὐτά,","αὐτά","αὐτά","αὐτός"
43,10,27,"C",NULL,"καὶ","καὶ","καί","καί"
43,10,27,"V","3PAI-P","ἀκολουθοῦσίν","ἀκολουθοῦσίν","ἀκολουθοῦσι(ν)","ἀκολουθέω"
43,10,27,"RP","DS","μοι,","μοι","μοι","ἐγώ"
43,10,28,"RP","NS","κἀγὼ","κἀγὼ","κἀγώ","κἀγώ"
43,10,28,"V","1PAI-S","⸂δίδωμι","δίδωμι","δίδωμι","δίδωμι"
43,10,28,"RP","DPN","αὐτοῖς","αὐτοῖς","αὐτοῖς","αὐτός"
43,10,28,"N","ASF","ζωὴν","ζωὴν","ζωήν","ζωή"
43,10,28,"A","ASF","αἰώνιον⸃,","αἰώνιον","αἰώνιον","αἰώνιος"
43,10,28,"C",NULL,"καὶ","καὶ","καί","καί"
43,10,28,"D",NULL,"οὐ","οὐ","οὐ","οὐ"
43,10,28,"D",NULL,"μὴ","μὴ","μή","μή"
43,10,28,"V","3AMS-P","ἀπόλωνται","ἀπόλωνται","ἀπόλωνται","ἀπόλλυμι"
43,10,28,"P",NULL,"εἰς","εἰς","εἰς","εἰς"
43,10,28,"RA","ASM","τὸν","τὸν","τόν","ὁ"
43,10,28,"N","ASM","αἰῶνα,","αἰῶνα","αἰῶνα","αἰών"
43,10,28,"C",NULL,"καὶ","καὶ","καί","καί"
43,10,28,"D",NULL,"οὐχ","οὐχ","οὐ","οὐ"
43,10,28,"V","3FAI-S","ἁρπάσει","ἁρπάσει","ἁρπάσει","ἁρπάζω"
43,10,28,"RI","NSM","τις","τις","τὶς","τις"
43,10,28,"RP","APN","αὐτὰ","αὐτὰ","αὐτά","αὐτός"
43,10,28,"P",NULL,"ἐκ","ἐκ","ἐκ","ἐκ"
43,10,28,"RA","GSF","τῆς","τῆς","τῆς","ὁ"
43,10,28,"N","GSF","χειρός","χειρός","χειρός","χείρ"
43,10,28,"RP","GS","μου.","μου","μου","ἐγώ"
43,10,29,"RA","NSM","ὁ","ὁ","ὁ","ὁ"
43,10,29,"N","NSM","πατήρ","πατήρ","πατήρ","πατήρ"
43,10,29,"RP","GS","μου","μου","μου","ἐγώ"
43,10,29,"RR","ASN","⸀ὃ","ὃ","ὅ","ὅς"
43,10,29,"V","3XAI-S","δέδωκέν","δέδωκέν","δέδωκε(ν)","δίδωμι"
43,10,29,"RP","DS","⸀μοι","μοι","μοι","ἐγώ"
43,10,29,"A","GPN","⸂πάντων","πάντων","πάντων","πᾶς"
43,10,29,"A","NSMC","μεῖζων⸃","μεῖζων","μεῖζων","μέγας"
43,10,29,"V","3PAI-S","ἐστίν,","ἐστίν","ἐστί(ν)","εἰμί"
43,10,29,"C",NULL,"καὶ","καὶ","καί","καί"
43,10,29,"A","NSM","οὐδεὶς","οὐδεὶς","οὐδείς","οὐδείς"
43,10,29,"V","3PMI-S","δύναται","δύναται","δύναται","δύναμαι"
43,10,29,"V","PAN","ἁρπάζειν","ἁρπάζειν","ἁρπάζειν","ἁρπάζω"
43,10,29,"P",NULL,"ἐκ","ἐκ","ἐκ","ἐκ"
43,10,29,"RA","GSF","τῆς","τῆς","τῆς","ὁ"
43,10,29,"N","GSF","χειρὸς","χειρὸς","χειρός","χείρ"
43,10,29,"RA","GSM","τοῦ","τοῦ","τοῦ","ὁ"
43,10,29,"N","GSM","⸀πατρός.","πατρός","πατρός","πατήρ"
43,10,30,"RP","NS","ἐγὼ","ἐγὼ","ἐγώ","ἐγώ"
43,10,30,"C",NULL,"καὶ","καὶ","καί","καί"
43,10,30,"RA","NSM","ὁ","ὁ","ὁ","ὁ"
43,10,30,"N","NSM","πατὴρ","πατὴρ","πατήρ","πατήρ"
43,10,30,"A","NSN","ἕν","ἕν","ἕν","εἷς"
43,10,30,"V","1PAI-P","ἐσμεν.","ἐσμεν","ἐσμέν","εἰμί"
43,10,31,"V","3AAI-P","Ἐβάστασαν","Ἐβάστασαν","ἐβάστασαν","βαστάζω"
43,10,31,"C",NULL,"⸀οὖν","οὖν","οὖν","οὖν"
43,10,31,"D",NULL,"πάλιν","πάλιν","πάλιν","πάλιν"
43,10,31,"N","APM","λίθους","λίθους","λίθους","λίθος"
43,10,31,"RA","NPM","οἱ","οἱ","οἱ","ὁ"
43,10,31,"A","NPM","Ἰουδαῖοι","Ἰουδαῖοι","Ἰουδαῖοι","Ἰουδαῖος"
43,10,31,"C",NULL,"ἵνα","ἵνα","ἵνα","ἵνα"
43,10,31,"V","3AAS-P","λιθάσωσιν","λιθάσωσιν","λιθάσωσι(ν)","λιθάζω"
43,10,31,"RP","ASM","αὐτόν.","αὐτόν","αὐτόν","αὐτός"
43,10,32,"V","3API-S","ἀπεκρίθη","ἀπεκρίθη","ἀπεκρίθη","ἀποκρίνομαι"
43,10,32,"RP","DPM","αὐτοῖς","αὐτοῖς","αὐτοῖς","αὐτός"
43,10,32,"RA","NSM","ὁ","ὁ","ὁ","ὁ"
43,10,32,"N","NSM","Ἰησοῦς·","Ἰησοῦς","Ἰησοῦς","Ἰησοῦς"
43,10,32,"A","APN","Πολλὰ","Πολλὰ","πολλά","πολύς"
43,10,32,"N","APN","⸂ἔργα","ἔργα","ἔργα","ἔργον"
43,10,32,"A","APN","καλὰ","καλὰ","καλά","καλός"
43,10,32,"V","1AAI-S","ἔδειξα","ἔδειξα","ἔδειξα","δείκνυμι"
43,10,32,"RP","DP","ὑμῖν⸃","ὑμῖν","ὑμῖν","σύ"
43,10,32,"P",NULL,"ἐκ","ἐκ","ἐκ","ἐκ"
43,10,32,"RA","GSM","τοῦ","τοῦ","τοῦ","ὁ"
43,10,32,"N","GSM","⸀πατρός·","πατρός","πατρός","πατήρ"
43,10,32,"P",NULL,"διὰ","διὰ","διά","διά"
43,10,32,"RI","ASN","ποῖον","ποῖον","ποῖον","ποῖος"
43,10,32,"RP","GPN","αὐτῶν","αὐτῶν","αὐτῶν","αὐτός"
43,10,32,"N","ASN","ἔργον","ἔργον","ἔργον","ἔργον"
43,10,32,"RP","AS","⸂ἐμὲ","ἐμὲ","ἐμέ","ἐγώ"
43,10,32,"V","2PAI-P","λιθάζετε⸃;","λιθάζετε","λιθάζετε","λιθάζω"
43,10,33,"V","3API-P","ἀπεκρίθησαν","ἀπεκρίθησαν","ἀπεκρίθησαν","ἀποκρίνομαι"
43,10,33,"RP","DSM","αὐτῷ","αὐτῷ","αὐτῷ","αὐτός"
43,10,33,"RA","NPM","οἱ","οἱ","οἱ","ὁ"
43,10,33,"A","NPM","⸀Ἰουδαῖοι·","Ἰουδαῖοι","Ἰουδαῖοι","Ἰουδαῖος"
43,10,33,"P",NULL,"Περὶ","Περὶ","περί","περί"
43,10,33,"A","GSN","καλοῦ","καλοῦ","καλοῦ","καλός"
43,10,33,"N","GSN","ἔργου","ἔργου","ἔργου","ἔργον"
43,10,33,"D",NULL,"οὐ","οὐ","οὐ","οὐ"
43,10,33,"V","1PAI-P","λιθάζομέν","λιθάζομέν","λιθάζομεν","λιθάζω"
43,10,33,"RP","AS","σε","σε","σε","σύ"
43,10,33,"C",NULL,"ἀλλὰ","ἀλλὰ","ἀλλά","ἀλλά"
43,10,33,"P",NULL,"περὶ","περὶ","περί","περί"
43,10,33,"N","GSF","βλασφημίας,","βλασφημίας","βλασφημίας","βλασφημία"
43,10,33,"C",NULL,"καὶ","καὶ","καί","καί"
43,10,33,"C",NULL,"ὅτι","ὅτι","ὅτι","ὅτι"
43,10,33,"RP","NS","σὺ","σὺ","σύ","σύ"
43,10,33,"N","NSM","ἄνθρωπος","ἄνθρωπος","ἄνθρωπος","ἄνθρωπος"
43,10,33,"V","PAPNSM","ὢν","ὢν","ὤν","εἰμί"
43,10,33,"V","2PAI-S","ποιεῖς","ποιεῖς","ποιεῖς","ποιέω"
43,10,33,"RP","ASM","σεαυτὸν","σεαυτὸν","σεαυτόν","σεαυτοῦ"
43,10,33,"N","ASM","θεόν.","θεόν","θεόν","θεός"
43,10,34,"V","3API-S","ἀπεκρίθη","ἀπεκρίθη","ἀπεκρίθη","ἀποκρίνομαι"
43,10,34,"RP","DPM","αὐτοῖς","αὐτοῖς","αὐτοῖς","αὐτός"
43,10,34,"RA","NSM","ὁ","ὁ","ὁ","ὁ"
43,10,34,"N","NSM","Ἰησοῦς·","Ἰησοῦς","Ἰησοῦς","Ἰησοῦς"
43,10,34,"X",NULL,"Οὐκ","Οὐκ","οὐ","οὐ"
43,10,34,"V","3PAI-S","ἔστιν","ἔστιν","ἐστί(ν)","εἰμί"
43,10,34,"V","XPPNSN","γεγραμμένον","γεγραμμένον","γεγραμμένον","γράφω"
43,10,34,"P",NULL,"ἐν","ἐν","ἐν","ἐν"
43,10,34,"RA","DSM","τῷ","τῷ","τῷ","ὁ"
43,10,34,"N","DSM","νόμῳ","νόμῳ","νόμῳ","νόμος"
43,10,34,"RP","GP","ὑμῶν","ὑμῶν","ὑμῶν","σύ"
43,10,34,"C",NULL,"⸀ὅτι","ὅτι","ὅτι","ὅτι"
43,10,34,"RP","NS","Ἐγὼ","Ἐγὼ","ἐγώ","ἐγώ"
43,10,34,"V","1AAI-S","εἶπα·","εἶπα","εἶπα","λέγω"
43,10,34,"N","NPM","Θεοί","Θεοί","θεοί","θεός"
43,10,34,"V","2PAI-P","ἐστε;","ἐστε","ἐστέ","εἰμί"
43,10,35,"C",NULL,"εἰ","εἰ","εἰ","εἰ"
43,10,35,"RD","APM","ἐκείνους","ἐκείνους","ἐκείνους","ἐκεῖνος"
43,10,35,"V","3AAI-S","εἶπεν","εἶπεν","εἶπε(ν)","λέγω"
43,10,35,"N","APM","θεοὺς","θεοὺς","θεούς","θεός"
43,10,35,"P",NULL,"πρὸς","πρὸς","πρός","πρός"
43,10,35,"RR","APM","οὓς","οὓς","οὕς","ὅς"
43,10,35,"RA","NSM","ὁ","ὁ","ὁ","ὁ"
43,10,35,"N","NSM","λόγος","λόγος","λόγος","λόγος"
43,10,35,"RA","GSM","τοῦ","τοῦ","τοῦ","ὁ"
43,10,35,"N","GSM","θεοῦ","θεοῦ","θεοῦ","θεός"
43,10,35,"V","3AMI-S","ἐγένετο,","ἐγένετο","ἐγένετο","γίνομαι"
43,10,35,"C",NULL,"καὶ","καὶ","καί","καί"
43,10,35,"D",NULL,"οὐ","οὐ","οὐ","οὐ"
43,10,35,"V","3PMI-S","δύναται","δύναται","δύναται","δύναμαι"
43,10,35,"V","APN","λυθῆναι","λυθῆναι","λυθῆναι","λύω"
43,10,35,"RA","NSF","ἡ","ἡ","ἡ","ὁ"
43,10,35,"N","NSF","γραφή,","γραφή","γραφή","γραφή"
43,10,36,"RR","ASM","ὃν","ὃν","ὅν","ὅς"
43,10,36,"RA","NSM","ὁ","ὁ","ὁ","ὁ"
43,10,36,"N","NSM","πατὴρ","πατὴρ","πατήρ","πατήρ"
43,10,36,"V","3AAI-S","ἡγίασεν","ἡγίασεν","ἡγίασε(ν)","ἁγιάζω"
43,10,36,"C",NULL,"καὶ","καὶ","καί","καί"
43,10,36,"V","3AAI-S","ἀπέστειλεν","ἀπέστειλεν","ἀπέστειλε(ν)","ἀποστέλλω"
43,10,36,"P",NULL,"εἰς","εἰς","εἰς","εἰς"
43,10,36,"RA","ASM","τὸν","τὸν","τόν","ὁ"
43,10,36,"N","ASM","κόσμον","κόσμον","κόσμον","κόσμος"
43,10,36,"RP","NP","ὑμεῖς","ὑμεῖς","ὑμεῖς","σύ"
43,10,36,"V","2PAI-P","λέγετε","λέγετε","λέγετε","λέγω"
43,10,36,"C",NULL,"ὅτι","ὅτι","ὅτι","ὅτι"
43,10,36,"V","2PAI-S","Βλασφημεῖς,","Βλασφημεῖς","βλασφημεῖς","βλασφημέω"
43,10,36,"C",NULL,"ὅτι","ὅτι","ὅτι","ὅτι"
43,10,36,"V","1AAI-S","εἶπον·","εἶπον","εἶπον","λέγω"
43,10,36,"N","NSM","Υἱὸς","Υἱὸς","υἱός","υἱός"
43,10,36,"RA","GSM","τοῦ","τοῦ","τοῦ","ὁ"
43,10,36,"N","GSM","θεοῦ","θεοῦ","θεοῦ","θεός"
43,10,36,"V","1PAI-S","εἰμι;","εἰμι","εἰμί","εἰμί"
43,10,37,"C",NULL,"εἰ","εἰ","εἰ","εἰ"
43,10,37,"D",NULL,"οὐ","οὐ","οὐ","οὐ"
43,10,37,"V","1PAI-S","ποιῶ","ποιῶ","ποιῶ","ποιέω"
43,10,37,"RA","APN","τὰ","τὰ","τά","ὁ"
43,10,37,"N","APN","ἔργα","ἔργα","ἔργα","ἔργον"
43,10,37,"RA","GSM","τοῦ","τοῦ","τοῦ","ὁ"
43,10,37,"N","GSM","πατρός","πατρός","πατρός","πατήρ"
43,10,37,"RP","GS","μου,","μου","μου","ἐγώ"
43,10,37,"D",NULL,"μὴ","μὴ","μή","μή"
43,10,37,"V","2PAD-P","πιστεύετέ","πιστεύετέ","πιστεύετε","πιστεύω"
43,10,37,"RP","DS","μοι·","μοι","μοι","ἐγώ"
43,10,38,"C",NULL,"εἰ","εἰ","εἰ","εἰ"
43,10,38,"C",NULL,"δὲ","δὲ","δέ","δέ"
43,10,38,"V","1PAI-S","ποιῶ,","ποιῶ","ποιῶ","ποιέω"
43,10,38,"D",NULL,"κἂν","κἂν","κἄν","κἄν"
43,10,38,"RP","DS","ἐμοὶ","ἐμοὶ","ἐμοί","ἐγώ"
43,10,38,"D",NULL,"μὴ","μὴ","μή","μή"
43,10,38,"V","2PAS-P","πιστεύητε","πιστεύητε","πιστεύητε","πιστεύω"
43,10,38,"RA","DPN","τοῖς","τοῖς","τοῖς","ὁ"
43,10,38,"N","DPN","ἔργοις","ἔργοις","ἔργοις","ἔργον"
43,10,38,"V","2PAD-P","⸀πιστεύετε,","πιστεύετε","πιστεύετε","πιστεύω"
43,10,38,"C",NULL,"ἵνα","ἵνα","ἵνα","ἵνα"
43,10,38,"V","2AAS-P","γνῶτε","γνῶτε","γνῶτε","γινώσκω"
43,10,38,"C",NULL,"καὶ","καὶ","καί","καί"
43,10,38,"V","2PAS-P","⸀γινώσκητε","γινώσκητε","γινώσκητε","γινώσκω"
43,10,38,"C",NULL,"ὅτι","ὅτι","ὅτι","ὅτι"
43,10,38,"P",NULL,"ἐν","ἐν","ἐν","ἐν"
43,10,38,"RP","DS","ἐμοὶ","ἐμοὶ","ἐμοί","ἐγώ"
43,10,38,"RA","NSM","ὁ","ὁ","ὁ","ὁ"
43,10,38,"N","NSM","πατὴρ","πατὴρ","πατήρ","πατήρ"
43,10,38,"RP","NS","κἀγὼ","κἀγὼ","κἀγώ","κἀγώ"
43,10,38,"P",NULL,"ἐν","ἐν","ἐν","ἐν"
43,10,38,"RA","DSM","⸂τῷ","τῷ","τῷ","ὁ"
43,10,38,"N","DSM","πατρί⸃.","πατρί","πατρί","πατήρ"
43,10,39,"V","3IAI-P","ἐζήτουν","ἐζήτουν","ἐζήτουν","ζητέω"
43,10,39,"C",NULL,"οὖν","οὖν","οὖν","οὖν"
43,10,39,"D",NULL,"⸂πάλιν","πάλιν","πάλιν","πάλιν"
43,10,39,"RP","ASM","αὐτὸν⸃","αὐτὸν","αὐτόν","αὐτός"
43,10,39,"V","AAN","πιάσαι·","πιάσαι","πιάσαι","πιάζω"
43,10,39,"C",NULL,"καὶ","καὶ","καί","καί"
43,10,39,"V","3AAI-S","ἐξῆλθεν","ἐξῆλθεν","ἐξῆλθε(ν)","ἐξέρχομαι"
43,10,39,"P",NULL,"ἐκ","ἐκ","ἐκ","ἐκ"
43,10,39,"RA","GSF","τῆς","τῆς","τῆς","ὁ"
43,10,39,"N","GSF","χειρὸς","χειρὸς","χειρός","χείρ"
43,10,39,"RP","GPM","αὐτῶν.","αὐτῶν","αὐτῶν","αὐτός"
43,10,40,"C",NULL,"Καὶ","Καὶ","καί","καί"
43,10,40,"V","3AAI-S","ἀπῆλθεν","ἀπῆλθεν","ἀπῆλθε(ν)","ἀπέρχομαι"
43,10,40,"D",NULL,"πάλιν","πάλιν","πάλιν","πάλιν"
43,10,40,"P",NULL,"πέραν","πέραν","πέραν","πέραν"
43,10,40,"RA","GSM","τοῦ","τοῦ","τοῦ","ὁ"
43,10,40,"N","GSM","Ἰορδάνου","Ἰορδάνου","Ἰορδάνου","Ἰορδάνης"
43,10,40,"P",NULL,"εἰς","εἰς","εἰς","εἰς"
43,10,40,"RA","ASM","τὸν","τὸν","τόν","ὁ"
43,10,40,"N","ASM","τόπον","τόπον","τόπον","τόπος"
43,10,40,"D",NULL,"ὅπου","ὅπου","ὅπου","ὅπου"
43,10,40,"V","3IAI-S","ἦν","ἦν","ἦν","εἰμί"
43,10,40,"N","NSM","Ἰωάννης","Ἰωάννης","Ἰωάννης","Ἰωάννης"
43,10,40,"RA","ASN","τὸ","τὸ","τό","ὁ"
43,10,40,"A","ASN","πρῶτον","πρῶτον","πρῶτον","πρῶτος"
43,10,40,"V","PAPNSM","βαπτίζων,","βαπτίζων","βαπτίζων","βαπτίζω"
43,10,40,"C",NULL,"καὶ","καὶ","καί","καί"
43,10,40,"V","3AAI-S","ἔμεινεν","ἔμεινεν","ἔμεινε(ν)","μένω"
43,10,40,"D",NULL,"ἐκεῖ.","ἐκεῖ","ἐκεῖ","ἐκεῖ"
43,10,41,"C",NULL,"καὶ","καὶ","καί","καί"
43,10,41,"A","NPM","πολλοὶ","πολλοὶ","πολλοί","πολύς"
43,10,41,"V","3AAI-P","ἦλθον","ἦλθον","ἦλθον","ἔρχομαι"
43,10,41,"P",NULL,"πρὸς","πρὸς","πρός","πρός"
43,10,41,"RP","ASM","αὐτὸν","αὐτὸν","αὐτόν","αὐτός"
43,10,41,"C",NULL,"καὶ","καὶ","καί","καί"
43,10,41,"V","3IAI-P","ἔλεγον","ἔλεγον","ἔλεγον","λέγω"
43,10,41,"C",NULL,"ὅτι","ὅτι","ὅτι","ὅτι"
43,10,41,"N","NSM","Ἰωάννης","Ἰωάννης","Ἰωάννης","Ἰωάννης"
43,10,41,"C",NULL,"μὲν","μὲν","μέν","μέν"
43,10,41,"N","ASN","σημεῖον","σημεῖον","σημεῖον","σημεῖον"
43,10,41,"V","3AAI-S","ἐποίησεν","ἐποίησεν","ἐποίησε(ν)","ποιέω"
43,10,41,"A","ASN","οὐδέν,","οὐδέν","οὐδέν","οὐδείς"
43,10,41,"A","NPN","πάντα","πάντα","πάντα","πᾶς"
43,10,41,"C",NULL,"δὲ","δὲ","δέ","δέ"
43,10,41,"RR","APN","ὅσα","ὅσα","ὅσα","ὅσος"
43,10,41,"V","3AAI-S","εἶπεν","εἶπεν","εἶπε(ν)","λέγω"
43,10,41,"N","NSM","Ἰωάννης","Ἰωάννης","Ἰωάννης","Ἰωάννης"
43,10,41,"P",NULL,"περὶ","περὶ","περί","περί"
43,10,41,"RD","GSM","τούτου","τούτου","τούτου","οὗτος"
43,10,41,"A","NPN","ἀληθῆ","ἀληθῆ","ἀληθῆ","ἀληθής"
43,10,41,"V","3IAI-S","ἦν.","ἦν","ἦν","εἰμί"
43,10,42,"C",NULL,"καὶ","καὶ","καί","καί"
43,10,42,"A","NPM","⸂πολλοὶ","πολλοὶ","πολλοί","πολύς"
43,10,42,"V","3AAI-P","ἐπίστευσαν","ἐπίστευσαν","ἐπίστευσαν","πιστεύω"
43,10,42,"P",NULL,"εἰς","εἰς","εἰς","εἰς"
43,10,42,"RP","ASM","αὐτὸν","αὐτὸν","αὐτόν","αὐτός"
43,10,42,"D",NULL,"ἐκεῖ⸃.","ἐκεῖ","ἐκεῖ","ἐκεῖ"
43,11,01,"V","3IAI-S","Ἦν","Ἦν","ἦν","εἰμί"
43,11,01,"C",NULL,"δέ","δέ","δέ","δέ"
43,11,01,"RI","NSM","τις","τις","τὶς","τις"
43,11,01,"V","PAPNSM","ἀσθενῶν,","ἀσθενῶν","ἀσθενῶν","ἀσθενέω"
43,11,01,"N","NSM","Λάζαρος","Λάζαρος","Λάζαρος","Λάζαρος"
43,11,01,"P",NULL,"ἀπὸ","ἀπὸ","ἀπό","ἀπό"
43,11,01,"N","GSF","Βηθανίας","Βηθανίας","Βηθανίας","Βηθανία"
43,11,01,"P",NULL,"ἐκ","ἐκ","ἐκ","ἐκ"
43,11,01,"RA","GSF","τῆς","τῆς","τῆς","ὁ"
43,11,01,"N","GSF","κώμης","κώμης","κώμης","κώμη"
43,11,01,"N","GSF","Μαρίας","Μαρίας","Μαρίας","Μαρία"
43,11,01,"C",NULL,"καὶ","καὶ","καί","καί"
43,11,01,"N","GSF","Μάρθας","Μάρθας","Μάρθας","Μάρθα"
43,11,01,"RA","GSF","τῆς","τῆς","τῆς","ὁ"
43,11,01,"N","GSF","ἀδελφῆς","ἀδελφῆς","ἀδελφῆς","ἀδελφή"
43,11,01,"RP","GSF","αὐτῆς.","αὐτῆς","αὐτῆς","αὐτός"
43,11,02,"V","3IAI-S","ἦν","ἦν","ἦν","εἰμί"
43,11,02,"C",NULL,"δὲ","δὲ","δέ","δέ"
43,11,02,"N","NSF","⸀Μαριὰμ","Μαριὰμ","Μαριάμ","Μαριάμ"
43,11,02,"RA","NSF","ἡ","ἡ","ἡ","ὁ"
43,11,02,"V","AAPNSF","ἀλείψασα","ἀλείψασα","ἀλείψασα","ἀλείφω"
43,11,02,"RA","ASM","τὸν","τὸν","τόν","ὁ"
43,11,02,"N","ASM","κύριον","κύριον","κύριον","κύριος"
43,11,02,"N","DSN","μύρῳ","μύρῳ","μύρῳ","μύρον"
43,11,02,"C",NULL,"καὶ","καὶ","καί","καί"
43,11,02,"V","AAPNSF","ἐκμάξασα","ἐκμάξασα","ἐκμάξασα","ἐκμάσσω"
43,11,02,"RA","APM","τοὺς","τοὺς","τούς","ὁ"
43,11,02,"N","APM","πόδας","πόδας","πόδας","πούς"
43,11,02,"RP","GSM","αὐτοῦ","αὐτοῦ","αὐτοῦ","αὐτός"
43,11,02,"RA","DPF","ταῖς","ταῖς","ταῖς","ὁ"
43,11,02,"N","DPF","θριξὶν","θριξὶν","θριξί(ν)","θρίξ"
43,11,02,"RP","GSF","αὐτῆς,","αὐτῆς","αὐτῆς","αὐτός"
43,11,02,"RR","GSF","ἧς","ἧς","ἧς","ὅς"
43,11,02,"RA","NSM","ὁ","ὁ","ὁ","ὁ"
43,11,02,"N","NSM","ἀδελφὸς","ἀδελφὸς","ἀδελφός","ἀδελφός"
43,11,02,"N","NSM","Λάζαρος","Λάζαρος","Λάζαρος","Λάζαρος"
43,11,02,"V","3IAI-S","ἠσθένει.","ἠσθένει","ἠσθένει","ἀσθενέω"
43,11,03,"V","3AAI-P","ἀπέστειλαν","ἀπέστειλαν","ἀπέστειλαν","ἀποστέλλω"
43,11,03,"C",NULL,"οὖν","οὖν","οὖν","οὖν"
43,11,03,"RA","NPF","αἱ","αἱ","αἱ","ὁ"
43,11,03,"N","NPF","ἀδελφαὶ","ἀδελφαὶ","ἀδελφαί","ἀδελφή"
43,11,03,"P",NULL,"πρὸς","πρὸς","πρός","πρός"
43,11,03,"RP","ASM","αὐτὸν","αὐτὸν","αὐτόν","αὐτός"
43,11,03,"V","PAPNPF","λέγουσαι·","λέγουσαι","λέγουσαι","λέγω"
43,11,03,"N","VSM","Κύριε,","Κύριε","κύριε","κύριος"
43,11,03,"X",NULL,"ἴδε","ἴδε","ἴδε","ἴδε"
43,11,03,"RR","ASM","ὃν","ὃν","ὅν","ὅς"
43,11,03,"V","2PAI-S","φιλεῖς","φιλεῖς","φιλεῖς","φιλέω"
43,11,03,"V","3PAI-S","ἀσθενεῖ.","ἀσθενεῖ","ἀσθενεῖ","ἀσθενέω"
43,11,04,"V","AAPNSM","ἀκούσας","ἀκούσας","ἀκούσας","ἀκούω"
43,11,04,"C",NULL,"δὲ","δὲ","δέ","δέ"
43,11,04,"RA","NSM","ὁ","ὁ","ὁ","ὁ"
43,11,04,"N","NSM","Ἰησοῦς","Ἰησοῦς","Ἰησοῦς","Ἰησοῦς"
43,11,04,"V","3AAI-S","εἶπεν·","εἶπεν","εἶπε(ν)","λέγω"
43,11,04,"RD","NSF","Αὕτη","Αὕτη","αὕτη","οὗτος"
43,11,04,"RA","NSF","ἡ","ἡ","ἡ","ὁ"
43,11,04,"N","NSF","ἀσθένεια","ἀσθένεια","ἀσθένεια","ἀσθένεια"
43,11,04,"D",NULL,"οὐκ","οὐκ","οὐ","οὐ"
43,11,04,"V","3PAI-S","ἔστιν","ἔστιν","ἐστί(ν)","εἰμί"
43,11,04,"P",NULL,"πρὸς","πρὸς","πρός","πρός"
43,11,04,"N","ASM","θάνατον","θάνατον","θάνατον","θάνατος"
43,11,04,"C",NULL,"ἀλλ’","ἀλλ’","ἀλλά","ἀλλά"
43,11,04,"P",NULL,"ὑπὲρ","ὑπὲρ","ὑπέρ","ὑπέρ"
43,11,04,"RA","GSF","τῆς","τῆς","τῆς","ὁ"
43,11,04,"N","GSF","δόξης","δόξης","δόξης","δόξα"
43,11,04,"RA","GSM","τοῦ","τοῦ","τοῦ","ὁ"
43,11,04,"N","GSM","θεοῦ","θεοῦ","θεοῦ","θεός"
43,11,04,"C",NULL,"ἵνα","ἵνα","ἵνα","ἵνα"
43,11,04,"V","3APS-S","δοξασθῇ","δοξασθῇ","δοξασθῇ","δοξάζω"
43,11,04,"RA","NSM","ὁ","ὁ","ὁ","ὁ"
43,11,04,"N","NSM","υἱὸς","υἱὸς","υἱός","υἱός"
43,11,04,"RA","GSM","τοῦ","τοῦ","τοῦ","ὁ"
43,11,04,"N","GSM","θεοῦ","θεοῦ","θεοῦ","θεός"
43,11,04,"P",NULL,"δι’","δι’","διά","διά"
43,11,04,"RP","GSF","αὐτῆς.","αὐτῆς","αὐτῆς","αὐτός"
43,11,05,"V","3IAI-S","ἠγάπα","ἠγάπα","ἠγάπα","ἀγαπάω"
43,11,05,"C",NULL,"δὲ","δὲ","δέ","δέ"
43,11,05,"RA","NSM","ὁ","ὁ","ὁ","ὁ"
43,11,05,"N","NSM","Ἰησοῦς","Ἰησοῦς","Ἰησοῦς","Ἰησοῦς"
43,11,05,"RA","ASF","τὴν","τὴν","τήν","ὁ"
43,11,05,"N","ASF","Μάρθαν","Μάρθαν","Μάρθαν","Μάρθα"
43,11,05,"C",NULL,"καὶ","καὶ","καί","καί"
43,11,05,"RA","ASF","τὴν","τὴν","τήν","ὁ"
43,11,05,"N","ASF","ἀδελφὴν","ἀδελφὴν","ἀδελφήν","ἀδελφή"
43,11,05,"RP","GSF","αὐτῆς","αὐτῆς","αὐτῆς","αὐτός"
43,11,05,"C",NULL,"καὶ","καὶ","καί","καί"
43,11,05,"RA","ASM","τὸν","τὸν","τόν","ὁ"
43,11,05,"N","ASM","Λάζαρον.","Λάζαρον","Λάζαρον","Λάζαρος"
43,11,06,"C",NULL,"ὡς","ὡς","ὡς","ὡς"
43,11,06,"C",NULL,"οὖν","οὖν","οὖν","οὖν"
43,11,06,"V","3AAI-S","ἤκουσεν","ἤκουσεν","ἤκουσε(ν)","ἀκούω"
43,11,06,"C",NULL,"ὅτι","ὅτι","ὅτι","ὅτι"
43,11,06,"V","3PAI-S","ἀσθενεῖ,","ἀσθενεῖ","ἀσθενεῖ","ἀσθενέω"
43,11,06,"D",NULL,"τότε","τότε","τότε","τότε"
43,11,06,"X",NULL,"μὲν","μὲν","μέν","μέν"
43,11,06,"V","3AAI-S","ἔμεινεν","ἔμεινεν","ἔμεινε(ν)","μένω"
43,11,06,"P",NULL,"ἐν","ἐν","ἐν","ἐν"
43,11,06,"RR","DSM","ᾧ","ᾧ","ᾧ","ὅς"
43,11,06,"V","3IAI-S","ἦν","ἦν","ἦν","εἰμί"
43,11,06,"N","DSM","τόπῳ","τόπῳ","τόπῳ","τόπος"
43,11,06,"A","APF","δύο","δύο","δύο","δύο"
43,11,06,"N","APF","ἡμέρας·","ἡμέρας","ἡμέρας","ἡμέρα"
43,11,07,"D",NULL,"ἔπειτα","ἔπειτα","ἔπειτα","ἔπειτα"
43,11,07,"P",NULL,"μετὰ","μετὰ","μετά","μετά"
43,11,07,"RD","ASN","τοῦτο","τοῦτο","τοῦτο","οὗτος"
43,11,07,"V","3PAI-S","λέγει","λέγει","λέγει","λέγω"
43,11,07,"RA","DPM","τοῖς","τοῖς","τοῖς","ὁ"
43,11,07,"N","DPM","μαθηταῖς·","μαθηταῖς","μαθηταῖς","μαθητής"
43,11,07,"V","1PAS-P","Ἄγωμεν","Ἄγωμεν","ἄγωμεν","ἄγω"
43,11,07,"P",NULL,"εἰς","εἰς","εἰς","εἰς"
43,11,07,"RA","ASF","τὴν","τὴν","τήν","ὁ"
43,11,07,"N","ASF","Ἰουδαίαν","Ἰουδαίαν","Ἰουδαίαν","Ἰουδαία"
43,11,07,"D",NULL,"πάλιν.","πάλιν","πάλιν","πάλιν"
43,11,08,"V","3PAI-P","λέγουσιν","λέγουσιν","λέγουσι(ν)","λέγω"
43,11,08,"RP","DSM","αὐτῷ","αὐτῷ","αὐτῷ","αὐτός"
43,11,08,"RA","NPM","οἱ","οἱ","οἱ","ὁ"
43,11,08,"N","NPM","μαθηταί·","μαθηταί","μαθηταί","μαθητής"
43,11,08,"N","VSM","Ῥαββί,","Ῥαββί","ῥαββί","ῥαββί"
43,11,08,"D",NULL,"νῦν","νῦν","νῦν","νῦν"
43,11,08,"V","3IAI-P","ἐζήτουν","ἐζήτουν","ἐζήτουν","ζητέω"
43,11,08,"RP","AS","σε","σε","σε","σύ"
43,11,08,"V","AAN","λιθάσαι","λιθάσαι","λιθάσαι","λιθάζω"
43,11,08,"RA","NPM","οἱ","οἱ","οἱ","ὁ"
43,11,08,"A","NPM","Ἰουδαῖοι,","Ἰουδαῖοι","Ἰουδαῖοι","Ἰουδαῖος"
43,11,08,"C",NULL,"καὶ","καὶ","καί","καί"
43,11,08,"D",NULL,"πάλιν","πάλιν","πάλιν","πάλιν"
43,11,08,"V","2PAI-S","ὑπάγεις","ὑπάγεις","ὑπάγεις","ὑπάγω"
43,11,08,"D",NULL,"ἐκεῖ;","ἐκεῖ","ἐκεῖ","ἐκεῖ"
43,11,09,"V","3API-S","ἀπεκρίθη","ἀπεκρίθη","ἀπεκρίθη","ἀποκρίνομαι"
43,11,09,"N","NSM","Ἰησοῦς·","Ἰησοῦς","Ἰησοῦς","Ἰησοῦς"
43,11,09,"X",NULL,"Οὐχὶ","Οὐχὶ","οὐχί","οὐχί"
43,11,09,"A","NPF","δώδεκα","δώδεκα","δώδεκα","δώδεκα"
43,11,09,"N","NPF","⸂ὧραί","ὧραί","ὧραι","ὥρα"
43,11,09,"V","3PAI-P","εἰσιν⸃","εἰσιν","εἰσί(ν)","εἰμί"
43,11,09,"RA","GSF","τῆς","τῆς","τῆς","ὁ"
43,11,09,"N","GSF","ἡμέρας;","ἡμέρας","ἡμέρας","ἡμέρα"
43,11,09,"C",NULL,"ἐάν","ἐάν","ἐάν","ἐάν"
43,11,09,"RI","NSM","τις","τις","τὶς","τις"
43,11,09,"V","3PAS-S","περιπατῇ","περιπατῇ","περιπατῇ","περιπατέω"
43,11,09,"P",NULL,"ἐν","ἐν","ἐν","ἐν"
43,11,09,"RA","DSF","τῇ","τῇ","τῇ","ὁ"
43,11,09,"N","DSF","ἡμέρᾳ,","ἡμέρᾳ","ἡμέρᾳ","ἡμέρα"
43,11,09,"D",NULL,"οὐ","οὐ","οὐ","οὐ"
43,11,09,"V","3PAI-S","προσκόπτει,","προσκόπτει","προσκόπτει","προσκόπτω"
43,11,09,"C",NULL,"ὅτι","ὅτι","ὅτι","ὅτι"
43,11,09,"RA","ASN","τὸ","τὸ","τό","ὁ"
43,11,09,"N","ASN","φῶς","φῶς","φῶς","φῶς"
43,11,09,"RA","GSM","τοῦ","τοῦ","τοῦ","ὁ"
43,11,09,"N","GSM","κόσμου","κόσμου","κόσμου","κόσμος"
43,11,09,"RD","GSM","τούτου","τούτου","τούτου","οὗτος"
43,11,09,"V","3PAI-S","βλέπει·","βλέπει","βλέπει","βλέπω"
43,11,10,"C",NULL,"ἐὰν","ἐὰν","ἐάν","ἐάν"
43,11,10,"C",NULL,"δέ","δέ","δέ","δέ"
43,11,10,"RI","NSM","τις","τις","τὶς","τις"
43,11,10,"V","3PAS-S","περιπατῇ","περιπατῇ","περιπατῇ","περιπατέω"
43,11,10,"P",NULL,"ἐν","ἐν","ἐν","ἐν"
43,11,10,"RA","DSF","τῇ","τῇ","τῇ","ὁ"
43,11,10,"N","DSF","νυκτί,","νυκτί","νυκτί","νύξ"
43,11,10,"V","3PAI-S","προσκόπτει,","προσκόπτει","προσκόπτει","προσκόπτω"
43,11,10,"C",NULL,"ὅτι","ὅτι","ὅτι","ὅτι"
43,11,10,"RA","NSN","τὸ","τὸ","τό","ὁ"
43,11,10,"N","NSN","φῶς","φῶς","φῶς","φῶς"
43,11,10,"D",NULL,"οὐκ","οὐκ","οὐ","οὐ"
43,11,10,"V","3PAI-S","ἔστιν","ἔστιν","ἐστί(ν)","εἰμί"
43,11,10,"P",NULL,"ἐν","ἐν","ἐν","ἐν"
43,11,10,"RP","DSM","αὐτῷ.","αὐτῷ","αὐτῷ","αὐτός"
43,11,11,"RD","APN","ταῦτα","ταῦτα","ταῦτα","οὗτος"
43,11,11,"V","3AAI-S","εἶπεν,","εἶπεν","εἶπε(ν)","λέγω"
43,11,11,"C",NULL,"καὶ","καὶ","καί","καί"
43,11,11,"P",NULL,"μετὰ","μετὰ","μετά","μετά"
43,11,11,"RD","ASN","τοῦτο","τοῦτο","τοῦτο","οὗτος"
43,11,11,"V","3PAI-S","λέγει","λέγει","λέγει","λέγω"
43,11,11,"RP","DPM","αὐτοῖς·","αὐτοῖς","αὐτοῖς","αὐτός"
43,11,11,"N","NSM","Λάζαρος","Λάζαρος","Λάζαρος","Λάζαρος"
43,11,11,"RA","NSM","ὁ","ὁ","ὁ","ὁ"
43,11,11,"A","NSM","φίλος","φίλος","φίλος","φίλος"
43,11,11,"RP","GP","ἡμῶν","ἡμῶν","ἡμῶν","ἐγώ"
43,11,11,"V","3XMI-S","κεκοίμηται,","κεκοίμηται","κεκοίμηται","κοιμάομαι"
43,11,11,"C",NULL,"ἀλλὰ","ἀλλὰ","ἀλλά","ἀλλά"
43,11,11,"V","1PMI-S","πορεύομαι","πορεύομαι","πορεύομαι","πορεύομαι"
43,11,11,"C",NULL,"ἵνα","ἵνα","ἵνα","ἵνα"
43,11,11,"V","1AAS-S","ἐξυπνίσω","ἐξυπνίσω","ἐξυπνίσω","ἐξυπνίζω"
43,11,11,"RP","ASM","αὐτόν.","αὐτόν","αὐτόν","αὐτός"
43,11,12,"V","3AAI-P","εἶπαν","εἶπαν","εἶπαν","λέγω"
43,11,12,"C",NULL,"οὖν","οὖν","οὖν","οὖν"
43,11,12,"RA","NPM","οἱ","οἱ","οἱ","ὁ"
43,11,12,"N","NPM","μαθηταὶ","μαθηταὶ","μαθηταί","μαθητής"
43,11,12,"RP","DSM","⸀αὐτῷ·","αὐτῷ","αὐτῷ","αὐτός"
43,11,12,"N","VSM","Κύριε,","Κύριε","κύριε","κύριος"
43,11,12,"C",NULL,"εἰ","εἰ","εἰ","εἰ"
43,11,12,"V","3XMI-S","κεκοίμηται","κεκοίμηται","κεκοίμηται","κοιμάομαι"
43,11,12,"V","3FPI-S","σωθήσεται.","σωθήσεται","σωθήσεται","σῴζω"
43,11,13,"V","3YAI-S","εἰρήκει","εἰρήκει","εἰρήκει","λέγω"
43,11,13,"C",NULL,"δὲ","δὲ","δέ","δέ"
43,11,13,"RA","NSM","ὁ","ὁ","ὁ","ὁ"
43,11,13,"N","NSM","Ἰησοῦς","Ἰησοῦς","Ἰησοῦς","Ἰησοῦς"
43,11,13,"P",NULL,"περὶ","περὶ","περί","περί"
43,11,13,"RA","GSM","τοῦ","τοῦ","τοῦ","ὁ"
43,11,13,"N","GSM","θανάτου","θανάτου","θανάτου","θάνατος"
43,11,13,"RP","GSM","αὐτοῦ.","αὐτοῦ","αὐτοῦ","αὐτός"
43,11,13,"RD","NPM","ἐκεῖνοι","ἐκεῖνοι","ἐκεῖνοι","ἐκεῖνος"
43,11,13,"C",NULL,"δὲ","δὲ","δέ","δέ"
43,11,13,"V","3AAI-P","ἔδοξαν","ἔδοξαν","ἔδοξαν","δοκέω"
43,11,13,"C",NULL,"ὅτι","ὅτι","ὅτι","ὅτι"
43,11,13,"P",NULL,"περὶ","περὶ","περί","περί"
43,11,13,"RA","GSF","τῆς","τῆς","τῆς","ὁ"
43,11,13,"N","GSF","κοιμήσεως","κοιμήσεως","κοιμήσεως","κοίμησις"
43,11,13,"RA","GSM","τοῦ","τοῦ","τοῦ","ὁ"
43,11,13,"N","GSM","ὕπνου","ὕπνου","ὕπνου","ὕπνος"
43,11,13,"V","3PAI-S","λέγει.","λέγει","λέγει","λέγω"
43,11,14,"D",NULL,"τότε","τότε","τότε","τότε"
43,11,14,"C",NULL,"οὖν","οὖν","οὖν","οὖν"
43,11,14,"V","3AAI-S","εἶπεν","εἶπεν","εἶπε(ν)","λέγω"
43,11,14,"RP","DPM","αὐτοῖς","αὐτοῖς","αὐτοῖς","αὐτός"
43,11,14,"RA","NSM","ὁ","ὁ","ὁ","ὁ"
43,11,14,"N","NSM","Ἰησοῦς","Ἰησοῦς","Ἰησοῦς","Ἰησοῦς"
43,11,14,"N","DSF","παρρησίᾳ·","παρρησίᾳ","παρρησίᾳ","παρρησία"
43,11,14,"N","NSM","Λάζαρος","Λάζαρος","Λάζαρος","Λάζαρος"
43,11,14,"V","3AAI-S","ἀπέθανεν,","ἀπέθανεν","ἀπέθανε(ν)","ἀποθνῄσκω"
43,11,15,"C",NULL,"καὶ","καὶ","καί","καί"
43,11,15,"V","1PAI-S","χαίρω","χαίρω","χαίρω","χαίρω"
43,11,15,"P",NULL,"δι’","δι’","διά","διά"
43,11,15,"RP","AP","ὑμᾶς,","ὑμᾶς","ὑμᾶς","σύ"
43,11,15,"C",NULL,"ἵνα","ἵνα","ἵνα","ἵνα"
43,11,15,"V","2AAS-P","πιστεύσητε,","πιστεύσητε","πιστεύσητε","πιστεύω"
43,11,15,"C",NULL,"ὅτι","ὅτι","ὅτι","ὅτι"
43,11,15,"D",NULL,"οὐκ","οὐκ","οὐ","οὐ"
43,11,15,"V","1IMI-S","ἤμην","ἤμην","ἤμην","εἰμί"
43,11,15,"D",NULL,"ἐκεῖ·","ἐκεῖ","ἐκεῖ","ἐκεῖ"
43,11,15,"C",NULL,"ἀλλὰ","ἀλλὰ","ἀλλά","ἀλλά"
43,11,15,"V","1PAS-P","ἄγωμεν","ἄγωμεν","ἄγωμεν","ἄγω"
43,11,15,"P",NULL,"πρὸς","πρὸς","πρός","πρός"
43,11,15,"RP","ASM","αὐτόν.","αὐτόν","αὐτόν","αὐτός"
43,11,16,"V","3AAI-S","εἶπεν","εἶπεν","εἶπε(ν)","λέγω"
43,11,16,"C",NULL,"οὖν","οὖν","οὖν","οὖν"
43,11,16,"N","NSM","Θωμᾶς","Θωμᾶς","Θωμᾶς","Θωμᾶς"
43,11,16,"RA","NSM","ὁ","ὁ","ὁ","ὁ"
43,11,16,"V","PPPNSM","λεγόμενος","λεγόμενος","λεγόμενος","λέγω"
43,11,16,"N","NSM","Δίδυμος","Δίδυμος","Δίδυμος","Δίδυμος"
43,11,16,"RA","DPM","τοῖς","τοῖς","τοῖς","ὁ"
43,11,16,"N","DPM","συμμαθηταῖς·","συμμαθηταῖς","συμμαθηταῖς","συμμαθητής"
43,11,16,"V","1PAS-P","Ἄγωμεν","Ἄγωμεν","ἄγωμεν","ἄγω"
43,11,16,"D",NULL,"καὶ","καὶ","καί","καί"
43,11,16,"RP","NP","ἡμεῖς","ἡμεῖς","ἡμεῖς","ἐγώ"
43,11,16,"C",NULL,"ἵνα","ἵνα","ἵνα","ἵνα"
43,11,16,"V","1AAS-P","ἀποθάνωμεν","ἀποθάνωμεν","ἀποθάνωμεν","ἀποθνῄσκω"
43,11,16,"P",NULL,"μετ’","μετ’","μετά","μετά"
43,11,16,"RP","GSM","αὐτοῦ.","αὐτοῦ","αὐτοῦ","αὐτός"
43,11,17,"V","AAPNSM","Ἐλθὼν","Ἐλθὼν","ἐλθών","ἔρχομαι"
43,11,17,"C",NULL,"οὖν","οὖν","οὖν","οὖν"
43,11,17,"RA","NSM","ὁ","ὁ","ὁ","ὁ"
43,11,17,"N","NSM","Ἰησοῦς","Ἰησοῦς","Ἰησοῦς","Ἰησοῦς"
43,11,17,"V","3AAI-S","εὗρεν","εὗρεν","εὗρε(ν)","εὑρίσκω"
43,11,17,"RP","ASM","αὐτὸν","αὐτὸν","αὐτόν","αὐτός"
43,11,17,"A","APF","τέσσαρας","τέσσαρας","τέσσαρας","τέσσαρες"
43,11,17,"D",NULL,"⸂ἤδη","ἤδη","ἤδη","ἤδη"
43,11,17,"N","APF","ἡμέρας⸃","ἡμέρας","ἡμέρας","ἡμέρα"
43,11,17,"V","PAPASM","ἔχοντα","ἔχοντα","ἔχοντα","ἔχω"
43,11,17,"P",NULL,"ἐν","ἐν","ἐν","ἐν"
43,11,17,"RA","DSN","τῷ","τῷ","τῷ","ὁ"
43,11,17,"N","DSN","μνημείῳ.","μνημείῳ","μνημείῳ","μνημεῖον"
43,11,18,"V","3IAI-S","ἦν","ἦν","ἦν","εἰμί"
43,11,18,"C",NULL,"δὲ","δὲ","δέ","δέ"
43,11,18,"RA","NSF","⸀ἡ","ἡ","ἡ","ὁ"
43,11,18,"N","NSF","Βηθανία","Βηθανία","Βηθανία","Βηθανία"
43,11,18,"P",NULL,"ἐγγὺς","ἐγγὺς","ἐγγύς","ἐγγύς"
43,11,18,"RA","GPN","τῶν","τῶν","τῶν","ὁ"
43,11,18,"N","GPN","Ἱεροσολύμων","Ἱεροσολύμων","Ἱεροσολύμων","Ἱεροσόλυμα"
43,11,18,"D",NULL,"ὡς","ὡς","ὡς","ὡς"
43,11,18,"D",NULL,"ἀπὸ","ἀπὸ","ἀπό","ἀπό"
43,11,18,"N","GPM","σταδίων","σταδίων","σταδίων","στάδιος"
43,11,18,"A","GPM","δεκαπέντε.","δεκαπέντε","δεκαπέντε","δεκαπέντε"
43,11,19,"A","NPM","⸂πολλοὶ","πολλοὶ","πολλοί","πολύς"
43,11,19,"C",NULL,"δὲ⸃","δὲ","δέ","δέ"
43,11,19,"P",NULL,"ἐκ","ἐκ","ἐκ","ἐκ"
43,11,19,"RA","GPM","τῶν","τῶν","τῶν","ὁ"
43,11,19,"A","GPM","Ἰουδαίων","Ἰουδαίων","Ἰουδαίων","Ἰουδαῖος"
43,11,19,"V","3YAI-P","ἐληλύθεισαν","ἐληλύθεισαν","ἐληλύθεισαν","ἔρχομαι"
43,11,19,"P",NULL,"πρὸς","πρὸς","πρός","πρός"
43,11,19,"RA","ASF","⸀τὴν","τὴν","τήν","ὁ"
43,11,19,"N","ASF","Μάρθαν","Μάρθαν","Μάρθαν","Μάρθα"
43,11,19,"C",NULL,"καὶ","καὶ","καί","καί"
43,11,19,"N","ASF","⸀Μαριὰμ","Μαριὰμ","Μαριάμ","Μαριάμ"
43,11,19,"C",NULL,"ἵνα","ἵνα","ἵνα","ἵνα"
43,11,19,"V","3AMS-P","παραμυθήσωνται","παραμυθήσωνται","παραμυθήσωνται","παραμυθέομαι"
43,11,19,"RP","APF","αὐτὰς","αὐτὰς","αὐτάς","αὐτός"
43,11,19,"P",NULL,"περὶ","περὶ","περί","περί"
43,11,19,"RA","GSM","τοῦ","τοῦ","τοῦ","ὁ"
43,11,19,"N","GSM","⸀ἀδελφοῦ.","ἀδελφοῦ","ἀδελφοῦ","ἀδελφός"
43,11,20,"RA","NSF","ἡ","ἡ","ἡ","ὁ"
43,11,20,"C",NULL,"οὖν","οὖν","οὖν","οὖν"
43,11,20,"N","NSF","Μάρθα","Μάρθα","Μάρθα","Μάρθα"
43,11,20,"C",NULL,"ὡς","ὡς","ὡς","ὡς"
43,11,20,"V","3AAI-S","ἤκουσεν","ἤκουσεν","ἤκουσε(ν)","ἀκούω"
43,11,20,"C",NULL,"ὅτι","ὅτι","ὅτι","ὅτι"
43,11,20,"N","NSM","Ἰησοῦς","Ἰησοῦς","Ἰησοῦς","Ἰησοῦς"
43,11,20,"V","3PMI-S","ἔρχεται","ἔρχεται","ἔρχεται","ἔρχομαι"
43,11,20,"V","3AAI-S","ὑπήντησεν","ὑπήντησεν","ὑπήντησε(ν)","ὑπαντάω"
43,11,20,"RP","DSM","αὐτῷ·","αὐτῷ","αὐτῷ","αὐτός"
43,11,20,"N","NSF","⸀Μαρία","Μαρία","Μαρία","Μαρία"
43,11,20,"C",NULL,"δὲ","δὲ","δέ","δέ"
43,11,20,"P",NULL,"ἐν","ἐν","ἐν","ἐν"
43,11,20,"RA","DSM","τῷ","τῷ","τῷ","ὁ"
43,11,20,"N","DSM","οἴκῳ","οἴκῳ","οἴκῳ","οἶκος"
43,11,20,"V","3IMI-S","ἐκαθέζετο.","ἐκαθέζετο","ἐκαθέζετο","καθέζομαι"
43,11,21,"V","3AAI-S","εἶπεν","εἶπεν","εἶπε(ν)","λέγω"
43,11,21,"C",NULL,"οὖν","οὖν","οὖν","οὖν"
43,11,21,"RA","NSF","⸀ἡ","ἡ","ἡ","ὁ"
43,11,21,"N","NSF","Μάρθα","Μάρθα","Μάρθα","Μάρθα"
43,11,21,"P",NULL,"πρὸς","πρὸς","πρός","πρός"
43,11,21,"RA","ASM","⸀τὸν","τὸν","τόν","ὁ"
43,11,21,"N","ASM","Ἰησοῦν·","Ἰησοῦν","Ἰησοῦν","Ἰησοῦς"
43,11,21,"N","VSM","Κύριε,","Κύριε","κύριε","κύριος"
43,11,21,"C",NULL,"εἰ","εἰ","εἰ","εἰ"
43,11,21,"V","2IAI-S","ἦς","ἦς","ἦς","εἰμί"
43,11,21,"D",NULL,"ὧδε","ὧδε","ὧδε","ὧδε"
43,11,21,"D",NULL,"⸂οὐκ","οὐκ","οὐ","οὐ"
43,11,21,"X",NULL,"ἂν","ἂν","ἄν","ἄν"
43,11,21,"V","3AAI-S","ἀπέθανεν","ἀπέθανεν","ἀπέθανε(ν)","ἀποθνῄσκω"
43,11,21,"RA","NSM","ὁ","ὁ","ὁ","ὁ"
43,11,21,"N","NSM","ἀδελφός","ἀδελφός","ἀδελφός","ἀδελφός"
43,11,21,"RP","GS","μου⸃·","μου","μου","ἐγώ"
43,11,22,"D",NULL,"⸀καὶ","καὶ","καί","καί"
43,11,22,"D",NULL,"νῦν","νῦν","νῦν","νῦν"
43,11,22,"V","1XAI-S","οἶδα","οἶδα","οἶδα","οἶδα"
43,11,22,"C",NULL,"ὅτι","ὅτι","ὅτι","ὅτι"
43,11,22,"RR","APN","ὅσα","ὅσα","ὅσα","ὅσος"
43,11,22,"X",NULL,"ἂν","ἂν","ἄν","ἄν"
43,11,22,"V","2AMS-S","αἰτήσῃ","αἰτήσῃ","αἰτήσῃ","αἰτέω"
43,11,22,"RA","ASM","τὸν","τὸν","τόν","ὁ"
43,11,22,"N","ASM","θεὸν","θεὸν","θεόν","θεός"
43,11,22,"V","3FAI-S","δώσει","δώσει","δώσει","δίδωμι"
43,11,22,"RP","DS","σοι","σοι","σοι","σύ"
43,11,22,"RA","NSM","ὁ","ὁ","ὁ","ὁ"
43,11,22,"N","NSM","θεός.","θεός","θεός","θεός"
43,11,23,"V","3PAI-S","λέγει","λέγει","λέγει","λέγω"
43,11,23,"RP","DSF","αὐτῇ","αὐτῇ","αὐτῇ","αὐτός"
43,11,23,"RA","NSM","ὁ","ὁ","ὁ","ὁ"
43,11,23,"N","NSM","Ἰησοῦς·","Ἰησοῦς","Ἰησοῦς","Ἰησοῦς"
43,11,23,"V","3FMI-S","Ἀναστήσεται","Ἀναστήσεται","ἀναστήσεται","ἀνίστημι"
43,11,23,"RA","NSM","ὁ","ὁ","ὁ","ὁ"
43,11,23,"N","NSM","ἀδελφός","ἀδελφός","ἀδελφός","ἀδελφός"
43,11,23,"RP","GS","σου.","σου","σου","σύ"
43,11,24,"V","3PAI-S","λέγει","λέγει","λέγει","λέγω"
43,11,24,"RP","DSM","αὐτῷ","αὐτῷ","αὐτῷ","αὐτός"
43,11,24,"RA","NSF","⸀ἡ","ἡ","ἡ","ὁ"
43,11,24,"N","NSF","Μάρθα·","Μάρθα","Μάρθα","Μάρθα"
43,11,24,"V","1XAI-S","Οἶδα","Οἶδα","οἶδα","οἶδα"
43,11,24,"C",NULL,"ὅτι","ὅτι","ὅτι","ὅτι"
43,11,24,"V","3FMI-S","ἀναστήσεται","ἀναστήσεται","ἀναστήσεται","ἀνίστημι"
43,11,24,"P",NULL,"ἐν","ἐν","ἐν","ἐν"
43,11,24,"RA","DSF","τῇ","τῇ","τῇ","ὁ"
43,11,24,"N","DSF","ἀναστάσει","ἀναστάσει","ἀναστάσει","ἀνάστασις"
43,11,24,"P",NULL,"ἐν","ἐν","ἐν","ἐν"
43,11,24,"RA","DSF","τῇ","τῇ","τῇ","ὁ"
43,11,24,"A","DSF","ἐσχάτῃ","ἐσχάτῃ","ἐσχάτῃ","ἔσχατος"
43,11,24,"N","DSF","ἡμέρᾳ.","ἡμέρᾳ","ἡμέρᾳ","ἡμέρα"
43,11,25,"V","3AAI-S","εἶπεν","εἶπεν","εἶπε(ν)","λέγω"
43,11,25,"RP","DSF","αὐτῇ","αὐτῇ","αὐτῇ","αὐτός"
43,11,25,"RA","NSM","ὁ","ὁ","ὁ","ὁ"
43,11,25,"N","NSM","Ἰησοῦς·","Ἰησοῦς","Ἰησοῦς","Ἰησοῦς"
43,11,25,"RP","NS","Ἐγώ","Ἐγώ","ἐγώ","ἐγώ"
43,11,25,"V","1PAI-S","εἰμι","εἰμι","εἰμί","εἰμί"
43,11,25,"RA","NSF","ἡ","ἡ","ἡ","ὁ"
43,11,25,"N","NSF","ἀνάστασις","ἀνάστασις","ἀνάστασις","ἀνάστασις"
43,11,25,"C",NULL,"καὶ","καὶ","καί","καί"
43,11,25,"RA","NSF","ἡ","ἡ","ἡ","ὁ"
43,11,25,"N","NSF","ζωή·","ζωή","ζωή","ζωή"
43,11,25,"RA","NSM","ὁ","ὁ","ὁ","ὁ"
43,11,25,"V","PAPNSM","πιστεύων","πιστεύων","πιστεύων","πιστεύω"
43,11,25,"P",NULL,"εἰς","εἰς","εἰς","εἰς"
43,11,25,"RP","AS","ἐμὲ","ἐμὲ","ἐμέ","ἐγώ"
43,11,25,"D",NULL,"κἂν","κἂν","κἄν","κἄν"
43,11,25,"V","3AAS-S","ἀποθάνῃ","ἀποθάνῃ","ἀποθάνῃ","ἀποθνῄσκω"
43,11,25,"V","3FMI-S","ζήσεται,","ζήσεται","ζήσεται","ζάω"
43,11,26,"C",NULL,"καὶ","καὶ","καί","καί"
43,11,26,"A","NSM","πᾶς","πᾶς","πᾶς","πᾶς"
43,11,26,"RA","NSM","ὁ","ὁ","ὁ","ὁ"
43,11,26,"V","PAPNSM","ζῶν","ζῶν","ζῶν","ζάω"
43,11,26,"C",NULL,"καὶ","καὶ","καί","καί"
43,11,26,"V","PAPNSM","πιστεύων","πιστεύων","πιστεύων","πιστεύω"
43,11,26,"P",NULL,"εἰς","εἰς","εἰς","εἰς"
43,11,26,"RP","AS","ἐμὲ","ἐμὲ","ἐμέ","ἐγώ"
43,11,26,"D",NULL,"οὐ","οὐ","οὐ","οὐ"
43,11,26,"D",NULL,"μὴ","μὴ","μή","μή"
43,11,26,"V","3AAS-S","ἀποθάνῃ","ἀποθάνῃ","ἀποθάνῃ","ἀποθνῄσκω"
43,11,26,"P",NULL,"εἰς","εἰς","εἰς","εἰς"
43,11,26,"RA","ASM","τὸν","τὸν","τόν","ὁ"
43,11,26,"N","ASM","αἰῶνα·","αἰῶνα","αἰῶνα","αἰών"
43,11,26,"V","2PAI-S","πιστεύεις","πιστεύεις","πιστεύεις","πιστεύω"
43,11,26,"RD","ASN","τοῦτο;","τοῦτο","τοῦτο","οὗτος"
43,11,27,"V","3PAI-S","λέγει","λέγει","λέγει","λέγω"
43,11,27,"RP","DSM","αὐτῷ·","αὐτῷ","αὐτῷ","αὐτός"
43,11,27,"X",NULL,"Ναί,","Ναί","ναί","ναί"
43,11,27,"N","VSM","κύριε·","κύριε","κύριε","κύριος"
43,11,27,"RP","NS","ἐγὼ","ἐγὼ","ἐγώ","ἐγώ"
43,11,27,"V","1XAI-S","πεπίστευκα","πεπίστευκα","πεπίστευκα","πιστεύω"
43,11,27,"C",NULL,"ὅτι","ὅτι","ὅτι","ὅτι"
43,11,27,"RP","NS","σὺ","σὺ","σύ","σύ"
43,11,27,"V","2PAI-S","εἶ","εἶ","εἶ","εἰμί"
43,11,27,"RA","NSM","ὁ","ὁ","ὁ","ὁ"
43,11,27,"N","NSM","χριστὸς","χριστὸς","Χριστός","Χριστός"
43,11,27,"RA","NSM","ὁ","ὁ","ὁ","ὁ"
43,11,27,"N","NSM","υἱὸς","υἱὸς","υἱός","υἱός"
43,11,27,"RA","GSM","τοῦ","τοῦ","τοῦ","ὁ"
43,11,27,"N","GSM","θεοῦ","θεοῦ","θεοῦ","θεός"
43,11,27,"RA","NSM","ὁ","ὁ","ὁ","ὁ"
43,11,27,"P",NULL,"εἰς","εἰς","εἰς","εἰς"
43,11,27,"RA","ASM","τὸν","τὸν","τόν","ὁ"
43,11,27,"N","ASM","κόσμον","κόσμον","κόσμον","κόσμος"
43,11,27,"V","PMPNSM","ἐρχόμενος.","ἐρχόμενος","ἐρχόμενος","ἔρχομαι"
43,11,28,"C",NULL,"Καὶ","Καὶ","καί","καί"
43,11,28,"RD","ASN","⸀τοῦτο","τοῦτο","τοῦτο","οὗτος"
43,11,28,"V","AAPNSF","εἰποῦσα","εἰποῦσα","εἰποῦσα","λέγω"
43,11,28,"V","3AAI-S","ἀπῆλθεν","ἀπῆλθεν","ἀπῆλθε(ν)","ἀπέρχομαι"
43,11,28,"C",NULL,"καὶ","καὶ","καί","καί"
43,11,28,"V","3AAI-S","ἐφώνησεν","ἐφώνησεν","ἐφώνησε(ν)","φωνέω"
43,11,28,"N","ASF","⸀Μαριὰμ","Μαριὰμ","Μαριάμ","Μαριάμ"
43,11,28,"RA","ASF","τὴν","τὴν","τήν","ὁ"
43,11,28,"N","ASF","ἀδελφὴν","ἀδελφὴν","ἀδελφήν","ἀδελφή"
43,11,28,"RP","GSF","αὐτῆς","αὐτῆς","αὐτῆς","αὐτός"
43,11,28,"D",NULL,"λάθρᾳ","λάθρᾳ","λάθρᾳ","λάθρᾳ"
43,11,28,"V","AAPNSF","εἰποῦσα·","εἰποῦσα","εἰποῦσα","λέγω"
43,11,28,"RA","NSM","Ὁ","Ὁ","ὁ","ὁ"
43,11,28,"N","NSM","διδάσκαλος","διδάσκαλος","διδάσκαλος","διδάσκαλος"
43,11,28,"V","3PAI-S","πάρεστιν","πάρεστιν","πάρεστι(ν)","πάρειμι"
43,11,28,"C",NULL,"καὶ","καὶ","καί","καί"
43,11,28,"V","3PAI-S","φωνεῖ","φωνεῖ","φωνεῖ","φωνέω"
43,11,28,"RP","AS","σε.","σε","σε","σύ"
43,11,29,"RD","NSF","ἐκείνη","ἐκείνη","ἐκείνη","ἐκεῖνος"
43,11,29,"C",NULL,"⸀δὲ","δὲ","δέ","δέ"
43,11,29,"C",NULL,"ὡς","ὡς","ὡς","ὡς"
43,11,29,"V","3AAI-S","ἤκουσεν","ἤκουσεν","ἤκουσε(ν)","ἀκούω"
43,11,29,"V","3API-S","⸀ἠγέρθη","ἠγέρθη","ἠγέρθη","ἐγείρω"
43,11,29,"A","ASN","ταχὺ","ταχὺ","ταχύ","ταχύ"
43,11,29,"C",NULL,"καὶ","καὶ","καί","καί"
43,11,29,"V","3IMI-S","⸀ἤρχετο","ἤρχετο","ἤρχετο","ἔρχομαι"
43,11,29,"P",NULL,"πρὸς","πρὸς","πρός","πρός"
43,11,29,"RP","ASM","αὐτόν·","αὐτόν","αὐτόν","αὐτός"
43,11,30,"D",NULL,"οὔπω","οὔπω","οὔπω","οὔπω"
43,11,30,"C",NULL,"δὲ","δὲ","δέ","δέ"
43,11,30,"V","3YAI-S","ἐληλύθει","ἐληλύθει","ἐληλύθει","ἔρχομαι"
43,11,30,"RA","NSM","ὁ","ὁ","ὁ","ὁ"
43,11,30,"N","NSM","Ἰησοῦς","Ἰησοῦς","Ἰησοῦς","Ἰησοῦς"
43,11,30,"P",NULL,"εἰς","εἰς","εἰς","εἰς"
43,11,30,"RA","ASF","τὴν","τὴν","τήν","ὁ"
43,11,30,"N","ASF","κώμην,","κώμην","κώμην","κώμη"
43,11,30,"C",NULL,"ἀλλ’","ἀλλ’","ἀλλά","ἀλλά"
43,11,30,"V","3IAI-S","ἦν","ἦν","ἦν","εἰμί"
43,11,30,"D",NULL,"⸀ἔτι","ἔτι","ἔτι","ἔτι"
43,11,30,"P",NULL,"ἐν","ἐν","ἐν","ἐν"
43,11,30,"RA","DSM","τῷ","τῷ","τῷ","ὁ"
43,11,30,"N","DSM","τόπῳ","τόπῳ","τόπῳ","τόπος"
43,11,30,"D",NULL,"ὅπου","ὅπου","ὅπου","ὅπου"
43,11,30,"V","3AAI-S","ὑπήντησεν","ὑπήντησεν","ὑπήντησε(ν)","ὑπαντάω"
43,11,30,"RP","DSM","αὐτῷ","αὐτῷ","αὐτῷ","αὐτός"
43,11,30,"RA","NSF","ἡ","ἡ","ἡ","ὁ"
43,11,30,"N","NSF","Μάρθα.","Μάρθα","Μάρθα","Μάρθα"
43,11,31,"RA","NPM","οἱ","οἱ","οἱ","ὁ"
43,11,31,"C",NULL,"οὖν","οὖν","οὖν","οὖν"
43,11,31,"A","NPM","Ἰουδαῖοι","Ἰουδαῖοι","Ἰουδαῖοι","Ἰουδαῖος"
43,11,31,"RA","NPM","οἱ","οἱ","οἱ","ὁ"
43,11,31,"V","PAPNPM","ὄντες","ὄντες","ὄντες","εἰμί"
43,11,31,"P",NULL,"μετ’","μετ’","μετά","μετά"
43,11,31,"RP","GSF","αὐτῆς","αὐτῆς","αὐτῆς","αὐτός"
43,11,31,"P",NULL,"ἐν","ἐν","ἐν","ἐν"
43,11,31,"RA","DSF","τῇ","τῇ","τῇ","ὁ"
43,11,31,"N","DSF","οἰκίᾳ","οἰκίᾳ","οἰκίᾳ","οἰκία"
43,11,31,"C",NULL,"καὶ","καὶ","καί","καί"
43,11,31,"V","PMPNPM","παραμυθούμενοι","παραμυθούμενοι","παραμυθούμενοι","παραμυθέομαι"
43,11,31,"RP","ASF","αὐτήν,","αὐτήν","αὐτήν","αὐτός"
43,11,31,"V","AAPNPM","ἰδόντες","ἰδόντες","ἰδόντες","ὁράω"
43,11,31,"RA","ASF","τὴν","τὴν","τήν","ὁ"
43,11,31,"N","ASF","⸀Μαριὰμ","Μαριὰμ","Μαριάμ","Μαριάμ"
43,11,31,"C",NULL,"ὅτι","ὅτι","ὅτι","ὅτι"
43,11,31,"D",NULL,"ταχέως","ταχέως","ταχέως","ταχέως"
43,11,31,"V","3AAI-S","ἀνέστη","ἀνέστη","ἀνέστη","ἀνίστημι"
43,11,31,"C",NULL,"καὶ","καὶ","καί","καί"
43,11,31,"V","3AAI-S","ἐξῆλθεν,","ἐξῆλθεν","ἐξῆλθε(ν)","ἐξέρχομαι"
43,11,31,"V","3AAI-P","ἠκολούθησαν","ἠκολούθησαν","ἠκολούθησαν","ἀκολουθέω"
43,11,31,"RP","DSF","αὐτῇ","αὐτῇ","αὐτῇ","αὐτός"
43,11,31,"V","AAPNPM","⸀δόξαντες","δόξαντες","δόξαντες","δοκέω"
43,11,31,"C",NULL,"ὅτι","ὅτι","ὅτι","ὅτι"
43,11,31,"V","3PAI-S","ὑπάγει","ὑπάγει","ὑπάγει","ὑπάγω"
43,11,31,"P",NULL,"εἰς","εἰς","εἰς","εἰς"
43,11,31,"RA","ASN","τὸ","τὸ","τό","ὁ"
43,11,31,"N","ASN","μνημεῖον","μνημεῖον","μνημεῖον","μνημεῖον"
43,11,31,"C",NULL,"ἵνα","ἵνα","ἵνα","ἵνα"
43,11,31,"V","3AAS-S","κλαύσῃ","κλαύσῃ","κλαύσῃ","κλαίω"
43,11,31,"D",NULL,"ἐκεῖ.","ἐκεῖ","ἐκεῖ","ἐκεῖ"
43,11,32,"RA","NSF","ἡ","ἡ","ἡ","ὁ"
43,11,32,"C",NULL,"οὖν","οὖν","οὖν","οὖν"
43,11,32,"N","NSF","⸀Μαριὰμ","Μαριὰμ","Μαριάμ","Μαριάμ"
43,11,32,"C",NULL,"ὡς","ὡς","ὡς","ὡς"
43,11,32,"V","3AAI-S","ἦλθεν","ἦλθεν","ἦλθε(ν)","ἔρχομαι"
43,11,32,"C",NULL,"ὅπου","ὅπου","ὅπου","ὅπου"
43,11,32,"V","3IAI-S","⸀ἦν","ἦν","ἦν","εἰμί"
43,11,32,"N","NSM","Ἰησοῦς","Ἰησοῦς","Ἰησοῦς","Ἰησοῦς"
43,11,32,"V","AAPNSF","ἰδοῦσα","ἰδοῦσα","ἰδοῦσα","ὁράω"
43,11,32,"RP","ASM","αὐτὸν","αὐτὸν","αὐτόν","αὐτός"
43,11,32,"V","3AAI-S","ἔπεσεν","ἔπεσεν","ἔπεσε(ν)","πίπτω"
43,11,32,"RP","GSM","αὐτοῦ","αὐτοῦ","αὐτοῦ","αὐτός"
43,11,32,"P",NULL,"⸀πρὸς","πρὸς","πρός","πρός"
43,11,32,"RA","APM","τοὺς","τοὺς","τούς","ὁ"
43,11,32,"N","APM","πόδας,","πόδας","πόδας","πούς"
43,11,32,"V","PAPNSF","λέγουσα","λέγουσα","λέγουσα","λέγω"
43,11,32,"RP","DSM","αὐτῷ·","αὐτῷ","αὐτῷ","αὐτός"
43,11,32,"N","VSM","Κύριε,","Κύριε","κύριε","κύριος"
43,11,32,"C",NULL,"εἰ","εἰ","εἰ","εἰ"
43,11,32,"V","2IAI-S","ἦς","ἦς","ἦς","εἰμί"
43,11,32,"D",NULL,"ὧδε","ὧδε","ὧδε","ὧδε"
43,11,32,"D",NULL,"οὐκ","οὐκ","οὐ","οὐ"
43,11,32,"X",NULL,"ἄν","ἄν","ἄν","ἄν"
43,11,32,"RP","GS","⸂μου","μου","μου","ἐγώ"
43,11,32,"V","3AAI-S","ἀπέθανεν⸃","ἀπέθανεν","ἀπέθανε(ν)","ἀποθνῄσκω"
43,11,32,"RA","NSM","ὁ","ὁ","ὁ","ὁ"
43,11,32,"N","NSM","ἀδελφός.","ἀδελφός","ἀδελφός","ἀδελφός"
43,11,33,"N","NSM","Ἰησοῦς","Ἰησοῦς","Ἰησοῦς","Ἰησοῦς"
43,11,33,"C",NULL,"οὖν","οὖν","οὖν","οὖν"
43,11,33,"C",NULL,"ὡς","ὡς","ὡς","ὡς"
43,11,33,"V","3AAI-S","εἶδεν","εἶδεν","εἶδε(ν)","ὁράω"
43,11,33,"RP","ASF","αὐτὴν","αὐτὴν","αὐτήν","αὐτός"
43,11,33,"V","PAPASF","κλαίουσαν","κλαίουσαν","κλαίουσαν","κλαίω"
43,11,33,"C",NULL,"καὶ","καὶ","καί","καί"
43,11,33,"RA","APM","τοὺς","τοὺς","τούς","ὁ"
43,11,33,"V","AAPAPM","συνελθόντας","συνελθόντας","συνελθόντας","συνέρχομαι"
43,11,33,"RP","DSF","αὐτῇ","αὐτῇ","αὐτῇ","αὐτός"
43,11,33,"A","APM","Ἰουδαίους","Ἰουδαίους","Ἰουδαίους","Ἰουδαῖος"
43,11,33,"V","PAPAPM","κλαίοντας","κλαίοντας","κλαίοντας","κλαίω"
43,11,33,"V","3AMI-S","ἐνεβριμήσατο","ἐνεβριμήσατο","ἐνεβριμήσατο","ἐμβριμάομαι"
43,11,33,"RA","DSN","τῷ","τῷ","τῷ","ὁ"
43,11,33,"N","DSN","πνεύματι","πνεύματι","πνεύματι","πνεῦμα"
43,11,33,"C",NULL,"καὶ","καὶ","καί","καί"
43,11,33,"V","3AAI-S","ἐτάραξεν","ἐτάραξεν","ἐτάραξε(ν)","ταράσσω"
43,11,33,"RP","ASM","ἑαυτόν,","ἑαυτόν","ἑαυτόν","ἑαυτοῦ"
43,11,34,"C",NULL,"καὶ","καὶ","καί","καί"
43,11,34,"V","3AAI-S","εἶπεν·","εἶπεν","εἶπε(ν)","λέγω"
43,11,34,"D",NULL,"Ποῦ","Ποῦ","ποῦ","ποῦ"
43,11,34,"V","2XAI-P","τεθείκατε","τεθείκατε","τεθείκατε","τίθημι"
43,11,34,"RP","ASM","αὐτόν;","αὐτόν","αὐτόν","αὐτός"
43,11,34,"V","3PAI-P","λέγουσιν","λέγουσιν","λέγουσι(ν)","λέγω"
43,11,34,"RP","DSM","αὐτῷ·","αὐτῷ","αὐτῷ","αὐτός"
43,11,34,"N","VSM","Κύριε,","Κύριε","κύριε","κύριος"
43,11,34,"V","2PMD-S","ἔρχου","ἔρχου","ἔρχου","ἔρχομαι"
43,11,34,"C",NULL,"καὶ","καὶ","καί","καί"
43,11,34,"V","2AAD-S","ἴδε.","ἴδε","ἴδε","ὁράω"
43,11,35,"V","3AAI-S","ἐδάκρυσεν","ἐδάκρυσεν","ἐδάκρυσε(ν)","δακρύω"
43,11,35,"RA","NSM","ὁ","ὁ","ὁ","ὁ"
43,11,35,"N","NSM","Ἰησοῦς.","Ἰησοῦς","Ἰησοῦς","Ἰησοῦς"
43,11,36,"V","3IAI-P","ἔλεγον","ἔλεγον","ἔλεγον","λέγω"
43,11,36,"C",NULL,"οὖν","οὖν","οὖν","οὖν"
43,11,36,"RA","NPM","οἱ","οἱ","οἱ","ὁ"
43,11,36,"A","NPM","Ἰουδαῖοι·","Ἰουδαῖοι","Ἰουδαῖοι","Ἰουδαῖος"
43,11,36,"X",NULL,"Ἴδε","Ἴδε","ἴδε","ἴδε"
43,11,36,"D",NULL,"πῶς","πῶς","πῶς","πῶς"
43,11,36,"V","3IAI-S","ἐφίλει","ἐφίλει","ἐφίλει","φιλέω"
43,11,36,"RP","ASM","αὐτόν.","αὐτόν","αὐτόν","αὐτός"
43,11,37,"RI","NPM","τινὲς","τινὲς","τινές","τις"
43,11,37,"C",NULL,"δὲ","δὲ","δέ","δέ"
43,11,37,"P",NULL,"ἐξ","ἐξ","ἐκ","ἐκ"
43,11,37,"RP","GPM","αὐτῶν","αὐτῶν","αὐτῶν","αὐτός"
43,11,37,"V","3AAI-P","εἶπαν·","εἶπαν","εἶπαν","λέγω"
43,11,37,"X",NULL,"Οὐκ","Οὐκ","οὐ","οὐ"
43,11,37,"V","3IMI-S","ἐδύνατο","ἐδύνατο","ἐδύνατο","δύναμαι"
43,11,37,"RD","NSM","οὗτος","οὗτος","οὗτος","οὗτος"
43,11,37,"RA","NSM","ὁ","ὁ","ὁ","ὁ"
43,11,37,"V","AAPNSM","ἀνοίξας","ἀνοίξας","ἀνοίξας","ἀνοίγω"
43,11,37,"RA","APM","τοὺς","τοὺς","τούς","ὁ"
43,11,37,"N","APM","ὀφθαλμοὺς","ὀφθαλμοὺς","ὀφθαλμούς","ὀφθαλμός"
43,11,37,"RA","GSM","τοῦ","τοῦ","τοῦ","ὁ"
43,11,37,"A","GSM","τυφλοῦ","τυφλοῦ","τυφλοῦ","τυφλός"
43,11,37,"V","AAN","ποιῆσαι","ποιῆσαι","ποιῆσαι","ποιέω"
43,11,37,"C",NULL,"ἵνα","ἵνα","ἵνα","ἵνα"
43,11,37,"D",NULL,"καὶ","καὶ","καί","καί"
43,11,37,"RD","NSM","οὗτος","οὗτος","οὗτος","οὗτος"
43,11,37,"D",NULL,"μὴ","μὴ","μή","μή"
43,11,37,"V","3AAS-S","ἀποθάνῃ;","ἀποθάνῃ","ἀποθάνῃ","ἀποθνῄσκω"
43,11,38,"N","NSM","Ἰησοῦς","Ἰησοῦς","Ἰησοῦς","Ἰησοῦς"
43,11,38,"C",NULL,"οὖν","οὖν","οὖν","οὖν"
43,11,38,"D",NULL,"πάλιν","πάλιν","πάλιν","πάλιν"
43,11,38,"V","PMPNSM","ἐμβριμώμενος","ἐμβριμώμενος","ἐμβριμώμενος","ἐμβριμάομαι"
43,11,38,"P",NULL,"ἐν","ἐν","ἐν","ἐν"
43,11,38,"RP","DSM","ἑαυτῷ","ἑαυτῷ","ἑαυτῷ","ἑαυτοῦ"
43,11,38,"V","3PMI-S","ἔρχεται","ἔρχεται","ἔρχεται","ἔρχομαι"
43,11,38,"P",NULL,"εἰς","εἰς","εἰς","εἰς"
43,11,38,"RA","ASN","τὸ","τὸ","τό","ὁ"
43,11,38,"N","ASN","μνημεῖον·","μνημεῖον","μνημεῖον","μνημεῖον"
43,11,38,"V","3IAI-S","ἦν","ἦν","ἦν","εἰμί"
43,11,38,"C",NULL,"δὲ","δὲ","δέ","δέ"
43,11,38,"N","NSN","σπήλαιον,","σπήλαιον","σπήλαιον","σπήλαιον"
43,11,38,"C",NULL,"καὶ","καὶ","καί","καί"
43,11,38,"N","NSM","λίθος","λίθος","λίθος","λίθος"
43,11,38,"V","3IMI-S","ἐπέκειτο","ἐπέκειτο","ἐπέκειτο","ἐπίκειμαι"
43,11,38,"P",NULL,"ἐπ’","ἐπ’","ἐπί","ἐπί"
43,11,38,"RP","DSN","αὐτῷ.","αὐτῷ","αὐτῷ","αὐτός"
43,11,39,"V","3PAI-S","λέγει","λέγει","λέγει","λέγω"
43,11,39,"RA","NSM","ὁ","ὁ","ὁ","ὁ"
43,11,39,"N","NSM","Ἰησοῦς·","Ἰησοῦς","Ἰησοῦς","Ἰησοῦς"
43,11,39,"V","2AAD-P","Ἄρατε","Ἄρατε","ἄρατε","αἴρω"
43,11,39,"RA","ASM","τὸν","τὸν","τόν","ὁ"
43,11,39,"N","ASM","λίθον.","λίθον","λίθον","λίθος"
43,11,39,"V","3PAI-S","λέγει","λέγει","λέγει","λέγω"
43,11,39,"RP","DSM","αὐτῷ","αὐτῷ","αὐτῷ","αὐτός"
43,11,39,"RA","NSF","ἡ","ἡ","ἡ","ὁ"
43,11,39,"N","NSF","ἀδελφὴ","ἀδελφὴ","ἀδελφή","ἀδελφή"
43,11,39,"RA","GSM","τοῦ","τοῦ","τοῦ","ὁ"
43,11,39,"V","XAPGSM","⸀τετελευτηκότος","τετελευτηκότος","τετελευτηκότος","τελευτάω"
43,11,39,"N","NSF","Μάρθα·","Μάρθα","Μάρθα","Μάρθα"
43,11,39,"N","VSM","Κύριε,","Κύριε","κύριε","κύριος"
43,11,39,"D",NULL,"ἤδη","ἤδη","ἤδη","ἤδη"
43,11,39,"V","3PAI-S","ὄζει,","ὄζει","ὄζει","ὄζω"
43,11,39,"A","NSM","τεταρταῖος","τεταρταῖος","τεταρταῖος","τεταρταῖος"
43,11,39,"C",NULL,"γάρ","γάρ","γάρ","γάρ"
43,11,39,"V","3PAI-S","ἐστιν.","ἐστιν","ἐστί(ν)","εἰμί"
43,11,40,"V","3PAI-S","λέγει","λέγει","λέγει","λέγω"
43,11,40,"RP","DSF","αὐτῇ","αὐτῇ","αὐτῇ","αὐτός"
43,11,40,"RA","NSM","ὁ","ὁ","ὁ","ὁ"
43,11,40,"N","NSM","Ἰησοῦς·","Ἰησοῦς","Ἰησοῦς","Ἰησοῦς"
43,11,40,"X",NULL,"Οὐκ","Οὐκ","οὐ","οὐ"
43,11,40,"V","1AAI-S","εἶπόν","εἶπόν","εἶπον","λέγω"
43,11,40,"RP","DS","σοι","σοι","σοι","σύ"
43,11,40,"C",NULL,"ὅτι","ὅτι","ὅτι","ὅτι"
43,11,40,"C",NULL,"ἐὰν","ἐὰν","ἐάν","ἐάν"
43,11,40,"V","2AAS-S","πιστεύσῃς","πιστεύσῃς","πιστεύσῃς","πιστεύω"
43,11,40,"V","2FMI-S","⸀ὄψῃ","ὄψῃ","ὄψῃ","ὁράω"
43,11,40,"RA","ASF","τὴν","τὴν","τήν","ὁ"
43,11,40,"N","ASF","δόξαν","δόξαν","δόξαν","δόξα"
43,11,40,"RA","GSM","τοῦ","τοῦ","τοῦ","ὁ"
43,11,40,"N","GSM","θεοῦ;","θεοῦ","θεοῦ","θεός"
43,11,41,"V","3AAI-P","ἦραν","ἦραν","ἦραν","αἴρω"
43,11,41,"C",NULL,"οὖν","οὖν","οὖν","οὖν"
43,11,41,"RA","ASM","τὸν","τὸν","τόν","ὁ"
43,11,41,"N","ASM","⸀λίθον.","λίθον","λίθον","λίθος"
43,11,41,"RA","NSM","ὁ","ὁ","ὁ","ὁ"
43,11,41,"C",NULL,"δὲ","δὲ","δέ","δέ"
43,11,41,"N","NSM","Ἰησοῦς","Ἰησοῦς","Ἰησοῦς","Ἰησοῦς"
43,11,41,"V","3AAI-S","ἦρεν","ἦρεν","ἦρε(ν)","αἴρω"
43,11,41,"RA","APM","τοὺς","τοὺς","τούς","ὁ"
43,11,41,"N","APM","ὀφθαλμοὺς","ὀφθαλμοὺς","ὀφθαλμούς","ὀφθαλμός"
43,11,41,"D",NULL,"ἄνω","ἄνω","ἄνω","ἄνω"
43,11,41,"C",NULL,"καὶ","καὶ","καί","καί"
43,11,41,"V","3AAI-S","εἶπεν·","εἶπεν","εἶπε(ν)","λέγω"
43,11,41,"N","VSM","Πάτερ,","Πάτερ","πάτερ","πατήρ"
43,11,41,"V","1PAI-S","εὐχαριστῶ","εὐχαριστῶ","εὐχαριστῶ","εὐχαριστέω"
43,11,41,"RP","DS","σοι","σοι","σοι","σύ"
43,11,41,"C",NULL,"ὅτι","ὅτι","ὅτι","ὅτι"
43,11,41,"V","2AAI-S","ἤκουσάς","ἤκουσάς","ἤκουσας","ἀκούω"
43,11,41,"RP","GS","μου,","μου","μου","ἐγώ"
43,11,42,"RP","NS","ἐγὼ","ἐγὼ","ἐγώ","ἐγώ"
43,11,42,"C",NULL,"δὲ","δὲ","δέ","δέ"
43,11,42,"V","1YAI-S","ᾔδειν","ᾔδειν","ᾔδειν","οἶδα"
43,11,42,"C",NULL,"ὅτι","ὅτι","ὅτι","ὅτι"
43,11,42,"D",NULL,"πάντοτέ","πάντοτέ","πάντοτε","πάντοτε"
43,11,42,"RP","GS","μου","μου","μου","ἐγώ"
43,11,42,"V","2PAI-S","ἀκούεις·","ἀκούεις","ἀκούεις","ἀκούω"
43,11,42,"C",NULL,"ἀλλὰ","ἀλλὰ","ἀλλά","ἀλλά"
43,11,42,"P",NULL,"διὰ","διὰ","διά","διά"
43,11,42,"RA","ASM","τὸν","τὸν","τόν","ὁ"
43,11,42,"N","ASM","ὄχλον","ὄχλον","ὄχλον","ὄχλος"
43,11,42,"RA","ASM","τὸν","τὸν","τόν","ὁ"
43,11,42,"V","XAPASM","περιεστῶτα","περιεστῶτα","περιεστῶτα","περιΐστημι"
43,11,42,"V","1AAI-S","εἶπον,","εἶπον","εἶπον","λέγω"
43,11,42,"C",NULL,"ἵνα","ἵνα","ἵνα","ἵνα"
43,11,42,"V","3AAS-P","πιστεύσωσιν","πιστεύσωσιν","πιστεύσωσι(ν)","πιστεύω"
43,11,42,"C",NULL,"ὅτι","ὅτι","ὅτι","ὅτι"
43,11,42,"RP","NS","σύ","σύ","σύ","σύ"
43,11,42,"RP","AS","με","με","με","ἐγώ"
43,11,42,"V","2AAI-S","ἀπέστειλας.","ἀπέστειλας","ἀπέστειλας","ἀποστέλλω"
43,11,43,"C",NULL,"καὶ","καὶ","καί","καί"
43,11,43,"RD","APN","ταῦτα","ταῦτα","ταῦτα","οὗτος"
43,11,43,"V","AAPNSM","εἰπὼν","εἰπὼν","εἰπών","λέγω"
43,11,43,"N","DSF","φωνῇ","φωνῇ","φωνῇ","φωνή"
43,11,43,"A","DSF","μεγάλῃ","μεγάλῃ","μεγάλῃ","μέγας"
43,11,43,"V","3AAI-S","ἐκραύγασεν·","ἐκραύγασεν","ἐκραύγασε(ν)","κραυγάζω"
43,11,43,"N","VSM","Λάζαρε,","Λάζαρε","Λάζαρε","Λάζαρος"
43,11,43,"D",NULL,"δεῦρο","δεῦρο","δεῦρο","δεῦρο"
43,11,43,"D",NULL,"ἔξω.","ἔξω","ἔξω","ἔξω"
43,11,44,"V","3AAI-S","⸀ἐξῆλθεν","ἐξῆλθεν","ἐξῆλθε(ν)","ἐξέρχομαι"
43,11,44,"RA","NSM","ὁ","ὁ","ὁ","ὁ"
43,11,44,"V","XAPNSM","τεθνηκὼς","τεθνηκὼς","τεθνηκώς","θνῄσκω"
43,11,44,"V","XPPNSM","δεδεμένος","δεδεμένος","δεδεμένος","δέω"
43,11,44,"RA","APM","τοὺς","τοὺς","τούς","ὁ"
43,11,44,"N","APM","πόδας","πόδας","πόδας","πούς"
43,11,44,"C",NULL,"καὶ","καὶ","καί","καί"
43,11,44,"RA","APF","τὰς","τὰς","τάς","ὁ"
43,11,44,"N","APF","χεῖρας","χεῖρας","χεῖρας","χείρ"
43,11,44,"N","DPF","κειρίαις,","κειρίαις","κειρίαις","κειρία"
43,11,44,"C",NULL,"καὶ","καὶ","καί","καί"
43,11,44,"RA","NSF","ἡ","ἡ","ἡ","ὁ"
43,11,44,"N","NSF","ὄψις","ὄψις","ὄψις","ὄψις"
43,11,44,"RP","GSM","αὐτοῦ","αὐτοῦ","αὐτοῦ","αὐτός"
43,11,44,"N","DSN","σουδαρίῳ","σουδαρίῳ","σουδαρίῳ","σουδάριον"
43,11,44,"V","3YPI-S","περιεδέδετο.","περιεδέδετο","περιεδέδετο","περιδέω"
43,11,44,"V","3PAI-S","λέγει","λέγει","λέγει","λέγω"
43,11,44,"RP","DPM","⸂αὐτοῖς","αὐτοῖς","αὐτοῖς","αὐτός"
43,11,44,"RA","NSM","ὁ","ὁ","ὁ","ὁ"
43,11,44,"N","NSM","Ἰησοῦς⸃·","Ἰησοῦς","Ἰησοῦς","Ἰησοῦς"
43,11,44,"V","2AAD-P","Λύσατε","Λύσατε","λύσατε","λύω"
43,11,44,"RP","ASM","αὐτὸν","αὐτὸν","αὐτόν","αὐτός"
43,11,44,"C",NULL,"καὶ","καὶ","καί","καί"
43,11,44,"V","2AAD-P","ἄφετε","ἄφετε","ἄφετε","ἀφίημι"
43,11,44,"RP","ASM","⸀αὐτὸν","αὐτὸν","αὐτόν","αὐτός"
43,11,44,"V","PAN","ὑπάγειν.","ὑπάγειν","ὑπάγειν","ὑπάγω"
43,11,45,"A","NPM","Πολλοὶ","Πολλοὶ","πολλοί","πολύς"
43,11,45,"C",NULL,"οὖν","οὖν","οὖν","οὖν"
43,11,45,"P",NULL,"ἐκ","ἐκ","ἐκ","ἐκ"
43,11,45,"RA","GPM","τῶν","τῶν","τῶν","ὁ"
43,11,45,"A","GPM","Ἰουδαίων,","Ἰουδαίων","Ἰουδαίων","Ἰουδαῖος"
43,11,45,"RA","NPM","οἱ","οἱ","οἱ","ὁ"
43,11,45,"V","AAPNPM","ἐλθόντες","ἐλθόντες","ἐλθόντες","ἔρχομαι"
43,11,45,"P",NULL,"πρὸς","πρὸς","πρός","πρός"
43,11,45,"RA","ASF","τὴν","τὴν","τήν","ὁ"
43,11,45,"N","ASF","⸀Μαριὰμ","Μαριὰμ","Μαριάμ","Μαριάμ"
43,11,45,"C",NULL,"καὶ","καὶ","καί","καί"
43,11,45,"V","AMPNPM","θεασάμενοι","θεασάμενοι","θεασάμενοι","θεάομαι"
43,11,45,"RR","APN","⸀ἃ","ἃ","ἅ","ὅς"
43,11,45,"V","3AAI-S","⸀ἐποίησεν,","ἐποίησεν","ἐποίησε(ν)","ποιέω"
43,11,45,"V","3AAI-P","ἐπίστευσαν","ἐπίστευσαν","ἐπίστευσαν","πιστεύω"
43,11,45,"P",NULL,"εἰς","εἰς","εἰς","εἰς"
43,11,45,"RP","ASM","αὐτόν·","αὐτόν","αὐτόν","αὐτός"
43,11,46,"RI","NPM","τινὲς","τινὲς","τινές","τις"
43,11,46,"C",NULL,"δὲ","δὲ","δέ","δέ"
43,11,46,"P",NULL,"ἐξ","ἐξ","ἐκ","ἐκ"
43,11,46,"RP","GPM","αὐτῶν","αὐτῶν","αὐτῶν","αὐτός"
43,11,46,"V","3AAI-P","ἀπῆλθον","ἀπῆλθον","ἀπῆλθον","ἀπέρχομαι"
43,11,46,"P",NULL,"πρὸς","πρὸς","πρός","πρός"
43,11,46,"RA","APM","τοὺς","τοὺς","τούς","ὁ"
43,11,46,"N","APM","Φαρισαίους","Φαρισαίους","Φαρισαίους","Φαρισαῖος"
43,11,46,"C",NULL,"καὶ","καὶ","καί","καί"
43,11,46,"V","3AAI-P","εἶπαν","εἶπαν","εἶπαν","λέγω"
43,11,46,"RP","DPM","αὐτοῖς","αὐτοῖς","αὐτοῖς","αὐτός"
43,11,46,"RR","APN","ἃ","ἃ","ἅ","ὅς"
43,11,46,"V","3AAI-S","⸀ἐποίησεν","ἐποίησεν","ἐποίησε(ν)","ποιέω"
43,11,46,"N","NSM","Ἰησοῦς.","Ἰησοῦς","Ἰησοῦς","Ἰησοῦς"
43,11,47,"V","3AAI-P","συνήγαγον","συνήγαγον","συνήγαγον","συνάγω"
43,11,47,"C",NULL,"οὖν","οὖν","οὖν","οὖν"
43,11,47,"RA","NPM","οἱ","οἱ","οἱ","ὁ"
43,11,47,"N","NPM","ἀρχιερεῖς","ἀρχιερεῖς","ἀρχιερεῖς","ἀρχιερεύς"
43,11,47,"C",NULL,"καὶ","καὶ","καί","καί"
43,11,47,"RA","NPM","οἱ","οἱ","οἱ","ὁ"
43,11,47,"N","NPM","Φαρισαῖοι","Φαρισαῖοι","Φαρισαῖοι","Φαρισαῖος"
43,11,47,"N","ASN","συνέδριον,","συνέδριον","συνέδριον","συνέδριον"
43,11,47,"C",NULL,"καὶ","καὶ","καί","καί"
43,11,47,"V","3IAI-P","ἔλεγον·","ἔλεγον","ἔλεγον","λέγω"
43,11,47,"RI","ASN","Τί","Τί","τί","τίς"
43,11,47,"V","1PAI-P","ποιοῦμεν","ποιοῦμεν","ποιοῦμεν","ποιέω"
43,11,47,"C",NULL,"ὅτι","ὅτι","ὅτι","ὅτι"
43,11,47,"RD","NSM","οὗτος","οὗτος","οὗτος","οὗτος"
43,11,47,"RA","NSM","ὁ","ὁ","ὁ","ὁ"
43,11,47,"N","NSM","ἄνθρωπος","ἄνθρωπος","ἄνθρωπος","ἄνθρωπος"
43,11,47,"A","APN","πολλὰ","πολλὰ","πολλά","πολύς"
43,11,47,"V","3PAI-S","⸂ποιεῖ","ποιεῖ","ποιεῖ","ποιέω"
43,11,47,"N","APN","σημεῖα⸃;","σημεῖα","σημεῖα","σημεῖον"
43,11,48,"C",NULL,"ἐὰν","ἐὰν","ἐάν","ἐάν"
43,11,48,"V","1AAS-P","ἀφῶμεν","ἀφῶμεν","ἀφῶμεν","ἀφίημι"
43,11,48,"RP","ASM","αὐτὸν","αὐτὸν","αὐτόν","αὐτός"
43,11,48,"D",NULL,"οὕτως,","οὕτως","οὕτω(ς)","οὕτω(ς)"
43,11,48,"A","NPM","πάντες","πάντες","πάντες","πᾶς"
43,11,48,"V","3FAI-P","πιστεύσουσιν","πιστεύσουσιν","πιστεύσουσι(ν)","πιστεύω"
43,11,48,"P",NULL,"εἰς","εἰς","εἰς","εἰς"
43,11,48,"RP","ASM","αὐτόν,","αὐτόν","αὐτόν","αὐτός"
43,11,48,"C",NULL,"καὶ","καὶ","καί","καί"
43,11,48,"V","3FMI-P","ἐλεύσονται","ἐλεύσονται","ἐλεύσονται","ἔρχομαι"
43,11,48,"RA","NPM","οἱ","οἱ","οἱ","ὁ"
43,11,48,"A","NPM","Ῥωμαῖοι","Ῥωμαῖοι","Ῥωμαῖοι","Ῥωμαῖος"
43,11,48,"C",NULL,"καὶ","καὶ","καί","καί"
43,11,48,"V","3FAI-P","ἀροῦσιν","ἀροῦσιν","ἀροῦσι(ν)","αἴρω"
43,11,48,"RP","GP","ἡμῶν","ἡμῶν","ἡμῶν","ἐγώ"
43,11,48,"C",NULL,"καὶ","καὶ","καί","καί"
43,11,48,"RA","ASM","τὸν","τὸν","τόν","ὁ"
43,11,48,"N","ASM","τόπον","τόπον","τόπον","τόπος"
43,11,48,"C",NULL,"καὶ","καὶ","καί","καί"
43,11,48,"RA","ASN","τὸ","τὸ","τό","ὁ"
43,11,48,"N","ASN","ἔθνος.","ἔθνος","ἔθνος","ἔθνος"
43,11,49,"A","NSM","εἷς","εἷς","εἷς","εἷς"
43,11,49,"C",NULL,"δέ","δέ","δέ","δέ"
43,11,49,"RI","NSM","τις","τις","τὶς","τις"
43,11,49,"P",NULL,"ἐξ","ἐξ","ἐκ","ἐκ"
43,11,49,"RP","GPM","αὐτῶν","αὐτῶν","αὐτῶν","αὐτός"
43,11,49,"N","NSM","Καϊάφας,","Καϊάφας","Καϊάφας","Καϊάφας"
43,11,49,"N","NSM","ἀρχιερεὺς","ἀρχιερεὺς","ἀρχιερεύς","ἀρχιερεύς"
43,11,49,"V","PAPNSM","ὢν","ὢν","ὤν","εἰμί"
43,11,49,"RA","GSM","τοῦ","τοῦ","τοῦ","ὁ"
43,11,49,"N","GSM","ἐνιαυτοῦ","ἐνιαυτοῦ","ἐνιαυτοῦ","ἐνιαυτός"
43,11,49,"RD","GSM","ἐκείνου,","ἐκείνου","ἐκείνου","ἐκεῖνος"
43,11,49,"V","3AAI-S","εἶπεν","εἶπεν","εἶπε(ν)","λέγω"
43,11,49,"RP","DPM","αὐτοῖς·","αὐτοῖς","αὐτοῖς","αὐτός"
43,11,49,"RP","NP","Ὑμεῖς","Ὑμεῖς","ὑμεῖς","σύ"
43,11,49,"D",NULL,"οὐκ","οὐκ","οὐ","οὐ"
43,11,49,"V","2XAI-P","οἴδατε","οἴδατε","οἴδατε","οἶδα"
43,11,49,"A","ASN","οὐδέν,","οὐδέν","οὐδέν","οὐδείς"
43,11,50,"C",NULL,"οὐδὲ","οὐδὲ","οὐδέ","οὐδέ"
43,11,50,"V","2PMI-P","⸀λογίζεσθε","λογίζεσθε","λογίζεσθε","λογίζομαι"
43,11,50,"C",NULL,"ὅτι","ὅτι","ὅτι","ὅτι"
43,11,50,"V","3PAI-S","συμφέρει","συμφέρει","συμφέρει","συμφέρω"
43,11,50,"RP","DP","⸀ὑμῖν","ὑμῖν","ὑμῖν","σύ"
43,11,50,"C",NULL,"ἵνα","ἵνα","ἵνα","ἵνα"
43,11,50,"A","NSM","εἷς","εἷς","εἷς","εἷς"
43,11,50,"N","NSM","ἄνθρωπος","ἄνθρωπος","ἄνθρωπος","ἄνθρωπος"
43,11,50,"V","3AAS-S","ἀποθάνῃ","ἀποθάνῃ","ἀποθάνῃ","ἀποθνῄσκω"
43,11,50,"P",NULL,"ὑπὲρ","ὑπὲρ","ὑπέρ","ὑπέρ"
43,11,50,"RA","GSM","τοῦ","τοῦ","τοῦ","ὁ"
43,11,50,"N","GSM","λαοῦ","λαοῦ","λαοῦ","λαός"
43,11,50,"C",NULL,"καὶ","καὶ","καί","καί"
43,11,50,"D",NULL,"μὴ","μὴ","μή","μή"
43,11,50,"A","NSN","ὅλον","ὅλον","ὅλον","ὅλος"
43,11,50,"RA","NSN","τὸ","τὸ","τό","ὁ"
43,11,50,"N","NSN","ἔθνος","ἔθνος","ἔθνος","ἔθνος"
43,11,50,"V","3AMS-S","ἀπόληται.","ἀπόληται","ἀπόληται","ἀπόλλυμι"
43,11,51,"RD","ASN","τοῦτο","τοῦτο","τοῦτο","οὗτος"
43,11,51,"C",NULL,"δὲ","δὲ","δέ","δέ"
43,11,51,"P",NULL,"ἀφ’","ἀφ’","ἀπό","ἀπό"
43,11,51,"RP","GSM","ἑαυτοῦ","ἑαυτοῦ","ἑαυτοῦ","ἑαυτοῦ"
43,11,51,"D",NULL,"οὐκ","οὐκ","οὐ","οὐ"
43,11,51,"V","3AAI-S","εἶπεν,","εἶπεν","εἶπε(ν)","λέγω"
43,11,51,"C",NULL,"ἀλλὰ","ἀλλὰ","ἀλλά","ἀλλά"
43,11,51,"N","NSM","ἀρχιερεὺς","ἀρχιερεὺς","ἀρχιερεύς","ἀρχιερεύς"
43,11,51,"V","PAPNSM","ὢν","ὢν","ὤν","εἰμί"
43,11,51,"RA","GSM","τοῦ","τοῦ","τοῦ","ὁ"
43,11,51,"N","GSM","ἐνιαυτοῦ","ἐνιαυτοῦ","ἐνιαυτοῦ","ἐνιαυτός"
43,11,51,"RD","GSM","ἐκείνου","ἐκείνου","ἐκείνου","ἐκεῖνος"
43,11,51,"V","3AAI-S","ἐπροφήτευσεν","ἐπροφήτευσεν","ἐπροφήτευσε(ν)","προφητεύω"
43,11,51,"C",NULL,"ὅτι","ὅτι","ὅτι","ὅτι"
43,11,51,"V","3IAI-S","ἔμελλεν","ἔμελλεν","ἔμελλε(ν)","μέλλω"
43,11,51,"N","NSM","Ἰησοῦς","Ἰησοῦς","Ἰησοῦς","Ἰησοῦς"
43,11,51,"V","PAN","ἀποθνῄσκειν","ἀποθνῄσκειν","ἀποθνῄσκειν","ἀποθνῄσκω"
43,11,51,"P",NULL,"ὑπὲρ","ὑπὲρ","ὑπέρ","ὑπέρ"
43,11,51,"RA","GSN","τοῦ","τοῦ","τοῦ","ὁ"
43,11,51,"N","GSN","ἔθνους,","ἔθνους","ἔθνους","ἔθνος"
43,11,52,"C",NULL,"καὶ","καὶ","καί","καί"
43,11,52,"D",NULL,"οὐχ","οὐχ","οὐ","οὐ"
43,11,52,"P",NULL,"ὑπὲρ","ὑπὲρ","ὑπέρ","ὑπέρ"
43,11,52,"RA","GSN","τοῦ","τοῦ","τοῦ","ὁ"
43,11,52,"N","GSN","ἔθνους","ἔθνους","ἔθνους","ἔθνος"
43,11,52,"A","ASN","μόνον,","μόνον","μόνον","μόνος"
43,11,52,"C",NULL,"ἀλλ’","ἀλλ’","ἀλλά","ἀλλά"
43,11,52,"C",NULL,"ἵνα","ἵνα","ἵνα","ἵνα"
43,11,52,"D",NULL,"καὶ","καὶ","καί","καί"
43,11,52,"RA","APN","τὰ","τὰ","τά","ὁ"
43,11,52,"N","APN","τέκνα","τέκνα","τέκνα","τέκνον"
43,11,52,"RA","GSM","τοῦ","τοῦ","τοῦ","ὁ"
43,11,52,"N","GSM","θεοῦ","θεοῦ","θεοῦ","θεός"
43,11,52,"RA","APN","τὰ","τὰ","τά","ὁ"
43,11,52,"V","XPPAPN","διεσκορπισμένα","διεσκορπισμένα","διεσκορπισμένα","διασκορπίζω"
43,11,52,"V","3AAS-S","συναγάγῃ","συναγάγῃ","συναγάγῃ","συνάγω"
43,11,52,"P",NULL,"εἰς","εἰς","εἰς","εἰς"
43,11,52,"A","ASN","ἕν.","ἕν","ἕν","εἷς"
43,11,53,"P",NULL,"ἀπ’","ἀπ’","ἀπό","ἀπό"
43,11,53,"RD","GSF","ἐκείνης","ἐκείνης","ἐκείνης","ἐκεῖνος"
43,11,53,"C",NULL,"οὖν","οὖν","οὖν","οὖν"
43,11,53,"RA","GSF","τῆς","τῆς","τῆς","ὁ"
43,11,53,"N","GSF","ἡμέρας","ἡμέρας","ἡμέρας","ἡμέρα"
43,11,53,"V","3AMI-P","⸀ἐβουλεύσαντο","ἐβουλεύσαντο","ἐβουλεύσαντο","βουλεύομαι"
43,11,53,"C",NULL,"ἵνα","ἵνα","ἵνα","ἵνα"
43,11,53,"V","3AAS-P","ἀποκτείνωσιν","ἀποκτείνωσιν","ἀποκτείνωσι(ν)","ἀποκτείνω"
43,11,53,"RP","ASM","αὐτόν.","αὐτόν","αὐτόν","αὐτός"
43,11,54,"RA","NSM","⸂Ὁ","Ὁ","ὁ","ὁ"
43,11,54,"C",NULL,"οὖν","οὖν","οὖν","οὖν"
43,11,54,"N","NSM","Ἰησοῦς⸃","Ἰησοῦς","Ἰησοῦς","Ἰησοῦς"
43,11,54,"D",NULL,"οὐκέτι","οὐκέτι","οὐκέτι","οὐκέτι"
43,11,54,"N","DSF","παρρησίᾳ","παρρησίᾳ","παρρησίᾳ","παρρησία"
43,11,54,"V","3IAI-S","περιεπάτει","περιεπάτει","περιεπάτει","περιπατέω"
43,11,54,"P",NULL,"ἐν","ἐν","ἐν","ἐν"
43,11,54,"RA","DPM","τοῖς","τοῖς","τοῖς","ὁ"
43,11,54,"A","DPM","Ἰουδαίοις,","Ἰουδαίοις","Ἰουδαίοις","Ἰουδαῖος"
43,11,54,"C",NULL,"ἀλλὰ","ἀλλὰ","ἀλλά","ἀλλά"
43,11,54,"V","3AAI-S","ἀπῆλθεν","ἀπῆλθεν","ἀπῆλθε(ν)","ἀπέρχομαι"
43,11,54,"D",NULL,"ἐκεῖθεν","ἐκεῖθεν","ἐκεῖθεν","ἐκεῖθεν"
43,11,54,"P",NULL,"εἰς","εἰς","εἰς","εἰς"
43,11,54,"RA","ASF","τὴν","τὴν","τήν","ὁ"
43,11,54,"N","ASF","χώραν","χώραν","χώραν","χώρα"
43,11,54,"P",NULL,"ἐγγὺς","ἐγγὺς","ἐγγύς","ἐγγύς"
43,11,54,"RA","GSF","τῆς","τῆς","τῆς","ὁ"
43,11,54,"A","GSF","ἐρήμου,","ἐρήμου","ἐρήμου","ἔρημος"
43,11,54,"P",NULL,"εἰς","εἰς","εἰς","εἰς"
43,11,54,"N","ASM","Ἐφραὶμ","Ἐφραὶμ","Ἐφραίμ","Ἐφραίμ"
43,11,54,"V","PPPASF","λεγομένην","λεγομένην","λεγομένην","λέγω"
43,11,54,"N","ASF","πόλιν,","πόλιν","πόλιν","πόλις"
43,11,54,"C",NULL,"κἀκεῖ","κἀκεῖ","κἀκεῖ","κἀκεῖ"
43,11,54,"V","3AAI-S","⸀ἔμεινεν","ἔμεινεν","ἔμεινε(ν)","μένω"
43,11,54,"P",NULL,"μετὰ","μετὰ","μετά","μετά"
43,11,54,"RA","GPM","τῶν","τῶν","τῶν","ὁ"
43,11,54,"N","GPM","⸀μαθητῶν.","μαθητῶν","μαθητῶν","μαθητής"
43,11,55,"V","3IAI-S","Ἦν","Ἦν","ἦν","εἰμί"
43,11,55,"C",NULL,"δὲ","δὲ","δέ","δέ"
43,11,55,"D",NULL,"ἐγγὺς","ἐγγὺς","ἐγγύς","ἐγγύς"
43,11,55,"RA","NSN","τὸ","τὸ","τό","ὁ"
43,11,55,"N","NSN","πάσχα","πάσχα","πάσχα","πάσχα"
43,11,55,"RA","GPM","τῶν","τῶν","τῶν","ὁ"
43,11,55,"A","GPM","Ἰουδαίων,","Ἰουδαίων","Ἰουδαίων","Ἰουδαῖος"
43,11,55,"C",NULL,"καὶ","καὶ","καί","καί"
43,11,55,"V","3AAI-P","ἀνέβησαν","ἀνέβησαν","ἀνέβησαν","ἀναβαίνω"
43,11,55,"A","NPM","πολλοὶ","πολλοὶ","πολλοί","πολύς"
43,11,55,"P",NULL,"εἰς","εἰς","εἰς","εἰς"
43,11,55,"N","APN","Ἱεροσόλυμα","Ἱεροσόλυμα","Ἱεροσόλυμα","Ἱεροσόλυμα"
43,11,55,"P",NULL,"ἐκ","ἐκ","ἐκ","ἐκ"
43,11,55,"RA","GSF","τῆς","τῆς","τῆς","ὁ"
43,11,55,"N","GSF","χώρας","χώρας","χώρας","χώρα"
43,11,55,"P",NULL,"πρὸ","πρὸ","πρό","πρό"
43,11,55,"RA","GSN","τοῦ","τοῦ","τοῦ","ὁ"
43,11,55,"N","GSN","πάσχα","πάσχα","πάσχα","πάσχα"
43,11,55,"C",NULL,"ἵνα","ἵνα","ἵνα","ἵνα"
43,11,55,"V","3AAS-P","ἁγνίσωσιν","ἁγνίσωσιν","ἁγνίσωσι(ν)","ἁγνίζω"
43,11,55,"RP","APM","ἑαυτούς.","ἑαυτούς","ἑαυτούς","ἑαυτοῦ"
43,11,56,"V","3IAI-P","ἐζήτουν","ἐζήτουν","ἐζήτουν","ζητέω"
43,11,56,"C",NULL,"οὖν","οὖν","οὖν","οὖν"
43,11,56,"RA","ASM","τὸν","τὸν","τόν","ὁ"
43,11,56,"N","ASM","Ἰησοῦν","Ἰησοῦν","Ἰησοῦν","Ἰησοῦς"
43,11,56,"C",NULL,"καὶ","καὶ","καί","καί"
43,11,56,"V","3IAI-P","ἔλεγον","ἔλεγον","ἔλεγον","λέγω"
43,11,56,"P",NULL,"μετ’","μετ’","μετά","μετά"
43,11,56,"RP","GPM","ἀλλήλων","ἀλλήλων","ἀλλήλων","ἀλλήλων"
43,11,56,"P",NULL,"ἐν","ἐν","ἐν","ἐν"
43,11,56,"RA","DSN","τῷ","τῷ","τῷ","ὁ"
43,11,56,"A","DSN","ἱερῷ","ἱερῷ","ἱερῷ","ἱερός"
43,11,56,"V","XAPNPM","ἑστηκότες·","ἑστηκότες","ἑστηκότες","ἵστημι"
43,11,56,"RI","NSN","Τί","Τί","τί","τίς"
43,11,56,"V","3PAI-S","δοκεῖ","δοκεῖ","δοκεῖ","δοκέω"
43,11,56,"RP","DP","ὑμῖν;","ὑμῖν","ὑμῖν","σύ"
43,11,56,"C",NULL,"ὅτι","ὅτι","ὅτι","ὅτι"
43,11,56,"D",NULL,"οὐ","οὐ","οὐ","οὐ"
43,11,56,"D",NULL,"μὴ","μὴ","μή","μή"
43,11,56,"V","3AAS-S","ἔλθῃ","ἔλθῃ","ἔλθῃ","ἔρχομαι"
43,11,56,"P",NULL,"εἰς","εἰς","εἰς","εἰς"
43,11,56,"RA","ASF","τὴν","τὴν","τήν","ὁ"
43,11,56,"N","ASF","ἑορτήν;","ἑορτήν","ἑορτήν","ἑορτή"
43,11,57,"V","3YAI-P","δεδώκεισαν","δεδώκεισαν","δεδώκεισαν","δίδωμι"
43,11,57,"C",NULL,"⸀δὲ","δὲ","δέ","δέ"
43,11,57,"RA","NPM","οἱ","οἱ","οἱ","ὁ"
43,11,57,"N","NPM","ἀρχιερεῖς","ἀρχιερεῖς","ἀρχιερεῖς","ἀρχιερεύς"
43,11,57,"C",NULL,"καὶ","καὶ","καί","καί"
43,11,57,"RA","NPM","οἱ","οἱ","οἱ","ὁ"
43,11,57,"N","NPM","Φαρισαῖοι","Φαρισαῖοι","Φαρισαῖοι","Φαρισαῖος"
43,11,57,"N","APF","⸀ἐντολὰς","ἐντολὰς","ἐντολάς","ἐντολή"
43,11,57,"D",NULL,"ἵνα","ἵνα","ἵνα","ἵνα"
43,11,57,"C",NULL,"ἐάν","ἐάν","ἐάν","ἐάν"
43,11,57,"RI","NSM","τις","τις","τὶς","τις"
43,11,57,"V","3AAS-S","γνῷ","γνῷ","γνῷ","γινώσκω"
43,11,57,"D",NULL,"ποῦ","ποῦ","ποῦ","ποῦ"
43,11,57,"V","3PAI-S","ἐστιν","ἐστιν","ἐστί(ν)","εἰμί"
43,11,57,"V","3AAS-S","μηνύσῃ,","μηνύσῃ","μηνύσῃ","μηνύω"
43,11,57,"C",NULL,"ὅπως","ὅπως","ὅπως","ὅπως"
43,11,57,"V","3AAS-P","πιάσωσιν","πιάσωσιν","πιάσωσι(ν)","πιάζω"
43,11,57,"RP","ASM","αὐτόν.","αὐτόν","αὐτόν","αὐτός"
43,12,01,"RA","NSM","Ὁ","Ὁ","ὁ","ὁ"
43,12,01,"C",NULL,"οὖν","οὖν","οὖν","οὖν"
43,12,01,"N","NSM","Ἰησοῦς","Ἰησοῦς","Ἰησοῦς","Ἰησοῦς"
43,12,01,"P",NULL,"πρὸ","πρὸ","πρό","πρό"
43,12,01,"A","GPF","ἓξ","ἓξ","ἕξ","ἕξ"
43,12,01,"N","GPF","ἡμερῶν","ἡμερῶν","ἡμερῶν","ἡμέρα"
43,12,01,"RA","GSN","τοῦ","τοῦ","τοῦ","ὁ"
43,12,01,"N","GSN","πάσχα","πάσχα","πάσχα","πάσχα"
43,12,01,"V","3AAI-S","ἦλθεν","ἦλθεν","ἦλθε(ν)","ἔρχομαι"
43,12,01,"P",NULL,"εἰς","εἰς","εἰς","εἰς"
43,12,01,"N","ASF","Βηθανίαν,","Βηθανίαν","Βηθανίαν","Βηθανία"
43,12,01,"D",NULL,"ὅπου","ὅπου","ὅπου","ὅπου"
43,12,01,"V","3IAI-S","ἦν","ἦν","ἦν","εἰμί"
43,12,01,"N","NSM","⸀Λάζαρος,","Λάζαρος","Λάζαρος","Λάζαρος"
43,12,01,"RR","ASM","ὃν","ὃν","ὅν","ὅς"
43,12,01,"V","3AAI-S","ἤγειρεν","ἤγειρεν","ἤγειρε(ν)","ἐγείρω"
43,12,01,"P",NULL,"ἐκ","ἐκ","ἐκ","ἐκ"
43,12,01,"A","GPM","νεκρῶν","νεκρῶν","νεκρῶν","νεκρός"
43,12,01,"N","NSM","⸀Ἰησοῦς.","Ἰησοῦς","Ἰησοῦς","Ἰησοῦς"
43,12,02,"V","3AAI-P","ἐποίησαν","ἐποίησαν","ἐποίησαν","ποιέω"
43,12,02,"C",NULL,"οὖν","οὖν","οὖν","οὖν"
43,12,02,"RP","DSM","αὐτῷ","αὐτῷ","αὐτῷ","αὐτός"
43,12,02,"N","ASN","δεῖπνον","δεῖπνον","δεῖπνον","δεῖπνον"
43,12,02,"D",NULL,"ἐκεῖ,","ἐκεῖ","ἐκεῖ","ἐκεῖ"
43,12,02,"C",NULL,"καὶ","καὶ","καί","καί"
43,12,02,"RA","NSF","ἡ","ἡ","ἡ","ὁ"
43,12,02,"N","NSF","Μάρθα","Μάρθα","Μάρθα","Μάρθα"
43,12,02,"V","3IAI-S","διηκόνει,","διηκόνει","διηκόνει","διακονέω"
43,12,02,"RA","NSM","ὁ","ὁ","ὁ","ὁ"
43,12,02,"C",NULL,"δὲ","δὲ","δέ","δέ"
43,12,02,"N","NSM","Λάζαρος","Λάζαρος","Λάζαρος","Λάζαρος"
43,12,02,"A","NSM","εἷς","εἷς","εἷς","εἷς"
43,12,02,"V","3IAI-S","ἦν","ἦν","ἦν","εἰμί"
43,12,02,"P",NULL,"⸀ἐκ","ἐκ","ἐκ","ἐκ"
43,12,02,"RA","GPM","τῶν","τῶν","τῶν","ὁ"
43,12,02,"V","PMPGPM","ἀνακειμένων","ἀνακειμένων","ἀνακειμένων","ἀνάκειμαι"
43,12,02,"P",NULL,"σὺν","σὺν","σύν","σύν"
43,12,02,"RP","DSM","αὐτῷ·","αὐτῷ","αὐτῷ","αὐτός"
43,12,03,"RA","NSF","ἡ","ἡ","ἡ","ὁ"
43,12,03,"C",NULL,"οὖν","οὖν","οὖν","οὖν"
43,12,03,"N","NSF","⸀Μαριὰμ","Μαριὰμ","Μαριάμ","Μαριάμ"
43,12,03,"V","AAPNSF","λαβοῦσα","λαβοῦσα","λαβοῦσα","λαμβάνω"
43,12,03,"N","ASF","λίτραν","λίτραν","λίτραν","λίτρα"
43,12,03,"N","GSN","μύρου","μύρου","μύρου","μύρον"
43,12,03,"N","GSF","νάρδου","νάρδου","νάρδου","νάρδος"
43,12,03,"A","GSF","πιστικῆς","πιστικῆς","πιστικῆς","πιστικός"
43,12,03,"A","GSF","πολυτίμου","πολυτίμου","πολυτίμου","πολύτιμος"
43,12,03,"V","3AAI-S","ἤλειψεν","ἤλειψεν","ἤλειψε(ν)","ἀλείφω"
43,12,03,"RA","APM","τοὺς","τοὺς","τούς","ὁ"
43,12,03,"N","APM","πόδας","πόδας","πόδας","πούς"
43,12,03,"RA","GSM","τοῦ","τοῦ","τοῦ","ὁ"
43,12,03,"N","GSM","Ἰησοῦ","Ἰησοῦ","Ἰησοῦ","Ἰησοῦς"
43,12,03,"C",NULL,"καὶ","καὶ","καί","καί"
43,12,03,"V","3AAI-S","ἐξέμαξεν","ἐξέμαξεν","ἐξέμαξε(ν)","ἐκμάσσω"
43,12,03,"RA","DPF","ταῖς","ταῖς","ταῖς","ὁ"
43,12,03,"N","DPF","θριξὶν","θριξὶν","θριξί(ν)","θρίξ"
43,12,03,"RP","GSF","αὐτῆς","αὐτῆς","αὐτῆς","αὐτός"
43,12,03,"RA","APM","τοὺς","τοὺς","τούς","ὁ"
43,12,03,"N","APM","πόδας","πόδας","πόδας","πούς"
43,12,03,"RP","GSM","αὐτοῦ·","αὐτοῦ","αὐτοῦ","αὐτός"
43,12,03,"RA","NSF","ἡ","ἡ","ἡ","ὁ"
43,12,03,"C",NULL,"δὲ","δὲ","δέ","δέ"
43,12,03,"N","NSF","οἰκία","οἰκία","οἰκία","οἰκία"
43,12,03,"V","3API-S","ἐπληρώθη","ἐπληρώθη","ἐπληρώθη","πληρόω"
43,12,03,"P",NULL,"ἐκ","ἐκ","ἐκ","ἐκ"
43,12,03,"RA","GSF","τῆς","τῆς","τῆς","ὁ"
43,12,03,"N","GSF","ὀσμῆς","ὀσμῆς","ὀσμῆς","ὀσμή"
43,12,03,"RA","GSN","τοῦ","τοῦ","τοῦ","ὁ"
43,12,03,"N","GSN","μύρου.","μύρου","μύρου","μύρον"
43,12,04,"V","3PAI-S","λέγει","λέγει","λέγει","λέγω"
43,12,04,"C",NULL,"⸀δὲ","δὲ","δέ","δέ"
43,12,04,"N","NSM","⸂Ἰούδας","Ἰούδας","Ἰούδας","Ἰούδας"
43,12,04,"RA","NSM","ὁ","ὁ","ὁ","ὁ"
43,12,04,"N","NSM","Ἰσκαριώτης","Ἰσκαριώτης","Ἰσκαριώτης","Ἰσκαριώτης"
43,12,04,"A","NSM","εἷς","εἷς","εἷς","εἷς"
43,12,04,"RA","GPM","τῶν","τῶν","τῶν","ὁ"
43,12,04,"N","GPM","μαθητῶν","μαθητῶν","μαθητῶν","μαθητής"
43,12,04,"RP","GSM","αὐτοῦ⸃,","αὐτοῦ","αὐτοῦ","αὐτός"
43,12,04,"RA","NSM","ὁ","ὁ","ὁ","ὁ"
43,12,04,"V","PAPNSM","μέλλων","μέλλων","μέλλων","μέλλω"
43,12,04,"RP","ASM","αὐτὸν","αὐτὸν","αὐτόν","αὐτός"
43,12,04,"V","PAN","παραδιδόναι·","παραδιδόναι","παραδιδόναι","παραδίδωμι"
43,12,05,"P",NULL,"Διὰ","Διὰ","διά","διά"
43,12,05,"RI","ASN","τί","τί","τί","τίς"
43,12,05,"RD","NSN","τοῦτο","τοῦτο","τοῦτο","οὗτος"
43,12,05,"RA","NSN","τὸ","τὸ","τό","ὁ"
43,12,05,"N","NSN","μύρον","μύρον","μύρον","μύρον"
43,12,05,"D",NULL,"οὐκ","οὐκ","οὐ","οὐ"
43,12,05,"V","3API-S","ἐπράθη","ἐπράθη","ἐπράθη","πιπράσκω"
43,12,05,"A","GPN","τριακοσίων","τριακοσίων","τριακοσίων","τριακόσιοι"
43,12,05,"N","GPN","δηναρίων","δηναρίων","δηναρίων","δηνάριον"
43,12,05,"C",NULL,"καὶ","καὶ","καί","καί"
43,12,05,"V","3API-S","ἐδόθη","ἐδόθη","ἐδόθη","δίδωμι"
43,12,05,"A","DPM","πτωχοῖς;","πτωχοῖς","πτωχοῖς","πτωχός"
43,12,06,"V","3AAI-S","εἶπεν","εἶπεν","εἶπε(ν)","λέγω"
43,12,06,"C",NULL,"δὲ","δὲ","δέ","δέ"
43,12,06,"RD","ASN","τοῦτο","τοῦτο","τοῦτο","οὗτος"
43,12,06,"D",NULL,"οὐχ","οὐχ","οὐ","οὐ"
43,12,06,"C",NULL,"ὅτι","ὅτι","ὅτι","ὅτι"
43,12,06,"P",NULL,"περὶ","περὶ","περί","περί"
43,12,06,"RA","GPM","τῶν","τῶν","τῶν","ὁ"
43,12,06,"A","GPM","πτωχῶν","πτωχῶν","πτωχῶν","πτωχός"
43,12,06,"V","3IAI-S","ἔμελεν","ἔμελεν","ἔμελε(ν)","μέλει"
43,12,06,"RP","DSM","αὐτῷ,","αὐτῷ","αὐτῷ","αὐτός"
43,12,06,"C",NULL,"ἀλλ’","ἀλλ’","ἀλλά","ἀλλά"
43,12,06,"C",NULL,"ὅτι","ὅτι","ὅτι","ὅτι"
43,12,06,"N","NSM","κλέπτης","κλέπτης","κλέπτης","κλέπτης"
43,12,06,"V","3IAI-S","ἦν","ἦν","ἦν","εἰμί"
43,12,06,"C",NULL,"καὶ","καὶ","καί","καί"
43,12,06,"RA","ASN","τὸ","τὸ","τό","ὁ"
43,12,06,"N","ASN","γλωσσόκομον","γλωσσόκομον","γλωσσόκομον","γλωσσόκομον"
43,12,06,"V","PAPNSM","⸀ἔχων","ἔχων","ἔχων","ἔχω"
43,12,06,"RA","APN","τὰ","τὰ","τά","ὁ"
43,12,06,"V","PPPAPN","βαλλόμενα","βαλλόμενα","βαλλόμενα","βάλλω"
43,12,06,"V","3IAI-S","ἐβάσταζεν.","ἐβάσταζεν","ἐβάσταζε(ν)","βαστάζω"
43,12,07,"V","3AAI-S","εἶπεν","εἶπεν","εἶπε(ν)","λέγω"
43,12,07,"C",NULL,"οὖν","οὖν","οὖν","οὖν"
43,12,07,"RA","NSM","ὁ","ὁ","ὁ","ὁ"
43,12,07,"N","NSM","Ἰησοῦς·","Ἰησοῦς","Ἰησοῦς","Ἰησοῦς"
43,12,07,"V","2AAD-S","Ἄφες","Ἄφες","ἄφες","ἀφίημι"
43,12,07,"RP","ASF","αὐτήν,","αὐτήν","αὐτήν","αὐτός"
43,12,07,"C",NULL,"⸀ἵνα","ἵνα","ἵνα","ἵνα"
43,12,07,"P",NULL,"εἰς","εἰς","εἰς","εἰς"
43,12,07,"RA","ASF","τὴν","τὴν","τήν","ὁ"
43,12,07,"N","ASF","ἡμέραν","ἡμέραν","ἡμέραν","ἡμέρα"
43,12,07,"RA","GSM","τοῦ","τοῦ","τοῦ","ὁ"
43,12,07,"N","GSM","ἐνταφιασμοῦ","ἐνταφιασμοῦ","ἐνταφιασμοῦ","ἐνταφιασμός"
43,12,07,"RP","GS","μου","μου","μου","ἐγώ"
43,12,07,"V","3AAS-S","⸀τηρήσῃ","τηρήσῃ","τηρήσῃ","τηρέω"
43,12,07,"RP","ASN","αὐτό·","αὐτό","αὐτό","αὐτός"
43,12,08,"RA","APM","τοὺς","τοὺς","τούς","ὁ"
43,12,08,"A","APM","πτωχοὺς","πτωχοὺς","πτωχούς","πτωχός"
43,12,08,"C",NULL,"γὰρ","γὰρ","γάρ","γάρ"
43,12,08,"D",NULL,"πάντοτε","πάντοτε","πάντοτε","πάντοτε"
43,12,08,"V","2PAI-P","ἔχετε","ἔχετε","ἔχετε","ἔχω"
43,12,08,"P",NULL,"μεθ’","μεθ’","μετά","μετά"
43,12,08,"RP","GPM","ἑαυτῶν,","ἑαυτῶν","ἑαυτῶν","ἑαυτοῦ"
43,12,08,"RP","AS","ἐμὲ","ἐμὲ","ἐμέ","ἐγώ"
43,12,08,"C",NULL,"δὲ","δὲ","δέ","δέ"
43,12,08,"D",NULL,"οὐ","οὐ","οὐ","οὐ"
43,12,08,"D",NULL,"πάντοτε","πάντοτε","πάντοτε","πάντοτε"
43,12,08,"V","2PAI-P","ἔχετε.","ἔχετε","ἔχετε","ἔχω"
43,12,09,"V","3AAI-S","Ἔγνω","Ἔγνω","ἔγνω","γινώσκω"
43,12,09,"C",NULL,"⸀οὖν","οὖν","οὖν","οὖν"
43,12,09,"N","NSM","ὄχλος","ὄχλος","ὄχλος","ὄχλος"
43,12,09,"A","NSM","πολὺς","πολὺς","πολύς","πολύς"
43,12,09,"P",NULL,"ἐκ","ἐκ","ἐκ","ἐκ"
43,12,09,"RA","GPM","τῶν","τῶν","τῶν","ὁ"
43,12,09,"A","GPM","Ἰουδαίων","Ἰουδαίων","Ἰουδαίων","Ἰουδαῖος"
43,12,09,"C",NULL,"ὅτι","ὅτι","ὅτι","ὅτι"
43,12,09,"D",NULL,"ἐκεῖ","ἐκεῖ","ἐκεῖ","ἐκεῖ"
43,12,09,"V","3PAI-S","ἐστιν,","ἐστιν","ἐστί(ν)","εἰμί"
43,12,09,"C",NULL,"καὶ","καὶ","καί","καί"
43,12,09,"V","3AAI-P","ἦλθον","ἦλθον","ἦλθον","ἔρχομαι"
43,12,09,"D",NULL,"οὐ","οὐ","οὐ","οὐ"
43,12,09,"P",NULL,"διὰ","διὰ","διά","διά"
43,12,09,"RA","ASM","τὸν","τὸν","τόν","ὁ"
43,12,09,"N","ASM","Ἰησοῦν","Ἰησοῦν","Ἰησοῦν","Ἰησοῦς"
43,12,09,"A","ASM","μόνον,","μόνον","μόνον","μόνος"
43,12,09,"C",NULL,"ἀλλ’","ἀλλ’","ἀλλά","ἀλλά"
43,12,09,"C",NULL,"ἵνα","ἵνα","ἵνα","ἵνα"
43,12,09,"D",NULL,"καὶ","καὶ","καί","καί"
43,12,09,"RA","ASM","τὸν","τὸν","τόν","ὁ"
43,12,09,"N","ASM","Λάζαρον","Λάζαρον","Λάζαρον","Λάζαρος"
43,12,09,"V","3AAS-P","ἴδωσιν","ἴδωσιν","ἴδωσι(ν)","ὁράω"
43,12,09,"RR","ASM","ὃν","ὃν","ὅν","ὅς"
43,12,09,"V","3AAI-S","ἤγειρεν","ἤγειρεν","ἤγειρε(ν)","ἐγείρω"
43,12,09,"P",NULL,"ἐκ","ἐκ","ἐκ","ἐκ"
43,12,09,"A","GPM","νεκρῶν.","νεκρῶν","νεκρῶν","νεκρός"
43,12,10,"V","3AMI-P","ἐβουλεύσαντο","ἐβουλεύσαντο","ἐβουλεύσαντο","βουλεύομαι"
43,12,10,"C",NULL,"δὲ","δὲ","δέ","δέ"
43,12,10,"RA","NPM","οἱ","οἱ","οἱ","ὁ"
43,12,10,"N","NPM","ἀρχιερεῖς","ἀρχιερεῖς","ἀρχιερεῖς","ἀρχιερεύς"
43,12,10,"C",NULL,"ἵνα","ἵνα","ἵνα","ἵνα"
43,12,10,"D",NULL,"καὶ","καὶ","καί","καί"
43,12,10,"RA","ASM","τὸν","τὸν","τόν","ὁ"
43,12,10,"N","ASM","Λάζαρον","Λάζαρον","Λάζαρον","Λάζαρος"
43,12,10,"V","3AAS-P","ἀποκτείνωσιν,","ἀποκτείνωσιν","ἀποκτείνωσι(ν)","ἀποκτείνω"
43,12,11,"C",NULL,"ὅτι","ὅτι","ὅτι","ὅτι"
43,12,11,"A","NPM","πολλοὶ","πολλοὶ","πολλοί","πολύς"
43,12,11,"P",NULL,"δι’","δι’","διά","διά"
43,12,11,"RP","ASM","αὐτὸν","αὐτὸν","αὐτόν","αὐτός"
43,12,11,"V","3IAI-P","ὑπῆγον","ὑπῆγον","ὑπῆγον","ὑπάγω"
43,12,11,"RA","GPM","τῶν","τῶν","τῶν","ὁ"
43,12,11,"A","GPM","Ἰουδαίων","Ἰουδαίων","Ἰουδαίων","Ἰουδαῖος"
43,12,11,"C",NULL,"καὶ","καὶ","καί","καί"
43,12,11,"V","3IAI-P","ἐπίστευον","ἐπίστευον","ἐπίστευον","πιστεύω"
43,12,11,"P",NULL,"εἰς","εἰς","εἰς","εἰς"
43,12,11,"RA","ASM","τὸν","τὸν","τόν","ὁ"
43,12,11,"N","ASM","Ἰησοῦν.","Ἰησοῦν","Ἰησοῦν","Ἰησοῦς"
43,12,12,"RA","DSF","Τῇ","Τῇ","τῇ","ὁ"
43,12,12,"D",NULL,"ἐπαύριον","ἐπαύριον","ἐπαύριον","ἐπαύριον"
43,12,12,"RA","NSM","⸀ὁ","ὁ","ὁ","ὁ"
43,12,12,"N","NSM","ὄχλος","ὄχλος","ὄχλος","ὄχλος"
43,12,12,"A","NSM","πολὺς","πολὺς","πολύς","πολύς"
43,12,12,"RA","NSM","ὁ","ὁ","ὁ","ὁ"
43,12,12,"V","AAPNSM","ἐλθὼν","ἐλθὼν","ἐλθών","ἔρχομαι"
43,12,12,"P",NULL,"εἰς","εἰς","εἰς","εἰς"
43,12,12,"RA","ASF","τὴν","τὴν","τήν","ὁ"
43,12,12,"N","ASF","ἑορτήν,","ἑορτήν","ἑορτήν","ἑορτή"
43,12,12,"V","AAPNPM","ἀκούσαντες","ἀκούσαντες","ἀκούσαντες","ἀκούω"
43,12,12,"C",NULL,"ὅτι","ὅτι","ὅτι","ὅτι"
43,12,12,"V","3PMI-S","ἔρχεται","ἔρχεται","ἔρχεται","ἔρχομαι"
43,12,12,"RA","NSM","⸁ὁ","ὁ","ὁ","ὁ"
43,12,12,"N","NSM","Ἰησοῦς","Ἰησοῦς","Ἰησοῦς","Ἰησοῦς"
43,12,12,"P",NULL,"εἰς","εἰς","εἰς","εἰς"
43,12,12,"N","APN","Ἱεροσόλυμα,","Ἱεροσόλυμα","Ἱεροσόλυμα","Ἱεροσόλυμα"
43,12,13,"V","3AAI-P","ἔλαβον","ἔλαβον","ἔλαβον","λαμβάνω"
43,12,13,"RA","APN","τὰ","τὰ","τά","ὁ"
43,12,13,"N","APN","βαΐα","βαΐα","βαΐα","βάϊον"
43,12,13,"RA","GPM","τῶν","τῶν","τῶν","ὁ"
43,12,13,"N","GPM","φοινίκων","φοινίκων","φοινίκων","φοῖνιξ"
43,12,13,"C",NULL,"καὶ","καὶ","καί","καί"
43,12,13,"V","3AAI-P","ἐξῆλθον","ἐξῆλθον","ἐξῆλθον","ἐξέρχομαι"
43,12,13,"P",NULL,"εἰς","εἰς","εἰς","εἰς"
43,12,13,"N","ASF","ὑπάντησιν","ὑπάντησιν","ὑπάντησιν","ὑπάντησις"
43,12,13,"RP","DSM","αὐτῷ,","αὐτῷ","αὐτῷ","αὐτός"
43,12,13,"C",NULL,"καὶ","καὶ","καί","καί"
43,12,13,"V","3IAI-P","⸀ἐκραύγαζον·","ἐκραύγαζον","ἐκραύγαζον","κραυγάζω"
43,12,13,"X",NULL,"Ὡσαννά,","Ὡσαννά","ὡσαννά","ὡσαννά"
43,12,13,"V","XPPNSM","εὐλογημένος","εὐλογημένος","εὐλογημένος","εὐλογέω"
43,12,13,"RA","NSM","ὁ","ὁ","ὁ","ὁ"
43,12,13,"V","PMPNSM","ἐρχόμενος","ἐρχόμενος","ἐρχόμενος","ἔρχομαι"
43,12,13,"P",NULL,"ἐν","ἐν","ἐν","ἐν"
43,12,13,"N","DSN","ὀνόματι","ὀνόματι","ὀνόματι","ὄνομα"
43,12,13,"N","GSM","κυρίου,","κυρίου","κυρίου","κύριος"
43,12,13,"C",NULL,"⸂καὶ","καὶ","καί","καί"
43,12,13,"RA","NSM","ὁ⸃","ὁ","ὁ","ὁ"
43,12,13,"N","NSM","βασιλεὺς","βασιλεὺς","βασιλεύς","βασιλεύς"
43,12,13,"RA","GSM","τοῦ","τοῦ","τοῦ","ὁ"
43,12,13,"N","GSM","Ἰσραήλ.","Ἰσραήλ","Ἰσραήλ","Ἰσραήλ"
43,12,14,"V","AAPNSM","εὑρὼν","εὑρὼν","εὑρών","εὑρίσκω"
43,12,14,"C",NULL,"δὲ","δὲ","δέ","δέ"
43,12,14,"RA","NSM","ὁ","ὁ","ὁ","ὁ"
43,12,14,"N","NSM","Ἰησοῦς","Ἰησοῦς","Ἰησοῦς","Ἰησοῦς"
43,12,14,"N","ASN","ὀνάριον","ὀνάριον","ὀνάριον","ὀνάριον"
43,12,14,"V","3AAI-S","ἐκάθισεν","ἐκάθισεν","ἐκάθισε(ν)","καθίζω"
43,12,14,"P",NULL,"ἐπ’","ἐπ’","ἐπί","ἐπί"
43,12,14,"RP","ASN","αὐτό,","αὐτό","αὐτό","αὐτός"
43,12,14,"C",NULL,"καθώς","καθώς","καθώς","καθώς"
43,12,14,"V","3PAI-S","ἐστιν","ἐστιν","ἐστί(ν)","εἰμί"
43,12,14,"V","XPPNSN","γεγραμμένον·","γεγραμμένον","γεγραμμένον","γράφω"
43,12,15,"D",NULL,"Μὴ","Μὴ","μή","μή"
43,12,15,"V","2PMD-S","φοβοῦ,","φοβοῦ","φοβοῦ","φοβέομαι"
43,12,15,"N","VSF","θυγάτηρ","θυγάτηρ","θυγάτηρ","θυγάτηρ"
43,12,15,"N","GSF","Σιών·","Σιών","Σιών","Σιών"
43,12,15,"X",NULL,"ἰδοὺ","ἰδοὺ","ἰδού","ἰδού"
43,12,15,"RA","NSM","ὁ","ὁ","ὁ","ὁ"
43,12,15,"N","NSM","βασιλεύς","βασιλεύς","βασιλεύς","βασιλεύς"
43,12,15,"RP","GS","σου","σου","σου","σύ"
43,12,15,"V","3PMI-S","ἔρχεται,","ἔρχεται","ἔρχεται","ἔρχομαι"
43,12,15,"V","PMPNSM","καθήμενος","καθήμενος","καθήμενος","κάθημαι"
43,12,15,"P",NULL,"ἐπὶ","ἐπὶ","ἐπί","ἐπί"
43,12,15,"N","ASM","πῶλον","πῶλον","πῶλον","πῶλος"
43,12,15,"N","GSF","ὄνου.","ὄνου","ὄνου","ὄνος"
43,12,16,"RD","APN","⸀ταῦτα","ταῦτα","ταῦτα","οὗτος"
43,12,16,"D",NULL,"οὐκ","οὐκ","οὐ","οὐ"
43,12,16,"V","3AAI-P","ἔγνωσαν","ἔγνωσαν","ἔγνωσαν","γινώσκω"
43,12,16,"RP","GSM","⸂αὐτοῦ","αὐτοῦ","αὐτοῦ","αὐτός"
43,12,16,"RA","NPM","οἱ","οἱ","οἱ","ὁ"
43,12,16,"N","NPM","μαθηταὶ⸃","μαθηταὶ","μαθηταί","μαθητής"
43,12,16,"RA","ASN","τὸ","τὸ","τό","ὁ"
43,12,16,"A","ASN","πρῶτον,","πρῶτον","πρῶτον","πρῶτος"
43,12,16,"C",NULL,"ἀλλ’","ἀλλ’","ἀλλά","ἀλλά"
43,12,16,"C",NULL,"ὅτε","ὅτε","ὅτε","ὅτε"
43,12,16,"V","3API-S","ἐδοξάσθη","ἐδοξάσθη","ἐδοξάσθη","δοξάζω"
43,12,16,"N","NSM","Ἰησοῦς","Ἰησοῦς","Ἰησοῦς","Ἰησοῦς"
43,12,16,"D",NULL,"τότε","τότε","τότε","τότε"
43,12,16,"V","3API-P","ἐμνήσθησαν","ἐμνήσθησαν","ἐμνήσθησαν","μιμνῄσκομαι"
43,12,16,"C",NULL,"ὅτι","ὅτι","ὅτι","ὅτι"
43,12,16,"RD","NPN","ταῦτα","ταῦτα","ταῦτα","οὗτος"
43,12,16,"V","3IAI-S","ἦν","ἦν","ἦν","εἰμί"
43,12,16,"P",NULL,"ἐπ’","ἐπ’","ἐπί","ἐπί"
43,12,16,"RP","DSM","αὐτῷ","αὐτῷ","αὐτῷ","αὐτός"
43,12,16,"V","XPPNPN","γεγραμμένα","γεγραμμένα","γεγραμμένα","γράφω"
43,12,16,"C",NULL,"καὶ","καὶ","καί","καί"
43,12,16,"RD","APN","ταῦτα","ταῦτα","ταῦτα","οὗτος"
43,12,16,"V","3AAI-P","ἐποίησαν","ἐποίησαν","ἐποίησαν","ποιέω"
43,12,16,"RP","DSM","αὐτῷ.","αὐτῷ","αὐτῷ","αὐτός"
43,12,17,"V","3IAI-S","ἐμαρτύρει","ἐμαρτύρει","ἐμαρτύρει","μαρτυρέω"
43,12,17,"C",NULL,"οὖν","οὖν","οὖν","οὖν"
43,12,17,"RA","NSM","ὁ","ὁ","ὁ","ὁ"
43,12,17,"N","NSM","ὄχλος","ὄχλος","ὄχλος","ὄχλος"
43,12,17,"RA","NSM","ὁ","ὁ","ὁ","ὁ"
43,12,17,"V","PAPNSM","ὢν","ὢν","ὤν","εἰμί"
43,12,17,"P",NULL,"μετ’","μετ’","μετά","μετά"
43,12,17,"RP","GSM","αὐτοῦ","αὐτοῦ","αὐτοῦ","αὐτός"
43,12,17,"C",NULL,"ὅτε","ὅτε","ὅτε","ὅτε"
43,12,17,"RA","ASM","τὸν","τὸν","τόν","ὁ"
43,12,17,"N","ASM","Λάζαρον","Λάζαρον","Λάζαρον","Λάζαρος"
43,12,17,"V","3AAI-S","ἐφώνησεν","ἐφώνησεν","ἐφώνησε(ν)","φωνέω"
43,12,17,"P",NULL,"ἐκ","ἐκ","ἐκ","ἐκ"
43,12,17,"RA","GSN","τοῦ","τοῦ","τοῦ","ὁ"
43,12,17,"N","GSN","μνημείου","μνημείου","μνημείου","μνημεῖον"
43,12,17,"C",NULL,"καὶ","καὶ","καί","καί"
43,12,17,"V","3AAI-S","ἤγειρεν","ἤγειρεν","ἤγειρε(ν)","ἐγείρω"
43,12,17,"RP","ASM","αὐτὸν","αὐτὸν","αὐτόν","αὐτός"
43,12,17,"P",NULL,"ἐκ","ἐκ","ἐκ","ἐκ"
43,12,17,"A","GPM","νεκρῶν.","νεκρῶν","νεκρῶν","νεκρός"
43,12,18,"P",NULL,"διὰ","διὰ","διά","διά"
43,12,18,"RD","ASN","τοῦτο","τοῦτο","τοῦτο","οὗτος"
43,12,18,"D",NULL,"⸀καὶ","καὶ","καί","καί"
43,12,18,"V","3AAI-S","ὑπήντησεν","ὑπήντησεν","ὑπήντησε(ν)","ὑπαντάω"
43,12,18,"RP","DSM","αὐτῷ","αὐτῷ","αὐτῷ","αὐτός"
43,12,18,"RA","NSM","ὁ","ὁ","ὁ","ὁ"
43,12,18,"N","NSM","ὄχλος","ὄχλος","ὄχλος","ὄχλος"
43,12,18,"C",NULL,"ὅτι","ὅτι","ὅτι","ὅτι"
43,12,18,"V","3AAI-P","⸀ἤκουσαν","ἤκουσαν","ἤκουσαν","ἀκούω"
43,12,18,"RD","ASN","τοῦτο","τοῦτο","τοῦτο","οὗτος"
43,12,18,"RP","ASM","αὐτὸν","αὐτὸν","αὐτόν","αὐτός"
43,12,18,"V","XAN","πεποιηκέναι","πεποιηκέναι","πεποιηκέναι","ποιέω"
43,12,18,"RA","ASN","τὸ","τὸ","τό","ὁ"
43,12,18,"N","ASN","σημεῖον.","σημεῖον","σημεῖον","σημεῖον"
43,12,19,"RA","NPM","οἱ","οἱ","οἱ","ὁ"
43,12,19,"C",NULL,"οὖν","οὖν","οὖν","οὖν"
43,12,19,"N","NPM","Φαρισαῖοι","Φαρισαῖοι","Φαρισαῖοι","Φαρισαῖος"
43,12,19,"V","3AAI-P","εἶπαν","εἶπαν","εἶπαν","λέγω"
43,12,19,"P",NULL,"πρὸς","πρὸς","πρός","πρός"
43,12,19,"RP","APM","ἑαυτούς·","ἑαυτούς","ἑαυτούς","ἑαυτοῦ"
43,12,19,"V","2PAI-P","Θεωρεῖτε","Θεωρεῖτε","θεωρεῖτε","θεωρέω"
43,12,19,"C",NULL,"ὅτι","ὅτι","ὅτι","ὅτι"
43,12,19,"D",NULL,"οὐκ","οὐκ","οὐ","οὐ"
43,12,19,"V","2PAI-P","ὠφελεῖτε","ὠφελεῖτε","ὠφελεῖτε","ὠφελέω"
43,12,19,"A","ASN","οὐδέν·","οὐδέν","οὐδέν","οὐδείς"
43,12,19,"X",NULL,"ἴδε","ἴδε","ἴδε","ἴδε"
43,12,19,"RA","NSM","ὁ","ὁ","ὁ","ὁ"
43,12,19,"N","NSM","⸀κόσμος","κόσμος","κόσμος","κόσμος"
43,12,19,"P",NULL,"ὀπίσω","ὀπίσω","ὀπίσω","ὀπίσω"
43,12,19,"RP","GSM","αὐτοῦ","αὐτοῦ","αὐτοῦ","αὐτός"
43,12,19,"V","3AAI-S","ἀπῆλθεν.","ἀπῆλθεν","ἀπῆλθε(ν)","ἀπέρχομαι"
43,12,20,"V","3IAI-P","Ἦσαν","Ἦσαν","ἦσαν","εἰμί"
43,12,20,"C",NULL,"δὲ","δὲ","δέ","δέ"
43,12,20,"N","NPM","⸂Ἕλληνές","Ἕλληνές","Ἕλληνες","Ἕλλην"
43,12,20,"RI","NPM","τινες⸃","τινες","τινές","τις"
43,12,20,"P",NULL,"ἐκ","ἐκ","ἐκ","ἐκ"
43,12,20,"RA","GPM","τῶν","τῶν","τῶν","ὁ"
43,12,20,"V","PAPGPM","ἀναβαινόντων","ἀναβαινόντων","ἀναβαινόντων","ἀναβαίνω"
43,12,20,"C",NULL,"ἵνα","ἵνα","ἵνα","ἵνα"
43,12,20,"V","3AAS-P","προσκυνήσωσιν","προσκυνήσωσιν","προσκυνήσωσι(ν)","προσκυνέω"
43,12,20,"P",NULL,"ἐν","ἐν","ἐν","ἐν"
43,12,20,"RA","DSF","τῇ","τῇ","τῇ","ὁ"
43,12,20,"N","DSF","ἑορτῇ·","ἑορτῇ","ἑορτῇ","ἑορτή"
43,12,21,"RD","NPM","οὗτοι","οὗτοι","οὗτοι","οὗτος"
43,12,21,"C",NULL,"οὖν","οὖν","οὖν","οὖν"
43,12,21,"V","3AAI-P","προσῆλθον","προσῆλθον","προσῆλθον","προσέρχομαι"
43,12,21,"N","DSM","Φιλίππῳ","Φιλίππῳ","Φιλίππῳ","Φίλιππος"
43,12,21,"RA","DSM","τῷ","τῷ","τῷ","ὁ"
43,12,21,"P",NULL,"ἀπὸ","ἀπὸ","ἀπό","ἀπό"
43,12,21,"N","GSF","Βηθσαϊδὰ","Βηθσαϊδὰ","Βηθσαϊδά","Βηθσαϊδά"
43,12,21,"RA","GSF","τῆς","τῆς","τῆς","ὁ"
43,12,21,"N","GSF","Γαλιλαίας,","Γαλιλαίας","Γαλιλαίας","Γαλιλαία"
43,12,21,"C",NULL,"καὶ","καὶ","καί","καί"
43,12,21,"V","3IAI-P","ἠρώτων","ἠρώτων","ἠρώτων","ἐρωτάω"
43,12,21,"RP","ASM","αὐτὸν","αὐτὸν","αὐτόν","αὐτός"
43,12,21,"V","PAPNPM","λέγοντες·","λέγοντες","λέγοντες","λέγω"
43,12,21,"N","VSM","Κύριε,","Κύριε","κύριε","κύριος"
43,12,21,"V","1PAI-P","θέλομεν","θέλομεν","θέλομεν","θέλω"
43,12,21,"RA","ASM","τὸν","τὸν","τόν","ὁ"
43,12,21,"N","ASM","Ἰησοῦν","Ἰησοῦν","Ἰησοῦν","Ἰησοῦς"
43,12,21,"V","AAN","ἰδεῖν.","ἰδεῖν","ἰδεῖν","ὁράω"
43,12,22,"V","3PMI-S","ἔρχεται","ἔρχεται","ἔρχεται","ἔρχομαι"
43,12,22,"RA","NSM","⸀ὁ","ὁ","ὁ","ὁ"
43,12,22,"N","NSM","Φίλιππος","Φίλιππος","Φίλιππος","Φίλιππος"
43,12,22,"C",NULL,"καὶ","καὶ","καί","καί"
43,12,22,"V","3PAI-S","λέγει","λέγει","λέγει","λέγω"
43,12,22,"RA","DSM","τῷ","τῷ","τῷ","ὁ"
43,12,22,"N","DSM","Ἀνδρέᾳ·","Ἀνδρέᾳ","Ἀνδρέᾳ","Ἀνδρέας"
43,12,22,"V","3PMI-S","⸀ἔρχεται","ἔρχεται","ἔρχεται","ἔρχομαι"
43,12,22,"N","NSM","Ἀνδρέας","Ἀνδρέας","Ἀνδρέας","Ἀνδρέας"
43,12,22,"C",NULL,"καὶ","καὶ","καί","καί"
43,12,22,"N","NSM","Φίλιππος","Φίλιππος","Φίλιππος","Φίλιππος"
43,12,22,"C",NULL,"⸀καὶ","καὶ","καί","καί"
43,12,22,"V","3PAI-P","λέγουσιν","λέγουσιν","λέγουσι(ν)","λέγω"
43,12,22,"RA","DSM","τῷ","τῷ","τῷ","ὁ"
43,12,22,"N","DSM","Ἰησοῦ.","Ἰησοῦ","Ἰησοῦ","Ἰησοῦς"
43,12,23,"RA","NSM","ὁ","ὁ","ὁ","ὁ"
43,12,23,"C",NULL,"δὲ","δὲ","δέ","δέ"
43,12,23,"N","NSM","Ἰησοῦς","Ἰησοῦς","Ἰησοῦς","Ἰησοῦς"
43,12,23,"V","3PMI-S","⸀ἀποκρίνεται","ἀποκρίνεται","ἀποκρίνεται","ἀποκρίνομαι"
43,12,23,"RP","DPM","αὐτοῖς","αὐτοῖς","αὐτοῖς","αὐτός"
43,12,23,"V","PAPNSM","λέγων·","λέγων","λέγων","λέγω"
43,12,23,"V","3XAI-S","Ἐλήλυθεν","Ἐλήλυθεν","ἐλήλυθε(ν)","ἔρχομαι"
43,12,23,"RA","NSF","ἡ","ἡ","ἡ","ὁ"
43,12,23,"N","NSF","ὥρα","ὥρα","ὥρα","ὥρα"
43,12,23,"C",NULL,"ἵνα","ἵνα","ἵνα","ἵνα"
43,12,23,"V","3APS-S","δοξασθῇ","δοξασθῇ","δοξασθῇ","δοξάζω"
43,12,23,"RA","NSM","ὁ","ὁ","ὁ","ὁ"
43,12,23,"N","NSM","υἱὸς","υἱὸς","υἱός","υἱός"
43,12,23,"RA","GSM","τοῦ","τοῦ","τοῦ","ὁ"
43,12,23,"N","GSM","ἀνθρώπου.","ἀνθρώπου","ἀνθρώπου","ἄνθρωπος"
43,12,24,"X",NULL,"ἀμὴν","ἀμὴν","ἀμήν","ἀμήν"
43,12,24,"X",NULL,"ἀμὴν","ἀμὴν","ἀμήν","ἀμήν"
43,12,24,"V","1PAI-S","λέγω","λέγω","λέγω","λέγω"
43,12,24,"RP","DP","ὑμῖν,","ὑμῖν","ὑμῖν","σύ"
43,12,24,"C",NULL,"ἐὰν","ἐὰν","ἐάν","ἐάν"
43,12,24,"D",NULL,"μὴ","μὴ","μή","μή"
43,12,24,"RA","NSM","ὁ","ὁ","ὁ","ὁ"
43,12,24,"N","NSM","κόκκος","κόκκος","κόκκος","κόκκος"
43,12,24,"RA","GSM","τοῦ","τοῦ","τοῦ","ὁ"
43,12,24,"N","GSM","σίτου","σίτου","σίτου","σῖτος"
43,12,24,"V","AAPNSM","πεσὼν","πεσὼν","πεσών","πίπτω"
43,12,24,"P",NULL,"εἰς","εἰς","εἰς","εἰς"
43,12,24,"RA","ASF","τὴν","τὴν","τήν","ὁ"
43,12,24,"N","ASF","γῆν","γῆν","γῆν","γῆ"
43,12,24,"V","3AAS-S","ἀποθάνῃ,","ἀποθάνῃ","ἀποθάνῃ","ἀποθνῄσκω"
43,12,24,"RP","NSM","αὐτὸς","αὐτὸς","αὐτός","αὐτός"
43,12,24,"A","NSM","μόνος","μόνος","μόνος","μόνος"
43,12,24,"V","3PAI-S","μένει·","μένει","μένει","μένω"
43,12,24,"C",NULL,"ἐὰν","ἐὰν","ἐάν","ἐάν"
43,12,24,"C",NULL,"δὲ","δὲ","δέ","δέ"
43,12,24,"V","3AAS-S","ἀποθάνῃ,","ἀποθάνῃ","ἀποθάνῃ","ἀποθνῄσκω"
43,12,24,"A","ASM","πολὺν","πολὺν","πολύν","πολύς"
43,12,24,"N","ASM","καρπὸν","καρπὸν","καρπόν","καρπός"
43,12,24,"V","3PAI-S","φέρει.","φέρει","φέρει","φέρω"
43,12,25,"RA","NSM","ὁ","ὁ","ὁ","ὁ"
43,12,25,"V","PAPNSM","φιλῶν","φιλῶν","φιλῶν","φιλέω"
43,12,25,"RA","ASF","τὴν","τὴν","τήν","ὁ"
43,12,25,"N","ASF","ψυχὴν","ψυχὴν","ψυχήν","ψυχή"
43,12,25,"RP","GSM","αὐτοῦ","αὐτοῦ","αὐτοῦ","αὐτός"
43,12,25,"V","3PAI-S","⸀ἀπολλύει","ἀπολλύει","ἀπολλύει","ἀπόλλυμι"
43,12,25,"RP","ASF","αὐτήν,","αὐτήν","αὐτήν","αὐτός"
43,12,25,"C",NULL,"καὶ","καὶ","καί","καί"
43,12,25,"RA","NSM","ὁ","ὁ","ὁ","ὁ"
43,12,25,"V","PAPNSM","μισῶν","μισῶν","μισῶν","μισέω"
43,12,25,"RA","ASF","τὴν","τὴν","τήν","ὁ"
43,12,25,"N","ASF","ψυχὴν","ψυχὴν","ψυχήν","ψυχή"
43,12,25,"RP","GSM","αὐτοῦ","αὐτοῦ","αὐτοῦ","αὐτός"
43,12,25,"P",NULL,"ἐν","ἐν","ἐν","ἐν"
43,12,25,"RA","DSM","τῷ","τῷ","τῷ","ὁ"
43,12,25,"N","DSM","κόσμῳ","κόσμῳ","κόσμῳ","κόσμος"
43,12,25,"RD","DSM","τούτῳ","τούτῳ","τούτῳ","οὗτος"
43,12,25,"P",NULL,"εἰς","εἰς","εἰς","εἰς"
43,12,25,"N","ASF","ζωὴν","ζωὴν","ζωήν","ζωή"
43,12,25,"A","ASF","αἰώνιον","αἰώνιον","αἰώνιον","αἰώνιος"
43,12,25,"V","3FAI-S","φυλάξει","φυλάξει","φυλάξει","φυλάσσω"
43,12,25,"RP","ASF","αὐτήν.","αὐτήν","αὐτήν","αὐτός"
43,12,26,"C",NULL,"ἐὰν","ἐὰν","ἐάν","ἐάν"
43,12,26,"RP","DS","ἐμοί","ἐμοί","ἐμοί","ἐγώ"
43,12,26,"RI","NSM","⸂τις","τις","τὶς","τις"
43,12,26,"V","3PAS-S","διακονῇ⸃","διακονῇ","διακονῇ","διακονέω"
43,12,26,"RP","DS","ἐμοὶ","ἐμοὶ","ἐμοί","ἐγώ"
43,12,26,"V","3PAD-S","ἀκολουθείτω,","ἀκολουθείτω","ἀκολουθείτω","ἀκολουθέω"
43,12,26,"C",NULL,"καὶ","καὶ","καί","καί"
43,12,26,"C",NULL,"ὅπου","ὅπου","ὅπου","ὅπου"
43,12,26,"V","1PAI-S","εἰμὶ","εἰμὶ","εἰμί","εἰμί"
43,12,26,"RP","NS","ἐγὼ","ἐγὼ","ἐγώ","ἐγώ"
43,12,26,"D",NULL,"ἐκεῖ","ἐκεῖ","ἐκεῖ","ἐκεῖ"
43,12,26,"D",NULL,"καὶ","καὶ","καί","καί"
43,12,26,"RA","NSM","ὁ","ὁ","ὁ","ὁ"
43,12,26,"N","NSM","διάκονος","διάκονος","διάκονος","διάκονος"
43,12,26,"RA","NSM","ὁ","ὁ","ὁ","ὁ"
43,12,26,"A","NSM","ἐμὸς","ἐμὸς","ἐμός","ἐμός"
43,12,26,"V","3FMI-S","ἔσται·","ἔσται","ἔσται","εἰμί"
43,12,26,"C",NULL,"⸀ἐάν","ἐάν","ἐάν","ἐάν"
43,12,26,"RI","NSM","τις","τις","τὶς","τις"
43,12,26,"RP","DS","ἐμοὶ","ἐμοὶ","ἐμοί","ἐγώ"
43,12,26,"V","3PAS-S","διακονῇ","διακονῇ","διακονῇ","διακονέω"
43,12,26,"V","3FAI-S","τιμήσει","τιμήσει","τιμήσει","τιμάω"
43,12,26,"RP","ASM","αὐτὸν","αὐτὸν","αὐτόν","αὐτός"
43,12,26,"RA","NSM","ὁ","ὁ","ὁ","ὁ"
43,12,26,"N","NSM","πατήρ.","πατήρ","πατήρ","πατήρ"
43,12,27,"D",NULL,"Νῦν","Νῦν","νῦν","νῦν"
43,12,27,"RA","NSF","ἡ","ἡ","ἡ","ὁ"
43,12,27,"N","NSF","ψυχή","ψυχή","ψυχή","ψυχή"
43,12,27,"RP","GS","μου","μου","μου","ἐγώ"
43,12,27,"V","3XPI-S","τετάρακται,","τετάρακται","τετάρακται","ταράσσω"
43,12,27,"C",NULL,"καὶ","καὶ","καί","καί"
43,12,27,"RI","ASN","τί","τί","τί","τίς"
43,12,27,"V","1AAS-S","εἴπω;","εἴπω","εἴπω","λέγω"
43,12,27,"N","VSM","πάτερ,","πάτερ","πάτερ","πατήρ"
43,12,27,"V","2AAD-S","σῶσόν","σῶσόν","σῶσον","σῴζω"
43,12,27,"RP","AS","με","με","με","ἐγώ"
43,12,27,"P",NULL,"ἐκ","ἐκ","ἐκ","ἐκ"
43,12,27,"RA","GSF","τῆς","τῆς","τῆς","ὁ"
43,12,27,"N","GSF","ὥρας","ὥρας","ὥρας","ὥρα"
43,12,27,"RD","GSF","ταύτης.","ταύτης","ταύτης","οὗτος"
43,12,27,"C",NULL,"ἀλλὰ","ἀλλὰ","ἀλλά","ἀλλά"
43,12,27,"P",NULL,"διὰ","διὰ","διά","διά"
43,12,27,"RD","ASN","τοῦτο","τοῦτο","τοῦτο","οὗτος"
43,12,27,"V","1AAI-S","ἦλθον","ἦλθον","ἦλθον","ἔρχομαι"
43,12,27,"P",NULL,"εἰς","εἰς","εἰς","εἰς"
43,12,27,"RA","ASF","τὴν","τὴν","τήν","ὁ"
43,12,27,"N","ASF","ὥραν","ὥραν","ὥραν","ὥρα"
43,12,27,"RD","ASF","ταύτην.","ταύτην","ταύτην","οὗτος"
43,12,28,"N","VSM","πάτερ,","πάτερ","πάτερ","πατήρ"
43,12,28,"V","2AAD-S","δόξασόν","δόξασόν","δόξασον","δοξάζω"
43,12,28,"RP","GS","σου","σου","σου","σύ"
43,12,28,"RA","ASN","τὸ","τὸ","τό","ὁ"
43,12,28,"N","ASN","ὄνομα.","ὄνομα","ὄνομα","ὄνομα"
43,12,28,"V","3AAI-S","ἦλθεν","ἦλθεν","ἦλθε(ν)","ἔρχομαι"
43,12,28,"C",NULL,"οὖν","οὖν","οὖν","οὖν"
43,12,28,"N","NSF","φωνὴ","φωνὴ","φωνή","φωνή"
43,12,28,"P",NULL,"ἐκ","ἐκ","ἐκ","ἐκ"
43,12,28,"RA","GSM","τοῦ","τοῦ","τοῦ","ὁ"
43,12,28,"N","GSM","οὐρανοῦ·","οὐρανοῦ","οὐρανοῦ","οὐρανός"
43,12,28,"C",NULL,"Καὶ","Καὶ","καί","καί"
43,12,28,"V","1AAI-S","ἐδόξασα","ἐδόξασα","ἐδόξασα","δοξάζω"
43,12,28,"C",NULL,"καὶ","καὶ","καί","καί"
43,12,28,"D",NULL,"πάλιν","πάλιν","πάλιν","πάλιν"
43,12,28,"V","1FAI-S","δοξάσω.","δοξάσω","δοξάσω","δοξάζω"
43,12,29,"RA","NSM","ὁ","ὁ","ὁ","ὁ"
43,12,29,"C",NULL,"οὖν","οὖν","οὖν","οὖν"
43,12,29,"N","NSM","ὄχλος","ὄχλος","ὄχλος","ὄχλος"
43,12,29,"RA","NSM","ὁ","ὁ","ὁ","ὁ"
43,12,29,"V","XAPNSM","ἑστὼς","ἑστὼς","ἑστώς","ἵστημι"
43,12,29,"C",NULL,"καὶ","καὶ","καί","καί"
43,12,29,"V","AAPNSM","ἀκούσας","ἀκούσας","ἀκούσας","ἀκούω"
43,12,29,"V","3IAI-S","ἔλεγεν","ἔλεγεν","ἔλεγε(ν)","λέγω"
43,12,29,"N","ASF","βροντὴν","βροντὴν","βροντήν","βροντή"
43,12,29,"V","XAN","γεγονέναι·","γεγονέναι","γεγονέναι","γίνομαι"
43,12,29,"A","NPM","ἄλλοι","ἄλλοι","ἄλλοι","ἄλλος"
43,12,29,"V","3IAI-P","ἔλεγον·","ἔλεγον","ἔλεγον","λέγω"
43,12,29,"N","NSM","Ἄγγελος","Ἄγγελος","ἄγγελος","ἄγγελος"
43,12,29,"RP","DSM","αὐτῷ","αὐτῷ","αὐτῷ","αὐτός"
43,12,29,"V","3XAI-S","λελάληκεν.","λελάληκεν","λελάληκε(ν)","λαλέω"
43,12,30,"V","3API-S","ἀπεκρίθη","ἀπεκρίθη","ἀπεκρίθη","ἀποκρίνομαι"
43,12,30,"N","NSM","⸂Ἰησοῦς","Ἰησοῦς","Ἰησοῦς","Ἰησοῦς"
43,12,30,"C",NULL,"καὶ","καὶ","καί","καί"
43,12,30,"V","3AAI-S","εἶπεν⸃·","εἶπεν","εἶπε(ν)","λέγω"
43,12,30,"D",NULL,"Οὐ","Οὐ","οὐ","οὐ"
43,12,30,"P",NULL,"δι’","δι’","διά","διά"
43,12,30,"RP","AS","ἐμὲ","ἐμὲ","ἐμέ","ἐγώ"
43,12,30,"RA","NSF","⸂ἡ","ἡ","ἡ","ὁ"
43,12,30,"N","NSF","φωνὴ","φωνὴ","φωνή","φωνή"
43,12,30,"RD","NSF","αὕτη⸃","αὕτη","αὕτη","οὗτος"
43,12,30,"V","3XAI-S","γέγονεν","γέγονεν","γέγονε(ν)","γίνομαι"
43,12,30,"C",NULL,"ἀλλὰ","ἀλλὰ","ἀλλά","ἀλλά"
43,12,30,"P",NULL,"δι’","δι’","διά","διά"
43,12,30,"RP","AP","ὑμᾶς.","ὑμᾶς","ὑμᾶς","σύ"
43,12,31,"D",NULL,"νῦν","νῦν","νῦν","νῦν"
43,12,31,"N","NSF","κρίσις","κρίσις","κρίσις","κρίσις"
43,12,31,"V","3PAI-S","ἐστὶν","ἐστὶν","ἐστί(ν)","εἰμί"
43,12,31,"RA","GSM","τοῦ","τοῦ","τοῦ","ὁ"
43,12,31,"N","GSM","κόσμου","κόσμου","κόσμου","κόσμος"
43,12,31,"RD","GSM","τούτου,","τούτου","τούτου","οὗτος"
43,12,31,"D",NULL,"νῦν","νῦν","νῦν","νῦν"
43,12,31,"RA","NSM","ὁ","ὁ","ὁ","ὁ"
43,12,31,"N","NSM","ἄρχων","ἄρχων","ἄρχων","ἄρχων"
43,12,31,"RA","GSM","τοῦ","τοῦ","τοῦ","ὁ"
43,12,31,"N","GSM","κόσμου","κόσμου","κόσμου","κόσμος"
43,12,31,"RD","GSM","τούτου","τούτου","τούτου","οὗτος"
43,12,31,"V","3FPI-S","ἐκβληθήσεται","ἐκβληθήσεται","ἐκβληθήσεται","ἐκβάλλω"
43,12,31,"D",NULL,"ἔξω·","ἔξω","ἔξω","ἔξω"
43,12,32,"RP","NS","κἀγὼ","κἀγὼ","κἀγώ","κἀγώ"
43,12,32,"C",NULL,"⸀ἐὰν","ἐὰν","ἐάν","ἐάν"
43,12,32,"V","1APS-S","ὑψωθῶ","ὑψωθῶ","ὑψωθῶ","ὑψόω"
43,12,32,"P",NULL,"ἐκ","ἐκ","ἐκ","ἐκ"
43,12,32,"RA","GSF","τῆς","τῆς","τῆς","ὁ"
43,12,32,"N","GSF","γῆς,","γῆς","γῆς","γῆ"
43,12,32,"A","APM","πάντας","πάντας","πάντας","πᾶς"
43,12,32,"V","1FAI-S","ἑλκύσω","ἑλκύσω","ἑλκύσω","ἕλκω"
43,12,32,"P",NULL,"πρὸς","πρὸς","πρός","πρός"
43,12,32,"RP","ASM","ἐμαυτόν.","ἐμαυτόν","ἐμαυτόν","ἐμαυτοῦ"
43,12,33,"RD","ASN","τοῦτο","τοῦτο","τοῦτο","οὗτος"
43,12,33,"C",NULL,"δὲ","δὲ","δέ","δέ"
43,12,33,"V","3IAI-S","ἔλεγεν","ἔλεγεν","ἔλεγε(ν)","λέγω"
43,12,33,"V","PAPNSM","σημαίνων","σημαίνων","σημαίνων","σημαίνω"
43,12,33,"RI","DSM","ποίῳ","ποίῳ","ποίῳ","ποῖος"
43,12,33,"N","DSM","θανάτῳ","θανάτῳ","θανάτῳ","θάνατος"
43,12,33,"V","3IAI-S","ἤμελλεν","ἤμελλεν","ἤμελλε(ν)","μέλλω"
43,12,33,"V","PAN","ἀποθνῄσκειν.","ἀποθνῄσκειν","ἀποθνῄσκειν","ἀποθνῄσκω"
43,12,34,"V","3API-S","ἀπεκρίθη","ἀπεκρίθη","ἀπεκρίθη","ἀποκρίνομαι"
43,12,34,"C",NULL,"⸀οὖν","οὖν","οὖν","οὖν"
43,12,34,"RP","DSM","αὐτῷ","αὐτῷ","αὐτῷ","αὐτός"
43,12,34,"RA","NSM","ὁ","ὁ","ὁ","ὁ"
43,12,34,"N","NSM","ὄχλος·","ὄχλος","ὄχλος","ὄχλος"
43,12,34,"RP","NP","Ἡμεῖς","Ἡμεῖς","ἡμεῖς","ἐγώ"
43,12,34,"V","1AAI-P","ἠκούσαμεν","ἠκούσαμεν","ἠκούσαμεν","ἀκούω"
43,12,34,"P",NULL,"ἐκ","ἐκ","ἐκ","ἐκ"
43,12,34,"RA","GSM","τοῦ","τοῦ","τοῦ","ὁ"
43,12,34,"N","GSM","νόμου","νόμου","νόμου","νόμος"
43,12,34,"C",NULL,"ὅτι","ὅτι","ὅτι","ὅτι"
43,12,34,"RA","NSM","ὁ","ὁ","ὁ","ὁ"
43,12,34,"N","NSM","χριστὸς","χριστὸς","Χριστός","Χριστός"
43,12,34,"V","3PAI-S","μένει","μένει","μένει","μένω"
43,12,34,"P",NULL,"εἰς","εἰς","εἰς","εἰς"
43,12,34,"RA","ASM","τὸν","τὸν","τόν","ὁ"
43,12,34,"N","ASM","αἰῶνα,","αἰῶνα","αἰῶνα","αἰών"
43,12,34,"C",NULL,"καὶ","καὶ","καί","καί"
43,12,34,"D",NULL,"πῶς","πῶς","πῶς","πῶς"
43,12,34,"V","2PAI-S","⸂λέγεις","λέγεις","λέγεις","λέγω"
43,12,34,"RP","NS","σὺ⸃","σὺ","σύ","σύ"
43,12,34,"C",NULL,"⸀ὅτι","ὅτι","ὅτι","ὅτι"
43,12,34,"V","3PAI-S","δεῖ","δεῖ","δεῖ","δέω"
43,12,34,"V","APN","ὑψωθῆναι","ὑψωθῆναι","ὑψωθῆναι","ὑψόω"
43,12,34,"RA","ASM","τὸν","τὸν","τόν","ὁ"
43,12,34,"N","ASM","υἱὸν","υἱὸν","υἱόν","υἱός"
43,12,34,"RA","GSM","τοῦ","τοῦ","τοῦ","ὁ"
43,12,34,"N","GSM","ἀνθρώπου;","ἀνθρώπου","ἀνθρώπου","ἄνθρωπος"
43,12,34,"RI","NSM","τίς","τίς","τίς","τίς"
43,12,34,"V","3PAI-S","ἐστιν","ἐστιν","ἐστί(ν)","εἰμί"
43,12,34,"RD","NSM","οὗτος","οὗτος","οὗτος","οὗτος"
43,12,34,"RA","NSM","ὁ","ὁ","ὁ","ὁ"
43,12,34,"N","NSM","υἱὸς","υἱὸς","υἱός","υἱός"
43,12,34,"RA","GSM","τοῦ","τοῦ","τοῦ","ὁ"
43,12,34,"N","GSM","ἀνθρώπου;","ἀνθρώπου","ἀνθρώπου","ἄνθρωπος"
43,12,35,"V","3AAI-S","εἶπεν","εἶπεν","εἶπε(ν)","λέγω"
43,12,35,"C",NULL,"οὖν","οὖν","οὖν","οὖν"
43,12,35,"RP","DPM","αὐτοῖς","αὐτοῖς","αὐτοῖς","αὐτός"
43,12,35,"RA","NSM","ὁ","ὁ","ὁ","ὁ"
43,12,35,"N","NSM","Ἰησοῦς·","Ἰησοῦς","Ἰησοῦς","Ἰησοῦς"
43,12,35,"D",NULL,"Ἔτι","Ἔτι","ἔτι","ἔτι"
43,12,35,"A","ASM","μικρὸν","μικρὸν","μικρόν","μικρός"
43,12,35,"N","ASM","χρόνον","χρόνον","χρόνον","χρόνος"
43,12,35,"RA","NSN","τὸ","τὸ","τό","ὁ"
43,12,35,"N","NSN","φῶς","φῶς","φῶς","φῶς"
43,12,35,"P",NULL,"⸂ἐν","ἐν","ἐν","ἐν"
43,12,35,"RP","DP","ὑμῖν⸃","ὑμῖν","ὑμῖν","σύ"
43,12,35,"V","3PAI-S","ἐστιν.","ἐστιν","ἐστί(ν)","εἰμί"
43,12,35,"V","2PAD-P","περιπατεῖτε","περιπατεῖτε","περιπατεῖτε","περιπατέω"
43,12,35,"C",NULL,"⸀ὡς","ὡς","ὡς","ὡς"
43,12,35,"RA","ASN","τὸ","τὸ","τό","ὁ"
43,12,35,"N","ASN","φῶς","φῶς","φῶς","φῶς"
43,12,35,"V","2PAI-P","ἔχετε,","ἔχετε","ἔχετε","ἔχω"
43,12,35,"C",NULL,"ἵνα","ἵνα","ἵνα","ἵνα"
43,12,35,"D",NULL,"μὴ","μὴ","μή","μή"
43,12,35,"N","NSF","σκοτία","σκοτία","σκοτία","σκοτία"
43,12,35,"RP","AP","ὑμᾶς","ὑμᾶς","ὑμᾶς","σύ"
43,12,35,"V","3AAS-S","καταλάβῃ,","καταλάβῃ","καταλάβῃ","καταλαμβάνω"
43,12,35,"C",NULL,"καὶ","καὶ","καί","καί"
43,12,35,"RA","NSM","ὁ","ὁ","ὁ","ὁ"
43,12,35,"V","PAPNSM","περιπατῶν","περιπατῶν","περιπατῶν","περιπατέω"
43,12,35,"P",NULL,"ἐν","ἐν","ἐν","ἐν"
43,12,35,"RA","DSF","τῇ","τῇ","τῇ","ὁ"
43,12,35,"N","DSF","σκοτίᾳ","σκοτίᾳ","σκοτίᾳ","σκοτία"
43,12,35,"D",NULL,"οὐκ","οὐκ","οὐ","οὐ"
43,12,35,"V","3XAI-S","οἶδεν","οἶδεν","οἶδε(ν)","οἶδα"
43,12,35,"D",NULL,"ποῦ","ποῦ","ποῦ","ποῦ"
43,12,35,"V","3PAI-S","ὑπάγει.","ὑπάγει","ὑπάγει","ὑπάγω"
43,12,36,"C",NULL,"⸀ὡς","ὡς","ὡς","ὡς"
43,12,36,"RA","ASN","τὸ","τὸ","τό","ὁ"
43,12,36,"N","ASN","φῶς","φῶς","φῶς","φῶς"
43,12,36,"V","2PAI-P","ἔχετε,","ἔχετε","ἔχετε","ἔχω"
43,12,36,"V","2PAD-P","πιστεύετε","πιστεύετε","πιστεύετε","πιστεύω"
43,12,36,"P",NULL,"εἰς","εἰς","εἰς","εἰς"
43,12,36,"RA","ASN","τὸ","τὸ","τό","ὁ"
43,12,36,"N","ASN","φῶς,","φῶς","φῶς","φῶς"
43,12,36,"C",NULL,"ἵνα","ἵνα","ἵνα","ἵνα"
43,12,36,"N","NPM","υἱοὶ","υἱοὶ","υἱοί","υἱός"
43,12,36,"N","GSN","φωτὸς","φωτὸς","φωτός","φῶς"
43,12,36,"V","2AMS-P","γένησθε.","γένησθε","γένησθε","γίνομαι"
43,12,36,"RD","APN","Ταῦτα","Ταῦτα","ταῦτα","οὗτος"
43,12,36,"V","3AAI-S","⸀ἐλάλησεν","ἐλάλησεν","ἐλάλησε(ν)","λαλέω"
43,12,36,"N","NSM","Ἰησοῦς,","Ἰησοῦς","Ἰησοῦς","Ἰησοῦς"
43,12,36,"C",NULL,"καὶ","καὶ","καί","καί"
43,12,36,"V","AAPNSM","ἀπελθὼν","ἀπελθὼν","ἀπελθών","ἀπέρχομαι"
43,12,36,"V","3API-S","ἐκρύβη","ἐκρύβη","ἐκρύβη","κρύπτω"
43,12,36,"P",NULL,"ἀπ’","ἀπ’","ἀπό","ἀπό"
43,12,36,"RP","GPM","αὐτῶν.","αὐτῶν","αὐτῶν","αὐτός"
43,12,37,"RD","APN","τοσαῦτα","τοσαῦτα","τοσαῦτα","τοσοῦτος"
43,12,37,"C",NULL,"δὲ","δὲ","δέ","δέ"
43,12,37,"RP","GSM","αὐτοῦ","αὐτοῦ","αὐτοῦ","αὐτός"
43,12,37,"N","APN","σημεῖα","σημεῖα","σημεῖα","σημεῖον"
43,12,37,"V","XAPGSM","πεποιηκότος","πεποιηκότος","πεποιηκότος","ποιέω"
43,12,37,"P",NULL,"ἔμπροσθεν","ἔμπροσθεν","ἔμπροσθεν","ἔμπροσθεν"
43,12,37,"RP","GPM","αὐτῶν","αὐτῶν","αὐτῶν","αὐτός"
43,12,37,"D",NULL,"οὐκ","οὐκ","οὐ","οὐ"
43,12,37,"V","3IAI-P","ἐπίστευον","ἐπίστευον","ἐπίστευον","πιστεύω"
43,12,37,"P",NULL,"εἰς","εἰς","εἰς","εἰς"
43,12,37,"RP","ASM","αὐτόν,","αὐτόν","αὐτόν","αὐτός"
43,12,38,"C",NULL,"ἵνα","ἵνα","ἵνα","ἵνα"
43,12,38,"RA","NSM","ὁ","ὁ","ὁ","ὁ"
43,12,38,"N","NSM","λόγος","λόγος","λόγος","λόγος"
43,12,38,"N","GSM","Ἠσαΐου","Ἠσαΐου","Ἠσαΐου","Ἠσαΐας"
43,12,38,"RA","GSM","τοῦ","τοῦ","τοῦ","ὁ"
43,12,38,"N","GSM","προφήτου","προφήτου","προφήτου","προφήτης"
43,12,38,"V","3APS-S","πληρωθῇ","πληρωθῇ","πληρωθῇ","πληρόω"
43,12,38,"RR","ASM","ὃν","ὃν","ὅν","ὅς"
43,12,38,"V","3AAI-S","εἶπεν·","εἶπεν","εἶπε(ν)","λέγω"
43,12,38,"N","VSM","Κύριε,","Κύριε","κύριε","κύριος"
43,12,38,"RI","NSM","τίς","τίς","τίς","τίς"
43,12,38,"V","3AAI-S","ἐπίστευσεν","ἐπίστευσεν","ἐπίστευσε(ν)","πιστεύω"
43,12,38,"RA","DSF","τῇ","τῇ","τῇ","ὁ"
43,12,38,"N","DSF","ἀκοῇ","ἀκοῇ","ἀκοῇ","ἀκοή"
43,12,38,"RP","GP","ἡμῶν;","ἡμῶν","ἡμῶν","ἐγώ"
43,12,38,"C",NULL,"καὶ","καὶ","καί","καί"
43,12,38,"RA","NSM","ὁ","ὁ","ὁ","ὁ"
43,12,38,"N","NSM","βραχίων","βραχίων","βραχίων","βραχίων"
43,12,38,"N","GSM","κυρίου","κυρίου","κυρίου","κύριος"
43,12,38,"RI","DSM","τίνι","τίνι","τίνι","τίς"
43,12,38,"V","3API-S","ἀπεκαλύφθη;","ἀπεκαλύφθη","ἀπεκαλύφθη","ἀποκαλύπτω"
43,12,39,"P",NULL,"διὰ","διὰ","διά","διά"
43,12,39,"RD","ASN","τοῦτο","τοῦτο","τοῦτο","οὗτος"
43,12,39,"D",NULL,"οὐκ","οὐκ","οὐ","οὐ"
43,12,39,"V","3IMI-P","ἠδύναντο","ἠδύναντο","ἠδύναντο","δύναμαι"
43,12,39,"V","PAN","πιστεύειν","πιστεύειν","πιστεύειν","πιστεύω"
43,12,39,"C",NULL,"ὅτι","ὅτι","ὅτι","ὅτι"
43,12,39,"D",NULL,"πάλιν","πάλιν","πάλιν","πάλιν"
43,12,39,"V","3AAI-S","εἶπεν","εἶπεν","εἶπε(ν)","λέγω"
43,12,39,"N","NSM","Ἠσαΐας·","Ἠσαΐας","Ἠσαΐας","Ἠσαΐας"
43,12,40,"V","3XAI-S","Τετύφλωκεν","Τετύφλωκεν","τετύφλωκε(ν)","τυφλόω"
43,12,40,"RP","GPM","αὐτῶν","αὐτῶν","αὐτῶν","αὐτός"
43,12,40,"RA","APM","τοὺς","τοὺς","τούς","ὁ"
43,12,40,"N","APM","ὀφθαλμοὺς","ὀφθαλμοὺς","ὀφθαλμούς","ὀφθαλμός"
43,12,40,"C",NULL,"καὶ","καὶ","καί","καί"
43,12,40,"V","3AAI-S","⸀ἐπώρωσεν","ἐπώρωσεν","ἐπώρωσε(ν)","πωρόω"
43,12,40,"RP","GPM","αὐτῶν","αὐτῶν","αὐτῶν","αὐτός"
43,12,40,"RA","ASF","τὴν","τὴν","τήν","ὁ"
43,12,40,"N","ASF","καρδίαν,","καρδίαν","καρδίαν","καρδία"
43,12,40,"C",NULL,"ἵνα","ἵνα","ἵνα","ἵνα"
43,12,40,"D",NULL,"μὴ","μὴ","μή","μή"
43,12,40,"V","3AAS-P","ἴδωσιν","ἴδωσιν","ἴδωσι(ν)","ὁράω"
43,12,40,"RA","DPM","τοῖς","τοῖς","τοῖς","ὁ"
43,12,40,"N","DPM","ὀφθαλμοῖς","ὀφθαλμοῖς","ὀφθαλμοῖς","ὀφθαλμός"
43,12,40,"C",NULL,"καὶ","καὶ","καί","καί"
43,12,40,"V","3AAS-P","νοήσωσιν","νοήσωσιν","νοήσωσι(ν)","νοέω"
43,12,40,"RA","DSF","τῇ","τῇ","τῇ","ὁ"
43,12,40,"N","DSF","καρδίᾳ","καρδίᾳ","καρδίᾳ","καρδία"
43,12,40,"C",NULL,"καὶ","καὶ","καί","καί"
43,12,40,"V","3APS-P","⸀στραφῶσιν,","στραφῶσιν","στραφῶσι(ν)","στρέφω"
43,12,40,"C",NULL,"καὶ","καὶ","καί","καί"
43,12,40,"V","1FMI-S","⸀ἰάσομαι","ἰάσομαι","ἰάσομαι","ἰάομαι"
43,12,40,"RP","APM","αὐτούς.","αὐτούς","αὐτούς","αὐτός"
43,12,41,"RD","APN","ταῦτα","ταῦτα","ταῦτα","οὗτος"
43,12,41,"V","3AAI-S","εἶπεν","εἶπεν","εἶπε(ν)","λέγω"
43,12,41,"N","NSM","Ἠσαΐας","Ἠσαΐας","Ἠσαΐας","Ἠσαΐας"
43,12,41,"C",NULL,"⸀ὅτι","ὅτι","ὅτι","ὅτι"
43,12,41,"V","3AAI-S","εἶδεν","εἶδεν","εἶδε(ν)","ὁράω"
43,12,41,"RA","ASF","τὴν","τὴν","τήν","ὁ"
43,12,41,"N","ASF","δόξαν","δόξαν","δόξαν","δόξα"
43,12,41,"RP","GSM","αὐτοῦ,","αὐτοῦ","αὐτοῦ","αὐτός"
43,12,41,"C",NULL,"καὶ","καὶ","καί","καί"
43,12,41,"V","3AAI-S","ἐλάλησεν","ἐλάλησεν","ἐλάλησε(ν)","λαλέω"
43,12,41,"P",NULL,"περὶ","περὶ","περί","περί"
43,12,41,"RP","GSM","αὐτοῦ.","αὐτοῦ","αὐτοῦ","αὐτός"
43,12,42,"D",NULL,"ὅμως","ὅμως","ὅμως","ὅμως"
43,12,42,"C",NULL,"μέντοι","μέντοι","μέντοι","μέντοι"
43,12,42,"D",NULL,"καὶ","καὶ","καί","καί"
43,12,42,"P",NULL,"ἐκ","ἐκ","ἐκ","ἐκ"
43,12,42,"RA","GPM","τῶν","τῶν","τῶν","ὁ"
43,12,42,"N","GPM","ἀρχόντων","ἀρχόντων","ἀρχόντων","ἄρχων"
43,12,42,"A","NPM","πολλοὶ","πολλοὶ","πολλοί","πολύς"
43,12,42,"V","3AAI-P","ἐπίστευσαν","ἐπίστευσαν","ἐπίστευσαν","πιστεύω"
43,12,42,"P",NULL,"εἰς","εἰς","εἰς","εἰς"
43,12,42,"RP","ASM","αὐτόν,","αὐτόν","αὐτόν","αὐτός"
43,12,42,"C",NULL,"ἀλλὰ","ἀλλὰ","ἀλλά","ἀλλά"
43,12,42,"P",NULL,"διὰ","διὰ","διά","διά"
43,12,42,"RA","APM","τοὺς","τοὺς","τούς","ὁ"
43,12,42,"N","APM","Φαρισαίους","Φαρισαίους","Φαρισαίους","Φαρισαῖος"
43,12,42,"D",NULL,"οὐχ","οὐχ","οὐ","οὐ"
43,12,42,"V","3IAI-P","ὡμολόγουν","ὡμολόγουν","ὡμολόγουν","ὁμολογέω"
43,12,42,"C",NULL,"ἵνα","ἵνα","ἵνα","ἵνα"
43,12,42,"D",NULL,"μὴ","μὴ","μή","μή"
43,12,42,"A","NPM","ἀποσυνάγωγοι","ἀποσυνάγωγοι","ἀποσυνάγωγοι","ἀποσυνάγωγος"
43,12,42,"V","3AMS-P","γένωνται,","γένωνται","γένωνται","γίνομαι"
43,12,43,"V","3AAI-P","ἠγάπησαν","ἠγάπησαν","ἠγάπησαν","ἀγαπάω"
43,12,43,"C",NULL,"γὰρ","γὰρ","γάρ","γάρ"
43,12,43,"RA","ASF","τὴν","τὴν","τήν","ὁ"
43,12,43,"N","ASF","δόξαν","δόξαν","δόξαν","δόξα"
43,12,43,"RA","GPM","τῶν","τῶν","τῶν","ὁ"
43,12,43,"N","GPM","ἀνθρώπων","ἀνθρώπων","ἀνθρώπων","ἄνθρωπος"
43,12,43,"D",NULL,"μᾶλλον","μᾶλλον","μᾶλλον","μᾶλλον"
43,12,43,"C",NULL,"ἤπερ","ἤπερ","ἤπερ","ἤπερ"
43,12,43,"RA","ASF","τὴν","τὴν","τήν","ὁ"
43,12,43,"N","ASF","δόξαν","δόξαν","δόξαν","δόξα"
43,12,43,"RA","GSM","τοῦ","τοῦ","τοῦ","ὁ"
43,12,43,"N","GSM","θεοῦ.","θεοῦ","θεοῦ","θεός"
43,12,44,"N","NSM","Ἰησοῦς","Ἰησοῦς","Ἰησοῦς","Ἰησοῦς"
43,12,44,"C",NULL,"δὲ","δὲ","δέ","δέ"
43,12,44,"V","3AAI-S","ἔκραξεν","ἔκραξεν","ἔκραξε(ν)","κράζω"
43,12,44,"C",NULL,"καὶ","καὶ","καί","καί"
43,12,44,"V","3AAI-S","εἶπεν·","εἶπεν","εἶπε(ν)","λέγω"
43,12,44,"RA","NSM","Ὁ","Ὁ","ὁ","ὁ"
43,12,44,"V","PAPNSM","πιστεύων","πιστεύων","πιστεύων","πιστεύω"
43,12,44,"P",NULL,"εἰς","εἰς","εἰς","εἰς"
43,12,44,"RP","AS","ἐμὲ","ἐμὲ","ἐμέ","ἐγώ"
43,12,44,"D",NULL,"οὐ","οὐ","οὐ","οὐ"
43,12,44,"V","3PAI-S","πιστεύει","πιστεύει","πιστεύει","πιστεύω"
43,12,44,"P",NULL,"εἰς","εἰς","εἰς","εἰς"
43,12,44,"RP","AS","ἐμὲ","ἐμὲ","ἐμέ","ἐγώ"
43,12,44,"C",NULL,"ἀλλὰ","ἀλλὰ","ἀλλά","ἀλλά"
43,12,44,"P",NULL,"εἰς","εἰς","εἰς","εἰς"
43,12,44,"RA","ASM","τὸν","τὸν","τόν","ὁ"
43,12,44,"V","AAPASM","πέμψαντά","πέμψαντά","πέμψαντα","πέμπω"
43,12,44,"RP","AS","με,","με","με","ἐγώ"
43,12,45,"C",NULL,"καὶ","καὶ","καί","καί"
43,12,45,"RA","NSM","ὁ","ὁ","ὁ","ὁ"
43,12,45,"V","PAPNSM","θεωρῶν","θεωρῶν","θεωρῶν","θεωρέω"
43,12,45,"RP","AS","ἐμὲ","ἐμὲ","ἐμέ","ἐγώ"
43,12,45,"V","3PAI-S","θεωρεῖ","θεωρεῖ","θεωρεῖ","θεωρέω"
43,12,45,"RA","ASM","τὸν","τὸν","τόν","ὁ"
43,12,45,"V","AAPASM","πέμψαντά","πέμψαντά","πέμψαντα","πέμπω"
43,12,45,"RP","AS","με.","με","με","ἐγώ"
43,12,46,"RP","NS","ἐγὼ","ἐγὼ","ἐγώ","ἐγώ"
43,12,46,"N","NSN","φῶς","φῶς","φῶς","φῶς"
43,12,46,"P",NULL,"εἰς","εἰς","εἰς","εἰς"
43,12,46,"RA","ASM","τὸν","τὸν","τόν","ὁ"
43,12,46,"N","ASM","κόσμον","κόσμον","κόσμον","κόσμος"
43,12,46,"V","1XAI-S","ἐλήλυθα,","ἐλήλυθα","ἐλήλυθα","ἔρχομαι"
43,12,46,"C",NULL,"ἵνα","ἵνα","ἵνα","ἵνα"
43,12,46,"A","NSM","πᾶς","πᾶς","πᾶς","πᾶς"
43,12,46,"RA","NSM","ὁ","ὁ","ὁ","ὁ"
43,12,46,"V","PAPNSM","πιστεύων","πιστεύων","πιστεύων","πιστεύω"
43,12,46,"P",NULL,"εἰς","εἰς","εἰς","εἰς"
43,12,46,"RP","AS","ἐμὲ","ἐμὲ","ἐμέ","ἐγώ"
43,12,46,"P",NULL,"ἐν","ἐν","ἐν","ἐν"
43,12,46,"RA","DSF","τῇ","τῇ","τῇ","ὁ"
43,12,46,"N","DSF","σκοτίᾳ","σκοτίᾳ","σκοτίᾳ","σκοτία"
43,12,46,"D",NULL,"μὴ","μὴ","μή","μή"
43,12,46,"V","3AAS-S","μείνῃ.","μείνῃ","μείνῃ","μένω"
43,12,47,"C",NULL,"καὶ","καὶ","καί","καί"
43,12,47,"C",NULL,"ἐάν","ἐάν","ἐάν","ἐάν"
43,12,47,"RI","NSM","τίς","τίς","τὶς","τις"
43,12,47,"RP","GS","μου","μου","μου","ἐγώ"
43,12,47,"V","3AAS-S","ἀκούσῃ","ἀκούσῃ","ἀκούσῃ","ἀκούω"
43,12,47,"RA","GPN","τῶν","τῶν","τῶν","ὁ"
43,12,47,"N","GPN","ῥημάτων","ῥημάτων","ῥημάτων","ῥῆμα"
43,12,47,"C",NULL,"καὶ","καὶ","καί","καί"
43,12,47,"D",NULL,"μὴ","μὴ","μή","μή"
43,12,47,"V","3AAS-S","⸀φυλάξῃ,","φυλάξῃ","φυλάξῃ","φυλάσσω"
43,12,47,"RP","NS","ἐγὼ","ἐγὼ","ἐγώ","ἐγώ"
43,12,47,"D",NULL,"οὐ","οὐ","οὐ","οὐ"
43,12,47,"V","1PAI-S","κρίνω","κρίνω","κρίνω","κρίνω"
43,12,47,"RP","ASM","αὐτόν,","αὐτόν","αὐτόν","αὐτός"
43,12,47,"D",NULL,"οὐ","οὐ","οὐ","οὐ"
43,12,47,"C",NULL,"γὰρ","γὰρ","γάρ","γάρ"
43,12,47,"V","1AAI-S","ἦλθον","ἦλθον","ἦλθον","ἔρχομαι"
43,12,47,"C",NULL,"ἵνα","ἵνα","ἵνα","ἵνα"
43,12,47,"V","1AAS-S","κρίνω","κρίνω","κρίνω","κρίνω"
43,12,47,"RA","ASM","τὸν","τὸν","τόν","ὁ"
43,12,47,"N","ASM","κόσμον","κόσμον","κόσμον","κόσμος"
43,12,47,"C",NULL,"ἀλλ’","ἀλλ’","ἀλλά","ἀλλά"
43,12,47,"C",NULL,"ἵνα","ἵνα","ἵνα","ἵνα"
43,12,47,"V","1AAS-S","σώσω","σώσω","σώσω","σῴζω"
43,12,47,"RA","ASM","τὸν","τὸν","τόν","ὁ"
43,12,47,"N","ASM","κόσμον.","κόσμον","κόσμον","κόσμος"
43,12,48,"RA","NSM","ὁ","ὁ","ὁ","ὁ"
43,12,48,"V","PAPNSM","ἀθετῶν","ἀθετῶν","ἀθετῶν","ἀθετέω"
43,12,48,"RP","AS","ἐμὲ","ἐμὲ","ἐμέ","ἐγώ"
43,12,48,"C",NULL,"καὶ","καὶ","καί","καί"
43,12,48,"D",NULL,"μὴ","μὴ","μή","μή"
43,12,48,"V","PAPNSM","λαμβάνων","λαμβάνων","λαμβάνων","λαμβάνω"
43,12,48,"RA","APN","τὰ","τὰ","τά","ὁ"
43,12,48,"N","APN","ῥήματά","ῥήματά","ῥήματα","ῥῆμα"
43,12,48,"RP","GS","μου","μου","μου","ἐγώ"
43,12,48,"V","3PAI-S","ἔχει","ἔχει","ἔχει","ἔχω"
43,12,48,"RA","ASM","τὸν","τὸν","τόν","ὁ"
43,12,48,"V","PAPASM","κρίνοντα","κρίνοντα","κρίνοντα","κρίνω"
43,12,48,"RP","ASM","αὐτόν·","αὐτόν","αὐτόν","αὐτός"
43,12,48,"RA","NSM","ὁ","ὁ","ὁ","ὁ"
43,12,48,"N","NSM","λόγος","λόγος","λόγος","λόγος"
43,12,48,"RR","ASM","ὃν","ὃν","ὅν","ὅς"
43,12,48,"V","1AAI-S","ἐλάλησα","ἐλάλησα","ἐλάλησα","λαλέω"
43,12,48,"RD","NSM","ἐκεῖνος","ἐκεῖνος","ἐκεῖνος","ἐκεῖνος"
43,12,48,"V","3FAI-S","κρινεῖ","κρινεῖ","κρινεῖ","κρίνω"
43,12,48,"RP","ASM","αὐτὸν","αὐτὸν","αὐτόν","αὐτός"
43,12,48,"P",NULL,"ἐν","ἐν","ἐν","ἐν"
43,12,48,"RA","DSF","τῇ","τῇ","τῇ","ὁ"
43,12,48,"A","DSF","ἐσχάτῃ","ἐσχάτῃ","ἐσχάτῃ","ἔσχατος"
43,12,48,"N","DSF","ἡμέρᾳ·","ἡμέρᾳ","ἡμέρᾳ","ἡμέρα"
43,12,49,"C",NULL,"ὅτι","ὅτι","ὅτι","ὅτι"
43,12,49,"RP","NS","ἐγὼ","ἐγὼ","ἐγώ","ἐγώ"
43,12,49,"P",NULL,"ἐξ","ἐξ","ἐκ","ἐκ"
43,12,49,"RP","GSM","ἐμαυτοῦ","ἐμαυτοῦ","ἐμαυτοῦ","ἐμαυτοῦ"
43,12,49,"D",NULL,"οὐκ","οὐκ","οὐ","οὐ"
43,12,49,"V","1AAI-S","ἐλάλησα,","ἐλάλησα","ἐλάλησα","λαλέω"
43,12,49,"C",NULL,"ἀλλ’","ἀλλ’","ἀλλά","ἀλλά"
43,12,49,"RA","NSM","ὁ","ὁ","ὁ","ὁ"
43,12,49,"V","AAPNSM","πέμψας","πέμψας","πέμψας","πέμπω"
43,12,49,"RP","AS","με","με","με","ἐγώ"
43,12,49,"N","NSM","πατὴρ","πατὴρ","πατήρ","πατήρ"
43,12,49,"RP","NSM","αὐτός","αὐτός","αὐτός","αὐτός"
43,12,49,"RP","DS","μοι","μοι","μοι","ἐγώ"
43,12,49,"N","ASF","ἐντολὴν","ἐντολὴν","ἐντολήν","ἐντολή"
43,12,49,"V","3XAI-S","⸀δέδωκεν","δέδωκεν","δέδωκε(ν)","δίδωμι"
43,12,49,"RI","ASN","τί","τί","τί","τίς"
43,12,49,"V","1AAS-S","εἴπω","εἴπω","εἴπω","λέγω"
43,12,49,"C",NULL,"καὶ","καὶ","καί","καί"
43,12,49,"RI","ASN","τί","τί","τί","τίς"
43,12,49,"V","1AAS-S","λαλήσω.","λαλήσω","λαλήσω","λαλέω"
43,12,50,"C",NULL,"καὶ","καὶ","καί","καί"
43,12,50,"V","1XAI-S","οἶδα","οἶδα","οἶδα","οἶδα"
43,12,50,"C",NULL,"ὅτι","ὅτι","ὅτι","ὅτι"
43,12,50,"RA","NSF","ἡ","ἡ","ἡ","ὁ"
43,12,50,"N","NSF","ἐντολὴ","ἐντολὴ","ἐντολή","ἐντολή"
43,12,50,"RP","GSM","αὐτοῦ","αὐτοῦ","αὐτοῦ","αὐτός"
43,12,50,"N","NSF","ζωὴ","ζωὴ","ζωή","ζωή"
43,12,50,"A","NSF","αἰώνιός","αἰώνιός","αἰώνιος","αἰώνιος"
43,12,50,"V","3PAI-S","ἐστιν.","ἐστιν","ἐστί(ν)","εἰμί"
43,12,50,"RR","APN","ἃ","ἃ","ἅ","ὅς"
43,12,50,"C",NULL,"οὖν","οὖν","οὖν","οὖν"
43,12,50,"RP","NS","⸂ἐγὼ","ἐγὼ","ἐγώ","ἐγώ"
43,12,50,"V","1PAI-S","λαλῶ⸃,","λαλῶ","λαλῶ","λαλέω"
43,12,50,"C",NULL,"καθὼς","καθὼς","καθώς","καθώς"
43,12,50,"V","3XAI-S","εἴρηκέν","εἴρηκέν","εἴρηκε(ν)","λέγω"
43,12,50,"RP","DS","μοι","μοι","μοι","ἐγώ"
43,12,50,"RA","NSM","ὁ","ὁ","ὁ","ὁ"
43,12,50,"N","NSM","πατήρ,","πατήρ","πατήρ","πατήρ"
43,12,50,"D",NULL,"οὕτως","οὕτως","οὕτω(ς)","οὕτω(ς)"
43,12,50,"V","1PAI-S","λαλῶ.","λαλῶ","λαλῶ","λαλέω"
43,13,01,"P",NULL,"Πρὸ","Πρὸ","πρό","πρό"
43,13,01,"C",NULL,"δὲ","δὲ","δέ","δέ"
43,13,01,"RA","GSF","τῆς","τῆς","τῆς","ὁ"
43,13,01,"N","GSF","ἑορτῆς","ἑορτῆς","ἑορτῆς","ἑορτή"
43,13,01,"RA","GSN","τοῦ","τοῦ","τοῦ","ὁ"
43,13,01,"N","GSN","πάσχα","πάσχα","πάσχα","πάσχα"
43,13,01,"V","XAPNSM","εἰδὼς","εἰδὼς","εἰδώς","ὁράω"
43,13,01,"RA","NSM","ὁ","ὁ","ὁ","ὁ"
43,13,01,"N","NSM","Ἰησοῦς","Ἰησοῦς","Ἰησοῦς","Ἰησοῦς"
43,13,01,"C",NULL,"ὅτι","ὅτι","ὅτι","ὅτι"
43,13,01,"V","3AAI-S","⸀ἦλθεν","ἦλθεν","ἦλθε(ν)","ἔρχομαι"
43,13,01,"RP","GSM","αὐτοῦ","αὐτοῦ","αὐτοῦ","αὐτός"
43,13,01,"RA","NSF","ἡ","ἡ","ἡ","ὁ"
43,13,01,"N","NSF","ὥρα","ὥρα","ὥρα","ὥρα"
43,13,01,"C",NULL,"ἵνα","ἵνα","ἵνα","ἵνα"
43,13,01,"V","3AAS-S","μεταβῇ","μεταβῇ","μεταβῇ","μεταβαίνω"
43,13,01,"P",NULL,"ἐκ","ἐκ","ἐκ","ἐκ"
43,13,01,"RA","GSM","τοῦ","τοῦ","τοῦ","ὁ"
43,13,01,"N","GSM","κόσμου","κόσμου","κόσμου","κόσμος"
43,13,01,"RD","GSM","τούτου","τούτου","τούτου","οὗτος"
43,13,01,"P",NULL,"πρὸς","πρὸς","πρός","πρός"
43,13,01,"RA","ASM","τὸν","τὸν","τόν","ὁ"
43,13,01,"N","ASM","πατέρα","πατέρα","πατέρα","πατήρ"
43,13,01,"V","AAPNSM","ἀγαπήσας","ἀγαπήσας","ἀγαπήσας","ἀγαπάω"
43,13,01,"RA","APM","τοὺς","τοὺς","τούς","ὁ"
43,13,01,"A","APM","ἰδίους","ἰδίους","ἰδίους","ἴδιος"
43,13,01,"RA","APM","τοὺς","τοὺς","τούς","ὁ"
43,13,01,"P",NULL,"ἐν","ἐν","ἐν","ἐν"
43,13,01,"RA","DSM","τῷ","τῷ","τῷ","ὁ"
43,13,01,"N","DSM","κόσμῳ","κόσμῳ","κόσμῳ","κόσμος"
43,13,01,"P",NULL,"εἰς","εἰς","εἰς","εἰς"
43,13,01,"N","ASN","τέλος","τέλος","τέλος","τέλος"
43,13,01,"V","3AAI-S","ἠγάπησεν","ἠγάπησεν","ἠγάπησε(ν)","ἀγαπάω"
43,13,01,"RP","APM","αὐτούς.","αὐτούς","αὐτούς","αὐτός"
43,13,02,"C",NULL,"καὶ","καὶ","καί","καί"
43,13,02,"N","GSN","δείπνου","δείπνου","δείπνου","δεῖπνον"
43,13,02,"V","PMPGSN","⸀γινομένου,","γινομένου","γινομένου","γίνομαι"
43,13,02,"RA","GSM","τοῦ","τοῦ","τοῦ","ὁ"
43,13,02,"A","GSM","διαβόλου","διαβόλου","διαβόλου","διάβολος"
43,13,02,"D",NULL,"ἤδη","ἤδη","ἤδη","ἤδη"
43,13,02,"V","XAPGSM","βεβληκότος","βεβληκότος","βεβληκότος","βάλλω"
43,13,02,"P",NULL,"εἰς","εἰς","εἰς","εἰς"
43,13,02,"RA","ASF","τὴν","τὴν","τήν","ὁ"
43,13,02,"N","ASF","καρδίαν","καρδίαν","καρδίαν","καρδία"
43,13,02,"C",NULL,"⸂ἵνα","ἵνα","ἵνα","ἵνα"
43,13,02,"V","3AAS-S","παραδοῖ","παραδοῖ","παραδοῖ","παραδίδωμι"
43,13,02,"RP","ASM","αὐτὸν","αὐτὸν","αὐτόν","αὐτός"
43,13,02,"N","NSM","Ἰούδας","Ἰούδας","Ἰούδας","Ἰούδας"
43,13,02,"N","GSM","Σίμωνος","Σίμωνος","Σίμωνος","Σίμων"
43,13,02,"N","GSM","⸀Ἰσκαριώτου⸃,","Ἰσκαριώτου","Ἰσκαριώτου","Ἰσκαριώτης"
43,13,03,"V","XAPNSM","⸀εἰδὼς","εἰδὼς","εἰδώς","ὁράω"
43,13,03,"C",NULL,"ὅτι","ὅτι","ὅτι","ὅτι"
43,13,03,"A","APN","πάντα","πάντα","πάντα","πᾶς"
43,13,03,"V","3AAI-S","⸀ἔδωκεν","ἔδωκεν","ἔδωκε(ν)","δίδωμι"
43,13,03,"RP","DSM","αὐτῷ","αὐτῷ","αὐτῷ","αὐτός"
43,13,03,"RA","NSM","ὁ","ὁ","ὁ","ὁ"
43,13,03,"N","NSM","πατὴρ","πατὴρ","πατήρ","πατήρ"
43,13,03,"P",NULL,"εἰς","εἰς","εἰς","εἰς"
43,13,03,"RA","APF","τὰς","τὰς","τάς","ὁ"
43,13,03,"N","APF","χεῖρας,","χεῖρας","χεῖρας","χείρ"
43,13,03,"C",NULL,"καὶ","καὶ","καί","καί"
43,13,03,"C",NULL,"ὅτι","ὅτι","ὅτι","ὅτι"
43,13,03,"P",NULL,"ἀπὸ","ἀπὸ","ἀπό","ἀπό"
43,13,03,"N","GSM","θεοῦ","θεοῦ","θεοῦ","θεός"
43,13,03,"V","3AAI-S","ἐξῆλθεν","ἐξῆλθεν","ἐξῆλθε(ν)","ἐξέρχομαι"
43,13,03,"C",NULL,"καὶ","καὶ","καί","καί"
43,13,03,"P",NULL,"πρὸς","πρὸς","πρός","πρός"
43,13,03,"RA","ASM","τὸν","τὸν","τόν","ὁ"
43,13,03,"N","ASM","θεὸν","θεὸν","θεόν","θεός"
43,13,03,"V","3PAI-S","ὑπάγει,","ὑπάγει","ὑπάγει","ὑπάγω"
43,13,04,"V","3PPI-S","ἐγείρεται","ἐγείρεται","ἐγείρεται","ἐγείρω"
43,13,04,"P",NULL,"ἐκ","ἐκ","ἐκ","ἐκ"
43,13,04,"RA","GSN","τοῦ","τοῦ","τοῦ","ὁ"
43,13,04,"N","GSN","δείπνου","δείπνου","δείπνου","δεῖπνον"
43,13,04,"C",NULL,"καὶ","καὶ","καί","καί"
43,13,04,"V","3PAI-S","τίθησιν","τίθησιν","τίθησι(ν)","τίθημι"
43,13,04,"RA","APN","τὰ","τὰ","τά","ὁ"
43,13,04,"N","APN","ἱμάτια","ἱμάτια","ἱμάτια","ἱμάτιον"
43,13,04,"C",NULL,"καὶ","καὶ","καί","καί"
43,13,04,"V","AAPNSM","λαβὼν","λαβὼν","λαβών","λαμβάνω"
43,13,04,"N","ASN","λέντιον","λέντιον","λέντιον","λέντιον"
43,13,04,"V","3AAI-S","διέζωσεν","διέζωσεν","διέζωσε(ν)","διαζώννυμι"
43,13,04,"RP","ASM","ἑαυτόν·","ἑαυτόν","ἑαυτόν","ἑαυτοῦ"
43,13,05,"D",NULL,"εἶτα","εἶτα","εἶτα","εἶτα"
43,13,05,"V","3PAI-S","βάλλει","βάλλει","βάλλει","βάλλω"
43,13,05,"N","ASN","ὕδωρ","ὕδωρ","ὕδωρ","ὕδωρ"
43,13,05,"P",NULL,"εἰς","εἰς","εἰς","εἰς"
43,13,05,"RA","ASM","τὸν","τὸν","τόν","ὁ"
43,13,05,"N","ASM","νιπτῆρα,","νιπτῆρα","νιπτῆρα","νιπτήρ"
43,13,05,"C",NULL,"καὶ","καὶ","καί","καί"
43,13,05,"V","3AMI-S","ἤρξατο","ἤρξατο","ἤρξατο","ἄρχω"
43,13,05,"V","PAN","νίπτειν","νίπτειν","νίπτειν","νίπτω"
43,13,05,"RA","APM","τοὺς","τοὺς","τούς","ὁ"
43,13,05,"N","APM","πόδας","πόδας","πόδας","πούς"
43,13,05,"RA","GPM","τῶν","τῶν","τῶν","ὁ"
43,13,05,"N","GPM","μαθητῶν","μαθητῶν","μαθητῶν","μαθητής"
43,13,05,"C",NULL,"καὶ","καὶ","καί","καί"
43,13,05,"V","PAN","ἐκμάσσειν","ἐκμάσσειν","ἐκμάσσειν","ἐκμάσσω"
43,13,05,"RA","DSN","τῷ","τῷ","τῷ","ὁ"
43,13,05,"N","DSN","λεντίῳ","λεντίῳ","λεντίῳ","λέντιον"
43,13,05,"RR","DSN","ᾧ","ᾧ","ᾧ","ὅς"
43,13,05,"V","3IAI-S","ἦν","ἦν","ἦν","εἰμί"
43,13,05,"V","XMPNSM","διεζωσμένος.","διεζωσμένος","διεζωσμένος","διαζώννυμι"
43,13,06,"V","3PMI-S","ἔρχεται","ἔρχεται","ἔρχεται","ἔρχομαι"
43,13,06,"C",NULL,"οὖν","οὖν","οὖν","οὖν"
43,13,06,"P",NULL,"πρὸς","πρὸς","πρός","πρός"
43,13,06,"N","ASM","Σίμωνα","Σίμωνα","Σίμωνα","Σίμων"
43,13,06,"N","ASM","Πέτρον.","Πέτρον","Πέτρον","Πέτρος"
43,13,06,"V","3PAI-S","⸀λέγει","λέγει","λέγει","λέγω"
43,13,06,"RP","DSM","⸀αὐτῷ·","αὐτῷ","αὐτῷ","αὐτός"
43,13,06,"N","VSM","Κύριε,","Κύριε","κύριε","κύριος"
43,13,06,"RP","NS","σύ","σύ","σύ","σύ"
43,13,06,"RP","GS","μου","μου","μου","ἐγώ"
43,13,06,"V","2PAI-S","νίπτεις","νίπτεις","νίπτεις","νίπτω"
43,13,06,"RA","APM","τοὺς","τοὺς","τούς","ὁ"
43,13,06,"N","APM","πόδας;","πόδας","πόδας","πούς"
43,13,07,"V","3API-S","ἀπεκρίθη","ἀπεκρίθη","ἀπεκρίθη","ἀποκρίνομαι"
43,13,07,"N","NSM","Ἰησοῦς","Ἰησοῦς","Ἰησοῦς","Ἰησοῦς"
43,13,07,"C",NULL,"καὶ","καὶ","καί","καί"
43,13,07,"V","3AAI-S","εἶπεν","εἶπεν","εἶπε(ν)","λέγω"
43,13,07,"RP","DSM","αὐτῷ·","αὐτῷ","αὐτῷ","αὐτός"
43,13,07,"RR","ASN","Ὃ","Ὃ","ὅ","ὅς"
43,13,07,"RP","NS","ἐγὼ","ἐγὼ","ἐγώ","ἐγώ"
43,13,07,"V","1PAI-S","ποιῶ","ποιῶ","ποιῶ","ποιέω"
43,13,07,"RP","NS","σὺ","σὺ","σύ","σύ"
43,13,07,"D",NULL,"οὐκ","οὐκ","οὐ","οὐ"
43,13,07,"V","2XAI-S","οἶδας","οἶδας","οἶδας","οἶδα"
43,13,07,"D",NULL,"ἄρτι,","ἄρτι","ἄρτι","ἄρτι"
43,13,07,"V","2FMI-S","γνώσῃ","γνώσῃ","γνώσῃ","γινώσκω"
43,13,07,"C",NULL,"δὲ","δὲ","δέ","δέ"
43,13,07,"P",NULL,"μετὰ","μετὰ","μετά","μετά"
43,13,07,"RD","APN","ταῦτα.","ταῦτα","ταῦτα","οὗτος"
43,13,08,"V","3PAI-S","λέγει","λέγει","λέγει","λέγω"
43,13,08,"RP","DSM","αὐτῷ","αὐτῷ","αὐτῷ","αὐτός"
43,13,08,"N","NSM","Πέτρος·","Πέτρος","Πέτρος","Πέτρος"
43,13,08,"D",NULL,"Οὐ","Οὐ","οὐ","οὐ"
43,13,08,"D",NULL,"μὴ","μὴ","μή","μή"
43,13,08,"V","2AAS-S","νίψῃς","νίψῃς","νίψῃς","νίπτω"
43,13,08,"RP","GS","⸂μου","μου","μου","ἐγώ"
43,13,08,"RA","APM","τοὺς","τοὺς","τούς","ὁ"
43,13,08,"N","APM","πόδας⸃","πόδας","πόδας","πούς"
43,13,08,"P",NULL,"εἰς","εἰς","εἰς","εἰς"
43,13,08,"RA","ASM","τὸν","τὸν","τόν","ὁ"
43,13,08,"N","ASM","αἰῶνα.","αἰῶνα","αἰῶνα","αἰών"
43,13,08,"V","3API-S","ἀπεκρίθη","ἀπεκρίθη","ἀπεκρίθη","ἀποκρίνομαι"
43,13,08,"N","NSM","⸂Ἰησοῦς","Ἰησοῦς","Ἰησοῦς","Ἰησοῦς"
43,13,08,"RP","DSM","αὐτῷ⸃·","αὐτῷ","αὐτῷ","αὐτός"
43,13,08,"C",NULL,"Ἐὰν","Ἐὰν","ἐάν","ἐάν"
43,13,08,"D",NULL,"μὴ","μὴ","μή","μή"
43,13,08,"V","1AAS-S","νίψω","νίψω","νίψω","νίπτω"
43,13,08,"RP","AS","σε,","σε","σε","σύ"
43,13,08,"D",NULL,"οὐκ","οὐκ","οὐ","οὐ"
43,13,08,"V","2PAI-S","ἔχεις","ἔχεις","ἔχεις","ἔχω"
43,13,08,"N","ASN","μέρος","μέρος","μέρος","μέρος"
43,13,08,"P",NULL,"μετ’","μετ’","μετά","μετά"
43,13,08,"RP","GS","ἐμοῦ.","ἐμοῦ","ἐμοῦ","ἐγώ"
43,13,09,"V","3PAI-S","λέγει","λέγει","λέγει","λέγω"
43,13,09,"RP","DSM","αὐτῷ","αὐτῷ","αὐτῷ","αὐτός"
43,13,09,"N","NSM","Σίμων","Σίμων","Σίμων","Σίμων"
43,13,09,"N","NSM","Πέτρος·","Πέτρος","Πέτρος","Πέτρος"
43,13,09,"N","VSM","Κύριε,","Κύριε","κύριε","κύριος"
43,13,09,"D",NULL,"μὴ","μὴ","μή","μή"
43,13,09,"RA","APM","τοὺς","τοὺς","τούς","ὁ"
43,13,09,"N","APM","πόδας","πόδας","πόδας","πούς"
43,13,09,"RP","GS","μου","μου","μου","ἐγώ"
43,13,09,"A","ASN","μόνον","μόνον","μόνον","μόνος"
43,13,09,"C",NULL,"ἀλλὰ","ἀλλὰ","ἀλλά","ἀλλά"
43,13,09,"D",NULL,"καὶ","καὶ","καί","καί"
43,13,09,"RA","APF","τὰς","τὰς","τάς","ὁ"
43,13,09,"N","APF","χεῖρας","χεῖρας","χεῖρας","χείρ"
43,13,09,"C",NULL,"καὶ","καὶ","καί","καί"
43,13,09,"RA","ASF","τὴν","τὴν","τήν","ὁ"
43,13,09,"N","ASF","κεφαλήν.","κεφαλήν","κεφαλήν","κεφαλή"
43,13,10,"V","3PAI-S","λέγει","λέγει","λέγει","λέγω"
43,13,10,"RP","DSM","αὐτῷ","αὐτῷ","αὐτῷ","αὐτός"
43,13,10,"RA","NSM","⸀ὁ","ὁ","ὁ","ὁ"
43,13,10,"N","NSM","Ἰησοῦς·","Ἰησοῦς","Ἰησοῦς","Ἰησοῦς"
43,13,10,"RA","NSM","Ὁ","Ὁ","ὁ","ὁ"
43,13,10,"V","XMPNSM","λελουμένος","λελουμένος","λελουμένος","λούω"
43,13,10,"D",NULL,"⸂οὐκ","οὐκ","οὐ","οὐ"
43,13,10,"V","3PAI-S","ἔχει","ἔχει","ἔχει","ἔχω"
43,13,10,"N","ASF","χρείαν⸃","χρείαν","χρείαν","χρεία"
43,13,10,"C",NULL,"⸂εἰ","εἰ","εἰ","εἰ"
43,13,10,"D",NULL,"μὴ⸃","μὴ","μή","μή"
43,13,10,"RA","APM","τοὺς","τοὺς","τούς","ὁ"
43,13,10,"N","APM","πόδας","πόδας","πόδας","πούς"
43,13,10,"V","AMN","νίψασθαι,","νίψασθαι","νίψασθαι","νίπτω"
43,13,10,"C",NULL,"ἀλλ’","ἀλλ’","ἀλλά","ἀλλά"
43,13,10,"V","3PAI-S","ἔστιν","ἔστιν","ἐστί(ν)","εἰμί"
43,13,10,"A","NSM","καθαρὸς","καθαρὸς","καθαρός","καθαρός"
43,13,10,"A","NSM","ὅλος·","ὅλος","ὅλος","ὅλος"
43,13,10,"C",NULL,"καὶ","καὶ","καί","καί"
43,13,10,"RP","NP","ὑμεῖς","ὑμεῖς","ὑμεῖς","σύ"
43,13,10,"A","NPM","καθαροί","καθαροί","καθαροί","καθαρός"
43,13,10,"V","2PAI-P","ἐστε,","ἐστε","ἐστέ","εἰμί"
43,13,10,"C",NULL,"ἀλλ’","ἀλλ’","ἀλλά","ἀλλά"
43,13,10,"D",NULL,"οὐχὶ","οὐχὶ","οὐχί","οὐχί"
43,13,10,"A","NPM","πάντες.","πάντες","πάντες","πᾶς"
43,13,11,"V","3YAI-S","ᾔδει","ᾔδει","ᾔδει","οἶδα"
43,13,11,"C",NULL,"γὰρ","γὰρ","γάρ","γάρ"
43,13,11,"RA","ASM","τὸν","τὸν","τόν","ὁ"
43,13,11,"V","PAPASM","παραδιδόντα","παραδιδόντα","παραδιδόντα","παραδίδωμι"
43,13,11,"RP","ASM","αὐτόν·","αὐτόν","αὐτόν","αὐτός"
43,13,11,"P",NULL,"διὰ","διὰ","διά","διά"
43,13,11,"RD","ASN","τοῦτο","τοῦτο","τοῦτο","οὗτος"
43,13,11,"V","3AAI-S","εἶπεν","εἶπεν","εἶπε(ν)","λέγω"
43,13,11,"C",NULL,"⸀ὅτι","ὅτι","ὅτι","ὅτι"
43,13,11,"D",NULL,"Οὐχὶ","Οὐχὶ","οὐχί","οὐχί"
43,13,11,"A","NPM","πάντες","πάντες","πάντες","πᾶς"
43,13,11,"A","NPM","καθαροί","καθαροί","καθαροί","καθαρός"
43,13,11,"V","2PAI-P","ἐστε.","ἐστε","ἐστέ","εἰμί"
43,13,12,"C",NULL,"Ὅτε","Ὅτε","ὅτε","ὅτε"
43,13,12,"C",NULL,"οὖν","οὖν","οὖν","οὖν"
43,13,12,"V","3AAI-S","ἔνιψεν","ἔνιψεν","ἔνιψε(ν)","νίπτω"
43,13,12,"RA","APM","τοὺς","τοὺς","τούς","ὁ"
43,13,12,"N","APM","πόδας","πόδας","πόδας","πούς"
43,13,12,"RP","GPM","αὐτῶν","αὐτῶν","αὐτῶν","αὐτός"
43,13,12,"C",NULL,"⸀καὶ","καὶ","καί","καί"
43,13,12,"V","3AAI-S","ἔλαβεν","ἔλαβεν","ἔλαβε(ν)","λαμβάνω"
43,13,12,"RA","APN","τὰ","τὰ","τά","ὁ"
43,13,12,"N","APN","ἱμάτια","ἱμάτια","ἱμάτια","ἱμάτιον"
43,13,12,"RP","GSM","αὐτοῦ","αὐτοῦ","αὐτοῦ","αὐτός"
43,13,12,"C",NULL,"⸂καὶ","καὶ","καί","καί"
43,13,12,"V","3AAI-S","ἀνέπεσεν⸃,","ἀνέπεσεν","ἀνέπεσε(ν)","ἀναπίπτω"
43,13,12,"D",NULL,"πάλιν","πάλιν","πάλιν","πάλιν"
43,13,12,"V","3AAI-S","εἶπεν","εἶπεν","εἶπε(ν)","λέγω"
43,13,12,"RP","DPM","αὐτοῖς·","αὐτοῖς","αὐτοῖς","αὐτός"
43,13,12,"V","2PAI-P","Γινώσκετε","Γινώσκετε","γινώσκετε","γινώσκω"
43,13,12,"RI","ASN","τί","τί","τί","τίς"
43,13,12,"V","1XAI-S","πεποίηκα","πεποίηκα","πεποίηκα","ποιέω"
43,13,12,"RP","DP","ὑμῖν;","ὑμῖν","ὑμῖν","σύ"
43,13,13,"RP","NP","ὑμεῖς","ὑμεῖς","ὑμεῖς","σύ"
43,13,13,"V","2PAI-P","φωνεῖτέ","φωνεῖτέ","φωνεῖτε","φωνέω"
43,13,13,"RP","AS","με","με","με","ἐγώ"
43,13,13,"RA","NSM","Ὁ","Ὁ","ὁ","ὁ"
43,13,13,"N","NSM","διδάσκαλος","διδάσκαλος","διδάσκαλος","διδάσκαλος"
43,13,13,"C",NULL,"καὶ","καὶ","καί","καί"
43,13,13,"RA","NSM","Ὁ","Ὁ","ὁ","ὁ"
43,13,13,"N","NSM","κύριος,","κύριος","κύριος","κύριος"
43,13,13,"C",NULL,"καὶ","καὶ","καί","καί"
43,13,13,"D",NULL,"καλῶς","καλῶς","καλῶς","καλῶς"
43,13,13,"V","2PAI-P","λέγετε,","λέγετε","λέγετε","λέγω"
43,13,13,"V","1PAI-S","εἰμὶ","εἰμὶ","εἰμί","εἰμί"
43,13,13,"C",NULL,"γάρ.","γάρ","γάρ","γάρ"
43,13,14,"C",NULL,"εἰ","εἰ","εἰ","εἰ"
43,13,14,"C",NULL,"οὖν","οὖν","οὖν","οὖν"
43,13,14,"RP","NS","ἐγὼ","ἐγὼ","ἐγώ","ἐγώ"
43,13,14,"V","1AAI-S","ἔνιψα","ἔνιψα","ἔνιψα","νίπτω"
43,13,14,"RP","GP","ὑμῶν","ὑμῶν","ὑμῶν","σύ"
43,13,14,"RA","APM","τοὺς","τοὺς","τούς","ὁ"
43,13,14,"N","APM","πόδας","πόδας","πόδας","πούς"
43,13,14,"RA","NSM","ὁ","ὁ","ὁ","ὁ"
43,13,14,"N","NSM","κύριος","κύριος","κύριος","κύριος"
43,13,14,"C",NULL,"καὶ","καὶ","καί","καί"
43,13,14,"RA","NSM","ὁ","ὁ","ὁ","ὁ"
43,13,14,"N","NSM","διδάσκαλος,","διδάσκαλος","διδάσκαλος","διδάσκαλος"
43,13,14,"D",NULL,"καὶ","καὶ","καί","καί"
43,13,14,"RP","NP","ὑμεῖς","ὑμεῖς","ὑμεῖς","σύ"
43,13,14,"V","2PAI-P","ὀφείλετε","ὀφείλετε","ὀφείλετε","ὀφείλω"
43,13,14,"RP","GPM","ἀλλήλων","ἀλλήλων","ἀλλήλων","ἀλλήλων"
43,13,14,"V","PAN","νίπτειν","νίπτειν","νίπτειν","νίπτω"
43,13,14,"RA","APM","τοὺς","τοὺς","τούς","ὁ"
43,13,14,"N","APM","πόδας·","πόδας","πόδας","πούς"
43,13,15,"N","ASN","ὑπόδειγμα","ὑπόδειγμα","ὑπόδειγμα","ὑπόδειγμα"
43,13,15,"C",NULL,"γὰρ","γὰρ","γάρ","γάρ"
43,13,15,"V","1AAI-S","ἔδωκα","ἔδωκα","ἔδωκα","δίδωμι"
43,13,15,"RP","DP","ὑμῖν","ὑμῖν","ὑμῖν","σύ"
43,13,15,"C",NULL,"ἵνα","ἵνα","ἵνα","ἵνα"
43,13,15,"C",NULL,"καθὼς","καθὼς","καθώς","καθώς"
43,13,15,"RP","NS","ἐγὼ","ἐγὼ","ἐγώ","ἐγώ"
43,13,15,"V","1AAI-S","ἐποίησα","ἐποίησα","ἐποίησα","ποιέω"
43,13,15,"RP","DP","ὑμῖν","ὑμῖν","ὑμῖν","σύ"
43,13,15,"D",NULL,"καὶ","καὶ","καί","καί"
43,13,15,"RP","NP","ὑμεῖς","ὑμεῖς","ὑμεῖς","σύ"
43,13,15,"V","2PAS-P","ποιῆτε.","ποιῆτε","ποιῆτε","ποιέω"
43,13,16,"X",NULL,"ἀμὴν","ἀμὴν","ἀμήν","ἀμήν"
43,13,16,"X",NULL,"ἀμὴν","ἀμὴν","ἀμήν","ἀμήν"
43,13,16,"V","1PAI-S","λέγω","λέγω","λέγω","λέγω"
43,13,16,"RP","DP","ὑμῖν,","ὑμῖν","ὑμῖν","σύ"
43,13,16,"D",NULL,"οὐκ","οὐκ","οὐ","οὐ"
43,13,16,"V","3PAI-S","ἔστιν","ἔστιν","ἐστί(ν)","εἰμί"
43,13,16,"N","NSM","δοῦλος","δοῦλος","δοῦλος","δοῦλος"
43,13,16,"A","NSMC","μείζων","μείζων","μείζων","μέγας"
43,13,16,"RA","GSM","τοῦ","τοῦ","τοῦ","ὁ"
43,13,16,"N","GSM","κυρίου","κυρίου","κυρίου","κύριος"
43,13,16,"RP","GSM","αὐτοῦ","αὐτοῦ","αὐτοῦ","αὐτός"
43,13,16,"C",NULL,"οὐδὲ","οὐδὲ","οὐδέ","οὐδέ"
43,13,16,"N","NSM","ἀπόστολος","ἀπόστολος","ἀπόστολος","ἀπόστολος"
43,13,16,"A","NSMC","μείζων","μείζων","μείζων","μέγας"
43,13,16,"RA","GSM","τοῦ","τοῦ","τοῦ","ὁ"
43,13,16,"V","AAPGSM","πέμψαντος","πέμψαντος","πέμψαντος","πέμπω"
43,13,16,"RP","ASM","αὐτόν.","αὐτόν","αὐτόν","αὐτός"
43,13,17,"C",NULL,"εἰ","εἰ","εἰ","εἰ"
43,13,17,"RD","APN","ταῦτα","ταῦτα","ταῦτα","οὗτος"
43,13,17,"V","2XAI-P","οἴδατε,","οἴδατε","οἴδατε","οἶδα"
43,13,17,"A","NPM","μακάριοί","μακάριοί","μακάριοι","μακάριος"
43,13,17,"V","2PAI-P","ἐστε","ἐστε","ἐστέ","εἰμί"
43,13,17,"C",NULL,"ἐὰν","ἐὰν","ἐάν","ἐάν"
43,13,17,"V","2PAS-P","ποιῆτε","ποιῆτε","ποιῆτε","ποιέω"
43,13,17,"RP","APN","αὐτά.","αὐτά","αὐτά","αὐτός"
43,13,18,"D",NULL,"οὐ","οὐ","οὐ","οὐ"
43,13,18,"P",NULL,"περὶ","περὶ","περί","περί"
43,13,18,"A","GPM","πάντων","πάντων","πάντων","πᾶς"
43,13,18,"RP","GP","ὑμῶν","ὑμῶν","ὑμῶν","σύ"
43,13,18,"V","1PAI-S","λέγω·","λέγω","λέγω","λέγω"
43,13,18,"RP","NS","ἐγὼ","ἐγὼ","ἐγώ","ἐγώ"
43,13,18,"V","1XAI-S","οἶδα","οἶδα","οἶδα","οἶδα"
43,13,18,"RI","APM","⸀τίνας","τίνας","τίνας","τίς"
43,13,18,"V","1AMI-S","ἐξελεξάμην·","ἐξελεξάμην","ἐξελεξάμην","ἐκλέγομαι"
43,13,18,"C",NULL,"ἀλλ’","ἀλλ’","ἀλλά","ἀλλά"
43,13,18,"C",NULL,"ἵνα","ἵνα","ἵνα","ἵνα"
43,13,18,"RA","NSF","ἡ","ἡ","ἡ","ὁ"
43,13,18,"N","NSF","γραφὴ","γραφὴ","γραφή","γραφή"
43,13,18,"V","3APS-S","πληρωθῇ·","πληρωθῇ","πληρωθῇ","πληρόω"
43,13,18,"RA","NSM","Ὁ","Ὁ","ὁ","ὁ"
43,13,18,"V","PAPNSM","τρώγων","τρώγων","τρώγων","τρώγω"
43,13,18,"RP","GS","⸀μου","μου","μου","ἐγώ"
43,13,18,"RA","ASM","τὸν","τὸν","τόν","ὁ"
43,13,18,"N","ASM","ἄρτον","ἄρτον","ἄρτον","ἄρτος"
43,13,18,"V","3AAI-S","ἐπῆρεν","ἐπῆρεν","ἐπῆρε(ν)","ἐπαίρω"
43,13,18,"P",NULL,"ἐπ’","ἐπ’","ἐπί","ἐπί"
43,13,18,"RP","AS","ἐμὲ","ἐμὲ","ἐμέ","ἐγώ"
43,13,18,"RA","ASF","τὴν","τὴν","τήν","ὁ"
43,13,18,"N","ASF","πτέρναν","πτέρναν","πτέρναν","πτέρνα"
43,13,18,"RP","GSM","αὐτοῦ.","αὐτοῦ","αὐτοῦ","αὐτός"
43,13,19,"P",NULL,"ἀπ’","ἀπ’","ἀπό","ἀπό"
43,13,19,"D",NULL,"ἄρτι","ἄρτι","ἄρτι","ἄρτι"
43,13,19,"V","1PAI-S","λέγω","λέγω","λέγω","λέγω"
43,13,19,"RP","DP","ὑμῖν","ὑμῖν","ὑμῖν","σύ"
43,13,19,"P",NULL,"πρὸ","πρὸ","πρό","πρό"
43,13,19,"RA","GSN","τοῦ","τοῦ","τοῦ","ὁ"
43,13,19,"V","AMN","γενέσθαι,","γενέσθαι","γενέσθαι","γίνομαι"
43,13,19,"C",NULL,"ἵνα","ἵνα","ἵνα","ἵνα"
43,13,19,"V","2AAS-P","⸂πιστεύσητε","πιστεύσητε","πιστεύσητε","πιστεύω"
43,13,19,"C",NULL,"ὅταν","ὅταν","ὅταν","ὅταν"
43,13,19,"V","3AMS-S","γένηται⸃","γένηται","γένηται","γίνομαι"
43,13,19,"C",NULL,"ὅτι","ὅτι","ὅτι","ὅτι"
43,13,19,"RP","NS","ἐγώ","ἐγώ","ἐγώ","ἐγώ"
43,13,19,"V","1PAI-S","εἰμι.","εἰμι","εἰμί","εἰμί"
43,13,20,"X",NULL,"ἀμὴν","ἀμὴν","ἀμήν","ἀμήν"
43,13,20,"X",NULL,"ἀμὴν","ἀμὴν","ἀμήν","ἀμήν"
43,13,20,"V","1PAI-S","λέγω","λέγω","λέγω","λέγω"
43,13,20,"RP","DP","ὑμῖν,","ὑμῖν","ὑμῖν","σύ"
43,13,20,"RA","NSM","ὁ","ὁ","ὁ","ὁ"
43,13,20,"V","PAPNSM","λαμβάνων","λαμβάνων","λαμβάνων","λαμβάνω"
43,13,20,"X",NULL,"⸀ἄν","ἄν","ἄν","ἄν"
43,13,20,"RI","ASM","τινα","τινα","τινά","τις"
43,13,20,"V","1AAS-S","πέμψω","πέμψω","πέμψω","πέμπω"
43,13,20,"RP","AS","ἐμὲ","ἐμὲ","ἐμέ","ἐγώ"
43,13,20,"V","3PAI-S","λαμβάνει,","λαμβάνει","λαμβάνει","λαμβάνω"
43,13,20,"RA","NSM","ὁ","ὁ","ὁ","ὁ"
43,13,20,"C",NULL,"δὲ","δὲ","δέ","δέ"
43,13,20,"RP","AS","ἐμὲ","ἐμὲ","ἐμέ","ἐγώ"
43,13,20,"V","PAPNSM","λαμβάνων","λαμβάνων","λαμβάνων","λαμβάνω"
43,13,20,"V","3PAI-S","λαμβάνει","λαμβάνει","λαμβάνει","λαμβάνω"
43,13,20,"RA","ASM","τὸν","τὸν","τόν","ὁ"
43,13,20,"V","AAPASM","πέμψαντά","πέμψαντά","πέμψαντα","πέμπω"
43,13,20,"RP","AS","με.","με","με","ἐγώ"
43,13,21,"RD","APN","Ταῦτα","Ταῦτα","ταῦτα","οὗτος"
43,13,21,"V","AAPNSM","εἰπὼν","εἰπὼν","εἰπών","λέγω"
43,13,21,"RA","NSM","⸀ὁ","ὁ","ὁ","ὁ"
43,13,21,"N","NSM","Ἰησοῦς","Ἰησοῦς","Ἰησοῦς","Ἰησοῦς"
43,13,21,"V","3API-S","ἐταράχθη","ἐταράχθη","ἐταράχθη","ταράσσω"
43,13,21,"RA","DSN","τῷ","τῷ","τῷ","ὁ"
43,13,21,"N","DSN","πνεύματι","πνεύματι","πνεύματι","πνεῦμα"
43,13,21,"C",NULL,"καὶ","καὶ","καί","καί"
43,13,21,"V","3AAI-S","ἐμαρτύρησεν","ἐμαρτύρησεν","ἐμαρτύρησε(ν)","μαρτυρέω"
43,13,21,"C",NULL,"καὶ","καὶ","καί","καί"
43,13,21,"V","3AAI-S","εἶπεν·","εἶπεν","εἶπε(ν)","λέγω"
43,13,21,"X",NULL,"Ἀμὴν","Ἀμὴν","ἀμήν","ἀμήν"
43,13,21,"X",NULL,"ἀμὴν","ἀμὴν","ἀμήν","ἀμήν"
43,13,21,"V","1PAI-S","λέγω","λέγω","λέγω","λέγω"
43,13,21,"RP","DP","ὑμῖν","ὑμῖν","ὑμῖν","σύ"
43,13,21,"C",NULL,"ὅτι","ὅτι","ὅτι","ὅτι"
43,13,21,"A","NSM","εἷς","εἷς","εἷς","εἷς"
43,13,21,"P",NULL,"ἐξ","ἐξ","ἐκ","ἐκ"
43,13,21,"RP","GP","ὑμῶν","ὑμῶν","ὑμῶν","σύ"
43,13,21,"V","3FAI-S","παραδώσει","παραδώσει","παραδώσει","παραδίδωμι"
43,13,21,"RP","AS","με.","με","με","ἐγώ"
43,13,22,"V","3IAI-P","⸀ἔβλεπον","ἔβλεπον","ἔβλεπον","βλέπω"
43,13,22,"P",NULL,"εἰς","εἰς","εἰς","εἰς"
43,13,22,"RP","APM","ἀλλήλους","ἀλλήλους","ἀλλήλους","ἀλλήλων"
43,13,22,"RA","NPM","οἱ","οἱ","οἱ","ὁ"
43,13,22,"N","NPM","μαθηταὶ","μαθηταὶ","μαθηταί","μαθητής"
43,13,22,"V","PMPNPM","ἀπορούμενοι","ἀπορούμενοι","ἀπορούμενοι","ἀπορέω"
43,13,22,"P",NULL,"περὶ","περὶ","περί","περί"
43,13,22,"RI","GSM","τίνος","τίνος","τίνος","τίς"
43,13,22,"V","3PAI-S","λέγει.","λέγει","λέγει","λέγω"
43,13,23,"V","3IAI-S","⸀ἦν","ἦν","ἦν","εἰμί"
43,13,23,"V","PMPNSM","ἀνακείμενος","ἀνακείμενος","ἀνακείμενος","ἀνάκειμαι"
43,13,23,"A","NSM","εἷς","εἷς","εἷς","εἷς"
43,13,23,"P",NULL,"⸀ἐκ","ἐκ","ἐκ","ἐκ"
43,13,23,"RA","GPM","τῶν","τῶν","τῶν","ὁ"
43,13,23,"N","GPM","μαθητῶν","μαθητῶν","μαθητῶν","μαθητής"
43,13,23,"RP","GSM","αὐτοῦ","αὐτοῦ","αὐτοῦ","αὐτός"
43,13,23,"P",NULL,"ἐν","ἐν","ἐν","ἐν"
43,13,23,"RA","DSM","τῷ","τῷ","τῷ","ὁ"
43,13,23,"N","DSM","κόλπῳ","κόλπῳ","κόλπῳ","κόλπος"
43,13,23,"RA","GSM","τοῦ","τοῦ","τοῦ","ὁ"
43,13,23,"N","GSM","Ἰησοῦ,","Ἰησοῦ","Ἰησοῦ","Ἰησοῦς"
43,13,23,"RR","ASM","ὃν","ὃν","ὅν","ὅς"
43,13,23,"V","3IAI-S","ἠγάπα","ἠγάπα","ἠγάπα","ἀγαπάω"
43,13,23,"RA","NSM","ὁ","ὁ","ὁ","ὁ"
43,13,23,"N","NSM","Ἰησοῦς·","Ἰησοῦς","Ἰησοῦς","Ἰησοῦς"
43,13,24,"V","3PAI-S","νεύει","νεύει","νεύει","νεύω"
43,13,24,"C",NULL,"οὖν","οὖν","οὖν","οὖν"
43,13,24,"RD","DSM","τούτῳ","τούτῳ","τούτῳ","οὗτος"
43,13,24,"N","NSM","Σίμων","Σίμων","Σίμων","Σίμων"
43,13,24,"N","NSM","Πέτρος","Πέτρος","Πέτρος","Πέτρος"
43,13,24,"V","AMN","⸂πυθέσθαι","πυθέσθαι","πυθέσθαι","πυνθάνομαι"
43,13,24,"RI","NSM","τίς","τίς","τίς","τίς"
43,13,24,"X",NULL,"ἂν","ἂν","ἄν","ἄν"
43,13,24,"V","3PAO-S","εἴη⸃","εἴη","εἴη","εἰμί"
43,13,24,"P",NULL,"περὶ","περὶ","περί","περί"
43,13,24,"RR","GSM","οὗ","οὗ","οὗ","ὅς"
43,13,24,"V","3PAI-S","λέγει.","λέγει","λέγει","λέγω"
43,13,25,"V","AAPNSM","⸀ἀναπεσὼν","ἀναπεσὼν","ἀναπεσών","ἀναπίπτω"
43,13,25,"RD","NSM","ἐκεῖνος","ἐκεῖνος","ἐκεῖνος","ἐκεῖνος"
43,13,25,"D",NULL,"οὕτως","οὕτως","οὕτω(ς)","οὕτω(ς)"
43,13,25,"P",NULL,"ἐπὶ","ἐπὶ","ἐπί","ἐπί"
43,13,25,"RA","ASN","τὸ","τὸ","τό","ὁ"
43,13,25,"N","ASN","στῆθος","στῆθος","στῆθος","στῆθος"
43,13,25,"RA","GSM","τοῦ","τοῦ","τοῦ","ὁ"
43,13,25,"N","GSM","Ἰησοῦ","Ἰησοῦ","Ἰησοῦ","Ἰησοῦς"
43,13,25,"V","3PAI-S","λέγει","λέγει","λέγει","λέγω"
43,13,25,"RP","DSM","αὐτῷ·","αὐτῷ","αὐτῷ","αὐτός"
43,13,25,"N","VSM","Κύριε,","Κύριε","κύριε","κύριος"
43,13,25,"RI","NSM","τίς","τίς","τίς","τίς"
43,13,25,"V","3PAI-S","ἐστιν;","ἐστιν","ἐστί(ν)","εἰμί"
43,13,26,"V","3PMI-S","⸀ἀποκρίνεται","ἀποκρίνεται","ἀποκρίνεται","ἀποκρίνομαι"
43,13,26,"RA","NSM","ὁ","ὁ","ὁ","ὁ"
43,13,26,"N","NSM","Ἰησοῦς·","Ἰησοῦς","Ἰησοῦς","Ἰησοῦς"
43,13,26,"RD","NSM","Ἐκεῖνός","Ἐκεῖνός","ἐκεῖνος","ἐκεῖνος"
43,13,26,"V","3PAI-S","ἐστιν","ἐστιν","ἐστί(ν)","εἰμί"
43,13,26,"RR","DSM","ᾧ","ᾧ","ᾧ","ὅς"
43,13,26,"RP","NS","ἐγὼ","ἐγὼ","ἐγώ","ἐγώ"
43,13,26,"V","1FAI-S","⸀βάψω","βάψω","βάψω","βάπτω"
43,13,26,"RA","ASN","τὸ","τὸ","τό","ὁ"
43,13,26,"N","ASN","ψωμίον","ψωμίον","ψωμίον","ψωμίον"
43,13,26,"C",NULL,"⸂καὶ","καὶ","καί","καί"
43,13,26,"V","1FAI-S","δώσω","δώσω","δώσω","δίδωμι"
43,13,26,"RP","DSM","αὐτῷ⸃·","αὐτῷ","αὐτῷ","αὐτός"
43,13,26,"V","AAPNSM","⸂βάψας","βάψας","βάψας","βάπτω"
43,13,26,"C",NULL,"οὖν⸃","οὖν","οὖν","οὖν"
43,13,26,"RA","ASN","τὸ","τὸ","τό","ὁ"
43,13,26,"N","ASN","⸀ψωμίον","ψωμίον","ψωμίον","ψωμίον"
43,13,26,"V","3PAI-S","δίδωσιν","δίδωσιν","δίδωσι(ν)","δίδωμι"
43,13,26,"N","DSM","Ἰούδᾳ","Ἰούδᾳ","Ἰούδᾳ","Ἰούδας"
43,13,26,"N","GSM","Σίμωνος","Σίμωνος","Σίμωνος","Σίμων"
43,13,26,"N","GSM","⸀Ἰσκαριώτου.","Ἰσκαριώτου","Ἰσκαριώτου","Ἰσκαριώτης"
43,13,27,"C",NULL,"καὶ","καὶ","καί","καί"
43,13,27,"P",NULL,"μετὰ","μετὰ","μετά","μετά"
43,13,27,"RA","ASN","τὸ","τὸ","τό","ὁ"
43,13,27,"N","ASN","ψωμίον","ψωμίον","ψωμίον","ψωμίον"
43,13,27,"D",NULL,"τότε","τότε","τότε","τότε"
43,13,27,"V","3AAI-S","εἰσῆλθεν","εἰσῆλθεν","εἰσῆλθε(ν)","εἰσέρχομαι"
43,13,27,"P",NULL,"εἰς","εἰς","εἰς","εἰς"
43,13,27,"RD","ASM","ἐκεῖνον","ἐκεῖνον","ἐκεῖνον","ἐκεῖνος"
43,13,27,"RA","NSM","ὁ","ὁ","ὁ","ὁ"
43,13,27,"N","NSM","Σατανᾶς.","Σατανᾶς","Σατανᾶς","Σατανᾶς"
43,13,27,"V","3PAI-S","λέγει","λέγει","λέγει","λέγω"
43,13,27,"C",NULL,"οὖν","οὖν","οὖν","οὖν"
43,13,27,"RP","DSM","αὐτῷ","αὐτῷ","αὐτῷ","αὐτός"
43,13,27,"RA","NSM","⸀ὁ","ὁ","ὁ","ὁ"
43,13,27,"N","NSM","Ἰησοῦς·","Ἰησοῦς","Ἰησοῦς","Ἰησοῦς"
43,13,27,"RR","ASN","Ὃ","Ὃ","ὅ","ὅς"
43,13,27,"V","2PAI-S","ποιεῖς","ποιεῖς","ποιεῖς","ποιέω"
43,13,27,"V","2AAD-S","ποίησον","ποίησον","ποίησον","ποιέω"
43,13,27,"A","ASNC","τάχιον.","τάχιον","τάχιον","τάχιον"
43,13,28,"RD","ASN","τοῦτο","τοῦτο","τοῦτο","οὗτος"
43,13,28,"C",NULL,"δὲ","δὲ","δέ","δέ"
43,13,28,"A","NSM","οὐδεὶς","οὐδεὶς","οὐδείς","οὐδείς"
43,13,28,"V","3AAI-S","ἔγνω","ἔγνω","ἔγνω","γινώσκω"
43,13,28,"RA","GPM","τῶν","τῶν","τῶν","ὁ"
43,13,28,"V","PMPGPM","ἀνακειμένων","ἀνακειμένων","ἀνακειμένων","ἀνάκειμαι"
43,13,28,"P",NULL,"πρὸς","πρὸς","πρός","πρός"
43,13,28,"RI","ASN","τί","τί","τί","τίς"
43,13,28,"V","3AAI-S","εἶπεν","εἶπεν","εἶπε(ν)","λέγω"
43,13,28,"RP","DSM","αὐτῷ·","αὐτῷ","αὐτῷ","αὐτός"
43,13,29,"RI","NPM","τινὲς","τινὲς","τινές","τις"
43,13,29,"C",NULL,"γὰρ","γὰρ","γάρ","γάρ"
43,13,29,"V","3IAI-P","ἐδόκουν,","ἐδόκουν","ἐδόκουν","δοκέω"
43,13,29,"C",NULL,"ἐπεὶ","ἐπεὶ","ἐπεί","ἐπεί"
43,13,29,"RA","ASN","τὸ","τὸ","τό","ὁ"
43,13,29,"N","ASN","γλωσσόκομον","γλωσσόκομον","γλωσσόκομον","γλωσσόκομον"
43,13,29,"V","3IAI-S","⸀εἶχεν","εἶχεν","εἶχε(ν)","ἔχω"
43,13,29,"N","NSM","Ἰούδας,","Ἰούδας","Ἰούδας","Ἰούδας"
43,13,29,"C",NULL,"ὅτι","ὅτι","ὅτι","ὅτι"
43,13,29,"V","3PAI-S","λέγει","λέγει","λέγει","λέγω"
43,13,29,"RP","DSM","αὐτῷ","αὐτῷ","αὐτῷ","αὐτός"
43,13,29,"RA","NSM","⸀ὁ","ὁ","ὁ","ὁ"
43,13,29,"N","NSM","Ἰησοῦς·","Ἰησοῦς","Ἰησοῦς","Ἰησοῦς"
43,13,29,"V","2AAD-S","Ἀγόρασον","Ἀγόρασον","ἀγόρασον","ἀγοράζω"
43,13,29,"RR","GPN","ὧν","ὧν","ὧν","ὅς"
43,13,29,"N","ASF","χρείαν","χρείαν","χρείαν","χρεία"
43,13,29,"V","1PAI-P","ἔχομεν","ἔχομεν","ἔχομεν","ἔχω"
43,13,29,"P",NULL,"εἰς","εἰς","εἰς","εἰς"
43,13,29,"RA","ASF","τὴν","τὴν","τήν","ὁ"
43,13,29,"N","ASF","ἑορτήν,","ἑορτήν","ἑορτήν","ἑορτή"
43,13,29,"C",NULL,"ἢ","ἢ","ἤ","ἤ"
43,13,29,"RA","DPM","τοῖς","τοῖς","τοῖς","ὁ"
43,13,29,"A","DPM","πτωχοῖς","πτωχοῖς","πτωχοῖς","πτωχός"
43,13,29,"C",NULL,"ἵνα","ἵνα","ἵνα","ἵνα"
43,13,29,"RI","ASN","τι","τι","τὶ","τις"
43,13,29,"V","3AAS-S","δῷ.","δῷ","δῷ","δίδωμι"
43,13,30,"V","AAPNSM","λαβὼν","λαβὼν","λαβών","λαμβάνω"
43,13,30,"C",NULL,"οὖν","οὖν","οὖν","οὖν"
43,13,30,"RA","ASN","τὸ","τὸ","τό","ὁ"
43,13,30,"N","ASN","ψωμίον","ψωμίον","ψωμίον","ψωμίον"
43,13,30,"RD","NSM","ἐκεῖνος","ἐκεῖνος","ἐκεῖνος","ἐκεῖνος"
43,13,30,"V","3AAI-S","⸂ἐξῆλθεν","ἐξῆλθεν","ἐξῆλθε(ν)","ἐξέρχομαι"
43,13,30,"A","NSM","εὐθύς⸃.","εὐθύς","εὐθύς","εὐθύς"
43,13,30,"V","3IAI-S","ἦν","ἦν","ἦν","εἰμί"
43,13,30,"C",NULL,"δὲ","δὲ","δέ","δέ"
43,13,30,"N","NSF","νύξ.","νύξ","νύξ","νύξ"
43,13,31,"C",NULL,"Ὅτε","Ὅτε","ὅτε","ὅτε"
43,13,31,"C",NULL,"⸀οὖν","οὖν","οὖν","οὖν"
43,13,31,"V","3AAI-S","ἐξῆλθεν","ἐξῆλθεν","ἐξῆλθε(ν)","ἐξέρχομαι"
43,13,31,"V","3PAI-S","⸀λέγει","λέγει","λέγει","λέγω"
43,13,31,"N","NSM","Ἰησοῦς·","Ἰησοῦς","Ἰησοῦς","Ἰησοῦς"
43,13,31,"D",NULL,"Νῦν","Νῦν","νῦν","νῦν"
43,13,31,"V","3API-S","ἐδοξάσθη","ἐδοξάσθη","ἐδοξάσθη","δοξάζω"
43,13,31,"RA","NSM","ὁ","ὁ","ὁ","ὁ"
43,13,31,"N","NSM","υἱὸς","υἱὸς","υἱός","υἱός"
43,13,31,"RA","GSM","τοῦ","τοῦ","τοῦ","ὁ"
43,13,31,"N","GSM","ἀνθρώπου,","ἀνθρώπου","ἀνθρώπου","ἄνθρωπος"
43,13,31,"C",NULL,"καὶ","καὶ","καί","καί"
43,13,31,"RA","NSM","ὁ","ὁ","ὁ","ὁ"
43,13,31,"N","NSM","θεὸς","θεὸς","θεός","θεός"
43,13,31,"V","3API-S","ἐδοξάσθη","ἐδοξάσθη","ἐδοξάσθη","δοξάζω"
43,13,31,"P",NULL,"ἐν","ἐν","ἐν","ἐν"
43,13,31,"RP","DSM","αὐτῷ·","αὐτῷ","αὐτῷ","αὐτός"
43,13,32,"C",NULL,"⸂εἰ","εἰ","εἰ","εἰ"
43,13,32,"RA","NSM","ὁ","ὁ","ὁ","ὁ"
43,13,32,"N","NSM","θεὸς","θεὸς","θεός","θεός"
43,13,32,"V","3API-S","ἐδοξάσθη","ἐδοξάσθη","ἐδοξάσθη","δοξάζω"
43,13,32,"P",NULL,"ἐν","ἐν","ἐν","ἐν"
43,13,32,"RP","DSM","αὐτῷ,⸃","αὐτῷ","αὐτῷ","αὐτός"
43,13,32,"D",NULL,"καὶ","καὶ","καί","καί"
43,13,32,"RA","NSM","ὁ","ὁ","ὁ","ὁ"
43,13,32,"N","NSM","θεὸς","θεὸς","θεός","θεός"
43,13,32,"V","3FAI-S","δοξάσει","δοξάσει","δοξάσει","δοξάζω"
43,13,32,"RP","ASM","αὐτὸν","αὐτὸν","αὐτόν","αὐτός"
43,13,32,"P",NULL,"ἐν","ἐν","ἐν","ἐν"
43,13,32,"RP","DSM","⸀αὑτῷ,","αὑτῷ","αὑτῷ","ἑαυτοῦ"
43,13,32,"C",NULL,"καὶ","καὶ","καί","καί"
43,13,32,"A","NSM","εὐθὺς","εὐθὺς","εὐθύς","εὐθύς"
43,13,32,"V","3FAI-S","δοξάσει","δοξάσει","δοξάσει","δοξάζω"
43,13,32,"RP","ASM","αὐτόν.","αὐτόν","αὐτόν","αὐτός"
43,13,33,"N","VPN","τεκνία,","τεκνία","τεκνία","τεκνίον"
43,13,33,"D",NULL,"ἔτι","ἔτι","ἔτι","ἔτι"
43,13,33,"A","ASN","μικρὸν","μικρὸν","μικρόν","μικρός"
43,13,33,"P",NULL,"μεθ’","μεθ’","μετά","μετά"
43,13,33,"RP","GP","ὑμῶν","ὑμῶν","ὑμῶν","σύ"
43,13,33,"V","1PAI-S","εἰμι·","εἰμι","εἰμί","εἰμί"
43,13,33,"V","2FAI-P","ζητήσετέ","ζητήσετέ","ζητήσετε","ζητέω"
43,13,33,"RP","AS","με,","με","με","ἐγώ"
43,13,33,"C",NULL,"καὶ","καὶ","καί","καί"
43,13,33,"C",NULL,"καθὼς","καθὼς","καθώς","καθώς"
43,13,33,"V","1AAI-S","εἶπον","εἶπον","εἶπον","λέγω"
43,13,33,"RA","DPM","τοῖς","τοῖς","τοῖς","ὁ"
43,13,33,"A","DPM","Ἰουδαίοις","Ἰουδαίοις","Ἰουδαίοις","Ἰουδαῖος"
43,13,33,"C",NULL,"ὅτι","ὅτι","ὅτι","ὅτι"
43,13,33,"C",NULL,"Ὅπου","Ὅπου","ὅπου","ὅπου"
43,13,33,"RP","NS","⸂ἐγὼ","ἐγὼ","ἐγώ","ἐγώ"
43,13,33,"V","1PAI-S","ὑπάγω⸃","ὑπάγω","ὑπάγω","ὑπάγω"
43,13,33,"RP","NP","ὑμεῖς","ὑμεῖς","ὑμεῖς","σύ"
43,13,33,"D",NULL,"οὐ","οὐ","οὐ","οὐ"
43,13,33,"V","2PMI-P","δύνασθε","δύνασθε","δύνασθε","δύναμαι"
43,13,33,"V","AAN","ἐλθεῖν,","ἐλθεῖν","ἐλθεῖν","ἔρχομαι"
43,13,33,"D",NULL,"καὶ","καὶ","καί","καί"
43,13,33,"RP","DP","ὑμῖν","ὑμῖν","ὑμῖν","σύ"
43,13,33,"V","1PAI-S","λέγω","λέγω","λέγω","λέγω"
43,13,33,"D",NULL,"ἄρτι.","ἄρτι","ἄρτι","ἄρτι"
43,13,34,"N","ASF","ἐντολὴν","ἐντολὴν","ἐντολήν","ἐντολή"
43,13,34,"A","ASF","καινὴν","καινὴν","καινήν","καινός"
43,13,34,"V","1PAI-S","δίδωμι","δίδωμι","δίδωμι","δίδωμι"
43,13,34,"RP","DP","ὑμῖν","ὑμῖν","ὑμῖν","σύ"
43,13,34,"D",NULL,"ἵνα","ἵνα","ἵνα","ἵνα"
43,13,34,"V","2PAS-P","ἀγαπᾶτε","ἀγαπᾶτε","ἀγαπᾶτε","ἀγαπάω"
43,13,34,"RP","APM","ἀλλήλους,","ἀλλήλους","ἀλλήλους","ἀλλήλων"
43,13,34,"C",NULL,"καθὼς","καθὼς","καθώς","καθώς"
43,13,34,"V","1AAI-S","ἠγάπησα","ἠγάπησα","ἠγάπησα","ἀγαπάω"
43,13,34,"RP","AP","ὑμᾶς","ὑμᾶς","ὑμᾶς","σύ"
43,13,34,"D",NULL,"ἵνα","ἵνα","ἵνα","ἵνα"
43,13,34,"D",NULL,"καὶ","καὶ","καί","καί"
43,13,34,"RP","NP","ὑμεῖς","ὑμεῖς","ὑμεῖς","σύ"
43,13,34,"V","2PAS-P","ἀγαπᾶτε","ἀγαπᾶτε","ἀγαπᾶτε","ἀγαπάω"
43,13,34,"RP","APM","ἀλλήλους.","ἀλλήλους","ἀλλήλους","ἀλλήλων"
43,13,35,"P",NULL,"ἐν","ἐν","ἐν","ἐν"
43,13,35,"RD","DSN","τούτῳ","τούτῳ","τούτῳ","οὗτος"
43,13,35,"V","3FMI-P","γνώσονται","γνώσονται","γνώσονται","γινώσκω"
43,13,35,"A","NPM","πάντες","πάντες","πάντες","πᾶς"
43,13,35,"C",NULL,"ὅτι","ὅτι","ὅτι","ὅτι"
43,13,35,"A","NPM","ἐμοὶ","ἐμοὶ","ἐμοί","ἐμός"
43,13,35,"N","NPM","μαθηταί","μαθηταί","μαθηταί","μαθητής"
43,13,35,"V","2PAI-P","ἐστε,","ἐστε","ἐστέ","εἰμί"
43,13,35,"C",NULL,"ἐὰν","ἐὰν","ἐάν","ἐάν"
43,13,35,"N","ASF","ἀγάπην","ἀγάπην","ἀγάπην","ἀγάπη"
43,13,35,"V","2PAS-P","ἔχητε","ἔχητε","ἔχητε","ἔχω"
43,13,35,"P",NULL,"ἐν","ἐν","ἐν","ἐν"
43,13,35,"RP","DPM","ἀλλήλοις.","ἀλλήλοις","ἀλλήλοις","ἀλλήλων"
43,13,36,"V","3PAI-S","Λέγει","Λέγει","λέγει","λέγω"
43,13,36,"RP","DSM","αὐτῷ","αὐτῷ","αὐτῷ","αὐτός"
43,13,36,"N","NSM","Σίμων","Σίμων","Σίμων","Σίμων"
43,13,36,"N","NSM","Πέτρος·","Πέτρος","Πέτρος","Πέτρος"
43,13,36,"N","VSM","Κύριε,","Κύριε","κύριε","κύριος"
43,13,36,"D",NULL,"ποῦ","ποῦ","ποῦ","ποῦ"
43,13,36,"V","2PAI-S","ὑπάγεις;","ὑπάγεις","ὑπάγεις","ὑπάγω"
43,13,36,"V","3API-S","⸀ἀπεκρίθη","ἀπεκρίθη","ἀπεκρίθη","ἀποκρίνομαι"
43,13,36,"N","NSM","Ἰησοῦς·","Ἰησοῦς","Ἰησοῦς","Ἰησοῦς"
43,13,36,"C",NULL,"Ὅπου","Ὅπου","ὅπου","ὅπου"
43,13,36,"V","1PAI-S","ὑπάγω","ὑπάγω","ὑπάγω","ὑπάγω"
43,13,36,"D",NULL,"οὐ","οὐ","οὐ","οὐ"
43,13,36,"V","2PMI-S","δύνασαί","δύνασαί","δύνασαι","δύναμαι"
43,13,36,"RP","DS","μοι","μοι","μοι","ἐγώ"
43,13,36,"D",NULL,"νῦν","νῦν","νῦν","νῦν"
43,13,36,"V","AAN","ἀκολουθῆσαι,","ἀκολουθῆσαι","ἀκολουθῆσαι","ἀκολουθέω"
43,13,36,"V","2FAI-S","⸂ἀκολουθήσεις","ἀκολουθήσεις","ἀκολουθήσεις","ἀκολουθέω"
43,13,36,"C",NULL,"δὲ","δὲ","δέ","δέ"
43,13,36,"A","ASNC","ὕστερον⸃.","ὕστερον","ὕστερον","ὕστερον"
43,13,37,"V","3PAI-S","λέγει","λέγει","λέγει","λέγω"
43,13,37,"RP","DSM","αὐτῷ","αὐτῷ","αὐτῷ","αὐτός"
43,13,37,"RA","NSM","⸀ὁ","ὁ","ὁ","ὁ"
43,13,37,"N","NSM","Πέτρος·","Πέτρος","Πέτρος","Πέτρος"
43,13,37,"N","VSM","Κύριε,","Κύριε","κύριε","κύριος"
43,13,37,"P",NULL,"διὰ","διὰ","διά","διά"
43,13,37,"RI","ASN","τί","τί","τί","τίς"
43,13,37,"D",NULL,"οὐ","οὐ","οὐ","οὐ"
43,13,37,"V","1PMI-S","δύναμαί","δύναμαί","δύναμαι","δύναμαι"
43,13,37,"RP","DS","σοι","σοι","σοι","σύ"
43,13,37,"V","AAN","⸀ἀκολουθῆσαι","ἀκολουθῆσαι","ἀκολουθῆσαι","ἀκολουθέω"
43,13,37,"D",NULL,"ἄρτι;","ἄρτι","ἄρτι","ἄρτι"
43,13,37,"RA","ASF","τὴν","τὴν","τήν","ὁ"
43,13,37,"N","ASF","ψυχήν","ψυχήν","ψυχήν","ψυχή"
43,13,37,"RP","GS","μου","μου","μου","ἐγώ"
43,13,37,"P",NULL,"ὑπὲρ","ὑπὲρ","ὑπέρ","ὑπέρ"
43,13,37,"RP","GS","σοῦ","σοῦ","σοῦ","σύ"
43,13,37,"V","1FAI-S","θήσω.","θήσω","θήσω","τίθημι"
43,13,38,"V","3PMI-S","⸀ἀποκρίνεται","ἀποκρίνεται","ἀποκρίνεται","ἀποκρίνομαι"
43,13,38,"N","NSM","Ἰησοῦς·","Ἰησοῦς","Ἰησοῦς","Ἰησοῦς"
43,13,38,"RA","ASF","Τὴν","Τὴν","τήν","ὁ"
43,13,38,"N","ASF","ψυχήν","ψυχήν","ψυχήν","ψυχή"
43,13,38,"RP","GS","σου","σου","σου","σύ"
43,13,38,"P",NULL,"ὑπὲρ","ὑπὲρ","ὑπέρ","ὑπέρ"
43,13,38,"RP","GS","ἐμοῦ","ἐμοῦ","ἐμοῦ","ἐγώ"
43,13,38,"V","2FAI-S","θήσεις;","θήσεις","θήσεις","τίθημι"
43,13,38,"X",NULL,"ἀμὴν","ἀμὴν","ἀμήν","ἀμήν"
43,13,38,"X",NULL,"ἀμὴν","ἀμὴν","ἀμήν","ἀμήν"
43,13,38,"V","1PAI-S","λέγω","λέγω","λέγω","λέγω"
43,13,38,"RP","DS","σοι,","σοι","σοι","σύ"
43,13,38,"D",NULL,"οὐ","οὐ","οὐ","οὐ"
43,13,38,"D",NULL,"μὴ","μὴ","μή","μή"
43,13,38,"N","NSM","ἀλέκτωρ","ἀλέκτωρ","ἀλέκτωρ","ἀλέκτωρ"
43,13,38,"V","3AAS-S","φωνήσῃ","φωνήσῃ","φωνήσῃ","φωνέω"
43,13,38,"P",NULL,"ἕως","ἕως","ἕως","ἕως"
43,13,38,"RR","GSM","οὗ","οὗ","οὗ","ὅς"
43,13,38,"V","2FMI-S","⸀ἀρνήσῃ","ἀρνήσῃ","ἀρνήσῃ","ἀρνέομαι"
43,13,38,"RP","AS","με","με","με","ἐγώ"
43,13,38,"D",NULL,"τρίς.","τρίς","τρίς","τρίς"
43,14,01,"D",NULL,"Μὴ","Μὴ","μή","μή"
43,14,01,"V","3PPD-S","ταρασσέσθω","ταρασσέσθω","ταρασσέσθω","ταράσσω"
43,14,01,"RP","GP","ὑμῶν","ὑμῶν","ὑμῶν","σύ"
43,14,01,"RA","NSF","ἡ","ἡ","ἡ","ὁ"
43,14,01,"N","NSF","καρδία·","καρδία","καρδία","καρδία"
43,14,01,"V","2PAI-P","πιστεύετε","πιστεύετε","πιστεύετε","πιστεύω"
43,14,01,"P",NULL,"εἰς","εἰς","εἰς","εἰς"
43,14,01,"RA","ASM","τὸν","τὸν","τόν","ὁ"
43,14,01,"N","ASM","θεόν,","θεόν","θεόν","θεός"
43,14,01,"D",NULL,"καὶ","καὶ","καί","καί"
43,14,01,"P",NULL,"εἰς","εἰς","εἰς","εἰς"
43,14,01,"RP","AS","ἐμὲ","ἐμὲ","ἐμέ","ἐγώ"
43,14,01,"V","2PAI-P","πιστεύετε.","πιστεύετε","πιστεύετε","πιστεύω"
43,14,02,"P",NULL,"ἐν","ἐν","ἐν","ἐν"
43,14,02,"RA","DSF","τῇ","τῇ","τῇ","ὁ"
43,14,02,"N","DSF","οἰκίᾳ","οἰκίᾳ","οἰκίᾳ","οἰκία"
43,14,02,"RA","GSM","τοῦ","τοῦ","τοῦ","ὁ"
43,14,02,"N","GSM","πατρός","πατρός","πατρός","πατήρ"
43,14,02,"RP","GS","μου","μου","μου","ἐγώ"
43,14,02,"N","NPF","μοναὶ","μοναὶ","μοναί","μονή"
43,14,02,"A","NPF","πολλαί","πολλαί","πολλαί","πολύς"
43,14,02,"V","3PAI-P","εἰσιν·","εἰσιν","εἰσί(ν)","εἰμί"
43,14,02,"C",NULL,"εἰ","εἰ","εἰ","εἰ"
43,14,02,"C",NULL,"δὲ","δὲ","δέ","δέ"
43,14,02,"D",NULL,"μή,","μή","μή","μή"
43,14,02,"V","1AAI-S","εἶπον","εἶπον","εἶπον","λέγω"
43,14,02,"X",NULL,"ἂν","ἂν","ἄν","ἄν"
43,14,02,"RP","DP","ὑμῖν","ὑμῖν","ὑμῖν","σύ"
43,14,02,"C",NULL,"⸀ὅτι","ὅτι","ὅτι","ὅτι"
43,14,02,"V","1PMI-S","πορεύομαι","πορεύομαι","πορεύομαι","πορεύομαι"
43,14,02,"V","AAN","ἑτοιμάσαι","ἑτοιμάσαι","ἑτοιμάσαι","ἑτοιμάζω"
43,14,02,"N","ASM","τόπον","τόπον","τόπον","τόπος"
43,14,02,"RP","DP","ὑμῖν·","ὑμῖν","ὑμῖν","σύ"
43,14,03,"C",NULL,"καὶ","καὶ","καί","καί"
43,14,03,"C",NULL,"ἐὰν","ἐὰν","ἐάν","ἐάν"
43,14,03,"V","1APS-S","πορευθῶ","πορευθῶ","πορευθῶ","πορεύομαι"
43,14,03,"C",NULL,"⸀καὶ","καὶ","καί","καί"
43,14,03,"V","1AAS-S","ἑτοιμάσω","ἑτοιμάσω","ἑτοιμάσω","ἑτοιμάζω"
43,14,03,"N","ASM","⸂τόπον","τόπον","τόπον","τόπος"
43,14,03,"RP","DP","ὑμῖν⸃,","ὑμῖν","ὑμῖν","σύ"
43,14,03,"D",NULL,"πάλιν","πάλιν","πάλιν","πάλιν"
43,14,03,"V","1PMI-S","ἔρχομαι","ἔρχομαι","ἔρχομαι","ἔρχομαι"
43,14,03,"C",NULL,"καὶ","καὶ","καί","καί"
43,14,03,"V","1FMI-S","παραλήμψομαι","παραλήμψομαι","παραλήμψομαι","παραλαμβάνω"
43,14,03,"RP","AP","ὑμᾶς","ὑμᾶς","ὑμᾶς","σύ"
43,14,03,"P",NULL,"πρὸς","πρὸς","πρός","πρός"
43,14,03,"RP","ASM","ἐμαυτόν,","ἐμαυτόν","ἐμαυτόν","ἐμαυτοῦ"
43,14,03,"C",NULL,"ἵνα","ἵνα","ἵνα","ἵνα"
43,14,03,"C",NULL,"ὅπου","ὅπου","ὅπου","ὅπου"
43,14,03,"V","1PAI-S","εἰμὶ","εἰμὶ","εἰμί","εἰμί"
43,14,03,"RP","NS","ἐγὼ","ἐγὼ","ἐγώ","ἐγώ"
43,14,03,"D",NULL,"καὶ","καὶ","καί","καί"
43,14,03,"RP","NP","ὑμεῖς","ὑμεῖς","ὑμεῖς","σύ"
43,14,03,"V","2PAS-P","ἦτε.","ἦτε","ἦτε","εἰμί"
43,14,04,"C",NULL,"καὶ","καὶ","καί","καί"
43,14,04,"C",NULL,"ὅπου","ὅπου","ὅπου","ὅπου"
43,14,04,"RP","NS","ἐγὼ","ἐγὼ","ἐγώ","ἐγώ"
43,14,04,"V","1PAI-S","ὑπάγω","ὑπάγω","ὑπάγω","ὑπάγω"
43,14,04,"V","2XAI-P","οἴδατε","οἴδατε","οἴδατε","οἶδα"
43,14,04,"RA","ASF","⸂τὴν","τὴν","τήν","ὁ"
43,14,04,"N","ASF","ὁδόν⸃.","ὁδόν","ὁδόν","ὁδός"
43,14,05,"V","3PAI-S","λέγει","λέγει","λέγει","λέγω"
43,14,05,"RP","DSM","αὐτῷ","αὐτῷ","αὐτῷ","αὐτός"
43,14,05,"N","NSM","Θωμᾶς·","Θωμᾶς","Θωμᾶς","Θωμᾶς"
43,14,05,"N","VSM","Κύριε,","Κύριε","κύριε","κύριος"
43,14,05,"D",NULL,"οὐκ","οὐκ","οὐ","οὐ"
43,14,05,"V","1XAI-P","οἴδαμεν","οἴδαμεν","οἴδαμεν","οἶδα"
43,14,05,"D",NULL,"ποῦ","ποῦ","ποῦ","ποῦ"
43,14,05,"V","2PAI-S","ὑπάγεις·","ὑπάγεις","ὑπάγεις","ὑπάγω"
43,14,05,"D",NULL,"⸀πῶς","πῶς","πῶς","πῶς"
43,14,05,"V","1PMI-P","⸂δυνάμεθα","δυνάμεθα","δυνάμεθα","δύναμαι"
43,14,05,"RA","ASF","τὴν","τὴν","τήν","ὁ"
43,14,05,"N","ASF","ὁδὸν","ὁδὸν","ὁδόν","ὁδός"
43,14,05,"V","XAN","εἰδέναι⸃;","εἰδέναι","εἰδέναι","οἶδα"
43,14,06,"V","3PAI-S","λέγει","λέγει","λέγει","λέγω"
43,14,06,"RP","DSM","αὐτῷ","αὐτῷ","αὐτῷ","αὐτός"
43,14,06,"RA","NSM","⸀ὁ","ὁ","ὁ","ὁ"
43,14,06,"N","NSM","Ἰησοῦς·","Ἰησοῦς","Ἰησοῦς","Ἰησοῦς"
43,14,06,"RP","NS","Ἐγώ","Ἐγώ","ἐγώ","ἐγώ"
43,14,06,"V","1PAI-S","εἰμι","εἰμι","εἰμί","εἰμί"
43,14,06,"RA","NSF","ἡ","ἡ","ἡ","ὁ"
43,14,06,"N","NSF","ὁδὸς","ὁδὸς","ὁδός","ὁδός"
43,14,06,"C",NULL,"καὶ","καὶ","καί","καί"
43,14,06,"RA","NSF","ἡ","ἡ","ἡ","ὁ"
43,14,06,"N","NSF","ἀλήθεια","ἀλήθεια","ἀλήθεια","ἀλήθεια"
43,14,06,"C",NULL,"καὶ","καὶ","καί","καί"
43,14,06,"RA","NSF","ἡ","ἡ","ἡ","ὁ"
43,14,06,"N","NSF","ζωή·","ζωή","ζωή","ζωή"
43,14,06,"A","NSM","οὐδεὶς","οὐδεὶς","οὐδείς","οὐδείς"
43,14,06,"V","3PMI-S","ἔρχεται","ἔρχεται","ἔρχεται","ἔρχομαι"
43,14,06,"P",NULL,"πρὸς","πρὸς","πρός","πρός"
43,14,06,"RA","ASM","τὸν","τὸν","τόν","ὁ"
43,14,06,"N","ASM","πατέρα","πατέρα","πατέρα","πατήρ"
43,14,06,"C",NULL,"εἰ","εἰ","εἰ","εἰ"
43,14,06,"D",NULL,"μὴ","μὴ","μή","μή"
43,14,06,"P",NULL,"δι’","δι’","διά","διά"
43,14,06,"RP","GS","ἐμοῦ.","ἐμοῦ","ἐμοῦ","ἐγώ"
43,14,07,"C",NULL,"εἰ","εἰ","εἰ","εἰ"
43,14,07,"V","2YAI-P","⸀ἐγνώκειτέ","ἐγνώκειτέ","ἐγνώκειτε","γινώσκω"
43,14,07,"RP","AS","με,","με","με","ἐγώ"
43,14,07,"D",NULL,"καὶ","καὶ","καί","καί"
43,14,07,"RA","ASM","τὸν","τὸν","τόν","ὁ"
43,14,07,"N","ASM","πατέρα","πατέρα","πατέρα","πατήρ"
43,14,07,"RP","GS","μου","μου","μου","ἐγώ"
43,14,07,"X",NULL,"⸂ἂν","ἂν","ἄν","ἄν"
43,14,07,"V","2YAI-P","ᾔδειτε⸃·","ᾔδειτε","ᾔδειτε","οἶδα"
43,14,07,"P",NULL,"⸀ἀπ’","ἀπ’","ἀπό","ἀπό"
43,14,07,"D",NULL,"ἄρτι","ἄρτι","ἄρτι","ἄρτι"
43,14,07,"V","2PAI-P","γινώσκετε","γινώσκετε","γινώσκετε","γινώσκω"
43,14,07,"RP","ASM","αὐτὸν","αὐτὸν","αὐτόν","αὐτός"
43,14,07,"C",NULL,"καὶ","καὶ","καί","καί"
43,14,07,"V","2XAI-P","ἑωράκατε","ἑωράκατε","ἑωράκατε","ὁράω"
43,14,07,"RP","ASM","⸀αὐτόν.","αὐτόν","αὐτόν","αὐτός"
43,14,08,"V","3PAI-S","Λέγει","Λέγει","λέγει","λέγω"
43,14,08,"RP","DSM","αὐτῷ","αὐτῷ","αὐτῷ","αὐτός"
43,14,08,"N","NSM","Φίλιππος·","Φίλιππος","Φίλιππος","Φίλιππος"
43,14,08,"N","VSM","Κύριε,","Κύριε","κύριε","κύριος"
43,14,08,"V","2AAD-S","δεῖξον","δεῖξον","δεῖξον","δείκνυμι"
43,14,08,"RP","DP","ἡμῖν","ἡμῖν","ἡμῖν","ἐγώ"
43,14,08,"RA","ASM","τὸν","τὸν","τόν","ὁ"
43,14,08,"N","ASM","πατέρα,","πατέρα","πατέρα","πατήρ"
43,14,08,"C",NULL,"καὶ","καὶ","καί","καί"
43,14,08,"V","3PAI-S","ἀρκεῖ","ἀρκεῖ","ἀρκεῖ","ἀρκέω"
43,14,08,"RP","DP","ἡμῖν.","ἡμῖν","ἡμῖν","ἐγώ"
43,14,09,"V","3PAI-S","λέγει","λέγει","λέγει","λέγω"
43,14,09,"RP","DSM","αὐτῷ","αὐτῷ","αὐτῷ","αὐτός"
43,14,09,"RA","NSM","ὁ","ὁ","ὁ","ὁ"
43,14,09,"N","NSM","Ἰησοῦς·","Ἰησοῦς","Ἰησοῦς","Ἰησοῦς"
43,14,09,"RD","DSM","⸂Τοσούτῳ","Τοσούτῳ","τοσούτῳ","τοσοῦτος"
43,14,09,"N","DSM","χρόνῳ⸃","χρόνῳ","χρόνῳ","χρόνος"
43,14,09,"P",NULL,"μεθ’","μεθ’","μετά","μετά"
43,14,09,"RP","GP","ὑμῶν","ὑμῶν","ὑμῶν","σύ"
43,14,09,"V","1PAI-S","εἰμι","εἰμι","εἰμί","εἰμί"
43,14,09,"C",NULL,"καὶ","καὶ","καί","καί"
43,14,09,"D",NULL,"οὐκ","οὐκ","οὐ","οὐ"
43,14,09,"V","2XAI-S","ἔγνωκάς","ἔγνωκάς","ἔγνωκας","γινώσκω"
43,14,09,"RP","AS","με,","με","με","ἐγώ"
43,14,09,"N","VSM","Φίλιππε;","Φίλιππε","Φίλιππε","Φίλιππος"
43,14,09,"RA","NSM","ὁ","ὁ","ὁ","ὁ"
43,14,09,"V","XAPNSM","ἑωρακὼς","ἑωρακὼς","ἑωρακώς","ὁράω"
43,14,09,"RP","AS","ἐμὲ","ἐμὲ","ἐμέ","ἐγώ"
43,14,09,"V","3XAI-S","ἑώρακεν","ἑώρακεν","ἑώρακε(ν)","ὁράω"
43,14,09,"RA","ASM","τὸν","τὸν","τόν","ὁ"
43,14,09,"N","ASM","πατέρα·","πατέρα","πατέρα","πατήρ"
43,14,09,"D",NULL,"⸀πῶς","πῶς","πῶς","πῶς"
43,14,09,"RP","NS","σὺ","σὺ","σύ","σύ"
43,14,09,"V","2PAI-S","λέγεις·","λέγεις","λέγεις","λέγω"
43,14,09,"V","2AAD-S","Δεῖξον","Δεῖξον","δεῖξον","δείκνυμι"
43,14,09,"RP","DP","ἡμῖν","ἡμῖν","ἡμῖν","ἐγώ"
43,14,09,"RA","ASM","τὸν","τὸν","τόν","ὁ"
43,14,09,"N","ASM","πατέρα;","πατέρα","πατέρα","πατήρ"
43,14,10,"D",NULL,"οὐ","οὐ","οὐ","οὐ"
43,14,10,"V","2PAI-S","πιστεύεις","πιστεύεις","πιστεύεις","πιστεύω"
43,14,10,"C",NULL,"ὅτι","ὅτι","ὅτι","ὅτι"
43,14,10,"RP","NS","ἐγὼ","ἐγὼ","ἐγώ","ἐγώ"
43,14,10,"P",NULL,"ἐν","ἐν","ἐν","ἐν"
43,14,10,"RA","DSM","τῷ","τῷ","τῷ","ὁ"
43,14,10,"N","DSM","πατρὶ","πατρὶ","πατρί","πατήρ"
43,14,10,"C",NULL,"καὶ","καὶ","καί","καί"
43,14,10,"RA","NSM","ὁ","ὁ","ὁ","ὁ"
43,14,10,"N","NSM","πατὴρ","πατὴρ","πατήρ","πατήρ"
43,14,10,"P",NULL,"ἐν","ἐν","ἐν","ἐν"
43,14,10,"RP","DS","ἐμοί","ἐμοί","ἐμοί","ἐγώ"
43,14,10,"V","3PAI-S","ἐστιν;","ἐστιν","ἐστί(ν)","εἰμί"
43,14,10,"RA","APN","τὰ","τὰ","τά","ὁ"
43,14,10,"N","APN","ῥήματα","ῥήματα","ῥήματα","ῥῆμα"
43,14,10,"RR","APN","ἃ","ἃ","ἅ","ὅς"
43,14,10,"RP","NS","ἐγὼ","ἐγὼ","ἐγώ","ἐγώ"
43,14,10,"V","1PAI-S","⸀λέγω","λέγω","λέγω","λέγω"
43,14,10,"RP","DP","ὑμῖν","ὑμῖν","ὑμῖν","σύ"
43,14,10,"P",NULL,"ἀπ’","ἀπ’","ἀπό","ἀπό"
43,14,10,"RP","GSM","ἐμαυτοῦ","ἐμαυτοῦ","ἐμαυτοῦ","ἐμαυτοῦ"
43,14,10,"D",NULL,"οὐ","οὐ","οὐ","οὐ"
43,14,10,"V","1PAI-S","λαλῶ,","λαλῶ","λαλῶ","λαλέω"
43,14,10,"RA","NSM","ὁ","ὁ","ὁ","ὁ"
43,14,10,"C",NULL,"δὲ","δὲ","δέ","δέ"
43,14,10,"N","NSM","⸀πατὴρ","πατὴρ","πατήρ","πατήρ"
43,14,10,"P",NULL,"ἐν","ἐν","ἐν","ἐν"
43,14,10,"RP","DS","ἐμοὶ","ἐμοὶ","ἐμοί","ἐγώ"
43,14,10,"V","PAPNSM","⸀μένων","μένων","μένων","μένω"
43,14,10,"V","3PAI-S","ποιεῖ","ποιεῖ","ποιεῖ","ποιέω"
43,14,10,"RA","APN","τὰ","τὰ","τά","ὁ"
43,14,10,"N","APN","ἔργα","ἔργα","ἔργα","ἔργον"
43,14,10,"RP","GSM","⸀αὐτοῦ.","αὐτοῦ","αὐτοῦ","αὐτός"
43,14,11,"V","2PAD-P","πιστεύετέ","πιστεύετέ","πιστεύετε","πιστεύω"
43,14,11,"RP","DS","μοι","μοι","μοι","ἐγώ"
43,14,11,"C",NULL,"ὅτι","ὅτι","ὅτι","ὅτι"
43,14,11,"RP","NS","ἐγὼ","ἐγὼ","ἐγώ","ἐγώ"
43,14,11,"P",NULL,"ἐν","ἐν","ἐν","ἐν"
43,14,11,"RA","DSM","τῷ","τῷ","τῷ","ὁ"
43,14,11,"N","DSM","πατρὶ","πατρὶ","πατρί","πατήρ"
43,14,11,"C",NULL,"καὶ","καὶ","καί","καί"
43,14,11,"RA","NSM","ὁ","ὁ","ὁ","ὁ"
43,14,11,"N","NSM","πατὴρ","πατὴρ","πατήρ","πατήρ"
43,14,11,"P",NULL,"ἐν","ἐν","ἐν","ἐν"
43,14,11,"RP","DS","ἐμοί·","ἐμοί","ἐμοί","ἐγώ"
43,14,11,"C",NULL,"εἰ","εἰ","εἰ","εἰ"
43,14,11,"C",NULL,"δὲ","δὲ","δέ","δέ"
43,14,11,"D",NULL,"μή,","μή","μή","μή"
43,14,11,"P",NULL,"διὰ","διὰ","διά","διά"
43,14,11,"RA","APN","τὰ","τὰ","τά","ὁ"
43,14,11,"N","APN","ἔργα","ἔργα","ἔργα","ἔργον"
43,14,11,"RP","APN","αὐτὰ","αὐτὰ","αὐτά","αὐτός"
43,14,11,"V","2PAD-P","⸀πιστεύετε.","πιστεύετε","πιστεύετε","πιστεύω"
43,14,12,"X",NULL,"ἀμὴν","ἀμὴν","ἀμήν","ἀμήν"
43,14,12,"X",NULL,"ἀμὴν","ἀμὴν","ἀμήν","ἀμήν"
43,14,12,"V","1PAI-S","λέγω","λέγω","λέγω","λέγω"
43,14,12,"RP","DP","ὑμῖν,","ὑμῖν","ὑμῖν","σύ"
43,14,12,"RA","NSM","ὁ","ὁ","ὁ","ὁ"
43,14,12,"V","PAPNSM","πιστεύων","πιστεύων","πιστεύων","πιστεύω"
43,14,12,"P",NULL,"εἰς","εἰς","εἰς","εἰς"
43,14,12,"RP","AS","ἐμὲ","ἐμὲ","ἐμέ","ἐγώ"
43,14,12,"RA","APN","τὰ","τὰ","τά","ὁ"
43,14,12,"N","APN","ἔργα","ἔργα","ἔργα","ἔργον"
43,14,12,"RR","APN","ἃ","ἃ","ἅ","ὅς"
43,14,12,"RP","NS","ἐγὼ","ἐγὼ","ἐγώ","ἐγώ"
43,14,12,"V","1PAI-S","ποιῶ","ποιῶ","ποιῶ","ποιέω"
43,14,12,"RD","NSM","κἀκεῖνος","κἀκεῖνος","κἀκεῖνος","κἀκεῖνος"
43,14,12,"V","3FAI-S","ποιήσει,","ποιήσει","ποιήσει","ποιέω"
43,14,12,"C",NULL,"καὶ","καὶ","καί","καί"
43,14,12,"A","APNC","μείζονα","μείζονα","μείζονα","μέγας"
43,14,12,"RD","GPN","τούτων","τούτων","τούτων","οὗτος"
43,14,12,"V","3FAI-S","ποιήσει,","ποιήσει","ποιήσει","ποιέω"
43,14,12,"C",NULL,"ὅτι","ὅτι","ὅτι","ὅτι"
43,14,12,"RP","NS","ἐγὼ","ἐγὼ","ἐγώ","ἐγώ"
43,14,12,"P",NULL,"πρὸς","πρὸς","πρός","πρός"
43,14,12,"RA","ASM","τὸν","τὸν","τόν","ὁ"
43,14,12,"N","ASM","⸀πατέρα","πατέρα","πατέρα","πατήρ"
43,14,12,"V","1PMI-S","πορεύομαι·","πορεύομαι","πορεύομαι","πορεύομαι"
43,14,13,"C",NULL,"καὶ","καὶ","καί","καί"
43,14,13,"RR","ASN","ὅ","ὅ","ὅ","ὅς"
43,14,13,"RI","ASN","τι","τι","τὶ","τις"
43,14,13,"X",NULL,"ἂν","ἂν","ἄν","ἄν"
43,14,13,"V","2AAS-P","αἰτήσητε","αἰτήσητε","αἰτήσητε","αἰτέω"
43,14,13,"P",NULL,"ἐν","ἐν","ἐν","ἐν"
43,14,13,"RA","DSN","τῷ","τῷ","τῷ","ὁ"
43,14,13,"N","DSN","ὀνόματί","ὀνόματί","ὀνόματι","ὄνομα"
43,14,13,"RP","GS","μου","μου","μου","ἐγώ"
43,14,13,"RD","ASN","τοῦτο","τοῦτο","τοῦτο","οὗτος"
43,14,13,"V","1FAI-S","ποιήσω,","ποιήσω","ποιήσω","ποιέω"
43,14,13,"C",NULL,"ἵνα","ἵνα","ἵνα","ἵνα"
43,14,13,"V","3APS-S","δοξασθῇ","δοξασθῇ","δοξασθῇ","δοξάζω"
43,14,13,"RA","NSM","ὁ","ὁ","ὁ","ὁ"
43,14,13,"N","NSM","πατὴρ","πατὴρ","πατήρ","πατήρ"
43,14,13,"P",NULL,"ἐν","ἐν","ἐν","ἐν"
43,14,13,"RA","DSM","τῷ","τῷ","τῷ","ὁ"
43,14,13,"N","DSM","υἱῷ·","υἱῷ","υἱῷ","υἱός"
43,14,14,"C",NULL,"ἐάν","ἐάν","ἐάν","ἐάν"
43,14,14,"RI","ASN","τι","τι","τὶ","τις"
43,14,14,"V","2AAS-P","αἰτήσητέ","αἰτήσητέ","αἰτήσητε","αἰτέω"
43,14,14,"RP","AS","⸀με","με","με","ἐγώ"
43,14,14,"P",NULL,"ἐν","ἐν","ἐν","ἐν"
43,14,14,"RA","DSN","τῷ","τῷ","τῷ","ὁ"
43,14,14,"N","DSN","ὀνόματί","ὀνόματί","ὀνόματι","ὄνομα"
43,14,14,"RP","GS","μου","μου","μου","ἐγώ"
43,14,14,"RP","NS","⸀ἐγὼ","ἐγὼ","ἐγώ","ἐγώ"
43,14,14,"V","1FAI-S","ποιήσω.","ποιήσω","ποιήσω","ποιέω"
43,14,15,"C",NULL,"Ἐὰν","Ἐὰν","ἐάν","ἐάν"
43,14,15,"V","2PAS-P","ἀγαπᾶτέ","ἀγαπᾶτέ","ἀγαπᾶτε","ἀγαπάω"
43,14,15,"RP","AS","με,","με","με","ἐγώ"
43,14,15,"RA","APF","τὰς","τὰς","τάς","ὁ"
43,14,15,"N","APF","ἐντολὰς","ἐντολὰς","ἐντολάς","ἐντολή"
43,14,15,"RA","APF","τὰς","τὰς","τάς","ὁ"
43,14,15,"A","APF","ἐμὰς","ἐμὰς","ἐμάς","ἐμός"
43,14,15,"V","2FAI-P","⸀τηρήσετε·","τηρήσετε","τηρήσετε","τηρέω"
43,14,16,"RP","NS","κἀγὼ","κἀγὼ","κἀγώ","κἀγώ"
43,14,16,"V","1FAI-S","ἐρωτήσω","ἐρωτήσω","ἐρωτήσω","ἐρωτάω"
43,14,16,"RA","ASM","τὸν","τὸν","τόν","ὁ"
43,14,16,"N","ASM","πατέρα","πατέρα","πατέρα","πατήρ"
43,14,16,"C",NULL,"καὶ","καὶ","καί","καί"
43,14,16,"A","ASM","ἄλλον","ἄλλον","ἄλλον","ἄλλος"
43,14,16,"N","ASM","παράκλητον","παράκλητον","παράκλητον","παράκλητος"
43,14,16,"V","3FAI-S","δώσει","δώσει","δώσει","δίδωμι"
43,14,16,"RP","DP","ὑμῖν","ὑμῖν","ὑμῖν","σύ"
43,14,16,"C",NULL,"ἵνα","ἵνα","ἵνα","ἵνα"
43,14,16,"V","3PAS-S","⸀ᾖ","ᾖ","ᾖ","εἰμί"
43,14,16,"P",NULL,"μεθ’","μεθ’","μετά","μετά"
43,14,16,"RP","GP","ὑμῶν","ὑμῶν","ὑμῶν","σύ"
43,14,16,"P",NULL,"εἰς","εἰς","εἰς","εἰς"
43,14,16,"RA","ASM","τὸν","τὸν","τόν","ὁ"
43,14,16,"N","ASM","⸀αἰῶνα,","αἰῶνα","αἰῶνα","αἰών"
43,14,17,"RA","ASN","τὸ","τὸ","τό","ὁ"
43,14,17,"N","ASN","πνεῦμα","πνεῦμα","πνεῦμα","πνεῦμα"
43,14,17,"RA","GSF","τῆς","τῆς","τῆς","ὁ"
43,14,17,"N","GSF","ἀληθείας,","ἀληθείας","ἀληθείας","ἀλήθεια"
43,14,17,"RR","ASN","ὃ","ὃ","ὅ","ὅς"
43,14,17,"RA","NSM","ὁ","ὁ","ὁ","ὁ"
43,14,17,"N","NSM","κόσμος","κόσμος","κόσμος","κόσμος"
43,14,17,"D",NULL,"οὐ","οὐ","οὐ","οὐ"
43,14,17,"V","3PMI-S","δύναται","δύναται","δύναται","δύναμαι"
43,14,17,"V","AAN","λαβεῖν,","λαβεῖν","λαβεῖν","λαμβάνω"
43,14,17,"C",NULL,"ὅτι","ὅτι","ὅτι","ὅτι"
43,14,17,"D",NULL,"οὐ","οὐ","οὐ","οὐ"
43,14,17,"V","3PAI-S","θεωρεῖ","θεωρεῖ","θεωρεῖ","θεωρέω"
43,14,17,"RP","ASN","αὐτὸ","αὐτὸ","αὐτό","αὐτός"
43,14,17,"C",NULL,"οὐδὲ","οὐδὲ","οὐδέ","οὐδέ"
43,14,17,"V","3PAI-S","⸀γινώσκει·","γινώσκει","γινώσκει","γινώσκω"
43,14,17,"RP","NP","⸀ὑμεῖς","ὑμεῖς","ὑμεῖς","σύ"
43,14,17,"V","2PAI-P","γινώσκετε","γινώσκετε","γινώσκετε","γινώσκω"
43,14,17,"RP","ASN","αὐτό,","αὐτό","αὐτό","αὐτός"
43,14,17,"C",NULL,"ὅτι","ὅτι","ὅτι","ὅτι"
43,14,17,"P",NULL,"παρ’","παρ’","παρά","παρά"
43,14,17,"RP","DP","ὑμῖν","ὑμῖν","ὑμῖν","σύ"
43,14,17,"V","3PAI-S","μένει","μένει","μένει","μένω"
43,14,17,"C",NULL,"καὶ","καὶ","καί","καί"
43,14,17,"P",NULL,"ἐν","ἐν","ἐν","ἐν"
43,14,17,"RP","DP","ὑμῖν","ὑμῖν","ὑμῖν","σύ"
43,14,17,"V","3FMI-S","⸀ἔσται.","ἔσται","ἔσται","εἰμί"
43,14,18,"D",NULL,"Οὐκ","Οὐκ","οὐ","οὐ"
43,14,18,"V","1FAI-S","ἀφήσω","ἀφήσω","ἀφήσω","ἀφίημι"
43,14,18,"RP","AP","ὑμᾶς","ὑμᾶς","ὑμᾶς","σύ"
43,14,18,"A","APM","ὀρφανούς,","ὀρφανούς","ὀρφανούς","ὀρφανός"
43,14,18,"V","1PMI-S","ἔρχομαι","ἔρχομαι","ἔρχομαι","ἔρχομαι"
43,14,18,"P",NULL,"πρὸς","πρὸς","πρός","πρός"
43,14,18,"RP","AP","ὑμᾶς.","ὑμᾶς","ὑμᾶς","σύ"
43,14,19,"D",NULL,"ἔτι","ἔτι","ἔτι","ἔτι"
43,14,19,"A","ASN","μικρὸν","μικρὸν","μικρόν","μικρός"
43,14,19,"C",NULL,"καὶ","καὶ","καί","καί"
43,14,19,"RA","NSM","ὁ","ὁ","ὁ","ὁ"
43,14,19,"N","NSM","κόσμος","κόσμος","κόσμος","κόσμος"
43,14,19,"RP","AS","με","με","με","ἐγώ"
43,14,19,"D",NULL,"οὐκέτι","οὐκέτι","οὐκέτι","οὐκέτι"
43,14,19,"V","3PAI-S","θεωρεῖ,","θεωρεῖ","θεωρεῖ","θεωρέω"
43,14,19,"RP","NP","ὑμεῖς","ὑμεῖς","ὑμεῖς","σύ"
43,14,19,"C",NULL,"δὲ","δὲ","δέ","δέ"
43,14,19,"V","2PAI-P","θεωρεῖτέ","θεωρεῖτέ","θεωρεῖτε","θεωρέω"
43,14,19,"RP","AS","με,","με","με","ἐγώ"
43,14,19,"C",NULL,"ὅτι","ὅτι","ὅτι","ὅτι"
43,14,19,"RP","NS","ἐγὼ","ἐγὼ","ἐγώ","ἐγώ"
43,14,19,"V","1PAI-S","ζῶ","ζῶ","ζῶ","ζάω"
43,14,19,"D",NULL,"καὶ","καὶ","καί","καί"
43,14,19,"RP","NP","ὑμεῖς","ὑμεῖς","ὑμεῖς","σύ"
43,14,19,"V","2FAI-P","⸀ζήσετε.","ζήσετε","ζήσετε","ζάω"
43,14,20,"P",NULL,"ἐν","ἐν","ἐν","ἐν"
43,14,20,"RD","DSF","ἐκείνῃ","ἐκείνῃ","ἐκείνῃ","ἐκεῖνος"
43,14,20,"RA","DSF","τῇ","τῇ","τῇ","ὁ"
43,14,20,"N","DSF","ἡμέρᾳ","ἡμέρᾳ","ἡμέρᾳ","ἡμέρα"
43,14,20,"V","2FMI-P","⸂γνώσεσθε","γνώσεσθε","γνώσεσθε","γινώσκω"
43,14,20,"RP","NP","ὑμεῖς⸃","ὑμεῖς","ὑμεῖς","σύ"
43,14,20,"C",NULL,"ὅτι","ὅτι","ὅτι","ὅτι"
43,14,20,"RP","NS","ἐγὼ","ἐγὼ","ἐγώ","ἐγώ"
43,14,20,"P",NULL,"ἐν","ἐν","ἐν","ἐν"
43,14,20,"RA","DSM","τῷ","τῷ","τῷ","ὁ"
43,14,20,"N","DSM","πατρί","πατρί","πατρί","πατήρ"
43,14,20,"RP","GS","μου","μου","μου","ἐγώ"
43,14,20,"C",NULL,"καὶ","καὶ","καί","καί"
43,14,20,"RP","NP","ὑμεῖς","ὑμεῖς","ὑμεῖς","σύ"
43,14,20,"P",NULL,"ἐν","ἐν","ἐν","ἐν"
43,14,20,"RP","DS","ἐμοὶ","ἐμοὶ","ἐμοί","ἐγώ"
43,14,20,"RP","NS","κἀγὼ","κἀγὼ","κἀγώ","κἀγώ"
43,14,20,"P",NULL,"ἐν","ἐν","ἐν","ἐν"
43,14,20,"RP","DP","ὑμῖν.","ὑμῖν","ὑμῖν","σύ"
43,14,21,"RA","NSM","ὁ","ὁ","ὁ","ὁ"
43,14,21,"V","PAPNSM","ἔχων","ἔχων","ἔχων","ἔχω"
43,14,21,"RA","APF","τὰς","τὰς","τάς","ὁ"
43,14,21,"N","APF","ἐντολάς","ἐντολάς","ἐντολάς","ἐντολή"
43,14,21,"RP","GS","μου","μου","μου","ἐγώ"
43,14,21,"C",NULL,"καὶ","καὶ","καί","καί"
43,14,21,"V","PAPNSM","τηρῶν","τηρῶν","τηρῶν","τηρέω"
43,14,21,"RP","APF","αὐτὰς","αὐτὰς","αὐτάς","αὐτός"
43,14,21,"RD","NSM","ἐκεῖνός","ἐκεῖνός","ἐκεῖνος","ἐκεῖνος"
43,14,21,"V","3PAI-S","ἐστιν","ἐστιν","ἐστί(ν)","εἰμί"
43,14,21,"RA","NSM","ὁ","ὁ","ὁ","ὁ"
43,14,21,"V","PAPNSM","ἀγαπῶν","ἀγαπῶν","ἀγαπῶν","ἀγαπάω"
43,14,21,"RP","AS","με·","με","με","ἐγώ"
43,14,21,"RA","NSM","ὁ","ὁ","ὁ","ὁ"
43,14,21,"C",NULL,"δὲ","δὲ","δέ","δέ"
43,14,21,"V","PAPNSM","ἀγαπῶν","ἀγαπῶν","ἀγαπῶν","ἀγαπάω"
43,14,21,"RP","AS","με","με","με","ἐγώ"
43,14,21,"V","3FPI-S","ἀγαπηθήσεται","ἀγαπηθήσεται","ἀγαπηθήσεται","ἀγαπάω"
43,14,21,"P",NULL,"ὑπὸ","ὑπὸ","ὑπό","ὑπό"
43,14,21,"RA","GSM","τοῦ","τοῦ","τοῦ","ὁ"
43,14,21,"N","GSM","πατρός","πατρός","πατρός","πατήρ"
43,14,21,"RP","GS","μου,","μου","μου","ἐγώ"
43,14,21,"RP","NS","κἀγὼ","κἀγὼ","κἀγώ","κἀγώ"
43,14,21,"V","1FAI-S","ἀγαπήσω","ἀγαπήσω","ἀγαπήσω","ἀγαπάω"
43,14,21,"RP","ASM","αὐτὸν","αὐτὸν","αὐτόν","αὐτός"
43,14,21,"C",NULL,"καὶ","καὶ","καί","καί"
43,14,21,"V","1FAI-S","ἐμφανίσω","ἐμφανίσω","ἐμφανίσω","ἐμφανίζω"
43,14,21,"RP","DSM","αὐτῷ","αὐτῷ","αὐτῷ","αὐτός"
43,14,21,"RP","ASM","ἐμαυτόν.","ἐμαυτόν","ἐμαυτόν","ἐμαυτοῦ"
43,14,22,"V","3PAI-S","λέγει","λέγει","λέγει","λέγω"
43,14,22,"RP","DSM","αὐτῷ","αὐτῷ","αὐτῷ","αὐτός"
43,14,22,"N","NSM","Ἰούδας,","Ἰούδας","Ἰούδας","Ἰούδας"
43,14,22,"D",NULL,"οὐχ","οὐχ","οὐ","οὐ"
43,14,22,"RA","NSM","ὁ","ὁ","ὁ","ὁ"
43,14,22,"N","NSM","Ἰσκαριώτης·","Ἰσκαριώτης","Ἰσκαριώτης","Ἰσκαριώτης"
43,14,22,"N","VSM","Κύριε,","Κύριε","κύριε","κύριος"
43,14,22,"RI","NSN","⸀τί","τί","τί","τίς"
43,14,22,"V","3XAI-S","γέγονεν","γέγονεν","γέγονε(ν)","γίνομαι"
43,14,22,"C",NULL,"ὅτι","ὅτι","ὅτι","ὅτι"
43,14,22,"RP","DP","ἡμῖν","ἡμῖν","ἡμῖν","ἐγώ"
43,14,22,"V","2PAI-S","μέλλεις","μέλλεις","μέλλεις","μέλλω"
43,14,22,"V","PAN","ἐμφανίζειν","ἐμφανίζειν","ἐμφανίζειν","ἐμφανίζω"
43,14,22,"RP","ASM","σεαυτὸν","σεαυτὸν","σεαυτόν","σεαυτοῦ"
43,14,22,"C",NULL,"καὶ","καὶ","καί","καί"
43,14,22,"D",NULL,"οὐχὶ","οὐχὶ","οὐχί","οὐχί"
43,14,22,"RA","DSM","τῷ","τῷ","τῷ","ὁ"
43,14,22,"N","DSM","κόσμῳ;","κόσμῳ","κόσμῳ","κόσμος"
43,14,23,"V","3API-S","ἀπεκρίθη","ἀπεκρίθη","ἀπεκρίθη","ἀποκρίνομαι"
43,14,23,"N","NSM","Ἰησοῦς","Ἰησοῦς","Ἰησοῦς","Ἰησοῦς"
43,14,23,"C",NULL,"καὶ","καὶ","καί","καί"
43,14,23,"V","3AAI-S","εἶπεν","εἶπεν","εἶπε(ν)","λέγω"
43,14,23,"RP","DSM","αὐτῷ·","αὐτῷ","αὐτῷ","αὐτός"
43,14,23,"C",NULL,"Ἐάν","Ἐάν","ἐάν","ἐάν"
43,14,23,"RI","NSM","τις","τις","τὶς","τις"
43,14,23,"V","3PAS-S","ἀγαπᾷ","ἀγαπᾷ","ἀγαπᾷ","ἀγαπάω"
43,14,23,"RP","AS","με","με","με","ἐγώ"
43,14,23,"RA","ASM","τὸν","τὸν","τόν","ὁ"
43,14,23,"N","ASM","λόγον","λόγον","λόγον","λόγος"
43,14,23,"RP","GS","μου","μου","μου","ἐγώ"
43,14,23,"V","3FAI-S","τηρήσει,","τηρήσει","τηρήσει","τηρέω"
43,14,23,"C",NULL,"καὶ","καὶ","καί","καί"
43,14,23,"RA","NSM","ὁ","ὁ","ὁ","ὁ"
43,14,23,"N","NSM","πατήρ","πατήρ","πατήρ","πατήρ"
43,14,23,"RP","GS","μου","μου","μου","ἐγώ"
43,14,23,"V","3FAI-S","ἀγαπήσει","ἀγαπήσει","ἀγαπήσει","ἀγαπάω"
43,14,23,"RP","ASM","αὐτόν,","αὐτόν","αὐτόν","αὐτός"
43,14,23,"C",NULL,"καὶ","καὶ","καί","καί"
43,14,23,"P",NULL,"πρὸς","πρὸς","πρός","πρός"
43,14,23,"RP","ASM","αὐτὸν","αὐτὸν","αὐτόν","αὐτός"
43,14,23,"V","1FMI-P","ἐλευσόμεθα","ἐλευσόμεθα","ἐλευσόμεθα","ἔρχομαι"
43,14,23,"C",NULL,"καὶ","καὶ","καί","καί"
43,14,23,"N","ASF","μονὴν","μονὴν","μονήν","μονή"
43,14,23,"P",NULL,"παρ’","παρ’","παρά","παρά"
43,14,23,"RP","DSM","αὐτῷ","αὐτῷ","αὐτῷ","αὐτός"
43,14,23,"V","1FMI-P","⸀ποιησόμεθα.","ποιησόμεθα","ποιησόμεθα","ποιέω"
43,14,24,"RA","NSM","ὁ","ὁ","ὁ","ὁ"
43,14,24,"D",NULL,"μὴ","μὴ","μή","μή"
43,14,24,"V","PAPNSM","ἀγαπῶν","ἀγαπῶν","ἀγαπῶν","ἀγαπάω"
43,14,24,"RP","AS","με","με","με","ἐγώ"
43,14,24,"RA","APM","τοὺς","τοὺς","τούς","ὁ"
43,14,24,"N","APM","λόγους","λόγους","λόγους","λόγος"
43,14,24,"RP","GS","μου","μου","μου","ἐγώ"
43,14,24,"D",NULL,"οὐ","οὐ","οὐ","οὐ"
43,14,24,"V","3PAI-S","τηρεῖ·","τηρεῖ","τηρεῖ","τηρέω"
43,14,24,"C",NULL,"καὶ","καὶ","καί","καί"
43,14,24,"RA","NSM","ὁ","ὁ","ὁ","ὁ"
43,14,24,"N","NSM","λόγος","λόγος","λόγος","λόγος"
43,14,24,"RR","ASM","ὃν","ὃν","ὅν","ὅς"
43,14,24,"V","2PAI-P","ἀκούετε","ἀκούετε","ἀκούετε","ἀκούω"
43,14,24,"D",NULL,"οὐκ","οὐκ","οὐ","οὐ"
43,14,24,"V","3PAI-S","ἔστιν","ἔστιν","ἐστί(ν)","εἰμί"
43,14,24,"A","NSM","ἐμὸς","ἐμὸς","ἐμός","ἐμός"
43,14,24,"C",NULL,"ἀλλὰ","ἀλλὰ","ἀλλά","ἀλλά"
43,14,24,"RA","GSM","τοῦ","τοῦ","τοῦ","ὁ"
43,14,24,"V","AAPGSM","πέμψαντός","πέμψαντός","πέμψαντος","πέμπω"
43,14,24,"RP","AS","με","με","με","ἐγώ"
43,14,24,"N","GSM","πατρός.","πατρός","πατρός","πατήρ"
43,14,25,"RD","APN","Ταῦτα","Ταῦτα","ταῦτα","οὗτος"
43,14,25,"V","1XAI-S","λελάληκα","λελάληκα","λελάληκα","λαλέω"
43,14,25,"RP","DP","ὑμῖν","ὑμῖν","ὑμῖν","σύ"
43,14,25,"P",NULL,"παρ’","παρ’","παρά","παρά"
43,14,25,"RP","DP","ὑμῖν","ὑμῖν","ὑμῖν","σύ"
43,14,25,"V","PAPNSM","μένων·","μένων","μένων","μένω"
43,14,26,"RA","NSM","ὁ","ὁ","ὁ","ὁ"
43,14,26,"C",NULL,"δὲ","δὲ","δέ","δέ"
43,14,26,"N","NSM","παράκλητος,","παράκλητος","παράκλητος","παράκλητος"
43,14,26,"RA","NSN","τὸ","τὸ","τό","ὁ"
43,14,26,"N","NSN","πνεῦμα","πνεῦμα","πνεῦμα","πνεῦμα"
43,14,26,"RA","NSN","τὸ","τὸ","τό","ὁ"
43,14,26,"A","NSN","ἅγιον","ἅγιον","ἅγιον","ἅγιος"
43,14,26,"RR","ASN","ὃ","ὃ","ὅ","ὅς"
43,14,26,"V","3FAI-S","πέμψει","πέμψει","πέμψει","πέμπω"
43,14,26,"RA","NSM","ὁ","ὁ","ὁ","ὁ"
43,14,26,"N","NSM","πατὴρ","πατὴρ","πατήρ","πατήρ"
43,14,26,"P",NULL,"ἐν","ἐν","ἐν","ἐν"
43,14,26,"RA","DSN","τῷ","τῷ","τῷ","ὁ"
43,14,26,"N","DSN","ὀνόματί","ὀνόματί","ὀνόματι","ὄνομα"
43,14,26,"RP","GS","μου,","μου","μου","ἐγώ"
43,14,26,"RD","NSM","ἐκεῖνος","ἐκεῖνος","ἐκεῖνος","ἐκεῖνος"
43,14,26,"RP","AP","ὑμᾶς","ὑμᾶς","ὑμᾶς","σύ"
43,14,26,"V","3FAI-S","διδάξει","διδάξει","διδάξει","διδάσκω"
43,14,26,"A","APN","πάντα","πάντα","πάντα","πᾶς"
43,14,26,"C",NULL,"καὶ","καὶ","καί","καί"
43,14,26,"V","3FAI-S","ὑπομνήσει","ὑπομνήσει","ὑπομνήσει","ὑπομιμνῄσκω"
43,14,26,"RP","AP","ὑμᾶς","ὑμᾶς","ὑμᾶς","σύ"
43,14,26,"A","APN","πάντα","πάντα","πάντα","πᾶς"
43,14,26,"RR","APN","ἃ","ἃ","ἅ","ὅς"
43,14,26,"V","1AAI-S","εἶπον","εἶπον","εἶπον","λέγω"
43,14,26,"RP","DP","⸀ὑμῖν.","ὑμῖν","ὑμῖν","σύ"
43,14,27,"N","ASF","εἰρήνην","εἰρήνην","εἰρήνην","εἰρήνη"
43,14,27,"V","1PAI-S","ἀφίημι","ἀφίημι","ἀφίημι","ἀφίημι"
43,14,27,"RP","DP","ὑμῖν,","ὑμῖν","ὑμῖν","σύ"
43,14,27,"N","ASF","εἰρήνην","εἰρήνην","εἰρήνην","εἰρήνη"
43,14,27,"RA","ASF","τὴν","τὴν","τήν","ὁ"
43,14,27,"A","ASF","ἐμὴν","ἐμὴν","ἐμήν","ἐμός"
43,14,27,"V","1PAI-S","δίδωμι","δίδωμι","δίδωμι","δίδωμι"
43,14,27,"RP","DP","ὑμῖν·","ὑμῖν","ὑμῖν","σύ"
43,14,27,"D",NULL,"οὐ","οὐ","οὐ","οὐ"
43,14,27,"C",NULL,"καθὼς","καθὼς","καθώς","καθώς"
43,14,27,"RA","NSM","ὁ","ὁ","ὁ","ὁ"
43,14,27,"N","NSM","κόσμος","κόσμος","κόσμος","κόσμος"
43,14,27,"V","3PAI-S","δίδωσιν","δίδωσιν","δίδωσι(ν)","δίδωμι"
43,14,27,"RP","NS","ἐγὼ","ἐγὼ","ἐγώ","ἐγώ"
43,14,27,"V","1PAI-S","δίδωμι","δίδωμι","δίδωμι","δίδωμι"
43,14,27,"RP","DP","ὑμῖν.","ὑμῖν","ὑμῖν","σύ"
43,14,27,"D",NULL,"μὴ","μὴ","μή","μή"
43,14,27,"V","3PPD-S","ταρασσέσθω","ταρασσέσθω","ταρασσέσθω","ταράσσω"
43,14,27,"RP","GP","ὑμῶν","ὑμῶν","ὑμῶν","σύ"
43,14,27,"RA","NSF","ἡ","ἡ","ἡ","ὁ"
43,14,27,"N","NSF","καρδία","καρδία","καρδία","καρδία"
43,14,27,"C",NULL,"μηδὲ","μηδὲ","μηδέ","μηδέ"
43,14,27,"V","3PAD-S","δειλιάτω.","δειλιάτω","δειλιάτω","δειλιάω"
43,14,28,"V","2AAI-P","ἠκούσατε","ἠκούσατε","ἠκούσατε","ἀκούω"
43,14,28,"C",NULL,"ὅτι","ὅτι","ὅτι","ὅτι"
43,14,28,"RP","NS","ἐγὼ","ἐγὼ","ἐγώ","ἐγώ"
43,14,28,"V","1AAI-S","εἶπον","εἶπον","εἶπον","λέγω"
43,14,28,"RP","DP","ὑμῖν·","ὑμῖν","ὑμῖν","σύ"
43,14,28,"V","1PAI-S","Ὑπάγω","Ὑπάγω","ὑπάγω","ὑπάγω"
43,14,28,"C",NULL,"καὶ","καὶ","καί","καί"
43,14,28,"V","1PMI-S","ἔρχομαι","ἔρχομαι","ἔρχομαι","ἔρχομαι"
43,14,28,"P",NULL,"πρὸς","πρὸς","πρός","πρός"
43,14,28,"RP","AP","ὑμᾶς.","ὑμᾶς","ὑμᾶς","σύ"
43,14,28,"C",NULL,"εἰ","εἰ","εἰ","εἰ"
43,14,28,"V","2IAI-P","ἠγαπᾶτέ","ἠγαπᾶτέ","ἠγαπᾶτε","ἀγαπάω"
43,14,28,"RP","AS","με","με","με","ἐγώ"
43,14,28,"V","2API-P","ἐχάρητε","ἐχάρητε","ἐχάρητε","χαίρω"
43,14,28,"X",NULL,"ἄν,","ἄν","ἄν","ἄν"
43,14,28,"C",NULL,"⸀ὅτι","ὅτι","ὅτι","ὅτι"
43,14,28,"V","1PMI-S","πορεύομαι","πορεύομαι","πορεύομαι","πορεύομαι"
43,14,28,"P",NULL,"πρὸς","πρὸς","πρός","πρός"
43,14,28,"RA","ASM","τὸν","τὸν","τόν","ὁ"
43,14,28,"N","ASM","πατέρα,","πατέρα","πατέρα","πατήρ"
43,14,28,"C",NULL,"ὅτι","ὅτι","ὅτι","ὅτι"
43,14,28,"RA","NSM","ὁ","ὁ","ὁ","ὁ"
43,14,28,"N","NSM","⸀πατὴρ","πατὴρ","πατήρ","πατήρ"
43,14,28,"A","NSMC","μείζων","μείζων","μείζων","μέγας"
43,14,28,"RP","GS","μού","μού","μου","ἐγώ"
43,14,28,"V","3PAI-S","ἐστιν.","ἐστιν","ἐστί(ν)","εἰμί"
43,14,29,"C",NULL,"καὶ","καὶ","καί","καί"
43,14,29,"D",NULL,"νῦν","νῦν","νῦν","νῦν"
43,14,29,"V","1XAI-S","εἴρηκα","εἴρηκα","εἴρηκα","λέγω"
43,14,29,"RP","DP","ὑμῖν","ὑμῖν","ὑμῖν","σύ"
43,14,29,"D",NULL,"πρὶν","πρὶν","πρίν","πρίν"
43,14,29,"V","AMN","γενέσθαι,","γενέσθαι","γενέσθαι","γίνομαι"
43,14,29,"C",NULL,"ἵνα","ἵνα","ἵνα","ἵνα"
43,14,29,"C",NULL,"ὅταν","ὅταν","ὅταν","ὅταν"
43,14,29,"V","3AMS-S","γένηται","γένηται","γένηται","γίνομαι"
43,14,29,"V","2AAS-P","πιστεύσητε.","πιστεύσητε","πιστεύσητε","πιστεύω"
43,14,30,"D",NULL,"οὐκέτι","οὐκέτι","οὐκέτι","οὐκέτι"
43,14,30,"A","APN","πολλὰ","πολλὰ","πολλά","πολύς"
43,14,30,"V","1FAI-S","λαλήσω","λαλήσω","λαλήσω","λαλέω"
43,14,30,"P",NULL,"μεθ’","μεθ’","μετά","μετά"
43,14,30,"RP","GP","ὑμῶν,","ὑμῶν","ὑμῶν","σύ"
43,14,30,"V","3PMI-S","ἔρχεται","ἔρχεται","ἔρχεται","ἔρχομαι"
43,14,30,"C",NULL,"γὰρ","γὰρ","γάρ","γάρ"
43,14,30,"RA","NSM","ὁ","ὁ","ὁ","ὁ"
43,14,30,"RA","GSM","τοῦ","τοῦ","τοῦ","ὁ"
43,14,30,"N","GSM","κόσμου","κόσμου","κόσμου","κόσμος"
43,14,30,"N","NSM","ἄρχων·","ἄρχων","ἄρχων","ἄρχων"
43,14,30,"C",NULL,"καὶ","καὶ","καί","καί"
43,14,30,"P",NULL,"ἐν","ἐν","ἐν","ἐν"
43,14,30,"RP","DS","ἐμοὶ","ἐμοὶ","ἐμοί","ἐγώ"
43,14,30,"D",NULL,"οὐκ","οὐκ","οὐ","οὐ"
43,14,30,"V","3PAI-S","ἔχει","ἔχει","ἔχει","ἔχω"
43,14,30,"A","ASN","οὐδέν,","οὐδέν","οὐδέν","οὐδείς"
43,14,31,"C",NULL,"ἀλλ’","ἀλλ’","ἀλλά","ἀλλά"
43,14,31,"C",NULL,"ἵνα","ἵνα","ἵνα","ἵνα"
43,14,31,"V","3AAS-S","γνῷ","γνῷ","γνῷ","γινώσκω"
43,14,31,"RA","NSM","ὁ","ὁ","ὁ","ὁ"
43,14,31,"N","NSM","κόσμος","κόσμος","κόσμος","κόσμος"
43,14,31,"C",NULL,"ὅτι","ὅτι","ὅτι","ὅτι"
43,14,31,"V","1PAI-S","ἀγαπῶ","ἀγαπῶ","ἀγαπῶ","ἀγαπάω"
43,14,31,"RA","ASM","τὸν","τὸν","τόν","ὁ"
43,14,31,"N","ASM","πατέρα,","πατέρα","πατέρα","πατήρ"
43,14,31,"C",NULL,"καὶ","καὶ","καί","καί"
43,14,31,"C",NULL,"καθὼς","καθὼς","καθώς","καθώς"
43,14,31,"V","3AMI-S","⸀ἐνετείλατο","ἐνετείλατο","ἐνετείλατο","ἐντέλλομαι"
43,14,31,"RP","DS","μοι","μοι","μοι","ἐγώ"
43,14,31,"RA","NSM","ὁ","ὁ","ὁ","ὁ"
43,14,31,"N","NSM","πατὴρ","πατὴρ","πατήρ","πατήρ"
43,14,31,"D",NULL,"οὕτως","οὕτως","οὕτω(ς)","οὕτω(ς)"
43,14,31,"V","1PAI-S","ποιῶ.","ποιῶ","ποιῶ","ποιέω"
43,14,31,"V","2PPD-P","Ἐγείρεσθε,","Ἐγείρεσθε","ἐγείρεσθε","ἐγείρω"
43,14,31,"V","1PAS-P","ἄγωμεν","ἄγωμεν","ἄγωμεν","ἄγω"
43,14,31,"D",NULL,"ἐντεῦθεν.","ἐντεῦθεν","ἐντεῦθεν","ἐντεῦθεν"
43,15,01,"RP","NS","Ἐγώ","Ἐγώ","ἐγώ","ἐγώ"
43,15,01,"V","1PAI-S","εἰμι","εἰμι","εἰμί","εἰμί"
43,15,01,"RA","NSF","ἡ","ἡ","ἡ","ὁ"
43,15,01,"N","NSF","ἄμπελος","ἄμπελος","ἄμπελος","ἄμπελος"
43,15,01,"RA","NSF","ἡ","ἡ","ἡ","ὁ"
43,15,01,"A","NSF","ἀληθινή,","ἀληθινή","ἀληθινή","ἀληθινός"
43,15,01,"C",NULL,"καὶ","καὶ","καί","καί"
43,15,01,"RA","NSM","ὁ","ὁ","ὁ","ὁ"
43,15,01,"N","NSM","πατήρ","πατήρ","πατήρ","πατήρ"
43,15,01,"RP","GS","μου","μου","μου","ἐγώ"
43,15,01,"RA","NSM","ὁ","ὁ","ὁ","ὁ"
43,15,01,"N","NSM","γεωργός","γεωργός","γεωργός","γεωργός"
43,15,01,"V","3PAI-S","ἐστιν·","ἐστιν","ἐστί(ν)","εἰμί"
43,15,02,"A","ASN","πᾶν","πᾶν","πᾶν","πᾶς"
43,15,02,"N","ASN","κλῆμα","κλῆμα","κλῆμα","κλῆμα"
43,15,02,"P",NULL,"ἐν","ἐν","ἐν","ἐν"
43,15,02,"RP","DS","ἐμοὶ","ἐμοὶ","ἐμοί","ἐγώ"
43,15,02,"D",NULL,"μὴ","μὴ","μή","μή"
43,15,02,"V","PAPASN","φέρον","φέρον","φέρον","φέρω"
43,15,02,"N","ASM","καρπὸν","καρπὸν","καρπόν","καρπός"
43,15,02,"V","3PAI-S","αἴρει","αἴρει","αἴρει","αἴρω"
43,15,02,"RP","ASN","αὐτό,","αὐτό","αὐτό","αὐτός"
43,15,02,"C",NULL,"καὶ","καὶ","καί","καί"
43,15,02,"A","ASN","πᾶν","πᾶν","πᾶν","πᾶς"
43,15,02,"RA","ASN","τὸ","τὸ","τό","ὁ"
43,15,02,"N","ASM","καρπὸν","καρπὸν","καρπόν","καρπός"
43,15,02,"V","PAPASN","φέρον","φέρον","φέρον","φέρω"
43,15,02,"V","3PAI-S","καθαίρει","καθαίρει","καθαίρει","καθαίρω"
43,15,02,"RP","ASN","αὐτὸ","αὐτὸ","αὐτό","αὐτός"
43,15,02,"C",NULL,"ἵνα","ἵνα","ἵνα","ἵνα"
43,15,02,"N","ASM","⸂καρπὸν","καρπὸν","καρπόν","καρπός"
43,15,02,"A","ASMC","πλείονα⸃","πλείονα","πλείονα","πολύς"
43,15,02,"V","3PAS-S","φέρῃ.","φέρῃ","φέρῃ","φέρω"
43,15,03,"D",NULL,"ἤδη","ἤδη","ἤδη","ἤδη"
43,15,03,"RP","NP","ὑμεῖς","ὑμεῖς","ὑμεῖς","σύ"
43,15,03,"A","NPM","καθαροί","καθαροί","καθαροί","καθαρός"
43,15,03,"V","2PAI-P","ἐστε","ἐστε","ἐστέ","εἰμί"
43,15,03,"P",NULL,"διὰ","διὰ","διά","διά"
43,15,03,"RA","ASM","τὸν","τὸν","τόν","ὁ"
43,15,03,"N","ASM","λόγον","λόγον","λόγον","λόγος"
43,15,03,"RR","ASM","ὃν","ὃν","ὅν","ὅς"
43,15,03,"V","1XAI-S","λελάληκα","λελάληκα","λελάληκα","λαλέω"
43,15,03,"RP","DP","ὑμῖν·","ὑμῖν","ὑμῖν","σύ"
43,15,04,"V","2AAD-P","μείνατε","μείνατε","μείνατε","μένω"
43,15,04,"P",NULL,"ἐν","ἐν","ἐν","ἐν"
43,15,04,"RP","DS","ἐμοί,","ἐμοί","ἐμοί","ἐγώ"
43,15,04,"RP","NS","κἀγὼ","κἀγὼ","κἀγώ","κἀγώ"
43,15,04,"P",NULL,"ἐν","ἐν","ἐν","ἐν"
43,15,04,"RP","DP","ὑμῖν.","ὑμῖν","ὑμῖν","σύ"
43,15,04,"C",NULL,"καθὼς","καθὼς","καθώς","καθώς"
43,15,04,"RA","NSN","τὸ","τὸ","τό","ὁ"
43,15,04,"N","NSN","κλῆμα","κλῆμα","κλῆμα","κλῆμα"
43,15,04,"D",NULL,"οὐ","οὐ","οὐ","οὐ"
43,15,04,"V","3PMI-S","δύναται","δύναται","δύναται","δύναμαι"
43,15,04,"N","ASM","καρπὸν","καρπὸν","καρπόν","καρπός"
43,15,04,"V","PAN","φέρειν","φέρειν","φέρειν","φέρω"
43,15,04,"P",NULL,"ἀφ’","ἀφ’","ἀπό","ἀπό"
43,15,04,"RP","GSN","ἑαυτοῦ","ἑαυτοῦ","ἑαυτοῦ","ἑαυτοῦ"
43,15,04,"C",NULL,"ἐὰν","ἐὰν","ἐάν","ἐάν"
43,15,04,"D",NULL,"μὴ","μὴ","μή","μή"
43,15,04,"V","3PAS-S","⸀μένῃ","μένῃ","μένῃ","μένω"
43,15,04,"P",NULL,"ἐν","ἐν","ἐν","ἐν"
43,15,04,"RA","DSF","τῇ","τῇ","τῇ","ὁ"
43,15,04,"N","DSF","ἀμπέλῳ,","ἀμπέλῳ","ἀμπέλῳ","ἄμπελος"
43,15,04,"D",NULL,"οὕτως","οὕτως","οὕτω(ς)","οὕτω(ς)"
43,15,04,"D",NULL,"οὐδὲ","οὐδὲ","οὐδέ","οὐδέ"
43,15,04,"RP","NP","ὑμεῖς","ὑμεῖς","ὑμεῖς","σύ"
43,15,04,"C",NULL,"ἐὰν","ἐὰν","ἐάν","ἐάν"
43,15,04,"D",NULL,"μὴ","μὴ","μή","μή"
43,15,04,"P",NULL,"ἐν","ἐν","ἐν","ἐν"
43,15,04,"RP","DS","ἐμοὶ","ἐμοὶ","ἐμοί","ἐγώ"
43,15,04,"V","2PAS-P","⸀μένητε.","μένητε","μένητε","μένω"
43,15,05,"RP","NS","ἐγώ","ἐγώ","ἐγώ","ἐγώ"
43,15,05,"V","1PAI-S","εἰμι","εἰμι","εἰμί","εἰμί"
43,15,05,"RA","NSF","ἡ","ἡ","ἡ","ὁ"
43,15,05,"N","NSF","ἄμπελος,","ἄμπελος","ἄμπελος","ἄμπελος"
43,15,05,"RP","NP","ὑμεῖς","ὑμεῖς","ὑμεῖς","σύ"
43,15,05,"RA","NPN","τὰ","τὰ","τά","ὁ"
43,15,05,"N","NPN","κλήματα.","κλήματα","κλήματα","κλῆμα"
43,15,05,"RA","NSM","ὁ","ὁ","ὁ","ὁ"
43,15,05,"V","PAPNSM","μένων","μένων","μένων","μένω"
43,15,05,"P",NULL,"ἐν","ἐν","ἐν","ἐν"
43,15,05,"RP","DS","ἐμοὶ","ἐμοὶ","ἐμοί","ἐγώ"
43,15,05,"RP","NS","κἀγὼ","κἀγὼ","κἀγώ","κἀγώ"
43,15,05,"P",NULL,"ἐν","ἐν","ἐν","ἐν"
43,15,05,"RP","DSM","αὐτῷ","αὐτῷ","αὐτῷ","αὐτός"
43,15,05,"RD","NSM","οὗτος","οὗτος","οὗτος","οὗτος"
43,15,05,"V","3PAI-S","φέρει","φέρει","φέρει","φέρω"
43,15,05,"N","ASM","καρπὸν","καρπὸν","καρπόν","καρπός"
43,15,05,"A","ASM","πολύν,","πολύν","πολύν","πολύς"
43,15,05,"C",NULL,"ὅτι","ὅτι","ὅτι","ὅτι"
43,15,05,"P",NULL,"χωρὶς","χωρὶς","χωρίς","χωρίς"
43,15,05,"RP","GS","ἐμοῦ","ἐμοῦ","ἐμοῦ","ἐγώ"
43,15,05,"D",NULL,"οὐ","οὐ","οὐ","οὐ"
43,15,05,"V","2PMI-P","δύνασθε","δύνασθε","δύνασθε","δύναμαι"
43,15,05,"V","PAN","ποιεῖν","ποιεῖν","ποιεῖν","ποιέω"
43,15,05,"A","ASN","οὐδέν.","οὐδέν","οὐδέν","οὐδείς"
43,15,06,"C",NULL,"ἐὰν","ἐὰν","ἐάν","ἐάν"
43,15,06,"D",NULL,"μή","μή","μή","μή"
43,15,06,"RI","NSM","τις","τις","τὶς","τις"
43,15,06,"V","3PAS-S","⸀μένῃ","μένῃ","μένῃ","μένω"
43,15,06,"P",NULL,"ἐν","ἐν","ἐν","ἐν"
43,15,06,"RP","DS","ἐμοί,","ἐμοί","ἐμοί","ἐγώ"
43,15,06,"V","3API-S","ἐβλήθη","ἐβλήθη","ἐβλήθη","βάλλω"
43,15,06,"D",NULL,"ἔξω","ἔξω","ἔξω","ἔξω"
43,15,06,"C",NULL,"ὡς","ὡς","ὡς","ὡς"
43,15,06,"RA","NSN","τὸ","τὸ","τό","ὁ"
43,15,06,"N","NSN","κλῆμα","κλῆμα","κλῆμα","κλῆμα"
43,15,06,"C",NULL,"καὶ","καὶ","καί","καί"
43,15,06,"V","3API-S","ἐξηράνθη,","ἐξηράνθη","ἐξηράνθη","ξηραίνω"
43,15,06,"C",NULL,"καὶ","καὶ","καί","καί"
43,15,06,"V","3PAI-P","συνάγουσιν","συνάγουσιν","συνάγουσι(ν)","συνάγω"
43,15,06,"RP","APN","αὐτὰ","αὐτὰ","αὐτά","αὐτός"
43,15,06,"C",NULL,"καὶ","καὶ","καί","καί"
43,15,06,"P",NULL,"εἰς","εἰς","εἰς","εἰς"
43,15,06,"RA","ASN","τὸ","τὸ","τό","ὁ"
43,15,06,"N","ASN","πῦρ","πῦρ","πῦρ","πῦρ"
43,15,06,"V","3PAI-P","βάλλουσιν","βάλλουσιν","βάλλουσι(ν)","βάλλω"
43,15,06,"C",NULL,"καὶ","καὶ","καί","καί"
43,15,06,"V","3PPI-S","καίεται.","καίεται","καίεται","καίω"
43,15,07,"C",NULL,"ἐὰν","ἐὰν","ἐάν","ἐάν"
43,15,07,"V","2AAS-P","μείνητε","μείνητε","μείνητε","μένω"
43,15,07,"P",NULL,"ἐν","ἐν","ἐν","ἐν"
43,15,07,"RP","DS","ἐμοὶ","ἐμοὶ","ἐμοί","ἐγώ"
43,15,07,"C",NULL,"καὶ","καὶ","καί","καί"
43,15,07,"RA","NPN","τὰ","τὰ","τά","ὁ"
43,15,07,"N","NPN","ῥήματά","ῥήματά","ῥήματα","ῥῆμα"
43,15,07,"RP","GS","μου","μου","μου","ἐγώ"
43,15,07,"P",NULL,"ἐν","ἐν","ἐν","ἐν"
43,15,07,"RP","DP","ὑμῖν","ὑμῖν","ὑμῖν","σύ"
43,15,07,"V","3AAS-S","μείνῃ,","μείνῃ","μείνῃ","μένω"
43,15,07,"RR","ASN","ὃ","ὃ","ὅ","ὅς"
43,15,07,"X",NULL,"ἐὰν","ἐὰν","ἐάν","ἐάν"
43,15,07,"V","2PAS-P","θέλητε","θέλητε","θέλητε","θέλω"
43,15,07,"V","2AMD-P","⸀αἰτήσασθε","αἰτήσασθε","αἰτήσασθε","αἰτέω"
43,15,07,"C",NULL,"καὶ","καὶ","καί","καί"
43,15,07,"V","3FMI-S","γενήσεται","γενήσεται","γενήσεται","γίνομαι"
43,15,07,"RP","DP","ὑμῖν·","ὑμῖν","ὑμῖν","σύ"
43,15,08,"P",NULL,"ἐν","ἐν","ἐν","ἐν"
43,15,08,"RD","DSN","τούτῳ","τούτῳ","τούτῳ","οὗτος"
43,15,08,"V","3API-S","ἐδοξάσθη","ἐδοξάσθη","ἐδοξάσθη","δοξάζω"
43,15,08,"RA","NSM","ὁ","ὁ","ὁ","ὁ"
43,15,08,"N","NSM","πατήρ","πατήρ","πατήρ","πατήρ"
43,15,08,"RP","GS","μου","μου","μου","ἐγώ"
43,15,08,"D",NULL,"ἵνα","ἵνα","ἵνα","ἵνα"
43,15,08,"N","ASM","καρπὸν","καρπὸν","καρπόν","καρπός"
43,15,08,"A","ASM","πολὺν","πολὺν","πολύν","πολύς"
43,15,08,"V","2PAS-P","φέρητε","φέρητε","φέρητε","φέρω"
43,15,08,"C",NULL,"καὶ","καὶ","καί","καί"
43,15,08,"V","2AMS-P","⸀γένησθε","γένησθε","γένησθε","γίνομαι"
43,15,08,"A","NPM","ἐμοὶ","ἐμοὶ","ἐμοί","ἐμός"
43,15,08,"N","NPM","μαθηταί.","μαθηταί","μαθηταί","μαθητής"
43,15,09,"C",NULL,"καθὼς","καθὼς","καθώς","καθώς"
43,15,09,"V","3AAI-S","ἠγάπησέν","ἠγάπησέν","ἠγάπησε(ν)","ἀγαπάω"
43,15,09,"RP","AS","με","με","με","ἐγώ"
43,15,09,"RA","NSM","ὁ","ὁ","ὁ","ὁ"
43,15,09,"N","NSM","πατήρ,","πατήρ","πατήρ","πατήρ"
43,15,09,"RP","NS","κἀγὼ","κἀγὼ","κἀγώ","κἀγώ"
43,15,09,"RP","AP","⸂ὑμᾶς","ὑμᾶς","ὑμᾶς","σύ"
43,15,09,"V","1AAI-S","ἠγάπησα⸃,","ἠγάπησα","ἠγάπησα","ἀγαπάω"
43,15,09,"V","2AAD-P","μείνατε","μείνατε","μείνατε","μένω"
43,15,09,"P",NULL,"ἐν","ἐν","ἐν","ἐν"
43,15,09,"RA","DSF","τῇ","τῇ","τῇ","ὁ"
43,15,09,"N","DSF","ἀγάπῃ","ἀγάπῃ","ἀγάπῃ","ἀγάπη"
43,15,09,"RA","DSF","τῇ","τῇ","τῇ","ὁ"
43,15,09,"A","DSF","ἐμῇ.","ἐμῇ","ἐμῇ","ἐμός"
43,15,10,"C",NULL,"ἐὰν","ἐὰν","ἐάν","ἐάν"
43,15,10,"RA","APF","τὰς","τὰς","τάς","ὁ"
43,15,10,"N","APF","ἐντολάς","ἐντολάς","ἐντολάς","ἐντολή"
43,15,10,"RP","GS","μου","μου","μου","ἐγώ"
43,15,10,"V","2AAS-P","τηρήσητε,","τηρήσητε","τηρήσητε","τηρέω"
43,15,10,"V","2FAI-P","μενεῖτε","μενεῖτε","μενεῖτε","μένω"
43,15,10,"P",NULL,"ἐν","ἐν","ἐν","ἐν"
43,15,10,"RA","DSF","τῇ","τῇ","τῇ","ὁ"
43,15,10,"N","DSF","ἀγάπῃ","ἀγάπῃ","ἀγάπῃ","ἀγάπη"
43,15,10,"RP","GS","μου,","μου","μου","ἐγώ"
43,15,10,"C",NULL,"καθὼς","καθὼς","καθώς","καθώς"
43,15,10,"RP","NS","ἐγὼ","ἐγὼ","ἐγώ","ἐγώ"
43,15,10,"RA","APF","⸂τὰς","τὰς","τάς","ὁ"
43,15,10,"N","APF","ἐντολὰς","ἐντολὰς","ἐντολάς","ἐντολή"
43,15,10,"RA","GSM","τοῦ","τοῦ","τοῦ","ὁ"
43,15,10,"N","GSM","πατρός","πατρός","πατρός","πατήρ"
43,15,10,"RP","GS","μου⸃","μου","μου","ἐγώ"
43,15,10,"V","1XAI-S","τετήρηκα","τετήρηκα","τετήρηκα","τηρέω"
43,15,10,"C",NULL,"καὶ","καὶ","καί","καί"
43,15,10,"V","1PAI-S","μένω","μένω","μένω","μένω"
43,15,10,"RP","GSM","αὐτοῦ","αὐτοῦ","αὐτοῦ","αὐτός"
43,15,10,"P",NULL,"ἐν","ἐν","ἐν","ἐν"
43,15,10,"RA","DSF","τῇ","τῇ","τῇ","ὁ"
43,15,10,"N","DSF","ἀγάπῃ.","ἀγάπῃ","ἀγάπῃ","ἀγάπη"
43,15,11,"RD","APN","ταῦτα","ταῦτα","ταῦτα","οὗτος"
43,15,11,"V","1XAI-S","λελάληκα","λελάληκα","λελάληκα","λαλέω"
43,15,11,"RP","DP","ὑμῖν","ὑμῖν","ὑμῖν","σύ"
43,15,11,"C",NULL,"ἵνα","ἵνα","ἵνα","ἵνα"
43,15,11,"RA","NSF","ἡ","ἡ","ἡ","ὁ"
43,15,11,"N","NSF","χαρὰ","χαρὰ","χαρά","χαρά"
43,15,11,"RA","NSF","ἡ","ἡ","ἡ","ὁ"
43,15,11,"A","NSF","ἐμὴ","ἐμὴ","ἐμή","ἐμός"
43,15,11,"P",NULL,"ἐν","ἐν","ἐν","ἐν"
43,15,11,"RP","DP","ὑμῖν","ὑμῖν","ὑμῖν","σύ"
43,15,11,"V","3PAS-S","⸀ᾖ","ᾖ","ᾖ","εἰμί"
43,15,11,"C",NULL,"καὶ","καὶ","καί","καί"
43,15,11,"RA","NSF","ἡ","ἡ","ἡ","ὁ"
43,15,11,"N","NSF","χαρὰ","χαρὰ","χαρά","χαρά"
43,15,11,"RP","GP","ὑμῶν","ὑμῶν","ὑμῶν","σύ"
43,15,11,"V","3APS-S","πληρωθῇ.","πληρωθῇ","πληρωθῇ","πληρόω"
43,15,12,"RD","NSF","Αὕτη","Αὕτη","αὕτη","οὗτος"
43,15,12,"V","3PAI-S","ἐστὶν","ἐστὶν","ἐστί(ν)","εἰμί"
43,15,12,"RA","NSF","ἡ","ἡ","ἡ","ὁ"
43,15,12,"N","NSF","ἐντολὴ","ἐντολὴ","ἐντολή","ἐντολή"
43,15,12,"RA","NSF","ἡ","ἡ","ἡ","ὁ"
43,15,12,"A","NSF","ἐμὴ","ἐμὴ","ἐμή","ἐμός"
43,15,12,"D",NULL,"ἵνα","ἵνα","ἵνα","ἵνα"
43,15,12,"V","2PAS-P","ἀγαπᾶτε","ἀγαπᾶτε","ἀγαπᾶτε","ἀγαπάω"
43,15,12,"RP","APM","ἀλλήλους","ἀλλήλους","ἀλλήλους","ἀλλήλων"
43,15,12,"C",NULL,"καθὼς","καθὼς","καθώς","καθώς"
43,15,12,"V","1AAI-S","ἠγάπησα","ἠγάπησα","ἠγάπησα","ἀγαπάω"
43,15,12,"RP","AP","ὑμᾶς·","ὑμᾶς","ὑμᾶς","σύ"
43,15,13,"A","ASFC","μείζονα","μείζονα","μείζονα","μέγας"
43,15,13,"RD","GSF","ταύτης","ταύτης","ταύτης","οὗτος"
43,15,13,"N","ASF","ἀγάπην","ἀγάπην","ἀγάπην","ἀγάπη"
43,15,13,"A","NSM","οὐδεὶς","οὐδεὶς","οὐδείς","οὐδείς"
43,15,13,"V","3PAI-S","ἔχει,","ἔχει","ἔχει","ἔχω"
43,15,13,"C",NULL,"ἵνα","ἵνα","ἵνα","ἵνα"
43,15,13,"RI","NSM","τις","τις","τὶς","τις"
43,15,13,"RA","ASF","τὴν","τὴν","τήν","ὁ"
43,15,13,"N","ASF","ψυχὴν","ψυχὴν","ψυχήν","ψυχή"
43,15,13,"RP","GSM","αὐτοῦ","αὐτοῦ","αὐτοῦ","αὐτός"
43,15,13,"V","3AAS-S","θῇ","θῇ","θῇ","τίθημι"
43,15,13,"P",NULL,"ὑπὲρ","ὑπὲρ","ὑπέρ","ὑπέρ"
43,15,13,"RA","GPM","τῶν","τῶν","τῶν","ὁ"
43,15,13,"A","GPM","φίλων","φίλων","φίλων","φίλος"
43,15,13,"RP","GSM","αὐτοῦ.","αὐτοῦ","αὐτοῦ","αὐτός"
43,15,14,"RP","NP","ὑμεῖς","ὑμεῖς","ὑμεῖς","σύ"
43,15,14,"A","NPM","φίλοι","φίλοι","φίλοι","φίλος"
43,15,14,"RP","GS","μού","μού","μου","ἐγώ"
43,15,14,"V","2PAI-P","ἐστε","ἐστε","ἐστέ","εἰμί"
43,15,14,"C",NULL,"ἐὰν","ἐὰν","ἐάν","ἐάν"
43,15,14,"V","2PAS-P","ποιῆτε","ποιῆτε","ποιῆτε","ποιέω"
43,15,14,"RR","APN","⸀ἃ","ἃ","ἅ","ὅς"
43,15,14,"RP","NS","ἐγὼ","ἐγὼ","ἐγώ","ἐγώ"
43,15,14,"V","1PMI-S","ἐντέλλομαι","ἐντέλλομαι","ἐντέλλομαι","ἐντέλλομαι"
43,15,14,"RP","DP","ὑμῖν.","ὑμῖν","ὑμῖν","σύ"
43,15,15,"D",NULL,"οὐκέτι","οὐκέτι","οὐκέτι","οὐκέτι"
43,15,15,"V","1PAI-S","⸂λέγω","λέγω","λέγω","λέγω"
43,15,15,"RP","AP","ὑμᾶς⸃","ὑμᾶς","ὑμᾶς","σύ"
43,15,15,"N","APM","δούλους,","δούλους","δούλους","δοῦλος"
43,15,15,"C",NULL,"ὅτι","ὅτι","ὅτι","ὅτι"
43,15,15,"RA","NSM","ὁ","ὁ","ὁ","ὁ"
43,15,15,"N","NSM","δοῦλος","δοῦλος","δοῦλος","δοῦλος"
43,15,15,"D",NULL,"οὐκ","οὐκ","οὐ","οὐ"
43,15,15,"V","3XAI-S","οἶδεν","οἶδεν","οἶδε(ν)","οἶδα"
43,15,15,"RI","ASN","τί","τί","τί","τίς"
43,15,15,"V","3PAI-S","ποιεῖ","ποιεῖ","ποιεῖ","ποιέω"
43,15,15,"RP","GSM","αὐτοῦ","αὐτοῦ","αὐτοῦ","αὐτός"
43,15,15,"RA","NSM","ὁ","ὁ","ὁ","ὁ"
43,15,15,"N","NSM","κύριος·","κύριος","κύριος","κύριος"
43,15,15,"RP","AP","ὑμᾶς","ὑμᾶς","ὑμᾶς","σύ"
43,15,15,"C",NULL,"δὲ","δὲ","δέ","δέ"
43,15,15,"V","1XAI-S","εἴρηκα","εἴρηκα","εἴρηκα","λέγω"
43,15,15,"A","APM","φίλους,","φίλους","φίλους","φίλος"
43,15,15,"C",NULL,"ὅτι","ὅτι","ὅτι","ὅτι"
43,15,15,"A","APN","πάντα","πάντα","πάντα","πᾶς"
43,15,15,"RR","APN","ἃ","ἃ","ἅ","ὅς"
43,15,15,"V","1AAI-S","ἤκουσα","ἤκουσα","ἤκουσα","ἀκούω"
43,15,15,"P",NULL,"παρὰ","παρὰ","παρά","παρά"
43,15,15,"RA","GSM","τοῦ","τοῦ","τοῦ","ὁ"
43,15,15,"N","GSM","πατρός","πατρός","πατρός","πατήρ"
43,15,15,"RP","GS","μου","μου","μου","ἐγώ"
43,15,15,"V","1AAI-S","ἐγνώρισα","ἐγνώρισα","ἐγνώρισα","γνωρίζω"
43,15,15,"RP","DP","ὑμῖν.","ὑμῖν","ὑμῖν","σύ"
43,15,16,"D",NULL,"οὐχ","οὐχ","οὐ","οὐ"
43,15,16,"RP","NP","ὑμεῖς","ὑμεῖς","ὑμεῖς","σύ"
43,15,16,"RP","AS","με","με","με","ἐγώ"
43,15,16,"V","2AMI-P","ἐξελέξασθε,","ἐξελέξασθε","ἐξελέξασθε","ἐκλέγομαι"
43,15,16,"C",NULL,"ἀλλ’","ἀλλ’","ἀλλά","ἀλλά"
43,15,16,"RP","NS","ἐγὼ","ἐγὼ","ἐγώ","ἐγώ"
43,15,16,"V","1AMI-S","ἐξελεξάμην","ἐξελεξάμην","ἐξελεξάμην","ἐκλέγομαι"
43,15,16,"RP","AP","ὑμᾶς,","ὑμᾶς","ὑμᾶς","σύ"
43,15,16,"C",NULL,"καὶ","καὶ","καί","καί"
43,15,16,"V","1AAI-S","ἔθηκα","ἔθηκα","ἔθηκα","τίθημι"
43,15,16,"RP","AP","ὑμᾶς","ὑμᾶς","ὑμᾶς","σύ"
43,15,16,"C",NULL,"ἵνα","ἵνα","ἵνα","ἵνα"
43,15,16,"RP","NP","ὑμεῖς","ὑμεῖς","ὑμεῖς","σύ"
43,15,16,"V","2PAS-P","ὑπάγητε","ὑπάγητε","ὑπάγητε","ὑπάγω"
43,15,16,"C",NULL,"καὶ","καὶ","καί","καί"
43,15,16,"N","ASM","καρπὸν","καρπὸν","καρπόν","καρπός"
43,15,16,"V","2PAS-P","φέρητε","φέρητε","φέρητε","φέρω"
43,15,16,"C",NULL,"καὶ","καὶ","καί","καί"
43,15,16,"RA","NSM","ὁ","ὁ","ὁ","ὁ"
43,15,16,"N","NSM","καρπὸς","καρπὸς","καρπός","καρπός"
43,15,16,"RP","GP","ὑμῶν","ὑμῶν","ὑμῶν","σύ"
43,15,16,"V","3PAS-S","μένῃ,","μένῃ","μένῃ","μένω"
43,15,16,"C",NULL,"ἵνα","ἵνα","ἵνα","ἵνα"
43,15,16,"RR","ASN","ὅ","ὅ","ὅ","ὅς"
43,15,16,"RI","ASN","τι","τι","τὶ","τις"
43,15,16,"X",NULL,"ἂν","ἂν","ἄν","ἄν"
43,15,16,"V","2AAS-P","αἰτήσητε","αἰτήσητε","αἰτήσητε","αἰτέω"
43,15,16,"RA","ASM","τὸν","τὸν","τόν","ὁ"
43,15,16,"N","ASM","πατέρα","πατέρα","πατέρα","πατήρ"
43,15,16,"P",NULL,"ἐν","ἐν","ἐν","ἐν"
43,15,16,"RA","DSN","τῷ","τῷ","τῷ","ὁ"
43,15,16,"N","DSN","ὀνόματί","ὀνόματί","ὀνόματι","ὄνομα"
43,15,16,"RP","GS","μου","μου","μου","ἐγώ"
43,15,16,"V","3AAS-S","δῷ","δῷ","δῷ","δίδωμι"
43,15,16,"RP","DP","ὑμῖν.","ὑμῖν","ὑμῖν","σύ"
43,15,17,"RD","APN","ταῦτα","ταῦτα","ταῦτα","οὗτος"
43,15,17,"V","1PMI-S","ἐντέλλομαι","ἐντέλλομαι","ἐντέλλομαι","ἐντέλλομαι"
43,15,17,"RP","DP","ὑμῖν","ὑμῖν","ὑμῖν","σύ"
43,15,17,"D",NULL,"ἵνα","ἵνα","ἵνα","ἵνα"
43,15,17,"V","2PAS-P","ἀγαπᾶτε","ἀγαπᾶτε","ἀγαπᾶτε","ἀγαπάω"
43,15,17,"RP","APM","ἀλλήλους.","ἀλλήλους","ἀλλήλους","ἀλλήλων"
43,15,18,"C",NULL,"Εἰ","Εἰ","εἰ","εἰ"
43,15,18,"RA","NSM","ὁ","ὁ","ὁ","ὁ"
43,15,18,"N","NSM","κόσμος","κόσμος","κόσμος","κόσμος"
43,15,18,"RP","AP","ὑμᾶς","ὑμᾶς","ὑμᾶς","σύ"
43,15,18,"V","3PAI-S","μισεῖ,","μισεῖ","μισεῖ","μισέω"
43,15,18,"V","2PAI-P","γινώσκετε","γινώσκετε","γινώσκετε","γινώσκω"
43,15,18,"C",NULL,"ὅτι","ὅτι","ὅτι","ὅτι"
43,15,18,"RP","AS","ἐμὲ","ἐμὲ","ἐμέ","ἐγώ"
43,15,18,"A","ASN","πρῶτον","πρῶτον","πρῶτον","πρῶτος"
43,15,18,"RP","GP","⸀ὑμῶν","ὑμῶν","ὑμῶν","σύ"
43,15,18,"V","3XAI-S","μεμίσηκεν.","μεμίσηκεν","μεμίσηκε(ν)","μισέω"
43,15,19,"C",NULL,"εἰ","εἰ","εἰ","εἰ"
43,15,19,"P",NULL,"ἐκ","ἐκ","ἐκ","ἐκ"
43,15,19,"RA","GSM","τοῦ","τοῦ","τοῦ","ὁ"
43,15,19,"N","GSM","κόσμου","κόσμου","κόσμου","κόσμος"
43,15,19,"V","2IAI-P","ἦτε,","ἦτε","ἦτε","εἰμί"
43,15,19,"RA","NSM","ὁ","ὁ","ὁ","ὁ"
43,15,19,"N","NSM","κόσμος","κόσμος","κόσμος","κόσμος"
43,15,19,"X",NULL,"ἂν","ἂν","ἄν","ἄν"
43,15,19,"RA","ASN","τὸ","τὸ","τό","ὁ"
43,15,19,"A","ASN","ἴδιον","ἴδιον","ἴδιον","ἴδιος"
43,15,19,"V","3IAI-S","ἐφίλει·","ἐφίλει","ἐφίλει","φιλέω"
43,15,19,"C",NULL,"ὅτι","ὅτι","ὅτι","ὅτι"
43,15,19,"C",NULL,"δὲ","δὲ","δέ","δέ"
43,15,19,"P",NULL,"ἐκ","ἐκ","ἐκ","ἐκ"
43,15,19,"RA","GSM","τοῦ","τοῦ","τοῦ","ὁ"
43,15,19,"N","GSM","κόσμου","κόσμου","κόσμου","κόσμος"
43,15,19,"D",NULL,"οὐκ","οὐκ","οὐ","οὐ"
43,15,19,"V","2PAI-P","ἐστέ,","ἐστέ","ἐστέ","εἰμί"
43,15,19,"C",NULL,"ἀλλ’","ἀλλ’","ἀλλά","ἀλλά"
43,15,19,"RP","NS","ἐγὼ","ἐγὼ","ἐγώ","ἐγώ"
43,15,19,"V","1AMI-S","ἐξελεξάμην","ἐξελεξάμην","ἐξελεξάμην","ἐκλέγομαι"
43,15,19,"RP","AP","ὑμᾶς","ὑμᾶς","ὑμᾶς","σύ"
43,15,19,"P",NULL,"ἐκ","ἐκ","ἐκ","ἐκ"
43,15,19,"RA","GSM","τοῦ","τοῦ","τοῦ","ὁ"
43,15,19,"N","GSM","κόσμου,","κόσμου","κόσμου","κόσμος"
43,15,19,"P",NULL,"διὰ","διὰ","διά","διά"
43,15,19,"RD","ASN","τοῦτο","τοῦτο","τοῦτο","οὗτος"
43,15,19,"V","3PAI-S","μισεῖ","μισεῖ","μισεῖ","μισέω"
43,15,19,"RP","AP","ὑμᾶς","ὑμᾶς","ὑμᾶς","σύ"
43,15,19,"RA","NSM","ὁ","ὁ","ὁ","ὁ"
43,15,19,"N","NSM","κόσμος.","κόσμος","κόσμος","κόσμος"
43,15,20,"V","2PAD-P","μνημονεύετε","μνημονεύετε","μνημονεύετε","μνημονεύω"
43,15,20,"RA","GSM","τοῦ","τοῦ","τοῦ","ὁ"
43,15,20,"N","GSM","λόγου","λόγου","λόγου","λόγος"
43,15,20,"RR","GSM","οὗ","οὗ","οὗ","ὅς"
43,15,20,"RP","NS","ἐγὼ","ἐγὼ","ἐγώ","ἐγώ"
43,15,20,"V","1AAI-S","εἶπον","εἶπον","εἶπον","λέγω"
43,15,20,"RP","DP","ὑμῖν·","ὑμῖν","ὑμῖν","σύ"
43,15,20,"D",NULL,"Οὐκ","Οὐκ","οὐ","οὐ"
43,15,20,"V","3PAI-S","ἔστιν","ἔστιν","ἐστί(ν)","εἰμί"
43,15,20,"N","NSM","δοῦλος","δοῦλος","δοῦλος","δοῦλος"
43,15,20,"A","NSMC","μείζων","μείζων","μείζων","μέγας"
43,15,20,"RA","GSM","τοῦ","τοῦ","τοῦ","ὁ"
43,15,20,"N","GSM","κυρίου","κυρίου","κυρίου","κύριος"
43,15,20,"RP","GSM","αὐτοῦ·","αὐτοῦ","αὐτοῦ","αὐτός"
43,15,20,"C",NULL,"εἰ","εἰ","εἰ","εἰ"
43,15,20,"RP","AS","ἐμὲ","ἐμὲ","ἐμέ","ἐγώ"
43,15,20,"V","3AAI-P","ἐδίωξαν,","ἐδίωξαν","ἐδίωξαν","διώκω"
43,15,20,"D",NULL,"καὶ","καὶ","καί","καί"
43,15,20,"RP","AP","ὑμᾶς","ὑμᾶς","ὑμᾶς","σύ"
43,15,20,"V","3FAI-P","διώξουσιν·","διώξουσιν","διώξουσι(ν)","διώκω"
43,15,20,"C",NULL,"εἰ","εἰ","εἰ","εἰ"
43,15,20,"RA","ASM","τὸν","τὸν","τόν","ὁ"
43,15,20,"N","ASM","λόγον","λόγον","λόγον","λόγος"
43,15,20,"RP","GS","μου","μου","μου","ἐγώ"
43,15,20,"V","3AAI-P","ἐτήρησαν,","ἐτήρησαν","ἐτήρησαν","τηρέω"
43,15,20,"D",NULL,"καὶ","καὶ","καί","καί"
43,15,20,"RA","ASM","τὸν","τὸν","τόν","ὁ"
43,15,20,"A","ASM","ὑμέτερον","ὑμέτερον","ὑμέτερον","ὑμέτερος"
43,15,20,"V","3FAI-P","τηρήσουσιν.","τηρήσουσιν","τηρήσουσι(ν)","τηρέω"
43,15,21,"C",NULL,"ἀλλὰ","ἀλλὰ","ἀλλά","ἀλλά"
43,15,21,"RD","APN","ταῦτα","ταῦτα","ταῦτα","οὗτος"
43,15,21,"A","APN","πάντα","πάντα","πάντα","πᾶς"
43,15,21,"V","3FAI-P","ποιήσουσιν","ποιήσουσιν","ποιήσουσι(ν)","ποιέω"
43,15,21,"P",NULL,"⸂εἰς","εἰς","εἰς","εἰς"
43,15,21,"RP","AP","ὑμᾶς⸃","ὑμᾶς","ὑμᾶς","σύ"
43,15,21,"P",NULL,"διὰ","διὰ","διά","διά"
43,15,21,"RA","ASN","τὸ","τὸ","τό","ὁ"
43,15,21,"N","ASN","ὄνομά","ὄνομά","ὄνομα","ὄνομα"
43,15,21,"RP","GS","μου,","μου","μου","ἐγώ"
43,15,21,"C",NULL,"ὅτι","ὅτι","ὅτι","ὅτι"
43,15,21,"D",NULL,"οὐκ","οὐκ","οὐ","οὐ"
43,15,21,"V","3XAI-P","οἴδασιν","οἴδασιν","οἴδασι(ν)","οἶδα"
43,15,21,"RA","ASM","τὸν","τὸν","τόν","ὁ"
43,15,21,"V","AAPASM","πέμψαντά","πέμψαντά","πέμψαντα","πέμπω"
43,15,21,"RP","AS","με.","με","με","ἐγώ"
43,15,22,"C",NULL,"εἰ","εἰ","εἰ","εἰ"
43,15,22,"D",NULL,"μὴ","μὴ","μή","μή"
43,15,22,"V","1AAI-S","ἦλθον","ἦλθον","ἦλθον","ἔρχομαι"
43,15,22,"C",NULL,"καὶ","καὶ","καί","καί"
43,15,22,"V","1AAI-S","ἐλάλησα","ἐλάλησα","ἐλάλησα","λαλέω"
43,15,22,"RP","DPM","αὐτοῖς,","αὐτοῖς","αὐτοῖς","αὐτός"
43,15,22,"N","ASF","ἁμαρτίαν","ἁμαρτίαν","ἁμαρτίαν","ἁμαρτία"
43,15,22,"D",NULL,"οὐκ","οὐκ","οὐ","οὐ"
43,15,22,"V","3IAI-P","⸀εἴχοσαν·","εἴχοσαν","εἴχοσαν","ἔχω"
43,15,22,"D",NULL,"νῦν","νῦν","νῦν","νῦν"
43,15,22,"C",NULL,"δὲ","δὲ","δέ","δέ"
43,15,22,"N","ASF","πρόφασιν","πρόφασιν","πρόφασιν","πρόφασις"
43,15,22,"D",NULL,"οὐκ","οὐκ","οὐ","οὐ"
43,15,22,"V","3PAI-P","ἔχουσιν","ἔχουσιν","ἔχουσι(ν)","ἔχω"
43,15,22,"P",NULL,"περὶ","περὶ","περί","περί"
43,15,22,"RA","GSF","τῆς","τῆς","τῆς","ὁ"
43,15,22,"N","GSF","ἁμαρτίας","ἁμαρτίας","ἁμαρτίας","ἁμαρτία"
43,15,22,"RP","GPM","αὐτῶν.","αὐτῶν","αὐτῶν","αὐτός"
43,15,23,"RA","NSM","ὁ","ὁ","ὁ","ὁ"
43,15,23,"RP","AS","ἐμὲ","ἐμὲ","ἐμέ","ἐγώ"
43,15,23,"V","PAPNSM","μισῶν","μισῶν","μισῶν","μισέω"
43,15,23,"D",NULL,"καὶ","καὶ","καί","καί"
43,15,23,"RA","ASM","τὸν","τὸν","τόν","ὁ"
43,15,23,"N","ASM","πατέρα","πατέρα","πατέρα","πατήρ"
43,15,23,"RP","GS","μου","μου","μου","ἐγώ"
43,15,23,"V","3PAI-S","μισεῖ.","μισεῖ","μισεῖ","μισέω"
43,15,24,"C",NULL,"εἰ","εἰ","εἰ","εἰ"
43,15,24,"RA","APN","τὰ","τὰ","τά","ὁ"
43,15,24,"N","APN","ἔργα","ἔργα","ἔργα","ἔργον"
43,15,24,"D",NULL,"μὴ","μὴ","μή","μή"
43,15,24,"V","1AAI-S","ἐποίησα","ἐποίησα","ἐποίησα","ποιέω"
43,15,24,"P",NULL,"ἐν","ἐν","ἐν","ἐν"
43,15,24,"RP","DPM","αὐτοῖς","αὐτοῖς","αὐτοῖς","αὐτός"
43,15,24,"RR","APN","ἃ","ἃ","ἅ","ὅς"
43,15,24,"A","NSM","οὐδεὶς","οὐδεὶς","οὐδείς","οὐδείς"
43,15,24,"A","NSM","ἄλλος","ἄλλος","ἄλλος","ἄλλος"
43,15,24,"V","3AAI-S","⸀ἐποίησεν,","ἐποίησεν","ἐποίησε(ν)","ποιέω"
43,15,24,"N","ASF","ἁμαρτίαν","ἁμαρτίαν","ἁμαρτίαν","ἁμαρτία"
43,15,24,"D",NULL,"οὐκ","οὐκ","οὐ","οὐ"
43,15,24,"V","3IAI-P","⸀εἴχοσαν·","εἴχοσαν","εἴχοσαν","ἔχω"
43,15,24,"D",NULL,"νῦν","νῦν","νῦν","νῦν"
43,15,24,"C",NULL,"δὲ","δὲ","δέ","δέ"
43,15,24,"C",NULL,"καὶ","καὶ","καί","καί"
43,15,24,"V","3XAI-P","ἑωράκασιν","ἑωράκασιν","ἑωράκασι(ν)","ὁράω"
43,15,24,"C",NULL,"καὶ","καὶ","καί","καί"
43,15,24,"V","3XAI-P","μεμισήκασιν","μεμισήκασιν","μεμισήκασι(ν)","μισέω"
43,15,24,"C",NULL,"καὶ","καὶ","καί","καί"
43,15,24,"RP","AS","ἐμὲ","ἐμὲ","ἐμέ","ἐγώ"
43,15,24,"C",NULL,"καὶ","καὶ","καί","καί"
43,15,24,"RA","ASM","τὸν","τὸν","τόν","ὁ"
43,15,24,"N","ASM","πατέρα","πατέρα","πατέρα","πατήρ"
43,15,24,"RP","GS","μου.","μου","μου","ἐγώ"
43,15,25,"C",NULL,"ἀλλ’","ἀλλ’","ἀλλά","ἀλλά"
43,15,25,"C",NULL,"ἵνα","ἵνα","ἵνα","ἵνα"
43,15,25,"V","3APS-S","πληρωθῇ","πληρωθῇ","πληρωθῇ","πληρόω"
43,15,25,"RA","NSM","ὁ","ὁ","ὁ","ὁ"
43,15,25,"N","NSM","λόγος","λόγος","λόγος","λόγος"
43,15,25,"RA","NSM","ὁ","ὁ","ὁ","ὁ"
43,15,25,"P",NULL,"⸂ἐν","ἐν","ἐν","ἐν"
43,15,25,"RA","DSM","τῷ","τῷ","τῷ","ὁ"
43,15,25,"N","DSM","νόμῳ","νόμῳ","νόμῳ","νόμος"
43,15,25,"RP","GPM","αὐτῶν","αὐτῶν","αὐτῶν","αὐτός"
43,15,25,"V","XPPNSM","γεγραμμένος⸃","γεγραμμένος","γεγραμμένος","γράφω"
43,15,25,"D",NULL,"ὅτι","ὅτι","ὅτι","ὅτι"
43,15,25,"V","3AAI-P","Ἐμίσησάν","Ἐμίσησάν","ἐμίσησαν","μισέω"
43,15,25,"RP","AS","με","με","με","ἐγώ"
43,15,25,"D",NULL,"δωρεάν.","δωρεάν","δωρεάν","δωρεάν"
43,15,26,"C",NULL,"⸀Ὅταν","Ὅταν","ὅταν","ὅταν"
43,15,26,"V","3AAS-S","ἔλθῃ","ἔλθῃ","ἔλθῃ","ἔρχομαι"
43,15,26,"RA","NSM","ὁ","ὁ","ὁ","ὁ"
43,15,26,"N","NSM","παράκλητος","παράκλητος","παράκλητος","παράκλητος"
43,15,26,"RR","ASM","ὃν","ὃν","ὅν","ὅς"
43,15,26,"RP","NS","ἐγὼ","ἐγὼ","ἐγώ","ἐγώ"
43,15,26,"V","1FAI-S","πέμψω","πέμψω","πέμψω","πέμπω"
43,15,26,"RP","DP","ὑμῖν","ὑμῖν","ὑμῖν","σύ"
43,15,26,"P",NULL,"παρὰ","παρὰ","παρά","παρά"
43,15,26,"RA","GSM","τοῦ","τοῦ","τοῦ","ὁ"
43,15,26,"N","GSM","πατρός,","πατρός","πατρός","πατήρ"
43,15,26,"RA","NSN","τὸ","τὸ","τό","ὁ"
43,15,26,"N","NSN","πνεῦμα","πνεῦμα","πνεῦμα","πνεῦμα"
43,15,26,"RA","GSF","τῆς","τῆς","τῆς","ὁ"
43,15,26,"N","GSF","ἀληθείας","ἀληθείας","ἀληθείας","ἀλήθεια"
43,15,26,"RR","NSN","ὃ","ὃ","ὅ","ὅς"
43,15,26,"P",NULL,"παρὰ","παρὰ","παρά","παρά"
43,15,26,"RA","GSM","τοῦ","τοῦ","τοῦ","ὁ"
43,15,26,"N","GSM","πατρὸς","πατρὸς","πατρός","πατήρ"
43,15,26,"V","3PMI-S","ἐκπορεύεται,","ἐκπορεύεται","ἐκπορεύεται","ἐκπορεύομαι"
43,15,26,"RD","NSM","ἐκεῖνος","ἐκεῖνος","ἐκεῖνος","ἐκεῖνος"
43,15,26,"V","3FAI-S","μαρτυρήσει","μαρτυρήσει","μαρτυρήσει","μαρτυρέω"
43,15,26,"P",NULL,"περὶ","περὶ","περί","περί"
43,15,26,"RP","GS","ἐμοῦ·","ἐμοῦ","ἐμοῦ","ἐγώ"
43,15,27,"D",NULL,"καὶ","καὶ","καί","καί"
43,15,27,"RP","NP","ὑμεῖς","ὑμεῖς","ὑμεῖς","σύ"
43,15,27,"C",NULL,"δὲ","δὲ","δέ","δέ"
43,15,27,"V","2PAI-P","μαρτυρεῖτε,","μαρτυρεῖτε","μαρτυρεῖτε","μαρτυρέω"
43,15,27,"C",NULL,"ὅτι","ὅτι","ὅτι","ὅτι"
43,15,27,"P",NULL,"ἀπ’","ἀπ’","ἀπό","ἀπό"
43,15,27,"N","GSF","ἀρχῆς","ἀρχῆς","ἀρχῆς","ἀρχή"
43,15,27,"P",NULL,"μετ’","μετ’","μετά","μετά"
43,15,27,"RP","GS","ἐμοῦ","ἐμοῦ","ἐμοῦ","ἐγώ"
43,15,27,"V","2PAI-P","ἐστε.","ἐστε","ἐστέ","εἰμί"
43,16,01,"RD","APN","Ταῦτα","Ταῦτα","ταῦτα","οὗτος"
43,16,01,"V","1XAI-S","λελάληκα","λελάληκα","λελάληκα","λαλέω"
43,16,01,"RP","DP","ὑμῖν","ὑμῖν","ὑμῖν","σύ"
43,16,01,"C",NULL,"ἵνα","ἵνα","ἵνα","ἵνα"
43,16,01,"D",NULL,"μὴ","μὴ","μή","μή"
43,16,01,"V","2APS-P","σκανδαλισθῆτε.","σκανδαλισθῆτε","σκανδαλισθῆτε","σκανδαλίζω"
43,16,02,"A","APM","ἀποσυναγώγους","ἀποσυναγώγους","ἀποσυναγώγους","ἀποσυνάγωγος"
43,16,02,"V","3FAI-P","ποιήσουσιν","ποιήσουσιν","ποιήσουσι(ν)","ποιέω"
43,16,02,"RP","AP","ὑμᾶς·","ὑμᾶς","ὑμᾶς","σύ"
43,16,02,"C",NULL,"ἀλλ’","ἀλλ’","ἀλλά","ἀλλά"
43,16,02,"V","3PMI-S","ἔρχεται","ἔρχεται","ἔρχεται","ἔρχομαι"
43,16,02,"N","NSF","ὥρα","ὥρα","ὥρα","ὥρα"
43,16,02,"C",NULL,"ἵνα","ἵνα","ἵνα","ἵνα"
43,16,02,"A","NSM","πᾶς","πᾶς","πᾶς","πᾶς"
43,16,02,"RA","NSM","ὁ","ὁ","ὁ","ὁ"
43,16,02,"V","AAPNSM","ἀποκτείνας","ἀποκτείνας","ἀποκτείνας","ἀποκτείνω"
43,16,02,"RP","AP","ὑμᾶς","ὑμᾶς","ὑμᾶς","σύ"
43,16,02,"V","3AAS-S","δόξῃ","δόξῃ","δόξῃ","δοκέω"
43,16,02,"N","ASF","λατρείαν","λατρείαν","λατρείαν","λατρεία"
43,16,02,"V","PAN","προσφέρειν","προσφέρειν","προσφέρειν","προσφέρω"
43,16,02,"RA","DSM","τῷ","τῷ","τῷ","ὁ"
43,16,02,"N","DSM","θεῷ.","θεῷ","θεῷ","θεός"
43,16,03,"C",NULL,"καὶ","καὶ","καί","καί"
43,16,03,"RD","APN","ταῦτα","ταῦτα","ταῦτα","οὗτος"
43,16,03,"V","3FAI-P","ποιήσουσιν","ποιήσουσιν","ποιήσουσι(ν)","ποιέω"
43,16,03,"C",NULL,"ὅτι","ὅτι","ὅτι","ὅτι"
43,16,03,"D",NULL,"οὐκ","οὐκ","οὐ","οὐ"
43,16,03,"V","3AAI-P","ἔγνωσαν","ἔγνωσαν","ἔγνωσαν","γινώσκω"
43,16,03,"RA","ASM","τὸν","τὸν","τόν","ὁ"
43,16,03,"N","ASM","πατέρα","πατέρα","πατέρα","πατήρ"
43,16,03,"C",NULL,"οὐδὲ","οὐδὲ","οὐδέ","οὐδέ"
43,16,03,"RP","AS","ἐμέ.","ἐμέ","ἐμέ","ἐγώ"
43,16,04,"C",NULL,"ἀλλὰ","ἀλλὰ","ἀλλά","ἀλλά"
43,16,04,"RD","APN","ταῦτα","ταῦτα","ταῦτα","οὗτος"
43,16,04,"V","1XAI-S","λελάληκα","λελάληκα","λελάληκα","λαλέω"
43,16,04,"RP","DP","ὑμῖν","ὑμῖν","ὑμῖν","σύ"
43,16,04,"C",NULL,"ἵνα","ἵνα","ἵνα","ἵνα"
43,16,04,"C",NULL,"ὅταν","ὅταν","ὅταν","ὅταν"
43,16,04,"V","3AAS-S","ἔλθῃ","ἔλθῃ","ἔλθῃ","ἔρχομαι"
43,16,04,"RA","NSF","ἡ","ἡ","ἡ","ὁ"
43,16,04,"N","NSF","ὥρα","ὥρα","ὥρα","ὥρα"
43,16,04,"RP","GPN","⸀αὐτῶν","αὐτῶν","αὐτῶν","αὐτός"
43,16,04,"V","2PAS-P","μνημονεύητε","μνημονεύητε","μνημονεύητε","μνημονεύω"
43,16,04,"RP","GPN","⸁αὐτῶν","αὐτῶν","αὐτῶν","αὐτός"
43,16,04,"C",NULL,"ὅτι","ὅτι","ὅτι","ὅτι"
43,16,04,"RP","NS","ἐγὼ","ἐγὼ","ἐγώ","ἐγώ"
43,16,04,"V","1AAI-S","εἶπον","εἶπον","εἶπον","λέγω"
43,16,04,"RP","DP","ὑμῖν.","ὑμῖν","ὑμῖν","σύ"
43,16,04,"RD","APN","Ταῦτα","Ταῦτα","ταῦτα","οὗτος"
43,16,04,"C",NULL,"δὲ","δὲ","δέ","δέ"
43,16,04,"RP","DP","ὑμῖν","ὑμῖν","ὑμῖν","σύ"
43,16,04,"P",NULL,"ἐξ","ἐξ","ἐκ","ἐκ"
43,16,04,"N","GSF","ἀρχῆς","ἀρχῆς","ἀρχῆς","ἀρχή"
43,16,04,"D",NULL,"οὐκ","οὐκ","οὐ","οὐ"
43,16,04,"V","1AAI-S","εἶπον,","εἶπον","εἶπον","λέγω"
43,16,04,"C",NULL,"ὅτι","ὅτι","ὅτι","ὅτι"
43,16,04,"P",NULL,"μεθ’","μεθ’","μετά","μετά"
43,16,04,"RP","GP","ὑμῶν","ὑμῶν","ὑμῶν","σύ"
43,16,04,"V","1IMI-S","ἤμην.","ἤμην","ἤμην","εἰμί"
43,16,05,"D",NULL,"νῦν","νῦν","νῦν","νῦν"
43,16,05,"C",NULL,"δὲ","δὲ","δέ","δέ"
43,16,05,"V","1PAI-S","ὑπάγω","ὑπάγω","ὑπάγω","ὑπάγω"
43,16,05,"P",NULL,"πρὸς","πρὸς","πρός","πρός"
43,16,05,"RA","ASM","τὸν","τὸν","τόν","ὁ"
43,16,05,"V","AAPASM","πέμψαντά","πέμψαντά","πέμψαντα","πέμπω"
43,16,05,"RP","AS","με","με","με","ἐγώ"
43,16,05,"C",NULL,"καὶ","καὶ","καί","καί"
43,16,05,"A","NSM","οὐδεὶς","οὐδεὶς","οὐδείς","οὐδείς"
43,16,05,"P",NULL,"ἐξ","ἐξ","ἐκ","ἐκ"
43,16,05,"RP","GP","ὑμῶν","ὑμῶν","ὑμῶν","σύ"
43,16,05,"V","3PAI-S","ἐρωτᾷ","ἐρωτᾷ","ἐρωτᾷ","ἐρωτάω"
43,16,05,"RP","AS","με·","με","με","ἐγώ"
43,16,05,"D",NULL,"Ποῦ","Ποῦ","ποῦ","ποῦ"
43,16,05,"V","2PAI-S","ὑπάγεις;","ὑπάγεις","ὑπάγεις","ὑπάγω"
43,16,06,"C",NULL,"ἀλλ’","ἀλλ’","ἀλλά","ἀλλά"
43,16,06,"C",NULL,"ὅτι","ὅτι","ὅτι","ὅτι"
43,16,06,"RD","APN","ταῦτα","ταῦτα","ταῦτα","οὗτος"
43,16,06,"V","1XAI-S","λελάληκα","λελάληκα","λελάληκα","λαλέω"
43,16,06,"RP","DP","ὑμῖν","ὑμῖν","ὑμῖν","σύ"
43,16,06,"RA","NSF","ἡ","ἡ","ἡ","ὁ"
43,16,06,"N","NSF","λύπη","λύπη","λύπη","λύπη"
43,16,06,"V","3XAI-S","πεπλήρωκεν","πεπλήρωκεν","πεπλήρωκε(ν)","πληρόω"
43,16,06,"RP","GP","ὑμῶν","ὑμῶν","ὑμῶν","σύ"
43,16,06,"RA","ASF","τὴν","τὴν","τήν","ὁ"
43,16,06,"N","ASF","καρδίαν.","καρδίαν","καρδίαν","καρδία"
43,16,07,"C",NULL,"ἀλλ’","ἀλλ’","ἀλλά","ἀλλά"
43,16,07,"RP","NS","ἐγὼ","ἐγὼ","ἐγώ","ἐγώ"
43,16,07,"RA","ASF","τὴν","τὴν","τήν","ὁ"
43,16,07,"N","ASF","ἀλήθειαν","ἀλήθειαν","ἀλήθειαν","ἀλήθεια"
43,16,07,"V","1PAI-S","λέγω","λέγω","λέγω","λέγω"
43,16,07,"RP","DP","ὑμῖν,","ὑμῖν","ὑμῖν","σύ"
43,16,07,"V","3PAI-S","συμφέρει","συμφέρει","συμφέρει","συμφέρω"
43,16,07,"RP","DP","ὑμῖν","ὑμῖν","ὑμῖν","σύ"
43,16,07,"C",NULL,"ἵνα","ἵνα","ἵνα","ἵνα"
43,16,07,"RP","NS","ἐγὼ","ἐγὼ","ἐγώ","ἐγώ"
43,16,07,"V","1AAS-S","ἀπέλθω.","ἀπέλθω","ἀπέλθω","ἀπέρχομαι"
43,16,07,"C",NULL,"ἐὰν","ἐὰν","ἐάν","ἐάν"
43,16,07,"C",NULL,"⸀γὰρ","γὰρ","γάρ","γάρ"
43,16,07,"D",NULL,"μὴ","μὴ","μή","μή"
43,16,07,"V","1AAS-S","ἀπέλθω,","ἀπέλθω","ἀπέλθω","ἀπέρχομαι"
43,16,07,"RA","NSM","ὁ","ὁ","ὁ","ὁ"
43,16,07,"N","NSM","παράκλητος","παράκλητος","παράκλητος","παράκλητος"
43,16,07,"D",NULL,"⸂οὐ","οὐ","οὐ","οὐ"
43,16,07,"D",NULL,"μὴ","μὴ","μή","μή"
43,16,07,"V","3AAS-S","ἔλθῃ⸃","ἔλθῃ","ἔλθῃ","ἔρχομαι"
43,16,07,"P",NULL,"πρὸς","πρὸς","πρός","πρός"
43,16,07,"RP","AP","ὑμᾶς·","ὑμᾶς","ὑμᾶς","σύ"
43,16,07,"C",NULL,"ἐὰν","ἐὰν","ἐάν","ἐάν"
43,16,07,"C",NULL,"δὲ","δὲ","δέ","δέ"
43,16,07,"V","1APS-S","πορευθῶ,","πορευθῶ","πορευθῶ","πορεύομαι"
43,16,07,"V","1FAI-S","πέμψω","πέμψω","πέμψω","πέμπω"
43,16,07,"RP","ASM","αὐτὸν","αὐτὸν","αὐτόν","αὐτός"
43,16,07,"P",NULL,"πρὸς","πρὸς","πρός","πρός"
43,16,07,"RP","AP","ὑμᾶς.","ὑμᾶς","ὑμᾶς","σύ"
43,16,08,"C",NULL,"καὶ","καὶ","καί","καί"
43,16,08,"V","AAPNSM","ἐλθὼν","ἐλθὼν","ἐλθών","ἔρχομαι"
43,16,08,"RD","NSM","ἐκεῖνος","ἐκεῖνος","ἐκεῖνος","ἐκεῖνος"
43,16,08,"V","3FAI-S","ἐλέγξει","ἐλέγξει","ἐλέγξει","ἐλέγχω"
43,16,08,"RA","ASM","τὸν","τὸν","τόν","ὁ"
43,16,08,"N","ASM","κόσμον","κόσμον","κόσμον","κόσμος"
43,16,08,"P",NULL,"περὶ","περὶ","περί","περί"
43,16,08,"N","GSF","ἁμαρτίας","ἁμαρτίας","ἁμαρτίας","ἁμαρτία"
43,16,08,"C",NULL,"καὶ","καὶ","καί","καί"
43,16,08,"P",NULL,"περὶ","περὶ","περί","περί"
43,16,08,"N","GSF","δικαιοσύνης","δικαιοσύνης","δικαιοσύνης","δικαιοσύνη"
43,16,08,"C",NULL,"καὶ","καὶ","καί","καί"
43,16,08,"P",NULL,"περὶ","περὶ","περί","περί"
43,16,08,"N","GSF","κρίσεως·","κρίσεως","κρίσεως","κρίσις"
43,16,09,"P",NULL,"περὶ","περὶ","περί","περί"
43,16,09,"N","GSF","ἁμαρτίας","ἁμαρτίας","ἁμαρτίας","ἁμαρτία"
43,16,09,"C",NULL,"μέν,","μέν","μέν","μέν"
43,16,09,"C",NULL,"ὅτι","ὅτι","ὅτι","ὅτι"
43,16,09,"D",NULL,"οὐ","οὐ","οὐ","οὐ"
43,16,09,"V","3PAI-P","πιστεύουσιν","πιστεύουσιν","πιστεύουσι(ν)","πιστεύω"
43,16,09,"P",NULL,"εἰς","εἰς","εἰς","εἰς"
43,16,09,"RP","AS","ἐμέ·","ἐμέ","ἐμέ","ἐγώ"
43,16,10,"P",NULL,"περὶ","περὶ","περί","περί"
43,16,10,"N","GSF","δικαιοσύνης","δικαιοσύνης","δικαιοσύνης","δικαιοσύνη"
43,16,10,"C",NULL,"δέ,","δέ","δέ","δέ"
43,16,10,"C",NULL,"ὅτι","ὅτι","ὅτι","ὅτι"
43,16,10,"P",NULL,"πρὸς","πρὸς","πρός","πρός"
43,16,10,"RA","ASM","τὸν","τὸν","τόν","ὁ"
43,16,10,"N","ASM","⸀πατέρα","πατέρα","πατέρα","πατήρ"
43,16,10,"V","1PAI-S","ὑπάγω","ὑπάγω","ὑπάγω","ὑπάγω"
43,16,10,"C",NULL,"καὶ","καὶ","καί","καί"
43,16,10,"D",NULL,"οὐκέτι","οὐκέτι","οὐκέτι","οὐκέτι"
43,16,10,"V","2PAI-P","θεωρεῖτέ","θεωρεῖτέ","θεωρεῖτε","θεωρέω"
43,16,10,"RP","AS","με·","με","με","ἐγώ"
43,16,11,"P",NULL,"περὶ","περὶ","περί","περί"
43,16,11,"C",NULL,"δὲ","δὲ","δέ","δέ"
43,16,11,"N","GSF","κρίσεως,","κρίσεως","κρίσεως","κρίσις"
43,16,11,"C",NULL,"ὅτι","ὅτι","ὅτι","ὅτι"
43,16,11,"RA","NSM","ὁ","ὁ","ὁ","ὁ"
43,16,11,"N","NSM","ἄρχων","ἄρχων","ἄρχων","ἄρχων"
43,16,11,"RA","GSM","τοῦ","τοῦ","τοῦ","ὁ"
43,16,11,"N","GSM","κόσμου","κόσμου","κόσμου","κόσμος"
43,16,11,"RD","GSM","τούτου","τούτου","τούτου","οὗτος"
43,16,11,"V","3XPI-S","κέκριται.","κέκριται","κέκριται","κρίνω"
43,16,12,"D",NULL,"Ἔτι","Ἔτι","ἔτι","ἔτι"
43,16,12,"A","APN","πολλὰ","πολλὰ","πολλά","πολύς"
43,16,12,"V","1PAI-S","ἔχω","ἔχω","ἔχω","ἔχω"
43,16,12,"RP","DP","⸂ὑμῖν","ὑμῖν","ὑμῖν","σύ"
43,16,12,"V","PAN","λέγειν⸃,","λέγειν","λέγειν","λέγω"
43,16,12,"C",NULL,"ἀλλ’","ἀλλ’","ἀλλά","ἀλλά"
43,16,12,"D",NULL,"οὐ","οὐ","οὐ","οὐ"
43,16,12,"V","2PMI-P","δύνασθε","δύνασθε","δύνασθε","δύναμαι"
43,16,12,"V","PAN","βαστάζειν","βαστάζειν","βαστάζειν","βαστάζω"
43,16,12,"D",NULL,"ἄρτι·","ἄρτι","ἄρτι","ἄρτι"
43,16,13,"C",NULL,"ὅταν","ὅταν","ὅταν","ὅταν"
43,16,13,"C",NULL,"δὲ","δὲ","δέ","δέ"
43,16,13,"V","3AAS-S","ἔλθῃ","ἔλθῃ","ἔλθῃ","ἔρχομαι"
43,16,13,"RD","NSM","ἐκεῖνος,","ἐκεῖνος","ἐκεῖνος","ἐκεῖνος"
43,16,13,"RA","NSN","τὸ","τὸ","τό","ὁ"
43,16,13,"N","NSN","πνεῦμα","πνεῦμα","πνεῦμα","πνεῦμα"
43,16,13,"RA","GSF","τῆς","τῆς","τῆς","ὁ"
43,16,13,"N","GSF","ἀληθείας,","ἀληθείας","ἀληθείας","ἀλήθεια"
43,16,13,"V","3FAI-S","ὁδηγήσει","ὁδηγήσει","ὁδηγήσει","ὁδηγέω"
43,16,13,"RP","AP","ὑμᾶς","ὑμᾶς","ὑμᾶς","σύ"
43,16,13,"P",NULL,"⸂ἐν","ἐν","ἐν","ἐν"
43,16,13,"RA","DSF","τῇ","τῇ","τῇ","ὁ"
43,16,13,"N","DSF","ἀληθείᾳ","ἀληθείᾳ","ἀληθείᾳ","ἀλήθεια"
43,16,13,"A","DSF","πάσῃ⸃,","πάσῃ","πάσῃ","πᾶς"
43,16,13,"D",NULL,"οὐ","οὐ","οὐ","οὐ"
43,16,13,"C",NULL,"γὰρ","γὰρ","γάρ","γάρ"
43,16,13,"V","3FAI-S","λαλήσει","λαλήσει","λαλήσει","λαλέω"
43,16,13,"P",NULL,"ἀφ’","ἀφ’","ἀπό","ἀπό"
43,16,13,"RP","GSM","ἑαυτοῦ,","ἑαυτοῦ","ἑαυτοῦ","ἑαυτοῦ"
43,16,13,"C",NULL,"ἀλλ’","ἀλλ’","ἀλλά","ἀλλά"
43,16,13,"RR","APN","ὅσα","ὅσα","ὅσα","ὅσος"
43,16,13,"V","3FAI-S","⸀ἀκούσει","ἀκούσει","ἀκούσει","ἀκούω"
43,16,13,"V","3FAI-S","λαλήσει,","λαλήσει","λαλήσει","λαλέω"
43,16,13,"C",NULL,"καὶ","καὶ","καί","καί"
43,16,13,"RA","APN","τὰ","τὰ","τά","ὁ"
43,16,13,"V","PMPAPN","ἐρχόμενα","ἐρχόμενα","ἐρχόμενα","ἔρχομαι"
43,16,13,"V","3FAI-S","ἀναγγελεῖ","ἀναγγελεῖ","ἀναγγελεῖ","ἀναγγέλλω"
43,16,13,"RP","DP","ὑμῖν.","ὑμῖν","ὑμῖν","σύ"
43,16,14,"RD","NSM","ἐκεῖνος","ἐκεῖνος","ἐκεῖνος","ἐκεῖνος"
43,16,14,"RP","AS","ἐμὲ","ἐμὲ","ἐμέ","ἐγώ"
43,16,14,"V","3FAI-S","δοξάσει,","δοξάσει","δοξάσει","δοξάζω"
43,16,14,"C",NULL,"ὅτι","ὅτι","ὅτι","ὅτι"
43,16,14,"P",NULL,"ἐκ","ἐκ","ἐκ","ἐκ"
43,16,14,"RA","GSN","τοῦ","τοῦ","τοῦ","ὁ"
43,16,14,"A","GSN","ἐμοῦ","ἐμοῦ","ἐμοῦ","ἐμός"
43,16,14,"V","3FMI-S","λήμψεται","λήμψεται","λήμψεται","λαμβάνω"
43,16,14,"C",NULL,"καὶ","καὶ","καί","καί"
43,16,14,"V","3FAI-S","ἀναγγελεῖ","ἀναγγελεῖ","ἀναγγελεῖ","ἀναγγέλλω"
43,16,14,"RP","DP","ὑμῖν.","ὑμῖν","ὑμῖν","σύ"
43,16,15,"A","NPN","πάντα","πάντα","πάντα","πᾶς"
43,16,15,"RR","APN","ὅσα","ὅσα","ὅσα","ὅσος"
43,16,15,"V","3PAI-S","ἔχει","ἔχει","ἔχει","ἔχω"
43,16,15,"RA","NSM","ὁ","ὁ","ὁ","ὁ"
43,16,15,"N","NSM","πατὴρ","πατὴρ","πατήρ","πατήρ"
43,16,15,"A","NPN","ἐμά","ἐμά","ἐμά","ἐμός"
43,16,15,"V","3PAI-S","ἐστιν·","ἐστιν","ἐστί(ν)","εἰμί"
43,16,15,"P",NULL,"διὰ","διὰ","διά","διά"
43,16,15,"RD","ASN","τοῦτο","τοῦτο","τοῦτο","οὗτος"
43,16,15,"V","1AAI-S","εἶπον","εἶπον","εἶπον","λέγω"
43,16,15,"C",NULL,"ὅτι","ὅτι","ὅτι","ὅτι"
43,16,15,"P",NULL,"ἐκ","ἐκ","ἐκ","ἐκ"
43,16,15,"RA","GSN","τοῦ","τοῦ","τοῦ","ὁ"
43,16,15,"A","GSN","ἐμοῦ","ἐμοῦ","ἐμοῦ","ἐμός"
43,16,15,"V","3PAI-S","λαμβάνει","λαμβάνει","λαμβάνει","λαμβάνω"
43,16,15,"C",NULL,"καὶ","καὶ","καί","καί"
43,16,15,"V","3FAI-S","ἀναγγελεῖ","ἀναγγελεῖ","ἀναγγελεῖ","ἀναγγέλλω"
43,16,15,"RP","DP","ὑμῖν.","ὑμῖν","ὑμῖν","σύ"
43,16,16,"A","ASN","Μικρὸν","Μικρὸν","μικρόν","μικρός"
43,16,16,"C",NULL,"καὶ","καὶ","καί","καί"
43,16,16,"D",NULL,"⸀οὐκέτι","οὐκέτι","οὐκέτι","οὐκέτι"
43,16,16,"V","2PAI-P","θεωρεῖτέ","θεωρεῖτέ","θεωρεῖτε","θεωρέω"
43,16,16,"RP","AS","με,","με","με","ἐγώ"
43,16,16,"C",NULL,"καὶ","καὶ","καί","καί"
43,16,16,"D",NULL,"πάλιν","πάλιν","πάλιν","πάλιν"
43,16,16,"A","ASN","μικρὸν","μικρὸν","μικρόν","μικρός"
43,16,16,"C",NULL,"καὶ","καὶ","καί","καί"
43,16,16,"V","2FMI-P","ὄψεσθέ","ὄψεσθέ","ὄψεσθε","ὁράω"
43,16,16,"RP","AS","⸀με.","με","με","ἐγώ"
43,16,17,"V","3AAI-P","εἶπαν","εἶπαν","εἶπαν","λέγω"
43,16,17,"C",NULL,"οὖν","οὖν","οὖν","οὖν"
43,16,17,"P",NULL,"ἐκ","ἐκ","ἐκ","ἐκ"
43,16,17,"RA","GPM","τῶν","τῶν","τῶν","ὁ"
43,16,17,"N","GPM","μαθητῶν","μαθητῶν","μαθητῶν","μαθητής"
43,16,17,"RP","GSM","αὐτοῦ","αὐτοῦ","αὐτοῦ","αὐτός"
43,16,17,"P",NULL,"πρὸς","πρὸς","πρός","πρός"
43,16,17,"RP","APM","ἀλλήλους·","ἀλλήλους","ἀλλήλους","ἀλλήλων"
43,16,17,"RI","NSN","Τί","Τί","τί","τίς"
43,16,17,"V","3PAI-S","ἐστιν","ἐστιν","ἐστί(ν)","εἰμί"
43,16,17,"RD","NSN","τοῦτο","τοῦτο","τοῦτο","οὗτος"
43,16,17,"RR","ASN","ὃ","ὃ","ὅ","ὅς"
43,16,17,"V","3PAI-S","λέγει","λέγει","λέγει","λέγω"
43,16,17,"RP","DP","ἡμῖν·","ἡμῖν","ἡμῖν","ἐγώ"
43,16,17,"A","ASN","Μικρὸν","Μικρὸν","μικρόν","μικρός"
43,16,17,"C",NULL,"καὶ","καὶ","καί","καί"
43,16,17,"D",NULL,"οὐ","οὐ","οὐ","οὐ"
43,16,17,"V","2PAI-P","θεωρεῖτέ","θεωρεῖτέ","θεωρεῖτε","θεωρέω"
43,16,17,"RP","AS","με,","με","με","ἐγώ"
43,16,17,"C",NULL,"καὶ","καὶ","καί","καί"
43,16,17,"D",NULL,"πάλιν","πάλιν","πάλιν","πάλιν"
43,16,17,"A","ASN","μικρὸν","μικρὸν","μικρόν","μικρός"
43,16,17,"C",NULL,"καὶ","καὶ","καί","καί"
43,16,17,"V","2FMI-P","ὄψεσθέ","ὄψεσθέ","ὄψεσθε","ὁράω"
43,16,17,"RP","AS","με;","με","με","ἐγώ"
43,16,17,"C",NULL,"καί·","καί","καί","καί"
43,16,17,"C",NULL,"⸀Ὅτι","Ὅτι","ὅτι","ὅτι"
43,16,17,"V","1PAI-S","ὑπάγω","ὑπάγω","ὑπάγω","ὑπάγω"
43,16,17,"P",NULL,"πρὸς","πρὸς","πρός","πρός"
43,16,17,"RA","ASM","τὸν","τὸν","τόν","ὁ"
43,16,17,"N","ASM","πατέρα;","πατέρα","πατέρα","πατήρ"
43,16,18,"V","3IAI-P","ἔλεγον","ἔλεγον","ἔλεγον","λέγω"
43,16,18,"C",NULL,"οὖν·","οὖν","οὖν","οὖν"
43,16,18,"RI","NSN","⸂Τί","Τί","τί","τίς"
43,16,18,"V","3PAI-S","ἐστιν","ἐστιν","ἐστί(ν)","εἰμί"
43,16,18,"RD","NSN","τοῦτο⸃","τοῦτο","τοῦτο","οὗτος"
43,16,18,"RR","ASN","ὃ","ὃ","ὅ","ὅς"
43,16,18,"V","3PAI-S","⸀λέγει","λέγει","λέγει","λέγω"
43,16,18,"A","ASN","μικρόν;","μικρόν","μικρόν","μικρός"
43,16,18,"D",NULL,"οὐκ","οὐκ","οὐ","οὐ"
43,16,18,"V","1XAI-P","οἴδαμεν","οἴδαμεν","οἴδαμεν","οἶδα"
43,16,18,"RI","ASN","τί","τί","τί","τίς"
43,16,18,"V","3PAI-S","λαλεῖ.","λαλεῖ","λαλεῖ","λαλέω"
43,16,19,"V","3AAI-S","⸀ἔγνω","ἔγνω","ἔγνω","γινώσκω"
43,16,19,"N","NSM","Ἰησοῦς","Ἰησοῦς","Ἰησοῦς","Ἰησοῦς"
43,16,19,"C",NULL,"ὅτι","ὅτι","ὅτι","ὅτι"
43,16,19,"V","3IAI-P","ἤθελον","ἤθελον","ἤθελον","θέλω"
43,16,19,"RP","ASM","αὐτὸν","αὐτὸν","αὐτόν","αὐτός"
43,16,19,"V","PAN","ἐρωτᾶν,","ἐρωτᾶν","ἐρωτᾶν","ἐρωτάω"
43,16,19,"C",NULL,"καὶ","καὶ","καί","καί"
43,16,19,"V","3AAI-S","εἶπεν","εἶπεν","εἶπε(ν)","λέγω"
43,16,19,"RP","DPM","αὐτοῖς·","αὐτοῖς","αὐτοῖς","αὐτός"
43,16,19,"P",NULL,"Περὶ","Περὶ","περί","περί"
43,16,19,"RD","GSN","τούτου","τούτου","τούτου","οὗτος"
43,16,19,"V","2PAI-P","ζητεῖτε","ζητεῖτε","ζητεῖτε","ζητέω"
43,16,19,"P",NULL,"μετ’","μετ’","μετά","μετά"
43,16,19,"RP","GPM","ἀλλήλων","ἀλλήλων","ἀλλήλων","ἀλλήλων"
43,16,19,"C",NULL,"ὅτι","ὅτι","ὅτι","ὅτι"
43,16,19,"V","1AAI-S","εἶπον·","εἶπον","εἶπον","λέγω"
43,16,19,"A","ASN","Μικρὸν","Μικρὸν","μικρόν","μικρός"
43,16,19,"C",NULL,"καὶ","καὶ","καί","καί"
43,16,19,"D",NULL,"οὐ","οὐ","οὐ","οὐ"
43,16,19,"V","2PAI-P","θεωρεῖτέ","θεωρεῖτέ","θεωρεῖτε","θεωρέω"
43,16,19,"RP","AS","με,","με","με","ἐγώ"
43,16,19,"C",NULL,"καὶ","καὶ","καί","καί"
43,16,19,"D",NULL,"πάλιν","πάλιν","πάλιν","πάλιν"
43,16,19,"A","ASN","μικρὸν","μικρὸν","μικρόν","μικρός"
43,16,19,"C",NULL,"καὶ","καὶ","καί","καί"
43,16,19,"V","2FMI-P","ὄψεσθέ","ὄψεσθέ","ὄψεσθε","ὁράω"
43,16,19,"RP","AS","με;","με","με","ἐγώ"
43,16,20,"X",NULL,"ἀμὴν","ἀμὴν","ἀμήν","ἀμήν"
43,16,20,"X",NULL,"ἀμὴν","ἀμὴν","ἀμήν","ἀμήν"
43,16,20,"V","1PAI-S","λέγω","λέγω","λέγω","λέγω"
43,16,20,"RP","DP","ὑμῖν","ὑμῖν","ὑμῖν","σύ"
43,16,20,"C",NULL,"ὅτι","ὅτι","ὅτι","ὅτι"
43,16,20,"V","2FAI-P","κλαύσετε","κλαύσετε","κλαύσετε","κλαίω"
43,16,20,"C",NULL,"καὶ","καὶ","καί","καί"
43,16,20,"V","2FAI-P","θρηνήσετε","θρηνήσετε","θρηνήσετε","θρηνέω"
43,16,20,"RP","NP","ὑμεῖς,","ὑμεῖς","ὑμεῖς","σύ"
43,16,20,"RA","NSM","ὁ","ὁ","ὁ","ὁ"
43,16,20,"C",NULL,"δὲ","δὲ","δέ","δέ"
43,16,20,"N","NSM","κόσμος","κόσμος","κόσμος","κόσμος"
43,16,20,"V","3FPI-S","χαρήσεται·","χαρήσεται","χαρήσεται","χαίρω"
43,16,20,"RP","NP","⸀ὑμεῖς","ὑμεῖς","ὑμεῖς","σύ"
43,16,20,"V","2FPI-P","λυπηθήσεσθε,","λυπηθήσεσθε","λυπηθήσεσθε","λυπέω"
43,16,20,"C",NULL,"ἀλλ’","ἀλλ’","ἀλλά","ἀλλά"
43,16,20,"RA","NSF","ἡ","ἡ","ἡ","ὁ"
43,16,20,"N","NSF","λύπη","λύπη","λύπη","λύπη"
43,16,20,"RP","GP","ὑμῶν","ὑμῶν","ὑμῶν","σύ"
43,16,20,"P",NULL,"εἰς","εἰς","εἰς","εἰς"
43,16,20,"N","ASF","χαρὰν","χαρὰν","χαράν","χαρά"
43,16,20,"V","3FMI-S","γενήσεται.","γενήσεται","γενήσεται","γίνομαι"
43,16,21,"RA","NSF","ἡ","ἡ","ἡ","ὁ"
43,16,21,"N","NSF","γυνὴ","γυνὴ","γυνή","γυνή"
43,16,21,"C",NULL,"ὅταν","ὅταν","ὅταν","ὅταν"
43,16,21,"V","3PAS-S","τίκτῃ","τίκτῃ","τίκτῃ","τίκτω"
43,16,21,"N","ASF","λύπην","λύπην","λύπην","λύπη"
43,16,21,"V","3PAI-S","ἔχει,","ἔχει","ἔχει","ἔχω"
43,16,21,"C",NULL,"ὅτι","ὅτι","ὅτι","ὅτι"
43,16,21,"V","3AAI-S","ἦλθεν","ἦλθεν","ἦλθε(ν)","ἔρχομαι"
43,16,21,"RA","NSF","ἡ","ἡ","ἡ","ὁ"
43,16,21,"N","NSF","ὥρα","ὥρα","ὥρα","ὥρα"
43,16,21,"RP","GSF","αὐτῆς·","αὐτῆς","αὐτῆς","αὐτός"
43,16,21,"C",NULL,"ὅταν","ὅταν","ὅταν","ὅταν"
43,16,21,"C",NULL,"δὲ","δὲ","δέ","δέ"
43,16,21,"V","3AAS-S","γεννήσῃ","γεννήσῃ","γεννήσῃ","γεννάω"
43,16,21,"RA","ASN","τὸ","τὸ","τό","ὁ"
43,16,21,"N","ASN","παιδίον,","παιδίον","παιδίον","παιδίον"
43,16,21,"D",NULL,"οὐκέτι","οὐκέτι","οὐκέτι","οὐκέτι"
43,16,21,"V","3PAI-S","μνημονεύει","μνημονεύει","μνημονεύει","μνημονεύω"
43,16,21,"RA","GSF","τῆς","τῆς","τῆς","ὁ"
43,16,21,"N","GSF","θλίψεως","θλίψεως","θλίψεως","θλῖψις"
43,16,21,"P",NULL,"διὰ","διὰ","διά","διά"
43,16,21,"RA","ASF","τὴν","τὴν","τήν","ὁ"
43,16,21,"N","ASF","χαρὰν","χαρὰν","χαράν","χαρά"
43,16,21,"C",NULL,"ὅτι","ὅτι","ὅτι","ὅτι"
43,16,21,"V","3API-S","ἐγεννήθη","ἐγεννήθη","ἐγεννήθη","γεννάω"
43,16,21,"N","NSM","ἄνθρωπος","ἄνθρωπος","ἄνθρωπος","ἄνθρωπος"
43,16,21,"P",NULL,"εἰς","εἰς","εἰς","εἰς"
43,16,21,"RA","ASM","τὸν","τὸν","τόν","ὁ"
43,16,21,"N","ASM","κόσμον.","κόσμον","κόσμον","κόσμος"
43,16,22,"D",NULL,"καὶ","καὶ","καί","καί"
43,16,22,"RP","NP","ὑμεῖς","ὑμεῖς","ὑμεῖς","σύ"
43,16,22,"C",NULL,"οὖν","οὖν","οὖν","οὖν"
43,16,22,"D",NULL,"⸂νῦν","νῦν","νῦν","νῦν"
43,16,22,"C",NULL,"μὲν","μὲν","μέν","μέν"
43,16,22,"N","ASF","λύπην⸃","λύπην","λύπην","λύπη"
43,16,22,"V","2PAI-P","ἔχετε·","ἔχετε","ἔχετε","ἔχω"
43,16,22,"D",NULL,"πάλιν","πάλιν","πάλιν","πάλιν"
43,16,22,"C",NULL,"δὲ","δὲ","δέ","δέ"
43,16,22,"V","1FMI-S","ὄψομαι","ὄψομαι","ὄψομαι","ὁράω"
43,16,22,"RP","AP","ὑμᾶς,","ὑμᾶς","ὑμᾶς","σύ"
43,16,22,"C",NULL,"καὶ","καὶ","καί","καί"
43,16,22,"V","3FPI-S","χαρήσεται","χαρήσεται","χαρήσεται","χαίρω"
43,16,22,"RP","GP","ὑμῶν","ὑμῶν","ὑμῶν","σύ"
43,16,22,"RA","NSF","ἡ","ἡ","ἡ","ὁ"
43,16,22,"N","NSF","καρδία,","καρδία","καρδία","καρδία"
43,16,22,"C",NULL,"καὶ","καὶ","καί","καί"
43,16,22,"RA","ASF","τὴν","τὴν","τήν","ὁ"
43,16,22,"N","ASF","χαρὰν","χαρὰν","χαράν","χαρά"
43,16,22,"RP","GP","ὑμῶν","ὑμῶν","ὑμῶν","σύ"
43,16,22,"A","NSM","οὐδεὶς","οὐδεὶς","οὐδείς","οὐδείς"
43,16,22,"V","3PAI-S","⸀αἴρει","αἴρει","αἴρει","αἴρω"
43,16,22,"P",NULL,"ἀφ’","ἀφ’","ἀπό","ἀπό"
43,16,22,"RP","GP","ὑμῶν.","ὑμῶν","ὑμῶν","σύ"
43,16,23,"C",NULL,"καὶ","καὶ","καί","καί"
43,16,23,"P",NULL,"ἐν","ἐν","ἐν","ἐν"
43,16,23,"RD","DSF","ἐκείνῃ","ἐκείνῃ","ἐκείνῃ","ἐκεῖνος"
43,16,23,"RA","DSF","τῇ","τῇ","τῇ","ὁ"
43,16,23,"N","DSF","ἡμέρᾳ","ἡμέρᾳ","ἡμέρᾳ","ἡμέρα"
43,16,23,"RP","AS","ἐμὲ","ἐμὲ","ἐμέ","ἐγώ"
43,16,23,"D",NULL,"οὐκ","οὐκ","οὐ","οὐ"
43,16,23,"V","2FAI-P","ἐρωτήσετε","ἐρωτήσετε","ἐρωτήσετε","ἐρωτάω"
43,16,23,"A","ASN","οὐδέν·","οὐδέν","οὐδέν","οὐδείς"
43,16,23,"X",NULL,"ἀμὴν","ἀμὴν","ἀμήν","ἀμήν"
43,16,23,"X",NULL,"ἀμὴν","ἀμὴν","ἀμήν","ἀμήν"
43,16,23,"V","1PAI-S","λέγω","λέγω","λέγω","λέγω"
43,16,23,"RP","DP","ὑμῖν,","ὑμῖν","ὑμῖν","σύ"
43,16,23,"X",NULL,"⸂ἄν","ἄν","ἄν","ἄν"
43,16,23,"RI","ASN","τι⸃","τι","τὶ","τις"
43,16,23,"V","2AAS-P","αἰτήσητε","αἰτήσητε","αἰτήσητε","αἰτέω"
43,16,23,"RA","ASM","τὸν","τὸν","τόν","ὁ"
43,16,23,"N","ASM","πατέρα","πατέρα","πατέρα","πατήρ"
43,16,23,"V","3FAI-S","⸂δώσει","δώσει","δώσει","δίδωμι"
43,16,23,"RP","DP","ὑμῖν","ὑμῖν","ὑμῖν","σύ"
43,16,23,"P",NULL,"ἐν","ἐν","ἐν","ἐν"
43,16,23,"RA","DSN","τῷ","τῷ","τῷ","ὁ"
43,16,23,"N","DSN","ὀνόματί","ὀνόματί","ὀνόματι","ὄνομα"
43,16,23,"RP","GS","μου⸃.","μου","μου","ἐγώ"
43,16,24,"P",NULL,"ἕως","ἕως","ἕως","ἕως"
43,16,24,"D",NULL,"ἄρτι","ἄρτι","ἄρτι","ἄρτι"
43,16,24,"D",NULL,"οὐκ","οὐκ","οὐ","οὐ"
43,16,24,"V","2AAI-P","ᾐτήσατε","ᾐτήσατε","ᾐτήσατε","αἰτέω"
43,16,24,"A","ASN","οὐδὲν","οὐδὲν","οὐδέν","οὐδείς"
43,16,24,"P",NULL,"ἐν","ἐν","ἐν","ἐν"
43,16,24,"RA","DSN","τῷ","τῷ","τῷ","ὁ"
43,16,24,"N","DSN","ὀνόματί","ὀνόματί","ὀνόματι","ὄνομα"
43,16,24,"RP","GS","μου·","μου","μου","ἐγώ"
43,16,24,"V","2PAD-P","αἰτεῖτε","αἰτεῖτε","αἰτεῖτε","αἰτέω"
43,16,24,"C",NULL,"καὶ","καὶ","καί","καί"
43,16,24,"V","2FMI-P","λήμψεσθε,","λήμψεσθε","λήμψεσθε","λαμβάνω"
43,16,24,"C",NULL,"ἵνα","ἵνα","ἵνα","ἵνα"
43,16,24,"RA","NSF","ἡ","ἡ","ἡ","ὁ"
43,16,24,"N","NSF","χαρὰ","χαρὰ","χαρά","χαρά"
43,16,24,"RP","GP","ὑμῶν","ὑμῶν","ὑμῶν","σύ"
43,16,24,"V","3PAS-S","ᾖ","ᾖ","ᾖ","εἰμί"
43,16,24,"V","XPPNSF","πεπληρωμένη.","πεπληρωμένη","πεπληρωμένη","πληρόω"
43,16,25,"RD","APN","Ταῦτα","Ταῦτα","ταῦτα","οὗτος"
43,16,25,"P",NULL,"ἐν","ἐν","ἐν","ἐν"
43,16,25,"N","DPF","παροιμίαις","παροιμίαις","παροιμίαις","παροιμία"
43,16,25,"V","1XAI-S","λελάληκα","λελάληκα","λελάληκα","λαλέω"
43,16,25,"RP","DP","ὑμῖν·","ὑμῖν","ὑμῖν","σύ"
43,16,25,"V","3PMI-S","⸀ἔρχεται","ἔρχεται","ἔρχεται","ἔρχομαι"
43,16,25,"N","NSF","ὥρα","ὥρα","ὥρα","ὥρα"
43,16,25,"D",NULL,"ὅτε","ὅτε","ὅτε","ὅτε"
43,16,25,"D",NULL,"οὐκέτι","οὐκέτι","οὐκέτι","οὐκέτι"
43,16,25,"P",NULL,"ἐν","ἐν","ἐν","ἐν"
43,16,25,"N","DPF","παροιμίαις","παροιμίαις","παροιμίαις","παροιμία"
43,16,25,"V","1FAI-S","λαλήσω","λαλήσω","λαλήσω","λαλέω"
43,16,25,"RP","DP","ὑμῖν","ὑμῖν","ὑμῖν","σύ"
43,16,25,"C",NULL,"ἀλλὰ","ἀλλὰ","ἀλλά","ἀλλά"
43,16,25,"N","DSF","παρρησίᾳ","παρρησίᾳ","παρρησίᾳ","παρρησία"
43,16,25,"P",NULL,"περὶ","περὶ","περί","περί"
43,16,25,"RA","GSM","τοῦ","τοῦ","τοῦ","ὁ"
43,16,25,"N","GSM","πατρὸς","πατρὸς","πατρός","πατήρ"
43,16,25,"V","1FAI-S","⸀ἀπαγγελῶ","ἀπαγγελῶ","ἀπαγγελῶ","ἀπαγγέλλω"
43,16,25,"RP","DP","ὑμῖν.","ὑμῖν","ὑμῖν","σύ"
43,16,26,"P",NULL,"ἐν","ἐν","ἐν","ἐν"
43,16,26,"RD","DSF","ἐκείνῃ","ἐκείνῃ","ἐκείνῃ","ἐκεῖνος"
43,16,26,"RA","DSF","τῇ","τῇ","τῇ","ὁ"
43,16,26,"N","DSF","ἡμέρᾳ","ἡμέρᾳ","ἡμέρᾳ","ἡμέρα"
43,16,26,"P",NULL,"ἐν","ἐν","ἐν","ἐν"
43,16,26,"RA","DSN","τῷ","τῷ","τῷ","ὁ"
43,16,26,"N","DSN","ὀνόματί","ὀνόματί","ὀνόματι","ὄνομα"
43,16,26,"RP","GS","μου","μου","μου","ἐγώ"
43,16,26,"V","2FMI-P","αἰτήσεσθε,","αἰτήσεσθε","αἰτήσεσθε","αἰτέω"
43,16,26,"C",NULL,"καὶ","καὶ","καί","καί"
43,16,26,"D",NULL,"οὐ","οὐ","οὐ","οὐ"
43,16,26,"V","1PAI-S","λέγω","λέγω","λέγω","λέγω"
43,16,26,"RP","DP","ὑμῖν","ὑμῖν","ὑμῖν","σύ"
43,16,26,"C",NULL,"ὅτι","ὅτι","ὅτι","ὅτι"
43,16,26,"RP","NS","ἐγὼ","ἐγὼ","ἐγώ","ἐγώ"
43,16,26,"V","1FAI-S","ἐρωτήσω","ἐρωτήσω","ἐρωτήσω","ἐρωτάω"
43,16,26,"RA","ASM","τὸν","τὸν","τόν","ὁ"
43,16,26,"N","ASM","πατέρα","πατέρα","πατέρα","πατήρ"
43,16,26,"P",NULL,"περὶ","περὶ","περί","περί"
43,16,26,"RP","GP","ὑμῶν·","ὑμῶν","ὑμῶν","σύ"
43,16,27,"RP","NSM","αὐτὸς","αὐτὸς","αὐτός","αὐτός"
43,16,27,"C",NULL,"γὰρ","γὰρ","γάρ","γάρ"
43,16,27,"RA","NSM","ὁ","ὁ","ὁ","ὁ"
43,16,27,"N","NSM","πατὴρ","πατὴρ","πατήρ","πατήρ"
43,16,27,"V","3PAI-S","φιλεῖ","φιλεῖ","φιλεῖ","φιλέω"
43,16,27,"RP","AP","ὑμᾶς,","ὑμᾶς","ὑμᾶς","σύ"
43,16,27,"C",NULL,"ὅτι","ὅτι","ὅτι","ὅτι"
43,16,27,"RP","NP","ὑμεῖς","ὑμεῖς","ὑμεῖς","σύ"
43,16,27,"RP","AS","ἐμὲ","ἐμὲ","ἐμέ","ἐγώ"
43,16,27,"V","2XAI-P","πεφιλήκατε","πεφιλήκατε","πεφιλήκατε","φιλέω"
43,16,27,"C",NULL,"καὶ","καὶ","καί","καί"
43,16,27,"V","2XAI-P","πεπιστεύκατε","πεπιστεύκατε","πεπιστεύκατε","πιστεύω"
43,16,27,"C",NULL,"ὅτι","ὅτι","ὅτι","ὅτι"
43,16,27,"RP","NS","ἐγὼ","ἐγὼ","ἐγώ","ἐγώ"
43,16,27,"P",NULL,"παρὰ","παρὰ","παρά","παρά"
43,16,27,"RA","GSM","τοῦ","τοῦ","τοῦ","ὁ"
43,16,27,"N","GSM","⸀θεοῦ","θεοῦ","θεοῦ","θεός"
43,16,27,"V","1AAI-S","ἐξῆλθον.","ἐξῆλθον","ἐξῆλθον","ἐξέρχομαι"
43,16,28,"V","1AAI-S","ἐξῆλθον","ἐξῆλθον","ἐξῆλθον","ἐξέρχομαι"
43,16,28,"P",NULL,"⸀ἐκ","ἐκ","ἐκ","ἐκ"
43,16,28,"RA","GSM","τοῦ","τοῦ","τοῦ","ὁ"
43,16,28,"N","GSM","πατρὸς","πατρὸς","πατρός","πατήρ"
43,16,28,"C",NULL,"καὶ","καὶ","καί","καί"
43,16,28,"V","1XAI-S","ἐλήλυθα","ἐλήλυθα","ἐλήλυθα","ἔρχομαι"
43,16,28,"P",NULL,"εἰς","εἰς","εἰς","εἰς"
43,16,28,"RA","ASM","τὸν","τὸν","τόν","ὁ"
43,16,28,"N","ASM","κόσμον·","κόσμον","κόσμον","κόσμος"
43,16,28,"D",NULL,"πάλιν","πάλιν","πάλιν","πάλιν"
43,16,28,"V","1PAI-S","ἀφίημι","ἀφίημι","ἀφίημι","ἀφίημι"
43,16,28,"RA","ASM","τὸν","τὸν","τόν","ὁ"
43,16,28,"N","ASM","κόσμον","κόσμον","κόσμον","κόσμος"
43,16,28,"C",NULL,"καὶ","καὶ","καί","καί"
43,16,28,"V","1PMI-S","πορεύομαι","πορεύομαι","πορεύομαι","πορεύομαι"
43,16,28,"P",NULL,"πρὸς","πρὸς","πρός","πρός"
43,16,28,"RA","ASM","τὸν","τὸν","τόν","ὁ"
43,16,28,"N","ASM","πατέρα.","πατέρα","πατέρα","πατήρ"
43,16,29,"V","3PAI-P","⸀Λέγουσιν","Λέγουσιν","λέγουσι(ν)","λέγω"
43,16,29,"RA","NPM","οἱ","οἱ","οἱ","ὁ"
43,16,29,"N","NPM","μαθηταὶ","μαθηταὶ","μαθηταί","μαθητής"
43,16,29,"RP","GSM","αὐτοῦ·","αὐτοῦ","αὐτοῦ","αὐτός"
43,16,29,"X",NULL,"Ἴδε","Ἴδε","ἴδε","ἴδε"
43,16,29,"D",NULL,"νῦν","νῦν","νῦν","νῦν"
43,16,29,"P",NULL,"⸀ἐν","ἐν","ἐν","ἐν"
43,16,29,"N","DSF","παρρησίᾳ","παρρησίᾳ","παρρησίᾳ","παρρησία"
43,16,29,"V","2PAI-S","λαλεῖς,","λαλεῖς","λαλεῖς","λαλέω"
43,16,29,"C",NULL,"καὶ","καὶ","καί","καί"
43,16,29,"N","ASF","παροιμίαν","παροιμίαν","παροιμίαν","παροιμία"
43,16,29,"A","ASF","οὐδεμίαν","οὐδεμίαν","οὐδεμίαν","οὐδείς"
43,16,29,"V","2PAI-S","λέγεις.","λέγεις","λέγεις","λέγω"
43,16,30,"D",NULL,"νῦν","νῦν","νῦν","νῦν"
43,16,30,"V","1XAI-P","οἴδαμεν","οἴδαμεν","οἴδαμεν","οἶδα"
43,16,30,"C",NULL,"ὅτι","ὅτι","ὅτι","ὅτι"
43,16,30,"V","2XAI-S","οἶδας","οἶδας","οἶδας","οἶδα"
43,16,30,"A","APN","πάντα","πάντα","πάντα","πᾶς"
43,16,30,"C",NULL,"καὶ","καὶ","καί","καί"
43,16,30,"D",NULL,"οὐ","οὐ","οὐ","οὐ"
43,16,30,"N","ASF","χρείαν","χρείαν","χρείαν","χρεία"
43,16,30,"V","2PAI-S","ἔχεις","ἔχεις","ἔχεις","ἔχω"
43,16,30,"C",NULL,"ἵνα","ἵνα","ἵνα","ἵνα"
43,16,30,"RI","NSM","τίς","τίς","τὶς","τις"
43,16,30,"RP","AS","σε","σε","σε","σύ"
43,16,30,"V","3PAS-S","ἐρωτᾷ·","ἐρωτᾷ","ἐρωτᾷ","ἐρωτάω"
43,16,30,"P",NULL,"ἐν","ἐν","ἐν","ἐν"
43,16,30,"RD","DSN","τούτῳ","τούτῳ","τούτῳ","οὗτος"
43,16,30,"V","1PAI-P","πιστεύομεν","πιστεύομεν","πιστεύομεν","πιστεύω"
43,16,30,"C",NULL,"ὅτι","ὅτι","ὅτι","ὅτι"
43,16,30,"P",NULL,"ἀπὸ","ἀπὸ","ἀπό","ἀπό"
43,16,30,"N","GSM","θεοῦ","θεοῦ","θεοῦ","θεός"
43,16,30,"V","2AAI-S","ἐξῆλθες.","ἐξῆλθες","ἐξῆλθες","ἐξέρχομαι"
43,16,31,"V","3API-S","ἀπεκρίθη","ἀπεκρίθη","ἀπεκρίθη","ἀποκρίνομαι"
43,16,31,"RP","DPM","⸀αὐτοῖς","αὐτοῖς","αὐτοῖς","αὐτός"
43,16,31,"N","NSM","Ἰησοῦς·","Ἰησοῦς","Ἰησοῦς","Ἰησοῦς"
43,16,31,"D",NULL,"Ἄρτι","Ἄρτι","ἄρτι","ἄρτι"
43,16,31,"V","2PAI-P","πιστεύετε;","πιστεύετε","πιστεύετε","πιστεύω"
43,16,32,"X",NULL,"ἰδοὺ","ἰδοὺ","ἰδού","ἰδού"
43,16,32,"V","3PMI-S","ἔρχεται","ἔρχεται","ἔρχεται","ἔρχομαι"
43,16,32,"N","NSF","ὥρα","ὥρα","ὥρα","ὥρα"
43,16,32,"C",NULL,"⸀καὶ","καὶ","καί","καί"
43,16,32,"V","3XAI-S","ἐλήλυθεν","ἐλήλυθεν","ἐλήλυθε(ν)","ἔρχομαι"
43,16,32,"C",NULL,"ἵνα","ἵνα","ἵνα","ἵνα"
43,16,32,"V","2APS-P","σκορπισθῆτε","σκορπισθῆτε","σκορπισθῆτε","σκορπίζω"
43,16,32,"A","NSM","ἕκαστος","ἕκαστος","ἕκαστος","ἕκαστος"
43,16,32,"P",NULL,"εἰς","εἰς","εἰς","εἰς"
43,16,32,"RA","APN","τὰ","τὰ","τά","ὁ"
43,16,32,"A","APN","ἴδια","ἴδια","ἴδια","ἴδιος"
43,16,32,"RP","AS","κἀμὲ","κἀμὲ","κἀμέ","κἀγώ"
43,16,32,"A","ASM","μόνον","μόνον","μόνον","μόνος"
43,16,32,"V","2AAS-P","ἀφῆτε·","ἀφῆτε","ἀφῆτε","ἀφίημι"
43,16,32,"C",NULL,"καὶ","καὶ","καί","καί"
43,16,32,"D",NULL,"οὐκ","οὐκ","οὐ","οὐ"
43,16,32,"V","1PAI-S","εἰμὶ","εἰμὶ","εἰμί","εἰμί"
43,16,32,"A","NSM","μόνος,","μόνος","μόνος","μόνος"
43,16,32,"C",NULL,"ὅτι","ὅτι","ὅτι","ὅτι"
43,16,32,"RA","NSM","ὁ","ὁ","ὁ","ὁ"
43,16,32,"N","NSM","πατὴρ","πατὴρ","πατήρ","πατήρ"
43,16,32,"P",NULL,"μετ’","μετ’","μετά","μετά"
43,16,32,"RP","GS","ἐμοῦ","ἐμοῦ","ἐμοῦ","ἐγώ"
43,16,32,"V","3PAI-S","ἐστιν.","ἐστιν","ἐστί(ν)","εἰμί"
43,16,33,"RD","APN","ταῦτα","ταῦτα","ταῦτα","οὗτος"
43,16,33,"V","1XAI-S","λελάληκα","λελάληκα","λελάληκα","λαλέω"
43,16,33,"RP","DP","ὑμῖν","ὑμῖν","ὑμῖν","σύ"
43,16,33,"C",NULL,"ἵνα","ἵνα","ἵνα","ἵνα"
43,16,33,"P",NULL,"ἐν","ἐν","ἐν","ἐν"
43,16,33,"RP","DS","ἐμοὶ","ἐμοὶ","ἐμοί","ἐγώ"
43,16,33,"N","ASF","εἰρήνην","εἰρήνην","εἰρήνην","εἰρήνη"
43,16,33,"V","2PAS-P","ἔχητε·","ἔχητε","ἔχητε","ἔχω"
43,16,33,"P",NULL,"ἐν","ἐν","ἐν","ἐν"
43,16,33,"RA","DSM","τῷ","τῷ","τῷ","ὁ"
43,16,33,"N","DSM","κόσμῳ","κόσμῳ","κόσμῳ","κόσμος"
43,16,33,"N","ASF","θλῖψιν","θλῖψιν","θλῖψιν","θλῖψις"
43,16,33,"V","2PAI-P","ἔχετε,","ἔχετε","ἔχετε","ἔχω"
43,16,33,"C",NULL,"ἀλλὰ","ἀλλὰ","ἀλλά","ἀλλά"
43,16,33,"V","2PAD-P","θαρσεῖτε,","θαρσεῖτε","θαρσεῖτε","θαρσέω"
43,16,33,"RP","NS","ἐγὼ","ἐγὼ","ἐγώ","ἐγώ"
43,16,33,"V","1XAI-S","νενίκηκα","νενίκηκα","νενίκηκα","νικάω"
43,16,33,"RA","ASM","τὸν","τὸν","τόν","ὁ"
43,16,33,"N","ASM","κόσμον.","κόσμον","κόσμον","κόσμος"
43,17,01,"RD","APN","Ταῦτα","Ταῦτα","ταῦτα","οὗτος"
43,17,01,"V","3AAI-S","⸀ἐλάλησεν","ἐλάλησεν","ἐλάλησε(ν)","λαλέω"
43,17,01,"N","NSM","Ἰησοῦς,","Ἰησοῦς","Ἰησοῦς","Ἰησοῦς"
43,17,01,"C",NULL,"καὶ","καὶ","καί","καί"
43,17,01,"V","AAPNSM","⸂ἐπάρας","ἐπάρας","ἐπάρας","ἐπαίρω"
43,17,01,"RA","APM","τοὺς","τοὺς","τούς","ὁ"
43,17,01,"N","APM","ὀφθαλμοὺς","ὀφθαλμοὺς","ὀφθαλμούς","ὀφθαλμός"
43,17,01,"RP","GSM","αὐτοῦ","αὐτοῦ","αὐτοῦ","αὐτός"
43,17,01,"P",NULL,"εἰς","εἰς","εἰς","εἰς"
43,17,01,"RA","ASM","τὸν","τὸν","τόν","ὁ"
43,17,01,"N","ASM","οὐρανὸν","οὐρανὸν","οὐρανόν","οὐρανός"
43,17,01,"V","3AAI-S","εἶπεν⸃·","εἶπεν","εἶπε(ν)","λέγω"
43,17,01,"N","VSM","Πάτερ,","Πάτερ","πάτερ","πατήρ"
43,17,01,"V","3XAI-S","ἐλήλυθεν","ἐλήλυθεν","ἐλήλυθε(ν)","ἔρχομαι"
43,17,01,"RA","NSF","ἡ","ἡ","ἡ","ὁ"
43,17,01,"N","NSF","ὥρα·","ὥρα","ὥρα","ὥρα"
43,17,01,"V","2AAD-S","δόξασόν","δόξασόν","δόξασον","δοξάζω"
43,17,01,"RP","GS","σου","σου","σου","σύ"
43,17,01,"RA","ASM","τὸν","τὸν","τόν","ὁ"
43,17,01,"N","ASM","υἱόν,","υἱόν","υἱόν","υἱός"
43,17,01,"C",NULL,"⸀ἵνα","ἵνα","ἵνα","ἵνα"
43,17,01,"RA","NSM","ὁ","ὁ","ὁ","ὁ"
43,17,01,"N","NSM","⸀υἱὸς","υἱὸς","υἱός","υἱός"
43,17,01,"V","3AAS-S","δοξάσῃ","δοξάσῃ","δοξάσῃ","δοξάζω"
43,17,01,"RP","AS","σέ,","σέ","σέ","σύ"
43,17,02,"C",NULL,"καθὼς","καθὼς","καθώς","καθώς"
43,17,02,"V","2AAI-S","ἔδωκας","ἔδωκας","ἔδωκας","δίδωμι"
43,17,02,"RP","DSM","αὐτῷ","αὐτῷ","αὐτῷ","αὐτός"
43,17,02,"N","ASF","ἐξουσίαν","ἐξουσίαν","ἐξουσίαν","ἐξουσία"
43,17,02,"A","GSF","πάσης","πάσης","πάσης","πᾶς"
43,17,02,"N","GSF","σαρκός,","σαρκός","σαρκός","σάρξ"
43,17,02,"C",NULL,"ἵνα","ἵνα","ἵνα","ἵνα"
43,17,02,"A","ASN","πᾶν","πᾶν","πᾶν","πᾶς"
43,17,02,"RR","ASN","ὃ","ὃ","ὅ","ὅς"
43,17,02,"V","2XAI-S","δέδωκας","δέδωκας","δέδωκας","δίδωμι"
43,17,02,"RP","DSM","αὐτῷ","αὐτῷ","αὐτῷ","αὐτός"
43,17,02,"V","3AAS-S","⸀δώσῃ","δώσῃ","δώσῃ","δίδωμι"
43,17,02,"RP","DPM","αὐτοῖς","αὐτοῖς","αὐτοῖς","αὐτός"
43,17,02,"N","ASF","ζωὴν","ζωὴν","ζωήν","ζωή"
43,17,02,"A","ASF","αἰώνιον.","αἰώνιον","αἰώνιον","αἰώνιος"
43,17,03,"RD","NSF","αὕτη","αὕτη","αὕτη","οὗτος"
43,17,03,"C",NULL,"δέ","δέ","δέ","δέ"
43,17,03,"V","3PAI-S","ἐστιν","ἐστιν","ἐστί(ν)","εἰμί"
43,17,03,"RA","NSF","ἡ","ἡ","ἡ","ὁ"
43,17,03,"A","NSF","αἰώνιος","αἰώνιος","αἰώνιος","αἰώνιος"
43,17,03,"N","NSF","ζωὴ","ζωὴ","ζωή","ζωή"
43,17,03,"D",NULL,"ἵνα","ἵνα","ἵνα","ἵνα"
43,17,03,"V","3PAS-P","γινώσκωσι","γινώσκωσι","γινώσκωσι(ν)","γινώσκω"
43,17,03,"RP","AS","σὲ","σὲ","σέ","σύ"
43,17,03,"RA","ASM","τὸν","τὸν","τόν","ὁ"
43,17,03,"A","ASM","μόνον","μόνον","μόνον","μόνος"
43,17,03,"A","ASM","ἀληθινὸν","ἀληθινὸν","ἀληθινόν","ἀληθινός"
43,17,03,"N","ASM","θεὸν","θεὸν","θεόν","θεός"
43,17,03,"C",NULL,"καὶ","καὶ","καί","καί"
43,17,03,"RR","ASM","ὃν","ὃν","ὅν","ὅς"
43,17,03,"V","2AAI-S","ἀπέστειλας","ἀπέστειλας","ἀπέστειλας","ἀποστέλλω"
43,17,03,"N","ASM","Ἰησοῦν","Ἰησοῦν","Ἰησοῦν","Ἰησοῦς"
43,17,03,"N","ASM","Χριστόν.","Χριστόν","Χριστόν","Χριστός"
43,17,04,"RP","NS","ἐγώ","ἐγώ","ἐγώ","ἐγώ"
43,17,04,"RP","AS","σε","σε","σε","σύ"
43,17,04,"V","1AAI-S","ἐδόξασα","ἐδόξασα","ἐδόξασα","δοξάζω"
43,17,04,"P",NULL,"ἐπὶ","ἐπὶ","ἐπί","ἐπί"
43,17,04,"RA","GSF","τῆς","τῆς","τῆς","ὁ"
43,17,04,"N","GSF","γῆς,","γῆς","γῆς","γῆ"
43,17,04,"RA","ASN","τὸ","τὸ","τό","ὁ"
43,17,04,"N","ASN","ἔργον","ἔργον","ἔργον","ἔργον"
43,17,04,"V","AAPNSM","⸀τελειώσας","τελειώσας","τελειώσας","τελειόω"
43,17,04,"RR","ASN","ὃ","ὃ","ὅ","ὅς"
43,17,04,"V","2XAI-S","δέδωκάς","δέδωκάς","δέδωκας","δίδωμι"
43,17,04,"RP","DS","μοι","μοι","μοι","ἐγώ"
43,17,04,"D",NULL,"ἵνα","ἵνα","ἵνα","ἵνα"
43,17,04,"V","1AAS-S","ποιήσω·","ποιήσω","ποιήσω","ποιέω"
43,17,05,"C",NULL,"καὶ","καὶ","καί","καί"
43,17,05,"D",NULL,"νῦν","νῦν","νῦν","νῦν"
43,17,05,"V","2AAD-S","δόξασόν","δόξασόν","δόξασον","δοξάζω"
43,17,05,"RP","AS","με","με","με","ἐγώ"
43,17,05,"RP","NS","σύ,","σύ","σύ","σύ"
43,17,05,"N","VSM","πάτερ,","πάτερ","πάτερ","πατήρ"
43,17,05,"P",NULL,"παρὰ","παρὰ","παρά","παρά"
43,17,05,"RP","DSM","σεαυτῷ","σεαυτῷ","σεαυτῷ","σεαυτοῦ"
43,17,05,"RA","DSF","τῇ","τῇ","τῇ","ὁ"
43,17,05,"N","DSF","δόξῃ","δόξῃ","δόξῃ","δόξα"
43,17,05,"RR","DSF","ᾗ","ᾗ","ᾗ","ὅς"
43,17,05,"V","1IAI-S","εἶχον","εἶχον","εἶχον","ἔχω"
43,17,05,"P",NULL,"πρὸ","πρὸ","πρό","πρό"
43,17,05,"RA","GSN","τοῦ","τοῦ","τοῦ","ὁ"
43,17,05,"RA","ASM","τὸν","τὸν","τόν","ὁ"
43,17,05,"N","ASM","κόσμον","κόσμον","κόσμον","κόσμος"
43,17,05,"V","PAN","εἶναι","εἶναι","εἶναι","εἰμί"
43,17,05,"P",NULL,"παρὰ","παρὰ","παρά","παρά"
43,17,05,"RP","DS","σοί.","σοί","σοί","σύ"
43,17,06,"V","1AAI-S","Ἐφανέρωσά","Ἐφανέρωσά","ἐφανέρωσα","φανερόω"
43,17,06,"RP","GS","σου","σου","σου","σύ"
43,17,06,"RA","ASN","τὸ","τὸ","τό","ὁ"
43,17,06,"N","ASN","ὄνομα","ὄνομα","ὄνομα","ὄνομα"
43,17,06,"RA","DPM","τοῖς","τοῖς","τοῖς","ὁ"
43,17,06,"N","DPM","ἀνθρώποις","ἀνθρώποις","ἀνθρώποις","ἄνθρωπος"
43,17,06,"RR","APM","οὓς","οὓς","οὕς","ὅς"
43,17,06,"V","2AAI-S","⸀ἔδωκάς","ἔδωκάς","ἔδωκας","δίδωμι"
43,17,06,"RP","DS","μοι","μοι","μοι","ἐγώ"
43,17,06,"P",NULL,"ἐκ","ἐκ","ἐκ","ἐκ"
43,17,06,"RA","GSM","τοῦ","τοῦ","τοῦ","ὁ"
43,17,06,"N","GSM","κόσμου.","κόσμου","κόσμου","κόσμος"
43,17,06,"RP","DS","σοὶ","σοὶ","σοί","σύ"
43,17,06,"V","3IAI-P","ἦσαν","ἦσαν","ἦσαν","εἰμί"
43,17,06,"RP","DS","κἀμοὶ","κἀμοὶ","κἀμοί","κἀγώ"
43,17,06,"RP","APM","αὐτοὺς","αὐτοὺς","αὐτούς","αὐτός"
43,17,06,"V","2AAI-S","⸁ἔδωκας,","ἔδωκας","ἔδωκας","δίδωμι"
43,17,06,"C",NULL,"καὶ","καὶ","καί","καί"
43,17,06,"RA","ASM","τὸν","τὸν","τόν","ὁ"
43,17,06,"N","ASM","λόγον","λόγον","λόγον","λόγος"
43,17,06,"RP","GS","σου","σου","σου","σύ"
43,17,06,"V","3XAI-P","τετήρηκαν.","τετήρηκαν","τετήρηκαν","τηρέω"
43,17,07,"D",NULL,"νῦν","νῦν","νῦν","νῦν"
43,17,07,"V","3XAI-P","ἔγνωκαν","ἔγνωκαν","ἔγνωκαν","γινώσκω"
43,17,07,"C",NULL,"ὅτι","ὅτι","ὅτι","ὅτι"
43,17,07,"A","NPN","πάντα","πάντα","πάντα","πᾶς"
43,17,07,"RR","APN","ὅσα","ὅσα","ὅσα","ὅσος"
43,17,07,"V","2XAI-S","⸀δέδωκάς","δέδωκάς","δέδωκας","δίδωμι"
43,17,07,"RP","DS","μοι","μοι","μοι","ἐγώ"
43,17,07,"P",NULL,"παρὰ","παρὰ","παρά","παρά"
43,17,07,"RP","GS","σοῦ","σοῦ","σοῦ","σύ"
43,17,07,"V","3PAI-P","⸀εἰσιν·","εἰσιν","εἰσί(ν)","εἰμί"
43,17,08,"C",NULL,"ὅτι","ὅτι","ὅτι","ὅτι"
43,17,08,"RA","APN","τὰ","τὰ","τά","ὁ"
43,17,08,"N","APN","ῥήματα","ῥήματα","ῥήματα","ῥῆμα"
43,17,08,"RR","APN","ἃ","ἃ","ἅ","ὅς"
43,17,08,"V","2AAI-S","⸀ἔδωκάς","ἔδωκάς","ἔδωκας","δίδωμι"
43,17,08,"RP","DS","μοι","μοι","μοι","ἐγώ"
43,17,08,"V","1XAI-S","δέδωκα","δέδωκα","δέδωκα","δίδωμι"
43,17,08,"RP","DPM","αὐτοῖς,","αὐτοῖς","αὐτοῖς","αὐτός"
43,17,08,"C",NULL,"καὶ","καὶ","καί","καί"
43,17,08,"RP","NPM","αὐτοὶ","αὐτοὶ","αὐτοί","αὐτός"
43,17,08,"V","3AAI-P","ἔλαβον","ἔλαβον","ἔλαβον","λαμβάνω"
43,17,08,"C",NULL,"καὶ","καὶ","καί","καί"
43,17,08,"V","3AAI-P","ἔγνωσαν","ἔγνωσαν","ἔγνωσαν","γινώσκω"
43,17,08,"D",NULL,"ἀληθῶς","ἀληθῶς","ἀληθῶς","ἀληθῶς"
43,17,08,"C",NULL,"ὅτι","ὅτι","ὅτι","ὅτι"
43,17,08,"P",NULL,"παρὰ","παρὰ","παρά","παρά"
43,17,08,"RP","GS","σοῦ","σοῦ","σοῦ","σύ"
43,17,08,"V","1AAI-S","ἐξῆλθον,","ἐξῆλθον","ἐξῆλθον","ἐξέρχομαι"
43,17,08,"C",NULL,"καὶ","καὶ","καί","καί"
43,17,08,"V","3AAI-P","ἐπίστευσαν","ἐπίστευσαν","ἐπίστευσαν","πιστεύω"
43,17,08,"C",NULL,"ὅτι","ὅτι","ὅτι","ὅτι"
43,17,08,"RP","NS","σύ","σύ","σύ","σύ"
43,17,08,"RP","AS","με","με","με","ἐγώ"
43,17,08,"V","2AAI-S","ἀπέστειλας.","ἀπέστειλας","ἀπέστειλας","ἀποστέλλω"
43,17,09,"RP","NS","ἐγὼ","ἐγὼ","ἐγώ","ἐγώ"
43,17,09,"P",NULL,"περὶ","περὶ","περί","περί"
43,17,09,"RP","GPM","αὐτῶν","αὐτῶν","αὐτῶν","αὐτός"
43,17,09,"V","1PAI-S","ἐρωτῶ·","ἐρωτῶ","ἐρωτῶ","ἐρωτάω"
43,17,09,"D",NULL,"οὐ","οὐ","οὐ","οὐ"
43,17,09,"P",NULL,"περὶ","περὶ","περί","περί"
43,17,09,"RA","GSM","τοῦ","τοῦ","τοῦ","ὁ"
43,17,09,"N","GSM","κόσμου","κόσμου","κόσμου","κόσμος"
43,17,09,"V","1PAI-S","ἐρωτῶ","ἐρωτῶ","ἐρωτῶ","ἐρωτάω"
43,17,09,"C",NULL,"ἀλλὰ","ἀλλὰ","ἀλλά","ἀλλά"
43,17,09,"P",NULL,"περὶ","περὶ","περί","περί"
43,17,09,"RR","GPM","ὧν","ὧν","ὧν","ὅς"
43,17,09,"V","2XAI-S","δέδωκάς","δέδωκάς","δέδωκας","δίδωμι"
43,17,09,"RP","DS","μοι,","μοι","μοι","ἐγώ"
43,17,09,"C",NULL,"ὅτι","ὅτι","ὅτι","ὅτι"
43,17,09,"RP","DS","σοί","σοί","σοί","σύ"
43,17,09,"V","3PAI-P","εἰσιν,","εἰσιν","εἰσί(ν)","εἰμί"
43,17,10,"C",NULL,"καὶ","καὶ","καί","καί"
43,17,10,"RA","NPN","τὰ","τὰ","τά","ὁ"
43,17,10,"A","NPN","ἐμὰ","ἐμὰ","ἐμά","ἐμός"
43,17,10,"A","NPN","πάντα","πάντα","πάντα","πᾶς"
43,17,10,"A","NPN","σά","σά","σά","σός"
43,17,10,"V","3PAI-S","ἐστιν","ἐστιν","ἐστί(ν)","εἰμί"
43,17,10,"C",NULL,"καὶ","καὶ","καί","καί"
43,17,10,"RA","NPN","τὰ","τὰ","τά","ὁ"
43,17,10,"A","NPN","σὰ","σὰ","σά","σός"
43,17,10,"A","NPN","ἐμά,","ἐμά","ἐμά","ἐμός"
43,17,10,"C",NULL,"καὶ","καὶ","καί","καί"
43,17,10,"V","1XPI-S","δεδόξασμαι","δεδόξασμαι","δεδόξασμαι","δοξάζω"
43,17,10,"P",NULL,"ἐν","ἐν","ἐν","ἐν"
43,17,10,"RP","DPM","αὐτοῖς.","αὐτοῖς","αὐτοῖς","αὐτός"
43,17,11,"C",NULL,"καὶ","καὶ","καί","καί"
43,17,11,"D",NULL,"οὐκέτι","οὐκέτι","οὐκέτι","οὐκέτι"
43,17,11,"V","1PAI-S","εἰμὶ","εἰμὶ","εἰμί","εἰμί"
43,17,11,"P",NULL,"ἐν","ἐν","ἐν","ἐν"
43,17,11,"RA","DSM","τῷ","τῷ","τῷ","ὁ"
43,17,11,"N","DSM","κόσμῳ,","κόσμῳ","κόσμῳ","κόσμος"
43,17,11,"C",NULL,"καὶ","καὶ","καί","καί"
43,17,11,"RP","NPM","⸀αὐτοὶ","αὐτοὶ","αὐτοί","αὐτός"
43,17,11,"P",NULL,"ἐν","ἐν","ἐν","ἐν"
43,17,11,"RA","DSM","τῷ","τῷ","τῷ","ὁ"
43,17,11,"N","DSM","κόσμῳ","κόσμῳ","κόσμῳ","κόσμος"
43,17,11,"V","3PAI-P","εἰσίν,","εἰσίν","εἰσί(ν)","εἰμί"
43,17,11,"RP","NS","κἀγὼ","κἀγὼ","κἀγώ","κἀγώ"
43,17,11,"P",NULL,"πρὸς","πρὸς","πρός","πρός"
43,17,11,"RP","AS","σὲ","σὲ","σέ","σύ"
43,17,11,"V","1PMI-S","ἔρχομαι.","ἔρχομαι","ἔρχομαι","ἔρχομαι"
43,17,11,"N","VSM","πάτερ","πάτερ","πάτερ","πατήρ"
43,17,11,"A","VSM","ἅγιε,","ἅγιε","ἅγιε","ἅγιος"
43,17,11,"V","2AAD-S","τήρησον","τήρησον","τήρησον","τηρέω"
43,17,11,"RP","APM","αὐτοὺς","αὐτοὺς","αὐτούς","αὐτός"
43,17,11,"P",NULL,"ἐν","ἐν","ἐν","ἐν"
43,17,11,"RA","DSN","τῷ","τῷ","τῷ","ὁ"
43,17,11,"N","DSN","ὀνόματί","ὀνόματί","ὀνόματι","ὄνομα"
43,17,11,"RP","GS","σου","σου","σου","σύ"
43,17,11,"RR","DSN","ᾧ","ᾧ","ᾧ","ὅς"
43,17,11,"V","2XAI-S","δέδωκάς","δέδωκάς","δέδωκας","δίδωμι"
43,17,11,"RP","DS","μοι,","μοι","μοι","ἐγώ"
43,17,11,"C",NULL,"ἵνα","ἵνα","ἵνα","ἵνα"
43,17,11,"V","3PAS-P","ὦσιν","ὦσιν","ὦσι(ν)","εἰμί"
43,17,11,"A","NSN","ἓν","ἓν","ἕν","εἷς"
43,17,11,"C",NULL,"⸀καθὼς","καθὼς","καθώς","καθώς"
43,17,11,"RP","NP","ἡμεῖς.","ἡμεῖς","ἡμεῖς","ἐγώ"
43,17,12,"C",NULL,"ὅτε","ὅτε","ὅτε","ὅτε"
43,17,12,"V","1IMI-S","ἤμην","ἤμην","ἤμην","εἰμί"
43,17,12,"P",NULL,"μετ’","μετ’","μετά","μετά"
43,17,12,"RP","GPM","⸀αὐτῶν","αὐτῶν","αὐτῶν","αὐτός"
43,17,12,"RP","NS","ἐγὼ","ἐγὼ","ἐγώ","ἐγώ"
43,17,12,"V","1IAI-S","ἐτήρουν","ἐτήρουν","ἐτήρουν","τηρέω"
43,17,12,"RP","APM","αὐτοὺς","αὐτοὺς","αὐτούς","αὐτός"
43,17,12,"P",NULL,"ἐν","ἐν","ἐν","ἐν"
43,17,12,"RA","DSN","τῷ","τῷ","τῷ","ὁ"
43,17,12,"N","DSN","ὀνόματί","ὀνόματί","ὀνόματι","ὄνομα"
43,17,12,"RP","GS","σου","σου","σου","σύ"
43,17,12,"RR","DSN","⸀ᾧ","ᾧ","ᾧ","ὅς"
43,17,12,"V","2XAI-S","δέδωκάς","δέδωκάς","δέδωκας","δίδωμι"
43,17,12,"RP","DS","μοι,","μοι","μοι","ἐγώ"
43,17,12,"C",NULL,"⸀καὶ","καὶ","καί","καί"
43,17,12,"V","1AAI-S","ἐφύλαξα,","ἐφύλαξα","ἐφύλαξα","φυλάσσω"
43,17,12,"C",NULL,"καὶ","καὶ","καί","καί"
43,17,12,"A","NSM","οὐδεὶς","οὐδεὶς","οὐδείς","οὐδείς"
43,17,12,"P",NULL,"ἐξ","ἐξ","ἐκ","ἐκ"
43,17,12,"RP","GPM","αὐτῶν","αὐτῶν","αὐτῶν","αὐτός"
43,17,12,"V","3AMI-S","ἀπώλετο","ἀπώλετο","ἀπώλετο","ἀπόλλυμι"
43,17,12,"C",NULL,"εἰ","εἰ","εἰ","εἰ"
43,17,12,"D",NULL,"μὴ","μὴ","μή","μή"
43,17,12,"RA","NSM","ὁ","ὁ","ὁ","ὁ"
43,17,12,"N","NSM","υἱὸς","υἱὸς","υἱός","υἱός"
43,17,12,"RA","GSF","τῆς","τῆς","τῆς","ὁ"
43,17,12,"N","GSF","ἀπωλείας,","ἀπωλείας","ἀπωλείας","ἀπώλεια"
43,17,12,"C",NULL,"ἵνα","ἵνα","ἵνα","ἵνα"
43,17,12,"RA","NSF","ἡ","ἡ","ἡ","ὁ"
43,17,12,"N","NSF","γραφὴ","γραφὴ","γραφή","γραφή"
43,17,12,"V","3APS-S","πληρωθῇ.","πληρωθῇ","πληρωθῇ","πληρόω"
43,17,13,"D",NULL,"νῦν","νῦν","νῦν","νῦν"
43,17,13,"C",NULL,"δὲ","δὲ","δέ","δέ"
43,17,13,"P",NULL,"πρὸς","πρὸς","πρός","πρός"
43,17,13,"RP","AS","σὲ","σὲ","σέ","σύ"
43,17,13,"V","1PMI-S","ἔρχομαι,","ἔρχομαι","ἔρχομαι","ἔρχομαι"
43,17,13,"C",NULL,"καὶ","καὶ","καί","καί"
43,17,13,"RD","APN","ταῦτα","ταῦτα","ταῦτα","οὗτος"
43,17,13,"V","1PAI-S","λαλῶ","λαλῶ","λαλῶ","λαλέω"
43,17,13,"P",NULL,"ἐν","ἐν","ἐν","ἐν"
43,17,13,"RA","DSM","τῷ","τῷ","τῷ","ὁ"
43,17,13,"N","DSM","κόσμῳ","κόσμῳ","κόσμῳ","κόσμος"
43,17,13,"C",NULL,"ἵνα","ἵνα","ἵνα","ἵνα"
43,17,13,"V","3PAS-P","ἔχωσιν","ἔχωσιν","ἔχωσι(ν)","ἔχω"
43,17,13,"RA","ASF","τὴν","τὴν","τήν","ὁ"
43,17,13,"N","ASF","χαρὰν","χαρὰν","χαράν","χαρά"
43,17,13,"RA","ASF","τὴν","τὴν","τήν","ὁ"
43,17,13,"A","ASF","ἐμὴν","ἐμὴν","ἐμήν","ἐμός"
43,17,13,"V","XPPASF","πεπληρωμένην","πεπληρωμένην","πεπληρωμένην","πληρόω"
43,17,13,"P",NULL,"ἐν","ἐν","ἐν","ἐν"
43,17,13,"RP","DPM","⸀ἑαυτοῖς.","ἑαυτοῖς","ἑαυτοῖς","ἑαυτοῦ"
43,17,14,"RP","NS","ἐγὼ","ἐγὼ","ἐγώ","ἐγώ"
43,17,14,"V","1XAI-S","δέδωκα","δέδωκα","δέδωκα","δίδωμι"
43,17,14,"RP","DPM","αὐτοῖς","αὐτοῖς","αὐτοῖς","αὐτός"
43,17,14,"RA","ASM","τὸν","τὸν","τόν","ὁ"
43,17,14,"N","ASM","λόγον","λόγον","λόγον","λόγος"
43,17,14,"RP","GS","σου,","σου","σου","σύ"
43,17,14,"C",NULL,"καὶ","καὶ","καί","καί"
43,17,14,"RA","NSM","ὁ","ὁ","ὁ","ὁ"
43,17,14,"N","NSM","κόσμος","κόσμος","κόσμος","κόσμος"
43,17,14,"V","3AAI-S","ἐμίσησεν","ἐμίσησεν","ἐμίσησε(ν)","μισέω"
43,17,14,"RP","APM","αὐτούς,","αὐτούς","αὐτούς","αὐτός"
43,17,14,"C",NULL,"ὅτι","ὅτι","ὅτι","ὅτι"
43,17,14,"D",NULL,"οὐκ","οὐκ","οὐ","οὐ"
43,17,14,"V","3PAI-P","εἰσὶν","εἰσὶν","εἰσί(ν)","εἰμί"
43,17,14,"P",NULL,"ἐκ","ἐκ","ἐκ","ἐκ"
43,17,14,"RA","GSM","τοῦ","τοῦ","τοῦ","ὁ"
43,17,14,"N","GSM","κόσμου","κόσμου","κόσμου","κόσμος"
43,17,14,"C",NULL,"καθὼς","καθὼς","καθώς","καθώς"
43,17,14,"RP","NS","ἐγὼ","ἐγὼ","ἐγώ","ἐγώ"
43,17,14,"D",NULL,"οὐκ","οὐκ","οὐ","οὐ"
43,17,14,"V","1PAI-S","εἰμὶ","εἰμὶ","εἰμί","εἰμί"
43,17,14,"P",NULL,"ἐκ","ἐκ","ἐκ","ἐκ"
43,17,14,"RA","GSM","τοῦ","τοῦ","τοῦ","ὁ"
43,17,14,"N","GSM","κόσμου.","κόσμου","κόσμου","κόσμος"
43,17,15,"D",NULL,"οὐκ","οὐκ","οὐ","οὐ"
43,17,15,"V","1PAI-S","ἐρωτῶ","ἐρωτῶ","ἐρωτῶ","ἐρωτάω"
43,17,15,"C",NULL,"ἵνα","ἵνα","ἵνα","ἵνα"
43,17,15,"V","2AAS-S","ἄρῃς","ἄρῃς","ἄρῃς","αἴρω"
43,17,15,"RP","APM","αὐτοὺς","αὐτοὺς","αὐτούς","αὐτός"
43,17,15,"P",NULL,"ἐκ","ἐκ","ἐκ","ἐκ"
43,17,15,"RA","GSM","τοῦ","τοῦ","τοῦ","ὁ"
43,17,15,"N","GSM","κόσμου","κόσμου","κόσμου","κόσμος"
43,17,15,"C",NULL,"ἀλλ’","ἀλλ’","ἀλλά","ἀλλά"
43,17,15,"C",NULL,"ἵνα","ἵνα","ἵνα","ἵνα"
43,17,15,"V","2AAS-S","τηρήσῃς","τηρήσῃς","τηρήσῃς","τηρέω"
43,17,15,"RP","APM","αὐτοὺς","αὐτοὺς","αὐτούς","αὐτός"
43,17,15,"P",NULL,"ἐκ","ἐκ","ἐκ","ἐκ"
43,17,15,"RA","GSM","τοῦ","τοῦ","τοῦ","ὁ"
43,17,15,"A","GSM","πονηροῦ.","πονηροῦ","πονηροῦ","πονηρός"
43,17,16,"P",NULL,"ἐκ","ἐκ","ἐκ","ἐκ"
43,17,16,"RA","GSM","τοῦ","τοῦ","τοῦ","ὁ"
43,17,16,"N","GSM","κόσμου","κόσμου","κόσμου","κόσμος"
43,17,16,"D",NULL,"οὐκ","οὐκ","οὐ","οὐ"
43,17,16,"V","3PAI-P","εἰσὶν","εἰσὶν","εἰσί(ν)","εἰμί"
43,17,16,"C",NULL,"καθὼς","καθὼς","καθώς","καθώς"
43,17,16,"RP","NS","ἐγὼ","ἐγὼ","ἐγώ","ἐγώ"
43,17,16,"D",NULL,"⸂οὐκ","οὐκ","οὐ","οὐ"
43,17,16,"V","1PAI-S","εἰμὶ","εἰμὶ","εἰμί","εἰμί"
43,17,16,"P",NULL,"ἐκ","ἐκ","ἐκ","ἐκ"
43,17,16,"RA","GSM","τοῦ","τοῦ","τοῦ","ὁ"
43,17,16,"N","GSM","κόσμου⸃.","κόσμου","κόσμου","κόσμος"
43,17,17,"V","2AAD-S","ἁγίασον","ἁγίασον","ἁγίασον","ἁγιάζω"
43,17,17,"RP","APM","αὐτοὺς","αὐτοὺς","αὐτούς","αὐτός"
43,17,17,"P",NULL,"ἐν","ἐν","ἐν","ἐν"
43,17,17,"RA","DSF","τῇ","τῇ","τῇ","ὁ"
43,17,17,"N","DSF","⸀ἀληθείᾳ·","ἀληθείᾳ","ἀληθείᾳ","ἀλήθεια"
43,17,17,"RA","NSM","ὁ","ὁ","ὁ","ὁ"
43,17,17,"N","NSM","λόγος","λόγος","λόγος","λόγος"
43,17,17,"RA","NSM","ὁ","ὁ","ὁ","ὁ"
43,17,17,"A","NSM","σὸς","σὸς","σός","σός"
43,17,17,"N","NSF","ἀλήθειά","ἀλήθειά","ἀλήθεια","ἀλήθεια"
43,17,17,"V","3PAI-S","ἐστιν.","ἐστιν","ἐστί(ν)","εἰμί"
43,17,18,"C",NULL,"καθὼς","καθὼς","καθώς","καθώς"
43,17,18,"RP","AS","ἐμὲ","ἐμὲ","ἐμέ","ἐγώ"
43,17,18,"V","2AAI-S","ἀπέστειλας","ἀπέστειλας","ἀπέστειλας","ἀποστέλλω"
43,17,18,"P",NULL,"εἰς","εἰς","εἰς","εἰς"
43,17,18,"RA","ASM","τὸν","τὸν","τόν","ὁ"
43,17,18,"N","ASM","κόσμον,","κόσμον","κόσμον","κόσμος"
43,17,18,"RP","NS","κἀγὼ","κἀγὼ","κἀγώ","κἀγώ"
43,17,18,"V","1AAI-S","ἀπέστειλα","ἀπέστειλα","ἀπέστειλα","ἀποστέλλω"
43,17,18,"RP","APM","αὐτοὺς","αὐτοὺς","αὐτούς","αὐτός"
43,17,18,"P",NULL,"εἰς","εἰς","εἰς","εἰς"
43,17,18,"RA","ASM","τὸν","τὸν","τόν","ὁ"
43,17,18,"N","ASM","κόσμον·","κόσμον","κόσμον","κόσμος"
43,17,19,"C",NULL,"καὶ","καὶ","καί","καί"
43,17,19,"P",NULL,"ὑπὲρ","ὑπὲρ","ὑπέρ","ὑπέρ"
43,17,19,"RP","GPM","αὐτῶν","αὐτῶν","αὐτῶν","αὐτός"
43,17,19,"RP","NS","ἐγὼ","ἐγὼ","ἐγώ","ἐγώ"
43,17,19,"V","1PAI-S","ἁγιάζω","ἁγιάζω","ἁγιάζω","ἁγιάζω"
43,17,19,"RP","ASM","ἐμαυτόν,","ἐμαυτόν","ἐμαυτόν","ἐμαυτοῦ"
43,17,19,"C",NULL,"ἵνα","ἵνα","ἵνα","ἵνα"
43,17,19,"V","3PAS-P","⸂ὦσιν","ὦσιν","ὦσι(ν)","εἰμί"
43,17,19,"D",NULL,"καὶ","καὶ","καί","καί"
43,17,19,"RP","NPM","αὐτοὶ⸃","αὐτοὶ","αὐτοί","αὐτός"
43,17,19,"V","XPPNPM","ἡγιασμένοι","ἡγιασμένοι","ἡγιασμένοι","ἁγιάζω"
43,17,19,"P",NULL,"ἐν","ἐν","ἐν","ἐν"
43,17,19,"N","DSF","ἀληθείᾳ.","ἀληθείᾳ","ἀληθείᾳ","ἀλήθεια"
43,17,20,"D",NULL,"Οὐ","Οὐ","οὐ","οὐ"
43,17,20,"P",NULL,"περὶ","περὶ","περί","περί"
43,17,20,"RD","GPM","τούτων","τούτων","τούτων","οὗτος"
43,17,20,"C",NULL,"δὲ","δὲ","δέ","δέ"
43,17,20,"V","1PAI-S","ἐρωτῶ","ἐρωτῶ","ἐρωτῶ","ἐρωτάω"
43,17,20,"A","ASN","μόνον,","μόνον","μόνον","μόνος"
43,17,20,"C",NULL,"ἀλλὰ","ἀλλὰ","ἀλλά","ἀλλά"
43,17,20,"D",NULL,"καὶ","καὶ","καί","καί"
43,17,20,"P",NULL,"περὶ","περὶ","περί","περί"
43,17,20,"RA","GPM","τῶν","τῶν","τῶν","ὁ"
43,17,20,"V","PAPGPM","πιστευόντων","πιστευόντων","πιστευόντων","πιστεύω"
43,17,20,"P",NULL,"διὰ","διὰ","διά","διά"
43,17,20,"RA","GSM","τοῦ","τοῦ","τοῦ","ὁ"
43,17,20,"N","GSM","λόγου","λόγου","λόγου","λόγος"
43,17,20,"RP","GPM","αὐτῶν","αὐτῶν","αὐτῶν","αὐτός"
43,17,20,"P",NULL,"εἰς","εἰς","εἰς","εἰς"
43,17,20,"RP","AS","ἐμέ,","ἐμέ","ἐμέ","ἐγώ"
43,17,21,"C",NULL,"ἵνα","ἵνα","ἵνα","ἵνα"
43,17,21,"A","NPM","πάντες","πάντες","πάντες","πᾶς"
43,17,21,"A","NSN","ἓν","ἓν","ἕν","εἷς"
43,17,21,"V","3PAS-P","ὦσιν,","ὦσιν","ὦσι(ν)","εἰμί"
43,17,21,"C",NULL,"καθὼς","καθὼς","καθώς","καθώς"
43,17,21,"RP","NS","σύ,","σύ","σύ","σύ"
43,17,21,"N","VSM","⸀πάτερ,","πάτερ","πάτερ","πατήρ"
43,17,21,"P",NULL,"ἐν","ἐν","ἐν","ἐν"
43,17,21,"RP","DS","ἐμοὶ","ἐμοὶ","ἐμοί","ἐγώ"
43,17,21,"RP","NS","κἀγὼ","κἀγὼ","κἀγώ","κἀγώ"
43,17,21,"P",NULL,"ἐν","ἐν","ἐν","ἐν"
43,17,21,"RP","DS","σοί,","σοί","σοί","σύ"
43,17,21,"C",NULL,"ἵνα","ἵνα","ἵνα","ἵνα"
43,17,21,"D",NULL,"καὶ","καὶ","καί","καί"
43,17,21,"RP","NPM","αὐτοὶ","αὐτοὶ","αὐτοί","αὐτός"
43,17,21,"P",NULL,"ἐν","ἐν","ἐν","ἐν"
43,17,21,"RP","DP","⸀ἡμῖν","ἡμῖν","ἡμῖν","ἐγώ"
43,17,21,"V","3PAS-P","ὦσιν,","ὦσιν","ὦσι(ν)","εἰμί"
43,17,21,"C",NULL,"ἵνα","ἵνα","ἵνα","ἵνα"
43,17,21,"RA","NSM","ὁ","ὁ","ὁ","ὁ"
43,17,21,"N","NSM","κόσμος","κόσμος","κόσμος","κόσμος"
43,17,21,"V","3PAS-S","⸀πιστεύῃ","πιστεύῃ","πιστεύῃ","πιστεύω"
43,17,21,"C",NULL,"ὅτι","ὅτι","ὅτι","ὅτι"
43,17,21,"RP","NS","σύ","σύ","σύ","σύ"
43,17,21,"RP","AS","με","με","με","ἐγώ"
43,17,21,"V","2AAI-S","ἀπέστειλας.","ἀπέστειλας","ἀπέστειλας","ἀποστέλλω"
43,17,22,"RP","NS","κἀγὼ","κἀγὼ","κἀγώ","κἀγώ"
43,17,22,"RA","ASF","τὴν","τὴν","τήν","ὁ"
43,17,22,"N","ASF","δόξαν","δόξαν","δόξαν","δόξα"
43,17,22,"RR","ASF","ἣν","ἣν","ἥν","ὅς"
43,17,22,"V","2XAI-S","δέδωκάς","δέδωκάς","δέδωκας","δίδωμι"
43,17,22,"RP","DS","μοι","μοι","μοι","ἐγώ"
43,17,22,"V","1XAI-S","δέδωκα","δέδωκα","δέδωκα","δίδωμι"
43,17,22,"RP","DPM","αὐτοῖς,","αὐτοῖς","αὐτοῖς","αὐτός"
43,17,22,"C",NULL,"ἵνα","ἵνα","ἵνα","ἵνα"
43,17,22,"V","3PAS-P","ὦσιν","ὦσιν","ὦσι(ν)","εἰμί"
43,17,22,"A","NSN","ἓν","ἓν","ἕν","εἷς"
43,17,22,"C",NULL,"καθὼς","καθὼς","καθώς","καθώς"
43,17,22,"RP","NP","ἡμεῖς","ἡμεῖς","ἡμεῖς","ἐγώ"
43,17,22,"A","NSN","⸀ἕν,","ἕν","ἕν","εἷς"
43,17,23,"RP","NS","ἐγὼ","ἐγὼ","ἐγώ","ἐγώ"
43,17,23,"P",NULL,"ἐν","ἐν","ἐν","ἐν"
43,17,23,"RP","DPM","αὐτοῖς","αὐτοῖς","αὐτοῖς","αὐτός"
43,17,23,"C",NULL,"καὶ","καὶ","καί","καί"
43,17,23,"RP","NS","σὺ","σὺ","σύ","σύ"
43,17,23,"P",NULL,"ἐν","ἐν","ἐν","ἐν"
43,17,23,"RP","DS","ἐμοί,","ἐμοί","ἐμοί","ἐγώ"
43,17,23,"C",NULL,"ἵνα","ἵνα","ἵνα","ἵνα"
43,17,23,"V","3PAS-P","ὦσιν","ὦσιν","ὦσι(ν)","εἰμί"
43,17,23,"V","XPPNPM","τετελειωμένοι","τετελειωμένοι","τετελειωμένοι","τελειόω"
43,17,23,"P",NULL,"εἰς","εἰς","εἰς","εἰς"
43,17,23,"A","ASN","ἕν,","ἕν","ἕν","εἷς"
43,17,23,"C",NULL,"⸀ἵνα","ἵνα","ἵνα","ἵνα"
43,17,23,"V","3PAS-S","γινώσκῃ","γινώσκῃ","γινώσκῃ","γινώσκω"
43,17,23,"RA","NSM","ὁ","ὁ","ὁ","ὁ"
43,17,23,"N","NSM","κόσμος","κόσμος","κόσμος","κόσμος"
43,17,23,"C",NULL,"ὅτι","ὅτι","ὅτι","ὅτι"
43,17,23,"RP","NS","σύ","σύ","σύ","σύ"
43,17,23,"RP","AS","με","με","με","ἐγώ"
43,17,23,"V","2AAI-S","ἀπέστειλας","ἀπέστειλας","ἀπέστειλας","ἀποστέλλω"
43,17,23,"C",NULL,"καὶ","καὶ","καί","καί"
43,17,23,"V","2AAI-S","ἠγάπησας","ἠγάπησας","ἠγάπησας","ἀγαπάω"
43,17,23,"RP","APM","αὐτοὺς","αὐτοὺς","αὐτούς","αὐτός"
43,17,23,"C",NULL,"καθὼς","καθὼς","καθώς","καθώς"
43,17,23,"RP","AS","ἐμὲ","ἐμὲ","ἐμέ","ἐγώ"
43,17,23,"V","2AAI-S","ἠγάπησας.","ἠγάπησας","ἠγάπησας","ἀγαπάω"
43,17,24,"N","VSM","⸀πάτερ,","πάτερ","πάτερ","πατήρ"
43,17,24,"RR","ASN","⸀ὃ","ὃ","ὅ","ὅς"
43,17,24,"V","2XAI-S","δέδωκάς","δέδωκάς","δέδωκας","δίδωμι"
43,17,24,"RP","DS","μοι,","μοι","μοι","ἐγώ"
43,17,24,"V","1PAI-S","θέλω","θέλω","θέλω","θέλω"
43,17,24,"C",NULL,"ἵνα","ἵνα","ἵνα","ἵνα"
43,17,24,"C",NULL,"ὅπου","ὅπου","ὅπου","ὅπου"
43,17,24,"V","1PAI-S","εἰμὶ","εἰμὶ","εἰμί","εἰμί"
43,17,24,"RP","NS","ἐγὼ","ἐγὼ","ἐγώ","ἐγώ"
43,17,24,"RD","NPM","κἀκεῖνοι","κἀκεῖνοι","κἀκεῖνοι","κἀκεῖνος"
43,17,24,"V","3PAS-P","ὦσιν","ὦσιν","ὦσι(ν)","εἰμί"
43,17,24,"P",NULL,"μετ’","μετ’","μετά","μετά"
43,17,24,"RP","GS","ἐμοῦ,","ἐμοῦ","ἐμοῦ","ἐγώ"
43,17,24,"C",NULL,"ἵνα","ἵνα","ἵνα","ἵνα"
43,17,24,"V","3PAS-P","θεωρῶσιν","θεωρῶσιν","θεωρῶσι(ν)","θεωρέω"
43,17,24,"RA","ASF","τὴν","τὴν","τήν","ὁ"
43,17,24,"N","ASF","δόξαν","δόξαν","δόξαν","δόξα"
43,17,24,"RA","ASF","τὴν","τὴν","τήν","ὁ"
43,17,24,"A","ASF","ἐμὴν","ἐμὴν","ἐμήν","ἐμός"
43,17,24,"RR","ASF","ἣν","ἣν","ἥν","ὅς"
43,17,24,"V","2XAI-S","⸀δέδωκάς","δέδωκάς","δέδωκας","δίδωμι"
43,17,24,"RP","DS","μοι,","μοι","μοι","ἐγώ"
43,17,24,"C",NULL,"ὅτι","ὅτι","ὅτι","ὅτι"
43,17,24,"V","2AAI-S","ἠγάπησάς","ἠγάπησάς","ἠγάπησας","ἀγαπάω"
43,17,24,"RP","AS","με","με","με","ἐγώ"
43,17,24,"P",NULL,"πρὸ","πρὸ","πρό","πρό"
43,17,24,"N","GSF","καταβολῆς","καταβολῆς","καταβολῆς","καταβολή"
43,17,24,"N","GSM","κόσμου.","κόσμου","κόσμου","κόσμος"
43,17,25,"N","VSM","⸀Πάτερ","Πάτερ","πάτερ","πατήρ"
43,17,25,"A","VSM","δίκαιε,","δίκαιε","δίκαιε","δίκαιος"
43,17,25,"D",NULL,"καὶ","καὶ","καί","καί"
43,17,25,"RA","NSM","ὁ","ὁ","ὁ","ὁ"
43,17,25,"N","NSM","κόσμος","κόσμος","κόσμος","κόσμος"
43,17,25,"RP","AS","σε","σε","σε","σύ"
43,17,25,"D",NULL,"οὐκ","οὐκ","οὐ","οὐ"
43,17,25,"V","3AAI-S","ἔγνω,","ἔγνω","ἔγνω","γινώσκω"
43,17,25,"RP","NS","ἐγὼ","ἐγὼ","ἐγώ","ἐγώ"
43,17,25,"C",NULL,"δέ","δέ","δέ","δέ"
43,17,25,"RP","AS","σε","σε","σε","σύ"
43,17,25,"V","1AAI-S","ἔγνων,","ἔγνων","ἔγνων","γινώσκω"
43,17,25,"C",NULL,"καὶ","καὶ","καί","καί"
43,17,25,"RD","NPM","οὗτοι","οὗτοι","οὗτοι","οὗτος"
43,17,25,"V","3AAI-P","ἔγνωσαν","ἔγνωσαν","ἔγνωσαν","γινώσκω"
43,17,25,"C",NULL,"ὅτι","ὅτι","ὅτι","ὅτι"
43,17,25,"RP","NS","σύ","σύ","σύ","σύ"
43,17,25,"RP","AS","με","με","με","ἐγώ"
43,17,25,"V","2AAI-S","ἀπέστειλας,","ἀπέστειλας","ἀπέστειλας","ἀποστέλλω"
43,17,26,"C",NULL,"καὶ","καὶ","καί","καί"
43,17,26,"V","1AAI-S","ἐγνώρισα","ἐγνώρισα","ἐγνώρισα","γνωρίζω"
43,17,26,"RP","DPM","αὐτοῖς","αὐτοῖς","αὐτοῖς","αὐτός"
43,17,26,"RA","ASN","τὸ","τὸ","τό","ὁ"
43,17,26,"N","ASN","ὄνομά","ὄνομά","ὄνομα","ὄνομα"
43,17,26,"RP","GS","σου","σου","σου","σύ"
43,17,26,"C",NULL,"καὶ","καὶ","καί","καί"
43,17,26,"V","1FAI-S","γνωρίσω,","γνωρίσω","γνωρίσω","γνωρίζω"
43,17,26,"C",NULL,"ἵνα","ἵνα","ἵνα","ἵνα"
43,17,26,"RA","NSF","ἡ","ἡ","ἡ","ὁ"
43,17,26,"N","NSF","ἀγάπη","ἀγάπη","ἀγάπη","ἀγάπη"
43,17,26,"RR","ASF","ἣν","ἣν","ἥν","ὅς"
43,17,26,"V","2AAI-S","ἠγάπησάς","ἠγάπησάς","ἠγάπησας","ἀγαπάω"
43,17,26,"RP","AS","με","με","με","ἐγώ"
43,17,26,"P",NULL,"ἐν","ἐν","ἐν","ἐν"
43,17,26,"RP","DPM","αὐτοῖς","αὐτοῖς","αὐτοῖς","αὐτός"
43,17,26,"V","3PAS-S","ᾖ","ᾖ","ᾖ","εἰμί"
43,17,26,"RP","NS","κἀγὼ","κἀγὼ","κἀγώ","κἀγώ"
43,17,26,"P",NULL,"ἐν","ἐν","ἐν","ἐν"
43,17,26,"RP","DPM","αὐτοῖς.","αὐτοῖς","αὐτοῖς","αὐτός"
43,18,01,"RD","APN","Ταῦτα","Ταῦτα","ταῦτα","οὗτος"
43,18,01,"V","AAPNSM","⸀εἰπὼν","εἰπὼν","εἰπών","λέγω"
43,18,01,"N","NSM","Ἰησοῦς","Ἰησοῦς","Ἰησοῦς","Ἰησοῦς"
43,18,01,"V","3AAI-S","ἐξῆλθεν","ἐξῆλθεν","ἐξῆλθε(ν)","ἐξέρχομαι"
43,18,01,"P",NULL,"σὺν","σὺν","σύν","σύν"
43,18,01,"RA","DPM","τοῖς","τοῖς","τοῖς","ὁ"
43,18,01,"N","DPM","μαθηταῖς","μαθηταῖς","μαθηταῖς","μαθητής"
43,18,01,"RP","GSM","αὐτοῦ","αὐτοῦ","αὐτοῦ","αὐτός"
43,18,01,"P",NULL,"πέραν","πέραν","πέραν","πέραν"
43,18,01,"RA","GSM","τοῦ","τοῦ","τοῦ","ὁ"
43,18,01,"N","GSM","χειμάρρου","χειμάρρου","χειμάρρου","χείμαρρος"
43,18,01,"RA","GSM","⸀τοῦ","τοῦ","τοῦ","ὁ"
43,18,01,"N","GSM","Κεδρὼν","Κεδρὼν","Κεδρών","Κεδρών"
43,18,01,"D",NULL,"ὅπου","ὅπου","ὅπου","ὅπου"
43,18,01,"V","3IAI-S","ἦν","ἦν","ἦν","εἰμί"
43,18,01,"N","NSM","κῆπος,","κῆπος","κῆπος","κῆπος"
43,18,01,"P",NULL,"εἰς","εἰς","εἰς","εἰς"
43,18,01,"RR","ASM","ὃν","ὃν","ὅν","ὅς"
43,18,01,"V","3AAI-S","εἰσῆλθεν","εἰσῆλθεν","εἰσῆλθε(ν)","εἰσέρχομαι"
43,18,01,"RP","NSM","αὐτὸς","αὐτὸς","αὐτός","αὐτός"
43,18,01,"C",NULL,"καὶ","καὶ","καί","καί"
43,18,01,"RA","NPM","οἱ","οἱ","οἱ","ὁ"
43,18,01,"N","NPM","μαθηταὶ","μαθηταὶ","μαθηταί","μαθητής"
43,18,01,"RP","GSM","αὐτοῦ.","αὐτοῦ","αὐτοῦ","αὐτός"
43,18,02,"V","3YAI-S","ᾔδει","ᾔδει","ᾔδει","οἶδα"
43,18,02,"C",NULL,"δὲ","δὲ","δέ","δέ"
43,18,02,"D",NULL,"καὶ","καὶ","καί","καί"
43,18,02,"N","NSM","Ἰούδας","Ἰούδας","Ἰούδας","Ἰούδας"
43,18,02,"RA","NSM","ὁ","ὁ","ὁ","ὁ"
43,18,02,"V","PAPNSM","παραδιδοὺς","παραδιδοὺς","παραδιδούς","παραδίδωμι"
43,18,02,"RP","ASM","αὐτὸν","αὐτὸν","αὐτόν","αὐτός"
43,18,02,"RA","ASM","τὸν","τὸν","τόν","ὁ"
43,18,02,"N","ASM","τόπον,","τόπον","τόπον","τόπος"
43,18,02,"C",NULL,"ὅτι","ὅτι","ὅτι","ὅτι"
43,18,02,"D",NULL,"πολλάκις","πολλάκις","πολλάκις","πολλάκις"
43,18,02,"V","3API-S","⸀συνήχθη","συνήχθη","συνήχθη","συνάγω"
43,18,02,"N","NSM","Ἰησοῦς","Ἰησοῦς","Ἰησοῦς","Ἰησοῦς"
43,18,02,"D",NULL,"ἐκεῖ","ἐκεῖ","ἐκεῖ","ἐκεῖ"
43,18,02,"P",NULL,"μετὰ","μετὰ","μετά","μετά"
43,18,02,"RA","GPM","τῶν","τῶν","τῶν","ὁ"
43,18,02,"N","GPM","μαθητῶν","μαθητῶν","μαθητῶν","μαθητής"
43,18,02,"RP","GSM","αὐτοῦ.","αὐτοῦ","αὐτοῦ","αὐτός"
43,18,03,"RA","NSM","ὁ","ὁ","ὁ","ὁ"
43,18,03,"C",NULL,"οὖν","οὖν","οὖν","οὖν"
43,18,03,"N","NSM","Ἰούδας","Ἰούδας","Ἰούδας","Ἰούδας"
43,18,03,"V","AAPNSM","λαβὼν","λαβὼν","λαβών","λαμβάνω"
43,18,03,"RA","ASF","τὴν","τὴν","τήν","ὁ"
43,18,03,"N","ASF","σπεῖραν","σπεῖραν","σπεῖραν","σπεῖρα"
43,18,03,"C",NULL,"καὶ","καὶ","καί","καί"
43,18,03,"P",NULL,"ἐκ","ἐκ","ἐκ","ἐκ"
43,18,03,"RA","GPM","τῶν","τῶν","τῶν","ὁ"
43,18,03,"N","GPM","ἀρχιερέων","ἀρχιερέων","ἀρχιερέων","ἀρχιερεύς"
43,18,03,"C",NULL,"καὶ","καὶ","καί","καί"
43,18,03,"P",NULL,"⸂ἐκ","ἐκ","ἐκ","ἐκ"
43,18,03,"RA","GPM","τῶν⸃","τῶν","τῶν","ὁ"
43,18,03,"N","GPM","Φαρισαίων","Φαρισαίων","Φαρισαίων","Φαρισαῖος"
43,18,03,"N","APM","ὑπηρέτας","ὑπηρέτας","ὑπηρέτας","ὑπηρέτης"
43,18,03,"V","3PMI-S","ἔρχεται","ἔρχεται","ἔρχεται","ἔρχομαι"
43,18,03,"D",NULL,"ἐκεῖ","ἐκεῖ","ἐκεῖ","ἐκεῖ"
43,18,03,"P",NULL,"μετὰ","μετὰ","μετά","μετά"
43,18,03,"N","GPM","φανῶν","φανῶν","φανῶν","φανός"
43,18,03,"C",NULL,"καὶ","καὶ","καί","καί"
43,18,03,"N","GPF","λαμπάδων","λαμπάδων","λαμπάδων","λαμπάς"
43,18,03,"C",NULL,"καὶ","καὶ","καί","καί"
43,18,03,"N","GPN","ὅπλων.","ὅπλων","ὅπλων","ὅπλον"
43,18,04,"N","NSM","Ἰησοῦς","Ἰησοῦς","Ἰησοῦς","Ἰησοῦς"
43,18,04,"C",NULL,"⸀οὖν","οὖν","οὖν","οὖν"
43,18,04,"V","XAPNSM","εἰδὼς","εἰδὼς","εἰδώς","ὁράω"
43,18,04,"A","APN","πάντα","πάντα","πάντα","πᾶς"
43,18,04,"RA","APN","τὰ","τὰ","τά","ὁ"
43,18,04,"V","PMPAPN","ἐρχόμενα","ἐρχόμενα","ἐρχόμενα","ἔρχομαι"
43,18,04,"P",NULL,"ἐπ’","ἐπ’","ἐπί","ἐπί"
43,18,04,"RP","ASM","αὐτὸν","αὐτὸν","αὐτόν","αὐτός"
43,18,04,"V","3AAI-S","⸂ἐξῆλθεν,","ἐξῆλθεν","ἐξῆλθε(ν)","ἐξέρχομαι"
43,18,04,"C",NULL,"καὶ","καὶ","καί","καί"
43,18,04,"V","3PAI-S","λέγει⸃","λέγει","λέγει","λέγω"
43,18,04,"RP","DPM","αὐτοῖς·","αὐτοῖς","αὐτοῖς","αὐτός"
43,18,04,"RI","ASM","Τίνα","Τίνα","τίνα","τίς"
43,18,04,"V","2PAI-P","ζητεῖτε;","ζητεῖτε","ζητεῖτε","ζητέω"
43,18,05,"V","3API-P","ἀπεκρίθησαν","ἀπεκρίθησαν","ἀπεκρίθησαν","ἀποκρίνομαι"
43,18,05,"RP","DSM","αὐτῷ·","αὐτῷ","αὐτῷ","αὐτός"
43,18,05,"N","ASM","Ἰησοῦν","Ἰησοῦν","Ἰησοῦν","Ἰησοῦς"
43,18,05,"RA","ASM","τὸν","τὸν","τόν","ὁ"
43,18,05,"N","ASM","Ναζωραῖον.","Ναζωραῖον","Ναζωραῖον","Ναζωραῖος"
43,18,05,"V","3PAI-S","λέγει","λέγει","λέγει","λέγω"
43,18,05,"RP","DPM","⸀αὐτοῖς·","αὐτοῖς","αὐτοῖς","αὐτός"
43,18,05,"RP","NS","Ἐγώ","Ἐγώ","ἐγώ","ἐγώ"
43,18,05,"V","1PAI-S","εἰμι.","εἰμι","εἰμί","εἰμί"
43,18,05,"V","3YAI-S","εἱστήκει","εἱστήκει","εἱστήκει","ἵστημι"
43,18,05,"C",NULL,"δὲ","δὲ","δέ","δέ"
43,18,05,"D",NULL,"καὶ","καὶ","καί","καί"
43,18,05,"N","NSM","Ἰούδας","Ἰούδας","Ἰούδας","Ἰούδας"
43,18,05,"RA","NSM","ὁ","ὁ","ὁ","ὁ"
43,18,05,"V","PAPNSM","παραδιδοὺς","παραδιδοὺς","παραδιδούς","παραδίδωμι"
43,18,05,"RP","ASM","αὐτὸν","αὐτὸν","αὐτόν","αὐτός"
43,18,05,"P",NULL,"μετ’","μετ’","μετά","μετά"
43,18,05,"RP","GPM","αὐτῶν.","αὐτῶν","αὐτῶν","αὐτός"
43,18,06,"C",NULL,"ὡς","ὡς","ὡς","ὡς"
43,18,06,"C",NULL,"οὖν","οὖν","οὖν","οὖν"
43,18,06,"V","3AAI-S","εἶπεν","εἶπεν","εἶπε(ν)","λέγω"
43,18,06,"RP","DPM","⸀αὐτοῖς·","αὐτοῖς","αὐτοῖς","αὐτός"
43,18,06,"RP","NS","Ἐγώ","Ἐγώ","ἐγώ","ἐγώ"
43,18,06,"V","1PAI-S","εἰμι,","εἰμι","εἰμί","εἰμί"
43,18,06,"V","3AAI-P","ἀπῆλθον","ἀπῆλθον","ἀπῆλθον","ἀπέρχομαι"
43,18,06,"P",NULL,"εἰς","εἰς","εἰς","εἰς"
43,18,06,"RA","APN","τὰ","τὰ","τά","ὁ"
43,18,06,"D",NULL,"ὀπίσω","ὀπίσω","ὀπίσω","ὀπίσω"
43,18,06,"C",NULL,"καὶ","καὶ","καί","καί"
43,18,06,"V","3AAI-P","ἔπεσαν","ἔπεσαν","ἔπεσαν","πίπτω"
43,18,06,"D",NULL,"χαμαί.","χαμαί","χαμαί","χαμαί"
43,18,07,"D",NULL,"πάλιν","πάλιν","πάλιν","πάλιν"
43,18,07,"C",NULL,"οὖν","οὖν","οὖν","οὖν"
43,18,07,"V","3AAI-S","⸂ἐπηρώτησεν","ἐπηρώτησεν","ἐπηρώτησε(ν)","ἐπερωτάω"
43,18,07,"RP","APM","αὐτούς⸃·","αὐτούς","αὐτούς","αὐτός"
43,18,07,"RI","ASM","Τίνα","Τίνα","τίνα","τίς"
43,18,07,"V","2PAI-P","ζητεῖτε;","ζητεῖτε","ζητεῖτε","ζητέω"
43,18,07,"RA","NPM","οἱ","οἱ","οἱ","ὁ"
43,18,07,"C",NULL,"δὲ","δὲ","δέ","δέ"
43,18,07,"V","3AAI-P","εἶπαν·","εἶπαν","εἶπαν","λέγω"
43,18,07,"N","ASM","Ἰησοῦν","Ἰησοῦν","Ἰησοῦν","Ἰησοῦς"
43,18,07,"RA","ASM","τὸν","τὸν","τόν","ὁ"
43,18,07,"N","ASM","Ναζωραῖον.","Ναζωραῖον","Ναζωραῖον","Ναζωραῖος"
43,18,08,"V","3API-S","ἀπεκρίθη","ἀπεκρίθη","ἀπεκρίθη","ἀποκρίνομαι"
43,18,08,"N","NSM","Ἰησοῦς·","Ἰησοῦς","Ἰησοῦς","Ἰησοῦς"
43,18,08,"V","1AAI-S","Εἶπον","Εἶπον","εἶπον","λέγω"
43,18,08,"RP","DP","ὑμῖν","ὑμῖν","ὑμῖν","σύ"
43,18,08,"C",NULL,"ὅτι","ὅτι","ὅτι","ὅτι"
43,18,08,"RP","NS","ἐγώ","ἐγώ","ἐγώ","ἐγώ"
43,18,08,"V","1PAI-S","εἰμι·","εἰμι","εἰμί","εἰμί"
43,18,08,"C",NULL,"εἰ","εἰ","εἰ","εἰ"
43,18,08,"C",NULL,"οὖν","οὖν","οὖν","οὖν"
43,18,08,"RP","AS","ἐμὲ","ἐμὲ","ἐμέ","ἐγώ"
43,18,08,"V","2PAI-P","ζητεῖτε,","ζητεῖτε","ζητεῖτε","ζητέω"
43,18,08,"V","2AAD-P","ἄφετε","ἄφετε","ἄφετε","ἀφίημι"
43,18,08,"RD","APM","τούτους","τούτους","τούτους","οὗτος"
43,18,08,"V","PAN","ὑπάγειν·","ὑπάγειν","ὑπάγειν","ὑπάγω"
43,18,09,"C",NULL,"ἵνα","ἵνα","ἵνα","ἵνα"
43,18,09,"V","3APS-S","πληρωθῇ","πληρωθῇ","πληρωθῇ","πληρόω"
43,18,09,"RA","NSM","ὁ","ὁ","ὁ","ὁ"
43,18,09,"N","NSM","λόγος","λόγος","λόγος","λόγος"
43,18,09,"RR","ASM","ὃν","ὃν","ὅν","ὅς"
43,18,09,"V","3AAI-S","εἶπεν","εἶπεν","εἶπε(ν)","λέγω"
43,18,09,"D",NULL,"ὅτι","ὅτι","ὅτι","ὅτι"
43,18,09,"RR","APM","Οὓς","Οὓς","οὕς","ὅς"
43,18,09,"V","2XAI-S","δέδωκάς","δέδωκάς","δέδωκας","δίδωμι"
43,18,09,"RP","DS","μοι","μοι","μοι","ἐγώ"
43,18,09,"D",NULL,"οὐκ","οὐκ","οὐ","οὐ"
43,18,09,"V","1AAI-S","ἀπώλεσα","ἀπώλεσα","ἀπώλεσα","ἀπόλλυμι"
43,18,09,"P",NULL,"ἐξ","ἐξ","ἐκ","ἐκ"
43,18,09,"RP","GPM","αὐτῶν","αὐτῶν","αὐτῶν","αὐτός"
43,18,09,"A","ASM","οὐδένα.","οὐδένα","οὐδένα","οὐδείς"
43,18,10,"N","NSM","Σίμων","Σίμων","Σίμων","Σίμων"
43,18,10,"C",NULL,"οὖν","οὖν","οὖν","οὖν"
43,18,10,"N","NSM","Πέτρος","Πέτρος","Πέτρος","Πέτρος"
43,18,10,"V","PAPNSM","ἔχων","ἔχων","ἔχων","ἔχω"
43,18,10,"N","ASF","μάχαιραν","μάχαιραν","μάχαιραν","μάχαιρα"
43,18,10,"V","3AAI-S","εἵλκυσεν","εἵλκυσεν","εἵλκυσε(ν)","ἕλκω"
43,18,10,"RP","ASF","αὐτὴν","αὐτὴν","αὐτήν","αὐτός"
43,18,10,"C",NULL,"καὶ","καὶ","καί","καί"
43,18,10,"V","3AAI-S","ἔπαισεν","ἔπαισεν","ἔπαισε(ν)","παίω"
43,18,10,"RA","ASM","τὸν","τὸν","τόν","ὁ"
43,18,10,"RA","GSM","τοῦ","τοῦ","τοῦ","ὁ"
43,18,10,"N","GSM","ἀρχιερέως","ἀρχιερέως","ἀρχιερέως","ἀρχιερεύς"
43,18,10,"N","ASM","δοῦλον","δοῦλον","δοῦλον","δοῦλος"
43,18,10,"C",NULL,"καὶ","καὶ","καί","καί"
43,18,10,"V","3AAI-S","ἀπέκοψεν","ἀπέκοψεν","ἀπέκοψε(ν)","ἀποκόπτω"
43,18,10,"RP","GSM","αὐτοῦ","αὐτοῦ","αὐτοῦ","αὐτός"
43,18,10,"RA","ASN","τὸ","τὸ","τό","ὁ"
43,18,10,"N","ASN","⸀ὠτάριον","ὠτάριον","ὠτάριον","ὠτάριον"
43,18,10,"RA","ASN","τὸ","τὸ","τό","ὁ"
43,18,10,"A","ASN","δεξιόν.","δεξιόν","δεξιόν","δεξιός"
43,18,10,"V","3IAI-S","ἦν","ἦν","ἦν","εἰμί"
43,18,10,"C",NULL,"δὲ","δὲ","δέ","δέ"
43,18,10,"N","NSN","ὄνομα","ὄνομα","ὄνομα","ὄνομα"
43,18,10,"RA","DSM","τῷ","τῷ","τῷ","ὁ"
43,18,10,"N","DSM","δούλῳ","δούλῳ","δούλῳ","δοῦλος"
43,18,10,"N","NSM","Μάλχος.","Μάλχος","Μάλχος","Μάλχος"
43,18,11,"V","3AAI-S","εἶπεν","εἶπεν","εἶπε(ν)","λέγω"
43,18,11,"C",NULL,"οὖν","οὖν","οὖν","οὖν"
43,18,11,"RA","NSM","ὁ","ὁ","ὁ","ὁ"
43,18,11,"N","NSM","Ἰησοῦς","Ἰησοῦς","Ἰησοῦς","Ἰησοῦς"
43,18,11,"RA","DSM","τῷ","τῷ","τῷ","ὁ"
43,18,11,"N","DSM","Πέτρῳ·","Πέτρῳ","Πέτρῳ","Πέτρος"
43,18,11,"V","2AAD-S","Βάλε","Βάλε","βάλε","βάλλω"
43,18,11,"RA","ASF","τὴν","τὴν","τήν","ὁ"
43,18,11,"N","ASF","⸀μάχαιραν","μάχαιραν","μάχαιραν","μάχαιρα"
43,18,11,"P",NULL,"εἰς","εἰς","εἰς","εἰς"
43,18,11,"RA","ASF","τὴν","τὴν","τήν","ὁ"
43,18,11,"N","ASF","θήκην·","θήκην","θήκην","θήκη"
43,18,11,"RA","ASN","τὸ","τὸ","τό","ὁ"
43,18,11,"N","ASN","ποτήριον","ποτήριον","ποτήριον","ποτήριον"
43,18,11,"RR","ASN","ὃ","ὃ","ὅ","ὅς"
43,18,11,"V","3XAI-S","δέδωκέν","δέδωκέν","δέδωκε(ν)","δίδωμι"
43,18,11,"RP","DS","μοι","μοι","μοι","ἐγώ"
43,18,11,"RA","NSM","ὁ","ὁ","ὁ","ὁ"
43,18,11,"N","NSM","πατὴρ","πατὴρ","πατήρ","πατήρ"
43,18,11,"X",NULL,"οὐ","οὐ","οὐ","οὐ"
43,18,11,"X",NULL,"μὴ","μὴ","μή","μή"
43,18,11,"V","1AAS-S","πίω","πίω","πίω","πίνω"
43,18,11,"RP","ASN","αὐτό;","αὐτό","αὐτό","αὐτός"
43,18,12,"RA","NSF","Ἡ","Ἡ","ἡ","ὁ"
43,18,12,"C",NULL,"οὖν","οὖν","οὖν","οὖν"
43,18,12,"N","NSF","σπεῖρα","σπεῖρα","σπεῖρα","σπεῖρα"
43,18,12,"C",NULL,"καὶ","καὶ","καί","καί"
43,18,12,"RA","NSM","ὁ","ὁ","ὁ","ὁ"
43,18,12,"N","NSM","χιλίαρχος","χιλίαρχος","χιλίαρχος","χιλίαρχος"
43,18,12,"C",NULL,"καὶ","καὶ","καί","καί"
43,18,12,"RA","NPM","οἱ","οἱ","οἱ","ὁ"
43,18,12,"N","NPM","ὑπηρέται","ὑπηρέται","ὑπηρέται","ὑπηρέτης"
43,18,12,"RA","GPM","τῶν","τῶν","τῶν","ὁ"
43,18,12,"A","GPM","Ἰουδαίων","Ἰουδαίων","Ἰουδαίων","Ἰουδαῖος"
43,18,12,"V","3AAI-P","συνέλαβον","συνέλαβον","συνέλαβον","συλλαμβάνω"
43,18,12,"RA","ASM","τὸν","τὸν","τόν","ὁ"
43,18,12,"N","ASM","Ἰησοῦν","Ἰησοῦν","Ἰησοῦν","Ἰησοῦς"
43,18,12,"C",NULL,"καὶ","καὶ","καί","καί"
43,18,12,"V","3AAI-P","ἔδησαν","ἔδησαν","ἔδησαν","δέω"
43,18,12,"RP","ASM","αὐτὸν","αὐτὸν","αὐτόν","αὐτός"
43,18,13,"C",NULL,"καὶ","καὶ","καί","καί"
43,18,13,"V","3AAI-P","⸀ἤγαγον","ἤγαγον","ἤγαγον","ἄγω"
43,18,13,"P",NULL,"πρὸς","πρὸς","πρός","πρός"
43,18,13,"N","ASM","Ἅνναν","Ἅνναν","Ἅνναν","Ἅννας"
43,18,13,"A","ASN","πρῶτον·","πρῶτον","πρῶτον","πρῶτος"
43,18,13,"V","3IAI-S","ἦν","ἦν","ἦν","εἰμί"
43,18,13,"C",NULL,"γὰρ","γὰρ","γάρ","γάρ"
43,18,13,"N","NSM","πενθερὸς","πενθερὸς","πενθερός","πενθερός"
43,18,13,"RA","GSM","τοῦ","τοῦ","τοῦ","ὁ"
43,18,13,"N","GSM","Καϊάφα,","Καϊάφα","Καϊάφα","Καϊάφας"
43,18,13,"RR","NSM","ὃς","ὃς","ὅς","ὅς"
43,18,13,"V","3IAI-S","ἦν","ἦν","ἦν","εἰμί"
43,18,13,"N","NSM","ἀρχιερεὺς","ἀρχιερεὺς","ἀρχιερεύς","ἀρχιερεύς"
43,18,13,"RA","GSM","τοῦ","τοῦ","τοῦ","ὁ"
43,18,13,"N","GSM","ἐνιαυτοῦ","ἐνιαυτοῦ","ἐνιαυτοῦ","ἐνιαυτός"
43,18,13,"RD","GSM","ἐκείνου·","ἐκείνου","ἐκείνου","ἐκεῖνος"
43,18,14,"V","3IAI-S","ἦν","ἦν","ἦν","εἰμί"
43,18,14,"C",NULL,"δὲ","δὲ","δέ","δέ"
43,18,14,"N","NSM","Καϊάφας","Καϊάφας","Καϊάφας","Καϊάφας"
43,18,14,"RA","NSM","ὁ","ὁ","ὁ","ὁ"
43,18,14,"V","AAPNSM","συμβουλεύσας","συμβουλεύσας","συμβουλεύσας","συμβουλεύω"
43,18,14,"RA","DPM","τοῖς","τοῖς","τοῖς","ὁ"
43,18,14,"A","DPM","Ἰουδαίοις","Ἰουδαίοις","Ἰουδαίοις","Ἰουδαῖος"
43,18,14,"C",NULL,"ὅτι","ὅτι","ὅτι","ὅτι"
43,18,14,"V","3PAI-S","συμφέρει","συμφέρει","συμφέρει","συμφέρω"
43,18,14,"A","ASM","ἕνα","ἕνα","ἕνα","εἷς"
43,18,14,"N","ASM","ἄνθρωπον","ἄνθρωπον","ἄνθρωπον","ἄνθρωπος"
43,18,14,"V","AAN","⸀ἀποθανεῖν","ἀποθανεῖν","ἀποθανεῖν","ἀποθνῄσκω"
43,18,14,"P",NULL,"ὑπὲρ","ὑπὲρ","ὑπέρ","ὑπέρ"
43,18,14,"RA","GSM","τοῦ","τοῦ","τοῦ","ὁ"
43,18,14,"N","GSM","λαοῦ.","λαοῦ","λαοῦ","λαός"
43,18,15,"V","3IAI-S","Ἠκολούθει","Ἠκολούθει","ἠκολούθει","ἀκολουθέω"
43,18,15,"C",NULL,"δὲ","δὲ","δέ","δέ"
43,18,15,"RA","DSM","τῷ","τῷ","τῷ","ὁ"
43,18,15,"N","DSM","Ἰησοῦ","Ἰησοῦ","Ἰησοῦ","Ἰησοῦς"
43,18,15,"N","NSM","Σίμων","Σίμων","Σίμων","Σίμων"
43,18,15,"N","NSM","Πέτρος","Πέτρος","Πέτρος","Πέτρος"
43,18,15,"C",NULL,"⸀καὶ","καὶ","καί","καί"
43,18,15,"A","NSM","ἄλλος","ἄλλος","ἄλλος","ἄλλος"
43,18,15,"N","NSM","μαθητής.","μαθητής","μαθητής","μαθητής"
43,18,15,"RA","NSM","ὁ","ὁ","ὁ","ὁ"
43,18,15,"C",NULL,"δὲ","δὲ","δέ","δέ"
43,18,15,"N","NSM","μαθητὴς","μαθητὴς","μαθητής","μαθητής"
43,18,15,"RD","NSM","ἐκεῖνος","ἐκεῖνος","ἐκεῖνος","ἐκεῖνος"
43,18,15,"V","3IAI-S","ἦν","ἦν","ἦν","εἰμί"
43,18,15,"A","NSM","γνωστὸς","γνωστὸς","γνωστός","γνωστός"
43,18,15,"RA","DSM","τῷ","τῷ","τῷ","ὁ"
43,18,15,"N","DSM","ἀρχιερεῖ","ἀρχιερεῖ","ἀρχιερεῖ","ἀρχιερεύς"
43,18,15,"C",NULL,"καὶ","καὶ","καί","καί"
43,18,15,"V","3AAI-S","συνεισῆλθεν","συνεισῆλθεν","συνεισῆλθε(ν)","συνεισέρχομαι"
43,18,15,"RA","DSM","τῷ","τῷ","τῷ","ὁ"
43,18,15,"N","DSM","Ἰησοῦ","Ἰησοῦ","Ἰησοῦ","Ἰησοῦς"
43,18,15,"P",NULL,"εἰς","εἰς","εἰς","εἰς"
43,18,15,"RA","ASF","τὴν","τὴν","τήν","ὁ"
43,18,15,"N","ASF","αὐλὴν","αὐλὴν","αὐλήν","αὐλή"
43,18,15,"RA","GSM","τοῦ","τοῦ","τοῦ","ὁ"
43,18,15,"N","GSM","ἀρχιερέως,","ἀρχιερέως","ἀρχιερέως","ἀρχιερεύς"
43,18,16,"RA","NSM","ὁ","ὁ","ὁ","ὁ"
43,18,16,"C",NULL,"δὲ","δὲ","δέ","δέ"
43,18,16,"N","NSM","Πέτρος","Πέτρος","Πέτρος","Πέτρος"
43,18,16,"V","3YAI-S","εἱστήκει","εἱστήκει","εἱστήκει","ἵστημι"
43,18,16,"P",NULL,"πρὸς","πρὸς","πρός","πρός"
43,18,16,"RA","DSF","τῇ","τῇ","τῇ","ὁ"
43,18,16,"N","DSF","θύρᾳ","θύρᾳ","θύρᾳ","θύρα"
43,18,16,"D",NULL,"ἔξω.","ἔξω","ἔξω","ἔξω"
43,18,16,"V","3AAI-S","ἐξῆλθεν","ἐξῆλθεν","ἐξῆλθε(ν)","ἐξέρχομαι"
43,18,16,"C",NULL,"οὖν","οὖν","οὖν","οὖν"
43,18,16,"RA","NSM","ὁ","ὁ","ὁ","ὁ"
43,18,16,"N","NSM","μαθητὴς","μαθητὴς","μαθητής","μαθητής"
43,18,16,"RA","NSM","ὁ","ὁ","ὁ","ὁ"
43,18,16,"A","NSM","ἄλλος","ἄλλος","ἄλλος","ἄλλος"
43,18,16,"RA","NSM","⸀ὁ","ὁ","ὁ","ὁ"
43,18,16,"A","NSM","γνωστὸς","γνωστὸς","γνωστός","γνωστός"
43,18,16,"RA","GSM","⸂τοῦ","τοῦ","τοῦ","ὁ"
43,18,16,"N","GSM","ἀρχιερέως⸃","ἀρχιερέως","ἀρχιερέως","ἀρχιερεύς"
43,18,16,"C",NULL,"καὶ","καὶ","καί","καί"
43,18,16,"V","3AAI-S","εἶπεν","εἶπεν","εἶπε(ν)","λέγω"
43,18,16,"RA","DSF","τῇ","τῇ","τῇ","ὁ"
43,18,16,"N","DSF","θυρωρῷ","θυρωρῷ","θυρωρῷ","θυρωρός"
43,18,16,"C",NULL,"καὶ","καὶ","καί","καί"
43,18,16,"V","3AAI-S","εἰσήγαγεν","εἰσήγαγεν","εἰσήγαγε(ν)","εἰσάγω"
43,18,16,"RA","ASM","τὸν","τὸν","τόν","ὁ"
43,18,16,"N","ASM","Πέτρον.","Πέτρον","Πέτρον","Πέτρος"
43,18,17,"V","3PAI-S","λέγει","λέγει","λέγει","λέγω"
43,18,17,"C",NULL,"οὖν","οὖν","οὖν","οὖν"
43,18,17,"RA","DSM","⸂τῷ","τῷ","τῷ","ὁ"
43,18,17,"N","DSM","Πέτρῳ","Πέτρῳ","Πέτρῳ","Πέτρος"
43,18,17,"RA","NSF","ἡ","ἡ","ἡ","ὁ"
43,18,17,"N","NSF","παιδίσκη","παιδίσκη","παιδίσκη","παιδίσκη"
43,18,17,"RA","NSF","ἡ","ἡ","ἡ","ὁ"
43,18,17,"N","NSF","θυρωρός⸃·","θυρωρός","θυρωρός","θυρωρός"
43,18,17,"X",NULL,"Μὴ","Μὴ","μή","μή"
43,18,17,"D",NULL,"καὶ","καὶ","καί","καί"
43,18,17,"RP","NS","σὺ","σὺ","σύ","σύ"
43,18,17,"P",NULL,"ἐκ","ἐκ","ἐκ","ἐκ"
43,18,17,"RA","GPM","τῶν","τῶν","τῶν","ὁ"
43,18,17,"N","GPM","μαθητῶν","μαθητῶν","μαθητῶν","μαθητής"
43,18,17,"V","2PAI-S","εἶ","εἶ","εἶ","εἰμί"
43,18,17,"RA","GSM","τοῦ","τοῦ","τοῦ","ὁ"
43,18,17,"N","GSM","ἀνθρώπου","ἀνθρώπου","ἀνθρώπου","ἄνθρωπος"
43,18,17,"RD","GSM","τούτου;","τούτου","τούτου","οὗτος"
43,18,17,"V","3PAI-S","λέγει","λέγει","λέγει","λέγω"
43,18,17,"RD","NSM","ἐκεῖνος·","ἐκεῖνος","ἐκεῖνος","ἐκεῖνος"
43,18,17,"D",NULL,"Οὐκ","Οὐκ","οὐ","οὐ"
43,18,17,"V","1PAI-S","εἰμί.","εἰμί","εἰμί","εἰμί"
43,18,18,"V","3YAI-P","εἱστήκεισαν","εἱστήκεισαν","εἱστήκεισαν","ἵστημι"
43,18,18,"C",NULL,"δὲ","δὲ","δέ","δέ"
43,18,18,"RA","NPM","οἱ","οἱ","οἱ","ὁ"
43,18,18,"N","NPM","δοῦλοι","δοῦλοι","δοῦλοι","δοῦλος"
43,18,18,"C",NULL,"καὶ","καὶ","καί","καί"
43,18,18,"RA","NPM","οἱ","οἱ","οἱ","ὁ"
43,18,18,"N","NPM","ὑπηρέται","ὑπηρέται","ὑπηρέται","ὑπηρέτης"
43,18,18,"N","ASF","ἀνθρακιὰν","ἀνθρακιὰν","ἀνθρακιάν","ἀνθρακιά"
43,18,18,"V","XAPNPM","πεποιηκότες,","πεποιηκότες","πεποιηκότες","ποιέω"
43,18,18,"C",NULL,"ὅτι","ὅτι","ὅτι","ὅτι"
43,18,18,"N","NSN","ψῦχος","ψῦχος","ψῦχος","ψῦχος"
43,18,18,"V","3IAI-S","ἦν,","ἦν","ἦν","εἰμί"
43,18,18,"C",NULL,"καὶ","καὶ","καί","καί"
43,18,18,"V","3IMI-P","ἐθερμαίνοντο·","ἐθερμαίνοντο","ἐθερμαίνοντο","θερμαίνομαι"
43,18,18,"V","3IAI-S","ἦν","ἦν","ἦν","εἰμί"
43,18,18,"C",NULL,"δὲ","δὲ","δέ","δέ"
43,18,18,"D",NULL,"⸂καὶ","καὶ","καί","καί"
43,18,18,"RA","NSM","ὁ","ὁ","ὁ","ὁ"
43,18,18,"N","NSM","Πέτρος","Πέτρος","Πέτρος","Πέτρος"
43,18,18,"P",NULL,"μετ’","μετ’","μετά","μετά"
43,18,18,"RP","GPM","αὐτῶν⸃","αὐτῶν","αὐτῶν","αὐτός"
43,18,18,"V","XAPNSM","ἑστὼς","ἑστὼς","ἑστώς","ἵστημι"
43,18,18,"C",NULL,"καὶ","καὶ","καί","καί"
43,18,18,"V","PMPNSM","θερμαινόμενος.","θερμαινόμενος","θερμαινόμενος","θερμαίνομαι"
43,18,19,"RA","NSM","Ὁ","Ὁ","ὁ","ὁ"
43,18,19,"C",NULL,"οὖν","οὖν","οὖν","οὖν"
43,18,19,"N","NSM","ἀρχιερεὺς","ἀρχιερεὺς","ἀρχιερεύς","ἀρχιερεύς"
43,18,19,"V","3AAI-S","ἠρώτησεν","ἠρώτησεν","ἠρώτησε(ν)","ἐρωτάω"
43,18,19,"RA","ASM","τὸν","τὸν","τόν","ὁ"
43,18,19,"N","ASM","Ἰησοῦν","Ἰησοῦν","Ἰησοῦν","Ἰησοῦς"
43,18,19,"P",NULL,"περὶ","περὶ","περί","περί"
43,18,19,"RA","GPM","τῶν","τῶν","τῶν","ὁ"
43,18,19,"N","GPM","μαθητῶν","μαθητῶν","μαθητῶν","μαθητής"
43,18,19,"RP","GSM","αὐτοῦ","αὐτοῦ","αὐτοῦ","αὐτός"
43,18,19,"C",NULL,"καὶ","καὶ","καί","καί"
43,18,19,"P",NULL,"περὶ","περὶ","περί","περί"
43,18,19,"RA","GSF","τῆς","τῆς","τῆς","ὁ"
43,18,19,"N","GSF","διδαχῆς","διδαχῆς","διδαχῆς","διδαχή"
43,18,19,"RP","GSM","αὐτοῦ.","αὐτοῦ","αὐτοῦ","αὐτός"
43,18,20,"V","3API-S","ἀπεκρίθη","ἀπεκρίθη","ἀπεκρίθη","ἀποκρίνομαι"
43,18,20,"RP","DSM","⸀αὐτῷ","αὐτῷ","αὐτῷ","αὐτός"
43,18,20,"N","NSM","Ἰησοῦς·","Ἰησοῦς","Ἰησοῦς","Ἰησοῦς"
43,18,20,"RP","NS","Ἐγὼ","Ἐγὼ","ἐγώ","ἐγώ"
43,18,20,"N","DSF","παρρησίᾳ","παρρησίᾳ","παρρησίᾳ","παρρησία"
43,18,20,"V","1XAI-S","⸀λελάληκα","λελάληκα","λελάληκα","λαλέω"
43,18,20,"RA","DSM","τῷ","τῷ","τῷ","ὁ"
43,18,20,"N","DSM","κόσμῳ·","κόσμῳ","κόσμῳ","κόσμος"
43,18,20,"RP","NS","ἐγὼ","ἐγὼ","ἐγώ","ἐγώ"
43,18,20,"D",NULL,"πάντοτε","πάντοτε","πάντοτε","πάντοτε"
43,18,20,"V","1AAI-S","ἐδίδαξα","ἐδίδαξα","ἐδίδαξα","διδάσκω"
43,18,20,"P",NULL,"ἐν","ἐν","ἐν","ἐν"
43,18,20,"N","DSF","συναγωγῇ","συναγωγῇ","συναγωγῇ","συναγωγή"
43,18,20,"C",NULL,"καὶ","καὶ","καί","καί"
43,18,20,"P",NULL,"ἐν","ἐν","ἐν","ἐν"
43,18,20,"RA","DSN","τῷ","τῷ","τῷ","ὁ"
43,18,20,"A","DSN","ἱερῷ,","ἱερῷ","ἱερῷ","ἱερός"
43,18,20,"D",NULL,"ὅπου","ὅπου","ὅπου","ὅπου"
43,18,20,"A","NPM","⸀πάντες","πάντες","πάντες","πᾶς"
43,18,20,"RA","NPM","οἱ","οἱ","οἱ","ὁ"
43,18,20,"A","NPM","Ἰουδαῖοι","Ἰουδαῖοι","Ἰουδαῖοι","Ἰουδαῖος"
43,18,20,"V","3PMI-P","συνέρχονται,","συνέρχονται","συνέρχονται","συνέρχομαι"
43,18,20,"C",NULL,"καὶ","καὶ","καί","καί"
43,18,20,"P",NULL,"ἐν","ἐν","ἐν","ἐν"
43,18,20,"A","DSN","κρυπτῷ","κρυπτῷ","κρυπτῷ","κρυπτός"
43,18,20,"V","1AAI-S","ἐλάλησα","ἐλάλησα","ἐλάλησα","λαλέω"
43,18,20,"A","ASN","οὐδέν·","οὐδέν","οὐδέν","οὐδείς"
43,18,21,"RI","ASN","τί","τί","τί","τίς"
43,18,21,"RP","AS","με","με","με","ἐγώ"
43,18,21,"V","2PAI-S","⸂ἐρωτᾷς;","ἐρωτᾷς","ἐρωτᾷς","ἐρωτάω"
43,18,21,"V","2AAD-S","ἐρώτησον⸃","ἐρώτησον","ἐρώτησον","ἐρωτάω"
43,18,21,"RA","APM","τοὺς","τοὺς","τούς","ὁ"
43,18,21,"V","XAPAPM","ἀκηκοότας","ἀκηκοότας","ἀκηκοότας","ἀκούω"
43,18,21,"RI","ASN","τί","τί","τί","τίς"
43,18,21,"V","1AAI-S","ἐλάλησα","ἐλάλησα","ἐλάλησα","λαλέω"
43,18,21,"RP","DPM","αὐτοῖς·","αὐτοῖς","αὐτοῖς","αὐτός"
43,18,21,"X",NULL,"ἴδε","ἴδε","ἴδε","ἴδε"
43,18,21,"RD","NPM","οὗτοι","οὗτοι","οὗτοι","οὗτος"
43,18,21,"V","3XAI-P","οἴδασιν","οἴδασιν","οἴδασι(ν)","οἶδα"
43,18,21,"RR","APN","ἃ","ἃ","ἅ","ὅς"
43,18,21,"V","1AAI-S","εἶπον","εἶπον","εἶπον","λέγω"
43,18,21,"RP","NS","ἐγώ.","ἐγώ","ἐγώ","ἐγώ"
43,18,22,"RD","APN","ταῦτα","ταῦτα","ταῦτα","οὗτος"
43,18,22,"C",NULL,"δὲ","δὲ","δέ","δέ"
43,18,22,"RP","GSM","αὐτοῦ","αὐτοῦ","αὐτοῦ","αὐτός"
43,18,22,"V","AAPGSM","εἰπόντος","εἰπόντος","εἰπόντος","λέγω"
43,18,22,"A","NSM","εἷς","εἷς","εἷς","εἷς"
43,18,22,"V","XAPNSM","⸂παρεστηκὼς","παρεστηκὼς","παρεστηκώς","παρίστημι"
43,18,22,"RA","GPM","τῶν","τῶν","τῶν","ὁ"
43,18,22,"N","GPM","ὑπηρετῶν⸃","ὑπηρετῶν","ὑπηρετῶν","ὑπηρέτης"
43,18,22,"V","3AAI-S","ἔδωκεν","ἔδωκεν","ἔδωκε(ν)","δίδωμι"
43,18,22,"N","ASN","ῥάπισμα","ῥάπισμα","ῥάπισμα","ῥάπισμα"
43,18,22,"RA","DSM","τῷ","τῷ","τῷ","ὁ"
43,18,22,"N","DSM","Ἰησοῦ","Ἰησοῦ","Ἰησοῦ","Ἰησοῦς"
43,18,22,"V","AAPNSM","εἰπών·","εἰπών","εἰπών","λέγω"
43,18,22,"D",NULL,"Οὕτως","Οὕτως","οὕτω(ς)","οὕτω(ς)"
43,18,22,"V","2PMI-S","ἀποκρίνῃ","ἀποκρίνῃ","ἀποκρίνῃ","ἀποκρίνομαι"
43,18,22,"RA","DSM","τῷ","τῷ","τῷ","ὁ"
43,18,22,"N","DSM","ἀρχιερεῖ;","ἀρχιερεῖ","ἀρχιερεῖ","ἀρχιερεύς"
43,18,23,"V","3API-S","ἀπεκρίθη","ἀπεκρίθη","ἀπεκρίθη","ἀποκρίνομαι"
43,18,23,"RP","DSM","⸀αὐτῷ","αὐτῷ","αὐτῷ","αὐτός"
43,18,23,"N","NSM","Ἰησοῦς·","Ἰησοῦς","Ἰησοῦς","Ἰησοῦς"
43,18,23,"C",NULL,"Εἰ","Εἰ","εἰ","εἰ"
43,18,23,"D",NULL,"κακῶς","κακῶς","κακῶς","κακῶς"
43,18,23,"V","1AAI-S","ἐλάλησα,","ἐλάλησα","ἐλάλησα","λαλέω"
43,18,23,"V","2AAD-S","μαρτύρησον","μαρτύρησον","μαρτύρησον","μαρτυρέω"
43,18,23,"P",NULL,"περὶ","περὶ","περί","περί"
43,18,23,"RA","GSN","τοῦ","τοῦ","τοῦ","ὁ"
43,18,23,"A","GSN","κακοῦ·","κακοῦ","κακοῦ","κακός"
43,18,23,"C",NULL,"εἰ","εἰ","εἰ","εἰ"
43,18,23,"C",NULL,"δὲ","δὲ","δέ","δέ"
43,18,23,"D",NULL,"καλῶς,","καλῶς","καλῶς","καλῶς"
43,18,23,"RI","ASN","τί","τί","τί","τίς"
43,18,23,"RP","AS","με","με","με","ἐγώ"
43,18,23,"V","2PAI-S","δέρεις;","δέρεις","δέρεις","δέρω"
43,18,24,"V","3AAI-S","ἀπέστειλεν","ἀπέστειλεν","ἀπέστειλε(ν)","ἀποστέλλω"
43,18,24,"C",NULL,"⸀οὖν","οὖν","οὖν","οὖν"
43,18,24,"RP","ASM","αὐτὸν","αὐτὸν","αὐτόν","αὐτός"
43,18,24,"RA","NSM","ὁ","ὁ","ὁ","ὁ"
43,18,24,"N","NSM","Ἅννας","Ἅννας","Ἅννας","Ἅννας"
43,18,24,"V","XPPASM","δεδεμένον","δεδεμένον","δεδεμένον","δέω"
43,18,24,"P",NULL,"πρὸς","πρὸς","πρός","πρός"
43,18,24,"N","ASM","Καϊάφαν","Καϊάφαν","Καϊάφαν","Καϊάφας"
43,18,24,"RA","ASM","τὸν","τὸν","τόν","ὁ"
43,18,24,"N","ASM","ἀρχιερέα.","ἀρχιερέα","ἀρχιερέα","ἀρχιερεύς"
43,18,25,"V","3IAI-S","Ἦν","Ἦν","ἦν","εἰμί"
43,18,25,"C",NULL,"δὲ","δὲ","δέ","δέ"
43,18,25,"N","NSM","Σίμων","Σίμων","Σίμων","Σίμων"
43,18,25,"N","NSM","Πέτρος","Πέτρος","Πέτρος","Πέτρος"
43,18,25,"V","XAPNSM","ἑστὼς","ἑστὼς","ἑστώς","ἵστημι"
43,18,25,"C",NULL,"καὶ","καὶ","καί","καί"
43,18,25,"V","PMPNSM","θερμαινόμενος.","θερμαινόμενος","θερμαινόμενος","θερμαίνομαι"
43,18,25,"V","3AAI-P","εἶπον","εἶπον","εἶπον","λέγω"
43,18,25,"C",NULL,"οὖν","οὖν","οὖν","οὖν"
43,18,25,"RP","DSM","αὐτῷ·","αὐτῷ","αὐτῷ","αὐτός"
43,18,25,"X",NULL,"Μὴ","Μὴ","μή","μή"
43,18,25,"D",NULL,"καὶ","καὶ","καί","καί"
43,18,25,"RP","NS","σὺ","σὺ","σύ","σύ"
43,18,25,"P",NULL,"ἐκ","ἐκ","ἐκ","ἐκ"
43,18,25,"RA","GPM","τῶν","τῶν","τῶν","ὁ"
43,18,25,"N","GPM","μαθητῶν","μαθητῶν","μαθητῶν","μαθητής"
43,18,25,"RP","GSM","αὐτοῦ","αὐτοῦ","αὐτοῦ","αὐτός"
43,18,25,"V","2PAI-S","εἶ;","εἶ","εἶ","εἰμί"
43,18,25,"V","3AMI-S","⸀ἠρνήσατο","ἠρνήσατο","ἠρνήσατο","ἀρνέομαι"
43,18,25,"RD","NSM","ἐκεῖνος","ἐκεῖνος","ἐκεῖνος","ἐκεῖνος"
43,18,25,"C",NULL,"καὶ","καὶ","καί","καί"
43,18,25,"V","3AAI-S","εἶπεν·","εἶπεν","εἶπε(ν)","λέγω"
43,18,25,"D",NULL,"Οὐκ","Οὐκ","οὐ","οὐ"
43,18,25,"V","1PAI-S","εἰμί.","εἰμί","εἰμί","εἰμί"
43,18,26,"V","3PAI-S","λέγει","λέγει","λέγει","λέγω"
43,18,26,"A","NSM","εἷς","εἷς","εἷς","εἷς"
43,18,26,"P",NULL,"ἐκ","ἐκ","ἐκ","ἐκ"
43,18,26,"RA","GPM","τῶν","τῶν","τῶν","ὁ"
43,18,26,"N","GPM","δούλων","δούλων","δούλων","δοῦλος"
43,18,26,"RA","GSM","τοῦ","τοῦ","τοῦ","ὁ"
43,18,26,"N","GSM","ἀρχιερέως,","ἀρχιερέως","ἀρχιερέως","ἀρχιερεύς"
43,18,26,"A","NSM","συγγενὴς","συγγενὴς","συγγενής","συγγενής"
43,18,26,"V","PAPNSM","ὢν","ὢν","ὤν","εἰμί"
43,18,26,"RR","GSM","οὗ","οὗ","οὗ","ὅς"
43,18,26,"V","3AAI-S","ἀπέκοψεν","ἀπέκοψεν","ἀπέκοψε(ν)","ἀποκόπτω"
43,18,26,"N","NSM","Πέτρος","Πέτρος","Πέτρος","Πέτρος"
43,18,26,"RA","ASN","τὸ","τὸ","τό","ὁ"
43,18,26,"N","ASN","ὠτίον·","ὠτίον","ὠτίον","ὠτίον"
43,18,26,"X",NULL,"Οὐκ","Οὐκ","οὐ","οὐ"
43,18,26,"RP","NS","ἐγώ","ἐγώ","ἐγώ","ἐγώ"
43,18,26,"RP","AS","σε","σε","σε","σύ"
43,18,26,"V","1AAI-S","εἶδον","εἶδον","εἶδον","ὁράω"
43,18,26,"P",NULL,"ἐν","ἐν","ἐν","ἐν"
43,18,26,"RA","DSM","τῷ","τῷ","τῷ","ὁ"
43,18,26,"N","DSM","κήπῳ","κήπῳ","κήπῳ","κῆπος"
43,18,26,"P",NULL,"μετ’","μετ’","μετά","μετά"
43,18,26,"RP","GSM","αὐτοῦ;","αὐτοῦ","αὐτοῦ","αὐτός"
43,18,27,"D",NULL,"πάλιν","πάλιν","πάλιν","πάλιν"
43,18,27,"C",NULL,"οὖν","οὖν","οὖν","οὖν"
43,18,27,"V","3AMI-S","⸀ἠρνήσατο","ἠρνήσατο","ἠρνήσατο","ἀρνέομαι"
43,18,27,"N","NSM","Πέτρος·","Πέτρος","Πέτρος","Πέτρος"
43,18,27,"C",NULL,"καὶ","καὶ","καί","καί"
43,18,27,"D",NULL,"εὐθέως","εὐθέως","εὐθέως","εὐθέως"
43,18,27,"N","NSM","ἀλέκτωρ","ἀλέκτωρ","ἀλέκτωρ","ἀλέκτωρ"
43,18,27,"V","3AAI-S","ἐφώνησεν.","ἐφώνησεν","ἐφώνησε(ν)","φωνέω"
43,18,28,"V","3PAI-P","Ἄγουσιν","Ἄγουσιν","ἄγουσι(ν)","ἄγω"
43,18,28,"C",NULL,"οὖν","οὖν","οὖν","οὖν"
43,18,28,"RA","ASM","τὸν","τὸν","τόν","ὁ"
43,18,28,"N","ASM","Ἰησοῦν","Ἰησοῦν","Ἰησοῦν","Ἰησοῦς"
43,18,28,"P",NULL,"ἀπὸ","ἀπὸ","ἀπό","ἀπό"
43,18,28,"RA","GSM","τοῦ","τοῦ","τοῦ","ὁ"
43,18,28,"N","GSM","Καϊάφα","Καϊάφα","Καϊάφα","Καϊάφας"
43,18,28,"P",NULL,"εἰς","εἰς","εἰς","εἰς"
43,18,28,"RA","ASN","τὸ","τὸ","τό","ὁ"
43,18,28,"N","ASN","πραιτώριον·","πραιτώριον","πραιτώριον","πραιτώριον"
43,18,28,"V","3IAI-S","ἦν","ἦν","ἦν","εἰμί"
43,18,28,"C",NULL,"δὲ","δὲ","δέ","δέ"
43,18,28,"D",NULL,"πρωΐ·","πρωΐ","πρωΐ","πρωΐ"
43,18,28,"C",NULL,"καὶ","καὶ","καί","καί"
43,18,28,"RP","NPM","αὐτοὶ","αὐτοὶ","αὐτοί","αὐτός"
43,18,28,"D",NULL,"οὐκ","οὐκ","οὐ","οὐ"
43,18,28,"V","3AAI-P","εἰσῆλθον","εἰσῆλθον","εἰσῆλθον","εἰσέρχομαι"
43,18,28,"P",NULL,"εἰς","εἰς","εἰς","εἰς"
43,18,28,"RA","ASN","τὸ","τὸ","τό","ὁ"
43,18,28,"N","ASN","πραιτώριον,","πραιτώριον","πραιτώριον","πραιτώριον"
43,18,28,"C",NULL,"ἵνα","ἵνα","ἵνα","ἵνα"
43,18,28,"D",NULL,"μὴ","μὴ","μή","μή"
43,18,28,"V","3APS-P","μιανθῶσιν","μιανθῶσιν","μιανθῶσι(ν)","μιαίνω"
43,18,28,"C",NULL,"⸀ἀλλὰ","ἀλλὰ","ἀλλά","ἀλλά"
43,18,28,"V","3AAS-P","φάγωσιν","φάγωσιν","φάγωσι(ν)","ἐσθίω"
43,18,28,"RA","ASN","τὸ","τὸ","τό","ὁ"
43,18,28,"N","ASN","πάσχα.","πάσχα","πάσχα","πάσχα"
43,18,29,"V","3AAI-S","ἐξῆλθεν","ἐξῆλθεν","ἐξῆλθε(ν)","ἐξέρχομαι"
43,18,29,"C",NULL,"οὖν","οὖν","οὖν","οὖν"
43,18,29,"RA","NSM","ὁ","ὁ","ὁ","ὁ"
43,18,29,"N","NSM","Πιλᾶτος","Πιλᾶτος","Πιλᾶτος","Πιλᾶτος"
43,18,29,"D",NULL,"⸀ἔξω","ἔξω","ἔξω","ἔξω"
43,18,29,"P",NULL,"πρὸς","πρὸς","πρός","πρός"
43,18,29,"RP","APM","αὐτοὺς","αὐτοὺς","αὐτούς","αὐτός"
43,18,29,"C",NULL,"καὶ","καὶ","καί","καί"
43,18,29,"V","3PAI-S","⸀φησίν·","φησίν","φησί(ν)","φημί"
43,18,29,"RI","ASF","Τίνα","Τίνα","τίνα","τίς"
43,18,29,"N","ASF","κατηγορίαν","κατηγορίαν","κατηγορίαν","κατηγορία"
43,18,29,"V","2PAI-P","φέρετε","φέρετε","φέρετε","φέρω"
43,18,29,"P",NULL,"⸀κατὰ","κατὰ","κατά","κατά"
43,18,29,"RA","GSM","τοῦ","τοῦ","τοῦ","ὁ"
43,18,29,"N","GSM","ἀνθρώπου","ἀνθρώπου","ἀνθρώπου","ἄνθρωπος"
43,18,29,"RD","GSM","τούτου;","τούτου","τούτου","οὗτος"
43,18,30,"V","3API-P","ἀπεκρίθησαν","ἀπεκρίθησαν","ἀπεκρίθησαν","ἀποκρίνομαι"
43,18,30,"C",NULL,"καὶ","καὶ","καί","καί"
43,18,30,"V","3AAI-P","εἶπαν","εἶπαν","εἶπαν","λέγω"
43,18,30,"RP","DSM","αὐτῷ·","αὐτῷ","αὐτῷ","αὐτός"
43,18,30,"C",NULL,"Εἰ","Εἰ","εἰ","εἰ"
43,18,30,"D",NULL,"μὴ","μὴ","μή","μή"
43,18,30,"V","3IAI-S","ἦν","ἦν","ἦν","εἰμί"
43,18,30,"RD","NSM","οὗτος","οὗτος","οὗτος","οὗτος"
43,18,30,"A","ASN","⸂κακὸν","κακὸν","κακόν","κακός"
43,18,30,"V","PAPNSM","ποιῶν⸃,","ποιῶν","ποιῶν","ποιέω"
43,18,30,"D",NULL,"οὐκ","οὐκ","οὐ","οὐ"
43,18,30,"X",NULL,"ἄν","ἄν","ἄν","ἄν"
43,18,30,"RP","DS","σοι","σοι","σοι","σύ"
43,18,30,"V","1AAI-P","παρεδώκαμεν","παρεδώκαμεν","παρεδώκαμεν","παραδίδωμι"
43,18,30,"RP","ASM","αὐτόν.","αὐτόν","αὐτόν","αὐτός"
43,18,31,"V","3AAI-S","εἶπεν","εἶπεν","εἶπε(ν)","λέγω"
43,18,31,"C",NULL,"οὖν","οὖν","οὖν","οὖν"
43,18,31,"RP","DPM","αὐτοῖς","αὐτοῖς","αὐτοῖς","αὐτός"
43,18,31,"RA","NSM","⸀ὁ","ὁ","ὁ","ὁ"
43,18,31,"N","NSM","Πιλᾶτος·","Πιλᾶτος","Πιλᾶτος","Πιλᾶτος"
43,18,31,"V","2AAD-P","Λάβετε","Λάβετε","λάβετε","λαμβάνω"
43,18,31,"RP","ASM","αὐτὸν","αὐτὸν","αὐτόν","αὐτός"
43,18,31,"RP","NP","ὑμεῖς,","ὑμεῖς","ὑμεῖς","σύ"
43,18,31,"C",NULL,"καὶ","καὶ","καί","καί"
43,18,31,"P",NULL,"κατὰ","κατὰ","κατά","κατά"
43,18,31,"RA","ASM","τὸν","τὸν","τόν","ὁ"
43,18,31,"N","ASM","νόμον","νόμον","νόμον","νόμος"
43,18,31,"RP","GP","ὑμῶν","ὑμῶν","ὑμῶν","σύ"
43,18,31,"V","2AAD-P","κρίνατε","κρίνατε","κρίνατε","κρίνω"
43,18,31,"RP","ASM","αὐτόν.","αὐτόν","αὐτόν","αὐτός"
43,18,31,"V","3AAI-P","⸀εἶπον","εἶπον","εἶπον","λέγω"
43,18,31,"RP","DSM","αὐτῷ","αὐτῷ","αὐτῷ","αὐτός"
43,18,31,"RA","NPM","οἱ","οἱ","οἱ","ὁ"
43,18,31,"A","NPM","Ἰουδαῖοι·","Ἰουδαῖοι","Ἰουδαῖοι","Ἰουδαῖος"
43,18,31,"RP","DP","Ἡμῖν","Ἡμῖν","ἡμῖν","ἐγώ"
43,18,31,"D",NULL,"οὐκ","οὐκ","οὐ","οὐ"
43,18,31,"V","3PAI-S","ἔξεστιν","ἔξεστιν","ἔξεστι(ν)","ἔξεστι(ν)"
43,18,31,"V","AAN","ἀποκτεῖναι","ἀποκτεῖναι","ἀποκτεῖναι","ἀποκτείνω"
43,18,31,"A","ASM","οὐδένα·","οὐδένα","οὐδένα","οὐδείς"
43,18,32,"C",NULL,"ἵνα","ἵνα","ἵνα","ἵνα"
43,18,32,"RA","NSM","ὁ","ὁ","ὁ","ὁ"
43,18,32,"N","NSM","λόγος","λόγος","λόγος","λόγος"
43,18,32,"RA","GSM","τοῦ","τοῦ","τοῦ","ὁ"
43,18,32,"N","GSM","Ἰησοῦ","Ἰησοῦ","Ἰησοῦ","Ἰησοῦς"
43,18,32,"V","3APS-S","πληρωθῇ","πληρωθῇ","πληρωθῇ","πληρόω"
43,18,32,"RR","ASM","ὃν","ὃν","ὅν","ὅς"
43,18,32,"V","3AAI-S","εἶπεν","εἶπεν","εἶπε(ν)","λέγω"
43,18,32,"V","PAPNSM","σημαίνων","σημαίνων","σημαίνων","σημαίνω"
43,18,32,"RI","DSM","ποίῳ","ποίῳ","ποίῳ","ποῖος"
43,18,32,"N","DSM","θανάτῳ","θανάτῳ","θανάτῳ","θάνατος"
43,18,32,"V","3IAI-S","ἤμελλεν","ἤμελλεν","ἤμελλε(ν)","μέλλω"
43,18,32,"V","PAN","ἀποθνῄσκειν.","ἀποθνῄσκειν","ἀποθνῄσκειν","ἀποθνῄσκω"
43,18,33,"V","3AAI-S","Εἰσῆλθεν","Εἰσῆλθεν","εἰσῆλθε(ν)","εἰσέρχομαι"
43,18,33,"C",NULL,"οὖν","οὖν","οὖν","οὖν"
43,18,33,"D",NULL,"⸂πάλιν","πάλιν","πάλιν","πάλιν"
43,18,33,"P",NULL,"εἰς","εἰς","εἰς","εἰς"
43,18,33,"RA","ASN","τὸ","τὸ","τό","ὁ"
43,18,33,"N","ASN","πραιτώριον⸃","πραιτώριον","πραιτώριον","πραιτώριον"
43,18,33,"RA","NSM","ὁ","ὁ","ὁ","ὁ"
43,18,33,"N","NSM","Πιλᾶτος","Πιλᾶτος","Πιλᾶτος","Πιλᾶτος"
43,18,33,"C",NULL,"καὶ","καὶ","καί","καί"
43,18,33,"V","3AAI-S","ἐφώνησεν","ἐφώνησεν","ἐφώνησε(ν)","φωνέω"
43,18,33,"RA","ASM","τὸν","τὸν","τόν","ὁ"
43,18,33,"N","ASM","Ἰησοῦν","Ἰησοῦν","Ἰησοῦν","Ἰησοῦς"
43,18,33,"C",NULL,"καὶ","καὶ","καί","καί"
43,18,33,"V","3AAI-S","εἶπεν","εἶπεν","εἶπε(ν)","λέγω"
43,18,33,"RP","DSM","αὐτῷ·","αὐτῷ","αὐτῷ","αὐτός"
43,18,33,"RP","NS","Σὺ","Σὺ","σύ","σύ"
43,18,33,"V","2PAI-S","εἶ","εἶ","εἶ","εἰμί"
43,18,33,"RA","NSM","ὁ","ὁ","ὁ","ὁ"
43,18,33,"N","NSM","βασιλεὺς","βασιλεὺς","βασιλεύς","βασιλεύς"
43,18,33,"RA","GPM","τῶν","τῶν","τῶν","ὁ"
43,18,33,"A","GPM","Ἰουδαίων;","Ἰουδαίων","Ἰουδαίων","Ἰουδαῖος"
43,18,34,"V","3API-S","⸀ἀπεκρίθη","ἀπεκρίθη","ἀπεκρίθη","ἀποκρίνομαι"
43,18,34,"N","NSM","Ἰησοῦς·","Ἰησοῦς","Ἰησοῦς","Ἰησοῦς"
43,18,34,"P",NULL,"⸂Ἀπὸ","Ἀπὸ","ἀπό","ἀπό"
43,18,34,"RP","GSM","σεαυτοῦ⸃","σεαυτοῦ","σεαυτοῦ","σεαυτοῦ"
43,18,34,"RP","NS","σὺ","σὺ","σύ","σύ"
43,18,34,"RD","ASN","τοῦτο","τοῦτο","τοῦτο","οὗτος"
43,18,34,"V","2PAI-S","λέγεις","λέγεις","λέγεις","λέγω"
43,18,34,"C",NULL,"ἢ","ἢ","ἤ","ἤ"
43,18,34,"A","NPM","ἄλλοι","ἄλλοι","ἄλλοι","ἄλλος"
43,18,34,"V","3AAI-P","⸂εἶπόν","εἶπόν","εἶπον","λέγω"
43,18,34,"RP","DS","σοι⸃","σοι","σοι","σύ"
43,18,34,"P",NULL,"περὶ","περὶ","περί","περί"
43,18,34,"RP","GS","ἐμοῦ;","ἐμοῦ","ἐμοῦ","ἐγώ"
43,18,35,"V","3API-S","ἀπεκρίθη","ἀπεκρίθη","ἀπεκρίθη","ἀποκρίνομαι"
43,18,35,"RA","NSM","ὁ","ὁ","ὁ","ὁ"
43,18,35,"N","NSM","Πιλᾶτος·","Πιλᾶτος","Πιλᾶτος","Πιλᾶτος"
43,18,35,"X",NULL,"Μήτι","Μήτι","μήτι","μήτι"
43,18,35,"RP","NS","ἐγὼ","ἐγὼ","ἐγώ","ἐγώ"
43,18,35,"A","NSM","Ἰουδαῖός","Ἰουδαῖός","Ἰουδαῖος","Ἰουδαῖος"
43,18,35,"V","1PAI-S","εἰμι;","εἰμι","εἰμί","εἰμί"
43,18,35,"RA","NSN","τὸ","τὸ","τό","ὁ"
43,18,35,"N","NSN","ἔθνος","ἔθνος","ἔθνος","ἔθνος"
43,18,35,"RA","NSN","τὸ","τὸ","τό","ὁ"
43,18,35,"A","NSN","σὸν","σὸν","σόν","σός"
43,18,35,"C",NULL,"καὶ","καὶ","καί","καί"
43,18,35,"RA","NPM","οἱ","οἱ","οἱ","ὁ"
43,18,35,"N","NPM","ἀρχιερεῖς","ἀρχιερεῖς","ἀρχιερεῖς","ἀρχιερεύς"
43,18,35,"V","3AAI-P","παρέδωκάν","παρέδωκάν","παρέδωκαν","παραδίδωμι"
43,18,35,"RP","AS","σε","σε","σε","σύ"
43,18,35,"RP","DS","ἐμοί·","ἐμοί","ἐμοί","ἐγώ"
43,18,35,"RI","ASN","τί","τί","τί","τίς"
43,18,35,"V","2AAI-S","ἐποίησας;","ἐποίησας","ἐποίησας","ποιέω"
43,18,36,"V","3API-S","ἀπεκρίθη","ἀπεκρίθη","ἀπεκρίθη","ἀποκρίνομαι"
43,18,36,"N","NSM","Ἰησοῦς·","Ἰησοῦς","Ἰησοῦς","Ἰησοῦς"
43,18,36,"RA","NSF","Ἡ","Ἡ","ἡ","ὁ"
43,18,36,"N","NSF","βασιλεία","βασιλεία","βασιλεία","βασιλεία"
43,18,36,"RA","NSF","ἡ","ἡ","ἡ","ὁ"
43,18,36,"A","NSF","ἐμὴ","ἐμὴ","ἐμή","ἐμός"
43,18,36,"D",NULL,"οὐκ","οὐκ","οὐ","οὐ"
43,18,36,"V","3PAI-S","ἔστιν","ἔστιν","ἐστί(ν)","εἰμί"
43,18,36,"P",NULL,"ἐκ","ἐκ","ἐκ","ἐκ"
43,18,36,"RA","GSM","τοῦ","τοῦ","τοῦ","ὁ"
43,18,36,"N","GSM","κόσμου","κόσμου","κόσμου","κόσμος"
43,18,36,"RD","GSM","τούτου·","τούτου","τούτου","οὗτος"
43,18,36,"C",NULL,"εἰ","εἰ","εἰ","εἰ"
43,18,36,"P",NULL,"ἐκ","ἐκ","ἐκ","ἐκ"
43,18,36,"RA","GSM","τοῦ","τοῦ","τοῦ","ὁ"
43,18,36,"N","GSM","κόσμου","κόσμου","κόσμου","κόσμος"
43,18,36,"RD","GSM","τούτου","τούτου","τούτου","οὗτος"
43,18,36,"V","3IAI-S","ἦν","ἦν","ἦν","εἰμί"
43,18,36,"RA","NSF","ἡ","ἡ","ἡ","ὁ"
43,18,36,"N","NSF","βασιλεία","βασιλεία","βασιλεία","βασιλεία"
43,18,36,"RA","NSF","ἡ","ἡ","ἡ","ὁ"
43,18,36,"A","NSF","ἐμή,","ἐμή","ἐμή","ἐμός"
43,18,36,"RA","NPM","οἱ","οἱ","οἱ","ὁ"
43,18,36,"N","NPM","ὑπηρέται","ὑπηρέται","ὑπηρέται","ὑπηρέτης"
43,18,36,"RA","NPM","⸂οἱ","οἱ","οἱ","ὁ"
43,18,36,"A","NPM","ἐμοὶ","ἐμοὶ","ἐμοί","ἐμός"
43,18,36,"V","3IMI-P","ἠγωνίζοντο","ἠγωνίζοντο","ἠγωνίζοντο","ἀγωνίζομαι"
43,18,36,"X",NULL,"ἄν⸃,","ἄν","ἄν","ἄν"
43,18,36,"C",NULL,"ἵνα","ἵνα","ἵνα","ἵνα"
43,18,36,"D",NULL,"μὴ","μὴ","μή","μή"
43,18,36,"V","1APS-S","παραδοθῶ","παραδοθῶ","παραδοθῶ","παραδίδωμι"
43,18,36,"RA","DPM","τοῖς","τοῖς","τοῖς","ὁ"
43,18,36,"A","DPM","Ἰουδαίοις·","Ἰουδαίοις","Ἰουδαίοις","Ἰουδαῖος"
43,18,36,"D",NULL,"νῦν","νῦν","νῦν","νῦν"
43,18,36,"C",NULL,"δὲ","δὲ","δέ","δέ"
43,18,36,"RA","NSF","ἡ","ἡ","ἡ","ὁ"
43,18,36,"N","NSF","βασιλεία","βασιλεία","βασιλεία","βασιλεία"
43,18,36,"RA","NSF","ἡ","ἡ","ἡ","ὁ"
43,18,36,"A","NSF","ἐμὴ","ἐμὴ","ἐμή","ἐμός"
43,18,36,"D",NULL,"οὐκ","οὐκ","οὐ","οὐ"
43,18,36,"V","3PAI-S","ἔστιν","ἔστιν","ἐστί(ν)","εἰμί"
43,18,36,"D",NULL,"ἐντεῦθεν.","ἐντεῦθεν","ἐντεῦθεν","ἐντεῦθεν"
43,18,37,"V","3AAI-S","εἶπεν","εἶπεν","εἶπε(ν)","λέγω"
43,18,37,"C",NULL,"οὖν","οὖν","οὖν","οὖν"
43,18,37,"RP","DSM","αὐτῷ","αὐτῷ","αὐτῷ","αὐτός"
43,18,37,"RA","NSM","ὁ","ὁ","ὁ","ὁ"
43,18,37,"N","NSM","Πιλᾶτος·","Πιλᾶτος","Πιλᾶτος","Πιλᾶτος"
43,18,37,"C",NULL,"Οὐκοῦν","Οὐκοῦν","οὐκοῦν","οὐκοῦν"
43,18,37,"N","NSM","βασιλεὺς","βασιλεὺς","βασιλεύς","βασιλεύς"
43,18,37,"V","2PAI-S","εἶ","εἶ","εἶ","εἰμί"
43,18,37,"RP","NS","σύ;","σύ","σύ","σύ"
43,18,37,"V","3API-S","ἀπεκρίθη","ἀπεκρίθη","ἀπεκρίθη","ἀποκρίνομαι"
43,18,37,"RA","NSM","⸀ὁ","ὁ","ὁ","ὁ"
43,18,37,"N","NSM","Ἰησοῦς·","Ἰησοῦς","Ἰησοῦς","Ἰησοῦς"
43,18,37,"RP","NS","Σὺ","Σὺ","σύ","σύ"
43,18,37,"V","2PAI-S","λέγεις","λέγεις","λέγεις","λέγω"
43,18,37,"C",NULL,"ὅτι","ὅτι","ὅτι","ὅτι"
43,18,37,"N","NSM","βασιλεύς","βασιλεύς","βασιλεύς","βασιλεύς"
43,18,37,"V","1PAI-S","⸀εἰμι.","εἰμι","εἰμί","εἰμί"
43,18,37,"RP","NS","ἐγὼ","ἐγὼ","ἐγώ","ἐγώ"
43,18,37,"P",NULL,"εἰς","εἰς","εἰς","εἰς"
43,18,37,"RD","ASN","τοῦτο","τοῦτο","τοῦτο","οὗτος"
43,18,37,"V","1XPI-S","γεγέννημαι","γεγέννημαι","γεγέννημαι","γεννάω"
43,18,37,"C",NULL,"καὶ","καὶ","καί","καί"
43,18,37,"P",NULL,"εἰς","εἰς","εἰς","εἰς"
43,18,37,"RD","ASN","τοῦτο","τοῦτο","τοῦτο","οὗτος"
43,18,37,"V","1XAI-S","ἐλήλυθα","ἐλήλυθα","ἐλήλυθα","ἔρχομαι"
43,18,37,"P",NULL,"εἰς","εἰς","εἰς","εἰς"
43,18,37,"RA","ASM","τὸν","τὸν","τόν","ὁ"
43,18,37,"N","ASM","κόσμον","κόσμον","κόσμον","κόσμος"
43,18,37,"C",NULL,"ἵνα","ἵνα","ἵνα","ἵνα"
43,18,37,"V","1AAS-S","μαρτυρήσω","μαρτυρήσω","μαρτυρήσω","μαρτυρέω"
43,18,37,"RA","DSF","τῇ","τῇ","τῇ","ὁ"
43,18,37,"N","DSF","ἀληθείᾳ·","ἀληθείᾳ","ἀληθείᾳ","ἀλήθεια"
43,18,37,"A","NSM","πᾶς","πᾶς","πᾶς","πᾶς"
43,18,37,"RA","NSM","ὁ","ὁ","ὁ","ὁ"
43,18,37,"V","PAPNSM","ὢν","ὢν","ὤν","εἰμί"
43,18,37,"P",NULL,"ἐκ","ἐκ","ἐκ","ἐκ"
43,18,37,"RA","GSF","τῆς","τῆς","τῆς","ὁ"
43,18,37,"N","GSF","ἀληθείας","ἀληθείας","ἀληθείας","ἀλήθεια"
43,18,37,"V","3PAI-S","ἀκούει","ἀκούει","ἀκούει","ἀκούω"
43,18,37,"RP","GS","μου","μου","μου","ἐγώ"
43,18,37,"RA","GSF","τῆς","τῆς","τῆς","ὁ"
43,18,37,"N","GSF","φωνῆς.","φωνῆς","φωνῆς","φωνή"
43,18,38,"V","3PAI-S","λέγει","λέγει","λέγει","λέγω"
43,18,38,"RP","DSM","αὐτῷ","αὐτῷ","αὐτῷ","αὐτός"
43,18,38,"RA","NSM","ὁ","ὁ","ὁ","ὁ"
43,18,38,"N","NSM","Πιλᾶτος·","Πιλᾶτος","Πιλᾶτος","Πιλᾶτος"
43,18,38,"RI","NSN","Τί","Τί","τί","τίς"
43,18,38,"V","3PAI-S","ἐστιν","ἐστιν","ἐστί(ν)","εἰμί"
43,18,38,"N","NSF","ἀλήθεια;","ἀλήθεια","ἀλήθεια","ἀλήθεια"
43,18,38,"C",NULL,"Καὶ","Καὶ","καί","καί"
43,18,38,"RD","ASN","τοῦτο","τοῦτο","τοῦτο","οὗτος"
43,18,38,"V","AAPNSM","εἰπὼν","εἰπὼν","εἰπών","λέγω"
43,18,38,"D",NULL,"πάλιν","πάλιν","πάλιν","πάλιν"
43,18,38,"V","3AAI-S","ἐξῆλθεν","ἐξῆλθεν","ἐξῆλθε(ν)","ἐξέρχομαι"
43,18,38,"P",NULL,"πρὸς","πρὸς","πρός","πρός"
43,18,38,"RA","APM","τοὺς","τοὺς","τούς","ὁ"
43,18,38,"A","APM","Ἰουδαίους,","Ἰουδαίους","Ἰουδαίους","Ἰουδαῖος"
43,18,38,"C",NULL,"καὶ","καὶ","καί","καί"
43,18,38,"V","3PAI-S","λέγει","λέγει","λέγει","λέγω"
43,18,38,"RP","DPM","αὐτοῖς·","αὐτοῖς","αὐτοῖς","αὐτός"
43,18,38,"RP","NS","Ἐγὼ","Ἐγὼ","ἐγώ","ἐγώ"
43,18,38,"A","ASF","οὐδεμίαν","οὐδεμίαν","οὐδεμίαν","οὐδείς"
43,18,38,"V","1PAI-S","⸂εὑρίσκω","εὑρίσκω","εὑρίσκω","εὑρίσκω"
43,18,38,"P",NULL,"ἐν","ἐν","ἐν","ἐν"
43,18,38,"RP","DSM","αὐτῷ","αὐτῷ","αὐτῷ","αὐτός"
43,18,38,"N","ASF","αἰτίαν⸃·","αἰτίαν","αἰτίαν","αἰτία"
43,18,39,"V","3PAI-S","ἔστιν","ἔστιν","ἐστί(ν)","εἰμί"
43,18,39,"C",NULL,"δὲ","δὲ","δέ","δέ"
43,18,39,"N","NSF","συνήθεια","συνήθεια","συνήθεια","συνήθεια"
43,18,39,"RP","DP","ὑμῖν","ὑμῖν","ὑμῖν","σύ"
43,18,39,"D",NULL,"ἵνα","ἵνα","ἵνα","ἵνα"
43,18,39,"A","ASM","ἕνα","ἕνα","ἕνα","εἷς"
43,18,39,"V","1AAS-S","⸂ἀπολύσω","ἀπολύσω","ἀπολύσω","ἀπολύω"
43,18,39,"RP","DP","ὑμῖν⸃","ὑμῖν","ὑμῖν","σύ"
43,18,39,"P",NULL,"ἐν","ἐν","ἐν","ἐν"
43,18,39,"RA","DSN","τῷ","τῷ","τῷ","ὁ"
43,18,39,"N","DSN","πάσχα·","πάσχα","πάσχα","πάσχα"
43,18,39,"V","2PMI-P","βούλεσθε","βούλεσθε","βούλεσθε","βούλομαι"
43,18,39,"C",NULL,"οὖν","οὖν","οὖν","οὖν"
43,18,39,"V","1AAS-S","⸄ἀπολύσω","ἀπολύσω","ἀπολύσω","ἀπολύω"
43,18,39,"RP","DP","ὑμῖν⸅","ὑμῖν","ὑμῖν","σύ"
43,18,39,"RA","ASM","τὸν","τὸν","τόν","ὁ"
43,18,39,"N","ASM","βασιλέα","βασιλέα","βασιλέα","βασιλεύς"
43,18,39,"RA","GPM","τῶν","τῶν","τῶν","ὁ"
43,18,39,"A","GPM","Ἰουδαίων;","Ἰουδαίων","Ἰουδαίων","Ἰουδαῖος"
43,18,40,"V","3AAI-P","ἐκραύγασαν","ἐκραύγασαν","ἐκραύγασαν","κραυγάζω"
43,18,40,"C",NULL,"οὖν","οὖν","οὖν","οὖν"
43,18,40,"D",NULL,"⸀πάλιν","πάλιν","πάλιν","πάλιν"
43,18,40,"V","PAPNPM","λέγοντες·","λέγοντες","λέγοντες","λέγω"
43,18,40,"D",NULL,"Μὴ","Μὴ","μή","μή"
43,18,40,"RD","ASM","τοῦτον","τοῦτον","τοῦτον","οὗτος"
43,18,40,"C",NULL,"ἀλλὰ","ἀλλὰ","ἀλλά","ἀλλά"
43,18,40,"RA","ASM","τὸν","τὸν","τόν","ὁ"
43,18,40,"N","ASM","Βαραββᾶν.","Βαραββᾶν","Βαραββᾶν","Βαραββᾶς"
43,18,40,"V","3IAI-S","ἦν","ἦν","ἦν","εἰμί"
43,18,40,"C",NULL,"δὲ","δὲ","δέ","δέ"
43,18,40,"RA","NSM","ὁ","ὁ","ὁ","ὁ"
43,18,40,"N","NSM","Βαραββᾶς","Βαραββᾶς","Βαραββᾶς","Βαραββᾶς"
43,18,40,"N","NSM","λῃστής.","λῃστής","λῃστής","λῃστής"
43,19,01,"D",NULL,"Τότε","Τότε","τότε","τότε"
43,19,01,"C",NULL,"οὖν","οὖν","οὖν","οὖν"
43,19,01,"V","3AAI-S","ἔλαβεν","ἔλαβεν","ἔλαβε(ν)","λαμβάνω"
43,19,01,"RA","NSM","ὁ","ὁ","ὁ","ὁ"
43,19,01,"N","NSM","Πιλᾶτος","Πιλᾶτος","Πιλᾶτος","Πιλᾶτος"
43,19,01,"RA","ASM","τὸν","τὸν","τόν","ὁ"
43,19,01,"N","ASM","Ἰησοῦν","Ἰησοῦν","Ἰησοῦν","Ἰησοῦς"
43,19,01,"C",NULL,"καὶ","καὶ","καί","καί"
43,19,01,"V","3AAI-S","ἐμαστίγωσεν.","ἐμαστίγωσεν","ἐμαστίγωσε(ν)","μαστιγόω"
43,19,02,"C",NULL,"καὶ","καὶ","καί","καί"
43,19,02,"RA","NPM","οἱ","οἱ","οἱ","ὁ"
43,19,02,"N","NPM","στρατιῶται","στρατιῶται","στρατιῶται","στρατιώτης"
43,19,02,"V","AAPNPM","πλέξαντες","πλέξαντες","πλέξαντες","πλέκω"
43,19,02,"N","ASM","στέφανον","στέφανον","στέφανον","στέφανος"
43,19,02,"P",NULL,"ἐξ","ἐξ","ἐκ","ἐκ"
43,19,02,"N","GPF","ἀκανθῶν","ἀκανθῶν","ἀκανθῶν","ἄκανθα"
43,19,02,"V","3AAI-P","ἐπέθηκαν","ἐπέθηκαν","ἐπέθηκαν","ἐπιτίθημι"
43,19,02,"RP","GSM","αὐτοῦ","αὐτοῦ","αὐτοῦ","αὐτός"
43,19,02,"RA","DSF","τῇ","τῇ","τῇ","ὁ"
43,19,02,"N","DSF","κεφαλῇ,","κεφαλῇ","κεφαλῇ","κεφαλή"
43,19,02,"C",NULL,"καὶ","καὶ","καί","καί"
43,19,02,"N","ASN","ἱμάτιον","ἱμάτιον","ἱμάτιον","ἱμάτιον"
43,19,02,"A","ASN","πορφυροῦν","πορφυροῦν","πορφυροῦν","πορφυροῦς"
43,19,02,"V","3AAI-P","περιέβαλον","περιέβαλον","περιέβαλον","περιβάλλω"
43,19,02,"RP","ASM","αὐτόν,","αὐτόν","αὐτόν","αὐτός"
43,19,03,"C",NULL,"καὶ","καὶ","καί","καί"
43,19,03,"V","3IMI-P","⸂ἤρχοντο","ἤρχοντο","ἤρχοντο","ἔρχομαι"
43,19,03,"P",NULL,"πρὸς","πρὸς","πρός","πρός"
43,19,03,"RP","ASM","αὐτὸν","αὐτὸν","αὐτόν","αὐτός"
43,19,03,"C",NULL,"καὶ⸃","καὶ","καί","καί"
43,19,03,"V","3IAI-P","ἔλεγον·","ἔλεγον","ἔλεγον","λέγω"
43,19,03,"V","2PAD-S","Χαῖρε,","Χαῖρε","χαῖρε","χαίρω"
43,19,03,"RA","NSM","ὁ","ὁ","ὁ","ὁ"
43,19,03,"N","NSM","βασιλεὺς","βασιλεὺς","βασιλεύς","βασιλεύς"
43,19,03,"RA","GPM","τῶν","τῶν","τῶν","ὁ"
43,19,03,"A","GPM","Ἰουδαίων·","Ἰουδαίων","Ἰουδαίων","Ἰουδαῖος"
43,19,03,"C",NULL,"καὶ","καὶ","καί","καί"
43,19,03,"V","3IAI-P","ἐδίδοσαν","ἐδίδοσαν","ἐδίδοσαν","δίδωμι"
43,19,03,"RP","DSM","αὐτῷ","αὐτῷ","αὐτῷ","αὐτός"
43,19,03,"N","APN","ῥαπίσματα.","ῥαπίσματα","ῥαπίσματα","ῥάπισμα"
43,19,04,"C",NULL,"⸂καὶ","καὶ","καί","καί"
43,19,04,"V","3AAI-S","ἐξῆλθεν⸃","ἐξῆλθεν","ἐξῆλθε(ν)","ἐξέρχομαι"
43,19,04,"D",NULL,"πάλιν","πάλιν","πάλιν","πάλιν"
43,19,04,"D",NULL,"ἔξω","ἔξω","ἔξω","ἔξω"
43,19,04,"RA","NSM","ὁ","ὁ","ὁ","ὁ"
43,19,04,"N","NSM","Πιλᾶτος","Πιλᾶτος","Πιλᾶτος","Πιλᾶτος"
43,19,04,"C",NULL,"καὶ","καὶ","καί","καί"
43,19,04,"V","3PAI-S","λέγει","λέγει","λέγει","λέγω"
43,19,04,"RP","DPM","αὐτοῖς·","αὐτοῖς","αὐτοῖς","αὐτός"
43,19,04,"X",NULL,"Ἴδε","Ἴδε","ἴδε","ἴδε"
43,19,04,"V","1PAI-S","ἄγω","ἄγω","ἄγω","ἄγω"
43,19,04,"RP","DP","ὑμῖν","ὑμῖν","ὑμῖν","σύ"
43,19,04,"RP","ASM","αὐτὸν","αὐτὸν","αὐτόν","αὐτός"
43,19,04,"D",NULL,"ἔξω,","ἔξω","ἔξω","ἔξω"
43,19,04,"C",NULL,"ἵνα","ἵνα","ἵνα","ἵνα"
43,19,04,"V","2AAS-P","γνῶτε","γνῶτε","γνῶτε","γινώσκω"
43,19,04,"C",NULL,"ὅτι","ὅτι","ὅτι","ὅτι"
43,19,04,"A","ASF","⸂οὐδεμίαν","οὐδεμίαν","οὐδεμίαν","οὐδείς"
43,19,04,"N","ASF","αἰτίαν","αἰτίαν","αἰτίαν","αἰτία"
43,19,04,"V","1PAI-S","εὑρίσκω","εὑρίσκω","εὑρίσκω","εὑρίσκω"
43,19,04,"P",NULL,"ἐν","ἐν","ἐν","ἐν"
43,19,04,"RP","DSM","αὐτῷ⸃.","αὐτῷ","αὐτῷ","αὐτός"
43,19,05,"V","3AAI-S","ἐξῆλθεν","ἐξῆλθεν","ἐξῆλθε(ν)","ἐξέρχομαι"
43,19,05,"C",NULL,"οὖν","οὖν","οὖν","οὖν"
43,19,05,"RA","NSM","ὁ","ὁ","ὁ","ὁ"
43,19,05,"N","NSM","Ἰησοῦς","Ἰησοῦς","Ἰησοῦς","Ἰησοῦς"
43,19,05,"D",NULL,"ἔξω,","ἔξω","ἔξω","ἔξω"
43,19,05,"V","PAPNSM","φορῶν","φορῶν","φορῶν","φορέω"
43,19,05,"RA","ASM","τὸν","τὸν","τόν","ὁ"
43,19,05,"A","ASM","ἀκάνθινον","ἀκάνθινον","ἀκάνθινον","ἀκάνθινος"
43,19,05,"N","ASM","στέφανον","στέφανον","στέφανον","στέφανος"
43,19,05,"C",NULL,"καὶ","καὶ","καί","καί"
43,19,05,"RA","ASN","τὸ","τὸ","τό","ὁ"
43,19,05,"A","ASN","πορφυροῦν","πορφυροῦν","πορφυροῦν","πορφυροῦς"
43,19,05,"N","ASN","ἱμάτιον.","ἱμάτιον","ἱμάτιον","ἱμάτιον"
43,19,05,"C",NULL,"καὶ","καὶ","καί","καί"
43,19,05,"V","3PAI-S","λέγει","λέγει","λέγει","λέγω"
43,19,05,"RP","DPM","αὐτοῖς·","αὐτοῖς","αὐτοῖς","αὐτός"
43,19,05,"X",NULL,"⸀Ἰδοὺ","Ἰδοὺ","ἰδού","ἰδού"
43,19,05,"RA","NSM","ὁ","ὁ","ὁ","ὁ"
43,19,05,"N","NSM","ἄνθρωπος.","ἄνθρωπος","ἄνθρωπος","ἄνθρωπος"
43,19,06,"C",NULL,"ὅτε","ὅτε","ὅτε","ὅτε"
43,19,06,"C",NULL,"οὖν","οὖν","οὖν","οὖν"
43,19,06,"V","3AAI-P","εἶδον","εἶδον","εἶδον","ὁράω"
43,19,06,"RP","ASM","αὐτὸν","αὐτὸν","αὐτόν","αὐτός"
43,19,06,"RA","NPM","οἱ","οἱ","οἱ","ὁ"
43,19,06,"N","NPM","ἀρχιερεῖς","ἀρχιερεῖς","ἀρχιερεῖς","ἀρχιερεύς"
43,19,06,"C",NULL,"καὶ","καὶ","καί","καί"
43,19,06,"RA","NPM","οἱ","οἱ","οἱ","ὁ"
43,19,06,"N","NPM","ὑπηρέται","ὑπηρέται","ὑπηρέται","ὑπηρέτης"
43,19,06,"V","3AAI-P","ἐκραύγασαν","ἐκραύγασαν","ἐκραύγασαν","κραυγάζω"
43,19,06,"V","PAPNPM","λέγοντες·","λέγοντες","λέγοντες","λέγω"
43,19,06,"V","2AAD-S","Σταύρωσον","Σταύρωσον","σταύρωσον","σταυρόω"
43,19,06,"V","2AAD-S","⸀σταύρωσον.","σταύρωσον","σταύρωσον","σταυρόω"
43,19,06,"V","3PAI-S","λέγει","λέγει","λέγει","λέγω"
43,19,06,"RP","DPM","αὐτοῖς","αὐτοῖς","αὐτοῖς","αὐτός"
43,19,06,"RA","NSM","ὁ","ὁ","ὁ","ὁ"
43,19,06,"N","NSM","Πιλᾶτος·","Πιλᾶτος","Πιλᾶτος","Πιλᾶτος"
43,19,06,"V","2AAD-P","Λάβετε","Λάβετε","λάβετε","λαμβάνω"
43,19,06,"RP","ASM","αὐτὸν","αὐτὸν","αὐτόν","αὐτός"
43,19,06,"RP","NP","ὑμεῖς","ὑμεῖς","ὑμεῖς","σύ"
43,19,06,"C",NULL,"καὶ","καὶ","καί","καί"
43,19,06,"V","2AAD-P","σταυρώσατε,","σταυρώσατε","σταυρώσατε","σταυρόω"
43,19,06,"RP","NS","ἐγὼ","ἐγὼ","ἐγώ","ἐγώ"
43,19,06,"C",NULL,"γὰρ","γὰρ","γάρ","γάρ"
43,19,06,"D",NULL,"οὐχ","οὐχ","οὐ","οὐ"
43,19,06,"V","1PAI-S","εὑρίσκω","εὑρίσκω","εὑρίσκω","εὑρίσκω"
43,19,06,"P",NULL,"ἐν","ἐν","ἐν","ἐν"
43,19,06,"RP","DSM","αὐτῷ","αὐτῷ","αὐτῷ","αὐτός"
43,19,06,"N","ASF","αἰτίαν.","αἰτίαν","αἰτίαν","αἰτία"
43,19,07,"V","3API-P","ἀπεκρίθησαν","ἀπεκρίθησαν","ἀπεκρίθησαν","ἀποκρίνομαι"
43,19,07,"RP","DSM","αὐτῷ","αὐτῷ","αὐτῷ","αὐτός"
43,19,07,"RA","NPM","οἱ","οἱ","οἱ","ὁ"
43,19,07,"A","NPM","Ἰουδαῖοι·","Ἰουδαῖοι","Ἰουδαῖοι","Ἰουδαῖος"
43,19,07,"RP","NP","Ἡμεῖς","Ἡμεῖς","ἡμεῖς","ἐγώ"
43,19,07,"N","ASM","νόμον","νόμον","νόμον","νόμος"
43,19,07,"V","1PAI-P","ἔχομεν,","ἔχομεν","ἔχομεν","ἔχω"
43,19,07,"C",NULL,"καὶ","καὶ","καί","καί"
43,19,07,"P",NULL,"κατὰ","κατὰ","κατά","κατά"
43,19,07,"RA","ASM","τὸν","τὸν","τόν","ὁ"
43,19,07,"N","ASM","⸀νόμον","νόμον","νόμον","νόμος"
43,19,07,"V","3PAI-S","ὀφείλει","ὀφείλει","ὀφείλει","ὀφείλω"
43,19,07,"V","AAN","ἀποθανεῖν,","ἀποθανεῖν","ἀποθανεῖν","ἀποθνῄσκω"
43,19,07,"C",NULL,"ὅτι","ὅτι","ὅτι","ὅτι"
43,19,07,"N","ASM","⸂υἱὸν","υἱὸν","υἱόν","υἱός"
43,19,07,"N","GSM","θεοῦ","θεοῦ","θεοῦ","θεός"
43,19,07,"RP","ASM","ἑαυτὸν⸃","ἑαυτὸν","ἑαυτόν","ἑαυτοῦ"
43,19,07,"V","3AAI-S","ἐποίησεν.","ἐποίησεν","ἐποίησε(ν)","ποιέω"
43,19,08,"C",NULL,"Ὅτε","Ὅτε","ὅτε","ὅτε"
43,19,08,"C",NULL,"οὖν","οὖν","οὖν","οὖν"
43,19,08,"V","3AAI-S","ἤκουσεν","ἤκουσεν","ἤκουσε(ν)","ἀκούω"
43,19,08,"RA","NSM","ὁ","ὁ","ὁ","ὁ"
43,19,08,"N","NSM","Πιλᾶτος","Πιλᾶτος","Πιλᾶτος","Πιλᾶτος"
43,19,08,"RD","ASM","τοῦτον","τοῦτον","τοῦτον","οὗτος"
43,19,08,"RA","ASM","τὸν","τὸν","τόν","ὁ"
43,19,08,"N","ASM","λόγον,","λόγον","λόγον","λόγος"
43,19,08,"D",NULL,"μᾶλλον","μᾶλλον","μᾶλλον","μᾶλλον"
43,19,08,"V","3API-S","ἐφοβήθη,","ἐφοβήθη","ἐφοβήθη","φοβέομαι"
43,19,09,"C",NULL,"καὶ","καὶ","καί","καί"
43,19,09,"V","3AAI-S","εἰσῆλθεν","εἰσῆλθεν","εἰσῆλθε(ν)","εἰσέρχομαι"
43,19,09,"P",NULL,"εἰς","εἰς","εἰς","εἰς"
43,19,09,"RA","ASN","τὸ","τὸ","τό","ὁ"
43,19,09,"N","ASN","πραιτώριον","πραιτώριον","πραιτώριον","πραιτώριον"
43,19,09,"D",NULL,"πάλιν","πάλιν","πάλιν","πάλιν"
43,19,09,"C",NULL,"καὶ","καὶ","καί","καί"
43,19,09,"V","3PAI-S","λέγει","λέγει","λέγει","λέγω"
43,19,09,"RA","DSM","τῷ","τῷ","τῷ","ὁ"
43,19,09,"N","DSM","Ἰησοῦ·","Ἰησοῦ","Ἰησοῦ","Ἰησοῦς"
43,19,09,"D",NULL,"Πόθεν","Πόθεν","πόθεν","πόθεν"
43,19,09,"V","2PAI-S","εἶ","εἶ","εἶ","εἰμί"
43,19,09,"RP","NS","σύ;","σύ","σύ","σύ"
43,19,09,"RA","NSM","ὁ","ὁ","ὁ","ὁ"
43,19,09,"C",NULL,"δὲ","δὲ","δέ","δέ"
43,19,09,"N","NSM","Ἰησοῦς","Ἰησοῦς","Ἰησοῦς","Ἰησοῦς"
43,19,09,"N","ASF","ἀπόκρισιν","ἀπόκρισιν","ἀπόκρισιν","ἀπόκρισις"
43,19,09,"D",NULL,"οὐκ","οὐκ","οὐ","οὐ"
43,19,09,"V","3AAI-S","ἔδωκεν","ἔδωκεν","ἔδωκε(ν)","δίδωμι"
43,19,09,"RP","DSM","αὐτῷ.","αὐτῷ","αὐτῷ","αὐτός"
43,19,10,"V","3PAI-S","λέγει","λέγει","λέγει","λέγω"
43,19,10,"C",NULL,"οὖν","οὖν","οὖν","οὖν"
43,19,10,"RP","DSM","αὐτῷ","αὐτῷ","αὐτῷ","αὐτός"
43,19,10,"RA","NSM","ὁ","ὁ","ὁ","ὁ"
43,19,10,"N","NSM","Πιλᾶτος·","Πιλᾶτος","Πιλᾶτος","Πιλᾶτος"
43,19,10,"RP","DS","Ἐμοὶ","Ἐμοὶ","ἐμοί","ἐγώ"
43,19,10,"X",NULL,"οὐ","οὐ","οὐ","οὐ"
43,19,10,"V","2PAI-S","λαλεῖς;","λαλεῖς","λαλεῖς","λαλέω"
43,19,10,"X",NULL,"οὐκ","οὐκ","οὐ","οὐ"
43,19,10,"V","2XAI-S","οἶδας","οἶδας","οἶδας","οἶδα"
43,19,10,"C",NULL,"ὅτι","ὅτι","ὅτι","ὅτι"
43,19,10,"N","ASF","ἐξουσίαν","ἐξουσίαν","ἐξουσίαν","ἐξουσία"
43,19,10,"V","1PAI-S","ἔχω","ἔχω","ἔχω","ἔχω"
43,19,10,"V","AAN","⸂ἀπολῦσαί","ἀπολῦσαί","ἀπολῦσαι","ἀπολύω"
43,19,10,"RP","AS","σε","σε","σε","σύ"
43,19,10,"C",NULL,"καὶ","καὶ","καί","καί"
43,19,10,"N","ASF","ἐξουσίαν","ἐξουσίαν","ἐξουσίαν","ἐξουσία"
43,19,10,"V","1PAI-S","ἔχω","ἔχω","ἔχω","ἔχω"
43,19,10,"V","AAN","σταυρῶσαί⸃","σταυρῶσαί","σταυρῶσαι","σταυρόω"
43,19,10,"RP","AS","σε;","σε","σε","σύ"
43,19,11,"V","3API-S","ἀπεκρίθη","ἀπεκρίθη","ἀπεκρίθη","ἀποκρίνομαι"
43,19,11,"RP","DSM","⸀αὐτῷ","αὐτῷ","αὐτῷ","αὐτός"
43,19,11,"N","NSM","Ἰησοῦς·","Ἰησοῦς","Ἰησοῦς","Ἰησοῦς"
43,19,11,"D",NULL,"Οὐκ","Οὐκ","οὐ","οὐ"
43,19,11,"V","2IAI-S","εἶχες","εἶχες","εἶχες","ἔχω"
43,19,11,"N","ASF","ἐξουσίαν","ἐξουσίαν","ἐξουσίαν","ἐξουσία"
43,19,11,"P",NULL,"⸂κατ’","κατ’","κατά","κατά"
43,19,11,"RP","GS","ἐμοῦ","ἐμοῦ","ἐμοῦ","ἐγώ"
43,19,11,"A","ASF","οὐδεμίαν⸃","οὐδεμίαν","οὐδεμίαν","οὐδείς"
43,19,11,"C",NULL,"εἰ","εἰ","εἰ","εἰ"
43,19,11,"D",NULL,"μὴ","μὴ","μή","μή"
43,19,11,"V","3IAI-S","ἦν","ἦν","ἦν","εἰμί"
43,19,11,"V","XPPNSN","⸂δεδομένον","δεδομένον","δεδομένον","δίδωμι"
43,19,11,"RP","DS","σοι⸃","σοι","σοι","σύ"
43,19,11,"D",NULL,"ἄνωθεν·","ἄνωθεν","ἄνωθεν","ἄνωθεν"
43,19,11,"P",NULL,"διὰ","διὰ","διά","διά"
43,19,11,"RD","ASN","τοῦτο","τοῦτο","τοῦτο","οὗτος"
43,19,11,"RA","NSM","ὁ","ὁ","ὁ","ὁ"
43,19,11,"V","AAPNSM","⸀παραδούς","παραδούς","παραδούς","παραδίδωμι"
43,19,11,"RP","AS","μέ","μέ","με","ἐγώ"
43,19,11,"RP","DS","σοι","σοι","σοι","σύ"
43,19,11,"A","ASFC","μείζονα","μείζονα","μείζονα","μέγας"
43,19,11,"N","ASF","ἁμαρτίαν","ἁμαρτίαν","ἁμαρτίαν","ἁμαρτία"
43,19,11,"V","3PAI-S","ἔχει.","ἔχει","ἔχει","ἔχω"
43,19,12,"P",NULL,"ἐκ","ἐκ","ἐκ","ἐκ"
43,19,12,"RD","GSN","τούτου","τούτου","τούτου","οὗτος"
43,19,12,"RA","NSM","⸂ὁ","ὁ","ὁ","ὁ"
43,19,12,"N","NSM","Πιλᾶτος","Πιλᾶτος","Πιλᾶτος","Πιλᾶτος"
43,19,12,"V","3IAI-S","ἐζήτει⸃","ἐζήτει","ἐζήτει","ζητέω"
43,19,12,"V","AAN","ἀπολῦσαι","ἀπολῦσαι","ἀπολῦσαι","ἀπολύω"
43,19,12,"RP","ASM","αὐτόν·","αὐτόν","αὐτόν","αὐτός"
43,19,12,"RA","NPM","οἱ","οἱ","οἱ","ὁ"
43,19,12,"C",NULL,"δὲ","δὲ","δέ","δέ"
43,19,12,"A","NPM","Ἰουδαῖοι","Ἰουδαῖοι","Ἰουδαῖοι","Ἰουδαῖος"
43,19,12,"V","3AAI-P","⸀ἐκραύγασαν","ἐκραύγασαν","ἐκραύγασαν","κραυγάζω"
43,19,12,"V","PAPNPM","λέγοντες·","λέγοντες","λέγοντες","λέγω"
43,19,12,"C",NULL,"Ἐὰν","Ἐὰν","ἐάν","ἐάν"
43,19,12,"RD","ASM","τοῦτον","τοῦτον","τοῦτον","οὗτος"
43,19,12,"V","2AAS-S","ἀπολύσῃς,","ἀπολύσῃς","ἀπολύσῃς","ἀπολύω"
43,19,12,"D",NULL,"οὐκ","οὐκ","οὐ","οὐ"
43,19,12,"V","2PAI-S","εἶ","εἶ","εἶ","εἰμί"
43,19,12,"A","NSM","φίλος","φίλος","φίλος","φίλος"
43,19,12,"RA","GSM","τοῦ","τοῦ","τοῦ","ὁ"
43,19,12,"N","GSM","Καίσαρος·","Καίσαρος","Καίσαρος","Καῖσαρ"
43,19,12,"A","NSM","πᾶς","πᾶς","πᾶς","πᾶς"
43,19,12,"RA","NSM","ὁ","ὁ","ὁ","ὁ"
43,19,12,"N","ASM","βασιλέα","βασιλέα","βασιλέα","βασιλεύς"
43,19,12,"RP","ASM","ἑαυτὸν","ἑαυτὸν","ἑαυτόν","ἑαυτοῦ"
43,19,12,"V","PAPNSM","ποιῶν","ποιῶν","ποιῶν","ποιέω"
43,19,12,"V","3PAI-S","ἀντιλέγει","ἀντιλέγει","ἀντιλέγει","ἀντιλέγω"
43,19,12,"RA","DSM","τῷ","τῷ","τῷ","ὁ"
43,19,12,"N","DSM","Καίσαρι.","Καίσαρι","Καίσαρι","Καῖσαρ"
43,19,13,"RA","NSM","Ὁ","Ὁ","ὁ","ὁ"
43,19,13,"C",NULL,"οὖν","οὖν","οὖν","οὖν"
43,19,13,"N","NSM","Πιλᾶτος","Πιλᾶτος","Πιλᾶτος","Πιλᾶτος"
43,19,13,"V","AAPNSM","ἀκούσας","ἀκούσας","ἀκούσας","ἀκούω"
43,19,13,"RA","GPM","⸂τῶν","τῶν","τῶν","ὁ"
43,19,13,"N","GPM","λόγων","λόγων","λόγων","λόγος"
43,19,13,"RD","GPM","τούτων⸃","τούτων","τούτων","οὗτος"
43,19,13,"V","3AAI-S","ἤγαγεν","ἤγαγεν","ἤγαγε(ν)","ἄγω"
43,19,13,"D",NULL,"ἔξω","ἔξω","ἔξω","ἔξω"
43,19,13,"RA","ASM","τὸν","τὸν","τόν","ὁ"
43,19,13,"N","ASM","Ἰησοῦν,","Ἰησοῦν","Ἰησοῦν","Ἰησοῦς"
43,19,13,"C",NULL,"καὶ","καὶ","καί","καί"
43,19,13,"V","3AAI-S","ἐκάθισεν","ἐκάθισεν","ἐκάθισε(ν)","καθίζω"
43,19,13,"P",NULL,"⸀ἐπὶ","ἐπὶ","ἐπί","ἐπί"
43,19,13,"N","GSN","βήματος","βήματος","βήματος","βῆμα"
43,19,13,"P",NULL,"εἰς","εἰς","εἰς","εἰς"
43,19,13,"N","ASM","τόπον","τόπον","τόπον","τόπος"
43,19,13,"V","PPPASM","λεγόμενον","λεγόμενον","λεγόμενον","λέγω"
43,19,13,"A","ASM","Λιθόστρωτον,","Λιθόστρωτον","λιθόστρωτον","λιθόστρωτος"
43,19,13,"D",NULL,"Ἑβραϊστὶ","Ἑβραϊστὶ","Ἑβραϊστί","Ἑβραϊστί"
43,19,13,"C",NULL,"δὲ","δὲ","δέ","δέ"
43,19,13,"N","ASN","Γαββαθα.","Γαββαθα","Γαββαθα","Γαββαθα"
43,19,14,"V","3IAI-S","ἦν","ἦν","ἦν","εἰμί"
43,19,14,"C",NULL,"δὲ","δὲ","δέ","δέ"
43,19,14,"N","NSF","παρασκευὴ","παρασκευὴ","παρασκευή","παρασκευή"
43,19,14,"RA","GSN","τοῦ","τοῦ","τοῦ","ὁ"
43,19,14,"N","GSN","πάσχα,","πάσχα","πάσχα","πάσχα"
43,19,14,"N","NSF","ὥρα","ὥρα","ὥρα","ὥρα"
43,19,14,"V","3IAI-S","⸂ἦν","ἦν","ἦν","εἰμί"
43,19,14,"P",NULL,"ὡς⸃","ὡς","ὡς","ὡς"
43,19,14,"A","NSF","ἕκτη.","ἕκτη","ἕκτη","ἕκτος"
43,19,14,"C",NULL,"καὶ","καὶ","καί","καί"
43,19,14,"V","3PAI-S","λέγει","λέγει","λέγει","λέγω"
43,19,14,"RA","DPM","τοῖς","τοῖς","τοῖς","ὁ"
43,19,14,"A","DPM","Ἰουδαίοις·","Ἰουδαίοις","Ἰουδαίοις","Ἰουδαῖος"
43,19,14,"X",NULL,"Ἴδε","Ἴδε","ἴδε","ἴδε"
43,19,14,"RA","NSM","ὁ","ὁ","ὁ","ὁ"
43,19,14,"N","NSM","βασιλεὺς","βασιλεὺς","βασιλεύς","βασιλεύς"
43,19,14,"RP","GP","ὑμῶν.","ὑμῶν","ὑμῶν","σύ"
43,19,15,"V","3AAI-P","⸂ἐκραύγασαν","ἐκραύγασαν","ἐκραύγασαν","κραυγάζω"
43,19,15,"C",NULL,"οὖν","οὖν","οὖν","οὖν"
43,19,15,"RD","NPM","ἐκεῖνοι⸃·","ἐκεῖνοι","ἐκεῖνοι","ἐκεῖνος"
43,19,15,"V","2AAD-S","Ἆρον","Ἆρον","ἆρον","αἴρω"
43,19,15,"V","2AAD-S","ἆρον,","ἆρον","ἆρον","αἴρω"
43,19,15,"V","2AAD-S","σταύρωσον","σταύρωσον","σταύρωσον","σταυρόω"
43,19,15,"RP","ASM","αὐτόν.","αὐτόν","αὐτόν","αὐτός"
43,19,15,"V","3PAI-S","λέγει","λέγει","λέγει","λέγω"
43,19,15,"RP","DPM","αὐτοῖς","αὐτοῖς","αὐτοῖς","αὐτός"
43,19,15,"RA","NSM","ὁ","ὁ","ὁ","ὁ"
43,19,15,"N","NSM","Πιλᾶτος·","Πιλᾶτος","Πιλᾶτος","Πιλᾶτος"
43,19,15,"RA","ASM","Τὸν","Τὸν","τόν","ὁ"
43,19,15,"N","ASM","βασιλέα","βασιλέα","βασιλέα","βασιλεύς"
43,19,15,"RP","GP","ὑμῶν","ὑμῶν","ὑμῶν","σύ"
43,19,15,"V","1AAS-S","σταυρώσω;","σταυρώσω","σταυρώσω","σταυρόω"
43,19,15,"V","3API-P","ἀπεκρίθησαν","ἀπεκρίθησαν","ἀπεκρίθησαν","ἀποκρίνομαι"
43,19,15,"RA","NPM","οἱ","οἱ","οἱ","ὁ"
43,19,15,"N","NPM","ἀρχιερεῖς·","ἀρχιερεῖς","ἀρχιερεῖς","ἀρχιερεύς"
43,19,15,"D",NULL,"Οὐκ","Οὐκ","οὐ","οὐ"
43,19,15,"V","1PAI-P","ἔχομεν","ἔχομεν","ἔχομεν","ἔχω"
43,19,15,"N","ASM","βασιλέα","βασιλέα","βασιλέα","βασιλεύς"
43,19,15,"C",NULL,"εἰ","εἰ","εἰ","εἰ"
43,19,15,"D",NULL,"μὴ","μὴ","μή","μή"
43,19,15,"N","ASM","Καίσαρα.","Καίσαρα","Καίσαρα","Καῖσαρ"
43,19,16,"D",NULL,"τότε","τότε","τότε","τότε"
43,19,16,"C",NULL,"οὖν","οὖν","οὖν","οὖν"
43,19,16,"V","3AAI-S","παρέδωκεν","παρέδωκεν","παρέδωκε(ν)","παραδίδωμι"
43,19,16,"RP","ASM","αὐτὸν","αὐτὸν","αὐτόν","αὐτός"
43,19,16,"RP","DPM","αὐτοῖς","αὐτοῖς","αὐτοῖς","αὐτός"
43,19,16,"C",NULL,"ἵνα","ἵνα","ἵνα","ἵνα"
43,19,16,"V","3APS-S","σταυρωθῇ.","σταυρωθῇ","σταυρωθῇ","σταυρόω"
43,19,16,"V","3AAI-P","Παρέλαβον","Παρέλαβον","παρέλαβον","παραλαμβάνω"
43,19,16,"C",NULL,"⸀οὖν","οὖν","οὖν","οὖν"
43,19,16,"RA","ASM","τὸν","τὸν","τόν","ὁ"
43,19,16,"N","ASM","⸀Ἰησοῦν·","Ἰησοῦν","Ἰησοῦν","Ἰησοῦς"
43,19,17,"C",NULL,"καὶ","καὶ","καί","καί"
43,19,17,"V","PAPNSM","βαστάζων","βαστάζων","βαστάζων","βαστάζω"
43,19,17,"RP","DSM","⸂αὑτῷ","αὑτῷ","αὑτῷ","ἑαυτοῦ"
43,19,17,"RA","ASM","τὸν","τὸν","τόν","ὁ"
43,19,17,"N","ASM","σταυρὸν⸃","σταυρὸν","σταυρόν","σταυρός"
43,19,17,"V","3AAI-S","ἐξῆλθεν","ἐξῆλθεν","ἐξῆλθε(ν)","ἐξέρχομαι"
43,19,17,"P",NULL,"εἰς","εἰς","εἰς","εἰς"
43,19,17,"RA","ASM","⸀τὸν","τὸν","τόν","ὁ"
43,19,17,"V","PPPASM","λεγόμενον","λεγόμενον","λεγόμενον","λέγω"
43,19,17,"N","GSN","Κρανίου","Κρανίου","κρανίου","κρανίον"
43,19,17,"N","ASM","Τόπον,","Τόπον","τόπον","τόπος"
43,19,17,"RR","NSN","⸀ὃ","ὃ","ὅ","ὅς"
43,19,17,"V","3PPI-S","λέγεται","λέγεται","λέγεται","λέγω"
43,19,17,"D",NULL,"Ἑβραϊστὶ","Ἑβραϊστὶ","Ἑβραϊστί","Ἑβραϊστί"
43,19,17,"N","NSF","Γολγοθα,","Γολγοθα","Γολγοθᾶ","Γολγοθᾶ"
43,19,18,"D",NULL,"ὅπου","ὅπου","ὅπου","ὅπου"
43,19,18,"RP","ASM","αὐτὸν","αὐτὸν","αὐτόν","αὐτός"
43,19,18,"V","3AAI-P","ἐσταύρωσαν,","ἐσταύρωσαν","ἐσταύρωσαν","σταυρόω"
43,19,18,"C",NULL,"καὶ","καὶ","καί","καί"
43,19,18,"P",NULL,"μετ’","μετ’","μετά","μετά"
43,19,18,"RP","GSM","αὐτοῦ","αὐτοῦ","αὐτοῦ","αὐτός"
43,19,18,"A","APM","ἄλλους","ἄλλους","ἄλλους","ἄλλος"
43,19,18,"A","APM","δύο","δύο","δύο","δύο"
43,19,18,"D",NULL,"ἐντεῦθεν","ἐντεῦθεν","ἐντεῦθεν","ἐντεῦθεν"
43,19,18,"C",NULL,"καὶ","καὶ","καί","καί"
43,19,18,"D",NULL,"ἐντεῦθεν,","ἐντεῦθεν","ἐντεῦθεν","ἐντεῦθεν"
43,19,18,"A","ASN","μέσον","μέσον","μέσον","μέσος"
43,19,18,"C",NULL,"δὲ","δὲ","δέ","δέ"
43,19,18,"RA","ASM","τὸν","τὸν","τόν","ὁ"
43,19,18,"N","ASM","Ἰησοῦν.","Ἰησοῦν","Ἰησοῦν","Ἰησοῦς"
43,19,19,"V","3AAI-S","ἔγραψεν","ἔγραψεν","ἔγραψε(ν)","γράφω"
43,19,19,"C",NULL,"δὲ","δὲ","δέ","δέ"
43,19,19,"D",NULL,"καὶ","καὶ","καί","καί"
43,19,19,"N","ASM","τίτλον","τίτλον","τίτλον","τίτλος"
43,19,19,"RA","NSM","ὁ","ὁ","ὁ","ὁ"
43,19,19,"N","NSM","Πιλᾶτος","Πιλᾶτος","Πιλᾶτος","Πιλᾶτος"
43,19,19,"C",NULL,"καὶ","καὶ","καί","καί"
43,19,19,"V","3AAI-S","ἔθηκεν","ἔθηκεν","ἔθηκε(ν)","τίθημι"
43,19,19,"P",NULL,"ἐπὶ","ἐπὶ","ἐπί","ἐπί"
43,19,19,"RA","GSM","τοῦ","τοῦ","τοῦ","ὁ"
43,19,19,"N","GSM","σταυροῦ·","σταυροῦ","σταυροῦ","σταυρός"
43,19,19,"V","3IAI-S","ἦν","ἦν","ἦν","εἰμί"
43,19,19,"C",NULL,"δὲ","δὲ","δέ","δέ"
43,19,19,"V","XPPNSN","γεγραμμένον·","γεγραμμένον","γεγραμμένον","γράφω"
43,19,19,"N","NSM","Ἰησοῦς","Ἰησοῦς","Ἰησοῦς","Ἰησοῦς"
43,19,19,"RA","NSM","ὁ","ὁ","ὁ","ὁ"
43,19,19,"N","NSM","Ναζωραῖος","Ναζωραῖος","Ναζωραῖος","Ναζωραῖος"
43,19,19,"RA","NSM","ὁ","ὁ","ὁ","ὁ"
43,19,19,"N","NSM","βασιλεὺς","βασιλεὺς","βασιλεύς","βασιλεύς"
43,19,19,"RA","GPM","τῶν","τῶν","τῶν","ὁ"
43,19,19,"A","GPM","Ἰουδαίων.","Ἰουδαίων","Ἰουδαίων","Ἰουδαῖος"
43,19,20,"RD","ASM","τοῦτον","τοῦτον","τοῦτον","οὗτος"
43,19,20,"C",NULL,"οὖν","οὖν","οὖν","οὖν"
43,19,20,"RA","ASM","τὸν","τὸν","τόν","ὁ"
43,19,20,"N","ASM","τίτλον","τίτλον","τίτλον","τίτλος"
43,19,20,"A","NPM","πολλοὶ","πολλοὶ","πολλοί","πολύς"
43,19,20,"V","3AAI-P","ἀνέγνωσαν","ἀνέγνωσαν","ἀνέγνωσαν","ἀναγινώσκω"
43,19,20,"RA","GPM","τῶν","τῶν","τῶν","ὁ"
43,19,20,"A","GPM","Ἰουδαίων,","Ἰουδαίων","Ἰουδαίων","Ἰουδαῖος"
43,19,20,"C",NULL,"ὅτι","ὅτι","ὅτι","ὅτι"
43,19,20,"P",NULL,"ἐγγὺς","ἐγγὺς","ἐγγύς","ἐγγύς"
43,19,20,"V","3IAI-S","ἦν","ἦν","ἦν","εἰμί"
43,19,20,"RA","NSM","ὁ","ὁ","ὁ","ὁ"
43,19,20,"N","NSM","τόπος","τόπος","τόπος","τόπος"
43,19,20,"RA","GSF","τῆς","τῆς","τῆς","ὁ"
43,19,20,"N","GSF","πόλεως","πόλεως","πόλεως","πόλις"
43,19,20,"D",NULL,"ὅπου","ὅπου","ὅπου","ὅπου"
43,19,20,"V","3API-S","ἐσταυρώθη","ἐσταυρώθη","ἐσταυρώθη","σταυρόω"
43,19,20,"RA","NSM","ὁ","ὁ","ὁ","ὁ"
43,19,20,"N","NSM","Ἰησοῦς·","Ἰησοῦς","Ἰησοῦς","Ἰησοῦς"
43,19,20,"C",NULL,"καὶ","καὶ","καί","καί"
43,19,20,"V","3IAI-S","ἦν","ἦν","ἦν","εἰμί"
43,19,20,"V","XPPNSN","γεγραμμένον","γεγραμμένον","γεγραμμένον","γράφω"
43,19,20,"D",NULL,"Ἑβραϊστί,","Ἑβραϊστί","Ἑβραϊστί","Ἑβραϊστί"
43,19,20,"D",NULL,"⸂Ῥωμαϊστί,","Ῥωμαϊστί","Ῥωμαϊστί","Ῥωμαϊστί"
43,19,20,"D",NULL,"Ἑλληνιστί⸃.","Ἑλληνιστί","Ἑλληνιστί","Ἑλληνιστί"
43,19,21,"V","3IAI-P","ἔλεγον","ἔλεγον","ἔλεγον","λέγω"
43,19,21,"C",NULL,"οὖν","οὖν","οὖν","οὖν"
43,19,21,"RA","DSM","τῷ","τῷ","τῷ","ὁ"
43,19,21,"N","DSM","Πιλάτῳ","Πιλάτῳ","Πιλάτῳ","Πιλᾶτος"
43,19,21,"RA","NPM","οἱ","οἱ","οἱ","ὁ"
43,19,21,"N","NPM","ἀρχιερεῖς","ἀρχιερεῖς","ἀρχιερεῖς","ἀρχιερεύς"
43,19,21,"RA","GPM","τῶν","τῶν","τῶν","ὁ"
43,19,21,"A","GPM","Ἰουδαίων·","Ἰουδαίων","Ἰουδαίων","Ἰουδαῖος"
43,19,21,"D",NULL,"Μὴ","Μὴ","μή","μή"
43,19,21,"V","2PAD-S","γράφε·","γράφε","γράφε","γράφω"
43,19,21,"RA","NSM","Ὁ","Ὁ","ὁ","ὁ"
43,19,21,"N","NSM","βασιλεὺς","βασιλεὺς","βασιλεύς","βασιλεύς"
43,19,21,"RA","GPM","τῶν","τῶν","τῶν","ὁ"
43,19,21,"A","GPM","Ἰουδαίων,","Ἰουδαίων","Ἰουδαίων","Ἰουδαῖος"
43,19,21,"C",NULL,"ἀλλ’","ἀλλ’","ἀλλά","ἀλλά"
43,19,21,"C",NULL,"ὅτι","ὅτι","ὅτι","ὅτι"
43,19,21,"RD","NSM","ἐκεῖνος","ἐκεῖνος","ἐκεῖνος","ἐκεῖνος"
43,19,21,"V","3AAI-S","εἶπεν","εἶπεν","εἶπε(ν)","λέγω"
43,19,21,"N","NSM","Βασιλεὺς","Βασιλεὺς","βασιλεύς","βασιλεύς"
43,19,21,"RA","GPM","⸂τῶν","τῶν","τῶν","ὁ"
43,19,21,"A","GPM","Ἰουδαίων","Ἰουδαίων","Ἰουδαίων","Ἰουδαῖος"
43,19,21,"V","1PAI-S","εἰμί⸃.","εἰμί","εἰμί","εἰμί"
43,19,22,"V","3API-S","ἀπεκρίθη","ἀπεκρίθη","ἀπεκρίθη","ἀποκρίνομαι"
43,19,22,"RA","NSM","ὁ","ὁ","ὁ","ὁ"
43,19,22,"N","NSM","Πιλᾶτος·","Πιλᾶτος","Πιλᾶτος","Πιλᾶτος"
43,19,22,"RR","ASN","Ὃ","Ὃ","ὅ","ὅς"
43,19,22,"V","1XAI-S","γέγραφα","γέγραφα","γέγραφα","γράφω"
43,19,22,"V","1XAI-S","γέγραφα.","γέγραφα","γέγραφα","γράφω"
43,19,23,"RA","NPM","οἱ","οἱ","οἱ","ὁ"
43,19,23,"C",NULL,"οὖν","οὖν","οὖν","οὖν"
43,19,23,"N","NPM","στρατιῶται","στρατιῶται","στρατιῶται","στρατιώτης"
43,19,23,"C",NULL,"ὅτε","ὅτε","ὅτε","ὅτε"
43,19,23,"V","3AAI-P","ἐσταύρωσαν","ἐσταύρωσαν","ἐσταύρωσαν","σταυρόω"
43,19,23,"RA","ASM","τὸν","τὸν","τόν","ὁ"
43,19,23,"N","ASM","Ἰησοῦν","Ἰησοῦν","Ἰησοῦν","Ἰησοῦς"
43,19,23,"V","3AAI-P","ἔλαβον","ἔλαβον","ἔλαβον","λαμβάνω"
43,19,23,"RA","APN","τὰ","τὰ","τά","ὁ"
43,19,23,"N","APN","ἱμάτια","ἱμάτια","ἱμάτια","ἱμάτιον"
43,19,23,"RP","GSM","αὐτοῦ","αὐτοῦ","αὐτοῦ","αὐτός"
43,19,23,"C",NULL,"καὶ","καὶ","καί","καί"
43,19,23,"V","3AAI-P","ἐποίησαν","ἐποίησαν","ἐποίησαν","ποιέω"
43,19,23,"A","APN","τέσσαρα","τέσσαρα","τέσσαρα","τέσσαρες"
43,19,23,"N","APN","μέρη,","μέρη","μέρη","μέρος"
43,19,23,"A","DSM","ἑκάστῳ","ἑκάστῳ","ἑκάστῳ","ἕκαστος"
43,19,23,"N","DSM","στρατιώτῃ","στρατιώτῃ","στρατιώτῃ","στρατιώτης"
43,19,23,"N","ASN","μέρος,","μέρος","μέρος","μέρος"
43,19,23,"C",NULL,"καὶ","καὶ","καί","καί"
43,19,23,"RA","ASM","τὸν","τὸν","τόν","ὁ"
43,19,23,"N","ASM","χιτῶνα.","χιτῶνα","χιτῶνα","χιτών"
43,19,23,"V","3IAI-S","ἦν","ἦν","ἦν","εἰμί"
43,19,23,"C",NULL,"δὲ","δὲ","δέ","δέ"
43,19,23,"RA","NSM","ὁ","ὁ","ὁ","ὁ"
43,19,23,"N","NSM","χιτὼν","χιτὼν","χιτών","χιτών"
43,19,23,"A","NSM","ἄραφος,","ἄραφος","ἄραφος","ἄραφος"
43,19,23,"P",NULL,"ἐκ","ἐκ","ἐκ","ἐκ"
43,19,23,"RA","GPN","τῶν","τῶν","τῶν","ὁ"
43,19,23,"D",NULL,"ἄνωθεν","ἄνωθεν","ἄνωθεν","ἄνωθεν"
43,19,23,"A","NSM","ὑφαντὸς","ὑφαντὸς","ὑφαντός","ὑφαντός"
43,19,23,"P",NULL,"δι’","δι’","διά","διά"
43,19,23,"A","GSM","ὅλου·","ὅλου","ὅλου","ὅλος"
43,19,24,"V","3AAI-P","εἶπαν","εἶπαν","εἶπαν","λέγω"
43,19,24,"C",NULL,"οὖν","οὖν","οὖν","οὖν"
43,19,24,"P",NULL,"πρὸς","πρὸς","πρός","πρός"
43,19,24,"RP","APM","ἀλλήλους·","ἀλλήλους","ἀλλήλους","ἀλλήλων"
43,19,24,"D",NULL,"Μὴ","Μὴ","μή","μή"
43,19,24,"V","1AAS-P","σχίσωμεν","σχίσωμεν","σχίσωμεν","σχίζω"
43,19,24,"RP","ASM","αὐτόν,","αὐτόν","αὐτόν","αὐτός"
43,19,24,"C",NULL,"ἀλλὰ","ἀλλὰ","ἀλλά","ἀλλά"
43,19,24,"V","1AAS-P","λάχωμεν","λάχωμεν","λάχωμεν","λαγχάνω"
43,19,24,"P",NULL,"περὶ","περὶ","περί","περί"
43,19,24,"RP","GSM","αὐτοῦ","αὐτοῦ","αὐτοῦ","αὐτός"
43,19,24,"RI","GSM","τίνος","τίνος","τίνος","τίς"
43,19,24,"V","3FMI-S","ἔσται·","ἔσται","ἔσται","εἰμί"
43,19,24,"C",NULL,"ἵνα","ἵνα","ἵνα","ἵνα"
43,19,24,"RA","NSF","ἡ","ἡ","ἡ","ὁ"
43,19,24,"N","NSF","γραφὴ","γραφὴ","γραφή","γραφή"
43,19,24,"V","3APS-S","πληρωθῇ","πληρωθῇ","πληρωθῇ","πληρόω"
43,19,24,"RA","NSF","⸂ἡ","ἡ","ἡ","ὁ"
43,19,24,"V","PAPNSF","λέγουσα⸃·","λέγουσα","λέγουσα","λέγω"
43,19,24,"V","3AMI-P","Διεμερίσαντο","Διεμερίσαντο","διεμερίσαντο","διαμερίζω"
43,19,24,"RA","APN","τὰ","τὰ","τά","ὁ"
43,19,24,"N","APN","ἱμάτιά","ἱμάτιά","ἱμάτια","ἱμάτιον"
43,19,24,"RP","GS","μου","μου","μου","ἐγώ"
43,19,24,"RP","DPM","ἑαυτοῖς","ἑαυτοῖς","ἑαυτοῖς","ἑαυτοῦ"
43,19,24,"C",NULL,"καὶ","καὶ","καί","καί"
43,19,24,"P",NULL,"ἐπὶ","ἐπὶ","ἐπί","ἐπί"
43,19,24,"RA","ASM","τὸν","τὸν","τόν","ὁ"
43,19,24,"N","ASM","ἱματισμόν","ἱματισμόν","ἱματισμόν","ἱματισμός"
43,19,24,"RP","GS","μου","μου","μου","ἐγώ"
43,19,24,"V","3AAI-P","ἔβαλον","ἔβαλον","ἔβαλον","βάλλω"
43,19,24,"N","ASM","κλῆρον.","κλῆρον","κλῆρον","κλῆρος"
43,19,24,"RA","NPM","Οἱ","Οἱ","οἱ","ὁ"
43,19,24,"C",NULL,"μὲν","μὲν","μέν","μέν"
43,19,24,"C",NULL,"οὖν","οὖν","οὖν","οὖν"
43,19,24,"N","NPM","στρατιῶται","στρατιῶται","στρατιῶται","στρατιώτης"
43,19,24,"RD","APN","ταῦτα","ταῦτα","ταῦτα","οὗτος"
43,19,24,"V","3AAI-P","ἐποίησαν.","ἐποίησαν","ἐποίησαν","ποιέω"
43,19,25,"V","3YAI-P","Εἱστήκεισαν","Εἱστήκεισαν","εἱστήκεισαν","ἵστημι"
43,19,25,"C",NULL,"δὲ","δὲ","δέ","δέ"
43,19,25,"P",NULL,"παρὰ","παρὰ","παρά","παρά"
43,19,25,"RA","DSM","τῷ","τῷ","τῷ","ὁ"
43,19,25,"N","DSM","σταυρῷ","σταυρῷ","σταυρῷ","σταυρός"
43,19,25,"RA","GSM","τοῦ","τοῦ","τοῦ","ὁ"
43,19,25,"N","GSM","Ἰησοῦ","Ἰησοῦ","Ἰησοῦ","Ἰησοῦς"
43,19,25,"RA","NSF","ἡ","ἡ","ἡ","ὁ"
43,19,25,"N","NSF","μήτηρ","μήτηρ","μήτηρ","μήτηρ"
43,19,25,"RP","GSM","αὐτοῦ","αὐτοῦ","αὐτοῦ","αὐτός"
43,19,25,"C",NULL,"καὶ","καὶ","καί","καί"
43,19,25,"RA","NSF","ἡ","ἡ","ἡ","ὁ"
43,19,25,"N","NSF","ἀδελφὴ","ἀδελφὴ","ἀδελφή","ἀδελφή"
43,19,25,"RA","GSF","τῆς","τῆς","τῆς","ὁ"
43,19,25,"N","GSF","μητρὸς","μητρὸς","μητρός","μήτηρ"
43,19,25,"RP","GSM","αὐτοῦ,","αὐτοῦ","αὐτοῦ","αὐτός"
43,19,25,"N","NSF","Μαρία","Μαρία","Μαρία","Μαρία"
43,19,25,"RA","NSF","ἡ","ἡ","ἡ","ὁ"
43,19,25,"RA","GSM","τοῦ","τοῦ","τοῦ","ὁ"
43,19,25,"N","GSM","Κλωπᾶ","Κλωπᾶ","Κλωπᾶ","Κλωπᾶς"
43,19,25,"C",NULL,"καὶ","καὶ","καί","καί"
43,19,25,"N","NSF","Μαρία","Μαρία","Μαρία","Μαρία"
43,19,25,"RA","NSF","ἡ","ἡ","ἡ","ὁ"
43,19,25,"N","NSF","Μαγδαληνή.","Μαγδαληνή","Μαγδαληνή","Μαγδαληνή"
43,19,26,"N","NSM","Ἰησοῦς","Ἰησοῦς","Ἰησοῦς","Ἰησοῦς"
43,19,26,"C",NULL,"οὖν","οὖν","οὖν","οὖν"
43,19,26,"V","AAPNSM","ἰδὼν","ἰδὼν","ἰδών","ὁράω"
43,19,26,"RA","ASF","τὴν","τὴν","τήν","ὁ"
43,19,26,"N","ASF","μητέρα","μητέρα","μητέρα","μήτηρ"
43,19,26,"C",NULL,"καὶ","καὶ","καί","καί"
43,19,26,"RA","ASM","τὸν","τὸν","τόν","ὁ"
43,19,26,"N","ASM","μαθητὴν","μαθητὴν","μαθητήν","μαθητής"
43,19,26,"V","XAPASM","παρεστῶτα","παρεστῶτα","παρεστῶτα","παρίστημι"
43,19,26,"RR","ASM","ὃν","ὃν","ὅν","ὅς"
43,19,26,"V","3IAI-S","ἠγάπα","ἠγάπα","ἠγάπα","ἀγαπάω"
43,19,26,"V","3PAI-S","λέγει","λέγει","λέγει","λέγω"
43,19,26,"RA","DSF","τῇ","τῇ","τῇ","ὁ"
43,19,26,"N","DSF","⸀μητρί·","μητρί","μητρί","μήτηρ"
43,19,26,"N","VSF","Γύναι,","Γύναι","γύναι","γυνή"
43,19,26,"X",NULL,"⸀ἴδε","ἴδε","ἴδε","ἴδε"
43,19,26,"RA","NSM","ὁ","ὁ","ὁ","ὁ"
43,19,26,"N","NSM","υἱός","υἱός","υἱός","υἱός"
43,19,26,"RP","GS","σου·","σου","σου","σύ"
43,19,27,"D",NULL,"εἶτα","εἶτα","εἶτα","εἶτα"
43,19,27,"V","3PAI-S","λέγει","λέγει","λέγει","λέγω"
43,19,27,"RA","DSM","τῷ","τῷ","τῷ","ὁ"
43,19,27,"N","DSM","μαθητῇ·","μαθητῇ","μαθητῇ","μαθητής"
43,19,27,"X",NULL,"⸀Ἴδε","Ἴδε","ἴδε","ἴδε"
43,19,27,"RA","NSF","ἡ","ἡ","ἡ","ὁ"
43,19,27,"N","NSF","μήτηρ","μήτηρ","μήτηρ","μήτηρ"
43,19,27,"RP","GS","σου.","σου","σου","σύ"
43,19,27,"C",NULL,"καὶ","καὶ","καί","καί"
43,19,27,"P",NULL,"ἀπ’","ἀπ’","ἀπό","ἀπό"
43,19,27,"RD","GSF","ἐκείνης","ἐκείνης","ἐκείνης","ἐκεῖνος"
43,19,27,"RA","GSF","τῆς","τῆς","τῆς","ὁ"
43,19,27,"N","GSF","ὥρας","ὥρας","ὥρας","ὥρα"
43,19,27,"V","3AAI-S","ἔλαβεν","ἔλαβεν","ἔλαβε(ν)","λαμβάνω"
43,19,27,"RA","NSM","ὁ","ὁ","ὁ","ὁ"
43,19,27,"N","NSM","μαθητὴς","μαθητὴς","μαθητής","μαθητής"
43,19,27,"RP","ASF","αὐτὴν","αὐτὴν","αὐτήν","αὐτός"
43,19,27,"P",NULL,"εἰς","εἰς","εἰς","εἰς"
43,19,27,"RA","APN","τὰ","τὰ","τά","ὁ"
43,19,27,"A","APN","ἴδια.","ἴδια","ἴδια","ἴδιος"
43,19,28,"P",NULL,"Μετὰ","Μετὰ","μετά","μετά"
43,19,28,"RD","ASN","τοῦτο","τοῦτο","τοῦτο","οὗτος"
43,19,28,"V","XAPNSM","⸀εἰδὼς","εἰδὼς","εἰδώς","ὁράω"
43,19,28,"RA","NSM","ὁ","ὁ","ὁ","ὁ"
43,19,28,"N","NSM","Ἰησοῦς","Ἰησοῦς","Ἰησοῦς","Ἰησοῦς"
43,19,28,"C",NULL,"ὅτι","ὅτι","ὅτι","ὅτι"
43,19,28,"D",NULL,"⸂ἤδη","ἤδη","ἤδη","ἤδη"
43,19,28,"A","NPN","πάντα⸃","πάντα","πάντα","πᾶς"
43,19,28,"V","3XPI-S","τετέλεσται","τετέλεσται","τετέλεσται","τελέω"
43,19,28,"C",NULL,"ἵνα","ἵνα","ἵνα","ἵνα"
43,19,28,"V","3APS-S","τελειωθῇ","τελειωθῇ","τελειωθῇ","τελειόω"
43,19,28,"RA","NSF","ἡ","ἡ","ἡ","ὁ"
43,19,28,"N","NSF","γραφὴ","γραφὴ","γραφή","γραφή"
43,19,28,"V","3PAI-S","λέγει·","λέγει","λέγει","λέγω"
43,19,28,"V","1PAI-S","Διψῶ.","Διψῶ","διψῶ","διψάω"
43,19,29,"N","NSN","⸀σκεῦος","σκεῦος","σκεῦος","σκεῦος"
43,19,29,"V","3IMI-S","ἔκειτο","ἔκειτο","ἔκειτο","κεῖμαι"
43,19,29,"N","GSN","ὄξους","ὄξους","ὄξους","ὄξος"
43,19,29,"A","NSN","μεστόν·","μεστόν","μεστόν","μεστός"
43,19,29,"N","ASM","⸂σπόγγον","σπόγγον","σπόγγον","σπόγγος"
43,19,29,"C",NULL,"οὖν","οὖν","οὖν","οὖν"
43,19,29,"A","ASM","μεστὸν","μεστὸν","μεστόν","μεστός"
43,19,29,"RA","GSN","τοῦ⸃","τοῦ","τοῦ","ὁ"
43,19,29,"N","GSN","ὄξους","ὄξους","ὄξους","ὄξος"
43,19,29,"N","DSF","⸀ὑσσώπῳ","ὑσσώπῳ","ὑσσώπῳ","ὕσσωπος"
43,19,29,"V","AAPNPM","περιθέντες","περιθέντες","περιθέντες","περιτίθημι"
43,19,29,"V","3AAI-P","προσήνεγκαν","προσήνεγκαν","προσήνεγκαν","προσφέρω"
43,19,29,"RP","GSM","αὐτοῦ","αὐτοῦ","αὐτοῦ","αὐτός"
43,19,29,"RA","DSN","τῷ","τῷ","τῷ","ὁ"
43,19,29,"N","DSN","στόματι.","στόματι","στόματι","στόμα"
43,19,30,"C",NULL,"ὅτε","ὅτε","ὅτε","ὅτε"
43,19,30,"C",NULL,"οὖν","οὖν","οὖν","οὖν"
43,19,30,"V","3AAI-S","ἔλαβεν","ἔλαβεν","ἔλαβε(ν)","λαμβάνω"
43,19,30,"RA","ASN","τὸ","τὸ","τό","ὁ"
43,19,30,"N","ASN","ὄξος","ὄξος","ὄξος","ὄξος"
43,19,30,"RA","NSM","ὁ","ὁ","ὁ","ὁ"
43,19,30,"N","NSM","Ἰησοῦς","Ἰησοῦς","Ἰησοῦς","Ἰησοῦς"
43,19,30,"V","3AAI-S","εἶπεν·","εἶπεν","εἶπε(ν)","λέγω"
43,19,30,"V","3XPI-S","Τετέλεσται,","Τετέλεσται","τετέλεσται","τελέω"
43,19,30,"C",NULL,"καὶ","καὶ","καί","καί"
43,19,30,"V","AAPNSM","κλίνας","κλίνας","κλίνας","κλίνω"
43,19,30,"RA","ASF","τὴν","τὴν","τήν","ὁ"
43,19,30,"N","ASF","κεφαλὴν","κεφαλὴν","κεφαλήν","κεφαλή"
43,19,30,"V","3AAI-S","παρέδωκεν","παρέδωκεν","παρέδωκε(ν)","παραδίδωμι"
43,19,30,"RA","ASN","τὸ","τὸ","τό","ὁ"
43,19,30,"N","ASN","πνεῦμα.","πνεῦμα","πνεῦμα","πνεῦμα"
43,19,31,"RA","NPM","Οἱ","Οἱ","οἱ","ὁ"
43,19,31,"C",NULL,"οὖν","οὖν","οὖν","οὖν"
43,19,31,"A","NPM","Ἰουδαῖοι,","Ἰουδαῖοι","Ἰουδαῖοι","Ἰουδαῖος"
43,19,31,"C",NULL,"⸂ἐπεὶ","ἐπεὶ","ἐπεί","ἐπεί"
43,19,31,"N","NSF","παρασκευὴ","παρασκευὴ","παρασκευή","παρασκευή"
43,19,31,"V","3IAI-S","ἦν,","ἦν","ἦν","εἰμί"
43,19,31,"C",NULL,"ἵνα","ἵνα","ἵνα","ἵνα"
43,19,31,"D",NULL,"μὴ","μὴ","μή","μή"
43,19,31,"V","3AAS-S","μείνῃ","μείνῃ","μείνῃ","μένω"
43,19,31,"P",NULL,"ἐπὶ","ἐπὶ","ἐπί","ἐπί"
43,19,31,"RA","GSM","τοῦ","τοῦ","τοῦ","ὁ"
43,19,31,"N","GSM","σταυροῦ","σταυροῦ","σταυροῦ","σταυρός"
43,19,31,"RA","NPN","τὰ","τὰ","τά","ὁ"
43,19,31,"N","NPN","σώματα","σώματα","σώματα","σῶμα"
43,19,31,"P",NULL,"ἐν","ἐν","ἐν","ἐν"
43,19,31,"RA","DSN","τῷ","τῷ","τῷ","ὁ"
43,19,31,"N","DSN","σαββάτῳ⸃,","σαββάτῳ","σαββάτῳ","σάββατον"
43,19,31,"V","3IAI-S","ἦν","ἦν","ἦν","εἰμί"
43,19,31,"C",NULL,"γὰρ","γὰρ","γάρ","γάρ"
43,19,31,"A","NSF","μεγάλη","μεγάλη","μεγάλη","μέγας"
43,19,31,"RA","NSF","ἡ","ἡ","ἡ","ὁ"
43,19,31,"N","NSF","ἡμέρα","ἡμέρα","ἡμέρα","ἡμέρα"
43,19,31,"RD","GSN","ἐκείνου","ἐκείνου","ἐκείνου","ἐκεῖνος"
43,19,31,"RA","GSN","τοῦ","τοῦ","τοῦ","ὁ"
43,19,31,"N","GSN","σαββάτου,","σαββάτου","σαββάτου","σάββατον"
43,19,31,"V","3AAI-P","ἠρώτησαν","ἠρώτησαν","ἠρώτησαν","ἐρωτάω"
43,19,31,"RA","ASM","τὸν","τὸν","τόν","ὁ"
43,19,31,"N","ASM","Πιλᾶτον","Πιλᾶτον","Πιλᾶτον","Πιλᾶτος"
43,19,31,"C",NULL,"ἵνα","ἵνα","ἵνα","ἵνα"
43,19,31,"V","3APS-P","κατεαγῶσιν","κατεαγῶσιν","κατεαγῶσι(ν)","κατάγνυμι"
43,19,31,"RP","GPM","αὐτῶν","αὐτῶν","αὐτῶν","αὐτός"
43,19,31,"RA","APN","τὰ","τὰ","τά","ὁ"
43,19,31,"N","APN","σκέλη","σκέλη","σκέλη","σκέλος"
43,19,31,"C",NULL,"καὶ","καὶ","καί","καί"
43,19,31,"V","3APS-P","ἀρθῶσιν.","ἀρθῶσιν","ἀρθῶσι(ν)","αἴρω"
43,19,32,"V","3AAI-P","ἦλθον","ἦλθον","ἦλθον","ἔρχομαι"
43,19,32,"C",NULL,"οὖν","οὖν","οὖν","οὖν"
43,19,32,"RA","NPM","οἱ","οἱ","οἱ","ὁ"
43,19,32,"N","NPM","στρατιῶται,","στρατιῶται","στρατιῶται","στρατιώτης"
43,19,32,"C",NULL,"καὶ","καὶ","καί","καί"
43,19,32,"RA","GSM","τοῦ","τοῦ","τοῦ","ὁ"
43,19,32,"C",NULL,"μὲν","μὲν","μέν","μέν"
43,19,32,"A","GSM","πρώτου","πρώτου","πρώτου","πρῶτος"
43,19,32,"V","3AAI-P","κατέαξαν","κατέαξαν","κατέαξαν","κατάγνυμι"
43,19,32,"RA","APN","τὰ","τὰ","τά","ὁ"
43,19,32,"N","APN","σκέλη","σκέλη","σκέλη","σκέλος"
43,19,32,"C",NULL,"καὶ","καὶ","καί","καί"
43,19,32,"RA","GSM","τοῦ","τοῦ","τοῦ","ὁ"
43,19,32,"A","GSM","ἄλλου","ἄλλου","ἄλλου","ἄλλος"
43,19,32,"RA","GSM","τοῦ","τοῦ","τοῦ","ὁ"
43,19,32,"V","APPGSM","συσταυρωθέντος","συσταυρωθέντος","συσταυρωθέντος","συσταυρόομαι"
43,19,32,"RP","DSM","αὐτῷ·","αὐτῷ","αὐτῷ","αὐτός"
43,19,33,"P",NULL,"ἐπὶ","ἐπὶ","ἐπί","ἐπί"
43,19,33,"C",NULL,"δὲ","δὲ","δέ","δέ"
43,19,33,"RA","ASM","τὸν","τὸν","τόν","ὁ"
43,19,33,"N","ASM","Ἰησοῦν","Ἰησοῦν","Ἰησοῦν","Ἰησοῦς"
43,19,33,"V","AAPNPM","ἐλθόντες,","ἐλθόντες","ἐλθόντες","ἔρχομαι"
43,19,33,"C",NULL,"ὡς","ὡς","ὡς","ὡς"
43,19,33,"V","3AAI-P","εἶδον","εἶδον","εἶδον","ὁράω"
43,19,33,"D",NULL,"⸂ἤδη","ἤδη","ἤδη","ἤδη"
43,19,33,"RP","ASM","αὐτὸν⸃","αὐτὸν","αὐτόν","αὐτός"
43,19,33,"V","XAPASM","τεθνηκότα,","τεθνηκότα","τεθνηκότα","θνῄσκω"
43,19,33,"D",NULL,"οὐ","οὐ","οὐ","οὐ"
43,19,33,"V","3AAI-P","κατέαξαν","κατέαξαν","κατέαξαν","κατάγνυμι"
43,19,33,"RP","GSM","αὐτοῦ","αὐτοῦ","αὐτοῦ","αὐτός"
43,19,33,"RA","APN","τὰ","τὰ","τά","ὁ"
43,19,33,"N","APN","σκέλη,","σκέλη","σκέλη","σκέλος"
43,19,34,"C",NULL,"ἀλλ’","ἀλλ’","ἀλλά","ἀλλά"
43,19,34,"A","NSM","εἷς","εἷς","εἷς","εἷς"
43,19,34,"RA","GPM","τῶν","τῶν","τῶν","ὁ"
43,19,34,"N","GPM","στρατιωτῶν","στρατιωτῶν","στρατιωτῶν","στρατιώτης"
43,19,34,"N","DSF","λόγχῃ","λόγχῃ","λόγχῃ","λόγχη"
43,19,34,"RP","GSM","αὐτοῦ","αὐτοῦ","αὐτοῦ","αὐτός"
43,19,34,"RA","ASF","τὴν","τὴν","τήν","ὁ"
43,19,34,"N","ASF","πλευρὰν","πλευρὰν","πλευράν","πλευρά"
43,19,34,"V","3AAI-S","ἔνυξεν,","ἔνυξεν","ἔνυξε(ν)","νύσσω"
43,19,34,"C",NULL,"καὶ","καὶ","καί","καί"
43,19,34,"V","3AAI-S","⸂ἐξῆλθεν","ἐξῆλθεν","ἐξῆλθε(ν)","ἐξέρχομαι"
43,19,34,"A","NSM","εὐθὺς⸃","εὐθὺς","εὐθύς","εὐθύς"
43,19,34,"N","NSN","αἷμα","αἷμα","αἷμα","αἷμα"
43,19,34,"C",NULL,"καὶ","καὶ","καί","καί"
43,19,34,"N","NSN","ὕδωρ.","ὕδωρ","ὕδωρ","ὕδωρ"
43,19,35,"C",NULL,"καὶ","καὶ","καί","καί"
43,19,35,"RA","NSM","ὁ","ὁ","ὁ","ὁ"
43,19,35,"V","XAPNSM","ἑωρακὼς","ἑωρακὼς","ἑωρακώς","ὁράω"
43,19,35,"V","3XAI-S","μεμαρτύρηκεν,","μεμαρτύρηκεν","μεμαρτύρηκε(ν)","μαρτυρέω"
43,19,35,"C",NULL,"καὶ","καὶ","καί","καί"
43,19,35,"A","NSF","ἀληθινὴ","ἀληθινὴ","ἀληθινή","ἀληθινός"
43,19,35,"RP","GSM","⸂αὐτοῦ","αὐτοῦ","αὐτοῦ","αὐτός"
43,19,35,"V","3PAI-S","ἐστιν⸃","ἐστιν","ἐστί(ν)","εἰμί"
43,19,35,"RA","NSF","ἡ","ἡ","ἡ","ὁ"
43,19,35,"N","NSF","μαρτυρία,","μαρτυρία","μαρτυρία","μαρτυρία"
43,19,35,"C",NULL,"καὶ","καὶ","καί","καί"
43,19,35,"RD","NSM","ἐκεῖνος","ἐκεῖνος","ἐκεῖνος","ἐκεῖνος"
43,19,35,"V","3XAI-S","οἶδεν","οἶδεν","οἶδε(ν)","οἶδα"
43,19,35,"C",NULL,"ὅτι","ὅτι","ὅτι","ὅτι"
43,19,35,"A","APN","ἀληθῆ","ἀληθῆ","ἀληθῆ","ἀληθής"
43,19,35,"V","3PAI-S","λέγει,","λέγει","λέγει","λέγω"
43,19,35,"C",NULL,"ἵνα","ἵνα","ἵνα","ἵνα"
43,19,35,"D",NULL,"⸀καὶ","καὶ","καί","καί"
43,19,35,"RP","NP","ὑμεῖς","ὑμεῖς","ὑμεῖς","σύ"
43,19,35,"V","2PAS-P","⸀πιστεύητε.","πιστεύητε","πιστεύητε","πιστεύω"
43,19,36,"V","3AMI-S","ἐγένετο","ἐγένετο","ἐγένετο","γίνομαι"
43,19,36,"C",NULL,"γὰρ","γὰρ","γάρ","γάρ"
43,19,36,"RD","NPN","ταῦτα","ταῦτα","ταῦτα","οὗτος"
43,19,36,"C",NULL,"ἵνα","ἵνα","ἵνα","ἵνα"
43,19,36,"RA","NSF","ἡ","ἡ","ἡ","ὁ"
43,19,36,"N","NSF","γραφὴ","γραφὴ","γραφή","γραφή"
43,19,36,"V","3APS-S","πληρωθῇ·","πληρωθῇ","πληρωθῇ","πληρόω"
43,19,36,"N","NSN","Ὀστοῦν","Ὀστοῦν","ὀστοῦν","ὀστέον"
43,19,36,"D",NULL,"οὐ","οὐ","οὐ","οὐ"
43,19,36,"V","3FPI-S","συντριβήσεται","συντριβήσεται","συντριβήσεται","συντρίβω"
43,19,36,"RP","GSM","⸀αὐτοῦ.","αὐτοῦ","αὐτοῦ","αὐτός"
43,19,37,"C",NULL,"καὶ","καὶ","καί","καί"
43,19,37,"D",NULL,"πάλιν","πάλιν","πάλιν","πάλιν"
43,19,37,"A","NSF","ἑτέρα","ἑτέρα","ἑτέρα","ἕτερος"
43,19,37,"N","NSF","γραφὴ","γραφὴ","γραφή","γραφή"
43,19,37,"V","3PAI-S","λέγει·","λέγει","λέγει","λέγω"
43,19,37,"V","3FMI-P","Ὄψονται","Ὄψονται","ὄψονται","ὁράω"
43,19,37,"P",NULL,"εἰς","εἰς","εἰς","εἰς"
43,19,37,"RR","ASM","ὃν","ὃν","ὅν","ὅς"
43,19,37,"V","3AAI-P","ἐξεκέντησαν.","ἐξεκέντησαν","ἐξεκέντησαν","ἐκκεντέω"
43,19,38,"P",NULL,"Μετὰ","Μετὰ","μετά","μετά"
43,19,38,"C",NULL,"⸀δὲ","δὲ","δέ","δέ"
43,19,38,"RD","APN","ταῦτα","ταῦτα","ταῦτα","οὗτος"
43,19,38,"V","3AAI-S","ἠρώτησεν","ἠρώτησεν","ἠρώτησε(ν)","ἐρωτάω"
43,19,38,"RA","ASM","τὸν","τὸν","τόν","ὁ"
43,19,38,"N","ASM","Πιλᾶτον","Πιλᾶτον","Πιλᾶτον","Πιλᾶτος"
43,19,38,"N","NSM","Ἰωσὴφ","Ἰωσὴφ","Ἰωσήφ","Ἰωσήφ"
43,19,38,"P",NULL,"⸀ἀπὸ","ἀπὸ","ἀπό","ἀπό"
43,19,38,"N","GSF","Ἁριμαθαίας,","Ἁριμαθαίας","Ἁριμαθαίας","Ἁριμαθαία"
43,19,38,"V","PAPNSM","ὢν","ὢν","ὤν","εἰμί"
43,19,38,"N","NSM","μαθητὴς","μαθητὴς","μαθητής","μαθητής"
43,19,38,"RA","GSM","τοῦ","τοῦ","τοῦ","ὁ"
43,19,38,"N","GSM","Ἰησοῦ","Ἰησοῦ","Ἰησοῦ","Ἰησοῦς"
43,19,38,"V","XPPNSM","κεκρυμμένος","κεκρυμμένος","κεκρυμμένος","κρύπτω"
43,19,38,"C",NULL,"δὲ","δὲ","δέ","δέ"
43,19,38,"P",NULL,"διὰ","διὰ","διά","διά"
43,19,38,"RA","ASM","τὸν","τὸν","τόν","ὁ"
43,19,38,"N","ASM","φόβον","φόβον","φόβον","φόβος"
43,19,38,"RA","GPM","τῶν","τῶν","τῶν","ὁ"
43,19,38,"A","GPM","Ἰουδαίων,","Ἰουδαίων","Ἰουδαίων","Ἰουδαῖος"
43,19,38,"C",NULL,"ἵνα","ἵνα","ἵνα","ἵνα"
43,19,38,"V","3AAS-S","ἄρῃ","ἄρῃ","ἄρῃ","αἴρω"
43,19,38,"RA","ASN","τὸ","τὸ","τό","ὁ"
43,19,38,"N","ASN","σῶμα","σῶμα","σῶμα","σῶμα"
43,19,38,"RA","GSM","τοῦ","τοῦ","τοῦ","ὁ"
43,19,38,"N","GSM","Ἰησοῦ·","Ἰησοῦ","Ἰησοῦ","Ἰησοῦς"
43,19,38,"C",NULL,"καὶ","καὶ","καί","καί"
43,19,38,"V","3AAI-S","ἐπέτρεψεν","ἐπέτρεψεν","ἐπέτρεψε(ν)","ἐπιτρέπω"
43,19,38,"RA","NSM","ὁ","ὁ","ὁ","ὁ"
43,19,38,"N","NSM","Πιλᾶτος.","Πιλᾶτος","Πιλᾶτος","Πιλᾶτος"
43,19,38,"V","3AAI-S","ἦλθεν","ἦλθεν","ἦλθε(ν)","ἔρχομαι"
43,19,38,"C",NULL,"οὖν","οὖν","οὖν","οὖν"
43,19,38,"C",NULL,"καὶ","καὶ","καί","καί"
43,19,38,"V","3AAI-S","ἦρεν","ἦρεν","ἦρε(ν)","αἴρω"
43,19,38,"RA","ASN","τὸ","τὸ","τό","ὁ"
43,19,38,"N","ASN","σῶμα","σῶμα","σῶμα","σῶμα"
43,19,38,"RP","GSM","⸀αὐτοῦ.","αὐτοῦ","αὐτοῦ","αὐτός"
43,19,39,"V","3AAI-S","ἦλθεν","ἦλθεν","ἦλθε(ν)","ἔρχομαι"
43,19,39,"C",NULL,"δὲ","δὲ","δέ","δέ"
43,19,39,"D",NULL,"καὶ","καὶ","καί","καί"
43,19,39,"N","NSM","Νικόδημος,","Νικόδημος","Νικόδημος","Νικόδημος"
43,19,39,"RA","NSM","ὁ","ὁ","ὁ","ὁ"
43,19,39,"V","AAPNSM","ἐλθὼν","ἐλθὼν","ἐλθών","ἔρχομαι"
43,19,39,"P",NULL,"πρὸς","πρὸς","πρός","πρός"
43,19,39,"RP","ASM","⸀αὐτὸν","αὐτὸν","αὐτόν","αὐτός"
43,19,39,"N","GSF","νυκτὸς","νυκτὸς","νυκτός","νύξ"
43,19,39,"RA","ASN","τὸ","τὸ","τό","ὁ"
43,19,39,"A","ASN","πρῶτον,","πρῶτον","πρῶτον","πρῶτος"
43,19,39,"V","PAPNSM","φέρων","φέρων","φέρων","φέρω"
43,19,39,"N","ASN","⸀μίγμα","μίγμα","μίγμα","μίγμα"
43,19,39,"N","GSF","σμύρνης","σμύρνης","σμύρνης","σμύρνα"
43,19,39,"C",NULL,"καὶ","καὶ","καί","καί"
43,19,39,"N","GSF","ἀλόης","ἀλόης","ἀλόης","ἀλόη"
43,19,39,"D",NULL,"ὡς","ὡς","ὡς","ὡς"
43,19,39,"N","APF","λίτρας","λίτρας","λίτρας","λίτρα"
43,19,39,"A","APF","ἑκατόν.","ἑκατόν","ἑκατόν","ἑκατόν"
43,19,40,"V","3AAI-P","ἔλαβον","ἔλαβον","ἔλαβον","λαμβάνω"
43,19,40,"C",NULL,"οὖν","οὖν","οὖν","οὖν"
43,19,40,"RA","ASN","τὸ","τὸ","τό","ὁ"
43,19,40,"N","ASN","σῶμα","σῶμα","σῶμα","σῶμα"
43,19,40,"RA","GSM","τοῦ","τοῦ","τοῦ","ὁ"
43,19,40,"N","GSM","Ἰησοῦ","Ἰησοῦ","Ἰησοῦ","Ἰησοῦς"
43,19,40,"C",NULL,"καὶ","καὶ","καί","καί"
43,19,40,"V","3AAI-P","ἔδησαν","ἔδησαν","ἔδησαν","δέω"
43,19,40,"RP","ASN","⸀αὐτὸ","αὐτὸ","αὐτό","αὐτός"
43,19,40,"N","DPN","ὀθονίοις","ὀθονίοις","ὀθονίοις","ὀθόνιον"
43,19,40,"P",NULL,"μετὰ","μετὰ","μετά","μετά"
43,19,40,"RA","GPN","τῶν","τῶν","τῶν","ὁ"
43,19,40,"N","GPN","ἀρωμάτων,","ἀρωμάτων","ἀρωμάτων","ἄρωμα"
43,19,40,"C",NULL,"καθὼς","καθὼς","καθώς","καθώς"
43,19,40,"N","NSN","ἔθος","ἔθος","ἔθος","ἔθος"
43,19,40,"V","3PAI-S","ἐστὶν","ἐστὶν","ἐστί(ν)","εἰμί"
43,19,40,"RA","DPM","τοῖς","τοῖς","τοῖς","ὁ"
43,19,40,"A","DPM","Ἰουδαίοις","Ἰουδαίοις","Ἰουδαίοις","Ἰουδαῖος"
43,19,40,"V","PAN","ἐνταφιάζειν.","ἐνταφιάζειν","ἐνταφιάζειν","ἐνταφιάζω"
43,19,41,"V","3IAI-S","ἦν","ἦν","ἦν","εἰμί"
43,19,41,"C",NULL,"δὲ","δὲ","δέ","δέ"
43,19,41,"P",NULL,"ἐν","ἐν","ἐν","ἐν"
43,19,41,"RA","DSM","τῷ","τῷ","τῷ","ὁ"
43,19,41,"N","DSM","τόπῳ","τόπῳ","τόπῳ","τόπος"
43,19,41,"D",NULL,"ὅπου","ὅπου","ὅπου","ὅπου"
43,19,41,"V","3API-S","ἐσταυρώθη","ἐσταυρώθη","ἐσταυρώθη","σταυρόω"
43,19,41,"N","NSM","κῆπος,","κῆπος","κῆπος","κῆπος"
43,19,41,"C",NULL,"καὶ","καὶ","καί","καί"
43,19,41,"P",NULL,"ἐν","ἐν","ἐν","ἐν"
43,19,41,"RA","DSM","τῷ","τῷ","τῷ","ὁ"
43,19,41,"N","DSM","κήπῳ","κήπῳ","κήπῳ","κῆπος"
43,19,41,"N","NSN","μνημεῖον","μνημεῖον","μνημεῖον","μνημεῖον"
43,19,41,"A","NSN","καινόν,","καινόν","καινόν","καινός"
43,19,41,"P",NULL,"ἐν","ἐν","ἐν","ἐν"
43,19,41,"RR","DSN","ᾧ","ᾧ","ᾧ","ὅς"
43,19,41,"D",NULL,"οὐδέπω","οὐδέπω","οὐδέπω","οὐδέπω"
43,19,41,"A","NSM","οὐδεὶς","οὐδεὶς","οὐδείς","οὐδείς"
43,19,41,"V","3IAI-S","⸂ἦν","ἦν","ἦν","εἰμί"
43,19,41,"V","XPPNSM","τεθειμένος⸃·","τεθειμένος","τεθειμένος","τίθημι"
43,19,42,"D",NULL,"ἐκεῖ","ἐκεῖ","ἐκεῖ","ἐκεῖ"
43,19,42,"C",NULL,"οὖν","οὖν","οὖν","οὖν"
43,19,42,"P",NULL,"διὰ","διὰ","διά","διά"
43,19,42,"RA","ASF","τὴν","τὴν","τήν","ὁ"
43,19,42,"N","ASF","παρασκευὴν","παρασκευὴν","παρασκευήν","παρασκευή"
43,19,42,"RA","GPM","τῶν","τῶν","τῶν","ὁ"
43,19,42,"A","GPM","Ἰουδαίων,","Ἰουδαίων","Ἰουδαίων","Ἰουδαῖος"
43,19,42,"C",NULL,"ὅτι","ὅτι","ὅτι","ὅτι"
43,19,42,"D",NULL,"ἐγγὺς","ἐγγὺς","ἐγγύς","ἐγγύς"
43,19,42,"V","3IAI-S","ἦν","ἦν","ἦν","εἰμί"
43,19,42,"RA","NSN","τὸ","τὸ","τό","ὁ"
43,19,42,"N","NSN","μνημεῖον,","μνημεῖον","μνημεῖον","μνημεῖον"
43,19,42,"V","3AAI-P","ἔθηκαν","ἔθηκαν","ἔθηκαν","τίθημι"
43,19,42,"RA","ASM","τὸν","τὸν","τόν","ὁ"
43,19,42,"N","ASM","Ἰησοῦν.","Ἰησοῦν","Ἰησοῦν","Ἰησοῦς"
43,20,01,"RA","DSF","Τῇ","Τῇ","τῇ","ὁ"
43,20,01,"C",NULL,"δὲ","δὲ","δέ","δέ"
43,20,01,"A","DSF","μιᾷ","μιᾷ","μιᾷ","εἷς"
43,20,01,"RA","GPN","τῶν","τῶν","τῶν","ὁ"
43,20,01,"N","GPN","σαββάτων","σαββάτων","σαββάτων","σάββατον"
43,20,01,"N","NSF","Μαρία","Μαρία","Μαρία","Μαρία"
43,20,01,"RA","NSF","ἡ","ἡ","ἡ","ὁ"
43,20,01,"N","NSF","Μαγδαληνὴ","Μαγδαληνὴ","Μαγδαληνή","Μαγδαληνή"
43,20,01,"V","3PMI-S","ἔρχεται","ἔρχεται","ἔρχεται","ἔρχομαι"
43,20,01,"D",NULL,"πρωῒ","πρωῒ","πρωΐ","πρωΐ"
43,20,01,"N","GSF","σκοτίας","σκοτίας","σκοτίας","σκοτία"
43,20,01,"D",NULL,"ἔτι","ἔτι","ἔτι","ἔτι"
43,20,01,"V","PAPGSF","οὔσης","οὔσης","οὔσης","εἰμί"
43,20,01,"P",NULL,"εἰς","εἰς","εἰς","εἰς"
43,20,01,"RA","ASN","τὸ","τὸ","τό","ὁ"
43,20,01,"N","ASN","μνημεῖον,","μνημεῖον","μνημεῖον","μνημεῖον"
43,20,01,"C",NULL,"καὶ","καὶ","καί","καί"
43,20,01,"V","3PAI-S","βλέπει","βλέπει","βλέπει","βλέπω"
43,20,01,"RA","ASM","τὸν","τὸν","τόν","ὁ"
43,20,01,"N","ASM","λίθον","λίθον","λίθον","λίθος"
43,20,01,"V","XPPASM","ἠρμένον","ἠρμένον","ἠρμένον","αἴρω"
43,20,01,"P",NULL,"ἐκ","ἐκ","ἐκ","ἐκ"
43,20,01,"RA","GSN","τοῦ","τοῦ","τοῦ","ὁ"
43,20,01,"N","GSN","μνημείου.","μνημείου","μνημείου","μνημεῖον"
43,20,02,"V","3PAI-S","τρέχει","τρέχει","τρέχει","τρέχω"
43,20,02,"C",NULL,"οὖν","οὖν","οὖν","οὖν"
43,20,02,"C",NULL,"καὶ","καὶ","καί","καί"
43,20,02,"V","3PMI-S","ἔρχεται","ἔρχεται","ἔρχεται","ἔρχομαι"
43,20,02,"P",NULL,"πρὸς","πρὸς","πρός","πρός"
43,20,02,"N","ASM","Σίμωνα","Σίμωνα","Σίμωνα","Σίμων"
43,20,02,"N","ASM","Πέτρον","Πέτρον","Πέτρον","Πέτρος"
43,20,02,"C",NULL,"καὶ","καὶ","καί","καί"
43,20,02,"P",NULL,"πρὸς","πρὸς","πρός","πρός"
43,20,02,"RA","ASM","τὸν","τὸν","τόν","ὁ"
43,20,02,"A","ASM","ἄλλον","ἄλλον","ἄλλον","ἄλλος"
43,20,02,"N","ASM","μαθητὴν","μαθητὴν","μαθητήν","μαθητής"
43,20,02,"RR","ASM","ὃν","ὃν","ὅν","ὅς"
43,20,02,"V","3IAI-S","ἐφίλει","ἐφίλει","ἐφίλει","φιλέω"
43,20,02,"RA","NSM","ὁ","ὁ","ὁ","ὁ"
43,20,02,"N","NSM","Ἰησοῦς,","Ἰησοῦς","Ἰησοῦς","Ἰησοῦς"
43,20,02,"C",NULL,"καὶ","καὶ","καί","καί"
43,20,02,"V","3PAI-S","λέγει","λέγει","λέγει","λέγω"
43,20,02,"RP","DPM","αὐτοῖς·","αὐτοῖς","αὐτοῖς","αὐτός"
43,20,02,"V","3AAI-P","Ἦραν","Ἦραν","ἦραν","αἴρω"
43,20,02,"RA","ASM","τὸν","τὸν","τόν","ὁ"
43,20,02,"N","ASM","κύριον","κύριον","κύριον","κύριος"
43,20,02,"P",NULL,"ἐκ","ἐκ","ἐκ","ἐκ"
43,20,02,"RA","GSN","τοῦ","τοῦ","τοῦ","ὁ"
43,20,02,"N","GSN","μνημείου,","μνημείου","μνημείου","μνημεῖον"
43,20,02,"C",NULL,"καὶ","καὶ","καί","καί"
43,20,02,"D",NULL,"οὐκ","οὐκ","οὐ","οὐ"
43,20,02,"V","1XAI-P","οἴδαμεν","οἴδαμεν","οἴδαμεν","οἶδα"
43,20,02,"D",NULL,"ποῦ","ποῦ","ποῦ","ποῦ"
43,20,02,"V","3AAI-P","ἔθηκαν","ἔθηκαν","ἔθηκαν","τίθημι"
43,20,02,"RP","ASM","αὐτόν.","αὐτόν","αὐτόν","αὐτός"
43,20,03,"V","3AAI-S","ἐξῆλθεν","ἐξῆλθεν","ἐξῆλθε(ν)","ἐξέρχομαι"
43,20,03,"C",NULL,"οὖν","οὖν","οὖν","οὖν"
43,20,03,"RA","NSM","ὁ","ὁ","ὁ","ὁ"
43,20,03,"N","NSM","Πέτρος","Πέτρος","Πέτρος","Πέτρος"
43,20,03,"C",NULL,"καὶ","καὶ","καί","καί"
43,20,03,"RA","NSM","ὁ","ὁ","ὁ","ὁ"
43,20,03,"A","NSM","ἄλλος","ἄλλος","ἄλλος","ἄλλος"
43,20,03,"N","NSM","μαθητής,","μαθητής","μαθητής","μαθητής"
43,20,03,"C",NULL,"καὶ","καὶ","καί","καί"
43,20,03,"V","3IMI-P","ἤρχοντο","ἤρχοντο","ἤρχοντο","ἔρχομαι"
43,20,03,"P",NULL,"εἰς","εἰς","εἰς","εἰς"
43,20,03,"RA","ASN","τὸ","τὸ","τό","ὁ"
43,20,03,"N","ASN","μνημεῖον.","μνημεῖον","μνημεῖον","μνημεῖον"
43,20,04,"V","3IAI-P","ἔτρεχον","ἔτρεχον","ἔτρεχον","τρέχω"
43,20,04,"C",NULL,"δὲ","δὲ","δέ","δέ"
43,20,04,"RA","NPM","οἱ","οἱ","οἱ","ὁ"
43,20,04,"A","NPM","δύο","δύο","δύο","δύο"
43,20,04,"D",NULL,"ὁμοῦ·","ὁμοῦ","ὁμοῦ","ὁμοῦ"
43,20,04,"C",NULL,"καὶ","καὶ","καί","καί"
43,20,04,"RA","NSM","ὁ","ὁ","ὁ","ὁ"
43,20,04,"A","NSM","ἄλλος","ἄλλος","ἄλλος","ἄλλος"
43,20,04,"N","NSM","μαθητὴς","μαθητὴς","μαθητής","μαθητής"
43,20,04,"V","3AAI-S","προέδραμεν","προέδραμεν","προέδραμε(ν)","προτρέχω"
43,20,04,"A","ASNC","τάχιον","τάχιον","τάχιον","τάχιον"
43,20,04,"RA","GSM","τοῦ","τοῦ","τοῦ","ὁ"
43,20,04,"N","GSM","Πέτρου","Πέτρου","Πέτρου","Πέτρος"
43,20,04,"C",NULL,"καὶ","καὶ","καί","καί"
43,20,04,"V","3AAI-S","ἦλθεν","ἦλθεν","ἦλθε(ν)","ἔρχομαι"
43,20,04,"A","NSM","πρῶτος","πρῶτος","πρῶτος","πρῶτος"
43,20,04,"P",NULL,"εἰς","εἰς","εἰς","εἰς"
43,20,04,"RA","ASN","τὸ","τὸ","τό","ὁ"
43,20,04,"N","ASN","μνημεῖον,","μνημεῖον","μνημεῖον","μνημεῖον"
43,20,05,"C",NULL,"καὶ","καὶ","καί","καί"
43,20,05,"V","AAPNSM","παρακύψας","παρακύψας","παρακύψας","παρακύπτω"
43,20,05,"V","3PAI-S","βλέπει","βλέπει","βλέπει","βλέπω"
43,20,05,"V","PMPAPN","κείμενα","κείμενα","κείμενα","κεῖμαι"
43,20,05,"RA","APN","τὰ","τὰ","τά","ὁ"
43,20,05,"N","APN","ὀθόνια,","ὀθόνια","ὀθόνια","ὀθόνιον"
43,20,05,"D",NULL,"οὐ","οὐ","οὐ","οὐ"
43,20,05,"C",NULL,"μέντοι","μέντοι","μέντοι","μέντοι"
43,20,05,"V","3AAI-S","εἰσῆλθεν.","εἰσῆλθεν","εἰσῆλθε(ν)","εἰσέρχομαι"
43,20,06,"V","3PMI-S","ἔρχεται","ἔρχεται","ἔρχεται","ἔρχομαι"
43,20,06,"C",NULL,"οὖν","οὖν","οὖν","οὖν"
43,20,06,"D",NULL,"⸀καὶ","καὶ","καί","καί"
43,20,06,"N","NSM","Σίμων","Σίμων","Σίμων","Σίμων"
43,20,06,"N","NSM","Πέτρος","Πέτρος","Πέτρος","Πέτρος"
43,20,06,"V","PAPNSM","ἀκολουθῶν","ἀκολουθῶν","ἀκολουθῶν","ἀκολουθέω"
43,20,06,"RP","DSM","αὐτῷ,","αὐτῷ","αὐτῷ","αὐτός"
43,20,06,"C",NULL,"καὶ","καὶ","καί","καί"
43,20,06,"V","3AAI-S","εἰσῆλθεν","εἰσῆλθεν","εἰσῆλθε(ν)","εἰσέρχομαι"
43,20,06,"P",NULL,"εἰς","εἰς","εἰς","εἰς"
43,20,06,"RA","ASN","τὸ","τὸ","τό","ὁ"
43,20,06,"N","ASN","μνημεῖον·","μνημεῖον","μνημεῖον","μνημεῖον"
43,20,06,"C",NULL,"καὶ","καὶ","καί","καί"
43,20,06,"V","3PAI-S","θεωρεῖ","θεωρεῖ","θεωρεῖ","θεωρέω"
43,20,06,"RA","APN","τὰ","τὰ","τά","ὁ"
43,20,06,"N","APN","ὀθόνια","ὀθόνια","ὀθόνια","ὀθόνιον"
43,20,06,"V","PMPAPN","κείμενα,","κείμενα","κείμενα","κεῖμαι"
43,20,07,"C",NULL,"καὶ","καὶ","καί","καί"
43,20,07,"RA","ASN","τὸ","τὸ","τό","ὁ"
43,20,07,"N","ASN","σουδάριον,","σουδάριον","σουδάριον","σουδάριον"
43,20,07,"RR","NSN","ὃ","ὃ","ὅ","ὅς"
43,20,07,"V","3IAI-S","ἦν","ἦν","ἦν","εἰμί"
43,20,07,"P",NULL,"ἐπὶ","ἐπὶ","ἐπί","ἐπί"
43,20,07,"RA","GSF","τῆς","τῆς","τῆς","ὁ"
43,20,07,"N","GSF","κεφαλῆς","κεφαλῆς","κεφαλῆς","κεφαλή"
43,20,07,"RP","GSM","αὐτοῦ,","αὐτοῦ","αὐτοῦ","αὐτός"
43,20,07,"D",NULL,"οὐ","οὐ","οὐ","οὐ"
43,20,07,"P",NULL,"μετὰ","μετὰ","μετά","μετά"
43,20,07,"RA","GPN","τῶν","τῶν","τῶν","ὁ"
43,20,07,"N","GPN","ὀθονίων","ὀθονίων","ὀθονίων","ὀθόνιον"
43,20,07,"V","PMPASN","κείμενον","κείμενον","κείμενον","κεῖμαι"
43,20,07,"C",NULL,"ἀλλὰ","ἀλλὰ","ἀλλά","ἀλλά"
43,20,07,"D",NULL,"χωρὶς","χωρὶς","χωρίς","χωρίς"
43,20,07,"V","XPPASN","ἐντετυλιγμένον","ἐντετυλιγμένον","ἐντετυλιγμένον","ἐντυλίσσω"
43,20,07,"P",NULL,"εἰς","εἰς","εἰς","εἰς"
43,20,07,"A","ASM","ἕνα","ἕνα","ἕνα","εἷς"
43,20,07,"N","ASM","τόπον·","τόπον","τόπον","τόπος"
43,20,08,"D",NULL,"τότε","τότε","τότε","τότε"
43,20,08,"C",NULL,"οὖν","οὖν","οὖν","οὖν"
43,20,08,"V","3AAI-S","εἰσῆλθεν","εἰσῆλθεν","εἰσῆλθε(ν)","εἰσέρχομαι"
43,20,08,"D",NULL,"καὶ","καὶ","καί","καί"
43,20,08,"RA","NSM","ὁ","ὁ","ὁ","ὁ"
43,20,08,"A","NSM","ἄλλος","ἄλλος","ἄλλος","ἄλλος"
43,20,08,"N","NSM","μαθητὴς","μαθητὴς","μαθητής","μαθητής"
43,20,08,"RA","NSM","ὁ","ὁ","ὁ","ὁ"
43,20,08,"V","AAPNSM","ἐλθὼν","ἐλθὼν","ἐλθών","ἔρχομαι"
43,20,08,"A","NSM","πρῶτος","πρῶτος","πρῶτος","πρῶτος"
43,20,08,"P",NULL,"εἰς","εἰς","εἰς","εἰς"
43,20,08,"RA","ASN","τὸ","τὸ","τό","ὁ"
43,20,08,"N","ASN","μνημεῖον,","μνημεῖον","μνημεῖον","μνημεῖον"
43,20,08,"C",NULL,"καὶ","καὶ","καί","καί"
43,20,08,"V","3AAI-S","εἶδεν","εἶδεν","εἶδε(ν)","ὁράω"
43,20,08,"C",NULL,"καὶ","καὶ","καί","καί"
43,20,08,"V","3AAI-S","ἐπίστευσεν·","ἐπίστευσεν","ἐπίστευσε(ν)","πιστεύω"
43,20,09,"D",NULL,"οὐδέπω","οὐδέπω","οὐδέπω","οὐδέπω"
43,20,09,"C",NULL,"γὰρ","γὰρ","γάρ","γάρ"
43,20,09,"V","3YAI-P","ᾔδεισαν","ᾔδεισαν","ᾔδεισαν","οἶδα"
43,20,09,"RA","ASF","τὴν","τὴν","τήν","ὁ"
43,20,09,"N","ASF","γραφὴν","γραφὴν","γραφήν","γραφή"
43,20,09,"D",NULL,"ὅτι","ὅτι","ὅτι","ὅτι"
43,20,09,"V","3PAI-S","δεῖ","δεῖ","δεῖ","δέω"
43,20,09,"RP","ASM","αὐτὸν","αὐτὸν","αὐτόν","αὐτός"
43,20,09,"P",NULL,"ἐκ","ἐκ","ἐκ","ἐκ"
43,20,09,"A","GPM","νεκρῶν","νεκρῶν","νεκρῶν","νεκρός"
43,20,09,"V","AAN","ἀναστῆναι.","ἀναστῆναι","ἀναστῆναι","ἀνίστημι"
43,20,10,"V","3AAI-P","ἀπῆλθον","ἀπῆλθον","ἀπῆλθον","ἀπέρχομαι"
43,20,10,"C",NULL,"οὖν","οὖν","οὖν","οὖν"
43,20,10,"D",NULL,"πάλιν","πάλιν","πάλιν","πάλιν"
43,20,10,"P",NULL,"πρὸς","πρὸς","πρός","πρός"
43,20,10,"RP","APM","⸀αὑτοὺς","αὑτοὺς","αὑτούς","ἑαυτοῦ"
43,20,10,"RA","NPM","οἱ","οἱ","οἱ","ὁ"
43,20,10,"N","NPM","μαθηταί.","μαθηταί","μαθηταί","μαθητής"
43,20,11,"N","NSF","Μαρία","Μαρία","Μαρία","Μαρία"
43,20,11,"C",NULL,"δὲ","δὲ","δέ","δέ"
43,20,11,"V","3YAI-S","εἱστήκει","εἱστήκει","εἱστήκει","ἵστημι"
43,20,11,"P",NULL,"πρὸς","πρὸς","πρός","πρός"
43,20,11,"RA","DSN","⸂τῷ","τῷ","τῷ","ὁ"
43,20,11,"N","DSN","μνημείῳ","μνημείῳ","μνημείῳ","μνημεῖον"
43,20,11,"D",NULL,"ἔξω","ἔξω","ἔξω","ἔξω"
43,20,11,"V","PAPNSF","κλαίουσα⸃.","κλαίουσα","κλαίουσα","κλαίω"
43,20,11,"C",NULL,"ὡς","ὡς","ὡς","ὡς"
43,20,11,"C",NULL,"οὖν","οὖν","οὖν","οὖν"
43,20,11,"V","3IAI-S","ἔκλαιεν","ἔκλαιεν","ἔκλαιε(ν)","κλαίω"
43,20,11,"V","3AAI-S","παρέκυψεν","παρέκυψεν","παρέκυψε(ν)","παρακύπτω"
43,20,11,"P",NULL,"εἰς","εἰς","εἰς","εἰς"
43,20,11,"RA","ASN","τὸ","τὸ","τό","ὁ"
43,20,11,"N","ASN","μνημεῖον,","μνημεῖον","μνημεῖον","μνημεῖον"
43,20,12,"C",NULL,"καὶ","καὶ","καί","καί"
43,20,12,"V","3PAI-S","θεωρεῖ","θεωρεῖ","θεωρεῖ","θεωρέω"
43,20,12,"A","APM","δύο","δύο","δύο","δύο"
43,20,12,"N","APM","ἀγγέλους","ἀγγέλους","ἀγγέλους","ἄγγελος"
43,20,12,"P",NULL,"ἐν","ἐν","ἐν","ἐν"
43,20,12,"A","DPN","λευκοῖς","λευκοῖς","λευκοῖς","λευκός"
43,20,12,"V","PMPAPM","καθεζομένους,","καθεζομένους","καθεζομένους","καθέζομαι"
43,20,12,"A","ASM","ἕνα","ἕνα","ἕνα","εἷς"
43,20,12,"P",NULL,"πρὸς","πρὸς","πρός","πρός"
43,20,12,"RA","DSF","τῇ","τῇ","τῇ","ὁ"
43,20,12,"N","DSF","κεφαλῇ","κεφαλῇ","κεφαλῇ","κεφαλή"
43,20,12,"C",NULL,"καὶ","καὶ","καί","καί"
43,20,12,"A","ASM","ἕνα","ἕνα","ἕνα","εἷς"
43,20,12,"P",NULL,"πρὸς","πρὸς","πρός","πρός"
43,20,12,"RA","DPM","τοῖς","τοῖς","τοῖς","ὁ"
43,20,12,"N","DPM","ποσίν,","ποσίν","ποσί(ν)","πούς"
43,20,12,"D",NULL,"ὅπου","ὅπου","ὅπου","ὅπου"
43,20,12,"V","3IMI-S","ἔκειτο","ἔκειτο","ἔκειτο","κεῖμαι"
43,20,12,"RA","NSN","τὸ","τὸ","τό","ὁ"
43,20,12,"N","NSN","σῶμα","σῶμα","σῶμα","σῶμα"
43,20,12,"RA","GSM","τοῦ","τοῦ","τοῦ","ὁ"
43,20,12,"N","GSM","Ἰησοῦ.","Ἰησοῦ","Ἰησοῦ","Ἰησοῦς"
43,20,13,"C",NULL,"καὶ","καὶ","καί","καί"
43,20,13,"V","3PAI-P","λέγουσιν","λέγουσιν","λέγουσι(ν)","λέγω"
43,20,13,"RP","DSF","αὐτῇ","αὐτῇ","αὐτῇ","αὐτός"
43,20,13,"RD","NPM","ἐκεῖνοι·","ἐκεῖνοι","ἐκεῖνοι","ἐκεῖνος"
43,20,13,"N","VSF","Γύναι,","Γύναι","γύναι","γυνή"
43,20,13,"RI","ASN","τί","τί","τί","τίς"
43,20,13,"V","2PAI-S","κλαίεις;","κλαίεις","κλαίεις","κλαίω"
43,20,13,"V","3PAI-S","λέγει","λέγει","λέγει","λέγω"
43,20,13,"RP","DPM","αὐτοῖς","αὐτοῖς","αὐτοῖς","αὐτός"
43,20,13,"C",NULL,"ὅτι","ὅτι","ὅτι","ὅτι"
43,20,13,"V","3AAI-P","Ἦραν","Ἦραν","ἦραν","αἴρω"
43,20,13,"RA","ASM","τὸν","τὸν","τόν","ὁ"
43,20,13,"N","ASM","κύριόν","κύριόν","κύριον","κύριος"
43,20,13,"RP","GS","μου,","μου","μου","ἐγώ"
43,20,13,"C",NULL,"καὶ","καὶ","καί","καί"
43,20,13,"D",NULL,"οὐκ","οὐκ","οὐ","οὐ"
43,20,13,"V","1XAI-S","οἶδα","οἶδα","οἶδα","οἶδα"
43,20,13,"D",NULL,"ποῦ","ποῦ","ποῦ","ποῦ"
43,20,13,"V","3AAI-P","ἔθηκαν","ἔθηκαν","ἔθηκαν","τίθημι"
43,20,13,"RP","ASM","αὐτόν.","αὐτόν","αὐτόν","αὐτός"
43,20,14,"RD","APN","⸀ταῦτα","ταῦτα","ταῦτα","οὗτος"
43,20,14,"V","AAPNSF","εἰποῦσα","εἰποῦσα","εἰποῦσα","λέγω"
43,20,14,"V","3API-S","ἐστράφη","ἐστράφη","ἐστράφη","στρέφω"
43,20,14,"P",NULL,"εἰς","εἰς","εἰς","εἰς"
43,20,14,"RA","APN","τὰ","τὰ","τά","ὁ"
43,20,14,"D",NULL,"ὀπίσω,","ὀπίσω","ὀπίσω","ὀπίσω"
43,20,14,"C",NULL,"καὶ","καὶ","καί","καί"
43,20,14,"V","3PAI-S","θεωρεῖ","θεωρεῖ","θεωρεῖ","θεωρέω"
43,20,14,"RA","ASM","τὸν","τὸν","τόν","ὁ"
43,20,14,"N","ASM","Ἰησοῦν","Ἰησοῦν","Ἰησοῦν","Ἰησοῦς"
43,20,14,"V","XAPASM","ἑστῶτα,","ἑστῶτα","ἑστῶτα","ἵστημι"
43,20,14,"C",NULL,"καὶ","καὶ","καί","καί"
43,20,14,"D",NULL,"οὐκ","οὐκ","οὐ","οὐ"
43,20,14,"V","3YAI-S","ᾔδει","ᾔδει","ᾔδει","οἶδα"
43,20,14,"C",NULL,"ὅτι","ὅτι","ὅτι","ὅτι"
43,20,14,"N","NSM","Ἰησοῦς","Ἰησοῦς","Ἰησοῦς","Ἰησοῦς"
43,20,14,"V","3PAI-S","ἐστιν.","ἐστιν","ἐστί(ν)","εἰμί"
43,20,15,"V","3PAI-S","λέγει","λέγει","λέγει","λέγω"
43,20,15,"RP","DSF","⸀αὐτῇ","αὐτῇ","αὐτῇ","αὐτός"
43,20,15,"N","NSM","Ἰησοῦς·","Ἰησοῦς","Ἰησοῦς","Ἰησοῦς"
43,20,15,"N","VSF","Γύναι,","Γύναι","γύναι","γυνή"
43,20,15,"RI","ASN","τί","τί","τί","τίς"
43,20,15,"V","2PAI-S","κλαίεις;","κλαίεις","κλαίεις","κλαίω"
43,20,15,"RI","ASM","τίνα","τίνα","τίνα","τίς"
43,20,15,"V","2PAI-S","ζητεῖς;","ζητεῖς","ζητεῖς","ζητέω"
43,20,15,"RD","NSF","ἐκείνη","ἐκείνη","ἐκείνη","ἐκεῖνος"
43,20,15,"V","PAPNSF","δοκοῦσα","δοκοῦσα","δοκοῦσα","δοκέω"
43,20,15,"C",NULL,"ὅτι","ὅτι","ὅτι","ὅτι"
43,20,15,"RA","NSM","ὁ","ὁ","ὁ","ὁ"
43,20,15,"N","NSM","κηπουρός","κηπουρός","κηπουρός","κηπουρός"
43,20,15,"V","3PAI-S","ἐστιν","ἐστιν","ἐστί(ν)","εἰμί"
43,20,15,"V","3PAI-S","λέγει","λέγει","λέγει","λέγω"
43,20,15,"RP","DSM","αὐτῷ·","αὐτῷ","αὐτῷ","αὐτός"
43,20,15,"N","VSM","Κύριε,","Κύριε","κύριε","κύριος"
43,20,15,"C",NULL,"εἰ","εἰ","εἰ","εἰ"
43,20,15,"RP","NS","σὺ","σὺ","σύ","σύ"
43,20,15,"V","2AAI-S","ἐβάστασας","ἐβάστασας","ἐβάστασας","βαστάζω"
43,20,15,"RP","ASM","αὐτόν,","αὐτόν","αὐτόν","αὐτός"
43,20,15,"V","2AAD-S","εἰπέ","εἰπέ","εἰπέ","λέγω"
43,20,15,"RP","DS","μοι","μοι","μοι","ἐγώ"
43,20,15,"D",NULL,"ποῦ","ποῦ","ποῦ","ποῦ"
43,20,15,"V","2AAI-S","ἔθηκας","ἔθηκας","ἔθηκας","τίθημι"
43,20,15,"RP","ASM","αὐτόν,","αὐτόν","αὐτόν","αὐτός"
43,20,15,"RP","NS","κἀγὼ","κἀγὼ","κἀγώ","κἀγώ"
43,20,15,"RP","ASM","αὐτὸν","αὐτὸν","αὐτόν","αὐτός"
43,20,15,"V","1FAI-S","ἀρῶ.","ἀρῶ","ἀρῶ","αἴρω"
43,20,16,"V","3PAI-S","λέγει","λέγει","λέγει","λέγω"
43,20,16,"RP","DSF","⸀αὐτῇ","αὐτῇ","αὐτῇ","αὐτός"
43,20,16,"N","NSM","Ἰησοῦς·","Ἰησοῦς","Ἰησοῦς","Ἰησοῦς"
43,20,16,"N","VSF","⸀Μαριάμ.","Μαριάμ","Μαριάμ","Μαριάμ"
43,20,16,"V","APPNSF","στραφεῖσα","στραφεῖσα","στραφεῖσα","στρέφω"
43,20,16,"RD","NSF","ἐκείνη","ἐκείνη","ἐκείνη","ἐκεῖνος"
43,20,16,"V","3PAI-S","λέγει","λέγει","λέγει","λέγω"
43,20,16,"RP","DSM","αὐτῷ","αὐτῷ","αὐτῷ","αὐτός"
43,20,16,"D",NULL,"⸀Ἑβραϊστί·","Ἑβραϊστί","Ἑβραϊστί","Ἑβραϊστί"
43,20,16,"N","VSM","Ραββουνι","Ραββουνι","ραββουνι","ραββουνι"
43,20,16,"RR","NSN","(ὃ","ὃ","ὅ","ὅς"
43,20,16,"V","3PPI-S","λέγεται","λέγεται","λέγεται","λέγω"
43,20,16,"N","VSM","Διδάσκαλε).","Διδάσκαλε","διδάσκαλε","διδάσκαλος"
43,20,17,"V","3PAI-S","λέγει","λέγει","λέγει","λέγω"
43,20,17,"RP","DSF","⸀αὐτῇ","αὐτῇ","αὐτῇ","αὐτός"
43,20,17,"N","NSM","Ἰησοῦς·","Ἰησοῦς","Ἰησοῦς","Ἰησοῦς"
43,20,17,"D",NULL,"Μή","Μή","μή","μή"
43,20,17,"RP","GS","μου","μου","μου","ἐγώ"
43,20,17,"V","2PMD-S","ἅπτου,","ἅπτου","ἅπτου","ἅπτω"
43,20,17,"D",NULL,"οὔπω","οὔπω","οὔπω","οὔπω"
43,20,17,"C",NULL,"γὰρ","γὰρ","γάρ","γάρ"
43,20,17,"V","1XAI-S","ἀναβέβηκα","ἀναβέβηκα","ἀναβέβηκα","ἀναβαίνω"
43,20,17,"P",NULL,"πρὸς","πρὸς","πρός","πρός"
43,20,17,"RA","ASM","τὸν","τὸν","τόν","ὁ"
43,20,17,"N","ASM","⸀πατέρα·","πατέρα","πατέρα","πατήρ"
43,20,17,"V","2PMD-S","πορεύου","πορεύου","πορεύου","πορεύομαι"
43,20,17,"C",NULL,"δὲ","δὲ","δέ","δέ"
43,20,17,"P",NULL,"πρὸς","πρὸς","πρός","πρός"
43,20,17,"RA","APM","τοὺς","τοὺς","τούς","ὁ"
43,20,17,"N","APM","ἀδελφούς","ἀδελφούς","ἀδελφούς","ἀδελφός"
43,20,17,"RP","GS","μου","μου","μου","ἐγώ"
43,20,17,"C",NULL,"καὶ","καὶ","καί","καί"
43,20,17,"V","2AAD-S","εἰπὲ","εἰπὲ","εἰπέ","λέγω"
43,20,17,"RP","DPM","αὐτοῖς·","αὐτοῖς","αὐτοῖς","αὐτός"
43,20,17,"V","1PAI-S","Ἀναβαίνω","Ἀναβαίνω","ἀναβαίνω","ἀναβαίνω"
43,20,17,"P",NULL,"πρὸς","πρὸς","πρός","πρός"
43,20,17,"RA","ASM","τὸν","τὸν","τόν","ὁ"
43,20,17,"N","ASM","πατέρα","πατέρα","πατέρα","πατήρ"
43,20,17,"RP","GS","μου","μου","μου","ἐγώ"
43,20,17,"C",NULL,"καὶ","καὶ","καί","καί"
43,20,17,"N","ASM","πατέρα","πατέρα","πατέρα","πατήρ"
43,20,17,"RP","GP","ὑμῶν","ὑμῶν","ὑμῶν","σύ"
43,20,17,"C",NULL,"καὶ","καὶ","καί","καί"
43,20,17,"N","ASM","θεόν","θεόν","θεόν","θεός"
43,20,17,"RP","GS","μου","μου","μου","ἐγώ"
43,20,17,"C",NULL,"καὶ","καὶ","καί","καί"
43,20,17,"N","ASM","θεὸν","θεὸν","θεόν","θεός"
43,20,17,"RP","GP","ὑμῶν.","ὑμῶν","ὑμῶν","σύ"
43,20,18,"V","3PMI-S","ἔρχεται","ἔρχεται","ἔρχεται","ἔρχομαι"
43,20,18,"N","NSF","⸀Μαριὰμ","Μαριὰμ","Μαριάμ","Μαριάμ"
43,20,18,"RA","NSF","ἡ","ἡ","ἡ","ὁ"
43,20,18,"N","NSF","Μαγδαληνὴ","Μαγδαληνὴ","Μαγδαληνή","Μαγδαληνή"
43,20,18,"V","PAPNSF","⸀ἀγγέλλουσα","ἀγγέλλουσα","ἀγγέλλουσα","ἀγγέλλω"
43,20,18,"RA","DPM","τοῖς","τοῖς","τοῖς","ὁ"
43,20,18,"N","DPM","μαθηταῖς","μαθηταῖς","μαθηταῖς","μαθητής"
43,20,18,"C",NULL,"ὅτι","ὅτι","ὅτι","ὅτι"
43,20,18,"V","1XAI-S","⸀Ἑώρακα","Ἑώρακα","ἑώρακα","ὁράω"
43,20,18,"RA","ASM","τὸν","τὸν","τόν","ὁ"
43,20,18,"N","ASM","κύριον","κύριον","κύριον","κύριος"
43,20,18,"C",NULL,"καὶ","καὶ","καί","καί"
43,20,18,"RD","APN","ταῦτα","ταῦτα","ταῦτα","οὗτος"
43,20,18,"V","3AAI-S","εἶπεν","εἶπεν","εἶπε(ν)","λέγω"
43,20,18,"RP","DSF","αὐτῇ.","αὐτῇ","αὐτῇ","αὐτός"
43,20,19,"V","PAPGSF","Οὔσης","Οὔσης","οὔσης","εἰμί"
43,20,19,"C",NULL,"οὖν","οὖν","οὖν","οὖν"
43,20,19,"A","GSF","ὀψίας","ὀψίας","ὀψίας","ὀψία"
43,20,19,"RA","DSF","τῇ","τῇ","τῇ","ὁ"
43,20,19,"N","DSF","ἡμέρᾳ","ἡμέρᾳ","ἡμέρᾳ","ἡμέρα"
43,20,19,"RD","DSF","ἐκείνῃ","ἐκείνῃ","ἐκείνῃ","ἐκεῖνος"
43,20,19,"RA","DSF","τῇ","τῇ","τῇ","ὁ"
43,20,19,"A","DSF","⸀μιᾷ","μιᾷ","μιᾷ","εἷς"
43,20,19,"N","GPN","σαββάτων,","σαββάτων","σαββάτων","σάββατον"
43,20,19,"C",NULL,"καὶ","καὶ","καί","καί"
43,20,19,"RA","GPF","τῶν","τῶν","τῶν","ὁ"
43,20,19,"N","GPF","θυρῶν","θυρῶν","θυρῶν","θύρα"
43,20,19,"V","XPPGPF","κεκλεισμένων","κεκλεισμένων","κεκλεισμένων","κλείω"
43,20,19,"C",NULL,"ὅπου","ὅπου","ὅπου","ὅπου"
43,20,19,"V","3IAI-P","ἦσαν","ἦσαν","ἦσαν","εἰμί"
43,20,19,"RA","NPM","οἱ","οἱ","οἱ","ὁ"
43,20,19,"N","NPM","⸀μαθηταὶ","μαθηταὶ","μαθηταί","μαθητής"
43,20,19,"P",NULL,"διὰ","διὰ","διά","διά"
43,20,19,"RA","ASM","τὸν","τὸν","τόν","ὁ"
43,20,19,"N","ASM","φόβον","φόβον","φόβον","φόβος"
43,20,19,"RA","GPM","τῶν","τῶν","τῶν","ὁ"
43,20,19,"A","GPM","Ἰουδαίων,","Ἰουδαίων","Ἰουδαίων","Ἰουδαῖος"
43,20,19,"V","3AAI-S","ἦλθεν","ἦλθεν","ἦλθε(ν)","ἔρχομαι"
43,20,19,"RA","NSM","ὁ","ὁ","ὁ","ὁ"
43,20,19,"N","NSM","Ἰησοῦς","Ἰησοῦς","Ἰησοῦς","Ἰησοῦς"
43,20,19,"C",NULL,"καὶ","καὶ","καί","καί"
43,20,19,"V","3AAI-S","ἔστη","ἔστη","ἔστη","ἵστημι"
43,20,19,"P",NULL,"εἰς","εἰς","εἰς","εἰς"
43,20,19,"RA","ASN","τὸ","τὸ","τό","ὁ"
43,20,19,"A","ASN","μέσον,","μέσον","μέσον","μέσος"
43,20,19,"C",NULL,"καὶ","καὶ","καί","καί"
43,20,19,"V","3PAI-S","λέγει","λέγει","λέγει","λέγω"
43,20,19,"RP","DPM","αὐτοῖς·","αὐτοῖς","αὐτοῖς","αὐτός"
43,20,19,"N","NSF","Εἰρήνη","Εἰρήνη","εἰρήνη","εἰρήνη"
43,20,19,"RP","DP","ὑμῖν.","ὑμῖν","ὑμῖν","σύ"
43,20,20,"C",NULL,"καὶ","καὶ","καί","καί"
43,20,20,"RD","ASN","τοῦτο","τοῦτο","τοῦτο","οὗτος"
43,20,20,"V","AAPNSM","εἰπὼν","εἰπὼν","εἰπών","λέγω"
43,20,20,"V","3AAI-S","⸀ἔδειξεν","ἔδειξεν","ἔδειξε(ν)","δείκνυμι"
43,20,20,"RA","APF","τὰς","τὰς","τάς","ὁ"
43,20,20,"N","APF","χεῖρας","χεῖρας","χεῖρας","χείρ"
43,20,20,"C",NULL,"καὶ","καὶ","καί","καί"
43,20,20,"RA","ASF","τὴν","τὴν","τήν","ὁ"
43,20,20,"N","ASF","πλευρὰν","πλευρὰν","πλευράν","πλευρά"
43,20,20,"RP","DPM","⸀αὐτοῖς.","αὐτοῖς","αὐτοῖς","αὐτός"
43,20,20,"V","3API-P","ἐχάρησαν","ἐχάρησαν","ἐχάρησαν","χαίρω"
43,20,20,"C",NULL,"οὖν","οὖν","οὖν","οὖν"
43,20,20,"RA","NPM","οἱ","οἱ","οἱ","ὁ"
43,20,20,"N","NPM","μαθηταὶ","μαθηταὶ","μαθηταί","μαθητής"
43,20,20,"V","AAPNPM","ἰδόντες","ἰδόντες","ἰδόντες","ὁράω"
43,20,20,"RA","ASM","τὸν","τὸν","τόν","ὁ"
43,20,20,"N","ASM","κύριον.","κύριον","κύριον","κύριος"
43,20,21,"V","3AAI-S","εἶπεν","εἶπεν","εἶπε(ν)","λέγω"
43,20,21,"C",NULL,"οὖν","οὖν","οὖν","οὖν"
43,20,21,"RP","DPM","αὐτοῖς","αὐτοῖς","αὐτοῖς","αὐτός"
43,20,21,"RA","NSM","⸂ὁ","ὁ","ὁ","ὁ"
43,20,21,"N","NSM","Ἰησοῦς⸃","Ἰησοῦς","Ἰησοῦς","Ἰησοῦς"
43,20,21,"D",NULL,"πάλιν·","πάλιν","πάλιν","πάλιν"
43,20,21,"N","NSF","Εἰρήνη","Εἰρήνη","εἰρήνη","εἰρήνη"
43,20,21,"RP","DP","ὑμῖν·","ὑμῖν","ὑμῖν","σύ"
43,20,21,"C",NULL,"καθὼς","καθὼς","καθώς","καθώς"
43,20,21,"V","3XAI-S","ἀπέσταλκέν","ἀπέσταλκέν","ἀπέσταλκε(ν)","ἀποστέλλω"
43,20,21,"RP","AS","με","με","με","ἐγώ"
43,20,21,"RA","NSM","ὁ","ὁ","ὁ","ὁ"
43,20,21,"N","NSM","πατήρ,","πατήρ","πατήρ","πατήρ"
43,20,21,"RP","NS","κἀγὼ","κἀγὼ","κἀγώ","κἀγώ"
43,20,21,"V","1PAI-S","πέμπω","πέμπω","πέμπω","πέμπω"
43,20,21,"RP","AP","ὑμᾶς.","ὑμᾶς","ὑμᾶς","σύ"
43,20,22,"C",NULL,"καὶ","καὶ","καί","καί"
43,20,22,"RD","ASN","τοῦτο","τοῦτο","τοῦτο","οὗτος"
43,20,22,"V","AAPNSM","εἰπὼν","εἰπὼν","εἰπών","λέγω"
43,20,22,"V","3AAI-S","ἐνεφύσησεν","ἐνεφύσησεν","ἐνεφύσησε(ν)","ἐμφυσάω"
43,20,22,"C",NULL,"καὶ","καὶ","καί","καί"
43,20,22,"V","3PAI-S","λέγει","λέγει","λέγει","λέγω"
43,20,22,"RP","DPM","αὐτοῖς·","αὐτοῖς","αὐτοῖς","αὐτός"
43,20,22,"V","2AAD-P","Λάβετε","Λάβετε","λάβετε","λαμβάνω"
43,20,22,"N","ASN","πνεῦμα","πνεῦμα","πνεῦμα","πνεῦμα"
43,20,22,"A","ASN","ἅγιον·","ἅγιον","ἅγιον","ἅγιος"
43,20,23,"X",NULL,"ἄν","ἄν","ἄν","ἄν"
43,20,23,"RI","GPM","τινων","τινων","τινῶν","τις"
43,20,23,"V","2AAS-P","ἀφῆτε","ἀφῆτε","ἀφῆτε","ἀφίημι"
43,20,23,"RA","APF","τὰς","τὰς","τάς","ὁ"
43,20,23,"N","APF","ἁμαρτίας","ἁμαρτίας","ἁμαρτίας","ἁμαρτία"
43,20,23,"V","3XPI-P","⸀ἀφέωνται","ἀφέωνται","ἀφέωνται","ἀφίημι"
43,20,23,"RP","DPM","αὐτοῖς·","αὐτοῖς","αὐτοῖς","αὐτός"
43,20,23,"X",NULL,"ἄν","ἄν","ἄν","ἄν"
43,20,23,"RI","GPM","τινων","τινων","τινῶν","τις"
43,20,23,"V","2PAS-P","κρατῆτε","κρατῆτε","κρατῆτε","κρατέω"
43,20,23,"V","3XPI-P","κεκράτηνται.","κεκράτηνται","κεκράτηνται","κρατέω"
43,20,24,"N","NSM","Θωμᾶς","Θωμᾶς","Θωμᾶς","Θωμᾶς"
43,20,24,"C",NULL,"δὲ","δὲ","δέ","δέ"
43,20,24,"A","NSM","εἷς","εἷς","εἷς","εἷς"
43,20,24,"P",NULL,"ἐκ","ἐκ","ἐκ","ἐκ"
43,20,24,"RA","GPM","τῶν","τῶν","τῶν","ὁ"
43,20,24,"A","GPM","δώδεκα,","δώδεκα","δώδεκα","δώδεκα"
43,20,24,"RA","NSM","ὁ","ὁ","ὁ","ὁ"
43,20,24,"V","PPPNSM","λεγόμενος","λεγόμενος","λεγόμενος","λέγω"
43,20,24,"N","NSM","Δίδυμος,","Δίδυμος","Δίδυμος","Δίδυμος"
43,20,24,"D",NULL,"οὐκ","οὐκ","οὐ","οὐ"
43,20,24,"V","3IAI-S","ἦν","ἦν","ἦν","εἰμί"
43,20,24,"P",NULL,"μετ’","μετ’","μετά","μετά"
43,20,24,"RP","GPM","αὐτῶν","αὐτῶν","αὐτῶν","αὐτός"
43,20,24,"C",NULL,"ὅτε","ὅτε","ὅτε","ὅτε"
43,20,24,"V","3AAI-S","⸀ἦλθεν","ἦλθεν","ἦλθε(ν)","ἔρχομαι"
43,20,24,"N","NSM","Ἰησοῦς.","Ἰησοῦς","Ἰησοῦς","Ἰησοῦς"
43,20,25,"V","3IAI-P","ἔλεγον","ἔλεγον","ἔλεγον","λέγω"
43,20,25,"C",NULL,"οὖν","οὖν","οὖν","οὖν"
43,20,25,"RP","DSM","αὐτῷ","αὐτῷ","αὐτῷ","αὐτός"
43,20,25,"RA","NPM","οἱ","οἱ","οἱ","ὁ"
43,20,25,"A","NPM","ἄλλοι","ἄλλοι","ἄλλοι","ἄλλος"
43,20,25,"N","NPM","μαθηταί·","μαθηταί","μαθηταί","μαθητής"
43,20,25,"V","1XAI-P","Ἑωράκαμεν","Ἑωράκαμεν","ἑωράκαμεν","ὁράω"
43,20,25,"RA","ASM","τὸν","τὸν","τόν","ὁ"
43,20,25,"N","ASM","κύριον.","κύριον","κύριον","κύριος"
43,20,25,"RA","NSM","ὁ","ὁ","ὁ","ὁ"
43,20,25,"C",NULL,"δὲ","δὲ","δέ","δέ"
43,20,25,"V","3AAI-S","εἶπεν","εἶπεν","εἶπε(ν)","λέγω"
43,20,25,"RP","DPM","αὐτοῖς·","αὐτοῖς","αὐτοῖς","αὐτός"
43,20,25,"C",NULL,"Ἐὰν","Ἐὰν","ἐάν","ἐάν"
43,20,25,"D",NULL,"μὴ","μὴ","μή","μή"
43,20,25,"V","1AAS-S","ἴδω","ἴδω","ἴδω","ὁράω"
43,20,25,"P",NULL,"ἐν","ἐν","ἐν","ἐν"
43,20,25,"RA","DPF","ταῖς","ταῖς","ταῖς","ὁ"
43,20,25,"N","DPF","χερσὶν","χερσὶν","χερσί(ν)","χείρ"
43,20,25,"RP","GSM","αὐτοῦ","αὐτοῦ","αὐτοῦ","αὐτός"
43,20,25,"RA","ASM","τὸν","τὸν","τόν","ὁ"
43,20,25,"N","ASM","τύπον","τύπον","τύπον","τύπος"
43,20,25,"RA","GPM","τῶν","τῶν","τῶν","ὁ"
43,20,25,"N","GPM","ἥλων","ἥλων","ἥλων","ἧλος"
43,20,25,"C",NULL,"καὶ","καὶ","καί","καί"
43,20,25,"V","1AAS-S","βάλω","βάλω","βάλω","βάλλω"
43,20,25,"RA","ASM","τὸν","τὸν","τόν","ὁ"
43,20,25,"N","ASM","δάκτυλόν","δάκτυλόν","δάκτυλον","δάκτυλος"
43,20,25,"RP","GS","μου","μου","μου","ἐγώ"
43,20,25,"P",NULL,"εἰς","εἰς","εἰς","εἰς"
43,20,25,"RA","ASM","τὸν","τὸν","τόν","ὁ"
43,20,25,"N","ASM","τύπον","τύπον","τύπον","τύπος"
43,20,25,"RA","GPM","τῶν","τῶν","τῶν","ὁ"
43,20,25,"N","GPM","ἥλων","ἥλων","ἥλων","ἧλος"
43,20,25,"C",NULL,"καὶ","καὶ","καί","καί"
43,20,25,"V","1AAS-S","βάλω","βάλω","βάλω","βάλλω"
43,20,25,"RP","GS","⸂μου","μου","μου","ἐγώ"
43,20,25,"RA","ASF","τὴν","τὴν","τήν","ὁ"
43,20,25,"N","ASF","χεῖρα⸃","χεῖρα","χεῖρα","χείρ"
43,20,25,"P",NULL,"εἰς","εἰς","εἰς","εἰς"
43,20,25,"RA","ASF","τὴν","τὴν","τήν","ὁ"
43,20,25,"N","ASF","πλευρὰν","πλευρὰν","πλευράν","πλευρά"
43,20,25,"RP","GSM","αὐτοῦ,","αὐτοῦ","αὐτοῦ","αὐτός"
43,20,25,"D",NULL,"οὐ","οὐ","οὐ","οὐ"
43,20,25,"D",NULL,"μὴ","μὴ","μή","μή"
43,20,25,"V","1AAS-S","πιστεύσω.","πιστεύσω","πιστεύσω","πιστεύω"
43,20,26,"C",NULL,"Καὶ","Καὶ","καί","καί"
43,20,26,"P",NULL,"μεθ’","μεθ’","μετά","μετά"
43,20,26,"N","APF","ἡμέρας","ἡμέρας","ἡμέρας","ἡμέρα"
43,20,26,"A","APF","ὀκτὼ","ὀκτὼ","ὀκτώ","ὀκτώ"
43,20,26,"D",NULL,"πάλιν","πάλιν","πάλιν","πάλιν"
43,20,26,"V","3IAI-P","ἦσαν","ἦσαν","ἦσαν","εἰμί"
43,20,26,"D",NULL,"ἔσω","ἔσω","ἔσω","ἔσω"
43,20,26,"RA","NPM","οἱ","οἱ","οἱ","ὁ"
43,20,26,"N","NPM","μαθηταὶ","μαθηταὶ","μαθηταί","μαθητής"
43,20,26,"RP","GSM","αὐτοῦ","αὐτοῦ","αὐτοῦ","αὐτός"
43,20,26,"C",NULL,"καὶ","καὶ","καί","καί"
43,20,26,"N","NSM","Θωμᾶς","Θωμᾶς","Θωμᾶς","Θωμᾶς"
43,20,26,"P",NULL,"μετ’","μετ’","μετά","μετά"
43,20,26,"RP","GPM","αὐτῶν.","αὐτῶν","αὐτῶν","αὐτός"
43,20,26,"V","3PMI-S","ἔρχεται","ἔρχεται","ἔρχεται","ἔρχομαι"
43,20,26,"RA","NSM","ὁ","ὁ","ὁ","ὁ"
43,20,26,"N","NSM","Ἰησοῦς","Ἰησοῦς","Ἰησοῦς","Ἰησοῦς"
43,20,26,"RA","GPF","τῶν","τῶν","τῶν","ὁ"
43,20,26,"N","GPF","θυρῶν","θυρῶν","θυρῶν","θύρα"
43,20,26,"V","XPPGPF","κεκλεισμένων,","κεκλεισμένων","κεκλεισμένων","κλείω"
43,20,26,"C",NULL,"καὶ","καὶ","καί","καί"
43,20,26,"V","3AAI-S","ἔστη","ἔστη","ἔστη","ἵστημι"
43,20,26,"P",NULL,"εἰς","εἰς","εἰς","εἰς"
43,20,26,"RA","ASN","τὸ","τὸ","τό","ὁ"
43,20,26,"A","ASN","μέσον","μέσον","μέσον","μέσος"
43,20,26,"C",NULL,"καὶ","καὶ","καί","καί"
43,20,26,"V","3AAI-S","εἶπεν·","εἶπεν","εἶπε(ν)","λέγω"
43,20,26,"N","NSF","Εἰρήνη","Εἰρήνη","εἰρήνη","εἰρήνη"
43,20,26,"RP","DP","ὑμῖν.","ὑμῖν","ὑμῖν","σύ"
43,20,27,"D",NULL,"εἶτα","εἶτα","εἶτα","εἶτα"
43,20,27,"V","3PAI-S","λέγει","λέγει","λέγει","λέγω"
43,20,27,"RA","DSM","τῷ","τῷ","τῷ","ὁ"
43,20,27,"N","DSM","Θωμᾷ·","Θωμᾷ","Θωμᾷ","Θωμᾶς"
43,20,27,"V","2PAD-S","Φέρε","Φέρε","φέρε","φέρω"
43,20,27,"RA","ASM","τὸν","τὸν","τόν","ὁ"
43,20,27,"N","ASM","δάκτυλόν","δάκτυλόν","δάκτυλον","δάκτυλος"
43,20,27,"RP","GS","σου","σου","σου","σύ"
43,20,27,"D",NULL,"ὧδε","ὧδε","ὧδε","ὧδε"
43,20,27,"C",NULL,"καὶ","καὶ","καί","καί"
43,20,27,"V","2AAD-S","ἴδε","ἴδε","ἴδε","ὁράω"
43,20,27,"RA","APF","τὰς","τὰς","τάς","ὁ"
43,20,27,"N","APF","χεῖράς","χεῖράς","χεῖρας","χείρ"
43,20,27,"RP","GS","μου,","μου","μου","ἐγώ"
43,20,27,"C",NULL,"καὶ","καὶ","καί","καί"
43,20,27,"V","2PAD-S","φέρε","φέρε","φέρε","φέρω"
43,20,27,"RA","ASF","τὴν","τὴν","τήν","ὁ"
43,20,27,"N","ASF","χεῖρά","χεῖρά","χεῖρα","χείρ"
43,20,27,"RP","GS","σου","σου","σου","σύ"
43,20,27,"C",NULL,"καὶ","καὶ","καί","καί"
43,20,27,"V","2AAD-S","βάλε","βάλε","βάλε","βάλλω"
43,20,27,"P",NULL,"εἰς","εἰς","εἰς","εἰς"
43,20,27,"RA","ASF","τὴν","τὴν","τήν","ὁ"
43,20,27,"N","ASF","πλευράν","πλευράν","πλευράν","πλευρά"
43,20,27,"RP","GS","μου,","μου","μου","ἐγώ"
43,20,27,"C",NULL,"καὶ","καὶ","καί","καί"
43,20,27,"D",NULL,"μὴ","μὴ","μή","μή"
43,20,27,"V","2PMD-S","γίνου","γίνου","γίνου","γίνομαι"
43,20,27,"A","NSM","ἄπιστος","ἄπιστος","ἄπιστος","ἄπιστος"
43,20,27,"C",NULL,"ἀλλὰ","ἀλλὰ","ἀλλά","ἀλλά"
43,20,27,"A","NSM","πιστός.","πιστός","πιστός","πιστός"
43,20,28,"V","3API-S","⸀ἀπεκρίθη","ἀπεκρίθη","ἀπεκρίθη","ἀποκρίνομαι"
43,20,28,"N","NSM","Θωμᾶς","Θωμᾶς","Θωμᾶς","Θωμᾶς"
43,20,28,"C",NULL,"καὶ","καὶ","καί","καί"
43,20,28,"V","3AAI-S","εἶπεν","εἶπεν","εἶπε(ν)","λέγω"
43,20,28,"RP","DSM","αὐτῷ·","αὐτῷ","αὐτῷ","αὐτός"
43,20,28,"RA","NSM","Ὁ","Ὁ","ὁ","ὁ"
43,20,28,"N","NSM","κύριός","κύριός","κύριος","κύριος"
43,20,28,"RP","GS","μου","μου","μου","ἐγώ"
43,20,28,"C",NULL,"καὶ","καὶ","καί","καί"
43,20,28,"RA","NSM","ὁ","ὁ","ὁ","ὁ"
43,20,28,"N","NSM","θεός","θεός","θεός","θεός"
43,20,28,"RP","GS","μου.","μου","μου","ἐγώ"
43,20,29,"V","3PAI-S","λέγει","λέγει","λέγει","λέγω"
43,20,29,"RP","DSM","αὐτῷ","αὐτῷ","αὐτῷ","αὐτός"
43,20,29,"RA","NSM","ὁ","ὁ","ὁ","ὁ"
43,20,29,"N","NSM","Ἰησοῦς·","Ἰησοῦς","Ἰησοῦς","Ἰησοῦς"
43,20,29,"C",NULL,"Ὅτι","Ὅτι","ὅτι","ὅτι"
43,20,29,"V","2XAI-S","ἑώρακάς","ἑώρακάς","ἑώρακας","ὁράω"
43,20,29,"RP","AS","με","με","με","ἐγώ"
43,20,29,"V","2XAI-S","πεπίστευκας;","πεπίστευκας","πεπίστευκας","πιστεύω"
43,20,29,"A","NPM","μακάριοι","μακάριοι","μακάριοι","μακάριος"
43,20,29,"RA","NPM","οἱ","οἱ","οἱ","ὁ"
43,20,29,"D",NULL,"μὴ","μὴ","μή","μή"
43,20,29,"V","AAPNPM","ἰδόντες","ἰδόντες","ἰδόντες","ὁράω"
43,20,29,"C",NULL,"καὶ","καὶ","καί","καί"
43,20,29,"V","AAPNPM","πιστεύσαντες.","πιστεύσαντες","πιστεύσαντες","πιστεύω"
43,20,30,"A","APN","Πολλὰ","Πολλὰ","πολλά","πολύς"
43,20,30,"C",NULL,"μὲν","μὲν","μέν","μέν"
43,20,30,"C",NULL,"οὖν","οὖν","οὖν","οὖν"
43,20,30,"D",NULL,"καὶ","καὶ","καί","καί"
43,20,30,"A","APN","ἄλλα","ἄλλα","ἄλλα","ἄλλος"
43,20,30,"N","APN","σημεῖα","σημεῖα","σημεῖα","σημεῖον"
43,20,30,"V","3AAI-S","ἐποίησεν","ἐποίησεν","ἐποίησε(ν)","ποιέω"
43,20,30,"RA","NSM","ὁ","ὁ","ὁ","ὁ"
43,20,30,"N","NSM","Ἰησοῦς","Ἰησοῦς","Ἰησοῦς","Ἰησοῦς"
43,20,30,"P",NULL,"ἐνώπιον","ἐνώπιον","ἐνώπιον","ἐνώπιον"
43,20,30,"RA","GPM","τῶν","τῶν","τῶν","ὁ"
43,20,30,"N","GPM","⸀μαθητῶν,","μαθητῶν","μαθητῶν","μαθητής"
43,20,30,"RR","NPN","ἃ","ἃ","ἅ","ὅς"
43,20,30,"D",NULL,"οὐκ","οὐκ","οὐ","οὐ"
43,20,30,"V","3PAI-S","ἔστιν","ἔστιν","ἐστί(ν)","εἰμί"
43,20,30,"V","XPPNPN","γεγραμμένα","γεγραμμένα","γεγραμμένα","γράφω"
43,20,30,"P",NULL,"ἐν","ἐν","ἐν","ἐν"
43,20,30,"RA","DSN","τῷ","τῷ","τῷ","ὁ"
43,20,30,"N","DSN","βιβλίῳ","βιβλίῳ","βιβλίῳ","βιβλίον"
43,20,30,"RD","DSN","τούτῳ·","τούτῳ","τούτῳ","οὗτος"
43,20,31,"RD","NPN","ταῦτα","ταῦτα","ταῦτα","οὗτος"
43,20,31,"C",NULL,"δὲ","δὲ","δέ","δέ"
43,20,31,"V","3XPI-S","γέγραπται","γέγραπται","γέγραπται","γράφω"
43,20,31,"C",NULL,"ἵνα","ἵνα","ἵνα","ἵνα"
43,20,31,"V","2PAS-P","⸀πιστεύητε","πιστεύητε","πιστεύητε","πιστεύω"
43,20,31,"C",NULL,"ὅτι","ὅτι","ὅτι","ὅτι"
43,20,31,"N","NSM","Ἰησοῦς","Ἰησοῦς","Ἰησοῦς","Ἰησοῦς"
43,20,31,"V","3PAI-S","ἐστιν","ἐστιν","ἐστί(ν)","εἰμί"
43,20,31,"RA","NSM","ὁ","ὁ","ὁ","ὁ"
43,20,31,"N","NSM","χριστὸς","χριστὸς","Χριστός","Χριστός"
43,20,31,"RA","NSM","ὁ","ὁ","ὁ","ὁ"
43,20,31,"N","NSM","υἱὸς","υἱὸς","υἱός","υἱός"
43,20,31,"RA","GSM","τοῦ","τοῦ","τοῦ","ὁ"
43,20,31,"N","GSM","θεοῦ,","θεοῦ","θεοῦ","θεός"
43,20,31,"C",NULL,"καὶ","καὶ","καί","καί"
43,20,31,"C",NULL,"ἵνα","ἵνα","ἵνα","ἵνα"
43,20,31,"V","PAPNPM","πιστεύοντες","πιστεύοντες","πιστεύοντες","πιστεύω"
43,20,31,"N","ASF","ζωὴν","ζωὴν","ζωήν","ζωή"
43,20,31,"V","2PAS-P","ἔχητε","ἔχητε","ἔχητε","ἔχω"
43,20,31,"P",NULL,"ἐν","ἐν","ἐν","ἐν"
43,20,31,"RA","DSN","τῷ","τῷ","τῷ","ὁ"
43,20,31,"N","DSN","ὀνόματι","ὀνόματι","ὀνόματι","ὄνομα"
43,20,31,"RP","GSM","αὐτοῦ.","αὐτοῦ","αὐτοῦ","αὐτός"
43,21,01,"P",NULL,"Μετὰ","Μετὰ","μετά","μετά"
43,21,01,"RD","APN","ταῦτα","ταῦτα","ταῦτα","οὗτος"
43,21,01,"V","3AAI-S","ἐφανέρωσεν","ἐφανέρωσεν","ἐφανέρωσε(ν)","φανερόω"
43,21,01,"RP","ASM","ἑαυτὸν","ἑαυτὸν","ἑαυτόν","ἑαυτοῦ"
43,21,01,"D",NULL,"πάλιν","πάλιν","πάλιν","πάλιν"
43,21,01,"RA","NSM","⸀ὁ","ὁ","ὁ","ὁ"
43,21,01,"N","NSM","Ἰησοῦς","Ἰησοῦς","Ἰησοῦς","Ἰησοῦς"
43,21,01,"RA","DPM","τοῖς","τοῖς","τοῖς","ὁ"
43,21,01,"N","DPM","μαθηταῖς","μαθηταῖς","μαθηταῖς","μαθητής"
43,21,01,"P",NULL,"ἐπὶ","ἐπὶ","ἐπί","ἐπί"
43,21,01,"RA","GSF","τῆς","τῆς","τῆς","ὁ"
43,21,01,"N","GSF","θαλάσσης","θαλάσσης","θαλάσσης","θάλασσα"
43,21,01,"RA","GSF","τῆς","τῆς","τῆς","ὁ"
43,21,01,"N","GSF","Τιβεριάδος·","Τιβεριάδος","Τιβεριάδος","Τιβεριάς"
43,21,01,"V","3AAI-S","ἐφανέρωσεν","ἐφανέρωσεν","ἐφανέρωσε(ν)","φανερόω"
43,21,01,"C",NULL,"δὲ","δὲ","δέ","δέ"
43,21,01,"D",NULL,"οὕτως.","οὕτως","οὕτω(ς)","οὕτω(ς)"
43,21,02,"V","3IAI-P","ἦσαν","ἦσαν","ἦσαν","εἰμί"
43,21,02,"D",NULL,"ὁμοῦ","ὁμοῦ","ὁμοῦ","ὁμοῦ"
43,21,02,"N","NSM","Σίμων","Σίμων","Σίμων","Σίμων"
43,21,02,"N","NSM","Πέτρος","Πέτρος","Πέτρος","Πέτρος"
43,21,02,"C",NULL,"καὶ","καὶ","καί","καί"
43,21,02,"N","NSM","Θωμᾶς","Θωμᾶς","Θωμᾶς","Θωμᾶς"
43,21,02,"RA","NSM","ὁ","ὁ","ὁ","ὁ"
43,21,02,"V","PPPNSM","λεγόμενος","λεγόμενος","λεγόμενος","λέγω"
43,21,02,"N","NSM","Δίδυμος","Δίδυμος","Δίδυμος","Δίδυμος"
43,21,02,"C",NULL,"καὶ","καὶ","καί","καί"
43,21,02,"N","NSM","Ναθαναὴλ","Ναθαναὴλ","Ναθαναήλ","Ναθαναήλ"
43,21,02,"RA","NSM","ὁ","ὁ","ὁ","ὁ"
43,21,02,"P",NULL,"ἀπὸ","ἀπὸ","ἀπό","ἀπό"
43,21,02,"N","GSF","Κανὰ","Κανὰ","Κανά","Κανά"
43,21,02,"RA","GSF","τῆς","τῆς","τῆς","ὁ"
43,21,02,"N","GSF","Γαλιλαίας","Γαλιλαίας","Γαλιλαίας","Γαλιλαία"
43,21,02,"C",NULL,"καὶ","καὶ","καί","καί"
43,21,02,"RA","NPM","οἱ","οἱ","οἱ","ὁ"
43,21,02,"RA","GSM","τοῦ","τοῦ","τοῦ","ὁ"
43,21,02,"N","GSM","Ζεβεδαίου","Ζεβεδαίου","Ζεβεδαίου","Ζεβεδαῖος"
43,21,02,"C",NULL,"καὶ","καὶ","καί","καί"
43,21,02,"A","NPM","ἄλλοι","ἄλλοι","ἄλλοι","ἄλλος"
43,21,02,"P",NULL,"ἐκ","ἐκ","ἐκ","ἐκ"
43,21,02,"RA","GPM","τῶν","τῶν","τῶν","ὁ"
43,21,02,"N","GPM","μαθητῶν","μαθητῶν","μαθητῶν","μαθητής"
43,21,02,"RP","GSM","αὐτοῦ","αὐτοῦ","αὐτοῦ","αὐτός"
43,21,02,"A","NPM","δύο.","δύο","δύο","δύο"
43,21,03,"V","3PAI-S","λέγει","λέγει","λέγει","λέγω"
43,21,03,"RP","DPM","αὐτοῖς","αὐτοῖς","αὐτοῖς","αὐτός"
43,21,03,"N","NSM","Σίμων","Σίμων","Σίμων","Σίμων"
43,21,03,"N","NSM","Πέτρος·","Πέτρος","Πέτρος","Πέτρος"
43,21,03,"V","1PAI-S","Ὑπάγω","Ὑπάγω","ὑπάγω","ὑπάγω"
43,21,03,"V","PAN","ἁλιεύειν·","ἁλιεύειν","ἁλιεύειν","ἁλιεύω"
43,21,03,"V","3PAI-P","λέγουσιν","λέγουσιν","λέγουσι(ν)","λέγω"
43,21,03,"RP","DSM","αὐτῷ·","αὐτῷ","αὐτῷ","αὐτός"
43,21,03,"V","1PMI-P","Ἐρχόμεθα","Ἐρχόμεθα","ἐρχόμεθα","ἔρχομαι"
43,21,03,"D",NULL,"καὶ","καὶ","καί","καί"
43,21,03,"RP","NP","ἡμεῖς","ἡμεῖς","ἡμεῖς","ἐγώ"
43,21,03,"P",NULL,"σὺν","σὺν","σύν","σύν"
43,21,03,"RP","DS","σοί.","σοί","σοί","σύ"
43,21,03,"V","3AAI-P","ἐξῆλθον","ἐξῆλθον","ἐξῆλθον","ἐξέρχομαι"
43,21,03,"C",NULL,"καὶ","καὶ","καί","καί"
43,21,03,"V","3AAI-P","ἐνέβησαν","ἐνέβησαν","ἐνέβησαν","ἐμβαίνω"
43,21,03,"P",NULL,"εἰς","εἰς","εἰς","εἰς"
43,21,03,"RA","ASN","τὸ","τὸ","τό","ὁ"
43,21,03,"N","ASN","⸀πλοῖον,","πλοῖον","πλοῖον","πλοῖον"
43,21,03,"C",NULL,"καὶ","καὶ","καί","καί"
43,21,03,"P",NULL,"ἐν","ἐν","ἐν","ἐν"
43,21,03,"RD","DSF","ἐκείνῃ","ἐκείνῃ","ἐκείνῃ","ἐκεῖνος"
43,21,03,"RA","DSF","τῇ","τῇ","τῇ","ὁ"
43,21,03,"N","DSF","νυκτὶ","νυκτὶ","νυκτί","νύξ"
43,21,03,"V","3AAI-P","ἐπίασαν","ἐπίασαν","ἐπίασαν","πιάζω"
43,21,03,"A","ASN","οὐδέν.","οὐδέν","οὐδέν","οὐδείς"
43,21,04,"N","GSF","Πρωΐας","Πρωΐας","πρωΐας","πρωΐα"
43,21,04,"C",NULL,"δὲ","δὲ","δέ","δέ"
43,21,04,"D",NULL,"ἤδη","ἤδη","ἤδη","ἤδη"
43,21,04,"V","AMPGSF","⸀γενομένης","γενομένης","γενομένης","γίνομαι"
43,21,04,"V","3AAI-S","⸀ἔστη","ἔστη","ἔστη","ἵστημι"
43,21,04,"N","NSM","Ἰησοῦς","Ἰησοῦς","Ἰησοῦς","Ἰησοῦς"
43,21,04,"P",NULL,"εἰς","εἰς","εἰς","εἰς"
43,21,04,"RA","ASM","τὸν","τὸν","τόν","ὁ"
43,21,04,"N","ASM","αἰγιαλόν·","αἰγιαλόν","αἰγιαλόν","αἰγιαλός"
43,21,04,"D",NULL,"οὐ","οὐ","οὐ","οὐ"
43,21,04,"C",NULL,"μέντοι","μέντοι","μέντοι","μέντοι"
43,21,04,"V","3YAI-P","ᾔδεισαν","ᾔδεισαν","ᾔδεισαν","οἶδα"
43,21,04,"RA","NPM","οἱ","οἱ","οἱ","ὁ"
43,21,04,"N","NPM","μαθηταὶ","μαθηταὶ","μαθηταί","μαθητής"
43,21,04,"C",NULL,"ὅτι","ὅτι","ὅτι","ὅτι"
43,21,04,"N","NSM","Ἰησοῦς","Ἰησοῦς","Ἰησοῦς","Ἰησοῦς"
43,21,04,"V","3PAI-S","ἐστιν.","ἐστιν","ἐστί(ν)","εἰμί"
43,21,05,"V","3PAI-S","λέγει","λέγει","λέγει","λέγω"
43,21,05,"C",NULL,"οὖν","οὖν","οὖν","οὖν"
43,21,05,"RP","DPM","αὐτοῖς","αὐτοῖς","αὐτοῖς","αὐτός"
43,21,05,"RA","NSM","⸀ὁ","ὁ","ὁ","ὁ"
43,21,05,"N","NSM","Ἰησοῦς·","Ἰησοῦς","Ἰησοῦς","Ἰησοῦς"
43,21,05,"N","VPN","Παιδία,","Παιδία","παιδία","παιδίον"
43,21,05,"X",NULL,"μή","μή","μή","μή"
43,21,05,"RI","ASN","τι","τι","τὶ","τις"
43,21,05,"N","ASN","προσφάγιον","προσφάγιον","προσφάγιον","προσφάγιον"
43,21,05,"V","2PAI-P","ἔχετε;","ἔχετε","ἔχετε","ἔχω"
43,21,05,"V","3API-P","ἀπεκρίθησαν","ἀπεκρίθησαν","ἀπεκρίθησαν","ἀποκρίνομαι"
43,21,05,"RP","DSM","αὐτῷ·","αὐτῷ","αὐτῷ","αὐτός"
43,21,05,"X",NULL,"Οὔ.","Οὔ","οὔ","οὔ"
43,21,06,"RA","NSM","ὁ","ὁ","ὁ","ὁ"
43,21,06,"C",NULL,"δὲ","δὲ","δέ","δέ"
43,21,06,"V","3AAI-S","εἶπεν","εἶπεν","εἶπε(ν)","λέγω"
43,21,06,"RP","DPM","αὐτοῖς·","αὐτοῖς","αὐτοῖς","αὐτός"
43,21,06,"V","2AAD-P","Βάλετε","Βάλετε","βάλετε","βάλλω"
43,21,06,"P",NULL,"εἰς","εἰς","εἰς","εἰς"
43,21,06,"RA","APN","τὰ","τὰ","τά","ὁ"
43,21,06,"A","APN","δεξιὰ","δεξιὰ","δεξιά","δεξιός"
43,21,06,"N","APN","μέρη","μέρη","μέρη","μέρος"
43,21,06,"RA","GSN","τοῦ","τοῦ","τοῦ","ὁ"
43,21,06,"N","GSN","πλοίου","πλοίου","πλοίου","πλοῖον"
43,21,06,"RA","ASN","τὸ","τὸ","τό","ὁ"
43,21,06,"N","ASN","δίκτυον,","δίκτυον","δίκτυον","δίκτυον"
43,21,06,"C",NULL,"καὶ","καὶ","καί","καί"
43,21,06,"V","2FAI-P","εὑρήσετε.","εὑρήσετε","εὑρήσετε","εὑρίσκω"
43,21,06,"V","3AAI-P","ἔβαλον","ἔβαλον","ἔβαλον","βάλλω"
43,21,06,"C",NULL,"οὖν,","οὖν","οὖν","οὖν"
43,21,06,"C",NULL,"καὶ","καὶ","καί","καί"
43,21,06,"D",NULL,"οὐκέτι","οὐκέτι","οὐκέτι","οὐκέτι"
43,21,06,"RP","ASN","αὐτὸ","αὐτὸ","αὐτό","αὐτός"
43,21,06,"V","AAN","ἑλκύσαι","ἑλκύσαι","ἑλκύσαι","ἕλκω"
43,21,06,"V","3IAI-P","⸀ἴσχυον","ἴσχυον","ἴσχυον","ἰσχύω"
43,21,06,"P",NULL,"ἀπὸ","ἀπὸ","ἀπό","ἀπό"
43,21,06,"RA","GSN","τοῦ","τοῦ","τοῦ","ὁ"
43,21,06,"N","GSN","πλήθους","πλήθους","πλήθους","πλῆθος"
43,21,06,"RA","GPM","τῶν","τῶν","τῶν","ὁ"
43,21,06,"N","GPM","ἰχθύων.","ἰχθύων","ἰχθύων","ἰχθύς"
43,21,07,"V","3PAI-S","λέγει","λέγει","λέγει","λέγω"
43,21,07,"C",NULL,"οὖν","οὖν","οὖν","οὖν"
43,21,07,"RA","NSM","ὁ","ὁ","ὁ","ὁ"
43,21,07,"N","NSM","μαθητὴς","μαθητὴς","μαθητής","μαθητής"
43,21,07,"RD","NSM","ἐκεῖνος","ἐκεῖνος","ἐκεῖνος","ἐκεῖνος"
43,21,07,"RR","ASM","ὃν","ὃν","ὅν","ὅς"
43,21,07,"V","3IAI-S","ἠγάπα","ἠγάπα","ἠγάπα","ἀγαπάω"
43,21,07,"RA","NSM","ὁ","ὁ","ὁ","ὁ"
43,21,07,"N","NSM","Ἰησοῦς","Ἰησοῦς","Ἰησοῦς","Ἰησοῦς"
43,21,07,"RA","DSM","τῷ","τῷ","τῷ","ὁ"
43,21,07,"N","DSM","Πέτρῳ·","Πέτρῳ","Πέτρῳ","Πέτρος"
43,21,07,"RA","NSM","Ὁ","Ὁ","ὁ","ὁ"
43,21,07,"N","NSM","κύριός","κύριός","κύριος","κύριος"
43,21,07,"V","3PAI-S","ἐστιν.","ἐστιν","ἐστί(ν)","εἰμί"
43,21,07,"N","NSM","Σίμων","Σίμων","Σίμων","Σίμων"
43,21,07,"C",NULL,"οὖν","οὖν","οὖν","οὖν"
43,21,07,"N","NSM","Πέτρος,","Πέτρος","Πέτρος","Πέτρος"
43,21,07,"V","AAPNSM","ἀκούσας","ἀκούσας","ἀκούσας","ἀκούω"
43,21,07,"C",NULL,"ὅτι","ὅτι","ὅτι","ὅτι"
43,21,07,"RA","NSM","ὁ","ὁ","ὁ","ὁ"
43,21,07,"N","NSM","κύριός","κύριός","κύριος","κύριος"
43,21,07,"V","3PAI-S","ἐστιν,","ἐστιν","ἐστί(ν)","εἰμί"
43,21,07,"RA","ASM","τὸν","τὸν","τόν","ὁ"
43,21,07,"N","ASM","ἐπενδύτην","ἐπενδύτην","ἐπενδύτην","ἐπενδύτης"
43,21,07,"V","3AMI-S","διεζώσατο,","διεζώσατο","διεζώσατο","διαζώννυμι"
43,21,07,"V","3IAI-S","ἦν","ἦν","ἦν","εἰμί"
43,21,07,"C",NULL,"γὰρ","γὰρ","γάρ","γάρ"
43,21,07,"A","NSM","γυμνός,","γυμνός","γυμνός","γυμνός"
43,21,07,"C",NULL,"καὶ","καὶ","καί","καί"
43,21,07,"V","3AAI-S","ἔβαλεν","ἔβαλεν","ἔβαλε(ν)","βάλλω"
43,21,07,"RP","ASM","ἑαυτὸν","ἑαυτὸν","ἑαυτόν","ἑαυτοῦ"
43,21,07,"P",NULL,"εἰς","εἰς","εἰς","εἰς"
43,21,07,"RA","ASF","τὴν","τὴν","τήν","ὁ"
43,21,07,"N","ASF","θάλασσαν·","θάλασσαν","θάλασσαν","θάλασσα"
43,21,08,"RA","NPM","οἱ","οἱ","οἱ","ὁ"
43,21,08,"C",NULL,"δὲ","δὲ","δέ","δέ"
43,21,08,"A","NPM","ἄλλοι","ἄλλοι","ἄλλοι","ἄλλος"
43,21,08,"N","NPM","μαθηταὶ","μαθηταὶ","μαθηταί","μαθητής"
43,21,08,"RA","DSN","τῷ","τῷ","τῷ","ὁ"
43,21,08,"N","DSN","πλοιαρίῳ","πλοιαρίῳ","πλοιαρίῳ","πλοιάριον"
43,21,08,"V","3AAI-P","ἦλθον,","ἦλθον","ἦλθον","ἔρχομαι"
43,21,08,"D",NULL,"οὐ","οὐ","οὐ","οὐ"
43,21,08,"C",NULL,"γὰρ","γὰρ","γάρ","γάρ"
43,21,08,"V","3IAI-P","ἦσαν","ἦσαν","ἦσαν","εἰμί"
43,21,08,"A","ASF","μακρὰν","μακρὰν","μακράν","μακρός"
43,21,08,"P",NULL,"ἀπὸ","ἀπὸ","ἀπό","ἀπό"
43,21,08,"RA","GSF","τῆς","τῆς","τῆς","ὁ"
43,21,08,"N","GSF","γῆς","γῆς","γῆς","γῆ"
43,21,08,"C",NULL,"ἀλλὰ","ἀλλὰ","ἀλλά","ἀλλά"
43,21,08,"D",NULL,"ὡς","ὡς","ὡς","ὡς"
43,21,08,"P",NULL,"ἀπὸ","ἀπὸ","ἀπό","ἀπό"
43,21,08,"N","GPM","πηχῶν","πηχῶν","πηχῶν","πῆχυς"
43,21,08,"A","GPM","διακοσίων,","διακοσίων","διακοσίων","διακόσιοι"
43,21,08,"V","PAPNPM","σύροντες","σύροντες","σύροντες","σύρω"
43,21,08,"RA","ASN","τὸ","τὸ","τό","ὁ"
43,21,08,"N","ASN","δίκτυον","δίκτυον","δίκτυον","δίκτυον"
43,21,08,"RA","GPM","τῶν","τῶν","τῶν","ὁ"
43,21,08,"N","GPM","ἰχθύων.","ἰχθύων","ἰχθύων","ἰχθύς"
43,21,09,"C",NULL,"Ὡς","Ὡς","ὡς","ὡς"
43,21,09,"C",NULL,"οὖν","οὖν","οὖν","οὖν"
43,21,09,"V","3AAI-P","ἀπέβησαν","ἀπέβησαν","ἀπέβησαν","ἀποβαίνω"
43,21,09,"P",NULL,"εἰς","εἰς","εἰς","εἰς"
43,21,09,"RA","ASF","τὴν","τὴν","τήν","ὁ"
43,21,09,"N","ASF","γῆν","γῆν","γῆν","γῆ"
43,21,09,"V","3PAI-P","βλέπουσιν","βλέπουσιν","βλέπουσι(ν)","βλέπω"
43,21,09,"N","ASF","ἀνθρακιὰν","ἀνθρακιὰν","ἀνθρακιάν","ἀνθρακιά"
43,21,09,"V","PMPASF","κειμένην","κειμένην","κειμένην","κεῖμαι"
43,21,09,"C",NULL,"καὶ","καὶ","καί","καί"
43,21,09,"N","ASN","ὀψάριον","ὀψάριον","ὀψάριον","ὀψάριον"
43,21,09,"V","PMPASN","ἐπικείμενον","ἐπικείμενον","ἐπικείμενον","ἐπίκειμαι"
43,21,09,"C",NULL,"καὶ","καὶ","καί","καί"
43,21,09,"N","ASM","ἄρτον.","ἄρτον","ἄρτον","ἄρτος"
43,21,10,"V","3PAI-S","λέγει","λέγει","λέγει","λέγω"
43,21,10,"RP","DPM","αὐτοῖς","αὐτοῖς","αὐτοῖς","αὐτός"
43,21,10,"RA","NSM","ὁ","ὁ","ὁ","ὁ"
43,21,10,"N","NSM","Ἰησοῦς·","Ἰησοῦς","Ἰησοῦς","Ἰησοῦς"
43,21,10,"V","2AAD-P","Ἐνέγκατε","Ἐνέγκατε","ἐνέγκατε","φέρω"
43,21,10,"P",NULL,"ἀπὸ","ἀπὸ","ἀπό","ἀπό"
43,21,10,"RA","GPN","τῶν","τῶν","τῶν","ὁ"
43,21,10,"N","GPN","ὀψαρίων","ὀψαρίων","ὀψαρίων","ὀψάριον"
43,21,10,"RR","GPN","ὧν","ὧν","ὧν","ὅς"
43,21,10,"V","2AAI-P","ἐπιάσατε","ἐπιάσατε","ἐπιάσατε","πιάζω"
43,21,10,"D",NULL,"νῦν.","νῦν","νῦν","νῦν"
43,21,11,"V","3AAI-S","ἀνέβη","ἀνέβη","ἀνέβη","ἀναβαίνω"
43,21,11,"C",NULL,"⸀οὖν","οὖν","οὖν","οὖν"
43,21,11,"N","NSM","Σίμων","Σίμων","Σίμων","Σίμων"
43,21,11,"N","NSM","Πέτρος","Πέτρος","Πέτρος","Πέτρος"
43,21,11,"C",NULL,"καὶ","καὶ","καί","καί"
43,21,11,"V","3AAI-S","εἵλκυσεν","εἵλκυσεν","εἵλκυσε(ν)","ἕλκω"
43,21,11,"RA","ASN","τὸ","τὸ","τό","ὁ"
43,21,11,"N","ASN","δίκτυον","δίκτυον","δίκτυον","δίκτυον"
43,21,11,"P",NULL,"⸂εἰς","εἰς","εἰς","εἰς"
43,21,11,"RA","ASF","τὴν","τὴν","τήν","ὁ"
43,21,11,"N","ASF","γῆν⸃","γῆν","γῆν","γῆ"
43,21,11,"A","ASN","μεστὸν","μεστὸν","μεστόν","μεστός"
43,21,11,"N","GPM","ἰχθύων","ἰχθύων","ἰχθύων","ἰχθύς"
43,21,11,"A","GPM","μεγάλων","μεγάλων","μεγάλων","μέγας"
43,21,11,"A","GPM","ἑκατὸν","ἑκατὸν","ἑκατόν","ἑκατόν"
43,21,11,"A","GPM","πεντήκοντα","πεντήκοντα","πεντήκοντα","πεντήκοντα"
43,21,11,"A","GPM","τριῶν·","τριῶν","τριῶν","τρεῖς"
43,21,11,"C",NULL,"καὶ","καὶ","καί","καί"
43,21,11,"RD","GPM","τοσούτων","τοσούτων","τοσούτων","τοσοῦτος"
43,21,11,"V","PAPGPM","ὄντων","ὄντων","ὄντων","εἰμί"
43,21,11,"D",NULL,"οὐκ","οὐκ","οὐ","οὐ"
43,21,11,"V","3API-S","ἐσχίσθη","ἐσχίσθη","ἐσχίσθη","σχίζω"
43,21,11,"RA","NSN","τὸ","τὸ","τό","ὁ"
43,21,11,"N","NSN","δίκτυον.","δίκτυον","δίκτυον","δίκτυον"
43,21,12,"V","3PAI-S","λέγει","λέγει","λέγει","λέγω"
43,21,12,"RP","DPM","αὐτοῖς","αὐτοῖς","αὐτοῖς","αὐτός"
43,21,12,"RA","NSM","ὁ","ὁ","ὁ","ὁ"
43,21,12,"N","NSM","Ἰησοῦς·","Ἰησοῦς","Ἰησοῦς","Ἰησοῦς"
43,21,12,"D",NULL,"Δεῦτε","Δεῦτε","δεῦτε","δεῦτε"
43,21,12,"V","2AAD-P","ἀριστήσατε.","ἀριστήσατε","ἀριστήσατε","ἀριστάω"
43,21,12,"A","NSM","οὐδεὶς","οὐδεὶς","οὐδείς","οὐδείς"
43,21,12,"C",NULL,"⸀δὲ","δὲ","δέ","δέ"
43,21,12,"V","3IAI-S","ἐτόλμα","ἐτόλμα","ἐτόλμα","τολμάω"
43,21,12,"RA","GPM","τῶν","τῶν","τῶν","ὁ"
43,21,12,"N","GPM","μαθητῶν","μαθητῶν","μαθητῶν","μαθητής"
43,21,12,"V","AAN","ἐξετάσαι","ἐξετάσαι","ἐξετάσαι","ἐξετάζω"
43,21,12,"RP","ASM","αὐτόν·","αὐτόν","αὐτόν","αὐτός"
43,21,12,"RP","NS","Σὺ","Σὺ","σύ","σύ"
43,21,12,"RI","NSM","τίς","τίς","τίς","τίς"
43,21,12,"V","2PAI-S","εἶ;","εἶ","εἶ","εἰμί"
43,21,12,"V","XAPNPM","εἰδότες","εἰδότες","εἰδότες","οἶδα"
43,21,12,"C",NULL,"ὅτι","ὅτι","ὅτι","ὅτι"
43,21,12,"RA","NSM","ὁ","ὁ","ὁ","ὁ"
43,21,12,"N","NSM","κύριός","κύριός","κύριος","κύριος"
43,21,12,"V","3PAI-S","ἐστιν.","ἐστιν","ἐστί(ν)","εἰμί"
43,21,13,"V","3PMI-S","⸀ἔρχεται","ἔρχεται","ἔρχεται","ἔρχομαι"
43,21,13,"RA","NSM","⸀ὁ","ὁ","ὁ","ὁ"
43,21,13,"N","NSM","Ἰησοῦς","Ἰησοῦς","Ἰησοῦς","Ἰησοῦς"
43,21,13,"C",NULL,"καὶ","καὶ","καί","καί"
43,21,13,"V","3PAI-S","λαμβάνει","λαμβάνει","λαμβάνει","λαμβάνω"
43,21,13,"RA","ASM","τὸν","τὸν","τόν","ὁ"
43,21,13,"N","ASM","ἄρτον","ἄρτον","ἄρτον","ἄρτος"
43,21,13,"C",NULL,"καὶ","καὶ","καί","καί"
43,21,13,"V","3PAI-S","δίδωσιν","δίδωσιν","δίδωσι(ν)","δίδωμι"
43,21,13,"RP","DPM","αὐτοῖς,","αὐτοῖς","αὐτοῖς","αὐτός"
43,21,13,"C",NULL,"καὶ","καὶ","καί","καί"
43,21,13,"RA","ASN","τὸ","τὸ","τό","ὁ"
43,21,13,"N","ASN","ὀψάριον","ὀψάριον","ὀψάριον","ὀψάριον"
43,21,13,"D",NULL,"ὁμοίως.","ὁμοίως","ὁμοίως","ὁμοίως"
43,21,14,"RD","ASN","τοῦτο","τοῦτο","τοῦτο","οὗτος"
43,21,14,"D",NULL,"ἤδη","ἤδη","ἤδη","ἤδη"
43,21,14,"A","ASN","τρίτον","τρίτον","τρίτον","τρίτος"
43,21,14,"V","3API-S","ἐφανερώθη","ἐφανερώθη","ἐφανερώθη","φανερόω"
43,21,14,"RA","NSM","⸀ὁ","ὁ","ὁ","ὁ"
43,21,14,"N","NSM","Ἰησοῦς","Ἰησοῦς","Ἰησοῦς","Ἰησοῦς"
43,21,14,"RA","DPM","τοῖς","τοῖς","τοῖς","ὁ"
43,21,14,"N","DPM","⸀μαθηταῖς","μαθηταῖς","μαθηταῖς","μαθητής"
43,21,14,"V","APPNSM","ἐγερθεὶς","ἐγερθεὶς","ἐγερθείς","ἐγείρω"
43,21,14,"P",NULL,"ἐκ","ἐκ","ἐκ","ἐκ"
43,21,14,"A","GPM","νεκρῶν.","νεκρῶν","νεκρῶν","νεκρός"
43,21,15,"C",NULL,"Ὅτε","Ὅτε","ὅτε","ὅτε"
43,21,15,"C",NULL,"οὖν","οὖν","οὖν","οὖν"
43,21,15,"V","3AAI-P","ἠρίστησαν","ἠρίστησαν","ἠρίστησαν","ἀριστάω"
43,21,15,"V","3PAI-S","λέγει","λέγει","λέγει","λέγω"
43,21,15,"RA","DSM","τῷ","τῷ","τῷ","ὁ"
43,21,15,"N","DSM","Σίμωνι","Σίμωνι","Σίμωνι","Σίμων"
43,21,15,"N","DSM","Πέτρῳ","Πέτρῳ","Πέτρῳ","Πέτρος"
43,21,15,"RA","NSM","ὁ","ὁ","ὁ","ὁ"
43,21,15,"N","NSM","Ἰησοῦς·","Ἰησοῦς","Ἰησοῦς","Ἰησοῦς"
43,21,15,"N","VSM","Σίμων","Σίμων","Σίμων","Σίμων"
43,21,15,"N","GSM","⸀Ἰωάννου,","Ἰωάννου","Ἰωάννου","Ἰωάννης"
43,21,15,"V","2PAI-S","ἀγαπᾷς","ἀγαπᾷς","ἀγαπᾷς","ἀγαπάω"
43,21,15,"RP","AS","με","με","με","ἐγώ"
43,21,15,"A","ASNC","πλέον","πλέον","πλέον","πολύς"
43,21,15,"RD","GPM","τούτων;","τούτων","τούτων","οὗτος"
43,21,15,"V","3PAI-S","λέγει","λέγει","λέγει","λέγω"
43,21,15,"RP","DSM","αὐτῷ·","αὐτῷ","αὐτῷ","αὐτός"
43,21,15,"X",NULL,"Ναί,","Ναί","ναί","ναί"
43,21,15,"N","VSM","κύριε,","κύριε","κύριε","κύριος"
43,21,15,"RP","NS","σὺ","σὺ","σύ","σύ"
43,21,15,"V","2XAI-S","οἶδας","οἶδας","οἶδας","οἶδα"
43,21,15,"C",NULL,"ὅτι","ὅτι","ὅτι","ὅτι"
43,21,15,"V","1PAI-S","φιλῶ","φιλῶ","φιλῶ","φιλέω"
43,21,15,"RP","AS","σε.","σε","σε","σύ"
43,21,15,"V","3PAI-S","λέγει","λέγει","λέγει","λέγω"
43,21,15,"RP","DSM","αὐτῷ·","αὐτῷ","αὐτῷ","αὐτός"
43,21,15,"V","2PAD-S","Βόσκε","Βόσκε","βόσκε","βόσκω"
43,21,15,"RA","APN","τὰ","τὰ","τά","ὁ"
43,21,15,"N","APN","ἀρνία","ἀρνία","ἀρνία","ἀρνίον"
43,21,15,"RP","GS","μου.","μου","μου","ἐγώ"
43,21,16,"V","3PAI-S","λέγει","λέγει","λέγει","λέγω"
43,21,16,"RP","DSM","αὐτῷ","αὐτῷ","αὐτῷ","αὐτός"
43,21,16,"D",NULL,"πάλιν","πάλιν","πάλιν","πάλιν"
43,21,16,"A","ASN","δεύτερον·","δεύτερον","δεύτερον","δεύτερος"
43,21,16,"N","VSM","Σίμων","Σίμων","Σίμων","Σίμων"
43,21,16,"N","GSM","⸀Ἰωάννου,","Ἰωάννου","Ἰωάννου","Ἰωάννης"
43,21,16,"V","2PAI-S","ἀγαπᾷς","ἀγαπᾷς","ἀγαπᾷς","ἀγαπάω"
43,21,16,"RP","AS","με;","με","με","ἐγώ"
43,21,16,"V","3PAI-S","λέγει","λέγει","λέγει","λέγω"
43,21,16,"RP","DSM","αὐτῷ·","αὐτῷ","αὐτῷ","αὐτός"
43,21,16,"X",NULL,"Ναί,","Ναί","ναί","ναί"
43,21,16,"N","VSM","κύριε,","κύριε","κύριε","κύριος"
43,21,16,"RP","NS","σὺ","σὺ","σύ","σύ"
43,21,16,"V","2XAI-S","οἶδας","οἶδας","οἶδας","οἶδα"
43,21,16,"C",NULL,"ὅτι","ὅτι","ὅτι","ὅτι"
43,21,16,"V","1PAI-S","φιλῶ","φιλῶ","φιλῶ","φιλέω"
43,21,16,"RP","AS","σε.","σε","σε","σύ"
43,21,16,"V","3PAI-S","λέγει","λέγει","λέγει","λέγω"
43,21,16,"RP","DSM","αὐτῷ·","αὐτῷ","αὐτῷ","αὐτός"
43,21,16,"V","2PAD-S","Ποίμαινε","Ποίμαινε","ποίμαινε","ποιμαίνω"
43,21,16,"RA","APN","τὰ","τὰ","τά","ὁ"
43,21,16,"N","APN","πρόβατά","πρόβατά","πρόβατα","πρόβατον"
43,21,16,"RP","GS","μου.","μου","μου","ἐγώ"
43,21,17,"V","3PAI-S","λέγει","λέγει","λέγει","λέγω"
43,21,17,"RP","DSM","αὐτῷ","αὐτῷ","αὐτῷ","αὐτός"
43,21,17,"RA","ASN","τὸ","τὸ","τό","ὁ"
43,21,17,"A","ASN","τρίτον·","τρίτον","τρίτον","τρίτος"
43,21,17,"N","VSM","Σίμων","Σίμων","Σίμων","Σίμων"
43,21,17,"N","GSM","⸀Ἰωάννου,","Ἰωάννου","Ἰωάννου","Ἰωάννης"
43,21,17,"V","2PAI-S","φιλεῖς","φιλεῖς","φιλεῖς","φιλέω"
43,21,17,"RP","AS","με;","με","με","ἐγώ"
43,21,17,"V","3API-S","ἐλυπήθη","ἐλυπήθη","ἐλυπήθη","λυπέω"
43,21,17,"RA","NSM","ὁ","ὁ","ὁ","ὁ"
43,21,17,"N","NSM","Πέτρος","Πέτρος","Πέτρος","Πέτρος"
43,21,17,"C",NULL,"ὅτι","ὅτι","ὅτι","ὅτι"
43,21,17,"V","3AAI-S","εἶπεν","εἶπεν","εἶπε(ν)","λέγω"
43,21,17,"RP","DSM","αὐτῷ","αὐτῷ","αὐτῷ","αὐτός"
43,21,17,"RA","ASN","τὸ","τὸ","τό","ὁ"
43,21,17,"A","ASN","τρίτον·","τρίτον","τρίτον","τρίτος"
43,21,17,"V","2PAI-S","Φιλεῖς","Φιλεῖς","φιλεῖς","φιλέω"
43,21,17,"RP","AS","με;","με","με","ἐγώ"
43,21,17,"C",NULL,"καὶ","καὶ","καί","καί"
43,21,17,"V","3AAI-S","⸀εἶπεν","εἶπεν","εἶπε(ν)","λέγω"
43,21,17,"RP","DSM","αὐτῷ·","αὐτῷ","αὐτῷ","αὐτός"
43,21,17,"N","VSM","Κύριε,","Κύριε","κύριε","κύριος"
43,21,17,"A","APN","⸂πάντα","πάντα","πάντα","πᾶς"
43,21,17,"RP","NS","σὺ⸃","σὺ","σύ","σύ"
43,21,17,"V","2XAI-S","οἶδας,","οἶδας","οἶδας","οἶδα"
43,21,17,"RP","NS","σὺ","σὺ","σύ","σύ"
43,21,17,"V","2PAI-S","γινώσκεις","γινώσκεις","γινώσκεις","γινώσκω"
43,21,17,"C",NULL,"ὅτι","ὅτι","ὅτι","ὅτι"
43,21,17,"V","1PAI-S","φιλῶ","φιλῶ","φιλῶ","φιλέω"
43,21,17,"RP","AS","σε.","σε","σε","σύ"
43,21,17,"V","3PAI-S","λέγει","λέγει","λέγει","λέγω"
43,21,17,"RP","DSM","αὐτῷ","αὐτῷ","αὐτῷ","αὐτός"
43,21,17,"RA","NSM","⸀ὁ","ὁ","ὁ","ὁ"
43,21,17,"N","NSM","Ἰησοῦς·","Ἰησοῦς","Ἰησοῦς","Ἰησοῦς"
43,21,17,"V","2PAD-S","Βόσκε","Βόσκε","βόσκε","βόσκω"
43,21,17,"RA","APN","τὰ","τὰ","τά","ὁ"
43,21,17,"N","APN","⸀πρόβατά","πρόβατά","πρόβατα","πρόβατον"
43,21,17,"RP","GS","μου.","μου","μου","ἐγώ"
43,21,18,"X",NULL,"ἀμὴν","ἀμὴν","ἀμήν","ἀμήν"
43,21,18,"X",NULL,"ἀμὴν","ἀμὴν","ἀμήν","ἀμήν"
43,21,18,"V","1PAI-S","λέγω","λέγω","λέγω","λέγω"
43,21,18,"RP","DS","σοι,","σοι","σοι","σύ"
43,21,18,"C",NULL,"ὅτε","ὅτε","ὅτε","ὅτε"
43,21,18,"V","2IAI-S","ἦς","ἦς","ἦς","εἰμί"
43,21,18,"A","NSMC","νεώτερος,","νεώτερος","νεώτερος","νέος"
43,21,18,"V","2IAI-S","ἐζώννυες","ἐζώννυες","ἐζώννυες","ζώννυμι"
43,21,18,"RP","ASM","σεαυτὸν","σεαυτὸν","σεαυτόν","σεαυτοῦ"
43,21,18,"C",NULL,"καὶ","καὶ","καί","καί"
43,21,18,"V","2IAI-S","περιεπάτεις","περιεπάτεις","περιεπάτεις","περιπατέω"
43,21,18,"C",NULL,"ὅπου","ὅπου","ὅπου","ὅπου"
43,21,18,"V","2IAI-S","ἤθελες·","ἤθελες","ἤθελες","θέλω"
43,21,18,"C",NULL,"ὅταν","ὅταν","ὅταν","ὅταν"
43,21,18,"C",NULL,"δὲ","δὲ","δέ","δέ"
43,21,18,"V","2AAS-S","γηράσῃς,","γηράσῃς","γηράσῃς","γηράσκω"
43,21,18,"V","2FAI-S","ἐκτενεῖς","ἐκτενεῖς","ἐκτενεῖς","ἐκτείνω"
43,21,18,"RA","APF","τὰς","τὰς","τάς","ὁ"
43,21,18,"N","APF","χεῖράς","χεῖράς","χεῖρας","χείρ"
43,21,18,"RP","GS","σου,","σου","σου","σύ"
43,21,18,"C",NULL,"καὶ","καὶ","καί","καί"
43,21,18,"A","NSM","ἄλλος","ἄλλος","ἄλλος","ἄλλος"
43,21,18,"RP","AS","⸂σε","σε","σε","σύ"
43,21,18,"V","3FAI-S","ζώσει⸃","ζώσει","ζώσει","ζώννυμι"
43,21,18,"C",NULL,"καὶ","καὶ","καί","καί"
43,21,18,"V","3FAI-S","οἴσει","οἴσει","οἴσει","φέρω"
43,21,18,"C",NULL,"ὅπου","ὅπου","ὅπου","ὅπου"
43,21,18,"D",NULL,"οὐ","οὐ","οὐ","οὐ"
43,21,18,"V","2PAI-S","θέλεις.","θέλεις","θέλεις","θέλω"
43,21,19,"RD","ASN","τοῦτο","τοῦτο","τοῦτο","οὗτος"
43,21,19,"C",NULL,"δὲ","δὲ","δέ","δέ"
43,21,19,"V","3AAI-S","εἶπεν","εἶπεν","εἶπε(ν)","λέγω"
43,21,19,"V","PAPNSM","σημαίνων","σημαίνων","σημαίνων","σημαίνω"
43,21,19,"RI","DSM","ποίῳ","ποίῳ","ποίῳ","ποῖος"
43,21,19,"N","DSM","θανάτῳ","θανάτῳ","θανάτῳ","θάνατος"
43,21,19,"V","3FAI-S","δοξάσει","δοξάσει","δοξάσει","δοξάζω"
43,21,19,"RA","ASM","τὸν","τὸν","τόν","ὁ"
43,21,19,"N","ASM","θεόν.","θεόν","θεόν","θεός"
43,21,19,"C",NULL,"καὶ","καὶ","καί","καί"
43,21,19,"RD","ASN","τοῦτο","τοῦτο","τοῦτο","οὗτος"
43,21,19,"V","AAPNSM","εἰπὼν","εἰπὼν","εἰπών","λέγω"
43,21,19,"V","3PAI-S","λέγει","λέγει","λέγει","λέγω"
43,21,19,"RP","DSM","αὐτῷ·","αὐτῷ","αὐτῷ","αὐτός"
43,21,19,"V","2PAD-S","Ἀκολούθει","Ἀκολούθει","ἀκολούθει","ἀκολουθέω"
43,21,19,"RP","DS","μοι.","μοι","μοι","ἐγώ"
43,21,20,"V","APPNSM","⸀Ἐπιστραφεὶς","Ἐπιστραφεὶς","ἐπιστραφείς","ἐπιστρέφω"
43,21,20,"RA","NSM","ὁ","ὁ","ὁ","ὁ"
43,21,20,"N","NSM","Πέτρος","Πέτρος","Πέτρος","Πέτρος"
43,21,20,"V","3PAI-S","βλέπει","βλέπει","βλέπει","βλέπω"
43,21,20,"RA","ASM","τὸν","τὸν","τόν","ὁ"
43,21,20,"N","ASM","μαθητὴν","μαθητὴν","μαθητήν","μαθητής"
43,21,20,"RR","ASM","ὃν","ὃν","ὅν","ὅς"
43,21,20,"V","3IAI-S","ἠγάπα","ἠγάπα","ἠγάπα","ἀγαπάω"
43,21,20,"RA","NSM","ὁ","ὁ","ὁ","ὁ"
43,21,20,"N","NSM","Ἰησοῦς","Ἰησοῦς","Ἰησοῦς","Ἰησοῦς"
43,21,20,"V","PAPASM","ἀκολουθοῦντα,","ἀκολουθοῦντα","ἀκολουθοῦντα","ἀκολουθέω"
43,21,20,"RR","NSM","ὃς","ὃς","ὅς","ὅς"
43,21,20,"D",NULL,"καὶ","καὶ","καί","καί"
43,21,20,"V","3AAI-S","ἀνέπεσεν","ἀνέπεσεν","ἀνέπεσε(ν)","ἀναπίπτω"
43,21,20,"P",NULL,"ἐν","ἐν","ἐν","ἐν"
43,21,20,"RA","DSN","τῷ","τῷ","τῷ","ὁ"
43,21,20,"N","DSN","δείπνῳ","δείπνῳ","δείπνῳ","δεῖπνον"
43,21,20,"P",NULL,"ἐπὶ","ἐπὶ","ἐπί","ἐπί"
43,21,20,"RA","ASN","τὸ","τὸ","τό","ὁ"
43,21,20,"N","ASN","στῆθος","στῆθος","στῆθος","στῆθος"
43,21,20,"RP","GSM","αὐτοῦ","αὐτοῦ","αὐτοῦ","αὐτός"
43,21,20,"C",NULL,"καὶ","καὶ","καί","καί"
43,21,20,"V","3AAI-S","εἶπεν·","εἶπεν","εἶπε(ν)","λέγω"
43,21,20,"N","VSM","Κύριε,","Κύριε","κύριε","κύριος"
43,21,20,"RI","NSM","τίς","τίς","τίς","τίς"
43,21,20,"V","3PAI-S","ἐστιν","ἐστιν","ἐστί(ν)","εἰμί"
43,21,20,"RA","NSM","ὁ","ὁ","ὁ","ὁ"
43,21,20,"V","PAPNSM","παραδιδούς","παραδιδούς","παραδιδούς","παραδίδωμι"
43,21,20,"RP","AS","σε;","σε","σε","σύ"
43,21,21,"RD","ASM","τοῦτον","τοῦτον","τοῦτον","οὗτος"
43,21,21,"C",NULL,"⸀οὖν","οὖν","οὖν","οὖν"
43,21,21,"V","AAPNSM","ἰδὼν","ἰδὼν","ἰδών","ὁράω"
43,21,21,"RA","NSM","ὁ","ὁ","ὁ","ὁ"
43,21,21,"N","NSM","Πέτρος","Πέτρος","Πέτρος","Πέτρος"
43,21,21,"V","3PAI-S","λέγει","λέγει","λέγει","λέγω"
43,21,21,"RA","DSM","τῷ","τῷ","τῷ","ὁ"
43,21,21,"N","DSM","Ἰησοῦ·","Ἰησοῦ","Ἰησοῦ","Ἰησοῦς"
43,21,21,"N","VSM","Κύριε,","Κύριε","κύριε","κύριος"
43,21,21,"RD","NSM","οὗτος","οὗτος","οὗτος","οὗτος"
43,21,21,"C",NULL,"δὲ","δὲ","δέ","δέ"
43,21,21,"RI","NSN","τί;","τί","τί","τίς"
43,21,22,"V","3PAI-S","λέγει","λέγει","λέγει","λέγω"
43,21,22,"RP","DSM","αὐτῷ","αὐτῷ","αὐτῷ","αὐτός"
43,21,22,"RA","NSM","ὁ","ὁ","ὁ","ὁ"
43,21,22,"N","NSM","Ἰησοῦς·","Ἰησοῦς","Ἰησοῦς","Ἰησοῦς"
43,21,22,"C",NULL,"Ἐὰν","Ἐὰν","ἐάν","ἐάν"
43,21,22,"RP","ASM","αὐτὸν","αὐτὸν","αὐτόν","αὐτός"
43,21,22,"V","1PAS-S","θέλω","θέλω","θέλω","θέλω"
43,21,22,"V","PAN","μένειν","μένειν","μένειν","μένω"
43,21,22,"C",NULL,"ἕως","ἕως","ἕως","ἕως"
43,21,22,"V","1PMI-S","ἔρχομαι,","ἔρχομαι","ἔρχομαι","ἔρχομαι"
43,21,22,"RI","NSN","τί","τί","τί","τίς"
43,21,22,"P",NULL,"πρὸς","πρὸς","πρός","πρός"
43,21,22,"RP","AS","σέ;","σέ","σέ","σύ"
43,21,22,"RP","NS","σύ","σύ","σύ","σύ"
43,21,22,"RP","DS","⸂μοι","μοι","μοι","ἐγώ"
43,21,22,"V","2PAD-S","ἀκολούθει⸃.","ἀκολούθει","ἀκολούθει","ἀκολουθέω"
43,21,23,"V","3AAI-S","ἐξῆλθεν","ἐξῆλθεν","ἐξῆλθε(ν)","ἐξέρχομαι"
43,21,23,"C",NULL,"οὖν","οὖν","οὖν","οὖν"
43,21,23,"RD","NSM","⸂οὗτος","οὗτος","οὗτος","οὗτος"
43,21,23,"RA","NSM","ὁ","ὁ","ὁ","ὁ"
43,21,23,"N","NSM","λόγος⸃","λόγος","λόγος","λόγος"
43,21,23,"P",NULL,"εἰς","εἰς","εἰς","εἰς"
43,21,23,"RA","APM","τοὺς","τοὺς","τούς","ὁ"
43,21,23,"N","APM","ἀδελφοὺς","ἀδελφοὺς","ἀδελφούς","ἀδελφός"
43,21,23,"D",NULL,"ὅτι","ὅτι","ὅτι","ὅτι"
43,21,23,"RA","NSM","ὁ","ὁ","ὁ","ὁ"
43,21,23,"N","NSM","μαθητὴς","μαθητὴς","μαθητής","μαθητής"
43,21,23,"RD","NSM","ἐκεῖνος","ἐκεῖνος","ἐκεῖνος","ἐκεῖνος"
43,21,23,"D",NULL,"οὐκ","οὐκ","οὐ","οὐ"
43,21,23,"V","3PAI-S","ἀποθνῄσκει.","ἀποθνῄσκει","ἀποθνῄσκει","ἀποθνῄσκω"
43,21,23,"D",NULL,"⸂οὐκ","οὐκ","οὐ","οὐ"
43,21,23,"V","3AAI-S","εἶπεν","εἶπεν","εἶπε(ν)","λέγω"
43,21,23,"C",NULL,"δὲ⸃","δὲ","δέ","δέ"
43,21,23,"RP","DSM","αὐτῷ","αὐτῷ","αὐτῷ","αὐτός"
43,21,23,"RA","NSM","ὁ","ὁ","ὁ","ὁ"
43,21,23,"N","NSM","Ἰησοῦς","Ἰησοῦς","Ἰησοῦς","Ἰησοῦς"
43,21,23,"C",NULL,"ὅτι","ὅτι","ὅτι","ὅτι"
43,21,23,"D",NULL,"οὐκ","οὐκ","οὐ","οὐ"
43,21,23,"V","3PAI-S","ἀποθνῄσκει","ἀποθνῄσκει","ἀποθνῄσκει","ἀποθνῄσκω"
43,21,23,"C",NULL,"ἀλλ’·","ἀλλ’","ἀλλά","ἀλλά"
43,21,23,"C",NULL,"Ἐὰν","Ἐὰν","ἐάν","ἐάν"
43,21,23,"RP","ASM","αὐτὸν","αὐτὸν","αὐτόν","αὐτός"
43,21,23,"V","1PAS-S","θέλω","θέλω","θέλω","θέλω"
43,21,23,"V","PAN","μένειν","μένειν","μένειν","μένω"
43,21,23,"C",NULL,"ἕως","ἕως","ἕως","ἕως"
43,21,23,"V","1PMI-S","ἔρχομαι,","ἔρχομαι","ἔρχομαι","ἔρχομαι"
43,21,23,"RI","NSN","τί","τί","τί","τίς"
43,21,23,"P",NULL,"πρὸς","πρὸς","πρός","πρός"
43,21,23,"RP","AS","σέ;","σέ","σέ","σύ"
43,21,24,"RD","NSM","Οὗτός","Οὗτός","οὗτος","οὗτος"
43,21,24,"V","3PAI-S","ἐστιν","ἐστιν","ἐστί(ν)","εἰμί"
43,21,24,"RA","NSM","ὁ","ὁ","ὁ","ὁ"
43,21,24,"N","NSM","μαθητὴς","μαθητὴς","μαθητής","μαθητής"
43,21,24,"RA","NSM","ὁ","ὁ","ὁ","ὁ"
43,21,24,"V","PAPNSM","μαρτυρῶν","μαρτυρῶν","μαρτυρῶν","μαρτυρέω"
43,21,24,"P",NULL,"περὶ","περὶ","περί","περί"
43,21,24,"RD","GPN","τούτων","τούτων","τούτων","οὗτος"
43,21,24,"C",NULL,"καὶ","καὶ","καί","καί"
43,21,24,"RA","NSM","⸀ὁ","ὁ","ὁ","ὁ"
43,21,24,"V","AAPNSM","γράψας","γράψας","γράψας","γράφω"
43,21,24,"RD","APN","ταῦτα,","ταῦτα","ταῦτα","οὗτος"
43,21,24,"C",NULL,"καὶ","καὶ","καί","καί"
43,21,24,"V","1XAI-P","οἴδαμεν","οἴδαμεν","οἴδαμεν","οἶδα"
43,21,24,"C",NULL,"ὅτι","ὅτι","ὅτι","ὅτι"
43,21,24,"A","NSF","ἀληθὴς","ἀληθὴς","ἀληθής","ἀληθής"
43,21,24,"RP","GSM","⸂αὐτοῦ","αὐτοῦ","αὐτοῦ","αὐτός"
43,21,24,"RA","NSF","ἡ","ἡ","ἡ","ὁ"
43,21,24,"N","NSF","μαρτυρία","μαρτυρία","μαρτυρία","μαρτυρία"
43,21,24,"V","3PAI-S","ἐστίν⸃.","ἐστίν","ἐστί(ν)","εἰμί"
43,21,25,"V","3PAI-S","ἔστιν","ἔστιν","ἐστί(ν)","εἰμί"
43,21,25,"C",NULL,"δὲ","δὲ","δέ","δέ"
43,21,25,"D",NULL,"καὶ","καὶ","καί","καί"
43,21,25,"A","NPN","ἄλλα","ἄλλα","ἄλλα","ἄλλος"
43,21,25,"A","NPN","πολλὰ","πολλὰ","πολλά","πολύς"
43,21,25,"RR","APN","⸀ἃ","ἃ","ἅ","ὅς"
43,21,25,"V","3AAI-S","ἐποίησεν","ἐποίησεν","ἐποίησε(ν)","ποιέω"
43,21,25,"RA","NSM","ὁ","ὁ","ὁ","ὁ"
43,21,25,"N","NSM","Ἰησοῦς,","Ἰησοῦς","Ἰησοῦς","Ἰησοῦς"
43,21,25,"RR","NPN","ἅτινα","ἅτινα","ἅτινα","ὅστις"
43,21,25,"C",NULL,"ἐὰν","ἐὰν","ἐάν","ἐάν"
43,21,25,"V","3PPS-S","γράφηται","γράφηται","γράφηται","γράφω"
43,21,25,"P",NULL,"καθ’","καθ’","κατά","κατά"
43,21,25,"A","ASN","ἕν,","ἕν","ἕν","εἷς"
43,21,25,"D",NULL,"οὐδ’","οὐδ’","οὐδέ","οὐδέ"
43,21,25,"RP","ASM","αὐτὸν","αὐτὸν","αὐτόν","αὐτός"
43,21,25,"V","1PMI-S","οἶμαι","οἶμαι","οἶμαι","οἶμαι"
43,21,25,"RA","ASM","τὸν","τὸν","τόν","ὁ"
43,21,25,"N","ASM","κόσμον","κόσμον","κόσμον","κόσμος"
43,21,25,"V","FAN","⸀χωρήσειν","χωρήσειν","χωρήσειν","χωρέω"
43,21,25,"RA","APN","τὰ","τὰ","τά","ὁ"
43,21,25,"V","PPPAPN","γραφόμενα","γραφόμενα","γραφόμενα","γράφω"
43,21,25,"N","APN","⸀βιβλία.","βιβλία","βιβλία","βιβλίον"