"book","chapter","verse","part of speech","parsing code","text (including punctuation)","word (with punctuation stripped)","normalized word","lemma"
"45","01","01","N","NSM","Παῦλος","Παῦλος","Παῦλος","Παῦλος"
"45","01","01","N","NSM","δοῦλος","δοῦλος","δοῦλος","δοῦλος"
"45","01","01","N","GSM","⸂Χριστοῦ","Χριστοῦ","Χριστοῦ","Χριστός"
"45","01","01","N","GSM","Ἰησοῦ⸃,","Ἰησοῦ","Ἰησοῦ","Ἰησοῦς"
"45","01","01","A","NSM","κλητὸς","κλητὸς","κλητός","κλητός"
"45","01","01","N","NSM","ἀπόστολος,","ἀπόστολος","ἀπόστολος","ἀπόστολος"
"45","01","01","V","XPPNSM","ἀφωρισμένος","ἀφωρισμένος","ἀφωρισμένος","ἀφορίζω"
"45","01","01","P","","εἰς","εἰς","εἰς","εἰς"
"45","01","01","N","ASN","εὐαγγέλιον","εὐαγγέλιον","εὐαγγέλιον","εὐαγγέλιον"
"45","01","01","N","GSM","θεοῦ","θεοῦ","θεοῦ","θεός"
"45","01","02","RR","ASN","ὃ","ὃ","ὅ","ὅς"
"45","01","02","V","3AMI-S","προεπηγγείλατο","προεπηγγείλατο","προεπηγγείλατο","προεπαγγέλλομαι"
"45","01","02","P","","διὰ","διὰ","διά","διά"
"45","01","02","RA","GPM","τῶν","τῶν","τῶν","ὁ"
"45","01","02","N","GPM","προφητῶν","προφητῶν","προφητῶν","προφήτης"
"45","01","02","RP","GSM","αὐτοῦ","αὐτοῦ","αὐτοῦ","αὐτός"
"45","01","02","P","","ἐν","ἐν","ἐν","ἐν"
"45","01","02","N","DPF","γραφαῖς","γραφαῖς","γραφαῖς","γραφή"
"45","01","02","A","DPF","ἁγίαις","ἁγίαις","ἁγίαις","ἅγιος"
"45","01","03","P","","περὶ","περὶ","περί","περί"
"45","01","03","RA","GSM","τοῦ","τοῦ","τοῦ","ὁ"
"45","01","03","N","GSM","υἱοῦ","υἱοῦ","υἱοῦ","υἱός"
"45","01","03","RP","GSM","αὐτοῦ,","αὐτοῦ","αὐτοῦ","αὐτός"
"45","01","03","RA","GSM","τοῦ","τοῦ","τοῦ","ὁ"
"45","01","03","V","AMPGSM","γενομένου","γενομένου","γενομένου","γίνομαι"
"45","01","03","P","","ἐκ","ἐκ","ἐκ","ἐκ"
"45","01","03","N","GSN","σπέρματος","σπέρματος","σπέρματος","σπέρμα"
"45","01","03","N","GSM","Δαυὶδ","Δαυὶδ","Δαυίδ","Δαυίδ"
"45","01","03","P","","κατὰ","κατὰ","κατά","κατά"
"45","01","03","N","ASF","σάρκα,","σάρκα","σάρκα","σάρξ"
"45","01","04","RA","GSM","τοῦ","τοῦ","τοῦ","ὁ"
"45","01","04","V","APPGSM","ὁρισθέντος","ὁρισθέντος","ὁρισθέντος","ὁρίζω"
"45","01","04","N","GSM","υἱοῦ","υἱοῦ","υἱοῦ","υἱός"
"45","01","04","N","GSM","θεοῦ","θεοῦ","θεοῦ","θεός"
"45","01","04","P","","ἐν","ἐν","ἐν","ἐν"
"45","01","04","N","DSF","δυνάμει","δυνάμει","δυνάμει","δύναμις"
"45","01","04","P","","κατὰ","κατὰ","κατά","κατά"
"45","01","04","N","ASN","πνεῦμα","πνεῦμα","πνεῦμα","πνεῦμα"
"45","01","04","N","GSF","ἁγιωσύνης","ἁγιωσύνης","ἁγιωσύνης","ἁγιωσύνη"
"45","01","04","P","","ἐξ","ἐξ","ἐκ","ἐκ"
"45","01","04","N","GSF","ἀναστάσεως","ἀναστάσεως","ἀναστάσεως","ἀνάστασις"
"45","01","04","A","GPM","νεκρῶν,","νεκρῶν","νεκρῶν","νεκρός"
"45","01","04","N","GSM","Ἰησοῦ","Ἰησοῦ","Ἰησοῦ","Ἰησοῦς"
"45","01","04","N","GSM","Χριστοῦ","Χριστοῦ","Χριστοῦ","Χριστός"
"45","01","04","RA","GSM","τοῦ","τοῦ","τοῦ","ὁ"
"45","01","04","N","GSM","κυρίου","κυρίου","κυρίου","κύριος"
"45","01","04","RP","GP","ἡμῶν,","ἡμῶν","ἡμῶν","ἐγώ"
"45","01","05","P","","δι’","δι’","διά","διά"
"45","01","05","RR","GSM","οὗ","οὗ","οὗ","ὅς"
"45","01","05","V","1AAI-P","ἐλάβομεν","ἐλάβομεν","ἐλάβομεν","λαμβάνω"
"45","01","05","N","ASF","χάριν","χάριν","χάριν","χάρις"
"45","01","05","C","","καὶ","καὶ","καί","καί"
"45","01","05","N","ASF","ἀποστολὴν","ἀποστολὴν","ἀποστολήν","ἀποστολή"
"45","01","05","P","","εἰς","εἰς","εἰς","εἰς"
"45","01","05","N","ASF","ὑπακοὴν","ὑπακοὴν","ὑπακοήν","ὑπακοή"
"45","01","05","N","GSF","πίστεως","πίστεως","πίστεως","πίστις"
"45","01","05","P","","ἐν","ἐν","ἐν","ἐν"
"45","01","05","A","DPN","πᾶσιν","πᾶσιν","πᾶσι(ν)","πᾶς"
"45","01","05","RA","DPN","τοῖς","τοῖς","τοῖς","ὁ"
"45","01","05","N","DPN","ἔθνεσιν","ἔθνεσιν","ἔθνεσι(ν)","ἔθνος"
"45","01","05","P","","ὑπὲρ","ὑπὲρ","ὑπέρ","ὑπέρ"
"45","01","05","RA","GSN","τοῦ","τοῦ","τοῦ","ὁ"
"45","01","05","N","GSN","ὀνόματος","ὀνόματος","ὀνόματος","ὄνομα"
"45","01","05","RP","GSM","αὐτοῦ,","αὐτοῦ","αὐτοῦ","αὐτός"
"45","01","06","P","","ἐν","ἐν","ἐν","ἐν"
"45","01","06","RR","DPN","οἷς","οἷς","οἷς","ὅς"
"45","01","06","V","2PAI-P","ἐστε","ἐστε","ἐστέ","εἰμί"
"45","01","06","D","","καὶ","καὶ","καί","καί"
"45","01","06","RP","NP","ὑμεῖς","ὑμεῖς","ὑμεῖς","σύ"
"45","01","06","A","NPM","κλητοὶ","κλητοὶ","κλητοί","κλητός"
"45","01","06","N","GSM","Ἰησοῦ","Ἰησοῦ","Ἰησοῦ","Ἰησοῦς"
"45","01","06","N","GSM","Χριστοῦ,","Χριστοῦ","Χριστοῦ","Χριστός"
"45","01","07","A","DPM","πᾶσιν","πᾶσιν","πᾶσι(ν)","πᾶς"
"45","01","07","RA","DPM","τοῖς","τοῖς","τοῖς","ὁ"
"45","01","07","V","PAPDPM","οὖσιν","οὖσιν","οὖσι(ν)","εἰμί"
"45","01","07","P","","ἐν","ἐν","ἐν","ἐν"
"45","01","07","N","DSF","Ῥώμῃ","Ῥώμῃ","Ῥώμῃ","Ῥώμη"
"45","01","07","A","DPM","ἀγαπητοῖς","ἀγαπητοῖς","ἀγαπητοῖς","ἀγαπητός"
"45","01","07","N","GSM","θεοῦ,","θεοῦ","θεοῦ","θεός"
"45","01","07","A","DPM","κλητοῖς","κλητοῖς","κλητοῖς","κλητός"
"45","01","07","A","DPM","ἁγίοις·","ἁγίοις","ἁγίοις","ἅγιος"
"45","01","07","N","NSF","χάρις","χάρις","χάρις","χάρις"
"45","01","07","RP","DP","ὑμῖν","ὑμῖν","ὑμῖν","σύ"
"45","01","07","C","","καὶ","καὶ","καί","καί"
"45","01","07","N","NSF","εἰρήνη","εἰρήνη","εἰρήνη","εἰρήνη"
"45","01","07","P","","ἀπὸ","ἀπὸ","ἀπό","ἀπό"
"45","01","07","N","GSM","θεοῦ","θεοῦ","θεοῦ","θεός"
"45","01","07","N","GSM","πατρὸς","πατρὸς","πατρός","πατήρ"
"45","01","07","RP","GP","ἡμῶν","ἡμῶν","ἡμῶν","ἐγώ"
"45","01","07","C","","καὶ","καὶ","καί","καί"
"45","01","07","N","GSM","κυρίου","κυρίου","κυρίου","κύριος"
"45","01","07","N","GSM","Ἰησοῦ","Ἰησοῦ","Ἰησοῦ","Ἰησοῦς"
"45","01","07","N","GSM","Χριστοῦ.","Χριστοῦ","Χριστοῦ","Χριστός"
"45","01","08","A","ASN","Πρῶτον","Πρῶτον","πρῶτον","πρῶτος"
"45","01","08","C","","μὲν","μὲν","μέν","μέν"
"45","01","08","V","1PAI-S","εὐχαριστῶ","εὐχαριστῶ","εὐχαριστῶ","εὐχαριστέω"
"45","01","08","RA","DSM","τῷ","τῷ","τῷ","ὁ"
"45","01","08","N","DSM","θεῷ","θεῷ","θεῷ","θεός"
"45","01","08","RP","GS","μου","μου","μου","ἐγώ"
"45","01","08","P","","διὰ","διὰ","διά","διά"
"45","01","08","N","GSM","Ἰησοῦ","Ἰησοῦ","Ἰησοῦ","Ἰησοῦς"
"45","01","08","N","GSM","Χριστοῦ","Χριστοῦ","Χριστοῦ","Χριστός"
"45","01","08","P","","⸀περὶ","περὶ","περί","περί"
"45","01","08","A","GPM","πάντων","πάντων","πάντων","πᾶς"
"45","01","08","RP","GP","ὑμῶν,","ὑμῶν","ὑμῶν","σύ"
"45","01","08","C","","ὅτι","ὅτι","ὅτι","ὅτι"
"45","01","08","RA","NSF","ἡ","ἡ","ἡ","ὁ"
"45","01","08","N","NSF","πίστις","πίστις","πίστις","πίστις"
"45","01","08","RP","GP","ὑμῶν","ὑμῶν","ὑμῶν","σύ"
"45","01","08","V","3PPI-S","καταγγέλλεται","καταγγέλλεται","καταγγέλλεται","καταγγέλλω"
"45","01","08","P","","ἐν","ἐν","ἐν","ἐν"
"45","01","08","A","DSM","ὅλῳ","ὅλῳ","ὅλῳ","ὅλος"
"45","01","08","RA","DSM","τῷ","τῷ","τῷ","ὁ"
"45","01","08","N","DSM","κόσμῳ.","κόσμῳ","κόσμῳ","κόσμος"
"45","01","09","N","NSM","μάρτυς","μάρτυς","μάρτυς","μάρτυς"
"45","01","09","C","","γάρ","γάρ","γάρ","γάρ"
"45","01","09","RP","GS","μού","μού","μου","ἐγώ"
"45","01","09","V","3PAI-S","ἐστιν","ἐστιν","ἐστί(ν)","εἰμί"
"45","01","09","RA","NSM","ὁ","ὁ","ὁ","ὁ"
"45","01","09","N","NSM","θεός,","θεός","θεός","θεός"
"45","01","09","RR","DSM","ᾧ","ᾧ","ᾧ","ὅς"
"45","01","09","V","1PAI-S","λατρεύω","λατρεύω","λατρεύω","λατρεύω"
"45","01","09","P","","ἐν","ἐν","ἐν","ἐν"
"45","01","09","RA","DSN","τῷ","τῷ","τῷ","ὁ"
"45","01","09","N","DSN","πνεύματί","πνεύματί","πνεύματι","πνεῦμα"
"45","01","09","RP","GS","μου","μου","μου","ἐγώ"
"45","01","09","P","","ἐν","ἐν","ἐν","ἐν"
"45","01","09","RA","DSN","τῷ","τῷ","τῷ","ὁ"
"45","01","09","N","DSN","εὐαγγελίῳ","εὐαγγελίῳ","εὐαγγελίῳ","εὐαγγέλιον"
"45","01","09","RA","GSM","τοῦ","τοῦ","τοῦ","ὁ"
"45","01","09","N","GSM","υἱοῦ","υἱοῦ","υἱοῦ","υἱός"
"45","01","09","RP","GSM","αὐτοῦ,","αὐτοῦ","αὐτοῦ","αὐτός"
"45","01","09","D","","ὡς","ὡς","ὡς","ὡς"
"45","01","09","D","","ἀδιαλείπτως","ἀδιαλείπτως","ἀδιαλείπτως","ἀδιαλείπτως"
"45","01","09","N","ASF","μνείαν","μνείαν","μνείαν","μνεία"
"45","01","09","RP","GP","ὑμῶν","ὑμῶν","ὑμῶν","σύ"
"45","01","09","V","1PMI-S","ποιοῦμαι","ποιοῦμαι","ποιοῦμαι","ποιέω"
"45","01","10","D","","πάντοτε","πάντοτε","πάντοτε","πάντοτε"
"45","01","10","P","","ἐπὶ","ἐπὶ","ἐπί","ἐπί"
"45","01","10","RA","GPF","τῶν","τῶν","τῶν","ὁ"
"45","01","10","N","GPF","προσευχῶν","προσευχῶν","προσευχῶν","προσευχή"
"45","01","10","RP","GS","μου,","μου","μου","ἐγώ"
"45","01","10","V","PMPNSM","δεόμενος","δεόμενος","δεόμενος","δέω"
"45","01","10","C","","εἴ","εἴ","εἰ","εἰ"
"45","01","10","D","","πως","πως","πώς","πώς"
"45","01","10","D","","ἤδη","ἤδη","ἤδη","ἤδη"
"45","01","10","D","","ποτὲ","ποτὲ","ποτέ","ποτέ"
"45","01","10","V","1FPI-S","εὐοδωθήσομαι","εὐοδωθήσομαι","εὐοδωθήσομαι","εὐοδόομαι"
"45","01","10","P","","ἐν","ἐν","ἐν","ἐν"
"45","01","10","RA","DSN","τῷ","τῷ","τῷ","ὁ"
"45","01","10","N","DSN","θελήματι","θελήματι","θελήματι","θέλημα"
"45","01","10","RA","GSM","τοῦ","τοῦ","τοῦ","ὁ"
"45","01","10","N","GSM","θεοῦ","θεοῦ","θεοῦ","θεός"
"45","01","10","V","AAN","ἐλθεῖν","ἐλθεῖν","ἐλθεῖν","ἔρχομαι"
"45","01","10","P","","πρὸς","πρὸς","πρός","πρός"
"45","01","10","RP","AP","ὑμᾶς.","ὑμᾶς","ὑμᾶς","σύ"
"45","01","11","V","1PAI-S","ἐπιποθῶ","ἐπιποθῶ","ἐπιποθῶ","ἐπιποθέω"
"45","01","11","C","","γὰρ","γὰρ","γάρ","γάρ"
"45","01","11","V","AAN","ἰδεῖν","ἰδεῖν","ἰδεῖν","ὁράω"
"45","01","11","RP","AP","ὑμᾶς,","ὑμᾶς","ὑμᾶς","σύ"
"45","01","11","C","","ἵνα","ἵνα","ἵνα","ἵνα"
"45","01","11","RI","ASN","τι","τι","τὶ","τις"
"45","01","11","V","1AAS-S","μεταδῶ","μεταδῶ","μεταδῶ","μεταδίδωμι"
"45","01","11","N","ASN","χάρισμα","χάρισμα","χάρισμα","χάρισμα"
"45","01","11","RP","DP","ὑμῖν","ὑμῖν","ὑμῖν","σύ"
"45","01","11","A","ASN","πνευματικὸν","πνευματικὸν","πνευματικόν","πνευματικός"
"45","01","11","P","","εἰς","εἰς","εἰς","εἰς"
"45","01","11","RA","ASN","τὸ","τὸ","τό","ὁ"
"45","01","11","V","APN","στηριχθῆναι","στηριχθῆναι","στηριχθῆναι","στηρίζω"
"45","01","11","RP","AP","ὑμᾶς,","ὑμᾶς","ὑμᾶς","σύ"
"45","01","12","RD","NSN","τοῦτο","τοῦτο","τοῦτο","οὗτος"
"45","01","12","C","","δέ","δέ","δέ","δέ"
"45","01","12","V","3PAI-S","ἐστιν","ἐστιν","ἐστί(ν)","εἰμί"
"45","01","12","V","APN","συμπαρακληθῆναι","συμπαρακληθῆναι","συμπαρακληθῆναι","συμπαρακαλέομαι"
"45","01","12","P","","ἐν","ἐν","ἐν","ἐν"
"45","01","12","RP","DP","ὑμῖν","ὑμῖν","ὑμῖν","σύ"
"45","01","12","P","","διὰ","διὰ","διά","διά"
"45","01","12","RA","GSF","τῆς","τῆς","τῆς","ὁ"
"45","01","12","P","","ἐν","ἐν","ἐν","ἐν"
"45","01","12","RP","DPM","ἀλλήλοις","ἀλλήλοις","ἀλλήλοις","ἀλλήλων"
"45","01","12","N","GSF","πίστεως","πίστεως","πίστεως","πίστις"
"45","01","12","RP","GP","ὑμῶν","ὑμῶν","ὑμῶν","σύ"
"45","01","12","C","","τε","τε","τέ","τέ"
"45","01","12","C","","καὶ","καὶ","καί","καί"
"45","01","12","RP","GS","ἐμοῦ.","ἐμοῦ","ἐμοῦ","ἐγώ"
"45","01","13","D","","οὐ","οὐ","οὐ","οὐ"
"45","01","13","V","1PAI-S","θέλω","θέλω","θέλω","θέλω"
"45","01","13","C","","δὲ","δὲ","δέ","δέ"
"45","01","13","RP","AP","ὑμᾶς","ὑμᾶς","ὑμᾶς","σύ"
"45","01","13","V","PAN","ἀγνοεῖν,","ἀγνοεῖν","ἀγνοεῖν","ἀγνοέω"
"45","01","13","N","VPM","ἀδελφοί,","ἀδελφοί","ἀδελφοί","ἀδελφός"
"45","01","13","C","","ὅτι","ὅτι","ὅτι","ὅτι"
"45","01","13","D","","πολλάκις","πολλάκις","πολλάκις","πολλάκις"
"45","01","13","V","1AMI-S","προεθέμην","προεθέμην","προεθέμην","προτίθεμαι"
"45","01","13","V","AAN","ἐλθεῖν","ἐλθεῖν","ἐλθεῖν","ἔρχομαι"
"45","01","13","P","","πρὸς","πρὸς","πρός","πρός"
"45","01","13","RP","AP","ὑμᾶς,","ὑμᾶς","ὑμᾶς","σύ"
"45","01","13","C","","καὶ","καὶ","καί","καί"
"45","01","13","V","1API-S","ἐκωλύθην","ἐκωλύθην","ἐκωλύθην","κωλύω"
"45","01","13","P","","ἄχρι","ἄχρι","ἄχρι","ἄχρι"
"45","01","13","RA","GSM","τοῦ","τοῦ","τοῦ","ὁ"
"45","01","13","D","","δεῦρο,","δεῦρο","δεῦρο","δεῦρο"
"45","01","13","C","","ἵνα","ἵνα","ἵνα","ἵνα"
"45","01","13","RI","ASM","τινὰ","τινὰ","τινά","τις"
"45","01","13","N","ASM","καρπὸν","καρπὸν","καρπόν","καρπός"
"45","01","13","V","1AAS-S","σχῶ","σχῶ","σχῶ","ἔχω"
"45","01","13","D","","καὶ","καὶ","καί","καί"
"45","01","13","P","","ἐν","ἐν","ἐν","ἐν"
"45","01","13","RP","DP","ὑμῖν","ὑμῖν","ὑμῖν","σύ"
"45","01","13","C","","καθὼς","καθὼς","καθώς","καθώς"
"45","01","13","D","","καὶ","καὶ","καί","καί"
"45","01","13","P","","ἐν","ἐν","ἐν","ἐν"
"45","01","13","RA","DPN","τοῖς","τοῖς","τοῖς","ὁ"
"45","01","13","A","DPN","λοιποῖς","λοιποῖς","λοιποῖς","λοιπός"
"45","01","13","N","DPN","ἔθνεσιν.","ἔθνεσιν","ἔθνεσι(ν)","ἔθνος"
"45","01","14","N","DPM","Ἕλλησίν","Ἕλλησίν","Ἕλλησι(ν)","Ἕλλην"
"45","01","14","C","","τε","τε","τέ","τέ"
"45","01","14","C","","καὶ","καὶ","καί","καί"
"45","01","14","A","DPM","βαρβάροις,","βαρβάροις","βαρβάροις","βάρβαρος"
"45","01","14","A","DPM","σοφοῖς","σοφοῖς","σοφοῖς","σοφός"
"45","01","14","C","","τε","τε","τέ","τέ"
"45","01","14","C","","καὶ","καὶ","καί","καί"
"45","01","14","A","DPM","ἀνοήτοις","ἀνοήτοις","ἀνοήτοις","ἀνόητος"
"45","01","14","N","NSM","ὀφειλέτης","ὀφειλέτης","ὀφειλέτης","ὀφειλέτης"
"45","01","14","V","1PAI-S","εἰμί·","εἰμί","εἰμί","εἰμί"
"45","01","15","D","","οὕτως","οὕτως","οὕτω(ς)","οὕτω(ς)"
"45","01","15","RA","NSN","τὸ","τὸ","τό","ὁ"
"45","01","15","P","","κατ’","κατ’","κατά","κατά"
"45","01","15","RP","AS","ἐμὲ","ἐμὲ","ἐμέ","ἐγώ"
"45","01","15","A","NSN","πρόθυμον","πρόθυμον","πρόθυμον","πρόθυμος"
"45","01","15","D","","καὶ","καὶ","καί","καί"
"45","01","15","RP","DP","ὑμῖν","ὑμῖν","ὑμῖν","σύ"
"45","01","15","RA","DPM","τοῖς","τοῖς","τοῖς","ὁ"
"45","01","15","P","","ἐν","ἐν","ἐν","ἐν"
"45","01","15","N","DSF","Ῥώμῃ","Ῥώμῃ","Ῥώμῃ","Ῥώμη"
"45","01","15","V","AMN","εὐαγγελίσασθαι.","εὐαγγελίσασθαι","εὐαγγελίσασθαι","εὐαγγελίζω"
"45","01","16","D","","Οὐ","Οὐ","οὐ","οὐ"
"45","01","16","C","","γὰρ","γὰρ","γάρ","γάρ"
"45","01","16","V","1PMI-S","ἐπαισχύνομαι","ἐπαισχύνομαι","ἐπαισχύνομαι","ἐπαισχύνομαι"
"45","01","16","RA","ASN","τὸ","τὸ","τό","ὁ"
"45","01","16","N","ASN","⸀εὐαγγέλιον,","εὐαγγέλιον","εὐαγγέλιον","εὐαγγέλιον"
"45","01","16","N","NSF","δύναμις","δύναμις","δύναμις","δύναμις"
"45","01","16","C","","γὰρ","γὰρ","γάρ","γάρ"
"45","01","16","N","GSM","θεοῦ","θεοῦ","θεοῦ","θεός"
"45","01","16","V","3PAI-S","ἐστιν","ἐστιν","ἐστί(ν)","εἰμί"
"45","01","16","P","","εἰς","εἰς","εἰς","εἰς"
"45","01","16","N","ASF","σωτηρίαν","σωτηρίαν","σωτηρίαν","σωτηρία"
"45","01","16","A","DSM","παντὶ","παντὶ","παντί","πᾶς"
"45","01","16","RA","DSM","τῷ","τῷ","τῷ","ὁ"
"45","01","16","V","PAPDSM","πιστεύοντι,","πιστεύοντι","πιστεύοντι","πιστεύω"
"45","01","16","A","DSM","Ἰουδαίῳ","Ἰουδαίῳ","Ἰουδαίῳ","Ἰουδαῖος"
"45","01","16","C","","τε","τε","τέ","τέ"
"45","01","16","A","ASN","πρῶτον","πρῶτον","πρῶτον","πρῶτος"
"45","01","16","C","","καὶ","καὶ","καί","καί"
"45","01","16","N","DSM","Ἕλληνι·","Ἕλληνι","Ἕλληνι","Ἕλλην"
"45","01","17","N","NSF","δικαιοσύνη","δικαιοσύνη","δικαιοσύνη","δικαιοσύνη"
"45","01","17","C","","γὰρ","γὰρ","γάρ","γάρ"
"45","01","17","N","GSM","θεοῦ","θεοῦ","θεοῦ","θεός"
"45","01","17","P","","ἐν","ἐν","ἐν","ἐν"
"45","01","17","RP","DSN","αὐτῷ","αὐτῷ","αὐτῷ","αὐτός"
"45","01","17","V","3PPI-S","ἀποκαλύπτεται","ἀποκαλύπτεται","ἀποκαλύπτεται","ἀποκαλύπτω"
"45","01","17","P","","ἐκ","ἐκ","ἐκ","ἐκ"
"45","01","17","N","GSF","πίστεως","πίστεως","πίστεως","πίστις"
"45","01","17","P","","εἰς","εἰς","εἰς","εἰς"
"45","01","17","N","ASF","πίστιν,","πίστιν","πίστιν","πίστις"
"45","01","17","C","","καθὼς","καθὼς","καθώς","καθώς"
"45","01","17","V","3XPI-S","γέγραπται·","γέγραπται","γέγραπται","γράφω"
"45","01","17","RA","NSM","Ὁ","Ὁ","ὁ","ὁ"
"45","01","17","C","","δὲ","δὲ","δέ","δέ"
"45","01","17","A","NSM","δίκαιος","δίκαιος","δίκαιος","δίκαιος"
"45","01","17","P","","ἐκ","ἐκ","ἐκ","ἐκ"
"45","01","17","N","GSF","πίστεως","πίστεως","πίστεως","πίστις"
"45","01","17","V","3FMI-S","ζήσεται.","ζήσεται","ζήσεται","ζάω"
"45","01","18","V","3PPI-S","Ἀποκαλύπτεται","Ἀποκαλύπτεται","ἀποκαλύπτεται","ἀποκαλύπτω"
"45","01","18","C","","γὰρ","γὰρ","γάρ","γάρ"
"45","01","18","N","NSF","ὀργὴ","ὀργὴ","ὀργή","ὀργή"
"45","01","18","N","GSM","θεοῦ","θεοῦ","θεοῦ","θεός"
"45","01","18","P","","ἀπ’","ἀπ’","ἀπό","ἀπό"
"45","01","18","N","GSM","οὐρανοῦ","οὐρανοῦ","οὐρανοῦ","οὐρανός"
"45","01","18","P","","ἐπὶ","ἐπὶ","ἐπί","ἐπί"
"45","01","18","A","ASF","πᾶσαν","πᾶσαν","πᾶσαν","πᾶς"
"45","01","18","N","ASF","ἀσέβειαν","ἀσέβειαν","ἀσέβειαν","ἀσέβεια"
"45","01","18","C","","καὶ","καὶ","καί","καί"
"45","01","18","N","ASF","ἀδικίαν","ἀδικίαν","ἀδικίαν","ἀδικία"
"45","01","18","N","GPM","ἀνθρώπων","ἀνθρώπων","ἀνθρώπων","ἄνθρωπος"
"45","01","18","RA","GPM","τῶν","τῶν","τῶν","ὁ"
"45","01","18","RA","ASF","τὴν","τὴν","τήν","ὁ"
"45","01","18","N","ASF","ἀλήθειαν","ἀλήθειαν","ἀλήθειαν","ἀλήθεια"
"45","01","18","P","","ἐν","ἐν","ἐν","ἐν"
"45","01","18","N","DSF","ἀδικίᾳ","ἀδικίᾳ","ἀδικίᾳ","ἀδικία"
"45","01","18","V","PAPGPM","κατεχόντων,","κατεχόντων","κατεχόντων","κατέχω"
"45","01","19","C","","διότι","διότι","διότι","διότι"
"45","01","19","RA","NSN","τὸ","τὸ","τό","ὁ"
"45","01","19","A","NSN","γνωστὸν","γνωστὸν","γνωστόν","γνωστός"
"45","01","19","RA","GSM","τοῦ","τοῦ","τοῦ","ὁ"
"45","01","19","N","GSM","θεοῦ","θεοῦ","θεοῦ","θεός"
"45","01","19","A","NSN","φανερόν","φανερόν","φανερόν","φανερός"
"45","01","19","V","3PAI-S","ἐστιν","ἐστιν","ἐστί(ν)","εἰμί"
"45","01","19","P","","ἐν","ἐν","ἐν","ἐν"
"45","01","19","RP","DPM","αὐτοῖς,","αὐτοῖς","αὐτοῖς","αὐτός"
"45","01","19","RA","NSM","ὁ","ὁ","ὁ","ὁ"
"45","01","19","N","NSM","⸂θεὸς","θεὸς","θεός","θεός"
"45","01","19","C","","γὰρ⸃","γὰρ","γάρ","γάρ"
"45","01","19","RP","DPM","αὐτοῖς","αὐτοῖς","αὐτοῖς","αὐτός"
"45","01","19","V","3AAI-S","ἐφανέρωσεν.","ἐφανέρωσεν","ἐφανέρωσε(ν)","φανερόω"
"45","01","20","RA","NPN","τὰ","τὰ","τά","ὁ"
"45","01","20","C","","γὰρ","γὰρ","γάρ","γάρ"
"45","01","20","A","NPN","ἀόρατα","ἀόρατα","ἀόρατα","ἀόρατος"
"45","01","20","RP","GSM","αὐτοῦ","αὐτοῦ","αὐτοῦ","αὐτός"
"45","01","20","P","","ἀπὸ","ἀπὸ","ἀπό","ἀπό"
"45","01","20","N","GSF","κτίσεως","κτίσεως","κτίσεως","κτίσις"
"45","01","20","N","GSM","κόσμου","κόσμου","κόσμου","κόσμος"
"45","01","20","RA","DPN","τοῖς","τοῖς","τοῖς","ὁ"
"45","01","20","N","DPN","ποιήμασιν","ποιήμασιν","ποιήμασι(ν)","ποίημα"
"45","01","20","V","PPPNPN","νοούμενα","νοούμενα","νοούμενα","νοέω"
"45","01","20","V","3PPI-S","καθορᾶται,","καθορᾶται","καθορᾶται","καθοράω"
"45","01","20","RA","NSF","ἥ","ἥ","ἡ","ὁ"
"45","01","20","C","","τε","τε","τέ","τέ"
"45","01","20","A","NSF","ἀΐδιος","ἀΐδιος","ἀΐδιος","ἀΐδιος"
"45","01","20","RP","GSM","αὐτοῦ","αὐτοῦ","αὐτοῦ","αὐτός"
"45","01","20","N","NSF","δύναμις","δύναμις","δύναμις","δύναμις"
"45","01","20","C","","καὶ","καὶ","καί","καί"
"45","01","20","N","NSF","θειότης,","θειότης","θειότης","θειότης"
"45","01","20","P","","εἰς","εἰς","εἰς","εἰς"
"45","01","20","RA","ASN","τὸ","τὸ","τό","ὁ"
"45","01","20","V","PAN","εἶναι","εἶναι","εἶναι","εἰμί"
"45","01","20","RP","APM","αὐτοὺς","αὐτοὺς","αὐτούς","αὐτός"
"45","01","20","A","APM","ἀναπολογήτους,","ἀναπολογήτους","ἀναπολογήτους","ἀναπολόγητος"
"45","01","21","C","","διότι","διότι","διότι","διότι"
"45","01","21","V","AAPNPM","γνόντες","γνόντες","γνόντες","γινώσκω"
"45","01","21","RA","ASM","τὸν","τὸν","τόν","ὁ"
"45","01","21","N","ASM","θεὸν","θεὸν","θεόν","θεός"
"45","01","21","D","","οὐχ","οὐχ","οὐ","οὐ"
"45","01","21","C","","ὡς","ὡς","ὡς","ὡς"
"45","01","21","N","ASM","θεὸν","θεὸν","θεόν","θεός"
"45","01","21","V","3AAI-P","ἐδόξασαν","ἐδόξασαν","ἐδόξασαν","δοξάζω"
"45","01","21","C","","ἢ","ἢ","ἤ","ἤ"
"45","01","21","V","3AAI-P","ηὐχαρίστησαν,","ηὐχαρίστησαν","ηὐχαρίστησαν","εὐχαριστέω"
"45","01","21","C","","ἀλλὰ","ἀλλὰ","ἀλλά","ἀλλά"
"45","01","21","V","3API-P","ἐματαιώθησαν","ἐματαιώθησαν","ἐματαιώθησαν","ματαιόομαι"
"45","01","21","P","","ἐν","ἐν","ἐν","ἐν"
"45","01","21","RA","DPM","τοῖς","τοῖς","τοῖς","ὁ"
"45","01","21","N","DPM","διαλογισμοῖς","διαλογισμοῖς","διαλογισμοῖς","διαλογισμός"
"45","01","21","RP","GPM","αὐτῶν","αὐτῶν","αὐτῶν","αὐτός"
"45","01","21","C","","καὶ","καὶ","καί","καί"
"45","01","21","V","3API-S","ἐσκοτίσθη","ἐσκοτίσθη","ἐσκοτίσθη","σκοτίζομαι"
"45","01","21","RA","NSF","ἡ","ἡ","ἡ","ὁ"
"45","01","21","A","NSF","ἀσύνετος","ἀσύνετος","ἀσύνετος","ἀσύνετος"
"45","01","21","RP","GPM","αὐτῶν","αὐτῶν","αὐτῶν","αὐτός"
"45","01","21","N","NSF","καρδία·","καρδία","καρδία","καρδία"
"45","01","22","V","PAPNPM","φάσκοντες","φάσκοντες","φάσκοντες","φάσκω"
"45","01","22","V","PAN","εἶναι","εἶναι","εἶναι","εἰμί"
"45","01","22","A","NPM","σοφοὶ","σοφοὶ","σοφοί","σοφός"
"45","01","22","V","3API-P","ἐμωράνθησαν,","ἐμωράνθησαν","ἐμωράνθησαν","μωραίνω"
"45","01","23","C","","καὶ","καὶ","καί","καί"
"45","01","23","V","3AAI-P","ἤλλαξαν","ἤλλαξαν","ἤλλαξαν","ἀλλάσσω"
"45","01","23","RA","ASF","τὴν","τὴν","τήν","ὁ"
"45","01","23","N","ASF","δόξαν","δόξαν","δόξαν","δόξα"
"45","01","23","RA","GSM","τοῦ","τοῦ","τοῦ","ὁ"
"45","01","23","A","GSM","ἀφθάρτου","ἀφθάρτου","ἀφθάρτου","ἄφθαρτος"
"45","01","23","N","GSM","θεοῦ","θεοῦ","θεοῦ","θεός"
"45","01","23","P","","ἐν","ἐν","ἐν","ἐν"
"45","01","23","N","DSN","ὁμοιώματι","ὁμοιώματι","ὁμοιώματι","ὁμοίωμα"
"45","01","23","N","GSF","εἰκόνος","εἰκόνος","εἰκόνος","εἰκών"
"45","01","23","A","GSM","φθαρτοῦ","φθαρτοῦ","φθαρτοῦ","φθαρτός"
"45","01","23","N","GSM","ἀνθρώπου","ἀνθρώπου","ἀνθρώπου","ἄνθρωπος"
"45","01","23","C","","καὶ","καὶ","καί","καί"
"45","01","23","A","GPN","πετεινῶν","πετεινῶν","πετεινῶν","πετεινόν"
"45","01","23","C","","καὶ","καὶ","καί","καί"
"45","01","23","A","GPN","τετραπόδων","τετραπόδων","τετραπόδων","τετράπους"
"45","01","23","C","","καὶ","καὶ","καί","καί"
"45","01","23","N","GPN","ἑρπετῶν.","ἑρπετῶν","ἑρπετῶν","ἑρπετόν"
"45","01","24","C","","⸀Διὸ","Διὸ","διό","διό"
"45","01","24","V","3AAI-S","παρέδωκεν","παρέδωκεν","παρέδωκε(ν)","παραδίδωμι"
"45","01","24","RP","APM","αὐτοὺς","αὐτοὺς","αὐτούς","αὐτός"
"45","01","24","RA","NSM","ὁ","ὁ","ὁ","ὁ"
"45","01","24","N","NSM","θεὸς","θεὸς","θεός","θεός"
"45","01","24","P","","ἐν","ἐν","ἐν","ἐν"
"45","01","24","RA","DPF","ταῖς","ταῖς","ταῖς","ὁ"
"45","01","24","N","DPF","ἐπιθυμίαις","ἐπιθυμίαις","ἐπιθυμίαις","ἐπιθυμία"
"45","01","24","RA","GPF","τῶν","τῶν","τῶν","ὁ"
"45","01","24","N","GPF","καρδιῶν","καρδιῶν","καρδιῶν","καρδία"
"45","01","24","RP","GPM","αὐτῶν","αὐτῶν","αὐτῶν","αὐτός"
"45","01","24","P","","εἰς","εἰς","εἰς","εἰς"
"45","01","24","N","ASF","ἀκαθαρσίαν","ἀκαθαρσίαν","ἀκαθαρσίαν","ἀκαθαρσία"
"45","01","24","RA","GSN","τοῦ","τοῦ","τοῦ","ὁ"
"45","01","24","V","PMN","ἀτιμάζεσθαι","ἀτιμάζεσθαι","ἀτιμάζεσθαι","ἀτιμάζω"
"45","01","24","RA","APN","τὰ","τὰ","τά","ὁ"
"45","01","24","N","APN","σώματα","σώματα","σώματα","σῶμα"
"45","01","24","RP","GPM","αὐτῶν","αὐτῶν","αὐτῶν","αὐτός"
"45","01","24","P","","ἐν","ἐν","ἐν","ἐν"
"45","01","24","RP","DPM","⸀αὐτοῖς,","αὐτοῖς","αὐτοῖς","αὐτός"
"45","01","25","RR","NPM","οἵτινες","οἵτινες","οἵτινες","ὅστις"
"45","01","25","V","3AAI-P","μετήλλαξαν","μετήλλαξαν","μετήλλαξαν","μεταλλάσσω"
"45","01","25","RA","ASF","τὴν","τὴν","τήν","ὁ"
"45","01","25","N","ASF","ἀλήθειαν","ἀλήθειαν","ἀλήθειαν","ἀλήθεια"
"45","01","25","RA","GSM","τοῦ","τοῦ","τοῦ","ὁ"
"45","01","25","N","GSM","θεοῦ","θεοῦ","θεοῦ","θεός"
"45","01","25","P","","ἐν","ἐν","ἐν","ἐν"
"45","01","25","RA","DSN","τῷ","τῷ","τῷ","ὁ"
"45","01","25","N","DSN","ψεύδει,","ψεύδει","ψεύδει","ψεῦδος"
"45","01","25","C","","καὶ","καὶ","καί","καί"
"45","01","25","V","3API-P","ἐσεβάσθησαν","ἐσεβάσθησαν","ἐσεβάσθησαν","σεβάζομαι"
"45","01","25","C","","καὶ","καὶ","καί","καί"
"45","01","25","V","3AAI-P","ἐλάτρευσαν","ἐλάτρευσαν","ἐλάτρευσαν","λατρεύω"
"45","01","25","RA","DSF","τῇ","τῇ","τῇ","ὁ"
"45","01","25","N","DSF","κτίσει","κτίσει","κτίσει","κτίσις"
"45","01","25","P","","παρὰ","παρὰ","παρά","παρά"
"45","01","25","RA","ASM","τὸν","τὸν","τόν","ὁ"
"45","01","25","V","AAPASM","κτίσαντα,","κτίσαντα","κτίσαντα","κτίζω"
"45","01","25","RR","NSM","ὅς","ὅς","ὅς","ὅς"
"45","01","25","V","3PAI-S","ἐστιν","ἐστιν","ἐστί(ν)","εἰμί"
"45","01","25","A","NSM","εὐλογητὸς","εὐλογητὸς","εὐλογητός","εὐλογητός"
"45","01","25","P","","εἰς","εἰς","εἰς","εἰς"
"45","01","25","RA","APM","τοὺς","τοὺς","τούς","ὁ"
"45","01","25","N","APM","αἰῶνας·","αἰῶνας","αἰῶνας","αἰών"
"45","01","25","X","","ἀμήν.","ἀμήν","ἀμήν","ἀμήν"
"45","01","26","P","","Διὰ","Διὰ","διά","διά"
"45","01","26","RD","ASN","τοῦτο","τοῦτο","τοῦτο","οὗτος"
"45","01","26","V","3AAI-S","παρέδωκεν","παρέδωκεν","παρέδωκε(ν)","παραδίδωμι"
"45","01","26","RP","APM","αὐτοὺς","αὐτοὺς","αὐτούς","αὐτός"
"45","01","26","RA","NSM","ὁ","ὁ","ὁ","ὁ"
"45","01","26","N","NSM","θεὸς","θεὸς","θεός","θεός"
"45","01","26","P","","εἰς","εἰς","εἰς","εἰς"
"45","01","26","N","APN","πάθη","πάθη","πάθη","πάθος"
"45","01","26","N","GSF","ἀτιμίας·","ἀτιμίας","ἀτιμίας","ἀτιμία"
"45","01","26","RA","NPF","αἵ","αἵ","αἱ","ὁ"
"45","01","26","C","","τε","τε","τέ","τέ"
"45","01","26","C","","γὰρ","γὰρ","γάρ","γάρ"
"45","01","26","A","NPF","θήλειαι","θήλειαι","θήλειαι","θῆλυς"
"45","01","26","RP","GPM","αὐτῶν","αὐτῶν","αὐτῶν","αὐτός"
"45","01","26","V","3AAI-P","μετήλλαξαν","μετήλλαξαν","μετήλλαξαν","μεταλλάσσω"
"45","01","26","RA","ASF","τὴν","τὴν","τήν","ὁ"
"45","01","26","A","ASF","φυσικὴν","φυσικὴν","φυσικήν","φυσικός"
"45","01","26","N","ASF","χρῆσιν","χρῆσιν","χρῆσιν","χρῆσις"
"45","01","26","P","","εἰς","εἰς","εἰς","εἰς"
"45","01","26","RA","ASF","τὴν","τὴν","τήν","ὁ"
"45","01","26","P","","παρὰ","παρὰ","παρά","παρά"
"45","01","26","N","ASF","φύσιν,","φύσιν","φύσιν","φύσις"
"45","01","27","D","","ὁμοίως","ὁμοίως","ὁμοίως","ὁμοίως"
"45","01","27","C","","τε","τε","τέ","τέ"
"45","01","27","D","","καὶ","καὶ","καί","καί"
"45","01","27","RA","NPM","οἱ","οἱ","οἱ","ὁ"
"45","01","27","A","NPM","ἄρσενες","ἄρσενες","ἄρσενες","ἄρσην"
"45","01","27","V","AAPNPM","ἀφέντες","ἀφέντες","ἀφέντες","ἀφίημι"
"45","01","27","RA","ASF","τὴν","τὴν","τήν","ὁ"
"45","01","27","A","ASF","φυσικὴν","φυσικὴν","φυσικήν","φυσικός"
"45","01","27","N","ASF","χρῆσιν","χρῆσιν","χρῆσιν","χρῆσις"
"45","01","27","RA","GSF","τῆς","τῆς","τῆς","ὁ"
"45","01","27","A","GSF","θηλείας","θηλείας","θηλείας","θῆλυς"
"45","01","27","V","3API-P","ἐξεκαύθησαν","ἐξεκαύθησαν","ἐξεκαύθησαν","ἐκκαίομαι"
"45","01","27","P","","ἐν","ἐν","ἐν","ἐν"
"45","01","27","RA","DSF","τῇ","τῇ","τῇ","ὁ"
"45","01","27","N","DSF","ὀρέξει","ὀρέξει","ὀρέξει","ὄρεξις"
"45","01","27","RP","GPM","αὐτῶν","αὐτῶν","αὐτῶν","αὐτός"
"45","01","27","P","","εἰς","εἰς","εἰς","εἰς"
"45","01","27","RP","APM","ἀλλήλους,","ἀλλήλους","ἀλλήλους","ἀλλήλων"
"45","01","27","A","NPM","ἄρσενες","ἄρσενες","ἄρσενες","ἄρσην"
"45","01","27","P","","ἐν","ἐν","ἐν","ἐν"
"45","01","27","A","DPM","ἄρσεσιν","ἄρσεσιν","ἄρσεσι(ν)","ἄρσην"
"45","01","27","RA","ASF","τὴν","τὴν","τήν","ὁ"
"45","01","27","N","ASF","ἀσχημοσύνην","ἀσχημοσύνην","ἀσχημοσύνην","ἀσχημοσύνη"
"45","01","27","V","PMPNPM","κατεργαζόμενοι","κατεργαζόμενοι","κατεργαζόμενοι","κατεργάζομαι"
"45","01","27","C","","καὶ","καὶ","καί","καί"
"45","01","27","RA","ASF","τὴν","τὴν","τήν","ὁ"
"45","01","27","N","ASF","ἀντιμισθίαν","ἀντιμισθίαν","ἀντιμισθίαν","ἀντιμισθία"
"45","01","27","RR","ASF","ἣν","ἣν","ἥν","ὅς"
"45","01","27","V","3IAI-S","ἔδει","ἔδει","ἔδει","δέω"
"45","01","27","RA","GSF","τῆς","τῆς","τῆς","ὁ"
"45","01","27","N","GSF","πλάνης","πλάνης","πλάνης","πλάνη"
"45","01","27","RP","GPM","αὐτῶν","αὐτῶν","αὐτῶν","αὐτός"
"45","01","27","P","","ἐν","ἐν","ἐν","ἐν"
"45","01","27","RP","DPM","⸀ἑαυτοῖς","ἑαυτοῖς","ἑαυτοῖς","ἑαυτοῦ"
"45","01","27","V","PAPNPM","ἀπολαμβάνοντες.","ἀπολαμβάνοντες","ἀπολαμβάνοντες","ἀπολαμβάνω"
"45","01","28","C","","Καὶ","Καὶ","καί","καί"
"45","01","28","C","","καθὼς","καθὼς","καθώς","καθώς"
"45","01","28","D","","οὐκ","οὐκ","οὐ","οὐ"
"45","01","28","V","3AAI-P","ἐδοκίμασαν","ἐδοκίμασαν","ἐδοκίμασαν","δοκιμάζω"
"45","01","28","RA","ASM","τὸν","τὸν","τόν","ὁ"
"45","01","28","N","ASM","θεὸν","θεὸν","θεόν","θεός"
"45","01","28","V","PAN","ἔχειν","ἔχειν","ἔχειν","ἔχω"
"45","01","28","P","","ἐν","ἐν","ἐν","ἐν"
"45","01","28","N","DSF","ἐπιγνώσει,","ἐπιγνώσει","ἐπιγνώσει","ἐπίγνωσις"
"45","01","28","V","3AAI-S","παρέδωκεν","παρέδωκεν","παρέδωκε(ν)","παραδίδωμι"
"45","01","28","RP","APM","αὐτοὺς","αὐτοὺς","αὐτούς","αὐτός"
"45","01","28","RA","NSM","ὁ","ὁ","ὁ","ὁ"
"45","01","28","N","NSM","θεὸς","θεὸς","θεός","θεός"
"45","01","28","P","","εἰς","εἰς","εἰς","εἰς"
"45","01","28","A","ASM","ἀδόκιμον","ἀδόκιμον","ἀδόκιμον","ἀδόκιμος"
"45","01","28","N","ASM","νοῦν,","νοῦν","νοῦν","νοῦς"
"45","01","28","V","PAN","ποιεῖν","ποιεῖν","ποιεῖν","ποιέω"
"45","01","28","RA","APN","τὰ","τὰ","τά","ὁ"
"45","01","28","D","","μὴ","μὴ","μή","μή"
"45","01","28","V","PAPAPN","καθήκοντα,","καθήκοντα","καθήκοντα","καθήκω"
"45","01","29","V","XPPAPM","πεπληρωμένους","πεπληρωμένους","πεπληρωμένους","πληρόω"
"45","01","29","A","DSF","πάσῃ","πάσῃ","πάσῃ","πᾶς"
"45","01","29","N","DSF","⸀ἀδικίᾳ","ἀδικίᾳ","ἀδικίᾳ","ἀδικία"
"45","01","29","N","DSF","πονηρίᾳ","πονηρίᾳ","πονηρίᾳ","πονηρία"
"45","01","29","N","DSF","πλεονεξίᾳ","πλεονεξίᾳ","πλεονεξίᾳ","πλεονεξία"
"45","01","29","N","DSF","κακίᾳ,","κακίᾳ","κακίᾳ","κακία"
"45","01","29","A","APM","μεστοὺς","μεστοὺς","μεστούς","μεστός"
"45","01","29","N","GSM","φθόνου","φθόνου","φθόνου","φθόνος"
"45","01","29","N","GSM","φόνου","φόνου","φόνου","φόνος"
"45","01","29","N","GSF","ἔριδος","ἔριδος","ἔριδος","ἔρις"
"45","01","29","N","GSM","δόλου","δόλου","δόλου","δόλος"
"45","01","29","N","GSF","κακοηθείας,","κακοηθείας","κακοηθείας","κακοήθεια"
"45","01","29","N","APM","ψιθυριστάς,","ψιθυριστάς","ψιθυριστάς","ψιθυριστής"
"45","01","30","A","APM","καταλάλους,","καταλάλους","καταλάλους","κατάλαλος"
"45","01","30","A","APM","θεοστυγεῖς,","θεοστυγεῖς","θεοστυγεῖς","θεοστυγής"
"45","01","30","N","APM","ὑβριστάς,","ὑβριστάς","ὑβριστάς","ὑβριστής"
"45","01","30","A","APM","ὑπερηφάνους,","ὑπερηφάνους","ὑπερηφάνους","ὑπερήφανος"
"45","01","30","N","APM","ἀλαζόνας,","ἀλαζόνας","ἀλαζόνας","ἀλαζών"
"45","01","30","N","APM","ἐφευρετὰς","ἐφευρετὰς","ἐφευρετάς","ἐφευρετής"
"45","01","30","A","GPN","κακῶν,","κακῶν","κακῶν","κακός"
"45","01","30","N","DPM","γονεῦσιν","γονεῦσιν","γονεῦσι(ν)","γονεύς"
"45","01","30","A","APM","ἀπειθεῖς,","ἀπειθεῖς","ἀπειθεῖς","ἀπειθής"
"45","01","31","A","APM","ἀσυνέτους,","ἀσυνέτους","ἀσυνέτους","ἀσύνετος"
"45","01","31","A","APM","ἀσυνθέτους,","ἀσυνθέτους","ἀσυνθέτους","ἀσύνθετος"
"45","01","31","A","APM","⸀ἀστόργους,","ἀστόργους","ἀστόργους","ἄστοργος"
"45","01","31","A","APM","ἀνελεήμονας·","ἀνελεήμονας","ἀνελεήμονας","ἀνελεήμων"
"45","01","32","RR","NPM","οἵτινες","οἵτινες","οἵτινες","ὅστις"
"45","01","32","RA","ASN","τὸ","τὸ","τό","ὁ"
"45","01","32","N","ASN","δικαίωμα","δικαίωμα","δικαίωμα","δικαίωμα"
"45","01","32","RA","GSM","τοῦ","τοῦ","τοῦ","ὁ"
"45","01","32","N","GSM","θεοῦ","θεοῦ","θεοῦ","θεός"
"45","01","32","V","AAPNPM","ἐπιγνόντες,","ἐπιγνόντες","ἐπιγνόντες","ἐπιγινώσκω"
"45","01","32","D","","ὅτι","ὅτι","ὅτι","ὅτι"
"45","01","32","RA","NPM","οἱ","οἱ","οἱ","ὁ"
"45","01","32","RA","APN","τὰ","τὰ","τά","ὁ"
"45","01","32","RD","APN","τοιαῦτα","τοιαῦτα","τοιαῦτα","τοιοῦτος"
"45","01","32","V","PAPNPM","πράσσοντες","πράσσοντες","πράσσοντες","πράσσω"
"45","01","32","A","NPM","ἄξιοι","ἄξιοι","ἄξιοι","ἄξιος"
"45","01","32","N","GSM","θανάτου","θανάτου","θανάτου","θάνατος"
"45","01","32","V","3PAI-P","εἰσίν,","εἰσίν","εἰσί(ν)","εἰμί"
"45","01","32","D","","οὐ","οὐ","οὐ","οὐ"
"45","01","32","A","ASN","μόνον","μόνον","μόνον","μόνος"
"45","01","32","RP","APN","αὐτὰ","αὐτὰ","αὐτά","αὐτός"
"45","01","32","V","3PAI-P","ποιοῦσιν","ποιοῦσιν","ποιοῦσι(ν)","ποιέω"
"45","01","32","C","","ἀλλὰ","ἀλλὰ","ἀλλά","ἀλλά"
"45","01","32","D","","καὶ","καὶ","καί","καί"
"45","01","32","V","3PAI-P","συνευδοκοῦσιν","συνευδοκοῦσιν","συνευδοκοῦσι(ν)","συνευδοκέω"
"45","01","32","RA","DPM","τοῖς","τοῖς","τοῖς","ὁ"
"45","01","32","V","PAPDPM","πράσσουσιν.","πράσσουσιν","πράσσουσι(ν)","πράσσω"
"45","02","01","C","","Διὸ","Διὸ","διό","διό"
"45","02","01","A","NSM","ἀναπολόγητος","ἀναπολόγητος","ἀναπολόγητος","ἀναπολόγητος"
"45","02","01","V","2PAI-S","εἶ,","εἶ","εἶ","εἰμί"
"45","02","01","I","","ὦ","ὦ","ὦ","ὦ"
"45","02","01","N","VSM","ἄνθρωπε","ἄνθρωπε","ἄνθρωπε","ἄνθρωπος"
"45","02","01","A","NSM","πᾶς","πᾶς","πᾶς","πᾶς"
"45","02","01","RA","NSM","ὁ","ὁ","ὁ","ὁ"
"45","02","01","V","PAPNSM","κρίνων·","κρίνων","κρίνων","κρίνω"
"45","02","01","P","","ἐν","ἐν","ἐν","ἐν"
"45","02","01","RR","DSN","ᾧ","ᾧ","ᾧ","ὅς"
"45","02","01","C","","γὰρ","γὰρ","γάρ","γάρ"
"45","02","01","V","2PAI-S","κρίνεις","κρίνεις","κρίνεις","κρίνω"
"45","02","01","RA","ASM","τὸν","τὸν","τόν","ὁ"
"45","02","01","A","ASM","ἕτερον,","ἕτερον","ἕτερον","ἕτερος"
"45","02","01","RP","ASM","σεαυτὸν","σεαυτὸν","σεαυτόν","σεαυτοῦ"
"45","02","01","V","2PAI-S","κατακρίνεις,","κατακρίνεις","κατακρίνεις","κατακρίνω"
"45","02","01","RA","APN","τὰ","τὰ","τά","ὁ"
"45","02","01","C","","γὰρ","γὰρ","γάρ","γάρ"
"45","02","01","A","APN","αὐτὰ","αὐτὰ","αὐτά","αὐτός"
"45","02","01","V","2PAI-S","πράσσεις","πράσσεις","πράσσεις","πράσσω"
"45","02","01","RA","NSM","ὁ","ὁ","ὁ","ὁ"
"45","02","01","V","PAPNSM","κρίνων·","κρίνων","κρίνων","κρίνω"
"45","02","02","V","1XAI-P","οἴδαμεν","οἴδαμεν","οἴδαμεν","οἶδα"
"45","02","02","C","","δὲ","δὲ","δέ","δέ"
"45","02","02","C","","ὅτι","ὅτι","ὅτι","ὅτι"
"45","02","02","RA","NSN","τὸ","τὸ","τό","ὁ"
"45","02","02","N","NSN","κρίμα","κρίμα","κρίμα","κρίμα"
"45","02","02","RA","GSM","τοῦ","τοῦ","τοῦ","ὁ"
"45","02","02","N","GSM","θεοῦ","θεοῦ","θεοῦ","θεός"
"45","02","02","V","3PAI-S","ἐστιν","ἐστιν","ἐστί(ν)","εἰμί"
"45","02","02","P","","κατὰ","κατὰ","κατά","κατά"
"45","02","02","N","ASF","ἀλήθειαν","ἀλήθειαν","ἀλήθειαν","ἀλήθεια"
"45","02","02","P","","ἐπὶ","ἐπὶ","ἐπί","ἐπί"
"45","02","02","RA","APM","τοὺς","τοὺς","τούς","ὁ"
"45","02","02","RA","APN","τὰ","τὰ","τά","ὁ"
"45","02","02","RD","APN","τοιαῦτα","τοιαῦτα","τοιαῦτα","τοιοῦτος"
"45","02","02","V","PAPAPM","πράσσοντας.","πράσσοντας","πράσσοντας","πράσσω"
"45","02","03","V","2PMI-S","λογίζῃ","λογίζῃ","λογίζῃ","λογίζομαι"
"45","02","03","C","","δὲ","δὲ","δέ","δέ"
"45","02","03","RD","ASN","τοῦτο,","τοῦτο","τοῦτο","οὗτος"
"45","02","03","I","","ὦ","ὦ","ὦ","ὦ"
"45","02","03","N","VSM","ἄνθρωπε","ἄνθρωπε","ἄνθρωπε","ἄνθρωπος"
"45","02","03","RA","NSM","ὁ","ὁ","ὁ","ὁ"
"45","02","03","V","PAPNSM","κρίνων","κρίνων","κρίνων","κρίνω"
"45","02","03","RA","APM","τοὺς","τοὺς","τούς","ὁ"
"45","02","03","RA","APN","τὰ","τὰ","τά","ὁ"
"45","02","03","RD","APN","τοιαῦτα","τοιαῦτα","τοιαῦτα","τοιοῦτος"
"45","02","03","V","PAPAPM","πράσσοντας","πράσσοντας","πράσσοντας","πράσσω"
"45","02","03","C","","καὶ","καὶ","καί","καί"
"45","02","03","V","PAPNSM","ποιῶν","ποιῶν","ποιῶν","ποιέω"
"45","02","03","RP","APN","αὐτά,","αὐτά","αὐτά","αὐτός"
"45","02","03","D","","ὅτι","ὅτι","ὅτι","ὅτι"
"45","02","03","RP","NS","σὺ","σὺ","σύ","σύ"
"45","02","03","V","2FMI-S","ἐκφεύξῃ","ἐκφεύξῃ","ἐκφεύξῃ","ἐκφεύγω"
"45","02","03","RA","ASN","τὸ","τὸ","τό","ὁ"
"45","02","03","N","ASN","κρίμα","κρίμα","κρίμα","κρίμα"
"45","02","03","RA","GSM","τοῦ","τοῦ","τοῦ","ὁ"
"45","02","03","N","GSM","θεοῦ;","θεοῦ","θεοῦ","θεός"
"45","02","04","C","","ἢ","ἢ","ἤ","ἤ"
"45","02","04","RA","GSM","τοῦ","τοῦ","τοῦ","ὁ"
"45","02","04","N","GSM","πλούτου","πλούτου","πλούτου","πλοῦτος"
"45","02","04","RA","GSF","τῆς","τῆς","τῆς","ὁ"
"45","02","04","N","GSF","χρηστότητος","χρηστότητος","χρηστότητος","χρηστότης"
"45","02","04","RP","GSM","αὐτοῦ","αὐτοῦ","αὐτοῦ","αὐτός"
"45","02","04","C","","καὶ","καὶ","καί","καί"
"45","02","04","RA","GSF","τῆς","τῆς","τῆς","ὁ"
"45","02","04","N","GSF","ἀνοχῆς","ἀνοχῆς","ἀνοχῆς","ἀνοχή"
"45","02","04","C","","καὶ","καὶ","καί","καί"
"45","02","04","RA","GSF","τῆς","τῆς","τῆς","ὁ"
"45","02","04","N","GSF","μακροθυμίας","μακροθυμίας","μακροθυμίας","μακροθυμία"
"45","02","04","V","2PAI-S","καταφρονεῖς,","καταφρονεῖς","καταφρονεῖς","καταφρονέω"
"45","02","04","V","PAPNSM","ἀγνοῶν","ἀγνοῶν","ἀγνοῶν","ἀγνοέω"
"45","02","04","C","","ὅτι","ὅτι","ὅτι","ὅτι"
"45","02","04","RA","NSN","τὸ","τὸ","τό","ὁ"
"45","02","04","A","NSN","χρηστὸν","χρηστὸν","χρηστόν","χρηστός"
"45","02","04","RA","GSM","τοῦ","τοῦ","τοῦ","ὁ"
"45","02","04","N","GSM","θεοῦ","θεοῦ","θεοῦ","θεός"
"45","02","04","P","","εἰς","εἰς","εἰς","εἰς"
"45","02","04","N","ASF","μετάνοιάν","μετάνοιάν","μετάνοιαν","μετάνοια"
"45","02","04","RP","AS","σε","σε","σε","σύ"
"45","02","04","V","3PAI-S","ἄγει;","ἄγει","ἄγει","ἄγω"
"45","02","05","P","","κατὰ","κατὰ","κατά","κατά"
"45","02","05","C","","δὲ","δὲ","δέ","δέ"
"45","02","05","RA","ASF","τὴν","τὴν","τήν","ὁ"
"45","02","05","N","ASF","σκληρότητά","σκληρότητά","σκληρότητα","σκληρότης"
"45","02","05","RP","GS","σου","σου","σου","σύ"
"45","02","05","C","","καὶ","καὶ","καί","καί"
"45","02","05","A","ASF","ἀμετανόητον","ἀμετανόητον","ἀμετανόητον","ἀμετανόητος"
"45","02","05","N","ASF","καρδίαν","καρδίαν","καρδίαν","καρδία"
"45","02","05","V","2PAI-S","θησαυρίζεις","θησαυρίζεις","θησαυρίζεις","θησαυρίζω"
"45","02","05","RP","DSM","σεαυτῷ","σεαυτῷ","σεαυτῷ","σεαυτοῦ"
"45","02","05","N","ASF","ὀργὴν","ὀργὴν","ὀργήν","ὀργή"
"45","02","05","P","","ἐν","ἐν","ἐν","ἐν"
"45","02","05","N","DSF","ἡμέρᾳ","ἡμέρᾳ","ἡμέρᾳ","ἡμέρα"
"45","02","05","N","GSF","ὀργῆς","ὀργῆς","ὀργῆς","ὀργή"
"45","02","05","C","","καὶ","καὶ","καί","καί"
"45","02","05","N","GSF","⸀ἀποκαλύψεως","ἀποκαλύψεως","ἀποκαλύψεως","ἀποκάλυψις"
"45","02","05","N","GSF","δικαιοκρισίας","δικαιοκρισίας","δικαιοκρισίας","δικαιοκρισία"
"45","02","05","RA","GSM","τοῦ","τοῦ","τοῦ","ὁ"
"45","02","05","N","GSM","θεοῦ,","θεοῦ","θεοῦ","θεός"
"45","02","06","RR","NSM","ὃς","ὃς","ὅς","ὅς"
"45","02","06","V","3FAI-S","ἀποδώσει","ἀποδώσει","ἀποδώσει","ἀποδίδωμι"
"45","02","06","A","DSM","ἑκάστῳ","ἑκάστῳ","ἑκάστῳ","ἕκαστος"
"45","02","06","P","","κατὰ","κατὰ","κατά","κατά"
"45","02","06","RA","APN","τὰ","τὰ","τά","ὁ"
"45","02","06","N","APN","ἔργα","ἔργα","ἔργα","ἔργον"
"45","02","06","RP","GSM","αὐτοῦ·","αὐτοῦ","αὐτοῦ","αὐτός"
"45","02","07","RA","DPM","τοῖς","τοῖς","τοῖς","ὁ"
"45","02","07","C","","μὲν","μὲν","μέν","μέν"
"45","02","07","P","","καθ’","καθ’","κατά","κατά"
"45","02","07","N","ASF","ὑπομονὴν","ὑπομονὴν","ὑπομονήν","ὑπομονή"
"45","02","07","N","GSN","ἔργου","ἔργου","ἔργου","ἔργον"
"45","02","07","A","GSN","ἀγαθοῦ","ἀγαθοῦ","ἀγαθοῦ","ἀγαθός"
"45","02","07","N","ASF","δόξαν","δόξαν","δόξαν","δόξα"
"45","02","07","C","","καὶ","καὶ","καί","καί"
"45","02","07","N","ASF","τιμὴν","τιμὴν","τιμήν","τιμή"
"45","02","07","C","","καὶ","καὶ","καί","καί"
"45","02","07","N","ASF","ἀφθαρσίαν","ἀφθαρσίαν","ἀφθαρσίαν","ἀφθαρσία"
"45","02","07","V","PAPDPM","ζητοῦσιν","ζητοῦσιν","ζητοῦσι(ν)","ζητέω"
"45","02","07","N","ASF","ζωὴν","ζωὴν","ζωήν","ζωή"
"45","02","07","A","ASF","αἰώνιον·","αἰώνιον","αἰώνιον","αἰώνιος"
"45","02","08","RA","DPM","τοῖς","τοῖς","τοῖς","ὁ"
"45","02","08","C","","δὲ","δὲ","δέ","δέ"
"45","02","08","P","","ἐξ","ἐξ","ἐκ","ἐκ"
"45","02","08","N","GSF","ἐριθείας","ἐριθείας","ἐριθείας","ἐριθεία"
"45","02","08","C","","καὶ","καὶ","καί","καί"
"45","02","08","V","PAPDPM","⸀ἀπειθοῦσι","ἀπειθοῦσι","ἀπειθοῦσι(ν)","ἀπειθέω"
"45","02","08","RA","DSF","τῇ","τῇ","τῇ","ὁ"
"45","02","08","N","DSF","ἀληθείᾳ","ἀληθείᾳ","ἀληθείᾳ","ἀλήθεια"
"45","02","08","V","PPPDPM","πειθομένοις","πειθομένοις","πειθομένοις","πείθω"
"45","02","08","C","","δὲ","δὲ","δέ","δέ"
"45","02","08","RA","DSF","τῇ","τῇ","τῇ","ὁ"
"45","02","08","N","DSF","ἀδικίᾳ","ἀδικίᾳ","ἀδικίᾳ","ἀδικία"
"45","02","08","N","NSF","⸂ὀργὴ","ὀργὴ","ὀργή","ὀργή"
"45","02","08","C","","καὶ","καὶ","καί","καί"
"45","02","08","N","NSM","θυμός⸃,","θυμός","θυμός","θυμός"
"45","02","09","N","NSF","θλῖψις","θλῖψις","θλῖψις","θλῖψις"
"45","02","09","C","","καὶ","καὶ","καί","καί"
"45","02","09","N","NSF","στενοχωρία,","στενοχωρία","στενοχωρία","στενοχωρία"
"45","02","09","P","","ἐπὶ","ἐπὶ","ἐπί","ἐπί"
"45","02","09","A","ASF","πᾶσαν","πᾶσαν","πᾶσαν","πᾶς"
"45","02","09","N","ASF","ψυχὴν","ψυχὴν","ψυχήν","ψυχή"
"45","02","09","N","GSM","ἀνθρώπου","ἀνθρώπου","ἀνθρώπου","ἄνθρωπος"
"45","02","09","RA","GSM","τοῦ","τοῦ","τοῦ","ὁ"
"45","02","09","V","PMPGSM","κατεργαζομένου","κατεργαζομένου","κατεργαζομένου","κατεργάζομαι"
"45","02","09","RA","ASN","τὸ","τὸ","τό","ὁ"
"45","02","09","A","ASN","κακόν,","κακόν","κακόν","κακός"
"45","02","09","A","GSM","Ἰουδαίου","Ἰουδαίου","Ἰουδαίου","Ἰουδαῖος"
"45","02","09","C","","τε","τε","τέ","τέ"
"45","02","09","A","ASN","πρῶτον","πρῶτον","πρῶτον","πρῶτος"
"45","02","09","C","","καὶ","καὶ","καί","καί"
"45","02","09","N","GSM","Ἕλληνος·","Ἕλληνος","Ἕλληνος","Ἕλλην"
"45","02","10","N","NSF","δόξα","δόξα","δόξα","δόξα"
"45","02","10","C","","δὲ","δὲ","δέ","δέ"
"45","02","10","C","","καὶ","καὶ","καί","καί"
"45","02","10","N","NSF","τιμὴ","τιμὴ","τιμή","τιμή"
"45","02","10","C","","καὶ","καὶ","καί","καί"
"45","02","10","N","NSF","εἰρήνη","εἰρήνη","εἰρήνη","εἰρήνη"
"45","02","10","A","DSM","παντὶ","παντὶ","παντί","πᾶς"
"45","02","10","RA","DSM","τῷ","τῷ","τῷ","ὁ"
"45","02","10","V","PMPDSM","ἐργαζομένῳ","ἐργαζομένῳ","ἐργαζομένῳ","ἐργάζομαι"
"45","02","10","RA","ASN","τὸ","τὸ","τό","ὁ"
"45","02","10","A","ASN","ἀγαθόν,","ἀγαθόν","ἀγαθόν","ἀγαθός"
"45","02","10","A","DSM","Ἰουδαίῳ","Ἰουδαίῳ","Ἰουδαίῳ","Ἰουδαῖος"
"45","02","10","C","","τε","τε","τέ","τέ"
"45","02","10","A","ASN","πρῶτον","πρῶτον","πρῶτον","πρῶτος"
"45","02","10","C","","καὶ","καὶ","καί","καί"
"45","02","10","N","DSM","Ἕλληνι·","Ἕλληνι","Ἕλληνι","Ἕλλην"
"45","02","11","D","","οὐ","οὐ","οὐ","οὐ"
"45","02","11","C","","γάρ","γάρ","γάρ","γάρ"
"45","02","11","V","3PAI-S","ἐστιν","ἐστιν","ἐστί(ν)","εἰμί"
"45","02","11","N","NSF","προσωπολημψία","προσωπολημψία","προσωπολημψία","προσωπολημψία"
"45","02","11","P","","παρὰ","παρὰ","παρά","παρά"
"45","02","11","RA","DSM","τῷ","τῷ","τῷ","ὁ"
"45","02","11","N","DSM","θεῷ.","θεῷ","θεῷ","θεός"
"45","02","12","RR","NPM","Ὅσοι","Ὅσοι","ὅσοι","ὅσος"
"45","02","12","C","","γὰρ","γὰρ","γάρ","γάρ"
"45","02","12","D","","ἀνόμως","ἀνόμως","ἀνόμως","ἀνόμως"
"45","02","12","V","3AAI-P","ἥμαρτον,","ἥμαρτον","ἥμαρτον","ἁμαρτάνω"
"45","02","12","D","","ἀνόμως","ἀνόμως","ἀνόμως","ἀνόμως"
"45","02","12","D","","καὶ","καὶ","καί","καί"
"45","02","12","V","3FMI-P","ἀπολοῦνται·","ἀπολοῦνται","ἀπολοῦνται","ἀπόλλυμι"
"45","02","12","C","","καὶ","καὶ","καί","καί"
"45","02","12","RR","NPM","ὅσοι","ὅσοι","ὅσοι","ὅσος"
"45","02","12","P","","ἐν","ἐν","ἐν","ἐν"
"45","02","12","N","DSM","νόμῳ","νόμῳ","νόμῳ","νόμος"
"45","02","12","V","3AAI-P","ἥμαρτον,","ἥμαρτον","ἥμαρτον","ἁμαρτάνω"
"45","02","12","P","","διὰ","διὰ","διά","διά"
"45","02","12","N","GSM","νόμου","νόμου","νόμου","νόμος"
"45","02","12","V","3FPI-P","κριθήσονται·","κριθήσονται","κριθήσονται","κρίνω"
"45","02","13","D","","οὐ","οὐ","οὐ","οὐ"
"45","02","13","C","","γὰρ","γὰρ","γάρ","γάρ"
"45","02","13","RA","NPM","οἱ","οἱ","οἱ","ὁ"
"45","02","13","N","NPM","ἀκροαταὶ","ἀκροαταὶ","ἀκροαταί","ἀκροατής"
"45","02","13","N","GSM","⸀νόμου","νόμου","νόμου","νόμος"
"45","02","13","A","NPM","δίκαιοι","δίκαιοι","δίκαιοι","δίκαιος"
"45","02","13","P","","παρὰ","παρὰ","παρά","παρά"
"45","02","13","RA","DSM","⸀τῷ","τῷ","τῷ","ὁ"
"45","02","13","N","DSM","θεῷ,","θεῷ","θεῷ","θεός"
"45","02","13","C","","ἀλλ’","ἀλλ’","ἀλλά","ἀλλά"
"45","02","13","RA","NPM","οἱ","οἱ","οἱ","ὁ"
"45","02","13","N","NPM","ποιηταὶ","ποιηταὶ","ποιηταί","ποιητής"
"45","02","13","N","GSM","⸁νόμου","νόμου","νόμου","νόμος"
"45","02","13","V","3FPI-P","δικαιωθήσονται.","δικαιωθήσονται","δικαιωθήσονται","δικαιόω"
"45","02","14","C","","ὅταν","ὅταν","ὅταν","ὅταν"
"45","02","14","C","","γὰρ","γὰρ","γάρ","γάρ"
"45","02","14","N","NPN","ἔθνη","ἔθνη","ἔθνη","ἔθνος"
"45","02","14","RA","NPN","τὰ","τὰ","τά","ὁ"
"45","02","14","D","","μὴ","μὴ","μή","μή"
"45","02","14","N","ASM","νόμον","νόμον","νόμον","νόμος"
"45","02","14","V","PAPNPN","ἔχοντα","ἔχοντα","ἔχοντα","ἔχω"
"45","02","14","N","DSF","φύσει","φύσει","φύσει","φύσις"
"45","02","14","RA","APN","τὰ","τὰ","τά","ὁ"
"45","02","14","RA","GSM","τοῦ","τοῦ","τοῦ","ὁ"
"45","02","14","N","GSM","νόμου","νόμου","νόμου","νόμος"
"45","02","14","V","3PAS-P","⸀ποιῶσιν,","ποιῶσιν","ποιῶσι(ν)","ποιέω"
"45","02","14","RD","NPM","οὗτοι","οὗτοι","οὗτοι","οὗτος"
"45","02","14","N","ASM","νόμον","νόμον","νόμον","νόμος"
"45","02","14","D","","μὴ","μὴ","μή","μή"
"45","02","14","V","PAPNPM","ἔχοντες","ἔχοντες","ἔχοντες","ἔχω"
"45","02","14","RP","DPM","ἑαυτοῖς","ἑαυτοῖς","ἑαυτοῖς","ἑαυτοῦ"
"45","02","14","V","3PAI-P","εἰσιν","εἰσιν","εἰσί(ν)","εἰμί"
"45","02","14","N","NSM","νόμος·","νόμος","νόμος","νόμος"
"45","02","15","RR","NPM","οἵτινες","οἵτινες","οἵτινες","ὅστις"
"45","02","15","V","3PMI-P","ἐνδείκνυνται","ἐνδείκνυνται","ἐνδείκνυνται","ἐνδείκνυμι"
"45","02","15","RA","ASN","τὸ","τὸ","τό","ὁ"
"45","02","15","N","ASN","ἔργον","ἔργον","ἔργον","ἔργον"
"45","02","15","RA","GSM","τοῦ","τοῦ","τοῦ","ὁ"
"45","02","15","N","GSM","νόμου","νόμου","νόμου","νόμος"
"45","02","15","A","ASN","γραπτὸν","γραπτὸν","γραπτόν","γραπτός"
"45","02","15","P","","ἐν","ἐν","ἐν","ἐν"
"45","02","15","RA","DPF","ταῖς","ταῖς","ταῖς","ὁ"
"45","02","15","N","DPF","καρδίαις","καρδίαις","καρδίαις","καρδία"
"45","02","15","RP","GPM","αὐτῶν,","αὐτῶν","αὐτῶν","αὐτός"
"45","02","15","V","PAPGSF","συμμαρτυρούσης","συμμαρτυρούσης","συμμαρτυρούσης","συμμαρτυρέω"
"45","02","15","RP","GPM","αὐτῶν","αὐτῶν","αὐτῶν","αὐτός"
"45","02","15","RA","GSF","τῆς","τῆς","τῆς","ὁ"
"45","02","15","N","GSF","συνειδήσεως","συνειδήσεως","συνειδήσεως","συνείδησις"
"45","02","15","C","","καὶ","καὶ","καί","καί"
"45","02","15","P","","μεταξὺ","μεταξὺ","μεταξύ","μεταξύ"
"45","02","15","RP","GPM","ἀλλήλων","ἀλλήλων","ἀλλήλων","ἀλλήλων"
"45","02","15","RA","GPM","τῶν","τῶν","τῶν","ὁ"
"45","02","15","N","GPM","λογισμῶν","λογισμῶν","λογισμῶν","λογισμός"
"45","02","15","V","PAPGPM","κατηγορούντων","κατηγορούντων","κατηγορούντων","κατηγορέω"
"45","02","15","C","","ἢ","ἢ","ἤ","ἤ"
"45","02","15","D","","καὶ","καὶ","καί","καί"
"45","02","15","V","PMPGPM","ἀπολογουμένων,","ἀπολογουμένων","ἀπολογουμένων","ἀπολογέομαι"
"45","02","16","P","","ἐν","ἐν","ἐν","ἐν"
"45","02","16","N","DSF","⸂ἡμέρᾳ","ἡμέρᾳ","ἡμέρᾳ","ἡμέρα"
"45","02","16","D","","ὅτε⸃","ὅτε","ὅτε","ὅτε"
"45","02","16","V","3PAI-S","⸀κρίνει","κρίνει","κρίνει","κρίνω"
"45","02","16","RA","NSM","ὁ","ὁ","ὁ","ὁ"
"45","02","16","N","NSM","θεὸς","θεὸς","θεός","θεός"
"45","02","16","RA","APN","τὰ","τὰ","τά","ὁ"
"45","02","16","A","APN","κρυπτὰ","κρυπτὰ","κρυπτά","κρυπτός"
"45","02","16","RA","GPM","τῶν","τῶν","τῶν","ὁ"
"45","02","16","N","GPM","ἀνθρώπων","ἀνθρώπων","ἀνθρώπων","ἄνθρωπος"
"45","02","16","P","","κατὰ","κατὰ","κατά","κατά"
"45","02","16","RA","ASN","τὸ","τὸ","τό","ὁ"
"45","02","16","N","ASN","εὐαγγέλιόν","εὐαγγέλιόν","εὐαγγέλιον","εὐαγγέλιον"
"45","02","16","RP","GS","μου","μου","μου","ἐγώ"
"45","02","16","P","","διὰ","διὰ","διά","διά"
"45","02","16","N","GSM","⸂Χριστοῦ","Χριστοῦ","Χριστοῦ","Χριστός"
"45","02","16","N","GSM","Ἰησοῦ⸃.","Ἰησοῦ","Ἰησοῦ","Ἰησοῦς"
"45","02","17","C","","⸂Εἰ","Εἰ","εἰ","εἰ"
"45","02","17","C","","δὲ⸃","δὲ","δέ","δέ"
"45","02","17","RP","NS","σὺ","σὺ","σύ","σύ"
"45","02","17","A","NSM","Ἰουδαῖος","Ἰουδαῖος","Ἰουδαῖος","Ἰουδαῖος"
"45","02","17","V","2PMI-S","ἐπονομάζῃ","ἐπονομάζῃ","ἐπονομάζῃ","ἐπονομάζομαι"
"45","02","17","C","","καὶ","καὶ","καί","καί"
"45","02","17","V","2PMI-S","ἐπαναπαύῃ","ἐπαναπαύῃ","ἐπαναπαύῃ","ἐπαναπαύομαι"
"45","02","17","N","DSM","⸀νόμῳ","νόμῳ","νόμῳ","νόμος"
"45","02","17","C","","καὶ","καὶ","καί","καί"
"45","02","17","V","2PMI-S","καυχᾶσαι","καυχᾶσαι","καυχᾶσαι","καυχάομαι"
"45","02","17","P","","ἐν","ἐν","ἐν","ἐν"
"45","02","17","N","DSM","θεῷ","θεῷ","θεῷ","θεός"
"45","02","18","C","","καὶ","καὶ","καί","καί"
"45","02","18","V","2PAI-S","γινώσκεις","γινώσκεις","γινώσκεις","γινώσκω"
"45","02","18","RA","ASN","τὸ","τὸ","τό","ὁ"
"45","02","18","N","ASN","θέλημα","θέλημα","θέλημα","θέλημα"
"45","02","18","C","","καὶ","καὶ","καί","καί"
"45","02","18","V","2PAI-S","δοκιμάζεις","δοκιμάζεις","δοκιμάζεις","δοκιμάζω"
"45","02","18","RA","APN","τὰ","τὰ","τά","ὁ"
"45","02","18","V","PAPAPN","διαφέροντα","διαφέροντα","διαφέροντα","διαφέρω"
"45","02","18","V","PPPNSM","κατηχούμενος","κατηχούμενος","κατηχούμενος","κατηχέω"
"45","02","18","P","","ἐκ","ἐκ","ἐκ","ἐκ"
"45","02","18","RA","GSM","τοῦ","τοῦ","τοῦ","ὁ"
"45","02","18","N","GSM","νόμου,","νόμου","νόμου","νόμος"
"45","02","19","V","2XAI-S","πέποιθάς","πέποιθάς","πέποιθας","πείθω"
"45","02","19","C","","τε","τε","τέ","τέ"
"45","02","19","RP","ASM","σεαυτὸν","σεαυτὸν","σεαυτόν","σεαυτοῦ"
"45","02","19","N","ASM","ὁδηγὸν","ὁδηγὸν","ὁδηγόν","ὁδηγός"
"45","02","19","V","PAN","εἶναι","εἶναι","εἶναι","εἰμί"
"45","02","19","A","GPM","τυφλῶν,","τυφλῶν","τυφλῶν","τυφλός"
"45","02","19","N","ASN","φῶς","φῶς","φῶς","φῶς"
"45","02","19","RA","GPM","τῶν","τῶν","τῶν","ὁ"
"45","02","19","P","","ἐν","ἐν","ἐν","ἐν"
"45","02","19","N","DSN","σκότει,","σκότει","σκότει","σκότος"
"45","02","20","N","ASM","παιδευτὴν","παιδευτὴν","παιδευτήν","παιδευτής"
"45","02","20","A","GPM","ἀφρόνων,","ἀφρόνων","ἀφρόνων","ἄφρων"
"45","02","20","N","ASM","διδάσκαλον","διδάσκαλον","διδάσκαλον","διδάσκαλος"
"45","02","20","A","GPM","νηπίων,","νηπίων","νηπίων","νήπιος"
"45","02","20","V","PAPASM","ἔχοντα","ἔχοντα","ἔχοντα","ἔχω"
"45","02","20","RA","ASF","τὴν","τὴν","τήν","ὁ"
"45","02","20","N","ASF","μόρφωσιν","μόρφωσιν","μόρφωσιν","μόρφωσις"
"45","02","20","RA","GSF","τῆς","τῆς","τῆς","ὁ"
"45","02","20","N","GSF","γνώσεως","γνώσεως","γνώσεως","γνῶσις"
"45","02","20","C","","καὶ","καὶ","καί","καί"
"45","02","20","RA","GSF","τῆς","τῆς","τῆς","ὁ"
"45","02","20","N","GSF","ἀληθείας","ἀληθείας","ἀληθείας","ἀλήθεια"
"45","02","20","P","","ἐν","ἐν","ἐν","ἐν"
"45","02","20","RA","DSM","τῷ","τῷ","τῷ","ὁ"
"45","02","20","N","DSM","νόμῳ—","νόμῳ","νόμῳ","νόμος"
"45","02","21","RA","NSM","ὁ","ὁ","ὁ","ὁ"
"45","02","21","C","","οὖν","οὖν","οὖν","οὖν"
"45","02","21","V","PAPNSM","διδάσκων","διδάσκων","διδάσκων","διδάσκω"
"45","02","21","A","ASM","ἕτερον","ἕτερον","ἕτερον","ἕτερος"
"45","02","21","RP","ASM","σεαυτὸν","σεαυτὸν","σεαυτόν","σεαυτοῦ"
"45","02","21","D","","οὐ","οὐ","οὐ","οὐ"
"45","02","21","V","2PAI-S","διδάσκεις;","διδάσκεις","διδάσκεις","διδάσκω"
"45","02","21","RA","NSM","ὁ","ὁ","ὁ","ὁ"
"45","02","21","V","PAPNSM","κηρύσσων","κηρύσσων","κηρύσσων","κηρύσσω"
"45","02","21","D","","μὴ","μὴ","μή","μή"
"45","02","21","V","PAN","κλέπτειν","κλέπτειν","κλέπτειν","κλέπτω"
"45","02","21","V","2PAI-S","κλέπτεις;","κλέπτεις","κλέπτεις","κλέπτω"
"45","02","22","RA","NSM","ὁ","ὁ","ὁ","ὁ"
"45","02","22","V","PAPNSM","λέγων","λέγων","λέγων","λέγω"
"45","02","22","D","","μὴ","μὴ","μή","μή"
"45","02","22","V","PAN","μοιχεύειν","μοιχεύειν","μοιχεύειν","μοιχεύω"
"45","02","22","V","2PAI-S","μοιχεύεις;","μοιχεύεις","μοιχεύεις","μοιχεύω"
"45","02","22","RA","NSM","ὁ","ὁ","ὁ","ὁ"
"45","02","22","V","PMPNSM","βδελυσσόμενος","βδελυσσόμενος","βδελυσσόμενος","βδελύσσομαι"
"45","02","22","RA","APN","τὰ","τὰ","τά","ὁ"
"45","02","22","N","APN","εἴδωλα","εἴδωλα","εἴδωλα","εἴδωλον"
"45","02","22","V","2PAI-S","ἱεροσυλεῖς;","ἱεροσυλεῖς","ἱεροσυλεῖς","ἱεροσυλέω"
"45","02","23","RR","NSM","ὃς","ὃς","ὅς","ὅς"
"45","02","23","P","","ἐν","ἐν","ἐν","ἐν"
"45","02","23","N","DSM","νόμῳ","νόμῳ","νόμῳ","νόμος"
"45","02","23","V","2PMI-S","καυχᾶσαι,","καυχᾶσαι","καυχᾶσαι","καυχάομαι"
"45","02","23","P","","διὰ","διὰ","διά","διά"
"45","02","23","RA","GSF","τῆς","τῆς","τῆς","ὁ"
"45","02","23","N","GSF","παραβάσεως","παραβάσεως","παραβάσεως","παράβασις"
"45","02","23","RA","GSM","τοῦ","τοῦ","τοῦ","ὁ"
"45","02","23","N","GSM","νόμου","νόμου","νόμου","νόμος"
"45","02","23","RA","ASM","τὸν","τὸν","τόν","ὁ"
"45","02","23","N","ASM","θεὸν","θεὸν","θεόν","θεός"
"45","02","23","V","2PAI-S","ἀτιμάζεις;","ἀτιμάζεις","ἀτιμάζεις","ἀτιμάζω"
"45","02","24","RA","NSN","τὸ","τὸ","τό","ὁ"
"45","02","24","C","","γὰρ","γὰρ","γάρ","γάρ"
"45","02","24","N","NSN","ὄνομα","ὄνομα","ὄνομα","ὄνομα"
"45","02","24","RA","GSM","τοῦ","τοῦ","τοῦ","ὁ"
"45","02","24","N","GSM","θεοῦ","θεοῦ","θεοῦ","θεός"
"45","02","24","P","","δι’","δι’","διά","διά"
"45","02","24","RP","AP","ὑμᾶς","ὑμᾶς","ὑμᾶς","σύ"
"45","02","24","V","3PPI-S","βλασφημεῖται","βλασφημεῖται","βλασφημεῖται","βλασφημέω"
"45","02","24","P","","ἐν","ἐν","ἐν","ἐν"
"45","02","24","RA","DPN","τοῖς","τοῖς","τοῖς","ὁ"
"45","02","24","N","DPN","ἔθνεσιν,","ἔθνεσιν","ἔθνεσι(ν)","ἔθνος"
"45","02","24","C","","καθὼς","καθὼς","καθώς","καθώς"
"45","02","24","V","3XPI-S","γέγραπται.","γέγραπται","γέγραπται","γράφω"
"45","02","25","N","NSF","Περιτομὴ","Περιτομὴ","περιτομή","περιτομή"
"45","02","25","C","","μὲν","μὲν","μέν","μέν"
"45","02","25","C","","γὰρ","γὰρ","γάρ","γάρ"
"45","02","25","V","3PAI-S","ὠφελεῖ","ὠφελεῖ","ὠφελεῖ","ὠφελέω"
"45","02","25","C","","ἐὰν","ἐὰν","ἐάν","ἐάν"
"45","02","25","N","ASM","νόμον","νόμον","νόμον","νόμος"
"45","02","25","V","2PAS-S","πράσσῃς·","πράσσῃς","πράσσῃς","πράσσω"
"45","02","25","C","","ἐὰν","ἐὰν","ἐάν","ἐάν"
"45","02","25","C","","δὲ","δὲ","δέ","δέ"
"45","02","25","N","NSM","παραβάτης","παραβάτης","παραβάτης","παραβάτης"
"45","02","25","N","GSM","νόμου","νόμου","νόμου","νόμος"
"45","02","25","V","2PAS-S","ᾖς,","ᾖς","ᾖς","εἰμί"
"45","02","25","RA","NSF","ἡ","ἡ","ἡ","ὁ"
"45","02","25","N","NSF","περιτομή","περιτομή","περιτομή","περιτομή"
"45","02","25","RP","GS","σου","σου","σου","σύ"
"45","02","25","N","NSF","ἀκροβυστία","ἀκροβυστία","ἀκροβυστία","ἀκροβυστία"
"45","02","25","V","3XAI-S","γέγονεν.","γέγονεν","γέγονε(ν)","γίνομαι"
"45","02","26","C","","ἐὰν","ἐὰν","ἐάν","ἐάν"
"45","02","26","C","","οὖν","οὖν","οὖν","οὖν"
"45","02","26","RA","NSF","ἡ","ἡ","ἡ","ὁ"
"45","02","26","N","NSF","ἀκροβυστία","ἀκροβυστία","ἀκροβυστία","ἀκροβυστία"
"45","02","26","RA","APN","τὰ","τὰ","τά","ὁ"
"45","02","26","N","APN","δικαιώματα","δικαιώματα","δικαιώματα","δικαίωμα"
"45","02","26","RA","GSM","τοῦ","τοῦ","τοῦ","ὁ"
"45","02","26","N","GSM","νόμου","νόμου","νόμου","νόμος"
"45","02","26","V","3PAS-S","φυλάσσῃ,","φυλάσσῃ","φυλάσσῃ","φυλάσσω"
"45","02","26","X","","⸀οὐχ","οὐχ","οὐ","οὐ"
"45","02","26","RA","NSF","ἡ","ἡ","ἡ","ὁ"
"45","02","26","N","NSF","ἀκροβυστία","ἀκροβυστία","ἀκροβυστία","ἀκροβυστία"
"45","02","26","RP","GSM","αὐτοῦ","αὐτοῦ","αὐτοῦ","αὐτός"
"45","02","26","P","","εἰς","εἰς","εἰς","εἰς"
"45","02","26","N","ASF","περιτομὴν","περιτομὴν","περιτομήν","περιτομή"
"45","02","26","V","3FPI-S","λογισθήσεται;","λογισθήσεται","λογισθήσεται","λογίζομαι"
"45","02","27","C","","καὶ","καὶ","καί","καί"
"45","02","27","V","3FAI-S","κρινεῖ","κρινεῖ","κρινεῖ","κρίνω"
"45","02","27","RA","NSF","ἡ","ἡ","ἡ","ὁ"
"45","02","27","P","","ἐκ","ἐκ","ἐκ","ἐκ"
"45","02","27","N","GSF","φύσεως","φύσεως","φύσεως","φύσις"
"45","02","27","N","NSF","ἀκροβυστία","ἀκροβυστία","ἀκροβυστία","ἀκροβυστία"
"45","02","27","RA","ASM","τὸν","τὸν","τόν","ὁ"
"45","02","27","N","ASM","νόμον","νόμον","νόμον","νόμος"
"45","02","27","V","PAPNSF","τελοῦσα","τελοῦσα","τελοῦσα","τελέω"
"45","02","27","RP","AS","σὲ","σὲ","σέ","σύ"
"45","02","27","RA","ASM","τὸν","τὸν","τόν","ὁ"
"45","02","27","P","","διὰ","διὰ","διά","διά"
"45","02","27","N","GSN","γράμματος","γράμματος","γράμματος","γράμμα"
"45","02","27","C","","καὶ","καὶ","καί","καί"
"45","02","27","N","GSF","περιτομῆς","περιτομῆς","περιτομῆς","περιτομή"
"45","02","27","N","ASM","παραβάτην","παραβάτην","παραβάτην","παραβάτης"
"45","02","27","N","GSM","νόμου.","νόμου","νόμου","νόμος"
"45","02","28","D","","οὐ","οὐ","οὐ","οὐ"
"45","02","28","C","","γὰρ","γὰρ","γάρ","γάρ"
"45","02","28","RA","NSM","ὁ","ὁ","ὁ","ὁ"
"45","02","28","P","","ἐν","ἐν","ἐν","ἐν"
"45","02","28","RA","DSN","τῷ","τῷ","τῷ","ὁ"
"45","02","28","A","DSN","φανερῷ","φανερῷ","φανερῷ","φανερός"
"45","02","28","A","NSM","Ἰουδαῖός","Ἰουδαῖός","Ἰουδαῖος","Ἰουδαῖος"
"45","02","28","V","3PAI-S","ἐστιν,","ἐστιν","ἐστί(ν)","εἰμί"
"45","02","28","C","","οὐδὲ","οὐδὲ","οὐδέ","οὐδέ"
"45","02","28","RA","NSF","ἡ","ἡ","ἡ","ὁ"
"45","02","28","P","","ἐν","ἐν","ἐν","ἐν"
"45","02","28","RA","DSN","τῷ","τῷ","τῷ","ὁ"
"45","02","28","A","DSN","φανερῷ","φανερῷ","φανερῷ","φανερός"
"45","02","28","P","","ἐν","ἐν","ἐν","ἐν"
"45","02","28","N","DSF","σαρκὶ","σαρκὶ","σαρκί","σάρξ"
"45","02","28","N","NSF","περιτομή·","περιτομή","περιτομή","περιτομή"
"45","02","29","C","","ἀλλ’","ἀλλ’","ἀλλά","ἀλλά"
"45","02","29","RA","NSM","ὁ","ὁ","ὁ","ὁ"
"45","02","29","P","","ἐν","ἐν","ἐν","ἐν"
"45","02","29","RA","DSN","τῷ","τῷ","τῷ","ὁ"
"45","02","29","A","DSN","κρυπτῷ","κρυπτῷ","κρυπτῷ","κρυπτός"
"45","02","29","A","NSM","Ἰουδαῖος,","Ἰουδαῖος","Ἰουδαῖος","Ἰουδαῖος"
"45","02","29","C","","καὶ","καὶ","καί","καί"
"45","02","29","N","NSF","περιτομὴ","περιτομὴ","περιτομή","περιτομή"
"45","02","29","N","GSF","καρδίας","καρδίας","καρδίας","καρδία"
"45","02","29","P","","ἐν","ἐν","ἐν","ἐν"
"45","02","29","N","DSN","πνεύματι","πνεύματι","πνεύματι","πνεῦμα"
"45","02","29","D","","οὐ","οὐ","οὐ","οὐ"
"45","02","29","N","DSN","γράμματι,","γράμματι","γράμματι","γράμμα"
"45","02","29","RR","GSM","οὗ","οὗ","οὗ","ὅς"
"45","02","29","RA","NSM","ὁ","ὁ","ὁ","ὁ"
"45","02","29","N","NSM","ἔπαινος","ἔπαινος","ἔπαινος","ἔπαινος"
"45","02","29","D","","οὐκ","οὐκ","οὐ","οὐ"
"45","02","29","P","","ἐξ","ἐξ","ἐκ","ἐκ"
"45","02","29","N","GPM","ἀνθρώπων","ἀνθρώπων","ἀνθρώπων","ἄνθρωπος"
"45","02","29","C","","ἀλλ’","ἀλλ’","ἀλλά","ἀλλά"
"45","02","29","P","","ἐκ","ἐκ","ἐκ","ἐκ"
"45","02","29","RA","GSM","τοῦ","τοῦ","τοῦ","ὁ"
"45","02","29","N","GSM","θεοῦ.","θεοῦ","θεοῦ","θεός"
"45","03","01","RI","NSN","Τί","Τί","τί","τίς"
"45","03","01","C","","οὖν","οὖν","οὖν","οὖν"
"45","03","01","RA","NSN","τὸ","τὸ","τό","ὁ"
"45","03","01","A","NSN","περισσὸν","περισσὸν","περισσόν","περισσός"
"45","03","01","RA","GSM","τοῦ","τοῦ","τοῦ","ὁ"
"45","03","01","A","GSM","Ἰουδαίου,","Ἰουδαίου","Ἰουδαίου","Ἰουδαῖος"
"45","03","01","C","","ἢ","ἢ","ἤ","ἤ"
"45","03","01","RI","NSF","τίς","τίς","τίς","τίς"
"45","03","01","RA","NSF","ἡ","ἡ","ἡ","ὁ"
"45","03","01","N","NSF","ὠφέλεια","ὠφέλεια","ὠφέλεια","ὠφέλεια"
"45","03","01","RA","GSF","τῆς","τῆς","τῆς","ὁ"
"45","03","01","N","GSF","περιτομῆς;","περιτομῆς","περιτομῆς","περιτομή"
"45","03","02","A","NSN","πολὺ","πολὺ","πολύ","πολύς"
"45","03","02","P","","κατὰ","κατὰ","κατά","κατά"
"45","03","02","A","ASM","πάντα","πάντα","πάντα","πᾶς"
"45","03","02","N","ASM","τρόπον.","τρόπον","τρόπον","τρόπος"
"45","03","02","A","ASN","πρῶτον","πρῶτον","πρῶτον","πρῶτος"
"45","03","02","X","","μὲν","μὲν","μέν","μέν"
"45","03","02","C","","⸀γὰρ","γὰρ","γάρ","γάρ"
"45","03","02","C","","ὅτι","ὅτι","ὅτι","ὅτι"
"45","03","02","V","3API-P","ἐπιστεύθησαν","ἐπιστεύθησαν","ἐπιστεύθησαν","πιστεύω"
"45","03","02","RA","APN","τὰ","τὰ","τά","ὁ"
"45","03","02","N","APN","λόγια","λόγια","λόγια","λόγιον"
"45","03","02","RA","GSM","τοῦ","τοῦ","τοῦ","ὁ"
"45","03","02","N","GSM","θεοῦ.","θεοῦ","θεοῦ","θεός"
"45","03","03","RI","NSN","τί","τί","τί","τίς"
"45","03","03","C","","γάρ;","γάρ","γάρ","γάρ"
"45","03","03","C","","εἰ","εἰ","εἰ","εἰ"
"45","03","03","V","3AAI-P","ἠπίστησάν","ἠπίστησάν","ἠπίστησαν","ἀπιστέω"
"45","03","03","RI","NPM","τινες,","τινες","τινές","τις"
"45","03","03","X","","μὴ","μὴ","μή","μή"
"45","03","03","RA","NSF","ἡ","ἡ","ἡ","ὁ"
"45","03","03","N","NSF","ἀπιστία","ἀπιστία","ἀπιστία","ἀπιστία"
"45","03","03","RP","GPM","αὐτῶν","αὐτῶν","αὐτῶν","αὐτός"
"45","03","03","RA","ASF","τὴν","τὴν","τήν","ὁ"
"45","03","03","N","ASF","πίστιν","πίστιν","πίστιν","πίστις"
"45","03","03","RA","GSM","τοῦ","τοῦ","τοῦ","ὁ"
"45","03","03","N","GSM","θεοῦ","θεοῦ","θεοῦ","θεός"
"45","03","03","V","3FAI-S","καταργήσει;","καταργήσει","καταργήσει","καταργέω"
"45","03","04","D","","μὴ","μὴ","μή","μή"
"45","03","04","V","3AMO-S","γένοιτο·","γένοιτο","γένοιτο","γίνομαι"
"45","03","04","V","3PMD-S","γινέσθω","γινέσθω","γινέσθω","γίνομαι"
"45","03","04","C","","δὲ","δὲ","δέ","δέ"
"45","03","04","RA","NSM","ὁ","ὁ","ὁ","ὁ"
"45","03","04","N","NSM","θεὸς","θεὸς","θεός","θεός"
"45","03","04","A","NSM","ἀληθής,","ἀληθής","ἀληθής","ἀληθής"
"45","03","04","A","NSM","πᾶς","πᾶς","πᾶς","πᾶς"
"45","03","04","C","","δὲ","δὲ","δέ","δέ"
"45","03","04","N","NSM","ἄνθρωπος","ἄνθρωπος","ἄνθρωπος","ἄνθρωπος"
"45","03","04","N","NSM","ψεύστης,","ψεύστης","ψεύστης","ψεύστης"
"45","03","04","C","","⸀καθὼς","καθὼς","καθώς","καθώς"
"45","03","04","V","3XPI-S","γέγραπται·","γέγραπται","γέγραπται","γράφω"
"45","03","04","C","","Ὅπως","Ὅπως","ὅπως","ὅπως"
"45","03","04","X","","ἂν","ἂν","ἄν","ἄν"
"45","03","04","V","2APS-S","δικαιωθῇς","δικαιωθῇς","δικαιωθῇς","δικαιόω"
"45","03","04","P","","ἐν","ἐν","ἐν","ἐν"
"45","03","04","RA","DPM","τοῖς","τοῖς","τοῖς","ὁ"
"45","03","04","N","DPM","λόγοις","λόγοις","λόγοις","λόγος"
"45","03","04","RP","GS","σου","σου","σου","σύ"
"45","03","04","C","","καὶ","καὶ","καί","καί"
"45","03","04","V","2FAI-S","⸀νικήσεις","νικήσεις","νικήσεις","νικάω"
"45","03","04","P","","ἐν","ἐν","ἐν","ἐν"
"45","03","04","RA","DSN","τῷ","τῷ","τῷ","ὁ"
"45","03","04","V","PPN","κρίνεσθαί","κρίνεσθαί","κρίνεσθαι","κρίνω"
"45","03","04","RP","AS","σε.","σε","σε","σύ"
"45","03","05","C","","εἰ","εἰ","εἰ","εἰ"
"45","03","05","C","","δὲ","δὲ","δέ","δέ"
"45","03","05","RA","NSF","ἡ","ἡ","ἡ","ὁ"
"45","03","05","N","NSF","ἀδικία","ἀδικία","ἀδικία","ἀδικία"
"45","03","05","RP","GP","ἡμῶν","ἡμῶν","ἡμῶν","ἐγώ"
"45","03","05","N","GSM","θεοῦ","θεοῦ","θεοῦ","θεός"
"45","03","05","N","ASF","δικαιοσύνην","δικαιοσύνην","δικαιοσύνην","δικαιοσύνη"
"45","03","05","V","3PAI-S","συνίστησιν,","συνίστησιν","συνίστησι(ν)","συνίστημι"
"45","03","05","RI","ASN","τί","τί","τί","τίς"
"45","03","05","V","1FAI-P","ἐροῦμεν;","ἐροῦμεν","ἐροῦμεν","λέγω"
"45","03","05","X","","μὴ","μὴ","μή","μή"
"45","03","05","A","NSM","ἄδικος","ἄδικος","ἄδικος","ἄδικος"
"45","03","05","RA","NSM","ὁ","ὁ","ὁ","ὁ"
"45","03","05","N","NSM","θεὸς","θεὸς","θεός","θεός"
"45","03","05","RA","NSM","ὁ","ὁ","ὁ","ὁ"
"45","03","05","V","PAPNSM","ἐπιφέρων","ἐπιφέρων","ἐπιφέρων","ἐπιφέρω"
"45","03","05","RA","ASF","τὴν","τὴν","τήν","ὁ"
"45","03","05","N","ASF","ὀργήν;","ὀργήν","ὀργήν","ὀργή"
"45","03","05","P","","κατὰ","κατὰ","κατά","κατά"
"45","03","05","N","ASM","ἄνθρωπον","ἄνθρωπον","ἄνθρωπον","ἄνθρωπος"
"45","03","05","V","1PAI-S","λέγω.","λέγω","λέγω","λέγω"
"45","03","06","D","","μὴ","μὴ","μή","μή"
"45","03","06","V","3AMO-S","γένοιτο·","γένοιτο","γένοιτο","γίνομαι"
"45","03","06","C","","ἐπεὶ","ἐπεὶ","ἐπεί","ἐπεί"
"45","03","06","D","","πῶς","πῶς","πῶς","πῶς"
"45","03","06","V","3FAI-S","κρινεῖ","κρινεῖ","κρινεῖ","κρίνω"
"45","03","06","RA","NSM","ὁ","ὁ","ὁ","ὁ"
"45","03","06","N","NSM","θεὸς","θεὸς","θεός","θεός"
"45","03","06","RA","ASM","τὸν","τὸν","τόν","ὁ"
"45","03","06","N","ASM","κόσμον;","κόσμον","κόσμον","κόσμος"
"45","03","07","C","","εἰ","εἰ","εἰ","εἰ"
"45","03","07","C","","⸀δὲ","δὲ","δέ","δέ"
"45","03","07","RA","NSF","ἡ","ἡ","ἡ","ὁ"
"45","03","07","N","NSF","ἀλήθεια","ἀλήθεια","ἀλήθεια","ἀλήθεια"
"45","03","07","RA","GSM","τοῦ","τοῦ","τοῦ","ὁ"
"45","03","07","N","GSM","θεοῦ","θεοῦ","θεοῦ","θεός"
"45","03","07","P","","ἐν","ἐν","ἐν","ἐν"
"45","03","07","RA","DSN","τῷ","τῷ","τῷ","ὁ"
"45","03","07","A","DSN","ἐμῷ","ἐμῷ","ἐμῷ","ἐμός"
"45","03","07","N","DSN","ψεύσματι","ψεύσματι","ψεύσματι","ψεῦσμα"
"45","03","07","V","3AAI-S","ἐπερίσσευσεν","ἐπερίσσευσεν","ἐπερίσσευσε(ν)","περισσεύω"
"45","03","07","P","","εἰς","εἰς","εἰς","εἰς"
"45","03","07","RA","ASF","τὴν","τὴν","τήν","ὁ"
"45","03","07","N","ASF","δόξαν","δόξαν","δόξαν","δόξα"
"45","03","07","RP","GSM","αὐτοῦ,","αὐτοῦ","αὐτοῦ","αὐτός"
"45","03","07","RI","ASN","τί","τί","τί","τίς"
"45","03","07","D","","ἔτι","ἔτι","ἔτι","ἔτι"
"45","03","07","RP","NS","κἀγὼ","κἀγὼ","κἀγώ","κἀγώ"
"45","03","07","C","","ὡς","ὡς","ὡς","ὡς"
"45","03","07","A","NSM","ἁμαρτωλὸς","ἁμαρτωλὸς","ἁμαρτωλός","ἁμαρτωλός"
"45","03","07","V","1PPI-S","κρίνομαι,","κρίνομαι","κρίνομαι","κρίνω"
"45","03","08","C","","καὶ","καὶ","καί","καί"
"45","03","08","D","","μὴ","μὴ","μή","μή"
"45","03","08","C","","καθὼς","καθὼς","καθώς","καθώς"
"45","03","08","V","1PPI-P","βλασφημούμεθα","βλασφημούμεθα","βλασφημούμεθα","βλασφημέω"
"45","03","08","C","","καὶ","καὶ","καί","καί"
"45","03","08","C","","καθώς","καθώς","καθώς","καθώς"
"45","03","08","V","3PAI-P","φασίν","φασίν","φασί(ν)","φημί"
"45","03","08","RI","NPM","τινες","τινες","τινές","τις"
"45","03","08","RP","AP","ἡμᾶς","ἡμᾶς","ἡμᾶς","ἐγώ"
"45","03","08","V","PAN","λέγειν","λέγειν","λέγειν","λέγω"
"45","03","08","C","","ὅτι","ὅτι","ὅτι","ὅτι"
"45","03","08","V","1AAS-P","Ποιήσωμεν","Ποιήσωμεν","ποιήσωμεν","ποιέω"
"45","03","08","RA","APN","τὰ","τὰ","τά","ὁ"
"45","03","08","A","APN","κακὰ","κακὰ","κακά","κακός"
"45","03","08","C","","ἵνα","ἵνα","ἵνα","ἵνα"
"45","03","08","V","3AAS-S","ἔλθῃ","ἔλθῃ","ἔλθῃ","ἔρχομαι"
"45","03","08","RA","NPN","τὰ","τὰ","τά","ὁ"
"45","03","08","A","NPN","ἀγαθά;","ἀγαθά","ἀγαθά","ἀγαθός"
"45","03","08","RR","GPM","ὧν","ὧν","ὧν","ὅς"
"45","03","08","RA","NSN","τὸ","τὸ","τό","ὁ"
"45","03","08","N","NSN","κρίμα","κρίμα","κρίμα","κρίμα"
"45","03","08","A","NSN","ἔνδικόν","ἔνδικόν","ἔνδικον","ἔνδικος"
"45","03","08","V","3PAI-S","ἐστιν.","ἐστιν","ἐστί(ν)","εἰμί"
"45","03","09","RI","ASN","Τί","Τί","τί","τίς"
"45","03","09","C","","οὖν;","οὖν","οὖν","οὖν"
"45","03","09","V","1PMI-P","προεχόμεθα;","προεχόμεθα","προεχόμεθα","προέχομαι"
"45","03","09","D","","οὐ","οὐ","οὐ","οὐ"
"45","03","09","D","","πάντως,","πάντως","πάντως","πάντως"
"45","03","09","V","1AMI-P","προῃτιασάμεθα","προῃτιασάμεθα","προῃτιασάμεθα","προαιτιάομαι"
"45","03","09","C","","γὰρ","γὰρ","γάρ","γάρ"
"45","03","09","A","APM","Ἰουδαίους","Ἰουδαίους","Ἰουδαίους","Ἰουδαῖος"
"45","03","09","C","","τε","τε","τέ","τέ"
"45","03","09","C","","καὶ","καὶ","καί","καί"
"45","03","09","N","APM","Ἕλληνας","Ἕλληνας","Ἕλληνας","Ἕλλην"
"45","03","09","A","APM","πάντας","πάντας","πάντας","πᾶς"
"45","03","09","P","","ὑφ’","ὑφ’","ὑπό","ὑπό"
"45","03","09","N","ASF","ἁμαρτίαν","ἁμαρτίαν","ἁμαρτίαν","ἁμαρτία"
"45","03","09","V","PAN","εἶναι,","εἶναι","εἶναι","εἰμί"
"45","03","10","C","","καθὼς","καθὼς","καθώς","καθώς"
"45","03","10","V","3XPI-S","γέγραπται","γέγραπται","γέγραπται","γράφω"
"45","03","10","C","","ὅτι","ὅτι","ὅτι","ὅτι"
"45","03","10","D","","Οὐκ","Οὐκ","οὐ","οὐ"
"45","03","10","V","3PAI-S","ἔστιν","ἔστιν","ἐστί(ν)","εἰμί"
"45","03","10","A","NSM","δίκαιος","δίκαιος","δίκαιος","δίκαιος"
"45","03","10","D","","οὐδὲ","οὐδὲ","οὐδέ","οὐδέ"
"45","03","10","A","NSM","εἷς,","εἷς","εἷς","εἷς"
"45","03","11","D","","οὐκ","οὐκ","οὐ","οὐ"
"45","03","11","V","3PAI-S","ἔστιν","ἔστιν","ἐστί(ν)","εἰμί"
"45","03","11","RA","NSM","⸀ὁ","ὁ","ὁ","ὁ"
"45","03","11","V","PAPNSM","συνίων,","συνίων","συνίων","συνίημι"
"45","03","11","D","","οὐκ","οὐκ","οὐ","οὐ"
"45","03","11","V","3PAI-S","ἔστιν","ἔστιν","ἐστί(ν)","εἰμί"
"45","03","11","RA","NSM","⸁ὁ","ὁ","ὁ","ὁ"
"45","03","11","V","PAPNSM","ἐκζητῶν","ἐκζητῶν","ἐκζητῶν","ἐκζητέω"
"45","03","11","RA","ASM","τὸν","τὸν","τόν","ὁ"
"45","03","11","N","ASM","θεόν·","θεόν","θεόν","θεός"
"45","03","12","A","NPM","πάντες","πάντες","πάντες","πᾶς"
"45","03","12","V","3AAI-P","ἐξέκλιναν,","ἐξέκλιναν","ἐξέκλιναν","ἐκκλίνω"
"45","03","12","D","","ἅμα","ἅμα","ἅμα","ἅμα"
"45","03","12","V","3API-P","ἠχρεώθησαν·","ἠχρεώθησαν","ἠχρεώθησαν","ἀχρειόομαι"
"45","03","12","D","","οὐκ","οὐκ","οὐ","οὐ"
"45","03","12","V","3PAI-S","⸀ἔστιν","ἔστιν","ἐστί(ν)","εἰμί"
"45","03","12","V","PAPNSM","ποιῶν","ποιῶν","ποιῶν","ποιέω"
"45","03","12","N","ASF","χρηστότητα,","χρηστότητα","χρηστότητα","χρηστότης"
"45","03","12","D","","οὐκ","οὐκ","οὐ","οὐ"
"45","03","12","V","3PAI-S","ἔστιν","ἔστιν","ἐστί(ν)","εἰμί"
"45","03","12","P","","ἕως","ἕως","ἕως","ἕως"
"45","03","12","A","GSM","ἑνός.","ἑνός","ἑνός","εἷς"
"45","03","13","N","NSM","τάφος","τάφος","τάφος","τάφος"
"45","03","13","V","XPPNSM","ἀνεῳγμένος","ἀνεῳγμένος","ἀνεῳγμένος","ἀνοίγω"
"45","03","13","RA","NSM","ὁ","ὁ","ὁ","ὁ"
"45","03","13","N","NSM","λάρυγξ","λάρυγξ","λάρυγξ","λάρυγξ"
"45","03","13","RP","GPM","αὐτῶν,","αὐτῶν","αὐτῶν","αὐτός"
"45","03","13","RA","DPF","ταῖς","ταῖς","ταῖς","ὁ"
"45","03","13","N","DPF","γλώσσαις","γλώσσαις","γλώσσαις","γλῶσσα"
"45","03","13","RP","GPM","αὐτῶν","αὐτῶν","αὐτῶν","αὐτός"
"45","03","13","V","3IAI-P","ἐδολιοῦσαν,","ἐδολιοῦσαν","ἐδολιοῦσαν","δολιόω"
"45","03","13","N","NSM","ἰὸς","ἰὸς","ἰός","ἰός"
"45","03","13","N","GPF","ἀσπίδων","ἀσπίδων","ἀσπίδων","ἀσπίς"
"45","03","13","P","","ὑπὸ","ὑπὸ","ὑπό","ὑπό"
"45","03","13","RA","APN","τὰ","τὰ","τά","ὁ"
"45","03","13","N","APN","χείλη","χείλη","χείλη","χεῖλος"
"45","03","13","RP","GPM","αὐτῶν,","αὐτῶν","αὐτῶν","αὐτός"
"45","03","14","RR","GPM","ὧν","ὧν","ὧν","ὅς"
"45","03","14","RA","NSN","τὸ","τὸ","τό","ὁ"
"45","03","14","N","NSN","στόμα","στόμα","στόμα","στόμα"
"45","03","14","N","GSF","ἀρᾶς","ἀρᾶς","ἀρᾶς","ἀρά"
"45","03","14","C","","καὶ","καὶ","καί","καί"
"45","03","14","N","GSF","πικρίας","πικρίας","πικρίας","πικρία"
"45","03","14","V","3PAI-S","γέμει·","γέμει","γέμει","γέμω"
"45","03","15","A","NPM","ὀξεῖς","ὀξεῖς","ὀξεῖς","ὀξύς"
"45","03","15","RA","NPM","οἱ","οἱ","οἱ","ὁ"
"45","03","15","N","NPM","πόδες","πόδες","πόδες","πούς"
"45","03","15","RP","GPM","αὐτῶν","αὐτῶν","αὐτῶν","αὐτός"
"45","03","15","V","AAN","ἐκχέαι","ἐκχέαι","ἐκχέαι","ἐκχέω"
"45","03","15","N","ASN","αἷμα,","αἷμα","αἷμα","αἷμα"
"45","03","16","N","NSN","σύντριμμα","σύντριμμα","σύντριμμα","σύντριμμα"
"45","03","16","C","","καὶ","καὶ","καί","καί"
"45","03","16","N","NSF","ταλαιπωρία","ταλαιπωρία","ταλαιπωρία","ταλαιπωρία"
"45","03","16","P","","ἐν","ἐν","ἐν","ἐν"
"45","03","16","RA","DPF","ταῖς","ταῖς","ταῖς","ὁ"
"45","03","16","N","DPF","ὁδοῖς","ὁδοῖς","ὁδοῖς","ὁδός"
"45","03","16","RP","GPM","αὐτῶν,","αὐτῶν","αὐτῶν","αὐτός"
"45","03","17","C","","καὶ","καὶ","καί","καί"
"45","03","17","N","ASF","ὁδὸν","ὁδὸν","ὁδόν","ὁδός"
"45","03","17","N","GSF","εἰρήνης","εἰρήνης","εἰρήνης","εἰρήνη"
"45","03","17","D","","οὐκ","οὐκ","οὐ","οὐ"
"45","03","17","V","3AAI-P","ἔγνωσαν.","ἔγνωσαν","ἔγνωσαν","γινώσκω"
"45","03","18","D","","οὐκ","οὐκ","οὐ","οὐ"
"45","03","18","V","3PAI-S","ἔστιν","ἔστιν","ἐστί(ν)","εἰμί"
"45","03","18","N","NSM","φόβος","φόβος","φόβος","φόβος"
"45","03","18","N","GSM","θεοῦ","θεοῦ","θεοῦ","θεός"
"45","03","18","P","","ἀπέναντι","ἀπέναντι","ἀπέναντι","ἀπέναντι"
"45","03","18","RA","GPM","τῶν","τῶν","τῶν","ὁ"
"45","03","18","N","GPM","ὀφθαλμῶν","ὀφθαλμῶν","ὀφθαλμῶν","ὀφθαλμός"
"45","03","18","RP","GPM","αὐτῶν.","αὐτῶν","αὐτῶν","αὐτός"
"45","03","19","V","1XAI-P","Οἴδαμεν","Οἴδαμεν","οἴδαμεν","οἶδα"
"45","03","19","C","","δὲ","δὲ","δέ","δέ"
"45","03","19","C","","ὅτι","ὅτι","ὅτι","ὅτι"
"45","03","19","RR","APN","ὅσα","ὅσα","ὅσα","ὅσος"
"45","03","19","RA","NSM","ὁ","ὁ","ὁ","ὁ"
"45","03","19","N","NSM","νόμος","νόμος","νόμος","νόμος"
"45","03","19","V","3PAI-S","λέγει","λέγει","λέγει","λέγω"
"45","03","19","RA","DPM","τοῖς","τοῖς","τοῖς","ὁ"
"45","03","19","P","","ἐν","ἐν","ἐν","ἐν"
"45","03","19","RA","DSM","τῷ","τῷ","τῷ","ὁ"
"45","03","19","N","DSM","νόμῳ","νόμῳ","νόμῳ","νόμος"
"45","03","19","V","3PAI-S","λαλεῖ,","λαλεῖ","λαλεῖ","λαλέω"
"45","03","19","C","","ἵνα","ἵνα","ἵνα","ἵνα"
"45","03","19","A","NSN","πᾶν","πᾶν","πᾶν","πᾶς"
"45","03","19","N","NSN","στόμα","στόμα","στόμα","στόμα"
"45","03","19","V","3APS-S","φραγῇ","φραγῇ","φραγῇ","φράσσω"
"45","03","19","C","","καὶ","καὶ","καί","καί"
"45","03","19","A","NSM","ὑπόδικος","ὑπόδικος","ὑπόδικος","ὑπόδικος"
"45","03","19","V","3AMS-S","γένηται","γένηται","γένηται","γίνομαι"
"45","03","19","A","NSM","πᾶς","πᾶς","πᾶς","πᾶς"
"45","03","19","RA","NSM","ὁ","ὁ","ὁ","ὁ"
"45","03","19","N","NSM","κόσμος","κόσμος","κόσμος","κόσμος"
"45","03","19","RA","DSM","τῷ","τῷ","τῷ","ὁ"
"45","03","19","N","DSM","θεῷ·","θεῷ","θεῷ","θεός"
"45","03","20","C","","διότι","διότι","διότι","διότι"
"45","03","20","P","","ἐξ","ἐξ","ἐκ","ἐκ"
"45","03","20","N","GPN","ἔργων","ἔργων","ἔργων","ἔργον"
"45","03","20","N","GSM","νόμου","νόμου","νόμου","νόμος"
"45","03","20","D","","οὐ","οὐ","οὐ","οὐ"
"45","03","20","V","3FPI-S","δικαιωθήσεται","δικαιωθήσεται","δικαιωθήσεται","δικαιόω"
"45","03","20","A","NSF","πᾶσα","πᾶσα","πᾶσα","πᾶς"
"45","03","20","N","NSF","σὰρξ","σὰρξ","σάρξ","σάρξ"
"45","03","20","P","","ἐνώπιον","ἐνώπιον","ἐνώπιον","ἐνώπιον"
"45","03","20","RP","GSM","αὐτοῦ,","αὐτοῦ","αὐτοῦ","αὐτός"
"45","03","20","P","","διὰ","διὰ","διά","διά"
"45","03","20","C","","γὰρ","γὰρ","γάρ","γάρ"
"45","03","20","N","GSM","νόμου","νόμου","νόμου","νόμος"
"45","03","20","N","NSF","ἐπίγνωσις","ἐπίγνωσις","ἐπίγνωσις","ἐπίγνωσις"
"45","03","20","N","GSF","ἁμαρτίας.","ἁμαρτίας","ἁμαρτίας","ἁμαρτία"
"45","03","21","D","","Νυνὶ","Νυνὶ","νυνί","νυνί"
"45","03","21","C","","δὲ","δὲ","δέ","δέ"
"45","03","21","P","","χωρὶς","χωρὶς","χωρίς","χωρίς"
"45","03","21","N","GSM","νόμου","νόμου","νόμου","νόμος"
"45","03","21","N","NSF","δικαιοσύνη","δικαιοσύνη","δικαιοσύνη","δικαιοσύνη"
"45","03","21","N","GSM","θεοῦ","θεοῦ","θεοῦ","θεός"
"45","03","21","V","3XPI-S","πεφανέρωται,","πεφανέρωται","πεφανέρωται","φανερόω"
"45","03","21","V","PPPNSF","μαρτυρουμένη","μαρτυρουμένη","μαρτυρουμένη","μαρτυρέω"
"45","03","21","P","","ὑπὸ","ὑπὸ","ὑπό","ὑπό"
"45","03","21","RA","GSM","τοῦ","τοῦ","τοῦ","ὁ"
"45","03","21","N","GSM","νόμου","νόμου","νόμου","νόμος"
"45","03","21","C","","καὶ","καὶ","καί","καί"
"45","03","21","RA","GPM","τῶν","τῶν","τῶν","ὁ"
"45","03","21","N","GPM","προφητῶν,","προφητῶν","προφητῶν","προφήτης"
"45","03","22","N","NSF","δικαιοσύνη","δικαιοσύνη","δικαιοσύνη","δικαιοσύνη"
"45","03","22","C","","δὲ","δὲ","δέ","δέ"
"45","03","22","N","GSM","θεοῦ","θεοῦ","θεοῦ","θεός"
"45","03","22","P","","διὰ","διὰ","διά","διά"
"45","03","22","N","GSF","πίστεως","πίστεως","πίστεως","πίστις"
"45","03","22","N","GSM","Ἰησοῦ","Ἰησοῦ","Ἰησοῦ","Ἰησοῦς"
"45","03","22","N","GSM","Χριστοῦ,","Χριστοῦ","Χριστοῦ","Χριστός"
"45","03","22","P","","εἰς","εἰς","εἰς","εἰς"
"45","03","22","A","APM","⸀πάντας","πάντας","πάντας","πᾶς"
"45","03","22","RA","APM","τοὺς","τοὺς","τούς","ὁ"
"45","03","22","V","PAPAPM","πιστεύοντας,","πιστεύοντας","πιστεύοντας","πιστεύω"
"45","03","22","D","","οὐ","οὐ","οὐ","οὐ"
"45","03","22","C","","γάρ","γάρ","γάρ","γάρ"
"45","03","22","V","3PAI-S","ἐστιν","ἐστιν","ἐστί(ν)","εἰμί"
"45","03","22","N","NSF","διαστολή.","διαστολή","διαστολή","διαστολή"
"45","03","23","A","NPM","πάντες","πάντες","πάντες","πᾶς"
"45","03","23","C","","γὰρ","γὰρ","γάρ","γάρ"
"45","03","23","V","3AAI-P","ἥμαρτον","ἥμαρτον","ἥμαρτον","ἁμαρτάνω"
"45","03","23","C","","καὶ","καὶ","καί","καί"
"45","03","23","V","3PPI-P","ὑστεροῦνται","ὑστεροῦνται","ὑστεροῦνται","ὑστερέω"
"45","03","23","RA","GSF","τῆς","τῆς","τῆς","ὁ"
"45","03","23","N","GSF","δόξης","δόξης","δόξης","δόξα"
"45","03","23","RA","GSM","τοῦ","τοῦ","τοῦ","ὁ"
"45","03","23","N","GSM","θεοῦ,","θεοῦ","θεοῦ","θεός"
"45","03","24","V","PPPNPM","δικαιούμενοι","δικαιούμενοι","δικαιούμενοι","δικαιόω"
"45","03","24","D","","δωρεὰν","δωρεὰν","δωρεάν","δωρεάν"
"45","03","24","RA","DSF","τῇ","τῇ","τῇ","ὁ"
"45","03","24","RP","GSM","αὐτοῦ","αὐτοῦ","αὐτοῦ","αὐτός"
"45","03","24","N","DSF","χάριτι","χάριτι","χάριτι","χάρις"
"45","03","24","P","","διὰ","διὰ","διά","διά"
"45","03","24","RA","GSF","τῆς","τῆς","τῆς","ὁ"
"45","03","24","N","GSF","ἀπολυτρώσεως","ἀπολυτρώσεως","ἀπολυτρώσεως","ἀπολύτρωσις"
"45","03","24","RA","GSF","τῆς","τῆς","τῆς","ὁ"
"45","03","24","P","","ἐν","ἐν","ἐν","ἐν"
"45","03","24","N","DSM","Χριστῷ","Χριστῷ","Χριστῷ","Χριστός"
"45","03","24","N","DSM","Ἰησοῦ·","Ἰησοῦ","Ἰησοῦ","Ἰησοῦς"
"45","03","25","RR","ASM","ὃν","ὃν","ὅν","ὅς"
"45","03","25","V","3AMI-S","προέθετο","προέθετο","προέθετο","προτίθεμαι"
"45","03","25","RA","NSM","ὁ","ὁ","ὁ","ὁ"
"45","03","25","N","NSM","θεὸς","θεὸς","θεός","θεός"
"45","03","25","A","ASN","ἱλαστήριον","ἱλαστήριον","ἱλαστήριον","ἱλαστήριον"
"45","03","25","P","","⸀διὰ","διὰ","διά","διά"
"45","03","25","N","GSF","πίστεως","πίστεως","πίστεως","πίστις"
"45","03","25","P","","ἐν","ἐν","ἐν","ἐν"
"45","03","25","RA","DSN","τῷ","τῷ","τῷ","ὁ"
"45","03","25","RP","GSM","αὐτοῦ","αὐτοῦ","αὐτοῦ","αὐτός"
"45","03","25","N","DSN","αἵματι","αἵματι","αἵματι","αἷμα"
"45","03","25","P","","εἰς","εἰς","εἰς","εἰς"
"45","03","25","N","ASF","ἔνδειξιν","ἔνδειξιν","ἔνδειξιν","ἔνδειξις"
"45","03","25","RA","GSF","τῆς","τῆς","τῆς","ὁ"
"45","03","25","N","GSF","δικαιοσύνης","δικαιοσύνης","δικαιοσύνης","δικαιοσύνη"
"45","03","25","RP","GSM","αὐτοῦ","αὐτοῦ","αὐτοῦ","αὐτός"
"45","03","25","P","","διὰ","διὰ","διά","διά"
"45","03","25","RA","ASF","τὴν","τὴν","τήν","ὁ"
"45","03","25","N","ASF","πάρεσιν","πάρεσιν","πάρεσιν","πάρεσις"
"45","03","25","RA","GPN","τῶν","τῶν","τῶν","ὁ"
"45","03","25","V","XAPGPN","προγεγονότων","προγεγονότων","προγεγονότων","προγίνομαι"
"45","03","25","N","GPN","ἁμαρτημάτων","ἁμαρτημάτων","ἁμαρτημάτων","ἁμάρτημα"
"45","03","26","P","","ἐν","ἐν","ἐν","ἐν"
"45","03","26","RA","DSF","τῇ","τῇ","τῇ","ὁ"
"45","03","26","N","DSF","ἀνοχῇ","ἀνοχῇ","ἀνοχῇ","ἀνοχή"
"45","03","26","RA","GSM","τοῦ","τοῦ","τοῦ","ὁ"
"45","03","26","N","GSM","θεοῦ,","θεοῦ","θεοῦ","θεός"
"45","03","26","P","","πρὸς","πρὸς","πρός","πρός"
"45","03","26","RA","ASF","⸀τὴν","τὴν","τήν","ὁ"
"45","03","26","N","ASF","ἔνδειξιν","ἔνδειξιν","ἔνδειξιν","ἔνδειξις"
"45","03","26","RA","GSF","τῆς","τῆς","τῆς","ὁ"
"45","03","26","N","GSF","δικαιοσύνης","δικαιοσύνης","δικαιοσύνης","δικαιοσύνη"
"45","03","26","RP","GSM","αὐτοῦ","αὐτοῦ","αὐτοῦ","αὐτός"
"45","03","26","P","","ἐν","ἐν","ἐν","ἐν"
"45","03","26","RA","DSM","τῷ","τῷ","τῷ","ὁ"
"45","03","26","D","","νῦν","νῦν","νῦν","νῦν"
"45","03","26","N","DSM","καιρῷ,","καιρῷ","καιρῷ","καιρός"
"45","03","26","P","","εἰς","εἰς","εἰς","εἰς"
"45","03","26","RA","ASN","τὸ","τὸ","τό","ὁ"
"45","03","26","V","PAN","εἶναι","εἶναι","εἶναι","εἰμί"
"45","03","26","RP","ASM","αὐτὸν","αὐτὸν","αὐτόν","αὐτός"
"45","03","26","A","ASM","δίκαιον","δίκαιον","δίκαιον","δίκαιος"
"45","03","26","C","","καὶ","καὶ","καί","καί"
"45","03","26","V","PAPASM","δικαιοῦντα","δικαιοῦντα","δικαιοῦντα","δικαιόω"
"45","03","26","RA","ASM","τὸν","τὸν","τόν","ὁ"
"45","03","26","P","","ἐκ","ἐκ","ἐκ","ἐκ"
"45","03","26","N","GSF","πίστεως","πίστεως","πίστεως","πίστις"
"45","03","26","N","GSM","Ἰησοῦ.","Ἰησοῦ","Ἰησοῦ","Ἰησοῦς"
"45","03","27","D","","Ποῦ","Ποῦ","ποῦ","ποῦ"
"45","03","27","C","","οὖν","οὖν","οὖν","οὖν"
"45","03","27","RA","NSF","ἡ","ἡ","ἡ","ὁ"
"45","03","27","N","NSF","καύχησις;","καύχησις","καύχησις","καύχησις"
"45","03","27","V","3API-S","ἐξεκλείσθη.","ἐξεκλείσθη","ἐξεκλείσθη","ἐκκλείω"
"45","03","27","P","","διὰ","διὰ","διά","διά"
"45","03","27","RI","GSM","ποίου","ποίου","ποίου","ποῖος"
"45","03","27","N","GSM","νόμου;","νόμου","νόμου","νόμος"
"45","03","27","RA","GPN","τῶν","τῶν","τῶν","ὁ"
"45","03","27","N","GPN","ἔργων;","ἔργων","ἔργων","ἔργον"
"45","03","27","D","","οὐχί,","οὐχί","οὐχί","οὐχί"
"45","03","27","C","","ἀλλὰ","ἀλλὰ","ἀλλά","ἀλλά"
"45","03","27","P","","διὰ","διὰ","διά","διά"
"45","03","27","N","GSM","νόμου","νόμου","νόμου","νόμος"
"45","03","27","N","GSF","πίστεως.","πίστεως","πίστεως","πίστις"
"45","03","28","V","1PMI-P","λογιζόμεθα","λογιζόμεθα","λογιζόμεθα","λογίζομαι"
"45","03","28","C","","⸀γὰρ","γὰρ","γάρ","γάρ"
"45","03","28","V","PPN","⸂δικαιοῦσθαι","δικαιοῦσθαι","δικαιοῦσθαι","δικαιόω"
"45","03","28","N","DSF","πίστει⸃","πίστει","πίστει","πίστις"
"45","03","28","N","ASM","ἄνθρωπον","ἄνθρωπον","ἄνθρωπον","ἄνθρωπος"
"45","03","28","P","","χωρὶς","χωρὶς","χωρίς","χωρίς"
"45","03","28","N","GPN","ἔργων","ἔργων","ἔργων","ἔργον"
"45","03","28","N","GSM","νόμου.","νόμου","νόμου","νόμος"
"45","03","29","C","","ἢ","ἢ","ἤ","ἤ"
"45","03","29","A","GPM","Ἰουδαίων","Ἰουδαίων","Ἰουδαίων","Ἰουδαῖος"
"45","03","29","RA","NSM","ὁ","ὁ","ὁ","ὁ"
"45","03","29","N","NSM","θεὸς","θεὸς","θεός","θεός"
"45","03","29","A","ASN","μόνον;","μόνον","μόνον","μόνος"
"45","03","29","X","","⸀οὐχὶ","οὐχὶ","οὐχί","οὐχί"
"45","03","29","D","","καὶ","καὶ","καί","καί"
"45","03","29","N","GPN","ἐθνῶν;","ἐθνῶν","ἐθνῶν","ἔθνος"
"45","03","29","X","","ναὶ","ναὶ","ναί","ναί"
"45","03","29","D","","καὶ","καὶ","καί","καί"
"45","03","29","N","GPN","ἐθνῶν,","ἐθνῶν","ἐθνῶν","ἔθνος"
"45","03","30","C","","⸀εἴπερ","εἴπερ","εἴπερ","εἴπερ"
"45","03","30","A","NSM","εἷς","εἷς","εἷς","εἷς"
"45","03","30","RA","NSM","ὁ","ὁ","ὁ","ὁ"
"45","03","30","N","NSM","θεός,","θεός","θεός","θεός"
"45","03","30","RR","NSM","ὃς","ὃς","ὅς","ὅς"
"45","03","30","V","3FAI-S","δικαιώσει","δικαιώσει","δικαιώσει","δικαιόω"
"45","03","30","N","ASF","περιτομὴν","περιτομὴν","περιτομήν","περιτομή"
"45","03","30","P","","ἐκ","ἐκ","ἐκ","ἐκ"
"45","03","30","N","GSF","πίστεως","πίστεως","πίστεως","πίστις"
"45","03","30","C","","καὶ","καὶ","καί","καί"
"45","03","30","N","ASF","ἀκροβυστίαν","ἀκροβυστίαν","ἀκροβυστίαν","ἀκροβυστία"
"45","03","30","P","","διὰ","διὰ","διά","διά"
"45","03","30","RA","GSF","τῆς","τῆς","τῆς","ὁ"
"45","03","30","N","GSF","πίστεως.","πίστεως","πίστεως","πίστις"
"45","03","31","N","ASM","νόμον","νόμον","νόμον","νόμος"
"45","03","31","C","","οὖν","οὖν","οὖν","οὖν"
"45","03","31","V","1PAI-P","καταργοῦμεν","καταργοῦμεν","καταργοῦμεν","καταργέω"
"45","03","31","P","","διὰ","διὰ","διά","διά"
"45","03","31","RA","GSF","τῆς","τῆς","τῆς","ὁ"
"45","03","31","N","GSF","πίστεως;","πίστεως","πίστεως","πίστις"
"45","03","31","D","","μὴ","μὴ","μή","μή"
"45","03","31","V","3AMO-S","γένοιτο,","γένοιτο","γένοιτο","γίνομαι"
"45","03","31","C","","ἀλλὰ","ἀλλὰ","ἀλλά","ἀλλά"
"45","03","31","N","ASM","νόμον","νόμον","νόμον","νόμος"
"45","03","31","V","1PAI-P","⸀ἱστάνομεν.","ἱστάνομεν","ἱστάνομεν","ἵστημι"
"45","04","01","RI","ASN","Τί","Τί","τί","τίς"
"45","04","01","C","","οὖν","οὖν","οὖν","οὖν"
"45","04","01","V","1FAI-P","ἐροῦμεν","ἐροῦμεν","ἐροῦμεν","λέγω"
"45","04","01","V","XAN","⸀εὑρηκέναι","εὑρηκέναι","εὑρηκέναι","εὑρίσκω"
"45","04","01","N","ASM","Ἀβραὰμ","Ἀβραὰμ","Ἀβραάμ","Ἀβραάμ"
"45","04","01","RA","ASM","τὸν","τὸν","τόν","ὁ"
"45","04","01","N","ASM","⸀προπάτορα","προπάτορα","προπάτορα","προπάτωρ"
"45","04","01","RP","GP","⸀ἡμῶν","ἡμῶν","ἡμῶν","ἐγώ"
"45","04","01","P","","κατὰ","κατὰ","κατά","κατά"
"45","04","01","N","ASF","σάρκα;","σάρκα","σάρκα","σάρξ"
"45","04","02","C","","εἰ","εἰ","εἰ","εἰ"
"45","04","02","C","","γὰρ","γὰρ","γάρ","γάρ"
"45","04","02","N","NSM","Ἀβραὰμ","Ἀβραὰμ","Ἀβραάμ","Ἀβραάμ"
"45","04","02","P","","ἐξ","ἐξ","ἐκ","ἐκ"
"45","04","02","N","GPN","ἔργων","ἔργων","ἔργων","ἔργον"
"45","04","02","V","3API-S","ἐδικαιώθη,","ἐδικαιώθη","ἐδικαιώθη","δικαιόω"
"45","04","02","V","3PAI-S","ἔχει","ἔχει","ἔχει","ἔχω"
"45","04","02","N","ASN","καύχημα·","καύχημα","καύχημα","καύχημα"
"45","04","02","C","","ἀλλ’","ἀλλ’","ἀλλά","ἀλλά"
"45","04","02","D","","οὐ","οὐ","οὐ","οὐ"
"45","04","02","P","","⸀πρὸς","πρὸς","πρός","πρός"
"45","04","02","N","ASM","θεόν,","θεόν","θεόν","θεός"
"45","04","03","RI","ASN","τί","τί","τί","τίς"
"45","04","03","C","","γὰρ","γὰρ","γάρ","γάρ"
"45","04","03","RA","NSF","ἡ","ἡ","ἡ","ὁ"
"45","04","03","N","NSF","γραφὴ","γραφὴ","γραφή","γραφή"
"45","04","03","V","3PAI-S","λέγει;","λέγει","λέγει","λέγω"
"45","04","03","V","3AAI-S","Ἐπίστευσεν","Ἐπίστευσεν","ἐπίστευσε(ν)","πιστεύω"
"45","04","03","C","","δὲ","δὲ","δέ","δέ"
"45","04","03","N","NSM","Ἀβραὰμ","Ἀβραὰμ","Ἀβραάμ","Ἀβραάμ"
"45","04","03","RA","DSM","τῷ","τῷ","τῷ","ὁ"
"45","04","03","N","DSM","θεῷ","θεῷ","θεῷ","θεός"
"45","04","03","C","","καὶ","καὶ","καί","καί"
"45","04","03","V","3API-S","ἐλογίσθη","ἐλογίσθη","ἐλογίσθη","λογίζομαι"
"45","04","03","RP","DSM","αὐτῷ","αὐτῷ","αὐτῷ","αὐτός"
"45","04","03","P","","εἰς","εἰς","εἰς","εἰς"
"45","04","03","N","ASF","δικαιοσύνην.","δικαιοσύνην","δικαιοσύνην","δικαιοσύνη"
"45","04","04","RA","DSM","τῷ","τῷ","τῷ","ὁ"
"45","04","04","C","","δὲ","δὲ","δέ","δέ"
"45","04","04","V","PMPDSM","ἐργαζομένῳ","ἐργαζομένῳ","ἐργαζομένῳ","ἐργάζομαι"
"45","04","04","RA","NSM","ὁ","ὁ","ὁ","ὁ"
"45","04","04","N","NSM","μισθὸς","μισθὸς","μισθός","μισθός"
"45","04","04","D","","οὐ","οὐ","οὐ","οὐ"
"45","04","04","V","3PPI-S","λογίζεται","λογίζεται","λογίζεται","λογίζομαι"
"45","04","04","P","","κατὰ","κατὰ","κατά","κατά"
"45","04","04","N","ASF","χάριν","χάριν","χάριν","χάρις"
"45","04","04","C","","ἀλλὰ","ἀλλὰ","ἀλλά","ἀλλά"
"45","04","04","P","","κατὰ","κατὰ","κατά","κατά"
"45","04","04","N","ASN","ὀφείλημα·","ὀφείλημα","ὀφείλημα","ὀφείλημα"
"45","04","05","RA","DSM","τῷ","τῷ","τῷ","ὁ"
"45","04","05","C","","δὲ","δὲ","δέ","δέ"
"45","04","05","D","","μὴ","μὴ","μή","μή"
"45","04","05","V","PMPDSM","ἐργαζομένῳ,","ἐργαζομένῳ","ἐργαζομένῳ","ἐργάζομαι"
"45","04","05","V","PAPDSM","πιστεύοντι","πιστεύοντι","πιστεύοντι","πιστεύω"
"45","04","05","C","","δὲ","δὲ","δέ","δέ"
"45","04","05","P","","ἐπὶ","ἐπὶ","ἐπί","ἐπί"
"45","04","05","RA","ASM","τὸν","τὸν","τόν","ὁ"
"45","04","05","V","PAPASM","δικαιοῦντα","δικαιοῦντα","δικαιοῦντα","δικαιόω"
"45","04","05","RA","ASM","τὸν","τὸν","τόν","ὁ"
"45","04","05","A","ASM","ἀσεβῆ,","ἀσεβῆ","ἀσεβῆ","ἀσεβής"
"45","04","05","V","3PPI-S","λογίζεται","λογίζεται","λογίζεται","λογίζομαι"
"45","04","05","RA","NSF","ἡ","ἡ","ἡ","ὁ"
"45","04","05","N","NSF","πίστις","πίστις","πίστις","πίστις"
"45","04","05","RP","GSM","αὐτοῦ","αὐτοῦ","αὐτοῦ","αὐτός"
"45","04","05","P","","εἰς","εἰς","εἰς","εἰς"
"45","04","05","N","ASF","δικαιοσύνην,","δικαιοσύνην","δικαιοσύνην","δικαιοσύνη"
"45","04","06","C","","καθάπερ","καθάπερ","καθάπερ","καθάπερ"
"45","04","06","D","","καὶ","καὶ","καί","καί"
"45","04","06","N","NSM","Δαυὶδ","Δαυὶδ","Δαυίδ","Δαυίδ"
"45","04","06","V","3PAI-S","λέγει","λέγει","λέγει","λέγω"
"45","04","06","RA","ASM","τὸν","τὸν","τόν","ὁ"
"45","04","06","N","ASM","μακαρισμὸν","μακαρισμὸν","μακαρισμόν","μακαρισμός"
"45","04","06","RA","GSM","τοῦ","τοῦ","τοῦ","ὁ"
"45","04","06","N","GSM","ἀνθρώπου","ἀνθρώπου","ἀνθρώπου","ἄνθρωπος"
"45","04","06","RR","DSM","ᾧ","ᾧ","ᾧ","ὅς"
"45","04","06","RA","NSM","ὁ","ὁ","ὁ","ὁ"
"45","04","06","N","NSM","θεὸς","θεὸς","θεός","θεός"
"45","04","06","V","3PMI-S","λογίζεται","λογίζεται","λογίζεται","λογίζομαι"
"45","04","06","N","ASF","δικαιοσύνην","δικαιοσύνην","δικαιοσύνην","δικαιοσύνη"
"45","04","06","P","","χωρὶς","χωρὶς","χωρίς","χωρίς"
"45","04","06","N","GPN","ἔργων·","ἔργων","ἔργων","ἔργον"
"45","04","07","A","NPM","Μακάριοι","Μακάριοι","μακάριοι","μακάριος"
"45","04","07","RR","GPM","ὧν","ὧν","ὧν","ὅς"
"45","04","07","V","3API-P","ἀφέθησαν","ἀφέθησαν","ἀφέθησαν","ἀφίημι"
"45","04","07","RA","NPF","αἱ","αἱ","αἱ","ὁ"
"45","04","07","N","NPF","ἀνομίαι","ἀνομίαι","ἀνομίαι","ἀνομία"
"45","04","07","C","","καὶ","καὶ","καί","καί"
"45","04","07","RR","GPM","ὧν","ὧν","ὧν","ὅς"
"45","04","07","V","3API-P","ἐπεκαλύφθησαν","ἐπεκαλύφθησαν","ἐπεκαλύφθησαν","ἐπικαλύπτω"
"45","04","07","RA","NPF","αἱ","αἱ","αἱ","ὁ"
"45","04","07","N","NPF","ἁμαρτίαι,","ἁμαρτίαι","ἁμαρτίαι","ἁμαρτία"
"45","04","08","A","NSM","μακάριος","μακάριος","μακάριος","μακάριος"
"45","04","08","N","NSM","ἀνὴρ","ἀνὴρ","ἀνήρ","ἀνήρ"
"45","04","08","RR","GSM","⸀οὗ","οὗ","οὗ","ὅς"
"45","04","08","D","","οὐ","οὐ","οὐ","οὐ"
"45","04","08","D","","μὴ","μὴ","μή","μή"
"45","04","08","V","3AMS-S","λογίσηται","λογίσηται","λογίσηται","λογίζομαι"
"45","04","08","N","NSM","κύριος","κύριος","κύριος","κύριος"
"45","04","08","N","ASF","ἁμαρτίαν.","ἁμαρτίαν","ἁμαρτίαν","ἁμαρτία"
"45","04","09","RA","NSM","Ὁ","Ὁ","ὁ","ὁ"
"45","04","09","N","NSM","μακαρισμὸς","μακαρισμὸς","μακαρισμός","μακαρισμός"
"45","04","09","C","","οὖν","οὖν","οὖν","οὖν"
"45","04","09","RD","NSM","οὗτος","οὗτος","οὗτος","οὗτος"
"45","04","09","P","","ἐπὶ","ἐπὶ","ἐπί","ἐπί"
"45","04","09","RA","ASF","τὴν","τὴν","τήν","ὁ"
"45","04","09","N","ASF","περιτομὴν","περιτομὴν","περιτομήν","περιτομή"
"45","04","09","C","","ἢ","ἢ","ἤ","ἤ"
"45","04","09","D","","καὶ","καὶ","καί","καί"
"45","04","09","P","","ἐπὶ","ἐπὶ","ἐπί","ἐπί"
"45","04","09","RA","ASF","τὴν","τὴν","τήν","ὁ"
"45","04","09","N","ASF","ἀκροβυστίαν;","ἀκροβυστίαν","ἀκροβυστίαν","ἀκροβυστία"
"45","04","09","V","1PAI-P","λέγομεν","λέγομεν","λέγομεν","λέγω"
"45","04","09","C","","⸀γάρ·","γάρ","γάρ","γάρ"
"45","04","09","V","3API-S","Ἐλογίσθη","Ἐλογίσθη","ἐλογίσθη","λογίζομαι"
"45","04","09","RA","DSM","τῷ","τῷ","τῷ","ὁ"
"45","04","09","N","DSM","Ἀβραὰμ","Ἀβραὰμ","Ἀβραάμ","Ἀβραάμ"
"45","04","09","RA","NSF","ἡ","ἡ","ἡ","ὁ"
"45","04","09","N","NSF","πίστις","πίστις","πίστις","πίστις"
"45","04","09","P","","εἰς","εἰς","εἰς","εἰς"
"45","04","09","N","ASF","δικαιοσύνην.","δικαιοσύνην","δικαιοσύνην","δικαιοσύνη"
"45","04","10","D","","πῶς","πῶς","πῶς","πῶς"
"45","04","10","C","","οὖν","οὖν","οὖν","οὖν"
"45","04","10","V","3API-S","ἐλογίσθη;","ἐλογίσθη","ἐλογίσθη","λογίζομαι"
"45","04","10","P","","ἐν","ἐν","ἐν","ἐν"
"45","04","10","N","DSF","περιτομῇ","περιτομῇ","περιτομῇ","περιτομή"
"45","04","10","V","PAPDSM","ὄντι","ὄντι","ὄντι","εἰμί"
"45","04","10","C","","ἢ","ἢ","ἤ","ἤ"
"45","04","10","P","","ἐν","ἐν","ἐν","ἐν"
"45","04","10","N","DSF","ἀκροβυστίᾳ;","ἀκροβυστίᾳ","ἀκροβυστίᾳ","ἀκροβυστία"
"45","04","10","D","","οὐκ","οὐκ","οὐ","οὐ"
"45","04","10","P","","ἐν","ἐν","ἐν","ἐν"
"45","04","10","N","DSF","περιτομῇ","περιτομῇ","περιτομῇ","περιτομή"
"45","04","10","C","","ἀλλ’","ἀλλ’","ἀλλά","ἀλλά"
"45","04","10","P","","ἐν","ἐν","ἐν","ἐν"
"45","04","10","N","DSF","ἀκροβυστίᾳ·","ἀκροβυστίᾳ","ἀκροβυστίᾳ","ἀκροβυστία"
"45","04","11","C","","καὶ","καὶ","καί","καί"
"45","04","11","N","ASN","σημεῖον","σημεῖον","σημεῖον","σημεῖον"
"45","04","11","V","3AAI-S","ἔλαβεν","ἔλαβεν","ἔλαβε(ν)","λαμβάνω"
"45","04","11","N","GSF","περιτομῆς,","περιτομῆς","περιτομῆς","περιτομή"
"45","04","11","N","ASF","σφραγῖδα","σφραγῖδα","σφραγῖδα","σφραγίς"
"45","04","11","RA","GSF","τῆς","τῆς","τῆς","ὁ"
"45","04","11","N","GSF","δικαιοσύνης","δικαιοσύνης","δικαιοσύνης","δικαιοσύνη"
"45","04","11","RA","GSF","τῆς","τῆς","τῆς","ὁ"
"45","04","11","N","GSF","πίστεως","πίστεως","πίστεως","πίστις"
"45","04","11","RA","GSF","τῆς","τῆς","τῆς","ὁ"
"45","04","11","P","","ἐν","ἐν","ἐν","ἐν"
"45","04","11","RA","DSF","τῇ","τῇ","τῇ","ὁ"
"45","04","11","N","DSF","ἀκροβυστίᾳ,","ἀκροβυστίᾳ","ἀκροβυστίᾳ","ἀκροβυστία"
"45","04","11","P","","εἰς","εἰς","εἰς","εἰς"
"45","04","11","RA","ASN","τὸ","τὸ","τό","ὁ"
"45","04","11","V","PAN","εἶναι","εἶναι","εἶναι","εἰμί"
"45","04","11","RP","ASM","αὐτὸν","αὐτὸν","αὐτόν","αὐτός"
"45","04","11","N","ASM","πατέρα","πατέρα","πατέρα","πατήρ"
"45","04","11","A","GPM","πάντων","πάντων","πάντων","πᾶς"
"45","04","11","RA","GPM","τῶν","τῶν","τῶν","ὁ"
"45","04","11","V","PAPGPM","πιστευόντων","πιστευόντων","πιστευόντων","πιστεύω"
"45","04","11","P","","δι’","δι’","διά","διά"
"45","04","11","N","GSF","ἀκροβυστίας,","ἀκροβυστίας","ἀκροβυστίας","ἀκροβυστία"
"45","04","11","P","","εἰς","εἰς","εἰς","εἰς"
"45","04","11","RA","ASN","τὸ","τὸ","τό","ὁ"
"45","04","11","V","APN","⸀λογισθῆναι","λογισθῆναι","λογισθῆναι","λογίζομαι"
"45","04","11","RP","DPM","αὐτοῖς","αὐτοῖς","αὐτοῖς","αὐτός"
"45","04","11","RA","ASF","τὴν","τὴν","τήν","ὁ"
"45","04","11","N","ASF","δικαιοσύνην,","δικαιοσύνην","δικαιοσύνην","δικαιοσύνη"
"45","04","12","C","","καὶ","καὶ","καί","καί"
"45","04","12","N","ASM","πατέρα","πατέρα","πατέρα","πατήρ"
"45","04","12","N","GSF","περιτομῆς","περιτομῆς","περιτομῆς","περιτομή"
"45","04","12","RA","DPM","τοῖς","τοῖς","τοῖς","ὁ"
"45","04","12","D","","οὐκ","οὐκ","οὐ","οὐ"
"45","04","12","P","","ἐκ","ἐκ","ἐκ","ἐκ"
"45","04","12","N","GSF","περιτομῆς","περιτομῆς","περιτομῆς","περιτομή"
"45","04","12","A","ASN","μόνον","μόνον","μόνον","μόνος"
"45","04","12","C","","ἀλλὰ","ἀλλὰ","ἀλλά","ἀλλά"
"45","04","12","D","","καὶ","καὶ","καί","καί"
"45","04","12","RA","DPM","τοῖς","τοῖς","τοῖς","ὁ"
"45","04","12","V","PAPDPM","στοιχοῦσιν","στοιχοῦσιν","στοιχοῦσι(ν)","στοιχέω"
"45","04","12","RA","DPN","τοῖς","τοῖς","τοῖς","ὁ"
"45","04","12","N","DPN","ἴχνεσιν","ἴχνεσιν","ἴχνεσι(ν)","ἴχνος"
"45","04","12","RA","GSF","τῆς","τῆς","τῆς","ὁ"
"45","04","12","P","","⸂ἐν","ἐν","ἐν","ἐν"
"45","04","12","N","DSF","ἀκροβυστίᾳ","ἀκροβυστίᾳ","ἀκροβυστίᾳ","ἀκροβυστία"
"45","04","12","N","GSF","πίστεως⸃","πίστεως","πίστεως","πίστις"
"45","04","12","RA","GSM","τοῦ","τοῦ","τοῦ","ὁ"
"45","04","12","N","GSM","πατρὸς","πατρὸς","πατρός","πατήρ"
"45","04","12","RP","GP","ἡμῶν","ἡμῶν","ἡμῶν","ἐγώ"
"45","04","12","N","GSM","Ἀβραάμ.","Ἀβραάμ","Ἀβραάμ","Ἀβραάμ"
"45","04","13","D","","Οὐ","Οὐ","οὐ","οὐ"
"45","04","13","C","","γὰρ","γὰρ","γάρ","γάρ"
"45","04","13","P","","διὰ","διὰ","διά","διά"
"45","04","13","N","GSM","νόμου","νόμου","νόμου","νόμος"
"45","04","13","RA","NSF","ἡ","ἡ","ἡ","ὁ"
"45","04","13","N","NSF","ἐπαγγελία","ἐπαγγελία","ἐπαγγελία","ἐπαγγελία"
"45","04","13","RA","DSM","τῷ","τῷ","τῷ","ὁ"
"45","04","13","N","DSM","Ἀβραὰμ","Ἀβραὰμ","Ἀβραάμ","Ἀβραάμ"
"45","04","13","C","","ἢ","ἢ","ἤ","ἤ"
"45","04","13","RA","DSN","τῷ","τῷ","τῷ","ὁ"
"45","04","13","N","DSN","σπέρματι","σπέρματι","σπέρματι","σπέρμα"
"45","04","13","RP","GSM","αὐτοῦ,","αὐτοῦ","αὐτοῦ","αὐτός"
"45","04","13","RA","NSN","τὸ","τὸ","τό","ὁ"
"45","04","13","N","ASM","κληρονόμον","κληρονόμον","κληρονόμον","κληρονόμος"
"45","04","13","RP","ASM","αὐτὸν","αὐτὸν","αὐτόν","αὐτός"
"45","04","13","V","PAN","⸀εἶναι","εἶναι","εἶναι","εἰμί"
"45","04","13","N","GSM","κόσμου,","κόσμου","κόσμου","κόσμος"
"45","04","13","C","","ἀλλὰ","ἀλλὰ","ἀλλά","ἀλλά"
"45","04","13","P","","διὰ","διὰ","διά","διά"
"45","04","13","N","GSF","δικαιοσύνης","δικαιοσύνης","δικαιοσύνης","δικαιοσύνη"
"45","04","13","N","GSF","πίστεως·","πίστεως","πίστεως","πίστις"
"45","04","14","C","","εἰ","εἰ","εἰ","εἰ"
"45","04","14","C","","γὰρ","γὰρ","γάρ","γάρ"
"45","04","14","RA","NPM","οἱ","οἱ","οἱ","ὁ"
"45","04","14","P","","ἐκ","ἐκ","ἐκ","ἐκ"
"45","04","14","N","GSM","νόμου","νόμου","νόμου","νόμος"
"45","04","14","N","NPM","κληρονόμοι,","κληρονόμοι","κληρονόμοι","κληρονόμος"
"45","04","14","V","3XPI-S","κεκένωται","κεκένωται","κεκένωται","κενόω"
"45","04","14","RA","NSF","ἡ","ἡ","ἡ","ὁ"
"45","04","14","N","NSF","πίστις","πίστις","πίστις","πίστις"
"45","04","14","C","","καὶ","καὶ","καί","καί"
"45","04","14","V","3XPI-S","κατήργηται","κατήργηται","κατήργηται","καταργέω"
"45","04","14","RA","NSF","ἡ","ἡ","ἡ","ὁ"
"45","04","14","N","NSF","ἐπαγγελία·","ἐπαγγελία","ἐπαγγελία","ἐπαγγελία"
"45","04","15","RA","NSM","ὁ","ὁ","ὁ","ὁ"
"45","04","15","C","","γὰρ","γὰρ","γάρ","γάρ"
"45","04","15","N","NSM","νόμος","νόμος","νόμος","νόμος"
"45","04","15","N","ASF","ὀργὴν","ὀργὴν","ὀργήν","ὀργή"
"45","04","15","V","3PMI-S","κατεργάζεται,","κατεργάζεται","κατεργάζεται","κατεργάζομαι"
"45","04","15","C","","οὗ","οὗ","οὗ","οὗ"
"45","04","15","C","","⸀δὲ","δὲ","δέ","δέ"
"45","04","15","D","","οὐκ","οὐκ","οὐ","οὐ"
"45","04","15","V","3PAI-S","ἔστιν","ἔστιν","ἐστί(ν)","εἰμί"
"45","04","15","N","NSM","νόμος,","νόμος","νόμος","νόμος"
"45","04","15","D","","οὐδὲ","οὐδὲ","οὐδέ","οὐδέ"
"45","04","15","N","NSF","παράβασις.","παράβασις","παράβασις","παράβασις"
"45","04","16","P","","Διὰ","Διὰ","διά","διά"
"45","04","16","RD","ASN","τοῦτο","τοῦτο","τοῦτο","οὗτος"
"45","04","16","P","","ἐκ","ἐκ","ἐκ","ἐκ"
"45","04","16","N","GSF","πίστεως,","πίστεως","πίστεως","πίστις"
"45","04","16","C","","ἵνα","ἵνα","ἵνα","ἵνα"
"45","04","16","P","","κατὰ","κατὰ","κατά","κατά"
"45","04","16","N","ASF","χάριν,","χάριν","χάριν","χάρις"
"45","04","16","P","","εἰς","εἰς","εἰς","εἰς"
"45","04","16","RA","ASN","τὸ","τὸ","τό","ὁ"
"45","04","16","V","PAN","εἶναι","εἶναι","εἶναι","εἰμί"
"45","04","16","A","ASF","βεβαίαν","βεβαίαν","βεβαίαν","βέβαιος"
"45","04","16","RA","ASF","τὴν","τὴν","τήν","ὁ"
"45","04","16","N","ASF","ἐπαγγελίαν","ἐπαγγελίαν","ἐπαγγελίαν","ἐπαγγελία"
"45","04","16","A","DSN","παντὶ","παντὶ","παντί","πᾶς"
"45","04","16","RA","DSN","τῷ","τῷ","τῷ","ὁ"
"45","04","16","N","DSN","σπέρματι,","σπέρματι","σπέρματι","σπέρμα"
"45","04","16","D","","οὐ","οὐ","οὐ","οὐ"
"45","04","16","RA","DSN","τῷ","τῷ","τῷ","ὁ"
"45","04","16","P","","ἐκ","ἐκ","ἐκ","ἐκ"
"45","04","16","RA","GSM","τοῦ","τοῦ","τοῦ","ὁ"
"45","04","16","N","GSM","νόμου","νόμου","νόμου","νόμος"
"45","04","16","A","ASN","μόνον","μόνον","μόνον","μόνος"
"45","04","16","C","","ἀλλὰ","ἀλλὰ","ἀλλά","ἀλλά"
"45","04","16","D","","καὶ","καὶ","καί","καί"
"45","04","16","RA","DSN","τῷ","τῷ","τῷ","ὁ"
"45","04","16","P","","ἐκ","ἐκ","ἐκ","ἐκ"
"45","04","16","N","GSF","πίστεως","πίστεως","πίστεως","πίστις"
"45","04","16","N","GSM","Ἀβραάμ","Ἀβραάμ","Ἀβραάμ","Ἀβραάμ"
"45","04","16","RR","NSM","(ὅς","ὅς","ὅς","ὅς"
"45","04","16","V","3PAI-S","ἐστιν","ἐστιν","ἐστί(ν)","εἰμί"
"45","04","16","N","NSM","πατὴρ","πατὴρ","πατήρ","πατήρ"
"45","04","16","A","GPM","πάντων","πάντων","πάντων","πᾶς"
"45","04","16","RP","GP","ἡμῶν,","ἡμῶν","ἡμῶν","ἐγώ"
"45","04","17","C","","καθὼς","καθὼς","καθώς","καθώς"
"45","04","17","V","3XPI-S","γέγραπται","γέγραπται","γέγραπται","γράφω"
"45","04","17","C","","ὅτι","ὅτι","ὅτι","ὅτι"
"45","04","17","N","ASM","Πατέρα","Πατέρα","πατέρα","πατήρ"
"45","04","17","A","GPN","πολλῶν","πολλῶν","πολλῶν","πολύς"
"45","04","17","N","GPN","ἐθνῶν","ἐθνῶν","ἐθνῶν","ἔθνος"
"45","04","17","V","1XAI-S","τέθεικά","τέθεικά","τέθεικα","τίθημι"
"45","04","17","RP","AS","σε),","σε","σε","σύ"
"45","04","17","P","","κατέναντι","κατέναντι","κατέναντι","κατέναντι"
"45","04","17","RR","GSM","οὗ","οὗ","οὗ","ὅς"
"45","04","17","V","3AAI-S","ἐπίστευσεν","ἐπίστευσεν","ἐπίστευσε(ν)","πιστεύω"
"45","04","17","N","GSM","θεοῦ","θεοῦ","θεοῦ","θεός"
"45","04","17","RA","GSM","τοῦ","τοῦ","τοῦ","ὁ"
"45","04","17","V","PAPGSM","ζῳοποιοῦντος","ζῳοποιοῦντος","ζῳοποιοῦντος","ζῳοποιέω"
"45","04","17","RA","APM","τοὺς","τοὺς","τούς","ὁ"
"45","04","17","A","APM","νεκροὺς","νεκροὺς","νεκρούς","νεκρός"
"45","04","17","C","","καὶ","καὶ","καί","καί"
"45","04","17","V","PAPGSM","καλοῦντος","καλοῦντος","καλοῦντος","καλέω"
"45","04","17","RA","APN","τὰ","τὰ","τά","ὁ"
"45","04","17","D","","μὴ","μὴ","μή","μή"
"45","04","17","V","PAPAPN","ὄντα","ὄντα","ὄντα","εἰμί"
"45","04","17","C","","ὡς","ὡς","ὡς","ὡς"
"45","04","17","V","PAPAPN","ὄντα·","ὄντα","ὄντα","εἰμί"
"45","04","18","RR","NSM","ὃς","ὃς","ὅς","ὅς"
"45","04","18","P","","παρ’","παρ’","παρά","παρά"
"45","04","18","N","ASF","ἐλπίδα","ἐλπίδα","ἐλπίδα","ἐλπίς"
"45","04","18","P","","ἐπ’","ἐπ’","ἐπί","ἐπί"
"45","04","18","N","DSF","ἐλπίδι","ἐλπίδι","ἐλπίδι","ἐλπίς"
"45","04","18","V","3AAI-S","ἐπίστευσεν","ἐπίστευσεν","ἐπίστευσε(ν)","πιστεύω"
"45","04","18","P","","εἰς","εἰς","εἰς","εἰς"
"45","04","18","RA","ASN","τὸ","τὸ","τό","ὁ"
"45","04","18","V","AMN","γενέσθαι","γενέσθαι","γενέσθαι","γίνομαι"
"45","04","18","RP","ASM","αὐτὸν","αὐτὸν","αὐτόν","αὐτός"
"45","04","18","N","ASM","πατέρα","πατέρα","πατέρα","πατήρ"
"45","04","18","A","GPN","πολλῶν","πολλῶν","πολλῶν","πολύς"
"45","04","18","N","GPN","ἐθνῶν","ἐθνῶν","ἐθνῶν","ἔθνος"
"45","04","18","P","","κατὰ","κατὰ","κατά","κατά"
"45","04","18","RA","ASN","τὸ","τὸ","τό","ὁ"
"45","04","18","V","XPPASN","εἰρημένον·","εἰρημένον","εἰρημένον","λέγω"
"45","04","18","D","","Οὕτως","Οὕτως","οὕτω(ς)","οὕτω(ς)"
"45","04","18","V","3FMI-S","ἔσται","ἔσται","ἔσται","εἰμί"
"45","04","18","RA","NSN","τὸ","τὸ","τό","ὁ"
"45","04","18","N","NSN","σπέρμα","σπέρμα","σπέρμα","σπέρμα"
"45","04","18","RP","GS","σου·","σου","σου","σύ"
"45","04","19","C","","καὶ","καὶ","καί","καί"
"45","04","19","D","","μὴ","μὴ","μή","μή"
"45","04","19","V","AAPNSM","ἀσθενήσας","ἀσθενήσας","ἀσθενήσας","ἀσθενέω"
"45","04","19","RA","DSF","τῇ","τῇ","τῇ","ὁ"
"45","04","19","N","DSF","⸀πίστει","πίστει","πίστει","πίστις"
"45","04","19","V","3AAI-S","κατενόησεν","κατενόησεν","κατενόησε(ν)","κατανοέω"
"45","04","19","RA","ASN","τὸ","τὸ","τό","ὁ"
"45","04","19","RP","GSM","ἑαυτοῦ","ἑαυτοῦ","ἑαυτοῦ","ἑαυτοῦ"
"45","04","19","N","ASN","⸀σῶμα","σῶμα","σῶμα","σῶμα"
"45","04","19","V","XPPASN","νενεκρωμένον,","νενεκρωμένον","νενεκρωμένον","νεκρόω"
"45","04","19","A","NSM","ἑκατονταετής","ἑκατονταετής","ἑκατονταετής","ἑκατονταετής"
"45","04","19","D","","που","που","πού","πού"
"45","04","19","V","PAPNSM","ὑπάρχων,","ὑπάρχων","ὑπάρχων","ὑπάρχω"
"45","04","19","C","","καὶ","καὶ","καί","καί"
"45","04","19","RA","ASF","τὴν","τὴν","τήν","ὁ"
"45","04","19","N","ASF","νέκρωσιν","νέκρωσιν","νέκρωσιν","νέκρωσις"
"45","04","19","RA","GSF","τῆς","τῆς","τῆς","ὁ"
"45","04","19","N","GSF","μήτρας","μήτρας","μήτρας","μήτρα"
"45","04","19","N","GSF","Σάρρας,","Σάρρας","Σάρρας","Σάρρα"
"45","04","20","P","","εἰς","εἰς","εἰς","εἰς"
"45","04","20","C","","δὲ","δὲ","δέ","δέ"
"45","04","20","RA","ASF","τὴν","τὴν","τήν","ὁ"
"45","04","20","N","ASF","ἐπαγγελίαν","ἐπαγγελίαν","ἐπαγγελίαν","ἐπαγγελία"
"45","04","20","RA","GSM","τοῦ","τοῦ","τοῦ","ὁ"
"45","04","20","N","GSM","θεοῦ","θεοῦ","θεοῦ","θεός"
"45","04","20","D","","οὐ","οὐ","οὐ","οὐ"
"45","04","20","V","3API-S","διεκρίθη","διεκρίθη","διεκρίθη","διακρίνω"
"45","04","20","RA","DSF","τῇ","τῇ","τῇ","ὁ"
"45","04","20","N","DSF","ἀπιστίᾳ","ἀπιστίᾳ","ἀπιστίᾳ","ἀπιστία"
"45","04","20","C","","ἀλλὰ","ἀλλὰ","ἀλλά","ἀλλά"
"45","04","20","V","3API-S","ἐνεδυναμώθη","ἐνεδυναμώθη","ἐνεδυναμώθη","ἐνδυναμόω"
"45","04","20","RA","DSF","τῇ","τῇ","τῇ","ὁ"
"45","04","20","N","DSF","πίστει,","πίστει","πίστει","πίστις"
"45","04","20","V","AAPNSM","δοὺς","δοὺς","δούς","δίδωμι"
"45","04","20","N","ASF","δόξαν","δόξαν","δόξαν","δόξα"
"45","04","20","RA","DSM","τῷ","τῷ","τῷ","ὁ"
"45","04","20","N","DSM","θεῷ","θεῷ","θεῷ","θεός"
"45","04","21","C","","καὶ","καὶ","καί","καί"
"45","04","21","V","APPNSM","πληροφορηθεὶς","πληροφορηθεὶς","πληροφορηθείς","πληροφορέω"
"45","04","21","C","","ὅτι","ὅτι","ὅτι","ὅτι"
"45","04","21","RR","ASN","ὃ","ὃ","ὅ","ὅς"
"45","04","21","V","3XMI-S","ἐπήγγελται","ἐπήγγελται","ἐπήγγελται","ἐπαγγέλλομαι"
"45","04","21","A","NSM","δυνατός","δυνατός","δυνατός","δυνατός"
"45","04","21","V","3PAI-S","ἐστιν","ἐστιν","ἐστί(ν)","εἰμί"
"45","04","21","D","","καὶ","καὶ","καί","καί"
"45","04","21","V","AAN","ποιῆσαι.","ποιῆσαι","ποιῆσαι","ποιέω"
"45","04","22","C","","⸀διὸ","διὸ","διό","διό"
"45","04","22","V","3API-S","ἐλογίσθη","ἐλογίσθη","ἐλογίσθη","λογίζομαι"
"45","04","22","RP","DSM","αὐτῷ","αὐτῷ","αὐτῷ","αὐτός"
"45","04","22","P","","εἰς","εἰς","εἰς","εἰς"
"45","04","22","N","ASF","δικαιοσύνην.","δικαιοσύνην","δικαιοσύνην","δικαιοσύνη"
"45","04","23","D","","Οὐκ","Οὐκ","οὐ","οὐ"
"45","04","23","V","3API-S","ἐγράφη","ἐγράφη","ἐγράφη","γράφω"
"45","04","23","C","","δὲ","δὲ","δέ","δέ"
"45","04","23","P","","δι’","δι’","διά","διά"
"45","04","23","RP","ASM","αὐτὸν","αὐτὸν","αὐτόν","αὐτός"
"45","04","23","A","ASM","μόνον","μόνον","μόνον","μόνος"
"45","04","23","C","","ὅτι","ὅτι","ὅτι","ὅτι"
"45","04","23","V","3API-S","ἐλογίσθη","ἐλογίσθη","ἐλογίσθη","λογίζομαι"
"45","04","23","RP","DSM","αὐτῷ,","αὐτῷ","αὐτῷ","αὐτός"
"45","04","24","C","","ἀλλὰ","ἀλλὰ","ἀλλά","ἀλλά"
"45","04","24","D","","καὶ","καὶ","καί","καί"
"45","04","24","P","","δι’","δι’","διά","διά"
"45","04","24","RP","AP","ἡμᾶς","ἡμᾶς","ἡμᾶς","ἐγώ"
"45","04","24","RR","DPM","οἷς","οἷς","οἷς","ὅς"
"45","04","24","V","3PAI-S","μέλλει","μέλλει","μέλλει","μέλλω"
"45","04","24","V","PPN","λογίζεσθαι,","λογίζεσθαι","λογίζεσθαι","λογίζομαι"
"45","04","24","RA","DPM","τοῖς","τοῖς","τοῖς","ὁ"
"45","04","24","V","PAPDPM","πιστεύουσιν","πιστεύουσιν","πιστεύουσι(ν)","πιστεύω"
"45","04","24","P","","ἐπὶ","ἐπὶ","ἐπί","ἐπί"
"45","04","24","RA","ASM","τὸν","τὸν","τόν","ὁ"
"45","04","24","V","AAPASM","ἐγείραντα","ἐγείραντα","ἐγείραντα","ἐγείρω"
"45","04","24","N","ASM","Ἰησοῦν","Ἰησοῦν","Ἰησοῦν","Ἰησοῦς"
"45","04","24","RA","ASM","τὸν","τὸν","τόν","ὁ"
"45","04","24","N","ASM","κύριον","κύριον","κύριον","κύριος"
"45","04","24","RP","GP","ἡμῶν","ἡμῶν","ἡμῶν","ἐγώ"
"45","04","24","P","","ἐκ","ἐκ","ἐκ","ἐκ"
"45","04","24","A","GPM","νεκρῶν,","νεκρῶν","νεκρῶν","νεκρός"
"45","04","25","RR","NSM","ὃς","ὃς","ὅς","ὅς"
"45","04","25","V","3API-S","παρεδόθη","παρεδόθη","παρεδόθη","παραδίδωμι"
"45","04","25","P","","διὰ","διὰ","διά","διά"
"45","04","25","RA","APN","τὰ","τὰ","τά","ὁ"
"45","04","25","N","APN","παραπτώματα","παραπτώματα","παραπτώματα","παράπτωμα"
"45","04","25","RP","GP","ἡμῶν","ἡμῶν","ἡμῶν","ἐγώ"
"45","04","25","C","","καὶ","καὶ","καί","καί"
"45","04","25","V","3API-S","ἠγέρθη","ἠγέρθη","ἠγέρθη","ἐγείρω"
"45","04","25","P","","διὰ","διὰ","διά","διά"
"45","04","25","RA","ASF","τὴν","τὴν","τήν","ὁ"
"45","04","25","N","ASF","δικαίωσιν","δικαίωσιν","δικαίωσιν","δικαίωσις"
"45","04","25","RP","GP","ἡμῶν.","ἡμῶν","ἡμῶν","ἐγώ"
"45","05","01","V","APPNPM","Δικαιωθέντες","Δικαιωθέντες","δικαιωθέντες","δικαιόω"
"45","05","01","C","","οὖν","οὖν","οὖν","οὖν"
"45","05","01","P","","ἐκ","ἐκ","ἐκ","ἐκ"
"45","05","01","N","GSF","πίστεως","πίστεως","πίστεως","πίστις"
"45","05","01","N","ASF","εἰρήνην","εἰρήνην","εἰρήνην","εἰρήνη"
"45","05","01","V","1PAI-P","⸀ἔχομεν","ἔχομεν","ἔχομεν","ἔχω"
"45","05","01","P","","πρὸς","πρὸς","πρός","πρός"
"45","05","01","RA","ASM","τὸν","τὸν","τόν","ὁ"
"45","05","01","N","ASM","θεὸν","θεὸν","θεόν","θεός"
"45","05","01","P","","διὰ","διὰ","διά","διά"
"45","05","01","RA","GSM","τοῦ","τοῦ","τοῦ","ὁ"
"45","05","01","N","GSM","κυρίου","κυρίου","κυρίου","κύριος"
"45","05","01","RP","GP","ἡμῶν","ἡμῶν","ἡμῶν","ἐγώ"
"45","05","01","N","GSM","Ἰησοῦ","Ἰησοῦ","Ἰησοῦ","Ἰησοῦς"
"45","05","01","N","GSM","Χριστοῦ,","Χριστοῦ","Χριστοῦ","Χριστός"
"45","05","02","P","","δι’","δι’","διά","διά"
"45","05","02","RR","GSM","οὗ","οὗ","οὗ","ὅς"
"45","05","02","D","","καὶ","καὶ","καί","καί"
"45","05","02","RA","ASF","τὴν","τὴν","τήν","ὁ"
"45","05","02","N","ASF","προσαγωγὴν","προσαγωγὴν","προσαγωγήν","προσαγωγή"
"45","05","02","V","1XAI-P","ἐσχήκαμεν","ἐσχήκαμεν","ἐσχήκαμεν","ἔχω"
"45","05","02","RA","DSF","τῇ","τῇ","τῇ","ὁ"
"45","05","02","N","DSF","πίστει","πίστει","πίστει","πίστις"
"45","05","02","P","","εἰς","εἰς","εἰς","εἰς"
"45","05","02","RA","ASF","τὴν","τὴν","τήν","ὁ"
"45","05","02","N","ASF","χάριν","χάριν","χάριν","χάρις"
"45","05","02","RD","ASF","ταύτην","ταύτην","ταύτην","οὗτος"
"45","05","02","P","","ἐν","ἐν","ἐν","ἐν"
"45","05","02","RR","DSF","ᾗ","ᾗ","ᾗ","ὅς"
"45","05","02","V","1XAI-P","ἑστήκαμεν,","ἑστήκαμεν","ἑστήκαμεν","ἵστημι"
"45","05","02","C","","καὶ","καὶ","καί","καί"
"45","05","02","V","1PMI-P","καυχώμεθα","καυχώμεθα","καυχώμεθα","καυχάομαι"
"45","05","02","P","","ἐπ’","ἐπ’","ἐπί","ἐπί"
"45","05","02","N","DSF","ἐλπίδι","ἐλπίδι","ἐλπίδι","ἐλπίς"
"45","05","02","RA","GSF","τῆς","τῆς","τῆς","ὁ"
"45","05","02","N","GSF","δόξης","δόξης","δόξης","δόξα"
"45","05","02","RA","GSM","τοῦ","τοῦ","τοῦ","ὁ"
"45","05","02","N","GSM","θεοῦ·","θεοῦ","θεοῦ","θεός"
"45","05","03","D","","οὐ","οὐ","οὐ","οὐ"
"45","05","03","A","ASN","μόνον","μόνον","μόνον","μόνος"
"45","05","03","C","","δέ,","δέ","δέ","δέ"
"45","05","03","C","","ἀλλὰ","ἀλλὰ","ἀλλά","ἀλλά"
"45","05","03","D","","καὶ","καὶ","καί","καί"
"45","05","03","V","1PMI-P","⸀καυχώμεθα","καυχώμεθα","καυχώμεθα","καυχάομαι"
"45","05","03","P","","ἐν","ἐν","ἐν","ἐν"
"45","05","03","RA","DPF","ταῖς","ταῖς","ταῖς","ὁ"
"45","05","03","N","DPF","θλίψεσιν,","θλίψεσιν","θλίψεσι(ν)","θλῖψις"
"45","05","03","V","XAPNPM","εἰδότες","εἰδότες","εἰδότες","οἶδα"
"45","05","03","C","","ὅτι","ὅτι","ὅτι","ὅτι"
"45","05","03","RA","NSF","ἡ","ἡ","ἡ","ὁ"
"45","05","03","N","NSF","θλῖψις","θλῖψις","θλῖψις","θλῖψις"
"45","05","03","N","ASF","ὑπομονὴν","ὑπομονὴν","ὑπομονήν","ὑπομονή"
"45","05","03","V","3PMI-S","κατεργάζεται,","κατεργάζεται","κατεργάζεται","κατεργάζομαι"
"45","05","04","RA","NSF","ἡ","ἡ","ἡ","ὁ"
"45","05","04","C","","δὲ","δὲ","δέ","δέ"
"45","05","04","N","NSF","ὑπομονὴ","ὑπομονὴ","ὑπομονή","ὑπομονή"
"45","05","04","N","ASF","δοκιμήν,","δοκιμήν","δοκιμήν","δοκιμή"
"45","05","04","RA","NSF","ἡ","ἡ","ἡ","ὁ"
"45","05","04","C","","δὲ","δὲ","δέ","δέ"
"45","05","04","N","NSF","δοκιμὴ","δοκιμὴ","δοκιμή","δοκιμή"
"45","05","04","N","ASF","ἐλπίδα.","ἐλπίδα","ἐλπίδα","ἐλπίς"
"45","05","05","RA","NSF","ἡ","ἡ","ἡ","ὁ"
"45","05","05","C","","δὲ","δὲ","δέ","δέ"
"45","05","05","N","NSF","ἐλπὶς","ἐλπὶς","ἐλπίς","ἐλπίς"
"45","05","05","D","","οὐ","οὐ","οὐ","οὐ"
"45","05","05","V","3PAI-S","καταισχύνει·","καταισχύνει","καταισχύνει","καταισχύνω"
"45","05","05","C","","ὅτι","ὅτι","ὅτι","ὅτι"
"45","05","05","RA","NSF","ἡ","ἡ","ἡ","ὁ"
"45","05","05","N","NSF","ἀγάπη","ἀγάπη","ἀγάπη","ἀγάπη"
"45","05","05","RA","GSM","τοῦ","τοῦ","τοῦ","ὁ"
"45","05","05","N","GSM","θεοῦ","θεοῦ","θεοῦ","θεός"
"45","05","05","V","3XPI-S","ἐκκέχυται","ἐκκέχυται","ἐκκέχυται","ἐκχέω"
"45","05","05","P","","ἐν","ἐν","ἐν","ἐν"
"45","05","05","RA","DPF","ταῖς","ταῖς","ταῖς","ὁ"
"45","05","05","N","DPF","καρδίαις","καρδίαις","καρδίαις","καρδία"
"45","05","05","RP","GP","ἡμῶν","ἡμῶν","ἡμῶν","ἐγώ"
"45","05","05","P","","διὰ","διὰ","διά","διά"
"45","05","05","N","GSN","πνεύματος","πνεύματος","πνεύματος","πνεῦμα"
"45","05","05","A","GSN","ἁγίου","ἁγίου","ἁγίου","ἅγιος"
"45","05","05","RA","GSN","τοῦ","τοῦ","τοῦ","ὁ"
"45","05","05","V","APPGSN","δοθέντος","δοθέντος","δοθέντος","δίδωμι"
"45","05","05","RP","DP","ἡμῖν.","ἡμῖν","ἡμῖν","ἐγώ"
"45","05","06","D","","⸂Ἔτι","Ἔτι","ἔτι","ἔτι"
"45","05","06","C","","γὰρ⸃","γὰρ","γάρ","γάρ"
"45","05","06","N","NSM","Χριστὸς","Χριστὸς","Χριστός","Χριστός"
"45","05","06","V","PAPGPM","ὄντων","ὄντων","ὄντων","εἰμί"
"45","05","06","RP","GP","ἡμῶν","ἡμῶν","ἡμῶν","ἐγώ"
"45","05","06","A","GPM","ἀσθενῶν","ἀσθενῶν","ἀσθενῶν","ἀσθενής"
"45","05","06","D","","⸀ἔτι","ἔτι","ἔτι","ἔτι"
"45","05","06","P","","κατὰ","κατὰ","κατά","κατά"
"45","05","06","N","ASM","καιρὸν","καιρὸν","καιρόν","καιρός"
"45","05","06","P","","ὑπὲρ","ὑπὲρ","ὑπέρ","ὑπέρ"
"45","05","06","A","GPM","ἀσεβῶν","ἀσεβῶν","ἀσεβῶν","ἀσεβής"
"45","05","06","V","3AAI-S","ἀπέθανεν.","ἀπέθανεν","ἀπέθανε(ν)","ἀποθνῄσκω"
"45","05","07","D","","μόλις","μόλις","μόλις","μόλις"
"45","05","07","C","","γὰρ","γὰρ","γάρ","γάρ"
"45","05","07","P","","ὑπὲρ","ὑπὲρ","ὑπέρ","ὑπέρ"
"45","05","07","A","GSM","δικαίου","δικαίου","δικαίου","δίκαιος"
"45","05","07","RI","NSM","τις","τις","τὶς","τις"
"45","05","07","V","3FMI-S","ἀποθανεῖται·","ἀποθανεῖται","ἀποθανεῖται","ἀποθνῄσκω"
"45","05","07","P","","ὑπὲρ","ὑπὲρ","ὑπέρ","ὑπέρ"
"45","05","07","C","","γὰρ","γὰρ","γάρ","γάρ"
"45","05","07","RA","GSM","τοῦ","τοῦ","τοῦ","ὁ"
"45","05","07","A","GSM","ἀγαθοῦ","ἀγαθοῦ","ἀγαθοῦ","ἀγαθός"
"45","05","07","D","","τάχα","τάχα","τάχα","τάχα"
"45","05","07","RI","NSM","τις","τις","τὶς","τις"
"45","05","07","D","","καὶ","καὶ","καί","καί"
"45","05","07","V","3PAI-S","τολμᾷ","τολμᾷ","τολμᾷ","τολμάω"
"45","05","07","V","AAN","ἀποθανεῖν·","ἀποθανεῖν","ἀποθανεῖν","ἀποθνῄσκω"
"45","05","08","V","3PAI-S","συνίστησιν","συνίστησιν","συνίστησι(ν)","συνίστημι"
"45","05","08","C","","δὲ","δὲ","δέ","δέ"
"45","05","08","RA","ASF","τὴν","τὴν","τήν","ὁ"
"45","05","08","RP","GSM","ἑαυτοῦ","ἑαυτοῦ","ἑαυτοῦ","ἑαυτοῦ"
"45","05","08","N","ASF","ἀγάπην","ἀγάπην","ἀγάπην","ἀγάπη"
"45","05","08","P","","εἰς","εἰς","εἰς","εἰς"
"45","05","08","RP","AP","ἡμᾶς","ἡμᾶς","ἡμᾶς","ἐγώ"
"45","05","08","RA","NSM","ὁ","ὁ","ὁ","ὁ"
"45","05","08","N","NSM","θεὸς","θεὸς","θεός","θεός"
"45","05","08","C","","ὅτι","ὅτι","ὅτι","ὅτι"
"45","05","08","D","","ἔτι","ἔτι","ἔτι","ἔτι"
"45","05","08","A","GPM","ἁμαρτωλῶν","ἁμαρτωλῶν","ἁμαρτωλῶν","ἁμαρτωλός"
"45","05","08","V","PAPGPM","ὄντων","ὄντων","ὄντων","εἰμί"
"45","05","08","RP","GP","ἡμῶν","ἡμῶν","ἡμῶν","ἐγώ"
"45","05","08","N","NSM","Χριστὸς","Χριστὸς","Χριστός","Χριστός"
"45","05","08","P","","ὑπὲρ","ὑπὲρ","ὑπέρ","ὑπέρ"
"45","05","08","RP","GP","ἡμῶν","ἡμῶν","ἡμῶν","ἐγώ"
"45","05","08","V","3AAI-S","ἀπέθανεν.","ἀπέθανεν","ἀπέθανε(ν)","ἀποθνῄσκω"
"45","05","09","A","DSN","πολλῷ","πολλῷ","πολλῷ","πολύς"
"45","05","09","C","","οὖν","οὖν","οὖν","οὖν"
"45","05","09","D","","μᾶλλον","μᾶλλον","μᾶλλον","μᾶλλον"
"45","05","09","V","APPNPM","δικαιωθέντες","δικαιωθέντες","δικαιωθέντες","δικαιόω"
"45","05","09","D","","νῦν","νῦν","νῦν","νῦν"
"45","05","09","P","","ἐν","ἐν","ἐν","ἐν"
"45","05","09","RA","DSN","τῷ","τῷ","τῷ","ὁ"
"45","05","09","N","DSN","αἵματι","αἵματι","αἵματι","αἷμα"
"45","05","09","RP","GSM","αὐτοῦ","αὐτοῦ","αὐτοῦ","αὐτός"
"45","05","09","V","1FPI-P","σωθησόμεθα","σωθησόμεθα","σωθησόμεθα","σῴζω"
"45","05","09","P","","δι’","δι’","διά","διά"
"45","05","09","RP","GSM","αὐτοῦ","αὐτοῦ","αὐτοῦ","αὐτός"
"45","05","09","P","","ἀπὸ","ἀπὸ","ἀπό","ἀπό"
"45","05","09","RA","GSF","τῆς","τῆς","τῆς","ὁ"
"45","05","09","N","GSF","ὀργῆς.","ὀργῆς","ὀργῆς","ὀργή"
"45","05","10","C","","εἰ","εἰ","εἰ","εἰ"
"45","05","10","C","","γὰρ","γὰρ","γάρ","γάρ"
"45","05","10","A","NPM","ἐχθροὶ","ἐχθροὶ","ἐχθροί","ἐχθρός"
"45","05","10","V","PAPNPM","ὄντες","ὄντες","ὄντες","εἰμί"
"45","05","10","V","1API-P","κατηλλάγημεν","κατηλλάγημεν","κατηλλάγημεν","καταλλάσσω"
"45","05","10","RA","DSM","τῷ","τῷ","τῷ","ὁ"
"45","05","10","N","DSM","θεῷ","θεῷ","θεῷ","θεός"
"45","05","10","P","","διὰ","διὰ","διά","διά"
"45","05","10","RA","GSM","τοῦ","τοῦ","τοῦ","ὁ"
"45","05","10","N","GSM","θανάτου","θανάτου","θανάτου","θάνατος"
"45","05","10","RA","GSM","τοῦ","τοῦ","τοῦ","ὁ"
"45","05","10","N","GSM","υἱοῦ","υἱοῦ","υἱοῦ","υἱός"
"45","05","10","RP","GSM","αὐτοῦ,","αὐτοῦ","αὐτοῦ","αὐτός"
"45","05","10","A","DSN","πολλῷ","πολλῷ","πολλῷ","πολύς"
"45","05","10","D","","μᾶλλον","μᾶλλον","μᾶλλον","μᾶλλον"
"45","05","10","V","APPNPM","καταλλαγέντες","καταλλαγέντες","καταλλαγέντες","καταλλάσσω"
"45","05","10","V","1FPI-P","σωθησόμεθα","σωθησόμεθα","σωθησόμεθα","σῴζω"
"45","05","10","P","","ἐν","ἐν","ἐν","ἐν"
"45","05","10","RA","DSF","τῇ","τῇ","τῇ","ὁ"
"45","05","10","N","DSF","ζωῇ","ζωῇ","ζωῇ","ζωή"
"45","05","10","RP","GSM","αὐτοῦ·","αὐτοῦ","αὐτοῦ","αὐτός"
"45","05","11","D","","οὐ","οὐ","οὐ","οὐ"
"45","05","11","A","ASN","μόνον","μόνον","μόνον","μόνος"
"45","05","11","C","","δέ,","δέ","δέ","δέ"
"45","05","11","C","","ἀλλὰ","ἀλλὰ","ἀλλά","ἀλλά"
"45","05","11","D","","καὶ","καὶ","καί","καί"
"45","05","11","V","PMPNPM","καυχώμενοι","καυχώμενοι","καυχώμενοι","καυχάομαι"
"45","05","11","P","","ἐν","ἐν","ἐν","ἐν"
"45","05","11","RA","DSM","τῷ","τῷ","τῷ","ὁ"
"45","05","11","N","DSM","θεῷ","θεῷ","θεῷ","θεός"
"45","05","11","P","","διὰ","διὰ","διά","διά"
"45","05","11","RA","GSM","τοῦ","τοῦ","τοῦ","ὁ"
"45","05","11","N","GSM","κυρίου","κυρίου","κυρίου","κύριος"
"45","05","11","RP","GP","ἡμῶν","ἡμῶν","ἡμῶν","ἐγώ"
"45","05","11","N","GSM","Ἰησοῦ","Ἰησοῦ","Ἰησοῦ","Ἰησοῦς"
"45","05","11","N","GSM","Χριστοῦ,","Χριστοῦ","Χριστοῦ","Χριστός"
"45","05","11","P","","δι’","δι’","διά","διά"
"45","05","11","RR","GSM","οὗ","οὗ","οὗ","ὅς"
"45","05","11","D","","νῦν","νῦν","νῦν","νῦν"
"45","05","11","RA","ASF","τὴν","τὴν","τήν","ὁ"
"45","05","11","N","ASF","καταλλαγὴν","καταλλαγὴν","καταλλαγήν","καταλλαγή"
"45","05","11","V","1AAI-P","ἐλάβομεν.","ἐλάβομεν","ἐλάβομεν","λαμβάνω"
"45","05","12","P","","Διὰ","Διὰ","διά","διά"
"45","05","12","RD","ASN","τοῦτο","τοῦτο","τοῦτο","οὗτος"
"45","05","12","C","","ὥσπερ","ὥσπερ","ὥσπερ","ὥσπερ"
"45","05","12","P","","δι’","δι’","διά","διά"
"45","05","12","A","GSM","ἑνὸς","ἑνὸς","ἑνός","εἷς"
"45","05","12","N","GSM","ἀνθρώπου","ἀνθρώπου","ἀνθρώπου","ἄνθρωπος"
"45","05","12","RA","NSF","ἡ","ἡ","ἡ","ὁ"
"45","05","12","N","NSF","ἁμαρτία","ἁμαρτία","ἁμαρτία","ἁμαρτία"
"45","05","12","P","","εἰς","εἰς","εἰς","εἰς"
"45","05","12","RA","ASM","τὸν","τὸν","τόν","ὁ"
"45","05","12","N","ASM","κόσμον","κόσμον","κόσμον","κόσμος"
"45","05","12","V","3AAI-S","εἰσῆλθεν","εἰσῆλθεν","εἰσῆλθε(ν)","εἰσέρχομαι"
"45","05","12","C","","καὶ","καὶ","καί","καί"
"45","05","12","P","","διὰ","διὰ","διά","διά"
"45","05","12","RA","GSF","τῆς","τῆς","τῆς","ὁ"
"45","05","12","N","GSF","ἁμαρτίας","ἁμαρτίας","ἁμαρτίας","ἁμαρτία"
"45","05","12","RA","NSM","ὁ","ὁ","ὁ","ὁ"
"45","05","12","N","NSM","θάνατος,","θάνατος","θάνατος","θάνατος"
"45","05","12","D","","καὶ","καὶ","καί","καί"
"45","05","12","D","","οὕτως","οὕτως","οὕτω(ς)","οὕτω(ς)"
"45","05","12","P","","εἰς","εἰς","εἰς","εἰς"
"45","05","12","A","APM","πάντας","πάντας","πάντας","πᾶς"
"45","05","12","N","APM","ἀνθρώπους","ἀνθρώπους","ἀνθρώπους","ἄνθρωπος"
"45","05","12","RA","NSM","ὁ","ὁ","ὁ","ὁ"
"45","05","12","N","NSM","θάνατος","θάνατος","θάνατος","θάνατος"
"45","05","12","V","3AAI-S","διῆλθεν","διῆλθεν","διῆλθε(ν)","διέρχομαι"
"45","05","12","P","","ἐφ’","ἐφ’","ἐπί","ἐπί"
"45","05","12","RR","DSN","ᾧ","ᾧ","ᾧ","ὅς"
"45","05","12","A","NPM","πάντες","πάντες","πάντες","πᾶς"
"45","05","12","V","3AAI-P","ἥμαρτον—","ἥμαρτον","ἥμαρτον","ἁμαρτάνω"
"45","05","13","P","","ἄχρι","ἄχρι","ἄχρι","ἄχρι"
"45","05","13","C","","γὰρ","γὰρ","γάρ","γάρ"
"45","05","13","N","GSM","νόμου","νόμου","νόμου","νόμος"
"45","05","13","N","NSF","ἁμαρτία","ἁμαρτία","ἁμαρτία","ἁμαρτία"
"45","05","13","V","3IAI-S","ἦν","ἦν","ἦν","εἰμί"
"45","05","13","P","","ἐν","ἐν","ἐν","ἐν"
"45","05","13","N","DSM","κόσμῳ,","κόσμῳ","κόσμῳ","κόσμος"
"45","05","13","N","NSF","ἁμαρτία","ἁμαρτία","ἁμαρτία","ἁμαρτία"
"45","05","13","C","","δὲ","δὲ","δέ","δέ"
"45","05","13","D","","οὐκ","οὐκ","οὐ","οὐ"
"45","05","13","V","3PPI-S","ἐλλογεῖται","ἐλλογεῖται","ἐλλογεῖται","ἐλλογέω"
"45","05","13","D","","μὴ","μὴ","μή","μή"
"45","05","13","V","PAPGSM","ὄντος","ὄντος","ὄντος","εἰμί"
"45","05","13","N","GSM","νόμου,","νόμου","νόμου","νόμος"
"45","05","14","C","","ἀλλὰ","ἀλλὰ","ἀλλά","ἀλλά"
"45","05","14","V","3AAI-S","ἐβασίλευσεν","ἐβασίλευσεν","ἐβασίλευσε(ν)","βασιλεύω"
"45","05","14","RA","NSM","ὁ","ὁ","ὁ","ὁ"
"45","05","14","N","NSM","θάνατος","θάνατος","θάνατος","θάνατος"
"45","05","14","P","","ἀπὸ","ἀπὸ","ἀπό","ἀπό"
"45","05","14","N","GSM","Ἀδὰμ","Ἀδὰμ","Ἀδάμ","Ἀδάμ"
"45","05","14","P","","μέχρι","μέχρι","μέχρι(ς)","μέχρι(ς)"
"45","05","14","N","GSM","Μωϋσέως","Μωϋσέως","Μωϋσέως","Μωϋσῆς"
"45","05","14","D","","καὶ","καὶ","καί","καί"
"45","05","14","P","","ἐπὶ","ἐπὶ","ἐπί","ἐπί"
"45","05","14","RA","APM","τοὺς","τοὺς","τούς","ὁ"
"45","05","14","D","","μὴ","μὴ","μή","μή"
"45","05","14","V","AAPAPM","ἁμαρτήσαντας","ἁμαρτήσαντας","ἁμαρτήσαντας","ἁμαρτάνω"
"45","05","14","P","","ἐπὶ","ἐπὶ","ἐπί","ἐπί"
"45","05","14","RA","DSN","τῷ","τῷ","τῷ","ὁ"
"45","05","14","N","DSN","ὁμοιώματι","ὁμοιώματι","ὁμοιώματι","ὁμοίωμα"
"45","05","14","RA","GSF","τῆς","τῆς","τῆς","ὁ"
"45","05","14","N","GSF","παραβάσεως","παραβάσεως","παραβάσεως","παράβασις"
"45","05","14","N","GSM","Ἀδάμ,","Ἀδάμ","Ἀδάμ","Ἀδάμ"
"45","05","14","RR","NSM","ὅς","ὅς","ὅς","ὅς"
"45","05","14","V","3PAI-S","ἐστιν","ἐστιν","ἐστί(ν)","εἰμί"
"45","05","14","N","NSM","τύπος","τύπος","τύπος","τύπος"
"45","05","14","RA","GSM","τοῦ","τοῦ","τοῦ","ὁ"
"45","05","14","V","PAPGSM","μέλλοντος.","μέλλοντος","μέλλοντος","μέλλω"
"45","05","15","C","","Ἀλλ’","Ἀλλ’","ἀλλά","ἀλλά"
"45","05","15","D","","οὐχ","οὐχ","οὐ","οὐ"
"45","05","15","C","","ὡς","ὡς","ὡς","ὡς"
"45","05","15","RA","NSN","τὸ","τὸ","τό","ὁ"
"45","05","15","N","NSN","παράπτωμα,","παράπτωμα","παράπτωμα","παράπτωμα"
"45","05","15","D","","οὕτως","οὕτως","οὕτω(ς)","οὕτω(ς)"
"45","05","15","D","","καὶ","καὶ","καί","καί"
"45","05","15","RA","NSN","τὸ","τὸ","τό","ὁ"
"45","05","15","N","NSN","χάρισμα·","χάρισμα","χάρισμα","χάρισμα"
"45","05","15","C","","εἰ","εἰ","εἰ","εἰ"
"45","05","15","C","","γὰρ","γὰρ","γάρ","γάρ"
"45","05","15","RA","DSN","τῷ","τῷ","τῷ","ὁ"
"45","05","15","RA","GSM","τοῦ","τοῦ","τοῦ","ὁ"
"45","05","15","A","GSM","ἑνὸς","ἑνὸς","ἑνός","εἷς"
"45","05","15","N","DSN","παραπτώματι","παραπτώματι","παραπτώματι","παράπτωμα"
"45","05","15","RA","NPM","οἱ","οἱ","οἱ","ὁ"
"45","05","15","A","NPM","πολλοὶ","πολλοὶ","πολλοί","πολύς"
"45","05","15","V","3AAI-P","ἀπέθανον,","ἀπέθανον","ἀπέθανον","ἀποθνῄσκω"
"45","05","15","A","DSN","πολλῷ","πολλῷ","πολλῷ","πολύς"
"45","05","15","D","","μᾶλλον","μᾶλλον","μᾶλλον","μᾶλλον"
"45","05","15","RA","NSF","ἡ","ἡ","ἡ","ὁ"
"45","05","15","N","NSF","χάρις","χάρις","χάρις","χάρις"
"45","05","15","RA","GSM","τοῦ","τοῦ","τοῦ","ὁ"
"45","05","15","N","GSM","θεοῦ","θεοῦ","θεοῦ","θεός"
"45","05","15","C","","καὶ","καὶ","καί","καί"
"45","05","15","RA","NSF","ἡ","ἡ","ἡ","ὁ"
"45","05","15","N","NSF","δωρεὰ","δωρεὰ","δωρεά","δωρεά"
"45","05","15","P","","ἐν","ἐν","ἐν","ἐν"
"45","05","15","N","DSF","χάριτι","χάριτι","χάριτι","χάρις"
"45","05","15","RA","DSF","τῇ","τῇ","τῇ","ὁ"
"45","05","15","RA","GSM","τοῦ","τοῦ","τοῦ","ὁ"
"45","05","15","A","GSM","ἑνὸς","ἑνὸς","ἑνός","εἷς"
"45","05","15","N","GSM","ἀνθρώπου","ἀνθρώπου","ἀνθρώπου","ἄνθρωπος"
"45","05","15","N","GSM","Ἰησοῦ","Ἰησοῦ","Ἰησοῦ","Ἰησοῦς"
"45","05","15","N","GSM","Χριστοῦ","Χριστοῦ","Χριστοῦ","Χριστός"
"45","05","15","P","","εἰς","εἰς","εἰς","εἰς"
"45","05","15","RA","APM","τοὺς","τοὺς","τούς","ὁ"
"45","05","15","A","APM","πολλοὺς","πολλοὺς","πολλούς","πολύς"
"45","05","15","V","3AAI-S","ἐπερίσσευσεν.","ἐπερίσσευσεν","ἐπερίσσευσε(ν)","περισσεύω"
"45","05","16","C","","καὶ","καὶ","καί","καί"
"45","05","16","D","","οὐχ","οὐχ","οὐ","οὐ"
"45","05","16","C","","ὡς","ὡς","ὡς","ὡς"
"45","05","16","P","","δι’","δι’","διά","διά"
"45","05","16","A","GSM","ἑνὸς","ἑνὸς","ἑνός","εἷς"
"45","05","16","V","AAPGSM","ἁμαρτήσαντος","ἁμαρτήσαντος","ἁμαρτήσαντος","ἁμαρτάνω"
"45","05","16","RA","NSN","τὸ","τὸ","τό","ὁ"
"45","05","16","N","NSN","δώρημα·","δώρημα","δώρημα","δώρημα"
"45","05","16","RA","NSN","τὸ","τὸ","τό","ὁ"
"45","05","16","C","","μὲν","μὲν","μέν","μέν"
"45","05","16","C","","γὰρ","γὰρ","γάρ","γάρ"
"45","05","16","N","NSN","κρίμα","κρίμα","κρίμα","κρίμα"
"45","05","16","P","","ἐξ","ἐξ","ἐκ","ἐκ"
"45","05","16","A","GSN","ἑνὸς","ἑνὸς","ἑνός","εἷς"
"45","05","16","P","","εἰς","εἰς","εἰς","εἰς"
"45","05","16","N","ASN","κατάκριμα,","κατάκριμα","κατάκριμα","κατάκριμα"
"45","05","16","RA","NSN","τὸ","τὸ","τό","ὁ"
"45","05","16","C","","δὲ","δὲ","δέ","δέ"
"45","05","16","N","NSN","χάρισμα","χάρισμα","χάρισμα","χάρισμα"
"45","05","16","P","","ἐκ","ἐκ","ἐκ","ἐκ"
"45","05","16","A","GPN","πολλῶν","πολλῶν","πολλῶν","πολύς"
"45","05","16","N","GPN","παραπτωμάτων","παραπτωμάτων","παραπτωμάτων","παράπτωμα"
"45","05","16","P","","εἰς","εἰς","εἰς","εἰς"
"45","05","16","N","ASN","δικαίωμα.","δικαίωμα","δικαίωμα","δικαίωμα"
"45","05","17","C","","εἰ","εἰ","εἰ","εἰ"
"45","05","17","C","","γὰρ","γὰρ","γάρ","γάρ"
"45","05","17","RA","DSN","τῷ","τῷ","τῷ","ὁ"
"45","05","17","RA","GSM","τοῦ","τοῦ","τοῦ","ὁ"
"45","05","17","A","GSM","ἑνὸς","ἑνὸς","ἑνός","εἷς"
"45","05","17","N","DSN","παραπτώματι","παραπτώματι","παραπτώματι","παράπτωμα"
"45","05","17","RA","NSM","ὁ","ὁ","ὁ","ὁ"
"45","05","17","N","NSM","θάνατος","θάνατος","θάνατος","θάνατος"
"45","05","17","V","3AAI-S","ἐβασίλευσεν","ἐβασίλευσεν","ἐβασίλευσε(ν)","βασιλεύω"
"45","05","17","P","","διὰ","διὰ","διά","διά"
"45","05","17","RA","GSM","τοῦ","τοῦ","τοῦ","ὁ"
"45","05","17","A","GSM","ἑνός,","ἑνός","ἑνός","εἷς"
"45","05","17","A","DSN","πολλῷ","πολλῷ","πολλῷ","πολύς"
"45","05","17","D","","μᾶλλον","μᾶλλον","μᾶλλον","μᾶλλον"
"45","05","17","RA","NPM","οἱ","οἱ","οἱ","ὁ"
"45","05","17","RA","ASF","τὴν","τὴν","τήν","ὁ"
"45","05","17","N","ASF","περισσείαν","περισσείαν","περισσείαν","περισσεία"
"45","05","17","RA","GSF","τῆς","τῆς","τῆς","ὁ"
"45","05","17","N","GSF","χάριτος","χάριτος","χάριτος","χάρις"
"45","05","17","C","","καὶ","καὶ","καί","καί"
"45","05","17","RA","GSF","τῆς","τῆς","τῆς","ὁ"
"45","05","17","N","GSF","δωρεᾶς","δωρεᾶς","δωρεᾶς","δωρεά"
"45","05","17","RA","GSF","τῆς","τῆς","τῆς","ὁ"
"45","05","17","N","GSF","δικαιοσύνης","δικαιοσύνης","δικαιοσύνης","δικαιοσύνη"
"45","05","17","V","PAPNPM","λαμβάνοντες","λαμβάνοντες","λαμβάνοντες","λαμβάνω"
"45","05","17","P","","ἐν","ἐν","ἐν","ἐν"
"45","05","17","N","DSF","ζωῇ","ζωῇ","ζωῇ","ζωή"
"45","05","17","V","3FAI-P","βασιλεύσουσιν","βασιλεύσουσιν","βασιλεύσουσι(ν)","βασιλεύω"
"45","05","17","P","","διὰ","διὰ","διά","διά"
"45","05","17","RA","GSM","τοῦ","τοῦ","τοῦ","ὁ"
"45","05","17","A","GSM","ἑνὸς","ἑνὸς","ἑνός","εἷς"
"45","05","17","N","GSM","Ἰησοῦ","Ἰησοῦ","Ἰησοῦ","Ἰησοῦς"
"45","05","17","N","GSM","Χριστοῦ.","Χριστοῦ","Χριστοῦ","Χριστός"
"45","05","18","C","","Ἄρα","Ἄρα","ἄρα","ἄρα"
"45","05","18","C","","οὖν","οὖν","οὖν","οὖν"
"45","05","18","C","","ὡς","ὡς","ὡς","ὡς"
"45","05","18","P","","δι’","δι’","διά","διά"
"45","05","18","A","GSN","ἑνὸς","ἑνὸς","ἑνός","εἷς"
"45","05","18","N","GSN","παραπτώματος","παραπτώματος","παραπτώματος","παράπτωμα"
"45","05","18","P","","εἰς","εἰς","εἰς","εἰς"
"45","05","18","A","APM","πάντας","πάντας","πάντας","πᾶς"
"45","05","18","N","APM","ἀνθρώπους","ἀνθρώπους","ἀνθρώπους","ἄνθρωπος"
"45","05","18","P","","εἰς","εἰς","εἰς","εἰς"
"45","05","18","N","ASN","κατάκριμα,","κατάκριμα","κατάκριμα","κατάκριμα"
"45","05","18","D","","οὕτως","οὕτως","οὕτω(ς)","οὕτω(ς)"
"45","05","18","D","","καὶ","καὶ","καί","καί"
"45","05","18","P","","δι’","δι’","διά","διά"
"45","05","18","A","GSN","ἑνὸς","ἑνὸς","ἑνός","εἷς"
"45","05","18","N","GSN","δικαιώματος","δικαιώματος","δικαιώματος","δικαίωμα"
"45","05","18","P","","εἰς","εἰς","εἰς","εἰς"
"45","05","18","A","APM","πάντας","πάντας","πάντας","πᾶς"
"45","05","18","N","APM","ἀνθρώπους","ἀνθρώπους","ἀνθρώπους","ἄνθρωπος"
"45","05","18","P","","εἰς","εἰς","εἰς","εἰς"
"45","05","18","N","ASF","δικαίωσιν","δικαίωσιν","δικαίωσιν","δικαίωσις"
"45","05","18","N","GSF","ζωῆς·","ζωῆς","ζωῆς","ζωή"
"45","05","19","C","","ὥσπερ","ὥσπερ","ὥσπερ","ὥσπερ"
"45","05","19","C","","γὰρ","γὰρ","γάρ","γάρ"
"45","05","19","P","","διὰ","διὰ","διά","διά"
"45","05","19","RA","GSF","τῆς","τῆς","τῆς","ὁ"
"45","05","19","N","GSF","παρακοῆς","παρακοῆς","παρακοῆς","παρακοή"
"45","05","19","RA","GSM","τοῦ","τοῦ","τοῦ","ὁ"
"45","05","19","A","GSM","ἑνὸς","ἑνὸς","ἑνός","εἷς"
"45","05","19","N","GSM","ἀνθρώπου","ἀνθρώπου","ἀνθρώπου","ἄνθρωπος"
"45","05","19","A","NPM","ἁμαρτωλοὶ","ἁμαρτωλοὶ","ἁμαρτωλοί","ἁμαρτωλός"
"45","05","19","V","3API-P","κατεστάθησαν","κατεστάθησαν","κατεστάθησαν","καθίστημι"
"45","05","19","RA","NPM","οἱ","οἱ","οἱ","ὁ"
"45","05","19","A","NPM","πολλοί,","πολλοί","πολλοί","πολύς"
"45","05","19","D","","οὕτως","οὕτως","οὕτω(ς)","οὕτω(ς)"
"45","05","19","D","","καὶ","καὶ","καί","καί"
"45","05","19","P","","διὰ","διὰ","διά","διά"
"45","05","19","RA","GSF","τῆς","τῆς","τῆς","ὁ"
"45","05","19","N","GSF","ὑπακοῆς","ὑπακοῆς","ὑπακοῆς","ὑπακοή"
"45","05","19","RA","GSM","τοῦ","τοῦ","τοῦ","ὁ"
"45","05","19","A","GSM","ἑνὸς","ἑνὸς","ἑνός","εἷς"
"45","05","19","A","NPM","δίκαιοι","δίκαιοι","δίκαιοι","δίκαιος"
"45","05","19","V","3FPI-P","κατασταθήσονται","κατασταθήσονται","κατασταθήσονται","καθίστημι"
"45","05","19","RA","NPM","οἱ","οἱ","οἱ","ὁ"
"45","05","19","A","NPM","πολλοί.","πολλοί","πολλοί","πολύς"
"45","05","20","N","NSM","νόμος","νόμος","νόμος","νόμος"
"45","05","20","C","","δὲ","δὲ","δέ","δέ"
"45","05","20","V","3AAI-S","παρεισῆλθεν","παρεισῆλθεν","παρεισῆλθε(ν)","παρεισέρχομαι"
"45","05","20","C","","ἵνα","ἵνα","ἵνα","ἵνα"
"45","05","20","V","3AAS-S","πλεονάσῃ","πλεονάσῃ","πλεονάσῃ","πλεονάζω"
"45","05","20","RA","NSN","τὸ","τὸ","τό","ὁ"
"45","05","20","N","NSN","παράπτωμα·","παράπτωμα","παράπτωμα","παράπτωμα"
"45","05","20","C","","οὗ","οὗ","οὗ","οὗ"
"45","05","20","C","","δὲ","δὲ","δέ","δέ"
"45","05","20","V","3AAI-S","ἐπλεόνασεν","ἐπλεόνασεν","ἐπλεόνασε(ν)","πλεονάζω"
"45","05","20","RA","NSF","ἡ","ἡ","ἡ","ὁ"
"45","05","20","N","NSF","ἁμαρτία,","ἁμαρτία","ἁμαρτία","ἁμαρτία"
"45","05","20","V","3AAI-S","ὑπερεπερίσσευσεν","ὑπερεπερίσσευσεν","ὑπερεπερίσσευσε(ν)","ὑπερπερισσεύω"
"45","05","20","RA","NSF","ἡ","ἡ","ἡ","ὁ"
"45","05","20","N","NSF","χάρις,","χάρις","χάρις","χάρις"
"45","05","21","C","","ἵνα","ἵνα","ἵνα","ἵνα"
"45","05","21","C","","ὥσπερ","ὥσπερ","ὥσπερ","ὥσπερ"
"45","05","21","V","3AAI-S","ἐβασίλευσεν","ἐβασίλευσεν","ἐβασίλευσε(ν)","βασιλεύω"
"45","05","21","RA","NSF","ἡ","ἡ","ἡ","ὁ"
"45","05","21","N","NSF","ἁμαρτία","ἁμαρτία","ἁμαρτία","ἁμαρτία"
"45","05","21","P","","ἐν","ἐν","ἐν","ἐν"
"45","05","21","RA","DSM","τῷ","τῷ","τῷ","ὁ"
"45","05","21","N","DSM","θανάτῳ,","θανάτῳ","θανάτῳ","θάνατος"
"45","05","21","D","","οὕτως","οὕτως","οὕτω(ς)","οὕτω(ς)"
"45","05","21","D","","καὶ","καὶ","καί","καί"
"45","05","21","RA","NSF","ἡ","ἡ","ἡ","ὁ"
"45","05","21","N","NSF","χάρις","χάρις","χάρις","χάρις"
"45","05","21","V","3AAS-S","βασιλεύσῃ","βασιλεύσῃ","βασιλεύσῃ","βασιλεύω"
"45","05","21","P","","διὰ","διὰ","διά","διά"
"45","05","21","N","GSF","δικαιοσύνης","δικαιοσύνης","δικαιοσύνης","δικαιοσύνη"
"45","05","21","P","","εἰς","εἰς","εἰς","εἰς"
"45","05","21","N","ASF","ζωὴν","ζωὴν","ζωήν","ζωή"
"45","05","21","A","ASF","αἰώνιον","αἰώνιον","αἰώνιον","αἰώνιος"
"45","05","21","P","","διὰ","διὰ","διά","διά"
"45","05","21","N","GSM","Ἰησοῦ","Ἰησοῦ","Ἰησοῦ","Ἰησοῦς"
"45","05","21","N","GSM","Χριστοῦ","Χριστοῦ","Χριστοῦ","Χριστός"
"45","05","21","RA","GSM","τοῦ","τοῦ","τοῦ","ὁ"
"45","05","21","N","GSM","κυρίου","κυρίου","κυρίου","κύριος"
"45","05","21","RP","GP","ἡμῶν.","ἡμῶν","ἡμῶν","ἐγώ"
"45","06","01","RI","ASN","Τί","Τί","τί","τίς"
"45","06","01","C","","οὖν","οὖν","οὖν","οὖν"
"45","06","01","V","1FAI-P","ἐροῦμεν;","ἐροῦμεν","ἐροῦμεν","λέγω"
"45","06","01","V","1PAS-P","⸀ἐπιμένωμεν","ἐπιμένωμεν","ἐπιμένωμεν","ἐπιμένω"
"45","06","01","RA","DSF","τῇ","τῇ","τῇ","ὁ"
"45","06","01","N","DSF","ἁμαρτίᾳ,","ἁμαρτίᾳ","ἁμαρτίᾳ","ἁμαρτία"
"45","06","01","C","","ἵνα","ἵνα","ἵνα","ἵνα"
"45","06","01","RA","NSF","ἡ","ἡ","ἡ","ὁ"
"45","06","01","N","NSF","χάρις","χάρις","χάρις","χάρις"
"45","06","01","V","3AAS-S","πλεονάσῃ;","πλεονάσῃ","πλεονάσῃ","πλεονάζω"
"45","06","02","D","","μὴ","μὴ","μή","μή"
"45","06","02","V","3AMO-S","γένοιτο·","γένοιτο","γένοιτο","γίνομαι"
"45","06","02","RR","NPM","οἵτινες","οἵτινες","οἵτινες","ὅστις"
"45","06","02","V","1AAI-P","ἀπεθάνομεν","ἀπεθάνομεν","ἀπεθάνομεν","ἀποθνῄσκω"
"45","06","02","RA","DSF","τῇ","τῇ","τῇ","ὁ"
"45","06","02","N","DSF","ἁμαρτίᾳ,","ἁμαρτίᾳ","ἁμαρτίᾳ","ἁμαρτία"
"45","06","02","D","","πῶς","πῶς","πῶς","πῶς"
"45","06","02","D","","ἔτι","ἔτι","ἔτι","ἔτι"
"45","06","02","V","1FAI-P","ζήσομεν","ζήσομεν","ζήσομεν","ζάω"
"45","06","02","P","","ἐν","ἐν","ἐν","ἐν"
"45","06","02","RP","DSF","αὐτῇ;","αὐτῇ","αὐτῇ","αὐτός"
"45","06","03","C","","ἢ","ἢ","ἤ","ἤ"
"45","06","03","V","2PAI-P","ἀγνοεῖτε","ἀγνοεῖτε","ἀγνοεῖτε","ἀγνοέω"
"45","06","03","C","","ὅτι","ὅτι","ὅτι","ὅτι"
"45","06","03","RR","NPM","ὅσοι","ὅσοι","ὅσοι","ὅσος"
"45","06","03","V","1API-P","ἐβαπτίσθημεν","ἐβαπτίσθημεν","ἐβαπτίσθημεν","βαπτίζω"
"45","06","03","P","","εἰς","εἰς","εἰς","εἰς"
"45","06","03","N","ASM","Χριστὸν","Χριστὸν","Χριστόν","Χριστός"
"45","06","03","N","ASM","Ἰησοῦν","Ἰησοῦν","Ἰησοῦν","Ἰησοῦς"
"45","06","03","P","","εἰς","εἰς","εἰς","εἰς"
"45","06","03","RA","ASM","τὸν","τὸν","τόν","ὁ"
"45","06","03","N","ASM","θάνατον","θάνατον","θάνατον","θάνατος"
"45","06","03","RP","GSM","αὐτοῦ","αὐτοῦ","αὐτοῦ","αὐτός"
"45","06","03","V","1API-P","ἐβαπτίσθημεν;","ἐβαπτίσθημεν","ἐβαπτίσθημεν","βαπτίζω"
"45","06","04","V","1API-P","συνετάφημεν","συνετάφημεν","συνετάφημεν","συνθάπτομαι"
"45","06","04","C","","οὖν","οὖν","οὖν","οὖν"
"45","06","04","RP","DSM","αὐτῷ","αὐτῷ","αὐτῷ","αὐτός"
"45","06","04","P","","διὰ","διὰ","διά","διά"
"45","06","04","RA","GSN","τοῦ","τοῦ","τοῦ","ὁ"
"45","06","04","N","GSN","βαπτίσματος","βαπτίσματος","βαπτίσματος","βάπτισμα"
"45","06","04","P","","εἰς","εἰς","εἰς","εἰς"
"45","06","04","RA","ASM","τὸν","τὸν","τόν","ὁ"
"45","06","04","N","ASM","θάνατον,","θάνατον","θάνατον","θάνατος"
"45","06","04","C","","ἵνα","ἵνα","ἵνα","ἵνα"
"45","06","04","C","","ὥσπερ","ὥσπερ","ὥσπερ","ὥσπερ"
"45","06","04","V","3API-S","ἠγέρθη","ἠγέρθη","ἠγέρθη","ἐγείρω"
"45","06","04","N","NSM","Χριστὸς","Χριστὸς","Χριστός","Χριστός"
"45","06","04","P","","ἐκ","ἐκ","ἐκ","ἐκ"
"45","06","04","A","GPM","νεκρῶν","νεκρῶν","νεκρῶν","νεκρός"
"45","06","04","P","","διὰ","διὰ","διά","διά"
"45","06","04","RA","GSF","τῆς","τῆς","τῆς","ὁ"
"45","06","04","N","GSF","δόξης","δόξης","δόξης","δόξα"
"45","06","04","RA","GSM","τοῦ","τοῦ","τοῦ","ὁ"
"45","06","04","N","GSM","πατρός,","πατρός","πατρός","πατήρ"
"45","06","04","D","","οὕτως","οὕτως","οὕτω(ς)","οὕτω(ς)"
"45","06","04","D","","καὶ","καὶ","καί","καί"
"45","06","04","RP","NP","ἡμεῖς","ἡμεῖς","ἡμεῖς","ἐγώ"
"45","06","04","P","","ἐν","ἐν","ἐν","ἐν"
"45","06","04","N","DSF","καινότητι","καινότητι","καινότητι","καινότης"
"45","06","04","N","GSF","ζωῆς","ζωῆς","ζωῆς","ζωή"
"45","06","04","V","1AAS-P","περιπατήσωμεν.","περιπατήσωμεν","περιπατήσωμεν","περιπατέω"
"45","06","05","C","","Εἰ","Εἰ","εἰ","εἰ"
"45","06","05","C","","γὰρ","γὰρ","γάρ","γάρ"
"45","06","05","A","NPM","σύμφυτοι","σύμφυτοι","σύμφυτοι","σύμφυτος"
"45","06","05","V","1XAI-P","γεγόναμεν","γεγόναμεν","γεγόναμεν","γίνομαι"
"45","06","05","RA","DSN","τῷ","τῷ","τῷ","ὁ"
"45","06","05","N","DSN","ὁμοιώματι","ὁμοιώματι","ὁμοιώματι","ὁμοίωμα"
"45","06","05","RA","GSM","τοῦ","τοῦ","τοῦ","ὁ"
"45","06","05","N","GSM","θανάτου","θανάτου","θανάτου","θάνατος"
"45","06","05","RP","GSM","αὐτοῦ,","αὐτοῦ","αὐτοῦ","αὐτός"
"45","06","05","C","","ἀλλὰ","ἀλλὰ","ἀλλά","ἀλλά"
"45","06","05","D","","καὶ","καὶ","καί","καί"
"45","06","05","RA","GSF","τῆς","τῆς","τῆς","ὁ"
"45","06","05","N","GSF","ἀναστάσεως","ἀναστάσεως","ἀναστάσεως","ἀνάστασις"
"45","06","05","V","1FMI-P","ἐσόμεθα·","ἐσόμεθα","ἐσόμεθα","εἰμί"
"45","06","06","RD","ASN","τοῦτο","τοῦτο","τοῦτο","οὗτος"
"45","06","06","V","PAPNPM","γινώσκοντες","γινώσκοντες","γινώσκοντες","γινώσκω"
"45","06","06","D","","ὅτι","ὅτι","ὅτι","ὅτι"
"45","06","06","RA","NSM","ὁ","ὁ","ὁ","ὁ"
"45","06","06","A","NSM","παλαιὸς","παλαιὸς","παλαιός","παλαιός"
"45","06","06","RP","GP","ἡμῶν","ἡμῶν","ἡμῶν","ἐγώ"
"45","06","06","N","NSM","ἄνθρωπος","ἄνθρωπος","ἄνθρωπος","ἄνθρωπος"
"45","06","06","V","3API-S","συνεσταυρώθη,","συνεσταυρώθη","συνεσταυρώθη","συσταυρόομαι"
"45","06","06","C","","ἵνα","ἵνα","ἵνα","ἵνα"
"45","06","06","V","3APS-S","καταργηθῇ","καταργηθῇ","καταργηθῇ","καταργέω"
"45","06","06","RA","NSN","τὸ","τὸ","τό","ὁ"
"45","06","06","N","NSN","σῶμα","σῶμα","σῶμα","σῶμα"
"45","06","06","RA","GSF","τῆς","τῆς","τῆς","ὁ"
"45","06","06","N","GSF","ἁμαρτίας,","ἁμαρτίας","ἁμαρτίας","ἁμαρτία"
"45","06","06","RA","GSN","τοῦ","τοῦ","τοῦ","ὁ"
"45","06","06","D","","μηκέτι","μηκέτι","μηκέτι","μηκέτι"
"45","06","06","V","PAN","δουλεύειν","δουλεύειν","δουλεύειν","δουλεύω"
"45","06","06","RP","AP","ἡμᾶς","ἡμᾶς","ἡμᾶς","ἐγώ"
"45","06","06","RA","DSF","τῇ","τῇ","τῇ","ὁ"
"45","06","06","N","DSF","ἁμαρτίᾳ,","ἁμαρτίᾳ","ἁμαρτίᾳ","ἁμαρτία"
"45","06","07","RA","NSM","ὁ","ὁ","ὁ","ὁ"
"45","06","07","C","","γὰρ","γὰρ","γάρ","γάρ"
"45","06","07","V","AAPNSM","ἀποθανὼν","ἀποθανὼν","ἀποθανών","ἀποθνῄσκω"
"45","06","07","V","3XPI-S","δεδικαίωται","δεδικαίωται","δεδικαίωται","δικαιόω"
"45","06","07","P","","ἀπὸ","ἀπὸ","ἀπό","ἀπό"
"45","06","07","RA","GSF","τῆς","τῆς","τῆς","ὁ"
"45","06","07","N","GSF","ἁμαρτίας.","ἁμαρτίας","ἁμαρτίας","ἁμαρτία"
"45","06","08","C","","εἰ","εἰ","εἰ","εἰ"
"45","06","08","C","","δὲ","δὲ","δέ","δέ"
"45","06","08","V","1AAI-P","ἀπεθάνομεν","ἀπεθάνομεν","ἀπεθάνομεν","ἀποθνῄσκω"
"45","06","08","P","","σὺν","σὺν","σύν","σύν"
"45","06","08","N","DSM","Χριστῷ,","Χριστῷ","Χριστῷ","Χριστός"
"45","06","08","V","1PAI-P","πιστεύομεν","πιστεύομεν","πιστεύομεν","πιστεύω"
"45","06","08","C","","ὅτι","ὅτι","ὅτι","ὅτι"
"45","06","08","D","","καὶ","καὶ","καί","καί"
"45","06","08","V","1FAI-P","συζήσομεν","συζήσομεν","συζήσομεν","συζάω"
"45","06","08","RP","DSM","αὐτῷ·","αὐτῷ","αὐτῷ","αὐτός"
"45","06","09","V","XAPNPM","εἰδότες","εἰδότες","εἰδότες","οἶδα"
"45","06","09","C","","ὅτι","ὅτι","ὅτι","ὅτι"
"45","06","09","N","NSM","Χριστὸς","Χριστὸς","Χριστός","Χριστός"
"45","06","09","V","APPNSM","ἐγερθεὶς","ἐγερθεὶς","ἐγερθείς","ἐγείρω"
"45","06","09","P","","ἐκ","ἐκ","ἐκ","ἐκ"
"45","06","09","A","GPM","νεκρῶν","νεκρῶν","νεκρῶν","νεκρός"
"45","06","09","D","","οὐκέτι","οὐκέτι","οὐκέτι","οὐκέτι"
"45","06","09","V","3PAI-S","ἀποθνῄσκει,","ἀποθνῄσκει","ἀποθνῄσκει","ἀποθνῄσκω"
"45","06","09","N","NSM","θάνατος","θάνατος","θάνατος","θάνατος"
"45","06","09","RP","GSM","αὐτοῦ","αὐτοῦ","αὐτοῦ","αὐτός"
"45","06","09","D","","οὐκέτι","οὐκέτι","οὐκέτι","οὐκέτι"
"45","06","09","V","3PAI-S","κυριεύει·","κυριεύει","κυριεύει","κυριεύω"
"45","06","10","RR","ASN","ὃ","ὃ","ὅ","ὅς"
"45","06","10","C","","γὰρ","γὰρ","γάρ","γάρ"
"45","06","10","V","3AAI-S","ἀπέθανεν,","ἀπέθανεν","ἀπέθανε(ν)","ἀποθνῄσκω"
"45","06","10","RA","DSF","τῇ","τῇ","τῇ","ὁ"
"45","06","10","N","DSF","ἁμαρτίᾳ","ἁμαρτίᾳ","ἁμαρτίᾳ","ἁμαρτία"
"45","06","10","V","3AAI-S","ἀπέθανεν","ἀπέθανεν","ἀπέθανε(ν)","ἀποθνῄσκω"
"45","06","10","D","","ἐφάπαξ·","ἐφάπαξ","ἐφάπαξ","ἐφάπαξ"
"45","06","10","RR","ASN","ὃ","ὃ","ὅ","ὅς"
"45","06","10","C","","δὲ","δὲ","δέ","δέ"
"45","06","10","V","3PAI-S","ζῇ,","ζῇ","ζῇ","ζάω"
"45","06","10","V","3PAI-S","ζῇ","ζῇ","ζῇ","ζάω"
"45","06","10","RA","DSM","τῷ","τῷ","τῷ","ὁ"
"45","06","10","N","DSM","θεῷ.","θεῷ","θεῷ","θεός"
"45","06","11","D","","οὕτως","οὕτως","οὕτω(ς)","οὕτω(ς)"
"45","06","11","D","","καὶ","καὶ","καί","καί"
"45","06","11","RP","NP","ὑμεῖς","ὑμεῖς","ὑμεῖς","σύ"
"45","06","11","V","2PMD-P","λογίζεσθε","λογίζεσθε","λογίζεσθε","λογίζομαι"
"45","06","11","RP","APM","ἑαυτοὺς","ἑαυτοὺς","ἑαυτούς","ἑαυτοῦ"
"45","06","11","V","PAN","⸂εἶναι","εἶναι","εἶναι","εἰμί"
"45","06","11","A","APM","νεκροὺς","νεκροὺς","νεκρούς","νεκρός"
"45","06","11","C","","μὲν⸃","μὲν","μέν","μέν"
"45","06","11","RA","DSF","τῇ","τῇ","τῇ","ὁ"
"45","06","11","N","DSF","ἁμαρτίᾳ","ἁμαρτίᾳ","ἁμαρτίᾳ","ἁμαρτία"
"45","06","11","V","PAPAPM","ζῶντας","ζῶντας","ζῶντας","ζάω"
"45","06","11","C","","δὲ","δὲ","δέ","δέ"
"45","06","11","RA","DSM","τῷ","τῷ","τῷ","ὁ"
"45","06","11","N","DSM","θεῷ","θεῷ","θεῷ","θεός"
"45","06","11","P","","ἐν","ἐν","ἐν","ἐν"
"45","06","11","N","DSM","Χριστῷ","Χριστῷ","Χριστῷ","Χριστός"
"45","06","11","N","DSM","⸀Ἰησοῦ.","Ἰησοῦ","Ἰησοῦ","Ἰησοῦς"
"45","06","12","D","","Μὴ","Μὴ","μή","μή"
"45","06","12","C","","οὖν","οὖν","οὖν","οὖν"
"45","06","12","V","3PAD-S","βασιλευέτω","βασιλευέτω","βασιλευέτω","βασιλεύω"
"45","06","12","RA","NSF","ἡ","ἡ","ἡ","ὁ"
"45","06","12","N","NSF","ἁμαρτία","ἁμαρτία","ἁμαρτία","ἁμαρτία"
"45","06","12","P","","ἐν","ἐν","ἐν","ἐν"
"45","06","12","RA","DSN","τῷ","τῷ","τῷ","ὁ"
"45","06","12","A","DSN","θνητῷ","θνητῷ","θνητῷ","θνητός"
"45","06","12","RP","GP","ὑμῶν","ὑμῶν","ὑμῶν","σύ"
"45","06","12","N","DSN","σώματι","σώματι","σώματι","σῶμα"
"45","06","12","P","","εἰς","εἰς","εἰς","εἰς"
"45","06","12","RA","ASN","τὸ","τὸ","τό","ὁ"
"45","06","12","V","PAN","⸀ὑπακούειν","ὑπακούειν","ὑπακούειν","ὑπακούω"
"45","06","12","RA","DPF","ταῖς","ταῖς","ταῖς","ὁ"
"45","06","12","N","DPF","ἐπιθυμίαις","ἐπιθυμίαις","ἐπιθυμίαις","ἐπιθυμία"
"45","06","12","RP","GSN","αὐτοῦ,","αὐτοῦ","αὐτοῦ","αὐτός"
"45","06","13","C","","μηδὲ","μηδὲ","μηδέ","μηδέ"
"45","06","13","V","2PAD-P","παριστάνετε","παριστάνετε","παριστάνετε","παρίστημι"
"45","06","13","RA","APN","τὰ","τὰ","τά","ὁ"
"45","06","13","N","APN","μέλη","μέλη","μέλη","μέλος"
"45","06","13","RP","GP","ὑμῶν","ὑμῶν","ὑμῶν","σύ"
"45","06","13","N","APN","ὅπλα","ὅπλα","ὅπλα","ὅπλον"
"45","06","13","N","GSF","ἀδικίας","ἀδικίας","ἀδικίας","ἀδικία"
"45","06","13","RA","DSF","τῇ","τῇ","τῇ","ὁ"
"45","06","13","N","DSF","ἁμαρτίᾳ,","ἁμαρτίᾳ","ἁμαρτίᾳ","ἁμαρτία"
"45","06","13","C","","ἀλλὰ","ἀλλὰ","ἀλλά","ἀλλά"
"45","06","13","V","2AAD-P","παραστήσατε","παραστήσατε","παραστήσατε","παρίστημι"
"45","06","13","RP","APM","ἑαυτοὺς","ἑαυτοὺς","ἑαυτούς","ἑαυτοῦ"
"45","06","13","RA","DSM","τῷ","τῷ","τῷ","ὁ"
"45","06","13","N","DSM","θεῷ","θεῷ","θεῷ","θεός"
"45","06","13","C","","⸀ὡσεὶ","ὡσεὶ","ὡσεί","ὡσεί"
"45","06","13","P","","ἐκ","ἐκ","ἐκ","ἐκ"
"45","06","13","A","GPM","νεκρῶν","νεκρῶν","νεκρῶν","νεκρός"
"45","06","13","V","PAPAPM","ζῶντας","ζῶντας","ζῶντας","ζάω"
"45","06","13","C","","καὶ","καὶ","καί","καί"
"45","06","13","RA","APN","τὰ","τὰ","τά","ὁ"
"45","06","13","N","APN","μέλη","μέλη","μέλη","μέλος"
"45","06","13","RP","GP","ὑμῶν","ὑμῶν","ὑμῶν","σύ"
"45","06","13","N","APN","ὅπλα","ὅπλα","ὅπλα","ὅπλον"
"45","06","13","N","GSF","δικαιοσύνης","δικαιοσύνης","δικαιοσύνης","δικαιοσύνη"
"45","06","13","RA","DSM","τῷ","τῷ","τῷ","ὁ"
"45","06","13","N","DSM","θεῷ.","θεῷ","θεῷ","θεός"
"45","06","14","N","NSF","ἁμαρτία","ἁμαρτία","ἁμαρτία","ἁμαρτία"
"45","06","14","C","","γὰρ","γὰρ","γάρ","γάρ"
"45","06","14","RP","GP","ὑμῶν","ὑμῶν","ὑμῶν","σύ"
"45","06","14","D","","οὐ","οὐ","οὐ","οὐ"
"45","06","14","V","3FAI-S","κυριεύσει,","κυριεύσει","κυριεύσει","κυριεύω"
"45","06","14","D","","οὐ","οὐ","οὐ","οὐ"
"45","06","14","C","","γάρ","γάρ","γάρ","γάρ"
"45","06","14","V","2PAI-P","ἐστε","ἐστε","ἐστέ","εἰμί"
"45","06","14","P","","ὑπὸ","ὑπὸ","ὑπό","ὑπό"
"45","06","14","N","ASM","νόμον","νόμον","νόμον","νόμος"
"45","06","14","C","","ἀλλὰ","ἀλλὰ","ἀλλά","ἀλλά"
"45","06","14","P","","ὑπὸ","ὑπὸ","ὑπό","ὑπό"
"45","06","14","N","ASF","χάριν.","χάριν","χάριν","χάρις"
"45","06","15","RI","ASN","Τί","Τί","τί","τίς"
"45","06","15","C","","οὖν;","οὖν","οὖν","οὖν"
"45","06","15","V","1AAS-P","⸀ἁμαρτήσωμεν","ἁμαρτήσωμεν","ἁμαρτήσωμεν","ἁμαρτάνω"
"45","06","15","C","","ὅτι","ὅτι","ὅτι","ὅτι"
"45","06","15","D","","οὐκ","οὐκ","οὐ","οὐ"
"45","06","15","V","1PAI-P","ἐσμὲν","ἐσμὲν","ἐσμέν","εἰμί"
"45","06","15","P","","ὑπὸ","ὑπὸ","ὑπό","ὑπό"
"45","06","15","N","ASM","νόμον","νόμον","νόμον","νόμος"
"45","06","15","C","","ἀλλὰ","ἀλλὰ","ἀλλά","ἀλλά"
"45","06","15","P","","ὑπὸ","ὑπὸ","ὑπό","ὑπό"
"45","06","15","N","ASF","χάριν;","χάριν","χάριν","χάρις"
"45","06","15","D","","μὴ","μὴ","μή","μή"
"45","06","15","V","3AMO-S","γένοιτο·","γένοιτο","γένοιτο","γίνομαι"
"45","06","16","D","","οὐκ","οὐκ","οὐ","οὐ"
"45","06","16","V","2XAI-P","οἴδατε","οἴδατε","οἴδατε","οἶδα"
"45","06","16","C","","ὅτι","ὅτι","ὅτι","ὅτι"
"45","06","16","RR","DSM","ᾧ","ᾧ","ᾧ","ὅς"
"45","06","16","V","2PAI-P","παριστάνετε","παριστάνετε","παριστάνετε","παρίστημι"
"45","06","16","RP","APM","ἑαυτοὺς","ἑαυτοὺς","ἑαυτούς","ἑαυτοῦ"
"45","06","16","N","APM","δούλους","δούλους","δούλους","δοῦλος"
"45","06","16","P","","εἰς","εἰς","εἰς","εἰς"
"45","06","16","N","ASF","ὑπακοήν,","ὑπακοήν","ὑπακοήν","ὑπακοή"
"45","06","16","N","NPM","δοῦλοί","δοῦλοί","δοῦλοι","δοῦλος"
"45","06","16","V","2PAI-P","ἐστε","ἐστε","ἐστέ","εἰμί"
"45","06","16","RR","DSM","ᾧ","ᾧ","ᾧ","ὅς"
"45","06","16","V","2PAI-P","ὑπακούετε,","ὑπακούετε","ὑπακούετε","ὑπακούω"
"45","06","16","C","","ἤτοι","ἤτοι","ἤτοι","ἤτοι"
"45","06","16","N","GSF","ἁμαρτίας","ἁμαρτίας","ἁμαρτίας","ἁμαρτία"
"45","06","16","P","","εἰς","εἰς","εἰς","εἰς"
"45","06","16","N","ASM","θάνατον","θάνατον","θάνατον","θάνατος"
"45","06","16","C","","ἢ","ἢ","ἤ","ἤ"
"45","06","16","N","GSF","ὑπακοῆς","ὑπακοῆς","ὑπακοῆς","ὑπακοή"
"45","06","16","P","","εἰς","εἰς","εἰς","εἰς"
"45","06","16","N","ASF","δικαιοσύνην;","δικαιοσύνην","δικαιοσύνην","δικαιοσύνη"
"45","06","17","N","NSF","χάρις","χάρις","χάρις","χάρις"
"45","06","17","C","","δὲ","δὲ","δέ","δέ"
"45","06","17","RA","DSM","τῷ","τῷ","τῷ","ὁ"
"45","06","17","N","DSM","θεῷ","θεῷ","θεῷ","θεός"
"45","06","17","C","","ὅτι","ὅτι","ὅτι","ὅτι"
"45","06","17","V","2IAI-P","ἦτε","ἦτε","ἦτε","εἰμί"
"45","06","17","N","NPM","δοῦλοι","δοῦλοι","δοῦλοι","δοῦλος"
"45","06","17","RA","GSF","τῆς","τῆς","τῆς","ὁ"
"45","06","17","N","GSF","ἁμαρτίας","ἁμαρτίας","ἁμαρτίας","ἁμαρτία"
"45","06","17","V","2AAI-P","ὑπηκούσατε","ὑπηκούσατε","ὑπηκούσατε","ὑπακούω"
"45","06","17","C","","δὲ","δὲ","δέ","δέ"
"45","06","17","P","","ἐκ","ἐκ","ἐκ","ἐκ"
"45","06","17","N","GSF","καρδίας","καρδίας","καρδίας","καρδία"
"45","06","17","P","","εἰς","εἰς","εἰς","εἰς"
"45","06","17","RR","ASM","ὃν","ὃν","ὅν","ὅς"
"45","06","17","V","2API-P","παρεδόθητε","παρεδόθητε","παρεδόθητε","παραδίδωμι"
"45","06","17","N","ASM","τύπον","τύπον","τύπον","τύπος"
"45","06","17","N","GSF","διδαχῆς,","διδαχῆς","διδαχῆς","διδαχή"
"45","06","18","V","APPNPM","ἐλευθερωθέντες","ἐλευθερωθέντες","ἐλευθερωθέντες","ἐλευθερόω"
"45","06","18","C","","δὲ","δὲ","δέ","δέ"
"45","06","18","P","","ἀπὸ","ἀπὸ","ἀπό","ἀπό"
"45","06","18","RA","GSF","τῆς","τῆς","τῆς","ὁ"
"45","06","18","N","GSF","ἁμαρτίας","ἁμαρτίας","ἁμαρτίας","ἁμαρτία"
"45","06","18","V","2API-P","ἐδουλώθητε","ἐδουλώθητε","ἐδουλώθητε","δουλόω"
"45","06","18","RA","DSF","τῇ","τῇ","τῇ","ὁ"
"45","06","18","N","DSF","δικαιοσύνῃ·","δικαιοσύνῃ","δικαιοσύνῃ","δικαιοσύνη"
"45","06","19","A","ASN","ἀνθρώπινον","ἀνθρώπινον","ἀνθρώπινον","ἀνθρώπινος"
"45","06","19","V","1PAI-S","λέγω","λέγω","λέγω","λέγω"
"45","06","19","P","","διὰ","διὰ","διά","διά"
"45","06","19","RA","ASF","τὴν","τὴν","τήν","ὁ"
"45","06","19","N","ASF","ἀσθένειαν","ἀσθένειαν","ἀσθένειαν","ἀσθένεια"
"45","06","19","RA","GSF","τῆς","τῆς","τῆς","ὁ"
"45","06","19","N","GSF","σαρκὸς","σαρκὸς","σαρκός","σάρξ"
"45","06","19","RP","GP","ὑμῶν·","ὑμῶν","ὑμῶν","σύ"
"45","06","19","C","","ὥσπερ","ὥσπερ","ὥσπερ","ὥσπερ"
"45","06","19","C","","γὰρ","γὰρ","γάρ","γάρ"
"45","06","19","V","2AAI-P","παρεστήσατε","παρεστήσατε","παρεστήσατε","παρίστημι"
"45","06","19","RA","APN","τὰ","τὰ","τά","ὁ"
"45","06","19","N","APN","μέλη","μέλη","μέλη","μέλος"
"45","06","19","RP","GP","ὑμῶν","ὑμῶν","ὑμῶν","σύ"
"45","06","19","A","APN","δοῦλα","δοῦλα","δοῦλα","δοῦλος"
"45","06","19","RA","DSF","τῇ","τῇ","τῇ","ὁ"
"45","06","19","N","DSF","ἀκαθαρσίᾳ","ἀκαθαρσίᾳ","ἀκαθαρσίᾳ","ἀκαθαρσία"
"45","06","19","C","","καὶ","καὶ","καί","καί"
"45","06","19","RA","DSF","τῇ","τῇ","τῇ","ὁ"
"45","06","19","N","DSF","ἀνομίᾳ","ἀνομίᾳ","ἀνομίᾳ","ἀνομία"
"45","06","19","P","","εἰς","εἰς","εἰς","εἰς"
"45","06","19","RA","ASF","τὴν","τὴν","τήν","ὁ"
"45","06","19","N","ASF","ἀνομίαν,","ἀνομίαν","ἀνομίαν","ἀνομία"
"45","06","19","D","","οὕτως","οὕτως","οὕτω(ς)","οὕτω(ς)"
"45","06","19","D","","νῦν","νῦν","νῦν","νῦν"
"45","06","19","V","2AAD-P","παραστήσατε","παραστήσατε","παραστήσατε","παρίστημι"
"45","06","19","RA","APN","τὰ","τὰ","τά","ὁ"
"45","06","19","N","APN","μέλη","μέλη","μέλη","μέλος"
"45","06","19","RP","GP","ὑμῶν","ὑμῶν","ὑμῶν","σύ"
"45","06","19","A","APN","δοῦλα","δοῦλα","δοῦλα","δοῦλος"
"45","06","19","RA","DSF","τῇ","τῇ","τῇ","ὁ"
"45","06","19","N","DSF","δικαιοσύνῃ","δικαιοσύνῃ","δικαιοσύνῃ","δικαιοσύνη"
"45","06","19","P","","εἰς","εἰς","εἰς","εἰς"
"45","06","19","N","ASM","ἁγιασμόν.","ἁγιασμόν","ἁγιασμόν","ἁγιασμός"
"45","06","20","C","","Ὅτε","Ὅτε","ὅτε","ὅτε"
"45","06","20","C","","γὰρ","γὰρ","γάρ","γάρ"
"45","06","20","N","NPM","δοῦλοι","δοῦλοι","δοῦλοι","δοῦλος"
"45","06","20","V","2IAI-P","ἦτε","ἦτε","ἦτε","εἰμί"
"45","06","20","RA","GSF","τῆς","τῆς","τῆς","ὁ"
"45","06","20","N","GSF","ἁμαρτίας,","ἁμαρτίας","ἁμαρτίας","ἁμαρτία"
"45","06","20","A","NPM","ἐλεύθεροι","ἐλεύθεροι","ἐλεύθεροι","ἐλεύθερος"
"45","06","20","V","2IAI-P","ἦτε","ἦτε","ἦτε","εἰμί"
"45","06","20","RA","DSF","τῇ","τῇ","τῇ","ὁ"
"45","06","20","N","DSF","δικαιοσύνῃ.","δικαιοσύνῃ","δικαιοσύνῃ","δικαιοσύνη"
"45","06","21","RI","ASM","τίνα","τίνα","τίνα","τίς"
"45","06","21","C","","οὖν","οὖν","οὖν","οὖν"
"45","06","21","N","ASM","καρπὸν","καρπὸν","καρπόν","καρπός"
"45","06","21","V","2IAI-P","εἴχετε","εἴχετε","εἴχετε","ἔχω"
"45","06","21","D","","τότε","τότε","τότε","τότε"
"45","06","21","P","","ἐφ’","ἐφ’","ἐπί","ἐπί"
"45","06","21","RR","DPN","οἷς","οἷς","οἷς","ὅς"
"45","06","21","D","","νῦν","νῦν","νῦν","νῦν"
"45","06","21","V","2PMI-P","ἐπαισχύνεσθε;","ἐπαισχύνεσθε","ἐπαισχύνεσθε","ἐπαισχύνομαι"
"45","06","21","RA","NSN","τὸ","τὸ","τό","ὁ"
"45","06","21","C","","γὰρ","γὰρ","γάρ","γάρ"
"45","06","21","N","NSN","τέλος","τέλος","τέλος","τέλος"
"45","06","21","RD","GPM","ἐκείνων","ἐκείνων","ἐκείνων","ἐκεῖνος"
"45","06","21","N","NSM","θάνατος·","θάνατος","θάνατος","θάνατος"
"45","06","22","D","","νυνὶ","νυνὶ","νυνί","νυνί"
"45","06","22","C","","δέ,","δέ","δέ","δέ"
"45","06","22","V","APPNPM","ἐλευθερωθέντες","ἐλευθερωθέντες","ἐλευθερωθέντες","ἐλευθερόω"
"45","06","22","P","","ἀπὸ","ἀπὸ","ἀπό","ἀπό"
"45","06","22","RA","GSF","τῆς","τῆς","τῆς","ὁ"
"45","06","22","N","GSF","ἁμαρτίας","ἁμαρτίας","ἁμαρτίας","ἁμαρτία"
"45","06","22","V","APPNPM","δουλωθέντες","δουλωθέντες","δουλωθέντες","δουλόω"
"45","06","22","C","","δὲ","δὲ","δέ","δέ"
"45","06","22","RA","DSM","τῷ","τῷ","τῷ","ὁ"
"45","06","22","N","DSM","θεῷ,","θεῷ","θεῷ","θεός"
"45","06","22","V","2PAI-P","ἔχετε","ἔχετε","ἔχετε","ἔχω"
"45","06","22","RA","ASM","τὸν","τὸν","τόν","ὁ"
"45","06","22","N","ASM","καρπὸν","καρπὸν","καρπόν","καρπός"
"45","06","22","RP","GP","ὑμῶν","ὑμῶν","ὑμῶν","σύ"
"45","06","22","P","","εἰς","εἰς","εἰς","εἰς"
"45","06","22","N","ASM","ἁγιασμόν,","ἁγιασμόν","ἁγιασμόν","ἁγιασμός"
"45","06","22","RA","ASN","τὸ","τὸ","τό","ὁ"
"45","06","22","C","","δὲ","δὲ","δέ","δέ"
"45","06","22","N","ASN","τέλος","τέλος","τέλος","τέλος"
"45","06","22","N","ASF","ζωὴν","ζωὴν","ζωήν","ζωή"
"45","06","22","A","ASF","αἰώνιον.","αἰώνιον","αἰώνιον","αἰώνιος"
"45","06","23","RA","NPN","τὰ","τὰ","τά","ὁ"
"45","06","23","C","","γὰρ","γὰρ","γάρ","γάρ"
"45","06","23","N","NPN","ὀψώνια","ὀψώνια","ὀψώνια","ὀψώνιον"
"45","06","23","RA","GSF","τῆς","τῆς","τῆς","ὁ"
"45","06","23","N","GSF","ἁμαρτίας","ἁμαρτίας","ἁμαρτίας","ἁμαρτία"
"45","06","23","N","NSM","θάνατος,","θάνατος","θάνατος","θάνατος"
"45","06","23","RA","NSN","τὸ","τὸ","τό","ὁ"
"45","06","23","C","","δὲ","δὲ","δέ","δέ"
"45","06","23","N","NSN","χάρισμα","χάρισμα","χάρισμα","χάρισμα"
"45","06","23","RA","GSM","τοῦ","τοῦ","τοῦ","ὁ"
"45","06","23","N","GSM","θεοῦ","θεοῦ","θεοῦ","θεός"
"45","06","23","N","NSF","ζωὴ","ζωὴ","ζωή","ζωή"
"45","06","23","A","NSF","αἰώνιος","αἰώνιος","αἰώνιος","αἰώνιος"
"45","06","23","P","","ἐν","ἐν","ἐν","ἐν"
"45","06","23","N","DSM","Χριστῷ","Χριστῷ","Χριστῷ","Χριστός"
"45","06","23","N","DSM","Ἰησοῦ","Ἰησοῦ","Ἰησοῦ","Ἰησοῦς"
"45","06","23","RA","DSM","τῷ","τῷ","τῷ","ὁ"
"45","06","23","N","DSM","κυρίῳ","κυρίῳ","κυρίῳ","κύριος"
"45","06","23","RP","GP","ἡμῶν.","ἡμῶν","ἡμῶν","ἐγώ"
"45","07","01","C","","Ἢ","Ἢ","ἤ","ἤ"
"45","07","01","V","2PAI-P","ἀγνοεῖτε,","ἀγνοεῖτε","ἀγνοεῖτε","ἀγνοέω"
"45","07","01","N","VPM","ἀδελφοί,","ἀδελφοί","ἀδελφοί","ἀδελφός"
"45","07","01","V","PAPDPM","γινώσκουσιν","γινώσκουσιν","γινώσκουσι(ν)","γινώσκω"
"45","07","01","C","","γὰρ","γὰρ","γάρ","γάρ"
"45","07","01","N","ASM","νόμον","νόμον","νόμον","νόμος"
"45","07","01","V","1PAI-S","λαλῶ,","λαλῶ","λαλῶ","λαλέω"
"45","07","01","C","","ὅτι","ὅτι","ὅτι","ὅτι"
"45","07","01","RA","NSM","ὁ","ὁ","ὁ","ὁ"
"45","07","01","N","NSM","νόμος","νόμος","νόμος","νόμος"
"45","07","01","V","3PAI-S","κυριεύει","κυριεύει","κυριεύει","κυριεύω"
"45","07","01","RA","GSM","τοῦ","τοῦ","τοῦ","ὁ"
"45","07","01","N","GSM","ἀνθρώπου","ἀνθρώπου","ἀνθρώπου","ἄνθρωπος"
"45","07","01","P","","ἐφ’","ἐφ’","ἐπί","ἐπί"
"45","07","01","RR","ASM","ὅσον","ὅσον","ὅσον","ὅσος"
"45","07","01","N","ASM","χρόνον","χρόνον","χρόνον","χρόνος"
"45","07","01","V","3PAI-S","ζῇ;","ζῇ","ζῇ","ζάω"
"45","07","02","RA","NSF","ἡ","ἡ","ἡ","ὁ"
"45","07","02","C","","γὰρ","γὰρ","γάρ","γάρ"
"45","07","02","A","NSF","ὕπανδρος","ὕπανδρος","ὕπανδρος","ὕπανδρος"
"45","07","02","N","NSF","γυνὴ","γυνὴ","γυνή","γυνή"
"45","07","02","RA","DSM","τῷ","τῷ","τῷ","ὁ"
"45","07","02","V","PAPDSM","ζῶντι","ζῶντι","ζῶντι","ζάω"
"45","07","02","N","DSM","ἀνδρὶ","ἀνδρὶ","ἀνδρί","ἀνήρ"
"45","07","02","V","3XPI-S","δέδεται","δέδεται","δέδεται","δέω"
"45","07","02","N","DSM","νόμῳ·","νόμῳ","νόμῳ","νόμος"
"45","07","02","C","","ἐὰν","ἐὰν","ἐάν","ἐάν"
"45","07","02","C","","δὲ","δὲ","δέ","δέ"
"45","07","02","V","3AAS-S","ἀποθάνῃ","ἀποθάνῃ","ἀποθάνῃ","ἀποθνῄσκω"
"45","07","02","RA","NSM","ὁ","ὁ","ὁ","ὁ"
"45","07","02","N","NSM","ἀνήρ,","ἀνήρ","ἀνήρ","ἀνήρ"
"45","07","02","V","3XPI-S","κατήργηται","κατήργηται","κατήργηται","καταργέω"
"45","07","02","P","","ἀπὸ","ἀπὸ","ἀπό","ἀπό"
"45","07","02","RA","GSM","τοῦ","τοῦ","τοῦ","ὁ"
"45","07","02","N","GSM","νόμου","νόμου","νόμου","νόμος"
"45","07","02","RA","GSM","τοῦ","τοῦ","τοῦ","ὁ"
"45","07","02","N","GSM","ἀνδρός.","ἀνδρός","ἀνδρός","ἀνήρ"
"45","07","03","C","","ἄρα","ἄρα","ἄρα","ἄρα"
"45","07","03","C","","οὖν","οὖν","οὖν","οὖν"
"45","07","03","V","PAPGSM","ζῶντος","ζῶντος","ζῶντος","ζάω"
"45","07","03","RA","GSM","τοῦ","τοῦ","τοῦ","ὁ"
"45","07","03","N","GSM","ἀνδρὸς","ἀνδρὸς","ἀνδρός","ἀνήρ"
"45","07","03","A","NSF","μοιχαλὶς","μοιχαλὶς","μοιχαλίς","μοιχαλίς"
"45","07","03","V","3FAI-S","χρηματίσει","χρηματίσει","χρηματίσει","χρηματίζω"
"45","07","03","C","","ἐὰν","ἐὰν","ἐάν","ἐάν"
"45","07","03","V","3AMS-S","γένηται","γένηται","γένηται","γίνομαι"
"45","07","03","N","DSM","ἀνδρὶ","ἀνδρὶ","ἀνδρί","ἀνήρ"
"45","07","03","A","DSM","ἑτέρῳ·","ἑτέρῳ","ἑτέρῳ","ἕτερος"
"45","07","03","C","","ἐὰν","ἐὰν","ἐάν","ἐάν"
"45","07","03","C","","δὲ","δὲ","δέ","δέ"
"45","07","03","V","3AAS-S","ἀποθάνῃ","ἀποθάνῃ","ἀποθάνῃ","ἀποθνῄσκω"
"45","07","03","RA","NSM","ὁ","ὁ","ὁ","ὁ"
"45","07","03","N","NSM","ἀνήρ,","ἀνήρ","ἀνήρ","ἀνήρ"
"45","07","03","A","NSF","ἐλευθέρα","ἐλευθέρα","ἐλευθέρα","ἐλεύθερος"
"45","07","03","V","3PAI-S","ἐστὶν","ἐστὶν","ἐστί(ν)","εἰμί"
"45","07","03","P","","ἀπὸ","ἀπὸ","ἀπό","ἀπό"
"45","07","03","RA","GSM","τοῦ","τοῦ","τοῦ","ὁ"
"45","07","03","N","GSM","νόμου,","νόμου","νόμου","νόμος"
"45","07","03","RA","GSN","τοῦ","τοῦ","τοῦ","ὁ"
"45","07","03","D","","μὴ","μὴ","μή","μή"
"45","07","03","V","PAN","εἶναι","εἶναι","εἶναι","εἰμί"
"45","07","03","RP","ASF","αὐτὴν","αὐτὴν","αὐτήν","αὐτός"
"45","07","03","A","ASF","μοιχαλίδα","μοιχαλίδα","μοιχαλίδα","μοιχαλίς"
"45","07","03","V","AMPASF","γενομένην","γενομένην","γενομένην","γίνομαι"
"45","07","03","N","DSM","ἀνδρὶ","ἀνδρὶ","ἀνδρί","ἀνήρ"
"45","07","03","A","DSM","ἑτέρῳ.","ἑτέρῳ","ἑτέρῳ","ἕτερος"
"45","07","04","C","","Ὥστε,","Ὥστε","ὥστε","ὥστε"
"45","07","04","N","VPM","ἀδελφοί","ἀδελφοί","ἀδελφοί","ἀδελφός"
"45","07","04","RP","GS","μου,","μου","μου","ἐγώ"
"45","07","04","D","","καὶ","καὶ","καί","καί"
"45","07","04","RP","NP","ὑμεῖς","ὑμεῖς","ὑμεῖς","σύ"
"45","07","04","V","2API-P","ἐθανατώθητε","ἐθανατώθητε","ἐθανατώθητε","θανατόω"
"45","07","04","RA","DSM","τῷ","τῷ","τῷ","ὁ"
"45","07","04","N","DSM","νόμῳ","νόμῳ","νόμῳ","νόμος"
"45","07","04","P","","διὰ","διὰ","διά","διά"
"45","07","04","RA","GSN","τοῦ","τοῦ","τοῦ","ὁ"
"45","07","04","N","GSN","σώματος","σώματος","σώματος","σῶμα"
"45","07","04","RA","GSM","τοῦ","τοῦ","τοῦ","ὁ"
"45","07","04","N","GSM","Χριστοῦ,","Χριστοῦ","Χριστοῦ","Χριστός"
"45","07","04","P","","εἰς","εἰς","εἰς","εἰς"
"45","07","04","RA","ASN","τὸ","τὸ","τό","ὁ"
"45","07","04","V","AMN","γενέσθαι","γενέσθαι","γενέσθαι","γίνομαι"
"45","07","04","RP","AP","ὑμᾶς","ὑμᾶς","ὑμᾶς","σύ"
"45","07","04","A","DSM","ἑτέρῳ,","ἑτέρῳ","ἑτέρῳ","ἕτερος"
"45","07","04","RA","DSM","τῷ","τῷ","τῷ","ὁ"
"45","07","04","P","","ἐκ","ἐκ","ἐκ","ἐκ"
"45","07","04","A","GPM","νεκρῶν","νεκρῶν","νεκρῶν","νεκρός"
"45","07","04","V","APPDSM","ἐγερθέντι","ἐγερθέντι","ἐγερθέντι","ἐγείρω"
"45","07","04","C","","ἵνα","ἵνα","ἵνα","ἵνα"
"45","07","04","V","1AAS-P","καρποφορήσωμεν","καρποφορήσωμεν","καρποφορήσωμεν","καρποφορέω"
"45","07","04","RA","DSM","τῷ","τῷ","τῷ","ὁ"
"45","07","04","N","DSM","θεῷ.","θεῷ","θεῷ","θεός"
"45","07","05","C","","ὅτε","ὅτε","ὅτε","ὅτε"
"45","07","05","C","","γὰρ","γὰρ","γάρ","γάρ"
"45","07","05","V","1IAI-P","ἦμεν","ἦμεν","ἦμεν","εἰμί"
"45","07","05","P","","ἐν","ἐν","ἐν","ἐν"
"45","07","05","RA","DSF","τῇ","τῇ","τῇ","ὁ"
"45","07","05","N","DSF","σαρκί,","σαρκί","σαρκί","σάρξ"
"45","07","05","RA","NPN","τὰ","τὰ","τά","ὁ"
"45","07","05","N","NPN","παθήματα","παθήματα","παθήματα","πάθημα"
"45","07","05","RA","GPF","τῶν","τῶν","τῶν","ὁ"
"45","07","05","N","GPF","ἁμαρτιῶν","ἁμαρτιῶν","ἁμαρτιῶν","ἁμαρτία"
"45","07","05","RA","NPN","τὰ","τὰ","τά","ὁ"
"45","07","05","P","","διὰ","διὰ","διά","διά"
"45","07","05","RA","GSM","τοῦ","τοῦ","τοῦ","ὁ"
"45","07","05","N","GSM","νόμου","νόμου","νόμου","νόμος"
"45","07","05","V","3IMI-S","ἐνηργεῖτο","ἐνηργεῖτο","ἐνηργεῖτο","ἐνεργέω"
"45","07","05","P","","ἐν","ἐν","ἐν","ἐν"
"45","07","05","RA","DPN","τοῖς","τοῖς","τοῖς","ὁ"
"45","07","05","N","DPN","μέλεσιν","μέλεσιν","μέλεσι(ν)","μέλος"
"45","07","05","RP","GP","ἡμῶν","ἡμῶν","ἡμῶν","ἐγώ"
"45","07","05","P","","εἰς","εἰς","εἰς","εἰς"
"45","07","05","RA","ASN","τὸ","τὸ","τό","ὁ"
"45","07","05","V","AAN","καρποφορῆσαι","καρποφορῆσαι","καρποφορῆσαι","καρποφορέω"
"45","07","05","RA","DSM","τῷ","τῷ","τῷ","ὁ"
"45","07","05","N","DSM","θανάτῳ·","θανάτῳ","θανάτῳ","θάνατος"
"45","07","06","D","","νυνὶ","νυνὶ","νυνί","νυνί"
"45","07","06","C","","δὲ","δὲ","δέ","δέ"
"45","07","06","V","1API-P","κατηργήθημεν","κατηργήθημεν","κατηργήθημεν","καταργέω"
"45","07","06","P","","ἀπὸ","ἀπὸ","ἀπό","ἀπό"
"45","07","06","RA","GSM","τοῦ","τοῦ","τοῦ","ὁ"
"45","07","06","N","GSM","νόμου,","νόμου","νόμου","νόμος"
"45","07","06","V","AAPNPM","ἀποθανόντες","ἀποθανόντες","ἀποθανόντες","ἀποθνῄσκω"
"45","07","06","P","","ἐν","ἐν","ἐν","ἐν"
"45","07","06","RR","DSM","ᾧ","ᾧ","ᾧ","ὅς"
"45","07","06","V","1IPI-P","κατειχόμεθα,","κατειχόμεθα","κατειχόμεθα","κατέχω"
"45","07","06","C","","ὥστε","ὥστε","ὥστε","ὥστε"
"45","07","06","V","PAN","δουλεύειν","δουλεύειν","δουλεύειν","δουλεύω"
"45","07","06","RP","AP","ἡμᾶς","ἡμᾶς","ἡμᾶς","ἐγώ"
"45","07","06","P","","ἐν","ἐν","ἐν","ἐν"
"45","07","06","N","DSF","καινότητι","καινότητι","καινότητι","καινότης"
"45","07","06","N","GSN","πνεύματος","πνεύματος","πνεύματος","πνεῦμα"
"45","07","06","C","","καὶ","καὶ","καί","καί"
"45","07","06","D","","οὐ","οὐ","οὐ","οὐ"
"45","07","06","N","DSF","παλαιότητι","παλαιότητι","παλαιότητι","παλαιότης"
"45","07","06","N","GSN","γράμματος.","γράμματος","γράμματος","γράμμα"
"45","07","07","RI","ASN","Τί","Τί","τί","τίς"
"45","07","07","C","","οὖν","οὖν","οὖν","οὖν"
"45","07","07","V","1FAI-P","ἐροῦμεν;","ἐροῦμεν","ἐροῦμεν","λέγω"
"45","07","07","RA","NSM","ὁ","ὁ","ὁ","ὁ"
"45","07","07","N","NSM","νόμος","νόμος","νόμος","νόμος"
"45","07","07","N","NSF","ἁμαρτία;","ἁμαρτία","ἁμαρτία","ἁμαρτία"
"45","07","07","D","","μὴ","μὴ","μή","μή"
"45","07","07","V","3AMO-S","γένοιτο·","γένοιτο","γένοιτο","γίνομαι"
"45","07","07","C","","ἀλλὰ","ἀλλὰ","ἀλλά","ἀλλά"
"45","07","07","RA","ASF","τὴν","τὴν","τήν","ὁ"
"45","07","07","N","ASF","ἁμαρτίαν","ἁμαρτίαν","ἁμαρτίαν","ἁμαρτία"
"45","07","07","D","","οὐκ","οὐκ","οὐ","οὐ"
"45","07","07","V","1AAI-S","ἔγνων","ἔγνων","ἔγνων","γινώσκω"
"45","07","07","C","","εἰ","εἰ","εἰ","εἰ"
"45","07","07","D","","μὴ","μὴ","μή","μή"
"45","07","07","P","","διὰ","διὰ","διά","διά"
"45","07","07","N","GSM","νόμου,","νόμου","νόμου","νόμος"
"45","07","07","RA","ASF","τήν","τήν","τήν","ὁ"
"45","07","07","C","","τε","τε","τέ","τέ"
"45","07","07","C","","γὰρ","γὰρ","γάρ","γάρ"
"45","07","07","N","ASF","ἐπιθυμίαν","ἐπιθυμίαν","ἐπιθυμίαν","ἐπιθυμία"
"45","07","07","D","","οὐκ","οὐκ","οὐ","οὐ"
"45","07","07","V","1YAI-S","ᾔδειν","ᾔδειν","ᾔδειν","οἶδα"
"45","07","07","C","","εἰ","εἰ","εἰ","εἰ"
"45","07","07","D","","μὴ","μὴ","μή","μή"
"45","07","07","RA","NSM","ὁ","ὁ","ὁ","ὁ"
"45","07","07","N","NSM","νόμος","νόμος","νόμος","νόμος"
"45","07","07","V","3IAI-S","ἔλεγεν·","ἔλεγεν","ἔλεγε(ν)","λέγω"
"45","07","07","D","","Οὐκ","Οὐκ","οὐ","οὐ"
"45","07","07","V","2FAI-S","ἐπιθυμήσεις·","ἐπιθυμήσεις","ἐπιθυμήσεις","ἐπιθυμέω"
"45","07","08","N","ASF","ἀφορμὴν","ἀφορμὴν","ἀφορμήν","ἀφορμή"
"45","07","08","C","","δὲ","δὲ","δέ","δέ"
"45","07","08","V","AAPNSF","λαβοῦσα","λαβοῦσα","λαβοῦσα","λαμβάνω"
"45","07","08","RA","NSF","ἡ","ἡ","ἡ","ὁ"
"45","07","08","N","NSF","ἁμαρτία","ἁμαρτία","ἁμαρτία","ἁμαρτία"
"45","07","08","P","","διὰ","διὰ","διά","διά"
"45","07","08","RA","GSF","τῆς","τῆς","τῆς","ὁ"
"45","07","08","N","GSF","ἐντολῆς","ἐντολῆς","ἐντολῆς","ἐντολή"
"45","07","08","V","3AMI-S","κατειργάσατο","κατειργάσατο","κατειργάσατο","κατεργάζομαι"
"45","07","08","P","","ἐν","ἐν","ἐν","ἐν"
"45","07","08","RP","DS","ἐμοὶ","ἐμοὶ","ἐμοί","ἐγώ"
"45","07","08","A","ASF","πᾶσαν","πᾶσαν","πᾶσαν","πᾶς"
"45","07","08","N","ASF","ἐπιθυμίαν,","ἐπιθυμίαν","ἐπιθυμίαν","ἐπιθυμία"
"45","07","08","P","","χωρὶς","χωρὶς","χωρίς","χωρίς"
"45","07","08","C","","γὰρ","γὰρ","γάρ","γάρ"
"45","07","08","N","GSM","νόμου","νόμου","νόμου","νόμος"
"45","07","08","N","NSF","ἁμαρτία","ἁμαρτία","ἁμαρτία","ἁμαρτία"
"45","07","08","A","NSF","νεκρά.","νεκρά","νεκρά","νεκρός"
"45","07","09","RP","NS","ἐγὼ","ἐγὼ","ἐγώ","ἐγώ"
"45","07","09","C","","δὲ","δὲ","δέ","δέ"
"45","07","09","V","1IAI-S","ἔζων","ἔζων","ἔζων","ζάω"
"45","07","09","P","","χωρὶς","χωρὶς","χωρίς","χωρίς"
"45","07","09","N","GSM","νόμου","νόμου","νόμου","νόμος"
"45","07","09","D","","ποτέ·","ποτέ","ποτέ","ποτέ"
"45","07","09","V","AAPGSF","ἐλθούσης","ἐλθούσης","ἐλθούσης","ἔρχομαι"
"45","07","09","C","","δὲ","δὲ","δέ","δέ"
"45","07","09","RA","GSF","τῆς","τῆς","τῆς","ὁ"
"45","07","09","N","GSF","ἐντολῆς","ἐντολῆς","ἐντολῆς","ἐντολή"
"45","07","09","RA","NSF","ἡ","ἡ","ἡ","ὁ"
"45","07","09","N","NSF","ἁμαρτία","ἁμαρτία","ἁμαρτία","ἁμαρτία"
"45","07","09","V","3AAI-S","ἀνέζησεν,","ἀνέζησεν","ἀνέζησε(ν)","ἀναζάω"
"45","07","10","RP","NS","ἐγὼ","ἐγὼ","ἐγώ","ἐγώ"
"45","07","10","C","","δὲ","δὲ","δέ","δέ"
"45","07","10","V","1AAI-S","ἀπέθανον,","ἀπέθανον","ἀπέθανον","ἀποθνῄσκω"
"45","07","10","C","","καὶ","καὶ","καί","καί"
"45","07","10","V","3API-S","εὑρέθη","εὑρέθη","εὑρέθη","εὑρίσκω"
"45","07","10","RP","DS","μοι","μοι","μοι","ἐγώ"
"45","07","10","RA","NSF","ἡ","ἡ","ἡ","ὁ"
"45","07","10","N","NSF","ἐντολὴ","ἐντολὴ","ἐντολή","ἐντολή"
"45","07","10","RA","NSF","ἡ","ἡ","ἡ","ὁ"
"45","07","10","P","","εἰς","εἰς","εἰς","εἰς"
"45","07","10","N","ASF","ζωὴν","ζωὴν","ζωήν","ζωή"
"45","07","10","RD","NSF","αὕτη","αὕτη","αὕτη","οὗτος"
"45","07","10","P","","εἰς","εἰς","εἰς","εἰς"
"45","07","10","N","ASM","θάνατον·","θάνατον","θάνατον","θάνατος"
"45","07","11","RA","NSF","ἡ","ἡ","ἡ","ὁ"
"45","07","11","C","","γὰρ","γὰρ","γάρ","γάρ"
"45","07","11","N","NSF","ἁμαρτία","ἁμαρτία","ἁμαρτία","ἁμαρτία"
"45","07","11","N","ASF","ἀφορμὴν","ἀφορμὴν","ἀφορμήν","ἀφορμή"
"45","07","11","V","AAPNSF","λαβοῦσα","λαβοῦσα","λαβοῦσα","λαμβάνω"
"45","07","11","P","","διὰ","διὰ","διά","διά"
"45","07","11","RA","GSF","τῆς","τῆς","τῆς","ὁ"
"45","07","11","N","GSF","ἐντολῆς","ἐντολῆς","ἐντολῆς","ἐντολή"
"45","07","11","V","3AAI-S","ἐξηπάτησέν","ἐξηπάτησέν","ἐξηπάτησε(ν)","ἐξαπατάω"
"45","07","11","RP","AS","με","με","με","ἐγώ"
"45","07","11","C","","καὶ","καὶ","καί","καί"
"45","07","11","P","","δι’","δι’","διά","διά"
"45","07","11","RP","GSF","αὐτῆς","αὐτῆς","αὐτῆς","αὐτός"
"45","07","11","V","3AAI-S","ἀπέκτεινεν.","ἀπέκτεινεν","ἀπέκτεινε(ν)","ἀποκτείνω"
"45","07","12","C","","ὥστε","ὥστε","ὥστε","ὥστε"
"45","07","12","RA","NSM","ὁ","ὁ","ὁ","ὁ"
"45","07","12","C","","μὲν","μὲν","μέν","μέν"
"45","07","12","N","NSM","νόμος","νόμος","νόμος","νόμος"
"45","07","12","A","NSM","ἅγιος,","ἅγιος","ἅγιος","ἅγιος"
"45","07","12","C","","καὶ","καὶ","καί","καί"
"45","07","12","RA","NSF","ἡ","ἡ","ἡ","ὁ"
"45","07","12","N","NSF","ἐντολὴ","ἐντολὴ","ἐντολή","ἐντολή"
"45","07","12","A","NSF","ἁγία","ἁγία","ἁγία","ἅγιος"
"45","07","12","C","","καὶ","καὶ","καί","καί"
"45","07","12","A","NSF","δικαία","δικαία","δικαία","δίκαιος"
"45","07","12","C","","καὶ","καὶ","καί","καί"
"45","07","12","A","NSF","ἀγαθή.","ἀγαθή","ἀγαθή","ἀγαθός"
"45","07","13","RA","NSN","Τὸ","Τὸ","τό","ὁ"
"45","07","13","C","","οὖν","οὖν","οὖν","οὖν"
"45","07","13","A","NSN","ἀγαθὸν","ἀγαθὸν","ἀγαθόν","ἀγαθός"
"45","07","13","RP","DS","ἐμοὶ","ἐμοὶ","ἐμοί","ἐγώ"
"45","07","13","V","3AMI-S","⸀ἐγένετο","ἐγένετο","ἐγένετο","γίνομαι"
"45","07","13","N","NSM","θάνατος;","θάνατος","θάνατος","θάνατος"
"45","07","13","D","","μὴ","μὴ","μή","μή"
"45","07","13","V","3AMO-S","γένοιτο·","γένοιτο","γένοιτο","γίνομαι"
"45","07","13","C","","ἀλλὰ","ἀλλὰ","ἀλλά","ἀλλά"
"45","07","13","RA","NSF","ἡ","ἡ","ἡ","ὁ"
"45","07","13","N","NSF","ἁμαρτία,","ἁμαρτία","ἁμαρτία","ἁμαρτία"
"45","07","13","C","","ἵνα","ἵνα","ἵνα","ἵνα"
"45","07","13","V","3APS-S","φανῇ","φανῇ","φανῇ","φαίνω"
"45","07","13","N","NSF","ἁμαρτία","ἁμαρτία","ἁμαρτία","ἁμαρτία"
"45","07","13","P","","διὰ","διὰ","διά","διά"
"45","07","13","RA","GSN","τοῦ","τοῦ","τοῦ","ὁ"
"45","07","13","A","GSN","ἀγαθοῦ","ἀγαθοῦ","ἀγαθοῦ","ἀγαθός"
"45","07","13","RP","DS","μοι","μοι","μοι","ἐγώ"
"45","07","13","V","PMPNSF","κατεργαζομένη","κατεργαζομένη","κατεργαζομένη","κατεργάζομαι"
"45","07","13","N","ASM","θάνατον·","θάνατον","θάνατον","θάνατος"
"45","07","13","C","","ἵνα","ἵνα","ἵνα","ἵνα"
"45","07","13","V","3AMS-S","γένηται","γένηται","γένηται","γίνομαι"
"45","07","13","P","","καθ’","καθ’","κατά","κατά"
"45","07","13","N","ASF","ὑπερβολὴν","ὑπερβολὴν","ὑπερβολήν","ὑπερβολή"
"45","07","13","A","NSF","ἁμαρτωλὸς","ἁμαρτωλὸς","ἁμαρτωλός","ἁμαρτωλός"
"45","07","13","RA","NSF","ἡ","ἡ","ἡ","ὁ"
"45","07","13","N","NSF","ἁμαρτία","ἁμαρτία","ἁμαρτία","ἁμαρτία"
"45","07","13","P","","διὰ","διὰ","διά","διά"
"45","07","13","RA","GSF","τῆς","τῆς","τῆς","ὁ"
"45","07","13","N","GSF","ἐντολῆς.","ἐντολῆς","ἐντολῆς","ἐντολή"
"45","07","14","V","1XAI-P","Οἴδαμεν","Οἴδαμεν","οἴδαμεν","οἶδα"
"45","07","14","C","","γὰρ","γὰρ","γάρ","γάρ"
"45","07","14","C","","ὅτι","ὅτι","ὅτι","ὅτι"
"45","07","14","RA","NSM","ὁ","ὁ","ὁ","ὁ"
"45","07","14","N","NSM","νόμος","νόμος","νόμος","νόμος"
"45","07","14","A","NSM","πνευματικός","πνευματικός","πνευματικός","πνευματικός"
"45","07","14","V","3PAI-S","ἐστιν·","ἐστιν","ἐστί(ν)","εἰμί"
"45","07","14","RP","NS","ἐγὼ","ἐγὼ","ἐγώ","ἐγώ"
"45","07","14","C","","δὲ","δὲ","δέ","δέ"
"45","07","14","A","NSM","⸀σάρκινός","σάρκινός","σάρκινος","σάρκινος"
"45","07","14","V","1PAI-S","εἰμι,","εἰμι","εἰμί","εἰμί"
"45","07","14","V","XPPNSM","πεπραμένος","πεπραμένος","πεπραμένος","πιπράσκω"
"45","07","14","P","","ὑπὸ","ὑπὸ","ὑπό","ὑπό"
"45","07","14","RA","ASF","τὴν","τὴν","τήν","ὁ"
"45","07","14","N","ASF","ἁμαρτίαν.","ἁμαρτίαν","ἁμαρτίαν","ἁμαρτία"
"45","07","15","RR","ASN","ὃ","ὃ","ὅ","ὅς"
"45","07","15","C","","γὰρ","γὰρ","γάρ","γάρ"
"45","07","15","V","1PMI-S","κατεργάζομαι","κατεργάζομαι","κατεργάζομαι","κατεργάζομαι"
"45","07","15","D","","οὐ","οὐ","οὐ","οὐ"
"45","07","15","V","1PAI-S","γινώσκω·","γινώσκω","γινώσκω","γινώσκω"
"45","07","15","D","","οὐ","οὐ","οὐ","οὐ"
"45","07","15","C","","γὰρ","γὰρ","γάρ","γάρ"
"45","07","15","RR","ASN","ὃ","ὃ","ὅ","ὅς"
"45","07","15","V","1PAI-S","θέλω","θέλω","θέλω","θέλω"
"45","07","15","RD","ASN","τοῦτο","τοῦτο","τοῦτο","οὗτος"
"45","07","15","V","1PAI-S","πράσσω,","πράσσω","πράσσω","πράσσω"
"45","07","15","C","","ἀλλ’","ἀλλ’","ἀλλά","ἀλλά"
"45","07","15","RR","ASN","ὃ","ὃ","ὅ","ὅς"
"45","07","15","V","1PAI-S","μισῶ","μισῶ","μισῶ","μισέω"
"45","07","15","RD","ASN","τοῦτο","τοῦτο","τοῦτο","οὗτος"
"45","07","15","V","1PAI-S","ποιῶ.","ποιῶ","ποιῶ","ποιέω"
"45","07","16","C","","εἰ","εἰ","εἰ","εἰ"
"45","07","16","C","","δὲ","δὲ","δέ","δέ"
"45","07","16","RR","ASN","ὃ","ὃ","ὅ","ὅς"
"45","07","16","D","","οὐ","οὐ","οὐ","οὐ"
"45","07","16","V","1PAI-S","θέλω","θέλω","θέλω","θέλω"
"45","07","16","RD","ASN","τοῦτο","τοῦτο","τοῦτο","οὗτος"
"45","07","16","V","1PAI-S","ποιῶ,","ποιῶ","ποιῶ","ποιέω"
"45","07","16","V","1PAI-S","σύμφημι","σύμφημι","σύμφημι","σύμφημι"
"45","07","16","RA","DSM","τῷ","τῷ","τῷ","ὁ"
"45","07","16","N","DSM","νόμῳ","νόμῳ","νόμῳ","νόμος"
"45","07","16","C","","ὅτι","ὅτι","ὅτι","ὅτι"
"45","07","16","A","NSM","καλός.","καλός","καλός","καλός"
"45","07","17","D","","νυνὶ","νυνὶ","νυνί","νυνί"
"45","07","17","C","","δὲ","δὲ","δέ","δέ"
"45","07","17","D","","οὐκέτι","οὐκέτι","οὐκέτι","οὐκέτι"
"45","07","17","RP","NS","ἐγὼ","ἐγὼ","ἐγώ","ἐγώ"
"45","07","17","V","1PMI-S","κατεργάζομαι","κατεργάζομαι","κατεργάζομαι","κατεργάζομαι"
"45","07","17","RP","ASN","αὐτὸ","αὐτὸ","αὐτό","αὐτός"
"45","07","17","C","","ἀλλὰ","ἀλλὰ","ἀλλά","ἀλλά"
"45","07","17","RA","NSF","ἡ","ἡ","ἡ","ὁ"
"45","07","17","V","PAPNSF","⸀οἰκοῦσα","οἰκοῦσα","οἰκοῦσα","οἰκέω"
"45","07","17","P","","ἐν","ἐν","ἐν","ἐν"
"45","07","17","RP","DS","ἐμοὶ","ἐμοὶ","ἐμοί","ἐγώ"
"45","07","17","N","NSF","ἁμαρτία.","ἁμαρτία","ἁμαρτία","ἁμαρτία"
"45","07","18","V","1XAI-S","οἶδα","οἶδα","οἶδα","οἶδα"
"45","07","18","C","","γὰρ","γὰρ","γάρ","γάρ"
"45","07","18","C","","ὅτι","ὅτι","ὅτι","ὅτι"
"45","07","18","D","","οὐκ","οὐκ","οὐ","οὐ"
"45","07","18","V","3PAI-S","οἰκεῖ","οἰκεῖ","οἰκεῖ","οἰκέω"
"45","07","18","P","","ἐν","ἐν","ἐν","ἐν"
"45","07","18","RP","DS","ἐμοί,","ἐμοί","ἐμοί","ἐγώ"
"45","07","18","RD","NSN","τοῦτ’","τοῦτ’","τοῦτο","οὗτος"
"45","07","18","V","3PAI-S","ἔστιν","ἔστιν","ἐστί(ν)","εἰμί"
"45","07","18","P","","ἐν","ἐν","ἐν","ἐν"
"45","07","18","RA","DSF","τῇ","τῇ","τῇ","ὁ"
"45","07","18","N","DSF","σαρκί","σαρκί","σαρκί","σάρξ"
"45","07","18","RP","GS","μου,","μου","μου","ἐγώ"
"45","07","18","A","NSN","ἀγαθόν·","ἀγαθόν","ἀγαθόν","ἀγαθός"
"45","07","18","RA","NSN","τὸ","τὸ","τό","ὁ"
"45","07","18","C","","γὰρ","γὰρ","γάρ","γάρ"
"45","07","18","V","PAN","θέλειν","θέλειν","θέλειν","θέλω"
"45","07","18","V","3PMI-S","παράκειταί","παράκειταί","παράκειται","παράκειμαι"
"45","07","18","RP","DS","μοι,","μοι","μοι","ἐγώ"
"45","07","18","RA","NSN","τὸ","τὸ","τό","ὁ"
"45","07","18","C","","δὲ","δὲ","δέ","δέ"
"45","07","18","V","PMN","κατεργάζεσθαι","κατεργάζεσθαι","κατεργάζεσθαι","κατεργάζομαι"
"45","07","18","RA","ASN","τὸ","τὸ","τό","ὁ"
"45","07","18","A","ASN","καλὸν","καλὸν","καλόν","καλός"
"45","07","18","D","","⸀οὔ·","οὔ","οὔ","οὔ"
"45","07","19","D","","οὐ","οὐ","οὐ","οὐ"
"45","07","19","C","","γὰρ","γὰρ","γάρ","γάρ"
"45","07","19","RR","ASN","ὃ","ὃ","ὅ","ὅς"
"45","07","19","V","1PAI-S","θέλω","θέλω","θέλω","θέλω"
"45","07","19","V","1PAI-S","ποιῶ","ποιῶ","ποιῶ","ποιέω"
"45","07","19","A","ASN","ἀγαθόν,","ἀγαθόν","ἀγαθόν","ἀγαθός"
"45","07","19","C","","ἀλλὰ","ἀλλὰ","ἀλλά","ἀλλά"
"45","07","19","RR","ASN","ὃ","ὃ","ὅ","ὅς"
"45","07","19","D","","οὐ","οὐ","οὐ","οὐ"
"45","07","19","V","1PAI-S","θέλω","θέλω","θέλω","θέλω"
"45","07","19","A","ASN","κακὸν","κακὸν","κακόν","κακός"
"45","07","19","RD","ASN","τοῦτο","τοῦτο","τοῦτο","οὗτος"
"45","07","19","V","1PAI-S","πράσσω.","πράσσω","πράσσω","πράσσω"
"45","07","20","C","","εἰ","εἰ","εἰ","εἰ"
"45","07","20","C","","δὲ","δὲ","δέ","δέ"
"45","07","20","RR","ASN","ὃ","ὃ","ὅ","ὅς"
"45","07","20","D","","οὐ","οὐ","οὐ","οὐ"
"45","07","20","V","1PAI-S","⸀θέλω","θέλω","θέλω","θέλω"
"45","07","20","RD","ASN","τοῦτο","τοῦτο","τοῦτο","οὗτος"
"45","07","20","V","1PAI-S","ποιῶ,","ποιῶ","ποιῶ","ποιέω"
"45","07","20","D","","οὐκέτι","οὐκέτι","οὐκέτι","οὐκέτι"
"45","07","20","RP","NS","ἐγὼ","ἐγὼ","ἐγώ","ἐγώ"
"45","07","20","V","1PMI-S","κατεργάζομαι","κατεργάζομαι","κατεργάζομαι","κατεργάζομαι"
"45","07","20","RP","ASN","αὐτὸ","αὐτὸ","αὐτό","αὐτός"
"45","07","20","C","","ἀλλὰ","ἀλλὰ","ἀλλά","ἀλλά"
"45","07","20","RA","NSF","ἡ","ἡ","ἡ","ὁ"
"45","07","20","V","PAPNSF","οἰκοῦσα","οἰκοῦσα","οἰκοῦσα","οἰκέω"
"45","07","20","P","","ἐν","ἐν","ἐν","ἐν"
"45","07","20","RP","DS","ἐμοὶ","ἐμοὶ","ἐμοί","ἐγώ"
"45","07","20","N","NSF","ἁμαρτία.","ἁμαρτία","ἁμαρτία","ἁμαρτία"
"45","07","21","V","1PAI-S","Εὑρίσκω","Εὑρίσκω","εὑρίσκω","εὑρίσκω"
"45","07","21","C","","ἄρα","ἄρα","ἄρα","ἄρα"
"45","07","21","RA","ASM","τὸν","τὸν","τόν","ὁ"
"45","07","21","N","ASM","νόμον","νόμον","νόμον","νόμος"
"45","07","21","RA","DSM","τῷ","τῷ","τῷ","ὁ"
"45","07","21","V","PAPDSM","θέλοντι","θέλοντι","θέλοντι","θέλω"
"45","07","21","RP","DS","ἐμοὶ","ἐμοὶ","ἐμοί","ἐγώ"
"45","07","21","V","PAN","ποιεῖν","ποιεῖν","ποιεῖν","ποιέω"
"45","07","21","RA","ASN","τὸ","τὸ","τό","ὁ"
"45","07","21","A","ASN","καλὸν","καλὸν","καλόν","καλός"
"45","07","21","D","","ὅτι","ὅτι","ὅτι","ὅτι"
"45","07","21","RP","DS","ἐμοὶ","ἐμοὶ","ἐμοί","ἐγώ"
"45","07","21","RA","NSN","τὸ","τὸ","τό","ὁ"
"45","07","21","A","NSN","κακὸν","κακὸν","κακόν","κακός"
"45","07","21","V","3PMI-S","παράκειται·","παράκειται","παράκειται","παράκειμαι"
"45","07","22","V","1PMI-S","συνήδομαι","συνήδομαι","συνήδομαι","συνήδομαι"
"45","07","22","C","","γὰρ","γὰρ","γάρ","γάρ"
"45","07","22","RA","DSM","τῷ","τῷ","τῷ","ὁ"
"45","07","22","N","DSM","νόμῳ","νόμῳ","νόμῳ","νόμος"
"45","07","22","RA","GSM","τοῦ","τοῦ","τοῦ","ὁ"
"45","07","22","N","GSM","θεοῦ","θεοῦ","θεοῦ","θεός"
"45","07","22","P","","κατὰ","κατὰ","κατά","κατά"
"45","07","22","RA","ASM","τὸν","τὸν","τόν","ὁ"
"45","07","22","D","","ἔσω","ἔσω","ἔσω","ἔσω"
"45","07","22","N","ASM","ἄνθρωπον,","ἄνθρωπον","ἄνθρωπον","ἄνθρωπος"
"45","07","23","V","1PAI-S","βλέπω","βλέπω","βλέπω","βλέπω"
"45","07","23","C","","δὲ","δὲ","δέ","δέ"
"45","07","23","A","ASM","ἕτερον","ἕτερον","ἕτερον","ἕτερος"
"45","07","23","N","ASM","νόμον","νόμον","νόμον","νόμος"
"45","07","23","P","","ἐν","ἐν","ἐν","ἐν"
"45","07","23","RA","DPN","τοῖς","τοῖς","τοῖς","ὁ"
"45","07","23","N","DPN","μέλεσίν","μέλεσίν","μέλεσι(ν)","μέλος"
"45","07","23","RP","GS","μου","μου","μου","ἐγώ"
"45","07","23","V","PMPASM","ἀντιστρατευόμενον","ἀντιστρατευόμενον","ἀντιστρατευόμενον","ἀντιστρατεύομαι"
"45","07","23","RA","DSM","τῷ","τῷ","τῷ","ὁ"
"45","07","23","N","DSM","νόμῳ","νόμῳ","νόμῳ","νόμος"
"45","07","23","RA","GSM","τοῦ","τοῦ","τοῦ","ὁ"
"45","07","23","N","GSM","νοός","νοός","νοός","νοῦς"
"45","07","23","RP","GS","μου","μου","μου","ἐγώ"
"45","07","23","C","","καὶ","καὶ","καί","καί"
"45","07","23","V","PAPASM","αἰχμαλωτίζοντά","αἰχμαλωτίζοντά","αἰχμαλωτίζοντα","αἰχμαλωτίζω"
"45","07","23","RP","AS","με","με","με","ἐγώ"
"45","07","23","P","","⸀ἐν","ἐν","ἐν","ἐν"
"45","07","23","RA","DSM","τῷ","τῷ","τῷ","ὁ"
"45","07","23","N","DSM","νόμῳ","νόμῳ","νόμῳ","νόμος"
"45","07","23","RA","GSF","τῆς","τῆς","τῆς","ὁ"
"45","07","23","N","GSF","ἁμαρτίας","ἁμαρτίας","ἁμαρτίας","ἁμαρτία"
"45","07","23","RA","DSM","τῷ","τῷ","τῷ","ὁ"
"45","07","23","V","PAPDSM","ὄντι","ὄντι","ὄντι","εἰμί"
"45","07","23","P","","ἐν","ἐν","ἐν","ἐν"
"45","07","23","RA","DPN","τοῖς","τοῖς","τοῖς","ὁ"
"45","07","23","N","DPN","μέλεσίν","μέλεσίν","μέλεσι(ν)","μέλος"
"45","07","23","RP","GS","μου.","μου","μου","ἐγώ"
"45","07","24","A","NSM","ταλαίπωρος","ταλαίπωρος","ταλαίπωρος","ταλαίπωρος"
"45","07","24","RP","NS","ἐγὼ","ἐγὼ","ἐγώ","ἐγώ"
"45","07","24","N","NSM","ἄνθρωπος·","ἄνθρωπος","ἄνθρωπος","ἄνθρωπος"
"45","07","24","RI","NSM","τίς","τίς","τίς","τίς"
"45","07","24","RP","AS","με","με","με","ἐγώ"
"45","07","24","V","3FMI-S","ῥύσεται","ῥύσεται","ῥύσεται","ῥύομαι"
"45","07","24","P","","ἐκ","ἐκ","ἐκ","ἐκ"
"45","07","24","RA","GSN","τοῦ","τοῦ","τοῦ","ὁ"
"45","07","24","N","GSN","σώματος","σώματος","σώματος","σῶμα"
"45","07","24","RA","GSM","τοῦ","τοῦ","τοῦ","ὁ"
"45","07","24","N","GSM","θανάτου","θανάτου","θανάτου","θάνατος"
"45","07","24","RD","GSM","τούτου;","τούτου","τούτου","οὗτος"
"45","07","25","N","NSF","⸀χάρις","χάρις","χάρις","χάρις"
"45","07","25","RA","DSM","τῷ","τῷ","τῷ","ὁ"
"45","07","25","N","DSM","θεῷ","θεῷ","θεῷ","θεός"
"45","07","25","P","","διὰ","διὰ","διά","διά"
"45","07","25","N","GSM","Ἰησοῦ","Ἰησοῦ","Ἰησοῦ","Ἰησοῦς"
"45","07","25","N","GSM","Χριστοῦ","Χριστοῦ","Χριστοῦ","Χριστός"
"45","07","25","RA","GSM","τοῦ","τοῦ","τοῦ","ὁ"
"45","07","25","N","GSM","κυρίου","κυρίου","κυρίου","κύριος"
"45","07","25","RP","GP","ἡμῶν.","ἡμῶν","ἡμῶν","ἐγώ"
"45","07","25","C","","Ἄρα","Ἄρα","ἄρα","ἄρα"
"45","07","25","C","","οὖν","οὖν","οὖν","οὖν"
"45","07","25","RP","NSM","αὐτὸς","αὐτὸς","αὐτός","αὐτός"
"45","07","25","RP","NS","ἐγὼ","ἐγὼ","ἐγώ","ἐγώ"
"45","07","25","RA","DSM","τῷ","τῷ","τῷ","ὁ"
"45","07","25","C","","μὲν","μὲν","μέν","μέν"
"45","07","25","N","DSM","νοῒ","νοῒ","νοΐ","νοῦς"
"45","07","25","V","1PAI-S","δουλεύω","δουλεύω","δουλεύω","δουλεύω"
"45","07","25","N","DSM","νόμῳ","νόμῳ","νόμῳ","νόμος"
"45","07","25","N","GSM","θεοῦ,","θεοῦ","θεοῦ","θεός"
"45","07","25","RA","DSF","τῇ","τῇ","τῇ","ὁ"
"45","07","25","C","","δὲ","δὲ","δέ","δέ"
"45","07","25","N","DSF","σαρκὶ","σαρκὶ","σαρκί","σάρξ"
"45","07","25","N","DSM","νόμῳ","νόμῳ","νόμῳ","νόμος"
"45","07","25","N","GSF","ἁμαρτίας.","ἁμαρτίας","ἁμαρτίας","ἁμαρτία"
"45","08","01","A","NSN","Οὐδὲν","Οὐδὲν","οὐδέν","οὐδείς"
"45","08","01","C","","ἄρα","ἄρα","ἄρα","ἄρα"
"45","08","01","D","","νῦν","νῦν","νῦν","νῦν"
"45","08","01","N","NSN","κατάκριμα","κατάκριμα","κατάκριμα","κατάκριμα"
"45","08","01","RA","DPM","τοῖς","τοῖς","τοῖς","ὁ"
"45","08","01","P","","ἐν","ἐν","ἐν","ἐν"
"45","08","01","N","DSM","Χριστῷ","Χριστῷ","Χριστῷ","Χριστός"
"45","08","01","N","DSM","⸀Ἰησοῦ·","Ἰησοῦ","Ἰησοῦ","Ἰησοῦς"
"45","08","02","RA","NSM","ὁ","ὁ","ὁ","ὁ"
"45","08","02","C","","γὰρ","γὰρ","γάρ","γάρ"
"45","08","02","N","NSM","νόμος","νόμος","νόμος","νόμος"
"45","08","02","RA","GSN","τοῦ","τοῦ","τοῦ","ὁ"
"45","08","02","N","GSN","πνεύματος","πνεύματος","πνεύματος","πνεῦμα"
"45","08","02","RA","GSF","τῆς","τῆς","τῆς","ὁ"
"45","08","02","N","GSF","ζωῆς","ζωῆς","ζωῆς","ζωή"
"45","08","02","P","","ἐν","ἐν","ἐν","ἐν"
"45","08","02","N","DSM","Χριστῷ","Χριστῷ","Χριστῷ","Χριστός"
"45","08","02","N","DSM","Ἰησοῦ","Ἰησοῦ","Ἰησοῦ","Ἰησοῦς"
"45","08","02","V","3AAI-S","ἠλευθέρωσέν","ἠλευθέρωσέν","ἠλευθέρωσε(ν)","ἐλευθερόω"
"45","08","02","RP","AS","⸀σε","σε","σε","σύ"
"45","08","02","P","","ἀπὸ","ἀπὸ","ἀπό","ἀπό"
"45","08","02","RA","GSM","τοῦ","τοῦ","τοῦ","ὁ"
"45","08","02","N","GSM","νόμου","νόμου","νόμου","νόμος"
"45","08","02","RA","GSF","τῆς","τῆς","τῆς","ὁ"
"45","08","02","N","GSF","ἁμαρτίας","ἁμαρτίας","ἁμαρτίας","ἁμαρτία"
"45","08","02","C","","καὶ","καὶ","καί","καί"
"45","08","02","RA","GSM","τοῦ","τοῦ","τοῦ","ὁ"
"45","08","02","N","GSM","θανάτου.","θανάτου","θανάτου","θάνατος"
"45","08","03","RA","ASN","τὸ","τὸ","τό","ὁ"
"45","08","03","C","","γὰρ","γὰρ","γάρ","γάρ"
"45","08","03","A","ASN","ἀδύνατον","ἀδύνατον","ἀδύνατον","ἀδύνατος"
"45","08","03","RA","GSM","τοῦ","τοῦ","τοῦ","ὁ"
"45","08","03","N","GSM","νόμου,","νόμου","νόμου","νόμος"
"45","08","03","P","","ἐν","ἐν","ἐν","ἐν"
"45","08","03","RR","DSN","ᾧ","ᾧ","ᾧ","ὅς"
"45","08","03","V","3IAI-S","ἠσθένει","ἠσθένει","ἠσθένει","ἀσθενέω"
"45","08","03","P","","διὰ","διὰ","διά","διά"
"45","08","03","RA","GSF","τῆς","τῆς","τῆς","ὁ"
"45","08","03","N","GSF","σαρκός,","σαρκός","σαρκός","σάρξ"
"45","08","03","RA","NSM","ὁ","ὁ","ὁ","ὁ"
"45","08","03","N","NSM","θεὸς","θεὸς","θεός","θεός"
"45","08","03","RA","ASM","τὸν","τὸν","τόν","ὁ"
"45","08","03","RP","GSM","ἑαυτοῦ","ἑαυτοῦ","ἑαυτοῦ","ἑαυτοῦ"
"45","08","03","N","ASM","υἱὸν","υἱὸν","υἱόν","υἱός"
"45","08","03","V","AAPNSM","πέμψας","πέμψας","πέμψας","πέμπω"
"45","08","03","P","","ἐν","ἐν","ἐν","ἐν"
"45","08","03","N","DSN","ὁμοιώματι","ὁμοιώματι","ὁμοιώματι","ὁμοίωμα"
"45","08","03","N","GSF","σαρκὸς","σαρκὸς","σαρκός","σάρξ"
"45","08","03","N","GSF","ἁμαρτίας","ἁμαρτίας","ἁμαρτίας","ἁμαρτία"
"45","08","03","C","","καὶ","καὶ","καί","καί"
"45","08","03","P","","περὶ","περὶ","περί","περί"
"45","08","03","N","GSF","ἁμαρτίας","ἁμαρτίας","ἁμαρτίας","ἁμαρτία"
"45","08","03","V","3AAI-S","κατέκρινε","κατέκρινε","κατέκρινε(ν)","κατακρίνω"
"45","08","03","RA","ASF","τὴν","τὴν","τήν","ὁ"
"45","08","03","N","ASF","ἁμαρτίαν","ἁμαρτίαν","ἁμαρτίαν","ἁμαρτία"
"45","08","03","P","","ἐν","ἐν","ἐν","ἐν"
"45","08","03","RA","DSF","τῇ","τῇ","τῇ","ὁ"
"45","08","03","N","DSF","σαρκί,","σαρκί","σαρκί","σάρξ"
"45","08","04","C","","ἵνα","ἵνα","ἵνα","ἵνα"
"45","08","04","RA","NSN","τὸ","τὸ","τό","ὁ"
"45","08","04","N","NSN","δικαίωμα","δικαίωμα","δικαίωμα","δικαίωμα"
"45","08","04","RA","GSM","τοῦ","τοῦ","τοῦ","ὁ"
"45","08","04","N","GSM","νόμου","νόμου","νόμου","νόμος"
"45","08","04","V","3APS-S","πληρωθῇ","πληρωθῇ","πληρωθῇ","πληρόω"
"45","08","04","P","","ἐν","ἐν","ἐν","ἐν"
"45","08","04","RP","DP","ἡμῖν","ἡμῖν","ἡμῖν","ἐγώ"
"45","08","04","RA","DPM","τοῖς","τοῖς","τοῖς","ὁ"
"45","08","04","D","","μὴ","μὴ","μή","μή"
"45","08","04","P","","κατὰ","κατὰ","κατά","κατά"
"45","08","04","N","ASF","σάρκα","σάρκα","σάρκα","σάρξ"
"45","08","04","V","PAPDPM","περιπατοῦσιν","περιπατοῦσιν","περιπατοῦσι(ν)","περιπατέω"
"45","08","04","C","","ἀλλὰ","ἀλλὰ","ἀλλά","ἀλλά"
"45","08","04","P","","κατὰ","κατὰ","κατά","κατά"
"45","08","04","N","ASN","πνεῦμα·","πνεῦμα","πνεῦμα","πνεῦμα"
"45","08","05","RA","NPM","οἱ","οἱ","οἱ","ὁ"
"45","08","05","C","","γὰρ","γὰρ","γάρ","γάρ"
"45","08","05","P","","κατὰ","κατὰ","κατά","κατά"
"45","08","05","N","ASF","σάρκα","σάρκα","σάρκα","σάρξ"
"45","08","05","V","PAPNPM","ὄντες","ὄντες","ὄντες","εἰμί"
"45","08","05","RA","APN","τὰ","τὰ","τά","ὁ"
"45","08","05","RA","GSF","τῆς","τῆς","τῆς","ὁ"
"45","08","05","N","GSF","σαρκὸς","σαρκὸς","σαρκός","σάρξ"
"45","08","05","V","3PAI-P","φρονοῦσιν,","φρονοῦσιν","φρονοῦσι(ν)","φρονέω"
"45","08","05","RA","NPM","οἱ","οἱ","οἱ","ὁ"
"45","08","05","C","","δὲ","δὲ","δέ","δέ"
"45","08","05","P","","κατὰ","κατὰ","κατά","κατά"
"45","08","05","N","ASN","πνεῦμα","πνεῦμα","πνεῦμα","πνεῦμα"
"45","08","05","RA","APN","τὰ","τὰ","τά","ὁ"
"45","08","05","RA","GSN","τοῦ","τοῦ","τοῦ","ὁ"
"45","08","05","N","GSN","πνεύματος.","πνεύματος","πνεύματος","πνεῦμα"
"45","08","06","RA","NSN","τὸ","τὸ","τό","ὁ"
"45","08","06","C","","γὰρ","γὰρ","γάρ","γάρ"
"45","08","06","N","NSN","φρόνημα","φρόνημα","φρόνημα","φρόνημα"
"45","08","06","RA","GSF","τῆς","τῆς","τῆς","ὁ"
"45","08","06","N","GSF","σαρκὸς","σαρκὸς","σαρκός","σάρξ"
"45","08","06","N","NSM","θάνατος,","θάνατος","θάνατος","θάνατος"
"45","08","06","RA","NSN","τὸ","τὸ","τό","ὁ"
"45","08","06","C","","δὲ","δὲ","δέ","δέ"
"45","08","06","N","NSN","φρόνημα","φρόνημα","φρόνημα","φρόνημα"
"45","08","06","RA","GSN","τοῦ","τοῦ","τοῦ","ὁ"
"45","08","06","N","GSN","πνεύματος","πνεύματος","πνεύματος","πνεῦμα"
"45","08","06","N","NSF","ζωὴ","ζωὴ","ζωή","ζωή"
"45","08","06","C","","καὶ","καὶ","καί","καί"
"45","08","06","N","NSF","εἰρήνη·","εἰρήνη","εἰρήνη","εἰρήνη"
"45","08","07","C","","διότι","διότι","διότι","διότι"
"45","08","07","RA","NSN","τὸ","τὸ","τό","ὁ"
"45","08","07","N","NSN","φρόνημα","φρόνημα","φρόνημα","φρόνημα"
"45","08","07","RA","GSF","τῆς","τῆς","τῆς","ὁ"
"45","08","07","N","GSF","σαρκὸς","σαρκὸς","σαρκός","σάρξ"
"45","08","07","N","NSF","ἔχθρα","ἔχθρα","ἔχθρα","ἔχθρα"
"45","08","07","P","","εἰς","εἰς","εἰς","εἰς"
"45","08","07","N","ASM","θεόν,","θεόν","θεόν","θεός"
"45","08","07","RA","DSM","τῷ","τῷ","τῷ","ὁ"
"45","08","07","C","","γὰρ","γὰρ","γάρ","γάρ"
"45","08","07","N","DSM","νόμῳ","νόμῳ","νόμῳ","νόμος"
"45","08","07","RA","GSM","τοῦ","τοῦ","τοῦ","ὁ"
"45","08","07","N","GSM","θεοῦ","θεοῦ","θεοῦ","θεός"
"45","08","07","D","","οὐχ","οὐχ","οὐ","οὐ"
"45","08","07","V","3PPI-S","ὑποτάσσεται,","ὑποτάσσεται","ὑποτάσσεται","ὑποτάσσω"
"45","08","07","D","","οὐδὲ","οὐδὲ","οὐδέ","οὐδέ"
"45","08","07","C","","γὰρ","γὰρ","γάρ","γάρ"
"45","08","07","V","3PMI-S","δύναται·","δύναται","δύναται","δύναμαι"
"45","08","08","RA","NPM","οἱ","οἱ","οἱ","ὁ"
"45","08","08","C","","δὲ","δὲ","δέ","δέ"
"45","08","08","P","","ἐν","ἐν","ἐν","ἐν"
"45","08","08","N","DSF","σαρκὶ","σαρκὶ","σαρκί","σάρξ"
"45","08","08","V","PAPNPM","ὄντες","ὄντες","ὄντες","εἰμί"
"45","08","08","N","DSM","θεῷ","θεῷ","θεῷ","θεός"
"45","08","08","V","AAN","ἀρέσαι","ἀρέσαι","ἀρέσαι","ἀρέσκω"
"45","08","08","D","","οὐ","οὐ","οὐ","οὐ"
"45","08","08","V","3PMI-P","δύνανται.","δύνανται","δύνανται","δύναμαι"
"45","08","09","RP","NP","Ὑμεῖς","Ὑμεῖς","ὑμεῖς","σύ"
"45","08","09","C","","δὲ","δὲ","δέ","δέ"
"45","08","09","D","","οὐκ","οὐκ","οὐ","οὐ"
"45","08","09","V","2PAI-P","ἐστὲ","ἐστὲ","ἐστέ","εἰμί"
"45","08","09","P","","ἐν","ἐν","ἐν","ἐν"
"45","08","09","N","DSF","σαρκὶ","σαρκὶ","σαρκί","σάρξ"
"45","08","09","C","","ἀλλὰ","ἀλλὰ","ἀλλά","ἀλλά"
"45","08","09","P","","ἐν","ἐν","ἐν","ἐν"
"45","08","09","N","DSN","πνεύματι,","πνεύματι","πνεύματι","πνεῦμα"
"45","08","09","C","","εἴπερ","εἴπερ","εἴπερ","εἴπερ"
"45","08","09","N","NSN","πνεῦμα","πνεῦμα","πνεῦμα","πνεῦμα"
"45","08","09","N","GSM","θεοῦ","θεοῦ","θεοῦ","θεός"
"45","08","09","V","3PAI-S","οἰκεῖ","οἰκεῖ","οἰκεῖ","οἰκέω"
"45","08","09","P","","ἐν","ἐν","ἐν","ἐν"
"45","08","09","RP","DP","ὑμῖν.","ὑμῖν","ὑμῖν","σύ"
"45","08","09","C","","εἰ","εἰ","εἰ","εἰ"
"45","08","09","C","","δέ","δέ","δέ","δέ"
"45","08","09","RI","NSM","τις","τις","τὶς","τις"
"45","08","09","N","ASN","πνεῦμα","πνεῦμα","πνεῦμα","πνεῦμα"
"45","08","09","N","GSM","Χριστοῦ","Χριστοῦ","Χριστοῦ","Χριστός"
"45","08","09","D","","οὐκ","οὐκ","οὐ","οὐ"
"45","08","09","V","3PAI-S","ἔχει,","ἔχει","ἔχει","ἔχω"
"45","08","09","RD","NSM","οὗτος","οὗτος","οὗτος","οὗτος"
"45","08","09","D","","οὐκ","οὐκ","οὐ","οὐ"
"45","08","09","V","3PAI-S","ἔστιν","ἔστιν","ἐστί(ν)","εἰμί"
"45","08","09","RP","GSM","αὐτοῦ.","αὐτοῦ","αὐτοῦ","αὐτός"
"45","08","10","C","","εἰ","εἰ","εἰ","εἰ"
"45","08","10","C","","δὲ","δὲ","δέ","δέ"
"45","08","10","N","NSM","Χριστὸς","Χριστὸς","Χριστός","Χριστός"
"45","08","10","P","","ἐν","ἐν","ἐν","ἐν"
"45","08","10","RP","DP","ὑμῖν,","ὑμῖν","ὑμῖν","σύ"
"45","08","10","RA","NSN","τὸ","τὸ","τό","ὁ"
"45","08","10","C","","μὲν","μὲν","μέν","μέν"
"45","08","10","N","NSN","σῶμα","σῶμα","σῶμα","σῶμα"
"45","08","10","A","NSN","νεκρὸν","νεκρὸν","νεκρόν","νεκρός"
"45","08","10","P","","διὰ","διὰ","διά","διά"
"45","08","10","N","ASF","ἁμαρτίαν,","ἁμαρτίαν","ἁμαρτίαν","ἁμαρτία"
"45","08","10","RA","NSN","τὸ","τὸ","τό","ὁ"
"45","08","10","C","","δὲ","δὲ","δέ","δέ"
"45","08","10","N","NSN","πνεῦμα","πνεῦμα","πνεῦμα","πνεῦμα"
"45","08","10","N","NSF","ζωὴ","ζωὴ","ζωή","ζωή"
"45","08","10","P","","διὰ","διὰ","διά","διά"
"45","08","10","N","ASF","δικαιοσύνην.","δικαιοσύνην","δικαιοσύνην","δικαιοσύνη"
"45","08","11","C","","εἰ","εἰ","εἰ","εἰ"
"45","08","11","C","","δὲ","δὲ","δέ","δέ"
"45","08","11","RA","NSN","τὸ","τὸ","τό","ὁ"
"45","08","11","N","NSN","πνεῦμα","πνεῦμα","πνεῦμα","πνεῦμα"
"45","08","11","RA","GSM","τοῦ","τοῦ","τοῦ","ὁ"
"45","08","11","V","AAPGSM","ἐγείραντος","ἐγείραντος","ἐγείραντος","ἐγείρω"
"45","08","11","RA","ASM","⸀τὸν","τὸν","τόν","ὁ"
"45","08","11","N","ASM","Ἰησοῦν","Ἰησοῦν","Ἰησοῦν","Ἰησοῦς"
"45","08","11","P","","ἐκ","ἐκ","ἐκ","ἐκ"
"45","08","11","A","GPM","νεκρῶν","νεκρῶν","νεκρῶν","νεκρός"
"45","08","11","V","3PAI-S","οἰκεῖ","οἰκεῖ","οἰκεῖ","οἰκέω"
"45","08","11","P","","ἐν","ἐν","ἐν","ἐν"
"45","08","11","RP","DP","ὑμῖν,","ὑμῖν","ὑμῖν","σύ"
"45","08","11","RA","NSM","ὁ","ὁ","ὁ","ὁ"
"45","08","11","V","AAPNSM","ἐγείρας","ἐγείρας","ἐγείρας","ἐγείρω"
"45","08","11","P","","⸂ἐκ","ἐκ","ἐκ","ἐκ"
"45","08","11","A","GPM","νεκρῶν","νεκρῶν","νεκρῶν","νεκρός"
"45","08","11","N","ASM","Χριστὸν","Χριστὸν","Χριστόν","Χριστός"
"45","08","11","N","ASM","Ἰησοῦν⸃","Ἰησοῦν","Ἰησοῦν","Ἰησοῦς"
"45","08","11","V","3FAI-S","ζῳοποιήσει","ζῳοποιήσει","ζῳοποιήσει","ζῳοποιέω"
"45","08","11","D","","καὶ","καὶ","καί","καί"
"45","08","11","RA","APN","τὰ","τὰ","τά","ὁ"
"45","08","11","A","APN","θνητὰ","θνητὰ","θνητά","θνητός"
"45","08","11","N","APN","σώματα","σώματα","σώματα","σῶμα"
"45","08","11","RP","GP","ὑμῶν","ὑμῶν","ὑμῶν","σύ"
"45","08","11","P","","διὰ","διὰ","διά","διά"
"45","08","11","RA","ASN","⸂τὸ","τὸ","τό","ὁ"
"45","08","11","V","PAPASN","ἐνοικοῦν","ἐνοικοῦν","ἐνοικοῦν","ἐνοικέω"
"45","08","11","RP","GSM","αὐτοῦ","αὐτοῦ","αὐτοῦ","αὐτός"
"45","08","11","N","ASN","πνεῦμα⸃","πνεῦμα","πνεῦμα","πνεῦμα"
"45","08","11","P","","ἐν","ἐν","ἐν","ἐν"
"45","08","11","RP","DP","ὑμῖν.","ὑμῖν","ὑμῖν","σύ"
"45","08","12","C","","Ἄρα","Ἄρα","ἄρα","ἄρα"
"45","08","12","C","","οὖν,","οὖν","οὖν","οὖν"
"45","08","12","N","VPM","ἀδελφοί,","ἀδελφοί","ἀδελφοί","ἀδελφός"
"45","08","12","N","NPM","ὀφειλέται","ὀφειλέται","ὀφειλέται","ὀφειλέτης"
"45","08","12","V","1PAI-P","ἐσμέν,","ἐσμέν","ἐσμέν","εἰμί"
"45","08","12","D","","οὐ","οὐ","οὐ","οὐ"
"45","08","12","RA","DSF","τῇ","τῇ","τῇ","ὁ"
"45","08","12","N","DSF","σαρκὶ","σαρκὶ","σαρκί","σάρξ"
"45","08","12","RA","GSN","τοῦ","τοῦ","τοῦ","ὁ"
"45","08","12","P","","κατὰ","κατὰ","κατά","κατά"
"45","08","12","N","ASF","σάρκα","σάρκα","σάρκα","σάρξ"
"45","08","12","V","PAN","ζῆν,","ζῆν","ζῆν","ζάω"
"45","08","13","C","","εἰ","εἰ","εἰ","εἰ"
"45","08","13","C","","γὰρ","γὰρ","γάρ","γάρ"
"45","08","13","P","","κατὰ","κατὰ","κατά","κατά"
"45","08","13","N","ASF","σάρκα","σάρκα","σάρκα","σάρξ"
"45","08","13","V","2PAI-P","ζῆτε","ζῆτε","ζῆτε","ζάω"
"45","08","13","V","2PAI-P","μέλλετε","μέλλετε","μέλλετε","μέλλω"
"45","08","13","V","PAN","ἀποθνῄσκειν,","ἀποθνῄσκειν","ἀποθνῄσκειν","ἀποθνῄσκω"
"45","08","13","C","","εἰ","εἰ","εἰ","εἰ"
"45","08","13","C","","δὲ","δὲ","δέ","δέ"
"45","08","13","N","DSN","πνεύματι","πνεύματι","πνεύματι","πνεῦμα"
"45","08","13","RA","APF","τὰς","τὰς","τάς","ὁ"
"45","08","13","N","APF","πράξεις","πράξεις","πράξεις","πρᾶξις"
"45","08","13","RA","GSN","τοῦ","τοῦ","τοῦ","ὁ"
"45","08","13","N","GSN","σώματος","σώματος","σώματος","σῶμα"
"45","08","13","V","2PAI-P","θανατοῦτε,","θανατοῦτε","θανατοῦτε","θανατόω"
"45","08","13","V","2FMI-P","ζήσεσθε.","ζήσεσθε","ζήσεσθε","ζάω"
"45","08","14","RR","NPM","ὅσοι","ὅσοι","ὅσοι","ὅσος"
"45","08","14","C","","γὰρ","γὰρ","γάρ","γάρ"
"45","08","14","N","DSN","πνεύματι","πνεύματι","πνεύματι","πνεῦμα"
"45","08","14","N","GSM","θεοῦ","θεοῦ","θεοῦ","θεός"
"45","08","14","V","3PPI-P","ἄγονται,","ἄγονται","ἄγονται","ἄγω"
"45","08","14","RD","NPM","οὗτοι","οὗτοι","οὗτοι","οὗτος"
"45","08","14","N","NPM","⸂υἱοί","υἱοί","υἱοί","υἱός"
"45","08","14","V","3PAI-P","εἰσιν","εἰσιν","εἰσί(ν)","εἰμί"
"45","08","14","N","GSM","θεοῦ⸃.","θεοῦ","θεοῦ","θεός"
"45","08","15","D","","οὐ","οὐ","οὐ","οὐ"
"45","08","15","C","","γὰρ","γὰρ","γάρ","γάρ"
"45","08","15","V","2AAI-P","ἐλάβετε","ἐλάβετε","ἐλάβετε","λαμβάνω"
"45","08","15","N","ASN","πνεῦμα","πνεῦμα","πνεῦμα","πνεῦμα"
"45","08","15","N","GSF","δουλείας","δουλείας","δουλείας","δουλεία"
"45","08","15","D","","πάλιν","πάλιν","πάλιν","πάλιν"
"45","08","15","P","","εἰς","εἰς","εἰς","εἰς"
"45","08","15","N","ASM","φόβον,","φόβον","φόβον","φόβος"
"45","08","15","C","","ἀλλὰ","ἀλλὰ","ἀλλά","ἀλλά"
"45","08","15","V","2AAI-P","ἐλάβετε","ἐλάβετε","ἐλάβετε","λαμβάνω"
"45","08","15","N","ASN","πνεῦμα","πνεῦμα","πνεῦμα","πνεῦμα"
"45","08","15","N","GSF","υἱοθεσίας","υἱοθεσίας","υἱοθεσίας","υἱοθεσία"
"45","08","15","P","","ἐν","ἐν","ἐν","ἐν"
"45","08","15","RR","DSN","ᾧ","ᾧ","ᾧ","ὅς"
"45","08","15","V","1PAI-P","κράζομεν·","κράζομεν","κράζομεν","κράζω"
"45","08","15","N","VSM","Αββα","Αββα","αββα","αββα"
"45","08","15","RA","NSM","ὁ","ὁ","ὁ","ὁ"
"45","08","15","N","NSM","πατήρ·","πατήρ","πατήρ","πατήρ"
"45","08","16","RP","NSN","αὐτὸ","αὐτὸ","αὐτό","αὐτός"
"45","08","16","RA","NSN","τὸ","τὸ","τό","ὁ"
"45","08","16","N","NSN","πνεῦμα","πνεῦμα","πνεῦμα","πνεῦμα"
"45","08","16","V","3PAI-S","συμμαρτυρεῖ","συμμαρτυρεῖ","συμμαρτυρεῖ","συμμαρτυρέω"
"45","08","16","RA","DSN","τῷ","τῷ","τῷ","ὁ"
"45","08","16","N","DSN","πνεύματι","πνεύματι","πνεύματι","πνεῦμα"
"45","08","16","RP","GP","ἡμῶν","ἡμῶν","ἡμῶν","ἐγώ"
"45","08","16","C","","ὅτι","ὅτι","ὅτι","ὅτι"
"45","08","16","V","1PAI-P","ἐσμὲν","ἐσμὲν","ἐσμέν","εἰμί"
"45","08","16","N","NPN","τέκνα","τέκνα","τέκνα","τέκνον"
"45","08","16","N","GSM","θεοῦ.","θεοῦ","θεοῦ","θεός"
"45","08","17","C","","εἰ","εἰ","εἰ","εἰ"
"45","08","17","C","","δὲ","δὲ","δέ","δέ"
"45","08","17","N","NPN","τέκνα,","τέκνα","τέκνα","τέκνον"
"45","08","17","D","","καὶ","καὶ","καί","καί"
"45","08","17","N","NPM","κληρονόμοι·","κληρονόμοι","κληρονόμοι","κληρονόμος"
"45","08","17","N","NPM","κληρονόμοι","κληρονόμοι","κληρονόμοι","κληρονόμος"
"45","08","17","C","","μὲν","μὲν","μέν","μέν"
"45","08","17","N","GSM","θεοῦ,","θεοῦ","θεοῦ","θεός"
"45","08","17","A","NPM","συγκληρονόμοι","συγκληρονόμοι","συγκληρονόμοι","συγκληρονόμος"
"45","08","17","C","","δὲ","δὲ","δέ","δέ"
"45","08","17","N","GSM","Χριστοῦ,","Χριστοῦ","Χριστοῦ","Χριστός"
"45","08","17","C","","εἴπερ","εἴπερ","εἴπερ","εἴπερ"
"45","08","17","V","1PAI-P","συμπάσχομεν","συμπάσχομεν","συμπάσχομεν","συμπάσχω"
"45","08","17","C","","ἵνα","ἵνα","ἵνα","ἵνα"
"45","08","17","D","","καὶ","καὶ","καί","καί"
"45","08","17","V","1APS-P","συνδοξασθῶμεν.","συνδοξασθῶμεν","συνδοξασθῶμεν","συνδοξάζομαι"
"45","08","18","V","1PMI-S","Λογίζομαι","Λογίζομαι","λογίζομαι","λογίζομαι"
"45","08","18","C","","γὰρ","γὰρ","γάρ","γάρ"
"45","08","18","C","","ὅτι","ὅτι","ὅτι","ὅτι"
"45","08","18","D","","οὐκ","οὐκ","οὐ","οὐ"
"45","08","18","A","NPN","ἄξια","ἄξια","ἄξια","ἄξιος"
"45","08","18","RA","NPN","τὰ","τὰ","τά","ὁ"
"45","08","18","N","NPN","παθήματα","παθήματα","παθήματα","πάθημα"
"45","08","18","RA","GSM","τοῦ","τοῦ","τοῦ","ὁ"
"45","08","18","D","","νῦν","νῦν","νῦν","νῦν"
"45","08","18","N","GSM","καιροῦ","καιροῦ","καιροῦ","καιρός"
"45","08","18","P","","πρὸς","πρὸς","πρός","πρός"
"45","08","18","RA","ASF","τὴν","τὴν","τήν","ὁ"
"45","08","18","V","PAPASF","μέλλουσαν","μέλλουσαν","μέλλουσαν","μέλλω"
"45","08","18","N","ASF","δόξαν","δόξαν","δόξαν","δόξα"
"45","08","18","V","APN","ἀποκαλυφθῆναι","ἀποκαλυφθῆναι","ἀποκαλυφθῆναι","ἀποκαλύπτω"
"45","08","18","P","","εἰς","εἰς","εἰς","εἰς"
"45","08","18","RP","AP","ἡμᾶς.","ἡμᾶς","ἡμᾶς","ἐγώ"
"45","08","19","RA","NSF","ἡ","ἡ","ἡ","ὁ"
"45","08","19","C","","γὰρ","γὰρ","γάρ","γάρ"
"45","08","19","N","NSF","ἀποκαραδοκία","ἀποκαραδοκία","ἀποκαραδοκία","ἀποκαραδοκία"
"45","08","19","RA","GSF","τῆς","τῆς","τῆς","ὁ"
"45","08","19","N","GSF","κτίσεως","κτίσεως","κτίσεως","κτίσις"
"45","08","19","RA","ASF","τὴν","τὴν","τήν","ὁ"
"45","08","19","N","ASF","ἀποκάλυψιν","ἀποκάλυψιν","ἀποκάλυψιν","ἀποκάλυψις"
"45","08","19","RA","GPM","τῶν","τῶν","τῶν","ὁ"
"45","08","19","N","GPM","υἱῶν","υἱῶν","υἱῶν","υἱός"
"45","08","19","RA","GSM","τοῦ","τοῦ","τοῦ","ὁ"
"45","08","19","N","GSM","θεοῦ","θεοῦ","θεοῦ","θεός"
"45","08","19","V","3PMI-S","ἀπεκδέχεται·","ἀπεκδέχεται","ἀπεκδέχεται","ἀπεκδέχομαι"
"45","08","20","RA","DSF","τῇ","τῇ","τῇ","ὁ"
"45","08","20","C","","γὰρ","γὰρ","γάρ","γάρ"
"45","08","20","N","DSF","ματαιότητι","ματαιότητι","ματαιότητι","ματαιότης"
"45","08","20","RA","NSF","ἡ","ἡ","ἡ","ὁ"
"45","08","20","N","NSF","κτίσις","κτίσις","κτίσις","κτίσις"
"45","08","20","V","3API-S","ὑπετάγη,","ὑπετάγη","ὑπετάγη","ὑποτάσσω"
"45","08","20","D","","οὐχ","οὐχ","οὐ","οὐ"
"45","08","20","A","NSF","ἑκοῦσα","ἑκοῦσα","ἑκοῦσα","ἑκών"
"45","08","20","C","","ἀλλὰ","ἀλλὰ","ἀλλά","ἀλλά"
"45","08","20","P","","διὰ","διὰ","διά","διά"
"45","08","20","RA","ASM","τὸν","τὸν","τόν","ὁ"
"45","08","20","V","AAPASM","ὑποτάξαντα,","ὑποτάξαντα","ὑποτάξαντα","ὑποτάσσω"
"45","08","20","P","","⸀ἐφ’","ἐφ’","ἐπί","ἐπί"
"45","08","20","N","DSF","ἑλπίδι","ἑλπίδι","ἐλπίδι","ἐλπίς"
"45","08","21","C","","ὅτι","ὅτι","ὅτι","ὅτι"
"45","08","21","D","","καὶ","καὶ","καί","καί"
"45","08","21","RP","NSF","αὐτὴ","αὐτὴ","αὐτή","αὐτός"
"45","08","21","RA","NSF","ἡ","ἡ","ἡ","ὁ"
"45","08","21","N","NSF","κτίσις","κτίσις","κτίσις","κτίσις"
"45","08","21","V","3FPI-S","ἐλευθερωθήσεται","ἐλευθερωθήσεται","ἐλευθερωθήσεται","ἐλευθερόω"
"45","08","21","P","","ἀπὸ","ἀπὸ","ἀπό","ἀπό"
"45","08","21","RA","GSF","τῆς","τῆς","τῆς","ὁ"
"45","08","21","N","GSF","δουλείας","δουλείας","δουλείας","δουλεία"
"45","08","21","RA","GSF","τῆς","τῆς","τῆς","ὁ"
"45","08","21","N","GSF","φθορᾶς","φθορᾶς","φθορᾶς","φθορά"
"45","08","21","P","","εἰς","εἰς","εἰς","εἰς"
"45","08","21","RA","ASF","τὴν","τὴν","τήν","ὁ"
"45","08","21","N","ASF","ἐλευθερίαν","ἐλευθερίαν","ἐλευθερίαν","ἐλευθερία"
"45","08","21","RA","GSF","τῆς","τῆς","τῆς","ὁ"
"45","08","21","N","GSF","δόξης","δόξης","δόξης","δόξα"
"45","08","21","RA","GPN","τῶν","τῶν","τῶν","ὁ"
"45","08","21","N","GPN","τέκνων","τέκνων","τέκνων","τέκνον"
"45","08","21","RA","GSM","τοῦ","τοῦ","τοῦ","ὁ"
"45","08","21","N","GSM","θεοῦ.","θεοῦ","θεοῦ","θεός"
"45","08","22","V","1XAI-P","οἴδαμεν","οἴδαμεν","οἴδαμεν","οἶδα"
"45","08","22","C","","γὰρ","γὰρ","γάρ","γάρ"
"45","08","22","C","","ὅτι","ὅτι","ὅτι","ὅτι"
"45","08","22","A","NSF","πᾶσα","πᾶσα","πᾶσα","πᾶς"
"45","08","22","RA","NSF","ἡ","ἡ","ἡ","ὁ"
"45","08","22","N","NSF","κτίσις","κτίσις","κτίσις","κτίσις"
"45","08","22","V","3PAI-S","συστενάζει","συστενάζει","συστενάζει","συστενάζω"
"45","08","22","C","","καὶ","καὶ","καί","καί"
"45","08","22","V","3PAI-S","συνωδίνει","συνωδίνει","συνωδίνει","συνωδίνω"
"45","08","22","P","","ἄχρι","ἄχρι","ἄχρι","ἄχρι"
"45","08","22","RA","GSM","τοῦ","τοῦ","τοῦ","ὁ"
"45","08","22","D","","νῦν·","νῦν","νῦν","νῦν"
"45","08","23","D","","οὐ","οὐ","οὐ","οὐ"
"45","08","23","A","ASN","μόνον","μόνον","μόνον","μόνος"
"45","08","23","C","","δέ,","δέ","δέ","δέ"
"45","08","23","C","","ἀλλὰ","ἀλλὰ","ἀλλά","ἀλλά"
"45","08","23","D","","⸂καὶ","καὶ","καί","καί"
"45","08","23","RP","NPM","αὐτοὶ⸃","αὐτοὶ","αὐτοί","αὐτός"
"45","08","23","RA","ASF","τὴν","τὴν","τήν","ὁ"
"45","08","23","N","ASF","ἀπαρχὴν","ἀπαρχὴν","ἀπαρχήν","ἀπαρχή"
"45","08","23","RA","GSN","τοῦ","τοῦ","τοῦ","ὁ"
"45","08","23","N","GSN","πνεύματος","πνεύματος","πνεύματος","πνεῦμα"
"45","08","23","V","PAPNPM","ἔχοντες","ἔχοντες","ἔχοντες","ἔχω"
"45","08","23","RP","NP","⸂ἡμεῖς","ἡμεῖς","ἡμεῖς","ἐγώ"
"45","08","23","D","","καὶ⸃","καὶ","καί","καί"
"45","08","23","RP","NPM","αὐτοὶ","αὐτοὶ","αὐτοί","αὐτός"
"45","08","23","P","","ἐν","ἐν","ἐν","ἐν"
"45","08","23","RP","DPM","ἑαυτοῖς","ἑαυτοῖς","ἑαυτοῖς","ἑαυτοῦ"
"45","08","23","V","1PAI-P","στενάζομεν,","στενάζομεν","στενάζομεν","στενάζω"
"45","08","23","N","ASF","υἱοθεσίαν","υἱοθεσίαν","υἱοθεσίαν","υἱοθεσία"
"45","08","23","V","PMPNPM","ἀπεκδεχόμενοι","ἀπεκδεχόμενοι","ἀπεκδεχόμενοι","ἀπεκδέχομαι"
"45","08","23","RA","ASF","τὴν","τὴν","τήν","ὁ"
"45","08","23","N","ASF","ἀπολύτρωσιν","ἀπολύτρωσιν","ἀπολύτρωσιν","ἀπολύτρωσις"
"45","08","23","RA","GSN","τοῦ","τοῦ","τοῦ","ὁ"
"45","08","23","N","GSN","σώματος","σώματος","σώματος","σῶμα"
"45","08","23","RP","GP","ἡμῶν.","ἡμῶν","ἡμῶν","ἐγώ"
"45","08","24","RA","DSF","τῇ","τῇ","τῇ","ὁ"
"45","08","24","C","","γὰρ","γὰρ","γάρ","γάρ"
"45","08","24","N","DSF","ἐλπίδι","ἐλπίδι","ἐλπίδι","ἐλπίς"
"45","08","24","V","1API-P","ἐσώθημεν·","ἐσώθημεν","ἐσώθημεν","σῴζω"
"45","08","24","N","NSF","ἐλπὶς","ἐλπὶς","ἐλπίς","ἐλπίς"
"45","08","24","C","","δὲ","δὲ","δέ","δέ"
"45","08","24","V","PPPNSF","βλεπομένη","βλεπομένη","βλεπομένη","βλέπω"
"45","08","24","D","","οὐκ","οὐκ","οὐ","οὐ"
"45","08","24","V","3PAI-S","ἔστιν","ἔστιν","ἐστί(ν)","εἰμί"
"45","08","24","N","NSF","ἐλπίς,","ἐλπίς","ἐλπίς","ἐλπίς"
"45","08","24","RR","ASN","ὃ","ὃ","ὅ","ὅς"
"45","08","24","C","","γὰρ","γὰρ","γάρ","γάρ"
"45","08","24","V","3PAI-S","βλέπει","βλέπει","βλέπει","βλέπω"
"45","08","24","RI","NSM","⸀τίς","τίς","τίς","τίς"
"45","08","24","V","3PAI-S","ἐλπίζει;","ἐλπίζει","ἐλπίζει","ἐλπίζω"
"45","08","25","C","","εἰ","εἰ","εἰ","εἰ"
"45","08","25","C","","δὲ","δὲ","δέ","δέ"
"45","08","25","RR","ASN","ὃ","ὃ","ὅ","ὅς"
"45","08","25","D","","οὐ","οὐ","οὐ","οὐ"
"45","08","25","V","1PAI-P","βλέπομεν","βλέπομεν","βλέπομεν","βλέπω"
"45","08","25","V","1PAI-P","ἐλπίζομεν,","ἐλπίζομεν","ἐλπίζομεν","ἐλπίζω"
"45","08","25","P","","δι’","δι’","διά","διά"
"45","08","25","N","GSF","ὑπομονῆς","ὑπομονῆς","ὑπομονῆς","ὑπομονή"
"45","08","25","V","1PMI-P","ἀπεκδεχόμεθα.","ἀπεκδεχόμεθα","ἀπεκδεχόμεθα","ἀπεκδέχομαι"
"45","08","26","D","","Ὡσαύτως","Ὡσαύτως","ὡσαύτως","ὡσαύτως"
"45","08","26","C","","δὲ","δὲ","δέ","δέ"
"45","08","26","D","","καὶ","καὶ","καί","καί"
"45","08","26","RA","NSN","τὸ","τὸ","τό","ὁ"
"45","08","26","N","NSN","πνεῦμα","πνεῦμα","πνεῦμα","πνεῦμα"
"45","08","26","V","3PMI-S","συναντιλαμβάνεται","συναντιλαμβάνεται","συναντιλαμβάνεται","συναντιλαμβάνομαι"
"45","08","26","RA","DSF","⸂τῇ","τῇ","τῇ","ὁ"
"45","08","26","N","DSF","ἀσθενείᾳ⸃","ἀσθενείᾳ","ἀσθενείᾳ","ἀσθένεια"
"45","08","26","RP","GP","ἡμῶν·","ἡμῶν","ἡμῶν","ἐγώ"
"45","08","26","RA","ASN","τὸ","τὸ","τό","ὁ"
"45","08","26","C","","γὰρ","γὰρ","γάρ","γάρ"
"45","08","26","RI","ASN","τί","τί","τί","τίς"
"45","08","26","V","1AMS-P","⸀προσευξώμεθα","προσευξώμεθα","προσευξώμεθα","προσεύχομαι"
"45","08","26","C","","καθὸ","καθὸ","καθό","καθό"
"45","08","26","V","3PAI-S","δεῖ","δεῖ","δεῖ","δέω"
"45","08","26","D","","οὐκ","οὐκ","οὐ","οὐ"
"45","08","26","V","1XAI-P","οἴδαμεν,","οἴδαμεν","οἴδαμεν","οἶδα"
"45","08","26","C","","ἀλλὰ","ἀλλὰ","ἀλλά","ἀλλά"
"45","08","26","RP","NSN","αὐτὸ","αὐτὸ","αὐτό","αὐτός"
"45","08","26","RA","NSN","τὸ","τὸ","τό","ὁ"
"45","08","26","N","NSN","πνεῦμα","πνεῦμα","πνεῦμα","πνεῦμα"
"45","08","26","V","3PAI-S","⸀ὑπερεντυγχάνει","ὑπερεντυγχάνει","ὑπερεντυγχάνει","ὑπερεντυγχάνω"
"45","08","26","N","DPM","στεναγμοῖς","στεναγμοῖς","στεναγμοῖς","στεναγμός"
"45","08","26","A","DPM","ἀλαλήτοις,","ἀλαλήτοις","ἀλαλήτοις","ἀλάλητος"
"45","08","27","RA","NSM","ὁ","ὁ","ὁ","ὁ"
"45","08","27","C","","δὲ","δὲ","δέ","δέ"
"45","08","27","V","PAPNSM","ἐραυνῶν","ἐραυνῶν","ἐραυνῶν","ἐραυνάω"
"45","08","27","RA","APF","τὰς","τὰς","τάς","ὁ"
"45","08","27","N","APF","καρδίας","καρδίας","καρδίας","καρδία"
"45","08","27","V","3XAI-S","οἶδεν","οἶδεν","οἶδε(ν)","οἶδα"
"45","08","27","RI","ASN","τί","τί","τί","τίς"
"45","08","27","RA","NSN","τὸ","τὸ","τό","ὁ"
"45","08","27","N","NSN","φρόνημα","φρόνημα","φρόνημα","φρόνημα"
"45","08","27","RA","GSN","τοῦ","τοῦ","τοῦ","ὁ"
"45","08","27","N","GSN","πνεύματος,","πνεύματος","πνεύματος","πνεῦμα"
"45","08","27","C","","ὅτι","ὅτι","ὅτι","ὅτι"
"45","08","27","P","","κατὰ","κατὰ","κατά","κατά"
"45","08","27","N","ASM","θεὸν","θεὸν","θεόν","θεός"
"45","08","27","V","3PAI-S","ἐντυγχάνει","ἐντυγχάνει","ἐντυγχάνει","ἐντυγχάνω"
"45","08","27","P","","ὑπὲρ","ὑπὲρ","ὑπέρ","ὑπέρ"
"45","08","27","A","GPM","ἁγίων.","ἁγίων","ἁγίων","ἅγιος"
"45","08","28","V","1XAI-P","Οἴδαμεν","Οἴδαμεν","οἴδαμεν","οἶδα"
"45","08","28","C","","δὲ","δὲ","δέ","δέ"
"45","08","28","C","","ὅτι","ὅτι","ὅτι","ὅτι"
"45","08","28","RA","DPM","τοῖς","τοῖς","τοῖς","ὁ"
"45","08","28","V","PAPDPM","ἀγαπῶσι","ἀγαπῶσι","ἀγαπῶσι(ν)","ἀγαπάω"
"45","08","28","RA","ASM","τὸν","τὸν","τόν","ὁ"
"45","08","28","N","ASM","θεὸν","θεὸν","θεόν","θεός"
"45","08","28","A","APN","πάντα","πάντα","πάντα","πᾶς"
"45","08","28","V","3PAI-S","⸀συνεργεῖ","συνεργεῖ","συνεργεῖ","συνεργέω"
"45","08","28","P","","εἰς","εἰς","εἰς","εἰς"
"45","08","28","A","ASN","ἀγαθόν,","ἀγαθόν","ἀγαθόν","ἀγαθός"
"45","08","28","RA","DPM","τοῖς","τοῖς","τοῖς","ὁ"
"45","08","28","P","","κατὰ","κατὰ","κατά","κατά"
"45","08","28","N","ASF","πρόθεσιν","πρόθεσιν","πρόθεσιν","πρόθεσις"
"45","08","28","A","DPM","κλητοῖς","κλητοῖς","κλητοῖς","κλητός"
"45","08","28","V","PAPDPM","οὖσιν.","οὖσιν","οὖσι(ν)","εἰμί"
"45","08","29","C","","ὅτι","ὅτι","ὅτι","ὅτι"
"45","08","29","RR","APM","οὓς","οὓς","οὕς","ὅς"
"45","08","29","V","3AAI-S","προέγνω,","προέγνω","προέγνω","προγινώσκω"
"45","08","29","D","","καὶ","καὶ","καί","καί"
"45","08","29","V","3AAI-S","προώρισεν","προώρισεν","προώρισε(ν)","προορίζω"
"45","08","29","A","APM","συμμόρφους","συμμόρφους","συμμόρφους","σύμμορφος"
"45","08","29","RA","GSF","τῆς","τῆς","τῆς","ὁ"
"45","08","29","N","GSF","εἰκόνος","εἰκόνος","εἰκόνος","εἰκών"
"45","08","29","RA","GSM","τοῦ","τοῦ","τοῦ","ὁ"
"45","08","29","N","GSM","υἱοῦ","υἱοῦ","υἱοῦ","υἱός"
"45","08","29","RP","GSM","αὐτοῦ,","αὐτοῦ","αὐτοῦ","αὐτός"
"45","08","29","P","","εἰς","εἰς","εἰς","εἰς"
"45","08","29","RA","ASN","τὸ","τὸ","τό","ὁ"
"45","08","29","V","PAN","εἶναι","εἶναι","εἶναι","εἰμί"
"45","08","29","RP","ASM","αὐτὸν","αὐτὸν","αὐτόν","αὐτός"
"45","08","29","A","ASM","πρωτότοκον","πρωτότοκον","πρωτότοκον","πρωτότοκος"
"45","08","29","P","","ἐν","ἐν","ἐν","ἐν"
"45","08","29","A","DPM","πολλοῖς","πολλοῖς","πολλοῖς","πολύς"
"45","08","29","N","DPM","ἀδελφοῖς·","ἀδελφοῖς","ἀδελφοῖς","ἀδελφός"
"45","08","30","RR","APM","οὓς","οὓς","οὕς","ὅς"
"45","08","30","C","","δὲ","δὲ","δέ","δέ"
"45","08","30","V","3AAI-S","προώρισεν,","προώρισεν","προώρισε(ν)","προορίζω"
"45","08","30","RD","APM","τούτους","τούτους","τούτους","οὗτος"
"45","08","30","D","","καὶ","καὶ","καί","καί"
"45","08","30","V","3AAI-S","ἐκάλεσεν·","ἐκάλεσεν","ἐκάλεσε(ν)","καλέω"
"45","08","30","C","","καὶ","καὶ","καί","καί"
"45","08","30","RR","APM","οὓς","οὓς","οὕς","ὅς"
"45","08","30","V","3AAI-S","ἐκάλεσεν,","ἐκάλεσεν","ἐκάλεσε(ν)","καλέω"
"45","08","30","RD","APM","τούτους","τούτους","τούτους","οὗτος"
"45","08","30","D","","καὶ","καὶ","καί","καί"
"45","08","30","V","3AAI-S","ἐδικαίωσεν·","ἐδικαίωσεν","ἐδικαίωσε(ν)","δικαιόω"
"45","08","30","RR","APM","οὓς","οὓς","οὕς","ὅς"
"45","08","30","C","","δὲ","δὲ","δέ","δέ"
"45","08","30","V","3AAI-S","ἐδικαίωσεν,","ἐδικαίωσεν","ἐδικαίωσε(ν)","δικαιόω"
"45","08","30","RD","APM","τούτους","τούτους","τούτους","οὗτος"
"45","08","30","D","","καὶ","καὶ","καί","καί"
"45","08","30","V","3AAI-S","ἐδόξασεν.","ἐδόξασεν","ἐδόξασε(ν)","δοξάζω"
"45","08","31","RI","ASN","Τί","Τί","τί","τίς"
"45","08","31","C","","οὖν","οὖν","οὖν","οὖν"
"45","08","31","V","1FAI-P","ἐροῦμεν","ἐροῦμεν","ἐροῦμεν","λέγω"
"45","08","31","P","","πρὸς","πρὸς","πρός","πρός"
"45","08","31","RD","APN","ταῦτα;","ταῦτα","ταῦτα","οὗτος"
"45","08","31","C","","εἰ","εἰ","εἰ","εἰ"
"45","08","31","RA","NSM","ὁ","ὁ","ὁ","ὁ"
"45","08","31","N","NSM","θεὸς","θεὸς","θεός","θεός"
"45","08","31","P","","ὑπὲρ","ὑπὲρ","ὑπέρ","ὑπέρ"
"45","08","31","RP","GP","ἡμῶν,","ἡμῶν","ἡμῶν","ἐγώ"
"45","08","31","RI","NSM","τίς","τίς","τίς","τίς"
"45","08","31","P","","καθ’","καθ’","κατά","κατά"
"45","08","31","RP","GP","ἡμῶν;","ἡμῶν","ἡμῶν","ἐγώ"
"45","08","32","RR","NSM","ὅς","ὅς","ὅς","ὅς"
"45","08","32","X","","γε","γε","γέ","γέ"
"45","08","32","RA","GSM","τοῦ","τοῦ","τοῦ","ὁ"
"45","08","32","A","GSM","ἰδίου","ἰδίου","ἰδίου","ἴδιος"
"45","08","32","N","GSM","υἱοῦ","υἱοῦ","υἱοῦ","υἱός"
"45","08","32","D","","οὐκ","οὐκ","οὐ","οὐ"
"45","08","32","V","3AMI-S","ἐφείσατο,","ἐφείσατο","ἐφείσατο","φείδομαι"
"45","08","32","C","","ἀλλὰ","ἀλλὰ","ἀλλά","ἀλλά"
"45","08","32","P","","ὑπὲρ","ὑπὲρ","ὑπέρ","ὑπέρ"
"45","08","32","RP","GP","ἡμῶν","ἡμῶν","ἡμῶν","ἐγώ"
"45","08","32","A","GPM","πάντων","πάντων","πάντων","πᾶς"
"45","08","32","V","3AAI-S","παρέδωκεν","παρέδωκεν","παρέδωκε(ν)","παραδίδωμι"
"45","08","32","RP","ASM","αὐτόν,","αὐτόν","αὐτόν","αὐτός"
"45","08","32","D","","πῶς","πῶς","πῶς","πῶς"
"45","08","32","D","","οὐχὶ","οὐχὶ","οὐχί","οὐχί"
"45","08","32","D","","καὶ","καὶ","καί","καί"
"45","08","32","P","","σὺν","σὺν","σύν","σύν"
"45","08","32","RP","DSM","αὐτῷ","αὐτῷ","αὐτῷ","αὐτός"
"45","08","32","RA","APN","τὰ","τὰ","τά","ὁ"
"45","08","32","A","APN","πάντα","πάντα","πάντα","πᾶς"
"45","08","32","RP","DP","ἡμῖν","ἡμῖν","ἡμῖν","ἐγώ"
"45","08","32","V","3FMI-S","χαρίσεται;","χαρίσεται","χαρίσεται","χαρίζομαι"
"45","08","33","RI","NSM","τίς","τίς","τίς","τίς"
"45","08","33","V","3FAI-S","ἐγκαλέσει","ἐγκαλέσει","ἐγκαλέσει","ἐγκαλέω"
"45","08","33","P","","κατὰ","κατὰ","κατά","κατά"
"45","08","33","A","GPM","ἐκλεκτῶν","ἐκλεκτῶν","ἐκλεκτῶν","ἐκλεκτός"
"45","08","33","N","GSM","θεοῦ;","θεοῦ","θεοῦ","θεός"
"45","08","33","N","NSM","θεὸς","θεὸς","θεός","θεός"
"45","08","33","RA","NSM","ὁ","ὁ","ὁ","ὁ"
"45","08","33","V","PAPNSM","δικαιῶν·","δικαιῶν","δικαιῶν","δικαιόω"
"45","08","34","RI","NSM","τίς","τίς","τίς","τίς"
"45","08","34","RA","NSM","ὁ","ὁ","ὁ","ὁ"
"45","08","34","V","PAPNSM","⸀κατακρινῶν;","κατακρινῶν","κατακρινῶν","κατακρίνω"
"45","08","34","N","NSM","⸀Χριστὸς","Χριστὸς","Χριστός","Χριστός"
"45","08","34","RA","NSM","ὁ","ὁ","ὁ","ὁ"
"45","08","34","V","AAPNSM","ἀποθανών,","ἀποθανών","ἀποθανών","ἀποθνῄσκω"
"45","08","34","D","","μᾶλλον","μᾶλλον","μᾶλλον","μᾶλλον"
"45","08","34","C","","⸀δὲ","δὲ","δέ","δέ"
"45","08","34","V","APPNSM","⸀ἐγερθείς,","ἐγερθείς","ἐγερθείς","ἐγείρω"
"45","08","34","RR","NSM","ὅς","ὅς","ὅς","ὅς"
"45","08","34","D","","⸀καί","καί","καί","καί"
"45","08","34","V","3PAI-S","ἐστιν","ἐστιν","ἐστί(ν)","εἰμί"
"45","08","34","P","","ἐν","ἐν","ἐν","ἐν"
"45","08","34","A","DSF","δεξιᾷ","δεξιᾷ","δεξιᾷ","δεξιός"
"45","08","34","RA","GSM","τοῦ","τοῦ","τοῦ","ὁ"
"45","08","34","N","GSM","θεοῦ,","θεοῦ","θεοῦ","θεός"
"45","08","34","RR","NSM","ὃς","ὃς","ὅς","ὅς"
"45","08","34","D","","καὶ","καὶ","καί","καί"
"45","08","34","V","3PAI-S","ἐντυγχάνει","ἐντυγχάνει","ἐντυγχάνει","ἐντυγχάνω"
"45","08","34","P","","ὑπὲρ","ὑπὲρ","ὑπέρ","ὑπέρ"
"45","08","34","RP","GP","ἡμῶν·","ἡμῶν","ἡμῶν","ἐγώ"
"45","08","35","RI","NSM","τίς","τίς","τίς","τίς"
"45","08","35","RP","AP","ἡμᾶς","ἡμᾶς","ἡμᾶς","ἐγώ"
"45","08","35","V","3FAI-S","χωρίσει","χωρίσει","χωρίσει","χωρίζω"
"45","08","35","P","","ἀπὸ","ἀπὸ","ἀπό","ἀπό"
"45","08","35","RA","GSF","τῆς","τῆς","τῆς","ὁ"
"45","08","35","N","GSF","ἀγάπης","ἀγάπης","ἀγάπης","ἀγάπη"
"45","08","35","RA","GSM","τοῦ","τοῦ","τοῦ","ὁ"
"45","08","35","N","GSM","Χριστοῦ;","Χριστοῦ","Χριστοῦ","Χριστός"
"45","08","35","N","NSF","θλῖψις","θλῖψις","θλῖψις","θλῖψις"
"45","08","35","C","","ἢ","ἢ","ἤ","ἤ"
"45","08","35","N","NSF","στενοχωρία","στενοχωρία","στενοχωρία","στενοχωρία"
"45","08","35","C","","ἢ","ἢ","ἤ","ἤ"
"45","08","35","N","NSM","διωγμὸς","διωγμὸς","διωγμός","διωγμός"
"45","08","35","C","","ἢ","ἢ","ἤ","ἤ"
"45","08","35","N","NSM","λιμὸς","λιμὸς","λιμός","λιμός"
"45","08","35","C","","ἢ","ἢ","ἤ","ἤ"
"45","08","35","N","NSF","γυμνότης","γυμνότης","γυμνότης","γυμνότης"
"45","08","35","C","","ἢ","ἢ","ἤ","ἤ"
"45","08","35","N","NSM","κίνδυνος","κίνδυνος","κίνδυνος","κίνδυνος"
"45","08","35","C","","ἢ","ἢ","ἤ","ἤ"
"45","08","35","N","NSF","μάχαιρα;","μάχαιρα","μάχαιρα","μάχαιρα"
"45","08","36","C","","καθὼς","καθὼς","καθώς","καθώς"
"45","08","36","V","3XPI-S","γέγραπται","γέγραπται","γέγραπται","γράφω"
"45","08","36","C","","ὅτι","ὅτι","ὅτι","ὅτι"
"45","08","36","P","","Ἕνεκεν","Ἕνεκεν","ἕνεκεν","ἕνεκεν"
"45","08","36","RP","GS","σοῦ","σοῦ","σοῦ","σύ"
"45","08","36","V","1PPI-P","θανατούμεθα","θανατούμεθα","θανατούμεθα","θανατόω"
"45","08","36","A","ASF","ὅλην","ὅλην","ὅλην","ὅλος"
"45","08","36","RA","ASF","τὴν","τὴν","τήν","ὁ"
"45","08","36","N","ASF","ἡμέραν,","ἡμέραν","ἡμέραν","ἡμέρα"
"45","08","36","V","1API-P","ἐλογίσθημεν","ἐλογίσθημεν","ἐλογίσθημεν","λογίζομαι"
"45","08","36","C","","ὡς","ὡς","ὡς","ὡς"
"45","08","36","N","NPN","πρόβατα","πρόβατα","πρόβατα","πρόβατον"
"45","08","36","N","GSF","σφαγῆς.","σφαγῆς","σφαγῆς","σφαγή"
"45","08","37","C","","ἀλλ’","ἀλλ’","ἀλλά","ἀλλά"
"45","08","37","P","","ἐν","ἐν","ἐν","ἐν"
"45","08","37","RD","DPN","τούτοις","τούτοις","τούτοις","οὗτος"
"45","08","37","A","DPN","πᾶσιν","πᾶσιν","πᾶσι(ν)","πᾶς"
"45","08","37","V","1PAI-P","ὑπερνικῶμεν","ὑπερνικῶμεν","ὑπερνικῶμεν","ὑπερνικάω"
"45","08","37","P","","διὰ","διὰ","διά","διά"
"45","08","37","RA","GSM","τοῦ","τοῦ","τοῦ","ὁ"
"45","08","37","V","AAPGSM","ἀγαπήσαντος","ἀγαπήσαντος","ἀγαπήσαντος","ἀγαπάω"
"45","08","37","RP","AP","ἡμᾶς.","ἡμᾶς","ἡμᾶς","ἐγώ"
"45","08","38","V","1XPI-S","πέπεισμαι","πέπεισμαι","πέπεισμαι","πείθω"
"45","08","38","C","","γὰρ","γὰρ","γάρ","γάρ"
"45","08","38","C","","ὅτι","ὅτι","ὅτι","ὅτι"
"45","08","38","C","","οὔτε","οὔτε","οὔτε","οὔτε"
"45","08","38","N","NSM","θάνατος","θάνατος","θάνατος","θάνατος"
"45","08","38","C","","οὔτε","οὔτε","οὔτε","οὔτε"
"45","08","38","N","NSF","ζωὴ","ζωὴ","ζωή","ζωή"
"45","08","38","C","","οὔτε","οὔτε","οὔτε","οὔτε"
"45","08","38","N","NPM","ἄγγελοι","ἄγγελοι","ἄγγελοι","ἄγγελος"
"45","08","38","C","","οὔτε","οὔτε","οὔτε","οὔτε"
"45","08","38","N","NPF","ἀρχαὶ","ἀρχαὶ","ἀρχαί","ἀρχή"
"45","08","38","C","","οὔτε","οὔτε","οὔτε","οὔτε"
"45","08","38","V","XAPNPN","⸂ἐνεστῶτα","ἐνεστῶτα","ἐνεστῶτα","ἐνίστημι"
"45","08","38","C","","οὔτε","οὔτε","οὔτε","οὔτε"
"45","08","38","V","PAPNPN","μέλλοντα","μέλλοντα","μέλλοντα","μέλλω"
"45","08","38","C","","οὔτε","οὔτε","οὔτε","οὔτε"
"45","08","38","N","NPF","δυνάμεις⸃","δυνάμεις","δυνάμεις","δύναμις"
"45","08","39","C","","οὔτε","οὔτε","οὔτε","οὔτε"
"45","08","39","N","NSN","ὕψωμα","ὕψωμα","ὕψωμα","ὕψωμα"
"45","08","39","C","","οὔτε","οὔτε","οὔτε","οὔτε"
"45","08","39","N","NSN","βάθος","βάθος","βάθος","βάθος"
"45","08","39","C","","οὔτε","οὔτε","οὔτε","οὔτε"
"45","08","39","RI","NSF","τις","τις","τὶς","τις"
"45","08","39","N","NSF","κτίσις","κτίσις","κτίσις","κτίσις"
"45","08","39","A","NSF","ἑτέρα","ἑτέρα","ἑτέρα","ἕτερος"
"45","08","39","V","3FMI-S","δυνήσεται","δυνήσεται","δυνήσεται","δύναμαι"
"45","08","39","RP","AP","ἡμᾶς","ἡμᾶς","ἡμᾶς","ἐγώ"
"45","08","39","V","AAN","χωρίσαι","χωρίσαι","χωρίσαι","χωρίζω"
"45","08","39","P","","ἀπὸ","ἀπὸ","ἀπό","ἀπό"
"45","08","39","RA","GSF","τῆς","τῆς","τῆς","ὁ"
"45","08","39","N","GSF","ἀγάπης","ἀγάπης","ἀγάπης","ἀγάπη"
"45","08","39","RA","GSM","τοῦ","τοῦ","τοῦ","ὁ"
"45","08","39","N","GSM","θεοῦ","θεοῦ","θεοῦ","θεός"
"45","08","39","RA","GSF","τῆς","τῆς","τῆς","ὁ"
"45","08","39","P","","ἐν","ἐν","ἐν","ἐν"
"45","08","39","N","DSM","Χριστῷ","Χριστῷ","Χριστῷ","Χριστός"
"45","08","39","N","DSM","Ἰησοῦ","Ἰησοῦ","Ἰησοῦ","Ἰησοῦς"
"45","08","39","RA","DSM","τῷ","τῷ","τῷ","ὁ"
"45","08","39","N","DSM","κυρίῳ","κυρίῳ","κυρίῳ","κύριος"
"45","08","39","RP","GP","ἡμῶν.","ἡμῶν","ἡμῶν","ἐγώ"
"45","09","01","N","ASF","Ἀλήθειαν","Ἀλήθειαν","ἀλήθειαν","ἀλήθεια"
"45","09","01","V","1PAI-S","λέγω","λέγω","λέγω","λέγω"
"45","09","01","P","","ἐν","ἐν","ἐν","ἐν"
"45","09","01","N","DSM","Χριστῷ,","Χριστῷ","Χριστῷ","Χριστός"
"45","09","01","D","","οὐ","οὐ","οὐ","οὐ"
"45","09","01","V","1PMI-S","ψεύδομαι,","ψεύδομαι","ψεύδομαι","ψεύδομαι"
"45","09","01","V","PAPGSF","συμμαρτυρούσης","συμμαρτυρούσης","συμμαρτυρούσης","συμμαρτυρέω"
"45","09","01","RP","DS","μοι","μοι","μοι","ἐγώ"
"45","09","01","RA","GSF","τῆς","τῆς","τῆς","ὁ"
"45","09","01","N","GSF","συνειδήσεώς","συνειδήσεώς","συνειδήσεως","συνείδησις"
"45","09","01","RP","GS","μου","μου","μου","ἐγώ"
"45","09","01","P","","ἐν","ἐν","ἐν","ἐν"
"45","09","01","N","DSN","πνεύματι","πνεύματι","πνεύματι","πνεῦμα"
"45","09","01","A","DSN","ἁγίῳ,","ἁγίῳ","ἁγίῳ","ἅγιος"
"45","09","02","D","","ὅτι","ὅτι","ὅτι","ὅτι"
"45","09","02","N","NSF","λύπη","λύπη","λύπη","λύπη"
"45","09","02","RP","DS","μοί","μοί","μοι","ἐγώ"
"45","09","02","V","3PAI-S","ἐστιν","ἐστιν","ἐστί(ν)","εἰμί"
"45","09","02","A","NSF","μεγάλη","μεγάλη","μεγάλη","μέγας"
"45","09","02","C","","καὶ","καὶ","καί","καί"
"45","09","02","A","NSF","ἀδιάλειπτος","ἀδιάλειπτος","ἀδιάλειπτος","ἀδιάλειπτος"
"45","09","02","N","NSF","ὀδύνη","ὀδύνη","ὀδύνη","ὀδύνη"
"45","09","02","RA","DSF","τῇ","τῇ","τῇ","ὁ"
"45","09","02","N","DSF","καρδίᾳ","καρδίᾳ","καρδίᾳ","καρδία"
"45","09","02","RP","GS","μου·","μου","μου","ἐγώ"
"45","09","03","V","1IMI-S","ηὐχόμην","ηὐχόμην","ηὐχόμην","εὔχομαι"
"45","09","03","C","","γὰρ","γὰρ","γάρ","γάρ"
"45","09","03","N","NSN","⸂ἀνάθεμα","ἀνάθεμα","ἀνάθεμα","ἀνάθεμα"
"45","09","03","V","PAN","εἶναι","εἶναι","εἶναι","εἰμί"
"45","09","03","RP","NSM","αὐτὸς","αὐτὸς","αὐτός","αὐτός"
"45","09","03","RP","NS","ἐγὼ⸃","ἐγὼ","ἐγώ","ἐγώ"
"45","09","03","P","","ἀπὸ","ἀπὸ","ἀπό","ἀπό"
"45","09","03","RA","GSM","τοῦ","τοῦ","τοῦ","ὁ"
"45","09","03","N","GSM","Χριστοῦ","Χριστοῦ","Χριστοῦ","Χριστός"
"45","09","03","P","","ὑπὲρ","ὑπὲρ","ὑπέρ","ὑπέρ"
"45","09","03","RA","GPM","τῶν","τῶν","τῶν","ὁ"
"45","09","03","N","GPM","ἀδελφῶν","ἀδελφῶν","ἀδελφῶν","ἀδελφός"
"45","09","03","RP","GS","μου","μου","μου","ἐγώ"
"45","09","03","RA","GPM","τῶν","τῶν","τῶν","ὁ"
"45","09","03","A","GPM","συγγενῶν","συγγενῶν","συγγενῶν","συγγενής"
"45","09","03","RP","GS","μου","μου","μου","ἐγώ"
"45","09","03","P","","κατὰ","κατὰ","κατά","κατά"
"45","09","03","N","ASF","σάρκα,","σάρκα","σάρκα","σάρξ"
"45","09","04","RR","NPM","οἵτινές","οἵτινές","οἵτινες","ὅστις"
"45","09","04","V","3PAI-P","εἰσιν","εἰσιν","εἰσί(ν)","εἰμί"
"45","09","04","N","NPM","Ἰσραηλῖται,","Ἰσραηλῖται","Ἰσραηλῖται","Ἰσραηλίτης"
"45","09","04","RR","GPM","ὧν","ὧν","ὧν","ὅς"
"45","09","04","RA","NSF","ἡ","ἡ","ἡ","ὁ"
"45","09","04","N","NSF","υἱοθεσία","υἱοθεσία","υἱοθεσία","υἱοθεσία"
"45","09","04","C","","καὶ","καὶ","καί","καί"
"45","09","04","RA","NSF","ἡ","ἡ","ἡ","ὁ"
"45","09","04","N","NSF","δόξα","δόξα","δόξα","δόξα"
"45","09","04","C","","καὶ","καὶ","καί","καί"
"45","09","04","RA","NPF","αἱ","αἱ","αἱ","ὁ"
"45","09","04","N","NPF","διαθῆκαι","διαθῆκαι","διαθῆκαι","διαθήκη"
"45","09","04","C","","καὶ","καὶ","καί","καί"
"45","09","04","RA","NSF","ἡ","ἡ","ἡ","ὁ"
"45","09","04","N","NSF","νομοθεσία","νομοθεσία","νομοθεσία","νομοθεσία"
"45","09","04","C","","καὶ","καὶ","καί","καί"
"45","09","04","RA","NSF","ἡ","ἡ","ἡ","ὁ"
"45","09","04","N","NSF","λατρεία","λατρεία","λατρεία","λατρεία"
"45","09","04","C","","καὶ","καὶ","καί","καί"
"45","09","04","RA","NPF","αἱ","αἱ","αἱ","ὁ"
"45","09","04","N","NPF","ἐπαγγελίαι,","ἐπαγγελίαι","ἐπαγγελίαι","ἐπαγγελία"
"45","09","05","RR","GPM","ὧν","ὧν","ὧν","ὅς"
"45","09","05","RA","NPM","οἱ","οἱ","οἱ","ὁ"
"45","09","05","N","NPM","πατέρες,","πατέρες","πατέρες","πατήρ"
"45","09","05","C","","καὶ","καὶ","καί","καί"
"45","09","05","P","","ἐξ","ἐξ","ἐκ","ἐκ"
"45","09","05","RR","GPM","ὧν","ὧν","ὧν","ὅς"
"45","09","05","RA","NSM","ὁ","ὁ","ὁ","ὁ"
"45","09","05","N","NSM","χριστὸς","χριστὸς","Χριστός","Χριστός"
"45","09","05","RA","ASN","τὸ","τὸ","τό","ὁ"
"45","09","05","P","","κατὰ","κατὰ","κατά","κατά"
"45","09","05","N","ASF","σάρκα,","σάρκα","σάρκα","σάρξ"
"45","09","05","RA","NSM","ὁ","ὁ","ὁ","ὁ"
"45","09","05","V","PAPNSM","ὢν","ὢν","ὤν","εἰμί"
"45","09","05","P","","ἐπὶ","ἐπὶ","ἐπί","ἐπί"
"45","09","05","A","GPN","πάντων,","πάντων","πάντων","πᾶς"
"45","09","05","N","NSM","θεὸς","θεὸς","θεός","θεός"
"45","09","05","A","NSM","εὐλογητὸς","εὐλογητὸς","εὐλογητός","εὐλογητός"
"45","09","05","P","","εἰς","εἰς","εἰς","εἰς"
"45","09","05","RA","APM","τοὺς","τοὺς","τούς","ὁ"
"45","09","05","N","APM","αἰῶνας·","αἰῶνας","αἰῶνας","αἰών"
"45","09","05","X","","ἀμήν.","ἀμήν","ἀμήν","ἀμήν"
"45","09","06","D","","Οὐχ","Οὐχ","οὐ","οὐ"
"45","09","06","RR","NSN","οἷον","οἷον","οἷον","οἷος"
"45","09","06","C","","δὲ","δὲ","δέ","δέ"
"45","09","06","D","","ὅτι","ὅτι","ὅτι","ὅτι"
"45","09","06","V","3XAI-S","ἐκπέπτωκεν","ἐκπέπτωκεν","ἐκπέπτωκε(ν)","ἐκπίπτω"
"45","09","06","RA","NSM","ὁ","ὁ","ὁ","ὁ"
"45","09","06","N","NSM","λόγος","λόγος","λόγος","λόγος"
"45","09","06","RA","GSM","τοῦ","τοῦ","τοῦ","ὁ"
"45","09","06","N","GSM","θεοῦ.","θεοῦ","θεοῦ","θεός"
"45","09","06","D","","οὐ","οὐ","οὐ","οὐ"
"45","09","06","C","","γὰρ","γὰρ","γάρ","γάρ"
"45","09","06","A","NPM","πάντες","πάντες","πάντες","πᾶς"
"45","09","06","RA","NPM","οἱ","οἱ","οἱ","ὁ"
"45","09","06","P","","ἐξ","ἐξ","ἐκ","ἐκ"
"45","09","06","N","GSM","Ἰσραήλ,","Ἰσραήλ","Ἰσραήλ","Ἰσραήλ"
"45","09","06","RD","NPM","οὗτοι","οὗτοι","οὗτοι","οὗτος"
"45","09","06","N","NSM","Ἰσραήλ·","Ἰσραήλ","Ἰσραήλ","Ἰσραήλ"
"45","09","07","C","","οὐδ’","οὐδ’","οὐδέ","οὐδέ"
"45","09","07","C","","ὅτι","ὅτι","ὅτι","ὅτι"
"45","09","07","V","3PAI-P","εἰσὶν","εἰσὶν","εἰσί(ν)","εἰμί"
"45","09","07","N","NSN","σπέρμα","σπέρμα","σπέρμα","σπέρμα"
"45","09","07","N","GSM","Ἀβραάμ,","Ἀβραάμ","Ἀβραάμ","Ἀβραάμ"
"45","09","07","A","NPM","πάντες","πάντες","πάντες","πᾶς"
"45","09","07","N","NPN","τέκνα,","τέκνα","τέκνα","τέκνον"
"45","09","07","C","","ἀλλ’·","ἀλλ’","ἀλλά","ἀλλά"
"45","09","07","P","","Ἐν","Ἐν","ἐν","ἐν"
"45","09","07","N","DSM","Ἰσαὰκ","Ἰσαὰκ","Ἰσαάκ","Ἰσαάκ"
"45","09","07","V","3FPI-S","κληθήσεταί","κληθήσεταί","κληθήσεται","καλέω"
"45","09","07","RP","DS","σοι","σοι","σοι","σύ"
"45","09","07","N","NSN","σπέρμα.","σπέρμα","σπέρμα","σπέρμα"
"45","09","08","RD","NSN","τοῦτ’","τοῦτ’","τοῦτο","οὗτος"
"45","09","08","V","3PAI-S","ἔστιν,","ἔστιν","ἐστί(ν)","εἰμί"
"45","09","08","D","","οὐ","οὐ","οὐ","οὐ"
"45","09","08","RA","NPN","τὰ","τὰ","τά","ὁ"
"45","09","08","N","NPN","τέκνα","τέκνα","τέκνα","τέκνον"
"45","09","08","RA","GSF","τῆς","τῆς","τῆς","ὁ"
"45","09","08","N","GSF","σαρκὸς","σαρκὸς","σαρκός","σάρξ"
"45","09","08","RD","NPN","ταῦτα","ταῦτα","ταῦτα","οὗτος"
"45","09","08","N","NPN","τέκνα","τέκνα","τέκνα","τέκνον"
"45","09","08","RA","GSM","τοῦ","τοῦ","τοῦ","ὁ"
"45","09","08","N","GSM","θεοῦ,","θεοῦ","θεοῦ","θεός"
"45","09","08","C","","ἀλλὰ","ἀλλὰ","ἀλλά","ἀλλά"
"45","09","08","RA","NPN","τὰ","τὰ","τά","ὁ"
"45","09","08","N","NPN","τέκνα","τέκνα","τέκνα","τέκνον"
"45","09","08","RA","GSF","τῆς","τῆς","τῆς","ὁ"
"45","09","08","N","GSF","ἐπαγγελίας","ἐπαγγελίας","ἐπαγγελίας","ἐπαγγελία"
"45","09","08","V","3PPI-S","λογίζεται","λογίζεται","λογίζεται","λογίζομαι"
"45","09","08","P","","εἰς","εἰς","εἰς","εἰς"
"45","09","08","N","ASN","σπέρμα·","σπέρμα","σπέρμα","σπέρμα"
"45","09","09","N","GSF","ἐπαγγελίας","ἐπαγγελίας","ἐπαγγελίας","ἐπαγγελία"
"45","09","09","C","","γὰρ","γὰρ","γάρ","γάρ"
"45","09","09","RA","NSM","ὁ","ὁ","ὁ","ὁ"
"45","09","09","N","NSM","λόγος","λόγος","λόγος","λόγος"
"45","09","09","RD","NSM","οὗτος·","οὗτος","οὗτος","οὗτος"
"45","09","09","P","","Κατὰ","Κατὰ","κατά","κατά"
"45","09","09","RA","ASM","τὸν","τὸν","τόν","ὁ"
"45","09","09","N","ASM","καιρὸν","καιρὸν","καιρόν","καιρός"
"45","09","09","RD","ASM","τοῦτον","τοῦτον","τοῦτον","οὗτος"
"45","09","09","V","1FMI-S","ἐλεύσομαι","ἐλεύσομαι","ἐλεύσομαι","ἔρχομαι"
"45","09","09","C","","καὶ","καὶ","καί","καί"
"45","09","09","V","3FMI-S","ἔσται","ἔσται","ἔσται","εἰμί"
"45","09","09","RA","DSF","τῇ","τῇ","τῇ","ὁ"
"45","09","09","N","DSF","Σάρρᾳ","Σάρρᾳ","Σάρρᾳ","Σάρρα"
"45","09","09","N","NSM","υἱός.","υἱός","υἱός","υἱός"
"45","09","10","D","","οὐ","οὐ","οὐ","οὐ"
"45","09","10","A","ASN","μόνον","μόνον","μόνον","μόνος"
"45","09","10","C","","δέ,","δέ","δέ","δέ"
"45","09","10","C","","ἀλλὰ","ἀλλὰ","ἀλλά","ἀλλά"
"45","09","10","D","","καὶ","καὶ","καί","καί"
"45","09","10","N","NSF","Ῥεβέκκα","Ῥεβέκκα","Ῥεβέκκα","Ῥεβέκκα"
"45","09","10","P","","ἐξ","ἐξ","ἐκ","ἐκ"
"45","09","10","A","GSM","ἑνὸς","ἑνὸς","ἑνός","εἷς"
"45","09","10","N","ASF","κοίτην","κοίτην","κοίτην","κοίτη"
"45","09","10","V","PAPNSF","ἔχουσα,","ἔχουσα","ἔχουσα","ἔχω"
"45","09","10","N","GSM","Ἰσαὰκ","Ἰσαὰκ","Ἰσαάκ","Ἰσαάκ"
"45","09","10","RA","GSM","τοῦ","τοῦ","τοῦ","ὁ"
"45","09","10","N","GSM","πατρὸς","πατρὸς","πατρός","πατήρ"
"45","09","10","RP","GP","ἡμῶν·","ἡμῶν","ἡμῶν","ἐγώ"
"45","09","11","D","","μήπω","μήπω","μήπω","μήπω"
"45","09","11","C","","γὰρ","γὰρ","γάρ","γάρ"
"45","09","11","V","APPGPM","γεννηθέντων","γεννηθέντων","γεννηθέντων","γεννάω"
"45","09","11","C","","μηδὲ","μηδὲ","μηδέ","μηδέ"
"45","09","11","V","AAPGPM","πραξάντων","πραξάντων","πραξάντων","πράσσω"
"45","09","11","RI","ASN","τι","τι","τὶ","τις"
"45","09","11","A","ASN","ἀγαθὸν","ἀγαθὸν","ἀγαθόν","ἀγαθός"
"45","09","11","C","","ἢ","ἢ","ἤ","ἤ"
"45","09","11","A","ASN","⸀φαῦλον,","φαῦλον","φαῦλον","φαῦλος"
"45","09","11","C","","ἵνα","ἵνα","ἵνα","ἵνα"
"45","09","11","RA","NSF","ἡ","ἡ","ἡ","ὁ"
"45","09","11","P","","κατ’","κατ’","κατά","κατά"
"45","09","11","N","ASF","ἐκλογὴν","ἐκλογὴν","ἐκλογήν","ἐκλογή"
"45","09","11","N","NSF","πρόθεσις","πρόθεσις","πρόθεσις","πρόθεσις"
"45","09","11","RA","GSM","τοῦ","τοῦ","τοῦ","ὁ"
"45","09","11","N","GSM","θεοῦ","θεοῦ","θεοῦ","θεός"
"45","09","11","V","3PAS-S","μένῃ,","μένῃ","μένῃ","μένω"
"45","09","12","D","","οὐκ","οὐκ","οὐ","οὐ"
"45","09","12","P","","ἐξ","ἐξ","ἐκ","ἐκ"
"45","09","12","N","GPN","ἔργων","ἔργων","ἔργων","ἔργον"
"45","09","12","C","","ἀλλ’","ἀλλ’","ἀλλά","ἀλλά"
"45","09","12","P","","ἐκ","ἐκ","ἐκ","ἐκ"
"45","09","12","RA","GSM","τοῦ","τοῦ","τοῦ","ὁ"
"45","09","12","V","PAPGSM","καλοῦντος,","καλοῦντος","καλοῦντος","καλέω"
"45","09","12","V","3API-S","ἐρρέθη","ἐρρέθη","ἐρρέθη","λέγω"
"45","09","12","RP","DSF","αὐτῇ","αὐτῇ","αὐτῇ","αὐτός"
"45","09","12","C","","ὅτι","ὅτι","ὅτι","ὅτι"
"45","09","12","RA","NSM","Ὁ","Ὁ","ὁ","ὁ"
"45","09","12","A","NSMC","μείζων","μείζων","μείζων","μέγας"
"45","09","12","V","3FAI-S","δουλεύσει","δουλεύσει","δουλεύσει","δουλεύω"
"45","09","12","RA","DSM","τῷ","τῷ","τῷ","ὁ"
"45","09","12","A","DSMC","ἐλάσσονι·","ἐλάσσονι","ἐλάσσονι","ἐλάσσων"
"45","09","13","C","","⸀καθὼς","καθὼς","καθώς","καθώς"
"45","09","13","V","3XPI-S","γέγραπται·","γέγραπται","γέγραπται","γράφω"
"45","09","13","RA","ASM","Τὸν","Τὸν","τόν","ὁ"
"45","09","13","N","ASM","Ἰακὼβ","Ἰακὼβ","Ἰακώβ","Ἰακώβ"
"45","09","13","V","1AAI-S","ἠγάπησα,","ἠγάπησα","ἠγάπησα","ἀγαπάω"
"45","09","13","RA","ASM","τὸν","τὸν","τόν","ὁ"
"45","09","13","C","","δὲ","δὲ","δέ","δέ"
"45","09","13","N","ASM","Ἠσαῦ","Ἠσαῦ","Ἠσαῦ","Ἠσαῦ"
"45","09","13","V","1AAI-S","ἐμίσησα.","ἐμίσησα","ἐμίσησα","μισέω"
"45","09","14","RI","ASN","Τί","Τί","τί","τίς"
"45","09","14","C","","οὖν","οὖν","οὖν","οὖν"
"45","09","14","V","1FAI-P","ἐροῦμεν;","ἐροῦμεν","ἐροῦμεν","λέγω"
"45","09","14","X","","μὴ","μὴ","μή","μή"
"45","09","14","N","NSF","ἀδικία","ἀδικία","ἀδικία","ἀδικία"
"45","09","14","P","","παρὰ","παρὰ","παρά","παρά"
"45","09","14","RA","DSM","τῷ","τῷ","τῷ","ὁ"
"45","09","14","N","DSM","θεῷ;","θεῷ","θεῷ","θεός"
"45","09","14","D","","μὴ","μὴ","μή","μή"
"45","09","14","V","3AMO-S","γένοιτο·","γένοιτο","γένοιτο","γίνομαι"
"45","09","15","RA","DSM","τῷ","τῷ","τῷ","ὁ"
"45","09","15","N","DSM","⸂Μωϋσεῖ","Μωϋσεῖ","Μωϋσεῖ","Μωϋσῆς"
"45","09","15","C","","γὰρ⸃","γὰρ","γάρ","γάρ"
"45","09","15","V","3PAI-S","λέγει·","λέγει","λέγει","λέγω"
"45","09","15","V","1FAI-S","Ἐλεήσω","Ἐλεήσω","ἐλεήσω","ἐλεάω"
"45","09","15","RR","ASM","ὃν","ὃν","ὅν","ὅς"
"45","09","15","X","","ἂν","ἂν","ἄν","ἄν"
"45","09","15","V","1PAS-S","ἐλεῶ,","ἐλεῶ","ἐλεῶ","ἐλεάω"
"45","09","15","C","","καὶ","καὶ","καί","καί"
"45","09","15","V","1FAI-S","οἰκτιρήσω","οἰκτιρήσω","οἰκτιρήσω","οἰκτίρω"
"45","09","15","RR","ASM","ὃν","ὃν","ὅν","ὅς"
"45","09","15","X","","ἂν","ἂν","ἄν","ἄν"
"45","09","15","V","1PAS-S","οἰκτίρω.","οἰκτίρω","οἰκτίρω","οἰκτίρω"
"45","09","16","C","","ἄρα","ἄρα","ἄρα","ἄρα"
"45","09","16","C","","οὖν","οὖν","οὖν","οὖν"
"45","09","16","D","","οὐ","οὐ","οὐ","οὐ"
"45","09","16","RA","GSM","τοῦ","τοῦ","τοῦ","ὁ"
"45","09","16","V","PAPGSM","θέλοντος","θέλοντος","θέλοντος","θέλω"
"45","09","16","C","","οὐδὲ","οὐδὲ","οὐδέ","οὐδέ"
"45","09","16","RA","GSM","τοῦ","τοῦ","τοῦ","ὁ"
"45","09","16","V","PAPGSM","τρέχοντος","τρέχοντος","τρέχοντος","τρέχω"
"45","09","16","C","","ἀλλὰ","ἀλλὰ","ἀλλά","ἀλλά"
"45","09","16","RA","GSM","τοῦ","τοῦ","τοῦ","ὁ"
"45","09","16","V","PAPGSM","ἐλεῶντος","ἐλεῶντος","ἐλεῶντος","ἐλεάω"
"45","09","16","N","GSM","θεοῦ.","θεοῦ","θεοῦ","θεός"
"45","09","17","V","3PAI-S","λέγει","λέγει","λέγει","λέγω"
"45","09","17","C","","γὰρ","γὰρ","γάρ","γάρ"
"45","09","17","RA","NSF","ἡ","ἡ","ἡ","ὁ"
"45","09","17","N","NSF","γραφὴ","γραφὴ","γραφή","γραφή"
"45","09","17","RA","DSM","τῷ","τῷ","τῷ","ὁ"
"45","09","17","N","DSM","Φαραὼ","Φαραὼ","Φαραώ","Φαραώ"
"45","09","17","C","","ὅτι","ὅτι","ὅτι","ὅτι"
"45","09","17","P","","Εἰς","Εἰς","εἰς","εἰς"
"45","09","17","A","ASN","αὐτὸ","αὐτὸ","αὐτό","αὐτός"
"45","09","17","RD","ASN","τοῦτο","τοῦτο","τοῦτο","οὗτος"
"45","09","17","V","1AAI-S","ἐξήγειρά","ἐξήγειρά","ἐξήγειρα","ἐξεγείρω"
"45","09","17","RP","AS","σε","σε","σε","σύ"
"45","09","17","C","","ὅπως","ὅπως","ὅπως","ὅπως"
"45","09","17","V","1AMS-S","ἐνδείξωμαι","ἐνδείξωμαι","ἐνδείξωμαι","ἐνδείκνυμι"
"45","09","17","P","","ἐν","ἐν","ἐν","ἐν"
"45","09","17","RP","DS","σοὶ","σοὶ","σοί","σύ"
"45","09","17","RA","ASF","τὴν","τὴν","τήν","ὁ"
"45","09","17","N","ASF","δύναμίν","δύναμίν","δύναμιν","δύναμις"
"45","09","17","RP","GS","μου,","μου","μου","ἐγώ"
"45","09","17","C","","καὶ","καὶ","καί","καί"
"45","09","17","C","","ὅπως","ὅπως","ὅπως","ὅπως"
"45","09","17","V","3APS-S","διαγγελῇ","διαγγελῇ","διαγγελῇ","διαγγέλλω"
"45","09","17","RA","ASN","τὸ","τὸ","τό","ὁ"
"45","09","17","N","ASN","ὄνομά","ὄνομά","ὄνομα","ὄνομα"
"45","09","17","RP","GS","μου","μου","μου","ἐγώ"
"45","09","17","P","","ἐν","ἐν","ἐν","ἐν"
"45","09","17","A","DSF","πάσῃ","πάσῃ","πάσῃ","πᾶς"
"45","09","17","RA","DSF","τῇ","τῇ","τῇ","ὁ"
"45","09","17","N","DSF","γῇ.","γῇ","γῇ","γῆ"
"45","09","18","C","","ἄρα","ἄρα","ἄρα","ἄρα"
"45","09","18","C","","οὖν","οὖν","οὖν","οὖν"
"45","09","18","RR","ASM","ὃν","ὃν","ὅν","ὅς"
"45","09","18","V","3PAI-S","θέλει","θέλει","θέλει","θέλω"
"45","09","18","V","3PAI-S","ἐλεεῖ,","ἐλεεῖ","ἐλεεῖ","ἐλεάω"
"45","09","18","RR","ASM","ὃν","ὃν","ὅν","ὅς"
"45","09","18","C","","δὲ","δὲ","δέ","δέ"
"45","09","18","V","3PAI-S","θέλει","θέλει","θέλει","θέλω"
"45","09","18","V","3PAI-S","σκληρύνει.","σκληρύνει","σκληρύνει","σκληρύνω"
"45","09","19","V","2FAI-S","Ἐρεῖς","Ἐρεῖς","ἐρεῖς","λέγω"
"45","09","19","RP","DS","⸂μοι","μοι","μοι","ἐγώ"
"45","09","19","C","","οὖν⸃·","οὖν","οὖν","οὖν"
"45","09","19","RI","ASN","Τί","Τί","τί","τίς"
"45","09","19","C","","⸀οὖν","οὖν","οὖν","οὖν"
"45","09","19","D","","ἔτι","ἔτι","ἔτι","ἔτι"
"45","09","19","V","3PMI-S","μέμφεται;","μέμφεται","μέμφεται","μέμφομαι"
"45","09","19","RA","DSN","τῷ","τῷ","τῷ","ὁ"
"45","09","19","C","","γὰρ","γὰρ","γάρ","γάρ"
"45","09","19","N","DSN","βουλήματι","βουλήματι","βουλήματι","βούλημα"
"45","09","19","RP","GSM","αὐτοῦ","αὐτοῦ","αὐτοῦ","αὐτός"
"45","09","19","RI","NSM","τίς","τίς","τίς","τίς"
"45","09","19","V","3XAI-S","ἀνθέστηκεν;","ἀνθέστηκεν","ἀνθέστηκε(ν)","ἀνθίστημι"
"45","09","20","I","","⸂ὦ","ὦ","ὦ","ὦ"
"45","09","20","N","VSM","ἄνθρωπε,","ἄνθρωπε","ἄνθρωπε","ἄνθρωπος"
"45","09","20","X","","μενοῦνγε⸃","μενοῦνγε","μενοῦνγε","μενοῦνγε"
"45","09","20","RP","NS","σὺ","σὺ","σύ","σύ"
"45","09","20","RI","NSM","τίς","τίς","τίς","τίς"
"45","09","20","V","2PAI-S","εἶ","εἶ","εἶ","εἰμί"
"45","09","20","RA","NSM","ὁ","ὁ","ὁ","ὁ"
"45","09","20","V","PMPNSM","ἀνταποκρινόμενος","ἀνταποκρινόμενος","ἀνταποκρινόμενος","ἀνταποκρίνομαι"
"45","09","20","RA","DSM","τῷ","τῷ","τῷ","ὁ"
"45","09","20","N","DSM","θεῷ;","θεῷ","θεῷ","θεός"
"45","09","20","X","","μὴ","μὴ","μή","μή"
"45","09","20","V","3FAI-S","ἐρεῖ","ἐρεῖ","ἐρεῖ","λέγω"
"45","09","20","RA","NSN","τὸ","τὸ","τό","ὁ"
"45","09","20","N","NSN","πλάσμα","πλάσμα","πλάσμα","πλάσμα"
"45","09","20","RA","DSM","τῷ","τῷ","τῷ","ὁ"
"45","09","20","V","AAPDSM","πλάσαντι","πλάσαντι","πλάσαντι","πλάσσω"
"45","09","20","RI","ASN","Τί","Τί","τί","τίς"
"45","09","20","RP","AS","με","με","με","ἐγώ"
"45","09","20","V","2AAI-S","ἐποίησας","ἐποίησας","ἐποίησας","ποιέω"
"45","09","20","D","","οὕτως;","οὕτως","οὕτω(ς)","οὕτω(ς)"
"45","09","21","C","","ἢ","ἢ","ἤ","ἤ"
"45","09","21","X","","οὐκ","οὐκ","οὐ","οὐ"
"45","09","21","V","3PAI-S","ἔχει","ἔχει","ἔχει","ἔχω"
"45","09","21","N","ASF","ἐξουσίαν","ἐξουσίαν","ἐξουσίαν","ἐξουσία"
"45","09","21","RA","NSM","ὁ","ὁ","ὁ","ὁ"
"45","09","21","N","NSM","κεραμεὺς","κεραμεὺς","κεραμεύς","κεραμεύς"
"45","09","21","RA","GSM","τοῦ","τοῦ","τοῦ","ὁ"
"45","09","21","N","GSM","πηλοῦ","πηλοῦ","πηλοῦ","πηλός"
"45","09","21","P","","ἐκ","ἐκ","ἐκ","ἐκ"
"45","09","21","RA","GSN","τοῦ","τοῦ","τοῦ","ὁ"
"45","09","21","A","GSN","αὐτοῦ","αὐτοῦ","αὐτοῦ","αὐτός"
"45","09","21","N","GSN","φυράματος","φυράματος","φυράματος","φύραμα"
"45","09","21","V","AAN","ποιῆσαι","ποιῆσαι","ποιῆσαι","ποιέω"
"45","09","21","RR","ASN","ὃ","ὃ","ὅ","ὅς"
"45","09","21","C","","μὲν","μὲν","μέν","μέν"
"45","09","21","P","","εἰς","εἰς","εἰς","εἰς"
"45","09","21","N","ASF","τιμὴν","τιμὴν","τιμήν","τιμή"
"45","09","21","N","ASN","σκεῦος","σκεῦος","σκεῦος","σκεῦος"
"45","09","21","RR","ASN","ὃ","ὃ","ὅ","ὅς"
"45","09","21","C","","δὲ","δὲ","δέ","δέ"
"45","09","21","P","","εἰς","εἰς","εἰς","εἰς"
"45","09","21","N","ASF","ἀτιμίαν;","ἀτιμίαν","ἀτιμίαν","ἀτιμία"
"45","09","22","C","","εἰ","εἰ","εἰ","εἰ"
"45","09","22","C","","δὲ","δὲ","δέ","δέ"
"45","09","22","V","PAPNSM","θέλων","θέλων","θέλων","θέλω"
"45","09","22","RA","NSM","ὁ","ὁ","ὁ","ὁ"
"45","09","22","N","NSM","θεὸς","θεὸς","θεός","θεός"
"45","09","22","V","AMN","ἐνδείξασθαι","ἐνδείξασθαι","ἐνδείξασθαι","ἐνδείκνυμι"
"45","09","22","RA","ASF","τὴν","τὴν","τήν","ὁ"
"45","09","22","N","ASF","ὀργὴν","ὀργὴν","ὀργήν","ὀργή"
"45","09","22","C","","καὶ","καὶ","καί","καί"
"45","09","22","V","AAN","γνωρίσαι","γνωρίσαι","γνωρίσαι","γνωρίζω"
"45","09","22","RA","ASN","τὸ","τὸ","τό","ὁ"
"45","09","22","A","ASN","δυνατὸν","δυνατὸν","δυνατόν","δυνατός"
"45","09","22","RP","GSM","αὐτοῦ","αὐτοῦ","αὐτοῦ","αὐτός"
"45","09","22","V","3AAI-S","ἤνεγκεν","ἤνεγκεν","ἤνεγκε(ν)","φέρω"
"45","09","22","P","","ἐν","ἐν","ἐν","ἐν"
"45","09","22","A","DSF","πολλῇ","πολλῇ","πολλῇ","πολύς"
"45","09","22","N","DSF","μακροθυμίᾳ","μακροθυμίᾳ","μακροθυμίᾳ","μακροθυμία"
"45","09","22","N","APN","σκεύη","σκεύη","σκεύη","σκεῦος"
"45","09","22","N","GSF","ὀργῆς","ὀργῆς","ὀργῆς","ὀργή"
"45","09","22","V","XPPAPN","κατηρτισμένα","κατηρτισμένα","κατηρτισμένα","καταρτίζω"
"45","09","22","P","","εἰς","εἰς","εἰς","εἰς"
"45","09","22","N","ASF","ἀπώλειαν,","ἀπώλειαν","ἀπώλειαν","ἀπώλεια"
"45","09","23","C","","⸀καὶ","καὶ","καί","καί"
"45","09","23","C","","ἵνα","ἵνα","ἵνα","ἵνα"
"45","09","23","V","3AAS-S","γνωρίσῃ","γνωρίσῃ","γνωρίσῃ","γνωρίζω"
"45","09","23","RA","ASM","τὸν","τὸν","τόν","ὁ"
"45","09","23","N","ASM","πλοῦτον","πλοῦτον","πλοῦτον","πλοῦτος"
"45","09","23","RA","GSF","τῆς","τῆς","τῆς","ὁ"
"45","09","23","N","GSF","δόξης","δόξης","δόξης","δόξα"
"45","09","23","RP","GSM","αὐτοῦ","αὐτοῦ","αὐτοῦ","αὐτός"
"45","09","23","P","","ἐπὶ","ἐπὶ","ἐπί","ἐπί"
"45","09","23","N","APN","σκεύη","σκεύη","σκεύη","σκεῦος"
"45","09","23","N","GSN","ἐλέους,","ἐλέους","ἐλέους","ἔλεος"
"45","09","23","RR","APN","ἃ","ἃ","ἅ","ὅς"
"45","09","23","V","3AAI-S","προητοίμασεν","προητοίμασεν","προητοίμασε(ν)","προετοιμάζω"
"45","09","23","P","","εἰς","εἰς","εἰς","εἰς"
"45","09","23","N","ASF","δόξαν,","δόξαν","δόξαν","δόξα"
"45","09","24","RR","APM","οὓς","οὓς","οὕς","ὅς"
"45","09","24","D","","καὶ","καὶ","καί","καί"
"45","09","24","V","3AAI-S","ἐκάλεσεν","ἐκάλεσεν","ἐκάλεσε(ν)","καλέω"
"45","09","24","RP","AP","ἡμᾶς","ἡμᾶς","ἡμᾶς","ἐγώ"
"45","09","24","D","","οὐ","οὐ","οὐ","οὐ"
"45","09","24","A","ASN","μόνον","μόνον","μόνον","μόνος"
"45","09","24","P","","ἐξ","ἐξ","ἐκ","ἐκ"
"45","09","24","A","GPM","Ἰουδαίων","Ἰουδαίων","Ἰουδαίων","Ἰουδαῖος"
"45","09","24","C","","ἀλλὰ","ἀλλὰ","ἀλλά","ἀλλά"
"45","09","24","D","","καὶ","καὶ","καί","καί"
"45","09","24","P","","ἐξ","ἐξ","ἐκ","ἐκ"
"45","09","24","N","GPN","ἐθνῶν;—","ἐθνῶν","ἐθνῶν","ἔθνος"
"45","09","25","C","","ὡς","ὡς","ὡς","ὡς"
"45","09","25","D","","καὶ","καὶ","καί","καί"
"45","09","25","P","","ἐν","ἐν","ἐν","ἐν"
"45","09","25","RA","DSM","τῷ","τῷ","τῷ","ὁ"
"45","09","25","N","DSM","Ὡσηὲ","Ὡσηὲ","Ὡσηέ","Ὡσηέ"
"45","09","25","V","3PAI-S","λέγει·","λέγει","λέγει","λέγω"
"45","09","25","V","1FAI-S","Καλέσω","Καλέσω","καλέσω","καλέω"
"45","09","25","RA","ASM","τὸν","τὸν","τόν","ὁ"
"45","09","25","D","","οὐ","οὐ","οὐ","οὐ"
"45","09","25","N","ASM","λαόν","λαόν","λαόν","λαός"
"45","09","25","RP","GS","μου","μου","μου","ἐγώ"
"45","09","25","N","ASM","λαόν","λαόν","λαόν","λαός"
"45","09","25","RP","GS","μου","μου","μου","ἐγώ"
"45","09","25","C","","καὶ","καὶ","καί","καί"
"45","09","25","RA","ASF","τὴν","τὴν","τήν","ὁ"
"45","09","25","D","","οὐκ","οὐκ","οὐ","οὐ"
"45","09","25","V","XPPASF","ἠγαπημένην","ἠγαπημένην","ἠγαπημένην","ἀγαπάω"
"45","09","25","V","XPPASF","ἠγαπημένην·","ἠγαπημένην","ἠγαπημένην","ἀγαπάω"
"45","09","26","C","","καὶ","καὶ","καί","καί"
"45","09","26","V","3FMI-S","ἔσται","ἔσται","ἔσται","εἰμί"
"45","09","26","P","","ἐν","ἐν","ἐν","ἐν"
"45","09","26","RA","DSM","τῷ","τῷ","τῷ","ὁ"
"45","09","26","N","DSM","τόπῳ","τόπῳ","τόπῳ","τόπος"
"45","09","26","D","","οὗ","οὗ","οὗ","οὗ"
"45","09","26","V","3API-S","ἐρρέθη","ἐρρέθη","ἐρρέθη","λέγω"
"45","09","26","RP","DPM","⸀αὐτοῖς·","αὐτοῖς","αὐτοῖς","αὐτός"
"45","09","26","D","","Οὐ","Οὐ","οὐ","οὐ"
"45","09","26","N","NSM","λαός","λαός","λαός","λαός"
"45","09","26","RP","GS","μου","μου","μου","ἐγώ"
"45","09","26","RP","NP","ὑμεῖς,","ὑμεῖς","ὑμεῖς","σύ"
"45","09","26","D","","ἐκεῖ","ἐκεῖ","ἐκεῖ","ἐκεῖ"
"45","09","26","V","3FPI-P","κληθήσονται","κληθήσονται","κληθήσονται","καλέω"
"45","09","26","N","NPM","υἱοὶ","υἱοὶ","υἱοί","υἱός"
"45","09","26","N","GSM","θεοῦ","θεοῦ","θεοῦ","θεός"
"45","09","26","V","PAPGSM","ζῶντος.","ζῶντος","ζῶντος","ζάω"
"45","09","27","N","NSM","Ἠσαΐας","Ἠσαΐας","Ἠσαΐας","Ἠσαΐας"
"45","09","27","C","","δὲ","δὲ","δέ","δέ"
"45","09","27","V","3PAI-S","κράζει","κράζει","κράζει","κράζω"
"45","09","27","P","","ὑπὲρ","ὑπὲρ","ὑπέρ","ὑπέρ"
"45","09","27","RA","GSM","τοῦ","τοῦ","τοῦ","ὁ"
"45","09","27","N","GSM","Ἰσραήλ·","Ἰσραήλ","Ἰσραήλ","Ἰσραήλ"
"45","09","27","C","","Ἐὰν","Ἐὰν","ἐάν","ἐάν"
"45","09","27","V","3PAS-S","ᾖ","ᾖ","ᾖ","εἰμί"
"45","09","27","RA","NSM","ὁ","ὁ","ὁ","ὁ"
"45","09","27","N","NSM","ἀριθμὸς","ἀριθμὸς","ἀριθμός","ἀριθμός"
"45","09","27","RA","GPM","τῶν","τῶν","τῶν","ὁ"
"45","09","27","N","GPM","υἱῶν","υἱῶν","υἱῶν","υἱός"
"45","09","27","N","GSM","Ἰσραὴλ","Ἰσραὴλ","Ἰσραήλ","Ἰσραήλ"
"45","09","27","C","","ὡς","ὡς","ὡς","ὡς"
"45","09","27","RA","NSF","ἡ","ἡ","ἡ","ὁ"
"45","09","27","N","NSF","ἄμμος","ἄμμος","ἄμμος","ἄμμος"
"45","09","27","RA","GSF","τῆς","τῆς","τῆς","ὁ"
"45","09","27","N","GSF","θαλάσσης,","θαλάσσης","θαλάσσης","θάλασσα"
"45","09","27","RA","NSN","τὸ","τὸ","τό","ὁ"
"45","09","27","N","NSN","⸀ὑπόλειμμα","ὑπόλειμμα","ὑπόλειμμα","ὑπόλειμμα"
"45","09","27","V","3FPI-S","σωθήσεται·","σωθήσεται","σωθήσεται","σῴζω"
"45","09","28","N","ASM","λόγον","λόγον","λόγον","λόγος"
"45","09","28","C","","γὰρ","γὰρ","γάρ","γάρ"
"45","09","28","V","PAPNSM","συντελῶν","συντελῶν","συντελῶν","συντελέω"
"45","09","28","C","","καὶ","καὶ","καί","καί"
"45","09","28","V","PAPNSM","⸀συντέμνων","συντέμνων","συντέμνων","συντέμνω"
"45","09","28","V","3FAI-S","ποιήσει","ποιήσει","ποιήσει","ποιέω"
"45","09","28","N","NSM","κύριος","κύριος","κύριος","κύριος"
"45","09","28","P","","ἐπὶ","ἐπὶ","ἐπί","ἐπί"
"45","09","28","RA","GSF","τῆς","τῆς","τῆς","ὁ"
"45","09","28","N","GSF","γῆς.","γῆς","γῆς","γῆ"
"45","09","29","C","","καὶ","καὶ","καί","καί"
"45","09","29","C","","καθὼς","καθὼς","καθώς","καθώς"
"45","09","29","V","3XAI-S","προείρηκεν","προείρηκεν","προείρηκε(ν)","προλέγω"
"45","09","29","N","NSM","Ἠσαΐας·","Ἠσαΐας","Ἠσαΐας","Ἠσαΐας"
"45","09","29","C","","Εἰ","Εἰ","εἰ","εἰ"
"45","09","29","D","","μὴ","μὴ","μή","μή"
"45","09","29","N","NSM","κύριος","κύριος","κύριος","κύριος"
"45","09","29","N","GPM","Σαβαὼθ","Σαβαὼθ","Σαβαώθ","Σαβαώθ"
"45","09","29","V","3AAI-S","ἐγκατέλιπεν","ἐγκατέλιπεν","ἐγκατέλιπε(ν)","ἐγκαταλείπω"
"45","09","29","RP","DP","ἡμῖν","ἡμῖν","ἡμῖν","ἐγώ"
"45","09","29","N","ASN","σπέρμα,","σπέρμα","σπέρμα","σπέρμα"
"45","09","29","C","","ὡς","ὡς","ὡς","ὡς"
"45","09","29","N","NPN","Σόδομα","Σόδομα","Σόδομα","Σόδομα"
"45","09","29","X","","ἂν","ἂν","ἄν","ἄν"
"45","09","29","V","1API-P","ἐγενήθημεν","ἐγενήθημεν","ἐγενήθημεν","γίνομαι"
"45","09","29","C","","καὶ","καὶ","καί","καί"
"45","09","29","C","","ὡς","ὡς","ὡς","ὡς"
"45","09","29","N","NSF","Γόμορρα","Γόμορρα","Γόμορρα","Γόμορρα"
"45","09","29","X","","ἂν","ἂν","ἄν","ἄν"
"45","09","29","V","1API-P","ὡμοιώθημεν.","ὡμοιώθημεν","ὡμοιώθημεν","ὁμοιόω"
"45","09","30","RI","ASN","Τί","Τί","τί","τίς"
"45","09","30","C","","οὖν","οὖν","οὖν","οὖν"
"45","09","30","V","1FAI-P","ἐροῦμεν;","ἐροῦμεν","ἐροῦμεν","λέγω"
"45","09","30","C","","ὅτι","ὅτι","ὅτι","ὅτι"
"45","09","30","N","NPN","ἔθνη","ἔθνη","ἔθνη","ἔθνος"
"45","09","30","RA","NPN","τὰ","τὰ","τά","ὁ"
"45","09","30","D","","μὴ","μὴ","μή","μή"
"45","09","30","V","PAPNPN","διώκοντα","διώκοντα","διώκοντα","διώκω"
"45","09","30","N","ASF","δικαιοσύνην","δικαιοσύνην","δικαιοσύνην","δικαιοσύνη"
"45","09","30","V","3AAI-S","κατέλαβεν","κατέλαβεν","κατέλαβε(ν)","καταλαμβάνω"
"45","09","30","N","ASF","δικαιοσύνην,","δικαιοσύνην","δικαιοσύνην","δικαιοσύνη"
"45","09","30","N","ASF","δικαιοσύνην","δικαιοσύνην","δικαιοσύνην","δικαιοσύνη"
"45","09","30","C","","δὲ","δὲ","δέ","δέ"
"45","09","30","RA","ASF","τὴν","τὴν","τήν","ὁ"
"45","09","30","P","","ἐκ","ἐκ","ἐκ","ἐκ"
"45","09","30","N","GSF","πίστεως·","πίστεως","πίστεως","πίστις"
"45","09","31","N","NSM","Ἰσραὴλ","Ἰσραὴλ","Ἰσραήλ","Ἰσραήλ"
"45","09","31","C","","δὲ","δὲ","δέ","δέ"
"45","09","31","V","PAPNSM","διώκων","διώκων","διώκων","διώκω"
"45","09","31","N","ASM","νόμον","νόμον","νόμον","νόμος"
"45","09","31","N","GSF","δικαιοσύνης","δικαιοσύνης","δικαιοσύνης","δικαιοσύνη"
"45","09","31","P","","εἰς","εἰς","εἰς","εἰς"
"45","09","31","N","ASM","⸀νόμον","νόμον","νόμον","νόμος"
"45","09","31","D","","οὐκ","οὐκ","οὐ","οὐ"
"45","09","31","V","3AAI-S","ἔφθασεν.","ἔφθασεν","ἔφθασε(ν)","φθάνω"
"45","09","32","P","","διὰ","διὰ","διά","διά"
"45","09","32","RI","ASN","τί;","τί","τί","τίς"
"45","09","32","C","","ὅτι","ὅτι","ὅτι","ὅτι"
"45","09","32","D","","οὐκ","οὐκ","οὐ","οὐ"
"45","09","32","P","","ἐκ","ἐκ","ἐκ","ἐκ"
"45","09","32","N","GSF","πίστεως","πίστεως","πίστεως","πίστις"
"45","09","32","C","","ἀλλ’","ἀλλ’","ἀλλά","ἀλλά"
"45","09","32","C","","ὡς","ὡς","ὡς","ὡς"
"45","09","32","P","","ἐξ","ἐξ","ἐκ","ἐκ"
"45","09","32","N","GPN","⸀ἔργων·","ἔργων","ἔργων","ἔργον"
"45","09","32","V","3AAI-P","⸀προσέκοψαν","προσέκοψαν","προσέκοψαν","προσκόπτω"
"45","09","32","RA","DSM","τῷ","τῷ","τῷ","ὁ"
"45","09","32","N","DSM","λίθῳ","λίθῳ","λίθῳ","λίθος"
"45","09","32","RA","GSN","τοῦ","τοῦ","τοῦ","ὁ"
"45","09","32","N","GSN","προσκόμματος,","προσκόμματος","προσκόμματος","πρόσκομμα"
"45","09","33","C","","καθὼς","καθὼς","καθώς","καθώς"
"45","09","33","V","3XPI-S","γέγραπται·","γέγραπται","γέγραπται","γράφω"
"45","09","33","X","","Ἰδοὺ","Ἰδοὺ","ἰδού","ἰδού"
"45","09","33","V","1PAI-S","τίθημι","τίθημι","τίθημι","τίθημι"
"45","09","33","P","","ἐν","ἐν","ἐν","ἐν"
"45","09","33","N","DSF","Σιὼν","Σιὼν","Σιών","Σιών"
"45","09","33","N","ASM","λίθον","λίθον","λίθον","λίθος"
"45","09","33","N","GSN","προσκόμματος","προσκόμματος","προσκόμματος","πρόσκομμα"
"45","09","33","C","","καὶ","καὶ","καί","καί"
"45","09","33","N","ASF","πέτραν","πέτραν","πέτραν","πέτρα"
"45","09","33","N","GSN","σκανδάλου,","σκανδάλου","σκανδάλου","σκάνδαλον"
"45","09","33","C","","⸀καὶ","καὶ","καί","καί"
"45","09","33","RA","NSM","ὁ","ὁ","ὁ","ὁ"
"45","09","33","V","PAPNSM","πιστεύων","πιστεύων","πιστεύων","πιστεύω"
"45","09","33","P","","ἐπ’","ἐπ’","ἐπί","ἐπί"
"45","09","33","RP","DSM","αὐτῷ","αὐτῷ","αὐτῷ","αὐτός"
"45","09","33","D","","οὐ","οὐ","οὐ","οὐ"
"45","09","33","V","3FPI-S","καταισχυνθήσεται.","καταισχυνθήσεται","καταισχυνθήσεται","καταισχύνω"
"45","10","01","N","VPM","Ἀδελφοί,","Ἀδελφοί","ἀδελφοί","ἀδελφός"
"45","10","01","RA","NSF","ἡ","ἡ","ἡ","ὁ"
"45","10","01","C","","μὲν","μὲν","μέν","μέν"
"45","10","01","N","NSF","εὐδοκία","εὐδοκία","εὐδοκία","εὐδοκία"
"45","10","01","RA","GSF","τῆς","τῆς","τῆς","ὁ"
"45","10","01","A","GSF","ἐμῆς","ἐμῆς","ἐμῆς","ἐμός"
"45","10","01","N","GSF","καρδίας","καρδίας","καρδίας","καρδία"
"45","10","01","C","","καὶ","καὶ","καί","καί"
"45","10","01","RA","NSF","ἡ","ἡ","ἡ","ὁ"
"45","10","01","N","NSF","⸀δέησις","δέησις","δέησις","δέησις"
"45","10","01","P","","πρὸς","πρὸς","πρός","πρός"
"45","10","01","RA","ASM","τὸν","τὸν","τόν","ὁ"
"45","10","01","N","ASM","θεὸν","θεὸν","θεόν","θεός"
"45","10","01","P","","ὑπὲρ","ὑπὲρ","ὑπέρ","ὑπέρ"
"45","10","01","RP","GPM","⸀αὐτῶν","αὐτῶν","αὐτῶν","αὐτός"
"45","10","01","P","","εἰς","εἰς","εἰς","εἰς"
"45","10","01","N","ASF","σωτηρίαν.","σωτηρίαν","σωτηρίαν","σωτηρία"
"45","10","02","V","1PAI-S","μαρτυρῶ","μαρτυρῶ","μαρτυρῶ","μαρτυρέω"
"45","10","02","C","","γὰρ","γὰρ","γάρ","γάρ"
"45","10","02","RP","DPM","αὐτοῖς","αὐτοῖς","αὐτοῖς","αὐτός"
"45","10","02","C","","ὅτι","ὅτι","ὅτι","ὅτι"
"45","10","02","N","ASM","ζῆλον","ζῆλον","ζῆλον","ζῆλος"
"45","10","02","N","GSM","θεοῦ","θεοῦ","θεοῦ","θεός"
"45","10","02","V","3PAI-P","ἔχουσιν·","ἔχουσιν","ἔχουσι(ν)","ἔχω"
"45","10","02","C","","ἀλλ’","ἀλλ’","ἀλλά","ἀλλά"
"45","10","02","D","","οὐ","οὐ","οὐ","οὐ"
"45","10","02","P","","κατ’","κατ’","κατά","κατά"
"45","10","02","N","ASF","ἐπίγνωσιν,","ἐπίγνωσιν","ἐπίγνωσιν","ἐπίγνωσις"
"45","10","03","V","PAPNPM","ἀγνοοῦντες","ἀγνοοῦντες","ἀγνοοῦντες","ἀγνοέω"
"45","10","03","C","","γὰρ","γὰρ","γάρ","γάρ"
"45","10","03","RA","ASF","τὴν","τὴν","τήν","ὁ"
"45","10","03","RA","GSM","τοῦ","τοῦ","τοῦ","ὁ"
"45","10","03","N","GSM","θεοῦ","θεοῦ","θεοῦ","θεός"
"45","10","03","N","ASF","δικαιοσύνην,","δικαιοσύνην","δικαιοσύνην","δικαιοσύνη"
"45","10","03","C","","καὶ","καὶ","καί","καί"
"45","10","03","RA","ASF","τὴν","τὴν","τήν","ὁ"
"45","10","03","A","ASF","⸀ἰδίαν","ἰδίαν","ἰδίαν","ἴδιος"
"45","10","03","V","PAPNPM","ζητοῦντες","ζητοῦντες","ζητοῦντες","ζητέω"
"45","10","03","V","AAN","στῆσαι,","στῆσαι","στῆσαι","ἵστημι"
"45","10","03","RA","DSF","τῇ","τῇ","τῇ","ὁ"
"45","10","03","N","DSF","δικαιοσύνῃ","δικαιοσύνῃ","δικαιοσύνῃ","δικαιοσύνη"
"45","10","03","RA","GSM","τοῦ","τοῦ","τοῦ","ὁ"
"45","10","03","N","GSM","θεοῦ","θεοῦ","θεοῦ","θεός"
"45","10","03","D","","οὐχ","οὐχ","οὐ","οὐ"
"45","10","03","V","3API-P","ὑπετάγησαν·","ὑπετάγησαν","ὑπετάγησαν","ὑποτάσσω"
"45","10","04","N","NSN","τέλος","τέλος","τέλος","τέλος"
"45","10","04","C","","γὰρ","γὰρ","γάρ","γάρ"
"45","10","04","N","GSM","νόμου","νόμου","νόμου","νόμος"
"45","10","04","N","NSM","Χριστὸς","Χριστὸς","Χριστός","Χριστός"
"45","10","04","P","","εἰς","εἰς","εἰς","εἰς"
"45","10","04","N","ASF","δικαιοσύνην","δικαιοσύνην","δικαιοσύνην","δικαιοσύνη"
"45","10","04","A","DSM","παντὶ","παντὶ","παντί","πᾶς"
"45","10","04","RA","DSM","τῷ","τῷ","τῷ","ὁ"
"45","10","04","V","PAPDSM","πιστεύοντι.","πιστεύοντι","πιστεύοντι","πιστεύω"
"45","10","05","N","NSM","Μωϋσῆς","Μωϋσῆς","Μωϋσῆς","Μωϋσῆς"
"45","10","05","C","","γὰρ","γὰρ","γάρ","γάρ"
"45","10","05","V","3PAI-S","γράφει","γράφει","γράφει","γράφω"
"45","10","05","D","","⸂ὅτι","ὅτι","ὅτι","ὅτι"
"45","10","05","RA","ASF","τὴν","τὴν","τήν","ὁ"
"45","10","05","N","ASF","δικαιοσύνην","δικαιοσύνην","δικαιοσύνην","δικαιοσύνη"
"45","10","05","RA","ASF","τὴν","τὴν","τήν","ὁ"
"45","10","05","P","","ἐκ","ἐκ","ἐκ","ἐκ"
"45","10","05","RA","GSM","⸀τοῦ","τοῦ","τοῦ","ὁ"
"45","10","05","N","GSM","νόμου⸃","νόμου","νόμου","νόμος"
"45","10","05","RA","NSM","ὁ","ὁ","ὁ","ὁ"
"45","10","05","V","AAPNSM","⸀ποιήσας","ποιήσας","ποιήσας","ποιέω"
"45","10","05","N","NSM","ἄνθρωπος","ἄνθρωπος","ἄνθρωπος","ἄνθρωπος"
"45","10","05","V","3FMI-S","ζήσεται","ζήσεται","ζήσεται","ζάω"
"45","10","05","P","","ἐν","ἐν","ἐν","ἐν"
"45","10","05","RP","DSF","⸀αὐτῇ.","αὐτῇ","αὐτῇ","αὐτός"
"45","10","06","RA","NSF","ἡ","ἡ","ἡ","ὁ"
"45","10","06","C","","δὲ","δὲ","δέ","δέ"
"45","10","06","P","","ἐκ","ἐκ","ἐκ","ἐκ"
"45","10","06","N","GSF","πίστεως","πίστεως","πίστεως","πίστις"
"45","10","06","N","NSF","δικαιοσύνη","δικαιοσύνη","δικαιοσύνη","δικαιοσύνη"
"45","10","06","D","","οὕτως","οὕτως","οὕτω(ς)","οὕτω(ς)"
"45","10","06","V","3PAI-S","λέγει·","λέγει","λέγει","λέγω"
"45","10","06","D","","Μὴ","Μὴ","μή","μή"
"45","10","06","V","2AAS-S","εἴπῃς","εἴπῃς","εἴπῃς","λέγω"
"45","10","06","P","","ἐν","ἐν","ἐν","ἐν"
"45","10","06","RA","DSF","τῇ","τῇ","τῇ","ὁ"
"45","10","06","N","DSF","καρδίᾳ","καρδίᾳ","καρδίᾳ","καρδία"
"45","10","06","RP","GS","σου·","σου","σου","σύ"
"45","10","06","RI","NSM","Τίς","Τίς","τίς","τίς"
"45","10","06","V","3FMI-S","ἀναβήσεται","ἀναβήσεται","ἀναβήσεται","ἀναβαίνω"
"45","10","06","P","","εἰς","εἰς","εἰς","εἰς"
"45","10","06","RA","ASM","τὸν","τὸν","τόν","ὁ"
"45","10","06","N","ASM","οὐρανόν;","οὐρανόν","οὐρανόν","οὐρανός"
"45","10","06","RD","NSN","τοῦτ’","τοῦτ’","τοῦτο","οὗτος"
"45","10","06","V","3PAI-S","ἔστιν","ἔστιν","ἐστί(ν)","εἰμί"
"45","10","06","N","ASM","Χριστὸν","Χριστὸν","Χριστόν","Χριστός"
"45","10","06","V","AAN","καταγαγεῖν·","καταγαγεῖν","καταγαγεῖν","κατάγω"
"45","10","07","C","","ἤ·","ἤ","ἤ","ἤ"
"45","10","07","RI","NSM","Τίς","Τίς","τίς","τίς"
"45","10","07","V","3FMI-S","καταβήσεται","καταβήσεται","καταβήσεται","καταβαίνω"
"45","10","07","P","","εἰς","εἰς","εἰς","εἰς"
"45","10","07","RA","ASF","τὴν","τὴν","τήν","ὁ"
"45","10","07","N","ASF","ἄβυσσον;","ἄβυσσον","ἄβυσσον","ἄβυσσος"
"45","10","07","RD","NSN","τοῦτ’","τοῦτ’","τοῦτο","οὗτος"
"45","10","07","V","3PAI-S","ἔστιν","ἔστιν","ἐστί(ν)","εἰμί"
"45","10","07","N","ASM","Χριστὸν","Χριστὸν","Χριστόν","Χριστός"
"45","10","07","P","","ἐκ","ἐκ","ἐκ","ἐκ"
"45","10","07","A","GPM","νεκρῶν","νεκρῶν","νεκρῶν","νεκρός"
"45","10","07","V","AAN","ἀναγαγεῖν.","ἀναγαγεῖν","ἀναγαγεῖν","ἀνάγω"
"45","10","08","C","","ἀλλὰ","ἀλλὰ","ἀλλά","ἀλλά"
"45","10","08","RI","ASN","τί","τί","τί","τίς"
"45","10","08","V","3PAI-S","λέγει;","λέγει","λέγει","λέγω"
"45","10","08","P","","Ἐγγύς","Ἐγγύς","ἐγγύς","ἐγγύς"
"45","10","08","RP","GS","σου","σου","σου","σύ"
"45","10","08","RA","NSN","τὸ","τὸ","τό","ὁ"
"45","10","08","N","NSN","ῥῆμά","ῥῆμά","ῥῆμα","ῥῆμα"
"45","10","08","V","3PAI-S","ἐστιν,","ἐστιν","ἐστί(ν)","εἰμί"
"45","10","08","P","","ἐν","ἐν","ἐν","ἐν"
"45","10","08","RA","DSN","τῷ","τῷ","τῷ","ὁ"
"45","10","08","N","DSN","στόματί","στόματί","στόματι","στόμα"
"45","10","08","RP","GS","σου","σου","σου","σύ"
"45","10","08","C","","καὶ","καὶ","καί","καί"
"45","10","08","P","","ἐν","ἐν","ἐν","ἐν"
"45","10","08","RA","DSF","τῇ","τῇ","τῇ","ὁ"
"45","10","08","N","DSF","καρδίᾳ","καρδίᾳ","καρδίᾳ","καρδία"
"45","10","08","RP","GS","σου,","σου","σου","σύ"
"45","10","08","RD","NSN","τοῦτ’","τοῦτ’","τοῦτο","οὗτος"
"45","10","08","V","3PAI-S","ἔστιν","ἔστιν","ἐστί(ν)","εἰμί"
"45","10","08","RA","NSN","τὸ","τὸ","τό","ὁ"
"45","10","08","N","NSN","ῥῆμα","ῥῆμα","ῥῆμα","ῥῆμα"
"45","10","08","RA","GSF","τῆς","τῆς","τῆς","ὁ"
"45","10","08","N","GSF","πίστεως","πίστεως","πίστεως","πίστις"
"45","10","08","RR","ASN","ὃ","ὃ","ὅ","ὅς"
"45","10","08","V","1PAI-P","κηρύσσομεν.","κηρύσσομεν","κηρύσσομεν","κηρύσσω"
"45","10","09","C","","ὅτι","ὅτι","ὅτι","ὅτι"
"45","10","09","C","","ἐὰν","ἐὰν","ἐάν","ἐάν"
"45","10","09","V","2AAS-S","⸀ὁμολογήσῃς","ὁμολογήσῃς","ὁμολογήσῃς","ὁμολογέω"
"45","10","09","P","","ἐν","ἐν","ἐν","ἐν"
"45","10","09","RA","DSN","τῷ","τῷ","τῷ","ὁ"
"45","10","09","N","DSN","στόματί","στόματί","στόματι","στόμα"
"45","10","09","RP","GS","⸀σου","σου","σου","σύ"
"45","10","09","N","ASM","κύριον","κύριον","κύριον","κύριος"
"45","10","09","N","ASM","Ἰησοῦν,","Ἰησοῦν","Ἰησοῦν","Ἰησοῦς"
"45","10","09","C","","καὶ","καὶ","καί","καί"
"45","10","09","V","2AAS-S","πιστεύσῃς","πιστεύσῃς","πιστεύσῃς","πιστεύω"
"45","10","09","P","","ἐν","ἐν","ἐν","ἐν"
"45","10","09","RA","DSF","τῇ","τῇ","τῇ","ὁ"
"45","10","09","N","DSF","καρδίᾳ","καρδίᾳ","καρδίᾳ","καρδία"
"45","10","09","RP","GS","σου","σου","σου","σύ"
"45","10","09","C","","ὅτι","ὅτι","ὅτι","ὅτι"
"45","10","09","RA","NSM","ὁ","ὁ","ὁ","ὁ"
"45","10","09","N","NSM","θεὸς","θεὸς","θεός","θεός"
"45","10","09","RP","ASM","αὐτὸν","αὐτὸν","αὐτόν","αὐτός"
"45","10","09","V","3AAI-S","ἤγειρεν","ἤγειρεν","ἤγειρε(ν)","ἐγείρω"
"45","10","09","P","","ἐκ","ἐκ","ἐκ","ἐκ"
"45","10","09","A","GPM","νεκρῶν,","νεκρῶν","νεκρῶν","νεκρός"
"45","10","09","V","2FPI-S","σωθήσῃ·","σωθήσῃ","σωθήσῃ","σῴζω"
"45","10","10","N","DSF","καρδίᾳ","καρδίᾳ","καρδίᾳ","καρδία"
"45","10","10","C","","γὰρ","γὰρ","γάρ","γάρ"
"45","10","10","V","3PPI-S","πιστεύεται","πιστεύεται","πιστεύεται","πιστεύω"
"45","10","10","P","","εἰς","εἰς","εἰς","εἰς"
"45","10","10","N","ASF","δικαιοσύνην,","δικαιοσύνην","δικαιοσύνην","δικαιοσύνη"
"45","10","10","N","DSN","στόματι","στόματι","στόματι","στόμα"
"45","10","10","C","","δὲ","δὲ","δέ","δέ"
"45","10","10","V","3PPI-S","ὁμολογεῖται","ὁμολογεῖται","ὁμολογεῖται","ὁμολογέω"
"45","10","10","P","","εἰς","εἰς","εἰς","εἰς"
"45","10","10","N","ASF","σωτηρίαν·","σωτηρίαν","σωτηρίαν","σωτηρία"
"45","10","11","V","3PAI-S","λέγει","λέγει","λέγει","λέγω"
"45","10","11","C","","γὰρ","γὰρ","γάρ","γάρ"
"45","10","11","RA","NSF","ἡ","ἡ","ἡ","ὁ"
"45","10","11","N","NSF","γραφή·","γραφή","γραφή","γραφή"
"45","10","11","A","NSM","Πᾶς","Πᾶς","πᾶς","πᾶς"
"45","10","11","RA","NSM","ὁ","ὁ","ὁ","ὁ"
"45","10","11","V","PAPNSM","πιστεύων","πιστεύων","πιστεύων","πιστεύω"
"45","10","11","P","","ἐπ’","ἐπ’","ἐπί","ἐπί"
"45","10","11","RP","DSM","αὐτῷ","αὐτῷ","αὐτῷ","αὐτός"
"45","10","11","D","","οὐ","οὐ","οὐ","οὐ"
"45","10","11","V","3FPI-S","καταισχυνθήσεται.","καταισχυνθήσεται","καταισχυνθήσεται","καταισχύνω"
"45","10","12","D","","οὐ","οὐ","οὐ","οὐ"
"45","10","12","C","","γάρ","γάρ","γάρ","γάρ"
"45","10","12","V","3PAI-S","ἐστιν","ἐστιν","ἐστί(ν)","εἰμί"
"45","10","12","N","NSF","διαστολὴ","διαστολὴ","διαστολή","διαστολή"
"45","10","12","A","GSM","Ἰουδαίου","Ἰουδαίου","Ἰουδαίου","Ἰουδαῖος"
"45","10","12","C","","τε","τε","τέ","τέ"
"45","10","12","C","","καὶ","καὶ","καί","καί"
"45","10","12","N","GSM","Ἕλληνος,","Ἕλληνος","Ἕλληνος","Ἕλλην"
"45","10","12","RA","NSM","ὁ","ὁ","ὁ","ὁ"
"45","10","12","C","","γὰρ","γὰρ","γάρ","γάρ"
"45","10","12","A","NSM","αὐτὸς","αὐτὸς","αὐτός","αὐτός"
"45","10","12","N","NSM","κύριος","κύριος","κύριος","κύριος"
"45","10","12","A","GPM","πάντων,","πάντων","πάντων","πᾶς"
"45","10","12","V","PAPNSM","πλουτῶν","πλουτῶν","πλουτῶν","πλουτέω"
"45","10","12","P","","εἰς","εἰς","εἰς","εἰς"
"45","10","12","A","APM","πάντας","πάντας","πάντας","πᾶς"
"45","10","12","RA","APM","τοὺς","τοὺς","τούς","ὁ"
"45","10","12","V","PMPAPM","ἐπικαλουμένους","ἐπικαλουμένους","ἐπικαλουμένους","ἐπικαλέω"
"45","10","12","RP","ASM","αὐτόν·","αὐτόν","αὐτόν","αὐτός"
"45","10","13","A","NSM","Πᾶς","Πᾶς","πᾶς","πᾶς"
"45","10","13","C","","γὰρ","γὰρ","γάρ","γάρ"
"45","10","13","RR","NSM","ὃς","ὃς","ὅς","ὅς"
"45","10","13","X","","ἂν","ἂν","ἄν","ἄν"
"45","10","13","V","3AMS-S","ἐπικαλέσηται","ἐπικαλέσηται","ἐπικαλέσηται","ἐπικαλέω"
"45","10","13","RA","ASN","τὸ","τὸ","τό","ὁ"
"45","10","13","N","ASN","ὄνομα","ὄνομα","ὄνομα","ὄνομα"
"45","10","13","N","GSM","κυρίου","κυρίου","κυρίου","κύριος"
"45","10","13","V","3FPI-S","σωθήσεται.","σωθήσεται","σωθήσεται","σῴζω"
"45","10","14","D","","Πῶς","Πῶς","πῶς","πῶς"
"45","10","14","C","","οὖν","οὖν","οὖν","οὖν"
"45","10","14","V","3AMS-P","⸀ἐπικαλέσωνται","ἐπικαλέσωνται","ἐπικαλέσωνται","ἐπικαλέω"
"45","10","14","P","","εἰς","εἰς","εἰς","εἰς"
"45","10","14","RR","ASM","ὃν","ὃν","ὅν","ὅς"
"45","10","14","D","","οὐκ","οὐκ","οὐ","οὐ"
"45","10","14","V","3AAI-P","ἐπίστευσαν;","ἐπίστευσαν","ἐπίστευσαν","πιστεύω"
"45","10","14","D","","πῶς","πῶς","πῶς","πῶς"
"45","10","14","C","","δὲ","δὲ","δέ","δέ"
"45","10","14","V","3AAS-P","⸀πιστεύσωσιν","πιστεύσωσιν","πιστεύσωσι(ν)","πιστεύω"
"45","10","14","RR","GSM","οὗ","οὗ","οὗ","ὅς"
"45","10","14","D","","οὐκ","οὐκ","οὐ","οὐ"
"45","10","14","V","3AAI-P","ἤκουσαν;","ἤκουσαν","ἤκουσαν","ἀκούω"
"45","10","14","D","","πῶς","πῶς","πῶς","πῶς"
"45","10","14","C","","δὲ","δὲ","δέ","δέ"
"45","10","14","V","3AAS-P","⸀ἀκούσωσιν","ἀκούσωσιν","ἀκούσωσι(ν)","ἀκούω"
"45","10","14","P","","χωρὶς","χωρὶς","χωρίς","χωρίς"
"45","10","14","V","PAPGSM","κηρύσσοντος;","κηρύσσοντος","κηρύσσοντος","κηρύσσω"
"45","10","15","D","","πῶς","πῶς","πῶς","πῶς"
"45","10","15","C","","δὲ","δὲ","δέ","δέ"
"45","10","15","V","3AAS-P","⸀κηρύξωσιν","κηρύξωσιν","κηρύξωσι(ν)","κηρύσσω"
"45","10","15","C","","ἐὰν","ἐὰν","ἐάν","ἐάν"
"45","10","15","D","","μὴ","μὴ","μή","μή"
"45","10","15","V","3APS-P","ἀποσταλῶσιν;","ἀποσταλῶσιν","ἀποσταλῶσι(ν)","ἀποστέλλω"
"45","10","15","C","","⸀καθὼς","καθὼς","καθώς","καθώς"
"45","10","15","V","3XPI-S","γέγραπται·","γέγραπται","γέγραπται","γράφω"
"45","10","15","D","","Ὡς","Ὡς","ὡς","ὡς"
"45","10","15","A","NPM","ὡραῖοι","ὡραῖοι","ὡραῖοι","ὡραῖος"
"45","10","15","RA","NPM","οἱ","οἱ","οἱ","ὁ"
"45","10","15","N","NPM","πόδες","πόδες","πόδες","πούς"
"45","10","15","RA","GPM","τῶν","τῶν","τῶν","ὁ"
"45","10","15","V","PMPGPM","⸀εὐαγγελιζομένων","εὐαγγελιζομένων","εὐαγγελιζομένων","εὐαγγελίζω"
"45","10","15","RA","APN","⸀τὰ","τὰ","τά","ὁ"
"45","10","15","A","APN","ἀγαθά.","ἀγαθά","ἀγαθά","ἀγαθός"
"45","10","16","C","","ἀλλ’","ἀλλ’","ἀλλά","ἀλλά"
"45","10","16","D","","οὐ","οὐ","οὐ","οὐ"
"45","10","16","A","NPM","πάντες","πάντες","πάντες","πᾶς"
"45","10","16","V","3AAI-P","ὑπήκουσαν","ὑπήκουσαν","ὑπήκουσαν","ὑπακούω"
"45","10","16","RA","DSN","τῷ","τῷ","τῷ","ὁ"
"45","10","16","N","DSN","εὐαγγελίῳ·","εὐαγγελίῳ","εὐαγγελίῳ","εὐαγγέλιον"
"45","10","16","N","NSM","Ἠσαΐας","Ἠσαΐας","Ἠσαΐας","Ἠσαΐας"
"45","10","16","C","","γὰρ","γὰρ","γάρ","γάρ"
"45","10","16","V","3PAI-S","λέγει·","λέγει","λέγει","λέγω"
"45","10","16","N","VSM","Κύριε,","Κύριε","κύριε","κύριος"
"45","10","16","RI","NSM","τίς","τίς","τίς","τίς"
"45","10","16","V","3AAI-S","ἐπίστευσεν","ἐπίστευσεν","ἐπίστευσε(ν)","πιστεύω"
"45","10","16","RA","DSF","τῇ","τῇ","τῇ","ὁ"
"45","10","16","N","DSF","ἀκοῇ","ἀκοῇ","ἀκοῇ","ἀκοή"
"45","10","16","RP","GP","ἡμῶν;","ἡμῶν","ἡμῶν","ἐγώ"
"45","10","17","C","","ἄρα","ἄρα","ἄρα","ἄρα"
"45","10","17","RA","NSF","ἡ","ἡ","ἡ","ὁ"
"45","10","17","N","NSF","πίστις","πίστις","πίστις","πίστις"
"45","10","17","P","","ἐξ","ἐξ","ἐκ","ἐκ"
"45","10","17","N","GSF","ἀκοῆς,","ἀκοῆς","ἀκοῆς","ἀκοή"
"45","10","17","RA","NSF","ἡ","ἡ","ἡ","ὁ"
"45","10","17","C","","δὲ","δὲ","δέ","δέ"
"45","10","17","N","NSF","ἀκοὴ","ἀκοὴ","ἀκοή","ἀκοή"
"45","10","17","P","","διὰ","διὰ","διά","διά"
"45","10","17","N","GSN","ῥήματος","ῥήματος","ῥήματος","ῥῆμα"
"45","10","17","N","GSM","⸀Χριστοῦ.","Χριστοῦ","Χριστοῦ","Χριστός"
"45","10","18","C","","Ἀλλὰ","Ἀλλὰ","ἀλλά","ἀλλά"
"45","10","18","V","1PAI-S","λέγω,","λέγω","λέγω","λέγω"
"45","10","18","X","","μὴ","μὴ","μή","μή"
"45","10","18","D","","οὐκ","οὐκ","οὐ","οὐ"
"45","10","18","V","3AAI-P","ἤκουσαν;","ἤκουσαν","ἤκουσαν","ἀκούω"
"45","10","18","X","","μενοῦνγε·","μενοῦνγε","μενοῦνγε","μενοῦνγε"
"45","10","18","P","","Εἰς","Εἰς","εἰς","εἰς"
"45","10","18","A","ASF","πᾶσαν","πᾶσαν","πᾶσαν","πᾶς"
"45","10","18","RA","ASF","τὴν","τὴν","τήν","ὁ"
"45","10","18","N","ASF","γῆν","γῆν","γῆν","γῆ"
"45","10","18","V","3AAI-S","ἐξῆλθεν","ἐξῆλθεν","ἐξῆλθε(ν)","ἐξέρχομαι"
"45","10","18","RA","NSM","ὁ","ὁ","ὁ","ὁ"
"45","10","18","N","NSM","φθόγγος","φθόγγος","φθόγγος","φθόγγος"
"45","10","18","RP","GPM","αὐτῶν,","αὐτῶν","αὐτῶν","αὐτός"
"45","10","18","C","","καὶ","καὶ","καί","καί"
"45","10","18","P","","εἰς","εἰς","εἰς","εἰς"
"45","10","18","RA","APN","τὰ","τὰ","τά","ὁ"
"45","10","18","N","APN","πέρατα","πέρατα","πέρατα","πέρας"
"45","10","18","RA","GSF","τῆς","τῆς","τῆς","ὁ"
"45","10","18","N","GSF","οἰκουμένης","οἰκουμένης","οἰκουμένης","οἰκουμένη"
"45","10","18","RA","NPN","τὰ","τὰ","τά","ὁ"
"45","10","18","N","NPN","ῥήματα","ῥήματα","ῥήματα","ῥῆμα"
"45","10","18","RP","GPM","αὐτῶν.","αὐτῶν","αὐτῶν","αὐτός"
"45","10","19","C","","ἀλλὰ","ἀλλὰ","ἀλλά","ἀλλά"
"45","10","19","V","1PAI-S","λέγω,","λέγω","λέγω","λέγω"
"45","10","19","X","","μὴ","μὴ","μή","μή"
"45","10","19","N","NSM","⸂Ἰσραὴλ","Ἰσραὴλ","Ἰσραήλ","Ἰσραήλ"
"45","10","19","D","","οὐκ","οὐκ","οὐ","οὐ"
"45","10","19","V","3AAI-S","ἔγνω⸃;","ἔγνω","ἔγνω","γινώσκω"
"45","10","19","A","NSM","πρῶτος","πρῶτος","πρῶτος","πρῶτος"
"45","10","19","N","NSM","Μωϋσῆς","Μωϋσῆς","Μωϋσῆς","Μωϋσῆς"
"45","10","19","V","3PAI-S","λέγει·","λέγει","λέγει","λέγω"
"45","10","19","RP","NS","Ἐγὼ","Ἐγὼ","ἐγώ","ἐγώ"
"45","10","19","V","1FAI-S","παραζηλώσω","παραζηλώσω","παραζηλώσω","παραζηλόω"
"45","10","19","RP","AP","ὑμᾶς","ὑμᾶς","ὑμᾶς","σύ"
"45","10","19","P","","ἐπ’","ἐπ’","ἐπί","ἐπί"
"45","10","19","D","","οὐκ","οὐκ","οὐ","οὐ"
"45","10","19","N","DSN","ἔθνει,","ἔθνει","ἔθνει","ἔθνος"
"45","10","19","P","","ἐπ’","ἐπ’","ἐπί","ἐπί"
"45","10","19","N","DSN","ἔθνει","ἔθνει","ἔθνει","ἔθνος"
"45","10","19","A","DSN","ἀσυνέτῳ","ἀσυνέτῳ","ἀσυνέτῳ","ἀσύνετος"
"45","10","19","V","1FAI-S","παροργιῶ","παροργιῶ","παροργιῶ","παροργίζω"
"45","10","19","RP","AP","ὑμᾶς.","ὑμᾶς","ὑμᾶς","σύ"
"45","10","20","N","NSM","Ἠσαΐας","Ἠσαΐας","Ἠσαΐας","Ἠσαΐας"
"45","10","20","C","","δὲ","δὲ","δέ","δέ"
"45","10","20","V","3PAI-S","ἀποτολμᾷ","ἀποτολμᾷ","ἀποτολμᾷ","ἀποτολμάω"
"45","10","20","C","","καὶ","καὶ","καί","καί"
"45","10","20","V","3PAI-S","λέγει·","λέγει","λέγει","λέγω"
"45","10","20","V","1API-S","Εὑρέθην","Εὑρέθην","εὑρέθην","εὑρίσκω"
"45","10","20","P","","⸀ἐν","ἐν","ἐν","ἐν"
"45","10","20","RA","DPM","τοῖς","τοῖς","τοῖς","ὁ"
"45","10","20","RP","AS","ἐμὲ","ἐμὲ","ἐμέ","ἐγώ"
"45","10","20","D","","μὴ","μὴ","μή","μή"
"45","10","20","V","PAPDPM","ζητοῦσιν,","ζητοῦσιν","ζητοῦσι(ν)","ζητέω"
"45","10","20","A","NSM","ἐμφανὴς","ἐμφανὴς","ἐμφανής","ἐμφανής"
"45","10","20","V","1AMI-S","⸀ἐγενόμην","ἐγενόμην","ἐγενόμην","γίνομαι"
"45","10","20","RA","DPM","τοῖς","τοῖς","τοῖς","ὁ"
"45","10","20","RP","AS","ἐμὲ","ἐμὲ","ἐμέ","ἐγώ"
"45","10","20","D","","μὴ","μὴ","μή","μή"
"45","10","20","V","PAPDPM","ἐπερωτῶσιν.","ἐπερωτῶσιν","ἐπερωτῶσι(ν)","ἐπερωτάω"
"45","10","21","P","","πρὸς","πρὸς","πρός","πρός"
"45","10","21","C","","δὲ","δὲ","δέ","δέ"
"45","10","21","RA","ASM","τὸν","τὸν","τόν","ὁ"
"45","10","21","N","ASM","Ἰσραὴλ","Ἰσραὴλ","Ἰσραήλ","Ἰσραήλ"
"45","10","21","V","3PAI-S","λέγει·","λέγει","λέγει","λέγω"
"45","10","21","A","ASF","Ὅλην","Ὅλην","ὅλην","ὅλος"
"45","10","21","RA","ASF","τὴν","τὴν","τήν","ὁ"
"45","10","21","N","ASF","ἡμέραν","ἡμέραν","ἡμέραν","ἡμέρα"
"45","10","21","V","1AAI-S","ἐξεπέτασα","ἐξεπέτασα","ἐξεπέτασα","ἐκπετάννυμι"
"45","10","21","RA","APF","τὰς","τὰς","τάς","ὁ"
"45","10","21","N","APF","χεῖράς","χεῖράς","χεῖρας","χείρ"
"45","10","21","RP","GS","μου","μου","μου","ἐγώ"
"45","10","21","P","","πρὸς","πρὸς","πρός","πρός"
"45","10","21","N","ASM","λαὸν","λαὸν","λαόν","λαός"
"45","10","21","V","PAPASM","ἀπειθοῦντα","ἀπειθοῦντα","ἀπειθοῦντα","ἀπειθέω"
"45","10","21","C","","καὶ","καὶ","καί","καί"
"45","10","21","V","PAPASM","ἀντιλέγοντα.","ἀντιλέγοντα","ἀντιλέγοντα","ἀντιλέγω"
"45","11","01","V","1PAI-S","Λέγω","Λέγω","λέγω","λέγω"
"45","11","01","C","","οὖν,","οὖν","οὖν","οὖν"
"45","11","01","X","","μὴ","μὴ","μή","μή"
"45","11","01","V","3AMI-S","ἀπώσατο","ἀπώσατο","ἀπώσατο","ἀπωθέομαι"
"45","11","01","RA","NSM","ὁ","ὁ","ὁ","ὁ"
"45","11","01","N","NSM","θεὸς","θεὸς","θεός","θεός"
"45","11","01","RA","ASM","τὸν","τὸν","τόν","ὁ"
"45","11","01","N","ASM","λαὸν","λαὸν","λαόν","λαός"
"45","11","01","RP","GSM","αὐτοῦ;","αὐτοῦ","αὐτοῦ","αὐτός"
"45","11","01","D","","μὴ","μὴ","μή","μή"
"45","11","01","V","3AMO-S","γένοιτο·","γένοιτο","γένοιτο","γίνομαι"
"45","11","01","D","","καὶ","καὶ","καί","καί"
"45","11","01","C","","γὰρ","γὰρ","γάρ","γάρ"
"45","11","01","RP","NS","ἐγὼ","ἐγὼ","ἐγώ","ἐγώ"
"45","11","01","N","NSM","Ἰσραηλίτης","Ἰσραηλίτης","Ἰσραηλίτης","Ἰσραηλίτης"
"45","11","01","V","1PAI-S","εἰμί,","εἰμί","εἰμί","εἰμί"
"45","11","01","P","","ἐκ","ἐκ","ἐκ","ἐκ"
"45","11","01","N","GSN","σπέρματος","σπέρματος","σπέρματος","σπέρμα"
"45","11","01","N","GSM","Ἀβραάμ,","Ἀβραάμ","Ἀβραάμ","Ἀβραάμ"
"45","11","01","N","GSF","φυλῆς","φυλῆς","φυλῆς","φυλή"
"45","11","01","N","GSM","Βενιαμίν.","Βενιαμίν","Βενιαμίν","Βενιαμίν"
"45","11","02","D","","οὐκ","οὐκ","οὐ","οὐ"
"45","11","02","V","3AMI-S","ἀπώσατο","ἀπώσατο","ἀπώσατο","ἀπωθέομαι"
"45","11","02","RA","NSM","ὁ","ὁ","ὁ","ὁ"
"45","11","02","N","NSM","θεὸς","θεὸς","θεός","θεός"
"45","11","02","RA","ASM","τὸν","τὸν","τόν","ὁ"
"45","11","02","N","ASM","λαὸν","λαὸν","λαόν","λαός"
"45","11","02","RP","GSM","αὐτοῦ","αὐτοῦ","αὐτοῦ","αὐτός"
"45","11","02","RR","ASM","ὃν","ὃν","ὅν","ὅς"
"45","11","02","V","3AAI-S","προέγνω.","προέγνω","προέγνω","προγινώσκω"
"45","11","02","C","","ἢ","ἢ","ἤ","ἤ"
"45","11","02","D","","οὐκ","οὐκ","οὐ","οὐ"
"45","11","02","V","2XAI-P","οἴδατε","οἴδατε","οἴδατε","οἶδα"
"45","11","02","P","","ἐν","ἐν","ἐν","ἐν"
"45","11","02","N","DSM","Ἠλίᾳ","Ἠλίᾳ","Ἠλίᾳ","Ἠλίας"
"45","11","02","RI","ASN","τί","τί","τί","τίς"
"45","11","02","V","3PAI-S","λέγει","λέγει","λέγει","λέγω"
"45","11","02","RA","NSF","ἡ","ἡ","ἡ","ὁ"
"45","11","02","N","NSF","γραφή,","γραφή","γραφή","γραφή"
"45","11","02","C","","ὡς","ὡς","ὡς","ὡς"
"45","11","02","V","3PAI-S","ἐντυγχάνει","ἐντυγχάνει","ἐντυγχάνει","ἐντυγχάνω"
"45","11","02","RA","DSM","τῷ","τῷ","τῷ","ὁ"
"45","11","02","N","DSM","θεῷ","θεῷ","θεῷ","θεός"
"45","11","02","P","","κατὰ","κατὰ","κατά","κατά"
"45","11","02","RA","GSM","τοῦ","τοῦ","τοῦ","ὁ"
"45","11","02","N","GSM","⸀Ἰσραήλ;","Ἰσραήλ","Ἰσραήλ","Ἰσραήλ"
"45","11","03","N","VSM","Κύριε,","Κύριε","κύριε","κύριος"
"45","11","03","RA","APM","τοὺς","τοὺς","τούς","ὁ"
"45","11","03","N","APM","προφήτας","προφήτας","προφήτας","προφήτης"
"45","11","03","RP","GS","σου","σου","σου","σύ"
"45","11","03","V","3AAI-P","ἀπέκτειναν,","ἀπέκτειναν","ἀπέκτειναν","ἀποκτείνω"
"45","11","03","RA","APN","⸀τὰ","τὰ","τά","ὁ"
"45","11","03","N","APN","θυσιαστήριά","θυσιαστήριά","θυσιαστήρια","θυσιαστήριον"
"45","11","03","RP","GS","σου","σου","σου","σύ"
"45","11","03","V","3AAI-P","κατέσκαψαν,","κατέσκαψαν","κατέσκαψαν","κατασκάπτω"
"45","11","03","RP","NS","κἀγὼ","κἀγὼ","κἀγώ","κἀγώ"
"45","11","03","V","1API-S","ὑπελείφθην","ὑπελείφθην","ὑπελείφθην","ὑπολείπω"
"45","11","03","A","NSM","μόνος,","μόνος","μόνος","μόνος"
"45","11","03","C","","καὶ","καὶ","καί","καί"
"45","11","03","V","3PAI-P","ζητοῦσιν","ζητοῦσιν","ζητοῦσι(ν)","ζητέω"
"45","11","03","RA","ASF","τὴν","τὴν","τήν","ὁ"
"45","11","03","N","ASF","ψυχήν","ψυχήν","ψυχήν","ψυχή"
"45","11","03","RP","GS","μου.","μου","μου","ἐγώ"
"45","11","04","C","","ἀλλὰ","ἀλλὰ","ἀλλά","ἀλλά"
"45","11","04","RI","ASN","τί","τί","τί","τίς"
"45","11","04","V","3PAI-S","λέγει","λέγει","λέγει","λέγω"
"45","11","04","RP","DSM","αὐτῷ","αὐτῷ","αὐτῷ","αὐτός"
"45","11","04","RA","NSM","ὁ","ὁ","ὁ","ὁ"
"45","11","04","N","NSM","χρηματισμός;","χρηματισμός","χρηματισμός","χρηματισμός"
"45","11","04","V","1AAI-S","Κατέλιπον","Κατέλιπον","κατέλιπον","καταλείπω"
"45","11","04","RP","DSM","ἐμαυτῷ","ἐμαυτῷ","ἐμαυτῷ","ἐμαυτοῦ"
"45","11","04","A","APM","ἑπτακισχιλίους","ἑπτακισχιλίους","ἑπτακισχιλίους","ἑπτακισχίλιοι"
"45","11","04","N","APM","ἄνδρας,","ἄνδρας","ἄνδρας","ἀνήρ"
"45","11","04","RR","NPM","οἵτινες","οἵτινες","οἵτινες","ὅστις"
"45","11","04","D","","οὐκ","οὐκ","οὐ","οὐ"
"45","11","04","V","3AAI-P","ἔκαμψαν","ἔκαμψαν","ἔκαμψαν","κάμπτω"
"45","11","04","N","ASN","γόνυ","γόνυ","γόνυ","γόνυ"
"45","11","04","RA","DSF","τῇ","τῇ","τῇ","ὁ"
"45","11","04","N","GSM","Βάαλ.","Βάαλ","Βάαλ","Βάαλ"
"45","11","05","D","","οὕτως","οὕτως","οὕτω(ς)","οὕτω(ς)"
"45","11","05","C","","οὖν","οὖν","οὖν","οὖν"
"45","11","05","D","","καὶ","καὶ","καί","καί"
"45","11","05","P","","ἐν","ἐν","ἐν","ἐν"
"45","11","05","RA","DSM","τῷ","τῷ","τῷ","ὁ"
"45","11","05","D","","νῦν","νῦν","νῦν","νῦν"
"45","11","05","N","DSM","καιρῷ","καιρῷ","καιρῷ","καιρός"
"45","11","05","N","NSN","λεῖμμα","λεῖμμα","λεῖμμα","λεῖμμα"
"45","11","05","P","","κατ’","κατ’","κατά","κατά"
"45","11","05","N","ASF","ἐκλογὴν","ἐκλογὴν","ἐκλογήν","ἐκλογή"
"45","11","05","N","GSF","χάριτος","χάριτος","χάριτος","χάρις"
"45","11","05","V","3XAI-S","γέγονεν·","γέγονεν","γέγονε(ν)","γίνομαι"
"45","11","06","C","","εἰ","εἰ","εἰ","εἰ"
"45","11","06","C","","δὲ","δὲ","δέ","δέ"
"45","11","06","N","DSF","χάριτι,","χάριτι","χάριτι","χάρις"
"45","11","06","D","","οὐκέτι","οὐκέτι","οὐκέτι","οὐκέτι"
"45","11","06","P","","ἐξ","ἐξ","ἐκ","ἐκ"
"45","11","06","N","GPN","ἔργων,","ἔργων","ἔργων","ἔργον"
"45","11","06","C","","ἐπεὶ","ἐπεὶ","ἐπεί","ἐπεί"
"45","11","06","RA","NSF","ἡ","ἡ","ἡ","ὁ"
"45","11","06","N","NSF","χάρις","χάρις","χάρις","χάρις"
"45","11","06","D","","οὐκέτι","οὐκέτι","οὐκέτι","οὐκέτι"
"45","11","06","V","3PMI-S","γίνεται","γίνεται","γίνεται","γίνομαι"
"45","11","06","N","NSF","⸀χάρις.","χάρις","χάρις","χάρις"
"45","11","07","RI","ASN","τί","τί","τί","τίς"
"45","11","07","C","","οὖν;","οὖν","οὖν","οὖν"
"45","11","07","RR","ASN","ὃ","ὃ","ὅ","ὅς"
"45","11","07","V","3PAI-S","ἐπιζητεῖ","ἐπιζητεῖ","ἐπιζητεῖ","ἐπιζητέω"
"45","11","07","N","NSM","Ἰσραήλ,","Ἰσραήλ","Ἰσραήλ","Ἰσραήλ"
"45","11","07","RD","ASN","τοῦτο","τοῦτο","τοῦτο","οὗτος"
"45","11","07","D","","οὐκ","οὐκ","οὐ","οὐ"
"45","11","07","V","3AAI-S","ἐπέτυχεν,","ἐπέτυχεν","ἐπέτυχε(ν)","ἐπιτυγχάνω"
"45","11","07","RA","NSF","ἡ","ἡ","ἡ","ὁ"
"45","11","07","C","","δὲ","δὲ","δέ","δέ"
"45","11","07","N","NSF","ἐκλογὴ","ἐκλογὴ","ἐκλογή","ἐκλογή"
"45","11","07","V","3AAI-S","ἐπέτυχεν·","ἐπέτυχεν","ἐπέτυχε(ν)","ἐπιτυγχάνω"
"45","11","07","RA","NPM","οἱ","οἱ","οἱ","ὁ"
"45","11","07","C","","δὲ","δὲ","δέ","δέ"
"45","11","07","A","NPM","λοιποὶ","λοιποὶ","λοιποί","λοιπός"
"45","11","07","V","3API-P","ἐπωρώθησαν,","ἐπωρώθησαν","ἐπωρώθησαν","πωρόω"
"45","11","08","C","","⸀καθὼς","καθὼς","καθώς","καθώς"
"45","11","08","V","3XPI-S","γέγραπται·","γέγραπται","γέγραπται","γράφω"
"45","11","08","V","3AAI-S","Ἔδωκεν","Ἔδωκεν","ἔδωκε(ν)","δίδωμι"
"45","11","08","RP","DPM","αὐτοῖς","αὐτοῖς","αὐτοῖς","αὐτός"
"45","11","08","RA","NSM","ὁ","ὁ","ὁ","ὁ"
"45","11","08","N","NSM","θεὸς","θεὸς","θεός","θεός"
"45","11","08","N","ASN","πνεῦμα","πνεῦμα","πνεῦμα","πνεῦμα"
"45","11","08","N","GSF","κατανύξεως,","κατανύξεως","κατανύξεως","κατάνυξις"
"45","11","08","N","APM","ὀφθαλμοὺς","ὀφθαλμοὺς","ὀφθαλμούς","ὀφθαλμός"
"45","11","08","RA","GSN","τοῦ","τοῦ","τοῦ","ὁ"
"45","11","08","D","","μὴ","μὴ","μή","μή"
"45","11","08","V","PAN","βλέπειν","βλέπειν","βλέπειν","βλέπω"
"45","11","08","C","","καὶ","καὶ","καί","καί"
"45","11","08","N","APN","ὦτα","ὦτα","ὦτα","οὖς"
"45","11","08","RA","GSN","τοῦ","τοῦ","τοῦ","ὁ"
"45","11","08","D","","μὴ","μὴ","μή","μή"
"45","11","08","V","PAN","ἀκούειν,","ἀκούειν","ἀκούειν","ἀκούω"
"45","11","08","P","","ἕως","ἕως","ἕως","ἕως"
"45","11","08","RA","GSF","τῆς","τῆς","τῆς","ὁ"
"45","11","08","D","","σήμερον","σήμερον","σήμερον","σήμερον"
"45","11","08","N","GSF","ἡμέρας.","ἡμέρας","ἡμέρας","ἡμέρα"
"45","11","09","C","","καὶ","καὶ","καί","καί"
"45","11","09","N","NSM","Δαυὶδ","Δαυὶδ","Δαυίδ","Δαυίδ"
"45","11","09","V","3PAI-S","λέγει·","λέγει","λέγει","λέγω"
"45","11","09","V","3APD-S","Γενηθήτω","Γενηθήτω","γενηθήτω","γίνομαι"
"45","11","09","RA","NSF","ἡ","ἡ","ἡ","ὁ"
"45","11","09","N","NSF","τράπεζα","τράπεζα","τράπεζα","τράπεζα"
"45","11","09","RP","GPM","αὐτῶν","αὐτῶν","αὐτῶν","αὐτός"
"45","11","09","P","","εἰς","εἰς","εἰς","εἰς"
"45","11","09","N","ASF","παγίδα","παγίδα","παγίδα","παγίς"
"45","11","09","C","","καὶ","καὶ","καί","καί"
"45","11","09","P","","εἰς","εἰς","εἰς","εἰς"
"45","11","09","N","ASF","θήραν","θήραν","θήραν","θήρα"
"45","11","09","C","","καὶ","καὶ","καί","καί"
"45","11","09","P","","εἰς","εἰς","εἰς","εἰς"
"45","11","09","N","ASN","σκάνδαλον","σκάνδαλον","σκάνδαλον","σκάνδαλον"
"45","11","09","C","","καὶ","καὶ","καί","καί"
"45","11","09","P","","εἰς","εἰς","εἰς","εἰς"
"45","11","09","N","ASN","ἀνταπόδομα","ἀνταπόδομα","ἀνταπόδομα","ἀνταπόδομα"
"45","11","09","RP","DPM","αὐτοῖς,","αὐτοῖς","αὐτοῖς","αὐτός"
"45","11","10","V","3APD-P","σκοτισθήτωσαν","σκοτισθήτωσαν","σκοτισθήτωσαν","σκοτίζομαι"
"45","11","10","RA","NPM","οἱ","οἱ","οἱ","ὁ"
"45","11","10","N","NPM","ὀφθαλμοὶ","ὀφθαλμοὶ","ὀφθαλμοί","ὀφθαλμός"
"45","11","10","RP","GPM","αὐτῶν","αὐτῶν","αὐτῶν","αὐτός"
"45","11","10","RA","GSN","τοῦ","τοῦ","τοῦ","ὁ"
"45","11","10","D","","μὴ","μὴ","μή","μή"
"45","11","10","V","PAN","βλέπειν,","βλέπειν","βλέπειν","βλέπω"
"45","11","10","C","","καὶ","καὶ","καί","καί"
"45","11","10","RA","ASM","τὸν","τὸν","τόν","ὁ"
"45","11","10","N","ASM","νῶτον","νῶτον","νῶτον","νῶτος"
"45","11","10","RP","GPM","αὐτῶν","αὐτῶν","αὐτῶν","αὐτός"
"45","11","10","P","","διὰ","διὰ","διά","διά"
"45","11","10","A","GSM","παντὸς","παντὸς","παντός","πᾶς"
"45","11","10","V","2AAD-S","σύγκαμψον.","σύγκαμψον","σύγκαμψον","συγκάμπτω"
"45","11","11","V","1PAI-S","Λέγω","Λέγω","λέγω","λέγω"
"45","11","11","C","","οὖν,","οὖν","οὖν","οὖν"
"45","11","11","X","","μὴ","μὴ","μή","μή"
"45","11","11","V","3AAI-P","ἔπταισαν","ἔπταισαν","ἔπταισαν","πταίω"
"45","11","11","C","","ἵνα","ἵνα","ἵνα","ἵνα"
"45","11","11","V","3AAS-P","πέσωσιν;","πέσωσιν","πέσωσι(ν)","πίπτω"
"45","11","11","D","","μὴ","μὴ","μή","μή"
"45","11","11","V","3AMO-S","γένοιτο·","γένοιτο","γένοιτο","γίνομαι"
"45","11","11","C","","ἀλλὰ","ἀλλὰ","ἀλλά","ἀλλά"
"45","11","11","RA","DSN","τῷ","τῷ","τῷ","ὁ"
"45","11","11","RP","GPM","αὐτῶν","αὐτῶν","αὐτῶν","αὐτός"
"45","11","11","N","DSN","παραπτώματι","παραπτώματι","παραπτώματι","παράπτωμα"
"45","11","11","RA","NSF","ἡ","ἡ","ἡ","ὁ"
"45","11","11","N","NSF","σωτηρία","σωτηρία","σωτηρία","σωτηρία"
"45","11","11","RA","DPN","τοῖς","τοῖς","τοῖς","ὁ"
"45","11","11","N","DPN","ἔθνεσιν,","ἔθνεσιν","ἔθνεσι(ν)","ἔθνος"
"45","11","11","P","","εἰς","εἰς","εἰς","εἰς"
"45","11","11","RA","ASN","τὸ","τὸ","τό","ὁ"
"45","11","11","V","AAN","παραζηλῶσαι","παραζηλῶσαι","παραζηλῶσαι","παραζηλόω"
"45","11","11","RP","APM","αὐτούς.","αὐτούς","αὐτούς","αὐτός"
"45","11","12","C","","εἰ","εἰ","εἰ","εἰ"
"45","11","12","C","","δὲ","δὲ","δέ","δέ"
"45","11","12","RA","NSN","τὸ","τὸ","τό","ὁ"
"45","11","12","N","NSN","παράπτωμα","παράπτωμα","παράπτωμα","παράπτωμα"
"45","11","12","RP","GPM","αὐτῶν","αὐτῶν","αὐτῶν","αὐτός"
"45","11","12","N","NSM","πλοῦτος","πλοῦτος","πλοῦτος","πλοῦτος"
"45","11","12","N","GSM","κόσμου","κόσμου","κόσμου","κόσμος"
"45","11","12","C","","καὶ","καὶ","καί","καί"
"45","11","12","RA","NSN","τὸ","τὸ","τό","ὁ"
"45","11","12","N","NSN","ἥττημα","ἥττημα","ἥττημα","ἥττημα"
"45","11","12","RP","GPM","αὐτῶν","αὐτῶν","αὐτῶν","αὐτός"
"45","11","12","N","NSM","πλοῦτος","πλοῦτος","πλοῦτος","πλοῦτος"
"45","11","12","N","GPN","ἐθνῶν,","ἐθνῶν","ἐθνῶν","ἔθνος"
"45","11","12","RI","DSN","πόσῳ","πόσῳ","πόσῳ","πόσος"
"45","11","12","D","","μᾶλλον","μᾶλλον","μᾶλλον","μᾶλλον"
"45","11","12","RA","NSN","τὸ","τὸ","τό","ὁ"
"45","11","12","N","NSN","πλήρωμα","πλήρωμα","πλήρωμα","πλήρωμα"
"45","11","12","RP","GPM","αὐτῶν.","αὐτῶν","αὐτῶν","αὐτός"
"45","11","13","RP","DP","Ὑμῖν","Ὑμῖν","ὑμῖν","σύ"
"45","11","13","C","","⸀δὲ","δὲ","δέ","δέ"
"45","11","13","V","1PAI-S","λέγω","λέγω","λέγω","λέγω"
"45","11","13","RA","DPN","τοῖς","τοῖς","τοῖς","ὁ"
"45","11","13","N","DPN","ἔθνεσιν.","ἔθνεσιν","ἔθνεσι(ν)","ἔθνος"
"45","11","13","P","","ἐφ’","ἐφ’","ἐπί","ἐπί"
"45","11","13","RR","ASN","ὅσον","ὅσον","ὅσον","ὅσος"
"45","11","13","X","","μὲν","μὲν","μέν","μέν"
"45","11","13","C","","⸀οὖν","οὖν","οὖν","οὖν"
"45","11","13","V","1PAI-S","εἰμι","εἰμι","εἰμί","εἰμί"
"45","11","13","RP","NS","ἐγὼ","ἐγὼ","ἐγώ","ἐγώ"
"45","11","13","N","GPN","ἐθνῶν","ἐθνῶν","ἐθνῶν","ἔθνος"
"45","11","13","N","NSM","ἀπόστολος,","ἀπόστολος","ἀπόστολος","ἀπόστολος"
"45","11","13","RA","ASF","τὴν","τὴν","τήν","ὁ"
"45","11","13","N","ASF","διακονίαν","διακονίαν","διακονίαν","διακονία"
"45","11","13","RP","GS","μου","μου","μου","ἐγώ"
"45","11","13","V","1PAI-S","δοξάζω,","δοξάζω","δοξάζω","δοξάζω"
"45","11","14","X","","εἴ","εἴ","εἰ","εἰ"
"45","11","14","D","","πως","πως","πώς","πώς"
"45","11","14","V","1FAI-S","παραζηλώσω","παραζηλώσω","παραζηλώσω","παραζηλόω"
"45","11","14","RP","GS","μου","μου","μου","ἐγώ"
"45","11","14","RA","ASF","τὴν","τὴν","τήν","ὁ"
"45","11","14","N","ASF","σάρκα","σάρκα","σάρκα","σάρξ"
"45","11","14","C","","καὶ","καὶ","καί","καί"
"45","11","14","V","1FAI-S","σώσω","σώσω","σώσω","σῴζω"
"45","11","14","RI","APM","τινὰς","τινὰς","τινάς","τις"
"45","11","14","P","","ἐξ","ἐξ","ἐκ","ἐκ"
"45","11","14","RP","GPM","αὐτῶν.","αὐτῶν","αὐτῶν","αὐτός"
"45","11","15","C","","εἰ","εἰ","εἰ","εἰ"
"45","11","15","C","","γὰρ","γὰρ","γάρ","γάρ"
"45","11","15","RA","NSF","ἡ","ἡ","ἡ","ὁ"
"45","11","15","N","NSF","ἀποβολὴ","ἀποβολὴ","ἀποβολή","ἀποβολή"
"45","11","15","RP","GPM","αὐτῶν","αὐτῶν","αὐτῶν","αὐτός"
"45","11","15","N","NSF","καταλλαγὴ","καταλλαγὴ","καταλλαγή","καταλλαγή"
"45","11","15","N","GSM","κόσμου,","κόσμου","κόσμου","κόσμος"
"45","11","15","RI","NSF","τίς","τίς","τίς","τίς"
"45","11","15","RA","NSF","ἡ","ἡ","ἡ","ὁ"
"45","11","15","N","NSF","πρόσλημψις","πρόσλημψις","πρόσλημψις","πρόσλημψις"
"45","11","15","C","","εἰ","εἰ","εἰ","εἰ"
"45","11","15","D","","μὴ","μὴ","μή","μή"
"45","11","15","N","NSF","ζωὴ","ζωὴ","ζωή","ζωή"
"45","11","15","P","","ἐκ","ἐκ","ἐκ","ἐκ"
"45","11","15","A","GPM","νεκρῶν;","νεκρῶν","νεκρῶν","νεκρός"
"45","11","16","C","","εἰ","εἰ","εἰ","εἰ"
"45","11","16","C","","δὲ","δὲ","δέ","δέ"
"45","11","16","RA","NSF","ἡ","ἡ","ἡ","ὁ"
"45","11","16","N","NSF","ἀπαρχὴ","ἀπαρχὴ","ἀπαρχή","ἀπαρχή"
"45","11","16","A","NSF","ἁγία,","ἁγία","ἁγία","ἅγιος"
"45","11","16","D","","καὶ","καὶ","καί","καί"
"45","11","16","RA","NSN","τὸ","τὸ","τό","ὁ"
"45","11","16","N","NSN","φύραμα·","φύραμα","φύραμα","φύραμα"
"45","11","16","C","","καὶ","καὶ","καί","καί"
"45","11","16","C","","εἰ","εἰ","εἰ","εἰ"
"45","11","16","RA","NSF","ἡ","ἡ","ἡ","ὁ"
"45","11","16","N","NSF","ῥίζα","ῥίζα","ῥίζα","ῥίζα"
"45","11","16","A","NSF","ἁγία,","ἁγία","ἁγία","ἅγιος"
"45","11","16","D","","καὶ","καὶ","καί","καί"
"45","11","16","RA","NPM","οἱ","οἱ","οἱ","ὁ"
"45","11","16","N","NPM","κλάδοι.","κλάδοι","κλάδοι","κλάδος"
"45","11","17","C","","Εἰ","Εἰ","εἰ","εἰ"
"45","11","17","C","","δέ","δέ","δέ","δέ"
"45","11","17","RI","NPM","τινες","τινες","τινές","τις"
"45","11","17","RA","GPM","τῶν","τῶν","τῶν","ὁ"
"45","11","17","N","GPM","κλάδων","κλάδων","κλάδων","κλάδος"
"45","11","17","V","3API-P","ἐξεκλάσθησαν,","ἐξεκλάσθησαν","ἐξεκλάσθησαν","ἐκκλάω"
"45","11","17","RP","NS","σὺ","σὺ","σύ","σύ"
"45","11","17","C","","δὲ","δὲ","δέ","δέ"
"45","11","17","N","NSF","ἀγριέλαιος","ἀγριέλαιος","ἀγριέλαιος","ἀγριέλαιος"
"45","11","17","V","PAPNSM","ὢν","ὢν","ὤν","εἰμί"
"45","11","17","V","2API-S","ἐνεκεντρίσθης","ἐνεκεντρίσθης","ἐνεκεντρίσθης","ἐγκεντρίζω"
"45","11","17","P","","ἐν","ἐν","ἐν","ἐν"
"45","11","17","RP","DPM","αὐτοῖς","αὐτοῖς","αὐτοῖς","αὐτός"
"45","11","17","C","","καὶ","καὶ","καί","καί"
"45","11","17","N","NSM","συγκοινωνὸς","συγκοινωνὸς","συγκοινωνός","συγκοινωνός"
"45","11","17","RA","GSF","τῆς","τῆς","τῆς","ὁ"
"45","11","17","N","GSF","⸀ῥίζης","ῥίζης","ῥίζης","ῥίζα"
"45","11","17","RA","GSF","τῆς","τῆς","τῆς","ὁ"
"45","11","17","N","GSF","πιότητος","πιότητος","πιότητος","πιότης"
"45","11","17","RA","GSF","τῆς","τῆς","τῆς","ὁ"
"45","11","17","N","GSF","ἐλαίας","ἐλαίας","ἐλαίας","ἐλαία"
"45","11","17","V","2AMI-S","ἐγένου,","ἐγένου","ἐγένου","γίνομαι"
"45","11","18","D","","μὴ","μὴ","μή","μή"
"45","11","18","V","2PMD-S","κατακαυχῶ","κατακαυχῶ","κατακαυχῶ","κατακαυχάομαι"
"45","11","18","RA","GPM","τῶν","τῶν","τῶν","ὁ"
"45","11","18","N","GPM","κλάδων·","κλάδων","κλάδων","κλάδος"
"45","11","18","C","","εἰ","εἰ","εἰ","εἰ"
"45","11","18","C","","δὲ","δὲ","δέ","δέ"
"45","11","18","V","2PMI-S","κατακαυχᾶσαι,","κατακαυχᾶσαι","κατακαυχᾶσαι","κατακαυχάομαι"
"45","11","18","D","","οὐ","οὐ","οὐ","οὐ"
"45","11","18","RP","NS","σὺ","σὺ","σύ","σύ"
"45","11","18","RA","ASF","τὴν","τὴν","τήν","ὁ"
"45","11","18","N","ASF","ῥίζαν","ῥίζαν","ῥίζαν","ῥίζα"
"45","11","18","V","2PAI-S","βαστάζεις","βαστάζεις","βαστάζεις","βαστάζω"
"45","11","18","C","","ἀλλὰ","ἀλλὰ","ἀλλά","ἀλλά"
"45","11","18","RA","NSF","ἡ","ἡ","ἡ","ὁ"
"45","11","18","N","NSF","ῥίζα","ῥίζα","ῥίζα","ῥίζα"
"45","11","18","RP","AS","σέ.","σέ","σέ","σύ"
"45","11","19","V","2FAI-S","ἐρεῖς","ἐρεῖς","ἐρεῖς","λέγω"
"45","11","19","C","","οὖν·","οὖν","οὖν","οὖν"
"45","11","19","V","3API-P","Ἐξεκλάσθησαν","Ἐξεκλάσθησαν","ἐξεκλάσθησαν","ἐκκλάω"
"45","11","19","N","NPM","κλάδοι","κλάδοι","κλάδοι","κλάδος"
"45","11","19","C","","ἵνα","ἵνα","ἵνα","ἵνα"
"45","11","19","RP","NS","ἐγὼ","ἐγὼ","ἐγώ","ἐγώ"
"45","11","19","V","1APS-S","ἐγκεντρισθῶ.","ἐγκεντρισθῶ","ἐγκεντρισθῶ","ἐγκεντρίζω"
"45","11","20","D","","καλῶς·","καλῶς","καλῶς","καλῶς"
"45","11","20","RA","DSF","τῇ","τῇ","τῇ","ὁ"
"45","11","20","N","DSF","ἀπιστίᾳ","ἀπιστίᾳ","ἀπιστίᾳ","ἀπιστία"
"45","11","20","V","3API-P","ἐξεκλάσθησαν,","ἐξεκλάσθησαν","ἐξεκλάσθησαν","ἐκκλάω"
"45","11","20","RP","NS","σὺ","σὺ","σύ","σύ"
"45","11","20","C","","δὲ","δὲ","δέ","δέ"
"45","11","20","RA","DSF","τῇ","τῇ","τῇ","ὁ"
"45","11","20","N","DSF","πίστει","πίστει","πίστει","πίστις"
"45","11","20","V","2XAI-S","ἕστηκας.","ἕστηκας","ἕστηκας","ἵστημι"
"45","11","20","D","","μὴ","μὴ","μή","μή"
"45","11","20","A","APN","⸂ὑψηλὰ","ὑψηλὰ","ὑψηλά","ὑψηλός"
"45","11","20","V","2PAD-S","φρόνει⸃,","φρόνει","φρόνει","φρονέω"
"45","11","20","C","","ἀλλὰ","ἀλλὰ","ἀλλά","ἀλλά"
"45","11","20","V","2PMD-S","φοβοῦ·","φοβοῦ","φοβοῦ","φοβέομαι"
"45","11","21","C","","εἰ","εἰ","εἰ","εἰ"
"45","11","21","C","","γὰρ","γὰρ","γάρ","γάρ"
"45","11","21","RA","NSM","ὁ","ὁ","ὁ","ὁ"
"45","11","21","N","NSM","θεὸς","θεὸς","θεός","θεός"
"45","11","21","RA","GPM","τῶν","τῶν","τῶν","ὁ"
"45","11","21","P","","κατὰ","κατὰ","κατά","κατά"
"45","11","21","N","ASF","φύσιν","φύσιν","φύσιν","φύσις"
"45","11","21","N","GPM","κλάδων","κλάδων","κλάδων","κλάδος"
"45","11","21","D","","οὐκ","οὐκ","οὐ","οὐ"
"45","11","21","V","3AMI-S","ἐφείσατο,","ἐφείσατο","ἐφείσατο","φείδομαι"
"45","11","21","D","","⸀οὐδὲ","οὐδὲ","οὐδέ","οὐδέ"
"45","11","21","RP","GS","σοῦ","σοῦ","σοῦ","σύ"
"45","11","21","V","3FMI-S","φείσεται.","φείσεται","φείσεται","φείδομαι"
"45","11","22","X","","ἴδε","ἴδε","ἴδε","ἴδε"
"45","11","22","C","","οὖν","οὖν","οὖν","οὖν"
"45","11","22","N","ASF","χρηστότητα","χρηστότητα","χρηστότητα","χρηστότης"
"45","11","22","C","","καὶ","καὶ","καί","καί"
"45","11","22","N","ASF","ἀποτομίαν","ἀποτομίαν","ἀποτομίαν","ἀποτομία"
"45","11","22","N","GSM","θεοῦ·","θεοῦ","θεοῦ","θεός"
"45","11","22","P","","ἐπὶ","ἐπὶ","ἐπί","ἐπί"
"45","11","22","C","","μὲν","μὲν","μέν","μέν"
"45","11","22","RA","APM","τοὺς","τοὺς","τούς","ὁ"
"45","11","22","V","AAPAPM","πεσόντας","πεσόντας","πεσόντας","πίπτω"
"45","11","22","N","NSF","⸀ἀποτομία,","ἀποτομία","ἀποτομία","ἀποτομία"
"45","11","22","P","","ἐπὶ","ἐπὶ","ἐπί","ἐπί"
"45","11","22","C","","δὲ","δὲ","δέ","δέ"
"45","11","22","RP","AS","σὲ","σὲ","σέ","σύ"
"45","11","22","N","NSF","⸂χρηστότης","χρηστότης","χρηστότης","χρηστότης"
"45","11","22","N","GSM","θεοῦ⸃,","θεοῦ","θεοῦ","θεός"
"45","11","22","C","","ἐὰν","ἐὰν","ἐάν","ἐάν"
"45","11","22","V","2PAS-S","⸀ἐπιμένῃς","ἐπιμένῃς","ἐπιμένῃς","ἐπιμένω"
"45","11","22","RA","DSF","τῇ","τῇ","τῇ","ὁ"
"45","11","22","N","DSF","χρηστότητι,","χρηστότητι","χρηστότητι","χρηστότης"
"45","11","22","C","","ἐπεὶ","ἐπεὶ","ἐπεί","ἐπεί"
"45","11","22","D","","καὶ","καὶ","καί","καί"
"45","11","22","RP","NS","σὺ","σὺ","σύ","σύ"
"45","11","22","V","2FPI-S","ἐκκοπήσῃ.","ἐκκοπήσῃ","ἐκκοπήσῃ","ἐκκόπτω"
"45","11","23","RD","NPM","κἀκεῖνοι","κἀκεῖνοι","κἀκεῖνοι","κἀκεῖνος"
"45","11","23","C","","δέ,","δέ","δέ","δέ"
"45","11","23","C","","ἐὰν","ἐὰν","ἐάν","ἐάν"
"45","11","23","D","","μὴ","μὴ","μή","μή"
"45","11","23","V","3PAS-P","⸀ἐπιμένωσι","ἐπιμένωσι","ἐπιμένωσι(ν)","ἐπιμένω"
"45","11","23","RA","DSF","τῇ","τῇ","τῇ","ὁ"
"45","11","23","N","DSF","ἀπιστίᾳ,","ἀπιστίᾳ","ἀπιστίᾳ","ἀπιστία"
"45","11","23","V","3FPI-P","ἐγκεντρισθήσονται·","ἐγκεντρισθήσονται","ἐγκεντρισθήσονται","ἐγκεντρίζω"
"45","11","23","A","NSM","δυνατὸς","δυνατὸς","δυνατός","δυνατός"
"45","11","23","C","","γάρ","γάρ","γάρ","γάρ"
"45","11","23","V","3PAI-S","⸂ἐστιν","ἐστιν","ἐστί(ν)","εἰμί"
"45","11","23","RA","NSM","ὁ","ὁ","ὁ","ὁ"
"45","11","23","N","NSM","θεὸς⸃","θεὸς","θεός","θεός"
"45","11","23","D","","πάλιν","πάλιν","πάλιν","πάλιν"
"45","11","23","V","AAN","ἐγκεντρίσαι","ἐγκεντρίσαι","ἐγκεντρίσαι","ἐγκεντρίζω"
"45","11","23","RP","APM","αὐτούς.","αὐτούς","αὐτούς","αὐτός"
"45","11","24","C","","εἰ","εἰ","εἰ","εἰ"
"45","11","24","C","","γὰρ","γὰρ","γάρ","γάρ"
"45","11","24","RP","NS","σὺ","σὺ","σύ","σύ"
"45","11","24","P","","ἐκ","ἐκ","ἐκ","ἐκ"
"45","11","24","RA","GSF","τῆς","τῆς","τῆς","ὁ"
"45","11","24","P","","κατὰ","κατὰ","κατά","κατά"
"45","11","24","N","ASF","φύσιν","φύσιν","φύσιν","φύσις"
"45","11","24","V","2API-S","ἐξεκόπης","ἐξεκόπης","ἐξεκόπης","ἐκκόπτω"
"45","11","24","N","GSF","ἀγριελαίου","ἀγριελαίου","ἀγριελαίου","ἀγριέλαιος"
"45","11","24","C","","καὶ","καὶ","καί","καί"
"45","11","24","P","","παρὰ","παρὰ","παρά","παρά"
"45","11","24","N","ASF","φύσιν","φύσιν","φύσιν","φύσις"
"45","11","24","V","2API-S","ἐνεκεντρίσθης","ἐνεκεντρίσθης","ἐνεκεντρίσθης","ἐγκεντρίζω"
"45","11","24","P","","εἰς","εἰς","εἰς","εἰς"
"45","11","24","N","ASF","καλλιέλαιον,","καλλιέλαιον","καλλιέλαιον","καλλιέλαιος"
"45","11","24","RI","DSN","πόσῳ","πόσῳ","πόσῳ","πόσος"
"45","11","24","D","","μᾶλλον","μᾶλλον","μᾶλλον","μᾶλλον"
"45","11","24","RD","NPM","οὗτοι","οὗτοι","οὗτοι","οὗτος"
"45","11","24","RA","NPM","οἱ","οἱ","οἱ","ὁ"
"45","11","24","P","","κατὰ","κατὰ","κατά","κατά"
"45","11","24","N","ASF","φύσιν","φύσιν","φύσιν","φύσις"
"45","11","24","V","3FPI-P","ἐγκεντρισθήσονται","ἐγκεντρισθήσονται","ἐγκεντρισθήσονται","ἐγκεντρίζω"
"45","11","24","RA","DSF","τῇ","τῇ","τῇ","ὁ"
"45","11","24","A","DSF","ἰδίᾳ","ἰδίᾳ","ἰδίᾳ","ἴδιος"
"45","11","24","N","DSF","ἐλαίᾳ.","ἐλαίᾳ","ἐλαίᾳ","ἐλαία"
"45","11","25","D","","Οὐ","Οὐ","οὐ","οὐ"
"45","11","25","C","","γὰρ","γὰρ","γάρ","γάρ"
"45","11","25","V","1PAI-S","θέλω","θέλω","θέλω","θέλω"
"45","11","25","RP","AP","ὑμᾶς","ὑμᾶς","ὑμᾶς","σύ"
"45","11","25","V","PAN","ἀγνοεῖν,","ἀγνοεῖν","ἀγνοεῖν","ἀγνοέω"
"45","11","25","N","VPM","ἀδελφοί,","ἀδελφοί","ἀδελφοί","ἀδελφός"
"45","11","25","RA","ASN","τὸ","τὸ","τό","ὁ"
"45","11","25","N","ASN","μυστήριον","μυστήριον","μυστήριον","μυστήριον"
"45","11","25","RD","ASN","τοῦτο,","τοῦτο","τοῦτο","οὗτος"
"45","11","25","C","","ἵνα","ἵνα","ἵνα","ἵνα"
"45","11","25","D","","μὴ","μὴ","μή","μή"
"45","11","25","V","2PAS-P","⸀ἦτε","ἦτε","ἦτε","εἰμί"
"45","11","25","RP","DPM","ἑαυτοῖς","ἑαυτοῖς","ἑαυτοῖς","ἑαυτοῦ"
"45","11","25","A","NPM","φρόνιμοι,","φρόνιμοι","φρόνιμοι","φρόνιμος"
"45","11","25","D","","ὅτι","ὅτι","ὅτι","ὅτι"
"45","11","25","N","NSF","πώρωσις","πώρωσις","πώρωσις","πώρωσις"
"45","11","25","P","","ἀπὸ","ἀπὸ","ἀπό","ἀπό"
"45","11","25","N","GSN","μέρους","μέρους","μέρους","μέρος"
"45","11","25","RA","DSM","τῷ","τῷ","τῷ","ὁ"
"45","11","25","N","DSM","Ἰσραὴλ","Ἰσραὴλ","Ἰσραήλ","Ἰσραήλ"
"45","11","25","V","3XAI-S","γέγονεν","γέγονεν","γέγονε(ν)","γίνομαι"
"45","11","25","P","","ἄχρι","ἄχρι","ἄχρι","ἄχρι"
"45","11","25","RR","GSM","οὗ","οὗ","οὗ","ὅς"
"45","11","25","RA","NSN","τὸ","τὸ","τό","ὁ"
"45","11","25","N","NSN","πλήρωμα","πλήρωμα","πλήρωμα","πλήρωμα"
"45","11","25","RA","GPN","τῶν","τῶν","τῶν","ὁ"
"45","11","25","N","GPN","ἐθνῶν","ἐθνῶν","ἐθνῶν","ἔθνος"
"45","11","25","V","3AAS-S","εἰσέλθῃ,","εἰσέλθῃ","εἰσέλθῃ","εἰσέρχομαι"
"45","11","26","C","","καὶ","καὶ","καί","καί"
"45","11","26","D","","οὕτως","οὕτως","οὕτω(ς)","οὕτω(ς)"
"45","11","26","A","NSM","πᾶς","πᾶς","πᾶς","πᾶς"
"45","11","26","N","NSM","Ἰσραὴλ","Ἰσραὴλ","Ἰσραήλ","Ἰσραήλ"
"45","11","26","V","3FPI-S","σωθήσεται·","σωθήσεται","σωθήσεται","σῴζω"
"45","11","26","C","","καθὼς","καθὼς","καθώς","καθώς"
"45","11","26","V","3XPI-S","γέγραπται·","γέγραπται","γέγραπται","γράφω"
"45","11","26","V","3FAI-S","Ἥξει","Ἥξει","ἥξει","ἥκω"
"45","11","26","P","","ἐκ","ἐκ","ἐκ","ἐκ"
"45","11","26","N","GSF","Σιὼν","Σιὼν","Σιών","Σιών"
"45","11","26","RA","NSM","ὁ","ὁ","ὁ","ὁ"
"45","11","26","V","PMPNSM","⸀ῥυόμενος,","ῥυόμενος","ῥυόμενος","ῥύομαι"
"45","11","26","V","3FAI-S","ἀποστρέψει","ἀποστρέψει","ἀποστρέψει","ἀποστρέφω"
"45","11","26","N","APF","ἀσεβείας","ἀσεβείας","ἀσεβείας","ἀσέβεια"
"45","11","26","P","","ἀπὸ","ἀπὸ","ἀπό","ἀπό"
"45","11","26","N","GSM","Ἰακώβ.","Ἰακώβ","Ἰακώβ","Ἰακώβ"
"45","11","27","C","","καὶ","καὶ","καί","καί"
"45","11","27","RD","NSF","αὕτη","αὕτη","αὕτη","οὗτος"
"45","11","27","RP","DPM","αὐτοῖς","αὐτοῖς","αὐτοῖς","αὐτός"
"45","11","27","RA","NSF","ἡ","ἡ","ἡ","ὁ"
"45","11","27","P","","παρ’","παρ’","παρά","παρά"
"45","11","27","RP","GS","ἐμοῦ","ἐμοῦ","ἐμοῦ","ἐγώ"
"45","11","27","N","NSF","διαθήκη,","διαθήκη","διαθήκη","διαθήκη"
"45","11","27","C","","ὅταν","ὅταν","ὅταν","ὅταν"
"45","11","27","V","1AMS-S","ἀφέλωμαι","ἀφέλωμαι","ἀφέλωμαι","ἀφαιρέω"
"45","11","27","RA","APF","τὰς","τὰς","τάς","ὁ"
"45","11","27","N","APF","ἁμαρτίας","ἁμαρτίας","ἁμαρτίας","ἁμαρτία"
"45","11","27","RP","GPM","αὐτῶν.","αὐτῶν","αὐτῶν","αὐτός"
"45","11","28","P","","κατὰ","κατὰ","κατά","κατά"
"45","11","28","C","","μὲν","μὲν","μέν","μέν"
"45","11","28","RA","ASN","τὸ","τὸ","τό","ὁ"
"45","11","28","N","ASN","εὐαγγέλιον","εὐαγγέλιον","εὐαγγέλιον","εὐαγγέλιον"
"45","11","28","A","NPM","ἐχθροὶ","ἐχθροὶ","ἐχθροί","ἐχθρός"
"45","11","28","P","","δι’","δι’","διά","διά"
"45","11","28","RP","AP","ὑμᾶς,","ὑμᾶς","ὑμᾶς","σύ"
"45","11","28","P","","κατὰ","κατὰ","κατά","κατά"
"45","11","28","C","","δὲ","δὲ","δέ","δέ"
"45","11","28","RA","ASF","τὴν","τὴν","τήν","ὁ"
"45","11","28","N","ASF","ἐκλογὴν","ἐκλογὴν","ἐκλογήν","ἐκλογή"
"45","11","28","A","NPM","ἀγαπητοὶ","ἀγαπητοὶ","ἀγαπητοί","ἀγαπητός"
"45","11","28","P","","διὰ","διὰ","διά","διά"
"45","11","28","RA","APM","τοὺς","τοὺς","τούς","ὁ"
"45","11","28","N","APM","πατέρας·","πατέρας","πατέρας","πατήρ"
"45","11","29","A","NPN","ἀμεταμέλητα","ἀμεταμέλητα","ἀμεταμέλητα","ἀμεταμέλητος"
"45","11","29","C","","γὰρ","γὰρ","γάρ","γάρ"
"45","11","29","RA","NPN","τὰ","τὰ","τά","ὁ"
"45","11","29","N","NPN","χαρίσματα","χαρίσματα","χαρίσματα","χάρισμα"
"45","11","29","C","","καὶ","καὶ","καί","καί"
"45","11","29","RA","NSF","ἡ","ἡ","ἡ","ὁ"
"45","11","29","N","NSF","κλῆσις","κλῆσις","κλῆσις","κλῆσις"
"45","11","29","RA","GSM","τοῦ","τοῦ","τοῦ","ὁ"
"45","11","29","N","GSM","θεοῦ.","θεοῦ","θεοῦ","θεός"
"45","11","30","C","","ὥσπερ","ὥσπερ","ὥσπερ","ὥσπερ"
"45","11","30","C","","⸀γὰρ","γὰρ","γάρ","γάρ"
"45","11","30","RP","NP","ὑμεῖς","ὑμεῖς","ὑμεῖς","σύ"
"45","11","30","D","","ποτε","ποτε","ποτέ","ποτέ"
"45","11","30","V","2AAI-P","ἠπειθήσατε","ἠπειθήσατε","ἠπειθήσατε","ἀπειθέω"
"45","11","30","RA","DSM","τῷ","τῷ","τῷ","ὁ"
"45","11","30","N","DSM","θεῷ,","θεῷ","θεῷ","θεός"
"45","11","30","D","","νῦν","νῦν","νῦν","νῦν"
"45","11","30","C","","δὲ","δὲ","δέ","δέ"
"45","11","30","V","2API-P","ἠλεήθητε","ἠλεήθητε","ἠλεήθητε","ἐλεάω"
"45","11","30","RA","DSF","τῇ","τῇ","τῇ","ὁ"
"45","11","30","RD","GPM","τούτων","τούτων","τούτων","οὗτος"
"45","11","30","N","DSF","ἀπειθείᾳ,","ἀπειθείᾳ","ἀπειθείᾳ","ἀπείθεια"
"45","11","31","D","","οὕτως","οὕτως","οὕτω(ς)","οὕτω(ς)"
"45","11","31","D","","καὶ","καὶ","καί","καί"
"45","11","31","RD","NPM","οὗτοι","οὗτοι","οὗτοι","οὗτος"
"45","11","31","D","","νῦν","νῦν","νῦν","νῦν"
"45","11","31","V","3AAI-P","ἠπείθησαν","ἠπείθησαν","ἠπείθησαν","ἀπειθέω"
"45","11","31","RA","DSN","τῷ","τῷ","τῷ","ὁ"
"45","11","31","A","DSN","ὑμετέρῳ","ὑμετέρῳ","ὑμετέρῳ","ὑμέτερος"
"45","11","31","N","DSN","ἐλέει","ἐλέει","ἐλέει","ἔλεος"
"45","11","31","C","","ἵνα","ἵνα","ἵνα","ἵνα"
"45","11","31","D","","καὶ","καὶ","καί","καί"
"45","11","31","RP","NPM","αὐτοὶ","αὐτοὶ","αὐτοί","αὐτός"
"45","11","31","D","","⸀νῦν","νῦν","νῦν","νῦν"
"45","11","31","V","3APS-P","ἐλεηθῶσιν·","ἐλεηθῶσιν","ἐλεηθῶσι(ν)","ἐλεάω"
"45","11","32","V","3AAI-S","συνέκλεισεν","συνέκλεισεν","συνέκλεισε(ν)","συγκλείω"
"45","11","32","C","","γὰρ","γὰρ","γάρ","γάρ"
"45","11","32","RA","NSM","ὁ","ὁ","ὁ","ὁ"
"45","11","32","N","NSM","θεὸς","θεὸς","θεός","θεός"
"45","11","32","RA","APM","τοὺς","τοὺς","τούς","ὁ"
"45","11","32","A","APM","πάντας","πάντας","πάντας","πᾶς"
"45","11","32","P","","εἰς","εἰς","εἰς","εἰς"
"45","11","32","N","ASF","ἀπείθειαν","ἀπείθειαν","ἀπείθειαν","ἀπείθεια"
"45","11","32","C","","ἵνα","ἵνα","ἵνα","ἵνα"
"45","11","32","RA","APM","τοὺς","τοὺς","τούς","ὁ"
"45","11","32","A","APM","πάντας","πάντας","πάντας","πᾶς"
"45","11","32","V","3AAS-S","ἐλεήσῃ.","ἐλεήσῃ","ἐλεήσῃ","ἐλεάω"
"45","11","33","X","","Ὦ","Ὦ","ὦ","ὦ"
"45","11","33","N","NSN","βάθος","βάθος","βάθος","βάθος"
"45","11","33","N","GSM","πλούτου","πλούτου","πλούτου","πλοῦτος"
"45","11","33","C","","καὶ","καὶ","καί","καί"
"45","11","33","N","GSF","σοφίας","σοφίας","σοφίας","σοφία"
"45","11","33","C","","καὶ","καὶ","καί","καί"
"45","11","33","N","GSF","γνώσεως","γνώσεως","γνώσεως","γνῶσις"
"45","11","33","N","GSM","θεοῦ·","θεοῦ","θεοῦ","θεός"
"45","11","33","D","","ὡς","ὡς","ὡς","ὡς"
"45","11","33","A","NPN","ἀνεξεραύνητα","ἀνεξεραύνητα","ἀνεξεραύνητα","ἀνεξεραύνητος"
"45","11","33","RA","NPN","τὰ","τὰ","τά","ὁ"
"45","11","33","N","NPN","κρίματα","κρίματα","κρίματα","κρίμα"
"45","11","33","RP","GSM","αὐτοῦ","αὐτοῦ","αὐτοῦ","αὐτός"
"45","11","33","C","","καὶ","καὶ","καί","καί"
"45","11","33","A","NPF","ἀνεξιχνίαστοι","ἀνεξιχνίαστοι","ἀνεξιχνίαστοι","ἀνεξιχνίαστος"
"45","11","33","RA","NPF","αἱ","αἱ","αἱ","ὁ"
"45","11","33","N","NPF","ὁδοὶ","ὁδοὶ","ὁδοί","ὁδός"
"45","11","33","RP","GSM","αὐτοῦ.","αὐτοῦ","αὐτοῦ","αὐτός"
"45","11","34","RI","NSM","Τίς","Τίς","τίς","τίς"
"45","11","34","C","","γὰρ","γὰρ","γάρ","γάρ"
"45","11","34","V","3AAI-S","ἔγνω","ἔγνω","ἔγνω","γινώσκω"
"45","11","34","N","ASM","νοῦν","νοῦν","νοῦν","νοῦς"
"45","11","34","N","GSM","κυρίου;","κυρίου","κυρίου","κύριος"
"45","11","34","C","","ἢ","ἢ","ἤ","ἤ"
"45","11","34","RI","NSM","τίς","τίς","τίς","τίς"
"45","11","34","N","NSM","σύμβουλος","σύμβουλος","σύμβουλος","σύμβουλος"
"45","11","34","RP","GSM","αὐτοῦ","αὐτοῦ","αὐτοῦ","αὐτός"
"45","11","34","V","3AMI-S","ἐγένετο;","ἐγένετο","ἐγένετο","γίνομαι"
"45","11","35","C","","ἢ","ἢ","ἤ","ἤ"
"45","11","35","RI","NSM","τίς","τίς","τίς","τίς"
"45","11","35","V","3AAI-S","προέδωκεν","προέδωκεν","προέδωκε(ν)","προδίδωμι"
"45","11","35","RP","DSM","αὐτῷ,","αὐτῷ","αὐτῷ","αὐτός"
"45","11","35","C","","καὶ","καὶ","καί","καί"
"45","11","35","V","3FPI-S","ἀνταποδοθήσεται","ἀνταποδοθήσεται","ἀνταποδοθήσεται","ἀνταποδίδωμι"
"45","11","35","RP","DSM","αὐτῷ;","αὐτῷ","αὐτῷ","αὐτός"
"45","11","36","C","","ὅτι","ὅτι","ὅτι","ὅτι"
"45","11","36","P","","ἐξ","ἐξ","ἐκ","ἐκ"
"45","11","36","RP","GSM","αὐτοῦ","αὐτοῦ","αὐτοῦ","αὐτός"
"45","11","36","C","","καὶ","καὶ","καί","καί"
"45","11","36","P","","δι’","δι’","διά","διά"
"45","11","36","RP","GSM","αὐτοῦ","αὐτοῦ","αὐτοῦ","αὐτός"
"45","11","36","C","","καὶ","καὶ","καί","καί"
"45","11","36","P","","εἰς","εἰς","εἰς","εἰς"
"45","11","36","RP","ASM","αὐτὸν","αὐτὸν","αὐτόν","αὐτός"
"45","11","36","RA","NPN","τὰ","τὰ","τά","ὁ"
"45","11","36","A","NPN","πάντα·","πάντα","πάντα","πᾶς"
"45","11","36","RP","DSM","αὐτῷ","αὐτῷ","αὐτῷ","αὐτός"
"45","11","36","RA","NSF","ἡ","ἡ","ἡ","ὁ"
"45","11","36","N","NSF","δόξα","δόξα","δόξα","δόξα"
"45","11","36","P","","εἰς","εἰς","εἰς","εἰς"
"45","11","36","RA","APM","τοὺς","τοὺς","τούς","ὁ"
"45","11","36","N","APM","αἰῶνας,","αἰῶνας","αἰῶνας","αἰών"
"45","11","36","X","","ἀμήν.","ἀμήν","ἀμήν","ἀμήν"
"45","12","01","V","1PAI-S","Παρακαλῶ","Παρακαλῶ","παρακαλῶ","παρακαλέω"
"45","12","01","C","","οὖν","οὖν","οὖν","οὖν"
"45","12","01","RP","AP","ὑμᾶς,","ὑμᾶς","ὑμᾶς","σύ"
"45","12","01","N","VPM","ἀδελφοί,","ἀδελφοί","ἀδελφοί","ἀδελφός"
"45","12","01","P","","διὰ","διὰ","διά","διά"
"45","12","01","RA","GPM","τῶν","τῶν","τῶν","ὁ"
"45","12","01","N","GPM","οἰκτιρμῶν","οἰκτιρμῶν","οἰκτιρμῶν","οἰκτιρμός"
"45","12","01","RA","GSM","τοῦ","τοῦ","τοῦ","ὁ"
"45","12","01","N","GSM","θεοῦ","θεοῦ","θεοῦ","θεός"
"45","12","01","V","AAN","παραστῆσαι","παραστῆσαι","παραστῆσαι","παρίστημι"
"45","12","01","RA","APN","τὰ","τὰ","τά","ὁ"
"45","12","01","N","APN","σώματα","σώματα","σώματα","σῶμα"
"45","12","01","RP","GP","ὑμῶν","ὑμῶν","ὑμῶν","σύ"
"45","12","01","N","ASF","θυσίαν","θυσίαν","θυσίαν","θυσία"
"45","12","01","V","PAPASF","ζῶσαν","ζῶσαν","ζῶσαν","ζάω"
"45","12","01","A","ASF","ἁγίαν","ἁγίαν","ἁγίαν","ἅγιος"
"45","12","01","A","ASF","⸂εὐάρεστον","εὐάρεστον","εὐάρεστον","εὐάρεστος"
"45","12","01","RA","DSM","τῷ","τῷ","τῷ","ὁ"
"45","12","01","N","DSM","θεῷ⸃,","θεῷ","θεῷ","θεός"
"45","12","01","RA","ASF","τὴν","τὴν","τήν","ὁ"
"45","12","01","A","ASF","λογικὴν","λογικὴν","λογικήν","λογικός"
"45","12","01","N","ASF","λατρείαν","λατρείαν","λατρείαν","λατρεία"
"45","12","01","RP","GP","ὑμῶν·","ὑμῶν","ὑμῶν","σύ"
"45","12","02","C","","καὶ","καὶ","καί","καί"
"45","12","02","D","","μὴ","μὴ","μή","μή"
"45","12","02","V","2PMD-P","⸀συσχηματίζεσθε","συσχηματίζεσθε","συσχηματίζεσθε","συσχηματίζομαι"
"45","12","02","RA","DSM","τῷ","τῷ","τῷ","ὁ"
"45","12","02","N","DSM","αἰῶνι","αἰῶνι","αἰῶνι","αἰών"
"45","12","02","RD","DSM","τούτῳ,","τούτῳ","τούτῳ","οὗτος"
"45","12","02","C","","ἀλλὰ","ἀλλὰ","ἀλλά","ἀλλά"
"45","12","02","V","2PPD-P","⸀μεταμορφοῦσθε","μεταμορφοῦσθε","μεταμορφοῦσθε","μεταμορφόομαι"
"45","12","02","RA","DSF","τῇ","τῇ","τῇ","ὁ"
"45","12","02","N","DSF","ἀνακαινώσει","ἀνακαινώσει","ἀνακαινώσει","ἀνακαίνωσις"
"45","12","02","RA","GSM","τοῦ","τοῦ","τοῦ","ὁ"
"45","12","02","N","GSM","⸀νοός,","νοός","νοός","νοῦς"
"45","12","02","P","","εἰς","εἰς","εἰς","εἰς"
"45","12","02","RA","ASN","τὸ","τὸ","τό","ὁ"
"45","12","02","V","PAN","δοκιμάζειν","δοκιμάζειν","δοκιμάζειν","δοκιμάζω"
"45","12","02","RP","AP","ὑμᾶς","ὑμᾶς","ὑμᾶς","σύ"
"45","12","02","RI","NSN","τί","τί","τί","τίς"
"45","12","02","RA","NSN","τὸ","τὸ","τό","ὁ"
"45","12","02","N","NSN","θέλημα","θέλημα","θέλημα","θέλημα"
"45","12","02","RA","GSM","τοῦ","τοῦ","τοῦ","ὁ"
"45","12","02","N","GSM","θεοῦ,","θεοῦ","θεοῦ","θεός"
"45","12","02","RA","NSN","τὸ","τὸ","τό","ὁ"
"45","12","02","A","NSN","ἀγαθὸν","ἀγαθὸν","ἀγαθόν","ἀγαθός"
"45","12","02","C","","καὶ","καὶ","καί","καί"
"45","12","02","A","NSN","εὐάρεστον","εὐάρεστον","εὐάρεστον","εὐάρεστος"
"45","12","02","C","","καὶ","καὶ","καί","καί"
"45","12","02","A","NSN","τέλειον.","τέλειον","τέλειον","τέλειος"
"45","12","03","V","1PAI-S","Λέγω","Λέγω","λέγω","λέγω"
"45","12","03","C","","γὰρ","γὰρ","γάρ","γάρ"
"45","12","03","P","","διὰ","διὰ","διά","διά"
"45","12","03","RA","GSF","τῆς","τῆς","τῆς","ὁ"
"45","12","03","N","GSF","χάριτος","χάριτος","χάριτος","χάρις"
"45","12","03","RA","GSF","τῆς","τῆς","τῆς","ὁ"
"45","12","03","V","APPGSF","δοθείσης","δοθείσης","δοθείσης","δίδωμι"
"45","12","03","RP","DS","μοι","μοι","μοι","ἐγώ"
"45","12","03","A","DSM","παντὶ","παντὶ","παντί","πᾶς"
"45","12","03","RA","DSM","τῷ","τῷ","τῷ","ὁ"
"45","12","03","V","PAPDSM","ὄντι","ὄντι","ὄντι","εἰμί"
"45","12","03","P","","ἐν","ἐν","ἐν","ἐν"
"45","12","03","RP","DP","ὑμῖν","ὑμῖν","ὑμῖν","σύ"
"45","12","03","D","","μὴ","μὴ","μή","μή"
"45","12","03","V","PAN","ὑπερφρονεῖν","ὑπερφρονεῖν","ὑπερφρονεῖν","ὑπερφρονέω"
"45","12","03","P","","παρ’","παρ’","παρά","παρά"
"45","12","03","RR","ASN","ὃ","ὃ","ὅ","ὅς"
"45","12","03","V","3PAI-S","δεῖ","δεῖ","δεῖ","δέω"
"45","12","03","V","PAN","φρονεῖν,","φρονεῖν","φρονεῖν","φρονέω"
"45","12","03","C","","ἀλλὰ","ἀλλὰ","ἀλλά","ἀλλά"
"45","12","03","V","PAN","φρονεῖν","φρονεῖν","φρονεῖν","φρονέω"
"45","12","03","P","","εἰς","εἰς","εἰς","εἰς"
"45","12","03","RA","ASN","τὸ","τὸ","τό","ὁ"
"45","12","03","V","PAN","σωφρονεῖν,","σωφρονεῖν","σωφρονεῖν","σωφρονέω"
"45","12","03","A","DSM","ἑκάστῳ","ἑκάστῳ","ἑκάστῳ","ἕκαστος"
"45","12","03","C","","ὡς","ὡς","ὡς","ὡς"
"45","12","03","RA","NSM","ὁ","ὁ","ὁ","ὁ"
"45","12","03","N","NSM","θεὸς","θεὸς","θεός","θεός"
"45","12","03","V","3AAI-S","ἐμέρισεν","ἐμέρισεν","ἐμέρισε(ν)","μερίζω"
"45","12","03","N","ASN","μέτρον","μέτρον","μέτρον","μέτρον"
"45","12","03","N","GSF","πίστεως.","πίστεως","πίστεως","πίστις"
"45","12","04","C","","καθάπερ","καθάπερ","καθάπερ","καθάπερ"
"45","12","04","C","","γὰρ","γὰρ","γάρ","γάρ"
"45","12","04","P","","ἐν","ἐν","ἐν","ἐν"
"45","12","04","A","DSN","ἑνὶ","ἑνὶ","ἑνί","εἷς"
"45","12","04","N","DSN","σώματι","σώματι","σώματι","σῶμα"
"45","12","04","A","APN","⸂πολλὰ","πολλὰ","πολλά","πολύς"
"45","12","04","N","APN","μέλη⸃","μέλη","μέλη","μέλος"
"45","12","04","V","1PAI-P","ἔχομεν,","ἔχομεν","ἔχομεν","ἔχω"
"45","12","04","RA","NPN","τὰ","τὰ","τά","ὁ"
"45","12","04","C","","δὲ","δὲ","δέ","δέ"
"45","12","04","N","NPN","μέλη","μέλη","μέλη","μέλος"
"45","12","04","A","NPN","πάντα","πάντα","πάντα","πᾶς"
"45","12","04","D","","οὐ","οὐ","οὐ","οὐ"
"45","12","04","RA","ASF","τὴν","τὴν","τήν","ὁ"
"45","12","04","A","ASF","αὐτὴν","αὐτὴν","αὐτήν","αὐτός"
"45","12","04","V","3PAI-S","ἔχει","ἔχει","ἔχει","ἔχω"
"45","12","04","N","ASF","πρᾶξιν,","πρᾶξιν","πρᾶξιν","πρᾶξις"
"45","12","05","D","","οὕτως","οὕτως","οὕτω(ς)","οὕτω(ς)"
"45","12","05","RA","NPM","οἱ","οἱ","οἱ","ὁ"
"45","12","05","A","NPM","πολλοὶ","πολλοὶ","πολλοί","πολύς"
"45","12","05","A","NSN","ἓν","ἓν","ἕν","εἷς"
"45","12","05","N","NSN","σῶμά","σῶμά","σῶμα","σῶμα"
"45","12","05","V","1PAI-P","ἐσμεν","ἐσμεν","ἐσμέν","εἰμί"
"45","12","05","P","","ἐν","ἐν","ἐν","ἐν"
"45","12","05","N","DSM","Χριστῷ,","Χριστῷ","Χριστῷ","Χριστός"
"45","12","05","RA","ASN","⸀τὸ","τὸ","τό","ὁ"
"45","12","05","C","","δὲ","δὲ","δέ","δέ"
"45","12","05","P","","καθ’","καθ’","κατά","κατά"
"45","12","05","A","NSM","εἷς","εἷς","εἷς","εἷς"
"45","12","05","RP","GPM","ἀλλήλων","ἀλλήλων","ἀλλήλων","ἀλλήλων"
"45","12","05","N","NPN","μέλη.","μέλη","μέλη","μέλος"
"45","12","06","V","PAPNPM","ἔχοντες","ἔχοντες","ἔχοντες","ἔχω"
"45","12","06","C","","δὲ","δὲ","δέ","δέ"
"45","12","06","N","APN","χαρίσματα","χαρίσματα","χαρίσματα","χάρισμα"
"45","12","06","P","","κατὰ","κατὰ","κατά","κατά"
"45","12","06","RA","ASF","τὴν","τὴν","τήν","ὁ"
"45","12","06","N","ASF","χάριν","χάριν","χάριν","χάρις"
"45","12","06","RA","ASF","τὴν","τὴν","τήν","ὁ"
"45","12","06","V","APPASF","δοθεῖσαν","δοθεῖσαν","δοθεῖσαν","δίδωμι"
"45","12","06","RP","DP","ἡμῖν","ἡμῖν","ἡμῖν","ἐγώ"
"45","12","06","A","APN","διάφορα,","διάφορα","διάφορα","διάφορος"
"45","12","06","C","","εἴτε","εἴτε","εἴτε","εἴτε"
"45","12","06","N","ASF","προφητείαν","προφητείαν","προφητείαν","προφητεία"
"45","12","06","P","","κατὰ","κατὰ","κατά","κατά"
"45","12","06","RA","ASF","τὴν","τὴν","τήν","ὁ"
"45","12","06","N","ASF","ἀναλογίαν","ἀναλογίαν","ἀναλογίαν","ἀναλογία"
"45","12","06","RA","GSF","τῆς","τῆς","τῆς","ὁ"
"45","12","06","N","GSF","πίστεως,","πίστεως","πίστεως","πίστις"
"45","12","07","C","","εἴτε","εἴτε","εἴτε","εἴτε"
"45","12","07","N","ASF","διακονίαν","διακονίαν","διακονίαν","διακονία"
"45","12","07","P","","ἐν","ἐν","ἐν","ἐν"
"45","12","07","RA","DSF","τῇ","τῇ","τῇ","ὁ"
"45","12","07","N","DSF","διακονίᾳ,","διακονίᾳ","διακονίᾳ","διακονία"
"45","12","07","C","","εἴτε","εἴτε","εἴτε","εἴτε"
"45","12","07","RA","NSM","ὁ","ὁ","ὁ","ὁ"
"45","12","07","V","PAPNSM","διδάσκων","διδάσκων","διδάσκων","διδάσκω"
"45","12","07","P","","ἐν","ἐν","ἐν","ἐν"
"45","12","07","RA","DSF","τῇ","τῇ","τῇ","ὁ"
"45","12","07","N","DSF","διδασκαλίᾳ,","διδασκαλίᾳ","διδασκαλίᾳ","διδασκαλία"
"45","12","08","C","","εἴτε","εἴτε","εἴτε","εἴτε"
"45","12","08","RA","NSM","ὁ","ὁ","ὁ","ὁ"
"45","12","08","V","PAPNSM","παρακαλῶν","παρακαλῶν","παρακαλῶν","παρακαλέω"
"45","12","08","P","","ἐν","ἐν","ἐν","ἐν"
"45","12","08","RA","DSF","τῇ","τῇ","τῇ","ὁ"
"45","12","08","N","DSF","παρακλήσει,","παρακλήσει","παρακλήσει","παράκλησις"
"45","12","08","RA","NSM","ὁ","ὁ","ὁ","ὁ"
"45","12","08","V","PAPNSM","μεταδιδοὺς","μεταδιδοὺς","μεταδιδούς","μεταδίδωμι"
"45","12","08","P","","ἐν","ἐν","ἐν","ἐν"
"45","12","08","N","DSF","ἁπλότητι,","ἁπλότητι","ἁπλότητι","ἁπλότης"
"45","12","08","RA","NSM","ὁ","ὁ","ὁ","ὁ"
"45","12","08","V","PMPNSM","προϊστάμενος","προϊστάμενος","προϊστάμενος","προΐστημι"
"45","12","08","P","","ἐν","ἐν","ἐν","ἐν"
"45","12","08","N","DSF","σπουδῇ,","σπουδῇ","σπουδῇ","σπουδή"
"45","12","08","RA","NSM","ὁ","ὁ","ὁ","ὁ"
"45","12","08","V","PAPNSM","ἐλεῶν","ἐλεῶν","ἐλεῶν","ἐλεάω"
"45","12","08","P","","ἐν","ἐν","ἐν","ἐν"
"45","12","08","N","DSF","ἱλαρότητι.","ἱλαρότητι","ἱλαρότητι","ἱλαρότης"
"45","12","09","RA","NSF","Ἡ","Ἡ","ἡ","ὁ"
"45","12","09","N","NSF","ἀγάπη","ἀγάπη","ἀγάπη","ἀγάπη"
"45","12","09","A","NSF","ἀνυπόκριτος.","ἀνυπόκριτος","ἀνυπόκριτος","ἀνυπόκριτος"
"45","12","09","V","PAPNPM","ἀποστυγοῦντες","ἀποστυγοῦντες","ἀποστυγοῦντες","ἀποστυγέω"
"45","12","09","RA","ASN","τὸ","τὸ","τό","ὁ"
"45","12","09","A","ASN","πονηρόν,","πονηρόν","πονηρόν","πονηρός"
"45","12","09","V","PPPNPM","κολλώμενοι","κολλώμενοι","κολλώμενοι","κολλάομαι"
"45","12","09","RA","DSN","τῷ","τῷ","τῷ","ὁ"
"45","12","09","A","DSN","ἀγαθῷ·","ἀγαθῷ","ἀγαθῷ","ἀγαθός"
"45","12","10","RA","DSF","τῇ","τῇ","τῇ","ὁ"
"45","12","10","N","DSF","φιλαδελφίᾳ","φιλαδελφίᾳ","φιλαδελφίᾳ","φιλαδελφία"
"45","12","10","P","","εἰς","εἰς","εἰς","εἰς"
"45","12","10","RP","APM","ἀλλήλους","ἀλλήλους","ἀλλήλους","ἀλλήλων"
"45","12","10","A","NPM","φιλόστοργοι,","φιλόστοργοι","φιλόστοργοι","φιλόστοργος"
"45","12","10","RA","DSF","τῇ","τῇ","τῇ","ὁ"
"45","12","10","N","DSF","τιμῇ","τιμῇ","τιμῇ","τιμή"
"45","12","10","RP","APM","ἀλλήλους","ἀλλήλους","ἀλλήλους","ἀλλήλων"
"45","12","10","V","PMPNPM","προηγούμενοι,","προηγούμενοι","προηγούμενοι","προηγέομαι"
"45","12","11","RA","DSF","τῇ","τῇ","τῇ","ὁ"
"45","12","11","N","DSF","σπουδῇ","σπουδῇ","σπουδῇ","σπουδή"
"45","12","11","D","","μὴ","μὴ","μή","μή"
"45","12","11","A","NPM","ὀκνηροί,","ὀκνηροί","ὀκνηροί","ὀκνηρός"
"45","12","11","RA","DSN","τῷ","τῷ","τῷ","ὁ"
"45","12","11","N","DSN","πνεύματι","πνεύματι","πνεύματι","πνεῦμα"
"45","12","11","V","PAPNPM","ζέοντες,","ζέοντες","ζέοντες","ζέω"
"45","12","11","RA","DSM","τῷ","τῷ","τῷ","ὁ"
"45","12","11","N","DSM","κυρίῳ","κυρίῳ","κυρίῳ","κύριος"
"45","12","11","V","PAPNPM","δουλεύοντες,","δουλεύοντες","δουλεύοντες","δουλεύω"
"45","12","12","RA","DSF","τῇ","τῇ","τῇ","ὁ"
"45","12","12","N","DSF","ἐλπίδι","ἐλπίδι","ἐλπίδι","ἐλπίς"
"45","12","12","V","PAPNPM","χαίροντες,","χαίροντες","χαίροντες","χαίρω"
"45","12","12","RA","DSF","τῇ","τῇ","τῇ","ὁ"
"45","12","12","N","DSF","θλίψει","θλίψει","θλίψει","θλῖψις"
"45","12","12","V","PAPNPM","ὑπομένοντες,","ὑπομένοντες","ὑπομένοντες","ὑπομένω"
"45","12","12","RA","DSF","τῇ","τῇ","τῇ","ὁ"
"45","12","12","N","DSF","προσευχῇ","προσευχῇ","προσευχῇ","προσευχή"
"45","12","12","V","PAPNPM","προσκαρτεροῦντες,","προσκαρτεροῦντες","προσκαρτεροῦντες","προσκαρτερέω"
"45","12","13","RA","DPF","ταῖς","ταῖς","ταῖς","ὁ"
"45","12","13","N","DPF","χρείαις","χρείαις","χρείαις","χρεία"
"45","12","13","RA","GPM","τῶν","τῶν","τῶν","ὁ"
"45","12","13","A","GPM","ἁγίων","ἁγίων","ἁγίων","ἅγιος"
"45","12","13","V","PAPNPM","κοινωνοῦντες,","κοινωνοῦντες","κοινωνοῦντες","κοινωνέω"
"45","12","13","RA","ASF","τὴν","τὴν","τήν","ὁ"
"45","12","13","N","ASF","φιλοξενίαν","φιλοξενίαν","φιλοξενίαν","φιλοξενία"
"45","12","13","V","PAPNPM","διώκοντες.","διώκοντες","διώκοντες","διώκω"
"45","12","14","V","2PAD-P","εὐλογεῖτε","εὐλογεῖτε","εὐλογεῖτε","εὐλογέω"
"45","12","14","RA","APM","τοὺς","τοὺς","τούς","ὁ"
"45","12","14","V","PAPAPM","⸀διώκοντας,","διώκοντας","διώκοντας","διώκω"
"45","12","14","V","2PAD-P","εὐλογεῖτε","εὐλογεῖτε","εὐλογεῖτε","εὐλογέω"
"45","12","14","C","","καὶ","καὶ","καί","καί"
"45","12","14","D","","μὴ","μὴ","μή","μή"
"45","12","14","V","2PMD-P","καταρᾶσθε.","καταρᾶσθε","καταρᾶσθε","καταράομαι"
"45","12","15","V","PAN","χαίρειν","χαίρειν","χαίρειν","χαίρω"
"45","12","15","P","","μετὰ","μετὰ","μετά","μετά"
"45","12","15","V","PAPGPM","⸀χαιρόντων,","χαιρόντων","χαιρόντων","χαίρω"
"45","12","15","V","PAN","κλαίειν","κλαίειν","κλαίειν","κλαίω"
"45","12","15","P","","μετὰ","μετὰ","μετά","μετά"
"45","12","15","V","PAPGPM","κλαιόντων.","κλαιόντων","κλαιόντων","κλαίω"
"45","12","16","RA","ASN","τὸ","τὸ","τό","ὁ"
"45","12","16","A","ASN","αὐτὸ","αὐτὸ","αὐτό","αὐτός"
"45","12","16","P","","εἰς","εἰς","εἰς","εἰς"
"45","12","16","RP","APM","ἀλλήλους","ἀλλήλους","ἀλλήλους","ἀλλήλων"
"45","12","16","V","PAPNPM","φρονοῦντες,","φρονοῦντες","φρονοῦντες","φρονέω"
"45","12","16","D","","μὴ","μὴ","μή","μή"
"45","12","16","RA","APN","τὰ","τὰ","τά","ὁ"
"45","12","16","A","APN","ὑψηλὰ","ὑψηλὰ","ὑψηλά","ὑψηλός"
"45","12","16","V","PAPNPM","φρονοῦντες","φρονοῦντες","φρονοῦντες","φρονέω"
"45","12","16","C","","ἀλλὰ","ἀλλὰ","ἀλλά","ἀλλά"
"45","12","16","RA","DPM","τοῖς","τοῖς","τοῖς","ὁ"
"45","12","16","A","DPM","ταπεινοῖς","ταπεινοῖς","ταπεινοῖς","ταπεινός"
"45","12","16","V","PPPNPM","συναπαγόμενοι.","συναπαγόμενοι","συναπαγόμενοι","συναπάγομαι"
"45","12","16","D","","μὴ","μὴ","μή","μή"
"45","12","16","V","2PMD-P","γίνεσθε","γίνεσθε","γίνεσθε","γίνομαι"
"45","12","16","A","NPM","φρόνιμοι","φρόνιμοι","φρόνιμοι","φρόνιμος"
"45","12","16","P","","παρ’","παρ’","παρά","παρά"
"45","12","16","RP","DPM","ἑαυτοῖς.","ἑαυτοῖς","ἑαυτοῖς","ἑαυτοῦ"
"45","12","17","A","DSM","μηδενὶ","μηδενὶ","μηδενί","μηδείς"
"45","12","17","A","ASN","κακὸν","κακὸν","κακόν","κακός"
"45","12","17","P","","ἀντὶ","ἀντὶ","ἀντί","ἀντί"
"45","12","17","A","GSN","κακοῦ","κακοῦ","κακοῦ","κακός"
"45","12","17","V","PAPNPM","ἀποδιδόντες·","ἀποδιδόντες","ἀποδιδόντες","ἀποδίδωμι"
"45","12","17","V","PMPNPM","προνοούμενοι","προνοούμενοι","προνοούμενοι","προνοέω"
"45","12","17","A","APN","καλὰ","καλὰ","καλά","καλός"
"45","12","17","P","","ἐνώπιον","ἐνώπιον","ἐνώπιον","ἐνώπιον"
"45","12","17","A","GPM","πάντων","πάντων","πάντων","πᾶς"
"45","12","17","N","GPM","ἀνθρώπων·","ἀνθρώπων","ἀνθρώπων","ἄνθρωπος"
"45","12","18","C","","εἰ","εἰ","εἰ","εἰ"
"45","12","18","A","NSN","δυνατόν,","δυνατόν","δυνατόν","δυνατός"
"45","12","18","RA","ASN","τὸ","τὸ","τό","ὁ"
"45","12","18","P","","ἐξ","ἐξ","ἐκ","ἐκ"
"45","12","18","RP","GP","ὑμῶν","ὑμῶν","ὑμῶν","σύ"
"45","12","18","P","","μετὰ","μετὰ","μετά","μετά"
"45","12","18","A","GPM","πάντων","πάντων","πάντων","πᾶς"
"45","12","18","N","GPM","ἀνθρώπων","ἀνθρώπων","ἀνθρώπων","ἄνθρωπος"
"45","12","18","V","PAPNPM","εἰρηνεύοντες·","εἰρηνεύοντες","εἰρηνεύοντες","εἰρηνεύω"
"45","12","19","D","","μὴ","μὴ","μή","μή"
"45","12","19","RP","APM","ἑαυτοὺς","ἑαυτοὺς","ἑαυτούς","ἑαυτοῦ"
"45","12","19","V","PAPNPM","ἐκδικοῦντες,","ἐκδικοῦντες","ἐκδικοῦντες","ἐκδικέω"
"45","12","19","A","VPM","ἀγαπητοί,","ἀγαπητοί","ἀγαπητοί","ἀγαπητός"
"45","12","19","C","","ἀλλὰ","ἀλλὰ","ἀλλά","ἀλλά"
"45","12","19","V","2AAD-P","δότε","δότε","δότε","δίδωμι"
"45","12","19","N","ASM","τόπον","τόπον","τόπον","τόπος"
"45","12","19","RA","DSF","τῇ","τῇ","τῇ","ὁ"
"45","12","19","N","DSF","ὀργῇ,","ὀργῇ","ὀργῇ","ὀργή"
"45","12","19","V","3XPI-S","γέγραπται","γέγραπται","γέγραπται","γράφω"
"45","12","19","C","","γάρ·","γάρ","γάρ","γάρ"
"45","12","19","RP","DS","Ἐμοὶ","Ἐμοὶ","ἐμοί","ἐγώ"
"45","12","19","N","NSF","ἐκδίκησις,","ἐκδίκησις","ἐκδίκησις","ἐκδίκησις"
"45","12","19","RP","NS","ἐγὼ","ἐγὼ","ἐγώ","ἐγώ"
"45","12","19","V","1FAI-S","ἀνταποδώσω,","ἀνταποδώσω","ἀνταποδώσω","ἀνταποδίδωμι"
"45","12","19","V","3PAI-S","λέγει","λέγει","λέγει","λέγω"
"45","12","19","N","NSM","κύριος.","κύριος","κύριος","κύριος"
"45","12","20","C","","⸂ἀλλὰ","ἀλλὰ","ἀλλά","ἀλλά"
"45","12","20","C","","ἐὰν⸃","ἐὰν","ἐάν","ἐάν"
"45","12","20","V","3PAS-S","πεινᾷ","πεινᾷ","πεινᾷ","πεινάω"
"45","12","20","RA","NSM","ὁ","ὁ","ὁ","ὁ"
"45","12","20","A","NSM","ἐχθρός","ἐχθρός","ἐχθρός","ἐχθρός"
"45","12","20","RP","GS","σου,","σου","σου","σύ"
"45","12","20","V","2PAD-S","ψώμιζε","ψώμιζε","ψώμιζε","ψωμίζω"
"45","12","20","RP","ASM","αὐτόν·","αὐτόν","αὐτόν","αὐτός"
"45","12","20","C","","ἐὰν","ἐὰν","ἐάν","ἐάν"
"45","12","20","V","3PAS-S","διψᾷ,","διψᾷ","διψᾷ","διψάω"
"45","12","20","V","2PAD-S","πότιζε","πότιζε","πότιζε","ποτίζω"
"45","12","20","RP","ASM","αὐτόν·","αὐτόν","αὐτόν","αὐτός"
"45","12","20","RD","ASN","τοῦτο","τοῦτο","τοῦτο","οὗτος"
"45","12","20","C","","γὰρ","γὰρ","γάρ","γάρ"
"45","12","20","V","PAPNSM","ποιῶν","ποιῶν","ποιῶν","ποιέω"
"45","12","20","N","APM","ἄνθρακας","ἄνθρακας","ἄνθρακας","ἄνθραξ"
"45","12","20","N","GSN","πυρὸς","πυρὸς","πυρός","πῦρ"
"45","12","20","V","2FAI-S","σωρεύσεις","σωρεύσεις","σωρεύσεις","σωρεύω"
"45","12","20","P","","ἐπὶ","ἐπὶ","ἐπί","ἐπί"
"45","12","20","RA","ASF","τὴν","τὴν","τήν","ὁ"
"45","12","20","N","ASF","κεφαλὴν","κεφαλὴν","κεφαλήν","κεφαλή"
"45","12","20","RP","GSM","αὐτοῦ.","αὐτοῦ","αὐτοῦ","αὐτός"
"45","12","21","D","","μὴ","μὴ","μή","μή"
"45","12","21","V","2PPD-S","νικῶ","νικῶ","νικῶ","νικάω"
"45","12","21","P","","ὑπὸ","ὑπὸ","ὑπό","ὑπό"
"45","12","21","RA","GSN","τοῦ","τοῦ","τοῦ","ὁ"
"45","12","21","A","GSN","κακοῦ,","κακοῦ","κακοῦ","κακός"
"45","12","21","C","","ἀλλὰ","ἀλλὰ","ἀλλά","ἀλλά"
"45","12","21","V","2PAD-S","νίκα","νίκα","νίκα","νικάω"
"45","12","21","P","","ἐν","ἐν","ἐν","ἐν"
"45","12","21","RA","DSN","τῷ","τῷ","τῷ","ὁ"
"45","12","21","A","DSN","ἀγαθῷ","ἀγαθῷ","ἀγαθῷ","ἀγαθός"
"45","12","21","RA","ASN","τὸ","τὸ","τό","ὁ"
"45","12","21","A","ASN","κακόν.","κακόν","κακόν","κακός"
"45","13","01","A","NSF","Πᾶσα","Πᾶσα","πᾶσα","πᾶς"
"45","13","01","N","NSF","ψυχὴ","ψυχὴ","ψυχή","ψυχή"
"45","13","01","N","DPF","ἐξουσίαις","ἐξουσίαις","ἐξουσίαις","ἐξουσία"
"45","13","01","V","PAPDPF","ὑπερεχούσαις","ὑπερεχούσαις","ὑπερεχούσαις","ὑπερέχω"
"45","13","01","V","3PPD-S","ὑποτασσέσθω,","ὑποτασσέσθω","ὑποτασσέσθω","ὑποτάσσω"
"45","13","01","D","","οὐ","οὐ","οὐ","οὐ"
"45","13","01","C","","γὰρ","γὰρ","γάρ","γάρ"
"45","13","01","V","3PAI-S","ἔστιν","ἔστιν","ἐστί(ν)","εἰμί"
"45","13","01","N","NSF","ἐξουσία","ἐξουσία","ἐξουσία","ἐξουσία"
"45","13","01","C","","εἰ","εἰ","εἰ","εἰ"
"45","13","01","D","","μὴ","μὴ","μή","μή"
"45","13","01","P","","ὑπὸ","ὑπὸ","ὑπό","ὑπό"
"45","13","01","N","GSM","θεοῦ,","θεοῦ","θεοῦ","θεός"
"45","13","01","RA","NPF","αἱ","αἱ","αἱ","ὁ"
"45","13","01","C","","δὲ","δὲ","δέ","δέ"
"45","13","01","V","PAPNPF","⸀οὖσαι","οὖσαι","οὖσαι","εἰμί"
"45","13","01","P","","⸀ὑπὸ","ὑπὸ","ὑπό","ὑπό"
"45","13","01","N","GSM","θεοῦ","θεοῦ","θεοῦ","θεός"
"45","13","01","V","XPPNPF","τεταγμέναι","τεταγμέναι","τεταγμέναι","τάσσω"
"45","13","01","V","3PAI-P","εἰσίν.","εἰσίν","εἰσί(ν)","εἰμί"
"45","13","02","C","","ὥστε","ὥστε","ὥστε","ὥστε"
"45","13","02","RA","NSM","ὁ","ὁ","ὁ","ὁ"
"45","13","02","V","PMPNSM","ἀντιτασσόμενος","ἀντιτασσόμενος","ἀντιτασσόμενος","ἀντιτάσσομαι"
"45","13","02","RA","DSF","τῇ","τῇ","τῇ","ὁ"
"45","13","02","N","DSF","ἐξουσίᾳ","ἐξουσίᾳ","ἐξουσίᾳ","ἐξουσία"
"45","13","02","RA","DSF","τῇ","τῇ","τῇ","ὁ"
"45","13","02","RA","GSM","τοῦ","τοῦ","τοῦ","ὁ"
"45","13","02","N","GSM","θεοῦ","θεοῦ","θεοῦ","θεός"
"45","13","02","N","DSF","διαταγῇ","διαταγῇ","διαταγῇ","διαταγή"
"45","13","02","V","3XAI-S","ἀνθέστηκεν,","ἀνθέστηκεν","ἀνθέστηκε(ν)","ἀνθίστημι"
"45","13","02","RA","NPM","οἱ","οἱ","οἱ","ὁ"
"45","13","02","C","","δὲ","δὲ","δέ","δέ"
"45","13","02","V","XAPNPM","ἀνθεστηκότες","ἀνθεστηκότες","ἀνθεστηκότες","ἀνθίστημι"
"45","13","02","RP","DPM","ἑαυτοῖς","ἑαυτοῖς","ἑαυτοῖς","ἑαυτοῦ"
"45","13","02","N","ASN","κρίμα","κρίμα","κρίμα","κρίμα"
"45","13","02","V","3FMI-P","λήμψονται.","λήμψονται","λήμψονται","λαμβάνω"
"45","13","03","RA","NPM","οἱ","οἱ","οἱ","ὁ"
"45","13","03","C","","γὰρ","γὰρ","γάρ","γάρ"
"45","13","03","N","NPM","ἄρχοντες","ἄρχοντες","ἄρχοντες","ἄρχων"
"45","13","03","D","","οὐκ","οὐκ","οὐ","οὐ"
"45","13","03","V","3PAI-P","εἰσὶν","εἰσὶν","εἰσί(ν)","εἰμί"
"45","13","03","N","NSM","φόβος","φόβος","φόβος","φόβος"
"45","13","03","RA","DSN","⸂τῷ","τῷ","τῷ","ὁ"
"45","13","03","A","DSN","ἀγαθῷ","ἀγαθῷ","ἀγαθῷ","ἀγαθός"
"45","13","03","N","DSN","ἔργῳ⸃","ἔργῳ","ἔργῳ","ἔργον"
"45","13","03","C","","ἀλλὰ","ἀλλὰ","ἀλλά","ἀλλά"
"45","13","03","RA","DSN","⸂τῷ","τῷ","τῷ","ὁ"
"45","13","03","A","DSN","κακῷ⸃.","κακῷ","κακῷ","κακός"
"45","13","03","V","2PAI-S","θέλεις","θέλεις","θέλεις","θέλω"
"45","13","03","C","","δὲ","δὲ","δέ","δέ"
"45","13","03","D","","μὴ","μὴ","μή","μή"
"45","13","03","V","PMN","φοβεῖσθαι","φοβεῖσθαι","φοβεῖσθαι","φοβέομαι"
"45","13","03","RA","ASF","τὴν","τὴν","τήν","ὁ"
"45","13","03","N","ASF","ἐξουσίαν;","ἐξουσίαν","ἐξουσίαν","ἐξουσία"
"45","13","03","RA","ASN","τὸ","τὸ","τό","ὁ"
"45","13","03","A","ASN","ἀγαθὸν","ἀγαθὸν","ἀγαθόν","ἀγαθός"
"45","13","03","V","2PAD-S","ποίει,","ποίει","ποίει","ποιέω"
"45","13","03","C","","καὶ","καὶ","καί","καί"
"45","13","03","V","2FAI-S","ἕξεις","ἕξεις","ἕξεις","ἔχω"
"45","13","03","N","ASM","ἔπαινον","ἔπαινον","ἔπαινον","ἔπαινος"
"45","13","03","P","","ἐξ","ἐξ","ἐκ","ἐκ"
"45","13","03","RP","GSF","αὐτῆς·","αὐτῆς","αὐτῆς","αὐτός"
"45","13","04","N","GSM","θεοῦ","θεοῦ","θεοῦ","θεός"
"45","13","04","C","","γὰρ","γὰρ","γάρ","γάρ"
"45","13","04","N","NSM","διάκονός","διάκονός","διάκονος","διάκονος"
"45","13","04","V","3PAI-S","ἐστιν","ἐστιν","ἐστί(ν)","εἰμί"
"45","13","04","RP","DS","σοὶ","σοὶ","σοί","σύ"
"45","13","04","P","","εἰς","εἰς","εἰς","εἰς"
"45","13","04","RA","ASN","τὸ","τὸ","τό","ὁ"
"45","13","04","A","ASN","ἀγαθόν.","ἀγαθόν","ἀγαθόν","ἀγαθός"
"45","13","04","C","","ἐὰν","ἐὰν","ἐάν","ἐάν"
"45","13","04","C","","δὲ","δὲ","δέ","δέ"
"45","13","04","RA","ASN","τὸ","τὸ","τό","ὁ"
"45","13","04","A","ASN","κακὸν","κακὸν","κακόν","κακός"
"45","13","04","V","2PAS-S","ποιῇς,","ποιῇς","ποιῇς","ποιέω"
"45","13","04","V","2PMD-S","φοβοῦ·","φοβοῦ","φοβοῦ","φοβέομαι"
"45","13","04","D","","οὐ","οὐ","οὐ","οὐ"
"45","13","04","C","","γὰρ","γὰρ","γάρ","γάρ"
"45","13","04","D","","εἰκῇ","εἰκῇ","εἰκῇ","εἰκῇ"
"45","13","04","RA","ASF","τὴν","τὴν","τήν","ὁ"
"45","13","04","N","ASF","μάχαιραν","μάχαιραν","μάχαιραν","μάχαιρα"
"45","13","04","V","3PAI-S","φορεῖ·","φορεῖ","φορεῖ","φορέω"
"45","13","04","N","GSM","θεοῦ","θεοῦ","θεοῦ","θεός"
"45","13","04","C","","γὰρ","γὰρ","γάρ","γάρ"
"45","13","04","N","NSM","διάκονός","διάκονός","διάκονος","διάκονος"
"45","13","04","V","3PAI-S","ἐστιν,","ἐστιν","ἐστί(ν)","εἰμί"
"45","13","04","A","NSM","ἔκδικος","ἔκδικος","ἔκδικος","ἔκδικος"
"45","13","04","P","","εἰς","εἰς","εἰς","εἰς"
"45","13","04","N","ASF","ὀργὴν","ὀργὴν","ὀργήν","ὀργή"
"45","13","04","RA","DSM","τῷ","τῷ","τῷ","ὁ"
"45","13","04","RA","ASN","τὸ","τὸ","τό","ὁ"
"45","13","04","A","ASN","κακὸν","κακὸν","κακόν","κακός"
"45","13","04","V","PAPDSM","πράσσοντι.","πράσσοντι","πράσσοντι","πράσσω"
"45","13","05","C","","διὸ","διὸ","διό","διό"
"45","13","05","N","NSF","ἀνάγκη","ἀνάγκη","ἀνάγκη","ἀνάγκη"
"45","13","05","V","PPN","ὑποτάσσεσθαι,","ὑποτάσσεσθαι","ὑποτάσσεσθαι","ὑποτάσσω"
"45","13","05","D","","οὐ","οὐ","οὐ","οὐ"
"45","13","05","A","ASN","μόνον","μόνον","μόνον","μόνος"
"45","13","05","P","","διὰ","διὰ","διά","διά"
"45","13","05","RA","ASF","τὴν","τὴν","τήν","ὁ"
"45","13","05","N","ASF","ὀργὴν","ὀργὴν","ὀργήν","ὀργή"
"45","13","05","C","","ἀλλὰ","ἀλλὰ","ἀλλά","ἀλλά"
"45","13","05","D","","καὶ","καὶ","καί","καί"
"45","13","05","P","","διὰ","διὰ","διά","διά"
"45","13","05","RA","ASF","τὴν","τὴν","τήν","ὁ"
"45","13","05","N","ASF","συνείδησιν,","συνείδησιν","συνείδησιν","συνείδησις"
"45","13","06","P","","διὰ","διὰ","διά","διά"
"45","13","06","RD","ASN","τοῦτο","τοῦτο","τοῦτο","οὗτος"
"45","13","06","C","","γὰρ","γὰρ","γάρ","γάρ"
"45","13","06","D","","καὶ","καὶ","καί","καί"
"45","13","06","N","APM","φόρους","φόρους","φόρους","φόρος"
"45","13","06","V","2PAI-P","τελεῖτε,","τελεῖτε","τελεῖτε","τελέω"
"45","13","06","N","NPM","λειτουργοὶ","λειτουργοὶ","λειτουργοί","λειτουργός"
"45","13","06","C","","γὰρ","γὰρ","γάρ","γάρ"
"45","13","06","N","GSM","θεοῦ","θεοῦ","θεοῦ","θεός"
"45","13","06","V","3PAI-P","εἰσιν","εἰσιν","εἰσί(ν)","εἰμί"
"45","13","06","P","","εἰς","εἰς","εἰς","εἰς"
"45","13","06","A","ASN","αὐτὸ","αὐτὸ","αὐτό","αὐτός"
"45","13","06","RD","ASN","τοῦτο","τοῦτο","τοῦτο","οὗτος"
"45","13","06","V","PAPNPM","προσκαρτεροῦντες.","προσκαρτεροῦντες","προσκαρτεροῦντες","προσκαρτερέω"
"45","13","07","V","2AAD-P","⸀ἀπόδοτε","ἀπόδοτε","ἀπόδοτε","ἀποδίδωμι"
"45","13","07","A","DPM","πᾶσι","πᾶσι","πᾶσι(ν)","πᾶς"
"45","13","07","RA","APF","τὰς","τὰς","τάς","ὁ"
"45","13","07","N","APF","ὀφειλάς,","ὀφειλάς","ὀφειλάς","ὀφειλή"
"45","13","07","RA","DSM","τῷ","τῷ","τῷ","ὁ"
"45","13","07","RA","ASM","τὸν","τὸν","τόν","ὁ"
"45","13","07","N","ASM","φόρον","φόρον","φόρον","φόρος"
"45","13","07","RA","ASM","τὸν","τὸν","τόν","ὁ"
"45","13","07","N","ASM","φόρον,","φόρον","φόρον","φόρος"
"45","13","07","RA","DSM","τῷ","τῷ","τῷ","ὁ"
"45","13","07","RA","ASN","τὸ","τὸ","τό","ὁ"
"45","13","07","N","ASN","τέλος","τέλος","τέλος","τέλος"
"45","13","07","RA","ASN","τὸ","τὸ","τό","ὁ"
"45","13","07","N","ASN","τέλος,","τέλος","τέλος","τέλος"
"45","13","07","RA","DSM","τῷ","τῷ","τῷ","ὁ"
"45","13","07","RA","ASM","τὸν","τὸν","τόν","ὁ"
"45","13","07","N","ASM","φόβον","φόβον","φόβον","φόβος"
"45","13","07","RA","ASM","τὸν","τὸν","τόν","ὁ"
"45","13","07","N","ASM","φόβον,","φόβον","φόβον","φόβος"
"45","13","07","RA","DSM","τῷ","τῷ","τῷ","ὁ"
"45","13","07","RA","ASF","τὴν","τὴν","τήν","ὁ"
"45","13","07","N","ASF","τιμὴν","τιμὴν","τιμήν","τιμή"
"45","13","07","RA","ASF","τὴν","τὴν","τήν","ὁ"
"45","13","07","N","ASF","τιμήν.","τιμήν","τιμήν","τιμή"
"45","13","08","A","DSM","Μηδενὶ","Μηδενὶ","μηδενί","μηδείς"
"45","13","08","A","ASN","μηδὲν","μηδὲν","μηδέν","μηδείς"
"45","13","08","V","2PAD-P","ὀφείλετε,","ὀφείλετε","ὀφείλετε","ὀφείλω"
"45","13","08","C","","εἰ","εἰ","εἰ","εἰ"
"45","13","08","D","","μὴ","μὴ","μή","μή"
"45","13","08","RA","ASN","τὸ","τὸ","τό","ὁ"
"45","13","08","RP","APM","⸂ἀλλήλους","ἀλλήλους","ἀλλήλους","ἀλλήλων"
"45","13","08","V","PAN","ἀγαπᾶν⸃·","ἀγαπᾶν","ἀγαπᾶν","ἀγαπάω"
"45","13","08","RA","NSM","ὁ","ὁ","ὁ","ὁ"
"45","13","08","C","","γὰρ","γὰρ","γάρ","γάρ"
"45","13","08","V","PAPNSM","ἀγαπῶν","ἀγαπῶν","ἀγαπῶν","ἀγαπάω"
"45","13","08","RA","ASM","τὸν","τὸν","τόν","ὁ"
"45","13","08","A","ASM","ἕτερον","ἕτερον","ἕτερον","ἕτερος"
"45","13","08","N","ASM","νόμον","νόμον","νόμον","νόμος"
"45","13","08","V","3XAI-S","πεπλήρωκεν.","πεπλήρωκεν","πεπλήρωκε(ν)","πληρόω"
"45","13","09","RA","NSN","τὸ","τὸ","τό","ὁ"
"45","13","09","C","","γάρ·","γάρ","γάρ","γάρ"
"45","13","09","D","","Οὐ","Οὐ","οὐ","οὐ"
"45","13","09","V","2FAI-S","μοιχεύσεις,","μοιχεύσεις","μοιχεύσεις","μοιχεύω"
"45","13","09","D","","Οὐ","Οὐ","οὐ","οὐ"
"45","13","09","V","2FAI-S","φονεύσεις,","φονεύσεις","φονεύσεις","φονεύω"
"45","13","09","D","","Οὐ","Οὐ","οὐ","οὐ"
"45","13","09","V","2FAI-S","κλέψεις,","κλέψεις","κλέψεις","κλέπτω"
"45","13","09","D","","Οὐκ","Οὐκ","οὐ","οὐ"
"45","13","09","V","2FAI-S","ἐπιθυμήσεις,","ἐπιθυμήσεις","ἐπιθυμήσεις","ἐπιθυμέω"
"45","13","09","C","","καὶ","καὶ","καί","καί"
"45","13","09","C","","εἴ","εἴ","εἰ","εἰ"
"45","13","09","RI","NSF","τις","τις","τὶς","τις"
"45","13","09","A","NSF","ἑτέρα","ἑτέρα","ἑτέρα","ἕτερος"
"45","13","09","N","NSF","ἐντολή,","ἐντολή","ἐντολή","ἐντολή"
"45","13","09","P","","ἐν","ἐν","ἐν","ἐν"
"45","13","09","RA","DSM","⸂τῷ","τῷ","τῷ","ὁ"
"45","13","09","N","DSM","λόγῳ","λόγῳ","λόγῳ","λόγος"
"45","13","09","RD","DSM","τούτῳ⸃","τούτῳ","τούτῳ","οὗτος"
"45","13","09","V","3PPI-S","ἀνακεφαλαιοῦται,","ἀνακεφαλαιοῦται","ἀνακεφαλαιοῦται","ἀνακεφαλαιόω"
"45","13","09","P","","⸂ἐν","ἐν","ἐν","ἐν"
"45","13","09","RA","DSM","τῷ⸃·","τῷ","τῷ","ὁ"
"45","13","09","V","2FAI-S","Ἀγαπήσεις","Ἀγαπήσεις","ἀγαπήσεις","ἀγαπάω"
"45","13","09","RA","ASM","τὸν","τὸν","τόν","ὁ"
"45","13","09","D","","πλησίον","πλησίον","πλησίον","πλησίον"
"45","13","09","RP","GS","σου","σου","σου","σύ"
"45","13","09","C","","ὡς","ὡς","ὡς","ὡς"
"45","13","09","RP","ASM","σεαυτόν.","σεαυτόν","σεαυτόν","σεαυτοῦ"
"45","13","10","RA","NSF","ἡ","ἡ","ἡ","ὁ"
"45","13","10","N","NSF","ἀγάπη","ἀγάπη","ἀγάπη","ἀγάπη"
"45","13","10","RA","DSM","τῷ","τῷ","τῷ","ὁ"
"45","13","10","D","","πλησίον","πλησίον","πλησίον","πλησίον"
"45","13","10","A","ASN","κακὸν","κακὸν","κακόν","κακός"
"45","13","10","D","","οὐκ","οὐκ","οὐ","οὐ"
"45","13","10","V","3PMI-S","ἐργάζεται·","ἐργάζεται","ἐργάζεται","ἐργάζομαι"
"45","13","10","N","NSN","πλήρωμα","πλήρωμα","πλήρωμα","πλήρωμα"
"45","13","10","C","","οὖν","οὖν","οὖν","οὖν"
"45","13","10","N","GSM","νόμου","νόμου","νόμου","νόμος"
"45","13","10","RA","NSF","ἡ","ἡ","ἡ","ὁ"
"45","13","10","N","NSF","ἀγάπη.","ἀγάπη","ἀγάπη","ἀγάπη"
"45","13","11","C","","Καὶ","Καὶ","καί","καί"
"45","13","11","RD","ASN","τοῦτο","τοῦτο","τοῦτο","οὗτος"
"45","13","11","V","XAPNPM","εἰδότες","εἰδότες","εἰδότες","οἶδα"
"45","13","11","RA","ASM","τὸν","τὸν","τόν","ὁ"
"45","13","11","N","ASM","καιρόν,","καιρόν","καιρόν","καιρός"
"45","13","11","D","","ὅτι","ὅτι","ὅτι","ὅτι"
"45","13","11","N","NSF","ὥρα","ὥρα","ὥρα","ὥρα"
"45","13","11","D","","⸂ἤδη","ἤδη","ἤδη","ἤδη"
"45","13","11","RP","AP","ὑμᾶς⸃","ὑμᾶς","ὑμᾶς","σύ"
"45","13","11","P","","ἐξ","ἐξ","ἐκ","ἐκ"
"45","13","11","N","GSM","ὕπνου","ὕπνου","ὕπνου","ὕπνος"
"45","13","11","V","APN","ἐγερθῆναι,","ἐγερθῆναι","ἐγερθῆναι","ἐγείρω"
"45","13","11","D","","νῦν","νῦν","νῦν","νῦν"
"45","13","11","C","","γὰρ","γὰρ","γάρ","γάρ"
"45","13","11","D","","ἐγγύτερον","ἐγγύτερον","ἐγγύτερον","ἐγγύτερον"
"45","13","11","RP","GP","ἡμῶν","ἡμῶν","ἡμῶν","ἐγώ"
"45","13","11","RA","NSF","ἡ","ἡ","ἡ","ὁ"
"45","13","11","N","NSF","σωτηρία","σωτηρία","σωτηρία","σωτηρία"
"45","13","11","C","","ἢ","ἢ","ἤ","ἤ"
"45","13","11","C","","ὅτε","ὅτε","ὅτε","ὅτε"
"45","13","11","V","1AAI-P","ἐπιστεύσαμεν.","ἐπιστεύσαμεν","ἐπιστεύσαμεν","πιστεύω"
"45","13","12","RA","NSF","ἡ","ἡ","ἡ","ὁ"
"45","13","12","N","NSF","νὺξ","νὺξ","νύξ","νύξ"
"45","13","12","V","3AAI-S","προέκοψεν,","προέκοψεν","προέκοψε(ν)","προκόπτω"
"45","13","12","RA","NSF","ἡ","ἡ","ἡ","ὁ"
"45","13","12","C","","δὲ","δὲ","δέ","δέ"
"45","13","12","N","NSF","ἡμέρα","ἡμέρα","ἡμέρα","ἡμέρα"
"45","13","12","V","3XAI-S","ἤγγικεν.","ἤγγικεν","ἤγγικε(ν)","ἐγγίζω"
"45","13","12","V","1AMS-P","⸀ἀποβαλώμεθα","ἀποβαλώμεθα","ἀποβαλώμεθα","ἀποβάλλω"
"45","13","12","C","","οὖν","οὖν","οὖν","οὖν"
"45","13","12","RA","APN","τὰ","τὰ","τά","ὁ"
"45","13","12","N","APN","ἔργα","ἔργα","ἔργα","ἔργον"
"45","13","12","RA","GSN","τοῦ","τοῦ","τοῦ","ὁ"
"45","13","12","N","GSN","σκότους,","σκότους","σκότους","σκότος"
"45","13","12","V","1AMS-P","⸂ἐνδυσώμεθα","ἐνδυσώμεθα","ἐνδυσώμεθα","ἐνδύω"
"45","13","12","C","","δὲ⸃","δὲ","δέ","δέ"
"45","13","12","RA","APN","τὰ","τὰ","τά","ὁ"
"45","13","12","N","APN","ὅπλα","ὅπλα","ὅπλα","ὅπλον"
"45","13","12","RA","GSN","τοῦ","τοῦ","τοῦ","ὁ"
"45","13","12","N","GSN","φωτός.","φωτός","φωτός","φῶς"
"45","13","13","C","","ὡς","ὡς","ὡς","ὡς"
"45","13","13","P","","ἐν","ἐν","ἐν","ἐν"
"45","13","13","N","DSF","ἡμέρᾳ","ἡμέρᾳ","ἡμέρᾳ","ἡμέρα"
"45","13","13","D","","εὐσχημόνως","εὐσχημόνως","εὐσχημόνως","εὐσχημόνως"
"45","13","13","V","1AAS-P","περιπατήσωμεν,","περιπατήσωμεν","περιπατήσωμεν","περιπατέω"
"45","13","13","D","","μὴ","μὴ","μή","μή"
"45","13","13","N","DPM","κώμοις","κώμοις","κώμοις","κῶμος"
"45","13","13","C","","καὶ","καὶ","καί","καί"
"45","13","13","N","DPF","μέθαις,","μέθαις","μέθαις","μέθη"
"45","13","13","D","","μὴ","μὴ","μή","μή"
"45","13","13","N","DPF","κοίταις","κοίταις","κοίταις","κοίτη"
"45","13","13","C","","καὶ","καὶ","καί","καί"
"45","13","13","N","DPF","ἀσελγείαις,","ἀσελγείαις","ἀσελγείαις","ἀσέλγεια"
"45","13","13","D","","μὴ","μὴ","μή","μή"
"45","13","13","N","DSF","ἔριδι","ἔριδι","ἔριδι","ἔρις"
"45","13","13","C","","καὶ","καὶ","καί","καί"
"45","13","13","N","DSM","ζήλῳ,","ζήλῳ","ζήλῳ","ζῆλος"
"45","13","14","C","","ἀλλὰ","ἀλλὰ","ἀλλά","ἀλλά"
"45","13","14","V","2AMD-P","ἐνδύσασθε","ἐνδύσασθε","ἐνδύσασθε","ἐνδύω"
"45","13","14","RA","ASM","τὸν","τὸν","τόν","ὁ"
"45","13","14","N","ASM","κύριον","κύριον","κύριον","κύριος"
"45","13","14","N","ASM","Ἰησοῦν","Ἰησοῦν","Ἰησοῦν","Ἰησοῦς"
"45","13","14","N","ASM","Χριστόν,","Χριστόν","Χριστόν","Χριστός"
"45","13","14","C","","καὶ","καὶ","καί","καί"
"45","13","14","RA","GSF","τῆς","τῆς","τῆς","ὁ"
"45","13","14","N","GSF","σαρκὸς","σαρκὸς","σαρκός","σάρξ"
"45","13","14","N","ASF","πρόνοιαν","πρόνοιαν","πρόνοιαν","πρόνοια"
"45","13","14","D","","μὴ","μὴ","μή","μή"
"45","13","14","V","2PMD-P","ποιεῖσθε","ποιεῖσθε","ποιεῖσθε","ποιέω"
"45","13","14","P","","εἰς","εἰς","εἰς","εἰς"
"45","13","14","N","APF","ἐπιθυμίας.","ἐπιθυμίας","ἐπιθυμίας","ἐπιθυμία"
"45","14","01","RA","ASM","Τὸν","Τὸν","τόν","ὁ"
"45","14","01","C","","δὲ","δὲ","δέ","δέ"
"45","14","01","V","PAPASM","ἀσθενοῦντα","ἀσθενοῦντα","ἀσθενοῦντα","ἀσθενέω"
"45","14","01","RA","DSF","τῇ","τῇ","τῇ","ὁ"
"45","14","01","N","DSF","πίστει","πίστει","πίστει","πίστις"
"45","14","01","V","2PMD-P","προσλαμβάνεσθε,","προσλαμβάνεσθε","προσλαμβάνεσθε","προσλαμβάνομαι"
"45","14","01","D","","μὴ","μὴ","μή","μή"
"45","14","01","P","","εἰς","εἰς","εἰς","εἰς"
"45","14","01","N","APF","διακρίσεις","διακρίσεις","διακρίσεις","διάκρισις"
"45","14","01","N","GPM","διαλογισμῶν.","διαλογισμῶν","διαλογισμῶν","διαλογισμός"
"45","14","02","RR","NSM","ὃς","ὃς","ὅς","ὅς"
"45","14","02","C","","μὲν","μὲν","μέν","μέν"
"45","14","02","V","3PAI-S","πιστεύει","πιστεύει","πιστεύει","πιστεύω"
"45","14","02","V","AAN","φαγεῖν","φαγεῖν","φαγεῖν","ἐσθίω"
"45","14","02","A","APN","πάντα,","πάντα","πάντα","πᾶς"
"45","14","02","RA","NSM","ὁ","ὁ","ὁ","ὁ"
"45","14","02","C","","δὲ","δὲ","δέ","δέ"
"45","14","02","V","PAPNSM","ἀσθενῶν","ἀσθενῶν","ἀσθενῶν","ἀσθενέω"
"45","14","02","N","APN","λάχανα","λάχανα","λάχανα","λάχανον"
"45","14","02","V","3PAI-S","ἐσθίει.","ἐσθίει","ἐσθίει","ἐσθίω"
"45","14","03","RA","NSM","ὁ","ὁ","ὁ","ὁ"
"45","14","03","V","PAPNSM","ἐσθίων","ἐσθίων","ἐσθίων","ἐσθίω"
"45","14","03","RA","ASM","τὸν","τὸν","τόν","ὁ"
"45","14","03","D","","μὴ","μὴ","μή","μή"
"45","14","03","V","PAPASM","ἐσθίοντα","ἐσθίοντα","ἐσθίοντα","ἐσθίω"
"45","14","03","D","","μὴ","μὴ","μή","μή"
"45","14","03","V","3PAD-S","ἐξουθενείτω,","ἐξουθενείτω","ἐξουθενείτω","ἐξουθενέω"
"45","14","03","RA","NSM","⸂ὁ","ὁ","ὁ","ὁ"
"45","14","03","C","","δὲ⸃","δὲ","δέ","δέ"
"45","14","03","D","","μὴ","μὴ","μή","μή"
"45","14","03","V","PAPNSM","ἐσθίων","ἐσθίων","ἐσθίων","ἐσθίω"
"45","14","03","RA","ASM","τὸν","τὸν","τόν","ὁ"
"45","14","03","V","PAPASM","ἐσθίοντα","ἐσθίοντα","ἐσθίοντα","ἐσθίω"
"45","14","03","D","","μὴ","μὴ","μή","μή"
"45","14","03","V","3PAD-S","κρινέτω,","κρινέτω","κρινέτω","κρίνω"
"45","14","03","RA","NSM","ὁ","ὁ","ὁ","ὁ"
"45","14","03","N","NSM","θεὸς","θεὸς","θεός","θεός"
"45","14","03","C","","γὰρ","γὰρ","γάρ","γάρ"
"45","14","03","RP","ASM","αὐτὸν","αὐτὸν","αὐτόν","αὐτός"
"45","14","03","V","3AMI-S","προσελάβετο.","προσελάβετο","προσελάβετο","προσλαμβάνομαι"
"45","14","04","RP","NS","σὺ","σὺ","σύ","σύ"
"45","14","04","RI","NSM","τίς","τίς","τίς","τίς"
"45","14","04","V","2PAI-S","εἶ","εἶ","εἶ","εἰμί"
"45","14","04","RA","NSM","ὁ","ὁ","ὁ","ὁ"
"45","14","04","V","PAPNSM","κρίνων","κρίνων","κρίνων","κρίνω"
"45","14","04","A","ASM","ἀλλότριον","ἀλλότριον","ἀλλότριον","ἀλλότριος"
"45","14","04","N","ASM","οἰκέτην;","οἰκέτην","οἰκέτην","οἰκέτης"
"45","14","04","RA","DSM","τῷ","τῷ","τῷ","ὁ"
"45","14","04","A","DSM","ἰδίῳ","ἰδίῳ","ἰδίῳ","ἴδιος"
"45","14","04","N","DSM","κυρίῳ","κυρίῳ","κυρίῳ","κύριος"
"45","14","04","V","3PAI-S","στήκει","στήκει","στήκει","στήκω"
"45","14","04","C","","ἢ","ἢ","ἤ","ἤ"
"45","14","04","V","3PAI-S","πίπτει·","πίπτει","πίπτει","πίπτω"
"45","14","04","V","3FPI-S","σταθήσεται","σταθήσεται","σταθήσεται","ἵστημι"
"45","14","04","C","","δέ,","δέ","δέ","δέ"
"45","14","04","V","3PAI-S","⸂δυνατεῖ","δυνατεῖ","δυνατεῖ","δυνατέω"
"45","14","04","C","","γὰρ⸃","γὰρ","γάρ","γάρ"
"45","14","04","RA","NSM","ὁ","ὁ","ὁ","ὁ"
"45","14","04","N","NSM","⸀κύριος","κύριος","κύριος","κύριος"
"45","14","04","V","AAN","στῆσαι","στῆσαι","στῆσαι","ἵστημι"
"45","14","04","RP","ASM","αὐτόν.","αὐτόν","αὐτόν","αὐτός"
"45","14","05","RR","NSM","Ὃς","Ὃς","ὅς","ὅς"
"45","14","05","C","","⸀μὲν","μὲν","μέν","μέν"
"45","14","05","V","3PAI-S","κρίνει","κρίνει","κρίνει","κρίνω"
"45","14","05","N","ASF","ἡμέραν","ἡμέραν","ἡμέραν","ἡμέρα"
"45","14","05","P","","παρ’","παρ’","παρά","παρά"
"45","14","05","N","ASF","ἡμέραν,","ἡμέραν","ἡμέραν","ἡμέρα"
"45","14","05","RR","NSM","ὃς","ὃς","ὅς","ὅς"
"45","14","05","C","","δὲ","δὲ","δέ","δέ"
"45","14","05","V","3PAI-S","κρίνει","κρίνει","κρίνει","κρίνω"
"45","14","05","A","ASF","πᾶσαν","πᾶσαν","πᾶσαν","πᾶς"
"45","14","05","N","ASF","ἡμέραν·","ἡμέραν","ἡμέραν","ἡμέρα"
"45","14","05","A","NSM","ἕκαστος","ἕκαστος","ἕκαστος","ἕκαστος"
"45","14","05","P","","ἐν","ἐν","ἐν","ἐν"
"45","14","05","RA","DSM","τῷ","τῷ","τῷ","ὁ"
"45","14","05","A","DSM","ἰδίῳ","ἰδίῳ","ἰδίῳ","ἴδιος"
"45","14","05","N","DSM","νοῒ","νοῒ","νοΐ","νοῦς"
"45","14","05","V","3PPD-S","πληροφορείσθω·","πληροφορείσθω","πληροφορείσθω","πληροφορέω"
"45","14","06","RA","NSM","ὁ","ὁ","ὁ","ὁ"
"45","14","06","V","PAPNSM","φρονῶν","φρονῶν","φρονῶν","φρονέω"
"45","14","06","RA","ASF","τὴν","τὴν","τήν","ὁ"
"45","14","06","N","ASF","ἡμέραν","ἡμέραν","ἡμέραν","ἡμέρα"
"45","14","06","N","DSM","κυρίῳ","κυρίῳ","κυρίῳ","κύριος"
"45","14","06","V","3PAI-S","⸀φρονεῖ.","φρονεῖ","φρονεῖ","φρονέω"
"45","14","06","C","","καὶ","καὶ","καί","καί"
"45","14","06","RA","NSM","ὁ","ὁ","ὁ","ὁ"
"45","14","06","V","PAPNSM","ἐσθίων","ἐσθίων","ἐσθίων","ἐσθίω"
"45","14","06","N","DSM","κυρίῳ","κυρίῳ","κυρίῳ","κύριος"
"45","14","06","V","3PAI-S","ἐσθίει,","ἐσθίει","ἐσθίει","ἐσθίω"
"45","14","06","V","3PAI-S","εὐχαριστεῖ","εὐχαριστεῖ","εὐχαριστεῖ","εὐχαριστέω"
"45","14","06","C","","γὰρ","γὰρ","γάρ","γάρ"
"45","14","06","RA","DSM","τῷ","τῷ","τῷ","ὁ"
"45","14","06","N","DSM","θεῷ·","θεῷ","θεῷ","θεός"
"45","14","06","C","","καὶ","καὶ","καί","καί"
"45","14","06","RA","NSM","ὁ","ὁ","ὁ","ὁ"
"45","14","06","D","","μὴ","μὴ","μή","μή"
"45","14","06","V","PAPNSM","ἐσθίων","ἐσθίων","ἐσθίων","ἐσθίω"
"45","14","06","N","DSM","κυρίῳ","κυρίῳ","κυρίῳ","κύριος"
"45","14","06","D","","οὐκ","οὐκ","οὐ","οὐ"
"45","14","06","V","3PAI-S","ἐσθίει,","ἐσθίει","ἐσθίει","ἐσθίω"
"45","14","06","C","","καὶ","καὶ","καί","καί"
"45","14","06","V","3PAI-S","εὐχαριστεῖ","εὐχαριστεῖ","εὐχαριστεῖ","εὐχαριστέω"
"45","14","06","RA","DSM","τῷ","τῷ","τῷ","ὁ"
"45","14","06","N","DSM","θεῷ.","θεῷ","θεῷ","θεός"
"45","14","07","A","NSM","Οὐδεὶς","Οὐδεὶς","οὐδείς","οὐδείς"
"45","14","07","C","","γὰρ","γὰρ","γάρ","γάρ"
"45","14","07","RP","GP","ἡμῶν","ἡμῶν","ἡμῶν","ἐγώ"
"45","14","07","RP","DSM","ἑαυτῷ","ἑαυτῷ","ἑαυτῷ","ἑαυτοῦ"
"45","14","07","V","3PAI-S","ζῇ,","ζῇ","ζῇ","ζάω"
"45","14","07","C","","καὶ","καὶ","καί","καί"
"45","14","07","A","NSM","οὐδεὶς","οὐδεὶς","οὐδείς","οὐδείς"
"45","14","07","RP","DSM","ἑαυτῷ","ἑαυτῷ","ἑαυτῷ","ἑαυτοῦ"
"45","14","07","V","3PAI-S","ἀποθνῄσκει·","ἀποθνῄσκει","ἀποθνῄσκει","ἀποθνῄσκω"
"45","14","08","C","","ἐάν","ἐάν","ἐάν","ἐάν"
"45","14","08","C","","τε","τε","τέ","τέ"
"45","14","08","C","","γὰρ","γὰρ","γάρ","γάρ"
"45","14","08","V","1PAS-P","ζῶμεν,","ζῶμεν","ζῶμεν","ζάω"
"45","14","08","RA","DSM","τῷ","τῷ","τῷ","ὁ"
"45","14","08","N","DSM","κυρίῳ","κυρίῳ","κυρίῳ","κύριος"
"45","14","08","V","1PAI-P","ζῶμεν,","ζῶμεν","ζῶμεν","ζάω"
"45","14","08","C","","ἐάν","ἐάν","ἐάν","ἐάν"
"45","14","08","C","","τε","τε","τέ","τέ"
"45","14","08","V","1PAS-P","ἀποθνῄσκωμεν,","ἀποθνῄσκωμεν","ἀποθνῄσκωμεν","ἀποθνῄσκω"
"45","14","08","RA","DSM","τῷ","τῷ","τῷ","ὁ"
"45","14","08","N","DSM","κυρίῳ","κυρίῳ","κυρίῳ","κύριος"
"45","14","08","V","1PAI-P","ἀποθνῄσκομεν.","ἀποθνῄσκομεν","ἀποθνῄσκομεν","ἀποθνῄσκω"
"45","14","08","C","","ἐάν","ἐάν","ἐάν","ἐάν"
"45","14","08","C","","τε","τε","τέ","τέ"
"45","14","08","C","","οὖν","οὖν","οὖν","οὖν"
"45","14","08","V","1PAS-P","ζῶμεν","ζῶμεν","ζῶμεν","ζάω"
"45","14","08","C","","ἐάν","ἐάν","ἐάν","ἐάν"
"45","14","08","C","","τε","τε","τέ","τέ"
"45","14","08","V","1PAS-P","ἀποθνῄσκωμεν,","ἀποθνῄσκωμεν","ἀποθνῄσκωμεν","ἀποθνῄσκω"
"45","14","08","RA","GSM","τοῦ","τοῦ","τοῦ","ὁ"
"45","14","08","N","GSM","κυρίου","κυρίου","κυρίου","κύριος"
"45","14","08","V","1PAI-P","ἐσμέν.","ἐσμέν","ἐσμέν","εἰμί"
"45","14","09","P","","εἰς","εἰς","εἰς","εἰς"
"45","14","09","RD","ASN","τοῦτο","τοῦτο","τοῦτο","οὗτος"
"45","14","09","C","","γὰρ","γὰρ","γάρ","γάρ"
"45","14","09","N","NSM","⸀Χριστὸς","Χριστὸς","Χριστός","Χριστός"
"45","14","09","V","3AAI-S","⸀ἀπέθανεν","ἀπέθανεν","ἀπέθανε(ν)","ἀποθνῄσκω"
"45","14","09","C","","καὶ","καὶ","καί","καί"
"45","14","09","V","3AAI-S","ἔζησεν","ἔζησεν","ἔζησε(ν)","ζάω"
"45","14","09","C","","ἵνα","ἵνα","ἵνα","ἵνα"
"45","14","09","C","","καὶ","καὶ","καί","καί"
"45","14","09","A","GPM","νεκρῶν","νεκρῶν","νεκρῶν","νεκρός"
"45","14","09","C","","καὶ","καὶ","καί","καί"
"45","14","09","V","PAPGPM","ζώντων","ζώντων","ζώντων","ζάω"
"45","14","09","V","3AAS-S","κυριεύσῃ.","κυριεύσῃ","κυριεύσῃ","κυριεύω"
"45","14","10","RP","NS","Σὺ","Σὺ","σύ","σύ"
"45","14","10","C","","δὲ","δὲ","δέ","δέ"
"45","14","10","RI","ASN","τί","τί","τί","τίς"
"45","14","10","V","2PAI-S","κρίνεις","κρίνεις","κρίνεις","κρίνω"
"45","14","10","RA","ASM","τὸν","τὸν","τόν","ὁ"
"45","14","10","N","ASM","ἀδελφόν","ἀδελφόν","ἀδελφόν","ἀδελφός"
"45","14","10","RP","GS","σου;","σου","σου","σύ"
"45","14","10","C","","ἢ","ἢ","ἤ","ἤ"
"45","14","10","D","","καὶ","καὶ","καί","καί"
"45","14","10","RP","NS","σὺ","σὺ","σύ","σύ"
"45","14","10","RI","ASN","τί","τί","τί","τίς"
"45","14","10","V","2PAI-S","ἐξουθενεῖς","ἐξουθενεῖς","ἐξουθενεῖς","ἐξουθενέω"
"45","14","10","RA","ASM","τὸν","τὸν","τόν","ὁ"
"45","14","10","N","ASM","ἀδελφόν","ἀδελφόν","ἀδελφόν","ἀδελφός"
"45","14","10","RP","GS","σου;","σου","σου","σύ"
"45","14","10","A","NPM","πάντες","πάντες","πάντες","πᾶς"
"45","14","10","C","","γὰρ","γὰρ","γάρ","γάρ"
"45","14","10","V","1FMI-P","παραστησόμεθα","παραστησόμεθα","παραστησόμεθα","παρίστημι"
"45","14","10","RA","DSN","τῷ","τῷ","τῷ","ὁ"
"45","14","10","N","DSN","βήματι","βήματι","βήματι","βῆμα"
"45","14","10","RA","GSM","τοῦ","τοῦ","τοῦ","ὁ"
"45","14","10","N","GSM","⸀θεοῦ,","θεοῦ","θεοῦ","θεός"
"45","14","11","V","3XPI-S","γέγραπται","γέγραπται","γέγραπται","γράφω"
"45","14","11","C","","γάρ·","γάρ","γάρ","γάρ"
"45","14","11","V","1PAI-S","Ζῶ","Ζῶ","ζῶ","ζάω"
"45","14","11","RP","NS","ἐγώ,","ἐγώ","ἐγώ","ἐγώ"
"45","14","11","V","3PAI-S","λέγει","λέγει","λέγει","λέγω"
"45","14","11","N","NSM","κύριος,","κύριος","κύριος","κύριος"
"45","14","11","C","","ὅτι","ὅτι","ὅτι","ὅτι"
"45","14","11","RP","DS","ἐμοὶ","ἐμοὶ","ἐμοί","ἐγώ"
"45","14","11","V","3FAI-S","κάμψει","κάμψει","κάμψει","κάμπτω"
"45","14","11","A","NSN","πᾶν","πᾶν","πᾶν","πᾶς"
"45","14","11","N","NSN","γόνυ,","γόνυ","γόνυ","γόνυ"
"45","14","11","C","","καὶ","καὶ","καί","καί"
"45","14","11","A","NSF","⸂πᾶσα","πᾶσα","πᾶσα","πᾶς"
"45","14","11","N","NSF","γλῶσσα","γλῶσσα","γλῶσσα","γλῶσσα"
"45","14","11","V","3FMI-S","ἐξομολογήσεται⸃","ἐξομολογήσεται","ἐξομολογήσεται","ἐξομολογέω"
"45","14","11","RA","DSM","τῷ","τῷ","τῷ","ὁ"
"45","14","11","N","DSM","θεῷ.","θεῷ","θεῷ","θεός"
"45","14","12","C","","⸀ἄρα","ἄρα","ἄρα","ἄρα"
"45","14","12","A","NSM","ἕκαστος","ἕκαστος","ἕκαστος","ἕκαστος"
"45","14","12","RP","GP","ἡμῶν","ἡμῶν","ἡμῶν","ἐγώ"
"45","14","12","P","","περὶ","περὶ","περί","περί"
"45","14","12","RP","GSM","ἑαυτοῦ","ἑαυτοῦ","ἑαυτοῦ","ἑαυτοῦ"
"45","14","12","N","ASM","λόγον","λόγον","λόγον","λόγος"
"45","14","12","V","3FAI-S","⸀δώσει.","δώσει","δώσει","δίδωμι"
"45","14","13","D","","Μηκέτι","Μηκέτι","μηκέτι","μηκέτι"
"45","14","13","C","","οὖν","οὖν","οὖν","οὖν"
"45","14","13","RP","APM","ἀλλήλους","ἀλλήλους","ἀλλήλους","ἀλλήλων"
"45","14","13","V","1PAS-P","κρίνωμεν·","κρίνωμεν","κρίνωμεν","κρίνω"
"45","14","13","C","","ἀλλὰ","ἀλλὰ","ἀλλά","ἀλλά"
"45","14","13","RD","ASN","τοῦτο","τοῦτο","τοῦτο","οὗτος"
"45","14","13","V","2AAD-P","κρίνατε","κρίνατε","κρίνατε","κρίνω"
"45","14","13","D","","μᾶλλον,","μᾶλλον","μᾶλλον","μᾶλλον"
"45","14","13","RA","ASN","τὸ","τὸ","τό","ὁ"
"45","14","13","D","","μὴ","μὴ","μή","μή"
"45","14","13","V","PAN","τιθέναι","τιθέναι","τιθέναι","τίθημι"
"45","14","13","N","ASN","πρόσκομμα","πρόσκομμα","πρόσκομμα","πρόσκομμα"
"45","14","13","RA","DSM","τῷ","τῷ","τῷ","ὁ"
"45","14","13","N","DSM","ἀδελφῷ","ἀδελφῷ","ἀδελφῷ","ἀδελφός"
"45","14","13","C","","ἢ","ἢ","ἤ","ἤ"
"45","14","13","N","ASN","σκάνδαλον.","σκάνδαλον","σκάνδαλον","σκάνδαλον"
"45","14","14","V","1XAI-S","οἶδα","οἶδα","οἶδα","οἶδα"
"45","14","14","C","","καὶ","καὶ","καί","καί"
"45","14","14","V","1XPI-S","πέπεισμαι","πέπεισμαι","πέπεισμαι","πείθω"
"45","14","14","P","","ἐν","ἐν","ἐν","ἐν"
"45","14","14","N","DSM","κυρίῳ","κυρίῳ","κυρίῳ","κύριος"
"45","14","14","N","DSM","Ἰησοῦ","Ἰησοῦ","Ἰησοῦ","Ἰησοῦς"
"45","14","14","C","","ὅτι","ὅτι","ὅτι","ὅτι"
"45","14","14","A","NSN","οὐδὲν","οὐδὲν","οὐδέν","οὐδείς"
"45","14","14","A","NSN","κοινὸν","κοινὸν","κοινόν","κοινός"
"45","14","14","P","","δι’","δι’","διά","διά"
"45","14","14","RP","GSN","⸀ἑαυτοῦ·","ἑαυτοῦ","ἑαυτοῦ","ἑαυτοῦ"
"45","14","14","C","","εἰ","εἰ","εἰ","εἰ"
"45","14","14","D","","μὴ","μὴ","μή","μή"
"45","14","14","RA","DSM","τῷ","τῷ","τῷ","ὁ"
"45","14","14","V","PMPDSM","λογιζομένῳ","λογιζομένῳ","λογιζομένῳ","λογίζομαι"
"45","14","14","RI","ASN","τι","τι","τὶ","τις"
"45","14","14","A","NSN","κοινὸν","κοινὸν","κοινόν","κοινός"
"45","14","14","V","PAN","εἶναι,","εἶναι","εἶναι","εἰμί"
"45","14","14","RD","DSM","ἐκείνῳ","ἐκείνῳ","ἐκείνῳ","ἐκεῖνος"
"45","14","14","A","NSN","κοινόν.","κοινόν","κοινόν","κοινός"
"45","14","15","C","","εἰ","εἰ","εἰ","εἰ"
"45","14","15","C","","⸀γὰρ","γὰρ","γάρ","γάρ"
"45","14","15","P","","διὰ","διὰ","διά","διά"
"45","14","15","N","ASN","βρῶμα","βρῶμα","βρῶμα","βρῶμα"
"45","14","15","RA","NSM","ὁ","ὁ","ὁ","ὁ"
"45","14","15","N","NSM","ἀδελφός","ἀδελφός","ἀδελφός","ἀδελφός"
"45","14","15","RP","GS","σου","σου","σου","σύ"
"45","14","15","V","3PPI-S","λυπεῖται,","λυπεῖται","λυπεῖται","λυπέω"
"45","14","15","D","","οὐκέτι","οὐκέτι","οὐκέτι","οὐκέτι"
"45","14","15","P","","κατὰ","κατὰ","κατά","κατά"
"45","14","15","N","ASF","ἀγάπην","ἀγάπην","ἀγάπην","ἀγάπη"
"45","14","15","V","2PAI-S","περιπατεῖς.","περιπατεῖς","περιπατεῖς","περιπατέω"
"45","14","15","D","","μὴ","μὴ","μή","μή"
"45","14","15","RA","DSN","τῷ","τῷ","τῷ","ὁ"
"45","14","15","N","DSN","βρώματί","βρώματί","βρώματι","βρῶμα"
"45","14","15","RP","GS","σου","σου","σου","σύ"
"45","14","15","RD","ASM","ἐκεῖνον","ἐκεῖνον","ἐκεῖνον","ἐκεῖνος"
"45","14","15","V","2PAD-S","ἀπόλλυε","ἀπόλλυε","ἀπόλλυε","ἀπόλλυμι"
"45","14","15","P","","ὑπὲρ","ὑπὲρ","ὑπέρ","ὑπέρ"
"45","14","15","RR","GSM","οὗ","οὗ","οὗ","ὅς"
"45","14","15","N","NSM","Χριστὸς","Χριστὸς","Χριστός","Χριστός"
"45","14","15","V","3AAI-S","ἀπέθανεν.","ἀπέθανεν","ἀπέθανε(ν)","ἀποθνῄσκω"
"45","14","16","D","","μὴ","μὴ","μή","μή"
"45","14","16","V","3PPD-S","βλασφημείσθω","βλασφημείσθω","βλασφημείσθω","βλασφημέω"
"45","14","16","C","","οὖν","οὖν","οὖν","οὖν"
"45","14","16","RP","GP","ὑμῶν","ὑμῶν","ὑμῶν","σύ"
"45","14","16","RA","NSN","τὸ","τὸ","τό","ὁ"
"45","14","16","A","NSN","ἀγαθόν.","ἀγαθόν","ἀγαθόν","ἀγαθός"
"45","14","17","D","","οὐ","οὐ","οὐ","οὐ"
"45","14","17","C","","γάρ","γάρ","γάρ","γάρ"
"45","14","17","V","3PAI-S","ἐστιν","ἐστιν","ἐστί(ν)","εἰμί"
"45","14","17","RA","NSF","ἡ","ἡ","ἡ","ὁ"
"45","14","17","N","NSF","βασιλεία","βασιλεία","βασιλεία","βασιλεία"
"45","14","17","RA","GSM","τοῦ","τοῦ","τοῦ","ὁ"
"45","14","17","N","GSM","θεοῦ","θεοῦ","θεοῦ","θεός"
"45","14","17","N","NSF","βρῶσις","βρῶσις","βρῶσις","βρῶσις"
"45","14","17","C","","καὶ","καὶ","καί","καί"
"45","14","17","N","NSF","πόσις,","πόσις","πόσις","πόσις"
"45","14","17","C","","ἀλλὰ","ἀλλὰ","ἀλλά","ἀλλά"
"45","14","17","N","NSF","δικαιοσύνη","δικαιοσύνη","δικαιοσύνη","δικαιοσύνη"
"45","14","17","C","","καὶ","καὶ","καί","καί"
"45","14","17","N","NSF","εἰρήνη","εἰρήνη","εἰρήνη","εἰρήνη"
"45","14","17","C","","καὶ","καὶ","καί","καί"
"45","14","17","N","NSF","χαρὰ","χαρὰ","χαρά","χαρά"
"45","14","17","P","","ἐν","ἐν","ἐν","ἐν"
"45","14","17","N","DSN","πνεύματι","πνεύματι","πνεύματι","πνεῦμα"
"45","14","17","A","DSN","ἁγίῳ·","ἁγίῳ","ἁγίῳ","ἅγιος"
"45","14","18","RA","NSM","ὁ","ὁ","ὁ","ὁ"
"45","14","18","C","","γὰρ","γὰρ","γάρ","γάρ"
"45","14","18","P","","ἐν","ἐν","ἐν","ἐν"
"45","14","18","RD","DSN","⸀τούτῳ","τούτῳ","τούτῳ","οὗτος"
"45","14","18","V","PAPNSM","δουλεύων","δουλεύων","δουλεύων","δουλεύω"
"45","14","18","RA","DSM","τῷ","τῷ","τῷ","ὁ"
"45","14","18","N","DSM","Χριστῷ","Χριστῷ","Χριστῷ","Χριστός"
"45","14","18","A","NSM","εὐάρεστος","εὐάρεστος","εὐάρεστος","εὐάρεστος"
"45","14","18","RA","DSM","τῷ","τῷ","τῷ","ὁ"
"45","14","18","N","DSM","θεῷ","θεῷ","θεῷ","θεός"
"45","14","18","C","","καὶ","καὶ","καί","καί"
"45","14","18","A","NSM","δόκιμος","δόκιμος","δόκιμος","δόκιμος"
"45","14","18","RA","DPM","τοῖς","τοῖς","τοῖς","ὁ"
"45","14","18","N","DPM","ἀνθρώποις.","ἀνθρώποις","ἀνθρώποις","ἄνθρωπος"
"45","14","19","C","","ἄρα","ἄρα","ἄρα","ἄρα"
"45","14","19","C","","οὖν","οὖν","οὖν","οὖν"
"45","14","19","RA","APN","τὰ","τὰ","τά","ὁ"
"45","14","19","RA","GSF","τῆς","τῆς","τῆς","ὁ"
"45","14","19","N","GSF","εἰρήνης","εἰρήνης","εἰρήνης","εἰρήνη"
"45","14","19","V","1PAS-P","διώκωμεν","διώκωμεν","διώκωμεν","διώκω"
"45","14","19","C","","καὶ","καὶ","καί","καί"
"45","14","19","RA","APN","τὰ","τὰ","τά","ὁ"
"45","14","19","RA","GSF","τῆς","τῆς","τῆς","ὁ"
"45","14","19","N","GSF","οἰκοδομῆς","οἰκοδομῆς","οἰκοδομῆς","οἰκοδομή"
"45","14","19","RA","GSF","τῆς","τῆς","τῆς","ὁ"
"45","14","19","P","","εἰς","εἰς","εἰς","εἰς"
"45","14","19","RP","APM","ἀλλήλους.","ἀλλήλους","ἀλλήλους","ἀλλήλων"
"45","14","20","D","","μὴ","μὴ","μή","μή"
"45","14","20","P","","ἕνεκεν","ἕνεκεν","ἕνεκεν","ἕνεκεν"
"45","14","20","N","GSN","βρώματος","βρώματος","βρώματος","βρῶμα"
"45","14","20","V","2PAD-S","κατάλυε","κατάλυε","κατάλυε","καταλύω"
"45","14","20","RA","ASN","τὸ","τὸ","τό","ὁ"
"45","14","20","N","ASN","ἔργον","ἔργον","ἔργον","ἔργον"
"45","14","20","RA","GSM","τοῦ","τοῦ","τοῦ","ὁ"
"45","14","20","N","GSM","θεοῦ.","θεοῦ","θεοῦ","θεός"
"45","14","20","A","NPN","πάντα","πάντα","πάντα","πᾶς"
"45","14","20","C","","μὲν","μὲν","μέν","μέν"
"45","14","20","A","NPN","καθαρά,","καθαρά","καθαρά","καθαρός"
"45","14","20","C","","ἀλλὰ","ἀλλὰ","ἀλλά","ἀλλά"
"45","14","20","A","ASN","κακὸν","κακὸν","κακόν","κακός"
"45","14","20","RA","DSM","τῷ","τῷ","τῷ","ὁ"
"45","14","20","N","DSM","ἀνθρώπῳ","ἀνθρώπῳ","ἀνθρώπῳ","ἄνθρωπος"
"45","14","20","RA","DSM","τῷ","τῷ","τῷ","ὁ"
"45","14","20","P","","διὰ","διὰ","διά","διά"
"45","14","20","N","GSN","προσκόμματος","προσκόμματος","προσκόμματος","πρόσκομμα"
"45","14","20","V","PAPDSM","ἐσθίοντι.","ἐσθίοντι","ἐσθίοντι","ἐσθίω"
"45","14","21","A","NSN","καλὸν","καλὸν","καλόν","καλός"
"45","14","21","RA","NSN","τὸ","τὸ","τό","ὁ"
"45","14","21","D","","μὴ","μὴ","μή","μή"
"45","14","21","V","AAN","φαγεῖν","φαγεῖν","φαγεῖν","ἐσθίω"
"45","14","21","N","APN","κρέα","κρέα","κρέα","κρέας"
"45","14","21","C","","μηδὲ","μηδὲ","μηδέ","μηδέ"
"45","14","21","V","AAN","πιεῖν","πιεῖν","πιεῖν","πίνω"
"45","14","21","N","ASM","οἶνον","οἶνον","οἶνον","οἶνος"
"45","14","21","C","","μηδὲ","μηδὲ","μηδέ","μηδέ"
"45","14","21","P","","ἐν","ἐν","ἐν","ἐν"
"45","14","21","RR","DSN","ᾧ","ᾧ","ᾧ","ὅς"
"45","14","21","RA","NSM","ὁ","ὁ","ὁ","ὁ"
"45","14","21","N","NSM","ἀδελφός","ἀδελφός","ἀδελφός","ἀδελφός"
"45","14","21","RP","GS","σου","σου","σου","σύ"
"45","14","21","V","3PAI-S","προσκόπτει","προσκόπτει","προσκόπτει","προσκόπτω"
"45","14","21","C","","⸂ἢ","ἢ","ἤ","ἤ"
"45","14","21","V","3PPI-S","σκανδαλίζεται","σκανδαλίζεται","σκανδαλίζεται","σκανδαλίζω"
"45","14","21","C","","ἢ","ἢ","ἤ","ἤ"
"45","14","21","V","3PAI-S","ἀσθενεῖ⸃·","ἀσθενεῖ","ἀσθενεῖ","ἀσθενέω"
"45","14","22","RP","NS","σὺ","σὺ","σύ","σύ"
"45","14","22","N","ASF","πίστιν","πίστιν","πίστιν","πίστις"
"45","14","22","RR","ASF","⸀ἣν","ἣν","ἥν","ὅς"
"45","14","22","V","2PAI-S","ἔχεις","ἔχεις","ἔχεις","ἔχω"
"45","14","22","P","","κατὰ","κατὰ","κατά","κατά"
"45","14","22","RP","ASM","σεαυτὸν","σεαυτὸν","σεαυτόν","σεαυτοῦ"
"45","14","22","V","2PAD-S","ἔχε","ἔχε","ἔχε","ἔχω"
"45","14","22","P","","ἐνώπιον","ἐνώπιον","ἐνώπιον","ἐνώπιον"
"45","14","22","RA","GSM","τοῦ","τοῦ","τοῦ","ὁ"
"45","14","22","N","GSM","θεοῦ.","θεοῦ","θεοῦ","θεός"
"45","14","22","A","NSM","μακάριος","μακάριος","μακάριος","μακάριος"
"45","14","22","RA","NSM","ὁ","ὁ","ὁ","ὁ"
"45","14","22","D","","μὴ","μὴ","μή","μή"
"45","14","22","V","PAPNSM","κρίνων","κρίνων","κρίνων","κρίνω"
"45","14","22","RP","ASM","ἑαυτὸν","ἑαυτὸν","ἑαυτόν","ἑαυτοῦ"
"45","14","22","P","","ἐν","ἐν","ἐν","ἐν"
"45","14","22","RR","DSN","ᾧ","ᾧ","ᾧ","ὅς"
"45","14","22","V","3PAI-S","δοκιμάζει·","δοκιμάζει","δοκιμάζει","δοκιμάζω"
"45","14","23","RA","NSM","ὁ","ὁ","ὁ","ὁ"
"45","14","23","C","","δὲ","δὲ","δέ","δέ"
"45","14","23","V","PMPNSM","διακρινόμενος","διακρινόμενος","διακρινόμενος","διακρίνω"
"45","14","23","C","","ἐὰν","ἐὰν","ἐάν","ἐάν"
"45","14","23","V","3AAS-S","φάγῃ","φάγῃ","φάγῃ","ἐσθίω"
"45","14","23","V","3XPI-S","κατακέκριται,","κατακέκριται","κατακέκριται","κατακρίνω"
"45","14","23","C","","ὅτι","ὅτι","ὅτι","ὅτι"
"45","14","23","D","","οὐκ","οὐκ","οὐ","οὐ"
"45","14","23","P","","ἐκ","ἐκ","ἐκ","ἐκ"
"45","14","23","N","GSF","πίστεως·","πίστεως","πίστεως","πίστις"
"45","14","23","A","NSN","πᾶν","πᾶν","πᾶν","πᾶς"
"45","14","23","C","","δὲ","δὲ","δέ","δέ"
"45","14","23","RR","NSN","ὃ","ὃ","ὅ","ὅς"
"45","14","23","D","","οὐκ","οὐκ","οὐ","οὐ"
"45","14","23","P","","ἐκ","ἐκ","ἐκ","ἐκ"
"45","14","23","N","GSF","πίστεως","πίστεως","πίστεως","πίστις"
"45","14","23","N","NSF","ἁμαρτία","ἁμαρτία","ἁμαρτία","ἁμαρτία"
"45","14","23","V","3PAI-S","⸀ἐστίν.","ἐστίν","ἐστί(ν)","εἰμί"
"45","15","01","V","1PAI-P","Ὀφείλομεν","Ὀφείλομεν","ὀφείλομεν","ὀφείλω"
"45","15","01","C","","δὲ","δὲ","δέ","δέ"
"45","15","01","RP","NP","ἡμεῖς","ἡμεῖς","ἡμεῖς","ἐγώ"
"45","15","01","RA","NPM","οἱ","οἱ","οἱ","ὁ"
"45","15","01","A","NPM","δυνατοὶ","δυνατοὶ","δυνατοί","δυνατός"
"45","15","01","RA","APN","τὰ","τὰ","τά","ὁ"
"45","15","01","N","APN","ἀσθενήματα","ἀσθενήματα","ἀσθενήματα","ἀσθένημα"
"45","15","01","RA","GPM","τῶν","τῶν","τῶν","ὁ"
"45","15","01","A","GPM","ἀδυνάτων","ἀδυνάτων","ἀδυνάτων","ἀδύνατος"
"45","15","01","V","PAN","βαστάζειν,","βαστάζειν","βαστάζειν","βαστάζω"
"45","15","01","C","","καὶ","καὶ","καί","καί"
"45","15","01","D","","μὴ","μὴ","μή","μή"
"45","15","01","RP","DPM","ἑαυτοῖς","ἑαυτοῖς","ἑαυτοῖς","ἑαυτοῦ"
"45","15","01","V","PAN","ἀρέσκειν.","ἀρέσκειν","ἀρέσκειν","ἀρέσκω"
"45","15","02","A","NSM","ἕκαστος","ἕκαστος","ἕκαστος","ἕκαστος"
"45","15","02","RP","GP","ἡμῶν","ἡμῶν","ἡμῶν","ἐγώ"
"45","15","02","RA","DSM","τῷ","τῷ","τῷ","ὁ"
"45","15","02","D","","πλησίον","πλησίον","πλησίον","πλησίον"
"45","15","02","V","3PAD-S","ἀρεσκέτω","ἀρεσκέτω","ἀρεσκέτω","ἀρέσκω"
"45","15","02","P","","εἰς","εἰς","εἰς","εἰς"
"45","15","02","RA","ASN","τὸ","τὸ","τό","ὁ"
"45","15","02","A","ASN","ἀγαθὸν","ἀγαθὸν","ἀγαθόν","ἀγαθός"
"45","15","02","P","","πρὸς","πρὸς","πρός","πρός"
"45","15","02","N","ASF","οἰκοδομήν·","οἰκοδομήν","οἰκοδομήν","οἰκοδομή"
"45","15","03","D","","καὶ","καὶ","καί","καί"
"45","15","03","C","","γὰρ","γὰρ","γάρ","γάρ"
"45","15","03","RA","NSM","ὁ","ὁ","ὁ","ὁ"
"45","15","03","N","NSM","Χριστὸς","Χριστὸς","Χριστός","Χριστός"
"45","15","03","D","","οὐχ","οὐχ","οὐ","οὐ"
"45","15","03","RP","DSM","ἑαυτῷ","ἑαυτῷ","ἑαυτῷ","ἑαυτοῦ"
"45","15","03","V","3AAI-S","ἤρεσεν·","ἤρεσεν","ἤρεσε(ν)","ἀρέσκω"
"45","15","03","C","","ἀλλὰ","ἀλλὰ","ἀλλά","ἀλλά"
"45","15","03","C","","καθὼς","καθὼς","καθώς","καθώς"
"45","15","03","V","3XPI-S","γέγραπται·","γέγραπται","γέγραπται","γράφω"
"45","15","03","RA","NPM","Οἱ","Οἱ","οἱ","ὁ"
"45","15","03","N","NPM","ὀνειδισμοὶ","ὀνειδισμοὶ","ὀνειδισμοί","ὀνειδισμός"
"45","15","03","RA","GPM","τῶν","τῶν","τῶν","ὁ"
"45","15","03","V","PAPGPM","ὀνειδιζόντων","ὀνειδιζόντων","ὀνειδιζόντων","ὀνειδίζω"
"45","15","03","RP","AS","σε","σε","σε","σύ"
"45","15","03","V","3AAI-P","ἐπέπεσαν","ἐπέπεσαν","ἐπέπεσαν","ἐπιπίπτω"
"45","15","03","P","","ἐπ’","ἐπ’","ἐπί","ἐπί"
"45","15","03","RP","AS","ἐμέ.","ἐμέ","ἐμέ","ἐγώ"
"45","15","04","RR","NPN","ὅσα","ὅσα","ὅσα","ὅσος"
"45","15","04","C","","γὰρ","γὰρ","γάρ","γάρ"
"45","15","04","V","3API-S","προεγράφη,","προεγράφη","προεγράφη","προγράφω"
"45","15","04","P","","⸀εἰς","εἰς","εἰς","εἰς"
"45","15","04","RA","ASF","τὴν","τὴν","τήν","ὁ"
"45","15","04","A","ASF","ἡμετέραν","ἡμετέραν","ἡμετέραν","ἡμέτερος"
"45","15","04","N","ASF","διδασκαλίαν","διδασκαλίαν","διδασκαλίαν","διδασκαλία"
"45","15","04","V","3API-S","⸀ἐγράφη,","ἐγράφη","ἐγράφη","γράφω"
"45","15","04","C","","ἵνα","ἵνα","ἵνα","ἵνα"
"45","15","04","P","","διὰ","διὰ","διά","διά"
"45","15","04","RA","GSF","τῆς","τῆς","τῆς","ὁ"
"45","15","04","N","GSF","ὑπομονῆς","ὑπομονῆς","ὑπομονῆς","ὑπομονή"
"45","15","04","C","","καὶ","καὶ","καί","καί"
"45","15","04","P","","διὰ","διὰ","διά","διά"
"45","15","04","RA","GSF","τῆς","τῆς","τῆς","ὁ"
"45","15","04","N","GSF","παρακλήσεως","παρακλήσεως","παρακλήσεως","παράκλησις"
"45","15","04","RA","GPF","τῶν","τῶν","τῶν","ὁ"
"45","15","04","N","GPF","γραφῶν","γραφῶν","γραφῶν","γραφή"
"45","15","04","RA","ASF","τὴν","τὴν","τήν","ὁ"
"45","15","04","N","ASF","ἐλπίδα","ἐλπίδα","ἐλπίδα","ἐλπίς"
"45","15","04","V","1PAS-P","ἔχωμεν.","ἔχωμεν","ἔχωμεν","ἔχω"
"45","15","05","RA","NSM","ὁ","ὁ","ὁ","ὁ"
"45","15","05","C","","δὲ","δὲ","δέ","δέ"
"45","15","05","N","NSM","θεὸς","θεὸς","θεός","θεός"
"45","15","05","RA","GSF","τῆς","τῆς","τῆς","ὁ"
"45","15","05","N","GSF","ὑπομονῆς","ὑπομονῆς","ὑπομονῆς","ὑπομονή"
"45","15","05","C","","καὶ","καὶ","καί","καί"
"45","15","05","RA","GSF","τῆς","τῆς","τῆς","ὁ"
"45","15","05","N","GSF","παρακλήσεως","παρακλήσεως","παρακλήσεως","παράκλησις"
"45","15","05","V","3AAO-S","δῴη","δῴη","δῴη","δίδωμι"
"45","15","05","RP","DP","ὑμῖν","ὑμῖν","ὑμῖν","σύ"
"45","15","05","RA","ASN","τὸ","τὸ","τό","ὁ"
"45","15","05","A","ASN","αὐτὸ","αὐτὸ","αὐτό","αὐτός"
"45","15","05","V","PAN","φρονεῖν","φρονεῖν","φρονεῖν","φρονέω"
"45","15","05","P","","ἐν","ἐν","ἐν","ἐν"
"45","15","05","RP","DPM","ἀλλήλοις","ἀλλήλοις","ἀλλήλοις","ἀλλήλων"
"45","15","05","P","","κατὰ","κατὰ","κατά","κατά"
"45","15","05","N","ASM","⸂Χριστὸν","Χριστὸν","Χριστόν","Χριστός"
"45","15","05","N","ASM","Ἰησοῦν⸃,","Ἰησοῦν","Ἰησοῦν","Ἰησοῦς"
"45","15","06","C","","ἵνα","ἵνα","ἵνα","ἵνα"
"45","15","06","D","","ὁμοθυμαδὸν","ὁμοθυμαδὸν","ὁμοθυμαδόν","ὁμοθυμαδόν"
"45","15","06","P","","ἐν","ἐν","ἐν","ἐν"
"45","15","06","A","DSN","ἑνὶ","ἑνὶ","ἑνί","εἷς"
"45","15","06","N","DSN","στόματι","στόματι","στόματι","στόμα"
"45","15","06","V","2PAS-P","δοξάζητε","δοξάζητε","δοξάζητε","δοξάζω"
"45","15","06","RA","ASM","τὸν","τὸν","τόν","ὁ"
"45","15","06","N","ASM","θεὸν","θεὸν","θεόν","θεός"
"45","15","06","C","","καὶ","καὶ","καί","καί"
"45","15","06","N","ASM","πατέρα","πατέρα","πατέρα","πατήρ"
"45","15","06","RA","GSM","τοῦ","τοῦ","τοῦ","ὁ"
"45","15","06","N","GSM","κυρίου","κυρίου","κυρίου","κύριος"
"45","15","06","RP","GP","ἡμῶν","ἡμῶν","ἡμῶν","ἐγώ"
"45","15","06","N","GSM","Ἰησοῦ","Ἰησοῦ","Ἰησοῦ","Ἰησοῦς"
"45","15","06","N","GSM","Χριστοῦ.","Χριστοῦ","Χριστοῦ","Χριστός"
"45","15","07","C","","Διὸ","Διὸ","διό","διό"
"45","15","07","V","2PMD-P","προσλαμβάνεσθε","προσλαμβάνεσθε","προσλαμβάνεσθε","προσλαμβάνομαι"
"45","15","07","RP","APM","ἀλλήλους,","ἀλλήλους","ἀλλήλους","ἀλλήλων"
"45","15","07","C","","καθὼς","καθὼς","καθώς","καθώς"
"45","15","07","D","","καὶ","καὶ","καί","καί"
"45","15","07","RA","NSM","ὁ","ὁ","ὁ","ὁ"
"45","15","07","N","NSM","Χριστὸς","Χριστὸς","Χριστός","Χριστός"
"45","15","07","V","3AMI-S","προσελάβετο","προσελάβετο","προσελάβετο","προσλαμβάνομαι"
"45","15","07","RP","AP","⸀ὑμᾶς,","ὑμᾶς","ὑμᾶς","σύ"
"45","15","07","P","","εἰς","εἰς","εἰς","εἰς"
"45","15","07","N","ASF","δόξαν","δόξαν","δόξαν","δόξα"
"45","15","07","RA","GSM","⸀τοῦ","τοῦ","τοῦ","ὁ"
"45","15","07","N","GSM","θεοῦ.","θεοῦ","θεοῦ","θεός"
"45","15","08","V","1PAI-S","λέγω","λέγω","λέγω","λέγω"
"45","15","08","C","","⸀γὰρ","γὰρ","γάρ","γάρ"
"45","15","08","N","ASM","⸀Χριστὸν","Χριστὸν","Χριστόν","Χριστός"
"45","15","08","N","ASM","διάκονον","διάκονον","διάκονον","διάκονος"
"45","15","08","V","XPN","⸀γεγενῆσθαι","γεγενῆσθαι","γεγενῆσθαι","γίνομαι"
"45","15","08","N","GSF","περιτομῆς","περιτομῆς","περιτομῆς","περιτομή"
"45","15","08","P","","ὑπὲρ","ὑπὲρ","ὑπέρ","ὑπέρ"
"45","15","08","N","GSF","ἀληθείας","ἀληθείας","ἀληθείας","ἀλήθεια"
"45","15","08","N","GSM","θεοῦ,","θεοῦ","θεοῦ","θεός"
"45","15","08","P","","εἰς","εἰς","εἰς","εἰς"
"45","15","08","RA","ASN","τὸ","τὸ","τό","ὁ"
"45","15","08","V","AAN","βεβαιῶσαι","βεβαιῶσαι","βεβαιῶσαι","βεβαιόω"
"45","15","08","RA","APF","τὰς","τὰς","τάς","ὁ"
"45","15","08","N","APF","ἐπαγγελίας","ἐπαγγελίας","ἐπαγγελίας","ἐπαγγελία"
"45","15","08","RA","GPM","τῶν","τῶν","τῶν","ὁ"
"45","15","08","N","GPM","πατέρων,","πατέρων","πατέρων","πατήρ"
"45","15","09","RA","APN","τὰ","τὰ","τά","ὁ"
"45","15","09","C","","δὲ","δὲ","δέ","δέ"
"45","15","09","N","APN","ἔθνη","ἔθνη","ἔθνη","ἔθνος"
"45","15","09","P","","ὑπὲρ","ὑπὲρ","ὑπέρ","ὑπέρ"
"45","15","09","N","GSN","ἐλέους","ἐλέους","ἐλέους","ἔλεος"
"45","15","09","V","AAN","δοξάσαι","δοξάσαι","δοξάσαι","δοξάζω"
"45","15","09","RA","ASM","τὸν","τὸν","τόν","ὁ"
"45","15","09","N","ASM","θεόν·","θεόν","θεόν","θεός"
"45","15","09","C","","καθὼς","καθὼς","καθώς","καθώς"
"45","15","09","V","3XPI-S","γέγραπται·","γέγραπται","γέγραπται","γράφω"
"45","15","09","P","","Διὰ","Διὰ","διά","διά"
"45","15","09","RD","ASN","τοῦτο","τοῦτο","τοῦτο","οὗτος"
"45","15","09","V","1FMI-S","ἐξομολογήσομαί","ἐξομολογήσομαί","ἐξομολογήσομαι","ἐξομολογέω"
"45","15","09","RP","DS","σοι","σοι","σοι","σύ"
"45","15","09","P","","ἐν","ἐν","ἐν","ἐν"
"45","15","09","N","DPN","ἔθνεσι,","ἔθνεσι","ἔθνεσι(ν)","ἔθνος"
"45","15","09","C","","καὶ","καὶ","καί","καί"
"45","15","09","RA","DSN","τῷ","τῷ","τῷ","ὁ"
"45","15","09","N","DSN","ὀνόματί","ὀνόματί","ὀνόματι","ὄνομα"
"45","15","09","RP","GS","σου","σου","σου","σύ"
"45","15","09","V","1FAI-S","ψαλῶ.","ψαλῶ","ψαλῶ","ψάλλω"
"45","15","10","C","","καὶ","καὶ","καί","καί"
"45","15","10","D","","πάλιν","πάλιν","πάλιν","πάλιν"
"45","15","10","V","3PAI-S","λέγει·","λέγει","λέγει","λέγω"
"45","15","10","V","2APD-P","Εὐφράνθητε,","Εὐφράνθητε","εὐφράνθητε","εὐφραίνω"
"45","15","10","N","VPN","ἔθνη,","ἔθνη","ἔθνη","ἔθνος"
"45","15","10","P","","μετὰ","μετὰ","μετά","μετά"
"45","15","10","RA","GSM","τοῦ","τοῦ","τοῦ","ὁ"
"45","15","10","N","GSM","λαοῦ","λαοῦ","λαοῦ","λαός"
"45","15","10","RP","GSM","αὐτοῦ.","αὐτοῦ","αὐτοῦ","αὐτός"
"45","15","11","C","","καὶ","καὶ","καί","καί"
"45","15","11","D","","πάλιν·","πάλιν","πάλιν","πάλιν"
"45","15","11","V","2PAD-P","Αἰνεῖτε,","Αἰνεῖτε","αἰνεῖτε","αἰνέω"
"45","15","11","A","NPN","⸂πάντα","πάντα","πάντα","πᾶς"
"45","15","11","RA","NPN","τὰ","τὰ","τά","ὁ"
"45","15","11","N","NPN","ἔθνη,","ἔθνη","ἔθνη","ἔθνος"
"45","15","11","RA","ASM","τὸν","τὸν","τόν","ὁ"
"45","15","11","N","ASM","κύριον⸃,","κύριον","κύριον","κύριος"
"45","15","11","C","","καὶ","καὶ","καί","καί"
"45","15","11","V","3AAD-P","⸀ἐπαινεσάτωσαν","ἐπαινεσάτωσαν","ἐπαινεσάτωσαν","ἐπαινέω"
"45","15","11","RP","ASM","αὐτὸν","αὐτὸν","αὐτόν","αὐτός"
"45","15","11","A","NPM","πάντες","πάντες","πάντες","πᾶς"
"45","15","11","RA","NPM","οἱ","οἱ","οἱ","ὁ"
"45","15","11","N","NPM","λαοί.","λαοί","λαοί","λαός"
"45","15","12","C","","καὶ","καὶ","καί","καί"
"45","15","12","D","","πάλιν","πάλιν","πάλιν","πάλιν"
"45","15","12","N","NSM","Ἠσαΐας","Ἠσαΐας","Ἠσαΐας","Ἠσαΐας"
"45","15","12","V","3PAI-S","λέγει·","λέγει","λέγει","λέγω"
"45","15","12","V","3FMI-S","Ἔσται","Ἔσται","ἔσται","εἰμί"
"45","15","12","RA","NSF","ἡ","ἡ","ἡ","ὁ"
"45","15","12","N","NSF","ῥίζα","ῥίζα","ῥίζα","ῥίζα"
"45","15","12","RA","GSM","τοῦ","τοῦ","τοῦ","ὁ"
"45","15","12","N","GSM","Ἰεσσαί,","Ἰεσσαί","Ἰεσσαί","Ἰεσσαί"
"45","15","12","C","","καὶ","καὶ","καί","καί"
"45","15","12","RA","NSM","ὁ","ὁ","ὁ","ὁ"
"45","15","12","V","PMPNSM","ἀνιστάμενος","ἀνιστάμενος","ἀνιστάμενος","ἀνίστημι"
"45","15","12","V","PAN","ἄρχειν","ἄρχειν","ἄρχειν","ἄρχω"
"45","15","12","N","GPN","ἐθνῶν·","ἐθνῶν","ἐθνῶν","ἔθνος"
"45","15","12","P","","ἐπ’","ἐπ’","ἐπί","ἐπί"
"45","15","12","RP","DSM","αὐτῷ","αὐτῷ","αὐτῷ","αὐτός"
"45","15","12","N","NPN","ἔθνη","ἔθνη","ἔθνη","ἔθνος"
"45","15","12","V","3FAI-P","ἐλπιοῦσιν.","ἐλπιοῦσιν","ἐλπιοῦσι(ν)","ἐλπίζω"
"45","15","13","RA","NSM","ὁ","ὁ","ὁ","ὁ"
"45","15","13","C","","δὲ","δὲ","δέ","δέ"
"45","15","13","N","NSM","θεὸς","θεὸς","θεός","θεός"
"45","15","13","RA","GSF","τῆς","τῆς","τῆς","ὁ"
"45","15","13","N","GSF","ἐλπίδος","ἐλπίδος","ἐλπίδος","ἐλπίς"
"45","15","13","V","3AAO-S","πληρώσαι","πληρώσαι","πληρώσαι","πληρόω"
"45","15","13","RP","AP","ὑμᾶς","ὑμᾶς","ὑμᾶς","σύ"
"45","15","13","A","GSF","πάσης","πάσης","πάσης","πᾶς"
"45","15","13","N","GSF","χαρᾶς","χαρᾶς","χαρᾶς","χαρά"
"45","15","13","C","","καὶ","καὶ","καί","καί"
"45","15","13","N","GSF","εἰρήνης","εἰρήνης","εἰρήνης","εἰρήνη"
"45","15","13","P","","ἐν","ἐν","ἐν","ἐν"
"45","15","13","RA","DSN","τῷ","τῷ","τῷ","ὁ"
"45","15","13","V","PAN","πιστεύειν,","πιστεύειν","πιστεύειν","πιστεύω"
"45","15","13","P","","εἰς","εἰς","εἰς","εἰς"
"45","15","13","RA","ASN","τὸ","τὸ","τό","ὁ"
"45","15","13","V","PAN","περισσεύειν","περισσεύειν","περισσεύειν","περισσεύω"
"45","15","13","RP","AP","ὑμᾶς","ὑμᾶς","ὑμᾶς","σύ"
"45","15","13","P","","ἐν","ἐν","ἐν","ἐν"
"45","15","13","RA","DSF","τῇ","τῇ","τῇ","ὁ"
"45","15","13","N","DSF","ἐλπίδι","ἐλπίδι","ἐλπίδι","ἐλπίς"
"45","15","13","P","","ἐν","ἐν","ἐν","ἐν"
"45","15","13","N","DSF","δυνάμει","δυνάμει","δυνάμει","δύναμις"
"45","15","13","N","GSN","πνεύματος","πνεύματος","πνεύματος","πνεῦμα"
"45","15","13","A","GSN","ἁγίου.","ἁγίου","ἁγίου","ἅγιος"
"45","15","14","V","1XPI-S","Πέπεισμαι","Πέπεισμαι","πέπεισμαι","πείθω"
"45","15","14","C","","δέ,","δέ","δέ","δέ"
"45","15","14","N","VPM","ἀδελφοί","ἀδελφοί","ἀδελφοί","ἀδελφός"
"45","15","14","RP","GS","μου,","μου","μου","ἐγώ"
"45","15","14","D","","καὶ","καὶ","καί","καί"
"45","15","14","RP","NSM","αὐτὸς","αὐτὸς","αὐτός","αὐτός"
"45","15","14","RP","NS","ἐγὼ","ἐγὼ","ἐγώ","ἐγώ"
"45","15","14","P","","περὶ","περὶ","περί","περί"
"45","15","14","RP","GP","ὑμῶν,","ὑμῶν","ὑμῶν","σύ"
"45","15","14","C","","ὅτι","ὅτι","ὅτι","ὅτι"
"45","15","14","D","","καὶ","καὶ","καί","καί"
"45","15","14","RP","NPM","αὐτοὶ","αὐτοὶ","αὐτοί","αὐτός"
"45","15","14","A","NPM","μεστοί","μεστοί","μεστοί","μεστός"
"45","15","14","V","2PAI-P","ἐστε","ἐστε","ἐστέ","εἰμί"
"45","15","14","N","GSF","ἀγαθωσύνης,","ἀγαθωσύνης","ἀγαθωσύνης","ἀγαθωσύνη"
"45","15","14","V","XPPNPM","πεπληρωμένοι","πεπληρωμένοι","πεπληρωμένοι","πληρόω"
"45","15","14","A","GSF","⸀πάσης","πάσης","πάσης","πᾶς"
"45","15","14","N","GSF","γνώσεως,","γνώσεως","γνώσεως","γνῶσις"
"45","15","14","V","PMPNPM","δυνάμενοι","δυνάμενοι","δυνάμενοι","δύναμαι"
"45","15","14","D","","καὶ","καὶ","καί","καί"
"45","15","14","RP","APM","⸀ἀλλήλους","ἀλλήλους","ἀλλήλους","ἀλλήλων"
"45","15","14","V","PAN","νουθετεῖν.","νουθετεῖν","νουθετεῖν","νουθετέω"
"45","15","15","D","","⸀τολμηρότερον","τολμηρότερον","τολμηρότερον","τολμηρότερον"
"45","15","15","C","","δὲ","δὲ","δέ","δέ"
"45","15","15","V","1AAI-S","ἔγραψα","ἔγραψα","ἔγραψα","γράφω"
"45","15","15","RP","DP","⸀ὑμῖν","ὑμῖν","ὑμῖν","σύ"
"45","15","15","P","","ἀπὸ","ἀπὸ","ἀπό","ἀπό"
"45","15","15","N","GSN","μέρους,","μέρους","μέρους","μέρος"
"45","15","15","C","","ὡς","ὡς","ὡς","ὡς"
"45","15","15","V","PAPNSM","ἐπαναμιμνῄσκων","ἐπαναμιμνῄσκων","ἐπαναμιμνῄσκων","ἐπαναμιμνῄσκω"
"45","15","15","RP","AP","ὑμᾶς,","ὑμᾶς","ὑμᾶς","σύ"
"45","15","15","P","","διὰ","διὰ","διά","διά"
"45","15","15","RA","ASF","τὴν","τὴν","τήν","ὁ"
"45","15","15","N","ASF","χάριν","χάριν","χάριν","χάρις"
"45","15","15","RA","ASF","τὴν","τὴν","τήν","ὁ"
"45","15","15","V","APPASF","δοθεῖσάν","δοθεῖσάν","δοθεῖσαν","δίδωμι"
"45","15","15","RP","DS","μοι","μοι","μοι","ἐγώ"
"45","15","15","P","","⸀ὑπὸ","ὑπὸ","ὑπό","ὑπό"
"45","15","15","RA","GSM","τοῦ","τοῦ","τοῦ","ὁ"
"45","15","15","N","GSM","θεοῦ","θεοῦ","θεοῦ","θεός"
"45","15","16","P","","εἰς","εἰς","εἰς","εἰς"
"45","15","16","RA","ASN","τὸ","τὸ","τό","ὁ"
"45","15","16","V","PAN","εἶναί","εἶναί","εἶναι","εἰμί"
"45","15","16","RP","AS","με","με","με","ἐγώ"
"45","15","16","N","ASM","λειτουργὸν","λειτουργὸν","λειτουργόν","λειτουργός"
"45","15","16","N","GSM","⸂Χριστοῦ","Χριστοῦ","Χριστοῦ","Χριστός"
"45","15","16","N","GSM","Ἰησοῦ⸃","Ἰησοῦ","Ἰησοῦ","Ἰησοῦς"
"45","15","16","P","","εἰς","εἰς","εἰς","εἰς"
"45","15","16","RA","APN","τὰ","τὰ","τά","ὁ"
"45","15","16","N","APN","ἔθνη,","ἔθνη","ἔθνη","ἔθνος"
"45","15","16","V","PAPASM","ἱερουργοῦντα","ἱερουργοῦντα","ἱερουργοῦντα","ἱερουργέω"
"45","15","16","RA","ASN","τὸ","τὸ","τό","ὁ"
"45","15","16","N","ASN","εὐαγγέλιον","εὐαγγέλιον","εὐαγγέλιον","εὐαγγέλιον"
"45","15","16","RA","GSM","τοῦ","τοῦ","τοῦ","ὁ"
"45","15","16","N","GSM","θεοῦ,","θεοῦ","θεοῦ","θεός"
"45","15","16","C","","ἵνα","ἵνα","ἵνα","ἵνα"
"45","15","16","V","3AMS-S","γένηται","γένηται","γένηται","γίνομαι"
"45","15","16","RA","NSF","ἡ","ἡ","ἡ","ὁ"
"45","15","16","N","NSF","προσφορὰ","προσφορὰ","προσφορά","προσφορά"
"45","15","16","RA","GPN","τῶν","τῶν","τῶν","ὁ"
"45","15","16","N","GPN","ἐθνῶν","ἐθνῶν","ἐθνῶν","ἔθνος"
"45","15","16","A","NSF","εὐπρόσδεκτος,","εὐπρόσδεκτος","εὐπρόσδεκτος","εὐπρόσδεκτος"
"45","15","16","V","XPPNSF","ἡγιασμένη","ἡγιασμένη","ἡγιασμένη","ἁγιάζω"
"45","15","16","P","","ἐν","ἐν","ἐν","ἐν"
"45","15","16","N","DSN","πνεύματι","πνεύματι","πνεύματι","πνεῦμα"
"45","15","16","A","DSN","ἁγίῳ.","ἁγίῳ","ἁγίῳ","ἅγιος"
"45","15","17","V","1PAI-S","ἔχω","ἔχω","ἔχω","ἔχω"
"45","15","17","C","","οὖν","οὖν","οὖν","οὖν"
"45","15","17","RA","ASF","⸀τὴν","τὴν","τήν","ὁ"
"45","15","17","N","ASF","καύχησιν","καύχησιν","καύχησιν","καύχησις"
"45","15","17","P","","ἐν","ἐν","ἐν","ἐν"
"45","15","17","N","DSM","Χριστῷ","Χριστῷ","Χριστῷ","Χριστός"
"45","15","17","N","DSM","Ἰησοῦ","Ἰησοῦ","Ἰησοῦ","Ἰησοῦς"
"45","15","17","RA","APN","τὰ","τὰ","τά","ὁ"
"45","15","17","P","","πρὸς","πρὸς","πρός","πρός"
"45","15","17","RA","ASM","τὸν","τὸν","τόν","ὁ"
"45","15","17","N","ASM","θεόν·","θεόν","θεόν","θεός"
"45","15","18","D","","οὐ","οὐ","οὐ","οὐ"
"45","15","18","C","","γὰρ","γὰρ","γάρ","γάρ"
"45","15","18","V","1FAI-S","τολμήσω","τολμήσω","τολμήσω","τολμάω"
"45","15","18","RI","ASN","⸂τι","τι","τὶ","τις"
"45","15","18","V","PAN","λαλεῖν⸃","λαλεῖν","λαλεῖν","λαλέω"
"45","15","18","RR","GPN","ὧν","ὧν","ὧν","ὅς"
"45","15","18","D","","οὐ","οὐ","οὐ","οὐ"
"45","15","18","V","3AMI-S","κατειργάσατο","κατειργάσατο","κατειργάσατο","κατεργάζομαι"
"45","15","18","N","NSM","Χριστὸς","Χριστὸς","Χριστός","Χριστός"
"45","15","18","P","","δι’","δι’","διά","διά"
"45","15","18","RP","GS","ἐμοῦ","ἐμοῦ","ἐμοῦ","ἐγώ"
"45","15","18","P","","εἰς","εἰς","εἰς","εἰς"
"45","15","18","N","ASF","ὑπακοὴν","ὑπακοὴν","ὑπακοήν","ὑπακοή"
"45","15","18","N","GPN","ἐθνῶν,","ἐθνῶν","ἐθνῶν","ἔθνος"
"45","15","18","N","DSM","λόγῳ","λόγῳ","λόγῳ","λόγος"
"45","15","18","C","","καὶ","καὶ","καί","καί"
"45","15","18","N","DSN","ἔργῳ,","ἔργῳ","ἔργῳ","ἔργον"
"45","15","19","P","","ἐν","ἐν","ἐν","ἐν"
"45","15","19","N","DSF","δυνάμει","δυνάμει","δυνάμει","δύναμις"
"45","15","19","N","GPN","σημείων","σημείων","σημείων","σημεῖον"
"45","15","19","C","","καὶ","καὶ","καί","καί"
"45","15","19","N","GPN","τεράτων,","τεράτων","τεράτων","τέρας"
"45","15","19","P","","ἐν","ἐν","ἐν","ἐν"
"45","15","19","N","DSF","δυνάμει","δυνάμει","δυνάμει","δύναμις"
"45","15","19","N","GSN","⸀πνεύματος·","πνεύματος","πνεύματος","πνεῦμα"
"45","15","19","C","","ὥστε","ὥστε","ὥστε","ὥστε"
"45","15","19","RP","AS","με","με","με","ἐγώ"
"45","15","19","P","","ἀπὸ","ἀπὸ","ἀπό","ἀπό"
"45","15","19","N","GSF","Ἰερουσαλὴμ","Ἰερουσαλὴμ","Ἰερουσαλήμ","Ἰερουσαλήμ"
"45","15","19","C","","καὶ","καὶ","καί","καί"
"45","15","19","D","","κύκλῳ","κύκλῳ","κύκλῳ","κύκλῳ"
"45","15","19","P","","μέχρι","μέχρι","μέχρι(ς)","μέχρι(ς)"
"45","15","19","RA","GSN","τοῦ","τοῦ","τοῦ","ὁ"
"45","15","19","N","GSN","Ἰλλυρικοῦ","Ἰλλυρικοῦ","Ἰλλυρικοῦ","Ἰλλυρικόν"
"45","15","19","V","XAN","πεπληρωκέναι","πεπληρωκέναι","πεπληρωκέναι","πληρόω"
"45","15","19","RA","ASN","τὸ","τὸ","τό","ὁ"
"45","15","19","N","ASN","εὐαγγέλιον","εὐαγγέλιον","εὐαγγέλιον","εὐαγγέλιον"
"45","15","19","RA","GSM","τοῦ","τοῦ","τοῦ","ὁ"
"45","15","19","N","GSM","Χριστοῦ,","Χριστοῦ","Χριστοῦ","Χριστός"
"45","15","20","D","","οὕτως","οὕτως","οὕτω(ς)","οὕτω(ς)"
"45","15","20","C","","δὲ","δὲ","δέ","δέ"
"45","15","20","V","PMPASM","⸀φιλοτιμούμενον","φιλοτιμούμενον","φιλοτιμούμενον","φιλοτιμέομαι"
"45","15","20","V","PMN","εὐαγγελίζεσθαι","εὐαγγελίζεσθαι","εὐαγγελίζεσθαι","εὐαγγελίζω"
"45","15","20","D","","οὐχ","οὐχ","οὐ","οὐ"
"45","15","20","C","","ὅπου","ὅπου","ὅπου","ὅπου"
"45","15","20","V","3API-S","ὠνομάσθη","ὠνομάσθη","ὠνομάσθη","ὀνομάζω"
"45","15","20","N","NSM","Χριστός,","Χριστός","Χριστός","Χριστός"
"45","15","20","C","","ἵνα","ἵνα","ἵνα","ἵνα"
"45","15","20","D","","μὴ","μὴ","μή","μή"
"45","15","20","P","","ἐπ’","ἐπ’","ἐπί","ἐπί"
"45","15","20","A","ASM","ἀλλότριον","ἀλλότριον","ἀλλότριον","ἀλλότριος"
"45","15","20","N","ASM","θεμέλιον","θεμέλιον","θεμέλιον","θεμέλιος"
"45","15","20","V","1PAS-S","οἰκοδομῶ,","οἰκοδομῶ","οἰκοδομῶ","οἰκοδομέω"
"45","15","21","C","","ἀλλὰ","ἀλλὰ","ἀλλά","ἀλλά"
"45","15","21","C","","καθὼς","καθὼς","καθώς","καθώς"
"45","15","21","V","3XPI-S","γέγραπται·","γέγραπται","γέγραπται","γράφω"
"45","15","21","RR","DPM","⸂Οἷς","Οἷς","οἷς","ὅς"
"45","15","21","D","","οὐκ","οὐκ","οὐ","οὐ"
"45","15","21","V","3API-S","ἀνηγγέλη","ἀνηγγέλη","ἀνηγγέλη","ἀναγγέλλω"
"45","15","21","P","","περὶ","περὶ","περί","περί"
"45","15","21","RP","GSM","αὐτοῦ","αὐτοῦ","αὐτοῦ","αὐτός"
"45","15","21","V","3FMI-P","ὄψονται⸃,","ὄψονται","ὄψονται","ὁράω"
"45","15","21","C","","καὶ","καὶ","καί","καί"
"45","15","21","RR","NPM","οἳ","οἳ","οἵ","ὅς"
"45","15","21","D","","οὐκ","οὐκ","οὐ","οὐ"
"45","15","21","V","3XAI-P","ἀκηκόασιν","ἀκηκόασιν","ἀκηκόασι(ν)","ἀκούω"
"45","15","21","V","3FAI-P","συνήσουσιν.","συνήσουσιν","συνήσουσι(ν)","συνίημι"
"45","15","22","C","","Διὸ","Διὸ","διό","διό"
"45","15","22","D","","καὶ","καὶ","καί","καί"
"45","15","22","V","1IPI-S","ἐνεκοπτόμην","ἐνεκοπτόμην","ἐνεκοπτόμην","ἐγκόπτω"
"45","15","22","RA","APN","τὰ","τὰ","τά","ὁ"
"45","15","22","A","APN","πολλὰ","πολλὰ","πολλά","πολύς"
"45","15","22","RA","GSN","τοῦ","τοῦ","τοῦ","ὁ"
"45","15","22","V","AAN","ἐλθεῖν","ἐλθεῖν","ἐλθεῖν","ἔρχομαι"
"45","15","22","P","","πρὸς","πρὸς","πρός","πρός"
"45","15","22","RP","AP","ὑμᾶς·","ὑμᾶς","ὑμᾶς","σύ"
"45","15","23","D","","νυνὶ","νυνὶ","νυνί","νυνί"
"45","15","23","C","","δὲ","δὲ","δέ","δέ"
"45","15","23","D","","μηκέτι","μηκέτι","μηκέτι","μηκέτι"
"45","15","23","N","ASM","τόπον","τόπον","τόπον","τόπος"
"45","15","23","V","PAPNSM","ἔχων","ἔχων","ἔχων","ἔχω"
"45","15","23","P","","ἐν","ἐν","ἐν","ἐν"
"45","15","23","RA","DPN","τοῖς","τοῖς","τοῖς","ὁ"
"45","15","23","N","DPN","κλίμασι","κλίμασι","κλίμασι(ν)","κλίμα"
"45","15","23","RD","DPN","τούτοις,","τούτοις","τούτοις","οὗτος"
"45","15","23","N","ASF","ἐπιποθίαν","ἐπιποθίαν","ἐπιποθίαν","ἐπιποθία"
"45","15","23","C","","δὲ","δὲ","δέ","δέ"
"45","15","23","V","PAPNSM","ἔχων","ἔχων","ἔχων","ἔχω"
"45","15","23","RA","GSN","τοῦ","τοῦ","τοῦ","ὁ"
"45","15","23","V","AAN","ἐλθεῖν","ἐλθεῖν","ἐλθεῖν","ἔρχομαι"
"45","15","23","P","","πρὸς","πρὸς","πρός","πρός"
"45","15","23","RP","AP","ὑμᾶς","ὑμᾶς","ὑμᾶς","σύ"
"45","15","23","P","","ἀπὸ","ἀπὸ","ἀπό","ἀπό"
"45","15","23","A","GPM","⸀ἱκανῶν","ἱκανῶν","ἱκανῶν","ἱκανός"
"45","15","23","N","GPN","ἐτῶν,","ἐτῶν","ἐτῶν","ἔτος"
"45","15","24","C","","ὡς","ὡς","ὡς","ὡς"
"45","15","24","X","","⸀ἂν","ἂν","ἄν","ἄν"
"45","15","24","V","1PMS-S","πορεύωμαι","πορεύωμαι","πορεύωμαι","πορεύομαι"
"45","15","24","P","","εἰς","εἰς","εἰς","εἰς"
"45","15","24","RA","ASF","τὴν","τὴν","τήν","ὁ"
"45","15","24","N","ASF","⸀Σπανίαν,","Σπανίαν","Σπανίαν","Σπανία"
"45","15","24","V","1PAI-S","ἐλπίζω","ἐλπίζω","ἐλπίζω","ἐλπίζω"
"45","15","24","C","","γὰρ","γὰρ","γάρ","γάρ"
"45","15","24","V","PMPNSM","διαπορευόμενος","διαπορευόμενος","διαπορευόμενος","διαπορεύομαι"
"45","15","24","V","AMN","θεάσασθαι","θεάσασθαι","θεάσασθαι","θεάομαι"
"45","15","24","RP","AP","ὑμᾶς","ὑμᾶς","ὑμᾶς","σύ"
"45","15","24","C","","καὶ","καὶ","καί","καί"
"45","15","24","P","","ὑφ’","ὑφ’","ὑπό","ὑπό"
"45","15","24","RP","GP","ὑμῶν","ὑμῶν","ὑμῶν","σύ"
"45","15","24","V","APN","προπεμφθῆναι","προπεμφθῆναι","προπεμφθῆναι","προπέμπω"
"45","15","24","D","","ἐκεῖ","ἐκεῖ","ἐκεῖ","ἐκεῖ"
"45","15","24","C","","ἐὰν","ἐὰν","ἐάν","ἐάν"
"45","15","24","RP","GP","ὑμῶν","ὑμῶν","ὑμῶν","σύ"
"45","15","24","A","ASN","πρῶτον","πρῶτον","πρῶτον","πρῶτος"
"45","15","24","P","","ἀπὸ","ἀπὸ","ἀπό","ἀπό"
"45","15","24","N","GSN","μέρους","μέρους","μέρους","μέρος"
"45","15","24","V","1APS-S","ἐμπλησθῶ—","ἐμπλησθῶ","ἐμπλησθῶ","ἐμπίμπλημι"
"45","15","25","D","","νυνὶ","νυνὶ","νυνί","νυνί"
"45","15","25","C","","δὲ","δὲ","δέ","δέ"
"45","15","25","V","1PMI-S","πορεύομαι","πορεύομαι","πορεύομαι","πορεύομαι"
"45","15","25","P","","εἰς","εἰς","εἰς","εἰς"
"45","15","25","N","ASF","Ἰερουσαλὴμ","Ἰερουσαλὴμ","Ἰερουσαλήμ","Ἰερουσαλήμ"
"45","15","25","V","PAPNSM","διακονῶν","διακονῶν","διακονῶν","διακονέω"
"45","15","25","RA","DPM","τοῖς","τοῖς","τοῖς","ὁ"
"45","15","25","A","DPM","ἁγίοις.","ἁγίοις","ἁγίοις","ἅγιος"
"45","15","26","V","3AAI-P","εὐδόκησαν","εὐδόκησαν","εὐδόκησαν","εὐδοκέω"
"45","15","26","C","","γὰρ","γὰρ","γάρ","γάρ"
"45","15","26","N","NSF","Μακεδονία","Μακεδονία","Μακεδονία","Μακεδονία"
"45","15","26","C","","καὶ","καὶ","καί","καί"
"45","15","26","N","NSF","Ἀχαΐα","Ἀχαΐα","Ἀχαΐα","Ἀχαΐα"
"45","15","26","N","ASF","κοινωνίαν","κοινωνίαν","κοινωνίαν","κοινωνία"
"45","15","26","RI","ASF","τινὰ","τινὰ","τινά","τις"
"45","15","26","V","AMN","ποιήσασθαι","ποιήσασθαι","ποιήσασθαι","ποιέω"
"45","15","26","P","","εἰς","εἰς","εἰς","εἰς"
"45","15","26","RA","APM","τοὺς","τοὺς","τούς","ὁ"
"45","15","26","A","APM","πτωχοὺς","πτωχοὺς","πτωχούς","πτωχός"
"45","15","26","RA","GPM","τῶν","τῶν","τῶν","ὁ"
"45","15","26","A","GPM","ἁγίων","ἁγίων","ἁγίων","ἅγιος"
"45","15","26","RA","GPM","τῶν","τῶν","τῶν","ὁ"
"45","15","26","P","","ἐν","ἐν","ἐν","ἐν"
"45","15","26","N","DSF","Ἰερουσαλήμ.","Ἰερουσαλήμ","Ἰερουσαλήμ","Ἰερουσαλήμ"
"45","15","27","V","3AAI-P","εὐδόκησαν","εὐδόκησαν","εὐδόκησαν","εὐδοκέω"
"45","15","27","C","","γάρ,","γάρ","γάρ","γάρ"
"45","15","27","C","","καὶ","καὶ","καί","καί"
"45","15","27","N","NPM","ὀφειλέται","ὀφειλέται","ὀφειλέται","ὀφειλέτης"
"45","15","27","V","3PAI-P","⸂εἰσὶν","εἰσὶν","εἰσί(ν)","εἰμί"
"45","15","27","RP","GPM","αὐτῶν⸃·","αὐτῶν","αὐτῶν","αὐτός"
"45","15","27","C","","εἰ","εἰ","εἰ","εἰ"
"45","15","27","C","","γὰρ","γὰρ","γάρ","γάρ"
"45","15","27","RA","DPN","τοῖς","τοῖς","τοῖς","ὁ"
"45","15","27","A","DPN","πνευματικοῖς","πνευματικοῖς","πνευματικοῖς","πνευματικός"
"45","15","27","RP","GPM","αὐτῶν","αὐτῶν","αὐτῶν","αὐτός"
"45","15","27","V","3AAI-P","ἐκοινώνησαν","ἐκοινώνησαν","ἐκοινώνησαν","κοινωνέω"
"45","15","27","RA","NPN","τὰ","τὰ","τά","ὁ"
"45","15","27","N","NPN","ἔθνη,","ἔθνη","ἔθνη","ἔθνος"
"45","15","27","V","3PAI-P","ὀφείλουσιν","ὀφείλουσιν","ὀφείλουσι(ν)","ὀφείλω"
"45","15","27","D","","καὶ","καὶ","καί","καί"
"45","15","27","P","","ἐν","ἐν","ἐν","ἐν"
"45","15","27","RA","DPN","τοῖς","τοῖς","τοῖς","ὁ"
"45","15","27","A","DPN","σαρκικοῖς","σαρκικοῖς","σαρκικοῖς","σαρκικός"
"45","15","27","V","AAN","λειτουργῆσαι","λειτουργῆσαι","λειτουργῆσαι","λειτουργέω"
"45","15","27","RP","DPM","αὐτοῖς.","αὐτοῖς","αὐτοῖς","αὐτός"
"45","15","28","RD","ASN","τοῦτο","τοῦτο","τοῦτο","οὗτος"
"45","15","28","C","","οὖν","οὖν","οὖν","οὖν"
"45","15","28","V","AAPNSM","ἐπιτελέσας,","ἐπιτελέσας","ἐπιτελέσας","ἐπιτελέω"
"45","15","28","C","","καὶ","καὶ","καί","καί"
"45","15","28","V","AMPNSM","σφραγισάμενος","σφραγισάμενος","σφραγισάμενος","σφραγίζω"
"45","15","28","RP","DPM","αὐτοῖς","αὐτοῖς","αὐτοῖς","αὐτός"
"45","15","28","RA","ASM","τὸν","τὸν","τόν","ὁ"
"45","15","28","N","ASM","καρπὸν","καρπὸν","καρπόν","καρπός"
"45","15","28","RD","ASM","τοῦτον,","τοῦτον","τοῦτον","οὗτος"
"45","15","28","V","1FMI-S","ἀπελεύσομαι","ἀπελεύσομαι","ἀπελεύσομαι","ἀπέρχομαι"
"45","15","28","P","","δι’","δι’","διά","διά"
"45","15","28","RP","GP","ὑμῶν","ὑμῶν","ὑμῶν","σύ"
"45","15","28","P","","⸀εἰς","εἰς","εἰς","εἰς"
"45","15","28","N","ASF","Σπανίαν·","Σπανίαν","Σπανίαν","Σπανία"
"45","15","29","V","1XAI-S","οἶδα","οἶδα","οἶδα","οἶδα"
"45","15","29","C","","δὲ","δὲ","δέ","δέ"
"45","15","29","C","","ὅτι","ὅτι","ὅτι","ὅτι"
"45","15","29","V","PMPNSM","ἐρχόμενος","ἐρχόμενος","ἐρχόμενος","ἔρχομαι"
"45","15","29","P","","πρὸς","πρὸς","πρός","πρός"
"45","15","29","RP","AP","ὑμᾶς","ὑμᾶς","ὑμᾶς","σύ"
"45","15","29","P","","ἐν","ἐν","ἐν","ἐν"
"45","15","29","N","DSN","πληρώματι","πληρώματι","πληρώματι","πλήρωμα"
"45","15","29","N","GSF","⸀εὐλογίας","εὐλογίας","εὐλογίας","εὐλογία"
"45","15","29","N","GSM","Χριστοῦ","Χριστοῦ","Χριστοῦ","Χριστός"
"45","15","29","V","1FMI-S","ἐλεύσομαι.","ἐλεύσομαι","ἐλεύσομαι","ἔρχομαι"
"45","15","30","V","1PAI-S","Παρακαλῶ","Παρακαλῶ","παρακαλῶ","παρακαλέω"
"45","15","30","C","","δὲ","δὲ","δέ","δέ"
"45","15","30","RP","AP","ὑμᾶς,","ὑμᾶς","ὑμᾶς","σύ"
"45","15","30","N","VPM","ἀδελφοί,","ἀδελφοί","ἀδελφοί","ἀδελφός"
"45","15","30","P","","διὰ","διὰ","διά","διά"
"45","15","30","RA","GSM","τοῦ","τοῦ","τοῦ","ὁ"
"45","15","30","N","GSM","κυρίου","κυρίου","κυρίου","κύριος"
"45","15","30","RP","GP","ἡμῶν","ἡμῶν","ἡμῶν","ἐγώ"
"45","15","30","N","GSM","Ἰησοῦ","Ἰησοῦ","Ἰησοῦ","Ἰησοῦς"
"45","15","30","N","GSM","Χριστοῦ","Χριστοῦ","Χριστοῦ","Χριστός"
"45","15","30","C","","καὶ","καὶ","καί","καί"
"45","15","30","P","","διὰ","διὰ","διά","διά"
"45","15","30","RA","GSF","τῆς","τῆς","τῆς","ὁ"
"45","15","30","N","GSF","ἀγάπης","ἀγάπης","ἀγάπης","ἀγάπη"
"45","15","30","RA","GSN","τοῦ","τοῦ","τοῦ","ὁ"
"45","15","30","N","GSN","πνεύματος","πνεύματος","πνεύματος","πνεῦμα"
"45","15","30","V","AMN","συναγωνίσασθαί","συναγωνίσασθαί","συναγωνίσασθαι","συναγωνίζομαι"
"45","15","30","RP","DS","μοι","μοι","μοι","ἐγώ"
"45","15","30","P","","ἐν","ἐν","ἐν","ἐν"
"45","15","30","RA","DPF","ταῖς","ταῖς","ταῖς","ὁ"
"45","15","30","N","DPF","προσευχαῖς","προσευχαῖς","προσευχαῖς","προσευχή"
"45","15","30","P","","ὑπὲρ","ὑπὲρ","ὑπέρ","ὑπέρ"
"45","15","30","RP","GS","ἐμοῦ","ἐμοῦ","ἐμοῦ","ἐγώ"
"45","15","30","P","","πρὸς","πρὸς","πρός","πρός"
"45","15","30","RA","ASM","τὸν","τὸν","τόν","ὁ"
"45","15","30","N","ASM","θεόν,","θεόν","θεόν","θεός"
"45","15","31","D","","ἵνα","ἵνα","ἵνα","ἵνα"
"45","15","31","V","1APS-S","ῥυσθῶ","ῥυσθῶ","ῥυσθῶ","ῥύομαι"
"45","15","31","P","","ἀπὸ","ἀπὸ","ἀπό","ἀπό"
"45","15","31","RA","GPM","τῶν","τῶν","τῶν","ὁ"
"45","15","31","V","PAPGPM","ἀπειθούντων","ἀπειθούντων","ἀπειθούντων","ἀπειθέω"
"45","15","31","P","","ἐν","ἐν","ἐν","ἐν"
"45","15","31","RA","DSF","τῇ","τῇ","τῇ","ὁ"
"45","15","31","N","DSF","Ἰουδαίᾳ","Ἰουδαίᾳ","Ἰουδαίᾳ","Ἰουδαία"
"45","15","31","C","","⸀καὶ","καὶ","καί","καί"
"45","15","31","RA","NSF","ἡ","ἡ","ἡ","ὁ"
"45","15","31","N","NSF","διακονία","διακονία","διακονία","διακονία"
"45","15","31","RP","GS","μου","μου","μου","ἐγώ"
"45","15","31","RA","NSF","ἡ","ἡ","ἡ","ὁ"
"45","15","31","P","","εἰς","εἰς","εἰς","εἰς"
"45","15","31","N","ASF","Ἰερουσαλὴμ","Ἰερουσαλὴμ","Ἰερουσαλήμ","Ἰερουσαλήμ"
"45","15","31","A","NSF","εὐπρόσδεκτος","εὐπρόσδεκτος","εὐπρόσδεκτος","εὐπρόσδεκτος"
"45","15","31","RA","DPM","⸂τοῖς","τοῖς","τοῖς","ὁ"
"45","15","31","A","DPM","ἁγίοις","ἁγίοις","ἁγίοις","ἅγιος"
"45","15","31","V","3AMS-S","γένηται⸃,","γένηται","γένηται","γίνομαι"
"45","15","32","C","","ἵνα","ἵνα","ἵνα","ἵνα"
"45","15","32","P","","ἐν","ἐν","ἐν","ἐν"
"45","15","32","N","DSF","χαρᾷ","χαρᾷ","χαρᾷ","χαρά"
"45","15","32","V","AAPNSM","⸀ἐλθὼν","ἐλθὼν","ἐλθών","ἔρχομαι"
"45","15","32","P","","πρὸς","πρὸς","πρός","πρός"
"45","15","32","RP","AP","ὑμᾶς","ὑμᾶς","ὑμᾶς","σύ"
"45","15","32","P","","διὰ","διὰ","διά","διά"
"45","15","32","N","GSN","θελήματος","θελήματος","θελήματος","θέλημα"
"45","15","32","N","GSM","⸀θεοῦ","θεοῦ","θεοῦ","θεός"
"45","15","32","V","1AMS-S","συναναπαύσωμαι","συναναπαύσωμαι","συναναπαύσωμαι","συναναπαύομαι"
"45","15","32","RP","DP","ὑμῖν.","ὑμῖν","ὑμῖν","σύ"
"45","15","33","RA","NSM","ὁ","ὁ","ὁ","ὁ"
"45","15","33","C","","δὲ","δὲ","δέ","δέ"
"45","15","33","N","NSM","θεὸς","θεὸς","θεός","θεός"
"45","15","33","RA","GSF","τῆς","τῆς","τῆς","ὁ"
"45","15","33","N","GSF","εἰρήνης","εἰρήνης","εἰρήνης","εἰρήνη"
"45","15","33","P","","μετὰ","μετὰ","μετά","μετά"
"45","15","33","A","GPM","πάντων","πάντων","πάντων","πᾶς"
"45","15","33","RP","GP","ὑμῶν·","ὑμῶν","ὑμῶν","σύ"
"45","15","33","X","","ἀμήν.","ἀμήν","ἀμήν","ἀμήν"
"45","16","01","V","1PAI-S","Συνίστημι","Συνίστημι","συνίστημι","συνίστημι"
"45","16","01","C","","δὲ","δὲ","δέ","δέ"
"45","16","01","RP","DP","ὑμῖν","ὑμῖν","ὑμῖν","σύ"
"45","16","01","N","ASF","Φοίβην","Φοίβην","Φοίβην","Φοίβη"
"45","16","01","RA","ASF","τὴν","τὴν","τήν","ὁ"
"45","16","01","N","ASF","ἀδελφὴν","ἀδελφὴν","ἀδελφήν","ἀδελφή"
"45","16","01","RP","GP","ἡμῶν,","ἡμῶν","ἡμῶν","ἐγώ"
"45","16","01","V","PAPASF","οὖσαν","οὖσαν","οὖσαν","εἰμί"
"45","16","01","D","","⸀καὶ","καὶ","καί","καί"
"45","16","01","N","ASF","διάκονον","διάκονον","διάκονον","διάκονος"
"45","16","01","RA","GSF","τῆς","τῆς","τῆς","ὁ"
"45","16","01","N","GSF","ἐκκλησίας","ἐκκλησίας","ἐκκλησίας","ἐκκλησία"
"45","16","01","RA","GSF","τῆς","τῆς","τῆς","ὁ"
"45","16","01","P","","ἐν","ἐν","ἐν","ἐν"
"45","16","01","N","DPF","Κεγχρεαῖς,","Κεγχρεαῖς","Κεγχρεαῖς","Κεγχρεαί"
"45","16","02","C","","ἵνα","ἵνα","ἵνα","ἵνα"
"45","16","02","RP","ASF","⸂αὐτὴν","αὐτὴν","αὐτήν","αὐτός"
"45","16","02","V","2AMS-P","προσδέξησθε⸃","προσδέξησθε","προσδέξησθε","προσδέχομαι"
"45","16","02","P","","ἐν","ἐν","ἐν","ἐν"
"45","16","02","N","DSM","κυρίῳ","κυρίῳ","κυρίῳ","κύριος"
"45","16","02","D","","ἀξίως","ἀξίως","ἀξίως","ἀξίως"
"45","16","02","RA","GPM","τῶν","τῶν","τῶν","ὁ"
"45","16","02","A","GPM","ἁγίων,","ἁγίων","ἁγίων","ἅγιος"
"45","16","02","C","","καὶ","καὶ","καί","καί"
"45","16","02","V","2AAS-P","παραστῆτε","παραστῆτε","παραστῆτε","παρίστημι"
"45","16","02","RP","DSF","αὐτῇ","αὐτῇ","αὐτῇ","αὐτός"
"45","16","02","P","","ἐν","ἐν","ἐν","ἐν"
"45","16","02","RR","DSN","ᾧ","ᾧ","ᾧ","ὅς"
"45","16","02","X","","ἂν","ἂν","ἄν","ἄν"
"45","16","02","RP","GP","ὑμῶν","ὑμῶν","ὑμῶν","σύ"
"45","16","02","V","3PAS-S","χρῄζῃ","χρῄζῃ","χρῄζῃ","χρῄζω"
"45","16","02","N","DSN","πράγματι,","πράγματι","πράγματι","πρᾶγμα"
"45","16","02","D","","καὶ","καὶ","καί","καί"
"45","16","02","C","","γὰρ","γὰρ","γάρ","γάρ"
"45","16","02","RP","NSF","αὐτὴ","αὐτὴ","αὐτή","αὐτός"
"45","16","02","N","NSF","προστάτις","προστάτις","προστάτις","προστάτις"
"45","16","02","A","GPM","πολλῶν","πολλῶν","πολλῶν","πολύς"
"45","16","02","V","3API-S","ἐγενήθη","ἐγενήθη","ἐγενήθη","γίνομαι"
"45","16","02","C","","καὶ","καὶ","καί","καί"
"45","16","02","RP","GS","⸂ἐμοῦ","ἐμοῦ","ἐμοῦ","ἐγώ"
"45","16","02","RP","GSM","αὐτοῦ⸃.","αὐτοῦ","αὐτοῦ","αὐτός"
"45","16","03","V","2AMD-P","Ἀσπάσασθε","Ἀσπάσασθε","ἀσπάσασθε","ἀσπάζομαι"
"45","16","03","N","ASF","Πρίσκαν","Πρίσκαν","Πρίσκαν","Πρίσκα"
"45","16","03","C","","καὶ","καὶ","καί","καί"
"45","16","03","N","ASM","Ἀκύλαν","Ἀκύλαν","Ἀκύλαν","Ἀκύλας"
"45","16","03","RA","APM","τοὺς","τοὺς","τούς","ὁ"
"45","16","03","A","APM","συνεργούς","συνεργούς","συνεργούς","συνεργός"
"45","16","03","RP","GS","μου","μου","μου","ἐγώ"
"45","16","03","P","","ἐν","ἐν","ἐν","ἐν"
"45","16","03","N","DSM","Χριστῷ","Χριστῷ","Χριστῷ","Χριστός"
"45","16","03","N","DSM","Ἰησοῦ,","Ἰησοῦ","Ἰησοῦ","Ἰησοῦς"
"45","16","04","RR","NPM","οἵτινες","οἵτινες","οἵτινες","ὅστις"
"45","16","04","P","","ὑπὲρ","ὑπὲρ","ὑπέρ","ὑπέρ"
"45","16","04","RA","GSF","τῆς","τῆς","τῆς","ὁ"
"45","16","04","N","GSF","ψυχῆς","ψυχῆς","ψυχῆς","ψυχή"
"45","16","04","RP","GS","μου","μου","μου","ἐγώ"
"45","16","04","RA","ASM","τὸν","τὸν","τόν","ὁ"
"45","16","04","RP","GPM","ἑαυτῶν","ἑαυτῶν","ἑαυτῶν","ἑαυτοῦ"
"45","16","04","N","ASM","τράχηλον","τράχηλον","τράχηλον","τράχηλος"
"45","16","04","V","3AAI-P","ὑπέθηκαν,","ὑπέθηκαν","ὑπέθηκαν","ὑποτίθημι"
"45","16","04","RR","DPM","οἷς","οἷς","οἷς","ὅς"
"45","16","04","D","","οὐκ","οὐκ","οὐ","οὐ"
"45","16","04","RP","NS","ἐγὼ","ἐγὼ","ἐγώ","ἐγώ"
"45","16","04","A","NSM","μόνος","μόνος","μόνος","μόνος"
"45","16","04","V","1PAI-S","εὐχαριστῶ","εὐχαριστῶ","εὐχαριστῶ","εὐχαριστέω"
"45","16","04","C","","ἀλλὰ","ἀλλὰ","ἀλλά","ἀλλά"
"45","16","04","D","","καὶ","καὶ","καί","καί"
"45","16","04","A","NPF","πᾶσαι","πᾶσαι","πᾶσαι","πᾶς"
"45","16","04","RA","NPF","αἱ","αἱ","αἱ","ὁ"
"45","16","04","N","NPF","ἐκκλησίαι","ἐκκλησίαι","ἐκκλησίαι","ἐκκλησία"
"45","16","04","RA","GPN","τῶν","τῶν","τῶν","ὁ"
"45","16","04","N","GPN","ἐθνῶν,","ἐθνῶν","ἐθνῶν","ἔθνος"
"45","16","05","C","","καὶ","καὶ","καί","καί"
"45","16","05","RA","ASF","τὴν","τὴν","τήν","ὁ"
"45","16","05","P","","κατ’","κατ’","κατά","κατά"
"45","16","05","N","ASM","οἶκον","οἶκον","οἶκον","οἶκος"
"45","16","05","RP","GPM","αὐτῶν","αὐτῶν","αὐτῶν","αὐτός"
"45","16","05","N","ASF","ἐκκλησίαν.","ἐκκλησίαν","ἐκκλησίαν","ἐκκλησία"
"45","16","05","V","2AMD-P","ἀσπάσασθε","ἀσπάσασθε","ἀσπάσασθε","ἀσπάζομαι"
"45","16","05","N","ASM","Ἐπαίνετον","Ἐπαίνετον","Ἐπαίνετον","Ἐπαίνετος"
"45","16","05","RA","ASM","τὸν","τὸν","τόν","ὁ"
"45","16","05","A","ASM","ἀγαπητόν","ἀγαπητόν","ἀγαπητόν","ἀγαπητός"
"45","16","05","RP","GS","μου,","μου","μου","ἐγώ"
"45","16","05","RR","NSM","ὅς","ὅς","ὅς","ὅς"
"45","16","05","V","3PAI-S","ἐστιν","ἐστιν","ἐστί(ν)","εἰμί"
"45","16","05","N","NSF","ἀπαρχὴ","ἀπαρχὴ","ἀπαρχή","ἀπαρχή"
"45","16","05","RA","GSF","τῆς","τῆς","τῆς","ὁ"
"45","16","05","N","GSF","⸀Ἀσίας","Ἀσίας","Ἀσίας","Ἀσία"
"45","16","05","P","","εἰς","εἰς","εἰς","εἰς"
"45","16","05","N","ASM","Χριστόν.","Χριστόν","Χριστόν","Χριστός"
"45","16","06","V","2AMD-P","ἀσπάσασθε","ἀσπάσασθε","ἀσπάσασθε","ἀσπάζομαι"
"45","16","06","N","ASF","⸀Μαριάμ,","Μαριάμ","Μαριάμ","Μαριάμ"
"45","16","06","RR","NSF","ἥτις","ἥτις","ἥτις","ὅστις"
"45","16","06","A","APN","πολλὰ","πολλὰ","πολλά","πολύς"
"45","16","06","V","3AAI-S","ἐκοπίασεν","ἐκοπίασεν","ἐκοπίασε(ν)","κοπιάω"
"45","16","06","P","","εἰς","εἰς","εἰς","εἰς"
"45","16","06","RP","AP","⸀ὑμᾶς.","ὑμᾶς","ὑμᾶς","σύ"
"45","16","07","V","2AMD-P","ἀσπάσασθε","ἀσπάσασθε","ἀσπάσασθε","ἀσπάζομαι"
"45","16","07","N","ASM","Ἀνδρόνικον","Ἀνδρόνικον","Ἀνδρόνικον","Ἀνδρόνικος"
"45","16","07","C","","καὶ","καὶ","καί","καί"
"45","16","07","N","ASF","⸀Ἰουνίαν","Ἰουνίαν","Ἰουνίαν","Ἰουνία"
"45","16","07","RA","APM","τοὺς","τοὺς","τούς","ὁ"
"45","16","07","A","APM","συγγενεῖς","συγγενεῖς","συγγενεῖς","συγγενής"
"45","16","07","RP","GS","μου","μου","μου","ἐγώ"
"45","16","07","C","","καὶ","καὶ","καί","καί"
"45","16","07","N","APM","συναιχμαλώτους","συναιχμαλώτους","συναιχμαλώτους","συναιχμάλωτος"
"45","16","07","RP","GS","μου,","μου","μου","ἐγώ"
"45","16","07","RR","NPM","οἵτινές","οἵτινές","οἵτινες","ὅστις"
"45","16","07","V","3PAI-P","εἰσιν","εἰσιν","εἰσί(ν)","εἰμί"
"45","16","07","A","NPM","ἐπίσημοι","ἐπίσημοι","ἐπίσημοι","ἐπίσημος"
"45","16","07","P","","ἐν","ἐν","ἐν","ἐν"
"45","16","07","RA","DPM","τοῖς","τοῖς","τοῖς","ὁ"
"45","16","07","N","DPM","ἀποστόλοις,","ἀποστόλοις","ἀποστόλοις","ἀπόστολος"
"45","16","07","RR","NPM","οἳ","οἳ","οἵ","ὅς"
"45","16","07","D","","καὶ","καὶ","καί","καί"
"45","16","07","P","","πρὸ","πρὸ","πρό","πρό"
"45","16","07","RP","GS","ἐμοῦ","ἐμοῦ","ἐμοῦ","ἐγώ"
"45","16","07","V","3XAI-P","⸀γέγοναν","γέγοναν","γέγοναν","γίνομαι"
"45","16","07","P","","ἐν","ἐν","ἐν","ἐν"
"45","16","07","N","DSM","Χριστῷ.","Χριστῷ","Χριστῷ","Χριστός"
"45","16","08","V","2AMD-P","ἀσπάσασθε","ἀσπάσασθε","ἀσπάσασθε","ἀσπάζομαι"
"45","16","08","N","ASM","⸀Ἀμπλιᾶτον","Ἀμπλιᾶτον","Ἀμπλιᾶτον","Ἀμπλιᾶτος"
"45","16","08","RA","ASM","τὸν","τὸν","τόν","ὁ"
"45","16","08","A","ASM","ἀγαπητόν","ἀγαπητόν","ἀγαπητόν","ἀγαπητός"
"45","16","08","RP","GS","μου","μου","μου","ἐγώ"
"45","16","08","P","","ἐν","ἐν","ἐν","ἐν"
"45","16","08","N","DSM","κυρίῳ.","κυρίῳ","κυρίῳ","κύριος"
"45","16","09","V","2AMD-P","ἀσπάσασθε","ἀσπάσασθε","ἀσπάσασθε","ἀσπάζομαι"
"45","16","09","N","ASM","Οὐρβανὸν","Οὐρβανὸν","Οὐρβανόν","Οὐρβανός"
"45","16","09","RA","ASM","τὸν","τὸν","τόν","ὁ"
"45","16","09","A","ASM","συνεργὸν","συνεργὸν","συνεργόν","συνεργός"
"45","16","09","RP","GP","ἡμῶν","ἡμῶν","ἡμῶν","ἐγώ"
"45","16","09","P","","ἐν","ἐν","ἐν","ἐν"
"45","16","09","N","DSM","Χριστῷ","Χριστῷ","Χριστῷ","Χριστός"
"45","16","09","C","","καὶ","καὶ","καί","καί"
"45","16","09","N","ASM","Στάχυν","Στάχυν","Στάχυν","Στάχυς"
"45","16","09","RA","ASM","τὸν","τὸν","τόν","ὁ"
"45","16","09","A","ASM","ἀγαπητόν","ἀγαπητόν","ἀγαπητόν","ἀγαπητός"
"45","16","09","RP","GS","μου.","μου","μου","ἐγώ"
"45","16","10","V","2AMD-P","ἀσπάσασθε","ἀσπάσασθε","ἀσπάσασθε","ἀσπάζομαι"
"45","16","10","N","ASM","Ἀπελλῆν","Ἀπελλῆν","Ἀπελλῆν","Ἀπελλῆς"
"45","16","10","RA","ASM","τὸν","τὸν","τόν","ὁ"
"45","16","10","A","ASM","δόκιμον","δόκιμον","δόκιμον","δόκιμος"
"45","16","10","P","","ἐν","ἐν","ἐν","ἐν"
"45","16","10","N","DSM","Χριστῷ.","Χριστῷ","Χριστῷ","Χριστός"
"45","16","10","V","2AMD-P","ἀσπάσασθε","ἀσπάσασθε","ἀσπάσασθε","ἀσπάζομαι"
"45","16","10","RA","APM","τοὺς","τοὺς","τούς","ὁ"
"45","16","10","P","","ἐκ","ἐκ","ἐκ","ἐκ"
"45","16","10","RA","GPM","τῶν","τῶν","τῶν","ὁ"
"45","16","10","N","GSM","Ἀριστοβούλου.","Ἀριστοβούλου","Ἀριστοβούλου","Ἀριστόβουλος"
"45","16","11","V","2AMD-P","ἀσπάσασθε","ἀσπάσασθε","ἀσπάσασθε","ἀσπάζομαι"
"45","16","11","N","ASM","Ἡρῳδίωνα","Ἡρῳδίωνα","Ἡρῳδίωνα","Ἡρῳδίων"
"45","16","11","RA","ASM","τὸν","τὸν","τόν","ὁ"
"45","16","11","A","ASM","⸀συγγενῆ","συγγενῆ","συγγενῆ","συγγενής"
"45","16","11","RP","GS","μου.","μου","μου","ἐγώ"
"45","16","11","V","2AMD-P","ἀσπάσασθε","ἀσπάσασθε","ἀσπάσασθε","ἀσπάζομαι"
"45","16","11","RA","APM","τοὺς","τοὺς","τούς","ὁ"
"45","16","11","P","","ἐκ","ἐκ","ἐκ","ἐκ"
"45","16","11","RA","GPM","τῶν","τῶν","τῶν","ὁ"
"45","16","11","N","GSM","Ναρκίσσου","Ναρκίσσου","Ναρκίσσου","Νάρκισσος"
"45","16","11","RA","APM","τοὺς","τοὺς","τούς","ὁ"
"45","16","11","V","PAPAPM","ὄντας","ὄντας","ὄντας","εἰμί"
"45","16","11","P","","ἐν","ἐν","ἐν","ἐν"
"45","16","11","N","DSM","κυρίῳ.","κυρίῳ","κυρίῳ","κύριος"
"45","16","12","V","2AMD-P","ἀσπάσασθε","ἀσπάσασθε","ἀσπάσασθε","ἀσπάζομαι"
"45","16","12","N","ASF","Τρύφαιναν","Τρύφαιναν","Τρύφαιναν","Τρύφαινα"
"45","16","12","C","","καὶ","καὶ","καί","καί"
"45","16","12","N","ASF","Τρυφῶσαν","Τρυφῶσαν","Τρυφῶσαν","Τρυφῶσα"
"45","16","12","RA","APF","τὰς","τὰς","τάς","ὁ"
"45","16","12","V","PAPAPF","κοπιώσας","κοπιώσας","κοπιώσας","κοπιάω"
"45","16","12","P","","ἐν","ἐν","ἐν","ἐν"
"45","16","12","N","DSM","κυρίῳ.","κυρίῳ","κυρίῳ","κύριος"
"45","16","12","V","2AMD-P","ἀσπάσασθε","ἀσπάσασθε","ἀσπάσασθε","ἀσπάζομαι"
"45","16","12","N","ASF","Περσίδα","Περσίδα","Περσίδα","Περσίς"
"45","16","12","RA","ASF","τὴν","τὴν","τήν","ὁ"
"45","16","12","A","ASF","ἀγαπητήν,","ἀγαπητήν","ἀγαπητήν","ἀγαπητός"
"45","16","12","RR","NSF","ἥτις","ἥτις","ἥτις","ὅστις"
"45","16","12","A","APN","πολλὰ","πολλὰ","πολλά","πολύς"
"45","16","12","V","3AAI-S","ἐκοπίασεν","ἐκοπίασεν","ἐκοπίασε(ν)","κοπιάω"
"45","16","12","P","","ἐν","ἐν","ἐν","ἐν"
"45","16","12","N","DSM","κυρίῳ.","κυρίῳ","κυρίῳ","κύριος"
"45","16","13","V","2AMD-P","ἀσπάσασθε","ἀσπάσασθε","ἀσπάσασθε","ἀσπάζομαι"
"45","16","13","N","ASM","Ῥοῦφον","Ῥοῦφον","Ῥοῦφον","Ῥοῦφος"
"45","16","13","RA","ASM","τὸν","τὸν","τόν","ὁ"
"45","16","13","A","ASM","ἐκλεκτὸν","ἐκλεκτὸν","ἐκλεκτόν","ἐκλεκτός"
"45","16","13","P","","ἐν","ἐν","ἐν","ἐν"
"45","16","13","N","DSM","κυρίῳ","κυρίῳ","κυρίῳ","κύριος"
"45","16","13","C","","καὶ","καὶ","καί","καί"
"45","16","13","RA","ASF","τὴν","τὴν","τήν","ὁ"
"45","16","13","N","ASF","μητέρα","μητέρα","μητέρα","μήτηρ"
"45","16","13","RP","GSM","αὐτοῦ","αὐτοῦ","αὐτοῦ","αὐτός"
"45","16","13","C","","καὶ","καὶ","καί","καί"
"45","16","13","RP","GS","ἐμοῦ.","ἐμοῦ","ἐμοῦ","ἐγώ"
"45","16","14","V","2AMD-P","ἀσπάσασθε","ἀσπάσασθε","ἀσπάσασθε","ἀσπάζομαι"
"45","16","14","N","ASM","Ἀσύγκριτον,","Ἀσύγκριτον","Ἀσύγκριτον","Ἀσύγκριτος"
"45","16","14","N","ASM","Φλέγοντα,","Φλέγοντα","Φλέγοντα","Φλέγων"
"45","16","14","N","ASM","⸂Ἑρμῆν,","Ἑρμῆν","Ἑρμῆν","Ἑρμῆς"
"45","16","14","N","ASM","Πατροβᾶν,","Πατροβᾶν","Πατροβᾶν","Πατροβᾶς"
"45","16","14","N","ASM","Ἑρμᾶν⸃","Ἑρμᾶν","Ἑρμᾶν","Ἑρμᾶς"
"45","16","14","C","","καὶ","καὶ","καί","καί"
"45","16","14","RA","APM","τοὺς","τοὺς","τούς","ὁ"
"45","16","14","P","","σὺν","σὺν","σύν","σύν"
"45","16","14","RP","DPM","αὐτοῖς","αὐτοῖς","αὐτοῖς","αὐτός"
"45","16","14","N","APM","ἀδελφούς.","ἀδελφούς","ἀδελφούς","ἀδελφός"
"45","16","15","V","2AMD-P","ἀσπάσασθε","ἀσπάσασθε","ἀσπάσασθε","ἀσπάζομαι"
"45","16","15","N","ASM","Φιλόλογον","Φιλόλογον","Φιλόλογον","Φιλόλογος"
"45","16","15","C","","καὶ","καὶ","καί","καί"
"45","16","15","N","ASF","Ἰουλίαν,","Ἰουλίαν","Ἰουλίαν","Ἰουλία"
"45","16","15","N","ASM","Νηρέα","Νηρέα","Νηρέα","Νηρεύς"
"45","16","15","C","","καὶ","καὶ","καί","καί"
"45","16","15","RA","ASF","τὴν","τὴν","τήν","ὁ"
"45","16","15","N","ASF","ἀδελφὴν","ἀδελφὴν","ἀδελφήν","ἀδελφή"
"45","16","15","RP","GSM","αὐτοῦ,","αὐτοῦ","αὐτοῦ","αὐτός"
"45","16","15","C","","καὶ","καὶ","καί","καί"
"45","16","15","N","ASM","Ὀλυμπᾶν","Ὀλυμπᾶν","Ὀλυμπᾶν","Ὀλυμπᾶς"
"45","16","15","C","","καὶ","καὶ","καί","καί"
"45","16","15","RA","APM","τοὺς","τοὺς","τούς","ὁ"
"45","16","15","P","","σὺν","σὺν","σύν","σύν"
"45","16","15","RP","DPM","αὐτοῖς","αὐτοῖς","αὐτοῖς","αὐτός"
"45","16","15","A","APM","πάντας","πάντας","πάντας","πᾶς"
"45","16","15","A","APM","ἁγίους.","ἁγίους","ἁγίους","ἅγιος"
"45","16","16","V","2AMD-P","Ἀσπάσασθε","Ἀσπάσασθε","ἀσπάσασθε","ἀσπάζομαι"
"45","16","16","RP","APM","ἀλλήλους","ἀλλήλους","ἀλλήλους","ἀλλήλων"
"45","16","16","P","","ἐν","ἐν","ἐν","ἐν"
"45","16","16","N","DSN","φιλήματι","φιλήματι","φιλήματι","φίλημα"
"45","16","16","A","DSN","ἁγίῳ.","ἁγίῳ","ἁγίῳ","ἅγιος"
"45","16","16","V","3PMI-P","Ἀσπάζονται","Ἀσπάζονται","ἀσπάζονται","ἀσπάζομαι"
"45","16","16","RP","AP","ὑμᾶς","ὑμᾶς","ὑμᾶς","σύ"
"45","16","16","RA","NPF","αἱ","αἱ","αἱ","ὁ"
"45","16","16","N","NPF","ἐκκλησίαι","ἐκκλησίαι","ἐκκλησίαι","ἐκκλησία"
"45","16","16","A","NPF","⸀πᾶσαι","πᾶσαι","πᾶσαι","πᾶς"
"45","16","16","RA","GSM","τοῦ","τοῦ","τοῦ","ὁ"
"45","16","16","N","GSM","Χριστοῦ.","Χριστοῦ","Χριστοῦ","Χριστός"
"45","16","17","V","1PAI-S","Παρακαλῶ","Παρακαλῶ","παρακαλῶ","παρακαλέω"
"45","16","17","C","","δὲ","δὲ","δέ","δέ"
"45","16","17","RP","AP","ὑμᾶς,","ὑμᾶς","ὑμᾶς","σύ"
"45","16","17","N","VPM","ἀδελφοί,","ἀδελφοί","ἀδελφοί","ἀδελφός"
"45","16","17","V","PAN","σκοπεῖν","σκοπεῖν","σκοπεῖν","σκοπέω"
"45","16","17","RA","APM","τοὺς","τοὺς","τούς","ὁ"
"45","16","17","RA","APF","τὰς","τὰς","τάς","ὁ"
"45","16","17","N","APF","διχοστασίας","διχοστασίας","διχοστασίας","διχοστασία"
"45","16","17","C","","καὶ","καὶ","καί","καί"
"45","16","17","RA","APN","τὰ","τὰ","τά","ὁ"
"45","16","17","N","APN","σκάνδαλα","σκάνδαλα","σκάνδαλα","σκάνδαλον"
"45","16","17","P","","παρὰ","παρὰ","παρά","παρά"
"45","16","17","RA","ASF","τὴν","τὴν","τήν","ὁ"
"45","16","17","N","ASF","διδαχὴν","διδαχὴν","διδαχήν","διδαχή"
"45","16","17","RR","ASF","ἣν","ἣν","ἥν","ὅς"
"45","16","17","RP","NP","ὑμεῖς","ὑμεῖς","ὑμεῖς","σύ"
"45","16","17","V","2AAI-P","ἐμάθετε","ἐμάθετε","ἐμάθετε","μανθάνω"
"45","16","17","V","PAPAPM","ποιοῦντας,","ποιοῦντας","ποιοῦντας","ποιέω"
"45","16","17","C","","καὶ","καὶ","καί","καί"
"45","16","17","V","2PAD-P","⸀ἐκκλίνετε","ἐκκλίνετε","ἐκκλίνετε","ἐκκλίνω"
"45","16","17","P","","ἀπ’","ἀπ’","ἀπό","ἀπό"
"45","16","17","RP","GPM","αὐτῶν·","αὐτῶν","αὐτῶν","αὐτός"
"45","16","18","RA","NPM","οἱ","οἱ","οἱ","ὁ"
"45","16","18","C","","γὰρ","γὰρ","γάρ","γάρ"
"45","16","18","RD","NPM","τοιοῦτοι","τοιοῦτοι","τοιοῦτοι","τοιοῦτος"
"45","16","18","RA","DSM","τῷ","τῷ","τῷ","ὁ"
"45","16","18","N","DSM","κυρίῳ","κυρίῳ","κυρίῳ","κύριος"
"45","16","18","RP","GP","⸀ἡμῶν","ἡμῶν","ἡμῶν","ἐγώ"
"45","16","18","N","DSM","Χριστῷ","Χριστῷ","Χριστῷ","Χριστός"
"45","16","18","D","","οὐ","οὐ","οὐ","οὐ"
"45","16","18","V","3PAI-P","δουλεύουσιν","δουλεύουσιν","δουλεύουσι(ν)","δουλεύω"
"45","16","18","C","","ἀλλὰ","ἀλλὰ","ἀλλά","ἀλλά"
"45","16","18","RA","DSF","τῇ","τῇ","τῇ","ὁ"
"45","16","18","RP","GPM","ἑαυτῶν","ἑαυτῶν","ἑαυτῶν","ἑαυτοῦ"
"45","16","18","N","DSF","κοιλίᾳ,","κοιλίᾳ","κοιλίᾳ","κοιλία"
"45","16","18","C","","καὶ","καὶ","καί","καί"
"45","16","18","P","","διὰ","διὰ","διά","διά"
"45","16","18","RA","GSF","τῆς","τῆς","τῆς","ὁ"
"45","16","18","N","GSF","χρηστολογίας","χρηστολογίας","χρηστολογίας","χρηστολογία"
"45","16","18","C","","καὶ","καὶ","καί","καί"
"45","16","18","N","GSF","εὐλογίας","εὐλογίας","εὐλογίας","εὐλογία"
"45","16","18","V","3PAI-P","ἐξαπατῶσι","ἐξαπατῶσι","ἐξαπατῶσι(ν)","ἐξαπατάω"
"45","16","18","RA","APF","τὰς","τὰς","τάς","ὁ"
"45","16","18","N","APF","καρδίας","καρδίας","καρδίας","καρδία"
"45","16","18","RA","GPM","τῶν","τῶν","τῶν","ὁ"
"45","16","18","A","GPM","ἀκάκων.","ἀκάκων","ἀκάκων","ἄκακος"
"45","16","19","RA","NSF","ἡ","ἡ","ἡ","ὁ"
"45","16","19","C","","γὰρ","γὰρ","γάρ","γάρ"
"45","16","19","RP","GP","ὑμῶν","ὑμῶν","ὑμῶν","σύ"
"45","16","19","N","NSF","ὑπακοὴ","ὑπακοὴ","ὑπακοή","ὑπακοή"
"45","16","19","P","","εἰς","εἰς","εἰς","εἰς"
"45","16","19","A","APM","πάντας","πάντας","πάντας","πᾶς"
"45","16","19","V","3AMI-S","ἀφίκετο·","ἀφίκετο","ἀφίκετο","ἀφικνέομαι"
"45","16","19","P","","⸂ἐφ’","ἐφ’","ἐπί","ἐπί"
"45","16","19","RP","DP","ὑμῖν","ὑμῖν","ὑμῖν","σύ"
"45","16","19","C","","οὖν","οὖν","οὖν","οὖν"
"45","16","19","V","1PAI-S","χαίρω⸃,","χαίρω","χαίρω","χαίρω"
"45","16","19","V","1PAI-S","θέλω","θέλω","θέλω","θέλω"
"45","16","19","C","","δὲ","δὲ","δέ","δέ"
"45","16","19","RP","AP","ὑμᾶς","ὑμᾶς","ὑμᾶς","σύ"
"45","16","19","A","APM","⸀σοφοὺς","σοφοὺς","σοφούς","σοφός"
"45","16","19","V","PAN","εἶναι","εἶναι","εἶναι","εἰμί"
"45","16","19","P","","εἰς","εἰς","εἰς","εἰς"
"45","16","19","RA","ASN","τὸ","τὸ","τό","ὁ"
"45","16","19","A","ASN","ἀγαθόν,","ἀγαθόν","ἀγαθόν","ἀγαθός"
"45","16","19","A","APM","ἀκεραίους","ἀκεραίους","ἀκεραίους","ἀκέραιος"
"45","16","19","C","","δὲ","δὲ","δέ","δέ"
"45","16","19","P","","εἰς","εἰς","εἰς","εἰς"
"45","16","19","RA","ASN","τὸ","τὸ","τό","ὁ"
"45","16","19","A","ASN","κακόν.","κακόν","κακόν","κακός"
"45","16","20","RA","NSM","ὁ","ὁ","ὁ","ὁ"
"45","16","20","C","","δὲ","δὲ","δέ","δέ"
"45","16","20","N","NSM","θεὸς","θεὸς","θεός","θεός"
"45","16","20","RA","GSF","τῆς","τῆς","τῆς","ὁ"
"45","16","20","N","GSF","εἰρήνης","εἰρήνης","εἰρήνης","εἰρήνη"
"45","16","20","V","3FAI-S","συντρίψει","συντρίψει","συντρίψει","συντρίβω"
"45","16","20","RA","ASM","τὸν","τὸν","τόν","ὁ"
"45","16","20","N","ASM","Σατανᾶν","Σατανᾶν","Σατανᾶν","Σατανᾶς"
"45","16","20","P","","ὑπὸ","ὑπὸ","ὑπό","ὑπό"
"45","16","20","RA","APM","τοὺς","τοὺς","τούς","ὁ"
"45","16","20","N","APM","πόδας","πόδας","πόδας","πούς"
"45","16","20","RP","GP","ὑμῶν","ὑμῶν","ὑμῶν","σύ"
"45","16","20","P","","ἐν","ἐν","ἐν","ἐν"
"45","16","20","N","DSN","τάχει.","τάχει","τάχει","τάχος"
"45","16","20","RA","NSF","ἡ","ἡ","ἡ","ὁ"
"45","16","20","N","NSF","χάρις","χάρις","χάρις","χάρις"
"45","16","20","RA","GSM","τοῦ","τοῦ","τοῦ","ὁ"
"45","16","20","N","GSM","κυρίου","κυρίου","κυρίου","κύριος"
"45","16","20","RP","GP","ἡμῶν","ἡμῶν","ἡμῶν","ἐγώ"
"45","16","20","N","GSM","Ἰησοῦ","Ἰησοῦ","Ἰησοῦ","Ἰησοῦς"
"45","16","20","N","GSM","⸀Χριστοῦ","Χριστοῦ","Χριστοῦ","Χριστός"
"45","16","20","P","","μεθ’","μεθ’","μετά","μετά"
"45","16","20","RP","GP","ὑμῶν.","ὑμῶν","ὑμῶν","σύ"
"45","16","21","V","3PMI-S","⸀Ἀσπάζεται","Ἀσπάζεται","ἀσπάζεται","ἀσπάζομαι"
"45","16","21","RP","AP","ὑμᾶς","ὑμᾶς","ὑμᾶς","σύ"
"45","16","21","N","NSM","Τιμόθεος","Τιμόθεος","Τιμόθεος","Τιμόθεος"
"45","16","21","RA","NSM","ὁ","ὁ","ὁ","ὁ"
"45","16","21","A","NSM","συνεργός","συνεργός","συνεργός","συνεργός"
"45","16","21","RP","GS","μου,","μου","μου","ἐγώ"
"45","16","21","C","","καὶ","καὶ","καί","καί"
"45","16","21","N","NSM","Λούκιος","Λούκιος","Λούκιος","Λούκιος"
"45","16","21","C","","καὶ","καὶ","καί","καί"
"45","16","21","N","NSM","Ἰάσων","Ἰάσων","Ἰάσων","Ἰάσων"
"45","16","21","C","","καὶ","καὶ","καί","καί"
"45","16","21","N","NSM","Σωσίπατρος","Σωσίπατρος","Σωσίπατρος","Σωσίπατρος"
"45","16","21","RA","NPM","οἱ","οἱ","οἱ","ὁ"
"45","16","21","A","NPM","συγγενεῖς","συγγενεῖς","συγγενεῖς","συγγενής"
"45","16","21","RP","GS","μου.","μου","μου","ἐγώ"
"45","16","22","V","1PMI-S","ἀσπάζομαι","ἀσπάζομαι","ἀσπάζομαι","ἀσπάζομαι"
"45","16","22","RP","AP","ὑμᾶς","ὑμᾶς","ὑμᾶς","σύ"
"45","16","22","RP","NS","ἐγὼ","ἐγὼ","ἐγώ","ἐγώ"
"45","16","22","N","NSM","Τέρτιος","Τέρτιος","Τέρτιος","Τέρτιος"
"45","16","22","RA","NSM","ὁ","ὁ","ὁ","ὁ"
"45","16","22","V","AAPNSM","γράψας","γράψας","γράψας","γράφω"
"45","16","22","RA","ASF","τὴν","τὴν","τήν","ὁ"
"45","16","22","N","ASF","ἐπιστολὴν","ἐπιστολὴν","ἐπιστολήν","ἐπιστολή"
"45","16","22","P","","ἐν","ἐν","ἐν","ἐν"
"45","16","22","N","DSM","κυρίῳ.","κυρίῳ","κυρίῳ","κύριος"
"45","16","23","V","3PMI-S","ἀσπάζεται","ἀσπάζεται","ἀσπάζεται","ἀσπάζομαι"
"45","16","23","RP","AP","ὑμᾶς","ὑμᾶς","ὑμᾶς","σύ"
"45","16","23","N","NSM","Γάϊος","Γάϊος","Γάϊος","Γάϊος"
"45","16","23","RA","NSM","ὁ","ὁ","ὁ","ὁ"
"45","16","23","A","NSM","ξένος","ξένος","ξένος","ξένος"
"45","16","23","RP","GS","μου","μου","μου","ἐγώ"
"45","16","23","C","","καὶ","καὶ","καί","καί"
"45","16","23","A","GSF","⸂ὅλης","ὅλης","ὅλης","ὅλος"
"45","16","23","RA","GSF","τῆς","τῆς","τῆς","ὁ"
"45","16","23","N","GSF","ἐκκλησίας⸃.","ἐκκλησίας","ἐκκλησίας","ἐκκλησία"
"45","16","23","V","3PMI-S","ἀσπάζεται","ἀσπάζεται","ἀσπάζεται","ἀσπάζομαι"
"45","16","23","RP","AP","ὑμᾶς","ὑμᾶς","ὑμᾶς","σύ"
"45","16","23","N","NSM","Ἔραστος","Ἔραστος","Ἔραστος","Ἔραστος"
"45","16","23","RA","NSM","ὁ","ὁ","ὁ","ὁ"
"45","16","23","N","NSM","οἰκονόμος","οἰκονόμος","οἰκονόμος","οἰκονόμος"
"45","16","23","RA","GSF","τῆς","τῆς","τῆς","ὁ"
"45","16","23","N","GSF","πόλεως","πόλεως","πόλεως","πόλις"
"45","16","23","C","","καὶ","καὶ","καί","καί"
"45","16","23","N","NSM","Κούαρτος","Κούαρτος","Κούαρτος","Κούαρτος"
"45","16","23","RA","NSM","ὁ","ὁ","ὁ","ὁ"
"45","16","23","N","NSM","ἀδελφός.","ἀδελφός","ἀδελφός","ἀδελφός"
"45","16","24","RA","NSF","⸂Ἡ","Ἡ","ἡ","ὁ"
"45","16","24","N","NSF","χάρις","χάρις","χάρις","χάρις"
"45","16","24","RA","GSM","τοῦ","τοῦ","τοῦ","ὁ"
"45","16","24","N","GSM","κυρίου","κυρίου","κυρίου","κύριος"
"45","16","24","RP","GP","ἡμῶν","ἡμῶν","ἡμῶν","ἐγώ"
"45","16","24","N","GSM","Ἰησοῦ","Ἰησοῦ","Ἰησοῦ","Ἰησοῦς"
"45","16","24","N","GSM","Χριστοῦ","Χριστοῦ","Χριστοῦ","Χριστός"
"45","16","24","P","","μετὰ","μετὰ","μετά","μετά"
"45","16","24","A","GPM","πάντων","πάντων","πάντων","πᾶς"
"45","16","24","RP","GP","ὑμῶν.⸃","ὑμῶν","ὑμῶν","σύ"
"45","16","24","I","","⸀Ἀμήν.","Ἀμήν","ἀμήν","ἀμήν"