"book","chapter","verse","part of speech","parsing code","text (including punctuation)","word (with punctuation stripped)","normalized word","lemma"
"46","01","01","N","NSM","Παῦλος","Παῦλος","Παῦλος","Παῦλος"
"46","01","01","A","NSM","κλητὸς","κλητὸς","κλητός","κλητός"
"46","01","01","N","NSM","ἀπόστολος","ἀπόστολος","ἀπόστολος","ἀπόστολος"
"46","01","01","N","GSM","⸂Χριστοῦ","Χριστοῦ","Χριστοῦ","Χριστός"
"46","01","01","N","GSM","Ἰησοῦ⸃","Ἰησοῦ","Ἰησοῦ","Ἰησοῦς"
"46","01","01","P","","διὰ","διὰ","διά","διά"
"46","01","01","N","GSN","θελήματος","θελήματος","θελήματος","θέλημα"
"46","01","01","N","GSM","θεοῦ","θεοῦ","θεοῦ","θεός"
"46","01","01","C","","καὶ","καὶ","καί","καί"
"46","01","01","N","NSM","Σωσθένης","Σωσθένης","Σωσθένης","Σωσθένης"
"46","01","01","RA","NSM","ὁ","ὁ","ὁ","ὁ"
"46","01","01","N","NSM","ἀδελφὸς","ἀδελφὸς","ἀδελφός","ἀδελφός"
"46","01","02","RA","DSF","τῇ","τῇ","τῇ","ὁ"
"46","01","02","N","DSF","ἐκκλησίᾳ","ἐκκλησίᾳ","ἐκκλησίᾳ","ἐκκλησία"
"46","01","02","RA","GSM","τοῦ","τοῦ","τοῦ","ὁ"
"46","01","02","N","GSM","θεοῦ,","θεοῦ","θεοῦ","θεός"
"46","01","02","V","XPPDPM","⸂ἡγιασμένοις","ἡγιασμένοις","ἡγιασμένοις","ἁγιάζω"
"46","01","02","P","","ἐν","ἐν","ἐν","ἐν"
"46","01","02","N","DSM","Χριστῷ","Χριστῷ","Χριστῷ","Χριστός"
"46","01","02","N","DSM","Ἰησοῦ,","Ἰησοῦ","Ἰησοῦ","Ἰησοῦς"
"46","01","02","RA","DSF","τῇ","τῇ","τῇ","ὁ"
"46","01","02","V","PAPDSF","οὔσῃ","οὔσῃ","οὔσῃ","εἰμί"
"46","01","02","P","","ἐν","ἐν","ἐν","ἐν"
"46","01","02","N","DSF","Κορίνθῳ,⸃","Κορίνθῳ","Κορίνθῳ","Κόρινθος"
"46","01","02","A","DPM","κλητοῖς","κλητοῖς","κλητοῖς","κλητός"
"46","01","02","A","DPM","ἁγίοις,","ἁγίοις","ἁγίοις","ἅγιος"
"46","01","02","P","","σὺν","σὺν","σύν","σύν"
"46","01","02","A","DPM","πᾶσιν","πᾶσιν","πᾶσι(ν)","πᾶς"
"46","01","02","RA","DPM","τοῖς","τοῖς","τοῖς","ὁ"
"46","01","02","V","PMPDPM","ἐπικαλουμένοις","ἐπικαλουμένοις","ἐπικαλουμένοις","ἐπικαλέω"
"46","01","02","RA","ASN","τὸ","τὸ","τό","ὁ"
"46","01","02","N","ASN","ὄνομα","ὄνομα","ὄνομα","ὄνομα"
"46","01","02","RA","GSM","τοῦ","τοῦ","τοῦ","ὁ"
"46","01","02","N","GSM","κυρίου","κυρίου","κυρίου","κύριος"
"46","01","02","RP","GP","ἡμῶν","ἡμῶν","ἡμῶν","ἐγώ"
"46","01","02","N","GSM","Ἰησοῦ","Ἰησοῦ","Ἰησοῦ","Ἰησοῦς"
"46","01","02","N","GSM","Χριστοῦ","Χριστοῦ","Χριστοῦ","Χριστός"
"46","01","02","P","","ἐν","ἐν","ἐν","ἐν"
"46","01","02","A","DSM","παντὶ","παντὶ","παντί","πᾶς"
"46","01","02","N","DSM","τόπῳ","τόπῳ","τόπῳ","τόπος"
"46","01","02","RP","GPM","⸀αὐτῶν","αὐτῶν","αὐτῶν","αὐτός"
"46","01","02","C","","καὶ","καὶ","καί","καί"
"46","01","02","RP","GP","ἡμῶν·","ἡμῶν","ἡμῶν","ἐγώ"
"46","01","03","N","NSF","χάρις","χάρις","χάρις","χάρις"
"46","01","03","RP","DP","ὑμῖν","ὑμῖν","ὑμῖν","σύ"
"46","01","03","C","","καὶ","καὶ","καί","καί"
"46","01","03","N","NSF","εἰρήνη","εἰρήνη","εἰρήνη","εἰρήνη"
"46","01","03","P","","ἀπὸ","ἀπὸ","ἀπό","ἀπό"
"46","01","03","N","GSM","θεοῦ","θεοῦ","θεοῦ","θεός"
"46","01","03","N","GSM","πατρὸς","πατρὸς","πατρός","πατήρ"
"46","01","03","RP","GP","ἡμῶν","ἡμῶν","ἡμῶν","ἐγώ"
"46","01","03","C","","καὶ","καὶ","καί","καί"
"46","01","03","N","GSM","κυρίου","κυρίου","κυρίου","κύριος"
"46","01","03","N","GSM","Ἰησοῦ","Ἰησοῦ","Ἰησοῦ","Ἰησοῦς"
"46","01","03","N","GSM","Χριστοῦ.","Χριστοῦ","Χριστοῦ","Χριστός"
"46","01","04","V","1PAI-S","Εὐχαριστῶ","Εὐχαριστῶ","εὐχαριστῶ","εὐχαριστέω"
"46","01","04","RA","DSM","τῷ","τῷ","τῷ","ὁ"
"46","01","04","N","DSM","θεῷ","θεῷ","θεῷ","θεός"
"46","01","04","RP","GS","⸀μου","μου","μου","ἐγώ"
"46","01","04","D","","πάντοτε","πάντοτε","πάντοτε","πάντοτε"
"46","01","04","P","","περὶ","περὶ","περί","περί"
"46","01","04","RP","GP","ὑμῶν","ὑμῶν","ὑμῶν","σύ"
"46","01","04","P","","ἐπὶ","ἐπὶ","ἐπί","ἐπί"
"46","01","04","RA","DSF","τῇ","τῇ","τῇ","ὁ"
"46","01","04","N","DSF","χάριτι","χάριτι","χάριτι","χάρις"
"46","01","04","RA","GSM","τοῦ","τοῦ","τοῦ","ὁ"
"46","01","04","N","GSM","θεοῦ","θεοῦ","θεοῦ","θεός"
"46","01","04","RA","DSF","τῇ","τῇ","τῇ","ὁ"
"46","01","04","V","APPDSF","δοθείσῃ","δοθείσῃ","δοθείσῃ","δίδωμι"
"46","01","04","RP","DP","ὑμῖν","ὑμῖν","ὑμῖν","σύ"
"46","01","04","P","","ἐν","ἐν","ἐν","ἐν"
"46","01","04","N","DSM","Χριστῷ","Χριστῷ","Χριστῷ","Χριστός"
"46","01","04","N","DSM","Ἰησοῦ,","Ἰησοῦ","Ἰησοῦ","Ἰησοῦς"
"46","01","05","C","","ὅτι","ὅτι","ὅτι","ὅτι"
"46","01","05","P","","ἐν","ἐν","ἐν","ἐν"
"46","01","05","A","DSN","παντὶ","παντὶ","παντί","πᾶς"
"46","01","05","V","2API-P","ἐπλουτίσθητε","ἐπλουτίσθητε","ἐπλουτίσθητε","πλουτίζω"
"46","01","05","P","","ἐν","ἐν","ἐν","ἐν"
"46","01","05","RP","DSM","αὐτῷ,","αὐτῷ","αὐτῷ","αὐτός"
"46","01","05","P","","ἐν","ἐν","ἐν","ἐν"
"46","01","05","A","DSM","παντὶ","παντὶ","παντί","πᾶς"
"46","01","05","N","DSM","λόγῳ","λόγῳ","λόγῳ","λόγος"
"46","01","05","C","","καὶ","καὶ","καί","καί"
"46","01","05","A","DSF","πάσῃ","πάσῃ","πάσῃ","πᾶς"
"46","01","05","N","DSF","γνώσει,","γνώσει","γνώσει","γνῶσις"
"46","01","06","C","","καθὼς","καθὼς","καθώς","καθώς"
"46","01","06","RA","NSN","τὸ","τὸ","τό","ὁ"
"46","01","06","N","NSN","μαρτύριον","μαρτύριον","μαρτύριον","μαρτύριον"
"46","01","06","RA","GSM","τοῦ","τοῦ","τοῦ","ὁ"
"46","01","06","N","GSM","Χριστοῦ","Χριστοῦ","Χριστοῦ","Χριστός"
"46","01","06","V","3API-S","ἐβεβαιώθη","ἐβεβαιώθη","ἐβεβαιώθη","βεβαιόω"
"46","01","06","P","","ἐν","ἐν","ἐν","ἐν"
"46","01","06","RP","DP","ὑμῖν,","ὑμῖν","ὑμῖν","σύ"
"46","01","07","C","","ὥστε","ὥστε","ὥστε","ὥστε"
"46","01","07","RP","AP","ὑμᾶς","ὑμᾶς","ὑμᾶς","σύ"
"46","01","07","D","","μὴ","μὴ","μή","μή"
"46","01","07","V","PPN","ὑστερεῖσθαι","ὑστερεῖσθαι","ὑστερεῖσθαι","ὑστερέω"
"46","01","07","P","","ἐν","ἐν","ἐν","ἐν"
"46","01","07","A","DSN","μηδενὶ","μηδενὶ","μηδενί","μηδείς"
"46","01","07","N","DSN","χαρίσματι,","χαρίσματι","χαρίσματι","χάρισμα"
"46","01","07","V","PMPAPM","ἀπεκδεχομένους","ἀπεκδεχομένους","ἀπεκδεχομένους","ἀπεκδέχομαι"
"46","01","07","RA","ASF","τὴν","τὴν","τήν","ὁ"
"46","01","07","N","ASF","ἀποκάλυψιν","ἀποκάλυψιν","ἀποκάλυψιν","ἀποκάλυψις"
"46","01","07","RA","GSM","τοῦ","τοῦ","τοῦ","ὁ"
"46","01","07","N","GSM","κυρίου","κυρίου","κυρίου","κύριος"
"46","01","07","RP","GP","ἡμῶν","ἡμῶν","ἡμῶν","ἐγώ"
"46","01","07","N","GSM","Ἰησοῦ","Ἰησοῦ","Ἰησοῦ","Ἰησοῦς"
"46","01","07","N","GSM","Χριστοῦ·","Χριστοῦ","Χριστοῦ","Χριστός"
"46","01","08","RR","NSM","ὃς","ὃς","ὅς","ὅς"
"46","01","08","D","","καὶ","καὶ","καί","καί"
"46","01","08","V","3FAI-S","βεβαιώσει","βεβαιώσει","βεβαιώσει","βεβαιόω"
"46","01","08","RP","AP","ὑμᾶς","ὑμᾶς","ὑμᾶς","σύ"
"46","01","08","P","","ἕως","ἕως","ἕως","ἕως"
"46","01","08","N","GSN","τέλους","τέλους","τέλους","τέλος"
"46","01","08","A","APM","ἀνεγκλήτους","ἀνεγκλήτους","ἀνεγκλήτους","ἀνέγκλητος"
"46","01","08","P","","ἐν","ἐν","ἐν","ἐν"
"46","01","08","RA","DSF","τῇ","τῇ","τῇ","ὁ"
"46","01","08","N","DSF","ἡμέρᾳ","ἡμέρᾳ","ἡμέρᾳ","ἡμέρα"
"46","01","08","RA","GSM","τοῦ","τοῦ","τοῦ","ὁ"
"46","01","08","N","GSM","κυρίου","κυρίου","κυρίου","κύριος"
"46","01","08","RP","GP","ἡμῶν","ἡμῶν","ἡμῶν","ἐγώ"
"46","01","08","N","GSM","Ἰησοῦ","Ἰησοῦ","Ἰησοῦ","Ἰησοῦς"
"46","01","08","N","GSM","Χριστοῦ.","Χριστοῦ","Χριστοῦ","Χριστός"
"46","01","09","A","NSM","πιστὸς","πιστὸς","πιστός","πιστός"
"46","01","09","RA","NSM","ὁ","ὁ","ὁ","ὁ"
"46","01","09","N","NSM","θεὸς","θεὸς","θεός","θεός"
"46","01","09","P","","δι’","δι’","διά","διά"
"46","01","09","RR","GSM","οὗ","οὗ","οὗ","ὅς"
"46","01","09","V","2API-P","ἐκλήθητε","ἐκλήθητε","ἐκλήθητε","καλέω"
"46","01","09","P","","εἰς","εἰς","εἰς","εἰς"
"46","01","09","N","ASF","κοινωνίαν","κοινωνίαν","κοινωνίαν","κοινωνία"
"46","01","09","RA","GSM","τοῦ","τοῦ","τοῦ","ὁ"
"46","01","09","N","GSM","υἱοῦ","υἱοῦ","υἱοῦ","υἱός"
"46","01","09","RP","GSM","αὐτοῦ","αὐτοῦ","αὐτοῦ","αὐτός"
"46","01","09","N","GSM","Ἰησοῦ","Ἰησοῦ","Ἰησοῦ","Ἰησοῦς"
"46","01","09","N","GSM","Χριστοῦ","Χριστοῦ","Χριστοῦ","Χριστός"
"46","01","09","RA","GSM","τοῦ","τοῦ","τοῦ","ὁ"
"46","01","09","N","GSM","κυρίου","κυρίου","κυρίου","κύριος"
"46","01","09","RP","GP","ἡμῶν.","ἡμῶν","ἡμῶν","ἐγώ"
"46","01","10","V","1PAI-S","Παρακαλῶ","Παρακαλῶ","παρακαλῶ","παρακαλέω"
"46","01","10","C","","δὲ","δὲ","δέ","δέ"
"46","01","10","RP","AP","ὑμᾶς,","ὑμᾶς","ὑμᾶς","σύ"
"46","01","10","N","VPM","ἀδελφοί,","ἀδελφοί","ἀδελφοί","ἀδελφός"
"46","01","10","P","","διὰ","διὰ","διά","διά"
"46","01","10","RA","GSN","τοῦ","τοῦ","τοῦ","ὁ"
"46","01","10","N","GSN","ὀνόματος","ὀνόματος","ὀνόματος","ὄνομα"
"46","01","10","RA","GSM","τοῦ","τοῦ","τοῦ","ὁ"
"46","01","10","N","GSM","κυρίου","κυρίου","κυρίου","κύριος"
"46","01","10","RP","GP","ἡμῶν","ἡμῶν","ἡμῶν","ἐγώ"
"46","01","10","N","GSM","Ἰησοῦ","Ἰησοῦ","Ἰησοῦ","Ἰησοῦς"
"46","01","10","N","GSM","Χριστοῦ","Χριστοῦ","Χριστοῦ","Χριστός"
"46","01","10","C","","ἵνα","ἵνα","ἵνα","ἵνα"
"46","01","10","RA","ASN","τὸ","τὸ","τό","ὁ"
"46","01","10","A","ASN","αὐτὸ","αὐτὸ","αὐτό","αὐτός"
"46","01","10","V","2PAS-P","λέγητε","λέγητε","λέγητε","λέγω"
"46","01","10","A","NPM","πάντες,","πάντες","πάντες","πᾶς"
"46","01","10","C","","καὶ","καὶ","καί","καί"
"46","01","10","D","","μὴ","μὴ","μή","μή"
"46","01","10","V","3PAS-S","ᾖ","ᾖ","ᾖ","εἰμί"
"46","01","10","P","","ἐν","ἐν","ἐν","ἐν"
"46","01","10","RP","DP","ὑμῖν","ὑμῖν","ὑμῖν","σύ"
"46","01","10","N","NPN","σχίσματα,","σχίσματα","σχίσματα","σχίσμα"
"46","01","10","V","2PAS-P","ἦτε","ἦτε","ἦτε","εἰμί"
"46","01","10","C","","δὲ","δὲ","δέ","δέ"
"46","01","10","V","XPPNPM","κατηρτισμένοι","κατηρτισμένοι","κατηρτισμένοι","καταρτίζω"
"46","01","10","P","","ἐν","ἐν","ἐν","ἐν"
"46","01","10","RA","DSM","τῷ","τῷ","τῷ","ὁ"
"46","01","10","A","DSM","αὐτῷ","αὐτῷ","αὐτῷ","αὐτός"
"46","01","10","N","DSM","νοῒ","νοῒ","νοΐ","νοῦς"
"46","01","10","C","","καὶ","καὶ","καί","καί"
"46","01","10","P","","ἐν","ἐν","ἐν","ἐν"
"46","01","10","RA","DSF","τῇ","τῇ","τῇ","ὁ"
"46","01","10","A","DSF","αὐτῇ","αὐτῇ","αὐτῇ","αὐτός"
"46","01","10","N","DSF","γνώμῃ.","γνώμῃ","γνώμῃ","γνώμη"
"46","01","11","V","3API-S","ἐδηλώθη","ἐδηλώθη","ἐδηλώθη","δηλόω"
"46","01","11","C","","γάρ","γάρ","γάρ","γάρ"
"46","01","11","RP","DS","μοι","μοι","μοι","ἐγώ"
"46","01","11","P","","περὶ","περὶ","περί","περί"
"46","01","11","RP","GP","ὑμῶν,","ὑμῶν","ὑμῶν","σύ"
"46","01","11","N","VPM","ἀδελφοί","ἀδελφοί","ἀδελφοί","ἀδελφός"
"46","01","11","RP","GS","μου,","μου","μου","ἐγώ"
"46","01","11","P","","ὑπὸ","ὑπὸ","ὑπό","ὑπό"
"46","01","11","RA","GPM","τῶν","τῶν","τῶν","ὁ"
"46","01","11","N","GSF","Χλόης","Χλόης","Χλόης","Χλόη"
"46","01","11","C","","ὅτι","ὅτι","ὅτι","ὅτι"
"46","01","11","N","NPF","ἔριδες","ἔριδες","ἔριδες","ἔρις"
"46","01","11","P","","ἐν","ἐν","ἐν","ἐν"
"46","01","11","RP","DP","ὑμῖν","ὑμῖν","ὑμῖν","σύ"
"46","01","11","V","3PAI-P","εἰσιν.","εἰσιν","εἰσί(ν)","εἰμί"
"46","01","12","V","1PAI-S","λέγω","λέγω","λέγω","λέγω"
"46","01","12","C","","δὲ","δὲ","δέ","δέ"
"46","01","12","RD","ASN","τοῦτο","τοῦτο","τοῦτο","οὗτος"
"46","01","12","D","","ὅτι","ὅτι","ὅτι","ὅτι"
"46","01","12","A","NSM","ἕκαστος","ἕκαστος","ἕκαστος","ἕκαστος"
"46","01","12","RP","GP","ὑμῶν","ὑμῶν","ὑμῶν","σύ"
"46","01","12","V","3PAI-S","λέγει·","λέγει","λέγει","λέγω"
"46","01","12","RP","NS","Ἐγὼ","Ἐγὼ","ἐγώ","ἐγώ"
"46","01","12","C","","μέν","μέν","μέν","μέν"
"46","01","12","V","1PAI-S","εἰμι","εἰμι","εἰμί","εἰμί"
"46","01","12","N","GSM","Παύλου,","Παύλου","Παύλου","Παῦλος"
"46","01","12","RP","NS","Ἐγὼ","Ἐγὼ","ἐγώ","ἐγώ"
"46","01","12","C","","δὲ","δὲ","δέ","δέ"
"46","01","12","N","GSM","Ἀπολλῶ,","Ἀπολλῶ","Ἀπολλῶ","Ἀπολλῶς"
"46","01","12","RP","NS","Ἐγὼ","Ἐγὼ","ἐγώ","ἐγώ"
"46","01","12","C","","δὲ","δὲ","δέ","δέ"
"46","01","12","N","GSM","Κηφᾶ,","Κηφᾶ","Κηφᾶ","Κηφᾶς"
"46","01","12","RP","NS","Ἐγὼ","Ἐγὼ","ἐγώ","ἐγώ"
"46","01","12","C","","δὲ","δὲ","δέ","δέ"
"46","01","12","N","GSM","Χριστοῦ.","Χριστοῦ","Χριστοῦ","Χριστός"
"46","01","13","V","3XPI-S","μεμέρισται","μεμέρισται","μεμέρισται","μερίζω"
"46","01","13","RA","NSM","ὁ","ὁ","ὁ","ὁ"
"46","01","13","N","NSM","Χριστός;","Χριστός","Χριστός","Χριστός"
"46","01","13","X","","μὴ","μὴ","μή","μή"
"46","01","13","N","NSM","Παῦλος","Παῦλος","Παῦλος","Παῦλος"
"46","01","13","V","3API-S","ἐσταυρώθη","ἐσταυρώθη","ἐσταυρώθη","σταυρόω"
"46","01","13","P","","ὑπὲρ","ὑπὲρ","ὑπέρ","ὑπέρ"
"46","01","13","RP","GP","ὑμῶν,","ὑμῶν","ὑμῶν","σύ"
"46","01","13","C","","ἢ","ἢ","ἤ","ἤ"
"46","01","13","P","","εἰς","εἰς","εἰς","εἰς"
"46","01","13","RA","ASN","τὸ","τὸ","τό","ὁ"
"46","01","13","N","ASN","ὄνομα","ὄνομα","ὄνομα","ὄνομα"
"46","01","13","N","GSM","Παύλου","Παύλου","Παύλου","Παῦλος"
"46","01","13","V","2API-P","ἐβαπτίσθητε;","ἐβαπτίσθητε","ἐβαπτίσθητε","βαπτίζω"
"46","01","14","V","1PAI-S","⸀εὐχαριστῶ","εὐχαριστῶ","εὐχαριστῶ","εὐχαριστέω"
"46","01","14","C","","ὅτι","ὅτι","ὅτι","ὅτι"
"46","01","14","A","ASM","οὐδένα","οὐδένα","οὐδένα","οὐδείς"
"46","01","14","RP","GP","ὑμῶν","ὑμῶν","ὑμῶν","σύ"
"46","01","14","V","1AAI-S","ἐβάπτισα","ἐβάπτισα","ἐβάπτισα","βαπτίζω"
"46","01","14","C","","εἰ","εἰ","εἰ","εἰ"
"46","01","14","D","","μὴ","μὴ","μή","μή"
"46","01","14","N","ASM","Κρίσπον","Κρίσπον","Κρίσπον","Κρίσπος"
"46","01","14","C","","καὶ","καὶ","καί","καί"
"46","01","14","N","ASM","Γάϊον,","Γάϊον","Γάϊον","Γάϊος"
"46","01","15","C","","ἵνα","ἵνα","ἵνα","ἵνα"
"46","01","15","D","","μή","μή","μή","μή"
"46","01","15","RI","NSM","τις","τις","τὶς","τις"
"46","01","15","V","3AAS-S","εἴπῃ","εἴπῃ","εἴπῃ","λέγω"
"46","01","15","C","","ὅτι","ὅτι","ὅτι","ὅτι"
"46","01","15","P","","εἰς","εἰς","εἰς","εἰς"
"46","01","15","RA","ASN","τὸ","τὸ","τό","ὁ"
"46","01","15","A","ASN","ἐμὸν","ἐμὸν","ἐμόν","ἐμός"
"46","01","15","N","ASN","ὄνομα","ὄνομα","ὄνομα","ὄνομα"
"46","01","15","V","2API-P","⸀ἐβαπτίσθητε·","ἐβαπτίσθητε","ἐβαπτίσθητε","βαπτίζω"
"46","01","16","V","1AAI-S","ἐβάπτισα","ἐβάπτισα","ἐβάπτισα","βαπτίζω"
"46","01","16","C","","δὲ","δὲ","δέ","δέ"
"46","01","16","D","","καὶ","καὶ","καί","καί"
"46","01","16","RA","ASM","τὸν","τὸν","τόν","ὁ"
"46","01","16","N","GSM","Στεφανᾶ","Στεφανᾶ","Στεφανᾶ","Στεφανᾶς"
"46","01","16","N","ASM","οἶκον·","οἶκον","οἶκον","οἶκος"
"46","01","16","A","ASN","λοιπὸν","λοιπὸν","λοιπόν","λοιπός"
"46","01","16","D","","οὐκ","οὐκ","οὐ","οὐ"
"46","01","16","V","1XAI-S","οἶδα","οἶδα","οἶδα","οἶδα"
"46","01","16","X","","εἴ","εἴ","εἰ","εἰ"
"46","01","16","RI","ASM","τινα","τινα","τινά","τις"
"46","01","16","A","ASM","ἄλλον","ἄλλον","ἄλλον","ἄλλος"
"46","01","16","V","1AAI-S","ἐβάπτισα.","ἐβάπτισα","ἐβάπτισα","βαπτίζω"
"46","01","17","D","","οὐ","οὐ","οὐ","οὐ"
"46","01","17","C","","γὰρ","γὰρ","γάρ","γάρ"
"46","01","17","V","3AAI-S","ἀπέστειλέν","ἀπέστειλέν","ἀπέστειλε(ν)","ἀποστέλλω"
"46","01","17","RP","AS","με","με","με","ἐγώ"
"46","01","17","N","NSM","Χριστὸς","Χριστὸς","Χριστός","Χριστός"
"46","01","17","V","PAN","βαπτίζειν","βαπτίζειν","βαπτίζειν","βαπτίζω"
"46","01","17","C","","ἀλλὰ","ἀλλὰ","ἀλλά","ἀλλά"
"46","01","17","V","PMN","εὐαγγελίζεσθαι,","εὐαγγελίζεσθαι","εὐαγγελίζεσθαι","εὐαγγελίζω"
"46","01","17","D","","οὐκ","οὐκ","οὐ","οὐ"
"46","01","17","P","","ἐν","ἐν","ἐν","ἐν"
"46","01","17","N","DSF","σοφίᾳ","σοφίᾳ","σοφίᾳ","σοφία"
"46","01","17","N","GSM","λόγου,","λόγου","λόγου","λόγος"
"46","01","17","C","","ἵνα","ἵνα","ἵνα","ἵνα"
"46","01","17","D","","μὴ","μὴ","μή","μή"
"46","01","17","V","3APS-S","κενωθῇ","κενωθῇ","κενωθῇ","κενόω"
"46","01","17","RA","NSM","ὁ","ὁ","ὁ","ὁ"
"46","01","17","N","NSM","σταυρὸς","σταυρὸς","σταυρός","σταυρός"
"46","01","17","RA","GSM","τοῦ","τοῦ","τοῦ","ὁ"
"46","01","17","N","GSM","Χριστοῦ.","Χριστοῦ","Χριστοῦ","Χριστός"
"46","01","18","RA","NSM","Ὁ","Ὁ","ὁ","ὁ"
"46","01","18","N","NSM","λόγος","λόγος","λόγος","λόγος"
"46","01","18","C","","γὰρ","γὰρ","γάρ","γάρ"
"46","01","18","RA","NSM","ὁ","ὁ","ὁ","ὁ"
"46","01","18","RA","GSM","τοῦ","τοῦ","τοῦ","ὁ"
"46","01","18","N","GSM","σταυροῦ","σταυροῦ","σταυροῦ","σταυρός"
"46","01","18","RA","DPM","τοῖς","τοῖς","τοῖς","ὁ"
"46","01","18","C","","μὲν","μὲν","μέν","μέν"
"46","01","18","V","PMPDPM","ἀπολλυμένοις","ἀπολλυμένοις","ἀπολλυμένοις","ἀπόλλυμι"
"46","01","18","N","NSF","μωρία","μωρία","μωρία","μωρία"
"46","01","18","V","3PAI-S","ἐστίν,","ἐστίν","ἐστί(ν)","εἰμί"
"46","01","18","RA","DPM","τοῖς","τοῖς","τοῖς","ὁ"
"46","01","18","C","","δὲ","δὲ","δέ","δέ"
"46","01","18","V","PPPDPM","σῳζομένοις","σῳζομένοις","σῳζομένοις","σῴζω"
"46","01","18","RP","DP","ἡμῖν","ἡμῖν","ἡμῖν","ἐγώ"
"46","01","18","N","NSF","δύναμις","δύναμις","δύναμις","δύναμις"
"46","01","18","N","GSM","θεοῦ","θεοῦ","θεοῦ","θεός"
"46","01","18","V","3PAI-S","ἐστιν.","ἐστιν","ἐστί(ν)","εἰμί"
"46","01","19","V","3XPI-S","γέγραπται","γέγραπται","γέγραπται","γράφω"
"46","01","19","C","","γάρ·","γάρ","γάρ","γάρ"
"46","01","19","V","1FAI-S","Ἀπολῶ","Ἀπολῶ","ἀπολῶ","ἀπόλλυμι"
"46","01","19","RA","ASF","τὴν","τὴν","τήν","ὁ"
"46","01","19","N","ASF","σοφίαν","σοφίαν","σοφίαν","σοφία"
"46","01","19","RA","GPM","τῶν","τῶν","τῶν","ὁ"
"46","01","19","A","GPM","σοφῶν,","σοφῶν","σοφῶν","σοφός"
"46","01","19","C","","καὶ","καὶ","καί","καί"
"46","01","19","RA","ASF","τὴν","τὴν","τήν","ὁ"
"46","01","19","N","ASF","σύνεσιν","σύνεσιν","σύνεσιν","σύνεσις"
"46","01","19","RA","GPM","τῶν","τῶν","τῶν","ὁ"
"46","01","19","A","GPM","συνετῶν","συνετῶν","συνετῶν","συνετός"
"46","01","19","V","1FAI-S","ἀθετήσω.","ἀθετήσω","ἀθετήσω","ἀθετέω"
"46","01","20","D","","ποῦ","ποῦ","ποῦ","ποῦ"
"46","01","20","A","NSM","σοφός;","σοφός","σοφός","σοφός"
"46","01","20","D","","ποῦ","ποῦ","ποῦ","ποῦ"
"46","01","20","N","NSM","γραμματεύς;","γραμματεύς","γραμματεύς","γραμματεύς"
"46","01","20","D","","ποῦ","ποῦ","ποῦ","ποῦ"
"46","01","20","N","NSM","συζητητὴς","συζητητὴς","συζητητής","συζητητής"
"46","01","20","RA","GSM","τοῦ","τοῦ","τοῦ","ὁ"
"46","01","20","N","GSM","αἰῶνος","αἰῶνος","αἰῶνος","αἰών"
"46","01","20","RD","GSM","τούτου;","τούτου","τούτου","οὗτος"
"46","01","20","X","","οὐχὶ","οὐχὶ","οὐχί","οὐχί"
"46","01","20","V","3AAI-S","ἐμώρανεν","ἐμώρανεν","ἐμώρανε(ν)","μωραίνω"
"46","01","20","RA","NSM","ὁ","ὁ","ὁ","ὁ"
"46","01","20","N","NSM","θεὸς","θεὸς","θεός","θεός"
"46","01","20","RA","ASF","τὴν","τὴν","τήν","ὁ"
"46","01","20","N","ASF","σοφίαν","σοφίαν","σοφίαν","σοφία"
"46","01","20","RA","GSM","τοῦ","τοῦ","τοῦ","ὁ"
"46","01","20","N","GSM","⸀κόσμου;","κόσμου","κόσμου","κόσμος"
"46","01","21","C","","ἐπειδὴ","ἐπειδὴ","ἐπειδή","ἐπειδή"
"46","01","21","C","","γὰρ","γὰρ","γάρ","γάρ"
"46","01","21","P","","ἐν","ἐν","ἐν","ἐν"
"46","01","21","RA","DSF","τῇ","τῇ","τῇ","ὁ"
"46","01","21","N","DSF","σοφίᾳ","σοφίᾳ","σοφίᾳ","σοφία"
"46","01","21","RA","GSM","τοῦ","τοῦ","τοῦ","ὁ"
"46","01","21","N","GSM","θεοῦ","θεοῦ","θεοῦ","θεός"
"46","01","21","D","","οὐκ","οὐκ","οὐ","οὐ"
"46","01","21","V","3AAI-S","ἔγνω","ἔγνω","ἔγνω","γινώσκω"
"46","01","21","RA","NSM","ὁ","ὁ","ὁ","ὁ"
"46","01","21","N","NSM","κόσμος","κόσμος","κόσμος","κόσμος"
"46","01","21","P","","διὰ","διὰ","διά","διά"
"46","01","21","RA","GSF","τῆς","τῆς","τῆς","ὁ"
"46","01","21","N","GSF","σοφίας","σοφίας","σοφίας","σοφία"
"46","01","21","RA","ASM","τὸν","τὸν","τόν","ὁ"
"46","01","21","N","ASM","θεόν,","θεόν","θεόν","θεός"
"46","01","21","V","3AAI-S","εὐδόκησεν","εὐδόκησεν","εὐδόκησε(ν)","εὐδοκέω"
"46","01","21","RA","NSM","ὁ","ὁ","ὁ","ὁ"
"46","01","21","N","NSM","θεὸς","θεὸς","θεός","θεός"
"46","01","21","P","","διὰ","διὰ","διά","διά"
"46","01","21","RA","GSF","τῆς","τῆς","τῆς","ὁ"
"46","01","21","N","GSF","μωρίας","μωρίας","μωρίας","μωρία"
"46","01","21","RA","GSN","τοῦ","τοῦ","τοῦ","ὁ"
"46","01","21","N","GSN","κηρύγματος","κηρύγματος","κηρύγματος","κήρυγμα"
"46","01","21","V","AAN","σῶσαι","σῶσαι","σῶσαι","σῴζω"
"46","01","21","RA","APM","τοὺς","τοὺς","τούς","ὁ"
"46","01","21","V","PAPAPM","πιστεύοντας.","πιστεύοντας","πιστεύοντας","πιστεύω"
"46","01","22","C","","ἐπειδὴ","ἐπειδὴ","ἐπειδή","ἐπειδή"
"46","01","22","C","","καὶ","καὶ","καί","καί"
"46","01","22","A","NPM","Ἰουδαῖοι","Ἰουδαῖοι","Ἰουδαῖοι","Ἰουδαῖος"
"46","01","22","N","APN","⸀σημεῖα","σημεῖα","σημεῖα","σημεῖον"
"46","01","22","V","3PAI-P","αἰτοῦσιν","αἰτοῦσιν","αἰτοῦσι(ν)","αἰτέω"
"46","01","22","C","","καὶ","καὶ","καί","καί"
"46","01","22","N","NPM","Ἕλληνες","Ἕλληνες","Ἕλληνες","Ἕλλην"
"46","01","22","N","ASF","σοφίαν","σοφίαν","σοφίαν","σοφία"
"46","01","22","V","3PAI-P","ζητοῦσιν·","ζητοῦσιν","ζητοῦσι(ν)","ζητέω"
"46","01","23","RP","NP","ἡμεῖς","ἡμεῖς","ἡμεῖς","ἐγώ"
"46","01","23","C","","δὲ","δὲ","δέ","δέ"
"46","01","23","V","1PAI-P","κηρύσσομεν","κηρύσσομεν","κηρύσσομεν","κηρύσσω"
"46","01","23","N","ASM","Χριστὸν","Χριστὸν","Χριστόν","Χριστός"
"46","01","23","V","XPPASM","ἐσταυρωμένον,","ἐσταυρωμένον","ἐσταυρωμένον","σταυρόω"
"46","01","23","A","DPM","Ἰουδαίοις","Ἰουδαίοις","Ἰουδαίοις","Ἰουδαῖος"
"46","01","23","C","","μὲν","μὲν","μέν","μέν"
"46","01","23","N","ASN","σκάνδαλον","σκάνδαλον","σκάνδαλον","σκάνδαλον"
"46","01","23","N","DPN","⸀ἔθνεσιν","ἔθνεσιν","ἔθνεσι(ν)","ἔθνος"
"46","01","23","C","","δὲ","δὲ","δέ","δέ"
"46","01","23","N","ASF","μωρίαν,","μωρίαν","μωρίαν","μωρία"
"46","01","24","RP","DPM","αὐτοῖς","αὐτοῖς","αὐτοῖς","αὐτός"
"46","01","24","C","","δὲ","δὲ","δέ","δέ"
"46","01","24","RA","DPM","τοῖς","τοῖς","τοῖς","ὁ"
"46","01","24","A","DPM","κλητοῖς,","κλητοῖς","κλητοῖς","κλητός"
"46","01","24","A","DPM","Ἰουδαίοις","Ἰουδαίοις","Ἰουδαίοις","Ἰουδαῖος"
"46","01","24","C","","τε","τε","τέ","τέ"
"46","01","24","C","","καὶ","καὶ","καί","καί"
"46","01","24","N","DPM","Ἕλλησιν,","Ἕλλησιν","Ἕλλησι(ν)","Ἕλλην"
"46","01","24","N","ASM","Χριστὸν","Χριστὸν","Χριστόν","Χριστός"
"46","01","24","N","GSM","θεοῦ","θεοῦ","θεοῦ","θεός"
"46","01","24","N","ASF","δύναμιν","δύναμιν","δύναμιν","δύναμις"
"46","01","24","C","","καὶ","καὶ","καί","καί"
"46","01","24","N","GSM","θεοῦ","θεοῦ","θεοῦ","θεός"
"46","01","24","N","ASF","σοφίαν.","σοφίαν","σοφίαν","σοφία"
"46","01","25","C","","ὅτι","ὅτι","ὅτι","ὅτι"
"46","01","25","RA","NSN","τὸ","τὸ","τό","ὁ"
"46","01","25","A","NSN","μωρὸν","μωρὸν","μωρόν","μωρός"
"46","01","25","RA","GSM","τοῦ","τοῦ","τοῦ","ὁ"
"46","01","25","N","GSM","θεοῦ","θεοῦ","θεοῦ","θεός"
"46","01","25","A","NSNC","σοφώτερον","σοφώτερον","σοφώτερον","σοφός"
"46","01","25","RA","GPM","τῶν","τῶν","τῶν","ὁ"
"46","01","25","N","GPM","ἀνθρώπων","ἀνθρώπων","ἀνθρώπων","ἄνθρωπος"
"46","01","25","V","3PAI-S","ἐστίν,","ἐστίν","ἐστί(ν)","εἰμί"
"46","01","25","C","","καὶ","καὶ","καί","καί"
"46","01","25","RA","NSN","τὸ","τὸ","τό","ὁ"
"46","01","25","A","NSN","ἀσθενὲς","ἀσθενὲς","ἀσθενές","ἀσθενής"
"46","01","25","RA","GSM","τοῦ","τοῦ","τοῦ","ὁ"
"46","01","25","N","GSM","θεοῦ","θεοῦ","θεοῦ","θεός"
"46","01","25","A","NSNC","ἰσχυρότερον","ἰσχυρότερον","ἰσχυρότερον","ἰσχυρός"
"46","01","25","RA","GPM","τῶν","τῶν","τῶν","ὁ"
"46","01","25","N","GPM","⸀ἀνθρώπων.","ἀνθρώπων","ἀνθρώπων","ἄνθρωπος"
"46","01","26","V","2PAI-P","Βλέπετε","Βλέπετε","βλέπετε","βλέπω"
"46","01","26","C","","γὰρ","γὰρ","γάρ","γάρ"
"46","01","26","RA","ASF","τὴν","τὴν","τήν","ὁ"
"46","01","26","N","ASF","κλῆσιν","κλῆσιν","κλῆσιν","κλῆσις"
"46","01","26","RP","GP","ὑμῶν,","ὑμῶν","ὑμῶν","σύ"
"46","01","26","N","VPM","ἀδελφοί,","ἀδελφοί","ἀδελφοί","ἀδελφός"
"46","01","26","D","","ὅτι","ὅτι","ὅτι","ὅτι"
"46","01","26","D","","οὐ","οὐ","οὐ","οὐ"
"46","01","26","A","NPM","πολλοὶ","πολλοὶ","πολλοί","πολύς"
"46","01","26","A","NPM","σοφοὶ","σοφοὶ","σοφοί","σοφός"
"46","01","26","P","","κατὰ","κατὰ","κατά","κατά"
"46","01","26","N","ASF","σάρκα,","σάρκα","σάρκα","σάρξ"
"46","01","26","D","","οὐ","οὐ","οὐ","οὐ"
"46","01","26","A","NPM","πολλοὶ","πολλοὶ","πολλοί","πολύς"
"46","01","26","A","NPM","δυνατοί,","δυνατοί","δυνατοί","δυνατός"
"46","01","26","D","","οὐ","οὐ","οὐ","οὐ"
"46","01","26","A","NPM","πολλοὶ","πολλοὶ","πολλοί","πολύς"
"46","01","26","A","NPM","εὐγενεῖς·","εὐγενεῖς","εὐγενεῖς","εὐγενής"
"46","01","27","C","","ἀλλὰ","ἀλλὰ","ἀλλά","ἀλλά"
"46","01","27","RA","APN","τὰ","τὰ","τά","ὁ"
"46","01","27","A","APN","μωρὰ","μωρὰ","μωρά","μωρός"
"46","01","27","RA","GSM","τοῦ","τοῦ","τοῦ","ὁ"
"46","01","27","N","GSM","κόσμου","κόσμου","κόσμου","κόσμος"
"46","01","27","V","3AMI-S","ἐξελέξατο","ἐξελέξατο","ἐξελέξατο","ἐκλέγομαι"
"46","01","27","RA","NSM","ὁ","ὁ","ὁ","ὁ"
"46","01","27","N","NSM","θεός,","θεός","θεός","θεός"
"46","01","27","C","","ἵνα","ἵνα","ἵνα","ἵνα"
"46","01","27","V","3PAS-S","⸂καταισχύνῃ","καταισχύνῃ","καταισχύνῃ","καταισχύνω"
"46","01","27","RA","APM","τοὺς","τοὺς","τούς","ὁ"
"46","01","27","A","APM","σοφούς⸃,","σοφούς","σοφούς","σοφός"
"46","01","27","C","","καὶ","καὶ","καί","καί"
"46","01","27","RA","APN","τὰ","τὰ","τά","ὁ"
"46","01","27","A","APN","ἀσθενῆ","ἀσθενῆ","ἀσθενῆ","ἀσθενής"
"46","01","27","RA","GSM","τοῦ","τοῦ","τοῦ","ὁ"
"46","01","27","N","GSM","κόσμου","κόσμου","κόσμου","κόσμος"
"46","01","27","V","3AMI-S","ἐξελέξατο","ἐξελέξατο","ἐξελέξατο","ἐκλέγομαι"
"46","01","27","RA","NSM","ὁ","ὁ","ὁ","ὁ"
"46","01","27","N","NSM","θεός,","θεός","θεός","θεός"
"46","01","27","C","","ἵνα","ἵνα","ἵνα","ἵνα"
"46","01","27","V","3PAS-S","καταισχύνῃ","καταισχύνῃ","καταισχύνῃ","καταισχύνω"
"46","01","27","RA","APN","τὰ","τὰ","τά","ὁ"
"46","01","27","A","APN","ἰσχυρά,","ἰσχυρά","ἰσχυρά","ἰσχυρός"
"46","01","28","C","","καὶ","καὶ","καί","καί"
"46","01","28","RA","APN","τὰ","τὰ","τά","ὁ"
"46","01","28","A","APN","ἀγενῆ","ἀγενῆ","ἀγενῆ","ἀγενής"
"46","01","28","RA","GSM","τοῦ","τοῦ","τοῦ","ὁ"
"46","01","28","N","GSM","κόσμου","κόσμου","κόσμου","κόσμος"
"46","01","28","C","","καὶ","καὶ","καί","καί"
"46","01","28","RA","APN","τὰ","τὰ","τά","ὁ"
"46","01","28","V","XPPAPN","ἐξουθενημένα","ἐξουθενημένα","ἐξουθενημένα","ἐξουθενέω"
"46","01","28","V","3AMI-S","ἐξελέξατο","ἐξελέξατο","ἐξελέξατο","ἐκλέγομαι"
"46","01","28","RA","NSM","ὁ","ὁ","ὁ","ὁ"
"46","01","28","N","NSM","θεός,","θεός","θεός","θεός"
"46","01","28","RA","APN","⸀τὰ","τὰ","τά","ὁ"
"46","01","28","D","","μὴ","μὴ","μή","μή"
"46","01","28","V","PAPAPN","ὄντα,","ὄντα","ὄντα","εἰμί"
"46","01","28","C","","ἵνα","ἵνα","ἵνα","ἵνα"
"46","01","28","RA","APN","τὰ","τὰ","τά","ὁ"
"46","01","28","V","PAPAPN","ὄντα","ὄντα","ὄντα","εἰμί"
"46","01","28","V","3AAS-S","καταργήσῃ,","καταργήσῃ","καταργήσῃ","καταργέω"
"46","01","29","C","","ὅπως","ὅπως","ὅπως","ὅπως"
"46","01","29","D","","μὴ","μὴ","μή","μή"
"46","01","29","V","3AMS-S","καυχήσηται","καυχήσηται","καυχήσηται","καυχάομαι"
"46","01","29","A","NSF","πᾶσα","πᾶσα","πᾶσα","πᾶς"
"46","01","29","N","NSF","σὰρξ","σὰρξ","σάρξ","σάρξ"
"46","01","29","P","","ἐνώπιον","ἐνώπιον","ἐνώπιον","ἐνώπιον"
"46","01","29","RA","GSM","τοῦ","τοῦ","τοῦ","ὁ"
"46","01","29","N","GSM","θεοῦ.","θεοῦ","θεοῦ","θεός"
"46","01","30","P","","ἐξ","ἐξ","ἐκ","ἐκ"
"46","01","30","RP","GSM","αὐτοῦ","αὐτοῦ","αὐτοῦ","αὐτός"
"46","01","30","C","","δὲ","δὲ","δέ","δέ"
"46","01","30","RP","NP","ὑμεῖς","ὑμεῖς","ὑμεῖς","σύ"
"46","01","30","V","2PAI-P","ἐστε","ἐστε","ἐστέ","εἰμί"
"46","01","30","P","","ἐν","ἐν","ἐν","ἐν"
"46","01","30","N","DSM","Χριστῷ","Χριστῷ","Χριστῷ","Χριστός"
"46","01","30","N","DSM","Ἰησοῦ,","Ἰησοῦ","Ἰησοῦ","Ἰησοῦς"
"46","01","30","RR","NSM","ὃς","ὃς","ὅς","ὅς"
"46","01","30","V","3API-S","ἐγενήθη","ἐγενήθη","ἐγενήθη","γίνομαι"
"46","01","30","N","NSF","⸂σοφία","σοφία","σοφία","σοφία"
"46","01","30","RP","DP","ἡμῖν⸃","ἡμῖν","ἡμῖν","ἐγώ"
"46","01","30","P","","ἀπὸ","ἀπὸ","ἀπό","ἀπό"
"46","01","30","N","GSM","θεοῦ,","θεοῦ","θεοῦ","θεός"
"46","01","30","N","NSF","δικαιοσύνη","δικαιοσύνη","δικαιοσύνη","δικαιοσύνη"
"46","01","30","C","","τε","τε","τέ","τέ"
"46","01","30","C","","καὶ","καὶ","καί","καί"
"46","01","30","N","NSM","ἁγιασμὸς","ἁγιασμὸς","ἁγιασμός","ἁγιασμός"
"46","01","30","C","","καὶ","καὶ","καί","καί"
"46","01","30","N","NSF","ἀπολύτρωσις,","ἀπολύτρωσις","ἀπολύτρωσις","ἀπολύτρωσις"
"46","01","31","C","","ἵνα","ἵνα","ἵνα","ἵνα"
"46","01","31","C","","καθὼς","καθὼς","καθώς","καθώς"
"46","01","31","V","3XPI-S","γέγραπται·","γέγραπται","γέγραπται","γράφω"
"46","01","31","RA","NSM","Ὁ","Ὁ","ὁ","ὁ"
"46","01","31","V","PMPNSM","καυχώμενος","καυχώμενος","καυχώμενος","καυχάομαι"
"46","01","31","P","","ἐν","ἐν","ἐν","ἐν"
"46","01","31","N","DSM","κυρίῳ","κυρίῳ","κυρίῳ","κύριος"
"46","01","31","V","3PMD-S","καυχάσθω.","καυχάσθω","καυχάσθω","καυχάομαι"
"46","02","01","RP","NS","Κἀγὼ","Κἀγὼ","κἀγώ","κἀγώ"
"46","02","01","V","AAPNSM","ἐλθὼν","ἐλθὼν","ἐλθών","ἔρχομαι"
"46","02","01","P","","πρὸς","πρὸς","πρός","πρός"
"46","02","01","RP","AP","ὑμᾶς,","ὑμᾶς","ὑμᾶς","σύ"
"46","02","01","N","VPM","ἀδελφοί,","ἀδελφοί","ἀδελφοί","ἀδελφός"
"46","02","01","V","1AAI-S","ἦλθον","ἦλθον","ἦλθον","ἔρχομαι"
"46","02","01","D","","οὐ","οὐ","οὐ","οὐ"
"46","02","01","P","","καθ’","καθ’","κατά","κατά"
"46","02","01","N","ASF","ὑπεροχὴν","ὑπεροχὴν","ὑπεροχήν","ὑπεροχή"
"46","02","01","N","GSM","λόγου","λόγου","λόγου","λόγος"
"46","02","01","C","","ἢ","ἢ","ἤ","ἤ"
"46","02","01","N","GSF","σοφίας","σοφίας","σοφίας","σοφία"
"46","02","01","V","PAPNSM","καταγγέλλων","καταγγέλλων","καταγγέλλων","καταγγέλλω"
"46","02","01","RP","DP","ὑμῖν","ὑμῖν","ὑμῖν","σύ"
"46","02","01","RA","ASN","τὸ","τὸ","τό","ὁ"
"46","02","01","N","ASN","⸀μαρτύριον","μαρτύριον","μαρτύριον","μαρτύριον"
"46","02","01","RA","GSM","τοῦ","τοῦ","τοῦ","ὁ"
"46","02","01","N","GSM","θεοῦ.","θεοῦ","θεοῦ","θεός"
"46","02","02","D","","οὐ","οὐ","οὐ","οὐ"
"46","02","02","C","","γὰρ","γὰρ","γάρ","γάρ"
"46","02","02","V","1AAI-S","ἔκρινά","ἔκρινά","ἔκρινα","κρίνω"
"46","02","02","RI","ASN","⸂τι","τι","τὶ","τις"
"46","02","02","V","XAN","εἰδέναι⸃","εἰδέναι","εἰδέναι","οἶδα"
"46","02","02","P","","ἐν","ἐν","ἐν","ἐν"
"46","02","02","RP","DP","ὑμῖν","ὑμῖν","ὑμῖν","σύ"
"46","02","02","C","","εἰ","εἰ","εἰ","εἰ"
"46","02","02","D","","μὴ","μὴ","μή","μή"
"46","02","02","N","ASM","Ἰησοῦν","Ἰησοῦν","Ἰησοῦν","Ἰησοῦς"
"46","02","02","N","ASM","Χριστὸν","Χριστὸν","Χριστόν","Χριστός"
"46","02","02","C","","καὶ","καὶ","καί","καί"
"46","02","02","RD","ASM","τοῦτον","τοῦτον","τοῦτον","οὗτος"
"46","02","02","V","XPPASM","ἐσταυρωμένον·","ἐσταυρωμένον","ἐσταυρωμένον","σταυρόω"
"46","02","03","RP","NS","κἀγὼ","κἀγὼ","κἀγώ","κἀγώ"
"46","02","03","P","","ἐν","ἐν","ἐν","ἐν"
"46","02","03","N","DSF","ἀσθενείᾳ","ἀσθενείᾳ","ἀσθενείᾳ","ἀσθένεια"
"46","02","03","C","","καὶ","καὶ","καί","καί"
"46","02","03","P","","ἐν","ἐν","ἐν","ἐν"
"46","02","03","N","DSM","φόβῳ","φόβῳ","φόβῳ","φόβος"
"46","02","03","C","","καὶ","καὶ","καί","καί"
"46","02","03","P","","ἐν","ἐν","ἐν","ἐν"
"46","02","03","N","DSM","τρόμῳ","τρόμῳ","τρόμῳ","τρόμος"
"46","02","03","A","DSM","πολλῷ","πολλῷ","πολλῷ","πολύς"
"46","02","03","V","1AMI-S","ἐγενόμην","ἐγενόμην","ἐγενόμην","γίνομαι"
"46","02","03","P","","πρὸς","πρὸς","πρός","πρός"
"46","02","03","RP","AP","ὑμᾶς,","ὑμᾶς","ὑμᾶς","σύ"
"46","02","04","C","","καὶ","καὶ","καί","καί"
"46","02","04","RA","NSM","ὁ","ὁ","ὁ","ὁ"
"46","02","04","N","NSM","λόγος","λόγος","λόγος","λόγος"
"46","02","04","RP","GS","μου","μου","μου","ἐγώ"
"46","02","04","C","","καὶ","καὶ","καί","καί"
"46","02","04","RA","NSN","τὸ","τὸ","τό","ὁ"
"46","02","04","N","NSN","κήρυγμά","κήρυγμά","κήρυγμα","κήρυγμα"
"46","02","04","RP","GS","μου","μου","μου","ἐγώ"
"46","02","04","D","","οὐκ","οὐκ","οὐ","οὐ"
"46","02","04","P","","ἐν","ἐν","ἐν","ἐν"
"46","02","04","A","DPM","⸂πειθοῖ","πειθοῖ","πειθοῖ(ς)","πειθός"
"46","02","04","N","GSF","σοφίας⸃","σοφίας","σοφίας","σοφία"
"46","02","04","C","","ἀλλ’","ἀλλ’","ἀλλά","ἀλλά"
"46","02","04","P","","ἐν","ἐν","ἐν","ἐν"
"46","02","04","N","DSF","ἀποδείξει","ἀποδείξει","ἀποδείξει","ἀπόδειξις"
"46","02","04","N","GSN","πνεύματος","πνεύματος","πνεύματος","πνεῦμα"
"46","02","04","C","","καὶ","καὶ","καί","καί"
"46","02","04","N","GSF","δυνάμεως,","δυνάμεως","δυνάμεως","δύναμις"
"46","02","05","C","","ἵνα","ἵνα","ἵνα","ἵνα"
"46","02","05","RA","NSF","ἡ","ἡ","ἡ","ὁ"
"46","02","05","N","NSF","πίστις","πίστις","πίστις","πίστις"
"46","02","05","RP","GP","ὑμῶν","ὑμῶν","ὑμῶν","σύ"
"46","02","05","D","","μὴ","μὴ","μή","μή"
"46","02","05","V","3PAS-S","ᾖ","ᾖ","ᾖ","εἰμί"
"46","02","05","P","","ἐν","ἐν","ἐν","ἐν"
"46","02","05","N","DSF","σοφίᾳ","σοφίᾳ","σοφίᾳ","σοφία"
"46","02","05","N","GPM","ἀνθρώπων","ἀνθρώπων","ἀνθρώπων","ἄνθρωπος"
"46","02","05","C","","ἀλλ’","ἀλλ’","ἀλλά","ἀλλά"
"46","02","05","P","","ἐν","ἐν","ἐν","ἐν"
"46","02","05","N","DSF","δυνάμει","δυνάμει","δυνάμει","δύναμις"
"46","02","05","N","GSM","θεοῦ.","θεοῦ","θεοῦ","θεός"
"46","02","06","N","ASF","Σοφίαν","Σοφίαν","σοφίαν","σοφία"
"46","02","06","C","","δὲ","δὲ","δέ","δέ"
"46","02","06","V","1PAI-P","λαλοῦμεν","λαλοῦμεν","λαλοῦμεν","λαλέω"
"46","02","06","P","","ἐν","ἐν","ἐν","ἐν"
"46","02","06","RA","DPM","τοῖς","τοῖς","τοῖς","ὁ"
"46","02","06","A","DPM","τελείοις,","τελείοις","τελείοις","τέλειος"
"46","02","06","N","ASF","σοφίαν","σοφίαν","σοφίαν","σοφία"
"46","02","06","C","","δὲ","δὲ","δέ","δέ"
"46","02","06","D","","οὐ","οὐ","οὐ","οὐ"
"46","02","06","RA","GSM","τοῦ","τοῦ","τοῦ","ὁ"
"46","02","06","N","GSM","αἰῶνος","αἰῶνος","αἰῶνος","αἰών"
"46","02","06","RD","GSM","τούτου","τούτου","τούτου","οὗτος"
"46","02","06","C","","οὐδὲ","οὐδὲ","οὐδέ","οὐδέ"
"46","02","06","RA","GPM","τῶν","τῶν","τῶν","ὁ"
"46","02","06","N","GPM","ἀρχόντων","ἀρχόντων","ἀρχόντων","ἄρχων"
"46","02","06","RA","GSM","τοῦ","τοῦ","τοῦ","ὁ"
"46","02","06","N","GSM","αἰῶνος","αἰῶνος","αἰῶνος","αἰών"
"46","02","06","RD","GSM","τούτου","τούτου","τούτου","οὗτος"
"46","02","06","RA","GPM","τῶν","τῶν","τῶν","ὁ"
"46","02","06","V","PPPGPM","καταργουμένων·","καταργουμένων","καταργουμένων","καταργέω"
"46","02","07","C","","ἀλλὰ","ἀλλὰ","ἀλλά","ἀλλά"
"46","02","07","V","1PAI-P","λαλοῦμεν","λαλοῦμεν","λαλοῦμεν","λαλέω"
"46","02","07","N","GSM","⸂θεοῦ","θεοῦ","θεοῦ","θεός"
"46","02","07","N","ASF","σοφίαν⸃","σοφίαν","σοφίαν","σοφία"
"46","02","07","P","","ἐν","ἐν","ἐν","ἐν"
"46","02","07","N","DSN","μυστηρίῳ,","μυστηρίῳ","μυστηρίῳ","μυστήριον"
"46","02","07","RA","ASF","τὴν","τὴν","τήν","ὁ"
"46","02","07","V","XPPASF","ἀποκεκρυμμένην,","ἀποκεκρυμμένην","ἀποκεκρυμμένην","ἀποκρύπτω"
"46","02","07","RR","ASF","ἣν","ἣν","ἥν","ὅς"
"46","02","07","V","3AAI-S","προώρισεν","προώρισεν","προώρισε(ν)","προορίζω"
"46","02","07","RA","NSM","ὁ","ὁ","ὁ","ὁ"
"46","02","07","N","NSM","θεὸς","θεὸς","θεός","θεός"
"46","02","07","P","","πρὸ","πρὸ","πρό","πρό"
"46","02","07","RA","GPM","τῶν","τῶν","τῶν","ὁ"
"46","02","07","N","GPM","αἰώνων","αἰώνων","αἰώνων","αἰών"
"46","02","07","P","","εἰς","εἰς","εἰς","εἰς"
"46","02","07","N","ASF","δόξαν","δόξαν","δόξαν","δόξα"
"46","02","07","RP","GP","ἡμῶν·","ἡμῶν","ἡμῶν","ἐγώ"
"46","02","08","RR","ASF","ἣν","ἣν","ἥν","ὅς"
"46","02","08","A","NSM","οὐδεὶς","οὐδεὶς","οὐδείς","οὐδείς"
"46","02","08","RA","GPM","τῶν","τῶν","τῶν","ὁ"
"46","02","08","N","GPM","ἀρχόντων","ἀρχόντων","ἀρχόντων","ἄρχων"
"46","02","08","RA","GSM","τοῦ","τοῦ","τοῦ","ὁ"
"46","02","08","N","GSM","αἰῶνος","αἰῶνος","αἰῶνος","αἰών"
"46","02","08","RD","GSM","τούτου","τούτου","τούτου","οὗτος"
"46","02","08","V","3XAI-S","ἔγνωκεν,","ἔγνωκεν","ἔγνωκε(ν)","γινώσκω"
"46","02","08","C","","εἰ","εἰ","εἰ","εἰ"
"46","02","08","C","","γὰρ","γὰρ","γάρ","γάρ"
"46","02","08","V","3AAI-P","ἔγνωσαν,","ἔγνωσαν","ἔγνωσαν","γινώσκω"
"46","02","08","D","","οὐκ","οὐκ","οὐ","οὐ"
"46","02","08","X","","ἂν","ἂν","ἄν","ἄν"
"46","02","08","RA","ASM","τὸν","τὸν","τόν","ὁ"
"46","02","08","N","ASM","κύριον","κύριον","κύριον","κύριος"
"46","02","08","RA","GSF","τῆς","τῆς","τῆς","ὁ"
"46","02","08","N","GSF","δόξης","δόξης","δόξης","δόξα"
"46","02","08","V","3AAI-P","ἐσταύρωσαν·","ἐσταύρωσαν","ἐσταύρωσαν","σταυρόω"
"46","02","09","C","","ἀλλὰ","ἀλλὰ","ἀλλά","ἀλλά"
"46","02","09","C","","καθὼς","καθὼς","καθώς","καθώς"
"46","02","09","V","3XPI-S","γέγραπται·","γέγραπται","γέγραπται","γράφω"
"46","02","09","RR","APN","Ἃ","Ἃ","ἅ","ὅς"
"46","02","09","N","NSM","ὀφθαλμὸς","ὀφθαλμὸς","ὀφθαλμός","ὀφθαλμός"
"46","02","09","D","","οὐκ","οὐκ","οὐ","οὐ"
"46","02","09","V","3AAI-S","εἶδεν","εἶδεν","εἶδε(ν)","ὁράω"
"46","02","09","C","","καὶ","καὶ","καί","καί"
"46","02","09","N","NSN","οὖς","οὖς","οὖς","οὖς"
"46","02","09","D","","οὐκ","οὐκ","οὐ","οὐ"
"46","02","09","V","3AAI-S","ἤκουσεν","ἤκουσεν","ἤκουσε(ν)","ἀκούω"
"46","02","09","C","","καὶ","καὶ","καί","καί"
"46","02","09","P","","ἐπὶ","ἐπὶ","ἐπί","ἐπί"
"46","02","09","N","ASF","καρδίαν","καρδίαν","καρδίαν","καρδία"
"46","02","09","N","GSM","ἀνθρώπου","ἀνθρώπου","ἀνθρώπου","ἄνθρωπος"
"46","02","09","D","","οὐκ","οὐκ","οὐ","οὐ"
"46","02","09","V","3AAI-S","ἀνέβη,","ἀνέβη","ἀνέβη","ἀναβαίνω"
"46","02","09","RR","APN","⸀ὅσα","ὅσα","ὅσα","ὅσος"
"46","02","09","V","3AAI-S","ἡτοίμασεν","ἡτοίμασεν","ἡτοίμασε(ν)","ἑτοιμάζω"
"46","02","09","RA","NSM","ὁ","ὁ","ὁ","ὁ"
"46","02","09","N","NSM","θεὸς","θεὸς","θεός","θεός"
"46","02","09","RA","DPM","τοῖς","τοῖς","τοῖς","ὁ"
"46","02","09","V","PAPDPM","ἀγαπῶσιν","ἀγαπῶσιν","ἀγαπῶσι(ν)","ἀγαπάω"
"46","02","09","RP","ASM","αὐτόν.","αὐτόν","αὐτόν","αὐτός"
"46","02","10","RP","DP","ἡμῖν","ἡμῖν","ἡμῖν","ἐγώ"
"46","02","10","C","","⸀γὰρ","γὰρ","γάρ","γάρ"
"46","02","10","V","3AAI-S","⸂ἀπεκάλυψεν","ἀπεκάλυψεν","ἀπεκάλυψε(ν)","ἀποκαλύπτω"
"46","02","10","RA","NSM","ὁ","ὁ","ὁ","ὁ"
"46","02","10","N","NSM","θεὸς⸃","θεὸς","θεός","θεός"
"46","02","10","P","","διὰ","διὰ","διά","διά"
"46","02","10","RA","GSN","τοῦ","τοῦ","τοῦ","ὁ"
"46","02","10","N","GSN","⸀πνεύματος,","πνεύματος","πνεύματος","πνεῦμα"
"46","02","10","RA","NSN","τὸ","τὸ","τό","ὁ"
"46","02","10","C","","γὰρ","γὰρ","γάρ","γάρ"
"46","02","10","N","NSN","πνεῦμα","πνεῦμα","πνεῦμα","πνεῦμα"
"46","02","10","A","APN","πάντα","πάντα","πάντα","πᾶς"
"46","02","10","V","3PAI-S","ἐραυνᾷ,","ἐραυνᾷ","ἐραυνᾷ","ἐραυνάω"
"46","02","10","D","","καὶ","καὶ","καί","καί"
"46","02","10","RA","APN","τὰ","τὰ","τά","ὁ"
"46","02","10","N","APN","βάθη","βάθη","βάθη","βάθος"
"46","02","10","RA","GSM","τοῦ","τοῦ","τοῦ","ὁ"
"46","02","10","N","GSM","θεοῦ.","θεοῦ","θεοῦ","θεός"
"46","02","11","RI","NSM","τίς","τίς","τίς","τίς"
"46","02","11","C","","γὰρ","γὰρ","γάρ","γάρ"
"46","02","11","V","3XAI-S","οἶδεν","οἶδεν","οἶδε(ν)","οἶδα"
"46","02","11","N","GPM","ἀνθρώπων","ἀνθρώπων","ἀνθρώπων","ἄνθρωπος"
"46","02","11","RA","APN","τὰ","τὰ","τά","ὁ"
"46","02","11","RA","GSM","τοῦ","τοῦ","τοῦ","ὁ"
"46","02","11","N","GSM","ἀνθρώπου","ἀνθρώπου","ἀνθρώπου","ἄνθρωπος"
"46","02","11","C","","εἰ","εἰ","εἰ","εἰ"
"46","02","11","D","","μὴ","μὴ","μή","μή"
"46","02","11","RA","NSN","τὸ","τὸ","τό","ὁ"
"46","02","11","N","NSN","πνεῦμα","πνεῦμα","πνεῦμα","πνεῦμα"
"46","02","11","RA","GSM","τοῦ","τοῦ","τοῦ","ὁ"
"46","02","11","N","GSM","ἀνθρώπου","ἀνθρώπου","ἀνθρώπου","ἄνθρωπος"
"46","02","11","RA","NSN","τὸ","τὸ","τό","ὁ"
"46","02","11","P","","ἐν","ἐν","ἐν","ἐν"
"46","02","11","RP","DSM","αὐτῷ;","αὐτῷ","αὐτῷ","αὐτός"
"46","02","11","D","","οὕτως","οὕτως","οὕτω(ς)","οὕτω(ς)"
"46","02","11","D","","καὶ","καὶ","καί","καί"
"46","02","11","RA","APN","τὰ","τὰ","τά","ὁ"
"46","02","11","RA","GSM","τοῦ","τοῦ","τοῦ","ὁ"
"46","02","11","N","GSM","θεοῦ","θεοῦ","θεοῦ","θεός"
"46","02","11","A","NSM","οὐδεὶς","οὐδεὶς","οὐδείς","οὐδείς"
"46","02","11","V","3XAI-S","⸀ἔγνωκεν","ἔγνωκεν","ἔγνωκε(ν)","γινώσκω"
"46","02","11","C","","εἰ","εἰ","εἰ","εἰ"
"46","02","11","D","","μὴ","μὴ","μή","μή"
"46","02","11","RA","NSN","τὸ","τὸ","τό","ὁ"
"46","02","11","N","NSN","πνεῦμα","πνεῦμα","πνεῦμα","πνεῦμα"
"46","02","11","RA","GSM","τοῦ","τοῦ","τοῦ","ὁ"
"46","02","11","N","GSM","θεοῦ.","θεοῦ","θεοῦ","θεός"
"46","02","12","RP","NP","ἡμεῖς","ἡμεῖς","ἡμεῖς","ἐγώ"
"46","02","12","C","","δὲ","δὲ","δέ","δέ"
"46","02","12","D","","οὐ","οὐ","οὐ","οὐ"
"46","02","12","RA","ASN","τὸ","τὸ","τό","ὁ"
"46","02","12","N","ASN","πνεῦμα","πνεῦμα","πνεῦμα","πνεῦμα"
"46","02","12","RA","GSM","τοῦ","τοῦ","τοῦ","ὁ"
"46","02","12","N","GSM","κόσμου","κόσμου","κόσμου","κόσμος"
"46","02","12","V","1AAI-P","ἐλάβομεν","ἐλάβομεν","ἐλάβομεν","λαμβάνω"
"46","02","12","C","","ἀλλὰ","ἀλλὰ","ἀλλά","ἀλλά"
"46","02","12","RA","ASN","τὸ","τὸ","τό","ὁ"
"46","02","12","N","ASN","πνεῦμα","πνεῦμα","πνεῦμα","πνεῦμα"
"46","02","12","RA","ASN","τὸ","τὸ","τό","ὁ"
"46","02","12","P","","ἐκ","ἐκ","ἐκ","ἐκ"
"46","02","12","RA","GSM","τοῦ","τοῦ","τοῦ","ὁ"
"46","02","12","N","GSM","θεοῦ,","θεοῦ","θεοῦ","θεός"
"46","02","12","C","","ἵνα","ἵνα","ἵνα","ἵνα"
"46","02","12","V","1XAS-P","εἰδῶμεν","εἰδῶμεν","εἰδῶμεν","οἶδα"
"46","02","12","RA","APN","τὰ","τὰ","τά","ὁ"
"46","02","12","P","","ὑπὸ","ὑπὸ","ὑπό","ὑπό"
"46","02","12","RA","GSM","τοῦ","τοῦ","τοῦ","ὁ"
"46","02","12","N","GSM","θεοῦ","θεοῦ","θεοῦ","θεός"
"46","02","12","V","APPAPN","χαρισθέντα","χαρισθέντα","χαρισθέντα","χαρίζομαι"
"46","02","12","RP","DP","ἡμῖν·","ἡμῖν","ἡμῖν","ἐγώ"
"46","02","13","RR","APN","ἃ","ἃ","ἅ","ὅς"
"46","02","13","D","","καὶ","καὶ","καί","καί"
"46","02","13","V","1PAI-P","λαλοῦμεν","λαλοῦμεν","λαλοῦμεν","λαλέω"
"46","02","13","D","","οὐκ","οὐκ","οὐ","οὐ"
"46","02","13","P","","ἐν","ἐν","ἐν","ἐν"
"46","02","13","A","DPM","διδακτοῖς","διδακτοῖς","διδακτοῖς","διδακτός"
"46","02","13","A","GSF","ἀνθρωπίνης","ἀνθρωπίνης","ἀνθρωπίνης","ἀνθρώπινος"
"46","02","13","N","GSF","σοφίας","σοφίας","σοφίας","σοφία"
"46","02","13","N","DPM","λόγοις,","λόγοις","λόγοις","λόγος"
"46","02","13","C","","ἀλλ’","ἀλλ’","ἀλλά","ἀλλά"
"46","02","13","P","","ἐν","ἐν","ἐν","ἐν"
"46","02","13","A","DPM","διδακτοῖς","διδακτοῖς","διδακτοῖς","διδακτός"
"46","02","13","N","GSN","⸀πνεύματος,","πνεύματος","πνεύματος","πνεῦμα"
"46","02","13","A","DPN","πνευματικοῖς","πνευματικοῖς","πνευματικοῖς","πνευματικός"
"46","02","13","A","APN","πνευματικὰ","πνευματικὰ","πνευματικά","πνευματικός"
"46","02","13","V","PAPNPM","συγκρίνοντες.","συγκρίνοντες","συγκρίνοντες","συγκρίνω"
"46","02","14","A","NSM","Ψυχικὸς","Ψυχικὸς","ψυχικός","ψυχικός"
"46","02","14","C","","δὲ","δὲ","δέ","δέ"
"46","02","14","N","NSM","ἄνθρωπος","ἄνθρωπος","ἄνθρωπος","ἄνθρωπος"
"46","02","14","D","","οὐ","οὐ","οὐ","οὐ"
"46","02","14","V","3PMI-S","δέχεται","δέχεται","δέχεται","δέχομαι"
"46","02","14","RA","APN","τὰ","τὰ","τά","ὁ"
"46","02","14","RA","GSN","τοῦ","τοῦ","τοῦ","ὁ"
"46","02","14","N","GSN","πνεύματος","πνεύματος","πνεύματος","πνεῦμα"
"46","02","14","RA","GSM","τοῦ","τοῦ","τοῦ","ὁ"
"46","02","14","N","GSM","θεοῦ,","θεοῦ","θεοῦ","θεός"
"46","02","14","N","NSF","μωρία","μωρία","μωρία","μωρία"
"46","02","14","C","","γὰρ","γὰρ","γάρ","γάρ"
"46","02","14","RP","DSM","αὐτῷ","αὐτῷ","αὐτῷ","αὐτός"
"46","02","14","V","3PAI-S","ἐστίν,","ἐστίν","ἐστί(ν)","εἰμί"
"46","02","14","C","","καὶ","καὶ","καί","καί"
"46","02","14","D","","οὐ","οὐ","οὐ","οὐ"
"46","02","14","V","3PMI-S","δύναται","δύναται","δύναται","δύναμαι"
"46","02","14","V","AAN","γνῶναι,","γνῶναι","γνῶναι","γινώσκω"
"46","02","14","C","","ὅτι","ὅτι","ὅτι","ὅτι"
"46","02","14","D","","πνευματικῶς","πνευματικῶς","πνευματικῶς","πνευματικῶς"
"46","02","14","V","3PPI-S","ἀνακρίνεται·","ἀνακρίνεται","ἀνακρίνεται","ἀνακρίνω"
"46","02","15","RA","NSM","ὁ","ὁ","ὁ","ὁ"
"46","02","15","C","","δὲ","δὲ","δέ","δέ"
"46","02","15","A","NSM","πνευματικὸς","πνευματικὸς","πνευματικός","πνευματικός"
"46","02","15","V","3PAI-S","ἀνακρίνει","ἀνακρίνει","ἀνακρίνει","ἀνακρίνω"
"46","02","15","RA","APN","⸀τὰ","τὰ","τά","ὁ"
"46","02","15","A","APN","πάντα,","πάντα","πάντα","πᾶς"
"46","02","15","RP","NSM","αὐτὸς","αὐτὸς","αὐτός","αὐτός"
"46","02","15","C","","δὲ","δὲ","δέ","δέ"
"46","02","15","P","","ὑπ’","ὑπ’","ὑπό","ὑπό"
"46","02","15","A","GSM","οὐδενὸς","οὐδενὸς","οὐδενός","οὐδείς"
"46","02","15","V","3PPI-S","ἀνακρίνεται.","ἀνακρίνεται","ἀνακρίνεται","ἀνακρίνω"
"46","02","16","RI","NSM","τίς","τίς","τίς","τίς"
"46","02","16","C","","γὰρ","γὰρ","γάρ","γάρ"
"46","02","16","V","3AAI-S","ἔγνω","ἔγνω","ἔγνω","γινώσκω"
"46","02","16","N","ASM","νοῦν","νοῦν","νοῦν","νοῦς"
"46","02","16","N","GSM","κυρίου,","κυρίου","κυρίου","κύριος"
"46","02","16","RR","NSM","ὃς","ὃς","ὅς","ὅς"
"46","02","16","V","3FAI-S","συμβιβάσει","συμβιβάσει","συμβιβάσει","συμβιβάζω"
"46","02","16","RP","ASM","αὐτόν;","αὐτόν","αὐτόν","αὐτός"
"46","02","16","RP","NP","ἡμεῖς","ἡμεῖς","ἡμεῖς","ἐγώ"
"46","02","16","C","","δὲ","δὲ","δέ","δέ"
"46","02","16","N","ASM","νοῦν","νοῦν","νοῦν","νοῦς"
"46","02","16","N","GSM","Χριστοῦ","Χριστοῦ","Χριστοῦ","Χριστός"
"46","02","16","V","1PAI-P","ἔχομεν.","ἔχομεν","ἔχομεν","ἔχω"
"46","03","01","RP","NS","Κἀγώ,","Κἀγώ","κἀγώ","κἀγώ"
"46","03","01","N","VPM","ἀδελφοί,","ἀδελφοί","ἀδελφοί","ἀδελφός"
"46","03","01","D","","οὐκ","οὐκ","οὐ","οὐ"
"46","03","01","V","1API-S","ἠδυνήθην","ἠδυνήθην","ἠδυνήθην","δύναμαι"
"46","03","01","V","AAN","⸂λαλῆσαι","λαλῆσαι","λαλῆσαι","λαλέω"
"46","03","01","RP","DP","ὑμῖν⸃","ὑμῖν","ὑμῖν","σύ"
"46","03","01","C","","ὡς","ὡς","ὡς","ὡς"
"46","03","01","A","DPM","πνευματικοῖς","πνευματικοῖς","πνευματικοῖς","πνευματικός"
"46","03","01","C","","ἀλλ’","ἀλλ’","ἀλλά","ἀλλά"
"46","03","01","C","","ὡς","ὡς","ὡς","ὡς"
"46","03","01","A","DPM","⸀σαρκίνοις,","σαρκίνοις","σαρκίνοις","σάρκινος"
"46","03","01","C","","ὡς","ὡς","ὡς","ὡς"
"46","03","01","A","DPM","νηπίοις","νηπίοις","νηπίοις","νήπιος"
"46","03","01","P","","ἐν","ἐν","ἐν","ἐν"
"46","03","01","N","DSM","Χριστῷ.","Χριστῷ","Χριστῷ","Χριστός"
"46","03","02","N","ASN","γάλα","γάλα","γάλα","γάλα"
"46","03","02","RP","AP","ὑμᾶς","ὑμᾶς","ὑμᾶς","σύ"
"46","03","02","V","1AAI-S","ἐπότισα,","ἐπότισα","ἐπότισα","ποτίζω"
"46","03","02","D","","⸀οὐ","οὐ","οὐ","οὐ"
"46","03","02","N","ASN","βρῶμα,","βρῶμα","βρῶμα","βρῶμα"
"46","03","02","D","","οὔπω","οὔπω","οὔπω","οὔπω"
"46","03","02","C","","γὰρ","γὰρ","γάρ","γάρ"
"46","03","02","V","2IMI-P","ἐδύνασθε.","ἐδύνασθε","ἐδύνασθε","δύναμαι"
"46","03","02","C","","ἀλλ’","ἀλλ’","ἀλλά","ἀλλά"
"46","03","02","D","","⸀οὐδὲ","οὐδὲ","οὐδέ","οὐδέ"
"46","03","02","D","","ἔτι","ἔτι","ἔτι","ἔτι"
"46","03","02","D","","νῦν","νῦν","νῦν","νῦν"
"46","03","02","V","2PMI-P","δύνασθε,","δύνασθε","δύνασθε","δύναμαι"
"46","03","03","D","","ἔτι","ἔτι","ἔτι","ἔτι"
"46","03","03","C","","γὰρ","γὰρ","γάρ","γάρ"
"46","03","03","A","NPM","σαρκικοί","σαρκικοί","σαρκικοί","σαρκικός"
"46","03","03","V","2PAI-P","ἐστε.","ἐστε","ἐστέ","εἰμί"
"46","03","03","C","","ὅπου","ὅπου","ὅπου","ὅπου"
"46","03","03","C","","γὰρ","γὰρ","γάρ","γάρ"
"46","03","03","P","","ἐν","ἐν","ἐν","ἐν"
"46","03","03","RP","DP","ὑμῖν","ὑμῖν","ὑμῖν","σύ"
"46","03","03","N","NSM","ζῆλος","ζῆλος","ζῆλος","ζῆλος"
"46","03","03","C","","καὶ","καὶ","καί","καί"
"46","03","03","N","NSF","⸀ἔρις,","ἔρις","ἔρις","ἔρις"
"46","03","03","X","","οὐχὶ","οὐχὶ","οὐχί","οὐχί"
"46","03","03","A","NPM","σαρκικοί","σαρκικοί","σαρκικοί","σαρκικός"
"46","03","03","V","2PAI-P","ἐστε","ἐστε","ἐστέ","εἰμί"
"46","03","03","C","","καὶ","καὶ","καί","καί"
"46","03","03","P","","κατὰ","κατὰ","κατά","κατά"
"46","03","03","N","ASM","ἄνθρωπον","ἄνθρωπον","ἄνθρωπον","ἄνθρωπος"
"46","03","03","V","2PAI-P","περιπατεῖτε;","περιπατεῖτε","περιπατεῖτε","περιπατέω"
"46","03","04","C","","ὅταν","ὅταν","ὅταν","ὅταν"
"46","03","04","C","","γὰρ","γὰρ","γάρ","γάρ"
"46","03","04","V","3PAS-S","λέγῃ","λέγῃ","λέγῃ","λέγω"
"46","03","04","RI","NSM","τις·","τις","τὶς","τις"
"46","03","04","RP","NS","Ἐγὼ","Ἐγὼ","ἐγώ","ἐγώ"
"46","03","04","C","","μέν","μέν","μέν","μέν"
"46","03","04","V","1PAI-S","εἰμι","εἰμι","εἰμί","εἰμί"
"46","03","04","N","GSM","Παύλου,","Παύλου","Παύλου","Παῦλος"
"46","03","04","A","NSM","ἕτερος","ἕτερος","ἕτερος","ἕτερος"
"46","03","04","C","","δέ·","δέ","δέ","δέ"
"46","03","04","RP","NS","Ἐγὼ","Ἐγὼ","ἐγώ","ἐγώ"
"46","03","04","N","GSM","Ἀπολλῶ,","Ἀπολλῶ","Ἀπολλῶ","Ἀπολλῶς"
"46","03","04","X","","⸂οὐκ","οὐκ","οὐ","οὐ"
"46","03","04","N","NPM","ἄνθρωποί⸃","ἄνθρωποί","ἄνθρωποι","ἄνθρωπος"
"46","03","04","V","2PAI-P","ἐστε;","ἐστε","ἐστέ","εἰμί"
"46","03","05","RI","NSN","⸀Τί","Τί","τί","τίς"
"46","03","05","C","","οὖν","οὖν","οὖν","οὖν"
"46","03","05","V","3PAI-S","ἐστιν","ἐστιν","ἐστί(ν)","εἰμί"
"46","03","05","N","NSM","⸂Ἀπολλῶς;","Ἀπολλῶς","Ἀπολλῶς","Ἀπολλῶς"
"46","03","05","RI","NSN","τί","τί","τί","τίς"
"46","03","05","C","","δέ","δέ","δέ","δέ"
"46","03","05","V","3PAI-S","ἐστιν","ἐστιν","ἐστί(ν)","εἰμί"
"46","03","05","N","NSM","Παῦλος⸃;","Παῦλος","Παῦλος","Παῦλος"
"46","03","05","N","NPM","⸀διάκονοι","διάκονοι","διάκονοι","διάκονος"
"46","03","05","P","","δι’","δι’","διά","διά"
"46","03","05","RR","GPM","ὧν","ὧν","ὧν","ὅς"
"46","03","05","V","2AAI-P","ἐπιστεύσατε,","ἐπιστεύσατε","ἐπιστεύσατε","πιστεύω"
"46","03","05","D","","καὶ","καὶ","καί","καί"
"46","03","05","A","DSM","ἑκάστῳ","ἑκάστῳ","ἑκάστῳ","ἕκαστος"
"46","03","05","C","","ὡς","ὡς","ὡς","ὡς"
"46","03","05","RA","NSM","ὁ","ὁ","ὁ","ὁ"
"46","03","05","N","NSM","κύριος","κύριος","κύριος","κύριος"
"46","03","05","V","3AAI-S","ἔδωκεν.","ἔδωκεν","ἔδωκε(ν)","δίδωμι"
"46","03","06","RP","NS","ἐγὼ","ἐγὼ","ἐγώ","ἐγώ"
"46","03","06","V","1AAI-S","ἐφύτευσα,","ἐφύτευσα","ἐφύτευσα","φυτεύω"
"46","03","06","N","NSM","Ἀπολλῶς","Ἀπολλῶς","Ἀπολλῶς","Ἀπολλῶς"
"46","03","06","V","3AAI-S","ἐπότισεν,","ἐπότισεν","ἐπότισε(ν)","ποτίζω"
"46","03","06","C","","ἀλλὰ","ἀλλὰ","ἀλλά","ἀλλά"
"46","03","06","RA","NSM","ὁ","ὁ","ὁ","ὁ"
"46","03","06","N","NSM","θεὸς","θεὸς","θεός","θεός"
"46","03","06","V","3IAI-S","ηὔξανεν·","ηὔξανεν","ηὔξανε(ν)","αὐξάνω"
"46","03","07","C","","ὥστε","ὥστε","ὥστε","ὥστε"
"46","03","07","C","","οὔτε","οὔτε","οὔτε","οὔτε"
"46","03","07","RA","NSM","ὁ","ὁ","ὁ","ὁ"
"46","03","07","V","PAPNSM","φυτεύων","φυτεύων","φυτεύων","φυτεύω"
"46","03","07","V","3PAI-S","ἐστίν","ἐστίν","ἐστί(ν)","εἰμί"
"46","03","07","RI","NSN","τι","τι","τὶ","τις"
"46","03","07","C","","οὔτε","οὔτε","οὔτε","οὔτε"
"46","03","07","RA","NSM","ὁ","ὁ","ὁ","ὁ"
"46","03","07","V","PAPNSM","ποτίζων,","ποτίζων","ποτίζων","ποτίζω"
"46","03","07","C","","ἀλλ’","ἀλλ’","ἀλλά","ἀλλά"
"46","03","07","RA","NSM","ὁ","ὁ","ὁ","ὁ"
"46","03","07","V","PAPNSM","αὐξάνων","αὐξάνων","αὐξάνων","αὐξάνω"
"46","03","07","N","NSM","θεός.","θεός","θεός","θεός"
"46","03","08","RA","NSM","ὁ","ὁ","ὁ","ὁ"
"46","03","08","V","PAPNSM","φυτεύων","φυτεύων","φυτεύων","φυτεύω"
"46","03","08","C","","δὲ","δὲ","δέ","δέ"
"46","03","08","C","","καὶ","καὶ","καί","καί"
"46","03","08","RA","NSM","ὁ","ὁ","ὁ","ὁ"
"46","03","08","V","PAPNSM","ποτίζων","ποτίζων","ποτίζων","ποτίζω"
"46","03","08","A","NSN","ἕν","ἕν","ἕν","εἷς"
"46","03","08","V","3PAI-P","εἰσιν,","εἰσιν","εἰσί(ν)","εἰμί"
"46","03","08","A","NSM","ἕκαστος","ἕκαστος","ἕκαστος","ἕκαστος"
"46","03","08","C","","δὲ","δὲ","δέ","δέ"
"46","03","08","RA","ASM","τὸν","τὸν","τόν","ὁ"
"46","03","08","A","ASM","ἴδιον","ἴδιον","ἴδιον","ἴδιος"
"46","03","08","N","ASM","μισθὸν","μισθὸν","μισθόν","μισθός"
"46","03","08","V","3FMI-S","λήμψεται","λήμψεται","λήμψεται","λαμβάνω"
"46","03","08","P","","κατὰ","κατὰ","κατά","κατά"
"46","03","08","RA","ASM","τὸν","τὸν","τόν","ὁ"
"46","03","08","A","ASM","ἴδιον","ἴδιον","ἴδιον","ἴδιος"
"46","03","08","N","ASM","κόπον,","κόπον","κόπον","κόπος"
"46","03","09","N","GSM","θεοῦ","θεοῦ","θεοῦ","θεός"
"46","03","09","C","","γάρ","γάρ","γάρ","γάρ"
"46","03","09","V","1PAI-P","ἐσμεν","ἐσμεν","ἐσμέν","εἰμί"
"46","03","09","A","NPM","συνεργοί·","συνεργοί","συνεργοί","συνεργός"
"46","03","09","N","GSM","θεοῦ","θεοῦ","θεοῦ","θεός"
"46","03","09","N","NSN","γεώργιον,","γεώργιον","γεώργιον","γεώργιον"
"46","03","09","N","GSM","θεοῦ","θεοῦ","θεοῦ","θεός"
"46","03","09","N","NSF","οἰκοδομή","οἰκοδομή","οἰκοδομή","οἰκοδομή"
"46","03","09","V","2PAI-P","ἐστε.","ἐστε","ἐστέ","εἰμί"
"46","03","10","P","","Κατὰ","Κατὰ","κατά","κατά"
"46","03","10","RA","ASF","τὴν","τὴν","τήν","ὁ"
"46","03","10","N","ASF","χάριν","χάριν","χάριν","χάρις"
"46","03","10","RA","GSM","τοῦ","τοῦ","τοῦ","ὁ"
"46","03","10","N","GSM","θεοῦ","θεοῦ","θεοῦ","θεός"
"46","03","10","RA","ASF","τὴν","τὴν","τήν","ὁ"
"46","03","10","V","APPASF","δοθεῖσάν","δοθεῖσάν","δοθεῖσαν","δίδωμι"
"46","03","10","RP","DS","μοι","μοι","μοι","ἐγώ"
"46","03","10","C","","ὡς","ὡς","ὡς","ὡς"
"46","03","10","A","NSM","σοφὸς","σοφὸς","σοφός","σοφός"
"46","03","10","N","NSM","ἀρχιτέκτων","ἀρχιτέκτων","ἀρχιτέκτων","ἀρχιτέκτων"
"46","03","10","N","ASM","θεμέλιον","θεμέλιον","θεμέλιον","θεμέλιος"
"46","03","10","V","1AAI-S","⸀ἔθηκα,","ἔθηκα","ἔθηκα","τίθημι"
"46","03","10","A","NSM","ἄλλος","ἄλλος","ἄλλος","ἄλλος"
"46","03","10","C","","δὲ","δὲ","δέ","δέ"
"46","03","10","V","3PAI-S","ἐποικοδομεῖ.","ἐποικοδομεῖ","ἐποικοδομεῖ","ἐποικοδομέω"
"46","03","10","A","NSM","ἕκαστος","ἕκαστος","ἕκαστος","ἕκαστος"
"46","03","10","C","","δὲ","δὲ","δέ","δέ"
"46","03","10","V","3PAD-S","βλεπέτω","βλεπέτω","βλεπέτω","βλέπω"
"46","03","10","D","","πῶς","πῶς","πῶς","πῶς"
"46","03","10","V","3PAI-S","ἐποικοδομεῖ·","ἐποικοδομεῖ","ἐποικοδομεῖ","ἐποικοδομέω"
"46","03","11","N","ASM","θεμέλιον","θεμέλιον","θεμέλιον","θεμέλιος"
"46","03","11","C","","γὰρ","γὰρ","γάρ","γάρ"
"46","03","11","A","ASM","ἄλλον","ἄλλον","ἄλλον","ἄλλος"
"46","03","11","A","NSM","οὐδεὶς","οὐδεὶς","οὐδείς","οὐδείς"
"46","03","11","V","3PMI-S","δύναται","δύναται","δύναται","δύναμαι"
"46","03","11","V","AAN","θεῖναι","θεῖναι","θεῖναι","τίθημι"
"46","03","11","P","","παρὰ","παρὰ","παρά","παρά"
"46","03","11","RA","ASM","τὸν","τὸν","τόν","ὁ"
"46","03","11","V","PMPASM","κείμενον,","κείμενον","κείμενον","κεῖμαι"
"46","03","11","RR","NSM","ὅς","ὅς","ὅς","ὅς"
"46","03","11","V","3PAI-S","ἐστιν","ἐστιν","ἐστί(ν)","εἰμί"
"46","03","11","N","NSM","Ἰησοῦς","Ἰησοῦς","Ἰησοῦς","Ἰησοῦς"
"46","03","11","N","NSM","Χριστός·","Χριστός","Χριστός","Χριστός"
"46","03","12","C","","εἰ","εἰ","εἰ","εἰ"
"46","03","12","C","","δέ","δέ","δέ","δέ"
"46","03","12","RI","NSM","τις","τις","τὶς","τις"
"46","03","12","V","3PAI-S","ἐποικοδομεῖ","ἐποικοδομεῖ","ἐποικοδομεῖ","ἐποικοδομέω"
"46","03","12","P","","ἐπὶ","ἐπὶ","ἐπί","ἐπί"
"46","03","12","RA","ASM","τὸν","τὸν","τόν","ὁ"
"46","03","12","N","ASM","⸀θεμέλιον","θεμέλιον","θεμέλιον","θεμέλιος"
"46","03","12","N","ASM","⸂χρυσόν,","χρυσόν","χρυσόν","χρυσός"
"46","03","12","N","ASM","ἄργυρον⸃,","ἄργυρον","ἄργυρον","ἄργυρος"
"46","03","12","N","APM","λίθους","λίθους","λίθους","λίθος"
"46","03","12","A","APM","τιμίους,","τιμίους","τιμίους","τίμιος"
"46","03","12","N","APN","ξύλα,","ξύλα","ξύλα","ξύλον"
"46","03","12","N","ASM","χόρτον,","χόρτον","χόρτον","χόρτος"
"46","03","12","N","ASF","καλάμην,","καλάμην","καλάμην","καλάμη"
"46","03","13","A","GSM","ἑκάστου","ἑκάστου","ἑκάστου","ἕκαστος"
"46","03","13","RA","NSN","τὸ","τὸ","τό","ὁ"
"46","03","13","N","NSN","ἔργον","ἔργον","ἔργον","ἔργον"
"46","03","13","A","NSN","φανερὸν","φανερὸν","φανερόν","φανερός"
"46","03","13","V","3FMI-S","γενήσεται,","γενήσεται","γενήσεται","γίνομαι"
"46","03","13","RA","NSF","ἡ","ἡ","ἡ","ὁ"
"46","03","13","C","","γὰρ","γὰρ","γάρ","γάρ"
"46","03","13","N","NSF","ἡμέρα","ἡμέρα","ἡμέρα","ἡμέρα"
"46","03","13","V","3FAI-S","δηλώσει·","δηλώσει","δηλώσει","δηλόω"
"46","03","13","C","","ὅτι","ὅτι","ὅτι","ὅτι"
"46","03","13","P","","ἐν","ἐν","ἐν","ἐν"
"46","03","13","N","DSN","πυρὶ","πυρὶ","πυρί","πῦρ"
"46","03","13","V","3PPI-S","ἀποκαλύπτεται,","ἀποκαλύπτεται","ἀποκαλύπτεται","ἀποκαλύπτω"
"46","03","13","C","","καὶ","καὶ","καί","καί"
"46","03","13","A","GSM","ἑκάστου","ἑκάστου","ἑκάστου","ἕκαστος"
"46","03","13","RA","ASN","τὸ","τὸ","τό","ὁ"
"46","03","13","N","ASN","ἔργον","ἔργον","ἔργον","ἔργον"
"46","03","13","RI","NSN","ὁποῖόν","ὁποῖόν","ὁποῖον","ὁποῖος"
"46","03","13","V","3PAI-S","ἐστιν","ἐστιν","ἐστί(ν)","εἰμί"
"46","03","13","RA","NSN","τὸ","τὸ","τό","ὁ"
"46","03","13","N","NSN","πῦρ","πῦρ","πῦρ","πῦρ"
"46","03","13","RP","NSN","⸀αὐτὸ","αὐτὸ","αὐτό","αὐτός"
"46","03","13","V","3FAI-S","δοκιμάσει.","δοκιμάσει","δοκιμάσει","δοκιμάζω"
"46","03","14","C","","εἴ","εἴ","εἰ","εἰ"
"46","03","14","RI","GSM","τινος","τινος","τινός","τις"
"46","03","14","RA","NSN","τὸ","τὸ","τό","ὁ"
"46","03","14","N","NSN","ἔργον","ἔργον","ἔργον","ἔργον"
"46","03","14","V","3FAI-S","μενεῖ","μενεῖ","μενεῖ","μένω"
"46","03","14","RR","ASN","ὃ","ὃ","ὅ","ὅς"
"46","03","14","V","3AAI-S","ἐποικοδόμησεν,","ἐποικοδόμησεν","ἐποικοδόμησε(ν)","ἐποικοδομέω"
"46","03","14","N","ASM","μισθὸν","μισθὸν","μισθόν","μισθός"
"46","03","14","V","3FMI-S","λήμψεται·","λήμψεται","λήμψεται","λαμβάνω"
"46","03","15","C","","εἴ","εἴ","εἰ","εἰ"
"46","03","15","RI","GSM","τινος","τινος","τινός","τις"
"46","03","15","RA","NSN","τὸ","τὸ","τό","ὁ"
"46","03","15","N","NSN","ἔργον","ἔργον","ἔργον","ἔργον"
"46","03","15","V","3FPI-S","κατακαήσεται,","κατακαήσεται","κατακαήσεται","κατακαίω"
"46","03","15","V","3FPI-S","ζημιωθήσεται,","ζημιωθήσεται","ζημιωθήσεται","ζημιόω"
"46","03","15","RP","NSM","αὐτὸς","αὐτὸς","αὐτός","αὐτός"
"46","03","15","C","","δὲ","δὲ","δέ","δέ"
"46","03","15","V","3FPI-S","σωθήσεται,","σωθήσεται","σωθήσεται","σῴζω"
"46","03","15","D","","οὕτως","οὕτως","οὕτω(ς)","οὕτω(ς)"
"46","03","15","C","","δὲ","δὲ","δέ","δέ"
"46","03","15","C","","ὡς","ὡς","ὡς","ὡς"
"46","03","15","P","","διὰ","διὰ","διά","διά"
"46","03","15","N","GSN","πυρός.","πυρός","πυρός","πῦρ"
"46","03","16","D","","Οὐκ","Οὐκ","οὐ","οὐ"
"46","03","16","V","2XAI-P","οἴδατε","οἴδατε","οἴδατε","οἶδα"
"46","03","16","C","","ὅτι","ὅτι","ὅτι","ὅτι"
"46","03","16","N","NSM","ναὸς","ναὸς","ναός","ναός"
"46","03","16","N","GSM","θεοῦ","θεοῦ","θεοῦ","θεός"
"46","03","16","V","2PAI-P","ἐστε","ἐστε","ἐστέ","εἰμί"
"46","03","16","C","","καὶ","καὶ","καί","καί"
"46","03","16","RA","NSN","τὸ","τὸ","τό","ὁ"
"46","03","16","N","NSN","πνεῦμα","πνεῦμα","πνεῦμα","πνεῦμα"
"46","03","16","RA","GSM","τοῦ","τοῦ","τοῦ","ὁ"
"46","03","16","N","GSM","θεοῦ","θεοῦ","θεοῦ","θεός"
"46","03","16","V","3PAI-S","⸂οἰκεῖ","οἰκεῖ","οἰκεῖ","οἰκέω"
"46","03","16","P","","ἐν","ἐν","ἐν","ἐν"
"46","03","16","RP","DP","ὑμῖν⸃;","ὑμῖν","ὑμῖν","σύ"
"46","03","17","C","","εἴ","εἴ","εἰ","εἰ"
"46","03","17","RI","NSM","τις","τις","τὶς","τις"
"46","03","17","RA","ASM","τὸν","τὸν","τόν","ὁ"
"46","03","17","N","ASM","ναὸν","ναὸν","ναόν","ναός"
"46","03","17","RA","GSM","τοῦ","τοῦ","τοῦ","ὁ"
"46","03","17","N","GSM","θεοῦ","θεοῦ","θεοῦ","θεός"
"46","03","17","V","3PAI-S","φθείρει,","φθείρει","φθείρει","φθείρω"
"46","03","17","V","3FAI-S","φθερεῖ","φθερεῖ","φθερεῖ","φθείρω"
"46","03","17","RD","ASM","τοῦτον","τοῦτον","τοῦτον","οὗτος"
"46","03","17","RA","NSM","ὁ","ὁ","ὁ","ὁ"
"46","03","17","N","NSM","θεός·","θεός","θεός","θεός"
"46","03","17","RA","NSM","ὁ","ὁ","ὁ","ὁ"
"46","03","17","C","","γὰρ","γὰρ","γάρ","γάρ"
"46","03","17","N","NSM","ναὸς","ναὸς","ναός","ναός"
"46","03","17","RA","GSM","τοῦ","τοῦ","τοῦ","ὁ"
"46","03","17","N","GSM","θεοῦ","θεοῦ","θεοῦ","θεός"
"46","03","17","A","NSM","ἅγιός","ἅγιός","ἅγιος","ἅγιος"
"46","03","17","V","3PAI-S","ἐστιν,","ἐστιν","ἐστί(ν)","εἰμί"
"46","03","17","RR","NPM","οἵτινές","οἵτινές","οἵτινες","ὅστις"
"46","03","17","V","2PAI-P","ἐστε","ἐστε","ἐστέ","εἰμί"
"46","03","17","RP","NP","ὑμεῖς.","ὑμεῖς","ὑμεῖς","σύ"
"46","03","18","A","NSM","Μηδεὶς","Μηδεὶς","μηδείς","μηδείς"
"46","03","18","RP","ASM","ἑαυτὸν","ἑαυτὸν","ἑαυτόν","ἑαυτοῦ"
"46","03","18","V","3PAD-S","ἐξαπατάτω·","ἐξαπατάτω","ἐξαπατάτω","ἐξαπατάω"
"46","03","18","C","","εἴ","εἴ","εἰ","εἰ"
"46","03","18","RI","NSM","τις","τις","τὶς","τις"
"46","03","18","V","3PAI-S","δοκεῖ","δοκεῖ","δοκεῖ","δοκέω"
"46","03","18","A","NSM","σοφὸς","σοφὸς","σοφός","σοφός"
"46","03","18","V","PAN","εἶναι","εἶναι","εἶναι","εἰμί"
"46","03","18","P","","ἐν","ἐν","ἐν","ἐν"
"46","03","18","RP","DP","ὑμῖν","ὑμῖν","ὑμῖν","σύ"
"46","03","18","P","","ἐν","ἐν","ἐν","ἐν"
"46","03","18","RA","DSM","τῷ","τῷ","τῷ","ὁ"
"46","03","18","N","DSM","αἰῶνι","αἰῶνι","αἰῶνι","αἰών"
"46","03","18","RD","DSM","τούτῳ,","τούτῳ","τούτῳ","οὗτος"
"46","03","18","A","NSM","μωρὸς","μωρὸς","μωρός","μωρός"
"46","03","18","V","3AMD-S","γενέσθω,","γενέσθω","γενέσθω","γίνομαι"
"46","03","18","C","","ἵνα","ἵνα","ἵνα","ἵνα"
"46","03","18","V","3AMS-S","γένηται","γένηται","γένηται","γίνομαι"
"46","03","18","A","NSM","σοφός,","σοφός","σοφός","σοφός"
"46","03","19","RA","NSF","ἡ","ἡ","ἡ","ὁ"
"46","03","19","C","","γὰρ","γὰρ","γάρ","γάρ"
"46","03","19","N","NSF","σοφία","σοφία","σοφία","σοφία"
"46","03","19","RA","GSM","τοῦ","τοῦ","τοῦ","ὁ"
"46","03","19","N","GSM","κόσμου","κόσμου","κόσμου","κόσμος"
"46","03","19","RD","GSM","τούτου","τούτου","τούτου","οὗτος"
"46","03","19","N","NSF","μωρία","μωρία","μωρία","μωρία"
"46","03","19","P","","παρὰ","παρὰ","παρά","παρά"
"46","03","19","RA","DSM","τῷ","τῷ","τῷ","ὁ"
"46","03","19","N","DSM","θεῷ","θεῷ","θεῷ","θεός"
"46","03","19","V","3PAI-S","ἐστιν·","ἐστιν","ἐστί(ν)","εἰμί"
"46","03","19","V","3XPI-S","γέγραπται","γέγραπται","γέγραπται","γράφω"
"46","03","19","C","","γάρ·","γάρ","γάρ","γάρ"
"46","03","19","RA","NSM","Ὁ","Ὁ","ὁ","ὁ"
"46","03","19","V","PMPNSM","δρασσόμενος","δρασσόμενος","δρασσόμενος","δράσσομαι"
"46","03","19","RA","APM","τοὺς","τοὺς","τούς","ὁ"
"46","03","19","A","APM","σοφοὺς","σοφοὺς","σοφούς","σοφός"
"46","03","19","P","","ἐν","ἐν","ἐν","ἐν"
"46","03","19","RA","DSF","τῇ","τῇ","τῇ","ὁ"
"46","03","19","N","DSF","πανουργίᾳ","πανουργίᾳ","πανουργίᾳ","πανουργία"
"46","03","19","RP","GPM","αὐτῶν·","αὐτῶν","αὐτῶν","αὐτός"
"46","03","20","C","","καὶ","καὶ","καί","καί"
"46","03","20","D","","πάλιν·","πάλιν","πάλιν","πάλιν"
"46","03","20","N","NSM","Κύριος","Κύριος","κύριος","κύριος"
"46","03","20","V","3PAI-S","γινώσκει","γινώσκει","γινώσκει","γινώσκω"
"46","03","20","RA","APM","τοὺς","τοὺς","τούς","ὁ"
"46","03","20","N","APM","διαλογισμοὺς","διαλογισμοὺς","διαλογισμούς","διαλογισμός"
"46","03","20","RA","GPM","τῶν","τῶν","τῶν","ὁ"
"46","03","20","A","GPM","σοφῶν","σοφῶν","σοφῶν","σοφός"
"46","03","20","C","","ὅτι","ὅτι","ὅτι","ὅτι"
"46","03","20","V","3PAI-P","εἰσὶν","εἰσὶν","εἰσί(ν)","εἰμί"
"46","03","20","A","NPM","μάταιοι.","μάταιοι","μάταιοι","μάταιος"
"46","03","21","C","","ὥστε","ὥστε","ὥστε","ὥστε"
"46","03","21","A","NSM","μηδεὶς","μηδεὶς","μηδείς","μηδείς"
"46","03","21","V","3PMD-S","καυχάσθω","καυχάσθω","καυχάσθω","καυχάομαι"
"46","03","21","P","","ἐν","ἐν","ἐν","ἐν"
"46","03","21","N","DPM","ἀνθρώποις·","ἀνθρώποις","ἀνθρώποις","ἄνθρωπος"
"46","03","21","A","NPN","πάντα","πάντα","πάντα","πᾶς"
"46","03","21","C","","γὰρ","γὰρ","γάρ","γάρ"
"46","03","21","RP","GP","ὑμῶν","ὑμῶν","ὑμῶν","σύ"
"46","03","21","V","3PAI-S","ἐστιν,","ἐστιν","ἐστί(ν)","εἰμί"
"46","03","22","C","","εἴτε","εἴτε","εἴτε","εἴτε"
"46","03","22","N","NSM","Παῦλος","Παῦλος","Παῦλος","Παῦλος"
"46","03","22","C","","εἴτε","εἴτε","εἴτε","εἴτε"
"46","03","22","N","NSM","Ἀπολλῶς","Ἀπολλῶς","Ἀπολλῶς","Ἀπολλῶς"
"46","03","22","C","","εἴτε","εἴτε","εἴτε","εἴτε"
"46","03","22","N","NSM","Κηφᾶς","Κηφᾶς","Κηφᾶς","Κηφᾶς"
"46","03","22","C","","εἴτε","εἴτε","εἴτε","εἴτε"
"46","03","22","N","NSM","κόσμος","κόσμος","κόσμος","κόσμος"
"46","03","22","C","","εἴτε","εἴτε","εἴτε","εἴτε"
"46","03","22","N","NSF","ζωὴ","ζωὴ","ζωή","ζωή"
"46","03","22","C","","εἴτε","εἴτε","εἴτε","εἴτε"
"46","03","22","N","NSM","θάνατος","θάνατος","θάνατος","θάνατος"
"46","03","22","C","","εἴτε","εἴτε","εἴτε","εἴτε"
"46","03","22","V","XAPNPN","ἐνεστῶτα","ἐνεστῶτα","ἐνεστῶτα","ἐνίστημι"
"46","03","22","C","","εἴτε","εἴτε","εἴτε","εἴτε"
"46","03","22","V","PAPNPN","μέλλοντα,","μέλλοντα","μέλλοντα","μέλλω"
"46","03","22","A","NPN","πάντα","πάντα","πάντα","πᾶς"
"46","03","22","RP","GP","⸀ὑμῶν,","ὑμῶν","ὑμῶν","σύ"
"46","03","23","RP","NP","ὑμεῖς","ὑμεῖς","ὑμεῖς","σύ"
"46","03","23","C","","δὲ","δὲ","δέ","δέ"
"46","03","23","N","GSM","Χριστοῦ,","Χριστοῦ","Χριστοῦ","Χριστός"
"46","03","23","N","NSM","Χριστὸς","Χριστὸς","Χριστός","Χριστός"
"46","03","23","C","","δὲ","δὲ","δέ","δέ"
"46","03","23","N","GSM","θεοῦ.","θεοῦ","θεοῦ","θεός"
"46","04","01","D","","Οὕτως","Οὕτως","οὕτω(ς)","οὕτω(ς)"
"46","04","01","RP","AP","ἡμᾶς","ἡμᾶς","ἡμᾶς","ἐγώ"
"46","04","01","V","3PMD-S","λογιζέσθω","λογιζέσθω","λογιζέσθω","λογίζομαι"
"46","04","01","N","NSM","ἄνθρωπος","ἄνθρωπος","ἄνθρωπος","ἄνθρωπος"
"46","04","01","C","","ὡς","ὡς","ὡς","ὡς"
"46","04","01","N","APM","ὑπηρέτας","ὑπηρέτας","ὑπηρέτας","ὑπηρέτης"
"46","04","01","N","GSM","Χριστοῦ","Χριστοῦ","Χριστοῦ","Χριστός"
"46","04","01","C","","καὶ","καὶ","καί","καί"
"46","04","01","N","APM","οἰκονόμους","οἰκονόμους","οἰκονόμους","οἰκονόμος"
"46","04","01","N","GPN","μυστηρίων","μυστηρίων","μυστηρίων","μυστήριον"
"46","04","01","N","GSM","θεοῦ.","θεοῦ","θεοῦ","θεός"
"46","04","02","D","","⸀ὧδε","ὧδε","ὧδε","ὧδε"
"46","04","02","A","ASN","λοιπὸν","λοιπὸν","λοιπόν","λοιπός"
"46","04","02","V","3PPI-S","ζητεῖται","ζητεῖται","ζητεῖται","ζητέω"
"46","04","02","P","","ἐν","ἐν","ἐν","ἐν"
"46","04","02","RA","DPM","τοῖς","τοῖς","τοῖς","ὁ"
"46","04","02","N","DPM","οἰκονόμοις","οἰκονόμοις","οἰκονόμοις","οἰκονόμος"
"46","04","02","C","","ἵνα","ἵνα","ἵνα","ἵνα"
"46","04","02","A","NSM","πιστός","πιστός","πιστός","πιστός"
"46","04","02","RI","NSM","τις","τις","τὶς","τις"
"46","04","02","V","3APS-S","εὑρεθῇ.","εὑρεθῇ","εὑρεθῇ","εὑρίσκω"
"46","04","03","RP","DS","ἐμοὶ","ἐμοὶ","ἐμοί","ἐγώ"
"46","04","03","C","","δὲ","δὲ","δέ","δέ"
"46","04","03","P","","εἰς","εἰς","εἰς","εἰς"
"46","04","03","A","ASNS","ἐλάχιστόν","ἐλάχιστόν","ἐλάχιστον","ἐλάχιστος"
"46","04","03","V","3PAI-S","ἐστιν,","ἐστιν","ἐστί(ν)","εἰμί"
"46","04","03","C","","ἵνα","ἵνα","ἵνα","ἵνα"
"46","04","03","P","","ὑφ’","ὑφ’","ὑπό","ὑπό"
"46","04","03","RP","GP","ὑμῶν","ὑμῶν","ὑμῶν","σύ"
"46","04","03","V","1APS-S","ἀνακριθῶ","ἀνακριθῶ","ἀνακριθῶ","ἀνακρίνω"
"46","04","03","C","","ἢ","ἢ","ἤ","ἤ"
"46","04","03","P","","ὑπὸ","ὑπὸ","ὑπό","ὑπό"
"46","04","03","A","GSF","ἀνθρωπίνης","ἀνθρωπίνης","ἀνθρωπίνης","ἀνθρώπινος"
"46","04","03","N","GSF","ἡμέρας·","ἡμέρας","ἡμέρας","ἡμέρα"
"46","04","03","C","","ἀλλ’","ἀλλ’","ἀλλά","ἀλλά"
"46","04","03","D","","οὐδὲ","οὐδὲ","οὐδέ","οὐδέ"
"46","04","03","RP","ASM","ἐμαυτὸν","ἐμαυτὸν","ἐμαυτόν","ἐμαυτοῦ"
"46","04","03","V","1PAI-S","ἀνακρίνω·","ἀνακρίνω","ἀνακρίνω","ἀνακρίνω"
"46","04","04","A","ASN","οὐδὲν","οὐδὲν","οὐδέν","οὐδείς"
"46","04","04","C","","γὰρ","γὰρ","γάρ","γάρ"
"46","04","04","RP","DSM","ἐμαυτῷ","ἐμαυτῷ","ἐμαυτῷ","ἐμαυτοῦ"
"46","04","04","V","1XAI-S","σύνοιδα,","σύνοιδα","σύνοιδα","σύνοιδα"
"46","04","04","C","","ἀλλ’","ἀλλ’","ἀλλά","ἀλλά"
"46","04","04","D","","οὐκ","οὐκ","οὐ","οὐ"
"46","04","04","P","","ἐν","ἐν","ἐν","ἐν"
"46","04","04","RD","DSN","τούτῳ","τούτῳ","τούτῳ","οὗτος"
"46","04","04","V","1XPI-S","δεδικαίωμαι,","δεδικαίωμαι","δεδικαίωμαι","δικαιόω"
"46","04","04","RA","NSM","ὁ","ὁ","ὁ","ὁ"
"46","04","04","C","","δὲ","δὲ","δέ","δέ"
"46","04","04","V","PAPNSM","ἀνακρίνων","ἀνακρίνων","ἀνακρίνων","ἀνακρίνω"
"46","04","04","RP","AS","με","με","με","ἐγώ"
"46","04","04","N","NSM","κύριός","κύριός","κύριος","κύριος"
"46","04","04","V","3PAI-S","ἐστιν.","ἐστιν","ἐστί(ν)","εἰμί"
"46","04","05","C","","ὥστε","ὥστε","ὥστε","ὥστε"
"46","04","05","D","","μὴ","μὴ","μή","μή"
"46","04","05","P","","πρὸ","πρὸ","πρό","πρό"
"46","04","05","N","GSM","καιροῦ","καιροῦ","καιροῦ","καιρός"
"46","04","05","RI","ASN","τι","τι","τὶ","τις"
"46","04","05","V","2PAD-P","κρίνετε,","κρίνετε","κρίνετε","κρίνω"
"46","04","05","C","","ἕως","ἕως","ἕως","ἕως"
"46","04","05","X","","ἂν","ἂν","ἄν","ἄν"
"46","04","05","V","3AAS-S","ἔλθῃ","ἔλθῃ","ἔλθῃ","ἔρχομαι"
"46","04","05","RA","NSM","ὁ","ὁ","ὁ","ὁ"
"46","04","05","N","NSM","κύριος,","κύριος","κύριος","κύριος"
"46","04","05","RR","NSM","ὃς","ὃς","ὅς","ὅς"
"46","04","05","C","","καὶ","καὶ","καί","καί"
"46","04","05","V","3FAI-S","φωτίσει","φωτίσει","φωτίσει","φωτίζω"
"46","04","05","RA","APN","τὰ","τὰ","τά","ὁ"
"46","04","05","A","APN","κρυπτὰ","κρυπτὰ","κρυπτά","κρυπτός"
"46","04","05","RA","GSN","τοῦ","τοῦ","τοῦ","ὁ"
"46","04","05","N","GSN","σκότους","σκότους","σκότους","σκότος"
"46","04","05","C","","καὶ","καὶ","καί","καί"
"46","04","05","V","3FAI-S","φανερώσει","φανερώσει","φανερώσει","φανερόω"
"46","04","05","RA","APF","τὰς","τὰς","τάς","ὁ"
"46","04","05","N","APF","βουλὰς","βουλὰς","βουλάς","βουλή"
"46","04","05","RA","GPF","τῶν","τῶν","τῶν","ὁ"
"46","04","05","N","GPF","καρδιῶν,","καρδιῶν","καρδιῶν","καρδία"
"46","04","05","C","","καὶ","καὶ","καί","καί"
"46","04","05","D","","τότε","τότε","τότε","τότε"
"46","04","05","RA","NSM","ὁ","ὁ","ὁ","ὁ"
"46","04","05","N","NSM","ἔπαινος","ἔπαινος","ἔπαινος","ἔπαινος"
"46","04","05","V","3FMI-S","γενήσεται","γενήσεται","γενήσεται","γίνομαι"
"46","04","05","A","DSM","ἑκάστῳ","ἑκάστῳ","ἑκάστῳ","ἕκαστος"
"46","04","05","P","","ἀπὸ","ἀπὸ","ἀπό","ἀπό"
"46","04","05","RA","GSM","τοῦ","τοῦ","τοῦ","ὁ"
"46","04","05","N","GSM","θεοῦ.","θεοῦ","θεοῦ","θεός"
"46","04","06","RD","APN","Ταῦτα","Ταῦτα","ταῦτα","οὗτος"
"46","04","06","C","","δέ,","δέ","δέ","δέ"
"46","04","06","N","VPM","ἀδελφοί,","ἀδελφοί","ἀδελφοί","ἀδελφός"
"46","04","06","V","1AAI-S","μετεσχημάτισα","μετεσχημάτισα","μετεσχημάτισα","μετασχηματίζω"
"46","04","06","P","","εἰς","εἰς","εἰς","εἰς"
"46","04","06","RP","ASM","ἐμαυτὸν","ἐμαυτὸν","ἐμαυτόν","ἐμαυτοῦ"
"46","04","06","C","","καὶ","καὶ","καί","καί"
"46","04","06","N","ASM","⸀Ἀπολλῶν","Ἀπολλῶν","Ἀπολλῶν","Ἀπολλῶς"
"46","04","06","P","","δι’","δι’","διά","διά"
"46","04","06","RP","AP","ὑμᾶς,","ὑμᾶς","ὑμᾶς","σύ"
"46","04","06","C","","ἵνα","ἵνα","ἵνα","ἵνα"
"46","04","06","P","","ἐν","ἐν","ἐν","ἐν"
"46","04","06","RP","DP","ἡμῖν","ἡμῖν","ἡμῖν","ἐγώ"
"46","04","06","V","2AAS-P","μάθητε","μάθητε","μάθητε","μανθάνω"
"46","04","06","RA","ASN","τό·","τό","τό","ὁ"
"46","04","06","D","","Μὴ","Μὴ","μή","μή"
"46","04","06","P","","ὑπὲρ","ὑπὲρ","ὑπέρ","ὑπέρ"
"46","04","06","RR","APN","⸀ἃ","ἃ","ἅ","ὅς"
"46","04","06","V","3XPI-S","⸀γέγραπται,","γέγραπται","γέγραπται","γράφω"
"46","04","06","C","","ἵνα","ἵνα","ἵνα","ἵνα"
"46","04","06","D","","μὴ","μὴ","μή","μή"
"46","04","06","A","NSM","εἷς","εἷς","εἷς","εἷς"
"46","04","06","P","","ὑπὲρ","ὑπὲρ","ὑπέρ","ὑπέρ"
"46","04","06","RA","GSM","τοῦ","τοῦ","τοῦ","ὁ"
"46","04","06","A","GSM","ἑνὸς","ἑνὸς","ἑνός","εἷς"
"46","04","06","V","2PPI-P","φυσιοῦσθε","φυσιοῦσθε","φυσιοῦσθε","φυσιόω"
"46","04","06","P","","κατὰ","κατὰ","κατά","κατά"
"46","04","06","RA","GSM","τοῦ","τοῦ","τοῦ","ὁ"
"46","04","06","A","GSM","ἑτέρου.","ἑτέρου","ἑτέρου","ἕτερος"
"46","04","07","RI","NSM","τίς","τίς","τίς","τίς"
"46","04","07","C","","γάρ","γάρ","γάρ","γάρ"
"46","04","07","RP","AS","σε","σε","σε","σύ"
"46","04","07","V","3PAI-S","διακρίνει;","διακρίνει","διακρίνει","διακρίνω"
"46","04","07","RI","ASN","τί","τί","τί","τίς"
"46","04","07","C","","δὲ","δὲ","δέ","δέ"
"46","04","07","V","2PAI-S","ἔχεις","ἔχεις","ἔχεις","ἔχω"
"46","04","07","RR","ASN","ὃ","ὃ","ὅ","ὅς"
"46","04","07","D","","οὐκ","οὐκ","οὐ","οὐ"
"46","04","07","V","2AAI-S","ἔλαβες;","ἔλαβες","ἔλαβες","λαμβάνω"
"46","04","07","C","","εἰ","εἰ","εἰ","εἰ"
"46","04","07","C","","δὲ","δὲ","δέ","δέ"
"46","04","07","D","","καὶ","καὶ","καί","καί"
"46","04","07","V","2AAI-S","ἔλαβες,","ἔλαβες","ἔλαβες","λαμβάνω"
"46","04","07","RI","ASN","τί","τί","τί","τίς"
"46","04","07","V","2PMI-S","καυχᾶσαι","καυχᾶσαι","καυχᾶσαι","καυχάομαι"
"46","04","07","C","","ὡς","ὡς","ὡς","ὡς"
"46","04","07","D","","μὴ","μὴ","μή","μή"
"46","04","07","V","AAPNSM","λαβών;","λαβών","λαβών","λαμβάνω"
"46","04","08","D","","Ἤδη","Ἤδη","ἤδη","ἤδη"
"46","04","08","V","XPPNPM","κεκορεσμένοι","κεκορεσμένοι","κεκορεσμένοι","κορέννυμι"
"46","04","08","V","2PAI-P","ἐστέ,","ἐστέ","ἐστέ","εἰμί"
"46","04","08","D","","ἤδη","ἤδη","ἤδη","ἤδη"
"46","04","08","V","2AAI-P","ἐπλουτήσατε,","ἐπλουτήσατε","ἐπλουτήσατε","πλουτέω"
"46","04","08","P","","χωρὶς","χωρὶς","χωρίς","χωρίς"
"46","04","08","RP","GP","ἡμῶν","ἡμῶν","ἡμῶν","ἐγώ"
"46","04","08","V","2AAI-P","ἐβασιλεύσατε·","ἐβασιλεύσατε","ἐβασιλεύσατε","βασιλεύω"
"46","04","08","C","","καὶ","καὶ","καί","καί"
"46","04","08","X","","ὄφελόν","ὄφελόν","ὄφελον","ὄφελον"
"46","04","08","X","","γε","γε","γέ","γέ"
"46","04","08","V","2AAI-P","ἐβασιλεύσατε,","ἐβασιλεύσατε","ἐβασιλεύσατε","βασιλεύω"
"46","04","08","C","","ἵνα","ἵνα","ἵνα","ἵνα"
"46","04","08","D","","καὶ","καὶ","καί","καί"
"46","04","08","RP","NP","ἡμεῖς","ἡμεῖς","ἡμεῖς","ἐγώ"
"46","04","08","RP","DP","ὑμῖν","ὑμῖν","ὑμῖν","σύ"
"46","04","08","V","1AAS-P","συμβασιλεύσωμεν.","συμβασιλεύσωμεν","συμβασιλεύσωμεν","συμβασιλεύω"
"46","04","09","V","1PAI-S","δοκῶ","δοκῶ","δοκῶ","δοκέω"
"46","04","09","C","","⸀γάρ,","γάρ","γάρ","γάρ"
"46","04","09","RA","NSM","ὁ","ὁ","ὁ","ὁ"
"46","04","09","N","NSM","θεὸς","θεὸς","θεός","θεός"
"46","04","09","RP","AP","ἡμᾶς","ἡμᾶς","ἡμᾶς","ἐγώ"
"46","04","09","RA","APM","τοὺς","τοὺς","τούς","ὁ"
"46","04","09","N","APM","ἀποστόλους","ἀποστόλους","ἀποστόλους","ἀπόστολος"
"46","04","09","A","APM","ἐσχάτους","ἐσχάτους","ἐσχάτους","ἔσχατος"
"46","04","09","V","3AAI-S","ἀπέδειξεν","ἀπέδειξεν","ἀπέδειξε(ν)","ἀποδείκνυμι"
"46","04","09","C","","ὡς","ὡς","ὡς","ὡς"
"46","04","09","A","APM","ἐπιθανατίους,","ἐπιθανατίους","ἐπιθανατίους","ἐπιθανάτιος"
"46","04","09","C","","ὅτι","ὅτι","ὅτι","ὅτι"
"46","04","09","N","NSN","θέατρον","θέατρον","θέατρον","θέατρον"
"46","04","09","V","1API-P","ἐγενήθημεν","ἐγενήθημεν","ἐγενήθημεν","γίνομαι"
"46","04","09","RA","DSM","τῷ","τῷ","τῷ","ὁ"
"46","04","09","N","DSM","κόσμῳ","κόσμῳ","κόσμῳ","κόσμος"
"46","04","09","C","","καὶ","καὶ","καί","καί"
"46","04","09","N","DPM","ἀγγέλοις","ἀγγέλοις","ἀγγέλοις","ἄγγελος"
"46","04","09","C","","καὶ","καὶ","καί","καί"
"46","04","09","N","DPM","ἀνθρώποις.","ἀνθρώποις","ἀνθρώποις","ἄνθρωπος"
"46","04","10","RP","NP","ἡμεῖς","ἡμεῖς","ἡμεῖς","ἐγώ"
"46","04","10","A","NPM","μωροὶ","μωροὶ","μωροί","μωρός"
"46","04","10","P","","διὰ","διὰ","διά","διά"
"46","04","10","N","ASM","Χριστόν,","Χριστόν","Χριστόν","Χριστός"
"46","04","10","RP","NP","ὑμεῖς","ὑμεῖς","ὑμεῖς","σύ"
"46","04","10","C","","δὲ","δὲ","δέ","δέ"
"46","04","10","A","NPM","φρόνιμοι","φρόνιμοι","φρόνιμοι","φρόνιμος"
"46","04","10","P","","ἐν","ἐν","ἐν","ἐν"
"46","04","10","N","DSM","Χριστῷ·","Χριστῷ","Χριστῷ","Χριστός"
"46","04","10","RP","NP","ἡμεῖς","ἡμεῖς","ἡμεῖς","ἐγώ"
"46","04","10","A","NPM","ἀσθενεῖς,","ἀσθενεῖς","ἀσθενεῖς","ἀσθενής"
"46","04","10","RP","NP","ὑμεῖς","ὑμεῖς","ὑμεῖς","σύ"
"46","04","10","C","","δὲ","δὲ","δέ","δέ"
"46","04","10","A","NPM","ἰσχυροί·","ἰσχυροί","ἰσχυροί","ἰσχυρός"
"46","04","10","RP","NP","ὑμεῖς","ὑμεῖς","ὑμεῖς","σύ"
"46","04","10","A","NPM","ἔνδοξοι,","ἔνδοξοι","ἔνδοξοι","ἔνδοξος"
"46","04","10","RP","NP","ἡμεῖς","ἡμεῖς","ἡμεῖς","ἐγώ"
"46","04","10","C","","δὲ","δὲ","δέ","δέ"
"46","04","10","A","NPM","ἄτιμοι.","ἄτιμοι","ἄτιμοι","ἄτιμος"
"46","04","11","P","","ἄχρι","ἄχρι","ἄχρι","ἄχρι"
"46","04","11","RA","GSF","τῆς","τῆς","τῆς","ὁ"
"46","04","11","D","","ἄρτι","ἄρτι","ἄρτι","ἄρτι"
"46","04","11","N","GSF","ὥρας","ὥρας","ὥρας","ὥρα"
"46","04","11","C","","καὶ","καὶ","καί","καί"
"46","04","11","V","1PAI-P","πεινῶμεν","πεινῶμεν","πεινῶμεν","πεινάω"
"46","04","11","C","","καὶ","καὶ","καί","καί"
"46","04","11","V","1PAI-P","διψῶμεν","διψῶμεν","διψῶμεν","διψάω"
"46","04","11","C","","καὶ","καὶ","καί","καί"
"46","04","11","V","1PAI-P","γυμνιτεύομεν","γυμνιτεύομεν","γυμνιτεύομεν","γυμνιτεύω"
"46","04","11","C","","καὶ","καὶ","καί","καί"
"46","04","11","V","1PPI-P","κολαφιζόμεθα","κολαφιζόμεθα","κολαφιζόμεθα","κολαφίζω"
"46","04","11","C","","καὶ","καὶ","καί","καί"
"46","04","11","V","1PAI-P","ἀστατοῦμεν","ἀστατοῦμεν","ἀστατοῦμεν","ἀστατέω"
"46","04","12","C","","καὶ","καὶ","καί","καί"
"46","04","12","V","1PAI-P","κοπιῶμεν","κοπιῶμεν","κοπιῶμεν","κοπιάω"
"46","04","12","V","PMPNPM","ἐργαζόμενοι","ἐργαζόμενοι","ἐργαζόμενοι","ἐργάζομαι"
"46","04","12","RA","DPF","ταῖς","ταῖς","ταῖς","ὁ"
"46","04","12","A","DPF","ἰδίαις","ἰδίαις","ἰδίαις","ἴδιος"
"46","04","12","N","DPF","χερσίν·","χερσίν","χερσί(ν)","χείρ"
"46","04","12","V","PPPNPM","λοιδορούμενοι","λοιδορούμενοι","λοιδορούμενοι","λοιδορέω"
"46","04","12","V","1PAI-P","εὐλογοῦμεν,","εὐλογοῦμεν","εὐλογοῦμεν","εὐλογέω"
"46","04","12","V","PPPNPM","διωκόμενοι","διωκόμενοι","διωκόμενοι","διώκω"
"46","04","12","V","1PMI-P","ἀνεχόμεθα,","ἀνεχόμεθα","ἀνεχόμεθα","ἀνέχομαι"
"46","04","13","V","PPPNPM","⸀δυσφημούμενοι","δυσφημούμενοι","δυσφημούμενοι","δυσφημέω"
"46","04","13","V","1PAI-P","παρακαλοῦμεν·","παρακαλοῦμεν","παρακαλοῦμεν","παρακαλέω"
"46","04","13","C","","ὡς","ὡς","ὡς","ὡς"
"46","04","13","N","NPN","περικαθάρματα","περικαθάρματα","περικαθάρματα","περικάθαρμα"
"46","04","13","RA","GSM","τοῦ","τοῦ","τοῦ","ὁ"
"46","04","13","N","GSM","κόσμου","κόσμου","κόσμου","κόσμος"
"46","04","13","V","1API-P","ἐγενήθημεν,","ἐγενήθημεν","ἐγενήθημεν","γίνομαι"
"46","04","13","A","GPN","πάντων","πάντων","πάντων","πᾶς"
"46","04","13","N","NSN","περίψημα","περίψημα","περίψημα","περίψημα"
"46","04","13","P","","ἕως","ἕως","ἕως","ἕως"
"46","04","13","D","","ἄρτι.","ἄρτι","ἄρτι","ἄρτι"
"46","04","14","D","","Οὐκ","Οὐκ","οὐ","οὐ"
"46","04","14","V","PAPNSM","ἐντρέπων","ἐντρέπων","ἐντρέπων","ἐντρέπω"
"46","04","14","RP","AP","ὑμᾶς","ὑμᾶς","ὑμᾶς","σύ"
"46","04","14","V","1PAI-S","γράφω","γράφω","γράφω","γράφω"
"46","04","14","RD","APN","ταῦτα,","ταῦτα","ταῦτα","οὗτος"
"46","04","14","C","","ἀλλ’","ἀλλ’","ἀλλά","ἀλλά"
"46","04","14","C","","ὡς","ὡς","ὡς","ὡς"
"46","04","14","N","APN","τέκνα","τέκνα","τέκνα","τέκνον"
"46","04","14","RP","GS","μου","μου","μου","ἐγώ"
"46","04","14","A","APN","ἀγαπητὰ","ἀγαπητὰ","ἀγαπητά","ἀγαπητός"
"46","04","14","V","PAPNSM","⸀νουθετῶν·","νουθετῶν","νουθετῶν","νουθετέω"
"46","04","15","C","","ἐὰν","ἐὰν","ἐάν","ἐάν"
"46","04","15","C","","γὰρ","γὰρ","γάρ","γάρ"
"46","04","15","A","APM","μυρίους","μυρίους","μυρίους","μύριοι"
"46","04","15","N","APM","παιδαγωγοὺς","παιδαγωγοὺς","παιδαγωγούς","παιδαγωγός"
"46","04","15","V","2PAS-P","ἔχητε","ἔχητε","ἔχητε","ἔχω"
"46","04","15","P","","ἐν","ἐν","ἐν","ἐν"
"46","04","15","N","DSM","Χριστῷ,","Χριστῷ","Χριστῷ","Χριστός"
"46","04","15","C","","ἀλλ’","ἀλλ’","ἀλλά","ἀλλά"
"46","04","15","D","","οὐ","οὐ","οὐ","οὐ"
"46","04","15","A","APM","πολλοὺς","πολλοὺς","πολλούς","πολύς"
"46","04","15","N","APM","πατέρας,","πατέρας","πατέρας","πατήρ"
"46","04","15","P","","ἐν","ἐν","ἐν","ἐν"
"46","04","15","C","","γὰρ","γὰρ","γάρ","γάρ"
"46","04","15","N","DSM","Χριστῷ","Χριστῷ","Χριστῷ","Χριστός"
"46","04","15","N","DSM","Ἰησοῦ","Ἰησοῦ","Ἰησοῦ","Ἰησοῦς"
"46","04","15","P","","διὰ","διὰ","διά","διά"
"46","04","15","RA","GSN","τοῦ","τοῦ","τοῦ","ὁ"
"46","04","15","N","GSN","εὐαγγελίου","εὐαγγελίου","εὐαγγελίου","εὐαγγέλιον"
"46","04","15","RP","NS","ἐγὼ","ἐγὼ","ἐγώ","ἐγώ"
"46","04","15","RP","AP","ὑμᾶς","ὑμᾶς","ὑμᾶς","σύ"
"46","04","15","V","1AAI-S","ἐγέννησα.","ἐγέννησα","ἐγέννησα","γεννάω"
"46","04","16","V","1PAI-S","παρακαλῶ","παρακαλῶ","παρακαλῶ","παρακαλέω"
"46","04","16","C","","οὖν","οὖν","οὖν","οὖν"
"46","04","16","RP","AP","ὑμᾶς,","ὑμᾶς","ὑμᾶς","σύ"
"46","04","16","N","NPM","μιμηταί","μιμηταί","μιμηταί","μιμητής"
"46","04","16","RP","GS","μου","μου","μου","ἐγώ"
"46","04","16","V","2PMD-P","γίνεσθε.","γίνεσθε","γίνεσθε","γίνομαι"
"46","04","17","P","","διὰ","διὰ","διά","διά"
"46","04","17","RD","ASN","τοῦτο","τοῦτο","τοῦτο","οὗτος"
"46","04","17","V","1AAI-S","ἔπεμψα","ἔπεμψα","ἔπεμψα","πέμπω"
"46","04","17","RP","DP","ὑμῖν","ὑμῖν","ὑμῖν","σύ"
"46","04","17","N","ASM","Τιμόθεον,","Τιμόθεον","Τιμόθεον","Τιμόθεος"
"46","04","17","RR","NSM","ὅς","ὅς","ὅς","ὅς"
"46","04","17","V","3PAI-S","ἐστίν","ἐστίν","ἐστί(ν)","εἰμί"
"46","04","17","RP","GS","⸂μου","μου","μου","ἐγώ"
"46","04","17","N","NSN","τέκνον⸃","τέκνον","τέκνον","τέκνον"
"46","04","17","A","NSN","ἀγαπητὸν","ἀγαπητὸν","ἀγαπητόν","ἀγαπητός"
"46","04","17","C","","καὶ","καὶ","καί","καί"
"46","04","17","A","NSN","πιστὸν","πιστὸν","πιστόν","πιστός"
"46","04","17","P","","ἐν","ἐν","ἐν","ἐν"
"46","04","17","N","DSM","κυρίῳ,","κυρίῳ","κυρίῳ","κύριος"
"46","04","17","RR","NSM","ὃς","ὃς","ὅς","ὅς"
"46","04","17","RP","AP","ὑμᾶς","ὑμᾶς","ὑμᾶς","σύ"
"46","04","17","V","3FAI-S","ἀναμνήσει","ἀναμνήσει","ἀναμνήσει","ἀναμιμνῄσκω"
"46","04","17","RA","APF","τὰς","τὰς","τάς","ὁ"
"46","04","17","N","APF","ὁδούς","ὁδούς","ὁδούς","ὁδός"
"46","04","17","RP","GS","μου","μου","μου","ἐγώ"
"46","04","17","RA","APF","τὰς","τὰς","τάς","ὁ"
"46","04","17","P","","ἐν","ἐν","ἐν","ἐν"
"46","04","17","N","DSM","Χριστῷ","Χριστῷ","Χριστῷ","Χριστός"
"46","04","17","N","DSM","⸀Ἰησοῦ,","Ἰησοῦ","Ἰησοῦ","Ἰησοῦς"
"46","04","17","C","","καθὼς","καθὼς","καθώς","καθώς"
"46","04","17","D","","πανταχοῦ","πανταχοῦ","πανταχοῦ","πανταχοῦ"
"46","04","17","P","","ἐν","ἐν","ἐν","ἐν"
"46","04","17","A","DSF","πάσῃ","πάσῃ","πάσῃ","πᾶς"
"46","04","17","N","DSF","ἐκκλησίᾳ","ἐκκλησίᾳ","ἐκκλησίᾳ","ἐκκλησία"
"46","04","17","V","1PAI-S","διδάσκω.","διδάσκω","διδάσκω","διδάσκω"
"46","04","18","C","","ὡς","ὡς","ὡς","ὡς"
"46","04","18","D","","μὴ","μὴ","μή","μή"
"46","04","18","V","PMPGSM","ἐρχομένου","ἐρχομένου","ἐρχομένου","ἔρχομαι"
"46","04","18","C","","δέ","δέ","δέ","δέ"
"46","04","18","RP","GS","μου","μου","μου","ἐγώ"
"46","04","18","P","","πρὸς","πρὸς","πρός","πρός"
"46","04","18","RP","AP","ὑμᾶς","ὑμᾶς","ὑμᾶς","σύ"
"46","04","18","V","3API-P","ἐφυσιώθησάν","ἐφυσιώθησάν","ἐφυσιώθησαν","φυσιόω"
"46","04","18","RI","NPM","τινες·","τινες","τινές","τις"
"46","04","19","V","1FMI-S","ἐλεύσομαι","ἐλεύσομαι","ἐλεύσομαι","ἔρχομαι"
"46","04","19","C","","δὲ","δὲ","δέ","δέ"
"46","04","19","D","","ταχέως","ταχέως","ταχέως","ταχέως"
"46","04","19","P","","πρὸς","πρὸς","πρός","πρός"
"46","04","19","RP","AP","ὑμᾶς,","ὑμᾶς","ὑμᾶς","σύ"
"46","04","19","C","","ἐὰν","ἐὰν","ἐάν","ἐάν"
"46","04","19","RA","NSM","ὁ","ὁ","ὁ","ὁ"
"46","04","19","N","NSM","κύριος","κύριος","κύριος","κύριος"
"46","04","19","V","3AAS-S","θελήσῃ,","θελήσῃ","θελήσῃ","θέλω"
"46","04","19","C","","καὶ","καὶ","καί","καί"
"46","04","19","V","1FMI-S","γνώσομαι","γνώσομαι","γνώσομαι","γινώσκω"
"46","04","19","D","","οὐ","οὐ","οὐ","οὐ"
"46","04","19","RA","ASM","τὸν","τὸν","τόν","ὁ"
"46","04","19","N","ASM","λόγον","λόγον","λόγον","λόγος"
"46","04","19","RA","GPM","τῶν","τῶν","τῶν","ὁ"
"46","04","19","V","XPPGPM","πεφυσιωμένων","πεφυσιωμένων","πεφυσιωμένων","φυσιόω"
"46","04","19","C","","ἀλλὰ","ἀλλὰ","ἀλλά","ἀλλά"
"46","04","19","RA","ASF","τὴν","τὴν","τήν","ὁ"
"46","04","19","N","ASF","δύναμιν,","δύναμιν","δύναμιν","δύναμις"
"46","04","20","D","","οὐ","οὐ","οὐ","οὐ"
"46","04","20","C","","γὰρ","γὰρ","γάρ","γάρ"
"46","04","20","P","","ἐν","ἐν","ἐν","ἐν"
"46","04","20","N","DSM","λόγῳ","λόγῳ","λόγῳ","λόγος"
"46","04","20","RA","NSF","ἡ","ἡ","ἡ","ὁ"
"46","04","20","N","NSF","βασιλεία","βασιλεία","βασιλεία","βασιλεία"
"46","04","20","RA","GSM","τοῦ","τοῦ","τοῦ","ὁ"
"46","04","20","N","GSM","θεοῦ","θεοῦ","θεοῦ","θεός"
"46","04","20","C","","ἀλλ’","ἀλλ’","ἀλλά","ἀλλά"
"46","04","20","P","","ἐν","ἐν","ἐν","ἐν"
"46","04","20","N","DSF","δυνάμει.","δυνάμει","δυνάμει","δύναμις"
"46","04","21","RI","ASN","τί","τί","τί","τίς"
"46","04","21","V","2PAI-P","θέλετε;","θέλετε","θέλετε","θέλω"
"46","04","21","P","","ἐν","ἐν","ἐν","ἐν"
"46","04","21","N","DSF","ῥάβδῳ","ῥάβδῳ","ῥάβδῳ","ῥάβδος"
"46","04","21","V","1AAS-S","ἔλθω","ἔλθω","ἔλθω","ἔρχομαι"
"46","04","21","P","","πρὸς","πρὸς","πρός","πρός"
"46","04","21","RP","AP","ὑμᾶς,","ὑμᾶς","ὑμᾶς","σύ"
"46","04","21","C","","ἢ","ἢ","ἤ","ἤ"
"46","04","21","P","","ἐν","ἐν","ἐν","ἐν"
"46","04","21","N","DSF","ἀγάπῃ","ἀγάπῃ","ἀγάπῃ","ἀγάπη"
"46","04","21","N","DSN","πνεύματί","πνεύματί","πνεύματι","πνεῦμα"
"46","04","21","C","","τε","τε","τέ","τέ"
"46","04","21","N","GSF","πραΰτητος;","πραΰτητος","πραΰτητος","πραΰτης"
"46","05","01","D","","Ὅλως","Ὅλως","ὅλως","ὅλως"
"46","05","01","V","3PPI-S","ἀκούεται","ἀκούεται","ἀκούεται","ἀκούω"
"46","05","01","P","","ἐν","ἐν","ἐν","ἐν"
"46","05","01","RP","DP","ὑμῖν","ὑμῖν","ὑμῖν","σύ"
"46","05","01","N","NSF","πορνεία,","πορνεία","πορνεία","πορνεία"
"46","05","01","C","","καὶ","καὶ","καί","καί"
"46","05","01","RD","NSF","τοιαύτη","τοιαύτη","τοιαύτη","τοιοῦτος"
"46","05","01","N","NSF","πορνεία","πορνεία","πορνεία","πορνεία"
"46","05","01","RR","NSF","ἥτις","ἥτις","ἥτις","ὅστις"
"46","05","01","D","","οὐδὲ","οὐδὲ","οὐδέ","οὐδέ"
"46","05","01","P","","ἐν","ἐν","ἐν","ἐν"
"46","05","01","RA","DPN","τοῖς","τοῖς","τοῖς","ὁ"
"46","05","01","N","DPN","⸀ἔθνεσιν,","ἔθνεσιν","ἔθνεσι(ν)","ἔθνος"
"46","05","01","C","","ὥστε","ὥστε","ὥστε","ὥστε"
"46","05","01","N","ASF","γυναῖκά","γυναῖκά","γυναῖκα","γυνή"
"46","05","01","RI","ASM","τινα","τινα","τινά","τις"
"46","05","01","RA","GSM","τοῦ","τοῦ","τοῦ","ὁ"
"46","05","01","N","GSM","πατρὸς","πατρὸς","πατρός","πατήρ"
"46","05","01","V","PAN","ἔχειν.","ἔχειν","ἔχειν","ἔχω"
"46","05","02","C","","καὶ","καὶ","καί","καί"
"46","05","02","RP","NP","ὑμεῖς","ὑμεῖς","ὑμεῖς","σύ"
"46","05","02","V","XPPNPM","πεφυσιωμένοι","πεφυσιωμένοι","πεφυσιωμένοι","φυσιόω"
"46","05","02","V","2PAI-P","ἐστέ,","ἐστέ","ἐστέ","εἰμί"
"46","05","02","C","","καὶ","καὶ","καί","καί"
"46","05","02","D","","οὐχὶ","οὐχὶ","οὐχί","οὐχί"
"46","05","02","D","","μᾶλλον","μᾶλλον","μᾶλλον","μᾶλλον"
"46","05","02","V","2AAI-P","ἐπενθήσατε,","ἐπενθήσατε","ἐπενθήσατε","πενθέω"
"46","05","02","C","","ἵνα","ἵνα","ἵνα","ἵνα"
"46","05","02","V","3APS-S","⸀ἀρθῇ","ἀρθῇ","ἀρθῇ","αἴρω"
"46","05","02","P","","ἐκ","ἐκ","ἐκ","ἐκ"
"46","05","02","A","GSN","μέσου","μέσου","μέσου","μέσος"
"46","05","02","RP","GP","ὑμῶν","ὑμῶν","ὑμῶν","σύ"
"46","05","02","RA","NSM","ὁ","ὁ","ὁ","ὁ"
"46","05","02","RA","ASN","τὸ","τὸ","τό","ὁ"
"46","05","02","N","ASN","ἔργον","ἔργον","ἔργον","ἔργον"
"46","05","02","RD","ASN","τοῦτο","τοῦτο","τοῦτο","οὗτος"
"46","05","02","V","AAPNSM","⸀ποιήσας;","ποιήσας","ποιήσας","ποιέω"
"46","05","03","RP","NS","Ἐγὼ","Ἐγὼ","ἐγώ","ἐγώ"
"46","05","03","X","","μὲν","μὲν","μέν","μέν"
"46","05","03","C","","γάρ,","γάρ","γάρ","γάρ"
"46","05","03","V","PAPNSM","⸀ἀπὼν","ἀπὼν","ἀπών","ἄπειμι"
"46","05","03","RA","DSN","τῷ","τῷ","τῷ","ὁ"
"46","05","03","N","DSN","σώματι","σώματι","σώματι","σῶμα"
"46","05","03","V","PAPNSM","παρὼν","παρὼν","παρών","πάρειμι"
"46","05","03","C","","δὲ","δὲ","δέ","δέ"
"46","05","03","RA","DSN","τῷ","τῷ","τῷ","ὁ"
"46","05","03","N","DSN","πνεύματι,","πνεύματι","πνεύματι","πνεῦμα"
"46","05","03","D","","ἤδη","ἤδη","ἤδη","ἤδη"
"46","05","03","V","1XAI-S","κέκρικα","κέκρικα","κέκρικα","κρίνω"
"46","05","03","C","","ὡς","ὡς","ὡς","ὡς"
"46","05","03","V","PAPNSM","παρὼν","παρὼν","παρών","πάρειμι"
"46","05","03","RA","ASM","τὸν","τὸν","τόν","ὁ"
"46","05","03","D","","οὕτως","οὕτως","οὕτω(ς)","οὕτω(ς)"
"46","05","03","RD","ASN","τοῦτο","τοῦτο","τοῦτο","οὗτος"
"46","05","03","V","AMPASM","κατεργασάμενον","κατεργασάμενον","κατεργασάμενον","κατεργάζομαι"
"46","05","04","P","","ἐν","ἐν","ἐν","ἐν"
"46","05","04","RA","DSN","τῷ","τῷ","τῷ","ὁ"
"46","05","04","N","DSN","ὀνόματι","ὀνόματι","ὀνόματι","ὄνομα"
"46","05","04","RA","GSM","τοῦ","τοῦ","τοῦ","ὁ"
"46","05","04","N","GSM","κυρίου","κυρίου","κυρίου","κύριος"
"46","05","04","RP","GP","ἡμῶν","ἡμῶν","ἡμῶν","ἐγώ"
"46","05","04","N","GSM","⸀Ἰησοῦ,","Ἰησοῦ","Ἰησοῦ","Ἰησοῦς"
"46","05","04","V","APPGPM","συναχθέντων","συναχθέντων","συναχθέντων","συνάγω"
"46","05","04","RP","GP","ὑμῶν","ὑμῶν","ὑμῶν","σύ"
"46","05","04","C","","καὶ","καὶ","καί","καί"
"46","05","04","RA","GSN","τοῦ","τοῦ","τοῦ","ὁ"
"46","05","04","A","GSN","ἐμοῦ","ἐμοῦ","ἐμοῦ","ἐμός"
"46","05","04","N","GSN","πνεύματος","πνεύματος","πνεύματος","πνεῦμα"
"46","05","04","P","","σὺν","σὺν","σύν","σύν"
"46","05","04","RA","DSF","τῇ","τῇ","τῇ","ὁ"
"46","05","04","N","DSF","δυνάμει","δυνάμει","δυνάμει","δύναμις"
"46","05","04","RA","GSM","τοῦ","τοῦ","τοῦ","ὁ"
"46","05","04","N","GSM","κυρίου","κυρίου","κυρίου","κύριος"
"46","05","04","RP","GP","ἡμῶν","ἡμῶν","ἡμῶν","ἐγώ"
"46","05","04","N","GSM","⸁Ἰησοῦ,","Ἰησοῦ","Ἰησοῦ","Ἰησοῦς"
"46","05","05","V","AAN","παραδοῦναι","παραδοῦναι","παραδοῦναι","παραδίδωμι"
"46","05","05","RA","ASM","τὸν","τὸν","τόν","ὁ"
"46","05","05","RD","ASM","τοιοῦτον","τοιοῦτον","τοιοῦτον","τοιοῦτος"
"46","05","05","RA","DSM","τῷ","τῷ","τῷ","ὁ"
"46","05","05","N","DSM","Σατανᾷ","Σατανᾷ","Σατανᾷ","Σατανᾶς"
"46","05","05","P","","εἰς","εἰς","εἰς","εἰς"
"46","05","05","N","ASM","ὄλεθρον","ὄλεθρον","ὄλεθρον","ὄλεθρος"
"46","05","05","RA","GSF","τῆς","τῆς","τῆς","ὁ"
"46","05","05","N","GSF","σαρκός,","σαρκός","σαρκός","σάρξ"
"46","05","05","C","","ἵνα","ἵνα","ἵνα","ἵνα"
"46","05","05","RA","NSN","τὸ","τὸ","τό","ὁ"
"46","05","05","N","NSN","πνεῦμα","πνεῦμα","πνεῦμα","πνεῦμα"
"46","05","05","V","3APS-S","σωθῇ","σωθῇ","σωθῇ","σῴζω"
"46","05","05","P","","ἐν","ἐν","ἐν","ἐν"
"46","05","05","RA","DSF","τῇ","τῇ","τῇ","ὁ"
"46","05","05","N","DSF","ἡμέρᾳ","ἡμέρᾳ","ἡμέρᾳ","ἡμέρα"
"46","05","05","RA","GSM","τοῦ","τοῦ","τοῦ","ὁ"
"46","05","05","N","GSM","⸀κυρίου.","κυρίου","κυρίου","κύριος"
"46","05","06","D","","Οὐ","Οὐ","οὐ","οὐ"
"46","05","06","A","NSN","καλὸν","καλὸν","καλόν","καλός"
"46","05","06","RA","NSN","τὸ","τὸ","τό","ὁ"
"46","05","06","N","NSN","καύχημα","καύχημα","καύχημα","καύχημα"
"46","05","06","RP","GP","ὑμῶν.","ὑμῶν","ὑμῶν","σύ"
"46","05","06","D","","οὐκ","οὐκ","οὐ","οὐ"
"46","05","06","V","2XAI-P","οἴδατε","οἴδατε","οἴδατε","οἶδα"
"46","05","06","C","","ὅτι","ὅτι","ὅτι","ὅτι"
"46","05","06","A","NSF","μικρὰ","μικρὰ","μικρά","μικρός"
"46","05","06","N","NSF","ζύμη","ζύμη","ζύμη","ζύμη"
"46","05","06","A","ASN","ὅλον","ὅλον","ὅλον","ὅλος"
"46","05","06","RA","ASN","τὸ","τὸ","τό","ὁ"
"46","05","06","N","ASN","φύραμα","φύραμα","φύραμα","φύραμα"
"46","05","06","V","3PAI-S","ζυμοῖ;","ζυμοῖ","ζυμοῖ","ζυμόω"
"46","05","07","V","2AAD-P","ἐκκαθάρατε","ἐκκαθάρατε","ἐκκαθάρατε","ἐκκαθαίρω"
"46","05","07","RA","ASF","τὴν","τὴν","τήν","ὁ"
"46","05","07","A","ASF","παλαιὰν","παλαιὰν","παλαιάν","παλαιός"
"46","05","07","N","ASF","ζύμην,","ζύμην","ζύμην","ζύμη"
"46","05","07","C","","ἵνα","ἵνα","ἵνα","ἵνα"
"46","05","07","V","2PAS-P","ἦτε","ἦτε","ἦτε","εἰμί"
"46","05","07","A","NSN","νέον","νέον","νέον","νέος"
"46","05","07","N","NSN","φύραμα,","φύραμα","φύραμα","φύραμα"
"46","05","07","C","","καθώς","καθώς","καθώς","καθώς"
"46","05","07","V","2PAI-P","ἐστε","ἐστε","ἐστέ","εἰμί"
"46","05","07","A","NPM","ἄζυμοι.","ἄζυμοι","ἄζυμοι","ἄζυμος"
"46","05","07","D","","καὶ","καὶ","καί","καί"
"46","05","07","C","","γὰρ","γὰρ","γάρ","γάρ"
"46","05","07","RA","NSN","τὸ","τὸ","τό","ὁ"
"46","05","07","N","NSN","πάσχα","πάσχα","πάσχα","πάσχα"
"46","05","07","RP","GP","⸀ἡμῶν","ἡμῶν","ἡμῶν","ἐγώ"
"46","05","07","V","3API-S","ἐτύθη","ἐτύθη","ἐτύθη","θύω"
"46","05","07","N","NSM","Χριστός·","Χριστός","Χριστός","Χριστός"
"46","05","08","C","","ὥστε","ὥστε","ὥστε","ὥστε"
"46","05","08","V","1PAS-P","ἑορτάζωμεν,","ἑορτάζωμεν","ἑορτάζωμεν","ἑορτάζω"
"46","05","08","D","","μὴ","μὴ","μή","μή"
"46","05","08","P","","ἐν","ἐν","ἐν","ἐν"
"46","05","08","N","DSF","ζύμῃ","ζύμῃ","ζύμῃ","ζύμη"
"46","05","08","A","DSF","παλαιᾷ","παλαιᾷ","παλαιᾷ","παλαιός"
"46","05","08","C","","μηδὲ","μηδὲ","μηδέ","μηδέ"
"46","05","08","P","","ἐν","ἐν","ἐν","ἐν"
"46","05","08","N","DSF","ζύμῃ","ζύμῃ","ζύμῃ","ζύμη"
"46","05","08","N","GSF","κακίας","κακίας","κακίας","κακία"
"46","05","08","C","","καὶ","καὶ","καί","καί"
"46","05","08","N","GSF","πονηρίας,","πονηρίας","πονηρίας","πονηρία"
"46","05","08","C","","ἀλλ’","ἀλλ’","ἀλλά","ἀλλά"
"46","05","08","P","","ἐν","ἐν","ἐν","ἐν"
"46","05","08","A","DPN","ἀζύμοις","ἀζύμοις","ἀζύμοις","ἄζυμος"
"46","05","08","N","GSF","εἰλικρινείας","εἰλικρινείας","εἰλικρινείας","εἰλικρίνεια"
"46","05","08","C","","καὶ","καὶ","καί","καί"
"46","05","08","N","GSF","ἀληθείας.","ἀληθείας","ἀληθείας","ἀλήθεια"
"46","05","09","V","1AAI-S","Ἔγραψα","Ἔγραψα","ἔγραψα","γράφω"
"46","05","09","RP","DP","ὑμῖν","ὑμῖν","ὑμῖν","σύ"
"46","05","09","P","","ἐν","ἐν","ἐν","ἐν"
"46","05","09","RA","DSF","τῇ","τῇ","τῇ","ὁ"
"46","05","09","N","DSF","ἐπιστολῇ","ἐπιστολῇ","ἐπιστολῇ","ἐπιστολή"
"46","05","09","D","","μὴ","μὴ","μή","μή"
"46","05","09","V","PMN","συναναμίγνυσθαι","συναναμίγνυσθαι","συναναμίγνυσθαι","συναναμίγνυμι"
"46","05","09","N","DPM","πόρνοις,","πόρνοις","πόρνοις","πόρνος"
"46","05","10","D","","⸀οὐ","οὐ","οὐ","οὐ"
"46","05","10","D","","πάντως","πάντως","πάντως","πάντως"
"46","05","10","RA","DPM","τοῖς","τοῖς","τοῖς","ὁ"
"46","05","10","N","DPM","πόρνοις","πόρνοις","πόρνοις","πόρνος"
"46","05","10","RA","GSM","τοῦ","τοῦ","τοῦ","ὁ"
"46","05","10","N","GSM","κόσμου","κόσμου","κόσμου","κόσμος"
"46","05","10","RD","GSM","τούτου","τούτου","τούτου","οὗτος"
"46","05","10","C","","ἢ","ἢ","ἤ","ἤ"
"46","05","10","RA","DPM","τοῖς","τοῖς","τοῖς","ὁ"
"46","05","10","N","DPM","πλεονέκταις","πλεονέκταις","πλεονέκταις","πλεονέκτης"
"46","05","10","C","","⸀καὶ","καὶ","καί","καί"
"46","05","10","A","DPM","ἅρπαξιν","ἅρπαξιν","ἅρπαξι(ν)","ἅρπαξ"
"46","05","10","C","","ἢ","ἢ","ἤ","ἤ"
"46","05","10","N","DPM","εἰδωλολάτραις,","εἰδωλολάτραις","εἰδωλολάτραις","εἰδωλολάτρης"
"46","05","10","C","","ἐπεὶ","ἐπεὶ","ἐπεί","ἐπεί"
"46","05","10","V","2IAI-P","⸀ὠφείλετε","ὠφείλετε","ὠφείλετε","ὀφείλω"
"46","05","10","C","","ἄρα","ἄρα","ἄρα","ἄρα"
"46","05","10","P","","ἐκ","ἐκ","ἐκ","ἐκ"
"46","05","10","RA","GSM","τοῦ","τοῦ","τοῦ","ὁ"
"46","05","10","N","GSM","κόσμου","κόσμου","κόσμου","κόσμος"
"46","05","10","V","AAN","ἐξελθεῖν.","ἐξελθεῖν","ἐξελθεῖν","ἐξέρχομαι"
"46","05","11","D","","νῦν","νῦν","νῦν","νῦν"
"46","05","11","C","","δὲ","δὲ","δέ","δέ"
"46","05","11","V","1AAI-S","ἔγραψα","ἔγραψα","ἔγραψα","γράφω"
"46","05","11","RP","DP","ὑμῖν","ὑμῖν","ὑμῖν","σύ"
"46","05","11","D","","μὴ","μὴ","μή","μή"
"46","05","11","V","PMN","συναναμίγνυσθαι","συναναμίγνυσθαι","συναναμίγνυσθαι","συναναμίγνυμι"
"46","05","11","C","","ἐάν","ἐάν","ἐάν","ἐάν"
"46","05","11","RI","NSM","τις","τις","τὶς","τις"
"46","05","11","N","NSM","ἀδελφὸς","ἀδελφὸς","ἀδελφός","ἀδελφός"
"46","05","11","V","PPPNSM","ὀνομαζόμενος","ὀνομαζόμενος","ὀνομαζόμενος","ὀνομάζω"
"46","05","11","V","3PAS-S","ᾖ","ᾖ","ᾖ","εἰμί"
"46","05","11","N","NSM","πόρνος","πόρνος","πόρνος","πόρνος"
"46","05","11","C","","ἢ","ἢ","ἤ","ἤ"
"46","05","11","N","NSM","πλεονέκτης","πλεονέκτης","πλεονέκτης","πλεονέκτης"
"46","05","11","C","","ἢ","ἢ","ἤ","ἤ"
"46","05","11","N","NSM","εἰδωλολάτρης","εἰδωλολάτρης","εἰδωλολάτρης","εἰδωλολάτρης"
"46","05","11","C","","ἢ","ἢ","ἤ","ἤ"
"46","05","11","N","NSM","λοίδορος","λοίδορος","λοίδορος","λοίδορος"
"46","05","11","C","","ἢ","ἢ","ἤ","ἤ"
"46","05","11","N","NSM","μέθυσος","μέθυσος","μέθυσος","μέθυσος"
"46","05","11","C","","ἢ","ἢ","ἤ","ἤ"
"46","05","11","A","NSM","ἅρπαξ,","ἅρπαξ","ἅρπαξ","ἅρπαξ"
"46","05","11","RA","DSM","τῷ","τῷ","τῷ","ὁ"
"46","05","11","RD","DSM","τοιούτῳ","τοιούτῳ","τοιούτῳ","τοιοῦτος"
"46","05","11","C","","μηδὲ","μηδὲ","μηδέ","μηδέ"
"46","05","11","V","PAN","συνεσθίειν.","συνεσθίειν","συνεσθίειν","συνεσθίω"
"46","05","12","RI","NSN","τί","τί","τί","τίς"
"46","05","12","C","","γάρ","γάρ","γάρ","γάρ"
"46","05","12","RP","DS","⸀μοι","μοι","μοι","ἐγώ"
"46","05","12","RA","APM","τοὺς","τοὺς","τούς","ὁ"
"46","05","12","D","","ἔξω","ἔξω","ἔξω","ἔξω"
"46","05","12","V","PAN","κρίνειν;","κρίνειν","κρίνειν","κρίνω"
"46","05","12","X","","οὐχὶ","οὐχὶ","οὐχί","οὐχί"
"46","05","12","RA","APM","τοὺς","τοὺς","τούς","ὁ"
"46","05","12","D","","ἔσω","ἔσω","ἔσω","ἔσω"
"46","05","12","RP","NP","ὑμεῖς","ὑμεῖς","ὑμεῖς","σύ"
"46","05","12","V","2PAI-P","κρίνετε,","κρίνετε","κρίνετε","κρίνω"
"46","05","13","RA","APM","τοὺς","τοὺς","τούς","ὁ"
"46","05","13","C","","δὲ","δὲ","δέ","δέ"
"46","05","13","D","","ἔξω","ἔξω","ἔξω","ἔξω"
"46","05","13","RA","NSM","ὁ","ὁ","ὁ","ὁ"
"46","05","13","N","NSM","θεὸς","θεὸς","θεός","θεός"
"46","05","13","V","3PAI-S","⸀κρίνει;","κρίνει","κρίνει","κρίνω"
"46","05","13","V","2AAD-P","⸀ἐξάρατε","ἐξάρατε","ἐξάρατε","ἐξαίρω"
"46","05","13","RA","ASM","τὸν","τὸν","τόν","ὁ"
"46","05","13","A","ASM","πονηρὸν","πονηρὸν","πονηρόν","πονηρός"
"46","05","13","P","","ἐξ","ἐξ","ἐκ","ἐκ"
"46","05","13","RP","GP","ὑμῶν","ὑμῶν","ὑμῶν","σύ"
"46","05","13","RP","GPM","αὐτῶν.","αὐτῶν","αὐτῶν","αὐτός"
"46","06","01","V","3PAI-S","Τολμᾷ","Τολμᾷ","τολμᾷ","τολμάω"
"46","06","01","RI","NSM","τις","τις","τὶς","τις"
"46","06","01","RP","GP","ὑμῶν","ὑμῶν","ὑμῶν","σύ"
"46","06","01","N","ASN","πρᾶγμα","πρᾶγμα","πρᾶγμα","πρᾶγμα"
"46","06","01","V","PAPNSM","ἔχων","ἔχων","ἔχων","ἔχω"
"46","06","01","P","","πρὸς","πρὸς","πρός","πρός"
"46","06","01","RA","ASM","τὸν","τὸν","τόν","ὁ"
"46","06","01","A","ASM","ἕτερον","ἕτερον","ἕτερον","ἕτερος"
"46","06","01","V","PPN","κρίνεσθαι","κρίνεσθαι","κρίνεσθαι","κρίνω"
"46","06","01","P","","ἐπὶ","ἐπὶ","ἐπί","ἐπί"
"46","06","01","RA","GPM","τῶν","τῶν","τῶν","ὁ"
"46","06","01","A","GPM","ἀδίκων,","ἀδίκων","ἀδίκων","ἄδικος"
"46","06","01","C","","καὶ","καὶ","καί","καί"
"46","06","01","D","","οὐχὶ","οὐχὶ","οὐχί","οὐχί"
"46","06","01","P","","ἐπὶ","ἐπὶ","ἐπί","ἐπί"
"46","06","01","RA","GPM","τῶν","τῶν","τῶν","ὁ"
"46","06","01","A","GPM","ἁγίων;","ἁγίων","ἁγίων","ἅγιος"
"46","06","02","C","","⸀ἢ","ἢ","ἤ","ἤ"
"46","06","02","D","","οὐκ","οὐκ","οὐ","οὐ"
"46","06","02","V","2XAI-P","οἴδατε","οἴδατε","οἴδατε","οἶδα"
"46","06","02","C","","ὅτι","ὅτι","ὅτι","ὅτι"
"46","06","02","RA","NPM","οἱ","οἱ","οἱ","ὁ"
"46","06","02","A","NPM","ἅγιοι","ἅγιοι","ἅγιοι","ἅγιος"
"46","06","02","RA","ASM","τὸν","τὸν","τόν","ὁ"
"46","06","02","N","ASM","κόσμον","κόσμον","κόσμον","κόσμος"
"46","06","02","V","3FAI-P","κρινοῦσιν;","κρινοῦσιν","κρινοῦσι(ν)","κρίνω"
"46","06","02","C","","καὶ","καὶ","καί","καί"
"46","06","02","C","","εἰ","εἰ","εἰ","εἰ"
"46","06","02","P","","ἐν","ἐν","ἐν","ἐν"
"46","06","02","RP","DP","ὑμῖν","ὑμῖν","ὑμῖν","σύ"
"46","06","02","V","3PPI-S","κρίνεται","κρίνεται","κρίνεται","κρίνω"
"46","06","02","RA","NSM","ὁ","ὁ","ὁ","ὁ"
"46","06","02","N","NSM","κόσμος,","κόσμος","κόσμος","κόσμος"
"46","06","02","A","NPM","ἀνάξιοί","ἀνάξιοί","ἀνάξιοι","ἀνάξιος"
"46","06","02","V","2PAI-P","ἐστε","ἐστε","ἐστέ","εἰμί"
"46","06","02","N","GPN","κριτηρίων","κριτηρίων","κριτηρίων","κριτήριον"
"46","06","02","A","GPNS","ἐλαχίστων;","ἐλαχίστων","ἐλαχίστων","ἐλάχιστος"
"46","06","03","D","","οὐκ","οὐκ","οὐ","οὐ"
"46","06","03","V","2XAI-P","οἴδατε","οἴδατε","οἴδατε","οἶδα"
"46","06","03","C","","ὅτι","ὅτι","ὅτι","ὅτι"
"46","06","03","N","APM","ἀγγέλους","ἀγγέλους","ἀγγέλους","ἄγγελος"
"46","06","03","V","1FAI-P","κρινοῦμεν,","κρινοῦμεν","κρινοῦμεν","κρίνω"
"46","06","03","D","","μήτιγε","μήτιγε","μήτιγε","μήτιγε"
"46","06","03","A","APN","βιωτικά;","βιωτικά","βιωτικά","βιωτικός"
"46","06","04","A","APN","βιωτικὰ","βιωτικὰ","βιωτικά","βιωτικός"
"46","06","04","X","","μὲν","μὲν","μέν","μέν"
"46","06","04","C","","οὖν","οὖν","οὖν","οὖν"
"46","06","04","N","APN","κριτήρια","κριτήρια","κριτήρια","κριτήριον"
"46","06","04","C","","ἐὰν","ἐὰν","ἐάν","ἐάν"
"46","06","04","V","2PAS-P","ἔχητε,","ἔχητε","ἔχητε","ἔχω"
"46","06","04","RA","APM","τοὺς","τοὺς","τούς","ὁ"
"46","06","04","V","XPPAPM","ἐξουθενημένους","ἐξουθενημένους","ἐξουθενημένους","ἐξουθενέω"
"46","06","04","P","","ἐν","ἐν","ἐν","ἐν"
"46","06","04","RA","DSF","τῇ","τῇ","τῇ","ὁ"
"46","06","04","N","DSF","ἐκκλησίᾳ,","ἐκκλησίᾳ","ἐκκλησίᾳ","ἐκκλησία"
"46","06","04","RD","APM","τούτους","τούτους","τούτους","οὗτος"
"46","06","04","V","2PAI-P","καθίζετε;","καθίζετε","καθίζετε","καθίζω"
"46","06","05","P","","πρὸς","πρὸς","πρός","πρός"
"46","06","05","N","ASF","ἐντροπὴν","ἐντροπὴν","ἐντροπήν","ἐντροπή"
"46","06","05","RP","DP","ὑμῖν","ὑμῖν","ὑμῖν","σύ"
"46","06","05","V","1PAI-S","λέγω.","λέγω","λέγω","λέγω"
"46","06","05","D","","οὕτως","οὕτως","οὕτω(ς)","οὕτω(ς)"
"46","06","05","X","","οὐκ","οὐκ","οὐ","οὐ"
"46","06","05","V","3PAI-S","ἔνι","ἔνι","ἔνι","ἔνι"
"46","06","05","P","","ἐν","ἐν","ἐν","ἐν"
"46","06","05","RP","DP","ὑμῖν","ὑμῖν","ὑμῖν","σύ"
"46","06","05","A","NSM","⸂οὐδεὶς","οὐδεὶς","οὐδείς","οὐδείς"
"46","06","05","A","NSM","σοφὸς⸃","σοφὸς","σοφός","σοφός"
"46","06","05","RR","NSM","ὃς","ὃς","ὅς","ὅς"
"46","06","05","V","3FMI-S","δυνήσεται","δυνήσεται","δυνήσεται","δύναμαι"
"46","06","05","V","AAN","διακρῖναι","διακρῖναι","διακρῖναι","διακρίνω"
"46","06","05","P","","ἀνὰ","ἀνὰ","ἀνά","ἀνά"
"46","06","05","A","ASN","μέσον","μέσον","μέσον","μέσος"
"46","06","05","RA","GSM","τοῦ","τοῦ","τοῦ","ὁ"
"46","06","05","N","GSM","⸀ἀδελφοῦ","ἀδελφοῦ","ἀδελφοῦ","ἀδελφός"
"46","06","05","RP","GSM","αὐτοῦ,","αὐτοῦ","αὐτοῦ","αὐτός"
"46","06","06","C","","ἀλλὰ","ἀλλὰ","ἀλλά","ἀλλά"
"46","06","06","N","NSM","ἀδελφὸς","ἀδελφὸς","ἀδελφός","ἀδελφός"
"46","06","06","P","","μετὰ","μετὰ","μετά","μετά"
"46","06","06","N","GSM","ἀδελφοῦ","ἀδελφοῦ","ἀδελφοῦ","ἀδελφός"
"46","06","06","V","3PPI-S","κρίνεται,","κρίνεται","κρίνεται","κρίνω"
"46","06","06","C","","καὶ","καὶ","καί","καί"
"46","06","06","RD","NSN","τοῦτο","τοῦτο","τοῦτο","οὗτος"
"46","06","06","P","","ἐπὶ","ἐπὶ","ἐπί","ἐπί"
"46","06","06","A","GPM","ἀπίστων;","ἀπίστων","ἀπίστων","ἄπιστος"
"46","06","07","D","","ἤδη","ἤδη","ἤδη","ἤδη"
"46","06","07","C","","μὲν","μὲν","μέν","μέν"
"46","06","07","C","","⸀οὖν","οὖν","οὖν","οὖν"
"46","06","07","D","","ὅλως","ὅλως","ὅλως","ὅλως"
"46","06","07","N","NSN","ἥττημα","ἥττημα","ἥττημα","ἥττημα"
"46","06","07","RP","DP","ὑμῖν","ὑμῖν","ὑμῖν","σύ"
"46","06","07","V","3PAI-S","ἐστιν","ἐστιν","ἐστί(ν)","εἰμί"
"46","06","07","C","","ὅτι","ὅτι","ὅτι","ὅτι"
"46","06","07","N","APN","κρίματα","κρίματα","κρίματα","κρίμα"
"46","06","07","V","2PAI-P","ἔχετε","ἔχετε","ἔχετε","ἔχω"
"46","06","07","P","","μεθ’","μεθ’","μετά","μετά"
"46","06","07","RP","GPM","ἑαυτῶν·","ἑαυτῶν","ἑαυτῶν","ἑαυτοῦ"
"46","06","07","P","","διὰ","διὰ","διά","διά"
"46","06","07","RI","ASN","τί","τί","τί","τίς"
"46","06","07","D","","οὐχὶ","οὐχὶ","οὐχί","οὐχί"
"46","06","07","D","","μᾶλλον","μᾶλλον","μᾶλλον","μᾶλλον"
"46","06","07","V","2PPI-P","ἀδικεῖσθε;","ἀδικεῖσθε","ἀδικεῖσθε","ἀδικέω"
"46","06","07","P","","διὰ","διὰ","διά","διά"
"46","06","07","RI","ASN","τί","τί","τί","τίς"
"46","06","07","D","","οὐχὶ","οὐχὶ","οὐχί","οὐχί"
"46","06","07","D","","μᾶλλον","μᾶλλον","μᾶλλον","μᾶλλον"
"46","06","07","V","2PPI-P","ἀποστερεῖσθε;","ἀποστερεῖσθε","ἀποστερεῖσθε","ἀποστερέω"
"46","06","08","C","","ἀλλὰ","ἀλλὰ","ἀλλά","ἀλλά"
"46","06","08","RP","NP","ὑμεῖς","ὑμεῖς","ὑμεῖς","σύ"
"46","06","08","V","2PAI-P","ἀδικεῖτε","ἀδικεῖτε","ἀδικεῖτε","ἀδικέω"
"46","06","08","C","","καὶ","καὶ","καί","καί"
"46","06","08","V","2PAI-P","ἀποστερεῖτε,","ἀποστερεῖτε","ἀποστερεῖτε","ἀποστερέω"
"46","06","08","C","","καὶ","καὶ","καί","καί"
"46","06","08","RD","NSN","⸀τοῦτο","τοῦτο","τοῦτο","οὗτος"
"46","06","08","N","APM","ἀδελφούς.","ἀδελφούς","ἀδελφούς","ἀδελφός"
"46","06","09","C","","Ἢ","Ἢ","ἤ","ἤ"
"46","06","09","D","","οὐκ","οὐκ","οὐ","οὐ"
"46","06","09","V","2XAI-P","οἴδατε","οἴδατε","οἴδατε","οἶδα"
"46","06","09","C","","ὅτι","ὅτι","ὅτι","ὅτι"
"46","06","09","A","NPM","ἄδικοι","ἄδικοι","ἄδικοι","ἄδικος"
"46","06","09","N","GSM","⸂θεοῦ","θεοῦ","θεοῦ","θεός"
"46","06","09","N","ASF","βασιλείαν⸃","βασιλείαν","βασιλείαν","βασιλεία"
"46","06","09","D","","οὐ","οὐ","οὐ","οὐ"
"46","06","09","V","3FAI-P","κληρονομήσουσιν;","κληρονομήσουσιν","κληρονομήσουσι(ν)","κληρονομέω"
"46","06","09","D","","μὴ","μὴ","μή","μή"
"46","06","09","V","2PPD-P","πλανᾶσθε·","πλανᾶσθε","πλανᾶσθε","πλανάω"
"46","06","09","C","","οὔτε","οὔτε","οὔτε","οὔτε"
"46","06","09","N","NPM","πόρνοι","πόρνοι","πόρνοι","πόρνος"
"46","06","09","C","","οὔτε","οὔτε","οὔτε","οὔτε"
"46","06","09","N","NPM","εἰδωλολάτραι","εἰδωλολάτραι","εἰδωλολάτραι","εἰδωλολάτρης"
"46","06","09","C","","οὔτε","οὔτε","οὔτε","οὔτε"
"46","06","09","N","NPM","μοιχοὶ","μοιχοὶ","μοιχοί","μοιχός"
"46","06","09","C","","οὔτε","οὔτε","οὔτε","οὔτε"
"46","06","09","A","NPM","μαλακοὶ","μαλακοὶ","μαλακοί","μαλακός"
"46","06","09","C","","οὔτε","οὔτε","οὔτε","οὔτε"
"46","06","09","N","NPM","ἀρσενοκοῖται","ἀρσενοκοῖται","ἀρσενοκοῖται","ἀρσενοκοίτης"
"46","06","10","C","","οὔτε","οὔτε","οὔτε","οὔτε"
"46","06","10","N","NPM","⸂κλέπται","κλέπται","κλέπται","κλέπτης"
"46","06","10","C","","οὔτε","οὔτε","οὔτε","οὔτε"
"46","06","10","N","NPM","πλεονέκται⸃,","πλεονέκται","πλεονέκται","πλεονέκτης"
"46","06","10","D","","⸀οὐ","οὐ","οὐ","οὐ"
"46","06","10","N","NPM","μέθυσοι,","μέθυσοι","μέθυσοι","μέθυσος"
"46","06","10","D","","οὐ","οὐ","οὐ","οὐ"
"46","06","10","N","NPM","λοίδοροι,","λοίδοροι","λοίδοροι","λοίδορος"
"46","06","10","D","","οὐχ","οὐχ","οὐ","οὐ"
"46","06","10","A","NPM","ἅρπαγες","ἅρπαγες","ἅρπαγες","ἅρπαξ"
"46","06","10","N","ASF","βασιλείαν","βασιλείαν","βασιλείαν","βασιλεία"
"46","06","10","N","GSM","⸀θεοῦ","θεοῦ","θεοῦ","θεός"
"46","06","10","V","3FAI-P","κληρονομήσουσιν.","κληρονομήσουσιν","κληρονομήσουσι(ν)","κληρονομέω"
"46","06","11","C","","καὶ","καὶ","καί","καί"
"46","06","11","RD","NPN","ταῦτά","ταῦτά","ταῦτα","οὗτος"
"46","06","11","RI","NPM","τινες","τινες","τινές","τις"
"46","06","11","V","2IAI-P","ἦτε·","ἦτε","ἦτε","εἰμί"
"46","06","11","C","","ἀλλὰ","ἀλλὰ","ἀλλά","ἀλλά"
"46","06","11","V","2AMI-P","ἀπελούσασθε,","ἀπελούσασθε","ἀπελούσασθε","ἀπολούομαι"
"46","06","11","C","","ἀλλὰ","ἀλλὰ","ἀλλά","ἀλλά"
"46","06","11","V","2API-P","ἡγιάσθητε,","ἡγιάσθητε","ἡγιάσθητε","ἁγιάζω"
"46","06","11","C","","ἀλλὰ","ἀλλὰ","ἀλλά","ἀλλά"
"46","06","11","V","2API-P","ἐδικαιώθητε","ἐδικαιώθητε","ἐδικαιώθητε","δικαιόω"
"46","06","11","P","","ἐν","ἐν","ἐν","ἐν"
"46","06","11","RA","DSN","τῷ","τῷ","τῷ","ὁ"
"46","06","11","N","DSN","ὀνόματι","ὀνόματι","ὀνόματι","ὄνομα"
"46","06","11","RA","GSM","τοῦ","τοῦ","τοῦ","ὁ"
"46","06","11","N","GSM","κυρίου","κυρίου","κυρίου","κύριος"
"46","06","11","N","GSM","⸀Ἰησοῦ","Ἰησοῦ","Ἰησοῦ","Ἰησοῦς"
"46","06","11","C","","καὶ","καὶ","καί","καί"
"46","06","11","P","","ἐν","ἐν","ἐν","ἐν"
"46","06","11","RA","DSN","τῷ","τῷ","τῷ","ὁ"
"46","06","11","N","DSN","πνεύματι","πνεύματι","πνεύματι","πνεῦμα"
"46","06","11","RA","GSM","τοῦ","τοῦ","τοῦ","ὁ"
"46","06","11","N","GSM","θεοῦ","θεοῦ","θεοῦ","θεός"
"46","06","11","RP","GP","ἡμῶν.","ἡμῶν","ἡμῶν","ἐγώ"
"46","06","12","A","NPN","Πάντα","Πάντα","πάντα","πᾶς"
"46","06","12","RP","DS","μοι","μοι","μοι","ἐγώ"
"46","06","12","V","3PAI-S","ἔξεστιν·","ἔξεστιν","ἔξεστι(ν)","ἔξεστι(ν)"
"46","06","12","C","","ἀλλ’","ἀλλ’","ἀλλά","ἀλλά"
"46","06","12","D","","οὐ","οὐ","οὐ","οὐ"
"46","06","12","A","NPN","πάντα","πάντα","πάντα","πᾶς"
"46","06","12","V","3PAI-S","συμφέρει.","συμφέρει","συμφέρει","συμφέρω"
"46","06","12","A","NPN","πάντα","πάντα","πάντα","πᾶς"
"46","06","12","RP","DS","μοι","μοι","μοι","ἐγώ"
"46","06","12","V","3PAI-S","ἔξεστιν·","ἔξεστιν","ἔξεστι(ν)","ἔξεστι(ν)"
"46","06","12","C","","ἀλλ’","ἀλλ’","ἀλλά","ἀλλά"
"46","06","12","D","","οὐκ","οὐκ","οὐ","οὐ"
"46","06","12","RP","NS","ἐγὼ","ἐγὼ","ἐγώ","ἐγώ"
"46","06","12","V","1FPI-S","ἐξουσιασθήσομαι","ἐξουσιασθήσομαι","ἐξουσιασθήσομαι","ἐξουσιάζω"
"46","06","12","P","","ὑπό","ὑπό","ὑπό","ὑπό"
"46","06","12","RI","GSN","τινος.","τινος","τινός","τις"
"46","06","13","RA","NPN","τὰ","τὰ","τά","ὁ"
"46","06","13","N","NPN","βρώματα","βρώματα","βρώματα","βρῶμα"
"46","06","13","RA","DSF","τῇ","τῇ","τῇ","ὁ"
"46","06","13","N","DSF","κοιλίᾳ,","κοιλίᾳ","κοιλίᾳ","κοιλία"
"46","06","13","C","","καὶ","καὶ","καί","καί"
"46","06","13","RA","NSF","ἡ","ἡ","ἡ","ὁ"
"46","06","13","N","NSF","κοιλία","κοιλία","κοιλία","κοιλία"
"46","06","13","RA","DPN","τοῖς","τοῖς","τοῖς","ὁ"
"46","06","13","N","DPN","βρώμασιν·","βρώμασιν","βρώμασι(ν)","βρῶμα"
"46","06","13","RA","NSM","ὁ","ὁ","ὁ","ὁ"
"46","06","13","C","","δὲ","δὲ","δέ","δέ"
"46","06","13","N","NSM","θεὸς","θεὸς","θεός","θεός"
"46","06","13","C","","καὶ","καὶ","καί","καί"
"46","06","13","RD","ASF","ταύτην","ταύτην","ταύτην","οὗτος"
"46","06","13","C","","καὶ","καὶ","καί","καί"
"46","06","13","RD","APN","ταῦτα","ταῦτα","ταῦτα","οὗτος"
"46","06","13","V","3FAI-S","καταργήσει.","καταργήσει","καταργήσει","καταργέω"
"46","06","13","RA","NSN","τὸ","τὸ","τό","ὁ"
"46","06","13","C","","δὲ","δὲ","δέ","δέ"
"46","06","13","N","NSN","σῶμα","σῶμα","σῶμα","σῶμα"
"46","06","13","D","","οὐ","οὐ","οὐ","οὐ"
"46","06","13","RA","DSF","τῇ","τῇ","τῇ","ὁ"
"46","06","13","N","DSF","πορνείᾳ","πορνείᾳ","πορνείᾳ","πορνεία"
"46","06","13","C","","ἀλλὰ","ἀλλὰ","ἀλλά","ἀλλά"
"46","06","13","RA","DSM","τῷ","τῷ","τῷ","ὁ"
"46","06","13","N","DSM","κυρίῳ,","κυρίῳ","κυρίῳ","κύριος"
"46","06","13","C","","καὶ","καὶ","καί","καί"
"46","06","13","RA","NSM","ὁ","ὁ","ὁ","ὁ"
"46","06","13","N","NSM","κύριος","κύριος","κύριος","κύριος"
"46","06","13","RA","DSN","τῷ","τῷ","τῷ","ὁ"
"46","06","13","N","DSN","σώματι·","σώματι","σώματι","σῶμα"
"46","06","14","RA","NSM","ὁ","ὁ","ὁ","ὁ"
"46","06","14","C","","δὲ","δὲ","δέ","δέ"
"46","06","14","N","NSM","θεὸς","θεὸς","θεός","θεός"
"46","06","14","C","","καὶ","καὶ","καί","καί"
"46","06","14","RA","ASM","τὸν","τὸν","τόν","ὁ"
"46","06","14","N","ASM","κύριον","κύριον","κύριον","κύριος"
"46","06","14","V","3AAI-S","ἤγειρεν","ἤγειρεν","ἤγειρε(ν)","ἐγείρω"
"46","06","14","C","","καὶ","καὶ","καί","καί"
"46","06","14","RP","AP","ἡμᾶς","ἡμᾶς","ἡμᾶς","ἐγώ"
"46","06","14","V","3FAI-S","ἐξεγερεῖ","ἐξεγερεῖ","ἐξεγερεῖ","ἐξεγείρω"
"46","06","14","P","","διὰ","διὰ","διά","διά"
"46","06","14","RA","GSF","τῆς","τῆς","τῆς","ὁ"
"46","06","14","N","GSF","δυνάμεως","δυνάμεως","δυνάμεως","δύναμις"
"46","06","14","RP","GSM","αὐτοῦ.","αὐτοῦ","αὐτοῦ","αὐτός"
"46","06","15","D","","οὐκ","οὐκ","οὐ","οὐ"
"46","06","15","V","2XAI-P","οἴδατε","οἴδατε","οἴδατε","οἶδα"
"46","06","15","C","","ὅτι","ὅτι","ὅτι","ὅτι"
"46","06","15","RA","NPN","τὰ","τὰ","τά","ὁ"
"46","06","15","N","NPN","σώματα","σώματα","σώματα","σῶμα"
"46","06","15","RP","GP","ὑμῶν","ὑμῶν","ὑμῶν","σύ"
"46","06","15","N","NPN","μέλη","μέλη","μέλη","μέλος"
"46","06","15","N","GSM","Χριστοῦ","Χριστοῦ","Χριστοῦ","Χριστός"
"46","06","15","V","3PAI-S","ἐστιν;","ἐστιν","ἐστί(ν)","εἰμί"
"46","06","15","V","AAPNSM","ἄρας","ἄρας","ἄρας","αἴρω"
"46","06","15","C","","οὖν","οὖν","οὖν","οὖν"
"46","06","15","RA","APN","τὰ","τὰ","τά","ὁ"
"46","06","15","N","APN","μέλη","μέλη","μέλη","μέλος"
"46","06","15","RA","GSM","τοῦ","τοῦ","τοῦ","ὁ"
"46","06","15","N","GSM","Χριστοῦ","Χριστοῦ","Χριστοῦ","Χριστός"
"46","06","15","V","1AAS-S","ποιήσω","ποιήσω","ποιήσω","ποιέω"
"46","06","15","N","GSF","πόρνης","πόρνης","πόρνης","πόρνη"
"46","06","15","N","APN","μέλη;","μέλη","μέλη","μέλος"
"46","06","15","D","","μὴ","μὴ","μή","μή"
"46","06","15","V","3AMO-S","γένοιτο.","γένοιτο","γένοιτο","γίνομαι"
"46","06","16","C","","⸀ἢ","ἢ","ἤ","ἤ"
"46","06","16","D","","οὐκ","οὐκ","οὐ","οὐ"
"46","06","16","V","2XAI-P","οἴδατε","οἴδατε","οἴδατε","οἶδα"
"46","06","16","C","","ὅτι","ὅτι","ὅτι","ὅτι"
"46","06","16","RA","NSM","ὁ","ὁ","ὁ","ὁ"
"46","06","16","V","PPPNSM","κολλώμενος","κολλώμενος","κολλώμενος","κολλάομαι"
"46","06","16","RA","DSF","τῇ","τῇ","τῇ","ὁ"
"46","06","16","N","DSF","πόρνῃ","πόρνῃ","πόρνῃ","πόρνη"
"46","06","16","A","NSN","ἓν","ἓν","ἕν","εἷς"
"46","06","16","N","NSN","σῶμά","σῶμά","σῶμα","σῶμα"
"46","06","16","V","3PAI-S","ἐστιν;","ἐστιν","ἐστί(ν)","εἰμί"
"46","06","16","V","3FMI-P","Ἔσονται","Ἔσονται","ἔσονται","εἰμί"
"46","06","16","C","","γάρ,","γάρ","γάρ","γάρ"
"46","06","16","V","3PAI-S","φησίν,","φησίν","φησί(ν)","φημί"
"46","06","16","RA","NPM","οἱ","οἱ","οἱ","ὁ"
"46","06","16","A","NPM","δύο","δύο","δύο","δύο"
"46","06","16","P","","εἰς","εἰς","εἰς","εἰς"
"46","06","16","N","ASF","σάρκα","σάρκα","σάρκα","σάρξ"
"46","06","16","A","ASF","μίαν.","μίαν","μίαν","εἷς"
"46","06","17","RA","NSM","ὁ","ὁ","ὁ","ὁ"
"46","06","17","C","","δὲ","δὲ","δέ","δέ"
"46","06","17","V","PPPNSM","κολλώμενος","κολλώμενος","κολλώμενος","κολλάομαι"
"46","06","17","RA","DSM","τῷ","τῷ","τῷ","ὁ"
"46","06","17","N","DSM","κυρίῳ","κυρίῳ","κυρίῳ","κύριος"
"46","06","17","A","NSN","ἓν","ἓν","ἕν","εἷς"
"46","06","17","N","NSN","πνεῦμά","πνεῦμά","πνεῦμα","πνεῦμα"
"46","06","17","V","3PAI-S","ἐστιν.","ἐστιν","ἐστί(ν)","εἰμί"
"46","06","18","V","2PAD-P","φεύγετε","φεύγετε","φεύγετε","φεύγω"
"46","06","18","RA","ASF","τὴν","τὴν","τήν","ὁ"
"46","06","18","N","ASF","πορνείαν·","πορνείαν","πορνείαν","πορνεία"
"46","06","18","A","NSN","πᾶν","πᾶν","πᾶν","πᾶς"
"46","06","18","N","NSN","ἁμάρτημα","ἁμάρτημα","ἁμάρτημα","ἁμάρτημα"
"46","06","18","RR","ASN","ὃ","ὃ","ὅ","ὅς"
"46","06","18","X","","ἐὰν","ἐὰν","ἐάν","ἐάν"
"46","06","18","V","3AAS-S","ποιήσῃ","ποιήσῃ","ποιήσῃ","ποιέω"
"46","06","18","N","NSM","ἄνθρωπος","ἄνθρωπος","ἄνθρωπος","ἄνθρωπος"
"46","06","18","P","","ἐκτὸς","ἐκτὸς","ἐκτός","ἐκτός"
"46","06","18","RA","GSN","τοῦ","τοῦ","τοῦ","ὁ"
"46","06","18","N","GSN","σώματός","σώματός","σώματος","σῶμα"
"46","06","18","V","3PAI-S","ἐστιν,","ἐστιν","ἐστί(ν)","εἰμί"
"46","06","18","RA","NSM","ὁ","ὁ","ὁ","ὁ"
"46","06","18","C","","δὲ","δὲ","δέ","δέ"
"46","06","18","V","PAPNSM","πορνεύων","πορνεύων","πορνεύων","πορνεύω"
"46","06","18","P","","εἰς","εἰς","εἰς","εἰς"
"46","06","18","RA","ASN","τὸ","τὸ","τό","ὁ"
"46","06","18","A","ASN","ἴδιον","ἴδιον","ἴδιον","ἴδιος"
"46","06","18","N","ASN","σῶμα","σῶμα","σῶμα","σῶμα"
"46","06","18","V","3PAI-S","ἁμαρτάνει.","ἁμαρτάνει","ἁμαρτάνει","ἁμαρτάνω"
"46","06","19","C","","ἢ","ἢ","ἤ","ἤ"
"46","06","19","D","","οὐκ","οὐκ","οὐ","οὐ"
"46","06","19","V","2XAI-P","οἴδατε","οἴδατε","οἴδατε","οἶδα"
"46","06","19","C","","ὅτι","ὅτι","ὅτι","ὅτι"
"46","06","19","RA","NSN","τὸ","τὸ","τό","ὁ"
"46","06","19","N","NSN","σῶμα","σῶμα","σῶμα","σῶμα"
"46","06","19","RP","GP","ὑμῶν","ὑμῶν","ὑμῶν","σύ"
"46","06","19","N","NSM","ναὸς","ναὸς","ναός","ναός"
"46","06","19","RA","GSN","τοῦ","τοῦ","τοῦ","ὁ"
"46","06","19","P","","ἐν","ἐν","ἐν","ἐν"
"46","06","19","RP","DP","ὑμῖν","ὑμῖν","ὑμῖν","σύ"
"46","06","19","A","GSN","ἁγίου","ἁγίου","ἁγίου","ἅγιος"
"46","06","19","N","GSN","πνεύματός","πνεύματός","πνεύματος","πνεῦμα"
"46","06","19","V","3PAI-S","ἐστιν,","ἐστιν","ἐστί(ν)","εἰμί"
"46","06","19","RR","GSN","οὗ","οὗ","οὗ","ὅς"
"46","06","19","V","2PAI-P","ἔχετε","ἔχετε","ἔχετε","ἔχω"
"46","06","19","P","","ἀπὸ","ἀπὸ","ἀπό","ἀπό"
"46","06","19","N","GSM","θεοῦ;","θεοῦ","θεοῦ","θεός"
"46","06","19","C","","καὶ","καὶ","καί","καί"
"46","06","19","D","","οὐκ","οὐκ","οὐ","οὐ"
"46","06","19","V","2PAI-P","ἐστὲ","ἐστὲ","ἐστέ","εἰμί"
"46","06","19","RP","GPM","ἑαυτῶν,","ἑαυτῶν","ἑαυτῶν","ἑαυτοῦ"
"46","06","20","V","2API-P","ἠγοράσθητε","ἠγοράσθητε","ἠγοράσθητε","ἀγοράζω"
"46","06","20","C","","γὰρ","γὰρ","γάρ","γάρ"
"46","06","20","N","GSF","τιμῆς·","τιμῆς","τιμῆς","τιμή"
"46","06","20","V","2AAD-P","δοξάσατε","δοξάσατε","δοξάσατε","δοξάζω"
"46","06","20","X","","δὴ","δὴ","δή","δή"
"46","06","20","RA","ASM","τὸν","τὸν","τόν","ὁ"
"46","06","20","N","ASM","θεὸν","θεὸν","θεόν","θεός"
"46","06","20","P","","ἐν","ἐν","ἐν","ἐν"
"46","06","20","RA","DSN","τῷ","τῷ","τῷ","ὁ"
"46","06","20","N","DSN","σώματι","σώματι","σώματι","σῶμα"
"46","06","20","RP","GP","⸀ὑμῶν.","ὑμῶν","ὑμῶν","σύ"
"46","07","01","P","","Περὶ","Περὶ","περί","περί"
"46","07","01","C","","δὲ","δὲ","δέ","δέ"
"46","07","01","RR","GPN","ὧν","ὧν","ὧν","ὅς"
"46","07","01","V","2AAI-P","⸀ἐγράψατε,","ἐγράψατε","ἐγράψατε","γράφω"
"46","07","01","A","NSN","καλὸν","καλὸν","καλόν","καλός"
"46","07","01","N","DSM","ἀνθρώπῳ","ἀνθρώπῳ","ἀνθρώπῳ","ἄνθρωπος"
"46","07","01","N","GSF","γυναικὸς","γυναικὸς","γυναικός","γυνή"
"46","07","01","D","","μὴ","μὴ","μή","μή"
"46","07","01","V","PMN","ἅπτεσθαι·","ἅπτεσθαι","ἅπτεσθαι","ἅπτω"
"46","07","02","P","","διὰ","διὰ","διά","διά"
"46","07","02","C","","δὲ","δὲ","δέ","δέ"
"46","07","02","RA","APF","τὰς","τὰς","τάς","ὁ"
"46","07","02","N","APF","πορνείας","πορνείας","πορνείας","πορνεία"
"46","07","02","A","NSM","ἕκαστος","ἕκαστος","ἕκαστος","ἕκαστος"
"46","07","02","RA","ASF","τὴν","τὴν","τήν","ὁ"
"46","07","02","RP","GSM","ἑαυτοῦ","ἑαυτοῦ","ἑαυτοῦ","ἑαυτοῦ"
"46","07","02","N","ASF","γυναῖκα","γυναῖκα","γυναῖκα","γυνή"
"46","07","02","V","3PAD-S","ἐχέτω,","ἐχέτω","ἐχέτω","ἔχω"
"46","07","02","C","","καὶ","καὶ","καί","καί"
"46","07","02","A","NSF","ἑκάστη","ἑκάστη","ἑκάστη","ἕκαστος"
"46","07","02","RA","ASM","τὸν","τὸν","τόν","ὁ"
"46","07","02","A","ASM","ἴδιον","ἴδιον","ἴδιον","ἴδιος"
"46","07","02","N","ASM","ἄνδρα","ἄνδρα","ἄνδρα","ἀνήρ"
"46","07","02","V","3PAD-S","ἐχέτω.","ἐχέτω","ἐχέτω","ἔχω"
"46","07","03","RA","DSF","τῇ","τῇ","τῇ","ὁ"
"46","07","03","N","DSF","γυναικὶ","γυναικὶ","γυναικί","γυνή"
"46","07","03","RA","NSM","ὁ","ὁ","ὁ","ὁ"
"46","07","03","N","NSM","ἀνὴρ","ἀνὴρ","ἀνήρ","ἀνήρ"
"46","07","03","RA","ASF","τὴν","τὴν","τήν","ὁ"
"46","07","03","N","ASF","⸀ὀφειλὴν","ὀφειλὴν","ὀφειλήν","ὀφειλή"
"46","07","03","V","3PAD-S","ἀποδιδότω,","ἀποδιδότω","ἀποδιδότω","ἀποδίδωμι"
"46","07","03","D","","ὁμοίως","ὁμοίως","ὁμοίως","ὁμοίως"
"46","07","03","C","","δὲ","δὲ","δέ","δέ"
"46","07","03","D","","καὶ","καὶ","καί","καί"
"46","07","03","RA","NSF","ἡ","ἡ","ἡ","ὁ"
"46","07","03","N","NSF","γυνὴ","γυνὴ","γυνή","γυνή"
"46","07","03","RA","DSM","τῷ","τῷ","τῷ","ὁ"
"46","07","03","N","DSM","ἀνδρί.","ἀνδρί","ἀνδρί","ἀνήρ"
"46","07","04","RA","NSF","ἡ","ἡ","ἡ","ὁ"
"46","07","04","N","NSF","γυνὴ","γυνὴ","γυνή","γυνή"
"46","07","04","RA","GSN","τοῦ","τοῦ","τοῦ","ὁ"
"46","07","04","A","GSN","ἰδίου","ἰδίου","ἰδίου","ἴδιος"
"46","07","04","N","GSN","σώματος","σώματος","σώματος","σῶμα"
"46","07","04","D","","οὐκ","οὐκ","οὐ","οὐ"
"46","07","04","V","3PAI-S","ἐξουσιάζει","ἐξουσιάζει","ἐξουσιάζει","ἐξουσιάζω"
"46","07","04","C","","ἀλλὰ","ἀλλὰ","ἀλλά","ἀλλά"
"46","07","04","RA","NSM","ὁ","ὁ","ὁ","ὁ"
"46","07","04","N","NSM","ἀνήρ·","ἀνήρ","ἀνήρ","ἀνήρ"
"46","07","04","D","","ὁμοίως","ὁμοίως","ὁμοίως","ὁμοίως"
"46","07","04","C","","δὲ","δὲ","δέ","δέ"
"46","07","04","D","","καὶ","καὶ","καί","καί"
"46","07","04","RA","NSM","ὁ","ὁ","ὁ","ὁ"
"46","07","04","N","NSM","ἀνὴρ","ἀνὴρ","ἀνήρ","ἀνήρ"
"46","07","04","RA","GSN","τοῦ","τοῦ","τοῦ","ὁ"
"46","07","04","A","GSN","ἰδίου","ἰδίου","ἰδίου","ἴδιος"
"46","07","04","N","GSN","σώματος","σώματος","σώματος","σῶμα"
"46","07","04","D","","οὐκ","οὐκ","οὐ","οὐ"
"46","07","04","V","3PAI-S","ἐξουσιάζει","ἐξουσιάζει","ἐξουσιάζει","ἐξουσιάζω"
"46","07","04","C","","ἀλλὰ","ἀλλὰ","ἀλλά","ἀλλά"
"46","07","04","RA","NSF","ἡ","ἡ","ἡ","ὁ"
"46","07","04","N","NSF","γυνή.","γυνή","γυνή","γυνή"
"46","07","05","D","","μὴ","μὴ","μή","μή"
"46","07","05","V","2PAD-P","ἀποστερεῖτε","ἀποστερεῖτε","ἀποστερεῖτε","ἀποστερέω"
"46","07","05","RP","APM","ἀλλήλους,","ἀλλήλους","ἀλλήλους","ἀλλήλων"
"46","07","05","C","","εἰ","εἰ","εἰ","εἰ"
"46","07","05","X","","μήτι","μήτι","μήτι","μήτι"
"46","07","05","X","","ἂν","ἂν","ἄν","ἄν"
"46","07","05","P","","ἐκ","ἐκ","ἐκ","ἐκ"
"46","07","05","A","GSN","συμφώνου","συμφώνου","συμφώνου","σύμφωνος"
"46","07","05","P","","πρὸς","πρὸς","πρός","πρός"
"46","07","05","N","ASM","καιρὸν","καιρὸν","καιρόν","καιρός"
"46","07","05","C","","ἵνα","ἵνα","ἵνα","ἵνα"
"46","07","05","V","2AAS-P","⸀σχολάσητε","σχολάσητε","σχολάσητε","σχολάζω"
"46","07","05","RA","DSF","⸀τῇ","τῇ","τῇ","ὁ"
"46","07","05","N","DSF","προσευχῇ","προσευχῇ","προσευχῇ","προσευχή"
"46","07","05","C","","καὶ","καὶ","καί","καί"
"46","07","05","D","","πάλιν","πάλιν","πάλιν","πάλιν"
"46","07","05","P","","ἐπὶ","ἐπὶ","ἐπί","ἐπί"
"46","07","05","RA","ASN","τὸ","τὸ","τό","ὁ"
"46","07","05","A","ASN","αὐτὸ","αὐτὸ","αὐτό","αὐτός"
"46","07","05","V","2PAS-P","⸀ἦτε,","ἦτε","ἦτε","εἰμί"
"46","07","05","C","","ἵνα","ἵνα","ἵνα","ἵνα"
"46","07","05","D","","μὴ","μὴ","μή","μή"
"46","07","05","V","3PAS-S","πειράζῃ","πειράζῃ","πειράζῃ","πειράζω"
"46","07","05","RP","AP","ὑμᾶς","ὑμᾶς","ὑμᾶς","σύ"
"46","07","05","RA","NSM","ὁ","ὁ","ὁ","ὁ"
"46","07","05","N","NSM","Σατανᾶς","Σατανᾶς","Σατανᾶς","Σατανᾶς"
"46","07","05","P","","διὰ","διὰ","διά","διά"
"46","07","05","RA","ASF","τὴν","τὴν","τήν","ὁ"
"46","07","05","N","ASF","ἀκρασίαν","ἀκρασίαν","ἀκρασίαν","ἀκρασία"
"46","07","05","RP","GP","ὑμῶν.","ὑμῶν","ὑμῶν","σύ"
"46","07","06","RD","ASN","τοῦτο","τοῦτο","τοῦτο","οὗτος"
"46","07","06","C","","δὲ","δὲ","δέ","δέ"
"46","07","06","V","1PAI-S","λέγω","λέγω","λέγω","λέγω"
"46","07","06","P","","κατὰ","κατὰ","κατά","κατά"
"46","07","06","N","ASF","συγγνώμην,","συγγνώμην","συγγνώμην","συγγνώμη"
"46","07","06","D","","οὐ","οὐ","οὐ","οὐ"
"46","07","06","P","","κατ’","κατ’","κατά","κατά"
"46","07","06","N","ASF","ἐπιταγήν.","ἐπιταγήν","ἐπιταγήν","ἐπιταγή"
"46","07","07","V","1PAI-S","θέλω","θέλω","θέλω","θέλω"
"46","07","07","C","","⸀δὲ","δὲ","δέ","δέ"
"46","07","07","A","APM","πάντας","πάντας","πάντας","πᾶς"
"46","07","07","N","APM","ἀνθρώπους","ἀνθρώπους","ἀνθρώπους","ἄνθρωπος"
"46","07","07","V","PAN","εἶναι","εἶναι","εἶναι","εἰμί"
"46","07","07","C","","ὡς","ὡς","ὡς","ὡς"
"46","07","07","D","","καὶ","καὶ","καί","καί"
"46","07","07","RP","ASM","ἐμαυτόν·","ἐμαυτόν","ἐμαυτόν","ἐμαυτοῦ"
"46","07","07","C","","ἀλλὰ","ἀλλὰ","ἀλλά","ἀλλά"
"46","07","07","A","NSM","ἕκαστος","ἕκαστος","ἕκαστος","ἕκαστος"
"46","07","07","A","ASN","ἴδιον","ἴδιον","ἴδιον","ἴδιος"
"46","07","07","V","3PAI-S","⸂ἔχει","ἔχει","ἔχει","ἔχω"
"46","07","07","N","ASN","χάρισμα⸃","χάρισμα","χάρισμα","χάρισμα"
"46","07","07","P","","ἐκ","ἐκ","ἐκ","ἐκ"
"46","07","07","N","GSM","θεοῦ,","θεοῦ","θεοῦ","θεός"
"46","07","07","RA","NSM","⸀ὁ","ὁ","ὁ","ὁ"
"46","07","07","C","","μὲν","μὲν","μέν","μέν"
"46","07","07","D","","οὕτως,","οὕτως","οὕτω(ς)","οὕτω(ς)"
"46","07","07","RA","NSM","⸁ὁ","ὁ","ὁ","ὁ"
"46","07","07","C","","δὲ","δὲ","δέ","δέ"
"46","07","07","D","","οὕτως.","οὕτως","οὕτω(ς)","οὕτω(ς)"
"46","07","08","V","1PAI-S","Λέγω","Λέγω","λέγω","λέγω"
"46","07","08","C","","δὲ","δὲ","δέ","δέ"
"46","07","08","RA","DPM","τοῖς","τοῖς","τοῖς","ὁ"
"46","07","08","N","DPM","ἀγάμοις","ἀγάμοις","ἀγάμοις","ἄγαμος"
"46","07","08","C","","καὶ","καὶ","καί","καί"
"46","07","08","RA","DPF","ταῖς","ταῖς","ταῖς","ὁ"
"46","07","08","A","DPF","χήραις,","χήραις","χήραις","χήρα"
"46","07","08","A","NSN","καλὸν","καλὸν","καλόν","καλός"
"46","07","08","RP","DPM","⸀αὐτοῖς","αὐτοῖς","αὐτοῖς","αὐτός"
"46","07","08","C","","ἐὰν","ἐὰν","ἐάν","ἐάν"
"46","07","08","V","3AAS-P","μείνωσιν","μείνωσιν","μείνωσι(ν)","μένω"
"46","07","08","C","","ὡς","ὡς","ὡς","ὡς"
"46","07","08","RP","NS","κἀγώ·","κἀγώ","κἀγώ","κἀγώ"
"46","07","09","C","","εἰ","εἰ","εἰ","εἰ"
"46","07","09","C","","δὲ","δὲ","δέ","δέ"
"46","07","09","D","","οὐκ","οὐκ","οὐ","οὐ"
"46","07","09","V","3PMI-P","ἐγκρατεύονται,","ἐγκρατεύονται","ἐγκρατεύονται","ἐγκρατεύομαι"
"46","07","09","V","3AAD-P","γαμησάτωσαν,","γαμησάτωσαν","γαμησάτωσαν","γαμέω"
"46","07","09","A","NSNC","κρεῖττον","κρεῖττον","κρεῖττον","κρείττων"
"46","07","09","C","","γάρ","γάρ","γάρ","γάρ"
"46","07","09","V","3PAI-S","ἐστιν","ἐστιν","ἐστί(ν)","εἰμί"
"46","07","09","V","AAN","⸀γαμῆσαι","γαμῆσαι","γαμῆσαι","γαμέω"
"46","07","09","C","","ἢ","ἢ","ἤ","ἤ"
"46","07","09","V","PPN","πυροῦσθαι.","πυροῦσθαι","πυροῦσθαι","πυρόομαι"
"46","07","10","RA","DPM","Τοῖς","Τοῖς","τοῖς","ὁ"
"46","07","10","C","","δὲ","δὲ","δέ","δέ"
"46","07","10","V","XAPDPM","γεγαμηκόσιν","γεγαμηκόσιν","γεγαμηκόσι(ν)","γαμέω"
"46","07","10","V","1PAI-S","παραγγέλλω,","παραγγέλλω","παραγγέλλω","παραγγέλλω"
"46","07","10","D","","οὐκ","οὐκ","οὐ","οὐ"
"46","07","10","RP","NS","ἐγὼ","ἐγὼ","ἐγώ","ἐγώ"
"46","07","10","C","","ἀλλὰ","ἀλλὰ","ἀλλά","ἀλλά"
"46","07","10","RA","NSM","ὁ","ὁ","ὁ","ὁ"
"46","07","10","N","NSM","κύριος,","κύριος","κύριος","κύριος"
"46","07","10","N","ASF","γυναῖκα","γυναῖκα","γυναῖκα","γυνή"
"46","07","10","P","","ἀπὸ","ἀπὸ","ἀπό","ἀπό"
"46","07","10","N","GSM","ἀνδρὸς","ἀνδρὸς","ἀνδρός","ἀνήρ"
"46","07","10","D","","μὴ","μὴ","μή","μή"
"46","07","10","V","APN","χωρισθῆναι—","χωρισθῆναι","χωρισθῆναι","χωρίζω"
"46","07","11","C","","ἐὰν","ἐὰν","ἐάν","ἐάν"
"46","07","11","C","","δὲ","δὲ","δέ","δέ"
"46","07","11","D","","καὶ","καὶ","καί","καί"
"46","07","11","V","3APS-S","χωρισθῇ,","χωρισθῇ","χωρισθῇ","χωρίζω"
"46","07","11","V","3PAD-S","μενέτω","μενέτω","μενέτω","μένω"
"46","07","11","N","NSF","ἄγαμος","ἄγαμος","ἄγαμος","ἄγαμος"
"46","07","11","C","","ἢ","ἢ","ἤ","ἤ"
"46","07","11","RA","DSM","τῷ","τῷ","τῷ","ὁ"
"46","07","11","N","DSM","ἀνδρὶ","ἀνδρὶ","ἀνδρί","ἀνήρ"
"46","07","11","V","3APD-S","καταλλαγήτω—","καταλλαγήτω","καταλλαγήτω","καταλλάσσω"
"46","07","11","C","","καὶ","καὶ","καί","καί"
"46","07","11","N","ASM","ἄνδρα","ἄνδρα","ἄνδρα","ἀνήρ"
"46","07","11","N","ASF","γυναῖκα","γυναῖκα","γυναῖκα","γυνή"
"46","07","11","D","","μὴ","μὴ","μή","μή"
"46","07","11","V","PAN","ἀφιέναι.","ἀφιέναι","ἀφιέναι","ἀφίημι"
"46","07","12","RA","DPM","Τοῖς","Τοῖς","τοῖς","ὁ"
"46","07","12","C","","δὲ","δὲ","δέ","δέ"
"46","07","12","A","DPM","λοιποῖς","λοιποῖς","λοιποῖς","λοιπός"
"46","07","12","V","1PAI-S","⸂λέγω","λέγω","λέγω","λέγω"
"46","07","12","RP","NS","ἐγώ⸃,","ἐγώ","ἐγώ","ἐγώ"
"46","07","12","D","","οὐχ","οὐχ","οὐ","οὐ"
"46","07","12","RA","NSM","ὁ","ὁ","ὁ","ὁ"
"46","07","12","N","NSM","κύριος·","κύριος","κύριος","κύριος"
"46","07","12","C","","εἴ","εἴ","εἰ","εἰ"
"46","07","12","RI","NSM","τις","τις","τὶς","τις"
"46","07","12","N","NSM","ἀδελφὸς","ἀδελφὸς","ἀδελφός","ἀδελφός"
"46","07","12","N","ASF","γυναῖκα","γυναῖκα","γυναῖκα","γυνή"
"46","07","12","V","3PAI-S","ἔχει","ἔχει","ἔχει","ἔχω"
"46","07","12","A","ASF","ἄπιστον,","ἄπιστον","ἄπιστον","ἄπιστος"
"46","07","12","C","","καὶ","καὶ","καί","καί"
"46","07","12","RD","NSF","αὕτη","αὕτη","αὕτη","οὗτος"
"46","07","12","V","3PAI-S","συνευδοκεῖ","συνευδοκεῖ","συνευδοκεῖ","συνευδοκέω"
"46","07","12","V","PAN","οἰκεῖν","οἰκεῖν","οἰκεῖν","οἰκέω"
"46","07","12","P","","μετ’","μετ’","μετά","μετά"
"46","07","12","RP","GSM","αὐτοῦ,","αὐτοῦ","αὐτοῦ","αὐτός"
"46","07","12","D","","μὴ","μὴ","μή","μή"
"46","07","12","V","3PAD-S","ἀφιέτω","ἀφιέτω","ἀφιέτω","ἀφίημι"
"46","07","12","RP","ASF","αὐτήν·","αὐτήν","αὐτήν","αὐτός"
"46","07","13","C","","καὶ","καὶ","καί","καί"
"46","07","13","N","NSF","γυνὴ","γυνὴ","γυνή","γυνή"
"46","07","13","C","","⸂εἴ","εἴ","εἰ","εἰ"
"46","07","13","RI","NSF","τις⸃","τις","τὶς","τις"
"46","07","13","V","3PAI-S","ἔχει","ἔχει","ἔχει","ἔχω"
"46","07","13","N","ASM","ἄνδρα","ἄνδρα","ἄνδρα","ἀνήρ"
"46","07","13","A","ASM","ἄπιστον,","ἄπιστον","ἄπιστον","ἄπιστος"
"46","07","13","C","","καὶ","καὶ","καί","καί"
"46","07","13","RD","NSM","⸀οὗτος","οὗτος","οὗτος","οὗτος"
"46","07","13","V","3PAI-S","συνευδοκεῖ","συνευδοκεῖ","συνευδοκεῖ","συνευδοκέω"
"46","07","13","V","PAN","οἰκεῖν","οἰκεῖν","οἰκεῖν","οἰκέω"
"46","07","13","P","","μετ’","μετ’","μετά","μετά"
"46","07","13","RP","GSF","αὐτῆς,","αὐτῆς","αὐτῆς","αὐτός"
"46","07","13","D","","μὴ","μὴ","μή","μή"
"46","07","13","V","3PAD-S","ἀφιέτω","ἀφιέτω","ἀφιέτω","ἀφίημι"
"46","07","13","RA","ASM","⸂τὸν","τὸν","τόν","ὁ"
"46","07","13","N","ASM","ἄνδρα⸃.","ἄνδρα","ἄνδρα","ἀνήρ"
"46","07","14","V","3XPI-S","ἡγίασται","ἡγίασται","ἡγίασται","ἁγιάζω"
"46","07","14","C","","γὰρ","γὰρ","γάρ","γάρ"
"46","07","14","RA","NSM","ὁ","ὁ","ὁ","ὁ"
"46","07","14","N","NSM","ἀνὴρ","ἀνὴρ","ἀνήρ","ἀνήρ"
"46","07","14","RA","NSM","ὁ","ὁ","ὁ","ὁ"
"46","07","14","A","NSM","ἄπιστος","ἄπιστος","ἄπιστος","ἄπιστος"
"46","07","14","P","","ἐν","ἐν","ἐν","ἐν"
"46","07","14","RA","DSF","τῇ","τῇ","τῇ","ὁ"
"46","07","14","N","DSF","γυναικί,","γυναικί","γυναικί","γυνή"
"46","07","14","C","","καὶ","καὶ","καί","καί"
"46","07","14","V","3XPI-S","ἡγίασται","ἡγίασται","ἡγίασται","ἁγιάζω"
"46","07","14","RA","NSF","ἡ","ἡ","ἡ","ὁ"
"46","07","14","N","NSF","γυνὴ","γυνὴ","γυνή","γυνή"
"46","07","14","RA","NSF","ἡ","ἡ","ἡ","ὁ"
"46","07","14","A","NSF","ἄπιστος","ἄπιστος","ἄπιστος","ἄπιστος"
"46","07","14","P","","ἐν","ἐν","ἐν","ἐν"
"46","07","14","RA","DSM","τῷ","τῷ","τῷ","ὁ"
"46","07","14","N","DSM","⸀ἀδελφῷ·","ἀδελφῷ","ἀδελφῷ","ἀδελφός"
"46","07","14","C","","ἐπεὶ","ἐπεὶ","ἐπεί","ἐπεί"
"46","07","14","C","","ἄρα","ἄρα","ἄρα","ἄρα"
"46","07","14","RA","NPN","τὰ","τὰ","τά","ὁ"
"46","07","14","N","NPN","τέκνα","τέκνα","τέκνα","τέκνον"
"46","07","14","RP","GP","ὑμῶν","ὑμῶν","ὑμῶν","σύ"
"46","07","14","A","NPN","ἀκάθαρτά","ἀκάθαρτά","ἀκάθαρτα","ἀκάθαρτος"
"46","07","14","V","3PAI-S","ἐστιν,","ἐστιν","ἐστί(ν)","εἰμί"
"46","07","14","D","","νῦν","νῦν","νῦν","νῦν"
"46","07","14","C","","δὲ","δὲ","δέ","δέ"
"46","07","14","A","NPN","ἅγιά","ἅγιά","ἅγια","ἅγιος"
"46","07","14","V","3PAI-S","ἐστιν.","ἐστιν","ἐστί(ν)","εἰμί"
"46","07","15","C","","εἰ","εἰ","εἰ","εἰ"
"46","07","15","C","","δὲ","δὲ","δέ","δέ"
"46","07","15","RA","NSM","ὁ","ὁ","ὁ","ὁ"
"46","07","15","A","NSM","ἄπιστος","ἄπιστος","ἄπιστος","ἄπιστος"
"46","07","15","V","3PPI-S","χωρίζεται,","χωρίζεται","χωρίζεται","χωρίζω"
"46","07","15","V","3PPD-S","χωριζέσθω·","χωριζέσθω","χωριζέσθω","χωρίζω"
"46","07","15","D","","οὐ","οὐ","οὐ","οὐ"
"46","07","15","V","3XPI-S","δεδούλωται","δεδούλωται","δεδούλωται","δουλόω"
"46","07","15","RA","NSM","ὁ","ὁ","ὁ","ὁ"
"46","07","15","N","NSM","ἀδελφὸς","ἀδελφὸς","ἀδελφός","ἀδελφός"
"46","07","15","C","","ἢ","ἢ","ἤ","ἤ"
"46","07","15","RA","NSF","ἡ","ἡ","ἡ","ὁ"
"46","07","15","N","NSF","ἀδελφὴ","ἀδελφὴ","ἀδελφή","ἀδελφή"
"46","07","15","P","","ἐν","ἐν","ἐν","ἐν"
"46","07","15","RA","DPN","τοῖς","τοῖς","τοῖς","ὁ"
"46","07","15","RD","DPN","τοιούτοις,","τοιούτοις","τοιούτοις","τοιοῦτος"
"46","07","15","P","","ἐν","ἐν","ἐν","ἐν"
"46","07","15","C","","δὲ","δὲ","δέ","δέ"
"46","07","15","N","DSF","εἰρήνῃ","εἰρήνῃ","εἰρήνῃ","εἰρήνη"
"46","07","15","V","3XAI-S","κέκληκεν","κέκληκεν","κέκληκε(ν)","καλέω"
"46","07","15","RP","AP","⸀ἡμᾶς","ἡμᾶς","ἡμᾶς","ἐγώ"
"46","07","15","RA","NSM","ὁ","ὁ","ὁ","ὁ"
"46","07","15","N","NSM","θεός.","θεός","θεός","θεός"
"46","07","16","RI","ASN","τί","τί","τί","τίς"
"46","07","16","C","","γὰρ","γὰρ","γάρ","γάρ"
"46","07","16","V","2XAI-S","οἶδας,","οἶδας","οἶδας","οἶδα"
"46","07","16","N","VSF","γύναι,","γύναι","γύναι","γυνή"
"46","07","16","X","","εἰ","εἰ","εἰ","εἰ"
"46","07","16","RA","ASM","τὸν","τὸν","τόν","ὁ"
"46","07","16","N","ASM","ἄνδρα","ἄνδρα","ἄνδρα","ἀνήρ"
"46","07","16","V","2FAI-S","σώσεις;","σώσεις","σώσεις","σῴζω"
"46","07","16","C","","ἢ","ἢ","ἤ","ἤ"
"46","07","16","RI","ASN","τί","τί","τί","τίς"
"46","07","16","V","2XAI-S","οἶδας,","οἶδας","οἶδας","οἶδα"
"46","07","16","N","VSM","ἄνερ,","ἄνερ","ἄνερ","ἀνήρ"
"46","07","16","X","","εἰ","εἰ","εἰ","εἰ"
"46","07","16","RA","ASF","τὴν","τὴν","τήν","ὁ"
"46","07","16","N","ASF","γυναῖκα","γυναῖκα","γυναῖκα","γυνή"
"46","07","16","V","2FAI-S","σώσεις;","σώσεις","σώσεις","σῴζω"
"46","07","17","C","","Εἰ","Εἰ","εἰ","εἰ"
"46","07","17","D","","μὴ","μὴ","μή","μή"
"46","07","17","A","DSM","ἑκάστῳ","ἑκάστῳ","ἑκάστῳ","ἕκαστος"
"46","07","17","C","","ὡς","ὡς","ὡς","ὡς"
"46","07","17","V","3AAI-S","⸀ἐμέρισεν","ἐμέρισεν","ἐμέρισε(ν)","μερίζω"
"46","07","17","RA","NSM","ὁ","ὁ","ὁ","ὁ"
"46","07","17","N","NSM","⸀κύριος,","κύριος","κύριος","κύριος"
"46","07","17","A","ASM","ἕκαστον","ἕκαστον","ἕκαστον","ἕκαστος"
"46","07","17","C","","ὡς","ὡς","ὡς","ὡς"
"46","07","17","V","3XAI-S","κέκληκεν","κέκληκεν","κέκληκε(ν)","καλέω"
"46","07","17","RA","NSM","ὁ","ὁ","ὁ","ὁ"
"46","07","17","N","NSM","⸀θεός,","θεός","θεός","θεός"
"46","07","17","D","","οὕτως","οὕτως","οὕτω(ς)","οὕτω(ς)"
"46","07","17","V","3PAD-S","περιπατείτω·","περιπατείτω","περιπατείτω","περιπατέω"
"46","07","17","C","","καὶ","καὶ","καί","καί"
"46","07","17","D","","οὕτως","οὕτως","οὕτω(ς)","οὕτω(ς)"
"46","07","17","P","","ἐν","ἐν","ἐν","ἐν"
"46","07","17","RA","DPF","ταῖς","ταῖς","ταῖς","ὁ"
"46","07","17","N","DPF","ἐκκλησίαις","ἐκκλησίαις","ἐκκλησίαις","ἐκκλησία"
"46","07","17","A","DPF","πάσαις","πάσαις","πάσαις","πᾶς"
"46","07","17","V","1PMI-S","διατάσσομαι.","διατάσσομαι","διατάσσομαι","διατάσσω"
"46","07","18","V","XPPNSM","περιτετμημένος","περιτετμημένος","περιτετμημένος","περιτέμνω"
"46","07","18","RI","NSM","τις","τις","τὶς","τις"
"46","07","18","V","3API-S","ἐκλήθη;","ἐκλήθη","ἐκλήθη","καλέω"
"46","07","18","D","","μὴ","μὴ","μή","μή"
"46","07","18","V","3PMD-S","ἐπισπάσθω·","ἐπισπάσθω","ἐπισπάσθω","ἐπισπάομαι"
"46","07","18","P","","ἐν","ἐν","ἐν","ἐν"
"46","07","18","N","DSF","ἀκροβυστίᾳ","ἀκροβυστίᾳ","ἀκροβυστίᾳ","ἀκροβυστία"
"46","07","18","V","3XPI-S","⸂κέκληταί","κέκληταί","κέκληται","καλέω"
"46","07","18","RI","NSM","τις⸃;","τις","τὶς","τις"
"46","07","18","D","","μὴ","μὴ","μή","μή"
"46","07","18","V","3PPD-S","περιτεμνέσθω.","περιτεμνέσθω","περιτεμνέσθω","περιτέμνω"
"46","07","19","RA","NSF","ἡ","ἡ","ἡ","ὁ"
"46","07","19","N","NSF","περιτομὴ","περιτομὴ","περιτομή","περιτομή"
"46","07","19","A","NSN","οὐδέν","οὐδέν","οὐδέν","οὐδείς"
"46","07","19","V","3PAI-S","ἐστιν,","ἐστιν","ἐστί(ν)","εἰμί"
"46","07","19","C","","καὶ","καὶ","καί","καί"
"46","07","19","RA","NSF","ἡ","ἡ","ἡ","ὁ"
"46","07","19","N","NSF","ἀκροβυστία","ἀκροβυστία","ἀκροβυστία","ἀκροβυστία"
"46","07","19","A","NSN","οὐδέν","οὐδέν","οὐδέν","οὐδείς"
"46","07","19","V","3PAI-S","ἐστιν,","ἐστιν","ἐστί(ν)","εἰμί"
"46","07","19","C","","ἀλλὰ","ἀλλὰ","ἀλλά","ἀλλά"
"46","07","19","N","NSF","τήρησις","τήρησις","τήρησις","τήρησις"
"46","07","19","N","GPF","ἐντολῶν","ἐντολῶν","ἐντολῶν","ἐντολή"
"46","07","19","N","GSM","θεοῦ.","θεοῦ","θεοῦ","θεός"
"46","07","20","A","NSM","ἕκαστος","ἕκαστος","ἕκαστος","ἕκαστος"
"46","07","20","P","","ἐν","ἐν","ἐν","ἐν"
"46","07","20","RA","DSF","τῇ","τῇ","τῇ","ὁ"
"46","07","20","N","DSF","κλήσει","κλήσει","κλήσει","κλῆσις"
"46","07","20","RR","DSF","ᾗ","ᾗ","ᾗ","ὅς"
"46","07","20","V","3API-S","ἐκλήθη","ἐκλήθη","ἐκλήθη","καλέω"
"46","07","20","P","","ἐν","ἐν","ἐν","ἐν"
"46","07","20","RD","DSF","ταύτῃ","ταύτῃ","ταύτῃ","οὗτος"
"46","07","20","V","3PAD-S","μενέτω.","μενέτω","μενέτω","μένω"
"46","07","21","N","NSM","Δοῦλος","Δοῦλος","δοῦλος","δοῦλος"
"46","07","21","V","2API-S","ἐκλήθης;","ἐκλήθης","ἐκλήθης","καλέω"
"46","07","21","D","","μή","μή","μή","μή"
"46","07","21","RP","DS","σοι","σοι","σοι","σύ"
"46","07","21","V","3PAD-S","μελέτω·","μελέτω","μελέτω","μέλει"
"46","07","21","C","","ἀλλ’","ἀλλ’","ἀλλά","ἀλλά"
"46","07","21","C","","εἰ","εἰ","εἰ","εἰ"
"46","07","21","D","","καὶ","καὶ","καί","καί"
"46","07","21","V","2PMI-S","δύνασαι","δύνασαι","δύνασαι","δύναμαι"
"46","07","21","A","NSM","ἐλεύθερος","ἐλεύθερος","ἐλεύθερος","ἐλεύθερος"
"46","07","21","V","AMN","γενέσθαι,","γενέσθαι","γενέσθαι","γίνομαι"
"46","07","21","D","","μᾶλλον","μᾶλλον","μᾶλλον","μᾶλλον"
"46","07","21","V","2AMD-S","χρῆσαι.","χρῆσαι","χρῆσαι","χράομαι"
"46","07","22","RA","NSM","ὁ","ὁ","ὁ","ὁ"
"46","07","22","C","","γὰρ","γὰρ","γάρ","γάρ"
"46","07","22","P","","ἐν","ἐν","ἐν","ἐν"
"46","07","22","N","DSM","κυρίῳ","κυρίῳ","κυρίῳ","κύριος"
"46","07","22","V","APPNSM","κληθεὶς","κληθεὶς","κληθείς","καλέω"
"46","07","22","N","NSM","δοῦλος","δοῦλος","δοῦλος","δοῦλος"
"46","07","22","A","NSM","ἀπελεύθερος","ἀπελεύθερος","ἀπελεύθερος","ἀπελεύθερος"
"46","07","22","N","GSM","κυρίου","κυρίου","κυρίου","κύριος"
"46","07","22","V","3PAI-S","ἐστίν·","ἐστίν","ἐστί(ν)","εἰμί"
"46","07","22","D","","⸀ὁμοίως","ὁμοίως","ὁμοίως","ὁμοίως"
"46","07","22","RA","NSM","ὁ","ὁ","ὁ","ὁ"
"46","07","22","A","NSM","ἐλεύθερος","ἐλεύθερος","ἐλεύθερος","ἐλεύθερος"
"46","07","22","V","APPNSM","κληθεὶς","κληθεὶς","κληθείς","καλέω"
"46","07","22","N","NSM","δοῦλός","δοῦλός","δοῦλος","δοῦλος"
"46","07","22","V","3PAI-S","ἐστιν","ἐστιν","ἐστί(ν)","εἰμί"
"46","07","22","N","GSM","Χριστοῦ.","Χριστοῦ","Χριστοῦ","Χριστός"
"46","07","23","N","GSF","τιμῆς","τιμῆς","τιμῆς","τιμή"
"46","07","23","V","2API-P","ἠγοράσθητε·","ἠγοράσθητε","ἠγοράσθητε","ἀγοράζω"
"46","07","23","D","","μὴ","μὴ","μή","μή"
"46","07","23","V","2PMD-P","γίνεσθε","γίνεσθε","γίνεσθε","γίνομαι"
"46","07","23","N","NPM","δοῦλοι","δοῦλοι","δοῦλοι","δοῦλος"
"46","07","23","N","GPM","ἀνθρώπων.","ἀνθρώπων","ἀνθρώπων","ἄνθρωπος"
"46","07","24","A","NSM","ἕκαστος","ἕκαστος","ἕκαστος","ἕκαστος"
"46","07","24","P","","ἐν","ἐν","ἐν","ἐν"
"46","07","24","RR","DSN","ᾧ","ᾧ","ᾧ","ὅς"
"46","07","24","V","3API-S","ἐκλήθη,","ἐκλήθη","ἐκλήθη","καλέω"
"46","07","24","N","VPM","ἀδελφοί,","ἀδελφοί","ἀδελφοί","ἀδελφός"
"46","07","24","P","","ἐν","ἐν","ἐν","ἐν"
"46","07","24","RD","DSN","τούτῳ","τούτῳ","τούτῳ","οὗτος"
"46","07","24","V","3PAD-S","μενέτω","μενέτω","μενέτω","μένω"
"46","07","24","P","","παρὰ","παρὰ","παρά","παρά"
"46","07","24","N","DSM","θεῷ.","θεῷ","θεῷ","θεός"
"46","07","25","P","","Περὶ","Περὶ","περί","περί"
"46","07","25","C","","δὲ","δὲ","δέ","δέ"
"46","07","25","RA","GPF","τῶν","τῶν","τῶν","ὁ"
"46","07","25","N","GPF","παρθένων","παρθένων","παρθένων","παρθένος"
"46","07","25","N","ASF","ἐπιταγὴν","ἐπιταγὴν","ἐπιταγήν","ἐπιταγή"
"46","07","25","N","GSM","κυρίου","κυρίου","κυρίου","κύριος"
"46","07","25","D","","οὐκ","οὐκ","οὐ","οὐ"
"46","07","25","V","1PAI-S","ἔχω,","ἔχω","ἔχω","ἔχω"
"46","07","25","N","ASF","γνώμην","γνώμην","γνώμην","γνώμη"
"46","07","25","C","","δὲ","δὲ","δέ","δέ"
"46","07","25","V","1PAI-S","δίδωμι","δίδωμι","δίδωμι","δίδωμι"
"46","07","25","C","","ὡς","ὡς","ὡς","ὡς"
"46","07","25","V","XPPNSM","ἠλεημένος","ἠλεημένος","ἠλεημένος","ἐλεάω"
"46","07","25","P","","ὑπὸ","ὑπὸ","ὑπό","ὑπό"
"46","07","25","N","GSM","κυρίου","κυρίου","κυρίου","κύριος"
"46","07","25","A","NSM","πιστὸς","πιστὸς","πιστός","πιστός"
"46","07","25","V","PAN","εἶναι.","εἶναι","εἶναι","εἰμί"
"46","07","26","V","1PAI-S","νομίζω","νομίζω","νομίζω","νομίζω"
"46","07","26","C","","οὖν","οὖν","οὖν","οὖν"
"46","07","26","RD","ASN","τοῦτο","τοῦτο","τοῦτο","οὗτος"
"46","07","26","A","ASN","καλὸν","καλὸν","καλόν","καλός"
"46","07","26","V","PAN","ὑπάρχειν","ὑπάρχειν","ὑπάρχειν","ὑπάρχω"
"46","07","26","P","","διὰ","διὰ","διά","διά"
"46","07","26","RA","ASF","τὴν","τὴν","τήν","ὁ"
"46","07","26","V","XAPASF","ἐνεστῶσαν","ἐνεστῶσαν","ἐνεστῶσαν","ἐνίστημι"
"46","07","26","N","ASF","ἀνάγκην,","ἀνάγκην","ἀνάγκην","ἀνάγκη"
"46","07","26","D","","ὅτι","ὅτι","ὅτι","ὅτι"
"46","07","26","A","NSN","καλὸν","καλὸν","καλόν","καλός"
"46","07","26","N","DSM","ἀνθρώπῳ","ἀνθρώπῳ","ἀνθρώπῳ","ἄνθρωπος"
"46","07","26","RA","NSN","τὸ","τὸ","τό","ὁ"
"46","07","26","D","","οὕτως","οὕτως","οὕτω(ς)","οὕτω(ς)"
"46","07","26","V","PAN","εἶναι.","εἶναι","εἶναι","εἰμί"
"46","07","27","V","2XPI-S","δέδεσαι","δέδεσαι","δέδεσαι","δέω"
"46","07","27","N","DSF","γυναικί;","γυναικί","γυναικί","γυνή"
"46","07","27","D","","μὴ","μὴ","μή","μή"
"46","07","27","V","2PAD-S","ζήτει","ζήτει","ζήτει","ζητέω"
"46","07","27","N","ASF","λύσιν·","λύσιν","λύσιν","λύσις"
"46","07","27","V","2XPI-S","λέλυσαι","λέλυσαι","λέλυσαι","λύω"
"46","07","27","P","","ἀπὸ","ἀπὸ","ἀπό","ἀπό"
"46","07","27","N","GSF","γυναικός;","γυναικός","γυναικός","γυνή"
"46","07","27","D","","μὴ","μὴ","μή","μή"
"46","07","27","V","2PAD-S","ζήτει","ζήτει","ζήτει","ζητέω"
"46","07","27","N","ASF","γυναῖκα·","γυναῖκα","γυναῖκα","γυνή"
"46","07","28","C","","ἐὰν","ἐὰν","ἐάν","ἐάν"
"46","07","28","C","","δὲ","δὲ","δέ","δέ"
"46","07","28","D","","καὶ","καὶ","καί","καί"
"46","07","28","V","2AAS-S","⸀γαμήσῃς,","γαμήσῃς","γαμήσῃς","γαμέω"
"46","07","28","D","","οὐχ","οὐχ","οὐ","οὐ"
"46","07","28","V","2AAI-S","ἥμαρτες.","ἥμαρτες","ἥμαρτες","ἁμαρτάνω"
"46","07","28","C","","καὶ","καὶ","καί","καί"
"46","07","28","C","","ἐὰν","ἐὰν","ἐάν","ἐάν"
"46","07","28","V","3AAS-S","γήμῃ","γήμῃ","γήμῃ","γαμέω"
"46","07","28","RA","NSF","ἡ","ἡ","ἡ","ὁ"
"46","07","28","N","NSF","παρθένος,","παρθένος","παρθένος","παρθένος"
"46","07","28","D","","οὐχ","οὐχ","οὐ","οὐ"
"46","07","28","V","3AAI-S","ἥμαρτεν.","ἥμαρτεν","ἥμαρτε(ν)","ἁμαρτάνω"
"46","07","28","N","ASF","θλῖψιν","θλῖψιν","θλῖψιν","θλῖψις"
"46","07","28","C","","δὲ","δὲ","δέ","δέ"
"46","07","28","RA","DSF","τῇ","τῇ","τῇ","ὁ"
"46","07","28","N","DSF","σαρκὶ","σαρκὶ","σαρκί","σάρξ"
"46","07","28","V","3FAI-P","ἕξουσιν","ἕξουσιν","ἕξουσι(ν)","ἔχω"
"46","07","28","RA","NPM","οἱ","οἱ","οἱ","ὁ"
"46","07","28","RD","NPM","τοιοῦτοι,","τοιοῦτοι","τοιοῦτοι","τοιοῦτος"
"46","07","28","RP","NS","ἐγὼ","ἐγὼ","ἐγώ","ἐγώ"
"46","07","28","C","","δὲ","δὲ","δέ","δέ"
"46","07","28","RP","GP","ὑμῶν","ὑμῶν","ὑμῶν","σύ"
"46","07","28","V","1PMI-S","φείδομαι.","φείδομαι","φείδομαι","φείδομαι"
"46","07","29","RD","ASN","τοῦτο","τοῦτο","τοῦτο","οὗτος"
"46","07","29","C","","δέ","δέ","δέ","δέ"
"46","07","29","V","1PAI-S","φημι,","φημι","φημί","φημί"
"46","07","29","N","VPM","ἀδελφοί,","ἀδελφοί","ἀδελφοί","ἀδελφός"
"46","07","29","RA","NSM","ὁ","ὁ","ὁ","ὁ"
"46","07","29","N","NSM","καιρὸς","καιρὸς","καιρός","καιρός"
"46","07","29","V","XPPNSM","συνεσταλμένος","συνεσταλμένος","συνεσταλμένος","συστέλλω"
"46","07","29","V","3PAI-S","⸂ἐστίν·","ἐστίν","ἐστί(ν)","εἰμί"
"46","07","29","RA","ASN","τὸ","τὸ","τό","ὁ"
"46","07","29","A","ASN","λοιπὸν⸃","λοιπὸν","λοιπόν","λοιπός"
"46","07","29","C","","ἵνα","ἵνα","ἵνα","ἵνα"
"46","07","29","D","","καὶ","καὶ","καί","καί"
"46","07","29","RA","NPM","οἱ","οἱ","οἱ","ὁ"
"46","07","29","V","PAPNPM","ἔχοντες","ἔχοντες","ἔχοντες","ἔχω"
"46","07","29","N","APF","γυναῖκας","γυναῖκας","γυναῖκας","γυνή"
"46","07","29","C","","ὡς","ὡς","ὡς","ὡς"
"46","07","29","D","","μὴ","μὴ","μή","μή"
"46","07","29","V","PAPNPM","ἔχοντες","ἔχοντες","ἔχοντες","ἔχω"
"46","07","29","V","3PAS-P","ὦσιν,","ὦσιν","ὦσι(ν)","εἰμί"
"46","07","30","C","","καὶ","καὶ","καί","καί"
"46","07","30","RA","NPM","οἱ","οἱ","οἱ","ὁ"
"46","07","30","V","PAPNPM","κλαίοντες","κλαίοντες","κλαίοντες","κλαίω"
"46","07","30","C","","ὡς","ὡς","ὡς","ὡς"
"46","07","30","D","","μὴ","μὴ","μή","μή"
"46","07","30","V","PAPNPM","κλαίοντες,","κλαίοντες","κλαίοντες","κλαίω"
"46","07","30","C","","καὶ","καὶ","καί","καί"
"46","07","30","RA","NPM","οἱ","οἱ","οἱ","ὁ"
"46","07","30","V","PAPNPM","χαίροντες","χαίροντες","χαίροντες","χαίρω"
"46","07","30","C","","ὡς","ὡς","ὡς","ὡς"
"46","07","30","D","","μὴ","μὴ","μή","μή"
"46","07","30","V","PAPNPM","χαίροντες,","χαίροντες","χαίροντες","χαίρω"
"46","07","30","C","","καὶ","καὶ","καί","καί"
"46","07","30","RA","NPM","οἱ","οἱ","οἱ","ὁ"
"46","07","30","V","PAPNPM","ἀγοράζοντες","ἀγοράζοντες","ἀγοράζοντες","ἀγοράζω"
"46","07","30","C","","ὡς","ὡς","ὡς","ὡς"
"46","07","30","D","","μὴ","μὴ","μή","μή"
"46","07","30","V","PAPNPM","κατέχοντες,","κατέχοντες","κατέχοντες","κατέχω"
"46","07","31","C","","καὶ","καὶ","καί","καί"
"46","07","31","RA","NPM","οἱ","οἱ","οἱ","ὁ"
"46","07","31","V","PMPNPM","χρώμενοι","χρώμενοι","χρώμενοι","χράομαι"
"46","07","31","RA","ASM","⸂τὸν","τὸν","τόν","ὁ"
"46","07","31","N","ASM","κόσμον⸃","κόσμον","κόσμον","κόσμος"
"46","07","31","C","","ὡς","ὡς","ὡς","ὡς"
"46","07","31","D","","μὴ","μὴ","μή","μή"
"46","07","31","V","PMPNPM","καταχρώμενοι·","καταχρώμενοι","καταχρώμενοι","καταχράομαι"
"46","07","31","V","3PAI-S","παράγει","παράγει","παράγει","παράγω"
"46","07","31","C","","γὰρ","γὰρ","γάρ","γάρ"
"46","07","31","RA","NSN","τὸ","τὸ","τό","ὁ"
"46","07","31","N","NSN","σχῆμα","σχῆμα","σχῆμα","σχῆμα"
"46","07","31","RA","GSM","τοῦ","τοῦ","τοῦ","ὁ"
"46","07","31","N","GSM","κόσμου","κόσμου","κόσμου","κόσμος"
"46","07","31","RD","GSM","τούτου.","τούτου","τούτου","οὗτος"
"46","07","32","V","1PAI-S","Θέλω","Θέλω","θέλω","θέλω"
"46","07","32","C","","δὲ","δὲ","δέ","δέ"
"46","07","32","RP","AP","ὑμᾶς","ὑμᾶς","ὑμᾶς","σύ"
"46","07","32","A","APM","ἀμερίμνους","ἀμερίμνους","ἀμερίμνους","ἀμέριμνος"
"46","07","32","V","PAN","εἶναι.","εἶναι","εἶναι","εἰμί"
"46","07","32","RA","NSM","ὁ","ὁ","ὁ","ὁ"
"46","07","32","N","NSM","ἄγαμος","ἄγαμος","ἄγαμος","ἄγαμος"
"46","07","32","V","3PAI-S","μεριμνᾷ","μεριμνᾷ","μεριμνᾷ","μεριμνάω"
"46","07","32","RA","APN","τὰ","τὰ","τά","ὁ"
"46","07","32","RA","GSM","τοῦ","τοῦ","τοῦ","ὁ"
"46","07","32","N","GSM","κυρίου,","κυρίου","κυρίου","κύριος"
"46","07","32","D","","πῶς","πῶς","πῶς","πῶς"
"46","07","32","V","3AAS-S","⸀ἀρέσῃ","ἀρέσῃ","ἀρέσῃ","ἀρέσκω"
"46","07","32","RA","DSM","τῷ","τῷ","τῷ","ὁ"
"46","07","32","N","DSM","κυρίῳ·","κυρίῳ","κυρίῳ","κύριος"
"46","07","33","RA","NSM","ὁ","ὁ","ὁ","ὁ"
"46","07","33","C","","δὲ","δὲ","δέ","δέ"
"46","07","33","V","AAPNSM","γαμήσας","γαμήσας","γαμήσας","γαμέω"
"46","07","33","V","3PAI-S","μεριμνᾷ","μεριμνᾷ","μεριμνᾷ","μεριμνάω"
"46","07","33","RA","APN","τὰ","τὰ","τά","ὁ"
"46","07","33","RA","GSM","τοῦ","τοῦ","τοῦ","ὁ"
"46","07","33","N","GSM","κόσμου,","κόσμου","κόσμου","κόσμος"
"46","07","33","D","","πῶς","πῶς","πῶς","πῶς"
"46","07","33","V","3AAS-S","⸀ἀρέσῃ","ἀρέσῃ","ἀρέσῃ","ἀρέσκω"
"46","07","33","RA","DSF","τῇ","τῇ","τῇ","ὁ"
"46","07","33","N","DSF","γυναικί,","γυναικί","γυναικί","γυνή"
"46","07","34","C","","⸀καὶ","καὶ","καί","καί"
"46","07","34","V","3XPI-S","μεμέρισται.","μεμέρισται","μεμέρισται","μερίζω"
"46","07","34","C","","καὶ","καὶ","καί","καί"
"46","07","34","RA","NSF","ἡ","ἡ","ἡ","ὁ"
"46","07","34","N","NSF","γυνὴ","γυνὴ","γυνή","γυνή"
"46","07","34","RA","NSF","⸂ἡ","ἡ","ἡ","ὁ"
"46","07","34","N","NSF","ἄγαμος⸃","ἄγαμος","ἄγαμος","ἄγαμος"
"46","07","34","C","","καὶ","καὶ","καί","καί"
"46","07","34","RA","NSF","ἡ","ἡ","ἡ","ὁ"
"46","07","34","N","NSF","⸀παρθένος","παρθένος","παρθένος","παρθένος"
"46","07","34","V","3PAI-S","μεριμνᾷ","μεριμνᾷ","μεριμνᾷ","μεριμνάω"
"46","07","34","RA","APN","τὰ","τὰ","τά","ὁ"
"46","07","34","RA","GSM","τοῦ","τοῦ","τοῦ","ὁ"
"46","07","34","N","GSM","κυρίου,","κυρίου","κυρίου","κύριος"
"46","07","34","C","","ἵνα","ἵνα","ἵνα","ἵνα"
"46","07","34","V","3PAS-S","ᾖ","ᾖ","ᾖ","εἰμί"
"46","07","34","A","NSF","ἁγία","ἁγία","ἁγία","ἅγιος"
"46","07","34","C","","καὶ","καὶ","καί","καί"
"46","07","34","RA","DSN","⸀τῷ","τῷ","τῷ","ὁ"
"46","07","34","N","DSN","σώματι","σώματι","σώματι","σῶμα"
"46","07","34","C","","καὶ","καὶ","καί","καί"
"46","07","34","RA","DSN","⸁τῷ","τῷ","τῷ","ὁ"
"46","07","34","N","DSN","πνεύματι·","πνεύματι","πνεύματι","πνεῦμα"
"46","07","34","RA","NSF","ἡ","ἡ","ἡ","ὁ"
"46","07","34","C","","δὲ","δὲ","δέ","δέ"
"46","07","34","V","AAPNSF","γαμήσασα","γαμήσασα","γαμήσασα","γαμέω"
"46","07","34","V","3PAI-S","μεριμνᾷ","μεριμνᾷ","μεριμνᾷ","μεριμνάω"
"46","07","34","RA","APN","τὰ","τὰ","τά","ὁ"
"46","07","34","RA","GSM","τοῦ","τοῦ","τοῦ","ὁ"
"46","07","34","N","GSM","κόσμου,","κόσμου","κόσμου","κόσμος"
"46","07","34","D","","πῶς","πῶς","πῶς","πῶς"
"46","07","34","V","3AAS-S","⸀ἀρέσῃ","ἀρέσῃ","ἀρέσῃ","ἀρέσκω"
"46","07","34","RA","DSM","τῷ","τῷ","τῷ","ὁ"
"46","07","34","N","DSM","ἀνδρί.","ἀνδρί","ἀνδρί","ἀνήρ"
"46","07","35","RD","ASN","τοῦτο","τοῦτο","τοῦτο","οὗτος"
"46","07","35","C","","δὲ","δὲ","δέ","δέ"
"46","07","35","P","","πρὸς","πρὸς","πρός","πρός"
"46","07","35","RA","ASN","τὸ","τὸ","τό","ὁ"
"46","07","35","RP","GP","ὑμῶν","ὑμῶν","ὑμῶν","σύ"
"46","07","35","RP","GPM","αὐτῶν","αὐτῶν","αὐτῶν","αὐτός"
"46","07","35","A","ASN","⸀σύμφορον","σύμφορον","σύμφορον","σύμφορον"
"46","07","35","V","1PAI-S","λέγω,","λέγω","λέγω","λέγω"
"46","07","35","D","","οὐχ","οὐχ","οὐ","οὐ"
"46","07","35","C","","ἵνα","ἵνα","ἵνα","ἵνα"
"46","07","35","N","ASM","βρόχον","βρόχον","βρόχον","βρόχος"
"46","07","35","RP","DP","ὑμῖν","ὑμῖν","ὑμῖν","σύ"
"46","07","35","V","1AAS-S","ἐπιβάλω,","ἐπιβάλω","ἐπιβάλω","ἐπιβάλλω"
"46","07","35","C","","ἀλλὰ","ἀλλὰ","ἀλλά","ἀλλά"
"46","07","35","P","","πρὸς","πρὸς","πρός","πρός"
"46","07","35","RA","ASN","τὸ","τὸ","τό","ὁ"
"46","07","35","A","ASN","εὔσχημον","εὔσχημον","εὔσχημον","εὐσχήμων"
"46","07","35","C","","καὶ","καὶ","καί","καί"
"46","07","35","A","ASN","⸀εὐπάρεδρον","εὐπάρεδρον","εὐπάρεδρον","εὐπάρεδρον"
"46","07","35","RA","DSM","τῷ","τῷ","τῷ","ὁ"
"46","07","35","N","DSM","κυρίῳ","κυρίῳ","κυρίῳ","κύριος"
"46","07","35","D","","ἀπερισπάστως.","ἀπερισπάστως","ἀπερισπάστως","ἀπερισπάστως"
"46","07","36","C","","Εἰ","Εἰ","εἰ","εἰ"
"46","07","36","C","","δέ","δέ","δέ","δέ"
"46","07","36","RI","NSM","τις","τις","τὶς","τις"
"46","07","36","V","PAN","ἀσχημονεῖν","ἀσχημονεῖν","ἀσχημονεῖν","ἀσχημονέω"
"46","07","36","P","","ἐπὶ","ἐπὶ","ἐπί","ἐπί"
"46","07","36","RA","ASF","τὴν","τὴν","τήν","ὁ"
"46","07","36","N","ASF","παρθένον","παρθένον","παρθένον","παρθένος"
"46","07","36","RP","GSM","αὐτοῦ","αὐτοῦ","αὐτοῦ","αὐτός"
"46","07","36","V","3PAI-S","νομίζει","νομίζει","νομίζει","νομίζω"
"46","07","36","C","","ἐὰν","ἐὰν","ἐάν","ἐάν"
"46","07","36","V","3PAS-S","ᾖ","ᾖ","ᾖ","εἰμί"
"46","07","36","A","NSF","ὑπέρακμος,","ὑπέρακμος","ὑπέρακμος","ὑπέρακμος"
"46","07","36","C","","καὶ","καὶ","καί","καί"
"46","07","36","D","","οὕτως","οὕτως","οὕτω(ς)","οὕτω(ς)"
"46","07","36","V","3PAI-S","ὀφείλει","ὀφείλει","ὀφείλει","ὀφείλω"
"46","07","36","V","PMN","γίνεσθαι,","γίνεσθαι","γίνεσθαι","γίνομαι"
"46","07","36","RR","ASN","ὃ","ὃ","ὅ","ὅς"
"46","07","36","V","3PAI-S","θέλει","θέλει","θέλει","θέλω"
"46","07","36","V","3PAD-S","ποιείτω·","ποιείτω","ποιείτω","ποιέω"
"46","07","36","D","","οὐχ","οὐχ","οὐ","οὐ"
"46","07","36","V","3PAI-S","ἁμαρτάνει·","ἁμαρτάνει","ἁμαρτάνει","ἁμαρτάνω"
"46","07","36","V","3PAD-P","γαμείτωσαν.","γαμείτωσαν","γαμείτωσαν","γαμέω"
"46","07","37","RR","NSM","ὃς","ὃς","ὅς","ὅς"
"46","07","37","C","","δὲ","δὲ","δέ","δέ"
"46","07","37","V","3XAI-S","ἕστηκεν","ἕστηκεν","ἕστηκε(ν)","ἵστημι"
"46","07","37","P","","⸂ἐν","ἐν","ἐν","ἐν"
"46","07","37","RA","DSF","τῇ","τῇ","τῇ","ὁ"
"46","07","37","N","DSF","καρδίᾳ","καρδίᾳ","καρδίᾳ","καρδία"
"46","07","37","RP","GSM","αὐτοῦ","αὐτοῦ","αὐτοῦ","αὐτός"
"46","07","37","A","NSM","ἑδραῖος⸃","ἑδραῖος","ἑδραῖος","ἑδραῖος"
"46","07","37","D","","μὴ","μὴ","μή","μή"
"46","07","37","V","PAPNSM","ἔχων","ἔχων","ἔχων","ἔχω"
"46","07","37","N","ASF","ἀνάγκην,","ἀνάγκην","ἀνάγκην","ἀνάγκη"
"46","07","37","N","ASF","ἐξουσίαν","ἐξουσίαν","ἐξουσίαν","ἐξουσία"
"46","07","37","C","","δὲ","δὲ","δέ","δέ"
"46","07","37","V","3PAI-S","ἔχει","ἔχει","ἔχει","ἔχω"
"46","07","37","P","","περὶ","περὶ","περί","περί"
"46","07","37","RA","GSN","τοῦ","τοῦ","τοῦ","ὁ"
"46","07","37","A","GSN","ἰδίου","ἰδίου","ἰδίου","ἴδιος"
"46","07","37","N","GSN","θελήματος,","θελήματος","θελήματος","θέλημα"
"46","07","37","C","","καὶ","καὶ","καί","καί"
"46","07","37","RD","ASN","τοῦτο","τοῦτο","τοῦτο","οὗτος"
"46","07","37","V","3XAI-S","κέκρικεν","κέκρικεν","κέκρικε(ν)","κρίνω"
"46","07","37","P","","ἐν","ἐν","ἐν","ἐν"
"46","07","37","RA","DSF","τῇ","τῇ","τῇ","ὁ"
"46","07","37","A","DSF","⸂ἰδίᾳ","ἰδίᾳ","ἰδίᾳ","ἴδιος"
"46","07","37","N","DSF","καρδίᾳ⸃,","καρδίᾳ","καρδίᾳ","καρδία"
"46","07","37","V","PAN","⸀τηρεῖν","τηρεῖν","τηρεῖν","τηρέω"
"46","07","37","RA","ASF","τὴν","τὴν","τήν","ὁ"
"46","07","37","RP","GSM","ἑαυτοῦ","ἑαυτοῦ","ἑαυτοῦ","ἑαυτοῦ"
"46","07","37","N","ASF","παρθένον,","παρθένον","παρθένον","παρθένος"
"46","07","37","D","","καλῶς","καλῶς","καλῶς","καλῶς"
"46","07","37","V","3FAI-S","⸀ποιήσει·","ποιήσει","ποιήσει","ποιέω"
"46","07","38","C","","ὥστε","ὥστε","ὥστε","ὥστε"
"46","07","38","C","","καὶ","καὶ","καί","καί"
"46","07","38","RA","NSM","ὁ","ὁ","ὁ","ὁ"
"46","07","38","V","PAPNSM","⸀γαμίζων","γαμίζων","γαμίζων","γαμίζω"
"46","07","38","RA","ASF","⸂τὴν","τὴν","τήν","ὁ"
"46","07","38","N","ASF","παρθένον","παρθένον","παρθένον","παρθένος"
"46","07","38","RP","GSM","ἑαυτοῦ⸃","ἑαυτοῦ","ἑαυτοῦ","ἑαυτοῦ"
"46","07","38","D","","καλῶς","καλῶς","καλῶς","καλῶς"
"46","07","38","V","3PAI-S","ποιεῖ,","ποιεῖ","ποιεῖ","ποιέω"
"46","07","38","C","","⸂καὶ","καὶ","καί","καί"
"46","07","38","RA","NSM","ὁ⸃","ὁ","ὁ","ὁ"
"46","07","38","D","","μὴ","μὴ","μή","μή"
"46","07","38","V","PAPNSM","⸁γαμίζων","γαμίζων","γαμίζων","γαμίζω"
"46","07","38","A","ASNC","κρεῖσσον","κρεῖσσον","κρεῖσσον","κρείττων"
"46","07","38","V","3FAI-S","⸀ποιήσει.","ποιήσει","ποιήσει","ποιέω"
"46","07","39","N","NSF","Γυνὴ","Γυνὴ","γυνή","γυνή"
"46","07","39","V","3XPI-S","⸀δέδεται","δέδεται","δέδεται","δέω"
"46","07","39","P","","ἐφ’","ἐφ’","ἐπί","ἐπί"
"46","07","39","RR","ASM","ὅσον","ὅσον","ὅσον","ὅσος"
"46","07","39","N","ASM","χρόνον","χρόνον","χρόνον","χρόνος"
"46","07","39","V","3PAI-S","ζῇ","ζῇ","ζῇ","ζάω"
"46","07","39","RA","NSM","ὁ","ὁ","ὁ","ὁ"
"46","07","39","N","NSM","ἀνὴρ","ἀνὴρ","ἀνήρ","ἀνήρ"
"46","07","39","RP","GSF","αὐτῆς·","αὐτῆς","αὐτῆς","αὐτός"
"46","07","39","C","","ἐὰν","ἐὰν","ἐάν","ἐάν"
"46","07","39","C","","⸀δὲ","δὲ","δέ","δέ"
"46","07","39","V","3APS-S","κοιμηθῇ","κοιμηθῇ","κοιμηθῇ","κοιμάομαι"
"46","07","39","RA","NSM","ὁ","ὁ","ὁ","ὁ"
"46","07","39","N","NSM","ἀνήρ,","ἀνήρ","ἀνήρ","ἀνήρ"
"46","07","39","A","NSF","ἐλευθέρα","ἐλευθέρα","ἐλευθέρα","ἐλεύθερος"
"46","07","39","V","3PAI-S","ἐστὶν","ἐστὶν","ἐστί(ν)","εἰμί"
"46","07","39","RR","DSM","ᾧ","ᾧ","ᾧ","ὅς"
"46","07","39","V","3PAI-S","θέλει","θέλει","θέλει","θέλω"
"46","07","39","V","APN","γαμηθῆναι,","γαμηθῆναι","γαμηθῆναι","γαμέω"
"46","07","39","A","ASN","μόνον","μόνον","μόνον","μόνος"
"46","07","39","P","","ἐν","ἐν","ἐν","ἐν"
"46","07","39","N","DSM","κυρίῳ·","κυρίῳ","κυρίῳ","κύριος"
"46","07","40","A","NSFC","μακαριωτέρα","μακαριωτέρα","μακαριωτέρα","μακάριος"
"46","07","40","C","","δέ","δέ","δέ","δέ"
"46","07","40","V","3PAI-S","ἐστιν","ἐστιν","ἐστί(ν)","εἰμί"
"46","07","40","C","","ἐὰν","ἐὰν","ἐάν","ἐάν"
"46","07","40","D","","οὕτως","οὕτως","οὕτω(ς)","οὕτω(ς)"
"46","07","40","V","3AAS-S","μείνῃ,","μείνῃ","μείνῃ","μένω"
"46","07","40","P","","κατὰ","κατὰ","κατά","κατά"
"46","07","40","RA","ASF","τὴν","τὴν","τήν","ὁ"
"46","07","40","A","ASF","ἐμὴν","ἐμὴν","ἐμήν","ἐμός"
"46","07","40","N","ASF","γνώμην,","γνώμην","γνώμην","γνώμη"
"46","07","40","V","1PAI-S","δοκῶ","δοκῶ","δοκῶ","δοκέω"
"46","07","40","C","","⸀δὲ","δὲ","δέ","δέ"
"46","07","40","RP","NS","κἀγὼ","κἀγὼ","κἀγώ","κἀγώ"
"46","07","40","N","ASN","πνεῦμα","πνεῦμα","πνεῦμα","πνεῦμα"
"46","07","40","N","GSM","θεοῦ","θεοῦ","θεοῦ","θεός"
"46","07","40","V","PAN","ἔχειν.","ἔχειν","ἔχειν","ἔχω"
"46","08","01","P","","Περὶ","Περὶ","περί","περί"
"46","08","01","C","","δὲ","δὲ","δέ","δέ"
"46","08","01","RA","GPN","τῶν","τῶν","τῶν","ὁ"
"46","08","01","A","GPN","εἰδωλοθύτων,","εἰδωλοθύτων","εἰδωλοθύτων","εἰδωλόθυτον"
"46","08","01","V","1XAI-P","οἴδαμεν","οἴδαμεν","οἴδαμεν","οἶδα"
"46","08","01","C","","ὅτι","ὅτι","ὅτι","ὅτι"
"46","08","01","A","NPM","πάντες","πάντες","πάντες","πᾶς"
"46","08","01","N","ASF","γνῶσιν","γνῶσιν","γνῶσιν","γνῶσις"
"46","08","01","V","1PAI-P","ἔχομεν.","ἔχομεν","ἔχομεν","ἔχω"
"46","08","01","RA","NSF","ἡ","ἡ","ἡ","ὁ"
"46","08","01","N","NSF","γνῶσις","γνῶσις","γνῶσις","γνῶσις"
"46","08","01","V","3PAI-S","φυσιοῖ,","φυσιοῖ","φυσιοῖ","φυσιόω"
"46","08","01","RA","NSF","ἡ","ἡ","ἡ","ὁ"
"46","08","01","C","","δὲ","δὲ","δέ","δέ"
"46","08","01","N","NSF","ἀγάπη","ἀγάπη","ἀγάπη","ἀγάπη"
"46","08","01","V","3PAI-S","οἰκοδομεῖ.","οἰκοδομεῖ","οἰκοδομεῖ","οἰκοδομέω"
"46","08","02","C","","⸀εἴ","εἴ","εἰ","εἰ"
"46","08","02","RI","NSM","τις","τις","τὶς","τις"
"46","08","02","V","3PAI-S","δοκεῖ","δοκεῖ","δοκεῖ","δοκέω"
"46","08","02","V","XAN","⸀ἐγνωκέναι","ἐγνωκέναι","ἐγνωκέναι","γινώσκω"
"46","08","02","RI","ASN","τι,","τι","τὶ","τις"
"46","08","02","D","","⸀οὔπω","οὔπω","οὔπω","οὔπω"
"46","08","02","V","3AAI-S","⸀ἔγνω","ἔγνω","ἔγνω","γινώσκω"
"46","08","02","C","","καθὼς","καθὼς","καθώς","καθώς"
"46","08","02","V","3PAI-S","δεῖ","δεῖ","δεῖ","δέω"
"46","08","02","V","AAN","γνῶναι·","γνῶναι","γνῶναι","γινώσκω"
"46","08","03","C","","εἰ","εἰ","εἰ","εἰ"
"46","08","03","C","","δέ","δέ","δέ","δέ"
"46","08","03","RI","NSM","τις","τις","τὶς","τις"
"46","08","03","V","3PAI-S","ἀγαπᾷ","ἀγαπᾷ","ἀγαπᾷ","ἀγαπάω"
"46","08","03","RA","ASM","τὸν","τὸν","τόν","ὁ"
"46","08","03","N","ASM","θεόν,","θεόν","θεόν","θεός"
"46","08","03","RD","NSM","οὗτος","οὗτος","οὗτος","οὗτος"
"46","08","03","V","3XPI-S","ἔγνωσται","ἔγνωσται","ἔγνωσται","γινώσκω"
"46","08","03","P","","ὑπ’","ὑπ’","ὑπό","ὑπό"
"46","08","03","RP","GSM","αὐτοῦ.","αὐτοῦ","αὐτοῦ","αὐτός"
"46","08","04","P","","Περὶ","Περὶ","περί","περί"
"46","08","04","RA","GSF","τῆς","τῆς","τῆς","ὁ"
"46","08","04","N","GSF","βρώσεως","βρώσεως","βρώσεως","βρῶσις"
"46","08","04","C","","οὖν","οὖν","οὖν","οὖν"
"46","08","04","RA","GPN","τῶν","τῶν","τῶν","ὁ"
"46","08","04","A","GPN","εἰδωλοθύτων","εἰδωλοθύτων","εἰδωλοθύτων","εἰδωλόθυτον"
"46","08","04","V","1XAI-P","οἴδαμεν","οἴδαμεν","οἴδαμεν","οἶδα"
"46","08","04","C","","ὅτι","ὅτι","ὅτι","ὅτι"
"46","08","04","A","NSN","οὐδὲν","οὐδὲν","οὐδέν","οὐδείς"
"46","08","04","N","NSN","εἴδωλον","εἴδωλον","εἴδωλον","εἴδωλον"
"46","08","04","P","","ἐν","ἐν","ἐν","ἐν"
"46","08","04","N","DSM","κόσμῳ,","κόσμῳ","κόσμῳ","κόσμος"
"46","08","04","C","","καὶ","καὶ","καί","καί"
"46","08","04","C","","ὅτι","ὅτι","ὅτι","ὅτι"
"46","08","04","A","NSM","οὐδεὶς","οὐδεὶς","οὐδείς","οὐδείς"
"46","08","04","N","NSM","⸀θεὸς","θεὸς","θεός","θεός"
"46","08","04","C","","εἰ","εἰ","εἰ","εἰ"
"46","08","04","D","","μὴ","μὴ","μή","μή"
"46","08","04","A","NSM","εἷς.","εἷς","εἷς","εἷς"
"46","08","05","D","","καὶ","καὶ","καί","καί"
"46","08","05","C","","γὰρ","γὰρ","γάρ","γάρ"
"46","08","05","C","","εἴπερ","εἴπερ","εἴπερ","εἴπερ"
"46","08","05","V","3PAI-P","εἰσὶν","εἰσὶν","εἰσί(ν)","εἰμί"
"46","08","05","V","PPPNPM","λεγόμενοι","λεγόμενοι","λεγόμενοι","λέγω"
"46","08","05","N","NPM","θεοὶ","θεοὶ","θεοί","θεός"
"46","08","05","C","","εἴτε","εἴτε","εἴτε","εἴτε"
"46","08","05","P","","ἐν","ἐν","ἐν","ἐν"
"46","08","05","N","DSM","οὐρανῷ","οὐρανῷ","οὐρανῷ","οὐρανός"
"46","08","05","C","","εἴτε","εἴτε","εἴτε","εἴτε"
"46","08","05","P","","ἐπὶ","ἐπὶ","ἐπί","ἐπί"
"46","08","05","N","GSF","γῆς,","γῆς","γῆς","γῆ"
"46","08","05","C","","ὥσπερ","ὥσπερ","ὥσπερ","ὥσπερ"
"46","08","05","V","3PAI-P","εἰσὶν","εἰσὶν","εἰσί(ν)","εἰμί"
"46","08","05","N","NPM","θεοὶ","θεοὶ","θεοί","θεός"
"46","08","05","A","NPM","πολλοὶ","πολλοὶ","πολλοί","πολύς"
"46","08","05","C","","καὶ","καὶ","καί","καί"
"46","08","05","N","NPM","κύριοι","κύριοι","κύριοι","κύριος"
"46","08","05","A","NPM","πολλοί,","πολλοί","πολλοί","πολύς"
"46","08","06","C","","ἀλλ’","ἀλλ’","ἀλλά","ἀλλά"
"46","08","06","RP","DP","ἡμῖν","ἡμῖν","ἡμῖν","ἐγώ"
"46","08","06","A","NSM","εἷς","εἷς","εἷς","εἷς"
"46","08","06","N","NSM","θεὸς","θεὸς","θεός","θεός"
"46","08","06","RA","NSM","ὁ","ὁ","ὁ","ὁ"
"46","08","06","N","NSM","πατήρ,","πατήρ","πατήρ","πατήρ"
"46","08","06","P","","ἐξ","ἐξ","ἐκ","ἐκ"
"46","08","06","RR","GSM","οὗ","οὗ","οὗ","ὅς"
"46","08","06","RA","NPN","τὰ","τὰ","τά","ὁ"
"46","08","06","A","NPN","πάντα","πάντα","πάντα","πᾶς"
"46","08","06","C","","καὶ","καὶ","καί","καί"
"46","08","06","RP","NP","ἡμεῖς","ἡμεῖς","ἡμεῖς","ἐγώ"
"46","08","06","P","","εἰς","εἰς","εἰς","εἰς"
"46","08","06","RP","ASM","αὐτόν,","αὐτόν","αὐτόν","αὐτός"
"46","08","06","C","","καὶ","καὶ","καί","καί"
"46","08","06","A","NSM","εἷς","εἷς","εἷς","εἷς"
"46","08","06","N","NSM","κύριος","κύριος","κύριος","κύριος"
"46","08","06","N","NSM","Ἰησοῦς","Ἰησοῦς","Ἰησοῦς","Ἰησοῦς"
"46","08","06","N","NSM","Χριστός,","Χριστός","Χριστός","Χριστός"
"46","08","06","P","","δι’","δι’","διά","διά"
"46","08","06","RR","GSM","οὗ","οὗ","οὗ","ὅς"
"46","08","06","RA","NPN","τὰ","τὰ","τά","ὁ"
"46","08","06","A","NPN","πάντα","πάντα","πάντα","πᾶς"
"46","08","06","C","","καὶ","καὶ","καί","καί"
"46","08","06","RP","NP","ἡμεῖς","ἡμεῖς","ἡμεῖς","ἐγώ"
"46","08","06","P","","δι’","δι’","διά","διά"
"46","08","06","RP","GSM","αὐτοῦ.","αὐτοῦ","αὐτοῦ","αὐτός"
"46","08","07","C","","Ἀλλ’","Ἀλλ’","ἀλλά","ἀλλά"
"46","08","07","D","","οὐκ","οὐκ","οὐ","οὐ"
"46","08","07","P","","ἐν","ἐν","ἐν","ἐν"
"46","08","07","A","DPM","πᾶσιν","πᾶσιν","πᾶσι(ν)","πᾶς"
"46","08","07","RA","NSF","ἡ","ἡ","ἡ","ὁ"
"46","08","07","N","NSF","γνῶσις·","γνῶσις","γνῶσις","γνῶσις"
"46","08","07","RI","NPM","τινὲς","τινὲς","τινές","τις"
"46","08","07","C","","δὲ","δὲ","δέ","δέ"
"46","08","07","RA","DSF","τῇ","τῇ","τῇ","ὁ"
"46","08","07","N","DSF","⸀συνηθείᾳ","συνηθείᾳ","συνηθείᾳ","συνήθεια"
"46","08","07","P","","⸂ἕως","ἕως","ἕως","ἕως"
"46","08","07","D","","ἄρτι","ἄρτι","ἄρτι","ἄρτι"
"46","08","07","RA","GSN","τοῦ","τοῦ","τοῦ","ὁ"
"46","08","07","N","GSN","εἰδώλου⸃","εἰδώλου","εἰδώλου","εἴδωλον"
"46","08","07","C","","ὡς","ὡς","ὡς","ὡς"
"46","08","07","A","ASN","εἰδωλόθυτον","εἰδωλόθυτον","εἰδωλόθυτον","εἰδωλόθυτον"
"46","08","07","V","3PAI-P","ἐσθίουσιν,","ἐσθίουσιν","ἐσθίουσι(ν)","ἐσθίω"
"46","08","07","C","","καὶ","καὶ","καί","καί"
"46","08","07","RA","NSF","ἡ","ἡ","ἡ","ὁ"
"46","08","07","N","NSF","συνείδησις","συνείδησις","συνείδησις","συνείδησις"
"46","08","07","RP","GPM","αὐτῶν","αὐτῶν","αὐτῶν","αὐτός"
"46","08","07","A","NSF","ἀσθενὴς","ἀσθενὴς","ἀσθενής","ἀσθενής"
"46","08","07","V","PAPNSF","οὖσα","οὖσα","οὖσα","εἰμί"
"46","08","07","V","3PPI-S","μολύνεται.","μολύνεται","μολύνεται","μολύνω"
"46","08","08","N","NSN","βρῶμα","βρῶμα","βρῶμα","βρῶμα"
"46","08","08","C","","δὲ","δὲ","δέ","δέ"
"46","08","08","RP","AP","ἡμᾶς","ἡμᾶς","ἡμᾶς","ἐγώ"
"46","08","08","D","","οὐ","οὐ","οὐ","οὐ"
"46","08","08","V","3FAI-S","⸀παραστήσει","παραστήσει","παραστήσει","παρίστημι"
"46","08","08","RA","DSM","τῷ","τῷ","τῷ","ὁ"
"46","08","08","N","DSM","θεῷ·","θεῷ","θεῷ","θεός"
"46","08","08","C","","οὔτε","οὔτε","οὔτε","οὔτε"
"46","08","08","C","","⸂γὰρ","γὰρ","γάρ","γάρ"
"46","08","08","C","","ἐὰν","ἐὰν","ἐάν","ἐάν"
"46","08","08","V","1AAS-P","φάγωμεν,","φάγωμεν","φάγωμεν","ἐσθίω"
"46","08","08","V","1PAI-P","περισσεύομεν,","περισσεύομεν","περισσεύομεν","περισσεύω"
"46","08","08","C","","οὔτε","οὔτε","οὔτε","οὔτε"
"46","08","08","C","","ἐὰν","ἐὰν","ἐάν","ἐάν"
"46","08","08","D","","μὴ","μὴ","μή","μή"
"46","08","08","V","1AAS-P","φάγωμεν,","φάγωμεν","φάγωμεν","ἐσθίω"
"46","08","08","V","1PPI-P","ὑστερούμεθα⸃.","ὑστερούμεθα","ὑστερούμεθα","ὑστερέω"
"46","08","09","V","2PAD-P","βλέπετε","βλέπετε","βλέπετε","βλέπω"
"46","08","09","C","","δὲ","δὲ","δέ","δέ"
"46","08","09","C","","μή","μή","μή","μή"
"46","08","09","D","","πως","πως","πώς","πώς"
"46","08","09","RA","NSF","ἡ","ἡ","ἡ","ὁ"
"46","08","09","N","NSF","ἐξουσία","ἐξουσία","ἐξουσία","ἐξουσία"
"46","08","09","RP","GP","ὑμῶν","ὑμῶν","ὑμῶν","σύ"
"46","08","09","RD","NSF","αὕτη","αὕτη","αὕτη","οὗτος"
"46","08","09","N","NSN","πρόσκομμα","πρόσκομμα","πρόσκομμα","πρόσκομμα"
"46","08","09","V","3AMS-S","γένηται","γένηται","γένηται","γίνομαι"
"46","08","09","RA","DPM","τοῖς","τοῖς","τοῖς","ὁ"
"46","08","09","A","DPM","⸀ἀσθενέσιν.","ἀσθενέσιν","ἀσθενέσι(ν)","ἀσθενής"
"46","08","10","C","","ἐὰν","ἐὰν","ἐάν","ἐάν"
"46","08","10","C","","γάρ","γάρ","γάρ","γάρ"
"46","08","10","RI","NSM","τις","τις","τὶς","τις"
"46","08","10","V","3AAS-S","ἴδῃ","ἴδῃ","ἴδῃ","ὁράω"
"46","08","10","RP","AS","σὲ","σὲ","σέ","σύ"
"46","08","10","RA","ASM","τὸν","τὸν","τόν","ὁ"
"46","08","10","V","PAPASM","ἔχοντα","ἔχοντα","ἔχοντα","ἔχω"
"46","08","10","N","ASF","γνῶσιν","γνῶσιν","γνῶσιν","γνῶσις"
"46","08","10","P","","ἐν","ἐν","ἐν","ἐν"
"46","08","10","N","DSN","εἰδωλείῳ","εἰδωλείῳ","εἰδωλείῳ","εἰδωλεῖον"
"46","08","10","V","PMPASM","κατακείμενον,","κατακείμενον","κατακείμενον","κατάκειμαι"
"46","08","10","X","","οὐχὶ","οὐχὶ","οὐχί","οὐχί"
"46","08","10","RA","NSF","ἡ","ἡ","ἡ","ὁ"
"46","08","10","N","NSF","συνείδησις","συνείδησις","συνείδησις","συνείδησις"
"46","08","10","RP","GSM","αὐτοῦ","αὐτοῦ","αὐτοῦ","αὐτός"
"46","08","10","A","GSM","ἀσθενοῦς","ἀσθενοῦς","ἀσθενοῦς","ἀσθενής"
"46","08","10","V","PAPGSM","ὄντος","ὄντος","ὄντος","εἰμί"
"46","08","10","V","3FPI-S","οἰκοδομηθήσεται","οἰκοδομηθήσεται","οἰκοδομηθήσεται","οἰκοδομέω"
"46","08","10","P","","εἰς","εἰς","εἰς","εἰς"
"46","08","10","RA","ASN","τὸ","τὸ","τό","ὁ"
"46","08","10","RA","APN","τὰ","τὰ","τά","ὁ"
"46","08","10","A","APN","εἰδωλόθυτα","εἰδωλόθυτα","εἰδωλόθυτα","εἰδωλόθυτον"
"46","08","10","V","PAN","ἐσθίειν;","ἐσθίειν","ἐσθίειν","ἐσθίω"
"46","08","11","V","3PPI-S","⸂ἀπόλλυται","ἀπόλλυται","ἀπόλλυται","ἀπόλλυμι"
"46","08","11","C","","γὰρ⸃","γὰρ","γάρ","γάρ"
"46","08","11","RA","NSM","ὁ","ὁ","ὁ","ὁ"
"46","08","11","V","PAPNSM","ἀσθενῶν","ἀσθενῶν","ἀσθενῶν","ἀσθενέω"
"46","08","11","P","","⸀ἐν","ἐν","ἐν","ἐν"
"46","08","11","RA","DSF","τῇ","τῇ","τῇ","ὁ"
"46","08","11","A","DSF","σῇ","σῇ","σῇ","σός"
"46","08","11","N","DSF","γνώσει,","γνώσει","γνώσει","γνῶσις"
"46","08","11","RA","NSM","⸂ὁ","ὁ","ὁ","ὁ"
"46","08","11","N","NSM","ἀδελφὸς⸃","ἀδελφὸς","ἀδελφός","ἀδελφός"
"46","08","11","P","","δι’","δι’","διά","διά"
"46","08","11","RR","ASM","ὃν","ὃν","ὅν","ὅς"
"46","08","11","N","NSM","Χριστὸς","Χριστὸς","Χριστός","Χριστός"
"46","08","11","V","3AAI-S","ἀπέθανεν.","ἀπέθανεν","ἀπέθανε(ν)","ἀποθνῄσκω"
"46","08","12","D","","οὕτως","οὕτως","οὕτω(ς)","οὕτω(ς)"
"46","08","12","C","","δὲ","δὲ","δέ","δέ"
"46","08","12","V","PAPNPM","ἁμαρτάνοντες","ἁμαρτάνοντες","ἁμαρτάνοντες","ἁμαρτάνω"
"46","08","12","P","","εἰς","εἰς","εἰς","εἰς"
"46","08","12","RA","APM","τοὺς","τοὺς","τούς","ὁ"
"46","08","12","N","APM","ἀδελφοὺς","ἀδελφοὺς","ἀδελφούς","ἀδελφός"
"46","08","12","C","","καὶ","καὶ","καί","καί"
"46","08","12","V","PAPNPM","τύπτοντες","τύπτοντες","τύπτοντες","τύπτω"
"46","08","12","RP","GPM","αὐτῶν","αὐτῶν","αὐτῶν","αὐτός"
"46","08","12","RA","ASF","τὴν","τὴν","τήν","ὁ"
"46","08","12","N","ASF","συνείδησιν","συνείδησιν","συνείδησιν","συνείδησις"
"46","08","12","V","PAPASF","ἀσθενοῦσαν","ἀσθενοῦσαν","ἀσθενοῦσαν","ἀσθενέω"
"46","08","12","P","","εἰς","εἰς","εἰς","εἰς"
"46","08","12","N","ASM","Χριστὸν","Χριστὸν","Χριστόν","Χριστός"
"46","08","12","V","2PAI-P","ἁμαρτάνετε.","ἁμαρτάνετε","ἁμαρτάνετε","ἁμαρτάνω"
"46","08","13","C","","διόπερ","διόπερ","διόπερ","διόπερ"
"46","08","13","C","","εἰ","εἰ","εἰ","εἰ"
"46","08","13","N","NSN","βρῶμα","βρῶμα","βρῶμα","βρῶμα"
"46","08","13","V","3PAI-S","σκανδαλίζει","σκανδαλίζει","σκανδαλίζει","σκανδαλίζω"
"46","08","13","RA","ASM","τὸν","τὸν","τόν","ὁ"
"46","08","13","N","ASM","ἀδελφόν","ἀδελφόν","ἀδελφόν","ἀδελφός"
"46","08","13","RP","GS","μου,","μου","μου","ἐγώ"
"46","08","13","D","","οὐ","οὐ","οὐ","οὐ"
"46","08","13","D","","μὴ","μὴ","μή","μή"
"46","08","13","V","1AAS-S","φάγω","φάγω","φάγω","ἐσθίω"
"46","08","13","N","APN","κρέα","κρέα","κρέα","κρέας"
"46","08","13","P","","εἰς","εἰς","εἰς","εἰς"
"46","08","13","RA","ASM","τὸν","τὸν","τόν","ὁ"
"46","08","13","N","ASM","αἰῶνα,","αἰῶνα","αἰῶνα","αἰών"
"46","08","13","C","","ἵνα","ἵνα","ἵνα","ἵνα"
"46","08","13","D","","μὴ","μὴ","μή","μή"
"46","08","13","RA","ASM","τὸν","τὸν","τόν","ὁ"
"46","08","13","N","ASM","ἀδελφόν","ἀδελφόν","ἀδελφόν","ἀδελφός"
"46","08","13","RP","GS","μου","μου","μου","ἐγώ"
"46","08","13","V","1AAS-S","σκανδαλίσω.","σκανδαλίσω","σκανδαλίσω","σκανδαλίζω"
"46","09","01","X","","Οὐκ","Οὐκ","οὐ","οὐ"
"46","09","01","V","1PAI-S","εἰμὶ","εἰμὶ","εἰμί","εἰμί"
"46","09","01","A","NSM","⸂ἐλεύθερος;","ἐλεύθερος","ἐλεύθερος","ἐλεύθερος"
"46","09","01","X","","οὐκ","οὐκ","οὐ","οὐ"
"46","09","01","V","1PAI-S","εἰμὶ","εἰμὶ","εἰμί","εἰμί"
"46","09","01","N","NSM","ἀπόστολος⸃;","ἀπόστολος","ἀπόστολος","ἀπόστολος"
"46","09","01","X","","οὐχὶ","οὐχὶ","οὐχί","οὐχί"
"46","09","01","N","ASM","⸀Ἰησοῦν","Ἰησοῦν","Ἰησοῦν","Ἰησοῦς"
"46","09","01","RA","ASM","τὸν","τὸν","τόν","ὁ"
"46","09","01","N","ASM","κύριον","κύριον","κύριον","κύριος"
"46","09","01","RP","GP","ἡμῶν","ἡμῶν","ἡμῶν","ἐγώ"
"46","09","01","V","1XAI-S","ἑόρακα;","ἑόρακα","ἑόρακα","ὁράω"
"46","09","01","X","","οὐ","οὐ","οὐ","οὐ"
"46","09","01","RA","NSN","τὸ","τὸ","τό","ὁ"
"46","09","01","N","NSN","ἔργον","ἔργον","ἔργον","ἔργον"
"46","09","01","RP","GS","μου","μου","μου","ἐγώ"
"46","09","01","RP","NP","ὑμεῖς","ὑμεῖς","ὑμεῖς","σύ"
"46","09","01","V","2PAI-P","ἐστε","ἐστε","ἐστέ","εἰμί"
"46","09","01","P","","ἐν","ἐν","ἐν","ἐν"
"46","09","01","N","DSM","κυρίῳ;","κυρίῳ","κυρίῳ","κύριος"
"46","09","02","C","","εἰ","εἰ","εἰ","εἰ"
"46","09","02","A","DPM","ἄλλοις","ἄλλοις","ἄλλοις","ἄλλος"
"46","09","02","D","","οὐκ","οὐκ","οὐ","οὐ"
"46","09","02","V","1PAI-S","εἰμὶ","εἰμὶ","εἰμί","εἰμί"
"46","09","02","N","NSM","ἀπόστολος,","ἀπόστολος","ἀπόστολος","ἀπόστολος"
"46","09","02","C","","ἀλλά","ἀλλά","ἀλλά","ἀλλά"
"46","09","02","X","","γε","γε","γέ","γέ"
"46","09","02","RP","DP","ὑμῖν","ὑμῖν","ὑμῖν","σύ"
"46","09","02","V","1PAI-S","εἰμι,","εἰμι","εἰμί","εἰμί"
"46","09","02","RA","NSF","ἡ","ἡ","ἡ","ὁ"
"46","09","02","C","","γὰρ","γὰρ","γάρ","γάρ"
"46","09","02","N","NSF","σφραγίς","σφραγίς","σφραγίς","σφραγίς"
"46","09","02","RP","GS","⸂μου","μου","μου","ἐγώ"
"46","09","02","RA","GSF","τῆς⸃","τῆς","τῆς","ὁ"
"46","09","02","N","GSF","ἀποστολῆς","ἀποστολῆς","ἀποστολῆς","ἀποστολή"
"46","09","02","RP","NP","ὑμεῖς","ὑμεῖς","ὑμεῖς","σύ"
"46","09","02","V","2PAI-P","ἐστε","ἐστε","ἐστέ","εἰμί"
"46","09","02","P","","ἐν","ἐν","ἐν","ἐν"
"46","09","02","N","DSM","κυρίῳ.","κυρίῳ","κυρίῳ","κύριος"
"46","09","03","RA","NSF","Ἡ","Ἡ","ἡ","ὁ"
"46","09","03","A","NSF","ἐμὴ","ἐμὴ","ἐμή","ἐμός"
"46","09","03","N","NSF","ἀπολογία","ἀπολογία","ἀπολογία","ἀπολογία"
"46","09","03","RA","DPM","τοῖς","τοῖς","τοῖς","ὁ"
"46","09","03","RP","AS","ἐμὲ","ἐμὲ","ἐμέ","ἐγώ"
"46","09","03","V","PAPDPM","ἀνακρίνουσίν","ἀνακρίνουσίν","ἀνακρίνουσι(ν)","ἀνακρίνω"
"46","09","03","V","3PAI-S","⸂ἐστιν","ἐστιν","ἐστί(ν)","εἰμί"
"46","09","03","RD","NSF","αὕτη⸃.","αὕτη","αὕτη","οὗτος"
"46","09","04","X","","μὴ","μὴ","μή","μή"
"46","09","04","D","","οὐκ","οὐκ","οὐ","οὐ"
"46","09","04","V","1PAI-P","ἔχομεν","ἔχομεν","ἔχομεν","ἔχω"
"46","09","04","N","ASF","ἐξουσίαν","ἐξουσίαν","ἐξουσίαν","ἐξουσία"
"46","09","04","V","AAN","φαγεῖν","φαγεῖν","φαγεῖν","ἐσθίω"
"46","09","04","C","","καὶ","καὶ","καί","καί"
"46","09","04","V","AAN","⸀πεῖν;","πεῖν","πεῖν","πίνω"
"46","09","05","X","","μὴ","μὴ","μή","μή"
"46","09","05","D","","οὐκ","οὐκ","οὐ","οὐ"
"46","09","05","V","1PAI-P","ἔχομεν","ἔχομεν","ἔχομεν","ἔχω"
"46","09","05","N","ASF","ἐξουσίαν","ἐξουσίαν","ἐξουσίαν","ἐξουσία"
"46","09","05","N","ASF","ἀδελφὴν","ἀδελφὴν","ἀδελφήν","ἀδελφή"
"46","09","05","N","ASF","γυναῖκα","γυναῖκα","γυναῖκα","γυνή"
"46","09","05","V","PAN","περιάγειν,","περιάγειν","περιάγειν","περιάγω"
"46","09","05","C","","ὡς","ὡς","ὡς","ὡς"
"46","09","05","D","","καὶ","καὶ","καί","καί"
"46","09","05","RA","NPM","οἱ","οἱ","οἱ","ὁ"
"46","09","05","A","NPM","λοιποὶ","λοιποὶ","λοιποί","λοιπός"
"46","09","05","N","NPM","ἀπόστολοι","ἀπόστολοι","ἀπόστολοι","ἀπόστολος"
"46","09","05","C","","καὶ","καὶ","καί","καί"
"46","09","05","RA","NPM","οἱ","οἱ","οἱ","ὁ"
"46","09","05","N","NPM","ἀδελφοὶ","ἀδελφοὶ","ἀδελφοί","ἀδελφός"
"46","09","05","RA","GSM","τοῦ","τοῦ","τοῦ","ὁ"
"46","09","05","N","GSM","κυρίου","κυρίου","κυρίου","κύριος"
"46","09","05","C","","καὶ","καὶ","καί","καί"
"46","09","05","N","NSM","Κηφᾶς;","Κηφᾶς","Κηφᾶς","Κηφᾶς"
"46","09","06","C","","ἢ","ἢ","ἤ","ἤ"
"46","09","06","A","NSM","μόνος","μόνος","μόνος","μόνος"
"46","09","06","RP","NS","ἐγὼ","ἐγὼ","ἐγώ","ἐγώ"
"46","09","06","C","","καὶ","καὶ","καί","καί"
"46","09","06","N","NSM","Βαρναβᾶς","Βαρναβᾶς","Βαρναβᾶς","Βαρναβᾶς"
"46","09","06","X","","οὐκ","οὐκ","οὐ","οὐ"
"46","09","06","V","1PAI-P","ἔχομεν","ἔχομεν","ἔχομεν","ἔχω"
"46","09","06","N","ASF","ἐξουσίαν","ἐξουσίαν","ἐξουσίαν","ἐξουσία"
"46","09","06","D","","⸀μὴ","μὴ","μή","μή"
"46","09","06","V","PMN","ἐργάζεσθαι;","ἐργάζεσθαι","ἐργάζεσθαι","ἐργάζομαι"
"46","09","07","RI","NSM","τίς","τίς","τίς","τίς"
"46","09","07","V","3PMI-S","στρατεύεται","στρατεύεται","στρατεύεται","στρατεύομαι"
"46","09","07","A","DPN","ἰδίοις","ἰδίοις","ἰδίοις","ἴδιος"
"46","09","07","N","DPN","ὀψωνίοις","ὀψωνίοις","ὀψωνίοις","ὀψώνιον"
"46","09","07","X","","ποτέ;","ποτέ","ποτέ","ποτέ"
"46","09","07","RI","NSM","τίς","τίς","τίς","τίς"
"46","09","07","V","3PAI-S","φυτεύει","φυτεύει","φυτεύει","φυτεύω"
"46","09","07","N","ASM","ἀμπελῶνα","ἀμπελῶνα","ἀμπελῶνα","ἀμπελών"
"46","09","07","C","","καὶ","καὶ","καί","καί"
"46","09","07","RA","ASM","⸂τὸν","τὸν","τόν","ὁ"
"46","09","07","N","ASM","καρπὸν⸃","καρπὸν","καρπόν","καρπός"
"46","09","07","RP","GSM","αὐτοῦ","αὐτοῦ","αὐτοῦ","αὐτός"
"46","09","07","D","","οὐκ","οὐκ","οὐ","οὐ"
"46","09","07","V","3PAI-S","ἐσθίει;","ἐσθίει","ἐσθίει","ἐσθίω"
"46","09","07","RI","NSM","⸀τίς","τίς","τίς","τίς"
"46","09","07","V","3PAI-S","ποιμαίνει","ποιμαίνει","ποιμαίνει","ποιμαίνω"
"46","09","07","N","ASF","ποίμνην","ποίμνην","ποίμνην","ποίμνη"
"46","09","07","C","","καὶ","καὶ","καί","καί"
"46","09","07","P","","ἐκ","ἐκ","ἐκ","ἐκ"
"46","09","07","RA","GSN","τοῦ","τοῦ","τοῦ","ὁ"
"46","09","07","N","GSN","γάλακτος","γάλακτος","γάλακτος","γάλα"
"46","09","07","RA","GSF","τῆς","τῆς","τῆς","ὁ"
"46","09","07","N","GSF","ποίμνης","ποίμνης","ποίμνης","ποίμνη"
"46","09","07","D","","οὐκ","οὐκ","οὐ","οὐ"
"46","09","07","V","3PAI-S","ἐσθίει;","ἐσθίει","ἐσθίει","ἐσθίω"
"46","09","08","X","","Μὴ","Μὴ","μή","μή"
"46","09","08","P","","κατὰ","κατὰ","κατά","κατά"
"46","09","08","N","ASM","ἄνθρωπον","ἄνθρωπον","ἄνθρωπον","ἄνθρωπος"
"46","09","08","RD","APN","ταῦτα","ταῦτα","ταῦτα","οὗτος"
"46","09","08","V","1PAI-S","λαλῶ","λαλῶ","λαλῶ","λαλέω"
"46","09","08","C","","ἢ","ἢ","ἤ","ἤ"
"46","09","08","D","","⸂καὶ","καὶ","καί","καί"
"46","09","08","RA","NSM","ὁ","ὁ","ὁ","ὁ"
"46","09","08","N","NSM","νόμος","νόμος","νόμος","νόμος"
"46","09","08","RD","APN","ταῦτα","ταῦτα","ταῦτα","οὗτος"
"46","09","08","X","","οὐ⸃","οὐ","οὐ","οὐ"
"46","09","08","V","3PAI-S","λέγει;","λέγει","λέγει","λέγω"
"46","09","09","P","","ἐν","ἐν","ἐν","ἐν"
"46","09","09","C","","γὰρ","γὰρ","γάρ","γάρ"
"46","09","09","RA","DSM","τῷ","τῷ","τῷ","ὁ"
"46","09","09","N","GSM","Μωϋσέως","Μωϋσέως","Μωϋσέως","Μωϋσῆς"
"46","09","09","N","DSM","νόμῳ","νόμῳ","νόμῳ","νόμος"
"46","09","09","V","3XPI-S","γέγραπται·","γέγραπται","γέγραπται","γράφω"
"46","09","09","D","","Οὐ","Οὐ","οὐ","οὐ"
"46","09","09","V","2FAI-S","⸀κημώσεις","κημώσεις","κημώσεις","κημόω"
"46","09","09","N","ASM","βοῦν","βοῦν","βοῦν","βοῦς"
"46","09","09","V","PAPASM","ἀλοῶντα.","ἀλοῶντα","ἀλοῶντα","ἀλοάω"
"46","09","09","X","","μὴ","μὴ","μή","μή"
"46","09","09","RA","GPM","τῶν","τῶν","τῶν","ὁ"
"46","09","09","N","GPM","βοῶν","βοῶν","βοῶν","βοῦς"
"46","09","09","V","3PAI-S","μέλει","μέλει","μέλει","μέλει"
"46","09","09","RA","DSM","τῷ","τῷ","τῷ","ὁ"
"46","09","09","N","DSM","θεῷ,","θεῷ","θεῷ","θεός"
"46","09","10","C","","ἢ","ἢ","ἤ","ἤ"
"46","09","10","P","","δι’","δι’","διά","διά"
"46","09","10","RP","AP","ἡμᾶς","ἡμᾶς","ἡμᾶς","ἐγώ"
"46","09","10","D","","πάντως","πάντως","πάντως","πάντως"
"46","09","10","V","3PAI-S","λέγει;","λέγει","λέγει","λέγω"
"46","09","10","P","","δι’","δι’","διά","διά"
"46","09","10","RP","AP","ἡμᾶς","ἡμᾶς","ἡμᾶς","ἐγώ"
"46","09","10","C","","γὰρ","γὰρ","γάρ","γάρ"
"46","09","10","V","3API-S","ἐγράφη,","ἐγράφη","ἐγράφη","γράφω"
"46","09","10","C","","ὅτι","ὅτι","ὅτι","ὅτι"
"46","09","10","V","3PAI-S","⸂ὀφείλει","ὀφείλει","ὀφείλει","ὀφείλω"
"46","09","10","P","","ἐπ’","ἐπ’","ἐπί","ἐπί"
"46","09","10","N","DSF","ἐλπίδι⸃","ἐλπίδι","ἐλπίδι","ἐλπίς"
"46","09","10","RA","NSM","ὁ","ὁ","ὁ","ὁ"
"46","09","10","V","PAPNSM","ἀροτριῶν","ἀροτριῶν","ἀροτριῶν","ἀροτριάω"
"46","09","10","V","PAN","ἀροτριᾶν,","ἀροτριᾶν","ἀροτριᾶν","ἀροτριάω"
"46","09","10","C","","καὶ","καὶ","καί","καί"
"46","09","10","RA","NSM","ὁ","ὁ","ὁ","ὁ"
"46","09","10","V","PAPNSM","ἀλοῶν","ἀλοῶν","ἀλοῶν","ἀλοάω"
"46","09","10","P","","⸂ἐπ’","ἐπ’","ἐπί","ἐπί"
"46","09","10","N","DSF","ἐλπίδι","ἐλπίδι","ἐλπίδι","ἐλπίς"
"46","09","10","RA","GSN","τοῦ","τοῦ","τοῦ","ὁ"
"46","09","10","V","PAN","μετέχειν⸃.","μετέχειν","μετέχειν","μετέχω"
"46","09","11","C","","εἰ","εἰ","εἰ","εἰ"
"46","09","11","RP","NP","ἡμεῖς","ἡμεῖς","ἡμεῖς","ἐγώ"
"46","09","11","RP","DP","ὑμῖν","ὑμῖν","ὑμῖν","σύ"
"46","09","11","RA","APN","τὰ","τὰ","τά","ὁ"
"46","09","11","A","APN","πνευματικὰ","πνευματικὰ","πνευματικά","πνευματικός"
"46","09","11","V","1AAI-P","ἐσπείραμεν,","ἐσπείραμεν","ἐσπείραμεν","σπείρω"
"46","09","11","A","NSN","μέγα","μέγα","μέγα","μέγας"
"46","09","11","C","","εἰ","εἰ","εἰ","εἰ"
"46","09","11","RP","NP","ἡμεῖς","ἡμεῖς","ἡμεῖς","ἐγώ"
"46","09","11","RP","GP","ὑμῶν","ὑμῶν","ὑμῶν","σύ"
"46","09","11","RA","APN","τὰ","τὰ","τά","ὁ"
"46","09","11","A","APN","σαρκικὰ","σαρκικὰ","σαρκικά","σαρκικός"
"46","09","11","V","1FAI-P","θερίσομεν;","θερίσομεν","θερίσομεν","θερίζω"
"46","09","12","C","","εἰ","εἰ","εἰ","εἰ"
"46","09","12","A","NPM","ἄλλοι","ἄλλοι","ἄλλοι","ἄλλος"
"46","09","12","RA","GSF","τῆς","τῆς","τῆς","ὁ"
"46","09","12","RP","GP","⸂ὑμῶν","ὑμῶν","ὑμῶν","σύ"
"46","09","12","N","GSF","ἐξουσίας⸃","ἐξουσίας","ἐξουσίας","ἐξουσία"
"46","09","12","V","3PAI-P","μετέχουσιν,","μετέχουσιν","μετέχουσι(ν)","μετέχω"
"46","09","12","X","","οὐ","οὐ","οὐ","οὐ"
"46","09","12","D","","μᾶλλον","μᾶλλον","μᾶλλον","μᾶλλον"
"46","09","12","RP","NP","ἡμεῖς;","ἡμεῖς","ἡμεῖς","ἐγώ"
"46","09","12","C","","Ἀλλ’","Ἀλλ’","ἀλλά","ἀλλά"
"46","09","12","D","","οὐκ","οὐκ","οὐ","οὐ"
"46","09","12","V","1AMI-P","ἐχρησάμεθα","ἐχρησάμεθα","ἐχρησάμεθα","χράομαι"
"46","09","12","RA","DSF","τῇ","τῇ","τῇ","ὁ"
"46","09","12","N","DSF","ἐξουσίᾳ","ἐξουσίᾳ","ἐξουσίᾳ","ἐξουσία"
"46","09","12","RD","DSF","ταύτῃ,","ταύτῃ","ταύτῃ","οὗτος"
"46","09","12","C","","ἀλλὰ","ἀλλὰ","ἀλλά","ἀλλά"
"46","09","12","A","APN","πάντα","πάντα","πάντα","πᾶς"
"46","09","12","V","1PAI-P","στέγομεν","στέγομεν","στέγομεν","στέγω"
"46","09","12","C","","ἵνα","ἵνα","ἵνα","ἵνα"
"46","09","12","D","","μή","μή","μή","μή"
"46","09","12","RI","ASF","⸂τινα","τινα","τινά","τις"
"46","09","12","N","ASF","ἐγκοπὴν⸃","ἐγκοπὴν","ἐγκοπήν","ἐγκοπή"
"46","09","12","V","1AAS-P","δῶμεν","δῶμεν","δῶμεν","δίδωμι"
"46","09","12","RA","DSN","τῷ","τῷ","τῷ","ὁ"
"46","09","12","N","DSN","εὐαγγελίῳ","εὐαγγελίῳ","εὐαγγελίῳ","εὐαγγέλιον"
"46","09","12","RA","GSM","τοῦ","τοῦ","τοῦ","ὁ"
"46","09","12","N","GSM","Χριστοῦ.","Χριστοῦ","Χριστοῦ","Χριστός"
"46","09","13","D","","οὐκ","οὐκ","οὐ","οὐ"
"46","09","13","V","2XAI-P","οἴδατε","οἴδατε","οἴδατε","οἶδα"
"46","09","13","C","","ὅτι","ὅτι","ὅτι","ὅτι"
"46","09","13","RA","NPM","οἱ","οἱ","οἱ","ὁ"
"46","09","13","RA","APN","τὰ","τὰ","τά","ὁ"
"46","09","13","A","APN","ἱερὰ","ἱερὰ","ἱερά","ἱερός"
"46","09","13","V","PMPNPM","ἐργαζόμενοι","ἐργαζόμενοι","ἐργαζόμενοι","ἐργάζομαι"
"46","09","13","RA","APN","⸀τὰ","τὰ","τά","ὁ"
"46","09","13","P","","ἐκ","ἐκ","ἐκ","ἐκ"
"46","09","13","RA","GSN","τοῦ","τοῦ","τοῦ","ὁ"
"46","09","13","A","GSN","ἱεροῦ","ἱεροῦ","ἱεροῦ","ἱερός"
"46","09","13","V","3PAI-P","ἐσθίουσιν,","ἐσθίουσιν","ἐσθίουσι(ν)","ἐσθίω"
"46","09","13","RA","NPM","οἱ","οἱ","οἱ","ὁ"
"46","09","13","RA","DSN","τῷ","τῷ","τῷ","ὁ"
"46","09","13","N","DSN","θυσιαστηρίῳ","θυσιαστηρίῳ","θυσιαστηρίῳ","θυσιαστήριον"
"46","09","13","V","PAPNPM","⸀παρεδρεύοντες","παρεδρεύοντες","παρεδρεύοντες","παρεδρεύω"
"46","09","13","RA","DSN","τῷ","τῷ","τῷ","ὁ"
"46","09","13","N","DSN","θυσιαστηρίῳ","θυσιαστηρίῳ","θυσιαστηρίῳ","θυσιαστήριον"
"46","09","13","V","3PMI-P","συμμερίζονται;","συμμερίζονται","συμμερίζονται","συμμερίζομαι"
"46","09","14","D","","οὕτως","οὕτως","οὕτω(ς)","οὕτω(ς)"
"46","09","14","D","","καὶ","καὶ","καί","καί"
"46","09","14","RA","NSM","ὁ","ὁ","ὁ","ὁ"
"46","09","14","N","NSM","κύριος","κύριος","κύριος","κύριος"
"46","09","14","V","3AAI-S","διέταξεν","διέταξεν","διέταξε(ν)","διατάσσω"
"46","09","14","RA","DPM","τοῖς","τοῖς","τοῖς","ὁ"
"46","09","14","RA","ASN","τὸ","τὸ","τό","ὁ"
"46","09","14","N","ASN","εὐαγγέλιον","εὐαγγέλιον","εὐαγγέλιον","εὐαγγέλιον"
"46","09","14","V","PAPDPM","καταγγέλλουσιν","καταγγέλλουσιν","καταγγέλλουσι(ν)","καταγγέλλω"
"46","09","14","P","","ἐκ","ἐκ","ἐκ","ἐκ"
"46","09","14","RA","GSN","τοῦ","τοῦ","τοῦ","ὁ"
"46","09","14","N","GSN","εὐαγγελίου","εὐαγγελίου","εὐαγγελίου","εὐαγγέλιον"
"46","09","14","V","PAN","ζῆν.","ζῆν","ζῆν","ζάω"
"46","09","15","RP","NS","Ἐγὼ","Ἐγὼ","ἐγώ","ἐγώ"
"46","09","15","C","","δὲ","δὲ","δέ","δέ"
"46","09","15","D","","⸂οὐ","οὐ","οὐ","οὐ"
"46","09","15","V","1XMI-S","κέχρημαι","κέχρημαι","κέχρημαι","χράομαι"
"46","09","15","A","DSM","οὐδενὶ⸃","οὐδενὶ","οὐδενί","οὐδείς"
"46","09","15","RD","GPN","τούτων.","τούτων","τούτων","οὗτος"
"46","09","15","D","","οὐκ","οὐκ","οὐ","οὐ"
"46","09","15","V","1AAI-S","ἔγραψα","ἔγραψα","ἔγραψα","γράφω"
"46","09","15","C","","δὲ","δὲ","δέ","δέ"
"46","09","15","RD","APN","ταῦτα","ταῦτα","ταῦτα","οὗτος"
"46","09","15","C","","ἵνα","ἵνα","ἵνα","ἵνα"
"46","09","15","D","","οὕτως","οὕτως","οὕτω(ς)","οὕτω(ς)"
"46","09","15","V","3AMS-S","γένηται","γένηται","γένηται","γίνομαι"
"46","09","15","P","","ἐν","ἐν","ἐν","ἐν"
"46","09","15","RP","DS","ἐμοί,","ἐμοί","ἐμοί","ἐγώ"
"46","09","15","A","NSN","καλὸν","καλὸν","καλόν","καλός"
"46","09","15","C","","γάρ","γάρ","γάρ","γάρ"
"46","09","15","RP","DS","μοι","μοι","μοι","ἐγώ"
"46","09","15","D","","μᾶλλον","μᾶλλον","μᾶλλον","μᾶλλον"
"46","09","15","V","AAN","ἀποθανεῖν","ἀποθανεῖν","ἀποθανεῖν","ἀποθνῄσκω"
"46","09","15","C","","ἤ—","ἤ","ἤ","ἤ"
"46","09","15","RA","ASN","τὸ","τὸ","τό","ὁ"
"46","09","15","N","ASN","καύχημά","καύχημά","καύχημα","καύχημα"
"46","09","15","RP","GS","μου","μου","μου","ἐγώ"
"46","09","15","A","NSM","⸂οὐδεὶς","οὐδεὶς","οὐδείς","οὐδείς"
"46","09","15","V","3FAI-S","κενώσει⸃.","κενώσει","κενώσει","κενόω"
"46","09","16","C","","ἐὰν","ἐὰν","ἐάν","ἐάν"
"46","09","16","C","","γὰρ","γὰρ","γάρ","γάρ"
"46","09","16","V","1PMS-S","εὐαγγελίζωμαι,","εὐαγγελίζωμαι","εὐαγγελίζωμαι","εὐαγγελίζω"
"46","09","16","D","","οὐκ","οὐκ","οὐ","οὐ"
"46","09","16","V","3PAI-S","ἔστιν","ἔστιν","ἐστί(ν)","εἰμί"
"46","09","16","RP","DS","μοι","μοι","μοι","ἐγώ"
"46","09","16","N","NSN","καύχημα,","καύχημα","καύχημα","καύχημα"
"46","09","16","N","NSF","ἀνάγκη","ἀνάγκη","ἀνάγκη","ἀνάγκη"
"46","09","16","C","","γάρ","γάρ","γάρ","γάρ"
"46","09","16","RP","DS","μοι","μοι","μοι","ἐγώ"
"46","09","16","V","3PMI-S","ἐπίκειται·","ἐπίκειται","ἐπίκειται","ἐπίκειμαι"
"46","09","16","X","","οὐαὶ","οὐαὶ","οὐαί","οὐαί"
"46","09","16","C","","⸀γάρ","γάρ","γάρ","γάρ"
"46","09","16","RP","DS","μοί","μοί","μοι","ἐγώ"
"46","09","16","V","3PAI-S","ἐστιν","ἐστιν","ἐστί(ν)","εἰμί"
"46","09","16","C","","ἐὰν","ἐὰν","ἐάν","ἐάν"
"46","09","16","D","","μὴ","μὴ","μή","μή"
"46","09","16","V","1AMS-S","⸀εὐαγγελίσωμαι.","εὐαγγελίσωμαι","εὐαγγελίσωμαι","εὐαγγελίζω"
"46","09","17","C","","εἰ","εἰ","εἰ","εἰ"
"46","09","17","C","","γὰρ","γὰρ","γάρ","γάρ"
"46","09","17","A","NSM","ἑκὼν","ἑκὼν","ἑκών","ἑκών"
"46","09","17","RD","ASN","τοῦτο","τοῦτο","τοῦτο","οὗτος"
"46","09","17","V","1PAI-S","πράσσω,","πράσσω","πράσσω","πράσσω"
"46","09","17","N","ASM","μισθὸν","μισθὸν","μισθόν","μισθός"
"46","09","17","V","1PAI-S","ἔχω·","ἔχω","ἔχω","ἔχω"
"46","09","17","C","","εἰ","εἰ","εἰ","εἰ"
"46","09","17","C","","δὲ","δὲ","δέ","δέ"
"46","09","17","A","NSM","ἄκων,","ἄκων","ἄκων","ἄκων"
"46","09","17","N","ASF","οἰκονομίαν","οἰκονομίαν","οἰκονομίαν","οἰκονομία"
"46","09","17","V","1XPI-S","πεπίστευμαι.","πεπίστευμαι","πεπίστευμαι","πιστεύω"
"46","09","18","RI","NSM","τίς","τίς","τίς","τίς"
"46","09","18","C","","οὖν","οὖν","οὖν","οὖν"
"46","09","18","RP","GS","⸀μού","μού","μου","ἐγώ"
"46","09","18","V","3PAI-S","ἐστιν","ἐστιν","ἐστί(ν)","εἰμί"
"46","09","18","RA","NSM","ὁ","ὁ","ὁ","ὁ"
"46","09","18","N","NSM","μισθός;","μισθός","μισθός","μισθός"
"46","09","18","C","","ἵνα","ἵνα","ἵνα","ἵνα"
"46","09","18","V","PMPNSM","εὐαγγελιζόμενος","εὐαγγελιζόμενος","εὐαγγελιζόμενος","εὐαγγελίζω"
"46","09","18","A","ASN","ἀδάπανον","ἀδάπανον","ἀδάπανον","ἀδάπανος"
"46","09","18","V","1AAS-S","θήσω","θήσω","θήσω","τίθημι"
"46","09","18","RA","ASN","τὸ","τὸ","τό","ὁ"
"46","09","18","N","ASN","⸀εὐαγγέλιον,","εὐαγγέλιον","εὐαγγέλιον","εὐαγγέλιον"
"46","09","18","P","","εἰς","εἰς","εἰς","εἰς"
"46","09","18","RA","ASN","τὸ","τὸ","τό","ὁ"
"46","09","18","D","","μὴ","μὴ","μή","μή"
"46","09","18","V","AMN","καταχρήσασθαι","καταχρήσασθαι","καταχρήσασθαι","καταχράομαι"
"46","09","18","RA","DSF","τῇ","τῇ","τῇ","ὁ"
"46","09","18","N","DSF","ἐξουσίᾳ","ἐξουσίᾳ","ἐξουσίᾳ","ἐξουσία"
"46","09","18","RP","GS","μου","μου","μου","ἐγώ"
"46","09","18","P","","ἐν","ἐν","ἐν","ἐν"
"46","09","18","RA","DSN","τῷ","τῷ","τῷ","ὁ"
"46","09","18","N","DSN","εὐαγγελίῳ.","εὐαγγελίῳ","εὐαγγελίῳ","εὐαγγέλιον"
"46","09","19","A","NSM","Ἐλεύθερος","Ἐλεύθερος","ἐλεύθερος","ἐλεύθερος"
"46","09","19","C","","γὰρ","γὰρ","γάρ","γάρ"
"46","09","19","V","PAPNSM","ὢν","ὢν","ὤν","εἰμί"
"46","09","19","P","","ἐκ","ἐκ","ἐκ","ἐκ"
"46","09","19","A","GPM","πάντων","πάντων","πάντων","πᾶς"
"46","09","19","A","DPM","πᾶσιν","πᾶσιν","πᾶσι(ν)","πᾶς"
"46","09","19","RP","ASM","ἐμαυτὸν","ἐμαυτὸν","ἐμαυτόν","ἐμαυτοῦ"
"46","09","19","V","1AAI-S","ἐδούλωσα,","ἐδούλωσα","ἐδούλωσα","δουλόω"
"46","09","19","C","","ἵνα","ἵνα","ἵνα","ἵνα"
"46","09","19","RA","APM","τοὺς","τοὺς","τούς","ὁ"
"46","09","19","A","APMC","πλείονας","πλείονας","πλείονας","πολύς"
"46","09","19","V","1AAS-S","κερδήσω·","κερδήσω","κερδήσω","κερδαίνω"
"46","09","20","C","","καὶ","καὶ","καί","καί"
"46","09","20","V","1AMI-S","ἐγενόμην","ἐγενόμην","ἐγενόμην","γίνομαι"
"46","09","20","RA","DPM","τοῖς","τοῖς","τοῖς","ὁ"
"46","09","20","A","DPM","Ἰουδαίοις","Ἰουδαίοις","Ἰουδαίοις","Ἰουδαῖος"
"46","09","20","C","","ὡς","ὡς","ὡς","ὡς"
"46","09","20","A","NSM","Ἰουδαῖος,","Ἰουδαῖος","Ἰουδαῖος","Ἰουδαῖος"
"46","09","20","C","","ἵνα","ἵνα","ἵνα","ἵνα"
"46","09","20","A","APM","Ἰουδαίους","Ἰουδαίους","Ἰουδαίους","Ἰουδαῖος"
"46","09","20","V","1AAS-S","κερδήσω·","κερδήσω","κερδήσω","κερδαίνω"
"46","09","20","RA","DPM","τοῖς","τοῖς","τοῖς","ὁ"
"46","09","20","P","","ὑπὸ","ὑπὸ","ὑπό","ὑπό"
"46","09","20","N","ASM","νόμον","νόμον","νόμον","νόμος"
"46","09","20","C","","ὡς","ὡς","ὡς","ὡς"
"46","09","20","P","","ὑπὸ","ὑπὸ","ὑπό","ὑπό"
"46","09","20","N","ASM","νόμον,","νόμον","νόμον","νόμος"
"46","09","20","D","","⸂μὴ","μὴ","μή","μή"
"46","09","20","V","PAPNSM","ὢν","ὢν","ὤν","εἰμί"
"46","09","20","RP","NSM","αὐτὸς","αὐτὸς","αὐτός","αὐτός"
"46","09","20","P","","ὑπὸ","ὑπὸ","ὑπό","ὑπό"
"46","09","20","N","ASM","νόμον⸃,","νόμον","νόμον","νόμος"
"46","09","20","C","","ἵνα","ἵνα","ἵνα","ἵνα"
"46","09","20","RA","APM","τοὺς","τοὺς","τούς","ὁ"
"46","09","20","P","","ὑπὸ","ὑπὸ","ὑπό","ὑπό"
"46","09","20","N","ASM","νόμον","νόμον","νόμον","νόμος"
"46","09","20","V","1AAS-S","κερδήσω·","κερδήσω","κερδήσω","κερδαίνω"
"46","09","21","RA","DPM","τοῖς","τοῖς","τοῖς","ὁ"
"46","09","21","A","DPM","ἀνόμοις","ἀνόμοις","ἀνόμοις","ἄνομος"
"46","09","21","C","","ὡς","ὡς","ὡς","ὡς"
"46","09","21","A","NSM","ἄνομος,","ἄνομος","ἄνομος","ἄνομος"
"46","09","21","D","","μὴ","μὴ","μή","μή"
"46","09","21","V","PAPNSM","ὢν","ὢν","ὤν","εἰμί"
"46","09","21","A","NSM","ἄνομος","ἄνομος","ἄνομος","ἄνομος"
"46","09","21","N","GSM","⸀θεοῦ","θεοῦ","θεοῦ","θεός"
"46","09","21","C","","ἀλλ’","ἀλλ’","ἀλλά","ἀλλά"
"46","09","21","A","NSM","ἔννομος","ἔννομος","ἔννομος","ἔννομος"
"46","09","21","N","GSM","⸀Χριστοῦ,","Χριστοῦ","Χριστοῦ","Χριστός"
"46","09","21","C","","ἵνα","ἵνα","ἵνα","ἵνα"
"46","09","21","V","1AAS-S","⸀κερδάνω","κερδάνω","κερδάνω","κερδαίνω"
"46","09","21","RA","APM","⸀τοὺς","τοὺς","τούς","ὁ"
"46","09","21","A","APM","ἀνόμους·","ἀνόμους","ἀνόμους","ἄνομος"
"46","09","22","V","1AMI-S","ἐγενόμην","ἐγενόμην","ἐγενόμην","γίνομαι"
"46","09","22","RA","DPM","τοῖς","τοῖς","τοῖς","ὁ"
"46","09","22","A","DPM","⸀ἀσθενέσιν","ἀσθενέσιν","ἀσθενέσι(ν)","ἀσθενής"
"46","09","22","A","NSM","ἀσθενής,","ἀσθενής","ἀσθενής","ἀσθενής"
"46","09","22","C","","ἵνα","ἵνα","ἵνα","ἵνα"
"46","09","22","RA","APM","τοὺς","τοὺς","τούς","ὁ"
"46","09","22","A","APM","ἀσθενεῖς","ἀσθενεῖς","ἀσθενεῖς","ἀσθενής"
"46","09","22","V","1AAS-S","κερδήσω·","κερδήσω","κερδήσω","κερδαίνω"
"46","09","22","RA","DPM","τοῖς","τοῖς","τοῖς","ὁ"
"46","09","22","A","DPM","πᾶσιν","πᾶσιν","πᾶσι(ν)","πᾶς"
"46","09","22","V","1XAI-S","⸀γέγονα","γέγονα","γέγονα","γίνομαι"
"46","09","22","A","NPN","πάντα,","πάντα","πάντα","πᾶς"
"46","09","22","C","","ἵνα","ἵνα","ἵνα","ἵνα"
"46","09","22","D","","πάντως","πάντως","πάντως","πάντως"
"46","09","22","RI","APM","τινὰς","τινὰς","τινάς","τις"
"46","09","22","V","1AAS-S","σώσω.","σώσω","σώσω","σῴζω"
"46","09","23","A","APN","⸀πάντα","πάντα","πάντα","πᾶς"
"46","09","23","C","","δὲ","δὲ","δέ","δέ"
"46","09","23","V","1PAI-S","ποιῶ","ποιῶ","ποιῶ","ποιέω"
"46","09","23","P","","διὰ","διὰ","διά","διά"
"46","09","23","RA","ASN","τὸ","τὸ","τό","ὁ"
"46","09","23","N","ASN","εὐαγγέλιον,","εὐαγγέλιον","εὐαγγέλιον","εὐαγγέλιον"
"46","09","23","C","","ἵνα","ἵνα","ἵνα","ἵνα"
"46","09","23","N","NSM","συγκοινωνὸς","συγκοινωνὸς","συγκοινωνός","συγκοινωνός"
"46","09","23","RP","GSN","αὐτοῦ","αὐτοῦ","αὐτοῦ","αὐτός"
"46","09","23","V","1AMS-S","γένωμαι.","γένωμαι","γένωμαι","γίνομαι"
"46","09","24","D","","Οὐκ","Οὐκ","οὐ","οὐ"
"46","09","24","V","2XAI-P","οἴδατε","οἴδατε","οἴδατε","οἶδα"
"46","09","24","C","","ὅτι","ὅτι","ὅτι","ὅτι"
"46","09","24","RA","NPM","οἱ","οἱ","οἱ","ὁ"
"46","09","24","P","","ἐν","ἐν","ἐν","ἐν"
"46","09","24","N","DSN","σταδίῳ","σταδίῳ","σταδίῳ","στάδιον"
"46","09","24","V","PAPNPM","τρέχοντες","τρέχοντες","τρέχοντες","τρέχω"
"46","09","24","A","NPM","πάντες","πάντες","πάντες","πᾶς"
"46","09","24","C","","μὲν","μὲν","μέν","μέν"
"46","09","24","V","3PAI-P","τρέχουσιν,","τρέχουσιν","τρέχουσι(ν)","τρέχω"
"46","09","24","A","NSM","εἷς","εἷς","εἷς","εἷς"
"46","09","24","C","","δὲ","δὲ","δέ","δέ"
"46","09","24","V","3PAI-S","λαμβάνει","λαμβάνει","λαμβάνει","λαμβάνω"
"46","09","24","RA","ASN","τὸ","τὸ","τό","ὁ"
"46","09","24","N","ASN","βραβεῖον;","βραβεῖον","βραβεῖον","βραβεῖον"
"46","09","24","D","","οὕτως","οὕτως","οὕτω(ς)","οὕτω(ς)"
"46","09","24","V","2PAD-P","τρέχετε","τρέχετε","τρέχετε","τρέχω"
"46","09","24","C","","ἵνα","ἵνα","ἵνα","ἵνα"
"46","09","24","V","2AAS-P","καταλάβητε.","καταλάβητε","καταλάβητε","καταλαμβάνω"
"46","09","25","A","NSM","πᾶς","πᾶς","πᾶς","πᾶς"
"46","09","25","C","","δὲ","δὲ","δέ","δέ"
"46","09","25","RA","NSM","ὁ","ὁ","ὁ","ὁ"
"46","09","25","V","PMPNSM","ἀγωνιζόμενος","ἀγωνιζόμενος","ἀγωνιζόμενος","ἀγωνίζομαι"
"46","09","25","A","APN","πάντα","πάντα","πάντα","πᾶς"
"46","09","25","V","3PMI-S","ἐγκρατεύεται,","ἐγκρατεύεται","ἐγκρατεύεται","ἐγκρατεύομαι"
"46","09","25","RD","NPM","ἐκεῖνοι","ἐκεῖνοι","ἐκεῖνοι","ἐκεῖνος"
"46","09","25","C","","μὲν","μὲν","μέν","μέν"
"46","09","25","C","","οὖν","οὖν","οὖν","οὖν"
"46","09","25","C","","ἵνα","ἵνα","ἵνα","ἵνα"
"46","09","25","A","ASM","φθαρτὸν","φθαρτὸν","φθαρτόν","φθαρτός"
"46","09","25","N","ASM","στέφανον","στέφανον","στέφανον","στέφανος"
"46","09","25","V","3AAS-P","λάβωσιν,","λάβωσιν","λάβωσι(ν)","λαμβάνω"
"46","09","25","RP","NP","ἡμεῖς","ἡμεῖς","ἡμεῖς","ἐγώ"
"46","09","25","C","","δὲ","δὲ","δέ","δέ"
"46","09","25","A","ASM","ἄφθαρτον.","ἄφθαρτον","ἄφθαρτον","ἄφθαρτος"
"46","09","26","RP","NS","ἐγὼ","ἐγὼ","ἐγώ","ἐγώ"
"46","09","26","C","","τοίνυν","τοίνυν","τοίνυν","τοίνυν"
"46","09","26","D","","οὕτως","οὕτως","οὕτω(ς)","οὕτω(ς)"
"46","09","26","V","1PAI-S","τρέχω","τρέχω","τρέχω","τρέχω"
"46","09","26","C","","ὡς","ὡς","ὡς","ὡς"
"46","09","26","D","","οὐκ","οὐκ","οὐ","οὐ"
"46","09","26","D","","ἀδήλως,","ἀδήλως","ἀδήλως","ἀδήλως"
"46","09","26","D","","οὕτως","οὕτως","οὕτω(ς)","οὕτω(ς)"
"46","09","26","V","1PAI-S","πυκτεύω","πυκτεύω","πυκτεύω","πυκτεύω"
"46","09","26","C","","ὡς","ὡς","ὡς","ὡς"
"46","09","26","D","","οὐκ","οὐκ","οὐ","οὐ"
"46","09","26","N","ASM","ἀέρα","ἀέρα","ἀέρα","ἀήρ"
"46","09","26","V","PAPNSM","δέρων·","δέρων","δέρων","δέρω"
"46","09","27","C","","ἀλλὰ","ἀλλὰ","ἀλλά","ἀλλά"
"46","09","27","V","1PAI-S","ὑπωπιάζω","ὑπωπιάζω","ὑπωπιάζω","ὑπωπιάζω"
"46","09","27","RP","GS","μου","μου","μου","ἐγώ"
"46","09","27","RA","ASN","τὸ","τὸ","τό","ὁ"
"46","09","27","N","ASN","σῶμα","σῶμα","σῶμα","σῶμα"
"46","09","27","C","","καὶ","καὶ","καί","καί"
"46","09","27","V","1PAI-S","δουλαγωγῶ,","δουλαγωγῶ","δουλαγωγῶ","δουλαγωγέω"
"46","09","27","C","","μή","μή","μή","μή"
"46","09","27","D","","πως","πως","πώς","πώς"
"46","09","27","A","DPM","ἄλλοις","ἄλλοις","ἄλλοις","ἄλλος"
"46","09","27","V","AAPNSM","κηρύξας","κηρύξας","κηρύξας","κηρύσσω"
"46","09","27","RP","NSM","αὐτὸς","αὐτὸς","αὐτός","αὐτός"
"46","09","27","A","NSM","ἀδόκιμος","ἀδόκιμος","ἀδόκιμος","ἀδόκιμος"
"46","09","27","V","1AMS-S","γένωμαι.","γένωμαι","γένωμαι","γίνομαι"
"46","10","01","D","","Οὐ","Οὐ","οὐ","οὐ"
"46","10","01","V","1PAI-S","θέλω","θέλω","θέλω","θέλω"
"46","10","01","C","","⸀γὰρ","γὰρ","γάρ","γάρ"
"46","10","01","RP","AP","ὑμᾶς","ὑμᾶς","ὑμᾶς","σύ"
"46","10","01","V","PAN","ἀγνοεῖν,","ἀγνοεῖν","ἀγνοεῖν","ἀγνοέω"
"46","10","01","N","VPM","ἀδελφοί,","ἀδελφοί","ἀδελφοί","ἀδελφός"
"46","10","01","C","","ὅτι","ὅτι","ὅτι","ὅτι"
"46","10","01","RA","NPM","οἱ","οἱ","οἱ","ὁ"
"46","10","01","N","NPM","πατέρες","πατέρες","πατέρες","πατήρ"
"46","10","01","RP","GP","ἡμῶν","ἡμῶν","ἡμῶν","ἐγώ"
"46","10","01","A","NPM","πάντες","πάντες","πάντες","πᾶς"
"46","10","01","P","","ὑπὸ","ὑπὸ","ὑπό","ὑπό"
"46","10","01","RA","ASF","τὴν","τὴν","τήν","ὁ"
"46","10","01","N","ASF","νεφέλην","νεφέλην","νεφέλην","νεφέλη"
"46","10","01","V","3IAI-P","ἦσαν","ἦσαν","ἦσαν","εἰμί"
"46","10","01","C","","καὶ","καὶ","καί","καί"
"46","10","01","A","NPM","πάντες","πάντες","πάντες","πᾶς"
"46","10","01","P","","διὰ","διὰ","διά","διά"
"46","10","01","RA","GSF","τῆς","τῆς","τῆς","ὁ"
"46","10","01","N","GSF","θαλάσσης","θαλάσσης","θαλάσσης","θάλασσα"
"46","10","01","V","3AAI-P","διῆλθον,","διῆλθον","διῆλθον","διέρχομαι"
"46","10","02","C","","καὶ","καὶ","καί","καί"
"46","10","02","A","NPM","πάντες","πάντες","πάντες","πᾶς"
"46","10","02","P","","εἰς","εἰς","εἰς","εἰς"
"46","10","02","RA","ASM","τὸν","τὸν","τόν","ὁ"
"46","10","02","N","ASM","Μωϋσῆν","Μωϋσῆν","Μωϋσῆν","Μωϋσῆς"
"46","10","02","V","3AMI-P","⸀ἐβαπτίσαντο","ἐβαπτίσαντο","ἐβαπτίσαντο","βαπτίζω"
"46","10","02","P","","ἐν","ἐν","ἐν","ἐν"
"46","10","02","RA","DSF","τῇ","τῇ","τῇ","ὁ"
"46","10","02","N","DSF","νεφέλῃ","νεφέλῃ","νεφέλῃ","νεφέλη"
"46","10","02","C","","καὶ","καὶ","καί","καί"
"46","10","02","P","","ἐν","ἐν","ἐν","ἐν"
"46","10","02","RA","DSF","τῇ","τῇ","τῇ","ὁ"
"46","10","02","N","DSF","θαλάσσῃ,","θαλάσσῃ","θαλάσσῃ","θάλασσα"
"46","10","03","C","","καὶ","καὶ","καί","καί"
"46","10","03","A","NPM","πάντες","πάντες","πάντες","πᾶς"
"46","10","03","RA","ASN","τὸ","τὸ","τό","ὁ"
"46","10","03","A","ASN","αὐτὸ","αὐτὸ","αὐτό","αὐτός"
"46","10","03","A","ASN","⸂πνευματικὸν","πνευματικὸν","πνευματικόν","πνευματικός"
"46","10","03","N","ASN","βρῶμα⸃","βρῶμα","βρῶμα","βρῶμα"
"46","10","03","V","3AAI-P","ἔφαγον","ἔφαγον","ἔφαγον","ἐσθίω"
"46","10","04","C","","καὶ","καὶ","καί","καί"
"46","10","04","A","NPM","πάντες","πάντες","πάντες","πᾶς"
"46","10","04","RA","ASN","τὸ","τὸ","τό","ὁ"
"46","10","04","A","ASN","αὐτὸ","αὐτὸ","αὐτό","αὐτός"
"46","10","04","A","ASN","⸂πνευματικὸν","πνευματικὸν","πνευματικόν","πνευματικός"
"46","10","04","V","3AAI-P","ἔπιον","ἔπιον","ἔπιον","πίνω"
"46","10","04","N","ASN","πόμα⸃,","πόμα","πόμα","πόμα"
"46","10","04","V","3IAI-P","ἔπινον","ἔπινον","ἔπινον","πίνω"
"46","10","04","C","","γὰρ","γὰρ","γάρ","γάρ"
"46","10","04","P","","ἐκ","ἐκ","ἐκ","ἐκ"
"46","10","04","A","GSF","πνευματικῆς","πνευματικῆς","πνευματικῆς","πνευματικός"
"46","10","04","V","PAPGSF","ἀκολουθούσης","ἀκολουθούσης","ἀκολουθούσης","ἀκολουθέω"
"46","10","04","N","GSF","πέτρας,","πέτρας","πέτρας","πέτρα"
"46","10","04","RA","NSF","ἡ","ἡ","ἡ","ὁ"
"46","10","04","N","NSF","⸂πέτρα","πέτρα","πέτρα","πέτρα"
"46","10","04","C","","δὲ⸃","δὲ","δέ","δέ"
"46","10","04","V","3IAI-S","ἦν","ἦν","ἦν","εἰμί"
"46","10","04","RA","NSM","ὁ","ὁ","ὁ","ὁ"
"46","10","04","N","NSM","Χριστός·","Χριστός","Χριστός","Χριστός"
"46","10","05","C","","ἀλλ’","ἀλλ’","ἀλλά","ἀλλά"
"46","10","05","D","","οὐκ","οὐκ","οὐ","οὐ"
"46","10","05","P","","ἐν","ἐν","ἐν","ἐν"
"46","10","05","RA","DPM","τοῖς","τοῖς","τοῖς","ὁ"
"46","10","05","A","DPMC","πλείοσιν","πλείοσιν","πλείοσι(ν)","πολύς"
"46","10","05","RP","GPM","αὐτῶν","αὐτῶν","αὐτῶν","αὐτός"
"46","10","05","V","3AAI-S","ηὐδόκησεν","ηὐδόκησεν","ηὐδόκησε(ν)","εὐδοκέω"
"46","10","05","RA","NSM","ὁ","ὁ","ὁ","ὁ"
"46","10","05","N","NSM","θεός,","θεός","θεός","θεός"
"46","10","05","V","3API-P","κατεστρώθησαν","κατεστρώθησαν","κατεστρώθησαν","καταστρώννυμι"
"46","10","05","C","","γὰρ","γὰρ","γάρ","γάρ"
"46","10","05","P","","ἐν","ἐν","ἐν","ἐν"
"46","10","05","RA","DSF","τῇ","τῇ","τῇ","ὁ"
"46","10","05","A","DSF","ἐρήμῳ.","ἐρήμῳ","ἐρήμῳ","ἔρημος"
"46","10","06","RD","NPN","Ταῦτα","Ταῦτα","ταῦτα","οὗτος"
"46","10","06","C","","δὲ","δὲ","δέ","δέ"
"46","10","06","N","NPM","τύποι","τύποι","τύποι","τύπος"
"46","10","06","RP","GP","ἡμῶν","ἡμῶν","ἡμῶν","ἐγώ"
"46","10","06","V","3API-P","ἐγενήθησαν,","ἐγενήθησαν","ἐγενήθησαν","γίνομαι"
"46","10","06","P","","εἰς","εἰς","εἰς","εἰς"
"46","10","06","RA","ASN","τὸ","τὸ","τό","ὁ"
"46","10","06","D","","μὴ","μὴ","μή","μή"
"46","10","06","V","PAN","εἶναι","εἶναι","εἶναι","εἰμί"
"46","10","06","RP","AP","ἡμᾶς","ἡμᾶς","ἡμᾶς","ἐγώ"
"46","10","06","N","APM","ἐπιθυμητὰς","ἐπιθυμητὰς","ἐπιθυμητάς","ἐπιθυμητής"
"46","10","06","A","GPN","κακῶν,","κακῶν","κακῶν","κακός"
"46","10","06","C","","καθὼς","καθὼς","καθώς","καθώς"
"46","10","06","RD","NPM","κἀκεῖνοι","κἀκεῖνοι","κἀκεῖνοι","κἀκεῖνος"
"46","10","06","V","3AAI-P","ἐπεθύμησαν.","ἐπεθύμησαν","ἐπεθύμησαν","ἐπιθυμέω"
"46","10","07","C","","μηδὲ","μηδὲ","μηδέ","μηδέ"
"46","10","07","N","NPM","εἰδωλολάτραι","εἰδωλολάτραι","εἰδωλολάτραι","εἰδωλολάτρης"
"46","10","07","V","2PMD-P","γίνεσθε,","γίνεσθε","γίνεσθε","γίνομαι"
"46","10","07","C","","καθώς","καθώς","καθώς","καθώς"
"46","10","07","RI","NPM","τινες","τινες","τινές","τις"
"46","10","07","RP","GPM","αὐτῶν·","αὐτῶν","αὐτῶν","αὐτός"
"46","10","07","C","","ὥσπερ","ὥσπερ","ὥσπερ","ὥσπερ"
"46","10","07","V","3XPI-S","γέγραπται·","γέγραπται","γέγραπται","γράφω"
"46","10","07","V","3AAI-S","Ἐκάθισεν","Ἐκάθισεν","ἐκάθισε(ν)","καθίζω"
"46","10","07","RA","NSM","ὁ","ὁ","ὁ","ὁ"
"46","10","07","N","NSM","λαὸς","λαὸς","λαός","λαός"
"46","10","07","V","AAN","φαγεῖν","φαγεῖν","φαγεῖν","ἐσθίω"
"46","10","07","C","","καὶ","καὶ","καί","καί"
"46","10","07","V","AAN","πεῖν,","πεῖν","πεῖν","πίνω"
"46","10","07","C","","καὶ","καὶ","καί","καί"
"46","10","07","V","3AAI-P","ἀνέστησαν","ἀνέστησαν","ἀνέστησαν","ἀνίστημι"
"46","10","07","V","PAN","παίζειν.","παίζειν","παίζειν","παίζω"
"46","10","08","C","","μηδὲ","μηδὲ","μηδέ","μηδέ"
"46","10","08","V","1PAS-P","πορνεύωμεν,","πορνεύωμεν","πορνεύωμεν","πορνεύω"
"46","10","08","C","","καθώς","καθώς","καθώς","καθώς"
"46","10","08","RI","NPM","τινες","τινες","τινές","τις"
"46","10","08","RP","GPM","αὐτῶν","αὐτῶν","αὐτῶν","αὐτός"
"46","10","08","V","3AAI-P","ἐπόρνευσαν,","ἐπόρνευσαν","ἐπόρνευσαν","πορνεύω"
"46","10","08","C","","καὶ","καὶ","καί","καί"
"46","10","08","V","3AAI-P","ἔπεσαν","ἔπεσαν","ἔπεσαν","πίπτω"
"46","10","08","A","DSF","μιᾷ","μιᾷ","μιᾷ","εἷς"
"46","10","08","N","DSF","ἡμέρᾳ","ἡμέρᾳ","ἡμέρᾳ","ἡμέρα"
"46","10","08","A","NPF","εἴκοσι","εἴκοσι","εἴκοσι(ν)","εἴκοσι(ν)"
"46","10","08","A","NPF","τρεῖς","τρεῖς","τρεῖς","τρεῖς"
"46","10","08","N","NPF","χιλιάδες.","χιλιάδες","χιλιάδες","χιλιάς"
"46","10","09","C","","μηδὲ","μηδὲ","μηδέ","μηδέ"
"46","10","09","V","1PAS-P","ἐκπειράζωμεν","ἐκπειράζωμεν","ἐκπειράζωμεν","ἐκπειράζω"
"46","10","09","RA","ASM","τὸν","τὸν","τόν","ὁ"
"46","10","09","N","ASM","⸀Χριστόν,","Χριστόν","Χριστόν","Χριστός"
"46","10","09","C","","⸀καθώς","καθώς","καθώς","καθώς"
"46","10","09","RI","NPM","τινες","τινες","τινές","τις"
"46","10","09","RP","GPM","αὐτῶν","αὐτῶν","αὐτῶν","αὐτός"
"46","10","09","V","3AAI-P","ἐπείρασαν,","ἐπείρασαν","ἐπείρασαν","πειράζω"
"46","10","09","C","","καὶ","καὶ","καί","καί"
"46","10","09","P","","ὑπὸ","ὑπὸ","ὑπό","ὑπό"
"46","10","09","RA","GPM","τῶν","τῶν","τῶν","ὁ"
"46","10","09","N","GPM","ὄφεων","ὄφεων","ὄφεων","ὄφις"
"46","10","09","V","3IPI-P","⸀ἀπώλλυντο.","ἀπώλλυντο","ἀπώλλυντο","ἀπόλλυμι"
"46","10","10","C","","μηδὲ","μηδὲ","μηδέ","μηδέ"
"46","10","10","V","2PAD-P","γογγύζετε,","γογγύζετε","γογγύζετε","γογγύζω"
"46","10","10","C","","⸀καθάπερ","καθάπερ","καθάπερ","καθάπερ"
"46","10","10","RI","NPM","τινὲς","τινὲς","τινές","τις"
"46","10","10","RP","GPM","αὐτῶν","αὐτῶν","αὐτῶν","αὐτός"
"46","10","10","V","3AAI-P","ἐγόγγυσαν,","ἐγόγγυσαν","ἐγόγγυσαν","γογγύζω"
"46","10","10","C","","καὶ","καὶ","καί","καί"
"46","10","10","V","3AMI-P","ἀπώλοντο","ἀπώλοντο","ἀπώλοντο","ἀπόλλυμι"
"46","10","10","P","","ὑπὸ","ὑπὸ","ὑπό","ὑπό"
"46","10","10","RA","GSM","τοῦ","τοῦ","τοῦ","ὁ"
"46","10","10","N","GSM","ὀλοθρευτοῦ.","ὀλοθρευτοῦ","ὀλοθρευτοῦ","ὀλοθρευτής"
"46","10","11","RD","NPN","ταῦτα","ταῦτα","ταῦτα","οὗτος"
"46","10","11","C","","⸀δὲ","δὲ","δέ","δέ"
"46","10","11","D","","⸂τυπικῶς","τυπικῶς","τυπικῶς","τυπικῶς"
"46","10","11","V","3IAI-S","συνέβαινεν⸃","συνέβαινεν","συνέβαινε(ν)","συμβαίνω"
"46","10","11","RD","DPM","ἐκείνοις,","ἐκείνοις","ἐκείνοις","ἐκεῖνος"
"46","10","11","V","3API-S","ἐγράφη","ἐγράφη","ἐγράφη","γράφω"
"46","10","11","C","","δὲ","δὲ","δέ","δέ"
"46","10","11","P","","πρὸς","πρὸς","πρός","πρός"
"46","10","11","N","ASF","νουθεσίαν","νουθεσίαν","νουθεσίαν","νουθεσία"
"46","10","11","RP","GP","ἡμῶν,","ἡμῶν","ἡμῶν","ἐγώ"
"46","10","11","P","","εἰς","εἰς","εἰς","εἰς"
"46","10","11","RR","APM","οὓς","οὓς","οὕς","ὅς"
"46","10","11","RA","NPN","τὰ","τὰ","τά","ὁ"
"46","10","11","N","NPN","τέλη","τέλη","τέλη","τέλος"
"46","10","11","RA","GPM","τῶν","τῶν","τῶν","ὁ"
"46","10","11","N","GPM","αἰώνων","αἰώνων","αἰώνων","αἰών"
"46","10","11","V","3XAI-S","⸀κατήντηκεν.","κατήντηκεν","κατήντηκε(ν)","καταντάω"
"46","10","12","C","","ὥστε","ὥστε","ὥστε","ὥστε"
"46","10","12","RA","NSM","ὁ","ὁ","ὁ","ὁ"
"46","10","12","V","PAPNSM","δοκῶν","δοκῶν","δοκῶν","δοκέω"
"46","10","12","V","XAN","ἑστάναι","ἑστάναι","ἑστάναι","ἵστημι"
"46","10","12","V","3PAD-S","βλεπέτω","βλεπέτω","βλεπέτω","βλέπω"
"46","10","12","C","","μὴ","μὴ","μή","μή"
"46","10","12","V","3AAS-S","πέσῃ,","πέσῃ","πέσῃ","πίπτω"
"46","10","13","N","NSM","πειρασμὸς","πειρασμὸς","πειρασμός","πειρασμός"
"46","10","13","RP","AP","ὑμᾶς","ὑμᾶς","ὑμᾶς","σύ"
"46","10","13","D","","οὐκ","οὐκ","οὐ","οὐ"
"46","10","13","V","3XAI-S","εἴληφεν","εἴληφεν","εἴληφε(ν)","λαμβάνω"
"46","10","13","C","","εἰ","εἰ","εἰ","εἰ"
"46","10","13","D","","μὴ","μὴ","μή","μή"
"46","10","13","A","NSM","ἀνθρώπινος·","ἀνθρώπινος","ἀνθρώπινος","ἀνθρώπινος"
"46","10","13","A","NSM","πιστὸς","πιστὸς","πιστός","πιστός"
"46","10","13","C","","δὲ","δὲ","δέ","δέ"
"46","10","13","RA","NSM","ὁ","ὁ","ὁ","ὁ"
"46","10","13","N","NSM","θεός,","θεός","θεός","θεός"
"46","10","13","RR","NSM","ὃς","ὃς","ὅς","ὅς"
"46","10","13","D","","οὐκ","οὐκ","οὐ","οὐ"
"46","10","13","V","3FAI-S","ἐάσει","ἐάσει","ἐάσει","ἐάω"
"46","10","13","RP","AP","ὑμᾶς","ὑμᾶς","ὑμᾶς","σύ"
"46","10","13","V","APN","πειρασθῆναι","πειρασθῆναι","πειρασθῆναι","πειράζω"
"46","10","13","P","","ὑπὲρ","ὑπὲρ","ὑπέρ","ὑπέρ"
"46","10","13","RR","ASN","ὃ","ὃ","ὅ","ὅς"
"46","10","13","V","2PMI-P","δύνασθε,","δύνασθε","δύνασθε","δύναμαι"
"46","10","13","C","","ἀλλὰ","ἀλλὰ","ἀλλά","ἀλλά"
"46","10","13","V","3FAI-S","ποιήσει","ποιήσει","ποιήσει","ποιέω"
"46","10","13","P","","σὺν","σὺν","σύν","σύν"
"46","10","13","RA","DSM","τῷ","τῷ","τῷ","ὁ"
"46","10","13","N","DSM","πειρασμῷ","πειρασμῷ","πειρασμῷ","πειρασμός"
"46","10","13","D","","καὶ","καὶ","καί","καί"
"46","10","13","RA","ASF","τὴν","τὴν","τήν","ὁ"
"46","10","13","N","ASF","ἔκβασιν","ἔκβασιν","ἔκβασιν","ἔκβασις"
"46","10","13","RA","GSN","τοῦ","τοῦ","τοῦ","ὁ"
"46","10","13","V","PMN","⸀δύνασθαι","δύνασθαι","δύνασθαι","δύναμαι"
"46","10","13","V","AAN","ὑπενεγκεῖν.","ὑπενεγκεῖν","ὑπενεγκεῖν","ὑποφέρω"
"46","10","14","C","","Διόπερ,","Διόπερ","διόπερ","διόπερ"
"46","10","14","A","VPM","ἀγαπητοί","ἀγαπητοί","ἀγαπητοί","ἀγαπητός"
"46","10","14","RP","GS","μου,","μου","μου","ἐγώ"
"46","10","14","V","2PAD-P","φεύγετε","φεύγετε","φεύγετε","φεύγω"
"46","10","14","P","","ἀπὸ","ἀπὸ","ἀπό","ἀπό"
"46","10","14","RA","GSF","τῆς","τῆς","τῆς","ὁ"
"46","10","14","N","GSF","εἰδωλολατρίας.","εἰδωλολατρίας","εἰδωλολατρίας","εἰδωλολατρία"
"46","10","15","C","","ὡς","ὡς","ὡς","ὡς"
"46","10","15","A","DPM","φρονίμοις","φρονίμοις","φρονίμοις","φρόνιμος"
"46","10","15","V","1PAI-S","λέγω·","λέγω","λέγω","λέγω"
"46","10","15","V","2AAD-P","κρίνατε","κρίνατε","κρίνατε","κρίνω"
"46","10","15","RP","NP","ὑμεῖς","ὑμεῖς","ὑμεῖς","σύ"
"46","10","15","RR","ASN","ὅ","ὅ","ὅ","ὅς"
"46","10","15","V","1PAI-S","φημι.","φημι","φημί","φημί"
"46","10","16","RA","NSN","τὸ","τὸ","τό","ὁ"
"46","10","16","N","NSN","ποτήριον","ποτήριον","ποτήριον","ποτήριον"
"46","10","16","RA","GSF","τῆς","τῆς","τῆς","ὁ"
"46","10","16","N","GSF","εὐλογίας","εὐλογίας","εὐλογίας","εὐλογία"
"46","10","16","RR","ASN","ὃ","ὃ","ὅ","ὅς"
"46","10","16","V","1PAI-P","εὐλογοῦμεν,","εὐλογοῦμεν","εὐλογοῦμεν","εὐλογέω"
"46","10","16","X","","οὐχὶ","οὐχὶ","οὐχί","οὐχί"
"46","10","16","N","NSF","κοινωνία","κοινωνία","κοινωνία","κοινωνία"
"46","10","16","V","3PAI-S","⸂ἐστὶν","ἐστὶν","ἐστί(ν)","εἰμί"
"46","10","16","RA","GSN","τοῦ","τοῦ","τοῦ","ὁ"
"46","10","16","N","GSN","αἵματος","αἵματος","αἵματος","αἷμα"
"46","10","16","RA","GSM","τοῦ","τοῦ","τοῦ","ὁ"
"46","10","16","N","GSM","Χριστοῦ⸃;","Χριστοῦ","Χριστοῦ","Χριστός"
"46","10","16","RA","ASM","τὸν","τὸν","τόν","ὁ"
"46","10","16","N","ASM","ἄρτον","ἄρτον","ἄρτον","ἄρτος"
"46","10","16","RR","ASM","ὃν","ὃν","ὅν","ὅς"
"46","10","16","V","1PAI-P","κλῶμεν,","κλῶμεν","κλῶμεν","κλάω"
"46","10","16","X","","οὐχὶ","οὐχὶ","οὐχί","οὐχί"
"46","10","16","N","NSF","κοινωνία","κοινωνία","κοινωνία","κοινωνία"
"46","10","16","RA","GSN","τοῦ","τοῦ","τοῦ","ὁ"
"46","10","16","N","GSN","σώματος","σώματος","σώματος","σῶμα"
"46","10","16","RA","GSM","τοῦ","τοῦ","τοῦ","ὁ"
"46","10","16","N","GSM","Χριστοῦ","Χριστοῦ","Χριστοῦ","Χριστός"
"46","10","16","V","3PAI-S","ἐστιν;","ἐστιν","ἐστί(ν)","εἰμί"
"46","10","17","C","","ὅτι","ὅτι","ὅτι","ὅτι"
"46","10","17","A","NSM","εἷς","εἷς","εἷς","εἷς"
"46","10","17","N","NSM","ἄρτος,","ἄρτος","ἄρτος","ἄρτος"
"46","10","17","A","NSN","ἓν","ἓν","ἕν","εἷς"
"46","10","17","N","NSN","σῶμα","σῶμα","σῶμα","σῶμα"
"46","10","17","RA","NPM","οἱ","οἱ","οἱ","ὁ"
"46","10","17","A","NPM","πολλοί","πολλοί","πολλοί","πολύς"
"46","10","17","V","1PAI-P","ἐσμεν,","ἐσμεν","ἐσμέν","εἰμί"
"46","10","17","RA","NPM","οἱ","οἱ","οἱ","ὁ"
"46","10","17","C","","γὰρ","γὰρ","γάρ","γάρ"
"46","10","17","A","NPM","πάντες","πάντες","πάντες","πᾶς"
"46","10","17","P","","ἐκ","ἐκ","ἐκ","ἐκ"
"46","10","17","RA","GSM","τοῦ","τοῦ","τοῦ","ὁ"
"46","10","17","A","GSM","ἑνὸς","ἑνὸς","ἑνός","εἷς"
"46","10","17","N","GSM","ἄρτου","ἄρτου","ἄρτου","ἄρτος"
"46","10","17","V","1PAI-P","μετέχομεν.","μετέχομεν","μετέχομεν","μετέχω"
"46","10","18","V","2PAD-P","βλέπετε","βλέπετε","βλέπετε","βλέπω"
"46","10","18","RA","ASM","τὸν","τὸν","τόν","ὁ"
"46","10","18","N","ASM","Ἰσραὴλ","Ἰσραὴλ","Ἰσραήλ","Ἰσραήλ"
"46","10","18","P","","κατὰ","κατὰ","κατά","κατά"
"46","10","18","N","ASF","σάρκα·","σάρκα","σάρκα","σάρξ"
"46","10","18","X","","⸀οὐχ","οὐχ","οὐ","οὐ"
"46","10","18","RA","NPM","οἱ","οἱ","οἱ","ὁ"
"46","10","18","V","PAPNPM","ἐσθίοντες","ἐσθίοντες","ἐσθίοντες","ἐσθίω"
"46","10","18","RA","APF","τὰς","τὰς","τάς","ὁ"
"46","10","18","N","APF","θυσίας","θυσίας","θυσίας","θυσία"
"46","10","18","N","NPM","κοινωνοὶ","κοινωνοὶ","κοινωνοί","κοινωνός"
"46","10","18","RA","GSN","τοῦ","τοῦ","τοῦ","ὁ"
"46","10","18","N","GSN","θυσιαστηρίου","θυσιαστηρίου","θυσιαστηρίου","θυσιαστήριον"
"46","10","18","V","3PAI-P","εἰσίν;","εἰσίν","εἰσί(ν)","εἰμί"
"46","10","19","RI","ASN","τί","τί","τί","τίς"
"46","10","19","C","","οὖν","οὖν","οὖν","οὖν"
"46","10","19","V","1PAI-S","φημι;","φημι","φημί","φημί"
"46","10","19","C","","ὅτι","ὅτι","ὅτι","ὅτι"
"46","10","19","A","NSN","⸂εἰδωλόθυτόν","εἰδωλόθυτόν","εἰδωλόθυτον","εἰδωλόθυτον"
"46","10","19","RI","NSN","τί","τί","τὶ","τις"
"46","10","19","V","3PAI-S","ἐστιν,","ἐστιν","ἐστί(ν)","εἰμί"
"46","10","19","C","","ἢ","ἢ","ἤ","ἤ"
"46","10","19","C","","ὅτι","ὅτι","ὅτι","ὅτι"
"46","10","19","N","NSN","εἴδωλόν⸃","εἴδωλόν","εἴδωλον","εἴδωλον"
"46","10","19","RI","NSN","τί","τί","τὶ","τις"
"46","10","19","V","3PAI-S","ἐστιν;","ἐστιν","ἐστί(ν)","εἰμί"
"46","10","20","C","","ἀλλ’","ἀλλ’","ἀλλά","ἀλλά"
"46","10","20","C","","ὅτι","ὅτι","ὅτι","ὅτι"
"46","10","20","RR","APN","ἃ","ἃ","ἅ","ὅς"
"46","10","20","V","3PAI-P","⸀θύουσιν,","θύουσιν","θύουσι(ν)","θύω"
"46","10","20","N","DPN","δαιμονίοις","δαιμονίοις","δαιμονίοις","δαιμόνιον"
"46","10","20","C","","⸂καὶ","καὶ","καί","καί"
"46","10","20","D","","οὐ","οὐ","οὐ","οὐ"
"46","10","20","N","DSM","θεῷ","θεῷ","θεῷ","θεός"
"46","10","20","V","3PAI-P","θύουσιν⸃,","θύουσιν","θύουσι(ν)","θύω"
"46","10","20","D","","οὐ","οὐ","οὐ","οὐ"
"46","10","20","V","1PAI-S","θέλω","θέλω","θέλω","θέλω"
"46","10","20","C","","δὲ","δὲ","δέ","δέ"
"46","10","20","RP","AP","ὑμᾶς","ὑμᾶς","ὑμᾶς","σύ"
"46","10","20","N","APM","κοινωνοὺς","κοινωνοὺς","κοινωνούς","κοινωνός"
"46","10","20","RA","GPN","τῶν","τῶν","τῶν","ὁ"
"46","10","20","N","GPN","δαιμονίων","δαιμονίων","δαιμονίων","δαιμόνιον"
"46","10","20","V","PMN","γίνεσθαι.","γίνεσθαι","γίνεσθαι","γίνομαι"
"46","10","21","D","","οὐ","οὐ","οὐ","οὐ"
"46","10","21","V","2PMI-P","δύνασθε","δύνασθε","δύνασθε","δύναμαι"
"46","10","21","N","ASN","ποτήριον","ποτήριον","ποτήριον","ποτήριον"
"46","10","21","N","GSM","κυρίου","κυρίου","κυρίου","κύριος"
"46","10","21","V","PAN","πίνειν","πίνειν","πίνειν","πίνω"
"46","10","21","C","","καὶ","καὶ","καί","καί"
"46","10","21","N","ASN","ποτήριον","ποτήριον","ποτήριον","ποτήριον"
"46","10","21","N","GPN","δαιμονίων·","δαιμονίων","δαιμονίων","δαιμόνιον"
"46","10","21","D","","οὐ","οὐ","οὐ","οὐ"
"46","10","21","V","2PMI-P","δύνασθε","δύνασθε","δύνασθε","δύναμαι"
"46","10","21","N","GSF","τραπέζης","τραπέζης","τραπέζης","τράπεζα"
"46","10","21","N","GSM","κυρίου","κυρίου","κυρίου","κύριος"
"46","10","21","V","PAN","μετέχειν","μετέχειν","μετέχειν","μετέχω"
"46","10","21","C","","καὶ","καὶ","καί","καί"
"46","10","21","N","GSF","τραπέζης","τραπέζης","τραπέζης","τράπεζα"
"46","10","21","N","GPN","δαιμονίων.","δαιμονίων","δαιμονίων","δαιμόνιον"
"46","10","22","C","","ἢ","ἢ","ἤ","ἤ"
"46","10","22","V","1PAI-P","παραζηλοῦμεν","παραζηλοῦμεν","παραζηλοῦμεν","παραζηλόω"
"46","10","22","RA","ASM","τὸν","τὸν","τόν","ὁ"
"46","10","22","N","ASM","κύριον;","κύριον","κύριον","κύριος"
"46","10","22","X","","μὴ","μὴ","μή","μή"
"46","10","22","A","NPMC","ἰσχυρότεροι","ἰσχυρότεροι","ἰσχυρότεροι","ἰσχυρός"
"46","10","22","RP","GSM","αὐτοῦ","αὐτοῦ","αὐτοῦ","αὐτός"
"46","10","22","V","1PAI-P","ἐσμεν;","ἐσμεν","ἐσμέν","εἰμί"
"46","10","23","A","NPN","⸀Πάντα","Πάντα","πάντα","πᾶς"
"46","10","23","V","3PAI-S","ἔξεστιν·","ἔξεστιν","ἔξεστι(ν)","ἔξεστι(ν)"
"46","10","23","C","","ἀλλ’","ἀλλ’","ἀλλά","ἀλλά"
"46","10","23","D","","οὐ","οὐ","οὐ","οὐ"
"46","10","23","A","NPN","πάντα","πάντα","πάντα","πᾶς"
"46","10","23","V","3PAI-S","συμφέρει.","συμφέρει","συμφέρει","συμφέρω"
"46","10","23","A","NPN","⸁πάντα","πάντα","πάντα","πᾶς"
"46","10","23","V","3PAI-S","ἔξεστιν·","ἔξεστιν","ἔξεστι(ν)","ἔξεστι(ν)"
"46","10","23","C","","ἀλλ’","ἀλλ’","ἀλλά","ἀλλά"
"46","10","23","D","","οὐ","οὐ","οὐ","οὐ"
"46","10","23","A","NPN","πάντα","πάντα","πάντα","πᾶς"
"46","10","23","V","3PAI-S","οἰκοδομεῖ.","οἰκοδομεῖ","οἰκοδομεῖ","οἰκοδομέω"
"46","10","24","A","NSM","μηδεὶς","μηδεὶς","μηδείς","μηδείς"
"46","10","24","RA","ASN","τὸ","τὸ","τό","ὁ"
"46","10","24","RP","GSM","ἑαυτοῦ","ἑαυτοῦ","ἑαυτοῦ","ἑαυτοῦ"
"46","10","24","V","3PAD-S","ζητείτω","ζητείτω","ζητείτω","ζητέω"
"46","10","24","C","","ἀλλὰ","ἀλλὰ","ἀλλά","ἀλλά"
"46","10","24","RA","ASN","τὸ","τὸ","τό","ὁ"
"46","10","24","RA","GSM","τοῦ","τοῦ","τοῦ","ὁ"
"46","10","24","A","GSM","⸀ἑτέρου.","ἑτέρου","ἑτέρου","ἕτερος"
"46","10","25","A","ASN","πᾶν","πᾶν","πᾶν","πᾶς"
"46","10","25","RA","ASN","τὸ","τὸ","τό","ὁ"
"46","10","25","P","","ἐν","ἐν","ἐν","ἐν"
"46","10","25","N","DSN","μακέλλῳ","μακέλλῳ","μακέλλῳ","μάκελλον"
"46","10","25","V","PPPASN","πωλούμενον","πωλούμενον","πωλούμενον","πωλέω"
"46","10","25","V","2PAD-P","ἐσθίετε","ἐσθίετε","ἐσθίετε","ἐσθίω"
"46","10","25","A","ASN","μηδὲν","μηδὲν","μηδέν","μηδείς"
"46","10","25","V","PAPNPM","ἀνακρίνοντες","ἀνακρίνοντες","ἀνακρίνοντες","ἀνακρίνω"
"46","10","25","P","","διὰ","διὰ","διά","διά"
"46","10","25","RA","ASF","τὴν","τὴν","τήν","ὁ"
"46","10","25","N","ASF","συνείδησιν,","συνείδησιν","συνείδησιν","συνείδησις"
"46","10","26","RA","GSM","τοῦ","τοῦ","τοῦ","ὁ"
"46","10","26","N","GSM","⸂κυρίου","κυρίου","κυρίου","κύριος"
"46","10","26","C","","γὰρ⸃","γὰρ","γάρ","γάρ"
"46","10","26","RA","NSF","ἡ","ἡ","ἡ","ὁ"
"46","10","26","N","NSF","γῆ","γῆ","γῆ","γῆ"
"46","10","26","C","","καὶ","καὶ","καί","καί"
"46","10","26","RA","NSN","τὸ","τὸ","τό","ὁ"
"46","10","26","N","NSN","πλήρωμα","πλήρωμα","πλήρωμα","πλήρωμα"
"46","10","26","RP","GSF","αὐτῆς.","αὐτῆς","αὐτῆς","αὐτός"
"46","10","27","C","","⸀εἴ","εἴ","εἰ","εἰ"
"46","10","27","RI","NSM","τις","τις","τὶς","τις"
"46","10","27","V","3PAI-S","καλεῖ","καλεῖ","καλεῖ","καλέω"
"46","10","27","RP","AP","ὑμᾶς","ὑμᾶς","ὑμᾶς","σύ"
"46","10","27","RA","GPM","τῶν","τῶν","τῶν","ὁ"
"46","10","27","A","GPM","ἀπίστων","ἀπίστων","ἀπίστων","ἄπιστος"
"46","10","27","C","","καὶ","καὶ","καί","καί"
"46","10","27","V","2PAI-P","θέλετε","θέλετε","θέλετε","θέλω"
"46","10","27","V","PMN","πορεύεσθαι,","πορεύεσθαι","πορεύεσθαι","πορεύομαι"
"46","10","27","A","ASN","πᾶν","πᾶν","πᾶν","πᾶς"
"46","10","27","RA","ASN","τὸ","τὸ","τό","ὁ"
"46","10","27","V","PPPASN","παρατιθέμενον","παρατιθέμενον","παρατιθέμενον","παρατίθημι"
"46","10","27","RP","DP","ὑμῖν","ὑμῖν","ὑμῖν","σύ"
"46","10","27","V","2PAD-P","ἐσθίετε","ἐσθίετε","ἐσθίετε","ἐσθίω"
"46","10","27","A","ASN","μηδὲν","μηδὲν","μηδέν","μηδείς"
"46","10","27","V","PAPNPM","ἀνακρίνοντες","ἀνακρίνοντες","ἀνακρίνοντες","ἀνακρίνω"
"46","10","27","P","","διὰ","διὰ","διά","διά"
"46","10","27","RA","ASF","τὴν","τὴν","τήν","ὁ"
"46","10","27","N","ASF","συνείδησιν·","συνείδησιν","συνείδησιν","συνείδησις"
"46","10","28","C","","ἐὰν","ἐὰν","ἐάν","ἐάν"
"46","10","28","C","","δέ","δέ","δέ","δέ"
"46","10","28","RI","NSM","τις","τις","τὶς","τις"
"46","10","28","RP","DP","ὑμῖν","ὑμῖν","ὑμῖν","σύ"
"46","10","28","V","3AAS-S","εἴπῃ·","εἴπῃ","εἴπῃ","λέγω"
"46","10","28","RD","NSN","Τοῦτο","Τοῦτο","τοῦτο","οὗτος"
"46","10","28","A","NSN","⸀ἱερόθυτόν","ἱερόθυτόν","ἱερόθυτον","ἱερόθυτος"
"46","10","28","V","3PAI-S","ἐστιν,","ἐστιν","ἐστί(ν)","εἰμί"
"46","10","28","D","","μὴ","μὴ","μή","μή"
"46","10","28","V","2PAD-P","ἐσθίετε","ἐσθίετε","ἐσθίετε","ἐσθίω"
"46","10","28","P","","δι’","δι’","διά","διά"
"46","10","28","RD","ASM","ἐκεῖνον","ἐκεῖνον","ἐκεῖνον","ἐκεῖνος"
"46","10","28","RA","ASM","τὸν","τὸν","τόν","ὁ"
"46","10","28","V","AAPASM","μηνύσαντα","μηνύσαντα","μηνύσαντα","μηνύω"
"46","10","28","C","","καὶ","καὶ","καί","καί"
"46","10","28","RA","ASF","τὴν","τὴν","τήν","ὁ"
"46","10","28","N","ASF","⸀συνείδησιν·","συνείδησιν","συνείδησιν","συνείδησις"
"46","10","29","N","ASF","συνείδησιν","συνείδησιν","συνείδησιν","συνείδησις"
"46","10","29","C","","δὲ","δὲ","δέ","δέ"
"46","10","29","V","1PAI-S","λέγω","λέγω","λέγω","λέγω"
"46","10","29","D","","οὐχὶ","οὐχὶ","οὐχί","οὐχί"
"46","10","29","RA","ASF","τὴν","τὴν","τήν","ὁ"
"46","10","29","RP","GSM","ἑαυτοῦ","ἑαυτοῦ","ἑαυτοῦ","ἑαυτοῦ"
"46","10","29","C","","ἀλλὰ","ἀλλὰ","ἀλλά","ἀλλά"
"46","10","29","RA","ASF","τὴν","τὴν","τήν","ὁ"
"46","10","29","RA","GSM","τοῦ","τοῦ","τοῦ","ὁ"
"46","10","29","A","GSM","ἑτέρου·","ἑτέρου","ἑτέρου","ἕτερος"
"46","10","29","D","","ἱνατί","ἱνατί","ἱνατί","ἱνατί"
"46","10","29","C","","γὰρ","γὰρ","γάρ","γάρ"
"46","10","29","RA","NSF","ἡ","ἡ","ἡ","ὁ"
"46","10","29","N","NSF","ἐλευθερία","ἐλευθερία","ἐλευθερία","ἐλευθερία"
"46","10","29","RP","GS","μου","μου","μου","ἐγώ"
"46","10","29","V","3PPI-S","κρίνεται","κρίνεται","κρίνεται","κρίνω"
"46","10","29","P","","ὑπὸ","ὑπὸ","ὑπό","ὑπό"
"46","10","29","A","GSF","ἄλλης","ἄλλης","ἄλλης","ἄλλος"
"46","10","29","N","GSF","συνειδήσεως;","συνειδήσεως","συνειδήσεως","συνείδησις"
"46","10","30","C","","εἰ","εἰ","εἰ","εἰ"
"46","10","30","RP","NS","ἐγὼ","ἐγὼ","ἐγώ","ἐγώ"
"46","10","30","N","DSF","χάριτι","χάριτι","χάριτι","χάρις"
"46","10","30","V","1PAI-S","μετέχω,","μετέχω","μετέχω","μετέχω"
"46","10","30","RI","ASN","τί","τί","τί","τίς"
"46","10","30","V","1PPI-S","βλασφημοῦμαι","βλασφημοῦμαι","βλασφημοῦμαι","βλασφημέω"
"46","10","30","P","","ὑπὲρ","ὑπὲρ","ὑπέρ","ὑπέρ"
"46","10","30","RR","GSN","οὗ","οὗ","οὗ","ὅς"
"46","10","30","RP","NS","ἐγὼ","ἐγὼ","ἐγώ","ἐγώ"
"46","10","30","V","1PAI-S","εὐχαριστῶ;","εὐχαριστῶ","εὐχαριστῶ","εὐχαριστέω"
"46","10","31","C","","Εἴτε","Εἴτε","εἴτε","εἴτε"
"46","10","31","C","","οὖν","οὖν","οὖν","οὖν"
"46","10","31","V","2PAI-P","ἐσθίετε","ἐσθίετε","ἐσθίετε","ἐσθίω"
"46","10","31","C","","εἴτε","εἴτε","εἴτε","εἴτε"
"46","10","31","V","2PAI-P","πίνετε","πίνετε","πίνετε","πίνω"
"46","10","31","C","","εἴτε","εἴτε","εἴτε","εἴτε"
"46","10","31","RI","ASN","τι","τι","τὶ","τις"
"46","10","31","V","2PAI-P","ποιεῖτε,","ποιεῖτε","ποιεῖτε","ποιέω"
"46","10","31","A","APN","πάντα","πάντα","πάντα","πᾶς"
"46","10","31","P","","εἰς","εἰς","εἰς","εἰς"
"46","10","31","N","ASF","δόξαν","δόξαν","δόξαν","δόξα"
"46","10","31","N","GSM","θεοῦ","θεοῦ","θεοῦ","θεός"
"46","10","31","V","2PAD-P","ποιεῖτε.","ποιεῖτε","ποιεῖτε","ποιέω"
"46","10","32","A","NPM","ἀπρόσκοποι","ἀπρόσκοποι","ἀπρόσκοποι","ἀπρόσκοπος"
"46","10","32","C","","⸂καὶ","καὶ","καί","καί"
"46","10","32","A","DPM","Ἰουδαίοις","Ἰουδαίοις","Ἰουδαίοις","Ἰουδαῖος"
"46","10","32","V","2PMD-P","γίνεσθε⸃","γίνεσθε","γίνεσθε","γίνομαι"
"46","10","32","C","","καὶ","καὶ","καί","καί"
"46","10","32","N","DPM","Ἕλλησιν","Ἕλλησιν","Ἕλλησι(ν)","Ἕλλην"
"46","10","32","C","","καὶ","καὶ","καί","καί"
"46","10","32","RA","DSF","τῇ","τῇ","τῇ","ὁ"
"46","10","32","N","DSF","ἐκκλησίᾳ","ἐκκλησίᾳ","ἐκκλησίᾳ","ἐκκλησία"
"46","10","32","RA","GSM","τοῦ","τοῦ","τοῦ","ὁ"
"46","10","32","N","GSM","θεοῦ,","θεοῦ","θεοῦ","θεός"
"46","10","33","C","","καθὼς","καθὼς","καθώς","καθώς"
"46","10","33","RP","NS","κἀγὼ","κἀγὼ","κἀγώ","κἀγώ"
"46","10","33","A","APN","πάντα","πάντα","πάντα","πᾶς"
"46","10","33","A","DPM","πᾶσιν","πᾶσιν","πᾶσι(ν)","πᾶς"
"46","10","33","V","1PAI-S","ἀρέσκω,","ἀρέσκω","ἀρέσκω","ἀρέσκω"
"46","10","33","D","","μὴ","μὴ","μή","μή"
"46","10","33","V","PAPNSM","ζητῶν","ζητῶν","ζητῶν","ζητέω"
"46","10","33","RA","ASN","τὸ","τὸ","τό","ὁ"
"46","10","33","RP","GSM","ἐμαυτοῦ","ἐμαυτοῦ","ἐμαυτοῦ","ἐμαυτοῦ"
"46","10","33","A","ASN","⸀σύμφορον","σύμφορον","σύμφορον","σύμφορον"
"46","10","33","C","","ἀλλὰ","ἀλλὰ","ἀλλά","ἀλλά"
"46","10","33","RA","ASN","τὸ","τὸ","τό","ὁ"
"46","10","33","RA","GPM","τῶν","τῶν","τῶν","ὁ"
"46","10","33","A","GPM","πολλῶν,","πολλῶν","πολλῶν","πολύς"
"46","10","33","C","","ἵνα","ἵνα","ἵνα","ἵνα"
"46","10","33","V","3APS-P","σωθῶσιν.","σωθῶσιν","σωθῶσι(ν)","σῴζω"
"46","11","01","N","NPM","μιμηταί","μιμηταί","μιμηταί","μιμητής"
"46","11","01","RP","GS","μου","μου","μου","ἐγώ"
"46","11","01","V","2PMD-P","γίνεσθε,","γίνεσθε","γίνεσθε","γίνομαι"
"46","11","01","C","","καθὼς","καθὼς","καθώς","καθώς"
"46","11","01","RP","NS","κἀγὼ","κἀγὼ","κἀγώ","κἀγώ"
"46","11","01","N","GSM","Χριστοῦ.","Χριστοῦ","Χριστοῦ","Χριστός"
"46","11","02","V","1PAI-S","Ἐπαινῶ","Ἐπαινῶ","ἐπαινῶ","ἐπαινέω"
"46","11","02","C","","δὲ","δὲ","δέ","δέ"
"46","11","02","RP","AP","⸀ὑμᾶς","ὑμᾶς","ὑμᾶς","σύ"
"46","11","02","C","","ὅτι","ὅτι","ὅτι","ὅτι"
"46","11","02","A","APN","πάντα","πάντα","πάντα","πᾶς"
"46","11","02","RP","GS","μου","μου","μου","ἐγώ"
"46","11","02","V","2XMI-P","μέμνησθε","μέμνησθε","μέμνησθε","μιμνῄσκομαι"
"46","11","02","C","","καὶ","καὶ","καί","καί"
"46","11","02","C","","καθὼς","καθὼς","καθώς","καθώς"
"46","11","02","V","1AAI-S","παρέδωκα","παρέδωκα","παρέδωκα","παραδίδωμι"
"46","11","02","RP","DP","ὑμῖν","ὑμῖν","ὑμῖν","σύ"
"46","11","02","RA","APF","τὰς","τὰς","τάς","ὁ"
"46","11","02","N","APF","παραδόσεις","παραδόσεις","παραδόσεις","παράδοσις"
"46","11","02","V","2PAI-P","κατέχετε.","κατέχετε","κατέχετε","κατέχω"
"46","11","03","V","1PAI-S","θέλω","θέλω","θέλω","θέλω"
"46","11","03","C","","δὲ","δὲ","δέ","δέ"
"46","11","03","RP","AP","ὑμᾶς","ὑμᾶς","ὑμᾶς","σύ"
"46","11","03","V","XAN","εἰδέναι","εἰδέναι","εἰδέναι","οἶδα"
"46","11","03","C","","ὅτι","ὅτι","ὅτι","ὅτι"
"46","11","03","A","GSM","παντὸς","παντὸς","παντός","πᾶς"
"46","11","03","N","GSM","ἀνδρὸς","ἀνδρὸς","ἀνδρός","ἀνήρ"
"46","11","03","RA","NSF","ἡ","ἡ","ἡ","ὁ"
"46","11","03","N","NSF","κεφαλὴ","κεφαλὴ","κεφαλή","κεφαλή"
"46","11","03","RA","NSM","ὁ","ὁ","ὁ","ὁ"
"46","11","03","N","NSM","Χριστός","Χριστός","Χριστός","Χριστός"
"46","11","03","V","3PAI-S","ἐστιν,","ἐστιν","ἐστί(ν)","εἰμί"
"46","11","03","N","NSF","κεφαλὴ","κεφαλὴ","κεφαλή","κεφαλή"
"46","11","03","C","","δὲ","δὲ","δέ","δέ"
"46","11","03","N","GSF","γυναικὸς","γυναικὸς","γυναικός","γυνή"
"46","11","03","RA","NSM","ὁ","ὁ","ὁ","ὁ"
"46","11","03","N","NSM","ἀνήρ,","ἀνήρ","ἀνήρ","ἀνήρ"
"46","11","03","N","NSF","κεφαλὴ","κεφαλὴ","κεφαλή","κεφαλή"
"46","11","03","C","","δὲ","δὲ","δέ","δέ"
"46","11","03","RA","GSM","⸀τοῦ","τοῦ","τοῦ","ὁ"
"46","11","03","N","GSM","Χριστοῦ","Χριστοῦ","Χριστοῦ","Χριστός"
"46","11","03","RA","NSM","ὁ","ὁ","ὁ","ὁ"
"46","11","03","N","NSM","θεός.","θεός","θεός","θεός"
"46","11","04","A","NSM","πᾶς","πᾶς","πᾶς","πᾶς"
"46","11","04","N","NSM","ἀνὴρ","ἀνὴρ","ἀνήρ","ἀνήρ"
"46","11","04","V","PMPNSM","προσευχόμενος","προσευχόμενος","προσευχόμενος","προσεύχομαι"
"46","11","04","C","","ἢ","ἢ","ἤ","ἤ"
"46","11","04","V","PAPNSM","προφητεύων","προφητεύων","προφητεύων","προφητεύω"
"46","11","04","P","","κατὰ","κατὰ","κατά","κατά"
"46","11","04","N","GSF","κεφαλῆς","κεφαλῆς","κεφαλῆς","κεφαλή"
"46","11","04","V","PAPNSM","ἔχων","ἔχων","ἔχων","ἔχω"
"46","11","04","V","3PAI-S","καταισχύνει","καταισχύνει","καταισχύνει","καταισχύνω"
"46","11","04","RA","ASF","τὴν","τὴν","τήν","ὁ"
"46","11","04","N","ASF","κεφαλὴν","κεφαλὴν","κεφαλήν","κεφαλή"
"46","11","04","RP","GSM","αὐτοῦ·","αὐτοῦ","αὐτοῦ","αὐτός"
"46","11","05","A","NSF","πᾶσα","πᾶσα","πᾶσα","πᾶς"
"46","11","05","C","","δὲ","δὲ","δέ","δέ"
"46","11","05","N","NSF","γυνὴ","γυνὴ","γυνή","γυνή"
"46","11","05","V","PMPNSF","προσευχομένη","προσευχομένη","προσευχομένη","προσεύχομαι"
"46","11","05","C","","ἢ","ἢ","ἤ","ἤ"
"46","11","05","V","PAPNSF","προφητεύουσα","προφητεύουσα","προφητεύουσα","προφητεύω"
"46","11","05","A","DSF","ἀκατακαλύπτῳ","ἀκατακαλύπτῳ","ἀκατακαλύπτῳ","ἀκατακάλυπτος"
"46","11","05","RA","DSF","τῇ","τῇ","τῇ","ὁ"
"46","11","05","N","DSF","κεφαλῇ","κεφαλῇ","κεφαλῇ","κεφαλή"
"46","11","05","V","3PAI-S","καταισχύνει","καταισχύνει","καταισχύνει","καταισχύνω"
"46","11","05","RA","ASF","τὴν","τὴν","τήν","ὁ"
"46","11","05","N","ASF","κεφαλὴν","κεφαλὴν","κεφαλήν","κεφαλή"
"46","11","05","RP","GSF","⸀αὐτῆς,","αὐτῆς","αὐτῆς","αὐτός"
"46","11","05","A","NSN","ἓν","ἓν","ἕν","εἷς"
"46","11","05","C","","γάρ","γάρ","γάρ","γάρ"
"46","11","05","V","3PAI-S","ἐστιν","ἐστιν","ἐστί(ν)","εἰμί"
"46","11","05","C","","καὶ","καὶ","καί","καί"
"46","11","05","RA","NSN","τὸ","τὸ","τό","ὁ"
"46","11","05","A","NSN","αὐτὸ","αὐτὸ","αὐτό","αὐτός"
"46","11","05","RA","DSF","τῇ","τῇ","τῇ","ὁ"
"46","11","05","V","XPPDSF","ἐξυρημένῃ.","ἐξυρημένῃ","ἐξυρημένῃ","ξυράομαι"
"46","11","06","C","","εἰ","εἰ","εἰ","εἰ"
"46","11","06","C","","γὰρ","γὰρ","γάρ","γάρ"
"46","11","06","D","","οὐ","οὐ","οὐ","οὐ"
"46","11","06","V","3PMI-S","κατακαλύπτεται","κατακαλύπτεται","κατακαλύπτεται","κατακαλύπτομαι"
"46","11","06","N","NSF","γυνή,","γυνή","γυνή","γυνή"
"46","11","06","D","","καὶ","καὶ","καί","καί"
"46","11","06","V","3AMD-S","κειράσθω·","κειράσθω","κειράσθω","κείρω"
"46","11","06","C","","εἰ","εἰ","εἰ","εἰ"
"46","11","06","C","","δὲ","δὲ","δέ","δέ"
"46","11","06","A","NSN","αἰσχρὸν","αἰσχρὸν","αἰσχρόν","αἰσχρός"
"46","11","06","N","DSF","γυναικὶ","γυναικὶ","γυναικί","γυνή"
"46","11","06","RA","NSN","τὸ","τὸ","τό","ὁ"
"46","11","06","V","AMN","κείρασθαι","κείρασθαι","κείρασθαι","κείρω"
"46","11","06","C","","ἢ","ἢ","ἤ","ἤ"
"46","11","06","V","AMN","ξυρᾶσθαι,","ξυρᾶσθαι","ξυρᾶσθαι","ξυράομαι"
"46","11","06","V","3PMD-S","κατακαλυπτέσθω.","κατακαλυπτέσθω","κατακαλυπτέσθω","κατακαλύπτομαι"
"46","11","07","N","NSM","ἀνὴρ","ἀνὴρ","ἀνήρ","ἀνήρ"
"46","11","07","C","","μὲν","μὲν","μέν","μέν"
"46","11","07","C","","γὰρ","γὰρ","γάρ","γάρ"
"46","11","07","D","","οὐκ","οὐκ","οὐ","οὐ"
"46","11","07","V","3PAI-S","ὀφείλει","ὀφείλει","ὀφείλει","ὀφείλω"
"46","11","07","V","PMN","κατακαλύπτεσθαι","κατακαλύπτεσθαι","κατακαλύπτεσθαι","κατακαλύπτομαι"
"46","11","07","RA","ASF","τὴν","τὴν","τήν","ὁ"
"46","11","07","N","ASF","κεφαλήν,","κεφαλήν","κεφαλήν","κεφαλή"
"46","11","07","N","NSF","εἰκὼν","εἰκὼν","εἰκών","εἰκών"
"46","11","07","C","","καὶ","καὶ","καί","καί"
"46","11","07","N","NSF","δόξα","δόξα","δόξα","δόξα"
"46","11","07","N","GSM","θεοῦ","θεοῦ","θεοῦ","θεός"
"46","11","07","V","PAPNSM","ὑπάρχων·","ὑπάρχων","ὑπάρχων","ὑπάρχω"
"46","11","07","RA","NSF","⸀ἡ","ἡ","ἡ","ὁ"
"46","11","07","N","NSF","γυνὴ","γυνὴ","γυνή","γυνή"
"46","11","07","C","","δὲ","δὲ","δέ","δέ"
"46","11","07","N","NSF","δόξα","δόξα","δόξα","δόξα"
"46","11","07","N","GSM","ἀνδρός","ἀνδρός","ἀνδρός","ἀνήρ"
"46","11","07","V","3PAI-S","ἐστιν.","ἐστιν","ἐστί(ν)","εἰμί"
"46","11","08","D","","οὐ","οὐ","οὐ","οὐ"
"46","11","08","C","","γάρ","γάρ","γάρ","γάρ"
"46","11","08","V","3PAI-S","ἐστιν","ἐστιν","ἐστί(ν)","εἰμί"
"46","11","08","N","NSM","ἀνὴρ","ἀνὴρ","ἀνήρ","ἀνήρ"
"46","11","08","P","","ἐκ","ἐκ","ἐκ","ἐκ"
"46","11","08","N","GSF","γυναικός,","γυναικός","γυναικός","γυνή"
"46","11","08","C","","ἀλλὰ","ἀλλὰ","ἀλλά","ἀλλά"
"46","11","08","N","NSF","γυνὴ","γυνὴ","γυνή","γυνή"
"46","11","08","P","","ἐξ","ἐξ","ἐκ","ἐκ"
"46","11","08","N","GSM","ἀνδρός·","ἀνδρός","ἀνδρός","ἀνήρ"
"46","11","09","D","","καὶ","καὶ","καί","καί"
"46","11","09","C","","γὰρ","γὰρ","γάρ","γάρ"
"46","11","09","D","","οὐκ","οὐκ","οὐ","οὐ"
"46","11","09","V","3API-S","ἐκτίσθη","ἐκτίσθη","ἐκτίσθη","κτίζω"
"46","11","09","N","NSM","ἀνὴρ","ἀνὴρ","ἀνήρ","ἀνήρ"
"46","11","09","P","","διὰ","διὰ","διά","διά"
"46","11","09","RA","ASF","τὴν","τὴν","τήν","ὁ"
"46","11","09","N","ASF","γυναῖκα,","γυναῖκα","γυναῖκα","γυνή"
"46","11","09","C","","ἀλλὰ","ἀλλὰ","ἀλλά","ἀλλά"
"46","11","09","N","NSF","γυνὴ","γυνὴ","γυνή","γυνή"
"46","11","09","P","","διὰ","διὰ","διά","διά"
"46","11","09","RA","ASM","τὸν","τὸν","τόν","ὁ"
"46","11","09","N","ASM","ἄνδρα.","ἄνδρα","ἄνδρα","ἀνήρ"
"46","11","10","P","","διὰ","διὰ","διά","διά"
"46","11","10","RD","ASN","τοῦτο","τοῦτο","τοῦτο","οὗτος"
"46","11","10","V","3PAI-S","ὀφείλει","ὀφείλει","ὀφείλει","ὀφείλω"
"46","11","10","RA","NSF","ἡ","ἡ","ἡ","ὁ"
"46","11","10","N","NSF","γυνὴ","γυνὴ","γυνή","γυνή"
"46","11","10","N","ASF","ἐξουσίαν","ἐξουσίαν","ἐξουσίαν","ἐξουσία"
"46","11","10","V","PAN","ἔχειν","ἔχειν","ἔχειν","ἔχω"
"46","11","10","P","","ἐπὶ","ἐπὶ","ἐπί","ἐπί"
"46","11","10","RA","GSF","τῆς","τῆς","τῆς","ὁ"
"46","11","10","N","GSF","κεφαλῆς","κεφαλῆς","κεφαλῆς","κεφαλή"
"46","11","10","P","","διὰ","διὰ","διά","διά"
"46","11","10","RA","APM","τοὺς","τοὺς","τούς","ὁ"
"46","11","10","N","APM","ἀγγέλους.","ἀγγέλους","ἀγγέλους","ἄγγελος"
"46","11","11","C","","πλὴν","πλὴν","πλήν","πλήν"
"46","11","11","C","","οὔτε","οὔτε","οὔτε","οὔτε"
"46","11","11","N","NSF","⸂γυνὴ","γυνὴ","γυνή","γυνή"
"46","11","11","P","","χωρὶς","χωρὶς","χωρίς","χωρίς"
"46","11","11","N","GSM","ἀνδρὸς","ἀνδρὸς","ἀνδρός","ἀνήρ"
"46","11","11","C","","οὔτε","οὔτε","οὔτε","οὔτε"
"46","11","11","N","NSM","ἀνὴρ","ἀνὴρ","ἀνήρ","ἀνήρ"
"46","11","11","P","","χωρὶς","χωρὶς","χωρίς","χωρίς"
"46","11","11","N","GSF","γυναικὸς⸃","γυναικὸς","γυναικός","γυνή"
"46","11","11","P","","ἐν","ἐν","ἐν","ἐν"
"46","11","11","N","DSM","κυρίῳ·","κυρίῳ","κυρίῳ","κύριος"
"46","11","12","C","","ὥσπερ","ὥσπερ","ὥσπερ","ὥσπερ"
"46","11","12","C","","γὰρ","γὰρ","γάρ","γάρ"
"46","11","12","RA","NSF","ἡ","ἡ","ἡ","ὁ"
"46","11","12","N","NSF","γυνὴ","γυνὴ","γυνή","γυνή"
"46","11","12","P","","ἐκ","ἐκ","ἐκ","ἐκ"
"46","11","12","RA","GSM","τοῦ","τοῦ","τοῦ","ὁ"
"46","11","12","N","GSM","ἀνδρός,","ἀνδρός","ἀνδρός","ἀνήρ"
"46","11","12","D","","οὕτως","οὕτως","οὕτω(ς)","οὕτω(ς)"
"46","11","12","D","","καὶ","καὶ","καί","καί"
"46","11","12","RA","NSM","ὁ","ὁ","ὁ","ὁ"
"46","11","12","N","NSM","ἀνὴρ","ἀνὴρ","ἀνήρ","ἀνήρ"
"46","11","12","P","","διὰ","διὰ","διά","διά"
"46","11","12","RA","GSF","τῆς","τῆς","τῆς","ὁ"
"46","11","12","N","GSF","γυναικός·","γυναικός","γυναικός","γυνή"
"46","11","12","RA","NPN","τὰ","τὰ","τά","ὁ"
"46","11","12","C","","δὲ","δὲ","δέ","δέ"
"46","11","12","A","NPN","πάντα","πάντα","πάντα","πᾶς"
"46","11","12","P","","ἐκ","ἐκ","ἐκ","ἐκ"
"46","11","12","RA","GSM","τοῦ","τοῦ","τοῦ","ὁ"
"46","11","12","N","GSM","θεοῦ.","θεοῦ","θεοῦ","θεός"
"46","11","13","P","","ἐν","ἐν","ἐν","ἐν"
"46","11","13","RP","DP","ὑμῖν","ὑμῖν","ὑμῖν","σύ"
"46","11","13","RP","DPM","αὐτοῖς","αὐτοῖς","αὐτοῖς","αὐτός"
"46","11","13","V","2AAD-P","κρίνατε·","κρίνατε","κρίνατε","κρίνω"
"46","11","13","V","PAPNSN","πρέπον","πρέπον","πρέπον","πρέπω"
"46","11","13","V","3PAI-S","ἐστὶν","ἐστὶν","ἐστί(ν)","εἰμί"
"46","11","13","N","ASF","γυναῖκα","γυναῖκα","γυναῖκα","γυνή"
"46","11","13","A","ASF","ἀκατακάλυπτον","ἀκατακάλυπτον","ἀκατακάλυπτον","ἀκατακάλυπτος"
"46","11","13","RA","DSM","τῷ","τῷ","τῷ","ὁ"
"46","11","13","N","DSM","θεῷ","θεῷ","θεῷ","θεός"
"46","11","13","V","PMN","προσεύχεσθαι;","προσεύχεσθαι","προσεύχεσθαι","προσεύχομαι"
"46","11","14","D","","⸀οὐδὲ","οὐδὲ","οὐδέ","οὐδέ"
"46","11","14","RA","NSF","⸂ἡ","ἡ","ἡ","ὁ"
"46","11","14","N","NSF","φύσις","φύσις","φύσις","φύσις"
"46","11","14","RP","NSF","αὐτὴ⸃","αὐτὴ","αὐτή","αὐτός"
"46","11","14","V","3PAI-S","διδάσκει","διδάσκει","διδάσκει","διδάσκω"
"46","11","14","RP","AP","ὑμᾶς","ὑμᾶς","ὑμᾶς","σύ"
"46","11","14","C","","ὅτι","ὅτι","ὅτι","ὅτι"
"46","11","14","N","NSM","ἀνὴρ","ἀνὴρ","ἀνήρ","ἀνήρ"
"46","11","14","C","","μὲν","μὲν","μέν","μέν"
"46","11","14","C","","ἐὰν","ἐὰν","ἐάν","ἐάν"
"46","11","14","V","3PAS-S","κομᾷ,","κομᾷ","κομᾷ","κομάω"
"46","11","14","N","NSF","ἀτιμία","ἀτιμία","ἀτιμία","ἀτιμία"
"46","11","14","RP","DSM","αὐτῷ","αὐτῷ","αὐτῷ","αὐτός"
"46","11","14","V","3PAI-S","ἐστιν,","ἐστιν","ἐστί(ν)","εἰμί"
"46","11","15","N","NSF","γυνὴ","γυνὴ","γυνή","γυνή"
"46","11","15","C","","δὲ","δὲ","δέ","δέ"
"46","11","15","C","","ἐὰν","ἐὰν","ἐάν","ἐάν"
"46","11","15","V","3PAS-S","κομᾷ,","κομᾷ","κομᾷ","κομάω"
"46","11","15","N","NSF","δόξα","δόξα","δόξα","δόξα"
"46","11","15","RP","DSF","αὐτῇ","αὐτῇ","αὐτῇ","αὐτός"
"46","11","15","V","3PAI-S","ἐστιν;","ἐστιν","ἐστί(ν)","εἰμί"
"46","11","15","C","","ὅτι","ὅτι","ὅτι","ὅτι"
"46","11","15","RA","NSF","ἡ","ἡ","ἡ","ὁ"
"46","11","15","N","NSF","κόμη","κόμη","κόμη","κόμη"
"46","11","15","P","","ἀντὶ","ἀντὶ","ἀντί","ἀντί"
"46","11","15","N","GSN","περιβολαίου","περιβολαίου","περιβολαίου","περιβόλαιον"
"46","11","15","V","3XPI-S","⸀δέδοται.","δέδοται","δέδοται","δίδωμι"
"46","11","16","C","","εἰ","εἰ","εἰ","εἰ"
"46","11","16","C","","δέ","δέ","δέ","δέ"
"46","11","16","RI","NSM","τις","τις","τὶς","τις"
"46","11","16","V","3PAI-S","δοκεῖ","δοκεῖ","δοκεῖ","δοκέω"
"46","11","16","A","NSM","φιλόνεικος","φιλόνεικος","φιλόνεικος","φιλόνεικος"
"46","11","16","V","PAN","εἶναι,","εἶναι","εἶναι","εἰμί"
"46","11","16","RP","NP","ἡμεῖς","ἡμεῖς","ἡμεῖς","ἐγώ"
"46","11","16","RD","ASF","τοιαύτην","τοιαύτην","τοιαύτην","τοιοῦτος"
"46","11","16","N","ASF","συνήθειαν","συνήθειαν","συνήθειαν","συνήθεια"
"46","11","16","D","","οὐκ","οὐκ","οὐ","οὐ"
"46","11","16","V","1PAI-P","ἔχομεν,","ἔχομεν","ἔχομεν","ἔχω"
"46","11","16","C","","οὐδὲ","οὐδὲ","οὐδέ","οὐδέ"
"46","11","16","RA","NPF","αἱ","αἱ","αἱ","ὁ"
"46","11","16","N","NPF","ἐκκλησίαι","ἐκκλησίαι","ἐκκλησίαι","ἐκκλησία"
"46","11","16","RA","GSM","τοῦ","τοῦ","τοῦ","ὁ"
"46","11","16","N","GSM","θεοῦ.","θεοῦ","θεοῦ","θεός"
"46","11","17","RD","ASN","Τοῦτο","Τοῦτο","τοῦτο","οὗτος"
"46","11","17","C","","δὲ","δὲ","δέ","δέ"
"46","11","17","V","PAPNSM","⸂παραγγέλλων","παραγγέλλων","παραγγέλλων","παραγγέλλω"
"46","11","17","D","","οὐκ","οὐκ","οὐ","οὐ"
"46","11","17","V","1PAI-S","ἐπαινῶ⸃","ἐπαινῶ","ἐπαινῶ","ἐπαινέω"
"46","11","17","C","","ὅτι","ὅτι","ὅτι","ὅτι"
"46","11","17","D","","οὐκ","οὐκ","οὐ","οὐ"
"46","11","17","P","","εἰς","εἰς","εἰς","εἰς"
"46","11","17","RA","ASN","τὸ","τὸ","τό","ὁ"
"46","11","17","A","ASNC","κρεῖσσον","κρεῖσσον","κρεῖσσον","κρείττων"
"46","11","17","C","","ἀλλὰ","ἀλλὰ","ἀλλά","ἀλλά"
"46","11","17","P","","εἰς","εἰς","εἰς","εἰς"
"46","11","17","RA","ASN","τὸ","τὸ","τό","ὁ"
"46","11","17","A","ASNC","ἧσσον","ἧσσον","ἧσσον","ἥσσων"
"46","11","17","V","2PMI-P","συνέρχεσθε.","συνέρχεσθε","συνέρχεσθε","συνέρχομαι"
"46","11","18","A","ASN","πρῶτον","πρῶτον","πρῶτον","πρῶτος"
"46","11","18","C","","μὲν","μὲν","μέν","μέν"
"46","11","18","C","","γὰρ","γὰρ","γάρ","γάρ"
"46","11","18","V","PMPGPM","συνερχομένων","συνερχομένων","συνερχομένων","συνέρχομαι"
"46","11","18","RP","GP","ὑμῶν","ὑμῶν","ὑμῶν","σύ"
"46","11","18","P","","ἐν","ἐν","ἐν","ἐν"
"46","11","18","N","DSF","ἐκκλησίᾳ","ἐκκλησίᾳ","ἐκκλησίᾳ","ἐκκλησία"
"46","11","18","V","1PAI-S","ἀκούω","ἀκούω","ἀκούω","ἀκούω"
"46","11","18","N","APN","σχίσματα","σχίσματα","σχίσματα","σχίσμα"
"46","11","18","P","","ἐν","ἐν","ἐν","ἐν"
"46","11","18","RP","DP","ὑμῖν","ὑμῖν","ὑμῖν","σύ"
"46","11","18","V","PAN","ὑπάρχειν,","ὑπάρχειν","ὑπάρχειν","ὑπάρχω"
"46","11","18","C","","καὶ","καὶ","καί","καί"
"46","11","18","N","ASN","μέρος","μέρος","μέρος","μέρος"
"46","11","18","RI","ASN","τι","τι","τὶ","τις"
"46","11","18","V","1PAI-S","πιστεύω.","πιστεύω","πιστεύω","πιστεύω"
"46","11","19","V","3PAI-S","δεῖ","δεῖ","δεῖ","δέω"
"46","11","19","C","","γὰρ","γὰρ","γάρ","γάρ"
"46","11","19","D","","καὶ","καὶ","καί","καί"
"46","11","19","N","APF","αἱρέσεις","αἱρέσεις","αἱρέσεις","αἵρεσις"
"46","11","19","P","","ἐν","ἐν","ἐν","ἐν"
"46","11","19","RP","DP","ὑμῖν","ὑμῖν","ὑμῖν","σύ"
"46","11","19","V","PAN","εἶναι,","εἶναι","εἶναι","εἰμί"
"46","11","19","C","","ἵνα","ἵνα","ἵνα","ἵνα"
"46","11","19","D","","⸀καὶ","καὶ","καί","καί"
"46","11","19","RA","NPM","οἱ","οἱ","οἱ","ὁ"
"46","11","19","A","NPM","δόκιμοι","δόκιμοι","δόκιμοι","δόκιμος"
"46","11","19","A","NPM","φανεροὶ","φανεροὶ","φανεροί","φανερός"
"46","11","19","V","3AMS-P","γένωνται","γένωνται","γένωνται","γίνομαι"
"46","11","19","P","","ἐν","ἐν","ἐν","ἐν"
"46","11","19","RP","DP","ὑμῖν.","ὑμῖν","ὑμῖν","σύ"
"46","11","20","V","PMPGPM","συνερχομένων","συνερχομένων","συνερχομένων","συνέρχομαι"
"46","11","20","C","","οὖν","οὖν","οὖν","οὖν"
"46","11","20","RP","GP","ὑμῶν","ὑμῶν","ὑμῶν","σύ"
"46","11","20","P","","ἐπὶ","ἐπὶ","ἐπί","ἐπί"
"46","11","20","RA","ASN","τὸ","τὸ","τό","ὁ"
"46","11","20","A","ASN","αὐτὸ","αὐτὸ","αὐτό","αὐτός"
"46","11","20","D","","οὐκ","οὐκ","οὐ","οὐ"
"46","11","20","V","3PAI-S","ἔστιν","ἔστιν","ἐστί(ν)","εἰμί"
"46","11","20","A","ASN","κυριακὸν","κυριακὸν","κυριακόν","κυριακός"
"46","11","20","N","ASN","δεῖπνον","δεῖπνον","δεῖπνον","δεῖπνον"
"46","11","20","V","AAN","φαγεῖν,","φαγεῖν","φαγεῖν","ἐσθίω"
"46","11","21","A","NSM","ἕκαστος","ἕκαστος","ἕκαστος","ἕκαστος"
"46","11","21","C","","γὰρ","γὰρ","γάρ","γάρ"
"46","11","21","RA","ASN","τὸ","τὸ","τό","ὁ"
"46","11","21","A","ASN","ἴδιον","ἴδιον","ἴδιον","ἴδιος"
"46","11","21","N","ASN","δεῖπνον","δεῖπνον","δεῖπνον","δεῖπνον"
"46","11","21","V","3PAI-S","προλαμβάνει","προλαμβάνει","προλαμβάνει","προλαμβάνω"
"46","11","21","P","","ἐν","ἐν","ἐν","ἐν"
"46","11","21","RA","DSN","τῷ","τῷ","τῷ","ὁ"
"46","11","21","V","AAN","φαγεῖν,","φαγεῖν","φαγεῖν","ἐσθίω"
"46","11","21","C","","καὶ","καὶ","καί","καί"
"46","11","21","RR","NSM","ὃς","ὃς","ὅς","ὅς"
"46","11","21","C","","μὲν","μὲν","μέν","μέν"
"46","11","21","V","3PAI-S","πεινᾷ,","πεινᾷ","πεινᾷ","πεινάω"
"46","11","21","RR","NSM","ὃς","ὃς","ὅς","ὅς"
"46","11","21","C","","δὲ","δὲ","δέ","δέ"
"46","11","21","V","3PAI-S","μεθύει.","μεθύει","μεθύει","μεθύω"
"46","11","22","X","","μὴ","μὴ","μή","μή"
"46","11","22","C","","γὰρ","γὰρ","γάρ","γάρ"
"46","11","22","N","APF","οἰκίας","οἰκίας","οἰκίας","οἰκία"
"46","11","22","D","","οὐκ","οὐκ","οὐ","οὐ"
"46","11","22","V","2PAI-P","ἔχετε","ἔχετε","ἔχετε","ἔχω"
"46","11","22","P","","εἰς","εἰς","εἰς","εἰς"
"46","11","22","RA","ASN","τὸ","τὸ","τό","ὁ"
"46","11","22","V","PAN","ἐσθίειν","ἐσθίειν","ἐσθίειν","ἐσθίω"
"46","11","22","C","","καὶ","καὶ","καί","καί"
"46","11","22","V","PAN","πίνειν;","πίνειν","πίνειν","πίνω"
"46","11","22","C","","ἢ","ἢ","ἤ","ἤ"
"46","11","22","RA","GSF","τῆς","τῆς","τῆς","ὁ"
"46","11","22","N","GSF","ἐκκλησίας","ἐκκλησίας","ἐκκλησίας","ἐκκλησία"
"46","11","22","RA","GSM","τοῦ","τοῦ","τοῦ","ὁ"
"46","11","22","N","GSM","θεοῦ","θεοῦ","θεοῦ","θεός"
"46","11","22","V","2PAI-P","καταφρονεῖτε,","καταφρονεῖτε","καταφρονεῖτε","καταφρονέω"
"46","11","22","C","","καὶ","καὶ","καί","καί"
"46","11","22","V","2PAI-P","καταισχύνετε","καταισχύνετε","καταισχύνετε","καταισχύνω"
"46","11","22","RA","APM","τοὺς","τοὺς","τούς","ὁ"
"46","11","22","D","","μὴ","μὴ","μή","μή"
"46","11","22","V","PAPAPM","ἔχοντας;","ἔχοντας","ἔχοντας","ἔχω"
"46","11","22","RI","ASN","τί","τί","τί","τίς"
"46","11","22","V","1AAS-S","⸂εἴπω","εἴπω","εἴπω","λέγω"
"46","11","22","RP","DP","ὑμῖν⸃;","ὑμῖν","ὑμῖν","σύ"
"46","11","22","V","1AAS-S","ἐπαινέσω","ἐπαινέσω","ἐπαινέσω","ἐπαινέω"
"46","11","22","RP","AP","ὑμᾶς;","ὑμᾶς","ὑμᾶς","σύ"
"46","11","22","P","","ἐν","ἐν","ἐν","ἐν"
"46","11","22","RD","DSN","τούτῳ","τούτῳ","τούτῳ","οὗτος"
"46","11","22","D","","οὐκ","οὐκ","οὐ","οὐ"
"46","11","22","V","1PAI-S","ἐπαινῶ.","ἐπαινῶ","ἐπαινῶ","ἐπαινέω"
"46","11","23","RP","NS","Ἐγὼ","Ἐγὼ","ἐγώ","ἐγώ"
"46","11","23","C","","γὰρ","γὰρ","γάρ","γάρ"
"46","11","23","V","1AAI-S","παρέλαβον","παρέλαβον","παρέλαβον","παραλαμβάνω"
"46","11","23","P","","ἀπὸ","ἀπὸ","ἀπό","ἀπό"
"46","11","23","RA","GSM","τοῦ","τοῦ","τοῦ","ὁ"
"46","11","23","N","GSM","κυρίου,","κυρίου","κυρίου","κύριος"
"46","11","23","RR","ASN","ὃ","ὃ","ὅ","ὅς"
"46","11","23","D","","καὶ","καὶ","καί","καί"
"46","11","23","V","1AAI-S","παρέδωκα","παρέδωκα","παρέδωκα","παραδίδωμι"
"46","11","23","RP","DP","ὑμῖν,","ὑμῖν","ὑμῖν","σύ"
"46","11","23","D","","ὅτι","ὅτι","ὅτι","ὅτι"
"46","11","23","RA","NSM","ὁ","ὁ","ὁ","ὁ"
"46","11","23","N","NSM","κύριος","κύριος","κύριος","κύριος"
"46","11","23","N","NSM","Ἰησοῦς","Ἰησοῦς","Ἰησοῦς","Ἰησοῦς"
"46","11","23","P","","ἐν","ἐν","ἐν","ἐν"
"46","11","23","RA","DSF","τῇ","τῇ","τῇ","ὁ"
"46","11","23","N","DSF","νυκτὶ","νυκτὶ","νυκτί","νύξ"
"46","11","23","RR","DSF","ᾗ","ᾗ","ᾗ","ὅς"
"46","11","23","V","3IPI-S","⸀παρεδίδετο","παρεδίδετο","παρεδίδετο","παραδίδωμι"
"46","11","23","V","3AAI-S","ἔλαβεν","ἔλαβεν","ἔλαβε(ν)","λαμβάνω"
"46","11","23","N","ASM","ἄρτον","ἄρτον","ἄρτον","ἄρτος"
"46","11","24","C","","καὶ","καὶ","καί","καί"
"46","11","24","V","AAPNSM","εὐχαριστήσας","εὐχαριστήσας","εὐχαριστήσας","εὐχαριστέω"
"46","11","24","V","3AAI-S","ἔκλασεν","ἔκλασεν","ἔκλασε(ν)","κλάω"
"46","11","24","C","","καὶ","καὶ","καί","καί"
"46","11","24","V","3AAI-S","⸀εἶπεν·","εἶπεν","εἶπε(ν)","λέγω"
"46","11","24","RD","NSN","Τοῦτό","Τοῦτό","τοῦτο","οὗτος"
"46","11","24","RP","GS","μού","μού","μου","ἐγώ"
"46","11","24","V","3PAI-S","ἐστιν","ἐστιν","ἐστί(ν)","εἰμί"
"46","11","24","RA","NSN","τὸ","τὸ","τό","ὁ"
"46","11","24","N","NSN","σῶμα","σῶμα","σῶμα","σῶμα"
"46","11","24","RA","NSN","τὸ","τὸ","τό","ὁ"
"46","11","24","P","","ὑπὲρ","ὑπὲρ","ὑπέρ","ὑπέρ"
"46","11","24","RP","GP","⸀ὑμῶν·","ὑμῶν","ὑμῶν","σύ"
"46","11","24","RD","ASN","τοῦτο","τοῦτο","τοῦτο","οὗτος"
"46","11","24","V","2PAD-P","ποιεῖτε","ποιεῖτε","ποιεῖτε","ποιέω"
"46","11","24","P","","εἰς","εἰς","εἰς","εἰς"
"46","11","24","RA","ASF","τὴν","τὴν","τήν","ὁ"
"46","11","24","A","ASF","ἐμὴν","ἐμὴν","ἐμήν","ἐμός"
"46","11","24","N","ASF","ἀνάμνησιν.","ἀνάμνησιν","ἀνάμνησιν","ἀνάμνησις"
"46","11","25","D","","ὡσαύτως","ὡσαύτως","ὡσαύτως","ὡσαύτως"
"46","11","25","D","","καὶ","καὶ","καί","καί"
"46","11","25","RA","ASN","τὸ","τὸ","τό","ὁ"
"46","11","25","N","ASN","ποτήριον","ποτήριον","ποτήριον","ποτήριον"
"46","11","25","P","","μετὰ","μετὰ","μετά","μετά"
"46","11","25","RA","ASN","τὸ","τὸ","τό","ὁ"
"46","11","25","V","AAN","δειπνῆσαι,","δειπνῆσαι","δειπνῆσαι","δειπνέω"
"46","11","25","V","PAPNSM","λέγων·","λέγων","λέγων","λέγω"
"46","11","25","RD","NSN","Τοῦτο","Τοῦτο","τοῦτο","οὗτος"
"46","11","25","RA","NSN","τὸ","τὸ","τό","ὁ"
"46","11","25","N","NSN","ποτήριον","ποτήριον","ποτήριον","ποτήριον"
"46","11","25","RA","NSF","ἡ","ἡ","ἡ","ὁ"
"46","11","25","A","NSF","καινὴ","καινὴ","καινή","καινός"
"46","11","25","N","NSF","διαθήκη","διαθήκη","διαθήκη","διαθήκη"
"46","11","25","V","3PAI-S","ἐστὶν","ἐστὶν","ἐστί(ν)","εἰμί"
"46","11","25","P","","ἐν","ἐν","ἐν","ἐν"
"46","11","25","RA","DSN","τῷ","τῷ","τῷ","ὁ"
"46","11","25","A","DSN","ἐμῷ","ἐμῷ","ἐμῷ","ἐμός"
"46","11","25","N","DSN","αἵματι·","αἵματι","αἵματι","αἷμα"
"46","11","25","RD","ASN","τοῦτο","τοῦτο","τοῦτο","οὗτος"
"46","11","25","V","2PAD-P","ποιεῖτε,","ποιεῖτε","ποιεῖτε","ποιέω"
"46","11","25","C","","ὁσάκις","ὁσάκις","ὁσάκις","ὁσάκις"
"46","11","25","X","","⸀ἐὰν","ἐὰν","ἐάν","ἐάν"
"46","11","25","V","2PAS-P","πίνητε,","πίνητε","πίνητε","πίνω"
"46","11","25","P","","εἰς","εἰς","εἰς","εἰς"
"46","11","25","RA","ASF","τὴν","τὴν","τήν","ὁ"
"46","11","25","A","ASF","ἐμὴν","ἐμὴν","ἐμήν","ἐμός"
"46","11","25","N","ASF","ἀνάμνησιν.","ἀνάμνησιν","ἀνάμνησιν","ἀνάμνησις"
"46","11","26","C","","ὁσάκις","ὁσάκις","ὁσάκις","ὁσάκις"
"46","11","26","C","","γὰρ","γὰρ","γάρ","γάρ"
"46","11","26","X","","⸀ἐὰν","ἐὰν","ἐάν","ἐάν"
"46","11","26","V","2PAS-P","ἐσθίητε","ἐσθίητε","ἐσθίητε","ἐσθίω"
"46","11","26","RA","ASM","τὸν","τὸν","τόν","ὁ"
"46","11","26","N","ASM","ἄρτον","ἄρτον","ἄρτον","ἄρτος"
"46","11","26","RD","ASM","τοῦτον","τοῦτον","τοῦτον","οὗτος"
"46","11","26","C","","καὶ","καὶ","καί","καί"
"46","11","26","RA","ASN","τὸ","τὸ","τό","ὁ"
"46","11","26","N","ASN","⸀ποτήριον","ποτήριον","ποτήριον","ποτήριον"
"46","11","26","V","2PAS-P","πίνητε,","πίνητε","πίνητε","πίνω"
"46","11","26","RA","ASM","τὸν","τὸν","τόν","ὁ"
"46","11","26","N","ASM","θάνατον","θάνατον","θάνατον","θάνατος"
"46","11","26","RA","GSM","τοῦ","τοῦ","τοῦ","ὁ"
"46","11","26","N","GSM","κυρίου","κυρίου","κυρίου","κύριος"
"46","11","26","V","2PAI-P","καταγγέλλετε,","καταγγέλλετε","καταγγέλλετε","καταγγέλλω"
"46","11","26","P","","ἄχρι","ἄχρι","ἄχρι","ἄχρι"
"46","11","26","RR","GSM","⸀οὗ","οὗ","οὗ","ὅς"
"46","11","26","V","3AAS-S","ἔλθῃ.","ἔλθῃ","ἔλθῃ","ἔρχομαι"
"46","11","27","C","","Ὥστε","Ὥστε","ὥστε","ὥστε"
"46","11","27","RR","NSM","ὃς","ὃς","ὅς","ὅς"
"46","11","27","X","","ἂν","ἂν","ἄν","ἄν"
"46","11","27","V","3PAS-S","ἐσθίῃ","ἐσθίῃ","ἐσθίῃ","ἐσθίω"
"46","11","27","RA","ASM","τὸν","τὸν","τόν","ὁ"
"46","11","27","N","ASM","⸀ἄρτον","ἄρτον","ἄρτον","ἄρτος"
"46","11","27","C","","ἢ","ἢ","ἤ","ἤ"
"46","11","27","V","3PAS-S","πίνῃ","πίνῃ","πίνῃ","πίνω"
"46","11","27","RA","ASN","τὸ","τὸ","τό","ὁ"
"46","11","27","N","ASN","ποτήριον","ποτήριον","ποτήριον","ποτήριον"
"46","11","27","RA","GSM","τοῦ","τοῦ","τοῦ","ὁ"
"46","11","27","N","GSM","κυρίου","κυρίου","κυρίου","κύριος"
"46","11","27","D","","⸀ἀναξίως,","ἀναξίως","ἀναξίως","ἀναξίως"
"46","11","27","A","NSM","ἔνοχος","ἔνοχος","ἔνοχος","ἔνοχος"
"46","11","27","V","3FMI-S","ἔσται","ἔσται","ἔσται","εἰμί"
"46","11","27","RA","GSN","τοῦ","τοῦ","τοῦ","ὁ"
"46","11","27","N","GSN","σώματος","σώματος","σώματος","σῶμα"
"46","11","27","C","","καὶ","καὶ","καί","καί"
"46","11","27","RA","GSN","τοῦ","τοῦ","τοῦ","ὁ"
"46","11","27","N","GSN","αἵματος","αἵματος","αἵματος","αἷμα"
"46","11","27","RA","GSM","τοῦ","τοῦ","τοῦ","ὁ"
"46","11","27","N","GSM","κυρίου.","κυρίου","κυρίου","κύριος"
"46","11","28","V","3PAD-S","δοκιμαζέτω","δοκιμαζέτω","δοκιμαζέτω","δοκιμάζω"
"46","11","28","C","","δὲ","δὲ","δέ","δέ"
"46","11","28","N","NSM","ἄνθρωπος","ἄνθρωπος","ἄνθρωπος","ἄνθρωπος"
"46","11","28","RP","ASM","ἑαυτόν,","ἑαυτόν","ἑαυτόν","ἑαυτοῦ"
"46","11","28","C","","καὶ","καὶ","καί","καί"
"46","11","28","D","","οὕτως","οὕτως","οὕτω(ς)","οὕτω(ς)"
"46","11","28","P","","ἐκ","ἐκ","ἐκ","ἐκ"
"46","11","28","RA","GSM","τοῦ","τοῦ","τοῦ","ὁ"
"46","11","28","N","GSM","ἄρτου","ἄρτου","ἄρτου","ἄρτος"
"46","11","28","V","3PAD-S","ἐσθιέτω","ἐσθιέτω","ἐσθιέτω","ἐσθίω"
"46","11","28","C","","καὶ","καὶ","καί","καί"
"46","11","28","P","","ἐκ","ἐκ","ἐκ","ἐκ"
"46","11","28","RA","GSN","τοῦ","τοῦ","τοῦ","ὁ"
"46","11","28","N","GSN","ποτηρίου","ποτηρίου","ποτηρίου","ποτήριον"
"46","11","28","V","3PAD-S","πινέτω·","πινέτω","πινέτω","πίνω"
"46","11","29","RA","NSM","ὁ","ὁ","ὁ","ὁ"
"46","11","29","C","","γὰρ","γὰρ","γάρ","γάρ"
"46","11","29","V","PAPNSM","ἐσθίων","ἐσθίων","ἐσθίων","ἐσθίω"
"46","11","29","C","","καὶ","καὶ","καί","καί"
"46","11","29","V","PAPNSM","⸀πίνων","πίνων","πίνων","πίνω"
"46","11","29","N","ASN","κρίμα","κρίμα","κρίμα","κρίμα"
"46","11","29","RP","DSM","ἑαυτῷ","ἑαυτῷ","ἑαυτῷ","ἑαυτοῦ"
"46","11","29","V","3PAI-S","ἐσθίει","ἐσθίει","ἐσθίει","ἐσθίω"
"46","11","29","C","","καὶ","καὶ","καί","καί"
"46","11","29","V","3PAI-S","πίνει","πίνει","πίνει","πίνω"
"46","11","29","D","","μὴ","μὴ","μή","μή"
"46","11","29","V","PAPNSM","διακρίνων","διακρίνων","διακρίνων","διακρίνω"
"46","11","29","RA","ASN","τὸ","τὸ","τό","ὁ"
"46","11","29","N","ASN","⸀σῶμα.","σῶμα","σῶμα","σῶμα"
"46","11","30","P","","διὰ","διὰ","διά","διά"
"46","11","30","RD","ASN","τοῦτο","τοῦτο","τοῦτο","οὗτος"
"46","11","30","P","","ἐν","ἐν","ἐν","ἐν"
"46","11","30","RP","DP","ὑμῖν","ὑμῖν","ὑμῖν","σύ"
"46","11","30","A","NPM","πολλοὶ","πολλοὶ","πολλοί","πολύς"
"46","11","30","A","NPM","ἀσθενεῖς","ἀσθενεῖς","ἀσθενεῖς","ἀσθενής"
"46","11","30","C","","καὶ","καὶ","καί","καί"
"46","11","30","A","NPM","ἄρρωστοι","ἄρρωστοι","ἄρρωστοι","ἄρρωστος"
"46","11","30","C","","καὶ","καὶ","καί","καί"
"46","11","30","V","3PMI-P","κοιμῶνται","κοιμῶνται","κοιμῶνται","κοιμάομαι"
"46","11","30","A","NPM","ἱκανοί.","ἱκανοί","ἱκανοί","ἱκανός"
"46","11","31","C","","εἰ","εἰ","εἰ","εἰ"
"46","11","31","C","","⸀δὲ","δὲ","δέ","δέ"
"46","11","31","RP","APM","ἑαυτοὺς","ἑαυτοὺς","ἑαυτούς","ἑαυτοῦ"
"46","11","31","V","1IAI-P","διεκρίνομεν,","διεκρίνομεν","διεκρίνομεν","διακρίνω"
"46","11","31","D","","οὐκ","οὐκ","οὐ","οὐ"
"46","11","31","X","","ἂν","ἂν","ἄν","ἄν"
"46","11","31","V","1IPI-P","ἐκρινόμεθα·","ἐκρινόμεθα","ἐκρινόμεθα","κρίνω"
"46","11","32","V","PPPNPM","κρινόμενοι","κρινόμενοι","κρινόμενοι","κρίνω"
"46","11","32","C","","δὲ","δὲ","δέ","δέ"
"46","11","32","P","","⸀ὑπὸ","ὑπὸ","ὑπό","ὑπό"
"46","11","32","N","GSM","κυρίου","κυρίου","κυρίου","κύριος"
"46","11","32","V","1PPI-P","παιδευόμεθα,","παιδευόμεθα","παιδευόμεθα","παιδεύω"
"46","11","32","C","","ἵνα","ἵνα","ἵνα","ἵνα"
"46","11","32","D","","μὴ","μὴ","μή","μή"
"46","11","32","P","","σὺν","σὺν","σύν","σύν"
"46","11","32","RA","DSM","τῷ","τῷ","τῷ","ὁ"
"46","11","32","N","DSM","κόσμῳ","κόσμῳ","κόσμῳ","κόσμος"
"46","11","32","V","1APS-P","κατακριθῶμεν.","κατακριθῶμεν","κατακριθῶμεν","κατακρίνω"
"46","11","33","C","","Ὥστε,","Ὥστε","ὥστε","ὥστε"
"46","11","33","N","VPM","ἀδελφοί","ἀδελφοί","ἀδελφοί","ἀδελφός"
"46","11","33","RP","GS","μου,","μου","μου","ἐγώ"
"46","11","33","V","PMPNPM","συνερχόμενοι","συνερχόμενοι","συνερχόμενοι","συνέρχομαι"
"46","11","33","P","","εἰς","εἰς","εἰς","εἰς"
"46","11","33","RA","ASN","τὸ","τὸ","τό","ὁ"
"46","11","33","V","AAN","φαγεῖν","φαγεῖν","φαγεῖν","ἐσθίω"
"46","11","33","RP","APM","ἀλλήλους","ἀλλήλους","ἀλλήλους","ἀλλήλων"
"46","11","33","V","2PMD-P","ἐκδέχεσθε.","ἐκδέχεσθε","ἐκδέχεσθε","ἐκδέχομαι"
"46","11","34","C","","⸀εἴ","εἴ","εἰ","εἰ"
"46","11","34","RI","NSM","τις","τις","τὶς","τις"
"46","11","34","V","3PAI-S","πεινᾷ,","πεινᾷ","πεινᾷ","πεινάω"
"46","11","34","P","","ἐν","ἐν","ἐν","ἐν"
"46","11","34","N","DSM","οἴκῳ","οἴκῳ","οἴκῳ","οἶκος"
"46","11","34","V","3PAD-S","ἐσθιέτω,","ἐσθιέτω","ἐσθιέτω","ἐσθίω"
"46","11","34","C","","ἵνα","ἵνα","ἵνα","ἵνα"
"46","11","34","D","","μὴ","μὴ","μή","μή"
"46","11","34","P","","εἰς","εἰς","εἰς","εἰς"
"46","11","34","N","ASN","κρίμα","κρίμα","κρίμα","κρίμα"
"46","11","34","V","2PMS-P","συνέρχησθε.","συνέρχησθε","συνέρχησθε","συνέρχομαι"
"46","11","34","RA","APN","Τὰ","Τὰ","τά","ὁ"
"46","11","34","C","","δὲ","δὲ","δέ","δέ"
"46","11","34","A","APN","λοιπὰ","λοιπὰ","λοιπά","λοιπός"
"46","11","34","C","","ὡς","ὡς","ὡς","ὡς"
"46","11","34","X","","ἂν","ἂν","ἄν","ἄν"
"46","11","34","V","1AAS-S","ἔλθω","ἔλθω","ἔλθω","ἔρχομαι"
"46","11","34","V","1FMI-S","διατάξομαι.","διατάξομαι","διατάξομαι","διατάσσω"
"46","12","01","P","","Περὶ","Περὶ","περί","περί"
"46","12","01","C","","δὲ","δὲ","δέ","δέ"
"46","12","01","RA","GPN","τῶν","τῶν","τῶν","ὁ"
"46","12","01","A","GPN","πνευματικῶν,","πνευματικῶν","πνευματικῶν","πνευματικός"
"46","12","01","N","VPM","ἀδελφοί,","ἀδελφοί","ἀδελφοί","ἀδελφός"
"46","12","01","D","","οὐ","οὐ","οὐ","οὐ"
"46","12","01","V","1PAI-S","θέλω","θέλω","θέλω","θέλω"
"46","12","01","RP","AP","ὑμᾶς","ὑμᾶς","ὑμᾶς","σύ"
"46","12","01","V","PAN","ἀγνοεῖν.","ἀγνοεῖν","ἀγνοεῖν","ἀγνοέω"
"46","12","02","V","2XAI-P","οἴδατε","οἴδατε","οἴδατε","οἶδα"
"46","12","02","C","","ὅτι","ὅτι","ὅτι","ὅτι"
"46","12","02","C","","ὅτε","ὅτε","ὅτε","ὅτε"
"46","12","02","N","NPN","ἔθνη","ἔθνη","ἔθνη","ἔθνος"
"46","12","02","V","2IAI-P","ἦτε","ἦτε","ἦτε","εἰμί"
"46","12","02","P","","πρὸς","πρὸς","πρός","πρός"
"46","12","02","RA","APN","τὰ","τὰ","τά","ὁ"
"46","12","02","N","APN","εἴδωλα","εἴδωλα","εἴδωλα","εἴδωλον"
"46","12","02","RA","APN","τὰ","τὰ","τά","ὁ"
"46","12","02","A","APN","ἄφωνα","ἄφωνα","ἄφωνα","ἄφωνος"
"46","12","02","C","","ὡς","ὡς","ὡς","ὡς"
"46","12","02","X","","ἂν","ἂν","ἄν","ἄν"
"46","12","02","V","2IPI-P","ἤγεσθε","ἤγεσθε","ἤγεσθε","ἄγω"
"46","12","02","V","PPPNPM","ἀπαγόμενοι.","ἀπαγόμενοι","ἀπαγόμενοι","ἀπάγω"
"46","12","03","C","","διὸ","διὸ","διό","διό"
"46","12","03","V","1PAI-S","γνωρίζω","γνωρίζω","γνωρίζω","γνωρίζω"
"46","12","03","RP","DP","ὑμῖν","ὑμῖν","ὑμῖν","σύ"
"46","12","03","C","","ὅτι","ὅτι","ὅτι","ὅτι"
"46","12","03","A","NSM","οὐδεὶς","οὐδεὶς","οὐδείς","οὐδείς"
"46","12","03","P","","ἐν","ἐν","ἐν","ἐν"
"46","12","03","N","DSN","πνεύματι","πνεύματι","πνεύματι","πνεῦμα"
"46","12","03","N","GSM","θεοῦ","θεοῦ","θεοῦ","θεός"
"46","12","03","V","PAPNSM","λαλῶν","λαλῶν","λαλῶν","λαλέω"
"46","12","03","V","3PAI-S","λέγει·","λέγει","λέγει","λέγω"
"46","12","03","N","NSN","Ἀνάθεμα","Ἀνάθεμα","ἀνάθεμα","ἀνάθεμα"
"46","12","03","N","NSM","⸀Ἰησοῦς,","Ἰησοῦς","Ἰησοῦς","Ἰησοῦς"
"46","12","03","C","","καὶ","καὶ","καί","καί"
"46","12","03","A","NSM","οὐδεὶς","οὐδεὶς","οὐδείς","οὐδείς"
"46","12","03","V","3PMI-S","δύναται","δύναται","δύναται","δύναμαι"
"46","12","03","V","AAN","εἰπεῖν·","εἰπεῖν","εἰπεῖν","λέγω"
"46","12","03","N","NSM","⸂Κύριος","Κύριος","κύριος","κύριος"
"46","12","03","N","NSM","Ἰησοῦς⸃","Ἰησοῦς","Ἰησοῦς","Ἰησοῦς"
"46","12","03","C","","εἰ","εἰ","εἰ","εἰ"
"46","12","03","D","","μὴ","μὴ","μή","μή"
"46","12","03","P","","ἐν","ἐν","ἐν","ἐν"
"46","12","03","N","DSN","πνεύματι","πνεύματι","πνεύματι","πνεῦμα"
"46","12","03","A","DSN","ἁγίῳ.","ἁγίῳ","ἁγίῳ","ἅγιος"
"46","12","04","N","NPF","Διαιρέσεις","Διαιρέσεις","διαιρέσεις","διαίρεσις"
"46","12","04","C","","δὲ","δὲ","δέ","δέ"
"46","12","04","N","GPN","χαρισμάτων","χαρισμάτων","χαρισμάτων","χάρισμα"
"46","12","04","V","3PAI-P","εἰσίν,","εἰσίν","εἰσί(ν)","εἰμί"
"46","12","04","RA","NSN","τὸ","τὸ","τό","ὁ"
"46","12","04","C","","δὲ","δὲ","δέ","δέ"
"46","12","04","A","NSN","αὐτὸ","αὐτὸ","αὐτό","αὐτός"
"46","12","04","N","NSN","πνεῦμα·","πνεῦμα","πνεῦμα","πνεῦμα"
"46","12","05","C","","καὶ","καὶ","καί","καί"
"46","12","05","N","NPF","διαιρέσεις","διαιρέσεις","διαιρέσεις","διαίρεσις"
"46","12","05","N","GPF","διακονιῶν","διακονιῶν","διακονιῶν","διακονία"
"46","12","05","V","3PAI-P","εἰσιν,","εἰσιν","εἰσί(ν)","εἰμί"
"46","12","05","C","","καὶ","καὶ","καί","καί"
"46","12","05","RA","NSM","ὁ","ὁ","ὁ","ὁ"
"46","12","05","A","NSM","αὐτὸς","αὐτὸς","αὐτός","αὐτός"
"46","12","05","N","NSM","κύριος·","κύριος","κύριος","κύριος"
"46","12","06","C","","καὶ","καὶ","καί","καί"
"46","12","06","N","NPF","διαιρέσεις","διαιρέσεις","διαιρέσεις","διαίρεσις"
"46","12","06","N","GPN","ἐνεργημάτων","ἐνεργημάτων","ἐνεργημάτων","ἐνέργημα"
"46","12","06","V","3PAI-P","εἰσίν,","εἰσίν","εἰσί(ν)","εἰμί"
"46","12","06","RA","NSM","⸂ὁ","ὁ","ὁ","ὁ"
"46","12","06","C","","δὲ⸃","δὲ","δέ","δέ"
"46","12","06","A","NSM","⸀αὐτὸς","αὐτὸς","αὐτός","αὐτός"
"46","12","06","N","NSM","θεός,","θεός","θεός","θεός"
"46","12","06","RA","NSM","ὁ","ὁ","ὁ","ὁ"
"46","12","06","V","PAPNSM","ἐνεργῶν","ἐνεργῶν","ἐνεργῶν","ἐνεργέω"
"46","12","06","RA","APN","τὰ","τὰ","τά","ὁ"
"46","12","06","A","APN","πάντα","πάντα","πάντα","πᾶς"
"46","12","06","P","","ἐν","ἐν","ἐν","ἐν"
"46","12","06","A","DPM","πᾶσιν.","πᾶσιν","πᾶσι(ν)","πᾶς"
"46","12","07","A","DSM","ἑκάστῳ","ἑκάστῳ","ἑκάστῳ","ἕκαστος"
"46","12","07","C","","δὲ","δὲ","δέ","δέ"
"46","12","07","V","3PPI-S","δίδοται","δίδοται","δίδοται","δίδωμι"
"46","12","07","RA","NSF","ἡ","ἡ","ἡ","ὁ"
"46","12","07","N","NSF","φανέρωσις","φανέρωσις","φανέρωσις","φανέρωσις"
"46","12","07","RA","GSN","τοῦ","τοῦ","τοῦ","ὁ"
"46","12","07","N","GSN","πνεύματος","πνεύματος","πνεύματος","πνεῦμα"
"46","12","07","P","","πρὸς","πρὸς","πρός","πρός"
"46","12","07","RA","ASN","τὸ","τὸ","τό","ὁ"
"46","12","07","V","PAPASN","συμφέρον.","συμφέρον","συμφέρον","συμφέρω"
"46","12","08","RR","DSM","ᾧ","ᾧ","ᾧ","ὅς"
"46","12","08","C","","μὲν","μὲν","μέν","μέν"
"46","12","08","C","","γὰρ","γὰρ","γάρ","γάρ"
"46","12","08","P","","διὰ","διὰ","διά","διά"
"46","12","08","RA","GSN","τοῦ","τοῦ","τοῦ","ὁ"
"46","12","08","N","GSN","πνεύματος","πνεύματος","πνεύματος","πνεῦμα"
"46","12","08","V","3PPI-S","δίδοται","δίδοται","δίδοται","δίδωμι"
"46","12","08","N","NSM","λόγος","λόγος","λόγος","λόγος"
"46","12","08","N","GSF","σοφίας,","σοφίας","σοφίας","σοφία"
"46","12","08","A","DSM","ἄλλῳ","ἄλλῳ","ἄλλῳ","ἄλλος"
"46","12","08","C","","δὲ","δὲ","δέ","δέ"
"46","12","08","N","NSM","λόγος","λόγος","λόγος","λόγος"
"46","12","08","N","GSF","γνώσεως","γνώσεως","γνώσεως","γνῶσις"
"46","12","08","P","","κατὰ","κατὰ","κατά","κατά"
"46","12","08","RA","ASN","τὸ","τὸ","τό","ὁ"
"46","12","08","A","ASN","αὐτὸ","αὐτὸ","αὐτό","αὐτός"
"46","12","08","N","ASN","πνεῦμα,","πνεῦμα","πνεῦμα","πνεῦμα"
"46","12","09","A","DSM","⸀ἑτέρῳ","ἑτέρῳ","ἑτέρῳ","ἕτερος"
"46","12","09","N","NSF","πίστις","πίστις","πίστις","πίστις"
"46","12","09","P","","ἐν","ἐν","ἐν","ἐν"
"46","12","09","RA","DSN","τῷ","τῷ","τῷ","ὁ"
"46","12","09","A","DSN","αὐτῷ","αὐτῷ","αὐτῷ","αὐτός"
"46","12","09","N","DSN","πνεύματι,","πνεύματι","πνεύματι","πνεῦμα"
"46","12","09","A","DSM","⸀ἄλλῳ","ἄλλῳ","ἄλλῳ","ἄλλος"
"46","12","09","N","NPN","χαρίσματα","χαρίσματα","χαρίσματα","χάρισμα"
"46","12","09","N","GPN","ἰαμάτων","ἰαμάτων","ἰαμάτων","ἴαμα"
"46","12","09","P","","ἐν","ἐν","ἐν","ἐν"
"46","12","09","RA","DSN","τῷ","τῷ","τῷ","ὁ"
"46","12","09","A","DSN","⸀ἑνὶ","ἑνὶ","ἑνί","εἷς"
"46","12","09","N","DSN","πνεύματι,","πνεύματι","πνεύματι","πνεῦμα"
"46","12","10","A","DSM","⸀ἄλλῳ","ἄλλῳ","ἄλλῳ","ἄλλος"
"46","12","10","N","NPN","ἐνεργήματα","ἐνεργήματα","ἐνεργήματα","ἐνέργημα"
"46","12","10","N","GPF","δυνάμεων,","δυνάμεων","δυνάμεων","δύναμις"
"46","12","10","A","DSM","⸁ἄλλῳ","ἄλλῳ","ἄλλῳ","ἄλλος"
"46","12","10","N","NSF","προφητεία,","προφητεία","προφητεία","προφητεία"
"46","12","10","A","DSM","⸀1ἄλλῳ","ἄλλῳ","ἄλλῳ","ἄλλος"
"46","12","10","N","NPF","διακρίσεις","διακρίσεις","διακρίσεις","διάκρισις"
"46","12","10","N","GPN","πνευμάτων,","πνευμάτων","πνευμάτων","πνεῦμα"
"46","12","10","A","DSM","⸀ἑτέρῳ","ἑτέρῳ","ἑτέρῳ","ἕτερος"
"46","12","10","N","NPN","γένη","γένη","γένη","γένος"
"46","12","10","N","GPF","γλωσσῶν,","γλωσσῶν","γλωσσῶν","γλῶσσα"
"46","12","10","A","DSM","⸀2ἄλλῳ","ἄλλῳ","ἄλλῳ","ἄλλος"
"46","12","10","N","NSF","ἑρμηνεία","ἑρμηνεία","ἑρμηνεία","ἑρμηνεία"
"46","12","10","N","GPF","γλωσσῶν·","γλωσσῶν","γλωσσῶν","γλῶσσα"
"46","12","11","A","APN","πάντα","πάντα","πάντα","πᾶς"
"46","12","11","C","","δὲ","δὲ","δέ","δέ"
"46","12","11","RD","APN","ταῦτα","ταῦτα","ταῦτα","οὗτος"
"46","12","11","V","3PAI-S","ἐνεργεῖ","ἐνεργεῖ","ἐνεργεῖ","ἐνεργέω"
"46","12","11","RA","NSN","τὸ","τὸ","τό","ὁ"
"46","12","11","A","NSN","ἓν","ἓν","ἕν","εἷς"
"46","12","11","C","","καὶ","καὶ","καί","καί"
"46","12","11","RA","NSN","τὸ","τὸ","τό","ὁ"
"46","12","11","A","NSN","αὐτὸ","αὐτὸ","αὐτό","αὐτός"
"46","12","11","N","NSN","πνεῦμα,","πνεῦμα","πνεῦμα","πνεῦμα"
"46","12","11","V","PAPNSN","διαιροῦν","διαιροῦν","διαιροῦν","διαιρέω"
"46","12","11","A","DSF","ἰδίᾳ","ἰδίᾳ","ἰδίᾳ","ἴδιος"
"46","12","11","A","DSM","ἑκάστῳ","ἑκάστῳ","ἑκάστῳ","ἕκαστος"
"46","12","11","C","","καθὼς","καθὼς","καθώς","καθώς"
"46","12","11","V","3PMI-S","βούλεται.","βούλεται","βούλεται","βούλομαι"
"46","12","12","C","","Καθάπερ","Καθάπερ","καθάπερ","καθάπερ"
"46","12","12","C","","γὰρ","γὰρ","γάρ","γάρ"
"46","12","12","RA","NSN","τὸ","τὸ","τό","ὁ"
"46","12","12","N","NSN","σῶμα","σῶμα","σῶμα","σῶμα"
"46","12","12","A","NSN","ἕν","ἕν","ἕν","εἷς"
"46","12","12","V","3PAI-S","ἐστιν","ἐστιν","ἐστί(ν)","εἰμί"
"46","12","12","C","","καὶ","καὶ","καί","καί"
"46","12","12","N","APN","μέλη","μέλη","μέλη","μέλος"
"46","12","12","A","APN","⸂πολλὰ","πολλὰ","πολλά","πολύς"
"46","12","12","V","3PAI-S","ἔχει⸃,","ἔχει","ἔχει","ἔχω"
"46","12","12","A","NPN","πάντα","πάντα","πάντα","πᾶς"
"46","12","12","C","","δὲ","δὲ","δέ","δέ"
"46","12","12","RA","NPN","τὰ","τὰ","τά","ὁ"
"46","12","12","N","NPN","μέλη","μέλη","μέλη","μέλος"
"46","12","12","RA","GSN","τοῦ","τοῦ","τοῦ","ὁ"
"46","12","12","N","GSN","⸀σώματος","σώματος","σώματος","σῶμα"
"46","12","12","A","NPN","πολλὰ","πολλὰ","πολλά","πολύς"
"46","12","12","V","PAPNPN","ὄντα","ὄντα","ὄντα","εἰμί"
"46","12","12","A","NSN","ἕν","ἕν","ἕν","εἷς"
"46","12","12","V","3PAI-S","ἐστιν","ἐστιν","ἐστί(ν)","εἰμί"
"46","12","12","N","NSN","σῶμα,","σῶμα","σῶμα","σῶμα"
"46","12","12","D","","οὕτως","οὕτως","οὕτω(ς)","οὕτω(ς)"
"46","12","12","D","","καὶ","καὶ","καί","καί"
"46","12","12","RA","NSM","ὁ","ὁ","ὁ","ὁ"
"46","12","12","N","NSM","Χριστός·","Χριστός","Χριστός","Χριστός"
"46","12","13","D","","καὶ","καὶ","καί","καί"
"46","12","13","C","","γὰρ","γὰρ","γάρ","γάρ"
"46","12","13","P","","ἐν","ἐν","ἐν","ἐν"
"46","12","13","A","DSN","ἑνὶ","ἑνὶ","ἑνί","εἷς"
"46","12","13","N","DSN","πνεύματι","πνεύματι","πνεύματι","πνεῦμα"
"46","12","13","RP","NP","ἡμεῖς","ἡμεῖς","ἡμεῖς","ἐγώ"
"46","12","13","A","NPM","πάντες","πάντες","πάντες","πᾶς"
"46","12","13","P","","εἰς","εἰς","εἰς","εἰς"
"46","12","13","A","ASN","ἓν","ἓν","ἕν","εἷς"
"46","12","13","N","ASN","σῶμα","σῶμα","σῶμα","σῶμα"
"46","12","13","V","1API-P","ἐβαπτίσθημεν,","ἐβαπτίσθημεν","ἐβαπτίσθημεν","βαπτίζω"
"46","12","13","C","","εἴτε","εἴτε","εἴτε","εἴτε"
"46","12","13","A","NPM","Ἰουδαῖοι","Ἰουδαῖοι","Ἰουδαῖοι","Ἰουδαῖος"
"46","12","13","C","","εἴτε","εἴτε","εἴτε","εἴτε"
"46","12","13","N","NPM","Ἕλληνες,","Ἕλληνες","Ἕλληνες","Ἕλλην"
"46","12","13","C","","εἴτε","εἴτε","εἴτε","εἴτε"
"46","12","13","N","NPM","δοῦλοι","δοῦλοι","δοῦλοι","δοῦλος"
"46","12","13","C","","εἴτε","εἴτε","εἴτε","εἴτε"
"46","12","13","A","NPM","ἐλεύθεροι,","ἐλεύθεροι","ἐλεύθεροι","ἐλεύθερος"
"46","12","13","C","","καὶ","καὶ","καί","καί"
"46","12","13","A","NPM","⸀πάντες","πάντες","πάντες","πᾶς"
"46","12","13","A","ASN","ἓν","ἓν","ἕν","εἷς"
"46","12","13","N","ASN","πνεῦμα","πνεῦμα","πνεῦμα","πνεῦμα"
"46","12","13","V","1API-P","ἐποτίσθημεν.","ἐποτίσθημεν","ἐποτίσθημεν","ποτίζω"
"46","12","14","D","","Καὶ","Καὶ","καί","καί"
"46","12","14","C","","γὰρ","γὰρ","γάρ","γάρ"
"46","12","14","RA","NSN","τὸ","τὸ","τό","ὁ"
"46","12","14","N","NSN","σῶμα","σῶμα","σῶμα","σῶμα"
"46","12","14","D","","οὐκ","οὐκ","οὐ","οὐ"
"46","12","14","V","3PAI-S","ἔστιν","ἔστιν","ἐστί(ν)","εἰμί"
"46","12","14","A","NSN","ἓν","ἓν","ἕν","εἷς"
"46","12","14","N","NSN","μέλος","μέλος","μέλος","μέλος"
"46","12","14","C","","ἀλλὰ","ἀλλὰ","ἀλλά","ἀλλά"
"46","12","14","A","NPN","πολλά.","πολλά","πολλά","πολύς"
"46","12","15","C","","ἐὰν","ἐὰν","ἐάν","ἐάν"
"46","12","15","V","3AAS-S","εἴπῃ","εἴπῃ","εἴπῃ","λέγω"
"46","12","15","RA","NSM","ὁ","ὁ","ὁ","ὁ"
"46","12","15","N","NSM","πούς·","πούς","πούς","πούς"
"46","12","15","C","","Ὅτι","Ὅτι","ὅτι","ὅτι"
"46","12","15","D","","οὐκ","οὐκ","οὐ","οὐ"
"46","12","15","V","1PAI-S","εἰμὶ","εἰμὶ","εἰμί","εἰμί"
"46","12","15","N","NSF","χείρ,","χείρ","χείρ","χείρ"
"46","12","15","D","","οὐκ","οὐκ","οὐ","οὐ"
"46","12","15","V","1PAI-S","εἰμὶ","εἰμὶ","εἰμί","εἰμί"
"46","12","15","P","","ἐκ","ἐκ","ἐκ","ἐκ"
"46","12","15","RA","GSN","τοῦ","τοῦ","τοῦ","ὁ"
"46","12","15","N","GSN","σώματος,","σώματος","σώματος","σῶμα"
"46","12","15","D","","οὐ","οὐ","οὐ","οὐ"
"46","12","15","P","","παρὰ","παρὰ","παρά","παρά"
"46","12","15","RD","ASN","τοῦτο","τοῦτο","τοῦτο","οὗτος"
"46","12","15","D","","οὐκ","οὐκ","οὐ","οὐ"
"46","12","15","V","3PAI-S","ἔστιν","ἔστιν","ἐστί(ν)","εἰμί"
"46","12","15","P","","ἐκ","ἐκ","ἐκ","ἐκ"
"46","12","15","RA","GSN","τοῦ","τοῦ","τοῦ","ὁ"
"46","12","15","N","GSN","σώματος;","σώματος","σώματος","σῶμα"
"46","12","16","C","","καὶ","καὶ","καί","καί"
"46","12","16","C","","ἐὰν","ἐὰν","ἐάν","ἐάν"
"46","12","16","V","3AAS-S","εἴπῃ","εἴπῃ","εἴπῃ","λέγω"
"46","12","16","RA","NSN","τὸ","τὸ","τό","ὁ"
"46","12","16","N","NSN","οὖς·","οὖς","οὖς","οὖς"
"46","12","16","C","","Ὅτι","Ὅτι","ὅτι","ὅτι"
"46","12","16","D","","οὐκ","οὐκ","οὐ","οὐ"
"46","12","16","V","1PAI-S","εἰμὶ","εἰμὶ","εἰμί","εἰμί"
"46","12","16","N","NSM","ὀφθαλμός,","ὀφθαλμός","ὀφθαλμός","ὀφθαλμός"
"46","12","16","D","","οὐκ","οὐκ","οὐ","οὐ"
"46","12","16","V","1PAI-S","εἰμὶ","εἰμὶ","εἰμί","εἰμί"
"46","12","16","P","","ἐκ","ἐκ","ἐκ","ἐκ"
"46","12","16","RA","GSN","τοῦ","τοῦ","τοῦ","ὁ"
"46","12","16","N","GSN","σώματος,","σώματος","σώματος","σῶμα"
"46","12","16","D","","οὐ","οὐ","οὐ","οὐ"
"46","12","16","P","","παρὰ","παρὰ","παρά","παρά"
"46","12","16","RD","ASN","τοῦτο","τοῦτο","τοῦτο","οὗτος"
"46","12","16","D","","οὐκ","οὐκ","οὐ","οὐ"
"46","12","16","V","3PAI-S","ἔστιν","ἔστιν","ἐστί(ν)","εἰμί"
"46","12","16","P","","ἐκ","ἐκ","ἐκ","ἐκ"
"46","12","16","RA","GSN","τοῦ","τοῦ","τοῦ","ὁ"
"46","12","16","N","GSN","σώματος·","σώματος","σώματος","σῶμα"
"46","12","17","C","","εἰ","εἰ","εἰ","εἰ"
"46","12","17","A","NSN","ὅλον","ὅλον","ὅλον","ὅλος"
"46","12","17","RA","NSN","τὸ","τὸ","τό","ὁ"
"46","12","17","N","NSN","σῶμα","σῶμα","σῶμα","σῶμα"
"46","12","17","N","NSM","ὀφθαλμός,","ὀφθαλμός","ὀφθαλμός","ὀφθαλμός"
"46","12","17","D","","ποῦ","ποῦ","ποῦ","ποῦ"
"46","12","17","RA","NSF","ἡ","ἡ","ἡ","ὁ"
"46","12","17","N","NSF","ἀκοή;","ἀκοή","ἀκοή","ἀκοή"
"46","12","17","C","","εἰ","εἰ","εἰ","εἰ"
"46","12","17","A","NSN","ὅλον","ὅλον","ὅλον","ὅλος"
"46","12","17","N","NSF","ἀκοή,","ἀκοή","ἀκοή","ἀκοή"
"46","12","17","D","","ποῦ","ποῦ","ποῦ","ποῦ"
"46","12","17","RA","NSF","ἡ","ἡ","ἡ","ὁ"
"46","12","17","N","NSF","ὄσφρησις;","ὄσφρησις","ὄσφρησις","ὄσφρησις"
"46","12","18","D","","⸀νυνὶ","νυνὶ","νυνί","νυνί"
"46","12","18","C","","δὲ","δὲ","δέ","δέ"
"46","12","18","RA","NSM","ὁ","ὁ","ὁ","ὁ"
"46","12","18","N","NSM","θεὸς","θεὸς","θεός","θεός"
"46","12","18","V","3AMI-S","ἔθετο","ἔθετο","ἔθετο","τίθημι"
"46","12","18","RA","APN","τὰ","τὰ","τά","ὁ"
"46","12","18","N","APN","μέλη,","μέλη","μέλη","μέλος"
"46","12","18","A","ASN","ἓν","ἓν","ἕν","εἷς"
"46","12","18","A","ASN","ἕκαστον","ἕκαστον","ἕκαστον","ἕκαστος"
"46","12","18","RP","GPN","αὐτῶν,","αὐτῶν","αὐτῶν","αὐτός"
"46","12","18","P","","ἐν","ἐν","ἐν","ἐν"
"46","12","18","RA","DSN","τῷ","τῷ","τῷ","ὁ"
"46","12","18","N","DSN","σώματι","σώματι","σώματι","σῶμα"
"46","12","18","C","","καθὼς","καθὼς","καθώς","καθώς"
"46","12","18","V","3AAI-S","ἠθέλησεν.","ἠθέλησεν","ἠθέλησε(ν)","θέλω"
"46","12","19","C","","εἰ","εἰ","εἰ","εἰ"
"46","12","19","C","","δὲ","δὲ","δέ","δέ"
"46","12","19","V","3IAI-S","ἦν","ἦν","ἦν","εἰμί"
"46","12","19","RA","NPN","τὰ","τὰ","τά","ὁ"
"46","12","19","A","NPN","πάντα","πάντα","πάντα","πᾶς"
"46","12","19","A","NSN","ἓν","ἓν","ἕν","εἷς"
"46","12","19","N","NSN","μέλος,","μέλος","μέλος","μέλος"
"46","12","19","D","","ποῦ","ποῦ","ποῦ","ποῦ"
"46","12","19","RA","NSN","τὸ","τὸ","τό","ὁ"
"46","12","19","N","NSN","σῶμα;","σῶμα","σῶμα","σῶμα"
"46","12","20","D","","νῦν","νῦν","νῦν","νῦν"
"46","12","20","C","","δὲ","δὲ","δέ","δέ"
"46","12","20","A","NPN","πολλὰ","πολλὰ","πολλά","πολύς"
"46","12","20","C","","⸀μὲν","μὲν","μέν","μέν"
"46","12","20","N","NPN","μέλη,","μέλη","μέλη","μέλος"
"46","12","20","A","NSN","ἓν","ἓν","ἕν","εἷς"
"46","12","20","C","","δὲ","δὲ","δέ","δέ"
"46","12","20","N","NSN","σῶμα.","σῶμα","σῶμα","σῶμα"
"46","12","21","D","","οὐ","οὐ","οὐ","οὐ"
"46","12","21","V","3PMI-S","δύναται","δύναται","δύναται","δύναμαι"
"46","12","21","C","","δὲ","δὲ","δέ","δέ"
"46","12","21","RA","NSM","ὁ","ὁ","ὁ","ὁ"
"46","12","21","N","NSM","ὀφθαλμὸς","ὀφθαλμὸς","ὀφθαλμός","ὀφθαλμός"
"46","12","21","V","AAN","εἰπεῖν","εἰπεῖν","εἰπεῖν","λέγω"
"46","12","21","RA","DSF","τῇ","τῇ","τῇ","ὁ"
"46","12","21","N","DSF","χειρί·","χειρί","χειρί","χείρ"
"46","12","21","N","ASF","Χρείαν","Χρείαν","χρείαν","χρεία"
"46","12","21","RP","GS","σου","σου","σου","σύ"
"46","12","21","D","","οὐκ","οὐκ","οὐ","οὐ"
"46","12","21","V","1PAI-S","ἔχω,","ἔχω","ἔχω","ἔχω"
"46","12","21","C","","ἢ","ἢ","ἤ","ἤ"
"46","12","21","D","","πάλιν","πάλιν","πάλιν","πάλιν"
"46","12","21","RA","NSF","ἡ","ἡ","ἡ","ὁ"
"46","12","21","N","NSF","κεφαλὴ","κεφαλὴ","κεφαλή","κεφαλή"
"46","12","21","RA","DPM","τοῖς","τοῖς","τοῖς","ὁ"
"46","12","21","N","DPM","ποσίν·","ποσίν","ποσί(ν)","πούς"
"46","12","21","N","ASF","Χρείαν","Χρείαν","χρείαν","χρεία"
"46","12","21","RP","GP","ὑμῶν","ὑμῶν","ὑμῶν","σύ"
"46","12","21","D","","οὐκ","οὐκ","οὐ","οὐ"
"46","12","21","V","1PAI-S","ἔχω·","ἔχω","ἔχω","ἔχω"
"46","12","22","C","","ἀλλὰ","ἀλλὰ","ἀλλά","ἀλλά"
"46","12","22","A","DSN","πολλῷ","πολλῷ","πολλῷ","πολύς"
"46","12","22","D","","μᾶλλον","μᾶλλον","μᾶλλον","μᾶλλον"
"46","12","22","RA","NPN","τὰ","τὰ","τά","ὁ"
"46","12","22","V","PAPNPN","δοκοῦντα","δοκοῦντα","δοκοῦντα","δοκέω"
"46","12","22","N","NPN","μέλη","μέλη","μέλη","μέλος"
"46","12","22","RA","GSN","τοῦ","τοῦ","τοῦ","ὁ"
"46","12","22","N","GSN","σώματος","σώματος","σώματος","σῶμα"
"46","12","22","A","NPNC","ἀσθενέστερα","ἀσθενέστερα","ἀσθενέστερα","ἀσθενής"
"46","12","22","V","PAN","ὑπάρχειν","ὑπάρχειν","ὑπάρχειν","ὑπάρχω"
"46","12","22","A","NPN","ἀναγκαῖά","ἀναγκαῖά","ἀναγκαῖα","ἀναγκαῖος"
"46","12","22","V","3PAI-S","ἐστιν,","ἐστιν","ἐστί(ν)","εἰμί"
"46","12","23","C","","καὶ","καὶ","καί","καί"
"46","12","23","RR","APN","ἃ","ἃ","ἅ","ὅς"
"46","12","23","V","1PAI-P","δοκοῦμεν","δοκοῦμεν","δοκοῦμεν","δοκέω"
"46","12","23","A","APNC","ἀτιμότερα","ἀτιμότερα","ἀτιμότερα","ἄτιμος"
"46","12","23","V","PAN","εἶναι","εἶναι","εἶναι","εἰμί"
"46","12","23","RA","GSN","τοῦ","τοῦ","τοῦ","ὁ"
"46","12","23","N","GSN","σώματος,","σώματος","σώματος","σῶμα"
"46","12","23","RD","DPN","τούτοις","τούτοις","τούτοις","οὗτος"
"46","12","23","N","ASF","τιμὴν","τιμὴν","τιμήν","τιμή"
"46","12","23","A","ASFC","περισσοτέραν","περισσοτέραν","περισσοτέραν","περισσότερος"
"46","12","23","V","1PAI-P","περιτίθεμεν,","περιτίθεμεν","περιτίθεμεν","περιτίθημι"
"46","12","23","C","","καὶ","καὶ","καί","καί"
"46","12","23","RA","NPN","τὰ","τὰ","τά","ὁ"
"46","12","23","A","NPN","ἀσχήμονα","ἀσχήμονα","ἀσχήμονα","ἀσχήμων"
"46","12","23","RP","GP","ἡμῶν","ἡμῶν","ἡμῶν","ἐγώ"
"46","12","23","N","ASF","εὐσχημοσύνην","εὐσχημοσύνην","εὐσχημοσύνην","εὐσχημοσύνη"
"46","12","23","A","ASFC","περισσοτέραν","περισσοτέραν","περισσοτέραν","περισσότερος"
"46","12","23","V","3PAI-S","ἔχει,","ἔχει","ἔχει","ἔχω"
"46","12","24","RA","NPN","τὰ","τὰ","τά","ὁ"
"46","12","24","C","","δὲ","δὲ","δέ","δέ"
"46","12","24","A","NPN","εὐσχήμονα","εὐσχήμονα","εὐσχήμονα","εὐσχήμων"
"46","12","24","RP","GP","ἡμῶν","ἡμῶν","ἡμῶν","ἐγώ"
"46","12","24","D","","οὐ","οὐ","οὐ","οὐ"
"46","12","24","N","ASF","χρείαν","χρείαν","χρείαν","χρεία"
"46","12","24","V","3PAI-S","⸀ἔχει.","ἔχει","ἔχει","ἔχω"
"46","12","24","C","","ἀλλὰ","ἀλλὰ","ἀλλά","ἀλλά"
"46","12","24","RA","NSM","ὁ","ὁ","ὁ","ὁ"
"46","12","24","N","NSM","θεὸς","θεὸς","θεός","θεός"
"46","12","24","V","3AAI-S","συνεκέρασεν","συνεκέρασεν","συνεκέρασε(ν)","συγκεράννυμι"
"46","12","24","RA","ASN","τὸ","τὸ","τό","ὁ"
"46","12","24","N","ASN","σῶμα,","σῶμα","σῶμα","σῶμα"
"46","12","24","RA","DSN","τῷ","τῷ","τῷ","ὁ"
"46","12","24","V","PAPDSN","⸀ὑστεροῦντι","ὑστεροῦντι","ὑστεροῦντι","ὑστερέω"
"46","12","24","A","ASFC","περισσοτέραν","περισσοτέραν","περισσοτέραν","περισσότερος"
"46","12","24","V","AAPNSM","δοὺς","δοὺς","δούς","δίδωμι"
"46","12","24","N","ASF","τιμήν,","τιμήν","τιμήν","τιμή"
"46","12","25","C","","ἵνα","ἵνα","ἵνα","ἵνα"
"46","12","25","D","","μὴ","μὴ","μή","μή"
"46","12","25","V","3PAS-S","ᾖ","ᾖ","ᾖ","εἰμί"
"46","12","25","N","NSN","⸀σχίσμα","σχίσμα","σχίσμα","σχίσμα"
"46","12","25","P","","ἐν","ἐν","ἐν","ἐν"
"46","12","25","RA","DSN","τῷ","τῷ","τῷ","ὁ"
"46","12","25","N","DSN","σώματι,","σώματι","σώματι","σῶμα"
"46","12","25","C","","ἀλλὰ","ἀλλὰ","ἀλλά","ἀλλά"
"46","12","25","RA","ASN","τὸ","τὸ","τό","ὁ"
"46","12","25","A","ASN","αὐτὸ","αὐτὸ","αὐτό","αὐτός"
"46","12","25","P","","ὑπὲρ","ὑπὲρ","ὑπέρ","ὑπέρ"
"46","12","25","RP","GPM","ἀλλήλων","ἀλλήλων","ἀλλήλων","ἀλλήλων"
"46","12","25","V","3PAS-P","μεριμνῶσι","μεριμνῶσι","μεριμνῶσι(ν)","μεριμνάω"
"46","12","25","RA","NPN","τὰ","τὰ","τά","ὁ"
"46","12","25","N","NPN","μέλη.","μέλη","μέλη","μέλος"
"46","12","26","C","","καὶ","καὶ","καί","καί"
"46","12","26","C","","⸀εἴτε","εἴτε","εἴτε","εἴτε"
"46","12","26","V","3PAI-S","πάσχει","πάσχει","πάσχει","πάσχω"
"46","12","26","A","NSN","ἓν","ἓν","ἕν","εἷς"
"46","12","26","N","NSN","μέλος,","μέλος","μέλος","μέλος"
"46","12","26","V","3PAI-S","συμπάσχει","συμπάσχει","συμπάσχει","συμπάσχω"
"46","12","26","A","NPN","πάντα","πάντα","πάντα","πᾶς"
"46","12","26","RA","NPN","τὰ","τὰ","τά","ὁ"
"46","12","26","N","NPN","μέλη·","μέλη","μέλη","μέλος"
"46","12","26","C","","εἴτε","εἴτε","εἴτε","εἴτε"
"46","12","26","V","3PPI-S","δοξάζεται","δοξάζεται","δοξάζεται","δοξάζω"
"46","12","26","N","NSN","⸀μέλος,","μέλος","μέλος","μέλος"
"46","12","26","V","3PAI-S","συγχαίρει","συγχαίρει","συγχαίρει","συγχαίρω"
"46","12","26","A","NPN","πάντα","πάντα","πάντα","πᾶς"
"46","12","26","RA","NPN","τὰ","τὰ","τά","ὁ"
"46","12","26","N","NPN","μέλη.","μέλη","μέλη","μέλος"
"46","12","27","RP","NP","Ὑμεῖς","Ὑμεῖς","ὑμεῖς","σύ"
"46","12","27","C","","δέ","δέ","δέ","δέ"
"46","12","27","V","2PAI-P","ἐστε","ἐστε","ἐστέ","εἰμί"
"46","12","27","N","NSN","σῶμα","σῶμα","σῶμα","σῶμα"
"46","12","27","N","GSM","Χριστοῦ","Χριστοῦ","Χριστοῦ","Χριστός"
"46","12","27","C","","καὶ","καὶ","καί","καί"
"46","12","27","N","NPN","μέλη","μέλη","μέλη","μέλος"
"46","12","27","P","","ἐκ","ἐκ","ἐκ","ἐκ"
"46","12","27","N","GSN","μέρους.","μέρους","μέρους","μέρος"
"46","12","28","C","","καὶ","καὶ","καί","καί"
"46","12","28","RR","APM","οὓς","οὓς","οὕς","ὅς"
"46","12","28","X","","μὲν","μὲν","μέν","μέν"
"46","12","28","V","3AMI-S","ἔθετο","ἔθετο","ἔθετο","τίθημι"
"46","12","28","RA","NSM","ὁ","ὁ","ὁ","ὁ"
"46","12","28","N","NSM","θεὸς","θεὸς","θεός","θεός"
"46","12","28","P","","ἐν","ἐν","ἐν","ἐν"
"46","12","28","RA","DSF","τῇ","τῇ","τῇ","ὁ"
"46","12","28","N","DSF","ἐκκλησίᾳ","ἐκκλησίᾳ","ἐκκλησίᾳ","ἐκκλησία"
"46","12","28","A","ASN","πρῶτον","πρῶτον","πρῶτον","πρῶτος"
"46","12","28","N","APM","ἀποστόλους,","ἀποστόλους","ἀποστόλους","ἀπόστολος"
"46","12","28","A","ASN","δεύτερον","δεύτερον","δεύτερον","δεύτερος"
"46","12","28","N","APM","προφήτας,","προφήτας","προφήτας","προφήτης"
"46","12","28","A","ASN","τρίτον","τρίτον","τρίτον","τρίτος"
"46","12","28","N","APM","διδασκάλους,","διδασκάλους","διδασκάλους","διδάσκαλος"
"46","12","28","D","","ἔπειτα","ἔπειτα","ἔπειτα","ἔπειτα"
"46","12","28","N","APF","δυνάμεις,","δυνάμεις","δυνάμεις","δύναμις"
"46","12","28","D","","⸀ἔπειτα","ἔπειτα","ἔπειτα","ἔπειτα"
"46","12","28","N","APN","χαρίσματα","χαρίσματα","χαρίσματα","χάρισμα"
"46","12","28","N","GPN","ἰαμάτων,","ἰαμάτων","ἰαμάτων","ἴαμα"
"46","12","28","N","APF","ἀντιλήμψεις,","ἀντιλήμψεις","ἀντιλήμψεις","ἀντίλημψις"
"46","12","28","N","APF","κυβερνήσεις,","κυβερνήσεις","κυβερνήσεις","κυβέρνησις"
"46","12","28","N","APN","γένη","γένη","γένη","γένος"
"46","12","28","N","GPF","γλωσσῶν.","γλωσσῶν","γλωσσῶν","γλῶσσα"
"46","12","29","X","","μὴ","μὴ","μή","μή"
"46","12","29","A","NPM","πάντες","πάντες","πάντες","πᾶς"
"46","12","29","N","NPM","ἀπόστολοι;","ἀπόστολοι","ἀπόστολοι","ἀπόστολος"
"46","12","29","X","","μὴ","μὴ","μή","μή"
"46","12","29","A","NPM","πάντες","πάντες","πάντες","πᾶς"
"46","12","29","N","NPM","προφῆται;","προφῆται","προφῆται","προφήτης"
"46","12","29","X","","μὴ","μὴ","μή","μή"
"46","12","29","A","NPM","πάντες","πάντες","πάντες","πᾶς"
"46","12","29","N","NPM","διδάσκαλοι;","διδάσκαλοι","διδάσκαλοι","διδάσκαλος"
"46","12","29","X","","μὴ","μὴ","μή","μή"
"46","12","29","A","NPM","πάντες","πάντες","πάντες","πᾶς"
"46","12","29","N","NPF","δυνάμεις;","δυνάμεις","δυνάμεις","δύναμις"
"46","12","30","X","","μὴ","μὴ","μή","μή"
"46","12","30","A","NPM","πάντες","πάντες","πάντες","πᾶς"
"46","12","30","N","APN","χαρίσματα","χαρίσματα","χαρίσματα","χάρισμα"
"46","12","30","V","3PAI-P","ἔχουσιν","ἔχουσιν","ἔχουσι(ν)","ἔχω"
"46","12","30","N","GPN","ἰαμάτων;","ἰαμάτων","ἰαμάτων","ἴαμα"
"46","12","30","X","","μὴ","μὴ","μή","μή"
"46","12","30","A","NPM","πάντες","πάντες","πάντες","πᾶς"
"46","12","30","N","DPF","γλώσσαις","γλώσσαις","γλώσσαις","γλῶσσα"
"46","12","30","V","3PAI-P","λαλοῦσιν;","λαλοῦσιν","λαλοῦσι(ν)","λαλέω"
"46","12","30","X","","μὴ","μὴ","μή","μή"
"46","12","30","A","NPM","πάντες","πάντες","πάντες","πᾶς"
"46","12","30","V","3PAI-P","διερμηνεύουσιν;","διερμηνεύουσιν","διερμηνεύουσι(ν)","διερμηνεύω"
"46","12","31","V","2PAD-P","ζηλοῦτε","ζηλοῦτε","ζηλοῦτε","ζηλόω"
"46","12","31","C","","δὲ","δὲ","δέ","δέ"
"46","12","31","RA","APN","τὰ","τὰ","τά","ὁ"
"46","12","31","N","APN","χαρίσματα","χαρίσματα","χαρίσματα","χάρισμα"
"46","12","31","RA","APN","τὰ","τὰ","τά","ὁ"
"46","12","31","A","APNC","⸀μείζονα.","μείζονα","μείζονα","μέγας"
"46","12","31","C","","καὶ","καὶ","καί","καί"
"46","12","31","D","","ἔτι","ἔτι","ἔτι","ἔτι"
"46","12","31","P","","καθ’","καθ’","κατά","κατά"
"46","12","31","N","ASF","ὑπερβολὴν","ὑπερβολὴν","ὑπερβολήν","ὑπερβολή"
"46","12","31","N","ASF","ὁδὸν","ὁδὸν","ὁδόν","ὁδός"
"46","12","31","RP","DP","ὑμῖν","ὑμῖν","ὑμῖν","σύ"
"46","12","31","V","1PAI-S","δείκνυμι.","δείκνυμι","δείκνυμι","δείκνυμι"
"46","13","01","C","","Ἐὰν","Ἐὰν","ἐάν","ἐάν"
"46","13","01","RA","DPF","ταῖς","ταῖς","ταῖς","ὁ"
"46","13","01","N","DPF","γλώσσαις","γλώσσαις","γλώσσαις","γλῶσσα"
"46","13","01","RA","GPM","τῶν","τῶν","τῶν","ὁ"
"46","13","01","N","GPM","ἀνθρώπων","ἀνθρώπων","ἀνθρώπων","ἄνθρωπος"
"46","13","01","V","1PAS-S","λαλῶ","λαλῶ","λαλῶ","λαλέω"
"46","13","01","C","","καὶ","καὶ","καί","καί"
"46","13","01","RA","GPM","τῶν","τῶν","τῶν","ὁ"
"46","13","01","N","GPM","ἀγγέλων,","ἀγγέλων","ἀγγέλων","ἄγγελος"
"46","13","01","N","ASF","ἀγάπην","ἀγάπην","ἀγάπην","ἀγάπη"
"46","13","01","C","","δὲ","δὲ","δέ","δέ"
"46","13","01","D","","μὴ","μὴ","μή","μή"
"46","13","01","V","1PAS-S","ἔχω,","ἔχω","ἔχω","ἔχω"
"46","13","01","V","1XAI-S","γέγονα","γέγονα","γέγονα","γίνομαι"
"46","13","01","N","NSM","χαλκὸς","χαλκὸς","χαλκός","χαλκός"
"46","13","01","V","PAPNSM","ἠχῶν","ἠχῶν","ἠχῶν","ἠχέω"
"46","13","01","C","","ἢ","ἢ","ἤ","ἤ"
"46","13","01","N","NSN","κύμβαλον","κύμβαλον","κύμβαλον","κύμβαλον"
"46","13","01","V","PAPNSN","ἀλαλάζον.","ἀλαλάζον","ἀλαλάζον","ἀλαλάζω"
"46","13","02","C","","⸂καὶ","καὶ","καί","καί"
"46","13","02","C","","ἐὰν⸃","ἐὰν","ἐάν","ἐάν"
"46","13","02","V","1PAS-S","ἔχω","ἔχω","ἔχω","ἔχω"
"46","13","02","N","ASF","προφητείαν","προφητείαν","προφητείαν","προφητεία"
"46","13","02","C","","καὶ","καὶ","καί","καί"
"46","13","02","V","1XAS-S","εἰδῶ","εἰδῶ","εἰδῶ","οἶδα"
"46","13","02","RA","APN","τὰ","τὰ","τά","ὁ"
"46","13","02","N","APN","μυστήρια","μυστήρια","μυστήρια","μυστήριον"
"46","13","02","A","APN","πάντα","πάντα","πάντα","πᾶς"
"46","13","02","C","","καὶ","καὶ","καί","καί"
"46","13","02","A","ASF","πᾶσαν","πᾶσαν","πᾶσαν","πᾶς"
"46","13","02","RA","ASF","τὴν","τὴν","τήν","ὁ"
"46","13","02","N","ASF","γνῶσιν,","γνῶσιν","γνῶσιν","γνῶσις"
"46","13","02","C","","⸄καὶ","καὶ","καί","καί"
"46","13","02","C","","ἐὰν⸅","ἐὰν","ἐάν","ἐάν"
"46","13","02","V","1PAS-S","ἔχω","ἔχω","ἔχω","ἔχω"
"46","13","02","A","ASF","πᾶσαν","πᾶσαν","πᾶσαν","πᾶς"
"46","13","02","RA","ASF","τὴν","τὴν","τήν","ὁ"
"46","13","02","N","ASF","πίστιν","πίστιν","πίστιν","πίστις"
"46","13","02","C","","ὥστε","ὥστε","ὥστε","ὥστε"
"46","13","02","N","APN","ὄρη","ὄρη","ὄρη","ὄρος"
"46","13","02","V","PAN","⸀μεθιστάναι,","μεθιστάναι","μεθιστάναι","μεθίστημι"
"46","13","02","N","ASF","ἀγάπην","ἀγάπην","ἀγάπην","ἀγάπη"
"46","13","02","C","","δὲ","δὲ","δέ","δέ"
"46","13","02","D","","μὴ","μὴ","μή","μή"
"46","13","02","V","1PAS-S","ἔχω,","ἔχω","ἔχω","ἔχω"
"46","13","02","A","ASN","οὐθέν","οὐθέν","οὐθέν","οὐδείς"
"46","13","02","V","1PAI-S","εἰμι.","εἰμι","εἰμί","εἰμί"
"46","13","03","C","","⸂καὶ","καὶ","καί","καί"
"46","13","03","C","","ἐὰν⸃","ἐὰν","ἐάν","ἐάν"
"46","13","03","V","1AAS-S","ψωμίσω","ψωμίσω","ψωμίσω","ψωμίζω"
"46","13","03","A","APN","πάντα","πάντα","πάντα","πᾶς"
"46","13","03","RA","APN","τὰ","τὰ","τά","ὁ"
"46","13","03","V","PAPAPN","ὑπάρχοντά","ὑπάρχοντά","ὑπάρχοντα","ὑπάρχω"
"46","13","03","RP","GS","μου,","μου","μου","ἐγώ"
"46","13","03","C","","⸄καὶ","καὶ","καί","καί"
"46","13","03","C","","ἐὰν⸃","ἐὰν","ἐάν","ἐάν"
"46","13","03","V","1AAS-S","παραδῶ","παραδῶ","παραδῶ","παραδίδωμι"
"46","13","03","RA","ASN","τὸ","τὸ","τό","ὁ"
"46","13","03","N","ASN","σῶμά","σῶμά","σῶμα","σῶμα"
"46","13","03","RP","GS","μου,","μου","μου","ἐγώ"
"46","13","03","C","","ἵνα","ἵνα","ἵνα","ἵνα"
"46","13","03","V","1FPI-S","⸀καυθήσομαι,","καυθήσομαι","καυθήσομαι","καίω"
"46","13","03","N","ASF","ἀγάπην","ἀγάπην","ἀγάπην","ἀγάπη"
"46","13","03","C","","δὲ","δὲ","δέ","δέ"
"46","13","03","D","","μὴ","μὴ","μή","μή"
"46","13","03","V","1PAS-S","ἔχω,","ἔχω","ἔχω","ἔχω"
"46","13","03","A","ASN","οὐδὲν","οὐδὲν","οὐδέν","οὐδείς"
"46","13","03","V","1PPI-S","ὠφελοῦμαι.","ὠφελοῦμαι","ὠφελοῦμαι","ὠφελέω"
"46","13","04","RA","NSF","Ἡ","Ἡ","ἡ","ὁ"
"46","13","04","N","NSF","ἀγάπη","ἀγάπη","ἀγάπη","ἀγάπη"
"46","13","04","V","3PAI-S","μακροθυμεῖ,","μακροθυμεῖ","μακροθυμεῖ","μακροθυμέω"
"46","13","04","V","3PMI-S","χρηστεύεται","χρηστεύεται","χρηστεύεται","χρηστεύομαι"
"46","13","04","RA","NSF","ἡ","ἡ","ἡ","ὁ"
"46","13","04","N","NSF","ἀγάπη,","ἀγάπη","ἀγάπη","ἀγάπη"
"46","13","04","D","","οὐ","οὐ","οὐ","οὐ"
"46","13","04","V","3PAI-S","ζηλοῖ","ζηλοῖ","ζηλοῖ","ζηλόω"
"46","13","04","RA","NSF","⸂ἡ","ἡ","ἡ","ὁ"
"46","13","04","N","NSF","ἀγάπη⸃,","ἀγάπη","ἀγάπη","ἀγάπη"
"46","13","04","D","","οὐ","οὐ","οὐ","οὐ"
"46","13","04","V","3PMI-S","περπερεύεται,","περπερεύεται","περπερεύεται","περπερεύομαι"
"46","13","04","D","","οὐ","οὐ","οὐ","οὐ"
"46","13","04","V","3PPI-S","φυσιοῦται,","φυσιοῦται","φυσιοῦται","φυσιόω"
"46","13","05","D","","οὐκ","οὐκ","οὐ","οὐ"
"46","13","05","V","3PAI-S","ἀσχημονεῖ,","ἀσχημονεῖ","ἀσχημονεῖ","ἀσχημονέω"
"46","13","05","D","","οὐ","οὐ","οὐ","οὐ"
"46","13","05","V","3PAI-S","ζητεῖ","ζητεῖ","ζητεῖ","ζητέω"
"46","13","05","RA","APN","τὰ","τὰ","τά","ὁ"
"46","13","05","RP","GSF","ἑαυτῆς,","ἑαυτῆς","ἑαυτῆς","ἑαυτοῦ"
"46","13","05","D","","οὐ","οὐ","οὐ","οὐ"
"46","13","05","V","3PPI-S","παροξύνεται,","παροξύνεται","παροξύνεται","παροξύνομαι"
"46","13","05","D","","οὐ","οὐ","οὐ","οὐ"
"46","13","05","V","3PMI-S","λογίζεται","λογίζεται","λογίζεται","λογίζομαι"
"46","13","05","RA","ASN","τὸ","τὸ","τό","ὁ"
"46","13","05","A","ASN","κακόν,","κακόν","κακόν","κακός"
"46","13","06","D","","οὐ","οὐ","οὐ","οὐ"
"46","13","06","V","3PAI-S","χαίρει","χαίρει","χαίρει","χαίρω"
"46","13","06","P","","ἐπὶ","ἐπὶ","ἐπί","ἐπί"
"46","13","06","RA","DSF","τῇ","τῇ","τῇ","ὁ"
"46","13","06","N","DSF","ἀδικίᾳ,","ἀδικίᾳ","ἀδικίᾳ","ἀδικία"
"46","13","06","V","3PAI-S","συγχαίρει","συγχαίρει","συγχαίρει","συγχαίρω"
"46","13","06","C","","δὲ","δὲ","δέ","δέ"
"46","13","06","RA","DSF","τῇ","τῇ","τῇ","ὁ"
"46","13","06","N","DSF","ἀληθείᾳ·","ἀληθείᾳ","ἀληθείᾳ","ἀλήθεια"
"46","13","07","A","APN","πάντα","πάντα","πάντα","πᾶς"
"46","13","07","V","3PAI-S","στέγει,","στέγει","στέγει","στέγω"
"46","13","07","A","APN","πάντα","πάντα","πάντα","πᾶς"
"46","13","07","V","3PAI-S","πιστεύει,","πιστεύει","πιστεύει","πιστεύω"
"46","13","07","A","APN","πάντα","πάντα","πάντα","πᾶς"
"46","13","07","V","3PAI-S","ἐλπίζει,","ἐλπίζει","ἐλπίζει","ἐλπίζω"
"46","13","07","A","APN","πάντα","πάντα","πάντα","πᾶς"
"46","13","07","V","3PAI-S","ὑπομένει.","ὑπομένει","ὑπομένει","ὑπομένω"
"46","13","08","RA","NSF","Ἡ","Ἡ","ἡ","ὁ"
"46","13","08","N","NSF","ἀγάπη","ἀγάπη","ἀγάπη","ἀγάπη"
"46","13","08","D","","οὐδέποτε","οὐδέποτε","οὐδέποτε","οὐδέποτε"
"46","13","08","V","3PAI-S","⸀πίπτει.","πίπτει","πίπτει","πίπτω"
"46","13","08","C","","εἴτε","εἴτε","εἴτε","εἴτε"
"46","13","08","C","","δὲ","δὲ","δέ","δέ"
"46","13","08","N","NPF","προφητεῖαι,","προφητεῖαι","προφητεῖαι","προφητεία"
"46","13","08","V","3FPI-P","καταργηθήσονται·","καταργηθήσονται","καταργηθήσονται","καταργέω"
"46","13","08","C","","εἴτε","εἴτε","εἴτε","εἴτε"
"46","13","08","N","NPF","γλῶσσαι,","γλῶσσαι","γλῶσσαι","γλῶσσα"
"46","13","08","V","3FMI-P","παύσονται·","παύσονται","παύσονται","παύω"
"46","13","08","C","","εἴτε","εἴτε","εἴτε","εἴτε"
"46","13","08","N","NSF","γνῶσις,","γνῶσις","γνῶσις","γνῶσις"
"46","13","08","V","3FPI-S","καταργηθήσεται.","καταργηθήσεται","καταργηθήσεται","καταργέω"
"46","13","09","P","","ἐκ","ἐκ","ἐκ","ἐκ"
"46","13","09","N","GSN","μέρους","μέρους","μέρους","μέρος"
"46","13","09","C","","⸀γὰρ","γὰρ","γάρ","γάρ"
"46","13","09","V","1PAI-P","γινώσκομεν","γινώσκομεν","γινώσκομεν","γινώσκω"
"46","13","09","C","","καὶ","καὶ","καί","καί"
"46","13","09","P","","ἐκ","ἐκ","ἐκ","ἐκ"
"46","13","09","N","GSN","μέρους","μέρους","μέρους","μέρος"
"46","13","09","V","1PAI-P","προφητεύομεν·","προφητεύομεν","προφητεύομεν","προφητεύω"
"46","13","10","C","","ὅταν","ὅταν","ὅταν","ὅταν"
"46","13","10","C","","δὲ","δὲ","δέ","δέ"
"46","13","10","V","3AAS-S","ἔλθῃ","ἔλθῃ","ἔλθῃ","ἔρχομαι"
"46","13","10","RA","NSN","τὸ","τὸ","τό","ὁ"
"46","13","10","A","NSN","τέλειον,","τέλειον","τέλειον","τέλειος"
"46","13","10","RA","NSN","⸀τὸ","τὸ","τό","ὁ"
"46","13","10","P","","ἐκ","ἐκ","ἐκ","ἐκ"
"46","13","10","N","GSN","μέρους","μέρους","μέρους","μέρος"
"46","13","10","V","3FPI-S","καταργηθήσεται.","καταργηθήσεται","καταργηθήσεται","καταργέω"
"46","13","11","C","","ὅτε","ὅτε","ὅτε","ὅτε"
"46","13","11","V","1IMI-S","ἤμην","ἤμην","ἤμην","εἰμί"
"46","13","11","A","NSM","νήπιος,","νήπιος","νήπιος","νήπιος"
"46","13","11","V","1IAI-S","⸂ἐλάλουν","ἐλάλουν","ἐλάλουν","λαλέω"
"46","13","11","C","","ὡς","ὡς","ὡς","ὡς"
"46","13","11","A","NSM","νήπιος,","νήπιος","νήπιος","νήπιος"
"46","13","11","V","1IAI-S","ἐφρόνουν","ἐφρόνουν","ἐφρόνουν","φρονέω"
"46","13","11","C","","ὡς","ὡς","ὡς","ὡς"
"46","13","11","A","NSM","νήπιος,","νήπιος","νήπιος","νήπιος"
"46","13","11","V","1IMI-S","ἐλογιζόμην","ἐλογιζόμην","ἐλογιζόμην","λογίζομαι"
"46","13","11","C","","ὡς","ὡς","ὡς","ὡς"
"46","13","11","A","NSM","νήπιος⸃·","νήπιος","νήπιος","νήπιος"
"46","13","11","C","","⸀ὅτε","ὅτε","ὅτε","ὅτε"
"46","13","11","V","1XAI-S","γέγονα","γέγονα","γέγονα","γίνομαι"
"46","13","11","N","NSM","ἀνήρ,","ἀνήρ","ἀνήρ","ἀνήρ"
"46","13","11","V","1XAI-S","κατήργηκα","κατήργηκα","κατήργηκα","καταργέω"
"46","13","11","RA","APN","τὰ","τὰ","τά","ὁ"
"46","13","11","RA","GSM","τοῦ","τοῦ","τοῦ","ὁ"
"46","13","11","A","GSM","νηπίου.","νηπίου","νηπίου","νήπιος"
"46","13","12","V","1PAI-P","βλέπομεν","βλέπομεν","βλέπομεν","βλέπω"
"46","13","12","C","","γὰρ","γὰρ","γάρ","γάρ"
"46","13","12","D","","ἄρτι","ἄρτι","ἄρτι","ἄρτι"
"46","13","12","P","","δι’","δι’","διά","διά"
"46","13","12","N","GSN","ἐσόπτρου","ἐσόπτρου","ἐσόπτρου","ἔσοπτρον"
"46","13","12","P","","ἐν","ἐν","ἐν","ἐν"
"46","13","12","N","DSN","αἰνίγματι,","αἰνίγματι","αἰνίγματι","αἴνιγμα"
"46","13","12","D","","τότε","τότε","τότε","τότε"
"46","13","12","C","","δὲ","δὲ","δέ","δέ"
"46","13","12","N","ASN","πρόσωπον","πρόσωπον","πρόσωπον","πρόσωπον"
"46","13","12","P","","πρὸς","πρὸς","πρός","πρός"
"46","13","12","N","ASN","πρόσωπον·","πρόσωπον","πρόσωπον","πρόσωπον"
"46","13","12","D","","ἄρτι","ἄρτι","ἄρτι","ἄρτι"
"46","13","12","V","1PAI-S","γινώσκω","γινώσκω","γινώσκω","γινώσκω"
"46","13","12","P","","ἐκ","ἐκ","ἐκ","ἐκ"
"46","13","12","N","GSN","μέρους,","μέρους","μέρους","μέρος"
"46","13","12","D","","τότε","τότε","τότε","τότε"
"46","13","12","C","","δὲ","δὲ","δέ","δέ"
"46","13","12","V","1FMI-S","ἐπιγνώσομαι","ἐπιγνώσομαι","ἐπιγνώσομαι","ἐπιγινώσκω"
"46","13","12","C","","καθὼς","καθὼς","καθώς","καθώς"
"46","13","12","D","","καὶ","καὶ","καί","καί"
"46","13","12","V","1API-S","ἐπεγνώσθην.","ἐπεγνώσθην","ἐπεγνώσθην","ἐπιγινώσκω"
"46","13","13","D","","νυνὶ","νυνὶ","νυνί","νυνί"
"46","13","13","C","","δὲ","δὲ","δέ","δέ"
"46","13","13","V","3PAI-S","μένει","μένει","μένει","μένω"
"46","13","13","N","NSF","πίστις,","πίστις","πίστις","πίστις"
"46","13","13","N","NSF","ἐλπίς,","ἐλπίς","ἐλπίς","ἐλπίς"
"46","13","13","N","NSF","ἀγάπη·","ἀγάπη","ἀγάπη","ἀγάπη"
"46","13","13","RA","NPN","τὰ","τὰ","τά","ὁ"
"46","13","13","A","NPN","τρία","τρία","τρία","τρεῖς"
"46","13","13","RD","NPN","ταῦτα,","ταῦτα","ταῦτα","οὗτος"
"46","13","13","A","NSFC","μείζων","μείζων","μείζων","μέγας"
"46","13","13","C","","δὲ","δὲ","δέ","δέ"
"46","13","13","RD","GPN","τούτων","τούτων","τούτων","οὗτος"
"46","13","13","RA","NSF","ἡ","ἡ","ἡ","ὁ"
"46","13","13","N","NSF","ἀγάπη.","ἀγάπη","ἀγάπη","ἀγάπη"
"46","14","01","V","2PAD-P","Διώκετε","Διώκετε","διώκετε","διώκω"
"46","14","01","RA","ASF","τὴν","τὴν","τήν","ὁ"
"46","14","01","N","ASF","ἀγάπην,","ἀγάπην","ἀγάπην","ἀγάπη"
"46","14","01","V","2PAD-P","ζηλοῦτε","ζηλοῦτε","ζηλοῦτε","ζηλόω"
"46","14","01","C","","δὲ","δὲ","δέ","δέ"
"46","14","01","RA","APN","τὰ","τὰ","τά","ὁ"
"46","14","01","A","APN","πνευματικά,","πνευματικά","πνευματικά","πνευματικός"
"46","14","01","D","","μᾶλλον","μᾶλλον","μᾶλλον","μᾶλλον"
"46","14","01","C","","δὲ","δὲ","δέ","δέ"
"46","14","01","C","","ἵνα","ἵνα","ἵνα","ἵνα"
"46","14","01","V","2PAS-P","προφητεύητε.","προφητεύητε","προφητεύητε","προφητεύω"
"46","14","02","RA","NSM","ὁ","ὁ","ὁ","ὁ"
"46","14","02","C","","γὰρ","γὰρ","γάρ","γάρ"
"46","14","02","V","PAPNSM","λαλῶν","λαλῶν","λαλῶν","λαλέω"
"46","14","02","N","DSF","γλώσσῃ","γλώσσῃ","γλώσσῃ","γλῶσσα"
"46","14","02","D","","οὐκ","οὐκ","οὐ","οὐ"
"46","14","02","N","DPM","ἀνθρώποις","ἀνθρώποις","ἀνθρώποις","ἄνθρωπος"
"46","14","02","V","3PAI-S","λαλεῖ","λαλεῖ","λαλεῖ","λαλέω"
"46","14","02","C","","⸀ἀλλὰ","ἀλλὰ","ἀλλά","ἀλλά"
"46","14","02","N","DSM","θεῷ,","θεῷ","θεῷ","θεός"
"46","14","02","A","NSM","οὐδεὶς","οὐδεὶς","οὐδείς","οὐδείς"
"46","14","02","C","","γὰρ","γὰρ","γάρ","γάρ"
"46","14","02","V","3PAI-S","ἀκούει,","ἀκούει","ἀκούει","ἀκούω"
"46","14","02","N","DSN","πνεύματι","πνεύματι","πνεύματι","πνεῦμα"
"46","14","02","C","","δὲ","δὲ","δέ","δέ"
"46","14","02","V","3PAI-S","λαλεῖ","λαλεῖ","λαλεῖ","λαλέω"
"46","14","02","N","APN","μυστήρια·","μυστήρια","μυστήρια","μυστήριον"
"46","14","03","RA","NSM","ὁ","ὁ","ὁ","ὁ"
"46","14","03","C","","δὲ","δὲ","δέ","δέ"
"46","14","03","V","PAPNSM","προφητεύων","προφητεύων","προφητεύων","προφητεύω"
"46","14","03","N","DPM","ἀνθρώποις","ἀνθρώποις","ἀνθρώποις","ἄνθρωπος"
"46","14","03","V","3PAI-S","λαλεῖ","λαλεῖ","λαλεῖ","λαλέω"
"46","14","03","N","ASF","οἰκοδομὴν","οἰκοδομὴν","οἰκοδομήν","οἰκοδομή"
"46","14","03","C","","καὶ","καὶ","καί","καί"
"46","14","03","N","ASF","παράκλησιν","παράκλησιν","παράκλησιν","παράκλησις"
"46","14","03","C","","καὶ","καὶ","καί","καί"
"46","14","03","N","ASF","παραμυθίαν.","παραμυθίαν","παραμυθίαν","παραμυθία"
"46","14","04","RA","NSM","ὁ","ὁ","ὁ","ὁ"
"46","14","04","V","PAPNSM","λαλῶν","λαλῶν","λαλῶν","λαλέω"
"46","14","04","N","DSF","γλώσσῃ","γλώσσῃ","γλώσσῃ","γλῶσσα"
"46","14","04","RP","ASM","ἑαυτὸν","ἑαυτὸν","ἑαυτόν","ἑαυτοῦ"
"46","14","04","V","3PAI-S","οἰκοδομεῖ·","οἰκοδομεῖ","οἰκοδομεῖ","οἰκοδομέω"
"46","14","04","RA","NSM","ὁ","ὁ","ὁ","ὁ"
"46","14","04","C","","δὲ","δὲ","δέ","δέ"
"46","14","04","V","PAPNSM","προφητεύων","προφητεύων","προφητεύων","προφητεύω"
"46","14","04","N","ASF","ἐκκλησίαν","ἐκκλησίαν","ἐκκλησίαν","ἐκκλησία"
"46","14","04","V","3PAI-S","οἰκοδομεῖ.","οἰκοδομεῖ","οἰκοδομεῖ","οἰκοδομέω"
"46","14","05","V","1PAI-S","θέλω","θέλω","θέλω","θέλω"
"46","14","05","C","","δὲ","δὲ","δέ","δέ"
"46","14","05","A","APM","πάντας","πάντας","πάντας","πᾶς"
"46","14","05","RP","AP","ὑμᾶς","ὑμᾶς","ὑμᾶς","σύ"
"46","14","05","V","PAN","λαλεῖν","λαλεῖν","λαλεῖν","λαλέω"
"46","14","05","N","DPF","γλώσσαις,","γλώσσαις","γλώσσαις","γλῶσσα"
"46","14","05","D","","μᾶλλον","μᾶλλον","μᾶλλον","μᾶλλον"
"46","14","05","C","","δὲ","δὲ","δέ","δέ"
"46","14","05","C","","ἵνα","ἵνα","ἵνα","ἵνα"
"46","14","05","V","2PAS-P","προφητεύητε·","προφητεύητε","προφητεύητε","προφητεύω"
"46","14","05","A","NSMC","μείζων","μείζων","μείζων","μέγας"
"46","14","05","C","","⸀δὲ","δὲ","δέ","δέ"
"46","14","05","RA","NSM","ὁ","ὁ","ὁ","ὁ"
"46","14","05","V","PAPNSM","προφητεύων","προφητεύων","προφητεύων","προφητεύω"
"46","14","05","C","","ἢ","ἢ","ἤ","ἤ"
"46","14","05","RA","NSM","ὁ","ὁ","ὁ","ὁ"
"46","14","05","V","PAPNSM","λαλῶν","λαλῶν","λαλῶν","λαλέω"
"46","14","05","N","DPF","γλώσσαις,","γλώσσαις","γλώσσαις","γλῶσσα"
"46","14","05","D","","ἐκτὸς","ἐκτὸς","ἐκτός","ἐκτός"
"46","14","05","C","","εἰ","εἰ","εἰ","εἰ"
"46","14","05","D","","μὴ","μὴ","μή","μή"
"46","14","05","V","3PAS-S","⸀διερμηνεύῃ,","διερμηνεύῃ","διερμηνεύῃ","διερμηνεύω"
"46","14","05","C","","ἵνα","ἵνα","ἵνα","ἵνα"
"46","14","05","RA","NSF","ἡ","ἡ","ἡ","ὁ"
"46","14","05","N","NSF","ἐκκλησία","ἐκκλησία","ἐκκλησία","ἐκκλησία"
"46","14","05","N","ASF","οἰκοδομὴν","οἰκοδομὴν","οἰκοδομήν","οἰκοδομή"
"46","14","05","V","3AAS-S","λάβῃ.","λάβῃ","λάβῃ","λαμβάνω"
"46","14","06","D","","⸀Νῦν","Νῦν","νῦν","νῦν"
"46","14","06","C","","δέ,","δέ","δέ","δέ"
"46","14","06","N","VPM","ἀδελφοί,","ἀδελφοί","ἀδελφοί","ἀδελφός"
"46","14","06","C","","ἐὰν","ἐὰν","ἐάν","ἐάν"
"46","14","06","V","1AAS-S","ἔλθω","ἔλθω","ἔλθω","ἔρχομαι"
"46","14","06","P","","πρὸς","πρὸς","πρός","πρός"
"46","14","06","RP","AP","ὑμᾶς","ὑμᾶς","ὑμᾶς","σύ"
"46","14","06","N","DPF","γλώσσαις","γλώσσαις","γλώσσαις","γλῶσσα"
"46","14","06","V","PAPNSM","λαλῶν,","λαλῶν","λαλῶν","λαλέω"
"46","14","06","RI","ASN","τί","τί","τί","τίς"
"46","14","06","RP","AP","ὑμᾶς","ὑμᾶς","ὑμᾶς","σύ"
"46","14","06","V","1FAI-S","ὠφελήσω,","ὠφελήσω","ὠφελήσω","ὠφελέω"
"46","14","06","C","","ἐὰν","ἐὰν","ἐάν","ἐάν"
"46","14","06","D","","μὴ","μὴ","μή","μή"
"46","14","06","RP","DP","ὑμῖν","ὑμῖν","ὑμῖν","σύ"
"46","14","06","V","1AAS-S","λαλήσω","λαλήσω","λαλήσω","λαλέω"
"46","14","06","C","","ἢ","ἢ","ἤ","ἤ"
"46","14","06","P","","ἐν","ἐν","ἐν","ἐν"
"46","14","06","N","DSF","ἀποκαλύψει","ἀποκαλύψει","ἀποκαλύψει","ἀποκάλυψις"
"46","14","06","C","","ἢ","ἢ","ἤ","ἤ"
"46","14","06","P","","ἐν","ἐν","ἐν","ἐν"
"46","14","06","N","DSF","γνώσει","γνώσει","γνώσει","γνῶσις"
"46","14","06","C","","ἢ","ἢ","ἤ","ἤ"
"46","14","06","P","","ἐν","ἐν","ἐν","ἐν"
"46","14","06","N","DSF","προφητείᾳ","προφητείᾳ","προφητείᾳ","προφητεία"
"46","14","06","C","","ἢ","ἢ","ἤ","ἤ"
"46","14","06","P","","ἐν","ἐν","ἐν","ἐν"
"46","14","06","N","DSF","διδαχῇ;","διδαχῇ","διδαχῇ","διδαχή"
"46","14","07","D","","ὅμως","ὅμως","ὅμως","ὅμως"
"46","14","07","RA","NPN","τὰ","τὰ","τά","ὁ"
"46","14","07","A","NPN","ἄψυχα","ἄψυχα","ἄψυχα","ἄψυχος"
"46","14","07","N","ASF","φωνὴν","φωνὴν","φωνήν","φωνή"
"46","14","07","V","PAPNPN","διδόντα,","διδόντα","διδόντα","δίδωμι"
"46","14","07","C","","εἴτε","εἴτε","εἴτε","εἴτε"
"46","14","07","N","NSM","αὐλὸς","αὐλὸς","αὐλός","αὐλός"
"46","14","07","C","","εἴτε","εἴτε","εἴτε","εἴτε"
"46","14","07","N","NSF","κιθάρα,","κιθάρα","κιθάρα","κιθάρα"
"46","14","07","C","","ἐὰν","ἐὰν","ἐάν","ἐάν"
"46","14","07","N","ASF","διαστολὴν","διαστολὴν","διαστολήν","διαστολή"
"46","14","07","RA","DPM","τοῖς","τοῖς","τοῖς","ὁ"
"46","14","07","N","DPM","φθόγγοις","φθόγγοις","φθόγγοις","φθόγγος"
"46","14","07","D","","μὴ","μὴ","μή","μή"
"46","14","07","V","3AAS-S","⸀δῷ,","δῷ","δῷ","δίδωμι"
"46","14","07","D","","πῶς","πῶς","πῶς","πῶς"
"46","14","07","V","3FPI-S","γνωσθήσεται","γνωσθήσεται","γνωσθήσεται","γινώσκω"
"46","14","07","RA","NSN","τὸ","τὸ","τό","ὁ"
"46","14","07","V","PPPNSN","αὐλούμενον","αὐλούμενον","αὐλούμενον","αὐλέω"
"46","14","07","C","","ἢ","ἢ","ἤ","ἤ"
"46","14","07","RA","NSN","τὸ","τὸ","τό","ὁ"
"46","14","07","V","PPPNSN","κιθαριζόμενον;","κιθαριζόμενον","κιθαριζόμενον","κιθαρίζω"
"46","14","08","D","","καὶ","καὶ","καί","καί"
"46","14","08","C","","γὰρ","γὰρ","γάρ","γάρ"
"46","14","08","C","","ἐὰν","ἐὰν","ἐάν","ἐάν"
"46","14","08","A","ASF","ἄδηλον","ἄδηλον","ἄδηλον","ἄδηλος"
"46","14","08","N","ASF","⸂φωνὴν","φωνὴν","φωνήν","φωνή"
"46","14","08","N","NSF","σάλπιγξ⸃","σάλπιγξ","σάλπιγξ","σάλπιγξ"
"46","14","08","V","3AAS-S","δῷ,","δῷ","δῷ","δίδωμι"
"46","14","08","RI","NSM","τίς","τίς","τίς","τίς"
"46","14","08","V","3FMI-S","παρασκευάσεται","παρασκευάσεται","παρασκευάσεται","παρασκευάζω"
"46","14","08","P","","εἰς","εἰς","εἰς","εἰς"
"46","14","08","N","ASM","πόλεμον;","πόλεμον","πόλεμον","πόλεμος"
"46","14","09","D","","οὕτως","οὕτως","οὕτω(ς)","οὕτω(ς)"
"46","14","09","D","","καὶ","καὶ","καί","καί"
"46","14","09","RP","NP","ὑμεῖς","ὑμεῖς","ὑμεῖς","σύ"
"46","14","09","P","","διὰ","διὰ","διά","διά"
"46","14","09","RA","GSF","τῆς","τῆς","τῆς","ὁ"
"46","14","09","N","GSF","γλώσσης","γλώσσης","γλώσσης","γλῶσσα"
"46","14","09","C","","ἐὰν","ἐὰν","ἐάν","ἐάν"
"46","14","09","D","","μὴ","μὴ","μή","μή"
"46","14","09","A","ASM","εὔσημον","εὔσημον","εὔσημον","εὔσημος"
"46","14","09","N","ASM","λόγον","λόγον","λόγον","λόγος"
"46","14","09","V","2AAS-P","δῶτε,","δῶτε","δῶτε","δίδωμι"
"46","14","09","D","","πῶς","πῶς","πῶς","πῶς"
"46","14","09","V","3FPI-S","γνωσθήσεται","γνωσθήσεται","γνωσθήσεται","γινώσκω"
"46","14","09","RA","NSN","τὸ","τὸ","τό","ὁ"
"46","14","09","V","PPPNSN","λαλούμενον;","λαλούμενον","λαλούμενον","λαλέω"
"46","14","09","V","2FMI-P","ἔσεσθε","ἔσεσθε","ἔσεσθε","εἰμί"
"46","14","09","C","","γὰρ","γὰρ","γάρ","γάρ"
"46","14","09","P","","εἰς","εἰς","εἰς","εἰς"
"46","14","09","N","ASM","ἀέρα","ἀέρα","ἀέρα","ἀήρ"
"46","14","09","V","PAPNPM","λαλοῦντες.","λαλοῦντες","λαλοῦντες","λαλέω"
"46","14","10","RD","NPN","τοσαῦτα","τοσαῦτα","τοσαῦτα","τοσοῦτος"
"46","14","10","C","","εἰ","εἰ","εἰ","εἰ"
"46","14","10","V","3AAO-S","τύχοι","τύχοι","τύχοι","τυγχάνω"
"46","14","10","N","NPN","γένη","γένη","γένη","γένος"
"46","14","10","N","GPF","φωνῶν","φωνῶν","φωνῶν","φωνή"
"46","14","10","V","3PAI-P","⸀εἰσιν","εἰσιν","εἰσί(ν)","εἰμί"
"46","14","10","P","","ἐν","ἐν","ἐν","ἐν"
"46","14","10","N","DSM","κόσμῳ,","κόσμῳ","κόσμῳ","κόσμος"
"46","14","10","C","","καὶ","καὶ","καί","καί"
"46","14","10","A","NSN","⸀οὐδὲν","οὐδὲν","οὐδέν","οὐδείς"
"46","14","10","A","NSN","ἄφωνον·","ἄφωνον","ἄφωνον","ἄφωνος"
"46","14","11","C","","ἐὰν","ἐὰν","ἐάν","ἐάν"
"46","14","11","C","","οὖν","οὖν","οὖν","οὖν"
"46","14","11","D","","μὴ","μὴ","μή","μή"
"46","14","11","V","1XAS-S","εἰδῶ","εἰδῶ","εἰδῶ","οἶδα"
"46","14","11","RA","ASF","τὴν","τὴν","τήν","ὁ"
"46","14","11","N","ASF","δύναμιν","δύναμιν","δύναμιν","δύναμις"
"46","14","11","RA","GSF","τῆς","τῆς","τῆς","ὁ"
"46","14","11","N","GSF","φωνῆς,","φωνῆς","φωνῆς","φωνή"
"46","14","11","V","1FMI-S","ἔσομαι","ἔσομαι","ἔσομαι","εἰμί"
"46","14","11","RA","DSM","τῷ","τῷ","τῷ","ὁ"
"46","14","11","V","PAPDSM","λαλοῦντι","λαλοῦντι","λαλοῦντι","λαλέω"
"46","14","11","A","NSM","βάρβαρος","βάρβαρος","βάρβαρος","βάρβαρος"
"46","14","11","C","","καὶ","καὶ","καί","καί"
"46","14","11","RA","NSM","ὁ","ὁ","ὁ","ὁ"
"46","14","11","V","PAPNSM","λαλῶν","λαλῶν","λαλῶν","λαλέω"
"46","14","11","P","","ἐν","ἐν","ἐν","ἐν"
"46","14","11","RP","DS","ἐμοὶ","ἐμοὶ","ἐμοί","ἐγώ"
"46","14","11","A","NSM","βάρβαρος.","βάρβαρος","βάρβαρος","βάρβαρος"
"46","14","12","D","","οὕτως","οὕτως","οὕτω(ς)","οὕτω(ς)"
"46","14","12","D","","καὶ","καὶ","καί","καί"
"46","14","12","RP","NP","ὑμεῖς,","ὑμεῖς","ὑμεῖς","σύ"
"46","14","12","C","","ἐπεὶ","ἐπεὶ","ἐπεί","ἐπεί"
"46","14","12","N","NPM","ζηλωταί","ζηλωταί","ζηλωταί","ζηλωτής"
"46","14","12","V","2PAI-P","ἐστε","ἐστε","ἐστέ","εἰμί"
"46","14","12","N","GPN","πνευμάτων,","πνευμάτων","πνευμάτων","πνεῦμα"
"46","14","12","P","","πρὸς","πρὸς","πρός","πρός"
"46","14","12","RA","ASF","τὴν","τὴν","τήν","ὁ"
"46","14","12","N","ASF","οἰκοδομὴν","οἰκοδομὴν","οἰκοδομήν","οἰκοδομή"
"46","14","12","RA","GSF","τῆς","τῆς","τῆς","ὁ"
"46","14","12","N","GSF","ἐκκλησίας","ἐκκλησίας","ἐκκλησίας","ἐκκλησία"
"46","14","12","V","2PAD-P","ζητεῖτε","ζητεῖτε","ζητεῖτε","ζητέω"
"46","14","12","C","","ἵνα","ἵνα","ἵνα","ἵνα"
"46","14","12","V","2PAS-P","περισσεύητε.","περισσεύητε","περισσεύητε","περισσεύω"
"46","14","13","C","","⸀Διὸ","Διὸ","διό","διό"
"46","14","13","RA","NSM","ὁ","ὁ","ὁ","ὁ"
"46","14","13","V","PAPNSM","λαλῶν","λαλῶν","λαλῶν","λαλέω"
"46","14","13","N","DSF","γλώσσῃ","γλώσσῃ","γλώσσῃ","γλῶσσα"
"46","14","13","V","3PMD-S","προσευχέσθω","προσευχέσθω","προσευχέσθω","προσεύχομαι"
"46","14","13","C","","ἵνα","ἵνα","ἵνα","ἵνα"
"46","14","13","V","3PAS-S","διερμηνεύῃ.","διερμηνεύῃ","διερμηνεύῃ","διερμηνεύω"
"46","14","14","C","","ἐὰν","ἐὰν","ἐάν","ἐάν"
"46","14","14","C","","γὰρ","γὰρ","γάρ","γάρ"
"46","14","14","V","1PMS-S","προσεύχωμαι","προσεύχωμαι","προσεύχωμαι","προσεύχομαι"
"46","14","14","N","DSF","γλώσσῃ,","γλώσσῃ","γλώσσῃ","γλῶσσα"
"46","14","14","RA","NSN","τὸ","τὸ","τό","ὁ"
"46","14","14","N","NSN","πνεῦμά","πνεῦμά","πνεῦμα","πνεῦμα"
"46","14","14","RP","GS","μου","μου","μου","ἐγώ"
"46","14","14","V","3PMI-S","προσεύχεται,","προσεύχεται","προσεύχεται","προσεύχομαι"
"46","14","14","RA","NSM","ὁ","ὁ","ὁ","ὁ"
"46","14","14","C","","δὲ","δὲ","δέ","δέ"
"46","14","14","N","NSM","νοῦς","νοῦς","νοῦς","νοῦς"
"46","14","14","RP","GS","μου","μου","μου","ἐγώ"
"46","14","14","A","NSM","ἄκαρπός","ἄκαρπός","ἄκαρπος","ἄκαρπος"
"46","14","14","V","3PAI-S","ἐστιν.","ἐστιν","ἐστί(ν)","εἰμί"
"46","14","15","RI","NSN","τί","τί","τί","τίς"
"46","14","15","C","","οὖν","οὖν","οὖν","οὖν"
"46","14","15","V","3PAI-S","ἐστιν;","ἐστιν","ἐστί(ν)","εἰμί"
"46","14","15","V","1FMI-S","προσεύξομαι","προσεύξομαι","προσεύξομαι","προσεύχομαι"
"46","14","15","RA","DSN","τῷ","τῷ","τῷ","ὁ"
"46","14","15","N","DSN","πνεύματι,","πνεύματι","πνεύματι","πνεῦμα"
"46","14","15","V","1FMI-S","προσεύξομαι","προσεύξομαι","προσεύξομαι","προσεύχομαι"
"46","14","15","C","","δὲ","δὲ","δέ","δέ"
"46","14","15","D","","καὶ","καὶ","καί","καί"
"46","14","15","RA","DSM","τῷ","τῷ","τῷ","ὁ"
"46","14","15","N","DSM","νοΐ·","νοΐ","νοΐ","νοῦς"
"46","14","15","V","1FAI-S","ψαλῶ","ψαλῶ","ψαλῶ","ψάλλω"
"46","14","15","RA","DSN","τῷ","τῷ","τῷ","ὁ"
"46","14","15","N","DSN","πνεύματι,","πνεύματι","πνεύματι","πνεῦμα"
"46","14","15","V","1FAI-S","ψαλῶ","ψαλῶ","ψαλῶ","ψάλλω"
"46","14","15","C","","δὲ","δὲ","δέ","δέ"
"46","14","15","D","","καὶ","καὶ","καί","καί"
"46","14","15","RA","DSM","τῷ","τῷ","τῷ","ὁ"
"46","14","15","N","DSM","νοΐ·","νοΐ","νοΐ","νοῦς"
"46","14","16","C","","ἐπεὶ","ἐπεὶ","ἐπεί","ἐπεί"
"46","14","16","C","","ἐὰν","ἐὰν","ἐάν","ἐάν"
"46","14","16","V","2PAS-S","⸀εὐλογῇς","εὐλογῇς","εὐλογῇς","εὐλογέω"
"46","14","16","N","DSN","⸀πνεύματι,","πνεύματι","πνεύματι","πνεῦμα"
"46","14","16","RA","NSM","ὁ","ὁ","ὁ","ὁ"
"46","14","16","V","PAPNSM","ἀναπληρῶν","ἀναπληρῶν","ἀναπληρῶν","ἀναπληρόω"
"46","14","16","RA","ASM","τὸν","τὸν","τόν","ὁ"
"46","14","16","N","ASM","τόπον","τόπον","τόπον","τόπος"
"46","14","16","RA","GSM","τοῦ","τοῦ","τοῦ","ὁ"
"46","14","16","N","GSM","ἰδιώτου","ἰδιώτου","ἰδιώτου","ἰδιώτης"
"46","14","16","D","","πῶς","πῶς","πῶς","πῶς"
"46","14","16","V","3FAI-S","ἐρεῖ","ἐρεῖ","ἐρεῖ","λέγω"
"46","14","16","RA","ASN","τὸ","τὸ","τό","ὁ"
"46","14","16","X","","Ἀμήν","Ἀμήν","ἀμήν","ἀμήν"
"46","14","16","P","","ἐπὶ","ἐπὶ","ἐπί","ἐπί"
"46","14","16","RA","DSF","τῇ","τῇ","τῇ","ὁ"
"46","14","16","A","DSF","σῇ","σῇ","σῇ","σός"
"46","14","16","N","DSF","εὐχαριστίᾳ;","εὐχαριστίᾳ","εὐχαριστίᾳ","εὐχαριστία"
"46","14","16","C","","ἐπειδὴ","ἐπειδὴ","ἐπειδή","ἐπειδή"
"46","14","16","RI","ASN","τί","τί","τί","τίς"
"46","14","16","V","2PAI-S","λέγεις","λέγεις","λέγεις","λέγω"
"46","14","16","D","","οὐκ","οὐκ","οὐ","οὐ"
"46","14","16","V","3XAI-S","οἶδεν·","οἶδεν","οἶδε(ν)","οἶδα"
"46","14","17","RP","NS","σὺ","σὺ","σύ","σύ"
"46","14","17","C","","μὲν","μὲν","μέν","μέν"
"46","14","17","C","","γὰρ","γὰρ","γάρ","γάρ"
"46","14","17","D","","καλῶς","καλῶς","καλῶς","καλῶς"
"46","14","17","V","2PAI-S","εὐχαριστεῖς,","εὐχαριστεῖς","εὐχαριστεῖς","εὐχαριστέω"
"46","14","17","C","","ἀλλ’","ἀλλ’","ἀλλά","ἀλλά"
"46","14","17","RA","NSM","ὁ","ὁ","ὁ","ὁ"
"46","14","17","A","NSM","ἕτερος","ἕτερος","ἕτερος","ἕτερος"
"46","14","17","D","","οὐκ","οὐκ","οὐ","οὐ"
"46","14","17","V","3PPI-S","οἰκοδομεῖται.","οἰκοδομεῖται","οἰκοδομεῖται","οἰκοδομέω"
"46","14","18","V","1PAI-S","εὐχαριστῶ","εὐχαριστῶ","εὐχαριστῶ","εὐχαριστέω"
"46","14","18","RA","DSM","τῷ","τῷ","τῷ","ὁ"
"46","14","18","N","DSM","⸀θεῷ,","θεῷ","θεῷ","θεός"
"46","14","18","A","GPM","πάντων","πάντων","πάντων","πᾶς"
"46","14","18","RP","GP","ὑμῶν","ὑμῶν","ὑμῶν","σύ"
"46","14","18","D","","μᾶλλον","μᾶλλον","μᾶλλον","μᾶλλον"
"46","14","18","N","DPF","⸀γλώσσαις","γλώσσαις","γλώσσαις","γλῶσσα"
"46","14","18","V","1PAI-S","⸀λαλῶ·","λαλῶ","λαλῶ","λαλέω"
"46","14","19","C","","ἀλλὰ","ἀλλὰ","ἀλλά","ἀλλά"
"46","14","19","P","","ἐν","ἐν","ἐν","ἐν"
"46","14","19","N","DSF","ἐκκλησίᾳ","ἐκκλησίᾳ","ἐκκλησίᾳ","ἐκκλησία"
"46","14","19","V","1PAI-S","θέλω","θέλω","θέλω","θέλω"
"46","14","19","A","APM","πέντε","πέντε","πέντε","πέντε"
"46","14","19","N","APM","λόγους","λόγους","λόγους","λόγος"
"46","14","19","RA","DSM","⸂τῷ","τῷ","τῷ","ὁ"
"46","14","19","N","DSM","νοΐ⸃","νοΐ","νοΐ","νοῦς"
"46","14","19","RP","GS","μου","μου","μου","ἐγώ"
"46","14","19","V","AAN","λαλῆσαι,","λαλῆσαι","λαλῆσαι","λαλέω"
"46","14","19","C","","ἵνα","ἵνα","ἵνα","ἵνα"
"46","14","19","D","","καὶ","καὶ","καί","καί"
"46","14","19","A","APM","ἄλλους","ἄλλους","ἄλλους","ἄλλος"
"46","14","19","V","1AAS-S","κατηχήσω,","κατηχήσω","κατηχήσω","κατηχέω"
"46","14","19","C","","ἢ","ἢ","ἤ","ἤ"
"46","14","19","A","APM","μυρίους","μυρίους","μυρίους","μύριοι"
"46","14","19","N","APM","λόγους","λόγους","λόγους","λόγος"
"46","14","19","P","","ἐν","ἐν","ἐν","ἐν"
"46","14","19","N","DSF","γλώσσῃ.","γλώσσῃ","γλώσσῃ","γλῶσσα"
"46","14","20","N","VPM","Ἀδελφοί,","Ἀδελφοί","ἀδελφοί","ἀδελφός"
"46","14","20","D","","μὴ","μὴ","μή","μή"
"46","14","20","N","NPN","παιδία","παιδία","παιδία","παιδίον"
"46","14","20","V","2PMD-P","γίνεσθε","γίνεσθε","γίνεσθε","γίνομαι"
"46","14","20","RA","DPF","ταῖς","ταῖς","ταῖς","ὁ"
"46","14","20","N","DPF","φρεσίν,","φρεσίν","φρεσί(ν)","φρήν"
"46","14","20","C","","ἀλλὰ","ἀλλὰ","ἀλλά","ἀλλά"
"46","14","20","RA","DSF","τῇ","τῇ","τῇ","ὁ"
"46","14","20","N","DSF","κακίᾳ","κακίᾳ","κακίᾳ","κακία"
"46","14","20","V","2PAD-P","νηπιάζετε,","νηπιάζετε","νηπιάζετε","νηπιάζω"
"46","14","20","RA","DPF","ταῖς","ταῖς","ταῖς","ὁ"
"46","14","20","C","","δὲ","δὲ","δέ","δέ"
"46","14","20","N","DPF","φρεσὶν","φρεσὶν","φρεσί(ν)","φρήν"
"46","14","20","A","NPM","τέλειοι","τέλειοι","τέλειοι","τέλειος"
"46","14","20","V","2PMD-P","γίνεσθε.","γίνεσθε","γίνεσθε","γίνομαι"
"46","14","21","P","","ἐν","ἐν","ἐν","ἐν"
"46","14","21","RA","DSM","τῷ","τῷ","τῷ","ὁ"
"46","14","21","N","DSM","νόμῳ","νόμῳ","νόμῳ","νόμος"
"46","14","21","V","3XPI-S","γέγραπται","γέγραπται","γέγραπται","γράφω"
"46","14","21","C","","ὅτι","ὅτι","ὅτι","ὅτι"
"46","14","21","P","","Ἐν","Ἐν","ἐν","ἐν"
"46","14","21","A","DPM","ἑτερογλώσσοις","ἑτερογλώσσοις","ἑτερογλώσσοις","ἑτερόγλωσσος"
"46","14","21","C","","καὶ","καὶ","καί","καί"
"46","14","21","P","","ἐν","ἐν","ἐν","ἐν"
"46","14","21","N","DPN","χείλεσιν","χείλεσιν","χείλεσι(ν)","χεῖλος"
"46","14","21","A","GPM","⸀ἑτέρων","ἑτέρων","ἑτέρων","ἕτερος"
"46","14","21","V","1FAI-S","λαλήσω","λαλήσω","λαλήσω","λαλέω"
"46","14","21","RA","DSM","τῷ","τῷ","τῷ","ὁ"
"46","14","21","N","DSM","λαῷ","λαῷ","λαῷ","λαός"
"46","14","21","RD","DSM","τούτῳ,","τούτῳ","τούτῳ","οὗτος"
"46","14","21","C","","καὶ","καὶ","καί","καί"
"46","14","21","D","","οὐδ’","οὐδ’","οὐδέ","οὐδέ"
"46","14","21","D","","οὕτως","οὕτως","οὕτω(ς)","οὕτω(ς)"
"46","14","21","V","3FMI-P","εἰσακούσονταί","εἰσακούσονταί","εἰσακούσονται","εἰσακούω"
"46","14","21","RP","GS","μου,","μου","μου","ἐγώ"
"46","14","21","V","3PAI-S","λέγει","λέγει","λέγει","λέγω"
"46","14","21","N","NSM","κύριος.","κύριος","κύριος","κύριος"
"46","14","22","C","","ὥστε","ὥστε","ὥστε","ὥστε"
"46","14","22","RA","NPF","αἱ","αἱ","αἱ","ὁ"
"46","14","22","N","NPF","γλῶσσαι","γλῶσσαι","γλῶσσαι","γλῶσσα"
"46","14","22","P","","εἰς","εἰς","εἰς","εἰς"
"46","14","22","N","ASN","σημεῖόν","σημεῖόν","σημεῖον","σημεῖον"
"46","14","22","V","3PAI-P","εἰσιν","εἰσιν","εἰσί(ν)","εἰμί"
"46","14","22","D","","οὐ","οὐ","οὐ","οὐ"
"46","14","22","RA","DPM","τοῖς","τοῖς","τοῖς","ὁ"
"46","14","22","V","PAPDPM","πιστεύουσιν","πιστεύουσιν","πιστεύουσι(ν)","πιστεύω"
"46","14","22","C","","ἀλλὰ","ἀλλὰ","ἀλλά","ἀλλά"
"46","14","22","RA","DPM","τοῖς","τοῖς","τοῖς","ὁ"
"46","14","22","A","DPM","ἀπίστοις,","ἀπίστοις","ἀπίστοις","ἄπιστος"
"46","14","22","RA","NSF","ἡ","ἡ","ἡ","ὁ"
"46","14","22","C","","δὲ","δὲ","δέ","δέ"
"46","14","22","N","NSF","προφητεία","προφητεία","προφητεία","προφητεία"
"46","14","22","D","","οὐ","οὐ","οὐ","οὐ"
"46","14","22","RA","DPM","τοῖς","τοῖς","τοῖς","ὁ"
"46","14","22","A","DPM","ἀπίστοις","ἀπίστοις","ἀπίστοις","ἄπιστος"
"46","14","22","C","","ἀλλὰ","ἀλλὰ","ἀλλά","ἀλλά"
"46","14","22","RA","DPM","τοῖς","τοῖς","τοῖς","ὁ"
"46","14","22","V","PAPDPM","πιστεύουσιν.","πιστεύουσιν","πιστεύουσι(ν)","πιστεύω"
"46","14","23","C","","ἐὰν","ἐὰν","ἐάν","ἐάν"
"46","14","23","C","","οὖν","οὖν","οὖν","οὖν"
"46","14","23","V","3AAS-S","συνέλθῃ","συνέλθῃ","συνέλθῃ","συνέρχομαι"
"46","14","23","RA","NSF","ἡ","ἡ","ἡ","ὁ"
"46","14","23","N","NSF","ἐκκλησία","ἐκκλησία","ἐκκλησία","ἐκκλησία"
"46","14","23","A","NSF","ὅλη","ὅλη","ὅλη","ὅλος"
"46","14","23","P","","ἐπὶ","ἐπὶ","ἐπί","ἐπί"
"46","14","23","RA","ASN","τὸ","τὸ","τό","ὁ"
"46","14","23","A","ASN","αὐτὸ","αὐτὸ","αὐτό","αὐτός"
"46","14","23","C","","καὶ","καὶ","καί","καί"
"46","14","23","A","NPM","πάντες","πάντες","πάντες","πᾶς"
"46","14","23","V","3PAS-P","⸂λαλῶσιν","λαλῶσιν","λαλῶσι(ν)","λαλέω"
"46","14","23","N","DPF","γλώσσαις⸃,","γλώσσαις","γλώσσαις","γλῶσσα"
"46","14","23","V","3AAS-P","εἰσέλθωσιν","εἰσέλθωσιν","εἰσέλθωσι(ν)","εἰσέρχομαι"
"46","14","23","C","","δὲ","δὲ","δέ","δέ"
"46","14","23","N","NPM","ἰδιῶται","ἰδιῶται","ἰδιῶται","ἰδιώτης"
"46","14","23","C","","ἢ","ἢ","ἤ","ἤ"
"46","14","23","A","NPM","ἄπιστοι,","ἄπιστοι","ἄπιστοι","ἄπιστος"
"46","14","23","X","","οὐκ","οὐκ","οὐ","οὐ"
"46","14","23","V","3FAI-P","ἐροῦσιν","ἐροῦσιν","ἐροῦσι(ν)","λέγω"
"46","14","23","C","","ὅτι","ὅτι","ὅτι","ὅτι"
"46","14","23","V","2PMI-P","μαίνεσθε;","μαίνεσθε","μαίνεσθε","μαίνομαι"
"46","14","24","C","","ἐὰν","ἐὰν","ἐάν","ἐάν"
"46","14","24","C","","δὲ","δὲ","δέ","δέ"
"46","14","24","A","NPM","πάντες","πάντες","πάντες","πᾶς"
"46","14","24","V","3PAS-P","προφητεύωσιν,","προφητεύωσιν","προφητεύωσι(ν)","προφητεύω"
"46","14","24","V","3AAS-S","εἰσέλθῃ","εἰσέλθῃ","εἰσέλθῃ","εἰσέρχομαι"
"46","14","24","C","","δέ","δέ","δέ","δέ"
"46","14","24","RI","NSM","τις","τις","τὶς","τις"
"46","14","24","A","NSM","ἄπιστος","ἄπιστος","ἄπιστος","ἄπιστος"
"46","14","24","C","","ἢ","ἢ","ἤ","ἤ"
"46","14","24","N","NSM","ἰδιώτης,","ἰδιώτης","ἰδιώτης","ἰδιώτης"
"46","14","24","V","3PPI-S","ἐλέγχεται","ἐλέγχεται","ἐλέγχεται","ἐλέγχω"
"46","14","24","P","","ὑπὸ","ὑπὸ","ὑπό","ὑπό"
"46","14","24","A","GPM","πάντων,","πάντων","πάντων","πᾶς"
"46","14","24","V","3PPI-S","ἀνακρίνεται","ἀνακρίνεται","ἀνακρίνεται","ἀνακρίνω"
"46","14","24","P","","ὑπὸ","ὑπὸ","ὑπό","ὑπό"
"46","14","24","A","GPM","πάντων,","πάντων","πάντων","πᾶς"
"46","14","25","RA","NPN","⸀τὰ","τὰ","τά","ὁ"
"46","14","25","A","NPN","κρυπτὰ","κρυπτὰ","κρυπτά","κρυπτός"
"46","14","25","RA","GSF","τῆς","τῆς","τῆς","ὁ"
"46","14","25","N","GSF","καρδίας","καρδίας","καρδίας","καρδία"
"46","14","25","RP","GSM","αὐτοῦ","αὐτοῦ","αὐτοῦ","αὐτός"
"46","14","25","A","NPN","φανερὰ","φανερὰ","φανερά","φανερός"
"46","14","25","V","3PMI-S","γίνεται,","γίνεται","γίνεται","γίνομαι"
"46","14","25","C","","καὶ","καὶ","καί","καί"
"46","14","25","D","","οὕτως","οὕτως","οὕτω(ς)","οὕτω(ς)"
"46","14","25","V","AAPNSM","πεσὼν","πεσὼν","πεσών","πίπτω"
"46","14","25","P","","ἐπὶ","ἐπὶ","ἐπί","ἐπί"
"46","14","25","N","ASN","πρόσωπον","πρόσωπον","πρόσωπον","πρόσωπον"
"46","14","25","V","3FAI-S","προσκυνήσει","προσκυνήσει","προσκυνήσει","προσκυνέω"
"46","14","25","RA","DSM","τῷ","τῷ","τῷ","ὁ"
"46","14","25","N","DSM","θεῷ,","θεῷ","θεῷ","θεός"
"46","14","25","V","PAPNSM","ἀπαγγέλλων","ἀπαγγέλλων","ἀπαγγέλλων","ἀπαγγέλλω"
"46","14","25","C","","ὅτι","ὅτι","ὅτι","ὅτι"
"46","14","25","D","","⸂Ὄντως","Ὄντως","ὄντως","ὄντως"
"46","14","25","RA","NSM","ὁ","ὁ","ὁ","ὁ"
"46","14","25","N","NSM","θεὸς⸃","θεὸς","θεός","θεός"
"46","14","25","P","","ἐν","ἐν","ἐν","ἐν"
"46","14","25","RP","DP","ὑμῖν","ὑμῖν","ὑμῖν","σύ"
"46","14","25","V","3PAI-S","ἐστιν.","ἐστιν","ἐστί(ν)","εἰμί"
"46","14","26","RI","NSN","Τί","Τί","τί","τίς"
"46","14","26","C","","οὖν","οὖν","οὖν","οὖν"
"46","14","26","V","3PAI-S","ἐστιν,","ἐστιν","ἐστί(ν)","εἰμί"
"46","14","26","N","VPM","ἀδελφοί;","ἀδελφοί","ἀδελφοί","ἀδελφός"
"46","14","26","C","","ὅταν","ὅταν","ὅταν","ὅταν"
"46","14","26","V","2PMS-P","συνέρχησθε,","συνέρχησθε","συνέρχησθε","συνέρχομαι"
"46","14","26","A","NSM","⸀ἕκαστος","ἕκαστος","ἕκαστος","ἕκαστος"
"46","14","26","N","ASM","ψαλμὸν","ψαλμὸν","ψαλμόν","ψαλμός"
"46","14","26","V","3PAI-S","ἔχει,","ἔχει","ἔχει","ἔχω"
"46","14","26","N","ASF","διδαχὴν","διδαχὴν","διδαχήν","διδαχή"
"46","14","26","V","3PAI-S","ἔχει,","ἔχει","ἔχει","ἔχω"
"46","14","26","N","ASF","⸂ἀποκάλυψιν","ἀποκάλυψιν","ἀποκάλυψιν","ἀποκάλυψις"
"46","14","26","V","3PAI-S","ἔχει,","ἔχει","ἔχει","ἔχω"
"46","14","26","N","ASF","γλῶσσαν⸃","γλῶσσαν","γλῶσσαν","γλῶσσα"
"46","14","26","V","3PAI-S","ἔχει,","ἔχει","ἔχει","ἔχω"
"46","14","26","N","ASF","ἑρμηνείαν","ἑρμηνείαν","ἑρμηνείαν","ἑρμηνεία"
"46","14","26","V","3PAI-S","ἔχει·","ἔχει","ἔχει","ἔχω"
"46","14","26","A","NPN","πάντα","πάντα","πάντα","πᾶς"
"46","14","26","P","","πρὸς","πρὸς","πρός","πρός"
"46","14","26","N","ASF","οἰκοδομὴν","οἰκοδομὴν","οἰκοδομήν","οἰκοδομή"
"46","14","26","V","3PMD-S","γινέσθω.","γινέσθω","γινέσθω","γίνομαι"
"46","14","27","C","","εἴτε","εἴτε","εἴτε","εἴτε"
"46","14","27","N","DSF","γλώσσῃ","γλώσσῃ","γλώσσῃ","γλῶσσα"
"46","14","27","RI","NSM","τις","τις","τὶς","τις"
"46","14","27","V","3PAI-S","λαλεῖ,","λαλεῖ","λαλεῖ","λαλέω"
"46","14","27","P","","κατὰ","κατὰ","κατά","κατά"
"46","14","27","A","APM","δύο","δύο","δύο","δύο"
"46","14","27","C","","ἢ","ἢ","ἤ","ἤ"
"46","14","27","RA","ASN","τὸ","τὸ","τό","ὁ"
"46","14","27","A","ASNS","πλεῖστον","πλεῖστον","πλεῖστον","πολύς"
"46","14","27","A","APM","τρεῖς,","τρεῖς","τρεῖς","τρεῖς"
"46","14","27","C","","καὶ","καὶ","καί","καί"
"46","14","27","P","","ἀνὰ","ἀνὰ","ἀνά","ἀνά"
"46","14","27","N","ASN","μέρος,","μέρος","μέρος","μέρος"
"46","14","27","C","","καὶ","καὶ","καί","καί"
"46","14","27","A","NSM","εἷς","εἷς","εἷς","εἷς"
"46","14","27","V","3PAD-S","διερμηνευέτω·","διερμηνευέτω","διερμηνευέτω","διερμηνεύω"
"46","14","28","C","","ἐὰν","ἐὰν","ἐάν","ἐάν"
"46","14","28","C","","δὲ","δὲ","δέ","δέ"
"46","14","28","D","","μὴ","μὴ","μή","μή"
"46","14","28","V","3PAS-S","ᾖ","ᾖ","ᾖ","εἰμί"
"46","14","28","N","NSM","⸀διερμηνευτής,","διερμηνευτής","διερμηνευτής","διερμηνευτής"
"46","14","28","V","3PAD-S","σιγάτω","σιγάτω","σιγάτω","σιγάω"
"46","14","28","P","","ἐν","ἐν","ἐν","ἐν"
"46","14","28","N","DSF","ἐκκλησίᾳ,","ἐκκλησίᾳ","ἐκκλησίᾳ","ἐκκλησία"
"46","14","28","RP","DSM","ἑαυτῷ","ἑαυτῷ","ἑαυτῷ","ἑαυτοῦ"
"46","14","28","C","","δὲ","δὲ","δέ","δέ"
"46","14","28","V","3PAD-S","λαλείτω","λαλείτω","λαλείτω","λαλέω"
"46","14","28","C","","καὶ","καὶ","καί","καί"
"46","14","28","RA","DSM","τῷ","τῷ","τῷ","ὁ"
"46","14","28","N","DSM","θεῷ.","θεῷ","θεῷ","θεός"
"46","14","29","N","NPM","προφῆται","προφῆται","προφῆται","προφήτης"
"46","14","29","C","","δὲ","δὲ","δέ","δέ"
"46","14","29","A","NPM","δύο","δύο","δύο","δύο"
"46","14","29","C","","ἢ","ἢ","ἤ","ἤ"
"46","14","29","A","NPM","τρεῖς","τρεῖς","τρεῖς","τρεῖς"
"46","14","29","V","3PAD-P","λαλείτωσαν,","λαλείτωσαν","λαλείτωσαν","λαλέω"
"46","14","29","C","","καὶ","καὶ","καί","καί"
"46","14","29","RA","NPM","οἱ","οἱ","οἱ","ὁ"
"46","14","29","A","NPM","ἄλλοι","ἄλλοι","ἄλλοι","ἄλλος"
"46","14","29","V","3PAD-P","διακρινέτωσαν·","διακρινέτωσαν","διακρινέτωσαν","διακρίνω"
"46","14","30","C","","ἐὰν","ἐὰν","ἐάν","ἐάν"
"46","14","30","C","","δὲ","δὲ","δέ","δέ"
"46","14","30","A","DSM","ἄλλῳ","ἄλλῳ","ἄλλῳ","ἄλλος"
"46","14","30","V","3APS-S","ἀποκαλυφθῇ","ἀποκαλυφθῇ","ἀποκαλυφθῇ","ἀποκαλύπτω"
"46","14","30","V","PMPDSM","καθημένῳ,","καθημένῳ","καθημένῳ","κάθημαι"
"46","14","30","RA","NSM","ὁ","ὁ","ὁ","ὁ"
"46","14","30","A","NSM","πρῶτος","πρῶτος","πρῶτος","πρῶτος"
"46","14","30","V","3PAD-S","σιγάτω.","σιγάτω","σιγάτω","σιγάω"
"46","14","31","V","2PMI-P","δύνασθε","δύνασθε","δύνασθε","δύναμαι"
"46","14","31","C","","γὰρ","γὰρ","γάρ","γάρ"
"46","14","31","P","","καθ’","καθ’","κατά","κατά"
"46","14","31","A","ASM","ἕνα","ἕνα","ἕνα","εἷς"
"46","14","31","A","NPM","πάντες","πάντες","πάντες","πᾶς"
"46","14","31","V","PAN","προφητεύειν,","προφητεύειν","προφητεύειν","προφητεύω"
"46","14","31","C","","ἵνα","ἵνα","ἵνα","ἵνα"
"46","14","31","A","NPM","πάντες","πάντες","πάντες","πᾶς"
"46","14","31","V","3PAS-P","μανθάνωσιν","μανθάνωσιν","μανθάνωσι(ν)","μανθάνω"
"46","14","31","C","","καὶ","καὶ","καί","καί"
"46","14","31","A","NPM","πάντες","πάντες","πάντες","πᾶς"
"46","14","31","V","3PPS-P","παρακαλῶνται","παρακαλῶνται","παρακαλῶνται","παρακαλέω"
"46","14","32","C","","(καὶ","καὶ","καί","καί"
"46","14","32","N","NPN","πνεύματα","πνεύματα","πνεύματα","πνεῦμα"
"46","14","32","N","GPM","προφητῶν","προφητῶν","προφητῶν","προφήτης"
"46","14","32","N","DPM","προφήταις","προφήταις","προφήταις","προφήτης"
"46","14","32","V","3PPI-S","ὑποτάσσεται,","ὑποτάσσεται","ὑποτάσσεται","ὑποτάσσω"
"46","14","33","D","","οὐ","οὐ","οὐ","οὐ"
"46","14","33","C","","γάρ","γάρ","γάρ","γάρ"
"46","14","33","V","3PAI-S","ἐστιν","ἐστιν","ἐστί(ν)","εἰμί"
"46","14","33","N","GSF","ἀκαταστασίας","ἀκαταστασίας","ἀκαταστασίας","ἀκαταστασία"
"46","14","33","RA","NSM","ὁ","ὁ","ὁ","ὁ"
"46","14","33","N","NSM","θεὸς","θεὸς","θεός","θεός"
"46","14","33","C","","ἀλλὰ","ἀλλὰ","ἀλλά","ἀλλά"
"46","14","33","N","GSF","εἰρήνης),","εἰρήνης","εἰρήνης","εἰρήνη"
"46","14","33","C","","ὡς","ὡς","ὡς","ὡς"
"46","14","33","P","","ἐν","ἐν","ἐν","ἐν"
"46","14","33","A","DPF","πάσαις","πάσαις","πάσαις","πᾶς"
"46","14","33","RA","DPF","ταῖς","ταῖς","ταῖς","ὁ"
"46","14","33","N","DPF","ἐκκλησίαις","ἐκκλησίαις","ἐκκλησίαις","ἐκκλησία"
"46","14","33","RA","GPM","τῶν","τῶν","τῶν","ὁ"
"46","14","33","A","GPM","ἁγίων.","ἁγίων","ἁγίων","ἅγιος"
"46","14","34","RA","NPF","Αἱ","Αἱ","αἱ","ὁ"
"46","14","34","N","NPF","⸀γυναῖκες","γυναῖκες","γυναῖκες","γυνή"
"46","14","34","P","","ἐν","ἐν","ἐν","ἐν"
"46","14","34","RA","DPF","ταῖς","ταῖς","ταῖς","ὁ"
"46","14","34","N","DPF","ἐκκλησίαις","ἐκκλησίαις","ἐκκλησίαις","ἐκκλησία"
"46","14","34","V","3PAD-P","σιγάτωσαν,","σιγάτωσαν","σιγάτωσαν","σιγάω"
"46","14","34","D","","οὐ","οὐ","οὐ","οὐ"
"46","14","34","C","","γὰρ","γὰρ","γάρ","γάρ"
"46","14","34","V","3PPI-S","⸀ἐπιτρέπεται","ἐπιτρέπεται","ἐπιτρέπεται","ἐπιτρέπω"
"46","14","34","RP","DPF","αὐταῖς","αὐταῖς","αὐταῖς","αὐτός"
"46","14","34","V","PAN","λαλεῖν·","λαλεῖν","λαλεῖν","λαλέω"
"46","14","34","C","","ἀλλὰ","ἀλλὰ","ἀλλά","ἀλλά"
"46","14","34","V","3PPD-P","⸀ὑποτασσέσθωσαν,","ὑποτασσέσθωσαν","ὑποτασσέσθωσαν","ὑποτάσσω"
"46","14","34","C","","καθὼς","καθὼς","καθώς","καθώς"
"46","14","34","D","","καὶ","καὶ","καί","καί"
"46","14","34","RA","NSM","ὁ","ὁ","ὁ","ὁ"
"46","14","34","N","NSM","νόμος","νόμος","νόμος","νόμος"
"46","14","34","V","3PAI-S","λέγει.","λέγει","λέγει","λέγω"
"46","14","35","C","","εἰ","εἰ","εἰ","εἰ"
"46","14","35","C","","δέ","δέ","δέ","δέ"
"46","14","35","RI","ASN","τι","τι","τὶ","τις"
"46","14","35","V","AAN","⸀μαθεῖν","μαθεῖν","μαθεῖν","μανθάνω"
"46","14","35","V","3PAI-P","θέλουσιν,","θέλουσιν","θέλουσι(ν)","θέλω"
"46","14","35","P","","ἐν","ἐν","ἐν","ἐν"
"46","14","35","N","DSM","οἴκῳ","οἴκῳ","οἴκῳ","οἶκος"
"46","14","35","RA","APM","τοὺς","τοὺς","τούς","ὁ"
"46","14","35","A","APM","ἰδίους","ἰδίους","ἰδίους","ἴδιος"
"46","14","35","N","APM","ἄνδρας","ἄνδρας","ἄνδρας","ἀνήρ"
"46","14","35","V","3PAD-P","ἐπερωτάτωσαν,","ἐπερωτάτωσαν","ἐπερωτάτωσαν","ἐπερωτάω"
"46","14","35","A","NSN","αἰσχρὸν","αἰσχρὸν","αἰσχρόν","αἰσχρός"
"46","14","35","C","","γάρ","γάρ","γάρ","γάρ"
"46","14","35","V","3PAI-S","ἐστιν","ἐστιν","ἐστί(ν)","εἰμί"
"46","14","35","N","DSF","γυναικὶ","γυναικὶ","γυναικί","γυνή"
"46","14","35","V","PAN","⸂λαλεῖν","λαλεῖν","λαλεῖν","λαλέω"
"46","14","35","P","","ἐν","ἐν","ἐν","ἐν"
"46","14","35","N","DSF","ἐκκλησίᾳ⸃.","ἐκκλησίᾳ","ἐκκλησίᾳ","ἐκκλησία"
"46","14","36","C","","ἢ","ἢ","ἤ","ἤ"
"46","14","36","P","","ἀφ’","ἀφ’","ἀπό","ἀπό"
"46","14","36","RP","GP","ὑμῶν","ὑμῶν","ὑμῶν","σύ"
"46","14","36","RA","NSM","ὁ","ὁ","ὁ","ὁ"
"46","14","36","N","NSM","λόγος","λόγος","λόγος","λόγος"
"46","14","36","RA","GSM","τοῦ","τοῦ","τοῦ","ὁ"
"46","14","36","N","GSM","θεοῦ","θεοῦ","θεοῦ","θεός"
"46","14","36","V","3AAI-S","ἐξῆλθεν,","ἐξῆλθεν","ἐξῆλθε(ν)","ἐξέρχομαι"
"46","14","36","C","","ἢ","ἢ","ἤ","ἤ"
"46","14","36","P","","εἰς","εἰς","εἰς","εἰς"
"46","14","36","RP","AP","ὑμᾶς","ὑμᾶς","ὑμᾶς","σύ"
"46","14","36","A","APM","μόνους","μόνους","μόνους","μόνος"
"46","14","36","V","3AAI-S","κατήντησεν;","κατήντησεν","κατήντησε(ν)","καταντάω"
"46","14","37","C","","Εἴ","Εἴ","εἰ","εἰ"
"46","14","37","RI","NSM","τις","τις","τὶς","τις"
"46","14","37","V","3PAI-S","δοκεῖ","δοκεῖ","δοκεῖ","δοκέω"
"46","14","37","N","NSM","προφήτης","προφήτης","προφήτης","προφήτης"
"46","14","37","V","PAN","εἶναι","εἶναι","εἶναι","εἰμί"
"46","14","37","C","","ἢ","ἢ","ἤ","ἤ"
"46","14","37","A","NSM","πνευματικός,","πνευματικός","πνευματικός","πνευματικός"
"46","14","37","V","3PAD-S","ἐπιγινωσκέτω","ἐπιγινωσκέτω","ἐπιγινωσκέτω","ἐπιγινώσκω"
"46","14","37","RR","APN","ἃ","ἃ","ἅ","ὅς"
"46","14","37","V","1PAI-S","γράφω","γράφω","γράφω","γράφω"
"46","14","37","RP","DP","ὑμῖν","ὑμῖν","ὑμῖν","σύ"
"46","14","37","C","","ὅτι","ὅτι","ὅτι","ὅτι"
"46","14","37","N","GSM","κυρίου","κυρίου","κυρίου","κύριος"
"46","14","37","V","3PAI-S","⸀ἐστίν·","ἐστίν","ἐστί(ν)","εἰμί"
"46","14","38","C","","εἰ","εἰ","εἰ","εἰ"
"46","14","38","C","","δέ","δέ","δέ","δέ"
"46","14","38","RI","NSM","τις","τις","τὶς","τις"
"46","14","38","V","3PAI-S","ἀγνοεῖ,","ἀγνοεῖ","ἀγνοεῖ","ἀγνοέω"
"46","14","38","V","3PPI-S","⸀ἀγνοεῖται.","ἀγνοεῖται","ἀγνοεῖται","ἀγνοέω"
"46","14","39","C","","ὥστε,","ὥστε","ὥστε","ὥστε"
"46","14","39","N","VPM","ἀδελφοί","ἀδελφοί","ἀδελφοί","ἀδελφός"
"46","14","39","RP","GS","⸀μου,","μου","μου","ἐγώ"
"46","14","39","V","2PAD-P","ζηλοῦτε","ζηλοῦτε","ζηλοῦτε","ζηλόω"
"46","14","39","RA","ASN","τὸ","τὸ","τό","ὁ"
"46","14","39","V","PAN","προφητεύειν,","προφητεύειν","προφητεύειν","προφητεύω"
"46","14","39","C","","καὶ","καὶ","καί","καί"
"46","14","39","RA","ASN","τὸ","τὸ","τό","ὁ"
"46","14","39","V","PAN","λαλεῖν","λαλεῖν","λαλεῖν","λαλέω"
"46","14","39","D","","⸂μὴ","μὴ","μή","μή"
"46","14","39","V","2PAD-P","κωλύετε","κωλύετε","κωλύετε","κωλύω"
"46","14","39","N","DPF","γλώσσαις⸃·","γλώσσαις","γλώσσαις","γλῶσσα"
"46","14","40","A","NPN","πάντα","πάντα","πάντα","πᾶς"
"46","14","40","C","","⸀δὲ","δὲ","δέ","δέ"
"46","14","40","D","","εὐσχημόνως","εὐσχημόνως","εὐσχημόνως","εὐσχημόνως"
"46","14","40","C","","καὶ","καὶ","καί","καί"
"46","14","40","P","","κατὰ","κατὰ","κατά","κατά"
"46","14","40","N","ASF","τάξιν","τάξιν","τάξιν","τάξις"
"46","14","40","V","3PMD-S","γινέσθω.","γινέσθω","γινέσθω","γίνομαι"
"46","15","01","V","1PAI-S","Γνωρίζω","Γνωρίζω","γνωρίζω","γνωρίζω"
"46","15","01","C","","δὲ","δὲ","δέ","δέ"
"46","15","01","RP","DP","ὑμῖν,","ὑμῖν","ὑμῖν","σύ"
"46","15","01","N","VPM","ἀδελφοί,","ἀδελφοί","ἀδελφοί","ἀδελφός"
"46","15","01","RA","ASN","τὸ","τὸ","τό","ὁ"
"46","15","01","N","ASN","εὐαγγέλιον","εὐαγγέλιον","εὐαγγέλιον","εὐαγγέλιον"
"46","15","01","RR","ASN","ὃ","ὃ","ὅ","ὅς"
"46","15","01","V","1AMI-S","εὐηγγελισάμην","εὐηγγελισάμην","εὐηγγελισάμην","εὐαγγελίζω"
"46","15","01","RP","DP","ὑμῖν,","ὑμῖν","ὑμῖν","σύ"
"46","15","01","RR","ASN","ὃ","ὃ","ὅ","ὅς"
"46","15","01","D","","καὶ","καὶ","καί","καί"
"46","15","01","V","2AAI-P","παρελάβετε,","παρελάβετε","παρελάβετε","παραλαμβάνω"
"46","15","01","P","","ἐν","ἐν","ἐν","ἐν"
"46","15","01","RR","DSN","ᾧ","ᾧ","ᾧ","ὅς"
"46","15","01","D","","καὶ","καὶ","καί","καί"
"46","15","01","V","2XAI-P","ἑστήκατε,","ἑστήκατε","ἑστήκατε","ἵστημι"
"46","15","02","P","","δι’","δι’","διά","διά"
"46","15","02","RR","GSN","οὗ","οὗ","οὗ","ὅς"
"46","15","02","D","","καὶ","καὶ","καί","καί"
"46","15","02","V","2PPI-P","σῴζεσθε,","σῴζεσθε","σῴζεσθε","σῴζω"
"46","15","02","RI","DSM","τίνι","τίνι","τίνι","τίς"
"46","15","02","N","DSM","λόγῳ","λόγῳ","λόγῳ","λόγος"
"46","15","02","V","1AMI-S","εὐηγγελισάμην","εὐηγγελισάμην","εὐηγγελισάμην","εὐαγγελίζω"
"46","15","02","RP","DP","ὑμῖν,","ὑμῖν","ὑμῖν","σύ"
"46","15","02","C","","εἰ","εἰ","εἰ","εἰ"
"46","15","02","V","2PAI-P","κατέχετε,","κατέχετε","κατέχετε","κατέχω"
"46","15","02","D","","ἐκτὸς","ἐκτὸς","ἐκτός","ἐκτός"
"46","15","02","C","","εἰ","εἰ","εἰ","εἰ"
"46","15","02","D","","μὴ","μὴ","μή","μή"
"46","15","02","D","","εἰκῇ","εἰκῇ","εἰκῇ","εἰκῇ"
"46","15","02","V","2AAI-P","ἐπιστεύσατε.","ἐπιστεύσατε","ἐπιστεύσατε","πιστεύω"
"46","15","03","V","1AAI-S","Παρέδωκα","Παρέδωκα","παρέδωκα","παραδίδωμι"
"46","15","03","C","","γὰρ","γὰρ","γάρ","γάρ"
"46","15","03","RP","DP","ὑμῖν","ὑμῖν","ὑμῖν","σύ"
"46","15","03","P","","ἐν","ἐν","ἐν","ἐν"
"46","15","03","A","DPN","πρώτοις,","πρώτοις","πρώτοις","πρῶτος"
"46","15","03","RR","ASN","ὃ","ὃ","ὅ","ὅς"
"46","15","03","D","","καὶ","καὶ","καί","καί"
"46","15","03","V","1AAI-S","παρέλαβον,","παρέλαβον","παρέλαβον","παραλαμβάνω"
"46","15","03","D","","ὅτι","ὅτι","ὅτι","ὅτι"
"46","15","03","N","NSM","Χριστὸς","Χριστὸς","Χριστός","Χριστός"
"46","15","03","V","3AAI-S","ἀπέθανεν","ἀπέθανεν","ἀπέθανε(ν)","ἀποθνῄσκω"
"46","15","03","P","","ὑπὲρ","ὑπὲρ","ὑπέρ","ὑπέρ"
"46","15","03","RA","GPF","τῶν","τῶν","τῶν","ὁ"
"46","15","03","N","GPF","ἁμαρτιῶν","ἁμαρτιῶν","ἁμαρτιῶν","ἁμαρτία"
"46","15","03","RP","GP","ἡμῶν","ἡμῶν","ἡμῶν","ἐγώ"
"46","15","03","P","","κατὰ","κατὰ","κατά","κατά"
"46","15","03","RA","APF","τὰς","τὰς","τάς","ὁ"
"46","15","03","N","APF","γραφάς,","γραφάς","γραφάς","γραφή"
"46","15","04","C","","καὶ","καὶ","καί","καί"
"46","15","04","D","","ὅτι","ὅτι","ὅτι","ὅτι"
"46","15","04","V","3API-S","ἐτάφη,","ἐτάφη","ἐτάφη","θάπτω"
"46","15","04","C","","καὶ","καὶ","καί","καί"
"46","15","04","D","","ὅτι","ὅτι","ὅτι","ὅτι"
"46","15","04","V","3XPI-S","ἐγήγερται","ἐγήγερται","ἐγήγερται","ἐγείρω"
"46","15","04","RA","DSF","τῇ","τῇ","τῇ","ὁ"
"46","15","04","N","DSF","⸂ἡμέρᾳ","ἡμέρᾳ","ἡμέρᾳ","ἡμέρα"
"46","15","04","RA","DSF","τῇ","τῇ","τῇ","ὁ"
"46","15","04","A","DSF","τρίτῃ⸃","τρίτῃ","τρίτῃ","τρίτος"
"46","15","04","P","","κατὰ","κατὰ","κατά","κατά"
"46","15","04","RA","APF","τὰς","τὰς","τάς","ὁ"
"46","15","04","N","APF","γραφάς,","γραφάς","γραφάς","γραφή"
"46","15","05","C","","καὶ","καὶ","καί","καί"
"46","15","05","D","","ὅτι","ὅτι","ὅτι","ὅτι"
"46","15","05","V","3API-S","ὤφθη","ὤφθη","ὤφθη","ὁράω"
"46","15","05","N","DSM","Κηφᾷ,","Κηφᾷ","Κηφᾷ","Κηφᾶς"
"46","15","05","D","","εἶτα","εἶτα","εἶτα","εἶτα"
"46","15","05","RA","DPM","τοῖς","τοῖς","τοῖς","ὁ"
"46","15","05","A","DPM","δώδεκα·","δώδεκα","δώδεκα","δώδεκα"
"46","15","06","D","","ἔπειτα","ἔπειτα","ἔπειτα","ἔπειτα"
"46","15","06","V","3API-S","ὤφθη","ὤφθη","ὤφθη","ὁράω"
"46","15","06","D","","ἐπάνω","ἐπάνω","ἐπάνω","ἐπάνω"
"46","15","06","A","DPM","πεντακοσίοις","πεντακοσίοις","πεντακοσίοις","πεντακόσιοι"
"46","15","06","N","DPM","ἀδελφοῖς","ἀδελφοῖς","ἀδελφοῖς","ἀδελφός"
"46","15","06","D","","ἐφάπαξ,","ἐφάπαξ","ἐφάπαξ","ἐφάπαξ"
"46","15","06","P","","ἐξ","ἐξ","ἐκ","ἐκ"
"46","15","06","RR","GPM","ὧν","ὧν","ὧν","ὅς"
"46","15","06","RA","NPM","οἱ","οἱ","οἱ","ὁ"
"46","15","06","A","NPMC","⸀πλείονες","πλείονες","πλείονες","πολύς"
"46","15","06","V","3PAI-P","μένουσιν","μένουσιν","μένουσι(ν)","μένω"
"46","15","06","P","","ἕως","ἕως","ἕως","ἕως"
"46","15","06","D","","ἄρτι,","ἄρτι","ἄρτι","ἄρτι"
"46","15","06","RI","NPM","τινὲς","τινὲς","τινές","τις"
"46","15","06","C","","⸀δὲ","δὲ","δέ","δέ"
"46","15","06","V","3API-P","ἐκοιμήθησαν·","ἐκοιμήθησαν","ἐκοιμήθησαν","κοιμάομαι"
"46","15","07","D","","ἔπειτα","ἔπειτα","ἔπειτα","ἔπειτα"
"46","15","07","V","3API-S","ὤφθη","ὤφθη","ὤφθη","ὁράω"
"46","15","07","N","DSM","Ἰακώβῳ,","Ἰακώβῳ","Ἰακώβῳ","Ἰάκωβος"
"46","15","07","D","","εἶτα","εἶτα","εἶτα","εἶτα"
"46","15","07","RA","DPM","τοῖς","τοῖς","τοῖς","ὁ"
"46","15","07","N","DPM","ἀποστόλοις","ἀποστόλοις","ἀποστόλοις","ἀπόστολος"
"46","15","07","A","DPM","πᾶσιν·","πᾶσιν","πᾶσι(ν)","πᾶς"
"46","15","08","A","ASN","ἔσχατον","ἔσχατον","ἔσχατον","ἔσχατος"
"46","15","08","C","","δὲ","δὲ","δέ","δέ"
"46","15","08","A","GPN","πάντων","πάντων","πάντων","πᾶς"
"46","15","08","C","","ὡσπερεὶ","ὡσπερεὶ","ὡσπερεί","ὡσπερεί"
"46","15","08","RA","DSN","τῷ","τῷ","τῷ","ὁ"
"46","15","08","N","DSN","ἐκτρώματι","ἐκτρώματι","ἐκτρώματι","ἔκτρωμα"
"46","15","08","V","3API-S","ὤφθη","ὤφθη","ὤφθη","ὁράω"
"46","15","08","RP","DS","κἀμοί.","κἀμοί","κἀμοί","κἀγώ"
"46","15","09","RP","NS","ἐγὼ","ἐγὼ","ἐγώ","ἐγώ"
"46","15","09","C","","γάρ","γάρ","γάρ","γάρ"
"46","15","09","V","1PAI-S","εἰμι","εἰμι","εἰμί","εἰμί"
"46","15","09","RA","NSM","ὁ","ὁ","ὁ","ὁ"
"46","15","09","A","NSMS","ἐλάχιστος","ἐλάχιστος","ἐλάχιστος","ἐλάχιστος"
"46","15","09","RA","GPM","τῶν","τῶν","τῶν","ὁ"
"46","15","09","N","GPM","ἀποστόλων,","ἀποστόλων","ἀποστόλων","ἀπόστολος"
"46","15","09","RR","NSM","ὃς","ὃς","ὅς","ὅς"
"46","15","09","D","","οὐκ","οὐκ","οὐ","οὐ"
"46","15","09","V","1PAI-S","εἰμὶ","εἰμὶ","εἰμί","εἰμί"
"46","15","09","A","NSM","ἱκανὸς","ἱκανὸς","ἱκανός","ἱκανός"
"46","15","09","V","PPN","καλεῖσθαι","καλεῖσθαι","καλεῖσθαι","καλέω"
"46","15","09","N","NSM","ἀπόστολος,","ἀπόστολος","ἀπόστολος","ἀπόστολος"
"46","15","09","C","","διότι","διότι","διότι","διότι"
"46","15","09","V","1AAI-S","ἐδίωξα","ἐδίωξα","ἐδίωξα","διώκω"
"46","15","09","RA","ASF","τὴν","τὴν","τήν","ὁ"
"46","15","09","N","ASF","ἐκκλησίαν","ἐκκλησίαν","ἐκκλησίαν","ἐκκλησία"
"46","15","09","RA","GSM","τοῦ","τοῦ","τοῦ","ὁ"
"46","15","09","N","GSM","θεοῦ·","θεοῦ","θεοῦ","θεός"
"46","15","10","N","DSF","χάριτι","χάριτι","χάριτι","χάρις"
"46","15","10","C","","δὲ","δὲ","δέ","δέ"
"46","15","10","N","GSM","θεοῦ","θεοῦ","θεοῦ","θεός"
"46","15","10","V","1PAI-S","εἰμι","εἰμι","εἰμί","εἰμί"
"46","15","10","RR","NSN","ὅ","ὅ","ὅ","ὅς"
"46","15","10","V","1PAI-S","εἰμι,","εἰμι","εἰμί","εἰμί"
"46","15","10","C","","καὶ","καὶ","καί","καί"
"46","15","10","RA","NSF","ἡ","ἡ","ἡ","ὁ"
"46","15","10","N","NSF","χάρις","χάρις","χάρις","χάρις"
"46","15","10","RP","GSM","αὐτοῦ","αὐτοῦ","αὐτοῦ","αὐτός"
"46","15","10","RA","NSF","ἡ","ἡ","ἡ","ὁ"
"46","15","10","P","","εἰς","εἰς","εἰς","εἰς"
"46","15","10","RP","AS","ἐμὲ","ἐμὲ","ἐμέ","ἐγώ"
"46","15","10","D","","οὐ","οὐ","οὐ","οὐ"
"46","15","10","A","NSF","κενὴ","κενὴ","κενή","κενός"
"46","15","10","V","3API-S","ἐγενήθη,","ἐγενήθη","ἐγενήθη","γίνομαι"
"46","15","10","C","","ἀλλὰ","ἀλλὰ","ἀλλά","ἀλλά"
"46","15","10","A","ASNC","περισσότερον","περισσότερον","περισσότερον","περισσότερος"
"46","15","10","RP","GPM","αὐτῶν","αὐτῶν","αὐτῶν","αὐτός"
"46","15","10","A","GPM","πάντων","πάντων","πάντων","πᾶς"
"46","15","10","V","1AAI-S","ἐκοπίασα,","ἐκοπίασα","ἐκοπίασα","κοπιάω"
"46","15","10","D","","οὐκ","οὐκ","οὐ","οὐ"
"46","15","10","RP","NS","ἐγὼ","ἐγὼ","ἐγώ","ἐγώ"
"46","15","10","C","","δὲ","δὲ","δέ","δέ"
"46","15","10","C","","ἀλλὰ","ἀλλὰ","ἀλλά","ἀλλά"
"46","15","10","RA","NSF","ἡ","ἡ","ἡ","ὁ"
"46","15","10","N","NSF","χάρις","χάρις","χάρις","χάρις"
"46","15","10","RA","GSM","τοῦ","τοῦ","τοῦ","ὁ"
"46","15","10","N","GSM","θεοῦ","θεοῦ","θεοῦ","θεός"
"46","15","10","RA","NSF","⸀ἡ","ἡ","ἡ","ὁ"
"46","15","10","P","","σὺν","σὺν","σύν","σύν"
"46","15","10","RP","DS","ἐμοί.","ἐμοί","ἐμοί","ἐγώ"
"46","15","11","C","","εἴτε","εἴτε","εἴτε","εἴτε"
"46","15","11","C","","οὖν","οὖν","οὖν","οὖν"
"46","15","11","RP","NS","ἐγὼ","ἐγὼ","ἐγώ","ἐγώ"
"46","15","11","C","","εἴτε","εἴτε","εἴτε","εἴτε"
"46","15","11","RD","NPM","ἐκεῖνοι,","ἐκεῖνοι","ἐκεῖνοι","ἐκεῖνος"
"46","15","11","D","","οὕτως","οὕτως","οὕτω(ς)","οὕτω(ς)"
"46","15","11","V","1PAI-P","κηρύσσομεν","κηρύσσομεν","κηρύσσομεν","κηρύσσω"
"46","15","11","C","","καὶ","καὶ","καί","καί"
"46","15","11","D","","οὕτως","οὕτως","οὕτω(ς)","οὕτω(ς)"
"46","15","11","V","2AAI-P","ἐπιστεύσατε.","ἐπιστεύσατε","ἐπιστεύσατε","πιστεύω"
"46","15","12","C","","Εἰ","Εἰ","εἰ","εἰ"
"46","15","12","C","","δὲ","δὲ","δέ","δέ"
"46","15","12","N","NSM","Χριστὸς","Χριστὸς","Χριστός","Χριστός"
"46","15","12","V","3PPI-S","κηρύσσεται","κηρύσσεται","κηρύσσεται","κηρύσσω"
"46","15","12","C","","ὅτι","ὅτι","ὅτι","ὅτι"
"46","15","12","P","","ἐκ","ἐκ","ἐκ","ἐκ"
"46","15","12","A","GPM","νεκρῶν","νεκρῶν","νεκρῶν","νεκρός"
"46","15","12","V","3XPI-S","ἐγήγερται,","ἐγήγερται","ἐγήγερται","ἐγείρω"
"46","15","12","D","","πῶς","πῶς","πῶς","πῶς"
"46","15","12","V","3PAI-P","λέγουσιν","λέγουσιν","λέγουσι(ν)","λέγω"
"46","15","12","P","","⸂ἐν","ἐν","ἐν","ἐν"
"46","15","12","RP","DP","ὑμῖν","ὑμῖν","ὑμῖν","σύ"
"46","15","12","RI","NPM","τινες⸃","τινες","τινές","τις"
"46","15","12","C","","ὅτι","ὅτι","ὅτι","ὅτι"
"46","15","12","N","NSF","ἀνάστασις","ἀνάστασις","ἀνάστασις","ἀνάστασις"
"46","15","12","A","GPM","νεκρῶν","νεκρῶν","νεκρῶν","νεκρός"
"46","15","12","D","","οὐκ","οὐκ","οὐ","οὐ"
"46","15","12","V","3PAI-S","ἔστιν;","ἔστιν","ἐστί(ν)","εἰμί"
"46","15","13","C","","εἰ","εἰ","εἰ","εἰ"
"46","15","13","C","","δὲ","δὲ","δέ","δέ"
"46","15","13","N","NSF","ἀνάστασις","ἀνάστασις","ἀνάστασις","ἀνάστασις"
"46","15","13","A","GPM","νεκρῶν","νεκρῶν","νεκρῶν","νεκρός"
"46","15","13","D","","οὐκ","οὐκ","οὐ","οὐ"
"46","15","13","V","3PAI-S","ἔστιν,","ἔστιν","ἐστί(ν)","εἰμί"
"46","15","13","D","","οὐδὲ","οὐδὲ","οὐδέ","οὐδέ"
"46","15","13","N","NSM","Χριστὸς","Χριστὸς","Χριστός","Χριστός"
"46","15","13","V","3XPI-S","ἐγήγερται·","ἐγήγερται","ἐγήγερται","ἐγείρω"
"46","15","14","C","","εἰ","εἰ","εἰ","εἰ"
"46","15","14","C","","δὲ","δὲ","δέ","δέ"
"46","15","14","N","NSM","Χριστὸς","Χριστὸς","Χριστός","Χριστός"
"46","15","14","D","","οὐκ","οὐκ","οὐ","οὐ"
"46","15","14","V","3XPI-S","ἐγήγερται,","ἐγήγερται","ἐγήγερται","ἐγείρω"
"46","15","14","A","NSN","κενὸν","κενὸν","κενόν","κενός"
"46","15","14","C","","⸀ἄρα","ἄρα","ἄρα","ἄρα"
"46","15","14","RA","NSN","τὸ","τὸ","τό","ὁ"
"46","15","14","N","NSN","κήρυγμα","κήρυγμα","κήρυγμα","κήρυγμα"
"46","15","14","RP","GP","ἡμῶν,","ἡμῶν","ἡμῶν","ἐγώ"
"46","15","14","A","NSF","⸀κενὴ","κενὴ","κενή","κενός"
"46","15","14","D","","καὶ","καὶ","καί","καί"
"46","15","14","RA","NSF","ἡ","ἡ","ἡ","ὁ"
"46","15","14","N","NSF","πίστις","πίστις","πίστις","πίστις"
"46","15","14","RP","GP","⸀ὑμῶν,","ὑμῶν","ὑμῶν","σύ"
"46","15","15","V","1PPI-P","εὑρισκόμεθα","εὑρισκόμεθα","εὑρισκόμεθα","εὑρίσκω"
"46","15","15","C","","δὲ","δὲ","δέ","δέ"
"46","15","15","D","","καὶ","καὶ","καί","καί"
"46","15","15","N","NPM","ψευδομάρτυρες","ψευδομάρτυρες","ψευδομάρτυρες","ψευδόμαρτυς"
"46","15","15","RA","GSM","τοῦ","τοῦ","τοῦ","ὁ"
"46","15","15","N","GSM","θεοῦ,","θεοῦ","θεοῦ","θεός"
"46","15","15","C","","ὅτι","ὅτι","ὅτι","ὅτι"
"46","15","15","V","1AAI-P","ἐμαρτυρήσαμεν","ἐμαρτυρήσαμεν","ἐμαρτυρήσαμεν","μαρτυρέω"
"46","15","15","P","","κατὰ","κατὰ","κατά","κατά"
"46","15","15","RA","GSM","τοῦ","τοῦ","τοῦ","ὁ"
"46","15","15","N","GSM","θεοῦ","θεοῦ","θεοῦ","θεός"
"46","15","15","C","","ὅτι","ὅτι","ὅτι","ὅτι"
"46","15","15","V","3AAI-S","ἤγειρεν","ἤγειρεν","ἤγειρε(ν)","ἐγείρω"
"46","15","15","RA","ASM","τὸν","τὸν","τόν","ὁ"
"46","15","15","N","ASM","Χριστόν,","Χριστόν","Χριστόν","Χριστός"
"46","15","15","RR","ASM","ὃν","ὃν","ὅν","ὅς"
"46","15","15","D","","οὐκ","οὐκ","οὐ","οὐ"
"46","15","15","V","3AAI-S","ἤγειρεν","ἤγειρεν","ἤγειρε(ν)","ἐγείρω"
"46","15","15","C","","εἴπερ","εἴπερ","εἴπερ","εἴπερ"
"46","15","15","C","","ἄρα","ἄρα","ἄρα","ἄρα"
"46","15","15","A","NPM","νεκροὶ","νεκροὶ","νεκροί","νεκρός"
"46","15","15","D","","οὐκ","οὐκ","οὐ","οὐ"
"46","15","15","V","3PPI-P","ἐγείρονται.","ἐγείρονται","ἐγείρονται","ἐγείρω"
"46","15","16","C","","εἰ","εἰ","εἰ","εἰ"
"46","15","16","C","","γὰρ","γὰρ","γάρ","γάρ"
"46","15","16","A","NPM","νεκροὶ","νεκροὶ","νεκροί","νεκρός"
"46","15","16","D","","οὐκ","οὐκ","οὐ","οὐ"
"46","15","16","V","3PPI-P","ἐγείρονται,","ἐγείρονται","ἐγείρονται","ἐγείρω"
"46","15","16","D","","οὐδὲ","οὐδὲ","οὐδέ","οὐδέ"
"46","15","16","N","NSM","Χριστὸς","Χριστὸς","Χριστός","Χριστός"
"46","15","16","V","3XPI-S","ἐγήγερται·","ἐγήγερται","ἐγήγερται","ἐγείρω"
"46","15","17","C","","εἰ","εἰ","εἰ","εἰ"
"46","15","17","C","","δὲ","δὲ","δέ","δέ"
"46","15","17","N","NSM","Χριστὸς","Χριστὸς","Χριστός","Χριστός"
"46","15","17","D","","οὐκ","οὐκ","οὐ","οὐ"
"46","15","17","V","3XPI-S","ἐγήγερται,","ἐγήγερται","ἐγήγερται","ἐγείρω"
"46","15","17","A","NSF","ματαία","ματαία","ματαία","μάταιος"
"46","15","17","RA","NSF","ἡ","ἡ","ἡ","ὁ"
"46","15","17","N","NSF","πίστις","πίστις","πίστις","πίστις"
"46","15","17","RP","GP","⸀ὑμῶν,","ὑμῶν","ὑμῶν","σύ"
"46","15","17","D","","ἔτι","ἔτι","ἔτι","ἔτι"
"46","15","17","V","2PAI-P","ἐστὲ","ἐστὲ","ἐστέ","εἰμί"
"46","15","17","P","","ἐν","ἐν","ἐν","ἐν"
"46","15","17","RA","DPF","ταῖς","ταῖς","ταῖς","ὁ"
"46","15","17","N","DPF","ἁμαρτίαις","ἁμαρτίαις","ἁμαρτίαις","ἁμαρτία"
"46","15","17","RP","GP","ὑμῶν.","ὑμῶν","ὑμῶν","σύ"
"46","15","18","C","","ἄρα","ἄρα","ἄρα","ἄρα"
"46","15","18","D","","καὶ","καὶ","καί","καί"
"46","15","18","RA","NPM","οἱ","οἱ","οἱ","ὁ"
"46","15","18","V","APPNPM","κοιμηθέντες","κοιμηθέντες","κοιμηθέντες","κοιμάομαι"
"46","15","18","P","","ἐν","ἐν","ἐν","ἐν"
"46","15","18","N","DSM","Χριστῷ","Χριστῷ","Χριστῷ","Χριστός"
"46","15","18","V","3AMI-P","ἀπώλοντο.","ἀπώλοντο","ἀπώλοντο","ἀπόλλυμι"
"46","15","19","C","","εἰ","εἰ","εἰ","εἰ"
"46","15","19","P","","ἐν","ἐν","ἐν","ἐν"
"46","15","19","RA","DSF","τῇ","τῇ","τῇ","ὁ"
"46","15","19","N","DSF","ζωῇ","ζωῇ","ζωῇ","ζωή"
"46","15","19","RD","DSF","ταύτῃ","ταύτῃ","ταύτῃ","οὗτος"
"46","15","19","P","","⸂ἐν","ἐν","ἐν","ἐν"
"46","15","19","N","DSM","Χριστῷ","Χριστῷ","Χριστῷ","Χριστός"
"46","15","19","V","XAPNPM","ἠλπικότες","ἠλπικότες","ἠλπικότες","ἐλπίζω"
"46","15","19","V","1PAI-P","ἐσμὲν⸃","ἐσμὲν","ἐσμέν","εἰμί"
"46","15","19","A","ASN","μόνον,","μόνον","μόνον","μόνος"
"46","15","19","A","NPMC","ἐλεεινότεροι","ἐλεεινότεροι","ἐλεεινότεροι","ἐλεεινός"
"46","15","19","A","GPM","πάντων","πάντων","πάντων","πᾶς"
"46","15","19","N","GPM","ἀνθρώπων","ἀνθρώπων","ἀνθρώπων","ἄνθρωπος"
"46","15","19","V","1PAI-P","ἐσμέν.","ἐσμέν","ἐσμέν","εἰμί"
"46","15","20","D","","Νυνὶ","Νυνὶ","νυνί","νυνί"
"46","15","20","C","","δὲ","δὲ","δέ","δέ"
"46","15","20","N","NSM","Χριστὸς","Χριστὸς","Χριστός","Χριστός"
"46","15","20","V","3XPI-S","ἐγήγερται","ἐγήγερται","ἐγήγερται","ἐγείρω"
"46","15","20","P","","ἐκ","ἐκ","ἐκ","ἐκ"
"46","15","20","A","GPM","νεκρῶν,","νεκρῶν","νεκρῶν","νεκρός"
"46","15","20","N","NSF","ἀπαρχὴ","ἀπαρχὴ","ἀπαρχή","ἀπαρχή"
"46","15","20","RA","GPM","τῶν","τῶν","τῶν","ὁ"
"46","15","20","V","XMPGPM","⸀κεκοιμημένων.","κεκοιμημένων","κεκοιμημένων","κοιμάομαι"
"46","15","21","C","","ἐπειδὴ","ἐπειδὴ","ἐπειδή","ἐπειδή"
"46","15","21","C","","γὰρ","γὰρ","γάρ","γάρ"
"46","15","21","P","","δι’","δι’","διά","διά"
"46","15","21","N","GSM","ἀνθρώπου","ἀνθρώπου","ἀνθρώπου","ἄνθρωπος"
"46","15","21","N","NSM","⸀θάνατος,","θάνατος","θάνατος","θάνατος"
"46","15","21","D","","καὶ","καὶ","καί","καί"
"46","15","21","P","","δι’","δι’","διά","διά"
"46","15","21","N","GSM","ἀνθρώπου","ἀνθρώπου","ἀνθρώπου","ἄνθρωπος"
"46","15","21","N","NSF","ἀνάστασις","ἀνάστασις","ἀνάστασις","ἀνάστασις"
"46","15","21","A","GPM","νεκρῶν·","νεκρῶν","νεκρῶν","νεκρός"
"46","15","22","C","","ὥσπερ","ὥσπερ","ὥσπερ","ὥσπερ"
"46","15","22","C","","γὰρ","γὰρ","γάρ","γάρ"
"46","15","22","P","","ἐν","ἐν","ἐν","ἐν"
"46","15","22","RA","DSM","τῷ","τῷ","τῷ","ὁ"
"46","15","22","N","DSM","Ἀδὰμ","Ἀδὰμ","Ἀδάμ","Ἀδάμ"
"46","15","22","A","NPM","πάντες","πάντες","πάντες","πᾶς"
"46","15","22","V","3PAI-P","ἀποθνῄσκουσιν,","ἀποθνῄσκουσιν","ἀποθνῄσκουσι(ν)","ἀποθνῄσκω"
"46","15","22","D","","οὕτως","οὕτως","οὕτω(ς)","οὕτω(ς)"
"46","15","22","D","","καὶ","καὶ","καί","καί"
"46","15","22","P","","ἐν","ἐν","ἐν","ἐν"
"46","15","22","RA","DSM","τῷ","τῷ","τῷ","ὁ"
"46","15","22","N","DSM","Χριστῷ","Χριστῷ","Χριστῷ","Χριστός"
"46","15","22","A","NPM","πάντες","πάντες","πάντες","πᾶς"
"46","15","22","V","3FPI-P","ζῳοποιηθήσονται.","ζῳοποιηθήσονται","ζῳοποιηθήσονται","ζῳοποιέω"
"46","15","23","A","NSM","ἕκαστος","ἕκαστος","ἕκαστος","ἕκαστος"
"46","15","23","C","","δὲ","δὲ","δέ","δέ"
"46","15","23","P","","ἐν","ἐν","ἐν","ἐν"
"46","15","23","RA","DSN","τῷ","τῷ","τῷ","ὁ"
"46","15","23","A","DSN","ἰδίῳ","ἰδίῳ","ἰδίῳ","ἴδιος"
"46","15","23","N","DSN","τάγματι·","τάγματι","τάγματι","τάγμα"
"46","15","23","N","NSF","ἀπαρχὴ","ἀπαρχὴ","ἀπαρχή","ἀπαρχή"
"46","15","23","N","NSM","Χριστός,","Χριστός","Χριστός","Χριστός"
"46","15","23","D","","ἔπειτα","ἔπειτα","ἔπειτα","ἔπειτα"
"46","15","23","RA","NPM","οἱ","οἱ","οἱ","ὁ"
"46","15","23","RA","GSM","τοῦ","τοῦ","τοῦ","ὁ"
"46","15","23","N","GSM","Χριστοῦ","Χριστοῦ","Χριστοῦ","Χριστός"
"46","15","23","P","","ἐν","ἐν","ἐν","ἐν"
"46","15","23","RA","DSF","τῇ","τῇ","τῇ","ὁ"
"46","15","23","N","DSF","παρουσίᾳ","παρουσίᾳ","παρουσίᾳ","παρουσία"
"46","15","23","RP","GSM","αὐτοῦ·","αὐτοῦ","αὐτοῦ","αὐτός"
"46","15","24","D","","εἶτα","εἶτα","εἶτα","εἶτα"
"46","15","24","RA","NSN","τὸ","τὸ","τό","ὁ"
"46","15","24","N","NSN","τέλος,","τέλος","τέλος","τέλος"
"46","15","24","D","","ὅταν","ὅταν","ὅταν","ὅταν"
"46","15","24","V","3PAS-S","⸀παραδιδῷ","παραδιδῷ","παραδιδῷ","παραδίδωμι"
"46","15","24","RA","ASF","τὴν","τὴν","τήν","ὁ"
"46","15","24","N","ASF","βασιλείαν","βασιλείαν","βασιλείαν","βασιλεία"
"46","15","24","RA","DSM","τῷ","τῷ","τῷ","ὁ"
"46","15","24","N","DSM","θεῷ","θεῷ","θεῷ","θεός"
"46","15","24","D","","καὶ","καὶ","καί","καί"
"46","15","24","N","DSM","πατρί,","πατρί","πατρί","πατήρ"
"46","15","24","D","","ὅταν","ὅταν","ὅταν","ὅταν"
"46","15","24","V","3AAS-S","καταργήσῃ","καταργήσῃ","καταργήσῃ","καταργέω"
"46","15","24","A","ASF","πᾶσαν","πᾶσαν","πᾶσαν","πᾶς"
"46","15","24","N","ASF","ἀρχὴν","ἀρχὴν","ἀρχήν","ἀρχή"
"46","15","24","C","","καὶ","καὶ","καί","καί"
"46","15","24","A","ASF","πᾶσαν","πᾶσαν","πᾶσαν","πᾶς"
"46","15","24","N","ASF","ἐξουσίαν","ἐξουσίαν","ἐξουσίαν","ἐξουσία"
"46","15","24","C","","καὶ","καὶ","καί","καί"
"46","15","24","N","ASF","δύναμιν,","δύναμιν","δύναμιν","δύναμις"
"46","15","25","V","3PAI-S","δεῖ","δεῖ","δεῖ","δέω"
"46","15","25","C","","γὰρ","γὰρ","γάρ","γάρ"
"46","15","25","RP","ASM","αὐτὸν","αὐτὸν","αὐτόν","αὐτός"
"46","15","25","V","PAN","βασιλεύειν","βασιλεύειν","βασιλεύειν","βασιλεύω"
"46","15","25","P","","ἄχρι","ἄχρι","ἄχρι","ἄχρι"
"46","15","25","RR","GSM","⸀οὗ","οὗ","οὗ","ὅς"
"46","15","25","V","3AAS-S","θῇ","θῇ","θῇ","τίθημι"
"46","15","25","A","APM","πάντας","πάντας","πάντας","πᾶς"
"46","15","25","RA","APM","τοὺς","τοὺς","τούς","ὁ"
"46","15","25","A","APM","ἐχθροὺς","ἐχθροὺς","ἐχθρούς","ἐχθρός"
"46","15","25","P","","ὑπὸ","ὑπὸ","ὑπό","ὑπό"
"46","15","25","RA","APM","τοὺς","τοὺς","τούς","ὁ"
"46","15","25","N","APM","πόδας","πόδας","πόδας","πούς"
"46","15","25","RP","GSM","αὐτοῦ.","αὐτοῦ","αὐτοῦ","αὐτός"
"46","15","26","A","NSM","ἔσχατος","ἔσχατος","ἔσχατος","ἔσχατος"
"46","15","26","A","NSM","ἐχθρὸς","ἐχθρὸς","ἐχθρός","ἐχθρός"
"46","15","26","V","3PPI-S","καταργεῖται","καταργεῖται","καταργεῖται","καταργέω"
"46","15","26","RA","NSM","ὁ","ὁ","ὁ","ὁ"
"46","15","26","N","NSM","θάνατος,","θάνατος","θάνατος","θάνατος"
"46","15","27","A","APN","πάντα","πάντα","πάντα","πᾶς"
"46","15","27","C","","γὰρ","γὰρ","γάρ","γάρ"
"46","15","27","V","3AAI-S","ὑπέταξεν","ὑπέταξεν","ὑπέταξε(ν)","ὑποτάσσω"
"46","15","27","P","","ὑπὸ","ὑπὸ","ὑπό","ὑπό"
"46","15","27","RA","APM","τοὺς","τοὺς","τούς","ὁ"
"46","15","27","N","APM","πόδας","πόδας","πόδας","πούς"
"46","15","27","RP","GSM","αὐτοῦ.","αὐτοῦ","αὐτοῦ","αὐτός"
"46","15","27","C","","ὅταν","ὅταν","ὅταν","ὅταν"
"46","15","27","C","","δὲ","δὲ","δέ","δέ"
"46","15","27","V","3AAS-S","εἴπῃ","εἴπῃ","εἴπῃ","λέγω"
"46","15","27","C","","ὅτι","ὅτι","ὅτι","ὅτι"
"46","15","27","A","NPN","πάντα","πάντα","πάντα","πᾶς"
"46","15","27","V","3XPI-S","ὑποτέτακται,","ὑποτέτακται","ὑποτέτακται","ὑποτάσσω"
"46","15","27","A","NSN","δῆλον","δῆλον","δῆλον","δῆλος"
"46","15","27","C","","ὅτι","ὅτι","ὅτι","ὅτι"
"46","15","27","P","","ἐκτὸς","ἐκτὸς","ἐκτός","ἐκτός"
"46","15","27","RA","GSM","τοῦ","τοῦ","τοῦ","ὁ"
"46","15","27","V","AAPGSM","ὑποτάξαντος","ὑποτάξαντος","ὑποτάξαντος","ὑποτάσσω"
"46","15","27","RP","DSM","αὐτῷ","αὐτῷ","αὐτῷ","αὐτός"
"46","15","27","RA","APN","τὰ","τὰ","τά","ὁ"
"46","15","27","A","APN","πάντα.","πάντα","πάντα","πᾶς"
"46","15","28","C","","ὅταν","ὅταν","ὅταν","ὅταν"
"46","15","28","C","","δὲ","δὲ","δέ","δέ"
"46","15","28","V","3APS-S","ὑποταγῇ","ὑποταγῇ","ὑποταγῇ","ὑποτάσσω"
"46","15","28","RP","DSM","αὐτῷ","αὐτῷ","αὐτῷ","αὐτός"
"46","15","28","RA","NPN","τὰ","τὰ","τά","ὁ"
"46","15","28","A","NPN","πάντα,","πάντα","πάντα","πᾶς"
"46","15","28","D","","⸀τότε","τότε","τότε","τότε"
"46","15","28","RP","NSM","αὐτὸς","αὐτὸς","αὐτός","αὐτός"
"46","15","28","RA","NSM","ὁ","ὁ","ὁ","ὁ"
"46","15","28","N","NSM","υἱὸς","υἱὸς","υἱός","υἱός"
"46","15","28","V","3FPI-S","ὑποταγήσεται","ὑποταγήσεται","ὑποταγήσεται","ὑποτάσσω"
"46","15","28","RA","DSM","τῷ","τῷ","τῷ","ὁ"
"46","15","28","V","AAPDSM","ὑποτάξαντι","ὑποτάξαντι","ὑποτάξαντι","ὑποτάσσω"
"46","15","28","RP","DSM","αὐτῷ","αὐτῷ","αὐτῷ","αὐτός"
"46","15","28","RA","APN","τὰ","τὰ","τά","ὁ"
"46","15","28","A","APN","πάντα,","πάντα","πάντα","πᾶς"
"46","15","28","C","","ἵνα","ἵνα","ἵνα","ἵνα"
"46","15","28","V","3PAS-S","ᾖ","ᾖ","ᾖ","εἰμί"
"46","15","28","RA","NSM","ὁ","ὁ","ὁ","ὁ"
"46","15","28","N","NSM","θεὸς","θεὸς","θεός","θεός"
"46","15","28","A","NPN","⸀πάντα","πάντα","πάντα","πᾶς"
"46","15","28","P","","ἐν","ἐν","ἐν","ἐν"
"46","15","28","A","DPN","πᾶσιν.","πᾶσιν","πᾶσι(ν)","πᾶς"
"46","15","29","C","","Ἐπεὶ","Ἐπεὶ","ἐπεί","ἐπεί"
"46","15","29","RI","ASN","τί","τί","τί","τίς"
"46","15","29","V","3FAI-P","ποιήσουσιν","ποιήσουσιν","ποιήσουσι(ν)","ποιέω"
"46","15","29","RA","NPM","οἱ","οἱ","οἱ","ὁ"
"46","15","29","V","PPPNPM","βαπτιζόμενοι","βαπτιζόμενοι","βαπτιζόμενοι","βαπτίζω"
"46","15","29","P","","ὑπὲρ","ὑπὲρ","ὑπέρ","ὑπέρ"
"46","15","29","RA","GPM","τῶν","τῶν","τῶν","ὁ"
"46","15","29","A","GPM","νεκρῶν;","νεκρῶν","νεκρῶν","νεκρός"
"46","15","29","C","","εἰ","εἰ","εἰ","εἰ"
"46","15","29","D","","ὅλως","ὅλως","ὅλως","ὅλως"
"46","15","29","A","NPM","νεκροὶ","νεκροὶ","νεκροί","νεκρός"
"46","15","29","D","","οὐκ","οὐκ","οὐ","οὐ"
"46","15","29","V","3PPI-P","ἐγείρονται,","ἐγείρονται","ἐγείρονται","ἐγείρω"
"46","15","29","RI","ASN","τί","τί","τί","τίς"
"46","15","29","D","","καὶ","καὶ","καί","καί"
"46","15","29","V","3PPI-P","βαπτίζονται","βαπτίζονται","βαπτίζονται","βαπτίζω"
"46","15","29","P","","ὑπὲρ","ὑπὲρ","ὑπέρ","ὑπέρ"
"46","15","29","RP","GPM","⸀αὐτῶν;","αὐτῶν","αὐτῶν","αὐτός"
"46","15","30","RI","ASN","τί","τί","τί","τίς"
"46","15","30","D","","καὶ","καὶ","καί","καί"
"46","15","30","RP","NP","ἡμεῖς","ἡμεῖς","ἡμεῖς","ἐγώ"
"46","15","30","V","1PAI-P","κινδυνεύομεν","κινδυνεύομεν","κινδυνεύομεν","κινδυνεύω"
"46","15","30","A","ASF","πᾶσαν","πᾶσαν","πᾶσαν","πᾶς"
"46","15","30","N","ASF","ὥραν;","ὥραν","ὥραν","ὥρα"
"46","15","31","P","","καθ’","καθ’","κατά","κατά"
"46","15","31","N","ASF","ἡμέραν","ἡμέραν","ἡμέραν","ἡμέρα"
"46","15","31","V","1PAI-S","ἀποθνῄσκω,","ἀποθνῄσκω","ἀποθνῄσκω","ἀποθνῄσκω"
"46","15","31","X","","νὴ","νὴ","νή","νή"
"46","15","31","RA","ASF","τὴν","τὴν","τήν","ὁ"
"46","15","31","A","ASF","ὑμετέραν","ὑμετέραν","ὑμετέραν","ὑμέτερος"
"46","15","31","N","ASF","⸀καύχησιν,","καύχησιν","καύχησιν","καύχησις"
"46","15","31","RR","ASF","ἣν","ἣν","ἥν","ὅς"
"46","15","31","V","1PAI-S","ἔχω","ἔχω","ἔχω","ἔχω"
"46","15","31","P","","ἐν","ἐν","ἐν","ἐν"
"46","15","31","N","DSM","Χριστῷ","Χριστῷ","Χριστῷ","Χριστός"
"46","15","31","N","DSM","Ἰησοῦ","Ἰησοῦ","Ἰησοῦ","Ἰησοῦς"
"46","15","31","RA","DSM","τῷ","τῷ","τῷ","ὁ"
"46","15","31","N","DSM","κυρίῳ","κυρίῳ","κυρίῳ","κύριος"
"46","15","31","RP","GP","ἡμῶν.","ἡμῶν","ἡμῶν","ἐγώ"
"46","15","32","C","","εἰ","εἰ","εἰ","εἰ"
"46","15","32","P","","κατὰ","κατὰ","κατά","κατά"
"46","15","32","N","ASM","ἄνθρωπον","ἄνθρωπον","ἄνθρωπον","ἄνθρωπος"
"46","15","32","V","1AAI-S","ἐθηριομάχησα","ἐθηριομάχησα","ἐθηριομάχησα","θηριομαχέω"
"46","15","32","P","","ἐν","ἐν","ἐν","ἐν"
"46","15","32","N","DSF","Ἐφέσῳ,","Ἐφέσῳ","Ἐφέσῳ","Ἔφεσος"
"46","15","32","RI","NSN","τί","τί","τί","τίς"
"46","15","32","RP","DS","μοι","μοι","μοι","ἐγώ"
"46","15","32","RA","NSN","τὸ","τὸ","τό","ὁ"
"46","15","32","N","NSN","ὄφελος;","ὄφελος","ὄφελος","ὄφελος"
"46","15","32","C","","εἰ","εἰ","εἰ","εἰ"
"46","15","32","A","NPM","νεκροὶ","νεκροὶ","νεκροί","νεκρός"
"46","15","32","D","","οὐκ","οὐκ","οὐ","οὐ"
"46","15","32","V","3PPI-P","ἐγείρονται,","ἐγείρονται","ἐγείρονται","ἐγείρω"
"46","15","32","V","1AAS-P","Φάγωμεν","Φάγωμεν","φάγωμεν","ἐσθίω"
"46","15","32","C","","καὶ","καὶ","καί","καί"
"46","15","32","V","1AAS-P","πίωμεν,","πίωμεν","πίωμεν","πίνω"
"46","15","32","D","","αὔριον","αὔριον","αὔριον","αὔριον"
"46","15","32","C","","γὰρ","γὰρ","γάρ","γάρ"
"46","15","32","V","1PAI-P","ἀποθνῄσκομεν.","ἀποθνῄσκομεν","ἀποθνῄσκομεν","ἀποθνῄσκω"
"46","15","33","D","","μὴ","μὴ","μή","μή"
"46","15","33","V","2PPD-P","πλανᾶσθε·","πλανᾶσθε","πλανᾶσθε","πλανάω"
"46","15","33","V","3PAI-P","φθείρουσιν","φθείρουσιν","φθείρουσι(ν)","φθείρω"
"46","15","33","N","APN","ἤθη","ἤθη","ἤθη","ἦθος"
"46","15","33","A","APN","χρηστὰ","χρηστὰ","χρηστά","χρηστός"
"46","15","33","N","NPF","ὁμιλίαι","ὁμιλίαι","ὁμιλίαι","ὁμιλία"
"46","15","33","A","NPF","κακαί.","κακαί","κακαί","κακός"
"46","15","34","V","2AAD-P","ἐκνήψατε","ἐκνήψατε","ἐκνήψατε","ἐκνήφω"
"46","15","34","D","","δικαίως","δικαίως","δικαίως","δικαίως"
"46","15","34","C","","καὶ","καὶ","καί","καί"
"46","15","34","D","","μὴ","μὴ","μή","μή"
"46","15","34","V","2PAD-P","ἁμαρτάνετε,","ἁμαρτάνετε","ἁμαρτάνετε","ἁμαρτάνω"
"46","15","34","N","ASF","ἀγνωσίαν","ἀγνωσίαν","ἀγνωσίαν","ἀγνωσία"
"46","15","34","C","","γὰρ","γὰρ","γάρ","γάρ"
"46","15","34","N","GSM","θεοῦ","θεοῦ","θεοῦ","θεός"
"46","15","34","RI","NPM","τινες","τινες","τινές","τις"
"46","15","34","V","3PAI-P","ἔχουσιν·","ἔχουσιν","ἔχουσι(ν)","ἔχω"
"46","15","34","P","","πρὸς","πρὸς","πρός","πρός"
"46","15","34","N","ASF","ἐντροπὴν","ἐντροπὴν","ἐντροπήν","ἐντροπή"
"46","15","34","RP","DP","ὑμῖν","ὑμῖν","ὑμῖν","σύ"
"46","15","34","V","1PAI-S","⸀λαλῶ.","λαλῶ","λαλῶ","λαλέω"
"46","15","35","C","","Ἀλλὰ","Ἀλλὰ","ἀλλά","ἀλλά"
"46","15","35","V","3FAI-S","ἐρεῖ","ἐρεῖ","ἐρεῖ","λέγω"
"46","15","35","RI","NSM","τις·","τις","τὶς","τις"
"46","15","35","D","","Πῶς","Πῶς","πῶς","πῶς"
"46","15","35","V","3PPI-P","ἐγείρονται","ἐγείρονται","ἐγείρονται","ἐγείρω"
"46","15","35","RA","NPM","οἱ","οἱ","οἱ","ὁ"
"46","15","35","A","NPM","νεκροί,","νεκροί","νεκροί","νεκρός"
"46","15","35","RI","DSN","ποίῳ","ποίῳ","ποίῳ","ποῖος"
"46","15","35","C","","δὲ","δὲ","δέ","δέ"
"46","15","35","N","DSN","σώματι","σώματι","σώματι","σῶμα"
"46","15","35","V","3PMI-P","ἔρχονται;","ἔρχονται","ἔρχονται","ἔρχομαι"
"46","15","36","A","VSM","⸀ἄφρων,","ἄφρων","ἄφρων","ἄφρων"
"46","15","36","RP","NS","σὺ","σὺ","σύ","σύ"
"46","15","36","RR","ASN","ὃ","ὃ","ὅ","ὅς"
"46","15","36","V","2PAI-S","σπείρεις,","σπείρεις","σπείρεις","σπείρω"
"46","15","36","D","","οὐ","οὐ","οὐ","οὐ"
"46","15","36","V","3PPI-S","ζῳοποιεῖται","ζῳοποιεῖται","ζῳοποιεῖται","ζῳοποιέω"
"46","15","36","C","","ἐὰν","ἐὰν","ἐάν","ἐάν"
"46","15","36","D","","μὴ","μὴ","μή","μή"
"46","15","36","V","3AAS-S","ἀποθάνῃ·","ἀποθάνῃ","ἀποθάνῃ","ἀποθνῄσκω"
"46","15","37","C","","καὶ","καὶ","καί","καί"
"46","15","37","RR","ASN","ὃ","ὃ","ὅ","ὅς"
"46","15","37","V","2PAI-S","σπείρεις,","σπείρεις","σπείρεις","σπείρω"
"46","15","37","D","","οὐ","οὐ","οὐ","οὐ"
"46","15","37","RA","ASN","τὸ","τὸ","τό","ὁ"
"46","15","37","N","ASN","σῶμα","σῶμα","σῶμα","σῶμα"
"46","15","37","RA","ASN","τὸ","τὸ","τό","ὁ"
"46","15","37","V","FMPASN","γενησόμενον","γενησόμενον","γενησόμενον","γίνομαι"
"46","15","37","V","2PAI-S","σπείρεις","σπείρεις","σπείρεις","σπείρω"
"46","15","37","C","","ἀλλὰ","ἀλλὰ","ἀλλά","ἀλλά"
"46","15","37","A","ASM","γυμνὸν","γυμνὸν","γυμνόν","γυμνός"
"46","15","37","N","ASM","κόκκον","κόκκον","κόκκον","κόκκος"
"46","15","37","C","","εἰ","εἰ","εἰ","εἰ"
"46","15","37","V","3AAO-S","τύχοι","τύχοι","τύχοι","τυγχάνω"
"46","15","37","N","GSM","σίτου","σίτου","σίτου","σῖτος"
"46","15","37","C","","ἤ","ἤ","ἤ","ἤ"
"46","15","37","RI","GSN","τινος","τινος","τινός","τις"
"46","15","37","RA","GPN","τῶν","τῶν","τῶν","ὁ"
"46","15","37","A","GPN","λοιπῶν·","λοιπῶν","λοιπῶν","λοιπός"
"46","15","38","RA","NSM","ὁ","ὁ","ὁ","ὁ"
"46","15","38","C","","δὲ","δὲ","δέ","δέ"
"46","15","38","N","NSM","θεὸς","θεὸς","θεός","θεός"
"46","15","38","V","3PAI-S","⸂δίδωσιν","δίδωσιν","δίδωσι(ν)","δίδωμι"
"46","15","38","RP","DSM","αὐτῷ⸃","αὐτῷ","αὐτῷ","αὐτός"
"46","15","38","N","ASN","σῶμα","σῶμα","σῶμα","σῶμα"
"46","15","38","C","","καθὼς","καθὼς","καθώς","καθώς"
"46","15","38","V","3AAI-S","ἠθέλησεν,","ἠθέλησεν","ἠθέλησε(ν)","θέλω"
"46","15","38","C","","καὶ","καὶ","καί","καί"
"46","15","38","A","DSM","ἑκάστῳ","ἑκάστῳ","ἑκάστῳ","ἕκαστος"
"46","15","38","RA","GPN","τῶν","τῶν","τῶν","ὁ"
"46","15","38","N","GPN","σπερμάτων","σπερμάτων","σπερμάτων","σπέρμα"
"46","15","38","A","ASN","⸀ἴδιον","ἴδιον","ἴδιον","ἴδιος"
"46","15","38","N","ASN","σῶμα.","σῶμα","σῶμα","σῶμα"
"46","15","39","D","","οὐ","οὐ","οὐ","οὐ"
"46","15","39","A","NSF","πᾶσα","πᾶσα","πᾶσα","πᾶς"
"46","15","39","N","NSF","σὰρξ","σὰρξ","σάρξ","σάρξ"
"46","15","39","RA","NSF","ἡ","ἡ","ἡ","ὁ"
"46","15","39","A","NSF","αὐτὴ","αὐτὴ","αὐτή","αὐτός"
"46","15","39","N","NSF","σάρξ,","σάρξ","σάρξ","σάρξ"
"46","15","39","C","","ἀλλὰ","ἀλλὰ","ἀλλά","ἀλλά"
"46","15","39","A","NSF","ἄλλη","ἄλλη","ἄλλη","ἄλλος"
"46","15","39","C","","μὲν","μὲν","μέν","μέν"
"46","15","39","N","GPM","ἀνθρώπων,","ἀνθρώπων","ἀνθρώπων","ἄνθρωπος"
"46","15","39","A","NSF","ἄλλη","ἄλλη","ἄλλη","ἄλλος"
"46","15","39","C","","δὲ","δὲ","δέ","δέ"
"46","15","39","N","NSF","σὰρξ","σὰρξ","σάρξ","σάρξ"
"46","15","39","N","GPN","κτηνῶν,","κτηνῶν","κτηνῶν","κτῆνος"
"46","15","39","A","NSF","ἄλλη","ἄλλη","ἄλλη","ἄλλος"
"46","15","39","C","","δὲ","δὲ","δέ","δέ"
"46","15","39","N","NSF","⸂σὰρξ","σὰρξ","σάρξ","σάρξ"
"46","15","39","A","GPN","πτηνῶν⸃,","πτηνῶν","πτηνῶν","πτηνόν"
"46","15","39","A","NSF","ἄλλη","ἄλλη","ἄλλη","ἄλλος"
"46","15","39","C","","δὲ","δὲ","δέ","δέ"
"46","15","39","N","GPM","⸀ἰχθύων.","ἰχθύων","ἰχθύων","ἰχθύς"
"46","15","40","C","","καὶ","καὶ","καί","καί"
"46","15","40","N","NPN","σώματα","σώματα","σώματα","σῶμα"
"46","15","40","A","NPN","ἐπουράνια,","ἐπουράνια","ἐπουράνια","ἐπουράνιος"
"46","15","40","C","","καὶ","καὶ","καί","καί"
"46","15","40","N","NPN","σώματα","σώματα","σώματα","σῶμα"
"46","15","40","A","NPN","ἐπίγεια·","ἐπίγεια","ἐπίγεια","ἐπίγειος"
"46","15","40","C","","ἀλλὰ","ἀλλὰ","ἀλλά","ἀλλά"
"46","15","40","A","NSF","ἑτέρα","ἑτέρα","ἑτέρα","ἕτερος"
"46","15","40","C","","μὲν","μὲν","μέν","μέν"
"46","15","40","RA","NSF","ἡ","ἡ","ἡ","ὁ"
"46","15","40","RA","GPN","τῶν","τῶν","τῶν","ὁ"
"46","15","40","A","GPN","ἐπουρανίων","ἐπουρανίων","ἐπουρανίων","ἐπουράνιος"
"46","15","40","N","NSF","δόξα,","δόξα","δόξα","δόξα"
"46","15","40","A","NSF","ἑτέρα","ἑτέρα","ἑτέρα","ἕτερος"
"46","15","40","C","","δὲ","δὲ","δέ","δέ"
"46","15","40","RA","NSF","ἡ","ἡ","ἡ","ὁ"
"46","15","40","RA","GPN","τῶν","τῶν","τῶν","ὁ"
"46","15","40","A","GPN","ἐπιγείων.","ἐπιγείων","ἐπιγείων","ἐπίγειος"
"46","15","41","A","NSF","ἄλλη","ἄλλη","ἄλλη","ἄλλος"
"46","15","41","N","NSF","δόξα","δόξα","δόξα","δόξα"
"46","15","41","N","GSM","ἡλίου,","ἡλίου","ἡλίου","ἥλιος"
"46","15","41","C","","καὶ","καὶ","καί","καί"
"46","15","41","A","NSF","ἄλλη","ἄλλη","ἄλλη","ἄλλος"
"46","15","41","N","NSF","δόξα","δόξα","δόξα","δόξα"
"46","15","41","N","GSF","σελήνης,","σελήνης","σελήνης","σελήνη"
"46","15","41","C","","καὶ","καὶ","καί","καί"
"46","15","41","A","NSF","ἄλλη","ἄλλη","ἄλλη","ἄλλος"
"46","15","41","N","NSF","δόξα","δόξα","δόξα","δόξα"
"46","15","41","N","GPM","ἀστέρων,","ἀστέρων","ἀστέρων","ἀστήρ"
"46","15","41","N","NSM","ἀστὴρ","ἀστὴρ","ἀστήρ","ἀστήρ"
"46","15","41","C","","γὰρ","γὰρ","γάρ","γάρ"
"46","15","41","N","GSM","ἀστέρος","ἀστέρος","ἀστέρος","ἀστήρ"
"46","15","41","V","3PAI-S","διαφέρει","διαφέρει","διαφέρει","διαφέρω"
"46","15","41","P","","ἐν","ἐν","ἐν","ἐν"
"46","15","41","N","DSF","δόξῃ.","δόξῃ","δόξῃ","δόξα"
"46","15","42","D","","Οὕτως","Οὕτως","οὕτω(ς)","οὕτω(ς)"
"46","15","42","D","","καὶ","καὶ","καί","καί"
"46","15","42","RA","NSF","ἡ","ἡ","ἡ","ὁ"
"46","15","42","N","NSF","ἀνάστασις","ἀνάστασις","ἀνάστασις","ἀνάστασις"
"46","15","42","RA","GPM","τῶν","τῶν","τῶν","ὁ"
"46","15","42","A","GPM","νεκρῶν.","νεκρῶν","νεκρῶν","νεκρός"
"46","15","42","V","3PPI-S","σπείρεται","σπείρεται","σπείρεται","σπείρω"
"46","15","42","P","","ἐν","ἐν","ἐν","ἐν"
"46","15","42","N","DSF","φθορᾷ,","φθορᾷ","φθορᾷ","φθορά"
"46","15","42","V","3PPI-S","ἐγείρεται","ἐγείρεται","ἐγείρεται","ἐγείρω"
"46","15","42","P","","ἐν","ἐν","ἐν","ἐν"
"46","15","42","N","DSF","ἀφθαρσίᾳ·","ἀφθαρσίᾳ","ἀφθαρσίᾳ","ἀφθαρσία"
"46","15","43","V","3PPI-S","σπείρεται","σπείρεται","σπείρεται","σπείρω"
"46","15","43","P","","ἐν","ἐν","ἐν","ἐν"
"46","15","43","N","DSF","ἀτιμίᾳ,","ἀτιμίᾳ","ἀτιμίᾳ","ἀτιμία"
"46","15","43","V","3PPI-S","ἐγείρεται","ἐγείρεται","ἐγείρεται","ἐγείρω"
"46","15","43","P","","ἐν","ἐν","ἐν","ἐν"
"46","15","43","N","DSF","δόξῃ·","δόξῃ","δόξῃ","δόξα"
"46","15","43","V","3PPI-S","σπείρεται","σπείρεται","σπείρεται","σπείρω"
"46","15","43","P","","ἐν","ἐν","ἐν","ἐν"
"46","15","43","N","DSF","ἀσθενείᾳ,","ἀσθενείᾳ","ἀσθενείᾳ","ἀσθένεια"
"46","15","43","V","3PPI-S","ἐγείρεται","ἐγείρεται","ἐγείρεται","ἐγείρω"
"46","15","43","P","","ἐν","ἐν","ἐν","ἐν"
"46","15","43","N","DSF","δυνάμει·","δυνάμει","δυνάμει","δύναμις"
"46","15","44","V","3PPI-S","σπείρεται","σπείρεται","σπείρεται","σπείρω"
"46","15","44","N","NSN","σῶμα","σῶμα","σῶμα","σῶμα"
"46","15","44","A","NSN","ψυχικόν,","ψυχικόν","ψυχικόν","ψυχικός"
"46","15","44","V","3PPI-S","ἐγείρεται","ἐγείρεται","ἐγείρεται","ἐγείρω"
"46","15","44","N","NSN","σῶμα","σῶμα","σῶμα","σῶμα"
"46","15","44","A","NSN","πνευματικόν.","πνευματικόν","πνευματικόν","πνευματικός"
"46","15","44","C","","⸀Εἰ","Εἰ","εἰ","εἰ"
"46","15","44","V","3PAI-S","ἔστιν","ἔστιν","ἐστί(ν)","εἰμί"
"46","15","44","N","NSN","σῶμα","σῶμα","σῶμα","σῶμα"
"46","15","44","A","NSN","ψυχικόν,","ψυχικόν","ψυχικόν","ψυχικός"
"46","15","44","V","3PAI-S","⸂ἔστιν","ἔστιν","ἐστί(ν)","εἰμί"
"46","15","44","D","","καὶ⸃","καὶ","καί","καί"
"46","15","44","A","NSN","πνευματικόν.","πνευματικόν","πνευματικόν","πνευματικός"
"46","15","45","D","","οὕτως","οὕτως","οὕτω(ς)","οὕτω(ς)"
"46","15","45","D","","καὶ","καὶ","καί","καί"
"46","15","45","V","3XPI-S","γέγραπται·","γέγραπται","γέγραπται","γράφω"
"46","15","45","V","3AMI-S","Ἐγένετο","Ἐγένετο","ἐγένετο","γίνομαι"
"46","15","45","RA","NSM","ὁ","ὁ","ὁ","ὁ"
"46","15","45","A","NSM","πρῶτος","πρῶτος","πρῶτος","πρῶτος"
"46","15","45","N","NSM","ἄνθρωπος","ἄνθρωπος","ἄνθρωπος","ἄνθρωπος"
"46","15","45","N","NSM","Ἀδὰμ","Ἀδὰμ","Ἀδάμ","Ἀδάμ"
"46","15","45","P","","εἰς","εἰς","εἰς","εἰς"
"46","15","45","N","ASF","ψυχὴν","ψυχὴν","ψυχήν","ψυχή"
"46","15","45","V","PAPASF","ζῶσαν·","ζῶσαν","ζῶσαν","ζάω"
"46","15","45","RA","NSM","ὁ","ὁ","ὁ","ὁ"
"46","15","45","A","NSM","ἔσχατος","ἔσχατος","ἔσχατος","ἔσχατος"
"46","15","45","N","NSM","Ἀδὰμ","Ἀδὰμ","Ἀδάμ","Ἀδάμ"
"46","15","45","P","","εἰς","εἰς","εἰς","εἰς"
"46","15","45","N","ASN","πνεῦμα","πνεῦμα","πνεῦμα","πνεῦμα"
"46","15","45","V","PAPASN","ζῳοποιοῦν.","ζῳοποιοῦν","ζῳοποιοῦν","ζῳοποιέω"
"46","15","46","C","","ἀλλ’","ἀλλ’","ἀλλά","ἀλλά"
"46","15","46","D","","οὐ","οὐ","οὐ","οὐ"
"46","15","46","A","NSN","πρῶτον","πρῶτον","πρῶτον","πρῶτος"
"46","15","46","RA","NSN","τὸ","τὸ","τό","ὁ"
"46","15","46","A","NSN","πνευματικὸν","πνευματικὸν","πνευματικόν","πνευματικός"
"46","15","46","C","","ἀλλὰ","ἀλλὰ","ἀλλά","ἀλλά"
"46","15","46","RA","NSN","τὸ","τὸ","τό","ὁ"
"46","15","46","A","NSN","ψυχικόν,","ψυχικόν","ψυχικόν","ψυχικός"
"46","15","46","D","","ἔπειτα","ἔπειτα","ἔπειτα","ἔπειτα"
"46","15","46","RA","NSN","τὸ","τὸ","τό","ὁ"
"46","15","46","A","NSN","πνευματικόν.","πνευματικόν","πνευματικόν","πνευματικός"
"46","15","47","RA","NSM","ὁ","ὁ","ὁ","ὁ"
"46","15","47","A","NSM","πρῶτος","πρῶτος","πρῶτος","πρῶτος"
"46","15","47","N","NSM","ἄνθρωπος","ἄνθρωπος","ἄνθρωπος","ἄνθρωπος"
"46","15","47","P","","ἐκ","ἐκ","ἐκ","ἐκ"
"46","15","47","N","GSF","γῆς","γῆς","γῆς","γῆ"
"46","15","47","A","NSM","χοϊκός,","χοϊκός","χοϊκός","χοϊκός"
"46","15","47","RA","NSM","ὁ","ὁ","ὁ","ὁ"
"46","15","47","A","NSM","δεύτερος","δεύτερος","δεύτερος","δεύτερος"
"46","15","47","N","NSM","⸀ἄνθρωπος","ἄνθρωπος","ἄνθρωπος","ἄνθρωπος"
"46","15","47","P","","ἐξ","ἐξ","ἐκ","ἐκ"
"46","15","47","N","GSM","οὐρανοῦ.","οὐρανοῦ","οὐρανοῦ","οὐρανός"
"46","15","48","RR","NSM","οἷος","οἷος","οἷος","οἷος"
"46","15","48","RA","NSM","ὁ","ὁ","ὁ","ὁ"
"46","15","48","A","NSM","χοϊκός,","χοϊκός","χοϊκός","χοϊκός"
"46","15","48","RD","NPM","τοιοῦτοι","τοιοῦτοι","τοιοῦτοι","τοιοῦτος"
"46","15","48","D","","καὶ","καὶ","καί","καί"
"46","15","48","RA","NPM","οἱ","οἱ","οἱ","ὁ"
"46","15","48","A","NPM","χοϊκοί,","χοϊκοί","χοϊκοί","χοϊκός"
"46","15","48","C","","καὶ","καὶ","καί","καί"
"46","15","48","RR","NSM","οἷος","οἷος","οἷος","οἷος"
"46","15","48","RA","NSM","ὁ","ὁ","ὁ","ὁ"
"46","15","48","A","NSM","ἐπουράνιος,","ἐπουράνιος","ἐπουράνιος","ἐπουράνιος"
"46","15","48","RD","NPM","τοιοῦτοι","τοιοῦτοι","τοιοῦτοι","τοιοῦτος"
"46","15","48","D","","καὶ","καὶ","καί","καί"
"46","15","48","RA","NPM","οἱ","οἱ","οἱ","ὁ"
"46","15","48","A","NPM","ἐπουράνιοι·","ἐπουράνιοι","ἐπουράνιοι","ἐπουράνιος"
"46","15","49","C","","καὶ","καὶ","καί","καί"
"46","15","49","C","","καθὼς","καθὼς","καθώς","καθώς"
"46","15","49","V","1AAI-P","ἐφορέσαμεν","ἐφορέσαμεν","ἐφορέσαμεν","φορέω"
"46","15","49","RA","ASF","τὴν","τὴν","τήν","ὁ"
"46","15","49","N","ASF","εἰκόνα","εἰκόνα","εἰκόνα","εἰκών"
"46","15","49","RA","GSM","τοῦ","τοῦ","τοῦ","ὁ"
"46","15","49","A","GSM","χοϊκοῦ,","χοϊκοῦ","χοϊκοῦ","χοϊκός"
"46","15","49","V","1FAI-P","⸀φορέσομεν","φορέσομεν","φορέσομεν","φορέω"
"46","15","49","D","","καὶ","καὶ","καί","καί"
"46","15","49","RA","ASF","τὴν","τὴν","τήν","ὁ"
"46","15","49","N","ASF","εἰκόνα","εἰκόνα","εἰκόνα","εἰκών"
"46","15","49","RA","GSM","τοῦ","τοῦ","τοῦ","ὁ"
"46","15","49","A","GSM","ἐπουρανίου.","ἐπουρανίου","ἐπουρανίου","ἐπουράνιος"
"46","15","50","RD","ASN","Τοῦτο","Τοῦτο","τοῦτο","οὗτος"
"46","15","50","C","","δέ","δέ","δέ","δέ"
"46","15","50","V","1PAI-S","φημι,","φημι","φημί","φημί"
"46","15","50","N","VPM","ἀδελφοί,","ἀδελφοί","ἀδελφοί","ἀδελφός"
"46","15","50","D","","ὅτι","ὅτι","ὅτι","ὅτι"
"46","15","50","N","NSF","σὰρξ","σὰρξ","σάρξ","σάρξ"
"46","15","50","C","","καὶ","καὶ","καί","καί"
"46","15","50","N","NSN","αἷμα","αἷμα","αἷμα","αἷμα"
"46","15","50","N","ASF","βασιλείαν","βασιλείαν","βασιλείαν","βασιλεία"
"46","15","50","N","GSM","θεοῦ","θεοῦ","θεοῦ","θεός"
"46","15","50","V","AAN","κληρονομῆσαι","κληρονομῆσαι","κληρονομῆσαι","κληρονομέω"
"46","15","50","D","","οὐ","οὐ","οὐ","οὐ"
"46","15","50","V","3PMI-S","⸀δύναται,","δύναται","δύναται","δύναμαι"
"46","15","50","C","","οὐδὲ","οὐδὲ","οὐδέ","οὐδέ"
"46","15","50","RA","NSF","ἡ","ἡ","ἡ","ὁ"
"46","15","50","N","NSF","φθορὰ","φθορὰ","φθορά","φθορά"
"46","15","50","RA","ASF","τὴν","τὴν","τήν","ὁ"
"46","15","50","N","ASF","ἀφθαρσίαν","ἀφθαρσίαν","ἀφθαρσίαν","ἀφθαρσία"
"46","15","50","V","3PAI-S","κληρονομεῖ.","κληρονομεῖ","κληρονομεῖ","κληρονομέω"
"46","15","51","X","","ἰδοὺ","ἰδοὺ","ἰδού","ἰδού"
"46","15","51","N","ASN","μυστήριον","μυστήριον","μυστήριον","μυστήριον"
"46","15","51","RP","DP","ὑμῖν","ὑμῖν","ὑμῖν","σύ"
"46","15","51","V","1PAI-S","λέγω·","λέγω","λέγω","λέγω"
"46","15","51","A","NPM","⸀πάντες","πάντες","πάντες","πᾶς"
"46","15","51","D","","οὐ","οὐ","οὐ","οὐ"
"46","15","51","V","1FPI-P","κοιμηθησόμεθα","κοιμηθησόμεθα","κοιμηθησόμεθα","κοιμάομαι"
"46","15","51","A","NPM","πάντες","πάντες","πάντες","πᾶς"
"46","15","51","C","","δὲ","δὲ","δέ","δέ"
"46","15","51","V","1FPI-P","ἀλλαγησόμεθα,","ἀλλαγησόμεθα","ἀλλαγησόμεθα","ἀλλάσσω"
"46","15","52","P","","ἐν","ἐν","ἐν","ἐν"
"46","15","52","A","DSN","ἀτόμῳ,","ἀτόμῳ","ἀτόμῳ","ἄτομος"
"46","15","52","P","","ἐν","ἐν","ἐν","ἐν"
"46","15","52","N","DSF","ῥιπῇ","ῥιπῇ","ῥιπῇ","ῥιπή"
"46","15","52","N","GSM","ὀφθαλμοῦ,","ὀφθαλμοῦ","ὀφθαλμοῦ","ὀφθαλμός"
"46","15","52","P","","ἐν","ἐν","ἐν","ἐν"
"46","15","52","RA","DSF","τῇ","τῇ","τῇ","ὁ"
"46","15","52","A","DSF","ἐσχάτῃ","ἐσχάτῃ","ἐσχάτῃ","ἔσχατος"
"46","15","52","N","DSF","σάλπιγγι·","σάλπιγγι","σάλπιγγι","σάλπιγξ"
"46","15","52","V","3FAI-S","σαλπίσει","σαλπίσει","σαλπίσει","σαλπίζω"
"46","15","52","C","","γάρ,","γάρ","γάρ","γάρ"
"46","15","52","C","","καὶ","καὶ","καί","καί"
"46","15","52","RA","NPM","οἱ","οἱ","οἱ","ὁ"
"46","15","52","A","NPM","νεκροὶ","νεκροὶ","νεκροί","νεκρός"
"46","15","52","V","3FPI-P","ἐγερθήσονται","ἐγερθήσονται","ἐγερθήσονται","ἐγείρω"
"46","15","52","A","NPM","ἄφθαρτοι,","ἄφθαρτοι","ἄφθαρτοι","ἄφθαρτος"
"46","15","52","C","","καὶ","καὶ","καί","καί"
"46","15","52","RP","NP","ἡμεῖς","ἡμεῖς","ἡμεῖς","ἐγώ"
"46","15","52","V","1FPI-P","ἀλλαγησόμεθα.","ἀλλαγησόμεθα","ἀλλαγησόμεθα","ἀλλάσσω"
"46","15","53","V","3PAI-S","δεῖ","δεῖ","δεῖ","δέω"
"46","15","53","C","","γὰρ","γὰρ","γάρ","γάρ"
"46","15","53","RA","ASN","τὸ","τὸ","τό","ὁ"
"46","15","53","A","ASN","φθαρτὸν","φθαρτὸν","φθαρτόν","φθαρτός"
"46","15","53","RD","ASN","τοῦτο","τοῦτο","τοῦτο","οὗτος"
"46","15","53","V","AMN","ἐνδύσασθαι","ἐνδύσασθαι","ἐνδύσασθαι","ἐνδύω"
"46","15","53","N","ASF","ἀφθαρσίαν","ἀφθαρσίαν","ἀφθαρσίαν","ἀφθαρσία"
"46","15","53","C","","καὶ","καὶ","καί","καί"
"46","15","53","RA","ASN","τὸ","τὸ","τό","ὁ"
"46","15","53","A","ASN","θνητὸν","θνητὸν","θνητόν","θνητός"
"46","15","53","RD","ASN","τοῦτο","τοῦτο","τοῦτο","οὗτος"
"46","15","53","V","AMN","ἐνδύσασθαι","ἐνδύσασθαι","ἐνδύσασθαι","ἐνδύω"
"46","15","53","N","ASF","ἀθανασίαν.","ἀθανασίαν","ἀθανασίαν","ἀθανασία"
"46","15","54","C","","ὅταν","ὅταν","ὅταν","ὅταν"
"46","15","54","C","","δὲ","δὲ","δέ","δέ"
"46","15","54","RA","NSN","τὸ","τὸ","τό","ὁ"
"46","15","54","A","NSN","⸂φθαρτὸν","φθαρτὸν","φθαρτόν","φθαρτός"
"46","15","54","RD","NSN","τοῦτο","τοῦτο","τοῦτο","οὗτος"
"46","15","54","V","3AMS-S","ἐνδύσηται","ἐνδύσηται","ἐνδύσηται","ἐνδύω"
"46","15","54","N","ASF","ἀφθαρσίαν","ἀφθαρσίαν","ἀφθαρσίαν","ἀφθαρσία"
"46","15","54","C","","καὶ","καὶ","καί","καί"
"46","15","54","RA","NSN","τὸ⸃","τὸ","τό","ὁ"
"46","15","54","A","NSN","θνητὸν","θνητὸν","θνητόν","θνητός"
"46","15","54","RD","NSN","τοῦτο","τοῦτο","τοῦτο","οὗτος"
"46","15","54","V","3AMS-S","ἐνδύσηται","ἐνδύσηται","ἐνδύσηται","ἐνδύω"
"46","15","54","N","ASF","⸀ἀθανασίαν,","ἀθανασίαν","ἀθανασίαν","ἀθανασία"
"46","15","54","D","","τότε","τότε","τότε","τότε"
"46","15","54","V","3FMI-S","γενήσεται","γενήσεται","γενήσεται","γίνομαι"
"46","15","54","RA","NSM","ὁ","ὁ","ὁ","ὁ"
"46","15","54","N","NSM","λόγος","λόγος","λόγος","λόγος"
"46","15","54","RA","NSM","ὁ","ὁ","ὁ","ὁ"
"46","15","54","V","XPPNSM","γεγραμμένος·","γεγραμμένος","γεγραμμένος","γράφω"
"46","15","54","V","3API-S","Κατεπόθη","Κατεπόθη","κατεπόθη","καταπίνω"
"46","15","54","RA","NSM","ὁ","ὁ","ὁ","ὁ"
"46","15","54","N","NSM","θάνατος","θάνατος","θάνατος","θάνατος"
"46","15","54","P","","εἰς","εἰς","εἰς","εἰς"
"46","15","54","N","ASN","νῖκος.","νῖκος","νῖκος","νῖκος"
"46","15","55","D","","ποῦ","ποῦ","ποῦ","ποῦ"
"46","15","55","RP","GS","σου,","σου","σου","σύ"
"46","15","55","N","VSM","θάνατε,","θάνατε","θάνατε","θάνατος"
"46","15","55","RA","NSN","τὸ","τὸ","τό","ὁ"
"46","15","55","N","NSN","⸂νῖκος;","νῖκος","νῖκος","νῖκος"
"46","15","55","D","","ποῦ","ποῦ","ποῦ","ποῦ"
"46","15","55","RP","GS","σου,","σου","σου","σύ"
"46","15","55","N","VSM","θάνατε,","θάνατε","θάνατε","θάνατος"
"46","15","55","RA","NSN","τὸ","τὸ","τό","ὁ"
"46","15","55","N","NSN","κέντρον⸃;","κέντρον","κέντρον","κέντρον"
"46","15","56","RA","NSN","τὸ","τὸ","τό","ὁ"
"46","15","56","C","","δὲ","δὲ","δέ","δέ"
"46","15","56","N","NSN","κέντρον","κέντρον","κέντρον","κέντρον"
"46","15","56","RA","GSM","τοῦ","τοῦ","τοῦ","ὁ"
"46","15","56","N","GSM","θανάτου","θανάτου","θανάτου","θάνατος"
"46","15","56","RA","NSF","ἡ","ἡ","ἡ","ὁ"
"46","15","56","N","NSF","ἁμαρτία,","ἁμαρτία","ἁμαρτία","ἁμαρτία"
"46","15","56","RA","NSF","ἡ","ἡ","ἡ","ὁ"
"46","15","56","C","","δὲ","δὲ","δέ","δέ"
"46","15","56","N","NSF","δύναμις","δύναμις","δύναμις","δύναμις"
"46","15","56","RA","GSF","τῆς","τῆς","τῆς","ὁ"
"46","15","56","N","GSF","ἁμαρτίας","ἁμαρτίας","ἁμαρτίας","ἁμαρτία"
"46","15","56","RA","NSM","ὁ","ὁ","ὁ","ὁ"
"46","15","56","N","NSM","νόμος·","νόμος","νόμος","νόμος"
"46","15","57","RA","DSM","τῷ","τῷ","τῷ","ὁ"
"46","15","57","C","","δὲ","δὲ","δέ","δέ"
"46","15","57","N","DSM","θεῷ","θεῷ","θεῷ","θεός"
"46","15","57","N","NSF","χάρις","χάρις","χάρις","χάρις"
"46","15","57","RA","DSM","τῷ","τῷ","τῷ","ὁ"
"46","15","57","V","PAPDSM","διδόντι","διδόντι","διδόντι","δίδωμι"
"46","15","57","RP","DP","ἡμῖν","ἡμῖν","ἡμῖν","ἐγώ"
"46","15","57","RA","ASN","τὸ","τὸ","τό","ὁ"
"46","15","57","N","ASN","νῖκος","νῖκος","νῖκος","νῖκος"
"46","15","57","P","","διὰ","διὰ","διά","διά"
"46","15","57","RA","GSM","τοῦ","τοῦ","τοῦ","ὁ"
"46","15","57","N","GSM","κυρίου","κυρίου","κυρίου","κύριος"
"46","15","57","RP","GP","ἡμῶν","ἡμῶν","ἡμῶν","ἐγώ"
"46","15","57","N","GSM","Ἰησοῦ","Ἰησοῦ","Ἰησοῦ","Ἰησοῦς"
"46","15","57","N","GSM","Χριστοῦ.","Χριστοῦ","Χριστοῦ","Χριστός"
"46","15","58","C","","Ὥστε,","Ὥστε","ὥστε","ὥστε"
"46","15","58","N","VPM","ἀδελφοί","ἀδελφοί","ἀδελφοί","ἀδελφός"
"46","15","58","RP","GS","μου","μου","μου","ἐγώ"
"46","15","58","A","VPM","ἀγαπητοί,","ἀγαπητοί","ἀγαπητοί","ἀγαπητός"
"46","15","58","A","NPM","ἑδραῖοι","ἑδραῖοι","ἑδραῖοι","ἑδραῖος"
"46","15","58","V","2PMD-P","γίνεσθε,","γίνεσθε","γίνεσθε","γίνομαι"
"46","15","58","A","NPM","ἀμετακίνητοι,","ἀμετακίνητοι","ἀμετακίνητοι","ἀμετακίνητος"
"46","15","58","V","PAPNPM","περισσεύοντες","περισσεύοντες","περισσεύοντες","περισσεύω"
"46","15","58","P","","ἐν","ἐν","ἐν","ἐν"
"46","15","58","RA","DSN","τῷ","τῷ","τῷ","ὁ"
"46","15","58","N","DSN","ἔργῳ","ἔργῳ","ἔργῳ","ἔργον"
"46","15","58","RA","GSM","τοῦ","τοῦ","τοῦ","ὁ"
"46","15","58","N","GSM","κυρίου","κυρίου","κυρίου","κύριος"
"46","15","58","D","","πάντοτε,","πάντοτε","πάντοτε","πάντοτε"
"46","15","58","V","XAPNPM","εἰδότες","εἰδότες","εἰδότες","οἶδα"
"46","15","58","C","","ὅτι","ὅτι","ὅτι","ὅτι"
"46","15","58","RA","NSM","ὁ","ὁ","ὁ","ὁ"
"46","15","58","N","NSM","κόπος","κόπος","κόπος","κόπος"
"46","15","58","RP","GP","ὑμῶν","ὑμῶν","ὑμῶν","σύ"
"46","15","58","D","","οὐκ","οὐκ","οὐ","οὐ"
"46","15","58","V","3PAI-S","ἔστιν","ἔστιν","ἐστί(ν)","εἰμί"
"46","15","58","A","NSM","κενὸς","κενὸς","κενός","κενός"
"46","15","58","P","","ἐν","ἐν","ἐν","ἐν"
"46","15","58","N","DSM","κυρίῳ.","κυρίῳ","κυρίῳ","κύριος"
"46","16","01","P","","Περὶ","Περὶ","περί","περί"
"46","16","01","C","","δὲ","δὲ","δέ","δέ"
"46","16","01","RA","GSF","τῆς","τῆς","τῆς","ὁ"
"46","16","01","N","GSF","λογείας","λογείας","λογείας","λογεία"
"46","16","01","RA","GSF","τῆς","τῆς","τῆς","ὁ"
"46","16","01","P","","εἰς","εἰς","εἰς","εἰς"
"46","16","01","RA","APM","τοὺς","τοὺς","τούς","ὁ"
"46","16","01","A","APM","ἁγίους,","ἁγίους","ἁγίους","ἅγιος"
"46","16","01","C","","ὥσπερ","ὥσπερ","ὥσπερ","ὥσπερ"
"46","16","01","V","1AAI-S","διέταξα","διέταξα","διέταξα","διατάσσω"
"46","16","01","RA","DPF","ταῖς","ταῖς","ταῖς","ὁ"
"46","16","01","N","DPF","ἐκκλησίαις","ἐκκλησίαις","ἐκκλησίαις","ἐκκλησία"
"46","16","01","RA","GSF","τῆς","τῆς","τῆς","ὁ"
"46","16","01","N","GSF","Γαλατίας,","Γαλατίας","Γαλατίας","Γαλατία"
"46","16","01","D","","οὕτως","οὕτως","οὕτω(ς)","οὕτω(ς)"
"46","16","01","D","","καὶ","καὶ","καί","καί"
"46","16","01","RP","NP","ὑμεῖς","ὑμεῖς","ὑμεῖς","σύ"
"46","16","01","V","2AAD-P","ποιήσατε.","ποιήσατε","ποιήσατε","ποιέω"
"46","16","02","P","","κατὰ","κατὰ","κατά","κατά"
"46","16","02","A","ASF","μίαν","μίαν","μίαν","εἷς"
"46","16","02","N","GSN","⸀σαββάτου","σαββάτου","σαββάτου","σάββατον"
"46","16","02","A","NSM","ἕκαστος","ἕκαστος","ἕκαστος","ἕκαστος"
"46","16","02","RP","GP","ὑμῶν","ὑμῶν","ὑμῶν","σύ"
"46","16","02","P","","παρ’","παρ’","παρά","παρά"
"46","16","02","RP","DSM","ἑαυτῷ","ἑαυτῷ","ἑαυτῷ","ἑαυτοῦ"
"46","16","02","V","3PAD-S","τιθέτω","τιθέτω","τιθέτω","τίθημι"
"46","16","02","V","PAPNSM","θησαυρίζων","θησαυρίζων","θησαυρίζων","θησαυρίζω"
"46","16","02","RR","ASN","ὅ","ὅ","ὅ","ὅς"
"46","16","02","RI","ASN","τι","τι","τὶ","τις"
"46","16","02","X","","⸀ἐὰν","ἐὰν","ἐάν","ἐάν"
"46","16","02","V","3PPS-S","εὐοδῶται,","εὐοδῶται","εὐοδῶται","εὐοδόομαι"
"46","16","02","C","","ἵνα","ἵνα","ἵνα","ἵνα"
"46","16","02","D","","μὴ","μὴ","μή","μή"
"46","16","02","C","","ὅταν","ὅταν","ὅταν","ὅταν"
"46","16","02","V","1AAS-S","ἔλθω","ἔλθω","ἔλθω","ἔρχομαι"
"46","16","02","D","","τότε","τότε","τότε","τότε"
"46","16","02","N","NPF","λογεῖαι","λογεῖαι","λογεῖαι","λογεία"
"46","16","02","V","3PMS-P","γίνωνται.","γίνωνται","γίνωνται","γίνομαι"
"46","16","03","C","","ὅταν","ὅταν","ὅταν","ὅταν"
"46","16","03","C","","δὲ","δὲ","δέ","δέ"
"46","16","03","V","1AMS-S","παραγένωμαι,","παραγένωμαι","παραγένωμαι","παραγίνομαι"
"46","16","03","RR","APM","οὓς","οὓς","οὕς","ὅς"
"46","16","03","X","","⸀ἐὰν","ἐὰν","ἐάν","ἐάν"
"46","16","03","V","2AAS-P","δοκιμάσητε","δοκιμάσητε","δοκιμάσητε","δοκιμάζω"
"46","16","03","P","","δι’","δι’","διά","διά"
"46","16","03","N","GPF","ἐπιστολῶν,","ἐπιστολῶν","ἐπιστολῶν","ἐπιστολή"
"46","16","03","RD","APM","τούτους","τούτους","τούτους","οὗτος"
"46","16","03","V","1FAI-S","πέμψω","πέμψω","πέμψω","πέμπω"
"46","16","03","V","AAN","ἀπενεγκεῖν","ἀπενεγκεῖν","ἀπενεγκεῖν","ἀποφέρω"
"46","16","03","RA","ASF","τὴν","τὴν","τήν","ὁ"
"46","16","03","N","ASF","χάριν","χάριν","χάριν","χάρις"
"46","16","03","RP","GP","ὑμῶν","ὑμῶν","ὑμῶν","σύ"
"46","16","03","P","","εἰς","εἰς","εἰς","εἰς"
"46","16","03","N","ASF","Ἰερουσαλήμ·","Ἰερουσαλήμ","Ἰερουσαλήμ","Ἰερουσαλήμ"
"46","16","04","C","","ἐὰν","ἐὰν","ἐάν","ἐάν"
"46","16","04","C","","δὲ","δὲ","δέ","δέ"
"46","16","04","A","NSN","⸂ἄξιον","ἄξιον","ἄξιον","ἄξιος"
"46","16","04","V","3PAS-S","ᾖ⸃","ᾖ","ᾖ","εἰμί"
"46","16","04","RA","GSN","τοῦ","τοῦ","τοῦ","ὁ"
"46","16","04","RP","AS","κἀμὲ","κἀμὲ","κἀμέ","κἀγώ"
"46","16","04","V","PMN","πορεύεσθαι,","πορεύεσθαι","πορεύεσθαι","πορεύομαι"
"46","16","04","P","","σὺν","σὺν","σύν","σύν"
"46","16","04","RP","DS","ἐμοὶ","ἐμοὶ","ἐμοί","ἐγώ"
"46","16","04","V","3FMI-P","πορεύσονται.","πορεύσονται","πορεύσονται","πορεύομαι"
"46","16","05","V","1FMI-S","Ἐλεύσομαι","Ἐλεύσομαι","ἐλεύσομαι","ἔρχομαι"
"46","16","05","C","","δὲ","δὲ","δέ","δέ"
"46","16","05","P","","πρὸς","πρὸς","πρός","πρός"
"46","16","05","RP","AP","ὑμᾶς","ὑμᾶς","ὑμᾶς","σύ"
"46","16","05","C","","ὅταν","ὅταν","ὅταν","ὅταν"
"46","16","05","N","ASF","Μακεδονίαν","Μακεδονίαν","Μακεδονίαν","Μακεδονία"
"46","16","05","V","1AAS-S","διέλθω,","διέλθω","διέλθω","διέρχομαι"
"46","16","05","N","ASF","Μακεδονίαν","Μακεδονίαν","Μακεδονίαν","Μακεδονία"
"46","16","05","C","","γὰρ","γὰρ","γάρ","γάρ"
"46","16","05","V","1PMI-S","διέρχομαι,","διέρχομαι","διέρχομαι","διέρχομαι"
"46","16","06","P","","πρὸς","πρὸς","πρός","πρός"
"46","16","06","RP","AP","ὑμᾶς","ὑμᾶς","ὑμᾶς","σύ"
"46","16","06","C","","δὲ","δὲ","δέ","δέ"
"46","16","06","V","AAPASN","τυχὸν","τυχὸν","τυχόν","τυγχάνω"
"46","16","06","V","1FAI-S","⸀παραμενῶ","παραμενῶ","παραμενῶ","παραμένω"
"46","16","06","C","","ἢ","ἢ","ἤ","ἤ"
"46","16","06","D","","⸀καὶ","καὶ","καί","καί"
"46","16","06","V","1FAI-S","παραχειμάσω,","παραχειμάσω","παραχειμάσω","παραχειμάζω"
"46","16","06","C","","ἵνα","ἵνα","ἵνα","ἵνα"
"46","16","06","RP","NP","ὑμεῖς","ὑμεῖς","ὑμεῖς","σύ"
"46","16","06","RP","AS","με","με","με","ἐγώ"
"46","16","06","V","2AAS-P","προπέμψητε","προπέμψητε","προπέμψητε","προπέμπω"
"46","16","06","C","","οὗ","οὗ","οὗ","οὗ"
"46","16","06","X","","ἐὰν","ἐὰν","ἐάν","ἐάν"
"46","16","06","V","1PMS-S","πορεύωμαι.","πορεύωμαι","πορεύωμαι","πορεύομαι"
"46","16","07","D","","οὐ","οὐ","οὐ","οὐ"
"46","16","07","V","1PAI-S","θέλω","θέλω","θέλω","θέλω"
"46","16","07","C","","γὰρ","γὰρ","γάρ","γάρ"
"46","16","07","RP","AP","ὑμᾶς","ὑμᾶς","ὑμᾶς","σύ"
"46","16","07","D","","ἄρτι","ἄρτι","ἄρτι","ἄρτι"
"46","16","07","P","","ἐν","ἐν","ἐν","ἐν"
"46","16","07","N","DSF","παρόδῳ","παρόδῳ","παρόδῳ","πάροδος"
"46","16","07","V","AAN","ἰδεῖν,","ἰδεῖν","ἰδεῖν","ὁράω"
"46","16","07","V","1PAI-S","ἐλπίζω","ἐλπίζω","ἐλπίζω","ἐλπίζω"
"46","16","07","C","","⸀γὰρ","γὰρ","γάρ","γάρ"
"46","16","07","N","ASM","χρόνον","χρόνον","χρόνον","χρόνος"
"46","16","07","RI","ASM","τινὰ","τινὰ","τινά","τις"
"46","16","07","V","AAN","ἐπιμεῖναι","ἐπιμεῖναι","ἐπιμεῖναι","ἐπιμένω"
"46","16","07","P","","πρὸς","πρὸς","πρός","πρός"
"46","16","07","RP","AP","ὑμᾶς,","ὑμᾶς","ὑμᾶς","σύ"
"46","16","07","C","","ἐὰν","ἐὰν","ἐάν","ἐάν"
"46","16","07","RA","NSM","ὁ","ὁ","ὁ","ὁ"
"46","16","07","N","NSM","κύριος","κύριος","κύριος","κύριος"
"46","16","07","V","3AAS-S","⸀ἐπιτρέψῃ.","ἐπιτρέψῃ","ἐπιτρέψῃ","ἐπιτρέπω"
"46","16","08","V","1FAI-S","⸀ἐπιμενῶ","ἐπιμενῶ","ἐπιμενῶ","ἐπιμένω"
"46","16","08","C","","δὲ","δὲ","δέ","δέ"
"46","16","08","P","","ἐν","ἐν","ἐν","ἐν"
"46","16","08","N","DSF","Ἐφέσῳ","Ἐφέσῳ","Ἐφέσῳ","Ἔφεσος"
"46","16","08","P","","ἕως","ἕως","ἕως","ἕως"
"46","16","08","RA","GSF","τῆς","τῆς","τῆς","ὁ"
"46","16","08","N","GSF","πεντηκοστῆς·","πεντηκοστῆς","πεντηκοστῆς","πεντηκοστή"
"46","16","09","N","NSF","θύρα","θύρα","θύρα","θύρα"
"46","16","09","C","","γάρ","γάρ","γάρ","γάρ"
"46","16","09","RP","DS","μοι","μοι","μοι","ἐγώ"
"46","16","09","V","3XAI-S","ἀνέῳγεν","ἀνέῳγεν","ἀνέῳγε(ν)","ἀνοίγω"
"46","16","09","A","NSF","μεγάλη","μεγάλη","μεγάλη","μέγας"
"46","16","09","C","","καὶ","καὶ","καί","καί"
"46","16","09","A","NSF","ἐνεργής,","ἐνεργής","ἐνεργής","ἐνεργής"
"46","16","09","C","","καὶ","καὶ","καί","καί"
"46","16","09","V","PMPNPM","ἀντικείμενοι","ἀντικείμενοι","ἀντικείμενοι","ἀντίκειμαι"
"46","16","09","A","NPM","πολλοί.","πολλοί","πολλοί","πολύς"
"46","16","10","C","","Ἐὰν","Ἐὰν","ἐάν","ἐάν"
"46","16","10","C","","δὲ","δὲ","δέ","δέ"
"46","16","10","V","3AAS-S","ἔλθῃ","ἔλθῃ","ἔλθῃ","ἔρχομαι"
"46","16","10","N","NSM","Τιμόθεος,","Τιμόθεος","Τιμόθεος","Τιμόθεος"
"46","16","10","V","2PAD-P","βλέπετε","βλέπετε","βλέπετε","βλέπω"
"46","16","10","C","","ἵνα","ἵνα","ἵνα","ἵνα"
"46","16","10","D","","ἀφόβως","ἀφόβως","ἀφόβως","ἀφόβως"
"46","16","10","V","3AMS-S","γένηται","γένηται","γένηται","γίνομαι"
"46","16","10","P","","πρὸς","πρὸς","πρός","πρός"
"46","16","10","RP","AP","ὑμᾶς,","ὑμᾶς","ὑμᾶς","σύ"
"46","16","10","RA","ASN","τὸ","τὸ","τό","ὁ"
"46","16","10","C","","γὰρ","γὰρ","γάρ","γάρ"
"46","16","10","N","ASN","ἔργον","ἔργον","ἔργον","ἔργον"
"46","16","10","N","GSM","κυρίου","κυρίου","κυρίου","κύριος"
"46","16","10","V","3PMI-S","ἐργάζεται","ἐργάζεται","ἐργάζεται","ἐργάζομαι"
"46","16","10","C","","ὡς","ὡς","ὡς","ὡς"
"46","16","10","RP","NS","⸀κἀγώ·","κἀγώ","κἀγώ","κἀγώ"
"46","16","11","D","","μή","μή","μή","μή"
"46","16","11","RI","NSM","τις","τις","τὶς","τις"
"46","16","11","C","","οὖν","οὖν","οὖν","οὖν"
"46","16","11","RP","ASM","αὐτὸν","αὐτὸν","αὐτόν","αὐτός"
"46","16","11","V","3AAS-S","ἐξουθενήσῃ.","ἐξουθενήσῃ","ἐξουθενήσῃ","ἐξουθενέω"
"46","16","11","V","2AAD-P","προπέμψατε","προπέμψατε","προπέμψατε","προπέμπω"
"46","16","11","C","","δὲ","δὲ","δέ","δέ"
"46","16","11","RP","ASM","αὐτὸν","αὐτὸν","αὐτόν","αὐτός"
"46","16","11","P","","ἐν","ἐν","ἐν","ἐν"
"46","16","11","N","DSF","εἰρήνῃ,","εἰρήνῃ","εἰρήνῃ","εἰρήνη"
"46","16","11","C","","ἵνα","ἵνα","ἵνα","ἵνα"
"46","16","11","V","3AAS-S","ἔλθῃ","ἔλθῃ","ἔλθῃ","ἔρχομαι"
"46","16","11","P","","πρός","πρός","πρός","πρός"
"46","16","11","RP","AS","⸀με,","με","με","ἐγώ"
"46","16","11","V","1PMI-S","ἐκδέχομαι","ἐκδέχομαι","ἐκδέχομαι","ἐκδέχομαι"
"46","16","11","C","","γὰρ","γὰρ","γάρ","γάρ"
"46","16","11","RP","ASM","αὐτὸν","αὐτὸν","αὐτόν","αὐτός"
"46","16","11","P","","μετὰ","μετὰ","μετά","μετά"
"46","16","11","RA","GPM","τῶν","τῶν","τῶν","ὁ"
"46","16","11","N","GPM","ἀδελφῶν.","ἀδελφῶν","ἀδελφῶν","ἀδελφός"
"46","16","12","P","","Περὶ","Περὶ","περί","περί"
"46","16","12","C","","δὲ","δὲ","δέ","δέ"
"46","16","12","N","GSM","Ἀπολλῶ","Ἀπολλῶ","Ἀπολλῶ","Ἀπολλῶς"
"46","16","12","RA","GSM","τοῦ","τοῦ","τοῦ","ὁ"
"46","16","12","N","GSM","ἀδελφοῦ,","ἀδελφοῦ","ἀδελφοῦ","ἀδελφός"
"46","16","12","A","APN","πολλὰ","πολλὰ","πολλά","πολύς"
"46","16","12","V","1AAI-S","παρεκάλεσα","παρεκάλεσα","παρεκάλεσα","παρακαλέω"
"46","16","12","RP","ASM","αὐτὸν","αὐτὸν","αὐτόν","αὐτός"
"46","16","12","C","","ἵνα","ἵνα","ἵνα","ἵνα"
"46","16","12","V","3AAS-S","ἔλθῃ","ἔλθῃ","ἔλθῃ","ἔρχομαι"
"46","16","12","P","","πρὸς","πρὸς","πρός","πρός"
"46","16","12","RP","AP","ὑμᾶς","ὑμᾶς","ὑμᾶς","σύ"
"46","16","12","P","","μετὰ","μετὰ","μετά","μετά"
"46","16","12","RA","GPM","τῶν","τῶν","τῶν","ὁ"
"46","16","12","N","GPM","ἀδελφῶν·","ἀδελφῶν","ἀδελφῶν","ἀδελφός"
"46","16","12","C","","καὶ","καὶ","καί","καί"
"46","16","12","D","","πάντως","πάντως","πάντως","πάντως"
"46","16","12","D","","οὐκ","οὐκ","οὐ","οὐ"
"46","16","12","V","3IAI-S","ἦν","ἦν","ἦν","εἰμί"
"46","16","12","N","NSN","θέλημα","θέλημα","θέλημα","θέλημα"
"46","16","12","C","","ἵνα","ἵνα","ἵνα","ἵνα"
"46","16","12","D","","νῦν","νῦν","νῦν","νῦν"
"46","16","12","V","3AAS-S","ἔλθῃ,","ἔλθῃ","ἔλθῃ","ἔρχομαι"
"46","16","12","V","3FMI-S","ἐλεύσεται","ἐλεύσεται","ἐλεύσεται","ἔρχομαι"
"46","16","12","C","","δὲ","δὲ","δέ","δέ"
"46","16","12","C","","ὅταν","ὅταν","ὅταν","ὅταν"
"46","16","12","V","3AAS-S","εὐκαιρήσῃ.","εὐκαιρήσῃ","εὐκαιρήσῃ","εὐκαιρέω"
"46","16","13","V","2PAD-P","Γρηγορεῖτε,","Γρηγορεῖτε","γρηγορεῖτε","γρηγορέω"
"46","16","13","V","2PAD-P","στήκετε","στήκετε","στήκετε","στήκω"
"46","16","13","P","","ἐν","ἐν","ἐν","ἐν"
"46","16","13","RA","DSF","τῇ","τῇ","τῇ","ὁ"
"46","16","13","N","DSF","πίστει,","πίστει","πίστει","πίστις"
"46","16","13","V","2PMD-P","ἀνδρίζεσθε,","ἀνδρίζεσθε","ἀνδρίζεσθε","ἀνδρίζομαι"
"46","16","13","V","2PPD-P","κραταιοῦσθε.","κραταιοῦσθε","κραταιοῦσθε","κραταιόομαι"
"46","16","14","A","NPN","πάντα","πάντα","πάντα","πᾶς"
"46","16","14","RP","GP","ὑμῶν","ὑμῶν","ὑμῶν","σύ"
"46","16","14","P","","ἐν","ἐν","ἐν","ἐν"
"46","16","14","N","DSF","ἀγάπῃ","ἀγάπῃ","ἀγάπῃ","ἀγάπη"
"46","16","14","V","3PMD-S","γινέσθω.","γινέσθω","γινέσθω","γίνομαι"
"46","16","15","V","1PAI-S","Παρακαλῶ","Παρακαλῶ","παρακαλῶ","παρακαλέω"
"46","16","15","C","","δὲ","δὲ","δέ","δέ"
"46","16","15","RP","AP","ὑμᾶς,","ὑμᾶς","ὑμᾶς","σύ"
"46","16","15","N","VPM","ἀδελφοί·","ἀδελφοί","ἀδελφοί","ἀδελφός"
"46","16","15","V","2XAI-P","οἴδατε","οἴδατε","οἴδατε","οἶδα"
"46","16","15","RA","ASF","τὴν","τὴν","τήν","ὁ"
"46","16","15","N","ASF","οἰκίαν","οἰκίαν","οἰκίαν","οἰκία"
"46","16","15","N","GSM","Στεφανᾶ,","Στεφανᾶ","Στεφανᾶ","Στεφανᾶς"
"46","16","15","C","","ὅτι","ὅτι","ὅτι","ὅτι"
"46","16","15","V","3PAI-S","ἐστὶν","ἐστὶν","ἐστί(ν)","εἰμί"
"46","16","15","N","NSF","ἀπαρχὴ","ἀπαρχὴ","ἀπαρχή","ἀπαρχή"
"46","16","15","RA","GSF","τῆς","τῆς","τῆς","ὁ"
"46","16","15","N","GSF","Ἀχαΐας","Ἀχαΐας","Ἀχαΐας","Ἀχαΐα"
"46","16","15","C","","καὶ","καὶ","καί","καί"
"46","16","15","P","","εἰς","εἰς","εἰς","εἰς"
"46","16","15","N","ASF","διακονίαν","διακονίαν","διακονίαν","διακονία"
"46","16","15","RA","DPM","τοῖς","τοῖς","τοῖς","ὁ"
"46","16","15","A","DPM","ἁγίοις","ἁγίοις","ἁγίοις","ἅγιος"
"46","16","15","V","3AAI-P","ἔταξαν","ἔταξαν","ἔταξαν","τάσσω"
"46","16","15","RP","APM","ἑαυτούς·","ἑαυτούς","ἑαυτούς","ἑαυτοῦ"
"46","16","16","C","","ἵνα","ἵνα","ἵνα","ἵνα"
"46","16","16","D","","καὶ","καὶ","καί","καί"
"46","16","16","RP","NP","ὑμεῖς","ὑμεῖς","ὑμεῖς","σύ"
"46","16","16","V","2PPS-P","ὑποτάσσησθε","ὑποτάσσησθε","ὑποτάσσησθε","ὑποτάσσω"
"46","16","16","RA","DPM","τοῖς","τοῖς","τοῖς","ὁ"
"46","16","16","RD","DPM","τοιούτοις","τοιούτοις","τοιούτοις","τοιοῦτος"
"46","16","16","C","","καὶ","καὶ","καί","καί"
"46","16","16","A","DSM","παντὶ","παντὶ","παντί","πᾶς"
"46","16","16","RA","DSM","τῷ","τῷ","τῷ","ὁ"
"46","16","16","V","PAPDSM","συνεργοῦντι","συνεργοῦντι","συνεργοῦντι","συνεργέω"
"46","16","16","C","","καὶ","καὶ","καί","καί"
"46","16","16","V","PAPDSM","κοπιῶντι.","κοπιῶντι","κοπιῶντι","κοπιάω"
"46","16","17","V","1PAI-S","χαίρω","χαίρω","χαίρω","χαίρω"
"46","16","17","C","","δὲ","δὲ","δέ","δέ"
"46","16","17","P","","ἐπὶ","ἐπὶ","ἐπί","ἐπί"
"46","16","17","RA","DSF","τῇ","τῇ","τῇ","ὁ"
"46","16","17","N","DSF","παρουσίᾳ","παρουσίᾳ","παρουσίᾳ","παρουσία"
"46","16","17","N","GSM","Στεφανᾶ","Στεφανᾶ","Στεφανᾶ","Στεφανᾶς"
"46","16","17","C","","καὶ","καὶ","καί","καί"
"46","16","17","N","GSM","Φορτουνάτου","Φορτουνάτου","Φορτουνάτου","Φορτουνᾶτος"
"46","16","17","C","","καὶ","καὶ","καί","καί"
"46","16","17","N","GSM","Ἀχαϊκοῦ,","Ἀχαϊκοῦ","Ἀχαϊκοῦ","Ἀχαϊκός"
"46","16","17","C","","ὅτι","ὅτι","ὅτι","ὅτι"
"46","16","17","RA","ASN","τὸ","τὸ","τό","ὁ"
"46","16","17","A","ASN","⸀ὑμέτερον","ὑμέτερον","ὑμέτερον","ὑμέτερος"
"46","16","17","N","ASN","ὑστέρημα","ὑστέρημα","ὑστέρημα","ὑστέρημα"
"46","16","17","RD","NPM","οὗτοι","οὗτοι","οὗτοι","οὗτος"
"46","16","17","V","3AAI-P","ἀνεπλήρωσαν,","ἀνεπλήρωσαν","ἀνεπλήρωσαν","ἀναπληρόω"
"46","16","18","V","3AAI-P","ἀνέπαυσαν","ἀνέπαυσαν","ἀνέπαυσαν","ἀναπαύω"
"46","16","18","C","","γὰρ","γὰρ","γάρ","γάρ"
"46","16","18","RA","ASN","τὸ","τὸ","τό","ὁ"
"46","16","18","A","ASN","ἐμὸν","ἐμὸν","ἐμόν","ἐμός"
"46","16","18","N","ASN","πνεῦμα","πνεῦμα","πνεῦμα","πνεῦμα"
"46","16","18","C","","καὶ","καὶ","καί","καί"
"46","16","18","RA","ASN","τὸ","τὸ","τό","ὁ"
"46","16","18","RP","GP","ὑμῶν.","ὑμῶν","ὑμῶν","σύ"
"46","16","18","V","2PAD-P","ἐπιγινώσκετε","ἐπιγινώσκετε","ἐπιγινώσκετε","ἐπιγινώσκω"
"46","16","18","C","","οὖν","οὖν","οὖν","οὖν"
"46","16","18","RA","APM","τοὺς","τοὺς","τούς","ὁ"
"46","16","18","RD","APM","τοιούτους.","τοιούτους","τοιούτους","τοιοῦτος"
"46","16","19","V","3PMI-P","Ἀσπάζονται","Ἀσπάζονται","ἀσπάζονται","ἀσπάζομαι"
"46","16","19","RP","AP","ὑμᾶς","ὑμᾶς","ὑμᾶς","σύ"
"46","16","19","RA","NPF","αἱ","αἱ","αἱ","ὁ"
"46","16","19","N","NPF","ἐκκλησίαι","ἐκκλησίαι","ἐκκλησίαι","ἐκκλησία"
"46","16","19","RA","GSF","τῆς","τῆς","τῆς","ὁ"
"46","16","19","N","GSF","Ἀσίας.","Ἀσίας","Ἀσίας","Ἀσία"
"46","16","19","V","3PMI-S","⸀ἀσπάζεται","ἀσπάζεται","ἀσπάζεται","ἀσπάζομαι"
"46","16","19","RP","AP","ὑμᾶς","ὑμᾶς","ὑμᾶς","σύ"
"46","16","19","P","","ἐν","ἐν","ἐν","ἐν"
"46","16","19","N","DSM","κυρίῳ","κυρίῳ","κυρίῳ","κύριος"
"46","16","19","A","APN","πολλὰ","πολλὰ","πολλά","πολύς"
"46","16","19","N","NSM","Ἀκύλας","Ἀκύλας","Ἀκύλας","Ἀκύλας"
"46","16","19","C","","καὶ","καὶ","καί","καί"
"46","16","19","N","NSF","⸀Πρίσκα","Πρίσκα","Πρίσκα","Πρίσκα"
"46","16","19","P","","σὺν","σὺν","σύν","σύν"
"46","16","19","RA","DSF","τῇ","τῇ","τῇ","ὁ"
"46","16","19","P","","κατ’","κατ’","κατά","κατά"
"46","16","19","N","ASM","οἶκον","οἶκον","οἶκον","οἶκος"
"46","16","19","RP","GPM","αὐτῶν","αὐτῶν","αὐτῶν","αὐτός"
"46","16","19","N","DSF","ἐκκλησίᾳ.","ἐκκλησίᾳ","ἐκκλησίᾳ","ἐκκλησία"
"46","16","20","V","3PMI-P","ἀσπάζονται","ἀσπάζονται","ἀσπάζονται","ἀσπάζομαι"
"46","16","20","RP","AP","ὑμᾶς","ὑμᾶς","ὑμᾶς","σύ"
"46","16","20","RA","NPM","οἱ","οἱ","οἱ","ὁ"
"46","16","20","N","NPM","ἀδελφοὶ","ἀδελφοὶ","ἀδελφοί","ἀδελφός"
"46","16","20","A","NPM","πάντες.","πάντες","πάντες","πᾶς"
"46","16","20","V","2AMD-P","ἀσπάσασθε","ἀσπάσασθε","ἀσπάσασθε","ἀσπάζομαι"
"46","16","20","RP","APM","ἀλλήλους","ἀλλήλους","ἀλλήλους","ἀλλήλων"
"46","16","20","P","","ἐν","ἐν","ἐν","ἐν"
"46","16","20","N","DSN","φιλήματι","φιλήματι","φιλήματι","φίλημα"
"46","16","20","A","DSN","ἁγίῳ.","ἁγίῳ","ἁγίῳ","ἅγιος"
"46","16","21","RA","NSM","Ὁ","Ὁ","ὁ","ὁ"
"46","16","21","N","NSM","ἀσπασμὸς","ἀσπασμὸς","ἀσπασμός","ἀσπασμός"
"46","16","21","RA","DSF","τῇ","τῇ","τῇ","ὁ"
"46","16","21","A","DSF","ἐμῇ","ἐμῇ","ἐμῇ","ἐμός"
"46","16","21","N","DSF","χειρὶ","χειρὶ","χειρί","χείρ"
"46","16","21","N","GSM","Παύλου.","Παύλου","Παύλου","Παῦλος"
"46","16","22","C","","εἴ","εἴ","εἰ","εἰ"
"46","16","22","RI","NSM","τις","τις","τὶς","τις"
"46","16","22","D","","οὐ","οὐ","οὐ","οὐ"
"46","16","22","V","3PAI-S","φιλεῖ","φιλεῖ","φιλεῖ","φιλέω"
"46","16","22","RA","ASM","τὸν","τὸν","τόν","ὁ"
"46","16","22","N","ASM","⸀κύριον,","κύριον","κύριον","κύριος"
"46","16","22","V","3PAD-S","ἤτω","ἤτω","ἤτω","εἰμί"
"46","16","22","N","NSN","ἀνάθεμα.","ἀνάθεμα","ἀνάθεμα","ἀνάθεμα"
"46","16","22","N","VSM","⸂Μαράνα","Μαράνα","μαράνα","μαράνα"
"46","16","22","V","2AAD-S","θά⸃.","θά","θά","θά"
"46","16","23","RA","NSF","ἡ","ἡ","ἡ","ὁ"
"46","16","23","N","NSF","χάρις","χάρις","χάρις","χάρις"
"46","16","23","RA","GSM","τοῦ","τοῦ","τοῦ","ὁ"
"46","16","23","N","GSM","κυρίου","κυρίου","κυρίου","κύριος"
"46","16","23","N","GSM","⸀Ἰησοῦ","Ἰησοῦ","Ἰησοῦ","Ἰησοῦς"
"46","16","23","P","","μεθ’","μεθ’","μετά","μετά"
"46","16","23","RP","GP","ὑμῶν.","ὑμῶν","ὑμῶν","σύ"
"46","16","24","RA","NSF","ἡ","ἡ","ἡ","ὁ"
"46","16","24","N","NSF","ἀγάπη","ἀγάπη","ἀγάπη","ἀγάπη"
"46","16","24","RP","GS","μου","μου","μου","ἐγώ"
"46","16","24","P","","μετὰ","μετὰ","μετά","μετά"
"46","16","24","A","GPM","πάντων","πάντων","πάντων","πᾶς"
"46","16","24","RP","GP","ὑμῶν","ὑμῶν","ὑμῶν","σύ"
"46","16","24","P","","ἐν","ἐν","ἐν","ἐν"
"46","16","24","N","DSM","Χριστῷ","Χριστῷ","Χριστῷ","Χριστός"
"46","16","24","N","DSM","⸀Ἰησοῦ.","Ἰησοῦ","Ἰησοῦ","Ἰησοῦς"