"OSIS_id","Chapter","Verse","ParsingCodePOS","ParsingCodeDetails","TextWithPunctuation","WordWithPunctuationStripped","NormalizedWord","Lemma"
62,01,01,"RR","NSN","Ὃ","Ὃ","ὅ","ὅς"
62,01,01,"V","3IAI-S","ἦν","ἦν","ἦν","εἰμί"
62,01,01,"P",NULL,"ἀπ’","ἀπ’","ἀπό","ἀπό"
62,01,01,"N","GSF","ἀρχῆς,","ἀρχῆς","ἀρχῆς","ἀρχή"
62,01,01,"RR","ASN","ὃ","ὃ","ὅ","ὅς"
62,01,01,"V","1XAI-P","ἀκηκόαμεν,","ἀκηκόαμεν","ἀκηκόαμεν","ἀκούω"
62,01,01,"RR","ASN","ὃ","ὃ","ὅ","ὅς"
62,01,01,"V","1XAI-P","ἑωράκαμεν","ἑωράκαμεν","ἑωράκαμεν","ὁράω"
62,01,01,"RA","DPM","τοῖς","τοῖς","τοῖς","ὁ"
62,01,01,"N","DPM","ὀφθαλμοῖς","ὀφθαλμοῖς","ὀφθαλμοῖς","ὀφθαλμός"
62,01,01,"RP","GP","ἡμῶν,","ἡμῶν","ἡμῶν","ἐγώ"
62,01,01,"RR","ASN","ὃ","ὃ","ὅ","ὅς"
62,01,01,"V","1AMI-P","ἐθεασάμεθα","ἐθεασάμεθα","ἐθεασάμεθα","θεάομαι"
62,01,01,"C",NULL,"καὶ","καὶ","καί","καί"
62,01,01,"RA","NPF","αἱ","αἱ","αἱ","ὁ"
62,01,01,"N","NPF","χεῖρες","χεῖρες","χεῖρες","χείρ"
62,01,01,"RP","GP","ἡμῶν","ἡμῶν","ἡμῶν","ἐγώ"
62,01,01,"V","3AAI-P","ἐψηλάφησαν,","ἐψηλάφησαν","ἐψηλάφησαν","ψηλαφάω"
62,01,01,"P",NULL,"περὶ","περὶ","περί","περί"
62,01,01,"RA","GSM","τοῦ","τοῦ","τοῦ","ὁ"
62,01,01,"N","GSM","λόγου","λόγου","λόγου","λόγος"
62,01,01,"RA","GSF","τῆς","τῆς","τῆς","ὁ"
62,01,01,"N","GSF","ζωῆς—","ζωῆς","ζωῆς","ζωή"
62,01,02,"C",NULL,"καὶ","καὶ","καί","καί"
62,01,02,"RA","NSF","ἡ","ἡ","ἡ","ὁ"
62,01,02,"N","NSF","ζωὴ","ζωὴ","ζωή","ζωή"
62,01,02,"V","3API-S","ἐφανερώθη,","ἐφανερώθη","ἐφανερώθη","φανερόω"
62,01,02,"C",NULL,"καὶ","καὶ","καί","καί"
62,01,02,"V","1XAI-P","ἑωράκαμεν","ἑωράκαμεν","ἑωράκαμεν","ὁράω"
62,01,02,"C",NULL,"καὶ","καὶ","καί","καί"
62,01,02,"V","1PAI-P","μαρτυροῦμεν","μαρτυροῦμεν","μαρτυροῦμεν","μαρτυρέω"
62,01,02,"C",NULL,"καὶ","καὶ","καί","καί"
62,01,02,"V","1PAI-P","ἀπαγγέλλομεν","ἀπαγγέλλομεν","ἀπαγγέλλομεν","ἀπαγγέλλω"
62,01,02,"RP","DP","ὑμῖν","ὑμῖν","ὑμῖν","σύ"
62,01,02,"RA","ASF","τὴν","τὴν","τήν","ὁ"
62,01,02,"N","ASF","ζωὴν","ζωὴν","ζωήν","ζωή"
62,01,02,"RA","ASF","τὴν","τὴν","τήν","ὁ"
62,01,02,"A","ASF","αἰώνιον","αἰώνιον","αἰώνιον","αἰώνιος"
62,01,02,"RR","NSF","ἥτις","ἥτις","ἥτις","ὅστις"
62,01,02,"V","3IAI-S","ἦν","ἦν","ἦν","εἰμί"
62,01,02,"P",NULL,"πρὸς","πρὸς","πρός","πρός"
62,01,02,"RA","ASM","τὸν","τὸν","τόν","ὁ"
62,01,02,"N","ASM","πατέρα","πατέρα","πατέρα","πατήρ"
62,01,02,"C",NULL,"καὶ","καὶ","καί","καί"
62,01,02,"V","3API-S","ἐφανερώθη","ἐφανερώθη","ἐφανερώθη","φανερόω"
62,01,02,"RP","DP","ἡμῖν—","ἡμῖν","ἡμῖν","ἐγώ"
62,01,03,"RR","ASN","ὃ","ὃ","ὅ","ὅς"
62,01,03,"V","1XAI-P","ἑωράκαμεν","ἑωράκαμεν","ἑωράκαμεν","ὁράω"
62,01,03,"C",NULL,"καὶ","καὶ","καί","καί"
62,01,03,"V","1XAI-P","ἀκηκόαμεν","ἀκηκόαμεν","ἀκηκόαμεν","ἀκούω"
62,01,03,"V","1PAI-P","ἀπαγγέλλομεν","ἀπαγγέλλομεν","ἀπαγγέλλομεν","ἀπαγγέλλω"
62,01,03,"D",NULL,"⸀καὶ","καὶ","καί","καί"
62,01,03,"RP","DP","ὑμῖν,","ὑμῖν","ὑμῖν","σύ"
62,01,03,"C",NULL,"ἵνα","ἵνα","ἵνα","ἵνα"
62,01,03,"D",NULL,"καὶ","καὶ","καί","καί"
62,01,03,"RP","NP","ὑμεῖς","ὑμεῖς","ὑμεῖς","σύ"
62,01,03,"N","ASF","κοινωνίαν","κοινωνίαν","κοινωνίαν","κοινωνία"
62,01,03,"V","2PAS-P","ἔχητε","ἔχητε","ἔχητε","ἔχω"
62,01,03,"P",NULL,"μεθ’","μεθ’","μετά","μετά"
62,01,03,"RP","GP","ἡμῶν·","ἡμῶν","ἡμῶν","ἐγώ"
62,01,03,"D",NULL,"καὶ","καὶ","καί","καί"
62,01,03,"RA","NSF","ἡ","ἡ","ἡ","ὁ"
62,01,03,"N","NSF","κοινωνία","κοινωνία","κοινωνία","κοινωνία"
62,01,03,"C",NULL,"δὲ","δὲ","δέ","δέ"
62,01,03,"RA","NSF","ἡ","ἡ","ἡ","ὁ"
62,01,03,"A","NSF","ἡμετέρα","ἡμετέρα","ἡμετέρα","ἡμέτερος"
62,01,03,"P",NULL,"μετὰ","μετὰ","μετά","μετά"
62,01,03,"RA","GSM","τοῦ","τοῦ","τοῦ","ὁ"
62,01,03,"N","GSM","πατρὸς","πατρὸς","πατρός","πατήρ"
62,01,03,"C",NULL,"καὶ","καὶ","καί","καί"
62,01,03,"P",NULL,"μετὰ","μετὰ","μετά","μετά"
62,01,03,"RA","GSM","τοῦ","τοῦ","τοῦ","ὁ"
62,01,03,"N","GSM","υἱοῦ","υἱοῦ","υἱοῦ","υἱός"
62,01,03,"RP","GSM","αὐτοῦ","αὐτοῦ","αὐτοῦ","αὐτός"
62,01,03,"N","GSM","Ἰησοῦ","Ἰησοῦ","Ἰησοῦ","Ἰησοῦς"
62,01,03,"N","GSM","Χριστοῦ·","Χριστοῦ","Χριστοῦ","Χριστός"
62,01,04,"C",NULL,"καὶ","καὶ","καί","καί"
62,01,04,"RD","APN","ταῦτα","ταῦτα","ταῦτα","οὗτος"
62,01,04,"V","1PAI-P","γράφομεν","γράφομεν","γράφομεν","γράφω"
62,01,04,"RP","NP","⸀ἡμεῖς","ἡμεῖς","ἡμεῖς","ἐγώ"
62,01,04,"C",NULL,"ἵνα","ἵνα","ἵνα","ἵνα"
62,01,04,"RA","NSF","ἡ","ἡ","ἡ","ὁ"
62,01,04,"N","NSF","χαρὰ","χαρὰ","χαρά","χαρά"
62,01,04,"RP","GP","ἡμῶν","ἡμῶν","ἡμῶν","ἐγώ"
62,01,04,"V","3PAS-S","ᾖ","ᾖ","ᾖ","εἰμί"
62,01,04,"V","XPPNSF","πεπληρωμένη.","πεπληρωμένη","πεπληρωμένη","πληρόω"
62,01,05,"C",NULL,"Καὶ","Καὶ","καί","καί"
62,01,05,"V","3PAI-S","ἔστιν","ἔστιν","ἐστί(ν)","εἰμί"
62,01,05,"RD","NSF","αὕτη","αὕτη","αὕτη","οὗτος"
62,01,05,"RA","NSF","ἡ","ἡ","ἡ","ὁ"
62,01,05,"N","NSF","ἀγγελία","ἀγγελία","ἀγγελία","ἀγγελία"
62,01,05,"RR","ASF","ἣν","ἣν","ἥν","ὅς"
62,01,05,"V","1XAI-P","ἀκηκόαμεν","ἀκηκόαμεν","ἀκηκόαμεν","ἀκούω"
62,01,05,"P",NULL,"ἀπ’","ἀπ’","ἀπό","ἀπό"
62,01,05,"RP","GSM","αὐτοῦ","αὐτοῦ","αὐτοῦ","αὐτός"
62,01,05,"C",NULL,"καὶ","καὶ","καί","καί"
62,01,05,"V","1PAI-P","ἀναγγέλλομεν","ἀναγγέλλομεν","ἀναγγέλλομεν","ἀναγγέλλω"
62,01,05,"RP","DP","ὑμῖν,","ὑμῖν","ὑμῖν","σύ"
62,01,05,"D",NULL,"ὅτι","ὅτι","ὅτι","ὅτι"
62,01,05,"RA","NSM","ὁ","ὁ","ὁ","ὁ"
62,01,05,"N","NSM","θεὸς","θεὸς","θεός","θεός"
62,01,05,"N","NSN","φῶς","φῶς","φῶς","φῶς"
62,01,05,"V","3PAI-S","ἐστιν","ἐστιν","ἐστί(ν)","εἰμί"
62,01,05,"C",NULL,"καὶ","καὶ","καί","καί"
62,01,05,"N","NSF","σκοτία","σκοτία","σκοτία","σκοτία"
62,01,05,"P",NULL,"⸂ἐν","ἐν","ἐν","ἐν"
62,01,05,"RP","DSM","αὐτῷ","αὐτῷ","αὐτῷ","αὐτός"
62,01,05,"D",NULL,"οὐκ","οὐκ","οὐ","οὐ"
62,01,05,"V","3PAI-S","ἔστιν⸃","ἔστιν","ἐστί(ν)","εἰμί"
62,01,05,"A","NSF","οὐδεμία.","οὐδεμία","οὐδεμία","οὐδείς"
62,01,06,"C",NULL,"ἐὰν","ἐὰν","ἐάν","ἐάν"
62,01,06,"V","1AAS-P","εἴπωμεν","εἴπωμεν","εἴπωμεν","λέγω"
62,01,06,"C",NULL,"ὅτι","ὅτι","ὅτι","ὅτι"
62,01,06,"N","ASF","κοινωνίαν","κοινωνίαν","κοινωνίαν","κοινωνία"
62,01,06,"V","1PAI-P","ἔχομεν","ἔχομεν","ἔχομεν","ἔχω"
62,01,06,"P",NULL,"μετ’","μετ’","μετά","μετά"
62,01,06,"RP","GSM","αὐτοῦ","αὐτοῦ","αὐτοῦ","αὐτός"
62,01,06,"C",NULL,"καὶ","καὶ","καί","καί"
62,01,06,"P",NULL,"ἐν","ἐν","ἐν","ἐν"
62,01,06,"RA","DSN","τῷ","τῷ","τῷ","ὁ"
62,01,06,"N","DSN","σκότει","σκότει","σκότει","σκότος"
62,01,06,"V","1PAS-P","περιπατῶμεν,","περιπατῶμεν","περιπατῶμεν","περιπατέω"
62,01,06,"V","1PMI-P","ψευδόμεθα","ψευδόμεθα","ψευδόμεθα","ψεύδομαι"
62,01,06,"C",NULL,"καὶ","καὶ","καί","καί"
62,01,06,"D",NULL,"οὐ","οὐ","οὐ","οὐ"
62,01,06,"V","1PAI-P","ποιοῦμεν","ποιοῦμεν","ποιοῦμεν","ποιέω"
62,01,06,"RA","ASF","τὴν","τὴν","τήν","ὁ"
62,01,06,"N","ASF","ἀλήθειαν·","ἀλήθειαν","ἀλήθειαν","ἀλήθεια"
62,01,07,"C",NULL,"ἐὰν","ἐὰν","ἐάν","ἐάν"
62,01,07,"C",NULL,"δὲ","δὲ","δέ","δέ"
62,01,07,"P",NULL,"ἐν","ἐν","ἐν","ἐν"
62,01,07,"RA","DSN","τῷ","τῷ","τῷ","ὁ"
62,01,07,"N","DSN","φωτὶ","φωτὶ","φωτί","φῶς"
62,01,07,"V","1PAS-P","περιπατῶμεν","περιπατῶμεν","περιπατῶμεν","περιπατέω"
62,01,07,"C",NULL,"ὡς","ὡς","ὡς","ὡς"
62,01,07,"RP","NSM","αὐτός","αὐτός","αὐτός","αὐτός"
62,01,07,"V","3PAI-S","ἐστιν","ἐστιν","ἐστί(ν)","εἰμί"
62,01,07,"P",NULL,"ἐν","ἐν","ἐν","ἐν"
62,01,07,"RA","DSN","τῷ","τῷ","τῷ","ὁ"
62,01,07,"N","DSN","φωτί,","φωτί","φωτί","φῶς"
62,01,07,"N","ASF","κοινωνίαν","κοινωνίαν","κοινωνίαν","κοινωνία"
62,01,07,"V","1PAI-P","ἔχομεν","ἔχομεν","ἔχομεν","ἔχω"
62,01,07,"P",NULL,"μετ’","μετ’","μετά","μετά"
62,01,07,"RP","GPM","ἀλλήλων","ἀλλήλων","ἀλλήλων","ἀλλήλων"
62,01,07,"C",NULL,"καὶ","καὶ","καί","καί"
62,01,07,"RA","NSN","τὸ","τὸ","τό","ὁ"
62,01,07,"N","NSN","αἷμα","αἷμα","αἷμα","αἷμα"
62,01,07,"N","GSM","⸀Ἰησοῦ","Ἰησοῦ","Ἰησοῦ","Ἰησοῦς"
62,01,07,"RA","GSM","τοῦ","τοῦ","τοῦ","ὁ"
62,01,07,"N","GSM","υἱοῦ","υἱοῦ","υἱοῦ","υἱός"
62,01,07,"RP","GSM","αὐτοῦ","αὐτοῦ","αὐτοῦ","αὐτός"
62,01,07,"V","3PAI-S","καθαρίζει","καθαρίζει","καθαρίζει","καθαρίζω"
62,01,07,"RP","AP","ἡμᾶς","ἡμᾶς","ἡμᾶς","ἐγώ"
62,01,07,"P",NULL,"ἀπὸ","ἀπὸ","ἀπό","ἀπό"
62,01,07,"A","GSF","πάσης","πάσης","πάσης","πᾶς"
62,01,07,"N","GSF","ἁμαρτίας.","ἁμαρτίας","ἁμαρτίας","ἁμαρτία"
62,01,08,"C",NULL,"ἐὰν","ἐὰν","ἐάν","ἐάν"
62,01,08,"V","1AAS-P","εἴπωμεν","εἴπωμεν","εἴπωμεν","λέγω"
62,01,08,"C",NULL,"ὅτι","ὅτι","ὅτι","ὅτι"
62,01,08,"N","ASF","ἁμαρτίαν","ἁμαρτίαν","ἁμαρτίαν","ἁμαρτία"
62,01,08,"D",NULL,"οὐκ","οὐκ","οὐ","οὐ"
62,01,08,"V","1PAI-P","ἔχομεν,","ἔχομεν","ἔχομεν","ἔχω"
62,01,08,"RP","APM","ἑαυτοὺς","ἑαυτοὺς","ἑαυτούς","ἑαυτοῦ"
62,01,08,"V","1PAI-P","πλανῶμεν","πλανῶμεν","πλανῶμεν","πλανάω"
62,01,08,"C",NULL,"καὶ","καὶ","καί","καί"
62,01,08,"RA","NSF","ἡ","ἡ","ἡ","ὁ"
62,01,08,"N","NSF","ἀλήθεια","ἀλήθεια","ἀλήθεια","ἀλήθεια"
62,01,08,"D",NULL,"⸂οὐκ","οὐκ","οὐ","οὐ"
62,01,08,"V","3PAI-S","ἔστιν","ἔστιν","ἐστί(ν)","εἰμί"
62,01,08,"P",NULL,"ἐν","ἐν","ἐν","ἐν"
62,01,08,"RP","DP","ἡμῖν⸃.","ἡμῖν","ἡμῖν","ἐγώ"
62,01,09,"C",NULL,"ἐὰν","ἐὰν","ἐάν","ἐάν"
62,01,09,"V","1PAS-P","ὁμολογῶμεν","ὁμολογῶμεν","ὁμολογῶμεν","ὁμολογέω"
62,01,09,"RA","APF","τὰς","τὰς","τάς","ὁ"
62,01,09,"N","APF","ἁμαρτίας","ἁμαρτίας","ἁμαρτίας","ἁμαρτία"
62,01,09,"RP","GP","ἡμῶν,","ἡμῶν","ἡμῶν","ἐγώ"
62,01,09,"A","NSM","πιστός","πιστός","πιστός","πιστός"
62,01,09,"V","3PAI-S","ἐστιν","ἐστιν","ἐστί(ν)","εἰμί"
62,01,09,"C",NULL,"καὶ","καὶ","καί","καί"
62,01,09,"A","NSM","δίκαιος","δίκαιος","δίκαιος","δίκαιος"
62,01,09,"C",NULL,"ἵνα","ἵνα","ἵνα","ἵνα"
62,01,09,"V","3AAS-S","ἀφῇ","ἀφῇ","ἀφῇ","ἀφίημι"
62,01,09,"RP","DP","ἡμῖν","ἡμῖν","ἡμῖν","ἐγώ"
62,01,09,"RA","APF","τὰς","τὰς","τάς","ὁ"
62,01,09,"N","APF","ἁμαρτίας","ἁμαρτίας","ἁμαρτίας","ἁμαρτία"
62,01,09,"C",NULL,"καὶ","καὶ","καί","καί"
62,01,09,"V","3AAS-S","καθαρίσῃ","καθαρίσῃ","καθαρίσῃ","καθαρίζω"
62,01,09,"RP","AP","ἡμᾶς","ἡμᾶς","ἡμᾶς","ἐγώ"
62,01,09,"P",NULL,"ἀπὸ","ἀπὸ","ἀπό","ἀπό"
62,01,09,"A","GSF","πάσης","πάσης","πάσης","πᾶς"
62,01,09,"N","GSF","ἀδικίας.","ἀδικίας","ἀδικίας","ἀδικία"
62,01,10,"C",NULL,"ἐὰν","ἐὰν","ἐάν","ἐάν"
62,01,10,"V","1AAS-P","εἴπωμεν","εἴπωμεν","εἴπωμεν","λέγω"
62,01,10,"C",NULL,"ὅτι","ὅτι","ὅτι","ὅτι"
62,01,10,"D",NULL,"οὐχ","οὐχ","οὐ","οὐ"
62,01,10,"V","1XAI-P","ἡμαρτήκαμεν,","ἡμαρτήκαμεν","ἡμαρτήκαμεν","ἁμαρτάνω"
62,01,10,"N","ASM","ψεύστην","ψεύστην","ψεύστην","ψεύστης"
62,01,10,"V","1PAI-P","ποιοῦμεν","ποιοῦμεν","ποιοῦμεν","ποιέω"
62,01,10,"RP","ASM","αὐτὸν","αὐτὸν","αὐτόν","αὐτός"
62,01,10,"C",NULL,"καὶ","καὶ","καί","καί"
62,01,10,"RA","NSM","ὁ","ὁ","ὁ","ὁ"
62,01,10,"N","NSM","λόγος","λόγος","λόγος","λόγος"
62,01,10,"RP","GSM","αὐτοῦ","αὐτοῦ","αὐτοῦ","αὐτός"
62,01,10,"D",NULL,"οὐκ","οὐκ","οὐ","οὐ"
62,01,10,"V","3PAI-S","ἔστιν","ἔστιν","ἐστί(ν)","εἰμί"
62,01,10,"P",NULL,"ἐν","ἐν","ἐν","ἐν"
62,01,10,"RP","DP","ἡμῖν.","ἡμῖν","ἡμῖν","ἐγώ"
62,02,01,"N","VPN","Τεκνία","Τεκνία","τεκνία","τεκνίον"
62,02,01,"RP","GS","μου,","μου","μου","ἐγώ"
62,02,01,"RD","APN","ταῦτα","ταῦτα","ταῦτα","οὗτος"
62,02,01,"V","1PAI-S","γράφω","γράφω","γράφω","γράφω"
62,02,01,"RP","DP","ὑμῖν","ὑμῖν","ὑμῖν","σύ"
62,02,01,"C",NULL,"ἵνα","ἵνα","ἵνα","ἵνα"
62,02,01,"D",NULL,"μὴ","μὴ","μή","μή"
62,02,01,"V","2AAS-P","ἁμάρτητε.","ἁμάρτητε","ἁμάρτητε","ἁμαρτάνω"
62,02,01,"C",NULL,"καὶ","καὶ","καί","καί"
62,02,01,"C",NULL,"ἐάν","ἐάν","ἐάν","ἐάν"
62,02,01,"RI","NSM","τις","τις","τὶς","τις"
62,02,01,"V","3AAS-S","ἁμάρτῃ,","ἁμάρτῃ","ἁμάρτῃ","ἁμαρτάνω"
62,02,01,"N","ASM","παράκλητον","παράκλητον","παράκλητον","παράκλητος"
62,02,01,"V","1PAI-P","ἔχομεν","ἔχομεν","ἔχομεν","ἔχω"
62,02,01,"P",NULL,"πρὸς","πρὸς","πρός","πρός"
62,02,01,"RA","ASM","τὸν","τὸν","τόν","ὁ"
62,02,01,"N","ASM","πατέρα","πατέρα","πατέρα","πατήρ"
62,02,01,"N","ASM","Ἰησοῦν","Ἰησοῦν","Ἰησοῦν","Ἰησοῦς"
62,02,01,"N","ASM","Χριστὸν","Χριστὸν","Χριστόν","Χριστός"
62,02,01,"A","ASM","δίκαιον,","δίκαιον","δίκαιον","δίκαιος"
62,02,02,"C",NULL,"καὶ","καὶ","καί","καί"
62,02,02,"RP","NSM","αὐτὸς","αὐτὸς","αὐτός","αὐτός"
62,02,02,"N","NSM","ἱλασμός","ἱλασμός","ἱλασμός","ἱλασμός"
62,02,02,"V","3PAI-S","ἐστιν","ἐστιν","ἐστί(ν)","εἰμί"
62,02,02,"P",NULL,"περὶ","περὶ","περί","περί"
62,02,02,"RA","GPF","τῶν","τῶν","τῶν","ὁ"
62,02,02,"N","GPF","ἁμαρτιῶν","ἁμαρτιῶν","ἁμαρτιῶν","ἁμαρτία"
62,02,02,"RP","GP","ἡμῶν,","ἡμῶν","ἡμῶν","ἐγώ"
62,02,02,"D",NULL,"οὐ","οὐ","οὐ","οὐ"
62,02,02,"P",NULL,"περὶ","περὶ","περί","περί"
62,02,02,"RA","GPF","τῶν","τῶν","τῶν","ὁ"
62,02,02,"A","GPF","ἡμετέρων","ἡμετέρων","ἡμετέρων","ἡμέτερος"
62,02,02,"C",NULL,"δὲ","δὲ","δέ","δέ"
62,02,02,"A","ASN","μόνον","μόνον","μόνον","μόνος"
62,02,02,"C",NULL,"ἀλλὰ","ἀλλὰ","ἀλλά","ἀλλά"
62,02,02,"D",NULL,"καὶ","καὶ","καί","καί"
62,02,02,"P",NULL,"περὶ","περὶ","περί","περί"
62,02,02,"A","GSM","ὅλου","ὅλου","ὅλου","ὅλος"
62,02,02,"RA","GSM","τοῦ","τοῦ","τοῦ","ὁ"
62,02,02,"N","GSM","κόσμου.","κόσμου","κόσμου","κόσμος"
62,02,03,"C",NULL,"Καὶ","Καὶ","καί","καί"
62,02,03,"P",NULL,"ἐν","ἐν","ἐν","ἐν"
62,02,03,"RD","DSN","τούτῳ","τούτῳ","τούτῳ","οὗτος"
62,02,03,"V","1PAI-P","γινώσκομεν","γινώσκομεν","γινώσκομεν","γινώσκω"
62,02,03,"C",NULL,"ὅτι","ὅτι","ὅτι","ὅτι"
62,02,03,"V","1XAI-P","ἐγνώκαμεν","ἐγνώκαμεν","ἐγνώκαμεν","γινώσκω"
62,02,03,"RP","ASM","αὐτόν,","αὐτόν","αὐτόν","αὐτός"
62,02,03,"C",NULL,"ἐὰν","ἐὰν","ἐάν","ἐάν"
62,02,03,"RA","APF","τὰς","τὰς","τάς","ὁ"
62,02,03,"N","APF","ἐντολὰς","ἐντολὰς","ἐντολάς","ἐντολή"
62,02,03,"RP","GSM","αὐτοῦ","αὐτοῦ","αὐτοῦ","αὐτός"
62,02,03,"V","1PAS-P","τηρῶμεν.","τηρῶμεν","τηρῶμεν","τηρέω"
62,02,04,"RA","NSM","ὁ","ὁ","ὁ","ὁ"
62,02,04,"V","PAPNSM","λέγων","λέγων","λέγων","λέγω"
62,02,04,"C",NULL,"⸀ὅτι","ὅτι","ὅτι","ὅτι"
62,02,04,"V","1XAI-S","Ἔγνωκα","Ἔγνωκα","ἔγνωκα","γινώσκω"
62,02,04,"RP","ASM","αὐτὸν","αὐτὸν","αὐτόν","αὐτός"
62,02,04,"C",NULL,"καὶ","καὶ","καί","καί"
62,02,04,"RA","APF","τὰς","τὰς","τάς","ὁ"
62,02,04,"N","APF","ἐντολὰς","ἐντολὰς","ἐντολάς","ἐντολή"
62,02,04,"RP","GSM","αὐτοῦ","αὐτοῦ","αὐτοῦ","αὐτός"
62,02,04,"D",NULL,"μὴ","μὴ","μή","μή"
62,02,04,"V","PAPNSM","τηρῶν","τηρῶν","τηρῶν","τηρέω"
62,02,04,"N","NSM","ψεύστης","ψεύστης","ψεύστης","ψεύστης"
62,02,04,"V","3PAI-S","ἐστίν,","ἐστίν","ἐστί(ν)","εἰμί"
62,02,04,"C",NULL,"καὶ","καὶ","καί","καί"
62,02,04,"P",NULL,"ἐν","ἐν","ἐν","ἐν"
62,02,04,"RD","DSM","τούτῳ","τούτῳ","τούτῳ","οὗτος"
62,02,04,"RA","NSF","ἡ","ἡ","ἡ","ὁ"
62,02,04,"N","NSF","ἀλήθεια","ἀλήθεια","ἀλήθεια","ἀλήθεια"
62,02,04,"D",NULL,"οὐκ","οὐκ","οὐ","οὐ"
62,02,04,"V","3PAI-S","ἔστιν·","ἔστιν","ἐστί(ν)","εἰμί"
62,02,05,"RR","NSM","ὃς","ὃς","ὅς","ὅς"
62,02,05,"C",NULL,"δ’","δ’","δέ","δέ"
62,02,05,"X",NULL,"ἂν","ἂν","ἄν","ἄν"
62,02,05,"V","3PAS-S","τηρῇ","τηρῇ","τηρῇ","τηρέω"
62,02,05,"RP","GSM","αὐτοῦ","αὐτοῦ","αὐτοῦ","αὐτός"
62,02,05,"RA","ASM","τὸν","τὸν","τόν","ὁ"
62,02,05,"N","ASM","λόγον,","λόγον","λόγον","λόγος"
62,02,05,"D",NULL,"ἀληθῶς","ἀληθῶς","ἀληθῶς","ἀληθῶς"
62,02,05,"P",NULL,"ἐν","ἐν","ἐν","ἐν"
62,02,05,"RD","DSM","τούτῳ","τούτῳ","τούτῳ","οὗτος"
62,02,05,"RA","NSF","ἡ","ἡ","ἡ","ὁ"
62,02,05,"N","NSF","ἀγάπη","ἀγάπη","ἀγάπη","ἀγάπη"
62,02,05,"RA","GSM","τοῦ","τοῦ","τοῦ","ὁ"
62,02,05,"N","GSM","θεοῦ","θεοῦ","θεοῦ","θεός"
62,02,05,"V","3XPI-S","τετελείωται.","τετελείωται","τετελείωται","τελειόω"
62,02,05,"P",NULL,"ἐν","ἐν","ἐν","ἐν"
62,02,05,"RD","DSN","τούτῳ","τούτῳ","τούτῳ","οὗτος"
62,02,05,"V","1PAI-P","γινώσκομεν","γινώσκομεν","γινώσκομεν","γινώσκω"
62,02,05,"C",NULL,"ὅτι","ὅτι","ὅτι","ὅτι"
62,02,05,"P",NULL,"ἐν","ἐν","ἐν","ἐν"
62,02,05,"RP","DSM","αὐτῷ","αὐτῷ","αὐτῷ","αὐτός"
62,02,05,"V","1PAI-P","ἐσμεν·","ἐσμεν","ἐσμέν","εἰμί"
62,02,06,"RA","NSM","ὁ","ὁ","ὁ","ὁ"
62,02,06,"V","PAPNSM","λέγων","λέγων","λέγων","λέγω"
62,02,06,"P",NULL,"ἐν","ἐν","ἐν","ἐν"
62,02,06,"RP","DSM","αὐτῷ","αὐτῷ","αὐτῷ","αὐτός"
62,02,06,"V","PAN","μένειν","μένειν","μένειν","μένω"
62,02,06,"V","3PAI-S","ὀφείλει","ὀφείλει","ὀφείλει","ὀφείλω"
62,02,06,"C",NULL,"καθὼς","καθὼς","καθώς","καθώς"
62,02,06,"RD","NSM","ἐκεῖνος","ἐκεῖνος","ἐκεῖνος","ἐκεῖνος"
62,02,06,"V","3AAI-S","περιεπάτησεν","περιεπάτησεν","περιεπάτησε(ν)","περιπατέω"
62,02,06,"D",NULL,"καὶ","καὶ","καί","καί"
62,02,06,"RP","NSM","⸀αὐτὸς","αὐτὸς","αὐτός","αὐτός"
62,02,06,"V","PAN","περιπατεῖν.","περιπατεῖν","περιπατεῖν","περιπατέω"
62,02,07,"A","VPM","⸀Ἀγαπητοί,","Ἀγαπητοί","ἀγαπητοί","ἀγαπητός"
62,02,07,"D",NULL,"οὐκ","οὐκ","οὐ","οὐ"
62,02,07,"N","ASF","ἐντολὴν","ἐντολὴν","ἐντολήν","ἐντολή"
62,02,07,"A","ASF","καινὴν","καινὴν","καινήν","καινός"
62,02,07,"V","1PAI-S","γράφω","γράφω","γράφω","γράφω"
62,02,07,"RP","DP","ὑμῖν,","ὑμῖν","ὑμῖν","σύ"
62,02,07,"C",NULL,"ἀλλ’","ἀλλ’","ἀλλά","ἀλλά"
62,02,07,"N","ASF","ἐντολὴν","ἐντολὴν","ἐντολήν","ἐντολή"
62,02,07,"A","ASF","παλαιὰν","παλαιὰν","παλαιάν","παλαιός"
62,02,07,"RR","ASF","ἣν","ἣν","ἥν","ὅς"
62,02,07,"V","2IAI-P","εἴχετε","εἴχετε","εἴχετε","ἔχω"
62,02,07,"P",NULL,"ἀπ’","ἀπ’","ἀπό","ἀπό"
62,02,07,"N","GSF","ἀρχῆς·","ἀρχῆς","ἀρχῆς","ἀρχή"
62,02,07,"RA","NSF","ἡ","ἡ","ἡ","ὁ"
62,02,07,"N","NSF","ἐντολὴ","ἐντολὴ","ἐντολή","ἐντολή"
62,02,07,"RA","NSF","ἡ","ἡ","ἡ","ὁ"
62,02,07,"A","NSF","παλαιά","παλαιά","παλαιά","παλαιός"
62,02,07,"V","3PAI-S","ἐστιν","ἐστιν","ἐστί(ν)","εἰμί"
62,02,07,"RA","NSM","ὁ","ὁ","ὁ","ὁ"
62,02,07,"N","NSM","λόγος","λόγος","λόγος","λόγος"
62,02,07,"RR","ASM","ὃν","ὃν","ὅν","ὅς"
62,02,07,"V","2AAI-P","⸀ἠκούσατε.","ἠκούσατε","ἠκούσατε","ἀκούω"
62,02,08,"D",NULL,"πάλιν","πάλιν","πάλιν","πάλιν"
62,02,08,"N","ASF","ἐντολὴν","ἐντολὴν","ἐντολήν","ἐντολή"
62,02,08,"A","ASF","καινὴν","καινὴν","καινήν","καινός"
62,02,08,"V","1PAI-S","γράφω","γράφω","γράφω","γράφω"
62,02,08,"RP","DP","ὑμῖν,","ὑμῖν","ὑμῖν","σύ"
62,02,08,"RR","NSN","ὅ","ὅ","ὅ","ὅς"
62,02,08,"V","3PAI-S","ἐστιν","ἐστιν","ἐστί(ν)","εἰμί"
62,02,08,"A","NSN","ἀληθὲς","ἀληθὲς","ἀληθές","ἀληθής"
62,02,08,"P",NULL,"ἐν","ἐν","ἐν","ἐν"
62,02,08,"RP","DSM","αὐτῷ","αὐτῷ","αὐτῷ","αὐτός"
62,02,08,"C",NULL,"καὶ","καὶ","καί","καί"
62,02,08,"P",NULL,"ἐν","ἐν","ἐν","ἐν"
62,02,08,"RP","DP","ὑμῖν,","ὑμῖν","ὑμῖν","σύ"
62,02,08,"C",NULL,"ὅτι","ὅτι","ὅτι","ὅτι"
62,02,08,"RA","NSF","ἡ","ἡ","ἡ","ὁ"
62,02,08,"N","NSF","σκοτία","σκοτία","σκοτία","σκοτία"
62,02,08,"V","3PPI-S","παράγεται","παράγεται","παράγεται","παράγω"
62,02,08,"C",NULL,"καὶ","καὶ","καί","καί"
62,02,08,"RA","NSN","τὸ","τὸ","τό","ὁ"
62,02,08,"N","NSN","φῶς","φῶς","φῶς","φῶς"
62,02,08,"RA","NSN","τὸ","τὸ","τό","ὁ"
62,02,08,"A","NSN","ἀληθινὸν","ἀληθινὸν","ἀληθινόν","ἀληθινός"
62,02,08,"D",NULL,"ἤδη","ἤδη","ἤδη","ἤδη"
62,02,08,"V","3PAI-S","φαίνει.","φαίνει","φαίνει","φαίνω"
62,02,09,"RA","NSM","ὁ","ὁ","ὁ","ὁ"
62,02,09,"V","PAPNSM","λέγων","λέγων","λέγων","λέγω"
62,02,09,"P",NULL,"ἐν","ἐν","ἐν","ἐν"
62,02,09,"RA","DSN","τῷ","τῷ","τῷ","ὁ"
62,02,09,"N","DSN","φωτὶ","φωτὶ","φωτί","φῶς"
62,02,09,"V","PAN","εἶναι","εἶναι","εἶναι","εἰμί"
62,02,09,"C",NULL,"καὶ","καὶ","καί","καί"
62,02,09,"RA","ASM","τὸν","τὸν","τόν","ὁ"
62,02,09,"N","ASM","ἀδελφὸν","ἀδελφὸν","ἀδελφόν","ἀδελφός"
62,02,09,"RP","GSM","αὐτοῦ","αὐτοῦ","αὐτοῦ","αὐτός"
62,02,09,"V","PAPNSM","μισῶν","μισῶν","μισῶν","μισέω"
62,02,09,"P",NULL,"ἐν","ἐν","ἐν","ἐν"
62,02,09,"RA","DSF","τῇ","τῇ","τῇ","ὁ"
62,02,09,"N","DSF","σκοτίᾳ","σκοτίᾳ","σκοτίᾳ","σκοτία"
62,02,09,"V","3PAI-S","ἐστὶν","ἐστὶν","ἐστί(ν)","εἰμί"
62,02,09,"P",NULL,"ἕως","ἕως","ἕως","ἕως"
62,02,09,"D",NULL,"ἄρτι.","ἄρτι","ἄρτι","ἄρτι"
62,02,10,"RA","NSM","ὁ","ὁ","ὁ","ὁ"
62,02,10,"V","PAPNSM","ἀγαπῶν","ἀγαπῶν","ἀγαπῶν","ἀγαπάω"
62,02,10,"RA","ASM","τὸν","τὸν","τόν","ὁ"
62,02,10,"N","ASM","ἀδελφὸν","ἀδελφὸν","ἀδελφόν","ἀδελφός"
62,02,10,"RP","GSM","αὐτοῦ","αὐτοῦ","αὐτοῦ","αὐτός"
62,02,10,"P",NULL,"ἐν","ἐν","ἐν","ἐν"
62,02,10,"RA","DSN","τῷ","τῷ","τῷ","ὁ"
62,02,10,"N","DSN","φωτὶ","φωτὶ","φωτί","φῶς"
62,02,10,"V","3PAI-S","μένει,","μένει","μένει","μένω"
62,02,10,"C",NULL,"καὶ","καὶ","καί","καί"
62,02,10,"N","NSN","σκάνδαλον","σκάνδαλον","σκάνδαλον","σκάνδαλον"
62,02,10,"P",NULL,"ἐν","ἐν","ἐν","ἐν"
62,02,10,"RP","DSM","αὐτῷ","αὐτῷ","αὐτῷ","αὐτός"
62,02,10,"D",NULL,"οὐκ","οὐκ","οὐ","οὐ"
62,02,10,"V","3PAI-S","ἔστιν·","ἔστιν","ἐστί(ν)","εἰμί"
62,02,11,"RA","NSM","ὁ","ὁ","ὁ","ὁ"
62,02,11,"C",NULL,"δὲ","δὲ","δέ","δέ"
62,02,11,"V","PAPNSM","μισῶν","μισῶν","μισῶν","μισέω"
62,02,11,"RA","ASM","τὸν","τὸν","τόν","ὁ"
62,02,11,"N","ASM","ἀδελφὸν","ἀδελφὸν","ἀδελφόν","ἀδελφός"
62,02,11,"RP","GSM","αὐτοῦ","αὐτοῦ","αὐτοῦ","αὐτός"
62,02,11,"P",NULL,"ἐν","ἐν","ἐν","ἐν"
62,02,11,"RA","DSF","τῇ","τῇ","τῇ","ὁ"
62,02,11,"N","DSF","σκοτίᾳ","σκοτίᾳ","σκοτίᾳ","σκοτία"
62,02,11,"V","3PAI-S","ἐστὶν","ἐστὶν","ἐστί(ν)","εἰμί"
62,02,11,"C",NULL,"καὶ","καὶ","καί","καί"
62,02,11,"P",NULL,"ἐν","ἐν","ἐν","ἐν"
62,02,11,"RA","DSF","τῇ","τῇ","τῇ","ὁ"
62,02,11,"N","DSF","σκοτίᾳ","σκοτίᾳ","σκοτίᾳ","σκοτία"
62,02,11,"V","3PAI-S","περιπατεῖ,","περιπατεῖ","περιπατεῖ","περιπατέω"
62,02,11,"C",NULL,"καὶ","καὶ","καί","καί"
62,02,11,"D",NULL,"οὐκ","οὐκ","οὐ","οὐ"
62,02,11,"V","3XAI-S","οἶδεν","οἶδεν","οἶδε(ν)","οἶδα"
62,02,11,"D",NULL,"ποῦ","ποῦ","ποῦ","ποῦ"
62,02,11,"V","3PAI-S","ὑπάγει,","ὑπάγει","ὑπάγει","ὑπάγω"
62,02,11,"C",NULL,"ὅτι","ὅτι","ὅτι","ὅτι"
62,02,11,"RA","NSF","ἡ","ἡ","ἡ","ὁ"
62,02,11,"N","NSF","σκοτία","σκοτία","σκοτία","σκοτία"
62,02,11,"V","3AAI-S","ἐτύφλωσεν","ἐτύφλωσεν","ἐτύφλωσε(ν)","τυφλόω"
62,02,11,"RA","APM","τοὺς","τοὺς","τούς","ὁ"
62,02,11,"N","APM","ὀφθαλμοὺς","ὀφθαλμοὺς","ὀφθαλμούς","ὀφθαλμός"
62,02,11,"RP","GSM","αὐτοῦ.","αὐτοῦ","αὐτοῦ","αὐτός"
62,02,12,"V","1PAI-S","Γράφω","Γράφω","γράφω","γράφω"
62,02,12,"RP","DP","ὑμῖν,","ὑμῖν","ὑμῖν","σύ"
62,02,12,"N","VPN","τεκνία,","τεκνία","τεκνία","τεκνίον"
62,02,12,"C",NULL,"ὅτι","ὅτι","ὅτι","ὅτι"
62,02,12,"V","3XPI-P","ἀφέωνται","ἀφέωνται","ἀφέωνται","ἀφίημι"
62,02,12,"RP","DP","ὑμῖν","ὑμῖν","ὑμῖν","σύ"
62,02,12,"RA","NPF","αἱ","αἱ","αἱ","ὁ"
62,02,12,"N","NPF","ἁμαρτίαι","ἁμαρτίαι","ἁμαρτίαι","ἁμαρτία"
62,02,12,"P",NULL,"διὰ","διὰ","διά","διά"
62,02,12,"RA","ASN","τὸ","τὸ","τό","ὁ"
62,02,12,"N","ASN","ὄνομα","ὄνομα","ὄνομα","ὄνομα"
62,02,12,"RP","GSM","αὐτοῦ·","αὐτοῦ","αὐτοῦ","αὐτός"
62,02,13,"V","1PAI-S","γράφω","γράφω","γράφω","γράφω"
62,02,13,"RP","DP","ὑμῖν,","ὑμῖν","ὑμῖν","σύ"
62,02,13,"N","VPM","πατέρες,","πατέρες","πατέρες","πατήρ"
62,02,13,"C",NULL,"ὅτι","ὅτι","ὅτι","ὅτι"
62,02,13,"V","2XAI-P","ἐγνώκατε","ἐγνώκατε","ἐγνώκατε","γινώσκω"
62,02,13,"RA","ASM","τὸν","τὸν","τόν","ὁ"
62,02,13,"P",NULL,"ἀπ’","ἀπ’","ἀπό","ἀπό"
62,02,13,"N","GSF","ἀρχῆς·","ἀρχῆς","ἀρχῆς","ἀρχή"
62,02,13,"V","1PAI-S","γράφω","γράφω","γράφω","γράφω"
62,02,13,"RP","DP","ὑμῖν,","ὑμῖν","ὑμῖν","σύ"
62,02,13,"N","VPM","νεανίσκοι,","νεανίσκοι","νεανίσκοι","νεανίσκος"
62,02,13,"C",NULL,"ὅτι","ὅτι","ὅτι","ὅτι"
62,02,13,"V","2XAI-P","νενικήκατε","νενικήκατε","νενικήκατε","νικάω"
62,02,13,"RA","ASM","τὸν","τὸν","τόν","ὁ"
62,02,13,"A","ASM","πονηρόν.","πονηρόν","πονηρόν","πονηρός"
62,02,14,"V","1AAI-S","⸀ἔγραψα","ἔγραψα","ἔγραψα","γράφω"
62,02,14,"RP","DP","ὑμῖν,","ὑμῖν","ὑμῖν","σύ"
62,02,14,"N","VPN","παιδία,","παιδία","παιδία","παιδίον"
62,02,14,"C",NULL,"ὅτι","ὅτι","ὅτι","ὅτι"
62,02,14,"V","2XAI-P","ἐγνώκατε","ἐγνώκατε","ἐγνώκατε","γινώσκω"
62,02,14,"RA","ASM","τὸν","τὸν","τόν","ὁ"
62,02,14,"N","ASM","πατέρα·","πατέρα","πατέρα","πατήρ"
62,02,14,"V","1AAI-S","ἔγραψα","ἔγραψα","ἔγραψα","γράφω"
62,02,14,"RP","DP","ὑμῖν,","ὑμῖν","ὑμῖν","σύ"
62,02,14,"N","VPM","πατέρες,","πατέρες","πατέρες","πατήρ"
62,02,14,"C",NULL,"ὅτι","ὅτι","ὅτι","ὅτι"
62,02,14,"V","2XAI-P","ἐγνώκατε","ἐγνώκατε","ἐγνώκατε","γινώσκω"
62,02,14,"RA","ASM","τὸν","τὸν","τόν","ὁ"
62,02,14,"P",NULL,"ἀπ’","ἀπ’","ἀπό","ἀπό"
62,02,14,"N","GSF","ἀρχῆς·","ἀρχῆς","ἀρχῆς","ἀρχή"
62,02,14,"V","1AAI-S","ἔγραψα","ἔγραψα","ἔγραψα","γράφω"
62,02,14,"RP","DP","ὑμῖν,","ὑμῖν","ὑμῖν","σύ"
62,02,14,"N","VPM","νεανίσκοι,","νεανίσκοι","νεανίσκοι","νεανίσκος"
62,02,14,"C",NULL,"ὅτι","ὅτι","ὅτι","ὅτι"
62,02,14,"A","NPM","ἰσχυροί","ἰσχυροί","ἰσχυροί","ἰσχυρός"
62,02,14,"V","2PAI-P","ἐστε","ἐστε","ἐστέ","εἰμί"
62,02,14,"C",NULL,"καὶ","καὶ","καί","καί"
62,02,14,"RA","NSM","ὁ","ὁ","ὁ","ὁ"
62,02,14,"N","NSM","λόγος","λόγος","λόγος","λόγος"
62,02,14,"RA","GSM","τοῦ","τοῦ","τοῦ","ὁ"
62,02,14,"N","GSM","θεοῦ","θεοῦ","θεοῦ","θεός"
62,02,14,"P",NULL,"ἐν","ἐν","ἐν","ἐν"
62,02,14,"RP","DP","ὑμῖν","ὑμῖν","ὑμῖν","σύ"
62,02,14,"V","3PAI-S","μένει","μένει","μένει","μένω"
62,02,14,"C",NULL,"καὶ","καὶ","καί","καί"
62,02,14,"V","2XAI-P","νενικήκατε","νενικήκατε","νενικήκατε","νικάω"
62,02,14,"RA","ASM","τὸν","τὸν","τόν","ὁ"
62,02,14,"A","ASM","πονηρόν.","πονηρόν","πονηρόν","πονηρός"
62,02,15,"D",NULL,"Μὴ","Μὴ","μή","μή"
62,02,15,"V","2PAD-P","ἀγαπᾶτε","ἀγαπᾶτε","ἀγαπᾶτε","ἀγαπάω"
62,02,15,"RA","ASM","τὸν","τὸν","τόν","ὁ"
62,02,15,"N","ASM","κόσμον","κόσμον","κόσμον","κόσμος"
62,02,15,"C",NULL,"μηδὲ","μηδὲ","μηδέ","μηδέ"
62,02,15,"RA","APN","τὰ","τὰ","τά","ὁ"
62,02,15,"P",NULL,"ἐν","ἐν","ἐν","ἐν"
62,02,15,"RA","DSM","τῷ","τῷ","τῷ","ὁ"
62,02,15,"N","DSM","κόσμῳ.","κόσμῳ","κόσμῳ","κόσμος"
62,02,15,"C",NULL,"ἐάν","ἐάν","ἐάν","ἐάν"
62,02,15,"RI","NSM","τις","τις","τὶς","τις"
62,02,15,"V","3PAS-S","ἀγαπᾷ","ἀγαπᾷ","ἀγαπᾷ","ἀγαπάω"
62,02,15,"RA","ASM","τὸν","τὸν","τόν","ὁ"
62,02,15,"N","ASM","κόσμον,","κόσμον","κόσμον","κόσμος"
62,02,15,"D",NULL,"οὐκ","οὐκ","οὐ","οὐ"
62,02,15,"V","3PAI-S","ἔστιν","ἔστιν","ἐστί(ν)","εἰμί"
62,02,15,"RA","NSF","ἡ","ἡ","ἡ","ὁ"
62,02,15,"N","NSF","ἀγάπη","ἀγάπη","ἀγάπη","ἀγάπη"
62,02,15,"RA","GSM","τοῦ","τοῦ","τοῦ","ὁ"
62,02,15,"N","GSM","πατρὸς","πατρὸς","πατρός","πατήρ"
62,02,15,"P",NULL,"ἐν","ἐν","ἐν","ἐν"
62,02,15,"RP","DSM","αὐτῷ·","αὐτῷ","αὐτῷ","αὐτός"
62,02,16,"C",NULL,"ὅτι","ὅτι","ὅτι","ὅτι"
62,02,16,"A","NSN","πᾶν","πᾶν","πᾶν","πᾶς"
62,02,16,"RA","NSN","τὸ","τὸ","τό","ὁ"
62,02,16,"P",NULL,"ἐν","ἐν","ἐν","ἐν"
62,02,16,"RA","DSM","τῷ","τῷ","τῷ","ὁ"
62,02,16,"N","DSM","κόσμῳ,","κόσμῳ","κόσμῳ","κόσμος"
62,02,16,"RA","NSF","ἡ","ἡ","ἡ","ὁ"
62,02,16,"N","NSF","ἐπιθυμία","ἐπιθυμία","ἐπιθυμία","ἐπιθυμία"
62,02,16,"RA","GSF","τῆς","τῆς","τῆς","ὁ"
62,02,16,"N","GSF","σαρκὸς","σαρκὸς","σαρκός","σάρξ"
62,02,16,"C",NULL,"καὶ","καὶ","καί","καί"
62,02,16,"RA","NSF","ἡ","ἡ","ἡ","ὁ"
62,02,16,"N","NSF","ἐπιθυμία","ἐπιθυμία","ἐπιθυμία","ἐπιθυμία"
62,02,16,"RA","GPM","τῶν","τῶν","τῶν","ὁ"
62,02,16,"N","GPM","ὀφθαλμῶν","ὀφθαλμῶν","ὀφθαλμῶν","ὀφθαλμός"
62,02,16,"C",NULL,"καὶ","καὶ","καί","καί"
62,02,16,"RA","NSF","ἡ","ἡ","ἡ","ὁ"
62,02,16,"N","NSF","ἀλαζονεία","ἀλαζονεία","ἀλαζονεία","ἀλαζονεία"
62,02,16,"RA","GSM","τοῦ","τοῦ","τοῦ","ὁ"
62,02,16,"N","GSM","βίου,","βίου","βίου","βίος"
62,02,16,"D",NULL,"οὐκ","οὐκ","οὐ","οὐ"
62,02,16,"V","3PAI-S","ἔστιν","ἔστιν","ἐστί(ν)","εἰμί"
62,02,16,"P",NULL,"ἐκ","ἐκ","ἐκ","ἐκ"
62,02,16,"RA","GSM","τοῦ","τοῦ","τοῦ","ὁ"
62,02,16,"N","GSM","πατρός,","πατρός","πατρός","πατήρ"
62,02,16,"C",NULL,"ἀλλὰ","ἀλλὰ","ἀλλά","ἀλλά"
62,02,16,"P",NULL,"ἐκ","ἐκ","ἐκ","ἐκ"
62,02,16,"RA","GSM","τοῦ","τοῦ","τοῦ","ὁ"
62,02,16,"N","GSM","κόσμου","κόσμου","κόσμου","κόσμος"
62,02,16,"V","3PAI-S","ἐστίν·","ἐστίν","ἐστί(ν)","εἰμί"
62,02,17,"C",NULL,"καὶ","καὶ","καί","καί"
62,02,17,"RA","NSM","ὁ","ὁ","ὁ","ὁ"
62,02,17,"N","NSM","κόσμος","κόσμος","κόσμος","κόσμος"
62,02,17,"V","3PPI-S","παράγεται","παράγεται","παράγεται","παράγω"
62,02,17,"C",NULL,"καὶ","καὶ","καί","καί"
62,02,17,"RA","NSF","ἡ","ἡ","ἡ","ὁ"
62,02,17,"N","NSF","ἐπιθυμία","ἐπιθυμία","ἐπιθυμία","ἐπιθυμία"
62,02,17,"RP","GSM","αὐτοῦ,","αὐτοῦ","αὐτοῦ","αὐτός"
62,02,17,"RA","NSM","ὁ","ὁ","ὁ","ὁ"
62,02,17,"C",NULL,"δὲ","δὲ","δέ","δέ"
62,02,17,"V","PAPNSM","ποιῶν","ποιῶν","ποιῶν","ποιέω"
62,02,17,"RA","ASN","τὸ","τὸ","τό","ὁ"
62,02,17,"N","ASN","θέλημα","θέλημα","θέλημα","θέλημα"
62,02,17,"RA","GSM","τοῦ","τοῦ","τοῦ","ὁ"
62,02,17,"N","GSM","θεοῦ","θεοῦ","θεοῦ","θεός"
62,02,17,"V","3PAI-S","μένει","μένει","μένει","μένω"
62,02,17,"P",NULL,"εἰς","εἰς","εἰς","εἰς"
62,02,17,"RA","ASM","τὸν","τὸν","τόν","ὁ"
62,02,17,"N","ASM","αἰῶνα.","αἰῶνα","αἰῶνα","αἰών"
62,02,18,"N","VPN","Παιδία,","Παιδία","παιδία","παιδίον"
62,02,18,"A","NSF","ἐσχάτη","ἐσχάτη","ἐσχάτη","ἔσχατος"
62,02,18,"N","NSF","ὥρα","ὥρα","ὥρα","ὥρα"
62,02,18,"V","3PAI-S","ἐστίν,","ἐστίν","ἐστί(ν)","εἰμί"
62,02,18,"C",NULL,"καὶ","καὶ","καί","καί"
62,02,18,"C",NULL,"καθὼς","καθὼς","καθώς","καθώς"
62,02,18,"V","2AAI-P","ἠκούσατε","ἠκούσατε","ἠκούσατε","ἀκούω"
62,02,18,"C",NULL,"⸀ὅτι","ὅτι","ὅτι","ὅτι"
62,02,18,"N","NSM","ἀντίχριστος","ἀντίχριστος","ἀντίχριστος","ἀντίχριστος"
62,02,18,"V","3PMI-S","ἔρχεται,","ἔρχεται","ἔρχεται","ἔρχομαι"
62,02,18,"D",NULL,"καὶ","καὶ","καί","καί"
62,02,18,"D",NULL,"νῦν","νῦν","νῦν","νῦν"
62,02,18,"N","NPM","ἀντίχριστοι","ἀντίχριστοι","ἀντίχριστοι","ἀντίχριστος"
62,02,18,"A","NPM","πολλοὶ","πολλοὶ","πολλοί","πολύς"
62,02,18,"V","3XAI-P","γεγόνασιν·","γεγόνασιν","γεγόνασι(ν)","γίνομαι"
62,02,18,"C",NULL,"ὅθεν","ὅθεν","ὅθεν","ὅθεν"
62,02,18,"V","1PAI-P","γινώσκομεν","γινώσκομεν","γινώσκομεν","γινώσκω"
62,02,18,"C",NULL,"ὅτι","ὅτι","ὅτι","ὅτι"
62,02,18,"A","NSF","ἐσχάτη","ἐσχάτη","ἐσχάτη","ἔσχατος"
62,02,18,"N","NSF","ὥρα","ὥρα","ὥρα","ὥρα"
62,02,18,"V","3PAI-S","ἐστίν.","ἐστίν","ἐστί(ν)","εἰμί"
62,02,19,"P",NULL,"ἐξ","ἐξ","ἐκ","ἐκ"
62,02,19,"RP","GP","ἡμῶν","ἡμῶν","ἡμῶν","ἐγώ"
62,02,19,"V","3AAI-P","ἐξῆλθαν,","ἐξῆλθαν","ἐξῆλθαν","ἐξέρχομαι"
62,02,19,"C",NULL,"ἀλλ’","ἀλλ’","ἀλλά","ἀλλά"
62,02,19,"D",NULL,"οὐκ","οὐκ","οὐ","οὐ"
62,02,19,"V","3IAI-P","ἦσαν","ἦσαν","ἦσαν","εἰμί"
62,02,19,"P",NULL,"ἐξ","ἐξ","ἐκ","ἐκ"
62,02,19,"RP","GP","ἡμῶν·","ἡμῶν","ἡμῶν","ἐγώ"
62,02,19,"C",NULL,"εἰ","εἰ","εἰ","εἰ"
62,02,19,"C",NULL,"γὰρ","γὰρ","γάρ","γάρ"
62,02,19,"P",NULL,"⸂ἐξ","ἐξ","ἐκ","ἐκ"
62,02,19,"RP","GP","ἡμῶν","ἡμῶν","ἡμῶν","ἐγώ"
62,02,19,"V","3IAI-P","ἦσαν⸃,","ἦσαν","ἦσαν","εἰμί"
62,02,19,"V","3YAI-P","μεμενήκεισαν","μεμενήκεισαν","μεμενήκεισαν","μένω"
62,02,19,"X",NULL,"ἂν","ἂν","ἄν","ἄν"
62,02,19,"P",NULL,"μεθ’","μεθ’","μετά","μετά"
62,02,19,"RP","GP","ἡμῶν·","ἡμῶν","ἡμῶν","ἐγώ"
62,02,19,"C",NULL,"ἀλλ’","ἀλλ’","ἀλλά","ἀλλά"
62,02,19,"C",NULL,"ἵνα","ἵνα","ἵνα","ἵνα"
62,02,19,"V","3APS-P","φανερωθῶσιν","φανερωθῶσιν","φανερωθῶσι(ν)","φανερόω"
62,02,19,"C",NULL,"ὅτι","ὅτι","ὅτι","ὅτι"
62,02,19,"D",NULL,"οὐκ","οὐκ","οὐ","οὐ"
62,02,19,"V","3PAI-P","εἰσὶν","εἰσὶν","εἰσί(ν)","εἰμί"
62,02,19,"A","NPM","πάντες","πάντες","πάντες","πᾶς"
62,02,19,"P",NULL,"ἐξ","ἐξ","ἐκ","ἐκ"
62,02,19,"RP","GP","ἡμῶν.","ἡμῶν","ἡμῶν","ἐγώ"
62,02,20,"C",NULL,"καὶ","καὶ","καί","καί"
62,02,20,"RP","NP","ὑμεῖς","ὑμεῖς","ὑμεῖς","σύ"
62,02,20,"N","ASN","χρῖσμα","χρῖσμα","χρῖσμα","χρῖσμα"
62,02,20,"V","2PAI-P","ἔχετε","ἔχετε","ἔχετε","ἔχω"
62,02,20,"P",NULL,"ἀπὸ","ἀπὸ","ἀπό","ἀπό"
62,02,20,"RA","GSM","τοῦ","τοῦ","τοῦ","ὁ"
62,02,20,"A","GSM","ἁγίου","ἁγίου","ἁγίου","ἅγιος"
62,02,20,"C",NULL,"⸀καὶ","καὶ","καί","καί"
62,02,20,"V","2XAI-P","οἴδατε","οἴδατε","οἴδατε","οἶδα"
62,02,20,"A","NPM","⸀πάντες·","πάντες","πάντες","πᾶς"
62,02,21,"D",NULL,"οὐκ","οὐκ","οὐ","οὐ"
62,02,21,"V","1AAI-S","ἔγραψα","ἔγραψα","ἔγραψα","γράφω"
62,02,21,"RP","DP","ὑμῖν","ὑμῖν","ὑμῖν","σύ"
62,02,21,"C",NULL,"ὅτι","ὅτι","ὅτι","ὅτι"
62,02,21,"D",NULL,"οὐκ","οὐκ","οὐ","οὐ"
62,02,21,"V","2XAI-P","οἴδατε","οἴδατε","οἴδατε","οἶδα"
62,02,21,"RA","ASF","τὴν","τὴν","τήν","ὁ"
62,02,21,"N","ASF","ἀλήθειαν,","ἀλήθειαν","ἀλήθειαν","ἀλήθεια"
62,02,21,"C",NULL,"ἀλλ’","ἀλλ’","ἀλλά","ἀλλά"
62,02,21,"C",NULL,"ὅτι","ὅτι","ὅτι","ὅτι"
62,02,21,"V","2XAI-P","οἴδατε","οἴδατε","οἴδατε","οἶδα"
62,02,21,"RP","ASF","αὐτήν,","αὐτήν","αὐτήν","αὐτός"
62,02,21,"C",NULL,"καὶ","καὶ","καί","καί"
62,02,21,"C",NULL,"ὅτι","ὅτι","ὅτι","ὅτι"
62,02,21,"A","NSN","πᾶν","πᾶν","πᾶν","πᾶς"
62,02,21,"N","NSN","ψεῦδος","ψεῦδος","ψεῦδος","ψεῦδος"
62,02,21,"P",NULL,"ἐκ","ἐκ","ἐκ","ἐκ"
62,02,21,"RA","GSF","τῆς","τῆς","τῆς","ὁ"
62,02,21,"N","GSF","ἀληθείας","ἀληθείας","ἀληθείας","ἀλήθεια"
62,02,21,"D",NULL,"οὐκ","οὐκ","οὐ","οὐ"
62,02,21,"V","3PAI-S","ἔστιν.","ἔστιν","ἐστί(ν)","εἰμί"
62,02,22,"RI","NSM","τίς","τίς","τίς","τίς"
62,02,22,"V","3PAI-S","ἐστιν","ἐστιν","ἐστί(ν)","εἰμί"
62,02,22,"RA","NSM","ὁ","ὁ","ὁ","ὁ"
62,02,22,"N","NSM","ψεύστης","ψεύστης","ψεύστης","ψεύστης"
62,02,22,"C",NULL,"εἰ","εἰ","εἰ","εἰ"
62,02,22,"D",NULL,"μὴ","μὴ","μή","μή"
62,02,22,"RA","NSM","ὁ","ὁ","ὁ","ὁ"
62,02,22,"V","PMPNSM","ἀρνούμενος","ἀρνούμενος","ἀρνούμενος","ἀρνέομαι"
62,02,22,"C",NULL,"ὅτι","ὅτι","ὅτι","ὅτι"
62,02,22,"N","NSM","Ἰησοῦς","Ἰησοῦς","Ἰησοῦς","Ἰησοῦς"
62,02,22,"D",NULL,"οὐκ","οὐκ","οὐ","οὐ"
62,02,22,"V","3PAI-S","ἔστιν","ἔστιν","ἐστί(ν)","εἰμί"
62,02,22,"RA","NSM","ὁ","ὁ","ὁ","ὁ"
62,02,22,"N","NSM","χριστός;","χριστός","Χριστός","Χριστός"
62,02,22,"RD","NSM","οὗτός","οὗτός","οὗτος","οὗτος"
62,02,22,"V","3PAI-S","ἐστιν","ἐστιν","ἐστί(ν)","εἰμί"
62,02,22,"RA","NSM","ὁ","ὁ","ὁ","ὁ"
62,02,22,"N","NSM","ἀντίχριστος,","ἀντίχριστος","ἀντίχριστος","ἀντίχριστος"
62,02,22,"RA","NSM","ὁ","ὁ","ὁ","ὁ"
62,02,22,"V","PMPNSM","ἀρνούμενος","ἀρνούμενος","ἀρνούμενος","ἀρνέομαι"
62,02,22,"RA","ASM","τὸν","τὸν","τόν","ὁ"
62,02,22,"N","ASM","πατέρα","πατέρα","πατέρα","πατήρ"
62,02,22,"C",NULL,"καὶ","καὶ","καί","καί"
62,02,22,"RA","ASM","τὸν","τὸν","τόν","ὁ"
62,02,22,"N","ASM","υἱόν.","υἱόν","υἱόν","υἱός"
62,02,23,"A","NSM","πᾶς","πᾶς","πᾶς","πᾶς"
62,02,23,"RA","NSM","ὁ","ὁ","ὁ","ὁ"
62,02,23,"V","PMPNSM","ἀρνούμενος","ἀρνούμενος","ἀρνούμενος","ἀρνέομαι"
62,02,23,"RA","ASM","τὸν","τὸν","τόν","ὁ"
62,02,23,"N","ASM","υἱὸν","υἱὸν","υἱόν","υἱός"
62,02,23,"D",NULL,"οὐδὲ","οὐδὲ","οὐδέ","οὐδέ"
62,02,23,"RA","ASM","τὸν","τὸν","τόν","ὁ"
62,02,23,"N","ASM","πατέρα","πατέρα","πατέρα","πατήρ"
62,02,23,"V","3PAI-S","ἔχει·","ἔχει","ἔχει","ἔχω"
62,02,23,"RA","NSM","⸂ὁ","ὁ","ὁ","ὁ"
62,02,23,"V","PAPNSM","ὁμολογῶν","ὁμολογῶν","ὁμολογῶν","ὁμολογέω"
62,02,23,"RA","ASM","τὸν","τὸν","τόν","ὁ"
62,02,23,"N","ASM","υἱὸν","υἱὸν","υἱόν","υἱός"
62,02,23,"D",NULL,"καὶ","καὶ","καί","καί"
62,02,23,"RA","ASM","τὸν","τὸν","τόν","ὁ"
62,02,23,"N","ASM","πατέρα","πατέρα","πατέρα","πατήρ"
62,02,23,"V","3PAI-S","ἔχει⸃.","ἔχει","ἔχει","ἔχω"
62,02,24,"RP","NP","⸀ὑμεῖς","ὑμεῖς","ὑμεῖς","σύ"
62,02,24,"RR","ASN","ὃ","ὃ","ὅ","ὅς"
62,02,24,"V","2AAI-P","ἠκούσατε","ἠκούσατε","ἠκούσατε","ἀκούω"
62,02,24,"P",NULL,"ἀπ’","ἀπ’","ἀπό","ἀπό"
62,02,24,"N","GSF","ἀρχῆς,","ἀρχῆς","ἀρχῆς","ἀρχή"
62,02,24,"P",NULL,"ἐν","ἐν","ἐν","ἐν"
62,02,24,"RP","DP","ὑμῖν","ὑμῖν","ὑμῖν","σύ"
62,02,24,"V","3PAD-S","μενέτω·","μενέτω","μενέτω","μένω"
62,02,24,"C",NULL,"ἐὰν","ἐὰν","ἐάν","ἐάν"
62,02,24,"P",NULL,"ἐν","ἐν","ἐν","ἐν"
62,02,24,"RP","DP","ὑμῖν","ὑμῖν","ὑμῖν","σύ"
62,02,24,"V","3AAS-S","μείνῃ","μείνῃ","μείνῃ","μένω"
62,02,24,"RR","ASN","ὃ","ὃ","ὅ","ὅς"
62,02,24,"P",NULL,"ἀπ’","ἀπ’","ἀπό","ἀπό"
62,02,24,"N","GSF","ἀρχῆς","ἀρχῆς","ἀρχῆς","ἀρχή"
62,02,24,"V","2AAI-P","ἠκούσατε,","ἠκούσατε","ἠκούσατε","ἀκούω"
62,02,24,"D",NULL,"καὶ","καὶ","καί","καί"
62,02,24,"RP","NP","ὑμεῖς","ὑμεῖς","ὑμεῖς","σύ"
62,02,24,"P",NULL,"ἐν","ἐν","ἐν","ἐν"
62,02,24,"RA","DSM","τῷ","τῷ","τῷ","ὁ"
62,02,24,"N","DSM","υἱῷ","υἱῷ","υἱῷ","υἱός"
62,02,24,"C",NULL,"καὶ","καὶ","καί","καί"
62,02,24,"P",NULL,"ἐν","ἐν","ἐν","ἐν"
62,02,24,"RA","DSM","τῷ","τῷ","τῷ","ὁ"
62,02,24,"N","DSM","πατρὶ","πατρὶ","πατρί","πατήρ"
62,02,24,"V","2FAI-P","μενεῖτε.","μενεῖτε","μενεῖτε","μένω"
62,02,25,"C",NULL,"καὶ","καὶ","καί","καί"
62,02,25,"RD","NSF","αὕτη","αὕτη","αὕτη","οὗτος"
62,02,25,"V","3PAI-S","ἐστὶν","ἐστὶν","ἐστί(ν)","εἰμί"
62,02,25,"RA","NSF","ἡ","ἡ","ἡ","ὁ"
62,02,25,"N","NSF","ἐπαγγελία","ἐπαγγελία","ἐπαγγελία","ἐπαγγελία"
62,02,25,"RR","ASF","ἣν","ἣν","ἥν","ὅς"
62,02,25,"RP","NSM","αὐτὸς","αὐτὸς","αὐτός","αὐτός"
62,02,25,"V","3AMI-S","ἐπηγγείλατο","ἐπηγγείλατο","ἐπηγγείλατο","ἐπαγγέλλομαι"
62,02,25,"RP","DP","ἡμῖν,","ἡμῖν","ἡμῖν","ἐγώ"
62,02,25,"RA","ASF","τὴν","τὴν","τήν","ὁ"
62,02,25,"N","ASF","ζωὴν","ζωὴν","ζωήν","ζωή"
62,02,25,"RA","ASF","τὴν","τὴν","τήν","ὁ"
62,02,25,"A","ASF","αἰώνιον.","αἰώνιον","αἰώνιον","αἰώνιος"
62,02,26,"RD","APN","Ταῦτα","Ταῦτα","ταῦτα","οὗτος"
62,02,26,"V","1AAI-S","ἔγραψα","ἔγραψα","ἔγραψα","γράφω"
62,02,26,"RP","DP","ὑμῖν","ὑμῖν","ὑμῖν","σύ"
62,02,26,"P",NULL,"περὶ","περὶ","περί","περί"
62,02,26,"RA","GPM","τῶν","τῶν","τῶν","ὁ"
62,02,26,"V","PAPGPM","πλανώντων","πλανώντων","πλανώντων","πλανάω"
62,02,26,"RP","AP","ὑμᾶς.","ὑμᾶς","ὑμᾶς","σύ"
62,02,27,"C",NULL,"καὶ","καὶ","καί","καί"
62,02,27,"RP","NP","ὑμεῖς","ὑμεῖς","ὑμεῖς","σύ"
62,02,27,"RA","NSN","τὸ","τὸ","τό","ὁ"
62,02,27,"N","NSN","χρῖσμα","χρῖσμα","χρῖσμα","χρῖσμα"
62,02,27,"RR","ASN","ὃ","ὃ","ὅ","ὅς"
62,02,27,"V","2AAI-P","ἐλάβετε","ἐλάβετε","ἐλάβετε","λαμβάνω"
62,02,27,"P",NULL,"ἀπ’","ἀπ’","ἀπό","ἀπό"
62,02,27,"RP","GSM","αὐτοῦ","αὐτοῦ","αὐτοῦ","αὐτός"
62,02,27,"V","3PAI-S","⸂μένει","μένει","μένει","μένω"
62,02,27,"P",NULL,"ἐν","ἐν","ἐν","ἐν"
62,02,27,"RP","DP","ὑμῖν⸃,","ὑμῖν","ὑμῖν","σύ"
62,02,27,"C",NULL,"καὶ","καὶ","καί","καί"
62,02,27,"D",NULL,"οὐ","οὐ","οὐ","οὐ"
62,02,27,"N","ASF","χρείαν","χρείαν","χρείαν","χρεία"
62,02,27,"V","2PAI-P","ἔχετε","ἔχετε","ἔχετε","ἔχω"
62,02,27,"C",NULL,"ἵνα","ἵνα","ἵνα","ἵνα"
62,02,27,"RI","NSM","τις","τις","τὶς","τις"
62,02,27,"V","3PAS-S","διδάσκῃ","διδάσκῃ","διδάσκῃ","διδάσκω"
62,02,27,"RP","AP","ὑμᾶς·","ὑμᾶς","ὑμᾶς","σύ"
62,02,27,"C",NULL,"ἀλλ’","ἀλλ’","ἀλλά","ἀλλά"
62,02,27,"C",NULL,"ὡς","ὡς","ὡς","ὡς"
62,02,27,"RA","NSN","τὸ","τὸ","τό","ὁ"
62,02,27,"RP","GSM","⸀αὐτοῦ","αὐτοῦ","αὐτοῦ","αὐτός"
62,02,27,"N","NSN","χρῖσμα","χρῖσμα","χρῖσμα","χρῖσμα"
62,02,27,"V","3PAI-S","διδάσκει","διδάσκει","διδάσκει","διδάσκω"
62,02,27,"RP","AP","ὑμᾶς","ὑμᾶς","ὑμᾶς","σύ"
62,02,27,"P",NULL,"περὶ","περὶ","περί","περί"
62,02,27,"A","GPN","πάντων,","πάντων","πάντων","πᾶς"
62,02,27,"C",NULL,"καὶ","καὶ","καί","καί"
62,02,27,"A","NSN","ἀληθές","ἀληθές","ἀληθές","ἀληθής"
62,02,27,"V","3PAI-S","ἐστιν","ἐστιν","ἐστί(ν)","εἰμί"
62,02,27,"C",NULL,"καὶ","καὶ","καί","καί"
62,02,27,"D",NULL,"οὐκ","οὐκ","οὐ","οὐ"
62,02,27,"V","3PAI-S","ἔστιν","ἔστιν","ἐστί(ν)","εἰμί"
62,02,27,"N","NSN","ψεῦδος,","ψεῦδος","ψεῦδος","ψεῦδος"
62,02,27,"C",NULL,"καὶ","καὶ","καί","καί"
62,02,27,"C",NULL,"καθὼς","καθὼς","καθώς","καθώς"
62,02,27,"V","3AAI-S","ἐδίδαξεν","ἐδίδαξεν","ἐδίδαξε(ν)","διδάσκω"
62,02,27,"RP","AP","ὑμᾶς,","ὑμᾶς","ὑμᾶς","σύ"
62,02,27,"V","2PAI-P","⸀μένετε","μένετε","μένετε","μένω"
62,02,27,"P",NULL,"ἐν","ἐν","ἐν","ἐν"
62,02,27,"RP","DSM","αὐτῷ.","αὐτῷ","αὐτῷ","αὐτός"
62,02,28,"C",NULL,"Καὶ","Καὶ","καί","καί"
62,02,28,"D",NULL,"νῦν,","νῦν","νῦν","νῦν"
62,02,28,"N","VPN","τεκνία,","τεκνία","τεκνία","τεκνίον"
62,02,28,"V","2PAD-P","μένετε","μένετε","μένετε","μένω"
62,02,28,"P",NULL,"ἐν","ἐν","ἐν","ἐν"
62,02,28,"RP","DSM","αὐτῷ,","αὐτῷ","αὐτῷ","αὐτός"
62,02,28,"C",NULL,"ἵνα","ἵνα","ἵνα","ἵνα"
62,02,28,"C",NULL,"⸀ἐὰν","ἐὰν","ἐάν","ἐάν"
62,02,28,"V","3APS-S","φανερωθῇ","φανερωθῇ","φανερωθῇ","φανερόω"
62,02,28,"V","1AAS-P","⸀σχῶμεν","σχῶμεν","σχῶμεν","ἔχω"
62,02,28,"N","ASF","παρρησίαν","παρρησίαν","παρρησίαν","παρρησία"
62,02,28,"C",NULL,"καὶ","καὶ","καί","καί"
62,02,28,"D",NULL,"μὴ","μὴ","μή","μή"
62,02,28,"V","1APS-P","αἰσχυνθῶμεν","αἰσχυνθῶμεν","αἰσχυνθῶμεν","αἰσχύνομαι"
62,02,28,"P",NULL,"ἀπ’","ἀπ’","ἀπό","ἀπό"
62,02,28,"RP","GSM","αὐτοῦ","αὐτοῦ","αὐτοῦ","αὐτός"
62,02,28,"P",NULL,"ἐν","ἐν","ἐν","ἐν"
62,02,28,"RA","DSF","τῇ","τῇ","τῇ","ὁ"
62,02,28,"N","DSF","παρουσίᾳ","παρουσίᾳ","παρουσίᾳ","παρουσία"
62,02,28,"RP","GSM","αὐτοῦ.","αὐτοῦ","αὐτοῦ","αὐτός"
62,02,29,"C",NULL,"ἐὰν","ἐὰν","ἐάν","ἐάν"
62,02,29,"V","2XAS-P","εἰδῆτε","εἰδῆτε","εἰδῆτε","οἶδα"
62,02,29,"C",NULL,"ὅτι","ὅτι","ὅτι","ὅτι"
62,02,29,"A","NSM","δίκαιός","δίκαιός","δίκαιος","δίκαιος"
62,02,29,"V","3PAI-S","ἐστιν,","ἐστιν","ἐστί(ν)","εἰμί"
62,02,29,"V","2PAI-P","γινώσκετε","γινώσκετε","γινώσκετε","γινώσκω"
62,02,29,"C",NULL,"⸀ὅτι","ὅτι","ὅτι","ὅτι"
62,02,29,"A","NSM","πᾶς","πᾶς","πᾶς","πᾶς"
62,02,29,"RA","NSM","ὁ","ὁ","ὁ","ὁ"
62,02,29,"V","PAPNSM","ποιῶν","ποιῶν","ποιῶν","ποιέω"
62,02,29,"RA","ASF","τὴν","τὴν","τήν","ὁ"
62,02,29,"N","ASF","δικαιοσύνην","δικαιοσύνην","δικαιοσύνην","δικαιοσύνη"
62,02,29,"P",NULL,"ἐξ","ἐξ","ἐκ","ἐκ"
62,02,29,"RP","GSM","αὐτοῦ","αὐτοῦ","αὐτοῦ","αὐτός"
62,02,29,"V","3XPI-S","γεγέννηται.","γεγέννηται","γεγέννηται","γεννάω"
62,03,01,"V","2AAD-P","ἴδετε","ἴδετε","ἴδετε","ὁράω"
62,03,01,"RI","ASF","ποταπὴν","ποταπὴν","ποταπήν","ποταπός"
62,03,01,"N","ASF","ἀγάπην","ἀγάπην","ἀγάπην","ἀγάπη"
62,03,01,"V","3XAI-S","δέδωκεν","δέδωκεν","δέδωκε(ν)","δίδωμι"
62,03,01,"RP","DP","ἡμῖν","ἡμῖν","ἡμῖν","ἐγώ"
62,03,01,"RA","NSM","ὁ","ὁ","ὁ","ὁ"
62,03,01,"N","NSM","πατὴρ","πατὴρ","πατήρ","πατήρ"
62,03,01,"C",NULL,"ἵνα","ἵνα","ἵνα","ἵνα"
62,03,01,"N","NPN","τέκνα","τέκνα","τέκνα","τέκνον"
62,03,01,"N","GSM","θεοῦ","θεοῦ","θεοῦ","θεός"
62,03,01,"V","1APS-P","κληθῶμεν,","κληθῶμεν","κληθῶμεν","καλέω"
62,03,01,"C",NULL,"⸂καὶ","καὶ","καί","καί"
62,03,01,"V","1PAI-P","ἐσμέν⸃.","ἐσμέν","ἐσμέν","εἰμί"
62,03,01,"P",NULL,"διὰ","διὰ","διά","διά"
62,03,01,"RD","ASN","τοῦτο","τοῦτο","τοῦτο","οὗτος"
62,03,01,"RA","NSM","ὁ","ὁ","ὁ","ὁ"
62,03,01,"N","NSM","κόσμος","κόσμος","κόσμος","κόσμος"
62,03,01,"D",NULL,"οὐ","οὐ","οὐ","οὐ"
62,03,01,"V","3PAI-S","γινώσκει","γινώσκει","γινώσκει","γινώσκω"
62,03,01,"RP","AP","⸀ἡμᾶς","ἡμᾶς","ἡμᾶς","ἐγώ"
62,03,01,"C",NULL,"ὅτι","ὅτι","ὅτι","ὅτι"
62,03,01,"D",NULL,"οὐκ","οὐκ","οὐ","οὐ"
62,03,01,"V","3AAI-S","ἔγνω","ἔγνω","ἔγνω","γινώσκω"
62,03,01,"RP","ASM","αὐτόν.","αὐτόν","αὐτόν","αὐτός"
62,03,02,"A","VPM","ἀγαπητοί,","ἀγαπητοί","ἀγαπητοί","ἀγαπητός"
62,03,02,"D",NULL,"νῦν","νῦν","νῦν","νῦν"
62,03,02,"N","NPN","τέκνα","τέκνα","τέκνα","τέκνον"
62,03,02,"N","GSM","θεοῦ","θεοῦ","θεοῦ","θεός"
62,03,02,"V","1PAI-P","ἐσμεν,","ἐσμεν","ἐσμέν","εἰμί"
62,03,02,"C",NULL,"καὶ","καὶ","καί","καί"
62,03,02,"D",NULL,"οὔπω","οὔπω","οὔπω","οὔπω"
62,03,02,"V","3API-S","ἐφανερώθη","ἐφανερώθη","ἐφανερώθη","φανερόω"
62,03,02,"RI","NSN","τί","τί","τί","τίς"
62,03,02,"V","1FMI-P","ἐσόμεθα.","ἐσόμεθα","ἐσόμεθα","εἰμί"
62,03,02,"V","1XAI-P","⸀οἴδαμεν","οἴδαμεν","οἴδαμεν","οἶδα"
62,03,02,"C",NULL,"ὅτι","ὅτι","ὅτι","ὅτι"
62,03,02,"C",NULL,"ἐὰν","ἐὰν","ἐάν","ἐάν"
62,03,02,"V","3APS-S","φανερωθῇ","φανερωθῇ","φανερωθῇ","φανερόω"
62,03,02,"A","NPM","ὅμοιοι","ὅμοιοι","ὅμοιοι","ὅμοιος"
62,03,02,"RP","DSM","αὐτῷ","αὐτῷ","αὐτῷ","αὐτός"
62,03,02,"V","1FMI-P","ἐσόμεθα,","ἐσόμεθα","ἐσόμεθα","εἰμί"
62,03,02,"C",NULL,"ὅτι","ὅτι","ὅτι","ὅτι"
62,03,02,"V","1FMI-P","ὀψόμεθα","ὀψόμεθα","ὀψόμεθα","ὁράω"
62,03,02,"RP","ASM","αὐτὸν","αὐτὸν","αὐτόν","αὐτός"
62,03,02,"C",NULL,"καθώς","καθώς","καθώς","καθώς"
62,03,02,"V","3PAI-S","ἐστιν.","ἐστιν","ἐστί(ν)","εἰμί"
62,03,03,"C",NULL,"καὶ","καὶ","καί","καί"
62,03,03,"A","NSM","πᾶς","πᾶς","πᾶς","πᾶς"
62,03,03,"RA","NSM","ὁ","ὁ","ὁ","ὁ"
62,03,03,"V","PAPNSM","ἔχων","ἔχων","ἔχων","ἔχω"
62,03,03,"RA","ASF","τὴν","τὴν","τήν","ὁ"
62,03,03,"N","ASF","ἐλπίδα","ἐλπίδα","ἐλπίδα","ἐλπίς"
62,03,03,"RD","ASF","ταύτην","ταύτην","ταύτην","οὗτος"
62,03,03,"P",NULL,"ἐπ’","ἐπ’","ἐπί","ἐπί"
62,03,03,"RP","DSM","αὐτῷ","αὐτῷ","αὐτῷ","αὐτός"
62,03,03,"V","3PAI-S","ἁγνίζει","ἁγνίζει","ἁγνίζει","ἁγνίζω"
62,03,03,"RP","ASM","ἑαυτὸν","ἑαυτὸν","ἑαυτόν","ἑαυτοῦ"
62,03,03,"C",NULL,"καθὼς","καθὼς","καθώς","καθώς"
62,03,03,"RD","NSM","ἐκεῖνος","ἐκεῖνος","ἐκεῖνος","ἐκεῖνος"
62,03,03,"A","NSM","ἁγνός","ἁγνός","ἁγνός","ἁγνός"
62,03,03,"V","3PAI-S","ἐστιν.","ἐστιν","ἐστί(ν)","εἰμί"
62,03,04,"A","NSM","Πᾶς","Πᾶς","πᾶς","πᾶς"
62,03,04,"RA","NSM","ὁ","ὁ","ὁ","ὁ"
62,03,04,"V","PAPNSM","ποιῶν","ποιῶν","ποιῶν","ποιέω"
62,03,04,"RA","ASF","τὴν","τὴν","τήν","ὁ"
62,03,04,"N","ASF","ἁμαρτίαν","ἁμαρτίαν","ἁμαρτίαν","ἁμαρτία"
62,03,04,"D",NULL,"καὶ","καὶ","καί","καί"
62,03,04,"RA","ASF","τὴν","τὴν","τήν","ὁ"
62,03,04,"N","ASF","ἀνομίαν","ἀνομίαν","ἀνομίαν","ἀνομία"
62,03,04,"V","3PAI-S","ποιεῖ,","ποιεῖ","ποιεῖ","ποιέω"
62,03,04,"C",NULL,"καὶ","καὶ","καί","καί"
62,03,04,"RA","NSF","ἡ","ἡ","ἡ","ὁ"
62,03,04,"N","NSF","ἁμαρτία","ἁμαρτία","ἁμαρτία","ἁμαρτία"
62,03,04,"V","3PAI-S","ἐστὶν","ἐστὶν","ἐστί(ν)","εἰμί"
62,03,04,"RA","NSF","ἡ","ἡ","ἡ","ὁ"
62,03,04,"N","NSF","ἀνομία.","ἀνομία","ἀνομία","ἀνομία"
62,03,05,"C",NULL,"καὶ","καὶ","καί","καί"
62,03,05,"V","2XAI-P","οἴδατε","οἴδατε","οἴδατε","οἶδα"
62,03,05,"C",NULL,"ὅτι","ὅτι","ὅτι","ὅτι"
62,03,05,"RD","NSM","ἐκεῖνος","ἐκεῖνος","ἐκεῖνος","ἐκεῖνος"
62,03,05,"V","3API-S","ἐφανερώθη","ἐφανερώθη","ἐφανερώθη","φανερόω"
62,03,05,"C",NULL,"ἵνα","ἵνα","ἵνα","ἵνα"
62,03,05,"RA","APF","τὰς","τὰς","τάς","ὁ"
62,03,05,"N","APF","⸀ἁμαρτίας","ἁμαρτίας","ἁμαρτίας","ἁμαρτία"
62,03,05,"V","3AAS-S","ἄρῃ,","ἄρῃ","ἄρῃ","αἴρω"
62,03,05,"C",NULL,"καὶ","καὶ","καί","καί"
62,03,05,"N","NSF","ἁμαρτία","ἁμαρτία","ἁμαρτία","ἁμαρτία"
62,03,05,"P",NULL,"ἐν","ἐν","ἐν","ἐν"
62,03,05,"RP","DSM","αὐτῷ","αὐτῷ","αὐτῷ","αὐτός"
62,03,05,"D",NULL,"οὐκ","οὐκ","οὐ","οὐ"
62,03,05,"V","3PAI-S","ἔστιν.","ἔστιν","ἐστί(ν)","εἰμί"
62,03,06,"A","NSM","πᾶς","πᾶς","πᾶς","πᾶς"
62,03,06,"RA","NSM","ὁ","ὁ","ὁ","ὁ"
62,03,06,"P",NULL,"ἐν","ἐν","ἐν","ἐν"
62,03,06,"RP","DSM","αὐτῷ","αὐτῷ","αὐτῷ","αὐτός"
62,03,06,"V","PAPNSM","μένων","μένων","μένων","μένω"
62,03,06,"D",NULL,"οὐχ","οὐχ","οὐ","οὐ"
62,03,06,"V","3PAI-S","ἁμαρτάνει·","ἁμαρτάνει","ἁμαρτάνει","ἁμαρτάνω"
62,03,06,"A","NSM","πᾶς","πᾶς","πᾶς","πᾶς"
62,03,06,"RA","NSM","ὁ","ὁ","ὁ","ὁ"
62,03,06,"V","PAPNSM","ἁμαρτάνων","ἁμαρτάνων","ἁμαρτάνων","ἁμαρτάνω"
62,03,06,"D",NULL,"οὐχ","οὐχ","οὐ","οὐ"
62,03,06,"V","3XAI-S","ἑώρακεν","ἑώρακεν","ἑώρακε(ν)","ὁράω"
62,03,06,"RP","ASM","αὐτὸν","αὐτὸν","αὐτόν","αὐτός"
62,03,06,"C",NULL,"οὐδὲ","οὐδὲ","οὐδέ","οὐδέ"
62,03,06,"V","3XAI-S","ἔγνωκεν","ἔγνωκεν","ἔγνωκε(ν)","γινώσκω"
62,03,06,"RP","ASM","αὐτόν.","αὐτόν","αὐτόν","αὐτός"
62,03,07,"N","VPN","τεκνία,","τεκνία","τεκνία","τεκνίον"
62,03,07,"A","NSM","μηδεὶς","μηδεὶς","μηδείς","μηδείς"
62,03,07,"V","3PAD-S","πλανάτω","πλανάτω","πλανάτω","πλανάω"
62,03,07,"RP","AP","ὑμᾶς·","ὑμᾶς","ὑμᾶς","σύ"
62,03,07,"RA","NSM","ὁ","ὁ","ὁ","ὁ"
62,03,07,"V","PAPNSM","ποιῶν","ποιῶν","ποιῶν","ποιέω"
62,03,07,"RA","ASF","τὴν","τὴν","τήν","ὁ"
62,03,07,"N","ASF","δικαιοσύνην","δικαιοσύνην","δικαιοσύνην","δικαιοσύνη"
62,03,07,"A","NSM","δίκαιός","δίκαιός","δίκαιος","δίκαιος"
62,03,07,"V","3PAI-S","ἐστιν,","ἐστιν","ἐστί(ν)","εἰμί"
62,03,07,"C",NULL,"καθὼς","καθὼς","καθώς","καθώς"
62,03,07,"RD","NSM","ἐκεῖνος","ἐκεῖνος","ἐκεῖνος","ἐκεῖνος"
62,03,07,"A","NSM","δίκαιός","δίκαιός","δίκαιος","δίκαιος"
62,03,07,"V","3PAI-S","ἐστιν·","ἐστιν","ἐστί(ν)","εἰμί"
62,03,08,"RA","NSM","ὁ","ὁ","ὁ","ὁ"
62,03,08,"V","PAPNSM","ποιῶν","ποιῶν","ποιῶν","ποιέω"
62,03,08,"RA","ASF","τὴν","τὴν","τήν","ὁ"
62,03,08,"N","ASF","ἁμαρτίαν","ἁμαρτίαν","ἁμαρτίαν","ἁμαρτία"
62,03,08,"P",NULL,"ἐκ","ἐκ","ἐκ","ἐκ"
62,03,08,"RA","GSM","τοῦ","τοῦ","τοῦ","ὁ"
62,03,08,"A","GSM","διαβόλου","διαβόλου","διαβόλου","διάβολος"
62,03,08,"V","3PAI-S","ἐστίν,","ἐστίν","ἐστί(ν)","εἰμί"
62,03,08,"C",NULL,"ὅτι","ὅτι","ὅτι","ὅτι"
62,03,08,"P",NULL,"ἀπ’","ἀπ’","ἀπό","ἀπό"
62,03,08,"N","GSF","ἀρχῆς","ἀρχῆς","ἀρχῆς","ἀρχή"
62,03,08,"RA","NSM","ὁ","ὁ","ὁ","ὁ"
62,03,08,"A","NSM","διάβολος","διάβολος","διάβολος","διάβολος"
62,03,08,"V","3PAI-S","ἁμαρτάνει.","ἁμαρτάνει","ἁμαρτάνει","ἁμαρτάνω"
62,03,08,"P",NULL,"εἰς","εἰς","εἰς","εἰς"
62,03,08,"RD","ASN","τοῦτο","τοῦτο","τοῦτο","οὗτος"
62,03,08,"V","3API-S","ἐφανερώθη","ἐφανερώθη","ἐφανερώθη","φανερόω"
62,03,08,"RA","NSM","ὁ","ὁ","ὁ","ὁ"
62,03,08,"N","NSM","υἱὸς","υἱὸς","υἱός","υἱός"
62,03,08,"RA","GSM","τοῦ","τοῦ","τοῦ","ὁ"
62,03,08,"N","GSM","θεοῦ","θεοῦ","θεοῦ","θεός"
62,03,08,"C",NULL,"ἵνα","ἵνα","ἵνα","ἵνα"
62,03,08,"V","3AAS-S","λύσῃ","λύσῃ","λύσῃ","λύω"
62,03,08,"RA","APN","τὰ","τὰ","τά","ὁ"
62,03,08,"N","APN","ἔργα","ἔργα","ἔργα","ἔργον"
62,03,08,"RA","GSM","τοῦ","τοῦ","τοῦ","ὁ"
62,03,08,"A","GSM","διαβόλου.","διαβόλου","διαβόλου","διάβολος"
62,03,09,"A","NSM","πᾶς","πᾶς","πᾶς","πᾶς"
62,03,09,"RA","NSM","ὁ","ὁ","ὁ","ὁ"
62,03,09,"V","XPPNSM","γεγεννημένος","γεγεννημένος","γεγεννημένος","γεννάω"
62,03,09,"P",NULL,"ἐκ","ἐκ","ἐκ","ἐκ"
62,03,09,"RA","GSM","τοῦ","τοῦ","τοῦ","ὁ"
62,03,09,"N","GSM","θεοῦ","θεοῦ","θεοῦ","θεός"
62,03,09,"N","ASF","ἁμαρτίαν","ἁμαρτίαν","ἁμαρτίαν","ἁμαρτία"
62,03,09,"D",NULL,"οὐ","οὐ","οὐ","οὐ"
62,03,09,"V","3PAI-S","ποιεῖ,","ποιεῖ","ποιεῖ","ποιέω"
62,03,09,"C",NULL,"ὅτι","ὅτι","ὅτι","ὅτι"
62,03,09,"N","NSN","σπέρμα","σπέρμα","σπέρμα","σπέρμα"
62,03,09,"RP","GSM","αὐτοῦ","αὐτοῦ","αὐτοῦ","αὐτός"
62,03,09,"P",NULL,"ἐν","ἐν","ἐν","ἐν"
62,03,09,"RP","DSM","αὐτῷ","αὐτῷ","αὐτῷ","αὐτός"
62,03,09,"V","3PAI-S","μένει,","μένει","μένει","μένω"
62,03,09,"C",NULL,"καὶ","καὶ","καί","καί"
62,03,09,"D",NULL,"οὐ","οὐ","οὐ","οὐ"
62,03,09,"V","3PMI-S","δύναται","δύναται","δύναται","δύναμαι"
62,03,09,"V","PAN","ἁμαρτάνειν,","ἁμαρτάνειν","ἁμαρτάνειν","ἁμαρτάνω"
62,03,09,"C",NULL,"ὅτι","ὅτι","ὅτι","ὅτι"
62,03,09,"P",NULL,"ἐκ","ἐκ","ἐκ","ἐκ"
62,03,09,"RA","GSM","τοῦ","τοῦ","τοῦ","ὁ"
62,03,09,"N","GSM","θεοῦ","θεοῦ","θεοῦ","θεός"
62,03,09,"V","3XPI-S","γεγέννηται.","γεγέννηται","γεγέννηται","γεννάω"
62,03,10,"P",NULL,"ἐν","ἐν","ἐν","ἐν"
62,03,10,"RD","DSN","τούτῳ","τούτῳ","τούτῳ","οὗτος"
62,03,10,"A","NPN","φανερά","φανερά","φανερά","φανερός"
62,03,10,"V","3PAI-S","ἐστιν","ἐστιν","ἐστί(ν)","εἰμί"
62,03,10,"RA","NPN","τὰ","τὰ","τά","ὁ"
62,03,10,"N","NPN","τέκνα","τέκνα","τέκνα","τέκνον"
62,03,10,"RA","GSM","τοῦ","τοῦ","τοῦ","ὁ"
62,03,10,"N","GSM","θεοῦ","θεοῦ","θεοῦ","θεός"
62,03,10,"C",NULL,"καὶ","καὶ","καί","καί"
62,03,10,"RA","NPN","τὰ","τὰ","τά","ὁ"
62,03,10,"N","NPN","τέκνα","τέκνα","τέκνα","τέκνον"
62,03,10,"RA","GSM","τοῦ","τοῦ","τοῦ","ὁ"
62,03,10,"A","GSM","διαβόλου·","διαβόλου","διαβόλου","διάβολος"
62,03,10,"A","NSM","πᾶς","πᾶς","πᾶς","πᾶς"
62,03,10,"RA","NSM","ὁ","ὁ","ὁ","ὁ"
62,03,10,"D",NULL,"μὴ","μὴ","μή","μή"
62,03,10,"V","PAPNSM","ποιῶν","ποιῶν","ποιῶν","ποιέω"
62,03,10,"N","ASF","δικαιοσύνην","δικαιοσύνην","δικαιοσύνην","δικαιοσύνη"
62,03,10,"D",NULL,"οὐκ","οὐκ","οὐ","οὐ"
62,03,10,"V","3PAI-S","ἔστιν","ἔστιν","ἐστί(ν)","εἰμί"
62,03,10,"P",NULL,"ἐκ","ἐκ","ἐκ","ἐκ"
62,03,10,"RA","GSM","τοῦ","τοῦ","τοῦ","ὁ"
62,03,10,"N","GSM","θεοῦ,","θεοῦ","θεοῦ","θεός"
62,03,10,"C",NULL,"καὶ","καὶ","καί","καί"
62,03,10,"RA","NSM","ὁ","ὁ","ὁ","ὁ"
62,03,10,"D",NULL,"μὴ","μὴ","μή","μή"
62,03,10,"V","PAPNSM","ἀγαπῶν","ἀγαπῶν","ἀγαπῶν","ἀγαπάω"
62,03,10,"RA","ASM","τὸν","τὸν","τόν","ὁ"
62,03,10,"N","ASM","ἀδελφὸν","ἀδελφὸν","ἀδελφόν","ἀδελφός"
62,03,10,"RP","GSM","αὐτοῦ.","αὐτοῦ","αὐτοῦ","αὐτός"
62,03,11,"C",NULL,"Ὅτι","Ὅτι","ὅτι","ὅτι"
62,03,11,"RD","NSF","αὕτη","αὕτη","αὕτη","οὗτος"
62,03,11,"V","3PAI-S","ἐστὶν","ἐστὶν","ἐστί(ν)","εἰμί"
62,03,11,"RA","NSF","ἡ","ἡ","ἡ","ὁ"
62,03,11,"N","NSF","ἀγγελία","ἀγγελία","ἀγγελία","ἀγγελία"
62,03,11,"RR","ASF","ἣν","ἣν","ἥν","ὅς"
62,03,11,"V","2AAI-P","ἠκούσατε","ἠκούσατε","ἠκούσατε","ἀκούω"
62,03,11,"P",NULL,"ἀπ’","ἀπ’","ἀπό","ἀπό"
62,03,11,"N","GSF","ἀρχῆς,","ἀρχῆς","ἀρχῆς","ἀρχή"
62,03,11,"D",NULL,"ἵνα","ἵνα","ἵνα","ἵνα"
62,03,11,"V","1PAS-P","ἀγαπῶμεν","ἀγαπῶμεν","ἀγαπῶμεν","ἀγαπάω"
62,03,11,"RP","APM","ἀλλήλους·","ἀλλήλους","ἀλλήλους","ἀλλήλων"
62,03,12,"D",NULL,"οὐ","οὐ","οὐ","οὐ"
62,03,12,"C",NULL,"καθὼς","καθὼς","καθώς","καθώς"
62,03,12,"N","NSM","Κάϊν","Κάϊν","Κάϊν","Κάϊν"
62,03,12,"P",NULL,"ἐκ","ἐκ","ἐκ","ἐκ"
62,03,12,"RA","GSM","τοῦ","τοῦ","τοῦ","ὁ"
62,03,12,"A","GSM","πονηροῦ","πονηροῦ","πονηροῦ","πονηρός"
62,03,12,"V","3IAI-S","ἦν","ἦν","ἦν","εἰμί"
62,03,12,"C",NULL,"καὶ","καὶ","καί","καί"
62,03,12,"V","3AAI-S","ἔσφαξεν","ἔσφαξεν","ἔσφαξε(ν)","σφάζω"
62,03,12,"RA","ASM","τὸν","τὸν","τόν","ὁ"
62,03,12,"N","ASM","ἀδελφὸν","ἀδελφὸν","ἀδελφόν","ἀδελφός"
62,03,12,"RP","GSM","αὐτοῦ·","αὐτοῦ","αὐτοῦ","αὐτός"
62,03,12,"C",NULL,"καὶ","καὶ","καί","καί"
62,03,12,"P",NULL,"χάριν","χάριν","χάριν","χάριν"
62,03,12,"RI","GSN","τίνος","τίνος","τίνος","τίς"
62,03,12,"V","3AAI-S","ἔσφαξεν","ἔσφαξεν","ἔσφαξε(ν)","σφάζω"
62,03,12,"RP","ASM","αὐτόν;","αὐτόν","αὐτόν","αὐτός"
62,03,12,"C",NULL,"ὅτι","ὅτι","ὅτι","ὅτι"
62,03,12,"RA","NPN","τὰ","τὰ","τά","ὁ"
62,03,12,"N","NPN","ἔργα","ἔργα","ἔργα","ἔργον"
62,03,12,"RP","GSM","αὐτοῦ","αὐτοῦ","αὐτοῦ","αὐτός"
62,03,12,"A","NPN","πονηρὰ","πονηρὰ","πονηρά","πονηρός"
62,03,12,"V","3IAI-S","ἦν,","ἦν","ἦν","εἰμί"
62,03,12,"RA","NPN","τὰ","τὰ","τά","ὁ"
62,03,12,"C",NULL,"δὲ","δὲ","δέ","δέ"
62,03,12,"RA","GSM","τοῦ","τοῦ","τοῦ","ὁ"
62,03,12,"N","GSM","ἀδελφοῦ","ἀδελφοῦ","ἀδελφοῦ","ἀδελφός"
62,03,12,"RP","GSM","αὐτοῦ","αὐτοῦ","αὐτοῦ","αὐτός"
62,03,12,"A","NPN","δίκαια.","δίκαια","δίκαια","δίκαιος"
62,03,13,"D",NULL,"⸀μὴ","μὴ","μή","μή"
62,03,13,"V","2PAD-P","θαυμάζετε,","θαυμάζετε","θαυμάζετε","θαυμάζω"
62,03,13,"N","VPM","⸀ἀδελφοί,","ἀδελφοί","ἀδελφοί","ἀδελφός"
62,03,13,"C",NULL,"εἰ","εἰ","εἰ","εἰ"
62,03,13,"V","3PAI-S","μισεῖ","μισεῖ","μισεῖ","μισέω"
62,03,13,"RP","AP","ὑμᾶς","ὑμᾶς","ὑμᾶς","σύ"
62,03,13,"RA","NSM","ὁ","ὁ","ὁ","ὁ"
62,03,13,"N","NSM","κόσμος.","κόσμος","κόσμος","κόσμος"
62,03,14,"RP","NP","ἡμεῖς","ἡμεῖς","ἡμεῖς","ἐγώ"
62,03,14,"V","1XAI-P","οἴδαμεν","οἴδαμεν","οἴδαμεν","οἶδα"
62,03,14,"C",NULL,"ὅτι","ὅτι","ὅτι","ὅτι"
62,03,14,"V","1XAI-P","μεταβεβήκαμεν","μεταβεβήκαμεν","μεταβεβήκαμεν","μεταβαίνω"
62,03,14,"P",NULL,"ἐκ","ἐκ","ἐκ","ἐκ"
62,03,14,"RA","GSM","τοῦ","τοῦ","τοῦ","ὁ"
62,03,14,"N","GSM","θανάτου","θανάτου","θανάτου","θάνατος"
62,03,14,"P",NULL,"εἰς","εἰς","εἰς","εἰς"
62,03,14,"RA","ASF","τὴν","τὴν","τήν","ὁ"
62,03,14,"N","ASF","ζωήν,","ζωήν","ζωήν","ζωή"
62,03,14,"C",NULL,"ὅτι","ὅτι","ὅτι","ὅτι"
62,03,14,"V","1PAI-P","ἀγαπῶμεν","ἀγαπῶμεν","ἀγαπῶμεν","ἀγαπάω"
62,03,14,"RA","APM","τοὺς","τοὺς","τούς","ὁ"
62,03,14,"N","APM","ἀδελφούς·","ἀδελφούς","ἀδελφούς","ἀδελφός"
62,03,14,"RA","NSM","ὁ","ὁ","ὁ","ὁ"
62,03,14,"D",NULL,"μὴ","μὴ","μή","μή"
62,03,14,"V","PAPNSM","⸀ἀγαπῶν","ἀγαπῶν","ἀγαπῶν","ἀγαπάω"
62,03,14,"V","3PAI-S","μένει","μένει","μένει","μένω"
62,03,14,"P",NULL,"ἐν","ἐν","ἐν","ἐν"
62,03,14,"RA","DSM","τῷ","τῷ","τῷ","ὁ"
62,03,14,"N","DSM","θανάτῳ.","θανάτῳ","θανάτῳ","θάνατος"
62,03,15,"A","NSM","πᾶς","πᾶς","πᾶς","πᾶς"
62,03,15,"RA","NSM","ὁ","ὁ","ὁ","ὁ"
62,03,15,"V","PAPNSM","μισῶν","μισῶν","μισῶν","μισέω"
62,03,15,"RA","ASM","τὸν","τὸν","τόν","ὁ"
62,03,15,"N","ASM","ἀδελφὸν","ἀδελφὸν","ἀδελφόν","ἀδελφός"
62,03,15,"RP","GSM","αὐτοῦ","αὐτοῦ","αὐτοῦ","αὐτός"
62,03,15,"N","NSM","ἀνθρωποκτόνος","ἀνθρωποκτόνος","ἀνθρωποκτόνος","ἀνθρωποκτόνος"
62,03,15,"V","3PAI-S","ἐστίν,","ἐστίν","ἐστί(ν)","εἰμί"
62,03,15,"C",NULL,"καὶ","καὶ","καί","καί"
62,03,15,"V","2XAI-P","οἴδατε","οἴδατε","οἴδατε","οἶδα"
62,03,15,"C",NULL,"ὅτι","ὅτι","ὅτι","ὅτι"
62,03,15,"A","NSM","πᾶς","πᾶς","πᾶς","πᾶς"
62,03,15,"N","NSM","ἀνθρωποκτόνος","ἀνθρωποκτόνος","ἀνθρωποκτόνος","ἀνθρωποκτόνος"
62,03,15,"D",NULL,"οὐκ","οὐκ","οὐ","οὐ"
62,03,15,"V","3PAI-S","ἔχει","ἔχει","ἔχει","ἔχω"
62,03,15,"N","ASF","ζωὴν","ζωὴν","ζωήν","ζωή"
62,03,15,"A","ASF","αἰώνιον","αἰώνιον","αἰώνιον","αἰώνιος"
62,03,15,"P",NULL,"ἐν","ἐν","ἐν","ἐν"
62,03,15,"RP","DSM","⸀αὐτῷ","αὐτῷ","αὐτῷ","αὐτός"
62,03,15,"V","PAPASF","μένουσαν.","μένουσαν","μένουσαν","μένω"
62,03,16,"P",NULL,"ἐν","ἐν","ἐν","ἐν"
62,03,16,"RD","DSN","τούτῳ","τούτῳ","τούτῳ","οὗτος"
62,03,16,"V","1XAI-P","ἐγνώκαμεν","ἐγνώκαμεν","ἐγνώκαμεν","γινώσκω"
62,03,16,"RA","ASF","τὴν","τὴν","τήν","ὁ"
62,03,16,"N","ASF","ἀγάπην,","ἀγάπην","ἀγάπην","ἀγάπη"
62,03,16,"C",NULL,"ὅτι","ὅτι","ὅτι","ὅτι"
62,03,16,"RD","NSM","ἐκεῖνος","ἐκεῖνος","ἐκεῖνος","ἐκεῖνος"
62,03,16,"P",NULL,"ὑπὲρ","ὑπὲρ","ὑπέρ","ὑπέρ"
62,03,16,"RP","GP","ἡμῶν","ἡμῶν","ἡμῶν","ἐγώ"
62,03,16,"RA","ASF","τὴν","τὴν","τήν","ὁ"
62,03,16,"N","ASF","ψυχὴν","ψυχὴν","ψυχήν","ψυχή"
62,03,16,"RP","GSM","αὐτοῦ","αὐτοῦ","αὐτοῦ","αὐτός"
62,03,16,"V","3AAI-S","ἔθηκεν·","ἔθηκεν","ἔθηκε(ν)","τίθημι"
62,03,16,"C",NULL,"καὶ","καὶ","καί","καί"
62,03,16,"RP","NP","ἡμεῖς","ἡμεῖς","ἡμεῖς","ἐγώ"
62,03,16,"V","1PAI-P","ὀφείλομεν","ὀφείλομεν","ὀφείλομεν","ὀφείλω"
62,03,16,"P",NULL,"ὑπὲρ","ὑπὲρ","ὑπέρ","ὑπέρ"
62,03,16,"RA","GPM","τῶν","τῶν","τῶν","ὁ"
62,03,16,"N","GPM","ἀδελφῶν","ἀδελφῶν","ἀδελφῶν","ἀδελφός"
62,03,16,"RA","APF","τὰς","τὰς","τάς","ὁ"
62,03,16,"N","APF","ψυχὰς","ψυχὰς","ψυχάς","ψυχή"
62,03,16,"V","AAN","⸀θεῖναι.","θεῖναι","θεῖναι","τίθημι"
62,03,17,"RR","NSM","ὃς","ὃς","ὅς","ὅς"
62,03,17,"C",NULL,"δ’","δ’","δέ","δέ"
62,03,17,"X",NULL,"ἂν","ἂν","ἄν","ἄν"
62,03,17,"V","3PAS-S","ἔχῃ","ἔχῃ","ἔχῃ","ἔχω"
62,03,17,"RA","ASM","τὸν","τὸν","τόν","ὁ"
62,03,17,"N","ASM","βίον","βίον","βίον","βίος"
62,03,17,"RA","GSM","τοῦ","τοῦ","τοῦ","ὁ"
62,03,17,"N","GSM","κόσμου","κόσμου","κόσμου","κόσμος"
62,03,17,"C",NULL,"καὶ","καὶ","καί","καί"
62,03,17,"V","3PAS-S","θεωρῇ","θεωρῇ","θεωρῇ","θεωρέω"
62,03,17,"RA","ASM","τὸν","τὸν","τόν","ὁ"
62,03,17,"N","ASM","ἀδελφὸν","ἀδελφὸν","ἀδελφόν","ἀδελφός"
62,03,17,"RP","GSM","αὐτοῦ","αὐτοῦ","αὐτοῦ","αὐτός"
62,03,17,"N","ASF","χρείαν","χρείαν","χρείαν","χρεία"
62,03,17,"V","PAPASM","ἔχοντα","ἔχοντα","ἔχοντα","ἔχω"
62,03,17,"C",NULL,"καὶ","καὶ","καί","καί"
62,03,17,"V","3AAS-S","κλείσῃ","κλείσῃ","κλείσῃ","κλείω"
62,03,17,"RA","APN","τὰ","τὰ","τά","ὁ"
62,03,17,"N","APN","σπλάγχνα","σπλάγχνα","σπλάγχνα","σπλάγχνον"
62,03,17,"RP","GSM","αὐτοῦ","αὐτοῦ","αὐτοῦ","αὐτός"
62,03,17,"P",NULL,"ἀπ’","ἀπ’","ἀπό","ἀπό"
62,03,17,"RP","GSM","αὐτοῦ,","αὐτοῦ","αὐτοῦ","αὐτός"
62,03,17,"D",NULL,"πῶς","πῶς","πῶς","πῶς"
62,03,17,"RA","NSF","ἡ","ἡ","ἡ","ὁ"
62,03,17,"N","NSF","ἀγάπη","ἀγάπη","ἀγάπη","ἀγάπη"
62,03,17,"RA","GSM","τοῦ","τοῦ","τοῦ","ὁ"
62,03,17,"N","GSM","θεοῦ","θεοῦ","θεοῦ","θεός"
62,03,17,"V","3PAI-S","μένει","μένει","μένει","μένω"
62,03,17,"P",NULL,"ἐν","ἐν","ἐν","ἐν"
62,03,17,"RP","DSM","αὐτῷ;","αὐτῷ","αὐτῷ","αὐτός"
62,03,18,"N","VPN","⸀Τεκνία,","Τεκνία","τεκνία","τεκνίον"
62,03,18,"D",NULL,"μὴ","μὴ","μή","μή"
62,03,18,"V","1PAS-P","ἀγαπῶμεν","ἀγαπῶμεν","ἀγαπῶμεν","ἀγαπάω"
62,03,18,"N","DSM","λόγῳ","λόγῳ","λόγῳ","λόγος"
62,03,18,"C",NULL,"μηδὲ","μηδὲ","μηδέ","μηδέ"
62,03,18,"RA","DSF","τῇ","τῇ","τῇ","ὁ"
62,03,18,"N","DSF","γλώσσῃ","γλώσσῃ","γλώσσῃ","γλῶσσα"
62,03,18,"C",NULL,"ἀλλὰ","ἀλλὰ","ἀλλά","ἀλλά"
62,03,18,"P",NULL,"ἐν","ἐν","ἐν","ἐν"
62,03,18,"N","DSN","ἔργῳ","ἔργῳ","ἔργῳ","ἔργον"
62,03,18,"C",NULL,"καὶ","καὶ","καί","καί"
62,03,18,"N","DSF","ἀληθείᾳ.","ἀληθείᾳ","ἀληθείᾳ","ἀλήθεια"
62,03,19,"P",NULL,"⸀ἐν","ἐν","ἐν","ἐν"
62,03,19,"RD","DSN","τούτῳ","τούτῳ","τούτῳ","οὗτος"
62,03,19,"V","1FMI-P","⸀γνωσόμεθα","γνωσόμεθα","γνωσόμεθα","γινώσκω"
62,03,19,"C",NULL,"ὅτι","ὅτι","ὅτι","ὅτι"
62,03,19,"P",NULL,"ἐκ","ἐκ","ἐκ","ἐκ"
62,03,19,"RA","GSF","τῆς","τῆς","τῆς","ὁ"
62,03,19,"N","GSF","ἀληθείας","ἀληθείας","ἀληθείας","ἀλήθεια"
62,03,19,"V","1PAI-P","ἐσμέν,","ἐσμέν","ἐσμέν","εἰμί"
62,03,19,"C",NULL,"καὶ","καὶ","καί","καί"
62,03,19,"P",NULL,"ἔμπροσθεν","ἔμπροσθεν","ἔμπροσθεν","ἔμπροσθεν"
62,03,19,"RP","GSM","αὐτοῦ","αὐτοῦ","αὐτοῦ","αὐτός"
62,03,19,"V","1FAI-P","πείσομεν","πείσομεν","πείσομεν","πείθω"
62,03,19,"RA","ASF","⸂τὴν","τὴν","τήν","ὁ"
62,03,19,"N","ASF","καρδίαν⸃","καρδίαν","καρδίαν","καρδία"
62,03,19,"RP","GP","ἡμῶν","ἡμῶν","ἡμῶν","ἐγώ"
62,03,20,"C",NULL,"ὅτι","ὅτι","ὅτι","ὅτι"
62,03,20,"C",NULL,"ἐὰν","ἐὰν","ἐάν","ἐάν"
62,03,20,"V","3PAS-S","καταγινώσκῃ","καταγινώσκῃ","καταγινώσκῃ","καταγινώσκω"
62,03,20,"RP","GP","ἡμῶν","ἡμῶν","ἡμῶν","ἐγώ"
62,03,20,"RA","NSF","ἡ","ἡ","ἡ","ὁ"
62,03,20,"N","NSF","καρδία,","καρδία","καρδία","καρδία"
62,03,20,"C",NULL,"ὅτι","ὅτι","ὅτι","ὅτι"
62,03,20,"A","NSMC","μείζων","μείζων","μείζων","μέγας"
62,03,20,"V","3PAI-S","ἐστὶν","ἐστὶν","ἐστί(ν)","εἰμί"
62,03,20,"RA","NSM","ὁ","ὁ","ὁ","ὁ"
62,03,20,"N","NSM","θεὸς","θεὸς","θεός","θεός"
62,03,20,"RA","GSF","τῆς","τῆς","τῆς","ὁ"
62,03,20,"N","GSF","καρδίας","καρδίας","καρδίας","καρδία"
62,03,20,"RP","GP","ἡμῶν","ἡμῶν","ἡμῶν","ἐγώ"
62,03,20,"C",NULL,"καὶ","καὶ","καί","καί"
62,03,20,"V","3PAI-S","γινώσκει","γινώσκει","γινώσκει","γινώσκω"
62,03,20,"A","APN","πάντα.","πάντα","πάντα","πᾶς"
62,03,21,"A","VPM","ἀγαπητοί,","ἀγαπητοί","ἀγαπητοί","ἀγαπητός"
62,03,21,"C",NULL,"ἐὰν","ἐὰν","ἐάν","ἐάν"
62,03,21,"RA","NSF","ἡ","ἡ","ἡ","ὁ"
62,03,21,"N","NSF","καρδία","καρδία","καρδία","καρδία"
62,03,21,"D",NULL,"⸂μὴ","μὴ","μή","μή"
62,03,21,"V","3PAS-S","καταγινώσκῃ","καταγινώσκῃ","καταγινώσκῃ","καταγινώσκω"
62,03,21,"RP","GP","ἡμῶν⸃,","ἡμῶν","ἡμῶν","ἐγώ"
62,03,21,"N","ASF","παρρησίαν","παρρησίαν","παρρησίαν","παρρησία"
62,03,21,"V","1PAI-P","ἔχομεν","ἔχομεν","ἔχομεν","ἔχω"
62,03,21,"P",NULL,"πρὸς","πρὸς","πρός","πρός"
62,03,21,"RA","ASM","τὸν","τὸν","τόν","ὁ"
62,03,21,"N","ASM","θεόν,","θεόν","θεόν","θεός"
62,03,22,"C",NULL,"καὶ","καὶ","καί","καί"
62,03,22,"RR","ASN","ὃ","ὃ","ὅ","ὅς"
62,03,22,"X",NULL,"⸀ἐὰν","ἐὰν","ἐάν","ἐάν"
62,03,22,"V","1PAS-P","αἰτῶμεν","αἰτῶμεν","αἰτῶμεν","αἰτέω"
62,03,22,"V","1PAI-P","λαμβάνομεν","λαμβάνομεν","λαμβάνομεν","λαμβάνω"
62,03,22,"P",NULL,"⸀ἀπ’","ἀπ’","ἀπό","ἀπό"
62,03,22,"RP","GSM","αὐτοῦ,","αὐτοῦ","αὐτοῦ","αὐτός"
62,03,22,"C",NULL,"ὅτι","ὅτι","ὅτι","ὅτι"
62,03,22,"RA","APF","τὰς","τὰς","τάς","ὁ"
62,03,22,"N","APF","ἐντολὰς","ἐντολὰς","ἐντολάς","ἐντολή"
62,03,22,"RP","GSM","αὐτοῦ","αὐτοῦ","αὐτοῦ","αὐτός"
62,03,22,"V","1PAI-P","τηροῦμεν","τηροῦμεν","τηροῦμεν","τηρέω"
62,03,22,"C",NULL,"καὶ","καὶ","καί","καί"
62,03,22,"RA","APN","τὰ","τὰ","τά","ὁ"
62,03,22,"A","APN","ἀρεστὰ","ἀρεστὰ","ἀρεστά","ἀρεστός"
62,03,22,"P",NULL,"ἐνώπιον","ἐνώπιον","ἐνώπιον","ἐνώπιον"
62,03,22,"RP","GSM","αὐτοῦ","αὐτοῦ","αὐτοῦ","αὐτός"
62,03,22,"V","1PAI-P","ποιοῦμεν.","ποιοῦμεν","ποιοῦμεν","ποιέω"
62,03,23,"C",NULL,"καὶ","καὶ","καί","καί"
62,03,23,"RD","NSF","αὕτη","αὕτη","αὕτη","οὗτος"
62,03,23,"V","3PAI-S","ἐστὶν","ἐστὶν","ἐστί(ν)","εἰμί"
62,03,23,"RA","NSF","ἡ","ἡ","ἡ","ὁ"
62,03,23,"N","NSF","ἐντολὴ","ἐντολὴ","ἐντολή","ἐντολή"
62,03,23,"RP","GSM","αὐτοῦ,","αὐτοῦ","αὐτοῦ","αὐτός"
62,03,23,"D",NULL,"ἵνα","ἵνα","ἵνα","ἵνα"
62,03,23,"V","1AAS-P","⸀πιστεύσωμεν","πιστεύσωμεν","πιστεύσωμεν","πιστεύω"
62,03,23,"RA","DSN","τῷ","τῷ","τῷ","ὁ"
62,03,23,"N","DSN","ὀνόματι","ὀνόματι","ὀνόματι","ὄνομα"
62,03,23,"RA","GSM","τοῦ","τοῦ","τοῦ","ὁ"
62,03,23,"N","GSM","υἱοῦ","υἱοῦ","υἱοῦ","υἱός"
62,03,23,"RP","GSM","αὐτοῦ","αὐτοῦ","αὐτοῦ","αὐτός"
62,03,23,"N","GSM","Ἰησοῦ","Ἰησοῦ","Ἰησοῦ","Ἰησοῦς"
62,03,23,"N","GSM","Χριστοῦ","Χριστοῦ","Χριστοῦ","Χριστός"
62,03,23,"C",NULL,"καὶ","καὶ","καί","καί"
62,03,23,"V","1PAS-P","ἀγαπῶμεν","ἀγαπῶμεν","ἀγαπῶμεν","ἀγαπάω"
62,03,23,"RP","APM","ἀλλήλους,","ἀλλήλους","ἀλλήλους","ἀλλήλων"
62,03,23,"C",NULL,"καθὼς","καθὼς","καθώς","καθώς"
62,03,23,"V","3AAI-S","ἔδωκεν","ἔδωκεν","ἔδωκε(ν)","δίδωμι"
62,03,23,"N","ASF","ἐντολὴν","ἐντολὴν","ἐντολήν","ἐντολή"
62,03,23,"RP","DP","⸀ἡμῖν.","ἡμῖν","ἡμῖν","ἐγώ"
62,03,24,"C",NULL,"καὶ","καὶ","καί","καί"
62,03,24,"RA","NSM","ὁ","ὁ","ὁ","ὁ"
62,03,24,"V","PAPNSM","τηρῶν","τηρῶν","τηρῶν","τηρέω"
62,03,24,"RA","APF","τὰς","τὰς","τάς","ὁ"
62,03,24,"N","APF","ἐντολὰς","ἐντολὰς","ἐντολάς","ἐντολή"
62,03,24,"RP","GSM","αὐτοῦ","αὐτοῦ","αὐτοῦ","αὐτός"
62,03,24,"P",NULL,"ἐν","ἐν","ἐν","ἐν"
62,03,24,"RP","DSM","αὐτῷ","αὐτῷ","αὐτῷ","αὐτός"
62,03,24,"V","3PAI-S","μένει","μένει","μένει","μένω"
62,03,24,"C",NULL,"καὶ","καὶ","καί","καί"
62,03,24,"RP","NSM","αὐτὸς","αὐτὸς","αὐτός","αὐτός"
62,03,24,"P",NULL,"ἐν","ἐν","ἐν","ἐν"
62,03,24,"RP","DSM","αὐτῷ·","αὐτῷ","αὐτῷ","αὐτός"
62,03,24,"C",NULL,"καὶ","καὶ","καί","καί"
62,03,24,"P",NULL,"ἐν","ἐν","ἐν","ἐν"
62,03,24,"RD","DSN","τούτῳ","τούτῳ","τούτῳ","οὗτος"
62,03,24,"V","1PAI-P","γινώσκομεν","γινώσκομεν","γινώσκομεν","γινώσκω"
62,03,24,"C",NULL,"ὅτι","ὅτι","ὅτι","ὅτι"
62,03,24,"V","3PAI-S","μένει","μένει","μένει","μένω"
62,03,24,"P",NULL,"ἐν","ἐν","ἐν","ἐν"
62,03,24,"RP","DP","ἡμῖν,","ἡμῖν","ἡμῖν","ἐγώ"
62,03,24,"P",NULL,"ἐκ","ἐκ","ἐκ","ἐκ"
62,03,24,"RA","GSN","τοῦ","τοῦ","τοῦ","ὁ"
62,03,24,"N","GSN","πνεύματος","πνεύματος","πνεύματος","πνεῦμα"
62,03,24,"RR","GSN","οὗ","οὗ","οὗ","ὅς"
62,03,24,"RP","DP","ἡμῖν","ἡμῖν","ἡμῖν","ἐγώ"
62,03,24,"V","3AAI-S","ἔδωκεν.","ἔδωκεν","ἔδωκε(ν)","δίδωμι"
62,04,01,"A","VPM","Ἀγαπητοί,","Ἀγαπητοί","ἀγαπητοί","ἀγαπητός"
62,04,01,"D",NULL,"μὴ","μὴ","μή","μή"
62,04,01,"A","DSN","παντὶ","παντὶ","παντί","πᾶς"
62,04,01,"N","DSN","πνεύματι","πνεύματι","πνεύματι","πνεῦμα"
62,04,01,"V","2PAD-P","πιστεύετε,","πιστεύετε","πιστεύετε","πιστεύω"
62,04,01,"C",NULL,"ἀλλὰ","ἀλλὰ","ἀλλά","ἀλλά"
62,04,01,"V","2PAD-P","δοκιμάζετε","δοκιμάζετε","δοκιμάζετε","δοκιμάζω"
62,04,01,"RA","APN","τὰ","τὰ","τά","ὁ"
62,04,01,"N","APN","πνεύματα","πνεύματα","πνεύματα","πνεῦμα"
62,04,01,"X",NULL,"εἰ","εἰ","εἰ","εἰ"
62,04,01,"P",NULL,"ἐκ","ἐκ","ἐκ","ἐκ"
62,04,01,"RA","GSM","τοῦ","τοῦ","τοῦ","ὁ"
62,04,01,"N","GSM","θεοῦ","θεοῦ","θεοῦ","θεός"
62,04,01,"V","3PAI-S","ἐστιν,","ἐστιν","ἐστί(ν)","εἰμί"
62,04,01,"C",NULL,"ὅτι","ὅτι","ὅτι","ὅτι"
62,04,01,"A","NPM","πολλοὶ","πολλοὶ","πολλοί","πολύς"
62,04,01,"N","NPM","ψευδοπροφῆται","ψευδοπροφῆται","ψευδοπροφῆται","ψευδοπροφήτης"
62,04,01,"V","3XAI-P","ἐξεληλύθασιν","ἐξεληλύθασιν","ἐξεληλύθασι(ν)","ἐξέρχομαι"
62,04,01,"P",NULL,"εἰς","εἰς","εἰς","εἰς"
62,04,01,"RA","ASM","τὸν","τὸν","τόν","ὁ"
62,04,01,"N","ASM","κόσμον.","κόσμον","κόσμον","κόσμος"
62,04,02,"P",NULL,"ἐν","ἐν","ἐν","ἐν"
62,04,02,"RD","DSN","τούτῳ","τούτῳ","τούτῳ","οὗτος"
62,04,02,"V","2PAI-P","⸀γινώσκετε","γινώσκετε","γινώσκετε","γινώσκω"
62,04,02,"RA","ASN","τὸ","τὸ","τό","ὁ"
62,04,02,"N","ASN","πνεῦμα","πνεῦμα","πνεῦμα","πνεῦμα"
62,04,02,"RA","GSM","τοῦ","τοῦ","τοῦ","ὁ"
62,04,02,"N","GSM","θεοῦ·","θεοῦ","θεοῦ","θεός"
62,04,02,"A","NSN","πᾶν","πᾶν","πᾶν","πᾶς"
62,04,02,"N","NSN","πνεῦμα","πνεῦμα","πνεῦμα","πνεῦμα"
62,04,02,"RR","NSN","ὃ","ὃ","ὅ","ὅς"
62,04,02,"V","3PAI-S","ὁμολογεῖ","ὁμολογεῖ","ὁμολογεῖ","ὁμολογέω"
62,04,02,"N","ASM","Ἰησοῦν","Ἰησοῦν","Ἰησοῦν","Ἰησοῦς"
62,04,02,"N","ASM","Χριστὸν","Χριστὸν","Χριστόν","Χριστός"
62,04,02,"P",NULL,"ἐν","ἐν","ἐν","ἐν"
62,04,02,"N","DSF","σαρκὶ","σαρκὶ","σαρκί","σάρξ"
62,04,02,"V","XAPASM","ἐληλυθότα","ἐληλυθότα","ἐληλυθότα","ἔρχομαι"
62,04,02,"P",NULL,"ἐκ","ἐκ","ἐκ","ἐκ"
62,04,02,"RA","GSM","τοῦ","τοῦ","τοῦ","ὁ"
62,04,02,"N","GSM","θεοῦ","θεοῦ","θεοῦ","θεός"
62,04,02,"V","3PAI-S","ἐστιν,","ἐστιν","ἐστί(ν)","εἰμί"
62,04,03,"C",NULL,"καὶ","καὶ","καί","καί"
62,04,03,"A","NSN","πᾶν","πᾶν","πᾶν","πᾶς"
62,04,03,"N","NSN","πνεῦμα","πνεῦμα","πνεῦμα","πνεῦμα"
62,04,03,"RR","NSN","ὃ","ὃ","ὅ","ὅς"
62,04,03,"D",NULL,"μὴ","μὴ","μή","μή"
62,04,03,"V","3PAI-S","ὁμολογεῖ","ὁμολογεῖ","ὁμολογεῖ","ὁμολογέω"
62,04,03,"RA","ASM","⸀τὸν","τὸν","τόν","ὁ"
62,04,03,"N","ASM","⸀Ἰησοῦν","Ἰησοῦν","Ἰησοῦν","Ἰησοῦς"
62,04,03,"P",NULL,"ἐκ","ἐκ","ἐκ","ἐκ"
62,04,03,"RA","GSM","τοῦ","τοῦ","τοῦ","ὁ"
62,04,03,"N","GSM","θεοῦ","θεοῦ","θεοῦ","θεός"
62,04,03,"D",NULL,"οὐκ","οὐκ","οὐ","οὐ"
62,04,03,"V","3PAI-S","ἔστιν·","ἔστιν","ἐστί(ν)","εἰμί"
62,04,03,"C",NULL,"καὶ","καὶ","καί","καί"
62,04,03,"RD","NSN","τοῦτό","τοῦτό","τοῦτο","οὗτος"
62,04,03,"V","3PAI-S","ἐστιν","ἐστιν","ἐστί(ν)","εἰμί"
62,04,03,"RA","NSN","τὸ","τὸ","τό","ὁ"
62,04,03,"RA","GSM","τοῦ","τοῦ","τοῦ","ὁ"
62,04,03,"N","GSM","ἀντιχρίστου,","ἀντιχρίστου","ἀντιχρίστου","ἀντίχριστος"
62,04,03,"RR","ASN","ὃ","ὃ","ὅ","ὅς"
62,04,03,"V","2XAI-P","ἀκηκόατε","ἀκηκόατε","ἀκηκόατε","ἀκούω"
62,04,03,"C",NULL,"ὅτι","ὅτι","ὅτι","ὅτι"
62,04,03,"V","3PMI-S","ἔρχεται,","ἔρχεται","ἔρχεται","ἔρχομαι"
62,04,03,"C",NULL,"καὶ","καὶ","καί","καί"
62,04,03,"D",NULL,"νῦν","νῦν","νῦν","νῦν"
62,04,03,"P",NULL,"ἐν","ἐν","ἐν","ἐν"
62,04,03,"RA","DSM","τῷ","τῷ","τῷ","ὁ"
62,04,03,"N","DSM","κόσμῳ","κόσμῳ","κόσμῳ","κόσμος"
62,04,03,"V","3PAI-S","ἐστὶν","ἐστὶν","ἐστί(ν)","εἰμί"
62,04,03,"D",NULL,"ἤδη.","ἤδη","ἤδη","ἤδη"
62,04,04,"RP","NP","ὑμεῖς","ὑμεῖς","ὑμεῖς","σύ"
62,04,04,"P",NULL,"ἐκ","ἐκ","ἐκ","ἐκ"
62,04,04,"RA","GSM","τοῦ","τοῦ","τοῦ","ὁ"
62,04,04,"N","GSM","θεοῦ","θεοῦ","θεοῦ","θεός"
62,04,04,"V","2PAI-P","ἐστε,","ἐστε","ἐστέ","εἰμί"
62,04,04,"N","VPN","τεκνία,","τεκνία","τεκνία","τεκνίον"
62,04,04,"C",NULL,"καὶ","καὶ","καί","καί"
62,04,04,"V","2XAI-P","νενικήκατε","νενικήκατε","νενικήκατε","νικάω"
62,04,04,"RP","APM","αὐτούς,","αὐτούς","αὐτούς","αὐτός"
62,04,04,"C",NULL,"ὅτι","ὅτι","ὅτι","ὅτι"
62,04,04,"A","NSMC","μείζων","μείζων","μείζων","μέγας"
62,04,04,"V","3PAI-S","ἐστὶν","ἐστὶν","ἐστί(ν)","εἰμί"
62,04,04,"RA","NSM","ὁ","ὁ","ὁ","ὁ"
62,04,04,"P",NULL,"ἐν","ἐν","ἐν","ἐν"
62,04,04,"RP","DP","ὑμῖν","ὑμῖν","ὑμῖν","σύ"
62,04,04,"C",NULL,"ἢ","ἢ","ἤ","ἤ"
62,04,04,"RA","NSM","ὁ","ὁ","ὁ","ὁ"
62,04,04,"P",NULL,"ἐν","ἐν","ἐν","ἐν"
62,04,04,"RA","DSM","τῷ","τῷ","τῷ","ὁ"
62,04,04,"N","DSM","κόσμῳ·","κόσμῳ","κόσμῳ","κόσμος"
62,04,05,"RP","NPM","αὐτοὶ","αὐτοὶ","αὐτοί","αὐτός"
62,04,05,"P",NULL,"ἐκ","ἐκ","ἐκ","ἐκ"
62,04,05,"RA","GSM","τοῦ","τοῦ","τοῦ","ὁ"
62,04,05,"N","GSM","κόσμου","κόσμου","κόσμου","κόσμος"
62,04,05,"V","3PAI-P","εἰσίν·","εἰσίν","εἰσί(ν)","εἰμί"
62,04,05,"P",NULL,"διὰ","διὰ","διά","διά"
62,04,05,"RD","ASN","τοῦτο","τοῦτο","τοῦτο","οὗτος"
62,04,05,"P",NULL,"ἐκ","ἐκ","ἐκ","ἐκ"
62,04,05,"RA","GSM","τοῦ","τοῦ","τοῦ","ὁ"
62,04,05,"N","GSM","κόσμου","κόσμου","κόσμου","κόσμος"
62,04,05,"V","3PAI-P","λαλοῦσιν","λαλοῦσιν","λαλοῦσι(ν)","λαλέω"
62,04,05,"C",NULL,"καὶ","καὶ","καί","καί"
62,04,05,"RA","NSM","ὁ","ὁ","ὁ","ὁ"
62,04,05,"N","NSM","κόσμος","κόσμος","κόσμος","κόσμος"
62,04,05,"RP","GPM","αὐτῶν","αὐτῶν","αὐτῶν","αὐτός"
62,04,05,"V","3PAI-S","ἀκούει.","ἀκούει","ἀκούει","ἀκούω"
62,04,06,"RP","NP","ἡμεῖς","ἡμεῖς","ἡμεῖς","ἐγώ"
62,04,06,"P",NULL,"ἐκ","ἐκ","ἐκ","ἐκ"
62,04,06,"RA","GSM","τοῦ","τοῦ","τοῦ","ὁ"
62,04,06,"N","GSM","θεοῦ","θεοῦ","θεοῦ","θεός"
62,04,06,"V","1PAI-P","ἐσμεν·","ἐσμεν","ἐσμέν","εἰμί"
62,04,06,"RA","NSM","ὁ","ὁ","ὁ","ὁ"
62,04,06,"V","PAPNSM","γινώσκων","γινώσκων","γινώσκων","γινώσκω"
62,04,06,"RA","ASM","τὸν","τὸν","τόν","ὁ"
62,04,06,"N","ASM","θεὸν","θεὸν","θεόν","θεός"
62,04,06,"V","3PAI-S","ἀκούει","ἀκούει","ἀκούει","ἀκούω"
62,04,06,"RP","GP","ἡμῶν,","ἡμῶν","ἡμῶν","ἐγώ"
62,04,06,"RR","NSM","ὃς","ὃς","ὅς","ὅς"
62,04,06,"D",NULL,"οὐκ","οὐκ","οὐ","οὐ"
62,04,06,"V","3PAI-S","ἔστιν","ἔστιν","ἐστί(ν)","εἰμί"
62,04,06,"P",NULL,"ἐκ","ἐκ","ἐκ","ἐκ"
62,04,06,"RA","GSM","τοῦ","τοῦ","τοῦ","ὁ"
62,04,06,"N","GSM","θεοῦ","θεοῦ","θεοῦ","θεός"
62,04,06,"D",NULL,"οὐκ","οὐκ","οὐ","οὐ"
62,04,06,"V","3PAI-S","ἀκούει","ἀκούει","ἀκούει","ἀκούω"
62,04,06,"RP","GP","ἡμῶν.","ἡμῶν","ἡμῶν","ἐγώ"
62,04,06,"P",NULL,"ἐκ","ἐκ","ἐκ","ἐκ"
62,04,06,"RD","GSN","τούτου","τούτου","τούτου","οὗτος"
62,04,06,"V","1PAI-P","γινώσκομεν","γινώσκομεν","γινώσκομεν","γινώσκω"
62,04,06,"RA","ASN","τὸ","τὸ","τό","ὁ"
62,04,06,"N","ASN","πνεῦμα","πνεῦμα","πνεῦμα","πνεῦμα"
62,04,06,"RA","GSF","τῆς","τῆς","τῆς","ὁ"
62,04,06,"N","GSF","ἀληθείας","ἀληθείας","ἀληθείας","ἀλήθεια"
62,04,06,"C",NULL,"καὶ","καὶ","καί","καί"
62,04,06,"RA","ASN","τὸ","τὸ","τό","ὁ"
62,04,06,"N","ASN","πνεῦμα","πνεῦμα","πνεῦμα","πνεῦμα"
62,04,06,"RA","GSF","τῆς","τῆς","τῆς","ὁ"
62,04,06,"N","GSF","πλάνης.","πλάνης","πλάνης","πλάνη"
62,04,07,"A","VPM","Ἀγαπητοί,","Ἀγαπητοί","ἀγαπητοί","ἀγαπητός"
62,04,07,"V","1PAS-P","ἀγαπῶμεν","ἀγαπῶμεν","ἀγαπῶμεν","ἀγαπάω"
62,04,07,"RP","APM","ἀλλήλους,","ἀλλήλους","ἀλλήλους","ἀλλήλων"
62,04,07,"C",NULL,"ὅτι","ὅτι","ὅτι","ὅτι"
62,04,07,"RA","NSF","ἡ","ἡ","ἡ","ὁ"
62,04,07,"N","NSF","ἀγάπη","ἀγάπη","ἀγάπη","ἀγάπη"
62,04,07,"P",NULL,"ἐκ","ἐκ","ἐκ","ἐκ"
62,04,07,"RA","GSM","τοῦ","τοῦ","τοῦ","ὁ"
62,04,07,"N","GSM","θεοῦ","θεοῦ","θεοῦ","θεός"
62,04,07,"V","3PAI-S","ἐστιν,","ἐστιν","ἐστί(ν)","εἰμί"
62,04,07,"C",NULL,"καὶ","καὶ","καί","καί"
62,04,07,"A","NSM","πᾶς","πᾶς","πᾶς","πᾶς"
62,04,07,"RA","NSM","ὁ","ὁ","ὁ","ὁ"
62,04,07,"V","PAPNSM","ἀγαπῶν","ἀγαπῶν","ἀγαπῶν","ἀγαπάω"
62,04,07,"P",NULL,"ἐκ","ἐκ","ἐκ","ἐκ"
62,04,07,"RA","GSM","τοῦ","τοῦ","τοῦ","ὁ"
62,04,07,"N","GSM","θεοῦ","θεοῦ","θεοῦ","θεός"
62,04,07,"V","3XPI-S","γεγέννηται","γεγέννηται","γεγέννηται","γεννάω"
62,04,07,"C",NULL,"καὶ","καὶ","καί","καί"
62,04,07,"V","3PAI-S","γινώσκει","γινώσκει","γινώσκει","γινώσκω"
62,04,07,"RA","ASM","τὸν","τὸν","τόν","ὁ"
62,04,07,"N","ASM","θεόν.","θεόν","θεόν","θεός"
62,04,08,"RA","NSM","ὁ","ὁ","ὁ","ὁ"
62,04,08,"D",NULL,"μὴ","μὴ","μή","μή"
62,04,08,"V","PAPNSM","ἀγαπῶν","ἀγαπῶν","ἀγαπῶν","ἀγαπάω"
62,04,08,"D",NULL,"οὐκ","οὐκ","οὐ","οὐ"
62,04,08,"V","3AAI-S","ἔγνω","ἔγνω","ἔγνω","γινώσκω"
62,04,08,"RA","ASM","τὸν","τὸν","τόν","ὁ"
62,04,08,"N","ASM","θεόν,","θεόν","θεόν","θεός"
62,04,08,"C",NULL,"ὅτι","ὅτι","ὅτι","ὅτι"
62,04,08,"RA","NSM","ὁ","ὁ","ὁ","ὁ"
62,04,08,"N","NSM","θεὸς","θεὸς","θεός","θεός"
62,04,08,"N","NSF","ἀγάπη","ἀγάπη","ἀγάπη","ἀγάπη"
62,04,08,"V","3PAI-S","ἐστίν.","ἐστίν","ἐστί(ν)","εἰμί"
62,04,09,"P",NULL,"ἐν","ἐν","ἐν","ἐν"
62,04,09,"RD","DSN","τούτῳ","τούτῳ","τούτῳ","οὗτος"
62,04,09,"V","3API-S","ἐφανερώθη","ἐφανερώθη","ἐφανερώθη","φανερόω"
62,04,09,"RA","NSF","ἡ","ἡ","ἡ","ὁ"
62,04,09,"N","NSF","ἀγάπη","ἀγάπη","ἀγάπη","ἀγάπη"
62,04,09,"RA","GSM","τοῦ","τοῦ","τοῦ","ὁ"
62,04,09,"N","GSM","θεοῦ","θεοῦ","θεοῦ","θεός"
62,04,09,"P",NULL,"ἐν","ἐν","ἐν","ἐν"
62,04,09,"RP","DP","ἡμῖν,","ἡμῖν","ἡμῖν","ἐγώ"
62,04,09,"C",NULL,"ὅτι","ὅτι","ὅτι","ὅτι"
62,04,09,"RA","ASM","τὸν","τὸν","τόν","ὁ"
62,04,09,"N","ASM","υἱὸν","υἱὸν","υἱόν","υἱός"
62,04,09,"RP","GSM","αὐτοῦ","αὐτοῦ","αὐτοῦ","αὐτός"
62,04,09,"RA","ASM","τὸν","τὸν","τόν","ὁ"
62,04,09,"A","ASM","μονογενῆ","μονογενῆ","μονογενῆ","μονογενής"
62,04,09,"V","3XAI-S","ἀπέσταλκεν","ἀπέσταλκεν","ἀπέσταλκε(ν)","ἀποστέλλω"
62,04,09,"RA","NSM","ὁ","ὁ","ὁ","ὁ"
62,04,09,"N","NSM","θεὸς","θεὸς","θεός","θεός"
62,04,09,"P",NULL,"εἰς","εἰς","εἰς","εἰς"
62,04,09,"RA","ASM","τὸν","τὸν","τόν","ὁ"
62,04,09,"N","ASM","κόσμον","κόσμον","κόσμον","κόσμος"
62,04,09,"C",NULL,"ἵνα","ἵνα","ἵνα","ἵνα"
62,04,09,"V","1AAS-P","ζήσωμεν","ζήσωμεν","ζήσωμεν","ζάω"
62,04,09,"P",NULL,"δι’","δι’","διά","διά"
62,04,09,"RP","GSM","αὐτοῦ.","αὐτοῦ","αὐτοῦ","αὐτός"
62,04,10,"P",NULL,"ἐν","ἐν","ἐν","ἐν"
62,04,10,"RD","DSN","τούτῳ","τούτῳ","τούτῳ","οὗτος"
62,04,10,"V","3PAI-S","ἐστὶν","ἐστὶν","ἐστί(ν)","εἰμί"
62,04,10,"RA","NSF","ἡ","ἡ","ἡ","ὁ"
62,04,10,"N","NSF","ἀγάπη,","ἀγάπη","ἀγάπη","ἀγάπη"
62,04,10,"D",NULL,"οὐχ","οὐχ","οὐ","οὐ"
62,04,10,"D",NULL,"ὅτι","ὅτι","ὅτι","ὅτι"
62,04,10,"RP","NP","ἡμεῖς","ἡμεῖς","ἡμεῖς","ἐγώ"
62,04,10,"V","1XAI-P","⸀ἠγαπήκαμεν","ἠγαπήκαμεν","ἠγαπήκαμεν","ἀγαπάω"
62,04,10,"RA","ASM","τὸν","τὸν","τόν","ὁ"
62,04,10,"N","ASM","θεόν,","θεόν","θεόν","θεός"
62,04,10,"C",NULL,"ἀλλ’","ἀλλ’","ἀλλά","ἀλλά"
62,04,10,"D",NULL,"ὅτι","ὅτι","ὅτι","ὅτι"
62,04,10,"RP","NSM","αὐτὸς","αὐτὸς","αὐτός","αὐτός"
62,04,10,"V","3AAI-S","ἠγάπησεν","ἠγάπησεν","ἠγάπησε(ν)","ἀγαπάω"
62,04,10,"RP","AP","ἡμᾶς","ἡμᾶς","ἡμᾶς","ἐγώ"
62,04,10,"C",NULL,"καὶ","καὶ","καί","καί"
62,04,10,"V","3AAI-S","ἀπέστειλεν","ἀπέστειλεν","ἀπέστειλε(ν)","ἀποστέλλω"
62,04,10,"RA","ASM","τὸν","τὸν","τόν","ὁ"
62,04,10,"N","ASM","υἱὸν","υἱὸν","υἱόν","υἱός"
62,04,10,"RP","GSM","αὐτοῦ","αὐτοῦ","αὐτοῦ","αὐτός"
62,04,10,"N","ASM","ἱλασμὸν","ἱλασμὸν","ἱλασμόν","ἱλασμός"
62,04,10,"P",NULL,"περὶ","περὶ","περί","περί"
62,04,10,"RA","GPF","τῶν","τῶν","τῶν","ὁ"
62,04,10,"N","GPF","ἁμαρτιῶν","ἁμαρτιῶν","ἁμαρτιῶν","ἁμαρτία"
62,04,10,"RP","GP","ἡμῶν.","ἡμῶν","ἡμῶν","ἐγώ"
62,04,11,"A","VPM","ἀγαπητοί,","ἀγαπητοί","ἀγαπητοί","ἀγαπητός"
62,04,11,"C",NULL,"εἰ","εἰ","εἰ","εἰ"
62,04,11,"D",NULL,"οὕτως","οὕτως","οὕτω(ς)","οὕτω(ς)"
62,04,11,"RA","NSM","ὁ","ὁ","ὁ","ὁ"
62,04,11,"N","NSM","θεὸς","θεὸς","θεός","θεός"
62,04,11,"V","3AAI-S","ἠγάπησεν","ἠγάπησεν","ἠγάπησε(ν)","ἀγαπάω"
62,04,11,"RP","AP","ἡμᾶς,","ἡμᾶς","ἡμᾶς","ἐγώ"
62,04,11,"D",NULL,"καὶ","καὶ","καί","καί"
62,04,11,"RP","NP","ἡμεῖς","ἡμεῖς","ἡμεῖς","ἐγώ"
62,04,11,"V","1PAI-P","ὀφείλομεν","ὀφείλομεν","ὀφείλομεν","ὀφείλω"
62,04,11,"RP","APM","ἀλλήλους","ἀλλήλους","ἀλλήλους","ἀλλήλων"
62,04,11,"V","PAN","ἀγαπᾶν.","ἀγαπᾶν","ἀγαπᾶν","ἀγαπάω"
62,04,12,"N","ASM","θεὸν","θεὸν","θεόν","θεός"
62,04,12,"A","NSM","οὐδεὶς","οὐδεὶς","οὐδείς","οὐδείς"
62,04,12,"D",NULL,"πώποτε","πώποτε","πώποτε","πώποτε"
62,04,12,"V","3XMI-S","τεθέαται·","τεθέαται","τεθέαται","θεάομαι"
62,04,12,"C",NULL,"ἐὰν","ἐὰν","ἐάν","ἐάν"
62,04,12,"V","1PAS-P","ἀγαπῶμεν","ἀγαπῶμεν","ἀγαπῶμεν","ἀγαπάω"
62,04,12,"RP","APM","ἀλλήλους,","ἀλλήλους","ἀλλήλους","ἀλλήλων"
62,04,12,"RA","NSM","ὁ","ὁ","ὁ","ὁ"
62,04,12,"N","NSM","θεὸς","θεὸς","θεός","θεός"
62,04,12,"P",NULL,"ἐν","ἐν","ἐν","ἐν"
62,04,12,"RP","DP","ἡμῖν","ἡμῖν","ἡμῖν","ἐγώ"
62,04,12,"V","3PAI-S","μένει","μένει","μένει","μένω"
62,04,12,"C",NULL,"καὶ","καὶ","καί","καί"
62,04,12,"RA","NSF","ἡ","ἡ","ἡ","ὁ"
62,04,12,"N","NSF","ἀγάπη","ἀγάπη","ἀγάπη","ἀγάπη"
62,04,12,"RP","GSM","αὐτοῦ","αὐτοῦ","αὐτοῦ","αὐτός"
62,04,12,"P",NULL,"⸂ἐν","ἐν","ἐν","ἐν"
62,04,12,"RP","DP","ἡμῖν","ἡμῖν","ἡμῖν","ἐγώ"
62,04,12,"V","XPPNSF","τετελειωμένη","τετελειωμένη","τετελειωμένη","τελειόω"
62,04,12,"V","3PAI-S","ἐστιν⸃.","ἐστιν","ἐστί(ν)","εἰμί"
62,04,13,"P",NULL,"Ἐν","Ἐν","ἐν","ἐν"
62,04,13,"RD","DSN","τούτῳ","τούτῳ","τούτῳ","οὗτος"
62,04,13,"V","1PAI-P","γινώσκομεν","γινώσκομεν","γινώσκομεν","γινώσκω"
62,04,13,"C",NULL,"ὅτι","ὅτι","ὅτι","ὅτι"
62,04,13,"P",NULL,"ἐν","ἐν","ἐν","ἐν"
62,04,13,"RP","DSM","αὐτῷ","αὐτῷ","αὐτῷ","αὐτός"
62,04,13,"V","1PAI-P","μένομεν","μένομεν","μένομεν","μένω"
62,04,13,"C",NULL,"καὶ","καὶ","καί","καί"
62,04,13,"RP","NSM","αὐτὸς","αὐτὸς","αὐτός","αὐτός"
62,04,13,"P",NULL,"ἐν","ἐν","ἐν","ἐν"
62,04,13,"RP","DP","ἡμῖν,","ἡμῖν","ἡμῖν","ἐγώ"
62,04,13,"C",NULL,"ὅτι","ὅτι","ὅτι","ὅτι"
62,04,13,"P",NULL,"ἐκ","ἐκ","ἐκ","ἐκ"
62,04,13,"RA","GSN","τοῦ","τοῦ","τοῦ","ὁ"
62,04,13,"N","GSN","πνεύματος","πνεύματος","πνεύματος","πνεῦμα"
62,04,13,"RP","GSM","αὐτοῦ","αὐτοῦ","αὐτοῦ","αὐτός"
62,04,13,"V","3XAI-S","δέδωκεν","δέδωκεν","δέδωκε(ν)","δίδωμι"
62,04,13,"RP","DP","ἡμῖν.","ἡμῖν","ἡμῖν","ἐγώ"
62,04,14,"C",NULL,"καὶ","καὶ","καί","καί"
62,04,14,"RP","NP","ἡμεῖς","ἡμεῖς","ἡμεῖς","ἐγώ"
62,04,14,"V","1XMI-P","τεθεάμεθα","τεθεάμεθα","τεθεάμεθα","θεάομαι"
62,04,14,"C",NULL,"καὶ","καὶ","καί","καί"
62,04,14,"V","1PAI-P","μαρτυροῦμεν","μαρτυροῦμεν","μαρτυροῦμεν","μαρτυρέω"
62,04,14,"C",NULL,"ὅτι","ὅτι","ὅτι","ὅτι"
62,04,14,"RA","NSM","ὁ","ὁ","ὁ","ὁ"
62,04,14,"N","NSM","πατὴρ","πατὴρ","πατήρ","πατήρ"
62,04,14,"V","3XAI-S","ἀπέσταλκεν","ἀπέσταλκεν","ἀπέσταλκε(ν)","ἀποστέλλω"
62,04,14,"RA","ASM","τὸν","τὸν","τόν","ὁ"
62,04,14,"N","ASM","υἱὸν","υἱὸν","υἱόν","υἱός"
62,04,14,"N","ASM","σωτῆρα","σωτῆρα","σωτῆρα","σωτήρ"
62,04,14,"RA","GSM","τοῦ","τοῦ","τοῦ","ὁ"
62,04,14,"N","GSM","κόσμου.","κόσμου","κόσμου","κόσμος"
62,04,15,"RR","NSM","ὃς","ὃς","ὅς","ὅς"
62,04,15,"X",NULL,"⸀ἐὰν","ἐὰν","ἐάν","ἐάν"
62,04,15,"V","3AAS-S","ὁμολογήσῃ","ὁμολογήσῃ","ὁμολογήσῃ","ὁμολογέω"
62,04,15,"C",NULL,"ὅτι","ὅτι","ὅτι","ὅτι"
62,04,15,"N","NSM","⸀Ἰησοῦς","Ἰησοῦς","Ἰησοῦς","Ἰησοῦς"
62,04,15,"V","3PAI-S","ἐστιν","ἐστιν","ἐστί(ν)","εἰμί"
62,04,15,"RA","NSM","ὁ","ὁ","ὁ","ὁ"
62,04,15,"N","NSM","υἱὸς","υἱὸς","υἱός","υἱός"
62,04,15,"RA","GSM","τοῦ","τοῦ","τοῦ","ὁ"
62,04,15,"N","GSM","θεοῦ,","θεοῦ","θεοῦ","θεός"
62,04,15,"RA","NSM","ὁ","ὁ","ὁ","ὁ"
62,04,15,"N","NSM","θεὸς","θεὸς","θεός","θεός"
62,04,15,"P",NULL,"ἐν","ἐν","ἐν","ἐν"
62,04,15,"RP","DSM","αὐτῷ","αὐτῷ","αὐτῷ","αὐτός"
62,04,15,"V","3PAI-S","μένει","μένει","μένει","μένω"
62,04,15,"C",NULL,"καὶ","καὶ","καί","καί"
62,04,15,"RP","NSM","αὐτὸς","αὐτὸς","αὐτός","αὐτός"
62,04,15,"P",NULL,"ἐν","ἐν","ἐν","ἐν"
62,04,15,"RA","DSM","τῷ","τῷ","τῷ","ὁ"
62,04,15,"N","DSM","θεῷ.","θεῷ","θεῷ","θεός"
62,04,16,"C",NULL,"καὶ","καὶ","καί","καί"
62,04,16,"RP","NP","ἡμεῖς","ἡμεῖς","ἡμεῖς","ἐγώ"
62,04,16,"V","1XAI-P","ἐγνώκαμεν","ἐγνώκαμεν","ἐγνώκαμεν","γινώσκω"
62,04,16,"C",NULL,"καὶ","καὶ","καί","καί"
62,04,16,"V","1XAI-P","πεπιστεύκαμεν","πεπιστεύκαμεν","πεπιστεύκαμεν","πιστεύω"
62,04,16,"RA","ASF","τὴν","τὴν","τήν","ὁ"
62,04,16,"N","ASF","ἀγάπην","ἀγάπην","ἀγάπην","ἀγάπη"
62,04,16,"RR","ASF","ἣν","ἣν","ἥν","ὅς"
62,04,16,"V","3PAI-S","ἔχει","ἔχει","ἔχει","ἔχω"
62,04,16,"RA","NSM","ὁ","ὁ","ὁ","ὁ"
62,04,16,"N","NSM","θεὸς","θεὸς","θεός","θεός"
62,04,16,"P",NULL,"ἐν","ἐν","ἐν","ἐν"
62,04,16,"RP","DP","ἡμῖν.","ἡμῖν","ἡμῖν","ἐγώ"
62,04,16,"RA","NSM","Ὁ","Ὁ","ὁ","ὁ"
62,04,16,"N","NSM","θεὸς","θεὸς","θεός","θεός"
62,04,16,"N","NSF","ἀγάπη","ἀγάπη","ἀγάπη","ἀγάπη"
62,04,16,"V","3PAI-S","ἐστίν,","ἐστίν","ἐστί(ν)","εἰμί"
62,04,16,"C",NULL,"καὶ","καὶ","καί","καί"
62,04,16,"RA","NSM","ὁ","ὁ","ὁ","ὁ"
62,04,16,"V","PAPNSM","μένων","μένων","μένων","μένω"
62,04,16,"P",NULL,"ἐν","ἐν","ἐν","ἐν"
62,04,16,"RA","DSF","τῇ","τῇ","τῇ","ὁ"
62,04,16,"N","DSF","ἀγάπῃ","ἀγάπῃ","ἀγάπῃ","ἀγάπη"
62,04,16,"P",NULL,"ἐν","ἐν","ἐν","ἐν"
62,04,16,"RA","DSM","τῷ","τῷ","τῷ","ὁ"
62,04,16,"N","DSM","θεῷ","θεῷ","θεῷ","θεός"
62,04,16,"V","3PAI-S","μένει","μένει","μένει","μένω"
62,04,16,"C",NULL,"καὶ","καὶ","καί","καί"
62,04,16,"RA","NSM","ὁ","ὁ","ὁ","ὁ"
62,04,16,"N","NSM","θεὸς","θεὸς","θεός","θεός"
62,04,16,"P",NULL,"ἐν","ἐν","ἐν","ἐν"
62,04,16,"RP","DSM","αὐτῷ","αὐτῷ","αὐτῷ","αὐτός"
62,04,16,"V","3PAI-S","⸀μένει.","μένει","μένει","μένω"
62,04,17,"P",NULL,"ἐν","ἐν","ἐν","ἐν"
62,04,17,"RD","DSN","τούτῳ","τούτῳ","τούτῳ","οὗτος"
62,04,17,"V","3XPI-S","τετελείωται","τετελείωται","τετελείωται","τελειόω"
62,04,17,"RA","NSF","ἡ","ἡ","ἡ","ὁ"
62,04,17,"N","NSF","ἀγάπη","ἀγάπη","ἀγάπη","ἀγάπη"
62,04,17,"P",NULL,"μεθ’","μεθ’","μετά","μετά"
62,04,17,"RP","GP","ἡμῶν,","ἡμῶν","ἡμῶν","ἐγώ"
62,04,17,"C",NULL,"ἵνα","ἵνα","ἵνα","ἵνα"
62,04,17,"N","ASF","παρρησίαν","παρρησίαν","παρρησίαν","παρρησία"
62,04,17,"V","1PAS-P","ἔχωμεν","ἔχωμεν","ἔχωμεν","ἔχω"
62,04,17,"P",NULL,"ἐν","ἐν","ἐν","ἐν"
62,04,17,"RA","DSF","τῇ","τῇ","τῇ","ὁ"
62,04,17,"N","DSF","ἡμέρᾳ","ἡμέρᾳ","ἡμέρᾳ","ἡμέρα"
62,04,17,"RA","GSF","τῆς","τῆς","τῆς","ὁ"
62,04,17,"N","GSF","κρίσεως,","κρίσεως","κρίσεως","κρίσις"
62,04,17,"C",NULL,"ὅτι","ὅτι","ὅτι","ὅτι"
62,04,17,"C",NULL,"καθὼς","καθὼς","καθώς","καθώς"
62,04,17,"RD","NSM","ἐκεῖνός","ἐκεῖνός","ἐκεῖνος","ἐκεῖνος"
62,04,17,"V","3PAI-S","ἐστιν","ἐστιν","ἐστί(ν)","εἰμί"
62,04,17,"D",NULL,"καὶ","καὶ","καί","καί"
62,04,17,"RP","NP","ἡμεῖς","ἡμεῖς","ἡμεῖς","ἐγώ"
62,04,17,"V","1PAI-P","ἐσμεν","ἐσμεν","ἐσμέν","εἰμί"
62,04,17,"P",NULL,"ἐν","ἐν","ἐν","ἐν"
62,04,17,"RA","DSM","τῷ","τῷ","τῷ","ὁ"
62,04,17,"N","DSM","κόσμῳ","κόσμῳ","κόσμῳ","κόσμος"
62,04,17,"RD","DSM","τούτῳ.","τούτῳ","τούτῳ","οὗτος"
62,04,18,"N","NSM","φόβος","φόβος","φόβος","φόβος"
62,04,18,"D",NULL,"οὐκ","οὐκ","οὐ","οὐ"
62,04,18,"V","3PAI-S","ἔστιν","ἔστιν","ἐστί(ν)","εἰμί"
62,04,18,"P",NULL,"ἐν","ἐν","ἐν","ἐν"
62,04,18,"RA","DSF","τῇ","τῇ","τῇ","ὁ"
62,04,18,"N","DSF","ἀγάπῃ,","ἀγάπῃ","ἀγάπῃ","ἀγάπη"
62,04,18,"C",NULL,"ἀλλ’","ἀλλ’","ἀλλά","ἀλλά"
62,04,18,"RA","NSF","ἡ","ἡ","ἡ","ὁ"
62,04,18,"A","NSF","τελεία","τελεία","τελεία","τέλειος"
62,04,18,"N","NSF","ἀγάπη","ἀγάπη","ἀγάπη","ἀγάπη"
62,04,18,"D",NULL,"ἔξω","ἔξω","ἔξω","ἔξω"
62,04,18,"V","3PAI-S","βάλλει","βάλλει","βάλλει","βάλλω"
62,04,18,"RA","ASM","τὸν","τὸν","τόν","ὁ"
62,04,18,"N","ASM","φόβον,","φόβον","φόβον","φόβος"
62,04,18,"C",NULL,"ὅτι","ὅτι","ὅτι","ὅτι"
62,04,18,"RA","NSM","ὁ","ὁ","ὁ","ὁ"
62,04,18,"N","NSM","φόβος","φόβος","φόβος","φόβος"
62,04,18,"N","ASF","κόλασιν","κόλασιν","κόλασιν","κόλασις"
62,04,18,"V","3PAI-S","ἔχει,","ἔχει","ἔχει","ἔχω"
62,04,18,"RA","NSM","ὁ","ὁ","ὁ","ὁ"
62,04,18,"C",NULL,"δὲ","δὲ","δέ","δέ"
62,04,18,"V","PMPNSM","φοβούμενος","φοβούμενος","φοβούμενος","φοβέομαι"
62,04,18,"D",NULL,"οὐ","οὐ","οὐ","οὐ"
62,04,18,"V","3XPI-S","τετελείωται","τετελείωται","τετελείωται","τελειόω"
62,04,18,"P",NULL,"ἐν","ἐν","ἐν","ἐν"
62,04,18,"RA","DSF","τῇ","τῇ","τῇ","ὁ"
62,04,18,"N","DSF","ἀγάπῃ.","ἀγάπῃ","ἀγάπῃ","ἀγάπη"
62,04,19,"RP","NP","ἡμεῖς","ἡμεῖς","ἡμεῖς","ἐγώ"
62,04,19,"V","1PAI-P","⸀ἀγαπῶμεν,","ἀγαπῶμεν","ἀγαπῶμεν","ἀγαπάω"
62,04,19,"C",NULL,"ὅτι","ὅτι","ὅτι","ὅτι"
62,04,19,"RP","NSM","αὐτὸς","αὐτὸς","αὐτός","αὐτός"
62,04,19,"A","NSM","πρῶτος","πρῶτος","πρῶτος","πρῶτος"
62,04,19,"V","3AAI-S","ἠγάπησεν","ἠγάπησεν","ἠγάπησε(ν)","ἀγαπάω"
62,04,19,"RP","AP","ἡμᾶς.","ἡμᾶς","ἡμᾶς","ἐγώ"
62,04,20,"C",NULL,"ἐάν","ἐάν","ἐάν","ἐάν"
62,04,20,"RI","NSM","τις","τις","τὶς","τις"
62,04,20,"V","3AAS-S","εἴπῃ","εἴπῃ","εἴπῃ","λέγω"
62,04,20,"C",NULL,"ὅτι","ὅτι","ὅτι","ὅτι"
62,04,20,"V","1PAI-S","Ἀγαπῶ","Ἀγαπῶ","ἀγαπῶ","ἀγαπάω"
62,04,20,"RA","ASM","τὸν","τὸν","τόν","ὁ"
62,04,20,"N","ASM","θεόν,","θεόν","θεόν","θεός"
62,04,20,"C",NULL,"καὶ","καὶ","καί","καί"
62,04,20,"RA","ASM","τὸν","τὸν","τόν","ὁ"
62,04,20,"N","ASM","ἀδελφὸν","ἀδελφὸν","ἀδελφόν","ἀδελφός"
62,04,20,"RP","GSM","αὐτοῦ","αὐτοῦ","αὐτοῦ","αὐτός"
62,04,20,"V","3PAS-S","μισῇ,","μισῇ","μισῇ","μισέω"
62,04,20,"N","NSM","ψεύστης","ψεύστης","ψεύστης","ψεύστης"
62,04,20,"V","3PAI-S","ἐστίν·","ἐστίν","ἐστί(ν)","εἰμί"
62,04,20,"RA","NSM","ὁ","ὁ","ὁ","ὁ"
62,04,20,"C",NULL,"γὰρ","γὰρ","γάρ","γάρ"
62,04,20,"D",NULL,"μὴ","μὴ","μή","μή"
62,04,20,"V","PAPNSM","ἀγαπῶν","ἀγαπῶν","ἀγαπῶν","ἀγαπάω"
62,04,20,"RA","ASM","τὸν","τὸν","τόν","ὁ"
62,04,20,"N","ASM","ἀδελφὸν","ἀδελφὸν","ἀδελφόν","ἀδελφός"
62,04,20,"RP","GSM","αὐτοῦ","αὐτοῦ","αὐτοῦ","αὐτός"
62,04,20,"RR","ASM","ὃν","ὃν","ὅν","ὅς"
62,04,20,"V","3XAI-S","ἑώρακεν,","ἑώρακεν","ἑώρακε(ν)","ὁράω"
62,04,20,"RA","ASM","τὸν","τὸν","τόν","ὁ"
62,04,20,"N","ASM","θεὸν","θεὸν","θεόν","θεός"
62,04,20,"RR","ASM","ὃν","ὃν","ὅν","ὅς"
62,04,20,"D",NULL,"οὐχ","οὐχ","οὐ","οὐ"
62,04,20,"V","3XAI-S","ἑώρακεν","ἑώρακεν","ἑώρακε(ν)","ὁράω"
62,04,20,"D",NULL,"⸀οὐ","οὐ","οὐ","οὐ"
62,04,20,"V","3PMI-S","δύναται","δύναται","δύναται","δύναμαι"
62,04,20,"V","PAN","ἀγαπᾶν.","ἀγαπᾶν","ἀγαπᾶν","ἀγαπάω"
62,04,21,"C",NULL,"καὶ","καὶ","καί","καί"
62,04,21,"RD","ASF","ταύτην","ταύτην","ταύτην","οὗτος"
62,04,21,"RA","ASF","τὴν","τὴν","τήν","ὁ"
62,04,21,"N","ASF","ἐντολὴν","ἐντολὴν","ἐντολήν","ἐντολή"
62,04,21,"V","1PAI-P","ἔχομεν","ἔχομεν","ἔχομεν","ἔχω"
62,04,21,"P",NULL,"ἀπ’","ἀπ’","ἀπό","ἀπό"
62,04,21,"RP","GSM","αὐτοῦ,","αὐτοῦ","αὐτοῦ","αὐτός"
62,04,21,"D",NULL,"ἵνα","ἵνα","ἵνα","ἵνα"
62,04,21,"RA","NSM","ὁ","ὁ","ὁ","ὁ"
62,04,21,"V","PAPNSM","ἀγαπῶν","ἀγαπῶν","ἀγαπῶν","ἀγαπάω"
62,04,21,"RA","ASM","τὸν","τὸν","τόν","ὁ"
62,04,21,"N","ASM","θεὸν","θεὸν","θεόν","θεός"
62,04,21,"V","3PAS-S","ἀγαπᾷ","ἀγαπᾷ","ἀγαπᾷ","ἀγαπάω"
62,04,21,"D",NULL,"καὶ","καὶ","καί","καί"
62,04,21,"RA","ASM","τὸν","τὸν","τόν","ὁ"
62,04,21,"N","ASM","ἀδελφὸν","ἀδελφὸν","ἀδελφόν","ἀδελφός"
62,04,21,"RP","GSM","αὐτοῦ.","αὐτοῦ","αὐτοῦ","αὐτός"
62,05,01,"A","NSM","Πᾶς","Πᾶς","πᾶς","πᾶς"
62,05,01,"RA","NSM","ὁ","ὁ","ὁ","ὁ"
62,05,01,"V","PAPNSM","πιστεύων","πιστεύων","πιστεύων","πιστεύω"
62,05,01,"C",NULL,"ὅτι","ὅτι","ὅτι","ὅτι"
62,05,01,"N","NSM","Ἰησοῦς","Ἰησοῦς","Ἰησοῦς","Ἰησοῦς"
62,05,01,"V","3PAI-S","ἐστιν","ἐστιν","ἐστί(ν)","εἰμί"
62,05,01,"RA","NSM","ὁ","ὁ","ὁ","ὁ"
62,05,01,"N","NSM","χριστὸς","χριστὸς","Χριστός","Χριστός"
62,05,01,"P",NULL,"ἐκ","ἐκ","ἐκ","ἐκ"
62,05,01,"RA","GSM","τοῦ","τοῦ","τοῦ","ὁ"
62,05,01,"N","GSM","θεοῦ","θεοῦ","θεοῦ","θεός"
62,05,01,"V","3XPI-S","γεγέννηται,","γεγέννηται","γεγέννηται","γεννάω"
62,05,01,"C",NULL,"καὶ","καὶ","καί","καί"
62,05,01,"A","NSM","πᾶς","πᾶς","πᾶς","πᾶς"
62,05,01,"RA","NSM","ὁ","ὁ","ὁ","ὁ"
62,05,01,"V","PAPNSM","ἀγαπῶν","ἀγαπῶν","ἀγαπῶν","ἀγαπάω"
62,05,01,"RA","ASM","τὸν","τὸν","τόν","ὁ"
62,05,01,"V","AAPASM","γεννήσαντα","γεννήσαντα","γεννήσαντα","γεννάω"
62,05,01,"V","3PAI-S","ἀγαπᾷ","ἀγαπᾷ","ἀγαπᾷ","ἀγαπάω"
62,05,01,"D",NULL,"⸀καὶ","καὶ","καί","καί"
62,05,01,"RA","ASM","τὸν","τὸν","τόν","ὁ"
62,05,01,"V","XPPASM","γεγεννημένον","γεγεννημένον","γεγεννημένον","γεννάω"
62,05,01,"P",NULL,"ἐξ","ἐξ","ἐκ","ἐκ"
62,05,01,"RP","GSM","αὐτοῦ.","αὐτοῦ","αὐτοῦ","αὐτός"
62,05,02,"P",NULL,"ἐν","ἐν","ἐν","ἐν"
62,05,02,"RD","DSN","τούτῳ","τούτῳ","τούτῳ","οὗτος"
62,05,02,"V","1PAI-P","γινώσκομεν","γινώσκομεν","γινώσκομεν","γινώσκω"
62,05,02,"C",NULL,"ὅτι","ὅτι","ὅτι","ὅτι"
62,05,02,"V","1PAI-P","ἀγαπῶμεν","ἀγαπῶμεν","ἀγαπῶμεν","ἀγαπάω"
62,05,02,"RA","APN","τὰ","τὰ","τά","ὁ"
62,05,02,"N","APN","τέκνα","τέκνα","τέκνα","τέκνον"
62,05,02,"RA","GSM","τοῦ","τοῦ","τοῦ","ὁ"
62,05,02,"N","GSM","θεοῦ,","θεοῦ","θεοῦ","θεός"
62,05,02,"C",NULL,"ὅταν","ὅταν","ὅταν","ὅταν"
62,05,02,"RA","ASM","τὸν","τὸν","τόν","ὁ"
62,05,02,"N","ASM","θεὸν","θεὸν","θεόν","θεός"
62,05,02,"V","1PAS-P","ἀγαπῶμεν","ἀγαπῶμεν","ἀγαπῶμεν","ἀγαπάω"
62,05,02,"C",NULL,"καὶ","καὶ","καί","καί"
62,05,02,"RA","APF","τὰς","τὰς","τάς","ὁ"
62,05,02,"N","APF","ἐντολὰς","ἐντολὰς","ἐντολάς","ἐντολή"
62,05,02,"RP","GSM","αὐτοῦ","αὐτοῦ","αὐτοῦ","αὐτός"
62,05,02,"V","1PAS-P","⸀ποιῶμεν·","ποιῶμεν","ποιῶμεν","ποιέω"
62,05,03,"RD","NSF","αὕτη","αὕτη","αὕτη","οὗτος"
62,05,03,"C",NULL,"γάρ","γάρ","γάρ","γάρ"
62,05,03,"V","3PAI-S","ἐστιν","ἐστιν","ἐστί(ν)","εἰμί"
62,05,03,"RA","NSF","ἡ","ἡ","ἡ","ὁ"
62,05,03,"N","NSF","ἀγάπη","ἀγάπη","ἀγάπη","ἀγάπη"
62,05,03,"RA","GSM","τοῦ","τοῦ","τοῦ","ὁ"
62,05,03,"N","GSM","θεοῦ","θεοῦ","θεοῦ","θεός"
62,05,03,"D",NULL,"ἵνα","ἵνα","ἵνα","ἵνα"
62,05,03,"RA","APF","τὰς","τὰς","τάς","ὁ"
62,05,03,"N","APF","ἐντολὰς","ἐντολὰς","ἐντολάς","ἐντολή"
62,05,03,"RP","GSM","αὐτοῦ","αὐτοῦ","αὐτοῦ","αὐτός"
62,05,03,"V","1PAS-P","τηρῶμεν,","τηρῶμεν","τηρῶμεν","τηρέω"
62,05,03,"C",NULL,"καὶ","καὶ","καί","καί"
62,05,03,"RA","NPF","αἱ","αἱ","αἱ","ὁ"
62,05,03,"N","NPF","ἐντολαὶ","ἐντολαὶ","ἐντολαί","ἐντολή"
62,05,03,"RP","GSM","αὐτοῦ","αὐτοῦ","αὐτοῦ","αὐτός"
62,05,03,"A","NPF","βαρεῖαι","βαρεῖαι","βαρεῖαι","βαρύς"
62,05,03,"D",NULL,"οὐκ","οὐκ","οὐ","οὐ"
62,05,03,"V","3PAI-P","εἰσίν,","εἰσίν","εἰσί(ν)","εἰμί"
62,05,04,"C",NULL,"ὅτι","ὅτι","ὅτι","ὅτι"
62,05,04,"A","NSN","πᾶν","πᾶν","πᾶν","πᾶς"
62,05,04,"RA","NSN","τὸ","τὸ","τό","ὁ"
62,05,04,"V","XPPNSN","γεγεννημένον","γεγεννημένον","γεγεννημένον","γεννάω"
62,05,04,"P",NULL,"ἐκ","ἐκ","ἐκ","ἐκ"
62,05,04,"RA","GSM","τοῦ","τοῦ","τοῦ","ὁ"
62,05,04,"N","GSM","θεοῦ","θεοῦ","θεοῦ","θεός"
62,05,04,"V","3PAI-S","νικᾷ","νικᾷ","νικᾷ","νικάω"
62,05,04,"RA","ASM","τὸν","τὸν","τόν","ὁ"
62,05,04,"N","ASM","κόσμον.","κόσμον","κόσμον","κόσμος"
62,05,04,"C",NULL,"καὶ","καὶ","καί","καί"
62,05,04,"RD","NSF","αὕτη","αὕτη","αὕτη","οὗτος"
62,05,04,"V","3PAI-S","ἐστὶν","ἐστὶν","ἐστί(ν)","εἰμί"
62,05,04,"RA","NSF","ἡ","ἡ","ἡ","ὁ"
62,05,04,"N","NSF","νίκη","νίκη","νίκη","νίκη"
62,05,04,"RA","NSF","ἡ","ἡ","ἡ","ὁ"
62,05,04,"V","AAPNSF","νικήσασα","νικήσασα","νικήσασα","νικάω"
62,05,04,"RA","ASM","τὸν","τὸν","τόν","ὁ"
62,05,04,"N","ASM","κόσμον,","κόσμον","κόσμον","κόσμος"
62,05,04,"RA","NSF","ἡ","ἡ","ἡ","ὁ"
62,05,04,"N","NSF","πίστις","πίστις","πίστις","πίστις"
62,05,04,"RP","GP","ἡμῶν·","ἡμῶν","ἡμῶν","ἐγώ"
62,05,05,"RI","NSM","τίς","τίς","τίς","τίς"
62,05,05,"C",NULL,"⸂δέ","δέ","δέ","δέ"
62,05,05,"V","3PAI-S","ἐστιν⸃","ἐστιν","ἐστί(ν)","εἰμί"
62,05,05,"RA","NSM","ὁ","ὁ","ὁ","ὁ"
62,05,05,"V","PAPNSM","νικῶν","νικῶν","νικῶν","νικάω"
62,05,05,"RA","ASM","τὸν","τὸν","τόν","ὁ"
62,05,05,"N","ASM","κόσμον","κόσμον","κόσμον","κόσμος"
62,05,05,"C",NULL,"εἰ","εἰ","εἰ","εἰ"
62,05,05,"D",NULL,"μὴ","μὴ","μή","μή"
62,05,05,"RA","NSM","ὁ","ὁ","ὁ","ὁ"
62,05,05,"V","PAPNSM","πιστεύων","πιστεύων","πιστεύων","πιστεύω"
62,05,05,"C",NULL,"ὅτι","ὅτι","ὅτι","ὅτι"
62,05,05,"N","NSM","Ἰησοῦς","Ἰησοῦς","Ἰησοῦς","Ἰησοῦς"
62,05,05,"V","3PAI-S","ἐστιν","ἐστιν","ἐστί(ν)","εἰμί"
62,05,05,"RA","NSM","ὁ","ὁ","ὁ","ὁ"
62,05,05,"N","NSM","υἱὸς","υἱὸς","υἱός","υἱός"
62,05,05,"RA","GSM","τοῦ","τοῦ","τοῦ","ὁ"
62,05,05,"N","GSM","θεοῦ;","θεοῦ","θεοῦ","θεός"
62,05,06,"RD","NSM","Οὗτός","Οὗτός","οὗτος","οὗτος"
62,05,06,"V","3PAI-S","ἐστιν","ἐστιν","ἐστί(ν)","εἰμί"
62,05,06,"RA","NSM","ὁ","ὁ","ὁ","ὁ"
62,05,06,"V","AAPNSM","ἐλθὼν","ἐλθὼν","ἐλθών","ἔρχομαι"
62,05,06,"P",NULL,"δι’","δι’","διά","διά"
62,05,06,"N","GSN","ὕδατος","ὕδατος","ὕδατος","ὕδωρ"
62,05,06,"C",NULL,"καὶ","καὶ","καί","καί"
62,05,06,"N","GSN","αἵματος,","αἵματος","αἵματος","αἷμα"
62,05,06,"N","NSM","Ἰησοῦς","Ἰησοῦς","Ἰησοῦς","Ἰησοῦς"
62,05,06,"N","NSM","Χριστός·","Χριστός","Χριστός","Χριστός"
62,05,06,"D",NULL,"οὐκ","οὐκ","οὐ","οὐ"
62,05,06,"P",NULL,"ἐν","ἐν","ἐν","ἐν"
62,05,06,"RA","DSN","τῷ","τῷ","τῷ","ὁ"
62,05,06,"N","DSN","ὕδατι","ὕδατι","ὕδατι","ὕδωρ"
62,05,06,"A","ASN","μόνον","μόνον","μόνον","μόνος"
62,05,06,"C",NULL,"ἀλλ’","ἀλλ’","ἀλλά","ἀλλά"
62,05,06,"P",NULL,"ἐν","ἐν","ἐν","ἐν"
62,05,06,"RA","DSN","τῷ","τῷ","τῷ","ὁ"
62,05,06,"N","DSN","ὕδατι","ὕδατι","ὕδατι","ὕδωρ"
62,05,06,"C",NULL,"καὶ","καὶ","καί","καί"
62,05,06,"P",NULL,"⸀ἐν","ἐν","ἐν","ἐν"
62,05,06,"RA","DSN","τῷ","τῷ","τῷ","ὁ"
62,05,06,"N","DSN","αἵματι·","αἵματι","αἵματι","αἷμα"
62,05,06,"C",NULL,"καὶ","καὶ","καί","καί"
62,05,06,"RA","NSN","τὸ","τὸ","τό","ὁ"
62,05,06,"N","NSN","πνεῦμά","πνεῦμά","πνεῦμα","πνεῦμα"
62,05,06,"V","3PAI-S","ἐστιν","ἐστιν","ἐστί(ν)","εἰμί"
62,05,06,"RA","NSN","τὸ","τὸ","τό","ὁ"
62,05,06,"V","PAPNSN","μαρτυροῦν,","μαρτυροῦν","μαρτυροῦν","μαρτυρέω"
62,05,06,"C",NULL,"ὅτι","ὅτι","ὅτι","ὅτι"
62,05,06,"RA","NSN","τὸ","τὸ","τό","ὁ"
62,05,06,"N","NSN","πνεῦμά","πνεῦμά","πνεῦμα","πνεῦμα"
62,05,06,"V","3PAI-S","ἐστιν","ἐστιν","ἐστί(ν)","εἰμί"
62,05,06,"RA","NSF","ἡ","ἡ","ἡ","ὁ"
62,05,06,"N","NSF","ἀλήθεια.","ἀλήθεια","ἀλήθεια","ἀλήθεια"
62,05,07,"C",NULL,"ὅτι","ὅτι","ὅτι","ὅτι"
62,05,07,"A","NPM","τρεῖς","τρεῖς","τρεῖς","τρεῖς"
62,05,07,"V","3PAI-P","εἰσιν","εἰσιν","εἰσί(ν)","εἰμί"
62,05,07,"RA","NPM","οἱ","οἱ","οἱ","ὁ"
62,05,07,"V","PAPNPM","μαρτυροῦντες,","μαρτυροῦντες","μαρτυροῦντες","μαρτυρέω"
62,05,08,"RA","NSN","τὸ","τὸ","τό","ὁ"
62,05,08,"N","NSN","πνεῦμα","πνεῦμα","πνεῦμα","πνεῦμα"
62,05,08,"C",NULL,"καὶ","καὶ","καί","καί"
62,05,08,"RA","NSN","τὸ","τὸ","τό","ὁ"
62,05,08,"N","NSN","ὕδωρ","ὕδωρ","ὕδωρ","ὕδωρ"
62,05,08,"C",NULL,"καὶ","καὶ","καί","καί"
62,05,08,"RA","NSN","τὸ","τὸ","τό","ὁ"
62,05,08,"N","NSN","αἷμα,","αἷμα","αἷμα","αἷμα"
62,05,08,"C",NULL,"καὶ","καὶ","καί","καί"
62,05,08,"RA","NPM","οἱ","οἱ","οἱ","ὁ"
62,05,08,"A","NPM","τρεῖς","τρεῖς","τρεῖς","τρεῖς"
62,05,08,"P",NULL,"εἰς","εἰς","εἰς","εἰς"
62,05,08,"RA","ASN","τὸ","τὸ","τό","ὁ"
62,05,08,"A","ASN","ἕν","ἕν","ἕν","εἷς"
62,05,08,"V","3PAI-P","εἰσιν.","εἰσιν","εἰσί(ν)","εἰμί"
62,05,09,"C",NULL,"εἰ","εἰ","εἰ","εἰ"
62,05,09,"RA","ASF","τὴν","τὴν","τήν","ὁ"
62,05,09,"N","ASF","μαρτυρίαν","μαρτυρίαν","μαρτυρίαν","μαρτυρία"
62,05,09,"RA","GPM","τῶν","τῶν","τῶν","ὁ"
62,05,09,"N","GPM","ἀνθρώπων","ἀνθρώπων","ἀνθρώπων","ἄνθρωπος"
62,05,09,"V","1PAI-P","λαμβάνομεν,","λαμβάνομεν","λαμβάνομεν","λαμβάνω"
62,05,09,"RA","NSF","ἡ","ἡ","ἡ","ὁ"
62,05,09,"N","NSF","μαρτυρία","μαρτυρία","μαρτυρία","μαρτυρία"
62,05,09,"RA","GSM","τοῦ","τοῦ","τοῦ","ὁ"
62,05,09,"N","GSM","θεοῦ","θεοῦ","θεοῦ","θεός"
62,05,09,"A","NSFC","μείζων","μείζων","μείζων","μέγας"
62,05,09,"V","3PAI-S","ἐστίν,","ἐστίν","ἐστί(ν)","εἰμί"
62,05,09,"C",NULL,"ὅτι","ὅτι","ὅτι","ὅτι"
62,05,09,"RD","NSF","αὕτη","αὕτη","αὕτη","οὗτος"
62,05,09,"V","3PAI-S","ἐστὶν","ἐστὶν","ἐστί(ν)","εἰμί"
62,05,09,"RA","NSF","ἡ","ἡ","ἡ","ὁ"
62,05,09,"N","NSF","μαρτυρία","μαρτυρία","μαρτυρία","μαρτυρία"
62,05,09,"RA","GSM","τοῦ","τοῦ","τοῦ","ὁ"
62,05,09,"N","GSM","θεοῦ","θεοῦ","θεοῦ","θεός"
62,05,09,"C",NULL,"⸀ὅτι","ὅτι","ὅτι","ὅτι"
62,05,09,"V","3XAI-S","μεμαρτύρηκεν","μεμαρτύρηκεν","μεμαρτύρηκε(ν)","μαρτυρέω"
62,05,09,"P",NULL,"περὶ","περὶ","περί","περί"
62,05,09,"RA","GSM","τοῦ","τοῦ","τοῦ","ὁ"
62,05,09,"N","GSM","υἱοῦ","υἱοῦ","υἱοῦ","υἱός"
62,05,09,"RP","GSM","αὐτοῦ.","αὐτοῦ","αὐτοῦ","αὐτός"
62,05,10,"RA","NSM","ὁ","ὁ","ὁ","ὁ"
62,05,10,"V","PAPNSM","πιστεύων","πιστεύων","πιστεύων","πιστεύω"
62,05,10,"P",NULL,"εἰς","εἰς","εἰς","εἰς"
62,05,10,"RA","ASM","τὸν","τὸν","τόν","ὁ"
62,05,10,"N","ASM","υἱὸν","υἱὸν","υἱόν","υἱός"
62,05,10,"RA","GSM","τοῦ","τοῦ","τοῦ","ὁ"
62,05,10,"N","GSM","θεοῦ","θεοῦ","θεοῦ","θεός"
62,05,10,"V","3PAI-S","ἔχει","ἔχει","ἔχει","ἔχω"
62,05,10,"RA","ASF","τὴν","τὴν","τήν","ὁ"
62,05,10,"N","ASF","μαρτυρίαν","μαρτυρίαν","μαρτυρίαν","μαρτυρία"
62,05,10,"P",NULL,"ἐν","ἐν","ἐν","ἐν"
62,05,10,"RP","DSM","⸀αὑτῷ·","αὑτῷ","αὑτῷ","ἑαυτοῦ"
62,05,10,"RA","NSM","ὁ","ὁ","ὁ","ὁ"
62,05,10,"D",NULL,"μὴ","μὴ","μή","μή"
62,05,10,"V","PAPNSM","πιστεύων","πιστεύων","πιστεύων","πιστεύω"
62,05,10,"RA","DSM","τῷ","τῷ","τῷ","ὁ"
62,05,10,"N","DSM","θεῷ","θεῷ","θεῷ","θεός"
62,05,10,"N","ASM","ψεύστην","ψεύστην","ψεύστην","ψεύστης"
62,05,10,"V","3XAI-S","πεποίηκεν","πεποίηκεν","πεποίηκε(ν)","ποιέω"
62,05,10,"RP","ASM","αὐτόν,","αὐτόν","αὐτόν","αὐτός"
62,05,10,"C",NULL,"ὅτι","ὅτι","ὅτι","ὅτι"
62,05,10,"D",NULL,"οὐ","οὐ","οὐ","οὐ"
62,05,10,"V","3XAI-S","πεπίστευκεν","πεπίστευκεν","πεπίστευκε(ν)","πιστεύω"
62,05,10,"P",NULL,"εἰς","εἰς","εἰς","εἰς"
62,05,10,"RA","ASF","τὴν","τὴν","τήν","ὁ"
62,05,10,"N","ASF","μαρτυρίαν","μαρτυρίαν","μαρτυρίαν","μαρτυρία"
62,05,10,"RR","ASF","ἣν","ἣν","ἥν","ὅς"
62,05,10,"V","3XAI-S","μεμαρτύρηκεν","μεμαρτύρηκεν","μεμαρτύρηκε(ν)","μαρτυρέω"
62,05,10,"RA","NSM","ὁ","ὁ","ὁ","ὁ"
62,05,10,"N","NSM","θεὸς","θεὸς","θεός","θεός"
62,05,10,"P",NULL,"περὶ","περὶ","περί","περί"
62,05,10,"RA","GSM","τοῦ","τοῦ","τοῦ","ὁ"
62,05,10,"N","GSM","υἱοῦ","υἱοῦ","υἱοῦ","υἱός"
62,05,10,"RP","GSM","αὐτοῦ.","αὐτοῦ","αὐτοῦ","αὐτός"
62,05,11,"C",NULL,"καὶ","καὶ","καί","καί"
62,05,11,"RD","NSF","αὕτη","αὕτη","αὕτη","οὗτος"
62,05,11,"V","3PAI-S","ἐστὶν","ἐστὶν","ἐστί(ν)","εἰμί"
62,05,11,"RA","NSF","ἡ","ἡ","ἡ","ὁ"
62,05,11,"N","NSF","μαρτυρία,","μαρτυρία","μαρτυρία","μαρτυρία"
62,05,11,"D",NULL,"ὅτι","ὅτι","ὅτι","ὅτι"
62,05,11,"N","ASF","ζωὴν","ζωὴν","ζωήν","ζωή"
62,05,11,"A","ASF","αἰώνιον","αἰώνιον","αἰώνιον","αἰώνιος"
62,05,11,"V","3AAI-S","ἔδωκεν","ἔδωκεν","ἔδωκε(ν)","δίδωμι"
62,05,11,"RA","NSM","⸂ὁ","ὁ","ὁ","ὁ"
62,05,11,"N","NSM","θεὸς","θεὸς","θεός","θεός"
62,05,11,"RP","DP","ἡμῖν⸃,","ἡμῖν","ἡμῖν","ἐγώ"
62,05,11,"C",NULL,"καὶ","καὶ","καί","καί"
62,05,11,"RD","NSF","αὕτη","αὕτη","αὕτη","οὗτος"
62,05,11,"RA","NSF","ἡ","ἡ","ἡ","ὁ"
62,05,11,"N","NSF","ζωὴ","ζωὴ","ζωή","ζωή"
62,05,11,"P",NULL,"ἐν","ἐν","ἐν","ἐν"
62,05,11,"RA","DSM","τῷ","τῷ","τῷ","ὁ"
62,05,11,"N","DSM","υἱῷ","υἱῷ","υἱῷ","υἱός"
62,05,11,"RP","GSM","αὐτοῦ","αὐτοῦ","αὐτοῦ","αὐτός"
62,05,11,"V","3PAI-S","ἐστιν.","ἐστιν","ἐστί(ν)","εἰμί"
62,05,12,"RA","NSM","ὁ","ὁ","ὁ","ὁ"
62,05,12,"V","PAPNSM","ἔχων","ἔχων","ἔχων","ἔχω"
62,05,12,"RA","ASM","τὸν","τὸν","τόν","ὁ"
62,05,12,"N","ASM","υἱὸν","υἱὸν","υἱόν","υἱός"
62,05,12,"V","3PAI-S","ἔχει","ἔχει","ἔχει","ἔχω"
62,05,12,"RA","ASF","τὴν","τὴν","τήν","ὁ"
62,05,12,"N","ASF","ζωήν·","ζωήν","ζωήν","ζωή"
62,05,12,"RA","NSM","ὁ","ὁ","ὁ","ὁ"
62,05,12,"D",NULL,"μὴ","μὴ","μή","μή"
62,05,12,"V","PAPNSM","ἔχων","ἔχων","ἔχων","ἔχω"
62,05,12,"RA","ASM","τὸν","τὸν","τόν","ὁ"
62,05,12,"N","ASM","υἱὸν","υἱὸν","υἱόν","υἱός"
62,05,12,"RA","GSM","τοῦ","τοῦ","τοῦ","ὁ"
62,05,12,"N","GSM","θεοῦ","θεοῦ","θεοῦ","θεός"
62,05,12,"RA","ASF","τὴν","τὴν","τήν","ὁ"
62,05,12,"N","ASF","ζωὴν","ζωὴν","ζωήν","ζωή"
62,05,12,"D",NULL,"οὐκ","οὐκ","οὐ","οὐ"
62,05,12,"V","3PAI-S","ἔχει.","ἔχει","ἔχει","ἔχω"
62,05,13,"RD","APN","Ταῦτα","Ταῦτα","ταῦτα","οὗτος"
62,05,13,"V","1AAI-S","ἔγραψα","ἔγραψα","ἔγραψα","γράφω"
62,05,13,"RP","DP","⸀ὑμῖν","ὑμῖν","ὑμῖν","σύ"
62,05,13,"C",NULL,"ἵνα","ἵνα","ἵνα","ἵνα"
62,05,13,"V","2XAS-P","εἰδῆτε","εἰδῆτε","εἰδῆτε","οἶδα"
62,05,13,"C",NULL,"ὅτι","ὅτι","ὅτι","ὅτι"
62,05,13,"N","ASF","ζωὴν","ζωὴν","ζωήν","ζωή"
62,05,13,"V","2PAI-P","⸂ἔχετε","ἔχετε","ἔχετε","ἔχω"
62,05,13,"A","ASF","αἰώνιον⸃,","αἰώνιον","αἰώνιον","αἰώνιος"
62,05,13,"RA","DPM","⸂τοῖς","τοῖς","τοῖς","ὁ"
62,05,13,"V","PAPDPM","πιστεύουσιν⸃","πιστεύουσιν","πιστεύουσι(ν)","πιστεύω"
62,05,13,"P",NULL,"εἰς","εἰς","εἰς","εἰς"
62,05,13,"RA","ASN","τὸ","τὸ","τό","ὁ"
62,05,13,"N","ASN","ὄνομα","ὄνομα","ὄνομα","ὄνομα"
62,05,13,"RA","GSM","τοῦ","τοῦ","τοῦ","ὁ"
62,05,13,"N","GSM","υἱοῦ","υἱοῦ","υἱοῦ","υἱός"
62,05,13,"RA","GSM","τοῦ","τοῦ","τοῦ","ὁ"
62,05,13,"N","GSM","θεοῦ.","θεοῦ","θεοῦ","θεός"
62,05,14,"C",NULL,"καὶ","καὶ","καί","καί"
62,05,14,"RD","NSF","αὕτη","αὕτη","αὕτη","οὗτος"
62,05,14,"V","3PAI-S","ἐστὶν","ἐστὶν","ἐστί(ν)","εἰμί"
62,05,14,"RA","NSF","ἡ","ἡ","ἡ","ὁ"
62,05,14,"N","NSF","παρρησία","παρρησία","παρρησία","παρρησία"
62,05,14,"RR","ASF","ἣν","ἣν","ἥν","ὅς"
62,05,14,"V","1PAI-P","ἔχομεν","ἔχομεν","ἔχομεν","ἔχω"
62,05,14,"P",NULL,"πρὸς","πρὸς","πρός","πρός"
62,05,14,"RP","ASM","αὐτόν,","αὐτόν","αὐτόν","αὐτός"
62,05,14,"D",NULL,"ὅτι","ὅτι","ὅτι","ὅτι"
62,05,14,"C",NULL,"ἐάν","ἐάν","ἐάν","ἐάν"
62,05,14,"RI","ASN","τι","τι","τὶ","τις"
62,05,14,"V","1PMS-P","αἰτώμεθα","αἰτώμεθα","αἰτώμεθα","αἰτέω"
62,05,14,"P",NULL,"κατὰ","κατὰ","κατά","κατά"
62,05,14,"RA","ASN","τὸ","τὸ","τό","ὁ"
62,05,14,"N","ASN","θέλημα","θέλημα","θέλημα","θέλημα"
62,05,14,"RP","GSM","αὐτοῦ","αὐτοῦ","αὐτοῦ","αὐτός"
62,05,14,"V","3PAI-S","ἀκούει","ἀκούει","ἀκούει","ἀκούω"
62,05,14,"RP","GP","ἡμῶν.","ἡμῶν","ἡμῶν","ἐγώ"
62,05,15,"C",NULL,"καὶ","καὶ","καί","καί"
62,05,15,"C",NULL,"ἐὰν","ἐὰν","ἐάν","ἐάν"
62,05,15,"V","1XAI-P","οἴδαμεν","οἴδαμεν","οἴδαμεν","οἶδα"
62,05,15,"C",NULL,"ὅτι","ὅτι","ὅτι","ὅτι"
62,05,15,"V","3PAI-S","ἀκούει","ἀκούει","ἀκούει","ἀκούω"
62,05,15,"RP","GP","ἡμῶν","ἡμῶν","ἡμῶν","ἐγώ"
62,05,15,"RR","ASN","ὃ","ὃ","ὅ","ὅς"
62,05,15,"X",NULL,"⸀ἐὰν","ἐὰν","ἐάν","ἐάν"
62,05,15,"V","1PMS-P","αἰτώμεθα,","αἰτώμεθα","αἰτώμεθα","αἰτέω"
62,05,15,"V","1XAI-P","οἴδαμεν","οἴδαμεν","οἴδαμεν","οἶδα"
62,05,15,"C",NULL,"ὅτι","ὅτι","ὅτι","ὅτι"
62,05,15,"V","1PAI-P","ἔχομεν","ἔχομεν","ἔχομεν","ἔχω"
62,05,15,"RA","APN","τὰ","τὰ","τά","ὁ"
62,05,15,"N","APN","αἰτήματα","αἰτήματα","αἰτήματα","αἴτημα"
62,05,15,"RR","APN","ἃ","ἃ","ἅ","ὅς"
62,05,15,"V","1XAI-P","ᾐτήκαμεν","ᾐτήκαμεν","ᾐτήκαμεν","αἰτέω"
62,05,15,"P",NULL,"⸀ἀπ’","ἀπ’","ἀπό","ἀπό"
62,05,15,"RP","GSM","αὐτοῦ.","αὐτοῦ","αὐτοῦ","αὐτός"
62,05,16,"C",NULL,"ἐάν","ἐάν","ἐάν","ἐάν"
62,05,16,"RI","NSM","τις","τις","τὶς","τις"
62,05,16,"V","3AAS-S","ἴδῃ","ἴδῃ","ἴδῃ","ὁράω"
62,05,16,"RA","ASM","τὸν","τὸν","τόν","ὁ"
62,05,16,"N","ASM","ἀδελφὸν","ἀδελφὸν","ἀδελφόν","ἀδελφός"
62,05,16,"RP","GSM","αὐτοῦ","αὐτοῦ","αὐτοῦ","αὐτός"
62,05,16,"V","PAPASM","ἁμαρτάνοντα","ἁμαρτάνοντα","ἁμαρτάνοντα","ἁμαρτάνω"
62,05,16,"N","ASF","ἁμαρτίαν","ἁμαρτίαν","ἁμαρτίαν","ἁμαρτία"
62,05,16,"D",NULL,"μὴ","μὴ","μή","μή"
62,05,16,"P",NULL,"πρὸς","πρὸς","πρός","πρός"
62,05,16,"N","ASM","θάνατον,","θάνατον","θάνατον","θάνατος"
62,05,16,"V","3FAI-S","αἰτήσει,","αἰτήσει","αἰτήσει","αἰτέω"
62,05,16,"C",NULL,"καὶ","καὶ","καί","καί"
62,05,16,"V","3FAI-S","δώσει","δώσει","δώσει","δίδωμι"
62,05,16,"RP","DSM","αὐτῷ","αὐτῷ","αὐτῷ","αὐτός"
62,05,16,"N","ASF","ζωήν,","ζωήν","ζωήν","ζωή"
62,05,16,"RA","DPM","τοῖς","τοῖς","τοῖς","ὁ"
62,05,16,"V","PAPDPM","ἁμαρτάνουσιν","ἁμαρτάνουσιν","ἁμαρτάνουσι(ν)","ἁμαρτάνω"
62,05,16,"D",NULL,"μὴ","μὴ","μή","μή"
62,05,16,"P",NULL,"πρὸς","πρὸς","πρός","πρός"
62,05,16,"N","ASM","θάνατον.","θάνατον","θάνατον","θάνατος"
62,05,16,"V","3PAI-S","ἔστιν","ἔστιν","ἐστί(ν)","εἰμί"
62,05,16,"N","NSF","ἁμαρτία","ἁμαρτία","ἁμαρτία","ἁμαρτία"
62,05,16,"P",NULL,"πρὸς","πρὸς","πρός","πρός"
62,05,16,"N","ASM","θάνατον·","θάνατον","θάνατον","θάνατος"
62,05,16,"D",NULL,"οὐ","οὐ","οὐ","οὐ"
62,05,16,"P",NULL,"περὶ","περὶ","περί","περί"
62,05,16,"RD","GSF","ἐκείνης","ἐκείνης","ἐκείνης","ἐκεῖνος"
62,05,16,"V","1PAI-S","λέγω","λέγω","λέγω","λέγω"
62,05,16,"C",NULL,"ἵνα","ἵνα","ἵνα","ἵνα"
62,05,16,"V","3AAS-S","ἐρωτήσῃ.","ἐρωτήσῃ","ἐρωτήσῃ","ἐρωτάω"
62,05,17,"A","NSF","πᾶσα","πᾶσα","πᾶσα","πᾶς"
62,05,17,"N","NSF","ἀδικία","ἀδικία","ἀδικία","ἀδικία"
62,05,17,"N","NSF","ἁμαρτία","ἁμαρτία","ἁμαρτία","ἁμαρτία"
62,05,17,"V","3PAI-S","ἐστίν,","ἐστίν","ἐστί(ν)","εἰμί"
62,05,17,"C",NULL,"καὶ","καὶ","καί","καί"
62,05,17,"V","3PAI-S","ἔστιν","ἔστιν","ἐστί(ν)","εἰμί"
62,05,17,"N","NSF","ἁμαρτία","ἁμαρτία","ἁμαρτία","ἁμαρτία"
62,05,17,"D",NULL,"οὐ","οὐ","οὐ","οὐ"
62,05,17,"P",NULL,"πρὸς","πρὸς","πρός","πρός"
62,05,17,"N","ASM","θάνατον.","θάνατον","θάνατον","θάνατος"
62,05,18,"V","1XAI-P","Οἴδαμεν","Οἴδαμεν","οἴδαμεν","οἶδα"
62,05,18,"C",NULL,"ὅτι","ὅτι","ὅτι","ὅτι"
62,05,18,"A","NSM","πᾶς","πᾶς","πᾶς","πᾶς"
62,05,18,"RA","NSM","ὁ","ὁ","ὁ","ὁ"
62,05,18,"V","XPPNSM","γεγεννημένος","γεγεννημένος","γεγεννημένος","γεννάω"
62,05,18,"P",NULL,"ἐκ","ἐκ","ἐκ","ἐκ"
62,05,18,"RA","GSM","τοῦ","τοῦ","τοῦ","ὁ"
62,05,18,"N","GSM","θεοῦ","θεοῦ","θεοῦ","θεός"
62,05,18,"D",NULL,"οὐχ","οὐχ","οὐ","οὐ"
62,05,18,"V","3PAI-S","ἁμαρτάνει,","ἁμαρτάνει","ἁμαρτάνει","ἁμαρτάνω"
62,05,18,"C",NULL,"ἀλλ’","ἀλλ’","ἀλλά","ἀλλά"
62,05,18,"RA","NSM","ὁ","ὁ","ὁ","ὁ"
62,05,18,"V","APPNSM","γεννηθεὶς","γεννηθεὶς","γεννηθείς","γεννάω"
62,05,18,"P",NULL,"ἐκ","ἐκ","ἐκ","ἐκ"
62,05,18,"RA","GSM","τοῦ","τοῦ","τοῦ","ὁ"
62,05,18,"N","GSM","θεοῦ","θεοῦ","θεοῦ","θεός"
62,05,18,"V","3PAI-S","τηρεῖ","τηρεῖ","τηρεῖ","τηρέω"
62,05,18,"RP","ASM","⸀αὐτόν,","αὐτόν","αὐτόν","αὐτός"
62,05,18,"C",NULL,"καὶ","καὶ","καί","καί"
62,05,18,"RA","NSM","ὁ","ὁ","ὁ","ὁ"
62,05,18,"A","NSM","πονηρὸς","πονηρὸς","πονηρός","πονηρός"
62,05,18,"D",NULL,"οὐχ","οὐχ","οὐ","οὐ"
62,05,18,"V","3PMI-S","ἅπτεται","ἅπτεται","ἅπτεται","ἅπτω"
62,05,18,"RP","GSM","αὐτοῦ.","αὐτοῦ","αὐτοῦ","αὐτός"
62,05,19,"V","1XAI-P","οἴδαμεν","οἴδαμεν","οἴδαμεν","οἶδα"
62,05,19,"C",NULL,"ὅτι","ὅτι","ὅτι","ὅτι"
62,05,19,"P",NULL,"ἐκ","ἐκ","ἐκ","ἐκ"
62,05,19,"RA","GSM","τοῦ","τοῦ","τοῦ","ὁ"
62,05,19,"N","GSM","θεοῦ","θεοῦ","θεοῦ","θεός"
62,05,19,"V","1PAI-P","ἐσμεν,","ἐσμεν","ἐσμέν","εἰμί"
62,05,19,"C",NULL,"καὶ","καὶ","καί","καί"
62,05,19,"RA","NSM","ὁ","ὁ","ὁ","ὁ"
62,05,19,"N","NSM","κόσμος","κόσμος","κόσμος","κόσμος"
62,05,19,"A","NSM","ὅλος","ὅλος","ὅλος","ὅλος"
62,05,19,"P",NULL,"ἐν","ἐν","ἐν","ἐν"
62,05,19,"RA","DSM","τῷ","τῷ","τῷ","ὁ"
62,05,19,"A","DSM","πονηρῷ","πονηρῷ","πονηρῷ","πονηρός"
62,05,19,"V","3PMI-S","κεῖται.","κεῖται","κεῖται","κεῖμαι"
62,05,20,"V","1XAI-P","οἴδαμεν","οἴδαμεν","οἴδαμεν","οἶδα"
62,05,20,"C",NULL,"δὲ","δὲ","δέ","δέ"
62,05,20,"C",NULL,"ὅτι","ὅτι","ὅτι","ὅτι"
62,05,20,"RA","NSM","ὁ","ὁ","ὁ","ὁ"
62,05,20,"N","NSM","υἱὸς","υἱὸς","υἱός","υἱός"
62,05,20,"RA","GSM","τοῦ","τοῦ","τοῦ","ὁ"
62,05,20,"N","GSM","θεοῦ","θεοῦ","θεοῦ","θεός"
62,05,20,"V","3PAI-S","ἥκει,","ἥκει","ἥκει","ἥκω"
62,05,20,"C",NULL,"καὶ","καὶ","καί","καί"
62,05,20,"V","3XAI-S","δέδωκεν","δέδωκεν","δέδωκε(ν)","δίδωμι"
62,05,20,"RP","DP","ἡμῖν","ἡμῖν","ἡμῖν","ἐγώ"
62,05,20,"N","ASF","διάνοιαν","διάνοιαν","διάνοιαν","διάνοια"
62,05,20,"C",NULL,"ἵνα","ἵνα","ἵνα","ἵνα"
62,05,20,"V","1PAS-P","⸀γινώσκωμεν","γινώσκωμεν","γινώσκωμεν","γινώσκω"
62,05,20,"RA","ASM","τὸν","τὸν","τόν","ὁ"
62,05,20,"A","ASM","ἀληθινόν·","ἀληθινόν","ἀληθινόν","ἀληθινός"
62,05,20,"C",NULL,"καὶ","καὶ","καί","καί"
62,05,20,"V","1PAI-P","ἐσμὲν","ἐσμὲν","ἐσμέν","εἰμί"
62,05,20,"P",NULL,"ἐν","ἐν","ἐν","ἐν"
62,05,20,"RA","DSM","τῷ","τῷ","τῷ","ὁ"
62,05,20,"A","DSM","ἀληθινῷ,","ἀληθινῷ","ἀληθινῷ","ἀληθινός"
62,05,20,"P",NULL,"ἐν","ἐν","ἐν","ἐν"
62,05,20,"RA","DSM","τῷ","τῷ","τῷ","ὁ"
62,05,20,"N","DSM","υἱῷ","υἱῷ","υἱῷ","υἱός"
62,05,20,"RP","GSM","αὐτοῦ","αὐτοῦ","αὐτοῦ","αὐτός"
62,05,20,"N","DSM","Ἰησοῦ","Ἰησοῦ","Ἰησοῦ","Ἰησοῦς"
62,05,20,"N","DSM","Χριστῷ.","Χριστῷ","Χριστῷ","Χριστός"
62,05,20,"RD","NSM","οὗτός","οὗτός","οὗτος","οὗτος"
62,05,20,"V","3PAI-S","ἐστιν","ἐστιν","ἐστί(ν)","εἰμί"
62,05,20,"RA","NSM","ὁ","ὁ","ὁ","ὁ"
62,05,20,"A","NSM","ἀληθινὸς","ἀληθινὸς","ἀληθινός","ἀληθινός"
62,05,20,"N","NSM","θεὸς","θεὸς","θεός","θεός"
62,05,20,"C",NULL,"καὶ","καὶ","καί","καί"
62,05,20,"N","NSF","ζωὴ","ζωὴ","ζωή","ζωή"
62,05,20,"A","NSF","αἰώνιος.","αἰώνιος","αἰώνιος","αἰώνιος"
62,05,21,"N","VPN","Τεκνία,","Τεκνία","τεκνία","τεκνίον"
62,05,21,"V","2AAD-P","φυλάξατε","φυλάξατε","φυλάξατε","φυλάσσω"
62,05,21,"RP","APN","ἑαυτὰ","ἑαυτὰ","ἑαυτά","ἑαυτοῦ"
62,05,21,"P",NULL,"ἀπὸ","ἀπὸ","ἀπό","ἀπό"
62,05,21,"RA","GPN","τῶν","τῶν","τῶν","ὁ"
62,05,21,"N","GPN","⸀εἰδώλων.","εἰδώλων","εἰδώλων","εἴδωλον"