"OSIS_id","Chapter","Verse","ParsingCodePOS","ParsingCodeDetails","TextWithPunctuation","WordWithPunctuationStripped","NormalizedWord","Lemma"
66,01,01,"N","NSF","Ἀποκάλυψις","Ἀποκάλυψις","ἀποκάλυψις","ἀποκάλυψις"
66,01,01,"N","GSM","Ἰησοῦ","Ἰησοῦ","Ἰησοῦ","Ἰησοῦς"
66,01,01,"N","GSM","Χριστοῦ,","Χριστοῦ","Χριστοῦ","Χριστός"
66,01,01,"RR","ASF","ἣν","ἣν","ἥν","ὅς"
66,01,01,"V","3AAI-S","ἔδωκεν","ἔδωκεν","ἔδωκε(ν)","δίδωμι"
66,01,01,"RP","DSM","αὐτῷ","αὐτῷ","αὐτῷ","αὐτός"
66,01,01,"RA","NSM","ὁ","ὁ","ὁ","ὁ"
66,01,01,"N","NSM","θεὸς","θεὸς","θεός","θεός"
66,01,01,"V","AAN","δεῖξαι","δεῖξαι","δεῖξαι","δείκνυμι"
66,01,01,"RA","DPM","τοῖς","τοῖς","τοῖς","ὁ"
66,01,01,"N","DPM","δούλοις","δούλοις","δούλοις","δοῦλος"
66,01,01,"RP","GSM","αὐτοῦ,","αὐτοῦ","αὐτοῦ","αὐτός"
66,01,01,"RR","APN","ἃ","ἃ","ἅ","ὅς"
66,01,01,"V","3PAI-S","δεῖ","δεῖ","δεῖ","δέω"
66,01,01,"V","AMN","γενέσθαι","γενέσθαι","γενέσθαι","γίνομαι"
66,01,01,"P",NULL,"ἐν","ἐν","ἐν","ἐν"
66,01,01,"N","DSN","τάχει,","τάχει","τάχει","τάχος"
66,01,01,"C",NULL,"καὶ","καὶ","καί","καί"
66,01,01,"V","3AAI-S","ἐσήμανεν","ἐσήμανεν","ἐσήμανε(ν)","σημαίνω"
66,01,01,"V","AAPNSM","ἀποστείλας","ἀποστείλας","ἀποστείλας","ἀποστέλλω"
66,01,01,"P",NULL,"διὰ","διὰ","διά","διά"
66,01,01,"RA","GSM","τοῦ","τοῦ","τοῦ","ὁ"
66,01,01,"N","GSM","ἀγγέλου","ἀγγέλου","ἀγγέλου","ἄγγελος"
66,01,01,"RP","GSM","αὐτοῦ","αὐτοῦ","αὐτοῦ","αὐτός"
66,01,01,"RA","DSM","τῷ","τῷ","τῷ","ὁ"
66,01,01,"N","DSM","δούλῳ","δούλῳ","δούλῳ","δοῦλος"
66,01,01,"RP","GSM","αὐτοῦ","αὐτοῦ","αὐτοῦ","αὐτός"
66,01,01,"N","DSM","Ἰωάννῃ,","Ἰωάννῃ","Ἰωάννῃ","Ἰωάννης"
66,01,02,"RR","NSM","ὃς","ὃς","ὅς","ὅς"
66,01,02,"V","3AAI-S","ἐμαρτύρησεν","ἐμαρτύρησεν","ἐμαρτύρησε(ν)","μαρτυρέω"
66,01,02,"RA","ASM","τὸν","τὸν","τόν","ὁ"
66,01,02,"N","ASM","λόγον","λόγον","λόγον","λόγος"
66,01,02,"RA","GSM","τοῦ","τοῦ","τοῦ","ὁ"
66,01,02,"N","GSM","θεοῦ","θεοῦ","θεοῦ","θεός"
66,01,02,"C",NULL,"καὶ","καὶ","καί","καί"
66,01,02,"RA","ASF","τὴν","τὴν","τήν","ὁ"
66,01,02,"N","ASF","μαρτυρίαν","μαρτυρίαν","μαρτυρίαν","μαρτυρία"
66,01,02,"N","GSM","Ἰησοῦ","Ἰησοῦ","Ἰησοῦ","Ἰησοῦς"
66,01,02,"N","GSM","Χριστοῦ,","Χριστοῦ","Χριστοῦ","Χριστός"
66,01,02,"RR","APN","ὅσα","ὅσα","ὅσα","ὅσος"
66,01,02,"V","3AAI-S","εἶδεν.","εἶδεν","εἶδε(ν)","ὁράω"
66,01,03,"A","NSM","μακάριος","μακάριος","μακάριος","μακάριος"
66,01,03,"RA","NSM","ὁ","ὁ","ὁ","ὁ"
66,01,03,"V","PAPNSM","ἀναγινώσκων","ἀναγινώσκων","ἀναγινώσκων","ἀναγινώσκω"
66,01,03,"C",NULL,"καὶ","καὶ","καί","καί"
66,01,03,"RA","NPM","οἱ","οἱ","οἱ","ὁ"
66,01,03,"V","PAPNPM","ἀκούοντες","ἀκούοντες","ἀκούοντες","ἀκούω"
66,01,03,"RA","APM","τοὺς","τοὺς","τούς","ὁ"
66,01,03,"N","APM","λόγους","λόγους","λόγους","λόγος"
66,01,03,"RA","GSF","τῆς","τῆς","τῆς","ὁ"
66,01,03,"N","GSF","προφητείας","προφητείας","προφητείας","προφητεία"
66,01,03,"C",NULL,"καὶ","καὶ","καί","καί"
66,01,03,"V","PAPNPM","τηροῦντες","τηροῦντες","τηροῦντες","τηρέω"
66,01,03,"RA","APN","τὰ","τὰ","τά","ὁ"
66,01,03,"P",NULL,"ἐν","ἐν","ἐν","ἐν"
66,01,03,"RP","DSF","αὐτῇ","αὐτῇ","αὐτῇ","αὐτός"
66,01,03,"V","XPPAPN","γεγραμμένα,","γεγραμμένα","γεγραμμένα","γράφω"
66,01,03,"RA","NSM","ὁ","ὁ","ὁ","ὁ"
66,01,03,"C",NULL,"γὰρ","γὰρ","γάρ","γάρ"
66,01,03,"N","NSM","καιρὸς","καιρὸς","καιρός","καιρός"
66,01,03,"D",NULL,"ἐγγύς.","ἐγγύς","ἐγγύς","ἐγγύς"
66,01,04,"N","NSM","Ἰωάννης","Ἰωάννης","Ἰωάννης","Ἰωάννης"
66,01,04,"RA","DPF","ταῖς","ταῖς","ταῖς","ὁ"
66,01,04,"A","DPF","ἑπτὰ","ἑπτὰ","ἑπτά","ἑπτά"
66,01,04,"N","DPF","ἐκκλησίαις","ἐκκλησίαις","ἐκκλησίαις","ἐκκλησία"
66,01,04,"RA","DPF","ταῖς","ταῖς","ταῖς","ὁ"
66,01,04,"P",NULL,"ἐν","ἐν","ἐν","ἐν"
66,01,04,"RA","DSF","τῇ","τῇ","τῇ","ὁ"
66,01,04,"N","DSF","Ἀσίᾳ·","Ἀσίᾳ","Ἀσίᾳ","Ἀσία"
66,01,04,"N","NSF","χάρις","χάρις","χάρις","χάρις"
66,01,04,"RP","DP","ὑμῖν","ὑμῖν","ὑμῖν","σύ"
66,01,04,"C",NULL,"καὶ","καὶ","καί","καί"
66,01,04,"N","NSF","εἰρήνη","εἰρήνη","εἰρήνη","εἰρήνη"
66,01,04,"P",NULL,"⸀ἀπὸ","ἀπὸ","ἀπό","ἀπό"
66,01,04,"RA","NSM","ὁ","ὁ","ὁ","ὁ"
66,01,04,"V","PAPNSM","ὢν","ὢν","ὤν","εἰμί"
66,01,04,"C",NULL,"καὶ","καὶ","καί","καί"
66,01,04,"RA","NSM","ὁ","ὁ","ὁ","ὁ"
66,01,04,"V","3IAI-S","ἦν","ἦν","ἦν","εἰμί"
66,01,04,"C",NULL,"καὶ","καὶ","καί","καί"
66,01,04,"RA","NSM","ὁ","ὁ","ὁ","ὁ"
66,01,04,"V","PMPNSM","ἐρχόμενος,","ἐρχόμενος","ἐρχόμενος","ἔρχομαι"
66,01,04,"C",NULL,"καὶ","καὶ","καί","καί"
66,01,04,"P",NULL,"ἀπὸ","ἀπὸ","ἀπό","ἀπό"
66,01,04,"RA","GPN","τῶν","τῶν","τῶν","ὁ"
66,01,04,"A","GPN","ἑπτὰ","ἑπτὰ","ἑπτά","ἑπτά"
66,01,04,"N","GPN","πνευμάτων","πνευμάτων","πνευμάτων","πνεῦμα"
66,01,04,"RR","NPN","ἃ","ἃ","ἅ","ὅς"
66,01,04,"P",NULL,"ἐνώπιον","ἐνώπιον","ἐνώπιον","ἐνώπιον"
66,01,04,"RA","GSM","τοῦ","τοῦ","τοῦ","ὁ"
66,01,04,"N","GSM","θρόνου","θρόνου","θρόνου","θρόνος"
66,01,04,"RP","GSM","αὐτοῦ,","αὐτοῦ","αὐτοῦ","αὐτός"
66,01,05,"C",NULL,"καὶ","καὶ","καί","καί"
66,01,05,"P",NULL,"ἀπὸ","ἀπὸ","ἀπό","ἀπό"
66,01,05,"N","GSM","Ἰησοῦ","Ἰησοῦ","Ἰησοῦ","Ἰησοῦς"
66,01,05,"N","GSM","Χριστοῦ,","Χριστοῦ","Χριστοῦ","Χριστός"
66,01,05,"RA","NSM","ὁ","ὁ","ὁ","ὁ"
66,01,05,"N","NSM","μάρτυς","μάρτυς","μάρτυς","μάρτυς"
66,01,05,"RA","NSM","ὁ","ὁ","ὁ","ὁ"
66,01,05,"A","NSM","πιστός,","πιστός","πιστός","πιστός"
66,01,05,"RA","NSM","ὁ","ὁ","ὁ","ὁ"
66,01,05,"A","NSM","πρωτότοκος","πρωτότοκος","πρωτότοκος","πρωτότοκος"
66,01,05,"RA","GPM","τῶν","τῶν","τῶν","ὁ"
66,01,05,"A","GPM","νεκρῶν","νεκρῶν","νεκρῶν","νεκρός"
66,01,05,"C",NULL,"καὶ","καὶ","καί","καί"
66,01,05,"RA","NSM","ὁ","ὁ","ὁ","ὁ"
66,01,05,"N","NSM","ἄρχων","ἄρχων","ἄρχων","ἄρχων"
66,01,05,"RA","GPM","τῶν","τῶν","τῶν","ὁ"
66,01,05,"N","GPM","βασιλέων","βασιλέων","βασιλέων","βασιλεύς"
66,01,05,"RA","GSF","τῆς","τῆς","τῆς","ὁ"
66,01,05,"N","GSF","γῆς.","γῆς","γῆς","γῆ"
66,01,05,"RA","DSM","Τῷ","Τῷ","τῷ","ὁ"
66,01,05,"V","PAPDSM","ἀγαπῶντι","ἀγαπῶντι","ἀγαπῶντι","ἀγαπάω"
66,01,05,"RP","AP","ἡμᾶς","ἡμᾶς","ἡμᾶς","ἐγώ"
66,01,05,"C",NULL,"καὶ","καὶ","καί","καί"
66,01,05,"V","AAPDSM","⸀λύσαντι","λύσαντι","λύσαντι","λύω"
66,01,05,"RP","AP","ἡμᾶς","ἡμᾶς","ἡμᾶς","ἐγώ"
66,01,05,"P",NULL,"⸀ἐκ","ἐκ","ἐκ","ἐκ"
66,01,05,"RA","GPF","τῶν","τῶν","τῶν","ὁ"
66,01,05,"N","GPF","ἁμαρτιῶν","ἁμαρτιῶν","ἁμαρτιῶν","ἁμαρτία"
66,01,05,"RP","GP","ἡμῶν","ἡμῶν","ἡμῶν","ἐγώ"
66,01,05,"P",NULL,"ἐν","ἐν","ἐν","ἐν"
66,01,05,"RA","DSN","τῷ","τῷ","τῷ","ὁ"
66,01,05,"N","DSN","αἵματι","αἵματι","αἵματι","αἷμα"
66,01,05,"RP","GSM","αὐτοῦ—","αὐτοῦ","αὐτοῦ","αὐτός"
66,01,06,"C",NULL,"καὶ","καὶ","καί","καί"
66,01,06,"V","3AAI-S","ἐποίησεν","ἐποίησεν","ἐποίησε(ν)","ποιέω"
66,01,06,"RP","AP","ἡμᾶς","ἡμᾶς","ἡμᾶς","ἐγώ"
66,01,06,"N","ASF","βασιλείαν,","βασιλείαν","βασιλείαν","βασιλεία"
66,01,06,"N","APM","ἱερεῖς","ἱερεῖς","ἱερεῖς","ἱερεύς"
66,01,06,"RA","DSM","τῷ","τῷ","τῷ","ὁ"
66,01,06,"N","DSM","θεῷ","θεῷ","θεῷ","θεός"
66,01,06,"C",NULL,"καὶ","καὶ","καί","καί"
66,01,06,"N","DSM","πατρὶ","πατρὶ","πατρί","πατήρ"
66,01,06,"RP","GSM","αὐτοῦ—","αὐτοῦ","αὐτοῦ","αὐτός"
66,01,06,"RP","DSM","αὐτῷ","αὐτῷ","αὐτῷ","αὐτός"
66,01,06,"RA","NSF","ἡ","ἡ","ἡ","ὁ"
66,01,06,"N","NSF","δόξα","δόξα","δόξα","δόξα"
66,01,06,"C",NULL,"καὶ","καὶ","καί","καί"
66,01,06,"RA","NSN","τὸ","τὸ","τό","ὁ"
66,01,06,"N","NSN","κράτος","κράτος","κράτος","κράτος"
66,01,06,"P",NULL,"εἰς","εἰς","εἰς","εἰς"
66,01,06,"RA","APM","τοὺς","τοὺς","τούς","ὁ"
66,01,06,"N","APM","αἰῶνας","αἰῶνας","αἰῶνας","αἰών"
66,01,06,"RA","GPM","⸂τῶν","τῶν","τῶν","ὁ"
66,01,06,"N","GPM","αἰώνων⸃·","αἰώνων","αἰώνων","αἰών"
66,01,06,"X",NULL,"ἀμήν.","ἀμήν","ἀμήν","ἀμήν"
66,01,07,"X",NULL,"Ἰδοὺ","Ἰδοὺ","ἰδού","ἰδού"
66,01,07,"V","3PMI-S","ἔρχεται","ἔρχεται","ἔρχεται","ἔρχομαι"
66,01,07,"P",NULL,"μετὰ","μετὰ","μετά","μετά"
66,01,07,"RA","GPF","τῶν","τῶν","τῶν","ὁ"
66,01,07,"N","GPF","νεφελῶν,","νεφελῶν","νεφελῶν","νεφέλη"
66,01,07,"C",NULL,"καὶ","καὶ","καί","καί"
66,01,07,"V","3FMI-S","ὄψεται","ὄψεται","ὄψεται","ὁράω"
66,01,07,"RP","ASM","αὐτὸν","αὐτὸν","αὐτόν","αὐτός"
66,01,07,"A","NSM","πᾶς","πᾶς","πᾶς","πᾶς"
66,01,07,"N","NSM","ὀφθαλμὸς","ὀφθαλμὸς","ὀφθαλμός","ὀφθαλμός"
66,01,07,"C",NULL,"καὶ","καὶ","καί","καί"
66,01,07,"RR","NPM","οἵτινες","οἵτινες","οἵτινες","ὅστις"
66,01,07,"RP","ASM","αὐτὸν","αὐτὸν","αὐτόν","αὐτός"
66,01,07,"V","3AAI-P","ἐξεκέντησαν,","ἐξεκέντησαν","ἐξεκέντησαν","ἐκκεντέω"
66,01,07,"C",NULL,"καὶ","καὶ","καί","καί"
66,01,07,"V","3FMI-P","κόψονται","κόψονται","κόψονται","κόπτω"
66,01,07,"P",NULL,"ἐπ’","ἐπ’","ἐπί","ἐπί"
66,01,07,"RP","ASM","αὐτὸν","αὐτὸν","αὐτόν","αὐτός"
66,01,07,"A","NPF","πᾶσαι","πᾶσαι","πᾶσαι","πᾶς"
66,01,07,"RA","NPF","αἱ","αἱ","αἱ","ὁ"
66,01,07,"N","NPF","φυλαὶ","φυλαὶ","φυλαί","φυλή"
66,01,07,"RA","GSF","τῆς","τῆς","τῆς","ὁ"
66,01,07,"N","GSF","γῆς.","γῆς","γῆς","γῆ"
66,01,07,"X",NULL,"ναί,","ναί","ναί","ναί"
66,01,07,"X",NULL,"ἀμήν.","ἀμήν","ἀμήν","ἀμήν"
66,01,08,"RP","NS","Ἐγώ","Ἐγώ","ἐγώ","ἐγώ"
66,01,08,"V","1PAI-S","εἰμι","εἰμι","εἰμί","εἰμί"
66,01,08,"RA","NSN","τὸ","τὸ","τό","ὁ"
66,01,08,"N","NSN","Ἄλφα","Ἄλφα","Ἄλφα","Ἄλφα"
66,01,08,"C",NULL,"καὶ","καὶ","καί","καί"
66,01,08,"RA","NSN","τὸ","τὸ","τό","ὁ"
66,01,08,"N","NSN","Ὦ,","Ὦ","Ὦ","Ὦ"
66,01,08,"V","3PAI-S","λέγει","λέγει","λέγει","λέγω"
66,01,08,"N","NSM","κύριος,","κύριος","κύριος","κύριος"
66,01,08,"RA","NSM","ὁ","ὁ","ὁ","ὁ"
66,01,08,"N","NSM","θεός,","θεός","θεός","θεός"
66,01,08,"RA","NSM","ὁ","ὁ","ὁ","ὁ"
66,01,08,"V","PAPNSM","ὢν","ὢν","ὤν","εἰμί"
66,01,08,"C",NULL,"καὶ","καὶ","καί","καί"
66,01,08,"RA","NSM","ὁ","ὁ","ὁ","ὁ"
66,01,08,"V","3IAI-S","ἦν","ἦν","ἦν","εἰμί"
66,01,08,"C",NULL,"καὶ","καὶ","καί","καί"
66,01,08,"RA","NSM","ὁ","ὁ","ὁ","ὁ"
66,01,08,"V","PMPNSM","ἐρχόμενος,","ἐρχόμενος","ἐρχόμενος","ἔρχομαι"
66,01,08,"RA","NSM","ὁ","ὁ","ὁ","ὁ"
66,01,08,"N","NSM","παντοκράτωρ.","παντοκράτωρ","παντοκράτωρ","παντοκράτωρ"
66,01,09,"RP","NS","Ἐγὼ","Ἐγὼ","ἐγώ","ἐγώ"
66,01,09,"N","NSM","Ἰωάννης,","Ἰωάννης","Ἰωάννης","Ἰωάννης"
66,01,09,"RA","NSM","ὁ","ὁ","ὁ","ὁ"
66,01,09,"N","NSM","ἀδελφὸς","ἀδελφὸς","ἀδελφός","ἀδελφός"
66,01,09,"RP","GP","ὑμῶν","ὑμῶν","ὑμῶν","σύ"
66,01,09,"C",NULL,"καὶ","καὶ","καί","καί"
66,01,09,"N","NSM","⸀συγκοινωνὸς","συγκοινωνὸς","συγκοινωνός","συγκοινωνός"
66,01,09,"P",NULL,"ἐν","ἐν","ἐν","ἐν"
66,01,09,"RA","DSF","τῇ","τῇ","τῇ","ὁ"
66,01,09,"N","DSF","θλίψει","θλίψει","θλίψει","θλῖψις"
66,01,09,"C",NULL,"καὶ","καὶ","καί","καί"
66,01,09,"N","DSF","βασιλείᾳ","βασιλείᾳ","βασιλείᾳ","βασιλεία"
66,01,09,"C",NULL,"καὶ","καὶ","καί","καί"
66,01,09,"N","DSF","ὑπομονῇ","ὑπομονῇ","ὑπομονῇ","ὑπομονή"
66,01,09,"P",NULL,"⸀ἐν","ἐν","ἐν","ἐν"
66,01,09,"N","DSM","Ἰησοῦ,","Ἰησοῦ","Ἰησοῦ","Ἰησοῦς"
66,01,09,"V","1AMI-S","ἐγενόμην","ἐγενόμην","ἐγενόμην","γίνομαι"
66,01,09,"P",NULL,"ἐν","ἐν","ἐν","ἐν"
66,01,09,"RA","DSF","τῇ","τῇ","τῇ","ὁ"
66,01,09,"N","DSF","νήσῳ","νήσῳ","νήσῳ","νῆσος"
66,01,09,"RA","DSF","τῇ","τῇ","τῇ","ὁ"
66,01,09,"V","PPPDSF","καλουμένῃ","καλουμένῃ","καλουμένῃ","καλέω"
66,01,09,"N","DSF","Πάτμῳ","Πάτμῳ","Πάτμῳ","Πάτμος"
66,01,09,"P",NULL,"διὰ","διὰ","διά","διά"
66,01,09,"RA","ASM","τὸν","τὸν","τόν","ὁ"
66,01,09,"N","ASM","λόγον","λόγον","λόγον","λόγος"
66,01,09,"RA","GSM","τοῦ","τοῦ","τοῦ","ὁ"
66,01,09,"N","GSM","θεοῦ","θεοῦ","θεοῦ","θεός"
66,01,09,"C",NULL,"⸀καὶ","καὶ","καί","καί"
66,01,09,"RA","ASF","τὴν","τὴν","τήν","ὁ"
66,01,09,"N","ASF","μαρτυρίαν","μαρτυρίαν","μαρτυρίαν","μαρτυρία"
66,01,09,"N","GSM","⸀Ἰησοῦ.","Ἰησοῦ","Ἰησοῦ","Ἰησοῦς"
66,01,10,"V","1AMI-S","ἐγενόμην","ἐγενόμην","ἐγενόμην","γίνομαι"
66,01,10,"P",NULL,"ἐν","ἐν","ἐν","ἐν"
66,01,10,"N","DSN","πνεύματι","πνεύματι","πνεύματι","πνεῦμα"
66,01,10,"P",NULL,"ἐν","ἐν","ἐν","ἐν"
66,01,10,"RA","DSF","τῇ","τῇ","τῇ","ὁ"
66,01,10,"A","DSF","κυριακῇ","κυριακῇ","κυριακῇ","κυριακός"
66,01,10,"N","DSF","ἡμέρᾳ,","ἡμέρᾳ","ἡμέρᾳ","ἡμέρα"
66,01,10,"C",NULL,"καὶ","καὶ","καί","καί"
66,01,10,"V","1AAI-S","ἤκουσα","ἤκουσα","ἤκουσα","ἀκούω"
66,01,10,"P",NULL,"⸂ὀπίσω","ὀπίσω","ὀπίσω","ὀπίσω"
66,01,10,"RP","GS","μου","μου","μου","ἐγώ"
66,01,10,"N","ASF","φωνὴν⸃","φωνὴν","φωνήν","φωνή"
66,01,10,"A","ASF","μεγάλην","μεγάλην","μεγάλην","μέγας"
66,01,10,"C",NULL,"ὡς","ὡς","ὡς","ὡς"
66,01,10,"N","GSF","σάλπιγγος","σάλπιγγος","σάλπιγγος","σάλπιγξ"
66,01,11,"V","PAPGSF","λεγούσης·","λεγούσης","λεγούσης","λέγω"
66,01,11,"RR","ASN","Ὃ","Ὃ","ὅ","ὅς"
66,01,11,"V","2PAI-S","βλέπεις","βλέπεις","βλέπεις","βλέπω"
66,01,11,"V","2AAD-S","γράψον","γράψον","γράψον","γράφω"
66,01,11,"P",NULL,"εἰς","εἰς","εἰς","εἰς"
66,01,11,"N","ASN","βιβλίον","βιβλίον","βιβλίον","βιβλίον"
66,01,11,"C",NULL,"καὶ","καὶ","καί","καί"
66,01,11,"V","2AAD-S","πέμψον","πέμψον","πέμψον","πέμπω"
66,01,11,"RA","DPF","ταῖς","ταῖς","ταῖς","ὁ"
66,01,11,"A","DPF","ἑπτὰ","ἑπτὰ","ἑπτά","ἑπτά"
66,01,11,"N","DPF","ἐκκλησίαις,","ἐκκλησίαις","ἐκκλησίαις","ἐκκλησία"
66,01,11,"P",NULL,"εἰς","εἰς","εἰς","εἰς"
66,01,11,"N","ASF","Ἔφεσον","Ἔφεσον","Ἔφεσον","Ἔφεσος"
66,01,11,"C",NULL,"καὶ","καὶ","καί","καί"
66,01,11,"P",NULL,"εἰς","εἰς","εἰς","εἰς"
66,01,11,"N","ASF","Σμύρναν","Σμύρναν","Σμύρναν","Σμύρνα"
66,01,11,"C",NULL,"καὶ","καὶ","καί","καί"
66,01,11,"P",NULL,"εἰς","εἰς","εἰς","εἰς"
66,01,11,"N","ASF","Πέργαμον","Πέργαμον","Πέργαμον","Πέργαμος"
66,01,11,"C",NULL,"καὶ","καὶ","καί","καί"
66,01,11,"P",NULL,"εἰς","εἰς","εἰς","εἰς"
66,01,11,"N","APN","Θυάτειρα","Θυάτειρα","Θυάτειρα","Θυάτειρα"
66,01,11,"C",NULL,"καὶ","καὶ","καί","καί"
66,01,11,"P",NULL,"εἰς","εἰς","εἰς","εἰς"
66,01,11,"N","APF","Σάρδεις","Σάρδεις","Σάρδεις","Σάρδεις"
66,01,11,"C",NULL,"καὶ","καὶ","καί","καί"
66,01,11,"P",NULL,"εἰς","εἰς","εἰς","εἰς"
66,01,11,"N","ASF","Φιλαδέλφειαν","Φιλαδέλφειαν","Φιλαδέλφειαν","Φιλαδέλφεια"
66,01,11,"C",NULL,"καὶ","καὶ","καί","καί"
66,01,11,"P",NULL,"εἰς","εἰς","εἰς","εἰς"
66,01,11,"N","ASF","Λαοδίκειαν.","Λαοδίκειαν","Λαοδίκειαν","Λαοδίκεια"
66,01,12,"C",NULL,"⸀Καὶ","Καὶ","καί","καί"
66,01,12,"V","1AAI-S","ἐπέστρεψα","ἐπέστρεψα","ἐπέστρεψα","ἐπιστρέφω"
66,01,12,"V","PAN","βλέπειν","βλέπειν","βλέπειν","βλέπω"
66,01,12,"RA","ASF","τὴν","τὴν","τήν","ὁ"
66,01,12,"N","ASF","φωνὴν","φωνὴν","φωνήν","φωνή"
66,01,12,"RR","NSF","ἥτις","ἥτις","ἥτις","ὅστις"
66,01,12,"V","3IAI-S","ἐλάλει","ἐλάλει","ἐλάλει","λαλέω"
66,01,12,"P",NULL,"μετ’","μετ’","μετά","μετά"
66,01,12,"RP","GS","ἐμοῦ·","ἐμοῦ","ἐμοῦ","ἐγώ"
66,01,12,"C",NULL,"καὶ","καὶ","καί","καί"
66,01,12,"V","AAPNSM","ἐπιστρέψας","ἐπιστρέψας","ἐπιστρέψας","ἐπιστρέφω"
66,01,12,"V","1AAI-S","εἶδον","εἶδον","εἶδον","ὁράω"
66,01,12,"A","APF","ἑπτὰ","ἑπτὰ","ἑπτά","ἑπτά"
66,01,12,"N","APF","λυχνίας","λυχνίας","λυχνίας","λυχνία"
66,01,12,"A","APF","χρυσᾶς,","χρυσᾶς","χρυσᾶς","χρυσοῦς"
66,01,13,"C",NULL,"καὶ","καὶ","καί","καί"
66,01,13,"P",NULL,"ἐν","ἐν","ἐν","ἐν"
66,01,13,"A","DSN","μέσῳ","μέσῳ","μέσῳ","μέσος"
66,01,13,"RA","GPF","⸀τῶν","τῶν","τῶν","ὁ"
66,01,13,"N","GPF","λυχνιῶν","λυχνιῶν","λυχνιῶν","λυχνία"
66,01,13,"A","ASM","ὅμοιον","ὅμοιον","ὅμοιον","ὅμοιος"
66,01,13,"N","ASM","⸀υἱὸν","υἱὸν","υἱόν","υἱός"
66,01,13,"N","GSM","ἀνθρώπου,","ἀνθρώπου","ἀνθρώπου","ἄνθρωπος"
66,01,13,"V","XMPASM","ἐνδεδυμένον","ἐνδεδυμένον","ἐνδεδυμένον","ἐνδύω"
66,01,13,"A","ASM","ποδήρη","ποδήρη","ποδήρη","ποδήρης"
66,01,13,"C",NULL,"καὶ","καὶ","καί","καί"
66,01,13,"V","XMPASM","περιεζωσμένον","περιεζωσμένον","περιεζωσμένον","περιζώννυμι"
66,01,13,"P",NULL,"πρὸς","πρὸς","πρός","πρός"
66,01,13,"RA","DPM","τοῖς","τοῖς","τοῖς","ὁ"
66,01,13,"N","DPM","μαστοῖς","μαστοῖς","μαστοῖς","μαστός"
66,01,13,"N","ASF","ζώνην","ζώνην","ζώνην","ζώνη"
66,01,13,"A","ASF","χρυσᾶν·","χρυσᾶν","χρυσᾶν","χρυσοῦς"
66,01,14,"RA","NSF","ἡ","ἡ","ἡ","ὁ"
66,01,14,"C",NULL,"δὲ","δὲ","δέ","δέ"
66,01,14,"N","NSF","κεφαλὴ","κεφαλὴ","κεφαλή","κεφαλή"
66,01,14,"RP","GSM","αὐτοῦ","αὐτοῦ","αὐτοῦ","αὐτός"
66,01,14,"C",NULL,"καὶ","καὶ","καί","καί"
66,01,14,"RA","NPF","αἱ","αἱ","αἱ","ὁ"
66,01,14,"N","NPF","τρίχες","τρίχες","τρίχες","θρίξ"
66,01,14,"A","NPF","λευκαὶ","λευκαὶ","λευκαί","λευκός"
66,01,14,"C",NULL,"ὡς","ὡς","ὡς","ὡς"
66,01,14,"N","NSN","ἔριον","ἔριον","ἔριον","ἔριον"
66,01,14,"A","NSN","λευκόν,","λευκόν","λευκόν","λευκός"
66,01,14,"C",NULL,"ὡς","ὡς","ὡς","ὡς"
66,01,14,"N","NSF","χιών,","χιών","χιών","χιών"
66,01,14,"C",NULL,"καὶ","καὶ","καί","καί"
66,01,14,"RA","NPM","οἱ","οἱ","οἱ","ὁ"
66,01,14,"N","NPM","ὀφθαλμοὶ","ὀφθαλμοὶ","ὀφθαλμοί","ὀφθαλμός"
66,01,14,"RP","GSM","αὐτοῦ","αὐτοῦ","αὐτοῦ","αὐτός"
66,01,14,"C",NULL,"ὡς","ὡς","ὡς","ὡς"
66,01,14,"N","NSF","φλὸξ","φλὸξ","φλόξ","φλόξ"
66,01,14,"N","GSN","πυρός,","πυρός","πυρός","πῦρ"
66,01,15,"C",NULL,"καὶ","καὶ","καί","καί"
66,01,15,"RA","NPM","οἱ","οἱ","οἱ","ὁ"
66,01,15,"N","NPM","πόδες","πόδες","πόδες","πούς"
66,01,15,"RP","GSM","αὐτοῦ","αὐτοῦ","αὐτοῦ","αὐτός"
66,01,15,"A","NPM","ὅμοιοι","ὅμοιοι","ὅμοιοι","ὅμοιος"
66,01,15,"N","DSN","χαλκολιβάνῳ,","χαλκολιβάνῳ","χαλκολιβάνῳ","χαλκολίβανον"
66,01,15,"C",NULL,"ὡς","ὡς","ὡς","ὡς"
66,01,15,"P",NULL,"ἐν","ἐν","ἐν","ἐν"
66,01,15,"N","DSF","καμίνῳ","καμίνῳ","καμίνῳ","κάμινος"
66,01,15,"V","XPPGSF","⸀πεπυρωμένης,","πεπυρωμένης","πεπυρωμένης","πυρόομαι"
66,01,15,"C",NULL,"καὶ","καὶ","καί","καί"
66,01,15,"RA","NSF","ἡ","ἡ","ἡ","ὁ"
66,01,15,"N","NSF","φωνὴ","φωνὴ","φωνή","φωνή"
66,01,15,"RP","GSM","αὐτοῦ","αὐτοῦ","αὐτοῦ","αὐτός"
66,01,15,"C",NULL,"ὡς","ὡς","ὡς","ὡς"
66,01,15,"N","NSF","φωνὴ","φωνὴ","φωνή","φωνή"
66,01,15,"N","GPN","ὑδάτων","ὑδάτων","ὑδάτων","ὕδωρ"
66,01,15,"A","GPN","πολλῶν,","πολλῶν","πολλῶν","πολύς"
66,01,16,"C",NULL,"καὶ","καὶ","καί","καί"
66,01,16,"V","PAPNSM","ἔχων","ἔχων","ἔχων","ἔχω"
66,01,16,"P",NULL,"ἐν","ἐν","ἐν","ἐν"
66,01,16,"RA","DSF","τῇ","τῇ","τῇ","ὁ"
66,01,16,"A","DSF","δεξιᾷ","δεξιᾷ","δεξιᾷ","δεξιός"
66,01,16,"N","DSF","⸂χειρὶ","χειρὶ","χειρί","χείρ"
66,01,16,"RP","GSM","αὐτοῦ⸃","αὐτοῦ","αὐτοῦ","αὐτός"
66,01,16,"N","APM","ἀστέρας","ἀστέρας","ἀστέρας","ἀστήρ"
66,01,16,"A","APM","ἑπτά,","ἑπτά","ἑπτά","ἑπτά"
66,01,16,"C",NULL,"καὶ","καὶ","καί","καί"
66,01,16,"P",NULL,"ἐκ","ἐκ","ἐκ","ἐκ"
66,01,16,"RA","GSN","τοῦ","τοῦ","τοῦ","ὁ"
66,01,16,"N","GSN","στόματος","στόματος","στόματος","στόμα"
66,01,16,"RP","GSM","αὐτοῦ","αὐτοῦ","αὐτοῦ","αὐτός"
66,01,16,"N","NSF","ῥομφαία","ῥομφαία","ῥομφαία","ῥομφαία"
66,01,16,"A","NSF","δίστομος","δίστομος","δίστομος","δίστομος"
66,01,16,"A","NSF","ὀξεῖα","ὀξεῖα","ὀξεῖα","ὀξύς"
66,01,16,"V","PMPNSF","ἐκπορευομένη,","ἐκπορευομένη","ἐκπορευομένη","ἐκπορεύομαι"
66,01,16,"C",NULL,"καὶ","καὶ","καί","καί"
66,01,16,"RA","NSF","ἡ","ἡ","ἡ","ὁ"
66,01,16,"N","NSF","ὄψις","ὄψις","ὄψις","ὄψις"
66,01,16,"RP","GSM","αὐτοῦ","αὐτοῦ","αὐτοῦ","αὐτός"
66,01,16,"C",NULL,"ὡς","ὡς","ὡς","ὡς"
66,01,16,"RA","NSM","ὁ","ὁ","ὁ","ὁ"
66,01,16,"N","NSM","ἥλιος","ἥλιος","ἥλιος","ἥλιος"
66,01,16,"V","3PAI-S","φαίνει","φαίνει","φαίνει","φαίνω"
66,01,16,"P",NULL,"ἐν","ἐν","ἐν","ἐν"
66,01,16,"RA","DSF","τῇ","τῇ","τῇ","ὁ"
66,01,16,"N","DSF","δυνάμει","δυνάμει","δυνάμει","δύναμις"
66,01,16,"RP","GSM","αὐτοῦ.","αὐτοῦ","αὐτοῦ","αὐτός"
66,01,17,"C",NULL,"Καὶ","Καὶ","καί","καί"
66,01,17,"C",NULL,"ὅτε","ὅτε","ὅτε","ὅτε"
66,01,17,"V","1AAI-S","εἶδον","εἶδον","εἶδον","ὁράω"
66,01,17,"RP","ASM","αὐτόν,","αὐτόν","αὐτόν","αὐτός"
66,01,17,"V","1AAI-S","ἔπεσα","ἔπεσα","ἔπεσα","πίπτω"
66,01,17,"P",NULL,"πρὸς","πρὸς","πρός","πρός"
66,01,17,"RA","APM","τοὺς","τοὺς","τούς","ὁ"
66,01,17,"N","APM","πόδας","πόδας","πόδας","πούς"
66,01,17,"RP","GSM","αὐτοῦ","αὐτοῦ","αὐτοῦ","αὐτός"
66,01,17,"C",NULL,"ὡς","ὡς","ὡς","ὡς"
66,01,17,"A","NSM","νεκρός·","νεκρός","νεκρός","νεκρός"
66,01,17,"C",NULL,"καὶ","καὶ","καί","καί"
66,01,17,"V","3AAI-S","ἔθηκεν","ἔθηκεν","ἔθηκε(ν)","τίθημι"
66,01,17,"RA","ASF","τὴν","τὴν","τήν","ὁ"
66,01,17,"A","ASF","δεξιὰν","δεξιὰν","δεξιάν","δεξιός"
66,01,17,"RP","GSM","αὐτοῦ","αὐτοῦ","αὐτοῦ","αὐτός"
66,01,17,"P",NULL,"ἐπ’","ἐπ’","ἐπί","ἐπί"
66,01,17,"RP","AS","ἐμὲ","ἐμὲ","ἐμέ","ἐγώ"
66,01,17,"V","PAPNSM","λέγων·","λέγων","λέγων","λέγω"
66,01,17,"D",NULL,"Μὴ","Μὴ","μή","μή"
66,01,17,"V","2PMD-S","φοβοῦ·","φοβοῦ","φοβοῦ","φοβέομαι"
66,01,17,"RP","NS","ἐγώ","ἐγώ","ἐγώ","ἐγώ"
66,01,17,"V","1PAI-S","εἰμι","εἰμι","εἰμί","εἰμί"
66,01,17,"RA","NSM","ὁ","ὁ","ὁ","ὁ"
66,01,17,"A","NSM","πρῶτος","πρῶτος","πρῶτος","πρῶτος"
66,01,17,"C",NULL,"καὶ","καὶ","καί","καί"
66,01,17,"RA","NSM","ὁ","ὁ","ὁ","ὁ"
66,01,17,"A","NSM","ἔσχατος,","ἔσχατος","ἔσχατος","ἔσχατος"
66,01,18,"C",NULL,"καὶ","καὶ","καί","καί"
66,01,18,"RA","NSM","ὁ","ὁ","ὁ","ὁ"
66,01,18,"V","PAPNSM","ζῶν—","ζῶν","ζῶν","ζάω"
66,01,18,"C",NULL,"καὶ","καὶ","καί","καί"
66,01,18,"V","1AMI-S","ἐγενόμην","ἐγενόμην","ἐγενόμην","γίνομαι"
66,01,18,"A","NSM","νεκρὸς","νεκρὸς","νεκρός","νεκρός"
66,01,18,"C",NULL,"καὶ","καὶ","καί","καί"
66,01,18,"X",NULL,"ἰδοὺ","ἰδοὺ","ἰδού","ἰδού"
66,01,18,"V","PAPNSM","ζῶν","ζῶν","ζῶν","ζάω"
66,01,18,"V","1PAI-S","εἰμι","εἰμι","εἰμί","εἰμί"
66,01,18,"P",NULL,"εἰς","εἰς","εἰς","εἰς"
66,01,18,"RA","APM","τοὺς","τοὺς","τούς","ὁ"
66,01,18,"N","APM","αἰῶνας","αἰῶνας","αἰῶνας","αἰών"
66,01,18,"RA","GPM","τῶν","τῶν","τῶν","ὁ"
66,01,18,"N","GPM","⸀αἰώνων—","αἰώνων","αἰώνων","αἰών"
66,01,18,"C",NULL,"καὶ","καὶ","καί","καί"
66,01,18,"V","1PAI-S","ἔχω","ἔχω","ἔχω","ἔχω"
66,01,18,"RA","APF","τὰς","τὰς","τάς","ὁ"
66,01,18,"N","APF","κλεῖς","κλεῖς","κλεῖς","κλείς"
66,01,18,"RA","GSM","τοῦ","τοῦ","τοῦ","ὁ"
66,01,18,"N","GSM","θανάτου","θανάτου","θανάτου","θάνατος"
66,01,18,"C",NULL,"καὶ","καὶ","καί","καί"
66,01,18,"RA","GSM","τοῦ","τοῦ","τοῦ","ὁ"
66,01,18,"N","GSM","ᾅδου.","ᾅδου","ᾅδου","ᾅδης"
66,01,19,"V","2AAD-S","γράψον","γράψον","γράψον","γράφω"
66,01,19,"C",NULL,"οὖν","οὖν","οὖν","οὖν"
66,01,19,"RR","APN","ἃ","ἃ","ἅ","ὅς"
66,01,19,"V","2AAI-S","εἶδες","εἶδες","εἶδες","ὁράω"
66,01,19,"C",NULL,"καὶ","καὶ","καί","καί"
66,01,19,"RR","NPN","ἃ","ἃ","ἅ","ὅς"
66,01,19,"V","3PAI-P","εἰσὶν","εἰσὶν","εἰσί(ν)","εἰμί"
66,01,19,"C",NULL,"καὶ","καὶ","καί","καί"
66,01,19,"RR","NPN","ἃ","ἃ","ἅ","ὅς"
66,01,19,"V","3PAI-S","μέλλει","μέλλει","μέλλει","μέλλω"
66,01,19,"V","PMN","⸀γίνεσθαι","γίνεσθαι","γίνεσθαι","γίνομαι"
66,01,19,"P",NULL,"μετὰ","μετὰ","μετά","μετά"
66,01,19,"RD","APN","ταῦτα.","ταῦτα","ταῦτα","οὗτος"
66,01,20,"RA","NSN","τὸ","τὸ","τό","ὁ"
66,01,20,"N","NSN","μυστήριον","μυστήριον","μυστήριον","μυστήριον"
66,01,20,"RA","GPM","τῶν","τῶν","τῶν","ὁ"
66,01,20,"A","GPM","ἑπτὰ","ἑπτὰ","ἑπτά","ἑπτά"
66,01,20,"N","GPM","ἀστέρων","ἀστέρων","ἀστέρων","ἀστήρ"
66,01,20,"RR","APM","⸀οὓς","οὓς","οὕς","ὅς"
66,01,20,"V","2AAI-S","εἶδες","εἶδες","εἶδες","ὁράω"
66,01,20,"P",NULL,"ἐπὶ","ἐπὶ","ἐπί","ἐπί"
66,01,20,"RA","GSF","τῆς","τῆς","τῆς","ὁ"
66,01,20,"A","GSF","δεξιᾶς","δεξιᾶς","δεξιᾶς","δεξιός"
66,01,20,"RP","GS","μου,","μου","μου","ἐγώ"
66,01,20,"C",NULL,"καὶ","καὶ","καί","καί"
66,01,20,"RA","APF","τὰς","τὰς","τάς","ὁ"
66,01,20,"A","APF","ἑπτὰ","ἑπτὰ","ἑπτά","ἑπτά"
66,01,20,"N","APF","λυχνίας","λυχνίας","λυχνίας","λυχνία"
66,01,20,"RA","APF","τὰς","τὰς","τάς","ὁ"
66,01,20,"A","APF","χρυσᾶς·","χρυσᾶς","χρυσᾶς","χρυσοῦς"
66,01,20,"RA","NPM","οἱ","οἱ","οἱ","ὁ"
66,01,20,"A","NPM","ἑπτὰ","ἑπτὰ","ἑπτά","ἑπτά"
66,01,20,"N","NPM","ἀστέρες","ἀστέρες","ἀστέρες","ἀστήρ"
66,01,20,"N","NPM","ἄγγελοι","ἄγγελοι","ἄγγελοι","ἄγγελος"
66,01,20,"RA","GPF","τῶν","τῶν","τῶν","ὁ"
66,01,20,"A","GPF","ἑπτὰ","ἑπτὰ","ἑπτά","ἑπτά"
66,01,20,"N","GPF","ἐκκλησιῶν","ἐκκλησιῶν","ἐκκλησιῶν","ἐκκλησία"
66,01,20,"V","3PAI-P","εἰσίν,","εἰσίν","εἰσί(ν)","εἰμί"
66,01,20,"C",NULL,"καὶ","καὶ","καί","καί"
66,01,20,"RA","NPF","αἱ","αἱ","αἱ","ὁ"
66,01,20,"N","NPF","λυχνίαι","λυχνίαι","λυχνίαι","λυχνία"
66,01,20,"RA","NPF","αἱ","αἱ","αἱ","ὁ"
66,01,20,"A","NPF","ἑπτὰ","ἑπτὰ","ἑπτά","ἑπτά"
66,01,20,"A","NPF","ἑπτὰ","ἑπτὰ","ἑπτά","ἑπτά"
66,01,20,"N","NPF","ἐκκλησίαι","ἐκκλησίαι","ἐκκλησίαι","ἐκκλησία"
66,01,20,"V","3PAI-P","εἰσίν.","εἰσίν","εἰσί(ν)","εἰμί"
66,02,01,"RA","DSM","Τῷ","Τῷ","τῷ","ὁ"
66,02,01,"N","DSM","ἀγγέλῳ","ἀγγέλῳ","ἀγγέλῳ","ἄγγελος"
66,02,01,"RA","GSF","⸀τῆς","τῆς","τῆς","ὁ"
66,02,01,"P",NULL,"ἐν","ἐν","ἐν","ἐν"
66,02,01,"N","DSF","Ἐφέσῳ","Ἐφέσῳ","Ἐφέσῳ","Ἔφεσος"
66,02,01,"N","GSF","ἐκκλησίας","ἐκκλησίας","ἐκκλησίας","ἐκκλησία"
66,02,01,"V","2AAD-S","γράψον·","γράψον","γράψον","γράφω"
66,02,01,"RD","APN","Τάδε","Τάδε","τάδε","ὅδε"
66,02,01,"V","3PAI-S","λέγει","λέγει","λέγει","λέγω"
66,02,01,"RA","NSM","ὁ","ὁ","ὁ","ὁ"
66,02,01,"V","PAPNSM","κρατῶν","κρατῶν","κρατῶν","κρατέω"
66,02,01,"RA","APM","τοὺς","τοὺς","τούς","ὁ"
66,02,01,"A","APM","ἑπτὰ","ἑπτὰ","ἑπτά","ἑπτά"
66,02,01,"N","APM","ἀστέρας","ἀστέρας","ἀστέρας","ἀστήρ"
66,02,01,"P",NULL,"ἐν","ἐν","ἐν","ἐν"
66,02,01,"RA","DSF","τῇ","τῇ","τῇ","ὁ"
66,02,01,"A","DSF","δεξιᾷ","δεξιᾷ","δεξιᾷ","δεξιός"
66,02,01,"RP","GSM","αὐτοῦ,","αὐτοῦ","αὐτοῦ","αὐτός"
66,02,01,"RA","NSM","ὁ","ὁ","ὁ","ὁ"
66,02,01,"V","PAPNSM","περιπατῶν","περιπατῶν","περιπατῶν","περιπατέω"
66,02,01,"P",NULL,"ἐν","ἐν","ἐν","ἐν"
66,02,01,"A","DSN","μέσῳ","μέσῳ","μέσῳ","μέσος"
66,02,01,"RA","GPF","τῶν","τῶν","τῶν","ὁ"
66,02,01,"A","GPF","ἑπτὰ","ἑπτὰ","ἑπτά","ἑπτά"
66,02,01,"N","GPF","λυχνιῶν","λυχνιῶν","λυχνιῶν","λυχνία"
66,02,01,"RA","GPF","τῶν","τῶν","τῶν","ὁ"
66,02,01,"A","GPF","χρυσῶν·","χρυσῶν","χρυσῶν","χρυσοῦς"
66,02,02,"V","1XAI-S","Οἶδα","Οἶδα","οἶδα","οἶδα"
66,02,02,"RA","APN","τὰ","τὰ","τά","ὁ"
66,02,02,"N","APN","ἔργα","ἔργα","ἔργα","ἔργον"
66,02,02,"RP","GS","σου,","σου","σου","σύ"
66,02,02,"C",NULL,"καὶ","καὶ","καί","καί"
66,02,02,"RA","ASM","τὸν","τὸν","τόν","ὁ"
66,02,02,"N","ASM","⸀κόπον","κόπον","κόπον","κόπος"
66,02,02,"C",NULL,"καὶ","καὶ","καί","καί"
66,02,02,"RA","ASF","τὴν","τὴν","τήν","ὁ"
66,02,02,"N","ASF","ὑπομονήν","ὑπομονήν","ὑπομονήν","ὑπομονή"
66,02,02,"RP","GS","σου,","σου","σου","σύ"
66,02,02,"C",NULL,"καὶ","καὶ","καί","καί"
66,02,02,"C",NULL,"ὅτι","ὅτι","ὅτι","ὅτι"
66,02,02,"D",NULL,"οὐ","οὐ","οὐ","οὐ"
66,02,02,"V","2PMI-S","δύνῃ","δύνῃ","δύνῃ","δύναμαι"
66,02,02,"V","AAN","βαστάσαι","βαστάσαι","βαστάσαι","βαστάζω"
66,02,02,"A","APM","κακούς,","κακούς","κακούς","κακός"
66,02,02,"C",NULL,"καὶ","καὶ","καί","καί"
66,02,02,"V","2AAI-S","ἐπείρασας","ἐπείρασας","ἐπείρασας","πειράζω"
66,02,02,"RA","APM","τοὺς","τοὺς","τούς","ὁ"
66,02,02,"V","PAPAPM","λέγοντας","λέγοντας","λέγοντας","λέγω"
66,02,02,"RP","APM","ἑαυτοὺς","ἑαυτοὺς","ἑαυτούς","ἑαυτοῦ"
66,02,02,"N","APM","⸀ἀποστόλους,","ἀποστόλους","ἀποστόλους","ἀπόστολος"
66,02,02,"C",NULL,"καὶ","καὶ","καί","καί"
66,02,02,"D",NULL,"οὐκ","οὐκ","οὐ","οὐ"
66,02,02,"V","3PAI-P","εἰσίν,","εἰσίν","εἰσί(ν)","εἰμί"
66,02,02,"C",NULL,"καὶ","καὶ","καί","καί"
66,02,02,"V","2AAI-S","εὗρες","εὗρες","εὗρες","εὑρίσκω"
66,02,02,"RP","APM","αὐτοὺς","αὐτοὺς","αὐτούς","αὐτός"
66,02,02,"A","APM","ψευδεῖς·","ψευδεῖς","ψευδεῖς","ψευδής"
66,02,03,"C",NULL,"καὶ","καὶ","καί","καί"
66,02,03,"N","ASF","ὑπομονὴν","ὑπομονὴν","ὑπομονήν","ὑπομονή"
66,02,03,"V","2PAI-S","ἔχεις,","ἔχεις","ἔχεις","ἔχω"
66,02,03,"C",NULL,"καὶ","καὶ","καί","καί"
66,02,03,"V","2AAI-S","ἐβάστασας","ἐβάστασας","ἐβάστασας","βαστάζω"
66,02,03,"P",NULL,"διὰ","διὰ","διά","διά"
66,02,03,"RA","ASN","τὸ","τὸ","τό","ὁ"
66,02,03,"N","ASN","ὄνομά","ὄνομά","ὄνομα","ὄνομα"
66,02,03,"RP","GS","μου,","μου","μου","ἐγώ"
66,02,03,"C",NULL,"καὶ","καὶ","καί","καί"
66,02,03,"D",NULL,"⸂οὐ","οὐ","οὐ","οὐ"
66,02,03,"V","2XAI-S","κεκοπίακες⸃.","κεκοπίακες","κεκοπίακες","κοπιάω"
66,02,04,"C",NULL,"ἀλλὰ","ἀλλὰ","ἀλλά","ἀλλά"
66,02,04,"V","1PAI-S","ἔχω","ἔχω","ἔχω","ἔχω"
66,02,04,"P",NULL,"κατὰ","κατὰ","κατά","κατά"
66,02,04,"RP","GS","σοῦ","σοῦ","σοῦ","σύ"
66,02,04,"C",NULL,"ὅτι","ὅτι","ὅτι","ὅτι"
66,02,04,"RA","ASF","τὴν","τὴν","τήν","ὁ"
66,02,04,"N","ASF","ἀγάπην","ἀγάπην","ἀγάπην","ἀγάπη"
66,02,04,"RP","GS","σου","σου","σου","σύ"
66,02,04,"RA","ASF","τὴν","τὴν","τήν","ὁ"
66,02,04,"A","ASF","πρώτην","πρώτην","πρώτην","πρῶτος"
66,02,04,"V","2AAI-S","ἀφῆκες.","ἀφῆκες","ἀφῆκες","ἀφίημι"
66,02,05,"V","2PAD-S","μνημόνευε","μνημόνευε","μνημόνευε","μνημονεύω"
66,02,05,"C",NULL,"οὖν","οὖν","οὖν","οὖν"
66,02,05,"D",NULL,"πόθεν","πόθεν","πόθεν","πόθεν"
66,02,05,"V","2XAI-S","⸀πέπτωκας,","πέπτωκας","πέπτωκας","πίπτω"
66,02,05,"C",NULL,"καὶ","καὶ","καί","καί"
66,02,05,"V","2AAD-S","μετανόησον","μετανόησον","μετανόησον","μετανοέω"
66,02,05,"C",NULL,"καὶ","καὶ","καί","καί"
66,02,05,"RA","APN","τὰ","τὰ","τά","ὁ"
66,02,05,"A","APN","πρῶτα","πρῶτα","πρῶτα","πρῶτος"
66,02,05,"N","APN","ἔργα","ἔργα","ἔργα","ἔργον"
66,02,05,"V","2AAD-S","ποίησον·","ποίησον","ποίησον","ποιέω"
66,02,05,"C",NULL,"εἰ","εἰ","εἰ","εἰ"
66,02,05,"C",NULL,"δὲ","δὲ","δέ","δέ"
66,02,05,"D",NULL,"μή,","μή","μή","μή"
66,02,05,"V","1PMI-S","ἔρχομαί","ἔρχομαί","ἔρχομαι","ἔρχομαι"
66,02,05,"RP","DS","⸀σοι,","σοι","σοι","σύ"
66,02,05,"C",NULL,"καὶ","καὶ","καί","καί"
66,02,05,"V","1FAI-S","κινήσω","κινήσω","κινήσω","κινέω"
66,02,05,"RA","ASF","τὴν","τὴν","τήν","ὁ"
66,02,05,"N","ASF","λυχνίαν","λυχνίαν","λυχνίαν","λυχνία"
66,02,05,"RP","GS","σου","σου","σου","σύ"
66,02,05,"P",NULL,"ἐκ","ἐκ","ἐκ","ἐκ"
66,02,05,"RA","GSM","τοῦ","τοῦ","τοῦ","ὁ"
66,02,05,"N","GSM","τόπου","τόπου","τόπου","τόπος"
66,02,05,"RP","GSF","αὐτῆς,","αὐτῆς","αὐτῆς","αὐτός"
66,02,05,"C",NULL,"ἐὰν","ἐὰν","ἐάν","ἐάν"
66,02,05,"D",NULL,"μὴ","μὴ","μή","μή"
66,02,05,"V","2AAS-S","μετανοήσῃς.","μετανοήσῃς","μετανοήσῃς","μετανοέω"
66,02,06,"C",NULL,"ἀλλὰ","ἀλλὰ","ἀλλά","ἀλλά"
66,02,06,"RD","ASN","τοῦτο","τοῦτο","τοῦτο","οὗτος"
66,02,06,"V","2PAI-S","ἔχεις","ἔχεις","ἔχεις","ἔχω"
66,02,06,"D",NULL,"ὅτι","ὅτι","ὅτι","ὅτι"
66,02,06,"V","2PAI-S","μισεῖς","μισεῖς","μισεῖς","μισέω"
66,02,06,"RA","APN","τὰ","τὰ","τά","ὁ"
66,02,06,"N","APN","ἔργα","ἔργα","ἔργα","ἔργον"
66,02,06,"RA","GPM","τῶν","τῶν","τῶν","ὁ"
66,02,06,"N","GPM","Νικολαϊτῶν,","Νικολαϊτῶν","Νικολαϊτῶν","Νικολαΐτης"
66,02,06,"RR","APN","ἃ","ἃ","ἅ","ὅς"
66,02,06,"RP","NS","κἀγὼ","κἀγὼ","κἀγώ","κἀγώ"
66,02,06,"V","1PAI-S","μισῶ.","μισῶ","μισῶ","μισέω"
66,02,07,"RA","NSM","ὁ","ὁ","ὁ","ὁ"
66,02,07,"V","PAPNSM","ἔχων","ἔχων","ἔχων","ἔχω"
66,02,07,"N","ASN","οὖς","οὖς","οὖς","οὖς"
66,02,07,"V","3AAD-S","ἀκουσάτω","ἀκουσάτω","ἀκουσάτω","ἀκούω"
66,02,07,"RI","ASN","τί","τί","τί","τίς"
66,02,07,"RA","NSN","τὸ","τὸ","τό","ὁ"
66,02,07,"N","NSN","πνεῦμα","πνεῦμα","πνεῦμα","πνεῦμα"
66,02,07,"V","3PAI-S","λέγει","λέγει","λέγει","λέγω"
66,02,07,"RA","DPF","ταῖς","ταῖς","ταῖς","ὁ"
66,02,07,"N","DPF","ἐκκλησίαις.","ἐκκλησίαις","ἐκκλησίαις","ἐκκλησία"
66,02,07,"RA","DSM","τῷ","τῷ","τῷ","ὁ"
66,02,07,"V","PAPDSM","νικῶντι","νικῶντι","νικῶντι","νικάω"
66,02,07,"V","1FAI-S","δώσω","δώσω","δώσω","δίδωμι"
66,02,07,"RP","DSM","αὐτῷ","αὐτῷ","αὐτῷ","αὐτός"
66,02,07,"V","AAN","φαγεῖν","φαγεῖν","φαγεῖν","ἐσθίω"
66,02,07,"P",NULL,"ἐκ","ἐκ","ἐκ","ἐκ"
66,02,07,"RA","GSN","τοῦ","τοῦ","τοῦ","ὁ"
66,02,07,"N","GSN","ξύλου","ξύλου","ξύλου","ξύλον"
66,02,07,"RA","GSF","τῆς","τῆς","τῆς","ὁ"
66,02,07,"N","GSF","ζωῆς,","ζωῆς","ζωῆς","ζωή"
66,02,07,"RR","NSN","ὅ","ὅ","ὅ","ὅς"
66,02,07,"V","3PAI-S","ἐστιν","ἐστιν","ἐστί(ν)","εἰμί"
66,02,07,"P",NULL,"ἐν","ἐν","ἐν","ἐν"
66,02,07,"RA","DSM","τῷ","τῷ","τῷ","ὁ"
66,02,07,"N","DSM","παραδείσῳ","παραδείσῳ","παραδείσῳ","παράδεισος"
66,02,07,"RA","GSM","τοῦ","τοῦ","τοῦ","ὁ"
66,02,07,"N","GSM","⸀θεοῦ.","θεοῦ","θεοῦ","θεός"
66,02,08,"C",NULL,"Καὶ","Καὶ","καί","καί"
66,02,08,"RA","DSM","τῷ","τῷ","τῷ","ὁ"
66,02,08,"N","DSM","ἀγγέλῳ","ἀγγέλῳ","ἀγγέλῳ","ἄγγελος"
66,02,08,"RA","GSF","⸀τῆς","τῆς","τῆς","ὁ"
66,02,08,"P",NULL,"ἐν","ἐν","ἐν","ἐν"
66,02,08,"N","DSF","Σμύρνῃ","Σμύρνῃ","Σμύρνῃ","Σμύρνα"
66,02,08,"N","GSF","ἐκκλησίας","ἐκκλησίας","ἐκκλησίας","ἐκκλησία"
66,02,08,"V","2AAD-S","γράψον·","γράψον","γράψον","γράφω"
66,02,08,"RD","APN","Τάδε","Τάδε","τάδε","ὅδε"
66,02,08,"V","3PAI-S","λέγει","λέγει","λέγει","λέγω"
66,02,08,"RA","NSM","ὁ","ὁ","ὁ","ὁ"
66,02,08,"A","NSM","πρῶτος","πρῶτος","πρῶτος","πρῶτος"
66,02,08,"C",NULL,"καὶ","καὶ","καί","καί"
66,02,08,"RA","NSM","ὁ","ὁ","ὁ","ὁ"
66,02,08,"A","NSM","ἔσχατος,","ἔσχατος","ἔσχατος","ἔσχατος"
66,02,08,"RR","NSM","ὃς","ὃς","ὅς","ὅς"
66,02,08,"V","3AMI-S","ἐγένετο","ἐγένετο","ἐγένετο","γίνομαι"
66,02,08,"A","NSM","νεκρὸς","νεκρὸς","νεκρός","νεκρός"
66,02,08,"C",NULL,"καὶ","καὶ","καί","καί"
66,02,08,"V","3AAI-S","ἔζησεν·","ἔζησεν","ἔζησε(ν)","ζάω"
66,02,09,"V","1XAI-S","Οἶδά","Οἶδά","οἶδα","οἶδα"
66,02,09,"RP","GS","⸀σου","σου","σου","σύ"
66,02,09,"RA","ASF","τὴν","τὴν","τήν","ὁ"
66,02,09,"N","ASF","θλῖψιν","θλῖψιν","θλῖψιν","θλῖψις"
66,02,09,"C",NULL,"καὶ","καὶ","καί","καί"
66,02,09,"RA","ASF","τὴν","τὴν","τήν","ὁ"
66,02,09,"N","ASF","πτωχείαν,","πτωχείαν","πτωχείαν","πτωχεία"
66,02,09,"C",NULL,"ἀλλὰ","ἀλλὰ","ἀλλά","ἀλλά"
66,02,09,"A","NSM","πλούσιος","πλούσιος","πλούσιος","πλούσιος"
66,02,09,"V","2PAI-S","εἶ,","εἶ","εἶ","εἰμί"
66,02,09,"C",NULL,"καὶ","καὶ","καί","καί"
66,02,09,"RA","ASF","τὴν","τὴν","τήν","ὁ"
66,02,09,"N","ASF","βλασφημίαν","βλασφημίαν","βλασφημίαν","βλασφημία"
66,02,09,"P",NULL,"ἐκ","ἐκ","ἐκ","ἐκ"
66,02,09,"RA","GPM","τῶν","τῶν","τῶν","ὁ"
66,02,09,"V","PAPGPM","λεγόντων","λεγόντων","λεγόντων","λέγω"
66,02,09,"A","APM","Ἰουδαίους","Ἰουδαίους","Ἰουδαίους","Ἰουδαῖος"
66,02,09,"V","PAN","εἶναι","εἶναι","εἶναι","εἰμί"
66,02,09,"RP","APM","ἑαυτούς,","ἑαυτούς","ἑαυτούς","ἑαυτοῦ"
66,02,09,"C",NULL,"καὶ","καὶ","καί","καί"
66,02,09,"D",NULL,"οὐκ","οὐκ","οὐ","οὐ"
66,02,09,"V","3PAI-P","εἰσίν,","εἰσίν","εἰσί(ν)","εἰμί"
66,02,09,"C",NULL,"ἀλλὰ","ἀλλὰ","ἀλλά","ἀλλά"
66,02,09,"N","NSF","συναγωγὴ","συναγωγὴ","συναγωγή","συναγωγή"
66,02,09,"RA","GSM","τοῦ","τοῦ","τοῦ","ὁ"
66,02,09,"N","GSM","Σατανᾶ.","Σατανᾶ","Σατανᾶ","Σατανᾶς"
66,02,10,"A","ASN","⸀μηδὲν","μηδὲν","μηδέν","μηδείς"
66,02,10,"V","2PMD-S","φοβοῦ","φοβοῦ","φοβοῦ","φοβέομαι"
66,02,10,"RR","APN","ἃ","ἃ","ἅ","ὅς"
66,02,10,"V","2PAI-S","μέλλεις","μέλλεις","μέλλεις","μέλλω"
66,02,10,"V","PAN","⸀πάσχειν.","πάσχειν","πάσχειν","πάσχω"
66,02,10,"X",NULL,"⸀ἰδοὺ","ἰδοὺ","ἰδού","ἰδού"
66,02,10,"V","3PAI-S","μέλλει","μέλλει","μέλλει","μέλλω"
66,02,10,"V","PAN","⸀βάλλειν","βάλλειν","βάλλειν","βάλλω"
66,02,10,"RA","NSM","ὁ","ὁ","ὁ","ὁ"
66,02,10,"A","NSM","διάβολος","διάβολος","διάβολος","διάβολος"
66,02,10,"P",NULL,"ἐξ","ἐξ","ἐκ","ἐκ"
66,02,10,"RP","GP","ὑμῶν","ὑμῶν","ὑμῶν","σύ"
66,02,10,"P",NULL,"εἰς","εἰς","εἰς","εἰς"
66,02,10,"N","ASF","φυλακὴν","φυλακὴν","φυλακήν","φυλακή"
66,02,10,"C",NULL,"ἵνα","ἵνα","ἵνα","ἵνα"
66,02,10,"V","2APS-P","πειρασθῆτε,","πειρασθῆτε","πειρασθῆτε","πειράζω"
66,02,10,"C",NULL,"καὶ","καὶ","καί","καί"
66,02,10,"V","2FAI-P","⸀ἕξετε","ἕξετε","ἕξετε","ἔχω"
66,02,10,"N","ASF","θλῖψιν","θλῖψιν","θλῖψιν","θλῖψις"
66,02,10,"N","GPF","ἡμερῶν","ἡμερῶν","ἡμερῶν","ἡμέρα"
66,02,10,"A","GPF","δέκα.","δέκα","δέκα","δέκα"
66,02,10,"V","2PMD-S","γίνου","γίνου","γίνου","γίνομαι"
66,02,10,"A","NSM","πιστὸς","πιστὸς","πιστός","πιστός"
66,02,10,"P",NULL,"ἄχρι","ἄχρι","ἄχρι","ἄχρι"
66,02,10,"N","GSM","θανάτου,","θανάτου","θανάτου","θάνατος"
66,02,10,"C",NULL,"καὶ","καὶ","καί","καί"
66,02,10,"V","1FAI-S","δώσω","δώσω","δώσω","δίδωμι"
66,02,10,"RP","DS","σοι","σοι","σοι","σύ"
66,02,10,"RA","ASM","τὸν","τὸν","τόν","ὁ"
66,02,10,"N","ASM","στέφανον","στέφανον","στέφανον","στέφανος"
66,02,10,"RA","GSF","τῆς","τῆς","τῆς","ὁ"
66,02,10,"N","GSF","ζωῆς.","ζωῆς","ζωῆς","ζωή"
66,02,11,"RA","NSM","ὁ","ὁ","ὁ","ὁ"
66,02,11,"V","PAPNSM","ἔχων","ἔχων","ἔχων","ἔχω"
66,02,11,"N","ASN","οὖς","οὖς","οὖς","οὖς"
66,02,11,"V","3AAD-S","ἀκουσάτω","ἀκουσάτω","ἀκουσάτω","ἀκούω"
66,02,11,"RI","ASN","τί","τί","τί","τίς"
66,02,11,"RA","NSN","τὸ","τὸ","τό","ὁ"
66,02,11,"N","NSN","πνεῦμα","πνεῦμα","πνεῦμα","πνεῦμα"
66,02,11,"V","3PAI-S","λέγει","λέγει","λέγει","λέγω"
66,02,11,"RA","DPF","ταῖς","ταῖς","ταῖς","ὁ"
66,02,11,"N","DPF","ἐκκλησίαις.","ἐκκλησίαις","ἐκκλησίαις","ἐκκλησία"
66,02,11,"RA","NSM","ὁ","ὁ","ὁ","ὁ"
66,02,11,"V","PAPNSM","νικῶν","νικῶν","νικῶν","νικάω"
66,02,11,"D",NULL,"οὐ","οὐ","οὐ","οὐ"
66,02,11,"D",NULL,"μὴ","μὴ","μή","μή"
66,02,11,"V","3APS-S","ἀδικηθῇ","ἀδικηθῇ","ἀδικηθῇ","ἀδικέω"
66,02,11,"P",NULL,"ἐκ","ἐκ","ἐκ","ἐκ"
66,02,11,"RA","GSM","τοῦ","τοῦ","τοῦ","ὁ"
66,02,11,"N","GSM","θανάτου","θανάτου","θανάτου","θάνατος"
66,02,11,"RA","GSM","τοῦ","τοῦ","τοῦ","ὁ"
66,02,11,"A","GSM","δευτέρου.","δευτέρου","δευτέρου","δεύτερος"
66,02,12,"C",NULL,"Καὶ","Καὶ","καί","καί"
66,02,12,"RA","DSM","τῷ","τῷ","τῷ","ὁ"
66,02,12,"N","DSM","ἀγγέλῳ","ἀγγέλῳ","ἀγγέλῳ","ἄγγελος"
66,02,12,"RA","GSF","τῆς","τῆς","τῆς","ὁ"
66,02,12,"P",NULL,"ἐν","ἐν","ἐν","ἐν"
66,02,12,"N","DSF","Περγάμῳ","Περγάμῳ","Περγάμῳ","Πέργαμος"
66,02,12,"N","GSF","ἐκκλησίας","ἐκκλησίας","ἐκκλησίας","ἐκκλησία"
66,02,12,"V","2AAD-S","γράψον·","γράψον","γράψον","γράφω"
66,02,12,"RD","APN","Τάδε","Τάδε","τάδε","ὅδε"
66,02,12,"V","3PAI-S","λέγει","λέγει","λέγει","λέγω"
66,02,12,"RA","NSM","ὁ","ὁ","ὁ","ὁ"
66,02,12,"V","PAPNSM","ἔχων","ἔχων","ἔχων","ἔχω"
66,02,12,"RA","ASF","τὴν","τὴν","τήν","ὁ"
66,02,12,"N","ASF","ῥομφαίαν","ῥομφαίαν","ῥομφαίαν","ῥομφαία"
66,02,12,"RA","ASF","τὴν","τὴν","τήν","ὁ"
66,02,12,"A","ASF","δίστομον","δίστομον","δίστομον","δίστομος"
66,02,12,"RA","ASF","τὴν","τὴν","τήν","ὁ"
66,02,12,"A","ASF","ὀξεῖαν·","ὀξεῖαν","ὀξεῖαν","ὀξύς"
66,02,13,"V","1XAI-S","⸀Οἶδα","Οἶδα","οἶδα","οἶδα"
66,02,13,"D",NULL,"ποῦ","ποῦ","ποῦ","ποῦ"
66,02,13,"V","2PAI-S","κατοικεῖς,","κατοικεῖς","κατοικεῖς","κατοικέω"
66,02,13,"D",NULL,"ὅπου","ὅπου","ὅπου","ὅπου"
66,02,13,"RA","NSM","ὁ","ὁ","ὁ","ὁ"
66,02,13,"N","NSM","θρόνος","θρόνος","θρόνος","θρόνος"
66,02,13,"RA","GSM","τοῦ","τοῦ","τοῦ","ὁ"
66,02,13,"N","GSM","Σατανᾶ,","Σατανᾶ","Σατανᾶ","Σατανᾶς"
66,02,13,"C",NULL,"καὶ","καὶ","καί","καί"
66,02,13,"V","2PAI-S","κρατεῖς","κρατεῖς","κρατεῖς","κρατέω"
66,02,13,"RA","ASN","τὸ","τὸ","τό","ὁ"
66,02,13,"N","ASN","ὄνομά","ὄνομά","ὄνομα","ὄνομα"
66,02,13,"RP","GS","μου,","μου","μου","ἐγώ"
66,02,13,"C",NULL,"καὶ","καὶ","καί","καί"
66,02,13,"D",NULL,"οὐκ","οὐκ","οὐ","οὐ"
66,02,13,"V","2AMI-S","ἠρνήσω","ἠρνήσω","ἠρνήσω","ἀρνέομαι"
66,02,13,"RA","ASF","τὴν","τὴν","τήν","ὁ"
66,02,13,"N","ASF","πίστιν","πίστιν","πίστιν","πίστις"
66,02,13,"RP","GS","μου","μου","μου","ἐγώ"
66,02,13,"D",NULL,"⸀καὶ","καὶ","καί","καί"
66,02,13,"P",NULL,"ἐν","ἐν","ἐν","ἐν"
66,02,13,"RA","DPF","ταῖς","ταῖς","ταῖς","ὁ"
66,02,13,"N","DPF","⸀ἡμέραις","ἡμέραις","ἡμέραις","ἡμέρα"
66,02,13,"N","NSM","Ἀντιπᾶς,","Ἀντιπᾶς","Ἀντιπᾶς","Ἀντιπᾶς"
66,02,13,"RA","NSM","ὁ","ὁ","ὁ","ὁ"
66,02,13,"N","NSM","μάρτυς","μάρτυς","μάρτυς","μάρτυς"
66,02,13,"RP","GS","μου,","μου","μου","ἐγώ"
66,02,13,"RA","NSM","ὁ","ὁ","ὁ","ὁ"
66,02,13,"A","NSM","πιστός","πιστός","πιστός","πιστός"
66,02,13,"RP","GS","⸀μου,","μου","μου","ἐγώ"
66,02,13,"RR","NSM","ὃς","ὃς","ὅς","ὅς"
66,02,13,"V","3API-S","ἀπεκτάνθη","ἀπεκτάνθη","ἀπεκτάνθη","ἀποκτείνω"
66,02,13,"P",NULL,"παρ’","παρ’","παρά","παρά"
66,02,13,"RP","DP","ὑμῖν,","ὑμῖν","ὑμῖν","σύ"
66,02,13,"D",NULL,"ὅπου","ὅπου","ὅπου","ὅπου"
66,02,13,"RA","NSM","ὁ","ὁ","ὁ","ὁ"
66,02,13,"N","NSM","Σατανᾶς","Σατανᾶς","Σατανᾶς","Σατανᾶς"
66,02,13,"V","3PAI-S","κατοικεῖ.","κατοικεῖ","κατοικεῖ","κατοικέω"
66,02,14,"C",NULL,"ἀλλὰ","ἀλλὰ","ἀλλά","ἀλλά"
66,02,14,"V","1PAI-S","ἔχω","ἔχω","ἔχω","ἔχω"
66,02,14,"P",NULL,"κατὰ","κατὰ","κατά","κατά"
66,02,14,"RP","GS","σοῦ","σοῦ","σοῦ","σύ"
66,02,14,"A","APN","ὀλίγα,","ὀλίγα","ὀλίγα","ὀλίγος"
66,02,14,"C",NULL,"ὅτι","ὅτι","ὅτι","ὅτι"
66,02,14,"V","2PAI-S","ἔχεις","ἔχεις","ἔχεις","ἔχω"
66,02,14,"D",NULL,"ἐκεῖ","ἐκεῖ","ἐκεῖ","ἐκεῖ"
66,02,14,"V","PAPAPM","κρατοῦντας","κρατοῦντας","κρατοῦντας","κρατέω"
66,02,14,"RA","ASF","τὴν","τὴν","τήν","ὁ"
66,02,14,"N","ASF","διδαχὴν","διδαχὴν","διδαχήν","διδαχή"
66,02,14,"N","GSM","Βαλαάμ,","Βαλαάμ","Βαλαάμ","Βαλαάμ"
66,02,14,"RR","NSM","ὃς","ὃς","ὅς","ὅς"
66,02,14,"V","3IAI-S","⸂ἐδίδασκεν","ἐδίδασκεν","ἐδίδασκε(ν)","διδάσκω"
66,02,14,"RA","DSM","τῷ⸃","τῷ","τῷ","ὁ"
66,02,14,"N","DSM","Βαλὰκ","Βαλὰκ","Βαλάκ","Βαλάκ"
66,02,14,"V","AAN","βαλεῖν","βαλεῖν","βαλεῖν","βάλλω"
66,02,14,"N","ASN","σκάνδαλον","σκάνδαλον","σκάνδαλον","σκάνδαλον"
66,02,14,"P",NULL,"ἐνώπιον","ἐνώπιον","ἐνώπιον","ἐνώπιον"
66,02,14,"RA","GPM","τῶν","τῶν","τῶν","ὁ"
66,02,14,"N","GPM","υἱῶν","υἱῶν","υἱῶν","υἱός"
66,02,14,"N","GSM","Ἰσραήλ,","Ἰσραήλ","Ἰσραήλ","Ἰσραήλ"
66,02,14,"V","AAN","⸀φαγεῖν","φαγεῖν","φαγεῖν","ἐσθίω"
66,02,14,"A","APN","εἰδωλόθυτα","εἰδωλόθυτα","εἰδωλόθυτα","εἰδωλόθυτον"
66,02,14,"C",NULL,"καὶ","καὶ","καί","καί"
66,02,14,"V","AAN","πορνεῦσαι·","πορνεῦσαι","πορνεῦσαι","πορνεύω"
66,02,15,"D",NULL,"οὕτως","οὕτως","οὕτω(ς)","οὕτω(ς)"
66,02,15,"V","2PAI-S","ἔχεις","ἔχεις","ἔχεις","ἔχω"
66,02,15,"D",NULL,"καὶ","καὶ","καί","καί"
66,02,15,"RP","NS","σὺ","σὺ","σύ","σύ"
66,02,15,"V","PAPAPM","κρατοῦντας","κρατοῦντας","κρατοῦντας","κρατέω"
66,02,15,"RA","ASF","τὴν","τὴν","τήν","ὁ"
66,02,15,"N","ASF","⸀διδαχὴν","διδαχὴν","διδαχήν","διδαχή"
66,02,15,"N","GPM","Νικολαϊτῶν","Νικολαϊτῶν","Νικολαϊτῶν","Νικολαΐτης"
66,02,15,"D",NULL,"ὁμοίως.","ὁμοίως","ὁμοίως","ὁμοίως"
66,02,16,"V","2AAD-S","μετανόησον","μετανόησον","μετανόησον","μετανοέω"
66,02,16,"C",NULL,"οὖν·","οὖν","οὖν","οὖν"
66,02,16,"C",NULL,"εἰ","εἰ","εἰ","εἰ"
66,02,16,"C",NULL,"δὲ","δὲ","δέ","δέ"
66,02,16,"D",NULL,"μή,","μή","μή","μή"
66,02,16,"V","1PMI-S","ἔρχομαί","ἔρχομαί","ἔρχομαι","ἔρχομαι"
66,02,16,"RP","DS","σοι","σοι","σοι","σύ"
66,02,16,"D",NULL,"ταχύ,","ταχύ","ταχύ","ταχύ"
66,02,16,"C",NULL,"καὶ","καὶ","καί","καί"
66,02,16,"V","1FAI-S","πολεμήσω","πολεμήσω","πολεμήσω","πολεμέω"
66,02,16,"P",NULL,"μετ’","μετ’","μετά","μετά"
66,02,16,"RP","GPM","αὐτῶν","αὐτῶν","αὐτῶν","αὐτός"
66,02,16,"P",NULL,"ἐν","ἐν","ἐν","ἐν"
66,02,16,"RA","DSF","τῇ","τῇ","τῇ","ὁ"
66,02,16,"N","DSF","ῥομφαίᾳ","ῥομφαίᾳ","ῥομφαίᾳ","ῥομφαία"
66,02,16,"RA","GSN","τοῦ","τοῦ","τοῦ","ὁ"
66,02,16,"N","GSN","στόματός","στόματός","στόματος","στόμα"
66,02,16,"RP","GS","μου.","μου","μου","ἐγώ"
66,02,17,"RA","NSM","ὁ","ὁ","ὁ","ὁ"
66,02,17,"V","PAPNSM","ἔχων","ἔχων","ἔχων","ἔχω"
66,02,17,"N","ASN","οὖς","οὖς","οὖς","οὖς"
66,02,17,"V","3AAD-S","ἀκουσάτω","ἀκουσάτω","ἀκουσάτω","ἀκούω"
66,02,17,"RI","ASN","τί","τί","τί","τίς"
66,02,17,"RA","NSN","τὸ","τὸ","τό","ὁ"
66,02,17,"N","NSN","πνεῦμα","πνεῦμα","πνεῦμα","πνεῦμα"
66,02,17,"V","3PAI-S","λέγει","λέγει","λέγει","λέγω"
66,02,17,"RA","DPF","ταῖς","ταῖς","ταῖς","ὁ"
66,02,17,"N","DPF","ἐκκλησίαις.","ἐκκλησίαις","ἐκκλησίαις","ἐκκλησία"
66,02,17,"RA","DSM","τῷ","τῷ","τῷ","ὁ"
66,02,17,"V","PAPDSM","νικῶντι","νικῶντι","νικῶντι","νικάω"
66,02,17,"V","1FAI-S","δώσω","δώσω","δώσω","δίδωμι"
66,02,17,"RP","DSM","⸀αὐτῷ","αὐτῷ","αὐτῷ","αὐτός"
66,02,17,"RA","GSN","τοῦ","τοῦ","τοῦ","ὁ"
66,02,17,"N","GSN","μάννα","μάννα","μάννα","μάννα"
66,02,17,"RA","GSN","τοῦ","τοῦ","τοῦ","ὁ"
66,02,17,"V","XPPGSN","κεκρυμμένου,","κεκρυμμένου","κεκρυμμένου","κρύπτω"
66,02,17,"C",NULL,"καὶ","καὶ","καί","καί"
66,02,17,"V","1FAI-S","δώσω","δώσω","δώσω","δίδωμι"
66,02,17,"RP","DSM","αὐτῷ","αὐτῷ","αὐτῷ","αὐτός"
66,02,17,"N","ASF","ψῆφον","ψῆφον","ψῆφον","ψῆφος"
66,02,17,"A","ASF","λευκήν,","λευκήν","λευκήν","λευκός"
66,02,17,"C",NULL,"καὶ","καὶ","καί","καί"
66,02,17,"P",NULL,"ἐπὶ","ἐπὶ","ἐπί","ἐπί"
66,02,17,"RA","ASF","τὴν","τὴν","τήν","ὁ"
66,02,17,"N","ASF","ψῆφον","ψῆφον","ψῆφον","ψῆφος"
66,02,17,"N","ASN","ὄνομα","ὄνομα","ὄνομα","ὄνομα"
66,02,17,"A","ASN","καινὸν","καινὸν","καινόν","καινός"
66,02,17,"V","XPPASN","γεγραμμένον","γεγραμμένον","γεγραμμένον","γράφω"
66,02,17,"RR","ASN","ὃ","ὃ","ὅ","ὅς"
66,02,17,"A","NSM","οὐδεὶς","οὐδεὶς","οὐδείς","οὐδείς"
66,02,17,"V","3XAI-S","οἶδεν","οἶδεν","οἶδε(ν)","οἶδα"
66,02,17,"C",NULL,"εἰ","εἰ","εἰ","εἰ"
66,02,17,"D",NULL,"μὴ","μὴ","μή","μή"
66,02,17,"RA","NSM","ὁ","ὁ","ὁ","ὁ"
66,02,17,"V","PAPNSM","λαμβάνων.","λαμβάνων","λαμβάνων","λαμβάνω"
66,02,18,"C",NULL,"Καὶ","Καὶ","καί","καί"
66,02,18,"RA","DSM","τῷ","τῷ","τῷ","ὁ"
66,02,18,"N","DSM","ἀγγέλῳ","ἀγγέλῳ","ἀγγέλῳ","ἄγγελος"
66,02,18,"RA","GSF","⸀τῆς","τῆς","τῆς","ὁ"
66,02,18,"P",NULL,"ἐν","ἐν","ἐν","ἐν"
66,02,18,"N","DPN","Θυατείροις","Θυατείροις","Θυατείροις","Θυάτειρα"
66,02,18,"N","GSF","ἐκκλησίας","ἐκκλησίας","ἐκκλησίας","ἐκκλησία"
66,02,18,"V","2AAD-S","γράψον·","γράψον","γράψον","γράφω"
66,02,18,"RD","APN","Τάδε","Τάδε","τάδε","ὅδε"
66,02,18,"V","3PAI-S","λέγει","λέγει","λέγει","λέγω"
66,02,18,"RA","NSM","ὁ","ὁ","ὁ","ὁ"
66,02,18,"N","NSM","υἱὸς","υἱὸς","υἱός","υἱός"
66,02,18,"RA","GSM","τοῦ","τοῦ","τοῦ","ὁ"
66,02,18,"N","GSM","θεοῦ,","θεοῦ","θεοῦ","θεός"
66,02,18,"RA","NSM","ὁ","ὁ","ὁ","ὁ"
66,02,18,"V","PAPNSM","ἔχων","ἔχων","ἔχων","ἔχω"
66,02,18,"RA","APM","τοὺς","τοὺς","τούς","ὁ"
66,02,18,"N","APM","ὀφθαλμοὺς","ὀφθαλμοὺς","ὀφθαλμούς","ὀφθαλμός"
66,02,18,"RP","GSM","αὐτοῦ","αὐτοῦ","αὐτοῦ","αὐτός"
66,02,18,"C",NULL,"ὡς","ὡς","ὡς","ὡς"
66,02,18,"N","ASF","φλόγα","φλόγα","φλόγα","φλόξ"
66,02,18,"N","GSN","πυρός,","πυρός","πυρός","πῦρ"
66,02,18,"C",NULL,"καὶ","καὶ","καί","καί"
66,02,18,"RA","NPM","οἱ","οἱ","οἱ","ὁ"
66,02,18,"N","NPM","πόδες","πόδες","πόδες","πούς"
66,02,18,"RP","GSM","αὐτοῦ","αὐτοῦ","αὐτοῦ","αὐτός"
66,02,18,"A","NPM","ὅμοιοι","ὅμοιοι","ὅμοιοι","ὅμοιος"
66,02,18,"N","DSN","χαλκολιβάνῳ·","χαλκολιβάνῳ","χαλκολιβάνῳ","χαλκολίβανον"
66,02,19,"V","1XAI-S","Οἶδά","Οἶδά","οἶδα","οἶδα"
66,02,19,"RP","GS","σου","σου","σου","σύ"
66,02,19,"RA","APN","τὰ","τὰ","τά","ὁ"
66,02,19,"N","APN","ἔργα,","ἔργα","ἔργα","ἔργον"
66,02,19,"C",NULL,"καὶ","καὶ","καί","καί"
66,02,19,"RA","ASF","τὴν","τὴν","τήν","ὁ"
66,02,19,"N","ASF","⸂ἀγάπην","ἀγάπην","ἀγάπην","ἀγάπη"
66,02,19,"C",NULL,"καὶ","καὶ","καί","καί"
66,02,19,"RA","ASF","τὴν","τὴν","τήν","ὁ"
66,02,19,"N","ASF","πίστιν⸃","πίστιν","πίστιν","πίστις"
66,02,19,"C",NULL,"καὶ","καὶ","καί","καί"
66,02,19,"RA","ASF","τὴν","τὴν","τήν","ὁ"
66,02,19,"N","ASF","διακονίαν","διακονίαν","διακονίαν","διακονία"
66,02,19,"C",NULL,"καὶ","καὶ","καί","καί"
66,02,19,"RA","ASF","τὴν","τὴν","τήν","ὁ"
66,02,19,"N","ASF","ὑπομονήν","ὑπομονήν","ὑπομονήν","ὑπομονή"
66,02,19,"RP","GS","σου,","σου","σου","σύ"
66,02,19,"C",NULL,"καὶ","καὶ","καί","καί"
66,02,19,"RA","APN","τὰ","τὰ","τά","ὁ"
66,02,19,"N","APN","ἔργα","ἔργα","ἔργα","ἔργον"
66,02,19,"RP","GS","σου","σου","σου","σύ"
66,02,19,"RA","APN","τὰ","τὰ","τά","ὁ"
66,02,19,"A","APN","ἔσχατα","ἔσχατα","ἔσχατα","ἔσχατος"
66,02,19,"A","APNC","πλείονα","πλείονα","πλείονα","πολύς"
66,02,19,"RA","GPN","τῶν","τῶν","τῶν","ὁ"
66,02,19,"A","GPN","πρώτων.","πρώτων","πρώτων","πρῶτος"
66,02,20,"C",NULL,"ἀλλὰ","ἀλλὰ","ἀλλά","ἀλλά"
66,02,20,"V","1PAI-S","ἔχω","ἔχω","ἔχω","ἔχω"
66,02,20,"P",NULL,"κατὰ","κατὰ","κατά","κατά"
66,02,20,"RP","GS","σοῦ","σοῦ","σοῦ","σύ"
66,02,20,"C",NULL,"ὅτι","ὅτι","ὅτι","ὅτι"
66,02,20,"V","2PAI-S","ἀφεῖς","ἀφεῖς","ἀφεῖς","ἀφίημι"
66,02,20,"RA","ASF","τὴν","τὴν","τήν","ὁ"
66,02,20,"N","ASF","⸀γυναῖκα","γυναῖκα","γυναῖκα","γυνή"
66,02,20,"N","ASF","Ἰεζάβελ,","Ἰεζάβελ","Ἰεζάβελ","Ἰεζάβελ"
66,02,20,"RA","NSF","ἡ","ἡ","ἡ","ὁ"
66,02,20,"V","PAPNSF","⸀λέγουσα","λέγουσα","λέγουσα","λέγω"
66,02,20,"RP","ASF","ἑαυτὴν","ἑαυτὴν","ἑαυτήν","ἑαυτοῦ"
66,02,20,"N","ASF","προφῆτιν,","προφῆτιν","προφῆτιν","προφῆτις"
66,02,20,"C",NULL,"καὶ","καὶ","καί","καί"
66,02,20,"V","3PAI-S","διδάσκει","διδάσκει","διδάσκει","διδάσκω"
66,02,20,"C",NULL,"καὶ","καὶ","καί","καί"
66,02,20,"V","3PAI-S","πλανᾷ","πλανᾷ","πλανᾷ","πλανάω"
66,02,20,"RA","APM","τοὺς","τοὺς","τούς","ὁ"
66,02,20,"A","APM","ἐμοὺς","ἐμοὺς","ἐμούς","ἐμός"
66,02,20,"N","APM","δούλους","δούλους","δούλους","δοῦλος"
66,02,20,"V","AAN","πορνεῦσαι","πορνεῦσαι","πορνεῦσαι","πορνεύω"
66,02,20,"C",NULL,"καὶ","καὶ","καί","καί"
66,02,20,"V","AAN","φαγεῖν","φαγεῖν","φαγεῖν","ἐσθίω"
66,02,20,"A","APN","εἰδωλόθυτα.","εἰδωλόθυτα","εἰδωλόθυτα","εἰδωλόθυτον"
66,02,21,"C",NULL,"καὶ","καὶ","καί","καί"
66,02,21,"V","1AAI-S","ἔδωκα","ἔδωκα","ἔδωκα","δίδωμι"
66,02,21,"RP","DSF","αὐτῇ","αὐτῇ","αὐτῇ","αὐτός"
66,02,21,"N","ASM","χρόνον","χρόνον","χρόνον","χρόνος"
66,02,21,"C",NULL,"ἵνα","ἵνα","ἵνα","ἵνα"
66,02,21,"V","3AAS-S","μετανοήσῃ,","μετανοήσῃ","μετανοήσῃ","μετανοέω"
66,02,21,"C",NULL,"καὶ","καὶ","καί","καί"
66,02,21,"D",NULL,"οὐ","οὐ","οὐ","οὐ"
66,02,21,"V","3PAI-S","θέλει","θέλει","θέλει","θέλω"
66,02,21,"V","AAN","μετανοῆσαι","μετανοῆσαι","μετανοῆσαι","μετανοέω"
66,02,21,"P",NULL,"ἐκ","ἐκ","ἐκ","ἐκ"
66,02,21,"RA","GSF","τῆς","τῆς","τῆς","ὁ"
66,02,21,"N","GSF","πορνείας","πορνείας","πορνείας","πορνεία"
66,02,21,"RP","GSF","αὐτῆς.","αὐτῆς","αὐτῆς","αὐτός"
66,02,22,"X",NULL,"ἰδοὺ","ἰδοὺ","ἰδού","ἰδού"
66,02,22,"V","1PAI-S","βάλλω","βάλλω","βάλλω","βάλλω"
66,02,22,"RP","ASF","αὐτὴν","αὐτὴν","αὐτήν","αὐτός"
66,02,22,"P",NULL,"εἰς","εἰς","εἰς","εἰς"
66,02,22,"N","ASF","κλίνην,","κλίνην","κλίνην","κλίνη"
66,02,22,"C",NULL,"καὶ","καὶ","καί","καί"
66,02,22,"RA","APM","τοὺς","τοὺς","τούς","ὁ"
66,02,22,"V","PAPAPM","μοιχεύοντας","μοιχεύοντας","μοιχεύοντας","μοιχεύω"
66,02,22,"P",NULL,"μετ’","μετ’","μετά","μετά"
66,02,22,"RP","GSF","αὐτῆς","αὐτῆς","αὐτῆς","αὐτός"
66,02,22,"P",NULL,"εἰς","εἰς","εἰς","εἰς"
66,02,22,"N","ASF","θλῖψιν","θλῖψιν","θλῖψιν","θλῖψις"
66,02,22,"A","ASF","μεγάλην,","μεγάλην","μεγάλην","μέγας"
66,02,22,"C",NULL,"ἐὰν","ἐὰν","ἐάν","ἐάν"
66,02,22,"D",NULL,"μὴ","μὴ","μή","μή"
66,02,22,"V","3AAS-P","⸀μετανοήσωσιν","μετανοήσωσιν","μετανοήσωσι(ν)","μετανοέω"
66,02,22,"P",NULL,"ἐκ","ἐκ","ἐκ","ἐκ"
66,02,22,"RA","GPN","τῶν","τῶν","τῶν","ὁ"
66,02,22,"N","GPN","ἔργων","ἔργων","ἔργων","ἔργον"
66,02,22,"RP","GSF","αὐτῆς·","αὐτῆς","αὐτῆς","αὐτός"
66,02,23,"C",NULL,"καὶ","καὶ","καί","καί"
66,02,23,"RA","APN","τὰ","τὰ","τά","ὁ"
66,02,23,"N","APN","τέκνα","τέκνα","τέκνα","τέκνον"
66,02,23,"RP","GSF","αὐτῆς","αὐτῆς","αὐτῆς","αὐτός"
66,02,23,"V","1FAI-S","ἀποκτενῶ","ἀποκτενῶ","ἀποκτενῶ","ἀποκτείνω"
66,02,23,"P",NULL,"ἐν","ἐν","ἐν","ἐν"
66,02,23,"N","DSM","θανάτῳ·","θανάτῳ","θανάτῳ","θάνατος"
66,02,23,"C",NULL,"καὶ","καὶ","καί","καί"
66,02,23,"V","3FMI-P","γνώσονται","γνώσονται","γνώσονται","γινώσκω"
66,02,23,"A","NPF","πᾶσαι","πᾶσαι","πᾶσαι","πᾶς"
66,02,23,"RA","NPF","αἱ","αἱ","αἱ","ὁ"
66,02,23,"N","NPF","ἐκκλησίαι","ἐκκλησίαι","ἐκκλησίαι","ἐκκλησία"
66,02,23,"C",NULL,"ὅτι","ὅτι","ὅτι","ὅτι"
66,02,23,"RP","NS","ἐγώ","ἐγώ","ἐγώ","ἐγώ"
66,02,23,"V","1PAI-S","εἰμι","εἰμι","εἰμί","εἰμί"
66,02,23,"RA","NSM","ὁ","ὁ","ὁ","ὁ"
66,02,23,"V","PAPNSM","ἐραυνῶν","ἐραυνῶν","ἐραυνῶν","ἐραυνάω"
66,02,23,"N","APM","νεφροὺς","νεφροὺς","νεφρούς","νεφρός"
66,02,23,"C",NULL,"καὶ","καὶ","καί","καί"
66,02,23,"N","APF","καρδίας,","καρδίας","καρδίας","καρδία"
66,02,23,"C",NULL,"καὶ","καὶ","καί","καί"
66,02,23,"V","1FAI-S","δώσω","δώσω","δώσω","δίδωμι"
66,02,23,"RP","DP","ὑμῖν","ὑμῖν","ὑμῖν","σύ"
66,02,23,"A","DSM","ἑκάστῳ","ἑκάστῳ","ἑκάστῳ","ἕκαστος"
66,02,23,"P",NULL,"κατὰ","κατὰ","κατά","κατά"
66,02,23,"RA","APN","τὰ","τὰ","τά","ὁ"
66,02,23,"N","APN","ἔργα","ἔργα","ἔργα","ἔργον"
66,02,23,"RP","GP","ὑμῶν.","ὑμῶν","ὑμῶν","σύ"
66,02,24,"RP","DP","ὑμῖν","ὑμῖν","ὑμῖν","σύ"
66,02,24,"C",NULL,"δὲ","δὲ","δέ","δέ"
66,02,24,"V","1PAI-S","λέγω","λέγω","λέγω","λέγω"
66,02,24,"RA","DPM","τοῖς","τοῖς","τοῖς","ὁ"
66,02,24,"A","DPM","λοιποῖς","λοιποῖς","λοιποῖς","λοιπός"
66,02,24,"RA","DPM","τοῖς","τοῖς","τοῖς","ὁ"
66,02,24,"P",NULL,"ἐν","ἐν","ἐν","ἐν"
66,02,24,"N","DPN","Θυατείροις,","Θυατείροις","Θυατείροις","Θυάτειρα"
66,02,24,"RR","NPM","ὅσοι","ὅσοι","ὅσοι","ὅσος"
66,02,24,"D",NULL,"οὐκ","οὐκ","οὐ","οὐ"
66,02,24,"V","3PAI-P","ἔχουσιν","ἔχουσιν","ἔχουσι(ν)","ἔχω"
66,02,24,"RA","ASF","τὴν","τὴν","τήν","ὁ"
66,02,24,"N","ASF","διδαχὴν","διδαχὴν","διδαχήν","διδαχή"
66,02,24,"RD","ASF","ταύτην,","ταύτην","ταύτην","οὗτος"
66,02,24,"RR","NPM","οἵτινες","οἵτινες","οἵτινες","ὅστις"
66,02,24,"D",NULL,"οὐκ","οὐκ","οὐ","οὐ"
66,02,24,"V","3AAI-P","ἔγνωσαν","ἔγνωσαν","ἔγνωσαν","γινώσκω"
66,02,24,"RA","APN","τὰ","τὰ","τά","ὁ"
66,02,24,"A","APN","βαθέα","βαθέα","βαθέα","βαθύς"
66,02,24,"RA","GSM","τοῦ","τοῦ","τοῦ","ὁ"
66,02,24,"N","GSM","Σατανᾶ,","Σατανᾶ","Σατανᾶ","Σατανᾶς"
66,02,24,"C",NULL,"ὡς","ὡς","ὡς","ὡς"
66,02,24,"V","3PAI-P","λέγουσιν,","λέγουσιν","λέγουσι(ν)","λέγω"
66,02,24,"D",NULL,"οὐ","οὐ","οὐ","οὐ"
66,02,24,"V","1PAI-S","βάλλω","βάλλω","βάλλω","βάλλω"
66,02,24,"P",NULL,"ἐφ’","ἐφ’","ἐπί","ἐπί"
66,02,24,"RP","AP","ὑμᾶς","ὑμᾶς","ὑμᾶς","σύ"
66,02,24,"A","ASN","ἄλλο","ἄλλο","ἄλλο","ἄλλος"
66,02,24,"N","ASN","βάρος·","βάρος","βάρος","βάρος"
66,02,25,"C",NULL,"πλὴν","πλὴν","πλήν","πλήν"
66,02,25,"RR","ASN","ὃ","ὃ","ὅ","ὅς"
66,02,25,"V","2PAI-P","ἔχετε","ἔχετε","ἔχετε","ἔχω"
66,02,25,"V","2AAD-P","κρατήσατε","κρατήσατε","κρατήσατε","κρατέω"
66,02,25,"P",NULL,"ἄχρι","ἄχρι","ἄχρι","ἄχρι"
66,02,25,"RR","GSM","οὗ","οὗ","οὗ","ὅς"
66,02,25,"X",NULL,"ἂν","ἂν","ἄν","ἄν"
66,02,25,"V","1AAS-S","ἥξω.","ἥξω","ἥξω","ἥκω"
66,02,26,"C",NULL,"καὶ","καὶ","καί","καί"
66,02,26,"RA","NSM","ὁ","ὁ","ὁ","ὁ"
66,02,26,"V","PAPNSM","νικῶν","νικῶν","νικῶν","νικάω"
66,02,26,"C",NULL,"καὶ","καὶ","καί","καί"
66,02,26,"RA","NSM","ὁ","ὁ","ὁ","ὁ"
66,02,26,"V","PAPNSM","τηρῶν","τηρῶν","τηρῶν","τηρέω"
66,02,26,"P",NULL,"ἄχρι","ἄχρι","ἄχρι","ἄχρι"
66,02,26,"N","GSN","τέλους","τέλους","τέλους","τέλος"
66,02,26,"RA","APN","τὰ","τὰ","τά","ὁ"
66,02,26,"N","APN","ἔργα","ἔργα","ἔργα","ἔργον"
66,02,26,"RP","GS","μου,","μου","μου","ἐγώ"
66,02,26,"V","1FAI-S","δώσω","δώσω","δώσω","δίδωμι"
66,02,26,"RP","DSM","αὐτῷ","αὐτῷ","αὐτῷ","αὐτός"
66,02,26,"N","ASF","ἐξουσίαν","ἐξουσίαν","ἐξουσίαν","ἐξουσία"
66,02,26,"P",NULL,"ἐπὶ","ἐπὶ","ἐπί","ἐπί"
66,02,26,"RA","GPN","τῶν","τῶν","τῶν","ὁ"
66,02,26,"N","GPN","ἐθνῶν,","ἐθνῶν","ἐθνῶν","ἔθνος"
66,02,27,"C",NULL,"καὶ","καὶ","καί","καί"
66,02,27,"V","3FAI-S","ποιμανεῖ","ποιμανεῖ","ποιμανεῖ","ποιμαίνω"
66,02,27,"RP","APM","αὐτοὺς","αὐτοὺς","αὐτούς","αὐτός"
66,02,27,"P",NULL,"ἐν","ἐν","ἐν","ἐν"
66,02,27,"N","DSF","ῥάβδῳ","ῥάβδῳ","ῥάβδῳ","ῥάβδος"
66,02,27,"A","DSF","σιδηρᾷ","σιδηρᾷ","σιδηρᾷ","σιδηροῦς"
66,02,27,"C",NULL,"ὡς","ὡς","ὡς","ὡς"
66,02,27,"RA","NPN","τὰ","τὰ","τά","ὁ"
66,02,27,"N","NPN","σκεύη","σκεύη","σκεύη","σκεῦος"
66,02,27,"RA","NPN","τὰ","τὰ","τά","ὁ"
66,02,27,"A","NPN","κεραμικὰ","κεραμικὰ","κεραμικά","κεραμικός"
66,02,27,"V","3PPI-S","⸀συντρίβεται,","συντρίβεται","συντρίβεται","συντρίβω"
66,02,28,"D",NULL,"ὡς","ὡς","ὡς","ὡς"
66,02,28,"RP","NS","κἀγὼ","κἀγὼ","κἀγώ","κἀγώ"
66,02,28,"V","1XAI-S","εἴληφα","εἴληφα","εἴληφα","λαμβάνω"
66,02,28,"P",NULL,"παρὰ","παρὰ","παρά","παρά"
66,02,28,"RA","GSM","τοῦ","τοῦ","τοῦ","ὁ"
66,02,28,"N","GSM","πατρός","πατρός","πατρός","πατήρ"
66,02,28,"RP","GS","μου,","μου","μου","ἐγώ"
66,02,28,"C",NULL,"καὶ","καὶ","καί","καί"
66,02,28,"V","1FAI-S","δώσω","δώσω","δώσω","δίδωμι"
66,02,28,"RP","DSM","αὐτῷ","αὐτῷ","αὐτῷ","αὐτός"
66,02,28,"RA","ASM","τὸν","τὸν","τόν","ὁ"
66,02,28,"N","ASM","ἀστέρα","ἀστέρα","ἀστέρα","ἀστήρ"
66,02,28,"RA","ASM","τὸν","τὸν","τόν","ὁ"
66,02,28,"A","ASM","πρωϊνόν.","πρωϊνόν","πρωϊνόν","πρωϊνός"
66,02,29,"RA","NSM","ὁ","ὁ","ὁ","ὁ"
66,02,29,"V","PAPNSM","ἔχων","ἔχων","ἔχων","ἔχω"
66,02,29,"N","ASN","οὖς","οὖς","οὖς","οὖς"
66,02,29,"V","3AAD-S","ἀκουσάτω","ἀκουσάτω","ἀκουσάτω","ἀκούω"
66,02,29,"RI","ASN","τί","τί","τί","τίς"
66,02,29,"RA","NSN","τὸ","τὸ","τό","ὁ"
66,02,29,"N","NSN","πνεῦμα","πνεῦμα","πνεῦμα","πνεῦμα"
66,02,29,"V","3PAI-S","λέγει","λέγει","λέγει","λέγω"
66,02,29,"RA","DPF","ταῖς","ταῖς","ταῖς","ὁ"
66,02,29,"N","DPF","ἐκκλησίαις.","ἐκκλησίαις","ἐκκλησίαις","ἐκκλησία"
66,03,01,"C",NULL,"Καὶ","Καὶ","καί","καί"
66,03,01,"RA","DSM","τῷ","τῷ","τῷ","ὁ"
66,03,01,"N","DSM","ἀγγέλῳ","ἀγγέλῳ","ἀγγέλῳ","ἄγγελος"
66,03,01,"RA","GSF","τῆς","τῆς","τῆς","ὁ"
66,03,01,"P",NULL,"ἐν","ἐν","ἐν","ἐν"
66,03,01,"N","DPF","Σάρδεσιν","Σάρδεσιν","Σάρδεσι(ν)","Σάρδεις"
66,03,01,"N","GSF","ἐκκλησίας","ἐκκλησίας","ἐκκλησίας","ἐκκλησία"
66,03,01,"V","2AAD-S","γράψον·","γράψον","γράψον","γράφω"
66,03,01,"RD","APN","Τάδε","Τάδε","τάδε","ὅδε"
66,03,01,"V","3PAI-S","λέγει","λέγει","λέγει","λέγω"
66,03,01,"RA","NSM","ὁ","ὁ","ὁ","ὁ"
66,03,01,"V","PAPNSM","ἔχων","ἔχων","ἔχων","ἔχω"
66,03,01,"RA","APN","τὰ","τὰ","τά","ὁ"
66,03,01,"A","APN","ἑπτὰ","ἑπτὰ","ἑπτά","ἑπτά"
66,03,01,"N","APN","πνεύματα","πνεύματα","πνεύματα","πνεῦμα"
66,03,01,"RA","GSM","τοῦ","τοῦ","τοῦ","ὁ"
66,03,01,"N","GSM","θεοῦ","θεοῦ","θεοῦ","θεός"
66,03,01,"C",NULL,"καὶ","καὶ","καί","καί"
66,03,01,"RA","APM","τοὺς","τοὺς","τούς","ὁ"
66,03,01,"A","APM","ἑπτὰ","ἑπτὰ","ἑπτά","ἑπτά"
66,03,01,"N","APM","ἀστέρας·","ἀστέρας","ἀστέρας","ἀστήρ"
66,03,01,"V","1XAI-S","Οἶδά","Οἶδά","οἶδα","οἶδα"
66,03,01,"RP","GS","σου","σου","σου","σύ"
66,03,01,"RA","APN","τὰ","τὰ","τά","ὁ"
66,03,01,"N","APN","ἔργα,","ἔργα","ἔργα","ἔργον"
66,03,01,"D",NULL,"ὅτι","ὅτι","ὅτι","ὅτι"
66,03,01,"N","ASN","ὄνομα","ὄνομα","ὄνομα","ὄνομα"
66,03,01,"V","2PAI-S","ἔχεις","ἔχεις","ἔχεις","ἔχω"
66,03,01,"D",NULL,"ὅτι","ὅτι","ὅτι","ὅτι"
66,03,01,"V","2PAI-S","ζῇς,","ζῇς","ζῇς","ζάω"
66,03,01,"C",NULL,"καὶ","καὶ","καί","καί"
66,03,01,"A","NSM","νεκρὸς","νεκρὸς","νεκρός","νεκρός"
66,03,01,"V","2PAI-S","εἶ.","εἶ","εἶ","εἰμί"
66,03,02,"V","2PMD-S","γίνου","γίνου","γίνου","γίνομαι"
66,03,02,"V","PAPNSM","γρηγορῶν,","γρηγορῶν","γρηγορῶν","γρηγορέω"
66,03,02,"C",NULL,"καὶ","καὶ","καί","καί"
66,03,02,"V","2AAD-S","στήρισον","στήρισον","στήρισον","στηρίζω"
66,03,02,"RA","APN","τὰ","τὰ","τά","ὁ"
66,03,02,"A","APN","λοιπὰ","λοιπὰ","λοιπά","λοιπός"
66,03,02,"RR","NPN","ἃ","ἃ","ἅ","ὅς"
66,03,02,"V","3IAI-P","⸂ἔμελλον","ἔμελλον","ἔμελλον","μέλλω"
66,03,02,"V","AAN","ἀποθανεῖν⸃,","ἀποθανεῖν","ἀποθανεῖν","ἀποθνῄσκω"
66,03,02,"D",NULL,"οὐ","οὐ","οὐ","οὐ"
66,03,02,"C",NULL,"γὰρ","γὰρ","γάρ","γάρ"
66,03,02,"V","1XAI-S","εὕρηκά","εὕρηκά","εὕρηκα","εὑρίσκω"
66,03,02,"RP","GS","σου","σου","σου","σύ"
66,03,02,"RA","APN","⸀τὰ","τὰ","τά","ὁ"
66,03,02,"N","APN","ἔργα","ἔργα","ἔργα","ἔργον"
66,03,02,"V","XPPAPN","πεπληρωμένα","πεπληρωμένα","πεπληρωμένα","πληρόω"
66,03,02,"P",NULL,"ἐνώπιον","ἐνώπιον","ἐνώπιον","ἐνώπιον"
66,03,02,"RA","GSM","τοῦ","τοῦ","τοῦ","ὁ"
66,03,02,"N","GSM","θεοῦ","θεοῦ","θεοῦ","θεός"
66,03,02,"RP","GS","μου·","μου","μου","ἐγώ"
66,03,03,"V","2PAD-S","μνημόνευε","μνημόνευε","μνημόνευε","μνημονεύω"
66,03,03,"C",NULL,"οὖν","οὖν","οὖν","οὖν"
66,03,03,"D",NULL,"πῶς","πῶς","πῶς","πῶς"
66,03,03,"V","2XAI-S","εἴληφας","εἴληφας","εἴληφας","λαμβάνω"
66,03,03,"C",NULL,"καὶ","καὶ","καί","καί"
66,03,03,"V","2AAI-S","ἤκουσας","ἤκουσας","ἤκουσας","ἀκούω"
66,03,03,"C",NULL,"καὶ","καὶ","καί","καί"
66,03,03,"V","2PAD-S","τήρει,","τήρει","τήρει","τηρέω"
66,03,03,"C",NULL,"καὶ","καὶ","καί","καί"
66,03,03,"V","2AAD-S","μετανόησον·","μετανόησον","μετανόησον","μετανοέω"
66,03,03,"C",NULL,"ἐὰν","ἐὰν","ἐάν","ἐάν"
66,03,03,"C",NULL,"οὖν","οὖν","οὖν","οὖν"
66,03,03,"D",NULL,"μὴ","μὴ","μή","μή"
66,03,03,"V","2AAS-S","γρηγορήσῃς,","γρηγορήσῃς","γρηγορήσῃς","γρηγορέω"
66,03,03,"V","1FAI-S","⸀ἥξω","ἥξω","ἥξω","ἥκω"
66,03,03,"C",NULL,"ὡς","ὡς","ὡς","ὡς"
66,03,03,"N","NSM","κλέπτης,","κλέπτης","κλέπτης","κλέπτης"
66,03,03,"C",NULL,"καὶ","καὶ","καί","καί"
66,03,03,"D",NULL,"οὐ","οὐ","οὐ","οὐ"
66,03,03,"D",NULL,"μὴ","μὴ","μή","μή"
66,03,03,"V","2AAS-S","⸀γνῷς","γνῷς","γνῷς","γινώσκω"
66,03,03,"RI","ASF","ποίαν","ποίαν","ποίαν","ποῖος"
66,03,03,"N","ASF","ὥραν","ὥραν","ὥραν","ὥρα"
66,03,03,"V","1FAI-S","ἥξω","ἥξω","ἥξω","ἥκω"
66,03,03,"P",NULL,"ἐπὶ","ἐπὶ","ἐπί","ἐπί"
66,03,03,"RP","AS","σέ·","σέ","σέ","σύ"
66,03,04,"C",NULL,"ἀλλὰ","ἀλλὰ","ἀλλά","ἀλλά"
66,03,04,"V","2PAI-S","⸂ἔχεις","ἔχεις","ἔχεις","ἔχω"
66,03,04,"A","APN","ὀλίγα⸃","ὀλίγα","ὀλίγα","ὀλίγος"
66,03,04,"N","APN","ὀνόματα","ὀνόματα","ὀνόματα","ὄνομα"
66,03,04,"P",NULL,"ἐν","ἐν","ἐν","ἐν"
66,03,04,"N","DPF","Σάρδεσιν","Σάρδεσιν","Σάρδεσι(ν)","Σάρδεις"
66,03,04,"RR","NPN","ἃ","ἃ","ἅ","ὅς"
66,03,04,"D",NULL,"οὐκ","οὐκ","οὐ","οὐ"
66,03,04,"V","3AAI-P","ἐμόλυναν","ἐμόλυναν","ἐμόλυναν","μολύνω"
66,03,04,"RA","APN","τὰ","τὰ","τά","ὁ"
66,03,04,"N","APN","ἱμάτια","ἱμάτια","ἱμάτια","ἱμάτιον"
66,03,04,"RP","GPM","αὐτῶν,","αὐτῶν","αὐτῶν","αὐτός"
66,03,04,"C",NULL,"καὶ","καὶ","καί","καί"
66,03,04,"V","3FAI-P","περιπατήσουσιν","περιπατήσουσιν","περιπατήσουσι(ν)","περιπατέω"
66,03,04,"P",NULL,"μετ’","μετ’","μετά","μετά"
66,03,04,"RP","GS","ἐμοῦ","ἐμοῦ","ἐμοῦ","ἐγώ"
66,03,04,"P",NULL,"ἐν","ἐν","ἐν","ἐν"
66,03,04,"A","DPN","λευκοῖς,","λευκοῖς","λευκοῖς","λευκός"
66,03,04,"C",NULL,"ὅτι","ὅτι","ὅτι","ὅτι"
66,03,04,"A","NPM","ἄξιοί","ἄξιοί","ἄξιοι","ἄξιος"
66,03,04,"V","3PAI-P","εἰσιν.","εἰσιν","εἰσί(ν)","εἰμί"
66,03,05,"RA","NSM","ὁ","ὁ","ὁ","ὁ"
66,03,05,"V","PAPNSM","νικῶν","νικῶν","νικῶν","νικάω"
66,03,05,"D",NULL,"⸀οὕτως","οὕτως","οὕτω(ς)","οὕτω(ς)"
66,03,05,"V","3FMI-S","περιβαλεῖται","περιβαλεῖται","περιβαλεῖται","περιβάλλω"
66,03,05,"P",NULL,"ἐν","ἐν","ἐν","ἐν"
66,03,05,"N","DPN","ἱματίοις","ἱματίοις","ἱματίοις","ἱμάτιον"
66,03,05,"A","DPN","λευκοῖς,","λευκοῖς","λευκοῖς","λευκός"
66,03,05,"C",NULL,"καὶ","καὶ","καί","καί"
66,03,05,"D",NULL,"οὐ","οὐ","οὐ","οὐ"
66,03,05,"D",NULL,"μὴ","μὴ","μή","μή"
66,03,05,"V","1FAI-S","ἐξαλείψω","ἐξαλείψω","ἐξαλείψω","ἐξαλείφω"
66,03,05,"RA","ASN","τὸ","τὸ","τό","ὁ"
66,03,05,"N","ASN","ὄνομα","ὄνομα","ὄνομα","ὄνομα"
66,03,05,"RP","GSM","αὐτοῦ","αὐτοῦ","αὐτοῦ","αὐτός"
66,03,05,"P",NULL,"ἐκ","ἐκ","ἐκ","ἐκ"
66,03,05,"RA","GSF","τῆς","τῆς","τῆς","ὁ"
66,03,05,"N","GSF","βίβλου","βίβλου","βίβλου","βίβλος"
66,03,05,"RA","GSF","τῆς","τῆς","τῆς","ὁ"
66,03,05,"N","GSF","ζωῆς,","ζωῆς","ζωῆς","ζωή"
66,03,05,"C",NULL,"καὶ","καὶ","καί","καί"
66,03,05,"V","1FAI-S","ὁμολογήσω","ὁμολογήσω","ὁμολογήσω","ὁμολογέω"
66,03,05,"RA","ASN","τὸ","τὸ","τό","ὁ"
66,03,05,"N","ASN","ὄνομα","ὄνομα","ὄνομα","ὄνομα"
66,03,05,"RP","GSM","αὐτοῦ","αὐτοῦ","αὐτοῦ","αὐτός"
66,03,05,"P",NULL,"ἐνώπιον","ἐνώπιον","ἐνώπιον","ἐνώπιον"
66,03,05,"RA","GSM","τοῦ","τοῦ","τοῦ","ὁ"
66,03,05,"N","GSM","πατρός","πατρός","πατρός","πατήρ"
66,03,05,"RP","GS","μου","μου","μου","ἐγώ"
66,03,05,"C",NULL,"καὶ","καὶ","καί","καί"
66,03,05,"P",NULL,"ἐνώπιον","ἐνώπιον","ἐνώπιον","ἐνώπιον"
66,03,05,"RA","GPM","τῶν","τῶν","τῶν","ὁ"
66,03,05,"N","GPM","ἀγγέλων","ἀγγέλων","ἀγγέλων","ἄγγελος"
66,03,05,"RP","GSM","αὐτοῦ.","αὐτοῦ","αὐτοῦ","αὐτός"
66,03,06,"RA","NSM","ὁ","ὁ","ὁ","ὁ"
66,03,06,"V","PAPNSM","ἔχων","ἔχων","ἔχων","ἔχω"
66,03,06,"N","ASN","οὖς","οὖς","οὖς","οὖς"
66,03,06,"V","3AAD-S","ἀκουσάτω","ἀκουσάτω","ἀκουσάτω","ἀκούω"
66,03,06,"RI","ASN","τί","τί","τί","τίς"
66,03,06,"RA","NSN","τὸ","τὸ","τό","ὁ"
66,03,06,"N","NSN","πνεῦμα","πνεῦμα","πνεῦμα","πνεῦμα"
66,03,06,"V","3PAI-S","λέγει","λέγει","λέγει","λέγω"
66,03,06,"RA","DPF","ταῖς","ταῖς","ταῖς","ὁ"
66,03,06,"N","DPF","ἐκκλησίαις.","ἐκκλησίαις","ἐκκλησίαις","ἐκκλησία"
66,03,07,"C",NULL,"Καὶ","Καὶ","καί","καί"
66,03,07,"RA","DSM","τῷ","τῷ","τῷ","ὁ"
66,03,07,"N","DSM","ἀγγέλῳ","ἀγγέλῳ","ἀγγέλῳ","ἄγγελος"
66,03,07,"RA","GSF","τῆς","τῆς","τῆς","ὁ"
66,03,07,"P",NULL,"ἐν","ἐν","ἐν","ἐν"
66,03,07,"N","DSF","Φιλαδελφείᾳ","Φιλαδελφείᾳ","Φιλαδελφείᾳ","Φιλαδέλφεια"
66,03,07,"N","GSF","ἐκκλησίας","ἐκκλησίας","ἐκκλησίας","ἐκκλησία"
66,03,07,"V","2AAD-S","γράψον·","γράψον","γράψον","γράφω"
66,03,07,"RD","APN","Τάδε","Τάδε","τάδε","ὅδε"
66,03,07,"V","3PAI-S","λέγει","λέγει","λέγει","λέγω"
66,03,07,"RA","NSM","ὁ","ὁ","ὁ","ὁ"
66,03,07,"A","NSM","ἅγιος,","ἅγιος","ἅγιος","ἅγιος"
66,03,07,"RA","NSM","ὁ","ὁ","ὁ","ὁ"
66,03,07,"A","NSM","ἀληθινός,","ἀληθινός","ἀληθινός","ἀληθινός"
66,03,07,"RA","NSM","ὁ","ὁ","ὁ","ὁ"
66,03,07,"V","PAPNSM","ἔχων","ἔχων","ἔχων","ἔχω"
66,03,07,"RA","ASF","τὴν","τὴν","τήν","ὁ"
66,03,07,"N","ASF","κλεῖν","κλεῖν","κλεῖν","κλείς"
66,03,07,"N","GSM","⸀Δαυίδ,","Δαυίδ","Δαυίδ","Δαυίδ"
66,03,07,"RA","NSM","ὁ","ὁ","ὁ","ὁ"
66,03,07,"V","PAPNSM","ἀνοίγων","ἀνοίγων","ἀνοίγων","ἀνοίγω"
66,03,07,"C",NULL,"καὶ","καὶ","καί","καί"
66,03,07,"A","NSM","οὐδεὶς","οὐδεὶς","οὐδείς","οὐδείς"
66,03,07,"V","3FAI-S","κλείσει,","κλείσει","κλείσει","κλείω"
66,03,07,"C",NULL,"⸂καὶ","καὶ","καί","καί"
66,03,07,"V","PAPNSM","κλείων⸃","κλείων","κλείων","κλείω"
66,03,07,"C",NULL,"καὶ","καὶ","καί","καί"
66,03,07,"A","NSM","οὐδεὶς","οὐδεὶς","οὐδείς","οὐδείς"
66,03,07,"V","3PAI-S","⸀ἀνοίγει·","ἀνοίγει","ἀνοίγει","ἀνοίγω"
66,03,08,"V","1XAI-S","Οἶδά","Οἶδά","οἶδα","οἶδα"
66,03,08,"RP","GS","σου","σου","σου","σύ"
66,03,08,"RA","APN","τὰ","τὰ","τά","ὁ"
66,03,08,"N","APN","ἔργα—","ἔργα","ἔργα","ἔργον"
66,03,08,"X",NULL,"ἰδοὺ","ἰδοὺ","ἰδού","ἰδού"
66,03,08,"V","1XAI-S","δέδωκα","δέδωκα","δέδωκα","δίδωμι"
66,03,08,"P",NULL,"ἐνώπιόν","ἐνώπιόν","ἐνώπιον","ἐνώπιον"
66,03,08,"RP","GS","σου","σου","σου","σύ"
66,03,08,"N","ASF","θύραν","θύραν","θύραν","θύρα"
66,03,08,"V","XPPASF","ἠνεῳγμένην,","ἠνεῳγμένην","ἠνεῳγμένην","ἀνοίγω"
66,03,08,"RR","ASF","ἣν","ἣν","ἥν","ὅς"
66,03,08,"A","NSM","οὐδεὶς","οὐδεὶς","οὐδείς","οὐδείς"
66,03,08,"V","3PMI-S","δύναται","δύναται","δύναται","δύναμαι"
66,03,08,"V","AAN","κλεῖσαι","κλεῖσαι","κλεῖσαι","κλείω"
66,03,08,"RP","ASF","αὐτήν—","αὐτήν","αὐτήν","αὐτός"
66,03,08,"C",NULL,"ὅτι","ὅτι","ὅτι","ὅτι"
66,03,08,"A","ASF","μικρὰν","μικρὰν","μικράν","μικρός"
66,03,08,"V","2PAI-S","ἔχεις","ἔχεις","ἔχεις","ἔχω"
66,03,08,"N","ASF","δύναμιν,","δύναμιν","δύναμιν","δύναμις"
66,03,08,"C",NULL,"καὶ","καὶ","καί","καί"
66,03,08,"V","2AAI-S","ἐτήρησάς","ἐτήρησάς","ἐτήρησας","τηρέω"
66,03,08,"RP","GS","μου","μου","μου","ἐγώ"
66,03,08,"RA","ASM","τὸν","τὸν","τόν","ὁ"
66,03,08,"N","ASM","λόγον,","λόγον","λόγον","λόγος"
66,03,08,"C",NULL,"καὶ","καὶ","καί","καί"
66,03,08,"D",NULL,"οὐκ","οὐκ","οὐ","οὐ"
66,03,08,"V","2AMI-S","ἠρνήσω","ἠρνήσω","ἠρνήσω","ἀρνέομαι"
66,03,08,"RA","ASN","τὸ","τὸ","τό","ὁ"
66,03,08,"N","ASN","ὄνομά","ὄνομά","ὄνομα","ὄνομα"
66,03,08,"RP","GS","μου.","μου","μου","ἐγώ"
66,03,09,"X",NULL,"ἰδοὺ","ἰδοὺ","ἰδού","ἰδού"
66,03,09,"V","1PAS-S","⸀διδῶ","διδῶ","διδῶ","δίδωμι"
66,03,09,"P",NULL,"ἐκ","ἐκ","ἐκ","ἐκ"
66,03,09,"RA","GSF","τῆς","τῆς","τῆς","ὁ"
66,03,09,"N","GSF","συναγωγῆς","συναγωγῆς","συναγωγῆς","συναγωγή"
66,03,09,"RA","GSM","τοῦ","τοῦ","τοῦ","ὁ"
66,03,09,"N","GSM","Σατανᾶ,","Σατανᾶ","Σατανᾶ","Σατανᾶς"
66,03,09,"RA","GPM","τῶν","τῶν","τῶν","ὁ"
66,03,09,"V","PAPGPM","λεγόντων","λεγόντων","λεγόντων","λέγω"
66,03,09,"RP","APM","ἑαυτοὺς","ἑαυτοὺς","ἑαυτούς","ἑαυτοῦ"
66,03,09,"A","APM","Ἰουδαίους","Ἰουδαίους","Ἰουδαίους","Ἰουδαῖος"
66,03,09,"V","PAN","εἶναι,","εἶναι","εἶναι","εἰμί"
66,03,09,"C",NULL,"καὶ","καὶ","καί","καί"
66,03,09,"D",NULL,"οὐκ","οὐκ","οὐ","οὐ"
66,03,09,"V","3PAI-P","εἰσὶν","εἰσὶν","εἰσί(ν)","εἰμί"
66,03,09,"C",NULL,"ἀλλὰ","ἀλλὰ","ἀλλά","ἀλλά"
66,03,09,"V","3PMI-P","ψεύδονται—","ψεύδονται","ψεύδονται","ψεύδομαι"
66,03,09,"X",NULL,"ἰδοὺ","ἰδοὺ","ἰδού","ἰδού"
66,03,09,"V","1FAI-S","ποιήσω","ποιήσω","ποιήσω","ποιέω"
66,03,09,"RP","APM","αὐτοὺς","αὐτοὺς","αὐτούς","αὐτός"
66,03,09,"C",NULL,"ἵνα","ἵνα","ἵνα","ἵνα"
66,03,09,"V","3FAI-P","⸂ἥξουσιν","ἥξουσιν","ἥξουσι(ν)","ἥκω"
66,03,09,"C",NULL,"καὶ","καὶ","καί","καί"
66,03,09,"V","3FAI-P","προσκυνήσουσιν⸃","προσκυνήσουσιν","προσκυνήσουσι(ν)","προσκυνέω"
66,03,09,"P",NULL,"ἐνώπιον","ἐνώπιον","ἐνώπιον","ἐνώπιον"
66,03,09,"RA","GPM","τῶν","τῶν","τῶν","ὁ"
66,03,09,"N","GPM","ποδῶν","ποδῶν","ποδῶν","πούς"
66,03,09,"RP","GS","σου,","σου","σου","σύ"
66,03,09,"C",NULL,"καὶ","καὶ","καί","καί"
66,03,09,"V","3AAS-P","γνῶσιν","γνῶσιν","γνῶσι(ν)","γινώσκω"
66,03,09,"C",NULL,"ὅτι","ὅτι","ὅτι","ὅτι"
66,03,09,"RP","NS","⸀ἐγὼ","ἐγὼ","ἐγώ","ἐγώ"
66,03,09,"V","1AAI-S","ἠγάπησά","ἠγάπησά","ἠγάπησα","ἀγαπάω"
66,03,09,"RP","AS","σε.","σε","σε","σύ"
66,03,10,"C",NULL,"ὅτι","ὅτι","ὅτι","ὅτι"
66,03,10,"V","2AAI-S","ἐτήρησας","ἐτήρησας","ἐτήρησας","τηρέω"
66,03,10,"RA","ASM","τὸν","τὸν","τόν","ὁ"
66,03,10,"N","ASM","λόγον","λόγον","λόγον","λόγος"
66,03,10,"RA","GSF","τῆς","τῆς","τῆς","ὁ"
66,03,10,"N","GSF","ὑπομονῆς","ὑπομονῆς","ὑπομονῆς","ὑπομονή"
66,03,10,"RP","GS","μου,","μου","μου","ἐγώ"
66,03,10,"RP","NS","κἀγώ","κἀγώ","κἀγώ","κἀγώ"
66,03,10,"RP","AS","σε","σε","σε","σύ"
66,03,10,"V","1FAI-S","τηρήσω","τηρήσω","τηρήσω","τηρέω"
66,03,10,"P",NULL,"ἐκ","ἐκ","ἐκ","ἐκ"
66,03,10,"RA","GSF","τῆς","τῆς","τῆς","ὁ"
66,03,10,"N","GSF","ὥρας","ὥρας","ὥρας","ὥρα"
66,03,10,"RA","GSM","τοῦ","τοῦ","τοῦ","ὁ"
66,03,10,"N","GSM","πειρασμοῦ","πειρασμοῦ","πειρασμοῦ","πειρασμός"
66,03,10,"RA","GSF","τῆς","τῆς","τῆς","ὁ"
66,03,10,"V","PAPGSF","μελλούσης","μελλούσης","μελλούσης","μέλλω"
66,03,10,"V","PMN","ἔρχεσθαι","ἔρχεσθαι","ἔρχεσθαι","ἔρχομαι"
66,03,10,"P",NULL,"ἐπὶ","ἐπὶ","ἐπί","ἐπί"
66,03,10,"RA","GSF","τῆς","τῆς","τῆς","ὁ"
66,03,10,"N","GSF","οἰκουμένης","οἰκουμένης","οἰκουμένης","οἰκουμένη"
66,03,10,"A","GSF","ὅλης,","ὅλης","ὅλης","ὅλος"
66,03,10,"V","AAN","πειράσαι","πειράσαι","πειράσαι","πειράζω"
66,03,10,"RA","APM","τοὺς","τοὺς","τούς","ὁ"
66,03,10,"V","PAPAPM","κατοικοῦντας","κατοικοῦντας","κατοικοῦντας","κατοικέω"
66,03,10,"P",NULL,"ἐπὶ","ἐπὶ","ἐπί","ἐπί"
66,03,10,"RA","GSF","τῆς","τῆς","τῆς","ὁ"
66,03,10,"N","GSF","γῆς.","γῆς","γῆς","γῆ"
66,03,11,"V","1PMI-S","ἔρχομαι","ἔρχομαι","ἔρχομαι","ἔρχομαι"
66,03,11,"D",NULL,"ταχύ·","ταχύ","ταχύ","ταχύ"
66,03,11,"V","2PAD-S","κράτει","κράτει","κράτει","κρατέω"
66,03,11,"RR","ASN","ὃ","ὃ","ὅ","ὅς"
66,03,11,"V","2PAI-S","ἔχεις,","ἔχεις","ἔχεις","ἔχω"
66,03,11,"C",NULL,"ἵνα","ἵνα","ἵνα","ἵνα"
66,03,11,"A","NSM","μηδεὶς","μηδεὶς","μηδείς","μηδείς"
66,03,11,"V","3AAS-S","λάβῃ","λάβῃ","λάβῃ","λαμβάνω"
66,03,11,"RA","ASM","τὸν","τὸν","τόν","ὁ"
66,03,11,"N","ASM","στέφανόν","στέφανόν","στέφανον","στέφανος"
66,03,11,"RP","GS","σου.","σου","σου","σύ"
66,03,12,"RA","NSM","ὁ","ὁ","ὁ","ὁ"
66,03,12,"V","PAPNSM","νικῶν","νικῶν","νικῶν","νικάω"
66,03,12,"V","1FAI-S","ποιήσω","ποιήσω","ποιήσω","ποιέω"
66,03,12,"RP","ASM","αὐτὸν","αὐτὸν","αὐτόν","αὐτός"
66,03,12,"N","ASM","στῦλον","στῦλον","στῦλον","στῦλος"
66,03,12,"P",NULL,"ἐν","ἐν","ἐν","ἐν"
66,03,12,"RA","DSM","τῷ","τῷ","τῷ","ὁ"
66,03,12,"N","DSM","ναῷ","ναῷ","ναῷ","ναός"
66,03,12,"RA","GSM","τοῦ","τοῦ","τοῦ","ὁ"
66,03,12,"N","GSM","θεοῦ","θεοῦ","θεοῦ","θεός"
66,03,12,"RP","GS","μου,","μου","μου","ἐγώ"
66,03,12,"C",NULL,"καὶ","καὶ","καί","καί"
66,03,12,"D",NULL,"ἔξω","ἔξω","ἔξω","ἔξω"
66,03,12,"D",NULL,"οὐ","οὐ","οὐ","οὐ"
66,03,12,"D",NULL,"μὴ","μὴ","μή","μή"
66,03,12,"V","3AAS-S","ἐξέλθῃ","ἐξέλθῃ","ἐξέλθῃ","ἐξέρχομαι"
66,03,12,"D",NULL,"ἔτι,","ἔτι","ἔτι","ἔτι"
66,03,12,"C",NULL,"καὶ","καὶ","καί","καί"
66,03,12,"V","1FAI-S","γράψω","γράψω","γράψω","γράφω"
66,03,12,"P",NULL,"ἐπ’","ἐπ’","ἐπί","ἐπί"
66,03,12,"RP","ASM","αὐτὸν","αὐτὸν","αὐτόν","αὐτός"
66,03,12,"RA","ASN","τὸ","τὸ","τό","ὁ"
66,03,12,"N","ASN","ὄνομα","ὄνομα","ὄνομα","ὄνομα"
66,03,12,"RA","GSM","τοῦ","τοῦ","τοῦ","ὁ"
66,03,12,"N","GSM","θεοῦ","θεοῦ","θεοῦ","θεός"
66,03,12,"RP","GS","μου","μου","μου","ἐγώ"
66,03,12,"C",NULL,"καὶ","καὶ","καί","καί"
66,03,12,"RA","ASN","τὸ","τὸ","τό","ὁ"
66,03,12,"N","ASN","ὄνομα","ὄνομα","ὄνομα","ὄνομα"
66,03,12,"RA","GSF","τῆς","τῆς","τῆς","ὁ"
66,03,12,"N","GSF","πόλεως","πόλεως","πόλεως","πόλις"
66,03,12,"RA","GSM","τοῦ","τοῦ","τοῦ","ὁ"
66,03,12,"N","GSM","θεοῦ","θεοῦ","θεοῦ","θεός"
66,03,12,"RP","GS","μου,","μου","μου","ἐγώ"
66,03,12,"RA","GSF","τῆς","τῆς","τῆς","ὁ"
66,03,12,"A","GSF","καινῆς","καινῆς","καινῆς","καινός"
66,03,12,"N","GSF","Ἰερουσαλήμ,","Ἰερουσαλήμ","Ἰερουσαλήμ","Ἰερουσαλήμ"
66,03,12,"RA","NSF","ἡ","ἡ","ἡ","ὁ"
66,03,12,"V","PAPNSF","⸀καταβαίνουσα","καταβαίνουσα","καταβαίνουσα","καταβαίνω"
66,03,12,"P",NULL,"ἐκ","ἐκ","ἐκ","ἐκ"
66,03,12,"RA","GSM","τοῦ","τοῦ","τοῦ","ὁ"
66,03,12,"N","GSM","οὐρανοῦ","οὐρανοῦ","οὐρανοῦ","οὐρανός"
66,03,12,"P",NULL,"ἀπὸ","ἀπὸ","ἀπό","ἀπό"
66,03,12,"RA","GSM","τοῦ","τοῦ","τοῦ","ὁ"
66,03,12,"N","GSM","θεοῦ","θεοῦ","θεοῦ","θεός"
66,03,12,"RP","GS","μου,","μου","μου","ἐγώ"
66,03,12,"C",NULL,"καὶ","καὶ","καί","καί"
66,03,12,"RA","ASN","τὸ","τὸ","τό","ὁ"
66,03,12,"N","ASN","ὄνομά","ὄνομά","ὄνομα","ὄνομα"
66,03,12,"RP","GS","μου","μου","μου","ἐγώ"
66,03,12,"RA","ASN","τὸ","τὸ","τό","ὁ"
66,03,12,"A","ASN","καινόν.","καινόν","καινόν","καινός"
66,03,13,"RA","NSM","ὁ","ὁ","ὁ","ὁ"
66,03,13,"V","PAPNSM","ἔχων","ἔχων","ἔχων","ἔχω"
66,03,13,"N","ASN","οὖς","οὖς","οὖς","οὖς"
66,03,13,"V","3AAD-S","ἀκουσάτω","ἀκουσάτω","ἀκουσάτω","ἀκούω"
66,03,13,"RI","ASN","τί","τί","τί","τίς"
66,03,13,"RA","NSN","τὸ","τὸ","τό","ὁ"
66,03,13,"N","NSN","πνεῦμα","πνεῦμα","πνεῦμα","πνεῦμα"
66,03,13,"V","3PAI-S","λέγει","λέγει","λέγει","λέγω"
66,03,13,"RA","DPF","ταῖς","ταῖς","ταῖς","ὁ"
66,03,13,"N","DPF","ἐκκλησίαις.","ἐκκλησίαις","ἐκκλησίαις","ἐκκλησία"
66,03,14,"C",NULL,"Καὶ","Καὶ","καί","καί"
66,03,14,"RA","DSM","τῷ","τῷ","τῷ","ὁ"
66,03,14,"N","DSM","ἀγγέλῳ","ἀγγέλῳ","ἀγγέλῳ","ἄγγελος"
66,03,14,"RA","GSF","τῆς","τῆς","τῆς","ὁ"
66,03,14,"P",NULL,"ἐν","ἐν","ἐν","ἐν"
66,03,14,"N","DSF","Λαοδικείᾳ","Λαοδικείᾳ","Λαοδικείᾳ","Λαοδίκεια"
66,03,14,"N","GSF","ἐκκλησίας","ἐκκλησίας","ἐκκλησίας","ἐκκλησία"
66,03,14,"V","2AAD-S","γράψον·","γράψον","γράψον","γράφω"
66,03,14,"RD","APN","Τάδε","Τάδε","τάδε","ὅδε"
66,03,14,"V","3PAI-S","λέγει","λέγει","λέγει","λέγω"
66,03,14,"RA","NSM","ὁ","ὁ","ὁ","ὁ"
66,03,14,"X",NULL,"Ἀμήν,","Ἀμήν","ἀμήν","ἀμήν"
66,03,14,"RA","NSM","ὁ","ὁ","ὁ","ὁ"
66,03,14,"N","NSM","μάρτυς","μάρτυς","μάρτυς","μάρτυς"
66,03,14,"RA","NSM","ὁ","ὁ","ὁ","ὁ"
66,03,14,"A","NSM","πιστὸς","πιστὸς","πιστός","πιστός"
66,03,14,"C",NULL,"⸀καὶ","καὶ","καί","καί"
66,03,14,"A","NSM","ἀληθινός,","ἀληθινός","ἀληθινός","ἀληθινός"
66,03,14,"RA","NSF","ἡ","ἡ","ἡ","ὁ"
66,03,14,"N","NSF","ἀρχὴ","ἀρχὴ","ἀρχή","ἀρχή"
66,03,14,"RA","GSF","τῆς","τῆς","τῆς","ὁ"
66,03,14,"N","GSF","κτίσεως","κτίσεως","κτίσεως","κτίσις"
66,03,14,"RA","GSM","τοῦ","τοῦ","τοῦ","ὁ"
66,03,14,"N","GSM","θεοῦ·","θεοῦ","θεοῦ","θεός"
66,03,15,"V","1XAI-S","Οἶδά","Οἶδά","οἶδα","οἶδα"
66,03,15,"RP","GS","σου","σου","σου","σύ"
66,03,15,"RA","APN","τὰ","τὰ","τά","ὁ"
66,03,15,"N","APN","ἔργα,","ἔργα","ἔργα","ἔργον"
66,03,15,"D",NULL,"ὅτι","ὅτι","ὅτι","ὅτι"
66,03,15,"C",NULL,"οὔτε","οὔτε","οὔτε","οὔτε"
66,03,15,"A","NSM","ψυχρὸς","ψυχρὸς","ψυχρός","ψυχρός"
66,03,15,"V","2PAI-S","εἶ","εἶ","εἶ","εἰμί"
66,03,15,"C",NULL,"οὔτε","οὔτε","οὔτε","οὔτε"
66,03,15,"A","NSM","ζεστός.","ζεστός","ζεστός","ζεστός"
66,03,15,"X",NULL,"ὄφελον","ὄφελον","ὄφελον","ὄφελον"
66,03,15,"A","NSM","ψυχρὸς","ψυχρὸς","ψυχρός","ψυχρός"
66,03,15,"V","2IAI-S","ἦς","ἦς","ἦς","εἰμί"
66,03,15,"C",NULL,"ἢ","ἢ","ἤ","ἤ"
66,03,15,"A","NSM","ζεστός.","ζεστός","ζεστός","ζεστός"
66,03,16,"D",NULL,"οὕτως,","οὕτως","οὕτω(ς)","οὕτω(ς)"
66,03,16,"C",NULL,"ὅτι","ὅτι","ὅτι","ὅτι"
66,03,16,"A","NSM","χλιαρὸς","χλιαρὸς","χλιαρός","χλιαρός"
66,03,16,"V","2PAI-S","εἶ","εἶ","εἶ","εἰμί"
66,03,16,"C",NULL,"καὶ","καὶ","καί","καί"
66,03,16,"C",NULL,"⸀οὔτε","οὔτε","οὔτε","οὔτε"
66,03,16,"A","NSM","ζεστὸς","ζεστὸς","ζεστός","ζεστός"
66,03,16,"C",NULL,"οὔτε","οὔτε","οὔτε","οὔτε"
66,03,16,"A","NSM","ψυχρός,","ψυχρός","ψυχρός","ψυχρός"
66,03,16,"V","1PAI-S","μέλλω","μέλλω","μέλλω","μέλλω"
66,03,16,"RP","AS","σε","σε","σε","σύ"
66,03,16,"V","AAN","ἐμέσαι","ἐμέσαι","ἐμέσαι","ἐμέω"
66,03,16,"P",NULL,"ἐκ","ἐκ","ἐκ","ἐκ"
66,03,16,"RA","GSN","τοῦ","τοῦ","τοῦ","ὁ"
66,03,16,"N","GSN","στόματός","στόματός","στόματος","στόμα"
66,03,16,"RP","GS","μου.","μου","μου","ἐγώ"
66,03,17,"C",NULL,"ὅτι","ὅτι","ὅτι","ὅτι"
66,03,17,"V","2PAI-S","λέγεις","λέγεις","λέγεις","λέγω"
66,03,17,"C",NULL,"⸀ὅτι","ὅτι","ὅτι","ὅτι"
66,03,17,"A","NSM","Πλούσιός","Πλούσιός","πλούσιος","πλούσιος"
66,03,17,"V","1PAI-S","εἰμι","εἰμι","εἰμί","εἰμί"
66,03,17,"C",NULL,"καὶ","καὶ","καί","καί"
66,03,17,"V","1XAI-S","πεπλούτηκα","πεπλούτηκα","πεπλούτηκα","πλουτέω"
66,03,17,"C",NULL,"καὶ","καὶ","καί","καί"
66,03,17,"A","ASN","⸀οὐδὲν","οὐδὲν","οὐδέν","οὐδείς"
66,03,17,"N","ASF","χρείαν","χρείαν","χρείαν","χρεία"
66,03,17,"V","1PAI-S","ἔχω,","ἔχω","ἔχω","ἔχω"
66,03,17,"C",NULL,"καὶ","καὶ","καί","καί"
66,03,17,"D",NULL,"οὐκ","οὐκ","οὐ","οὐ"
66,03,17,"V","2XAI-S","οἶδας","οἶδας","οἶδας","οἶδα"
66,03,17,"C",NULL,"ὅτι","ὅτι","ὅτι","ὅτι"
66,03,17,"RP","NS","σὺ","σὺ","σύ","σύ"
66,03,17,"V","2PAI-S","εἶ","εἶ","εἶ","εἰμί"
66,03,17,"RA","NSM","ὁ","ὁ","ὁ","ὁ"
66,03,17,"A","NSM","ταλαίπωρος","ταλαίπωρος","ταλαίπωρος","ταλαίπωρος"
66,03,17,"C",NULL,"⸀καὶ","καὶ","καί","καί"
66,03,17,"A","NSM","ἐλεεινὸς","ἐλεεινὸς","ἐλεεινός","ἐλεεινός"
66,03,17,"C",NULL,"καὶ","καὶ","καί","καί"
66,03,17,"A","NSM","πτωχὸς","πτωχὸς","πτωχός","πτωχός"
66,03,17,"C",NULL,"καὶ","καὶ","καί","καί"
66,03,17,"A","NSM","τυφλὸς","τυφλὸς","τυφλός","τυφλός"
66,03,17,"C",NULL,"καὶ","καὶ","καί","καί"
66,03,17,"A","NSM","γυμνός,","γυμνός","γυμνός","γυμνός"
66,03,18,"V","1PAI-S","συμβουλεύω","συμβουλεύω","συμβουλεύω","συμβουλεύω"
66,03,18,"RP","DS","σοι","σοι","σοι","σύ"
66,03,18,"V","AAN","ἀγοράσαι","ἀγοράσαι","ἀγοράσαι","ἀγοράζω"
66,03,18,"P",NULL,"⸂παρ’","παρ’","παρά","παρά"
66,03,18,"RP","GS","ἐμοῦ","ἐμοῦ","ἐμοῦ","ἐγώ"
66,03,18,"N","ASN","χρυσίον⸃","χρυσίον","χρυσίον","χρυσίον"
66,03,18,"V","XPPASN","πεπυρωμένον","πεπυρωμένον","πεπυρωμένον","πυρόομαι"
66,03,18,"P",NULL,"ἐκ","ἐκ","ἐκ","ἐκ"
66,03,18,"N","GSN","πυρὸς","πυρὸς","πυρός","πῦρ"
66,03,18,"C",NULL,"ἵνα","ἵνα","ἵνα","ἵνα"
66,03,18,"V","2AAS-S","πλουτήσῃς,","πλουτήσῃς","πλουτήσῃς","πλουτέω"
66,03,18,"C",NULL,"καὶ","καὶ","καί","καί"
66,03,18,"N","APN","ἱμάτια","ἱμάτια","ἱμάτια","ἱμάτιον"
66,03,18,"A","APN","λευκὰ","λευκὰ","λευκά","λευκός"
66,03,18,"C",NULL,"ἵνα","ἵνα","ἵνα","ἵνα"
66,03,18,"V","2AMS-S","περιβάλῃ","περιβάλῃ","περιβάλῃ","περιβάλλω"
66,03,18,"C",NULL,"καὶ","καὶ","καί","καί"
66,03,18,"D",NULL,"μὴ","μὴ","μή","μή"
66,03,18,"V","3APS-S","φανερωθῇ","φανερωθῇ","φανερωθῇ","φανερόω"
66,03,18,"RA","NSF","ἡ","ἡ","ἡ","ὁ"
66,03,18,"N","NSF","αἰσχύνη","αἰσχύνη","αἰσχύνη","αἰσχύνη"
66,03,18,"RA","GSF","τῆς","τῆς","τῆς","ὁ"
66,03,18,"N","GSF","γυμνότητός","γυμνότητός","γυμνότητος","γυμνότης"
66,03,18,"RP","GS","σου,","σου","σου","σύ"
66,03,18,"C",NULL,"καὶ","καὶ","καί","καί"
66,03,18,"N","ASN","κολλούριον","κολλούριον","κολλούριον","κολλούριον"
66,03,18,"V","AAN","⸀ἐγχρῖσαι","ἐγχρῖσαι","ἐγχρῖσαι","ἐγχρίω"
66,03,18,"RA","APM","τοὺς","τοὺς","τούς","ὁ"
66,03,18,"N","APM","ὀφθαλμούς","ὀφθαλμούς","ὀφθαλμούς","ὀφθαλμός"
66,03,18,"RP","GS","σου","σου","σου","σύ"
66,03,18,"C",NULL,"ἵνα","ἵνα","ἵνα","ἵνα"
66,03,18,"V","2PAS-S","βλέπῃς.","βλέπῃς","βλέπῃς","βλέπω"
66,03,19,"RP","NS","ἐγὼ","ἐγὼ","ἐγώ","ἐγώ"
66,03,19,"RR","APM","ὅσους","ὅσους","ὅσους","ὅσος"
66,03,19,"X",NULL,"ἐὰν","ἐὰν","ἐάν","ἐάν"
66,03,19,"V","1PAS-S","φιλῶ","φιλῶ","φιλῶ","φιλέω"
66,03,19,"V","1PAI-S","ἐλέγχω","ἐλέγχω","ἐλέγχω","ἐλέγχω"
66,03,19,"C",NULL,"καὶ","καὶ","καί","καί"
66,03,19,"V","1PAI-S","παιδεύω·","παιδεύω","παιδεύω","παιδεύω"
66,03,19,"V","2PAD-S","⸀ζήλευε","ζήλευε","ζήλευε","ζηλεύω"
66,03,19,"C",NULL,"οὖν","οὖν","οὖν","οὖν"
66,03,19,"C",NULL,"καὶ","καὶ","καί","καί"
66,03,19,"V","2AAD-S","μετανόησον.","μετανόησον","μετανόησον","μετανοέω"
66,03,20,"X",NULL,"ἰδοὺ","ἰδοὺ","ἰδού","ἰδού"
66,03,20,"V","1XAI-S","ἕστηκα","ἕστηκα","ἕστηκα","ἵστημι"
66,03,20,"P",NULL,"ἐπὶ","ἐπὶ","ἐπί","ἐπί"
66,03,20,"RA","ASF","τὴν","τὴν","τήν","ὁ"
66,03,20,"N","ASF","θύραν","θύραν","θύραν","θύρα"
66,03,20,"C",NULL,"καὶ","καὶ","καί","καί"
66,03,20,"V","1PAI-S","κρούω·","κρούω","κρούω","κρούω"
66,03,20,"C",NULL,"ἐάν","ἐάν","ἐάν","ἐάν"
66,03,20,"RI","NSM","τις","τις","τὶς","τις"
66,03,20,"V","3AAS-S","ἀκούσῃ","ἀκούσῃ","ἀκούσῃ","ἀκούω"
66,03,20,"RA","GSF","τῆς","τῆς","τῆς","ὁ"
66,03,20,"N","GSF","φωνῆς","φωνῆς","φωνῆς","φωνή"
66,03,20,"RP","GS","μου","μου","μου","ἐγώ"
66,03,20,"C",NULL,"καὶ","καὶ","καί","καί"
66,03,20,"V","3AAS-S","ἀνοίξῃ","ἀνοίξῃ","ἀνοίξῃ","ἀνοίγω"
66,03,20,"RA","ASF","τὴν","τὴν","τήν","ὁ"
66,03,20,"N","ASF","θύραν,","θύραν","θύραν","θύρα"
66,03,20,"D",NULL,"⸀καὶ","καὶ","καί","καί"
66,03,20,"V","1FMI-S","εἰσελεύσομαι","εἰσελεύσομαι","εἰσελεύσομαι","εἰσέρχομαι"
66,03,20,"P",NULL,"πρὸς","πρὸς","πρός","πρός"
66,03,20,"RP","ASM","αὐτὸν","αὐτὸν","αὐτόν","αὐτός"
66,03,20,"C",NULL,"καὶ","καὶ","καί","καί"
66,03,20,"V","1FAI-S","δειπνήσω","δειπνήσω","δειπνήσω","δειπνέω"
66,03,20,"P",NULL,"μετ’","μετ’","μετά","μετά"
66,03,20,"RP","GSM","αὐτοῦ","αὐτοῦ","αὐτοῦ","αὐτός"
66,03,20,"C",NULL,"καὶ","καὶ","καί","καί"
66,03,20,"RP","NSM","αὐτὸς","αὐτὸς","αὐτός","αὐτός"
66,03,20,"P",NULL,"μετ’","μετ’","μετά","μετά"
66,03,20,"RP","GS","ἐμοῦ.","ἐμοῦ","ἐμοῦ","ἐγώ"
66,03,21,"RA","NSM","ὁ","ὁ","ὁ","ὁ"
66,03,21,"V","PAPNSM","νικῶν","νικῶν","νικῶν","νικάω"
66,03,21,"V","1FAI-S","δώσω","δώσω","δώσω","δίδωμι"
66,03,21,"RP","DSM","αὐτῷ","αὐτῷ","αὐτῷ","αὐτός"
66,03,21,"V","AAN","καθίσαι","καθίσαι","καθίσαι","καθίζω"
66,03,21,"P",NULL,"μετ’","μετ’","μετά","μετά"
66,03,21,"RP","GS","ἐμοῦ","ἐμοῦ","ἐμοῦ","ἐγώ"
66,03,21,"P",NULL,"ἐν","ἐν","ἐν","ἐν"
66,03,21,"RA","DSM","τῷ","τῷ","τῷ","ὁ"
66,03,21,"N","DSM","θρόνῳ","θρόνῳ","θρόνῳ","θρόνος"
66,03,21,"RP","GS","μου,","μου","μου","ἐγώ"
66,03,21,"C",NULL,"ὡς","ὡς","ὡς","ὡς"
66,03,21,"RP","NS","κἀγὼ","κἀγὼ","κἀγώ","κἀγώ"
66,03,21,"V","1AAI-S","ἐνίκησα","ἐνίκησα","ἐνίκησα","νικάω"
66,03,21,"C",NULL,"καὶ","καὶ","καί","καί"
66,03,21,"V","1AAI-S","ἐκάθισα","ἐκάθισα","ἐκάθισα","καθίζω"
66,03,21,"P",NULL,"μετὰ","μετὰ","μετά","μετά"
66,03,21,"RA","GSM","τοῦ","τοῦ","τοῦ","ὁ"
66,03,21,"N","GSM","πατρός","πατρός","πατρός","πατήρ"
66,03,21,"RP","GS","μου","μου","μου","ἐγώ"
66,03,21,"P",NULL,"ἐν","ἐν","ἐν","ἐν"
66,03,21,"RA","DSM","τῷ","τῷ","τῷ","ὁ"
66,03,21,"N","DSM","θρόνῳ","θρόνῳ","θρόνῳ","θρόνος"
66,03,21,"RP","GSM","αὐτοῦ.","αὐτοῦ","αὐτοῦ","αὐτός"
66,03,22,"RA","NSM","ὁ","ὁ","ὁ","ὁ"
66,03,22,"V","PAPNSM","ἔχων","ἔχων","ἔχων","ἔχω"
66,03,22,"N","ASN","οὖς","οὖς","οὖς","οὖς"
66,03,22,"V","3AAD-S","ἀκουσάτω","ἀκουσάτω","ἀκουσάτω","ἀκούω"
66,03,22,"RI","ASN","τί","τί","τί","τίς"
66,03,22,"RA","NSN","τὸ","τὸ","τό","ὁ"
66,03,22,"N","NSN","πνεῦμα","πνεῦμα","πνεῦμα","πνεῦμα"
66,03,22,"V","3PAI-S","λέγει","λέγει","λέγει","λέγω"
66,03,22,"RA","DPF","ταῖς","ταῖς","ταῖς","ὁ"
66,03,22,"N","DPF","ἐκκλησίαις.","ἐκκλησίαις","ἐκκλησίαις","ἐκκλησία"
66,04,01,"P",NULL,"Μετὰ","Μετὰ","μετά","μετά"
66,04,01,"RD","APN","ταῦτα","ταῦτα","ταῦτα","οὗτος"
66,04,01,"V","1AAI-S","εἶδον,","εἶδον","εἶδον","ὁράω"
66,04,01,"C",NULL,"καὶ","καὶ","καί","καί"
66,04,01,"X",NULL,"ἰδοὺ","ἰδοὺ","ἰδού","ἰδού"
66,04,01,"N","NSF","θύρα","θύρα","θύρα","θύρα"
66,04,01,"V","XPPNSF","ἠνεῳγμένη","ἠνεῳγμένη","ἠνεῳγμένη","ἀνοίγω"
66,04,01,"P",NULL,"ἐν","ἐν","ἐν","ἐν"
66,04,01,"RA","DSM","τῷ","τῷ","τῷ","ὁ"
66,04,01,"N","DSM","οὐρανῷ,","οὐρανῷ","οὐρανῷ","οὐρανός"
66,04,01,"C",NULL,"καὶ","καὶ","καί","καί"
66,04,01,"RA","NSF","ἡ","ἡ","ἡ","ὁ"
66,04,01,"N","NSF","φωνὴ","φωνὴ","φωνή","φωνή"
66,04,01,"RA","NSF","ἡ","ἡ","ἡ","ὁ"
66,04,01,"A","NSF","πρώτη","πρώτη","πρώτη","πρῶτος"
66,04,01,"RR","ASF","ἣν","ἣν","ἥν","ὅς"
66,04,01,"V","1AAI-S","ἤκουσα","ἤκουσα","ἤκουσα","ἀκούω"
66,04,01,"C",NULL,"ὡς","ὡς","ὡς","ὡς"
66,04,01,"N","GSF","σάλπιγγος","σάλπιγγος","σάλπιγγος","σάλπιγξ"
66,04,01,"V","PAPGSF","λαλούσης","λαλούσης","λαλούσης","λαλέω"
66,04,01,"P",NULL,"μετ’","μετ’","μετά","μετά"
66,04,01,"RP","GS","ἐμοῦ,","ἐμοῦ","ἐμοῦ","ἐγώ"
66,04,01,"V","PAPNSM","λέγων·","λέγων","λέγων","λέγω"
66,04,01,"V","2AAD-S","Ἀνάβα","Ἀνάβα","ἀνάβα","ἀναβαίνω"
66,04,01,"D",NULL,"ὧδε,","ὧδε","ὧδε","ὧδε"
66,04,01,"C",NULL,"καὶ","καὶ","καί","καί"
66,04,01,"V","1FAI-S","δείξω","δείξω","δείξω","δείκνυμι"
66,04,01,"RP","DS","σοι","σοι","σοι","σύ"
66,04,01,"RR","APN","ἃ","ἃ","ἅ","ὅς"
66,04,01,"V","3PAI-S","δεῖ","δεῖ","δεῖ","δέω"
66,04,01,"V","AMN","γενέσθαι.","γενέσθαι","γενέσθαι","γίνομαι"
66,04,01,"P",NULL,"μετὰ","μετὰ","μετά","μετά"
66,04,01,"RD","APN","ταῦτα","ταῦτα","ταῦτα","οὗτος"
66,04,02,"D",NULL,"⸀εὐθέως","εὐθέως","εὐθέως","εὐθέως"
66,04,02,"V","1AMI-S","ἐγενόμην","ἐγενόμην","ἐγενόμην","γίνομαι"
66,04,02,"P",NULL,"ἐν","ἐν","ἐν","ἐν"
66,04,02,"N","DSN","πνεύματι·","πνεύματι","πνεύματι","πνεῦμα"
66,04,02,"C",NULL,"καὶ","καὶ","καί","καί"
66,04,02,"X",NULL,"ἰδοὺ","ἰδοὺ","ἰδού","ἰδού"
66,04,02,"N","NSM","θρόνος","θρόνος","θρόνος","θρόνος"
66,04,02,"V","3IMI-S","ἔκειτο","ἔκειτο","ἔκειτο","κεῖμαι"
66,04,02,"P",NULL,"ἐν","ἐν","ἐν","ἐν"
66,04,02,"RA","DSM","τῷ","τῷ","τῷ","ὁ"
66,04,02,"N","DSM","οὐρανῷ,","οὐρανῷ","οὐρανῷ","οὐρανός"
66,04,02,"C",NULL,"καὶ","καὶ","καί","καί"
66,04,02,"P",NULL,"ἐπὶ","ἐπὶ","ἐπί","ἐπί"
66,04,02,"RA","ASM","τὸν","τὸν","τόν","ὁ"
66,04,02,"N","ASM","θρόνον","θρόνον","θρόνον","θρόνος"
66,04,02,"V","PMPNSM","καθήμενος,","καθήμενος","καθήμενος","κάθημαι"
66,04,03,"C",NULL,"⸂καὶ","καὶ","καί","καί"
66,04,03,"RA","NSM","ὁ","ὁ","ὁ","ὁ"
66,04,03,"V","PMPNSM","καθήμενος⸃","καθήμενος","καθήμενος","κάθημαι"
66,04,03,"A","NSM","ὅμοιος","ὅμοιος","ὅμοιος","ὅμοιος"
66,04,03,"N","DSF","ὁράσει","ὁράσει","ὁράσει","ὅρασις"
66,04,03,"N","DSM","λίθῳ","λίθῳ","λίθῳ","λίθος"
66,04,03,"N","DSF","ἰάσπιδι","ἰάσπιδι","ἰάσπιδι","ἴασπις"
66,04,03,"C",NULL,"καὶ","καὶ","καί","καί"
66,04,03,"N","DSN","σαρδίῳ,","σαρδίῳ","σαρδίῳ","σάρδιον"
66,04,03,"C",NULL,"καὶ","καὶ","καί","καί"
66,04,03,"N","NSF","ἶρις","ἶρις","ἶρις","ἶρις"
66,04,03,"P",NULL,"κυκλόθεν","κυκλόθεν","κυκλόθεν","κυκλόθεν"
66,04,03,"RA","GSM","τοῦ","τοῦ","τοῦ","ὁ"
66,04,03,"N","GSM","θρόνου","θρόνου","θρόνου","θρόνος"
66,04,03,"A","NSM","⸂ὅμοιος","ὅμοιος","ὅμοιος","ὅμοιος"
66,04,03,"N","DSF","ὁράσει","ὁράσει","ὁράσει","ὅρασις"
66,04,03,"A","DSM","σμαραγδίνῳ⸃.","σμαραγδίνῳ","σμαραγδίνῳ","σμαράγδινος"
66,04,04,"C",NULL,"καὶ","καὶ","καί","καί"
66,04,04,"P",NULL,"κυκλόθεν","κυκλόθεν","κυκλόθεν","κυκλόθεν"
66,04,04,"RA","GSM","τοῦ","τοῦ","τοῦ","ὁ"
66,04,04,"N","GSM","θρόνου","θρόνου","θρόνου","θρόνος"
66,04,04,"N","NPM","⸀θρόνοι","θρόνοι","θρόνοι","θρόνος"
66,04,04,"A","APM","εἴκοσι","εἴκοσι","εἴκοσι(ν)","εἴκοσι(ν)"
66,04,04,"A","NPM","τέσσαρες,","τέσσαρες","τέσσαρες","τέσσαρες"
66,04,04,"C",NULL,"καὶ","καὶ","καί","καί"
66,04,04,"P",NULL,"ἐπὶ","ἐπὶ","ἐπί","ἐπί"
66,04,04,"RA","APM","τοὺς","τοὺς","τούς","ὁ"
66,04,04,"N","APM","⸀θρόνους","θρόνους","θρόνους","θρόνος"
66,04,04,"A","APM","εἴκοσι","εἴκοσι","εἴκοσι(ν)","εἴκοσι(ν)"
66,04,04,"A","APM","τέσσαρας","τέσσαρας","τέσσαρας","τέσσαρες"
66,04,04,"A","APM","πρεσβυτέρους","πρεσβυτέρους","πρεσβυτέρους","πρεσβύτερος"
66,04,04,"V","PMPAPM","καθημένους","καθημένους","καθημένους","κάθημαι"
66,04,04,"V","XMPAPM","περιβεβλημένους","περιβεβλημένους","περιβεβλημένους","περιβάλλω"
66,04,04,"P",NULL,"⸀ἐν","ἐν","ἐν","ἐν"
66,04,04,"N","DPN","ἱματίοις","ἱματίοις","ἱματίοις","ἱμάτιον"
66,04,04,"A","DPN","λευκοῖς,","λευκοῖς","λευκοῖς","λευκός"
66,04,04,"C",NULL,"καὶ","καὶ","καί","καί"
66,04,04,"P",NULL,"ἐπὶ","ἐπὶ","ἐπί","ἐπί"
66,04,04,"RA","APF","τὰς","τὰς","τάς","ὁ"
66,04,04,"N","APF","κεφαλὰς","κεφαλὰς","κεφαλάς","κεφαλή"
66,04,04,"RP","GPM","αὐτῶν","αὐτῶν","αὐτῶν","αὐτός"
66,04,04,"N","APM","στεφάνους","στεφάνους","στεφάνους","στέφανος"
66,04,04,"A","APM","χρυσοῦς.","χρυσοῦς","χρυσοῦς","χρυσοῦς"
66,04,05,"C",NULL,"καὶ","καὶ","καί","καί"
66,04,05,"P",NULL,"ἐκ","ἐκ","ἐκ","ἐκ"
66,04,05,"RA","GSM","τοῦ","τοῦ","τοῦ","ὁ"
66,04,05,"N","GSM","θρόνου","θρόνου","θρόνου","θρόνος"
66,04,05,"V","3PMI-P","ἐκπορεύονται","ἐκπορεύονται","ἐκπορεύονται","ἐκπορεύομαι"
66,04,05,"N","NPF","ἀστραπαὶ","ἀστραπαὶ","ἀστραπαί","ἀστραπή"
66,04,05,"C",NULL,"καὶ","καὶ","καί","καί"
66,04,05,"N","NPF","φωναὶ","φωναὶ","φωναί","φωνή"
66,04,05,"C",NULL,"καὶ","καὶ","καί","καί"
66,04,05,"N","NPF","βρονταί·","βρονταί","βρονταί","βροντή"
66,04,05,"C",NULL,"καὶ","καὶ","καί","καί"
66,04,05,"A","NPF","ἑπτὰ","ἑπτὰ","ἑπτά","ἑπτά"
66,04,05,"N","NPF","λαμπάδες","λαμπάδες","λαμπάδες","λαμπάς"
66,04,05,"N","GSN","πυρὸς","πυρὸς","πυρός","πῦρ"
66,04,05,"V","PPPNPF","καιόμεναι","καιόμεναι","καιόμεναι","καίω"
66,04,05,"P",NULL,"ἐνώπιον","ἐνώπιον","ἐνώπιον","ἐνώπιον"
66,04,05,"RA","GSM","τοῦ","τοῦ","τοῦ","ὁ"
66,04,05,"N","GSM","θρόνου,","θρόνου","θρόνου","θρόνος"
66,04,05,"RR","NPN","⸀ἅ","ἅ","ἅ","ὅς"
66,04,05,"V","3PAI-P","εἰσιν","εἰσιν","εἰσί(ν)","εἰμί"
66,04,05,"RA","NPN","⸀τὰ","τὰ","τά","ὁ"
66,04,05,"A","NPN","ἑπτὰ","ἑπτὰ","ἑπτά","ἑπτά"
66,04,05,"N","NPN","πνεύματα","πνεύματα","πνεύματα","πνεῦμα"
66,04,05,"RA","GSM","τοῦ","τοῦ","τοῦ","ὁ"
66,04,05,"N","GSM","θεοῦ,","θεοῦ","θεοῦ","θεός"
66,04,06,"C",NULL,"καὶ","καὶ","καί","καί"
66,04,06,"P",NULL,"ἐνώπιον","ἐνώπιον","ἐνώπιον","ἐνώπιον"
66,04,06,"RA","GSM","τοῦ","τοῦ","τοῦ","ὁ"
66,04,06,"N","GSM","θρόνου","θρόνου","θρόνου","θρόνος"
66,04,06,"C",NULL,"ὡς","ὡς","ὡς","ὡς"
66,04,06,"N","NSF","θάλασσα","θάλασσα","θάλασσα","θάλασσα"
66,04,06,"A","NSF","ὑαλίνη","ὑαλίνη","ὑαλίνη","ὑάλινος"
66,04,06,"A","NSF","ὁμοία","ὁμοία","ὁμοία","ὅμοιος"
66,04,06,"N","DSM","κρυστάλλῳ.","κρυστάλλῳ","κρυστάλλῳ","κρύσταλλος"
66,04,06,"C",NULL,"Καὶ","Καὶ","καί","καί"
66,04,06,"P",NULL,"ἐν","ἐν","ἐν","ἐν"
66,04,06,"A","DSN","μέσῳ","μέσῳ","μέσῳ","μέσος"
66,04,06,"RA","GSM","τοῦ","τοῦ","τοῦ","ὁ"
66,04,06,"N","GSM","θρόνου","θρόνου","θρόνου","θρόνος"
66,04,06,"C",NULL,"καὶ","καὶ","καί","καί"
66,04,06,"P",NULL,"κύκλῳ","κύκλῳ","κύκλῳ","κύκλῳ"
66,04,06,"RA","GSM","τοῦ","τοῦ","τοῦ","ὁ"
66,04,06,"N","GSM","θρόνου","θρόνου","θρόνου","θρόνος"
66,04,06,"A","NPN","τέσσαρα","τέσσαρα","τέσσαρα","τέσσαρες"
66,04,06,"N","NPN","ζῷα","ζῷα","ζῷα","ζῷον"
66,04,06,"V","PAPNPN","γέμοντα","γέμοντα","γέμοντα","γέμω"
66,04,06,"N","GPM","ὀφθαλμῶν","ὀφθαλμῶν","ὀφθαλμῶν","ὀφθαλμός"
66,04,06,"D",NULL,"ἔμπροσθεν","ἔμπροσθεν","ἔμπροσθεν","ἔμπροσθεν"
66,04,06,"C",NULL,"καὶ","καὶ","καί","καί"
66,04,06,"D",NULL,"ὄπισθεν·","ὄπισθεν","ὄπισθεν","ὄπισθεν"
66,04,07,"C",NULL,"καὶ","καὶ","καί","καί"
66,04,07,"RA","NSN","τὸ","τὸ","τό","ὁ"
66,04,07,"N","NSN","ζῷον","ζῷον","ζῷον","ζῷον"
66,04,07,"RA","NSN","τὸ","τὸ","τό","ὁ"
66,04,07,"A","NSN","πρῶτον","πρῶτον","πρῶτον","πρῶτος"
66,04,07,"A","NSN","ὅμοιον","ὅμοιον","ὅμοιον","ὅμοιος"
66,04,07,"N","DSM","λέοντι,","λέοντι","λέοντι","λέων"
66,04,07,"C",NULL,"καὶ","καὶ","καί","καί"
66,04,07,"RA","NSN","τὸ","τὸ","τό","ὁ"
66,04,07,"A","NSN","δεύτερον","δεύτερον","δεύτερον","δεύτερος"
66,04,07,"N","NSN","ζῷον","ζῷον","ζῷον","ζῷον"
66,04,07,"A","NSN","ὅμοιον","ὅμοιον","ὅμοιον","ὅμοιος"
66,04,07,"N","DSM","μόσχῳ,","μόσχῳ","μόσχῳ","μόσχος"
66,04,07,"C",NULL,"καὶ","καὶ","καί","καί"
66,04,07,"RA","NSN","τὸ","τὸ","τό","ὁ"
66,04,07,"A","NSN","τρίτον","τρίτον","τρίτον","τρίτος"
66,04,07,"N","NSN","ζῷον","ζῷον","ζῷον","ζῷον"
66,04,07,"V","PAPNSM","⸀ἔχων","ἔχων","ἔχων","ἔχω"
66,04,07,"RA","ASN","⸂τὸ","τὸ","τό","ὁ"
66,04,07,"N","ASN","πρόσωπον","πρόσωπον","πρόσωπον","πρόσωπον"
66,04,07,"C",NULL,"ὡς⸃","ὡς","ὡς","ὡς"
66,04,07,"N","GSM","ἀνθρώπου,","ἀνθρώπου","ἀνθρώπου","ἄνθρωπος"
66,04,07,"C",NULL,"καὶ","καὶ","καί","καί"
66,04,07,"RA","NSN","τὸ","τὸ","τό","ὁ"
66,04,07,"A","NSN","τέταρτον","τέταρτον","τέταρτον","τέταρτος"
66,04,07,"N","NSN","ζῷον","ζῷον","ζῷον","ζῷον"
66,04,07,"A","NSN","ὅμοιον","ὅμοιον","ὅμοιον","ὅμοιος"
66,04,07,"N","DSM","ἀετῷ","ἀετῷ","ἀετῷ","ἀετός"
66,04,07,"V","PMPDSM","πετομένῳ·","πετομένῳ","πετομένῳ","πέτομαι"
66,04,08,"C",NULL,"καὶ","καὶ","καί","καί"
66,04,08,"RA","NPN","τὰ","τὰ","τά","ὁ"
66,04,08,"A","NPN","τέσσαρα","τέσσαρα","τέσσαρα","τέσσαρες"
66,04,08,"N","NPN","ζῷα,","ζῷα","ζῷα","ζῷον"
66,04,08,"A","NSN","ἓν","ἓν","ἕν","εἷς"
66,04,08,"P",NULL,"⸂καθ’","καθ’","κατά","κατά"
66,04,08,"A","ASN","ἓν⸃","ἓν","ἕν","εἷς"
66,04,08,"RP","GPN","⸀αὐτῶν","αὐτῶν","αὐτῶν","αὐτός"
66,04,08,"V","PAPNSM","⸀ἔχων","ἔχων","ἔχων","ἔχω"
66,04,08,"D",NULL,"ἀνὰ","ἀνὰ","ἀνά","ἀνά"
66,04,08,"N","APF","πτέρυγας","πτέρυγας","πτέρυγας","πτέρυξ"
66,04,08,"A","APF","ἕξ,","ἕξ","ἕξ","ἕξ"
66,04,08,"D",NULL,"κυκλόθεν","κυκλόθεν","κυκλόθεν","κυκλόθεν"
66,04,08,"C",NULL,"καὶ","καὶ","καί","καί"
66,04,08,"D",NULL,"ἔσωθεν","ἔσωθεν","ἔσωθεν","ἔσωθεν"
66,04,08,"V","3PAI-P","γέμουσιν","γέμουσιν","γέμουσι(ν)","γέμω"
66,04,08,"N","GPM","ὀφθαλμῶν·","ὀφθαλμῶν","ὀφθαλμῶν","ὀφθαλμός"
66,04,08,"C",NULL,"καὶ","καὶ","καί","καί"
66,04,08,"N","ASF","ἀνάπαυσιν","ἀνάπαυσιν","ἀνάπαυσιν","ἀνάπαυσις"
66,04,08,"D",NULL,"οὐκ","οὐκ","οὐ","οὐ"
66,04,08,"V","3PAI-P","ἔχουσιν","ἔχουσιν","ἔχουσι(ν)","ἔχω"
66,04,08,"N","GSF","ἡμέρας","ἡμέρας","ἡμέρας","ἡμέρα"
66,04,08,"C",NULL,"καὶ","καὶ","καί","καί"
66,04,08,"N","GSF","νυκτὸς","νυκτὸς","νυκτός","νύξ"
66,04,08,"V","PAPNPM","λέγοντες·","λέγοντες","λέγοντες","λέγω"
66,04,08,"A","NSM","Ἅγιος","Ἅγιος","ἅγιος","ἅγιος"
66,04,08,"A","NSM","ἅγιος","ἅγιος","ἅγιος","ἅγιος"
66,04,08,"A","NSM","ἅγιος","ἅγιος","ἅγιος","ἅγιος"
66,04,08,"N","NSM","κύριος,","κύριος","κύριος","κύριος"
66,04,08,"RA","NSM","ὁ","ὁ","ὁ","ὁ"
66,04,08,"N","NSM","θεός,","θεός","θεός","θεός"
66,04,08,"RA","NSM","ὁ","ὁ","ὁ","ὁ"
66,04,08,"N","NSM","παντοκράτωρ,","παντοκράτωρ","παντοκράτωρ","παντοκράτωρ"
66,04,08,"RA","NSM","ὁ","ὁ","ὁ","ὁ"
66,04,08,"V","3IAI-S","ἦν","ἦν","ἦν","εἰμί"
66,04,08,"C",NULL,"καὶ","καὶ","καί","καί"
66,04,08,"RA","NSM","ὁ","ὁ","ὁ","ὁ"
66,04,08,"V","PAPNSM","ὢν","ὢν","ὤν","εἰμί"
66,04,08,"C",NULL,"καὶ","καὶ","καί","καί"
66,04,08,"RA","NSM","ὁ","ὁ","ὁ","ὁ"
66,04,08,"V","PMPNSM","ἐρχόμενος.","ἐρχόμενος","ἐρχόμενος","ἔρχομαι"
66,04,09,"C",NULL,"καὶ","καὶ","καί","καί"
66,04,09,"C",NULL,"ὅταν","ὅταν","ὅταν","ὅταν"
66,04,09,"V","3FAI-P","⸀δώσουσιν","δώσουσιν","δώσουσι(ν)","δίδωμι"
66,04,09,"RA","NPN","τὰ","τὰ","τά","ὁ"
66,04,09,"N","NPN","ζῷα","ζῷα","ζῷα","ζῷον"
66,04,09,"N","ASF","δόξαν","δόξαν","δόξαν","δόξα"
66,04,09,"C",NULL,"καὶ","καὶ","καί","καί"
66,04,09,"N","ASF","τιμὴν","τιμὴν","τιμήν","τιμή"
66,04,09,"C",NULL,"καὶ","καὶ","καί","καί"
66,04,09,"N","ASF","εὐχαριστίαν","εὐχαριστίαν","εὐχαριστίαν","εὐχαριστία"
66,04,09,"RA","DSM","τῷ","τῷ","τῷ","ὁ"
66,04,09,"V","PMPDSM","καθημένῳ","καθημένῳ","καθημένῳ","κάθημαι"
66,04,09,"P",NULL,"ἐπὶ","ἐπὶ","ἐπί","ἐπί"
66,04,09,"RA","DSM","⸂τῷ","τῷ","τῷ","ὁ"
66,04,09,"N","DSM","θρόνῳ⸃,","θρόνῳ","θρόνῳ","θρόνος"
66,04,09,"RA","DSM","τῷ","τῷ","τῷ","ὁ"
66,04,09,"V","PAPDSM","ζῶντι","ζῶντι","ζῶντι","ζάω"
66,04,09,"P",NULL,"εἰς","εἰς","εἰς","εἰς"
66,04,09,"RA","APM","τοὺς","τοὺς","τούς","ὁ"
66,04,09,"N","APM","αἰῶνας","αἰῶνας","αἰῶνας","αἰών"
66,04,09,"RA","GPM","τῶν","τῶν","τῶν","ὁ"
66,04,09,"N","GPM","αἰώνων,","αἰώνων","αἰώνων","αἰών"
66,04,10,"V","3FMI-P","πεσοῦνται","πεσοῦνται","πεσοῦνται","πίπτω"
66,04,10,"RA","NPM","οἱ","οἱ","οἱ","ὁ"
66,04,10,"A","NPM","εἴκοσι","εἴκοσι","εἴκοσι(ν)","εἴκοσι(ν)"
66,04,10,"A","NPM","τέσσαρες","τέσσαρες","τέσσαρες","τέσσαρες"
66,04,10,"A","NPM","πρεσβύτεροι","πρεσβύτεροι","πρεσβύτεροι","πρεσβύτερος"
66,04,10,"P",NULL,"ἐνώπιον","ἐνώπιον","ἐνώπιον","ἐνώπιον"
66,04,10,"RA","GSM","τοῦ","τοῦ","τοῦ","ὁ"
66,04,10,"V","PMPGSM","καθημένου","καθημένου","καθημένου","κάθημαι"
66,04,10,"P",NULL,"ἐπὶ","ἐπὶ","ἐπί","ἐπί"
66,04,10,"RA","GSM","τοῦ","τοῦ","τοῦ","ὁ"
66,04,10,"N","GSM","θρόνου,","θρόνου","θρόνου","θρόνος"
66,04,10,"C",NULL,"καὶ","καὶ","καί","καί"
66,04,10,"V","3FAI-P","προσκυνήσουσιν","προσκυνήσουσιν","προσκυνήσουσι(ν)","προσκυνέω"
66,04,10,"RA","DSM","τῷ","τῷ","τῷ","ὁ"
66,04,10,"V","PAPDSM","ζῶντι","ζῶντι","ζῶντι","ζάω"
66,04,10,"P",NULL,"εἰς","εἰς","εἰς","εἰς"
66,04,10,"RA","APM","τοὺς","τοὺς","τούς","ὁ"
66,04,10,"N","APM","αἰῶνας","αἰῶνας","αἰῶνας","αἰών"
66,04,10,"RA","GPM","τῶν","τῶν","τῶν","ὁ"
66,04,10,"N","GPM","αἰώνων,","αἰώνων","αἰώνων","αἰών"
66,04,10,"C",NULL,"καὶ","καὶ","καί","καί"
66,04,10,"V","3FAI-P","βαλοῦσιν","βαλοῦσιν","βαλοῦσι(ν)","βάλλω"
66,04,10,"RA","APM","τοὺς","τοὺς","τούς","ὁ"
66,04,10,"N","APM","στεφάνους","στεφάνους","στεφάνους","στέφανος"
66,04,10,"RP","GPM","αὐτῶν","αὐτῶν","αὐτῶν","αὐτός"
66,04,10,"P",NULL,"ἐνώπιον","ἐνώπιον","ἐνώπιον","ἐνώπιον"
66,04,10,"RA","GSM","τοῦ","τοῦ","τοῦ","ὁ"
66,04,10,"N","GSM","θρόνου,","θρόνου","θρόνου","θρόνος"
66,04,10,"V","PAPNPM","λέγοντες·","λέγοντες","λέγοντες","λέγω"
66,04,11,"A","NSM","Ἄξιος","Ἄξιος","ἄξιος","ἄξιος"
66,04,11,"V","2PAI-S","εἶ,","εἶ","εἶ","εἰμί"
66,04,11,"RA","NSM","ὁ","ὁ","ὁ","ὁ"
66,04,11,"N","NSM","κύριος","κύριος","κύριος","κύριος"
66,04,11,"C",NULL,"καὶ","καὶ","καί","καί"
66,04,11,"RA","NSM","ὁ","ὁ","ὁ","ὁ"
66,04,11,"N","NSM","θεὸς","θεὸς","θεός","θεός"
66,04,11,"RP","GP","⸀ἡμῶν,","ἡμῶν","ἡμῶν","ἐγώ"
66,04,11,"V","AAN","λαβεῖν","λαβεῖν","λαβεῖν","λαμβάνω"
66,04,11,"RA","ASF","τὴν","τὴν","τήν","ὁ"
66,04,11,"N","ASF","δόξαν","δόξαν","δόξαν","δόξα"
66,04,11,"C",NULL,"καὶ","καὶ","καί","καί"
66,04,11,"RA","ASF","τὴν","τὴν","τήν","ὁ"
66,04,11,"N","ASF","τιμὴν","τιμὴν","τιμήν","τιμή"
66,04,11,"C",NULL,"καὶ","καὶ","καί","καί"
66,04,11,"RA","ASF","τὴν","τὴν","τήν","ὁ"
66,04,11,"N","ASF","δύναμιν,","δύναμιν","δύναμιν","δύναμις"
66,04,11,"C",NULL,"ὅτι","ὅτι","ὅτι","ὅτι"
66,04,11,"RP","NS","σὺ","σὺ","σύ","σύ"
66,04,11,"V","2AAI-S","ἔκτισας","ἔκτισας","ἔκτισας","κτίζω"
66,04,11,"RA","APN","⸀τὰ","τὰ","τά","ὁ"
66,04,11,"A","APN","πάντα,","πάντα","πάντα","πᾶς"
66,04,11,"C",NULL,"καὶ","καὶ","καί","καί"
66,04,11,"P",NULL,"διὰ","διὰ","διά","διά"
66,04,11,"RA","ASN","τὸ","τὸ","τό","ὁ"
66,04,11,"N","ASN","θέλημά","θέλημά","θέλημα","θέλημα"
66,04,11,"RP","GS","σου","σου","σου","σύ"
66,04,11,"V","3IAI-P","ἦσαν","ἦσαν","ἦσαν","εἰμί"
66,04,11,"C",NULL,"καὶ","καὶ","καί","καί"
66,04,11,"V","3API-P","ἐκτίσθησαν.","ἐκτίσθησαν","ἐκτίσθησαν","κτίζω"
66,05,01,"C",NULL,"Καὶ","Καὶ","καί","καί"
66,05,01,"V","1AAI-S","εἶδον","εἶδον","εἶδον","ὁράω"
66,05,01,"P",NULL,"ἐπὶ","ἐπὶ","ἐπί","ἐπί"
66,05,01,"RA","ASF","τὴν","τὴν","τήν","ὁ"
66,05,01,"A","ASF","δεξιὰν","δεξιὰν","δεξιάν","δεξιός"
66,05,01,"RA","GSM","τοῦ","τοῦ","τοῦ","ὁ"
66,05,01,"V","PMPGSM","καθημένου","καθημένου","καθημένου","κάθημαι"
66,05,01,"P",NULL,"ἐπὶ","ἐπὶ","ἐπί","ἐπί"
66,05,01,"RA","GSM","τοῦ","τοῦ","τοῦ","ὁ"
66,05,01,"N","GSM","θρόνου","θρόνου","θρόνου","θρόνος"
66,05,01,"N","ASN","βιβλίον","βιβλίον","βιβλίον","βιβλίον"
66,05,01,"V","XPPASN","γεγραμμένον","γεγραμμένον","γεγραμμένον","γράφω"
66,05,01,"D",NULL,"ἔσωθεν","ἔσωθεν","ἔσωθεν","ἔσωθεν"
66,05,01,"C",NULL,"καὶ","καὶ","καί","καί"
66,05,01,"D",NULL,"⸀ὄπισθεν,","ὄπισθεν","ὄπισθεν","ὄπισθεν"
66,05,01,"V","XPPASN","κατεσφραγισμένον","κατεσφραγισμένον","κατεσφραγισμένον","κατασφραγίζω"
66,05,01,"N","DPF","σφραγῖσιν","σφραγῖσιν","σφραγῖσι(ν)","σφραγίς"
66,05,01,"A","DPF","ἑπτά.","ἑπτά","ἑπτά","ἑπτά"
66,05,02,"C",NULL,"καὶ","καὶ","καί","καί"
66,05,02,"V","1AAI-S","εἶδον","εἶδον","εἶδον","ὁράω"
66,05,02,"N","ASM","ἄγγελον","ἄγγελον","ἄγγελον","ἄγγελος"
66,05,02,"A","ASM","ἰσχυρὸν","ἰσχυρὸν","ἰσχυρόν","ἰσχυρός"
66,05,02,"V","PAPASM","κηρύσσοντα","κηρύσσοντα","κηρύσσοντα","κηρύσσω"
66,05,02,"P",NULL,"ἐν","ἐν","ἐν","ἐν"
66,05,02,"N","DSF","φωνῇ","φωνῇ","φωνῇ","φωνή"
66,05,02,"A","DSF","μεγάλῃ·","μεγάλῃ","μεγάλῃ","μέγας"
66,05,02,"RI","NSM","Τίς","Τίς","τίς","τίς"
66,05,02,"A","NSM","⸀ἄξιος","ἄξιος","ἄξιος","ἄξιος"
66,05,02,"V","AAN","ἀνοῖξαι","ἀνοῖξαι","ἀνοῖξαι","ἀνοίγω"
66,05,02,"RA","ASN","τὸ","τὸ","τό","ὁ"
66,05,02,"N","ASN","βιβλίον","βιβλίον","βιβλίον","βιβλίον"
66,05,02,"C",NULL,"καὶ","καὶ","καί","καί"
66,05,02,"V","AAN","λῦσαι","λῦσαι","λῦσαι","λύω"
66,05,02,"RA","APF","τὰς","τὰς","τάς","ὁ"
66,05,02,"N","APF","σφραγῖδας","σφραγῖδας","σφραγῖδας","σφραγίς"
66,05,02,"RP","GSN","αὐτοῦ;","αὐτοῦ","αὐτοῦ","αὐτός"
66,05,03,"C",NULL,"καὶ","καὶ","καί","καί"
66,05,03,"A","NSM","οὐδεὶς","οὐδεὶς","οὐδείς","οὐδείς"
66,05,03,"V","3IMI-S","ἐδύνατο","ἐδύνατο","ἐδύνατο","δύναμαι"
66,05,03,"P",NULL,"ἐν","ἐν","ἐν","ἐν"
66,05,03,"RA","DSM","τῷ","τῷ","τῷ","ὁ"
66,05,03,"N","DSM","⸀οὐρανῷ","οὐρανῷ","οὐρανῷ","οὐρανός"
66,05,03,"C",NULL,"⸂οὐδὲ","οὐδὲ","οὐδέ","οὐδέ"
66,05,03,"P",NULL,"ἐπὶ","ἐπὶ","ἐπί","ἐπί"
66,05,03,"RA","GSF","τῆς","τῆς","τῆς","ὁ"
66,05,03,"N","GSF","γῆς","γῆς","γῆς","γῆ"
66,05,03,"C",NULL,"οὐδὲ⸃","οὐδὲ","οὐδέ","οὐδέ"
66,05,03,"P",NULL,"ὑποκάτω","ὑποκάτω","ὑποκάτω","ὑποκάτω"
66,05,03,"RA","GSF","τῆς","τῆς","τῆς","ὁ"
66,05,03,"N","GSF","γῆς","γῆς","γῆς","γῆ"
66,05,03,"V","AAN","ἀνοῖξαι","ἀνοῖξαι","ἀνοῖξαι","ἀνοίγω"
66,05,03,"RA","ASN","τὸ","τὸ","τό","ὁ"
66,05,03,"N","ASN","βιβλίον","βιβλίον","βιβλίον","βιβλίον"
66,05,03,"C",NULL,"οὔτε","οὔτε","οὔτε","οὔτε"
66,05,03,"V","PAN","βλέπειν","βλέπειν","βλέπειν","βλέπω"
66,05,03,"RP","ASN","αὐτό.","αὐτό","αὐτό","αὐτός"
66,05,04,"C",NULL,"καὶ","καὶ","καί","καί"
66,05,04,"RP","NS","⸀ἐγὼ","ἐγὼ","ἐγώ","ἐγώ"
66,05,04,"V","1IAI-S","ἔκλαιον","ἔκλαιον","ἔκλαιον","κλαίω"
66,05,04,"A","ASN","πολὺ","πολὺ","πολύ","πολύς"
66,05,04,"C",NULL,"ὅτι","ὅτι","ὅτι","ὅτι"
66,05,04,"A","NSM","οὐδεὶς","οὐδεὶς","οὐδείς","οὐδείς"
66,05,04,"A","NSM","ἄξιος","ἄξιος","ἄξιος","ἄξιος"
66,05,04,"V","3API-S","εὑρέθη","εὑρέθη","εὑρέθη","εὑρίσκω"
66,05,04,"V","AAN","ἀνοῖξαι","ἀνοῖξαι","ἀνοῖξαι","ἀνοίγω"
66,05,04,"RA","ASN","τὸ","τὸ","τό","ὁ"
66,05,04,"N","ASN","βιβλίον","βιβλίον","βιβλίον","βιβλίον"
66,05,04,"C",NULL,"οὔτε","οὔτε","οὔτε","οὔτε"
66,05,04,"V","PAN","βλέπειν","βλέπειν","βλέπειν","βλέπω"
66,05,04,"RP","ASN","αὐτό·","αὐτό","αὐτό","αὐτός"
66,05,05,"C",NULL,"καὶ","καὶ","καί","καί"
66,05,05,"A","NSM","εἷς","εἷς","εἷς","εἷς"
66,05,05,"P",NULL,"ἐκ","ἐκ","ἐκ","ἐκ"
66,05,05,"RA","GPM","τῶν","τῶν","τῶν","ὁ"
66,05,05,"A","GPM","πρεσβυτέρων","πρεσβυτέρων","πρεσβυτέρων","πρεσβύτερος"
66,05,05,"V","3PAI-S","λέγει","λέγει","λέγει","λέγω"
66,05,05,"RP","DS","μοι·","μοι","μοι","ἐγώ"
66,05,05,"D",NULL,"Μὴ","Μὴ","μή","μή"
66,05,05,"V","2PAD-S","κλαῖε·","κλαῖε","κλαῖε","κλαίω"
66,05,05,"X",NULL,"ἰδοὺ","ἰδοὺ","ἰδού","ἰδού"
66,05,05,"V","3AAI-S","ἐνίκησεν","ἐνίκησεν","ἐνίκησε(ν)","νικάω"
66,05,05,"RA","NSM","ὁ","ὁ","ὁ","ὁ"
66,05,05,"N","NSM","λέων","λέων","λέων","λέων"
66,05,05,"RA","NSM","ὁ","ὁ","ὁ","ὁ"
66,05,05,"P",NULL,"ἐκ","ἐκ","ἐκ","ἐκ"
66,05,05,"RA","GSF","τῆς","τῆς","τῆς","ὁ"
66,05,05,"N","GSF","φυλῆς","φυλῆς","φυλῆς","φυλή"
66,05,05,"N","GSM","Ἰούδα,","Ἰούδα","Ἰούδα","Ἰούδας"
66,05,05,"RA","NSF","ἡ","ἡ","ἡ","ὁ"
66,05,05,"N","NSF","ῥίζα","ῥίζα","ῥίζα","ῥίζα"
66,05,05,"N","GSM","Δαυίδ,","Δαυίδ","Δαυίδ","Δαυίδ"
66,05,05,"V","AAN","⸀ἀνοῖξαι","ἀνοῖξαι","ἀνοῖξαι","ἀνοίγω"
66,05,05,"RA","ASN","τὸ","τὸ","τό","ὁ"
66,05,05,"N","ASN","βιβλίον","βιβλίον","βιβλίον","βιβλίον"
66,05,05,"C",NULL,"καὶ","καὶ","καί","καί"
66,05,05,"RA","APF","τὰς","τὰς","τάς","ὁ"
66,05,05,"A","APF","ἑπτὰ","ἑπτὰ","ἑπτά","ἑπτά"
66,05,05,"N","APF","σφραγῖδας","σφραγῖδας","σφραγῖδας","σφραγίς"
66,05,05,"RP","GSN","αὐτοῦ.","αὐτοῦ","αὐτοῦ","αὐτός"
66,05,06,"C",NULL,"Καὶ","Καὶ","καί","καί"
66,05,06,"V","1AAI-S","εἶδον","εἶδον","εἶδον","ὁράω"
66,05,06,"P",NULL,"ἐν","ἐν","ἐν","ἐν"
66,05,06,"A","DSN","μέσῳ","μέσῳ","μέσῳ","μέσος"
66,05,06,"RA","GSM","τοῦ","τοῦ","τοῦ","ὁ"
66,05,06,"N","GSM","θρόνου","θρόνου","θρόνου","θρόνος"
66,05,06,"C",NULL,"καὶ","καὶ","καί","καί"
66,05,06,"RA","GPN","τῶν","τῶν","τῶν","ὁ"
66,05,06,"A","GPN","τεσσάρων","τεσσάρων","τεσσάρων","τέσσαρες"
66,05,06,"N","GPN","ζῴων","ζῴων","ζῴων","ζῷον"
66,05,06,"C",NULL,"καὶ","καὶ","καί","καί"
66,05,06,"P",NULL,"ἐν","ἐν","ἐν","ἐν"
66,05,06,"A","DSN","μέσῳ","μέσῳ","μέσῳ","μέσος"
66,05,06,"RA","GPM","τῶν","τῶν","τῶν","ὁ"
66,05,06,"A","GPM","πρεσβυτέρων","πρεσβυτέρων","πρεσβυτέρων","πρεσβύτερος"
66,05,06,"N","NSN","ἀρνίον","ἀρνίον","ἀρνίον","ἀρνίον"
66,05,06,"V","XAPNSN","⸀ἑστηκὸς","ἑστηκὸς","ἑστηκός","ἵστημι"
66,05,06,"C",NULL,"ὡς","ὡς","ὡς","ὡς"
66,05,06,"V","XPPNSN","ἐσφαγμένον,","ἐσφαγμένον","ἐσφαγμένον","σφάζω"
66,05,06,"V","PAPNSM","⸀ἔχων","ἔχων","ἔχων","ἔχω"
66,05,06,"N","APN","κέρατα","κέρατα","κέρατα","κέρας"
66,05,06,"A","APN","ἑπτὰ","ἑπτὰ","ἑπτά","ἑπτά"
66,05,06,"C",NULL,"καὶ","καὶ","καί","καί"
66,05,06,"N","APM","ὀφθαλμοὺς","ὀφθαλμοὺς","ὀφθαλμούς","ὀφθαλμός"
66,05,06,"A","APM","ἑπτά,","ἑπτά","ἑπτά","ἑπτά"
66,05,06,"RR","NPM","⸀οἵ","οἵ","οἵ","ὅς"
66,05,06,"V","3PAI-P","εἰσιν","εἰσιν","εἰσί(ν)","εἰμί"
66,05,06,"RA","NPN","τὰ","τὰ","τά","ὁ"
66,05,06,"A","NPN","ἑπτὰ","ἑπτὰ","ἑπτά","ἑπτά"
66,05,06,"N","NPN","πνεύματα","πνεύματα","πνεύματα","πνεῦμα"
66,05,06,"RA","GSM","τοῦ","τοῦ","τοῦ","ὁ"
66,05,06,"N","GSM","θεοῦ,","θεοῦ","θεοῦ","θεός"
66,05,06,"V","XPPNPM","⸀ἀπεσταλμένοι","ἀπεσταλμένοι","ἀπεσταλμένοι","ἀποστέλλω"
66,05,06,"P",NULL,"εἰς","εἰς","εἰς","εἰς"
66,05,06,"A","ASF","πᾶσαν","πᾶσαν","πᾶσαν","πᾶς"
66,05,06,"RA","ASF","τὴν","τὴν","τήν","ὁ"
66,05,06,"N","ASF","γῆν.","γῆν","γῆν","γῆ"
66,05,07,"C",NULL,"καὶ","καὶ","καί","καί"
66,05,07,"V","3AAI-S","ἦλθεν","ἦλθεν","ἦλθε(ν)","ἔρχομαι"
66,05,07,"C",NULL,"καὶ","καὶ","καί","καί"
66,05,07,"V","3XAI-S","εἴληφεν","εἴληφεν","εἴληφε(ν)","λαμβάνω"
66,05,07,"P",NULL,"ἐκ","ἐκ","ἐκ","ἐκ"
66,05,07,"RA","GSF","τῆς","τῆς","τῆς","ὁ"
66,05,07,"A","GSF","δεξιᾶς","δεξιᾶς","δεξιᾶς","δεξιός"
66,05,07,"RA","GSM","τοῦ","τοῦ","τοῦ","ὁ"
66,05,07,"V","PMPGSM","καθημένου","καθημένου","καθημένου","κάθημαι"
66,05,07,"P",NULL,"ἐπὶ","ἐπὶ","ἐπί","ἐπί"
66,05,07,"RA","GSM","τοῦ","τοῦ","τοῦ","ὁ"
66,05,07,"N","GSM","θρόνου.","θρόνου","θρόνου","θρόνος"
66,05,08,"C",NULL,"καὶ","καὶ","καί","καί"
66,05,08,"C",NULL,"ὅτε","ὅτε","ὅτε","ὅτε"
66,05,08,"V","3AAI-S","ἔλαβεν","ἔλαβεν","ἔλαβε(ν)","λαμβάνω"
66,05,08,"RA","ASN","τὸ","τὸ","τό","ὁ"
66,05,08,"N","ASN","βιβλίον,","βιβλίον","βιβλίον","βιβλίον"
66,05,08,"RA","NPN","τὰ","τὰ","τά","ὁ"
66,05,08,"A","NPN","τέσσαρα","τέσσαρα","τέσσαρα","τέσσαρες"
66,05,08,"N","NPN","ζῷα","ζῷα","ζῷα","ζῷον"
66,05,08,"C",NULL,"καὶ","καὶ","καί","καί"
66,05,08,"RA","NPM","οἱ","οἱ","οἱ","ὁ"
66,05,08,"A","NPM","εἴκοσι","εἴκοσι","εἴκοσι(ν)","εἴκοσι(ν)"
66,05,08,"A","NPM","τέσσαρες","τέσσαρες","τέσσαρες","τέσσαρες"
66,05,08,"A","NPM","πρεσβύτεροι","πρεσβύτεροι","πρεσβύτεροι","πρεσβύτερος"
66,05,08,"V","3AAI-P","ἔπεσαν","ἔπεσαν","ἔπεσαν","πίπτω"
66,05,08,"P",NULL,"ἐνώπιον","ἐνώπιον","ἐνώπιον","ἐνώπιον"
66,05,08,"RA","GSN","τοῦ","τοῦ","τοῦ","ὁ"
66,05,08,"N","GSN","ἀρνίου,","ἀρνίου","ἀρνίου","ἀρνίον"
66,05,08,"V","PAPNPM","ἔχοντες","ἔχοντες","ἔχοντες","ἔχω"
66,05,08,"A","NSM","ἕκαστος","ἕκαστος","ἕκαστος","ἕκαστος"
66,05,08,"N","ASF","κιθάραν","κιθάραν","κιθάραν","κιθάρα"
66,05,08,"C",NULL,"καὶ","καὶ","καί","καί"
66,05,08,"N","APF","φιάλας","φιάλας","φιάλας","φιάλη"
66,05,08,"A","APF","χρυσᾶς","χρυσᾶς","χρυσᾶς","χρυσοῦς"
66,05,08,"V","PAPAPF","γεμούσας","γεμούσας","γεμούσας","γέμω"
66,05,08,"N","GPN","θυμιαμάτων,","θυμιαμάτων","θυμιαμάτων","θυμίαμα"
66,05,08,"RR","NPF","αἵ","αἵ","αἵ","ὅς"
66,05,08,"V","3PAI-P","εἰσιν","εἰσιν","εἰσί(ν)","εἰμί"
66,05,08,"RA","NPF","⸀αἱ","αἱ","αἱ","ὁ"
66,05,08,"N","NPF","προσευχαὶ","προσευχαὶ","προσευχαί","προσευχή"
66,05,08,"RA","GPM","τῶν","τῶν","τῶν","ὁ"
66,05,08,"A","GPM","ἁγίων·","ἁγίων","ἁγίων","ἅγιος"
66,05,09,"C",NULL,"καὶ","καὶ","καί","καί"
66,05,09,"V","3PAI-P","ᾄδουσιν","ᾄδουσιν","ᾄδουσι(ν)","ᾄδω"
66,05,09,"N","ASF","ᾠδὴν","ᾠδὴν","ᾠδήν","ᾠδή"
66,05,09,"A","ASF","καινὴν","καινὴν","καινήν","καινός"
66,05,09,"V","PAPNPM","λέγοντες·","λέγοντες","λέγοντες","λέγω"
66,05,09,"A","NSM","Ἄξιος","Ἄξιος","ἄξιος","ἄξιος"
66,05,09,"V","2PAI-S","εἶ","εἶ","εἶ","εἰμί"
66,05,09,"V","AAN","λαβεῖν","λαβεῖν","λαβεῖν","λαμβάνω"
66,05,09,"RA","ASN","τὸ","τὸ","τό","ὁ"
66,05,09,"N","ASN","βιβλίον","βιβλίον","βιβλίον","βιβλίον"
66,05,09,"C",NULL,"καὶ","καὶ","καί","καί"
66,05,09,"V","AAN","ἀνοῖξαι","ἀνοῖξαι","ἀνοῖξαι","ἀνοίγω"
66,05,09,"RA","APF","τὰς","τὰς","τάς","ὁ"
66,05,09,"N","APF","σφραγῖδας","σφραγῖδας","σφραγῖδας","σφραγίς"
66,05,09,"RP","GSN","αὐτοῦ,","αὐτοῦ","αὐτοῦ","αὐτός"
66,05,09,"C",NULL,"ὅτι","ὅτι","ὅτι","ὅτι"
66,05,09,"V","2API-S","ἐσφάγης","ἐσφάγης","ἐσφάγης","σφάζω"
66,05,09,"C",NULL,"καὶ","καὶ","καί","καί"
66,05,09,"V","2AAI-S","ἠγόρασας","ἠγόρασας","ἠγόρασας","ἀγοράζω"
66,05,09,"RA","DSM","τῷ","τῷ","τῷ","ὁ"
66,05,09,"N","DSM","⸀θεῷ","θεῷ","θεῷ","θεός"
66,05,09,"P",NULL,"ἐν","ἐν","ἐν","ἐν"
66,05,09,"RA","DSN","τῷ","τῷ","τῷ","ὁ"
66,05,09,"N","DSN","αἵματί","αἵματί","αἵματι","αἷμα"
66,05,09,"RP","GS","σου","σου","σου","σύ"
66,05,09,"P",NULL,"ἐκ","ἐκ","ἐκ","ἐκ"
66,05,09,"A","GSF","πάσης","πάσης","πάσης","πᾶς"
66,05,09,"N","GSF","φυλῆς","φυλῆς","φυλῆς","φυλή"
66,05,09,"C",NULL,"καὶ","καὶ","καί","καί"
66,05,09,"N","GSF","γλώσσης","γλώσσης","γλώσσης","γλῶσσα"
66,05,09,"C",NULL,"καὶ","καὶ","καί","καί"
66,05,09,"N","GSM","λαοῦ","λαοῦ","λαοῦ","λαός"
66,05,09,"C",NULL,"καὶ","καὶ","καί","καί"
66,05,09,"N","GSN","ἔθνους,","ἔθνους","ἔθνους","ἔθνος"
66,05,10,"C",NULL,"καὶ","καὶ","καί","καί"
66,05,10,"V","2AAI-S","ἐποίησας","ἐποίησας","ἐποίησας","ποιέω"
66,05,10,"RP","APM","αὐτοὺς","αὐτοὺς","αὐτούς","αὐτός"
66,05,10,"RA","DSM","τῷ","τῷ","τῷ","ὁ"
66,05,10,"N","DSM","θεῷ","θεῷ","θεῷ","θεός"
66,05,10,"RP","GP","ἡμῶν","ἡμῶν","ἡμῶν","ἐγώ"
66,05,10,"N","ASF","⸀βασιλείαν","βασιλείαν","βασιλείαν","βασιλεία"
66,05,10,"C",NULL,"καὶ","καὶ","καί","καί"
66,05,10,"N","APM","ἱερεῖς,","ἱερεῖς","ἱερεῖς","ἱερεύς"
66,05,10,"C",NULL,"καὶ","καὶ","καί","καί"
66,05,10,"V","3FAI-P","⸀βασιλεύουσιν","βασιλεύουσιν","βασιλεύουσι(ν)","βασιλεύω"
66,05,10,"P",NULL,"ἐπὶ","ἐπὶ","ἐπί","ἐπί"
66,05,10,"RA","GSF","τῆς","τῆς","τῆς","ὁ"
66,05,10,"N","GSF","γῆς.","γῆς","γῆς","γῆ"
66,05,11,"C",NULL,"Καὶ","Καὶ","καί","καί"
66,05,11,"V","1AAI-S","εἶδον,","εἶδον","εἶδον","ὁράω"
66,05,11,"C",NULL,"καὶ","καὶ","καί","καί"
66,05,11,"V","1AAI-S","⸀ἤκουσα","ἤκουσα","ἤκουσα","ἀκούω"
66,05,11,"N","ASF","φωνὴν","φωνὴν","φωνήν","φωνή"
66,05,11,"N","GPM","ἀγγέλων","ἀγγέλων","ἀγγέλων","ἄγγελος"
66,05,11,"A","GPM","πολλῶν","πολλῶν","πολλῶν","πολύς"
66,05,11,"P",NULL,"κύκλῳ","κύκλῳ","κύκλῳ","κύκλῳ"
66,05,11,"RA","GSM","τοῦ","τοῦ","τοῦ","ὁ"
66,05,11,"N","GSM","θρόνου","θρόνου","θρόνου","θρόνος"
66,05,11,"C",NULL,"καὶ","καὶ","καί","καί"
66,05,11,"RA","GPN","τῶν","τῶν","τῶν","ὁ"
66,05,11,"N","GPN","ζῴων","ζῴων","ζῴων","ζῷον"
66,05,11,"C",NULL,"καὶ","καὶ","καί","καί"
66,05,11,"RA","GPM","τῶν","τῶν","τῶν","ὁ"
66,05,11,"A","GPM","πρεσβυτέρων,","πρεσβυτέρων","πρεσβυτέρων","πρεσβύτερος"
66,05,11,"C",NULL,"καὶ","καὶ","καί","καί"
66,05,11,"V","3IAI-S","ἦν","ἦν","ἦν","εἰμί"
66,05,11,"RA","NSM","ὁ","ὁ","ὁ","ὁ"
66,05,11,"N","NSM","ἀριθμὸς","ἀριθμὸς","ἀριθμός","ἀριθμός"
66,05,11,"RP","GPM","αὐτῶν","αὐτῶν","αὐτῶν","αὐτός"
66,05,11,"N","NPF","μυριάδες","μυριάδες","μυριάδες","μυριάς"
66,05,11,"N","GPF","μυριάδων","μυριάδων","μυριάδων","μυριάς"
66,05,11,"C",NULL,"καὶ","καὶ","καί","καί"
66,05,11,"N","NPF","χιλιάδες","χιλιάδες","χιλιάδες","χιλιάς"
66,05,11,"N","GPF","χιλιάδων,","χιλιάδων","χιλιάδων","χιλιάς"
66,05,12,"V","PAPNPM","λέγοντες","λέγοντες","λέγοντες","λέγω"
66,05,12,"N","DSF","φωνῇ","φωνῇ","φωνῇ","φωνή"
66,05,12,"A","DSF","μεγάλῃ·","μεγάλῃ","μεγάλῃ","μέγας"
66,05,12,"A","NSN","Ἄξιόν","Ἄξιόν","ἄξιον","ἄξιος"
66,05,12,"V","3PAI-S","ἐστιν","ἐστιν","ἐστί(ν)","εἰμί"
66,05,12,"RA","NSN","τὸ","τὸ","τό","ὁ"
66,05,12,"N","NSN","ἀρνίον","ἀρνίον","ἀρνίον","ἀρνίον"
66,05,12,"RA","NSN","τὸ","τὸ","τό","ὁ"
66,05,12,"V","XPPNSN","ἐσφαγμένον","ἐσφαγμένον","ἐσφαγμένον","σφάζω"
66,05,12,"V","AAN","λαβεῖν","λαβεῖν","λαβεῖν","λαμβάνω"
66,05,12,"RA","ASF","τὴν","τὴν","τήν","ὁ"
66,05,12,"N","ASF","δύναμιν","δύναμιν","δύναμιν","δύναμις"
66,05,12,"C",NULL,"⸀καὶ","καὶ","καί","καί"
66,05,12,"N","ASM","πλοῦτον","πλοῦτον","πλοῦτον","πλοῦτος"
66,05,12,"C",NULL,"καὶ","καὶ","καί","καί"
66,05,12,"N","ASF","σοφίαν","σοφίαν","σοφίαν","σοφία"
66,05,12,"C",NULL,"καὶ","καὶ","καί","καί"
66,05,12,"N","ASF","ἰσχὺν","ἰσχὺν","ἰσχύν","ἰσχύς"
66,05,12,"C",NULL,"καὶ","καὶ","καί","καί"
66,05,12,"N","ASF","τιμὴν","τιμὴν","τιμήν","τιμή"
66,05,12,"C",NULL,"καὶ","καὶ","καί","καί"
66,05,12,"N","ASF","δόξαν","δόξαν","δόξαν","δόξα"
66,05,12,"C",NULL,"καὶ","καὶ","καί","καί"
66,05,12,"N","ASF","εὐλογίαν.","εὐλογίαν","εὐλογίαν","εὐλογία"
66,05,13,"C",NULL,"καὶ","καὶ","καί","καί"
66,05,13,"A","ASN","πᾶν","πᾶν","πᾶν","πᾶς"
66,05,13,"N","ASN","κτίσμα","κτίσμα","κτίσμα","κτίσμα"
66,05,13,"RR","NSN","ὃ","ὃ","ὅ","ὅς"
66,05,13,"P",NULL,"ἐν","ἐν","ἐν","ἐν"
66,05,13,"RA","DSM","τῷ","τῷ","τῷ","ὁ"
66,05,13,"N","DSM","οὐρανῷ","οὐρανῷ","οὐρανῷ","οὐρανός"
66,05,13,"C",NULL,"καὶ","καὶ","καί","καί"
66,05,13,"P",NULL,"ἐπὶ","ἐπὶ","ἐπί","ἐπί"
66,05,13,"RA","GSF","τῆς","τῆς","τῆς","ὁ"
66,05,13,"N","GSF","γῆς","γῆς","γῆς","γῆ"
66,05,13,"C",NULL,"καὶ","καὶ","καί","καί"
66,05,13,"P",NULL,"ὑποκάτω","ὑποκάτω","ὑποκάτω","ὑποκάτω"
66,05,13,"RA","GSF","τῆς","τῆς","τῆς","ὁ"
66,05,13,"N","GSF","γῆς","γῆς","γῆς","γῆ"
66,05,13,"C",NULL,"καὶ","καὶ","καί","καί"
66,05,13,"P",NULL,"ἐπὶ","ἐπὶ","ἐπί","ἐπί"
66,05,13,"RA","GSF","τῆς","τῆς","τῆς","ὁ"
66,05,13,"N","GSF","⸀θαλάσσης,","θαλάσσης","θαλάσσης","θάλασσα"
66,05,13,"C",NULL,"καὶ","καὶ","καί","καί"
66,05,13,"RA","APN","τὰ","τὰ","τά","ὁ"
66,05,13,"P",NULL,"ἐν","ἐν","ἐν","ἐν"
66,05,13,"RP","DPM","αὐτοῖς","αὐτοῖς","αὐτοῖς","αὐτός"
66,05,13,"A","APN","⸀πάντα,","πάντα","πάντα","πᾶς"
66,05,13,"V","1AAI-S","ἤκουσα","ἤκουσα","ἤκουσα","ἀκούω"
66,05,13,"V","PAPAPM","λέγοντας·","λέγοντας","λέγοντας","λέγω"
66,05,13,"RA","DSM","Τῷ","Τῷ","τῷ","ὁ"
66,05,13,"V","PMPDSM","καθημένῳ","καθημένῳ","καθημένῳ","κάθημαι"
66,05,13,"P",NULL,"ἐπὶ","ἐπὶ","ἐπί","ἐπί"
66,05,13,"RA","DSM","⸂τῷ","τῷ","τῷ","ὁ"
66,05,13,"N","DSM","θρόνῳ⸃","θρόνῳ","θρόνῳ","θρόνος"
66,05,13,"C",NULL,"καὶ","καὶ","καί","καί"
66,05,13,"RA","DSN","τῷ","τῷ","τῷ","ὁ"
66,05,13,"N","DSN","ἀρνίῳ","ἀρνίῳ","ἀρνίῳ","ἀρνίον"
66,05,13,"RA","NSF","ἡ","ἡ","ἡ","ὁ"
66,05,13,"N","NSF","εὐλογία","εὐλογία","εὐλογία","εὐλογία"
66,05,13,"C",NULL,"καὶ","καὶ","καί","καί"
66,05,13,"RA","NSF","ἡ","ἡ","ἡ","ὁ"
66,05,13,"N","NSF","τιμὴ","τιμὴ","τιμή","τιμή"
66,05,13,"C",NULL,"καὶ","καὶ","καί","καί"
66,05,13,"RA","NSF","ἡ","ἡ","ἡ","ὁ"
66,05,13,"N","NSF","δόξα","δόξα","δόξα","δόξα"
66,05,13,"C",NULL,"καὶ","καὶ","καί","καί"
66,05,13,"RA","NSN","τὸ","τὸ","τό","ὁ"
66,05,13,"N","NSN","κράτος","κράτος","κράτος","κράτος"
66,05,13,"P",NULL,"εἰς","εἰς","εἰς","εἰς"
66,05,13,"RA","APM","τοὺς","τοὺς","τούς","ὁ"
66,05,13,"N","APM","αἰῶνας","αἰῶνας","αἰῶνας","αἰών"
66,05,13,"RA","GPM","τῶν","τῶν","τῶν","ὁ"
66,05,13,"N","GPM","⸀αἰώνων.","αἰώνων","αἰώνων","αἰών"
66,05,14,"C",NULL,"καὶ","καὶ","καί","καί"
66,05,14,"RA","NPN","τὰ","τὰ","τά","ὁ"
66,05,14,"A","NPN","τέσσαρα","τέσσαρα","τέσσαρα","τέσσαρες"
66,05,14,"N","NPN","ζῷα","ζῷα","ζῷα","ζῷον"
66,05,14,"V","3IAI-P","⸀ἔλεγον·","ἔλεγον","ἔλεγον","λέγω"
66,05,14,"X",NULL,"Ἀμήν.","Ἀμήν","ἀμήν","ἀμήν"
66,05,14,"C",NULL,"καὶ","καὶ","καί","καί"
66,05,14,"RA","NPM","οἱ","οἱ","οἱ","ὁ"
66,05,14,"A","NPM","πρεσβύτεροι","πρεσβύτεροι","πρεσβύτεροι","πρεσβύτερος"
66,05,14,"V","3AAI-P","ἔπεσαν","ἔπεσαν","ἔπεσαν","πίπτω"
66,05,14,"C",NULL,"καὶ","καὶ","καί","καί"
66,05,14,"V","3AAI-P","προσεκύνησαν.","προσεκύνησαν","προσεκύνησαν","προσκυνέω"
66,06,01,"C",NULL,"Καὶ","Καὶ","καί","καί"
66,06,01,"V","1AAI-S","εἶδον","εἶδον","εἶδον","ὁράω"
66,06,01,"C",NULL,"⸀ὅτε","ὅτε","ὅτε","ὅτε"
66,06,01,"V","3AAI-S","ἤνοιξεν","ἤνοιξεν","ἤνοιξε(ν)","ἀνοίγω"
66,06,01,"RA","NSN","τὸ","τὸ","τό","ὁ"
66,06,01,"N","NSN","ἀρνίον","ἀρνίον","ἀρνίον","ἀρνίον"
66,06,01,"A","ASF","μίαν","μίαν","μίαν","εἷς"
66,06,01,"P",NULL,"ἐκ","ἐκ","ἐκ","ἐκ"
66,06,01,"RA","GPF","τῶν","τῶν","τῶν","ὁ"
66,06,01,"A","GPF","ἑπτὰ","ἑπτὰ","ἑπτά","ἑπτά"
66,06,01,"N","GPF","σφραγίδων,","σφραγίδων","σφραγίδων","σφραγίς"
66,06,01,"C",NULL,"καὶ","καὶ","καί","καί"
66,06,01,"V","1AAI-S","ἤκουσα","ἤκουσα","ἤκουσα","ἀκούω"
66,06,01,"A","GSN","ἑνὸς","ἑνὸς","ἑνός","εἷς"
66,06,01,"P",NULL,"ἐκ","ἐκ","ἐκ","ἐκ"
66,06,01,"RA","GPN","τῶν","τῶν","τῶν","ὁ"
66,06,01,"A","GPN","τεσσάρων","τεσσάρων","τεσσάρων","τέσσαρες"
66,06,01,"N","GPN","ζῴων","ζῴων","ζῴων","ζῷον"
66,06,01,"V","PAPGSN","λέγοντος","λέγοντος","λέγοντος","λέγω"
66,06,01,"C",NULL,"ὡς","ὡς","ὡς","ὡς"
66,06,01,"N","DSF","φωνῇ","φωνῇ","φωνῇ","φωνή"
66,06,01,"N","GSF","βροντῆς·","βροντῆς","βροντῆς","βροντή"
66,06,01,"V","2PMD-S","⸀Ἔρχου.","Ἔρχου","ἔρχου","ἔρχομαι"
66,06,02,"C",NULL,"καὶ","καὶ","καί","καί"
66,06,02,"V","1AAI-S","⸂εἶδον,","εἶδον","εἶδον","ὁράω"
66,06,02,"C",NULL,"καὶ⸃","καὶ","καί","καί"
66,06,02,"X",NULL,"ἰδοὺ","ἰδοὺ","ἰδού","ἰδού"
66,06,02,"N","NSM","ἵππος","ἵππος","ἵππος","ἵππος"
66,06,02,"A","NSM","λευκός,","λευκός","λευκός","λευκός"
66,06,02,"C",NULL,"καὶ","καὶ","καί","καί"
66,06,02,"RA","NSM","ὁ","ὁ","ὁ","ὁ"
66,06,02,"V","PMPNSM","καθήμενος","καθήμενος","καθήμενος","κάθημαι"
66,06,02,"P",NULL,"ἐπ’","ἐπ’","ἐπί","ἐπί"
66,06,02,"RP","ASM","αὐτὸν","αὐτὸν","αὐτόν","αὐτός"
66,06,02,"V","PAPNSM","ἔχων","ἔχων","ἔχων","ἔχω"
66,06,02,"N","ASN","τόξον,","τόξον","τόξον","τόξον"
66,06,02,"C",NULL,"καὶ","καὶ","καί","καί"
66,06,02,"V","3API-S","ἐδόθη","ἐδόθη","ἐδόθη","δίδωμι"
66,06,02,"RP","DSM","αὐτῷ","αὐτῷ","αὐτῷ","αὐτός"
66,06,02,"N","NSM","στέφανος,","στέφανος","στέφανος","στέφανος"
66,06,02,"C",NULL,"καὶ","καὶ","καί","καί"
66,06,02,"V","3AAI-S","ἐξῆλθεν","ἐξῆλθεν","ἐξῆλθε(ν)","ἐξέρχομαι"
66,06,02,"V","PAPNSM","νικῶν","νικῶν","νικῶν","νικάω"
66,06,02,"C",NULL,"καὶ","καὶ","καί","καί"
66,06,02,"C",NULL,"ἵνα","ἵνα","ἵνα","ἵνα"
66,06,02,"V","3AAS-S","νικήσῃ.","νικήσῃ","νικήσῃ","νικάω"
66,06,03,"C",NULL,"Καὶ","Καὶ","καί","καί"
66,06,03,"C",NULL,"ὅτε","ὅτε","ὅτε","ὅτε"
66,06,03,"V","3AAI-S","ἤνοιξεν","ἤνοιξεν","ἤνοιξε(ν)","ἀνοίγω"
66,06,03,"RA","ASF","τὴν","τὴν","τήν","ὁ"
66,06,03,"N","ASF","⸂σφραγῖδα","σφραγῖδα","σφραγῖδα","σφραγίς"
66,06,03,"RA","ASF","τὴν","τὴν","τήν","ὁ"
66,06,03,"A","ASF","δευτέραν⸃,","δευτέραν","δευτέραν","δεύτερος"
66,06,03,"V","1AAI-S","ἤκουσα","ἤκουσα","ἤκουσα","ἀκούω"
66,06,03,"RA","GSN","τοῦ","τοῦ","τοῦ","ὁ"
66,06,03,"A","GSN","δευτέρου","δευτέρου","δευτέρου","δεύτερος"
66,06,03,"N","GSN","ζῴου","ζῴου","ζῴου","ζῷον"
66,06,03,"V","PAPGSN","λέγοντος·","λέγοντος","λέγοντος","λέγω"
66,06,03,"V","2PMD-S","Ἔρχου.","Ἔρχου","ἔρχου","ἔρχομαι"
66,06,04,"C",NULL,"καὶ","καὶ","καί","καί"
66,06,04,"V","3AAI-S","ἐξῆλθεν","ἐξῆλθεν","ἐξῆλθε(ν)","ἐξέρχομαι"
66,06,04,"A","NSM","ἄλλος","ἄλλος","ἄλλος","ἄλλος"
66,06,04,"N","NSM","ἵππος","ἵππος","ἵππος","ἵππος"
66,06,04,"A","NSM","πυρρός,","πυρρός","πυρρός","πυρρός"
66,06,04,"C",NULL,"καὶ","καὶ","καί","καί"
66,06,04,"RA","DSM","τῷ","τῷ","τῷ","ὁ"
66,06,04,"V","PMPDSM","καθημένῳ","καθημένῳ","καθημένῳ","κάθημαι"
66,06,04,"P",NULL,"ἐπ’","ἐπ’","ἐπί","ἐπί"
66,06,04,"RP","ASM","αὐτὸν","αὐτὸν","αὐτόν","αὐτός"
66,06,04,"V","3API-S","ἐδόθη","ἐδόθη","ἐδόθη","δίδωμι"
66,06,04,"RP","DSM","αὐτῷ","αὐτῷ","αὐτῷ","αὐτός"
66,06,04,"V","AAN","λαβεῖν","λαβεῖν","λαβεῖν","λαμβάνω"
66,06,04,"RA","ASF","τὴν","τὴν","τήν","ὁ"
66,06,04,"N","ASF","εἰρήνην","εἰρήνην","εἰρήνην","εἰρήνη"
66,06,04,"P",NULL,"ἐκ","ἐκ","ἐκ","ἐκ"
66,06,04,"RA","GSF","τῆς","τῆς","τῆς","ὁ"
66,06,04,"N","GSF","γῆς","γῆς","γῆς","γῆ"
66,06,04,"C",NULL,"⸀καὶ","καὶ","καί","καί"
66,06,04,"C",NULL,"ἵνα","ἵνα","ἵνα","ἵνα"
66,06,04,"RP","APM","ἀλλήλους","ἀλλήλους","ἀλλήλους","ἀλλήλων"
66,06,04,"V","3FAI-P","⸀σφάξουσιν,","σφάξουσιν","σφάξουσι(ν)","σφάζω"
66,06,04,"C",NULL,"καὶ","καὶ","καί","καί"
66,06,04,"V","3API-S","ἐδόθη","ἐδόθη","ἐδόθη","δίδωμι"
66,06,04,"RP","DSM","αὐτῷ","αὐτῷ","αὐτῷ","αὐτός"
66,06,04,"N","NSF","μάχαιρα","μάχαιρα","μάχαιρα","μάχαιρα"
66,06,04,"A","NSF","μεγάλη.","μεγάλη","μεγάλη","μέγας"
66,06,05,"C",NULL,"Καὶ","Καὶ","καί","καί"
66,06,05,"C",NULL,"ὅτε","ὅτε","ὅτε","ὅτε"
66,06,05,"V","3AAI-S","ἤνοιξε","ἤνοιξε","ἤνοιξε(ν)","ἀνοίγω"
66,06,05,"RA","ASF","τὴν","τὴν","τήν","ὁ"
66,06,05,"N","ASF","σφραγῖδα","σφραγῖδα","σφραγῖδα","σφραγίς"
66,06,05,"RA","ASF","τὴν","τὴν","τήν","ὁ"
66,06,05,"A","ASF","τρίτην,","τρίτην","τρίτην","τρίτος"
66,06,05,"V","1AAI-S","ἤκουσα","ἤκουσα","ἤκουσα","ἀκούω"
66,06,05,"RA","GSN","τοῦ","τοῦ","τοῦ","ὁ"
66,06,05,"A","GSN","τρίτου","τρίτου","τρίτου","τρίτος"
66,06,05,"N","GSN","ζῴου","ζῴου","ζῴου","ζῷον"
66,06,05,"V","PAPGSN","λέγοντος·","λέγοντος","λέγοντος","λέγω"
66,06,05,"V","2PMD-S","Ἔρχου.","Ἔρχου","ἔρχου","ἔρχομαι"
66,06,05,"C",NULL,"καὶ","καὶ","καί","καί"
66,06,05,"V","1AAI-S","⸀εἶδον,","εἶδον","εἶδον","ὁράω"
66,06,05,"C",NULL,"καὶ","καὶ","καί","καί"
66,06,05,"X",NULL,"ἰδοὺ","ἰδοὺ","ἰδού","ἰδού"
66,06,05,"N","NSM","ἵππος","ἵππος","ἵππος","ἵππος"
66,06,05,"A","NSM","μέλας,","μέλας","μέλας","μέλας"
66,06,05,"C",NULL,"καὶ","καὶ","καί","καί"
66,06,05,"RA","NSM","ὁ","ὁ","ὁ","ὁ"
66,06,05,"V","PMPNSM","καθήμενος","καθήμενος","καθήμενος","κάθημαι"
66,06,05,"P",NULL,"ἐπ’","ἐπ’","ἐπί","ἐπί"
66,06,05,"RP","ASM","αὐτὸν","αὐτὸν","αὐτόν","αὐτός"
66,06,05,"V","PAPNSM","ἔχων","ἔχων","ἔχων","ἔχω"
66,06,05,"N","ASM","ζυγὸν","ζυγὸν","ζυγόν","ζυγός"
66,06,05,"P",NULL,"ἐν","ἐν","ἐν","ἐν"
66,06,05,"RA","DSF","τῇ","τῇ","τῇ","ὁ"
66,06,05,"N","DSF","χειρὶ","χειρὶ","χειρί","χείρ"
66,06,05,"RP","GSM","αὐτοῦ.","αὐτοῦ","αὐτοῦ","αὐτός"
66,06,06,"C",NULL,"καὶ","καὶ","καί","καί"
66,06,06,"V","1AAI-S","ἤκουσα","ἤκουσα","ἤκουσα","ἀκούω"
66,06,06,"C",NULL,"⸀ὡς","ὡς","ὡς","ὡς"
66,06,06,"N","ASF","φωνὴν","φωνὴν","φωνήν","φωνή"
66,06,06,"P",NULL,"ἐν","ἐν","ἐν","ἐν"
66,06,06,"A","DSN","μέσῳ","μέσῳ","μέσῳ","μέσος"
66,06,06,"RA","GPN","τῶν","τῶν","τῶν","ὁ"
66,06,06,"A","GPN","τεσσάρων","τεσσάρων","τεσσάρων","τέσσαρες"
66,06,06,"N","GPN","ζῴων","ζῴων","ζῴων","ζῷον"
66,06,06,"V","PAPASF","λέγουσαν·","λέγουσαν","λέγουσαν","λέγω"
66,06,06,"N","NSF","Χοῖνιξ","Χοῖνιξ","χοῖνιξ","χοῖνιξ"
66,06,06,"N","GSM","σίτου","σίτου","σίτου","σῖτος"
66,06,06,"N","GSN","δηναρίου,","δηναρίου","δηναρίου","δηνάριον"
66,06,06,"C",NULL,"καὶ","καὶ","καί","καί"
66,06,06,"A","NPF","τρεῖς","τρεῖς","τρεῖς","τρεῖς"
66,06,06,"N","NPF","χοίνικες","χοίνικες","χοίνικες","χοῖνιξ"
66,06,06,"N","GPF","⸀κριθῶν","κριθῶν","κριθῶν","κριθή"
66,06,06,"N","GSN","δηναρίου·","δηναρίου","δηναρίου","δηνάριον"
66,06,06,"C",NULL,"καὶ","καὶ","καί","καί"
66,06,06,"RA","ASN","τὸ","τὸ","τό","ὁ"
66,06,06,"N","ASN","ἔλαιον","ἔλαιον","ἔλαιον","ἔλαιον"
66,06,06,"C",NULL,"καὶ","καὶ","καί","καί"
66,06,06,"RA","ASM","τὸν","τὸν","τόν","ὁ"
66,06,06,"N","ASM","οἶνον","οἶνον","οἶνον","οἶνος"
66,06,06,"D",NULL,"μὴ","μὴ","μή","μή"
66,06,06,"V","2AAS-S","ἀδικήσῃς.","ἀδικήσῃς","ἀδικήσῃς","ἀδικέω"
66,06,07,"C",NULL,"Καὶ","Καὶ","καί","καί"
66,06,07,"C",NULL,"ὅτε","ὅτε","ὅτε","ὅτε"
66,06,07,"V","3AAI-S","ἤνοιξεν","ἤνοιξεν","ἤνοιξε(ν)","ἀνοίγω"
66,06,07,"RA","ASF","τὴν","τὴν","τήν","ὁ"
66,06,07,"N","ASF","σφραγῖδα","σφραγῖδα","σφραγῖδα","σφραγίς"
66,06,07,"RA","ASF","τὴν","τὴν","τήν","ὁ"
66,06,07,"A","ASF","τετάρτην,","τετάρτην","τετάρτην","τέταρτος"
66,06,07,"V","1AAI-S","ἤκουσα","ἤκουσα","ἤκουσα","ἀκούω"
66,06,07,"N","ASF","⸀φωνὴν","φωνὴν","φωνήν","φωνή"
66,06,07,"RA","GSN","τοῦ","τοῦ","τοῦ","ὁ"
66,06,07,"A","GSN","τετάρτου","τετάρτου","τετάρτου","τέταρτος"
66,06,07,"N","GSN","ζῴου","ζῴου","ζῴου","ζῷον"
66,06,07,"V","PAPGSN","λέγοντος·","λέγοντος","λέγοντος","λέγω"
66,06,07,"V","2PMD-S","⸀Ἔρχου.","Ἔρχου","ἔρχου","ἔρχομαι"
66,06,08,"C",NULL,"καὶ","καὶ","καί","καί"
66,06,08,"V","1AAI-S","⸂εἶδον,","εἶδον","εἶδον","ὁράω"
66,06,08,"C",NULL,"καὶ⸃","καὶ","καί","καί"
66,06,08,"X",NULL,"ἰδοὺ","ἰδοὺ","ἰδού","ἰδού"
66,06,08,"N","NSM","ἵππος","ἵππος","ἵππος","ἵππος"
66,06,08,"A","NSM","χλωρός,","χλωρός","χλωρός","χλωρός"
66,06,08,"C",NULL,"καὶ","καὶ","καί","καί"
66,06,08,"RA","NSM","ὁ","ὁ","ὁ","ὁ"
66,06,08,"V","PMPNSM","καθήμενος","καθήμενος","καθήμενος","κάθημαι"
66,06,08,"P",NULL,"ἐπάνω","ἐπάνω","ἐπάνω","ἐπάνω"
66,06,08,"RP","GSM","αὐτοῦ","αὐτοῦ","αὐτοῦ","αὐτός"
66,06,08,"N","NSN","ὄνομα","ὄνομα","ὄνομα","ὄνομα"
66,06,08,"RP","DSM","αὐτῷ","αὐτῷ","αὐτῷ","αὐτός"
66,06,08,"RA","NSM","ὁ","ὁ","ὁ","ὁ"
66,06,08,"N","NSM","Θάνατος,","Θάνατος","θάνατος","θάνατος"
66,06,08,"C",NULL,"καὶ","καὶ","καί","καί"
66,06,08,"RA","NSM","ὁ","ὁ","ὁ","ὁ"
66,06,08,"N","NSM","ᾅδης","ᾅδης","ᾅδης","ᾅδης"
66,06,08,"V","3IAI-S","ἠκολούθει","ἠκολούθει","ἠκολούθει","ἀκολουθέω"
66,06,08,"P",NULL,"⸂μετ’","μετ’","μετά","μετά"
66,06,08,"RP","GSM","αὐτοῦ⸃,","αὐτοῦ","αὐτοῦ","αὐτός"
66,06,08,"C",NULL,"καὶ","καὶ","καί","καί"
66,06,08,"V","3API-S","ἐδόθη","ἐδόθη","ἐδόθη","δίδωμι"
66,06,08,"RP","DPM","⸀αὐτοῖς","αὐτοῖς","αὐτοῖς","αὐτός"
66,06,08,"N","NSF","ἐξουσία","ἐξουσία","ἐξουσία","ἐξουσία"
66,06,08,"P",NULL,"ἐπὶ","ἐπὶ","ἐπί","ἐπί"
66,06,08,"RA","ASN","τὸ","τὸ","τό","ὁ"
66,06,08,"A","ASN","τέταρτον","τέταρτον","τέταρτον","τέταρτος"
66,06,08,"RA","GSF","τῆς","τῆς","τῆς","ὁ"
66,06,08,"N","GSF","γῆς,","γῆς","γῆς","γῆ"
66,06,08,"V","AAN","ἀποκτεῖναι","ἀποκτεῖναι","ἀποκτεῖναι","ἀποκτείνω"
66,06,08,"P",NULL,"ἐν","ἐν","ἐν","ἐν"
66,06,08,"N","DSF","ῥομφαίᾳ","ῥομφαίᾳ","ῥομφαίᾳ","ῥομφαία"
66,06,08,"C",NULL,"καὶ","καὶ","καί","καί"
66,06,08,"P",NULL,"ἐν","ἐν","ἐν","ἐν"
66,06,08,"N","DSM","λιμῷ","λιμῷ","λιμῷ","λιμός"
66,06,08,"C",NULL,"καὶ","καὶ","καί","καί"
66,06,08,"P",NULL,"ἐν","ἐν","ἐν","ἐν"
66,06,08,"N","DSM","θανάτῳ","θανάτῳ","θανάτῳ","θάνατος"
66,06,08,"C",NULL,"καὶ","καὶ","καί","καί"
66,06,08,"P",NULL,"ὑπὸ","ὑπὸ","ὑπό","ὑπό"
66,06,08,"RA","GPN","τῶν","τῶν","τῶν","ὁ"
66,06,08,"N","GPN","θηρίων","θηρίων","θηρίων","θηρίον"
66,06,08,"RA","GSF","τῆς","τῆς","τῆς","ὁ"
66,06,08,"N","GSF","γῆς.","γῆς","γῆς","γῆ"
66,06,09,"C",NULL,"Καὶ","Καὶ","καί","καί"
66,06,09,"C",NULL,"ὅτε","ὅτε","ὅτε","ὅτε"
66,06,09,"V","3AAI-S","ἤνοιξεν","ἤνοιξεν","ἤνοιξε(ν)","ἀνοίγω"
66,06,09,"RA","ASF","τὴν","τὴν","τήν","ὁ"
66,06,09,"A","ASF","πέμπτην","πέμπτην","πέμπτην","πέμπτος"
66,06,09,"N","ASF","σφραγῖδα,","σφραγῖδα","σφραγῖδα","σφραγίς"
66,06,09,"V","1AAI-S","εἶδον","εἶδον","εἶδον","ὁράω"
66,06,09,"P",NULL,"ὑποκάτω","ὑποκάτω","ὑποκάτω","ὑποκάτω"
66,06,09,"RA","GSN","τοῦ","τοῦ","τοῦ","ὁ"
66,06,09,"N","GSN","θυσιαστηρίου","θυσιαστηρίου","θυσιαστηρίου","θυσιαστήριον"
66,06,09,"RA","APF","τὰς","τὰς","τάς","ὁ"
66,06,09,"N","APF","ψυχὰς","ψυχὰς","ψυχάς","ψυχή"
66,06,09,"RA","GPM","τῶν","τῶν","τῶν","ὁ"
66,06,09,"V","XPPGPM","ἐσφαγμένων","ἐσφαγμένων","ἐσφαγμένων","σφάζω"
66,06,09,"P",NULL,"διὰ","διὰ","διά","διά"
66,06,09,"RA","ASM","τὸν","τὸν","τόν","ὁ"
66,06,09,"N","ASM","λόγον","λόγον","λόγον","λόγος"
66,06,09,"RA","GSM","τοῦ","τοῦ","τοῦ","ὁ"
66,06,09,"N","GSM","θεοῦ","θεοῦ","θεοῦ","θεός"
66,06,09,"C",NULL,"καὶ","καὶ","καί","καί"
66,06,09,"P",NULL,"διὰ","διὰ","διά","διά"
66,06,09,"RA","ASF","τὴν","τὴν","τήν","ὁ"
66,06,09,"N","ASF","⸀μαρτυρίαν","μαρτυρίαν","μαρτυρίαν","μαρτυρία"
66,06,09,"RR","ASF","ἣν","ἣν","ἥν","ὅς"
66,06,09,"V","3IAI-P","εἶχον.","εἶχον","εἶχον","ἔχω"
66,06,10,"C",NULL,"καὶ","καὶ","καί","καί"
66,06,10,"V","3AAI-P","ἔκραξαν","ἔκραξαν","ἔκραξαν","κράζω"
66,06,10,"N","DSF","φωνῇ","φωνῇ","φωνῇ","φωνή"
66,06,10,"A","DSF","μεγάλῃ","μεγάλῃ","μεγάλῃ","μέγας"
66,06,10,"V","PAPNPM","λέγοντες·","λέγοντες","λέγοντες","λέγω"
66,06,10,"P",NULL,"Ἕως","Ἕως","ἕως","ἕως"
66,06,10,"D",NULL,"πότε,","πότε","πότε","πότε"
66,06,10,"RA","NSM","ὁ","ὁ","ὁ","ὁ"
66,06,10,"N","NSM","δεσπότης","δεσπότης","δεσπότης","δεσπότης"
66,06,10,"RA","NSM","ὁ","ὁ","ὁ","ὁ"
66,06,10,"A","NSM","ἅγιος","ἅγιος","ἅγιος","ἅγιος"
66,06,10,"C",NULL,"καὶ","καὶ","καί","καί"
66,06,10,"A","NSM","ἀληθινός,","ἀληθινός","ἀληθινός","ἀληθινός"
66,06,10,"D",NULL,"οὐ","οὐ","οὐ","οὐ"
66,06,10,"V","2PAI-S","κρίνεις","κρίνεις","κρίνεις","κρίνω"
66,06,10,"C",NULL,"καὶ","καὶ","καί","καί"
66,06,10,"V","2PAI-S","ἐκδικεῖς","ἐκδικεῖς","ἐκδικεῖς","ἐκδικέω"
66,06,10,"RA","ASN","τὸ","τὸ","τό","ὁ"
66,06,10,"N","ASN","αἷμα","αἷμα","αἷμα","αἷμα"
66,06,10,"RP","GP","ἡμῶν","ἡμῶν","ἡμῶν","ἐγώ"
66,06,10,"P",NULL,"ἐκ","ἐκ","ἐκ","ἐκ"
66,06,10,"RA","GPM","τῶν","τῶν","τῶν","ὁ"
66,06,10,"V","PAPGPM","κατοικούντων","κατοικούντων","κατοικούντων","κατοικέω"
66,06,10,"P",NULL,"ἐπὶ","ἐπὶ","ἐπί","ἐπί"
66,06,10,"RA","GSF","τῆς","τῆς","τῆς","ὁ"
66,06,10,"N","GSF","γῆς;","γῆς","γῆς","γῆ"
66,06,11,"C",NULL,"καὶ","καὶ","καί","καί"
66,06,11,"V","3API-S","ἐδόθη","ἐδόθη","ἐδόθη","δίδωμι"
66,06,11,"RP","DPM","αὐτοῖς","αὐτοῖς","αὐτοῖς","αὐτός"
66,06,11,"A","DSM","ἑκάστῳ","ἑκάστῳ","ἑκάστῳ","ἕκαστος"
66,06,11,"N","NSF","στολὴ","στολὴ","στολή","στολή"
66,06,11,"A","NSF","λευκή,","λευκή","λευκή","λευκός"
66,06,11,"C",NULL,"καὶ","καὶ","καί","καί"
66,06,11,"V","3API-S","ἐρρέθη","ἐρρέθη","ἐρρέθη","λέγω"
66,06,11,"RP","DPM","αὐτοῖς","αὐτοῖς","αὐτοῖς","αὐτός"
66,06,11,"C",NULL,"ἵνα","ἵνα","ἵνα","ἵνα"
66,06,11,"V","3FMI-P","⸀ἀναπαύσονται","ἀναπαύσονται","ἀναπαύσονται","ἀναπαύω"
66,06,11,"D",NULL,"ἔτι","ἔτι","ἔτι","ἔτι"
66,06,11,"N","ASM","χρόνον","χρόνον","χρόνον","χρόνος"
66,06,11,"A","ASM","⸀μικρόν,","μικρόν","μικρόν","μικρός"
66,06,11,"C",NULL,"ἕως","ἕως","ἕως","ἕως"
66,06,11,"V","3APS-P","⸀πληρωθῶσιν","πληρωθῶσιν","πληρωθῶσι(ν)","πληρόω"
66,06,11,"D",NULL,"καὶ","καὶ","καί","καί"
66,06,11,"RA","NPM","οἱ","οἱ","οἱ","ὁ"
66,06,11,"N","NPM","σύνδουλοι","σύνδουλοι","σύνδουλοι","σύνδουλος"
66,06,11,"RP","GPM","αὐτῶν","αὐτῶν","αὐτῶν","αὐτός"
66,06,11,"C",NULL,"καὶ","καὶ","καί","καί"
66,06,11,"RA","NPM","οἱ","οἱ","οἱ","ὁ"
66,06,11,"N","NPM","ἀδελφοὶ","ἀδελφοὶ","ἀδελφοί","ἀδελφός"
66,06,11,"RP","GPM","⸀αὐτῶν","αὐτῶν","αὐτῶν","αὐτός"
66,06,11,"RA","NPM","οἱ","οἱ","οἱ","ὁ"
66,06,11,"V","PAPNPM","μέλλοντες","μέλλοντες","μέλλοντες","μέλλω"
66,06,11,"V","PPN","⸀ἀποκτέννεσθαι","ἀποκτέννεσθαι","ἀποκτέννεσθαι","ἀποκτείνω"
66,06,11,"C",NULL,"ὡς","ὡς","ὡς","ὡς"
66,06,11,"D",NULL,"καὶ","καὶ","καί","καί"
66,06,11,"RP","NPM","αὐτοί.","αὐτοί","αὐτοί","αὐτός"
66,06,12,"C",NULL,"Καὶ","Καὶ","καί","καί"
66,06,12,"V","1AAI-S","εἶδον","εἶδον","εἶδον","ὁράω"
66,06,12,"C",NULL,"ὅτε","ὅτε","ὅτε","ὅτε"
66,06,12,"V","3AAI-S","ἤνοιξεν","ἤνοιξεν","ἤνοιξε(ν)","ἀνοίγω"
66,06,12,"RA","ASF","τὴν","τὴν","τήν","ὁ"
66,06,12,"N","ASF","σφραγῖδα","σφραγῖδα","σφραγῖδα","σφραγίς"
66,06,12,"RA","ASF","τὴν","τὴν","τήν","ὁ"
66,06,12,"A","ASF","ἕκτην,","ἕκτην","ἕκτην","ἕκτος"
66,06,12,"C",NULL,"καὶ","καὶ","καί","καί"
66,06,12,"N","NSM","σεισμὸς","σεισμὸς","σεισμός","σεισμός"
66,06,12,"A","NSM","μέγας","μέγας","μέγας","μέγας"
66,06,12,"V","3AMI-S","ἐγένετο,","ἐγένετο","ἐγένετο","γίνομαι"
66,06,12,"C",NULL,"καὶ","καὶ","καί","καί"
66,06,12,"RA","NSM","ὁ","ὁ","ὁ","ὁ"
66,06,12,"N","NSM","ἥλιος","ἥλιος","ἥλιος","ἥλιος"
66,06,12,"V","3AMI-S","⸂ἐγένετο","ἐγένετο","ἐγένετο","γίνομαι"
66,06,12,"A","NSM","μέλας⸃","μέλας","μέλας","μέλας"
66,06,12,"C",NULL,"ὡς","ὡς","ὡς","ὡς"
66,06,12,"N","NSM","σάκκος","σάκκος","σάκκος","σάκκος"
66,06,12,"A","NSM","τρίχινος,","τρίχινος","τρίχινος","τρίχινος"
66,06,12,"C",NULL,"καὶ","καὶ","καί","καί"
66,06,12,"RA","NSF","ἡ","ἡ","ἡ","ὁ"
66,06,12,"N","NSF","σελήνη","σελήνη","σελήνη","σελήνη"
66,06,12,"A","NSF","ὅλη","ὅλη","ὅλη","ὅλος"
66,06,12,"V","3AMI-S","ἐγένετο","ἐγένετο","ἐγένετο","γίνομαι"
66,06,12,"C",NULL,"ὡς","ὡς","ὡς","ὡς"
66,06,12,"N","NSN","αἷμα,","αἷμα","αἷμα","αἷμα"
66,06,13,"C",NULL,"καὶ","καὶ","καί","καί"
66,06,13,"RA","NPM","οἱ","οἱ","οἱ","ὁ"
66,06,13,"N","NPM","ἀστέρες","ἀστέρες","ἀστέρες","ἀστήρ"
66,06,13,"RA","GSM","τοῦ","τοῦ","τοῦ","ὁ"
66,06,13,"N","GSM","οὐρανοῦ","οὐρανοῦ","οὐρανοῦ","οὐρανός"
66,06,13,"V","3AAI-P","ἔπεσαν","ἔπεσαν","ἔπεσαν","πίπτω"
66,06,13,"P",NULL,"εἰς","εἰς","εἰς","εἰς"
66,06,13,"RA","ASF","τὴν","τὴν","τήν","ὁ"
66,06,13,"N","ASF","γῆν,","γῆν","γῆν","γῆ"
66,06,13,"C",NULL,"ὡς","ὡς","ὡς","ὡς"
66,06,13,"N","NSF","συκῆ","συκῆ","συκῆ","συκῆ"
66,06,13,"V","3PAI-S","⸀βάλλει","βάλλει","βάλλει","βάλλω"
66,06,13,"RA","APM","τοὺς","τοὺς","τούς","ὁ"
66,06,13,"N","APM","ὀλύνθους","ὀλύνθους","ὀλύνθους","ὄλυνθος"
66,06,13,"RP","GSF","αὐτῆς","αὐτῆς","αὐτῆς","αὐτός"
66,06,13,"P",NULL,"ὑπὸ","ὑπὸ","ὑπό","ὑπό"
66,06,13,"N","GSM","ἀνέμου","ἀνέμου","ἀνέμου","ἄνεμος"
66,06,13,"A","GSM","μεγάλου","μεγάλου","μεγάλου","μέγας"
66,06,13,"V","PPPNSF","σειομένη,","σειομένη","σειομένη","σείω"
66,06,14,"C",NULL,"καὶ","καὶ","καί","καί"
66,06,14,"RA","NSM","ὁ","ὁ","ὁ","ὁ"
66,06,14,"N","NSM","οὐρανὸς","οὐρανὸς","οὐρανός","οὐρανός"
66,06,14,"V","3API-S","ἀπεχωρίσθη","ἀπεχωρίσθη","ἀπεχωρίσθη","ἀποχωρίζομαι"
66,06,14,"C",NULL,"ὡς","ὡς","ὡς","ὡς"
66,06,14,"N","NSN","βιβλίον","βιβλίον","βιβλίον","βιβλίον"
66,06,14,"V","PPPNSN","ἑλισσόμενον,","ἑλισσόμενον","ἑλισσόμενον","ἑλίσσω"
66,06,14,"C",NULL,"καὶ","καὶ","καί","καί"
66,06,14,"A","NSN","πᾶν","πᾶν","πᾶν","πᾶς"
66,06,14,"N","NSN","ὄρος","ὄρος","ὄρος","ὄρος"
66,06,14,"C",NULL,"καὶ","καὶ","καί","καί"
66,06,14,"N","NSF","νῆσος","νῆσος","νῆσος","νῆσος"
66,06,14,"P",NULL,"ἐκ","ἐκ","ἐκ","ἐκ"
66,06,14,"RA","GPM","τῶν","τῶν","τῶν","ὁ"
66,06,14,"N","GPM","τόπων","τόπων","τόπων","τόπος"
66,06,14,"RP","GPN","αὐτῶν","αὐτῶν","αὐτῶν","αὐτός"
66,06,14,"V","3API-P","ἐκινήθησαν.","ἐκινήθησαν","ἐκινήθησαν","κινέω"
66,06,15,"C",NULL,"καὶ","καὶ","καί","καί"
66,06,15,"RA","NPM","οἱ","οἱ","οἱ","ὁ"
66,06,15,"N","NPM","βασιλεῖς","βασιλεῖς","βασιλεῖς","βασιλεύς"
66,06,15,"RA","GSF","τῆς","τῆς","τῆς","ὁ"
66,06,15,"N","GSF","γῆς","γῆς","γῆς","γῆ"
66,06,15,"C",NULL,"καὶ","καὶ","καί","καί"
66,06,15,"RA","NPM","οἱ","οἱ","οἱ","ὁ"
66,06,15,"N","NPM","μεγιστᾶνες","μεγιστᾶνες","μεγιστᾶνες","μεγιστάν"
66,06,15,"C",NULL,"καὶ","καὶ","καί","καί"
66,06,15,"RA","NPM","οἱ","οἱ","οἱ","ὁ"
66,06,15,"N","NPM","χιλίαρχοι","χιλίαρχοι","χιλίαρχοι","χιλίαρχος"
66,06,15,"C",NULL,"καὶ","καὶ","καί","καί"
66,06,15,"RA","NPM","οἱ","οἱ","οἱ","ὁ"
66,06,15,"A","NPM","πλούσιοι","πλούσιοι","πλούσιοι","πλούσιος"
66,06,15,"C",NULL,"καὶ","καὶ","καί","καί"
66,06,15,"RA","NPM","οἱ","οἱ","οἱ","ὁ"
66,06,15,"A","NPM","ἰσχυροὶ","ἰσχυροὶ","ἰσχυροί","ἰσχυρός"
66,06,15,"C",NULL,"καὶ","καὶ","καί","καί"
66,06,15,"A","NSM","πᾶς","πᾶς","πᾶς","πᾶς"
66,06,15,"N","NSM","δοῦλος","δοῦλος","δοῦλος","δοῦλος"
66,06,15,"C",NULL,"καὶ","καὶ","καί","καί"
66,06,15,"A","NSM","ἐλεύθερος","ἐλεύθερος","ἐλεύθερος","ἐλεύθερος"
66,06,15,"V","3AAI-P","ἔκρυψαν","ἔκρυψαν","ἔκρυψαν","κρύπτω"
66,06,15,"RP","APM","ἑαυτοὺς","ἑαυτοὺς","ἑαυτούς","ἑαυτοῦ"
66,06,15,"P",NULL,"εἰς","εἰς","εἰς","εἰς"
66,06,15,"RA","APN","τὰ","τὰ","τά","ὁ"
66,06,15,"N","APN","σπήλαια","σπήλαια","σπήλαια","σπήλαιον"
66,06,15,"C",NULL,"καὶ","καὶ","καί","καί"
66,06,15,"P",NULL,"εἰς","εἰς","εἰς","εἰς"
66,06,15,"RA","APF","τὰς","τὰς","τάς","ὁ"
66,06,15,"N","APF","πέτρας","πέτρας","πέτρας","πέτρα"
66,06,15,"RA","GPN","τῶν","τῶν","τῶν","ὁ"
66,06,15,"N","GPN","ὀρέων·","ὀρέων","ὀρέων","ὄρος"
66,06,16,"C",NULL,"καὶ","καὶ","καί","καί"
66,06,16,"V","3PAI-P","λέγουσιν","λέγουσιν","λέγουσι(ν)","λέγω"
66,06,16,"RA","DPN","τοῖς","τοῖς","τοῖς","ὁ"
66,06,16,"N","DPN","ὄρεσιν","ὄρεσιν","ὄρεσι(ν)","ὄρος"
66,06,16,"C",NULL,"καὶ","καὶ","καί","καί"
66,06,16,"RA","DPF","ταῖς","ταῖς","ταῖς","ὁ"
66,06,16,"N","DPF","πέτραις·","πέτραις","πέτραις","πέτρα"
66,06,16,"V","2AAD-P","Πέσετε","Πέσετε","πέσετε","πίπτω"
66,06,16,"P",NULL,"ἐφ’","ἐφ’","ἐπί","ἐπί"
66,06,16,"RP","AP","ἡμᾶς","ἡμᾶς","ἡμᾶς","ἐγώ"
66,06,16,"C",NULL,"καὶ","καὶ","καί","καί"
66,06,16,"V","2AAD-P","κρύψατε","κρύψατε","κρύψατε","κρύπτω"
66,06,16,"RP","AP","ἡμᾶς","ἡμᾶς","ἡμᾶς","ἐγώ"
66,06,16,"P",NULL,"ἀπὸ","ἀπὸ","ἀπό","ἀπό"
66,06,16,"N","GSN","προσώπου","προσώπου","προσώπου","πρόσωπον"
66,06,16,"RA","GSM","τοῦ","τοῦ","τοῦ","ὁ"
66,06,16,"V","PMPGSM","καθημένου","καθημένου","καθημένου","κάθημαι"
66,06,16,"P",NULL,"ἐπὶ","ἐπὶ","ἐπί","ἐπί"
66,06,16,"RA","GSM","τοῦ","τοῦ","τοῦ","ὁ"
66,06,16,"N","GSM","θρόνου","θρόνου","θρόνου","θρόνος"
66,06,16,"C",NULL,"καὶ","καὶ","καί","καί"
66,06,16,"P",NULL,"ἀπὸ","ἀπὸ","ἀπό","ἀπό"
66,06,16,"RA","GSF","τῆς","τῆς","τῆς","ὁ"
66,06,16,"N","GSF","ὀργῆς","ὀργῆς","ὀργῆς","ὀργή"
66,06,16,"RA","GSN","τοῦ","τοῦ","τοῦ","ὁ"
66,06,16,"N","GSN","ἀρνίου,","ἀρνίου","ἀρνίου","ἀρνίον"
66,06,17,"C",NULL,"ὅτι","ὅτι","ὅτι","ὅτι"
66,06,17,"V","3AAI-S","ἦλθεν","ἦλθεν","ἦλθε(ν)","ἔρχομαι"
66,06,17,"RA","NSF","ἡ","ἡ","ἡ","ὁ"
66,06,17,"N","NSF","ἡμέρα","ἡμέρα","ἡμέρα","ἡμέρα"
66,06,17,"RA","NSF","ἡ","ἡ","ἡ","ὁ"
66,06,17,"A","NSF","μεγάλη","μεγάλη","μεγάλη","μέγας"
66,06,17,"RA","GSF","τῆς","τῆς","τῆς","ὁ"
66,06,17,"N","GSF","ὀργῆς","ὀργῆς","ὀργῆς","ὀργή"
66,06,17,"RP","GPM","⸀αὐτῶν,","αὐτῶν","αὐτῶν","αὐτός"
66,06,17,"C",NULL,"καὶ","καὶ","καί","καί"
66,06,17,"RI","NSM","τίς","τίς","τίς","τίς"
66,06,17,"V","3PMI-S","δύναται","δύναται","δύναται","δύναμαι"
66,06,17,"V","APN","σταθῆναι;","σταθῆναι","σταθῆναι","ἵστημι"
66,07,01,"P",NULL,"⸀Μετὰ","Μετὰ","μετά","μετά"
66,07,01,"RD","ASN","τοῦτο","τοῦτο","τοῦτο","οὗτος"
66,07,01,"V","1AAI-S","εἶδον","εἶδον","εἶδον","ὁράω"
66,07,01,"A","APM","τέσσαρας","τέσσαρας","τέσσαρας","τέσσαρες"
66,07,01,"N","APM","ἀγγέλους","ἀγγέλους","ἀγγέλους","ἄγγελος"
66,07,01,"V","XAPAPM","ἑστῶτας","ἑστῶτας","ἑστῶτας","ἵστημι"
66,07,01,"P",NULL,"ἐπὶ","ἐπὶ","ἐπί","ἐπί"
66,07,01,"RA","APF","τὰς","τὰς","τάς","ὁ"
66,07,01,"A","APF","τέσσαρας","τέσσαρας","τέσσαρας","τέσσαρες"
66,07,01,"N","APF","γωνίας","γωνίας","γωνίας","γωνία"
66,07,01,"RA","GSF","τῆς","τῆς","τῆς","ὁ"
66,07,01,"N","GSF","γῆς,","γῆς","γῆς","γῆ"
66,07,01,"V","PAPAPM","κρατοῦντας","κρατοῦντας","κρατοῦντας","κρατέω"
66,07,01,"RA","APM","τοὺς","τοὺς","τούς","ὁ"
66,07,01,"A","APM","τέσσαρας","τέσσαρας","τέσσαρας","τέσσαρες"
66,07,01,"N","APM","ἀνέμους","ἀνέμους","ἀνέμους","ἄνεμος"
66,07,01,"RA","GSF","τῆς","τῆς","τῆς","ὁ"
66,07,01,"N","GSF","γῆς,","γῆς","γῆς","γῆ"
66,07,01,"C",NULL,"ἵνα","ἵνα","ἵνα","ἵνα"
66,07,01,"D",NULL,"μὴ","μὴ","μή","μή"
66,07,01,"V","3PAS-S","πνέῃ","πνέῃ","πνέῃ","πνέω"
66,07,01,"N","NSM","ἄνεμος","ἄνεμος","ἄνεμος","ἄνεμος"
66,07,01,"P",NULL,"ἐπὶ","ἐπὶ","ἐπί","ἐπί"
66,07,01,"RA","GSF","τῆς","τῆς","τῆς","ὁ"
66,07,01,"N","GSF","γῆς","γῆς","γῆς","γῆ"
66,07,01,"C",NULL,"μήτε","μήτε","μήτε","μήτε"
66,07,01,"P",NULL,"ἐπὶ","ἐπὶ","ἐπί","ἐπί"
66,07,01,"RA","GSF","τῆς","τῆς","τῆς","ὁ"
66,07,01,"N","GSF","θαλάσσης","θαλάσσης","θαλάσσης","θάλασσα"
66,07,01,"C",NULL,"μήτε","μήτε","μήτε","μήτε"
66,07,01,"P",NULL,"ἐπὶ","ἐπὶ","ἐπί","ἐπί"
66,07,01,"A","ASN","⸀πᾶν","πᾶν","πᾶν","πᾶς"
66,07,01,"N","ASN","δένδρον.","δένδρον","δένδρον","δένδρον"
66,07,02,"C",NULL,"καὶ","καὶ","καί","καί"
66,07,02,"V","1AAI-S","εἶδον","εἶδον","εἶδον","ὁράω"
66,07,02,"A","ASM","ἄλλον","ἄλλον","ἄλλον","ἄλλος"
66,07,02,"N","ASM","ἄγγελον","ἄγγελον","ἄγγελον","ἄγγελος"
66,07,02,"V","PAPASM","ἀναβαίνοντα","ἀναβαίνοντα","ἀναβαίνοντα","ἀναβαίνω"
66,07,02,"P",NULL,"ἀπὸ","ἀπὸ","ἀπό","ἀπό"
66,07,02,"N","GSF","ἀνατολῆς","ἀνατολῆς","ἀνατολῆς","ἀνατολή"
66,07,02,"N","GSM","ἡλίου,","ἡλίου","ἡλίου","ἥλιος"
66,07,02,"V","PAPASM","ἔχοντα","ἔχοντα","ἔχοντα","ἔχω"
66,07,02,"N","ASF","σφραγῖδα","σφραγῖδα","σφραγῖδα","σφραγίς"
66,07,02,"N","GSM","θεοῦ","θεοῦ","θεοῦ","θεός"
66,07,02,"V","PAPGSM","ζῶντος,","ζῶντος","ζῶντος","ζάω"
66,07,02,"C",NULL,"καὶ","καὶ","καί","καί"
66,07,02,"V","3AAI-S","ἔκραξεν","ἔκραξεν","ἔκραξε(ν)","κράζω"
66,07,02,"N","DSF","φωνῇ","φωνῇ","φωνῇ","φωνή"
66,07,02,"A","DSF","μεγάλῃ","μεγάλῃ","μεγάλῃ","μέγας"
66,07,02,"RA","DPM","τοῖς","τοῖς","τοῖς","ὁ"
66,07,02,"A","DPM","τέσσαρσιν","τέσσαρσιν","τέσσαρσι(ν)","τέσσαρες"
66,07,02,"N","DPM","ἀγγέλοις","ἀγγέλοις","ἀγγέλοις","ἄγγελος"
66,07,02,"RR","DPM","οἷς","οἷς","οἷς","ὅς"
66,07,02,"V","3API-S","ἐδόθη","ἐδόθη","ἐδόθη","δίδωμι"
66,07,02,"RP","DPM","αὐτοῖς","αὐτοῖς","αὐτοῖς","αὐτός"
66,07,02,"V","AAN","ἀδικῆσαι","ἀδικῆσαι","ἀδικῆσαι","ἀδικέω"
66,07,02,"RA","ASF","τὴν","τὴν","τήν","ὁ"
66,07,02,"N","ASF","γῆν","γῆν","γῆν","γῆ"
66,07,02,"C",NULL,"καὶ","καὶ","καί","καί"
66,07,02,"RA","ASF","τὴν","τὴν","τήν","ὁ"
66,07,02,"N","ASF","θάλασσαν,","θάλασσαν","θάλασσαν","θάλασσα"
66,07,03,"V","PAPNSM","λέγων·","λέγων","λέγων","λέγω"
66,07,03,"D",NULL,"Μὴ","Μὴ","μή","μή"
66,07,03,"V","2AAS-P","ἀδικήσητε","ἀδικήσητε","ἀδικήσητε","ἀδικέω"
66,07,03,"RA","ASF","τὴν","τὴν","τήν","ὁ"
66,07,03,"N","ASF","γῆν","γῆν","γῆν","γῆ"
66,07,03,"C",NULL,"μήτε","μήτε","μήτε","μήτε"
66,07,03,"RA","ASF","τὴν","τὴν","τήν","ὁ"
66,07,03,"N","ASF","θάλασσαν","θάλασσαν","θάλασσαν","θάλασσα"
66,07,03,"C",NULL,"μήτε","μήτε","μήτε","μήτε"
66,07,03,"RA","APN","τὰ","τὰ","τά","ὁ"
66,07,03,"N","APN","δένδρα,","δένδρα","δένδρα","δένδρον"
66,07,03,"C",NULL,"⸀ἄχρι","ἄχρι","ἄχρι","ἄχρι"
66,07,03,"V","1AAS-P","σφραγίσωμεν","σφραγίσωμεν","σφραγίσωμεν","σφραγίζω"
66,07,03,"RA","APM","τοὺς","τοὺς","τούς","ὁ"
66,07,03,"N","APM","δούλους","δούλους","δούλους","δοῦλος"
66,07,03,"RA","GSM","τοῦ","τοῦ","τοῦ","ὁ"
66,07,03,"N","GSM","θεοῦ","θεοῦ","θεοῦ","θεός"
66,07,03,"RP","GP","ἡμῶν","ἡμῶν","ἡμῶν","ἐγώ"
66,07,03,"P",NULL,"ἐπὶ","ἐπὶ","ἐπί","ἐπί"
66,07,03,"RA","GPN","τῶν","τῶν","τῶν","ὁ"
66,07,03,"N","GPN","μετώπων","μετώπων","μετώπων","μέτωπον"
66,07,03,"RP","GPM","αὐτῶν.","αὐτῶν","αὐτῶν","αὐτός"
66,07,04,"C",NULL,"Καὶ","Καὶ","καί","καί"
66,07,04,"V","1AAI-S","ἤκουσα","ἤκουσα","ἤκουσα","ἀκούω"
66,07,04,"RA","ASM","τὸν","τὸν","τόν","ὁ"
66,07,04,"N","ASM","ἀριθμὸν","ἀριθμὸν","ἀριθμόν","ἀριθμός"
66,07,04,"RA","GPM","τῶν","τῶν","τῶν","ὁ"
66,07,04,"V","XPPGPM","ἐσφραγισμένων,","ἐσφραγισμένων","ἐσφραγισμένων","σφραγίζω"
66,07,04,"A","NPF","⸀ἑκατὸν","ἑκατὸν","ἑκατόν","ἑκατόν"
66,07,04,"A","NPF","τεσσεράκοντα","τεσσεράκοντα","τεσσεράκοντα","τεσσεράκοντα"
66,07,04,"A","NPF","τέσσαρες","τέσσαρες","τέσσαρες","τέσσαρες"
66,07,04,"N","NPF","χιλιάδες,","χιλιάδες","χιλιάδες","χιλιάς"
66,07,04,"V","XPPNPM","⸀ἐσφραγισμένοι","ἐσφραγισμένοι","ἐσφραγισμένοι","σφραγίζω"
66,07,04,"P",NULL,"ἐκ","ἐκ","ἐκ","ἐκ"
66,07,04,"A","GSF","πάσης","πάσης","πάσης","πᾶς"
66,07,04,"N","GSF","φυλῆς","φυλῆς","φυλῆς","φυλή"
66,07,04,"N","GPM","υἱῶν","υἱῶν","υἱῶν","υἱός"
66,07,04,"N","GSM","Ἰσραήλ·","Ἰσραήλ","Ἰσραήλ","Ἰσραήλ"
66,07,05,"P",NULL,"ἐκ","ἐκ","ἐκ","ἐκ"
66,07,05,"N","GSF","φυλῆς","φυλῆς","φυλῆς","φυλή"
66,07,05,"N","GSM","Ἰούδα","Ἰούδα","Ἰούδα","Ἰούδας"
66,07,05,"A","NPF","δώδεκα","δώδεκα","δώδεκα","δώδεκα"
66,07,05,"N","NPF","χιλιάδες","χιλιάδες","χιλιάδες","χιλιάς"
66,07,05,"V","XPPNPM","⸀ἐσφραγισμένοι,","ἐσφραγισμένοι","ἐσφραγισμένοι","σφραγίζω"
66,07,05,"P",NULL,"ἐκ","ἐκ","ἐκ","ἐκ"
66,07,05,"N","GSF","φυλῆς","φυλῆς","φυλῆς","φυλή"
66,07,05,"N","GSM","Ῥουβὴν","Ῥουβὴν","Ῥουβήν","Ῥουβήν"
66,07,05,"A","NPF","δώδεκα","δώδεκα","δώδεκα","δώδεκα"
66,07,05,"N","NPF","χιλιάδες,","χιλιάδες","χιλιάδες","χιλιάς"
66,07,05,"P",NULL,"ἐκ","ἐκ","ἐκ","ἐκ"
66,07,05,"N","GSF","φυλῆς","φυλῆς","φυλῆς","φυλή"
66,07,05,"N","GSM","Γὰδ","Γὰδ","Γάδ","Γάδ"
66,07,05,"A","NPF","δώδεκα","δώδεκα","δώδεκα","δώδεκα"
66,07,05,"N","NPF","χιλιάδες,","χιλιάδες","χιλιάδες","χιλιάς"
66,07,06,"P",NULL,"ἐκ","ἐκ","ἐκ","ἐκ"
66,07,06,"N","GSF","φυλῆς","φυλῆς","φυλῆς","φυλή"
66,07,06,"N","GSM","Ἀσὴρ","Ἀσὴρ","Ἀσήρ","Ἀσήρ"
66,07,06,"A","NPF","δώδεκα","δώδεκα","δώδεκα","δώδεκα"
66,07,06,"N","NPF","χιλιάδες,","χιλιάδες","χιλιάδες","χιλιάς"
66,07,06,"P",NULL,"ἐκ","ἐκ","ἐκ","ἐκ"
66,07,06,"N","GSF","φυλῆς","φυλῆς","φυλῆς","φυλή"
66,07,06,"N","GSM","Νεφθαλὶμ","Νεφθαλὶμ","Νεφθαλίμ","Νεφθαλίμ"
66,07,06,"A","NPF","δώδεκα","δώδεκα","δώδεκα","δώδεκα"
66,07,06,"N","NPF","χιλιάδες,","χιλιάδες","χιλιάδες","χιλιάς"
66,07,06,"P",NULL,"ἐκ","ἐκ","ἐκ","ἐκ"
66,07,06,"N","GSF","φυλῆς","φυλῆς","φυλῆς","φυλή"
66,07,06,"N","GSM","Μανασσῆ","Μανασσῆ","Μανασσῆ","Μανασσῆς"
66,07,06,"A","NPF","δώδεκα","δώδεκα","δώδεκα","δώδεκα"
66,07,06,"N","NPF","χιλιάδες,","χιλιάδες","χιλιάδες","χιλιάς"
66,07,07,"P",NULL,"ἐκ","ἐκ","ἐκ","ἐκ"
66,07,07,"N","GSF","φυλῆς","φυλῆς","φυλῆς","φυλή"
66,07,07,"N","GSM","Συμεὼν","Συμεὼν","Συμεών","Συμεών"
66,07,07,"A","NPF","δώδεκα","δώδεκα","δώδεκα","δώδεκα"
66,07,07,"N","NPF","χιλιάδες,","χιλιάδες","χιλιάδες","χιλιάς"
66,07,07,"P",NULL,"ἐκ","ἐκ","ἐκ","ἐκ"
66,07,07,"N","GSF","φυλῆς","φυλῆς","φυλῆς","φυλή"
66,07,07,"N","GSM","Λευὶ","Λευὶ","Λευί","Λευί"
66,07,07,"A","NPF","δώδεκα","δώδεκα","δώδεκα","δώδεκα"
66,07,07,"N","NPF","χιλιάδες,","χιλιάδες","χιλιάδες","χιλιάς"
66,07,07,"P",NULL,"ἐκ","ἐκ","ἐκ","ἐκ"
66,07,07,"N","GSF","φυλῆς","φυλῆς","φυλῆς","φυλή"
66,07,07,"N","GSM","Ἰσσαχὰρ","Ἰσσαχὰρ","Ἰσσαχάρ","Ἰσσαχάρ"
66,07,07,"A","NPF","δώδεκα","δώδεκα","δώδεκα","δώδεκα"
66,07,07,"N","NPF","χιλιάδες,","χιλιάδες","χιλιάδες","χιλιάς"
66,07,08,"P",NULL,"ἐκ","ἐκ","ἐκ","ἐκ"
66,07,08,"N","GSF","φυλῆς","φυλῆς","φυλῆς","φυλή"
66,07,08,"N","GSM","Ζαβουλὼν","Ζαβουλὼν","Ζαβουλών","Ζαβουλών"
66,07,08,"A","NPF","δώδεκα","δώδεκα","δώδεκα","δώδεκα"
66,07,08,"N","NPF","χιλιάδες,","χιλιάδες","χιλιάδες","χιλιάς"
66,07,08,"P",NULL,"ἐκ","ἐκ","ἐκ","ἐκ"
66,07,08,"N","GSF","φυλῆς","φυλῆς","φυλῆς","φυλή"
66,07,08,"N","GSM","Ἰωσὴφ","Ἰωσὴφ","Ἰωσήφ","Ἰωσήφ"
66,07,08,"A","NPF","δώδεκα","δώδεκα","δώδεκα","δώδεκα"
66,07,08,"N","NPF","χιλιάδες,","χιλιάδες","χιλιάδες","χιλιάς"
66,07,08,"P",NULL,"ἐκ","ἐκ","ἐκ","ἐκ"
66,07,08,"N","GSF","φυλῆς","φυλῆς","φυλῆς","φυλή"
66,07,08,"N","GSM","Βενιαμὶν","Βενιαμὶν","Βενιαμίν","Βενιαμίν"
66,07,08,"A","NPF","δώδεκα","δώδεκα","δώδεκα","δώδεκα"
66,07,08,"N","NPF","χιλιάδες","χιλιάδες","χιλιάδες","χιλιάς"
66,07,08,"V","XPPNPM","⸀ἐσφραγισμένοι.","ἐσφραγισμένοι","ἐσφραγισμένοι","σφραγίζω"
66,07,09,"P",NULL,"Μετὰ","Μετὰ","μετά","μετά"
66,07,09,"RD","APN","ταῦτα","ταῦτα","ταῦτα","οὗτος"
66,07,09,"V","1AAI-S","εἶδον,","εἶδον","εἶδον","ὁράω"
66,07,09,"C",NULL,"καὶ","καὶ","καί","καί"
66,07,09,"X",NULL,"ἰδοὺ","ἰδοὺ","ἰδού","ἰδού"
66,07,09,"N","NSM","ὄχλος","ὄχλος","ὄχλος","ὄχλος"
66,07,09,"A","NSM","πολύς,","πολύς","πολύς","πολύς"
66,07,09,"RR","ASM","ὃν","ὃν","ὅν","ὅς"
66,07,09,"V","AAN","ἀριθμῆσαι","ἀριθμῆσαι","ἀριθμῆσαι","ἀριθμέω"
66,07,09,"RP","ASM","⸀αὐτὸν","αὐτὸν","αὐτόν","αὐτός"
66,07,09,"A","NSM","οὐδεὶς","οὐδεὶς","οὐδείς","οὐδείς"
66,07,09,"V","3IMI-S","ἐδύνατο,","ἐδύνατο","ἐδύνατο","δύναμαι"
66,07,09,"P",NULL,"ἐκ","ἐκ","ἐκ","ἐκ"
66,07,09,"A","GSN","παντὸς","παντὸς","παντός","πᾶς"
66,07,09,"N","GSN","ἔθνους","ἔθνους","ἔθνους","ἔθνος"
66,07,09,"C",NULL,"καὶ","καὶ","καί","καί"
66,07,09,"N","GPF","φυλῶν","φυλῶν","φυλῶν","φυλή"
66,07,09,"C",NULL,"καὶ","καὶ","καί","καί"
66,07,09,"N","GPM","λαῶν","λαῶν","λαῶν","λαός"
66,07,09,"C",NULL,"καὶ","καὶ","καί","καί"
66,07,09,"N","GPF","γλωσσῶν,","γλωσσῶν","γλωσσῶν","γλῶσσα"
66,07,09,"V","XAPNPM","⸀ἑστῶτες","ἑστῶτες","ἑστῶτες","ἵστημι"
66,07,09,"P",NULL,"ἐνώπιον","ἐνώπιον","ἐνώπιον","ἐνώπιον"
66,07,09,"RA","GSM","τοῦ","τοῦ","τοῦ","ὁ"
66,07,09,"N","GSM","θρόνου","θρόνου","θρόνου","θρόνος"
66,07,09,"C",NULL,"καὶ","καὶ","καί","καί"
66,07,09,"P",NULL,"ἐνώπιον","ἐνώπιον","ἐνώπιον","ἐνώπιον"
66,07,09,"RA","GSN","τοῦ","τοῦ","τοῦ","ὁ"
66,07,09,"N","GSN","ἀρνίου,","ἀρνίου","ἀρνίου","ἀρνίον"
66,07,09,"V","XMPAPM","περιβεβλημένους","περιβεβλημένους","περιβεβλημένους","περιβάλλω"
66,07,09,"N","APF","στολὰς","στολὰς","στολάς","στολή"
66,07,09,"A","APF","λευκάς,","λευκάς","λευκάς","λευκός"
66,07,09,"C",NULL,"καὶ","καὶ","καί","καί"
66,07,09,"N","NPM","⸀φοίνικες","φοίνικες","φοίνικες","φοῖνιξ"
66,07,09,"P",NULL,"ἐν","ἐν","ἐν","ἐν"
66,07,09,"RA","DPF","ταῖς","ταῖς","ταῖς","ὁ"
66,07,09,"N","DPF","χερσὶν","χερσὶν","χερσί(ν)","χείρ"
66,07,09,"RP","GPM","αὐτῶν·","αὐτῶν","αὐτῶν","αὐτός"
66,07,10,"C",NULL,"καὶ","καὶ","καί","καί"
66,07,10,"V","3PAI-P","κράζουσι","κράζουσι","κράζουσι(ν)","κράζω"
66,07,10,"N","DSF","φωνῇ","φωνῇ","φωνῇ","φωνή"
66,07,10,"A","DSF","μεγάλῃ","μεγάλῃ","μεγάλῃ","μέγας"
66,07,10,"V","PAPNPM","λέγοντες·","λέγοντες","λέγοντες","λέγω"
66,07,10,"RA","NSF","Ἡ","Ἡ","ἡ","ὁ"
66,07,10,"N","NSF","σωτηρία","σωτηρία","σωτηρία","σωτηρία"
66,07,10,"RA","DSM","τῷ","τῷ","τῷ","ὁ"
66,07,10,"N","DSM","θεῷ","θεῷ","θεῷ","θεός"
66,07,10,"RP","GP","ἡμῶν","ἡμῶν","ἡμῶν","ἐγώ"
66,07,10,"RA","DSM","τῷ","τῷ","τῷ","ὁ"
66,07,10,"V","PMPDSM","καθημένῳ","καθημένῳ","καθημένῳ","κάθημαι"
66,07,10,"P",NULL,"ἐπὶ","ἐπὶ","ἐπί","ἐπί"
66,07,10,"RA","DSM","τῷ","τῷ","τῷ","ὁ"
66,07,10,"N","DSM","θρόνῳ","θρόνῳ","θρόνῳ","θρόνος"
66,07,10,"C",NULL,"καὶ","καὶ","καί","καί"
66,07,10,"RA","DSN","τῷ","τῷ","τῷ","ὁ"
66,07,10,"N","DSN","ἀρνίῳ.","ἀρνίῳ","ἀρνίῳ","ἀρνίον"
66,07,11,"C",NULL,"καὶ","καὶ","καί","καί"
66,07,11,"A","NPM","πάντες","πάντες","πάντες","πᾶς"
66,07,11,"RA","NPM","οἱ","οἱ","οἱ","ὁ"
66,07,11,"N","NPM","ἄγγελοι","ἄγγελοι","ἄγγελοι","ἄγγελος"
66,07,11,"V","3YAI-P","εἱστήκεισαν","εἱστήκεισαν","εἱστήκεισαν","ἵστημι"
66,07,11,"P",NULL,"κύκλῳ","κύκλῳ","κύκλῳ","κύκλῳ"
66,07,11,"RA","GSM","τοῦ","τοῦ","τοῦ","ὁ"
66,07,11,"N","GSM","θρόνου","θρόνου","θρόνου","θρόνος"
66,07,11,"C",NULL,"καὶ","καὶ","καί","καί"
66,07,11,"RA","GPM","τῶν","τῶν","τῶν","ὁ"
66,07,11,"A","GPM","πρεσβυτέρων","πρεσβυτέρων","πρεσβυτέρων","πρεσβύτερος"
66,07,11,"C",NULL,"καὶ","καὶ","καί","καί"
66,07,11,"RA","GPN","τῶν","τῶν","τῶν","ὁ"
66,07,11,"A","GPN","τεσσάρων","τεσσάρων","τεσσάρων","τέσσαρες"
66,07,11,"N","GPN","ζῴων,","ζῴων","ζῴων","ζῷον"
66,07,11,"C",NULL,"καὶ","καὶ","καί","καί"
66,07,11,"V","3AAI-P","ἔπεσαν","ἔπεσαν","ἔπεσαν","πίπτω"
66,07,11,"P",NULL,"ἐνώπιον","ἐνώπιον","ἐνώπιον","ἐνώπιον"
66,07,11,"RA","GSM","τοῦ","τοῦ","τοῦ","ὁ"
66,07,11,"N","GSM","θρόνου","θρόνου","θρόνου","θρόνος"
66,07,11,"P",NULL,"ἐπὶ","ἐπὶ","ἐπί","ἐπί"
66,07,11,"RA","APN","τὰ","τὰ","τά","ὁ"
66,07,11,"N","APN","πρόσωπα","πρόσωπα","πρόσωπα","πρόσωπον"
66,07,11,"RP","GPM","αὐτῶν","αὐτῶν","αὐτῶν","αὐτός"
66,07,11,"C",NULL,"καὶ","καὶ","καί","καί"
66,07,11,"V","3AAI-P","προσεκύνησαν","προσεκύνησαν","προσεκύνησαν","προσκυνέω"
66,07,11,"RA","DSM","τῷ","τῷ","τῷ","ὁ"
66,07,11,"N","DSM","θεῷ,","θεῷ","θεῷ","θεός"
66,07,12,"V","PAPNPM","λέγοντες·","λέγοντες","λέγοντες","λέγω"
66,07,12,"X",NULL,"Ἀμήν·","Ἀμήν","ἀμήν","ἀμήν"
66,07,12,"RA","NSF","ἡ","ἡ","ἡ","ὁ"
66,07,12,"N","NSF","εὐλογία","εὐλογία","εὐλογία","εὐλογία"
66,07,12,"C",NULL,"καὶ","καὶ","καί","καί"
66,07,12,"RA","NSF","ἡ","ἡ","ἡ","ὁ"
66,07,12,"N","NSF","δόξα","δόξα","δόξα","δόξα"
66,07,12,"C",NULL,"καὶ","καὶ","καί","καί"
66,07,12,"RA","NSF","ἡ","ἡ","ἡ","ὁ"
66,07,12,"N","NSF","σοφία","σοφία","σοφία","σοφία"
66,07,12,"C",NULL,"καὶ","καὶ","καί","καί"
66,07,12,"RA","NSF","ἡ","ἡ","ἡ","ὁ"
66,07,12,"N","NSF","εὐχαριστία","εὐχαριστία","εὐχαριστία","εὐχαριστία"
66,07,12,"C",NULL,"καὶ","καὶ","καί","καί"
66,07,12,"RA","NSF","ἡ","ἡ","ἡ","ὁ"
66,07,12,"N","NSF","τιμὴ","τιμὴ","τιμή","τιμή"
66,07,12,"C",NULL,"καὶ","καὶ","καί","καί"
66,07,12,"RA","NSF","ἡ","ἡ","ἡ","ὁ"
66,07,12,"N","NSF","δύναμις","δύναμις","δύναμις","δύναμις"
66,07,12,"C",NULL,"καὶ","καὶ","καί","καί"
66,07,12,"RA","NSF","ἡ","ἡ","ἡ","ὁ"
66,07,12,"N","NSF","ἰσχὺς","ἰσχὺς","ἰσχύς","ἰσχύς"
66,07,12,"RA","DSM","τῷ","τῷ","τῷ","ὁ"
66,07,12,"N","DSM","θεῷ","θεῷ","θεῷ","θεός"
66,07,12,"RP","GP","ἡμῶν","ἡμῶν","ἡμῶν","ἐγώ"
66,07,12,"P",NULL,"εἰς","εἰς","εἰς","εἰς"
66,07,12,"RA","APM","τοὺς","τοὺς","τούς","ὁ"
66,07,12,"N","APM","αἰῶνας","αἰῶνας","αἰῶνας","αἰών"
66,07,12,"RA","GPM","τῶν","τῶν","τῶν","ὁ"
66,07,12,"N","GPM","αἰώνων·","αἰώνων","αἰώνων","αἰών"
66,07,12,"X",NULL,"ἀμήν.","ἀμήν","ἀμήν","ἀμήν"
66,07,13,"C",NULL,"Καὶ","Καὶ","καί","καί"
66,07,13,"V","3API-S","ἀπεκρίθη","ἀπεκρίθη","ἀπεκρίθη","ἀποκρίνομαι"
66,07,13,"A","NSM","εἷς","εἷς","εἷς","εἷς"
66,07,13,"P",NULL,"ἐκ","ἐκ","ἐκ","ἐκ"
66,07,13,"RA","GPM","τῶν","τῶν","τῶν","ὁ"
66,07,13,"A","GPM","πρεσβυτέρων","πρεσβυτέρων","πρεσβυτέρων","πρεσβύτερος"
66,07,13,"V","PAPNSM","λέγων","λέγων","λέγων","λέγω"
66,07,13,"RP","DS","μοι·","μοι","μοι","ἐγώ"
66,07,13,"RD","NPM","Οὗτοι","Οὗτοι","οὗτοι","οὗτος"
66,07,13,"RA","NPM","οἱ","οἱ","οἱ","ὁ"
66,07,13,"V","XMPNPM","περιβεβλημένοι","περιβεβλημένοι","περιβεβλημένοι","περιβάλλω"
66,07,13,"RA","APF","τὰς","τὰς","τάς","ὁ"
66,07,13,"N","APF","στολὰς","στολὰς","στολάς","στολή"
66,07,13,"RA","APF","τὰς","τὰς","τάς","ὁ"
66,07,13,"A","APF","λευκὰς","λευκὰς","λευκάς","λευκός"
66,07,13,"RI","NPM","τίνες","τίνες","τίνες","τίς"
66,07,13,"V","3PAI-P","εἰσὶν","εἰσὶν","εἰσί(ν)","εἰμί"
66,07,13,"C",NULL,"καὶ","καὶ","καί","καί"
66,07,13,"D",NULL,"πόθεν","πόθεν","πόθεν","πόθεν"
66,07,13,"V","3AAI-P","ἦλθον;","ἦλθον","ἦλθον","ἔρχομαι"
66,07,14,"C",NULL,"καὶ","καὶ","καί","καί"
66,07,14,"V","1XAI-S","⸀εἴρηκα","εἴρηκα","εἴρηκα","λέγω"
66,07,14,"RP","DSM","αὐτῷ·","αὐτῷ","αὐτῷ","αὐτός"
66,07,14,"N","VSM","Κύριέ","Κύριέ","κύριε","κύριος"
66,07,14,"RP","GS","μου,","μου","μου","ἐγώ"
66,07,14,"RP","NS","σὺ","σὺ","σύ","σύ"
66,07,14,"V","2XAI-S","οἶδας.","οἶδας","οἶδας","οἶδα"
66,07,14,"C",NULL,"καὶ","καὶ","καί","καί"
66,07,14,"V","3AAI-S","εἶπέν","εἶπέν","εἶπε(ν)","λέγω"
66,07,14,"RP","DS","μοι·","μοι","μοι","ἐγώ"
66,07,14,"RD","NPM","Οὗτοί","Οὗτοί","οὗτοι","οὗτος"
66,07,14,"V","3PAI-P","εἰσιν","εἰσιν","εἰσί(ν)","εἰμί"
66,07,14,"RA","NPM","οἱ","οἱ","οἱ","ὁ"
66,07,14,"V","PMPNPM","ἐρχόμενοι","ἐρχόμενοι","ἐρχόμενοι","ἔρχομαι"
66,07,14,"P",NULL,"ἐκ","ἐκ","ἐκ","ἐκ"
66,07,14,"RA","GSF","τῆς","τῆς","τῆς","ὁ"
66,07,14,"N","GSF","θλίψεως","θλίψεως","θλίψεως","θλῖψις"
66,07,14,"RA","GSF","τῆς","τῆς","τῆς","ὁ"
66,07,14,"A","GSF","μεγάλης,","μεγάλης","μεγάλης","μέγας"
66,07,14,"C",NULL,"καὶ","καὶ","καί","καί"
66,07,14,"V","3AAI-P","ἔπλυναν","ἔπλυναν","ἔπλυναν","πλύνω"
66,07,14,"RA","APF","τὰς","τὰς","τάς","ὁ"
66,07,14,"N","APF","στολὰς","στολὰς","στολάς","στολή"
66,07,14,"RP","GPM","αὐτῶν","αὐτῶν","αὐτῶν","αὐτός"
66,07,14,"C",NULL,"καὶ","καὶ","καί","καί"
66,07,14,"V","3AAI-P","ἐλεύκαναν","ἐλεύκαναν","ἐλεύκαναν","λευκαίνω"
66,07,14,"RP","APF","⸀αὐτὰς","αὐτὰς","αὐτάς","αὐτός"
66,07,14,"P",NULL,"ἐν","ἐν","ἐν","ἐν"
66,07,14,"RA","DSN","τῷ","τῷ","τῷ","ὁ"
66,07,14,"N","DSN","αἵματι","αἵματι","αἵματι","αἷμα"
66,07,14,"RA","GSN","τοῦ","τοῦ","τοῦ","ὁ"
66,07,14,"N","GSN","ἀρνίου.","ἀρνίου","ἀρνίου","ἀρνίον"
66,07,15,"P",NULL,"διὰ","διὰ","διά","διά"
66,07,15,"RD","ASN","τοῦτό","τοῦτό","τοῦτο","οὗτος"
66,07,15,"V","3PAI-P","εἰσιν","εἰσιν","εἰσί(ν)","εἰμί"
66,07,15,"P",NULL,"ἐνώπιον","ἐνώπιον","ἐνώπιον","ἐνώπιον"
66,07,15,"RA","GSM","τοῦ","τοῦ","τοῦ","ὁ"
66,07,15,"N","GSM","θρόνου","θρόνου","θρόνου","θρόνος"
66,07,15,"RA","GSM","τοῦ","τοῦ","τοῦ","ὁ"
66,07,15,"N","GSM","θεοῦ,","θεοῦ","θεοῦ","θεός"
66,07,15,"C",NULL,"καὶ","καὶ","καί","καί"
66,07,15,"V","3PAI-P","λατρεύουσιν","λατρεύουσιν","λατρεύουσι(ν)","λατρεύω"
66,07,15,"RP","DSM","αὐτῷ","αὐτῷ","αὐτῷ","αὐτός"
66,07,15,"N","GSF","ἡμέρας","ἡμέρας","ἡμέρας","ἡμέρα"
66,07,15,"C",NULL,"καὶ","καὶ","καί","καί"
66,07,15,"N","GSF","νυκτὸς","νυκτὸς","νυκτός","νύξ"
66,07,15,"P",NULL,"ἐν","ἐν","ἐν","ἐν"
66,07,15,"RA","DSM","τῷ","τῷ","τῷ","ὁ"
66,07,15,"N","DSM","ναῷ","ναῷ","ναῷ","ναός"
66,07,15,"RP","GSM","αὐτοῦ,","αὐτοῦ","αὐτοῦ","αὐτός"
66,07,15,"C",NULL,"καὶ","καὶ","καί","καί"
66,07,15,"RA","NSM","ὁ","ὁ","ὁ","ὁ"
66,07,15,"V","PMPNSM","καθήμενος","καθήμενος","καθήμενος","κάθημαι"
66,07,15,"P",NULL,"ἐπὶ","ἐπὶ","ἐπί","ἐπί"
66,07,15,"RA","GSM","⸂τοῦ","τοῦ","τοῦ","ὁ"
66,07,15,"N","GSM","θρόνου⸃","θρόνου","θρόνου","θρόνος"
66,07,15,"V","3FAI-S","σκηνώσει","σκηνώσει","σκηνώσει","σκηνόω"
66,07,15,"P",NULL,"ἐπ’","ἐπ’","ἐπί","ἐπί"
66,07,15,"RP","APM","αὐτούς.","αὐτούς","αὐτούς","αὐτός"
66,07,16,"D",NULL,"οὐ","οὐ","οὐ","οὐ"
66,07,16,"V","3FAI-P","πεινάσουσιν","πεινάσουσιν","πεινάσουσι(ν)","πεινάω"
66,07,16,"D",NULL,"ἔτι","ἔτι","ἔτι","ἔτι"
66,07,16,"C",NULL,"⸀οὐδὲ","οὐδὲ","οὐδέ","οὐδέ"
66,07,16,"V","3FAI-P","διψήσουσιν","διψήσουσιν","διψήσουσι(ν)","διψάω"
66,07,16,"D",NULL,"ἔτι,","ἔτι","ἔτι","ἔτι"
66,07,16,"C",NULL,"οὐδὲ","οὐδὲ","οὐδέ","οὐδέ"
66,07,16,"D",NULL,"μὴ","μὴ","μή","μή"
66,07,16,"V","3AAS-S","πέσῃ","πέσῃ","πέσῃ","πίπτω"
66,07,16,"P",NULL,"ἐπ’","ἐπ’","ἐπί","ἐπί"
66,07,16,"RP","APM","αὐτοὺς","αὐτοὺς","αὐτούς","αὐτός"
66,07,16,"RA","NSM","ὁ","ὁ","ὁ","ὁ"
66,07,16,"N","NSM","ἥλιος","ἥλιος","ἥλιος","ἥλιος"
66,07,16,"C",NULL,"οὐδὲ","οὐδὲ","οὐδέ","οὐδέ"
66,07,16,"A","NSN","πᾶν","πᾶν","πᾶν","πᾶς"
66,07,16,"N","NSN","καῦμα,","καῦμα","καῦμα","καῦμα"
66,07,17,"C",NULL,"ὅτι","ὅτι","ὅτι","ὅτι"
66,07,17,"RA","NSN","τὸ","τὸ","τό","ὁ"
66,07,17,"N","NSN","ἀρνίον","ἀρνίον","ἀρνίον","ἀρνίον"
66,07,17,"RA","NSN","τὸ","τὸ","τό","ὁ"
66,07,17,"P",NULL,"ἀνὰ","ἀνὰ","ἀνά","ἀνά"
66,07,17,"A","ASN","μέσον","μέσον","μέσον","μέσος"
66,07,17,"RA","GSM","τοῦ","τοῦ","τοῦ","ὁ"
66,07,17,"N","GSM","θρόνου","θρόνου","θρόνου","θρόνος"
66,07,17,"V","3FAI-S","⸀ποιμανεῖ","ποιμανεῖ","ποιμανεῖ","ποιμαίνω"
66,07,17,"RP","APM","αὐτούς,","αὐτούς","αὐτούς","αὐτός"
66,07,17,"C",NULL,"καὶ","καὶ","καί","καί"
66,07,17,"V","3FAI-S","⸀ὁδηγήσει","ὁδηγήσει","ὁδηγήσει","ὁδηγέω"
66,07,17,"RP","APM","αὐτοὺς","αὐτοὺς","αὐτούς","αὐτός"
66,07,17,"P",NULL,"ἐπὶ","ἐπὶ","ἐπί","ἐπί"
66,07,17,"N","GSF","ζωῆς","ζωῆς","ζωῆς","ζωή"
66,07,17,"N","APF","πηγὰς","πηγὰς","πηγάς","πηγή"
66,07,17,"N","GPN","ὑδάτων·","ὑδάτων","ὑδάτων","ὕδωρ"
66,07,17,"C",NULL,"καὶ","καὶ","καί","καί"
66,07,17,"V","3FAI-S","ἐξαλείψει","ἐξαλείψει","ἐξαλείψει","ἐξαλείφω"
66,07,17,"RA","NSM","ὁ","ὁ","ὁ","ὁ"
66,07,17,"N","NSM","θεὸς","θεὸς","θεός","θεός"
66,07,17,"A","ASN","πᾶν","πᾶν","πᾶν","πᾶς"
66,07,17,"N","ASN","δάκρυον","δάκρυον","δάκρυον","δάκρυον"
66,07,17,"P",NULL,"ἐκ","ἐκ","ἐκ","ἐκ"
66,07,17,"RA","GPM","τῶν","τῶν","τῶν","ὁ"
66,07,17,"N","GPM","ὀφθαλμῶν","ὀφθαλμῶν","ὀφθαλμῶν","ὀφθαλμός"
66,07,17,"RP","GPM","αὐτῶν.","αὐτῶν","αὐτῶν","αὐτός"
66,08,01,"C",NULL,"Καὶ","Καὶ","καί","καί"
66,08,01,"C",NULL,"⸀ὅταν","ὅταν","ὅταν","ὅταν"
66,08,01,"V","3AAI-S","ἤνοιξεν","ἤνοιξεν","ἤνοιξε(ν)","ἀνοίγω"
66,08,01,"RA","ASF","τὴν","τὴν","τήν","ὁ"
66,08,01,"N","ASF","σφραγῖδα","σφραγῖδα","σφραγῖδα","σφραγίς"
66,08,01,"RA","ASF","τὴν","τὴν","τήν","ὁ"
66,08,01,"A","ASF","ἑβδόμην,","ἑβδόμην","ἑβδόμην","ἕβδομος"
66,08,01,"V","3AMI-S","ἐγένετο","ἐγένετο","ἐγένετο","γίνομαι"
66,08,01,"N","NSF","σιγὴ","σιγὴ","σιγή","σιγή"
66,08,01,"P",NULL,"ἐν","ἐν","ἐν","ἐν"
66,08,01,"RA","DSM","τῷ","τῷ","τῷ","ὁ"
66,08,01,"N","DSM","οὐρανῷ","οὐρανῷ","οὐρανῷ","οὐρανός"
66,08,01,"D",NULL,"ὡς","ὡς","ὡς","ὡς"
66,08,01,"N","ASN","ἡμιώριον.","ἡμιώριον","ἡμιώριον","ἡμιώριον"
66,08,02,"C",NULL,"καὶ","καὶ","καί","καί"
66,08,02,"V","1AAI-S","εἶδον","εἶδον","εἶδον","ὁράω"
66,08,02,"RA","APM","τοὺς","τοὺς","τούς","ὁ"
66,08,02,"A","APM","ἑπτὰ","ἑπτὰ","ἑπτά","ἑπτά"
66,08,02,"N","APM","ἀγγέλους","ἀγγέλους","ἀγγέλους","ἄγγελος"
66,08,02,"RR","NPM","οἳ","οἳ","οἵ","ὅς"
66,08,02,"P",NULL,"ἐνώπιον","ἐνώπιον","ἐνώπιον","ἐνώπιον"
66,08,02,"RA","GSM","τοῦ","τοῦ","τοῦ","ὁ"
66,08,02,"N","GSM","θεοῦ","θεοῦ","θεοῦ","θεός"
66,08,02,"V","3XAI-P","ἑστήκασιν,","ἑστήκασιν","ἑστήκασι(ν)","ἵστημι"
66,08,02,"C",NULL,"καὶ","καὶ","καί","καί"
66,08,02,"V","3API-P","ἐδόθησαν","ἐδόθησαν","ἐδόθησαν","δίδωμι"
66,08,02,"RP","DPM","αὐτοῖς","αὐτοῖς","αὐτοῖς","αὐτός"
66,08,02,"A","NPF","ἑπτὰ","ἑπτὰ","ἑπτά","ἑπτά"
66,08,02,"N","NPF","σάλπιγγες.","σάλπιγγες","σάλπιγγες","σάλπιγξ"
66,08,03,"C",NULL,"Καὶ","Καὶ","καί","καί"
66,08,03,"A","NSM","ἄλλος","ἄλλος","ἄλλος","ἄλλος"
66,08,03,"N","NSM","ἄγγελος","ἄγγελος","ἄγγελος","ἄγγελος"
66,08,03,"V","3AAI-S","ἦλθεν","ἦλθεν","ἦλθε(ν)","ἔρχομαι"
66,08,03,"C",NULL,"καὶ","καὶ","καί","καί"
66,08,03,"V","3API-S","ἐστάθη","ἐστάθη","ἐστάθη","ἵστημι"
66,08,03,"P",NULL,"ἐπὶ","ἐπὶ","ἐπί","ἐπί"
66,08,03,"RA","GSN","τοῦ","τοῦ","τοῦ","ὁ"
66,08,03,"N","GSN","θυσιαστηρίου","θυσιαστηρίου","θυσιαστηρίου","θυσιαστήριον"
66,08,03,"V","PAPNSM","ἔχων","ἔχων","ἔχων","ἔχω"
66,08,03,"N","ASM","λιβανωτὸν","λιβανωτὸν","λιβανωτόν","λιβανωτός"
66,08,03,"A","ASM","χρυσοῦν,","χρυσοῦν","χρυσοῦν","χρυσοῦς"
66,08,03,"C",NULL,"καὶ","καὶ","καί","καί"
66,08,03,"V","3API-S","ἐδόθη","ἐδόθη","ἐδόθη","δίδωμι"
66,08,03,"RP","DSM","αὐτῷ","αὐτῷ","αὐτῷ","αὐτός"
66,08,03,"N","NPN","θυμιάματα","θυμιάματα","θυμιάματα","θυμίαμα"
66,08,03,"A","NPN","πολλὰ","πολλὰ","πολλά","πολύς"
66,08,03,"C",NULL,"ἵνα","ἵνα","ἵνα","ἵνα"
66,08,03,"V","3FAI-S","⸀δώσει","δώσει","δώσει","δίδωμι"
66,08,03,"RA","DPF","ταῖς","ταῖς","ταῖς","ὁ"
66,08,03,"N","DPF","προσευχαῖς","προσευχαῖς","προσευχαῖς","προσευχή"
66,08,03,"RA","GPM","τῶν","τῶν","τῶν","ὁ"
66,08,03,"A","GPM","ἁγίων","ἁγίων","ἁγίων","ἅγιος"
66,08,03,"A","GPM","πάντων","πάντων","πάντων","πᾶς"
66,08,03,"P",NULL,"ἐπὶ","ἐπὶ","ἐπί","ἐπί"
66,08,03,"RA","ASN","τὸ","τὸ","τό","ὁ"
66,08,03,"N","ASN","θυσιαστήριον","θυσιαστήριον","θυσιαστήριον","θυσιαστήριον"
66,08,03,"RA","ASN","τὸ","τὸ","τό","ὁ"
66,08,03,"A","ASN","χρυσοῦν","χρυσοῦν","χρυσοῦν","χρυσοῦς"
66,08,03,"RA","ASN","τὸ","τὸ","τό","ὁ"
66,08,03,"P",NULL,"ἐνώπιον","ἐνώπιον","ἐνώπιον","ἐνώπιον"
66,08,03,"RA","GSM","τοῦ","τοῦ","τοῦ","ὁ"
66,08,03,"N","GSM","θρόνου.","θρόνου","θρόνου","θρόνος"
66,08,04,"C",NULL,"καὶ","καὶ","καί","καί"
66,08,04,"V","3AAI-S","ἀνέβη","ἀνέβη","ἀνέβη","ἀναβαίνω"
66,08,04,"RA","NSM","ὁ","ὁ","ὁ","ὁ"
66,08,04,"N","NSM","καπνὸς","καπνὸς","καπνός","καπνός"
66,08,04,"RA","GPN","τῶν","τῶν","τῶν","ὁ"
66,08,04,"N","GPN","θυμιαμάτων","θυμιαμάτων","θυμιαμάτων","θυμίαμα"
66,08,04,"RA","DPF","ταῖς","ταῖς","ταῖς","ὁ"
66,08,04,"N","DPF","προσευχαῖς","προσευχαῖς","προσευχαῖς","προσευχή"
66,08,04,"RA","GPM","τῶν","τῶν","τῶν","ὁ"
66,08,04,"A","GPM","ἁγίων","ἁγίων","ἁγίων","ἅγιος"
66,08,04,"P",NULL,"ἐκ","ἐκ","ἐκ","ἐκ"
66,08,04,"N","GSF","χειρὸς","χειρὸς","χειρός","χείρ"
66,08,04,"RA","GSM","τοῦ","τοῦ","τοῦ","ὁ"
66,08,04,"N","GSM","ἀγγέλου","ἀγγέλου","ἀγγέλου","ἄγγελος"
66,08,04,"P",NULL,"ἐνώπιον","ἐνώπιον","ἐνώπιον","ἐνώπιον"
66,08,04,"RA","GSM","τοῦ","τοῦ","τοῦ","ὁ"
66,08,04,"N","GSM","θεοῦ.","θεοῦ","θεοῦ","θεός"
66,08,05,"C",NULL,"καὶ","καὶ","καί","καί"
66,08,05,"V","3XAI-S","εἴληφεν","εἴληφεν","εἴληφε(ν)","λαμβάνω"
66,08,05,"RA","NSM","ὁ","ὁ","ὁ","ὁ"
66,08,05,"N","NSM","ἄγγελος","ἄγγελος","ἄγγελος","ἄγγελος"
66,08,05,"RA","ASM","τὸν","τὸν","τόν","ὁ"
66,08,05,"N","ASM","λιβανωτόν,","λιβανωτόν","λιβανωτόν","λιβανωτός"
66,08,05,"C",NULL,"καὶ","καὶ","καί","καί"
66,08,05,"V","3AAI-S","ἐγέμισεν","ἐγέμισεν","ἐγέμισε(ν)","γεμίζω"
66,08,05,"RP","ASM","αὐτὸν","αὐτὸν","αὐτόν","αὐτός"
66,08,05,"P",NULL,"ἐκ","ἐκ","ἐκ","ἐκ"
66,08,05,"RA","GSN","τοῦ","τοῦ","τοῦ","ὁ"
66,08,05,"N","GSN","πυρὸς","πυρὸς","πυρός","πῦρ"
66,08,05,"RA","GSN","τοῦ","τοῦ","τοῦ","ὁ"
66,08,05,"N","GSN","θυσιαστηρίου,","θυσιαστηρίου","θυσιαστηρίου","θυσιαστήριον"
66,08,05,"C",NULL,"καὶ","καὶ","καί","καί"
66,08,05,"V","3AAI-S","ἔβαλεν","ἔβαλεν","ἔβαλε(ν)","βάλλω"
66,08,05,"P",NULL,"εἰς","εἰς","εἰς","εἰς"
66,08,05,"RA","ASF","τὴν","τὴν","τήν","ὁ"
66,08,05,"N","ASF","γῆν·","γῆν","γῆν","γῆ"
66,08,05,"C",NULL,"καὶ","καὶ","καί","καί"
66,08,05,"V","3AMI-P","ἐγένοντο","ἐγένοντο","ἐγένοντο","γίνομαι"
66,08,05,"N","NPF","βρονταὶ","βρονταὶ","βρονταί","βροντή"
66,08,05,"C",NULL,"καὶ","καὶ","καί","καί"
66,08,05,"N","NPF","φωναὶ","φωναὶ","φωναί","φωνή"
66,08,05,"C",NULL,"καὶ","καὶ","καί","καί"
66,08,05,"N","NPF","ἀστραπαὶ","ἀστραπαὶ","ἀστραπαί","ἀστραπή"
66,08,05,"C",NULL,"καὶ","καὶ","καί","καί"
66,08,05,"N","NSM","σεισμός.","σεισμός","σεισμός","σεισμός"
66,08,06,"C",NULL,"Καὶ","Καὶ","καί","καί"
66,08,06,"RA","NPM","οἱ","οἱ","οἱ","ὁ"
66,08,06,"A","NPM","ἑπτὰ","ἑπτὰ","ἑπτά","ἑπτά"
66,08,06,"N","NPM","ἄγγελοι","ἄγγελοι","ἄγγελοι","ἄγγελος"
66,08,06,"RA","NPM","οἱ","οἱ","οἱ","ὁ"
66,08,06,"V","PAPNPM","ἔχοντες","ἔχοντες","ἔχοντες","ἔχω"
66,08,06,"RA","APF","τὰς","τὰς","τάς","ὁ"
66,08,06,"A","APF","ἑπτὰ","ἑπτὰ","ἑπτά","ἑπτά"
66,08,06,"N","APF","σάλπιγγας","σάλπιγγας","σάλπιγγας","σάλπιγξ"
66,08,06,"V","3AAI-P","ἡτοίμασαν","ἡτοίμασαν","ἡτοίμασαν","ἑτοιμάζω"
66,08,06,"RP","APM","⸀αὑτοὺς","αὑτοὺς","αὑτούς","ἑαυτοῦ"
66,08,06,"C",NULL,"ἵνα","ἵνα","ἵνα","ἵνα"
66,08,06,"V","3AAS-P","σαλπίσωσιν.","σαλπίσωσιν","σαλπίσωσι(ν)","σαλπίζω"
66,08,07,"C",NULL,"Καὶ","Καὶ","καί","καί"
66,08,07,"RA","NSM","ὁ","ὁ","ὁ","ὁ"
66,08,07,"A","NSM","πρῶτος","πρῶτος","πρῶτος","πρῶτος"
66,08,07,"V","3AAI-S","ἐσάλπισεν·","ἐσάλπισεν","ἐσάλπισε(ν)","σαλπίζω"
66,08,07,"C",NULL,"καὶ","καὶ","καί","καί"
66,08,07,"V","3AMI-S","ἐγένετο","ἐγένετο","ἐγένετο","γίνομαι"
66,08,07,"N","NSF","χάλαζα","χάλαζα","χάλαζα","χάλαζα"
66,08,07,"C",NULL,"καὶ","καὶ","καί","καί"
66,08,07,"N","NSN","πῦρ","πῦρ","πῦρ","πῦρ"
66,08,07,"V","XPPNPN","μεμιγμένα","μεμιγμένα","μεμιγμένα","μίγνυμι"
66,08,07,"P",NULL,"ἐν","ἐν","ἐν","ἐν"
66,08,07,"N","DSN","αἵματι,","αἵματι","αἵματι","αἷμα"
66,08,07,"C",NULL,"καὶ","καὶ","καί","καί"
66,08,07,"V","3API-S","ἐβλήθη","ἐβλήθη","ἐβλήθη","βάλλω"
66,08,07,"P",NULL,"εἰς","εἰς","εἰς","εἰς"
66,08,07,"RA","ASF","τὴν","τὴν","τήν","ὁ"
66,08,07,"N","ASF","γῆν·","γῆν","γῆν","γῆ"
66,08,07,"C",NULL,"καὶ","καὶ","καί","καί"
66,08,07,"RA","NSN","τὸ","τὸ","τό","ὁ"
66,08,07,"A","NSN","τρίτον","τρίτον","τρίτον","τρίτος"
66,08,07,"RA","GSF","τῆς","τῆς","τῆς","ὁ"
66,08,07,"N","GSF","γῆς","γῆς","γῆς","γῆ"
66,08,07,"V","3API-S","κατεκάη,","κατεκάη","κατεκάη","κατακαίω"
66,08,07,"C",NULL,"καὶ","καὶ","καί","καί"
66,08,07,"RA","NSN","τὸ","τὸ","τό","ὁ"
66,08,07,"A","NSN","τρίτον","τρίτον","τρίτον","τρίτος"
66,08,07,"RA","GPN","τῶν","τῶν","τῶν","ὁ"
66,08,07,"N","GPN","δένδρων","δένδρων","δένδρων","δένδρον"
66,08,07,"V","3API-S","κατεκάη,","κατεκάη","κατεκάη","κατακαίω"
66,08,07,"C",NULL,"καὶ","καὶ","καί","καί"
66,08,07,"A","NSM","πᾶς","πᾶς","πᾶς","πᾶς"
66,08,07,"N","NSM","χόρτος","χόρτος","χόρτος","χόρτος"
66,08,07,"A","NSM","χλωρὸς","χλωρὸς","χλωρός","χλωρός"
66,08,07,"V","3API-S","κατεκάη.","κατεκάη","κατεκάη","κατακαίω"
66,08,08,"C",NULL,"Καὶ","Καὶ","καί","καί"
66,08,08,"RA","NSM","ὁ","ὁ","ὁ","ὁ"
66,08,08,"A","NSM","δεύτερος","δεύτερος","δεύτερος","δεύτερος"
66,08,08,"N","NSM","ἄγγελος","ἄγγελος","ἄγγελος","ἄγγελος"
66,08,08,"V","3AAI-S","ἐσάλπισεν·","ἐσάλπισεν","ἐσάλπισε(ν)","σαλπίζω"
66,08,08,"C",NULL,"καὶ","καὶ","καί","καί"
66,08,08,"C",NULL,"ὡς","ὡς","ὡς","ὡς"
66,08,08,"N","NSN","ὄρος","ὄρος","ὄρος","ὄρος"
66,08,08,"A","NSN","μέγα","μέγα","μέγα","μέγας"
66,08,08,"N","DSN","⸀πυρὶ","πυρὶ","πυρί","πῦρ"
66,08,08,"V","PPPNSN","καιόμενον","καιόμενον","καιόμενον","καίω"
66,08,08,"V","3API-S","ἐβλήθη","ἐβλήθη","ἐβλήθη","βάλλω"
66,08,08,"P",NULL,"εἰς","εἰς","εἰς","εἰς"
66,08,08,"RA","ASF","τὴν","τὴν","τήν","ὁ"
66,08,08,"N","ASF","θάλασσαν·","θάλασσαν","θάλασσαν","θάλασσα"
66,08,08,"C",NULL,"καὶ","καὶ","καί","καί"
66,08,08,"V","3AMI-S","ἐγένετο","ἐγένετο","ἐγένετο","γίνομαι"
66,08,08,"RA","NSN","τὸ","τὸ","τό","ὁ"
66,08,08,"A","NSN","τρίτον","τρίτον","τρίτον","τρίτος"
66,08,08,"RA","GSF","τῆς","τῆς","τῆς","ὁ"
66,08,08,"N","GSF","θαλάσσης","θαλάσσης","θαλάσσης","θάλασσα"
66,08,08,"N","NSN","αἷμα,","αἷμα","αἷμα","αἷμα"
66,08,09,"C",NULL,"καὶ","καὶ","καί","καί"
66,08,09,"V","3AAI-S","ἀπέθανε","ἀπέθανε","ἀπέθανε(ν)","ἀποθνῄσκω"
66,08,09,"RA","NSN","τὸ","τὸ","τό","ὁ"
66,08,09,"A","NSN","τρίτον","τρίτον","τρίτον","τρίτος"
66,08,09,"RA","GPN","⸀τῶν","τῶν","τῶν","ὁ"
66,08,09,"N","GPN","κτισμάτων","κτισμάτων","κτισμάτων","κτίσμα"
66,08,09,"RA","GPN","τῶν","τῶν","τῶν","ὁ"
66,08,09,"P",NULL,"ἐν","ἐν","ἐν","ἐν"
66,08,09,"RA","DSF","τῇ","τῇ","τῇ","ὁ"
66,08,09,"N","DSF","θαλάσσῃ,","θαλάσσῃ","θαλάσσῃ","θάλασσα"
66,08,09,"RA","NPN","τὰ","τὰ","τά","ὁ"
66,08,09,"V","PAPNPN","ἔχοντα","ἔχοντα","ἔχοντα","ἔχω"
66,08,09,"N","APF","ψυχάς,","ψυχάς","ψυχάς","ψυχή"
66,08,09,"C",NULL,"καὶ","καὶ","καί","καί"
66,08,09,"RA","NSN","τὸ","τὸ","τό","ὁ"
66,08,09,"A","NSN","τρίτον","τρίτον","τρίτον","τρίτος"
66,08,09,"RA","GPN","τῶν","τῶν","τῶν","ὁ"
66,08,09,"N","GPN","πλοίων","πλοίων","πλοίων","πλοῖον"
66,08,09,"V","3API-P","⸀διεφθάρησαν.","διεφθάρησαν","διεφθάρησαν","διαφθείρω"
66,08,10,"C",NULL,"Καὶ","Καὶ","καί","καί"
66,08,10,"RA","NSM","ὁ","ὁ","ὁ","ὁ"
66,08,10,"A","NSM","τρίτος","τρίτος","τρίτος","τρίτος"
66,08,10,"N","NSM","ἄγγελος","ἄγγελος","ἄγγελος","ἄγγελος"
66,08,10,"V","3AAI-S","ἐσάλπισεν·","ἐσάλπισεν","ἐσάλπισε(ν)","σαλπίζω"
66,08,10,"C",NULL,"καὶ","καὶ","καί","καί"
66,08,10,"V","3AAI-S","ἔπεσεν","ἔπεσεν","ἔπεσε(ν)","πίπτω"
66,08,10,"P",NULL,"ἐκ","ἐκ","ἐκ","ἐκ"
66,08,10,"RA","GSM","τοῦ","τοῦ","τοῦ","ὁ"
66,08,10,"N","GSM","οὐρανοῦ","οὐρανοῦ","οὐρανοῦ","οὐρανός"
66,08,10,"N","NSM","ἀστὴρ","ἀστὴρ","ἀστήρ","ἀστήρ"
66,08,10,"A","NSM","μέγας","μέγας","μέγας","μέγας"
66,08,10,"V","PPPNSM","καιόμενος","καιόμενος","καιόμενος","καίω"
66,08,10,"C",NULL,"ὡς","ὡς","ὡς","ὡς"
66,08,10,"N","NSF","λαμπάς,","λαμπάς","λαμπάς","λαμπάς"
66,08,10,"C",NULL,"καὶ","καὶ","καί","καί"
66,08,10,"V","3AAI-S","ἔπεσεν","ἔπεσεν","ἔπεσε(ν)","πίπτω"
66,08,10,"P",NULL,"ἐπὶ","ἐπὶ","ἐπί","ἐπί"
66,08,10,"RA","ASN","τὸ","τὸ","τό","ὁ"
66,08,10,"A","ASN","τρίτον","τρίτον","τρίτον","τρίτος"
66,08,10,"RA","GPM","τῶν","τῶν","τῶν","ὁ"
66,08,10,"N","GPM","ποταμῶν","ποταμῶν","ποταμῶν","ποταμός"
66,08,10,"C",NULL,"καὶ","καὶ","καί","καί"
66,08,10,"P",NULL,"ἐπὶ","ἐπὶ","ἐπί","ἐπί"
66,08,10,"RA","APF","τὰς","τὰς","τάς","ὁ"
66,08,10,"N","APF","πηγὰς","πηγὰς","πηγάς","πηγή"
66,08,10,"RA","GPN","τῶν","τῶν","τῶν","ὁ"
66,08,10,"N","GPN","ὑδάτων.","ὑδάτων","ὑδάτων","ὕδωρ"
66,08,11,"C",NULL,"καὶ","καὶ","καί","καί"
66,08,11,"RA","NSN","τὸ","τὸ","τό","ὁ"
66,08,11,"N","NSN","ὄνομα","ὄνομα","ὄνομα","ὄνομα"
66,08,11,"RA","GSM","τοῦ","τοῦ","τοῦ","ὁ"
66,08,11,"N","GSM","ἀστέρος","ἀστέρος","ἀστέρος","ἀστήρ"
66,08,11,"V","3PPI-S","λέγεται·","λέγεται","λέγεται","λέγω"
66,08,11,"RA","NSM","⸀ὁ","ὁ","ὁ","ὁ"
66,08,11,"N","NSM","Ἄψινθος.","Ἄψινθος","Ἄψινθος","Ἄψινθος"
66,08,11,"C",NULL,"καὶ","καὶ","καί","καί"
66,08,11,"V","3AMI-S","ἐγένετο","ἐγένετο","ἐγένετο","γίνομαι"
66,08,11,"RA","NSN","τὸ","τὸ","τό","ὁ"
66,08,11,"A","NSN","τρίτον","τρίτον","τρίτον","τρίτος"
66,08,11,"RA","GPN","τῶν","τῶν","τῶν","ὁ"
66,08,11,"N","GPN","ὑδάτων","ὑδάτων","ὑδάτων","ὕδωρ"
66,08,11,"P",NULL,"εἰς","εἰς","εἰς","εἰς"
66,08,11,"N","ASF","ἄψινθον,","ἄψινθον","ἄψινθον","ἄψινθος"
66,08,11,"C",NULL,"καὶ","καὶ","καί","καί"
66,08,11,"A","NPM","πολλοὶ","πολλοὶ","πολλοί","πολύς"
66,08,11,"RA","GPM","τῶν","τῶν","τῶν","ὁ"
66,08,11,"N","GPM","ἀνθρώπων","ἀνθρώπων","ἀνθρώπων","ἄνθρωπος"
66,08,11,"V","3AAI-P","ἀπέθανον","ἀπέθανον","ἀπέθανον","ἀποθνῄσκω"
66,08,11,"P",NULL,"ἐκ","ἐκ","ἐκ","ἐκ"
66,08,11,"RA","GPN","τῶν","τῶν","τῶν","ὁ"
66,08,11,"N","GPN","ὑδάτων,","ὑδάτων","ὑδάτων","ὕδωρ"
66,08,11,"C",NULL,"ὅτι","ὅτι","ὅτι","ὅτι"
66,08,11,"V","3API-P","ἐπικράνθησαν.","ἐπικράνθησαν","ἐπικράνθησαν","πικραίνω"
66,08,12,"C",NULL,"Καὶ","Καὶ","καί","καί"
66,08,12,"RA","NSM","ὁ","ὁ","ὁ","ὁ"
66,08,12,"A","NSM","τέταρτος","τέταρτος","τέταρτος","τέταρτος"
66,08,12,"N","NSM","ἄγγελος","ἄγγελος","ἄγγελος","ἄγγελος"
66,08,12,"V","3AAI-S","ἐσάλπισεν·","ἐσάλπισεν","ἐσάλπισε(ν)","σαλπίζω"
66,08,12,"C",NULL,"καὶ","καὶ","καί","καί"
66,08,12,"V","3API-S","ἐπλήγη","ἐπλήγη","ἐπλήγη","πλήσσω"
66,08,12,"RA","NSN","τὸ","τὸ","τό","ὁ"
66,08,12,"A","NSN","τρίτον","τρίτον","τρίτον","τρίτος"
66,08,12,"RA","GSM","τοῦ","τοῦ","τοῦ","ὁ"
66,08,12,"N","GSM","ἡλίου","ἡλίου","ἡλίου","ἥλιος"
66,08,12,"C",NULL,"καὶ","καὶ","καί","καί"
66,08,12,"RA","NSN","τὸ","τὸ","τό","ὁ"
66,08,12,"A","NSN","τρίτον","τρίτον","τρίτον","τρίτος"
66,08,12,"RA","GSF","τῆς","τῆς","τῆς","ὁ"
66,08,12,"N","GSF","σελήνης","σελήνης","σελήνης","σελήνη"
66,08,12,"C",NULL,"καὶ","καὶ","καί","καί"
66,08,12,"RA","NSN","τὸ","τὸ","τό","ὁ"
66,08,12,"A","NSN","τρίτον","τρίτον","τρίτον","τρίτος"
66,08,12,"RA","GPM","τῶν","τῶν","τῶν","ὁ"
66,08,12,"N","GPM","ἀστέρων,","ἀστέρων","ἀστέρων","ἀστήρ"
66,08,12,"C",NULL,"ἵνα","ἵνα","ἵνα","ἵνα"
66,08,12,"V","3APS-S","σκοτισθῇ","σκοτισθῇ","σκοτισθῇ","σκοτίζομαι"
66,08,12,"RA","NSN","τὸ","τὸ","τό","ὁ"
66,08,12,"A","NSN","τρίτον","τρίτον","τρίτον","τρίτος"
66,08,12,"RP","GPM","αὐτῶν","αὐτῶν","αὐτῶν","αὐτός"
66,08,12,"C",NULL,"καὶ","καὶ","καί","καί"
66,08,12,"RA","NSF","⸂ἡ","ἡ","ἡ","ὁ"
66,08,12,"N","NSF","ἡμέρα","ἡμέρα","ἡμέρα","ἡμέρα"
66,08,12,"D",NULL,"μὴ","μὴ","μή","μή"
66,08,12,"V","3AAS-S","φάνῃ","φάνῃ","φάνῃ","φαίνω"
66,08,12,"RA","NSN","τὸ","τὸ","τό","ὁ"
66,08,12,"A","NSN","τρίτον","τρίτον","τρίτον","τρίτος"
66,08,12,"RP","GSF","αὐτῆς⸃,","αὐτῆς","αὐτῆς","αὐτός"
66,08,12,"C",NULL,"καὶ","καὶ","καί","καί"
66,08,12,"RA","NSF","ἡ","ἡ","ἡ","ὁ"
66,08,12,"N","NSF","νὺξ","νὺξ","νύξ","νύξ"
66,08,12,"D",NULL,"ὁμοίως.","ὁμοίως","ὁμοίως","ὁμοίως"
66,08,13,"C",NULL,"Καὶ","Καὶ","καί","καί"
66,08,13,"V","1AAI-S","εἶδον,","εἶδον","εἶδον","ὁράω"
66,08,13,"C",NULL,"καὶ","καὶ","καί","καί"
66,08,13,"V","1AAI-S","ἤκουσα","ἤκουσα","ἤκουσα","ἀκούω"
66,08,13,"A","GSM","ἑνὸς","ἑνὸς","ἑνός","εἷς"
66,08,13,"N","GSM","ἀετοῦ","ἀετοῦ","ἀετοῦ","ἀετός"
66,08,13,"V","PMPGSM","πετομένου","πετομένου","πετομένου","πέτομαι"
66,08,13,"P",NULL,"ἐν","ἐν","ἐν","ἐν"
66,08,13,"N","DSN","μεσουρανήματι","μεσουρανήματι","μεσουρανήματι","μεσουράνημα"
66,08,13,"V","PAPGSM","λέγοντος","λέγοντος","λέγοντος","λέγω"
66,08,13,"N","DSF","φωνῇ","φωνῇ","φωνῇ","φωνή"
66,08,13,"A","DSF","μεγάλῃ·","μεγάλῃ","μεγάλῃ","μέγας"
66,08,13,"X",NULL,"Οὐαὶ","Οὐαὶ","οὐαί","οὐαί"
66,08,13,"X",NULL,"οὐαὶ","οὐαὶ","οὐαί","οὐαί"
66,08,13,"X",NULL,"οὐαὶ","οὐαὶ","οὐαί","οὐαί"
66,08,13,"RA","APM","⸂τοὺς","τοὺς","τούς","ὁ"
66,08,13,"V","PAPAPM","κατοικοῦντας⸃","κατοικοῦντας","κατοικοῦντας","κατοικέω"
66,08,13,"P",NULL,"ἐπὶ","ἐπὶ","ἐπί","ἐπί"
66,08,13,"RA","GSF","τῆς","τῆς","τῆς","ὁ"
66,08,13,"N","GSF","γῆς","γῆς","γῆς","γῆ"
66,08,13,"P",NULL,"ἐκ","ἐκ","ἐκ","ἐκ"
66,08,13,"RA","GPF","τῶν","τῶν","τῶν","ὁ"
66,08,13,"A","GPF","λοιπῶν","λοιπῶν","λοιπῶν","λοιπός"
66,08,13,"N","GPF","φωνῶν","φωνῶν","φωνῶν","φωνή"
66,08,13,"RA","GSF","τῆς","τῆς","τῆς","ὁ"
66,08,13,"N","GSF","σάλπιγγος","σάλπιγγος","σάλπιγγος","σάλπιγξ"
66,08,13,"RA","GPM","τῶν","τῶν","τῶν","ὁ"
66,08,13,"A","GPM","τριῶν","τριῶν","τριῶν","τρεῖς"
66,08,13,"N","GPM","ἀγγέλων","ἀγγέλων","ἀγγέλων","ἄγγελος"
66,08,13,"RA","GPM","τῶν","τῶν","τῶν","ὁ"
66,08,13,"V","PAPGPM","μελλόντων","μελλόντων","μελλόντων","μέλλω"
66,08,13,"V","PAN","σαλπίζειν.","σαλπίζειν","σαλπίζειν","σαλπίζω"
66,09,01,"C",NULL,"Καὶ","Καὶ","καί","καί"
66,09,01,"RA","NSM","ὁ","ὁ","ὁ","ὁ"
66,09,01,"A","NSM","πέμπτος","πέμπτος","πέμπτος","πέμπτος"
66,09,01,"N","NSM","ἄγγελος","ἄγγελος","ἄγγελος","ἄγγελος"
66,09,01,"V","3AAI-S","ἐσάλπισεν·","ἐσάλπισεν","ἐσάλπισε(ν)","σαλπίζω"
66,09,01,"C",NULL,"καὶ","καὶ","καί","καί"
66,09,01,"V","1AAI-S","εἶδον","εἶδον","εἶδον","ὁράω"
66,09,01,"N","ASM","ἀστέρα","ἀστέρα","ἀστέρα","ἀστήρ"
66,09,01,"P",NULL,"ἐκ","ἐκ","ἐκ","ἐκ"
66,09,01,"RA","GSM","τοῦ","τοῦ","τοῦ","ὁ"
66,09,01,"N","GSM","οὐρανοῦ","οὐρανοῦ","οὐρανοῦ","οὐρανός"
66,09,01,"V","XAPASM","πεπτωκότα","πεπτωκότα","πεπτωκότα","πίπτω"
66,09,01,"P",NULL,"εἰς","εἰς","εἰς","εἰς"
66,09,01,"RA","ASF","τὴν","τὴν","τήν","ὁ"
66,09,01,"N","ASF","γῆν,","γῆν","γῆν","γῆ"
66,09,01,"C",NULL,"καὶ","καὶ","καί","καί"
66,09,01,"V","3API-S","ἐδόθη","ἐδόθη","ἐδόθη","δίδωμι"
66,09,01,"RP","DSM","αὐτῷ","αὐτῷ","αὐτῷ","αὐτός"
66,09,01,"RA","NSF","ἡ","ἡ","ἡ","ὁ"
66,09,01,"N","NSF","κλεὶς","κλεὶς","κλείς","κλείς"
66,09,01,"RA","GSN","τοῦ","τοῦ","τοῦ","ὁ"
66,09,01,"N","GSN","φρέατος","φρέατος","φρέατος","φρέαρ"
66,09,01,"RA","GSF","τῆς","τῆς","τῆς","ὁ"
66,09,01,"N","GSF","ἀβύσσου·","ἀβύσσου","ἀβύσσου","ἄβυσσος"
66,09,02,"C",NULL,"καὶ","καὶ","καί","καί"
66,09,02,"V","3AAI-S","ἤνοιξεν","ἤνοιξεν","ἤνοιξε(ν)","ἀνοίγω"
66,09,02,"RA","ASN","τὸ","τὸ","τό","ὁ"
66,09,02,"N","ASN","φρέαρ","φρέαρ","φρέαρ","φρέαρ"
66,09,02,"RA","GSF","τῆς","τῆς","τῆς","ὁ"
66,09,02,"N","GSF","ἀβύσσου,","ἀβύσσου","ἀβύσσου","ἄβυσσος"
66,09,02,"C",NULL,"καὶ","καὶ","καί","καί"
66,09,02,"V","3AAI-S","ἀνέβη","ἀνέβη","ἀνέβη","ἀναβαίνω"
66,09,02,"N","NSM","καπνὸς","καπνὸς","καπνός","καπνός"
66,09,02,"P",NULL,"ἐκ","ἐκ","ἐκ","ἐκ"
66,09,02,"RA","GSN","τοῦ","τοῦ","τοῦ","ὁ"
66,09,02,"N","GSN","φρέατος","φρέατος","φρέατος","φρέαρ"
66,09,02,"C",NULL,"ὡς","ὡς","ὡς","ὡς"
66,09,02,"N","NSM","καπνὸς","καπνὸς","καπνός","καπνός"
66,09,02,"N","GSF","καμίνου","καμίνου","καμίνου","κάμινος"
66,09,02,"A","GSF","⸀μεγάλης,","μεγάλης","μεγάλης","μέγας"
66,09,02,"C",NULL,"καὶ","καὶ","καί","καί"
66,09,02,"V","3API-S","⸀ἐσκοτώθη","ἐσκοτώθη","ἐσκοτώθη","σκοτόομαι"
66,09,02,"RA","NSM","ὁ","ὁ","ὁ","ὁ"
66,09,02,"N","NSM","ἥλιος","ἥλιος","ἥλιος","ἥλιος"
66,09,02,"C",NULL,"καὶ","καὶ","καί","καί"
66,09,02,"RA","NSM","ὁ","ὁ","ὁ","ὁ"
66,09,02,"N","NSM","ἀὴρ","ἀὴρ","ἀήρ","ἀήρ"
66,09,02,"P",NULL,"ἐκ","ἐκ","ἐκ","ἐκ"
66,09,02,"RA","GSM","τοῦ","τοῦ","τοῦ","ὁ"
66,09,02,"N","GSM","καπνοῦ","καπνοῦ","καπνοῦ","καπνός"
66,09,02,"RA","GSN","τοῦ","τοῦ","τοῦ","ὁ"
66,09,02,"N","GSN","φρέατος.","φρέατος","φρέατος","φρέαρ"
66,09,03,"C",NULL,"καὶ","καὶ","καί","καί"
66,09,03,"P",NULL,"ἐκ","ἐκ","ἐκ","ἐκ"
66,09,03,"RA","GSM","τοῦ","τοῦ","τοῦ","ὁ"
66,09,03,"N","GSM","καπνοῦ","καπνοῦ","καπνοῦ","καπνός"
66,09,03,"V","3AAI-P","ἐξῆλθον","ἐξῆλθον","ἐξῆλθον","ἐξέρχομαι"
66,09,03,"N","NPF","ἀκρίδες","ἀκρίδες","ἀκρίδες","ἀκρίς"
66,09,03,"P",NULL,"εἰς","εἰς","εἰς","εἰς"
66,09,03,"RA","ASF","τὴν","τὴν","τήν","ὁ"
66,09,03,"N","ASF","γῆν,","γῆν","γῆν","γῆ"
66,09,03,"C",NULL,"καὶ","καὶ","καί","καί"
66,09,03,"V","3API-S","ἐδόθη","ἐδόθη","ἐδόθη","δίδωμι"
66,09,03,"RP","DPF","αὐταῖς","αὐταῖς","αὐταῖς","αὐτός"
66,09,03,"N","NSF","ἐξουσία","ἐξουσία","ἐξουσία","ἐξουσία"
66,09,03,"C",NULL,"ὡς","ὡς","ὡς","ὡς"
66,09,03,"V","3PAI-P","ἔχουσιν","ἔχουσιν","ἔχουσι(ν)","ἔχω"
66,09,03,"N","ASF","ἐξουσίαν","ἐξουσίαν","ἐξουσίαν","ἐξουσία"
66,09,03,"RA","NPM","οἱ","οἱ","οἱ","ὁ"
66,09,03,"N","NPM","σκορπίοι","σκορπίοι","σκορπίοι","σκορπίος"
66,09,03,"RA","GSF","τῆς","τῆς","τῆς","ὁ"
66,09,03,"N","GSF","γῆς.","γῆς","γῆς","γῆ"
66,09,04,"C",NULL,"καὶ","καὶ","καί","καί"
66,09,04,"V","3API-S","ἐρρέθη","ἐρρέθη","ἐρρέθη","λέγω"
66,09,04,"RP","DPF","αὐταῖς","αὐταῖς","αὐταῖς","αὐτός"
66,09,04,"C",NULL,"ἵνα","ἵνα","ἵνα","ἵνα"
66,09,04,"D",NULL,"μὴ","μὴ","μή","μή"
66,09,04,"V","3FAI-P","⸀ἀδικήσουσιν","ἀδικήσουσιν","ἀδικήσουσι(ν)","ἀδικέω"
66,09,04,"RA","ASM","τὸν","τὸν","τόν","ὁ"
66,09,04,"N","ASM","χόρτον","χόρτον","χόρτον","χόρτος"
66,09,04,"RA","GSF","τῆς","τῆς","τῆς","ὁ"
66,09,04,"N","GSF","γῆς","γῆς","γῆς","γῆ"
66,09,04,"C",NULL,"οὐδὲ","οὐδὲ","οὐδέ","οὐδέ"
66,09,04,"A","ASN","πᾶν","πᾶν","πᾶν","πᾶς"
66,09,04,"A","ASN","χλωρὸν","χλωρὸν","χλωρόν","χλωρός"
66,09,04,"C",NULL,"οὐδὲ","οὐδὲ","οὐδέ","οὐδέ"
66,09,04,"A","ASN","πᾶν","πᾶν","πᾶν","πᾶς"
66,09,04,"N","ASN","δένδρον,","δένδρον","δένδρον","δένδρον"
66,09,04,"C",NULL,"εἰ","εἰ","εἰ","εἰ"
66,09,04,"D",NULL,"μὴ","μὴ","μή","μή"
66,09,04,"RA","APM","τοὺς","τοὺς","τούς","ὁ"
66,09,04,"N","APM","ἀνθρώπους","ἀνθρώπους","ἀνθρώπους","ἄνθρωπος"
66,09,04,"RR","NPM","οἵτινες","οἵτινες","οἵτινες","ὅστις"
66,09,04,"D",NULL,"οὐκ","οὐκ","οὐ","οὐ"
66,09,04,"V","3PAI-P","ἔχουσι","ἔχουσι","ἔχουσι(ν)","ἔχω"
66,09,04,"RA","ASF","τὴν","τὴν","τήν","ὁ"
66,09,04,"N","ASF","σφραγῖδα","σφραγῖδα","σφραγῖδα","σφραγίς"
66,09,04,"RA","GSM","τοῦ","τοῦ","τοῦ","ὁ"
66,09,04,"N","GSM","θεοῦ","θεοῦ","θεοῦ","θεός"
66,09,04,"P",NULL,"ἐπὶ","ἐπὶ","ἐπί","ἐπί"
66,09,04,"RA","GPN","τῶν","τῶν","τῶν","ὁ"
66,09,04,"N","GPN","⸀μετώπων.","μετώπων","μετώπων","μέτωπον"
66,09,05,"C",NULL,"καὶ","καὶ","καί","καί"
66,09,05,"V","3API-S","ἐδόθη","ἐδόθη","ἐδόθη","δίδωμι"
66,09,05,"RP","DPM","⸀αὐτοῖς","αὐτοῖς","αὐτοῖς","αὐτός"
66,09,05,"C",NULL,"ἵνα","ἵνα","ἵνα","ἵνα"
66,09,05,"D",NULL,"μὴ","μὴ","μή","μή"
66,09,05,"V","3AAS-P","ἀποκτείνωσιν","ἀποκτείνωσιν","ἀποκτείνωσι(ν)","ἀποκτείνω"
66,09,05,"RP","APM","αὐτούς,","αὐτούς","αὐτούς","αὐτός"
66,09,05,"C",NULL,"ἀλλ’","ἀλλ’","ἀλλά","ἀλλά"
66,09,05,"C",NULL,"ἵνα","ἵνα","ἵνα","ἵνα"
66,09,05,"V","3FPI-P","⸀βασανισθήσονται","βασανισθήσονται","βασανισθήσονται","βασανίζω"
66,09,05,"N","APM","μῆνας","μῆνας","μῆνας","μήν"
66,09,05,"A","APM","πέντε·","πέντε","πέντε","πέντε"
66,09,05,"C",NULL,"καὶ","καὶ","καί","καί"
66,09,05,"RA","NSM","ὁ","ὁ","ὁ","ὁ"
66,09,05,"N","NSM","βασανισμὸς","βασανισμὸς","βασανισμός","βασανισμός"
66,09,05,"RP","GPF","αὐτῶν","αὐτῶν","αὐτῶν","αὐτός"
66,09,05,"C",NULL,"ὡς","ὡς","ὡς","ὡς"
66,09,05,"N","NSM","βασανισμὸς","βασανισμὸς","βασανισμός","βασανισμός"
66,09,05,"N","GSM","σκορπίου,","σκορπίου","σκορπίου","σκορπίος"
66,09,05,"C",NULL,"ὅταν","ὅταν","ὅταν","ὅταν"
66,09,05,"V","3AAS-S","παίσῃ","παίσῃ","παίσῃ","παίω"
66,09,05,"N","ASM","ἄνθρωπον.","ἄνθρωπον","ἄνθρωπον","ἄνθρωπος"
66,09,06,"C",NULL,"καὶ","καὶ","καί","καί"
66,09,06,"P",NULL,"ἐν","ἐν","ἐν","ἐν"
66,09,06,"RA","DPF","ταῖς","ταῖς","ταῖς","ὁ"
66,09,06,"N","DPF","ἡμέραις","ἡμέραις","ἡμέραις","ἡμέρα"
66,09,06,"RD","DPF","ἐκείναις","ἐκείναις","ἐκείναις","ἐκεῖνος"
66,09,06,"V","3FAI-P","ζητήσουσιν","ζητήσουσιν","ζητήσουσι(ν)","ζητέω"
66,09,06,"RA","NPM","οἱ","οἱ","οἱ","ὁ"
66,09,06,"N","NPM","ἄνθρωποι","ἄνθρωποι","ἄνθρωποι","ἄνθρωπος"
66,09,06,"RA","ASM","τὸν","τὸν","τόν","ὁ"
66,09,06,"N","ASM","θάνατον","θάνατον","θάνατον","θάνατος"
66,09,06,"C",NULL,"καὶ","καὶ","καί","καί"
66,09,06,"D",NULL,"οὐ","οὐ","οὐ","οὐ"
66,09,06,"D",NULL,"μὴ","μὴ","μή","μή"
66,09,06,"V","3FAI-P","εὑρήσουσιν","εὑρήσουσιν","εὑρήσουσι(ν)","εὑρίσκω"
66,09,06,"RP","ASM","αὐτόν,","αὐτόν","αὐτόν","αὐτός"
66,09,06,"C",NULL,"καὶ","καὶ","καί","καί"
66,09,06,"V","3FAI-P","ἐπιθυμήσουσιν","ἐπιθυμήσουσιν","ἐπιθυμήσουσι(ν)","ἐπιθυμέω"
66,09,06,"V","AAN","ἀποθανεῖν","ἀποθανεῖν","ἀποθανεῖν","ἀποθνῄσκω"
66,09,06,"C",NULL,"καὶ","καὶ","καί","καί"
66,09,06,"V","3PAI-S","⸀φεύγει","φεύγει","φεύγει","φεύγω"
66,09,06,"RA","NSM","⸂ὁ","ὁ","ὁ","ὁ"
66,09,06,"N","NSM","θάνατος","θάνατος","θάνατος","θάνατος"
66,09,06,"P",NULL,"ἀπ’","ἀπ’","ἀπό","ἀπό"
66,09,06,"RP","GPM","αὐτῶν⸃.","αὐτῶν","αὐτῶν","αὐτός"
66,09,07,"C",NULL,"Καὶ","Καὶ","καί","καί"
66,09,07,"RA","NPN","τὰ","τὰ","τά","ὁ"
66,09,07,"N","NPN","ὁμοιώματα","ὁμοιώματα","ὁμοιώματα","ὁμοίωμα"
66,09,07,"RA","GPF","τῶν","τῶν","τῶν","ὁ"
66,09,07,"N","GPF","ἀκρίδων","ἀκρίδων","ἀκρίδων","ἀκρίς"
66,09,07,"A","NPN","ὅμοια","ὅμοια","ὅμοια","ὅμοιος"
66,09,07,"N","DPM","ἵπποις","ἵπποις","ἵπποις","ἵππος"
66,09,07,"V","XPPDPM","ἡτοιμασμένοις","ἡτοιμασμένοις","ἡτοιμασμένοις","ἑτοιμάζω"
66,09,07,"P",NULL,"εἰς","εἰς","εἰς","εἰς"
66,09,07,"N","ASM","πόλεμον,","πόλεμον","πόλεμον","πόλεμος"
66,09,07,"C",NULL,"καὶ","καὶ","καί","καί"
66,09,07,"P",NULL,"ἐπὶ","ἐπὶ","ἐπί","ἐπί"
66,09,07,"RA","APF","τὰς","τὰς","τάς","ὁ"
66,09,07,"N","APF","κεφαλὰς","κεφαλὰς","κεφαλάς","κεφαλή"
66,09,07,"RP","GPF","αὐτῶν","αὐτῶν","αὐτῶν","αὐτός"
66,09,07,"C",NULL,"ὡς","ὡς","ὡς","ὡς"
66,09,07,"N","NPM","στέφανοι","στέφανοι","στέφανοι","στέφανος"
66,09,07,"A","NPM","⸂ὅμοιοι","ὅμοιοι","ὅμοιοι","ὅμοιος"
66,09,07,"N","DSM","χρυσῷ⸃,","χρυσῷ","χρυσῷ","χρυσός"
66,09,07,"C",NULL,"καὶ","καὶ","καί","καί"
66,09,07,"RA","NPN","τὰ","τὰ","τά","ὁ"
66,09,07,"N","NPN","πρόσωπα","πρόσωπα","πρόσωπα","πρόσωπον"
66,09,07,"RP","GPF","αὐτῶν","αὐτῶν","αὐτῶν","αὐτός"
66,09,07,"C",NULL,"ὡς","ὡς","ὡς","ὡς"
66,09,07,"N","NPN","πρόσωπα","πρόσωπα","πρόσωπα","πρόσωπον"
66,09,07,"N","GPM","ἀνθρώπων,","ἀνθρώπων","ἀνθρώπων","ἄνθρωπος"
66,09,08,"C",NULL,"καὶ","καὶ","καί","καί"
66,09,08,"V","3IAI-P","εἶχον","εἶχον","εἶχον","ἔχω"
66,09,08,"N","APF","τρίχας","τρίχας","τρίχας","θρίξ"
66,09,08,"C",NULL,"ὡς","ὡς","ὡς","ὡς"
66,09,08,"N","APF","τρίχας","τρίχας","τρίχας","θρίξ"
66,09,08,"N","GPF","γυναικῶν,","γυναικῶν","γυναικῶν","γυνή"
66,09,08,"C",NULL,"καὶ","καὶ","καί","καί"
66,09,08,"RA","NPM","οἱ","οἱ","οἱ","ὁ"
66,09,08,"N","NPM","ὀδόντες","ὀδόντες","ὀδόντες","ὀδούς"
66,09,08,"RP","GPF","αὐτῶν","αὐτῶν","αὐτῶν","αὐτός"
66,09,08,"C",NULL,"ὡς","ὡς","ὡς","ὡς"
66,09,08,"N","GPM","λεόντων","λεόντων","λεόντων","λέων"
66,09,08,"V","3IAI-P","ἦσαν,","ἦσαν","ἦσαν","εἰμί"
66,09,09,"C",NULL,"καὶ","καὶ","καί","καί"
66,09,09,"V","3IAI-P","εἶχον","εἶχον","εἶχον","ἔχω"
66,09,09,"N","APM","θώρακας","θώρακας","θώρακας","θώραξ"
66,09,09,"C",NULL,"ὡς","ὡς","ὡς","ὡς"
66,09,09,"N","APM","θώρακας","θώρακας","θώρακας","θώραξ"
66,09,09,"A","APM","σιδηροῦς,","σιδηροῦς","σιδηροῦς","σιδηροῦς"
66,09,09,"C",NULL,"καὶ","καὶ","καί","καί"
66,09,09,"RA","NSF","ἡ","ἡ","ἡ","ὁ"
66,09,09,"N","NSF","φωνὴ","φωνὴ","φωνή","φωνή"
66,09,09,"RA","GPF","τῶν","τῶν","τῶν","ὁ"
66,09,09,"N","GPF","πτερύγων","πτερύγων","πτερύγων","πτέρυξ"
66,09,09,"RP","GPF","αὐτῶν","αὐτῶν","αὐτῶν","αὐτός"
66,09,09,"C",NULL,"ὡς","ὡς","ὡς","ὡς"
66,09,09,"N","NSF","φωνὴ","φωνὴ","φωνή","φωνή"
66,09,09,"N","GPN","ἁρμάτων","ἁρμάτων","ἁρμάτων","ἅρμα"
66,09,09,"N","GPM","ἵππων","ἵππων","ἵππων","ἵππος"
66,09,09,"A","GPM","πολλῶν","πολλῶν","πολλῶν","πολύς"
66,09,09,"V","PAPGPM","τρεχόντων","τρεχόντων","τρεχόντων","τρέχω"
66,09,09,"P",NULL,"εἰς","εἰς","εἰς","εἰς"
66,09,09,"N","ASM","πόλεμον·","πόλεμον","πόλεμον","πόλεμος"
66,09,10,"C",NULL,"καὶ","καὶ","καί","καί"
66,09,10,"V","3PAI-P","ἔχουσιν","ἔχουσιν","ἔχουσι(ν)","ἔχω"
66,09,10,"N","APF","οὐρὰς","οὐρὰς","οὐράς","οὐρά"
66,09,10,"A","APF","ὁμοίας","ὁμοίας","ὁμοίας","ὅμοιος"
66,09,10,"N","DPM","σκορπίοις","σκορπίοις","σκορπίοις","σκορπίος"
66,09,10,"C",NULL,"καὶ","καὶ","καί","καί"
66,09,10,"N","APN","κέντρα,","κέντρα","κέντρα","κέντρον"
66,09,10,"C",NULL,"καὶ","καὶ","καί","καί"
66,09,10,"P",NULL,"ἐν","ἐν","ἐν","ἐν"
66,09,10,"RA","DPF","ταῖς","ταῖς","ταῖς","ὁ"
66,09,10,"N","DPF","οὐραῖς","οὐραῖς","οὐραῖς","οὐρά"
66,09,10,"RP","GPF","αὐτῶν","αὐτῶν","αὐτῶν","αὐτός"
66,09,10,"RA","NSF","⸂ἡ","ἡ","ἡ","ὁ"
66,09,10,"N","NSF","ἐξουσία","ἐξουσία","ἐξουσία","ἐξουσία"
66,09,10,"RP","GPF","αὐτῶν⸃","αὐτῶν","αὐτῶν","αὐτός"
66,09,10,"V","AAN","ἀδικῆσαι","ἀδικῆσαι","ἀδικῆσαι","ἀδικέω"
66,09,10,"RA","APM","τοὺς","τοὺς","τούς","ὁ"
66,09,10,"N","APM","ἀνθρώπους","ἀνθρώπους","ἀνθρώπους","ἄνθρωπος"
66,09,10,"N","APM","μῆνας","μῆνας","μῆνας","μήν"
66,09,10,"A","APM","πέντε.","πέντε","πέντε","πέντε"
66,09,11,"V","3PAI-P","⸂ἔχουσιν","ἔχουσιν","ἔχουσι(ν)","ἔχω"
66,09,11,"P",NULL,"ἐπ’","ἐπ’","ἐπί","ἐπί"
66,09,11,"RP","GPF","αὐτῶν","αὐτῶν","αὐτῶν","αὐτός"
66,09,11,"N","ASM","βασιλέα","βασιλέα","βασιλέα","βασιλεύς"
66,09,11,"RA","ASM","τὸν⸃","τὸν","τόν","ὁ"
66,09,11,"N","ASM","ἄγγελον","ἄγγελον","ἄγγελον","ἄγγελος"
66,09,11,"RA","GSF","τῆς","τῆς","τῆς","ὁ"
66,09,11,"N","GSF","ἀβύσσου·","ἀβύσσου","ἀβύσσου","ἄβυσσος"
66,09,11,"N","NSN","ὄνομα","ὄνομα","ὄνομα","ὄνομα"
66,09,11,"RP","DSM","αὐτῷ","αὐτῷ","αὐτῷ","αὐτός"
66,09,11,"D",NULL,"Ἑβραϊστὶ","Ἑβραϊστὶ","Ἑβραϊστί","Ἑβραϊστί"
66,09,11,"N","NSM","Ἀβαδδών","Ἀβαδδών","Ἀβαδδών","Ἀβαδδών"
66,09,11,"C",NULL,"⸂καὶ","καὶ","καί","καί"
66,09,11,"P",NULL,"ἐν⸃","ἐν","ἐν","ἐν"
66,09,11,"RA","DSF","τῇ","τῇ","τῇ","ὁ"
66,09,11,"A","DSF","Ἑλληνικῇ","Ἑλληνικῇ","Ἑλληνικῇ","Ἑλληνικός"
66,09,11,"N","ASN","ὄνομα","ὄνομα","ὄνομα","ὄνομα"
66,09,11,"V","3PAI-S","ἔχει","ἔχει","ἔχει","ἔχω"
66,09,11,"N","NSM","Ἀπολλύων.","Ἀπολλύων","Ἀπολλύων","Ἀπολλύων"
66,09,12,"RA","NSF","Ἡ","Ἡ","ἡ","ὁ"
66,09,12,"X",NULL,"οὐαὶ","οὐαὶ","οὐαί","οὐαί"
66,09,12,"RA","NSF","ἡ","ἡ","ἡ","ὁ"
66,09,12,"A","NSF","μία","μία","μία","εἷς"
66,09,12,"V","3AAI-S","ἀπῆλθεν·","ἀπῆλθεν","ἀπῆλθε(ν)","ἀπέρχομαι"
66,09,12,"X",NULL,"ἰδοὺ","ἰδοὺ","ἰδού","ἰδού"
66,09,12,"V","3PMI-S","ἔρχεται","ἔρχεται","ἔρχεται","ἔρχομαι"
66,09,12,"D",NULL,"ἔτι","ἔτι","ἔτι","ἔτι"
66,09,12,"A","NPF","δύο","δύο","δύο","δύο"
66,09,12,"X",NULL,"οὐαὶ","οὐαὶ","οὐαί","οὐαί"
66,09,12,"P",NULL,"μετὰ","μετὰ","μετά","μετά"
66,09,12,"RD","APN","ταῦτα.","ταῦτα","ταῦτα","οὗτος"
66,09,13,"C",NULL,"Καὶ","Καὶ","καί","καί"
66,09,13,"RA","NSM","ὁ","ὁ","ὁ","ὁ"
66,09,13,"A","NSM","ἕκτος","ἕκτος","ἕκτος","ἕκτος"
66,09,13,"N","NSM","ἄγγελος","ἄγγελος","ἄγγελος","ἄγγελος"
66,09,13,"V","3AAI-S","ἐσάλπισεν·","ἐσάλπισεν","ἐσάλπισε(ν)","σαλπίζω"
66,09,13,"C",NULL,"καὶ","καὶ","καί","καί"
66,09,13,"V","1AAI-S","ἤκουσα","ἤκουσα","ἤκουσα","ἀκούω"
66,09,13,"N","ASF","φωνὴν","φωνὴν","φωνήν","φωνή"
66,09,13,"A","ASF","μίαν","μίαν","μίαν","εἷς"
66,09,13,"P",NULL,"ἐκ","ἐκ","ἐκ","ἐκ"
66,09,13,"RA","GPN","⸀τῶν","τῶν","τῶν","ὁ"
66,09,13,"N","GPN","κεράτων","κεράτων","κεράτων","κέρας"
66,09,13,"RA","GSN","τοῦ","τοῦ","τοῦ","ὁ"
66,09,13,"N","GSN","θυσιαστηρίου","θυσιαστηρίου","θυσιαστηρίου","θυσιαστήριον"
66,09,13,"RA","GSN","τοῦ","τοῦ","τοῦ","ὁ"
66,09,13,"A","GSN","χρυσοῦ","χρυσοῦ","χρυσοῦ","χρυσοῦς"
66,09,13,"RA","GSN","τοῦ","τοῦ","τοῦ","ὁ"
66,09,13,"P",NULL,"ἐνώπιον","ἐνώπιον","ἐνώπιον","ἐνώπιον"
66,09,13,"RA","GSM","τοῦ","τοῦ","τοῦ","ὁ"
66,09,13,"N","GSM","θεοῦ,","θεοῦ","θεοῦ","θεός"
66,09,14,"V","PAPASM","⸀λέγοντα","λέγοντα","λέγοντα","λέγω"
66,09,14,"RA","DSM","τῷ","τῷ","τῷ","ὁ"
66,09,14,"A","DSM","ἕκτῳ","ἕκτῳ","ἕκτῳ","ἕκτος"
66,09,14,"N","DSM","ἀγγέλῳ,","ἀγγέλῳ","ἀγγέλῳ","ἄγγελος"
66,09,14,"RA","NSM","ὁ","ὁ","ὁ","ὁ"
66,09,14,"V","PAPNSM","ἔχων","ἔχων","ἔχων","ἔχω"
66,09,14,"RA","ASF","τὴν","τὴν","τήν","ὁ"
66,09,14,"N","ASF","σάλπιγγα·","σάλπιγγα","σάλπιγγα","σάλπιγξ"
66,09,14,"V","2AAD-S","Λῦσον","Λῦσον","λῦσον","λύω"
66,09,14,"RA","APM","τοὺς","τοὺς","τούς","ὁ"
66,09,14,"A","APM","τέσσαρας","τέσσαρας","τέσσαρας","τέσσαρες"
66,09,14,"N","APM","ἀγγέλους","ἀγγέλους","ἀγγέλους","ἄγγελος"
66,09,14,"RA","APM","τοὺς","τοὺς","τούς","ὁ"
66,09,14,"V","XPPAPM","δεδεμένους","δεδεμένους","δεδεμένους","δέω"
66,09,14,"P",NULL,"ἐπὶ","ἐπὶ","ἐπί","ἐπί"
66,09,14,"RA","DSM","τῷ","τῷ","τῷ","ὁ"
66,09,14,"N","DSM","ποταμῷ","ποταμῷ","ποταμῷ","ποταμός"
66,09,14,"RA","DSM","τῷ","τῷ","τῷ","ὁ"
66,09,14,"A","DSM","μεγάλῳ","μεγάλῳ","μεγάλῳ","μέγας"
66,09,14,"N","DSM","Εὐφράτῃ.","Εὐφράτῃ","Εὐφράτῃ","Εὐφράτης"
66,09,15,"C",NULL,"καὶ","καὶ","καί","καί"
66,09,15,"V","3API-P","ἐλύθησαν","ἐλύθησαν","ἐλύθησαν","λύω"
66,09,15,"RA","NPM","οἱ","οἱ","οἱ","ὁ"
66,09,15,"A","NPM","τέσσαρες","τέσσαρες","τέσσαρες","τέσσαρες"
66,09,15,"N","NPM","ἄγγελοι","ἄγγελοι","ἄγγελοι","ἄγγελος"
66,09,15,"RA","NPM","οἱ","οἱ","οἱ","ὁ"
66,09,15,"V","XPPNPM","ἡτοιμασμένοι","ἡτοιμασμένοι","ἡτοιμασμένοι","ἑτοιμάζω"
66,09,15,"P",NULL,"εἰς","εἰς","εἰς","εἰς"
66,09,15,"RA","ASF","τὴν","τὴν","τήν","ὁ"
66,09,15,"N","ASF","ὥραν","ὥραν","ὥραν","ὥρα"
66,09,15,"C",NULL,"⸀καὶ","καὶ","καί","καί"
66,09,15,"N","ASF","ἡμέραν","ἡμέραν","ἡμέραν","ἡμέρα"
66,09,15,"C",NULL,"καὶ","καὶ","καί","καί"
66,09,15,"N","ASM","μῆνα","μῆνα","μῆνα","μήν"
66,09,15,"C",NULL,"καὶ","καὶ","καί","καί"
66,09,15,"N","ASM","ἐνιαυτόν,","ἐνιαυτόν","ἐνιαυτόν","ἐνιαυτός"
66,09,15,"C",NULL,"ἵνα","ἵνα","ἵνα","ἵνα"
66,09,15,"V","3AAS-P","ἀποκτείνωσιν","ἀποκτείνωσιν","ἀποκτείνωσι(ν)","ἀποκτείνω"
66,09,15,"RA","ASN","τὸ","τὸ","τό","ὁ"
66,09,15,"A","ASN","τρίτον","τρίτον","τρίτον","τρίτος"
66,09,15,"RA","GPM","τῶν","τῶν","τῶν","ὁ"
66,09,15,"N","GPM","ἀνθρώπων.","ἀνθρώπων","ἀνθρώπων","ἄνθρωπος"
66,09,16,"C",NULL,"καὶ","καὶ","καί","καί"
66,09,16,"RA","NSM","ὁ","ὁ","ὁ","ὁ"
66,09,16,"N","NSM","ἀριθμὸς","ἀριθμὸς","ἀριθμός","ἀριθμός"
66,09,16,"RA","GPN","τῶν","τῶν","τῶν","ὁ"
66,09,16,"N","GPN","στρατευμάτων","στρατευμάτων","στρατευμάτων","στράτευμα"
66,09,16,"RA","GSN","τοῦ","τοῦ","τοῦ","ὁ"
66,09,16,"A","GSN","⸀ἱππικοῦ","ἱππικοῦ","ἱππικοῦ","ἱππικόν"
66,09,16,"N","NPF","⸀δισμυριάδες","δισμυριάδες","δισμυριάδες","δισμυριάς"
66,09,16,"N","GPF","μυριάδων·","μυριάδων","μυριάδων","μυριάς"
66,09,16,"V","1AAI-S","ἤκουσα","ἤκουσα","ἤκουσα","ἀκούω"
66,09,16,"RA","ASM","τὸν","τὸν","τόν","ὁ"
66,09,16,"N","ASM","ἀριθμὸν","ἀριθμὸν","ἀριθμόν","ἀριθμός"
66,09,16,"RP","GPN","αὐτῶν.","αὐτῶν","αὐτῶν","αὐτός"
66,09,17,"C",NULL,"καὶ","καὶ","καί","καί"
66,09,17,"D",NULL,"οὕτως","οὕτως","οὕτω(ς)","οὕτω(ς)"
66,09,17,"V","1AAI-S","εἶδον","εἶδον","εἶδον","ὁράω"
66,09,17,"RA","APM","τοὺς","τοὺς","τούς","ὁ"
66,09,17,"N","APM","ἵππους","ἵππους","ἵππους","ἵππος"
66,09,17,"P",NULL,"ἐν","ἐν","ἐν","ἐν"
66,09,17,"RA","DSF","τῇ","τῇ","τῇ","ὁ"
66,09,17,"N","DSF","ὁράσει","ὁράσει","ὁράσει","ὅρασις"
66,09,17,"C",NULL,"καὶ","καὶ","καί","καί"
66,09,17,"RA","APM","τοὺς","τοὺς","τούς","ὁ"
66,09,17,"V","PMPAPM","καθημένους","καθημένους","καθημένους","κάθημαι"
66,09,17,"P",NULL,"ἐπ’","ἐπ’","ἐπί","ἐπί"
66,09,17,"RP","GPM","αὐτῶν,","αὐτῶν","αὐτῶν","αὐτός"
66,09,17,"V","PAPAPM","ἔχοντας","ἔχοντας","ἔχοντας","ἔχω"
66,09,17,"N","APM","θώρακας","θώρακας","θώρακας","θώραξ"
66,09,17,"A","APM","πυρίνους","πυρίνους","πυρίνους","πύρινος"
66,09,17,"C",NULL,"καὶ","καὶ","καί","καί"
66,09,17,"A","APM","ὑακινθίνους","ὑακινθίνους","ὑακινθίνους","ὑακίνθινος"
66,09,17,"C",NULL,"καὶ","καὶ","καί","καί"
66,09,17,"A","APM","θειώδεις·","θειώδεις","θειώδεις","θειώδης"
66,09,17,"C",NULL,"καὶ","καὶ","καί","καί"
66,09,17,"RA","NPF","αἱ","αἱ","αἱ","ὁ"
66,09,17,"N","NPF","κεφαλαὶ","κεφαλαὶ","κεφαλαί","κεφαλή"
66,09,17,"RA","GPM","τῶν","τῶν","τῶν","ὁ"
66,09,17,"N","GPM","ἵππων","ἵππων","ἵππων","ἵππος"
66,09,17,"C",NULL,"ὡς","ὡς","ὡς","ὡς"
66,09,17,"N","NPF","κεφαλαὶ","κεφαλαὶ","κεφαλαί","κεφαλή"
66,09,17,"N","GPM","λεόντων,","λεόντων","λεόντων","λέων"
66,09,17,"C",NULL,"καὶ","καὶ","καί","καί"
66,09,17,"P",NULL,"ἐκ","ἐκ","ἐκ","ἐκ"
66,09,17,"RA","GPN","τῶν","τῶν","τῶν","ὁ"
66,09,17,"N","GPN","στομάτων","στομάτων","στομάτων","στόμα"
66,09,17,"RP","GPM","αὐτῶν","αὐτῶν","αὐτῶν","αὐτός"
66,09,17,"V","3PMI-S","ἐκπορεύεται","ἐκπορεύεται","ἐκπορεύεται","ἐκπορεύομαι"
66,09,17,"N","NSN","πῦρ","πῦρ","πῦρ","πῦρ"
66,09,17,"C",NULL,"καὶ","καὶ","καί","καί"
66,09,17,"N","NSM","καπνὸς","καπνὸς","καπνός","καπνός"
66,09,17,"C",NULL,"καὶ","καὶ","καί","καί"
66,09,17,"N","NSN","θεῖον.","θεῖον","θεῖον","θεῖον"
66,09,18,"P",NULL,"ἀπὸ","ἀπὸ","ἀπό","ἀπό"
66,09,18,"RA","GPF","τῶν","τῶν","τῶν","ὁ"
66,09,18,"A","GPF","τριῶν","τριῶν","τριῶν","τρεῖς"
66,09,18,"N","GPF","πληγῶν","πληγῶν","πληγῶν","πληγή"
66,09,18,"RD","GPF","τούτων","τούτων","τούτων","οὗτος"
66,09,18,"V","3API-P","ἀπεκτάνθησαν","ἀπεκτάνθησαν","ἀπεκτάνθησαν","ἀποκτείνω"
66,09,18,"RA","NSN","τὸ","τὸ","τό","ὁ"
66,09,18,"A","NSN","τρίτον","τρίτον","τρίτον","τρίτος"
66,09,18,"RA","GPM","τῶν","τῶν","τῶν","ὁ"
66,09,18,"N","GPM","ἀνθρώπων,","ἀνθρώπων","ἀνθρώπων","ἄνθρωπος"
66,09,18,"P",NULL,"⸀ἐκ","ἐκ","ἐκ","ἐκ"
66,09,18,"RA","GSN","τοῦ","τοῦ","τοῦ","ὁ"
66,09,18,"N","GSN","πυρὸς","πυρὸς","πυρός","πῦρ"
66,09,18,"C",NULL,"καὶ","καὶ","καί","καί"
66,09,18,"RA","GSM","τοῦ","τοῦ","τοῦ","ὁ"
66,09,18,"N","GSM","καπνοῦ","καπνοῦ","καπνοῦ","καπνός"
66,09,18,"C",NULL,"καὶ","καὶ","καί","καί"
66,09,18,"RA","GSN","τοῦ","τοῦ","τοῦ","ὁ"
66,09,18,"N","GSN","θείου","θείου","θείου","θεῖον"
66,09,18,"RA","GSN","τοῦ","τοῦ","τοῦ","ὁ"
66,09,18,"V","PMPGSN","ἐκπορευομένου","ἐκπορευομένου","ἐκπορευομένου","ἐκπορεύομαι"
66,09,18,"P",NULL,"ἐκ","ἐκ","ἐκ","ἐκ"
66,09,18,"RA","GPN","τῶν","τῶν","τῶν","ὁ"
66,09,18,"N","GPN","στομάτων","στομάτων","στομάτων","στόμα"
66,09,18,"RP","GPM","αὐτῶν.","αὐτῶν","αὐτῶν","αὐτός"
66,09,19,"RA","NSF","ἡ","ἡ","ἡ","ὁ"
66,09,19,"C",NULL,"γὰρ","γὰρ","γάρ","γάρ"
66,09,19,"N","NSF","ἐξουσία","ἐξουσία","ἐξουσία","ἐξουσία"
66,09,19,"RA","GPM","τῶν","τῶν","τῶν","ὁ"
66,09,19,"N","GPM","ἵππων","ἵππων","ἵππων","ἵππος"
66,09,19,"P",NULL,"ἐν","ἐν","ἐν","ἐν"
66,09,19,"RA","DSN","τῷ","τῷ","τῷ","ὁ"
66,09,19,"N","DSN","στόματι","στόματι","στόματι","στόμα"
66,09,19,"RP","GPM","αὐτῶν","αὐτῶν","αὐτῶν","αὐτός"
66,09,19,"V","3PAI-S","ἐστιν","ἐστιν","ἐστί(ν)","εἰμί"
66,09,19,"C",NULL,"καὶ","καὶ","καί","καί"
66,09,19,"P",NULL,"ἐν","ἐν","ἐν","ἐν"
66,09,19,"RA","DPF","ταῖς","ταῖς","ταῖς","ὁ"
66,09,19,"N","DPF","οὐραῖς","οὐραῖς","οὐραῖς","οὐρά"
66,09,19,"RP","GPM","αὐτῶν·","αὐτῶν","αὐτῶν","αὐτός"
66,09,19,"RA","NPF","αἱ","αἱ","αἱ","ὁ"
66,09,19,"C",NULL,"γὰρ","γὰρ","γάρ","γάρ"
66,09,19,"N","NPF","οὐραὶ","οὐραὶ","οὐραί","οὐρά"
66,09,19,"RP","GPM","αὐτῶν","αὐτῶν","αὐτῶν","αὐτός"
66,09,19,"A","NPF","ὅμοιαι","ὅμοιαι","ὅμοιαι","ὅμοιος"
66,09,19,"N","DPM","⸀ὄφεσιν,","ὄφεσιν","ὄφεσι(ν)","ὄφις"
66,09,19,"V","PAPNPF","ἔχουσαι","ἔχουσαι","ἔχουσαι","ἔχω"
66,09,19,"N","APF","κεφαλάς,","κεφαλάς","κεφαλάς","κεφαλή"
66,09,19,"C",NULL,"καὶ","καὶ","καί","καί"
66,09,19,"P",NULL,"ἐν","ἐν","ἐν","ἐν"
66,09,19,"RP","DPF","αὐταῖς","αὐταῖς","αὐταῖς","αὐτός"
66,09,19,"V","3PAI-P","ἀδικοῦσιν.","ἀδικοῦσιν","ἀδικοῦσι(ν)","ἀδικέω"
66,09,20,"C",NULL,"Καὶ","Καὶ","καί","καί"
66,09,20,"RA","NPM","οἱ","οἱ","οἱ","ὁ"
66,09,20,"A","NPM","λοιποὶ","λοιποὶ","λοιποί","λοιπός"
66,09,20,"RA","GPM","τῶν","τῶν","τῶν","ὁ"
66,09,20,"N","GPM","ἀνθρώπων,","ἀνθρώπων","ἀνθρώπων","ἄνθρωπος"
66,09,20,"RR","NPM","οἳ","οἳ","οἵ","ὅς"
66,09,20,"D",NULL,"οὐκ","οὐκ","οὐ","οὐ"
66,09,20,"V","3API-P","ἀπεκτάνθησαν","ἀπεκτάνθησαν","ἀπεκτάνθησαν","ἀποκτείνω"
66,09,20,"P",NULL,"ἐν","ἐν","ἐν","ἐν"
66,09,20,"RA","DPF","ταῖς","ταῖς","ταῖς","ὁ"
66,09,20,"N","DPF","πληγαῖς","πληγαῖς","πληγαῖς","πληγή"
66,09,20,"RD","DPF","ταύταις,","ταύταις","ταύταις","οὗτος"
66,09,20,"C",NULL,"⸀οὐδὲ","οὐδὲ","οὐδέ","οὐδέ"
66,09,20,"V","3AAI-P","μετενόησαν","μετενόησαν","μετενόησαν","μετανοέω"
66,09,20,"P",NULL,"ἐκ","ἐκ","ἐκ","ἐκ"
66,09,20,"RA","GPN","τῶν","τῶν","τῶν","ὁ"
66,09,20,"N","GPN","ἔργων","ἔργων","ἔργων","ἔργον"
66,09,20,"RA","GPF","τῶν","τῶν","τῶν","ὁ"
66,09,20,"N","GPF","χειρῶν","χειρῶν","χειρῶν","χείρ"
66,09,20,"RP","GPM","αὐτῶν,","αὐτῶν","αὐτῶν","αὐτός"
66,09,20,"C",NULL,"ἵνα","ἵνα","ἵνα","ἵνα"
66,09,20,"D",NULL,"μὴ","μὴ","μή","μή"
66,09,20,"V","3FAI-P","⸀προσκυνήσουσιν","προσκυνήσουσιν","προσκυνήσουσι(ν)","προσκυνέω"
66,09,20,"RA","APN","τὰ","τὰ","τά","ὁ"
66,09,20,"N","APN","δαιμόνια","δαιμόνια","δαιμόνια","δαιμόνιον"
66,09,20,"C",NULL,"καὶ","καὶ","καί","καί"
66,09,20,"RA","APN","τὰ","τὰ","τά","ὁ"
66,09,20,"N","APN","εἴδωλα","εἴδωλα","εἴδωλα","εἴδωλον"
66,09,20,"RA","APN","τὰ","τὰ","τά","ὁ"
66,09,20,"A","APN","χρυσᾶ","χρυσᾶ","χρυσᾶ","χρυσοῦς"
66,09,20,"C",NULL,"καὶ","καὶ","καί","καί"
66,09,20,"RA","APN","τὰ","τὰ","τά","ὁ"
66,09,20,"A","APN","ἀργυρᾶ","ἀργυρᾶ","ἀργυρᾶ","ἀργυροῦς"
66,09,20,"C",NULL,"καὶ","καὶ","καί","καί"
66,09,20,"RA","APN","τὰ","τὰ","τά","ὁ"
66,09,20,"A","APN","χαλκᾶ","χαλκᾶ","χαλκᾶ","χαλκοῦς"
66,09,20,"C",NULL,"καὶ","καὶ","καί","καί"
66,09,20,"RA","APN","τὰ","τὰ","τά","ὁ"
66,09,20,"A","APN","λίθινα","λίθινα","λίθινα","λίθινος"
66,09,20,"C",NULL,"καὶ","καὶ","καί","καί"
66,09,20,"RA","APN","τὰ","τὰ","τά","ὁ"
66,09,20,"A","APN","ξύλινα,","ξύλινα","ξύλινα","ξύλινος"
66,09,20,"RR","NPN","ἃ","ἃ","ἅ","ὅς"
66,09,20,"C",NULL,"οὔτε","οὔτε","οὔτε","οὔτε"
66,09,20,"V","PAN","βλέπειν","βλέπειν","βλέπειν","βλέπω"
66,09,20,"V","3PMI-P","⸀δύνανται","δύνανται","δύνανται","δύναμαι"
66,09,20,"C",NULL,"οὔτε","οὔτε","οὔτε","οὔτε"
66,09,20,"V","PAN","ἀκούειν","ἀκούειν","ἀκούειν","ἀκούω"
66,09,20,"C",NULL,"οὔτε","οὔτε","οὔτε","οὔτε"
66,09,20,"V","PAN","περιπατεῖν,","περιπατεῖν","περιπατεῖν","περιπατέω"
66,09,21,"C",NULL,"καὶ","καὶ","καί","καί"
66,09,21,"D",NULL,"οὐ","οὐ","οὐ","οὐ"
66,09,21,"V","3AAI-P","μετενόησαν","μετενόησαν","μετενόησαν","μετανοέω"
66,09,21,"P",NULL,"ἐκ","ἐκ","ἐκ","ἐκ"
66,09,21,"RA","GPM","τῶν","τῶν","τῶν","ὁ"
66,09,21,"N","GPM","φόνων","φόνων","φόνων","φόνος"
66,09,21,"RP","GPM","αὐτῶν","αὐτῶν","αὐτῶν","αὐτός"
66,09,21,"C",NULL,"οὔτε","οὔτε","οὔτε","οὔτε"
66,09,21,"P",NULL,"ἐκ","ἐκ","ἐκ","ἐκ"
66,09,21,"RA","GPN","τῶν","τῶν","τῶν","ὁ"
66,09,21,"N","GPN","⸀φαρμάκων","φαρμάκων","φαρμάκων","φάρμακον"
66,09,21,"RP","GPM","αὐτῶν","αὐτῶν","αὐτῶν","αὐτός"
66,09,21,"C",NULL,"οὔτε","οὔτε","οὔτε","οὔτε"
66,09,21,"P",NULL,"ἐκ","ἐκ","ἐκ","ἐκ"
66,09,21,"RA","GSF","τῆς","τῆς","τῆς","ὁ"
66,09,21,"N","GSF","πορνείας","πορνείας","πορνείας","πορνεία"
66,09,21,"RP","GPM","αὐτῶν","αὐτῶν","αὐτῶν","αὐτός"
66,09,21,"C",NULL,"οὔτε","οὔτε","οὔτε","οὔτε"
66,09,21,"P",NULL,"ἐκ","ἐκ","ἐκ","ἐκ"
66,09,21,"RA","GPN","τῶν","τῶν","τῶν","ὁ"
66,09,21,"N","GPN","κλεμμάτων","κλεμμάτων","κλεμμάτων","κλέμμα"
66,09,21,"RP","GPM","αὐτῶν.","αὐτῶν","αὐτῶν","αὐτός"
66,10,01,"C",NULL,"Καὶ","Καὶ","καί","καί"
66,10,01,"V","1AAI-S","εἶδον","εἶδον","εἶδον","ὁράω"
66,10,01,"A","ASM","⸀ἄλλον","ἄλλον","ἄλλον","ἄλλος"
66,10,01,"N","ASM","ἄγγελον","ἄγγελον","ἄγγελον","ἄγγελος"
66,10,01,"A","ASM","ἰσχυρὸν","ἰσχυρὸν","ἰσχυρόν","ἰσχυρός"
66,10,01,"V","PAPASM","καταβαίνοντα","καταβαίνοντα","καταβαίνοντα","καταβαίνω"
66,10,01,"P",NULL,"ἐκ","ἐκ","ἐκ","ἐκ"
66,10,01,"RA","GSM","τοῦ","τοῦ","τοῦ","ὁ"
66,10,01,"N","GSM","οὐρανοῦ,","οὐρανοῦ","οὐρανοῦ","οὐρανός"
66,10,01,"V","XMPASM","περιβεβλημένον","περιβεβλημένον","περιβεβλημένον","περιβάλλω"
66,10,01,"N","ASF","νεφέλην,","νεφέλην","νεφέλην","νεφέλη"
66,10,01,"C",NULL,"καὶ","καὶ","καί","καί"
66,10,01,"RA","NSF","ἡ","ἡ","ἡ","ὁ"
66,10,01,"N","NSF","ἶρις","ἶρις","ἶρις","ἶρις"
66,10,01,"P",NULL,"ἐπὶ","ἐπὶ","ἐπί","ἐπί"
66,10,01,"RA","ASF","⸂τὴν","τὴν","τήν","ὁ"
66,10,01,"N","ASF","κεφαλὴν⸃","κεφαλὴν","κεφαλήν","κεφαλή"
66,10,01,"RP","GSM","αὐτοῦ,","αὐτοῦ","αὐτοῦ","αὐτός"
66,10,01,"C",NULL,"καὶ","καὶ","καί","καί"
66,10,01,"RA","NSN","τὸ","τὸ","τό","ὁ"
66,10,01,"N","NSN","πρόσωπον","πρόσωπον","πρόσωπον","πρόσωπον"
66,10,01,"RP","GSM","αὐτοῦ","αὐτοῦ","αὐτοῦ","αὐτός"
66,10,01,"C",NULL,"ὡς","ὡς","ὡς","ὡς"
66,10,01,"RA","NSM","ὁ","ὁ","ὁ","ὁ"
66,10,01,"N","NSM","ἥλιος,","ἥλιος","ἥλιος","ἥλιος"
66,10,01,"C",NULL,"καὶ","καὶ","καί","καί"
66,10,01,"RA","NPM","οἱ","οἱ","οἱ","ὁ"
66,10,01,"N","NPM","πόδες","πόδες","πόδες","πούς"
66,10,01,"RP","GSM","αὐτοῦ","αὐτοῦ","αὐτοῦ","αὐτός"
66,10,01,"C",NULL,"ὡς","ὡς","ὡς","ὡς"
66,10,01,"N","NPM","στῦλοι","στῦλοι","στῦλοι","στῦλος"
66,10,01,"N","GSN","πυρός,","πυρός","πυρός","πῦρ"
66,10,02,"C",NULL,"καὶ","καὶ","καί","καί"
66,10,02,"V","PAPNSM","ἔχων","ἔχων","ἔχων","ἔχω"
66,10,02,"P",NULL,"ἐν","ἐν","ἐν","ἐν"
66,10,02,"RA","DSF","τῇ","τῇ","τῇ","ὁ"
66,10,02,"N","DSF","χειρὶ","χειρὶ","χειρί","χείρ"
66,10,02,"RP","GSM","αὐτοῦ","αὐτοῦ","αὐτοῦ","αὐτός"
66,10,02,"N","ASN","⸀βιβλαρίδιον","βιβλαρίδιον","βιβλαρίδιον","βιβλαρίδιον"
66,10,02,"V","XPPASN","ἠνεῳγμένον.","ἠνεῳγμένον","ἠνεῳγμένον","ἀνοίγω"
66,10,02,"C",NULL,"καὶ","καὶ","καί","καί"
66,10,02,"V","3AAI-S","ἔθηκεν","ἔθηκεν","ἔθηκε(ν)","τίθημι"
66,10,02,"RA","ASM","τὸν","τὸν","τόν","ὁ"
66,10,02,"N","ASM","πόδα","πόδα","πόδα","πούς"
66,10,02,"RP","GSM","αὐτοῦ","αὐτοῦ","αὐτοῦ","αὐτός"
66,10,02,"RA","ASM","τὸν","τὸν","τόν","ὁ"
66,10,02,"A","ASM","δεξιὸν","δεξιὸν","δεξιόν","δεξιός"
66,10,02,"P",NULL,"ἐπὶ","ἐπὶ","ἐπί","ἐπί"
66,10,02,"RA","GSF","τῆς","τῆς","τῆς","ὁ"
66,10,02,"N","GSF","θαλάσσης,","θαλάσσης","θαλάσσης","θάλασσα"
66,10,02,"RA","ASM","τὸν","τὸν","τόν","ὁ"
66,10,02,"C",NULL,"δὲ","δὲ","δέ","δέ"
66,10,02,"A","ASM","εὐώνυμον","εὐώνυμον","εὐώνυμον","εὐώνυμος"
66,10,02,"P",NULL,"ἐπὶ","ἐπὶ","ἐπί","ἐπί"
66,10,02,"RA","GSF","τῆς","τῆς","τῆς","ὁ"
66,10,02,"N","GSF","γῆς,","γῆς","γῆς","γῆ"
66,10,03,"C",NULL,"καὶ","καὶ","καί","καί"
66,10,03,"V","3AAI-S","ἔκραξεν","ἔκραξεν","ἔκραξε(ν)","κράζω"
66,10,03,"N","DSF","φωνῇ","φωνῇ","φωνῇ","φωνή"
66,10,03,"A","DSF","μεγάλῃ","μεγάλῃ","μεγάλῃ","μέγας"
66,10,03,"C",NULL,"ὥσπερ","ὥσπερ","ὥσπερ","ὥσπερ"
66,10,03,"N","NSM","λέων","λέων","λέων","λέων"
66,10,03,"V","3PMI-S","μυκᾶται.","μυκᾶται","μυκᾶται","μυκάομαι"
66,10,03,"C",NULL,"καὶ","καὶ","καί","καί"
66,10,03,"C",NULL,"ὅτε","ὅτε","ὅτε","ὅτε"
66,10,03,"V","3AAI-S","ἔκραξεν,","ἔκραξεν","ἔκραξε(ν)","κράζω"
66,10,03,"V","3AAI-P","ἐλάλησαν","ἐλάλησαν","ἐλάλησαν","λαλέω"
66,10,03,"RA","NPF","αἱ","αἱ","αἱ","ὁ"
66,10,03,"A","NPF","ἑπτὰ","ἑπτὰ","ἑπτά","ἑπτά"
66,10,03,"N","NPF","βρονταὶ","βρονταὶ","βρονταί","βροντή"
66,10,03,"RA","APF","τὰς","τὰς","τάς","ὁ"
66,10,03,"RP","GPF","ἑαυτῶν","ἑαυτῶν","ἑαυτῶν","ἑαυτοῦ"
66,10,03,"N","APF","φωνάς.","φωνάς","φωνάς","φωνή"
66,10,04,"C",NULL,"καὶ","καὶ","καί","καί"
66,10,04,"C",NULL,"ὅτε","ὅτε","ὅτε","ὅτε"
66,10,04,"V","3AAI-P","ἐλάλησαν","ἐλάλησαν","ἐλάλησαν","λαλέω"
66,10,04,"RA","NPF","αἱ","αἱ","αἱ","ὁ"
66,10,04,"A","NPF","ἑπτὰ","ἑπτὰ","ἑπτά","ἑπτά"
66,10,04,"N","NPF","βρονταί,","βρονταί","βρονταί","βροντή"
66,10,04,"V","1IAI-S","ἤμελλον","ἤμελλον","ἤμελλον","μέλλω"
66,10,04,"V","PAN","γράφειν·","γράφειν","γράφειν","γράφω"
66,10,04,"C",NULL,"καὶ","καὶ","καί","καί"
66,10,04,"V","1AAI-S","ἤκουσα","ἤκουσα","ἤκουσα","ἀκούω"
66,10,04,"N","ASF","φωνὴν","φωνὴν","φωνήν","φωνή"
66,10,04,"P",NULL,"ἐκ","ἐκ","ἐκ","ἐκ"
66,10,04,"RA","GSM","τοῦ","τοῦ","τοῦ","ὁ"
66,10,04,"N","GSM","οὐρανοῦ","οὐρανοῦ","οὐρανοῦ","οὐρανός"
66,10,04,"V","PAPASF","λέγουσαν·","λέγουσαν","λέγουσαν","λέγω"
66,10,04,"V","2AAD-S","Σφράγισον","Σφράγισον","σφράγισον","σφραγίζω"
66,10,04,"RR","APN","ἃ","ἃ","ἅ","ὅς"
66,10,04,"V","3AAI-P","ἐλάλησαν","ἐλάλησαν","ἐλάλησαν","λαλέω"
66,10,04,"RA","NPF","αἱ","αἱ","αἱ","ὁ"
66,10,04,"A","NPF","ἑπτὰ","ἑπτὰ","ἑπτά","ἑπτά"
66,10,04,"N","NPF","βρονταί,","βρονταί","βρονταί","βροντή"
66,10,04,"C",NULL,"καὶ","καὶ","καί","καί"
66,10,04,"D",NULL,"μὴ","μὴ","μή","μή"
66,10,04,"RP","APN","αὐτὰ","αὐτὰ","αὐτά","αὐτός"
66,10,04,"V","2AAS-S","γράψῃς.","γράψῃς","γράψῃς","γράφω"
66,10,05,"C",NULL,"καὶ","καὶ","καί","καί"
66,10,05,"RA","NSM","ὁ","ὁ","ὁ","ὁ"
66,10,05,"N","NSM","ἄγγελος,","ἄγγελος","ἄγγελος","ἄγγελος"
66,10,05,"RR","ASM","ὃν","ὃν","ὅν","ὅς"
66,10,05,"V","1AAI-S","εἶδον","εἶδον","εἶδον","ὁράω"
66,10,05,"V","XAPASM","ἑστῶτα","ἑστῶτα","ἑστῶτα","ἵστημι"
66,10,05,"P",NULL,"ἐπὶ","ἐπὶ","ἐπί","ἐπί"
66,10,05,"RA","GSF","τῆς","τῆς","τῆς","ὁ"
66,10,05,"N","GSF","θαλάσσης","θαλάσσης","θαλάσσης","θάλασσα"
66,10,05,"C",NULL,"καὶ","καὶ","καί","καί"
66,10,05,"P",NULL,"ἐπὶ","ἐπὶ","ἐπί","ἐπί"
66,10,05,"RA","GSF","τῆς","τῆς","τῆς","ὁ"
66,10,05,"N","GSF","γῆς,","γῆς","γῆς","γῆ"
66,10,05,"V","3AAI-S","ἦρεν","ἦρεν","ἦρε(ν)","αἴρω"
66,10,05,"RA","ASF","τὴν","τὴν","τήν","ὁ"
66,10,05,"N","ASF","χεῖρα","χεῖρα","χεῖρα","χείρ"
66,10,05,"RP","GSM","αὐτοῦ","αὐτοῦ","αὐτοῦ","αὐτός"
66,10,05,"RA","ASF","τὴν","τὴν","τήν","ὁ"
66,10,05,"A","ASF","δεξιὰν","δεξιὰν","δεξιάν","δεξιός"
66,10,05,"P",NULL,"εἰς","εἰς","εἰς","εἰς"
66,10,05,"RA","ASM","τὸν","τὸν","τόν","ὁ"
66,10,05,"N","ASM","οὐρανόν,","οὐρανόν","οὐρανόν","οὐρανός"
66,10,06,"C",NULL,"καὶ","καὶ","καί","καί"
66,10,06,"V","3AAI-S","⸀ὤμοσεν","ὤμοσεν","ὤμοσε(ν)","ὀμνύω"
66,10,06,"RA","DSM","τῷ","τῷ","τῷ","ὁ"
66,10,06,"V","PAPDSM","ζῶντι","ζῶντι","ζῶντι","ζάω"
66,10,06,"P",NULL,"εἰς","εἰς","εἰς","εἰς"
66,10,06,"RA","APM","τοὺς","τοὺς","τούς","ὁ"
66,10,06,"N","APM","αἰῶνας","αἰῶνας","αἰῶνας","αἰών"
66,10,06,"RA","GPM","τῶν","τῶν","τῶν","ὁ"
66,10,06,"N","GPM","αἰώνων,","αἰώνων","αἰώνων","αἰών"
66,10,06,"RR","NSM","ὃς","ὃς","ὅς","ὅς"
66,10,06,"V","3AAI-S","ἔκτισεν","ἔκτισεν","ἔκτισε(ν)","κτίζω"
66,10,06,"RA","ASM","τὸν","τὸν","τόν","ὁ"
66,10,06,"N","ASM","οὐρανὸν","οὐρανὸν","οὐρανόν","οὐρανός"
66,10,06,"C",NULL,"καὶ","καὶ","καί","καί"
66,10,06,"RA","APN","τὰ","τὰ","τά","ὁ"
66,10,06,"P",NULL,"ἐν","ἐν","ἐν","ἐν"
66,10,06,"RP","DSM","αὐτῷ","αὐτῷ","αὐτῷ","αὐτός"
66,10,06,"C",NULL,"καὶ","καὶ","καί","καί"
66,10,06,"RA","ASF","τὴν","τὴν","τήν","ὁ"
66,10,06,"N","ASF","γῆν","γῆν","γῆν","γῆ"
66,10,06,"C",NULL,"καὶ","καὶ","καί","καί"
66,10,06,"RA","APN","τὰ","τὰ","τά","ὁ"
66,10,06,"P",NULL,"ἐν","ἐν","ἐν","ἐν"
66,10,06,"RP","DSF","αὐτῇ","αὐτῇ","αὐτῇ","αὐτός"
66,10,06,"C",NULL,"καὶ","καὶ","καί","καί"
66,10,06,"RA","ASF","τὴν","τὴν","τήν","ὁ"
66,10,06,"N","ASF","θάλασσαν","θάλασσαν","θάλασσαν","θάλασσα"
66,10,06,"C",NULL,"καὶ","καὶ","καί","καί"
66,10,06,"RA","APN","τὰ","τὰ","τά","ὁ"
66,10,06,"P",NULL,"ἐν","ἐν","ἐν","ἐν"
66,10,06,"RP","DSF","αὐτῇ,","αὐτῇ","αὐτῇ","αὐτός"
66,10,06,"C",NULL,"ὅτι","ὅτι","ὅτι","ὅτι"
66,10,06,"N","NSM","χρόνος","χρόνος","χρόνος","χρόνος"
66,10,06,"D",NULL,"οὐκέτι","οὐκέτι","οὐκέτι","οὐκέτι"
66,10,06,"V","3FMI-S","ἔσται·","ἔσται","ἔσται","εἰμί"
66,10,07,"C",NULL,"ἀλλ’","ἀλλ’","ἀλλά","ἀλλά"
66,10,07,"P",NULL,"ἐν","ἐν","ἐν","ἐν"
66,10,07,"RA","DPF","ταῖς","ταῖς","ταῖς","ὁ"
66,10,07,"N","DPF","ἡμέραις","ἡμέραις","ἡμέραις","ἡμέρα"
66,10,07,"RA","GSF","τῆς","τῆς","τῆς","ὁ"
66,10,07,"N","GSF","φωνῆς","φωνῆς","φωνῆς","φωνή"
66,10,07,"RA","GSM","τοῦ","τοῦ","τοῦ","ὁ"
66,10,07,"A","GSM","ἑβδόμου","ἑβδόμου","ἑβδόμου","ἕβδομος"
66,10,07,"N","GSM","ἀγγέλου,","ἀγγέλου","ἀγγέλου","ἄγγελος"
66,10,07,"D",NULL,"ὅταν","ὅταν","ὅταν","ὅταν"
66,10,07,"V","3PAS-S","μέλλῃ","μέλλῃ","μέλλῃ","μέλλω"
66,10,07,"V","PAN","σαλπίζειν,","σαλπίζειν","σαλπίζειν","σαλπίζω"
66,10,07,"D",NULL,"καὶ","καὶ","καί","καί"
66,10,07,"V","3API-S","ἐτελέσθη","ἐτελέσθη","ἐτελέσθη","τελέω"
66,10,07,"RA","NSN","τὸ","τὸ","τό","ὁ"
66,10,07,"N","NSN","μυστήριον","μυστήριον","μυστήριον","μυστήριον"
66,10,07,"RA","GSM","τοῦ","τοῦ","τοῦ","ὁ"
66,10,07,"N","GSM","θεοῦ,","θεοῦ","θεοῦ","θεός"
66,10,07,"C",NULL,"ὡς","ὡς","ὡς","ὡς"
66,10,07,"V","3AAI-S","εὐηγγέλισεν","εὐηγγέλισεν","εὐηγγέλισε(ν)","εὐαγγελίζω"
66,10,07,"RA","APM","τοὺς","τοὺς","τούς","ὁ"
66,10,07,"RP","GSM","⸂ἑαυτοῦ","ἑαυτοῦ","ἑαυτοῦ","ἑαυτοῦ"
66,10,07,"N","APM","δούλους⸃","δούλους","δούλους","δοῦλος"
66,10,07,"RA","APM","τοὺς","τοὺς","τούς","ὁ"
66,10,07,"N","APM","προφήτας.","προφήτας","προφήτας","προφήτης"
66,10,08,"C",NULL,"Καὶ","Καὶ","καί","καί"
66,10,08,"RA","NSF","ἡ","ἡ","ἡ","ὁ"
66,10,08,"N","NSF","φωνὴ","φωνὴ","φωνή","φωνή"
66,10,08,"RR","ASF","ἣν","ἣν","ἥν","ὅς"
66,10,08,"V","1AAI-S","ἤκουσα","ἤκουσα","ἤκουσα","ἀκούω"
66,10,08,"P",NULL,"ἐκ","ἐκ","ἐκ","ἐκ"
66,10,08,"RA","GSM","τοῦ","τοῦ","τοῦ","ὁ"
66,10,08,"N","GSM","οὐρανοῦ,","οὐρανοῦ","οὐρανοῦ","οὐρανός"
66,10,08,"D",NULL,"πάλιν","πάλιν","πάλιν","πάλιν"
66,10,08,"V","PAPASF","⸀λαλοῦσαν","λαλοῦσαν","λαλοῦσαν","λαλέω"
66,10,08,"P",NULL,"μετ’","μετ’","μετά","μετά"
66,10,08,"RP","GS","ἐμοῦ","ἐμοῦ","ἐμοῦ","ἐγώ"
66,10,08,"C",NULL,"καὶ","καὶ","καί","καί"
66,10,08,"V","PAPASF","⸀λέγουσαν·","λέγουσαν","λέγουσαν","λέγω"
66,10,08,"V","2PAD-S","Ὕπαγε","Ὕπαγε","ὕπαγε","ὑπάγω"
66,10,08,"V","2AAD-S","λάβε","λάβε","λάβε","λαμβάνω"
66,10,08,"RA","ASN","τὸ","τὸ","τό","ὁ"
66,10,08,"N","ASN","⸀βιβλίον","βιβλίον","βιβλίον","βιβλίον"
66,10,08,"RA","ASN","τὸ","τὸ","τό","ὁ"
66,10,08,"V","XPPASN","ἠνεῳγμένον","ἠνεῳγμένον","ἠνεῳγμένον","ἀνοίγω"
66,10,08,"P",NULL,"ἐν","ἐν","ἐν","ἐν"
66,10,08,"RA","DSF","τῇ","τῇ","τῇ","ὁ"
66,10,08,"N","DSF","χειρὶ","χειρὶ","χειρί","χείρ"
66,10,08,"RA","GSM","τοῦ","τοῦ","τοῦ","ὁ"
66,10,08,"N","GSM","ἀγγέλου","ἀγγέλου","ἀγγέλου","ἄγγελος"
66,10,08,"RA","GSM","τοῦ","τοῦ","τοῦ","ὁ"
66,10,08,"V","XAPGSM","ἑστῶτος","ἑστῶτος","ἑστῶτος","ἵστημι"
66,10,08,"P",NULL,"ἐπὶ","ἐπὶ","ἐπί","ἐπί"
66,10,08,"RA","GSF","τῆς","τῆς","τῆς","ὁ"
66,10,08,"N","GSF","θαλάσσης","θαλάσσης","θαλάσσης","θάλασσα"
66,10,08,"C",NULL,"καὶ","καὶ","καί","καί"
66,10,08,"P",NULL,"ἐπὶ","ἐπὶ","ἐπί","ἐπί"
66,10,08,"RA","GSF","τῆς","τῆς","τῆς","ὁ"
66,10,08,"N","GSF","γῆς.","γῆς","γῆς","γῆ"
66,10,09,"C",NULL,"καὶ","καὶ","καί","καί"
66,10,09,"V","1AAI-S","⸀ἀπῆλθα","ἀπῆλθα","ἀπῆλθα","ἀπέρχομαι"
66,10,09,"P",NULL,"πρὸς","πρὸς","πρός","πρός"
66,10,09,"RA","ASM","τὸν","τὸν","τόν","ὁ"
66,10,09,"N","ASM","ἄγγελον","ἄγγελον","ἄγγελον","ἄγγελος"
66,10,09,"V","PAPNSM","λέγων","λέγων","λέγων","λέγω"
66,10,09,"RP","DSM","αὐτῷ","αὐτῷ","αὐτῷ","αὐτός"
66,10,09,"V","AAN","δοῦναί","δοῦναί","δοῦναι","δίδωμι"
66,10,09,"RP","DS","μοι","μοι","μοι","ἐγώ"
66,10,09,"RA","ASN","τὸ","τὸ","τό","ὁ"
66,10,09,"N","ASN","⸀βιβλαρίδιον.","βιβλαρίδιον","βιβλαρίδιον","βιβλαρίδιον"
66,10,09,"C",NULL,"καὶ","καὶ","καί","καί"
66,10,09,"V","3PAI-S","λέγει","λέγει","λέγει","λέγω"
66,10,09,"RP","DS","μοι·","μοι","μοι","ἐγώ"
66,10,09,"V","2AAD-S","Λάβε","Λάβε","λάβε","λαμβάνω"
66,10,09,"C",NULL,"καὶ","καὶ","καί","καί"
66,10,09,"V","2AAD-S","κατάφαγε","κατάφαγε","κατάφαγε","κατεσθίω"
66,10,09,"RP","ASN","αὐτό,","αὐτό","αὐτό","αὐτός"
66,10,09,"C",NULL,"καὶ","καὶ","καί","καί"
66,10,09,"V","3FAI-S","πικρανεῖ","πικρανεῖ","πικρανεῖ","πικραίνω"
66,10,09,"RP","GS","σου","σου","σου","σύ"
66,10,09,"RA","ASF","τὴν","τὴν","τήν","ὁ"
66,10,09,"N","ASF","κοιλίαν,","κοιλίαν","κοιλίαν","κοιλία"
66,10,09,"C",NULL,"ἀλλ’","ἀλλ’","ἀλλά","ἀλλά"
66,10,09,"P",NULL,"ἐν","ἐν","ἐν","ἐν"
66,10,09,"RA","DSN","τῷ","τῷ","τῷ","ὁ"
66,10,09,"N","DSN","στόματί","στόματί","στόματι","στόμα"
66,10,09,"RP","GS","σου","σου","σου","σύ"
66,10,09,"V","3FMI-S","ἔσται","ἔσται","ἔσται","εἰμί"
66,10,09,"A","NSN","γλυκὺ","γλυκὺ","γλυκύ","γλυκύς"
66,10,09,"C",NULL,"ὡς","ὡς","ὡς","ὡς"
66,10,09,"N","NSN","μέλι.","μέλι","μέλι","μέλι"
66,10,10,"C",NULL,"καὶ","καὶ","καί","καί"
66,10,10,"V","1AAI-S","ἔλαβον","ἔλαβον","ἔλαβον","λαμβάνω"
66,10,10,"RA","ASN","τὸ","τὸ","τό","ὁ"
66,10,10,"N","ASN","⸀βιβλαρίδιον","βιβλαρίδιον","βιβλαρίδιον","βιβλαρίδιον"
66,10,10,"P",NULL,"ἐκ","ἐκ","ἐκ","ἐκ"
66,10,10,"RA","GSF","τῆς","τῆς","τῆς","ὁ"
66,10,10,"N","GSF","χειρὸς","χειρὸς","χειρός","χείρ"
66,10,10,"RA","GSM","τοῦ","τοῦ","τοῦ","ὁ"
66,10,10,"N","GSM","ἀγγέλου","ἀγγέλου","ἀγγέλου","ἄγγελος"
66,10,10,"C",NULL,"καὶ","καὶ","καί","καί"
66,10,10,"V","1AAI-S","κατέφαγον","κατέφαγον","κατέφαγον","κατεσθίω"
66,10,10,"RP","ASN","αὐτό,","αὐτό","αὐτό","αὐτός"
66,10,10,"C",NULL,"καὶ","καὶ","καί","καί"
66,10,10,"V","3IAI-S","ἦν","ἦν","ἦν","εἰμί"
66,10,10,"P",NULL,"ἐν","ἐν","ἐν","ἐν"
66,10,10,"RA","DSN","τῷ","τῷ","τῷ","ὁ"
66,10,10,"N","DSN","στόματί","στόματί","στόματι","στόμα"
66,10,10,"RP","GS","μου","μου","μου","ἐγώ"
66,10,10,"C",NULL,"ὡς","ὡς","ὡς","ὡς"
66,10,10,"N","NSN","μέλι","μέλι","μέλι","μέλι"
66,10,10,"A","NSN","γλυκύ·","γλυκύ","γλυκύ","γλυκύς"
66,10,10,"C",NULL,"καὶ","καὶ","καί","καί"
66,10,10,"C",NULL,"ὅτε","ὅτε","ὅτε","ὅτε"
66,10,10,"V","1AAI-S","ἔφαγον","ἔφαγον","ἔφαγον","ἐσθίω"
66,10,10,"RP","ASN","αὐτό,","αὐτό","αὐτό","αὐτός"
66,10,10,"V","3API-S","ἐπικράνθη","ἐπικράνθη","ἐπικράνθη","πικραίνω"
66,10,10,"RA","NSF","ἡ","ἡ","ἡ","ὁ"
66,10,10,"N","NSF","κοιλία","κοιλία","κοιλία","κοιλία"
66,10,10,"RP","GS","μου.","μου","μου","ἐγώ"
66,10,11,"C",NULL,"Καὶ","Καὶ","καί","καί"
66,10,11,"V","3PAI-P","λέγουσίν","λέγουσίν","λέγουσι(ν)","λέγω"
66,10,11,"RP","DS","μοι·","μοι","μοι","ἐγώ"
66,10,11,"V","3PAI-S","Δεῖ","Δεῖ","δεῖ","δέω"
66,10,11,"RP","AS","σε","σε","σε","σύ"
66,10,11,"D",NULL,"πάλιν","πάλιν","πάλιν","πάλιν"
66,10,11,"V","AAN","προφητεῦσαι","προφητεῦσαι","προφητεῦσαι","προφητεύω"
66,10,11,"P",NULL,"ἐπὶ","ἐπὶ","ἐπί","ἐπί"
66,10,11,"N","DPM","λαοῖς","λαοῖς","λαοῖς","λαός"
66,10,11,"C",NULL,"⸀καὶ","καὶ","καί","καί"
66,10,11,"N","DPN","ἔθνεσιν","ἔθνεσιν","ἔθνεσι(ν)","ἔθνος"
66,10,11,"C",NULL,"καὶ","καὶ","καί","καί"
66,10,11,"N","DPF","γλώσσαις","γλώσσαις","γλώσσαις","γλῶσσα"
66,10,11,"C",NULL,"καὶ","καὶ","καί","καί"
66,10,11,"N","DPM","βασιλεῦσιν","βασιλεῦσιν","βασιλεῦσι(ν)","βασιλεύς"
66,10,11,"A","DPM","πολλοῖς.","πολλοῖς","πολλοῖς","πολύς"
66,11,01,"C",NULL,"Καὶ","Καὶ","καί","καί"
66,11,01,"V","3API-S","ἐδόθη","ἐδόθη","ἐδόθη","δίδωμι"
66,11,01,"RP","DS","μοι","μοι","μοι","ἐγώ"
66,11,01,"N","NSM","κάλαμος","κάλαμος","κάλαμος","κάλαμος"
66,11,01,"A","NSM","ὅμοιος","ὅμοιος","ὅμοιος","ὅμοιος"
66,11,01,"N","DSF","ῥάβδῳ,","ῥάβδῳ","ῥάβδῳ","ῥάβδος"
66,11,01,"V","PAPNSM","λέγων·","λέγων","λέγων","λέγω"
66,11,01,"V","2PAD-S","⸀Ἔγειρε","Ἔγειρε","ἔγειρε","ἐγείρω"
66,11,01,"C",NULL,"καὶ","καὶ","καί","καί"
66,11,01,"V","2AAD-S","μέτρησον","μέτρησον","μέτρησον","μετρέω"
66,11,01,"RA","ASM","τὸν","τὸν","τόν","ὁ"
66,11,01,"N","ASM","ναὸν","ναὸν","ναόν","ναός"
66,11,01,"RA","GSM","τοῦ","τοῦ","τοῦ","ὁ"
66,11,01,"N","GSM","θεοῦ","θεοῦ","θεοῦ","θεός"
66,11,01,"C",NULL,"καὶ","καὶ","καί","καί"
66,11,01,"RA","ASN","τὸ","τὸ","τό","ὁ"
66,11,01,"N","ASN","θυσιαστήριον","θυσιαστήριον","θυσιαστήριον","θυσιαστήριον"
66,11,01,"C",NULL,"καὶ","καὶ","καί","καί"
66,11,01,"RA","APM","τοὺς","τοὺς","τούς","ὁ"
66,11,01,"V","PAPAPM","προσκυνοῦντας","προσκυνοῦντας","προσκυνοῦντας","προσκυνέω"
66,11,01,"P",NULL,"ἐν","ἐν","ἐν","ἐν"
66,11,01,"RP","DSM","αὐτῷ.","αὐτῷ","αὐτῷ","αὐτός"
66,11,02,"C",NULL,"καὶ","καὶ","καί","καί"
66,11,02,"RA","ASF","τὴν","τὴν","τήν","ὁ"
66,11,02,"N","ASF","αὐλὴν","αὐλὴν","αὐλήν","αὐλή"
66,11,02,"RA","ASF","τὴν","τὴν","τήν","ὁ"
66,11,02,"D",NULL,"ἔξωθεν","ἔξωθεν","ἔξωθεν","ἔξωθεν"
66,11,02,"RA","GSM","τοῦ","τοῦ","τοῦ","ὁ"
66,11,02,"N","GSM","ναοῦ","ναοῦ","ναοῦ","ναός"
66,11,02,"V","2AAD-S","ἔκβαλε","ἔκβαλε","ἔκβαλε","ἐκβάλλω"
66,11,02,"D",NULL,"⸀ἔξωθεν,","ἔξωθεν","ἔξωθεν","ἔξωθεν"
66,11,02,"C",NULL,"καὶ","καὶ","καί","καί"
66,11,02,"D",NULL,"μὴ","μὴ","μή","μή"
66,11,02,"RP","ASF","αὐτὴν","αὐτὴν","αὐτήν","αὐτός"
66,11,02,"V","2AAS-S","μετρήσῃς,","μετρήσῃς","μετρήσῃς","μετρέω"
66,11,02,"C",NULL,"ὅτι","ὅτι","ὅτι","ὅτι"
66,11,02,"V","3API-S","ἐδόθη","ἐδόθη","ἐδόθη","δίδωμι"
66,11,02,"RA","DPN","τοῖς","τοῖς","τοῖς","ὁ"
66,11,02,"N","DPN","ἔθνεσιν,","ἔθνεσιν","ἔθνεσι(ν)","ἔθνος"
66,11,02,"C",NULL,"καὶ","καὶ","καί","καί"
66,11,02,"RA","ASF","τὴν","τὴν","τήν","ὁ"
66,11,02,"N","ASF","πόλιν","πόλιν","πόλιν","πόλις"
66,11,02,"RA","ASF","τὴν","τὴν","τήν","ὁ"
66,11,02,"A","ASF","ἁγίαν","ἁγίαν","ἁγίαν","ἅγιος"
66,11,02,"V","3FAI-P","πατήσουσιν","πατήσουσιν","πατήσουσι(ν)","πατέω"
66,11,02,"N","APM","μῆνας","μῆνας","μῆνας","μήν"
66,11,02,"A","APM","⸀τεσσεράκοντα","τεσσεράκοντα","τεσσεράκοντα","τεσσεράκοντα"
66,11,02,"A","APM","δύο.","δύο","δύο","δύο"
66,11,03,"C",NULL,"καὶ","καὶ","καί","καί"
66,11,03,"V","1FAI-S","δώσω","δώσω","δώσω","δίδωμι"
66,11,03,"RA","DPM","τοῖς","τοῖς","τοῖς","ὁ"
66,11,03,"A","DPM","δυσὶν","δυσὶν","δυσί(ν)","δύο"
66,11,03,"N","DPM","μάρτυσίν","μάρτυσίν","μάρτυσι(ν)","μάρτυς"
66,11,03,"RP","GS","μου,","μου","μου","ἐγώ"
66,11,03,"C",NULL,"καὶ","καὶ","καί","καί"
66,11,03,"V","3FAI-P","προφητεύσουσιν","προφητεύσουσιν","προφητεύσουσι(ν)","προφητεύω"
66,11,03,"N","APF","ἡμέρας","ἡμέρας","ἡμέρας","ἡμέρα"
66,11,03,"A","APF","χιλίας","χιλίας","χιλίας","χίλιοι"
66,11,03,"A","APF","διακοσίας","διακοσίας","διακοσίας","διακόσιοι"
66,11,03,"A","APF","ἑξήκοντα,","ἑξήκοντα","ἑξήκοντα","ἑξήκοντα"
66,11,03,"V","XMPNPM","⸀περιβεβλημένοι","περιβεβλημένοι","περιβεβλημένοι","περιβάλλω"
66,11,03,"N","APM","σάκκους.","σάκκους","σάκκους","σάκκος"
66,11,04,"RD","NPM","Οὗτοί","Οὗτοί","οὗτοι","οὗτος"
66,11,04,"V","3PAI-P","εἰσιν","εἰσιν","εἰσί(ν)","εἰμί"
66,11,04,"RA","NPF","αἱ","αἱ","αἱ","ὁ"
66,11,04,"A","NPF","δύο","δύο","δύο","δύο"
66,11,04,"N","NPF","ἐλαῖαι","ἐλαῖαι","ἐλαῖαι","ἐλαία"
66,11,04,"C",NULL,"καὶ","καὶ","καί","καί"
66,11,04,"RA","NPF","αἱ","αἱ","αἱ","ὁ"
66,11,04,"A","NPF","δύο","δύο","δύο","δύο"
66,11,04,"N","NPF","λυχνίαι","λυχνίαι","λυχνίαι","λυχνία"
66,11,04,"RA","NPF","αἱ","αἱ","αἱ","ὁ"
66,11,04,"P",NULL,"ἐνώπιον","ἐνώπιον","ἐνώπιον","ἐνώπιον"
66,11,04,"RA","GSM","τοῦ","τοῦ","τοῦ","ὁ"
66,11,04,"N","GSM","κυρίου","κυρίου","κυρίου","κύριος"
66,11,04,"RA","GSF","τῆς","τῆς","τῆς","ὁ"
66,11,04,"N","GSF","γῆς","γῆς","γῆς","γῆ"
66,11,04,"V","XAPNPM","⸀ἑστῶτες.","ἑστῶτες","ἑστῶτες","ἵστημι"
66,11,05,"C",NULL,"καὶ","καὶ","καί","καί"
66,11,05,"C",NULL,"εἴ","εἴ","εἰ","εἰ"
66,11,05,"RI","NSM","τις","τις","τὶς","τις"
66,11,05,"RP","APM","αὐτοὺς","αὐτοὺς","αὐτούς","αὐτός"
66,11,05,"V","3PAI-S","θέλει","θέλει","θέλει","θέλω"
66,11,05,"V","AAN","ἀδικῆσαι,","ἀδικῆσαι","ἀδικῆσαι","ἀδικέω"
66,11,05,"N","NSN","πῦρ","πῦρ","πῦρ","πῦρ"
66,11,05,"V","3PMI-S","ἐκπορεύεται","ἐκπορεύεται","ἐκπορεύεται","ἐκπορεύομαι"
66,11,05,"P",NULL,"ἐκ","ἐκ","ἐκ","ἐκ"
66,11,05,"RA","GSN","τοῦ","τοῦ","τοῦ","ὁ"
66,11,05,"N","GSN","στόματος","στόματος","στόματος","στόμα"
66,11,05,"RP","GPM","αὐτῶν","αὐτῶν","αὐτῶν","αὐτός"
66,11,05,"C",NULL,"καὶ","καὶ","καί","καί"
66,11,05,"V","3PAI-S","κατεσθίει","κατεσθίει","κατεσθίει","κατεσθίω"
66,11,05,"RA","APM","τοὺς","τοὺς","τούς","ὁ"
66,11,05,"A","APM","ἐχθροὺς","ἐχθροὺς","ἐχθρούς","ἐχθρός"
66,11,05,"RP","GPM","αὐτῶν·","αὐτῶν","αὐτῶν","αὐτός"
66,11,05,"C",NULL,"καὶ","καὶ","καί","καί"
66,11,05,"C",NULL,"εἴ","εἴ","εἰ","εἰ"
66,11,05,"RI","NSM","τις","τις","τὶς","τις"
66,11,05,"V","3AAS-S","⸂θελήσῃ","θελήσῃ","θελήσῃ","θέλω"
66,11,05,"RP","APM","αὐτοὺς⸃","αὐτοὺς","αὐτούς","αὐτός"
66,11,05,"V","AAN","ἀδικῆσαι,","ἀδικῆσαι","ἀδικῆσαι","ἀδικέω"
66,11,05,"D",NULL,"οὕτως","οὕτως","οὕτω(ς)","οὕτω(ς)"
66,11,05,"V","3PAI-S","δεῖ","δεῖ","δεῖ","δέω"
66,11,05,"RP","ASM","αὐτὸν","αὐτὸν","αὐτόν","αὐτός"
66,11,05,"V","APN","ἀποκτανθῆναι.","ἀποκτανθῆναι","ἀποκτανθῆναι","ἀποκτείνω"
66,11,06,"RD","NPM","οὗτοι","οὗτοι","οὗτοι","οὗτος"
66,11,06,"V","3PAI-P","ἔχουσιν","ἔχουσιν","ἔχουσι(ν)","ἔχω"
66,11,06,"RA","ASF","⸂τὴν","τὴν","τήν","ὁ"
66,11,06,"N","ASF","ἐξουσίαν","ἐξουσίαν","ἐξουσίαν","ἐξουσία"
66,11,06,"V","AAN","κλεῖσαι","κλεῖσαι","κλεῖσαι","κλείω"
66,11,06,"RA","ASM","τὸν","τὸν","τόν","ὁ"
66,11,06,"N","ASM","οὐρανόν⸃,","οὐρανόν","οὐρανόν","οὐρανός"
66,11,06,"C",NULL,"ἵνα","ἵνα","ἵνα","ἵνα"
66,11,06,"D",NULL,"μὴ","μὴ","μή","μή"
66,11,06,"N","NSM","ὑετὸς","ὑετὸς","ὑετός","ὑετός"
66,11,06,"V","3PAS-S","βρέχῃ","βρέχῃ","βρέχῃ","βρέχω"
66,11,06,"RA","APF","τὰς","τὰς","τάς","ὁ"
66,11,06,"N","APF","ἡμέρας","ἡμέρας","ἡμέρας","ἡμέρα"
66,11,06,"RA","GSF","τῆς","τῆς","τῆς","ὁ"
66,11,06,"N","GSF","προφητείας","προφητείας","προφητείας","προφητεία"
66,11,06,"RP","GPM","αὐτῶν,","αὐτῶν","αὐτῶν","αὐτός"
66,11,06,"C",NULL,"καὶ","καὶ","καί","καί"
66,11,06,"N","ASF","ἐξουσίαν","ἐξουσίαν","ἐξουσίαν","ἐξουσία"
66,11,06,"V","3PAI-P","ἔχουσιν","ἔχουσιν","ἔχουσι(ν)","ἔχω"
66,11,06,"P",NULL,"ἐπὶ","ἐπὶ","ἐπί","ἐπί"
66,11,06,"RA","GPN","τῶν","τῶν","τῶν","ὁ"
66,11,06,"N","GPN","ὑδάτων","ὑδάτων","ὑδάτων","ὕδωρ"
66,11,06,"V","PAN","στρέφειν","στρέφειν","στρέφειν","στρέφω"
66,11,06,"RP","APN","αὐτὰ","αὐτὰ","αὐτά","αὐτός"
66,11,06,"P",NULL,"εἰς","εἰς","εἰς","εἰς"
66,11,06,"N","ASN","αἷμα","αἷμα","αἷμα","αἷμα"
66,11,06,"C",NULL,"καὶ","καὶ","καί","καί"
66,11,06,"V","AAN","πατάξαι","πατάξαι","πατάξαι","πατάσσω"
66,11,06,"RA","ASF","τὴν","τὴν","τήν","ὁ"
66,11,06,"N","ASF","γῆν","γῆν","γῆν","γῆ"
66,11,06,"P",NULL,"⸂ἐν","ἐν","ἐν","ἐν"
66,11,06,"A","DSF","πάσῃ","πάσῃ","πάσῃ","πᾶς"
66,11,06,"N","DSF","πληγῇ","πληγῇ","πληγῇ","πληγή"
66,11,06,"C",NULL,"ὁσάκις","ὁσάκις","ὁσάκις","ὁσάκις"
66,11,06,"X",NULL,"ἐὰν","ἐὰν","ἐάν","ἐάν"
66,11,06,"V","3AAS-P","θελήσωσιν⸃.","θελήσωσιν","θελήσωσι(ν)","θέλω"
66,11,07,"C",NULL,"Καὶ","Καὶ","καί","καί"
66,11,07,"C",NULL,"ὅταν","ὅταν","ὅταν","ὅταν"
66,11,07,"V","3AAS-P","τελέσωσιν","τελέσωσιν","τελέσωσι(ν)","τελέω"
66,11,07,"RA","ASF","τὴν","τὴν","τήν","ὁ"
66,11,07,"N","ASF","μαρτυρίαν","μαρτυρίαν","μαρτυρίαν","μαρτυρία"
66,11,07,"RP","GPM","αὐτῶν,","αὐτῶν","αὐτῶν","αὐτός"
66,11,07,"RA","NSN","τὸ","τὸ","τό","ὁ"
66,11,07,"N","NSN","θηρίον","θηρίον","θηρίον","θηρίον"
66,11,07,"RA","NSN","τὸ","τὸ","τό","ὁ"
66,11,07,"V","PAPNSN","ἀναβαῖνον","ἀναβαῖνον","ἀναβαῖνον","ἀναβαίνω"
66,11,07,"P",NULL,"ἐκ","ἐκ","ἐκ","ἐκ"
66,11,07,"RA","GSF","τῆς","τῆς","τῆς","ὁ"
66,11,07,"N","GSF","ἀβύσσου","ἀβύσσου","ἀβύσσου","ἄβυσσος"
66,11,07,"V","3FAI-S","ποιήσει","ποιήσει","ποιήσει","ποιέω"
66,11,07,"P",NULL,"μετ’","μετ’","μετά","μετά"
66,11,07,"RP","GPM","αὐτῶν","αὐτῶν","αὐτῶν","αὐτός"
66,11,07,"N","ASM","πόλεμον","πόλεμον","πόλεμον","πόλεμος"
66,11,07,"C",NULL,"καὶ","καὶ","καί","καί"
66,11,07,"V","3FAI-S","νικήσει","νικήσει","νικήσει","νικάω"
66,11,07,"RP","APM","αὐτοὺς","αὐτοὺς","αὐτούς","αὐτός"
66,11,07,"C",NULL,"καὶ","καὶ","καί","καί"
66,11,07,"V","3FAI-S","ἀποκτενεῖ","ἀποκτενεῖ","ἀποκτενεῖ","ἀποκτείνω"
66,11,07,"RP","APM","αὐτούς.","αὐτούς","αὐτούς","αὐτός"
66,11,08,"C",NULL,"καὶ","καὶ","καί","καί"
66,11,08,"RA","NSN","τὸ","τὸ","τό","ὁ"
66,11,08,"N","NSN","πτῶμα","πτῶμα","πτῶμα","πτῶμα"
66,11,08,"RP","GPM","αὐτῶν","αὐτῶν","αὐτῶν","αὐτός"
66,11,08,"P",NULL,"ἐπὶ","ἐπὶ","ἐπί","ἐπί"
66,11,08,"RA","GSF","τῆς","τῆς","τῆς","ὁ"
66,11,08,"A","GSF","πλατείας","πλατείας","πλατείας","πλατεῖα"
66,11,08,"RA","GSF","τῆς","τῆς","τῆς","ὁ"
66,11,08,"N","GSF","πόλεως","πόλεως","πόλεως","πόλις"
66,11,08,"RA","GSF","τῆς","τῆς","τῆς","ὁ"
66,11,08,"A","GSF","μεγάλης,","μεγάλης","μεγάλης","μέγας"
66,11,08,"RR","NSF","ἥτις","ἥτις","ἥτις","ὅστις"
66,11,08,"V","3PPI-S","καλεῖται","καλεῖται","καλεῖται","καλέω"
66,11,08,"D",NULL,"πνευματικῶς","πνευματικῶς","πνευματικῶς","πνευματικῶς"
66,11,08,"N","NPN","Σόδομα","Σόδομα","Σόδομα","Σόδομα"
66,11,08,"C",NULL,"καὶ","καὶ","καί","καί"
66,11,08,"N","NSF","Αἴγυπτος,","Αἴγυπτος","Αἴγυπτος","Αἴγυπτος"
66,11,08,"D",NULL,"ὅπου","ὅπου","ὅπου","ὅπου"
66,11,08,"D",NULL,"καὶ","καὶ","καί","καί"
66,11,08,"RA","NSM","ὁ","ὁ","ὁ","ὁ"
66,11,08,"N","NSM","κύριος","κύριος","κύριος","κύριος"
66,11,08,"RP","GPM","αὐτῶν","αὐτῶν","αὐτῶν","αὐτός"
66,11,08,"V","3API-S","ἐσταυρώθη.","ἐσταυρώθη","ἐσταυρώθη","σταυρόω"
66,11,09,"C",NULL,"καὶ","καὶ","καί","καί"
66,11,09,"V","3PAI-P","βλέπουσιν","βλέπουσιν","βλέπουσι(ν)","βλέπω"
66,11,09,"P",NULL,"ἐκ","ἐκ","ἐκ","ἐκ"
66,11,09,"RA","GPM","τῶν","τῶν","τῶν","ὁ"
66,11,09,"N","GPM","λαῶν","λαῶν","λαῶν","λαός"
66,11,09,"C",NULL,"καὶ","καὶ","καί","καί"
66,11,09,"N","GPF","φυλῶν","φυλῶν","φυλῶν","φυλή"
66,11,09,"C",NULL,"καὶ","καὶ","καί","καί"
66,11,09,"N","GPF","γλωσσῶν","γλωσσῶν","γλωσσῶν","γλῶσσα"
66,11,09,"C",NULL,"καὶ","καὶ","καί","καί"
66,11,09,"N","GPN","ἐθνῶν","ἐθνῶν","ἐθνῶν","ἔθνος"
66,11,09,"RA","ASN","τὸ","τὸ","τό","ὁ"
66,11,09,"N","ASN","πτῶμα","πτῶμα","πτῶμα","πτῶμα"
66,11,09,"RP","GPM","αὐτῶν","αὐτῶν","αὐτῶν","αὐτός"
66,11,09,"N","APF","ἡμέρας","ἡμέρας","ἡμέρας","ἡμέρα"
66,11,09,"A","APF","τρεῖς","τρεῖς","τρεῖς","τρεῖς"
66,11,09,"C",NULL,"⸀καὶ","καὶ","καί","καί"
66,11,09,"A","ASN","ἥμισυ,","ἥμισυ","ἥμισυ","ἥμισυς"
66,11,09,"C",NULL,"καὶ","καὶ","καί","καί"
66,11,09,"RA","APN","τὰ","τὰ","τά","ὁ"
66,11,09,"N","APN","πτώματα","πτώματα","πτώματα","πτῶμα"
66,11,09,"RP","GPM","αὐτῶν","αὐτῶν","αὐτῶν","αὐτός"
66,11,09,"D",NULL,"οὐκ","οὐκ","οὐ","οὐ"
66,11,09,"V","3PAI-P","⸀ἀφίουσιν","ἀφίουσιν","ἀφίουσι(ν)","ἀφίημι"
66,11,09,"V","APN","τεθῆναι","τεθῆναι","τεθῆναι","τίθημι"
66,11,09,"P",NULL,"εἰς","εἰς","εἰς","εἰς"
66,11,09,"N","ASN","μνῆμα.","μνῆμα","μνῆμα","μνῆμα"
66,11,10,"C",NULL,"καὶ","καὶ","καί","καί"
66,11,10,"RA","NPM","οἱ","οἱ","οἱ","ὁ"
66,11,10,"V","PAPNPM","κατοικοῦντες","κατοικοῦντες","κατοικοῦντες","κατοικέω"
66,11,10,"P",NULL,"ἐπὶ","ἐπὶ","ἐπί","ἐπί"
66,11,10,"RA","GSF","τῆς","τῆς","τῆς","ὁ"
66,11,10,"N","GSF","γῆς","γῆς","γῆς","γῆ"
66,11,10,"V","3PAI-P","χαίρουσιν","χαίρουσιν","χαίρουσι(ν)","χαίρω"
66,11,10,"P",NULL,"ἐπ’","ἐπ’","ἐπί","ἐπί"
66,11,10,"RP","DPM","αὐτοῖς","αὐτοῖς","αὐτοῖς","αὐτός"
66,11,10,"C",NULL,"καὶ","καὶ","καί","καί"
66,11,10,"V","3PPI-P","⸀εὐφραίνονται,","εὐφραίνονται","εὐφραίνονται","εὐφραίνω"
66,11,10,"C",NULL,"καὶ","καὶ","καί","καί"
66,11,10,"N","APN","δῶρα","δῶρα","δῶρα","δῶρον"
66,11,10,"V","3FAI-P","⸀πέμψουσιν","πέμψουσιν","πέμψουσι(ν)","πέμπω"
66,11,10,"RP","DPM","ἀλλήλοις,","ἀλλήλοις","ἀλλήλοις","ἀλλήλων"
66,11,10,"C",NULL,"ὅτι","ὅτι","ὅτι","ὅτι"
66,11,10,"RD","NPM","οὗτοι","οὗτοι","οὗτοι","οὗτος"
66,11,10,"RA","NPM","οἱ","οἱ","οἱ","ὁ"
66,11,10,"A","NPM","δύο","δύο","δύο","δύο"
66,11,10,"N","NPM","προφῆται","προφῆται","προφῆται","προφήτης"
66,11,10,"V","3AAI-P","ἐβασάνισαν","ἐβασάνισαν","ἐβασάνισαν","βασανίζω"
66,11,10,"RA","APM","τοὺς","τοὺς","τούς","ὁ"
66,11,10,"V","PAPAPM","κατοικοῦντας","κατοικοῦντας","κατοικοῦντας","κατοικέω"
66,11,10,"P",NULL,"ἐπὶ","ἐπὶ","ἐπί","ἐπί"
66,11,10,"RA","GSF","τῆς","τῆς","τῆς","ὁ"
66,11,10,"N","GSF","γῆς.","γῆς","γῆς","γῆ"
66,11,11,"C",NULL,"Καὶ","Καὶ","καί","καί"
66,11,11,"P",NULL,"μετὰ","μετὰ","μετά","μετά"
66,11,11,"RA","APF","τὰς","τὰς","τάς","ὁ"
66,11,11,"A","APF","τρεῖς","τρεῖς","τρεῖς","τρεῖς"
66,11,11,"N","APF","ἡμέρας","ἡμέρας","ἡμέρας","ἡμέρα"
66,11,11,"C",NULL,"καὶ","καὶ","καί","καί"
66,11,11,"A","ASN","ἥμισυ","ἥμισυ","ἥμισυ","ἥμισυς"
66,11,11,"N","NSN","πνεῦμα","πνεῦμα","πνεῦμα","πνεῦμα"
66,11,11,"N","GSF","ζωῆς","ζωῆς","ζωῆς","ζωή"
66,11,11,"P",NULL,"ἐκ","ἐκ","ἐκ","ἐκ"
66,11,11,"RA","GSM","τοῦ","τοῦ","τοῦ","ὁ"
66,11,11,"N","GSM","θεοῦ","θεοῦ","θεοῦ","θεός"
66,11,11,"V","3AAI-S","εἰσῆλθεν","εἰσῆλθεν","εἰσῆλθε(ν)","εἰσέρχομαι"
66,11,11,"P",NULL,"⸂ἐν","ἐν","ἐν","ἐν"
66,11,11,"RP","DPM","αὐτοῖς⸃,","αὐτοῖς","αὐτοῖς","αὐτός"
66,11,11,"C",NULL,"καὶ","καὶ","καί","καί"
66,11,11,"V","3AAI-P","ἔστησαν","ἔστησαν","ἔστησαν","ἵστημι"
66,11,11,"P",NULL,"ἐπὶ","ἐπὶ","ἐπί","ἐπί"
66,11,11,"RA","APM","τοὺς","τοὺς","τούς","ὁ"
66,11,11,"N","APM","πόδας","πόδας","πόδας","πούς"
66,11,11,"RP","GPM","αὐτῶν,","αὐτῶν","αὐτῶν","αὐτός"
66,11,11,"C",NULL,"καὶ","καὶ","καί","καί"
66,11,11,"N","NSM","φόβος","φόβος","φόβος","φόβος"
66,11,11,"A","NSM","μέγας","μέγας","μέγας","μέγας"
66,11,11,"V","3AAI-S","⸀ἐπέπεσεν","ἐπέπεσεν","ἐπέπεσε(ν)","ἐπιπίπτω"
66,11,11,"P",NULL,"ἐπὶ","ἐπὶ","ἐπί","ἐπί"
66,11,11,"RA","APM","τοὺς","τοὺς","τούς","ὁ"
66,11,11,"V","PAPAPM","θεωροῦντας","θεωροῦντας","θεωροῦντας","θεωρέω"
66,11,11,"RP","APM","αὐτούς·","αὐτούς","αὐτούς","αὐτός"
66,11,12,"C",NULL,"καὶ","καὶ","καί","καί"
66,11,12,"V","3AAI-P","⸀ἤκουσαν","ἤκουσαν","ἤκουσαν","ἀκούω"
66,11,12,"N","GSF","⸂φωνῆς","φωνῆς","φωνῆς","φωνή"
66,11,12,"A","GSF","μεγάλης⸃","μεγάλης","μεγάλης","μέγας"
66,11,12,"P",NULL,"ἐκ","ἐκ","ἐκ","ἐκ"
66,11,12,"RA","GSM","τοῦ","τοῦ","τοῦ","ὁ"
66,11,12,"N","GSM","οὐρανοῦ","οὐρανοῦ","οὐρανοῦ","οὐρανός"
66,11,12,"V","PAPGSF","⸀λεγούσης","λεγούσης","λεγούσης","λέγω"
66,11,12,"RP","DPM","αὐτοῖς·","αὐτοῖς","αὐτοῖς","αὐτός"
66,11,12,"V","2AAD-P","⸀Ἀνάβατε","Ἀνάβατε","ἀνάβατε","ἀναβαίνω"
66,11,12,"D",NULL,"ὧδε,","ὧδε","ὧδε","ὧδε"
66,11,12,"C",NULL,"καὶ","καὶ","καί","καί"
66,11,12,"V","3AAI-P","ἀνέβησαν","ἀνέβησαν","ἀνέβησαν","ἀναβαίνω"
66,11,12,"P",NULL,"εἰς","εἰς","εἰς","εἰς"
66,11,12,"RA","ASM","τὸν","τὸν","τόν","ὁ"
66,11,12,"N","ASM","οὐρανὸν","οὐρανὸν","οὐρανόν","οὐρανός"
66,11,12,"P",NULL,"ἐν","ἐν","ἐν","ἐν"
66,11,12,"RA","DSF","τῇ","τῇ","τῇ","ὁ"
66,11,12,"N","DSF","νεφέλῃ,","νεφέλῃ","νεφέλῃ","νεφέλη"
66,11,12,"C",NULL,"καὶ","καὶ","καί","καί"
66,11,12,"V","3AAI-P","ἐθεώρησαν","ἐθεώρησαν","ἐθεώρησαν","θεωρέω"
66,11,12,"RP","APM","αὐτοὺς","αὐτοὺς","αὐτούς","αὐτός"
66,11,12,"RA","NPM","οἱ","οἱ","οἱ","ὁ"
66,11,12,"A","NPM","ἐχθροὶ","ἐχθροὶ","ἐχθροί","ἐχθρός"
66,11,12,"RP","GPM","αὐτῶν.","αὐτῶν","αὐτῶν","αὐτός"
66,11,13,"C",NULL,"καὶ","καὶ","καί","καί"
66,11,13,"P",NULL,"ἐν","ἐν","ἐν","ἐν"
66,11,13,"RD","DSF","ἐκείνῃ","ἐκείνῃ","ἐκείνῃ","ἐκεῖνος"
66,11,13,"RA","DSF","τῇ","τῇ","τῇ","ὁ"
66,11,13,"N","DSF","⸀ὥρᾳ","ὥρᾳ","ὥρᾳ","ὥρα"
66,11,13,"V","3AMI-S","ἐγένετο","ἐγένετο","ἐγένετο","γίνομαι"
66,11,13,"N","NSM","σεισμὸς","σεισμὸς","σεισμός","σεισμός"
66,11,13,"A","NSM","μέγας,","μέγας","μέγας","μέγας"
66,11,13,"C",NULL,"καὶ","καὶ","καί","καί"
66,11,13,"RA","NSN","τὸ","τὸ","τό","ὁ"
66,11,13,"A","NSN","δέκατον","δέκατον","δέκατον","δέκατος"
66,11,13,"RA","GSF","τῆς","τῆς","τῆς","ὁ"
66,11,13,"N","GSF","πόλεως","πόλεως","πόλεως","πόλις"
66,11,13,"V","3AAI-S","ἔπεσεν,","ἔπεσεν","ἔπεσε(ν)","πίπτω"
66,11,13,"C",NULL,"καὶ","καὶ","καί","καί"
66,11,13,"V","3API-P","ἀπεκτάνθησαν","ἀπεκτάνθησαν","ἀπεκτάνθησαν","ἀποκτείνω"
66,11,13,"P",NULL,"ἐν","ἐν","ἐν","ἐν"
66,11,13,"RA","DSM","τῷ","τῷ","τῷ","ὁ"
66,11,13,"N","DSM","σεισμῷ","σεισμῷ","σεισμῷ","σεισμός"
66,11,13,"N","NPN","ὀνόματα","ὀνόματα","ὀνόματα","ὄνομα"
66,11,13,"N","GPM","ἀνθρώπων","ἀνθρώπων","ἀνθρώπων","ἄνθρωπος"
66,11,13,"N","NPF","χιλιάδες","χιλιάδες","χιλιάδες","χιλιάς"
66,11,13,"A","NPF","ἑπτά,","ἑπτά","ἑπτά","ἑπτά"
66,11,13,"C",NULL,"καὶ","καὶ","καί","καί"
66,11,13,"RA","NPM","οἱ","οἱ","οἱ","ὁ"
66,11,13,"A","NPM","λοιποὶ","λοιποὶ","λοιποί","λοιπός"
66,11,13,"A","NPM","ἔμφοβοι","ἔμφοβοι","ἔμφοβοι","ἔμφοβος"
66,11,13,"V","3AMI-P","ἐγένοντο","ἐγένοντο","ἐγένοντο","γίνομαι"
66,11,13,"C",NULL,"καὶ","καὶ","καί","καί"
66,11,13,"V","3AAI-P","ἔδωκαν","ἔδωκαν","ἔδωκαν","δίδωμι"
66,11,13,"N","ASF","δόξαν","δόξαν","δόξαν","δόξα"
66,11,13,"RA","DSM","τῷ","τῷ","τῷ","ὁ"
66,11,13,"N","DSM","θεῷ","θεῷ","θεῷ","θεός"
66,11,13,"RA","GSM","τοῦ","τοῦ","τοῦ","ὁ"
66,11,13,"N","GSM","οὐρανοῦ.","οὐρανοῦ","οὐρανοῦ","οὐρανός"
66,11,14,"RA","NSF","Ἡ","Ἡ","ἡ","ὁ"
66,11,14,"X",NULL,"οὐαὶ","οὐαὶ","οὐαί","οὐαί"
66,11,14,"RA","NSF","ἡ","ἡ","ἡ","ὁ"
66,11,14,"A","NSF","δευτέρα","δευτέρα","δευτέρα","δεύτερος"
66,11,14,"V","3AAI-S","ἀπῆλθεν·","ἀπῆλθεν","ἀπῆλθε(ν)","ἀπέρχομαι"
66,11,14,"X",NULL,"⸂ἰδοὺ","ἰδοὺ","ἰδού","ἰδού"
66,11,14,"RA","NSF","ἡ","ἡ","ἡ","ὁ"
66,11,14,"X",NULL,"οὐαὶ","οὐαὶ","οὐαί","οὐαί"
66,11,14,"RA","NSF","ἡ","ἡ","ἡ","ὁ"
66,11,14,"A","NSF","τρίτη⸃","τρίτη","τρίτη","τρίτος"
66,11,14,"V","3PMI-S","ἔρχεται","ἔρχεται","ἔρχεται","ἔρχομαι"
66,11,14,"D",NULL,"ταχύ.","ταχύ","ταχύ","ταχύ"
66,11,15,"C",NULL,"Καὶ","Καὶ","καί","καί"
66,11,15,"RA","NSM","ὁ","ὁ","ὁ","ὁ"
66,11,15,"A","NSM","ἕβδομος","ἕβδομος","ἕβδομος","ἕβδομος"
66,11,15,"N","NSM","ἄγγελος","ἄγγελος","ἄγγελος","ἄγγελος"
66,11,15,"V","3AAI-S","ἐσάλπισεν·","ἐσάλπισεν","ἐσάλπισε(ν)","σαλπίζω"
66,11,15,"C",NULL,"καὶ","καὶ","καί","καί"
66,11,15,"V","3AMI-P","ἐγένοντο","ἐγένοντο","ἐγένοντο","γίνομαι"
66,11,15,"N","NPF","φωναὶ","φωναὶ","φωναί","φωνή"
66,11,15,"A","NPF","μεγάλαι","μεγάλαι","μεγάλαι","μέγας"
66,11,15,"P",NULL,"ἐν","ἐν","ἐν","ἐν"
66,11,15,"RA","DSM","τῷ","τῷ","τῷ","ὁ"
66,11,15,"N","DSM","οὐρανῷ","οὐρανῷ","οὐρανῷ","οὐρανός"
66,11,15,"V","PAPNPM","⸀λέγοντες·","λέγοντες","λέγοντες","λέγω"
66,11,15,"V","3AMI-S","Ἐγένετο","Ἐγένετο","ἐγένετο","γίνομαι"
66,11,15,"RA","NSF","ἡ","ἡ","ἡ","ὁ"
66,11,15,"N","NSF","βασιλεία","βασιλεία","βασιλεία","βασιλεία"
66,11,15,"RA","GSM","τοῦ","τοῦ","τοῦ","ὁ"
66,11,15,"N","GSM","κόσμου","κόσμου","κόσμου","κόσμος"
66,11,15,"RA","GSM","τοῦ","τοῦ","τοῦ","ὁ"
66,11,15,"N","GSM","κυρίου","κυρίου","κυρίου","κύριος"
66,11,15,"RP","GP","ἡμῶν","ἡμῶν","ἡμῶν","ἐγώ"
66,11,15,"C",NULL,"καὶ","καὶ","καί","καί"
66,11,15,"RA","GSM","τοῦ","τοῦ","τοῦ","ὁ"
66,11,15,"N","GSM","χριστοῦ","χριστοῦ","Χριστοῦ","Χριστός"
66,11,15,"RP","GSM","αὐτοῦ,","αὐτοῦ","αὐτοῦ","αὐτός"
66,11,15,"C",NULL,"καὶ","καὶ","καί","καί"
66,11,15,"V","3FAI-S","βασιλεύσει","βασιλεύσει","βασιλεύσει","βασιλεύω"
66,11,15,"P",NULL,"εἰς","εἰς","εἰς","εἰς"
66,11,15,"RA","APM","τοὺς","τοὺς","τούς","ὁ"
66,11,15,"N","APM","αἰῶνας","αἰῶνας","αἰῶνας","αἰών"
66,11,15,"RA","GPM","τῶν","τῶν","τῶν","ὁ"
66,11,15,"N","GPM","αἰώνων.","αἰώνων","αἰώνων","αἰών"
66,11,16,"C",NULL,"Καὶ","Καὶ","καί","καί"
66,11,16,"RA","NPM","οἱ","οἱ","οἱ","ὁ"
66,11,16,"A","NPM","εἴκοσι","εἴκοσι","εἴκοσι(ν)","εἴκοσι(ν)"
66,11,16,"A","NPM","τέσσαρες","τέσσαρες","τέσσαρες","τέσσαρες"
66,11,16,"A","NPM","πρεσβύτεροι","πρεσβύτεροι","πρεσβύτεροι","πρεσβύτερος"
66,11,16,"RA","NPM","οἱ","οἱ","οἱ","ὁ"
66,11,16,"P",NULL,"ἐνώπιον","ἐνώπιον","ἐνώπιον","ἐνώπιον"
66,11,16,"RA","GSM","τοῦ","τοῦ","τοῦ","ὁ"
66,11,16,"N","GSM","⸂θεοῦ","θεοῦ","θεοῦ","θεός"
66,11,16,"V","PMPNPM","καθήμενοι⸃","καθήμενοι","καθήμενοι","κάθημαι"
66,11,16,"P",NULL,"ἐπὶ","ἐπὶ","ἐπί","ἐπί"
66,11,16,"RA","APM","τοὺς","τοὺς","τούς","ὁ"
66,11,16,"N","APM","θρόνους","θρόνους","θρόνους","θρόνος"
66,11,16,"RP","GPM","αὐτῶν","αὐτῶν","αὐτῶν","αὐτός"
66,11,16,"V","3AAI-P","ἔπεσαν","ἔπεσαν","ἔπεσαν","πίπτω"
66,11,16,"P",NULL,"ἐπὶ","ἐπὶ","ἐπί","ἐπί"
66,11,16,"RA","APN","τὰ","τὰ","τά","ὁ"
66,11,16,"N","APN","πρόσωπα","πρόσωπα","πρόσωπα","πρόσωπον"
66,11,16,"RP","GPM","αὐτῶν","αὐτῶν","αὐτῶν","αὐτός"
66,11,16,"C",NULL,"καὶ","καὶ","καί","καί"
66,11,16,"V","3AAI-P","προσεκύνησαν","προσεκύνησαν","προσεκύνησαν","προσκυνέω"
66,11,16,"RA","DSM","τῷ","τῷ","τῷ","ὁ"
66,11,16,"N","DSM","θεῷ,","θεῷ","θεῷ","θεός"
66,11,17,"V","PAPNPM","λέγοντες·","λέγοντες","λέγοντες","λέγω"
66,11,17,"V","1PAI-P","Εὐχαριστοῦμέν","Εὐχαριστοῦμέν","εὐχαριστοῦμεν","εὐχαριστέω"
66,11,17,"RP","DS","σοι,","σοι","σοι","σύ"
66,11,17,"N","VSM","κύριε,","κύριε","κύριε","κύριος"
66,11,17,"RA","NSM","ὁ","ὁ","ὁ","ὁ"
66,11,17,"N","NSM","θεός,","θεός","θεός","θεός"
66,11,17,"RA","NSM","ὁ","ὁ","ὁ","ὁ"
66,11,17,"N","NSM","παντοκράτωρ,","παντοκράτωρ","παντοκράτωρ","παντοκράτωρ"
66,11,17,"RA","NSM","ὁ","ὁ","ὁ","ὁ"
66,11,17,"V","PAPNSM","ὢν","ὢν","ὤν","εἰμί"
66,11,17,"C",NULL,"καὶ","καὶ","καί","καί"
66,11,17,"RA","NSM","ὁ","ὁ","ὁ","ὁ"
66,11,17,"V","3IAI-S","ἦν,","ἦν","ἦν","εἰμί"
66,11,17,"C",NULL,"ὅτι","ὅτι","ὅτι","ὅτι"
66,11,17,"V","2XAI-S","εἴληφας","εἴληφας","εἴληφας","λαμβάνω"
66,11,17,"RA","ASF","τὴν","τὴν","τήν","ὁ"
66,11,17,"N","ASF","δύναμίν","δύναμίν","δύναμιν","δύναμις"
66,11,17,"RP","GS","σου","σου","σου","σύ"
66,11,17,"RA","ASF","τὴν","τὴν","τήν","ὁ"
66,11,17,"A","ASF","μεγάλην","μεγάλην","μεγάλην","μέγας"
66,11,17,"C",NULL,"καὶ","καὶ","καί","καί"
66,11,17,"V","2AAI-S","ἐβασίλευσας.","ἐβασίλευσας","ἐβασίλευσας","βασιλεύω"
66,11,18,"C",NULL,"καὶ","καὶ","καί","καί"
66,11,18,"RA","NPN","τὰ","τὰ","τά","ὁ"
66,11,18,"N","NPN","ἔθνη","ἔθνη","ἔθνη","ἔθνος"
66,11,18,"V","3API-P","ὠργίσθησαν,","ὠργίσθησαν","ὠργίσθησαν","ὀργίζομαι"
66,11,18,"C",NULL,"καὶ","καὶ","καί","καί"
66,11,18,"V","3AAI-S","ἦλθεν","ἦλθεν","ἦλθε(ν)","ἔρχομαι"
66,11,18,"RA","NSF","ἡ","ἡ","ἡ","ὁ"
66,11,18,"N","NSF","ὀργή","ὀργή","ὀργή","ὀργή"
66,11,18,"RP","GS","σου","σου","σου","σύ"
66,11,18,"C",NULL,"καὶ","καὶ","καί","καί"
66,11,18,"RA","NSM","ὁ","ὁ","ὁ","ὁ"
66,11,18,"N","NSM","καιρὸς","καιρὸς","καιρός","καιρός"
66,11,18,"RA","GPM","τῶν","τῶν","τῶν","ὁ"
66,11,18,"A","GPM","νεκρῶν","νεκρῶν","νεκρῶν","νεκρός"
66,11,18,"V","APN","κριθῆναι","κριθῆναι","κριθῆναι","κρίνω"
66,11,18,"C",NULL,"καὶ","καὶ","καί","καί"
66,11,18,"V","AAN","δοῦναι","δοῦναι","δοῦναι","δίδωμι"
66,11,18,"RA","ASM","τὸν","τὸν","τόν","ὁ"
66,11,18,"N","ASM","μισθὸν","μισθὸν","μισθόν","μισθός"
66,11,18,"RA","DPM","τοῖς","τοῖς","τοῖς","ὁ"
66,11,18,"N","DPM","δούλοις","δούλοις","δούλοις","δοῦλος"
66,11,18,"RP","GS","σου","σου","σου","σύ"
66,11,18,"RA","DPM","τοῖς","τοῖς","τοῖς","ὁ"
66,11,18,"N","DPM","προφήταις","προφήταις","προφήταις","προφήτης"
66,11,18,"C",NULL,"καὶ","καὶ","καί","καί"
66,11,18,"RA","DPM","τοῖς","τοῖς","τοῖς","ὁ"
66,11,18,"A","DPM","ἁγίοις","ἁγίοις","ἁγίοις","ἅγιος"
66,11,18,"C",NULL,"καὶ","καὶ","καί","καί"
66,11,18,"RA","DPM","τοῖς","τοῖς","τοῖς","ὁ"
66,11,18,"V","PMPDPM","φοβουμένοις","φοβουμένοις","φοβουμένοις","φοβέομαι"
66,11,18,"RA","ASN","τὸ","τὸ","τό","ὁ"
66,11,18,"N","ASN","ὄνομά","ὄνομά","ὄνομα","ὄνομα"
66,11,18,"RP","GS","σου,","σου","σου","σύ"
66,11,18,"RA","APM","⸂τοὺς","τοὺς","τούς","ὁ"
66,11,18,"A","APM","μικροὺς","μικροὺς","μικρούς","μικρός"
66,11,18,"C",NULL,"καὶ","καὶ","καί","καί"
66,11,18,"RA","APM","τοὺς","τοὺς","τούς","ὁ"
66,11,18,"A","APM","μεγάλους⸃,","μεγάλους","μεγάλους","μέγας"
66,11,18,"C",NULL,"καὶ","καὶ","καί","καί"
66,11,18,"V","AAN","διαφθεῖραι","διαφθεῖραι","διαφθεῖραι","διαφθείρω"
66,11,18,"RA","APM","τοὺς","τοὺς","τούς","ὁ"
66,11,18,"V","PAPAPM","διαφθείροντας","διαφθείροντας","διαφθείροντας","διαφθείρω"
66,11,18,"RA","ASF","τὴν","τὴν","τήν","ὁ"
66,11,18,"N","ASF","γῆν.","γῆν","γῆν","γῆ"
66,11,19,"C",NULL,"Καὶ","Καὶ","καί","καί"
66,11,19,"V","3API-S","ἠνοίγη","ἠνοίγη","ἠνοίγη","ἀνοίγω"
66,11,19,"RA","NSM","ὁ","ὁ","ὁ","ὁ"
66,11,19,"N","NSM","ναὸς","ναὸς","ναός","ναός"
66,11,19,"RA","GSM","τοῦ","τοῦ","τοῦ","ὁ"
66,11,19,"N","GSM","θεοῦ","θεοῦ","θεοῦ","θεός"
66,11,19,"RA","NSM","⸀ὁ","ὁ","ὁ","ὁ"
66,11,19,"P",NULL,"ἐν","ἐν","ἐν","ἐν"
66,11,19,"RA","DSM","τῷ","τῷ","τῷ","ὁ"
66,11,19,"N","DSM","οὐρανῷ,","οὐρανῷ","οὐρανῷ","οὐρανός"
66,11,19,"C",NULL,"καὶ","καὶ","καί","καί"
66,11,19,"V","3API-S","ὤφθη","ὤφθη","ὤφθη","ὁράω"
66,11,19,"RA","NSF","ἡ","ἡ","ἡ","ὁ"
66,11,19,"N","NSF","κιβωτὸς","κιβωτὸς","κιβωτός","κιβωτός"
66,11,19,"RA","GSF","τῆς","τῆς","τῆς","ὁ"
66,11,19,"N","GSF","διαθήκης","διαθήκης","διαθήκης","διαθήκη"
66,11,19,"RP","GSM","⸀αὐτοῦ","αὐτοῦ","αὐτοῦ","αὐτός"
66,11,19,"P",NULL,"ἐν","ἐν","ἐν","ἐν"
66,11,19,"RA","DSM","τῷ","τῷ","τῷ","ὁ"
66,11,19,"N","DSM","ναῷ","ναῷ","ναῷ","ναός"
66,11,19,"RP","GSM","αὐτοῦ·","αὐτοῦ","αὐτοῦ","αὐτός"
66,11,19,"C",NULL,"καὶ","καὶ","καί","καί"
66,11,19,"V","3AMI-P","ἐγένοντο","ἐγένοντο","ἐγένοντο","γίνομαι"
66,11,19,"N","NPF","ἀστραπαὶ","ἀστραπαὶ","ἀστραπαί","ἀστραπή"
66,11,19,"C",NULL,"καὶ","καὶ","καί","καί"
66,11,19,"N","NPF","φωναὶ","φωναὶ","φωναί","φωνή"
66,11,19,"C",NULL,"καὶ","καὶ","καί","καί"
66,11,19,"N","NPF","βρονταὶ","βρονταὶ","βρονταί","βροντή"
66,11,19,"C",NULL,"⸂καὶ","καὶ","καί","καί"
66,11,19,"N","NSM","σεισμὸς⸃","σεισμὸς","σεισμός","σεισμός"
66,11,19,"C",NULL,"καὶ","καὶ","καί","καί"
66,11,19,"N","NSF","χάλαζα","χάλαζα","χάλαζα","χάλαζα"
66,11,19,"A","NSF","μεγάλη.","μεγάλη","μεγάλη","μέγας"
66,12,01,"C",NULL,"Καὶ","Καὶ","καί","καί"
66,12,01,"N","NSN","σημεῖον","σημεῖον","σημεῖον","σημεῖον"
66,12,01,"A","NSN","μέγα","μέγα","μέγα","μέγας"
66,12,01,"V","3API-S","ὤφθη","ὤφθη","ὤφθη","ὁράω"
66,12,01,"P",NULL,"ἐν","ἐν","ἐν","ἐν"
66,12,01,"RA","DSM","τῷ","τῷ","τῷ","ὁ"
66,12,01,"N","DSM","οὐρανῷ,","οὐρανῷ","οὐρανῷ","οὐρανός"
66,12,01,"N","NSF","γυνὴ","γυνὴ","γυνή","γυνή"
66,12,01,"V","XMPNSF","περιβεβλημένη","περιβεβλημένη","περιβεβλημένη","περιβάλλω"
66,12,01,"RA","ASM","τὸν","τὸν","τόν","ὁ"
66,12,01,"N","ASM","ἥλιον,","ἥλιον","ἥλιον","ἥλιος"
66,12,01,"C",NULL,"καὶ","καὶ","καί","καί"
66,12,01,"RA","NSF","ἡ","ἡ","ἡ","ὁ"
66,12,01,"N","NSF","σελήνη","σελήνη","σελήνη","σελήνη"
66,12,01,"P",NULL,"ὑποκάτω","ὑποκάτω","ὑποκάτω","ὑποκάτω"
66,12,01,"RA","GPM","τῶν","τῶν","τῶν","ὁ"
66,12,01,"N","GPM","ποδῶν","ποδῶν","ποδῶν","πούς"
66,12,01,"RP","GSF","αὐτῆς,","αὐτῆς","αὐτῆς","αὐτός"
66,12,01,"C",NULL,"καὶ","καὶ","καί","καί"
66,12,01,"P",NULL,"ἐπὶ","ἐπὶ","ἐπί","ἐπί"
66,12,01,"RA","GSF","τῆς","τῆς","τῆς","ὁ"
66,12,01,"N","GSF","κεφαλῆς","κεφαλῆς","κεφαλῆς","κεφαλή"
66,12,01,"RP","GSF","αὐτῆς","αὐτῆς","αὐτῆς","αὐτός"
66,12,01,"N","NSM","στέφανος","στέφανος","στέφανος","στέφανος"
66,12,01,"N","GPM","ἀστέρων","ἀστέρων","ἀστέρων","ἀστήρ"
66,12,01,"A","GPM","δώδεκα,","δώδεκα","δώδεκα","δώδεκα"
66,12,02,"C",NULL,"καὶ","καὶ","καί","καί"
66,12,02,"P",NULL,"ἐν","ἐν","ἐν","ἐν"
66,12,02,"N","DSF","γαστρὶ","γαστρὶ","γαστρί","γαστήρ"
66,12,02,"V","PAPNSF","ἔχουσα·","ἔχουσα","ἔχουσα","ἔχω"
66,12,02,"C",NULL,"⸂καὶ","καὶ","καί","καί"
66,12,02,"V","3PAI-S","κράζει⸃","κράζει","κράζει","κράζω"
66,12,02,"V","PAPNSF","ὠδίνουσα","ὠδίνουσα","ὠδίνουσα","ὠδίνω"
66,12,02,"C",NULL,"καὶ","καὶ","καί","καί"
66,12,02,"V","PPPNSF","βασανιζομένη","βασανιζομένη","βασανιζομένη","βασανίζω"
66,12,02,"V","AAN","τεκεῖν.","τεκεῖν","τεκεῖν","τίκτω"
66,12,03,"C",NULL,"καὶ","καὶ","καί","καί"
66,12,03,"V","3API-S","ὤφθη","ὤφθη","ὤφθη","ὁράω"
66,12,03,"A","NSN","ἄλλο","ἄλλο","ἄλλο","ἄλλος"
66,12,03,"N","NSN","σημεῖον","σημεῖον","σημεῖον","σημεῖον"
66,12,03,"P",NULL,"ἐν","ἐν","ἐν","ἐν"
66,12,03,"RA","DSM","τῷ","τῷ","τῷ","ὁ"
66,12,03,"N","DSM","οὐρανῷ,","οὐρανῷ","οὐρανῷ","οὐρανός"
66,12,03,"C",NULL,"καὶ","καὶ","καί","καί"
66,12,03,"X",NULL,"ἰδοὺ","ἰδοὺ","ἰδού","ἰδού"
66,12,03,"N","NSM","δράκων","δράκων","δράκων","δράκων"
66,12,03,"A","NSM","⸂μέγας","μέγας","μέγας","μέγας"
66,12,03,"A","NSM","πυρρός⸃,","πυρρός","πυρρός","πυρρός"
66,12,03,"V","PAPNSM","ἔχων","ἔχων","ἔχων","ἔχω"
66,12,03,"N","APF","κεφαλὰς","κεφαλὰς","κεφαλάς","κεφαλή"
66,12,03,"A","APF","ἑπτὰ","ἑπτὰ","ἑπτά","ἑπτά"
66,12,03,"C",NULL,"καὶ","καὶ","καί","καί"
66,12,03,"N","APN","κέρατα","κέρατα","κέρατα","κέρας"
66,12,03,"A","APN","δέκα","δέκα","δέκα","δέκα"
66,12,03,"C",NULL,"καὶ","καὶ","καί","καί"
66,12,03,"P",NULL,"ἐπὶ","ἐπὶ","ἐπί","ἐπί"
66,12,03,"RA","APF","τὰς","τὰς","τάς","ὁ"
66,12,03,"N","APF","κεφαλὰς","κεφαλὰς","κεφαλάς","κεφαλή"
66,12,03,"RP","GSM","αὐτοῦ","αὐτοῦ","αὐτοῦ","αὐτός"
66,12,03,"A","APN","ἑπτὰ","ἑπτὰ","ἑπτά","ἑπτά"
66,12,03,"N","APN","διαδήματα,","διαδήματα","διαδήματα","διάδημα"
66,12,04,"C",NULL,"καὶ","καὶ","καί","καί"
66,12,04,"RA","NSF","ἡ","ἡ","ἡ","ὁ"
66,12,04,"N","NSF","οὐρὰ","οὐρὰ","οὐρά","οὐρά"
66,12,04,"RP","GSM","αὐτοῦ","αὐτοῦ","αὐτοῦ","αὐτός"
66,12,04,"V","3PAI-S","σύρει","σύρει","σύρει","σύρω"
66,12,04,"RA","ASN","τὸ","τὸ","τό","ὁ"
66,12,04,"A","ASN","τρίτον","τρίτον","τρίτον","τρίτος"
66,12,04,"RA","GPM","τῶν","τῶν","τῶν","ὁ"
66,12,04,"N","GPM","ἀστέρων","ἀστέρων","ἀστέρων","ἀστήρ"
66,12,04,"RA","GSM","τοῦ","τοῦ","τοῦ","ὁ"
66,12,04,"N","GSM","οὐρανοῦ,","οὐρανοῦ","οὐρανοῦ","οὐρανός"
66,12,04,"C",NULL,"καὶ","καὶ","καί","καί"
66,12,04,"V","3AAI-S","ἔβαλεν","ἔβαλεν","ἔβαλε(ν)","βάλλω"
66,12,04,"RP","APM","αὐτοὺς","αὐτοὺς","αὐτούς","αὐτός"
66,12,04,"P",NULL,"εἰς","εἰς","εἰς","εἰς"
66,12,04,"RA","ASF","τὴν","τὴν","τήν","ὁ"
66,12,04,"N","ASF","γῆν.","γῆν","γῆν","γῆ"
66,12,04,"C",NULL,"καὶ","καὶ","καί","καί"
66,12,04,"RA","NSM","ὁ","ὁ","ὁ","ὁ"
66,12,04,"N","NSM","δράκων","δράκων","δράκων","δράκων"
66,12,04,"V","3XAI-S","ἕστηκεν","ἕστηκεν","ἕστηκε(ν)","ἵστημι"
66,12,04,"P",NULL,"ἐνώπιον","ἐνώπιον","ἐνώπιον","ἐνώπιον"
66,12,04,"RA","GSF","τῆς","τῆς","τῆς","ὁ"
66,12,04,"N","GSF","γυναικὸς","γυναικὸς","γυναικός","γυνή"
66,12,04,"RA","GSF","τῆς","τῆς","τῆς","ὁ"
66,12,04,"V","PAPGSF","μελλούσης","μελλούσης","μελλούσης","μέλλω"
66,12,04,"V","AAN","τεκεῖν,","τεκεῖν","τεκεῖν","τίκτω"
66,12,04,"C",NULL,"ἵνα","ἵνα","ἵνα","ἵνα"
66,12,04,"C",NULL,"ὅταν","ὅταν","ὅταν","ὅταν"
66,12,04,"V","3AAS-S","τέκῃ","τέκῃ","τέκῃ","τίκτω"
66,12,04,"RA","ASN","τὸ","τὸ","τό","ὁ"
66,12,04,"N","ASN","τέκνον","τέκνον","τέκνον","τέκνον"
66,12,04,"RP","GSF","αὐτῆς","αὐτῆς","αὐτῆς","αὐτός"
66,12,04,"V","3AAS-S","καταφάγῃ.","καταφάγῃ","καταφάγῃ","κατεσθίω"
66,12,05,"C",NULL,"καὶ","καὶ","καί","καί"
66,12,05,"V","3AAI-S","ἔτεκεν","ἔτεκεν","ἔτεκε(ν)","τίκτω"
66,12,05,"N","ASM","υἱόν,","υἱόν","υἱόν","υἱός"
66,12,05,"A","ASN","⸀ἄρσεν,","ἄρσεν","ἄρσεν","ἄρσην"
66,12,05,"RR","NSM","ὃς","ὃς","ὅς","ὅς"
66,12,05,"V","3PAI-S","μέλλει","μέλλει","μέλλει","μέλλω"
66,12,05,"V","PAN","ποιμαίνειν","ποιμαίνειν","ποιμαίνειν","ποιμαίνω"
66,12,05,"A","APN","πάντα","πάντα","πάντα","πᾶς"
66,12,05,"RA","APN","τὰ","τὰ","τά","ὁ"
66,12,05,"N","APN","ἔθνη","ἔθνη","ἔθνη","ἔθνος"
66,12,05,"P",NULL,"ἐν","ἐν","ἐν","ἐν"
66,12,05,"N","DSF","ῥάβδῳ","ῥάβδῳ","ῥάβδῳ","ῥάβδος"
66,12,05,"A","DSF","σιδηρᾷ·","σιδηρᾷ","σιδηρᾷ","σιδηροῦς"
66,12,05,"C",NULL,"καὶ","καὶ","καί","καί"
66,12,05,"V","3API-S","ἡρπάσθη","ἡρπάσθη","ἡρπάσθη","ἁρπάζω"
66,12,05,"RA","NSN","τὸ","τὸ","τό","ὁ"
66,12,05,"N","NSN","τέκνον","τέκνον","τέκνον","τέκνον"
66,12,05,"RP","GSF","αὐτῆς","αὐτῆς","αὐτῆς","αὐτός"
66,12,05,"P",NULL,"πρὸς","πρὸς","πρός","πρός"
66,12,05,"RA","ASM","τὸν","τὸν","τόν","ὁ"
66,12,05,"N","ASM","θεὸν","θεὸν","θεόν","θεός"
66,12,05,"C",NULL,"καὶ","καὶ","καί","καί"
66,12,05,"P",NULL,"πρὸς","πρὸς","πρός","πρός"
66,12,05,"RA","ASM","τὸν","τὸν","τόν","ὁ"
66,12,05,"N","ASM","θρόνον","θρόνον","θρόνον","θρόνος"
66,12,05,"RP","GSM","αὐτοῦ.","αὐτοῦ","αὐτοῦ","αὐτός"
66,12,06,"C",NULL,"καὶ","καὶ","καί","καί"
66,12,06,"RA","NSF","ἡ","ἡ","ἡ","ὁ"
66,12,06,"N","NSF","γυνὴ","γυνὴ","γυνή","γυνή"
66,12,06,"V","3AAI-S","ἔφυγεν","ἔφυγεν","ἔφυγε(ν)","φεύγω"
66,12,06,"P",NULL,"εἰς","εἰς","εἰς","εἰς"
66,12,06,"RA","ASF","τὴν","τὴν","τήν","ὁ"
66,12,06,"A","ASF","ἔρημον,","ἔρημον","ἔρημον","ἔρημος"
66,12,06,"D",NULL,"ὅπου","ὅπου","ὅπου","ὅπου"
66,12,06,"V","3PAI-S","ἔχει","ἔχει","ἔχει","ἔχω"
66,12,06,"D",NULL,"ἐκεῖ","ἐκεῖ","ἐκεῖ","ἐκεῖ"
66,12,06,"N","ASM","τόπον","τόπον","τόπον","τόπος"
66,12,06,"V","XPPASM","ἡτοιμασμένον","ἡτοιμασμένον","ἡτοιμασμένον","ἑτοιμάζω"
66,12,06,"P",NULL,"⸀ἀπὸ","ἀπὸ","ἀπό","ἀπό"
66,12,06,"RA","GSM","τοῦ","τοῦ","τοῦ","ὁ"
66,12,06,"N","GSM","θεοῦ,","θεοῦ","θεοῦ","θεός"
66,12,06,"C",NULL,"ἵνα","ἵνα","ἵνα","ἵνα"
66,12,06,"D",NULL,"ἐκεῖ","ἐκεῖ","ἐκεῖ","ἐκεῖ"
66,12,06,"V","3PAS-P","⸀τρέφωσιν","τρέφωσιν","τρέφωσι(ν)","τρέφω"
66,12,06,"RP","ASF","αὐτὴν","αὐτὴν","αὐτήν","αὐτός"
66,12,06,"N","APF","ἡμέρας","ἡμέρας","ἡμέρας","ἡμέρα"
66,12,06,"A","APF","χιλίας","χιλίας","χιλίας","χίλιοι"
66,12,06,"A","APF","διακοσίας","διακοσίας","διακοσίας","διακόσιοι"
66,12,06,"A","APF","ἑξήκοντα.","ἑξήκοντα","ἑξήκοντα","ἑξήκοντα"
66,12,07,"C",NULL,"Καὶ","Καὶ","καί","καί"
66,12,07,"V","3AMI-S","ἐγένετο","ἐγένετο","ἐγένετο","γίνομαι"
66,12,07,"N","NSM","πόλεμος","πόλεμος","πόλεμος","πόλεμος"
66,12,07,"P",NULL,"ἐν","ἐν","ἐν","ἐν"
66,12,07,"RA","DSM","τῷ","τῷ","τῷ","ὁ"
66,12,07,"N","DSM","οὐρανῷ,","οὐρανῷ","οὐρανῷ","οὐρανός"
66,12,07,"RA","NSM","ὁ","ὁ","ὁ","ὁ"
66,12,07,"N","NSM","Μιχαὴλ","Μιχαὴλ","Μιχαήλ","Μιχαήλ"
66,12,07,"C",NULL,"καὶ","καὶ","καί","καί"
66,12,07,"RA","NPM","οἱ","οἱ","οἱ","ὁ"
66,12,07,"N","NPM","ἄγγελοι","ἄγγελοι","ἄγγελοι","ἄγγελος"
66,12,07,"RP","GSM","αὐτοῦ","αὐτοῦ","αὐτοῦ","αὐτός"
66,12,07,"RA","GSN","⸀τοῦ","τοῦ","τοῦ","ὁ"
66,12,07,"V","AAN","πολεμῆσαι","πολεμῆσαι","πολεμῆσαι","πολεμέω"
66,12,07,"P",NULL,"μετὰ","μετὰ","μετά","μετά"
66,12,07,"RA","GSM","τοῦ","τοῦ","τοῦ","ὁ"
66,12,07,"N","GSM","δράκοντος.","δράκοντος","δράκοντος","δράκων"
66,12,07,"C",NULL,"καὶ","καὶ","καί","καί"
66,12,07,"RA","NSM","ὁ","ὁ","ὁ","ὁ"
66,12,07,"N","NSM","δράκων","δράκων","δράκων","δράκων"
66,12,07,"V","3AAI-S","ἐπολέμησεν","ἐπολέμησεν","ἐπολέμησε(ν)","πολεμέω"
66,12,07,"C",NULL,"καὶ","καὶ","καί","καί"
66,12,07,"RA","NPM","οἱ","οἱ","οἱ","ὁ"
66,12,07,"N","NPM","ἄγγελοι","ἄγγελοι","ἄγγελοι","ἄγγελος"
66,12,07,"RP","GSM","αὐτοῦ,","αὐτοῦ","αὐτοῦ","αὐτός"
66,12,08,"C",NULL,"καὶ","καὶ","καί","καί"
66,12,08,"D",NULL,"οὐκ","οὐκ","οὐ","οὐ"
66,12,08,"V","3AAI-S","⸀ἴσχυσεν,","ἴσχυσεν","ἴσχυσε(ν)","ἰσχύω"
66,12,08,"C",NULL,"οὐδὲ","οὐδὲ","οὐδέ","οὐδέ"
66,12,08,"N","NSM","τόπος","τόπος","τόπος","τόπος"
66,12,08,"V","3API-S","εὑρέθη","εὑρέθη","εὑρέθη","εὑρίσκω"
66,12,08,"RP","GPM","⸀αὐτῶν","αὐτῶν","αὐτῶν","αὐτός"
66,12,08,"D",NULL,"ἔτι","ἔτι","ἔτι","ἔτι"
66,12,08,"P",NULL,"ἐν","ἐν","ἐν","ἐν"
66,12,08,"RA","DSM","τῷ","τῷ","τῷ","ὁ"
66,12,08,"N","DSM","οὐρανῷ.","οὐρανῷ","οὐρανῷ","οὐρανός"
66,12,09,"C",NULL,"καὶ","καὶ","καί","καί"
66,12,09,"V","3API-S","ἐβλήθη","ἐβλήθη","ἐβλήθη","βάλλω"
66,12,09,"RA","NSM","ὁ","ὁ","ὁ","ὁ"
66,12,09,"N","NSM","δράκων","δράκων","δράκων","δράκων"
66,12,09,"RA","NSM","ὁ","ὁ","ὁ","ὁ"
66,12,09,"A","NSM","μέγας,","μέγας","μέγας","μέγας"
66,12,09,"RA","NSM","ὁ","ὁ","ὁ","ὁ"
66,12,09,"N","NSM","ὄφις","ὄφις","ὄφις","ὄφις"
66,12,09,"RA","NSM","ὁ","ὁ","ὁ","ὁ"
66,12,09,"A","NSM","ἀρχαῖος,","ἀρχαῖος","ἀρχαῖος","ἀρχαῖος"
66,12,09,"RA","NSM","ὁ","ὁ","ὁ","ὁ"
66,12,09,"V","PPPNSM","καλούμενος","καλούμενος","καλούμενος","καλέω"
66,12,09,"A","NSM","Διάβολος","Διάβολος","Διάβολος","Διάβολος"
66,12,09,"C",NULL,"καὶ","καὶ","καί","καί"
66,12,09,"RA","NSM","⸀ὁ","ὁ","ὁ","ὁ"
66,12,09,"N","NSM","Σατανᾶς,","Σατανᾶς","Σατανᾶς","Σατανᾶς"
66,12,09,"RA","NSM","ὁ","ὁ","ὁ","ὁ"
66,12,09,"V","PAPNSM","πλανῶν","πλανῶν","πλανῶν","πλανάω"
66,12,09,"RA","ASF","τὴν","τὴν","τήν","ὁ"
66,12,09,"N","ASF","οἰκουμένην","οἰκουμένην","οἰκουμένην","οἰκουμένη"
66,12,09,"A","ASF","ὅλην—","ὅλην","ὅλην","ὅλος"
66,12,09,"V","3API-S","ἐβλήθη","ἐβλήθη","ἐβλήθη","βάλλω"
66,12,09,"P",NULL,"εἰς","εἰς","εἰς","εἰς"
66,12,09,"RA","ASF","τὴν","τὴν","τήν","ὁ"
66,12,09,"N","ASF","γῆν,","γῆν","γῆν","γῆ"
66,12,09,"C",NULL,"καὶ","καὶ","καί","καί"
66,12,09,"RA","NPM","οἱ","οἱ","οἱ","ὁ"
66,12,09,"N","NPM","ἄγγελοι","ἄγγελοι","ἄγγελοι","ἄγγελος"
66,12,09,"RP","GSM","αὐτοῦ","αὐτοῦ","αὐτοῦ","αὐτός"
66,12,09,"P",NULL,"μετ’","μετ’","μετά","μετά"
66,12,09,"RP","GSM","αὐτοῦ","αὐτοῦ","αὐτοῦ","αὐτός"
66,12,09,"V","3API-P","ἐβλήθησαν.","ἐβλήθησαν","ἐβλήθησαν","βάλλω"
66,12,10,"C",NULL,"Καὶ","Καὶ","καί","καί"
66,12,10,"V","1AAI-S","ἤκουσα","ἤκουσα","ἤκουσα","ἀκούω"
66,12,10,"N","ASF","φωνὴν","φωνὴν","φωνήν","φωνή"
66,12,10,"A","ASF","μεγάλην","μεγάλην","μεγάλην","μέγας"
66,12,10,"P",NULL,"ἐν","ἐν","ἐν","ἐν"
66,12,10,"RA","DSM","τῷ","τῷ","τῷ","ὁ"
66,12,10,"N","DSM","οὐρανῷ","οὐρανῷ","οὐρανῷ","οὐρανός"
66,12,10,"V","PAPASF","λέγουσαν·","λέγουσαν","λέγουσαν","λέγω"
66,12,10,"D",NULL,"Ἄρτι","Ἄρτι","ἄρτι","ἄρτι"
66,12,10,"V","3AMI-S","ἐγένετο","ἐγένετο","ἐγένετο","γίνομαι"
66,12,10,"RA","NSF","ἡ","ἡ","ἡ","ὁ"
66,12,10,"N","NSF","σωτηρία","σωτηρία","σωτηρία","σωτηρία"
66,12,10,"C",NULL,"καὶ","καὶ","καί","καί"
66,12,10,"RA","NSF","ἡ","ἡ","ἡ","ὁ"
66,12,10,"N","NSF","δύναμις","δύναμις","δύναμις","δύναμις"
66,12,10,"C",NULL,"καὶ","καὶ","καί","καί"
66,12,10,"RA","NSF","ἡ","ἡ","ἡ","ὁ"
66,12,10,"N","NSF","βασιλεία","βασιλεία","βασιλεία","βασιλεία"
66,12,10,"RA","GSM","τοῦ","τοῦ","τοῦ","ὁ"
66,12,10,"N","GSM","θεοῦ","θεοῦ","θεοῦ","θεός"
66,12,10,"RP","GP","ἡμῶν","ἡμῶν","ἡμῶν","ἐγώ"
66,12,10,"C",NULL,"καὶ","καὶ","καί","καί"
66,12,10,"RA","NSF","ἡ","ἡ","ἡ","ὁ"
66,12,10,"N","NSF","ἐξουσία","ἐξουσία","ἐξουσία","ἐξουσία"
66,12,10,"RA","GSM","τοῦ","τοῦ","τοῦ","ὁ"
66,12,10,"N","GSM","χριστοῦ","χριστοῦ","Χριστοῦ","Χριστός"
66,12,10,"RP","GSM","αὐτοῦ,","αὐτοῦ","αὐτοῦ","αὐτός"
66,12,10,"C",NULL,"ὅτι","ὅτι","ὅτι","ὅτι"
66,12,10,"V","3API-S","ἐβλήθη","ἐβλήθη","ἐβλήθη","βάλλω"
66,12,10,"RA","NSM","ὁ","ὁ","ὁ","ὁ"
66,12,10,"N","NSM","⸀κατήγωρ","κατήγωρ","κατήγωρ","κατήγωρ"
66,12,10,"RA","GPM","τῶν","τῶν","τῶν","ὁ"
66,12,10,"N","GPM","ἀδελφῶν","ἀδελφῶν","ἀδελφῶν","ἀδελφός"
66,12,10,"RP","GP","ἡμῶν,","ἡμῶν","ἡμῶν","ἐγώ"
66,12,10,"RA","NSM","ὁ","ὁ","ὁ","ὁ"
66,12,10,"V","PAPNSM","κατηγορῶν","κατηγορῶν","κατηγορῶν","κατηγορέω"
66,12,10,"RP","APM","⸀αὐτοὺς","αὐτοὺς","αὐτούς","αὐτός"
66,12,10,"P",NULL,"ἐνώπιον","ἐνώπιον","ἐνώπιον","ἐνώπιον"
66,12,10,"RA","GSM","τοῦ","τοῦ","τοῦ","ὁ"
66,12,10,"N","GSM","θεοῦ","θεοῦ","θεοῦ","θεός"
66,12,10,"RP","GP","ἡμῶν","ἡμῶν","ἡμῶν","ἐγώ"
66,12,10,"N","GSF","ἡμέρας","ἡμέρας","ἡμέρας","ἡμέρα"
66,12,10,"C",NULL,"καὶ","καὶ","καί","καί"
66,12,10,"N","GSF","νυκτός.","νυκτός","νυκτός","νύξ"
66,12,11,"C",NULL,"καὶ","καὶ","καί","καί"
66,12,11,"RP","NPM","αὐτοὶ","αὐτοὶ","αὐτοί","αὐτός"
66,12,11,"V","3AAI-P","ἐνίκησαν","ἐνίκησαν","ἐνίκησαν","νικάω"
66,12,11,"RP","ASM","αὐτὸν","αὐτὸν","αὐτόν","αὐτός"
66,12,11,"P",NULL,"διὰ","διὰ","διά","διά"
66,12,11,"RA","ASN","τὸ","τὸ","τό","ὁ"
66,12,11,"N","ASN","αἷμα","αἷμα","αἷμα","αἷμα"
66,12,11,"RA","GSN","τοῦ","τοῦ","τοῦ","ὁ"
66,12,11,"N","GSN","ἀρνίου","ἀρνίου","ἀρνίου","ἀρνίον"
66,12,11,"C",NULL,"καὶ","καὶ","καί","καί"
66,12,11,"P",NULL,"διὰ","διὰ","διά","διά"
66,12,11,"RA","ASM","τὸν","τὸν","τόν","ὁ"
66,12,11,"N","ASM","λόγον","λόγον","λόγον","λόγος"
66,12,11,"RA","GSF","τῆς","τῆς","τῆς","ὁ"
66,12,11,"N","GSF","μαρτυρίας","μαρτυρίας","μαρτυρίας","μαρτυρία"
66,12,11,"RP","GPM","αὐτῶν,","αὐτῶν","αὐτῶν","αὐτός"
66,12,11,"C",NULL,"καὶ","καὶ","καί","καί"
66,12,11,"D",NULL,"οὐκ","οὐκ","οὐ","οὐ"
66,12,11,"V","3AAI-P","ἠγάπησαν","ἠγάπησαν","ἠγάπησαν","ἀγαπάω"
66,12,11,"RA","ASF","τὴν","τὴν","τήν","ὁ"
66,12,11,"N","ASF","ψυχὴν","ψυχὴν","ψυχήν","ψυχή"
66,12,11,"RP","GPM","αὐτῶν","αὐτῶν","αὐτῶν","αὐτός"
66,12,11,"P",NULL,"ἄχρι","ἄχρι","ἄχρι","ἄχρι"
66,12,11,"N","GSM","θανάτου·","θανάτου","θανάτου","θάνατος"
66,12,12,"P",NULL,"διὰ","διὰ","διά","διά"
66,12,12,"RD","ASN","τοῦτο","τοῦτο","τοῦτο","οὗτος"
66,12,12,"V","2PPD-P","εὐφραίνεσθε,","εὐφραίνεσθε","εὐφραίνεσθε","εὐφραίνω"
66,12,12,"RA","NPM","⸀οἱ","οἱ","οἱ","ὁ"
66,12,12,"N","NPM","οὐρανοὶ","οὐρανοὶ","οὐρανοί","οὐρανός"
66,12,12,"C",NULL,"καὶ","καὶ","καί","καί"
66,12,12,"RA","NPM","οἱ","οἱ","οἱ","ὁ"
66,12,12,"P",NULL,"ἐν","ἐν","ἐν","ἐν"
66,12,12,"RP","DPM","αὐτοῖς","αὐτοῖς","αὐτοῖς","αὐτός"
66,12,12,"V","PAPVPM","σκηνοῦντες.","σκηνοῦντες","σκηνοῦντες","σκηνόω"
66,12,12,"X",NULL,"οὐαὶ","οὐαὶ","οὐαί","οὐαί"
66,12,12,"RA","ASF","⸂τὴν","τὴν","τήν","ὁ"
66,12,12,"N","ASF","γῆν","γῆν","γῆν","γῆ"
66,12,12,"C",NULL,"καὶ","καὶ","καί","καί"
66,12,12,"RA","ASF","τὴν","τὴν","τήν","ὁ"
66,12,12,"N","ASF","θάλασσαν⸃,","θάλασσαν","θάλασσαν","θάλασσα"
66,12,12,"C",NULL,"ὅτι","ὅτι","ὅτι","ὅτι"
66,12,12,"V","3AAI-S","κατέβη","κατέβη","κατέβη","καταβαίνω"
66,12,12,"RA","NSM","ὁ","ὁ","ὁ","ὁ"
66,12,12,"A","NSM","διάβολος","διάβολος","διάβολος","διάβολος"
66,12,12,"P",NULL,"πρὸς","πρὸς","πρός","πρός"
66,12,12,"RP","AP","ὑμᾶς,","ὑμᾶς","ὑμᾶς","σύ"
66,12,12,"V","PAPNSM","ἔχων","ἔχων","ἔχων","ἔχω"
66,12,12,"N","ASM","θυμὸν","θυμὸν","θυμόν","θυμός"
66,12,12,"A","ASM","μέγαν,","μέγαν","μέγαν","μέγας"
66,12,12,"V","XAPNSM","εἰδὼς","εἰδὼς","εἰδώς","ὁράω"
66,12,12,"C",NULL,"ὅτι","ὅτι","ὅτι","ὅτι"
66,12,12,"A","ASM","ὀλίγον","ὀλίγον","ὀλίγον","ὀλίγος"
66,12,12,"N","ASM","καιρὸν","καιρὸν","καιρόν","καιρός"
66,12,12,"V","3PAI-S","ἔχει.","ἔχει","ἔχει","ἔχω"
66,12,13,"C",NULL,"Καὶ","Καὶ","καί","καί"
66,12,13,"C",NULL,"ὅτε","ὅτε","ὅτε","ὅτε"
66,12,13,"V","3AAI-S","εἶδεν","εἶδεν","εἶδε(ν)","ὁράω"
66,12,13,"RA","NSM","ὁ","ὁ","ὁ","ὁ"
66,12,13,"N","NSM","δράκων","δράκων","δράκων","δράκων"
66,12,13,"C",NULL,"ὅτι","ὅτι","ὅτι","ὅτι"
66,12,13,"V","3API-S","ἐβλήθη","ἐβλήθη","ἐβλήθη","βάλλω"
66,12,13,"P",NULL,"εἰς","εἰς","εἰς","εἰς"
66,12,13,"RA","ASF","τὴν","τὴν","τήν","ὁ"
66,12,13,"N","ASF","γῆν,","γῆν","γῆν","γῆ"
66,12,13,"V","3AAI-S","ἐδίωξεν","ἐδίωξεν","ἐδίωξε(ν)","διώκω"
66,12,13,"RA","ASF","τὴν","τὴν","τήν","ὁ"
66,12,13,"N","ASF","γυναῖκα","γυναῖκα","γυναῖκα","γυνή"
66,12,13,"RR","NSF","ἥτις","ἥτις","ἥτις","ὅστις"
66,12,13,"V","3AAI-S","ἔτεκεν","ἔτεκεν","ἔτεκε(ν)","τίκτω"
66,12,13,"RA","ASM","τὸν","τὸν","τόν","ὁ"
66,12,13,"A","ASM","ἄρσενα.","ἄρσενα","ἄρσενα","ἄρσην"
66,12,14,"C",NULL,"καὶ","καὶ","καί","καί"
66,12,14,"V","3API-P","ἐδόθησαν","ἐδόθησαν","ἐδόθησαν","δίδωμι"
66,12,14,"RA","DSF","τῇ","τῇ","τῇ","ὁ"
66,12,14,"N","DSF","γυναικὶ","γυναικὶ","γυναικί","γυνή"
66,12,14,"RA","NPF","⸀αἱ","αἱ","αἱ","ὁ"
66,12,14,"A","NPF","δύο","δύο","δύο","δύο"
66,12,14,"N","NPF","πτέρυγες","πτέρυγες","πτέρυγες","πτέρυξ"
66,12,14,"RA","GSM","τοῦ","τοῦ","τοῦ","ὁ"
66,12,14,"N","GSM","ἀετοῦ","ἀετοῦ","ἀετοῦ","ἀετός"
66,12,14,"RA","GSM","τοῦ","τοῦ","τοῦ","ὁ"
66,12,14,"A","GSM","μεγάλου,","μεγάλου","μεγάλου","μέγας"
66,12,14,"C",NULL,"ἵνα","ἵνα","ἵνα","ἵνα"
66,12,14,"V","3PMS-S","πέτηται","πέτηται","πέτηται","πέτομαι"
66,12,14,"P",NULL,"εἰς","εἰς","εἰς","εἰς"
66,12,14,"RA","ASF","τὴν","τὴν","τήν","ὁ"
66,12,14,"A","ASF","ἔρημον","ἔρημον","ἔρημον","ἔρημος"
66,12,14,"P",NULL,"εἰς","εἰς","εἰς","εἰς"
66,12,14,"RA","ASM","τὸν","τὸν","τόν","ὁ"
66,12,14,"N","ASM","τόπον","τόπον","τόπον","τόπος"
66,12,14,"RP","GSF","αὐτῆς,","αὐτῆς","αὐτῆς","αὐτός"
66,12,14,"D",NULL,"⸂ὅπου","ὅπου","ὅπου","ὅπου"
66,12,14,"V","3PPI-S","τρέφεται⸃","τρέφεται","τρέφεται","τρέφω"
66,12,14,"D",NULL,"ἐκεῖ","ἐκεῖ","ἐκεῖ","ἐκεῖ"
66,12,14,"N","ASM","καιρὸν","καιρὸν","καιρόν","καιρός"
66,12,14,"C",NULL,"καὶ","καὶ","καί","καί"
66,12,14,"N","APM","καιροὺς","καιροὺς","καιρούς","καιρός"
66,12,14,"C",NULL,"καὶ","καὶ","καί","καί"
66,12,14,"A","ASN","ἥμισυ","ἥμισυ","ἥμισυ","ἥμισυς"
66,12,14,"N","GSM","καιροῦ","καιροῦ","καιροῦ","καιρός"
66,12,14,"P",NULL,"ἀπὸ","ἀπὸ","ἀπό","ἀπό"
66,12,14,"N","GSN","προσώπου","προσώπου","προσώπου","πρόσωπον"
66,12,14,"RA","GSM","τοῦ","τοῦ","τοῦ","ὁ"
66,12,14,"N","GSM","ὄφεως.","ὄφεως","ὄφεως","ὄφις"
66,12,15,"C",NULL,"καὶ","καὶ","καί","καί"
66,12,15,"V","3AAI-S","ἔβαλεν","ἔβαλεν","ἔβαλε(ν)","βάλλω"
66,12,15,"RA","NSM","ὁ","ὁ","ὁ","ὁ"
66,12,15,"N","NSM","ὄφις","ὄφις","ὄφις","ὄφις"
66,12,15,"P",NULL,"ἐκ","ἐκ","ἐκ","ἐκ"
66,12,15,"RA","GSN","τοῦ","τοῦ","τοῦ","ὁ"
66,12,15,"N","GSN","στόματος","στόματος","στόματος","στόμα"
66,12,15,"RP","GSM","αὐτοῦ","αὐτοῦ","αὐτοῦ","αὐτός"
66,12,15,"P",NULL,"ὀπίσω","ὀπίσω","ὀπίσω","ὀπίσω"
66,12,15,"RA","GSF","τῆς","τῆς","τῆς","ὁ"
66,12,15,"N","GSF","γυναικὸς","γυναικὸς","γυναικός","γυνή"
66,12,15,"N","ASN","ὕδωρ","ὕδωρ","ὕδωρ","ὕδωρ"
66,12,15,"C",NULL,"ὡς","ὡς","ὡς","ὡς"
66,12,15,"N","ASM","ποταμόν,","ποταμόν","ποταμόν","ποταμός"
66,12,15,"C",NULL,"ἵνα","ἵνα","ἵνα","ἵνα"
66,12,15,"RP","ASF","αὐτὴν","αὐτὴν","αὐτήν","αὐτός"
66,12,15,"A","ASF","ποταμοφόρητον","ποταμοφόρητον","ποταμοφόρητον","ποταμοφόρητος"
66,12,15,"V","3AAS-S","ποιήσῃ.","ποιήσῃ","ποιήσῃ","ποιέω"
66,12,16,"C",NULL,"καὶ","καὶ","καί","καί"
66,12,16,"V","3AAI-S","ἐβοήθησεν","ἐβοήθησεν","ἐβοήθησε(ν)","βοηθέω"
66,12,16,"RA","NSF","ἡ","ἡ","ἡ","ὁ"
66,12,16,"N","NSF","γῆ","γῆ","γῆ","γῆ"
66,12,16,"RA","DSF","τῇ","τῇ","τῇ","ὁ"
66,12,16,"N","DSF","γυναικί,","γυναικί","γυναικί","γυνή"
66,12,16,"C",NULL,"καὶ","καὶ","καί","καί"
66,12,16,"V","3AAI-S","ἤνοιξεν","ἤνοιξεν","ἤνοιξε(ν)","ἀνοίγω"
66,12,16,"RA","NSF","ἡ","ἡ","ἡ","ὁ"
66,12,16,"N","NSF","γῆ","γῆ","γῆ","γῆ"
66,12,16,"RA","ASN","τὸ","τὸ","τό","ὁ"
66,12,16,"N","ASN","στόμα","στόμα","στόμα","στόμα"
66,12,16,"RP","GSF","αὐτῆς","αὐτῆς","αὐτῆς","αὐτός"
66,12,16,"C",NULL,"καὶ","καὶ","καί","καί"
66,12,16,"V","3AAI-S","κατέπιεν","κατέπιεν","κατέπιε(ν)","καταπίνω"
66,12,16,"RA","ASM","τὸν","τὸν","τόν","ὁ"
66,12,16,"N","ASM","ποταμὸν","ποταμὸν","ποταμόν","ποταμός"
66,12,16,"RR","ASM","ὃν","ὃν","ὅν","ὅς"
66,12,16,"V","3AAI-S","ἔβαλεν","ἔβαλεν","ἔβαλε(ν)","βάλλω"
66,12,16,"RA","NSM","ὁ","ὁ","ὁ","ὁ"
66,12,16,"N","NSM","δράκων","δράκων","δράκων","δράκων"
66,12,16,"P",NULL,"ἐκ","ἐκ","ἐκ","ἐκ"
66,12,16,"RA","GSN","τοῦ","τοῦ","τοῦ","ὁ"
66,12,16,"N","GSN","στόματος","στόματος","στόματος","στόμα"
66,12,16,"RP","GSM","αὐτοῦ·","αὐτοῦ","αὐτοῦ","αὐτός"
66,12,17,"C",NULL,"καὶ","καὶ","καί","καί"
66,12,17,"V","3API-S","ὠργίσθη","ὠργίσθη","ὠργίσθη","ὀργίζομαι"
66,12,17,"RA","NSM","ὁ","ὁ","ὁ","ὁ"
66,12,17,"N","NSM","δράκων","δράκων","δράκων","δράκων"
66,12,17,"P",NULL,"ἐπὶ","ἐπὶ","ἐπί","ἐπί"
66,12,17,"RA","DSF","τῇ","τῇ","τῇ","ὁ"
66,12,17,"N","DSF","γυναικί,","γυναικί","γυναικί","γυνή"
66,12,17,"C",NULL,"καὶ","καὶ","καί","καί"
66,12,17,"V","3AAI-S","ἀπῆλθεν","ἀπῆλθεν","ἀπῆλθε(ν)","ἀπέρχομαι"
66,12,17,"V","AAN","ποιῆσαι","ποιῆσαι","ποιῆσαι","ποιέω"
66,12,17,"N","ASM","πόλεμον","πόλεμον","πόλεμον","πόλεμος"
66,12,17,"P",NULL,"μετὰ","μετὰ","μετά","μετά"
66,12,17,"RA","GPM","τῶν","τῶν","τῶν","ὁ"
66,12,17,"A","GPM","λοιπῶν","λοιπῶν","λοιπῶν","λοιπός"
66,12,17,"RA","GSN","τοῦ","τοῦ","τοῦ","ὁ"
66,12,17,"N","GSN","σπέρματος","σπέρματος","σπέρματος","σπέρμα"
66,12,17,"RP","GSF","αὐτῆς,","αὐτῆς","αὐτῆς","αὐτός"
66,12,17,"RA","GPM","τῶν","τῶν","τῶν","ὁ"
66,12,17,"V","PAPGPM","τηρούντων","τηρούντων","τηρούντων","τηρέω"
66,12,17,"RA","APF","τὰς","τὰς","τάς","ὁ"
66,12,17,"N","APF","ἐντολὰς","ἐντολὰς","ἐντολάς","ἐντολή"
66,12,17,"RA","GSM","τοῦ","τοῦ","τοῦ","ὁ"
66,12,17,"N","GSM","θεοῦ","θεοῦ","θεοῦ","θεός"
66,12,17,"C",NULL,"καὶ","καὶ","καί","καί"
66,12,17,"V","PAPGPM","ἐχόντων","ἐχόντων","ἐχόντων","ἔχω"
66,12,17,"RA","ASF","τὴν","τὴν","τήν","ὁ"
66,12,17,"N","ASF","μαρτυρίαν","μαρτυρίαν","μαρτυρίαν","μαρτυρία"
66,12,17,"N","GSM","Ἰησοῦ·","Ἰησοῦ","Ἰησοῦ","Ἰησοῦς"
66,12,18,"C",NULL,"καὶ","καὶ","καί","καί"
66,12,18,"V","3API-S","⸀ἐστάθη","ἐστάθη","ἐστάθη","ἵστημι"
66,12,18,"P",NULL,"ἐπὶ","ἐπὶ","ἐπί","ἐπί"
66,12,18,"RA","ASF","τὴν","τὴν","τήν","ὁ"
66,12,18,"N","ASF","ἄμμον","ἄμμον","ἄμμον","ἄμμος"
66,12,18,"RA","GSF","τῆς","τῆς","τῆς","ὁ"
66,12,18,"N","GSF","θαλάσσης.","θαλάσσης","θαλάσσης","θάλασσα"
66,13,01,"C",NULL,"Καὶ","Καὶ","καί","καί"
66,13,01,"V","1AAI-S","εἶδον","εἶδον","εἶδον","ὁράω"
66,13,01,"P",NULL,"ἐκ","ἐκ","ἐκ","ἐκ"
66,13,01,"RA","GSF","τῆς","τῆς","τῆς","ὁ"
66,13,01,"N","GSF","θαλάσσης","θαλάσσης","θαλάσσης","θάλασσα"
66,13,01,"N","ASN","θηρίον","θηρίον","θηρίον","θηρίον"
66,13,01,"V","PAPASN","ἀναβαῖνον,","ἀναβαῖνον","ἀναβαῖνον","ἀναβαίνω"
66,13,01,"V","PAPASN","ἔχον","ἔχον","ἔχον","ἔχω"
66,13,01,"N","APN","κέρατα","κέρατα","κέρατα","κέρας"
66,13,01,"A","APN","δέκα","δέκα","δέκα","δέκα"
66,13,01,"C",NULL,"καὶ","καὶ","καί","καί"
66,13,01,"N","APF","κεφαλὰς","κεφαλὰς","κεφαλάς","κεφαλή"
66,13,01,"A","APF","ἑπτά,","ἑπτά","ἑπτά","ἑπτά"
66,13,01,"C",NULL,"καὶ","καὶ","καί","καί"
66,13,01,"P",NULL,"ἐπὶ","ἐπὶ","ἐπί","ἐπί"
66,13,01,"RA","GPN","τῶν","τῶν","τῶν","ὁ"
66,13,01,"N","GPN","κεράτων","κεράτων","κεράτων","κέρας"
66,13,01,"RP","GSN","αὐτοῦ","αὐτοῦ","αὐτοῦ","αὐτός"
66,13,01,"A","APN","δέκα","δέκα","δέκα","δέκα"
66,13,01,"N","APN","διαδήματα,","διαδήματα","διαδήματα","διάδημα"
66,13,01,"C",NULL,"καὶ","καὶ","καί","καί"
66,13,01,"P",NULL,"ἐπὶ","ἐπὶ","ἐπί","ἐπί"
66,13,01,"RA","APF","τὰς","τὰς","τάς","ὁ"
66,13,01,"N","APF","κεφαλὰς","κεφαλὰς","κεφαλάς","κεφαλή"
66,13,01,"RP","GSN","αὐτοῦ","αὐτοῦ","αὐτοῦ","αὐτός"
66,13,01,"N","APN","⸀ὀνόματα","ὀνόματα","ὀνόματα","ὄνομα"
66,13,01,"N","GSF","βλασφημίας.","βλασφημίας","βλασφημίας","βλασφημία"
66,13,02,"C",NULL,"καὶ","καὶ","καί","καί"
66,13,02,"RA","NSN","τὸ","τὸ","τό","ὁ"
66,13,02,"N","NSN","θηρίον","θηρίον","θηρίον","θηρίον"
66,13,02,"RR","ASN","ὃ","ὃ","ὅ","ὅς"
66,13,02,"V","1AAI-S","εἶδον","εἶδον","εἶδον","ὁράω"
66,13,02,"V","3IAI-S","ἦν","ἦν","ἦν","εἰμί"
66,13,02,"A","NSN","ὅμοιον","ὅμοιον","ὅμοιον","ὅμοιος"
66,13,02,"N","DSF","παρδάλει,","παρδάλει","παρδάλει","πάρδαλις"
66,13,02,"C",NULL,"καὶ","καὶ","καί","καί"
66,13,02,"RA","NPM","οἱ","οἱ","οἱ","ὁ"
66,13,02,"N","NPM","πόδες","πόδες","πόδες","πούς"
66,13,02,"RP","GSN","αὐτοῦ","αὐτοῦ","αὐτοῦ","αὐτός"
66,13,02,"C",NULL,"ὡς","ὡς","ὡς","ὡς"
66,13,02,"N","GSF","ἄρκου,","ἄρκου","ἄρκου","ἄρκος"
66,13,02,"C",NULL,"καὶ","καὶ","καί","καί"
66,13,02,"RA","NSN","τὸ","τὸ","τό","ὁ"
66,13,02,"N","NSN","στόμα","στόμα","στόμα","στόμα"
66,13,02,"RP","GSN","αὐτοῦ","αὐτοῦ","αὐτοῦ","αὐτός"
66,13,02,"C",NULL,"ὡς","ὡς","ὡς","ὡς"
66,13,02,"N","NSN","στόμα","στόμα","στόμα","στόμα"
66,13,02,"N","GSM","λέοντος.","λέοντος","λέοντος","λέων"
66,13,02,"C",NULL,"καὶ","καὶ","καί","καί"
66,13,02,"V","3AAI-S","ἔδωκεν","ἔδωκεν","ἔδωκε(ν)","δίδωμι"
66,13,02,"RP","DSN","αὐτῷ","αὐτῷ","αὐτῷ","αὐτός"
66,13,02,"RA","NSM","ὁ","ὁ","ὁ","ὁ"
66,13,02,"N","NSM","δράκων","δράκων","δράκων","δράκων"
66,13,02,"RA","ASF","τὴν","τὴν","τήν","ὁ"
66,13,02,"N","ASF","δύναμιν","δύναμιν","δύναμιν","δύναμις"
66,13,02,"RP","GSN","αὐτοῦ","αὐτοῦ","αὐτοῦ","αὐτός"
66,13,02,"C",NULL,"καὶ","καὶ","καί","καί"
66,13,02,"RA","ASM","τὸν","τὸν","τόν","ὁ"
66,13,02,"N","ASM","θρόνον","θρόνον","θρόνον","θρόνος"
66,13,02,"RP","GSN","αὐτοῦ","αὐτοῦ","αὐτοῦ","αὐτός"
66,13,02,"C",NULL,"καὶ","καὶ","καί","καί"
66,13,02,"N","ASF","ἐξουσίαν","ἐξουσίαν","ἐξουσίαν","ἐξουσία"
66,13,02,"A","ASF","μεγάλην.","μεγάλην","μεγάλην","μέγας"
66,13,03,"C",NULL,"καὶ","καὶ","καί","καί"
66,13,03,"A","ASF","μίαν","μίαν","μίαν","εἷς"
66,13,03,"P",NULL,"ἐκ","ἐκ","ἐκ","ἐκ"
66,13,03,"RA","GPF","τῶν","τῶν","τῶν","ὁ"
66,13,03,"N","GPF","κεφαλῶν","κεφαλῶν","κεφαλῶν","κεφαλή"
66,13,03,"RP","GSN","αὐτοῦ","αὐτοῦ","αὐτοῦ","αὐτός"
66,13,03,"C",NULL,"⸀ὡς","ὡς","ὡς","ὡς"
66,13,03,"V","XPPASF","ἐσφαγμένην","ἐσφαγμένην","ἐσφαγμένην","σφάζω"
66,13,03,"P",NULL,"εἰς","εἰς","εἰς","εἰς"
66,13,03,"N","ASM","θάνατον,","θάνατον","θάνατον","θάνατος"
66,13,03,"C",NULL,"καὶ","καὶ","καί","καί"
66,13,03,"RA","NSF","ἡ","ἡ","ἡ","ὁ"
66,13,03,"N","NSF","πληγὴ","πληγὴ","πληγή","πληγή"
66,13,03,"RA","GSM","τοῦ","τοῦ","τοῦ","ὁ"
66,13,03,"N","GSM","θανάτου","θανάτου","θανάτου","θάνατος"
66,13,03,"RP","GSN","αὐτοῦ","αὐτοῦ","αὐτοῦ","αὐτός"
66,13,03,"V","3API-S","ἐθεραπεύθη.","ἐθεραπεύθη","ἐθεραπεύθη","θεραπεύω"
66,13,03,"C",NULL,"καὶ","καὶ","καί","καί"
66,13,03,"V","3API-S","⸀ἐθαυμάσθη","ἐθαυμάσθη","ἐθαυμάσθη","θαυμάζω"
66,13,03,"A","NSF","⸂ὅλη","ὅλη","ὅλη","ὅλος"
66,13,03,"RA","NSF","ἡ","ἡ","ἡ","ὁ"
66,13,03,"N","NSF","γῆ⸃","γῆ","γῆ","γῆ"
66,13,03,"P",NULL,"ὀπίσω","ὀπίσω","ὀπίσω","ὀπίσω"
66,13,03,"RA","GSN","τοῦ","τοῦ","τοῦ","ὁ"
66,13,03,"N","GSN","θηρίου,","θηρίου","θηρίου","θηρίον"
66,13,04,"C",NULL,"καὶ","καὶ","καί","καί"
66,13,04,"V","3AAI-P","προσεκύνησαν","προσεκύνησαν","προσεκύνησαν","προσκυνέω"
66,13,04,"RA","DSM","τῷ","τῷ","τῷ","ὁ"
66,13,04,"N","DSM","δράκοντι","δράκοντι","δράκοντι","δράκων"
66,13,04,"C",NULL,"⸂ὅτι","ὅτι","ὅτι","ὅτι"
66,13,04,"V","3AAI-S","ἔδωκεν⸃","ἔδωκεν","ἔδωκε(ν)","δίδωμι"
66,13,04,"RA","ASF","τὴν","τὴν","τήν","ὁ"
66,13,04,"N","ASF","ἐξουσίαν","ἐξουσίαν","ἐξουσίαν","ἐξουσία"
66,13,04,"RA","DSN","τῷ","τῷ","τῷ","ὁ"
66,13,04,"N","DSN","θηρίῳ,","θηρίῳ","θηρίῳ","θηρίον"
66,13,04,"C",NULL,"καὶ","καὶ","καί","καί"
66,13,04,"V","3AAI-P","προσεκύνησαν","προσεκύνησαν","προσεκύνησαν","προσκυνέω"
66,13,04,"RA","DSN","τῷ","τῷ","τῷ","ὁ"
66,13,04,"N","DSN","θηρίῳ","θηρίῳ","θηρίῳ","θηρίον"
66,13,04,"V","PAPNPM","λέγοντες·","λέγοντες","λέγοντες","λέγω"
66,13,04,"RI","NSM","Τίς","Τίς","τίς","τίς"
66,13,04,"A","NSM","ὅμοιος","ὅμοιος","ὅμοιος","ὅμοιος"
66,13,04,"RA","DSN","τῷ","τῷ","τῷ","ὁ"
66,13,04,"N","DSN","θηρίῳ,","θηρίῳ","θηρίῳ","θηρίον"
66,13,04,"C",NULL,"καὶ","καὶ","καί","καί"
66,13,04,"RI","NSM","τίς","τίς","τίς","τίς"
66,13,04,"V","3PMI-S","⸀δύναται","δύναται","δύναται","δύναμαι"
66,13,04,"V","AAN","πολεμῆσαι","πολεμῆσαι","πολεμῆσαι","πολεμέω"
66,13,04,"P",NULL,"μετ’","μετ’","μετά","μετά"
66,13,04,"RP","GSN","αὐτοῦ;","αὐτοῦ","αὐτοῦ","αὐτός"
66,13,05,"C",NULL,"Καὶ","Καὶ","καί","καί"
66,13,05,"V","3API-S","ἐδόθη","ἐδόθη","ἐδόθη","δίδωμι"
66,13,05,"RP","DSN","αὐτῷ","αὐτῷ","αὐτῷ","αὐτός"
66,13,05,"N","NSN","στόμα","στόμα","στόμα","στόμα"
66,13,05,"V","PAPNSN","λαλοῦν","λαλοῦν","λαλοῦν","λαλέω"
66,13,05,"A","APN","μεγάλα","μεγάλα","μεγάλα","μέγας"
66,13,05,"C",NULL,"καὶ","καὶ","καί","καί"
66,13,05,"N","APF","⸀βλασφημίας,","βλασφημίας","βλασφημίας","βλασφημία"
66,13,05,"C",NULL,"καὶ","καὶ","καί","καί"
66,13,05,"V","3API-S","ἐδόθη","ἐδόθη","ἐδόθη","δίδωμι"
66,13,05,"RP","DSN","αὐτῷ","αὐτῷ","αὐτῷ","αὐτός"
66,13,05,"N","NSF","⸀ἐξουσία","ἐξουσία","ἐξουσία","ἐξουσία"
66,13,05,"V","AAN","ποιῆσαι","ποιῆσαι","ποιῆσαι","ποιέω"
66,13,05,"N","APM","μῆνας","μῆνας","μῆνας","μήν"
66,13,05,"A","APM","⸀τεσσεράκοντα","τεσσεράκοντα","τεσσεράκοντα","τεσσεράκοντα"
66,13,05,"A","APM","δύο.","δύο","δύο","δύο"
66,13,06,"C",NULL,"καὶ","καὶ","καί","καί"
66,13,06,"V","3AAI-S","ἤνοιξε","ἤνοιξε","ἤνοιξε(ν)","ἀνοίγω"
66,13,06,"RA","ASN","τὸ","τὸ","τό","ὁ"
66,13,06,"N","ASN","στόμα","στόμα","στόμα","στόμα"
66,13,06,"RP","GSN","αὐτοῦ","αὐτοῦ","αὐτοῦ","αὐτός"
66,13,06,"P",NULL,"εἰς","εἰς","εἰς","εἰς"
66,13,06,"N","APF","⸀βλασφημίας","βλασφημίας","βλασφημίας","βλασφημία"
66,13,06,"P",NULL,"πρὸς","πρὸς","πρός","πρός"
66,13,06,"RA","ASM","τὸν","τὸν","τόν","ὁ"
66,13,06,"N","ASM","θεόν,","θεόν","θεόν","θεός"
66,13,06,"V","AAN","βλασφημῆσαι","βλασφημῆσαι","βλασφημῆσαι","βλασφημέω"
66,13,06,"RA","ASN","τὸ","τὸ","τό","ὁ"
66,13,06,"N","ASN","ὄνομα","ὄνομα","ὄνομα","ὄνομα"
66,13,06,"RP","GSM","αὐτοῦ","αὐτοῦ","αὐτοῦ","αὐτός"
66,13,06,"C",NULL,"καὶ","καὶ","καί","καί"
66,13,06,"RA","ASF","τὴν","τὴν","τήν","ὁ"
66,13,06,"N","ASF","σκηνὴν","σκηνὴν","σκηνήν","σκηνή"
66,13,06,"RP","GSM","αὐτοῦ,","αὐτοῦ","αὐτοῦ","αὐτός"
66,13,06,"RA","APM","τοὺς","τοὺς","τούς","ὁ"
66,13,06,"P",NULL,"ἐν","ἐν","ἐν","ἐν"
66,13,06,"RA","DSM","τῷ","τῷ","τῷ","ὁ"
66,13,06,"N","DSM","οὐρανῷ","οὐρανῷ","οὐρανῷ","οὐρανός"
66,13,06,"V","PAPAPM","σκηνοῦντας.","σκηνοῦντας","σκηνοῦντας","σκηνόω"
66,13,07,"C",NULL,"καὶ","καὶ","καί","καί"
66,13,07,"V","3API-S","ἐδόθη","ἐδόθη","ἐδόθη","δίδωμι"
66,13,07,"RP","DSN","αὐτῷ","αὐτῷ","αὐτῷ","αὐτός"
66,13,07,"V","AAN","ποιῆσαι","ποιῆσαι","ποιῆσαι","ποιέω"
66,13,07,"N","ASM","πόλεμον","πόλεμον","πόλεμον","πόλεμος"
66,13,07,"P",NULL,"μετὰ","μετὰ","μετά","μετά"
66,13,07,"RA","GPM","τῶν","τῶν","τῶν","ὁ"
66,13,07,"A","GPM","ἁγίων","ἁγίων","ἁγίων","ἅγιος"
66,13,07,"C",NULL,"καὶ","καὶ","καί","καί"
66,13,07,"V","AAN","νικῆσαι","νικῆσαι","νικῆσαι","νικάω"
66,13,07,"RP","APM","αὐτούς,","αὐτούς","αὐτούς","αὐτός"
66,13,07,"C",NULL,"καὶ","καὶ","καί","καί"
66,13,07,"V","3API-S","ἐδόθη","ἐδόθη","ἐδόθη","δίδωμι"
66,13,07,"RP","DSN","αὐτῷ","αὐτῷ","αὐτῷ","αὐτός"
66,13,07,"N","NSF","ἐξουσία","ἐξουσία","ἐξουσία","ἐξουσία"
66,13,07,"P",NULL,"ἐπὶ","ἐπὶ","ἐπί","ἐπί"
66,13,07,"A","ASF","πᾶσαν","πᾶσαν","πᾶσαν","πᾶς"
66,13,07,"N","ASF","φυλὴν","φυλὴν","φυλήν","φυλή"
66,13,07,"C",NULL,"καὶ","καὶ","καί","καί"
66,13,07,"N","ASM","λαὸν","λαὸν","λαόν","λαός"
66,13,07,"C",NULL,"καὶ","καὶ","καί","καί"
66,13,07,"N","ASF","γλῶσσαν","γλῶσσαν","γλῶσσαν","γλῶσσα"
66,13,07,"C",NULL,"καὶ","καὶ","καί","καί"
66,13,07,"N","ASN","ἔθνος.","ἔθνος","ἔθνος","ἔθνος"
66,13,08,"C",NULL,"καὶ","καὶ","καί","καί"
66,13,08,"V","3FAI-P","προσκυνήσουσιν","προσκυνήσουσιν","προσκυνήσουσι(ν)","προσκυνέω"
66,13,08,"RP","ASM","⸀αὐτὸν","αὐτὸν","αὐτόν","αὐτός"
66,13,08,"A","NPM","πάντες","πάντες","πάντες","πᾶς"
66,13,08,"RA","NPM","οἱ","οἱ","οἱ","ὁ"
66,13,08,"V","PAPNPM","κατοικοῦντες","κατοικοῦντες","κατοικοῦντες","κατοικέω"
66,13,08,"P",NULL,"ἐπὶ","ἐπὶ","ἐπί","ἐπί"
66,13,08,"RA","GSF","τῆς","τῆς","τῆς","ὁ"
66,13,08,"N","GSF","γῆς,","γῆς","γῆς","γῆ"
66,13,08,"RR","GSM","⸀οὗ","οὗ","οὗ","ὅς"
66,13,08,"D",NULL,"οὐ","οὐ","οὐ","οὐ"
66,13,08,"V","3XPI-S","γέγραπται","γέγραπται","γέγραπται","γράφω"
66,13,08,"RA","NSN","τὸ","τὸ","τό","ὁ"
66,13,08,"N","NSN","ὄνομα","ὄνομα","ὄνομα","ὄνομα"
66,13,08,"RP","GSM","⸀αὐτοῦ","αὐτοῦ","αὐτοῦ","αὐτός"
66,13,08,"P",NULL,"ἐν","ἐν","ἐν","ἐν"
66,13,08,"RA","DSN","τῷ","τῷ","τῷ","ὁ"
66,13,08,"N","DSN","βιβλίῳ","βιβλίῳ","βιβλίῳ","βιβλίον"
66,13,08,"RA","GSF","τῆς","τῆς","τῆς","ὁ"
66,13,08,"N","GSF","ζωῆς","ζωῆς","ζωῆς","ζωή"
66,13,08,"RA","GSN","τοῦ","τοῦ","τοῦ","ὁ"
66,13,08,"N","GSN","ἀρνίου","ἀρνίου","ἀρνίου","ἀρνίον"
66,13,08,"RA","GSN","τοῦ","τοῦ","τοῦ","ὁ"
66,13,08,"V","XPPGSN","ἐσφαγμένου","ἐσφαγμένου","ἐσφαγμένου","σφάζω"
66,13,08,"P",NULL,"ἀπὸ","ἀπὸ","ἀπό","ἀπό"
66,13,08,"N","GSF","καταβολῆς","καταβολῆς","καταβολῆς","καταβολή"
66,13,08,"N","GSM","κόσμου.","κόσμου","κόσμου","κόσμος"
66,13,09,"C",NULL,"Εἴ","Εἴ","εἰ","εἰ"
66,13,09,"RI","NSM","τις","τις","τὶς","τις"
66,13,09,"V","3PAI-S","ἔχει","ἔχει","ἔχει","ἔχω"
66,13,09,"N","ASN","οὖς","οὖς","οὖς","οὖς"
66,13,09,"V","3AAD-S","ἀκουσάτω.","ἀκουσάτω","ἀκουσάτω","ἀκούω"
66,13,10,"C",NULL,"εἴ","εἴ","εἰ","εἰ"
66,13,10,"RI","NSM","τις","τις","τὶς","τις"
66,13,10,"P",NULL,"⸂εἰς","εἰς","εἰς","εἰς"
66,13,10,"N","ASF","αἰχμαλωσίαν,","αἰχμαλωσίαν","αἰχμαλωσίαν","αἰχμαλωσία"
66,13,10,"P",NULL,"εἰς","εἰς","εἰς","εἰς"
66,13,10,"N","ASF","αἰχμαλωσίαν⸃","αἰχμαλωσίαν","αἰχμαλωσίαν","αἰχμαλωσία"
66,13,10,"V","3PAI-S","ὑπάγει·","ὑπάγει","ὑπάγει","ὑπάγω"
66,13,10,"C",NULL,"εἴ","εἴ","εἰ","εἰ"
66,13,10,"RI","NSM","τις","τις","τὶς","τις"
66,13,10,"P",NULL,"ἐν","ἐν","ἐν","ἐν"
66,13,10,"N","DSF","μαχαίρῃ","μαχαίρῃ","μαχαίρῃ","μάχαιρα"
66,13,10,"V","APN","⸀ἀποκτανθῆναι","ἀποκτανθῆναι","ἀποκτανθῆναι","ἀποκτείνω"
66,13,10,"RP","ASM","αὐτὸν","αὐτὸν","αὐτόν","αὐτός"
66,13,10,"P",NULL,"ἐν","ἐν","ἐν","ἐν"
66,13,10,"N","DSF","μαχαίρῃ","μαχαίρῃ","μαχαίρῃ","μάχαιρα"
66,13,10,"V","APN","ἀποκτανθῆναι.","ἀποκτανθῆναι","ἀποκτανθῆναι","ἀποκτείνω"
66,13,10,"D",NULL,"ὧδέ","ὧδέ","ὧδε","ὧδε"
66,13,10,"V","3PAI-S","ἐστιν","ἐστιν","ἐστί(ν)","εἰμί"
66,13,10,"RA","NSF","ἡ","ἡ","ἡ","ὁ"
66,13,10,"N","NSF","ὑπομονὴ","ὑπομονὴ","ὑπομονή","ὑπομονή"
66,13,10,"C",NULL,"καὶ","καὶ","καί","καί"
66,13,10,"RA","NSF","ἡ","ἡ","ἡ","ὁ"
66,13,10,"N","NSF","πίστις","πίστις","πίστις","πίστις"
66,13,10,"RA","GPM","τῶν","τῶν","τῶν","ὁ"
66,13,10,"A","GPM","ἁγίων.","ἁγίων","ἁγίων","ἅγιος"
66,13,11,"C",NULL,"Καὶ","Καὶ","καί","καί"
66,13,11,"V","1AAI-S","εἶδον","εἶδον","εἶδον","ὁράω"
66,13,11,"A","ASN","ἄλλο","ἄλλο","ἄλλο","ἄλλος"
66,13,11,"N","ASN","θηρίον","θηρίον","θηρίον","θηρίον"
66,13,11,"V","PAPASN","ἀναβαῖνον","ἀναβαῖνον","ἀναβαῖνον","ἀναβαίνω"
66,13,11,"P",NULL,"ἐκ","ἐκ","ἐκ","ἐκ"
66,13,11,"RA","GSF","τῆς","τῆς","τῆς","ὁ"
66,13,11,"N","GSF","γῆς,","γῆς","γῆς","γῆ"
66,13,11,"C",NULL,"καὶ","καὶ","καί","καί"
66,13,11,"V","3IAI-S","εἶχεν","εἶχεν","εἶχε(ν)","ἔχω"
66,13,11,"N","APN","κέρατα","κέρατα","κέρατα","κέρας"
66,13,11,"A","APN","δύο","δύο","δύο","δύο"
66,13,11,"A","NPN","ὅμοια","ὅμοια","ὅμοια","ὅμοιος"
66,13,11,"N","DSN","ἀρνίῳ,","ἀρνίῳ","ἀρνίῳ","ἀρνίον"
66,13,11,"C",NULL,"καὶ","καὶ","καί","καί"
66,13,11,"V","3IAI-S","ἐλάλει","ἐλάλει","ἐλάλει","λαλέω"
66,13,11,"C",NULL,"ὡς","ὡς","ὡς","ὡς"
66,13,11,"N","NSM","δράκων.","δράκων","δράκων","δράκων"
66,13,12,"C",NULL,"καὶ","καὶ","καί","καί"
66,13,12,"RA","ASF","τὴν","τὴν","τήν","ὁ"
66,13,12,"N","ASF","ἐξουσίαν","ἐξουσίαν","ἐξουσίαν","ἐξουσία"
66,13,12,"RA","GSN","τοῦ","τοῦ","τοῦ","ὁ"
66,13,12,"A","GSN","πρώτου","πρώτου","πρώτου","πρῶτος"
66,13,12,"N","GSN","θηρίου","θηρίου","θηρίου","θηρίον"
66,13,12,"A","ASF","πᾶσαν","πᾶσαν","πᾶσαν","πᾶς"
66,13,12,"V","3PAI-S","ποιεῖ","ποιεῖ","ποιεῖ","ποιέω"
66,13,12,"P",NULL,"ἐνώπιον","ἐνώπιον","ἐνώπιον","ἐνώπιον"
66,13,12,"RP","GSN","αὐτοῦ.","αὐτοῦ","αὐτοῦ","αὐτός"
66,13,12,"C",NULL,"καὶ","καὶ","καί","καί"
66,13,12,"V","3PAI-S","⸀ποιεῖ","ποιεῖ","ποιεῖ","ποιέω"
66,13,12,"RA","ASF","τὴν","τὴν","τήν","ὁ"
66,13,12,"N","ASF","γῆν","γῆν","γῆν","γῆ"
66,13,12,"C",NULL,"καὶ","καὶ","καί","καί"
66,13,12,"RA","APM","τοὺς","τοὺς","τούς","ὁ"
66,13,12,"P",NULL,"ἐν","ἐν","ἐν","ἐν"
66,13,12,"RP","DSF","αὐτῇ","αὐτῇ","αὐτῇ","αὐτός"
66,13,12,"V","PAPAPM","κατοικοῦντας","κατοικοῦντας","κατοικοῦντας","κατοικέω"
66,13,12,"C",NULL,"ἵνα","ἵνα","ἵνα","ἵνα"
66,13,12,"V","3FAI-P","⸀προσκυνήσουσιν","προσκυνήσουσιν","προσκυνήσουσι(ν)","προσκυνέω"
66,13,12,"RA","ASN","τὸ","τὸ","τό","ὁ"
66,13,12,"N","ASN","θηρίον","θηρίον","θηρίον","θηρίον"
66,13,12,"RA","ASN","τὸ","τὸ","τό","ὁ"
66,13,12,"A","ASN","πρῶτον,","πρῶτον","πρῶτον","πρῶτος"
66,13,12,"RR","GSN","οὗ","οὗ","οὗ","ὅς"
66,13,12,"V","3API-S","ἐθεραπεύθη","ἐθεραπεύθη","ἐθεραπεύθη","θεραπεύω"
66,13,12,"RA","NSF","ἡ","ἡ","ἡ","ὁ"
66,13,12,"N","NSF","πληγὴ","πληγὴ","πληγή","πληγή"
66,13,12,"RA","GSM","τοῦ","τοῦ","τοῦ","ὁ"
66,13,12,"N","GSM","θανάτου","θανάτου","θανάτου","θάνατος"
66,13,12,"RP","GSN","αὐτοῦ.","αὐτοῦ","αὐτοῦ","αὐτός"
66,13,13,"C",NULL,"καὶ","καὶ","καί","καί"
66,13,13,"V","3PAI-S","ποιεῖ","ποιεῖ","ποιεῖ","ποιέω"
66,13,13,"N","APN","σημεῖα","σημεῖα","σημεῖα","σημεῖον"
66,13,13,"A","APN","μεγάλα,","μεγάλα","μεγάλα","μέγας"
66,13,13,"C",NULL,"⸂ἵνα","ἵνα","ἵνα","ἵνα"
66,13,13,"D",NULL,"καὶ","καὶ","καί","καί"
66,13,13,"N","ASN","πῦρ","πῦρ","πῦρ","πῦρ"
66,13,13,"V","3PAS-S","ποιῇ⸃","ποιῇ","ποιῇ","ποιέω"
66,13,13,"P",NULL,"ἐκ","ἐκ","ἐκ","ἐκ"
66,13,13,"RA","GSM","τοῦ","τοῦ","τοῦ","ὁ"
66,13,13,"N","GSM","οὐρανοῦ","οὐρανοῦ","οὐρανοῦ","οὐρανός"
66,13,13,"V","PAN","⸂καταβαίνειν","καταβαίνειν","καταβαίνειν","καταβαίνω"
66,13,13,"P",NULL,"εἰς⸃","εἰς","εἰς","εἰς"
66,13,13,"RA","ASF","τὴν","τὴν","τήν","ὁ"
66,13,13,"N","ASF","γῆν","γῆν","γῆν","γῆ"
66,13,13,"P",NULL,"ἐνώπιον","ἐνώπιον","ἐνώπιον","ἐνώπιον"
66,13,13,"RA","GPM","τῶν","τῶν","τῶν","ὁ"
66,13,13,"N","GPM","ἀνθρώπων.","ἀνθρώπων","ἀνθρώπων","ἄνθρωπος"
66,13,14,"C",NULL,"καὶ","καὶ","καί","καί"
66,13,14,"V","3PAI-S","πλανᾷ","πλανᾷ","πλανᾷ","πλανάω"
66,13,14,"RA","APM","⸀τοὺς","τοὺς","τούς","ὁ"
66,13,14,"V","PAPAPM","κατοικοῦντας","κατοικοῦντας","κατοικοῦντας","κατοικέω"
66,13,14,"P",NULL,"ἐπὶ","ἐπὶ","ἐπί","ἐπί"
66,13,14,"RA","GSF","τῆς","τῆς","τῆς","ὁ"
66,13,14,"N","GSF","γῆς","γῆς","γῆς","γῆ"
66,13,14,"P",NULL,"διὰ","διὰ","διά","διά"
66,13,14,"RA","APN","τὰ","τὰ","τά","ὁ"
66,13,14,"N","APN","σημεῖα","σημεῖα","σημεῖα","σημεῖον"
66,13,14,"RR","NPN","ἃ","ἃ","ἅ","ὅς"
66,13,14,"V","3API-S","ἐδόθη","ἐδόθη","ἐδόθη","δίδωμι"
66,13,14,"RP","DSN","αὐτῷ","αὐτῷ","αὐτῷ","αὐτός"
66,13,14,"V","AAN","ποιῆσαι","ποιῆσαι","ποιῆσαι","ποιέω"
66,13,14,"P",NULL,"ἐνώπιον","ἐνώπιον","ἐνώπιον","ἐνώπιον"
66,13,14,"RA","GSN","τοῦ","τοῦ","τοῦ","ὁ"
66,13,14,"N","GSN","θηρίου,","θηρίου","θηρίου","θηρίον"
66,13,14,"V","PAPNSM","λέγων","λέγων","λέγων","λέγω"
66,13,14,"RA","DPM","τοῖς","τοῖς","τοῖς","ὁ"
66,13,14,"V","PAPDPM","κατοικοῦσιν","κατοικοῦσιν","κατοικοῦσι(ν)","κατοικέω"
66,13,14,"P",NULL,"ἐπὶ","ἐπὶ","ἐπί","ἐπί"
66,13,14,"RA","GSF","τῆς","τῆς","τῆς","ὁ"
66,13,14,"N","GSF","γῆς","γῆς","γῆς","γῆ"
66,13,14,"V","AAN","ποιῆσαι","ποιῆσαι","ποιῆσαι","ποιέω"
66,13,14,"N","ASF","εἰκόνα","εἰκόνα","εἰκόνα","εἰκών"
66,13,14,"RA","DSN","τῷ","τῷ","τῷ","ὁ"
66,13,14,"N","DSN","θηρίῳ,","θηρίῳ","θηρίῳ","θηρίον"
66,13,14,"RR","NSM","⸂ὃς","ὃς","ὅς","ὅς"
66,13,14,"V","3PAI-S","ἔχει⸃","ἔχει","ἔχει","ἔχω"
66,13,14,"RA","ASF","τὴν","τὴν","τήν","ὁ"
66,13,14,"N","ASF","πληγὴν","πληγὴν","πληγήν","πληγή"
66,13,14,"RA","GSF","⸂τῆς","τῆς","τῆς","ὁ"
66,13,14,"N","GSF","μαχαίρης","μαχαίρης","μαχαίρης","μάχαιρα"
66,13,14,"C",NULL,"καὶ","καὶ","καί","καί"
66,13,14,"V","3AAI-S","ἔζησεν⸃.","ἔζησεν","ἔζησε(ν)","ζάω"
66,13,15,"C",NULL,"καὶ","καὶ","καί","καί"
66,13,15,"V","3API-S","ἐδόθη","ἐδόθη","ἐδόθη","δίδωμι"
66,13,15,"RP","DSN","⸀αὐτῷ","αὐτῷ","αὐτῷ","αὐτός"
66,13,15,"V","AAN","⸂δοῦναι","δοῦναι","δοῦναι","δίδωμι"
66,13,15,"N","ASN","πνεῦμα⸃","πνεῦμα","πνεῦμα","πνεῦμα"
66,13,15,"RA","DSF","τῇ","τῇ","τῇ","ὁ"
66,13,15,"N","DSF","εἰκόνι","εἰκόνι","εἰκόνι","εἰκών"
66,13,15,"RA","GSN","τοῦ","τοῦ","τοῦ","ὁ"
66,13,15,"N","GSN","θηρίου,","θηρίου","θηρίου","θηρίον"
66,13,15,"C",NULL,"ἵνα","ἵνα","ἵνα","ἵνα"
66,13,15,"C",NULL,"καὶ","καὶ","καί","καί"
66,13,15,"V","3AAS-S","λαλήσῃ","λαλήσῃ","λαλήσῃ","λαλέω"
66,13,15,"RA","NSF","ἡ","ἡ","ἡ","ὁ"
66,13,15,"N","NSF","εἰκὼν","εἰκὼν","εἰκών","εἰκών"
66,13,15,"RA","GSN","τοῦ","τοῦ","τοῦ","ὁ"
66,13,15,"N","GSN","θηρίου","θηρίου","θηρίου","θηρίον"
66,13,15,"C",NULL,"καὶ","καὶ","καί","καί"
66,13,15,"V","3AAS-S","ποιήσῃ","ποιήσῃ","ποιήσῃ","ποιέω"
66,13,15,"C",NULL,"⸀ἵνα","ἵνα","ἵνα","ἵνα"
66,13,15,"RR","NPM","ὅσοι","ὅσοι","ὅσοι","ὅσος"
66,13,15,"X",NULL,"ἐὰν","ἐὰν","ἐάν","ἐάν"
66,13,15,"D",NULL,"μὴ","μὴ","μή","μή"
66,13,15,"V","3AAS-P","προσκυνήσωσιν","προσκυνήσωσιν","προσκυνήσωσι(ν)","προσκυνέω"
66,13,15,"RA","DSF","τῇ","τῇ","τῇ","ὁ"
66,13,15,"N","DSF","εἰκόνι","εἰκόνι","εἰκόνι","εἰκών"
66,13,15,"RA","GSN","τοῦ","τοῦ","τοῦ","ὁ"
66,13,15,"N","GSN","θηρίου","θηρίου","θηρίου","θηρίον"
66,13,15,"V","3APS-P","ἀποκτανθῶσιν.","ἀποκτανθῶσιν","ἀποκτανθῶσι(ν)","ἀποκτείνω"
66,13,16,"C",NULL,"καὶ","καὶ","καί","καί"
66,13,16,"V","3PAI-S","ποιεῖ","ποιεῖ","ποιεῖ","ποιέω"
66,13,16,"A","APM","πάντας,","πάντας","πάντας","πᾶς"
66,13,16,"RA","APM","τοὺς","τοὺς","τούς","ὁ"
66,13,16,"A","APM","μικροὺς","μικροὺς","μικρούς","μικρός"
66,13,16,"C",NULL,"καὶ","καὶ","καί","καί"
66,13,16,"RA","APM","τοὺς","τοὺς","τούς","ὁ"
66,13,16,"A","APM","μεγάλους,","μεγάλους","μεγάλους","μέγας"
66,13,16,"C",NULL,"καὶ","καὶ","καί","καί"
66,13,16,"RA","APM","τοὺς","τοὺς","τούς","ὁ"
66,13,16,"A","APM","πλουσίους","πλουσίους","πλουσίους","πλούσιος"
66,13,16,"C",NULL,"καὶ","καὶ","καί","καί"
66,13,16,"RA","APM","τοὺς","τοὺς","τούς","ὁ"
66,13,16,"A","APM","πτωχούς,","πτωχούς","πτωχούς","πτωχός"
66,13,16,"C",NULL,"καὶ","καὶ","καί","καί"
66,13,16,"RA","APM","τοὺς","τοὺς","τούς","ὁ"
66,13,16,"A","APM","ἐλευθέρους","ἐλευθέρους","ἐλευθέρους","ἐλεύθερος"
66,13,16,"C",NULL,"καὶ","καὶ","καί","καί"
66,13,16,"RA","APM","τοὺς","τοὺς","τούς","ὁ"
66,13,16,"N","APM","δούλους,","δούλους","δούλους","δοῦλος"
66,13,16,"C",NULL,"ἵνα","ἵνα","ἵνα","ἵνα"
66,13,16,"V","3AAS-P","⸀δῶσιν","δῶσιν","δῶσι(ν)","δίδωμι"
66,13,16,"RP","DPM","αὐτοῖς","αὐτοῖς","αὐτοῖς","αὐτός"
66,13,16,"N","ASN","⸀χάραγμα","χάραγμα","χάραγμα","χάραγμα"
66,13,16,"P",NULL,"ἐπὶ","ἐπὶ","ἐπί","ἐπί"
66,13,16,"RA","GSF","τῆς","τῆς","τῆς","ὁ"
66,13,16,"N","GSF","χειρὸς","χειρὸς","χειρός","χείρ"
66,13,16,"RP","GPM","αὐτῶν","αὐτῶν","αὐτῶν","αὐτός"
66,13,16,"RA","GSF","τῆς","τῆς","τῆς","ὁ"
66,13,16,"A","GSF","δεξιᾶς","δεξιᾶς","δεξιᾶς","δεξιός"
66,13,16,"C",NULL,"ἢ","ἢ","ἤ","ἤ"
66,13,16,"P",NULL,"ἐπὶ","ἐπὶ","ἐπί","ἐπί"
66,13,16,"RA","ASN","τὸ","τὸ","τό","ὁ"
66,13,16,"N","ASN","μέτωπον","μέτωπον","μέτωπον","μέτωπον"
66,13,16,"RP","GPM","αὐτῶν,","αὐτῶν","αὐτῶν","αὐτός"
66,13,17,"C",NULL,"καὶ","καὶ","καί","καί"
66,13,17,"C",NULL,"ἵνα","ἵνα","ἵνα","ἵνα"
66,13,17,"D",NULL,"μή","μή","μή","μή"
66,13,17,"RI","NSM","τις","τις","τὶς","τις"
66,13,17,"V","3PMS-S","⸀δύνηται","δύνηται","δύνηται","δύναμαι"
66,13,17,"V","AAN","ἀγοράσαι","ἀγοράσαι","ἀγοράσαι","ἀγοράζω"
66,13,17,"C",NULL,"ἢ","ἢ","ἤ","ἤ"
66,13,17,"V","AAN","πωλῆσαι","πωλῆσαι","πωλῆσαι","πωλέω"
66,13,17,"C",NULL,"εἰ","εἰ","εἰ","εἰ"
66,13,17,"D",NULL,"μὴ","μὴ","μή","μή"
66,13,17,"RA","NSM","ὁ","ὁ","ὁ","ὁ"
66,13,17,"V","PAPNSM","ἔχων","ἔχων","ἔχων","ἔχω"
66,13,17,"RA","ASN","τὸ","τὸ","τό","ὁ"
66,13,17,"N","ASN","χάραγμα,","χάραγμα","χάραγμα","χάραγμα"
66,13,17,"RA","ASN","τὸ","τὸ","τό","ὁ"
66,13,17,"N","ASN","ὄνομα","ὄνομα","ὄνομα","ὄνομα"
66,13,17,"RA","GSN","τοῦ","τοῦ","τοῦ","ὁ"
66,13,17,"N","GSN","θηρίου","θηρίου","θηρίου","θηρίον"
66,13,17,"C",NULL,"ἢ","ἢ","ἤ","ἤ"
66,13,17,"RA","ASM","τὸν","τὸν","τόν","ὁ"
66,13,17,"N","ASM","ἀριθμὸν","ἀριθμὸν","ἀριθμόν","ἀριθμός"
66,13,17,"RA","GSN","τοῦ","τοῦ","τοῦ","ὁ"
66,13,17,"N","GSN","ὀνόματος","ὀνόματος","ὀνόματος","ὄνομα"
66,13,17,"RP","GSN","αὐτοῦ.","αὐτοῦ","αὐτοῦ","αὐτός"
66,13,18,"D",NULL,"ὧδε","ὧδε","ὧδε","ὧδε"
66,13,18,"RA","NSF","ἡ","ἡ","ἡ","ὁ"
66,13,18,"N","NSF","σοφία","σοφία","σοφία","σοφία"
66,13,18,"V","3PAI-S","ἐστίν·","ἐστίν","ἐστί(ν)","εἰμί"
66,13,18,"RA","NSM","ὁ","ὁ","ὁ","ὁ"
66,13,18,"V","PAPNSM","ἔχων","ἔχων","ἔχων","ἔχω"
66,13,18,"N","ASM","νοῦν","νοῦν","νοῦν","νοῦς"
66,13,18,"V","3AAD-S","ψηφισάτω","ψηφισάτω","ψηφισάτω","ψηφίζω"
66,13,18,"RA","ASM","τὸν","τὸν","τόν","ὁ"
66,13,18,"N","ASM","ἀριθμὸν","ἀριθμὸν","ἀριθμόν","ἀριθμός"
66,13,18,"RA","GSN","τοῦ","τοῦ","τοῦ","ὁ"
66,13,18,"N","GSN","θηρίου,","θηρίου","θηρίου","θηρίον"
66,13,18,"N","NSM","ἀριθμὸς","ἀριθμὸς","ἀριθμός","ἀριθμός"
66,13,18,"C",NULL,"γὰρ","γὰρ","γάρ","γάρ"
66,13,18,"N","GSM","ἀνθρώπου","ἀνθρώπου","ἀνθρώπου","ἄνθρωπος"
66,13,18,"V","3PAI-S","ἐστίν·","ἐστίν","ἐστί(ν)","εἰμί"
66,13,18,"C",NULL,"καὶ","καὶ","καί","καί"
66,13,18,"RA","NSM","ὁ","ὁ","ὁ","ὁ"
66,13,18,"N","NSM","ἀριθμὸς","ἀριθμὸς","ἀριθμός","ἀριθμός"
66,13,18,"RP","GSN","⸀αὐτοῦ","αὐτοῦ","αὐτοῦ","αὐτός"
66,13,18,"A","NPM","⸂ἑξακόσιοι","ἑξακόσιοι","ἑξακόσιοι","ἑξακόσιοι"
66,13,18,"A","NPM","ἑξήκοντα","ἑξήκοντα","ἑξήκοντα","ἑξήκοντα"
66,13,18,"A","NPM","ἕξ⸃.","ἕξ","ἕξ","ἕξ"
66,14,01,"C",NULL,"Καὶ","Καὶ","καί","καί"
66,14,01,"V","1AAI-S","εἶδον,","εἶδον","εἶδον","ὁράω"
66,14,01,"C",NULL,"καὶ","καὶ","καί","καί"
66,14,01,"X",NULL,"ἰδοὺ","ἰδοὺ","ἰδού","ἰδού"
66,14,01,"RA","NSN","τὸ","τὸ","τό","ὁ"
66,14,01,"N","NSN","ἀρνίον","ἀρνίον","ἀρνίον","ἀρνίον"
66,14,01,"V","XAPNSN","⸀ἑστὸς","ἑστὸς","ἑστός","ἵστημι"
66,14,01,"P",NULL,"ἐπὶ","ἐπὶ","ἐπί","ἐπί"
66,14,01,"RA","ASN","τὸ","τὸ","τό","ὁ"
66,14,01,"N","ASN","ὄρος","ὄρος","ὄρος","ὄρος"
66,14,01,"N","GSF","Σιών,","Σιών","Σιών","Σιών"
66,14,01,"C",NULL,"καὶ","καὶ","καί","καί"
66,14,01,"P",NULL,"μετ’","μετ’","μετά","μετά"
66,14,01,"RP","GSM","⸀αὐτοῦ","αὐτοῦ","αὐτοῦ","αὐτός"
66,14,01,"A","NPF","ἑκατὸν","ἑκατὸν","ἑκατόν","ἑκατόν"
66,14,01,"A","NPF","τεσσεράκοντα","τεσσεράκοντα","τεσσεράκοντα","τεσσεράκοντα"
66,14,01,"A","NPF","τέσσαρες","τέσσαρες","τέσσαρες","τέσσαρες"
66,14,01,"N","NPF","χιλιάδες","χιλιάδες","χιλιάδες","χιλιάς"
66,14,01,"V","PAPNPF","ἔχουσαι","ἔχουσαι","ἔχουσαι","ἔχω"
66,14,01,"RA","ASN","τὸ","τὸ","τό","ὁ"
66,14,01,"N","ASN","ὄνομα","ὄνομα","ὄνομα","ὄνομα"
66,14,01,"RP","GSM","αὐτοῦ","αὐτοῦ","αὐτοῦ","αὐτός"
66,14,01,"C",NULL,"καὶ","καὶ","καί","καί"
66,14,01,"RA","ASN","τὸ","τὸ","τό","ὁ"
66,14,01,"N","ASN","ὄνομα","ὄνομα","ὄνομα","ὄνομα"
66,14,01,"RA","GSM","τοῦ","τοῦ","τοῦ","ὁ"
66,14,01,"N","GSM","πατρὸς","πατρὸς","πατρός","πατήρ"
66,14,01,"RP","GSM","αὐτοῦ","αὐτοῦ","αὐτοῦ","αὐτός"
66,14,01,"V","XPPASN","γεγραμμένον","γεγραμμένον","γεγραμμένον","γράφω"
66,14,01,"P",NULL,"ἐπὶ","ἐπὶ","ἐπί","ἐπί"
66,14,01,"RA","GPN","τῶν","τῶν","τῶν","ὁ"
66,14,01,"N","GPN","μετώπων","μετώπων","μετώπων","μέτωπον"
66,14,01,"RP","GPM","αὐτῶν.","αὐτῶν","αὐτῶν","αὐτός"
66,14,02,"C",NULL,"καὶ","καὶ","καί","καί"
66,14,02,"V","1AAI-S","ἤκουσα","ἤκουσα","ἤκουσα","ἀκούω"
66,14,02,"N","ASF","φωνὴν","φωνὴν","φωνήν","φωνή"
66,14,02,"P",NULL,"ἐκ","ἐκ","ἐκ","ἐκ"
66,14,02,"RA","GSM","τοῦ","τοῦ","τοῦ","ὁ"
66,14,02,"N","GSM","οὐρανοῦ","οὐρανοῦ","οὐρανοῦ","οὐρανός"
66,14,02,"C",NULL,"ὡς","ὡς","ὡς","ὡς"
66,14,02,"N","ASF","φωνὴν","φωνὴν","φωνήν","φωνή"
66,14,02,"N","GPN","ὑδάτων","ὑδάτων","ὑδάτων","ὕδωρ"
66,14,02,"A","GPN","πολλῶν","πολλῶν","πολλῶν","πολύς"
66,14,02,"C",NULL,"καὶ","καὶ","καί","καί"
66,14,02,"C",NULL,"ὡς","ὡς","ὡς","ὡς"
66,14,02,"N","ASF","φωνὴν","φωνὴν","φωνήν","φωνή"
66,14,02,"N","GSF","βροντῆς","βροντῆς","βροντῆς","βροντή"
66,14,02,"A","GSF","μεγάλης,","μεγάλης","μεγάλης","μέγας"
66,14,02,"C",NULL,"καὶ","καὶ","καί","καί"
66,14,02,"RA","NSF","ἡ","ἡ","ἡ","ὁ"
66,14,02,"N","NSF","φωνὴ","φωνὴ","φωνή","φωνή"
66,14,02,"RR","ASF","ἣν","ἣν","ἥν","ὅς"
66,14,02,"V","1AAI-S","ἤκουσα","ἤκουσα","ἤκουσα","ἀκούω"
66,14,02,"C",NULL,"ὡς","ὡς","ὡς","ὡς"
66,14,02,"N","GPM","κιθαρῳδῶν","κιθαρῳδῶν","κιθαρῳδῶν","κιθαρῳδός"
66,14,02,"V","PAPGPM","κιθαριζόντων","κιθαριζόντων","κιθαριζόντων","κιθαρίζω"
66,14,02,"P",NULL,"ἐν","ἐν","ἐν","ἐν"
66,14,02,"RA","DPF","ταῖς","ταῖς","ταῖς","ὁ"
66,14,02,"N","DPF","κιθάραις","κιθάραις","κιθάραις","κιθάρα"
66,14,02,"RP","GPM","αὐτῶν.","αὐτῶν","αὐτῶν","αὐτός"
66,14,03,"C",NULL,"καὶ","καὶ","καί","καί"
66,14,03,"V","3PAI-P","ᾄδουσιν","ᾄδουσιν","ᾄδουσι(ν)","ᾄδω"
66,14,03,"C",NULL,"⸀ὡς","ὡς","ὡς","ὡς"
66,14,03,"N","ASF","ᾠδὴν","ᾠδὴν","ᾠδήν","ᾠδή"
66,14,03,"A","ASF","καινὴν","καινὴν","καινήν","καινός"
66,14,03,"P",NULL,"ἐνώπιον","ἐνώπιον","ἐνώπιον","ἐνώπιον"
66,14,03,"RA","GSM","τοῦ","τοῦ","τοῦ","ὁ"
66,14,03,"N","GSM","θρόνου","θρόνου","θρόνου","θρόνος"
66,14,03,"C",NULL,"καὶ","καὶ","καί","καί"
66,14,03,"P",NULL,"ἐνώπιον","ἐνώπιον","ἐνώπιον","ἐνώπιον"
66,14,03,"RA","GPN","τῶν","τῶν","τῶν","ὁ"
66,14,03,"A","GPN","τεσσάρων","τεσσάρων","τεσσάρων","τέσσαρες"
66,14,03,"N","GPN","ζῴων","ζῴων","ζῴων","ζῷον"
66,14,03,"C",NULL,"καὶ","καὶ","καί","καί"
66,14,03,"RA","GPM","τῶν","τῶν","τῶν","ὁ"
66,14,03,"A","GPM","πρεσβυτέρων·","πρεσβυτέρων","πρεσβυτέρων","πρεσβύτερος"
66,14,03,"C",NULL,"καὶ","καὶ","καί","καί"
66,14,03,"A","NSM","οὐδεὶς","οὐδεὶς","οὐδείς","οὐδείς"
66,14,03,"V","3IMI-S","ἐδύνατο","ἐδύνατο","ἐδύνατο","δύναμαι"
66,14,03,"V","AAN","μαθεῖν","μαθεῖν","μαθεῖν","μανθάνω"
66,14,03,"RA","ASF","τὴν","τὴν","τήν","ὁ"
66,14,03,"N","ASF","ᾠδὴν","ᾠδὴν","ᾠδήν","ᾠδή"
66,14,03,"C",NULL,"εἰ","εἰ","εἰ","εἰ"
66,14,03,"D",NULL,"μὴ","μὴ","μή","μή"
66,14,03,"RA","NPF","αἱ","αἱ","αἱ","ὁ"
66,14,03,"A","NPF","ἑκατὸν","ἑκατὸν","ἑκατόν","ἑκατόν"
66,14,03,"A","NPF","τεσσεράκοντα","τεσσεράκοντα","τεσσεράκοντα","τεσσεράκοντα"
66,14,03,"A","NPF","τέσσαρες","τέσσαρες","τέσσαρες","τέσσαρες"
66,14,03,"N","NPF","χιλιάδες,","χιλιάδες","χιλιάδες","χιλιάς"
66,14,03,"RA","NPM","οἱ","οἱ","οἱ","ὁ"
66,14,03,"V","XPPNPM","ἠγορασμένοι","ἠγορασμένοι","ἠγορασμένοι","ἀγοράζω"
66,14,03,"P",NULL,"ἀπὸ","ἀπὸ","ἀπό","ἀπό"
66,14,03,"RA","GSF","τῆς","τῆς","τῆς","ὁ"
66,14,03,"N","GSF","γῆς.","γῆς","γῆς","γῆ"
66,14,04,"RD","NPM","οὗτοί","οὗτοί","οὗτοι","οὗτος"
66,14,04,"V","3PAI-P","εἰσιν","εἰσιν","εἰσί(ν)","εἰμί"
66,14,04,"RR","NPM","οἳ","οἳ","οἵ","ὅς"
66,14,04,"P",NULL,"μετὰ","μετὰ","μετά","μετά"
66,14,04,"N","GPF","γυναικῶν","γυναικῶν","γυναικῶν","γυνή"
66,14,04,"D",NULL,"οὐκ","οὐκ","οὐ","οὐ"
66,14,04,"V","3API-P","ἐμολύνθησαν,","ἐμολύνθησαν","ἐμολύνθησαν","μολύνω"
66,14,04,"N","NPM","παρθένοι","παρθένοι","παρθένοι","παρθένος"
66,14,04,"C",NULL,"γάρ","γάρ","γάρ","γάρ"
66,14,04,"V","3PAI-P","εἰσιν·","εἰσιν","εἰσί(ν)","εἰμί"
66,14,04,"RD","NPM","⸀οὗτοι","οὗτοι","οὗτοι","οὗτος"
66,14,04,"RA","NPM","οἱ","οἱ","οἱ","ὁ"
66,14,04,"V","PAPNPM","ἀκολουθοῦντες","ἀκολουθοῦντες","ἀκολουθοῦντες","ἀκολουθέω"
66,14,04,"RA","DSN","τῷ","τῷ","τῷ","ὁ"
66,14,04,"N","DSN","ἀρνίῳ","ἀρνίῳ","ἀρνίῳ","ἀρνίον"
66,14,04,"C",NULL,"ὅπου","ὅπου","ὅπου","ὅπου"
66,14,04,"X",NULL,"ἂν","ἂν","ἄν","ἄν"
66,14,04,"V","3PAS-S","⸀ὑπάγῃ·","ὑπάγῃ","ὑπάγῃ","ὑπάγω"
66,14,04,"RD","NPM","⸁οὗτοι","οὗτοι","οὗτοι","οὗτος"
66,14,04,"V","3API-P","ἠγοράσθησαν","ἠγοράσθησαν","ἠγοράσθησαν","ἀγοράζω"
66,14,04,"P",NULL,"ἀπὸ","ἀπὸ","ἀπό","ἀπό"
66,14,04,"RA","GPM","τῶν","τῶν","τῶν","ὁ"
66,14,04,"N","GPM","ἀνθρώπων","ἀνθρώπων","ἀνθρώπων","ἄνθρωπος"
66,14,04,"N","NSF","ἀπαρχὴ","ἀπαρχὴ","ἀπαρχή","ἀπαρχή"
66,14,04,"RA","DSM","τῷ","τῷ","τῷ","ὁ"
66,14,04,"N","DSM","θεῷ","θεῷ","θεῷ","θεός"
66,14,04,"C",NULL,"καὶ","καὶ","καί","καί"
66,14,04,"RA","DSN","τῷ","τῷ","τῷ","ὁ"
66,14,04,"N","DSN","ἀρνίῳ,","ἀρνίῳ","ἀρνίῳ","ἀρνίον"
66,14,05,"C",NULL,"καὶ","καὶ","καί","καί"
66,14,05,"P",NULL,"⸂ἐν","ἐν","ἐν","ἐν"
66,14,05,"RA","DSN","τῷ","τῷ","τῷ","ὁ"
66,14,05,"N","DSN","στόματι","στόματι","στόματι","στόμα"
66,14,05,"RP","GPM","αὐτῶν","αὐτῶν","αὐτῶν","αὐτός"
66,14,05,"D",NULL,"οὐχ","οὐχ","οὐ","οὐ"
66,14,05,"V","3API-S","εὑρέθη⸃","εὑρέθη","εὑρέθη","εὑρίσκω"
66,14,05,"N","NSN","ψεῦδος·","ψεῦδος","ψεῦδος","ψεῦδος"
66,14,05,"A","NPM","⸀ἄμωμοί","ἄμωμοί","ἄμωμοι","ἄμωμος"
66,14,05,"V","3PAI-P","εἰσιν.","εἰσιν","εἰσί(ν)","εἰμί"
66,14,06,"C",NULL,"Καὶ","Καὶ","καί","καί"
66,14,06,"V","1AAI-S","εἶδον","εἶδον","εἶδον","ὁράω"
66,14,06,"A","ASM","⸀ἄλλον","ἄλλον","ἄλλον","ἄλλος"
66,14,06,"N","ASM","ἄγγελον","ἄγγελον","ἄγγελον","ἄγγελος"
66,14,06,"V","PMPASM","πετόμενον","πετόμενον","πετόμενον","πέτομαι"
66,14,06,"P",NULL,"ἐν","ἐν","ἐν","ἐν"
66,14,06,"N","DSN","μεσουρανήματι,","μεσουρανήματι","μεσουρανήματι","μεσουράνημα"
66,14,06,"V","PAPASM","ἔχοντα","ἔχοντα","ἔχοντα","ἔχω"
66,14,06,"N","ASN","εὐαγγέλιον","εὐαγγέλιον","εὐαγγέλιον","εὐαγγέλιον"
66,14,06,"A","ASN","αἰώνιον","αἰώνιον","αἰώνιον","αἰώνιος"
66,14,06,"V","AAN","εὐαγγελίσαι","εὐαγγελίσαι","εὐαγγελίσαι","εὐαγγελίζω"
66,14,06,"P",NULL,"⸀ἐπὶ","ἐπὶ","ἐπί","ἐπί"
66,14,06,"RA","APM","τοὺς","τοὺς","τούς","ὁ"
66,14,06,"V","PMPAPM","καθημένους","καθημένους","καθημένους","κάθημαι"
66,14,06,"P",NULL,"ἐπὶ","ἐπὶ","ἐπί","ἐπί"
66,14,06,"RA","GSF","τῆς","τῆς","τῆς","ὁ"
66,14,06,"N","GSF","γῆς","γῆς","γῆς","γῆ"
66,14,06,"C",NULL,"καὶ","καὶ","καί","καί"
66,14,06,"P",NULL,"ἐπὶ","ἐπὶ","ἐπί","ἐπί"
66,14,06,"A","ASN","πᾶν","πᾶν","πᾶν","πᾶς"
66,14,06,"N","ASN","ἔθνος","ἔθνος","ἔθνος","ἔθνος"
66,14,06,"C",NULL,"καὶ","καὶ","καί","καί"
66,14,06,"N","ASF","φυλὴν","φυλὴν","φυλήν","φυλή"
66,14,06,"C",NULL,"καὶ","καὶ","καί","καί"
66,14,06,"N","ASF","γλῶσσαν","γλῶσσαν","γλῶσσαν","γλῶσσα"
66,14,06,"C",NULL,"καὶ","καὶ","καί","καί"
66,14,06,"N","ASM","λαόν,","λαόν","λαόν","λαός"
66,14,07,"V","PAPNSM","λέγων","λέγων","λέγων","λέγω"
66,14,07,"P",NULL,"ἐν","ἐν","ἐν","ἐν"
66,14,07,"N","DSF","φωνῇ","φωνῇ","φωνῇ","φωνή"
66,14,07,"A","DSF","μεγάλῃ·","μεγάλῃ","μεγάλῃ","μέγας"
66,14,07,"V","2APD-P","Φοβήθητε","Φοβήθητε","φοβήθητε","φοβέομαι"
66,14,07,"RA","ASM","τὸν","τὸν","τόν","ὁ"
66,14,07,"N","ASM","⸀θεὸν","θεὸν","θεόν","θεός"
66,14,07,"C",NULL,"καὶ","καὶ","καί","καί"
66,14,07,"V","2AAD-P","δότε","δότε","δότε","δίδωμι"
66,14,07,"RP","DSM","αὐτῷ","αὐτῷ","αὐτῷ","αὐτός"
66,14,07,"N","ASF","δόξαν,","δόξαν","δόξαν","δόξα"
66,14,07,"C",NULL,"ὅτι","ὅτι","ὅτι","ὅτι"
66,14,07,"V","3AAI-S","ἦλθεν","ἦλθεν","ἦλθε(ν)","ἔρχομαι"
66,14,07,"RA","NSF","ἡ","ἡ","ἡ","ὁ"
66,14,07,"N","NSF","ὥρα","ὥρα","ὥρα","ὥρα"
66,14,07,"RA","GSF","τῆς","τῆς","τῆς","ὁ"
66,14,07,"N","GSF","κρίσεως","κρίσεως","κρίσεως","κρίσις"
66,14,07,"RP","GSM","αὐτοῦ,","αὐτοῦ","αὐτοῦ","αὐτός"
66,14,07,"C",NULL,"καὶ","καὶ","καί","καί"
66,14,07,"V","2AAD-P","προσκυνήσατε","προσκυνήσατε","προσκυνήσατε","προσκυνέω"
66,14,07,"RA","DSM","⸂τῷ","τῷ","τῷ","ὁ"
66,14,07,"V","AAPDSM","ποιήσαντι⸃","ποιήσαντι","ποιήσαντι","ποιέω"
66,14,07,"RA","ASM","τὸν","τὸν","τόν","ὁ"
66,14,07,"N","ASM","οὐρανὸν","οὐρανὸν","οὐρανόν","οὐρανός"
66,14,07,"C",NULL,"καὶ","καὶ","καί","καί"
66,14,07,"RA","ASF","τὴν","τὴν","τήν","ὁ"
66,14,07,"N","ASF","γῆν","γῆν","γῆν","γῆ"
66,14,07,"C",NULL,"⸀καὶ","καὶ","καί","καί"
66,14,07,"N","ASF","θάλασσαν","θάλασσαν","θάλασσαν","θάλασσα"
66,14,07,"C",NULL,"καὶ","καὶ","καί","καί"
66,14,07,"N","APF","πηγὰς","πηγὰς","πηγάς","πηγή"
66,14,07,"N","GPN","ὑδάτων.","ὑδάτων","ὑδάτων","ὕδωρ"
66,14,08,"C",NULL,"Καὶ","Καὶ","καί","καί"
66,14,08,"A","NSM","ἄλλος","ἄλλος","ἄλλος","ἄλλος"
66,14,08,"A","NSM","⸂δεύτερος","δεύτερος","δεύτερος","δεύτερος"
66,14,08,"N","NSM","ἄγγελος⸃","ἄγγελος","ἄγγελος","ἄγγελος"
66,14,08,"V","3AAI-S","ἠκολούθησεν","ἠκολούθησεν","ἠκολούθησε(ν)","ἀκολουθέω"
66,14,08,"V","PAPNSM","λέγων·","λέγων","λέγων","λέγω"
66,14,08,"V","3AAI-S","Ἔπεσεν,","Ἔπεσεν","ἔπεσε(ν)","πίπτω"
66,14,08,"V","3AAI-S","⸀ἔπεσεν","ἔπεσεν","ἔπεσε(ν)","πίπτω"
66,14,08,"N","NSF","Βαβυλὼν","Βαβυλὼν","Βαβυλών","Βαβυλών"
66,14,08,"RA","NSF","ἡ","ἡ","ἡ","ὁ"
66,14,08,"A","NSF","μεγάλη,","μεγάλη","μεγάλη","μέγας"
66,14,08,"RR","NSF","⸀ἣ","ἣ","ἥ","ὅς"
66,14,08,"P",NULL,"ἐκ","ἐκ","ἐκ","ἐκ"
66,14,08,"RA","GSM","τοῦ","τοῦ","τοῦ","ὁ"
66,14,08,"N","GSM","οἴνου","οἴνου","οἴνου","οἶνος"
66,14,08,"RA","GSM","τοῦ","τοῦ","τοῦ","ὁ"
66,14,08,"N","GSM","θυμοῦ","θυμοῦ","θυμοῦ","θυμός"
66,14,08,"RA","GSF","τῆς","τῆς","τῆς","ὁ"
66,14,08,"N","GSF","πορνείας","πορνείας","πορνείας","πορνεία"
66,14,08,"RP","GSF","αὐτῆς","αὐτῆς","αὐτῆς","αὐτός"
66,14,08,"V","3XAI-S","πεπότικεν","πεπότικεν","πεπότικε(ν)","ποτίζω"
66,14,08,"A","APN","πάντα","πάντα","πάντα","πᾶς"
66,14,08,"RA","APN","τὰ","τὰ","τά","ὁ"
66,14,08,"N","APN","ἔθνη.","ἔθνη","ἔθνη","ἔθνος"
66,14,09,"C",NULL,"Καὶ","Καὶ","καί","καί"
66,14,09,"A","NSM","ἄλλος","ἄλλος","ἄλλος","ἄλλος"
66,14,09,"N","NSM","ἄγγελος","ἄγγελος","ἄγγελος","ἄγγελος"
66,14,09,"A","NSM","τρίτος","τρίτος","τρίτος","τρίτος"
66,14,09,"V","3AAI-S","ἠκολούθησεν","ἠκολούθησεν","ἠκολούθησε(ν)","ἀκολουθέω"
66,14,09,"RP","DPM","αὐτοῖς","αὐτοῖς","αὐτοῖς","αὐτός"
66,14,09,"V","PAPNSM","λέγων","λέγων","λέγων","λέγω"
66,14,09,"P",NULL,"ἐν","ἐν","ἐν","ἐν"
66,14,09,"N","DSF","φωνῇ","φωνῇ","φωνῇ","φωνή"
66,14,09,"A","DSF","μεγάλῃ·","μεγάλῃ","μεγάλῃ","μέγας"
66,14,09,"C",NULL,"Εἴ","Εἴ","εἰ","εἰ"
66,14,09,"RI","NSM","τις","τις","τὶς","τις"
66,14,09,"V","3PAI-S","προσκυνεῖ","προσκυνεῖ","προσκυνεῖ","προσκυνέω"
66,14,09,"RA","ASN","τὸ","τὸ","τό","ὁ"
66,14,09,"N","ASN","θηρίον","θηρίον","θηρίον","θηρίον"
66,14,09,"C",NULL,"καὶ","καὶ","καί","καί"
66,14,09,"RA","ASF","τὴν","τὴν","τήν","ὁ"
66,14,09,"N","ASF","εἰκόνα","εἰκόνα","εἰκόνα","εἰκών"
66,14,09,"RP","GSN","αὐτοῦ,","αὐτοῦ","αὐτοῦ","αὐτός"
66,14,09,"C",NULL,"καὶ","καὶ","καί","καί"
66,14,09,"V","3PAI-S","λαμβάνει","λαμβάνει","λαμβάνει","λαμβάνω"
66,14,09,"N","ASN","χάραγμα","χάραγμα","χάραγμα","χάραγμα"
66,14,09,"P",NULL,"ἐπὶ","ἐπὶ","ἐπί","ἐπί"
66,14,09,"RA","GSN","τοῦ","τοῦ","τοῦ","ὁ"
66,14,09,"N","GSN","μετώπου","μετώπου","μετώπου","μέτωπον"
66,14,09,"RP","GSM","αὐτοῦ","αὐτοῦ","αὐτοῦ","αὐτός"
66,14,09,"C",NULL,"ἢ","ἢ","ἤ","ἤ"
66,14,09,"P",NULL,"ἐπὶ","ἐπὶ","ἐπί","ἐπί"
66,14,09,"RA","ASF","τὴν","τὴν","τήν","ὁ"
66,14,09,"N","ASF","χεῖρα","χεῖρα","χεῖρα","χείρ"
66,14,09,"RP","GSM","αὐτοῦ,","αὐτοῦ","αὐτοῦ","αὐτός"
66,14,10,"D",NULL,"καὶ","καὶ","καί","καί"
66,14,10,"RP","NSM","αὐτὸς","αὐτὸς","αὐτός","αὐτός"
66,14,10,"V","3FMI-S","πίεται","πίεται","πίεται","πίνω"
66,14,10,"P",NULL,"ἐκ","ἐκ","ἐκ","ἐκ"
66,14,10,"RA","GSM","τοῦ","τοῦ","τοῦ","ὁ"
66,14,10,"N","GSM","οἴνου","οἴνου","οἴνου","οἶνος"
66,14,10,"RA","GSM","τοῦ","τοῦ","τοῦ","ὁ"
66,14,10,"N","GSM","θυμοῦ","θυμοῦ","θυμοῦ","θυμός"
66,14,10,"RA","GSM","τοῦ","τοῦ","τοῦ","ὁ"
66,14,10,"N","GSM","θεοῦ","θεοῦ","θεοῦ","θεός"
66,14,10,"RA","GSM","τοῦ","τοῦ","τοῦ","ὁ"
66,14,10,"V","XPPGSM","κεκερασμένου","κεκερασμένου","κεκερασμένου","κεράννυμι"
66,14,10,"A","GSM","ἀκράτου","ἀκράτου","ἀκράτου","ἄκρατος"
66,14,10,"P",NULL,"ἐν","ἐν","ἐν","ἐν"
66,14,10,"RA","DSN","τῷ","τῷ","τῷ","ὁ"
66,14,10,"N","DSN","ποτηρίῳ","ποτηρίῳ","ποτηρίῳ","ποτήριον"
66,14,10,"RA","GSF","τῆς","τῆς","τῆς","ὁ"
66,14,10,"N","GSF","ὀργῆς","ὀργῆς","ὀργῆς","ὀργή"
66,14,10,"RP","GSM","αὐτοῦ,","αὐτοῦ","αὐτοῦ","αὐτός"
66,14,10,"C",NULL,"καὶ","καὶ","καί","καί"
66,14,10,"V","3FPI-S","βασανισθήσεται","βασανισθήσεται","βασανισθήσεται","βασανίζω"
66,14,10,"P",NULL,"ἐν","ἐν","ἐν","ἐν"
66,14,10,"N","DSN","πυρὶ","πυρὶ","πυρί","πῦρ"
66,14,10,"C",NULL,"καὶ","καὶ","καί","καί"
66,14,10,"N","DSN","θείῳ","θείῳ","θείῳ","θεῖον"
66,14,10,"P",NULL,"ἐνώπιον","ἐνώπιον","ἐνώπιον","ἐνώπιον"
66,14,10,"N","GPM","⸂ἀγγέλων","ἀγγέλων","ἀγγέλων","ἄγγελος"
66,14,10,"A","GPM","ἁγίων⸃","ἁγίων","ἁγίων","ἅγιος"
66,14,10,"C",NULL,"καὶ","καὶ","καί","καί"
66,14,10,"P",NULL,"ἐνώπιον","ἐνώπιον","ἐνώπιον","ἐνώπιον"
66,14,10,"RA","GSN","τοῦ","τοῦ","τοῦ","ὁ"
66,14,10,"N","GSN","ἀρνίου.","ἀρνίου","ἀρνίου","ἀρνίον"
66,14,11,"C",NULL,"καὶ","καὶ","καί","καί"
66,14,11,"RA","NSM","ὁ","ὁ","ὁ","ὁ"
66,14,11,"N","NSM","καπνὸς","καπνὸς","καπνός","καπνός"
66,14,11,"RA","GSM","τοῦ","τοῦ","τοῦ","ὁ"
66,14,11,"N","GSM","βασανισμοῦ","βασανισμοῦ","βασανισμοῦ","βασανισμός"
66,14,11,"RP","GPM","αὐτῶν","αὐτῶν","αὐτῶν","αὐτός"
66,14,11,"P",NULL,"εἰς","εἰς","εἰς","εἰς"
66,14,11,"N","APM","αἰῶνας","αἰῶνας","αἰῶνας","αἰών"
66,14,11,"N","GPM","αἰώνων","αἰώνων","αἰώνων","αἰών"
66,14,11,"V","3PAI-S","ἀναβαίνει,","ἀναβαίνει","ἀναβαίνει","ἀναβαίνω"
66,14,11,"C",NULL,"καὶ","καὶ","καί","καί"
66,14,11,"D",NULL,"οὐκ","οὐκ","οὐ","οὐ"
66,14,11,"V","3PAI-P","ἔχουσιν","ἔχουσιν","ἔχουσι(ν)","ἔχω"
66,14,11,"N","ASF","ἀνάπαυσιν","ἀνάπαυσιν","ἀνάπαυσιν","ἀνάπαυσις"
66,14,11,"N","GSF","ἡμέρας","ἡμέρας","ἡμέρας","ἡμέρα"
66,14,11,"C",NULL,"καὶ","καὶ","καί","καί"
66,14,11,"N","GSF","νυκτός,","νυκτός","νυκτός","νύξ"
66,14,11,"RA","NPM","οἱ","οἱ","οἱ","ὁ"
66,14,11,"V","PAPNPM","προσκυνοῦντες","προσκυνοῦντες","προσκυνοῦντες","προσκυνέω"
66,14,11,"RA","ASN","τὸ","τὸ","τό","ὁ"
66,14,11,"N","ASN","θηρίον","θηρίον","θηρίον","θηρίον"
66,14,11,"C",NULL,"καὶ","καὶ","καί","καί"
66,14,11,"RA","ASF","τὴν","τὴν","τήν","ὁ"
66,14,11,"N","ASF","εἰκόνα","εἰκόνα","εἰκόνα","εἰκών"
66,14,11,"RP","GSN","αὐτοῦ,","αὐτοῦ","αὐτοῦ","αὐτός"
66,14,11,"C",NULL,"καὶ","καὶ","καί","καί"
66,14,11,"C",NULL,"εἴ","εἴ","εἰ","εἰ"
66,14,11,"RI","NSM","τις","τις","τὶς","τις"
66,14,11,"V","3PAI-S","λαμβάνει","λαμβάνει","λαμβάνει","λαμβάνω"
66,14,11,"RA","ASN","τὸ","τὸ","τό","ὁ"
66,14,11,"N","ASN","χάραγμα","χάραγμα","χάραγμα","χάραγμα"
66,14,11,"RA","GSN","τοῦ","τοῦ","τοῦ","ὁ"
66,14,11,"N","GSN","ὀνόματος","ὀνόματος","ὀνόματος","ὄνομα"
66,14,11,"RP","GSN","αὐτοῦ.","αὐτοῦ","αὐτοῦ","αὐτός"
66,14,12,"D",NULL,"Ὧδε","Ὧδε","ὧδε","ὧδε"
66,14,12,"RA","NSF","ἡ","ἡ","ἡ","ὁ"
66,14,12,"N","NSF","ὑπομονὴ","ὑπομονὴ","ὑπομονή","ὑπομονή"
66,14,12,"RA","GPM","τῶν","τῶν","τῶν","ὁ"
66,14,12,"A","GPM","ἁγίων","ἁγίων","ἁγίων","ἅγιος"
66,14,12,"V","3PAI-S","ἐστίν,","ἐστίν","ἐστί(ν)","εἰμί"
66,14,12,"RA","NPM","οἱ","οἱ","οἱ","ὁ"
66,14,12,"V","PAPNPM","τηροῦντες","τηροῦντες","τηροῦντες","τηρέω"
66,14,12,"RA","APF","τὰς","τὰς","τάς","ὁ"
66,14,12,"N","APF","ἐντολὰς","ἐντολὰς","ἐντολάς","ἐντολή"
66,14,12,"RA","GSM","τοῦ","τοῦ","τοῦ","ὁ"
66,14,12,"N","GSM","θεοῦ","θεοῦ","θεοῦ","θεός"
66,14,12,"C",NULL,"καὶ","καὶ","καί","καί"
66,14,12,"RA","ASF","τὴν","τὴν","τήν","ὁ"
66,14,12,"N","ASF","πίστιν","πίστιν","πίστιν","πίστις"
66,14,12,"N","GSM","Ἰησοῦ.","Ἰησοῦ","Ἰησοῦ","Ἰησοῦς"
66,14,13,"C",NULL,"Καὶ","Καὶ","καί","καί"
66,14,13,"V","1AAI-S","ἤκουσα","ἤκουσα","ἤκουσα","ἀκούω"
66,14,13,"N","GSF","φωνῆς","φωνῆς","φωνῆς","φωνή"
66,14,13,"P",NULL,"ἐκ","ἐκ","ἐκ","ἐκ"
66,14,13,"RA","GSM","τοῦ","τοῦ","τοῦ","ὁ"
66,14,13,"N","GSM","οὐρανοῦ","οὐρανοῦ","οὐρανοῦ","οὐρανός"
66,14,13,"V","PAPGSF","λεγούσης·","λεγούσης","λεγούσης","λέγω"
66,14,13,"V","2AAD-S","Γράψον·","Γράψον","γράψον","γράφω"
66,14,13,"A","NPM","Μακάριοι","Μακάριοι","μακάριοι","μακάριος"
66,14,13,"RA","NPM","οἱ","οἱ","οἱ","ὁ"
66,14,13,"A","NPM","νεκροὶ","νεκροὶ","νεκροί","νεκρός"
66,14,13,"RA","NPM","οἱ","οἱ","οἱ","ὁ"
66,14,13,"P",NULL,"ἐν","ἐν","ἐν","ἐν"
66,14,13,"N","DSM","κυρίῳ","κυρίῳ","κυρίῳ","κύριος"
66,14,13,"V","PAPNPM","ἀποθνῄσκοντες","ἀποθνῄσκοντες","ἀποθνῄσκοντες","ἀποθνῄσκω"
66,14,13,"P",NULL,"ἀπ’","ἀπ’","ἀπό","ἀπό"
66,14,13,"D",NULL,"ἄρτι.","ἄρτι","ἄρτι","ἄρτι"
66,14,13,"X",NULL,"⸂ναί,","ναί","ναί","ναί"
66,14,13,"V","3PAI-S","λέγει⸃","λέγει","λέγει","λέγω"
66,14,13,"RA","NSN","τὸ","τὸ","τό","ὁ"
66,14,13,"N","NSN","πνεῦμα,","πνεῦμα","πνεῦμα","πνεῦμα"
66,14,13,"C",NULL,"ἵνα","ἵνα","ἵνα","ἵνα"
66,14,13,"V","3FPI-P","⸀ἀναπαήσονται","ἀναπαήσονται","ἀναπαήσονται","ἀναπαύω"
66,14,13,"P",NULL,"ἐκ","ἐκ","ἐκ","ἐκ"
66,14,13,"RA","GPM","τῶν","τῶν","τῶν","ὁ"
66,14,13,"N","GPM","κόπων","κόπων","κόπων","κόπος"
66,14,13,"RP","GPM","αὐτῶν,","αὐτῶν","αὐτῶν","αὐτός"
66,14,13,"RA","NPN","τὰ","τὰ","τά","ὁ"
66,14,13,"C",NULL,"⸀γὰρ","γὰρ","γάρ","γάρ"
66,14,13,"N","NPN","ἔργα","ἔργα","ἔργα","ἔργον"
66,14,13,"RP","GPM","αὐτῶν","αὐτῶν","αὐτῶν","αὐτός"
66,14,13,"V","3PAI-S","ἀκολουθεῖ","ἀκολουθεῖ","ἀκολουθεῖ","ἀκολουθέω"
66,14,13,"P",NULL,"μετ’","μετ’","μετά","μετά"
66,14,13,"RP","GPM","αὐτῶν.","αὐτῶν","αὐτῶν","αὐτός"
66,14,14,"C",NULL,"Καὶ","Καὶ","καί","καί"
66,14,14,"V","1AAI-S","εἶδον,","εἶδον","εἶδον","ὁράω"
66,14,14,"C",NULL,"καὶ","καὶ","καί","καί"
66,14,14,"X",NULL,"ἰδοὺ","ἰδοὺ","ἰδού","ἰδού"
66,14,14,"N","NSF","νεφέλη","νεφέλη","νεφέλη","νεφέλη"
66,14,14,"A","NSF","λευκή,","λευκή","λευκή","λευκός"
66,14,14,"C",NULL,"καὶ","καὶ","καί","καί"
66,14,14,"P",NULL,"ἐπὶ","ἐπὶ","ἐπί","ἐπί"
66,14,14,"RA","ASF","τὴν","τὴν","τήν","ὁ"
66,14,14,"N","ASF","νεφέλην","νεφέλην","νεφέλην","νεφέλη"
66,14,14,"V","PMPASM","καθήμενον","καθήμενον","καθήμενον","κάθημαι"
66,14,14,"A","ASM","ὅμοιον","ὅμοιον","ὅμοιον","ὅμοιος"
66,14,14,"N","ASM","⸀υἱὸν","υἱὸν","υἱόν","υἱός"
66,14,14,"N","GSM","ἀνθρώπου,","ἀνθρώπου","ἀνθρώπου","ἄνθρωπος"
66,14,14,"V","PAPNSM","ἔχων","ἔχων","ἔχων","ἔχω"
66,14,14,"P",NULL,"ἐπὶ","ἐπὶ","ἐπί","ἐπί"
66,14,14,"RA","GSF","τῆς","τῆς","τῆς","ὁ"
66,14,14,"N","GSF","κεφαλῆς","κεφαλῆς","κεφαλῆς","κεφαλή"
66,14,14,"RP","GSM","αὐτοῦ","αὐτοῦ","αὐτοῦ","αὐτός"
66,14,14,"N","ASM","στέφανον","στέφανον","στέφανον","στέφανος"
66,14,14,"A","ASM","χρυσοῦν","χρυσοῦν","χρυσοῦν","χρυσοῦς"
66,14,14,"C",NULL,"καὶ","καὶ","καί","καί"
66,14,14,"P",NULL,"ἐν","ἐν","ἐν","ἐν"
66,14,14,"RA","DSF","τῇ","τῇ","τῇ","ὁ"
66,14,14,"N","DSF","χειρὶ","χειρὶ","χειρί","χείρ"
66,14,14,"RP","GSM","αὐτοῦ","αὐτοῦ","αὐτοῦ","αὐτός"
66,14,14,"N","ASN","δρέπανον","δρέπανον","δρέπανον","δρέπανον"
66,14,14,"A","ASN","ὀξύ.","ὀξύ","ὀξύ","ὀξύς"
66,14,15,"C",NULL,"καὶ","καὶ","καί","καί"
66,14,15,"A","NSM","ἄλλος","ἄλλος","ἄλλος","ἄλλος"
66,14,15,"N","NSM","ἄγγελος","ἄγγελος","ἄγγελος","ἄγγελος"
66,14,15,"V","3AAI-S","ἐξῆλθεν","ἐξῆλθεν","ἐξῆλθε(ν)","ἐξέρχομαι"
66,14,15,"P",NULL,"ἐκ","ἐκ","ἐκ","ἐκ"
66,14,15,"RA","GSM","τοῦ","τοῦ","τοῦ","ὁ"
66,14,15,"N","GSM","ναοῦ","ναοῦ","ναοῦ","ναός"
66,14,15,"V","PAPNSM","κράζων","κράζων","κράζων","κράζω"
66,14,15,"P",NULL,"ἐν","ἐν","ἐν","ἐν"
66,14,15,"N","DSF","φωνῇ","φωνῇ","φωνῇ","φωνή"
66,14,15,"A","DSF","μεγάλῃ","μεγάλῃ","μεγάλῃ","μέγας"
66,14,15,"RA","DSM","τῷ","τῷ","τῷ","ὁ"
66,14,15,"V","PMPDSM","καθημένῳ","καθημένῳ","καθημένῳ","κάθημαι"
66,14,15,"P",NULL,"ἐπὶ","ἐπὶ","ἐπί","ἐπί"
66,14,15,"RA","GSF","τῆς","τῆς","τῆς","ὁ"
66,14,15,"N","GSF","νεφέλης·","νεφέλης","νεφέλης","νεφέλη"
66,14,15,"V","2AAD-S","Πέμψον","Πέμψον","πέμψον","πέμπω"
66,14,15,"RA","ASN","τὸ","τὸ","τό","ὁ"
66,14,15,"N","ASN","δρέπανόν","δρέπανόν","δρέπανον","δρέπανον"
66,14,15,"RP","GS","σου","σου","σου","σύ"
66,14,15,"C",NULL,"καὶ","καὶ","καί","καί"
66,14,15,"V","2AAD-S","θέρισον,","θέρισον","θέρισον","θερίζω"
66,14,15,"C",NULL,"ὅτι","ὅτι","ὅτι","ὅτι"
66,14,15,"V","3AAI-S","ἦλθεν","ἦλθεν","ἦλθε(ν)","ἔρχομαι"
66,14,15,"RA","NSF","ἡ","ἡ","ἡ","ὁ"
66,14,15,"N","NSF","ὥρα","ὥρα","ὥρα","ὥρα"
66,14,15,"V","AAN","θερίσαι,","θερίσαι","θερίσαι","θερίζω"
66,14,15,"C",NULL,"ὅτι","ὅτι","ὅτι","ὅτι"
66,14,15,"V","3API-S","ἐξηράνθη","ἐξηράνθη","ἐξηράνθη","ξηραίνω"
66,14,15,"RA","NSM","ὁ","ὁ","ὁ","ὁ"
66,14,15,"N","NSM","θερισμὸς","θερισμὸς","θερισμός","θερισμός"
66,14,15,"RA","GSF","τῆς","τῆς","τῆς","ὁ"
66,14,15,"N","GSF","γῆς.","γῆς","γῆς","γῆ"
66,14,16,"C",NULL,"καὶ","καὶ","καί","καί"
66,14,16,"V","3AAI-S","ἔβαλεν","ἔβαλεν","ἔβαλε(ν)","βάλλω"
66,14,16,"RA","NSM","ὁ","ὁ","ὁ","ὁ"
66,14,16,"V","PMPNSM","καθήμενος","καθήμενος","καθήμενος","κάθημαι"
66,14,16,"P",NULL,"ἐπὶ","ἐπὶ","ἐπί","ἐπί"
66,14,16,"RA","GSF","⸂τῆς","τῆς","τῆς","ὁ"
66,14,16,"N","GSF","νεφέλης⸃","νεφέλης","νεφέλης","νεφέλη"
66,14,16,"RA","ASN","τὸ","τὸ","τό","ὁ"
66,14,16,"N","ASN","δρέπανον","δρέπανον","δρέπανον","δρέπανον"
66,14,16,"RP","GSM","αὐτοῦ","αὐτοῦ","αὐτοῦ","αὐτός"
66,14,16,"P",NULL,"ἐπὶ","ἐπὶ","ἐπί","ἐπί"
66,14,16,"RA","ASF","τὴν","τὴν","τήν","ὁ"
66,14,16,"N","ASF","γῆν,","γῆν","γῆν","γῆ"
66,14,16,"C",NULL,"καὶ","καὶ","καί","καί"
66,14,16,"V","3API-S","ἐθερίσθη","ἐθερίσθη","ἐθερίσθη","θερίζω"
66,14,16,"RA","NSF","ἡ","ἡ","ἡ","ὁ"
66,14,16,"N","NSF","γῆ.","γῆ","γῆ","γῆ"
66,14,17,"C",NULL,"Καὶ","Καὶ","καί","καί"
66,14,17,"A","NSM","ἄλλος","ἄλλος","ἄλλος","ἄλλος"
66,14,17,"N","NSM","ἄγγελος","ἄγγελος","ἄγγελος","ἄγγελος"
66,14,17,"V","3AAI-S","ἐξῆλθεν","ἐξῆλθεν","ἐξῆλθε(ν)","ἐξέρχομαι"
66,14,17,"P",NULL,"ἐκ","ἐκ","ἐκ","ἐκ"
66,14,17,"RA","GSM","τοῦ","τοῦ","τοῦ","ὁ"
66,14,17,"N","GSM","ναοῦ","ναοῦ","ναοῦ","ναός"
66,14,17,"RA","GSM","τοῦ","τοῦ","τοῦ","ὁ"
66,14,17,"P",NULL,"ἐν","ἐν","ἐν","ἐν"
66,14,17,"RA","DSM","τῷ","τῷ","τῷ","ὁ"
66,14,17,"N","DSM","οὐρανῷ,","οὐρανῷ","οὐρανῷ","οὐρανός"
66,14,17,"V","PAPNSM","ἔχων","ἔχων","ἔχων","ἔχω"
66,14,17,"D",NULL,"καὶ","καὶ","καί","καί"
66,14,17,"RP","NSM","αὐτὸς","αὐτὸς","αὐτός","αὐτός"
66,14,17,"N","ASN","δρέπανον","δρέπανον","δρέπανον","δρέπανον"
66,14,17,"A","ASN","ὀξύ.","ὀξύ","ὀξύ","ὀξύς"
66,14,18,"C",NULL,"καὶ","καὶ","καί","καί"
66,14,18,"A","NSM","ἄλλος","ἄλλος","ἄλλος","ἄλλος"
66,14,18,"N","NSM","⸀ἄγγελος","ἄγγελος","ἄγγελος","ἄγγελος"
66,14,18,"P",NULL,"ἐκ","ἐκ","ἐκ","ἐκ"
66,14,18,"RA","GSN","τοῦ","τοῦ","τοῦ","ὁ"
66,14,18,"N","GSN","θυσιαστηρίου,","θυσιαστηρίου","θυσιαστηρίου","θυσιαστήριον"
66,14,18,"RA","NSM","⸀ὁ","ὁ","ὁ","ὁ"
66,14,18,"V","PAPNSM","ἔχων","ἔχων","ἔχων","ἔχω"
66,14,18,"N","ASF","ἐξουσίαν","ἐξουσίαν","ἐξουσίαν","ἐξουσία"
66,14,18,"P",NULL,"ἐπὶ","ἐπὶ","ἐπί","ἐπί"
66,14,18,"RA","GSN","τοῦ","τοῦ","τοῦ","ὁ"
66,14,18,"N","GSN","πυρός,","πυρός","πυρός","πῦρ"
66,14,18,"C",NULL,"καὶ","καὶ","καί","καί"
66,14,18,"V","3AAI-S","ἐφώνησεν","ἐφώνησεν","ἐφώνησε(ν)","φωνέω"
66,14,18,"N","DSF","⸀φωνῇ","φωνῇ","φωνῇ","φωνή"
66,14,18,"A","DSF","μεγάλῃ","μεγάλῃ","μεγάλῃ","μέγας"
66,14,18,"RA","DSM","τῷ","τῷ","τῷ","ὁ"
66,14,18,"V","PAPDSM","ἔχοντι","ἔχοντι","ἔχοντι","ἔχω"
66,14,18,"RA","ASN","τὸ","τὸ","τό","ὁ"
66,14,18,"N","ASN","δρέπανον","δρέπανον","δρέπανον","δρέπανον"
66,14,18,"RA","ASN","τὸ","τὸ","τό","ὁ"
66,14,18,"A","ASN","ὀξὺ","ὀξὺ","ὀξύ","ὀξύς"
66,14,18,"V","PAPNSM","λέγων·","λέγων","λέγων","λέγω"
66,14,18,"V","2AAD-S","Πέμψον","Πέμψον","πέμψον","πέμπω"
66,14,18,"RP","GS","σου","σου","σου","σύ"
66,14,18,"RA","ASN","τὸ","τὸ","τό","ὁ"
66,14,18,"N","ASN","δρέπανον","δρέπανον","δρέπανον","δρέπανον"
66,14,18,"RA","ASN","τὸ","τὸ","τό","ὁ"
66,14,18,"A","ASN","ὀξὺ","ὀξὺ","ὀξύ","ὀξύς"
66,14,18,"C",NULL,"καὶ","καὶ","καί","καί"
66,14,18,"V","2AAD-S","τρύγησον","τρύγησον","τρύγησον","τρυγάω"
66,14,18,"RA","APM","τοὺς","τοὺς","τούς","ὁ"
66,14,18,"N","APM","βότρυας","βότρυας","βότρυας","βότρυς"
66,14,18,"RA","GSF","τῆς","τῆς","τῆς","ὁ"
66,14,18,"N","GSF","ἀμπέλου","ἀμπέλου","ἀμπέλου","ἄμπελος"
66,14,18,"RA","GSF","τῆς","τῆς","τῆς","ὁ"
66,14,18,"N","GSF","γῆς,","γῆς","γῆς","γῆ"
66,14,18,"C",NULL,"ὅτι","ὅτι","ὅτι","ὅτι"
66,14,18,"V","3AAI-P","ἤκμασαν","ἤκμασαν","ἤκμασαν","ἀκμάζω"
66,14,18,"RA","NPF","αἱ","αἱ","αἱ","ὁ"
66,14,18,"N","NPF","σταφυλαὶ","σταφυλαὶ","σταφυλαί","σταφυλή"
66,14,18,"RP","GSF","αὐτῆς.","αὐτῆς","αὐτῆς","αὐτός"
66,14,19,"C",NULL,"καὶ","καὶ","καί","καί"
66,14,19,"V","3AAI-S","ἔβαλεν","ἔβαλεν","ἔβαλε(ν)","βάλλω"
66,14,19,"RA","NSM","ὁ","ὁ","ὁ","ὁ"
66,14,19,"N","NSM","ἄγγελος","ἄγγελος","ἄγγελος","ἄγγελος"
66,14,19,"RA","ASN","τὸ","τὸ","τό","ὁ"
66,14,19,"N","ASN","δρέπανον","δρέπανον","δρέπανον","δρέπανον"
66,14,19,"RP","GSM","αὐτοῦ","αὐτοῦ","αὐτοῦ","αὐτός"
66,14,19,"P",NULL,"εἰς","εἰς","εἰς","εἰς"
66,14,19,"RA","ASF","τὴν","τὴν","τήν","ὁ"
66,14,19,"N","ASF","γῆν,","γῆν","γῆν","γῆ"
66,14,19,"C",NULL,"καὶ","καὶ","καί","καί"
66,14,19,"V","3AAI-S","ἐτρύγησεν","ἐτρύγησεν","ἐτρύγησε(ν)","τρυγάω"
66,14,19,"RA","ASF","τὴν","τὴν","τήν","ὁ"
66,14,19,"N","ASF","ἄμπελον","ἄμπελον","ἄμπελον","ἄμπελος"
66,14,19,"RA","GSF","τῆς","τῆς","τῆς","ὁ"
66,14,19,"N","GSF","γῆς,","γῆς","γῆς","γῆ"
66,14,19,"C",NULL,"καὶ","καὶ","καί","καί"
66,14,19,"V","3AAI-S","ἔβαλεν","ἔβαλεν","ἔβαλε(ν)","βάλλω"
66,14,19,"P",NULL,"εἰς","εἰς","εἰς","εἰς"
66,14,19,"RA","ASF","τὴν","τὴν","τήν","ὁ"
66,14,19,"N","ASF","ληνὸν","ληνὸν","ληνόν","ληνός"
66,14,19,"RA","GSM","τοῦ","τοῦ","τοῦ","ὁ"
66,14,19,"N","GSM","θυμοῦ","θυμοῦ","θυμοῦ","θυμός"
66,14,19,"RA","GSM","τοῦ","τοῦ","τοῦ","ὁ"
66,14,19,"N","GSM","θεοῦ","θεοῦ","θεοῦ","θεός"
66,14,19,"RA","ASM","τὸν","τὸν","τόν","ὁ"
66,14,19,"A","ASM","μέγαν.","μέγαν","μέγαν","μέγας"
66,14,20,"C",NULL,"καὶ","καὶ","καί","καί"
66,14,20,"V","3API-S","ἐπατήθη","ἐπατήθη","ἐπατήθη","πατέω"
66,14,20,"RA","NSF","ἡ","ἡ","ἡ","ὁ"
66,14,20,"N","NSF","ληνὸς","ληνὸς","ληνός","ληνός"
66,14,20,"P",NULL,"ἔξωθεν","ἔξωθεν","ἔξωθεν","ἔξωθεν"
66,14,20,"RA","GSF","τῆς","τῆς","τῆς","ὁ"
66,14,20,"N","GSF","πόλεως,","πόλεως","πόλεως","πόλις"
66,14,20,"C",NULL,"καὶ","καὶ","καί","καί"
66,14,20,"V","3AAI-S","ἐξῆλθεν","ἐξῆλθεν","ἐξῆλθε(ν)","ἐξέρχομαι"
66,14,20,"N","NSN","αἷμα","αἷμα","αἷμα","αἷμα"
66,14,20,"P",NULL,"ἐκ","ἐκ","ἐκ","ἐκ"
66,14,20,"RA","GSF","τῆς","τῆς","τῆς","ὁ"
66,14,20,"N","GSF","ληνοῦ","ληνοῦ","ληνοῦ","ληνός"
66,14,20,"P",NULL,"ἄχρι","ἄχρι","ἄχρι","ἄχρι"
66,14,20,"RA","GPM","τῶν","τῶν","τῶν","ὁ"
66,14,20,"N","GPM","χαλινῶν","χαλινῶν","χαλινῶν","χαλινός"
66,14,20,"RA","GPM","τῶν","τῶν","τῶν","ὁ"
66,14,20,"N","GPM","ἵππων","ἵππων","ἵππων","ἵππος"
66,14,20,"P",NULL,"ἀπὸ","ἀπὸ","ἀπό","ἀπό"
66,14,20,"N","GPM","σταδίων","σταδίων","σταδίων","στάδιος"
66,14,20,"A","GPM","χιλίων","χιλίων","χιλίων","χίλιοι"
66,14,20,"A","GPM","ἑξακοσίων.","ἑξακοσίων","ἑξακοσίων","ἑξακόσιοι"
66,15,01,"C",NULL,"Καὶ","Καὶ","καί","καί"
66,15,01,"V","1AAI-S","εἶδον","εἶδον","εἶδον","ὁράω"
66,15,01,"A","ASN","ἄλλο","ἄλλο","ἄλλο","ἄλλος"
66,15,01,"N","ASN","σημεῖον","σημεῖον","σημεῖον","σημεῖον"
66,15,01,"P",NULL,"ἐν","ἐν","ἐν","ἐν"
66,15,01,"RA","DSM","τῷ","τῷ","τῷ","ὁ"
66,15,01,"N","DSM","οὐρανῷ","οὐρανῷ","οὐρανῷ","οὐρανός"
66,15,01,"A","ASN","μέγα","μέγα","μέγα","μέγας"
66,15,01,"C",NULL,"καὶ","καὶ","καί","καί"
66,15,01,"A","ASN","θαυμαστόν,","θαυμαστόν","θαυμαστόν","θαυμαστός"
66,15,01,"N","APM","ἀγγέλους","ἀγγέλους","ἀγγέλους","ἄγγελος"
66,15,01,"A","APM","ἑπτὰ","ἑπτὰ","ἑπτά","ἑπτά"
66,15,01,"V","PAPAPM","ἔχοντας","ἔχοντας","ἔχοντας","ἔχω"
66,15,01,"N","APF","πληγὰς","πληγὰς","πληγάς","πληγή"
66,15,01,"A","APF","ἑπτὰ","ἑπτὰ","ἑπτά","ἑπτά"
66,15,01,"RA","APF","τὰς","τὰς","τάς","ὁ"
66,15,01,"A","APF","ἐσχάτας,","ἐσχάτας","ἐσχάτας","ἔσχατος"
66,15,01,"C",NULL,"ὅτι","ὅτι","ὅτι","ὅτι"
66,15,01,"P",NULL,"ἐν","ἐν","ἐν","ἐν"
66,15,01,"RP","DPF","αὐταῖς","αὐταῖς","αὐταῖς","αὐτός"
66,15,01,"V","3API-S","ἐτελέσθη","ἐτελέσθη","ἐτελέσθη","τελέω"
66,15,01,"RA","NSM","ὁ","ὁ","ὁ","ὁ"
66,15,01,"N","NSM","θυμὸς","θυμὸς","θυμός","θυμός"
66,15,01,"RA","GSM","τοῦ","τοῦ","τοῦ","ὁ"
66,15,01,"N","GSM","θεοῦ.","θεοῦ","θεοῦ","θεός"
66,15,02,"C",NULL,"Καὶ","Καὶ","καί","καί"
66,15,02,"V","1AAI-S","εἶδον","εἶδον","εἶδον","ὁράω"
66,15,02,"C",NULL,"ὡς","ὡς","ὡς","ὡς"
66,15,02,"N","ASF","θάλασσαν","θάλασσαν","θάλασσαν","θάλασσα"
66,15,02,"A","ASF","ὑαλίνην","ὑαλίνην","ὑαλίνην","ὑάλινος"
66,15,02,"V","XPPASF","μεμιγμένην","μεμιγμένην","μεμιγμένην","μίγνυμι"
66,15,02,"N","DSN","πυρί,","πυρί","πυρί","πῦρ"
66,15,02,"C",NULL,"καὶ","καὶ","καί","καί"
66,15,02,"RA","APM","τοὺς","τοὺς","τούς","ὁ"
66,15,02,"V","PAPAPM","νικῶντας","νικῶντας","νικῶντας","νικάω"
66,15,02,"P",NULL,"ἐκ","ἐκ","ἐκ","ἐκ"
66,15,02,"RA","GSN","τοῦ","τοῦ","τοῦ","ὁ"
66,15,02,"N","GSN","θηρίου","θηρίου","θηρίου","θηρίον"
66,15,02,"C",NULL,"καὶ","καὶ","καί","καί"
66,15,02,"P",NULL,"ἐκ","ἐκ","ἐκ","ἐκ"
66,15,02,"RA","GSF","τῆς","τῆς","τῆς","ὁ"
66,15,02,"N","GSF","εἰκόνος","εἰκόνος","εἰκόνος","εἰκών"
66,15,02,"RP","GSN","αὐτοῦ","αὐτοῦ","αὐτοῦ","αὐτός"
66,15,02,"C",NULL,"καὶ","καὶ","καί","καί"
66,15,02,"P",NULL,"ἐκ","ἐκ","ἐκ","ἐκ"
66,15,02,"RA","GSM","τοῦ","τοῦ","τοῦ","ὁ"
66,15,02,"N","GSM","ἀριθμοῦ","ἀριθμοῦ","ἀριθμοῦ","ἀριθμός"
66,15,02,"RA","GSN","τοῦ","τοῦ","τοῦ","ὁ"
66,15,02,"N","GSN","ὀνόματος","ὀνόματος","ὀνόματος","ὄνομα"
66,15,02,"RP","GSN","αὐτοῦ","αὐτοῦ","αὐτοῦ","αὐτός"
66,15,02,"V","XAPAPM","ἑστῶτας","ἑστῶτας","ἑστῶτας","ἵστημι"
66,15,02,"P",NULL,"ἐπὶ","ἐπὶ","ἐπί","ἐπί"
66,15,02,"RA","ASF","τὴν","τὴν","τήν","ὁ"
66,15,02,"N","ASF","θάλασσαν","θάλασσαν","θάλασσαν","θάλασσα"
66,15,02,"RA","ASF","τὴν","τὴν","τήν","ὁ"
66,15,02,"A","ASF","ὑαλίνην,","ὑαλίνην","ὑαλίνην","ὑάλινος"
66,15,02,"V","PAPAPM","ἔχοντας","ἔχοντας","ἔχοντας","ἔχω"
66,15,02,"N","APF","κιθάρας","κιθάρας","κιθάρας","κιθάρα"
66,15,02,"RA","GSM","τοῦ","τοῦ","τοῦ","ὁ"
66,15,02,"N","GSM","θεοῦ.","θεοῦ","θεοῦ","θεός"
66,15,03,"C",NULL,"καὶ","καὶ","καί","καί"
66,15,03,"V","3PAI-P","ᾄδουσιν","ᾄδουσιν","ᾄδουσι(ν)","ᾄδω"
66,15,03,"RA","ASF","τὴν","τὴν","τήν","ὁ"
66,15,03,"N","ASF","ᾠδὴν","ᾠδὴν","ᾠδήν","ᾠδή"
66,15,03,"N","GSM","Μωϋσέως","Μωϋσέως","Μωϋσέως","Μωϋσῆς"
66,15,03,"RA","GSM","τοῦ","τοῦ","τοῦ","ὁ"
66,15,03,"N","GSM","δούλου","δούλου","δούλου","δοῦλος"
66,15,03,"RA","GSM","τοῦ","τοῦ","τοῦ","ὁ"
66,15,03,"N","GSM","θεοῦ","θεοῦ","θεοῦ","θεός"
66,15,03,"C",NULL,"καὶ","καὶ","καί","καί"
66,15,03,"RA","ASF","τὴν","τὴν","τήν","ὁ"
66,15,03,"N","ASF","ᾠδὴν","ᾠδὴν","ᾠδήν","ᾠδή"
66,15,03,"RA","GSN","τοῦ","τοῦ","τοῦ","ὁ"
66,15,03,"N","GSN","ἀρνίου","ἀρνίου","ἀρνίου","ἀρνίον"
66,15,03,"V","PAPNPM","λέγοντες·","λέγοντες","λέγοντες","λέγω"
66,15,03,"A","NPN","Μεγάλα","Μεγάλα","μεγάλα","μέγας"
66,15,03,"C",NULL,"καὶ","καὶ","καί","καί"
66,15,03,"A","NPN","θαυμαστὰ","θαυμαστὰ","θαυμαστά","θαυμαστός"
66,15,03,"RA","NPN","τὰ","τὰ","τά","ὁ"
66,15,03,"N","NPN","ἔργα","ἔργα","ἔργα","ἔργον"
66,15,03,"RP","GS","σου,","σου","σου","σύ"
66,15,03,"N","VSM","κύριε,","κύριε","κύριε","κύριος"
66,15,03,"RA","NSM","ὁ","ὁ","ὁ","ὁ"
66,15,03,"N","NSM","θεός,","θεός","θεός","θεός"
66,15,03,"RA","NSM","ὁ","ὁ","ὁ","ὁ"
66,15,03,"N","NSM","παντοκράτωρ·","παντοκράτωρ","παντοκράτωρ","παντοκράτωρ"
66,15,03,"A","NPF","δίκαιαι","δίκαιαι","δίκαιαι","δίκαιος"
66,15,03,"C",NULL,"καὶ","καὶ","καί","καί"
66,15,03,"A","NPF","ἀληθιναὶ","ἀληθιναὶ","ἀληθιναί","ἀληθινός"
66,15,03,"RA","NPF","αἱ","αἱ","αἱ","ὁ"
66,15,03,"N","NPF","ὁδοί","ὁδοί","ὁδοί","ὁδός"
66,15,03,"RP","GS","σου,","σου","σου","σύ"
66,15,03,"RA","NSM","ὁ","ὁ","ὁ","ὁ"
66,15,03,"N","NSM","βασιλεὺς","βασιλεὺς","βασιλεύς","βασιλεύς"
66,15,03,"RA","GPM","τῶν","τῶν","τῶν","ὁ"
66,15,03,"N","GPM","⸀αἰώνων·","αἰώνων","αἰώνων","αἰών"
66,15,04,"RI","NSM","τίς","τίς","τίς","τίς"
66,15,04,"D",NULL,"οὐ","οὐ","οὐ","οὐ"
66,15,04,"D",NULL,"μὴ","μὴ","μή","μή"
66,15,04,"V","3APS-S","⸀φοβηθῇ,","φοβηθῇ","φοβηθῇ","φοβέομαι"
66,15,04,"N","VSM","κύριε,","κύριε","κύριε","κύριος"
66,15,04,"C",NULL,"καὶ","καὶ","καί","καί"
66,15,04,"V","3FAI-S","⸀δοξάσει","δοξάσει","δοξάσει","δοξάζω"
66,15,04,"RA","ASN","τὸ","τὸ","τό","ὁ"
66,15,04,"N","ASN","ὄνομά","ὄνομά","ὄνομα","ὄνομα"
66,15,04,"RP","GS","σου,","σου","σου","σύ"
66,15,04,"C",NULL,"ὅτι","ὅτι","ὅτι","ὅτι"
66,15,04,"A","NSM","μόνος","μόνος","μόνος","μόνος"
66,15,04,"A","NSM","⸀ὅσιος;","ὅσιος","ὅσιος","ὅσιος"
66,15,04,"C",NULL,"ὅτι","ὅτι","ὅτι","ὅτι"
66,15,04,"A","NPN","πάντα","πάντα","πάντα","πᾶς"
66,15,04,"RA","NPN","τὰ","τὰ","τά","ὁ"
66,15,04,"N","NPN","ἔθνη","ἔθνη","ἔθνη","ἔθνος"
66,15,04,"V","3FAI-P","ἥξουσιν","ἥξουσιν","ἥξουσι(ν)","ἥκω"
66,15,04,"C",NULL,"καὶ","καὶ","καί","καί"
66,15,04,"V","3FAI-P","προσκυνήσουσιν","προσκυνήσουσιν","προσκυνήσουσι(ν)","προσκυνέω"
66,15,04,"P",NULL,"ἐνώπιόν","ἐνώπιόν","ἐνώπιον","ἐνώπιον"
66,15,04,"RP","GS","σου,","σου","σου","σύ"
66,15,04,"C",NULL,"ὅτι","ὅτι","ὅτι","ὅτι"
66,15,04,"RA","NPN","τὰ","τὰ","τά","ὁ"
66,15,04,"N","NPN","δικαιώματά","δικαιώματά","δικαιώματα","δικαίωμα"
66,15,04,"RP","GS","σου","σου","σου","σύ"
66,15,04,"V","3API-P","ἐφανερώθησαν.","ἐφανερώθησαν","ἐφανερώθησαν","φανερόω"
66,15,05,"C",NULL,"Καὶ","Καὶ","καί","καί"
66,15,05,"P",NULL,"μετὰ","μετὰ","μετά","μετά"
66,15,05,"RD","APN","ταῦτα","ταῦτα","ταῦτα","οὗτος"
66,15,05,"V","1AAI-S","εἶδον,","εἶδον","εἶδον","ὁράω"
66,15,05,"C",NULL,"καὶ","καὶ","καί","καί"
66,15,05,"V","3API-S","ἠνοίγη","ἠνοίγη","ἠνοίγη","ἀνοίγω"
66,15,05,"RA","NSM","ὁ","ὁ","ὁ","ὁ"
66,15,05,"N","NSM","ναὸς","ναὸς","ναός","ναός"
66,15,05,"RA","GSF","τῆς","τῆς","τῆς","ὁ"
66,15,05,"N","GSF","σκηνῆς","σκηνῆς","σκηνῆς","σκηνή"
66,15,05,"RA","GSN","τοῦ","τοῦ","τοῦ","ὁ"
66,15,05,"N","GSN","μαρτυρίου","μαρτυρίου","μαρτυρίου","μαρτύριον"
66,15,05,"P",NULL,"ἐν","ἐν","ἐν","ἐν"
66,15,05,"RA","DSM","τῷ","τῷ","τῷ","ὁ"
66,15,05,"N","DSM","οὐρανῷ,","οὐρανῷ","οὐρανῷ","οὐρανός"
66,15,06,"C",NULL,"καὶ","καὶ","καί","καί"
66,15,06,"V","3AAI-P","ἐξῆλθον","ἐξῆλθον","ἐξῆλθον","ἐξέρχομαι"
66,15,06,"RA","NPM","οἱ","οἱ","οἱ","ὁ"
66,15,06,"A","NPM","ἑπτὰ","ἑπτὰ","ἑπτά","ἑπτά"
66,15,06,"N","NPM","ἄγγελοι","ἄγγελοι","ἄγγελοι","ἄγγελος"
66,15,06,"RA","NPM","οἱ","οἱ","οἱ","ὁ"
66,15,06,"V","PAPNPM","ἔχοντες","ἔχοντες","ἔχοντες","ἔχω"
66,15,06,"RA","APF","τὰς","τὰς","τάς","ὁ"
66,15,06,"A","APF","ἑπτὰ","ἑπτὰ","ἑπτά","ἑπτά"
66,15,06,"N","APF","πληγὰς","πληγὰς","πληγάς","πληγή"
66,15,06,"P",NULL,"ἐκ","ἐκ","ἐκ","ἐκ"
66,15,06,"RA","GSM","τοῦ","τοῦ","τοῦ","ὁ"
66,15,06,"N","GSM","ναοῦ,","ναοῦ","ναοῦ","ναός"
66,15,06,"V","XMPNPM","⸀ἐνδεδυμένοι","ἐνδεδυμένοι","ἐνδεδυμένοι","ἐνδύω"
66,15,06,"N","ASN","⸀λίνον","λίνον","λίνον","λίνον"
66,15,06,"A","ASN","καθαρὸν","καθαρὸν","καθαρόν","καθαρός"
66,15,06,"A","ASN","λαμπρὸν","λαμπρὸν","λαμπρόν","λαμπρός"
66,15,06,"C",NULL,"καὶ","καὶ","καί","καί"
66,15,06,"V","XMPNPM","περιεζωσμένοι","περιεζωσμένοι","περιεζωσμένοι","περιζώννυμι"
66,15,06,"P",NULL,"περὶ","περὶ","περί","περί"
66,15,06,"RA","APN","τὰ","τὰ","τά","ὁ"
66,15,06,"N","APN","στήθη","στήθη","στήθη","στῆθος"
66,15,06,"N","APF","ζώνας","ζώνας","ζώνας","ζώνη"
66,15,06,"A","APF","χρυσᾶς.","χρυσᾶς","χρυσᾶς","χρυσοῦς"
66,15,07,"C",NULL,"καὶ","καὶ","καί","καί"
66,15,07,"A","NSN","ἓν","ἓν","ἕν","εἷς"
66,15,07,"P",NULL,"ἐκ","ἐκ","ἐκ","ἐκ"
66,15,07,"RA","GPN","τῶν","τῶν","τῶν","ὁ"
66,15,07,"A","GPN","τεσσάρων","τεσσάρων","τεσσάρων","τέσσαρες"
66,15,07,"N","GPN","ζῴων","ζῴων","ζῴων","ζῷον"
66,15,07,"V","3AAI-S","ἔδωκεν","ἔδωκεν","ἔδωκε(ν)","δίδωμι"
66,15,07,"RA","DPM","τοῖς","τοῖς","τοῖς","ὁ"
66,15,07,"A","DPM","ἑπτὰ","ἑπτὰ","ἑπτά","ἑπτά"
66,15,07,"N","DPM","ἀγγέλοις","ἀγγέλοις","ἀγγέλοις","ἄγγελος"
66,15,07,"A","APF","ἑπτὰ","ἑπτὰ","ἑπτά","ἑπτά"
66,15,07,"N","APF","φιάλας","φιάλας","φιάλας","φιάλη"
66,15,07,"A","APF","χρυσᾶς","χρυσᾶς","χρυσᾶς","χρυσοῦς"
66,15,07,"V","PAPAPF","γεμούσας","γεμούσας","γεμούσας","γέμω"
66,15,07,"RA","GSM","τοῦ","τοῦ","τοῦ","ὁ"
66,15,07,"N","GSM","θυμοῦ","θυμοῦ","θυμοῦ","θυμός"
66,15,07,"RA","GSM","τοῦ","τοῦ","τοῦ","ὁ"
66,15,07,"N","GSM","θεοῦ","θεοῦ","θεοῦ","θεός"
66,15,07,"RA","GSM","τοῦ","τοῦ","τοῦ","ὁ"
66,15,07,"V","PAPGSM","ζῶντος","ζῶντος","ζῶντος","ζάω"
66,15,07,"P",NULL,"εἰς","εἰς","εἰς","εἰς"
66,15,07,"RA","APM","τοὺς","τοὺς","τούς","ὁ"
66,15,07,"N","APM","αἰῶνας","αἰῶνας","αἰῶνας","αἰών"
66,15,07,"RA","GPM","τῶν","τῶν","τῶν","ὁ"
66,15,07,"N","GPM","αἰώνων.","αἰώνων","αἰώνων","αἰών"
66,15,08,"C",NULL,"καὶ","καὶ","καί","καί"
66,15,08,"V","3API-S","ἐγεμίσθη","ἐγεμίσθη","ἐγεμίσθη","γεμίζω"
66,15,08,"RA","NSM","ὁ","ὁ","ὁ","ὁ"
66,15,08,"N","NSM","ναὸς","ναὸς","ναός","ναός"
66,15,08,"N","GSM","καπνοῦ","καπνοῦ","καπνοῦ","καπνός"
66,15,08,"P",NULL,"ἐκ","ἐκ","ἐκ","ἐκ"
66,15,08,"RA","GSF","τῆς","τῆς","τῆς","ὁ"
66,15,08,"N","GSF","δόξης","δόξης","δόξης","δόξα"
66,15,08,"RA","GSM","τοῦ","τοῦ","τοῦ","ὁ"
66,15,08,"N","GSM","θεοῦ","θεοῦ","θεοῦ","θεός"
66,15,08,"C",NULL,"καὶ","καὶ","καί","καί"
66,15,08,"P",NULL,"ἐκ","ἐκ","ἐκ","ἐκ"
66,15,08,"RA","GSF","τῆς","τῆς","τῆς","ὁ"
66,15,08,"N","GSF","δυνάμεως","δυνάμεως","δυνάμεως","δύναμις"
66,15,08,"RP","GSM","αὐτοῦ,","αὐτοῦ","αὐτοῦ","αὐτός"
66,15,08,"C",NULL,"καὶ","καὶ","καί","καί"
66,15,08,"A","NSM","οὐδεὶς","οὐδεὶς","οὐδείς","οὐδείς"
66,15,08,"V","3IMI-S","ἐδύνατο","ἐδύνατο","ἐδύνατο","δύναμαι"
66,15,08,"V","AAN","εἰσελθεῖν","εἰσελθεῖν","εἰσελθεῖν","εἰσέρχομαι"
66,15,08,"P",NULL,"εἰς","εἰς","εἰς","εἰς"
66,15,08,"RA","ASM","τὸν","τὸν","τόν","ὁ"
66,15,08,"N","ASM","ναὸν","ναὸν","ναόν","ναός"
66,15,08,"C",NULL,"ἄχρι","ἄχρι","ἄχρι","ἄχρι"
66,15,08,"V","3APS-P","τελεσθῶσιν","τελεσθῶσιν","τελεσθῶσι(ν)","τελέω"
66,15,08,"RA","NPF","αἱ","αἱ","αἱ","ὁ"
66,15,08,"A","NPF","ἑπτὰ","ἑπτὰ","ἑπτά","ἑπτά"
66,15,08,"N","NPF","πληγαὶ","πληγαὶ","πληγαί","πληγή"
66,15,08,"RA","GPM","τῶν","τῶν","τῶν","ὁ"
66,15,08,"A","GPM","ἑπτὰ","ἑπτὰ","ἑπτά","ἑπτά"
66,15,08,"N","GPM","ἀγγέλων.","ἀγγέλων","ἀγγέλων","ἄγγελος"
66,16,01,"C",NULL,"Καὶ","Καὶ","καί","καί"
66,16,01,"V","1AAI-S","ἤκουσα","ἤκουσα","ἤκουσα","ἀκούω"
66,16,01,"A","GSF","⸂μεγάλης","μεγάλης","μεγάλης","μέγας"
66,16,01,"N","GSF","φωνῆς⸃","φωνῆς","φωνῆς","φωνή"
66,16,01,"P",NULL,"ἐκ","ἐκ","ἐκ","ἐκ"
66,16,01,"RA","GSM","τοῦ","τοῦ","τοῦ","ὁ"
66,16,01,"N","GSM","ναοῦ","ναοῦ","ναοῦ","ναός"
66,16,01,"V","PAPGSF","λεγούσης","λεγούσης","λεγούσης","λέγω"
66,16,01,"RA","DPM","τοῖς","τοῖς","τοῖς","ὁ"
66,16,01,"A","DPM","ἑπτὰ","ἑπτὰ","ἑπτά","ἑπτά"
66,16,01,"N","DPM","ἀγγέλοις·","ἀγγέλοις","ἀγγέλοις","ἄγγελος"
66,16,01,"V","2PAD-P","Ὑπάγετε","Ὑπάγετε","ὑπάγετε","ὑπάγω"
66,16,01,"C",NULL,"καὶ","καὶ","καί","καί"
66,16,01,"V","2PAD-P","⸀ἐκχέετε","ἐκχέετε","ἐκχέετε","ἐκχέω"
66,16,01,"RA","APF","τὰς","τὰς","τάς","ὁ"
66,16,01,"A","APF","ἑπτὰ","ἑπτὰ","ἑπτά","ἑπτά"
66,16,01,"N","APF","φιάλας","φιάλας","φιάλας","φιάλη"
66,16,01,"RA","GSM","τοῦ","τοῦ","τοῦ","ὁ"
66,16,01,"N","GSM","θυμοῦ","θυμοῦ","θυμοῦ","θυμός"
66,16,01,"RA","GSM","τοῦ","τοῦ","τοῦ","ὁ"
66,16,01,"N","GSM","θεοῦ","θεοῦ","θεοῦ","θεός"
66,16,01,"P",NULL,"εἰς","εἰς","εἰς","εἰς"
66,16,01,"RA","ASF","τὴν","τὴν","τήν","ὁ"
66,16,01,"N","ASF","γῆν.","γῆν","γῆν","γῆ"
66,16,02,"C",NULL,"Καὶ","Καὶ","καί","καί"
66,16,02,"V","3AAI-S","ἀπῆλθεν","ἀπῆλθεν","ἀπῆλθε(ν)","ἀπέρχομαι"
66,16,02,"RA","NSM","ὁ","ὁ","ὁ","ὁ"
66,16,02,"A","NSM","πρῶτος","πρῶτος","πρῶτος","πρῶτος"
66,16,02,"C",NULL,"καὶ","καὶ","καί","καί"
66,16,02,"V","3AAI-S","ἐξέχεεν","ἐξέχεεν","ἐξέχεε(ν)","ἐκχέω"
66,16,02,"RA","ASF","τὴν","τὴν","τήν","ὁ"
66,16,02,"N","ASF","φιάλην","φιάλην","φιάλην","φιάλη"
66,16,02,"RP","GSM","αὐτοῦ","αὐτοῦ","αὐτοῦ","αὐτός"
66,16,02,"P",NULL,"εἰς","εἰς","εἰς","εἰς"
66,16,02,"RA","ASF","τὴν","τὴν","τήν","ὁ"
66,16,02,"N","ASF","γῆν·","γῆν","γῆν","γῆ"
66,16,02,"C",NULL,"καὶ","καὶ","καί","καί"
66,16,02,"V","3AMI-S","ἐγένετο","ἐγένετο","ἐγένετο","γίνομαι"
66,16,02,"N","NSN","ἕλκος","ἕλκος","ἕλκος","ἕλκος"
66,16,02,"A","NSN","κακὸν","κακὸν","κακόν","κακός"
66,16,02,"C",NULL,"καὶ","καὶ","καί","καί"
66,16,02,"A","NSN","πονηρὸν","πονηρὸν","πονηρόν","πονηρός"
66,16,02,"P",NULL,"ἐπὶ","ἐπὶ","ἐπί","ἐπί"
66,16,02,"RA","APM","τοὺς","τοὺς","τούς","ὁ"
66,16,02,"N","APM","ἀνθρώπους","ἀνθρώπους","ἀνθρώπους","ἄνθρωπος"
66,16,02,"RA","APM","τοὺς","τοὺς","τούς","ὁ"
66,16,02,"V","PAPAPM","ἔχοντας","ἔχοντας","ἔχοντας","ἔχω"
66,16,02,"RA","ASN","τὸ","τὸ","τό","ὁ"
66,16,02,"N","ASN","χάραγμα","χάραγμα","χάραγμα","χάραγμα"
66,16,02,"RA","GSN","τοῦ","τοῦ","τοῦ","ὁ"
66,16,02,"N","GSN","θηρίου","θηρίου","θηρίου","θηρίον"
66,16,02,"C",NULL,"καὶ","καὶ","καί","καί"
66,16,02,"RA","APM","τοὺς","τοὺς","τούς","ὁ"
66,16,02,"V","PAPAPM","προσκυνοῦντας","προσκυνοῦντας","προσκυνοῦντας","προσκυνέω"
66,16,02,"RA","DSF","τῇ","τῇ","τῇ","ὁ"
66,16,02,"N","DSF","εἰκόνι","εἰκόνι","εἰκόνι","εἰκών"
66,16,02,"RP","GSN","αὐτοῦ.","αὐτοῦ","αὐτοῦ","αὐτός"
66,16,03,"C",NULL,"Καὶ","Καὶ","καί","καί"
66,16,03,"RA","NSM","ὁ","ὁ","ὁ","ὁ"
66,16,03,"A","NSM","⸀δεύτερος","δεύτερος","δεύτερος","δεύτερος"
66,16,03,"V","3AAI-S","ἐξέχεεν","ἐξέχεεν","ἐξέχεε(ν)","ἐκχέω"
66,16,03,"RA","ASF","τὴν","τὴν","τήν","ὁ"
66,16,03,"N","ASF","φιάλην","φιάλην","φιάλην","φιάλη"
66,16,03,"RP","GSM","αὐτοῦ","αὐτοῦ","αὐτοῦ","αὐτός"
66,16,03,"P",NULL,"εἰς","εἰς","εἰς","εἰς"
66,16,03,"RA","ASF","τὴν","τὴν","τήν","ὁ"
66,16,03,"N","ASF","θάλασσαν·","θάλασσαν","θάλασσαν","θάλασσα"
66,16,03,"C",NULL,"καὶ","καὶ","καί","καί"
66,16,03,"V","3AMI-S","ἐγένετο","ἐγένετο","ἐγένετο","γίνομαι"
66,16,03,"N","NSN","αἷμα","αἷμα","αἷμα","αἷμα"
66,16,03,"C",NULL,"ὡς","ὡς","ὡς","ὡς"
66,16,03,"A","GSM","νεκροῦ,","νεκροῦ","νεκροῦ","νεκρός"
66,16,03,"C",NULL,"καὶ","καὶ","καί","καί"
66,16,03,"A","NSF","πᾶσα","πᾶσα","πᾶσα","πᾶς"
66,16,03,"N","NSF","ψυχὴ","ψυχὴ","ψυχή","ψυχή"
66,16,03,"N","GSF","⸀ζωῆς","ζωῆς","ζωῆς","ζωή"
66,16,03,"V","3AAI-S","ἀπέθανεν","ἀπέθανεν","ἀπέθανε(ν)","ἀποθνῄσκω"
66,16,03,"RA","NPN","⸀τὰ","τὰ","τά","ὁ"
66,16,03,"P",NULL,"ἐν","ἐν","ἐν","ἐν"
66,16,03,"RA","DSF","τῇ","τῇ","τῇ","ὁ"
66,16,03,"N","DSF","θαλάσσῃ.","θαλάσσῃ","θαλάσσῃ","θάλασσα"
66,16,04,"C",NULL,"Καὶ","Καὶ","καί","καί"
66,16,04,"RA","NSM","ὁ","ὁ","ὁ","ὁ"
66,16,04,"A","NSM","τρίτος","τρίτος","τρίτος","τρίτος"
66,16,04,"V","3AAI-S","ἐξέχεεν","ἐξέχεεν","ἐξέχεε(ν)","ἐκχέω"
66,16,04,"RA","ASF","τὴν","τὴν","τήν","ὁ"
66,16,04,"N","ASF","φιάλην","φιάλην","φιάλην","φιάλη"
66,16,04,"RP","GSM","αὐτοῦ","αὐτοῦ","αὐτοῦ","αὐτός"
66,16,04,"P",NULL,"εἰς","εἰς","εἰς","εἰς"
66,16,04,"RA","APM","τοὺς","τοὺς","τούς","ὁ"
66,16,04,"N","APM","ποταμοὺς","ποταμοὺς","ποταμούς","ποταμός"
66,16,04,"C",NULL,"⸀καὶ","καὶ","καί","καί"
66,16,04,"RA","APF","τὰς","τὰς","τάς","ὁ"
66,16,04,"N","APF","πηγὰς","πηγὰς","πηγάς","πηγή"
66,16,04,"RA","GPN","τῶν","τῶν","τῶν","ὁ"
66,16,04,"N","GPN","ὑδάτων·","ὑδάτων","ὑδάτων","ὕδωρ"
66,16,04,"C",NULL,"καὶ","καὶ","καί","καί"
66,16,04,"V","3AMI-S","ἐγένετο","ἐγένετο","ἐγένετο","γίνομαι"
66,16,04,"N","NSN","αἷμα.","αἷμα","αἷμα","αἷμα"
66,16,05,"C",NULL,"καὶ","καὶ","καί","καί"
66,16,05,"V","1AAI-S","ἤκουσα","ἤκουσα","ἤκουσα","ἀκούω"
66,16,05,"RA","GSM","τοῦ","τοῦ","τοῦ","ὁ"
66,16,05,"N","GSM","ἀγγέλου","ἀγγέλου","ἀγγέλου","ἄγγελος"
66,16,05,"RA","GPN","τῶν","τῶν","τῶν","ὁ"
66,16,05,"N","GPN","ὑδάτων","ὑδάτων","ὑδάτων","ὕδωρ"
66,16,05,"V","PAPGSM","λέγοντος·","λέγοντος","λέγοντος","λέγω"
66,16,05,"A","NSM","Δίκαιος","Δίκαιος","δίκαιος","δίκαιος"
66,16,05,"V","2PAI-S","εἶ,","εἶ","εἶ","εἰμί"
66,16,05,"RA","NSM","ὁ","ὁ","ὁ","ὁ"
66,16,05,"V","PAPNSM","ὢν","ὢν","ὤν","εἰμί"
66,16,05,"C",NULL,"καὶ","καὶ","καί","καί"
66,16,05,"RA","NSM","ὁ","ὁ","ὁ","ὁ"
66,16,05,"V","3IAI-S","ἦν,","ἦν","ἦν","εἰμί"
66,16,05,"RA","NSM","⸀ὁ","ὁ","ὁ","ὁ"
66,16,05,"A","NSM","ὅσιος,","ὅσιος","ὅσιος","ὅσιος"
66,16,05,"C",NULL,"ὅτι","ὅτι","ὅτι","ὅτι"
66,16,05,"RD","APN","ταῦτα","ταῦτα","ταῦτα","οὗτος"
66,16,05,"V","2AAI-S","ἔκρινας,","ἔκρινας","ἔκρινας","κρίνω"
66,16,06,"C",NULL,"ὅτι","ὅτι","ὅτι","ὅτι"
66,16,06,"N","ASN","αἷμα","αἷμα","αἷμα","αἷμα"
66,16,06,"A","GPM","ἁγίων","ἁγίων","ἁγίων","ἅγιος"
66,16,06,"C",NULL,"καὶ","καὶ","καί","καί"
66,16,06,"N","GPM","προφητῶν","προφητῶν","προφητῶν","προφήτης"
66,16,06,"V","3AAI-P","ἐξέχεαν,","ἐξέχεαν","ἐξέχεαν","ἐκχέω"
66,16,06,"C",NULL,"καὶ","καὶ","καί","καί"
66,16,06,"N","ASN","αἷμα","αἷμα","αἷμα","αἷμα"
66,16,06,"RP","DPM","αὐτοῖς","αὐτοῖς","αὐτοῖς","αὐτός"
66,16,06,"V","2XAI-S","⸀δέδωκας","δέδωκας","δέδωκας","δίδωμι"
66,16,06,"V","AAN","πιεῖν·","πιεῖν","πιεῖν","πίνω"
66,16,06,"A","NPM","ἄξιοί","ἄξιοί","ἄξιοι","ἄξιος"
66,16,06,"V","3PAI-P","εἰσιν.","εἰσιν","εἰσί(ν)","εἰμί"
66,16,07,"C",NULL,"καὶ","καὶ","καί","καί"
66,16,07,"V","1AAI-S","ἤκουσα","ἤκουσα","ἤκουσα","ἀκούω"
66,16,07,"RA","GSN","τοῦ","τοῦ","τοῦ","ὁ"
66,16,07,"N","GSN","θυσιαστηρίου","θυσιαστηρίου","θυσιαστηρίου","θυσιαστήριον"
66,16,07,"V","PAPGSN","λέγοντος·","λέγοντος","λέγοντος","λέγω"
66,16,07,"X",NULL,"Ναί,","Ναί","ναί","ναί"
66,16,07,"N","VSM","κύριε,","κύριε","κύριε","κύριος"
66,16,07,"RA","NSM","ὁ","ὁ","ὁ","ὁ"
66,16,07,"N","NSM","θεός,","θεός","θεός","θεός"
66,16,07,"RA","NSM","ὁ","ὁ","ὁ","ὁ"
66,16,07,"N","NSM","παντοκράτωρ,","παντοκράτωρ","παντοκράτωρ","παντοκράτωρ"
66,16,07,"A","NPF","ἀληθιναὶ","ἀληθιναὶ","ἀληθιναί","ἀληθινός"
66,16,07,"C",NULL,"καὶ","καὶ","καί","καί"
66,16,07,"A","NPF","δίκαιαι","δίκαιαι","δίκαιαι","δίκαιος"
66,16,07,"RA","NPF","αἱ","αἱ","αἱ","ὁ"
66,16,07,"N","NPF","κρίσεις","κρίσεις","κρίσεις","κρίσις"
66,16,07,"RP","GS","σου.","σου","σου","σύ"
66,16,08,"C",NULL,"Καὶ","Καὶ","καί","καί"
66,16,08,"RA","NSM","ὁ","ὁ","ὁ","ὁ"
66,16,08,"A","NSM","⸀τέταρτος","τέταρτος","τέταρτος","τέταρτος"
66,16,08,"V","3AAI-S","ἐξέχεεν","ἐξέχεεν","ἐξέχεε(ν)","ἐκχέω"
66,16,08,"RA","ASF","τὴν","τὴν","τήν","ὁ"
66,16,08,"N","ASF","φιάλην","φιάλην","φιάλην","φιάλη"
66,16,08,"RP","GSM","αὐτοῦ","αὐτοῦ","αὐτοῦ","αὐτός"
66,16,08,"P",NULL,"ἐπὶ","ἐπὶ","ἐπί","ἐπί"
66,16,08,"RA","ASM","τὸν","τὸν","τόν","ὁ"
66,16,08,"N","ASM","ἥλιον·","ἥλιον","ἥλιον","ἥλιος"
66,16,08,"C",NULL,"καὶ","καὶ","καί","καί"
66,16,08,"V","3API-S","ἐδόθη","ἐδόθη","ἐδόθη","δίδωμι"
66,16,08,"RP","DSM","αὐτῷ","αὐτῷ","αὐτῷ","αὐτός"
66,16,08,"V","AAN","καυματίσαι","καυματίσαι","καυματίσαι","καυματίζω"
66,16,08,"RA","APM","⸂τοὺς","τοὺς","τούς","ὁ"
66,16,08,"N","APM","ἀνθρώπους","ἀνθρώπους","ἀνθρώπους","ἄνθρωπος"
66,16,08,"P",NULL,"ἐν","ἐν","ἐν","ἐν"
66,16,08,"N","DSN","πυρί⸃.","πυρί","πυρί","πῦρ"
66,16,09,"C",NULL,"καὶ","καὶ","καί","καί"
66,16,09,"V","3API-P","ἐκαυματίσθησαν","ἐκαυματίσθησαν","ἐκαυματίσθησαν","καυματίζω"
66,16,09,"RA","NPM","οἱ","οἱ","οἱ","ὁ"
66,16,09,"N","NPM","ἄνθρωποι","ἄνθρωποι","ἄνθρωποι","ἄνθρωπος"
66,16,09,"N","ASN","καῦμα","καῦμα","καῦμα","καῦμα"
66,16,09,"A","ASN","μέγα·","μέγα","μέγα","μέγας"
66,16,09,"C",NULL,"καὶ","καὶ","καί","καί"
66,16,09,"V","3AAI-P","⸀ἐβλασφήμησαν","ἐβλασφήμησαν","ἐβλασφήμησαν","βλασφημέω"
66,16,09,"RA","ASN","τὸ","τὸ","τό","ὁ"
66,16,09,"N","ASN","ὄνομα","ὄνομα","ὄνομα","ὄνομα"
66,16,09,"RA","GSM","τοῦ","τοῦ","τοῦ","ὁ"
66,16,09,"N","GSM","θεοῦ","θεοῦ","θεοῦ","θεός"
66,16,09,"RA","GSM","τοῦ","τοῦ","τοῦ","ὁ"
66,16,09,"V","PAPGSM","ἔχοντος","ἔχοντος","ἔχοντος","ἔχω"
66,16,09,"RA","ASF","⸀τὴν","τὴν","τήν","ὁ"
66,16,09,"N","ASF","ἐξουσίαν","ἐξουσίαν","ἐξουσίαν","ἐξουσία"
66,16,09,"P",NULL,"ἐπὶ","ἐπὶ","ἐπί","ἐπί"
66,16,09,"RA","APF","τὰς","τὰς","τάς","ὁ"
66,16,09,"N","APF","πληγὰς","πληγὰς","πληγάς","πληγή"
66,16,09,"RD","APF","ταύτας,","ταύτας","ταύτας","οὗτος"
66,16,09,"C",NULL,"καὶ","καὶ","καί","καί"
66,16,09,"D",NULL,"οὐ","οὐ","οὐ","οὐ"
66,16,09,"V","3AAI-P","μετενόησαν","μετενόησαν","μετενόησαν","μετανοέω"
66,16,09,"V","AAN","δοῦναι","δοῦναι","δοῦναι","δίδωμι"
66,16,09,"RP","DSM","αὐτῷ","αὐτῷ","αὐτῷ","αὐτός"
66,16,09,"N","ASF","δόξαν.","δόξαν","δόξαν","δόξα"
66,16,10,"C",NULL,"Καὶ","Καὶ","καί","καί"
66,16,10,"RA","NSM","ὁ","ὁ","ὁ","ὁ"
66,16,10,"A","NSM","πέμπτος","πέμπτος","πέμπτος","πέμπτος"
66,16,10,"V","3AAI-S","ἐξέχεεν","ἐξέχεεν","ἐξέχεε(ν)","ἐκχέω"
66,16,10,"RA","ASF","τὴν","τὴν","τήν","ὁ"
66,16,10,"N","ASF","φιάλην","φιάλην","φιάλην","φιάλη"
66,16,10,"RP","GSM","αὐτοῦ","αὐτοῦ","αὐτοῦ","αὐτός"
66,16,10,"P",NULL,"ἐπὶ","ἐπὶ","ἐπί","ἐπί"
66,16,10,"RA","ASM","τὸν","τὸν","τόν","ὁ"
66,16,10,"N","ASM","θρόνον","θρόνον","θρόνον","θρόνος"
66,16,10,"RA","GSN","τοῦ","τοῦ","τοῦ","ὁ"
66,16,10,"N","GSN","θηρίου·","θηρίου","θηρίου","θηρίον"
66,16,10,"C",NULL,"καὶ","καὶ","καί","καί"
66,16,10,"V","3AMI-S","ἐγένετο","ἐγένετο","ἐγένετο","γίνομαι"
66,16,10,"RA","NSF","ἡ","ἡ","ἡ","ὁ"
66,16,10,"N","NSF","βασιλεία","βασιλεία","βασιλεία","βασιλεία"
66,16,10,"RP","GSN","αὐτοῦ","αὐτοῦ","αὐτοῦ","αὐτός"
66,16,10,"V","XPPNSF","ἐσκοτωμένη,","ἐσκοτωμένη","ἐσκοτωμένη","σκοτόομαι"
66,16,10,"C",NULL,"καὶ","καὶ","καί","καί"
66,16,10,"V","3IMI-P","ἐμασῶντο","ἐμασῶντο","ἐμασῶντο","μασάομαι"
66,16,10,"RA","APF","τὰς","τὰς","τάς","ὁ"
66,16,10,"N","APF","γλώσσας","γλώσσας","γλώσσας","γλῶσσα"
66,16,10,"RP","GPM","αὐτῶν","αὐτῶν","αὐτῶν","αὐτός"
66,16,10,"P",NULL,"ἐκ","ἐκ","ἐκ","ἐκ"
66,16,10,"RA","GSM","τοῦ","τοῦ","τοῦ","ὁ"
66,16,10,"N","GSM","πόνου,","πόνου","πόνου","πόνος"
66,16,11,"C",NULL,"καὶ","καὶ","καί","καί"
66,16,11,"V","3AAI-P","ἐβλασφήμησαν","ἐβλασφήμησαν","ἐβλασφήμησαν","βλασφημέω"
66,16,11,"RA","ASM","τὸν","τὸν","τόν","ὁ"
66,16,11,"N","ASM","θεὸν","θεὸν","θεόν","θεός"
66,16,11,"RA","GSM","τοῦ","τοῦ","τοῦ","ὁ"
66,16,11,"N","GSM","οὐρανοῦ","οὐρανοῦ","οὐρανοῦ","οὐρανός"
66,16,11,"P",NULL,"ἐκ","ἐκ","ἐκ","ἐκ"
66,16,11,"RA","GPM","τῶν","τῶν","τῶν","ὁ"
66,16,11,"N","GPM","πόνων","πόνων","πόνων","πόνος"
66,16,11,"RP","GPM","αὐτῶν","αὐτῶν","αὐτῶν","αὐτός"
66,16,11,"C",NULL,"καὶ","καὶ","καί","καί"
66,16,11,"P",NULL,"ἐκ","ἐκ","ἐκ","ἐκ"
66,16,11,"RA","GPN","τῶν","τῶν","τῶν","ὁ"
66,16,11,"N","GPN","ἑλκῶν","ἑλκῶν","ἑλκῶν","ἕλκος"
66,16,11,"RP","GPM","αὐτῶν,","αὐτῶν","αὐτῶν","αὐτός"
66,16,11,"C",NULL,"καὶ","καὶ","καί","καί"
66,16,11,"D",NULL,"οὐ","οὐ","οὐ","οὐ"
66,16,11,"V","3AAI-P","μετενόησαν","μετενόησαν","μετενόησαν","μετανοέω"
66,16,11,"P",NULL,"ἐκ","ἐκ","ἐκ","ἐκ"
66,16,11,"RA","GPN","τῶν","τῶν","τῶν","ὁ"
66,16,11,"N","GPN","ἔργων","ἔργων","ἔργων","ἔργον"
66,16,11,"RP","GPM","αὐτῶν.","αὐτῶν","αὐτῶν","αὐτός"
66,16,12,"C",NULL,"Καὶ","Καὶ","καί","καί"
66,16,12,"RA","NSM","ὁ","ὁ","ὁ","ὁ"
66,16,12,"A","NSM","ἕκτος","ἕκτος","ἕκτος","ἕκτος"
66,16,12,"V","3AAI-S","ἐξέχεεν","ἐξέχεεν","ἐξέχεε(ν)","ἐκχέω"
66,16,12,"RA","ASF","τὴν","τὴν","τήν","ὁ"
66,16,12,"N","ASF","φιάλην","φιάλην","φιάλην","φιάλη"
66,16,12,"RP","GSM","αὐτοῦ","αὐτοῦ","αὐτοῦ","αὐτός"
66,16,12,"P",NULL,"ἐπὶ","ἐπὶ","ἐπί","ἐπί"
66,16,12,"RA","ASM","τὸν","τὸν","τόν","ὁ"
66,16,12,"N","ASM","ποταμὸν","ποταμὸν","ποταμόν","ποταμός"
66,16,12,"RA","ASM","τὸν","τὸν","τόν","ὁ"
66,16,12,"A","ASM","μέγαν","μέγαν","μέγαν","μέγας"
66,16,12,"RA","ASM","⸀τὸν","τὸν","τόν","ὁ"
66,16,12,"N","ASM","Εὐφράτην·","Εὐφράτην","Εὐφράτην","Εὐφράτης"
66,16,12,"C",NULL,"καὶ","καὶ","καί","καί"
66,16,12,"V","3API-S","ἐξηράνθη","ἐξηράνθη","ἐξηράνθη","ξηραίνω"
66,16,12,"RA","NSN","τὸ","τὸ","τό","ὁ"
66,16,12,"N","NSN","ὕδωρ","ὕδωρ","ὕδωρ","ὕδωρ"
66,16,12,"RP","GSM","αὐτοῦ,","αὐτοῦ","αὐτοῦ","αὐτός"
66,16,12,"C",NULL,"ἵνα","ἵνα","ἵνα","ἵνα"
66,16,12,"V","3APS-S","ἑτοιμασθῇ","ἑτοιμασθῇ","ἑτοιμασθῇ","ἑτοιμάζω"
66,16,12,"RA","NSF","ἡ","ἡ","ἡ","ὁ"
66,16,12,"N","NSF","ὁδὸς","ὁδὸς","ὁδός","ὁδός"
66,16,12,"RA","GPM","τῶν","τῶν","τῶν","ὁ"
66,16,12,"N","GPM","βασιλέων","βασιλέων","βασιλέων","βασιλεύς"
66,16,12,"RA","GPM","τῶν","τῶν","τῶν","ὁ"
66,16,12,"P",NULL,"ἀπὸ","ἀπὸ","ἀπό","ἀπό"
66,16,12,"N","GSF","ἀνατολῆς","ἀνατολῆς","ἀνατολῆς","ἀνατολή"
66,16,12,"N","GSM","ἡλίου.","ἡλίου","ἡλίου","ἥλιος"
66,16,13,"C",NULL,"καὶ","καὶ","καί","καί"
66,16,13,"V","1AAI-S","εἶδον","εἶδον","εἶδον","ὁράω"
66,16,13,"P",NULL,"ἐκ","ἐκ","ἐκ","ἐκ"
66,16,13,"RA","GSN","τοῦ","τοῦ","τοῦ","ὁ"
66,16,13,"N","GSN","στόματος","στόματος","στόματος","στόμα"
66,16,13,"RA","GSM","τοῦ","τοῦ","τοῦ","ὁ"
66,16,13,"N","GSM","δράκοντος","δράκοντος","δράκοντος","δράκων"
66,16,13,"C",NULL,"καὶ","καὶ","καί","καί"
66,16,13,"P",NULL,"ἐκ","ἐκ","ἐκ","ἐκ"
66,16,13,"RA","GSN","τοῦ","τοῦ","τοῦ","ὁ"
66,16,13,"N","GSN","στόματος","στόματος","στόματος","στόμα"
66,16,13,"RA","GSN","τοῦ","τοῦ","τοῦ","ὁ"
66,16,13,"N","GSN","θηρίου","θηρίου","θηρίου","θηρίον"
66,16,13,"C",NULL,"καὶ","καὶ","καί","καί"
66,16,13,"P",NULL,"ἐκ","ἐκ","ἐκ","ἐκ"
66,16,13,"RA","GSN","τοῦ","τοῦ","τοῦ","ὁ"
66,16,13,"N","GSN","στόματος","στόματος","στόματος","στόμα"
66,16,13,"RA","GSM","τοῦ","τοῦ","τοῦ","ὁ"
66,16,13,"N","GSM","ψευδοπροφήτου","ψευδοπροφήτου","ψευδοπροφήτου","ψευδοπροφήτης"
66,16,13,"N","APN","πνεύματα","πνεύματα","πνεύματα","πνεῦμα"
66,16,13,"A","APN","⸂τρία","τρία","τρία","τρεῖς"
66,16,13,"A","APN","ἀκάθαρτα⸃","ἀκάθαρτα","ἀκάθαρτα","ἀκάθαρτος"
66,16,13,"C",NULL,"ὡς","ὡς","ὡς","ὡς"
66,16,13,"N","NPM","βάτραχοι·","βάτραχοι","βάτραχοι","βάτραχος"
66,16,14,"V","3PAI-P","εἰσὶν","εἰσὶν","εἰσί(ν)","εἰμί"
66,16,14,"C",NULL,"γὰρ","γὰρ","γάρ","γάρ"
66,16,14,"N","NPN","πνεύματα","πνεύματα","πνεύματα","πνεῦμα"
66,16,14,"N","GPN","δαιμονίων","δαιμονίων","δαιμονίων","δαιμόνιον"
66,16,14,"V","PAPNPN","ποιοῦντα","ποιοῦντα","ποιοῦντα","ποιέω"
66,16,14,"N","APN","σημεῖα,","σημεῖα","σημεῖα","σημεῖον"
66,16,14,"RR","NPN","ἃ","ἃ","ἅ","ὅς"
66,16,14,"V","3PMI-S","ἐκπορεύεται","ἐκπορεύεται","ἐκπορεύεται","ἐκπορεύομαι"
66,16,14,"P",NULL,"ἐπὶ","ἐπὶ","ἐπί","ἐπί"
66,16,14,"RA","APM","τοὺς","τοὺς","τούς","ὁ"
66,16,14,"N","APM","βασιλεῖς","βασιλεῖς","βασιλεῖς","βασιλεύς"
66,16,14,"RA","GSF","τῆς","τῆς","τῆς","ὁ"
66,16,14,"N","GSF","οἰκουμένης","οἰκουμένης","οἰκουμένης","οἰκουμένη"
66,16,14,"A","GSF","ὅλης,","ὅλης","ὅλης","ὅλος"
66,16,14,"V","AAN","συναγαγεῖν","συναγαγεῖν","συναγαγεῖν","συνάγω"
66,16,14,"RP","APM","αὐτοὺς","αὐτοὺς","αὐτούς","αὐτός"
66,16,14,"P",NULL,"εἰς","εἰς","εἰς","εἰς"
66,16,14,"RA","ASM","τὸν","τὸν","τόν","ὁ"
66,16,14,"N","ASM","πόλεμον","πόλεμον","πόλεμον","πόλεμος"
66,16,14,"RA","GSF","τῆς","τῆς","τῆς","ὁ"
66,16,14,"N","GSF","⸀ἡμέρας","ἡμέρας","ἡμέρας","ἡμέρα"
66,16,14,"RA","GSF","τῆς","τῆς","τῆς","ὁ"
66,16,14,"A","GSF","μεγάλης","μεγάλης","μεγάλης","μέγας"
66,16,14,"RA","GSM","τοῦ","τοῦ","τοῦ","ὁ"
66,16,14,"N","GSM","θεοῦ","θεοῦ","θεοῦ","θεός"
66,16,14,"RA","GSM","τοῦ","τοῦ","τοῦ","ὁ"
66,16,14,"N","GSM","παντοκράτορος—","παντοκράτορος","παντοκράτορος","παντοκράτωρ"
66,16,15,"X",NULL,"Ἰδοὺ","Ἰδοὺ","ἰδού","ἰδού"
66,16,15,"V","1PMI-S","ἔρχομαι","ἔρχομαι","ἔρχομαι","ἔρχομαι"
66,16,15,"C",NULL,"ὡς","ὡς","ὡς","ὡς"
66,16,15,"N","NSM","κλέπτης.","κλέπτης","κλέπτης","κλέπτης"
66,16,15,"A","NSM","μακάριος","μακάριος","μακάριος","μακάριος"
66,16,15,"RA","NSM","ὁ","ὁ","ὁ","ὁ"
66,16,15,"V","PAPNSM","γρηγορῶν","γρηγορῶν","γρηγορῶν","γρηγορέω"
66,16,15,"C",NULL,"καὶ","καὶ","καί","καί"
66,16,15,"V","PAPNSM","τηρῶν","τηρῶν","τηρῶν","τηρέω"
66,16,15,"RA","APN","τὰ","τὰ","τά","ὁ"
66,16,15,"N","APN","ἱμάτια","ἱμάτια","ἱμάτια","ἱμάτιον"
66,16,15,"RP","GSM","αὐτοῦ,","αὐτοῦ","αὐτοῦ","αὐτός"
66,16,15,"C",NULL,"ἵνα","ἵνα","ἵνα","ἵνα"
66,16,15,"D",NULL,"μὴ","μὴ","μή","μή"
66,16,15,"A","NSM","γυμνὸς","γυμνὸς","γυμνός","γυμνός"
66,16,15,"V","3PAS-S","περιπατῇ","περιπατῇ","περιπατῇ","περιπατέω"
66,16,15,"C",NULL,"καὶ","καὶ","καί","καί"
66,16,15,"V","3PAS-P","βλέπωσιν","βλέπωσιν","βλέπωσι(ν)","βλέπω"
66,16,15,"RA","ASF","τὴν","τὴν","τήν","ὁ"
66,16,15,"N","ASF","ἀσχημοσύνην","ἀσχημοσύνην","ἀσχημοσύνην","ἀσχημοσύνη"
66,16,15,"RP","GSM","αὐτοῦ—","αὐτοῦ","αὐτοῦ","αὐτός"
66,16,16,"C",NULL,"καὶ","καὶ","καί","καί"
66,16,16,"V","3AAI-S","συνήγαγεν","συνήγαγεν","συνήγαγε(ν)","συνάγω"
66,16,16,"RP","APM","αὐτοὺς","αὐτοὺς","αὐτούς","αὐτός"
66,16,16,"P",NULL,"εἰς","εἰς","εἰς","εἰς"
66,16,16,"RA","ASM","τὸν","τὸν","τόν","ὁ"
66,16,16,"N","ASM","τόπον","τόπον","τόπον","τόπος"
66,16,16,"RA","ASM","τὸν","τὸν","τόν","ὁ"
66,16,16,"V","PPPASM","καλούμενον","καλούμενον","καλούμενον","καλέω"
66,16,16,"D",NULL,"Ἑβραϊστὶ","Ἑβραϊστὶ","Ἑβραϊστί","Ἑβραϊστί"
66,16,16,"N","ASN","Ἁρμαγεδών.","Ἁρμαγεδών","Ἁρμαγεδών","Ἁρμαγεδών"
66,16,17,"C",NULL,"Καὶ","Καὶ","καί","καί"
66,16,17,"RA","NSM","ὁ","ὁ","ὁ","ὁ"
66,16,17,"A","NSM","ἕβδομος","ἕβδομος","ἕβδομος","ἕβδομος"
66,16,17,"V","3AAI-S","ἐξέχεεν","ἐξέχεεν","ἐξέχεε(ν)","ἐκχέω"
66,16,17,"RA","ASF","τὴν","τὴν","τήν","ὁ"
66,16,17,"N","ASF","φιάλην","φιάλην","φιάλην","φιάλη"
66,16,17,"RP","GSM","αὐτοῦ","αὐτοῦ","αὐτοῦ","αὐτός"
66,16,17,"P",NULL,"ἐπὶ","ἐπὶ","ἐπί","ἐπί"
66,16,17,"RA","ASM","τὸν","τὸν","τόν","ὁ"
66,16,17,"N","ASM","ἀέρα—","ἀέρα","ἀέρα","ἀήρ"
66,16,17,"C",NULL,"καὶ","καὶ","καί","καί"
66,16,17,"V","3AAI-S","ἐξῆλθεν","ἐξῆλθεν","ἐξῆλθε(ν)","ἐξέρχομαι"
66,16,17,"N","NSF","φωνὴ","φωνὴ","φωνή","φωνή"
66,16,17,"A","NSF","μεγάλη","μεγάλη","μεγάλη","μέγας"
66,16,17,"P",NULL,"⸀ἐκ","ἐκ","ἐκ","ἐκ"
66,16,17,"RA","GSM","τοῦ","τοῦ","τοῦ","ὁ"
66,16,17,"N","GSM","⸀ναοῦ","ναοῦ","ναοῦ","ναός"
66,16,17,"P",NULL,"ἀπὸ","ἀπὸ","ἀπό","ἀπό"
66,16,17,"RA","GSM","τοῦ","τοῦ","τοῦ","ὁ"
66,16,17,"N","GSM","θρόνου","θρόνου","θρόνου","θρόνος"
66,16,17,"V","PAPNSF","λέγουσα·","λέγουσα","λέγουσα","λέγω"
66,16,17,"V","3XAI-S","Γέγονεν—","Γέγονεν","γέγονε(ν)","γίνομαι"
66,16,18,"C",NULL,"καὶ","καὶ","καί","καί"
66,16,18,"V","3AMI-P","ἐγένοντο","ἐγένοντο","ἐγένοντο","γίνομαι"
66,16,18,"N","NPF","ἀστραπαὶ","ἀστραπαὶ","ἀστραπαί","ἀστραπή"
66,16,18,"C",NULL,"καὶ","καὶ","καί","καί"
66,16,18,"N","NPF","⸂φωναὶ","φωναὶ","φωναί","φωνή"
66,16,18,"C",NULL,"καὶ","καὶ","καί","καί"
66,16,18,"N","NPF","βρονταί⸃,","βρονταί","βρονταί","βροντή"
66,16,18,"C",NULL,"καὶ","καὶ","καί","καί"
66,16,18,"N","NSM","σεισμὸς","σεισμὸς","σεισμός","σεισμός"
66,16,18,"V","3AMI-S","⸀ἐγένετο","ἐγένετο","ἐγένετο","γίνομαι"
66,16,18,"A","NSM","μέγας,","μέγας","μέγας","μέγας"
66,16,18,"RR","NSM","οἷος","οἷος","οἷος","οἷος"
66,16,18,"D",NULL,"οὐκ","οὐκ","οὐ","οὐ"
66,16,18,"V","3AMI-S","ἐγένετο","ἐγένετο","ἐγένετο","γίνομαι"
66,16,18,"P",NULL,"ἀφ’","ἀφ’","ἀπό","ἀπό"
66,16,18,"RR","GSM","οὗ","οὗ","οὗ","ὅς"
66,16,18,"N","NPM","⸂ἄνθρωποι","ἄνθρωποι","ἄνθρωποι","ἄνθρωπος"
66,16,18,"V","3AMI-P","ἐγένοντο⸃","ἐγένοντο","ἐγένοντο","γίνομαι"
66,16,18,"P",NULL,"ἐπὶ","ἐπὶ","ἐπί","ἐπί"
66,16,18,"RA","GSF","τῆς","τῆς","τῆς","ὁ"
66,16,18,"N","GSF","γῆς","γῆς","γῆς","γῆ"
66,16,18,"RD","NSM","τηλικοῦτος","τηλικοῦτος","τηλικοῦτος","τηλικοῦτος"
66,16,18,"N","NSM","σεισμὸς","σεισμὸς","σεισμός","σεισμός"
66,16,18,"D",NULL,"οὕτω","οὕτω","οὕτω(ς)","οὕτω(ς)"
66,16,18,"A","NSM","μέγας,","μέγας","μέγας","μέγας"
66,16,19,"C",NULL,"καὶ","καὶ","καί","καί"
66,16,19,"V","3AMI-S","ἐγένετο","ἐγένετο","ἐγένετο","γίνομαι"
66,16,19,"RA","NSF","ἡ","ἡ","ἡ","ὁ"
66,16,19,"N","NSF","πόλις","πόλις","πόλις","πόλις"
66,16,19,"RA","NSF","ἡ","ἡ","ἡ","ὁ"
66,16,19,"A","NSF","μεγάλη","μεγάλη","μεγάλη","μέγας"
66,16,19,"P",NULL,"εἰς","εἰς","εἰς","εἰς"
66,16,19,"A","APN","τρία","τρία","τρία","τρεῖς"
66,16,19,"N","APN","μέρη,","μέρη","μέρη","μέρος"
66,16,19,"C",NULL,"καὶ","καὶ","καί","καί"
66,16,19,"RA","NPF","αἱ","αἱ","αἱ","ὁ"
66,16,19,"N","NPF","πόλεις","πόλεις","πόλεις","πόλις"
66,16,19,"RA","GPN","τῶν","τῶν","τῶν","ὁ"
66,16,19,"N","GPN","ἐθνῶν","ἐθνῶν","ἐθνῶν","ἔθνος"
66,16,19,"V","3AAI-P","ἔπεσαν·","ἔπεσαν","ἔπεσαν","πίπτω"
66,16,19,"C",NULL,"καὶ","καὶ","καί","καί"
66,16,19,"N","NSF","Βαβυλὼν","Βαβυλὼν","Βαβυλών","Βαβυλών"
66,16,19,"RA","NSF","ἡ","ἡ","ἡ","ὁ"
66,16,19,"A","NSF","μεγάλη","μεγάλη","μεγάλη","μέγας"
66,16,19,"V","3API-S","ἐμνήσθη","ἐμνήσθη","ἐμνήσθη","μιμνῄσκομαι"
66,16,19,"P",NULL,"ἐνώπιον","ἐνώπιον","ἐνώπιον","ἐνώπιον"
66,16,19,"RA","GSM","τοῦ","τοῦ","τοῦ","ὁ"
66,16,19,"N","GSM","θεοῦ","θεοῦ","θεοῦ","θεός"
66,16,19,"V","AAN","δοῦναι","δοῦναι","δοῦναι","δίδωμι"
66,16,19,"RP","DSF","αὐτῇ","αὐτῇ","αὐτῇ","αὐτός"
66,16,19,"RA","ASN","τὸ","τὸ","τό","ὁ"
66,16,19,"N","ASN","ποτήριον","ποτήριον","ποτήριον","ποτήριον"
66,16,19,"RA","GSM","τοῦ","τοῦ","τοῦ","ὁ"
66,16,19,"N","GSM","οἴνου","οἴνου","οἴνου","οἶνος"
66,16,19,"RA","GSM","τοῦ","τοῦ","τοῦ","ὁ"
66,16,19,"N","GSM","θυμοῦ","θυμοῦ","θυμοῦ","θυμός"
66,16,19,"RA","GSF","τῆς","τῆς","τῆς","ὁ"
66,16,19,"N","GSF","ὀργῆς","ὀργῆς","ὀργῆς","ὀργή"
66,16,19,"RP","GSM","αὐτοῦ·","αὐτοῦ","αὐτοῦ","αὐτός"
66,16,20,"C",NULL,"καὶ","καὶ","καί","καί"
66,16,20,"A","NSF","πᾶσα","πᾶσα","πᾶσα","πᾶς"
66,16,20,"N","NSF","νῆσος","νῆσος","νῆσος","νῆσος"
66,16,20,"V","3AAI-S","ἔφυγεν,","ἔφυγεν","ἔφυγε(ν)","φεύγω"
66,16,20,"C",NULL,"καὶ","καὶ","καί","καί"
66,16,20,"N","NPN","ὄρη","ὄρη","ὄρη","ὄρος"
66,16,20,"D",NULL,"οὐχ","οὐχ","οὐ","οὐ"
66,16,20,"V","3API-P","εὑρέθησαν.","εὑρέθησαν","εὑρέθησαν","εὑρίσκω"
66,16,21,"C",NULL,"καὶ","καὶ","καί","καί"
66,16,21,"N","NSF","χάλαζα","χάλαζα","χάλαζα","χάλαζα"
66,16,21,"A","NSF","μεγάλη","μεγάλη","μεγάλη","μέγας"
66,16,21,"D",NULL,"ὡς","ὡς","ὡς","ὡς"
66,16,21,"A","NSF","ταλαντιαία","ταλαντιαία","ταλαντιαία","ταλαντιαῖος"
66,16,21,"V","3PAI-S","καταβαίνει","καταβαίνει","καταβαίνει","καταβαίνω"
66,16,21,"P",NULL,"ἐκ","ἐκ","ἐκ","ἐκ"
66,16,21,"RA","GSM","τοῦ","τοῦ","τοῦ","ὁ"
66,16,21,"N","GSM","οὐρανοῦ","οὐρανοῦ","οὐρανοῦ","οὐρανός"
66,16,21,"P",NULL,"ἐπὶ","ἐπὶ","ἐπί","ἐπί"
66,16,21,"RA","APM","τοὺς","τοὺς","τούς","ὁ"
66,16,21,"N","APM","ἀνθρώπους·","ἀνθρώπους","ἀνθρώπους","ἄνθρωπος"
66,16,21,"C",NULL,"καὶ","καὶ","καί","καί"
66,16,21,"V","3AAI-P","ἐβλασφήμησαν","ἐβλασφήμησαν","ἐβλασφήμησαν","βλασφημέω"
66,16,21,"RA","NPM","οἱ","οἱ","οἱ","ὁ"
66,16,21,"N","NPM","ἄνθρωποι","ἄνθρωποι","ἄνθρωποι","ἄνθρωπος"
66,16,21,"RA","ASM","τὸν","τὸν","τόν","ὁ"
66,16,21,"N","ASM","θεὸν","θεὸν","θεόν","θεός"
66,16,21,"P",NULL,"ἐκ","ἐκ","ἐκ","ἐκ"
66,16,21,"RA","GSF","τῆς","τῆς","τῆς","ὁ"
66,16,21,"N","GSF","πληγῆς","πληγῆς","πληγῆς","πληγή"
66,16,21,"RA","GSF","τῆς","τῆς","τῆς","ὁ"
66,16,21,"N","GSF","χαλάζης,","χαλάζης","χαλάζης","χάλαζα"
66,16,21,"C",NULL,"ὅτι","ὅτι","ὅτι","ὅτι"
66,16,21,"A","NSF","μεγάλη","μεγάλη","μεγάλη","μέγας"
66,16,21,"V","3PAI-S","ἐστὶν","ἐστὶν","ἐστί(ν)","εἰμί"
66,16,21,"RA","NSF","ἡ","ἡ","ἡ","ὁ"
66,16,21,"N","NSF","πληγὴ","πληγὴ","πληγή","πληγή"
66,16,21,"RP","GSF","αὐτῆς","αὐτῆς","αὐτῆς","αὐτός"
66,16,21,"D",NULL,"σφόδρα.","σφόδρα","σφόδρα","σφόδρα"
66,17,01,"C",NULL,"Καὶ","Καὶ","καί","καί"
66,17,01,"V","3AAI-S","ἦλθεν","ἦλθεν","ἦλθε(ν)","ἔρχομαι"
66,17,01,"A","NSM","εἷς","εἷς","εἷς","εἷς"
66,17,01,"P",NULL,"ἐκ","ἐκ","ἐκ","ἐκ"
66,17,01,"RA","GPM","τῶν","τῶν","τῶν","ὁ"
66,17,01,"A","GPM","ἑπτὰ","ἑπτὰ","ἑπτά","ἑπτά"
66,17,01,"N","GPM","ἀγγέλων","ἀγγέλων","ἀγγέλων","ἄγγελος"
66,17,01,"RA","GPM","τῶν","τῶν","τῶν","ὁ"
66,17,01,"V","PAPGPM","ἐχόντων","ἐχόντων","ἐχόντων","ἔχω"
66,17,01,"RA","APF","τὰς","τὰς","τάς","ὁ"
66,17,01,"A","APF","ἑπτὰ","ἑπτὰ","ἑπτά","ἑπτά"
66,17,01,"N","APF","φιάλας,","φιάλας","φιάλας","φιάλη"
66,17,01,"C",NULL,"καὶ","καὶ","καί","καί"
66,17,01,"V","3AAI-S","ἐλάλησεν","ἐλάλησεν","ἐλάλησε(ν)","λαλέω"
66,17,01,"P",NULL,"μετ’","μετ’","μετά","μετά"
66,17,01,"RP","GS","ἐμοῦ","ἐμοῦ","ἐμοῦ","ἐγώ"
66,17,01,"V","PAPNSM","λέγων·","λέγων","λέγων","λέγω"
66,17,01,"D",NULL,"Δεῦρο,","Δεῦρο","δεῦρο","δεῦρο"
66,17,01,"V","1FAI-S","δείξω","δείξω","δείξω","δείκνυμι"
66,17,01,"RP","DS","σοι","σοι","σοι","σύ"
66,17,01,"RA","ASN","τὸ","τὸ","τό","ὁ"
66,17,01,"N","ASN","κρίμα","κρίμα","κρίμα","κρίμα"
66,17,01,"RA","GSF","τῆς","τῆς","τῆς","ὁ"
66,17,01,"N","GSF","πόρνης","πόρνης","πόρνης","πόρνη"
66,17,01,"RA","GSF","τῆς","τῆς","τῆς","ὁ"
66,17,01,"A","GSF","μεγάλης","μεγάλης","μεγάλης","μέγας"
66,17,01,"RA","GSF","τῆς","τῆς","τῆς","ὁ"
66,17,01,"V","PMPGSF","καθημένης","καθημένης","καθημένης","κάθημαι"
66,17,01,"P",NULL,"ἐπὶ","ἐπὶ","ἐπί","ἐπί"
66,17,01,"N","GPN","⸀ὑδάτων","ὑδάτων","ὑδάτων","ὕδωρ"
66,17,01,"A","GPN","πολλῶν,","πολλῶν","πολλῶν","πολύς"
66,17,02,"P",NULL,"μεθ’","μεθ’","μετά","μετά"
66,17,02,"RR","GSF","ἧς","ἧς","ἧς","ὅς"
66,17,02,"V","3AAI-P","ἐπόρνευσαν","ἐπόρνευσαν","ἐπόρνευσαν","πορνεύω"
66,17,02,"RA","NPM","οἱ","οἱ","οἱ","ὁ"
66,17,02,"N","NPM","βασιλεῖς","βασιλεῖς","βασιλεῖς","βασιλεύς"
66,17,02,"RA","GSF","τῆς","τῆς","τῆς","ὁ"
66,17,02,"N","GSF","γῆς,","γῆς","γῆς","γῆ"
66,17,02,"C",NULL,"καὶ","καὶ","καί","καί"
66,17,02,"V","3API-P","ἐμεθύσθησαν","ἐμεθύσθησαν","ἐμεθύσθησαν","μεθύω"
66,17,02,"RA","NPM","οἱ","οἱ","οἱ","ὁ"
66,17,02,"V","PAPNPM","κατοικοῦντες","κατοικοῦντες","κατοικοῦντες","κατοικέω"
66,17,02,"RA","ASF","τὴν","τὴν","τήν","ὁ"
66,17,02,"N","ASF","γῆν","γῆν","γῆν","γῆ"
66,17,02,"P",NULL,"ἐκ","ἐκ","ἐκ","ἐκ"
66,17,02,"RA","GSM","τοῦ","τοῦ","τοῦ","ὁ"
66,17,02,"N","GSM","οἴνου","οἴνου","οἴνου","οἶνος"
66,17,02,"RA","GSF","τῆς","τῆς","τῆς","ὁ"
66,17,02,"N","GSF","πορνείας","πορνείας","πορνείας","πορνεία"
66,17,02,"RP","GSF","αὐτῆς.","αὐτῆς","αὐτῆς","αὐτός"
66,17,03,"C",NULL,"καὶ","καὶ","καί","καί"
66,17,03,"V","3AAI-S","ἀπήνεγκέν","ἀπήνεγκέν","ἀπήνεγκε(ν)","ἀποφέρω"
66,17,03,"RP","AS","με","με","με","ἐγώ"
66,17,03,"P",NULL,"εἰς","εἰς","εἰς","εἰς"
66,17,03,"A","ASF","ἔρημον","ἔρημον","ἔρημον","ἔρημος"
66,17,03,"P",NULL,"ἐν","ἐν","ἐν","ἐν"
66,17,03,"N","DSN","πνεύματι.","πνεύματι","πνεύματι","πνεῦμα"
66,17,03,"C",NULL,"καὶ","καὶ","καί","καί"
66,17,03,"V","1AAI-S","εἶδον","εἶδον","εἶδον","ὁράω"
66,17,03,"N","ASF","γυναῖκα","γυναῖκα","γυναῖκα","γυνή"
66,17,03,"V","PMPASF","καθημένην","καθημένην","καθημένην","κάθημαι"
66,17,03,"P",NULL,"ἐπὶ","ἐπὶ","ἐπί","ἐπί"
66,17,03,"N","ASN","θηρίον","θηρίον","θηρίον","θηρίον"
66,17,03,"A","ASN","κόκκινον,","κόκκινον","κόκκινον","κόκκινος"
66,17,03,"V","PAPAPN","⸀γέμοντα","γέμοντα","γέμοντα","γέμω"
66,17,03,"N","APN","ὀνόματα","ὀνόματα","ὀνόματα","ὄνομα"
66,17,03,"N","GSF","βλασφημίας,","βλασφημίας","βλασφημίας","βλασφημία"
66,17,03,"V","PAPNSM","⸀ἔχων","ἔχων","ἔχων","ἔχω"
66,17,03,"N","APF","κεφαλὰς","κεφαλὰς","κεφαλάς","κεφαλή"
66,17,03,"A","APF","ἑπτὰ","ἑπτὰ","ἑπτά","ἑπτά"
66,17,03,"C",NULL,"καὶ","καὶ","καί","καί"
66,17,03,"N","APN","κέρατα","κέρατα","κέρατα","κέρας"
66,17,03,"A","APN","δέκα.","δέκα","δέκα","δέκα"
66,17,04,"C",NULL,"καὶ","καὶ","καί","καί"
66,17,04,"RA","NSF","ἡ","ἡ","ἡ","ὁ"
66,17,04,"N","NSF","γυνὴ","γυνὴ","γυνή","γυνή"
66,17,04,"V","3IAI-S","ἦν","ἦν","ἦν","εἰμί"
66,17,04,"V","XMPNSF","περιβεβλημένη","περιβεβλημένη","περιβεβλημένη","περιβάλλω"
66,17,04,"A","ASN","πορφυροῦν","πορφυροῦν","πορφυροῦν","πορφυροῦς"
66,17,04,"C",NULL,"καὶ","καὶ","καί","καί"
66,17,04,"A","ASN","κόκκινον,","κόκκινον","κόκκινον","κόκκινος"
66,17,04,"C",NULL,"⸀καὶ","καὶ","καί","καί"
66,17,04,"V","XPPNSF","κεχρυσωμένη","κεχρυσωμένη","κεχρυσωμένη","χρυσόω"
66,17,04,"N","DSN","⸀χρυσίῳ","χρυσίῳ","χρυσίῳ","χρυσίον"
66,17,04,"C",NULL,"καὶ","καὶ","καί","καί"
66,17,04,"N","DSM","λίθῳ","λίθῳ","λίθῳ","λίθος"
66,17,04,"A","DSM","τιμίῳ","τιμίῳ","τιμίῳ","τίμιος"
66,17,04,"C",NULL,"καὶ","καὶ","καί","καί"
66,17,04,"N","DPM","μαργαρίταις,","μαργαρίταις","μαργαρίταις","μαργαρίτης"
66,17,04,"V","PAPNSF","ἔχουσα","ἔχουσα","ἔχουσα","ἔχω"
66,17,04,"N","ASN","ποτήριον","ποτήριον","ποτήριον","ποτήριον"
66,17,04,"A","ASN","χρυσοῦν","χρυσοῦν","χρυσοῦν","χρυσοῦς"
66,17,04,"P",NULL,"ἐν","ἐν","ἐν","ἐν"
66,17,04,"RA","DSF","τῇ","τῇ","τῇ","ὁ"
66,17,04,"N","DSF","χειρὶ","χειρὶ","χειρί","χείρ"
66,17,04,"RP","GSF","αὐτῆς","αὐτῆς","αὐτῆς","αὐτός"
66,17,04,"V","PAPASN","γέμον","γέμον","γέμον","γέμω"
66,17,04,"N","GPN","βδελυγμάτων","βδελυγμάτων","βδελυγμάτων","βδέλυγμα"
66,17,04,"C",NULL,"καὶ","καὶ","καί","καί"
66,17,04,"RA","APN","τὰ","τὰ","τά","ὁ"
66,17,04,"A","APN","ἀκάθαρτα","ἀκάθαρτα","ἀκάθαρτα","ἀκάθαρτος"
66,17,04,"RA","GSF","τῆς","τῆς","τῆς","ὁ"
66,17,04,"N","GSF","πορνείας","πορνείας","πορνείας","πορνεία"
66,17,04,"RP","GSF","αὐτῆς,","αὐτῆς","αὐτῆς","αὐτός"
66,17,05,"C",NULL,"καὶ","καὶ","καί","καί"
66,17,05,"P",NULL,"ἐπὶ","ἐπὶ","ἐπί","ἐπί"
66,17,05,"RA","ASN","τὸ","τὸ","τό","ὁ"
66,17,05,"N","ASN","μέτωπον","μέτωπον","μέτωπον","μέτωπον"
66,17,05,"RP","GSF","αὐτῆς","αὐτῆς","αὐτῆς","αὐτός"
66,17,05,"N","NSN","ὄνομα","ὄνομα","ὄνομα","ὄνομα"
66,17,05,"V","XPPNSN","γεγραμμένον,","γεγραμμένον","γεγραμμένον","γράφω"
66,17,05,"N","NSN","μυστήριον,","μυστήριον","μυστήριον","μυστήριον"
66,17,05,"N","NSF","Βαβυλὼν","Βαβυλὼν","Βαβυλών","Βαβυλών"
66,17,05,"RA","NSF","ἡ","ἡ","ἡ","ὁ"
66,17,05,"A","NSF","μεγάλη,","μεγάλη","μεγάλη","μέγας"
66,17,05,"RA","NSF","ἡ","ἡ","ἡ","ὁ"
66,17,05,"N","NSF","μήτηρ","μήτηρ","μήτηρ","μήτηρ"
66,17,05,"RA","GPF","τῶν","τῶν","τῶν","ὁ"
66,17,05,"N","GPF","πορνῶν","πορνῶν","πορνῶν","πόρνη"
66,17,05,"C",NULL,"καὶ","καὶ","καί","καί"
66,17,05,"RA","GPN","τῶν","τῶν","τῶν","ὁ"
66,17,05,"N","GPN","βδελυγμάτων","βδελυγμάτων","βδελυγμάτων","βδέλυγμα"
66,17,05,"RA","GSF","τῆς","τῆς","τῆς","ὁ"
66,17,05,"N","GSF","γῆς.","γῆς","γῆς","γῆ"
66,17,06,"C",NULL,"καὶ","καὶ","καί","καί"
66,17,06,"V","1AAI-S","εἶδον","εἶδον","εἶδον","ὁράω"
66,17,06,"RA","ASF","τὴν","τὴν","τήν","ὁ"
66,17,06,"N","ASF","γυναῖκα","γυναῖκα","γυναῖκα","γυνή"
66,17,06,"V","PAPASF","μεθύουσαν","μεθύουσαν","μεθύουσαν","μεθύω"
66,17,06,"P",NULL,"ἐκ","ἐκ","ἐκ","ἐκ"
66,17,06,"RA","GSN","τοῦ","τοῦ","τοῦ","ὁ"
66,17,06,"N","GSN","αἵματος","αἵματος","αἵματος","αἷμα"
66,17,06,"RA","GPM","τῶν","τῶν","τῶν","ὁ"
66,17,06,"A","GPM","ἁγίων","ἁγίων","ἁγίων","ἅγιος"
66,17,06,"C",NULL,"⸀καὶ","καὶ","καί","καί"
66,17,06,"P",NULL,"ἐκ","ἐκ","ἐκ","ἐκ"
66,17,06,"RA","GSN","τοῦ","τοῦ","τοῦ","ὁ"
66,17,06,"N","GSN","αἵματος","αἵματος","αἵματος","αἷμα"
66,17,06,"RA","GPM","τῶν","τῶν","τῶν","ὁ"
66,17,06,"N","GPM","μαρτύρων","μαρτύρων","μαρτύρων","μάρτυς"
66,17,06,"N","GSM","Ἰησοῦ.","Ἰησοῦ","Ἰησοῦ","Ἰησοῦς"
66,17,06,"C",NULL,"Καὶ","Καὶ","καί","καί"
66,17,06,"V","1AAI-S","ἐθαύμασα","ἐθαύμασα","ἐθαύμασα","θαυμάζω"
66,17,06,"V","AAPNSM","ἰδὼν","ἰδὼν","ἰδών","ὁράω"
66,17,06,"RP","ASF","αὐτὴν","αὐτὴν","αὐτήν","αὐτός"
66,17,06,"N","ASN","θαῦμα","θαῦμα","θαῦμα","θαῦμα"
66,17,06,"A","ASN","μέγα·","μέγα","μέγα","μέγας"
66,17,07,"C",NULL,"καὶ","καὶ","καί","καί"
66,17,07,"V","3AAI-S","εἶπέν","εἶπέν","εἶπε(ν)","λέγω"
66,17,07,"RP","DS","μοι","μοι","μοι","ἐγώ"
66,17,07,"RA","NSM","ὁ","ὁ","ὁ","ὁ"
66,17,07,"N","NSM","ἄγγελος·","ἄγγελος","ἄγγελος","ἄγγελος"
66,17,07,"P",NULL,"Διὰ","Διὰ","διά","διά"
66,17,07,"RI","ASN","τί","τί","τί","τίς"
66,17,07,"V","2AAI-S","ἐθαύμασας;","ἐθαύμασας","ἐθαύμασας","θαυμάζω"
66,17,07,"RP","NS","ἐγὼ","ἐγὼ","ἐγώ","ἐγώ"
66,17,07,"V","1FAI-S","ἐρῶ","ἐρῶ","ἐρῶ","λέγω"
66,17,07,"RP","DS","σοι","σοι","σοι","σύ"
66,17,07,"RA","ASN","τὸ","τὸ","τό","ὁ"
66,17,07,"N","ASN","μυστήριον","μυστήριον","μυστήριον","μυστήριον"
66,17,07,"RA","GSF","τῆς","τῆς","τῆς","ὁ"
66,17,07,"N","GSF","γυναικὸς","γυναικὸς","γυναικός","γυνή"
66,17,07,"C",NULL,"καὶ","καὶ","καί","καί"
66,17,07,"RA","GSN","τοῦ","τοῦ","τοῦ","ὁ"
66,17,07,"N","GSN","θηρίου","θηρίου","θηρίου","θηρίον"
66,17,07,"RA","GSN","τοῦ","τοῦ","τοῦ","ὁ"
66,17,07,"V","PAPGSN","βαστάζοντος","βαστάζοντος","βαστάζοντος","βαστάζω"
66,17,07,"RP","ASF","αὐτήν,","αὐτήν","αὐτήν","αὐτός"
66,17,07,"RA","GSN","τοῦ","τοῦ","τοῦ","ὁ"
66,17,07,"V","PAPGSN","ἔχοντος","ἔχοντος","ἔχοντος","ἔχω"
66,17,07,"RA","APF","τὰς","τὰς","τάς","ὁ"
66,17,07,"A","APF","ἑπτὰ","ἑπτὰ","ἑπτά","ἑπτά"
66,17,07,"N","APF","κεφαλὰς","κεφαλὰς","κεφαλάς","κεφαλή"
66,17,07,"C",NULL,"καὶ","καὶ","καί","καί"
66,17,07,"RA","APN","τὰ","τὰ","τά","ὁ"
66,17,07,"A","APN","δέκα","δέκα","δέκα","δέκα"
66,17,07,"N","APN","κέρατα·","κέρατα","κέρατα","κέρας"
66,17,08,"RA","NSN","τὸ","τὸ","τό","ὁ"
66,17,08,"N","NSN","θηρίον","θηρίον","θηρίον","θηρίον"
66,17,08,"RR","ASN","ὃ","ὃ","ὅ","ὅς"
66,17,08,"V","2AAI-S","εἶδες","εἶδες","εἶδες","ὁράω"
66,17,08,"V","3IAI-S","ἦν","ἦν","ἦν","εἰμί"
66,17,08,"C",NULL,"καὶ","καὶ","καί","καί"
66,17,08,"D",NULL,"οὐκ","οὐκ","οὐ","οὐ"
66,17,08,"V","3PAI-S","ἔστιν,","ἔστιν","ἐστί(ν)","εἰμί"
66,17,08,"C",NULL,"καὶ","καὶ","καί","καί"
66,17,08,"V","3PAI-S","μέλλει","μέλλει","μέλλει","μέλλω"
66,17,08,"V","PAN","ἀναβαίνειν","ἀναβαίνειν","ἀναβαίνειν","ἀναβαίνω"
66,17,08,"P",NULL,"ἐκ","ἐκ","ἐκ","ἐκ"
66,17,08,"RA","GSF","τῆς","τῆς","τῆς","ὁ"
66,17,08,"N","GSF","ἀβύσσου,","ἀβύσσου","ἀβύσσου","ἄβυσσος"
66,17,08,"C",NULL,"καὶ","καὶ","καί","καί"
66,17,08,"P",NULL,"εἰς","εἰς","εἰς","εἰς"
66,17,08,"N","ASF","ἀπώλειαν","ἀπώλειαν","ἀπώλειαν","ἀπώλεια"
66,17,08,"V","3PAI-S","⸀ὑπάγει·","ὑπάγει","ὑπάγει","ὑπάγω"
66,17,08,"C",NULL,"καὶ","καὶ","καί","καί"
66,17,08,"V","3FPI-P","⸀θαυμασθήσονται","θαυμασθήσονται","θαυμασθήσονται","θαυμάζω"
66,17,08,"RA","NPM","οἱ","οἱ","οἱ","ὁ"
66,17,08,"V","PAPNPM","κατοικοῦντες","κατοικοῦντες","κατοικοῦντες","κατοικέω"
66,17,08,"P",NULL,"ἐπὶ","ἐπὶ","ἐπί","ἐπί"
66,17,08,"RA","GSF","τῆς","τῆς","τῆς","ὁ"
66,17,08,"N","GSF","γῆς,","γῆς","γῆς","γῆ"
66,17,08,"RR","GPM","ὧν","ὧν","ὧν","ὅς"
66,17,08,"D",NULL,"οὐ","οὐ","οὐ","οὐ"
66,17,08,"V","3XPI-S","γέγραπται","γέγραπται","γέγραπται","γράφω"
66,17,08,"RA","NSN","⸂τὸ","τὸ","τό","ὁ"
66,17,08,"N","NSN","ὄνομα⸃","ὄνομα","ὄνομα","ὄνομα"
66,17,08,"P",NULL,"ἐπὶ","ἐπὶ","ἐπί","ἐπί"
66,17,08,"RA","ASN","τὸ","τὸ","τό","ὁ"
66,17,08,"N","ASN","βιβλίον","βιβλίον","βιβλίον","βιβλίον"
66,17,08,"RA","GSF","τῆς","τῆς","τῆς","ὁ"
66,17,08,"N","GSF","ζωῆς","ζωῆς","ζωῆς","ζωή"
66,17,08,"P",NULL,"ἀπὸ","ἀπὸ","ἀπό","ἀπό"
66,17,08,"N","GSF","καταβολῆς","καταβολῆς","καταβολῆς","καταβολή"
66,17,08,"N","GSM","κόσμου,","κόσμου","κόσμου","κόσμος"
66,17,08,"V","PAPGPM","βλεπόντων","βλεπόντων","βλεπόντων","βλέπω"
66,17,08,"RA","ASN","⸂τὸ","τὸ","τό","ὁ"
66,17,08,"N","ASN","θηρίον","θηρίον","θηρίον","θηρίον"
66,17,08,"C",NULL,"ὅτι","ὅτι","ὅτι","ὅτι"
66,17,08,"V","3IAI-S","ἦν⸃","ἦν","ἦν","εἰμί"
66,17,08,"C",NULL,"καὶ","καὶ","καί","καί"
66,17,08,"D",NULL,"οὐκ","οὐκ","οὐ","οὐ"
66,17,08,"V","3PAI-S","ἔστιν","ἔστιν","ἐστί(ν)","εἰμί"
66,17,08,"C",NULL,"καὶ","καὶ","καί","καί"
66,17,08,"V","3FMI-S","παρέσται.","παρέσται","παρέσται","πάρειμι"
66,17,09,"D",NULL,"Ὧδε","Ὧδε","ὧδε","ὧδε"
66,17,09,"RA","NSM","ὁ","ὁ","ὁ","ὁ"
66,17,09,"N","NSM","νοῦς","νοῦς","νοῦς","νοῦς"
66,17,09,"RA","NSM","ὁ","ὁ","ὁ","ὁ"
66,17,09,"V","PAPNSM","ἔχων","ἔχων","ἔχων","ἔχω"
66,17,09,"N","ASF","σοφίαν.","σοφίαν","σοφίαν","σοφία"
66,17,09,"RA","NPF","αἱ","αἱ","αἱ","ὁ"
66,17,09,"A","NPF","ἑπτὰ","ἑπτὰ","ἑπτά","ἑπτά"
66,17,09,"N","NPF","κεφαλαὶ","κεφαλαὶ","κεφαλαί","κεφαλή"
66,17,09,"A","NPN","ἑπτὰ","ἑπτὰ","ἑπτά","ἑπτά"
66,17,09,"N","NPN","ὄρη","ὄρη","ὄρη","ὄρος"
66,17,09,"V","3PAI-P","εἰσίν,","εἰσίν","εἰσί(ν)","εἰμί"
66,17,09,"D",NULL,"ὅπου","ὅπου","ὅπου","ὅπου"
66,17,09,"RA","NSF","ἡ","ἡ","ἡ","ὁ"
66,17,09,"N","NSF","γυνὴ","γυνὴ","γυνή","γυνή"
66,17,09,"V","3PMI-S","κάθηται","κάθηται","κάθηται","κάθημαι"
66,17,09,"P",NULL,"ἐπ’","ἐπ’","ἐπί","ἐπί"
66,17,09,"RP","GPN","αὐτῶν.","αὐτῶν","αὐτῶν","αὐτός"
66,17,09,"C",NULL,"καὶ","καὶ","καί","καί"
66,17,09,"N","NPM","βασιλεῖς","βασιλεῖς","βασιλεῖς","βασιλεύς"
66,17,09,"A","NPM","⸂ἑπτά","ἑπτά","ἑπτά","ἑπτά"
66,17,09,"V","3PAI-P","εἰσιν⸃·","εἰσιν","εἰσί(ν)","εἰμί"
66,17,10,"RA","NPM","οἱ","οἱ","οἱ","ὁ"
66,17,10,"A","NPM","πέντε","πέντε","πέντε","πέντε"
66,17,10,"V","3AAI-P","ἔπεσαν,","ἔπεσαν","ἔπεσαν","πίπτω"
66,17,10,"RA","NSM","ὁ","ὁ","ὁ","ὁ"
66,17,10,"A","NSM","εἷς","εἷς","εἷς","εἷς"
66,17,10,"V","3PAI-S","ἔστιν,","ἔστιν","ἐστί(ν)","εἰμί"
66,17,10,"RA","NSM","ὁ","ὁ","ὁ","ὁ"
66,17,10,"A","NSM","ἄλλος","ἄλλος","ἄλλος","ἄλλος"
66,17,10,"D",NULL,"οὔπω","οὔπω","οὔπω","οὔπω"
66,17,10,"V","3AAI-S","ἦλθεν,","ἦλθεν","ἦλθε(ν)","ἔρχομαι"
66,17,10,"C",NULL,"καὶ","καὶ","καί","καί"
66,17,10,"C",NULL,"ὅταν","ὅταν","ὅταν","ὅταν"
66,17,10,"V","3AAS-S","ἔλθῃ","ἔλθῃ","ἔλθῃ","ἔρχομαι"
66,17,10,"A","ASN","ὀλίγον","ὀλίγον","ὀλίγον","ὀλίγος"
66,17,10,"RP","ASM","⸂αὐτὸν","αὐτὸν","αὐτόν","αὐτός"
66,17,10,"V","3PAI-S","δεῖ⸃","δεῖ","δεῖ","δέω"
66,17,10,"V","AAN","μεῖναι,","μεῖναι","μεῖναι","μένω"
66,17,11,"C",NULL,"καὶ","καὶ","καί","καί"
66,17,11,"RA","NSN","τὸ","τὸ","τό","ὁ"
66,17,11,"N","NSN","θηρίον","θηρίον","θηρίον","θηρίον"
66,17,11,"RR","NSN","ὃ","ὃ","ὅ","ὅς"
66,17,11,"V","3IAI-S","ἦν","ἦν","ἦν","εἰμί"
66,17,11,"C",NULL,"καὶ","καὶ","καί","καί"
66,17,11,"D",NULL,"οὐκ","οὐκ","οὐ","οὐ"
66,17,11,"V","3PAI-S","ἔστιν.","ἔστιν","ἐστί(ν)","εἰμί"
66,17,11,"D",NULL,"καὶ","καὶ","καί","καί"
66,17,11,"RP","NSM","⸀αὐτὸς","αὐτὸς","αὐτός","αὐτός"
66,17,11,"A","NSM","ὄγδοός","ὄγδοός","ὄγδοος","ὄγδοος"
66,17,11,"V","3PAI-S","ἐστιν","ἐστιν","ἐστί(ν)","εἰμί"
66,17,11,"C",NULL,"καὶ","καὶ","καί","καί"
66,17,11,"P",NULL,"ἐκ","ἐκ","ἐκ","ἐκ"
66,17,11,"RA","GPM","τῶν","τῶν","τῶν","ὁ"
66,17,11,"A","GPM","ἑπτά","ἑπτά","ἑπτά","ἑπτά"
66,17,11,"V","3PAI-S","ἐστιν,","ἐστιν","ἐστί(ν)","εἰμί"
66,17,11,"C",NULL,"καὶ","καὶ","καί","καί"
66,17,11,"P",NULL,"εἰς","εἰς","εἰς","εἰς"
66,17,11,"N","ASF","ἀπώλειαν","ἀπώλειαν","ἀπώλειαν","ἀπώλεια"
66,17,11,"V","3PAI-S","ὑπάγει.","ὑπάγει","ὑπάγει","ὑπάγω"
66,17,12,"C",NULL,"καὶ","καὶ","καί","καί"
66,17,12,"RA","NPN","τὰ","τὰ","τά","ὁ"
66,17,12,"A","NPN","δέκα","δέκα","δέκα","δέκα"
66,17,12,"N","NPN","κέρατα","κέρατα","κέρατα","κέρας"
66,17,12,"RR","APN","ἃ","ἃ","ἅ","ὅς"
66,17,12,"V","2AAI-S","εἶδες","εἶδες","εἶδες","ὁράω"
66,17,12,"A","NPM","δέκα","δέκα","δέκα","δέκα"
66,17,12,"N","NPM","βασιλεῖς","βασιλεῖς","βασιλεῖς","βασιλεύς"
66,17,12,"V","3PAI-P","εἰσιν,","εἰσιν","εἰσί(ν)","εἰμί"
66,17,12,"RR","NPM","οἵτινες","οἵτινες","οἵτινες","ὅστις"
66,17,12,"N","ASF","βασιλείαν","βασιλείαν","βασιλείαν","βασιλεία"
66,17,12,"D",NULL,"οὔπω","οὔπω","οὔπω","οὔπω"
66,17,12,"V","3AAI-P","ἔλαβον,","ἔλαβον","ἔλαβον","λαμβάνω"
66,17,12,"C",NULL,"ἀλλὰ","ἀλλὰ","ἀλλά","ἀλλά"
66,17,12,"N","ASF","ἐξουσίαν","ἐξουσίαν","ἐξουσίαν","ἐξουσία"
66,17,12,"C",NULL,"ὡς","ὡς","ὡς","ὡς"
66,17,12,"N","NPM","βασιλεῖς","βασιλεῖς","βασιλεῖς","βασιλεύς"
66,17,12,"A","ASF","μίαν","μίαν","μίαν","εἷς"
66,17,12,"N","ASF","ὥραν","ὥραν","ὥραν","ὥρα"
66,17,12,"V","3PAI-P","λαμβάνουσιν","λαμβάνουσιν","λαμβάνουσι(ν)","λαμβάνω"
66,17,12,"P",NULL,"μετὰ","μετὰ","μετά","μετά"
66,17,12,"RA","GSN","τοῦ","τοῦ","τοῦ","ὁ"
66,17,12,"N","GSN","θηρίου.","θηρίου","θηρίου","θηρίον"
66,17,13,"RD","NPM","οὗτοι","οὗτοι","οὗτοι","οὗτος"
66,17,13,"A","ASF","μίαν","μίαν","μίαν","εἷς"
66,17,13,"N","ASF","⸂γνώμην","γνώμην","γνώμην","γνώμη"
66,17,13,"V","3PAI-P","ἔχουσιν⸃,","ἔχουσιν","ἔχουσι(ν)","ἔχω"
66,17,13,"C",NULL,"καὶ","καὶ","καί","καί"
66,17,13,"RA","ASF","τὴν","τὴν","τήν","ὁ"
66,17,13,"N","ASF","δύναμιν","δύναμιν","δύναμιν","δύναμις"
66,17,13,"C",NULL,"⸀καὶ","καὶ","καί","καί"
66,17,13,"N","ASF","ἐξουσίαν","ἐξουσίαν","ἐξουσίαν","ἐξουσία"
66,17,13,"RP","GPM","αὐτῶν","αὐτῶν","αὐτῶν","αὐτός"
66,17,13,"RA","DSN","τῷ","τῷ","τῷ","ὁ"
66,17,13,"N","DSN","θηρίῳ","θηρίῳ","θηρίῳ","θηρίον"
66,17,13,"V","3PAI-P","διδόασιν.","διδόασιν","διδόασι(ν)","δίδωμι"
66,17,14,"RD","NPM","οὗτοι","οὗτοι","οὗτοι","οὗτος"
66,17,14,"P",NULL,"μετὰ","μετὰ","μετά","μετά"
66,17,14,"RA","GSN","τοῦ","τοῦ","τοῦ","ὁ"
66,17,14,"N","GSN","ἀρνίου","ἀρνίου","ἀρνίου","ἀρνίον"
66,17,14,"V","3FAI-P","πολεμήσουσιν,","πολεμήσουσιν","πολεμήσουσι(ν)","πολεμέω"
66,17,14,"C",NULL,"καὶ","καὶ","καί","καί"
66,17,14,"RA","NSN","τὸ","τὸ","τό","ὁ"
66,17,14,"N","NSN","ἀρνίον","ἀρνίον","ἀρνίον","ἀρνίον"
66,17,14,"V","3FAI-S","νικήσει","νικήσει","νικήσει","νικάω"
66,17,14,"RP","APM","αὐτούς,","αὐτούς","αὐτούς","αὐτός"
66,17,14,"C",NULL,"ὅτι","ὅτι","ὅτι","ὅτι"
66,17,14,"N","NSM","κύριος","κύριος","κύριος","κύριος"
66,17,14,"N","GPM","κυρίων","κυρίων","κυρίων","κύριος"
66,17,14,"V","3PAI-S","ἐστὶν","ἐστὶν","ἐστί(ν)","εἰμί"
66,17,14,"C",NULL,"καὶ","καὶ","καί","καί"
66,17,14,"N","NSM","βασιλεὺς","βασιλεὺς","βασιλεύς","βασιλεύς"
66,17,14,"N","GPM","βασιλέων,","βασιλέων","βασιλέων","βασιλεύς"
66,17,14,"C",NULL,"καὶ","καὶ","καί","καί"
66,17,14,"RA","NPM","οἱ","οἱ","οἱ","ὁ"
66,17,14,"P",NULL,"μετ’","μετ’","μετά","μετά"
66,17,14,"RP","GSM","αὐτοῦ","αὐτοῦ","αὐτοῦ","αὐτός"
66,17,14,"A","NPM","κλητοὶ","κλητοὶ","κλητοί","κλητός"
66,17,14,"C",NULL,"καὶ","καὶ","καί","καί"
66,17,14,"A","NPM","ἐκλεκτοὶ","ἐκλεκτοὶ","ἐκλεκτοί","ἐκλεκτός"
66,17,14,"C",NULL,"καὶ","καὶ","καί","καί"
66,17,14,"A","NPM","πιστοί.","πιστοί","πιστοί","πιστός"
66,17,15,"C",NULL,"Καὶ","Καὶ","καί","καί"
66,17,15,"V","3PAI-S","λέγει","λέγει","λέγει","λέγω"
66,17,15,"RP","DS","μοι·","μοι","μοι","ἐγώ"
66,17,15,"RA","NPN","Τὰ","Τὰ","τά","ὁ"
66,17,15,"N","NPN","ὕδατα","ὕδατα","ὕδατα","ὕδωρ"
66,17,15,"RR","APN","ἃ","ἃ","ἅ","ὅς"
66,17,15,"V","2AAI-S","εἶδες,","εἶδες","εἶδες","ὁράω"
66,17,15,"D",NULL,"οὗ","οὗ","οὗ","οὗ"
66,17,15,"RA","NSF","ἡ","ἡ","ἡ","ὁ"
66,17,15,"N","NSF","πόρνη","πόρνη","πόρνη","πόρνη"
66,17,15,"V","3PMI-S","κάθηται,","κάθηται","κάθηται","κάθημαι"
66,17,15,"N","NPM","λαοὶ","λαοὶ","λαοί","λαός"
66,17,15,"C",NULL,"καὶ","καὶ","καί","καί"
66,17,15,"N","NPM","ὄχλοι","ὄχλοι","ὄχλοι","ὄχλος"
66,17,15,"V","3PAI-P","εἰσὶν","εἰσὶν","εἰσί(ν)","εἰμί"
66,17,15,"C",NULL,"καὶ","καὶ","καί","καί"
66,17,15,"N","NPN","ἔθνη","ἔθνη","ἔθνη","ἔθνος"
66,17,15,"C",NULL,"καὶ","καὶ","καί","καί"
66,17,15,"N","NPF","γλῶσσαι.","γλῶσσαι","γλῶσσαι","γλῶσσα"
66,17,16,"C",NULL,"καὶ","καὶ","καί","καί"
66,17,16,"RA","NPN","τὰ","τὰ","τά","ὁ"
66,17,16,"A","NPN","δέκα","δέκα","δέκα","δέκα"
66,17,16,"N","NPN","κέρατα","κέρατα","κέρατα","κέρας"
66,17,16,"RR","APN","ἃ","ἃ","ἅ","ὅς"
66,17,16,"V","2AAI-S","εἶδες","εἶδες","εἶδες","ὁράω"
66,17,16,"C",NULL,"καὶ","καὶ","καί","καί"
66,17,16,"RA","NSN","τὸ","τὸ","τό","ὁ"
66,17,16,"N","NSN","θηρίον,","θηρίον","θηρίον","θηρίον"
66,17,16,"RD","NPM","οὗτοι","οὗτοι","οὗτοι","οὗτος"
66,17,16,"V","3FAI-P","μισήσουσι","μισήσουσι","μισήσουσι(ν)","μισέω"
66,17,16,"RA","ASF","τὴν","τὴν","τήν","ὁ"
66,17,16,"N","ASF","πόρνην,","πόρνην","πόρνην","πόρνη"
66,17,16,"C",NULL,"καὶ","καὶ","καί","καί"
66,17,16,"V","XPPASF","ἠρημωμένην","ἠρημωμένην","ἠρημωμένην","ἐρημόομαι"
66,17,16,"V","3FAI-P","ποιήσουσιν","ποιήσουσιν","ποιήσουσι(ν)","ποιέω"
66,17,16,"RP","ASF","αὐτὴν","αὐτὴν","αὐτήν","αὐτός"
66,17,16,"C",NULL,"καὶ","καὶ","καί","καί"
66,17,16,"A","ASF","⸀γυμνήν,","γυμνήν","γυμνήν","γυμνός"
66,17,16,"C",NULL,"καὶ","καὶ","καί","καί"
66,17,16,"RA","APF","τὰς","τὰς","τάς","ὁ"
66,17,16,"N","APF","σάρκας","σάρκας","σάρκας","σάρξ"
66,17,16,"RP","GSF","αὐτῆς","αὐτῆς","αὐτῆς","αὐτός"
66,17,16,"V","3FMI-P","φάγονται,","φάγονται","φάγονται","ἐσθίω"
66,17,16,"C",NULL,"καὶ","καὶ","καί","καί"
66,17,16,"RP","ASF","αὐτὴν","αὐτὴν","αὐτήν","αὐτός"
66,17,16,"V","3FAI-P","κατακαύσουσιν","κατακαύσουσιν","κατακαύσουσι(ν)","κατακαίω"
66,17,16,"P",NULL,"ἐν","ἐν","ἐν","ἐν"
66,17,16,"N","DSN","πυρί·","πυρί","πυρί","πῦρ"
66,17,17,"RA","NSM","ὁ","ὁ","ὁ","ὁ"
66,17,17,"C",NULL,"γὰρ","γὰρ","γάρ","γάρ"
66,17,17,"N","NSM","θεὸς","θεὸς","θεός","θεός"
66,17,17,"V","3AAI-S","ἔδωκεν","ἔδωκεν","ἔδωκε(ν)","δίδωμι"
66,17,17,"P",NULL,"εἰς","εἰς","εἰς","εἰς"
66,17,17,"RA","APF","τὰς","τὰς","τάς","ὁ"
66,17,17,"N","APF","καρδίας","καρδίας","καρδίας","καρδία"
66,17,17,"RP","GPM","αὐτῶν","αὐτῶν","αὐτῶν","αὐτός"
66,17,17,"V","AAN","ποιῆσαι","ποιῆσαι","ποιῆσαι","ποιέω"
66,17,17,"RA","ASF","τὴν","τὴν","τήν","ὁ"
66,17,17,"N","ASF","γνώμην","γνώμην","γνώμην","γνώμη"
66,17,17,"RP","GSM","αὐτοῦ,","αὐτοῦ","αὐτοῦ","αὐτός"
66,17,17,"C",NULL,"καὶ","καὶ","καί","καί"
66,17,17,"V","AAN","ποιῆσαι","ποιῆσαι","ποιῆσαι","ποιέω"
66,17,17,"A","ASF","⸂μίαν","μίαν","μίαν","εἷς"
66,17,17,"N","ASF","γνώμην⸃","γνώμην","γνώμην","γνώμη"
66,17,17,"C",NULL,"καὶ","καὶ","καί","καί"
66,17,17,"V","AAN","δοῦναι","δοῦναι","δοῦναι","δίδωμι"
66,17,17,"RA","ASF","τὴν","τὴν","τήν","ὁ"
66,17,17,"N","ASF","βασιλείαν","βασιλείαν","βασιλείαν","βασιλεία"
66,17,17,"RP","GPM","αὐτῶν","αὐτῶν","αὐτῶν","αὐτός"
66,17,17,"RA","DSN","τῷ","τῷ","τῷ","ὁ"
66,17,17,"N","DSN","θηρίῳ,","θηρίῳ","θηρίῳ","θηρίον"
66,17,17,"C",NULL,"ἄχρι","ἄχρι","ἄχρι","ἄχρι"
66,17,17,"V","3FPI-P","⸀τελεσθήσονται","τελεσθήσονται","τελεσθήσονται","τελέω"
66,17,17,"RA","NPM","οἱ","οἱ","οἱ","ὁ"
66,17,17,"N","NPM","λόγοι","λόγοι","λόγοι","λόγος"
66,17,17,"RA","GSM","τοῦ","τοῦ","τοῦ","ὁ"
66,17,17,"N","GSM","θεοῦ.","θεοῦ","θεοῦ","θεός"
66,17,18,"C",NULL,"καὶ","καὶ","καί","καί"
66,17,18,"RA","NSF","ἡ","ἡ","ἡ","ὁ"
66,17,18,"N","NSF","γυνὴ","γυνὴ","γυνή","γυνή"
66,17,18,"RR","ASF","ἣν","ἣν","ἥν","ὅς"
66,17,18,"V","2AAI-S","εἶδες","εἶδες","εἶδες","ὁράω"
66,17,18,"V","3PAI-S","ἔστιν","ἔστιν","ἐστί(ν)","εἰμί"
66,17,18,"RA","NSF","ἡ","ἡ","ἡ","ὁ"
66,17,18,"N","NSF","πόλις","πόλις","πόλις","πόλις"
66,17,18,"RA","NSF","ἡ","ἡ","ἡ","ὁ"
66,17,18,"A","NSF","μεγάλη","μεγάλη","μεγάλη","μέγας"
66,17,18,"RA","NSF","ἡ","ἡ","ἡ","ὁ"
66,17,18,"V","PAPNSF","ἔχουσα","ἔχουσα","ἔχουσα","ἔχω"
66,17,18,"N","ASF","βασιλείαν","βασιλείαν","βασιλείαν","βασιλεία"
66,17,18,"P",NULL,"ἐπὶ","ἐπὶ","ἐπί","ἐπί"
66,17,18,"RA","GPM","τῶν","τῶν","τῶν","ὁ"
66,17,18,"N","GPM","βασιλέων","βασιλέων","βασιλέων","βασιλεύς"
66,17,18,"RA","GSF","τῆς","τῆς","τῆς","ὁ"
66,17,18,"N","GSF","γῆς.","γῆς","γῆς","γῆ"
66,18,01,"P",NULL,"Μετὰ","Μετὰ","μετά","μετά"
66,18,01,"RD","APN","ταῦτα","ταῦτα","ταῦτα","οὗτος"
66,18,01,"V","1AAI-S","εἶδον","εἶδον","εἶδον","ὁράω"
66,18,01,"A","ASM","ἄλλον","ἄλλον","ἄλλον","ἄλλος"
66,18,01,"N","ASM","ἄγγελον","ἄγγελον","ἄγγελον","ἄγγελος"
66,18,01,"V","PAPASM","καταβαίνοντα","καταβαίνοντα","καταβαίνοντα","καταβαίνω"
66,18,01,"P",NULL,"ἐκ","ἐκ","ἐκ","ἐκ"
66,18,01,"RA","GSM","τοῦ","τοῦ","τοῦ","ὁ"
66,18,01,"N","GSM","οὐρανοῦ,","οὐρανοῦ","οὐρανοῦ","οὐρανός"
66,18,01,"V","PAPASM","ἔχοντα","ἔχοντα","ἔχοντα","ἔχω"
66,18,01,"N","ASF","ἐξουσίαν","ἐξουσίαν","ἐξουσίαν","ἐξουσία"
66,18,01,"A","ASF","μεγάλην,","μεγάλην","μεγάλην","μέγας"
66,18,01,"C",NULL,"καὶ","καὶ","καί","καί"
66,18,01,"RA","NSF","ἡ","ἡ","ἡ","ὁ"
66,18,01,"N","NSF","γῆ","γῆ","γῆ","γῆ"
66,18,01,"V","3API-S","ἐφωτίσθη","ἐφωτίσθη","ἐφωτίσθη","φωτίζω"
66,18,01,"P",NULL,"ἐκ","ἐκ","ἐκ","ἐκ"
66,18,01,"RA","GSF","τῆς","τῆς","τῆς","ὁ"
66,18,01,"N","GSF","δόξης","δόξης","δόξης","δόξα"
66,18,01,"RP","GSM","αὐτοῦ.","αὐτοῦ","αὐτοῦ","αὐτός"
66,18,02,"C",NULL,"καὶ","καὶ","καί","καί"
66,18,02,"V","3AAI-S","ἔκραξεν","ἔκραξεν","ἔκραξε(ν)","κράζω"
66,18,02,"P",NULL,"⸀ἐν","ἐν","ἐν","ἐν"
66,18,02,"A","DSF","ἰσχυρᾷ","ἰσχυρᾷ","ἰσχυρᾷ","ἰσχυρός"
66,18,02,"N","DSF","φωνῇ","φωνῇ","φωνῇ","φωνή"
66,18,02,"V","PAPNSM","λέγων·","λέγων","λέγων","λέγω"
66,18,02,"V","3AAI-S","Ἔπεσεν,","Ἔπεσεν","ἔπεσε(ν)","πίπτω"
66,18,02,"V","3AAI-S","⸀ἔπεσεν","ἔπεσεν","ἔπεσε(ν)","πίπτω"
66,18,02,"N","NSF","Βαβυλὼν","Βαβυλὼν","Βαβυλών","Βαβυλών"
66,18,02,"RA","NSF","ἡ","ἡ","ἡ","ὁ"
66,18,02,"A","NSF","μεγάλη,","μεγάλη","μεγάλη","μέγας"
66,18,02,"C",NULL,"καὶ","καὶ","καί","καί"
66,18,02,"V","3AMI-S","ἐγένετο","ἐγένετο","ἐγένετο","γίνομαι"
66,18,02,"N","NSN","κατοικητήριον","κατοικητήριον","κατοικητήριον","κατοικητήριον"
66,18,02,"N","GPN","⸀δαιμονίων","δαιμονίων","δαιμονίων","δαιμόνιον"
66,18,02,"C",NULL,"καὶ","καὶ","καί","καί"
66,18,02,"N","NSF","φυλακὴ","φυλακὴ","φυλακή","φυλακή"
66,18,02,"A","GSN","παντὸς","παντὸς","παντός","πᾶς"
66,18,02,"N","GSN","πνεύματος","πνεύματος","πνεύματος","πνεῦμα"
66,18,02,"A","GSN","ἀκαθάρτου","ἀκαθάρτου","ἀκαθάρτου","ἀκάθαρτος"
66,18,02,"C",NULL,"καὶ","καὶ","καί","καί"
66,18,02,"N","NSF","φυλακὴ","φυλακὴ","φυλακή","φυλακή"
66,18,02,"A","GSN","παντὸς","παντὸς","παντός","πᾶς"
66,18,02,"N","GSN","ὀρνέου","ὀρνέου","ὀρνέου","ὄρνεον"
66,18,02,"A","GSN","ἀκαθάρτου","ἀκαθάρτου","ἀκαθάρτου","ἀκάθαρτος"
66,18,02,"C",NULL,"⸂καὶ","καὶ","καί","καί"
66,18,02,"N","NSF","φυλακὴ","φυλακὴ","φυλακή","φυλακή"
66,18,02,"A","GSN","παντὸς","παντὸς","παντός","πᾶς"
66,18,02,"N","GSN","θηρίου","θηρίου","θηρίου","θηρίον"
66,18,02,"A","GSN","ἀκαθάρτου⸃","ἀκαθάρτου","ἀκαθάρτου","ἀκάθαρτος"
66,18,02,"C",NULL,"καὶ","καὶ","καί","καί"
66,18,02,"V","XPPGSN","μεμισημένου,","μεμισημένου","μεμισημένου","μισέω"
66,18,03,"C",NULL,"ὅτι","ὅτι","ὅτι","ὅτι"
66,18,03,"P",NULL,"ἐκ","ἐκ","ἐκ","ἐκ"
66,18,03,"RA","GSM","τοῦ","τοῦ","τοῦ","ὁ"
66,18,03,"N","GSM","οἴνου","οἴνου","οἴνου","οἶνος"
66,18,03,"RA","GSM","τοῦ","τοῦ","τοῦ","ὁ"
66,18,03,"N","GSM","θυμοῦ","θυμοῦ","θυμοῦ","θυμός"
66,18,03,"RA","GSF","τῆς","τῆς","τῆς","ὁ"
66,18,03,"N","GSF","πορνείας","πορνείας","πορνείας","πορνεία"
66,18,03,"RP","GSF","αὐτῆς","αὐτῆς","αὐτῆς","αὐτός"
66,18,03,"V","3XAI-P","⸀πέπτωκαν","πέπτωκαν","πέπτωκαν","πίνω"
66,18,03,"A","NPN","πάντα","πάντα","πάντα","πᾶς"
66,18,03,"RA","NPN","τὰ","τὰ","τά","ὁ"
66,18,03,"N","NPN","ἔθνη,","ἔθνη","ἔθνη","ἔθνος"
66,18,03,"C",NULL,"καὶ","καὶ","καί","καί"
66,18,03,"RA","NPM","οἱ","οἱ","οἱ","ὁ"
66,18,03,"N","NPM","βασιλεῖς","βασιλεῖς","βασιλεῖς","βασιλεύς"
66,18,03,"RA","GSF","τῆς","τῆς","τῆς","ὁ"
66,18,03,"N","GSF","γῆς","γῆς","γῆς","γῆ"
66,18,03,"P",NULL,"μετ’","μετ’","μετά","μετά"
66,18,03,"RP","GSF","αὐτῆς","αὐτῆς","αὐτῆς","αὐτός"
66,18,03,"V","3AAI-P","ἐπόρνευσαν,","ἐπόρνευσαν","ἐπόρνευσαν","πορνεύω"
66,18,03,"C",NULL,"καὶ","καὶ","καί","καί"
66,18,03,"RA","NPM","οἱ","οἱ","οἱ","ὁ"
66,18,03,"N","NPM","ἔμποροι","ἔμποροι","ἔμποροι","ἔμπορος"
66,18,03,"RA","GSF","τῆς","τῆς","τῆς","ὁ"
66,18,03,"N","GSF","γῆς","γῆς","γῆς","γῆ"
66,18,03,"P",NULL,"ἐκ","ἐκ","ἐκ","ἐκ"
66,18,03,"RA","GSF","τῆς","τῆς","τῆς","ὁ"
66,18,03,"N","GSF","δυνάμεως","δυνάμεως","δυνάμεως","δύναμις"
66,18,03,"RA","GSN","τοῦ","τοῦ","τοῦ","ὁ"
66,18,03,"N","GSN","στρήνους","στρήνους","στρήνους","στρῆνος"
66,18,03,"RP","GSF","αὐτῆς","αὐτῆς","αὐτῆς","αὐτός"
66,18,03,"V","3AAI-P","ἐπλούτησαν.","ἐπλούτησαν","ἐπλούτησαν","πλουτέω"
66,18,04,"C",NULL,"Καὶ","Καὶ","καί","καί"
66,18,04,"V","1AAI-S","ἤκουσα","ἤκουσα","ἤκουσα","ἀκούω"
66,18,04,"A","ASF","ἄλλην","ἄλλην","ἄλλην","ἄλλος"
66,18,04,"N","ASF","φωνὴν","φωνὴν","φωνήν","φωνή"
66,18,04,"P",NULL,"ἐκ","ἐκ","ἐκ","ἐκ"
66,18,04,"RA","GSM","τοῦ","τοῦ","τοῦ","ὁ"
66,18,04,"N","GSM","οὐρανοῦ","οὐρανοῦ","οὐρανοῦ","οὐρανός"
66,18,04,"V","PAPASF","λέγουσαν·","λέγουσαν","λέγουσαν","λέγω"
66,18,04,"V","2AAD-P","⸀Ἐξέλθατε,","Ἐξέλθατε","ἐξέλθατε","ἐξέρχομαι"
66,18,04,"RA","NSM","⸂ὁ","ὁ","ὁ","ὁ"
66,18,04,"N","NSM","λαός","λαός","λαός","λαός"
66,18,04,"RP","GS","μου,","μου","μου","ἐγώ"
66,18,04,"P",NULL,"ἐξ","ἐξ","ἐκ","ἐκ"
66,18,04,"RP","GSF","αὐτῆς⸃,","αὐτῆς","αὐτῆς","αὐτός"
66,18,04,"C",NULL,"ἵνα","ἵνα","ἵνα","ἵνα"
66,18,04,"D",NULL,"μὴ","μὴ","μή","μή"
66,18,04,"V","2AAS-P","συγκοινωνήσητε","συγκοινωνήσητε","συγκοινωνήσητε","συγκοινωνέω"
66,18,04,"RA","DPF","ταῖς","ταῖς","ταῖς","ὁ"
66,18,04,"N","DPF","ἁμαρτίαις","ἁμαρτίαις","ἁμαρτίαις","ἁμαρτία"
66,18,04,"RP","GSF","αὐτῆς,","αὐτῆς","αὐτῆς","αὐτός"
66,18,04,"C",NULL,"καὶ","καὶ","καί","καί"
66,18,04,"P",NULL,"ἐκ","ἐκ","ἐκ","ἐκ"
66,18,04,"RA","GPF","τῶν","τῶν","τῶν","ὁ"
66,18,04,"N","GPF","πληγῶν","πληγῶν","πληγῶν","πληγή"
66,18,04,"RP","GSF","αὐτῆς","αὐτῆς","αὐτῆς","αὐτός"
66,18,04,"C",NULL,"ἵνα","ἵνα","ἵνα","ἵνα"
66,18,04,"D",NULL,"μὴ","μὴ","μή","μή"
66,18,04,"V","2AAS-P","λάβητε·","λάβητε","λάβητε","λαμβάνω"
66,18,05,"C",NULL,"ὅτι","ὅτι","ὅτι","ὅτι"
66,18,05,"V","3API-P","ἐκολλήθησαν","ἐκολλήθησαν","ἐκολλήθησαν","κολλάομαι"
66,18,05,"RP","GSF","αὐτῆς","αὐτῆς","αὐτῆς","αὐτός"
66,18,05,"RA","NPF","αἱ","αἱ","αἱ","ὁ"
66,18,05,"N","NPF","ἁμαρτίαι","ἁμαρτίαι","ἁμαρτίαι","ἁμαρτία"
66,18,05,"P",NULL,"ἄχρι","ἄχρι","ἄχρι","ἄχρι"
66,18,05,"RA","GSM","τοῦ","τοῦ","τοῦ","ὁ"
66,18,05,"N","GSM","οὐρανοῦ,","οὐρανοῦ","οὐρανοῦ","οὐρανός"
66,18,05,"C",NULL,"καὶ","καὶ","καί","καί"
66,18,05,"V","3AAI-S","ἐμνημόνευσεν","ἐμνημόνευσεν","ἐμνημόνευσε(ν)","μνημονεύω"
66,18,05,"RA","NSM","ὁ","ὁ","ὁ","ὁ"
66,18,05,"N","NSM","θεὸς","θεὸς","θεός","θεός"
66,18,05,"RA","APN","τὰ","τὰ","τά","ὁ"
66,18,05,"N","APN","ἀδικήματα","ἀδικήματα","ἀδικήματα","ἀδίκημα"
66,18,05,"RP","GSF","αὐτῆς.","αὐτῆς","αὐτῆς","αὐτός"
66,18,06,"V","2AAD-P","ἀπόδοτε","ἀπόδοτε","ἀπόδοτε","ἀποδίδωμι"
66,18,06,"RP","DSF","αὐτῇ","αὐτῇ","αὐτῇ","αὐτός"
66,18,06,"C",NULL,"ὡς","ὡς","ὡς","ὡς"
66,18,06,"D",NULL,"καὶ","καὶ","καί","καί"
66,18,06,"RP","NSF","αὐτὴ","αὐτὴ","αὐτή","αὐτός"
66,18,06,"V","3AAI-S","ἀπέδωκεν,","ἀπέδωκεν","ἀπέδωκε(ν)","ἀποδίδωμι"
66,18,06,"C",NULL,"καὶ","καὶ","καί","καί"
66,18,06,"V","2AAD-P","⸀διπλώσατε","διπλώσατε","διπλώσατε","διπλόω"
66,18,06,"RA","APN","⸀τὰ","τὰ","τά","ὁ"
66,18,06,"A","APN","διπλᾶ","διπλᾶ","διπλᾶ","διπλοῦς"
66,18,06,"P",NULL,"κατὰ","κατὰ","κατά","κατά"
66,18,06,"RA","APN","τὰ","τὰ","τά","ὁ"
66,18,06,"N","APN","ἔργα","ἔργα","ἔργα","ἔργον"
66,18,06,"RP","GSF","αὐτῆς·","αὐτῆς","αὐτῆς","αὐτός"
66,18,06,"P",NULL,"ἐν","ἐν","ἐν","ἐν"
66,18,06,"RA","DSN","τῷ","τῷ","τῷ","ὁ"
66,18,06,"N","DSN","ποτηρίῳ","ποτηρίῳ","ποτηρίῳ","ποτήριον"
66,18,06,"RR","DSN","ᾧ","ᾧ","ᾧ","ὅς"
66,18,06,"V","3AAI-S","ἐκέρασεν","ἐκέρασεν","ἐκέρασε(ν)","κεράννυμι"
66,18,06,"V","2AAD-P","κεράσατε","κεράσατε","κεράσατε","κεράννυμι"
66,18,06,"RP","DSF","αὐτῇ","αὐτῇ","αὐτῇ","αὐτός"
66,18,06,"A","ASN","διπλοῦν·","διπλοῦν","διπλοῦν","διπλοῦς"
66,18,07,"RR","APN","ὅσα","ὅσα","ὅσα","ὅσος"
66,18,07,"V","3AAI-S","ἐδόξασεν","ἐδόξασεν","ἐδόξασε(ν)","δοξάζω"
66,18,07,"RP","ASF","αὑτὴν","αὑτὴν","αὑτήν","ἑαυτοῦ"
66,18,07,"C",NULL,"καὶ","καὶ","καί","καί"
66,18,07,"V","3AAI-S","ἐστρηνίασεν,","ἐστρηνίασεν","ἐστρηνίασε(ν)","στρηνιάω"
66,18,07,"RD","ASM","τοσοῦτον","τοσοῦτον","τοσοῦτον","τοσοῦτος"
66,18,07,"V","2AAD-P","δότε","δότε","δότε","δίδωμι"
66,18,07,"RP","DSF","αὐτῇ","αὐτῇ","αὐτῇ","αὐτός"
66,18,07,"N","ASM","βασανισμὸν","βασανισμὸν","βασανισμόν","βασανισμός"
66,18,07,"C",NULL,"καὶ","καὶ","καί","καί"
66,18,07,"N","ASN","πένθος.","πένθος","πένθος","πένθος"
66,18,07,"C",NULL,"ὅτι","ὅτι","ὅτι","ὅτι"
66,18,07,"P",NULL,"ἐν","ἐν","ἐν","ἐν"
66,18,07,"RA","DSF","τῇ","τῇ","τῇ","ὁ"
66,18,07,"N","DSF","καρδίᾳ","καρδίᾳ","καρδίᾳ","καρδία"
66,18,07,"RP","GSF","αὐτῆς","αὐτῆς","αὐτῆς","αὐτός"
66,18,07,"V","3PAI-S","λέγει","λέγει","λέγει","λέγω"
66,18,07,"C",NULL,"ὅτι","ὅτι","ὅτι","ὅτι"
66,18,07,"V","1PMI-S","Κάθημαι","Κάθημαι","κάθημαι","κάθημαι"
66,18,07,"N","NSF","βασίλισσα,","βασίλισσα","βασίλισσα","βασίλισσα"
66,18,07,"C",NULL,"καὶ","καὶ","καί","καί"
66,18,07,"A","NSF","χήρα","χήρα","χήρα","χήρα"
66,18,07,"D",NULL,"οὐκ","οὐκ","οὐ","οὐ"
66,18,07,"V","1PAI-S","εἰμί,","εἰμί","εἰμί","εἰμί"
66,18,07,"C",NULL,"καὶ","καὶ","καί","καί"
66,18,07,"N","ASN","πένθος","πένθος","πένθος","πένθος"
66,18,07,"D",NULL,"οὐ","οὐ","οὐ","οὐ"
66,18,07,"D",NULL,"μὴ","μὴ","μή","μή"
66,18,07,"V","1AAS-S","ἴδω.","ἴδω","ἴδω","ὁράω"
66,18,08,"P",NULL,"διὰ","διὰ","διά","διά"
66,18,08,"RD","ASN","τοῦτο","τοῦτο","τοῦτο","οὗτος"
66,18,08,"P",NULL,"ἐν","ἐν","ἐν","ἐν"
66,18,08,"A","DSF","μιᾷ","μιᾷ","μιᾷ","εἷς"
66,18,08,"N","DSF","ἡμέρᾳ","ἡμέρᾳ","ἡμέρᾳ","ἡμέρα"
66,18,08,"V","3FAI-P","ἥξουσιν","ἥξουσιν","ἥξουσι(ν)","ἥκω"
66,18,08,"RA","NPF","αἱ","αἱ","αἱ","ὁ"
66,18,08,"N","NPF","πληγαὶ","πληγαὶ","πληγαί","πληγή"
66,18,08,"RP","GSF","αὐτῆς,","αὐτῆς","αὐτῆς","αὐτός"
66,18,08,"N","NSM","θάνατος","θάνατος","θάνατος","θάνατος"
66,18,08,"C",NULL,"καὶ","καὶ","καί","καί"
66,18,08,"N","NSN","πένθος","πένθος","πένθος","πένθος"
66,18,08,"C",NULL,"καὶ","καὶ","καί","καί"
66,18,08,"N","NSM","λιμός,","λιμός","λιμός","λιμός"
66,18,08,"C",NULL,"καὶ","καὶ","καί","καί"
66,18,08,"P",NULL,"ἐν","ἐν","ἐν","ἐν"
66,18,08,"N","DSN","πυρὶ","πυρὶ","πυρί","πῦρ"
66,18,08,"V","3FPI-S","κατακαυθήσεται·","κατακαυθήσεται","κατακαυθήσεται","κατακαίω"
66,18,08,"C",NULL,"ὅτι","ὅτι","ὅτι","ὅτι"
66,18,08,"A","NSM","ἰσχυρὸς","ἰσχυρὸς","ἰσχυρός","ἰσχυρός"
66,18,08,"N","NSM","κύριος","κύριος","κύριος","κύριος"
66,18,08,"RA","NSM","ὁ","ὁ","ὁ","ὁ"
66,18,08,"N","NSM","θεὸς","θεὸς","θεός","θεός"
66,18,08,"RA","NSM","ὁ","ὁ","ὁ","ὁ"
66,18,08,"V","AAPNSM","κρίνας","κρίνας","κρίνας","κρίνω"
66,18,08,"RP","ASF","αὐτήν.","αὐτήν","αὐτήν","αὐτός"
66,18,09,"C",NULL,"Καὶ","Καὶ","καί","καί"
66,18,09,"V","3FAI-P","κλαύσουσιν","κλαύσουσιν","κλαύσουσι(ν)","κλαίω"
66,18,09,"C",NULL,"καὶ","καὶ","καί","καί"
66,18,09,"V","3FMI-P","κόψονται","κόψονται","κόψονται","κόπτω"
66,18,09,"P",NULL,"ἐπ’","ἐπ’","ἐπί","ἐπί"
66,18,09,"RP","ASF","αὐτὴν","αὐτὴν","αὐτήν","αὐτός"
66,18,09,"RA","NPM","οἱ","οἱ","οἱ","ὁ"
66,18,09,"N","NPM","βασιλεῖς","βασιλεῖς","βασιλεῖς","βασιλεύς"
66,18,09,"RA","GSF","τῆς","τῆς","τῆς","ὁ"
66,18,09,"N","GSF","γῆς","γῆς","γῆς","γῆ"
66,18,09,"RA","NPM","οἱ","οἱ","οἱ","ὁ"
66,18,09,"P",NULL,"μετ’","μετ’","μετά","μετά"
66,18,09,"RP","GSF","αὐτῆς","αὐτῆς","αὐτῆς","αὐτός"
66,18,09,"V","AAPNPM","πορνεύσαντες","πορνεύσαντες","πορνεύσαντες","πορνεύω"
66,18,09,"C",NULL,"καὶ","καὶ","καί","καί"
66,18,09,"V","AAPNPM","στρηνιάσαντες,","στρηνιάσαντες","στρηνιάσαντες","στρηνιάω"
66,18,09,"C",NULL,"ὅταν","ὅταν","ὅταν","ὅταν"
66,18,09,"V","3PAS-P","βλέπωσιν","βλέπωσιν","βλέπωσι(ν)","βλέπω"
66,18,09,"RA","ASM","τὸν","τὸν","τόν","ὁ"
66,18,09,"N","ASM","καπνὸν","καπνὸν","καπνόν","καπνός"
66,18,09,"RA","GSF","τῆς","τῆς","τῆς","ὁ"
66,18,09,"N","GSF","πυρώσεως","πυρώσεως","πυρώσεως","πύρωσις"
66,18,09,"RP","GSF","αὐτῆς,","αὐτῆς","αὐτῆς","αὐτός"
66,18,10,"P",NULL,"ἀπὸ","ἀπὸ","ἀπό","ἀπό"
66,18,10,"D",NULL,"μακρόθεν","μακρόθεν","μακρόθεν","μακρόθεν"
66,18,10,"V","XAPNPM","ἑστηκότες","ἑστηκότες","ἑστηκότες","ἵστημι"
66,18,10,"P",NULL,"διὰ","διὰ","διά","διά"
66,18,10,"RA","ASM","τὸν","τὸν","τόν","ὁ"
66,18,10,"N","ASM","φόβον","φόβον","φόβον","φόβος"
66,18,10,"RA","GSM","τοῦ","τοῦ","τοῦ","ὁ"
66,18,10,"N","GSM","βασανισμοῦ","βασανισμοῦ","βασανισμοῦ","βασανισμός"
66,18,10,"RP","GSF","αὐτῆς","αὐτῆς","αὐτῆς","αὐτός"
66,18,10,"V","PAPNPM","λέγοντες·","λέγοντες","λέγοντες","λέγω"
66,18,10,"X",NULL,"Οὐαὶ","Οὐαὶ","οὐαί","οὐαί"
66,18,10,"I",NULL,"οὐαί,","οὐαί","οὐαί","οὐαί"
66,18,10,"RA","NSF","ἡ","ἡ","ἡ","ὁ"
66,18,10,"N","NSF","πόλις","πόλις","πόλις","πόλις"
66,18,10,"RA","NSF","ἡ","ἡ","ἡ","ὁ"
66,18,10,"A","NSF","μεγάλη,","μεγάλη","μεγάλη","μέγας"
66,18,10,"N","NSF","Βαβυλὼν","Βαβυλὼν","Βαβυλών","Βαβυλών"
66,18,10,"RA","NSF","ἡ","ἡ","ἡ","ὁ"
66,18,10,"N","NSF","πόλις","πόλις","πόλις","πόλις"
66,18,10,"RA","NSF","ἡ","ἡ","ἡ","ὁ"
66,18,10,"A","NSF","ἰσχυρά,","ἰσχυρά","ἰσχυρά","ἰσχυρός"
66,18,10,"C",NULL,"ὅτι","ὅτι","ὅτι","ὅτι"
66,18,10,"A","DSF","μιᾷ","μιᾷ","μιᾷ","εἷς"
66,18,10,"N","DSF","ὥρᾳ","ὥρᾳ","ὥρᾳ","ὥρα"
66,18,10,"V","3AAI-S","ἦλθεν","ἦλθεν","ἦλθε(ν)","ἔρχομαι"
66,18,10,"RA","NSF","ἡ","ἡ","ἡ","ὁ"
66,18,10,"N","NSF","κρίσις","κρίσις","κρίσις","κρίσις"
66,18,10,"RP","GS","σου.","σου","σου","σύ"
66,18,11,"C",NULL,"Καὶ","Καὶ","καί","καί"
66,18,11,"RA","NPM","οἱ","οἱ","οἱ","ὁ"
66,18,11,"N","NPM","ἔμποροι","ἔμποροι","ἔμποροι","ἔμπορος"
66,18,11,"RA","GSF","τῆς","τῆς","τῆς","ὁ"
66,18,11,"N","GSF","γῆς","γῆς","γῆς","γῆ"
66,18,11,"V","3PAI-P","⸂κλαίουσιν","κλαίουσιν","κλαίουσι(ν)","κλαίω"
66,18,11,"C",NULL,"καὶ","καὶ","καί","καί"
66,18,11,"V","3PAI-P","πενθοῦσιν⸃","πενθοῦσιν","πενθοῦσι(ν)","πενθέω"
66,18,11,"P",NULL,"ἐπ’","ἐπ’","ἐπί","ἐπί"
66,18,11,"RP","ASF","⸀αὐτήν,","αὐτήν","αὐτήν","αὐτός"
66,18,11,"C",NULL,"ὅτι","ὅτι","ὅτι","ὅτι"
66,18,11,"RA","ASM","τὸν","τὸν","τόν","ὁ"
66,18,11,"N","ASM","γόμον","γόμον","γόμον","γόμος"
66,18,11,"RP","GPM","αὐτῶν","αὐτῶν","αὐτῶν","αὐτός"
66,18,11,"A","NSM","οὐδεὶς","οὐδεὶς","οὐδείς","οὐδείς"
66,18,11,"V","3PAI-S","ἀγοράζει","ἀγοράζει","ἀγοράζει","ἀγοράζω"
66,18,11,"D",NULL,"οὐκέτι,","οὐκέτι","οὐκέτι","οὐκέτι"
66,18,12,"N","ASM","γόμον","γόμον","γόμον","γόμος"
66,18,12,"N","GSM","χρυσοῦ","χρυσοῦ","χρυσοῦ","χρυσός"
66,18,12,"C",NULL,"καὶ","καὶ","καί","καί"
66,18,12,"N","GSM","ἀργύρου","ἀργύρου","ἀργύρου","ἄργυρος"
66,18,12,"C",NULL,"καὶ","καὶ","καί","καί"
66,18,12,"N","GSM","λίθου","λίθου","λίθου","λίθος"
66,18,12,"A","GSM","τιμίου","τιμίου","τιμίου","τίμιος"
66,18,12,"C",NULL,"καὶ","καὶ","καί","καί"
66,18,12,"N","GPM","⸀μαργαριτῶν","μαργαριτῶν","μαργαριτῶν","μαργαρίτης"
66,18,12,"C",NULL,"καὶ","καὶ","καί","καί"
66,18,12,"A","GSN","βυσσίνου","βυσσίνου","βυσσίνου","βύσσινος"
66,18,12,"C",NULL,"καὶ","καὶ","καί","καί"
66,18,12,"N","GSF","⸀πορφύρας","πορφύρας","πορφύρας","πορφύρα"
66,18,12,"C",NULL,"καὶ","καὶ","καί","καί"
66,18,12,"A","GSN","σιρικοῦ","σιρικοῦ","σιρικοῦ","σιρικός"
66,18,12,"C",NULL,"καὶ","καὶ","καί","καί"
66,18,12,"A","GSN","κοκκίνου,","κοκκίνου","κοκκίνου","κόκκινος"
66,18,12,"C",NULL,"καὶ","καὶ","καί","καί"
66,18,12,"A","ASN","πᾶν","πᾶν","πᾶν","πᾶς"
66,18,12,"N","ASN","ξύλον","ξύλον","ξύλον","ξύλον"
66,18,12,"A","ASN","θύϊνον","θύϊνον","θύϊνον","θύϊνος"
66,18,12,"C",NULL,"καὶ","καὶ","καί","καί"
66,18,12,"A","ASN","πᾶν","πᾶν","πᾶν","πᾶς"
66,18,12,"N","ASN","σκεῦος","σκεῦος","σκεῦος","σκεῦος"
66,18,12,"A","ASN","ἐλεφάντινον","ἐλεφάντινον","ἐλεφάντινον","ἐλεφάντινος"
66,18,12,"C",NULL,"καὶ","καὶ","καί","καί"
66,18,12,"A","ASN","πᾶν","πᾶν","πᾶν","πᾶς"
66,18,12,"N","ASN","σκεῦος","σκεῦος","σκεῦος","σκεῦος"
66,18,12,"P",NULL,"ἐκ","ἐκ","ἐκ","ἐκ"
66,18,12,"N","GSN","ξύλου","ξύλου","ξύλου","ξύλον"
66,18,12,"A","GSNS","τιμιωτάτου","τιμιωτάτου","τιμιωτάτου","τίμιος"
66,18,12,"C",NULL,"καὶ","καὶ","καί","καί"
66,18,12,"N","GSM","χαλκοῦ","χαλκοῦ","χαλκοῦ","χαλκός"
66,18,12,"C",NULL,"καὶ","καὶ","καί","καί"
66,18,12,"N","GSM","σιδήρου","σιδήρου","σιδήρου","σίδηρος"
66,18,12,"C",NULL,"καὶ","καὶ","καί","καί"
66,18,12,"N","GSM","μαρμάρου,","μαρμάρου","μαρμάρου","μάρμαρος"
66,18,13,"C",NULL,"καὶ","καὶ","καί","καί"
66,18,13,"N","ASN","κιννάμωμον","κιννάμωμον","κιννάμωμον","κιννάμωμον"
66,18,13,"C",NULL,"⸂καὶ","καὶ","καί","καί"
66,18,13,"N","ASN","ἄμωμον⸃","ἄμωμον","ἄμωμον","ἄμωμον"
66,18,13,"C",NULL,"καὶ","καὶ","καί","καί"
66,18,13,"N","APN","θυμιάματα","θυμιάματα","θυμιάματα","θυμίαμα"
66,18,13,"C",NULL,"καὶ","καὶ","καί","καί"
66,18,13,"N","ASN","μύρον","μύρον","μύρον","μύρον"
66,18,13,"C",NULL,"καὶ","καὶ","καί","καί"
66,18,13,"N","ASM","λίβανον","λίβανον","λίβανον","λίβανος"
66,18,13,"C",NULL,"καὶ","καὶ","καί","καί"
66,18,13,"N","ASM","οἶνον","οἶνον","οἶνον","οἶνος"
66,18,13,"C",NULL,"καὶ","καὶ","καί","καί"
66,18,13,"N","ASN","ἔλαιον","ἔλαιον","ἔλαιον","ἔλαιον"
66,18,13,"C",NULL,"καὶ","καὶ","καί","καί"
66,18,13,"N","ASF","σεμίδαλιν","σεμίδαλιν","σεμίδαλιν","σεμίδαλις"
66,18,13,"C",NULL,"καὶ","καὶ","καί","καί"
66,18,13,"N","ASM","σῖτον","σῖτον","σῖτον","σῖτος"
66,18,13,"C",NULL,"καὶ","καὶ","καί","καί"
66,18,13,"N","APN","⸂κτήνη","κτήνη","κτήνη","κτῆνος"
66,18,13,"C",NULL,"καὶ","καὶ","καί","καί"
66,18,13,"N","APN","πρόβατα⸃,","πρόβατα","πρόβατα","πρόβατον"
66,18,13,"C",NULL,"καὶ","καὶ","καί","καί"
66,18,13,"N","GPM","ἵππων","ἵππων","ἵππων","ἵππος"
66,18,13,"C",NULL,"καὶ","καὶ","καί","καί"
66,18,13,"N","GPF","ῥεδῶν","ῥεδῶν","ῥεδῶν","ῥέδη"
66,18,13,"C",NULL,"καὶ","καὶ","καί","καί"
66,18,13,"N","GPN","σωμάτων,","σωμάτων","σωμάτων","σῶμα"
66,18,13,"C",NULL,"καὶ","καὶ","καί","καί"
66,18,13,"N","APF","ψυχὰς","ψυχὰς","ψυχάς","ψυχή"
66,18,13,"N","GPM","ἀνθρώπων.","ἀνθρώπων","ἀνθρώπων","ἄνθρωπος"
66,18,14,"C",NULL,"καὶ","καὶ","καί","καί"
66,18,14,"RA","NSF","ἡ","ἡ","ἡ","ὁ"
66,18,14,"N","NSF","ὀπώρα","ὀπώρα","ὀπώρα","ὀπώρα"
66,18,14,"RP","GS","⸂σου","σου","σου","σύ"
66,18,14,"RA","GSF","τῆς","τῆς","τῆς","ὁ"
66,18,14,"N","GSF","ἐπιθυμίας","ἐπιθυμίας","ἐπιθυμίας","ἐπιθυμία"
66,18,14,"RA","GSF","τῆς","τῆς","τῆς","ὁ"
66,18,14,"N","GSF","ψυχῆς⸃","ψυχῆς","ψυχῆς","ψυχή"
66,18,14,"V","3AAI-S","ἀπῆλθεν","ἀπῆλθεν","ἀπῆλθε(ν)","ἀπέρχομαι"
66,18,14,"P",NULL,"ἀπὸ","ἀπὸ","ἀπό","ἀπό"
66,18,14,"RP","GS","σοῦ,","σοῦ","σοῦ","σύ"
66,18,14,"C",NULL,"καὶ","καὶ","καί","καί"
66,18,14,"A","NPN","πάντα","πάντα","πάντα","πᾶς"
66,18,14,"RA","NPN","τὰ","τὰ","τά","ὁ"
66,18,14,"A","NPN","λιπαρὰ","λιπαρὰ","λιπαρά","λιπαρός"
66,18,14,"C",NULL,"καὶ","καὶ","καί","καί"
66,18,14,"RA","NPN","τὰ","τὰ","τά","ὁ"
66,18,14,"A","NPN","λαμπρὰ","λαμπρὰ","λαμπρά","λαμπρός"
66,18,14,"V","3AMI-S","ἀπώλετο","ἀπώλετο","ἀπώλετο","ἀπόλλυμι"
66,18,14,"P",NULL,"ἀπὸ","ἀπὸ","ἀπό","ἀπό"
66,18,14,"RP","GS","σοῦ,","σοῦ","σοῦ","σύ"
66,18,14,"C",NULL,"καὶ","καὶ","καί","καί"
66,18,14,"D",NULL,"⸀οὐκέτι","οὐκέτι","οὐκέτι","οὐκέτι"
66,18,14,"D",NULL,"⸂οὐ","οὐ","οὐ","οὐ"
66,18,14,"D",NULL,"μὴ","μὴ","μή","μή"
66,18,14,"RP","APN","αὐτὰ","αὐτὰ","αὐτά","αὐτός"
66,18,14,"V","3FAI-P","εὑρήσουσιν⸃.","εὑρήσουσιν","εὑρήσουσι(ν)","εὑρίσκω"
66,18,15,"RA","NPM","οἱ","οἱ","οἱ","ὁ"
66,18,15,"N","NPM","ἔμποροι","ἔμποροι","ἔμποροι","ἔμπορος"
66,18,15,"RD","GPN","τούτων,","τούτων","τούτων","οὗτος"
66,18,15,"RA","NPM","οἱ","οἱ","οἱ","ὁ"
66,18,15,"V","AAPNPM","πλουτήσαντες","πλουτήσαντες","πλουτήσαντες","πλουτέω"
66,18,15,"P",NULL,"ἀπ’","ἀπ’","ἀπό","ἀπό"
66,18,15,"RP","GSF","αὐτῆς,","αὐτῆς","αὐτῆς","αὐτός"
66,18,15,"P",NULL,"ἀπὸ","ἀπὸ","ἀπό","ἀπό"
66,18,15,"D",NULL,"μακρόθεν","μακρόθεν","μακρόθεν","μακρόθεν"
66,18,15,"V","3FMI-P","στήσονται","στήσονται","στήσονται","ἵστημι"
66,18,15,"P",NULL,"διὰ","διὰ","διά","διά"
66,18,15,"RA","ASM","τὸν","τὸν","τόν","ὁ"
66,18,15,"N","ASM","φόβον","φόβον","φόβον","φόβος"
66,18,15,"RA","GSM","τοῦ","τοῦ","τοῦ","ὁ"
66,18,15,"N","GSM","βασανισμοῦ","βασανισμοῦ","βασανισμοῦ","βασανισμός"
66,18,15,"RP","GSF","αὐτῆς","αὐτῆς","αὐτῆς","αὐτός"
66,18,15,"V","PAPNPM","κλαίοντες","κλαίοντες","κλαίοντες","κλαίω"
66,18,15,"C",NULL,"καὶ","καὶ","καί","καί"
66,18,15,"V","PAPNPM","πενθοῦντες,","πενθοῦντες","πενθοῦντες","πενθέω"
66,18,16,"V","PAPNPM","⸀λέγοντες·","λέγοντες","λέγοντες","λέγω"
66,18,16,"X",NULL,"Οὐαὶ","Οὐαὶ","οὐαί","οὐαί"
66,18,16,"I",NULL,"οὐαί,","οὐαί","οὐαί","οὐαί"
66,18,16,"RA","NSF","ἡ","ἡ","ἡ","ὁ"
66,18,16,"N","NSF","πόλις","πόλις","πόλις","πόλις"
66,18,16,"RA","NSF","ἡ","ἡ","ἡ","ὁ"
66,18,16,"A","NSF","μεγάλη,","μεγάλη","μεγάλη","μέγας"
66,18,16,"RA","NSF","ἡ","ἡ","ἡ","ὁ"
66,18,16,"V","XMPNSF","περιβεβλημένη","περιβεβλημένη","περιβεβλημένη","περιβάλλω"
66,18,16,"A","ASN","βύσσινον","βύσσινον","βύσσινον","βύσσινος"
66,18,16,"C",NULL,"καὶ","καὶ","καί","καί"
66,18,16,"A","ASN","πορφυροῦν","πορφυροῦν","πορφυροῦν","πορφυροῦς"
66,18,16,"C",NULL,"καὶ","καὶ","καί","καί"
66,18,16,"A","ASN","κόκκινον","κόκκινον","κόκκινον","κόκκινος"
66,18,16,"C",NULL,"καὶ","καὶ","καί","καί"
66,18,16,"V","XPPNSF","⸀κεχρυσωμένη","κεχρυσωμένη","κεχρυσωμένη","χρυσόω"
66,18,16,"N","DSN","χρυσίῳ","χρυσίῳ","χρυσίῳ","χρυσίον"
66,18,16,"C",NULL,"καὶ","καὶ","καί","καί"
66,18,16,"N","DSM","λίθῳ","λίθῳ","λίθῳ","λίθος"
66,18,16,"A","DSM","τιμίῳ","τιμίῳ","τιμίῳ","τίμιος"
66,18,16,"C",NULL,"καὶ","καὶ","καί","καί"
66,18,16,"N","DSM","⸀μαργαρίτῃ,","μαργαρίτῃ","μαργαρίτῃ","μαργαρίτης"
66,18,17,"C",NULL,"ὅτι","ὅτι","ὅτι","ὅτι"
66,18,17,"A","DSF","μιᾷ","μιᾷ","μιᾷ","εἷς"
66,18,17,"N","DSF","ὥρᾳ","ὥρᾳ","ὥρᾳ","ὥρα"
66,18,17,"V","3API-S","ἠρημώθη","ἠρημώθη","ἠρημώθη","ἐρημόομαι"
66,18,17,"RA","NSM","ὁ","ὁ","ὁ","ὁ"
66,18,17,"RD","NSM","τοσοῦτος","τοσοῦτος","τοσοῦτος","τοσοῦτος"
66,18,17,"N","NSM","πλοῦτος.","πλοῦτος","πλοῦτος","πλοῦτος"
66,18,17,"C",NULL,"Καὶ","Καὶ","καί","καί"
66,18,17,"A","NSM","πᾶς","πᾶς","πᾶς","πᾶς"
66,18,17,"N","NSM","κυβερνήτης","κυβερνήτης","κυβερνήτης","κυβερνήτης"
66,18,17,"C",NULL,"καὶ","καὶ","καί","καί"
66,18,17,"A","NSM","πᾶς","πᾶς","πᾶς","πᾶς"
66,18,17,"RA","NSM","ὁ","ὁ","ὁ","ὁ"
66,18,17,"P",NULL,"ἐπὶ","ἐπὶ","ἐπί","ἐπί"
66,18,17,"N","ASM","τόπον","τόπον","τόπον","τόπος"
66,18,17,"V","PAPNSM","πλέων,","πλέων","πλέων","πλέω"
66,18,17,"C",NULL,"καὶ","καὶ","καί","καί"
66,18,17,"N","NPM","ναῦται","ναῦται","ναῦται","ναύτης"
66,18,17,"C",NULL,"καὶ","καὶ","καί","καί"
66,18,17,"RR","NPM","ὅσοι","ὅσοι","ὅσοι","ὅσος"
66,18,17,"RA","ASF","τὴν","τὴν","τήν","ὁ"
66,18,17,"N","ASF","θάλασσαν","θάλασσαν","θάλασσαν","θάλασσα"
66,18,17,"V","3PMI-P","ἐργάζονται,","ἐργάζονται","ἐργάζονται","ἐργάζομαι"
66,18,17,"P",NULL,"ἀπὸ","ἀπὸ","ἀπό","ἀπό"
66,18,17,"D",NULL,"μακρόθεν","μακρόθεν","μακρόθεν","μακρόθεν"
66,18,17,"V","3AAI-P","ἔστησαν","ἔστησαν","ἔστησαν","ἵστημι"
66,18,18,"C",NULL,"καὶ","καὶ","καί","καί"
66,18,18,"V","3AAI-P","⸀ἔκραξαν","ἔκραξαν","ἔκραξαν","κράζω"
66,18,18,"V","PAPNPM","βλέποντες","βλέποντες","βλέποντες","βλέπω"
66,18,18,"RA","ASM","τὸν","τὸν","τόν","ὁ"
66,18,18,"N","ASM","καπνὸν","καπνὸν","καπνόν","καπνός"
66,18,18,"RA","GSF","τῆς","τῆς","τῆς","ὁ"
66,18,18,"N","GSF","πυρώσεως","πυρώσεως","πυρώσεως","πύρωσις"
66,18,18,"RP","GSF","αὐτῆς","αὐτῆς","αὐτῆς","αὐτός"
66,18,18,"V","PAPNPM","λέγοντες·","λέγοντες","λέγοντες","λέγω"
66,18,18,"RI","NSF","Τίς","Τίς","τίς","τίς"
66,18,18,"A","NSF","ὁμοία","ὁμοία","ὁμοία","ὅμοιος"
66,18,18,"RA","DSF","τῇ","τῇ","τῇ","ὁ"
66,18,18,"N","DSF","πόλει","πόλει","πόλει","πόλις"
66,18,18,"RA","DSF","τῇ","τῇ","τῇ","ὁ"
66,18,18,"A","DSF","μεγάλῃ;","μεγάλῃ","μεγάλῃ","μέγας"
66,18,19,"C",NULL,"καὶ","καὶ","καί","καί"
66,18,19,"V","3AAI-P","ἔβαλον","ἔβαλον","ἔβαλον","βάλλω"
66,18,19,"N","ASM","χοῦν","χοῦν","χοῦν","χοῦς"
66,18,19,"P",NULL,"ἐπὶ","ἐπὶ","ἐπί","ἐπί"
66,18,19,"RA","APF","τὰς","τὰς","τάς","ὁ"
66,18,19,"N","APF","κεφαλὰς","κεφαλὰς","κεφαλάς","κεφαλή"
66,18,19,"RP","GPM","αὐτῶν","αὐτῶν","αὐτῶν","αὐτός"
66,18,19,"C",NULL,"καὶ","καὶ","καί","καί"
66,18,19,"V","3AAI-P","⸀ἔκραξαν","ἔκραξαν","ἔκραξαν","κράζω"
66,18,19,"V","PAPNPM","κλαίοντες","κλαίοντες","κλαίοντες","κλαίω"
66,18,19,"C",NULL,"καὶ","καὶ","καί","καί"
66,18,19,"V","PAPNPM","⸀πενθοῦντες","πενθοῦντες","πενθοῦντες","πενθέω"
66,18,19,"V","PAPNPM","λέγοντες·","λέγοντες","λέγοντες","λέγω"
66,18,19,"X",NULL,"Οὐαὶ","Οὐαὶ","οὐαί","οὐαί"
66,18,19,"I",NULL,"οὐαί,","οὐαί","οὐαί","οὐαί"
66,18,19,"RA","NSF","ἡ","ἡ","ἡ","ὁ"
66,18,19,"N","NSF","πόλις","πόλις","πόλις","πόλις"
66,18,19,"RA","NSF","ἡ","ἡ","ἡ","ὁ"
66,18,19,"A","NSF","μεγάλη,","μεγάλη","μεγάλη","μέγας"
66,18,19,"P",NULL,"ἐν","ἐν","ἐν","ἐν"
66,18,19,"RR","DSF","ᾗ","ᾗ","ᾗ","ὅς"
66,18,19,"V","3AAI-P","ἐπλούτησαν","ἐπλούτησαν","ἐπλούτησαν","πλουτέω"
66,18,19,"A","NPM","πάντες","πάντες","πάντες","πᾶς"
66,18,19,"RA","NPM","οἱ","οἱ","οἱ","ὁ"
66,18,19,"V","PAPNPM","ἔχοντες","ἔχοντες","ἔχοντες","ἔχω"
66,18,19,"RA","APN","τὰ","τὰ","τά","ὁ"
66,18,19,"N","APN","πλοῖα","πλοῖα","πλοῖα","πλοῖον"
66,18,19,"P",NULL,"ἐν","ἐν","ἐν","ἐν"
66,18,19,"RA","DSF","τῇ","τῇ","τῇ","ὁ"
66,18,19,"N","DSF","θαλάσσῃ","θαλάσσῃ","θαλάσσῃ","θάλασσα"
66,18,19,"P",NULL,"ἐκ","ἐκ","ἐκ","ἐκ"
66,18,19,"RA","GSF","τῆς","τῆς","τῆς","ὁ"
66,18,19,"N","GSF","τιμιότητος","τιμιότητος","τιμιότητος","τιμιότης"
66,18,19,"RP","GSF","αὐτῆς,","αὐτῆς","αὐτῆς","αὐτός"
66,18,19,"C",NULL,"ὅτι","ὅτι","ὅτι","ὅτι"
66,18,19,"A","DSF","μιᾷ","μιᾷ","μιᾷ","εἷς"
66,18,19,"N","DSF","ὥρᾳ","ὥρᾳ","ὥρᾳ","ὥρα"
66,18,19,"V","3API-S","ἠρημώθη.","ἠρημώθη","ἠρημώθη","ἐρημόομαι"
66,18,20,"V","2PPD-S","Εὐφραίνου","Εὐφραίνου","εὐφραίνου","εὐφραίνω"
66,18,20,"P",NULL,"ἐπ’","ἐπ’","ἐπί","ἐπί"
66,18,20,"RP","DSF","αὐτῇ,","αὐτῇ","αὐτῇ","αὐτός"
66,18,20,"N","VSM","οὐρανέ,","οὐρανέ","οὐρανέ","οὐρανός"
66,18,20,"C",NULL,"καὶ","καὶ","καί","καί"
66,18,20,"RA","NPM","οἱ","οἱ","οἱ","ὁ"
66,18,20,"A","NPM","ἅγιοι","ἅγιοι","ἅγιοι","ἅγιος"
66,18,20,"C",NULL,"καὶ","καὶ","καί","καί"
66,18,20,"RA","NPM","οἱ","οἱ","οἱ","ὁ"
66,18,20,"N","NPM","ἀπόστολοι","ἀπόστολοι","ἀπόστολοι","ἀπόστολος"
66,18,20,"C",NULL,"καὶ","καὶ","καί","καί"
66,18,20,"RA","NPM","οἱ","οἱ","οἱ","ὁ"
66,18,20,"N","NPM","προφῆται,","προφῆται","προφῆται","προφήτης"
66,18,20,"C",NULL,"ὅτι","ὅτι","ὅτι","ὅτι"
66,18,20,"V","3AAI-S","ἔκρινεν","ἔκρινεν","ἔκρινε(ν)","κρίνω"
66,18,20,"RA","NSM","ὁ","ὁ","ὁ","ὁ"
66,18,20,"N","NSM","θεὸς","θεὸς","θεός","θεός"
66,18,20,"RA","ASN","τὸ","τὸ","τό","ὁ"
66,18,20,"N","ASN","κρίμα","κρίμα","κρίμα","κρίμα"
66,18,20,"RP","GP","ὑμῶν","ὑμῶν","ὑμῶν","σύ"
66,18,20,"P",NULL,"ἐξ","ἐξ","ἐκ","ἐκ"
66,18,20,"RP","GSF","αὐτῆς.","αὐτῆς","αὐτῆς","αὐτός"
66,18,21,"C",NULL,"Καὶ","Καὶ","καί","καί"
66,18,21,"V","3AAI-S","ἦρεν","ἦρεν","ἦρε(ν)","αἴρω"
66,18,21,"A","NSM","εἷς","εἷς","εἷς","εἷς"
66,18,21,"N","NSM","ἄγγελος","ἄγγελος","ἄγγελος","ἄγγελος"
66,18,21,"A","NSM","ἰσχυρὸς","ἰσχυρὸς","ἰσχυρός","ἰσχυρός"
66,18,21,"N","ASM","λίθον","λίθον","λίθον","λίθος"
66,18,21,"C",NULL,"ὡς","ὡς","ὡς","ὡς"
66,18,21,"A","ASM","⸀μύλινον","μύλινον","μύλινον","μύλινος"
66,18,21,"A","ASM","μέγαν,","μέγαν","μέγαν","μέγας"
66,18,21,"C",NULL,"καὶ","καὶ","καί","καί"
66,18,21,"V","3AAI-S","ἔβαλεν","ἔβαλεν","ἔβαλε(ν)","βάλλω"
66,18,21,"P",NULL,"εἰς","εἰς","εἰς","εἰς"
66,18,21,"RA","ASF","τὴν","τὴν","τήν","ὁ"
66,18,21,"N","ASF","θάλασσαν","θάλασσαν","θάλασσαν","θάλασσα"
66,18,21,"V","PAPNSM","λέγων·","λέγων","λέγων","λέγω"
66,18,21,"D",NULL,"Οὕτως","Οὕτως","οὕτω(ς)","οὕτω(ς)"
66,18,21,"N","DSN","ὁρμήματι","ὁρμήματι","ὁρμήματι","ὅρμημα"
66,18,21,"V","3FPI-S","βληθήσεται","βληθήσεται","βληθήσεται","βάλλω"
66,18,21,"N","NSF","Βαβυλὼν","Βαβυλὼν","Βαβυλών","Βαβυλών"
66,18,21,"RA","NSF","ἡ","ἡ","ἡ","ὁ"
66,18,21,"A","NSF","μεγάλη","μεγάλη","μεγάλη","μέγας"
66,18,21,"N","NSF","πόλις,","πόλις","πόλις","πόλις"
66,18,21,"C",NULL,"καὶ","καὶ","καί","καί"
66,18,21,"D",NULL,"οὐ","οὐ","οὐ","οὐ"
66,18,21,"D",NULL,"μὴ","μὴ","μή","μή"
66,18,21,"V","3APS-S","εὑρεθῇ","εὑρεθῇ","εὑρεθῇ","εὑρίσκω"
66,18,21,"D",NULL,"ἔτι.","ἔτι","ἔτι","ἔτι"
66,18,22,"C",NULL,"καὶ","καὶ","καί","καί"
66,18,22,"N","NSF","φωνὴ","φωνὴ","φωνή","φωνή"
66,18,22,"N","GPM","κιθαρῳδῶν","κιθαρῳδῶν","κιθαρῳδῶν","κιθαρῳδός"
66,18,22,"C",NULL,"καὶ","καὶ","καί","καί"
66,18,22,"A","GPM","μουσικῶν","μουσικῶν","μουσικῶν","μουσικός"
66,18,22,"C",NULL,"καὶ","καὶ","καί","καί"
66,18,22,"N","GPM","αὐλητῶν","αὐλητῶν","αὐλητῶν","αὐλητής"
66,18,22,"C",NULL,"καὶ","καὶ","καί","καί"
66,18,22,"N","GPM","σαλπιστῶν","σαλπιστῶν","σαλπιστῶν","σαλπιστής"
66,18,22,"D",NULL,"οὐ","οὐ","οὐ","οὐ"
66,18,22,"D",NULL,"μὴ","μὴ","μή","μή"
66,18,22,"V","3APS-S","ἀκουσθῇ","ἀκουσθῇ","ἀκουσθῇ","ἀκούω"
66,18,22,"P",NULL,"ἐν","ἐν","ἐν","ἐν"
66,18,22,"RP","DS","σοὶ","σοὶ","σοί","σύ"
66,18,22,"D",NULL,"ἔτι,","ἔτι","ἔτι","ἔτι"
66,18,22,"C",NULL,"καὶ","καὶ","καί","καί"
66,18,22,"A","NSM","πᾶς","πᾶς","πᾶς","πᾶς"
66,18,22,"N","NSM","τεχνίτης","τεχνίτης","τεχνίτης","τεχνίτης"
66,18,22,"A","GSF","πάσης","πάσης","πάσης","πᾶς"
66,18,22,"N","GSF","τέχνης","τέχνης","τέχνης","τέχνη"
66,18,22,"D",NULL,"οὐ","οὐ","οὐ","οὐ"
66,18,22,"D",NULL,"μὴ","μὴ","μή","μή"
66,18,22,"V","3APS-S","εὑρεθῇ","εὑρεθῇ","εὑρεθῇ","εὑρίσκω"
66,18,22,"P",NULL,"ἐν","ἐν","ἐν","ἐν"
66,18,22,"RP","DS","σοὶ","σοὶ","σοί","σύ"
66,18,22,"D",NULL,"ἔτι,","ἔτι","ἔτι","ἔτι"
66,18,22,"C",NULL,"καὶ","καὶ","καί","καί"
66,18,22,"N","NSF","φωνὴ","φωνὴ","φωνή","φωνή"
66,18,22,"N","GSM","μύλου","μύλου","μύλου","μύλος"
66,18,22,"D",NULL,"οὐ","οὐ","οὐ","οὐ"
66,18,22,"D",NULL,"μὴ","μὴ","μή","μή"
66,18,22,"V","3APS-S","ἀκουσθῇ","ἀκουσθῇ","ἀκουσθῇ","ἀκούω"
66,18,22,"P",NULL,"ἐν","ἐν","ἐν","ἐν"
66,18,22,"RP","DS","σοὶ","σοὶ","σοί","σύ"
66,18,22,"D",NULL,"ἔτι,","ἔτι","ἔτι","ἔτι"
66,18,23,"C",NULL,"καὶ","καὶ","καί","καί"
66,18,23,"N","NSN","φῶς","φῶς","φῶς","φῶς"
66,18,23,"N","GSM","λύχνου","λύχνου","λύχνου","λύχνος"
66,18,23,"D",NULL,"οὐ","οὐ","οὐ","οὐ"
66,18,23,"D",NULL,"μὴ","μὴ","μή","μή"
66,18,23,"V","3AAS-S","φάνῃ","φάνῃ","φάνῃ","φαίνω"
66,18,23,"P",NULL,"ἐν","ἐν","ἐν","ἐν"
66,18,23,"RP","DS","σοὶ","σοὶ","σοί","σύ"
66,18,23,"D",NULL,"ἔτι,","ἔτι","ἔτι","ἔτι"
66,18,23,"C",NULL,"καὶ","καὶ","καί","καί"
66,18,23,"N","NSF","φωνὴ","φωνὴ","φωνή","φωνή"
66,18,23,"N","GSM","νυμφίου","νυμφίου","νυμφίου","νυμφίος"
66,18,23,"C",NULL,"καὶ","καὶ","καί","καί"
66,18,23,"N","GSF","νύμφης","νύμφης","νύμφης","νύμφη"
66,18,23,"D",NULL,"οὐ","οὐ","οὐ","οὐ"
66,18,23,"D",NULL,"μὴ","μὴ","μή","μή"
66,18,23,"V","3APS-S","ἀκουσθῇ","ἀκουσθῇ","ἀκουσθῇ","ἀκούω"
66,18,23,"P",NULL,"ἐν","ἐν","ἐν","ἐν"
66,18,23,"RP","DS","σοὶ","σοὶ","σοί","σύ"
66,18,23,"D",NULL,"ἔτι·","ἔτι","ἔτι","ἔτι"
66,18,23,"C",NULL,"ὅτι","ὅτι","ὅτι","ὅτι"
66,18,23,"RA","NPM","οἱ","οἱ","οἱ","ὁ"
66,18,23,"N","NPM","ἔμποροί","ἔμποροί","ἔμποροι","ἔμπορος"
66,18,23,"RP","GS","σου","σου","σου","σύ"
66,18,23,"V","3IAI-P","ἦσαν","ἦσαν","ἦσαν","εἰμί"
66,18,23,"RA","NPM","οἱ","οἱ","οἱ","ὁ"
66,18,23,"N","NPM","μεγιστᾶνες","μεγιστᾶνες","μεγιστᾶνες","μεγιστάν"
66,18,23,"RA","GSF","τῆς","τῆς","τῆς","ὁ"
66,18,23,"N","GSF","γῆς,","γῆς","γῆς","γῆ"
66,18,23,"C",NULL,"ὅτι","ὅτι","ὅτι","ὅτι"
66,18,23,"P",NULL,"ἐν","ἐν","ἐν","ἐν"
66,18,23,"RA","DSF","τῇ","τῇ","τῇ","ὁ"
66,18,23,"N","DSF","φαρμακείᾳ","φαρμακείᾳ","φαρμακείᾳ","φαρμακεία"
66,18,23,"RP","GS","σου","σου","σου","σύ"
66,18,23,"V","3API-P","ἐπλανήθησαν","ἐπλανήθησαν","ἐπλανήθησαν","πλανάω"
66,18,23,"A","NPN","πάντα","πάντα","πάντα","πᾶς"
66,18,23,"RA","NPN","τὰ","τὰ","τά","ὁ"
66,18,23,"N","NPN","ἔθνη,","ἔθνη","ἔθνη","ἔθνος"
66,18,24,"C",NULL,"καὶ","καὶ","καί","καί"
66,18,24,"P",NULL,"ἐν","ἐν","ἐν","ἐν"
66,18,24,"RP","DSF","αὐτῇ","αὐτῇ","αὐτῇ","αὐτός"
66,18,24,"N","NSN","⸀αἷμα","αἷμα","αἷμα","αἷμα"
66,18,24,"N","GPM","προφητῶν","προφητῶν","προφητῶν","προφήτης"
66,18,24,"C",NULL,"καὶ","καὶ","καί","καί"
66,18,24,"A","GPM","ἁγίων","ἁγίων","ἁγίων","ἅγιος"
66,18,24,"V","3API-S","εὑρέθη","εὑρέθη","εὑρέθη","εὑρίσκω"
66,18,24,"C",NULL,"καὶ","καὶ","καί","καί"
66,18,24,"A","GPM","πάντων","πάντων","πάντων","πᾶς"
66,18,24,"RA","GPM","τῶν","τῶν","τῶν","ὁ"
66,18,24,"V","XPPGPM","ἐσφαγμένων","ἐσφαγμένων","ἐσφαγμένων","σφάζω"
66,18,24,"P",NULL,"ἐπὶ","ἐπὶ","ἐπί","ἐπί"
66,18,24,"RA","GSF","τῆς","τῆς","τῆς","ὁ"
66,18,24,"N","GSF","γῆς.","γῆς","γῆς","γῆ"
66,19,01,"P",NULL,"Μετὰ","Μετὰ","μετά","μετά"
66,19,01,"RD","APN","ταῦτα","ταῦτα","ταῦτα","οὗτος"
66,19,01,"V","1AAI-S","ἤκουσα","ἤκουσα","ἤκουσα","ἀκούω"
66,19,01,"C",NULL,"ὡς","ὡς","ὡς","ὡς"
66,19,01,"N","ASF","φωνὴν","φωνὴν","φωνήν","φωνή"
66,19,01,"A","ASF","μεγάλην","μεγάλην","μεγάλην","μέγας"
66,19,01,"N","GSM","ὄχλου","ὄχλου","ὄχλου","ὄχλος"
66,19,01,"A","GSM","πολλοῦ","πολλοῦ","πολλοῦ","πολύς"
66,19,01,"P",NULL,"ἐν","ἐν","ἐν","ἐν"
66,19,01,"RA","DSM","τῷ","τῷ","τῷ","ὁ"
66,19,01,"N","DSM","οὐρανῷ","οὐρανῷ","οὐρανῷ","οὐρανός"
66,19,01,"V","PAPGPM","λεγόντων·","λεγόντων","λεγόντων","λέγω"
66,19,01,"X",NULL,"Ἁλληλουϊά·","Ἁλληλουϊά","ἁλληλουϊά","ἁλληλουϊά"
66,19,01,"RA","NSF","ἡ","ἡ","ἡ","ὁ"
66,19,01,"N","NSF","σωτηρία","σωτηρία","σωτηρία","σωτηρία"
66,19,01,"C",NULL,"καὶ","καὶ","καί","καί"
66,19,01,"RA","NSF","ἡ","ἡ","ἡ","ὁ"
66,19,01,"N","NSF","⸂δόξα","δόξα","δόξα","δόξα"
66,19,01,"C",NULL,"καὶ","καὶ","καί","καί"
66,19,01,"RA","NSF","ἡ","ἡ","ἡ","ὁ"
66,19,01,"N","NSF","δύναμις⸃","δύναμις","δύναμις","δύναμις"
66,19,01,"RA","GSM","τοῦ","τοῦ","τοῦ","ὁ"
66,19,01,"N","GSM","θεοῦ","θεοῦ","θεοῦ","θεός"
66,19,01,"RP","GP","ἡμῶν,","ἡμῶν","ἡμῶν","ἐγώ"
66,19,02,"C",NULL,"ὅτι","ὅτι","ὅτι","ὅτι"
66,19,02,"A","NPF","ἀληθιναὶ","ἀληθιναὶ","ἀληθιναί","ἀληθινός"
66,19,02,"C",NULL,"καὶ","καὶ","καί","καί"
66,19,02,"A","NPF","δίκαιαι","δίκαιαι","δίκαιαι","δίκαιος"
66,19,02,"RA","NPF","αἱ","αἱ","αἱ","ὁ"
66,19,02,"N","NPF","κρίσεις","κρίσεις","κρίσεις","κρίσις"
66,19,02,"RP","GSM","αὐτοῦ·","αὐτοῦ","αὐτοῦ","αὐτός"
66,19,02,"C",NULL,"ὅτι","ὅτι","ὅτι","ὅτι"
66,19,02,"V","3AAI-S","ἔκρινεν","ἔκρινεν","ἔκρινε(ν)","κρίνω"
66,19,02,"RA","ASF","τὴν","τὴν","τήν","ὁ"
66,19,02,"N","ASF","πόρνην","πόρνην","πόρνην","πόρνη"
66,19,02,"RA","ASF","τὴν","τὴν","τήν","ὁ"
66,19,02,"A","ASF","μεγάλην","μεγάλην","μεγάλην","μέγας"
66,19,02,"RR","NSF","ἥτις","ἥτις","ἥτις","ὅστις"
66,19,02,"V","3IAI-S","⸀ἔφθειρεν","ἔφθειρεν","ἔφθειρε(ν)","φθείρω"
66,19,02,"RA","ASF","τὴν","τὴν","τήν","ὁ"
66,19,02,"N","ASF","γῆν","γῆν","γῆν","γῆ"
66,19,02,"P",NULL,"ἐν","ἐν","ἐν","ἐν"
66,19,02,"RA","DSF","τῇ","τῇ","τῇ","ὁ"
66,19,02,"N","DSF","πορνείᾳ","πορνείᾳ","πορνείᾳ","πορνεία"
66,19,02,"RP","GSF","αὐτῆς,","αὐτῆς","αὐτῆς","αὐτός"
66,19,02,"C",NULL,"καὶ","καὶ","καί","καί"
66,19,02,"V","3AAI-S","ἐξεδίκησεν","ἐξεδίκησεν","ἐξεδίκησε(ν)","ἐκδικέω"
66,19,02,"RA","ASN","τὸ","τὸ","τό","ὁ"
66,19,02,"N","ASN","αἷμα","αἷμα","αἷμα","αἷμα"
66,19,02,"RA","GPM","τῶν","τῶν","τῶν","ὁ"
66,19,02,"N","GPM","δούλων","δούλων","δούλων","δοῦλος"
66,19,02,"RP","GSM","αὐτοῦ","αὐτοῦ","αὐτοῦ","αὐτός"
66,19,02,"P",NULL,"ἐκ","ἐκ","ἐκ","ἐκ"
66,19,02,"N","GSF","χειρὸς","χειρὸς","χειρός","χείρ"
66,19,02,"RP","GSF","αὐτῆς.","αὐτῆς","αὐτῆς","αὐτός"
66,19,03,"C",NULL,"καὶ","καὶ","καί","καί"
66,19,03,"A","ASN","δεύτερον","δεύτερον","δεύτερον","δεύτερος"
66,19,03,"V","3XAI-P","⸀εἴρηκαν·","εἴρηκαν","εἴρηκαν","λέγω"
66,19,03,"X",NULL,"Ἁλληλουϊά·","Ἁλληλουϊά","ἁλληλουϊά","ἁλληλουϊά"
66,19,03,"C",NULL,"καὶ","καὶ","καί","καί"
66,19,03,"RA","NSM","ὁ","ὁ","ὁ","ὁ"
66,19,03,"N","NSM","καπνὸς","καπνὸς","καπνός","καπνός"
66,19,03,"RP","GSF","αὐτῆς","αὐτῆς","αὐτῆς","αὐτός"
66,19,03,"V","3PAI-S","ἀναβαίνει","ἀναβαίνει","ἀναβαίνει","ἀναβαίνω"
66,19,03,"P",NULL,"εἰς","εἰς","εἰς","εἰς"
66,19,03,"RA","APM","τοὺς","τοὺς","τούς","ὁ"
66,19,03,"N","APM","αἰῶνας","αἰῶνας","αἰῶνας","αἰών"
66,19,03,"RA","GPM","τῶν","τῶν","τῶν","ὁ"
66,19,03,"N","GPM","αἰώνων.","αἰώνων","αἰώνων","αἰών"
66,19,04,"C",NULL,"καὶ","καὶ","καί","καί"
66,19,04,"V","3AAI-P","ἔπεσαν","ἔπεσαν","ἔπεσαν","πίπτω"
66,19,04,"RA","NPM","οἱ","οἱ","οἱ","ὁ"
66,19,04,"A","NPM","πρεσβύτεροι","πρεσβύτεροι","πρεσβύτεροι","πρεσβύτερος"
66,19,04,"RA","NPM","οἱ","οἱ","οἱ","ὁ"
66,19,04,"A","NPM","εἴκοσι","εἴκοσι","εἴκοσι(ν)","εἴκοσι(ν)"
66,19,04,"A","NPM","τέσσαρες","τέσσαρες","τέσσαρες","τέσσαρες"
66,19,04,"C",NULL,"καὶ","καὶ","καί","καί"
66,19,04,"RA","NPN","τὰ","τὰ","τά","ὁ"
66,19,04,"A","NPN","τέσσαρα","τέσσαρα","τέσσαρα","τέσσαρες"
66,19,04,"N","NPN","ζῷα,","ζῷα","ζῷα","ζῷον"
66,19,04,"C",NULL,"καὶ","καὶ","καί","καί"
66,19,04,"V","3AAI-P","προσεκύνησαν","προσεκύνησαν","προσεκύνησαν","προσκυνέω"
66,19,04,"RA","DSM","τῷ","τῷ","τῷ","ὁ"
66,19,04,"N","DSM","θεῷ","θεῷ","θεῷ","θεός"
66,19,04,"RA","DSM","τῷ","τῷ","τῷ","ὁ"
66,19,04,"V","PMPDSM","καθημένῳ","καθημένῳ","καθημένῳ","κάθημαι"
66,19,04,"P",NULL,"ἐπὶ","ἐπὶ","ἐπί","ἐπί"
66,19,04,"RA","DSM","⸂τῷ","τῷ","τῷ","ὁ"
66,19,04,"N","DSM","θρόνῳ⸃","θρόνῳ","θρόνῳ","θρόνος"
66,19,04,"V","PAPNPM","λέγοντες·","λέγοντες","λέγοντες","λέγω"
66,19,04,"X",NULL,"Ἀμήν,","Ἀμήν","ἀμήν","ἀμήν"
66,19,04,"X",NULL,"Ἁλληλουϊά.","Ἁλληλουϊά","ἁλληλουϊά","ἁλληλουϊά"
66,19,05,"C",NULL,"Καὶ","Καὶ","καί","καί"
66,19,05,"N","NSF","φωνὴ","φωνὴ","φωνή","φωνή"
66,19,05,"P",NULL,"ἀπὸ","ἀπὸ","ἀπό","ἀπό"
66,19,05,"RA","GSM","τοῦ","τοῦ","τοῦ","ὁ"
66,19,05,"N","GSM","θρόνου","θρόνου","θρόνου","θρόνος"
66,19,05,"V","3AAI-S","ἐξῆλθεν","ἐξῆλθεν","ἐξῆλθε(ν)","ἐξέρχομαι"
66,19,05,"V","PAPNSF","λέγουσα·","λέγουσα","λέγουσα","λέγω"
66,19,05,"V","2PAD-P","Αἰνεῖτε","Αἰνεῖτε","αἰνεῖτε","αἰνέω"
66,19,05,"RA","DSM","⸂τῷ","τῷ","τῷ","ὁ"
66,19,05,"N","DSM","θεῷ⸃","θεῷ","θεῷ","θεός"
66,19,05,"RP","GP","ἡμῶν,","ἡμῶν","ἡμῶν","ἐγώ"
66,19,05,"A","NPM","πάντες","πάντες","πάντες","πᾶς"
66,19,05,"RA","NPM","οἱ","οἱ","οἱ","ὁ"
66,19,05,"N","NPM","δοῦλοι","δοῦλοι","δοῦλοι","δοῦλος"
66,19,05,"RP","GSM","αὐτοῦ,","αὐτοῦ","αὐτοῦ","αὐτός"
66,19,05,"C",NULL,"⸀καὶ","καὶ","καί","καί"
66,19,05,"RA","NPM","οἱ","οἱ","οἱ","ὁ"
66,19,05,"V","PMPNPM","φοβούμενοι","φοβούμενοι","φοβούμενοι","φοβέομαι"
66,19,05,"RP","ASM","αὐτόν,","αὐτόν","αὐτόν","αὐτός"
66,19,05,"RA","NPM","οἱ","οἱ","οἱ","ὁ"
66,19,05,"A","NPM","μικροὶ","μικροὶ","μικροί","μικρός"
66,19,05,"C",NULL,"καὶ","καὶ","καί","καί"
66,19,05,"RA","NPM","οἱ","οἱ","οἱ","ὁ"
66,19,05,"A","NPM","μεγάλοι.","μεγάλοι","μεγάλοι","μέγας"
66,19,06,"C",NULL,"καὶ","καὶ","καί","καί"
66,19,06,"V","1AAI-S","ἤκουσα","ἤκουσα","ἤκουσα","ἀκούω"
66,19,06,"C",NULL,"ὡς","ὡς","ὡς","ὡς"
66,19,06,"N","ASF","φωνὴν","φωνὴν","φωνήν","φωνή"
66,19,06,"N","GSM","ὄχλου","ὄχλου","ὄχλου","ὄχλος"
66,19,06,"A","GSM","πολλοῦ","πολλοῦ","πολλοῦ","πολύς"
66,19,06,"C",NULL,"καὶ","καὶ","καί","καί"
66,19,06,"C",NULL,"ὡς","ὡς","ὡς","ὡς"
66,19,06,"N","ASF","φωνὴν","φωνὴν","φωνήν","φωνή"
66,19,06,"N","GPN","ὑδάτων","ὑδάτων","ὑδάτων","ὕδωρ"
66,19,06,"A","GPN","πολλῶν","πολλῶν","πολλῶν","πολύς"
66,19,06,"C",NULL,"καὶ","καὶ","καί","καί"
66,19,06,"C",NULL,"ὡς","ὡς","ὡς","ὡς"
66,19,06,"N","ASF","φωνὴν","φωνὴν","φωνήν","φωνή"
66,19,06,"N","GPF","βροντῶν","βροντῶν","βροντῶν","βροντή"
66,19,06,"A","GPF","ἰσχυρῶν,","ἰσχυρῶν","ἰσχυρῶν","ἰσχυρός"
66,19,06,"V","PAPGPM","⸀λεγόντων·","λεγόντων","λεγόντων","λέγω"
66,19,06,"X",NULL,"Ἁλληλουϊά,","Ἁλληλουϊά","ἁλληλουϊά","ἁλληλουϊά"
66,19,06,"C",NULL,"ὅτι","ὅτι","ὅτι","ὅτι"
66,19,06,"V","3AAI-S","ἐβασίλευσεν","ἐβασίλευσεν","ἐβασίλευσε(ν)","βασιλεύω"
66,19,06,"N","NSM","κύριος,","κύριος","κύριος","κύριος"
66,19,06,"RA","NSM","ὁ","ὁ","ὁ","ὁ"
66,19,06,"N","NSM","⸀θεός,","θεός","θεός","θεός"
66,19,06,"RA","NSM","ὁ","ὁ","ὁ","ὁ"
66,19,06,"N","NSM","παντοκράτωρ.","παντοκράτωρ","παντοκράτωρ","παντοκράτωρ"
66,19,07,"V","1PAS-P","χαίρωμεν","χαίρωμεν","χαίρωμεν","χαίρω"
66,19,07,"C",NULL,"καὶ","καὶ","καί","καί"
66,19,07,"V","1PAS-P","⸀ἀγαλλιῶμεν,","ἀγαλλιῶμεν","ἀγαλλιῶμεν","ἀγαλλιάω"
66,19,07,"C",NULL,"καὶ","καὶ","καί","καί"
66,19,07,"V","1FAI-P","⸀δώσομεν","δώσομεν","δώσομεν","δίδωμι"
66,19,07,"RA","ASF","τὴν","τὴν","τήν","ὁ"
66,19,07,"N","ASF","δόξαν","δόξαν","δόξαν","δόξα"
66,19,07,"RP","DSM","αὐτῷ,","αὐτῷ","αὐτῷ","αὐτός"
66,19,07,"C",NULL,"ὅτι","ὅτι","ὅτι","ὅτι"
66,19,07,"V","3AAI-S","ἦλθεν","ἦλθεν","ἦλθε(ν)","ἔρχομαι"
66,19,07,"RA","NSM","ὁ","ὁ","ὁ","ὁ"
66,19,07,"N","NSM","γάμος","γάμος","γάμος","γάμος"
66,19,07,"RA","GSN","τοῦ","τοῦ","τοῦ","ὁ"
66,19,07,"N","GSN","ἀρνίου,","ἀρνίου","ἀρνίου","ἀρνίον"
66,19,07,"C",NULL,"καὶ","καὶ","καί","καί"
66,19,07,"RA","NSF","ἡ","ἡ","ἡ","ὁ"
66,19,07,"N","NSF","γυνὴ","γυνὴ","γυνή","γυνή"
66,19,07,"RP","GSM","αὐτοῦ","αὐτοῦ","αὐτοῦ","αὐτός"
66,19,07,"V","3AAI-S","ἡτοίμασεν","ἡτοίμασεν","ἡτοίμασε(ν)","ἑτοιμάζω"
66,19,07,"RP","ASF","ἑαυτήν,","ἑαυτήν","ἑαυτήν","ἑαυτοῦ"
66,19,08,"C",NULL,"καὶ","καὶ","καί","καί"
66,19,08,"V","3API-S","ἐδόθη","ἐδόθη","ἐδόθη","δίδωμι"
66,19,08,"RP","DSF","αὐτῇ","αὐτῇ","αὐτῇ","αὐτός"
66,19,08,"C",NULL,"ἵνα","ἵνα","ἵνα","ἵνα"
66,19,08,"V","3AMS-S","περιβάληται","περιβάληται","περιβάληται","περιβάλλω"
66,19,08,"A","ASN","βύσσινον","βύσσινον","βύσσινον","βύσσινος"
66,19,08,"A","ASN","⸀λαμπρὸν","λαμπρὸν","λαμπρόν","λαμπρός"
66,19,08,"A","ASN","καθαρόν,","καθαρόν","καθαρόν","καθαρός"
66,19,08,"RA","NSN","τὸ","τὸ","τό","ὁ"
66,19,08,"C",NULL,"γὰρ","γὰρ","γάρ","γάρ"
66,19,08,"A","NSN","βύσσινον","βύσσινον","βύσσινον","βύσσινος"
66,19,08,"RA","NPN","τὰ","τὰ","τά","ὁ"
66,19,08,"N","NPN","δικαιώματα","δικαιώματα","δικαιώματα","δικαίωμα"
66,19,08,"RA","GPM","τῶν","τῶν","τῶν","ὁ"
66,19,08,"A","GPM","ἁγίων","ἁγίων","ἁγίων","ἅγιος"
66,19,08,"V","3PAI-S","ἐστίν.","ἐστίν","ἐστί(ν)","εἰμί"
66,19,09,"C",NULL,"Καὶ","Καὶ","καί","καί"
66,19,09,"V","3PAI-S","λέγει","λέγει","λέγει","λέγω"
66,19,09,"RP","DS","μοι·","μοι","μοι","ἐγώ"
66,19,09,"V","2AAD-S","Γράψον·","Γράψον","γράψον","γράφω"
66,19,09,"A","NPM","Μακάριοι","Μακάριοι","μακάριοι","μακάριος"
66,19,09,"RA","NPM","οἱ","οἱ","οἱ","ὁ"
66,19,09,"P",NULL,"εἰς","εἰς","εἰς","εἰς"
66,19,09,"RA","ASN","τὸ","τὸ","τό","ὁ"
66,19,09,"N","ASN","δεῖπνον","δεῖπνον","δεῖπνον","δεῖπνον"
66,19,09,"RA","GSM","τοῦ","τοῦ","τοῦ","ὁ"
66,19,09,"N","GSM","γάμου","γάμου","γάμου","γάμος"
66,19,09,"RA","GSN","τοῦ","τοῦ","τοῦ","ὁ"
66,19,09,"N","GSN","ἀρνίου","ἀρνίου","ἀρνίου","ἀρνίον"
66,19,09,"V","XPPNPM","κεκλημένοι.","κεκλημένοι","κεκλημένοι","καλέω"
66,19,09,"C",NULL,"καὶ","καὶ","καί","καί"
66,19,09,"V","3PAI-S","λέγει","λέγει","λέγει","λέγω"
66,19,09,"RP","DS","μοι·","μοι","μοι","ἐγώ"
66,19,09,"RD","NPM","Οὗτοι","Οὗτοι","οὗτοι","οὗτος"
66,19,09,"RA","NPM","οἱ","οἱ","οἱ","ὁ"
66,19,09,"N","NPM","λόγοι","λόγοι","λόγοι","λόγος"
66,19,09,"A","NPM","ἀληθινοὶ","ἀληθινοὶ","ἀληθινοί","ἀληθινός"
66,19,09,"RA","GSM","τοῦ","τοῦ","τοῦ","ὁ"
66,19,09,"N","GSM","θεοῦ","θεοῦ","θεοῦ","θεός"
66,19,09,"V","3PAI-P","εἰσιν.","εἰσιν","εἰσί(ν)","εἰμί"
66,19,10,"C",NULL,"καὶ","καὶ","καί","καί"
66,19,10,"V","1AAI-S","ἔπεσα","ἔπεσα","ἔπεσα","πίπτω"
66,19,10,"P",NULL,"ἔμπροσθεν","ἔμπροσθεν","ἔμπροσθεν","ἔμπροσθεν"
66,19,10,"RA","GPM","τῶν","τῶν","τῶν","ὁ"
66,19,10,"N","GPM","ποδῶν","ποδῶν","ποδῶν","πούς"
66,19,10,"RP","GSM","αὐτοῦ","αὐτοῦ","αὐτοῦ","αὐτός"
66,19,10,"V","AAN","προσκυνῆσαι","προσκυνῆσαι","προσκυνῆσαι","προσκυνέω"
66,19,10,"RP","DSM","αὐτῷ.","αὐτῷ","αὐτῷ","αὐτός"
66,19,10,"C",NULL,"καὶ","καὶ","καί","καί"
66,19,10,"V","3PAI-S","λέγει","λέγει","λέγει","λέγω"
66,19,10,"RP","DS","μοι·","μοι","μοι","ἐγώ"
66,19,10,"V","2PAD-S","Ὅρα","Ὅρα","ὅρα","ὁράω"
66,19,10,"D",NULL,"μή·","μή","μή","μή"
66,19,10,"N","NSM","σύνδουλός","σύνδουλός","σύνδουλος","σύνδουλος"
66,19,10,"RP","GS","σού","σού","σου","σύ"
66,19,10,"V","1PAI-S","εἰμι","εἰμι","εἰμί","εἰμί"
66,19,10,"C",NULL,"καὶ","καὶ","καί","καί"
66,19,10,"RA","GPM","τῶν","τῶν","τῶν","ὁ"
66,19,10,"N","GPM","ἀδελφῶν","ἀδελφῶν","ἀδελφῶν","ἀδελφός"
66,19,10,"RP","GS","σου","σου","σου","σύ"
66,19,10,"RA","GPM","τῶν","τῶν","τῶν","ὁ"
66,19,10,"V","PAPGPM","ἐχόντων","ἐχόντων","ἐχόντων","ἔχω"
66,19,10,"RA","ASF","τὴν","τὴν","τήν","ὁ"
66,19,10,"N","ASF","μαρτυρίαν","μαρτυρίαν","μαρτυρίαν","μαρτυρία"
66,19,10,"N","GSM","Ἰησοῦ·","Ἰησοῦ","Ἰησοῦ","Ἰησοῦς"
66,19,10,"RA","DSM","τῷ","τῷ","τῷ","ὁ"
66,19,10,"N","DSM","θεῷ","θεῷ","θεῷ","θεός"
66,19,10,"V","2AAD-S","προσκύνησον·","προσκύνησον","προσκύνησον","προσκυνέω"
66,19,10,"RA","NSF","ἡ","ἡ","ἡ","ὁ"
66,19,10,"C",NULL,"γὰρ","γὰρ","γάρ","γάρ"
66,19,10,"N","NSF","⸀μαρτυρία","μαρτυρία","μαρτυρία","μαρτυρία"
66,19,10,"N","GSM","Ἰησοῦ","Ἰησοῦ","Ἰησοῦ","Ἰησοῦς"
66,19,10,"V","3PAI-S","ἐστιν","ἐστιν","ἐστί(ν)","εἰμί"
66,19,10,"RA","NSN","τὸ","τὸ","τό","ὁ"
66,19,10,"N","NSN","πνεῦμα","πνεῦμα","πνεῦμα","πνεῦμα"
66,19,10,"RA","GSF","τῆς","τῆς","τῆς","ὁ"
66,19,10,"N","GSF","προφητείας.","προφητείας","προφητείας","προφητεία"
66,19,11,"C",NULL,"Καὶ","Καὶ","καί","καί"
66,19,11,"V","1AAI-S","εἶδον","εἶδον","εἶδον","ὁράω"
66,19,11,"RA","ASM","τὸν","τὸν","τόν","ὁ"
66,19,11,"N","ASM","οὐρανὸν","οὐρανὸν","οὐρανόν","οὐρανός"
66,19,11,"V","XPPASM","ἠνεῳγμένον,","ἠνεῳγμένον","ἠνεῳγμένον","ἀνοίγω"
66,19,11,"C",NULL,"καὶ","καὶ","καί","καί"
66,19,11,"X",NULL,"ἰδοὺ","ἰδοὺ","ἰδού","ἰδού"
66,19,11,"N","NSM","ἵππος","ἵππος","ἵππος","ἵππος"
66,19,11,"A","NSM","λευκός,","λευκός","λευκός","λευκός"
66,19,11,"C",NULL,"καὶ","καὶ","καί","καί"
66,19,11,"RA","NSM","ὁ","ὁ","ὁ","ὁ"
66,19,11,"V","PMPNSM","καθήμενος","καθήμενος","καθήμενος","κάθημαι"
66,19,11,"P",NULL,"ἐπ’","ἐπ’","ἐπί","ἐπί"
66,19,11,"RP","ASM","αὐτὸν","αὐτὸν","αὐτόν","αὐτός"
66,19,11,"A","NSM","⸂πιστὸς","πιστὸς","πιστός","πιστός"
66,19,11,"V","PPPNSM","καλούμενος⸃","καλούμενος","καλούμενος","καλέω"
66,19,11,"C",NULL,"καὶ","καὶ","καί","καί"
66,19,11,"A","NSM","ἀληθινός,","ἀληθινός","ἀληθινός","ἀληθινός"
66,19,11,"C",NULL,"καὶ","καὶ","καί","καί"
66,19,11,"P",NULL,"ἐν","ἐν","ἐν","ἐν"
66,19,11,"N","DSF","δικαιοσύνῃ","δικαιοσύνῃ","δικαιοσύνῃ","δικαιοσύνη"
66,19,11,"V","3PAI-S","κρίνει","κρίνει","κρίνει","κρίνω"
66,19,11,"C",NULL,"καὶ","καὶ","καί","καί"
66,19,11,"V","3PAI-S","πολεμεῖ.","πολεμεῖ","πολεμεῖ","πολεμέω"
66,19,12,"RA","NPM","οἱ","οἱ","οἱ","ὁ"
66,19,12,"C",NULL,"δὲ","δὲ","δέ","δέ"
66,19,12,"N","NPM","ὀφθαλμοὶ","ὀφθαλμοὶ","ὀφθαλμοί","ὀφθαλμός"
66,19,12,"RP","GSM","⸀αὐτοῦ","αὐτοῦ","αὐτοῦ","αὐτός"
66,19,12,"N","NSF","φλὸξ","φλὸξ","φλόξ","φλόξ"
66,19,12,"N","GSN","πυρός,","πυρός","πυρός","πῦρ"
66,19,12,"C",NULL,"καὶ","καὶ","καί","καί"
66,19,12,"P",NULL,"ἐπὶ","ἐπὶ","ἐπί","ἐπί"
66,19,12,"RA","ASF","τὴν","τὴν","τήν","ὁ"
66,19,12,"N","ASF","κεφαλὴν","κεφαλὴν","κεφαλήν","κεφαλή"
66,19,12,"RP","GSM","αὐτοῦ","αὐτοῦ","αὐτοῦ","αὐτός"
66,19,12,"N","NPN","διαδήματα","διαδήματα","διαδήματα","διάδημα"
66,19,12,"A","NPN","πολλά,","πολλά","πολλά","πολύς"
66,19,12,"V","PAPNSM","⸀ἔχων","ἔχων","ἔχων","ἔχω"
66,19,12,"N","ASN","ὄνομα","ὄνομα","ὄνομα","ὄνομα"
66,19,12,"V","XPPASN","γεγραμμένον","γεγραμμένον","γεγραμμένον","γράφω"
66,19,12,"RR","ASN","ὃ","ὃ","ὅ","ὅς"
66,19,12,"A","NSM","οὐδεὶς","οὐδεὶς","οὐδείς","οὐδείς"
66,19,12,"V","3XAI-S","οἶδεν","οἶδεν","οἶδε(ν)","οἶδα"
66,19,12,"C",NULL,"εἰ","εἰ","εἰ","εἰ"
66,19,12,"D",NULL,"μὴ","μὴ","μή","μή"
66,19,12,"RP","NSM","αὐτός,","αὐτός","αὐτός","αὐτός"
66,19,13,"C",NULL,"καὶ","καὶ","καί","καί"
66,19,13,"V","XMPNSM","περιβεβλημένος","περιβεβλημένος","περιβεβλημένος","περιβάλλω"
66,19,13,"N","ASN","ἱμάτιον","ἱμάτιον","ἱμάτιον","ἱμάτιον"
66,19,13,"V","XPPASN","⸀βεβαμμένον","βεβαμμένον","βεβαμμένον","βάπτω"
66,19,13,"N","DSN","αἵματι,","αἵματι","αἵματι","αἷμα"
66,19,13,"C",NULL,"καὶ","καὶ","καί","καί"
66,19,13,"V","3XPI-S","⸀κέκληται","κέκληται","κέκληται","καλέω"
66,19,13,"RA","NSN","τὸ","τὸ","τό","ὁ"
66,19,13,"N","NSN","ὄνομα","ὄνομα","ὄνομα","ὄνομα"
66,19,13,"RP","GSM","αὐτοῦ","αὐτοῦ","αὐτοῦ","αὐτός"
66,19,13,"RA","NSM","ὁ","ὁ","ὁ","ὁ"
66,19,13,"N","NSM","Λόγος","Λόγος","λόγος","λόγος"
66,19,13,"RA","GSM","τοῦ","τοῦ","τοῦ","ὁ"
66,19,13,"N","GSM","Θεοῦ.","Θεοῦ","θεοῦ","θεός"
66,19,14,"C",NULL,"καὶ","καὶ","καί","καί"
66,19,14,"RA","NPN","τὰ","τὰ","τά","ὁ"
66,19,14,"N","NPN","στρατεύματα","στρατεύματα","στρατεύματα","στράτευμα"
66,19,14,"RA","NPN","⸀τὰ","τὰ","τά","ὁ"
66,19,14,"P",NULL,"ἐν","ἐν","ἐν","ἐν"
66,19,14,"RA","DSM","τῷ","τῷ","τῷ","ὁ"
66,19,14,"N","DSM","οὐρανῷ","οὐρανῷ","οὐρανῷ","οὐρανός"
66,19,14,"V","3IAI-S","ἠκολούθει","ἠκολούθει","ἠκολούθει","ἀκολουθέω"
66,19,14,"RP","DSM","αὐτῷ","αὐτῷ","αὐτῷ","αὐτός"
66,19,14,"P",NULL,"ἐφ’","ἐφ’","ἐπί","ἐπί"
66,19,14,"N","DPM","ἵπποις","ἵπποις","ἵπποις","ἵππος"
66,19,14,"A","DPM","λευκοῖς,","λευκοῖς","λευκοῖς","λευκός"
66,19,14,"V","XMPNPM","ἐνδεδυμένοι","ἐνδεδυμένοι","ἐνδεδυμένοι","ἐνδύω"
66,19,14,"A","ASN","βύσσινον","βύσσινον","βύσσινον","βύσσινος"
66,19,14,"A","ASN","λευκὸν","λευκὸν","λευκόν","λευκός"
66,19,14,"A","ASN","καθαρόν.","καθαρόν","καθαρόν","καθαρός"
66,19,15,"C",NULL,"καὶ","καὶ","καί","καί"
66,19,15,"P",NULL,"ἐκ","ἐκ","ἐκ","ἐκ"
66,19,15,"RA","GSN","τοῦ","τοῦ","τοῦ","ὁ"
66,19,15,"N","GSN","στόματος","στόματος","στόματος","στόμα"
66,19,15,"RP","GSM","αὐτοῦ","αὐτοῦ","αὐτοῦ","αὐτός"
66,19,15,"V","3PMI-S","ἐκπορεύεται","ἐκπορεύεται","ἐκπορεύεται","ἐκπορεύομαι"
66,19,15,"N","NSF","⸀ῥομφαία","ῥομφαία","ῥομφαία","ῥομφαία"
66,19,15,"A","NSF","ὀξεῖα,","ὀξεῖα","ὀξεῖα","ὀξύς"
66,19,15,"C",NULL,"ἵνα","ἵνα","ἵνα","ἵνα"
66,19,15,"P",NULL,"ἐν","ἐν","ἐν","ἐν"
66,19,15,"RP","DSF","αὐτῇ","αὐτῇ","αὐτῇ","αὐτός"
66,19,15,"V","3AAS-S","πατάξῃ","πατάξῃ","πατάξῃ","πατάσσω"
66,19,15,"RA","APN","τὰ","τὰ","τά","ὁ"
66,19,15,"N","APN","ἔθνη,","ἔθνη","ἔθνη","ἔθνος"
66,19,15,"C",NULL,"καὶ","καὶ","καί","καί"
66,19,15,"RP","NSM","αὐτὸς","αὐτὸς","αὐτός","αὐτός"
66,19,15,"V","3FAI-S","ποιμανεῖ","ποιμανεῖ","ποιμανεῖ","ποιμαίνω"
66,19,15,"RP","APM","αὐτοὺς","αὐτοὺς","αὐτούς","αὐτός"
66,19,15,"P",NULL,"ἐν","ἐν","ἐν","ἐν"
66,19,15,"N","DSF","ῥάβδῳ","ῥάβδῳ","ῥάβδῳ","ῥάβδος"
66,19,15,"A","DSF","σιδηρᾷ·","σιδηρᾷ","σιδηρᾷ","σιδηροῦς"
66,19,15,"C",NULL,"καὶ","καὶ","καί","καί"
66,19,15,"RP","NSM","αὐτὸς","αὐτὸς","αὐτός","αὐτός"
66,19,15,"V","3PAI-S","πατεῖ","πατεῖ","πατεῖ","πατέω"
66,19,15,"RA","ASF","τὴν","τὴν","τήν","ὁ"
66,19,15,"N","ASF","ληνὸν","ληνὸν","ληνόν","ληνός"
66,19,15,"RA","GSM","τοῦ","τοῦ","τοῦ","ὁ"
66,19,15,"N","GSM","οἴνου","οἴνου","οἴνου","οἶνος"
66,19,15,"RA","GSM","τοῦ","τοῦ","τοῦ","ὁ"
66,19,15,"N","GSM","θυμοῦ","θυμοῦ","θυμοῦ","θυμός"
66,19,15,"RA","GSF","τῆς","τῆς","τῆς","ὁ"
66,19,15,"N","GSF","ὀργῆς","ὀργῆς","ὀργῆς","ὀργή"
66,19,15,"RA","GSM","τοῦ","τοῦ","τοῦ","ὁ"
66,19,15,"N","GSM","θεοῦ","θεοῦ","θεοῦ","θεός"
66,19,15,"RA","GSM","τοῦ","τοῦ","τοῦ","ὁ"
66,19,15,"N","GSM","παντοκράτορος.","παντοκράτορος","παντοκράτορος","παντοκράτωρ"
66,19,16,"C",NULL,"καὶ","καὶ","καί","καί"
66,19,16,"V","3PAI-S","ἔχει","ἔχει","ἔχει","ἔχω"
66,19,16,"P",NULL,"ἐπὶ","ἐπὶ","ἐπί","ἐπί"
66,19,16,"RA","ASN","τὸ","τὸ","τό","ὁ"
66,19,16,"N","ASN","ἱμάτιον","ἱμάτιον","ἱμάτιον","ἱμάτιον"
66,19,16,"C",NULL,"καὶ","καὶ","καί","καί"
66,19,16,"P",NULL,"ἐπὶ","ἐπὶ","ἐπί","ἐπί"
66,19,16,"RA","ASM","τὸν","τὸν","τόν","ὁ"
66,19,16,"N","ASM","μηρὸν","μηρὸν","μηρόν","μηρός"
66,19,16,"RP","GSM","αὐτοῦ","αὐτοῦ","αὐτοῦ","αὐτός"
66,19,16,"N","ASN","ὄνομα","ὄνομα","ὄνομα","ὄνομα"
66,19,16,"V","XPPASN","γεγραμμένον·","γεγραμμένον","γεγραμμένον","γράφω"
66,19,16,"N","NSM","Βασιλεὺς","Βασιλεὺς","βασιλεύς","βασιλεύς"
66,19,16,"N","GPM","βασιλέων","βασιλέων","βασιλέων","βασιλεύς"
66,19,16,"C",NULL,"καὶ","καὶ","καί","καί"
66,19,16,"N","NSM","κύριος","κύριος","κύριος","κύριος"
66,19,16,"N","GPM","κυρίων.","κυρίων","κυρίων","κύριος"
66,19,17,"C",NULL,"Καὶ","Καὶ","καί","καί"
66,19,17,"V","1AAI-S","εἶδον","εἶδον","εἶδον","ὁράω"
66,19,17,"A","ASM","⸀ἕνα","ἕνα","ἕνα","εἷς"
66,19,17,"N","ASM","ἄγγελον","ἄγγελον","ἄγγελον","ἄγγελος"
66,19,17,"V","XAPASM","ἑστῶτα","ἑστῶτα","ἑστῶτα","ἵστημι"
66,19,17,"P",NULL,"ἐν","ἐν","ἐν","ἐν"
66,19,17,"RA","DSM","τῷ","τῷ","τῷ","ὁ"
66,19,17,"N","DSM","ἡλίῳ,","ἡλίῳ","ἡλίῳ","ἥλιος"
66,19,17,"C",NULL,"καὶ","καὶ","καί","καί"
66,19,17,"V","3AAI-S","⸀ἔκραξεν","ἔκραξεν","ἔκραξε(ν)","κράζω"
66,19,17,"N","DSF","φωνῇ","φωνῇ","φωνῇ","φωνή"
66,19,17,"A","DSF","μεγάλῃ","μεγάλῃ","μεγάλῃ","μέγας"
66,19,17,"V","PAPNSM","λέγων","λέγων","λέγων","λέγω"
66,19,17,"A","DPN","πᾶσι","πᾶσι","πᾶσι(ν)","πᾶς"
66,19,17,"RA","DPN","τοῖς","τοῖς","τοῖς","ὁ"
66,19,17,"N","DPN","ὀρνέοις","ὀρνέοις","ὀρνέοις","ὄρνεον"
66,19,17,"RA","DPN","τοῖς","τοῖς","τοῖς","ὁ"
66,19,17,"V","PMPDPN","πετομένοις","πετομένοις","πετομένοις","πέτομαι"
66,19,17,"P",NULL,"ἐν","ἐν","ἐν","ἐν"
66,19,17,"N","DSN","μεσουρανήματι·","μεσουρανήματι","μεσουρανήματι","μεσουράνημα"
66,19,17,"D",NULL,"Δεῦτε","Δεῦτε","δεῦτε","δεῦτε"
66,19,17,"V","2APD-P","συνάχθητε","συνάχθητε","συνάχθητε","συνάγω"
66,19,17,"P",NULL,"εἰς","εἰς","εἰς","εἰς"
66,19,17,"RA","ASN","τὸ","τὸ","τό","ὁ"
66,19,17,"N","ASN","δεῖπνον","δεῖπνον","δεῖπνον","δεῖπνον"
66,19,17,"RA","ASN","τὸ","τὸ","τό","ὁ"
66,19,17,"A","ASN","μέγα","μέγα","μέγα","μέγας"
66,19,17,"RA","GSM","τοῦ","τοῦ","τοῦ","ὁ"
66,19,17,"N","GSM","θεοῦ,","θεοῦ","θεοῦ","θεός"
66,19,18,"C",NULL,"ἵνα","ἵνα","ἵνα","ἵνα"
66,19,18,"V","2AAS-P","φάγητε","φάγητε","φάγητε","ἐσθίω"
66,19,18,"N","APF","σάρκας","σάρκας","σάρκας","σάρξ"
66,19,18,"N","GPM","βασιλέων","βασιλέων","βασιλέων","βασιλεύς"
66,19,18,"C",NULL,"καὶ","καὶ","καί","καί"
66,19,18,"N","APF","σάρκας","σάρκας","σάρκας","σάρξ"
66,19,18,"N","GPM","χιλιάρχων","χιλιάρχων","χιλιάρχων","χιλίαρχος"
66,19,18,"C",NULL,"καὶ","καὶ","καί","καί"
66,19,18,"N","APF","σάρκας","σάρκας","σάρκας","σάρξ"
66,19,18,"A","GPM","ἰσχυρῶν","ἰσχυρῶν","ἰσχυρῶν","ἰσχυρός"
66,19,18,"C",NULL,"καὶ","καὶ","καί","καί"
66,19,18,"N","APF","σάρκας","σάρκας","σάρκας","σάρξ"
66,19,18,"N","GPM","ἵππων","ἵππων","ἵππων","ἵππος"
66,19,18,"C",NULL,"καὶ","καὶ","καί","καί"
66,19,18,"RA","GPM","τῶν","τῶν","τῶν","ὁ"
66,19,18,"V","PMPGPM","καθημένων","καθημένων","καθημένων","κάθημαι"
66,19,18,"P",NULL,"ἐπ’","ἐπ’","ἐπί","ἐπί"
66,19,18,"RP","GPM","⸀αὐτῶν,","αὐτῶν","αὐτῶν","αὐτός"
66,19,18,"C",NULL,"καὶ","καὶ","καί","καί"
66,19,18,"N","APF","σάρκας","σάρκας","σάρκας","σάρξ"
66,19,18,"A","GPM","πάντων","πάντων","πάντων","πᾶς"
66,19,18,"A","GPM","ἐλευθέρων","ἐλευθέρων","ἐλευθέρων","ἐλεύθερος"
66,19,18,"C",NULL,"τε","τε","τέ","τέ"
66,19,18,"C",NULL,"καὶ","καὶ","καί","καί"
66,19,18,"N","GPM","δούλων","δούλων","δούλων","δοῦλος"
66,19,18,"C",NULL,"καὶ","καὶ","καί","καί"
66,19,18,"A","GPM","μικρῶν","μικρῶν","μικρῶν","μικρός"
66,19,18,"C",NULL,"⸀καὶ","καὶ","καί","καί"
66,19,18,"A","GPM","μεγάλων.","μεγάλων","μεγάλων","μέγας"
66,19,19,"C",NULL,"καὶ","καὶ","καί","καί"
66,19,19,"V","1AAI-S","εἶδον","εἶδον","εἶδον","ὁράω"
66,19,19,"RA","ASN","τὸ","τὸ","τό","ὁ"
66,19,19,"N","ASN","θηρίον","θηρίον","θηρίον","θηρίον"
66,19,19,"C",NULL,"καὶ","καὶ","καί","καί"
66,19,19,"RA","APM","τοὺς","τοὺς","τούς","ὁ"
66,19,19,"N","APM","βασιλεῖς","βασιλεῖς","βασιλεῖς","βασιλεύς"
66,19,19,"RA","GSF","τῆς","τῆς","τῆς","ὁ"
66,19,19,"N","GSF","γῆς","γῆς","γῆς","γῆ"
66,19,19,"C",NULL,"καὶ","καὶ","καί","καί"
66,19,19,"RA","APN","τὰ","τὰ","τά","ὁ"
66,19,19,"N","APN","στρατεύματα","στρατεύματα","στρατεύματα","στράτευμα"
66,19,19,"RP","GPM","αὐτῶν","αὐτῶν","αὐτῶν","αὐτός"
66,19,19,"V","XPPAPN","συνηγμένα","συνηγμένα","συνηγμένα","συνάγω"
66,19,19,"V","AAN","ποιῆσαι","ποιῆσαι","ποιῆσαι","ποιέω"
66,19,19,"RA","ASM","⸀τὸν","τὸν","τόν","ὁ"
66,19,19,"N","ASM","πόλεμον","πόλεμον","πόλεμον","πόλεμος"
66,19,19,"P",NULL,"μετὰ","μετὰ","μετά","μετά"
66,19,19,"RA","GSM","τοῦ","τοῦ","τοῦ","ὁ"
66,19,19,"V","PMPGSM","καθημένου","καθημένου","καθημένου","κάθημαι"
66,19,19,"P",NULL,"ἐπὶ","ἐπὶ","ἐπί","ἐπί"
66,19,19,"RA","GSM","τοῦ","τοῦ","τοῦ","ὁ"
66,19,19,"N","GSM","ἵππου","ἵππου","ἵππου","ἵππος"
66,19,19,"C",NULL,"καὶ","καὶ","καί","καί"
66,19,19,"P",NULL,"μετὰ","μετὰ","μετά","μετά"
66,19,19,"RA","GSN","τοῦ","τοῦ","τοῦ","ὁ"
66,19,19,"N","GSN","στρατεύματος","στρατεύματος","στρατεύματος","στράτευμα"
66,19,19,"RP","GSM","αὐτοῦ.","αὐτοῦ","αὐτοῦ","αὐτός"
66,19,20,"C",NULL,"καὶ","καὶ","καί","καί"
66,19,20,"V","3API-S","ἐπιάσθη","ἐπιάσθη","ἐπιάσθη","πιάζω"
66,19,20,"RA","NSN","τὸ","τὸ","τό","ὁ"
66,19,20,"N","NSN","θηρίον","θηρίον","θηρίον","θηρίον"
66,19,20,"C",NULL,"καὶ","καὶ","καί","καί"
66,19,20,"P",NULL,"⸂μετ’","μετ’","μετά","μετά"
66,19,20,"RP","GSN","αὐτοῦ","αὐτοῦ","αὐτοῦ","αὐτός"
66,19,20,"RA","NSM","ὁ⸃","ὁ","ὁ","ὁ"
66,19,20,"N","NSM","ψευδοπροφήτης","ψευδοπροφήτης","ψευδοπροφήτης","ψευδοπροφήτης"
66,19,20,"RA","NSM","ὁ","ὁ","ὁ","ὁ"
66,19,20,"V","AAPNSM","ποιήσας","ποιήσας","ποιήσας","ποιέω"
66,19,20,"RA","APN","τὰ","τὰ","τά","ὁ"
66,19,20,"N","APN","σημεῖα","σημεῖα","σημεῖα","σημεῖον"
66,19,20,"P",NULL,"ἐνώπιον","ἐνώπιον","ἐνώπιον","ἐνώπιον"
66,19,20,"RP","GSN","αὐτοῦ,","αὐτοῦ","αὐτοῦ","αὐτός"
66,19,20,"P",NULL,"ἐν","ἐν","ἐν","ἐν"
66,19,20,"RR","DPN","οἷς","οἷς","οἷς","ὅς"
66,19,20,"V","3AAI-S","ἐπλάνησεν","ἐπλάνησεν","ἐπλάνησε(ν)","πλανάω"
66,19,20,"RA","APM","τοὺς","τοὺς","τούς","ὁ"
66,19,20,"V","AAPAPM","λαβόντας","λαβόντας","λαβόντας","λαμβάνω"
66,19,20,"RA","ASN","τὸ","τὸ","τό","ὁ"
66,19,20,"N","ASN","χάραγμα","χάραγμα","χάραγμα","χάραγμα"
66,19,20,"RA","GSN","τοῦ","τοῦ","τοῦ","ὁ"
66,19,20,"N","GSN","θηρίου","θηρίου","θηρίου","θηρίον"
66,19,20,"C",NULL,"καὶ","καὶ","καί","καί"
66,19,20,"RA","APM","τοὺς","τοὺς","τούς","ὁ"
66,19,20,"V","PAPAPM","προσκυνοῦντας","προσκυνοῦντας","προσκυνοῦντας","προσκυνέω"
66,19,20,"RA","DSF","τῇ","τῇ","τῇ","ὁ"
66,19,20,"N","DSF","εἰκόνι","εἰκόνι","εἰκόνι","εἰκών"
66,19,20,"RP","GSN","αὐτοῦ·","αὐτοῦ","αὐτοῦ","αὐτός"
66,19,20,"V","PAPNPM","ζῶντες","ζῶντες","ζῶντες","ζάω"
66,19,20,"V","3API-P","ἐβλήθησαν","ἐβλήθησαν","ἐβλήθησαν","βάλλω"
66,19,20,"RA","NPM","οἱ","οἱ","οἱ","ὁ"
66,19,20,"A","NPM","δύο","δύο","δύο","δύο"
66,19,20,"P",NULL,"εἰς","εἰς","εἰς","εἰς"
66,19,20,"RA","ASF","τὴν","τὴν","τήν","ὁ"
66,19,20,"N","ASF","λίμνην","λίμνην","λίμνην","λίμνη"
66,19,20,"RA","GSN","τοῦ","τοῦ","τοῦ","ὁ"
66,19,20,"N","GSN","πυρὸς","πυρὸς","πυρός","πῦρ"
66,19,20,"RA","GSF","⸂τῆς","τῆς","τῆς","ὁ"
66,19,20,"V","PPPGSF","καιομένης⸃","καιομένης","καιομένης","καίω"
66,19,20,"P",NULL,"ἐν","ἐν","ἐν","ἐν"
66,19,20,"N","DSN","θείῳ.","θείῳ","θείῳ","θεῖον"
66,19,21,"C",NULL,"καὶ","καὶ","καί","καί"
66,19,21,"RA","NPM","οἱ","οἱ","οἱ","ὁ"
66,19,21,"A","NPM","λοιποὶ","λοιποὶ","λοιποί","λοιπός"
66,19,21,"V","3API-P","ἀπεκτάνθησαν","ἀπεκτάνθησαν","ἀπεκτάνθησαν","ἀποκτείνω"
66,19,21,"P",NULL,"ἐν","ἐν","ἐν","ἐν"
66,19,21,"RA","DSF","τῇ","τῇ","τῇ","ὁ"
66,19,21,"N","DSF","ῥομφαίᾳ","ῥομφαίᾳ","ῥομφαίᾳ","ῥομφαία"
66,19,21,"RA","GSM","τοῦ","τοῦ","τοῦ","ὁ"
66,19,21,"V","PMPGSM","καθημένου","καθημένου","καθημένου","κάθημαι"
66,19,21,"P",NULL,"ἐπὶ","ἐπὶ","ἐπί","ἐπί"
66,19,21,"RA","GSM","τοῦ","τοῦ","τοῦ","ὁ"
66,19,21,"N","GSM","ἵππου","ἵππου","ἵππου","ἵππος"
66,19,21,"RA","DSF","τῇ","τῇ","τῇ","ὁ"
66,19,21,"V","AAPDSF","ἐξελθούσῃ","ἐξελθούσῃ","ἐξελθούσῃ","ἐξέρχομαι"
66,19,21,"P",NULL,"ἐκ","ἐκ","ἐκ","ἐκ"
66,19,21,"RA","GSN","τοῦ","τοῦ","τοῦ","ὁ"
66,19,21,"N","GSN","στόματος","στόματος","στόματος","στόμα"
66,19,21,"RP","GSM","αὐτοῦ,","αὐτοῦ","αὐτοῦ","αὐτός"
66,19,21,"C",NULL,"καὶ","καὶ","καί","καί"
66,19,21,"A","NPN","πάντα","πάντα","πάντα","πᾶς"
66,19,21,"RA","NPN","τὰ","τὰ","τά","ὁ"
66,19,21,"N","NPN","ὄρνεα","ὄρνεα","ὄρνεα","ὄρνεον"
66,19,21,"V","3API-P","ἐχορτάσθησαν","ἐχορτάσθησαν","ἐχορτάσθησαν","χορτάζω"
66,19,21,"P",NULL,"ἐκ","ἐκ","ἐκ","ἐκ"
66,19,21,"RA","GPF","τῶν","τῶν","τῶν","ὁ"
66,19,21,"N","GPF","σαρκῶν","σαρκῶν","σαρκῶν","σάρξ"
66,19,21,"RP","GPM","αὐτῶν.","αὐτῶν","αὐτῶν","αὐτός"
66,20,01,"C",NULL,"Καὶ","Καὶ","καί","καί"
66,20,01,"V","1AAI-S","εἶδον","εἶδον","εἶδον","ὁράω"
66,20,01,"N","ASM","ἄγγελον","ἄγγελον","ἄγγελον","ἄγγελος"
66,20,01,"V","PAPASM","καταβαίνοντα","καταβαίνοντα","καταβαίνοντα","καταβαίνω"
66,20,01,"P",NULL,"ἐκ","ἐκ","ἐκ","ἐκ"
66,20,01,"RA","GSM","τοῦ","τοῦ","τοῦ","ὁ"
66,20,01,"N","GSM","οὐρανοῦ,","οὐρανοῦ","οὐρανοῦ","οὐρανός"
66,20,01,"V","PAPASM","ἔχοντα","ἔχοντα","ἔχοντα","ἔχω"
66,20,01,"RA","ASF","τὴν","τὴν","τήν","ὁ"
66,20,01,"N","ASF","κλεῖν","κλεῖν","κλεῖν","κλείς"
66,20,01,"RA","GSF","τῆς","τῆς","τῆς","ὁ"
66,20,01,"N","GSF","ἀβύσσου","ἀβύσσου","ἀβύσσου","ἄβυσσος"
66,20,01,"C",NULL,"καὶ","καὶ","καί","καί"
66,20,01,"N","ASF","ἅλυσιν","ἅλυσιν","ἅλυσιν","ἅλυσις"
66,20,01,"A","ASF","μεγάλην","μεγάλην","μεγάλην","μέγας"
66,20,01,"P",NULL,"ἐπὶ","ἐπὶ","ἐπί","ἐπί"
66,20,01,"RA","ASF","τὴν","τὴν","τήν","ὁ"
66,20,01,"N","ASF","χεῖρα","χεῖρα","χεῖρα","χείρ"
66,20,01,"RP","GSM","αὐτοῦ.","αὐτοῦ","αὐτοῦ","αὐτός"
66,20,02,"C",NULL,"καὶ","καὶ","καί","καί"
66,20,02,"V","3AAI-S","ἐκράτησεν","ἐκράτησεν","ἐκράτησε(ν)","κρατέω"
66,20,02,"RA","ASM","τὸν","τὸν","τόν","ὁ"
66,20,02,"N","ASM","δράκοντα,","δράκοντα","δράκοντα","δράκων"
66,20,02,"RA","NSM","⸂ὁ","ὁ","ὁ","ὁ"
66,20,02,"N","NSM","ὄφις","ὄφις","ὄφις","ὄφις"
66,20,02,"RA","NSM","ὁ","ὁ","ὁ","ὁ"
66,20,02,"A","NSM","ἀρχαῖος⸃,","ἀρχαῖος","ἀρχαῖος","ἀρχαῖος"
66,20,02,"RR","NSM","ὅς","ὅς","ὅς","ὅς"
66,20,02,"V","3PAI-S","ἐστιν","ἐστιν","ἐστί(ν)","εἰμί"
66,20,02,"A","NSM","Διάβολος","Διάβολος","Διάβολος","Διάβολος"
66,20,02,"C",NULL,"καὶ","καὶ","καί","καί"
66,20,02,"RA","NSM","ὁ","ὁ","ὁ","ὁ"
66,20,02,"N","NSM","⸀Σατανᾶς,","Σατανᾶς","Σατανᾶς","Σατανᾶς"
66,20,02,"C",NULL,"καὶ","καὶ","καί","καί"
66,20,02,"V","3AAI-S","ἔδησεν","ἔδησεν","ἔδησε(ν)","δέω"
66,20,02,"RP","ASM","αὐτὸν","αὐτὸν","αὐτόν","αὐτός"
66,20,02,"A","APN","χίλια","χίλια","χίλια","χίλιοι"
66,20,02,"N","APN","ἔτη,","ἔτη","ἔτη","ἔτος"
66,20,03,"C",NULL,"καὶ","καὶ","καί","καί"
66,20,03,"V","3AAI-S","ἔβαλεν","ἔβαλεν","ἔβαλε(ν)","βάλλω"
66,20,03,"RP","ASM","αὐτὸν","αὐτὸν","αὐτόν","αὐτός"
66,20,03,"P",NULL,"εἰς","εἰς","εἰς","εἰς"
66,20,03,"RA","ASF","τὴν","τὴν","τήν","ὁ"
66,20,03,"N","ASF","ἄβυσσον,","ἄβυσσον","ἄβυσσον","ἄβυσσος"
66,20,03,"C",NULL,"καὶ","καὶ","καί","καί"
66,20,03,"V","3AAI-S","ἔκλεισεν","ἔκλεισεν","ἔκλεισε(ν)","κλείω"
66,20,03,"C",NULL,"καὶ","καὶ","καί","καί"
66,20,03,"V","3AAI-S","ἐσφράγισεν","ἐσφράγισεν","ἐσφράγισε(ν)","σφραγίζω"
66,20,03,"P",NULL,"ἐπάνω","ἐπάνω","ἐπάνω","ἐπάνω"
66,20,03,"RP","GSM","αὐτοῦ,","αὐτοῦ","αὐτοῦ","αὐτός"
66,20,03,"C",NULL,"ἵνα","ἵνα","ἵνα","ἵνα"
66,20,03,"D",NULL,"μὴ","μὴ","μή","μή"
66,20,03,"V","3AAS-S","⸀πλανήσῃ","πλανήσῃ","πλανήσῃ","πλανάω"
66,20,03,"D",NULL,"ἔτι","ἔτι","ἔτι","ἔτι"
66,20,03,"RA","APN","τὰ","τὰ","τά","ὁ"
66,20,03,"N","APN","ἔθνη,","ἔθνη","ἔθνη","ἔθνος"
66,20,03,"C",NULL,"ἄχρι","ἄχρι","ἄχρι","ἄχρι"
66,20,03,"V","3APS-S","τελεσθῇ","τελεσθῇ","τελεσθῇ","τελέω"
66,20,03,"RA","NPN","τὰ","τὰ","τά","ὁ"
66,20,03,"A","NPN","χίλια","χίλια","χίλια","χίλιοι"
66,20,03,"N","NPN","ἔτη·","ἔτη","ἔτη","ἔτος"
66,20,03,"P",NULL,"⸀μετὰ","μετὰ","μετά","μετά"
66,20,03,"RD","APN","ταῦτα","ταῦτα","ταῦτα","οὗτος"
66,20,03,"V","3PAI-S","δεῖ","δεῖ","δεῖ","δέω"
66,20,03,"V","APN","⸂λυθῆναι","λυθῆναι","λυθῆναι","λύω"
66,20,03,"RP","ASM","αὐτὸν⸃","αὐτὸν","αὐτόν","αὐτός"
66,20,03,"A","ASM","μικρὸν","μικρὸν","μικρόν","μικρός"
66,20,03,"N","ASM","χρόνον.","χρόνον","χρόνον","χρόνος"
66,20,04,"C",NULL,"Καὶ","Καὶ","καί","καί"
66,20,04,"V","1AAI-S","εἶδον","εἶδον","εἶδον","ὁράω"
66,20,04,"N","APM","θρόνους,","θρόνους","θρόνους","θρόνος"
66,20,04,"C",NULL,"καὶ","καὶ","καί","καί"
66,20,04,"V","3AAI-P","ἐκάθισαν","ἐκάθισαν","ἐκάθισαν","καθίζω"
66,20,04,"P",NULL,"ἐπ’","ἐπ’","ἐπί","ἐπί"
66,20,04,"RP","APM","αὐτούς,","αὐτούς","αὐτούς","αὐτός"
66,20,04,"C",NULL,"καὶ","καὶ","καί","καί"
66,20,04,"N","NSN","κρίμα","κρίμα","κρίμα","κρίμα"
66,20,04,"V","3API-S","ἐδόθη","ἐδόθη","ἐδόθη","δίδωμι"
66,20,04,"RP","DPM","αὐτοῖς,","αὐτοῖς","αὐτοῖς","αὐτός"
66,20,04,"C",NULL,"καὶ","καὶ","καί","καί"
66,20,04,"RA","APF","τὰς","τὰς","τάς","ὁ"
66,20,04,"N","APF","ψυχὰς","ψυχὰς","ψυχάς","ψυχή"
66,20,04,"RA","GPM","τῶν","τῶν","τῶν","ὁ"
66,20,04,"V","XPPGPM","πεπελεκισμένων","πεπελεκισμένων","πεπελεκισμένων","πελεκίζω"
66,20,04,"P",NULL,"διὰ","διὰ","διά","διά"
66,20,04,"RA","ASF","τὴν","τὴν","τήν","ὁ"
66,20,04,"N","ASF","μαρτυρίαν","μαρτυρίαν","μαρτυρίαν","μαρτυρία"
66,20,04,"N","GSM","Ἰησοῦ","Ἰησοῦ","Ἰησοῦ","Ἰησοῦς"
66,20,04,"C",NULL,"καὶ","καὶ","καί","καί"
66,20,04,"P",NULL,"διὰ","διὰ","διά","διά"
66,20,04,"RA","ASM","τὸν","τὸν","τόν","ὁ"
66,20,04,"N","ASM","λόγον","λόγον","λόγον","λόγος"
66,20,04,"RA","GSM","τοῦ","τοῦ","τοῦ","ὁ"
66,20,04,"N","GSM","θεοῦ,","θεοῦ","θεοῦ","θεός"
66,20,04,"C",NULL,"καὶ","καὶ","καί","καί"
66,20,04,"RR","NPM","οἵτινες","οἵτινες","οἵτινες","ὅστις"
66,20,04,"D",NULL,"οὐ","οὐ","οὐ","οὐ"
66,20,04,"V","3AAI-P","προσεκύνησαν","προσεκύνησαν","προσεκύνησαν","προσκυνέω"
66,20,04,"RA","ASN","τὸ","τὸ","τό","ὁ"
66,20,04,"N","ASN","θηρίον","θηρίον","θηρίον","θηρίον"
66,20,04,"C",NULL,"οὐδὲ","οὐδὲ","οὐδέ","οὐδέ"
66,20,04,"RA","ASF","τὴν","τὴν","τήν","ὁ"
66,20,04,"N","ASF","εἰκόνα","εἰκόνα","εἰκόνα","εἰκών"
66,20,04,"RP","GSN","αὐτοῦ","αὐτοῦ","αὐτοῦ","αὐτός"
66,20,04,"C",NULL,"καὶ","καὶ","καί","καί"
66,20,04,"D",NULL,"οὐκ","οὐκ","οὐ","οὐ"
66,20,04,"V","3AAI-P","ἔλαβον","ἔλαβον","ἔλαβον","λαμβάνω"
66,20,04,"RA","ASN","τὸ","τὸ","τό","ὁ"
66,20,04,"N","ASN","χάραγμα","χάραγμα","χάραγμα","χάραγμα"
66,20,04,"P",NULL,"ἐπὶ","ἐπὶ","ἐπί","ἐπί"
66,20,04,"RA","ASN","τὸ","τὸ","τό","ὁ"
66,20,04,"N","ASN","μέτωπον","μέτωπον","μέτωπον","μέτωπον"
66,20,04,"C",NULL,"καὶ","καὶ","καί","καί"
66,20,04,"P",NULL,"ἐπὶ","ἐπὶ","ἐπί","ἐπί"
66,20,04,"RA","ASF","τὴν","τὴν","τήν","ὁ"
66,20,04,"N","ASF","χεῖρα","χεῖρα","χεῖρα","χείρ"
66,20,04,"RP","GPM","αὐτῶν·","αὐτῶν","αὐτῶν","αὐτός"
66,20,04,"C",NULL,"καὶ","καὶ","καί","καί"
66,20,04,"V","3AAI-P","ἔζησαν","ἔζησαν","ἔζησαν","ζάω"
66,20,04,"C",NULL,"καὶ","καὶ","καί","καί"
66,20,04,"V","3AAI-P","ἐβασίλευσαν","ἐβασίλευσαν","ἐβασίλευσαν","βασιλεύω"
66,20,04,"P",NULL,"μετὰ","μετὰ","μετά","μετά"
66,20,04,"RA","GSM","τοῦ","τοῦ","τοῦ","ὁ"
66,20,04,"N","GSM","χριστοῦ","χριστοῦ","Χριστοῦ","Χριστός"
66,20,04,"A","APN","⸀χίλια","χίλια","χίλια","χίλιοι"
66,20,04,"N","APN","ἔτη.","ἔτη","ἔτη","ἔτος"
66,20,05,"RA","NPM","⸀οἱ","οἱ","οἱ","ὁ"
66,20,05,"A","NPM","λοιποὶ","λοιποὶ","λοιποί","λοιπός"
66,20,05,"RA","GPM","τῶν","τῶν","τῶν","ὁ"
66,20,05,"A","GPM","νεκρῶν","νεκρῶν","νεκρῶν","νεκρός"
66,20,05,"D",NULL,"οὐκ","οὐκ","οὐ","οὐ"
66,20,05,"V","3AAI-P","ἔζησαν","ἔζησαν","ἔζησαν","ζάω"
66,20,05,"C",NULL,"ἄχρι","ἄχρι","ἄχρι","ἄχρι"
66,20,05,"V","3APS-S","τελεσθῇ","τελεσθῇ","τελεσθῇ","τελέω"
66,20,05,"RA","NPN","τὰ","τὰ","τά","ὁ"
66,20,05,"A","NPN","χίλια","χίλια","χίλια","χίλιοι"
66,20,05,"N","NPN","ἔτη.","ἔτη","ἔτη","ἔτος"
66,20,05,"RD","NSF","αὕτη","αὕτη","αὕτη","οὗτος"
66,20,05,"RA","NSF","ἡ","ἡ","ἡ","ὁ"
66,20,05,"N","NSF","ἀνάστασις","ἀνάστασις","ἀνάστασις","ἀνάστασις"
66,20,05,"RA","NSF","ἡ","ἡ","ἡ","ὁ"
66,20,05,"A","NSF","πρώτη.","πρώτη","πρώτη","πρῶτος"
66,20,06,"A","NSM","μακάριος","μακάριος","μακάριος","μακάριος"
66,20,06,"C",NULL,"καὶ","καὶ","καί","καί"
66,20,06,"A","NSM","ἅγιος","ἅγιος","ἅγιος","ἅγιος"
66,20,06,"RA","NSM","ὁ","ὁ","ὁ","ὁ"
66,20,06,"V","PAPNSM","ἔχων","ἔχων","ἔχων","ἔχω"
66,20,06,"N","ASN","μέρος","μέρος","μέρος","μέρος"
66,20,06,"P",NULL,"ἐν","ἐν","ἐν","ἐν"
66,20,06,"RA","DSF","τῇ","τῇ","τῇ","ὁ"
66,20,06,"N","DSF","ἀναστάσει","ἀναστάσει","ἀναστάσει","ἀνάστασις"
66,20,06,"RA","DSF","τῇ","τῇ","τῇ","ὁ"
66,20,06,"A","DSF","πρώτῃ·","πρώτῃ","πρώτῃ","πρῶτος"
66,20,06,"P",NULL,"ἐπὶ","ἐπὶ","ἐπί","ἐπί"
66,20,06,"RD","GPM","τούτων","τούτων","τούτων","οὗτος"
66,20,06,"RA","NSM","ὁ","ὁ","ὁ","ὁ"
66,20,06,"A","NSM","δεύτερος","δεύτερος","δεύτερος","δεύτερος"
66,20,06,"N","NSM","θάνατος","θάνατος","θάνατος","θάνατος"
66,20,06,"D",NULL,"οὐκ","οὐκ","οὐ","οὐ"
66,20,06,"V","3PAI-S","ἔχει","ἔχει","ἔχει","ἔχω"
66,20,06,"N","ASF","ἐξουσίαν,","ἐξουσίαν","ἐξουσίαν","ἐξουσία"
66,20,06,"C",NULL,"ἀλλ’","ἀλλ’","ἀλλά","ἀλλά"
66,20,06,"V","3FMI-P","ἔσονται","ἔσονται","ἔσονται","εἰμί"
66,20,06,"N","NPM","ἱερεῖς","ἱερεῖς","ἱερεῖς","ἱερεύς"
66,20,06,"RA","GSM","τοῦ","τοῦ","τοῦ","ὁ"
66,20,06,"N","GSM","θεοῦ","θεοῦ","θεοῦ","θεός"
66,20,06,"C",NULL,"καὶ","καὶ","καί","καί"
66,20,06,"RA","GSM","τοῦ","τοῦ","τοῦ","ὁ"
66,20,06,"N","GSM","χριστοῦ,","χριστοῦ","Χριστοῦ","Χριστός"
66,20,06,"C",NULL,"καὶ","καὶ","καί","καί"
66,20,06,"V","3FAI-P","βασιλεύσουσιν","βασιλεύσουσιν","βασιλεύσουσι(ν)","βασιλεύω"
66,20,06,"P",NULL,"μετ’","μετ’","μετά","μετά"
66,20,06,"RP","GSM","αὐτοῦ","αὐτοῦ","αὐτοῦ","αὐτός"
66,20,06,"A","APN","⸀χίλια","χίλια","χίλια","χίλιοι"
66,20,06,"N","APN","ἔτη.","ἔτη","ἔτη","ἔτος"
66,20,07,"C",NULL,"Καὶ","Καὶ","καί","καί"
66,20,07,"C",NULL,"ὅταν","ὅταν","ὅταν","ὅταν"
66,20,07,"V","3APS-S","τελεσθῇ","τελεσθῇ","τελεσθῇ","τελέω"
66,20,07,"RA","NPN","τὰ","τὰ","τά","ὁ"
66,20,07,"A","NPN","χίλια","χίλια","χίλια","χίλιοι"
66,20,07,"N","NPN","ἔτη,","ἔτη","ἔτη","ἔτος"
66,20,07,"V","3FPI-S","λυθήσεται","λυθήσεται","λυθήσεται","λύω"
66,20,07,"RA","NSM","ὁ","ὁ","ὁ","ὁ"
66,20,07,"N","NSM","Σατανᾶς","Σατανᾶς","Σατανᾶς","Σατανᾶς"
66,20,07,"P",NULL,"ἐκ","ἐκ","ἐκ","ἐκ"
66,20,07,"RA","GSF","τῆς","τῆς","τῆς","ὁ"
66,20,07,"N","GSF","φυλακῆς","φυλακῆς","φυλακῆς","φυλακή"
66,20,07,"RP","GSM","αὐτοῦ,","αὐτοῦ","αὐτοῦ","αὐτός"
66,20,08,"C",NULL,"καὶ","καὶ","καί","καί"
66,20,08,"V","3FMI-S","ἐξελεύσεται","ἐξελεύσεται","ἐξελεύσεται","ἐξέρχομαι"
66,20,08,"V","AAN","πλανῆσαι","πλανῆσαι","πλανῆσαι","πλανάω"
66,20,08,"RA","APN","τὰ","τὰ","τά","ὁ"
66,20,08,"N","APN","ἔθνη","ἔθνη","ἔθνη","ἔθνος"
66,20,08,"RA","APN","τὰ","τὰ","τά","ὁ"
66,20,08,"P",NULL,"ἐν","ἐν","ἐν","ἐν"
66,20,08,"RA","DPF","ταῖς","ταῖς","ταῖς","ὁ"
66,20,08,"A","DPF","τέσσαρσι","τέσσαρσι","τέσσαρσι(ν)","τέσσαρες"
66,20,08,"N","DPF","γωνίαις","γωνίαις","γωνίαις","γωνία"
66,20,08,"RA","GSF","τῆς","τῆς","τῆς","ὁ"
66,20,08,"N","GSF","γῆς,","γῆς","γῆς","γῆ"
66,20,08,"RA","ASM","τὸν","τὸν","τόν","ὁ"
66,20,08,"N","ASM","Γὼγ","Γὼγ","Γώγ","Γώγ"
66,20,08,"C",NULL,"⸀καὶ","καὶ","καί","καί"
66,20,08,"N","ASM","Μαγώγ,","Μαγώγ","Μαγώγ","Μαγώγ"
66,20,08,"V","AAN","συναγαγεῖν","συναγαγεῖν","συναγαγεῖν","συνάγω"
66,20,08,"RP","APM","αὐτοὺς","αὐτοὺς","αὐτούς","αὐτός"
66,20,08,"P",NULL,"εἰς","εἰς","εἰς","εἰς"
66,20,08,"RA","ASM","τὸν","τὸν","τόν","ὁ"
66,20,08,"N","ASM","πόλεμον,","πόλεμον","πόλεμον","πόλεμος"
66,20,08,"RR","GPM","ὧν","ὧν","ὧν","ὅς"
66,20,08,"RA","NSM","ὁ","ὁ","ὁ","ὁ"
66,20,08,"N","NSM","ἀριθμὸς","ἀριθμὸς","ἀριθμός","ἀριθμός"
66,20,08,"RP","GPM","⸀αὐτῶν","αὐτῶν","αὐτῶν","αὐτός"
66,20,08,"C",NULL,"ὡς","ὡς","ὡς","ὡς"
66,20,08,"RA","NSF","ἡ","ἡ","ἡ","ὁ"
66,20,08,"N","NSF","ἄμμος","ἄμμος","ἄμμος","ἄμμος"
66,20,08,"RA","GSF","τῆς","τῆς","τῆς","ὁ"
66,20,08,"N","GSF","θαλάσσης.","θαλάσσης","θαλάσσης","θάλασσα"
66,20,09,"C",NULL,"καὶ","καὶ","καί","καί"
66,20,09,"V","3AAI-P","ἀνέβησαν","ἀνέβησαν","ἀνέβησαν","ἀναβαίνω"
66,20,09,"P",NULL,"ἐπὶ","ἐπὶ","ἐπί","ἐπί"
66,20,09,"RA","ASN","τὸ","τὸ","τό","ὁ"
66,20,09,"N","ASN","πλάτος","πλάτος","πλάτος","πλάτος"
66,20,09,"RA","GSF","τῆς","τῆς","τῆς","ὁ"
66,20,09,"N","GSF","γῆς,","γῆς","γῆς","γῆ"
66,20,09,"C",NULL,"καὶ","καὶ","καί","καί"
66,20,09,"V","3AAI-P","⸀ἐκύκλευσαν","ἐκύκλευσαν","ἐκύκλευσαν","κυκλεύω"
66,20,09,"RA","ASF","τὴν","τὴν","τήν","ὁ"
66,20,09,"N","ASF","παρεμβολὴν","παρεμβολὴν","παρεμβολήν","παρεμβολή"
66,20,09,"RA","GPM","τῶν","τῶν","τῶν","ὁ"
66,20,09,"A","GPM","ἁγίων","ἁγίων","ἁγίων","ἅγιος"
66,20,09,"C",NULL,"καὶ","καὶ","καί","καί"
66,20,09,"RA","ASF","τὴν","τὴν","τήν","ὁ"
66,20,09,"N","ASF","πόλιν","πόλιν","πόλιν","πόλις"
66,20,09,"RA","ASF","τὴν","τὴν","τήν","ὁ"
66,20,09,"V","XPPASF","ἠγαπημένην.","ἠγαπημένην","ἠγαπημένην","ἀγαπάω"
66,20,09,"C",NULL,"καὶ","καὶ","καί","καί"
66,20,09,"V","3AAI-S","κατέβη","κατέβη","κατέβη","καταβαίνω"
66,20,09,"N","NSN","πῦρ","πῦρ","πῦρ","πῦρ"
66,20,09,"P",NULL,"⸂ἐκ","ἐκ","ἐκ","ἐκ"
66,20,09,"RA","GSM","τοῦ","τοῦ","τοῦ","ὁ"
66,20,09,"N","GSM","οὐρανοῦ⸃","οὐρανοῦ","οὐρανοῦ","οὐρανός"
66,20,09,"C",NULL,"καὶ","καὶ","καί","καί"
66,20,09,"V","3AAI-S","κατέφαγεν","κατέφαγεν","κατέφαγε(ν)","κατεσθίω"
66,20,09,"RP","APM","αὐτούς·","αὐτούς","αὐτούς","αὐτός"
66,20,10,"C",NULL,"καὶ","καὶ","καί","καί"
66,20,10,"RA","NSM","ὁ","ὁ","ὁ","ὁ"
66,20,10,"A","NSM","διάβολος","διάβολος","διάβολος","διάβολος"
66,20,10,"RA","NSM","ὁ","ὁ","ὁ","ὁ"
66,20,10,"V","PAPNSM","πλανῶν","πλανῶν","πλανῶν","πλανάω"
66,20,10,"RP","APM","αὐτοὺς","αὐτοὺς","αὐτούς","αὐτός"
66,20,10,"V","3API-S","ἐβλήθη","ἐβλήθη","ἐβλήθη","βάλλω"
66,20,10,"P",NULL,"εἰς","εἰς","εἰς","εἰς"
66,20,10,"RA","ASF","τὴν","τὴν","τήν","ὁ"
66,20,10,"N","ASF","λίμνην","λίμνην","λίμνην","λίμνη"
66,20,10,"RA","GSN","τοῦ","τοῦ","τοῦ","ὁ"
66,20,10,"N","GSN","πυρὸς","πυρὸς","πυρός","πῦρ"
66,20,10,"C",NULL,"καὶ","καὶ","καί","καί"
66,20,10,"N","GSN","θείου,","θείου","θείου","θεῖον"
66,20,10,"D",NULL,"ὅπου","ὅπου","ὅπου","ὅπου"
66,20,10,"D",NULL,"καὶ","καὶ","καί","καί"
66,20,10,"RA","NSN","τὸ","τὸ","τό","ὁ"
66,20,10,"N","NSN","θηρίον","θηρίον","θηρίον","θηρίον"
66,20,10,"C",NULL,"καὶ","καὶ","καί","καί"
66,20,10,"RA","NSM","ὁ","ὁ","ὁ","ὁ"
66,20,10,"N","NSM","ψευδοπροφήτης,","ψευδοπροφήτης","ψευδοπροφήτης","ψευδοπροφήτης"
66,20,10,"C",NULL,"καὶ","καὶ","καί","καί"
66,20,10,"V","3FPI-P","βασανισθήσονται","βασανισθήσονται","βασανισθήσονται","βασανίζω"
66,20,10,"N","GSF","ἡμέρας","ἡμέρας","ἡμέρας","ἡμέρα"
66,20,10,"C",NULL,"καὶ","καὶ","καί","καί"
66,20,10,"N","GSF","νυκτὸς","νυκτὸς","νυκτός","νύξ"
66,20,10,"P",NULL,"εἰς","εἰς","εἰς","εἰς"
66,20,10,"RA","APM","τοὺς","τοὺς","τούς","ὁ"
66,20,10,"N","APM","αἰῶνας","αἰῶνας","αἰῶνας","αἰών"
66,20,10,"RA","GPM","τῶν","τῶν","τῶν","ὁ"
66,20,10,"N","GPM","αἰώνων.","αἰώνων","αἰώνων","αἰών"
66,20,11,"C",NULL,"Καὶ","Καὶ","καί","καί"
66,20,11,"V","1AAI-S","εἶδον","εἶδον","εἶδον","ὁράω"
66,20,11,"N","ASM","θρόνον","θρόνον","θρόνον","θρόνος"
66,20,11,"A","ASM","μέγαν","μέγαν","μέγαν","μέγας"
66,20,11,"A","ASM","λευκὸν","λευκὸν","λευκόν","λευκός"
66,20,11,"C",NULL,"καὶ","καὶ","καί","καί"
66,20,11,"RA","ASM","τὸν","τὸν","τόν","ὁ"
66,20,11,"V","PMPASM","καθήμενον","καθήμενον","καθήμενον","κάθημαι"
66,20,11,"P",NULL,"⸂ἐπ’","ἐπ’","ἐπί","ἐπί"
66,20,11,"RP","GSM","αὐτοῦ⸃,","αὐτοῦ","αὐτοῦ","αὐτός"
66,20,11,"RR","GSM","οὗ","οὗ","οὗ","ὅς"
66,20,11,"P",NULL,"ἀπὸ","ἀπὸ","ἀπό","ἀπό"
66,20,11,"RA","GSN","⸀τοῦ","τοῦ","τοῦ","ὁ"
66,20,11,"N","GSN","προσώπου","προσώπου","προσώπου","πρόσωπον"
66,20,11,"V","3AAI-S","ἔφυγεν","ἔφυγεν","ἔφυγε(ν)","φεύγω"
66,20,11,"RA","NSF","ἡ","ἡ","ἡ","ὁ"
66,20,11,"N","NSF","γῆ","γῆ","γῆ","γῆ"
66,20,11,"C",NULL,"καὶ","καὶ","καί","καί"
66,20,11,"RA","NSM","ὁ","ὁ","ὁ","ὁ"
66,20,11,"N","NSM","οὐρανός,","οὐρανός","οὐρανός","οὐρανός"
66,20,11,"C",NULL,"καὶ","καὶ","καί","καί"
66,20,11,"N","NSM","τόπος","τόπος","τόπος","τόπος"
66,20,11,"D",NULL,"οὐχ","οὐχ","οὐ","οὐ"
66,20,11,"V","3API-S","εὑρέθη","εὑρέθη","εὑρέθη","εὑρίσκω"
66,20,11,"RP","DPM","αὐτοῖς.","αὐτοῖς","αὐτοῖς","αὐτός"
66,20,12,"C",NULL,"καὶ","καὶ","καί","καί"
66,20,12,"V","1AAI-S","εἶδον","εἶδον","εἶδον","ὁράω"
66,20,12,"RA","APM","τοὺς","τοὺς","τούς","ὁ"
66,20,12,"A","APM","νεκρούς,","νεκρούς","νεκρούς","νεκρός"
66,20,12,"RA","APM","τοὺς","τοὺς","τούς","ὁ"
66,20,12,"A","APM","μεγάλους","μεγάλους","μεγάλους","μέγας"
66,20,12,"C",NULL,"καὶ","καὶ","καί","καί"
66,20,12,"RA","APM","τοὺς","τοὺς","τούς","ὁ"
66,20,12,"A","APM","μικρούς,","μικρούς","μικρούς","μικρός"
66,20,12,"V","XAPAPM","ἑστῶτας","ἑστῶτας","ἑστῶτας","ἵστημι"
66,20,12,"P",NULL,"ἐνώπιον","ἐνώπιον","ἐνώπιον","ἐνώπιον"
66,20,12,"RA","GSM","τοῦ","τοῦ","τοῦ","ὁ"
66,20,12,"N","GSM","θρόνου,","θρόνου","θρόνου","θρόνος"
66,20,12,"C",NULL,"καὶ","καὶ","καί","καί"
66,20,12,"N","NPN","βιβλία","βιβλία","βιβλία","βιβλίον"
66,20,12,"V","3API-P","ἠνοίχθησαν·","ἠνοίχθησαν","ἠνοίχθησαν","ἀνοίγω"
66,20,12,"C",NULL,"καὶ","καὶ","καί","καί"
66,20,12,"A","NSN","ἄλλο","ἄλλο","ἄλλο","ἄλλος"
66,20,12,"N","NSN","βιβλίον","βιβλίον","βιβλίον","βιβλίον"
66,20,12,"V","3API-S","ἠνοίχθη,","ἠνοίχθη","ἠνοίχθη","ἀνοίγω"
66,20,12,"RR","NSN","ὅ","ὅ","ὅ","ὅς"
66,20,12,"V","3PAI-S","ἐστιν","ἐστιν","ἐστί(ν)","εἰμί"
66,20,12,"RA","GSF","τῆς","τῆς","τῆς","ὁ"
66,20,12,"N","GSF","ζωῆς·","ζωῆς","ζωῆς","ζωή"
66,20,12,"C",NULL,"καὶ","καὶ","καί","καί"
66,20,12,"V","3API-P","ἐκρίθησαν","ἐκρίθησαν","ἐκρίθησαν","κρίνω"
66,20,12,"RA","NPM","οἱ","οἱ","οἱ","ὁ"
66,20,12,"A","NPM","νεκροὶ","νεκροὶ","νεκροί","νεκρός"
66,20,12,"P",NULL,"ἐκ","ἐκ","ἐκ","ἐκ"
66,20,12,"RA","GPN","τῶν","τῶν","τῶν","ὁ"
66,20,12,"V","XPPGPN","γεγραμμένων","γεγραμμένων","γεγραμμένων","γράφω"
66,20,12,"P",NULL,"ἐν","ἐν","ἐν","ἐν"
66,20,12,"RA","DPN","τοῖς","τοῖς","τοῖς","ὁ"
66,20,12,"N","DPN","βιβλίοις","βιβλίοις","βιβλίοις","βιβλίον"
66,20,12,"P",NULL,"κατὰ","κατὰ","κατά","κατά"
66,20,12,"RA","APN","τὰ","τὰ","τά","ὁ"
66,20,12,"N","APN","ἔργα","ἔργα","ἔργα","ἔργον"
66,20,12,"RP","GPM","αὐτῶν.","αὐτῶν","αὐτῶν","αὐτός"
66,20,13,"C",NULL,"καὶ","καὶ","καί","καί"
66,20,13,"V","3AAI-S","ἔδωκεν","ἔδωκεν","ἔδωκε(ν)","δίδωμι"
66,20,13,"RA","NSF","ἡ","ἡ","ἡ","ὁ"
66,20,13,"N","NSF","θάλασσα","θάλασσα","θάλασσα","θάλασσα"
66,20,13,"RA","APM","τοὺς","τοὺς","τούς","ὁ"
66,20,13,"A","APM","νεκροὺς","νεκροὺς","νεκρούς","νεκρός"
66,20,13,"RA","APM","τοὺς","τοὺς","τούς","ὁ"
66,20,13,"P",NULL,"ἐν","ἐν","ἐν","ἐν"
66,20,13,"RP","DSF","αὐτῇ,","αὐτῇ","αὐτῇ","αὐτός"
66,20,13,"C",NULL,"καὶ","καὶ","καί","καί"
66,20,13,"RA","NSM","ὁ","ὁ","ὁ","ὁ"
66,20,13,"N","NSM","θάνατος","θάνατος","θάνατος","θάνατος"
66,20,13,"C",NULL,"καὶ","καὶ","καί","καί"
66,20,13,"RA","NSM","ὁ","ὁ","ὁ","ὁ"
66,20,13,"N","NSM","ᾅδης","ᾅδης","ᾅδης","ᾅδης"
66,20,13,"V","3AAI-P","ἔδωκαν","ἔδωκαν","ἔδωκαν","δίδωμι"
66,20,13,"RA","APM","τοὺς","τοὺς","τούς","ὁ"
66,20,13,"A","APM","νεκροὺς","νεκροὺς","νεκρούς","νεκρός"
66,20,13,"RA","APM","τοὺς","τοὺς","τούς","ὁ"
66,20,13,"P",NULL,"ἐν","ἐν","ἐν","ἐν"
66,20,13,"RP","DPM","αὐτοῖς,","αὐτοῖς","αὐτοῖς","αὐτός"
66,20,13,"C",NULL,"καὶ","καὶ","καί","καί"
66,20,13,"V","3API-P","ἐκρίθησαν","ἐκρίθησαν","ἐκρίθησαν","κρίνω"
66,20,13,"A","NSM","ἕκαστος","ἕκαστος","ἕκαστος","ἕκαστος"
66,20,13,"P",NULL,"κατὰ","κατὰ","κατά","κατά"
66,20,13,"RA","APN","τὰ","τὰ","τά","ὁ"
66,20,13,"N","APN","ἔργα","ἔργα","ἔργα","ἔργον"
66,20,13,"RP","GPM","αὐτῶν.","αὐτῶν","αὐτῶν","αὐτός"
66,20,14,"C",NULL,"καὶ","καὶ","καί","καί"
66,20,14,"RA","NSM","ὁ","ὁ","ὁ","ὁ"
66,20,14,"N","NSM","θάνατος","θάνατος","θάνατος","θάνατος"
66,20,14,"C",NULL,"καὶ","καὶ","καί","καί"
66,20,14,"RA","NSM","ὁ","ὁ","ὁ","ὁ"
66,20,14,"N","NSM","ᾅδης","ᾅδης","ᾅδης","ᾅδης"
66,20,14,"V","3API-P","ἐβλήθησαν","ἐβλήθησαν","ἐβλήθησαν","βάλλω"
66,20,14,"P",NULL,"εἰς","εἰς","εἰς","εἰς"
66,20,14,"RA","ASF","τὴν","τὴν","τήν","ὁ"
66,20,14,"N","ASF","λίμνην","λίμνην","λίμνην","λίμνη"
66,20,14,"RA","GSN","τοῦ","τοῦ","τοῦ","ὁ"
66,20,14,"N","GSN","πυρός.","πυρός","πυρός","πῦρ"
66,20,14,"RD","NSM","οὗτος","οὗτος","οὗτος","οὗτος"
66,20,14,"RA","NSM","ὁ","ὁ","ὁ","ὁ"
66,20,14,"N","NSM","⸂θάνατος","θάνατος","θάνατος","θάνατος"
66,20,14,"RA","NSM","ὁ","ὁ","ὁ","ὁ"
66,20,14,"A","NSM","δεύτερός⸃","δεύτερός","δεύτερος","δεύτερος"
66,20,14,"V","3PAI-S","ἐστιν,","ἐστιν","ἐστί(ν)","εἰμί"
66,20,14,"RA","NSF","ἡ","ἡ","ἡ","ὁ"
66,20,14,"N","NSF","λίμνη","λίμνη","λίμνη","λίμνη"
66,20,14,"RA","GSN","τοῦ","τοῦ","τοῦ","ὁ"
66,20,14,"N","GSN","πυρός.","πυρός","πυρός","πῦρ"
66,20,15,"C",NULL,"καὶ","καὶ","καί","καί"
66,20,15,"C",NULL,"εἴ","εἴ","εἰ","εἰ"
66,20,15,"RI","NSM","τις","τις","τὶς","τις"
66,20,15,"D",NULL,"οὐχ","οὐχ","οὐ","οὐ"
66,20,15,"V","3API-S","εὑρέθη","εὑρέθη","εὑρέθη","εὑρίσκω"
66,20,15,"P",NULL,"ἐν","ἐν","ἐν","ἐν"
66,20,15,"RA","DSF","⸂τῇ","τῇ","τῇ","ὁ"
66,20,15,"N","DSF","βίβλῳ⸃","βίβλῳ","βίβλῳ","βίβλος"
66,20,15,"RA","GSF","τῆς","τῆς","τῆς","ὁ"
66,20,15,"N","GSF","ζωῆς","ζωῆς","ζωῆς","ζωή"
66,20,15,"V","XPPNSM","γεγραμμένος,","γεγραμμένος","γεγραμμένος","γράφω"
66,20,15,"V","3API-S","ἐβλήθη","ἐβλήθη","ἐβλήθη","βάλλω"
66,20,15,"P",NULL,"εἰς","εἰς","εἰς","εἰς"
66,20,15,"RA","ASF","τὴν","τὴν","τήν","ὁ"
66,20,15,"N","ASF","λίμνην","λίμνην","λίμνην","λίμνη"
66,20,15,"RA","GSN","τοῦ","τοῦ","τοῦ","ὁ"
66,20,15,"N","GSN","πυρός.","πυρός","πυρός","πῦρ"
66,21,01,"C",NULL,"Καὶ","Καὶ","καί","καί"
66,21,01,"V","1AAI-S","εἶδον","εἶδον","εἶδον","ὁράω"
66,21,01,"N","ASM","οὐρανὸν","οὐρανὸν","οὐρανόν","οὐρανός"
66,21,01,"A","ASM","καινὸν","καινὸν","καινόν","καινός"
66,21,01,"C",NULL,"καὶ","καὶ","καί","καί"
66,21,01,"N","ASF","γῆν","γῆν","γῆν","γῆ"
66,21,01,"A","ASF","καινήν·","καινήν","καινήν","καινός"
66,21,01,"RA","NSM","ὁ","ὁ","ὁ","ὁ"
66,21,01,"C",NULL,"γὰρ","γὰρ","γάρ","γάρ"
66,21,01,"A","NSM","πρῶτος","πρῶτος","πρῶτος","πρῶτος"
66,21,01,"N","NSM","οὐρανὸς","οὐρανὸς","οὐρανός","οὐρανός"
66,21,01,"C",NULL,"καὶ","καὶ","καί","καί"
66,21,01,"RA","NSF","ἡ","ἡ","ἡ","ὁ"
66,21,01,"A","NSF","πρώτη","πρώτη","πρώτη","πρῶτος"
66,21,01,"N","NSF","γῆ","γῆ","γῆ","γῆ"
66,21,01,"V","3AAI-P","ἀπῆλθαν,","ἀπῆλθαν","ἀπῆλθαν","ἀπέρχομαι"
66,21,01,"C",NULL,"καὶ","καὶ","καί","καί"
66,21,01,"RA","NSF","ἡ","ἡ","ἡ","ὁ"
66,21,01,"N","NSF","θάλασσα","θάλασσα","θάλασσα","θάλασσα"
66,21,01,"D",NULL,"οὐκ","οὐκ","οὐ","οὐ"
66,21,01,"V","3PAI-S","ἔστιν","ἔστιν","ἐστί(ν)","εἰμί"
66,21,01,"D",NULL,"ἔτι.","ἔτι","ἔτι","ἔτι"
66,21,02,"C",NULL,"καὶ","καὶ","καί","καί"
66,21,02,"RA","ASF","τὴν","τὴν","τήν","ὁ"
66,21,02,"N","ASF","πόλιν","πόλιν","πόλιν","πόλις"
66,21,02,"RA","ASF","τὴν","τὴν","τήν","ὁ"
66,21,02,"A","ASF","ἁγίαν","ἁγίαν","ἁγίαν","ἅγιος"
66,21,02,"N","ASF","Ἰερουσαλὴμ","Ἰερουσαλὴμ","Ἰερουσαλήμ","Ἰερουσαλήμ"
66,21,02,"A","ASF","καινὴν","καινὴν","καινήν","καινός"
66,21,02,"V","1AAI-S","εἶδον","εἶδον","εἶδον","ὁράω"
66,21,02,"V","PAPASF","καταβαίνουσαν","καταβαίνουσαν","καταβαίνουσαν","καταβαίνω"
66,21,02,"P",NULL,"ἐκ","ἐκ","ἐκ","ἐκ"
66,21,02,"RA","GSM","τοῦ","τοῦ","τοῦ","ὁ"
66,21,02,"N","GSM","οὐρανοῦ","οὐρανοῦ","οὐρανοῦ","οὐρανός"
66,21,02,"P",NULL,"ἀπὸ","ἀπὸ","ἀπό","ἀπό"
66,21,02,"RA","GSM","τοῦ","τοῦ","τοῦ","ὁ"
66,21,02,"N","GSM","θεοῦ,","θεοῦ","θεοῦ","θεός"
66,21,02,"V","XPPASF","ἡτοιμασμένην","ἡτοιμασμένην","ἡτοιμασμένην","ἑτοιμάζω"
66,21,02,"C",NULL,"ὡς","ὡς","ὡς","ὡς"
66,21,02,"N","ASF","νύμφην","νύμφην","νύμφην","νύμφη"
66,21,02,"V","XPPASF","κεκοσμημένην","κεκοσμημένην","κεκοσμημένην","κοσμέω"
66,21,02,"RA","DSM","τῷ","τῷ","τῷ","ὁ"
66,21,02,"N","DSM","ἀνδρὶ","ἀνδρὶ","ἀνδρί","ἀνήρ"
66,21,02,"RP","GSF","αὐτῆς.","αὐτῆς","αὐτῆς","αὐτός"
66,21,03,"C",NULL,"καὶ","καὶ","καί","καί"
66,21,03,"V","1AAI-S","ἤκουσα","ἤκουσα","ἤκουσα","ἀκούω"
66,21,03,"N","GSF","φωνῆς","φωνῆς","φωνῆς","φωνή"
66,21,03,"A","GSF","μεγάλης","μεγάλης","μεγάλης","μέγας"
66,21,03,"P",NULL,"ἐκ","ἐκ","ἐκ","ἐκ"
66,21,03,"RA","GSM","τοῦ","τοῦ","τοῦ","ὁ"
66,21,03,"N","GSM","⸀θρόνου","θρόνου","θρόνου","θρόνος"
66,21,03,"V","PAPGSF","λεγούσης·","λεγούσης","λεγούσης","λέγω"
66,21,03,"X",NULL,"Ἰδοὺ","Ἰδοὺ","ἰδού","ἰδού"
66,21,03,"RA","NSF","ἡ","ἡ","ἡ","ὁ"
66,21,03,"N","NSF","σκηνὴ","σκηνὴ","σκηνή","σκηνή"
66,21,03,"RA","GSM","τοῦ","τοῦ","τοῦ","ὁ"
66,21,03,"N","GSM","θεοῦ","θεοῦ","θεοῦ","θεός"
66,21,03,"P",NULL,"μετὰ","μετὰ","μετά","μετά"
66,21,03,"RA","GPM","τῶν","τῶν","τῶν","ὁ"
66,21,03,"N","GPM","ἀνθρώπων,","ἀνθρώπων","ἀνθρώπων","ἄνθρωπος"
66,21,03,"C",NULL,"καὶ","καὶ","καί","καί"
66,21,03,"V","3FAI-S","σκηνώσει","σκηνώσει","σκηνώσει","σκηνόω"
66,21,03,"P",NULL,"μετ’","μετ’","μετά","μετά"
66,21,03,"RP","GPM","αὐτῶν,","αὐτῶν","αὐτῶν","αὐτός"
66,21,03,"C",NULL,"καὶ","καὶ","καί","καί"
66,21,03,"RP","NPM","αὐτοὶ","αὐτοὶ","αὐτοί","αὐτός"
66,21,03,"N","NPM","⸀λαοὶ","λαοὶ","λαοί","λαός"
66,21,03,"RP","GSM","αὐτοῦ","αὐτοῦ","αὐτοῦ","αὐτός"
66,21,03,"V","3FMI-P","ἔσονται,","ἔσονται","ἔσονται","εἰμί"
66,21,03,"C",NULL,"καὶ","καὶ","καί","καί"
66,21,03,"RP","NSM","αὐτὸς","αὐτὸς","αὐτός","αὐτός"
66,21,03,"RA","NSM","ὁ","ὁ","ὁ","ὁ"
66,21,03,"N","NSM","θεὸς","θεὸς","θεός","θεός"
66,21,03,"P",NULL,"⸂μετ’","μετ’","μετά","μετά"
66,21,03,"RP","GPM","αὐτῶν","αὐτῶν","αὐτῶν","αὐτός"
66,21,03,"V","3FMI-S","ἔσται⸃,","ἔσται","ἔσται","εἰμί"
66,21,04,"C",NULL,"καὶ","καὶ","καί","καί"
66,21,04,"V","3FAI-S","ἐξαλείψει","ἐξαλείψει","ἐξαλείψει","ἐξαλείφω"
66,21,04,"A","ASN","πᾶν","πᾶν","πᾶν","πᾶς"
66,21,04,"N","ASN","δάκρυον","δάκρυον","δάκρυον","δάκρυον"
66,21,04,"P",NULL,"⸀ἐκ","ἐκ","ἐκ","ἐκ"
66,21,04,"RA","GPM","τῶν","τῶν","τῶν","ὁ"
66,21,04,"N","GPM","ὀφθαλμῶν","ὀφθαλμῶν","ὀφθαλμῶν","ὀφθαλμός"
66,21,04,"RP","GPM","αὐτῶν,","αὐτῶν","αὐτῶν","αὐτός"
66,21,04,"C",NULL,"καὶ","καὶ","καί","καί"
66,21,04,"RA","NSM","ὁ","ὁ","ὁ","ὁ"
66,21,04,"N","NSM","θάνατος","θάνατος","θάνατος","θάνατος"
66,21,04,"D",NULL,"οὐκ","οὐκ","οὐ","οὐ"
66,21,04,"V","3FMI-S","ἔσται","ἔσται","ἔσται","εἰμί"
66,21,04,"D",NULL,"ἔτι·","ἔτι","ἔτι","ἔτι"
66,21,04,"C",NULL,"οὔτε","οὔτε","οὔτε","οὔτε"
66,21,04,"N","NSN","πένθος","πένθος","πένθος","πένθος"
66,21,04,"C",NULL,"οὔτε","οὔτε","οὔτε","οὔτε"
66,21,04,"N","NSF","κραυγὴ","κραυγὴ","κραυγή","κραυγή"
66,21,04,"C",NULL,"οὔτε","οὔτε","οὔτε","οὔτε"
66,21,04,"N","NSM","πόνος","πόνος","πόνος","πόνος"
66,21,04,"D",NULL,"οὐκ","οὐκ","οὐ","οὐ"
66,21,04,"V","3FMI-S","ἔσται","ἔσται","ἔσται","εἰμί"
66,21,04,"D",NULL,"⸀ἔτι.","ἔτι","ἔτι","ἔτι"
66,21,04,"RA","NPN","τὰ","τὰ","τά","ὁ"
66,21,04,"A","NPN","πρῶτα","πρῶτα","πρῶτα","πρῶτος"
66,21,04,"V","3AAI-P","ἀπῆλθαν.","ἀπῆλθαν","ἀπῆλθαν","ἀπέρχομαι"
66,21,05,"C",NULL,"Καὶ","Καὶ","καί","καί"
66,21,05,"V","3AAI-S","εἶπεν","εἶπεν","εἶπε(ν)","λέγω"
66,21,05,"RA","NSM","ὁ","ὁ","ὁ","ὁ"
66,21,05,"V","PMPNSM","καθήμενος","καθήμενος","καθήμενος","κάθημαι"
66,21,05,"P",NULL,"ἐπὶ","ἐπὶ","ἐπί","ἐπί"
66,21,05,"RA","DSM","τῷ","τῷ","τῷ","ὁ"
66,21,05,"N","DSM","θρόνῳ·","θρόνῳ","θρόνῳ","θρόνος"
66,21,05,"X",NULL,"Ἰδοὺ","Ἰδοὺ","ἰδού","ἰδού"
66,21,05,"A","APN","⸂καινὰ","καινὰ","καινά","καινός"
66,21,05,"V","1PAI-S","ποιῶ","ποιῶ","ποιῶ","ποιέω"
66,21,05,"A","APN","πάντα⸃.","πάντα","πάντα","πᾶς"
66,21,05,"C",NULL,"καὶ","καὶ","καί","καί"
66,21,05,"V","3PAI-S","⸀λέγει·","λέγει","λέγει","λέγω"
66,21,05,"V","2AAD-S","Γράψον,","Γράψον","γράψον","γράφω"
66,21,05,"C",NULL,"ὅτι","ὅτι","ὅτι","ὅτι"
66,21,05,"RD","NPM","οὗτοι","οὗτοι","οὗτοι","οὗτος"
66,21,05,"RA","NPM","οἱ","οἱ","οἱ","ὁ"
66,21,05,"N","NPM","λόγοι","λόγοι","λόγοι","λόγος"
66,21,05,"A","NPM","⸂πιστοὶ","πιστοὶ","πιστοί","πιστός"
66,21,05,"C",NULL,"καὶ","καὶ","καί","καί"
66,21,05,"A","NPM","ἀληθινοί⸃","ἀληθινοί","ἀληθινοί","ἀληθινός"
66,21,05,"V","3PAI-P","εἰσιν.","εἰσιν","εἰσί(ν)","εἰμί"
66,21,06,"C",NULL,"καὶ","καὶ","καί","καί"
66,21,06,"V","3AAI-S","εἶπέν","εἶπέν","εἶπε(ν)","λέγω"
66,21,06,"RP","DS","μοι·","μοι","μοι","ἐγώ"
66,21,06,"V","3XAI-P","⸂Γέγοναν.","Γέγοναν","γέγοναν","γίνομαι"
66,21,06,"RP","NS","ἐγὼ⸃","ἐγὼ","ἐγώ","ἐγώ"
66,21,06,"RA","NSN","τὸ","τὸ","τό","ὁ"
66,21,06,"N","NSN","Ἄλφα","Ἄλφα","Ἄλφα","Ἄλφα"
66,21,06,"C",NULL,"καὶ","καὶ","καί","καί"
66,21,06,"RA","NSN","τὸ","τὸ","τό","ὁ"
66,21,06,"N","NSN","Ὦ,","Ὦ","Ὦ","Ὦ"
66,21,06,"RA","NSF","ἡ","ἡ","ἡ","ὁ"
66,21,06,"N","NSF","ἀρχὴ","ἀρχὴ","ἀρχή","ἀρχή"
66,21,06,"C",NULL,"καὶ","καὶ","καί","καί"
66,21,06,"RA","NSN","τὸ","τὸ","τό","ὁ"
66,21,06,"N","NSN","τέλος.","τέλος","τέλος","τέλος"
66,21,06,"RP","NS","ἐγὼ","ἐγὼ","ἐγώ","ἐγώ"
66,21,06,"RA","DSM","τῷ","τῷ","τῷ","ὁ"
66,21,06,"V","PAPDSM","διψῶντι","διψῶντι","διψῶντι","διψάω"
66,21,06,"V","1FAI-S","δώσω","δώσω","δώσω","δίδωμι"
66,21,06,"P",NULL,"ἐκ","ἐκ","ἐκ","ἐκ"
66,21,06,"RA","GSF","τῆς","τῆς","τῆς","ὁ"
66,21,06,"N","GSF","πηγῆς","πηγῆς","πηγῆς","πηγή"
66,21,06,"RA","GSN","τοῦ","τοῦ","τοῦ","ὁ"
66,21,06,"N","GSN","ὕδατος","ὕδατος","ὕδατος","ὕδωρ"
66,21,06,"RA","GSF","τῆς","τῆς","τῆς","ὁ"
66,21,06,"N","GSF","ζωῆς","ζωῆς","ζωῆς","ζωή"
66,21,06,"D",NULL,"δωρεάν.","δωρεάν","δωρεάν","δωρεάν"
66,21,07,"RA","NSM","ὁ","ὁ","ὁ","ὁ"
66,21,07,"V","PAPNSM","νικῶν","νικῶν","νικῶν","νικάω"
66,21,07,"V","3FAI-S","κληρονομήσει","κληρονομήσει","κληρονομήσει","κληρονομέω"
66,21,07,"RD","APN","ταῦτα,","ταῦτα","ταῦτα","οὗτος"
66,21,07,"C",NULL,"καὶ","καὶ","καί","καί"
66,21,07,"V","1FMI-S","ἔσομαι","ἔσομαι","ἔσομαι","εἰμί"
66,21,07,"RP","DSM","αὐτῷ","αὐτῷ","αὐτῷ","αὐτός"
66,21,07,"N","NSM","θεὸς","θεὸς","θεός","θεός"
66,21,07,"C",NULL,"καὶ","καὶ","καί","καί"
66,21,07,"RP","NSM","αὐτὸς","αὐτὸς","αὐτός","αὐτός"
66,21,07,"V","3FMI-S","ἔσται","ἔσται","ἔσται","εἰμί"
66,21,07,"RP","DS","μοι","μοι","μοι","ἐγώ"
66,21,07,"N","NSM","υἱός.","υἱός","υἱός","υἱός"
66,21,08,"RA","DPM","τοῖς","τοῖς","τοῖς","ὁ"
66,21,08,"C",NULL,"δὲ","δὲ","δέ","δέ"
66,21,08,"A","DPM","δειλοῖς","δειλοῖς","δειλοῖς","δειλός"
66,21,08,"C",NULL,"καὶ","καὶ","καί","καί"
66,21,08,"A","DPM","⸀ἀπίστοις","ἀπίστοις","ἀπίστοις","ἄπιστος"
66,21,08,"C",NULL,"καὶ","καὶ","καί","καί"
66,21,08,"V","XMPDPM","ἐβδελυγμένοις","ἐβδελυγμένοις","ἐβδελυγμένοις","βδελύσσομαι"
66,21,08,"C",NULL,"καὶ","καὶ","καί","καί"
66,21,08,"N","DPM","φονεῦσι","φονεῦσι","φονεῦσι(ν)","φονεύς"
66,21,08,"C",NULL,"καὶ","καὶ","καί","καί"
66,21,08,"N","DPM","πόρνοις","πόρνοις","πόρνοις","πόρνος"
66,21,08,"C",NULL,"καὶ","καὶ","καί","καί"
66,21,08,"N","DPM","φαρμάκοις","φαρμάκοις","φαρμάκοις","φάρμακος"
66,21,08,"C",NULL,"καὶ","καὶ","καί","καί"
66,21,08,"N","DPM","εἰδωλολάτραις","εἰδωλολάτραις","εἰδωλολάτραις","εἰδωλολάτρης"
66,21,08,"C",NULL,"καὶ","καὶ","καί","καί"
66,21,08,"A","DPM","πᾶσι","πᾶσι","πᾶσι(ν)","πᾶς"
66,21,08,"RA","DPM","τοῖς","τοῖς","τοῖς","ὁ"
66,21,08,"A","DPM","ψευδέσιν","ψευδέσιν","ψευδέσι(ν)","ψευδής"
66,21,08,"RA","NSN","τὸ","τὸ","τό","ὁ"
66,21,08,"N","NSN","μέρος","μέρος","μέρος","μέρος"
66,21,08,"RP","GPM","αὐτῶν","αὐτῶν","αὐτῶν","αὐτός"
66,21,08,"P",NULL,"ἐν","ἐν","ἐν","ἐν"
66,21,08,"RA","DSF","τῇ","τῇ","τῇ","ὁ"
66,21,08,"N","DSF","λίμνῃ","λίμνῃ","λίμνῃ","λίμνη"
66,21,08,"RA","DSF","τῇ","τῇ","τῇ","ὁ"
66,21,08,"V","PPPDSF","καιομένῃ","καιομένῃ","καιομένῃ","καίω"
66,21,08,"N","DSN","πυρὶ","πυρὶ","πυρί","πῦρ"
66,21,08,"C",NULL,"καὶ","καὶ","καί","καί"
66,21,08,"N","DSN","θείῳ,","θείῳ","θείῳ","θεῖον"
66,21,08,"RR","NSN","ὅ","ὅ","ὅ","ὅς"
66,21,08,"V","3PAI-S","ἐστιν","ἐστιν","ἐστί(ν)","εἰμί"
66,21,08,"RA","NSM","ὁ","ὁ","ὁ","ὁ"
66,21,08,"N","NSM","θάνατος","θάνατος","θάνατος","θάνατος"
66,21,08,"RA","NSM","ὁ","ὁ","ὁ","ὁ"
66,21,08,"A","NSM","δεύτερος.","δεύτερος","δεύτερος","δεύτερος"
66,21,09,"C",NULL,"Καὶ","Καὶ","καί","καί"
66,21,09,"V","3AAI-S","ἦλθεν","ἦλθεν","ἦλθε(ν)","ἔρχομαι"
66,21,09,"A","NSM","εἷς","εἷς","εἷς","εἷς"
66,21,09,"P",NULL,"ἐκ","ἐκ","ἐκ","ἐκ"
66,21,09,"RA","GPM","τῶν","τῶν","τῶν","ὁ"
66,21,09,"A","GPM","ἑπτὰ","ἑπτὰ","ἑπτά","ἑπτά"
66,21,09,"N","GPM","ἀγγέλων","ἀγγέλων","ἀγγέλων","ἄγγελος"
66,21,09,"RA","GPM","τῶν","τῶν","τῶν","ὁ"
66,21,09,"V","PAPGPM","ἐχόντων","ἐχόντων","ἐχόντων","ἔχω"
66,21,09,"RA","APF","τὰς","τὰς","τάς","ὁ"
66,21,09,"A","APF","ἑπτὰ","ἑπτὰ","ἑπτά","ἑπτά"
66,21,09,"N","APF","φιάλας,","φιάλας","φιάλας","φιάλη"
66,21,09,"RA","GPN","⸂τῶν","τῶν","τῶν","ὁ"
66,21,09,"V","PAPGPN","γεμόντων⸃","γεμόντων","γεμόντων","γέμω"
66,21,09,"RA","GPF","τῶν","τῶν","τῶν","ὁ"
66,21,09,"A","GPF","ἑπτὰ","ἑπτὰ","ἑπτά","ἑπτά"
66,21,09,"N","GPF","πληγῶν","πληγῶν","πληγῶν","πληγή"
66,21,09,"RA","GPF","τῶν","τῶν","τῶν","ὁ"
66,21,09,"A","GPF","ἐσχάτων,","ἐσχάτων","ἐσχάτων","ἔσχατος"
66,21,09,"C",NULL,"καὶ","καὶ","καί","καί"
66,21,09,"V","3AAI-S","ἐλάλησεν","ἐλάλησεν","ἐλάλησε(ν)","λαλέω"
66,21,09,"P",NULL,"μετ’","μετ’","μετά","μετά"
66,21,09,"RP","GS","ἐμοῦ","ἐμοῦ","ἐμοῦ","ἐγώ"
66,21,09,"V","PAPNSM","λέγων·","λέγων","λέγων","λέγω"
66,21,09,"D",NULL,"Δεῦρο,","Δεῦρο","δεῦρο","δεῦρο"
66,21,09,"V","1FAI-S","δείξω","δείξω","δείξω","δείκνυμι"
66,21,09,"RP","DS","σοι","σοι","σοι","σύ"
66,21,09,"RA","ASF","τὴν","τὴν","τήν","ὁ"
66,21,09,"N","ASF","⸂νύμφην","νύμφην","νύμφην","νύμφη"
66,21,09,"RA","ASF","τὴν","τὴν","τήν","ὁ"
66,21,09,"N","ASF","γυναῖκα⸃","γυναῖκα","γυναῖκα","γυνή"
66,21,09,"RA","GSN","τοῦ","τοῦ","τοῦ","ὁ"
66,21,09,"N","GSN","ἀρνίου.","ἀρνίου","ἀρνίου","ἀρνίον"
66,21,10,"C",NULL,"καὶ","καὶ","καί","καί"
66,21,10,"V","3AAI-S","ἀπήνεγκέν","ἀπήνεγκέν","ἀπήνεγκε(ν)","ἀποφέρω"
66,21,10,"RP","AS","με","με","με","ἐγώ"
66,21,10,"P",NULL,"ἐν","ἐν","ἐν","ἐν"
66,21,10,"N","DSN","πνεύματι","πνεύματι","πνεύματι","πνεῦμα"
66,21,10,"P",NULL,"ἐπὶ","ἐπὶ","ἐπί","ἐπί"
66,21,10,"N","ASN","ὄρος","ὄρος","ὄρος","ὄρος"
66,21,10,"A","ASN","μέγα","μέγα","μέγα","μέγας"
66,21,10,"C",NULL,"καὶ","καὶ","καί","καί"
66,21,10,"A","ASN","ὑψηλόν,","ὑψηλόν","ὑψηλόν","ὑψηλός"
66,21,10,"C",NULL,"καὶ","καὶ","καί","καί"
66,21,10,"V","3AAI-S","ἔδειξέν","ἔδειξέν","ἔδειξε(ν)","δείκνυμι"
66,21,10,"RP","DS","μοι","μοι","μοι","ἐγώ"
66,21,10,"RA","ASF","τὴν","τὴν","τήν","ὁ"
66,21,10,"N","ASF","⸀πόλιν","πόλιν","πόλιν","πόλις"
66,21,10,"RA","ASF","τὴν","τὴν","τήν","ὁ"
66,21,10,"A","ASF","ἁγίαν","ἁγίαν","ἁγίαν","ἅγιος"
66,21,10,"N","ASF","Ἰερουσαλὴμ","Ἰερουσαλὴμ","Ἰερουσαλήμ","Ἰερουσαλήμ"
66,21,10,"V","PAPASF","καταβαίνουσαν","καταβαίνουσαν","καταβαίνουσαν","καταβαίνω"
66,21,10,"P",NULL,"ἐκ","ἐκ","ἐκ","ἐκ"
66,21,10,"RA","GSM","τοῦ","τοῦ","τοῦ","ὁ"
66,21,10,"N","GSM","οὐρανοῦ","οὐρανοῦ","οὐρανοῦ","οὐρανός"
66,21,10,"P",NULL,"ἀπὸ","ἀπὸ","ἀπό","ἀπό"
66,21,10,"RA","GSM","τοῦ","τοῦ","τοῦ","ὁ"
66,21,10,"N","GSM","θεοῦ,","θεοῦ","θεοῦ","θεός"
66,21,11,"V","PAPASF","ἔχουσαν","ἔχουσαν","ἔχουσαν","ἔχω"
66,21,11,"RA","ASF","τὴν","τὴν","τήν","ὁ"
66,21,11,"N","ASF","δόξαν","δόξαν","δόξαν","δόξα"
66,21,11,"RA","GSM","τοῦ","τοῦ","τοῦ","ὁ"
66,21,11,"N","GSM","θεοῦ·","θεοῦ","θεοῦ","θεός"
66,21,11,"RA","NSM","ὁ","ὁ","ὁ","ὁ"
66,21,11,"N","NSM","φωστὴρ","φωστὴρ","φωστήρ","φωστήρ"
66,21,11,"RP","GSF","αὐτῆς","αὐτῆς","αὐτῆς","αὐτός"
66,21,11,"A","NSM","ὅμοιος","ὅμοιος","ὅμοιος","ὅμοιος"
66,21,11,"N","DSM","λίθῳ","λίθῳ","λίθῳ","λίθος"
66,21,11,"A","DSMS","τιμιωτάτῳ,","τιμιωτάτῳ","τιμιωτάτῳ","τίμιος"
66,21,11,"C",NULL,"ὡς","ὡς","ὡς","ὡς"
66,21,11,"N","DSM","λίθῳ","λίθῳ","λίθῳ","λίθος"
66,21,11,"N","DSF","ἰάσπιδι","ἰάσπιδι","ἰάσπιδι","ἴασπις"
66,21,11,"V","PAPDSM","κρυσταλλίζοντι·","κρυσταλλίζοντι","κρυσταλλίζοντι","κρυσταλλίζω"
66,21,12,"V","PAPNSF","ἔχουσα","ἔχουσα","ἔχουσα","ἔχω"
66,21,12,"N","ASN","τεῖχος","τεῖχος","τεῖχος","τεῖχος"
66,21,12,"A","ASN","μέγα","μέγα","μέγα","μέγας"
66,21,12,"C",NULL,"καὶ","καὶ","καί","καί"
66,21,12,"A","ASN","ὑψηλόν,","ὑψηλόν","ὑψηλόν","ὑψηλός"
66,21,12,"V","PAPNSF","ἔχουσα","ἔχουσα","ἔχουσα","ἔχω"
66,21,12,"N","APM","πυλῶνας","πυλῶνας","πυλῶνας","πυλών"
66,21,12,"A","APM","δώδεκα,","δώδεκα","δώδεκα","δώδεκα"
66,21,12,"C",NULL,"καὶ","καὶ","καί","καί"
66,21,12,"P",NULL,"ἐπὶ","ἐπὶ","ἐπί","ἐπί"
66,21,12,"RA","DPM","⸂τοῖς","τοῖς","τοῖς","ὁ"
66,21,12,"N","DPM","πυλῶσιν⸃","πυλῶσιν","πυλῶσι(ν)","πυλών"
66,21,12,"N","APM","ἀγγέλους","ἀγγέλους","ἀγγέλους","ἄγγελος"
66,21,12,"A","APM","δώδεκα,","δώδεκα","δώδεκα","δώδεκα"
66,21,12,"C",NULL,"καὶ","καὶ","καί","καί"
66,21,12,"N","APN","ὀνόματα","ὀνόματα","ὀνόματα","ὄνομα"
66,21,12,"V","XPPAPN","ἐπιγεγραμμένα","ἐπιγεγραμμένα","ἐπιγεγραμμένα","ἐπιγράφω"
66,21,12,"RR","NPN","ἅ","ἅ","ἅ","ὅς"
66,21,12,"V","3PAI-S","⸀ἐστιν","ἐστιν","ἐστί(ν)","εἰμί"
66,21,12,"RA","GPF","τῶν","τῶν","τῶν","ὁ"
66,21,12,"A","GPF","δώδεκα","δώδεκα","δώδεκα","δώδεκα"
66,21,12,"N","GPF","⸀φυλῶν","φυλῶν","φυλῶν","φυλή"
66,21,12,"N","GPM","υἱῶν","υἱῶν","υἱῶν","υἱός"
66,21,12,"N","GSM","Ἰσραήλ·","Ἰσραήλ","Ἰσραήλ","Ἰσραήλ"
66,21,13,"P",NULL,"ἀπὸ","ἀπὸ","ἀπό","ἀπό"
66,21,13,"N","GSF","⸀ἀνατολῆς","ἀνατολῆς","ἀνατολῆς","ἀνατολή"
66,21,13,"N","NPM","πυλῶνες","πυλῶνες","πυλῶνες","πυλών"
66,21,13,"A","NPM","τρεῖς,","τρεῖς","τρεῖς","τρεῖς"
66,21,13,"C",NULL,"καὶ","καὶ","καί","καί"
66,21,13,"P",NULL,"ἀπὸ","ἀπὸ","ἀπό","ἀπό"
66,21,13,"N","GSM","βορρᾶ","βορρᾶ","βορρᾶ","βορρᾶς"
66,21,13,"N","NPM","πυλῶνες","πυλῶνες","πυλῶνες","πυλών"
66,21,13,"A","NPM","τρεῖς,","τρεῖς","τρεῖς","τρεῖς"
66,21,13,"C",NULL,"καὶ","καὶ","καί","καί"
66,21,13,"P",NULL,"ἀπὸ","ἀπὸ","ἀπό","ἀπό"
66,21,13,"N","GSM","νότου","νότου","νότου","νότος"
66,21,13,"N","NPM","πυλῶνες","πυλῶνες","πυλῶνες","πυλών"
66,21,13,"A","NPM","τρεῖς,","τρεῖς","τρεῖς","τρεῖς"
66,21,13,"C",NULL,"καὶ","καὶ","καί","καί"
66,21,13,"P",NULL,"ἀπὸ","ἀπὸ","ἀπό","ἀπό"
66,21,13,"N","GPF","δυσμῶν","δυσμῶν","δυσμῶν","δυσμή"
66,21,13,"N","NPM","πυλῶνες","πυλῶνες","πυλῶνες","πυλών"
66,21,13,"A","NPM","τρεῖς·","τρεῖς","τρεῖς","τρεῖς"
66,21,14,"C",NULL,"καὶ","καὶ","καί","καί"
66,21,14,"RA","NSN","τὸ","τὸ","τό","ὁ"
66,21,14,"N","NSN","τεῖχος","τεῖχος","τεῖχος","τεῖχος"
66,21,14,"RA","GSF","τῆς","τῆς","τῆς","ὁ"
66,21,14,"N","GSF","πόλεως","πόλεως","πόλεως","πόλις"
66,21,14,"V","PAPNSM","⸀ἔχων","ἔχων","ἔχων","ἔχω"
66,21,14,"N","APM","θεμελίους","θεμελίους","θεμελίους","θεμέλιος"
66,21,14,"A","APM","δώδεκα,","δώδεκα","δώδεκα","δώδεκα"
66,21,14,"C",NULL,"καὶ","καὶ","καί","καί"
66,21,14,"P",NULL,"ἐπ’","ἐπ’","ἐπί","ἐπί"
66,21,14,"RP","GPM","αὐτῶν","αὐτῶν","αὐτῶν","αὐτός"
66,21,14,"A","APN","δώδεκα","δώδεκα","δώδεκα","δώδεκα"
66,21,14,"N","APN","ὀνόματα","ὀνόματα","ὀνόματα","ὄνομα"
66,21,14,"RA","GPM","τῶν","τῶν","τῶν","ὁ"
66,21,14,"A","GPM","δώδεκα","δώδεκα","δώδεκα","δώδεκα"
66,21,14,"N","GPM","ἀποστόλων","ἀποστόλων","ἀποστόλων","ἀπόστολος"
66,21,14,"RA","GSN","τοῦ","τοῦ","τοῦ","ὁ"
66,21,14,"N","GSN","ἀρνίου.","ἀρνίου","ἀρνίου","ἀρνίον"
66,21,15,"C",NULL,"Καὶ","Καὶ","καί","καί"
66,21,15,"RA","NSM","ὁ","ὁ","ὁ","ὁ"
66,21,15,"V","PAPNSM","λαλῶν","λαλῶν","λαλῶν","λαλέω"
66,21,15,"P",NULL,"μετ’","μετ’","μετά","μετά"
66,21,15,"RP","GS","ἐμοῦ","ἐμοῦ","ἐμοῦ","ἐγώ"
66,21,15,"V","3IAI-S","εἶχεν","εἶχεν","εἶχε(ν)","ἔχω"
66,21,15,"N","ASN","μέτρον","μέτρον","μέτρον","μέτρον"
66,21,15,"N","ASM","κάλαμον","κάλαμον","κάλαμον","κάλαμος"
66,21,15,"A","ASN","χρυσοῦν,","χρυσοῦν","χρυσοῦν","χρυσοῦς"
66,21,15,"C",NULL,"ἵνα","ἵνα","ἵνα","ἵνα"
66,21,15,"V","3AAS-S","μετρήσῃ","μετρήσῃ","μετρήσῃ","μετρέω"
66,21,15,"RA","ASF","τὴν","τὴν","τήν","ὁ"
66,21,15,"N","ASF","πόλιν","πόλιν","πόλιν","πόλις"
66,21,15,"C",NULL,"καὶ","καὶ","καί","καί"
66,21,15,"RA","APM","τοὺς","τοὺς","τούς","ὁ"
66,21,15,"N","APM","πυλῶνας","πυλῶνας","πυλῶνας","πυλών"
66,21,15,"RP","GSF","αὐτῆς","αὐτῆς","αὐτῆς","αὐτός"
66,21,15,"C",NULL,"καὶ","καὶ","καί","καί"
66,21,15,"RA","ASN","τὸ","τὸ","τό","ὁ"
66,21,15,"N","ASN","τεῖχος","τεῖχος","τεῖχος","τεῖχος"
66,21,15,"RP","GSF","αὐτῆς.","αὐτῆς","αὐτῆς","αὐτός"
66,21,16,"C",NULL,"καὶ","καὶ","καί","καί"
66,21,16,"RA","NSF","ἡ","ἡ","ἡ","ὁ"
66,21,16,"N","NSF","πόλις","πόλις","πόλις","πόλις"
66,21,16,"A","NSF","τετράγωνος","τετράγωνος","τετράγωνος","τετράγωνος"
66,21,16,"V","3PMI-S","κεῖται,","κεῖται","κεῖται","κεῖμαι"
66,21,16,"C",NULL,"καὶ","καὶ","καί","καί"
66,21,16,"RA","NSN","τὸ","τὸ","τό","ὁ"
66,21,16,"N","NSN","μῆκος","μῆκος","μῆκος","μῆκος"
66,21,16,"RP","GSF","αὐτῆς","αὐτῆς","αὐτῆς","αὐτός"
66,21,16,"RR","NSN","⸀ὅσον","ὅσον","ὅσον","ὅσος"
66,21,16,"RA","NSN","τὸ","τὸ","τό","ὁ"
66,21,16,"N","NSN","πλάτος.","πλάτος","πλάτος","πλάτος"
66,21,16,"C",NULL,"καὶ","καὶ","καί","καί"
66,21,16,"V","3AAI-S","ἐμέτρησεν","ἐμέτρησεν","ἐμέτρησε(ν)","μετρέω"
66,21,16,"RA","ASF","τὴν","τὴν","τήν","ὁ"
66,21,16,"N","ASF","πόλιν","πόλιν","πόλιν","πόλις"
66,21,16,"RA","DSM","τῷ","τῷ","τῷ","ὁ"
66,21,16,"N","DSM","καλάμῳ","καλάμῳ","καλάμῳ","κάλαμος"
66,21,16,"P",NULL,"ἐπὶ","ἐπὶ","ἐπί","ἐπί"
66,21,16,"N","APM","⸀σταδίους","σταδίους","σταδίους","στάδιος"
66,21,16,"A","GPN","δώδεκα","δώδεκα","δώδεκα","δώδεκα"
66,21,16,"N","GPF","⸀χιλιάδων·","χιλιάδων","χιλιάδων","χιλιάς"
66,21,16,"RA","NSN","τὸ","τὸ","τό","ὁ"
66,21,16,"N","NSN","μῆκος","μῆκος","μῆκος","μῆκος"
66,21,16,"C",NULL,"καὶ","καὶ","καί","καί"
66,21,16,"RA","NSN","τὸ","τὸ","τό","ὁ"
66,21,16,"N","NSN","πλάτος","πλάτος","πλάτος","πλάτος"
66,21,16,"C",NULL,"καὶ","καὶ","καί","καί"
66,21,16,"RA","NSN","τὸ","τὸ","τό","ὁ"
66,21,16,"N","NSN","ὕψος","ὕψος","ὕψος","ὕψος"
66,21,16,"RP","GSF","αὐτῆς","αὐτῆς","αὐτῆς","αὐτός"
66,21,16,"A","NPN","ἴσα","ἴσα","ἴσα","ἴσος"
66,21,16,"V","3PAI-S","ἐστίν.","ἐστίν","ἐστί(ν)","εἰμί"
66,21,17,"C",NULL,"καὶ","καὶ","καί","καί"
66,21,17,"V","3AAI-S","ἐμέτρησεν","ἐμέτρησεν","ἐμέτρησε(ν)","μετρέω"
66,21,17,"RA","ASN","τὸ","τὸ","τό","ὁ"
66,21,17,"N","ASN","τεῖχος","τεῖχος","τεῖχος","τεῖχος"
66,21,17,"RP","GSF","αὐτῆς","αὐτῆς","αὐτῆς","αὐτός"
66,21,17,"A","GPM","ἑκατὸν","ἑκατὸν","ἑκατόν","ἑκατόν"
66,21,17,"A","GPM","τεσσεράκοντα","τεσσεράκοντα","τεσσεράκοντα","τεσσεράκοντα"
66,21,17,"A","GPM","τεσσάρων","τεσσάρων","τεσσάρων","τέσσαρες"
66,21,17,"N","GPM","πηχῶν,","πηχῶν","πηχῶν","πῆχυς"
66,21,17,"N","ASN","μέτρον","μέτρον","μέτρον","μέτρον"
66,21,17,"N","GSM","ἀνθρώπου,","ἀνθρώπου","ἀνθρώπου","ἄνθρωπος"
66,21,17,"RR","NSN","ὅ","ὅ","ὅ","ὅς"
66,21,17,"V","3PAI-S","ἐστιν","ἐστιν","ἐστί(ν)","εἰμί"
66,21,17,"N","GSM","ἀγγέλου.","ἀγγέλου","ἀγγέλου","ἄγγελος"
66,21,18,"C",NULL,"⸀καὶ","καὶ","καί","καί"
66,21,18,"RA","NSF","ἡ","ἡ","ἡ","ὁ"
66,21,18,"N","NSF","ἐνδώμησις","ἐνδώμησις","ἐνδώμησις","ἐνδώμησις"
66,21,18,"RA","GSN","τοῦ","τοῦ","τοῦ","ὁ"
66,21,18,"N","GSN","τείχους","τείχους","τείχους","τεῖχος"
66,21,18,"RP","GSF","αὐτῆς","αὐτῆς","αὐτῆς","αὐτός"
66,21,18,"N","NSF","ἴασπις,","ἴασπις","ἴασπις","ἴασπις"
66,21,18,"C",NULL,"καὶ","καὶ","καί","καί"
66,21,18,"RA","NSF","ἡ","ἡ","ἡ","ὁ"
66,21,18,"N","NSF","πόλις","πόλις","πόλις","πόλις"
66,21,18,"N","NSN","χρυσίον","χρυσίον","χρυσίον","χρυσίον"
66,21,18,"A","NSN","καθαρὸν","καθαρὸν","καθαρόν","καθαρός"
66,21,18,"A","NSN","ὅμοιον","ὅμοιον","ὅμοιον","ὅμοιος"
66,21,18,"N","DSM","ὑάλῳ","ὑάλῳ","ὑάλῳ","ὕαλος"
66,21,18,"A","DSM","καθαρῷ·","καθαρῷ","καθαρῷ","καθαρός"
66,21,19,"RA","NPM","⸀οἱ","οἱ","οἱ","ὁ"
66,21,19,"N","NPM","θεμέλιοι","θεμέλιοι","θεμέλιοι","θεμέλιος"
66,21,19,"RA","GSN","τοῦ","τοῦ","τοῦ","ὁ"
66,21,19,"N","GSN","τείχους","τείχους","τείχους","τεῖχος"
66,21,19,"RA","GSF","τῆς","τῆς","τῆς","ὁ"
66,21,19,"N","GSF","πόλεως","πόλεως","πόλεως","πόλις"
66,21,19,"A","DSM","παντὶ","παντὶ","παντί","πᾶς"
66,21,19,"N","DSM","λίθῳ","λίθῳ","λίθῳ","λίθος"
66,21,19,"A","DSM","τιμίῳ","τιμίῳ","τιμίῳ","τίμιος"
66,21,19,"V","XPPNPM","κεκοσμημένοι·","κεκοσμημένοι","κεκοσμημένοι","κοσμέω"
66,21,19,"RA","NSM","ὁ","ὁ","ὁ","ὁ"
66,21,19,"N","NSM","θεμέλιος","θεμέλιος","θεμέλιος","θεμέλιος"
66,21,19,"RA","NSM","ὁ","ὁ","ὁ","ὁ"
66,21,19,"A","NSM","πρῶτος","πρῶτος","πρῶτος","πρῶτος"
66,21,19,"N","NSF","ἴασπις,","ἴασπις","ἴασπις","ἴασπις"
66,21,19,"RA","NSM","ὁ","ὁ","ὁ","ὁ"
66,21,19,"A","NSM","δεύτερος","δεύτερος","δεύτερος","δεύτερος"
66,21,19,"N","NSF","σάπφιρος,","σάπφιρος","σάπφιρος","σάπφιρος"
66,21,19,"RA","NSM","ὁ","ὁ","ὁ","ὁ"
66,21,19,"A","NSM","τρίτος","τρίτος","τρίτος","τρίτος"
66,21,19,"N","NSM","χαλκηδών,","χαλκηδών","χαλκηδών","χαλκηδών"
66,21,19,"RA","NSM","ὁ","ὁ","ὁ","ὁ"
66,21,19,"A","NSM","τέταρτος","τέταρτος","τέταρτος","τέταρτος"
66,21,19,"N","NSM","σμάραγδος,","σμάραγδος","σμάραγδος","σμάραγδος"
66,21,20,"RA","NSM","ὁ","ὁ","ὁ","ὁ"
66,21,20,"A","NSM","πέμπτος","πέμπτος","πέμπτος","πέμπτος"
66,21,20,"N","NSM","σαρδόνυξ,","σαρδόνυξ","σαρδόνυξ","σαρδόνυξ"
66,21,20,"RA","NSM","ὁ","ὁ","ὁ","ὁ"
66,21,20,"A","NSM","ἕκτος","ἕκτος","ἕκτος","ἕκτος"
66,21,20,"N","NSN","σάρδιον,","σάρδιον","σάρδιον","σάρδιον"
66,21,20,"RA","NSM","ὁ","ὁ","ὁ","ὁ"
66,21,20,"A","NSM","ἕβδομος","ἕβδομος","ἕβδομος","ἕβδομος"
66,21,20,"N","NSM","χρυσόλιθος,","χρυσόλιθος","χρυσόλιθος","χρυσόλιθος"
66,21,20,"RA","NSM","ὁ","ὁ","ὁ","ὁ"
66,21,20,"A","NSM","ὄγδοος","ὄγδοος","ὄγδοος","ὄγδοος"
66,21,20,"N","NSM","βήρυλλος,","βήρυλλος","βήρυλλος","βήρυλλος"
66,21,20,"RA","NSM","ὁ","ὁ","ὁ","ὁ"
66,21,20,"A","NSM","ἔνατος","ἔνατος","ἔνατος","ἔνατος"
66,21,20,"N","NSN","τοπάζιον,","τοπάζιον","τοπάζιον","τοπάζιον"
66,21,20,"RA","NSM","ὁ","ὁ","ὁ","ὁ"
66,21,20,"A","NSM","δέκατος","δέκατος","δέκατος","δέκατος"
66,21,20,"N","NSM","χρυσόπρασος,","χρυσόπρασος","χρυσόπρασος","χρυσόπρασος"
66,21,20,"RA","NSM","ὁ","ὁ","ὁ","ὁ"
66,21,20,"A","NSM","ἑνδέκατος","ἑνδέκατος","ἑνδέκατος","ἑνδέκατος"
66,21,20,"N","NSM","ὑάκινθος,","ὑάκινθος","ὑάκινθος","ὑάκινθος"
66,21,20,"RA","NSM","ὁ","ὁ","ὁ","ὁ"
66,21,20,"A","NSM","δωδέκατος","δωδέκατος","δωδέκατος","δωδέκατος"
66,21,20,"N","NSF","ἀμέθυστος·","ἀμέθυστος","ἀμέθυστος","ἀμέθυστος"
66,21,21,"C",NULL,"καὶ","καὶ","καί","καί"
66,21,21,"RA","NPM","οἱ","οἱ","οἱ","ὁ"
66,21,21,"A","NPM","δώδεκα","δώδεκα","δώδεκα","δώδεκα"
66,21,21,"N","NPM","πυλῶνες","πυλῶνες","πυλῶνες","πυλών"
66,21,21,"A","NPM","δώδεκα","δώδεκα","δώδεκα","δώδεκα"
66,21,21,"N","NPM","μαργαρῖται,","μαργαρῖται","μαργαρῖται","μαργαρίτης"
66,21,21,"D",NULL,"ἀνὰ","ἀνὰ","ἀνά","ἀνά"
66,21,21,"A","NSM","εἷς","εἷς","εἷς","εἷς"
66,21,21,"A","NSM","ἕκαστος","ἕκαστος","ἕκαστος","ἕκαστος"
66,21,21,"RA","GPM","τῶν","τῶν","τῶν","ὁ"
66,21,21,"N","GPM","πυλώνων","πυλώνων","πυλώνων","πυλών"
66,21,21,"V","3IAI-S","ἦν","ἦν","ἦν","εἰμί"
66,21,21,"P",NULL,"ἐξ","ἐξ","ἐκ","ἐκ"
66,21,21,"A","GSM","ἑνὸς","ἑνὸς","ἑνός","εἷς"
66,21,21,"N","GSM","μαργαρίτου·","μαργαρίτου","μαργαρίτου","μαργαρίτης"
66,21,21,"C",NULL,"καὶ","καὶ","καί","καί"
66,21,21,"RA","NSF","ἡ","ἡ","ἡ","ὁ"
66,21,21,"A","NSF","πλατεῖα","πλατεῖα","πλατεῖα","πλατεῖα"
66,21,21,"RA","GSF","τῆς","τῆς","τῆς","ὁ"
66,21,21,"N","GSF","πόλεως","πόλεως","πόλεως","πόλις"
66,21,21,"N","NSN","χρυσίον","χρυσίον","χρυσίον","χρυσίον"
66,21,21,"A","NSN","καθαρὸν","καθαρὸν","καθαρόν","καθαρός"
66,21,21,"C",NULL,"ὡς","ὡς","ὡς","ὡς"
66,21,21,"N","NSM","ὕαλος","ὕαλος","ὕαλος","ὕαλος"
66,21,21,"A","NSM","διαυγής.","διαυγής","διαυγής","διαυγής"
66,21,22,"C",NULL,"Καὶ","Καὶ","καί","καί"
66,21,22,"N","ASM","ναὸν","ναὸν","ναόν","ναός"
66,21,22,"D",NULL,"οὐκ","οὐκ","οὐ","οὐ"
66,21,22,"V","1AAI-S","εἶδον","εἶδον","εἶδον","ὁράω"
66,21,22,"P",NULL,"ἐν","ἐν","ἐν","ἐν"
66,21,22,"RP","DSF","αὐτῇ,","αὐτῇ","αὐτῇ","αὐτός"
66,21,22,"RA","NSM","ὁ","ὁ","ὁ","ὁ"
66,21,22,"C",NULL,"γὰρ","γὰρ","γάρ","γάρ"
66,21,22,"N","NSM","κύριος,","κύριος","κύριος","κύριος"
66,21,22,"RA","NSM","ὁ","ὁ","ὁ","ὁ"
66,21,22,"N","NSM","θεός,","θεός","θεός","θεός"
66,21,22,"RA","NSM","ὁ","ὁ","ὁ","ὁ"
66,21,22,"N","NSM","παντοκράτωρ,","παντοκράτωρ","παντοκράτωρ","παντοκράτωρ"
66,21,22,"N","NSM","ναὸς","ναὸς","ναός","ναός"
66,21,22,"RP","GSF","αὐτῆς","αὐτῆς","αὐτῆς","αὐτός"
66,21,22,"V","3PAI-S","ἐστιν,","ἐστιν","ἐστί(ν)","εἰμί"
66,21,22,"C",NULL,"καὶ","καὶ","καί","καί"
66,21,22,"RA","NSN","τὸ","τὸ","τό","ὁ"
66,21,22,"N","NSN","ἀρνίον.","ἀρνίον","ἀρνίον","ἀρνίον"
66,21,23,"C",NULL,"καὶ","καὶ","καί","καί"
66,21,23,"RA","NSF","ἡ","ἡ","ἡ","ὁ"
66,21,23,"N","NSF","πόλις","πόλις","πόλις","πόλις"
66,21,23,"D",NULL,"οὐ","οὐ","οὐ","οὐ"
66,21,23,"N","ASF","χρείαν","χρείαν","χρείαν","χρεία"
66,21,23,"V","3PAI-S","ἔχει","ἔχει","ἔχει","ἔχω"
66,21,23,"RA","GSM","τοῦ","τοῦ","τοῦ","ὁ"
66,21,23,"N","GSM","ἡλίου","ἡλίου","ἡλίου","ἥλιος"
66,21,23,"C",NULL,"οὐδὲ","οὐδὲ","οὐδέ","οὐδέ"
66,21,23,"RA","GSF","τῆς","τῆς","τῆς","ὁ"
66,21,23,"N","GSF","σελήνης,","σελήνης","σελήνης","σελήνη"
66,21,23,"C",NULL,"ἵνα","ἵνα","ἵνα","ἵνα"
66,21,23,"V","3PAS-P","φαίνωσιν","φαίνωσιν","φαίνωσι(ν)","φαίνω"
66,21,23,"RP","DSF","αὐτῇ,","αὐτῇ","αὐτῇ","αὐτός"
66,21,23,"RA","NSF","ἡ","ἡ","ἡ","ὁ"
66,21,23,"C",NULL,"γὰρ","γὰρ","γάρ","γάρ"
66,21,23,"N","NSF","δόξα","δόξα","δόξα","δόξα"
66,21,23,"RA","GSM","τοῦ","τοῦ","τοῦ","ὁ"
66,21,23,"N","GSM","θεοῦ","θεοῦ","θεοῦ","θεός"
66,21,23,"V","3AAI-S","ἐφώτισεν","ἐφώτισεν","ἐφώτισε(ν)","φωτίζω"
66,21,23,"RP","ASF","αὐτήν,","αὐτήν","αὐτήν","αὐτός"
66,21,23,"C",NULL,"καὶ","καὶ","καί","καί"
66,21,23,"RA","NSM","ὁ","ὁ","ὁ","ὁ"
66,21,23,"N","NSM","λύχνος","λύχνος","λύχνος","λύχνος"
66,21,23,"RP","GSF","αὐτῆς","αὐτῆς","αὐτῆς","αὐτός"
66,21,23,"RA","NSN","τὸ","τὸ","τό","ὁ"
66,21,23,"N","NSN","ἀρνίον.","ἀρνίον","ἀρνίον","ἀρνίον"
66,21,24,"C",NULL,"καὶ","καὶ","καί","καί"
66,21,24,"V","3FAI-P","περιπατήσουσιν","περιπατήσουσιν","περιπατήσουσι(ν)","περιπατέω"
66,21,24,"RA","NPN","τὰ","τὰ","τά","ὁ"
66,21,24,"N","NPN","ἔθνη","ἔθνη","ἔθνη","ἔθνος"
66,21,24,"P",NULL,"διὰ","διὰ","διά","διά"
66,21,24,"RA","GSN","τοῦ","τοῦ","τοῦ","ὁ"
66,21,24,"N","GSN","φωτὸς","φωτὸς","φωτός","φῶς"
66,21,24,"RP","GSF","αὐτῆς·","αὐτῆς","αὐτῆς","αὐτός"
66,21,24,"C",NULL,"καὶ","καὶ","καί","καί"
66,21,24,"RA","NPM","οἱ","οἱ","οἱ","ὁ"
66,21,24,"N","NPM","βασιλεῖς","βασιλεῖς","βασιλεῖς","βασιλεύς"
66,21,24,"RA","GSF","τῆς","τῆς","τῆς","ὁ"
66,21,24,"N","GSF","γῆς","γῆς","γῆς","γῆ"
66,21,24,"V","3PAI-P","φέρουσιν","φέρουσιν","φέρουσι(ν)","φέρω"
66,21,24,"RA","ASF","⸂τὴν","τὴν","τήν","ὁ"
66,21,24,"N","ASF","δόξαν","δόξαν","δόξαν","δόξα"
66,21,24,"RP","GPM","αὐτῶν⸃","αὐτῶν","αὐτῶν","αὐτός"
66,21,24,"P",NULL,"εἰς","εἰς","εἰς","εἰς"
66,21,24,"RP","ASF","αὐτήν·","αὐτήν","αὐτήν","αὐτός"
66,21,25,"C",NULL,"καὶ","καὶ","καί","καί"
66,21,25,"RA","NPM","οἱ","οἱ","οἱ","ὁ"
66,21,25,"N","NPM","πυλῶνες","πυλῶνες","πυλῶνες","πυλών"
66,21,25,"RP","GSF","αὐτῆς","αὐτῆς","αὐτῆς","αὐτός"
66,21,25,"D",NULL,"οὐ","οὐ","οὐ","οὐ"
66,21,25,"D",NULL,"μὴ","μὴ","μή","μή"
66,21,25,"V","3APS-P","κλεισθῶσιν","κλεισθῶσιν","κλεισθῶσι(ν)","κλείω"
66,21,25,"N","GSF","ἡμέρας,","ἡμέρας","ἡμέρας","ἡμέρα"
66,21,25,"N","NSF","νὺξ","νὺξ","νύξ","νύξ"
66,21,25,"C",NULL,"γὰρ","γὰρ","γάρ","γάρ"
66,21,25,"D",NULL,"οὐκ","οὐκ","οὐ","οὐ"
66,21,25,"V","3FMI-S","ἔσται","ἔσται","ἔσται","εἰμί"
66,21,25,"D",NULL,"ἐκεῖ,","ἐκεῖ","ἐκεῖ","ἐκεῖ"
66,21,26,"C",NULL,"καὶ","καὶ","καί","καί"
66,21,26,"V","3FAI-P","οἴσουσιν","οἴσουσιν","οἴσουσι(ν)","φέρω"
66,21,26,"RA","ASF","τὴν","τὴν","τήν","ὁ"
66,21,26,"N","ASF","δόξαν","δόξαν","δόξαν","δόξα"
66,21,26,"C",NULL,"καὶ","καὶ","καί","καί"
66,21,26,"RA","ASF","τὴν","τὴν","τήν","ὁ"
66,21,26,"N","ASF","τιμὴν","τιμὴν","τιμήν","τιμή"
66,21,26,"RA","GPN","τῶν","τῶν","τῶν","ὁ"
66,21,26,"N","GPN","ἐθνῶν","ἐθνῶν","ἐθνῶν","ἔθνος"
66,21,26,"P",NULL,"εἰς","εἰς","εἰς","εἰς"
66,21,26,"RP","ASF","αὐτήν.","αὐτήν","αὐτήν","αὐτός"
66,21,27,"C",NULL,"καὶ","καὶ","καί","καί"
66,21,27,"D",NULL,"οὐ","οὐ","οὐ","οὐ"
66,21,27,"D",NULL,"μὴ","μὴ","μή","μή"
66,21,27,"V","3AAS-S","εἰσέλθῃ","εἰσέλθῃ","εἰσέλθῃ","εἰσέρχομαι"
66,21,27,"P",NULL,"εἰς","εἰς","εἰς","εἰς"
66,21,27,"RP","ASF","αὐτὴν","αὐτὴν","αὐτήν","αὐτός"
66,21,27,"A","NSN","πᾶν","πᾶν","πᾶν","πᾶς"
66,21,27,"A","NSN","κοινὸν","κοινὸν","κοινόν","κοινός"
66,21,27,"C",NULL,"καὶ","καὶ","καί","καί"
66,21,27,"V","PAPNSM","⸀ποιῶν","ποιῶν","ποιῶν","ποιέω"
66,21,27,"N","ASN","βδέλυγμα","βδέλυγμα","βδέλυγμα","βδέλυγμα"
66,21,27,"C",NULL,"καὶ","καὶ","καί","καί"
66,21,27,"N","ASN","ψεῦδος,","ψεῦδος","ψεῦδος","ψεῦδος"
66,21,27,"C",NULL,"εἰ","εἰ","εἰ","εἰ"
66,21,27,"D",NULL,"μὴ","μὴ","μή","μή"
66,21,27,"RA","NPM","οἱ","οἱ","οἱ","ὁ"
66,21,27,"V","XPPNPM","γεγραμμένοι","γεγραμμένοι","γεγραμμένοι","γράφω"
66,21,27,"P",NULL,"ἐν","ἐν","ἐν","ἐν"
66,21,27,"RA","DSN","τῷ","τῷ","τῷ","ὁ"
66,21,27,"N","DSN","βιβλίῳ","βιβλίῳ","βιβλίῳ","βιβλίον"
66,21,27,"RA","GSF","τῆς","τῆς","τῆς","ὁ"
66,21,27,"N","GSF","ζωῆς","ζωῆς","ζωῆς","ζωή"
66,21,27,"RA","GSN","τοῦ","τοῦ","τοῦ","ὁ"
66,21,27,"N","GSN","ἀρνίου.","ἀρνίου","ἀρνίου","ἀρνίον"
66,22,01,"C",NULL,"Καὶ","Καὶ","καί","καί"
66,22,01,"V","3AAI-S","ἔδειξέν","ἔδειξέν","ἔδειξε(ν)","δείκνυμι"
66,22,01,"RP","DS","μοι","μοι","μοι","ἐγώ"
66,22,01,"N","ASM","⸀ποταμὸν","ποταμὸν","ποταμόν","ποταμός"
66,22,01,"N","GSN","ὕδατος","ὕδατος","ὕδατος","ὕδωρ"
66,22,01,"N","GSF","ζωῆς","ζωῆς","ζωῆς","ζωή"
66,22,01,"A","ASM","λαμπρὸν","λαμπρὸν","λαμπρόν","λαμπρός"
66,22,01,"C",NULL,"ὡς","ὡς","ὡς","ὡς"
66,22,01,"N","ASM","κρύσταλλον,","κρύσταλλον","κρύσταλλον","κρύσταλλος"
66,22,01,"V","PMPASM","ἐκπορευόμενον","ἐκπορευόμενον","ἐκπορευόμενον","ἐκπορεύομαι"
66,22,01,"P",NULL,"ἐκ","ἐκ","ἐκ","ἐκ"
66,22,01,"RA","GSM","τοῦ","τοῦ","τοῦ","ὁ"
66,22,01,"N","GSM","θρόνου","θρόνου","θρόνου","θρόνος"
66,22,01,"RA","GSM","τοῦ","τοῦ","τοῦ","ὁ"
66,22,01,"N","GSM","θεοῦ","θεοῦ","θεοῦ","θεός"
66,22,01,"C",NULL,"καὶ","καὶ","καί","καί"
66,22,01,"RA","GSN","τοῦ","τοῦ","τοῦ","ὁ"
66,22,01,"N","GSN","ἀρνίου","ἀρνίου","ἀρνίου","ἀρνίον"
66,22,02,"P",NULL,"ἐν","ἐν","ἐν","ἐν"
66,22,02,"A","DSN","μέσῳ","μέσῳ","μέσῳ","μέσος"
66,22,02,"RA","GSF","τῆς","τῆς","τῆς","ὁ"
66,22,02,"A","GSF","πλατείας","πλατείας","πλατείας","πλατεῖα"
66,22,02,"RP","GSF","αὐτῆς·","αὐτῆς","αὐτῆς","αὐτός"
66,22,02,"C",NULL,"καὶ","καὶ","καί","καί"
66,22,02,"RA","GSM","τοῦ","τοῦ","τοῦ","ὁ"
66,22,02,"N","GSM","ποταμοῦ","ποταμοῦ","ποταμοῦ","ποταμός"
66,22,02,"D",NULL,"ἐντεῦθεν","ἐντεῦθεν","ἐντεῦθεν","ἐντεῦθεν"
66,22,02,"C",NULL,"καὶ","καὶ","καί","καί"
66,22,02,"D",NULL,"ἐκεῖθεν","ἐκεῖθεν","ἐκεῖθεν","ἐκεῖθεν"
66,22,02,"N","NSN","ξύλον","ξύλον","ξύλον","ξύλον"
66,22,02,"N","GSF","ζωῆς","ζωῆς","ζωῆς","ζωή"
66,22,02,"V","PAPNSN","ποιοῦν","ποιοῦν","ποιοῦν","ποιέω"
66,22,02,"N","APM","καρποὺς","καρποὺς","καρπούς","καρπός"
66,22,02,"A","APM","δώδεκα,","δώδεκα","δώδεκα","δώδεκα"
66,22,02,"P",NULL,"κατὰ","κατὰ","κατά","κατά"
66,22,02,"N","ASM","μῆνα","μῆνα","μῆνα","μήν"
66,22,02,"A","ASM","ἕκαστον","ἕκαστον","ἕκαστον","ἕκαστος"
66,22,02,"V","PAPNSN","⸀ἀποδιδοῦν","ἀποδιδοῦν","ἀποδιδοῦν","ἀποδίδωμι"
66,22,02,"RA","ASM","τὸν","τὸν","τόν","ὁ"
66,22,02,"N","ASM","καρπὸν","καρπὸν","καρπόν","καρπός"
66,22,02,"RP","GSN","αὐτοῦ,","αὐτοῦ","αὐτοῦ","αὐτός"
66,22,02,"C",NULL,"καὶ","καὶ","καί","καί"
66,22,02,"RA","NPN","τὰ","τὰ","τά","ὁ"
66,22,02,"N","NPN","φύλλα","φύλλα","φύλλα","φύλλον"
66,22,02,"RA","GSN","τοῦ","τοῦ","τοῦ","ὁ"
66,22,02,"N","GSN","ξύλου","ξύλου","ξύλου","ξύλον"
66,22,02,"P",NULL,"εἰς","εἰς","εἰς","εἰς"
66,22,02,"N","ASF","θεραπείαν","θεραπείαν","θεραπείαν","θεραπεία"
66,22,02,"RA","GPN","τῶν","τῶν","τῶν","ὁ"
66,22,02,"N","GPN","ἐθνῶν.","ἐθνῶν","ἐθνῶν","ἔθνος"
66,22,03,"C",NULL,"καὶ","καὶ","καί","καί"
66,22,03,"A","NSN","πᾶν","πᾶν","πᾶν","πᾶς"
66,22,03,"N","NSN","κατάθεμα","κατάθεμα","κατάθεμα","κατάθεμα"
66,22,03,"D",NULL,"οὐκ","οὐκ","οὐ","οὐ"
66,22,03,"V","3FMI-S","ἔσται","ἔσται","ἔσται","εἰμί"
66,22,03,"D",NULL,"ἔτι.","ἔτι","ἔτι","ἔτι"
66,22,03,"C",NULL,"καὶ","καὶ","καί","καί"
66,22,03,"RA","NSM","ὁ","ὁ","ὁ","ὁ"
66,22,03,"N","NSM","θρόνος","θρόνος","θρόνος","θρόνος"
66,22,03,"RA","GSM","τοῦ","τοῦ","τοῦ","ὁ"
66,22,03,"N","GSM","θεοῦ","θεοῦ","θεοῦ","θεός"
66,22,03,"C",NULL,"καὶ","καὶ","καί","καί"
66,22,03,"RA","GSN","τοῦ","τοῦ","τοῦ","ὁ"
66,22,03,"N","GSN","ἀρνίου","ἀρνίου","ἀρνίου","ἀρνίον"
66,22,03,"P",NULL,"ἐν","ἐν","ἐν","ἐν"
66,22,03,"RP","DSF","αὐτῇ","αὐτῇ","αὐτῇ","αὐτός"
66,22,03,"V","3FMI-S","ἔσται,","ἔσται","ἔσται","εἰμί"
66,22,03,"C",NULL,"καὶ","καὶ","καί","καί"
66,22,03,"RA","NPM","οἱ","οἱ","οἱ","ὁ"
66,22,03,"N","NPM","δοῦλοι","δοῦλοι","δοῦλοι","δοῦλος"
66,22,03,"RP","GSM","αὐτοῦ","αὐτοῦ","αὐτοῦ","αὐτός"
66,22,03,"V","3FAI-P","λατρεύσουσιν","λατρεύσουσιν","λατρεύσουσι(ν)","λατρεύω"
66,22,03,"RP","DSM","αὐτῷ,","αὐτῷ","αὐτῷ","αὐτός"
66,22,04,"C",NULL,"καὶ","καὶ","καί","καί"
66,22,04,"V","3FMI-P","ὄψονται","ὄψονται","ὄψονται","ὁράω"
66,22,04,"RA","ASN","τὸ","τὸ","τό","ὁ"
66,22,04,"N","ASN","πρόσωπον","πρόσωπον","πρόσωπον","πρόσωπον"
66,22,04,"RP","GSM","αὐτοῦ,","αὐτοῦ","αὐτοῦ","αὐτός"
66,22,04,"C",NULL,"καὶ","καὶ","καί","καί"
66,22,04,"RA","NSN","τὸ","τὸ","τό","ὁ"
66,22,04,"N","NSN","ὄνομα","ὄνομα","ὄνομα","ὄνομα"
66,22,04,"RP","GSM","αὐτοῦ","αὐτοῦ","αὐτοῦ","αὐτός"
66,22,04,"P",NULL,"ἐπὶ","ἐπὶ","ἐπί","ἐπί"
66,22,04,"RA","GPN","τῶν","τῶν","τῶν","ὁ"
66,22,04,"N","GPN","μετώπων","μετώπων","μετώπων","μέτωπον"
66,22,04,"RP","GPM","αὐτῶν.","αὐτῶν","αὐτῶν","αὐτός"
66,22,05,"C",NULL,"καὶ","καὶ","καί","καί"
66,22,05,"N","NSF","νὺξ","νὺξ","νύξ","νύξ"
66,22,05,"D",NULL,"οὐκ","οὐκ","οὐ","οὐ"
66,22,05,"V","3FMI-S","ἔσται","ἔσται","ἔσται","εἰμί"
66,22,05,"D",NULL,"⸀ἔτι,","ἔτι","ἔτι","ἔτι"
66,22,05,"C",NULL,"καὶ","καὶ","καί","καί"
66,22,05,"D",NULL,"⸂οὐκ","οὐκ","οὐ","οὐ"
66,22,05,"V","3PAI-P","ἔχουσιν","ἔχουσιν","ἔχουσι(ν)","ἔχω"
66,22,05,"N","ASF","χρείαν⸃","χρείαν","χρείαν","χρεία"
66,22,05,"N","GSN","⸀φωτὸς","φωτὸς","φωτός","φῶς"
66,22,05,"N","GSM","λύχνου","λύχνου","λύχνου","λύχνος"
66,22,05,"C",NULL,"καὶ","καὶ","καί","καί"
66,22,05,"N","NSN","⸀φῶς","φῶς","φῶς","φῶς"
66,22,05,"N","GSM","ἡλίου,","ἡλίου","ἡλίου","ἥλιος"
66,22,05,"C",NULL,"ὅτι","ὅτι","ὅτι","ὅτι"
66,22,05,"N","NSM","κύριος","κύριος","κύριος","κύριος"
66,22,05,"RA","NSM","ὁ","ὁ","ὁ","ὁ"
66,22,05,"N","NSM","θεὸς","θεὸς","θεός","θεός"
66,22,05,"V","3FAI-S","φωτίσει","φωτίσει","φωτίσει","φωτίζω"
66,22,05,"P",NULL,"⸀ἐπ’","ἐπ’","ἐπί","ἐπί"
66,22,05,"RP","APM","αὐτούς,","αὐτούς","αὐτούς","αὐτός"
66,22,05,"C",NULL,"καὶ","καὶ","καί","καί"
66,22,05,"V","3FAI-P","βασιλεύσουσιν","βασιλεύσουσιν","βασιλεύσουσι(ν)","βασιλεύω"
66,22,05,"P",NULL,"εἰς","εἰς","εἰς","εἰς"
66,22,05,"RA","APM","τοὺς","τοὺς","τούς","ὁ"
66,22,05,"N","APM","αἰῶνας","αἰῶνας","αἰῶνας","αἰών"
66,22,05,"RA","GPM","τῶν","τῶν","τῶν","ὁ"
66,22,05,"N","GPM","αἰώνων.","αἰώνων","αἰώνων","αἰών"
66,22,06,"C",NULL,"Καὶ","Καὶ","καί","καί"
66,22,06,"V","3AAI-S","⸀εἶπέν","εἶπέν","εἶπε(ν)","λέγω"
66,22,06,"RP","DS","μοι·","μοι","μοι","ἐγώ"
66,22,06,"RD","NPM","Οὗτοι","Οὗτοι","οὗτοι","οὗτος"
66,22,06,"RA","NPM","οἱ","οἱ","οἱ","ὁ"
66,22,06,"N","NPM","λόγοι","λόγοι","λόγοι","λόγος"
66,22,06,"A","NPM","πιστοὶ","πιστοὶ","πιστοί","πιστός"
66,22,06,"C",NULL,"καὶ","καὶ","καί","καί"
66,22,06,"A","NPM","ἀληθινοί,","ἀληθινοί","ἀληθινοί","ἀληθινός"
66,22,06,"C",NULL,"καὶ","καὶ","καί","καί"
66,22,06,"RA","NSM","⸀ὁ","ὁ","ὁ","ὁ"
66,22,06,"N","NSM","κύριος,","κύριος","κύριος","κύριος"
66,22,06,"RA","NSM","ὁ","ὁ","ὁ","ὁ"
66,22,06,"N","NSM","θεὸς","θεὸς","θεός","θεός"
66,22,06,"RA","GPN","τῶν","τῶν","τῶν","ὁ"
66,22,06,"N","GPN","πνευμάτων","πνευμάτων","πνευμάτων","πνεῦμα"
66,22,06,"RA","GPM","τῶν","τῶν","τῶν","ὁ"
66,22,06,"N","GPM","προφητῶν,","προφητῶν","προφητῶν","προφήτης"
66,22,06,"V","3AAI-S","ἀπέστειλεν","ἀπέστειλεν","ἀπέστειλε(ν)","ἀποστέλλω"
66,22,06,"RA","ASM","τὸν","τὸν","τόν","ὁ"
66,22,06,"N","ASM","ἄγγελον","ἄγγελον","ἄγγελον","ἄγγελος"
66,22,06,"RP","GSM","αὐτοῦ","αὐτοῦ","αὐτοῦ","αὐτός"
66,22,06,"V","AAN","δεῖξαι","δεῖξαι","δεῖξαι","δείκνυμι"
66,22,06,"RA","DPM","τοῖς","τοῖς","τοῖς","ὁ"
66,22,06,"N","DPM","δούλοις","δούλοις","δούλοις","δοῦλος"
66,22,06,"RP","GSM","αὐτοῦ","αὐτοῦ","αὐτοῦ","αὐτός"
66,22,06,"RR","APN","ἃ","ἃ","ἅ","ὅς"
66,22,06,"V","3PAI-S","δεῖ","δεῖ","δεῖ","δέω"
66,22,06,"V","AMN","γενέσθαι","γενέσθαι","γενέσθαι","γίνομαι"
66,22,06,"P",NULL,"ἐν","ἐν","ἐν","ἐν"
66,22,06,"N","DSN","τάχει·","τάχει","τάχει","τάχος"
66,22,07,"C",NULL,"καὶ","καὶ","καί","καί"
66,22,07,"X",NULL,"ἰδοὺ","ἰδοὺ","ἰδού","ἰδού"
66,22,07,"V","1PMI-S","ἔρχομαι","ἔρχομαι","ἔρχομαι","ἔρχομαι"
66,22,07,"D",NULL,"ταχύ·","ταχύ","ταχύ","ταχύ"
66,22,07,"A","NSM","μακάριος","μακάριος","μακάριος","μακάριος"
66,22,07,"RA","NSM","ὁ","ὁ","ὁ","ὁ"
66,22,07,"V","PAPNSM","τηρῶν","τηρῶν","τηρῶν","τηρέω"
66,22,07,"RA","APM","τοὺς","τοὺς","τούς","ὁ"
66,22,07,"N","APM","λόγους","λόγους","λόγους","λόγος"
66,22,07,"RA","GSF","τῆς","τῆς","τῆς","ὁ"
66,22,07,"N","GSF","προφητείας","προφητείας","προφητείας","προφητεία"
66,22,07,"RA","GSN","τοῦ","τοῦ","τοῦ","ὁ"
66,22,07,"N","GSN","βιβλίου","βιβλίου","βιβλίου","βιβλίον"
66,22,07,"RD","GSN","τούτου.","τούτου","τούτου","οὗτος"
66,22,08,"RP","NS","Κἀγὼ","Κἀγὼ","κἀγώ","κἀγώ"
66,22,08,"N","NSM","Ἰωάννης","Ἰωάννης","Ἰωάννης","Ἰωάννης"
66,22,08,"RA","NSM","ὁ","ὁ","ὁ","ὁ"
66,22,08,"V","PAPNSM","ἀκούων","ἀκούων","ἀκούων","ἀκούω"
66,22,08,"C",NULL,"καὶ","καὶ","καί","καί"
66,22,08,"V","PAPNSM","βλέπων","βλέπων","βλέπων","βλέπω"
66,22,08,"RD","APN","ταῦτα.","ταῦτα","ταῦτα","οὗτος"
66,22,08,"C",NULL,"καὶ","καὶ","καί","καί"
66,22,08,"C",NULL,"ὅτε","ὅτε","ὅτε","ὅτε"
66,22,08,"V","1AAI-S","ἤκουσα","ἤκουσα","ἤκουσα","ἀκούω"
66,22,08,"C",NULL,"καὶ","καὶ","καί","καί"
66,22,08,"V","1AAI-S","ἔβλεψα,","ἔβλεψα","ἔβλεψα","βλέπω"
66,22,08,"V","1AAI-S","ἔπεσα","ἔπεσα","ἔπεσα","πίπτω"
66,22,08,"V","AAN","προσκυνῆσαι","προσκυνῆσαι","προσκυνῆσαι","προσκυνέω"
66,22,08,"P",NULL,"ἔμπροσθεν","ἔμπροσθεν","ἔμπροσθεν","ἔμπροσθεν"
66,22,08,"RA","GPM","τῶν","τῶν","τῶν","ὁ"
66,22,08,"N","GPM","ποδῶν","ποδῶν","ποδῶν","πούς"
66,22,08,"RA","GSM","τοῦ","τοῦ","τοῦ","ὁ"
66,22,08,"N","GSM","ἀγγέλου","ἀγγέλου","ἀγγέλου","ἄγγελος"
66,22,08,"RA","GSM","τοῦ","τοῦ","τοῦ","ὁ"
66,22,08,"V","PAPGSM","δεικνύοντός","δεικνύοντός","δεικνύοντος","δείκνυμι"
66,22,08,"RP","DS","μοι","μοι","μοι","ἐγώ"
66,22,08,"RD","APN","ταῦτα.","ταῦτα","ταῦτα","οὗτος"
66,22,09,"C",NULL,"καὶ","καὶ","καί","καί"
66,22,09,"V","3PAI-S","λέγει","λέγει","λέγει","λέγω"
66,22,09,"RP","DS","μοι·","μοι","μοι","ἐγώ"
66,22,09,"V","2PAD-S","Ὅρα","Ὅρα","ὅρα","ὁράω"
66,22,09,"D",NULL,"μή·","μή","μή","μή"
66,22,09,"N","NSM","σύνδουλός","σύνδουλός","σύνδουλος","σύνδουλος"
66,22,09,"RP","GS","σού","σού","σου","σύ"
66,22,09,"V","1PAI-S","εἰμι","εἰμι","εἰμί","εἰμί"
66,22,09,"C",NULL,"καὶ","καὶ","καί","καί"
66,22,09,"RA","GPM","τῶν","τῶν","τῶν","ὁ"
66,22,09,"N","GPM","ἀδελφῶν","ἀδελφῶν","ἀδελφῶν","ἀδελφός"
66,22,09,"RP","GS","σου","σου","σου","σύ"
66,22,09,"RA","GPM","τῶν","τῶν","τῶν","ὁ"
66,22,09,"N","GPM","προφητῶν","προφητῶν","προφητῶν","προφήτης"
66,22,09,"C",NULL,"καὶ","καὶ","καί","καί"
66,22,09,"RA","GPM","τῶν","τῶν","τῶν","ὁ"
66,22,09,"V","PAPGPM","τηρούντων","τηρούντων","τηρούντων","τηρέω"
66,22,09,"RA","APM","τοὺς","τοὺς","τούς","ὁ"
66,22,09,"N","APM","λόγους","λόγους","λόγους","λόγος"
66,22,09,"RA","GSN","τοῦ","τοῦ","τοῦ","ὁ"
66,22,09,"N","GSN","βιβλίου","βιβλίου","βιβλίου","βιβλίον"
66,22,09,"RD","GSN","τούτου·","τούτου","τούτου","οὗτος"
66,22,09,"RA","DSM","τῷ","τῷ","τῷ","ὁ"
66,22,09,"N","DSM","θεῷ","θεῷ","θεῷ","θεός"
66,22,09,"V","2AAD-S","προσκύνησον.","προσκύνησον","προσκύνησον","προσκυνέω"
66,22,10,"C",NULL,"Καὶ","Καὶ","καί","καί"
66,22,10,"V","3PAI-S","λέγει","λέγει","λέγει","λέγω"
66,22,10,"RP","DS","μοι·","μοι","μοι","ἐγώ"
66,22,10,"D",NULL,"Μὴ","Μὴ","μή","μή"
66,22,10,"V","2AAS-S","σφραγίσῃς","σφραγίσῃς","σφραγίσῃς","σφραγίζω"
66,22,10,"RA","APM","τοὺς","τοὺς","τούς","ὁ"
66,22,10,"N","APM","λόγους","λόγους","λόγους","λόγος"
66,22,10,"RA","GSF","τῆς","τῆς","τῆς","ὁ"
66,22,10,"N","GSF","προφητείας","προφητείας","προφητείας","προφητεία"
66,22,10,"RA","GSN","τοῦ","τοῦ","τοῦ","ὁ"
66,22,10,"N","GSN","βιβλίου","βιβλίου","βιβλίου","βιβλίον"
66,22,10,"RD","GSN","τούτου,","τούτου","τούτου","οὗτος"
66,22,10,"RA","NSM","ὁ","ὁ","ὁ","ὁ"
66,22,10,"N","NSM","καιρὸς","καιρὸς","καιρός","καιρός"
66,22,10,"C",NULL,"γὰρ","γὰρ","γάρ","γάρ"
66,22,10,"D",NULL,"ἐγγύς","ἐγγύς","ἐγγύς","ἐγγύς"
66,22,10,"V","3PAI-S","ἐστιν.","ἐστιν","ἐστί(ν)","εἰμί"
66,22,11,"RA","NSM","ὁ","ὁ","ὁ","ὁ"
66,22,11,"V","PAPNSM","ἀδικῶν","ἀδικῶν","ἀδικῶν","ἀδικέω"
66,22,11,"V","3AAD-S","ἀδικησάτω","ἀδικησάτω","ἀδικησάτω","ἀδικέω"
66,22,11,"D",NULL,"ἔτι,","ἔτι","ἔτι","ἔτι"
66,22,11,"C",NULL,"καὶ","καὶ","καί","καί"
66,22,11,"RA","NSM","ὁ","ὁ","ὁ","ὁ"
66,22,11,"A","NSM","ῥυπαρὸς","ῥυπαρὸς","ῥυπαρός","ῥυπαρός"
66,22,11,"V","3APD-S","⸀ῥυπαρευθήτω","ῥυπαρευθήτω","ῥυπαρευθήτω","ῥυπαρεύω"
66,22,11,"D",NULL,"ἔτι,","ἔτι","ἔτι","ἔτι"
66,22,11,"C",NULL,"καὶ","καὶ","καί","καί"
66,22,11,"RA","NSM","ὁ","ὁ","ὁ","ὁ"
66,22,11,"A","NSM","δίκαιος","δίκαιος","δίκαιος","δίκαιος"
66,22,11,"N","ASF","δικαιοσύνην","δικαιοσύνην","δικαιοσύνην","δικαιοσύνη"
66,22,11,"V","3AAD-S","ποιησάτω","ποιησάτω","ποιησάτω","ποιέω"
66,22,11,"D",NULL,"ἔτι,","ἔτι","ἔτι","ἔτι"
66,22,11,"C",NULL,"καὶ","καὶ","καί","καί"
66,22,11,"RA","NSM","ὁ","ὁ","ὁ","ὁ"
66,22,11,"A","NSM","ἅγιος","ἅγιος","ἅγιος","ἅγιος"
66,22,11,"V","3APD-S","ἁγιασθήτω","ἁγιασθήτω","ἁγιασθήτω","ἁγιάζω"
66,22,11,"D",NULL,"ἔτι.","ἔτι","ἔτι","ἔτι"
66,22,12,"X",NULL,"Ἰδοὺ","Ἰδοὺ","ἰδού","ἰδού"
66,22,12,"V","1PMI-S","ἔρχομαι","ἔρχομαι","ἔρχομαι","ἔρχομαι"
66,22,12,"A","ASN","ταχύ,","ταχύ","ταχύ","ταχύς"
66,22,12,"C",NULL,"καὶ","καὶ","καί","καί"
66,22,12,"RA","NSM","ὁ","ὁ","ὁ","ὁ"
66,22,12,"N","NSM","μισθός","μισθός","μισθός","μισθός"
66,22,12,"RP","GS","μου","μου","μου","ἐγώ"
66,22,12,"P",NULL,"μετ’","μετ’","μετά","μετά"
66,22,12,"RP","GS","ἐμοῦ,","ἐμοῦ","ἐμοῦ","ἐγώ"
66,22,12,"V","AAN","ἀποδοῦναι","ἀποδοῦναι","ἀποδοῦναι","ἀποδίδωμι"
66,22,12,"A","DSM","ἑκάστῳ","ἑκάστῳ","ἑκάστῳ","ἕκαστος"
66,22,12,"C",NULL,"ὡς","ὡς","ὡς","ὡς"
66,22,12,"RA","NSN","τὸ","τὸ","τό","ὁ"
66,22,12,"N","NSN","ἔργον","ἔργον","ἔργον","ἔργον"
66,22,12,"V","3PAI-S","⸀ἐστὶν","ἐστὶν","ἐστί(ν)","εἰμί"
66,22,12,"RP","GSM","αὐτοῦ.","αὐτοῦ","αὐτοῦ","αὐτός"
66,22,13,"RP","NS","ἐγὼ","ἐγὼ","ἐγώ","ἐγώ"
66,22,13,"RA","NSN","τὸ","τὸ","τό","ὁ"
66,22,13,"N","NSN","Ἄλφα","Ἄλφα","Ἄλφα","Ἄλφα"
66,22,13,"C",NULL,"καὶ","καὶ","καί","καί"
66,22,13,"RA","NSN","τὸ","τὸ","τό","ὁ"
66,22,13,"N","NSN","Ὦ,","Ὦ","Ὦ","Ὦ"
66,22,13,"RA","NSM","ὁ","ὁ","ὁ","ὁ"
66,22,13,"A","NSM","πρῶτος","πρῶτος","πρῶτος","πρῶτος"
66,22,13,"C",NULL,"καὶ","καὶ","καί","καί"
66,22,13,"RA","NSM","ὁ","ὁ","ὁ","ὁ"
66,22,13,"A","NSM","ἔσχατος,","ἔσχατος","ἔσχατος","ἔσχατος"
66,22,13,"RA","NSF","⸀ἡ","ἡ","ἡ","ὁ"
66,22,13,"N","NSF","ἀρχὴ","ἀρχὴ","ἀρχή","ἀρχή"
66,22,13,"C",NULL,"καὶ","καὶ","καί","καί"
66,22,13,"RA","NSN","⸀τὸ","τὸ","τό","ὁ"
66,22,13,"N","NSN","τέλος.","τέλος","τέλος","τέλος"
66,22,14,"A","NPM","Μακάριοι","Μακάριοι","μακάριοι","μακάριος"
66,22,14,"RA","NPM","οἱ","οἱ","οἱ","ὁ"
66,22,14,"V","PAPNPM","⸂πλύνοντες","πλύνοντες","πλύνοντες","πλύνω"
66,22,14,"RA","APF","τὰς","τὰς","τάς","ὁ"
66,22,14,"N","APF","στολὰς","στολὰς","στολάς","στολή"
66,22,14,"RP","GPM","αὐτῶν⸃,","αὐτῶν","αὐτῶν","αὐτός"
66,22,14,"C",NULL,"ἵνα","ἵνα","ἵνα","ἵνα"
66,22,14,"V","3FMI-S","ἔσται","ἔσται","ἔσται","εἰμί"
66,22,14,"RA","NSF","ἡ","ἡ","ἡ","ὁ"
66,22,14,"N","NSF","ἐξουσία","ἐξουσία","ἐξουσία","ἐξουσία"
66,22,14,"RP","GPM","αὐτῶν","αὐτῶν","αὐτῶν","αὐτός"
66,22,14,"P",NULL,"ἐπὶ","ἐπὶ","ἐπί","ἐπί"
66,22,14,"RA","ASN","τὸ","τὸ","τό","ὁ"
66,22,14,"N","ASN","ξύλον","ξύλον","ξύλον","ξύλον"
66,22,14,"RA","GSF","τῆς","τῆς","τῆς","ὁ"
66,22,14,"N","GSF","ζωῆς","ζωῆς","ζωῆς","ζωή"
66,22,14,"C",NULL,"καὶ","καὶ","καί","καί"
66,22,14,"RA","DPM","τοῖς","τοῖς","τοῖς","ὁ"
66,22,14,"N","DPM","πυλῶσιν","πυλῶσιν","πυλῶσι(ν)","πυλών"
66,22,14,"V","3AAS-P","εἰσέλθωσιν","εἰσέλθωσιν","εἰσέλθωσι(ν)","εἰσέρχομαι"
66,22,14,"P",NULL,"εἰς","εἰς","εἰς","εἰς"
66,22,14,"RA","ASF","τὴν","τὴν","τήν","ὁ"
66,22,14,"N","ASF","πόλιν.","πόλιν","πόλιν","πόλις"
66,22,15,"D",NULL,"ἔξω","ἔξω","ἔξω","ἔξω"
66,22,15,"RA","NPM","οἱ","οἱ","οἱ","ὁ"
66,22,15,"N","NPM","κύνες","κύνες","κύνες","κύων"
66,22,15,"C",NULL,"καὶ","καὶ","καί","καί"
66,22,15,"RA","NPM","οἱ","οἱ","οἱ","ὁ"
66,22,15,"N","NPM","φάρμακοι","φάρμακοι","φάρμακοι","φάρμακος"
66,22,15,"C",NULL,"καὶ","καὶ","καί","καί"
66,22,15,"RA","NPM","οἱ","οἱ","οἱ","ὁ"
66,22,15,"N","NPM","πόρνοι","πόρνοι","πόρνοι","πόρνος"
66,22,15,"C",NULL,"καὶ","καὶ","καί","καί"
66,22,15,"RA","NPM","οἱ","οἱ","οἱ","ὁ"
66,22,15,"N","NPM","φονεῖς","φονεῖς","φονεῖς","φονεύς"
66,22,15,"C",NULL,"καὶ","καὶ","καί","καί"
66,22,15,"RA","NPM","οἱ","οἱ","οἱ","ὁ"
66,22,15,"N","NPM","εἰδωλολάτραι","εἰδωλολάτραι","εἰδωλολάτραι","εἰδωλολάτρης"
66,22,15,"C",NULL,"καὶ","καὶ","καί","καί"
66,22,15,"A","NSM","πᾶς","πᾶς","πᾶς","πᾶς"
66,22,15,"V","PAPNSM","φιλῶν","φιλῶν","φιλῶν","φιλέω"
66,22,15,"C",NULL,"καὶ","καὶ","καί","καί"
66,22,15,"V","PAPNSM","ποιῶν","ποιῶν","ποιῶν","ποιέω"
66,22,15,"N","ASN","ψεῦδος.","ψεῦδος","ψεῦδος","ψεῦδος"
66,22,16,"RP","NS","Ἐγὼ","Ἐγὼ","ἐγώ","ἐγώ"
66,22,16,"N","NSM","Ἰησοῦς","Ἰησοῦς","Ἰησοῦς","Ἰησοῦς"
66,22,16,"V","1AAI-S","ἔπεμψα","ἔπεμψα","ἔπεμψα","πέμπω"
66,22,16,"RA","ASM","τὸν","τὸν","τόν","ὁ"
66,22,16,"N","ASM","ἄγγελόν","ἄγγελόν","ἄγγελον","ἄγγελος"
66,22,16,"RP","GS","μου","μου","μου","ἐγώ"
66,22,16,"V","AAN","μαρτυρῆσαι","μαρτυρῆσαι","μαρτυρῆσαι","μαρτυρέω"
66,22,16,"RP","DP","ὑμῖν","ὑμῖν","ὑμῖν","σύ"
66,22,16,"RD","APN","ταῦτα","ταῦτα","ταῦτα","οὗτος"
66,22,16,"P",NULL,"ἐπὶ","ἐπὶ","ἐπί","ἐπί"
66,22,16,"RA","DPF","ταῖς","ταῖς","ταῖς","ὁ"
66,22,16,"N","DPF","ἐκκλησίαις.","ἐκκλησίαις","ἐκκλησίαις","ἐκκλησία"
66,22,16,"RP","NS","ἐγώ","ἐγώ","ἐγώ","ἐγώ"
66,22,16,"V","1PAI-S","εἰμι","εἰμι","εἰμί","εἰμί"
66,22,16,"RA","NSF","ἡ","ἡ","ἡ","ὁ"
66,22,16,"N","NSF","ῥίζα","ῥίζα","ῥίζα","ῥίζα"
66,22,16,"C",NULL,"καὶ","καὶ","καί","καί"
66,22,16,"RA","NSN","τὸ","τὸ","τό","ὁ"
66,22,16,"N","NSN","γένος","γένος","γένος","γένος"
66,22,16,"N","GSM","Δαυίδ,","Δαυίδ","Δαυίδ","Δαυίδ"
66,22,16,"RA","NSM","ὁ","ὁ","ὁ","ὁ"
66,22,16,"N","NSM","ἀστὴρ","ἀστὴρ","ἀστήρ","ἀστήρ"
66,22,16,"RA","NSM","ὁ","ὁ","ὁ","ὁ"
66,22,16,"A","NSM","λαμπρός,","λαμπρός","λαμπρός","λαμπρός"
66,22,16,"RA","NSM","ὁ","ὁ","ὁ","ὁ"
66,22,16,"A","NSM","πρωϊνός.","πρωϊνός","πρωϊνός","πρωϊνός"
66,22,17,"C",NULL,"καὶ","καὶ","καί","καί"
66,22,17,"RA","NSN","τὸ","τὸ","τό","ὁ"
66,22,17,"N","NSN","πνεῦμα","πνεῦμα","πνεῦμα","πνεῦμα"
66,22,17,"C",NULL,"καὶ","καὶ","καί","καί"
66,22,17,"RA","NSF","ἡ","ἡ","ἡ","ὁ"
66,22,17,"N","NSF","νύμφη","νύμφη","νύμφη","νύμφη"
66,22,17,"V","3PAI-P","λέγουσιν·","λέγουσιν","λέγουσι(ν)","λέγω"
66,22,17,"V","2PMD-S","Ἔρχου·","Ἔρχου","ἔρχου","ἔρχομαι"
66,22,17,"C",NULL,"καὶ","καὶ","καί","καί"
66,22,17,"RA","NSM","ὁ","ὁ","ὁ","ὁ"
66,22,17,"V","PAPNSM","ἀκούων","ἀκούων","ἀκούων","ἀκούω"
66,22,17,"V","3AAD-S","εἰπάτω·","εἰπάτω","εἰπάτω","λέγω"
66,22,17,"V","2PMD-S","Ἔρχου·","Ἔρχου","ἔρχου","ἔρχομαι"
66,22,17,"C",NULL,"καὶ","καὶ","καί","καί"
66,22,17,"RA","NSM","ὁ","ὁ","ὁ","ὁ"
66,22,17,"V","PAPNSM","διψῶν","διψῶν","διψῶν","διψάω"
66,22,17,"V","3PMD-S","ἐρχέσθω,","ἐρχέσθω","ἐρχέσθω","ἔρχομαι"
66,22,17,"RA","NSM","ὁ","ὁ","ὁ","ὁ"
66,22,17,"V","PAPNSM","θέλων","θέλων","θέλων","θέλω"
66,22,17,"V","3AAD-S","λαβέτω","λαβέτω","λαβέτω","λαμβάνω"
66,22,17,"N","ASN","ὕδωρ","ὕδωρ","ὕδωρ","ὕδωρ"
66,22,17,"N","GSF","ζωῆς","ζωῆς","ζωῆς","ζωή"
66,22,17,"D",NULL,"δωρεάν.","δωρεάν","δωρεάν","δωρεάν"
66,22,18,"V","1PAI-S","Μαρτυρῶ","Μαρτυρῶ","μαρτυρῶ","μαρτυρέω"
66,22,18,"RP","NS","ἐγὼ","ἐγὼ","ἐγώ","ἐγώ"
66,22,18,"A","DSM","παντὶ","παντὶ","παντί","πᾶς"
66,22,18,"RA","DSM","τῷ","τῷ","τῷ","ὁ"
66,22,18,"V","PAPDSM","ἀκούοντι","ἀκούοντι","ἀκούοντι","ἀκούω"
66,22,18,"RA","APM","τοὺς","τοὺς","τούς","ὁ"
66,22,18,"N","APM","λόγους","λόγους","λόγους","λόγος"
66,22,18,"RA","GSF","τῆς","τῆς","τῆς","ὁ"
66,22,18,"N","GSF","προφητείας","προφητείας","προφητείας","προφητεία"
66,22,18,"RA","GSN","τοῦ","τοῦ","τοῦ","ὁ"
66,22,18,"N","GSN","βιβλίου","βιβλίου","βιβλίου","βιβλίον"
66,22,18,"RD","GSN","τούτου·","τούτου","τούτου","οὗτος"
66,22,18,"C",NULL,"ἐάν","ἐάν","ἐάν","ἐάν"
66,22,18,"RI","NSM","τις","τις","τὶς","τις"
66,22,18,"V","3AAS-S","ἐπιθῇ","ἐπιθῇ","ἐπιθῇ","ἐπιτίθημι"
66,22,18,"P",NULL,"ἐπ’","ἐπ’","ἐπί","ἐπί"
66,22,18,"RP","APN","αὐτά,","αὐτά","αὐτά","αὐτός"
66,22,18,"V","3FAI-S","⸀ἐπιθήσει","ἐπιθήσει","ἐπιθήσει","ἐπιτίθημι"
66,22,18,"RA","NSM","ὁ","ὁ","ὁ","ὁ"
66,22,18,"N","NSM","θεὸς","θεὸς","θεός","θεός"
66,22,18,"P",NULL,"ἐπ’","ἐπ’","ἐπί","ἐπί"
66,22,18,"RP","ASM","αὐτὸν","αὐτὸν","αὐτόν","αὐτός"
66,22,18,"RA","APF","τὰς","τὰς","τάς","ὁ"
66,22,18,"N","APF","πληγὰς","πληγὰς","πληγάς","πληγή"
66,22,18,"RA","APF","τὰς","τὰς","τάς","ὁ"
66,22,18,"V","XPPAPF","γεγραμμένας","γεγραμμένας","γεγραμμένας","γράφω"
66,22,18,"P",NULL,"ἐν","ἐν","ἐν","ἐν"
66,22,18,"RA","DSN","τῷ","τῷ","τῷ","ὁ"
66,22,18,"N","DSN","βιβλίῳ","βιβλίῳ","βιβλίῳ","βιβλίον"
66,22,18,"RD","DSN","τούτῳ·","τούτῳ","τούτῳ","οὗτος"
66,22,19,"C",NULL,"καὶ","καὶ","καί","καί"
66,22,19,"C",NULL,"ἐάν","ἐάν","ἐάν","ἐάν"
66,22,19,"RI","NSM","τις","τις","τὶς","τις"
66,22,19,"V","3AAS-S","ἀφέλῃ","ἀφέλῃ","ἀφέλῃ","ἀφαιρέω"
66,22,19,"P",NULL,"ἀπὸ","ἀπὸ","ἀπό","ἀπό"
66,22,19,"RA","GPM","τῶν","τῶν","τῶν","ὁ"
66,22,19,"N","GPM","λόγων","λόγων","λόγων","λόγος"
66,22,19,"RA","GSN","τοῦ","τοῦ","τοῦ","ὁ"
66,22,19,"N","GSN","βιβλίου","βιβλίου","βιβλίου","βιβλίον"
66,22,19,"RA","GSF","τῆς","τῆς","τῆς","ὁ"
66,22,19,"N","GSF","προφητείας","προφητείας","προφητείας","προφητεία"
66,22,19,"RD","GSF","ταύτης,","ταύτης","ταύτης","οὗτος"
66,22,19,"V","3FAI-S","⸀ἀφελεῖ","ἀφελεῖ","ἀφελεῖ","ἀφαιρέω"
66,22,19,"RA","NSM","ὁ","ὁ","ὁ","ὁ"
66,22,19,"N","NSM","θεὸς","θεὸς","θεός","θεός"
66,22,19,"RA","ASN","τὸ","τὸ","τό","ὁ"
66,22,19,"N","ASN","μέρος","μέρος","μέρος","μέρος"
66,22,19,"RP","GSM","αὐτοῦ","αὐτοῦ","αὐτοῦ","αὐτός"
66,22,19,"P",NULL,"ἀπὸ","ἀπὸ","ἀπό","ἀπό"
66,22,19,"RA","GSN","τοῦ","τοῦ","τοῦ","ὁ"
66,22,19,"N","GSN","ξύλου","ξύλου","ξύλου","ξύλον"
66,22,19,"RA","GSF","τῆς","τῆς","τῆς","ὁ"
66,22,19,"N","GSF","ζωῆς","ζωῆς","ζωῆς","ζωή"
66,22,19,"C",NULL,"καὶ","καὶ","καί","καί"
66,22,19,"P",NULL,"ἐκ","ἐκ","ἐκ","ἐκ"
66,22,19,"RA","GSF","τῆς","τῆς","τῆς","ὁ"
66,22,19,"N","GSF","πόλεως","πόλεως","πόλεως","πόλις"
66,22,19,"RA","GSF","τῆς","τῆς","τῆς","ὁ"
66,22,19,"A","GSF","ἁγίας,","ἁγίας","ἁγίας","ἅγιος"
66,22,19,"RA","GPM","τῶν","τῶν","τῶν","ὁ"
66,22,19,"V","XPPGPM","γεγραμμένων","γεγραμμένων","γεγραμμένων","γράφω"
66,22,19,"P",NULL,"ἐν","ἐν","ἐν","ἐν"
66,22,19,"RA","DSN","τῷ","τῷ","τῷ","ὁ"
66,22,19,"N","DSN","βιβλίῳ","βιβλίῳ","βιβλίῳ","βιβλίον"
66,22,19,"RD","DSN","τούτῳ.","τούτῳ","τούτῳ","οὗτος"
66,22,20,"V","3PAI-S","Λέγει","Λέγει","λέγει","λέγω"
66,22,20,"RA","NSM","ὁ","ὁ","ὁ","ὁ"
66,22,20,"V","PAPNSM","μαρτυρῶν","μαρτυρῶν","μαρτυρῶν","μαρτυρέω"
66,22,20,"RD","APN","ταῦτα·","ταῦτα","ταῦτα","οὗτος"
66,22,20,"X",NULL,"Ναί·","Ναί","ναί","ναί"
66,22,20,"V","1PMI-S","ἔρχομαι","ἔρχομαι","ἔρχομαι","ἔρχομαι"
66,22,20,"D",NULL,"ταχύ.","ταχύ","ταχύ","ταχύ"
66,22,20,"X",NULL,"Ἀμήν·","Ἀμήν","ἀμήν","ἀμήν"
66,22,20,"V","2PMD-S","⸀ἔρχου,","ἔρχου","ἔρχου","ἔρχομαι"
66,22,20,"N","VSM","κύριε","κύριε","κύριε","κύριος"
66,22,20,"N","VSM","Ἰησοῦ.","Ἰησοῦ","Ἰησοῦ","Ἰησοῦς"
66,22,21,"RA","NSF","Ἡ","Ἡ","ἡ","ὁ"
66,22,21,"N","NSF","χάρις","χάρις","χάρις","χάρις"
66,22,21,"RA","GSM","τοῦ","τοῦ","τοῦ","ὁ"
66,22,21,"N","GSM","κυρίου","κυρίου","κυρίου","κύριος"
66,22,21,"N","GSM","⸀Ἰησοῦ","Ἰησοῦ","Ἰησοῦ","Ἰησοῦς"
66,22,21,"P",NULL,"μετὰ","μετὰ","μετά","μετά"
66,22,21,"A","GPM","⸀πάντων.","πάντων","πάντων","πᾶς"